GO.ID	Term	ontology	HOG	change	branch_p	p_raw	topGOresult	Significant	Expected	FoldEnrichment
GO:0006723	cuticle hydrocarbon biosynthetic process	BP	N0.HOG0000101	6	0.00287406	2.9e-05	2.9e-05	2	0.0084722969338354	236.063492063492
GO:0006723	cuticle hydrocarbon biosynthetic process	BP	N0.HOG0000639	2	0.000699837	2.9e-05	2.9e-05	2	0.0084722969338354	236.063492063492
GO:0050911	detection of chemical stimulus involved in sensory perception of smell	BP	N0.HOG0000028	2	0.00774613	0.00045	0.00045	2	0.0320064550833782	62.4873949579832
GO:0050911	detection of chemical stimulus involved in sensory perception of smell	BP	N0.HOG0000158	6	0.00447613	0.00045	0.00045	2	0.0320064550833782	62.4873949579832
GO:0006713	glucocorticoid catabolic process	BP	N0.HOG0000058	3	0.000638988	0.00098	0.00098	1	0.000941366325981711	1062.28571428571
GO:0019373	epoxygenase P450 pathway	BP	N0.HOG0000101	6	0.00287406	0.00098	0.00098	1	0.000941366325981711	1062.28571428571
GO:0018904	ether metabolic process	BP	N0.HOG0000101	6	0.00287406	0.00168	0.00168	2	0.0122377622377622	163.428571428571
GO:0018904	ether metabolic process	BP	N0.HOG0000639	2	0.000699837	0.00168	0.00168	2	0.0122377622377622	163.428571428571
GO:0043456	regulation of pentose-phosphate shunt	BP	N0.HOG0000058	3	0.000638988	0.00195	0.00195	1	0.00188273265196342	531.142857142857
GO:0046222	aflatoxin metabolic process	BP	N0.HOG0000101	6	0.00287406	0.00195	0.00195	1	0.00188273265196342	531.142857142857
GO:0032100	positive regulation of appetite	BP	N0.HOG0000639	2	0.000699837	0.00293	0.00293	1	0.00282409897794513	354.095238095238
GO:1902321	methyl-branched fatty acid biosynthetic process	BP	N0.HOG0000639	2	0.000699837	0.00293	0.00293	1	0.00282409897794513	354.095238095238
GO:1990616	magnesium ion export from mitochondrion	BP	N0.HOG0000058	3	0.000638988	0.00293	0.00293	1	0.00282409897794513	354.095238095238
GO:0002003	angiotensin maturation	BP	N0.HOG0000299	2	0.000699837	0.0039	0.0039	1	0.00376546530392684	265.571428571429
GO:0010961	intracellular magnesium ion homeostasis	BP	N0.HOG0000058	3	0.000638988	0.0039	0.0039	1	0.00376546530392684	265.571428571429
GO:1902603	carnitine transmembrane transport	BP	N0.HOG0000058	3	0.000638988	0.0039	0.0039	1	0.00376546530392684	265.571428571429
GO:1902616	O-acyl-L-carnitine transmembrane transport	BP	N0.HOG0000058	3	0.000638988	0.0039	0.0039	1	0.00376546530392684	265.571428571429
GO:0019233	sensory perception of pain	BP	N0.HOG0000028	2	0.00774613	0.00426	0.00426	2	0.0988434642280796	20.2340136054422
GO:0019233	sensory perception of pain	BP	N0.HOG0000101	6	0.00287406	0.00426	0.00426	2	0.0988434642280796	20.2340136054422
GO:0006718	juvenile hormone biosynthetic process	BP	N0.HOG0000058	3	0.000638988	0.00488	0.00488	1	0.00470683162990855	212.457142857143
GO:0010430	fatty acid omega-oxidation	BP	N0.HOG0000101	6	0.00287406	0.00488	0.00488	1	0.00470683162990855	212.457142857143
GO:0030223	neutrophil differentiation	BP	N0.HOG0000639	2	0.000699837	0.00585	0.00585	1	0.00564819795589026	177.047619047619
GO:0006704	glucocorticoid biosynthetic process	BP	N0.HOG0000058	3	0.000638988	0.00682	0.00682	1	0.00658956428187198	151.755102040816
GO:0006853	carnitine shuttle	BP	N0.HOG0000058	3	0.000638988	0.00682	0.00682	1	0.00658956428187198	151.755102040816
GO:0008611	ether lipid biosynthetic process	BP	N0.HOG0000639	2	0.000699837	0.0078	0.0078	1	0.00753093060785368	132.785714285714
GO:0040022	feminization of hermaphroditic germ-line	BP	N0.HOG0000028	2	0.00774613	0.0078	0.0078	1	0.00753093060785368	132.785714285714
GO:0071329	cellular response to sucrose stimulus	BP	N0.HOG0000639	2	0.000699837	0.00877	0.00877	1	0.0084722969338354	118.031746031746
GO:0016125	sterol metabolic process	BP	N0.HOG0000101	6	0.00287406	0.00929	0.00929	2	0.0922538999462076	21.6793002915452
GO:0016125	sterol metabolic process	BP	N0.HOG0000639	2	0.000699837	0.00929	0.00929	2	0.0922538999462076	21.6793002915452
GO:0006121	mitochondrial electron transport, succinate to ubiquinone	BP	N0.HOG0000158	6	0.00447613	0.00974	0.00974	1	0.00941366325981711	106.228571428571
GO:0090557	establishment of endothelial intestinal barrier	BP	N0.HOG0000639	2	0.000699837	0.0107	0.0107	1	0.0103550295857988	96.5714285714286
GO:0006089	lactate metabolic process	BP	N0.HOG0000639	2	0.000699837	0.01264	0.01264	1	0.0122377622377622	81.7142857142857
GO:0006105	succinate metabolic process	BP	N0.HOG0000158	6	0.00447613	0.01361	0.01361	1	0.013179128563744	75.8775510204082
GO:0006825	copper ion transport	BP	N0.HOG0000028	2	0.00774613	0.01361	0.01361	1	0.013179128563744	75.8775510204082
GO:0016063	rhodopsin biosynthetic process	BP	N0.HOG0000058	3	0.000638988	0.01457	0.01457	1	0.0141204948897257	70.8190476190476
GO:0030224	monocyte differentiation	BP	N0.HOG0000639	2	0.000699837	0.0165	0.0165	1	0.0160032275416891	62.4873949579832
GO:0042447	hormone catabolic process	BP	N0.HOG0000058	3	0.000638988	0.0165	0.0165	1	0.0160032275416891	62.4873949579832
GO:0043455	regulation of secondary metabolic process	BP	N0.HOG0000058	3	0.000638988	0.0165	0.0165	1	0.0160032275416891	62.4873949579832
GO:1901568	fatty acid derivative metabolic process	BP	N0.HOG0000101	6	0.00287406	0.01842	0.01842	2	0.0677783754706832	29.5079365079365
GO:1901568	fatty acid derivative metabolic process	BP	N0.HOG0000639	2	0.000699837	0.01842	0.01842	2	0.0677783754706832	29.5079365079365
GO:0035002	liquid clearance, open tracheal system	BP	N0.HOG0000058	3	0.000638988	0.01843	0.01843	1	0.0178859601936525	55.9097744360902
GO:0043171	peptide catabolic process	BP	N0.HOG0000299	2	0.000699837	0.01843	0.01843	1	0.0178859601936525	55.9097744360902
GO:0072488	ammonium transmembrane transport	BP	N0.HOG0000058	3	0.000638988	0.01843	0.01843	1	0.0178859601936525	55.9097744360902
GO:0071392	cellular response to estradiol stimulus	BP	N0.HOG0000058	3	0.000638988	0.01939	0.01939	1	0.0188273265196342	53.1142857142857
GO:0006491	N-glycan processing	BP	N0.HOG0000158	6	0.00447613	0.02131	0.02131	1	0.0207100591715976	48.2857142857143
GO:0046949	fatty-acyl-CoA biosynthetic process	BP	N0.HOG0000639	2	0.000699837	0.02131	0.02131	1	0.0207100591715976	48.2857142857143
GO:0071353	cellular response to interleukin-4	BP	N0.HOG0000639	2	0.000699837	0.02131	0.02131	1	0.0207100591715976	48.2857142857143
GO:0040038	polar body extrusion after meiotic divisions	BP	N0.HOG0000101	6	0.00287406	0.02227	0.02227	1	0.0216514254975793	46.1863354037267
GO:0055070	copper ion homeostasis	BP	N0.HOG0000028	2	0.00774613	0.02227	0.02227	1	0.0216514254975793	46.1863354037267
GO:0006084	acetyl-CoA metabolic process	BP	N0.HOG0000639	2	0.000699837	0.02419	0.02419	1	0.0235341581495428	42.4914285714286
GO:0033227	dsRNA transport	BP	N0.HOG0000299	2	0.000699837	0.0261	0.0261	1	0.0254168908015062	39.3439153439154
GO:0001523	retinoid metabolic process	BP	N0.HOG0000101	6	0.00287406	0.02706	0.02706	1	0.0263582571274879	37.9387755102041
GO:0019432	triglyceride biosynthetic process	BP	N0.HOG0000639	2	0.000699837	0.02896	0.02896	1	0.0282409897794513	35.4095238095238
GO:0006369	termination of RNA polymerase II transcription	BP	N0.HOG0000101	6	0.00287406	0.03087	0.03087	1	0.0301237224314147	33.1964285714286
GO:0045540	regulation of cholesterol biosynthetic process	BP	N0.HOG0000639	2	0.000699837	0.03182	0.03182	1	0.0310650887573965	32.1904761904762
GO:0008610	lipid biosynthetic process	BP	N0.HOG0000058	3	0.000638988	0.0321	0.0321	3	0.414201183431953	7.24285714285714
GO:0008610	lipid biosynthetic process	BP	N0.HOG0000101	6	0.00287406	0.0321	0.0321	3	0.414201183431953	7.24285714285714
GO:0008610	lipid biosynthetic process	BP	N0.HOG0000639	2	0.000699837	0.0321	0.0321	3	0.414201183431953	7.24285714285714
GO:0046688	response to copper ion	BP	N0.HOG0000028	2	0.00774613	0.03467	0.03467	1	0.0338891877353416	29.5079365079365
GO:0000398	mRNA splicing, via spliceosome	BP	N0.HOG0000028	2	0.00774613	0.03726	0.03726	2	0.306885422270038	6.5170902716915
GO:0000398	mRNA splicing, via spliceosome	BP	N0.HOG0000101	6	0.00287406	0.03726	0.03726	2	0.306885422270038	6.5170902716915
GO:0007608	sensory perception of smell	BP	N0.HOG0000028	2	0.00774613	0.03731	0.03731	3	0.0828402366863906	36.2142857142857
GO:0007608	sensory perception of smell	BP	N0.HOG0000058	3	0.000638988	0.03731	0.03731	3	0.0828402366863906	36.2142857142857
GO:0007608	sensory perception of smell	BP	N0.HOG0000158	6	0.00447613	0.03731	0.03731	3	0.0828402366863906	36.2142857142857
GO:0034030	ribonucleoside bisphosphate biosynthetic process	BP	N0.HOG0000639	2	0.000699837	0.03846	0.03846	1	0.0376546530392684	26.5571428571429
GO:0034033	purine nucleoside bisphosphate biosynthetic process	BP	N0.HOG0000639	2	0.000699837	0.03846	0.03846	1	0.0376546530392684	26.5571428571429
GO:0032835	glomerulus development	BP	N0.HOG0000299	2	0.000699837	0.0394	0.0394	1	0.0385960193652501	25.9094076655052
GO:0006099	tricarboxylic acid cycle	BP	N0.HOG0000158	6	0.00447613	0.04035	0.04035	1	0.0395373856912318	25.2925170068027
GO:0006301	postreplication repair	BP	N0.HOG0000101	6	0.00287406	0.04129	0.04129	1	0.0404787520172136	24.7043189368771
GO:0035010	encapsulation of foreign target	BP	N0.HOG0000158	6	0.00447613	0.04129	0.04129	1	0.0404787520172136	24.7043189368771
GO:0003382	epithelial cell morphogenesis	BP	N0.HOG0000058	3	0.000638988	0.04223	0.04223	1	0.0414201183431953	24.1428571428571
GO:0006334	nucleosome assembly	BP	N0.HOG0000103	2	0.000699837	0.04223	0.04223	1	0.0414201183431953	24.1428571428571
GO:0006101	citrate metabolic process	BP	N0.HOG0000158	6	0.00447613	0.04317	0.04317	1	0.042361484669177	23.6063492063492
GO:0010172	embryonic body morphogenesis	BP	N0.HOG0000028	2	0.00774613	0.04317	0.04317	1	0.042361484669177	23.6063492063492
GO:0005977	glycogen metabolic process	BP	N0.HOG0000639	2	0.000699837	0.06092	0.06092	1	0.0602474448628295	16.5982142857143
GO:0050830	defense response to Gram-positive bacterium	BP	N0.HOG0000101	6	0.00287406	0.07198	0.07198	1	0.07154384077461	13.9774436090226
GO:0016999	antibiotic metabolic process	BP	N0.HOG0000158	6	0.00447613	0.07747	0.07747	1	0.0771920387305003	12.9547038327526
GO:0030879	mammary gland development	BP	N0.HOG0000639	2	0.000699837	0.07838	0.07838	1	0.078133405056482	12.7986230636833
GO:0051291	protein heterooligomerization	BP	N0.HOG0000028	2	0.00774613	0.07838	0.07838	1	0.078133405056482	12.7986230636833
GO:0031124	mRNA 3'-end processing	BP	N0.HOG0000101	6	0.00287406	0.09016	0.09016	1	0.0903711672942442	11.0654761904762
GO:0072347	response to anesthetic	BP	N0.HOG0000158	6	0.00447613	0.09196	0.09196	1	0.0922538999462076	10.8396501457726
GO:0051262	protein tetramerization	BP	N0.HOG0000028	2	0.00774613	0.09286	0.09286	1	0.0931952662721894	10.7301587301587
GO:0006406	mRNA export from nucleus	BP	N0.HOG0000101	6	0.00287406	0.09556	0.09556	1	0.0960193652501345	10.4145658263305
GO:0030703	eggshell formation	BP	N0.HOG0000101	6	0.00287406	0.10093	0.10093	1	0.101667563206025	9.83597883597884
GO:0030431	sleep	BP	N0.HOG0000101	6	0.00287406	0.10449	0.10449	1	0.105433028509952	9.48469387755102
GO:0040025	vulval development	BP	N0.HOG0000028	2	0.00774613	0.10716	0.10716	1	0.108257127487897	9.23726708074534
GO:0071166	ribonucleoprotein complex localization	BP	N0.HOG0000101	6	0.00287406	0.11158	0.11158	1	0.112963959117805	8.85238095238095
GO:0042048	olfactory behavior	BP	N0.HOG0000158	6	0.00447613	0.11687	0.11687	1	0.118612157073696	8.43083900226757
GO:0007275	multicellular organism development	BP	N0.HOG0000028	2	0.00774613	0.1218	0.1218	6	3.44540075309306	1.74145199063232
GO:0007275	multicellular organism development	BP	N0.HOG0000058	3	0.000638988	0.1218	0.1218	6	3.44540075309306	1.74145199063232
GO:0007275	multicellular organism development	BP	N0.HOG0000101	6	0.00287406	0.1218	0.1218	6	3.44540075309306	1.74145199063232
GO:0007275	multicellular organism development	BP	N0.HOG0000158	6	0.00447613	0.1218	0.1218	6	3.44540075309306	1.74145199063232
GO:0007275	multicellular organism development	BP	N0.HOG0000299	2	0.000699837	0.1218	0.1218	6	3.44540075309306	1.74145199063232
GO:0007275	multicellular organism development	BP	N0.HOG0000639	2	0.000699837	0.1218	0.1218	6	3.44540075309306	1.74145199063232
GO:0018991	egg-laying behavior	BP	N0.HOG0000028	2	0.00774613	0.12736	0.12736	1	0.129908552985476	7.69772256728778
GO:0042180	ketone metabolic process	BP	N0.HOG0000101	6	0.00287406	0.13516	0.13516	1	0.138380849919311	7.22643343051506
GO:0045814	negative regulation of gene expression, epigenetic	BP	N0.HOG0000103	2	0.000699837	0.1429	0.1429	1	0.146853146853147	6.80952380952381
GO:0006611	protein export from nucleus	BP	N0.HOG0000101	6	0.00287406	0.14717	0.14717	1	0.151559978483055	6.5980479148181
GO:0008356	asymmetric cell division	BP	N0.HOG0000101	6	0.00287406	0.14803	0.14803	1	0.152501344809037	6.55731922398589
GO:0009152	purine ribonucleotide biosynthetic process	BP	N0.HOG0000639	2	0.000699837	0.14803	0.14803	1	0.152501344809037	6.55731922398589
GO:0007618	mating	BP	N0.HOG0000101	6	0.00287406	0.1582	0.1582	1	0.163797740720818	6.10509031198686
GO:0007281	germ cell development	BP	N0.HOG0000028	2	0.00774613	0.16763	0.16763	2	0.859467455621302	2.32702237521515
GO:0007281	germ cell development	BP	N0.HOG0000101	6	0.00287406	0.16763	0.16763	2	0.859467455621302	2.32702237521515
GO:0009167	purine ribonucleoside monophosphate metabolic process	BP	N0.HOG0000158	6	0.00447613	0.1691	0.1691	1	0.17603550295858	5.68067226890756
GO:0046034	ATP metabolic process	BP	N0.HOG0000158	6	0.00447613	0.18071	0.18071	1	0.189214631522324	5.28500355366027
GO:0071103	DNA conformation change	BP	N0.HOG0000103	2	0.000699837	0.18071	0.18071	1	0.189214631522324	5.28500355366027
GO:0098656	monoatomic anion transmembrane transport	BP	N0.HOG0000058	3	0.000638988	0.18071	0.18071	1	0.189214631522324	5.28500355366027
GO:0001525	angiogenesis	BP	N0.HOG0000299	2	0.000699837	0.18646	0.18646	1	0.195804195804196	5.10714285714286
GO:0031503	protein-containing complex localization	BP	N0.HOG0000101	6	0.00287406	0.20351	0.20351	1	0.215572888649812	4.63880224578915
GO:0035264	multicellular organism growth	BP	N0.HOG0000028	2	0.00774613	0.2147	0.2147	1	0.228752017213556	4.37154614932393
GO:0001655	urogenital system development	BP	N0.HOG0000299	2	0.000699837	0.24287	0.24287	1	0.262641204948897	3.80747567844342
GO:0032103	positive regulation of response to external stimulus	BP	N0.HOG0000639	2	0.000699837	0.24287	0.24287	1	0.262641204948897	3.80747567844342
GO:0008340	determination of adult lifespan	BP	N0.HOG0000158	6	0.00447613	0.27686	0.27686	1	0.305002689618074	3.27865961199295
GO:0031667	response to nutrient levels	BP	N0.HOG0000058	3	0.000638988	0.29752	0.29752	2	0.420790747713825	4.75295621604346
GO:0031667	response to nutrient levels	BP	N0.HOG0000639	2	0.000699837	0.29752	0.29752	2	0.420790747713825	4.75295621604346
GO:0048534	hematopoietic or lymphoid organ development	BP	N0.HOG0000639	2	0.000699837	0.36184	0.36184	1	0.418908015061861	2.38715890850722
GO:0007283	spermatogenesis	BP	N0.HOG0000101	6	0.00287406	0.38282	0.38282	1	0.449031737493276	2.22701407607068
GO:0060255	regulation of macromolecule metabolic process	BP	N0.HOG0000058	3	0.000638988	0.38647	0.38647	2	2.87869822485207	0.694758478931141
GO:0060255	regulation of macromolecule metabolic process	BP	N0.HOG0000103	2	0.000699837	0.38647	0.38647	2	2.87869822485207	0.694758478931141
GO:0032870	cellular response to hormone stimulus	BP	N0.HOG0000058	3	0.000638988	0.40196	0.40196	1	0.477272727272727	2.0952380952381
GO:0048598	embryonic morphogenesis	BP	N0.HOG0000028	2	0.00774613	0.42238	0.42238	2	0.627891339429801	3.18526451060184
GO:0048598	embryonic morphogenesis	BP	N0.HOG0000101	6	0.00287406	0.42238	0.42238	2	0.627891339429801	3.18526451060184
GO:0009605	response to external stimulus	BP	N0.HOG0000058	3	0.000638988	0.48938	0.48938	3	1.61161915008069	1.86148197596796
GO:0009605	response to external stimulus	BP	N0.HOG0000101	6	0.00287406	0.48938	0.48938	3	1.61161915008069	1.86148197596796
GO:0009605	response to external stimulus	BP	N0.HOG0000639	2	0.000699837	0.48938	0.48938	3	1.61161915008069	1.86148197596796
GO:0051674	localization of cell	BP	N0.HOG0000299	2	0.000699837	0.51491	0.51491	1	0.661780527165143	1.5110749847592
GO:0045892	negative regulation of DNA-templated transcription	BP	N0.HOG0000103	2	0.000699837	0.55251	0.55251	1	0.731441635287789	1.3671630814488
GO:0016477	cell migration	BP	N0.HOG0000299	2	0.000699837	0.58253	0.58253	1	0.790747713824637	1.26462585034014
GO:0007267	cell-cell signaling	BP	N0.HOG0000299	2	0.000699837	0.58667	0.58667	1	0.799220010758472	1.25121992259801
GO:0032989	cellular anatomical entity morphogenesis	BP	N0.HOG0000058	3	0.000638988	0.64874	0.64874	1	0.93571812802582	1.06869790169589
GO:0015833	peptide transport	BP	N0.HOG0000101	6	0.00287406	0.67348	0.67348	1	0.99596557288865	1.00405076964623
GO:0044703	multi-organism reproductive process	BP	N0.HOG0000028	2	0.00774613	0.68938	0.68938	2	1.32826788596019	1.50572036043333
GO:0044703	multi-organism reproductive process	BP	N0.HOG0000101	6	0.00287406	0.68938	0.68938	2	1.32826788596019	1.50572036043333
GO:0016310	phosphorylation	BP	N0.HOG0000158	6	0.00447613	0.71185	0.71185	1	1.09763313609467	0.911051212938005
GO:0008283	cell population proliferation	BP	N0.HOG0000299	2	0.000699837	0.72601	0.72601	1	1.13811188811189	0.878648233486943
GO:0065008	regulation of biological quality	BP	N0.HOG0000028	2	0.00774613	0.75639	0.75639	4	2.25927918235611	1.77047619047619
GO:0065008	regulation of biological quality	BP	N0.HOG0000058	3	0.000638988	0.75639	0.75639	4	2.25927918235611	1.77047619047619
GO:0065008	regulation of biological quality	BP	N0.HOG0000299	2	0.000699837	0.75639	0.75639	4	2.25927918235611	1.77047619047619
GO:0065008	regulation of biological quality	BP	N0.HOG0000639	2	0.000699837	0.75639	0.75639	4	2.25927918235611	1.77047619047619
GO:0048731	system development	BP	N0.HOG0000028	2	0.00774613	0.76227	0.76227	4	2.85516406670253	1.40097027930856
GO:0048731	system development	BP	N0.HOG0000058	3	0.000638988	0.76227	0.76227	4	2.85516406670253	1.40097027930856
GO:0048731	system development	BP	N0.HOG0000299	2	0.000699837	0.76227	0.76227	4	2.85516406670253	1.40097027930856
GO:0048731	system development	BP	N0.HOG0000639	2	0.000699837	0.76227	0.76227	4	2.85516406670253	1.40097027930856
GO:0040011	locomotion	BP	N0.HOG0000299	2	0.000699837	0.78168	0.78168	1	1.31697149004841	0.759317880118452
GO:0007165	signal transduction	BP	N0.HOG0000028	2	0.00774613	0.79044	0.79044	2	2.45884884346423	0.8133887551958
GO:0007165	signal transduction	BP	N0.HOG0000158	6	0.00447613	0.79044	0.79044	2	2.45884884346423	0.8133887551958
GO:0009893	positive regulation of metabolic process	BP	N0.HOG0000639	2	0.000699837	0.90582	0.90582	1	1.93074233458849	0.51793550184579
GO:0000041	transition metal ion transport	BP	N0.HOG0000028	2	0.00774613	1	1	1	0.0668370091447015	14.9617706237425
GO:0000280	nuclear division	BP	N0.HOG0000101	6	0.00287406	1	1	1	0.474448628294782	2.10770975056689
GO:0000375	RNA splicing, via transesterification reactions	BP	N0.HOG0000028	2	0.00774613	1	1	2	0.308768154922001	6.47735191637631
GO:0000375	RNA splicing, via transesterification reactions	BP	N0.HOG0000101	6	0.00287406	1	1	2	0.308768154922001	6.47735191637631
GO:0000377	RNA splicing, via transesterification reactions with bulged adenosine as nucleophile	BP	N0.HOG0000028	2	0.00774613	1	1	2	0.306885422270038	6.5170902716915
GO:0000377	RNA splicing, via transesterification reactions with bulged adenosine as nucleophile	BP	N0.HOG0000101	6	0.00287406	1	1	2	0.306885422270038	6.5170902716915
GO:0000902	cell morphogenesis	BP	N0.HOG0000058	3	0.000638988	1	1	1	0.9573695535234	1.04452872594466
GO:0000910	cytokinesis	BP	N0.HOG0000101	6	0.00287406	1	1	1	0.191097364174287	5.2329345531316
GO:0001568	blood vessel development	BP	N0.HOG0000299	2	0.000699837	1	1	1	0.305002689618074	3.27865961199295
GO:0001676	long-chain fatty acid metabolic process	BP	N0.HOG0000101	6	0.00287406	1	1	1	0.042361484669177	23.6063492063492
GO:0001822	kidney development	BP	N0.HOG0000299	2	0.000699837	1	1	1	0.172270037654653	5.8048399687744
GO:0001885	endothelial cell development	BP	N0.HOG0000639	2	0.000699837	1	1	1	0.0348305540613233	28.7104247104247
GO:0001944	vasculature development	BP	N0.HOG0000299	2	0.000699837	1	1	1	0.328536847767617	3.04379860826852
GO:0001990	regulation of systemic arterial blood pressure by hormone	BP	N0.HOG0000299	2	0.000699837	1	1	1	0.0160032275416891	62.4873949579832
GO:0001991	regulation of systemic arterial blood pressure by circulatory renin-angiotensin	BP	N0.HOG0000299	2	0.000699837	1	1	1	0.00470683162990855	212.457142857143
GO:0002002	regulation of angiotensin levels in blood	BP	N0.HOG0000299	2	0.000699837	1	1	1	0.00470683162990855	212.457142857143
GO:0002064	epithelial cell development	BP	N0.HOG0000058	3	0.000638988	1	1	2	0.43491124260355	4.59863945578231
GO:0002064	epithelial cell development	BP	N0.HOG0000639	2	0.000699837	1	1	2	0.43491124260355	4.59863945578231
GO:0002119	nematode larval development	BP	N0.HOG0000028	2	0.00774613	1	1	1	0.303119956966111	3.29902395740905
GO:0002164	larval development	BP	N0.HOG0000028	2	0.00774613	1	1	1	0.435852608929532	2.29435359456958
GO:0002252	immune effector process	BP	N0.HOG0000158	6	0.00447613	1	1	1	0.499865519096288	2.00053806833468
GO:0002376	immune system process	BP	N0.HOG0000158	6	0.00447613	1	1	2	1.25201721355568	1.59742212674544
GO:0002376	immune system process	BP	N0.HOG0000639	2	0.000699837	1	1	2	1.25201721355568	1.59742212674544
GO:0002520	immune system development	BP	N0.HOG0000639	2	0.000699837	1	1	1	0.447149004841313	2.23639097744361
GO:0002521	leukocyte differentiation	BP	N0.HOG0000639	2	0.000699837	1	1	1	0.211807423345885	4.72126984126984
GO:0002573	myeloid leukocyte differentiation	BP	N0.HOG0000639	2	0.000699837	1	1	1	0.0960193652501345	10.4145658263305
GO:0003006	developmental process involved in reproduction	BP	N0.HOG0000028	2	0.00774613	1	1	2	1.28778913394298	1.5530492898914
GO:0003006	developmental process involved in reproduction	BP	N0.HOG0000101	6	0.00287406	1	1	2	1.28778913394298	1.5530492898914
GO:0003008	system process	BP	N0.HOG0000028	2	0.00774613	1	1	5	1.12775685852609	4.43357977581684
GO:0003008	system process	BP	N0.HOG0000058	3	0.000638988	1	1	5	1.12775685852609	4.43357977581684
GO:0003008	system process	BP	N0.HOG0000101	6	0.00287406	1	1	5	1.12775685852609	4.43357977581684
GO:0003008	system process	BP	N0.HOG0000158	6	0.00447613	1	1	5	1.12775685852609	4.43357977581684
GO:0003008	system process	BP	N0.HOG0000299	2	0.000699837	1	1	5	1.12775685852609	4.43357977581684
GO:0003013	circulatory system process	BP	N0.HOG0000299	2	0.000699837	1	1	1	0.233458848843464	4.28341013824885
GO:0003044	regulation of systemic arterial blood pressure mediated by a chemical signal	BP	N0.HOG0000299	2	0.000699837	1	1	1	0.0169445938676708	59.015873015873
GO:0003073	regulation of systemic arterial blood pressure	BP	N0.HOG0000299	2	0.000699837	1	1	1	0.0385960193652501	25.9094076655052
GO:0003081	regulation of systemic arterial blood pressure by renin-angiotensin	BP	N0.HOG0000299	2	0.000699837	1	1	1	0.0103550295857988	96.5714285714286
GO:0003158	endothelium development	BP	N0.HOG0000639	2	0.000699837	1	1	1	0.0743679397525551	13.4466546112116
GO:0005975	carbohydrate metabolic process	BP	N0.HOG0000058	3	0.000638988	1	1	2	0.306885422270038	6.5170902716915
GO:0005975	carbohydrate metabolic process	BP	N0.HOG0000639	2	0.000699837	1	1	2	0.306885422270038	6.5170902716915
GO:0005976	polysaccharide metabolic process	BP	N0.HOG0000639	2	0.000699837	1	1	1	0.0753093060785369	13.2785714285714
GO:0006066	alcohol metabolic process	BP	N0.HOG0000639	2	0.000699837	1	1	1	0.191097364174287	5.2329345531316
GO:0006082	organic acid metabolic process	BP	N0.HOG0000101	6	0.00287406	1	1	3	0.57235072619688	5.24154135338346
GO:0006082	organic acid metabolic process	BP	N0.HOG0000158	6	0.00447613	1	1	3	0.57235072619688	5.24154135338346
GO:0006082	organic acid metabolic process	BP	N0.HOG0000639	2	0.000699837	1	1	3	0.57235072619688	5.24154135338346
GO:0006091	generation of precursor metabolites and energy	BP	N0.HOG0000058	3	0.000638988	1	1	3	0.332302313071544	9.02792391744233
GO:0006091	generation of precursor metabolites and energy	BP	N0.HOG0000158	6	0.00447613	1	1	3	0.332302313071544	9.02792391744233
GO:0006091	generation of precursor metabolites and energy	BP	N0.HOG0000639	2	0.000699837	1	1	3	0.332302313071544	9.02792391744233
GO:0006098	pentose-phosphate shunt	BP	N0.HOG0000058	3	0.000638988	1	1	1	0.0112963959117805	88.5238095238095
GO:0006109	regulation of carbohydrate metabolic process	BP	N0.HOG0000058	3	0.000638988	1	1	1	0.111081226465842	9.00242130750605
GO:0006112	energy reserve metabolic process	BP	N0.HOG0000639	2	0.000699837	1	1	1	0.0621301775147929	16.0952380952381
GO:0006119	oxidative phosphorylation	BP	N0.HOG0000158	6	0.00447613	1	1	1	0.111081226465842	9.00242130750605
GO:0006139	nucleobase-containing compound metabolic process	BP	N0.HOG0000028	2	0.00774613	1	1	6	2.9803657880581	2.0131757061637
GO:0006139	nucleobase-containing compound metabolic process	BP	N0.HOG0000058	3	0.000638988	1	1	6	2.9803657880581	2.0131757061637
GO:0006139	nucleobase-containing compound metabolic process	BP	N0.HOG0000101	6	0.00287406	1	1	6	2.9803657880581	2.0131757061637
GO:0006139	nucleobase-containing compound metabolic process	BP	N0.HOG0000103	2	0.000699837	1	1	6	2.9803657880581	2.0131757061637
GO:0006139	nucleobase-containing compound metabolic process	BP	N0.HOG0000158	6	0.00447613	1	1	6	2.9803657880581	2.0131757061637
GO:0006139	nucleobase-containing compound metabolic process	BP	N0.HOG0000639	2	0.000699837	1	1	6	2.9803657880581	2.0131757061637
GO:0006140	regulation of nucleotide metabolic process	BP	N0.HOG0000058	3	0.000638988	1	1	1	0.0687197417966649	14.5518590998043
GO:0006163	purine nucleotide metabolic process	BP	N0.HOG0000058	3	0.000638988	1	1	3	0.383136094674556	7.83011583011583
GO:0006163	purine nucleotide metabolic process	BP	N0.HOG0000158	6	0.00447613	1	1	3	0.383136094674556	7.83011583011583
GO:0006163	purine nucleotide metabolic process	BP	N0.HOG0000639	2	0.000699837	1	1	3	0.383136094674556	7.83011583011583
GO:0006164	purine nucleotide biosynthetic process	BP	N0.HOG0000639	2	0.000699837	1	1	1	0.169445938676708	5.9015873015873
GO:0006259	DNA metabolic process	BP	N0.HOG0000101	6	0.00287406	1	1	1	0.656132329209252	1.52408280385325
GO:0006281	DNA repair	BP	N0.HOG0000101	6	0.00287406	1	1	1	0.353012372243142	2.8327619047619
GO:0006325	chromatin organization	BP	N0.HOG0000103	2	0.000699837	1	1	1	0.627891339429801	1.59263225530092
GO:0006338	chromatin remodeling	BP	N0.HOG0000103	2	0.000699837	1	1	1	0.380311995696611	2.62942008486563
GO:0006351	DNA-templated transcription	BP	N0.HOG0000101	6	0.00287406	1	1	2	1.70481441635288	1.17314822118798
GO:0006351	DNA-templated transcription	BP	N0.HOG0000103	2	0.000699837	1	1	2	1.70481441635288	1.17314822118798
GO:0006353	DNA-templated transcription termination	BP	N0.HOG0000101	6	0.00287406	1	1	1	0.0583647122108661	17.1336405529954
GO:0006355	regulation of DNA-templated transcription	BP	N0.HOG0000103	2	0.000699837	1	1	1	1.58055406132329	0.632689526078448
GO:0006366	transcription by RNA polymerase II	BP	N0.HOG0000101	6	0.00287406	1	1	1	1.32356105433029	0.755537492379598
GO:0006396	RNA processing	BP	N0.HOG0000028	2	0.00774613	1	1	2	0.720145239376009	2.77721755368814
GO:0006396	RNA processing	BP	N0.HOG0000101	6	0.00287406	1	1	2	0.720145239376009	2.77721755368814
GO:0006397	mRNA processing	BP	N0.HOG0000028	2	0.00774613	1	1	2	0.38501882732652	5.19455117010129
GO:0006397	mRNA processing	BP	N0.HOG0000101	6	0.00287406	1	1	2	0.38501882732652	5.19455117010129
GO:0006403	RNA localization	BP	N0.HOG0000101	6	0.00287406	1	1	2	0.259817105970952	7.69772256728778
GO:0006403	RNA localization	BP	N0.HOG0000299	2	0.000699837	1	1	2	0.259817105970952	7.69772256728778
GO:0006405	RNA export from nucleus	BP	N0.HOG0000101	6	0.00287406	1	1	1	0.124260355029586	8.04761904761905
GO:0006508	proteolysis	BP	N0.HOG0000299	2	0.000699837	1	1	1	0.894298009682625	1.1181954887218
GO:0006518	peptide metabolic process	BP	N0.HOG0000299	2	0.000699837	1	1	1	0.427380311995697	2.33983637507867
GO:0006629	lipid metabolic process	BP	N0.HOG0000058	3	0.000638988	1	1	3	0.698493813878429	4.29495571813631
GO:0006629	lipid metabolic process	BP	N0.HOG0000101	6	0.00287406	1	1	3	0.698493813878429	4.29495571813631
GO:0006629	lipid metabolic process	BP	N0.HOG0000639	2	0.000699837	1	1	3	0.698493813878429	4.29495571813631
GO:0006631	fatty acid metabolic process	BP	N0.HOG0000101	6	0.00287406	1	1	2	0.190155997848306	10.5176803394625
GO:0006631	fatty acid metabolic process	BP	N0.HOG0000639	2	0.000699837	1	1	2	0.190155997848306	10.5176803394625
GO:0006633	fatty acid biosynthetic process	BP	N0.HOG0000639	2	0.000699837	1	1	1	0.0734265734265734	13.6190476190476
GO:0006637	acyl-CoA metabolic process	BP	N0.HOG0000639	2	0.000699837	1	1	1	0.0743679397525551	13.4466546112116
GO:0006638	neutral lipid metabolic process	BP	N0.HOG0000639	2	0.000699837	1	1	1	0.0894298009682625	11.181954887218
GO:0006639	acylglycerol metabolic process	BP	N0.HOG0000639	2	0.000699837	1	1	1	0.0894298009682625	11.181954887218
GO:0006641	triglyceride metabolic process	BP	N0.HOG0000639	2	0.000699837	1	1	1	0.078133405056482	12.7986230636833
GO:0006662	glycerol ether metabolic process	BP	N0.HOG0000639	2	0.000699837	1	1	1	0.0103550295857988	96.5714285714286
GO:0006690	icosanoid metabolic process	BP	N0.HOG0000101	6	0.00287406	1	1	1	0.0301237224314147	33.1964285714286
GO:0006694	steroid biosynthetic process	BP	N0.HOG0000058	3	0.000638988	1	1	2	0.114846691769769	17.4145199063232
GO:0006694	steroid biosynthetic process	BP	N0.HOG0000639	2	0.000699837	1	1	2	0.114846691769769	17.4145199063232
GO:0006695	cholesterol biosynthetic process	BP	N0.HOG0000639	2	0.000699837	1	1	1	0.0461269499731038	21.6793002915452
GO:0006706	steroid catabolic process	BP	N0.HOG0000058	3	0.000638988	1	1	1	0.013179128563744	75.8775510204082
GO:0006714	sesquiterpenoid metabolic process	BP	N0.HOG0000058	3	0.000638988	1	1	1	0.0103550295857988	96.5714285714286
GO:0006716	juvenile hormone metabolic process	BP	N0.HOG0000058	3	0.000638988	1	1	1	0.00941366325981711	106.228571428571
GO:0006720	isoprenoid metabolic process	BP	N0.HOG0000058	3	0.000638988	1	1	2	0.0602474448628295	33.1964285714286
GO:0006720	isoprenoid metabolic process	BP	N0.HOG0000101	6	0.00287406	1	1	2	0.0602474448628295	33.1964285714286
GO:0006721	terpenoid metabolic process	BP	N0.HOG0000058	3	0.000638988	1	1	2	0.0433028509951587	46.1863354037267
GO:0006721	terpenoid metabolic process	BP	N0.HOG0000101	6	0.00287406	1	1	2	0.0433028509951587	46.1863354037267
GO:0006726	eye pigment biosynthetic process	BP	N0.HOG0000058	3	0.000638988	1	1	1	0.0395373856912318	25.2925170068027
GO:0006739	NADP metabolic process	BP	N0.HOG0000058	3	0.000638988	1	1	1	0.0235341581495428	42.4914285714286
GO:0006740	NADPH regeneration	BP	N0.HOG0000058	3	0.000638988	1	1	1	0.0122377622377622	81.7142857142857
GO:0006753	nucleoside phosphate metabolic process	BP	N0.HOG0000058	3	0.000638988	1	1	3	0.458445400753093	6.54385450278674
GO:0006753	nucleoside phosphate metabolic process	BP	N0.HOG0000158	6	0.00447613	1	1	3	0.458445400753093	6.54385450278674
GO:0006753	nucleoside phosphate metabolic process	BP	N0.HOG0000639	2	0.000699837	1	1	3	0.458445400753093	6.54385450278674
GO:0006790	sulfur compound metabolic process	BP	N0.HOG0000639	2	0.000699837	1	1	1	0.233458848843464	4.28341013824885
GO:0006793	phosphorus metabolic process	BP	N0.HOG0000058	3	0.000638988	1	1	3	1.60973641742873	1.86365914786967
GO:0006793	phosphorus metabolic process	BP	N0.HOG0000158	6	0.00447613	1	1	3	1.60973641742873	1.86365914786967
GO:0006793	phosphorus metabolic process	BP	N0.HOG0000639	2	0.000699837	1	1	3	1.60973641742873	1.86365914786967
GO:0006796	phosphate-containing compound metabolic process	BP	N0.HOG0000058	3	0.000638988	1	1	3	1.60785368477676	1.86584141853463
GO:0006796	phosphate-containing compound metabolic process	BP	N0.HOG0000158	6	0.00447613	1	1	3	1.60785368477676	1.86584141853463
GO:0006796	phosphate-containing compound metabolic process	BP	N0.HOG0000639	2	0.000699837	1	1	3	1.60785368477676	1.86584141853463
GO:0006810	transport	BP	N0.HOG0000028	2	0.00774613	1	1	4	2.45979020979021	1.62615493958778
GO:0006810	transport	BP	N0.HOG0000058	3	0.000638988	1	1	4	2.45979020979021	1.62615493958778
GO:0006810	transport	BP	N0.HOG0000101	6	0.00287406	1	1	4	2.45979020979021	1.62615493958778
GO:0006810	transport	BP	N0.HOG0000299	2	0.000699837	1	1	4	2.45979020979021	1.62615493958778
GO:0006811	monoatomic ion transport	BP	N0.HOG0000028	2	0.00774613	1	1	2	0.753093060785369	2.65571428571429
GO:0006811	monoatomic ion transport	BP	N0.HOG0000058	3	0.000638988	1	1	2	0.753093060785369	2.65571428571429
GO:0006812	monoatomic cation transport	BP	N0.HOG0000028	2	0.00774613	1	1	2	0.529047875201721	3.78037620742247
GO:0006812	monoatomic cation transport	BP	N0.HOG0000058	3	0.000638988	1	1	2	0.529047875201721	3.78037620742247
GO:0006820	monoatomic anion transport	BP	N0.HOG0000058	3	0.000638988	1	1	1	0.309709521247983	3.22883195831524
GO:0006839	mitochondrial transport	BP	N0.HOG0000058	3	0.000638988	1	1	1	0.140263582571275	7.1294343240652
GO:0006869	lipid transport	BP	N0.HOG0000058	3	0.000638988	1	1	1	0.175094136632598	5.71121351766513
GO:0006873	intracellular monoatomic ion homeostasis	BP	N0.HOG0000058	3	0.000638988	1	1	1	0.288058095750403	3.47152194211018
GO:0006886	intracellular protein transport	BP	N0.HOG0000101	6	0.00287406	1	1	1	0.679666487358795	1.47130985358132
GO:0006913	nucleocytoplasmic transport	BP	N0.HOG0000101	6	0.00287406	1	1	1	0.29182356105433	3.42672811059908
GO:0006950	response to stress	BP	N0.HOG0000101	6	0.00287406	1	1	1	2.10489510489511	0.475083056478405
GO:0006952	defense response	BP	N0.HOG0000101	6	0.00287406	1	1	1	0.691904249596557	1.44528668610301
GO:0006974	DNA damage response	BP	N0.HOG0000101	6	0.00287406	1	1	1	0.53375470683163	1.87351977828168
GO:0006996	organelle organization	BP	N0.HOG0000101	6	0.00287406	1	1	2	2.50779989241528	0.797511797511798
GO:0006996	organelle organization	BP	N0.HOG0000103	2	0.000699837	1	1	2	2.50779989241528	0.797511797511798
GO:0007049	cell cycle	BP	N0.HOG0000101	6	0.00287406	1	1	1	1.30944055944056	0.763684913217624
GO:0007143	female meiotic nuclear division	BP	N0.HOG0000101	6	0.00287406	1	1	1	0.0828402366863906	12.0714285714286
GO:0007154	cell communication	BP	N0.HOG0000028	2	0.00774613	1	1	3	2.76479289940828	1.08507223113965
GO:0007154	cell communication	BP	N0.HOG0000158	6	0.00447613	1	1	3	2.76479289940828	1.08507223113965
GO:0007154	cell communication	BP	N0.HOG0000299	2	0.000699837	1	1	3	2.76479289940828	1.08507223113965
GO:0007276	gamete generation	BP	N0.HOG0000028	2	0.00774613	1	1	2	1.14658418504572	1.74431151771053
GO:0007276	gamete generation	BP	N0.HOG0000101	6	0.00287406	1	1	2	1.14658418504572	1.74431151771053
GO:0007292	female gamete generation	BP	N0.HOG0000101	6	0.00287406	1	1	1	0.749327595481442	1.33452979181622
GO:0007424	open tracheal system development	BP	N0.HOG0000058	3	0.000638988	1	1	1	0.243813878429263	4.10148924434639
GO:0007530	sex determination	BP	N0.HOG0000028	2	0.00774613	1	1	1	0.064954276492738	15.3954451345756
GO:0007600	sensory perception	BP	N0.HOG0000028	2	0.00774613	1	1	4	0.447149004841313	8.94556390977444
GO:0007600	sensory perception	BP	N0.HOG0000058	3	0.000638988	1	1	4	0.447149004841313	8.94556390977444
GO:0007600	sensory perception	BP	N0.HOG0000101	6	0.00287406	1	1	4	0.447149004841313	8.94556390977444
GO:0007600	sensory perception	BP	N0.HOG0000158	6	0.00447613	1	1	4	0.447149004841313	8.94556390977444
GO:0007606	sensory perception of chemical stimulus	BP	N0.HOG0000028	2	0.00774613	1	1	3	0.129908552985476	23.0931677018634
GO:0007606	sensory perception of chemical stimulus	BP	N0.HOG0000058	3	0.000638988	1	1	3	0.129908552985476	23.0931677018634
GO:0007606	sensory perception of chemical stimulus	BP	N0.HOG0000158	6	0.00447613	1	1	3	0.129908552985476	23.0931677018634
GO:0007610	behavior	BP	N0.HOG0000028	2	0.00774613	1	1	2	1.00537923614847	1.98929909042269
GO:0007610	behavior	BP	N0.HOG0000158	6	0.00447613	1	1	2	1.00537923614847	1.98929909042269
GO:0007635	chemosensory behavior	BP	N0.HOG0000158	6	0.00447613	1	1	1	0.151559978483055	6.5980479148181
GO:0008015	blood circulation	BP	N0.HOG0000299	2	0.000699837	1	1	1	0.225927918235611	4.42619047619048
GO:0008104	protein localization	BP	N0.HOG0000101	6	0.00287406	1	1	1	1.52407208176439	0.656136945204271
GO:0008150	biological_process	BP	N0.HOG0000028	2	0.00774613	1	1	7	6.74300699300699	1.03811252268603
GO:0008150	biological_process	BP	N0.HOG0000058	3	0.000638988	1	1	7	6.74300699300699	1.03811252268603
GO:0008150	biological_process	BP	N0.HOG0000101	6	0.00287406	1	1	7	6.74300699300699	1.03811252268603
GO:0008150	biological_process	BP	N0.HOG0000103	2	0.000699837	1	1	7	6.74300699300699	1.03811252268603
GO:0008150	biological_process	BP	N0.HOG0000158	6	0.00447613	1	1	7	6.74300699300699	1.03811252268603
GO:0008150	biological_process	BP	N0.HOG0000299	2	0.000699837	1	1	7	6.74300699300699	1.03811252268603
GO:0008150	biological_process	BP	N0.HOG0000639	2	0.000699837	1	1	7	6.74300699300699	1.03811252268603
GO:0008152	metabolic process	BP	N0.HOG0000028	2	0.00774613	1	1	7	5.14362560516407	1.36090775988287
GO:0008152	metabolic process	BP	N0.HOG0000058	3	0.000638988	1	1	7	5.14362560516407	1.36090775988287
GO:0008152	metabolic process	BP	N0.HOG0000101	6	0.00287406	1	1	7	5.14362560516407	1.36090775988287
GO:0008152	metabolic process	BP	N0.HOG0000103	2	0.000699837	1	1	7	5.14362560516407	1.36090775988287
GO:0008152	metabolic process	BP	N0.HOG0000158	6	0.00447613	1	1	7	5.14362560516407	1.36090775988287
GO:0008152	metabolic process	BP	N0.HOG0000299	2	0.000699837	1	1	7	5.14362560516407	1.36090775988287
GO:0008152	metabolic process	BP	N0.HOG0000639	2	0.000699837	1	1	7	5.14362560516407	1.36090775988287
GO:0008202	steroid metabolic process	BP	N0.HOG0000058	3	0.000638988	1	1	3	0.155325443786982	19.3142857142857
GO:0008202	steroid metabolic process	BP	N0.HOG0000101	6	0.00287406	1	1	3	0.155325443786982	19.3142857142857
GO:0008202	steroid metabolic process	BP	N0.HOG0000639	2	0.000699837	1	1	3	0.155325443786982	19.3142857142857
GO:0008203	cholesterol metabolic process	BP	N0.HOG0000639	2	0.000699837	1	1	1	0.0687197417966649	14.5518590998043
GO:0008211	glucocorticoid metabolic process	BP	N0.HOG0000058	3	0.000638988	1	1	1	0.00658956428187198	151.755102040816
GO:0008217	regulation of blood pressure	BP	N0.HOG0000299	2	0.000699837	1	1	1	0.0621301775147929	16.0952380952381
GO:0008299	isoprenoid biosynthetic process	BP	N0.HOG0000058	3	0.000638988	1	1	1	0.0169445938676708	59.015873015873
GO:0008380	RNA splicing	BP	N0.HOG0000028	2	0.00774613	1	1	2	0.341715976331361	5.85281385281385
GO:0008380	RNA splicing	BP	N0.HOG0000101	6	0.00287406	1	1	2	0.341715976331361	5.85281385281385
GO:0009056	catabolic process	BP	N0.HOG0000058	3	0.000638988	1	1	2	1.48265196342119	1.34893424036281
GO:0009056	catabolic process	BP	N0.HOG0000299	2	0.000699837	1	1	2	1.48265196342119	1.34893424036281
GO:0009058	biosynthetic process	BP	N0.HOG0000028	2	0.00774613	1	1	6	3.81159225389995	1.57414529160639
GO:0009058	biosynthetic process	BP	N0.HOG0000058	3	0.000638988	1	1	6	3.81159225389995	1.57414529160639
GO:0009058	biosynthetic process	BP	N0.HOG0000101	6	0.00287406	1	1	6	3.81159225389995	1.57414529160639
GO:0009058	biosynthetic process	BP	N0.HOG0000103	2	0.000699837	1	1	6	3.81159225389995	1.57414529160639
GO:0009058	biosynthetic process	BP	N0.HOG0000299	2	0.000699837	1	1	6	3.81159225389995	1.57414529160639
GO:0009058	biosynthetic process	BP	N0.HOG0000639	2	0.000699837	1	1	6	3.81159225389995	1.57414529160639
GO:0009059	macromolecule biosynthetic process	BP	N0.HOG0000028	2	0.00774613	1	1	5	3.28160301237224	1.52364560281944
GO:0009059	macromolecule biosynthetic process	BP	N0.HOG0000058	3	0.000638988	1	1	5	3.28160301237224	1.52364560281944
GO:0009059	macromolecule biosynthetic process	BP	N0.HOG0000101	6	0.00287406	1	1	5	3.28160301237224	1.52364560281944
GO:0009059	macromolecule biosynthetic process	BP	N0.HOG0000103	2	0.000699837	1	1	5	3.28160301237224	1.52364560281944
GO:0009059	macromolecule biosynthetic process	BP	N0.HOG0000299	2	0.000699837	1	1	5	3.28160301237224	1.52364560281944
GO:0009060	aerobic respiration	BP	N0.HOG0000158	6	0.00447613	1	1	1	0.154384077461001	6.47735191637631
GO:0009100	glycoprotein metabolic process	BP	N0.HOG0000158	6	0.00447613	1	1	1	0.210866057019903	4.74234693877551
GO:0009117	nucleotide metabolic process	BP	N0.HOG0000058	3	0.000638988	1	1	3	0.42926304464766	6.98872180451128
GO:0009117	nucleotide metabolic process	BP	N0.HOG0000158	6	0.00447613	1	1	3	0.42926304464766	6.98872180451128
GO:0009117	nucleotide metabolic process	BP	N0.HOG0000639	2	0.000699837	1	1	3	0.42926304464766	6.98872180451128
GO:0009123	nucleoside monophosphate metabolic process	BP	N0.HOG0000158	6	0.00447613	1	1	1	0.193921463152232	5.15672676837725
GO:0009126	purine nucleoside monophosphate metabolic process	BP	N0.HOG0000158	6	0.00447613	1	1	1	0.17603550295858	5.68067226890756
GO:0009141	nucleoside triphosphate metabolic process	BP	N0.HOG0000158	6	0.00447613	1	1	1	0.218396987627757	4.57881773399015
GO:0009144	purine nucleoside triphosphate metabolic process	BP	N0.HOG0000158	6	0.00447613	1	1	1	0.207100591715976	4.82857142857143
GO:0009150	purine ribonucleotide metabolic process	BP	N0.HOG0000158	6	0.00447613	1	1	2	0.338891877353416	5.9015873015873
GO:0009150	purine ribonucleotide metabolic process	BP	N0.HOG0000639	2	0.000699837	1	1	2	0.338891877353416	5.9015873015873
GO:0009161	ribonucleoside monophosphate metabolic process	BP	N0.HOG0000158	6	0.00447613	1	1	1	0.185449166218397	5.39231327048586
GO:0009165	nucleotide biosynthetic process	BP	N0.HOG0000639	2	0.000699837	1	1	1	0.206159225389995	4.85061969993477
GO:0009199	ribonucleoside triphosphate metabolic process	BP	N0.HOG0000158	6	0.00447613	1	1	1	0.207100591715976	4.82857142857143
GO:0009205	purine ribonucleoside triphosphate metabolic process	BP	N0.HOG0000158	6	0.00447613	1	1	1	0.204276492738031	4.8953258722844
GO:0009259	ribonucleotide metabolic process	BP	N0.HOG0000158	6	0.00447613	1	1	2	0.351129639591178	5.69590195327461
GO:0009259	ribonucleotide metabolic process	BP	N0.HOG0000639	2	0.000699837	1	1	2	0.351129639591178	5.69590195327461
GO:0009260	ribonucleotide biosynthetic process	BP	N0.HOG0000639	2	0.000699837	1	1	1	0.163797740720818	6.10509031198686
GO:0009404	toxin metabolic process	BP	N0.HOG0000101	6	0.00287406	1	1	1	0.0160032275416891	62.4873949579832
GO:0009593	detection of chemical stimulus	BP	N0.HOG0000028	2	0.00774613	1	1	2	0.0809575040344271	24.7043189368771
GO:0009593	detection of chemical stimulus	BP	N0.HOG0000158	6	0.00447613	1	1	2	0.0809575040344271	24.7043189368771
GO:0009607	response to biotic stimulus	BP	N0.HOG0000101	6	0.00287406	1	1	1	0.701317912856374	1.42588686481304
GO:0009617	response to bacterium	BP	N0.HOG0000101	6	0.00287406	1	1	1	0.339833243679398	2.94261970716264
GO:0009653	anatomical structure morphogenesis	BP	N0.HOG0000028	2	0.00774613	1	1	4	2.1256051640667	1.88181703150702
GO:0009653	anatomical structure morphogenesis	BP	N0.HOG0000058	3	0.000638988	1	1	4	2.1256051640667	1.88181703150702
GO:0009653	anatomical structure morphogenesis	BP	N0.HOG0000101	6	0.00287406	1	1	4	2.1256051640667	1.88181703150702
GO:0009653	anatomical structure morphogenesis	BP	N0.HOG0000299	2	0.000699837	1	1	4	2.1256051640667	1.88181703150702
GO:0009719	response to endogenous stimulus	BP	N0.HOG0000058	3	0.000638988	1	1	1	1.00632060247445	0.993719096619003
GO:0009725	response to hormone	BP	N0.HOG0000058	3	0.000638988	1	1	1	0.665545992469069	1.50252576278036
GO:0009743	response to carbohydrate	BP	N0.HOG0000639	2	0.000699837	1	1	1	0.190155997848306	5.25884016973126
GO:0009744	response to sucrose	BP	N0.HOG0000639	2	0.000699837	1	1	1	0.0301237224314147	33.1964285714286
GO:0009790	embryo development	BP	N0.HOG0000028	2	0.00774613	1	1	2	1.26425497579344	1.58195936602489
GO:0009790	embryo development	BP	N0.HOG0000101	6	0.00287406	1	1	2	1.26425497579344	1.58195936602489
GO:0009791	post-embryonic development	BP	N0.HOG0000028	2	0.00774613	1	1	1	0.898063474986552	1.11350703803534
GO:0009888	tissue development	BP	N0.HOG0000058	3	0.000638988	1	1	2	1.57396449704142	1.27067669172932
GO:0009888	tissue development	BP	N0.HOG0000639	2	0.000699837	1	1	2	1.57396449704142	1.27067669172932
GO:0009889	regulation of biosynthetic process	BP	N0.HOG0000103	2	0.000699837	1	1	2	2.46261430876816	0.81214504150284
GO:0009889	regulation of biosynthetic process	BP	N0.HOG0000639	2	0.000699837	1	1	2	2.46261430876816	0.81214504150284
GO:0009890	negative regulation of biosynthetic process	BP	N0.HOG0000103	2	0.000699837	1	1	1	1.36780527165143	0.731098220430636
GO:0009892	negative regulation of metabolic process	BP	N0.HOG0000103	2	0.000699837	1	1	1	1.73493813878429	0.576389427176188
GO:0009894	regulation of catabolic process	BP	N0.HOG0000058	3	0.000638988	1	1	1	0.654249596557289	1.52846865364851
GO:0009987	cellular process	BP	N0.HOG0000028	2	0.00774613	1	1	7	6.54908552985476	1.06885151645824
GO:0009987	cellular process	BP	N0.HOG0000058	3	0.000638988	1	1	7	6.54908552985476	1.06885151645824
GO:0009987	cellular process	BP	N0.HOG0000101	6	0.00287406	1	1	7	6.54908552985476	1.06885151645824
GO:0009987	cellular process	BP	N0.HOG0000103	2	0.000699837	1	1	7	6.54908552985476	1.06885151645824
GO:0009987	cellular process	BP	N0.HOG0000158	6	0.00447613	1	1	7	6.54908552985476	1.06885151645824
GO:0009987	cellular process	BP	N0.HOG0000299	2	0.000699837	1	1	7	6.54908552985476	1.06885151645824
GO:0009987	cellular process	BP	N0.HOG0000639	2	0.000699837	1	1	7	6.54908552985476	1.06885151645824
GO:0010038	response to metal ion	BP	N0.HOG0000028	2	0.00774613	1	1	1	0.24757934373319	4.03910917979359
GO:0010171	body morphogenesis	BP	N0.HOG0000028	2	0.00774613	1	1	1	0.106374394835933	9.4007585335019
GO:0010467	gene expression	BP	N0.HOG0000028	2	0.00774613	1	1	4	2.97189349112426	1.34594325535092
GO:0010467	gene expression	BP	N0.HOG0000101	6	0.00287406	1	1	4	2.97189349112426	1.34594325535092
GO:0010467	gene expression	BP	N0.HOG0000103	2	0.000699837	1	1	4	2.97189349112426	1.34594325535092
GO:0010467	gene expression	BP	N0.HOG0000299	2	0.000699837	1	1	4	2.97189349112426	1.34594325535092
GO:0010468	regulation of gene expression	BP	N0.HOG0000103	2	0.000699837	1	1	1	2.26304464766003	0.441882576657951
GO:0010556	regulation of macromolecule biosynthetic process	BP	N0.HOG0000103	2	0.000699837	1	1	1	2.37694997310382	0.420707213578501
GO:0010558	negative regulation of macromolecule biosynthetic process	BP	N0.HOG0000103	2	0.000699837	1	1	1	1.32920925228618	0.752326993120194
GO:0010605	negative regulation of macromolecule metabolic process	BP	N0.HOG0000103	2	0.000699837	1	1	1	1.60973641742873	0.621219715956558
GO:0010629	negative regulation of gene expression	BP	N0.HOG0000103	2	0.000699837	1	1	1	1.2661377084454	0.789803505045141
GO:0010817	regulation of hormone levels	BP	N0.HOG0000058	3	0.000638988	1	1	2	0.316299085529855	6.32312925170068
GO:0010817	regulation of hormone levels	BP	N0.HOG0000299	2	0.000699837	1	1	2	0.316299085529855	6.32312925170068
GO:0010876	lipid localization	BP	N0.HOG0000058	3	0.000638988	1	1	1	0.261699838622916	3.82117163412127
GO:0010960	magnesium ion homeostasis	BP	N0.HOG0000058	3	0.000638988	1	1	1	0.0150618612157074	66.3928571428571
GO:0015031	protein transport	BP	N0.HOG0000101	6	0.00287406	1	1	1	0.96866594943518	1.03234763293072
GO:0015693	magnesium ion transport	BP	N0.HOG0000058	3	0.000638988	1	1	1	0.0084722969338354	118.031746031746
GO:0015695	organic cation transport	BP	N0.HOG0000058	3	0.000638988	1	1	1	0.0677783754706832	14.7539682539683
GO:0015697	quaternary ammonium group transport	BP	N0.HOG0000058	3	0.000638988	1	1	1	0.00658956428187198	151.755102040816
GO:0015711	organic anion transport	BP	N0.HOG0000058	3	0.000638988	1	1	1	0.249462076385153	4.00862533692722
GO:0015718	monocarboxylic acid transport	BP	N0.HOG0000058	3	0.000638988	1	1	1	0.0866057019903174	11.5465838509317
GO:0015838	amino-acid betaine transport	BP	N0.HOG0000058	3	0.000638988	1	1	1	0.00470683162990855	212.457142857143
GO:0015849	organic acid transport	BP	N0.HOG0000058	3	0.000638988	1	1	1	0.186390532544379	5.36507936507937
GO:0015879	carnitine transport	BP	N0.HOG0000058	3	0.000638988	1	1	1	0.00376546530392684	265.571428571429
GO:0015908	fatty acid transport	BP	N0.HOG0000058	3	0.000638988	1	1	1	0.0461269499731038	21.6793002915452
GO:0015909	long-chain fatty acid transport	BP	N0.HOG0000058	3	0.000638988	1	1	1	0.0329478214093599	30.3510204081633
GO:0015931	nucleobase-containing compound transport	BP	N0.HOG0000101	6	0.00287406	1	1	2	0.193921463152232	10.3134535367545
GO:0015931	nucleobase-containing compound transport	BP	N0.HOG0000299	2	0.000699837	1	1	2	0.193921463152232	10.3134535367545
GO:0015980	energy derivation by oxidation of organic compounds	BP	N0.HOG0000158	6	0.00447613	1	1	2	0.250403442711135	7.98711063372718
GO:0015980	energy derivation by oxidation of organic compounds	BP	N0.HOG0000639	2	0.000699837	1	1	2	0.250403442711135	7.98711063372718
GO:0016042	lipid catabolic process	BP	N0.HOG0000058	3	0.000638988	1	1	1	0.164739107046799	6.07020408163265
GO:0016043	cellular component organization	BP	N0.HOG0000028	2	0.00774613	1	1	4	3.69109736417429	1.08368856341312
GO:0016043	cellular component organization	BP	N0.HOG0000058	3	0.000638988	1	1	4	3.69109736417429	1.08368856341312
GO:0016043	cellular component organization	BP	N0.HOG0000101	6	0.00287406	1	1	4	3.69109736417429	1.08368856341312
GO:0016043	cellular component organization	BP	N0.HOG0000103	2	0.000699837	1	1	4	3.69109736417429	1.08368856341312
GO:0016052	carbohydrate catabolic process	BP	N0.HOG0000058	3	0.000638988	1	1	1	0.0913125336202259	10.9513991163476
GO:0016053	organic acid biosynthetic process	BP	N0.HOG0000639	2	0.000699837	1	1	1	0.178859601936525	5.59097744360902
GO:0016070	RNA metabolic process	BP	N0.HOG0000028	2	0.00774613	1	1	3	2.35812264658419	1.27219846022241
GO:0016070	RNA metabolic process	BP	N0.HOG0000101	6	0.00287406	1	1	3	2.35812264658419	1.27219846022241
GO:0016070	RNA metabolic process	BP	N0.HOG0000103	2	0.000699837	1	1	3	2.35812264658419	1.27219846022241
GO:0016071	mRNA metabolic process	BP	N0.HOG0000028	2	0.00774613	1	1	2	0.582705755782679	3.43226402030925
GO:0016071	mRNA metabolic process	BP	N0.HOG0000101	6	0.00287406	1	1	2	0.582705755782679	3.43226402030925
GO:0016101	diterpenoid metabolic process	BP	N0.HOG0000101	6	0.00287406	1	1	1	0.0282409897794513	35.4095238095238
GO:0016106	sesquiterpenoid biosynthetic process	BP	N0.HOG0000058	3	0.000638988	1	1	1	0.00470683162990855	212.457142857143
GO:0016114	terpenoid biosynthetic process	BP	N0.HOG0000058	3	0.000638988	1	1	1	0.00753093060785368	132.785714285714
GO:0016126	sterol biosynthetic process	BP	N0.HOG0000639	2	0.000699837	1	1	1	0.0602474448628295	16.5982142857143
GO:0016485	protein processing	BP	N0.HOG0000299	2	0.000699837	1	1	1	0.141204948897257	7.08190476190476
GO:0016486	peptide hormone processing	BP	N0.HOG0000299	2	0.000699837	1	1	1	0.0169445938676708	59.015873015873
GO:0018992	germ-line sex determination	BP	N0.HOG0000028	2	0.00774613	1	1	1	0.0254168908015062	39.3439153439154
GO:0019098	reproductive behavior	BP	N0.HOG0000028	2	0.00774613	1	1	1	0.288999462076385	3.46021405304793
GO:0019216	regulation of lipid metabolic process	BP	N0.HOG0000639	2	0.000699837	1	1	1	0.250403442711135	3.99355531686359
GO:0019218	regulation of steroid metabolic process	BP	N0.HOG0000639	2	0.000699837	1	1	1	0.0753093060785369	13.2785714285714
GO:0019219	regulation of nucleobase-containing compound metabolic process	BP	N0.HOG0000058	3	0.000638988	1	1	2	1.94109736417429	1.03034501870583
GO:0019219	regulation of nucleobase-containing compound metabolic process	BP	N0.HOG0000103	2	0.000699837	1	1	2	1.94109736417429	1.03034501870583
GO:0019220	regulation of phosphate metabolic process	BP	N0.HOG0000058	3	0.000638988	1	1	1	0.850053792361485	1.17639613985129
GO:0019222	regulation of metabolic process	BP	N0.HOG0000058	3	0.000638988	1	1	3	3.11780527165143	0.962215320910973
GO:0019222	regulation of metabolic process	BP	N0.HOG0000103	2	0.000699837	1	1	3	3.11780527165143	0.962215320910973
GO:0019222	regulation of metabolic process	BP	N0.HOG0000639	2	0.000699837	1	1	3	3.11780527165143	0.962215320910973
GO:0019362	pyridine nucleotide metabolic process	BP	N0.HOG0000058	3	0.000638988	1	1	1	0.0922538999462076	10.8396501457726
GO:0019369	arachidonate metabolic process	BP	N0.HOG0000101	6	0.00287406	1	1	1	0.00753093060785368	132.785714285714
GO:0019395	fatty acid oxidation	BP	N0.HOG0000101	6	0.00287406	1	1	1	0.0724852071005917	13.7959183673469
GO:0019538	protein metabolic process	BP	N0.HOG0000058	3	0.000638988	1	1	3	2.81845077998924	1.06441454337246
GO:0019538	protein metabolic process	BP	N0.HOG0000158	6	0.00447613	1	1	3	2.81845077998924	1.06441454337246
GO:0019538	protein metabolic process	BP	N0.HOG0000299	2	0.000699837	1	1	3	2.81845077998924	1.06441454337246
GO:0019637	organophosphate metabolic process	BP	N0.HOG0000058	3	0.000638988	1	1	3	0.702259279182356	4.27192646495596
GO:0019637	organophosphate metabolic process	BP	N0.HOG0000158	6	0.00447613	1	1	3	0.702259279182356	4.27192646495596
GO:0019637	organophosphate metabolic process	BP	N0.HOG0000639	2	0.000699837	1	1	3	0.702259279182356	4.27192646495596
GO:0019646	aerobic electron transport chain	BP	N0.HOG0000158	6	0.00447613	1	1	1	0.0687197417966649	14.5518590998043
GO:0019693	ribose phosphate metabolic process	BP	N0.HOG0000158	6	0.00447613	1	1	2	0.361484669176977	5.5327380952381
GO:0019693	ribose phosphate metabolic process	BP	N0.HOG0000639	2	0.000699837	1	1	2	0.361484669176977	5.5327380952381
GO:0019725	cellular homeostasis	BP	N0.HOG0000058	3	0.000638988	1	1	1	0.48951048951049	2.04285714285714
GO:0019748	secondary metabolic process	BP	N0.HOG0000058	3	0.000638988	1	1	2	0.112022592791824	17.8535414165666
GO:0019748	secondary metabolic process	BP	N0.HOG0000101	6	0.00287406	1	1	2	0.112022592791824	17.8535414165666
GO:0019752	carboxylic acid metabolic process	BP	N0.HOG0000101	6	0.00287406	1	1	3	0.53940290478752	5.56170531039641
GO:0019752	carboxylic acid metabolic process	BP	N0.HOG0000158	6	0.00447613	1	1	3	0.53940290478752	5.56170531039641
GO:0019752	carboxylic acid metabolic process	BP	N0.HOG0000639	2	0.000699837	1	1	3	0.53940290478752	5.56170531039641
GO:0019953	sexual reproduction	BP	N0.HOG0000028	2	0.00774613	1	1	2	1.38286713286713	1.44627054361568
GO:0019953	sexual reproduction	BP	N0.HOG0000101	6	0.00287406	1	1	2	1.38286713286713	1.44627054361568
GO:0022402	cell cycle process	BP	N0.HOG0000101	6	0.00287406	1	1	1	1.10422270037655	0.905614419680916
GO:0022412	cellular process involved in reproduction in multicellular organism	BP	N0.HOG0000028	2	0.00774613	1	1	2	0.99596557288865	2.00810153929247
GO:0022412	cellular process involved in reproduction in multicellular organism	BP	N0.HOG0000101	6	0.00287406	1	1	2	0.99596557288865	2.00810153929247
GO:0022414	reproductive process	BP	N0.HOG0000028	2	0.00774613	1	1	2	1.73493813878429	1.15277885435238
GO:0022414	reproductive process	BP	N0.HOG0000101	6	0.00287406	1	1	2	1.73493813878429	1.15277885435238
GO:0022607	cellular component assembly	BP	N0.HOG0000028	2	0.00774613	1	1	2	2.00322754168908	0.998388829215897
GO:0022607	cellular component assembly	BP	N0.HOG0000103	2	0.000699837	1	1	2	2.00322754168908	0.998388829215897
GO:0022900	electron transport chain	BP	N0.HOG0000158	6	0.00447613	1	1	1	0.126143087681549	7.92750533049041
GO:0022904	respiratory electron transport chain	BP	N0.HOG0000158	6	0.00447613	1	1	1	0.0913125336202259	10.9513991163476
GO:0023052	signaling	BP	N0.HOG0000028	2	0.00774613	1	1	3	2.73749327595481	1.09589310277068
GO:0023052	signaling	BP	N0.HOG0000158	6	0.00447613	1	1	3	2.73749327595481	1.09589310277068
GO:0023052	signaling	BP	N0.HOG0000299	2	0.000699837	1	1	3	2.73749327595481	1.09589310277068
GO:0030001	metal ion transport	BP	N0.HOG0000028	2	0.00774613	1	1	2	0.401022054868209	4.98725687458082
GO:0030001	metal ion transport	BP	N0.HOG0000058	3	0.000638988	1	1	2	0.401022054868209	4.98725687458082
GO:0030003	intracellular monoatomic cation homeostasis	BP	N0.HOG0000058	3	0.000638988	1	1	1	0.282409897794513	3.54095238095238
GO:0030097	hemopoiesis	BP	N0.HOG0000639	2	0.000699837	1	1	1	0.481038192576654	2.07883701425776
GO:0030099	myeloid cell differentiation	BP	N0.HOG0000639	2	0.000699837	1	1	1	0.21463152232383	4.65914786967419
GO:0030154	cell differentiation	BP	N0.HOG0000028	2	0.00774613	1	1	4	2.58969876277569	1.54458119125513
GO:0030154	cell differentiation	BP	N0.HOG0000058	3	0.000638988	1	1	4	2.58969876277569	1.54458119125513
GO:0030154	cell differentiation	BP	N0.HOG0000101	6	0.00287406	1	1	4	2.58969876277569	1.54458119125513
GO:0030154	cell differentiation	BP	N0.HOG0000639	2	0.000699837	1	1	4	2.58969876277569	1.54458119125513
GO:0030258	lipid modification	BP	N0.HOG0000101	6	0.00287406	1	1	1	0.146853146853147	6.80952380952381
GO:0030851	granulocyte differentiation	BP	N0.HOG0000639	2	0.000699837	1	1	1	0.0225927918235611	44.2619047619048
GO:0030855	epithelial cell differentiation	BP	N0.HOG0000058	3	0.000638988	1	1	2	0.63259817105971	3.16156462585034
GO:0030855	epithelial cell differentiation	BP	N0.HOG0000639	2	0.000699837	1	1	2	0.63259817105971	3.16156462585034
GO:0031123	RNA 3'-end processing	BP	N0.HOG0000101	6	0.00287406	1	1	1	0.124260355029586	8.04761904761905
GO:0032094	response to food	BP	N0.HOG0000639	2	0.000699837	1	1	1	0.0310650887573965	32.1904761904762
GO:0032095	regulation of response to food	BP	N0.HOG0000639	2	0.000699837	1	1	1	0.00941366325981711	106.228571428571
GO:0032097	positive regulation of response to food	BP	N0.HOG0000639	2	0.000699837	1	1	1	0.00282409897794513	354.095238095238
GO:0032098	regulation of appetite	BP	N0.HOG0000639	2	0.000699837	1	1	1	0.00753093060785368	132.785714285714
GO:0032101	regulation of response to external stimulus	BP	N0.HOG0000639	2	0.000699837	1	1	1	0.482920925228618	2.07073238652186
GO:0032107	regulation of response to nutrient levels	BP	N0.HOG0000639	2	0.000699837	1	1	1	0.0141204948897257	70.8190476190476
GO:0032109	positive regulation of response to nutrient levels	BP	N0.HOG0000639	2	0.000699837	1	1	1	0.00376546530392684	265.571428571429
GO:0032355	response to estradiol	BP	N0.HOG0000058	3	0.000638988	1	1	1	0.101667563206025	9.83597883597884
GO:0032365	intracellular lipid transport	BP	N0.HOG0000058	3	0.000638988	1	1	1	0.029182356105433	34.2672811059908
GO:0032501	multicellular organismal process	BP	N0.HOG0000028	2	0.00774613	1	1	6	4.29733727810651	1.39621342512909
GO:0032501	multicellular organismal process	BP	N0.HOG0000058	3	0.000638988	1	1	6	4.29733727810651	1.39621342512909
GO:0032501	multicellular organismal process	BP	N0.HOG0000101	6	0.00287406	1	1	6	4.29733727810651	1.39621342512909
GO:0032501	multicellular organismal process	BP	N0.HOG0000158	6	0.00447613	1	1	6	4.29733727810651	1.39621342512909
GO:0032501	multicellular organismal process	BP	N0.HOG0000299	2	0.000699837	1	1	6	4.29733727810651	1.39621342512909
GO:0032501	multicellular organismal process	BP	N0.HOG0000639	2	0.000699837	1	1	6	4.29733727810651	1.39621342512909
GO:0032502	developmental process	BP	N0.HOG0000028	2	0.00774613	1	1	6	3.86430876815492	1.55267095876109
GO:0032502	developmental process	BP	N0.HOG0000058	3	0.000638988	1	1	6	3.86430876815492	1.55267095876109
GO:0032502	developmental process	BP	N0.HOG0000101	6	0.00287406	1	1	6	3.86430876815492	1.55267095876109
GO:0032502	developmental process	BP	N0.HOG0000158	6	0.00447613	1	1	6	3.86430876815492	1.55267095876109
GO:0032502	developmental process	BP	N0.HOG0000299	2	0.000699837	1	1	6	3.86430876815492	1.55267095876109
GO:0032502	developmental process	BP	N0.HOG0000639	2	0.000699837	1	1	6	3.86430876815492	1.55267095876109
GO:0032774	RNA biosynthetic process	BP	N0.HOG0000028	2	0.00774613	1	1	3	2.1877353415815	1.3712810425375
GO:0032774	RNA biosynthetic process	BP	N0.HOG0000101	6	0.00287406	1	1	3	2.1877353415815	1.3712810425375
GO:0032774	RNA biosynthetic process	BP	N0.HOG0000103	2	0.000699837	1	1	3	2.1877353415815	1.3712810425375
GO:0032787	monocarboxylic acid metabolic process	BP	N0.HOG0000101	6	0.00287406	1	1	2	0.28617536309844	6.98872180451128
GO:0032787	monocarboxylic acid metabolic process	BP	N0.HOG0000639	2	0.000699837	1	1	2	0.28617536309844	6.98872180451128
GO:0033036	macromolecule localization	BP	N0.HOG0000058	3	0.000638988	1	1	3	1.75847229693384	1.70602630773937
GO:0033036	macromolecule localization	BP	N0.HOG0000101	6	0.00287406	1	1	3	1.75847229693384	1.70602630773937
GO:0033036	macromolecule localization	BP	N0.HOG0000299	2	0.000699837	1	1	3	1.75847229693384	1.70602630773937
GO:0033206	meiotic cytokinesis	BP	N0.HOG0000101	6	0.00287406	1	1	1	0.064954276492738	15.3954451345756
GO:0033554	cellular response to stress	BP	N0.HOG0000101	6	0.00287406	1	1	1	1.26896180742335	0.788045782111064
GO:0033559	unsaturated fatty acid metabolic process	BP	N0.HOG0000101	6	0.00287406	1	1	1	0.0320064550833782	31.2436974789916
GO:0033865	nucleoside bisphosphate metabolic process	BP	N0.HOG0000639	2	0.000699837	1	1	1	0.0837816030123722	11.9357945425361
GO:0033866	nucleoside bisphosphate biosynthetic process	BP	N0.HOG0000639	2	0.000699837	1	1	1	0.0376546530392684	26.5571428571429
GO:0033875	ribonucleoside bisphosphate metabolic process	BP	N0.HOG0000639	2	0.000699837	1	1	1	0.0837816030123722	11.9357945425361
GO:0033993	response to lipid	BP	N0.HOG0000058	3	0.000638988	1	1	1	0.499865519096288	2.00053806833468
GO:0034032	purine nucleoside bisphosphate metabolic process	BP	N0.HOG0000639	2	0.000699837	1	1	1	0.0837816030123722	11.9357945425361
GO:0034097	response to cytokine	BP	N0.HOG0000639	2	0.000699837	1	1	1	0.42361484669177	2.36063492063492
GO:0034220	monoatomic ion transmembrane transport	BP	N0.HOG0000058	3	0.000638988	1	1	1	0.573292092522862	1.74431151771053
GO:0034248	regulation of amide metabolic process	BP	N0.HOG0000058	3	0.000638988	1	1	1	0.34642280796127	2.88664596273292
GO:0034285	response to disaccharide	BP	N0.HOG0000639	2	0.000699837	1	1	1	0.0310650887573965	32.1904761904762
GO:0034440	lipid oxidation	BP	N0.HOG0000101	6	0.00287406	1	1	1	0.0734265734265734	13.6190476190476
GO:0034654	nucleobase-containing compound biosynthetic process	BP	N0.HOG0000028	2	0.00774613	1	1	4	2.46073157611619	1.62553284511969
GO:0034654	nucleobase-containing compound biosynthetic process	BP	N0.HOG0000101	6	0.00287406	1	1	4	2.46073157611619	1.62553284511969
GO:0034654	nucleobase-containing compound biosynthetic process	BP	N0.HOG0000103	2	0.000699837	1	1	4	2.46073157611619	1.62553284511969
GO:0034654	nucleobase-containing compound biosynthetic process	BP	N0.HOG0000639	2	0.000699837	1	1	4	2.46073157611619	1.62553284511969
GO:0034728	nucleosome organization	BP	N0.HOG0000103	2	0.000699837	1	1	1	0.0771920387305003	12.9547038327526
GO:0035239	tube morphogenesis	BP	N0.HOG0000299	2	0.000699837	1	1	1	0.808633674018289	1.23665391651422
GO:0035295	tube development	BP	N0.HOG0000299	2	0.000699837	1	1	1	1.06374394835933	0.94007585335019
GO:0035337	fatty-acyl-CoA metabolic process	BP	N0.HOG0000639	2	0.000699837	1	1	1	0.0329478214093599	30.3510204081633
GO:0035383	thioester metabolic process	BP	N0.HOG0000639	2	0.000699837	1	1	1	0.0743679397525551	13.4466546112116
GO:0035384	thioester biosynthetic process	BP	N0.HOG0000639	2	0.000699837	1	1	1	0.0338891877353416	29.5079365079365
GO:0040007	growth	BP	N0.HOG0000028	2	0.00774613	1	1	1	0.972431414739107	1.02835015903748
GO:0040021	hermaphrodite germ-line sex determination	BP	N0.HOG0000028	2	0.00774613	1	1	1	0.0112963959117805	88.5238095238095
GO:0040029	epigenetic regulation of gene expression	BP	N0.HOG0000103	2	0.000699837	1	1	1	0.28052716514255	3.5647171620326
GO:0042044	fluid transport	BP	N0.HOG0000058	3	0.000638988	1	1	1	0.0329478214093599	30.3510204081633
GO:0042045	epithelial fluid transport	BP	N0.HOG0000058	3	0.000638988	1	1	1	0.0263582571274879	37.9387755102041
GO:0042221	response to chemical	BP	N0.HOG0000028	2	0.00774613	1	1	4	2.23103819257665	1.79288728149488
GO:0042221	response to chemical	BP	N0.HOG0000058	3	0.000638988	1	1	4	2.23103819257665	1.79288728149488
GO:0042221	response to chemical	BP	N0.HOG0000158	6	0.00447613	1	1	4	2.23103819257665	1.79288728149488
GO:0042221	response to chemical	BP	N0.HOG0000639	2	0.000699837	1	1	4	2.23103819257665	1.79288728149488
GO:0042335	cuticle development	BP	N0.HOG0000101	6	0.00287406	1	1	2	0.185449166218397	10.7846265409717
GO:0042335	cuticle development	BP	N0.HOG0000639	2	0.000699837	1	1	2	0.185449166218397	10.7846265409717
GO:0042440	pigment metabolic process	BP	N0.HOG0000058	3	0.000638988	1	1	1	0.144970414201183	6.89795918367347
GO:0042441	eye pigment metabolic process	BP	N0.HOG0000058	3	0.000638988	1	1	1	0.042361484669177	23.6063492063492
GO:0042445	hormone metabolic process	BP	N0.HOG0000058	3	0.000638988	1	1	2	0.135556750941366	14.7539682539683
GO:0042445	hormone metabolic process	BP	N0.HOG0000299	2	0.000699837	1	1	2	0.135556750941366	14.7539682539683
GO:0042446	hormone biosynthetic process	BP	N0.HOG0000058	3	0.000638988	1	1	1	0.0706024744486283	14.1638095238095
GO:0042592	homeostatic process	BP	N0.HOG0000028	2	0.00774613	1	1	2	0.984669176976869	2.03113903305108
GO:0042592	homeostatic process	BP	N0.HOG0000058	3	0.000638988	1	1	2	0.984669176976869	2.03113903305108
GO:0042742	defense response to bacterium	BP	N0.HOG0000101	6	0.00287406	1	1	1	0.213690155997848	4.67967275015733
GO:0042773	ATP synthesis coupled electron transport	BP	N0.HOG0000158	6	0.00447613	1	1	1	0.0762506724045186	13.1146384479718
GO:0042775	mitochondrial ATP synthesis coupled electron transport	BP	N0.HOG0000158	6	0.00447613	1	1	1	0.0762506724045186	13.1146384479718
GO:0042886	amide transport	BP	N0.HOG0000101	6	0.00287406	1	1	1	1.00632060247445	0.993719096619003
GO:0043170	macromolecule metabolic process	BP	N0.HOG0000028	2	0.00774613	1	1	7	4.29451317912856	1.62998684787374
GO:0043170	macromolecule metabolic process	BP	N0.HOG0000058	3	0.000638988	1	1	7	4.29451317912856	1.62998684787374
GO:0043170	macromolecule metabolic process	BP	N0.HOG0000101	6	0.00287406	1	1	7	4.29451317912856	1.62998684787374
GO:0043170	macromolecule metabolic process	BP	N0.HOG0000103	2	0.000699837	1	1	7	4.29451317912856	1.62998684787374
GO:0043170	macromolecule metabolic process	BP	N0.HOG0000158	6	0.00447613	1	1	7	4.29451317912856	1.62998684787374
GO:0043170	macromolecule metabolic process	BP	N0.HOG0000299	2	0.000699837	1	1	7	4.29451317912856	1.62998684787374
GO:0043170	macromolecule metabolic process	BP	N0.HOG0000639	2	0.000699837	1	1	7	4.29451317912856	1.62998684787374
GO:0043207	response to external biotic stimulus	BP	N0.HOG0000101	6	0.00287406	1	1	1	0.684373318988704	1.46119080369424
GO:0043324	pigment metabolic process involved in developmental pigmentation	BP	N0.HOG0000058	3	0.000638988	1	1	1	0.042361484669177	23.6063492063492
GO:0043385	mycotoxin metabolic process	BP	N0.HOG0000101	6	0.00287406	1	1	1	0.00188273265196342	531.142857142857
GO:0043436	oxoacid metabolic process	BP	N0.HOG0000101	6	0.00287406	1	1	3	0.570467993544917	5.25884016973126
GO:0043436	oxoacid metabolic process	BP	N0.HOG0000158	6	0.00447613	1	1	3	0.570467993544917	5.25884016973126
GO:0043436	oxoacid metabolic process	BP	N0.HOG0000639	2	0.000699837	1	1	3	0.570467993544917	5.25884016973126
GO:0043467	regulation of generation of precursor metabolites and energy	BP	N0.HOG0000058	3	0.000638988	1	1	1	0.0875470683162991	11.4224270353303
GO:0043470	regulation of carbohydrate catabolic process	BP	N0.HOG0000058	3	0.000638988	1	1	1	0.0395373856912318	25.2925170068027
GO:0043473	pigmentation	BP	N0.HOG0000058	3	0.000638988	1	1	1	0.188273265196342	5.31142857142857
GO:0043474	pigment metabolic process involved in pigmentation	BP	N0.HOG0000058	3	0.000638988	1	1	1	0.042361484669177	23.6063492063492
GO:0043603	amide metabolic process	BP	N0.HOG0000058	3	0.000638988	1	1	3	0.795454545454545	3.77142857142857
GO:0043603	amide metabolic process	BP	N0.HOG0000299	2	0.000699837	1	1	3	0.795454545454545	3.77142857142857
GO:0043603	amide metabolic process	BP	N0.HOG0000639	2	0.000699837	1	1	3	0.795454545454545	3.77142857142857
GO:0043604	amide biosynthetic process	BP	N0.HOG0000639	2	0.000699837	1	1	1	0.398197955890264	2.5113137453563
GO:0043648	dicarboxylic acid metabolic process	BP	N0.HOG0000158	6	0.00447613	1	1	1	0.0771920387305003	12.9547038327526
GO:0043933	protein-containing complex organization	BP	N0.HOG0000028	2	0.00774613	1	1	2	1.38380849919311	1.44528668610301
GO:0043933	protein-containing complex organization	BP	N0.HOG0000103	2	0.000699837	1	1	2	1.38380849919311	1.44528668610301
GO:0044042	glucan metabolic process	BP	N0.HOG0000639	2	0.000699837	1	1	1	0.0602474448628295	16.5982142857143
GO:0044085	cellular component biogenesis	BP	N0.HOG0000028	2	0.00774613	1	1	2	2.19714900484131	0.910270534949198
GO:0044085	cellular component biogenesis	BP	N0.HOG0000103	2	0.000699837	1	1	2	2.19714900484131	0.910270534949198
GO:0044238	primary metabolic process	BP	N0.HOG0000028	2	0.00774613	1	1	7	4.78967186659494	1.46147798742138
GO:0044238	primary metabolic process	BP	N0.HOG0000058	3	0.000638988	1	1	7	4.78967186659494	1.46147798742138
GO:0044238	primary metabolic process	BP	N0.HOG0000101	6	0.00287406	1	1	7	4.78967186659494	1.46147798742138
GO:0044238	primary metabolic process	BP	N0.HOG0000103	2	0.000699837	1	1	7	4.78967186659494	1.46147798742138
GO:0044238	primary metabolic process	BP	N0.HOG0000158	6	0.00447613	1	1	7	4.78967186659494	1.46147798742138
GO:0044238	primary metabolic process	BP	N0.HOG0000299	2	0.000699837	1	1	7	4.78967186659494	1.46147798742138
GO:0044238	primary metabolic process	BP	N0.HOG0000639	2	0.000699837	1	1	7	4.78967186659494	1.46147798742138
GO:0044248	cellular catabolic process	BP	N0.HOG0000299	2	0.000699837	1	1	1	1.0449166218397	0.957014157014157
GO:0044272	sulfur compound biosynthetic process	BP	N0.HOG0000639	2	0.000699837	1	1	1	0.108257127487897	9.23726708074534
GO:0044281	small molecule metabolic process	BP	N0.HOG0000058	3	0.000638988	1	1	4	1.12399139322216	3.55874611150993
GO:0044281	small molecule metabolic process	BP	N0.HOG0000101	6	0.00287406	1	1	4	1.12399139322216	3.55874611150993
GO:0044281	small molecule metabolic process	BP	N0.HOG0000158	6	0.00447613	1	1	4	1.12399139322216	3.55874611150993
GO:0044281	small molecule metabolic process	BP	N0.HOG0000639	2	0.000699837	1	1	4	1.12399139322216	3.55874611150993
GO:0044283	small molecule biosynthetic process	BP	N0.HOG0000639	2	0.000699837	1	1	1	0.399139322216245	2.50539083557951
GO:0044419	biological process involved in interspecies interaction between organisms	BP	N0.HOG0000101	6	0.00287406	1	1	1	0.846288327057558	1.1816303829652
GO:0045016	mitochondrial magnesium ion transmembrane transport	BP	N0.HOG0000058	3	0.000638988	1	1	1	0.00282409897794513	354.095238095238
GO:0045017	glycerolipid biosynthetic process	BP	N0.HOG0000639	2	0.000699837	1	1	1	0.166621839698763	6.00161420500404
GO:0045184	establishment of protein localization	BP	N0.HOG0000101	6	0.00287406	1	1	1	1.03738569123185	0.963961628208452
GO:0045333	cellular respiration	BP	N0.HOG0000158	6	0.00447613	1	1	1	0.186390532544379	5.36507936507937
GO:0045446	endothelial cell differentiation	BP	N0.HOG0000639	2	0.000699837	1	1	1	0.0658956428187198	15.1755102040816
GO:0045934	negative regulation of nucleobase-containing compound metabolic process	BP	N0.HOG0000103	2	0.000699837	1	1	1	0.899004841312534	1.11234106207928
GO:0046148	pigment biosynthetic process	BP	N0.HOG0000058	3	0.000638988	1	1	1	0.0866057019903174	11.5465838509317
GO:0046154	rhodopsin metabolic process	BP	N0.HOG0000058	3	0.000638988	1	1	1	0.0169445938676708	59.015873015873
GO:0046165	alcohol biosynthetic process	BP	N0.HOG0000639	2	0.000699837	1	1	1	0.105433028509952	9.48469387755102
GO:0046390	ribose phosphate biosynthetic process	BP	N0.HOG0000639	2	0.000699837	1	1	1	0.167563206024744	5.96789727126806
GO:0046394	carboxylic acid biosynthetic process	BP	N0.HOG0000639	2	0.000699837	1	1	1	0.178859601936525	5.59097744360902
GO:0046460	neutral lipid biosynthetic process	BP	N0.HOG0000639	2	0.000699837	1	1	1	0.0320064550833782	31.2436974789916
GO:0046463	acylglycerol biosynthetic process	BP	N0.HOG0000639	2	0.000699837	1	1	1	0.0320064550833782	31.2436974789916
GO:0046485	ether lipid metabolic process	BP	N0.HOG0000639	2	0.000699837	1	1	1	0.0103550295857988	96.5714285714286
GO:0046486	glycerolipid metabolic process	BP	N0.HOG0000639	2	0.000699837	1	1	1	0.24757934373319	4.03910917979359
GO:0046496	nicotinamide nucleotide metabolic process	BP	N0.HOG0000058	3	0.000638988	1	1	1	0.0922538999462076	10.8396501457726
GO:0046504	glycerol ether biosynthetic process	BP	N0.HOG0000639	2	0.000699837	1	1	1	0.00753093060785368	132.785714285714
GO:0046890	regulation of lipid biosynthetic process	BP	N0.HOG0000639	2	0.000699837	1	1	1	0.128025820333513	7.8109243697479
GO:0046907	intracellular transport	BP	N0.HOG0000058	3	0.000638988	1	1	2	1.19459386767079	1.67420916357087
GO:0046907	intracellular transport	BP	N0.HOG0000101	6	0.00287406	1	1	2	1.19459386767079	1.67420916357087
GO:0046942	carboxylic acid transport	BP	N0.HOG0000058	3	0.000638988	1	1	1	0.184507799892415	5.4198250728863
GO:0048066	developmental pigmentation	BP	N0.HOG0000058	3	0.000638988	1	1	1	0.150618612157074	6.63928571428571
GO:0048069	eye pigmentation	BP	N0.HOG0000058	3	0.000638988	1	1	1	0.0583647122108661	17.1336405529954
GO:0048232	male gamete generation	BP	N0.HOG0000101	6	0.00287406	1	1	1	0.50080688542227	1.99677765843179
GO:0048285	organelle fission	BP	N0.HOG0000101	6	0.00287406	1	1	1	0.50645508337816	1.97450876261285
GO:0048468	cell development	BP	N0.HOG0000028	2	0.00774613	1	1	4	2.18491124260355	1.83073798239675
GO:0048468	cell development	BP	N0.HOG0000058	3	0.000638988	1	1	4	2.18491124260355	1.83073798239675
GO:0048468	cell development	BP	N0.HOG0000101	6	0.00287406	1	1	4	2.18491124260355	1.83073798239675
GO:0048468	cell development	BP	N0.HOG0000639	2	0.000699837	1	1	4	2.18491124260355	1.83073798239675
GO:0048477	oogenesis	BP	N0.HOG0000101	6	0.00287406	1	1	1	0.67684238838085	1.47744883767137
GO:0048513	animal organ development	BP	N0.HOG0000028	2	0.00774613	1	1	3	2.24515868746638	1.33620844564241
GO:0048513	animal organ development	BP	N0.HOG0000299	2	0.000699837	1	1	3	2.24515868746638	1.33620844564241
GO:0048513	animal organ development	BP	N0.HOG0000639	2	0.000699837	1	1	3	2.24515868746638	1.33620844564241
GO:0048514	blood vessel morphogenesis	BP	N0.HOG0000299	2	0.000699837	1	1	1	0.257934373318989	3.87695516162669
GO:0048518	positive regulation of biological process	BP	N0.HOG0000639	2	0.000699837	1	1	1	2.93706293706294	0.340476190476191
GO:0048519	negative regulation of biological process	BP	N0.HOG0000103	2	0.000699837	1	1	1	2.7534965034965	0.363174603174603
GO:0048522	positive regulation of cellular process	BP	N0.HOG0000639	2	0.000699837	1	1	1	2.80338891877353	0.356711119639259
GO:0048523	negative regulation of cellular process	BP	N0.HOG0000103	2	0.000699837	1	1	1	2.67065626681011	0.374439800594189
GO:0048583	regulation of response to stimulus	BP	N0.HOG0000639	2	0.000699837	1	1	1	1.94956966110812	0.512933710422846
GO:0048584	positive regulation of response to stimulus	BP	N0.HOG0000639	2	0.000699837	1	1	1	1.11363636363636	0.89795918367347
GO:0048589	developmental growth	BP	N0.HOG0000028	2	0.00774613	1	1	1	0.77568585260893	1.28918169209431
GO:0048609	multicellular organismal reproductive process	BP	N0.HOG0000028	2	0.00774613	1	1	2	1.39792899408284	1.43068783068783
GO:0048609	multicellular organismal reproductive process	BP	N0.HOG0000101	6	0.00287406	1	1	2	1.39792899408284	1.43068783068783
GO:0048646	anatomical structure formation involved in morphogenesis	BP	N0.HOG0000101	6	0.00287406	1	1	2	0.923480365788058	2.16572011067424
GO:0048646	anatomical structure formation involved in morphogenesis	BP	N0.HOG0000299	2	0.000699837	1	1	2	0.923480365788058	2.16572011067424
GO:0048732	gland development	BP	N0.HOG0000639	2	0.000699837	1	1	1	0.469741796664874	2.12882908674492
GO:0048856	anatomical structure development	BP	N0.HOG0000028	2	0.00774613	1	1	6	3.66379774072082	1.63764498605197
GO:0048856	anatomical structure development	BP	N0.HOG0000058	3	0.000638988	1	1	6	3.66379774072082	1.63764498605197
GO:0048856	anatomical structure development	BP	N0.HOG0000101	6	0.00287406	1	1	6	3.66379774072082	1.63764498605197
GO:0048856	anatomical structure development	BP	N0.HOG0000158	6	0.00447613	1	1	6	3.66379774072082	1.63764498605197
GO:0048856	anatomical structure development	BP	N0.HOG0000299	2	0.000699837	1	1	6	3.66379774072082	1.63764498605197
GO:0048856	anatomical structure development	BP	N0.HOG0000639	2	0.000699837	1	1	6	3.66379774072082	1.63764498605197
GO:0048869	cellular developmental process	BP	N0.HOG0000028	2	0.00774613	1	1	4	2.63864981172673	1.5159268131084
GO:0048869	cellular developmental process	BP	N0.HOG0000058	3	0.000638988	1	1	4	2.63864981172673	1.5159268131084
GO:0048869	cellular developmental process	BP	N0.HOG0000101	6	0.00287406	1	1	4	2.63864981172673	1.5159268131084
GO:0048869	cellular developmental process	BP	N0.HOG0000639	2	0.000699837	1	1	4	2.63864981172673	1.5159268131084
GO:0048870	cell motility	BP	N0.HOG0000299	2	0.000699837	1	1	1	0.876412049488973	1.14101580481817
GO:0048878	chemical homeostasis	BP	N0.HOG0000028	2	0.00774613	1	1	2	0.591178052716514	3.38307552320291
GO:0048878	chemical homeostasis	BP	N0.HOG0000058	3	0.000638988	1	1	2	0.591178052716514	3.38307552320291
GO:0050657	nucleic acid transport	BP	N0.HOG0000101	6	0.00287406	1	1	2	0.171328671328671	11.6734693877551
GO:0050657	nucleic acid transport	BP	N0.HOG0000299	2	0.000699837	1	1	2	0.171328671328671	11.6734693877551
GO:0050658	RNA transport	BP	N0.HOG0000101	6	0.00287406	1	1	2	0.17038730500269	11.7379636937648
GO:0050658	RNA transport	BP	N0.HOG0000299	2	0.000699837	1	1	2	0.17038730500269	11.7379636937648
GO:0050789	regulation of biological process	BP	N0.HOG0000028	2	0.00774613	1	1	6	4.67011834319527	1.28476401647133
GO:0050789	regulation of biological process	BP	N0.HOG0000058	3	0.000638988	1	1	6	4.67011834319527	1.28476401647133
GO:0050789	regulation of biological process	BP	N0.HOG0000103	2	0.000699837	1	1	6	4.67011834319527	1.28476401647133
GO:0050789	regulation of biological process	BP	N0.HOG0000158	6	0.00447613	1	1	6	4.67011834319527	1.28476401647133
GO:0050789	regulation of biological process	BP	N0.HOG0000299	2	0.000699837	1	1	6	4.67011834319527	1.28476401647133
GO:0050789	regulation of biological process	BP	N0.HOG0000639	2	0.000699837	1	1	6	4.67011834319527	1.28476401647133
GO:0050794	regulation of cellular process	BP	N0.HOG0000028	2	0.00774613	1	1	5	4.51196880043034	1.10816369109714
GO:0050794	regulation of cellular process	BP	N0.HOG0000058	3	0.000638988	1	1	5	4.51196880043034	1.10816369109714
GO:0050794	regulation of cellular process	BP	N0.HOG0000103	2	0.000699837	1	1	5	4.51196880043034	1.10816369109714
GO:0050794	regulation of cellular process	BP	N0.HOG0000158	6	0.00447613	1	1	5	4.51196880043034	1.10816369109714
GO:0050794	regulation of cellular process	BP	N0.HOG0000639	2	0.000699837	1	1	5	4.51196880043034	1.10816369109714
GO:0050801	monoatomic ion homeostasis	BP	N0.HOG0000028	2	0.00774613	1	1	2	0.366191500806885	5.46162320969519
GO:0050801	monoatomic ion homeostasis	BP	N0.HOG0000058	3	0.000638988	1	1	2	0.366191500806885	5.46162320969519
GO:0050810	regulation of steroid biosynthetic process	BP	N0.HOG0000639	2	0.000699837	1	1	1	0.0602474448628295	16.5982142857143
GO:0050877	nervous system process	BP	N0.HOG0000028	2	0.00774613	1	1	4	0.811457772996235	4.92940006629102
GO:0050877	nervous system process	BP	N0.HOG0000058	3	0.000638988	1	1	4	0.811457772996235	4.92940006629102
GO:0050877	nervous system process	BP	N0.HOG0000101	6	0.00287406	1	1	4	0.811457772996235	4.92940006629102
GO:0050877	nervous system process	BP	N0.HOG0000158	6	0.00447613	1	1	4	0.811457772996235	4.92940006629102
GO:0050886	endocrine process	BP	N0.HOG0000299	2	0.000699837	1	1	1	0.0414201183431953	24.1428571428571
GO:0050896	response to stimulus	BP	N0.HOG0000028	2	0.00774613	1	1	5	3.90478752017214	1.2804794048767
GO:0050896	response to stimulus	BP	N0.HOG0000058	3	0.000638988	1	1	5	3.90478752017214	1.2804794048767
GO:0050896	response to stimulus	BP	N0.HOG0000101	6	0.00287406	1	1	5	3.90478752017214	1.2804794048767
GO:0050896	response to stimulus	BP	N0.HOG0000158	6	0.00447613	1	1	5	3.90478752017214	1.2804794048767
GO:0050896	response to stimulus	BP	N0.HOG0000639	2	0.000699837	1	1	5	3.90478752017214	1.2804794048767
GO:0050906	detection of stimulus involved in sensory perception	BP	N0.HOG0000028	2	0.00774613	1	1	2	0.11578805809575	17.2729384436702
GO:0050906	detection of stimulus involved in sensory perception	BP	N0.HOG0000158	6	0.00447613	1	1	2	0.11578805809575	17.2729384436702
GO:0050907	detection of chemical stimulus involved in sensory perception	BP	N0.HOG0000028	2	0.00774613	1	1	2	0.0433028509951587	46.1863354037267
GO:0050907	detection of chemical stimulus involved in sensory perception	BP	N0.HOG0000158	6	0.00447613	1	1	2	0.0433028509951587	46.1863354037267
GO:0051028	mRNA transport	BP	N0.HOG0000101	6	0.00287406	1	1	1	0.106374394835933	9.4007585335019
GO:0051156	glucose 6-phosphate metabolic process	BP	N0.HOG0000058	3	0.000638988	1	1	1	0.0141204948897257	70.8190476190476
GO:0051168	nuclear export	BP	N0.HOG0000101	6	0.00287406	1	1	1	0.160973641742873	6.21219715956558
GO:0051169	nuclear transport	BP	N0.HOG0000101	6	0.00287406	1	1	1	0.293706293706294	3.4047619047619
GO:0051174	regulation of phosphorus metabolic process	BP	N0.HOG0000058	3	0.000638988	1	1	1	0.850053792361485	1.17639613985129
GO:0051179	localization	BP	N0.HOG0000028	2	0.00774613	1	1	4	3.23924152770307	1.23485697679246
GO:0051179	localization	BP	N0.HOG0000058	3	0.000638988	1	1	4	3.23924152770307	1.23485697679246
GO:0051179	localization	BP	N0.HOG0000101	6	0.00287406	1	1	4	3.23924152770307	1.23485697679246
GO:0051179	localization	BP	N0.HOG0000299	2	0.000699837	1	1	4	3.23924152770307	1.23485697679246
GO:0051234	establishment of localization	BP	N0.HOG0000028	2	0.00774613	1	1	4	2.5529854760624	1.56679308891698
GO:0051234	establishment of localization	BP	N0.HOG0000058	3	0.000638988	1	1	4	2.5529854760624	1.56679308891698
GO:0051234	establishment of localization	BP	N0.HOG0000101	6	0.00287406	1	1	4	2.5529854760624	1.56679308891698
GO:0051234	establishment of localization	BP	N0.HOG0000299	2	0.000699837	1	1	4	2.5529854760624	1.56679308891698
GO:0051236	establishment of RNA localization	BP	N0.HOG0000101	6	0.00287406	1	1	2	0.175094136632598	11.4224270353303
GO:0051236	establishment of RNA localization	BP	N0.HOG0000299	2	0.000699837	1	1	2	0.175094136632598	11.4224270353303
GO:0051252	regulation of RNA metabolic process	BP	N0.HOG0000103	2	0.000699837	1	1	1	1.79424421732114	0.557337730475191
GO:0051253	negative regulation of RNA metabolic process	BP	N0.HOG0000103	2	0.000699837	1	1	1	0.808633674018289	1.23665391651422
GO:0051259	protein complex oligomerization	BP	N0.HOG0000028	2	0.00774613	1	1	1	0.292764927380312	3.41570969223702
GO:0051276	chromosome organization	BP	N0.HOG0000103	2	0.000699837	1	1	1	0.870763851533082	1.14841698841699
GO:0051301	cell division	BP	N0.HOG0000101	6	0.00287406	1	1	1	0.449973103819258	2.22235505080693
GO:0051321	meiotic cell cycle	BP	N0.HOG0000101	6	0.00287406	1	1	1	0.337950511027434	2.95901313171508
GO:0051604	protein maturation	BP	N0.HOG0000299	2	0.000699837	1	1	1	0.342657342657343	2.91836734693878
GO:0051606	detection of stimulus	BP	N0.HOG0000028	2	0.00774613	1	1	2	0.259817105970952	7.69772256728778
GO:0051606	detection of stimulus	BP	N0.HOG0000158	6	0.00447613	1	1	2	0.259817105970952	7.69772256728778
GO:0051641	cellular localization	BP	N0.HOG0000058	3	0.000638988	1	1	2	2.17926304464766	0.917741437827831
GO:0051641	cellular localization	BP	N0.HOG0000101	6	0.00287406	1	1	2	2.17926304464766	0.917741437827831
GO:0051649	establishment of localization in cell	BP	N0.HOG0000058	3	0.000638988	1	1	2	1.59279182356105	1.25565687267815
GO:0051649	establishment of localization in cell	BP	N0.HOG0000101	6	0.00287406	1	1	2	1.59279182356105	1.25565687267815
GO:0051707	response to other organism	BP	N0.HOG0000101	6	0.00287406	1	1	1	0.683431952662722	1.46320346320346
GO:0051716	cellular response to stimulus	BP	N0.HOG0000028	2	0.00774613	1	1	5	3.1243948359333	1.60030990401584
GO:0051716	cellular response to stimulus	BP	N0.HOG0000058	3	0.000638988	1	1	5	3.1243948359333	1.60030990401584
GO:0051716	cellular response to stimulus	BP	N0.HOG0000101	6	0.00287406	1	1	5	3.1243948359333	1.60030990401584
GO:0051716	cellular response to stimulus	BP	N0.HOG0000158	6	0.00447613	1	1	5	3.1243948359333	1.60030990401584
GO:0051716	cellular response to stimulus	BP	N0.HOG0000639	2	0.000699837	1	1	5	3.1243948359333	1.60030990401584
GO:0055080	monoatomic cation homeostasis	BP	N0.HOG0000028	2	0.00774613	1	1	2	0.329478214093599	6.07020408163265
GO:0055080	monoatomic cation homeostasis	BP	N0.HOG0000058	3	0.000638988	1	1	2	0.329478214093599	6.07020408163265
GO:0055082	intracellular chemical homeostasis	BP	N0.HOG0000058	3	0.000638988	1	1	1	0.373722431414739	2.67578265563152
GO:0055085	transmembrane transport	BP	N0.HOG0000058	3	0.000638988	1	1	1	0.740855298547606	1.3497912506807
GO:0055086	nucleobase-containing small molecule metabolic process	BP	N0.HOG0000058	3	0.000638988	1	1	3	0.49515868746638	6.05866376969039
GO:0055086	nucleobase-containing small molecule metabolic process	BP	N0.HOG0000158	6	0.00447613	1	1	3	0.49515868746638	6.05866376969039
GO:0055086	nucleobase-containing small molecule metabolic process	BP	N0.HOG0000639	2	0.000699837	1	1	3	0.49515868746638	6.05866376969039
GO:0060429	epithelium development	BP	N0.HOG0000058	3	0.000638988	1	1	2	1.2972027972028	1.54177897574124
GO:0060429	epithelium development	BP	N0.HOG0000639	2	0.000699837	1	1	2	1.2972027972028	1.54177897574124
GO:0060541	respiratory system development	BP	N0.HOG0000058	3	0.000638988	1	1	1	0.365250134480904	2.73784977908689
GO:0061028	establishment of endothelial barrier	BP	N0.HOG0000639	2	0.000699837	1	1	1	0.0272996234534696	36.6305418719212
GO:0061640	cytoskeleton-dependent cytokinesis	BP	N0.HOG0000101	6	0.00287406	1	1	1	0.163797740720818	6.10509031198686
GO:0062012	regulation of small molecule metabolic process	BP	N0.HOG0000058	3	0.000638988	1	1	2	0.229693383539537	8.70725995316159
GO:0062012	regulation of small molecule metabolic process	BP	N0.HOG0000639	2	0.000699837	1	1	2	0.229693383539537	8.70725995316159
GO:0065003	protein-containing complex assembly	BP	N0.HOG0000028	2	0.00774613	1	1	2	1.17576654115116	1.70101795722292
GO:0065003	protein-containing complex assembly	BP	N0.HOG0000103	2	0.000699837	1	1	2	1.17576654115116	1.70101795722292
GO:0065004	protein-DNA complex assembly	BP	N0.HOG0000103	2	0.000699837	1	1	1	0.127084454007531	7.86878306878307
GO:0065007	biological regulation	BP	N0.HOG0000028	2	0.00774613	1	1	6	4.941231845078	1.21427210625153
GO:0065007	biological regulation	BP	N0.HOG0000058	3	0.000638988	1	1	6	4.941231845078	1.21427210625153
GO:0065007	biological regulation	BP	N0.HOG0000103	2	0.000699837	1	1	6	4.941231845078	1.21427210625153
GO:0065007	biological regulation	BP	N0.HOG0000158	6	0.00447613	1	1	6	4.941231845078	1.21427210625153
GO:0065007	biological regulation	BP	N0.HOG0000299	2	0.000699837	1	1	6	4.941231845078	1.21427210625153
GO:0065007	biological regulation	BP	N0.HOG0000639	2	0.000699837	1	1	6	4.941231845078	1.21427210625153
GO:0070633	transepithelial transport	BP	N0.HOG0000058	3	0.000638988	1	1	1	0.0310650887573965	32.1904761904762
GO:0070670	response to interleukin-4	BP	N0.HOG0000639	2	0.000699837	1	1	1	0.0216514254975793	46.1863354037267
GO:0070727	cellular macromolecule localization	BP	N0.HOG0000101	6	0.00287406	1	1	1	1.56737493275955	0.638009438009438
GO:0070887	cellular response to chemical stimulus	BP	N0.HOG0000058	3	0.000638988	1	1	2	1.39604626143088	1.4326172815721
GO:0070887	cellular response to chemical stimulus	BP	N0.HOG0000639	2	0.000699837	1	1	2	1.39604626143088	1.4326172815721
GO:0071322	cellular response to carbohydrate stimulus	BP	N0.HOG0000639	2	0.000699837	1	1	1	0.105433028509952	9.48469387755102
GO:0071324	cellular response to disaccharide stimulus	BP	N0.HOG0000639	2	0.000699837	1	1	1	0.0084722969338354	118.031746031746
GO:0071345	cellular response to cytokine stimulus	BP	N0.HOG0000639	2	0.000699837	1	1	1	0.377487896718666	2.64909155682223
GO:0071396	cellular response to lipid	BP	N0.HOG0000058	3	0.000638988	1	1	1	0.303119956966111	3.29902395740905
GO:0071495	cellular response to endogenous stimulus	BP	N0.HOG0000058	3	0.000638988	1	1	1	0.841581495427649	1.18823905401087
GO:0071616	acyl-CoA biosynthetic process	BP	N0.HOG0000639	2	0.000699837	1	1	1	0.0338891877353416	29.5079365079365
GO:0071705	nitrogen compound transport	BP	N0.HOG0000058	3	0.000638988	1	1	3	1.17670790747714	2.54948571428571
GO:0071705	nitrogen compound transport	BP	N0.HOG0000101	6	0.00287406	1	1	3	1.17670790747714	2.54948571428571
GO:0071705	nitrogen compound transport	BP	N0.HOG0000299	2	0.000699837	1	1	3	1.17670790747714	2.54948571428571
GO:0071824	protein-DNA complex organization	BP	N0.HOG0000103	2	0.000699837	1	1	1	0.163797740720818	6.10509031198686
GO:0071840	cellular component organization or biogenesis	BP	N0.HOG0000028	2	0.00774613	1	1	4	3.82759548144164	1.04504251282412
GO:0071840	cellular component organization or biogenesis	BP	N0.HOG0000058	3	0.000638988	1	1	4	3.82759548144164	1.04504251282412
GO:0071840	cellular component organization or biogenesis	BP	N0.HOG0000101	6	0.00287406	1	1	4	3.82759548144164	1.04504251282412
GO:0071840	cellular component organization or biogenesis	BP	N0.HOG0000103	2	0.000699837	1	1	4	3.82759548144164	1.04504251282412
GO:0072001	renal system development	BP	N0.HOG0000299	2	0.000699837	1	1	1	0.245696611081226	4.07006020799124
GO:0072006	nephron development	BP	N0.HOG0000299	2	0.000699837	1	1	1	0.084722969338354	11.8031746031746
GO:0072330	monocarboxylic acid biosynthetic process	BP	N0.HOG0000639	2	0.000699837	1	1	1	0.113905325443787	8.77922077922078
GO:0072337	modified amino acid transport	BP	N0.HOG0000058	3	0.000638988	1	1	1	0.013179128563744	75.8775510204082
GO:0072350	tricarboxylic acid metabolic process	BP	N0.HOG0000158	6	0.00447613	1	1	1	0.0480096826250672	20.8291316526611
GO:0072359	circulatory system development	BP	N0.HOG0000299	2	0.000699837	1	1	1	0.628832705755783	1.59024807527802
GO:0072521	purine-containing compound metabolic process	BP	N0.HOG0000058	3	0.000638988	1	1	3	0.403846153846154	7.42857142857143
GO:0072521	purine-containing compound metabolic process	BP	N0.HOG0000158	6	0.00447613	1	1	3	0.403846153846154	7.42857142857143
GO:0072521	purine-containing compound metabolic process	BP	N0.HOG0000639	2	0.000699837	1	1	3	0.403846153846154	7.42857142857143
GO:0072522	purine-containing compound biosynthetic process	BP	N0.HOG0000639	2	0.000699837	1	1	1	0.175094136632598	5.71121351766513
GO:0072524	pyridine-containing compound metabolic process	BP	N0.HOG0000058	3	0.000638988	1	1	1	0.100726196880043	9.92790387182911
GO:0080090	regulation of primary metabolic process	BP	N0.HOG0000058	3	0.000638988	1	1	3	2.75067240451856	1.09064241713112
GO:0080090	regulation of primary metabolic process	BP	N0.HOG0000103	2	0.000699837	1	1	3	2.75067240451856	1.09064241713112
GO:0080090	regulation of primary metabolic process	BP	N0.HOG0000639	2	0.000699837	1	1	3	2.75067240451856	1.09064241713112
GO:0090181	regulation of cholesterol metabolic process	BP	N0.HOG0000639	2	0.000699837	1	1	1	0.0367132867132867	27.2380952380952
GO:0090304	nucleic acid metabolic process	BP	N0.HOG0000028	2	0.00774613	1	1	3	2.60193652501345	1.1529873888774
GO:0090304	nucleic acid metabolic process	BP	N0.HOG0000101	6	0.00287406	1	1	3	2.60193652501345	1.1529873888774
GO:0090304	nucleic acid metabolic process	BP	N0.HOG0000103	2	0.000699837	1	1	3	2.60193652501345	1.1529873888774
GO:0090407	organophosphate biosynthetic process	BP	N0.HOG0000639	2	0.000699837	1	1	1	0.411377084454008	2.43085975809088
GO:0097089	methyl-branched fatty acid metabolic process	BP	N0.HOG0000639	2	0.000699837	1	1	1	0.00376546530392684	265.571428571429
GO:0098542	defense response to other organism	BP	N0.HOG0000101	6	0.00287406	1	1	1	0.556347498655191	1.79743775682862
GO:0098655	monoatomic cation transmembrane transport	BP	N0.HOG0000058	3	0.000638988	1	1	1	0.433969876277569	2.30430740625968
GO:0098660	inorganic ion transmembrane transport	BP	N0.HOG0000058	3	0.000638988	1	1	1	0.424556213017751	2.35540069686411
GO:0098662	inorganic cation transmembrane transport	BP	N0.HOG0000058	3	0.000638988	1	1	1	0.378429263044648	2.64250177683013
GO:0098771	inorganic ion homeostasis	BP	N0.HOG0000028	2	0.00774613	1	1	2	0.332302313071544	6.01861594496155
GO:0098771	inorganic ion homeostasis	BP	N0.HOG0000058	3	0.000638988	1	1	2	0.332302313071544	6.01861594496155
GO:0106118	regulation of sterol biosynthetic process	BP	N0.HOG0000639	2	0.000699837	1	1	1	0.0320064550833782	31.2436974789916
GO:0120178	steroid hormone biosynthetic process	BP	N0.HOG0000058	3	0.000638988	1	1	1	0.0169445938676708	59.015873015873
GO:0120251	hydrocarbon biosynthetic process	BP	N0.HOG0000101	6	0.00287406	1	1	2	0.0084722969338354	236.063492063492
GO:0120251	hydrocarbon biosynthetic process	BP	N0.HOG0000639	2	0.000699837	1	1	2	0.0084722969338354	236.063492063492
GO:0120252	hydrocarbon metabolic process	BP	N0.HOG0000101	6	0.00287406	1	1	2	0.013179128563744	151.755102040816
GO:0120252	hydrocarbon metabolic process	BP	N0.HOG0000639	2	0.000699837	1	1	2	0.013179128563744	151.755102040816
GO:0120254	olefinic compound metabolic process	BP	N0.HOG0000101	6	0.00287406	1	1	1	0.0310650887573965	32.1904761904762
GO:0140013	meiotic nuclear division	BP	N0.HOG0000101	6	0.00287406	1	1	1	0.25887573964497	3.86285714285714
GO:0140448	signaling receptor ligand precursor processing	BP	N0.HOG0000299	2	0.000699837	1	1	1	0.0169445938676708	59.015873015873
GO:0141187	nucleic acid biosynthetic process	BP	N0.HOG0000028	2	0.00774613	1	1	3	2.25551371705218	1.33007393274505
GO:0141187	nucleic acid biosynthetic process	BP	N0.HOG0000101	6	0.00287406	1	1	3	2.25551371705218	1.33007393274505
GO:0141187	nucleic acid biosynthetic process	BP	N0.HOG0000103	2	0.000699837	1	1	3	2.25551371705218	1.33007393274505
GO:0170037	export from the mitochondrion	BP	N0.HOG0000058	3	0.000638988	1	1	1	0.00470683162990855	212.457142857143
GO:1900542	regulation of purine nucleotide metabolic process	BP	N0.HOG0000058	3	0.000638988	1	1	1	0.0658956428187198	15.1755102040816
GO:1901135	carbohydrate derivative metabolic process	BP	N0.HOG0000058	3	0.000638988	1	1	3	0.731441635287789	4.10148924434639
GO:1901135	carbohydrate derivative metabolic process	BP	N0.HOG0000158	6	0.00447613	1	1	3	0.731441635287789	4.10148924434639
GO:1901135	carbohydrate derivative metabolic process	BP	N0.HOG0000639	2	0.000699837	1	1	3	0.731441635287789	4.10148924434639
GO:1901137	carbohydrate derivative biosynthetic process	BP	N0.HOG0000639	2	0.000699837	1	1	1	0.417025282409898	2.39793614962915
GO:1901293	nucleoside phosphate biosynthetic process	BP	N0.HOG0000639	2	0.000699837	1	1	1	0.223103819257665	4.48221820373719
GO:1901503	ether biosynthetic process	BP	N0.HOG0000639	2	0.000699837	1	1	1	0.00753093060785368	132.785714285714
GO:1901570	fatty acid derivative biosynthetic process	BP	N0.HOG0000639	2	0.000699837	1	1	1	0.0442442173211404	22.6018237082067
GO:1901652	response to peptide	BP	N0.HOG0000639	2	0.000699837	1	1	1	0.631656804733728	1.58313817330211
GO:1901700	response to oxygen-containing compound	BP	N0.HOG0000058	3	0.000638988	1	1	2	1.01479289940828	1.97084548104956
GO:1901700	response to oxygen-containing compound	BP	N0.HOG0000639	2	0.000699837	1	1	2	1.01479289940828	1.97084548104956
GO:1901701	cellular response to oxygen-containing compound	BP	N0.HOG0000058	3	0.000638988	1	1	2	0.647660032275417	3.08803986710963
GO:1901701	cellular response to oxygen-containing compound	BP	N0.HOG0000639	2	0.000699837	1	1	2	0.647660032275417	3.08803986710963
GO:1902001	fatty acid transmembrane transport	BP	N0.HOG0000058	3	0.000638988	1	1	1	0.0112963959117805	88.5238095238095
GO:1902031	regulation of NADP metabolic process	BP	N0.HOG0000058	3	0.000638988	1	1	1	0.00376546530392684	265.571428571429
GO:1902652	secondary alcohol metabolic process	BP	N0.HOG0000639	2	0.000699837	1	1	1	0.0884884346422808	11.3009118541033
GO:1902653	secondary alcohol biosynthetic process	BP	N0.HOG0000639	2	0.000699837	1	1	1	0.0593060785368478	16.8616780045351
GO:1902679	negative regulation of RNA biosynthetic process	BP	N0.HOG0000103	2	0.000699837	1	1	1	0.747444862829478	1.33789132781576
GO:1902930	regulation of alcohol biosynthetic process	BP	N0.HOG0000639	2	0.000699837	1	1	1	0.0433028509951587	23.0931677018634
GO:1903046	meiotic cell cycle process	BP	N0.HOG0000101	6	0.00287406	1	1	1	0.307826788596019	3.24858016601136
GO:1903131	mononuclear cell differentiation	BP	N0.HOG0000639	2	0.000699837	1	1	1	0.167563206024744	5.96789727126806
GO:1903825	organic acid transmembrane transport	BP	N0.HOG0000058	3	0.000638988	1	1	1	0.106374394835933	9.4007585335019
GO:1903830	magnesium ion transmembrane transport	BP	N0.HOG0000058	3	0.000638988	1	1	1	0.00658956428187198	151.755102040816
GO:1905039	carboxylic acid transmembrane transport	BP	N0.HOG0000058	3	0.000638988	1	1	1	0.106374394835933	9.4007585335019
GO:1990542	mitochondrial transmembrane transport	BP	N0.HOG0000058	3	0.000638988	1	1	1	0.07154384077461	13.9774436090226
GO:2001141	regulation of RNA biosynthetic process	BP	N0.HOG0000103	2	0.000699837	1	1	1	1.62009144701452	0.617249107661659
GO:0032590	dendrite membrane	CC	N0.HOG0000028	2	0.00774613	0.00069	0.00069	2	0.0385960193652501	51.8188153310105
GO:0032590	dendrite membrane	CC	N0.HOG0000158	6	0.00447613	0.00069	0.00069	2	0.0385960193652501	51.8188153310105
GO:0042587	glycogen granule	CC	N0.HOG0000639	2	0.000699837	0.008	0.008	1	0.00753093060785368	132.785714285714
GO:0045273	respiratory chain complex II (succinate dehydrogenase)	CC	N0.HOG0000158	6	0.00447613	0.00999	0.00999	1	0.00941366325981711	106.228571428571
GO:0045283	fumarate reductase complex	CC	N0.HOG0000158	6	0.00447613	0.00999	0.00999	1	0.00941366325981711	106.228571428571
GO:0000786	nucleosome	CC	N0.HOG0000103	2	0.000699837	0.01198	0.01198	1	0.0112963959117805	88.5238095238095
GO:0005847	mRNA cleavage and polyadenylation specificity factor complex	CC	N0.HOG0000101	6	0.00287406	0.01595	0.01595	1	0.0150618612157074	66.3928571428571
GO:0009897	external side of plasma membrane	CC	N0.HOG0000299	2	0.000699837	0.06249	0.06249	1	0.0602474448628295	16.5982142857143
GO:0005789	endoplasmic reticulum membrane	CC	N0.HOG0000058	3	0.000638988	0.07413	0.07413	2	0.436793975255514	4.57881773399015
GO:0005789	endoplasmic reticulum membrane	CC	N0.HOG0000101	6	0.00287406	0.07413	0.07413	2	0.436793975255514	4.57881773399015
GO:0005791	rough endoplasmic reticulum	CC	N0.HOG0000058	3	0.000638988	0.07476	0.07476	1	0.0724852071005917	13.7959183673469
GO:0005903	brush border	CC	N0.HOG0000299	2	0.000699837	0.07851	0.07851	1	0.0762506724045186	13.1146384479718
GO:0001650	fibrillar center	CC	N0.HOG0000101	6	0.00287406	0.08783	0.08783	1	0.0856643356643357	11.6734693877551
GO:0045177	apical part of cell	CC	N0.HOG0000058	3	0.000638988	0.10544	0.10544	2	0.288999462076385	6.92042810609586
GO:0045177	apical part of cell	CC	N0.HOG0000299	2	0.000699837	0.10544	0.10544	2	0.288999462076385	6.92042810609586
GO:0098800	inner mitochondrial membrane protein complex	CC	N0.HOG0000158	6	0.00447613	0.10713	0.10713	1	0.105433028509952	9.48469387755102
GO:0031983	vesicle lumen	CC	N0.HOG0000299	2	0.000699837	0.14381	0.14381	1	0.144029047875202	6.94304388422036
GO:0005681	spliceosomal complex	CC	N0.HOG0000028	2	0.00774613	0.14468	0.14468	1	0.144970414201183	6.89795918367347
GO:0016324	apical plasma membrane	CC	N0.HOG0000299	2	0.000699837	0.16896	0.16896	1	0.171328671328671	5.83673469387755
GO:0031965	nuclear membrane	CC	N0.HOG0000058	3	0.000638988	0.17323	0.17323	1	0.17603550295858	5.68067226890756
GO:0005743	mitochondrial inner membrane	CC	N0.HOG0000058	3	0.000638988	0.18348	0.18348	2	0.320064550833782	6.24873949579832
GO:0005743	mitochondrial inner membrane	CC	N0.HOG0000158	6	0.00447613	0.18348	0.18348	2	0.320064550833782	6.24873949579832
GO:0016607	nuclear speck	CC	N0.HOG0000101	6	0.00287406	0.2295	0.2295	1	0.240048413125336	4.16582633053221
GO:0000139	Golgi membrane	CC	N0.HOG0000158	6	0.00447613	0.24619	0.24619	1	0.259817105970952	3.84886128364389
GO:0005783	endoplasmic reticulum	CC	N0.HOG0000058	3	0.000638988	0.27229	0.27229	3	0.85852608929532	3.49436090225564
GO:0005783	endoplasmic reticulum	CC	N0.HOG0000101	6	0.00287406	0.27229	0.27229	3	0.85852608929532	3.49436090225564
GO:0005783	endoplasmic reticulum	CC	N0.HOG0000158	6	0.00447613	0.27229	0.27229	3	0.85852608929532	3.49436090225564
GO:0005794	Golgi apparatus	CC	N0.HOG0000158	6	0.00447613	0.28692	0.28692	2	0.705083378160301	2.83654396337974
GO:0005794	Golgi apparatus	CC	N0.HOG0000639	2	0.000699837	0.28692	0.28692	2	0.705083378160301	2.83654396337974
GO:0098791	Golgi apparatus subcompartment	CC	N0.HOG0000158	6	0.00447613	0.33011	0.33011	1	0.365250134480904	2.73784977908689
GO:0000228	nuclear chromosome	CC	N0.HOG0000103	2	0.000699837	0.33861	0.33861	1	0.376546530392684	2.65571428571429
GO:0012506	vesicle membrane	CC	N0.HOG0000299	2	0.000699837	0.38503	0.38503	1	0.440559440559441	2.26984126984127
GO:0005730	nucleolus	CC	N0.HOG0000028	2	0.00774613	0.39493	0.39493	2	0.606239913932222	3.29902395740905
GO:0005730	nucleolus	CC	N0.HOG0000101	6	0.00287406	0.39493	0.39493	2	0.606239913932222	3.29902395740905
GO:0005654	nucleoplasm	CC	N0.HOG0000028	2	0.00774613	0.47396	0.47396	3	2.00981710597095	1.4926731348277
GO:0005654	nucleoplasm	CC	N0.HOG0000101	6	0.00287406	0.47396	0.47396	3	2.00981710597095	1.4926731348277
GO:0005654	nucleoplasm	CC	N0.HOG0000158	6	0.00447613	0.47396	0.47396	3	2.00981710597095	1.4926731348277
GO:0005829	cytosol	CC	N0.HOG0000028	2	0.00774613	0.53508	0.53508	3	2.49367939752555	1.20304157903252
GO:0005829	cytosol	CC	N0.HOG0000058	3	0.000638988	0.53508	0.53508	3	2.49367939752555	1.20304157903252
GO:0005829	cytosol	CC	N0.HOG0000639	2	0.000699837	0.53508	0.53508	3	2.49367939752555	1.20304157903252
GO:0005886	plasma membrane	CC	N0.HOG0000028	2	0.00774613	0.5715	0.5715	4	1.74058633674018	2.29807618017461
GO:0005886	plasma membrane	CC	N0.HOG0000158	6	0.00447613	0.5715	0.5715	4	1.74058633674018	2.29807618017461
GO:0005886	plasma membrane	CC	N0.HOG0000299	2	0.000699837	0.5715	0.5715	4	1.74058633674018	2.29807618017461
GO:0005886	plasma membrane	CC	N0.HOG0000639	2	0.000699837	0.5715	0.5715	4	1.74058633674018	2.29807618017461
GO:0031410	cytoplasmic vesicle	CC	N0.HOG0000299	2	0.000699837	0.69015	0.69015	1	1.01196880043034	0.988172757475083
GO:0000785	chromatin	CC	N0.HOG0000103	2	0.000699837	1	1	1	0.445266272189349	2.24584717607973
GO:0005575	cellular_component	CC	N0.HOG0000028	2	0.00774613	1	1	7	6.56885422270038	1.06563485239324
GO:0005575	cellular_component	CC	N0.HOG0000058	3	0.000638988	1	1	7	6.56885422270038	1.06563485239324
GO:0005575	cellular_component	CC	N0.HOG0000101	6	0.00287406	1	1	7	6.56885422270038	1.06563485239324
GO:0005575	cellular_component	CC	N0.HOG0000103	2	0.000699837	1	1	7	6.56885422270038	1.06563485239324
GO:0005575	cellular_component	CC	N0.HOG0000158	6	0.00447613	1	1	7	6.56885422270038	1.06563485239324
GO:0005575	cellular_component	CC	N0.HOG0000299	2	0.000699837	1	1	7	6.56885422270038	1.06563485239324
GO:0005575	cellular_component	CC	N0.HOG0000639	2	0.000699837	1	1	7	6.56885422270038	1.06563485239324
GO:0005622	intracellular anatomical structure	CC	N0.HOG0000028	2	0.00774613	1	1	7	5.90989779451318	1.18445364765849
GO:0005622	intracellular anatomical structure	CC	N0.HOG0000058	3	0.000638988	1	1	7	5.90989779451318	1.18445364765849
GO:0005622	intracellular anatomical structure	CC	N0.HOG0000101	6	0.00287406	1	1	7	5.90989779451318	1.18445364765849
GO:0005622	intracellular anatomical structure	CC	N0.HOG0000103	2	0.000699837	1	1	7	5.90989779451318	1.18445364765849
GO:0005622	intracellular anatomical structure	CC	N0.HOG0000158	6	0.00447613	1	1	7	5.90989779451318	1.18445364765849
GO:0005622	intracellular anatomical structure	CC	N0.HOG0000299	2	0.000699837	1	1	7	5.90989779451318	1.18445364765849
GO:0005622	intracellular anatomical structure	CC	N0.HOG0000639	2	0.000699837	1	1	7	5.90989779451318	1.18445364765849
GO:0005634	nucleus	CC	N0.HOG0000028	2	0.00774613	1	1	5	3.31643356643357	1.50764364786505
GO:0005634	nucleus	CC	N0.HOG0000058	3	0.000638988	1	1	5	3.31643356643357	1.50764364786505
GO:0005634	nucleus	CC	N0.HOG0000101	6	0.00287406	1	1	5	3.31643356643357	1.50764364786505
GO:0005634	nucleus	CC	N0.HOG0000103	2	0.000699837	1	1	5	3.31643356643357	1.50764364786505
GO:0005634	nucleus	CC	N0.HOG0000158	6	0.00447613	1	1	5	3.31643356643357	1.50764364786505
GO:0005635	nuclear envelope	CC	N0.HOG0000058	3	0.000638988	1	1	1	0.305944055944056	3.26857142857143
GO:0005694	chromosome	CC	N0.HOG0000103	2	0.000699837	1	1	1	0.763448090371167	1.30984675004404
GO:0005737	cytoplasm	CC	N0.HOG0000028	2	0.00774613	1	1	6	4.94688004303389	1.21288568710072
GO:0005737	cytoplasm	CC	N0.HOG0000058	3	0.000638988	1	1	6	4.94688004303389	1.21288568710072
GO:0005737	cytoplasm	CC	N0.HOG0000101	6	0.00287406	1	1	6	4.94688004303389	1.21288568710072
GO:0005737	cytoplasm	CC	N0.HOG0000158	6	0.00447613	1	1	6	4.94688004303389	1.21288568710072
GO:0005737	cytoplasm	CC	N0.HOG0000299	2	0.000699837	1	1	6	4.94688004303389	1.21288568710072
GO:0005737	cytoplasm	CC	N0.HOG0000639	2	0.000699837	1	1	6	4.94688004303389	1.21288568710072
GO:0005739	mitochondrion	CC	N0.HOG0000058	3	0.000638988	1	1	2	0.955486820871436	2.09317382125264
GO:0005739	mitochondrion	CC	N0.HOG0000158	6	0.00447613	1	1	2	0.955486820871436	2.09317382125264
GO:0005740	mitochondrial envelope	CC	N0.HOG0000058	3	0.000638988	1	1	2	0.440559440559441	4.53968253968254
GO:0005740	mitochondrial envelope	CC	N0.HOG0000158	6	0.00447613	1	1	2	0.440559440559441	4.53968253968254
GO:0005849	mRNA cleavage factor complex	CC	N0.HOG0000101	6	0.00287406	1	1	1	0.0197686928456159	50.5850340136055
GO:0009986	cell surface	CC	N0.HOG0000299	2	0.000699837	1	1	1	0.222162452931684	4.50121065375303
GO:0012505	endomembrane system	CC	N0.HOG0000058	3	0.000638988	1	1	4	1.99381387842926	2.00620531498718
GO:0012505	endomembrane system	CC	N0.HOG0000101	6	0.00287406	1	1	4	1.99381387842926	2.00620531498718
GO:0012505	endomembrane system	CC	N0.HOG0000158	6	0.00447613	1	1	4	1.99381387842926	2.00620531498718
GO:0012505	endomembrane system	CC	N0.HOG0000639	2	0.000699837	1	1	4	1.99381387842926	2.00620531498718
GO:0016020	membrane	CC	N0.HOG0000028	2	0.00774613	1	1	6	2.94459386767079	2.03763244428206
GO:0016020	membrane	CC	N0.HOG0000058	3	0.000638988	1	1	6	2.94459386767079	2.03763244428206
GO:0016020	membrane	CC	N0.HOG0000101	6	0.00287406	1	1	6	2.94459386767079	2.03763244428206
GO:0016020	membrane	CC	N0.HOG0000158	6	0.00447613	1	1	6	2.94459386767079	2.03763244428206
GO:0016020	membrane	CC	N0.HOG0000299	2	0.000699837	1	1	6	2.94459386767079	2.03763244428206
GO:0016020	membrane	CC	N0.HOG0000639	2	0.000699837	1	1	6	2.94459386767079	2.03763244428206
GO:0016604	nuclear body	CC	N0.HOG0000101	6	0.00287406	1	1	1	0.463152232383002	2.15911730545877
GO:0019866	organelle inner membrane	CC	N0.HOG0000058	3	0.000638988	1	1	2	0.34642280796127	5.77329192546584
GO:0019866	organelle inner membrane	CC	N0.HOG0000158	6	0.00447613	1	1	2	0.34642280796127	5.77329192546584
GO:0030425	dendrite	CC	N0.HOG0000028	2	0.00774613	1	1	2	0.430204410973642	4.6489527977493
GO:0030425	dendrite	CC	N0.HOG0000158	6	0.00447613	1	1	2	0.430204410973642	4.6489527977493
GO:0031090	organelle membrane	CC	N0.HOG0000058	3	0.000638988	1	1	4	1.53536847767617	2.60523780327582
GO:0031090	organelle membrane	CC	N0.HOG0000101	6	0.00287406	1	1	4	1.53536847767617	2.60523780327582
GO:0031090	organelle membrane	CC	N0.HOG0000158	6	0.00447613	1	1	4	1.53536847767617	2.60523780327582
GO:0031090	organelle membrane	CC	N0.HOG0000299	2	0.000699837	1	1	4	1.53536847767617	2.60523780327582
GO:0031252	cell leading edge	CC	N0.HOG0000028	2	0.00774613	1	1	2	0.240048413125336	8.33165266106443
GO:0031252	cell leading edge	CC	N0.HOG0000158	6	0.00447613	1	1	2	0.240048413125336	8.33165266106443
GO:0031253	cell projection membrane	CC	N0.HOG0000028	2	0.00774613	1	1	2	0.188273265196342	10.6228571428571
GO:0031253	cell projection membrane	CC	N0.HOG0000158	6	0.00447613	1	1	2	0.188273265196342	10.6228571428571
GO:0031256	leading edge membrane	CC	N0.HOG0000028	2	0.00774613	1	1	2	0.105433028509952	18.969387755102
GO:0031256	leading edge membrane	CC	N0.HOG0000158	6	0.00447613	1	1	2	0.105433028509952	18.969387755102
GO:0031966	mitochondrial membrane	CC	N0.HOG0000058	3	0.000638988	1	1	2	0.413259817105971	4.83957045232672
GO:0031966	mitochondrial membrane	CC	N0.HOG0000158	6	0.00447613	1	1	2	0.413259817105971	4.83957045232672
GO:0031967	organelle envelope	CC	N0.HOG0000058	3	0.000638988	1	1	2	0.733324367939753	2.72730607005318
GO:0031967	organelle envelope	CC	N0.HOG0000158	6	0.00447613	1	1	2	0.733324367939753	2.72730607005318
GO:0031974	membrane-enclosed lumen	CC	N0.HOG0000028	2	0.00774613	1	1	5	2.80621301775148	1.7817606747496
GO:0031974	membrane-enclosed lumen	CC	N0.HOG0000101	6	0.00287406	1	1	5	2.80621301775148	1.7817606747496
GO:0031974	membrane-enclosed lumen	CC	N0.HOG0000103	2	0.000699837	1	1	5	2.80621301775148	1.7817606747496
GO:0031974	membrane-enclosed lumen	CC	N0.HOG0000158	6	0.00447613	1	1	5	2.80621301775148	1.7817606747496
GO:0031974	membrane-enclosed lumen	CC	N0.HOG0000299	2	0.000699837	1	1	5	2.80621301775148	1.7817606747496
GO:0031981	nuclear lumen	CC	N0.HOG0000028	2	0.00774613	1	1	4	2.29787520172136	1.74073857318429
GO:0031981	nuclear lumen	CC	N0.HOG0000101	6	0.00287406	1	1	4	2.29787520172136	1.74073857318429
GO:0031981	nuclear lumen	CC	N0.HOG0000103	2	0.000699837	1	1	4	2.29787520172136	1.74073857318429
GO:0031981	nuclear lumen	CC	N0.HOG0000158	6	0.00447613	1	1	4	2.29787520172136	1.74073857318429
GO:0031982	vesicle	CC	N0.HOG0000299	2	0.000699837	1	1	1	1.06374394835933	0.94007585335019
GO:0031984	organelle subcompartment	CC	N0.HOG0000058	3	0.000638988	1	1	3	0.725793437331899	4.13340744858255
GO:0031984	organelle subcompartment	CC	N0.HOG0000101	6	0.00287406	1	1	3	0.725793437331899	4.13340744858255
GO:0031984	organelle subcompartment	CC	N0.HOG0000158	6	0.00447613	1	1	3	0.725793437331899	4.13340744858255
GO:0032589	neuron projection membrane	CC	N0.HOG0000028	2	0.00774613	1	1	2	0.0611888111888112	32.6857142857143
GO:0032589	neuron projection membrane	CC	N0.HOG0000158	6	0.00447613	1	1	2	0.0611888111888112	32.6857142857143
GO:0032991	protein-containing complex	CC	N0.HOG0000028	2	0.00774613	1	1	4	2.93141473910705	1.36452885585834
GO:0032991	protein-containing complex	CC	N0.HOG0000101	6	0.00287406	1	1	4	2.93141473910705	1.36452885585834
GO:0032991	protein-containing complex	CC	N0.HOG0000103	2	0.000699837	1	1	4	2.93141473910705	1.36452885585834
GO:0032991	protein-containing complex	CC	N0.HOG0000158	6	0.00447613	1	1	4	2.93141473910705	1.36452885585834
GO:0032993	protein-DNA complex	CC	N0.HOG0000103	2	0.000699837	1	1	1	0.0630715438407746	15.8550106609808
GO:0036477	somatodendritic compartment	CC	N0.HOG0000028	2	0.00774613	1	1	2	0.64389456697149	3.10609857978279
GO:0036477	somatodendritic compartment	CC	N0.HOG0000158	6	0.00447613	1	1	2	0.64389456697149	3.10609857978279
GO:0042175	nuclear outer membrane-endoplasmic reticulum membrane network	CC	N0.HOG0000058	3	0.000638988	1	1	2	0.45656266810113	4.38055964653903
GO:0042175	nuclear outer membrane-endoplasmic reticulum membrane network	CC	N0.HOG0000101	6	0.00287406	1	1	2	0.45656266810113	4.38055964653903
GO:0042995	cell projection	CC	N0.HOG0000028	2	0.00774613	1	1	2	1.2096557288865	1.65336297943302
GO:0042995	cell projection	CC	N0.HOG0000158	6	0.00447613	1	1	2	1.2096557288865	1.65336297943302
GO:0043005	neuron projection	CC	N0.HOG0000028	2	0.00774613	1	1	2	0.85287789133943	2.34500157678966
GO:0043005	neuron projection	CC	N0.HOG0000158	6	0.00447613	1	1	2	0.85287789133943	2.34500157678966
GO:0043226	organelle	CC	N0.HOG0000028	2	0.00774613	1	1	7	5.41662183969876	1.2923183872089
GO:0043226	organelle	CC	N0.HOG0000058	3	0.000638988	1	1	7	5.41662183969876	1.2923183872089
GO:0043226	organelle	CC	N0.HOG0000101	6	0.00287406	1	1	7	5.41662183969876	1.2923183872089
GO:0043226	organelle	CC	N0.HOG0000103	2	0.000699837	1	1	7	5.41662183969876	1.2923183872089
GO:0043226	organelle	CC	N0.HOG0000158	6	0.00447613	1	1	7	5.41662183969876	1.2923183872089
GO:0043226	organelle	CC	N0.HOG0000299	2	0.000699837	1	1	7	5.41662183969876	1.2923183872089
GO:0043226	organelle	CC	N0.HOG0000639	2	0.000699837	1	1	7	5.41662183969876	1.2923183872089
GO:0043227	membrane-bounded organelle	CC	N0.HOG0000028	2	0.00774613	1	1	7	5.15962883270576	1.35668673599708
GO:0043227	membrane-bounded organelle	CC	N0.HOG0000058	3	0.000638988	1	1	7	5.15962883270576	1.35668673599708
GO:0043227	membrane-bounded organelle	CC	N0.HOG0000101	6	0.00287406	1	1	7	5.15962883270576	1.35668673599708
GO:0043227	membrane-bounded organelle	CC	N0.HOG0000103	2	0.000699837	1	1	7	5.15962883270576	1.35668673599708
GO:0043227	membrane-bounded organelle	CC	N0.HOG0000158	6	0.00447613	1	1	7	5.15962883270576	1.35668673599708
GO:0043227	membrane-bounded organelle	CC	N0.HOG0000299	2	0.000699837	1	1	7	5.15962883270576	1.35668673599708
GO:0043227	membrane-bounded organelle	CC	N0.HOG0000639	2	0.000699837	1	1	7	5.15962883270576	1.35668673599708
GO:0043228	membraneless organelle	CC	N0.HOG0000028	2	0.00774613	1	1	3	2.28187197417967	1.31471004243281
GO:0043228	membraneless organelle	CC	N0.HOG0000101	6	0.00287406	1	1	3	2.28187197417967	1.31471004243281
GO:0043228	membraneless organelle	CC	N0.HOG0000103	2	0.000699837	1	1	3	2.28187197417967	1.31471004243281
GO:0043229	intracellular organelle	CC	N0.HOG0000028	2	0.00774613	1	1	7	5.3479020979021	1.30892448512586
GO:0043229	intracellular organelle	CC	N0.HOG0000058	3	0.000638988	1	1	7	5.3479020979021	1.30892448512586
GO:0043229	intracellular organelle	CC	N0.HOG0000101	6	0.00287406	1	1	7	5.3479020979021	1.30892448512586
GO:0043229	intracellular organelle	CC	N0.HOG0000103	2	0.000699837	1	1	7	5.3479020979021	1.30892448512586
GO:0043229	intracellular organelle	CC	N0.HOG0000158	6	0.00447613	1	1	7	5.3479020979021	1.30892448512586
GO:0043229	intracellular organelle	CC	N0.HOG0000299	2	0.000699837	1	1	7	5.3479020979021	1.30892448512586
GO:0043229	intracellular organelle	CC	N0.HOG0000639	2	0.000699837	1	1	7	5.3479020979021	1.30892448512586
GO:0043231	intracellular membrane-bounded organelle	CC	N0.HOG0000028	2	0.00774613	1	1	7	5.00242065626681	1.39932254422281
GO:0043231	intracellular membrane-bounded organelle	CC	N0.HOG0000058	3	0.000638988	1	1	7	5.00242065626681	1.39932254422281
GO:0043231	intracellular membrane-bounded organelle	CC	N0.HOG0000101	6	0.00287406	1	1	7	5.00242065626681	1.39932254422281
GO:0043231	intracellular membrane-bounded organelle	CC	N0.HOG0000103	2	0.000699837	1	1	7	5.00242065626681	1.39932254422281
GO:0043231	intracellular membrane-bounded organelle	CC	N0.HOG0000158	6	0.00447613	1	1	7	5.00242065626681	1.39932254422281
GO:0043231	intracellular membrane-bounded organelle	CC	N0.HOG0000299	2	0.000699837	1	1	7	5.00242065626681	1.39932254422281
GO:0043231	intracellular membrane-bounded organelle	CC	N0.HOG0000639	2	0.000699837	1	1	7	5.00242065626681	1.39932254422281
GO:0043232	intracellular membraneless organelle	CC	N0.HOG0000028	2	0.00774613	1	1	3	2.28187197417967	1.31471004243281
GO:0043232	intracellular membraneless organelle	CC	N0.HOG0000101	6	0.00287406	1	1	3	2.28187197417967	1.31471004243281
GO:0043232	intracellular membraneless organelle	CC	N0.HOG0000103	2	0.000699837	1	1	3	2.28187197417967	1.31471004243281
GO:0043233	organelle lumen	CC	N0.HOG0000028	2	0.00774613	1	1	5	2.80621301775148	1.7817606747496
GO:0043233	organelle lumen	CC	N0.HOG0000101	6	0.00287406	1	1	5	2.80621301775148	1.7817606747496
GO:0043233	organelle lumen	CC	N0.HOG0000103	2	0.000699837	1	1	5	2.80621301775148	1.7817606747496
GO:0043233	organelle lumen	CC	N0.HOG0000158	6	0.00447613	1	1	5	2.80621301775148	1.7817606747496
GO:0043233	organelle lumen	CC	N0.HOG0000299	2	0.000699837	1	1	5	2.80621301775148	1.7817606747496
GO:0070013	intracellular organelle lumen	CC	N0.HOG0000028	2	0.00774613	1	1	4	2.8052716514255	1.42588686481304
GO:0070013	intracellular organelle lumen	CC	N0.HOG0000101	6	0.00287406	1	1	4	2.8052716514255	1.42588686481304
GO:0070013	intracellular organelle lumen	CC	N0.HOG0000103	2	0.000699837	1	1	4	2.8052716514255	1.42588686481304
GO:0070013	intracellular organelle lumen	CC	N0.HOG0000158	6	0.00447613	1	1	4	2.8052716514255	1.42588686481304
GO:0071944	cell periphery	CC	N0.HOG0000028	2	0.00774613	1	1	4	1.92132867132867	2.08189262966333
GO:0071944	cell periphery	CC	N0.HOG0000158	6	0.00447613	1	1	4	1.92132867132867	2.08189262966333
GO:0071944	cell periphery	CC	N0.HOG0000299	2	0.000699837	1	1	4	1.92132867132867	2.08189262966333
GO:0071944	cell periphery	CC	N0.HOG0000639	2	0.000699837	1	1	4	1.92132867132867	2.08189262966333
GO:0097447	dendritic tree	CC	N0.HOG0000028	2	0.00774613	1	1	2	0.431145777299624	4.63880224578915
GO:0097447	dendritic tree	CC	N0.HOG0000158	6	0.00447613	1	1	2	0.431145777299624	4.63880224578915
GO:0097708	intracellular vesicle	CC	N0.HOG0000299	2	0.000699837	1	1	1	1.0138515330823	0.986337710571694
GO:0098552	side of membrane	CC	N0.HOG0000299	2	0.000699837	1	1	1	0.192038730500269	5.20728291316527
GO:0098588	bounding membrane of organelle	CC	N0.HOG0000158	6	0.00447613	1	1	1	0.824636901559978	1.21265492498369
GO:0098590	plasma membrane region	CC	N0.HOG0000028	2	0.00774613	1	1	3	0.569526627218935	5.26753246753247
GO:0098590	plasma membrane region	CC	N0.HOG0000158	6	0.00447613	1	1	3	0.569526627218935	5.26753246753247
GO:0098590	plasma membrane region	CC	N0.HOG0000299	2	0.000699837	1	1	3	0.569526627218935	5.26753246753247
GO:0098796	membrane protein complex	CC	N0.HOG0000158	6	0.00447613	1	1	1	0.523399677245831	1.91058581706064
GO:0098798	mitochondrial protein-containing complex	CC	N0.HOG0000158	6	0.00447613	1	1	1	0.229693383539537	4.3536299765808
GO:0098803	respiratory chain complex	CC	N0.HOG0000158	6	0.00447613	1	1	1	0.0771920387305003	12.9547038327526
GO:0098827	endoplasmic reticulum subcompartment	CC	N0.HOG0000058	3	0.000638988	1	1	2	0.449031737493276	4.45402815214136
GO:0098827	endoplasmic reticulum subcompartment	CC	N0.HOG0000101	6	0.00287406	1	1	2	0.449031737493276	4.45402815214136
GO:0098862	cluster of actin-based cell projections	CC	N0.HOG0000299	2	0.000699837	1	1	1	0.103550295857988	9.65714285714286
GO:0110165	cellular anatomical structure	CC	N0.HOG0000028	2	0.00774613	1	1	7	6.56132329209252	1.06685796269727
GO:0110165	cellular anatomical structure	CC	N0.HOG0000058	3	0.000638988	1	1	7	6.56132329209252	1.06685796269727
GO:0110165	cellular anatomical structure	CC	N0.HOG0000101	6	0.00287406	1	1	7	6.56132329209252	1.06685796269727
GO:0110165	cellular anatomical structure	CC	N0.HOG0000103	2	0.000699837	1	1	7	6.56132329209252	1.06685796269727
GO:0110165	cellular anatomical structure	CC	N0.HOG0000158	6	0.00447613	1	1	7	6.56132329209252	1.06685796269727
GO:0110165	cellular anatomical structure	CC	N0.HOG0000299	2	0.000699837	1	1	7	6.56132329209252	1.06685796269727
GO:0110165	cellular anatomical structure	CC	N0.HOG0000639	2	0.000699837	1	1	7	6.56132329209252	1.06685796269727
GO:0120025	plasma membrane bounded cell projection	CC	N0.HOG0000028	2	0.00774613	1	1	2	1.1993006993007	1.66763848396501
GO:0120025	plasma membrane bounded cell projection	CC	N0.HOG0000158	6	0.00447613	1	1	2	1.1993006993007	1.66763848396501
GO:0140513	nuclear protein-containing complex	CC	N0.HOG0000028	2	0.00774613	1	1	2	0.832167832167832	2.40336134453782
GO:0140513	nuclear protein-containing complex	CC	N0.HOG0000101	6	0.00287406	1	1	2	0.832167832167832	2.40336134453782
GO:1902494	catalytic complex	CC	N0.HOG0000158	6	0.00447613	1	1	1	1.15411511565358	0.866464693544628
GO:1990204	oxidoreductase complex	CC	N0.HOG0000158	6	0.00447613	1	1	1	0.0913125336202259	10.9513991163476
GO:1990904	ribonucleoprotein complex	CC	N0.HOG0000028	2	0.00774613	1	1	1	0.67684238838085	1.47744883767137
GO:0004984	olfactory receptor activity	MF	N0.HOG0000028	2	0.00774613	0.00026	0.00026	2	0.0216514254975793	92.3726708074534
GO:0004984	olfactory receptor activity	MF	N0.HOG0000158	6	0.00447613	0.00026	0.00026	2	0.0216514254975793	92.3726708074534
GO:0005549	odorant binding	MF	N0.HOG0000028	2	0.00774613	0.00031	0.00031	2	0.0235341581495428	84.9828571428571
GO:0005549	odorant binding	MF	N0.HOG0000158	6	0.00447613	0.00031	0.00031	2	0.0235341581495428	84.9828571428571
GO:0003845	11-beta-hydroxysteroid dehydrogenase [NAD(P)+] activity	MF	N0.HOG0000058	3	0.000638988	0.00111	0.00111	1	0.000941366325981711	1062.28571428571
GO:0008392	arachidonate epoxygenase activity	MF	N0.HOG0000101	6	0.00287406	0.00111	0.00111	1	0.000941366325981711	1062.28571428571
GO:0047886	farnesol dehydrogenase activity	MF	N0.HOG0000058	3	0.000638988	0.00111	0.00111	1	0.000941366325981711	1062.28571428571
GO:0071771	aldehyde oxygenase (deformylating) activity	MF	N0.HOG0000101	6	0.00287406	0.00222	0.00222	1	0.00188273265196342	531.142857142857
GO:0072582	17-beta-hydroxysteroid dehydrogenase (NADP+) activity	MF	N0.HOG0000058	3	0.000638988	0.00222	0.00222	1	0.00188273265196342	531.142857142857
GO:0000253	3-beta-hydroxysteroid 3-dehydrogenase (NADP+) activity	MF	N0.HOG0000058	3	0.000638988	0.00333	0.00333	1	0.00282409897794513	354.095238095238
GO:0005476	carnitine:O-acyl-L-carnitine antiporter activity	MF	N0.HOG0000058	3	0.000638988	0.00333	0.00333	1	0.00282409897794513	354.095238095238
GO:0004303	estradiol 17-beta-dehydrogenase [NAD(P)+] activity	MF	N0.HOG0000058	3	0.000638988	0.00554	0.00554	1	0.00470683162990855	212.457142857143
GO:0004745	all-trans-retinol dehydrogenase (NAD+) activity	MF	N0.HOG0000058	3	0.000638988	0.00554	0.00554	1	0.00470683162990855	212.457142857143
GO:0015095	magnesium ion transmembrane transporter activity	MF	N0.HOG0000058	3	0.000638988	0.00775	0.00775	1	0.00658956428187198	151.755102040816
GO:0051538	3 iron, 4 sulfur cluster binding	MF	N0.HOG0000158	6	0.00447613	0.00775	0.00775	1	0.00658956428187198	151.755102040816
GO:0004571	mannosyl-oligosaccharide 1,2-alpha-mannosidase activity	MF	N0.HOG0000158	6	0.00447613	0.00996	0.00996	1	0.0084722969338354	118.031746031746
GO:0004312	fatty acid synthase activity	MF	N0.HOG0000639	2	0.000699837	0.01106	0.01106	1	0.00941366325981711	106.228571428571
GO:0008177	succinate dehydrogenase (quinone) activity	MF	N0.HOG0000158	6	0.00447613	0.01106	0.01106	1	0.00941366325981711	106.228571428571
GO:0070402	NADPH binding	MF	N0.HOG0000639	2	0.000699837	0.01106	0.01106	1	0.00941366325981711	106.228571428571
GO:0008395	steroid hydroxylase activity	MF	N0.HOG0000101	6	0.00287406	0.01216	0.01216	1	0.0103550295857988	96.5714285714286
GO:0048039	ubiquinone binding	MF	N0.HOG0000158	6	0.00447613	0.01326	0.01326	1	0.0112963959117805	88.5238095238095
GO:0051539	4 iron, 4 sulfur cluster binding	MF	N0.HOG0000158	6	0.00447613	0.01326	0.01326	1	0.0112963959117805	88.5238095238095
GO:0070006	metalloaminopeptidase activity	MF	N0.HOG0000299	2	0.000699837	0.01655	0.01655	1	0.0141204948897257	70.8190476190476
GO:0051537	2 iron, 2 sulfur cluster binding	MF	N0.HOG0000158	6	0.00447613	0.01764	0.01764	1	0.0150618612157074	66.3928571428571
GO:0050661	NADP binding	MF	N0.HOG0000058	3	0.000638988	0.01799	0.01799	2	0.0272996234534696	73.2610837438424
GO:0050661	NADP binding	MF	N0.HOG0000639	2	0.000699837	0.01799	0.01799	2	0.0272996234534696	73.2610837438424
GO:0008519	ammonium channel activity	MF	N0.HOG0000058	3	0.000638988	0.02092	0.02092	1	0.0178859601936525	55.9097744360902
GO:0005507	copper ion binding	MF	N0.HOG0000028	2	0.00774613	0.03286	0.03286	1	0.0282409897794513	35.4095238095238
GO:0005496	steroid binding	MF	N0.HOG0000058	3	0.000638988	0.04254	0.04254	1	0.0367132867132867	27.2380952380952
GO:0003724	RNA helicase activity	MF	N0.HOG0000028	2	0.00774613	0.06689	0.06689	1	0.0583647122108661	17.1336405529954
GO:0003697	single-stranded DNA binding	MF	N0.HOG0000639	2	0.000699837	0.1009	0.1009	1	0.0894298009682625	11.181954887218
GO:0042277	peptide binding	MF	N0.HOG0000299	2	0.000699837	0.16002	0.16002	1	0.145911780527165	6.85345622119816
GO:0033218	amide binding	MF	N0.HOG0000299	2	0.000699837	0.19663	0.19663	1	0.182625067240452	5.47569955817379
GO:0016887	ATP hydrolysis activity	MF	N0.HOG0000028	2	0.00774613	0.30329	0.30329	1	0.298413125336202	3.35105903560162
GO:0008270	zinc ion binding	MF	N0.HOG0000299	2	0.000699837	0.3106	0.3106	1	0.306885422270038	3.25854513584575
GO:1901363	heterocyclic compound binding	MF	N0.HOG0000028	2	0.00774613	0.35066	0.35066	4	1.76788596019365	2.26258938080024
GO:1901363	heterocyclic compound binding	MF	N0.HOG0000058	3	0.000638988	0.35066	0.35066	4	1.76788596019365	2.26258938080024
GO:1901363	heterocyclic compound binding	MF	N0.HOG0000103	2	0.000699837	0.35066	0.35066	4	1.76788596019365	2.26258938080024
GO:1901363	heterocyclic compound binding	MF	N0.HOG0000639	2	0.000699837	0.35066	0.35066	4	1.76788596019365	2.26258938080024
GO:0042803	protein homodimerization activity	MF	N0.HOG0000639	2	0.000699837	0.50431	0.50431	1	0.565761161915008	1.7675303066318
GO:0003723	RNA binding	MF	N0.HOG0000028	2	0.00774613	0.55769	0.55769	1	0.652366863905326	1.5328798185941
GO:0003677	DNA binding	MF	N0.HOG0000103	2	0.000699837	0.56264	0.56264	2	0.841581495427649	2.37647810802173
GO:0003677	DNA binding	MF	N0.HOG0000639	2	0.000699837	0.56264	0.56264	2	0.841581495427649	2.37647810802173
GO:0005515	protein binding	MF	N0.HOG0000028	2	0.00774613	0.98164	0.98164	2	3.47364174287251	0.575764614789005
GO:0005515	protein binding	MF	N0.HOG0000639	2	0.000699837	0.98164	0.98164	2	3.47364174287251	0.575764614789005
GO:0000104	succinate dehydrogenase activity	MF	N0.HOG0000158	6	0.00447613	1	1	1	0.00941366325981711	106.228571428571
GO:0000166	nucleotide binding	MF	N0.HOG0000058	3	0.000638988	1	1	2	0.436793975255514	4.57881773399015
GO:0000166	nucleotide binding	MF	N0.HOG0000639	2	0.000699837	1	1	2	0.436793975255514	4.57881773399015
GO:0003674	molecular_function	MF	N0.HOG0000028	2	0.00774613	1	1	7	5.93343195266272	1.17975567190227
GO:0003674	molecular_function	MF	N0.HOG0000058	3	0.000638988	1	1	7	5.93343195266272	1.17975567190227
GO:0003674	molecular_function	MF	N0.HOG0000101	6	0.00287406	1	1	7	5.93343195266272	1.17975567190227
GO:0003674	molecular_function	MF	N0.HOG0000103	2	0.000699837	1	1	7	5.93343195266272	1.17975567190227
GO:0003674	molecular_function	MF	N0.HOG0000158	6	0.00447613	1	1	7	5.93343195266272	1.17975567190227
GO:0003674	molecular_function	MF	N0.HOG0000299	2	0.000699837	1	1	7	5.93343195266272	1.17975567190227
GO:0003674	molecular_function	MF	N0.HOG0000639	2	0.000699837	1	1	7	5.93343195266272	1.17975567190227
GO:0003676	nucleic acid binding	MF	N0.HOG0000028	2	0.00774613	1	1	3	1.37627756858526	2.17979284737151
GO:0003676	nucleic acid binding	MF	N0.HOG0000103	2	0.000699837	1	1	3	1.37627756858526	2.17979284737151
GO:0003676	nucleic acid binding	MF	N0.HOG0000639	2	0.000699837	1	1	3	1.37627756858526	2.17979284737151
GO:0003824	catalytic activity	MF	N0.HOG0000028	2	0.00774613	1	1	6	2.77797202797203	2.15984896161108
GO:0003824	catalytic activity	MF	N0.HOG0000058	3	0.000638988	1	1	6	2.77797202797203	2.15984896161108
GO:0003824	catalytic activity	MF	N0.HOG0000101	6	0.00287406	1	1	6	2.77797202797203	2.15984896161108
GO:0003824	catalytic activity	MF	N0.HOG0000158	6	0.00447613	1	1	6	2.77797202797203	2.15984896161108
GO:0003824	catalytic activity	MF	N0.HOG0000299	2	0.000699837	1	1	6	2.77797202797203	2.15984896161108
GO:0003824	catalytic activity	MF	N0.HOG0000639	2	0.000699837	1	1	6	2.77797202797203	2.15984896161108
GO:0004022	alcohol dehydrogenase (NAD+) activity	MF	N0.HOG0000058	3	0.000638988	1	1	1	0.00658956428187198	151.755102040816
GO:0004177	aminopeptidase activity	MF	N0.HOG0000299	2	0.000699837	1	1	1	0.0310650887573965	32.1904761904762
GO:0004386	helicase activity	MF	N0.HOG0000028	2	0.00774613	1	1	1	0.100726196880043	9.92790387182911
GO:0004497	monooxygenase activity	MF	N0.HOG0000101	6	0.00287406	1	1	1	0.0404787520172136	24.7043189368771
GO:0004553	hydrolase activity, hydrolyzing O-glycosyl compounds	MF	N0.HOG0000158	6	0.00447613	1	1	1	0.0611888111888112	16.3428571428571
GO:0004559	alpha-mannosidase activity	MF	N0.HOG0000158	6	0.00447613	1	1	1	0.00941366325981711	106.228571428571
GO:0004888	transmembrane signaling receptor activity	MF	N0.HOG0000028	2	0.00774613	1	1	2	0.216514254975793	9.23726708074534
GO:0004888	transmembrane signaling receptor activity	MF	N0.HOG0000158	6	0.00447613	1	1	2	0.216514254975793	9.23726708074534
GO:0005215	transporter activity	MF	N0.HOG0000058	3	0.000638988	1	1	1	0.620360408821947	1.61196618252764
GO:0005488	binding	MF	N0.HOG0000028	2	0.00774613	1	1	6	4.49784830554061	1.33397117742032
GO:0005488	binding	MF	N0.HOG0000058	3	0.000638988	1	1	6	4.49784830554061	1.33397117742032
GO:0005488	binding	MF	N0.HOG0000103	2	0.000699837	1	1	6	4.49784830554061	1.33397117742032
GO:0005488	binding	MF	N0.HOG0000158	6	0.00447613	1	1	6	4.49784830554061	1.33397117742032
GO:0005488	binding	MF	N0.HOG0000299	2	0.000699837	1	1	6	4.49784830554061	1.33397117742032
GO:0005488	binding	MF	N0.HOG0000639	2	0.000699837	1	1	6	4.49784830554061	1.33397117742032
GO:0008186	ATP-dependent activity, acting on RNA	MF	N0.HOG0000028	2	0.00774613	1	1	1	0.0611888111888112	16.3428571428571
GO:0008233	peptidase activity	MF	N0.HOG0000299	2	0.000699837	1	1	1	0.250403442711135	3.99355531686359
GO:0008235	metalloexopeptidase activity	MF	N0.HOG0000299	2	0.000699837	1	1	1	0.0282409897794513	35.4095238095238
GO:0008237	metallopeptidase activity	MF	N0.HOG0000299	2	0.000699837	1	1	1	0.0734265734265734	13.6190476190476
GO:0008238	exopeptidase activity	MF	N0.HOG0000299	2	0.000699837	1	1	1	0.0517751479289941	19.3142857142857
GO:0008289	lipid binding	MF	N0.HOG0000058	3	0.000638988	1	1	1	0.292764927380312	3.41570969223702
GO:0008324	monoatomic cation transmembrane transporter activity	MF	N0.HOG0000058	3	0.000638988	1	1	1	0.320064550833782	3.12436974789916
GO:0008391	arachidonate monooxygenase activity	MF	N0.HOG0000101	6	0.00287406	1	1	1	0.000941366325981711	1062.28571428571
GO:0015075	monoatomic ion transmembrane transporter activity	MF	N0.HOG0000058	3	0.000638988	1	1	1	0.432087143625605	2.31434796140679
GO:0015101	organic cation transmembrane transporter activity	MF	N0.HOG0000058	3	0.000638988	1	1	1	0.035771920387305	27.9548872180451
GO:0015226	carnitine transmembrane transporter activity	MF	N0.HOG0000058	3	0.000638988	1	1	1	0.00376546530392684	265.571428571429
GO:0015227	O-acyl-L-carnitine transmembrane transporter activity	MF	N0.HOG0000058	3	0.000638988	1	1	1	0.00376546530392684	265.571428571429
GO:0015267	channel activity	MF	N0.HOG0000058	3	0.000638988	1	1	1	0.206159225389995	4.85061969993477
GO:0015291	secondary active transmembrane transporter activity	MF	N0.HOG0000058	3	0.000638988	1	1	1	0.0884884346422808	11.3009118541033
GO:0015297	antiporter activity	MF	N0.HOG0000058	3	0.000638988	1	1	1	0.0367132867132867	27.2380952380952
GO:0015318	inorganic molecular entity transmembrane transporter activity	MF	N0.HOG0000058	3	0.000638988	1	1	1	0.420790747713825	2.37647810802173
GO:0015651	quaternary ammonium group transmembrane transporter activity	MF	N0.HOG0000058	3	0.000638988	1	1	1	0.00658956428187198	151.755102040816
GO:0015923	mannosidase activity	MF	N0.HOG0000158	6	0.00447613	1	1	1	0.0103550295857988	96.5714285714286
GO:0015924	mannosyl-oligosaccharide mannosidase activity	MF	N0.HOG0000158	6	0.00447613	1	1	1	0.00941366325981711	106.228571428571
GO:0016229	steroid dehydrogenase activity	MF	N0.HOG0000058	3	0.000638988	1	1	1	0.0084722969338354	118.031746031746
GO:0016462	pyrophosphatase activity	MF	N0.HOG0000028	2	0.00774613	1	1	1	0.46221086605702	2.16351469304626
GO:0016491	oxidoreductase activity	MF	N0.HOG0000058	3	0.000638988	1	1	3	0.374663797740721	8.00717875089734
GO:0016491	oxidoreductase activity	MF	N0.HOG0000101	6	0.00287406	1	1	3	0.374663797740721	8.00717875089734
GO:0016491	oxidoreductase activity	MF	N0.HOG0000158	6	0.00447613	1	1	3	0.374663797740721	8.00717875089734
GO:0016614	oxidoreductase activity, acting on CH-OH group of donors	MF	N0.HOG0000058	3	0.000638988	1	1	1	0.0630715438407746	15.8550106609808
GO:0016616	oxidoreductase activity, acting on the CH-OH group of donors, NAD or NADP as acceptor	MF	N0.HOG0000058	3	0.000638988	1	1	1	0.0574233458848843	17.4145199063232
GO:0016627	oxidoreductase activity, acting on the CH-CH group of donors	MF	N0.HOG0000158	6	0.00447613	1	1	1	0.035771920387305	27.9548872180451
GO:0016635	oxidoreductase activity, acting on the CH-CH group of donors, quinone or related compound as acceptor	MF	N0.HOG0000158	6	0.00447613	1	1	1	0.0112963959117805	88.5238095238095
GO:0016705	oxidoreductase activity, acting on paired donors, with incorporation or reduction of molecular oxygen	MF	N0.HOG0000101	6	0.00287406	1	1	1	0.0602474448628295	16.5982142857143
GO:0016740	transferase activity	MF	N0.HOG0000639	2	0.000699837	1	1	1	1.11551909628833	0.896443640747438
GO:0016746	acyltransferase activity	MF	N0.HOG0000639	2	0.000699837	1	1	1	0.341715976331361	2.92640692640693
GO:0016747	acyltransferase activity, transferring groups other than amino-acyl groups	MF	N0.HOG0000639	2	0.000699837	1	1	1	0.11578805809575	8.63646922183508
GO:0016787	hydrolase activity	MF	N0.HOG0000028	2	0.00774613	1	1	3	1.21812802582033	2.46279531905498
GO:0016787	hydrolase activity	MF	N0.HOG0000158	6	0.00447613	1	1	3	1.21812802582033	2.46279531905498
GO:0016787	hydrolase activity	MF	N0.HOG0000299	2	0.000699837	1	1	3	1.21812802582033	2.46279531905498
GO:0016798	hydrolase activity, acting on glycosyl bonds	MF	N0.HOG0000158	6	0.00447613	1	1	1	0.0724852071005917	13.7959183673469
GO:0016817	hydrolase activity, acting on acid anhydrides	MF	N0.HOG0000028	2	0.00774613	1	1	1	0.46221086605702	2.16351469304626
GO:0016818	hydrolase activity, acting on acid anhydrides, in phosphorus-containing anhydrides	MF	N0.HOG0000028	2	0.00774613	1	1	1	0.46221086605702	2.16351469304626
GO:0016829	lyase activity	MF	N0.HOG0000101	6	0.00287406	1	1	1	0.108257127487897	9.23726708074534
GO:0016830	carbon-carbon lyase activity	MF	N0.HOG0000101	6	0.00287406	1	1	1	0.0376546530392684	26.5571428571429
GO:0017076	purine nucleotide binding	MF	N0.HOG0000058	3	0.000638988	1	1	2	0.391608391608392	5.10714285714286
GO:0017076	purine nucleotide binding	MF	N0.HOG0000639	2	0.000699837	1	1	2	0.391608391608392	5.10714285714286
GO:0017111	ribonucleoside triphosphate phosphatase activity	MF	N0.HOG0000028	2	0.00774613	1	1	1	0.440559440559441	2.26984126984127
GO:0018455	alcohol dehydrogenase [NAD(P)+] activity	MF	N0.HOG0000058	3	0.000638988	1	1	1	0.0169445938676708	59.015873015873
GO:0022803	passive transmembrane transporter activity	MF	N0.HOG0000058	3	0.000638988	1	1	1	0.206159225389995	4.85061969993477
GO:0022804	active transmembrane transporter activity	MF	N0.HOG0000058	3	0.000638988	1	1	1	0.224986551909629	4.44471010161387
GO:0022857	transmembrane transporter activity	MF	N0.HOG0000058	3	0.000638988	1	1	1	0.522458310919849	1.91402831402831
GO:0022890	inorganic cation transmembrane transporter activity	MF	N0.HOG0000058	3	0.000638988	1	1	1	0.306885422270038	3.25854513584575
GO:0030554	adenyl nucleotide binding	MF	N0.HOG0000058	3	0.000638988	1	1	2	0.290882194728349	6.87563569116967
GO:0030554	adenyl nucleotide binding	MF	N0.HOG0000639	2	0.000699837	1	1	2	0.290882194728349	6.87563569116967
GO:0033764	steroid dehydrogenase activity, acting on the CH-OH group of donors, NAD or NADP as acceptor	MF	N0.HOG0000058	3	0.000638988	1	1	1	0.00753093060785368	132.785714285714
GO:0036094	small molecule binding	MF	N0.HOG0000028	2	0.00774613	1	1	6	2.4089564281872	2.49070507452688
GO:0036094	small molecule binding	MF	N0.HOG0000058	3	0.000638988	1	1	6	2.4089564281872	2.49070507452688
GO:0036094	small molecule binding	MF	N0.HOG0000103	2	0.000699837	1	1	6	2.4089564281872	2.49070507452688
GO:0036094	small molecule binding	MF	N0.HOG0000158	6	0.00447613	1	1	6	2.4089564281872	2.49070507452688
GO:0036094	small molecule binding	MF	N0.HOG0000299	2	0.000699837	1	1	6	2.4089564281872	2.49070507452688
GO:0036094	small molecule binding	MF	N0.HOG0000639	2	0.000699837	1	1	6	2.4089564281872	2.49070507452688
GO:0038023	signaling receptor activity	MF	N0.HOG0000028	2	0.00774613	1	1	2	0.307826788596019	6.49716033202272
GO:0038023	signaling receptor activity	MF	N0.HOG0000158	6	0.00447613	1	1	2	0.307826788596019	6.49716033202272
GO:0042802	identical protein binding	MF	N0.HOG0000639	2	0.000699837	1	1	1	0.989376008606778	1.01073807258393
GO:0043167	ion binding	MF	N0.HOG0000028	2	0.00774613	1	1	3	1.20212479827864	2.49558116120371
GO:0043167	ion binding	MF	N0.HOG0000299	2	0.000699837	1	1	3	1.20212479827864	2.49558116120371
GO:0043167	ion binding	MF	N0.HOG0000639	2	0.000699837	1	1	3	1.20212479827864	2.49558116120371
GO:0043168	anion binding	MF	N0.HOG0000639	2	0.000699837	1	1	1	0.713555675094137	1.40143234074633
GO:0043169	cation binding	MF	N0.HOG0000028	2	0.00774613	1	1	2	0.674018289402905	2.96727853152434
GO:0043169	cation binding	MF	N0.HOG0000299	2	0.000699837	1	1	2	0.674018289402905	2.96727853152434
GO:0046872	metal ion binding	MF	N0.HOG0000028	2	0.00774613	1	1	2	0.624125874125874	3.20448179271709
GO:0046872	metal ion binding	MF	N0.HOG0000299	2	0.000699837	1	1	2	0.624125874125874	3.20448179271709
GO:0046873	metal ion transmembrane transporter activity	MF	N0.HOG0000058	3	0.000638988	1	1	1	0.184507799892415	5.4198250728863
GO:0046914	transition metal ion binding	MF	N0.HOG0000028	2	0.00774613	1	1	2	0.399139322216245	5.01078167115903
GO:0046914	transition metal ion binding	MF	N0.HOG0000299	2	0.000699837	1	1	2	0.399139322216245	5.01078167115903
GO:0046983	protein dimerization activity	MF	N0.HOG0000639	2	0.000699837	1	1	1	0.751210328133405	1.3311851056212
GO:0048038	quinone binding	MF	N0.HOG0000158	6	0.00447613	1	1	1	0.0112963959117805	88.5238095238095
GO:0051536	iron-sulfur cluster binding	MF	N0.HOG0000158	6	0.00447613	1	1	1	0.0235341581495428	42.4914285714286
GO:0051540	metal cluster binding	MF	N0.HOG0000158	6	0.00447613	1	1	1	0.0235341581495428	42.4914285714286
GO:0060089	molecular transducer activity	MF	N0.HOG0000028	2	0.00774613	1	1	2	0.312533620225928	6.39931153184165
GO:0060089	molecular transducer activity	MF	N0.HOG0000158	6	0.00447613	1	1	2	0.312533620225928	6.39931153184165
GO:0072349	modified amino acid transmembrane transporter activity	MF	N0.HOG0000058	3	0.000638988	1	1	1	0.0122377622377622	81.7142857142857
GO:0140096	catalytic activity, acting on a protein	MF	N0.HOG0000299	2	0.000699837	1	1	1	1.080688542227	0.925335988053758
GO:0140098	catalytic activity, acting on RNA	MF	N0.HOG0000028	2	0.00774613	1	1	1	0.274878967186659	3.63796477495108
GO:0140640	catalytic activity, acting on a nucleic acid	MF	N0.HOG0000028	2	0.00774613	1	1	1	0.412318450779989	2.42530984996738
GO:0140657	ATP-dependent activity	MF	N0.HOG0000028	2	0.00774613	1	1	1	0.360543302850995	2.77359194330474
GO:1901265	nucleoside phosphate binding	MF	N0.HOG0000058	3	0.000638988	1	1	2	0.437735341581495	4.56897081413211
GO:1901265	nucleoside phosphate binding	MF	N0.HOG0000639	2	0.000699837	1	1	2	0.437735341581495	4.56897081413211
