annotation_set	foreground_top_k	topGO_algorithm	topGO_statistic	nodeSize	multiple_testing_correction	label	ontology	GO.ID	Term	Annotated	Significant	Expected	FoldEnrichment	p	algorithm	Members_n	MembersStr	definition
final_direct_conserved_plus_Dmel_experimental	300	weight01	fisher	20	none	SC_pos	BP	GO:0006635	fatty acid beta-oxidation	26	13	1.85	7.027027027027026	4.1e-9	weight01	13	N13.HOG0002821;N13.HOG0005679;N13.HOG0006063;N13.HOG0006510;N13.HOG0007413;N13.HOG0007686;N13.HOG0007797;N13.HOG0007897;N13.HOG0007931;N13.HOG0008139;N13.HOG0008494;N13.HOG0008677;N13.HOG0008908	A fatty acid oxidation process that results in the complete oxidation of a long-chain fatty acid. Fatty acid beta-oxidation begins with the addition of coenzyme A to a fatty acid, and occurs by successive cycles of reactions during each of which the fatty acid is shortened by a two-carbon fragment removed as acetyl coenzyme A; the cycle continues until only two or three carbons remain (as acetyl-CoA or propionyl-CoA respectively).
final_direct_conserved_plus_Dmel_experimental	300	weight01	fisher	20	none	SC_pos	BP	GO:0006805	xenobiotic metabolic process	229	45	16.29	2.7624309392265194	8.3e-9	weight01	45	N13.HOG0001720;N13.HOG0001742;N13.HOG0001967;N13.HOG0002474;N13.HOG0002708;N13.HOG0002709;N13.HOG0002865;N13.HOG0003761;N13.HOG0003997;N13.HOG0004383;N13.HOG0004659;N13.HOG0004983;N13.HOG0005080;N13.HOG0005107;N13.HOG0005222;N13.HOG0005558;N13.HOG0005679;N13.HOG0005767;N13.HOG0005834;N13.HOG0005897;N13.HOG0005899;N13.HOG0006012;N13.HOG0006063;N13.HOG0006106;N13.HOG0006169;N13.HOG0006174;N13.HOG0006298;N13.HOG0006510;N13.HOG0006699;N13.HOG0006706;N13.HOG0006707;N13.HOG0006806;N13.HOG0007164;N13.HOG0007555;N13.HOG0007575;N13.HOG0007840;N13.HOG0007988;N13.HOG0008012;N13.HOG0008016;N13.HOG0008484;N13.HOG0008882;N13.HOG0009118;N13.HOG0010084;N13.HOG0011003;N13.HOG0011999	The chemical reactions and pathways involving a xenobiotic compound, a compound foreign to the organism exposed to it. It may be synthesized by another organism (like ampicilin) or it can be a synthetic chemical.
final_direct_conserved_plus_Dmel_experimental	300	weight01	fisher	20	none	SC_pos	BP	GO:0051262	protein tetramerization	36	14	2.56	5.46875	5.7e-8	weight01	14	N13.HOG0002709;N13.HOG0002756;N13.HOG0004055;N13.HOG0004983;N13.HOG0005222;N13.HOG0005558;N13.HOG0006106;N13.HOG0006699;N13.HOG0006880;N13.HOG0006944;N13.HOG0007453;N13.HOG0007897;N13.HOG0008494;N13.HOG0009118	The formation of a protein tetramer, a macromolecular structure consisting of four noncovalently associated identical or nonidentical subunits.
final_direct_conserved_plus_Dmel_experimental	300	weight01	fisher	20	none	SC_pos	BP	GO:0051260	protein homooligomerization	81	19	5.76	3.298611111111111	2.3e-6	weight01	19	N13.HOG0002352;N13.HOG0002756;N13.HOG0004983;N13.HOG0005169;N13.HOG0005222;N13.HOG0005512;N13.HOG0005558;N13.HOG0005899;N13.HOG0006063;N13.HOG0006415;N13.HOG0006699;N13.HOG0007453;N13.HOG0007897;N13.HOG0008332;N13.HOG0008434;N13.HOG0008494;N13.HOG0009118;N13.HOG0009420;N13.HOG0009571	The process of creating protein oligomers, compounds composed of a small number, usually between three and ten, of identical component monomers. Oligomers may be formed by the polymerization of a number of monomers or the depolymerization of a large protein polymer.
final_direct_conserved_plus_Dmel_experimental	300	weight01	fisher	20	none	SC_pos	BP	GO:0046365	monosaccharide catabolic process	20	9	1.42	6.338028169014085	3.4e-6	weight01	9	N13.HOG0001742;N13.HOG0001745;N13.HOG0002865;N13.HOG0005629;N13.HOG0006174;N13.HOG0006298;N13.HOG0006783;N13.HOG0007840;N13.HOG0008484	The chemical reactions and pathways resulting in the breakdown of monosaccharides, polyhydric alcohols containing either an aldehyde or a keto group and between three to ten or more carbon atoms.
final_direct_conserved_plus_Dmel_experimental	300	weight01	fisher	20	none	SC_pos	BP	GO:0009168	purine ribonucleoside monophosphate biosynthetic process	44	13	3.13	4.15335463258786	6.3e-6	weight01	13	N13.HOG0001742;N13.HOG0002474;N13.HOG0002865;N13.HOG0005767;N13.HOG0006106;N13.HOG0006169;N13.HOG0006174;N13.HOG0006298;N13.HOG0006806;N13.HOG0007469;N13.HOG0007575;N13.HOG0007840;N13.HOG0008484	The chemical reactions and pathways resulting in the formation of purine ribonucleoside monophosphate, a compound consisting of a purine base linked to a ribose sugar esterified with phosphate on the sugar.
final_direct_conserved_plus_Dmel_experimental	300	weight01	fisher	20	none	SC_pos	BP	GO:0006767	water-soluble vitamin metabolic process	28	10	1.99	5.025125628140704	1.2e-5	weight01	10	N13.HOG0001720;N13.HOG0001745;N13.HOG0002563;N13.HOG0005080;N13.HOG0005767;N13.HOG0005897;N13.HOG0006012;N13.HOG0006699;N13.HOG0008016;N13.HOG0009118	NA
final_direct_conserved_plus_Dmel_experimental	300	weight01	fisher	20	none	SC_pos	BP	GO:0043648	dicarboxylic acid metabolic process	41	12	2.92	4.109589041095891	1.6e-5	weight01	12	N13.HOG0001967;N13.HOG0002709;N13.HOG0003997;N13.HOG0005438;N13.HOG0005767;N13.HOG0005902;N13.HOG0006012;N13.HOG0006699;N13.HOG0006902;N13.HOG0008012;N13.HOG0009118;N13.HOG0011999	The chemical reactions and pathways involving dicarboxylic acids, any organic acid containing two carboxyl (COOH) groups or anions (COO-).
final_direct_conserved_plus_Dmel_experimental	300	weight01	fisher	20	none	SC_pos	BP	GO:0170035	L-amino acid catabolic process	29	10	2.06	4.854368932038835	1.7e-5	weight01	10	N13.HOG0001967;N13.HOG0005222;N13.HOG0005438;N13.HOG0005902;N13.HOG0006706;N13.HOG0008016;N13.HOG0008139;N13.HOG0008957;N13.HOG0009118;N13.HOG0011003	NA
final_direct_conserved_plus_Dmel_experimental	300	weight01	fisher	20	none	SC_pos	BP	GO:1901137	carbohydrate derivative biosynthetic process	230	41	16.36	2.506112469437653	2.1e-5	weight01	41	N13.HOG0001742;N13.HOG0001745;N13.HOG0002474;N13.HOG0002563;N13.HOG0002865;N13.HOG0003614;N13.HOG0004055;N13.HOG0004383;N13.HOG0005629;N13.HOG0005767;N13.HOG0005834;N13.HOG0005899;N13.HOG0006063;N13.HOG0006106;N13.HOG0006169;N13.HOG0006174;N13.HOG0006298;N13.HOG0006468;N13.HOG0006495;N13.HOG0006518;N13.HOG0006783;N13.HOG0006806;N13.HOG0006946;N13.HOG0007037;N13.HOG0007211;N13.HOG0007450;N13.HOG0007469;N13.HOG0007555;N13.HOG0007575;N13.HOG0007789;N13.HOG0007833;N13.HOG0007840;N13.HOG0008133;N13.HOG0008395;N13.HOG0008484;N13.HOG0008502;N13.HOG0008679;N13.HOG0009118;N13.HOG0009991;N13.HOG0010849;N13.HOG0011005	NA
final_direct_conserved_plus_Dmel_experimental	300	weight01	fisher	20	none	SC_pos	BP	GO:0006081	aldehyde metabolic process	25	9	1.78	5.056179775280899	3e-5	weight01	9	N13.HOG0001745;N13.HOG0002865;N13.HOG0005080;N13.HOG0005902;N13.HOG0006298;N13.HOG0008012;N13.HOG0008484;N13.HOG0008818;N13.HOG0011003	The chemical reactions and pathways involving aldehydes, any organic compound with the formula R-CH=O, as carried out by individual cells.
final_direct_conserved_plus_Dmel_experimental	300	weight01	fisher	20	none	SC_pos	BP	GO:0090407	organophosphate biosynthetic process	250	41	17.79	2.304665542439573	3.6e-5	weight01	41	N13.HOG0001742;N13.HOG0001745;N13.HOG0002474;N13.HOG0002709;N13.HOG0002865;N13.HOG0003437;N13.HOG0003614;N13.HOG0004055;N13.HOG0004383;N13.HOG0005080;N13.HOG0005461;N13.HOG0005512;N13.HOG0005629;N13.HOG0005767;N13.HOG0005834;N13.HOG0005899;N13.HOG0006063;N13.HOG0006106;N13.HOG0006169;N13.HOG0006174;N13.HOG0006180;N13.HOG0006298;N13.HOG0006495;N13.HOG0006518;N13.HOG0006783;N13.HOG0006806;N13.HOG0006946;N13.HOG0007211;N13.HOG0007450;N13.HOG0007469;N13.HOG0007555;N13.HOG0007575;N13.HOG0007592;N13.HOG0007840;N13.HOG0008012;N13.HOG0008109;N13.HOG0008395;N13.HOG0008454;N13.HOG0008484;N13.HOG0008502;N13.HOG0009118	The chemical reactions and pathways resulting in the biosynthesis of deoxyribose phosphate, the phosphorylated sugar 2-deoxy-erythro-pentose.
final_direct_conserved_plus_Dmel_experimental	300	weight01	fisher	20	none	SC_pos	BP	GO:0009112	nucleobase metabolic process	21	8	1.49	5.369127516778524	5.3e-5	weight01	8	N13.HOG0003079;N13.HOG0004055;N13.HOG0004383;N13.HOG0006012;N13.HOG0006169;N13.HOG0007211;N13.HOG0007469;N13.HOG0009118	NA
final_direct_conserved_plus_Dmel_experimental	300	weight01	fisher	20	none	SC_pos	BP	GO:0008340	determination of adult lifespan	138	23	9.82	2.3421588594704685	8.3e-5	weight01	23	N13.HOG0000906;N13.HOG0002327;N13.HOG0002352;N13.HOG0002573;N13.HOG0002709;N13.HOG0003075;N13.HOG0005169;N13.HOG0005222;N13.HOG0005558;N13.HOG0005679;N13.HOG0006468;N13.HOG0006699;N13.HOG0006805;N13.HOG0007383;N13.HOG0007641;N13.HOG0007797;N13.HOG0008090;N13.HOG0008109;N13.HOG0008121;N13.HOG0008484;N13.HOG0008808;N13.HOG0008908;N13.HOG0009247	The pathways that regulate the duration of the adult phase of the life-cycle of an animal.
final_direct_conserved_plus_Dmel_experimental	300	weight01	fisher	20	none	SC_pos	BP	GO:0072329	monocarboxylic acid catabolic process	41	17	2.92	5.821917808219178	1e-4	weight01	17	N13.HOG0001745;N13.HOG0002821;N13.HOG0005629;N13.HOG0005679;N13.HOG0006063;N13.HOG0006510;N13.HOG0006783;N13.HOG0007413;N13.HOG0007686;N13.HOG0007797;N13.HOG0007897;N13.HOG0007931;N13.HOG0008139;N13.HOG0008494;N13.HOG0008677;N13.HOG0008908;N13.HOG0011003	The chemical reactions and pathways resulting in the breakdown of monocarboxylic acids, any organic acid containing one carboxyl (-COOH) group.
final_direct_conserved_plus_Dmel_experimental	300	weight01	fisher	20	none	SC_pos	BP	GO:0019674	NAD+ metabolic process	23	8	1.64	4.878048780487805	1.1e-4	weight01	8	N13.HOG0001742;N13.HOG0002865;N13.HOG0005899;N13.HOG0006174;N13.HOG0006298;N13.HOG0006518;N13.HOG0006806;N13.HOG0008484	The chemical reactions and pathways involving nicotinamide adenine dinucleotide (NAD+), a coenzyme that interconverts with its reduced form, NADH, in many redox and catabolic reactions.
final_direct_conserved_plus_Dmel_experimental	300	weight01	fisher	20	none	SC_pos	BP	GO:0010883	regulation of lipid storage	42	11	2.99	3.6789297658862874	1.1e-4	weight01	11	N13.HOG0000342;N13.HOG0003382;N13.HOG0004886;N13.HOG0004934;N13.HOG0005222;N13.HOG0005679;N13.HOG0006290;N13.HOG0006574;N13.HOG0007833;N13.HOG0008852;N13.HOG0008887	Any process that modulates the rate, frequency or extent of lipid storage. Lipid storage is the accumulation and maintenance in cells or tissues of lipids, compounds soluble in organic solvents but insoluble or sparingly soluble in aqueous solvents. Lipid reserves can be accumulated during early developmental stages for mobilization and utilization at later stages of development.
final_direct_conserved_plus_Dmel_experimental	300	weight01	fisher	20	none	SC_pos	BP	GO:0006575	modified amino acid metabolic process	49	12	3.49	3.438395415472779	1.1e-4	weight01	12	N13.HOG0003437;N13.HOG0004891;N13.HOG0004983;N13.HOG0005767;N13.HOG0005902;N13.HOG0006012;N13.HOG0006180;N13.HOG0006699;N13.HOG0006706;N13.HOG0008012;N13.HOG0009118;N13.HOG0011999	The chemical reactions and pathways involving compounds derived from amino acids, organic acids containing one or more amino substituents.
final_direct_conserved_plus_Dmel_experimental	300	weight01	fisher	20	none	SC_pos	BP	GO:0034404	nucleobase-containing small molecule biosynthetic process	56	13	3.98	3.2663316582914574	1.1e-4	weight01	13	N13.HOG0001742;N13.HOG0002865;N13.HOG0004383;N13.HOG0005899;N13.HOG0006063;N13.HOG0006174;N13.HOG0006298;N13.HOG0006468;N13.HOG0006518;N13.HOG0007211;N13.HOG0007469;N13.HOG0007840;N13.HOG0008484	The chemical reactions and pathways resulting in the formation of a nucleobase-containing small molecule: a nucleobase, a nucleoside, or a nucleotide.
final_direct_conserved_plus_Dmel_experimental	300	weight01	fisher	20	none	SC_pos	BP	GO:0170040	proteinogenic amino acid catabolic process	29	9	2.06	4.368932038834951	1.2e-4	weight01	9	N13.HOG0001967;N13.HOG0005222;N13.HOG0005438;N13.HOG0005902;N13.HOG0008016;N13.HOG0008139;N13.HOG0008957;N13.HOG0009118;N13.HOG0011003	NA
final_direct_conserved_plus_Dmel_experimental	300	weight01	fisher	20	none	SC_pos	BP	GO:0009100	glycoprotein metabolic process	106	18	7.54	2.387267904509284	1.2e-4	weight01	18	N13.HOG0003075;N13.HOG0003332;N13.HOG0003614;N13.HOG0005142;N13.HOG0005899;N13.HOG0006381;N13.HOG0006468;N13.HOG0006495;N13.HOG0007037;N13.HOG0007789;N13.HOG0007833;N13.HOG0008133;N13.HOG0008446;N13.HOG0008679;N13.HOG0008844;N13.HOG0009991;N13.HOG0010849;N13.HOG0011005	The chemical reactions and pathways involving glycoproteins, a protein that contains covalently bound glycose (i.e. monosaccharide) residues; the glycose occurs most commonly as oligosaccharide or fairly small polysaccharide but occasionally as monosaccharide.
final_direct_conserved_plus_Dmel_experimental	300	weight01	fisher	20	none	SC_pos	BP	GO:0030879	mammary gland development	30	9	2.13	4.225352112676057	1.6e-4	weight01	9	N13.HOG0004383;N13.HOG0005169;N13.HOG0005679;N13.HOG0005902;N13.HOG0006174;N13.HOG0006567;N13.HOG0010367;N13.HOG0011272;N13.HOG0011999	The process whose specific outcome is the progression of the mammary gland over time, from its formation to the mature structure. The mammary gland is a large compound sebaceous gland that in female mammals is modified to secrete milk. Its development starts with the formation of the mammary line and ends as the mature gland cycles between nursing and weaning stages.
final_direct_conserved_plus_Dmel_experimental	300	weight01	fisher	20	none	SC_pos	BP	GO:0043312	neutrophil degranulation	99	18	7.04	2.5568181818181817	1.6e-4	weight01	18	N13.HOG0002352;N13.HOG0002563;N13.HOG0002573;N13.HOG0003614;N13.HOG0004934;N13.HOG0005169;N13.HOG0005558;N13.HOG0005899;N13.HOG0006298;N13.HOG0006468;N13.HOG0006518;N13.HOG0007037;N13.HOG0007645;N13.HOG0007789;N13.HOG0008012;N13.HOG0008614;N13.HOG0008814;N13.HOG0008988	The regulated exocytosis of secretory granules containing preformed mediators such as proteases, lipases, and inflammatory mediators by a neutrophil.
final_direct_conserved_plus_Dmel_experimental	300	weight01	fisher	20	none	SC_pos	BP	GO:0006091	generation of precursor metabolites and energy	200	33	14.23	2.3190442726633873	1.7e-4	weight01	33	N13.HOG0001720;N13.HOG0001742;N13.HOG0001745;N13.HOG0002709;N13.HOG0002865;N13.HOG0003997;N13.HOG0005142;N13.HOG0005428;N13.HOG0005558;N13.HOG0005629;N13.HOG0005679;N13.HOG0005899;N13.HOG0006063;N13.HOG0006106;N13.HOG0006174;N13.HOG0006298;N13.HOG0006510;N13.HOG0006699;N13.HOG0006707;N13.HOG0006722;N13.HOG0006806;N13.HOG0006902;N13.HOG0007164;N13.HOG0007383;N13.HOG0007575;N13.HOG0007840;N13.HOG0007988;N13.HOG0008012;N13.HOG0008484;N13.HOG0008677;N13.HOG0008818;N13.HOG0008882;N13.HOG0010084	The chemical reactions and pathways resulting in the formation of precursor metabolites, substances from which energy is derived, and any process involved in the liberation of energy from these substances.
final_direct_conserved_plus_Dmel_experimental	300	weight01	fisher	20	none	SC_pos	BP	GO:0000381	regulation of alternative mRNA splicing, via spliceosome	53	12	3.77	3.183023872679045	2.5e-4	weight01	12	N13.HOG0002495;N13.HOG0004087;N13.HOG0004297;N13.HOG0004793;N13.HOG0005049;N13.HOG0006582;N13.HOG0006797;N13.HOG0006880;N13.HOG0008706;N13.HOG0009810;N13.HOG0010314;N13.HOG0010674	Any process that modulates the frequency, rate or extent of alternative splicing of nuclear mRNAs.
final_direct_conserved_plus_Dmel_experimental	300	weight01	fisher	20	none	SC_pos	BP	GO:0032787	monocarboxylic acid metabolic process	148	38	10.53	3.6087369420702755	3.3e-4	weight01	38	N13.HOG0000561;N13.HOG0001720;N13.HOG0001742;N13.HOG0001745;N13.HOG0002709;N13.HOG0002821;N13.HOG0002865;N13.HOG0003382;N13.HOG0003838;N13.HOG0005629;N13.HOG0005679;N13.HOG0005902;N13.HOG0006012;N13.HOG0006063;N13.HOG0006174;N13.HOG0006298;N13.HOG0006510;N13.HOG0006707;N13.HOG0006783;N13.HOG0006902;N13.HOG0007413;N13.HOG0007450;N13.HOG0007686;N13.HOG0007797;N13.HOG0007840;N13.HOG0007897;N13.HOG0007931;N13.HOG0008012;N13.HOG0008016;N13.HOG0008139;N13.HOG0008395;N13.HOG0008484;N13.HOG0008494;N13.HOG0008677;N13.HOG0008882;N13.HOG0008908;N13.HOG0011003;N13.HOG0011999	The chemical reactions and pathways involving monocarboxylic acids, any organic acid containing one carboxyl (COOH) group or anion (COO-).
final_direct_conserved_plus_Dmel_experimental	300	weight01	fisher	20	none	SC_pos	BP	GO:0009069	serine family amino acid metabolic process	21	7	1.49	4.697986577181208	4.2e-4	weight01	7	N13.HOG0004957;N13.HOG0004983;N13.HOG0006699;N13.HOG0006706;N13.HOG0008882;N13.HOG0009118;N13.HOG0011003	The chemical reactions and pathways involving amino acids of the serine family, comprising cysteine, glycine, homoserine, selenocysteine and serine.
final_direct_conserved_plus_Dmel_experimental	300	weight01	fisher	20	none	SC_pos	BP	GO:0046394	carboxylic acid biosynthetic process	103	28	7.33	3.819918144611187	4.3e-4	weight01	28	N13.HOG0000561;N13.HOG0001742;N13.HOG0001745;N13.HOG0002865;N13.HOG0003382;N13.HOG0003997;N13.HOG0004383;N13.HOG0004957;N13.HOG0004983;N13.HOG0005438;N13.HOG0005767;N13.HOG0005902;N13.HOG0006012;N13.HOG0006063;N13.HOG0006174;N13.HOG0006298;N13.HOG0006699;N13.HOG0006706;N13.HOG0006707;N13.HOG0007450;N13.HOG0007840;N13.HOG0007931;N13.HOG0008395;N13.HOG0008484;N13.HOG0008677;N13.HOG0008882;N13.HOG0009118;N13.HOG0011003	The chemical reactions and pathways resulting in the formation of carboxylic acids, any organic acid containing one or more carboxyl (-COOH) groups.
final_direct_conserved_plus_Dmel_experimental	300	weight01	fisher	20	none	SC_pos	BP	GO:0006094	gluconeogenesis	34	9	2.42	3.71900826446281	4.4e-4	weight01	9	N13.HOG0002865;N13.HOG0005902;N13.HOG0006174;N13.HOG0006298;N13.HOG0006699;N13.HOG0006806;N13.HOG0007840;N13.HOG0008395;N13.HOG0008484	The formation of glucose from noncarbohydrate precursors, such as pyruvate, amino acids and glycerol.
final_direct_conserved_plus_Dmel_experimental	300	weight01	fisher	20	none	SC_pos	BP	GO:0016999	antibiotic metabolic process	41	10	2.92	3.4246575342465753	4.4e-4	weight01	10	N13.HOG0002708;N13.HOG0002709;N13.HOG0003997;N13.HOG0005558;N13.HOG0006012;N13.HOG0007555;N13.HOG0007988;N13.HOG0008012;N13.HOG0010084;N13.HOG0011999	The chemical reactions and pathways involving an antibiotic, a substance produced by or derived from certain fungi, bacteria, and other organisms, that can destroy or inhibit the growth of other microorganisms.
final_direct_conserved_plus_Dmel_experimental	300	weight01	fisher	20	none	SC_pos	BP	GO:0019359	nicotinamide nucleotide biosynthetic process	28	8	1.99	4.0201005025125625	5.3e-4	weight01	8	N13.HOG0001742;N13.HOG0002709;N13.HOG0002865;N13.HOG0006174;N13.HOG0006298;N13.HOG0006518;N13.HOG0007840;N13.HOG0008484	The chemical reactions and pathways resulting in the formation of nicotinamide nucleotides, any nucleotide that contains combined nicotinamide.
final_direct_conserved_plus_Dmel_experimental	300	weight01	fisher	20	none	SC_pos	BP	GO:0009152	purine ribonucleotide biosynthetic process	91	20	6.47	3.091190108191654	7.2e-4	weight01	20	N13.HOG0001742;N13.HOG0002474;N13.HOG0002865;N13.HOG0005767;N13.HOG0005834;N13.HOG0005899;N13.HOG0006063;N13.HOG0006106;N13.HOG0006169;N13.HOG0006174;N13.HOG0006298;N13.HOG0006518;N13.HOG0006806;N13.HOG0007450;N13.HOG0007469;N13.HOG0007575;N13.HOG0007840;N13.HOG0008395;N13.HOG0008484;N13.HOG0008502	The chemical reactions and pathways resulting in the formation of a purine ribonucleotide, a compound consisting of ribonucleoside (a purine base linked to a ribose sugar) esterified with a phosphate group at either the 3' or 5'-hydroxyl group of the sugar.
final_direct_conserved_plus_Dmel_experimental	300	weight01	fisher	20	none	SC_pos	BP	GO:0006406	mRNA export from nucleus	45	10	3.2	3.125	9.7e-4	weight01	10	N13.HOG0002495;N13.HOG0004297;N13.HOG0005785;N13.HOG0006291;N13.HOG0006539;N13.HOG0006797;N13.HOG0007453;N13.HOG0008706;N13.HOG0008968;N13.HOG0009717	The directed movement of mRNA from the nucleus to the cytoplasm.
final_direct_conserved_plus_Dmel_experimental	300	weight01	fisher	20	none	SC_pos	BP	GO:0007589	body fluid secretion	24	7	1.71	4.093567251461988	0.00103	weight01	7	N13.HOG0004383;N13.HOG0004886;N13.HOG0005902;N13.HOG0006174;N13.HOG0008215;N13.HOG0010367;N13.HOG0011999	The controlled release of a fluid by a cell or tissue in an animal.
final_direct_conserved_plus_Dmel_experimental	300	weight01	fisher	20	none	SC_pos	BP	GO:0031503	protein-containing complex localization	111	15	7.9	1.8987341772151898	0.00104	weight01	15	N13.HOG0002495;N13.HOG0002963;N13.HOG0004297;N13.HOG0005512;N13.HOG0005785;N13.HOG0006291;N13.HOG0006539;N13.HOG0006797;N13.HOG0007453;N13.HOG0007592;N13.HOG0008289;N13.HOG0008530;N13.HOG0008706;N13.HOG0008968;N13.HOG0008982	A localization process that acts on a protein complex; the complex is transported to, or maintained in, a specific location.
final_direct_conserved_plus_Dmel_experimental	300	weight01	fisher	20	none	SC_pos	BP	GO:0010906	regulation of glucose metabolic process	38	9	2.7	3.333333333333333	0.00107	weight01	9	N13.HOG0005679;N13.HOG0006174;N13.HOG0006537;N13.HOG0006699;N13.HOG0006722;N13.HOG0007383;N13.HOG0007667;N13.HOG0007840;N13.HOG0008395	Any process that modulates the rate, frequency or extent of glucose metabolism. Glucose metabolic processes are the chemical reactions and pathways involving glucose, the aldohexose gluco-hexose.
final_direct_conserved_plus_Dmel_experimental	300	weight01	fisher	20	none	SC_pos	BP	GO:0001666	response to hypoxia	120	17	8.54	1.9906323185011712	0.00111	weight01	17	N13.HOG0000906;N13.HOG0001742;N13.HOG0002474;N13.HOG0002563;N13.HOG0002821;N13.HOG0002833;N13.HOG0005169;N13.HOG0005558;N13.HOG0005679;N13.HOG0006106;N13.HOG0006706;N13.HOG0007037;N13.HOG0008395;N13.HOG0009311;N13.HOG0009420;N13.HOG0010084;N13.HOG0011999	Any process that results in a change in state or activity of a cell or an organism (in terms of movement, secretion, enzyme production, gene expression, etc.) as a result of a stimulus indicating lowered oxygen tension. Hypoxia, defined as a decline in O2 levels below normoxic levels of 20.8 - 20.95%, results in metabolic adaptation at both the cellular and organismal level.
final_direct_conserved_plus_Dmel_experimental	300	weight01	fisher	20	none	SC_pos	BP	GO:1901607	alpha-amino acid biosynthetic process	33	9	2.35	3.829787234042553	0.00134	weight01	9	N13.HOG0004383;N13.HOG0004957;N13.HOG0004983;N13.HOG0005902;N13.HOG0006699;N13.HOG0006706;N13.HOG0008882;N13.HOG0009118;N13.HOG0011003	NA
final_direct_conserved_plus_Dmel_experimental	300	weight01	fisher	20	none	SC_pos	BP	GO:0006633	fatty acid biosynthetic process	32	8	2.28	3.5087719298245617	0.00139	weight01	8	N13.HOG0000561;N13.HOG0003382;N13.HOG0006063;N13.HOG0006707;N13.HOG0007450;N13.HOG0007931;N13.HOG0008395;N13.HOG0008677	The chemical reactions and pathways resulting in the formation of a fatty acid, any of the aliphatic monocarboxylic acids that can be liberated by hydrolysis from naturally occurring fats and oils. Fatty acids are predominantly straight-chain acids of 4 to 24 carbon atoms, which may be saturated or unsaturated; branched fatty acids and hydroxy fatty acids also occur, and very long chain acids of over 30 carbons are found in waxes.
final_direct_conserved_plus_Dmel_experimental	300	weight01	fisher	20	none	SC_pos	BP	GO:0005975	carbohydrate metabolic process	178	33	12.66	2.6066350710900474	0.00185	weight01	33	N13.HOG0001720;N13.HOG0001742;N13.HOG0001745;N13.HOG0002310;N13.HOG0002563;N13.HOG0002709;N13.HOG0002865;N13.HOG0003075;N13.HOG0003614;N13.HOG0005107;N13.HOG0005142;N13.HOG0005461;N13.HOG0005629;N13.HOG0005679;N13.HOG0005716;N13.HOG0005902;N13.HOG0006174;N13.HOG0006298;N13.HOG0006537;N13.HOG0006699;N13.HOG0006722;N13.HOG0006783;N13.HOG0006806;N13.HOG0007383;N13.HOG0007412;N13.HOG0007555;N13.HOG0007592;N13.HOG0007667;N13.HOG0007840;N13.HOG0008012;N13.HOG0008395;N13.HOG0008484;N13.HOG0008818	The chemical reactions and pathways involving carbohydrates, any of a group of organic compounds based of the general formula Cx(H2O)y.
final_direct_conserved_plus_Dmel_experimental	300	weight01	fisher	20	none	SC_pos	BP	GO:0042866	pyruvate biosynthetic process	20	6	1.42	4.225352112676057	0.00203	weight01	6	N13.HOG0001742;N13.HOG0002865;N13.HOG0006174;N13.HOG0006298;N13.HOG0007840;N13.HOG0008484	The chemical reactions and pathways resulting in the formation of pyruvate, 2-oxopropanoate.
final_direct_conserved_plus_Dmel_experimental	300	weight01	fisher	20	none	SC_pos	BP	GO:0071364	cellular response to epidermal growth factor stimulus	20	6	1.42	4.225352112676057	0.00203	weight01	6	N13.HOG0002352;N13.HOG0004383;N13.HOG0005679;N13.HOG0010084;N13.HOG0011272;N13.HOG0011999	Any process that results in a change in state or activity of a cell (in terms of movement, secretion, enzyme production, gene expression, etc.) as a result of an epidermal growth factor stimulus.
final_direct_conserved_plus_Dmel_experimental	300	weight01	fisher	20	none	SC_pos	BP	GO:0015908	fatty acid transport	20	6	1.42	4.225352112676057	0.00203	weight01	6	N13.HOG0000906;N13.HOG0003838;N13.HOG0004191;N13.HOG0005679;N13.HOG0005902;N13.HOG0007931	The directed movement of fatty acids into, out of or within a cell, or between cells, by means of some agent such as a transporter or pore. Fatty acids are aliphatic monocarboxylic acids liberated from naturally occurring fats and oils by hydrolysis.
final_direct_conserved_plus_Dmel_experimental	300	weight01	fisher	20	none	SC_pos	BP	GO:0032868	response to insulin	114	13	8.11	1.6029593094944514	0.00203	weight01	13	N13.HOG0002563;N13.HOG0004383;N13.HOG0005558;N13.HOG0005679;N13.HOG0005834;N13.HOG0005902;N13.HOG0006174;N13.HOG0007372;N13.HOG0007797;N13.HOG0007840;N13.HOG0008395;N13.HOG0008762;N13.HOG0010367	Any process that results in a change in state or activity of a cell or an organism (in terms of movement, secretion, enzyme production, gene expression, etc.) as a result of an insulin stimulus. Insulin is a polypeptide hormone produced by the islets of Langerhans of the pancreas in mammals, and by the homologous organs of other organisms.
final_direct_conserved_plus_Dmel_experimental	300	weight01	fisher	20	none	SC_pos	BP	GO:0036503	ERAD pathway	34	8	2.42	3.3057851239669422	0.00211	weight01	8	N13.HOG0003332;N13.HOG0005899;N13.HOG0006381;N13.HOG0007010;N13.HOG0008814;N13.HOG0008828;N13.HOG0008844;N13.HOG0011108	The protein catabolic pathway which targets endoplasmic reticulum (ER)-resident proteins for degradation by the cytoplasmic proteasome. It begins with recognition of the ER-resident protein, includes retrotranslocation (dislocation) of the protein from the ER to the cytosol, protein modifications necessary for correct substrate transfer (e.g. ubiquitination), transport of the protein to the proteasome, and ends with degradation of the protein by the cytoplasmic proteasome.
final_direct_conserved_plus_Dmel_experimental	300	weight01	fisher	20	none	SC_pos	BP	GO:0042178	xenobiotic catabolic process	34	8	2.42	3.3057851239669422	0.00211	weight01	8	N13.HOG0001967;N13.HOG0002708;N13.HOG0005107;N13.HOG0005558;N13.HOG0006063;N13.HOG0006699;N13.HOG0007164;N13.HOG0007555	The chemical reactions and pathways resulting in the breakdown of a xenobiotic compound, a compound foreign to the organism exposed to it, carried out by individual cells. It may be synthesized by another organism (like ampicilin) or it can be a synthetic chemical.
final_direct_conserved_plus_Dmel_experimental	300	weight01	fisher	20	none	SC_pos	BP	GO:0071806	protein transmembrane transport	32	5	2.28	2.192982456140351	0.00239	weight01	5	N13.HOG0005679;N13.HOG0006854;N13.HOG0008494;N13.HOG0008536;N13.HOG0011108	The process in which a protein is transported across a membrane.
final_direct_conserved_plus_Dmel_experimental	300	weight01	fisher	20	none	SC_pos	BP	GO:0006979	response to oxidative stress	168	21	11.95	1.7573221757322177	0.00245	weight01	21	N13.HOG0000906;N13.HOG0001720;N13.HOG0001742;N13.HOG0002708;N13.HOG0004879;N13.HOG0005558;N13.HOG0005679;N13.HOG0005834;N13.HOG0006510;N13.HOG0006805;N13.HOG0007037;N13.HOG0007383;N13.HOG0008012;N13.HOG0008215;N13.HOG0008395;N13.HOG0008511;N13.HOG0008818;N13.HOG0009311;N13.HOG0009420;N13.HOG0009669;N13.HOG0009810	Any process that results in a change in state or activity of a cell or an organism (in terms of movement, secretion, enzyme production, gene expression, etc.) as a result of oxidative stress, a state often resulting from exposure to high levels of reactive oxygen species, e.g. superoxide anions, hydrogen peroxide (H2O2), and hydroxyl radicals.
final_direct_conserved_plus_Dmel_experimental	300	weight01	fisher	20	none	SC_pos	BP	GO:0006888	endoplasmic reticulum to Golgi vesicle-mediated transport	72	14	5.12	2.734375	0.00247	weight01	14	N13.HOG0003701;N13.HOG0004886;N13.HOG0004934;N13.HOG0005899;N13.HOG0006290;N13.HOG0007757;N13.HOG0007833;N13.HOG0008434;N13.HOG0008852;N13.HOG0008887;N13.HOG0009015;N13.HOG0009137;N13.HOG0009663;N13.HOG0010401	The directed movement of substances from the endoplasmic reticulum (ER) to the Golgi, mediated by COP II vesicles. Small COP II coated vesicles form from the ER and then fuse directly with the cis-Golgi. Larger structures are transported along microtubules to the cis-Golgi.
final_direct_conserved_plus_Dmel_experimental	300	weight01	fisher	20	none	SC_pos	BP	GO:0071166	ribonucleoprotein complex localization	59	11	4.2	2.619047619047619	0.0025	weight01	11	N13.HOG0002495;N13.HOG0004297;N13.HOG0005785;N13.HOG0006291;N13.HOG0006539;N13.HOG0006797;N13.HOG0007453;N13.HOG0008530;N13.HOG0008706;N13.HOG0008968;N13.HOG0009717	Any process in which a ribonucleoprotein complex is transported to, or maintained in, a specific location within a cell.
final_direct_conserved_plus_Dmel_experimental	300	weight01	fisher	20	none	SC_pos	BP	GO:0006606	protein import into nucleus	64	11	4.55	2.417582417582418	0.00252	weight01	11	N13.HOG0002963;N13.HOG0005679;N13.HOG0005785;N13.HOG0006291;N13.HOG0007037;N13.HOG0007453;N13.HOG0008289;N13.HOG0008530;N13.HOG0008968;N13.HOG0010401;N13.HOG0011108	The directed movement of a protein from the cytoplasm to the nucleus.
final_direct_conserved_plus_Dmel_experimental	300	weight01	fisher	20	none	SC_pos	BP	GO:0006891	intra-Golgi vesicle-mediated transport	21	6	1.49	4.026845637583893	0.00268	weight01	6	N13.HOG0004886;N13.HOG0004934;N13.HOG0006290;N13.HOG0008434;N13.HOG0008852;N13.HOG0008887	The directed movement of substances within the Golgi, mediated by small transport vesicles. These either fuse with the cis-Golgi or with each other to form the membrane stacks known as the cis-Golgi reticulum (network).
final_direct_conserved_plus_Dmel_experimental	300	weight01	fisher	20	none	SC_pos	BP	GO:0046395	carboxylic acid catabolic process	84	29	5.98	4.849498327759197	0.00285	weight01	29	N13.HOG0001745;N13.HOG0001967;N13.HOG0002821;N13.HOG0003614;N13.HOG0004983;N13.HOG0005222;N13.HOG0005438;N13.HOG0005629;N13.HOG0005679;N13.HOG0005902;N13.HOG0006063;N13.HOG0006510;N13.HOG0006706;N13.HOG0006783;N13.HOG0007413;N13.HOG0007450;N13.HOG0007555;N13.HOG0007686;N13.HOG0007797;N13.HOG0007897;N13.HOG0007931;N13.HOG0008016;N13.HOG0008139;N13.HOG0008494;N13.HOG0008677;N13.HOG0008908;N13.HOG0008957;N13.HOG0009118;N13.HOG0011003	The chemical reactions and pathways resulting in the breakdown of carboxylic acids, any organic acid containing one or more carboxyl (-COOH) groups.
final_direct_conserved_plus_Dmel_experimental	300	weight01	fisher	20	none	SC_pos	BP	GO:0009066	aspartate family amino acid metabolic process	29	7	2.06	3.3980582524271843	0.00342	weight01	7	N13.HOG0001967;N13.HOG0004983;N13.HOG0005222;N13.HOG0005902;N13.HOG0006699;N13.HOG0006706;N13.HOG0008882	NA
final_direct_conserved_plus_Dmel_experimental	300	weight01	fisher	20	none	SC_pos	BP	GO:0170041	non-proteinogenic amino acid metabolic process	29	7	2.06	3.3980582524271843	0.00342	weight01	7	N13.HOG0001967;N13.HOG0004383;N13.HOG0004983;N13.HOG0005902;N13.HOG0006699;N13.HOG0006706;N13.HOG0008882	NA
final_direct_conserved_plus_Dmel_experimental	300	weight01	fisher	20	none	SC_pos	BP	GO:0014823	response to activity	30	7	2.13	3.286384976525822	0.0042	weight01	7	N13.HOG0005169;N13.HOG0005558;N13.HOG0005679;N13.HOG0005902;N13.HOG0006106;N13.HOG0007164;N13.HOG0010084	Any process that results in a change in state or activity of a cell or an organism (in terms of movement, secretion, enzyme production, gene expression, etc.) as a result of an activity stimulus.
final_direct_conserved_plus_Dmel_experimental	300	weight01	fisher	20	none	SC_pos	BP	GO:1905952	regulation of lipid localization	65	10	4.62	2.1645021645021645	0.00433	weight01	10	N13.HOG0000342;N13.HOG0003382;N13.HOG0004886;N13.HOG0004934;N13.HOG0005222;N13.HOG0005679;N13.HOG0006290;N13.HOG0007833;N13.HOG0008852;N13.HOG0008887	Any process that modulates the frequency, rate or extent of lipid localization.
final_direct_conserved_plus_Dmel_experimental	300	weight01	fisher	20	none	SC_pos	BP	GO:0006890	retrograde vesicle-mediated transport, Golgi to endoplasmic reticulum	38	8	2.7	2.962962962962963	0.00443	weight01	8	N13.HOG0002756;N13.HOG0004886;N13.HOG0004934;N13.HOG0006290;N13.HOG0007757;N13.HOG0008852;N13.HOG0008887;N13.HOG0009015	The directed movement of substances from the Golgi back to the endoplasmic reticulum, mediated by vesicles bearing specific protein coats such as COPI or COG.
final_direct_conserved_plus_Dmel_experimental	300	weight01	fisher	20	none	SC_pos	BP	GO:0019752	carboxylic acid metabolic process	271	61	19.28	3.163900414937759	0.00485	weight01	61	N13.HOG0000561;N13.HOG0001332;N13.HOG0001720;N13.HOG0001742;N13.HOG0001745;N13.HOG0001967;N13.HOG0002563;N13.HOG0002709;N13.HOG0002821;N13.HOG0002865;N13.HOG0003079;N13.HOG0003382;N13.HOG0003614;N13.HOG0003838;N13.HOG0003997;N13.HOG0004383;N13.HOG0004659;N13.HOG0004957;N13.HOG0004983;N13.HOG0005222;N13.HOG0005438;N13.HOG0005620;N13.HOG0005629;N13.HOG0005679;N13.HOG0005767;N13.HOG0005902;N13.HOG0006012;N13.HOG0006063;N13.HOG0006174;N13.HOG0006298;N13.HOG0006510;N13.HOG0006699;N13.HOG0006706;N13.HOG0006707;N13.HOG0006783;N13.HOG0006902;N13.HOG0007413;N13.HOG0007450;N13.HOG0007469;N13.HOG0007555;N13.HOG0007686;N13.HOG0007797;N13.HOG0007840;N13.HOG0007897;N13.HOG0007931;N13.HOG0008012;N13.HOG0008016;N13.HOG0008090;N13.HOG0008109;N13.HOG0008139;N13.HOG0008395;N13.HOG0008484;N13.HOG0008494;N13.HOG0008677;N13.HOG0008882;N13.HOG0008908;N13.HOG0008957;N13.HOG0009118;N13.HOG0010084;N13.HOG0011003;N13.HOG0011999	The chemical reactions and pathways involving carboxylic acids, any organic acid containing one or more carboxyl (COOH) groups or anions (COO-).
final_direct_conserved_plus_Dmel_experimental	300	weight01	fisher	20	none	SC_pos	BP	GO:1901605	alpha-amino acid metabolic process	85	20	6.05	3.3057851239669422	0.00538	weight01	20	N13.HOG0001967;N13.HOG0003079;N13.HOG0004383;N13.HOG0004957;N13.HOG0004983;N13.HOG0005222;N13.HOG0005438;N13.HOG0005902;N13.HOG0006063;N13.HOG0006699;N13.HOG0006706;N13.HOG0007469;N13.HOG0007686;N13.HOG0008016;N13.HOG0008139;N13.HOG0008882;N13.HOG0008957;N13.HOG0009118;N13.HOG0011003;N13.HOG0011999	The chemical reactions and pathways involving an alpha-amino acid.
final_direct_conserved_plus_Dmel_experimental	300	weight01	fisher	20	none	SC_pos	BP	GO:0045913	positive regulation of carbohydrate metabolic process	24	6	1.71	3.5087719298245617	0.00554	weight01	6	N13.HOG0002865;N13.HOG0005679;N13.HOG0006174;N13.HOG0006722;N13.HOG0007383;N13.HOG0007840	Any process that activates or increases the frequency, rate or extent of the chemical reactions and pathways involving carbohydrate.
final_direct_conserved_plus_Dmel_experimental	300	weight01	fisher	20	none	SC_pos	BP	GO:0021987	cerebral cortex development	49	9	3.49	2.5787965616045843	0.00673	weight01	9	N13.HOG0002563;N13.HOG0002782;N13.HOG0003345;N13.HOG0003347;N13.HOG0005203;N13.HOG0005767;N13.HOG0007037;N13.HOG0008494;N13.HOG0009810	The progression of the cerebral cortex over time from its initial formation until its mature state. The cerebral cortex is the outer layered region of the telencephalon.
final_direct_conserved_plus_Dmel_experimental	300	weight01	fisher	20	none	SC_pos	BP	GO:0008585	female gonad development	38	7	2.7	2.5925925925925926	0.00691	weight01	7	N13.HOG0003345;N13.HOG0003347;N13.HOG0006427;N13.HOG0008012;N13.HOG0008968;N13.HOG0009652;N13.HOG0011999	The process whose specific outcome is the progression of the female gonad over time, from its formation to the mature structure.
final_direct_conserved_plus_Dmel_experimental	300	weight01	fisher	20	none	SC_pos	BP	GO:0051291	protein heterooligomerization	33	7	2.35	2.978723404255319	0.00733	weight01	7	N13.HOG0004055;N13.HOG0005222;N13.HOG0006880;N13.HOG0006944;N13.HOG0007453;N13.HOG0008016;N13.HOG0008446	The process of creating protein oligomers, compounds composed of a small number, usually between three and ten, of component monomers that are not all identical. Oligomers may be formed by the polymerization of a number of monomers or the depolymerization of a large protein polymer.
final_direct_conserved_plus_Dmel_experimental	300	weight01	fisher	20	none	SC_pos	BP	GO:0046824	positive regulation of nucleocytoplasmic transport	33	7	2.35	2.978723404255319	0.00733	weight01	7	N13.HOG0005785;N13.HOG0006797;N13.HOG0006880;N13.HOG0007037;N13.HOG0007945;N13.HOG0008121;N13.HOG0008530	Any process that activates or increases the frequency, rate or extent of the directed movement of substances between the nucleus and the cytoplasm.
final_direct_conserved_plus_Dmel_experimental	300	weight01	fisher	20	none	SC_pos	BP	GO:0046686	response to cadmium ion	33	7	2.35	2.978723404255319	0.00733	weight01	7	N13.HOG0001720;N13.HOG0004879;N13.HOG0005558;N13.HOG0005679;N13.HOG0006298;N13.HOG0006805;N13.HOG0008511	Any process that results in a change in state or activity of a cell or an organism (in terms of movement, secretion, enzyme production, gene expression, etc.) as a result of a cadmium (Cd) ion stimulus.
final_direct_conserved_plus_Dmel_experimental	300	weight01	fisher	20	none	SC_pos	BP	GO:0043161	proteasome-mediated ubiquitin-dependent protein catabolic process	169	20	12.02	1.663893510815308	0.00872	weight01	20	N13.HOG0002573;N13.HOG0002634;N13.HOG0002782;N13.HOG0003332;N13.HOG0005679;N13.HOG0005810;N13.HOG0005899;N13.HOG0006381;N13.HOG0006427;N13.HOG0006824;N13.HOG0007010;N13.HOG0007037;N13.HOG0008814;N13.HOG0008828;N13.HOG0008844;N13.HOG0008988;N13.HOG0009571;N13.HOG0009669;N13.HOG0010831;N13.HOG0011108	The chemical reactions and pathways resulting in the breakdown of a protein or peptide by hydrolysis of its peptide bonds, initiated by the covalent attachment of ubiquitin, and mediated by the proteasome.
final_direct_conserved_plus_Dmel_experimental	300	weight01	fisher	20	none	SC_pos	BP	GO:1901136	carbohydrate derivative catabolic process	69	14	4.91	2.8513238289205702	0.00933	weight01	14	N13.HOG0001742;N13.HOG0002310;N13.HOG0002865;N13.HOG0003614;N13.HOG0005107;N13.HOG0006063;N13.HOG0006174;N13.HOG0006298;N13.HOG0006468;N13.HOG0006518;N13.HOG0006706;N13.HOG0007555;N13.HOG0007840;N13.HOG0008484	NA
final_direct_conserved_plus_Dmel_experimental	300	weight01	fisher	20	none	SC_pos	BP	GO:0031334	positive regulation of protein-containing complex assembly	80	9	5.69	1.5817223198594024	0.00997	weight01	9	N13.HOG0004879;N13.HOG0005834;N13.HOG0005899;N13.HOG0007645;N13.HOG0008511;N13.HOG0008814;N13.HOG0009311;N13.HOG0009516;N13.HOG0010401	Any process that activates or increases the frequency, rate or extent of protein complex assembly.
final_direct_conserved_plus_Dmel_experimental	300	weight01	fisher	20	none	SC_pos	BP	GO:0048524	positive regulation of viral process	27	5	1.92	2.604166666666667	0.01	weight01	5	N13.HOG0004879;N13.HOG0005899;N13.HOG0007291;N13.HOG0008121;N13.HOG0009543	Any process that activates or increases the frequency, rate or extent of a multi-organism process in which a virus is a participant.
final_direct_conserved_plus_Dmel_experimental	300	weight01	fisher	20	none	SC_pos	BP	GO:0006082	organic acid metabolic process	295	64	20.99	3.049070986183897	0.01031	weight01	64	N13.HOG0000561;N13.HOG0001332;N13.HOG0001720;N13.HOG0001742;N13.HOG0001745;N13.HOG0001967;N13.HOG0002563;N13.HOG0002709;N13.HOG0002821;N13.HOG0002865;N13.HOG0003079;N13.HOG0003382;N13.HOG0003614;N13.HOG0003838;N13.HOG0003997;N13.HOG0004383;N13.HOG0004659;N13.HOG0004957;N13.HOG0004983;N13.HOG0005222;N13.HOG0005438;N13.HOG0005620;N13.HOG0005629;N13.HOG0005679;N13.HOG0005767;N13.HOG0005902;N13.HOG0006012;N13.HOG0006063;N13.HOG0006169;N13.HOG0006174;N13.HOG0006298;N13.HOG0006510;N13.HOG0006518;N13.HOG0006699;N13.HOG0006706;N13.HOG0006707;N13.HOG0006783;N13.HOG0006902;N13.HOG0007413;N13.HOG0007450;N13.HOG0007469;N13.HOG0007555;N13.HOG0007686;N13.HOG0007797;N13.HOG0007840;N13.HOG0007897;N13.HOG0007931;N13.HOG0008012;N13.HOG0008016;N13.HOG0008090;N13.HOG0008109;N13.HOG0008139;N13.HOG0008395;N13.HOG0008484;N13.HOG0008494;N13.HOG0008677;N13.HOG0008882;N13.HOG0008908;N13.HOG0008957;N13.HOG0009118;N13.HOG0010084;N13.HOG0011003;N13.HOG0011005;N13.HOG0011999	The chemical reactions and pathways involving organic acids, any acidic compound containing carbon in covalent linkage.
final_direct_conserved_plus_Dmel_experimental	300	weight01	fisher	20	none	SC_pos	BP	GO:0046777	protein autophosphorylation	62	10	4.41	2.2675736961451247	0.01112	weight01	10	N13.HOG0004383;N13.HOG0004879;N13.HOG0005679;N13.HOG0006142;N13.HOG0006174;N13.HOG0007383;N13.HOG0007945;N13.HOG0008215;N13.HOG0009247;N13.HOG0009472	The phosphorylation by a protein of one or more of its own amino acid residues (cis-autophosphorylation), or residues on an identical protein (trans-autophosphorylation).
final_direct_conserved_plus_Dmel_experimental	300	weight01	fisher	20	none	SC_pos	BP	GO:0006220	pyrimidine nucleotide metabolic process	20	5	1.42	3.5211267605633805	0.01122	weight01	5	N13.HOG0004383;N13.HOG0006169;N13.HOG0006468;N13.HOG0007211;N13.HOG0009118	The chemical reactions and pathways involving a pyrimidine nucleotide, a compound consisting of nucleoside (a pyrimidine base linked to a deoxyribose or ribose sugar) esterified with a phosphate group at either the 3' or 5'-hydroxyl group of the sugar.
final_direct_conserved_plus_Dmel_experimental	300	weight01	fisher	20	none	SC_pos	BP	GO:0061448	connective tissue development	62	8	4.41	1.8140589569160996	0.01122	weight01	8	N13.HOG0006063;N13.HOG0006427;N13.HOG0006567;N13.HOG0007164;N13.HOG0009137;N13.HOG0009669;N13.HOG0011005;N13.HOG0011272	The progression of a connective tissue over time, from its formation to the mature structure.
final_direct_conserved_plus_Dmel_experimental	300	weight01	fisher	20	none	SC_pos	BP	GO:0009306	protein secretion	143	19	10.17	1.8682399213372665	0.01164	weight01	19	N13.HOG0002563;N13.HOG0002756;N13.HOG0002865;N13.HOG0003332;N13.HOG0005834;N13.HOG0006174;N13.HOG0006290;N13.HOG0006298;N13.HOG0006518;N13.HOG0006537;N13.HOG0006983;N13.HOG0007164;N13.HOG0007757;N13.HOG0007840;N13.HOG0008109;N13.HOG0008121;N13.HOG0008887;N13.HOG0009137;N13.HOG0009663	The controlled release of proteins from a cell.
final_direct_conserved_plus_Dmel_experimental	300	weight01	fisher	20	none	SC_pos	BP	GO:0006631	fatty acid metabolic process	84	22	5.98	3.6789297658862874	0.01203	weight01	22	N13.HOG0000561;N13.HOG0001720;N13.HOG0002821;N13.HOG0003382;N13.HOG0003838;N13.HOG0005679;N13.HOG0006063;N13.HOG0006510;N13.HOG0006707;N13.HOG0006783;N13.HOG0007413;N13.HOG0007450;N13.HOG0007686;N13.HOG0007797;N13.HOG0007897;N13.HOG0007931;N13.HOG0008139;N13.HOG0008395;N13.HOG0008494;N13.HOG0008677;N13.HOG0008908;N13.HOG0011999	The chemical reactions and pathways involving fatty acids, aliphatic monocarboxylic acids liberated from naturally occurring fats and oils by hydrolysis.
final_direct_conserved_plus_Dmel_experimental	300	weight01	fisher	20	none	SC_pos	BP	GO:0016333	morphogenesis of follicular epithelium	28	6	1.99	3.0150753768844223	0.01219	weight01	6	N13.HOG0002495;N13.HOG0003324;N13.HOG0005834;N13.HOG0007833;N13.HOG0008502;N13.HOG0010849	The process in which the anatomical structures of a follicular epithelium are generated and organized.
final_direct_conserved_plus_Dmel_experimental	300	weight01	fisher	20	none	SC_pos	BP	GO:0009201	ribonucleoside triphosphate biosynthetic process	59	14	4.2	3.333333333333333	0.01362	weight01	14	N13.HOG0001742;N13.HOG0002474;N13.HOG0002865;N13.HOG0004383;N13.HOG0005834;N13.HOG0005899;N13.HOG0006174;N13.HOG0006298;N13.HOG0006518;N13.HOG0006806;N13.HOG0007211;N13.HOG0007575;N13.HOG0007840;N13.HOG0008484	The chemical reactions and pathways resulting in the formation of a ribonucleoside triphosphate, a compound consisting of a nucleobase linked to a ribose sugar esterified with triphosphate on the sugar.
final_direct_conserved_plus_Dmel_experimental	300	weight01	fisher	20	none	SC_pos	BP	GO:0015980	energy derivation by oxidation of organic compounds	146	20	10.39	1.9249278152069296	0.01362	weight01	20	N13.HOG0001742;N13.HOG0002709;N13.HOG0003997;N13.HOG0005142;N13.HOG0005428;N13.HOG0005558;N13.HOG0005679;N13.HOG0005899;N13.HOG0006106;N13.HOG0006174;N13.HOG0006510;N13.HOG0006699;N13.HOG0006722;N13.HOG0006806;N13.HOG0006902;N13.HOG0007383;N13.HOG0007575;N13.HOG0008012;N13.HOG0008677;N13.HOG0010084	The chemical reactions and pathways by which a cell derives energy from organic compounds; results in the oxidation of the compounds from which energy is released.
final_direct_conserved_plus_Dmel_experimental	300	weight01	fisher	20	none	SC_pos	BP	GO:0008652	amino acid biosynthetic process	36	11	2.56	4.296875	0.01376	weight01	11	N13.HOG0004383;N13.HOG0004957;N13.HOG0004983;N13.HOG0005438;N13.HOG0005902;N13.HOG0006012;N13.HOG0006699;N13.HOG0006706;N13.HOG0008882;N13.HOG0009118;N13.HOG0011003	The chemical reactions and pathways resulting in the formation of amino acids, organic acids containing one or more amino substituents.
final_direct_conserved_plus_Dmel_experimental	300	weight01	fisher	20	none	SC_pos	BP	GO:0007565	female pregnancy	37	7	2.63	2.661596958174905	0.01384	weight01	7	N13.HOG0002451;N13.HOG0002563;N13.HOG0004383;N13.HOG0005679;N13.HOG0005902;N13.HOG0006983;N13.HOG0011999	The set of physiological processes that allow an embryo or foetus to develop within the body of a female animal. It covers the time from fertilization of a female ovum by a male spermatozoon until birth.
final_direct_conserved_plus_Dmel_experimental	300	weight01	fisher	20	none	SC_pos	BP	GO:2001169	regulation of ATP biosynthetic process	21	5	1.49	3.3557046979865772	0.01389	weight01	5	N13.HOG0002865;N13.HOG0005834;N13.HOG0005899;N13.HOG0006174;N13.HOG0007840	Any process that modulates the frequency, rate or extent of ATP biosynthetic process.
final_direct_conserved_plus_Dmel_experimental	300	weight01	fisher	20	none	SC_pos	BP	GO:0046825	regulation of protein export from nucleus	21	5	1.49	3.3557046979865772	0.01389	weight01	5	N13.HOG0005785;N13.HOG0006291;N13.HOG0007945;N13.HOG0008530;N13.HOG0009717	Any process that modulates the frequency, rate or extent of the directed movement of proteins from the nucleus to the cytoplasm.
final_direct_conserved_plus_Dmel_experimental	300	weight01	fisher	20	none	SC_pos	BP	GO:0034101	erythrocyte homeostasis	42	7	2.99	2.341137123745819	0.0142	weight01	7	N13.HOG0006142;N13.HOG0006298;N13.HOG0009256;N13.HOG0009311;N13.HOG0010084;N13.HOG0011272;N13.HOG0011999	Any process of regulating the production and elimination of erythrocytes within an organism.
final_direct_conserved_plus_Dmel_experimental	300	weight01	fisher	20	none	SC_pos	BP	GO:0002790	peptide secretion	142	20	10.1	1.9801980198019802	0.01436	weight01	20	N13.HOG0002563;N13.HOG0002756;N13.HOG0002865;N13.HOG0003332;N13.HOG0005679;N13.HOG0005834;N13.HOG0006174;N13.HOG0006290;N13.HOG0006298;N13.HOG0006518;N13.HOG0006537;N13.HOG0006983;N13.HOG0007164;N13.HOG0007757;N13.HOG0007840;N13.HOG0008109;N13.HOG0008121;N13.HOG0008494;N13.HOG0008887;N13.HOG0009663	The controlled release of a peptide from a cell or a tissue.
final_direct_conserved_plus_Dmel_experimental	300	weight01	fisher	20	none	SC_pos	BP	GO:0021782	glial cell development	46	8	3.27	2.4464831804281344	0.01442	weight01	8	N13.HOG0002007;N13.HOG0005679;N13.HOG0006567;N13.HOG0007037;N13.HOG0008882;N13.HOG0009311;N13.HOG0010221;N13.HOG0011272	The process aimed at the progression of a glial cell over time, from initial commitment of the cell to a specific fate, to the fully functional differentiated cell.
final_direct_conserved_plus_Dmel_experimental	300	weight01	fisher	20	none	SC_pos	BP	GO:0009064	glutamine family amino acid metabolic process	29	6	2.06	2.912621359223301	0.01448	weight01	6	N13.HOG0001967;N13.HOG0004383;N13.HOG0004957;N13.HOG0005902;N13.HOG0007469;N13.HOG0008882	The chemical reactions and pathways involving amino acids of the glutamine family, comprising arginine, glutamate, glutamine and proline.
final_direct_conserved_plus_Dmel_experimental	300	weight01	fisher	20	none	SC_pos	BP	GO:0051881	regulation of mitochondrial membrane potential	29	6	2.06	2.912621359223301	0.01448	weight01	6	N13.HOG0005428;N13.HOG0005679;N13.HOG0005834;N13.HOG0005899;N13.HOG0006142;N13.HOG0011149	Any process that modulates the establishment or extent of the mitochondrial membrane potential, the electric potential existing across the mitochondrial membrane arising from charges in the membrane itself and from the charges present in the media on either side of the membrane.
final_direct_conserved_plus_Dmel_experimental	300	weight01	fisher	20	none	SC_pos	BP	GO:0170038	proteinogenic amino acid biosynthetic process	29	6	2.06	2.912621359223301	0.01448	weight01	6	N13.HOG0004383;N13.HOG0004983;N13.HOG0005902;N13.HOG0008882;N13.HOG0009118;N13.HOG0011003	NA
final_direct_conserved_plus_Dmel_experimental	300	weight01	fisher	20	none	SC_pos	BP	GO:0009749	response to glucose	75	9	5.34	1.6853932584269664	0.01454	weight01	9	N13.HOG0001742;N13.HOG0002563;N13.HOG0006174;N13.HOG0006722;N13.HOG0007164;N13.HOG0007840;N13.HOG0008395;N13.HOG0008808;N13.HOG0009810	Any process that results in a change in state or activity of a cell or an organism (in terms of movement, secretion, enzyme production, gene expression, etc.) as a result of a glucose stimulus.
final_direct_conserved_plus_Dmel_experimental	300	weight01	fisher	20	none	SC_pos	BP	GO:0044706	multi-multicellular organism process	67	11	4.77	2.306079664570231	0.01469	weight01	11	N13.HOG0001168;N13.HOG0002451;N13.HOG0002563;N13.HOG0003614;N13.HOG0004383;N13.HOG0005679;N13.HOG0005902;N13.HOG0006567;N13.HOG0006983;N13.HOG0008109;N13.HOG0011999	NA
final_direct_conserved_plus_Dmel_experimental	300	weight01	fisher	20	none	SC_pos	BP	GO:1901068	guanosine-containing compound metabolic process	22	5	1.57	3.184713375796178	0.01696	weight01	5	N13.HOG0005512;N13.HOG0006468;N13.HOG0006518;N13.HOG0007469;N13.HOG0008530	The chemical reactions and pathways involving guanosine-containing compounds (guanosines).
final_direct_conserved_plus_Dmel_experimental	300	weight01	fisher	20	none	SC_pos	BP	GO:0005977	glycogen metabolic process	30	6	2.13	2.8169014084507045	0.01705	weight01	6	N13.HOG0005142;N13.HOG0005679;N13.HOG0006174;N13.HOG0006699;N13.HOG0006722;N13.HOG0007383	The chemical reactions and pathways involving glycogen, a polydisperse, highly branched glucan composed of chains of D-glucose residues in alpha-(1->4) glycosidic linkage, joined together by alpha-(1->6) glycosidic linkages.
final_direct_conserved_plus_Dmel_experimental	300	weight01	fisher	20	none	SC_pos	BP	GO:0046148	pigment biosynthetic process	46	6	3.27	1.8348623853211008	0.01713	weight01	6	N13.HOG0002529;N13.HOG0006012;N13.HOG0006169;N13.HOG0007469;N13.HOG0009118;N13.HOG0010084	The chemical reactions and pathways resulting in the formation of a pigment, any general or particular coloring matter in living organisms, e.g. melanin.
final_direct_conserved_plus_Dmel_experimental	300	weight01	fisher	20	none	SC_pos	BP	GO:0043467	regulation of generation of precursor metabolites and energy	56	7	3.98	1.7587939698492463	0.01729	weight01	7	N13.HOG0002865;N13.HOG0005679;N13.HOG0005899;N13.HOG0006174;N13.HOG0006722;N13.HOG0007383;N13.HOG0007840	Any process that modulates the frequency, rate or extent of the chemical reactions and pathways resulting in the formation of precursor metabolites, substances from which energy is derived, and the processes involved in the liberation of energy from these substances.
final_direct_conserved_plus_Dmel_experimental	300	weight01	fisher	20	none	SC_pos	BP	GO:1901293	nucleoside phosphate biosynthetic process	137	29	9.75	2.9743589743589745	0.01827	weight01	29	N13.HOG0001742;N13.HOG0002474;N13.HOG0002709;N13.HOG0002865;N13.HOG0004055;N13.HOG0004383;N13.HOG0005767;N13.HOG0005834;N13.HOG0005899;N13.HOG0006063;N13.HOG0006106;N13.HOG0006169;N13.HOG0006174;N13.HOG0006298;N13.HOG0006495;N13.HOG0006518;N13.HOG0006806;N13.HOG0006946;N13.HOG0007211;N13.HOG0007450;N13.HOG0007469;N13.HOG0007555;N13.HOG0007575;N13.HOG0007840;N13.HOG0008109;N13.HOG0008395;N13.HOG0008484;N13.HOG0008502;N13.HOG0009118	The chemical reactions and pathways resulting in the formation of a nucleoside phosphate.
final_direct_conserved_plus_Dmel_experimental	300	weight01	fisher	20	none	SC_pos	BP	GO:0006520	amino acid metabolic process	117	27	8.32	3.2451923076923075	0.01946	weight01	27	N13.HOG0001332;N13.HOG0001967;N13.HOG0003079;N13.HOG0004383;N13.HOG0004659;N13.HOG0004957;N13.HOG0004983;N13.HOG0005222;N13.HOG0005438;N13.HOG0005620;N13.HOG0005902;N13.HOG0006012;N13.HOG0006063;N13.HOG0006699;N13.HOG0006706;N13.HOG0007450;N13.HOG0007469;N13.HOG0007686;N13.HOG0008016;N13.HOG0008090;N13.HOG0008109;N13.HOG0008139;N13.HOG0008882;N13.HOG0008957;N13.HOG0009118;N13.HOG0011003;N13.HOG0011999	The chemical reactions and pathways involving amino acids, carboxylic acids containing one or more amino groups.
final_direct_conserved_plus_Dmel_experimental	300	weight01	fisher	20	none	SC_pos	MF	GO:0051287	NAD binding	26	10	1.88	5.319148936170213	6.2e-6	weight01	10	N13.HOG0001742;N13.HOG0002709;N13.HOG0002865;N13.HOG0005834;N13.HOG0006706;N13.HOG0006783;N13.HOG0007797;N13.HOG0008012;N13.HOG0008882;N13.HOG0008908	Binding to nicotinamide adenine dinucleotide, a coenzyme involved in many redox and biosynthetic reactions; binding may be to either the oxidized form, NAD+, or the reduced form, NADH.
final_direct_conserved_plus_Dmel_experimental	300	weight01	fisher	20	none	SC_pos	MF	GO:0005524	ATP binding	420	54	30.36	1.7786561264822134	9.3e-6	weight01	54	N13.HOG0000706;N13.HOG0000906;N13.HOG0001332;N13.HOG0002327;N13.HOG0002408;N13.HOG0002756;N13.HOG0003324;N13.HOG0003437;N13.HOG0003997;N13.HOG0004055;N13.HOG0004383;N13.HOG0004957;N13.HOG0005084;N13.HOG0005222;N13.HOG0005461;N13.HOG0005505;N13.HOG0005512;N13.HOG0005604;N13.HOG0005620;N13.HOG0005629;N13.HOG0005679;N13.HOG0005899;N13.HOG0005971;N13.HOG0006012;N13.HOG0006142;N13.HOG0006169;N13.HOG0006174;N13.HOG0006582;N13.HOG0006707;N13.HOG0006824;N13.HOG0007211;N13.HOG0007383;N13.HOG0007396;N13.HOG0007469;N13.HOG0007641;N13.HOG0007840;N13.HOG0007931;N13.HOG0007945;N13.HOG0008016;N13.HOG0008090;N13.HOG0008109;N13.HOG0008121;N13.HOG0008215;N13.HOG0008395;N13.HOG0008614;N13.HOG0008718;N13.HOG0008814;N13.HOG0009231;N13.HOG0009247;N13.HOG0009311;N13.HOG0009420;N13.HOG0009472;N13.HOG0009516;N13.HOG0010551	Binding to ATP, adenosine 5'-triphosphate, a universally important coenzyme and enzyme regulator.
final_direct_conserved_plus_Dmel_experimental	300	weight01	fisher	20	none	SC_pos	MF	GO:0016616	oxidoreductase activity, acting on the CH-OH group of donors, NAD or NADP as acceptor	39	12	2.82	4.25531914893617	1.1e-5	weight01	12	N13.HOG0000906;N13.HOG0001720;N13.HOG0001742;N13.HOG0001745;N13.HOG0002709;N13.HOG0003382;N13.HOG0006783;N13.HOG0007797;N13.HOG0007988;N13.HOG0008012;N13.HOG0008882;N13.HOG0008908	Catalysis of an oxidation-reduction (redox) reaction in which a CH-OH group acts as a hydrogen or electron donor and reduces NAD+ or NADP.
final_direct_conserved_plus_Dmel_experimental	300	weight01	fisher	20	none	SC_pos	MF	GO:0016836	hydro-lyase activity	20	8	1.45	5.517241379310345	3.9e-5	weight01	8	N13.HOG0001925;N13.HOG0006946;N13.HOG0007413;N13.HOG0007686;N13.HOG0007797;N13.HOG0008139;N13.HOG0008908;N13.HOG0010084	Catalysis of the cleavage of a carbon-oxygen bond by elimination of water.
final_direct_conserved_plus_Dmel_experimental	300	weight01	fisher	20	none	SC_pos	MF	GO:0042803	protein homodimerization activity	255	36	18.43	1.9533369506239826	5.1e-5	weight01	36	N13.HOG0001967;N13.HOG0003614;N13.HOG0004879;N13.HOG0004957;N13.HOG0005080;N13.HOG0005084;N13.HOG0005203;N13.HOG0005222;N13.HOG0005512;N13.HOG0005558;N13.HOG0005679;N13.HOG0005767;N13.HOG0005902;N13.HOG0006012;N13.HOG0006063;N13.HOG0006169;N13.HOG0006174;N13.HOG0006468;N13.HOG0006722;N13.HOG0006783;N13.HOG0006944;N13.HOG0007037;N13.HOG0007164;N13.HOG0007931;N13.HOG0008012;N13.HOG0008090;N13.HOG0008109;N13.HOG0008332;N13.HOG0008395;N13.HOG0008484;N13.HOG0008808;N13.HOG0009118;N13.HOG0009256;N13.HOG0009571;N13.HOG0009663;N13.HOG0011272	Binding to an identical protein to form a homodimer.
final_direct_conserved_plus_Dmel_experimental	300	weight01	fisher	20	none	SC_pos	MF	GO:0042802	identical protein binding	470	64	33.97	1.8840153076243744	4.3e-4	weight01	64	N13.HOG0001742;N13.HOG0001967;N13.HOG0002408;N13.HOG0002563;N13.HOG0002865;N13.HOG0003614;N13.HOG0004055;N13.HOG0004383;N13.HOG0004793;N13.HOG0004879;N13.HOG0004957;N13.HOG0004983;N13.HOG0005080;N13.HOG0005084;N13.HOG0005203;N13.HOG0005222;N13.HOG0005512;N13.HOG0005558;N13.HOG0005679;N13.HOG0005767;N13.HOG0005834;N13.HOG0005899;N13.HOG0005902;N13.HOG0006012;N13.HOG0006063;N13.HOG0006169;N13.HOG0006174;N13.HOG0006468;N13.HOG0006582;N13.HOG0006699;N13.HOG0006706;N13.HOG0006722;N13.HOG0006783;N13.HOG0006805;N13.HOG0006806;N13.HOG0006944;N13.HOG0006946;N13.HOG0007037;N13.HOG0007164;N13.HOG0007413;N13.HOG0007840;N13.HOG0007931;N13.HOG0007979;N13.HOG0008012;N13.HOG0008090;N13.HOG0008109;N13.HOG0008215;N13.HOG0008332;N13.HOG0008395;N13.HOG0008434;N13.HOG0008484;N13.HOG0008511;N13.HOG0008808;N13.HOG0008818;N13.HOG0009118;N13.HOG0009256;N13.HOG0009472;N13.HOG0009571;N13.HOG0009663;N13.HOG0009669;N13.HOG0009810;N13.HOG0010401;N13.HOG0011003;N13.HOG0011272	Binding to an identical protein or proteins.
final_direct_conserved_plus_Dmel_experimental	300	weight01	fisher	20	none	SC_pos	MF	GO:0033218	amide binding	95	16	6.87	2.328966521106259	0.00107	weight01	16	N13.HOG0003079;N13.HOG0005785;N13.HOG0006699;N13.HOG0006768;N13.HOG0006854;N13.HOG0007453;N13.HOG0007492;N13.HOG0007797;N13.HOG0007897;N13.HOG0008016;N13.HOG0008289;N13.HOG0008494;N13.HOG0008677;N13.HOG0008908;N13.HOG0008982;N13.HOG0009422	Binding to an amide, any derivative of an oxoacid in which an acidic hydroxy group has been replaced by an amino or substituted amino group.
final_direct_conserved_plus_Dmel_experimental	300	weight01	fisher	20	none	SC_pos	MF	GO:0019842	vitamin binding	40	9	2.89	3.1141868512110724	0.00176	weight01	9	N13.HOG0001967;N13.HOG0004983;N13.HOG0005080;N13.HOG0005438;N13.HOG0005902;N13.HOG0006699;N13.HOG0008016;N13.HOG0009118;N13.HOG0011003	Binding to a vitamin, one of a number of unrelated organic substances that occur in many foods in small amounts and that are necessary in trace amounts for the normal metabolic functioning of the body.
final_direct_conserved_plus_Dmel_experimental	300	weight01	fisher	20	none	SC_pos	MF	GO:0043531	ADP binding	20	6	1.45	4.137931034482759	0.0022	weight01	6	N13.HOG0002709;N13.HOG0005222;N13.HOG0005899;N13.HOG0006169;N13.HOG0006174;N13.HOG0009420	Binding to ADP, adenosine 5'-diphosphate.
final_direct_conserved_plus_Dmel_experimental	300	weight01	fisher	20	none	SC_pos	MF	GO:0003727	single-stranded RNA binding	42	9	3.04	2.9605263157894735	0.00252	weight01	9	N13.HOG0002451;N13.HOG0004297;N13.HOG0004793;N13.HOG0006797;N13.HOG0008121;N13.HOG0009256;N13.HOG0009399;N13.HOG0009420;N13.HOG0009810	Binding to single-stranded RNA.
final_direct_conserved_plus_Dmel_experimental	300	weight01	fisher	20	none	SC_pos	MF	GO:0016491	oxidoreductase activity	237	32	17.13	1.8680677174547577	0.00265	weight01	32	N13.HOG0000342;N13.HOG0000561;N13.HOG0000906;N13.HOG0001720;N13.HOG0001742;N13.HOG0001745;N13.HOG0002708;N13.HOG0002709;N13.HOG0002757;N13.HOG0002865;N13.HOG0003079;N13.HOG0003382;N13.HOG0003437;N13.HOG0004055;N13.HOG0005080;N13.HOG0005512;N13.HOG0005558;N13.HOG0006012;N13.HOG0006510;N13.HOG0006783;N13.HOG0006902;N13.HOG0006996;N13.HOG0007450;N13.HOG0007797;N13.HOG0007897;N13.HOG0007988;N13.HOG0008012;N13.HOG0008677;N13.HOG0008882;N13.HOG0008908;N13.HOG0008957;N13.HOG0009256	Catalysis of an oxidation-reduction (redox) reaction, a reversible chemical reaction in which the oxidation state of an atom or atoms within a molecule is altered. One substrate acts as a hydrogen or electron donor and becomes oxidized, while the other acts as hydrogen or electron acceptor and becomes reduced.
final_direct_conserved_plus_Dmel_experimental	300	weight01	fisher	20	none	SC_pos	MF	GO:0004553	hydrolase activity, hydrolyzing O-glycosyl compounds	21	6	1.52	3.9473684210526314	0.0029	weight01	6	N13.HOG0002310;N13.HOG0003075;N13.HOG0003614;N13.HOG0005107;N13.HOG0005142;N13.HOG0005716	Catalysis of the hydrolysis of any O-glycosyl bond.
final_direct_conserved_plus_Dmel_experimental	300	weight01	fisher	20	none	SC_pos	MF	GO:1901681	sulfur compound binding	52	8	3.76	2.127659574468085	0.00464	weight01	8	N13.HOG0001792;N13.HOG0003079;N13.HOG0006699;N13.HOG0007797;N13.HOG0007897;N13.HOG0008016;N13.HOG0008677;N13.HOG0008908	Binding to a sulfur compound.
final_direct_conserved_plus_Dmel_experimental	300	weight01	fisher	20	none	SC_pos	MF	GO:0032559	adenyl ribonucleotide binding	442	60	31.95	1.8779342723004695	0.00773	weight01	60	N13.HOG0000706;N13.HOG0000906;N13.HOG0001332;N13.HOG0002327;N13.HOG0002408;N13.HOG0002709;N13.HOG0002756;N13.HOG0003079;N13.HOG0003324;N13.HOG0003437;N13.HOG0003997;N13.HOG0004055;N13.HOG0004383;N13.HOG0004957;N13.HOG0005084;N13.HOG0005222;N13.HOG0005461;N13.HOG0005505;N13.HOG0005512;N13.HOG0005604;N13.HOG0005620;N13.HOG0005629;N13.HOG0005679;N13.HOG0005899;N13.HOG0005971;N13.HOG0006012;N13.HOG0006142;N13.HOG0006169;N13.HOG0006174;N13.HOG0006582;N13.HOG0006707;N13.HOG0006824;N13.HOG0007211;N13.HOG0007383;N13.HOG0007396;N13.HOG0007469;N13.HOG0007641;N13.HOG0007797;N13.HOG0007840;N13.HOG0007897;N13.HOG0007931;N13.HOG0007945;N13.HOG0008016;N13.HOG0008090;N13.HOG0008109;N13.HOG0008121;N13.HOG0008215;N13.HOG0008395;N13.HOG0008614;N13.HOG0008677;N13.HOG0008718;N13.HOG0008814;N13.HOG0008908;N13.HOG0009231;N13.HOG0009247;N13.HOG0009311;N13.HOG0009420;N13.HOG0009472;N13.HOG0009516;N13.HOG0010551	Binding to an adenyl ribonucleotide, any compound consisting of adenosine esterified with (ortho)phosphate or an oligophosphate at any hydroxyl group on the ribose moiety.
final_direct_conserved_plus_Dmel_experimental	300	weight01	fisher	20	none	SC_pos	MF	GO:0003729	mRNA binding	144	21	10.41	2.0172910662824206	0.01137	weight01	21	N13.HOG0002352;N13.HOG0002451;N13.HOG0002495;N13.HOG0003324;N13.HOG0004087;N13.HOG0004297;N13.HOG0004733;N13.HOG0006720;N13.HOG0006797;N13.HOG0006880;N13.HOG0006944;N13.HOG0008121;N13.HOG0008139;N13.HOG0008353;N13.HOG0008706;N13.HOG0009118;N13.HOG0009399;N13.HOG0009810;N13.HOG0010084;N13.HOG0010314;N13.HOG0010674	Binding to messenger RNA (mRNA), an intermediate molecule between DNA and protein. mRNA includes UTR and coding sequences, but does not contain introns.
final_direct_conserved_plus_Dmel_experimental	300	weight01	fisher	20	none	SC_pos	MF	GO:0016829	lyase activity	60	15	4.34	3.456221198156682	0.01148	weight01	15	N13.HOG0001925;N13.HOG0002709;N13.HOG0004983;N13.HOG0006063;N13.HOG0006106;N13.HOG0006946;N13.HOG0007413;N13.HOG0007450;N13.HOG0007686;N13.HOG0007797;N13.HOG0008139;N13.HOG0008454;N13.HOG0008908;N13.HOG0009118;N13.HOG0010084	Catalysis of the cleavage of C-C, C-O, C-N and other bonds by other means than by hydrolysis or oxidation, or conversely adding a group to a double bond. They differ from other enzymes in that two substrates are involved in one reaction direction, but only one in the other direction. When acting on the single substrate, a molecule is eliminated and this generates either a new double bond or a new ring.
final_direct_conserved_plus_Dmel_experimental	300	weight01	fisher	20	none	SC_pos	MF	GO:0016874	ligase activity	75	14	5.42	2.5830258302583027	0.01153	weight01	14	N13.HOG0001332;N13.HOG0003997;N13.HOG0004383;N13.HOG0005620;N13.HOG0005834;N13.HOG0006012;N13.HOG0006063;N13.HOG0006707;N13.HOG0007469;N13.HOG0008016;N13.HOG0008090;N13.HOG0008109;N13.HOG0008502;N13.HOG0009231	Catalysis of the joining of two molecules, or two groups within a single molecule, using the energy from the hydrolysis of ATP, a similar triphosphate, or a pH gradient.
final_direct_conserved_plus_Dmel_experimental	300	weight01	fisher	20	none	SC_pos	MF	GO:0016903	oxidoreductase activity, acting on the aldehyde or oxo group of donors	20	5	1.45	3.4482758620689657	0.01197	weight01	5	N13.HOG0000342;N13.HOG0002865;N13.HOG0003079;N13.HOG0003382;N13.HOG0007450	NA
final_direct_conserved_plus_Dmel_experimental	300	weight01	fisher	20	none	SC_pos	MF	GO:0043022	ribosome binding	36	7	2.6	2.692307692307692	0.01294	weight01	7	N13.HOG0004522;N13.HOG0006720;N13.HOG0006880;N13.HOG0008121;N13.HOG0008133;N13.HOG0009399;N13.HOG0011108	Binding to a ribosome.
final_direct_conserved_plus_Dmel_experimental	300	weight01	fisher	20	none	SC_pos	MF	GO:0048029	monosaccharide binding	21	5	1.52	3.289473684210526	0.01481	weight01	5	N13.HOG0002563;N13.HOG0006174;N13.HOG0006298;N13.HOG0006722;N13.HOG0008818	Binding to a monosaccharide. Monosaccharides are the simplest carbohydrates; they are polyhydroxy aldehydes H
final_direct_conserved_plus_Dmel_experimental	300	weight01	fisher	20	none	SC_pos	MF	GO:0016879	ligase activity, forming carbon-nitrogen bonds	22	5	1.59	3.144654088050314	0.01806	weight01	5	N13.HOG0004383;N13.HOG0006012;N13.HOG0007469;N13.HOG0008016;N13.HOG0008502	NA
final_direct_conserved_plus_Dmel_experimental	300	weight01	fisher	20	none	SC_pos	MF	GO:0016757	glycosyltransferase activity	72	11	5.2	2.1153846153846154	0.01861	weight01	11	N13.HOG0003614;N13.HOG0005834;N13.HOG0006518;N13.HOG0006722;N13.HOG0007789;N13.HOG0008133;N13.HOG0008679;N13.HOG0009015;N13.HOG0009991;N13.HOG0010849;N13.HOG0011005	Catalysis of the transfer of a glycosyl group from one compound (donor) to another (acceptor).
final_direct_conserved_plus_Dmel_experimental	300	weight01	fisher	20	none	SC_pos	CC	GO:1904813	ficolin-1-rich granule lumen	34	12	2.49	4.8192771084337345	2.4e-6	weight01	12	N13.HOG0002352;N13.HOG0002573;N13.HOG0005169;N13.HOG0005558;N13.HOG0005899;N13.HOG0006298;N13.HOG0006468;N13.HOG0006518;N13.HOG0007645;N13.HOG0008012;N13.HOG0008814;N13.HOG0008988	Any membrane-enclosed lumen that is part of a ficolin-1-rich granule.
final_direct_conserved_plus_Dmel_experimental	300	weight01	fisher	20	none	SC_pos	CC	GO:0030120	vesicle coat	23	9	1.68	5.357142857142858	1.7e-5	weight01	9	N13.HOG0004886;N13.HOG0004934;N13.HOG0006290;N13.HOG0008852;N13.HOG0008887;N13.HOG0008982;N13.HOG0009137;N13.HOG0009422;N13.HOG0010401	NA
final_direct_conserved_plus_Dmel_experimental	300	weight01	fisher	20	none	SC_pos	CC	GO:0034774	secretory granule lumen	57	13	4.17	3.117505995203837	1.7e-4	weight01	13	N13.HOG0002352;N13.HOG0002573;N13.HOG0003614;N13.HOG0005558;N13.HOG0005899;N13.HOG0006298;N13.HOG0006468;N13.HOG0006518;N13.HOG0007645;N13.HOG0008012;N13.HOG0008614;N13.HOG0008814;N13.HOG0008988	The volume enclosed by the membrane of a secretory granule.
final_direct_conserved_plus_Dmel_experimental	300	weight01	fisher	20	none	SC_pos	CC	GO:0030660	Golgi-associated vesicle membrane	30	9	2.19	4.109589041095891	1.9e-4	weight01	9	N13.HOG0004886;N13.HOG0004934;N13.HOG0006290;N13.HOG0008434;N13.HOG0008852;N13.HOG0008887;N13.HOG0009137;N13.HOG0009422;N13.HOG0010401	The lipid bilayer surrounding a vesicle associated with the Golgi apparatus.
final_direct_conserved_plus_Dmel_experimental	300	weight01	fisher	20	none	SC_pos	CC	GO:0042470	melanosome	32	9	2.34	3.8461538461538463	3.3e-4	weight01	9	N13.HOG0002563;N13.HOG0005142;N13.HOG0006415;N13.HOG0006706;N13.HOG0006996;N13.HOG0008332;N13.HOG0008530;N13.HOG0008679;N13.HOG0009663	A tissue-specific, membrane-bounded cytoplasmic organelle within which melanin pigments are synthesized and stored. Melanosomes are synthesized in melanocyte cells.
final_direct_conserved_plus_Dmel_experimental	300	weight01	fisher	20	none	SC_pos	CC	GO:0030133	transport vesicle	119	15	8.71	1.7221584385763489	0.00123	weight01	15	N13.HOG0002474;N13.HOG0002563;N13.HOG0004886;N13.HOG0004934;N13.HOG0005810;N13.HOG0006290;N13.HOG0007592;N13.HOG0008305;N13.HOG0008434;N13.HOG0008852;N13.HOG0008887;N13.HOG0009137;N13.HOG0009422;N13.HOG0009663;N13.HOG0010401	Any of the vesicles of the constitutive secretory pathway, which carry cargo from the endoplasmic reticulum to the Golgi, between Golgi cisternae, from the Golgi to the ER (retrograde transport) or to destinations within or outside the cell.
final_direct_conserved_plus_Dmel_experimental	300	weight01	fisher	20	none	SC_pos	CC	GO:0140534	endoplasmic reticulum protein-containing complex	53	11	3.88	2.8350515463917527	0.00126	weight01	11	N13.HOG0003332;N13.HOG0005142;N13.HOG0005899;N13.HOG0006381;N13.HOG0006996;N13.HOG0007789;N13.HOG0008133;N13.HOG0008446;N13.HOG0008679;N13.HOG0008844;N13.HOG0011108	NA
final_direct_conserved_plus_Dmel_experimental	300	weight01	fisher	20	none	SC_pos	CC	GO:0043209	myelin sheath	66	12	4.83	2.484472049689441	0.00255	weight01	12	N13.HOG0001742;N13.HOG0002352;N13.HOG0002865;N13.HOG0003997;N13.HOG0005899;N13.HOG0005902;N13.HOG0006142;N13.HOG0006298;N13.HOG0006806;N13.HOG0008332;N13.HOG0008614;N13.HOG0008882	An electrically insulating fatty layer that surrounds the axons of many neurons. It is an outgrowth of glial cells: Schwann cells supply the myelin for peripheral neurons while oligodendrocytes supply it to those of the central nervous system.
final_direct_conserved_plus_Dmel_experimental	300	weight01	fisher	20	none	SC_pos	CC	GO:0005759	mitochondrial matrix	213	30	15.58	1.925545571245186	0.00403	weight01	30	N13.HOG0001742;N13.HOG0001967;N13.HOG0002709;N13.HOG0002821;N13.HOG0003997;N13.HOG0005438;N13.HOG0005902;N13.HOG0006012;N13.HOG0006063;N13.HOG0006142;N13.HOG0006510;N13.HOG0006707;N13.HOG0006902;N13.HOG0007164;N13.HOG0007413;N13.HOG0007450;N13.HOG0007686;N13.HOG0007797;N13.HOG0007897;N13.HOG0008016;N13.HOG0008109;N13.HOG0008139;N13.HOG0008395;N13.HOG0008656;N13.HOG0008677;N13.HOG0008908;N13.HOG0008957;N13.HOG0009420;N13.HOG0009966;N13.HOG0011003	The gel-like material, with considerable fine structure, that lies in the matrix space, or lumen, of a mitochondrion. It contains the enzymes of the tricarboxylic acid cycle and, in some organisms, the enzymes concerned with fatty acid oxidation.
final_direct_conserved_plus_Dmel_experimental	300	weight01	fisher	20	none	SC_pos	CC	GO:0042645	mitochondrial nucleoid	24	6	1.76	3.409090909090909	0.00635	weight01	6	N13.HOG0006142;N13.HOG0007797;N13.HOG0008656;N13.HOG0008677;N13.HOG0008908;N13.HOG0009420	The region of a mitochondrion to which the DNA is confined.
final_direct_conserved_plus_Dmel_experimental	300	weight01	fisher	20	none	SC_pos	CC	GO:0000502	proteasome complex	25	6	1.83	3.278688524590164	0.00785	weight01	6	N13.HOG0002573;N13.HOG0005899;N13.HOG0006427;N13.HOG0008422;N13.HOG0008814;N13.HOG0008988	A large multisubunit complex which catalyzes protein degradation, found in eukaryotes, archaea and some bacteria. In eukaryotes, this complex consists of the barrel shaped proteasome core complex and one or two associated proteins or complexes that act in regulating entry into or exit from the core.
final_direct_conserved_plus_Dmel_experimental	300	weight01	fisher	20	none	SC_pos	CC	GO:0005789	endoplasmic reticulum membrane	254	28	18.58	1.5069967707212057	0.0088	weight01	28	N13.HOG0001720;N13.HOG0003332;N13.HOG0003761;N13.HOG0004886;N13.HOG0004934;N13.HOG0005899;N13.HOG0006180;N13.HOG0006290;N13.HOG0006381;N13.HOG0006468;N13.HOG0006996;N13.HOG0007010;N13.HOG0007037;N13.HOG0007781;N13.HOG0007789;N13.HOG0008133;N13.HOG0008536;N13.HOG0008656;N13.HOG0008679;N13.HOG0008844;N13.HOG0008852;N13.HOG0008887;N13.HOG0009137;N13.HOG0009231;N13.HOG0009991;N13.HOG0010401;N13.HOG0011000;N13.HOG0011108	The lipid bilayer surrounding the endoplasmic reticulum.
final_direct_conserved_plus_Dmel_experimental	300	weight01	fisher	20	none	SC_pos	CC	GO:0005635	nuclear envelope	162	24	11.85	2.0253164556962027	0.01287	weight01	24	N13.HOG0002865;N13.HOG0002963;N13.HOG0004055;N13.HOG0004957;N13.HOG0005785;N13.HOG0005834;N13.HOG0005899;N13.HOG0006291;N13.HOG0006539;N13.HOG0007010;N13.HOG0007037;N13.HOG0007453;N13.HOG0008289;N13.HOG0008530;N13.HOG0008656;N13.HOG0008706;N13.HOG0008762;N13.HOG0008808;N13.HOG0008968;N13.HOG0009231;N13.HOG0009247;N13.HOG0009810;N13.HOG0010401;N13.HOG0010551	The double lipid bilayer that encloses the nucleus, separating its contents from the cytoplasm. It consists of an inner and outer nuclear membrane, with an intermembrane space (20-40 nm wide, also called the perinuclear space) between them. The envelope is supported by the nuclear lamina and contains nuclear pore complexes, which regulate molecular transport.
final_direct_conserved_plus_Dmel_experimental	300	weight01	fisher	20	none	SC_neg	BP	GO:0007187	G protein-coupled receptor signaling pathway, coupled to cyclic nucleotide second messenger	21	6	1.06	5.660377358490566	4.3e-4	weight01	6	N13.HOG0001708;N13.HOG0005369;N13.HOG0006173;N13.HOG0007830;N13.HOG0008360;N13.HOG0009466	A G protein-coupled receptor signaling pathway in which the signal is transmitted via the activation or inhibition of a nucleotide cyclase activity and a subsequent change in the concentration of a cyclic nucleotide.
final_direct_conserved_plus_Dmel_experimental	300	weight01	fisher	20	none	SC_neg	BP	GO:0007188	adenylate cyclase-modulating G protein-coupled receptor signaling pathway	24	6	1.21	4.958677685950414	9.4e-4	weight01	6	N13.HOG0001708;N13.HOG0005369;N13.HOG0006173;N13.HOG0007830;N13.HOG0008360;N13.HOG0009466	A G protein-coupled receptor signaling pathway in which the signal is transmitted via the activation or inhibition of adenylyl cyclase activity and a subsequent change in the intracellular concentration of cyclic AMP (cAMP).
final_direct_conserved_plus_Dmel_experimental	300	weight01	fisher	20	none	SC_neg	BP	GO:0030490	maturation of SSU-rRNA	43	5	2.16	2.314814814814815	0.00313	weight01	5	N13.HOG0004950;N13.HOG0005699;N13.HOG0007046;N13.HOG0010098;N13.HOG0010217	Any process involved in the maturation of a precursor Small SubUnit (SSU) ribosomal RNA (rRNA) molecule into a mature SSU-rRNA molecule.
final_direct_conserved_plus_Dmel_experimental	300	weight01	fisher	20	none	SC_neg	BP	GO:0018393	internal peptidyl-lysine acetylation	47	7	2.36	2.9661016949152543	0.00828	weight01	7	N13.HOG0001895;N13.HOG0006731;N13.HOG0007552;N13.HOG0008186;N13.HOG0008330;N13.HOG0009255;N13.HOG0010226	The addition of an acetyl group to a non-terminal lysine residue in a protein.
final_direct_conserved_plus_Dmel_experimental	300	weight01	fisher	20	none	SC_neg	BP	GO:0007368	determination of left/right symmetry	67	7	3.37	2.0771513353115725	0.00834	weight01	7	N13.HOG0003240;N13.HOG0006779;N13.HOG0007052;N13.HOG0009153;N13.HOG0009215;N13.HOG0010001;N13.HOG0011696	The establishment of an organism's body plan or part of an organism with respect to the left and right halves. The pattern can either be symmetric, such that the halves are mirror images, or asymmetric where the pattern deviates from this symmetry.
final_direct_conserved_plus_Dmel_experimental	300	weight01	fisher	20	none	SC_neg	BP	GO:0035082	axoneme assembly	47	6	2.36	2.5423728813559325	0.00997	weight01	6	N13.HOG0001572;N13.HOG0003240;N13.HOG0006650;N13.HOG0007052;N13.HOG0007648;N13.HOG0011048	The assembly and organization of an axoneme, the bundle of microtubules and associated proteins that forms the core of cilia (also called flagella) in eukaryotic cells and is responsible for their movements.
final_direct_conserved_plus_Dmel_experimental	300	weight01	fisher	20	none	SC_neg	BP	GO:1901379	regulation of potassium ion transmembrane transport	20	4	1.01	3.9603960396039604	0.01592	weight01	4	N13.HOG0002975;N13.HOG0005187;N13.HOG0009846;N13.HOG0010537	Any process that modulates the frequency, rate or extent of potassium ion transmembrane transport.
final_direct_conserved_plus_Dmel_experimental	300	weight01	fisher	20	none	SC_neg	BP	GO:0033555	multicellular organismal response to stress	20	4	1.01	3.9603960396039604	0.01592	weight01	4	N13.HOG0000925;N13.HOG0002175;N13.HOG0005369;N13.HOG0006165	Any process that results in a change in state or activity of a multicellular organism (in terms of movement, secretion, enzyme production, gene expression, etc.) as a result of a stimulus indicating the organism is under stress. The stress is usually, but not necessarily, exogenous (e.g. temperature, humidity, ionizing radiation).
final_direct_conserved_plus_Dmel_experimental	300	weight01	fisher	20	none	SC_neg	BP	GO:0003341	cilium movement	74	8	3.72	2.150537634408602	0.01848	weight01	8	N13.HOG0001572;N13.HOG0003240;N13.HOG0006650;N13.HOG0006779;N13.HOG0007052;N13.HOG0007899;N13.HOG0010001;N13.HOG0011048	The directed, self-propelled movement of a cilium.
final_direct_conserved_plus_Dmel_experimental	300	weight01	fisher	20	none	SC_neg	MF	GO:0030594	neurotransmitter receptor activity	28	7	1.41	4.964539007092199	3.5e-4	weight01	7	N13.HOG0001017;N13.HOG0001708;N13.HOG0005369;N13.HOG0006165;N13.HOG0006173;N13.HOG0007830;N13.HOG0009466	NA
final_direct_conserved_plus_Dmel_experimental	300	weight01	fisher	20	none	SC_neg	MF	GO:0008061	chitin binding	22	5	1.11	4.504504504504504	0.00402	weight01	5	N13.HOG0000861;N13.HOG0000862;N13.HOG0002857;N13.HOG0002972;N13.HOG0004301	Binding to chitin, a linear polysaccharide consisting of beta-(1->4)-linked N-acetyl-D-glucosamine residues.
final_direct_conserved_plus_Dmel_experimental	300	weight01	fisher	20	none	SC_neg	MF	GO:0004402	histone acetyltransferase activity	21	4	1.06	3.773584905660377	0.01901	weight01	4	N13.HOG0006731;N13.HOG0007552;N13.HOG0008186;N13.HOG0009255	Catalysis of the reaction: L-lysyl-
final_direct_conserved_plus_Dmel_experimental	300	weight01	fisher	20	none	SC_neg	CC	GO:1902562	H4 histone acetyltransferase complex	24	5	1.25	4	0.0069	weight01	5	N13.HOG0007552;N13.HOG0008186;N13.HOG0008330;N13.HOG0009255;N13.HOG0010226	A protein complex which is capable of H4 histone acetyltransferase activity.
final_direct_conserved_plus_Dmel_experimental	300	weight01	fisher	20	none	SC_neg	CC	GO:0019897	extrinsic component of plasma membrane	40	6	2.08	2.8846153846153846	0.0098	weight01	6	N13.HOG0001889;N13.HOG0004724;N13.HOG0007345;N13.HOG0007687;N13.HOG0011696;N13.HOG0012141	The component of a plasma membrane consisting of gene products and protein complexes that are loosely bound to one of its surfaces, but not integrated into the hydrophobic region.
final_direct_conserved_plus_Dmel_experimental	300	weight01	fisher	20	none	SC_neg	CC	GO:0036064	ciliary basal body	65	8	3.39	2.359882005899705	0.0185	weight01	8	N13.HOG0002954;N13.HOG0003240;N13.HOG0006508;N13.HOG0007052;N13.HOG0007180;N13.HOG0007687;N13.HOG0009215;N13.HOG0010001	A membrane-tethered, short cylindrical array of microtubules and associated proteins found at the base of a eukaryotic cilium (also called flagellum) that is similar in structure to a centriole and derives from it. The cilium basal body is the site of assembly and remodeling of the cilium and serves as a nucleation site for axoneme growth. As well as anchoring the cilium, it is thought to provide a selective gateway regulating the entry of ciliary proteins and vesicles by intraflagellar transport.
final_direct_conserved_plus_Dmel_experimental	300	weight01	fisher	20	none	Stage_pos	BP	GO:0032989	cellular anatomical entity morphogenesis	412	71	27.65	2.5678119349005426	3.8e-14	weight01	71	N13.HOG0000384;N13.HOG0001973;N13.HOG0001974;N13.HOG0002492;N13.HOG0002513;N13.HOG0002533;N13.HOG0002535;N13.HOG0002643;N13.HOG0002644;N13.HOG0002732;N13.HOG0003205;N13.HOG0003398;N13.HOG0003867;N13.HOG0003908;N13.HOG0004082;N13.HOG0004256;N13.HOG0004432;N13.HOG0004613;N13.HOG0004652;N13.HOG0004920;N13.HOG0004971;N13.HOG0005004;N13.HOG0005052;N13.HOG0005125;N13.HOG0005134;N13.HOG0005196;N13.HOG0005256;N13.HOG0005427;N13.HOG0005432;N13.HOG0005457;N13.HOG0005569;N13.HOG0005611;N13.HOG0005655;N13.HOG0005711;N13.HOG0005722;N13.HOG0005723;N13.HOG0005732;N13.HOG0005741;N13.HOG0005796;N13.HOG0005941;N13.HOG0005968;N13.HOG0006032;N13.HOG0006055;N13.HOG0006141;N13.HOG0006200;N13.HOG0006201;N13.HOG0006254;N13.HOG0006304;N13.HOG0006522;N13.HOG0006585;N13.HOG0006603;N13.HOG0006635;N13.HOG0006672;N13.HOG0006816;N13.HOG0007090;N13.HOG0007104;N13.HOG0007176;N13.HOG0007309;N13.HOG0007319;N13.HOG0007368;N13.HOG0007616;N13.HOG0007679;N13.HOG0007756;N13.HOG0007863;N13.HOG0008028;N13.HOG0008096;N13.HOG0008388;N13.HOG0008557;N13.HOG0009354;N13.HOG0009450;N13.HOG0010427	The process in which a cellular entity is generated and organized. A cellular entity has granularity above the level of a protein complex but below that of an anatomical system.
final_direct_conserved_plus_Dmel_experimental	300	weight01	fisher	20	none	Stage_pos	BP	GO:0051674	localization of cell	328	57	22.02	2.588555858310627	3e-12	weight01	57	N13.HOG0002051;N13.HOG0002643;N13.HOG0002644;N13.HOG0002731;N13.HOG0002977;N13.HOG0003121;N13.HOG0003201;N13.HOG0003908;N13.HOG0004082;N13.HOG0004118;N13.HOG0004256;N13.HOG0004432;N13.HOG0004580;N13.HOG0004652;N13.HOG0004668;N13.HOG0004716;N13.HOG0004920;N13.HOG0004926;N13.HOG0004978;N13.HOG0005196;N13.HOG0005256;N13.HOG0005427;N13.HOG0005432;N13.HOG0005457;N13.HOG0005569;N13.HOG0005597;N13.HOG0005611;N13.HOG0005655;N13.HOG0005711;N13.HOG0005722;N13.HOG0005741;N13.HOG0005823;N13.HOG0005968;N13.HOG0006018;N13.HOG0006055;N13.HOG0006141;N13.HOG0006304;N13.HOG0006585;N13.HOG0006603;N13.HOG0006667;N13.HOG0007090;N13.HOG0007176;N13.HOG0007309;N13.HOG0007355;N13.HOG0007368;N13.HOG0007679;N13.HOG0007863;N13.HOG0008096;N13.HOG0008388;N13.HOG0008418;N13.HOG0008565;N13.HOG0008589;N13.HOG0008728;N13.HOG0008749;N13.HOG0009354;N13.HOG0009996;N13.HOG0010602	Any process in which a cell is transported to, and/or maintained in, a specific location.
final_direct_conserved_plus_Dmel_experimental	300	weight01	fisher	20	none	Stage_pos	BP	GO:0060562	epithelial tube morphogenesis	267	51	17.92	2.845982142857143	3.8e-9	weight01	51	N13.HOG0000655;N13.HOG0001944;N13.HOG0002051;N13.HOG0002101;N13.HOG0002513;N13.HOG0002535;N13.HOG0002644;N13.HOG0002731;N13.HOG0002789;N13.HOG0003121;N13.HOG0003201;N13.HOG0003867;N13.HOG0003884;N13.HOG0003908;N13.HOG0004062;N13.HOG0004082;N13.HOG0004613;N13.HOG0004716;N13.HOG0004883;N13.HOG0004933;N13.HOG0005004;N13.HOG0005052;N13.HOG0005196;N13.HOG0005432;N13.HOG0005452;N13.HOG0005480;N13.HOG0005722;N13.HOG0005723;N13.HOG0005732;N13.HOG0005823;N13.HOG0005968;N13.HOG0006055;N13.HOG0006141;N13.HOG0006237;N13.HOG0006426;N13.HOG0006585;N13.HOG0006670;N13.HOG0006672;N13.HOG0006803;N13.HOG0006816;N13.HOG0006857;N13.HOG0007090;N13.HOG0007309;N13.HOG0008258;N13.HOG0008757;N13.HOG0009960;N13.HOG0010506;N13.HOG0010547;N13.HOG0010567;N13.HOG0010602;N13.HOG0010737	The process in which the anatomical structures of a tube are generated and organized from an epithelium. Epithelial tubes transport gases, liquids and cells from one site to another and form the basic structure of many organs and tissues, with tube shape and organization varying from the single-celled excretory organ in Caenorhabditis elegans to the branching trees of the mammalian kidney and insect tracheal system.
final_direct_conserved_plus_Dmel_experimental	300	weight01	fisher	20	none	Stage_pos	BP	GO:0032879	regulation of localization	707	104	47.45	2.191780821917808	1.3e-8	weight01	104	N13.HOG0000700;N13.HOG0000931;N13.HOG0001915;N13.HOG0001944;N13.HOG0002101;N13.HOG0002158;N13.HOG0002374;N13.HOG0002513;N13.HOG0002533;N13.HOG0002535;N13.HOG0002643;N13.HOG0002644;N13.HOG0002713;N13.HOG0003201;N13.HOG0003867;N13.HOG0003908;N13.HOG0004118;N13.HOG0004256;N13.HOG0004432;N13.HOG0004558;N13.HOG0004652;N13.HOG0004668;N13.HOG0004705;N13.HOG0004920;N13.HOG0004978;N13.HOG0005050;N13.HOG0005134;N13.HOG0005196;N13.HOG0005256;N13.HOG0005432;N13.HOG0005452;N13.HOG0005551;N13.HOG0005569;N13.HOG0005581;N13.HOG0005597;N13.HOG0005611;N13.HOG0005678;N13.HOG0005848;N13.HOG0005941;N13.HOG0005980;N13.HOG0006006;N13.HOG0006018;N13.HOG0006141;N13.HOG0006200;N13.HOG0006201;N13.HOG0006237;N13.HOG0006304;N13.HOG0006383;N13.HOG0006426;N13.HOG0006522;N13.HOG0006585;N13.HOG0006603;N13.HOG0006635;N13.HOG0006667;N13.HOG0006689;N13.HOG0006993;N13.HOG0007050;N13.HOG0007090;N13.HOG0007093;N13.HOG0007176;N13.HOG0007178;N13.HOG0007204;N13.HOG0007309;N13.HOG0007368;N13.HOG0007572;N13.HOG0007616;N13.HOG0007679;N13.HOG0007699;N13.HOG0007863;N13.HOG0008028;N13.HOG0008074;N13.HOG0008096;N13.HOG0008253;N13.HOG0008308;N13.HOG0008311;N13.HOG0008388;N13.HOG0008418;N13.HOG0008458;N13.HOG0008501;N13.HOG0008557;N13.HOG0008728;N13.HOG0008757;N13.HOG0008910;N13.HOG0008919;N13.HOG0009185;N13.HOG0009195;N13.HOG0009321;N13.HOG0009354;N13.HOG0009426;N13.HOG0009450;N13.HOG0009524;N13.HOG0009545;N13.HOG0009575;N13.HOG0009666;N13.HOG0009717;N13.HOG0009888;N13.HOG0009960;N13.HOG0009996;N13.HOG0010228;N13.HOG0010427;N13.HOG0010506;N13.HOG0010567;N13.HOG0010602;N13.HOG0010752	Any process that modulates the frequency, rate or extent of any process in which a cell, a substance, or a cellular entity is transported to, or maintained in, a specific location.
final_direct_conserved_plus_Dmel_experimental	300	weight01	fisher	20	none	Stage_pos	BP	GO:0006935	chemotaxis	205	42	13.76	3.052325581395349	2e-8	weight01	42	N13.HOG0000384;N13.HOG0000931;N13.HOG0001430;N13.HOG0001973;N13.HOG0001974;N13.HOG0002513;N13.HOG0002533;N13.HOG0002535;N13.HOG0002643;N13.HOG0002644;N13.HOG0002732;N13.HOG0003867;N13.HOG0004082;N13.HOG0004432;N13.HOG0004652;N13.HOG0004920;N13.HOG0005052;N13.HOG0005134;N13.HOG0005256;N13.HOG0005427;N13.HOG0005432;N13.HOG0005551;N13.HOG0005722;N13.HOG0005732;N13.HOG0005741;N13.HOG0005796;N13.HOG0006032;N13.HOG0006055;N13.HOG0006141;N13.HOG0006200;N13.HOG0006522;N13.HOG0006585;N13.HOG0006603;N13.HOG0006803;N13.HOG0007176;N13.HOG0007309;N13.HOG0007368;N13.HOG0007679;N13.HOG0007863;N13.HOG0008028;N13.HOG0008096;N13.HOG0009996	The directed movement of a motile cell or organism, or the directed growth of a cell guided by a specific chemical concentration gradient. Movement may be towards a higher concentration (positive chemotaxis) or towards a lower concentration (negative chemotaxis).
final_direct_conserved_plus_Dmel_experimental	300	weight01	fisher	20	none	Stage_pos	BP	GO:0034332	adherens junction organization	35	13	2.35	5.531914893617021	1.6e-7	weight01	13	N13.HOG0002535;N13.HOG0003398;N13.HOG0005196;N13.HOG0005256;N13.HOG0005711;N13.HOG0005848;N13.HOG0006141;N13.HOG0006304;N13.HOG0006383;N13.HOG0006672;N13.HOG0007368;N13.HOG0008311;N13.HOG0008388	A process that is carried out at the cellular level which results in the assembly, arrangement of constituent parts, or disassembly of an adherens junction. An adherens junction is a cell-cell junction composed of the epithelial cadherin-catenin complex at which the cytoplasmic face of the plasma membrane is attached to actin filaments.
final_direct_conserved_plus_Dmel_experimental	300	weight01	fisher	20	none	Stage_pos	BP	GO:0045665	negative regulation of neuron differentiation	89	21	5.97	3.5175879396984926	2.2e-7	weight01	21	N13.HOG0002101;N13.HOG0002533;N13.HOG0002643;N13.HOG0002644;N13.HOG0002713;N13.HOG0003201;N13.HOG0004613;N13.HOG0004933;N13.HOG0005125;N13.HOG0005432;N13.HOG0005581;N13.HOG0005722;N13.HOG0006141;N13.HOG0006456;N13.HOG0006776;N13.HOG0007050;N13.HOG0007178;N13.HOG0007368;N13.HOG0008096;N13.HOG0009960;N13.HOG0010506	Any process that stops, prevents, or reduces the frequency, rate or extent of neuron differentiation.
final_direct_conserved_plus_Dmel_experimental	300	weight01	fisher	20	none	Stage_pos	BP	GO:0007267	cell-cell signaling	404	59	27.12	2.1755162241887906	3.4e-7	weight01	59	N13.HOG0001764;N13.HOG0001944;N13.HOG0002101;N13.HOG0002200;N13.HOG0002374;N13.HOG0002492;N13.HOG0002533;N13.HOG0002535;N13.HOG0002643;N13.HOG0002644;N13.HOG0002713;N13.HOG0002731;N13.HOG0002977;N13.HOG0003121;N13.HOG0003201;N13.HOG0003908;N13.HOG0004256;N13.HOG0004652;N13.HOG0004668;N13.HOG0004705;N13.HOG0005134;N13.HOG0005196;N13.HOG0005256;N13.HOG0005569;N13.HOG0005664;N13.HOG0005678;N13.HOG0005711;N13.HOG0005722;N13.HOG0005941;N13.HOG0006006;N13.HOG0006055;N13.HOG0006141;N13.HOG0006201;N13.HOG0006237;N13.HOG0006522;N13.HOG0006635;N13.HOG0007090;N13.HOG0007204;N13.HOG0007309;N13.HOG0007312;N13.HOG0007319;N13.HOG0007368;N13.HOG0007616;N13.HOG0007679;N13.HOG0007863;N13.HOG0008074;N13.HOG0008308;N13.HOG0008418;N13.HOG0008458;N13.HOG0009450;N13.HOG0009479;N13.HOG0009524;N13.HOG0009575;N13.HOG0009666;N13.HOG0009996;N13.HOG0010154;N13.HOG0010228;N13.HOG0010427;N13.HOG0010567	Any process that mediates the transfer of information from one cell to another. This process includes signal transduction in the receiving cell and, where applicable, release of a ligand and any processes that actively facilitate its transport and presentation to the receiving cell. Examples include signaling via soluble ligands, via cell adhesion molecules and via gap junctions.
final_direct_conserved_plus_Dmel_experimental	300	weight01	fisher	20	none	Stage_pos	BP	GO:0022604	regulation of cell morphogenesis	168	34	11.28	3.014184397163121	4.5e-7	weight01	34	N13.HOG0001764;N13.HOG0002374;N13.HOG0002513;N13.HOG0002533;N13.HOG0002643;N13.HOG0002644;N13.HOG0004256;N13.HOG0004613;N13.HOG0005004;N13.HOG0005256;N13.HOG0005427;N13.HOG0005432;N13.HOG0005457;N13.HOG0005480;N13.HOG0005551;N13.HOG0005569;N13.HOG0005581;N13.HOG0005597;N13.HOG0006141;N13.HOG0006237;N13.HOG0006522;N13.HOG0006635;N13.HOG0007176;N13.HOG0007204;N13.HOG0007368;N13.HOG0007619;N13.HOG0007699;N13.HOG0007863;N13.HOG0008096;N13.HOG0008418;N13.HOG0008757;N13.HOG0009575;N13.HOG0010427;N13.HOG0010752	Any process that modulates the frequency, rate or extent of cell morphogenesis. Cell morphogenesis is the developmental process in which the shape of a cell is generated and organized.
final_direct_conserved_plus_Dmel_experimental	300	weight01	fisher	20	none	Stage_pos	BP	GO:0030336	negative regulation of cell migration	44	14	2.95	4.745762711864407	5e-7	weight01	14	N13.HOG0002644;N13.HOG0003867;N13.HOG0004432;N13.HOG0005134;N13.HOG0005581;N13.HOG0005848;N13.HOG0006006;N13.HOG0006141;N13.HOG0006200;N13.HOG0006993;N13.HOG0007368;N13.HOG0008757;N13.HOG0010602;N13.HOG0010752	Any process that stops, prevents, or reduces the frequency, rate or extent of cell migration.
final_direct_conserved_plus_Dmel_experimental	300	weight01	fisher	20	none	Stage_pos	BP	GO:0050768	negative regulation of neurogenesis	120	24	8.05	2.981366459627329	7.9e-7	weight01	24	N13.HOG0002101;N13.HOG0002513;N13.HOG0002533;N13.HOG0002643;N13.HOG0002644;N13.HOG0002713;N13.HOG0003201;N13.HOG0004613;N13.HOG0004933;N13.HOG0004978;N13.HOG0005125;N13.HOG0005196;N13.HOG0005432;N13.HOG0005581;N13.HOG0005722;N13.HOG0006141;N13.HOG0006304;N13.HOG0006456;N13.HOG0006776;N13.HOG0007050;N13.HOG0007178;N13.HOG0007368;N13.HOG0008096;N13.HOG0009960	Any process that stops, prevents, or reduces the frequency, rate or extent of neurogenesis, the generation of cells within the nervous system.
final_direct_conserved_plus_Dmel_experimental	300	weight01	fisher	20	none	Stage_pos	BP	GO:0001952	regulation of cell-matrix adhesion	23	10	1.54	6.4935064935064934	8.2e-7	weight01	10	N13.HOG0002535;N13.HOG0002643;N13.HOG0002644;N13.HOG0004432;N13.HOG0005848;N13.HOG0006141;N13.HOG0006383;N13.HOG0007368;N13.HOG0007679;N13.HOG0008388	Any process that modulates the frequency, rate or extent of attachment of a cell to the extracellular matrix.
final_direct_conserved_plus_Dmel_experimental	300	weight01	fisher	20	none	Stage_pos	BP	GO:2000027	regulation of animal organ morphogenesis	98	24	6.58	3.6474164133738602	8.3e-7	weight01	24	N13.HOG0002533;N13.HOG0002731;N13.HOG0003201;N13.HOG0004256;N13.HOG0004613;N13.HOG0004652;N13.HOG0004716;N13.HOG0005004;N13.HOG0005196;N13.HOG0005432;N13.HOG0005723;N13.HOG0006055;N13.HOG0006141;N13.HOG0006200;N13.HOG0006830;N13.HOG0007104;N13.HOG0007309;N13.HOG0007863;N13.HOG0008096;N13.HOG0008458;N13.HOG0008565;N13.HOG0009575;N13.HOG0010506;N13.HOG0010602	Any process that modulates the frequency, rate or extent of animal organ morphogenesis.
final_direct_conserved_plus_Dmel_experimental	300	weight01	fisher	20	none	Stage_pos	BP	GO:0016477	cell migration	399	77	26.78	2.8752800597460793	9.2e-7	weight01	77	N13.HOG0000931;N13.HOG0002051;N13.HOG0002533;N13.HOG0002535;N13.HOG0002643;N13.HOG0002644;N13.HOG0002713;N13.HOG0002731;N13.HOG0002977;N13.HOG0003121;N13.HOG0003867;N13.HOG0003908;N13.HOG0004062;N13.HOG0004082;N13.HOG0004118;N13.HOG0004256;N13.HOG0004432;N13.HOG0004580;N13.HOG0004652;N13.HOG0004716;N13.HOG0004920;N13.HOG0004926;N13.HOG0004978;N13.HOG0005134;N13.HOG0005196;N13.HOG0005256;N13.HOG0005427;N13.HOG0005432;N13.HOG0005457;N13.HOG0005569;N13.HOG0005581;N13.HOG0005597;N13.HOG0005611;N13.HOG0005655;N13.HOG0005711;N13.HOG0005713;N13.HOG0005722;N13.HOG0005741;N13.HOG0005823;N13.HOG0005848;N13.HOG0005968;N13.HOG0006006;N13.HOG0006018;N13.HOG0006055;N13.HOG0006141;N13.HOG0006200;N13.HOG0006304;N13.HOG0006383;N13.HOG0006426;N13.HOG0006585;N13.HOG0006603;N13.HOG0006635;N13.HOG0006667;N13.HOG0006993;N13.HOG0007176;N13.HOG0007204;N13.HOG0007309;N13.HOG0007355;N13.HOG0007368;N13.HOG0007679;N13.HOG0007863;N13.HOG0008096;N13.HOG0008388;N13.HOG0008418;N13.HOG0008518;N13.HOG0008565;N13.HOG0008589;N13.HOG0008728;N13.HOG0008749;N13.HOG0008757;N13.HOG0008919;N13.HOG0009321;N13.HOG0009354;N13.HOG0009575;N13.HOG0009996;N13.HOG0010602;N13.HOG0010752	The controlled self-propelled movement of a cell from one site to a destination guided by molecular cues.
final_direct_conserved_plus_Dmel_experimental	300	weight01	fisher	20	none	Stage_pos	BP	GO:0048813	dendrite morphogenesis	115	27	7.72	3.4974093264248705	1.5e-6	weight01	27	N13.HOG0002533;N13.HOG0002535;N13.HOG0002643;N13.HOG0002644;N13.HOG0003908;N13.HOG0005004;N13.HOG0005427;N13.HOG0005432;N13.HOG0005569;N13.HOG0005941;N13.HOG0006141;N13.HOG0006201;N13.HOG0006237;N13.HOG0006304;N13.HOG0006522;N13.HOG0006585;N13.HOG0007090;N13.HOG0007104;N13.HOG0007204;N13.HOG0007679;N13.HOG0007699;N13.HOG0008096;N13.HOG0008418;N13.HOG0008557;N13.HOG0010427;N13.HOG0010567;N13.HOG0010752	The process in which the anatomical structures of a dendrite are generated and organized.
final_direct_conserved_plus_Dmel_experimental	300	weight01	fisher	20	none	Stage_pos	BP	GO:0050769	positive regulation of neurogenesis	170	27	11.41	2.366345311130587	1.8e-6	weight01	27	N13.HOG0000931;N13.HOG0002374;N13.HOG0002533;N13.HOG0002643;N13.HOG0002644;N13.HOG0004716;N13.HOG0004791;N13.HOG0004933;N13.HOG0005196;N13.HOG0005432;N13.HOG0005569;N13.HOG0005597;N13.HOG0006141;N13.HOG0006201;N13.HOG0007204;N13.HOG0007368;N13.HOG0007616;N13.HOG0007679;N13.HOG0007699;N13.HOG0008096;N13.HOG0008418;N13.HOG0008458;N13.HOG0008565;N13.HOG0009575;N13.HOG0009802;N13.HOG0010427;N13.HOG0010506	Any process that activates or increases the frequency, rate or extent of neurogenesis, the generation of cells within the nervous system.
final_direct_conserved_plus_Dmel_experimental	300	weight01	fisher	20	none	Stage_pos	BP	GO:0032956	regulation of actin cytoskeleton organization	103	29	6.91	4.196816208393632	3.4e-6	weight01	29	N13.HOG0000931;N13.HOG0002643;N13.HOG0002644;N13.HOG0003908;N13.HOG0004432;N13.HOG0004613;N13.HOG0005038;N13.HOG0005052;N13.HOG0005196;N13.HOG0005377;N13.HOG0005432;N13.HOG0005569;N13.HOG0005581;N13.HOG0005711;N13.HOG0005848;N13.HOG0006141;N13.HOG0006237;N13.HOG0006304;N13.HOG0006383;N13.HOG0006426;N13.HOG0006585;N13.HOG0006635;N13.HOG0007176;N13.HOG0007368;N13.HOG0008418;N13.HOG0008557;N13.HOG0008757;N13.HOG0009996;N13.HOG0010427	Any process that modulates the frequency, rate or extent of the formation, arrangement of constituent parts, or disassembly of cytoskeletal structures comprising actin filaments and their associated proteins.
final_direct_conserved_plus_Dmel_experimental	300	weight01	fisher	20	none	Stage_pos	BP	GO:1902904	negative regulation of supramolecular fiber organization	52	14	3.49	4.011461318051576	4.7e-6	weight01	14	N13.HOG0000931;N13.HOG0004256;N13.HOG0005052;N13.HOG0005377;N13.HOG0005581;N13.HOG0005597;N13.HOG0006018;N13.HOG0006237;N13.HOG0006426;N13.HOG0006635;N13.HOG0007176;N13.HOG0008418;N13.HOG0008557;N13.HOG0008757	NA
final_direct_conserved_plus_Dmel_experimental	300	weight01	fisher	20	none	Stage_pos	BP	GO:0007391	dorsal closure	59	15	3.96	3.787878787878788	4.7e-6	weight01	15	N13.HOG0001944;N13.HOG0002644;N13.HOG0003908;N13.HOG0004580;N13.HOG0004613;N13.HOG0005196;N13.HOG0005723;N13.HOG0006141;N13.HOG0006304;N13.HOG0006585;N13.HOG0006667;N13.HOG0006672;N13.HOG0006939;N13.HOG0008388;N13.HOG0010427	The process during Drosophila embryogenesis whereby the ectodermal cells of the lateral epithelium stretch in a coordinated fashion to internalize the amnioserosa cells and close the embryo dorsally.
final_direct_conserved_plus_Dmel_experimental	300	weight01	fisher	20	none	Stage_pos	BP	GO:0016319	mushroom body development	39	12	2.62	4.580152671755725	5e-6	weight01	12	N13.HOG0002533;N13.HOG0003867;N13.HOG0004933;N13.HOG0005050;N13.HOG0005457;N13.HOG0005722;N13.HOG0005941;N13.HOG0006201;N13.HOG0006635;N13.HOG0008557;N13.HOG0008565;N13.HOG0008919	The process whose specific outcome is the progression of the mushroom body over time, from its formation to the mature structure. The mushroom body is composed of the prominent neuropil structures of the insect central brain, thought to be crucial for olfactory associated learning. These consist mainly of a bulbous calyx and tightly packaged arrays of thin parallel fibers of the Kenyon cells.
final_direct_conserved_plus_Dmel_experimental	300	weight01	fisher	20	none	Stage_pos	BP	GO:0051492	regulation of stress fiber assembly	22	9	1.48	6.081081081081082	5.5e-6	weight01	9	N13.HOG0002644;N13.HOG0004432;N13.HOG0005848;N13.HOG0006141;N13.HOG0006426;N13.HOG0007176;N13.HOG0008418;N13.HOG0008757;N13.HOG0009996	Any process that modulates the frequency, rate or extent of the assembly of a stress fiber, a bundle of microfilaments and other proteins found in fibroblasts.
final_direct_conserved_plus_Dmel_experimental	300	weight01	fisher	20	none	Stage_pos	BP	GO:0051241	negative regulation of multicellular organismal process	335	59	22.48	2.6245551601423487	5.8e-6	weight01	59	N13.HOG0000655;N13.HOG0001944;N13.HOG0002051;N13.HOG0002101;N13.HOG0002158;N13.HOG0002492;N13.HOG0002513;N13.HOG0002533;N13.HOG0002535;N13.HOG0002643;N13.HOG0002644;N13.HOG0002713;N13.HOG0002731;N13.HOG0003201;N13.HOG0004252;N13.HOG0004256;N13.HOG0004432;N13.HOG0004580;N13.HOG0004613;N13.HOG0004716;N13.HOG0004933;N13.HOG0004978;N13.HOG0005004;N13.HOG0005125;N13.HOG0005196;N13.HOG0005432;N13.HOG0005532;N13.HOG0005581;N13.HOG0005722;N13.HOG0005732;N13.HOG0005941;N13.HOG0006006;N13.HOG0006141;N13.HOG0006200;N13.HOG0006201;N13.HOG0006304;N13.HOG0006456;N13.HOG0006585;N13.HOG0006689;N13.HOG0006776;N13.HOG0006803;N13.HOG0006816;N13.HOG0007050;N13.HOG0007178;N13.HOG0007309;N13.HOG0007355;N13.HOG0007368;N13.HOG0007679;N13.HOG0008096;N13.HOG0008418;N13.HOG0008557;N13.HOG0009138;N13.HOG0009575;N13.HOG0009960;N13.HOG0009996;N13.HOG0010427;N13.HOG0010506;N13.HOG0010602;N13.HOG0010713	Any process that stops, prevents, or reduces the frequency, rate or extent of an organismal process, the processes pertinent to the function of an organism above the cellular level; includes the integrated processes of tissues and organs.
final_direct_conserved_plus_Dmel_experimental	300	weight01	fisher	20	none	Stage_pos	BP	GO:0040011	locomotion	613	102	41.14	2.479338842975207	6.2e-6	weight01	102	N13.HOG0000384;N13.HOG0000931;N13.HOG0001430;N13.HOG0001915;N13.HOG0001973;N13.HOG0001974;N13.HOG0002051;N13.HOG0002158;N13.HOG0002513;N13.HOG0002525;N13.HOG0002533;N13.HOG0002535;N13.HOG0002643;N13.HOG0002644;N13.HOG0002713;N13.HOG0002731;N13.HOG0002732;N13.HOG0002977;N13.HOG0003121;N13.HOG0003867;N13.HOG0003908;N13.HOG0004082;N13.HOG0004118;N13.HOG0004256;N13.HOG0004432;N13.HOG0004580;N13.HOG0004652;N13.HOG0004668;N13.HOG0004716;N13.HOG0004920;N13.HOG0004926;N13.HOG0004978;N13.HOG0005052;N13.HOG0005134;N13.HOG0005196;N13.HOG0005256;N13.HOG0005427;N13.HOG0005432;N13.HOG0005457;N13.HOG0005551;N13.HOG0005569;N13.HOG0005581;N13.HOG0005597;N13.HOG0005611;N13.HOG0005655;N13.HOG0005703;N13.HOG0005711;N13.HOG0005713;N13.HOG0005722;N13.HOG0005732;N13.HOG0005741;N13.HOG0005796;N13.HOG0005823;N13.HOG0005848;N13.HOG0005968;N13.HOG0006006;N13.HOG0006018;N13.HOG0006032;N13.HOG0006055;N13.HOG0006141;N13.HOG0006200;N13.HOG0006304;N13.HOG0006383;N13.HOG0006426;N13.HOG0006522;N13.HOG0006585;N13.HOG0006603;N13.HOG0006635;N13.HOG0006667;N13.HOG0006803;N13.HOG0006948;N13.HOG0006993;N13.HOG0007050;N13.HOG0007090;N13.HOG0007176;N13.HOG0007204;N13.HOG0007309;N13.HOG0007355;N13.HOG0007368;N13.HOG0007679;N13.HOG0007863;N13.HOG0008028;N13.HOG0008074;N13.HOG0008096;N13.HOG0008388;N13.HOG0008418;N13.HOG0008565;N13.HOG0008589;N13.HOG0008728;N13.HOG0008749;N13.HOG0008757;N13.HOG0008910;N13.HOG0008919;N13.HOG0009321;N13.HOG0009354;N13.HOG0009450;N13.HOG0009575;N13.HOG0009996;N13.HOG0010276;N13.HOG0010427;N13.HOG0010602;N13.HOG0010752	Self-propelled movement of a cell or organism from one location to another.
final_direct_conserved_plus_Dmel_experimental	300	weight01	fisher	20	none	Stage_pos	BP	GO:0046532	regulation of photoreceptor cell differentiation	28	10	1.88	5.319148936170213	7e-6	weight01	10	N13.HOG0004613;N13.HOG0004933;N13.HOG0005004;N13.HOG0005432;N13.HOG0005723;N13.HOG0006776;N13.HOG0006830;N13.HOG0007309;N13.HOG0008565;N13.HOG0010506	Any process that modulates the frequency, rate or extent of photoreceptor cell differentiation. An example of this process is found in Drosophila melanogaster.
final_direct_conserved_plus_Dmel_experimental	300	weight01	fisher	20	none	Stage_pos	BP	GO:0048010	vascular endothelial growth factor receptor signaling pathway	34	11	2.28	4.824561403508772	7.2e-6	weight01	11	N13.HOG0000931;N13.HOG0002643;N13.HOG0002644;N13.HOG0004432;N13.HOG0005713;N13.HOG0006200;N13.HOG0007176;N13.HOG0007368;N13.HOG0007679;N13.HOG0008749;N13.HOG0010506	The series of molecular signals initiated by a ligand binding to a vascular endothelial growth factor receptor (VEGFR) on the surface of the target cell, and ending with the regulation of a downstream cellular process, e.g. transcription.
final_direct_conserved_plus_Dmel_experimental	300	weight01	fisher	20	none	Stage_pos	BP	GO:0008045	motor neuron axon guidance	41	12	2.75	4.363636363636363	8.9e-6	weight01	12	N13.HOG0001973;N13.HOG0001974;N13.HOG0005052;N13.HOG0005427;N13.HOG0005732;N13.HOG0006032;N13.HOG0006141;N13.HOG0006200;N13.HOG0006522;N13.HOG0006585;N13.HOG0007176;N13.HOG0008096	The process in which the migration of an axon growth cone of a motor neuron is directed to a specific target site in response to a combination of attractive and repulsive cues.
final_direct_conserved_plus_Dmel_experimental	300	weight01	fisher	20	none	Stage_pos	BP	GO:0007411	axon guidance	166	36	11.14	3.2315978456014363	1.1e-5	weight01	36	N13.HOG0000384;N13.HOG0001973;N13.HOG0001974;N13.HOG0002513;N13.HOG0002533;N13.HOG0002535;N13.HOG0002644;N13.HOG0002732;N13.HOG0003867;N13.HOG0004082;N13.HOG0004432;N13.HOG0004652;N13.HOG0004920;N13.HOG0005052;N13.HOG0005427;N13.HOG0005432;N13.HOG0005551;N13.HOG0005722;N13.HOG0005732;N13.HOG0005741;N13.HOG0005796;N13.HOG0006032;N13.HOG0006055;N13.HOG0006141;N13.HOG0006200;N13.HOG0006254;N13.HOG0006522;N13.HOG0006585;N13.HOG0006603;N13.HOG0007176;N13.HOG0007309;N13.HOG0007368;N13.HOG0007679;N13.HOG0007863;N13.HOG0008028;N13.HOG0008096	The chemotaxis process that directs the migration of an axon growth cone to a specific target site in response to a combination of attractive and repulsive cues.
final_direct_conserved_plus_Dmel_experimental	300	weight01	fisher	20	none	Stage_pos	BP	GO:0120034	positive regulation of plasma membrane bounded cell projection assembly	37	11	2.48	4.435483870967742	1.8e-5	weight01	11	N13.HOG0004256;N13.HOG0004558;N13.HOG0005569;N13.HOG0005597;N13.HOG0006141;N13.HOG0006383;N13.HOG0006585;N13.HOG0007176;N13.HOG0007788;N13.HOG0008757;N13.HOG0009354	NA
final_direct_conserved_plus_Dmel_experimental	300	weight01	fisher	20	none	Stage_pos	BP	GO:0007044	cell-substrate junction assembly	25	9	1.68	5.357142857142858	1.9e-5	weight01	9	N13.HOG0002535;N13.HOG0002643;N13.HOG0002644;N13.HOG0005256;N13.HOG0005848;N13.HOG0006141;N13.HOG0006383;N13.HOG0007368;N13.HOG0008388	The aggregation, arrangement and bonding together of a set of components to form a junction between a cell and its substrate.
final_direct_conserved_plus_Dmel_experimental	300	weight01	fisher	20	none	Stage_pos	BP	GO:0007480	imaginal disc-derived leg morphogenesis	31	10	2.08	4.8076923076923075	2e-5	weight01	10	N13.HOG0002513;N13.HOG0002789;N13.HOG0003121;N13.HOG0003908;N13.HOG0004933;N13.HOG0005004;N13.HOG0006237;N13.HOG0006426;N13.HOG0008757;N13.HOG0009960	The process in which the anatomical structures of a leg derived from an imaginal disc are generated and organized. A leg is a limb on which an animal walks and stands. An example of this is found in Drosophila melanogaster.
final_direct_conserved_plus_Dmel_experimental	300	weight01	fisher	20	none	Stage_pos	BP	GO:0010634	positive regulation of epithelial cell migration	51	13	3.42	3.801169590643275	2e-5	weight01	13	N13.HOG0000931;N13.HOG0002643;N13.HOG0002644;N13.HOG0002713;N13.HOG0004920;N13.HOG0005432;N13.HOG0006141;N13.HOG0006383;N13.HOG0007368;N13.HOG0007679;N13.HOG0007863;N13.HOG0008388;N13.HOG0009996	Any process that activates or increases the frequency, rate or extent of epithelial cell migration.
final_direct_conserved_plus_Dmel_experimental	300	weight01	fisher	20	none	Stage_pos	BP	GO:0002040	sprouting angiogenesis	26	9	1.75	5.142857142857143	2.7e-5	weight01	9	N13.HOG0002101;N13.HOG0002643;N13.HOG0002644;N13.HOG0002713;N13.HOG0004432;N13.HOG0005457;N13.HOG0005722;N13.HOG0006141;N13.HOG0007368	The extension of new blood vessels from existing vessels into avascular tissues, this process includes the specialization of endothelial cells into leading tip and stalk cells, proliferation and migration of the endothelial cells and cell adhesion resulting in angiogenic sprout fusion or lumen formation.
final_direct_conserved_plus_Dmel_experimental	300	weight01	fisher	20	none	Stage_pos	BP	GO:0045666	positive regulation of neuron differentiation	138	23	9.26	2.4838012958963285	3.3e-5	weight01	23	N13.HOG0000931;N13.HOG0002374;N13.HOG0002533;N13.HOG0002643;N13.HOG0002644;N13.HOG0004716;N13.HOG0004933;N13.HOG0005432;N13.HOG0005569;N13.HOG0006141;N13.HOG0007204;N13.HOG0007368;N13.HOG0007616;N13.HOG0007679;N13.HOG0007699;N13.HOG0008096;N13.HOG0008418;N13.HOG0008458;N13.HOG0008565;N13.HOG0009575;N13.HOG0009802;N13.HOG0010427;N13.HOG0010506	Any process that activates or increases the frequency, rate or extent of neuron differentiation.
final_direct_conserved_plus_Dmel_experimental	300	weight01	fisher	20	none	Stage_pos	BP	GO:0045785	positive regulation of cell adhesion	69	14	4.63	3.023758099352052	3.6e-5	weight01	14	N13.HOG0002535;N13.HOG0002643;N13.HOG0002644;N13.HOG0004256;N13.HOG0004432;N13.HOG0005722;N13.HOG0006141;N13.HOG0007309;N13.HOG0007368;N13.HOG0007788;N13.HOG0008388;N13.HOG0009195;N13.HOG0009354;N13.HOG0010602	Any process that activates or increases the frequency, rate or extent of cell adhesion.
final_direct_conserved_plus_Dmel_experimental	300	weight01	fisher	20	none	Stage_pos	BP	GO:0035214	eye-antennal disc development	27	9	1.81	4.972375690607735	3.9e-5	weight01	9	N13.HOG0000655;N13.HOG0003867;N13.HOG0003884;N13.HOG0004716;N13.HOG0004933;N13.HOG0004947;N13.HOG0005004;N13.HOG0006670;N13.HOG0007446	Progression of the eye-antennal imaginal disc over time, from its initial formation through to its metamorphosis to form adult structures including the eye, antenna, head capsule and maxillary palps.
final_direct_conserved_plus_Dmel_experimental	300	weight01	fisher	20	none	Stage_pos	BP	GO:0022408	negative regulation of cell-cell adhesion	27	9	1.81	4.972375690607735	3.9e-5	weight01	9	N13.HOG0003884;N13.HOG0004432;N13.HOG0005196;N13.HOG0006141;N13.HOG0007368;N13.HOG0007446;N13.HOG0008388;N13.HOG0009960;N13.HOG0010427	Any process that stops, prevents or reduces the rate or extent of cell adhesion to another cell.
final_direct_conserved_plus_Dmel_experimental	300	weight01	fisher	20	none	Stage_pos	BP	GO:0050767	regulation of neurogenesis	313	55	21.01	2.6178010471204187	4.1e-5	weight01	55	N13.HOG0000931;N13.HOG0001764;N13.HOG0002101;N13.HOG0002374;N13.HOG0002513;N13.HOG0002533;N13.HOG0002643;N13.HOG0002644;N13.HOG0002713;N13.HOG0003201;N13.HOG0004613;N13.HOG0004716;N13.HOG0004791;N13.HOG0004933;N13.HOG0004978;N13.HOG0005004;N13.HOG0005125;N13.HOG0005196;N13.HOG0005427;N13.HOG0005432;N13.HOG0005551;N13.HOG0005569;N13.HOG0005581;N13.HOG0005597;N13.HOG0005611;N13.HOG0005722;N13.HOG0005723;N13.HOG0006141;N13.HOG0006201;N13.HOG0006237;N13.HOG0006304;N13.HOG0006456;N13.HOG0006522;N13.HOG0006635;N13.HOG0006776;N13.HOG0006830;N13.HOG0007050;N13.HOG0007178;N13.HOG0007204;N13.HOG0007309;N13.HOG0007368;N13.HOG0007616;N13.HOG0007679;N13.HOG0007699;N13.HOG0007863;N13.HOG0008096;N13.HOG0008418;N13.HOG0008458;N13.HOG0008565;N13.HOG0009575;N13.HOG0009802;N13.HOG0009960;N13.HOG0010427;N13.HOG0010506;N13.HOG0010752	Any process that modulates the frequency, rate or extent of neurogenesis, the generation of cells in the nervous system.
final_direct_conserved_plus_Dmel_experimental	300	weight01	fisher	20	none	Stage_pos	BP	GO:0043062	extracellular structure organization	72	17	4.83	3.5196687370600412	4.9e-5	weight01	17	N13.HOG0000700;N13.HOG0002051;N13.HOG0002643;N13.HOG0002644;N13.HOG0002713;N13.HOG0003025;N13.HOG0004062;N13.HOG0004250;N13.HOG0005196;N13.HOG0005256;N13.HOG0005723;N13.HOG0005732;N13.HOG0006141;N13.HOG0006200;N13.HOG0006894;N13.HOG0007368;N13.HOG0007863	A process that is carried out at the cellular level which results in the assembly, arrangement of constituent parts, or disassembly of structures in the space external to the outermost structure of a cell. For cells without external protective or external encapsulating structures this refers to space outside of the plasma membrane, and also covers the host cell environment outside an intracellular parasite.
final_direct_conserved_plus_Dmel_experimental	300	weight01	fisher	20	none	Stage_pos	BP	GO:0030902	hindbrain development	54	14	3.62	3.867403314917127	5.5e-5	weight01	14	N13.HOG0002101;N13.HOG0002535;N13.HOG0002643;N13.HOG0002644;N13.HOG0005196;N13.HOG0005432;N13.HOG0005597;N13.HOG0005722;N13.HOG0006141;N13.HOG0006216;N13.HOG0006304;N13.HOG0007309;N13.HOG0007355;N13.HOG0008749	The process whose specific outcome is the progression of the hindbrain over time, from its formation to the mature structure. The hindbrain is the posterior of the three primary divisions of the developing chordate brain, or the corresponding part of the adult brain (in vertebrates, includes the cerebellum, pons, and medulla oblongata and controls the autonomic functions and equilibrium).
final_direct_conserved_plus_Dmel_experimental	300	weight01	fisher	20	none	Stage_pos	BP	GO:0030010	establishment of cell polarity	79	18	5.3	3.3962264150943398	5.5e-5	weight01	18	N13.HOG0004118;N13.HOG0004652;N13.HOG0004978;N13.HOG0005125;N13.HOG0005196;N13.HOG0005256;N13.HOG0005480;N13.HOG0005581;N13.HOG0005741;N13.HOG0006018;N13.HOG0006383;N13.HOG0006522;N13.HOG0007368;N13.HOG0008308;N13.HOG0008388;N13.HOG0008919;N13.HOG0009996;N13.HOG0010427	The specification and formation of anisotropic intracellular organization or cell growth patterns.
final_direct_conserved_plus_Dmel_experimental	300	weight01	fisher	20	none	Stage_pos	BP	GO:0042659	regulation of cell fate specification	29	9	1.95	4.615384615384616	7.3e-5	weight01	9	N13.HOG0002731;N13.HOG0004613;N13.HOG0004716;N13.HOG0005432;N13.HOG0005452;N13.HOG0006857;N13.HOG0006939;N13.HOG0007863;N13.HOG0008096	Any process that mediates the adoption of a specific fate by a cell.
final_direct_conserved_plus_Dmel_experimental	300	weight01	fisher	20	none	Stage_pos	BP	GO:0010595	positive regulation of endothelial cell migration	29	9	1.95	4.615384615384616	7.3e-5	weight01	9	N13.HOG0000931;N13.HOG0002643;N13.HOG0002644;N13.HOG0002713;N13.HOG0005432;N13.HOG0006141;N13.HOG0006383;N13.HOG0007368;N13.HOG0009996	Any process that increases the rate, frequency, or extent of the orderly movement of an endothelial cell into the extracellular matrix to form an endothelium.
final_direct_conserved_plus_Dmel_experimental	300	weight01	fisher	20	none	Stage_pos	BP	GO:0009954	proximal/distal pattern formation	23	8	1.54	5.194805194805195	7.5e-5	weight01	8	N13.HOG0002513;N13.HOG0002533;N13.HOG0003867;N13.HOG0003884;N13.HOG0004082;N13.HOG0004256;N13.HOG0004933;N13.HOG0005196	The regionalization process in which specific areas of cell differentiation are determined along a proximal/distal axis. The proximal/distal axis is defined by a line that runs from main body (proximal end) of an organism outward (distal end).
final_direct_conserved_plus_Dmel_experimental	300	weight01	fisher	20	none	Stage_pos	BP	GO:1990138	neuron projection extension	82	20	5.5	3.6363636363636362	7.6e-5	weight01	20	N13.HOG0002374;N13.HOG0002513;N13.HOG0002533;N13.HOG0002643;N13.HOG0002644;N13.HOG0003908;N13.HOG0004920;N13.HOG0005196;N13.HOG0005457;N13.HOG0005569;N13.HOG0005723;N13.HOG0006141;N13.HOG0007176;N13.HOG0007616;N13.HOG0007699;N13.HOG0007863;N13.HOG0008096;N13.HOG0009354;N13.HOG0009575;N13.HOG0010427	Long distance growth of a single neuron projection involved in cellular development. A neuron projection is a prolongation or process extending from a nerve cell, e.g. an axon or dendrite.
final_direct_conserved_plus_Dmel_experimental	300	weight01	fisher	20	none	Stage_pos	BP	GO:0007409	axonogenesis	240	53	16.11	3.289882060831782	8.3e-5	weight01	53	N13.HOG0000384;N13.HOG0001764;N13.HOG0001973;N13.HOG0001974;N13.HOG0002513;N13.HOG0002533;N13.HOG0002535;N13.HOG0002643;N13.HOG0002644;N13.HOG0002732;N13.HOG0003205;N13.HOG0003867;N13.HOG0003908;N13.HOG0004082;N13.HOG0004256;N13.HOG0004432;N13.HOG0004652;N13.HOG0004920;N13.HOG0004971;N13.HOG0005052;N13.HOG0005134;N13.HOG0005256;N13.HOG0005427;N13.HOG0005432;N13.HOG0005457;N13.HOG0005551;N13.HOG0005655;N13.HOG0005711;N13.HOG0005722;N13.HOG0005723;N13.HOG0005732;N13.HOG0005741;N13.HOG0005796;N13.HOG0006032;N13.HOG0006055;N13.HOG0006141;N13.HOG0006200;N13.HOG0006254;N13.HOG0006304;N13.HOG0006522;N13.HOG0006585;N13.HOG0006603;N13.HOG0006635;N13.HOG0007176;N13.HOG0007309;N13.HOG0007368;N13.HOG0007679;N13.HOG0007756;N13.HOG0007863;N13.HOG0008028;N13.HOG0008096;N13.HOG0009354;N13.HOG0010427	De novo generation of a long process of a neuron, including the terminal branched region. Refers to the morphogenesis or creation of shape or form of the developing axon, which carries efferent (outgoing) action potentials from the cell body towards target cells.
final_direct_conserved_plus_Dmel_experimental	300	weight01	fisher	20	none	Stage_pos	BP	GO:0007596	blood coagulation	51	12	3.42	3.5087719298245617	9.7e-5	weight01	12	N13.HOG0001944;N13.HOG0002643;N13.HOG0002644;N13.HOG0003908;N13.HOG0004432;N13.HOG0005256;N13.HOG0006894;N13.HOG0007309;N13.HOG0007679;N13.HOG0008074;N13.HOG0009321;N13.HOG0010752	The sequential process in which the multiple coagulation factors of the blood interact, ultimately resulting in the formation of an insoluble fibrin clot; it may be divided into three stages: stage 1, the formation of intrinsic and extrinsic prothrombin converting principle; stage 2, the formation of thrombin; stage 3, the formation of stable fibrin polymers.
final_direct_conserved_plus_Dmel_experimental	300	weight01	fisher	20	none	Stage_pos	BP	GO:0051494	negative regulation of cytoskeleton organization	64	15	4.3	3.488372093023256	9.7e-5	weight01	15	N13.HOG0000931;N13.HOG0004256;N13.HOG0005052;N13.HOG0005125;N13.HOG0005377;N13.HOG0005581;N13.HOG0005597;N13.HOG0006018;N13.HOG0006237;N13.HOG0006426;N13.HOG0006635;N13.HOG0007176;N13.HOG0008418;N13.HOG0008557;N13.HOG0008757	Any process that stops, prevents, or reduces the frequency, rate or extent of the formation, arrangement of constituent parts, or disassembly of cytoskeletal structures.
final_direct_conserved_plus_Dmel_experimental	300	weight01	fisher	20	none	Stage_pos	BP	GO:0021675	nerve development	30	9	2.01	4.477611940298508	9.9e-5	weight01	9	N13.HOG0002101;N13.HOG0002374;N13.HOG0004716;N13.HOG0004933;N13.HOG0005134;N13.HOG0005196;N13.HOG0005432;N13.HOG0006200;N13.HOG0006304	The process whose specific outcome is the progression of a nerve over time, from its formation to the mature structure.
final_direct_conserved_plus_Dmel_experimental	300	weight01	fisher	20	none	Stage_pos	BP	GO:0046580	negative regulation of Ras protein signal transduction	30	9	2.01	4.477611940298508	9.9e-5	weight01	9	N13.HOG0002643;N13.HOG0002644;N13.HOG0005581;N13.HOG0006141;N13.HOG0006237;N13.HOG0006689;N13.HOG0008757;N13.HOG0009666;N13.HOG0010506	Any process that stops, prevents, or reduces the frequency, rate or extent of Ras protein signal transduction.
final_direct_conserved_plus_Dmel_experimental	300	weight01	fisher	20	none	Stage_pos	BP	GO:1905477	positive regulation of protein localization to membrane	30	9	2.01	4.477611940298508	9.9e-5	weight01	9	N13.HOG0002643;N13.HOG0002644;N13.HOG0004432;N13.HOG0005611;N13.HOG0006522;N13.HOG0006635;N13.HOG0007699;N13.HOG0008308;N13.HOG0008418	Any process that activates or increases the frequency, rate or extent of protein localization to membrane.
final_direct_conserved_plus_Dmel_experimental	300	weight01	fisher	20	none	Stage_pos	BP	GO:0030335	positive regulation of cell migration	112	26	7.52	3.4574468085106385	1e-4	weight01	26	N13.HOG0000931;N13.HOG0002533;N13.HOG0002643;N13.HOG0002644;N13.HOG0002713;N13.HOG0003908;N13.HOG0004256;N13.HOG0004432;N13.HOG0004652;N13.HOG0004920;N13.HOG0005432;N13.HOG0005713;N13.HOG0006141;N13.HOG0006383;N13.HOG0006426;N13.HOG0006585;N13.HOG0006635;N13.HOG0007204;N13.HOG0007368;N13.HOG0007679;N13.HOG0007863;N13.HOG0008096;N13.HOG0008388;N13.HOG0008919;N13.HOG0009575;N13.HOG0009996	Any process that activates or increases the frequency, rate or extent of cell migration.
final_direct_conserved_plus_Dmel_experimental	300	weight01	fisher	20	none	Stage_pos	BP	GO:0001764	neuron migration	59	13	3.96	3.282828282828283	1e-4	weight01	13	N13.HOG0002533;N13.HOG0004920;N13.HOG0005196;N13.HOG0005611;N13.HOG0005711;N13.HOG0006055;N13.HOG0006141;N13.HOG0007176;N13.HOG0007204;N13.HOG0007368;N13.HOG0008096;N13.HOG0008589;N13.HOG0009354	The characteristic movement of an immature neuron from germinal zones to specific positions where they will reside as they mature.
final_direct_conserved_plus_Dmel_experimental	300	weight01	fisher	20	none	Stage_pos	BP	GO:0006357	regulation of transcription by RNA polymerase II	541	70	36.31	1.9278435692646652	1e-4	weight01	70	N13.HOG0000645;N13.HOG0000655;N13.HOG0001915;N13.HOG0001944;N13.HOG0002513;N13.HOG0002535;N13.HOG0002731;N13.HOG0002732;N13.HOG0002789;N13.HOG0003121;N13.HOG0003201;N13.HOG0003337;N13.HOG0003867;N13.HOG0003884;N13.HOG0004082;N13.HOG0004256;N13.HOG0004432;N13.HOG0004476;N13.HOG0004652;N13.HOG0004691;N13.HOG0004716;N13.HOG0004883;N13.HOG0004910;N13.HOG0004933;N13.HOG0004947;N13.HOG0004978;N13.HOG0005004;N13.HOG0005196;N13.HOG0005432;N13.HOG0005452;N13.HOG0005532;N13.HOG0005542;N13.HOG0005655;N13.HOG0005732;N13.HOG0005848;N13.HOG0005941;N13.HOG0006074;N13.HOG0006141;N13.HOG0006200;N13.HOG0006201;N13.HOG0006218;N13.HOG0006383;N13.HOG0006512;N13.HOG0006670;N13.HOG0006689;N13.HOG0006816;N13.HOG0006857;N13.HOG0006939;N13.HOG0007090;N13.HOG0007309;N13.HOG0007312;N13.HOG0007319;N13.HOG0007446;N13.HOG0007649;N13.HOG0007679;N13.HOG0007756;N13.HOG0008074;N13.HOG0008096;N13.HOG0008311;N13.HOG0008414;N13.HOG0009138;N13.HOG0009524;N13.HOG0009575;N13.HOG0009666;N13.HOG0009831;N13.HOG0010506;N13.HOG0010567;N13.HOG0010602;N13.HOG0010737;N13.HOG0011688	Any process that modulates the frequency, rate or extent of transcription mediated by RNA polymerase II.
final_direct_conserved_plus_Dmel_experimental	300	weight01	fisher	20	none	Stage_pos	BP	GO:0021536	diencephalon development	24	8	1.61	4.968944099378882	1.1e-4	weight01	8	N13.HOG0002101;N13.HOG0002513;N13.HOG0004716;N13.HOG0005655;N13.HOG0005941;N13.HOG0006201;N13.HOG0006522;N13.HOG0006603	The process whose specific outcome is the progression of the diencephalon over time, from its formation to the mature structure. The diencephalon is the paired caudal parts of the prosencephalon from which the thalamus, hypothalamus, epithalamus and subthalamus are derived; these regions regulate autonomic, visceral and endocrine function, and process information directed to the cerebral cortex.
final_direct_conserved_plus_Dmel_experimental	300	weight01	fisher	20	none	Stage_pos	BP	GO:0008285	negative regulation of cell population proliferation	172	30	11.54	2.5996533795493937	1.1e-4	weight01	30	N13.HOG0002643;N13.HOG0002644;N13.HOG0002713;N13.HOG0003867;N13.HOG0003908;N13.HOG0004252;N13.HOG0004256;N13.HOG0004432;N13.HOG0004652;N13.HOG0004848;N13.HOG0004978;N13.HOG0005134;N13.HOG0005196;N13.HOG0005432;N13.HOG0005722;N13.HOG0006006;N13.HOG0006200;N13.HOG0006218;N13.HOG0006304;N13.HOG0006689;N13.HOG0006803;N13.HOG0007319;N13.HOG0007355;N13.HOG0007368;N13.HOG0007788;N13.HOG0009138;N13.HOG0009185;N13.HOG0010427;N13.HOG0010567;N13.HOG0011688	Any process that stops, prevents or reduces the rate or extent of cell proliferation.
final_direct_conserved_plus_Dmel_experimental	300	weight01	fisher	20	none	Stage_pos	BP	GO:0045664	regulation of neuron differentiation	254	50	17.05	2.932551319648094	1.2e-4	weight01	50	N13.HOG0000931;N13.HOG0001764;N13.HOG0002101;N13.HOG0002374;N13.HOG0002513;N13.HOG0002533;N13.HOG0002643;N13.HOG0002644;N13.HOG0002713;N13.HOG0003201;N13.HOG0004613;N13.HOG0004716;N13.HOG0004933;N13.HOG0005004;N13.HOG0005125;N13.HOG0005427;N13.HOG0005432;N13.HOG0005551;N13.HOG0005569;N13.HOG0005581;N13.HOG0005611;N13.HOG0005722;N13.HOG0005723;N13.HOG0006141;N13.HOG0006237;N13.HOG0006456;N13.HOG0006522;N13.HOG0006635;N13.HOG0006776;N13.HOG0006830;N13.HOG0007050;N13.HOG0007178;N13.HOG0007204;N13.HOG0007309;N13.HOG0007368;N13.HOG0007616;N13.HOG0007679;N13.HOG0007699;N13.HOG0007863;N13.HOG0008096;N13.HOG0008418;N13.HOG0008458;N13.HOG0008565;N13.HOG0009575;N13.HOG0009802;N13.HOG0009960;N13.HOG0010427;N13.HOG0010506;N13.HOG0010567;N13.HOG0010752	Any process that modulates the frequency, rate or extent of neuron differentiation.
final_direct_conserved_plus_Dmel_experimental	300	weight01	fisher	20	none	Stage_pos	BP	GO:0045766	positive regulation of angiogenesis	31	9	2.08	4.326923076923077	1.3e-4	weight01	9	N13.HOG0000931;N13.HOG0001944;N13.HOG0002643;N13.HOG0002644;N13.HOG0002713;N13.HOG0006141;N13.HOG0007355;N13.HOG0007368;N13.HOG0008565	Any process that activates or increases angiogenesis.
final_direct_conserved_plus_Dmel_experimental	300	weight01	fisher	20	none	Stage_pos	BP	GO:0030514	negative regulation of BMP signaling pathway	31	9	2.08	4.326923076923077	1.3e-4	weight01	9	N13.HOG0003201;N13.HOG0004933;N13.HOG0005134;N13.HOG0006141;N13.HOG0007756;N13.HOG0008557;N13.HOG0009575;N13.HOG0010602;N13.HOG0010737	Any process that stops, prevents, or reduces the frequency, rate or extent of the BMP signaling pathway.
final_direct_conserved_plus_Dmel_experimental	300	weight01	fisher	20	none	Stage_pos	BP	GO:1905330	regulation of morphogenesis of an epithelium	45	11	3.02	3.642384105960265	1.3e-4	weight01	11	N13.HOG0002051;N13.HOG0002533;N13.HOG0004652;N13.HOG0004716;N13.HOG0005196;N13.HOG0006055;N13.HOG0006141;N13.HOG0006200;N13.HOG0008458;N13.HOG0009575;N13.HOG0010602	Any process that modulates the frequency, rate or extent of morphogenesis of an epithelium.
final_direct_conserved_plus_Dmel_experimental	300	weight01	fisher	20	none	Stage_pos	BP	GO:0048675	axon extension	64	13	4.3	3.0232558139534884	1.4e-4	weight01	13	N13.HOG0002513;N13.HOG0002533;N13.HOG0002643;N13.HOG0002644;N13.HOG0003908;N13.HOG0004920;N13.HOG0005457;N13.HOG0005723;N13.HOG0006141;N13.HOG0007176;N13.HOG0007863;N13.HOG0008096;N13.HOG0009354	Long distance growth of a single axon process involved in cellular development.
final_direct_conserved_plus_Dmel_experimental	300	weight01	fisher	20	none	Stage_pos	BP	GO:0060070	canonical Wnt signaling pathway	101	18	6.78	2.654867256637168	1.4e-4	weight01	18	N13.HOG0001944;N13.HOG0002533;N13.HOG0003908;N13.HOG0004256;N13.HOG0004652;N13.HOG0005196;N13.HOG0005581;N13.HOG0006006;N13.HOG0006055;N13.HOG0006200;N13.HOG0006803;N13.HOG0007312;N13.HOG0007446;N13.HOG0007788;N13.HOG0009575;N13.HOG0009960;N13.HOG0010427;N13.HOG0010567	A type of Wnt signaling pathway in which Wnt binding to its receptor on the surface of a target cell results in the by propagation of the molecular signals via beta-catenin, and end with a change in transcription of target genes. In this pathway, the activated receptor signals via downstream effectors that result in the inhibition of beta-catenin phosphorylation, thereby preventing degradation of beta-catenin. Stabilized beta-catenin can then accumulate and travel to the nucleus to trigger changes in transcription of target genes.
final_direct_conserved_plus_Dmel_experimental	300	weight01	fisher	20	none	Stage_pos	BP	GO:0001655	urogenital system development	122	20	8.19	2.442002442002442	1.4e-4	weight01	20	N13.HOG0001944;N13.HOG0002101;N13.HOG0004062;N13.HOG0004256;N13.HOG0004716;N13.HOG0004926;N13.HOG0005004;N13.HOG0005196;N13.HOG0005432;N13.HOG0005480;N13.HOG0005655;N13.HOG0005711;N13.HOG0005722;N13.HOG0006200;N13.HOG0007863;N13.HOG0008311;N13.HOG0010427;N13.HOG0010567;N13.HOG0010602;N13.HOG0010737	The process whose specific outcome is the progression of the urogenital system over time, from its formation to the mature structure.
final_direct_conserved_plus_Dmel_experimental	300	weight01	fisher	20	none	Stage_pos	BP	GO:0002066	columnar/cuboidal epithelial cell development	141	22	9.46	2.325581395348837	1.4e-4	weight01	22	N13.HOG0002492;N13.HOG0002644;N13.HOG0002731;N13.HOG0003908;N13.HOG0004082;N13.HOG0004613;N13.HOG0004920;N13.HOG0004978;N13.HOG0005480;N13.HOG0005968;N13.HOG0006522;N13.HOG0006585;N13.HOG0006816;N13.HOG0007090;N13.HOG0007309;N13.HOG0007679;N13.HOG0007863;N13.HOG0008028;N13.HOG0008458;N13.HOG0008557;N13.HOG0008728;N13.HOG0010427	The process whose specific outcome is the progression of a columnar/cuboidal epithelial cell over time, from its formation to the mature structure. A columnar/cuboidal epithelial cell is a cell usually found in a two dimensional sheet with a free surface. Columnar/cuboidal epithelial cells take on the shape of a column or cube.
final_direct_conserved_plus_Dmel_experimental	300	weight01	fisher	20	none	Stage_pos	BP	GO:0048859	formation of anatomical boundary	25	8	1.68	4.761904761904762	1.5e-4	weight01	8	N13.HOG0002101;N13.HOG0002731;N13.HOG0004009;N13.HOG0005452;N13.HOG0005722;N13.HOG0006585;N13.HOG0008096;N13.HOG0010737	The process in which the limits of an anatomical structure are generated. An anatomical structure is any biological entity that occupies space and is distinguished from its surroundings. Anatomical structures can be macroscopic such as a carpel, or microscopic such as an acrosome.
final_direct_conserved_plus_Dmel_experimental	300	weight01	fisher	20	none	Stage_pos	BP	GO:0030032	lamellipodium assembly	25	8	1.68	4.761904761904762	1.5e-4	weight01	8	N13.HOG0002643;N13.HOG0002644;N13.HOG0005569;N13.HOG0006141;N13.HOG0006585;N13.HOG0006635;N13.HOG0007176;N13.HOG0009354	Formation of a lamellipodium, a thin sheetlike extension of the surface of a migrating cell.
final_direct_conserved_plus_Dmel_experimental	300	weight01	fisher	20	none	Stage_pos	BP	GO:0008039	synaptic target recognition	25	8	1.68	4.761904761904762	1.5e-4	weight01	8	N13.HOG0001973;N13.HOG0001974;N13.HOG0005711;N13.HOG0005713;N13.HOG0005722;N13.HOG0006032;N13.HOG0006200;N13.HOG0006216	The process in which a neuronal cell in a multicellular organism interprets signals produced by potential target cells, with which it may form synapses.
final_direct_conserved_plus_Dmel_experimental	300	weight01	fisher	20	none	Stage_pos	BP	GO:0048645	animal organ formation	32	9	2.15	4.186046511627907	1.7e-4	weight01	9	N13.HOG0002731;N13.HOG0004009;N13.HOG0004933;N13.HOG0005004;N13.HOG0005196;N13.HOG0005452;N13.HOG0006200;N13.HOG0008096;N13.HOG0010737	The process pertaining to the initial formation of an animal organ from unspecified parts. The process begins with the specific processes that contribute to the appearance of the discrete structure, such as inductive events, and ends when the structural rudiment of the organ is recognizable, such as a condensation of mesenchymal cells into the organ rudiment. Organs are a natural part or structure in an animal or a plant, capable of performing some special action (termed its function), which is essential to the life or well-being of the whole. The heart and lungs are organs of animals, and the petal and leaf are organs of plants. In animals the organs are generally made up of several tissues, one of which usually predominates, and determines the principal function of the organ.
final_direct_conserved_plus_Dmel_experimental	300	weight01	fisher	20	none	Stage_pos	BP	GO:0002761	regulation of myeloid leukocyte differentiation	26	8	1.75	4.571428571428571	2e-4	weight01	8	N13.HOG0002643;N13.HOG0002644;N13.HOG0004256;N13.HOG0004432;N13.HOG0004652;N13.HOG0005196;N13.HOG0006670;N13.HOG0007863	Any process that modulates the frequency, rate, or extent of myeloid leukocyte differentiation.
final_direct_conserved_plus_Dmel_experimental	300	weight01	fisher	20	none	Stage_pos	BP	GO:0002064	epithelial cell development	215	38	14.43	2.6334026334026333	2e-4	weight01	38	N13.HOG0002101;N13.HOG0002492;N13.HOG0002643;N13.HOG0002644;N13.HOG0002731;N13.HOG0003908;N13.HOG0004062;N13.HOG0004082;N13.HOG0004256;N13.HOG0004613;N13.HOG0004920;N13.HOG0004978;N13.HOG0005038;N13.HOG0005196;N13.HOG0005256;N13.HOG0005432;N13.HOG0005480;N13.HOG0005732;N13.HOG0005968;N13.HOG0006141;N13.HOG0006254;N13.HOG0006304;N13.HOG0006522;N13.HOG0006585;N13.HOG0006672;N13.HOG0006816;N13.HOG0007090;N13.HOG0007309;N13.HOG0007679;N13.HOG0007863;N13.HOG0008028;N13.HOG0008388;N13.HOG0008458;N13.HOG0008557;N13.HOG0008728;N13.HOG0009524;N13.HOG0010427;N13.HOG0010752	The process whose specific outcome is the progression of an epithelial cell over time, from its formation to the mature structure. An epithelial cell is a cell usually found in a two-dimensional sheet with a free surface.
final_direct_conserved_plus_Dmel_experimental	300	weight01	fisher	20	none	Stage_pos	BP	GO:0007427	epithelial cell migration, open tracheal system	20	7	1.34	5.223880597014925	2.1e-4	weight01	7	N13.HOG0002644;N13.HOG0003121;N13.HOG0004716;N13.HOG0005427;N13.HOG0006055;N13.HOG0007309;N13.HOG0008518	The orderly movement of epithelial cells during development of an open tracheal system. An example of this is found in Drosophila melanogaster.
final_direct_conserved_plus_Dmel_experimental	300	weight01	fisher	20	none	Stage_pos	BP	GO:0008064	regulation of actin polymerization or depolymerization	56	14	3.76	3.7234042553191493	2.4e-4	weight01	14	N13.HOG0000931;N13.HOG0004432;N13.HOG0005038;N13.HOG0005052;N13.HOG0005377;N13.HOG0005581;N13.HOG0005711;N13.HOG0006141;N13.HOG0006237;N13.HOG0006585;N13.HOG0006635;N13.HOG0007176;N13.HOG0007368;N13.HOG0008418	Any process that modulates the frequency, rate or extent of the assembly or disassembly of actin filaments by the addition or removal of actin monomers from a filament.
final_direct_conserved_plus_Dmel_experimental	300	weight01	fisher	20	none	Stage_pos	BP	GO:0030951	establishment or maintenance of microtubule cytoskeleton polarity	26	7	1.75	4	2.6e-4	weight01	7	N13.HOG0004256;N13.HOG0005256;N13.HOG0006018;N13.HOG0006522;N13.HOG0007788;N13.HOG0009802;N13.HOG0010427	Any cellular process that results in the specification, formation or maintenance of polarized microtubule-based cytoskeletal structures.
final_direct_conserved_plus_Dmel_experimental	300	weight01	fisher	20	none	Stage_pos	BP	GO:0048665	neuron fate specification	27	8	1.81	4.419889502762431	2.7e-4	weight01	8	N13.HOG0002101;N13.HOG0002513;N13.HOG0003867;N13.HOG0004978;N13.HOG0005432;N13.HOG0005732;N13.HOG0005941;N13.HOG0006201	The process in which a cell becomes capable of differentiating autonomously into a neuron in an environment that is neutral with respect to the developmental pathway. Upon specification, the cell fate can be reversed.
final_direct_conserved_plus_Dmel_experimental	300	weight01	fisher	20	none	Stage_pos	BP	GO:0045807	positive regulation of endocytosis	58	13	3.89	3.3419023136246784	2.7e-4	weight01	13	N13.HOG0002101;N13.HOG0002643;N13.HOG0002644;N13.HOG0004118;N13.HOG0004920;N13.HOG0007176;N13.HOG0007368;N13.HOG0007616;N13.HOG0008458;N13.HOG0008557;N13.HOG0008919;N13.HOG0009575;N13.HOG0009960	Any process that activates or increases the frequency, rate or extent of endocytosis.
final_direct_conserved_plus_Dmel_experimental	300	weight01	fisher	20	none	Stage_pos	BP	GO:0070252	actin-mediated cell contraction	21	7	1.41	4.964539007092199	2.9e-4	weight01	7	N13.HOG0001944;N13.HOG0004668;N13.HOG0004705;N13.HOG0005256;N13.HOG0006304;N13.HOG0006672;N13.HOG0008388	The actin filament-based process in which cytoplasmic actin filaments slide past one another resulting in contraction of all or part of the cell body.
final_direct_conserved_plus_Dmel_experimental	300	weight01	fisher	20	none	Stage_pos	BP	GO:1904377	positive regulation of protein localization to cell periphery	21	7	1.41	4.964539007092199	2.9e-4	weight01	7	N13.HOG0002643;N13.HOG0002644;N13.HOG0004432;N13.HOG0005611;N13.HOG0006522;N13.HOG0008308;N13.HOG0008418	NA
final_direct_conserved_plus_Dmel_experimental	300	weight01	fisher	20	none	Stage_pos	BP	GO:0035332	positive regulation of hippo signaling	21	7	1.41	4.964539007092199	2.9e-4	weight01	7	N13.HOG0004613;N13.HOG0004926;N13.HOG0004978;N13.HOG0005741;N13.HOG0008557;N13.HOG0009185;N13.HOG0009479	Any process that activates or increases the frequency, rate or extent of hippo signaling.
final_direct_conserved_plus_Dmel_experimental	300	weight01	fisher	20	none	Stage_pos	BP	GO:0042059	negative regulation of epidermal growth factor receptor signaling pathway	34	9	2.28	3.947368421052632	2.9e-4	weight01	9	N13.HOG0002051;N13.HOG0004580;N13.HOG0004613;N13.HOG0005180;N13.HOG0006200;N13.HOG0007368;N13.HOG0007616;N13.HOG0007679;N13.HOG0010506	Any process that stops, prevents, or reduces the frequency, rate or extent of epidermal growth factor receptor signaling pathway activity.
final_direct_conserved_plus_Dmel_experimental	300	weight01	fisher	20	none	Stage_pos	BP	GO:0008347	glial cell migration	28	8	1.88	4.25531914893617	3.5e-4	weight01	8	N13.HOG0002977;N13.HOG0004082;N13.HOG0005196;N13.HOG0005713;N13.HOG0007368;N13.HOG0007863;N13.HOG0008096;N13.HOG0008749	The orderly movement of a glial cell, non-neuronal cells that provide support and nutrition, maintain homeostasis, form myelin, and participate in signal transmission in the nervous system.
final_direct_conserved_plus_Dmel_experimental	300	weight01	fisher	20	none	Stage_pos	BP	GO:0001894	tissue homeostasis	82	14	5.5	2.5454545454545454	3.5e-4	weight01	14	N13.HOG0002535;N13.HOG0002643;N13.HOG0002644;N13.HOG0003398;N13.HOG0003884;N13.HOG0004558;N13.HOG0005196;N13.HOG0006939;N13.HOG0007309;N13.HOG0007368;N13.HOG0008388;N13.HOG0008557;N13.HOG0010154;N13.HOG0010427	A homeostatic process involved in the maintenance of an internal steady state within a defined tissue of an organism, including control of cellular proliferation and death and control of metabolic function.
final_direct_conserved_plus_Dmel_experimental	300	weight01	fisher	20	none	Stage_pos	BP	GO:0007476	imaginal disc-derived wing morphogenesis	140	29	9.4	3.085106382978723	3.8e-4	weight01	29	N13.HOG0002051;N13.HOG0002513;N13.HOG0002535;N13.HOG0002644;N13.HOG0002789;N13.HOG0002799;N13.HOG0003884;N13.HOG0004082;N13.HOG0004613;N13.HOG0004716;N13.HOG0004883;N13.HOG0004933;N13.HOG0005180;N13.HOG0005196;N13.HOG0005723;N13.HOG0005732;N13.HOG0005941;N13.HOG0006055;N13.HOG0006201;N13.HOG0006670;N13.HOG0006816;N13.HOG0006857;N13.HOG0007446;N13.HOG0008258;N13.HOG0008518;N13.HOG0010506;N13.HOG0010547;N13.HOG0010602;N13.HOG0010737	The process in which the anatomical structures of the imaginal disc-derived wing are generated and organized. The wing is an appendage modified for flying.
final_direct_conserved_plus_Dmel_experimental	300	weight01	fisher	20	none	Stage_pos	BP	GO:0010977	negative regulation of neuron projection development	59	12	3.96	3.0303030303030303	4.2e-4	weight01	12	N13.HOG0002533;N13.HOG0002713;N13.HOG0003201;N13.HOG0005432;N13.HOG0005581;N13.HOG0005722;N13.HOG0006141;N13.HOG0006456;N13.HOG0007050;N13.HOG0007178;N13.HOG0007368;N13.HOG0008096	Any process that decreases the rate, frequency or extent of neuron projection development. Neuron projection development is the process whose specific outcome is the progression of a neuron projection over time, from its formation to the mature structure. A neuron projection is any process extending from a neural cell, such as axons or dendrites (collectively called neurites).
final_direct_conserved_plus_Dmel_experimental	300	weight01	fisher	20	none	Stage_pos	BP	GO:0048806	genitalia development	36	9	2.42	3.71900826446281	4.5e-4	weight01	9	N13.HOG0002533;N13.HOG0002644;N13.HOG0002732;N13.HOG0003908;N13.HOG0004652;N13.HOG0004716;N13.HOG0004933;N13.HOG0005196;N13.HOG0007309	The process whose specific outcome is the progression of the genitalia over time, from its formation to the mature structure.
final_direct_conserved_plus_Dmel_experimental	300	weight01	fisher	20	none	Stage_pos	BP	GO:0072583	clathrin-dependent endocytosis	36	9	2.42	3.71900826446281	4.5e-4	weight01	9	N13.HOG0003908;N13.HOG0005256;N13.HOG0006667;N13.HOG0007050;N13.HOG0007176;N13.HOG0007616;N13.HOG0007679;N13.HOG0007699;N13.HOG0008458	An endocytosis process that begins when material is taken up into clathrin-coated pits, which then pinch off to form clathrin-coated endocytic vesicles.
final_direct_conserved_plus_Dmel_experimental	300	weight01	fisher	20	none	Stage_pos	BP	GO:0046843	dorsal appendage formation	23	7	1.54	4.545454545454545	5.5e-4	weight01	7	N13.HOG0002492;N13.HOG0004613;N13.HOG0005256;N13.HOG0005968;N13.HOG0006522;N13.HOG0006816;N13.HOG0008028	Establishment of the dorsal filaments, elaborate specializations of the chorion that protrude from the anterior end of the egg and facilitate embryonic respiration.
final_direct_conserved_plus_Dmel_experimental	300	weight01	fisher	20	none	Stage_pos	BP	GO:0008587	imaginal disc-derived wing margin morphogenesis	23	7	1.54	4.545454545454545	5.5e-4	weight01	7	N13.HOG0002644;N13.HOG0004933;N13.HOG0005196;N13.HOG0006055;N13.HOG0006670;N13.HOG0006857;N13.HOG0008258	The process in which the anatomical structures of the imaginal disc-derived wing margin are generated and organized. The wing margin is a strip of cells in the third instar disc at the boundary between the presumptive dorsal and ventral surfaces of the wing blade.
final_direct_conserved_plus_Dmel_experimental	300	weight01	fisher	20	none	Stage_pos	BP	GO:0007423	sensory organ development	390	62	26.18	2.3682200152788386	5.6e-4	weight01	62	N13.HOG0000931;N13.HOG0001944;N13.HOG0002101;N13.HOG0002158;N13.HOG0002513;N13.HOG0002535;N13.HOG0002731;N13.HOG0002732;N13.HOG0002789;N13.HOG0003201;N13.HOG0003867;N13.HOG0003884;N13.HOG0004009;N13.HOG0004252;N13.HOG0004256;N13.HOG0004613;N13.HOG0004652;N13.HOG0004716;N13.HOG0004933;N13.HOG0004947;N13.HOG0004978;N13.HOG0005004;N13.HOG0005196;N13.HOG0005432;N13.HOG0005452;N13.HOG0005457;N13.HOG0005569;N13.HOG0005711;N13.HOG0005722;N13.HOG0005723;N13.HOG0005732;N13.HOG0005941;N13.HOG0006055;N13.HOG0006141;N13.HOG0006201;N13.HOG0006522;N13.HOG0006585;N13.HOG0006603;N13.HOG0006635;N13.HOG0006670;N13.HOG0006672;N13.HOG0006776;N13.HOG0006803;N13.HOG0006816;N13.HOG0006830;N13.HOG0006939;N13.HOG0006948;N13.HOG0007104;N13.HOG0007176;N13.HOG0007178;N13.HOG0007309;N13.HOG0008028;N13.HOG0008096;N13.HOG0008258;N13.HOG0008308;N13.HOG0008388;N13.HOG0008518;N13.HOG0008557;N13.HOG0008565;N13.HOG0009185;N13.HOG0010506;N13.HOG0010602	The process whose specific outcome is the progression of sensory organs over time, from its formation to the mature structure.
final_direct_conserved_plus_Dmel_experimental	300	weight01	fisher	20	none	Stage_pos	BP	GO:0048546	digestive tract morphogenesis	55	9	3.69	2.4390243902439024	6e-4	weight01	9	N13.HOG0001944;N13.HOG0002101;N13.HOG0004256;N13.HOG0005196;N13.HOG0005480;N13.HOG0006689;N13.HOG0007176;N13.HOG0008388;N13.HOG0009575	The process in which the anatomical structures of the digestive tract are generated and organized. The digestive tract is the anatomical structure through which food passes and is processed.
final_direct_conserved_plus_Dmel_experimental	300	weight01	fisher	20	none	Stage_pos	BP	GO:0048814	regulation of dendrite morphogenesis	45	10	3.02	3.3112582781456954	6.1e-4	weight01	10	N13.HOG0005004;N13.HOG0005427;N13.HOG0005569;N13.HOG0006237;N13.HOG0006522;N13.HOG0007204;N13.HOG0007699;N13.HOG0008418;N13.HOG0010427;N13.HOG0010752	Any process that modulates the frequency, rate or extent of dendrite morphogenesis.
final_direct_conserved_plus_Dmel_experimental	300	weight01	fisher	20	none	Stage_pos	BP	GO:0044703	multi-organism reproductive process	631	67	42.35	1.5820543093270365	6.1e-4	weight01	67	N13.HOG0000645;N13.HOG0000931;N13.HOG0001944;N13.HOG0002374;N13.HOG0002492;N13.HOG0002643;N13.HOG0002644;N13.HOG0002732;N13.HOG0003201;N13.HOG0003884;N13.HOG0003908;N13.HOG0004062;N13.HOG0004082;N13.HOG0004252;N13.HOG0004256;N13.HOG0004613;N13.HOG0004791;N13.HOG0004883;N13.HOG0004920;N13.HOG0004978;N13.HOG0005004;N13.HOG0005038;N13.HOG0005125;N13.HOG0005134;N13.HOG0005196;N13.HOG0005256;N13.HOG0005432;N13.HOG0005480;N13.HOG0005723;N13.HOG0005732;N13.HOG0005823;N13.HOG0005941;N13.HOG0005968;N13.HOG0006018;N13.HOG0006141;N13.HOG0006201;N13.HOG0006522;N13.HOG0006585;N13.HOG0006603;N13.HOG0006667;N13.HOG0006689;N13.HOG0006816;N13.HOG0006894;N13.HOG0007090;N13.HOG0007093;N13.HOG0007104;N13.HOG0007123;N13.HOG0007176;N13.HOG0007309;N13.HOG0007368;N13.HOG0007679;N13.HOG0007699;N13.HOG0007863;N13.HOG0008028;N13.HOG0008125;N13.HOG0008418;N13.HOG0008458;N13.HOG0008557;N13.HOG0008589;N13.HOG0008728;N13.HOG0009524;N13.HOG0009545;N13.HOG0009575;N13.HOG0010427;N13.HOG0010602;N13.HOG0010713;N13.HOG0011311	A biological process that directly contributes to the process of producing new individuals, involving another organism.
final_direct_conserved_plus_Dmel_experimental	300	weight01	fisher	20	none	Stage_pos	BP	GO:0032147	activation of protein kinase activity	79	14	5.3	2.6415094339622645	6.3e-4	weight01	14	N13.HOG0002643;N13.HOG0002644;N13.HOG0005569;N13.HOG0006141;N13.HOG0006426;N13.HOG0006672;N13.HOG0007309;N13.HOG0007355;N13.HOG0007368;N13.HOG0007679;N13.HOG0008074;N13.HOG0008557;N13.HOG0008565;N13.HOG0010427	Any process that initiates the activity of an inactive protein kinase.
final_direct_conserved_plus_Dmel_experimental	300	weight01	fisher	20	none	Stage_pos	BP	GO:0010628	positive regulation of gene expression	567	59	38.06	1.5501839201261165	6.7e-4	weight01	59	N13.HOG0000931;N13.HOG0001944;N13.HOG0002492;N13.HOG0002513;N13.HOG0002535;N13.HOG0002643;N13.HOG0002644;N13.HOG0002731;N13.HOG0002732;N13.HOG0002789;N13.HOG0003121;N13.HOG0003201;N13.HOG0003337;N13.HOG0003884;N13.HOG0004082;N13.HOG0004256;N13.HOG0004432;N13.HOG0004652;N13.HOG0004716;N13.HOG0004910;N13.HOG0004933;N13.HOG0004978;N13.HOG0005004;N13.HOG0005125;N13.HOG0005134;N13.HOG0005196;N13.HOG0005359;N13.HOG0005432;N13.HOG0005452;N13.HOG0005542;N13.HOG0005551;N13.HOG0005597;N13.HOG0005848;N13.HOG0005980;N13.HOG0006141;N13.HOG0006200;N13.HOG0006383;N13.HOG0006512;N13.HOG0006670;N13.HOG0006857;N13.HOG0006939;N13.HOG0006993;N13.HOG0007090;N13.HOG0007123;N13.HOG0007312;N13.HOG0007319;N13.HOG0007355;N13.HOG0007368;N13.HOG0007649;N13.HOG0007679;N13.HOG0007711;N13.HOG0008074;N13.HOG0008311;N13.HOG0008388;N13.HOG0008757;N13.HOG0009524;N13.HOG0009666;N13.HOG0010567;N13.HOG0011688	Any process that increases the frequency, rate or extent of gene expression. Gene expression is the process in which a gene's coding sequence is converted into a mature gene product (protein or RNA).
final_direct_conserved_plus_Dmel_experimental	300	weight01	fisher	20	none	Stage_pos	BP	GO:0043112	receptor metabolic process	38	9	2.55	3.5294117647058827	7e-4	weight01	9	N13.HOG0002643;N13.HOG0002644;N13.HOG0003908;N13.HOG0007050;N13.HOG0007368;N13.HOG0007699;N13.HOG0008458;N13.HOG0008757;N13.HOG0009575	The chemical reactions and pathways involving a receptor molecule, a macromolecule that undergoes combination with a hormone, neurotransmitter, drug or intracellular messenger to initiate a change in cell function.
final_direct_conserved_plus_Dmel_experimental	300	weight01	fisher	20	none	Stage_pos	BP	GO:0050770	regulation of axonogenesis	70	11	4.7	2.3404255319148937	7e-4	weight01	11	N13.HOG0001764;N13.HOG0002513;N13.HOG0002533;N13.HOG0005432;N13.HOG0005551;N13.HOG0006141;N13.HOG0006635;N13.HOG0007368;N13.HOG0007863;N13.HOG0008096;N13.HOG0010427	Any process that modulates the frequency, rate or extent of axonogenesis, the generation of an axon, the long process of a neuron.
final_direct_conserved_plus_Dmel_experimental	300	weight01	fisher	20	none	Stage_pos	BP	GO:0008360	regulation of cell shape	54	11	3.62	3.0386740331491713	7.2e-4	weight01	11	N13.HOG0002643;N13.HOG0002644;N13.HOG0004256;N13.HOG0004613;N13.HOG0005256;N13.HOG0005457;N13.HOG0005597;N13.HOG0006141;N13.HOG0007176;N13.HOG0007368;N13.HOG0008757	Any process that modulates the surface configuration of a cell.
final_direct_conserved_plus_Dmel_experimental	300	weight01	fisher	20	none	Stage_pos	BP	GO:0051489	regulation of filopodium assembly	24	7	1.61	4.3478260869565215	7.3e-4	weight01	7	N13.HOG0003908;N13.HOG0006383;N13.HOG0006585;N13.HOG0007176;N13.HOG0008418;N13.HOG0008757;N13.HOG0009354	Any process that modulates the frequency, rate or extent of the assembly of a filopodium, a thin, stiff protrusion extended by the leading edge of a motile cell such as a crawling fibroblast or amoeba, or an axonal growth cone.
final_direct_conserved_plus_Dmel_experimental	300	weight01	fisher	20	none	Stage_pos	BP	GO:0046854	phosphatidylinositol phosphate biosynthetic process	24	7	1.61	4.3478260869565215	7.3e-4	weight01	7	N13.HOG0001430;N13.HOG0004432;N13.HOG0005256;N13.HOG0005611;N13.HOG0007309;N13.HOG0007679;N13.HOG0009814	The chemical reactions and pathways resulting in the formation of phosphatidylinositol phosphate.
final_direct_conserved_plus_Dmel_experimental	300	weight01	fisher	20	none	Stage_pos	BP	GO:0035282	segmentation	154	35	10.34	3.3849129593810448	7.3e-4	weight01	35	N13.HOG0001944;N13.HOG0002101;N13.HOG0002158;N13.HOG0002513;N13.HOG0002535;N13.HOG0002789;N13.HOG0003121;N13.HOG0003908;N13.HOG0004082;N13.HOG0004252;N13.HOG0004256;N13.HOG0004652;N13.HOG0004883;N13.HOG0005004;N13.HOG0005038;N13.HOG0005196;N13.HOG0005655;N13.HOG0005722;N13.HOG0005732;N13.HOG0005968;N13.HOG0006055;N13.HOG0006522;N13.HOG0006603;N13.HOG0006816;N13.HOG0006939;N13.HOG0007309;N13.HOG0007355;N13.HOG0007446;N13.HOG0008388;N13.HOG0008518;N13.HOG0009545;N13.HOG0009960;N13.HOG0010427;N13.HOG0010506;N13.HOG0010602	The regionalization process that divides an organism or part of an organism into a series of semi-repetitive parts, or segments, often arranged along a longitudinal axis.
final_direct_conserved_plus_Dmel_experimental	300	weight01	fisher	20	none	Stage_pos	BP	GO:0048732	gland development	229	28	15.37	1.8217306441119063	7.9e-4	weight01	28	N13.HOG0001944;N13.HOG0002533;N13.HOG0002644;N13.HOG0002731;N13.HOG0004256;N13.HOG0004716;N13.HOG0004947;N13.HOG0005004;N13.HOG0005196;N13.HOG0005432;N13.HOG0005655;N13.HOG0005713;N13.HOG0005941;N13.HOG0006141;N13.HOG0006200;N13.HOG0006201;N13.HOG0006603;N13.HOG0006939;N13.HOG0007104;N13.HOG0007679;N13.HOG0007863;N13.HOG0008096;N13.HOG0009138;N13.HOG0009479;N13.HOG0009831;N13.HOG0010427;N13.HOG0010602;N13.HOG0010737	The process whose specific outcome is the progression of a gland over time, from its formation to the mature structure. A gland is an organ specialised for secretion.
final_direct_conserved_plus_Dmel_experimental	300	weight01	fisher	20	none	Stage_pos	BP	GO:0045944	positive regulation of transcription by RNA polymerase II	292	34	19.6	1.7346938775510203	8.5e-4	weight01	34	N13.HOG0001944;N13.HOG0002513;N13.HOG0002535;N13.HOG0002731;N13.HOG0002732;N13.HOG0002789;N13.HOG0003121;N13.HOG0003337;N13.HOG0003884;N13.HOG0004082;N13.HOG0004256;N13.HOG0004432;N13.HOG0004716;N13.HOG0004910;N13.HOG0004933;N13.HOG0004978;N13.HOG0005004;N13.HOG0005196;N13.HOG0005432;N13.HOG0005452;N13.HOG0005542;N13.HOG0005848;N13.HOG0006383;N13.HOG0006670;N13.HOG0006857;N13.HOG0007090;N13.HOG0007312;N13.HOG0007446;N13.HOG0007649;N13.HOG0008311;N13.HOG0009524;N13.HOG0009666;N13.HOG0010567;N13.HOG0011688	Any process that activates or increases the frequency, rate or extent of transcription from an RNA polymerase II promoter.
final_direct_conserved_plus_Dmel_experimental	300	weight01	fisher	20	none	Stage_pos	BP	GO:0090287	regulation of cellular response to growth factor stimulus	100	24	6.71	3.5767511177347244	8.6e-4	weight01	24	N13.HOG0001944;N13.HOG0002051;N13.HOG0002643;N13.HOG0002644;N13.HOG0002799;N13.HOG0003201;N13.HOG0004933;N13.HOG0005134;N13.HOG0005196;N13.HOG0005732;N13.HOG0006055;N13.HOG0006141;N13.HOG0006200;N13.HOG0007176;N13.HOG0007699;N13.HOG0007756;N13.HOG0007863;N13.HOG0008096;N13.HOG0008557;N13.HOG0009575;N13.HOG0010427;N13.HOG0010506;N13.HOG0010602;N13.HOG0010737	NA
final_direct_conserved_plus_Dmel_experimental	300	weight01	fisher	20	none	Stage_pos	BP	GO:0070374	positive regulation of ERK1 and ERK2 cascade	39	9	2.62	3.4351145038167936	8.6e-4	weight01	9	N13.HOG0001944;N13.HOG0002643;N13.HOG0002644;N13.HOG0006141;N13.HOG0006426;N13.HOG0007309;N13.HOG0007368;N13.HOG0008096;N13.HOG0008518	Any process that activates or increases the frequency, rate or extent of signal transduction mediated by the ERK1 and ERK2 cascade.
final_direct_conserved_plus_Dmel_experimental	300	weight01	fisher	20	none	Stage_pos	BP	GO:0048167	regulation of synaptic plasticity	47	10	3.15	3.174603174603175	8.8e-4	weight01	10	N13.HOG0002374;N13.HOG0002713;N13.HOG0003121;N13.HOG0003908;N13.HOG0006141;N13.HOG0006635;N13.HOG0007368;N13.HOG0007679;N13.HOG0008418;N13.HOG0010154	A process that modulates synaptic plasticity, the ability of synapses to change as circumstances require. They may alter function, such as increasing or decreasing their sensitivity, or they may increase or decrease in actual numbers.
final_direct_conserved_plus_Dmel_experimental	300	weight01	fisher	20	none	Stage_pos	BP	GO:0018105	peptidyl-serine phosphorylation	77	11	5.17	2.127659574468085	9.1e-4	weight01	11	N13.HOG0002713;N13.HOG0004252;N13.HOG0004848;N13.HOG0005597;N13.HOG0007050;N13.HOG0007312;N13.HOG0008074;N13.HOG0008125;N13.HOG0008565;N13.HOG0010276;N13.HOG0010427	The phosphorylation of peptidyl-serine to form peptidyl-O-phospho-L-serine.
final_direct_conserved_plus_Dmel_experimental	300	weight01	fisher	20	none	Stage_pos	BP	GO:0048190	wing disc dorsal/ventral pattern formation	25	7	1.68	4.166666666666667	9.5e-4	weight01	7	N13.HOG0002513;N13.HOG0004009;N13.HOG0005452;N13.HOG0006055;N13.HOG0006200;N13.HOG0006816;N13.HOG0006857	The establishment, maintenance and elaboration of the dorsal/ventral axis of the wing disc, a precursor to the adult wing.
final_direct_conserved_plus_Dmel_experimental	300	weight01	fisher	20	none	Stage_pos	BP	GO:0090630	activation of GTPase activity	25	7	1.68	4.166666666666667	9.5e-4	weight01	7	N13.HOG0004256;N13.HOG0005256;N13.HOG0006383;N13.HOG0007368;N13.HOG0008253;N13.HOG0008728;N13.HOG0009888	Any process that initiates the activity of an inactive GTPase through the replacement of GDP by GTP.
final_direct_conserved_plus_Dmel_experimental	300	weight01	fisher	20	none	Stage_pos	BP	GO:0050773	regulation of dendrite development	66	15	4.43	3.3860045146726865	9.6e-4	weight01	15	N13.HOG0002713;N13.HOG0005004;N13.HOG0005427;N13.HOG0005569;N13.HOG0006237;N13.HOG0006522;N13.HOG0006776;N13.HOG0007178;N13.HOG0007204;N13.HOG0007679;N13.HOG0007699;N13.HOG0008096;N13.HOG0008418;N13.HOG0010427;N13.HOG0010752	Any process that modulates the frequency, rate or extent of dendrite development.
final_direct_conserved_plus_Dmel_experimental	300	weight01	fisher	20	none	Stage_pos	BP	GO:0060972	left/right pattern formation	75	14	5.03	2.783300198807157	0.00103	weight01	14	N13.HOG0001944;N13.HOG0002101;N13.HOG0005196;N13.HOG0005480;N13.HOG0005941;N13.HOG0006201;N13.HOG0006603;N13.HOG0006803;N13.HOG0007090;N13.HOG0008096;N13.HOG0008388;N13.HOG0008919;N13.HOG0009802;N13.HOG0010602	The pattern specification process that results in the subdivision of the left/right axis in space to define an area or volume in which specific patterns of cell differentiation will take place or in which cells interpret a specific environment.
final_direct_conserved_plus_Dmel_experimental	300	weight01	fisher	20	none	Stage_pos	BP	GO:0035270	endocrine system development	40	9	2.68	3.3582089552238803	0.00104	weight01	9	N13.HOG0002731;N13.HOG0004716;N13.HOG0005941;N13.HOG0006201;N13.HOG0006603;N13.HOG0007090;N13.HOG0009524;N13.HOG0010567;N13.HOG0010602	Progression of the endocrine system over time, from its formation to a mature structure. The endocrine system is a system of hormones and ductless glands, where the glands release hormones directly into the blood, lymph or other intercellular fluid, and the hormones circulate within the body to affect distant organs. The major glands that make up the human endocrine system are the hypothalamus, pituitary, thyroid, parathryoids, adrenals, pineal body, and the reproductive glands which include the ovaries and testes.
final_direct_conserved_plus_Dmel_experimental	300	weight01	fisher	20	none	Stage_pos	BP	GO:0043534	blood vessel endothelial cell migration	32	10	2.15	4.651162790697675	0.00105	weight01	10	N13.HOG0000931;N13.HOG0002643;N13.HOG0002644;N13.HOG0002713;N13.HOG0004432;N13.HOG0005722;N13.HOG0006141;N13.HOG0007368;N13.HOG0009321;N13.HOG0009996	The orderly movement of an endothelial cell into the extracellular matrix in order to form new blood vessels during angiogenesis.
final_direct_conserved_plus_Dmel_experimental	300	weight01	fisher	20	none	Stage_pos	BP	GO:0090263	positive regulation of canonical Wnt signaling pathway	48	10	3.22	3.105590062111801	0.00105	weight01	10	N13.HOG0004652;N13.HOG0005581;N13.HOG0006055;N13.HOG0006200;N13.HOG0006803;N13.HOG0007312;N13.HOG0007788;N13.HOG0009575;N13.HOG0009960;N13.HOG0010567	Any process that increases the rate, frequency, or extent of the Wnt signaling pathway through beta-catenin, the series of molecular signals initiated by binding of a Wnt protein to a frizzled family receptor on the surface of the target cell, followed by propagation of the signal via beta-catenin, and ending with a change in transcription of target genes.
final_direct_conserved_plus_Dmel_experimental	300	weight01	fisher	20	none	Stage_pos	BP	GO:0072175	epithelial tube formation	46	12	3.09	3.883495145631068	0.00106	weight01	12	N13.HOG0002101;N13.HOG0002513;N13.HOG0003201;N13.HOG0004716;N13.HOG0005196;N13.HOG0005432;N13.HOG0006141;N13.HOG0006585;N13.HOG0006803;N13.HOG0007090;N13.HOG0010567;N13.HOG0010602	The developmental process pertaining to the initial formation of an epithelial tube.
final_direct_conserved_plus_Dmel_experimental	300	weight01	fisher	20	none	Stage_pos	BP	GO:0021953	central nervous system neuron differentiation	64	15	4.3	3.488372093023256	0.00109	weight01	15	N13.HOG0002101;N13.HOG0002513;N13.HOG0002533;N13.HOG0002535;N13.HOG0003201;N13.HOG0004716;N13.HOG0004933;N13.HOG0005134;N13.HOG0005196;N13.HOG0005432;N13.HOG0006689;N13.HOG0007355;N13.HOG0007368;N13.HOG0008096;N13.HOG0010567	The process in which a relatively unspecialized cell acquires specialized features of a neuron whose cell body resides in the central nervous system.
final_direct_conserved_plus_Dmel_experimental	300	weight01	fisher	20	none	Stage_pos	BP	GO:1901890	positive regulation of cell junction assembly	33	7	2.21	3.167420814479638	0.00111	weight01	7	N13.HOG0005427;N13.HOG0006141;N13.HOG0006237;N13.HOG0006426;N13.HOG0007368;N13.HOG0007679;N13.HOG0008388	Any process that activates or increases the frequency, rate or extent of cell junction assembly.
final_direct_conserved_plus_Dmel_experimental	300	weight01	fisher	20	none	Stage_pos	BP	GO:0008595	anterior/posterior axis specification, embryo	79	15	5.3	2.8301886792452833	0.00111	weight01	15	N13.HOG0002158;N13.HOG0004883;N13.HOG0005038;N13.HOG0005732;N13.HOG0005968;N13.HOG0006522;N13.HOG0006816;N13.HOG0006939;N13.HOG0007309;N13.HOG0007355;N13.HOG0008518;N13.HOG0009545;N13.HOG0010427;N13.HOG0010506;N13.HOG0010602	The specification of the anterior/posterior axis of the embryo by the products of genes expressed maternally and genes expressed in the zygote.
final_direct_conserved_plus_Dmel_experimental	300	weight01	fisher	20	none	Stage_pos	BP	GO:0048771	tissue remodeling	26	7	1.75	4	0.00123	weight01	7	N13.HOG0001944;N13.HOG0002643;N13.HOG0002644;N13.HOG0005004;N13.HOG0005196;N13.HOG0007368;N13.HOG0010154	The reorganization or renovation of existing tissues. This process can either change the characteristics of a tissue such as in blood vessel remodeling, or result in the dynamic equilibrium of a tissue such as in bone remodeling.
final_direct_conserved_plus_Dmel_experimental	300	weight01	fisher	20	none	Stage_pos	BP	GO:0008293	torso signaling pathway	26	7	1.75	4	0.00123	weight01	7	N13.HOG0005732;N13.HOG0006816;N13.HOG0006939;N13.HOG0007309;N13.HOG0008518;N13.HOG0010506;N13.HOG0010602	The series of molecular signals initiated by an extracellular ligand binding to torso (a receptor tyrosine kinase) on the surface of a target cell, and ending with the regulation of a downstream cellular process, e.g. transcription.
final_direct_conserved_plus_Dmel_experimental	300	weight01	fisher	20	none	Stage_pos	BP	GO:0000122	negative regulation of transcription by RNA polymerase II	220	27	14.77	1.8280297901150981	0.00136	weight01	27	N13.HOG0001915;N13.HOG0001944;N13.HOG0002732;N13.HOG0002789;N13.HOG0003201;N13.HOG0003867;N13.HOG0004082;N13.HOG0004691;N13.HOG0004716;N13.HOG0004933;N13.HOG0004947;N13.HOG0004978;N13.HOG0005004;N13.HOG0005196;N13.HOG0005432;N13.HOG0005532;N13.HOG0006074;N13.HOG0006218;N13.HOG0006670;N13.HOG0006689;N13.HOG0006816;N13.HOG0006939;N13.HOG0009138;N13.HOG0009524;N13.HOG0009575;N13.HOG0009831;N13.HOG0010737	Any process that stops, prevents, or reduces the frequency, rate or extent of transcription mediated by RNA polymerase II.
final_direct_conserved_plus_Dmel_experimental	300	weight01	fisher	20	none	Stage_pos	BP	GO:0046620	regulation of organ growth	47	13	3.15	4.126984126984127	0.00141	weight01	13	N13.HOG0001944;N13.HOG0004256;N13.HOG0004978;N13.HOG0005004;N13.HOG0005432;N13.HOG0005480;N13.HOG0006055;N13.HOG0006816;N13.HOG0007368;N13.HOG0007679;N13.HOG0008258;N13.HOG0008557;N13.HOG0009138	Any process that modulates the frequency, rate or extent of growth of an organ of an organism.
final_direct_conserved_plus_Dmel_experimental	300	weight01	fisher	20	none	Stage_pos	BP	GO:0007447	imaginal disc pattern formation	54	13	3.62	3.591160220994475	0.00145	weight01	13	N13.HOG0002513;N13.HOG0003867;N13.HOG0003884;N13.HOG0004009;N13.HOG0004082;N13.HOG0004256;N13.HOG0004933;N13.HOG0005452;N13.HOG0006055;N13.HOG0006200;N13.HOG0006603;N13.HOG0006816;N13.HOG0006857	The regionalization process that results in defined areas of the imaginal disc that will undergo specific cell differentaiton. Imaginal discs are epithelial infoldings in the larvae of holometabolous insects that develop into adult appendages (legs, antennae, wings, etc.) during metamorphosis from larval to adult form.
final_direct_conserved_plus_Dmel_experimental	300	weight01	fisher	20	none	Stage_pos	BP	GO:0008584	male gonad development	34	8	2.28	3.5087719298245617	0.00145	weight01	8	N13.HOG0001944;N13.HOG0002513;N13.HOG0002643;N13.HOG0002644;N13.HOG0004716;N13.HOG0005941;N13.HOG0006201;N13.HOG0006304	The process whose specific outcome is the progression of the male gonad over time, from its formation to the mature structure.
final_direct_conserved_plus_Dmel_experimental	300	weight01	fisher	20	none	Stage_pos	BP	GO:0033627	cell adhesion mediated by integrin	20	6	1.34	4.477611940298507	0.0015	weight01	6	N13.HOG0002643;N13.HOG0002644;N13.HOG0007176;N13.HOG0007309;N13.HOG0007368;N13.HOG0009888	The attachment of a cell, either to another cell or to an underlying substrate such as the extracellular matrix, via an integrin, a heterodimeric adhesion receptor formed by the non-covalent association of particular alpha and beta subunits.
final_direct_conserved_plus_Dmel_experimental	300	weight01	fisher	20	none	Stage_pos	BP	GO:0051283	negative regulation of sequestering of calcium ion	20	6	1.34	4.477611940298507	0.0015	weight01	6	N13.HOG0001915;N13.HOG0002643;N13.HOG0002644;N13.HOG0006141;N13.HOG0007368;N13.HOG0010506	Any process that stops, prevents, or reduces the frequency, rate or extent of the binding or confining calcium ions such that they are separated from other components of a biological system.
final_direct_conserved_plus_Dmel_experimental	300	weight01	fisher	20	none	Stage_pos	BP	GO:0007310	oocyte dorsal/ventral axis specification	20	6	1.34	4.477611940298507	0.0015	weight01	6	N13.HOG0002492;N13.HOG0005256;N13.HOG0005732;N13.HOG0006522;N13.HOG0006816;N13.HOG0010602	The establishment, maintenance and elaboration of the dorsal/ventral axis of the oocyte. An example of this is found in Drosophila melanogaster.
final_direct_conserved_plus_Dmel_experimental	300	weight01	fisher	20	none	Stage_pos	BP	GO:0060071	Wnt signaling pathway, planar cell polarity pathway	20	6	1.34	4.477611940298507	0.0015	weight01	6	N13.HOG0002533;N13.HOG0004652;N13.HOG0006055;N13.HOG0006141;N13.HOG0008458;N13.HOG0009575	A type of non-canonical Wnt signaling pathway in which Wnt binding to its receptor on the surface of a target cell results in the activation small G proteins such as Rho, Rac, and Cdc42 which, in turn activate effectors, including C-Jun N-terminal kinase (JNK) and Rho kinase (Rok). The signaling ends with change in the transcription of target genes and/or reorganisation of the cytoskeleton.
final_direct_conserved_plus_Dmel_experimental	300	weight01	fisher	20	none	Stage_pos	BP	GO:0007300	ovarian nurse cell to oocyte transport	20	6	1.34	4.477611940298507	0.0015	weight01	6	N13.HOG0004062;N13.HOG0005196;N13.HOG0006141;N13.HOG0006522;N13.HOG0006585;N13.HOG0007176	Transfer of constituents synthesized in the ovarian nurse cells to the oocyte, through the ring canals, as the egg chamber is growing. An example of this is found in Drosophila melanogaster.
final_direct_conserved_plus_Dmel_experimental	300	weight01	fisher	20	none	Stage_pos	BP	GO:0007460	R8 cell fate commitment	20	6	1.34	4.477611940298507	0.0015	weight01	6	N13.HOG0004978;N13.HOG0005732;N13.HOG0005941;N13.HOG0006201;N13.HOG0008557;N13.HOG0009185	The process in which the R8 photoreceptor commits to its cell fate. The R8 receptor contributes the central part of the rhabdomere in the basal parts of the ommatidium.
final_direct_conserved_plus_Dmel_experimental	300	weight01	fisher	20	none	Stage_pos	BP	GO:0001942	hair follicle development	20	6	1.34	4.477611940298507	0.0015	weight01	6	N13.HOG0002513;N13.HOG0002535;N13.HOG0002977;N13.HOG0003201;N13.HOG0004256;N13.HOG0005196	The process whose specific outcome is the progression of the hair follicle over time, from its formation to the mature structure. A hair follicle is a tube-like opening in the epidermis where the hair shaft develops and into which the sebaceous glands open.
final_direct_conserved_plus_Dmel_experimental	300	weight01	fisher	20	none	Stage_pos	BP	GO:0046621	negative regulation of organ growth	20	6	1.34	4.477611940298507	0.0015	weight01	6	N13.HOG0004256;N13.HOG0004978;N13.HOG0006816;N13.HOG0007368;N13.HOG0008557;N13.HOG0009138	Any process that stops, prevents, or reduces the frequency, rate or extent of growth of an organ of an organism.
final_direct_conserved_plus_Dmel_experimental	300	weight01	fisher	20	none	Stage_pos	BP	GO:0030595	leukocyte chemotaxis	20	6	1.34	4.477611940298507	0.0015	weight01	6	N13.HOG0002643;N13.HOG0002644;N13.HOG0005256;N13.HOG0007368;N13.HOG0007679;N13.HOG0007863	The movement of a leukocyte in response to an external stimulus.
final_direct_conserved_plus_Dmel_experimental	300	weight01	fisher	20	none	Stage_pos	BP	GO:0045087	innate immune response	199	21	13.36	1.5718562874251498	0.00153	weight01	21	N13.HOG0002492;N13.HOG0002643;N13.HOG0002644;N13.HOG0004118;N13.HOG0004252;N13.HOG0004580;N13.HOG0005134;N13.HOG0005532;N13.HOG0005713;N13.HOG0005722;N13.HOG0006141;N13.HOG0006522;N13.HOG0006667;N13.HOG0006672;N13.HOG0006894;N13.HOG0007104;N13.HOG0007309;N13.HOG0007368;N13.HOG0007679;N13.HOG0008409;N13.HOG0011688	Innate immune responses are defense responses mediated by germline encoded components that directly recognize components of potential pathogens.
final_direct_conserved_plus_Dmel_experimental	300	weight01	fisher	20	none	Stage_pos	BP	GO:1902017	regulation of cilium assembly	27	7	1.81	3.867403314917127	0.00157	weight01	7	N13.HOG0004558;N13.HOG0005569;N13.HOG0005597;N13.HOG0006018;N13.HOG0007090;N13.HOG0007788;N13.HOG0008728	Any process that modulates the frequency, rate or extent of cilium assembly.
final_direct_conserved_plus_Dmel_experimental	300	weight01	fisher	20	none	Stage_pos	BP	GO:0046661	male sex differentiation	70	16	4.7	3.404255319148936	0.0017	weight01	16	N13.HOG0000655;N13.HOG0001944;N13.HOG0002513;N13.HOG0002643;N13.HOG0002644;N13.HOG0002732;N13.HOG0003908;N13.HOG0004652;N13.HOG0004716;N13.HOG0005196;N13.HOG0005941;N13.HOG0006201;N13.HOG0006304;N13.HOG0006857;N13.HOG0007863;N13.HOG0008096	The establishment of the sex of a male organism by physical differentiation.
final_direct_conserved_plus_Dmel_experimental	300	weight01	fisher	20	none	Stage_pos	BP	GO:0021510	spinal cord development	43	9	2.89	3.1141868512110724	0.0018	weight01	9	N13.HOG0002101;N13.HOG0002513;N13.HOG0005134;N13.HOG0005432;N13.HOG0005655;N13.HOG0006803;N13.HOG0008096;N13.HOG0010567;N13.HOG0010602	The process whose specific outcome is the progression of the spinal cord over time, from its formation to the mature structure. The spinal cord primarily conducts sensory and motor nerve impulses between the brain and the peripheral nervous tissues.
final_direct_conserved_plus_Dmel_experimental	300	weight01	fisher	20	none	Stage_pos	BP	GO:0030198	extracellular matrix organization	60	11	4.03	2.729528535980149	0.00181	weight01	11	N13.HOG0002051;N13.HOG0002643;N13.HOG0002644;N13.HOG0003025;N13.HOG0005256;N13.HOG0005732;N13.HOG0006141;N13.HOG0006200;N13.HOG0006894;N13.HOG0007368;N13.HOG0007863	A process that is carried out at the cellular level which results in the assembly, arrangement of constituent parts, or disassembly of an extracellular matrix.
final_direct_conserved_plus_Dmel_experimental	300	weight01	fisher	20	none	Stage_pos	BP	GO:0048639	positive regulation of developmental growth	108	17	7.25	2.3448275862068964	0.00182	weight01	17	N13.HOG0001944;N13.HOG0002374;N13.HOG0005427;N13.HOG0005432;N13.HOG0005480;N13.HOG0005569;N13.HOG0006201;N13.HOG0006237;N13.HOG0006426;N13.HOG0007679;N13.HOG0007699;N13.HOG0008096;N13.HOG0008258;N13.HOG0008565;N13.HOG0009195;N13.HOG0009354;N13.HOG0009575	Any process that activates, maintains or increases the rate of developmental growth.
final_direct_conserved_plus_Dmel_experimental	300	weight01	fisher	20	none	Stage_pos	BP	GO:0031098	stress-activated protein kinase signaling cascade	88	11	5.91	1.8612521150592216	0.0018600000000000001	weight01	11	N13.HOG0000931;N13.HOG0004652;N13.HOG0005452;N13.HOG0005569;N13.HOG0006672;N13.HOG0007355;N13.HOG0007368;N13.HOG0008557;N13.HOG0008565;N13.HOG0010427;N13.HOG0010752	The series of molecular signals in which a stress-activated protein kinase (SAPK) cascade relays a signal.
final_direct_conserved_plus_Dmel_experimental	300	weight01	fisher	20	none	Stage_pos	BP	GO:0051056	regulation of small GTPase mediated signal transduction	93	21	6.24	3.3653846153846154	0.00187	weight01	21	N13.HOG0002643;N13.HOG0002644;N13.HOG0003337;N13.HOG0004432;N13.HOG0004920;N13.HOG0005581;N13.HOG0005610;N13.HOG0005980;N13.HOG0006141;N13.HOG0006237;N13.HOG0006426;N13.HOG0006456;N13.HOG0006689;N13.HOG0006857;N13.HOG0006894;N13.HOG0008409;N13.HOG0008518;N13.HOG0008757;N13.HOG0009666;N13.HOG0009996;N13.HOG0010506	Any process that modulates the frequency, rate or extent of small GTPase mediated signal transduction.
final_direct_conserved_plus_Dmel_experimental	300	weight01	fisher	20	none	Stage_pos	BP	GO:0051897	positive regulation of phosphatidylinositol 3-kinase/protein kinase B signal transduction	28	7	1.88	3.7234042553191493	0.00198	weight01	7	N13.HOG0002643;N13.HOG0002644;N13.HOG0004432;N13.HOG0006426;N13.HOG0007309;N13.HOG0007368;N13.HOG0007679	Any process that activates or increases the frequency, rate or extent of phosphatidylinositol 3-kinase/protein kinase B signal transduction.
final_direct_conserved_plus_Dmel_experimental	300	weight01	fisher	20	none	Stage_pos	BP	GO:0030513	positive regulation of BMP signaling pathway	21	6	1.41	4.25531914893617	0.00199	weight01	6	N13.HOG0001944;N13.HOG0002799;N13.HOG0005732;N13.HOG0006200;N13.HOG0008096;N13.HOG0010602	Any process that activates or increases the frequency, rate or extent of BMP signaling pathway activity.
final_direct_conserved_plus_Dmel_experimental	300	weight01	fisher	20	none	Stage_pos	BP	GO:0007417	central nervous system development	375	58	25.17	2.3043305522447355	0.00204	weight01	58	N13.HOG0002101;N13.HOG0002513;N13.HOG0002533;N13.HOG0002535;N13.HOG0002643;N13.HOG0002644;N13.HOG0002731;N13.HOG0003121;N13.HOG0003201;N13.HOG0003867;N13.HOG0003884;N13.HOG0004082;N13.HOG0004256;N13.HOG0004652;N13.HOG0004716;N13.HOG0004933;N13.HOG0005050;N13.HOG0005125;N13.HOG0005134;N13.HOG0005196;N13.HOG0005432;N13.HOG0005457;N13.HOG0005597;N13.HOG0005655;N13.HOG0005711;N13.HOG0005722;N13.HOG0005796;N13.HOG0005823;N13.HOG0005941;N13.HOG0006141;N13.HOG0006201;N13.HOG0006216;N13.HOG0006304;N13.HOG0006522;N13.HOG0006603;N13.HOG0006635;N13.HOG0006689;N13.HOG0006803;N13.HOG0006948;N13.HOG0007104;N13.HOG0007176;N13.HOG0007309;N13.HOG0007355;N13.HOG0007368;N13.HOG0007405;N13.HOG0007616;N13.HOG0007863;N13.HOG0008096;N13.HOG0008418;N13.HOG0008557;N13.HOG0008565;N13.HOG0008589;N13.HOG0008749;N13.HOG0008919;N13.HOG0009138;N13.HOG0009524;N13.HOG0010567;N13.HOG0010602	The process whose specific outcome is the progression of the central nervous system over time, from its formation to the mature structure. The central nervous system is the core nervous system that serves an integrating and coordinating function. In vertebrates it consists of the brain and spinal cord. In those invertebrates with a central nervous system it typically consists of a brain, cerebral ganglia and a nerve cord.
final_direct_conserved_plus_Dmel_experimental	300	weight01	fisher	20	none	Stage_pos	BP	GO:0007043	cell-cell junction assembly	54	11	3.62	3.0386740331491713	0.00213	weight01	11	N13.HOG0002643;N13.HOG0002644;N13.HOG0003398;N13.HOG0004256;N13.HOG0005196;N13.HOG0005256;N13.HOG0005711;N13.HOG0006304;N13.HOG0007368;N13.HOG0008311;N13.HOG0009996	The aggregation, arrangement and bonding together of a set of components to form a junction between cells.
final_direct_conserved_plus_Dmel_experimental	300	weight01	fisher	20	none	Stage_pos	BP	GO:0032456	endocytic recycling	36	8	2.42	3.3057851239669422	0.00215	weight01	8	N13.HOG0005611;N13.HOG0006237;N13.HOG0006426;N13.HOG0007050;N13.HOG0007385;N13.HOG0008795;N13.HOG0008910;N13.HOG0009470	The directed movement of membrane-bounded vesicles from endosomes back to the plasma membrane, a trafficking pathway that promotes the recycling of internalized transmembrane proteins.
final_direct_conserved_plus_Dmel_experimental	300	weight01	fisher	20	none	Stage_pos	BP	GO:0050806	positive regulation of synaptic transmission	53	10	3.56	2.8089887640449436	0.00232	weight01	10	N13.HOG0002374;N13.HOG0002713;N13.HOG0004652;N13.HOG0006141;N13.HOG0006522;N13.HOG0006635;N13.HOG0007204;N13.HOG0007368;N13.HOG0008418;N13.HOG0009450	Any process that activates or increases the frequency, rate or extent of synaptic transmission, the process of communication from a neuron to a target (neuron, muscle, or secretory cell) across a synapse.
final_direct_conserved_plus_Dmel_experimental	300	weight01	fisher	20	none	Stage_pos	BP	GO:0030036	actin cytoskeleton organization	217	47	14.56	3.228021978021978	0.00233	weight01	47	N13.HOG0000931;N13.HOG0002643;N13.HOG0002644;N13.HOG0002713;N13.HOG0003908;N13.HOG0004009;N13.HOG0004022;N13.HOG0004062;N13.HOG0004118;N13.HOG0004256;N13.HOG0004432;N13.HOG0004580;N13.HOG0004613;N13.HOG0005038;N13.HOG0005052;N13.HOG0005196;N13.HOG0005256;N13.HOG0005377;N13.HOG0005432;N13.HOG0005457;N13.HOG0005569;N13.HOG0005581;N13.HOG0005711;N13.HOG0005741;N13.HOG0005848;N13.HOG0006141;N13.HOG0006237;N13.HOG0006304;N13.HOG0006383;N13.HOG0006426;N13.HOG0006522;N13.HOG0006585;N13.HOG0006635;N13.HOG0006667;N13.HOG0007176;N13.HOG0007355;N13.HOG0007368;N13.HOG0008388;N13.HOG0008418;N13.HOG0008557;N13.HOG0008565;N13.HOG0008757;N13.HOG0009354;N13.HOG0009450;N13.HOG0009996;N13.HOG0010427;N13.HOG0010752	A process that is carried out at the cellular level which results in the assembly, arrangement of constituent parts, or disassembly of cytoskeletal structures comprising actin filaments and their associated proteins.
final_direct_conserved_plus_Dmel_experimental	300	weight01	fisher	20	none	Stage_pos	BP	GO:0008361	regulation of cell size	96	16	6.44	2.484472049689441	0.00233	weight01	16	N13.HOG0002513;N13.HOG0002533;N13.HOG0004432;N13.HOG0005004;N13.HOG0005252;N13.HOG0005569;N13.HOG0005713;N13.HOG0006141;N13.HOG0007176;N13.HOG0007679;N13.HOG0007863;N13.HOG0008096;N13.HOG0008565;N13.HOG0009354;N13.HOG0009996;N13.HOG0010506	Any process that modulates the size of a cell.
final_direct_conserved_plus_Dmel_experimental	300	weight01	fisher	20	none	Stage_pos	BP	GO:1903076	regulation of protein localization to plasma membrane	29	7	1.95	3.58974358974359	0.00246	weight01	7	N13.HOG0002643;N13.HOG0002644;N13.HOG0004432;N13.HOG0005611;N13.HOG0006522;N13.HOG0008308;N13.HOG0008418	Any process that modulates the frequency, rate or extent of protein localization to plasma membrane.
final_direct_conserved_plus_Dmel_experimental	300	weight01	fisher	20	none	Stage_pos	BP	GO:0010004	gastrulation involving germ band extension	29	7	1.95	3.58974358974359	0.00246	weight01	7	N13.HOG0002644;N13.HOG0005196;N13.HOG0005732;N13.HOG0006141;N13.HOG0006426;N13.HOG0006672;N13.HOG0010602	A complex and coordinated series of cellular movements, including germ band extension, that occurs at the end of cleavage during embryonic development. An example of this process is found in Drosophila melanogaster.
final_direct_conserved_plus_Dmel_experimental	300	weight01	fisher	20	none	Stage_pos	BP	GO:2000026	regulation of multicellular organismal development	611	94	41.01	2.2921238722262864	0.00251	weight01	94	N13.HOG0000655;N13.HOG0000931;N13.HOG0001764;N13.HOG0001944;N13.HOG0002051;N13.HOG0002101;N13.HOG0002158;N13.HOG0002374;N13.HOG0002492;N13.HOG0002513;N13.HOG0002533;N13.HOG0002535;N13.HOG0002643;N13.HOG0002644;N13.HOG0002713;N13.HOG0002731;N13.HOG0002789;N13.HOG0003201;N13.HOG0004256;N13.HOG0004432;N13.HOG0004580;N13.HOG0004613;N13.HOG0004652;N13.HOG0004716;N13.HOG0004791;N13.HOG0004933;N13.HOG0004978;N13.HOG0005004;N13.HOG0005125;N13.HOG0005134;N13.HOG0005196;N13.HOG0005256;N13.HOG0005427;N13.HOG0005432;N13.HOG0005480;N13.HOG0005551;N13.HOG0005569;N13.HOG0005581;N13.HOG0005597;N13.HOG0005611;N13.HOG0005711;N13.HOG0005722;N13.HOG0005723;N13.HOG0005732;N13.HOG0006018;N13.HOG0006055;N13.HOG0006141;N13.HOG0006200;N13.HOG0006201;N13.HOG0006237;N13.HOG0006304;N13.HOG0006426;N13.HOG0006456;N13.HOG0006522;N13.HOG0006585;N13.HOG0006635;N13.HOG0006670;N13.HOG0006689;N13.HOG0006776;N13.HOG0006803;N13.HOG0006830;N13.HOG0006948;N13.HOG0007050;N13.HOG0007090;N13.HOG0007104;N13.HOG0007176;N13.HOG0007178;N13.HOG0007204;N13.HOG0007309;N13.HOG0007355;N13.HOG0007368;N13.HOG0007616;N13.HOG0007679;N13.HOG0007699;N13.HOG0007863;N13.HOG0008096;N13.HOG0008125;N13.HOG0008258;N13.HOG0008388;N13.HOG0008418;N13.HOG0008458;N13.HOG0008557;N13.HOG0008565;N13.HOG0009138;N13.HOG0009524;N13.HOG0009575;N13.HOG0009802;N13.HOG0009960;N13.HOG0009996;N13.HOG0010427;N13.HOG0010506;N13.HOG0010602;N13.HOG0010713;N13.HOG0010752	Any process that modulates the frequency, rate or extent of multicellular organismal development.
final_direct_conserved_plus_Dmel_experimental	300	weight01	fisher	20	none	Stage_pos	BP	GO:0042051	compound eye photoreceptor development	59	10	3.96	2.525252525252525	0.00255	weight01	10	N13.HOG0002158;N13.HOG0003867;N13.HOG0004252;N13.HOG0004978;N13.HOG0005723;N13.HOG0006948;N13.HOG0007309;N13.HOG0008308;N13.HOG0008565;N13.HOG0009185	The process whose specific outcome is the progression of a light-responsive receptor in the compound eye over time, from its formation to the mature structure.
final_direct_conserved_plus_Dmel_experimental	300	weight01	fisher	20	none	Stage_pos	BP	GO:0032835	glomerulus development	22	6	1.48	4.054054054054054	0.00258	weight01	6	N13.HOG0002643;N13.HOG0002644;N13.HOG0005004;N13.HOG0005711;N13.HOG0006200;N13.HOG0008311	The progression of the glomerulus over time from its initial formation until its mature state. The glomerulus is a capillary tuft which forms a close network with the visceral epithelium (podocytes) and the mesangium to form the filtration barrier and is surrounded by Bowman's capsule in nephrons of the vertebrate kidney. The glomerulus is part of the nephron and is restricted to one body segment.
final_direct_conserved_plus_Dmel_experimental	300	weight01	fisher	20	none	Stage_pos	BP	GO:0097529	myeloid leukocyte migration	22	6	1.48	4.054054054054054	0.00258	weight01	6	N13.HOG0002643;N13.HOG0002644;N13.HOG0004652;N13.HOG0005256;N13.HOG0007368;N13.HOG0007679	NA
final_direct_conserved_plus_Dmel_experimental	300	weight01	fisher	20	none	Stage_pos	BP	GO:0046834	lipid phosphorylation	22	6	1.48	4.054054054054054	0.00258	weight01	6	N13.HOG0001430;N13.HOG0004432;N13.HOG0005256;N13.HOG0007309;N13.HOG0007679;N13.HOG0008074	The process of introducing one or more phosphate groups into a lipid, any member of a group of substances soluble in lipid solvents but only sparingly soluble in aqueous solvents.
final_direct_conserved_plus_Dmel_experimental	300	weight01	fisher	20	none	Stage_pos	BP	GO:0007156	homophilic cell adhesion via plasma membrane adhesion molecules	22	6	1.48	4.054054054054054	0.00258	weight01	6	N13.HOG0002643;N13.HOG0002644;N13.HOG0004613;N13.HOG0005711;N13.HOG0006776;N13.HOG0007679	The attachment of a plasma membrane adhesion molecule in one cell to an identical molecule in an adjacent cell.
final_direct_conserved_plus_Dmel_experimental	300	weight01	fisher	20	none	Stage_pos	BP	GO:0035108	limb morphogenesis	36	8	2.42	3.3057851239669422	0.00262	weight01	8	N13.HOG0004652;N13.HOG0004716;N13.HOG0005196;N13.HOG0005597;N13.HOG0006200;N13.HOG0006803;N13.HOG0007572;N13.HOG0010567	The process in which the anatomical structures of a limb are generated and organized. A limb is a paired appendage of a tetrapod used for locomotion or grasping.
final_direct_conserved_plus_Dmel_experimental	300	weight01	fisher	20	none	Stage_pos	BP	GO:0002164	larval development	213	30	14.3	2.097902097902098	0.00262	weight01	30	N13.HOG0002158;N13.HOG0002513;N13.HOG0002533;N13.HOG0002535;N13.HOG0002644;N13.HOG0002713;N13.HOG0002731;N13.HOG0003025;N13.HOG0004256;N13.HOG0004432;N13.HOG0004580;N13.HOG0005134;N13.HOG0005196;N13.HOG0005655;N13.HOG0005711;N13.HOG0006055;N13.HOG0006522;N13.HOG0006689;N13.HOG0006803;N13.HOG0006822;N13.HOG0006857;N13.HOG0006939;N13.HOG0007446;N13.HOG0007679;N13.HOG0007863;N13.HOG0008125;N13.HOG0008589;N13.HOG0009354;N13.HOG0009831;N13.HOG0010427	The process whose specific outcome is the progression of the larva over time, from its formation to the mature structure. The larva is the early, immature form of an that at birth or hatching is fundamentally unlike its parent and must metamorphose before assuming the adult characters.
final_direct_conserved_plus_Dmel_experimental	300	weight01	fisher	20	none	Stage_pos	BP	GO:0001709	cell fate determination	91	14	6.11	2.2913256955810146	0.00263	weight01	14	N13.HOG0001944;N13.HOG0002533;N13.HOG0004009;N13.HOG0004716;N13.HOG0005196;N13.HOG0005432;N13.HOG0005452;N13.HOG0006018;N13.HOG0006670;N13.HOG0006672;N13.HOG0006689;N13.HOG0006939;N13.HOG0007863;N13.HOG0010427	The cellular developmental process involved in cell fate commitment that occurs after cell fate specification, in which a cell is irreversibly committed to a cellular developmental fate which is heritable on cell division.
final_direct_conserved_plus_Dmel_experimental	300	weight01	fisher	20	none	Stage_pos	BP	GO:0002920	regulation of humoral immune response	49	6	3.29	1.8237082066869301	0.0027	weight01	6	N13.HOG0001944;N13.HOG0005713;N13.HOG0006894;N13.HOG0006939;N13.HOG0007104;N13.HOG0011688	Any process that modulates the frequency, rate, or extent of a humoral immune response.
final_direct_conserved_plus_Dmel_experimental	300	weight01	fisher	20	none	Stage_pos	BP	GO:0048534	hematopoietic or lymphoid organ development	216	28	14.5	1.9310344827586208	0.00273	weight01	28	N13.HOG0001944;N13.HOG0002101;N13.HOG0002535;N13.HOG0002643;N13.HOG0002644;N13.HOG0003201;N13.HOG0004256;N13.HOG0004432;N13.HOG0005004;N13.HOG0005196;N13.HOG0005711;N13.HOG0005713;N13.HOG0005732;N13.HOG0006141;N13.HOG0006458;N13.HOG0006939;N13.HOG0007176;N13.HOG0007309;N13.HOG0007368;N13.HOG0007679;N13.HOG0007863;N13.HOG0008253;N13.HOG0009138;N13.HOG0009831;N13.HOG0009851;N13.HOG0010427;N13.HOG0010567;N13.HOG0010602	The process whose specific outcome is the progression of any organ involved in hematopoiesis (also known as hemopoiesis) or lymphoid cell activation over time, from its formation to the mature structure. Such development includes differentiation of resident cell types (stromal cells) and of migratory cell types dependent on the unique microenvironment afforded by the organ for their proper differentiation.
final_direct_conserved_plus_Dmel_experimental	300	weight01	fisher	20	none	Stage_pos	BP	GO:0009855	determination of bilateral symmetry	77	14	5.17	2.7079303675048356	0.00279	weight01	14	N13.HOG0001944;N13.HOG0002101;N13.HOG0003201;N13.HOG0004933;N13.HOG0005196;N13.HOG0005480;N13.HOG0005732;N13.HOG0005941;N13.HOG0006201;N13.HOG0006603;N13.HOG0007090;N13.HOG0008096;N13.HOG0009802;N13.HOG0010602	NA
final_direct_conserved_plus_Dmel_experimental	300	weight01	fisher	20	none	Stage_pos	BP	GO:0050731	positive regulation of peptidyl-tyrosine phosphorylation	30	7	2.01	3.4825870646766175	0.00302	weight01	7	N13.HOG0002643;N13.HOG0002644;N13.HOG0006141;N13.HOG0006667;N13.HOG0007368;N13.HOG0008074;N13.HOG0010427	Any process that activates or increases the frequency, rate or extent of the phosphorylation of peptidyl-tyrosine.
final_direct_conserved_plus_Dmel_experimental	300	weight01	fisher	20	none	Stage_pos	BP	GO:0007097	nuclear migration	30	7	2.01	3.4825870646766175	0.00302	weight01	7	N13.HOG0002158;N13.HOG0002713;N13.HOG0004256;N13.HOG0006522;N13.HOG0006635;N13.HOG0007176;N13.HOG0007368	The directed movement of the nucleus to a specific location within a cell.
final_direct_conserved_plus_Dmel_experimental	300	weight01	fisher	20	none	Stage_pos	BP	GO:0003300	cardiac muscle hypertrophy	23	6	1.54	3.896103896103896	0.0033	weight01	6	N13.HOG0001944;N13.HOG0007050;N13.HOG0007194;N13.HOG0007368;N13.HOG0008311;N13.HOG0009138	The enlargement or overgrowth of all or part of the heart muscle due to an increase in size of cardiac muscle cells without cell division.
final_direct_conserved_plus_Dmel_experimental	300	weight01	fisher	20	none	Stage_pos	BP	GO:0042098	T cell proliferation	23	6	1.54	3.896103896103896	0.0033	weight01	6	N13.HOG0002643;N13.HOG0002644;N13.HOG0002789;N13.HOG0005196;N13.HOG0006141;N13.HOG0009195	The expansion of a T cell population by cell division. Follows T cell activation.
final_direct_conserved_plus_Dmel_experimental	300	weight01	fisher	20	none	Stage_pos	BP	GO:0048704	embryonic skeletal system morphogenesis	23	6	1.54	3.896103896103896	0.0033	weight01	6	N13.HOG0002731;N13.HOG0003201;N13.HOG0004933;N13.HOG0005196;N13.HOG0006603;N13.HOG0006670	The process in which the anatomical structures of the skeleton are generated and organized during the embryonic phase.
final_direct_conserved_plus_Dmel_experimental	300	weight01	fisher	20	none	Stage_pos	BP	GO:0048644	muscle organ morphogenesis	23	6	1.54	3.896103896103896	0.0033	weight01	6	N13.HOG0001944;N13.HOG0004613;N13.HOG0004716;N13.HOG0005134;N13.HOG0005196;N13.HOG0005432	The process in which the anatomical structures of muscle are generated and organized.
final_direct_conserved_plus_Dmel_experimental	300	weight01	fisher	20	none	Stage_pos	BP	GO:0006911	phagocytosis, engulfment	23	6	1.54	3.896103896103896	0.0033	weight01	6	N13.HOG0002643;N13.HOG0002644;N13.HOG0004256;N13.HOG0006141;N13.HOG0007309;N13.HOG0008919	The internalization of bacteria, immune complexes and other particulate matter or of an apoptotic cell by phagocytosis, including the membrane and cytoskeletal processes required, which involves one of three mechanisms: zippering of pseudopods around a target via repeated receptor-ligand interactions, sinking of the target directly into plasma membrane of the phagocytosing cell, or induced uptake via an enhanced membrane ruffling of the phagocytosing cell similar to macropinocytosis.
final_direct_conserved_plus_Dmel_experimental	300	weight01	fisher	20	none	Stage_pos	BP	GO:0048333	mesodermal cell differentiation	23	6	1.54	3.896103896103896	0.0033	weight01	6	N13.HOG0002643;N13.HOG0002644;N13.HOG0002731;N13.HOG0004716;N13.HOG0007863;N13.HOG0008096	The process in which a relatively unspecialized cell acquires the specialized features of a mesoderm cell.
final_direct_conserved_plus_Dmel_experimental	300	weight01	fisher	20	none	Stage_pos	BP	GO:0043113	receptor clustering	23	6	1.54	3.896103896103896	0.0033	weight01	6	N13.HOG0002643;N13.HOG0002644;N13.HOG0005678;N13.HOG0005741;N13.HOG0006635;N13.HOG0006803	The receptor metabolic process that results in grouping of a set of receptors at a cellular location, often to amplify the sensitivity of a signaling response.
final_direct_conserved_plus_Dmel_experimental	300	weight01	fisher	20	none	Stage_pos	BP	GO:0060419	heart growth	23	6	1.54	3.896103896103896	0.0033	weight01	6	N13.HOG0001944;N13.HOG0004256;N13.HOG0005004;N13.HOG0005196;N13.HOG0005432;N13.HOG0009138	The increase in size or mass of the heart.
final_direct_conserved_plus_Dmel_experimental	300	weight01	fisher	20	none	Stage_pos	BP	GO:0060402	calcium ion transport into cytosol	23	6	1.54	3.896103896103896	0.0033	weight01	6	N13.HOG0002643;N13.HOG0002644;N13.HOG0004668;N13.HOG0006141;N13.HOG0007368;N13.HOG0010506	The directed movement of calcium ions (Ca2+) into the cytosol.
final_direct_conserved_plus_Dmel_experimental	300	weight01	fisher	20	none	Stage_pos	BP	GO:0090175	regulation of establishment of planar polarity	31	7	2.08	3.3653846153846154	0.00369	weight01	7	N13.HOG0002533;N13.HOG0004613;N13.HOG0004652;N13.HOG0006055;N13.HOG0006141;N13.HOG0008458;N13.HOG0009575	Any process that modulates the rate, frequency or extent of the establishment of planar polarity, the coordinated organization of groups of cells in a tissue, such that they all orient to similar coordinates.
final_direct_conserved_plus_Dmel_experimental	300	weight01	fisher	20	none	Stage_pos	BP	GO:0035162	embryonic hemopoiesis	31	7	2.08	3.3653846153846154	0.00369	weight01	7	N13.HOG0002535;N13.HOG0002644;N13.HOG0005004;N13.HOG0005713;N13.HOG0005732;N13.HOG0007679;N13.HOG0010602	The stages of blood cell formation that take place within the embryo.
final_direct_conserved_plus_Dmel_experimental	300	weight01	fisher	20	none	Stage_pos	BP	GO:1901653	cellular response to peptide	105	15	7.05	2.127659574468085	0.00391	weight01	15	N13.HOG0002643;N13.HOG0002644;N13.HOG0004256;N13.HOG0004432;N13.HOG0005196;N13.HOG0005941;N13.HOG0006201;N13.HOG0007368;N13.HOG0007572;N13.HOG0007679;N13.HOG0008311;N13.HOG0008418;N13.HOG0008749;N13.HOG0009195;N13.HOG0009888	Any process that results in a change in state or activity of a cell (in terms of movement, secretion, enzyme production, gene expression, etc.) as a result of a peptide stimulus.
final_direct_conserved_plus_Dmel_experimental	300	weight01	fisher	20	none	Stage_pos	BP	GO:0010976	positive regulation of neuron projection development	105	16	7.05	2.269503546099291	0.00394	weight01	16	N13.HOG0000931;N13.HOG0002374;N13.HOG0002533;N13.HOG0002643;N13.HOG0002644;N13.HOG0005569;N13.HOG0006141;N13.HOG0007204;N13.HOG0007368;N13.HOG0007699;N13.HOG0008096;N13.HOG0008418;N13.HOG0008458;N13.HOG0009575;N13.HOG0009802;N13.HOG0010427	Any process that increases the rate, frequency or extent of neuron projection development. Neuron projection development is the process whose specific outcome is the progression of a neuron projection over time, from its formation to the mature structure. A neuron projection is any process extending from a neural cell, such as axons or dendrites (collectively called neurites).
final_direct_conserved_plus_Dmel_experimental	300	weight01	fisher	20	none	Stage_pos	BP	GO:0043547	positive regulation of GTPase activity	102	19	6.85	2.7737226277372264	0.00398	weight01	19	N13.HOG0002643;N13.HOG0002644;N13.HOG0004256;N13.HOG0004432;N13.HOG0004920;N13.HOG0005256;N13.HOG0005611;N13.HOG0006237;N13.HOG0006383;N13.HOG0006426;N13.HOG0006894;N13.HOG0007178;N13.HOG0007204;N13.HOG0007368;N13.HOG0008253;N13.HOG0008728;N13.HOG0008757;N13.HOG0009888;N13.HOG0010506	Any process that activates or increases the activity of a GTPase.
final_direct_conserved_plus_Dmel_experimental	300	weight01	fisher	20	none	Stage_pos	BP	GO:0051495	positive regulation of cytoskeleton organization	60	12	4.03	2.9776674937965257	0.00407	weight01	12	N13.HOG0004256;N13.HOG0005038;N13.HOG0005125;N13.HOG0005432;N13.HOG0005711;N13.HOG0005848;N13.HOG0006141;N13.HOG0006383;N13.HOG0007176;N13.HOG0007368;N13.HOG0008499;N13.HOG0009996	Any process that activates or increases the frequency, rate or extent of the formation, arrangement of constituent parts, or disassembly of cytoskeletal structures.
final_direct_conserved_plus_Dmel_experimental	300	weight01	fisher	20	none	Stage_pos	BP	GO:0043535	regulation of blood vessel endothelial cell migration	24	6	1.61	3.7267080745341614	0.00415	weight01	6	N13.HOG0000931;N13.HOG0002713;N13.HOG0004432;N13.HOG0006141;N13.HOG0009321;N13.HOG0009996	Any process that modulates the frequency, rate or extent of the migration of the endothelial cells of blood vessels.
final_direct_conserved_plus_Dmel_experimental	300	weight01	fisher	20	none	Stage_pos	BP	GO:0003407	neural retina development	24	6	1.61	3.7267080745341614	0.00415	weight01	6	N13.HOG0002101;N13.HOG0003201;N13.HOG0004009;N13.HOG0004933;N13.HOG0005432;N13.HOG0006776	The progression of the neural retina over time from its initial formation to the mature structure. The neural retina is the part of the retina that contains neurons and photoreceptor cells.
final_direct_conserved_plus_Dmel_experimental	300	weight01	fisher	20	none	Stage_pos	BP	GO:1902905	positive regulation of supramolecular fiber organization	52	11	3.49	3.151862464183381	0.00421	weight01	11	N13.HOG0004256;N13.HOG0005038;N13.HOG0005125;N13.HOG0005432;N13.HOG0005711;N13.HOG0005848;N13.HOG0006141;N13.HOG0007176;N13.HOG0007368;N13.HOG0008499;N13.HOG0009996	Any process that activates or increases the frequency, rate or extent of supramolecular fiber organization.
final_direct_conserved_plus_Dmel_experimental	300	weight01	fisher	20	none	Stage_pos	BP	GO:0001667	ameboidal-type cell migration	186	37	12.48	2.9647435897435894	0.00426	weight01	37	N13.HOG0000931;N13.HOG0002643;N13.HOG0002644;N13.HOG0002713;N13.HOG0003121;N13.HOG0003908;N13.HOG0004062;N13.HOG0004082;N13.HOG0004432;N13.HOG0004716;N13.HOG0004920;N13.HOG0004926;N13.HOG0004978;N13.HOG0005196;N13.HOG0005256;N13.HOG0005427;N13.HOG0005432;N13.HOG0005722;N13.HOG0006006;N13.HOG0006055;N13.HOG0006141;N13.HOG0006304;N13.HOG0006383;N13.HOG0006585;N13.HOG0007176;N13.HOG0007309;N13.HOG0007368;N13.HOG0007679;N13.HOG0007863;N13.HOG0008388;N13.HOG0008518;N13.HOG0008728;N13.HOG0009321;N13.HOG0009354;N13.HOG0009575;N13.HOG0009996;N13.HOG0010602	Cell migration that is accomplished by extension and retraction of a pseudopodium.
final_direct_conserved_plus_Dmel_experimental	300	weight01	fisher	20	none	Stage_pos	BP	GO:0045597	positive regulation of cell differentiation	279	42	18.73	2.2423918846769886	0.00434	weight01	42	N13.HOG0000931;N13.HOG0001944;N13.HOG0002374;N13.HOG0002533;N13.HOG0002643;N13.HOG0002644;N13.HOG0002731;N13.HOG0003201;N13.HOG0004256;N13.HOG0004432;N13.HOG0004652;N13.HOG0004716;N13.HOG0004791;N13.HOG0004933;N13.HOG0005196;N13.HOG0005432;N13.HOG0005569;N13.HOG0005597;N13.HOG0005722;N13.HOG0006141;N13.HOG0006201;N13.HOG0006304;N13.HOG0006670;N13.HOG0006857;N13.HOG0006993;N13.HOG0007090;N13.HOG0007104;N13.HOG0007204;N13.HOG0007368;N13.HOG0007616;N13.HOG0007679;N13.HOG0007699;N13.HOG0008096;N13.HOG0008388;N13.HOG0008418;N13.HOG0008458;N13.HOG0008565;N13.HOG0009575;N13.HOG0009802;N13.HOG0010427;N13.HOG0010506;N13.HOG0010567	Any process that activates or increases the frequency, rate or extent of cell differentiation.
final_direct_conserved_plus_Dmel_experimental	300	weight01	fisher	20	none	Stage_pos	BP	GO:0051046	regulation of secretion	181	27	12.15	2.2222222222222223	0.00446	weight01	27	N13.HOG0002374;N13.HOG0002643;N13.HOG0002644;N13.HOG0003201;N13.HOG0003908;N13.HOG0004118;N13.HOG0004668;N13.HOG0005678;N13.HOG0005941;N13.HOG0006141;N13.HOG0006201;N13.HOG0006237;N13.HOG0006522;N13.HOG0006603;N13.HOG0007090;N13.HOG0007093;N13.HOG0007204;N13.HOG0007309;N13.HOG0008074;N13.HOG0008096;N13.HOG0008418;N13.HOG0009195;N13.HOG0009450;N13.HOG0009524;N13.HOG0009666;N13.HOG0010228;N13.HOG0010567	Any process that modulates the frequency, rate or extent of the controlled release of a substance from a cell or a tissue.
final_direct_conserved_plus_Dmel_experimental	300	weight01	fisher	20	none	Stage_pos	BP	GO:0048646	anatomical structure formation involved in morphogenesis	482	72	32.35	2.2256568778979906	0.00459	weight01	72	N13.HOG0000931;N13.HOG0001944;N13.HOG0002101;N13.HOG0002158;N13.HOG0002492;N13.HOG0002513;N13.HOG0002535;N13.HOG0002643;N13.HOG0002644;N13.HOG0002713;N13.HOG0002731;N13.HOG0003201;N13.HOG0003908;N13.HOG0004009;N13.HOG0004062;N13.HOG0004256;N13.HOG0004432;N13.HOG0004613;N13.HOG0004652;N13.HOG0004668;N13.HOG0004716;N13.HOG0004933;N13.HOG0005004;N13.HOG0005038;N13.HOG0005052;N13.HOG0005125;N13.HOG0005196;N13.HOG0005256;N13.HOG0005432;N13.HOG0005452;N13.HOG0005457;N13.HOG0005655;N13.HOG0005711;N13.HOG0005722;N13.HOG0005732;N13.HOG0005968;N13.HOG0006141;N13.HOG0006200;N13.HOG0006254;N13.HOG0006304;N13.HOG0006383;N13.HOG0006426;N13.HOG0006522;N13.HOG0006585;N13.HOG0006667;N13.HOG0006672;N13.HOG0006776;N13.HOG0006803;N13.HOG0006816;N13.HOG0007090;N13.HOG0007104;N13.HOG0007176;N13.HOG0007309;N13.HOG0007355;N13.HOG0007368;N13.HOG0007679;N13.HOG0007863;N13.HOG0008028;N13.HOG0008096;N13.HOG0008258;N13.HOG0008388;N13.HOG0008565;N13.HOG0008749;N13.HOG0009185;N13.HOG0009321;N13.HOG0009450;N13.HOG0009575;N13.HOG0009996;N13.HOG0010427;N13.HOG0010567;N13.HOG0010602;N13.HOG0010737	The developmental process pertaining to the initial formation of an anatomical structure from unspecified parts. This process begins with the specific processes that contribute to the appearance of the discrete structure and ends when the structural rudiment is recognizable. An anatomical structure is any biological entity that occupies space and is distinguished from its surroundings. Anatomical structures can be macroscopic such as a carpel, or microscopic such as an acrosome.
final_direct_conserved_plus_Dmel_experimental	300	weight01	fisher	20	none	Stage_pos	BP	GO:0007444	imaginal disc development	284	54	19.06	2.833158447009444	0.00499	weight01	54	N13.HOG0000655;N13.HOG0001944;N13.HOG0002051;N13.HOG0002513;N13.HOG0002533;N13.HOG0002535;N13.HOG0002644;N13.HOG0002732;N13.HOG0002789;N13.HOG0002799;N13.HOG0003121;N13.HOG0003867;N13.HOG0003884;N13.HOG0003908;N13.HOG0004009;N13.HOG0004082;N13.HOG0004256;N13.HOG0004613;N13.HOG0004716;N13.HOG0004883;N13.HOG0004933;N13.HOG0004947;N13.HOG0005004;N13.HOG0005180;N13.HOG0005196;N13.HOG0005256;N13.HOG0005452;N13.HOG0005480;N13.HOG0005723;N13.HOG0005732;N13.HOG0005941;N13.HOG0005968;N13.HOG0006055;N13.HOG0006200;N13.HOG0006201;N13.HOG0006237;N13.HOG0006426;N13.HOG0006603;N13.HOG0006670;N13.HOG0006672;N13.HOG0006816;N13.HOG0006857;N13.HOG0007309;N13.HOG0007446;N13.HOG0007679;N13.HOG0008258;N13.HOG0008518;N13.HOG0008757;N13.HOG0009354;N13.HOG0009960;N13.HOG0010506;N13.HOG0010547;N13.HOG0010602;N13.HOG0010737	The process whose specific outcome is the progression of the imaginal disc over time, from its formation to the metamorphosis to form adult structures. Imaginal discs are epithelial infoldings in the larvae of holometabolous insects that develop into adult structures (legs, antennae, wings, etc.).
final_direct_conserved_plus_Dmel_experimental	300	weight01	fisher	20	none	Stage_pos	BP	GO:0071396	cellular response to lipid	137	15	9.2	1.6304347826086958	0.005	weight01	15	N13.HOG0000931;N13.HOG0002643;N13.HOG0002644;N13.HOG0003121;N13.HOG0004432;N13.HOG0004668;N13.HOG0005004;N13.HOG0005196;N13.HOG0005941;N13.HOG0006141;N13.HOG0006201;N13.HOG0007368;N13.HOG0008418;N13.HOG0009195;N13.HOG0009524	Any process that results in a change in state or activity of a cell (in terms of movement, secretion, enzyme production, gene expression, etc.) as a result of a lipid stimulus.
final_direct_conserved_plus_Dmel_experimental	300	weight01	fisher	20	none	Stage_pos	BP	GO:0007304	chorion-containing eggshell formation	41	8	2.75	2.909090909090909	0.00507	weight01	8	N13.HOG0002492;N13.HOG0004613;N13.HOG0005038;N13.HOG0005968;N13.HOG0006254;N13.HOG0006522;N13.HOG0006816;N13.HOG0008028	The construction of a chorion-containing eggshell. An example of this is found in Drosophila melanogaster.
final_direct_conserved_plus_Dmel_experimental	300	weight01	fisher	20	none	Stage_pos	BP	GO:0045814	negative regulation of gene expression, epigenetic	86	9	5.77	1.5597920277296362	0.0051	weight01	9	N13.HOG0002513;N13.HOG0004082;N13.HOG0004883;N13.HOG0004910;N13.HOG0005452;N13.HOG0006522;N13.HOG0006689;N13.HOG0006993;N13.HOG0009138	An epigenetic process that silences gene expression at specific genomic regions through chromatin remodeling either by modifying higher order chromatin fiber structure, nucleosomal histones, or the cytosine DNA methylation.
final_direct_conserved_plus_Dmel_experimental	300	weight01	fisher	20	none	Stage_pos	BP	GO:0001756	somitogenesis	25	6	1.68	3.5714285714285716	0.00516	weight01	6	N13.HOG0002101;N13.HOG0004652;N13.HOG0005655;N13.HOG0005722;N13.HOG0008388;N13.HOG0010602	The formation of mesodermal clusters that are arranged segmentally along the anterior posterior axis of an embryo.
final_direct_conserved_plus_Dmel_experimental	300	weight01	fisher	20	none	Stage_pos	BP	GO:0007588	excretion	25	6	1.68	3.5714285714285716	0.00516	weight01	6	N13.HOG0005711;N13.HOG0006301;N13.HOG0006822;N13.HOG0007093;N13.HOG0008074;N13.HOG0009666	The elimination by an organism of the waste products that arise as a result of metabolic activity. These products include water, carbon dioxide (CO2), and nitrogenous compounds.
final_direct_conserved_plus_Dmel_experimental	300	weight01	fisher	20	none	Stage_pos	BP	GO:0008585	female gonad development	38	9	2.55	3.5294117647058827	0.00521	weight01	9	N13.HOG0000655;N13.HOG0002513;N13.HOG0003201;N13.HOG0004926;N13.HOG0005004;N13.HOG0005941;N13.HOG0006201;N13.HOG0006304;N13.HOG0006894	The process whose specific outcome is the progression of the female gonad over time, from its formation to the mature structure.
final_direct_conserved_plus_Dmel_experimental	300	weight01	fisher	20	none	Stage_pos	BP	GO:0008038	neuron recognition	59	15	3.96	3.787878787878788	0.00556	weight01	15	N13.HOG0001973;N13.HOG0001974;N13.HOG0002533;N13.HOG0002732;N13.HOG0005711;N13.HOG0005713;N13.HOG0005722;N13.HOG0005732;N13.HOG0005796;N13.HOG0006032;N13.HOG0006141;N13.HOG0006200;N13.HOG0006216;N13.HOG0007176;N13.HOG0008096	The process in which a neuronal cell in a multicellular organism interprets its surroundings.
final_direct_conserved_plus_Dmel_experimental	300	weight01	fisher	20	none	Stage_pos	BP	GO:0001745	compound eye morphogenesis	173	30	11.61	2.5839793281653747	0.00575	weight01	30	N13.HOG0002158;N13.HOG0003867;N13.HOG0004252;N13.HOG0004256;N13.HOG0004613;N13.HOG0004716;N13.HOG0004947;N13.HOG0004978;N13.HOG0005004;N13.HOG0005196;N13.HOG0005432;N13.HOG0005457;N13.HOG0005711;N13.HOG0005723;N13.HOG0005732;N13.HOG0005941;N13.HOG0006141;N13.HOG0006201;N13.HOG0006776;N13.HOG0006948;N13.HOG0007104;N13.HOG0007176;N13.HOG0007178;N13.HOG0007309;N13.HOG0008308;N13.HOG0008518;N13.HOG0008557;N13.HOG0008565;N13.HOG0009185;N13.HOG0010506	The morphogenetic process in which the anatomical structures of the compound eye are generated and organized. The adult compound eye is a precise assembly of 700-800 ommatidia. Each ommatidium is composed of 20 cells, identified by cell type and position. An example of compound eye morphogenesis is found in Drosophila melanogaster.
final_direct_conserved_plus_Dmel_experimental	300	weight01	fisher	20	none	Stage_pos	BP	GO:0048705	skeletal system morphogenesis	49	12	3.29	3.6474164133738602	0.00584	weight01	12	N13.HOG0002533;N13.HOG0002731;N13.HOG0003201;N13.HOG0004652;N13.HOG0004926;N13.HOG0004933;N13.HOG0005196;N13.HOG0005732;N13.HOG0006200;N13.HOG0006603;N13.HOG0006670;N13.HOG0007572	The process in which the anatomical structures of the skeleton are generated and organized.
final_direct_conserved_plus_Dmel_experimental	300	weight01	fisher	20	none	Stage_pos	BP	GO:0045765	regulation of angiogenesis	50	14	3.36	4.166666666666667	0.00625	weight01	14	N13.HOG0000931;N13.HOG0001944;N13.HOG0002643;N13.HOG0002644;N13.HOG0002713;N13.HOG0002731;N13.HOG0004432;N13.HOG0005196;N13.HOG0006141;N13.HOG0006200;N13.HOG0007355;N13.HOG0007368;N13.HOG0008565;N13.HOG0009996	Any process that modulates the frequency, rate or extent of angiogenesis.
final_direct_conserved_plus_Dmel_experimental	300	weight01	fisher	20	none	Stage_pos	BP	GO:1901880	negative regulation of protein depolymerization	26	6	1.75	3.4285714285714284	0.00634	weight01	6	N13.HOG0000931;N13.HOG0004256;N13.HOG0005052;N13.HOG0005377;N13.HOG0005597;N13.HOG0008557	NA
final_direct_conserved_plus_Dmel_experimental	300	weight01	fisher	20	none	Stage_pos	BP	GO:0043500	muscle adaptation	26	6	1.75	3.4285714285714284	0.00634	weight01	6	N13.HOG0001944;N13.HOG0007050;N13.HOG0007194;N13.HOG0007368;N13.HOG0008311;N13.HOG0009138	NA
final_direct_conserved_plus_Dmel_experimental	300	weight01	fisher	20	none	Stage_pos	BP	GO:0030183	B cell differentiation	26	6	1.75	3.4285714285714284	0.00634	weight01	6	N13.HOG0002643;N13.HOG0002644;N13.HOG0004432;N13.HOG0005004;N13.HOG0006141;N13.HOG0007368	The process in which a precursor cell type acquires the specialized features of a B cell. A B cell is a lymphocyte of B lineage with the phenotype CD19-positive and capable of B cell mediated immunity.
final_direct_conserved_plus_Dmel_experimental	300	weight01	fisher	20	none	Stage_pos	BP	GO:0060079	excitatory postsynaptic potential	26	6	1.75	3.4285714285714284	0.00634	weight01	6	N13.HOG0003121;N13.HOG0006635;N13.HOG0007204;N13.HOG0007368;N13.HOG0007616;N13.HOG0008418	A process that leads to a temporary increase in postsynaptic potential due to the flow of positively charged ions into the postsynaptic cell. The flow of ions that causes an EPSP is an excitatory postsynaptic current (EPSC) and makes it easier for the neuron to fire an action potential.
final_direct_conserved_plus_Dmel_experimental	300	weight01	fisher	20	none	Stage_pos	BP	GO:0021549	cerebellum development	34	7	2.28	3.0701754385964914	0.00635	weight01	7	N13.HOG0002535;N13.HOG0005432;N13.HOG0005597;N13.HOG0006141;N13.HOG0006216;N13.HOG0007309;N13.HOG0007355	The process whose specific outcome is the progression of the cerebellum over time, from its formation to the mature structure. The cerebellum is the portion of the brain in the back of the head between the cerebrum and the pons. In mice, the cerebellum controls balance for walking and standing, modulates the force and range of movement and is involved in the learning of motor skills.
final_direct_conserved_plus_Dmel_experimental	300	weight01	fisher	20	none	Stage_pos	BP	GO:0072347	response to anesthetic	34	7	2.28	3.0701754385964914	0.00635	weight01	7	N13.HOG0002789;N13.HOG0006776;N13.HOG0006894;N13.HOG0007368;N13.HOG0008418;N13.HOG0008557;N13.HOG0009524	Any process that results in a change in state or activity of a cell or an organism (in terms of movement, secretion, enzyme production, gene expression, etc.) as a result of an anesthetic stimulus. An anesthetic is a substance that causes loss of feeling, awareness, or sensation.
final_direct_conserved_plus_Dmel_experimental	300	weight01	fisher	20	none	Stage_pos	BP	GO:0048593	camera-type eye morphogenesis	34	7	2.28	3.0701754385964914	0.00635	weight01	7	N13.HOG0002101;N13.HOG0003201;N13.HOG0005196;N13.HOG0005432;N13.HOG0005722;N13.HOG0006776;N13.HOG0006803	The process in which the anatomical structures of the eye are generated and organized. The camera-type eye is an organ of sight that receives light through an aperture and focuses it through a lens, projecting it on a photoreceptor field.
final_direct_conserved_plus_Dmel_experimental	300	weight01	fisher	20	none	Stage_pos	BP	GO:0048863	stem cell differentiation	94	16	6.31	2.5356576862123617	0.00695	weight01	16	N13.HOG0000655;N13.HOG0001944;N13.HOG0002101;N13.HOG0002535;N13.HOG0002731;N13.HOG0002789;N13.HOG0004716;N13.HOG0005196;N13.HOG0005432;N13.HOG0005480;N13.HOG0006141;N13.HOG0006304;N13.HOG0006894;N13.HOG0007863;N13.HOG0008458;N13.HOG0009138	The process in which a relatively unspecialized cell acquires specialized features of a stem cell. A stem cell is a cell that retains the ability to divide and proliferate throughout life to provide progenitor cells that can differentiate into specialized cells.
final_direct_conserved_plus_Dmel_experimental	300	weight01	fisher	20	none	Stage_pos	BP	GO:0071345	cellular response to cytokine stimulus	179	20	12.01	1.6652789342214822	0.00697	weight01	20	N13.HOG0000700;N13.HOG0000931;N13.HOG0002051;N13.HOG0002492;N13.HOG0002643;N13.HOG0002644;N13.HOG0004118;N13.HOG0004432;N13.HOG0005941;N13.HOG0006201;N13.HOG0006522;N13.HOG0006585;N13.HOG0007090;N13.HOG0007309;N13.HOG0007368;N13.HOG0007679;N13.HOG0008749;N13.HOG0009138;N13.HOG0009185;N13.HOG0009960	Any process that results in a change in state or activity of a cell (in terms of movement, secretion, enzyme production, gene expression, etc.) as a result of a cytokine stimulus.
final_direct_conserved_plus_Dmel_experimental	300	weight01	fisher	20	none	Stage_pos	BP	GO:1902117	positive regulation of organelle assembly	35	7	2.35	2.978723404255319	0.00749	weight01	7	N13.HOG0004558;N13.HOG0005432;N13.HOG0005569;N13.HOG0005597;N13.HOG0007178;N13.HOG0007699;N13.HOG0007788	Any process that activates or increases the frequency, rate or extent of organelle assembly.
final_direct_conserved_plus_Dmel_experimental	300	weight01	fisher	20	none	Stage_pos	BP	GO:0035023	regulation of Rho protein signal transduction	27	6	1.81	3.314917127071823	0.00771	weight01	6	N13.HOG0002643;N13.HOG0002644;N13.HOG0003337;N13.HOG0005581;N13.HOG0006141;N13.HOG0008757	Any process that modulates the frequency, rate or extent of Rho protein signal transduction.
final_direct_conserved_plus_Dmel_experimental	300	weight01	fisher	20	none	Stage_pos	BP	GO:0007492	endoderm development	27	6	1.81	3.314917127071823	0.00771	weight01	6	N13.HOG0001944;N13.HOG0002643;N13.HOG0002644;N13.HOG0004256;N13.HOG0005196;N13.HOG0008388	The process whose specific outcome is the progression of the endoderm over time, from its formation to the mature structure. The endoderm is the innermost germ layer that develops into the gastrointestinal tract, the lungs and associated tissues.
final_direct_conserved_plus_Dmel_experimental	300	weight01	fisher	20	none	Stage_pos	BP	GO:0007474	imaginal disc-derived wing vein specification	27	6	1.81	3.314917127071823	0.00771	weight01	6	N13.HOG0002051;N13.HOG0002799;N13.HOG0004082;N13.HOG0006816;N13.HOG0008518;N13.HOG0010602	The regionalization process in which the area of a imaginal disc-derived wing that will form a wing vein is specified.
final_direct_conserved_plus_Dmel_experimental	300	weight01	fisher	20	none	Stage_pos	BP	GO:0035331	negative regulation of hippo signaling	27	6	1.81	3.314917127071823	0.00771	weight01	6	N13.HOG0004978;N13.HOG0005480;N13.HOG0006301;N13.HOG0006667;N13.HOG0007572;N13.HOG0009575	Any process that stops, prevents, or reduces the frequency, rate or extent of hippo signaling.
final_direct_conserved_plus_Dmel_experimental	300	weight01	fisher	20	none	Stage_pos	BP	GO:0030308	negative regulation of cell growth	44	8	2.95	2.711864406779661	0.00789	weight01	8	N13.HOG0000931;N13.HOG0002533;N13.HOG0006218;N13.HOG0006816;N13.HOG0008096;N13.HOG0008319;N13.HOG0008418;N13.HOG0010427	Any process that stops, prevents, or reduces the frequency, rate, extent or direction of cell growth.
final_direct_conserved_plus_Dmel_experimental	300	weight01	fisher	20	none	Stage_pos	BP	GO:0007165	signal transduction	1303	141	87.46	1.612165561399497	0.00796	weight01	141	N13.HOG0000931;N13.HOG0001430;N13.HOG0001915;N13.HOG0001944;N13.HOG0002051;N13.HOG0002101;N13.HOG0002167;N13.HOG0002200;N13.HOG0002374;N13.HOG0002513;N13.HOG0002533;N13.HOG0002535;N13.HOG0002643;N13.HOG0002644;N13.HOG0002713;N13.HOG0002789;N13.HOG0002799;N13.HOG0002977;N13.HOG0003121;N13.HOG0003201;N13.HOG0003337;N13.HOG0003398;N13.HOG0003908;N13.HOG0004252;N13.HOG0004256;N13.HOG0004432;N13.HOG0004580;N13.HOG0004613;N13.HOG0004620;N13.HOG0004652;N13.HOG0004668;N13.HOG0004716;N13.HOG0004848;N13.HOG0004910;N13.HOG0004920;N13.HOG0004926;N13.HOG0004933;N13.HOG0004978;N13.HOG0005004;N13.HOG0005125;N13.HOG0005134;N13.HOG0005180;N13.HOG0005196;N13.HOG0005252;N13.HOG0005256;N13.HOG0005432;N13.HOG0005452;N13.HOG0005480;N13.HOG0005542;N13.HOG0005569;N13.HOG0005581;N13.HOG0005597;N13.HOG0005610;N13.HOG0005611;N13.HOG0005661;N13.HOG0005664;N13.HOG0005713;N13.HOG0005722;N13.HOG0005723;N13.HOG0005732;N13.HOG0005741;N13.HOG0005823;N13.HOG0005941;N13.HOG0005968;N13.HOG0005980;N13.HOG0006006;N13.HOG0006055;N13.HOG0006141;N13.HOG0006200;N13.HOG0006201;N13.HOG0006216;N13.HOG0006237;N13.HOG0006301;N13.HOG0006304;N13.HOG0006426;N13.HOG0006456;N13.HOG0006603;N13.HOG0006635;N13.HOG0006667;N13.HOG0006670;N13.HOG0006672;N13.HOG0006689;N13.HOG0006803;N13.HOG0006816;N13.HOG0006822;N13.HOG0006857;N13.HOG0006894;N13.HOG0006939;N13.HOG0007050;N13.HOG0007104;N13.HOG0007176;N13.HOG0007194;N13.HOG0007204;N13.HOG0007309;N13.HOG0007312;N13.HOG0007319;N13.HOG0007355;N13.HOG0007368;N13.HOG0007446;N13.HOG0007572;N13.HOG0007616;N13.HOG0007619;N13.HOG0007679;N13.HOG0007699;N13.HOG0007756;N13.HOG0007788;N13.HOG0007863;N13.HOG0008028;N13.HOG0008074;N13.HOG0008096;N13.HOG0008409;N13.HOG0008418;N13.HOG0008458;N13.HOG0008501;N13.HOG0008518;N13.HOG0008557;N13.HOG0008565;N13.HOG0008749;N13.HOG0008757;N13.HOG0009185;N13.HOG0009195;N13.HOG0009321;N13.HOG0009354;N13.HOG0009450;N13.HOG0009479;N13.HOG0009524;N13.HOG0009575;N13.HOG0009666;N13.HOG0009670;N13.HOG0009814;N13.HOG0009851;N13.HOG0009960;N13.HOG0009996;N13.HOG0010276;N13.HOG0010427;N13.HOG0010506;N13.HOG0010567;N13.HOG0010602;N13.HOG0010737;N13.HOG0010752;N13.HOG0011688	The cellular process in which a signal is conveyed to trigger a change in the activity or state of a cell. Signal transduction begins with reception of a signal (e.g. a ligand binding to a receptor or receptor activation by a stimulus such as light), or for signal transduction in the absence of ligand, signal-withdrawal or the activity of a constitutively active receptor. Signal transduction ends with regulation of a downstream cellular process, e.g. regulation of transcription or regulation of a metabolic process. Signal transduction covers signaling from receptors located on the surface of the cell and signaling via molecules located within the cell. For signaling between cells, signal transduction is restricted to events at and within the receiving cell.
final_direct_conserved_plus_Dmel_experimental	300	weight01	fisher	20	none	Stage_pos	BP	GO:0009584	detection of visible light	32	6	2.15	2.7906976744186047	0.00843	weight01	6	N13.HOG0001915;N13.HOG0002525;N13.HOG0003398;N13.HOG0005256;N13.HOG0005427;N13.HOG0006055	The series of events in which a visible light stimulus is received by a cell and converted into a molecular signal. A visible light stimulus is electromagnetic radiation that can be perceived visually by an organism; for organisms lacking a visual system, this can be defined as light with a wavelength within the range 380 to 780 nm.
final_direct_conserved_plus_Dmel_experimental	300	weight01	fisher	20	none	Stage_pos	BP	GO:0051216	cartilage development	42	8	2.82	2.8368794326241136	0.00861	weight01	8	N13.HOG0002051;N13.HOG0002731;N13.HOG0004652;N13.HOG0004933;N13.HOG0005196;N13.HOG0005732;N13.HOG0006200;N13.HOG0007572	The process whose specific outcome is the progression of a cartilage element over time, from its formation to the mature structure. Cartilage elements are skeletal elements that consist of connective tissue dominated by extracellular matrix containing collagen type II and large amounts of proteoglycan, particularly chondroitin sulfate.
final_direct_conserved_plus_Dmel_experimental	300	weight01	fisher	20	none	Stage_pos	BP	GO:0032506	cytokinetic process	36	7	2.42	2.8925619834710745	0.00878	weight01	7	N13.HOG0002713;N13.HOG0004009;N13.HOG0005038;N13.HOG0006018;N13.HOG0007178;N13.HOG0008458;N13.HOG0010427	A cellular process that is involved in cytokinesis (the division of the cytoplasm of a cell and its separation into two daughter cells).
final_direct_conserved_plus_Dmel_experimental	300	weight01	fisher	20	none	Stage_pos	BP	GO:0030866	cortical actin cytoskeleton organization	36	7	2.42	2.8925619834710745	0.00878	weight01	7	N13.HOG0002713;N13.HOG0004009;N13.HOG0004256;N13.HOG0005256;N13.HOG0005457;N13.HOG0007176;N13.HOG0010427	A process that is carried out at the cellular level which results in the assembly, arrangement of constituent parts, or disassembly of actin-based cytoskeletal structures in the cell cortex, i.e. just beneath the plasma membrane.
final_direct_conserved_plus_Dmel_experimental	300	weight01	fisher	20	none	Stage_pos	BP	GO:0050886	endocrine process	20	5	1.34	3.731343283582089	0.00882	weight01	5	N13.HOG0003201;N13.HOG0005941;N13.HOG0006201;N13.HOG0007093;N13.HOG0007309	The process that involves the secretion of or response to endocrine hormones. An endocrine hormone is a hormone released into the circulatory system.
final_direct_conserved_plus_Dmel_experimental	300	weight01	fisher	20	none	Stage_pos	BP	GO:0007365	periodic partitioning	20	5	1.34	3.731343283582089	0.00882	weight01	5	N13.HOG0004256;N13.HOG0005196;N13.HOG0006055;N13.HOG0006603;N13.HOG0007446	The regionalization process that divides the spatial regions of an embryo into serially repeated regions.
final_direct_conserved_plus_Dmel_experimental	300	weight01	fisher	20	none	Stage_pos	BP	GO:0034446	substrate adhesion-dependent cell spreading	20	5	1.34	3.731343283582089	0.00882	weight01	5	N13.HOG0002643;N13.HOG0002644;N13.HOG0005581;N13.HOG0006141;N13.HOG0007368	The morphogenetic process that results in flattening of a cell as a consequence of its adhesion to a substrate.
final_direct_conserved_plus_Dmel_experimental	300	weight01	fisher	20	none	Stage_pos	BP	GO:0071260	cellular response to mechanical stimulus	20	5	1.34	3.731343283582089	0.00882	weight01	5	N13.HOG0002643;N13.HOG0002644;N13.HOG0004705;N13.HOG0005196;N13.HOG0007309	Any process that results in a change in state or activity of a cell (in terms of movement, secretion, enzyme production, gene expression, etc.) as a result of a mechanical stimulus.
final_direct_conserved_plus_Dmel_experimental	300	weight01	fisher	20	none	Stage_pos	BP	GO:0055059	asymmetric neuroblast division	20	5	1.34	3.731343283582089	0.00882	weight01	5	N13.HOG0004652;N13.HOG0005125;N13.HOG0005432;N13.HOG0009831;N13.HOG0010427	The process resulting in the physical partitioning and separation of a neuroblast into two daughter cells with different developmental potentials.
final_direct_conserved_plus_Dmel_experimental	300	weight01	fisher	20	none	Stage_pos	BP	GO:0060998	regulation of dendritic spine development	20	5	1.34	3.731343283582089	0.00882	weight01	5	N13.HOG0002713;N13.HOG0006237;N13.HOG0006776;N13.HOG0007178;N13.HOG0008418	Any process that modulates the rate, frequency, or extent of dendritic spine development, the process whose specific outcome is the progression of the dendritic spine over time, from its formation to the mature structure.
final_direct_conserved_plus_Dmel_experimental	300	weight01	fisher	20	none	Stage_pos	BP	GO:1903725	regulation of phospholipid metabolic process	20	5	1.34	3.731343283582089	0.00882	weight01	5	N13.HOG0004432;N13.HOG0005256;N13.HOG0005611;N13.HOG0007368;N13.HOG0007699	Any process that modulates the frequency, rate or extent of phospholipid metabolic process.
final_direct_conserved_plus_Dmel_experimental	300	weight01	fisher	20	none	Stage_pos	BP	GO:0001525	angiogenesis	97	24	6.51	3.686635944700461	0.00905	weight01	24	N13.HOG0000931;N13.HOG0001944;N13.HOG0002101;N13.HOG0002643;N13.HOG0002644;N13.HOG0002713;N13.HOG0002731;N13.HOG0004432;N13.HOG0005004;N13.HOG0005052;N13.HOG0005196;N13.HOG0005457;N13.HOG0005722;N13.HOG0006141;N13.HOG0006200;N13.HOG0006383;N13.HOG0007176;N13.HOG0007355;N13.HOG0007368;N13.HOG0007679;N13.HOG0008258;N13.HOG0008565;N13.HOG0009321;N13.HOG0009996	Blood vessel formation when new vessels emerge from the proliferation of pre-existing blood vessels.
final_direct_conserved_plus_Dmel_experimental	300	weight01	fisher	20	none	Stage_pos	BP	GO:2000242	negative regulation of reproductive process	28	6	1.88	3.191489361702128	0.00927	weight01	6	N13.HOG0000655;N13.HOG0002158;N13.HOG0004252;N13.HOG0004256;N13.HOG0006200;N13.HOG0010427	NA
final_direct_conserved_plus_Dmel_experimental	300	weight01	fisher	20	none	Stage_pos	BP	GO:0031623	receptor internalization	28	6	1.88	3.191489361702128	0.00927	weight01	6	N13.HOG0002101;N13.HOG0002643;N13.HOG0002644;N13.HOG0003908;N13.HOG0007616;N13.HOG0008458	A receptor-mediated endocytosis process that results in the movement of receptors from the plasma membrane to the inside of the cell. The process begins when cell surface receptors are monoubiquitinated following ligand-induced activation. Receptors are subsequently taken up into endocytic vesicles from where they are either targeted to the lysosome or vacuole for degradation or recycled back to the plasma membrane.
final_direct_conserved_plus_Dmel_experimental	300	weight01	fisher	20	none	Stage_pos	BP	GO:0030278	regulation of ossification	28	6	1.88	3.191489361702128	0.00927	weight01	6	N13.HOG0004256;N13.HOG0005196;N13.HOG0006670;N13.HOG0007368;N13.HOG0009575;N13.HOG0010602	Any process that modulates the frequency, rate or extent of ossification, the formation of bone or of a bony substance or the conversion of fibrous tissue or of cartilage into bone or a bony substance.
final_direct_conserved_plus_Dmel_experimental	300	weight01	fisher	20	none	Stage_pos	BP	GO:0050764	regulation of phagocytosis	28	6	1.88	3.191489361702128	0.00927	weight01	6	N13.HOG0002643;N13.HOG0002644;N13.HOG0004118;N13.HOG0006141;N13.HOG0007368;N13.HOG0008919	Any process that modulates the frequency, rate or extent of phagocytosis, the process in which phagocytes engulf external particulate material.
final_direct_conserved_plus_Dmel_experimental	300	weight01	fisher	20	none	Stage_pos	BP	GO:0050803	regulation of synapse structure or activity	130	22	8.73	2.520045819014891	0.00935	weight01	22	N13.HOG0000384;N13.HOG0001764;N13.HOG0002492;N13.HOG0002644;N13.HOG0003908;N13.HOG0005256;N13.HOG0005427;N13.HOG0005941;N13.HOG0006141;N13.HOG0006201;N13.HOG0006237;N13.HOG0006304;N13.HOG0006426;N13.HOG0006585;N13.HOG0006635;N13.HOG0006948;N13.HOG0007368;N13.HOG0007616;N13.HOG0007679;N13.HOG0008418;N13.HOG0008557;N13.HOG0010580	Any process that modulates the physical form or the activity of a synapse, the junction between a neuron and a target (neuron, muscle, or secretory cell).
final_direct_conserved_plus_Dmel_experimental	300	weight01	fisher	20	none	Stage_pos	BP	GO:0007350	blastoderm segmentation	113	24	7.58	3.1662269129287597	0.00966	weight01	24	N13.HOG0001944;N13.HOG0002158;N13.HOG0002535;N13.HOG0004082;N13.HOG0004252;N13.HOG0004256;N13.HOG0004883;N13.HOG0005038;N13.HOG0005196;N13.HOG0005732;N13.HOG0005968;N13.HOG0006055;N13.HOG0006522;N13.HOG0006603;N13.HOG0006816;N13.HOG0006939;N13.HOG0007309;N13.HOG0007355;N13.HOG0007446;N13.HOG0008518;N13.HOG0009545;N13.HOG0010427;N13.HOG0010506;N13.HOG0010602	The hierarchical steps resulting in the progressive subdivision of the anterior/posterior axis of the embryo.
final_direct_conserved_plus_Dmel_experimental	300	weight01	fisher	20	none	Stage_pos	BP	GO:0007162	negative regulation of cell adhesion	48	14	3.22	4.3478260869565215	0.00977	weight01	14	N13.HOG0003884;N13.HOG0004432;N13.HOG0005196;N13.HOG0005581;N13.HOG0006141;N13.HOG0006383;N13.HOG0007309;N13.HOG0007368;N13.HOG0007446;N13.HOG0007863;N13.HOG0008028;N13.HOG0008388;N13.HOG0009960;N13.HOG0010427	Any process that stops, prevents, or reduces the frequency, rate or extent of cell adhesion.
final_direct_conserved_plus_Dmel_experimental	300	weight01	fisher	20	none	Stage_pos	BP	GO:0007173	epidermal growth factor receptor signaling pathway	77	15	5.17	2.9013539651837523	0.00992	weight01	15	N13.HOG0002051;N13.HOG0004432;N13.HOG0004580;N13.HOG0004613;N13.HOG0005180;N13.HOG0006141;N13.HOG0006200;N13.HOG0006816;N13.HOG0007309;N13.HOG0007368;N13.HOG0007616;N13.HOG0007679;N13.HOG0008518;N13.HOG0008757;N13.HOG0010506	The series of molecular signals initiated by binding of a ligand to the tyrosine kinase receptor EGFR (ERBB1) on the surface of a cell. The pathway ends with regulation of a downstream cellular process, e.g. transcription.
final_direct_conserved_plus_Dmel_experimental	300	weight01	fisher	20	none	Stage_pos	BP	GO:0048592	eye morphogenesis	216	40	14.5	2.7586206896551726	0.00998	weight01	40	N13.HOG0002101;N13.HOG0002158;N13.HOG0003201;N13.HOG0003867;N13.HOG0004009;N13.HOG0004252;N13.HOG0004256;N13.HOG0004613;N13.HOG0004716;N13.HOG0004947;N13.HOG0004978;N13.HOG0005004;N13.HOG0005196;N13.HOG0005432;N13.HOG0005457;N13.HOG0005711;N13.HOG0005722;N13.HOG0005723;N13.HOG0005732;N13.HOG0005941;N13.HOG0006141;N13.HOG0006201;N13.HOG0006522;N13.HOG0006776;N13.HOG0006803;N13.HOG0006816;N13.HOG0006830;N13.HOG0006948;N13.HOG0007104;N13.HOG0007176;N13.HOG0007178;N13.HOG0007309;N13.HOG0008258;N13.HOG0008308;N13.HOG0008388;N13.HOG0008518;N13.HOG0008557;N13.HOG0008565;N13.HOG0009185;N13.HOG0010506	The process in which the anatomical structures of the eye are generated and organized.
final_direct_conserved_plus_Dmel_experimental	300	weight01	fisher	20	none	Stage_pos	BP	GO:0016202	regulation of striated muscle tissue development	37	7	2.48	2.8225806451612905	0.01022	weight01	7	N13.HOG0001944;N13.HOG0004256;N13.HOG0005196;N13.HOG0005711;N13.HOG0005722;N13.HOG0005732;N13.HOG0009138	Any process that modulates the frequency, rate or extent of striated muscle development.
final_direct_conserved_plus_Dmel_experimental	300	weight01	fisher	20	none	Stage_pos	BP	GO:0007565	female pregnancy	37	7	2.48	2.8225806451612905	0.01022	weight01	7	N13.HOG0000931;N13.HOG0002643;N13.HOG0002644;N13.HOG0006894;N13.HOG0007093;N13.HOG0009524;N13.HOG0009575	The set of physiological processes that allow an embryo or foetus to develop within the body of a female animal. It covers the time from fertilization of a female ovum by a male spermatozoon until birth.
final_direct_conserved_plus_Dmel_experimental	300	weight01	fisher	20	none	Stage_pos	BP	GO:0030707	follicle cell of egg chamber development	145	25	9.73	2.5693730729701953	0.01089	weight01	25	N13.HOG0002492;N13.HOG0002644;N13.HOG0003908;N13.HOG0004062;N13.HOG0004082;N13.HOG0004256;N13.HOG0004613;N13.HOG0004920;N13.HOG0004978;N13.HOG0005038;N13.HOG0005256;N13.HOG0005480;N13.HOG0005968;N13.HOG0006254;N13.HOG0006522;N13.HOG0006585;N13.HOG0006816;N13.HOG0007309;N13.HOG0007679;N13.HOG0007863;N13.HOG0008028;N13.HOG0008458;N13.HOG0008557;N13.HOG0008728;N13.HOG0010427	The process that occurs during oogenesis involving the ovarian follicle cells, somatic cells which surround the germ cells of an ovary. An example of this is found in Drosophila melanogaster.
final_direct_conserved_plus_Dmel_experimental	300	weight01	fisher	20	none	Stage_pos	BP	GO:0060218	hematopoietic stem cell differentiation	21	5	1.41	3.546099290780142	0.01095	weight01	5	N13.HOG0002101;N13.HOG0002535;N13.HOG0002789;N13.HOG0006141;N13.HOG0008458	The process in which a relatively unspecialized cell acquires specialized features of a hematopoietic stem cell. A stem cell is a cell that retains the ability to divide and proliferate throughout life to provide progenitor cells that can differentiate into specialized cells.
final_direct_conserved_plus_Dmel_experimental	300	weight01	fisher	20	none	Stage_pos	BP	GO:0038093	Fc receptor signaling pathway	21	5	1.41	3.546099290780142	0.01095	weight01	5	N13.HOG0004432;N13.HOG0006141;N13.HOG0007176;N13.HOG0007368;N13.HOG0007679	NA
final_direct_conserved_plus_Dmel_experimental	300	weight01	fisher	20	none	Stage_pos	BP	GO:0046825	regulation of protein export from nucleus	21	5	1.41	3.546099290780142	0.01095	weight01	5	N13.HOG0006141;N13.HOG0007309;N13.HOG0008028;N13.HOG0009185;N13.HOG0009717	Any process that modulates the frequency, rate or extent of the directed movement of proteins from the nucleus to the cytoplasm.
final_direct_conserved_plus_Dmel_experimental	300	weight01	fisher	20	none	Stage_pos	BP	GO:0008258	head involution	21	5	1.41	3.546099290780142	0.01095	weight01	5	N13.HOG0004580;N13.HOG0006585;N13.HOG0006667;N13.HOG0006939;N13.HOG0008388	Movement of the anterior ectoderm to the interior of the embryo.
final_direct_conserved_plus_Dmel_experimental	300	weight01	fisher	20	none	Stage_pos	BP	GO:0014812	muscle cell migration	21	5	1.41	3.546099290780142	0.01095	weight01	5	N13.HOG0002643;N13.HOG0002644;N13.HOG0003908;N13.HOG0006635;N13.HOG0007368	The orderly movement of a muscle cell from one site to another, often during the development of a multicellular organism.
final_direct_conserved_plus_Dmel_experimental	300	weight01	fisher	20	none	Stage_pos	BP	GO:0036445	neuronal stem cell division	21	5	1.41	3.546099290780142	0.01095	weight01	5	N13.HOG0004652;N13.HOG0005125;N13.HOG0005432;N13.HOG0009831;N13.HOG0010427	The self-renewing division of a neuronal stem cell.
final_direct_conserved_plus_Dmel_experimental	300	weight01	fisher	20	none	Stage_pos	BP	GO:0021879	forebrain neuron differentiation	21	5	1.41	3.546099290780142	0.01095	weight01	5	N13.HOG0004716;N13.HOG0004933;N13.HOG0005432;N13.HOG0006689;N13.HOG0007368	The process in which a relatively unspecialized cell acquires specialized features of a neuron that will reside in the forebrain.
final_direct_conserved_plus_Dmel_experimental	300	weight01	fisher	20	none	Stage_pos	BP	GO:1903531	negative regulation of secretion by cell	46	9	3.09	2.912621359223301	0.01118	weight01	9	N13.HOG0003201;N13.HOG0005678;N13.HOG0005941;N13.HOG0006201;N13.HOG0007204;N13.HOG0007309;N13.HOG0008096;N13.HOG0008418;N13.HOG0009666	Any process that stops, prevents or reduces the frequency, rate or extent of secretion by cell.
final_direct_conserved_plus_Dmel_experimental	300	weight01	fisher	20	none	Stage_pos	BP	GO:0048259	regulation of receptor-mediated endocytosis	38	8	2.55	3.1372549019607847	0.01125	weight01	8	N13.HOG0002101;N13.HOG0004920;N13.HOG0006667;N13.HOG0007176;N13.HOG0007616;N13.HOG0007679;N13.HOG0008458;N13.HOG0009575	Any process that modulates the frequency, rate or extent of receptor mediated endocytosis, the uptake of external materials by cells, utilizing receptors to ensure specificity of transport.
final_direct_conserved_plus_Dmel_experimental	300	weight01	fisher	20	none	Stage_pos	BP	GO:0007431	salivary gland development	69	10	4.63	2.159827213822894	0.01126	weight01	10	N13.HOG0002533;N13.HOG0002644;N13.HOG0002731;N13.HOG0004947;N13.HOG0005713;N13.HOG0007104;N13.HOG0007679;N13.HOG0008096;N13.HOG0009479;N13.HOG0010737	The process whose specific outcome is the progression of the salivary gland over time, from its formation to the mature structure. Salivary glands include any of the saliva-secreting exocrine glands of the oral cavity.
final_direct_conserved_plus_Dmel_experimental	300	weight01	fisher	20	none	Stage_pos	BP	GO:0009948	anterior/posterior axis specification	103	20	6.91	2.894356005788712	0.01152	weight01	20	N13.HOG0002158;N13.HOG0002533;N13.HOG0002535;N13.HOG0004883;N13.HOG0005038;N13.HOG0005196;N13.HOG0005732;N13.HOG0005968;N13.HOG0006522;N13.HOG0006670;N13.HOG0006816;N13.HOG0006939;N13.HOG0007309;N13.HOG0007355;N13.HOG0008388;N13.HOG0008518;N13.HOG0009545;N13.HOG0010427;N13.HOG0010506;N13.HOG0010602	The establishment, maintenance and elaboration of the anterior/posterior axis. The anterior-posterior axis is defined by a line that runs from the head or mouth of an organism to the tail or opposite end of the organism.
final_direct_conserved_plus_Dmel_experimental	300	weight01	fisher	20	none	Stage_pos	BP	GO:0018108	peptidyl-tyrosine phosphorylation	79	15	5.3	2.8301886792452833	0.01178	weight01	15	N13.HOG0002643;N13.HOG0002644;N13.HOG0004252;N13.HOG0004580;N13.HOG0004620;N13.HOG0004652;N13.HOG0005597;N13.HOG0005722;N13.HOG0006141;N13.HOG0006667;N13.HOG0007050;N13.HOG0007368;N13.HOG0008074;N13.HOG0010427;N13.HOG0010752	The phosphorylation of peptidyl-tyrosine to form peptidyl-O4'-phospho-L-tyrosine.
final_direct_conserved_plus_Dmel_experimental	300	weight01	fisher	20	none	Stage_pos	BP	GO:0071773	cellular response to BMP stimulus	59	17	3.96	4.292929292929293	0.01181	weight01	17	N13.HOG0001944;N13.HOG0002051;N13.HOG0002799;N13.HOG0003201;N13.HOG0004652;N13.HOG0004705;N13.HOG0004933;N13.HOG0005134;N13.HOG0005732;N13.HOG0006141;N13.HOG0006200;N13.HOG0007756;N13.HOG0008096;N13.HOG0008557;N13.HOG0009575;N13.HOG0010602;N13.HOG0010737	Any process that results in a change in state or activity of a cell (in terms of movement, secretion, enzyme production, gene expression, etc.) as a result of a bone morphogenetic protein (BMP) stimulus.
final_direct_conserved_plus_Dmel_experimental	300	weight01	fisher	20	none	Stage_pos	BP	GO:0030217	T cell differentiation	38	7	2.55	2.7450980392156863	0.01183	weight01	7	N13.HOG0004256;N13.HOG0005196;N13.HOG0006141;N13.HOG0007679;N13.HOG0009960;N13.HOG0010427;N13.HOG0010567	The process in which a precursor cell type acquires characteristics of a more mature T-cell. A T cell is a type of lymphocyte whose definin characteristic is the expression of a T cell receptor complex.
final_direct_conserved_plus_Dmel_experimental	300	weight01	fisher	20	none	Stage_pos	BP	GO:0048562	embryonic organ morphogenesis	102	18	6.85	2.6277372262773726	0.01188	weight01	18	N13.HOG0001944;N13.HOG0002101;N13.HOG0002731;N13.HOG0003201;N13.HOG0004256;N13.HOG0004652;N13.HOG0004716;N13.HOG0004933;N13.HOG0005196;N13.HOG0005432;N13.HOG0005480;N13.HOG0005722;N13.HOG0006603;N13.HOG0006670;N13.HOG0006689;N13.HOG0007176;N13.HOG0008258;N13.HOG0010602	Morphogenesis, during the embryonic phase, of a tissue or tissues that work together to perform a specific function or functions. Morphogenesis is the process in which anatomical structures are generated and organized. Organs are commonly observed as visibly distinct structures, but may also exist as loosely associated clusters of cells that work together to perform a specific function or functions.
final_direct_conserved_plus_Dmel_experimental	300	weight01	fisher	20	none	Stage_pos	BP	GO:0071559	response to transforming growth factor beta	68	14	4.56	3.0701754385964914	0.01215	weight01	14	N13.HOG0001944;N13.HOG0002643;N13.HOG0002644;N13.HOG0004933;N13.HOG0005732;N13.HOG0007368;N13.HOG0007863;N13.HOG0008096;N13.HOG0008388;N13.HOG0008757;N13.HOG0009575;N13.HOG0010427;N13.HOG0010602;N13.HOG0010737	Any process that results in a change in state or activity of a cell or an organism (in terms of movement, secretion, enzyme production, gene expression, etc.) as a result of a transforming growth factor beta stimulus.
final_direct_conserved_plus_Dmel_experimental	300	weight01	fisher	20	none	Stage_pos	BP	GO:0016482	cytosolic transport	69	12	4.63	2.591792656587473	0.01229	weight01	12	N13.HOG0003908;N13.HOG0005741;N13.HOG0006141;N13.HOG0006456;N13.HOG0006522;N13.HOG0006585;N13.HOG0007385;N13.HOG0008279;N13.HOG0008458;N13.HOG0008728;N13.HOG0008910;N13.HOG0010997	The directed movement of substances or organelles within the cytosol.
final_direct_conserved_plus_Dmel_experimental	300	weight01	fisher	20	none	Stage_pos	BP	GO:0030833	regulation of actin filament polymerization	50	10	3.36	2.9761904761904763	0.01246	weight01	10	N13.HOG0000931;N13.HOG0004432;N13.HOG0005038;N13.HOG0005581;N13.HOG0005711;N13.HOG0006237;N13.HOG0006635;N13.HOG0007176;N13.HOG0007368;N13.HOG0008418	Any process that modulates the frequency, rate or extent of the assembly of actin filaments by the addition of actin monomers to a filament.
final_direct_conserved_plus_Dmel_experimental	300	weight01	fisher	20	none	Stage_pos	BP	GO:0090100	positive regulation of transmembrane receptor protein serine/threonine kinase signaling pathway	43	11	2.89	3.806228373702422	0.01249	weight01	11	N13.HOG0001944;N13.HOG0002799;N13.HOG0003201;N13.HOG0005732;N13.HOG0005941;N13.HOG0006200;N13.HOG0006201;N13.HOG0007863;N13.HOG0008096;N13.HOG0010427;N13.HOG0010602	Any process that increases the rate, frequency, or extent of the series of molecular signals generated as a consequence of a transmembrane receptor serine/threonine kinase binding to its physiological ligand.
final_direct_conserved_plus_Dmel_experimental	300	weight01	fisher	20	none	Stage_pos	BP	GO:0002696	positive regulation of leukocyte activation	45	8	3.02	2.6490066225165565	0.01266	weight01	8	N13.HOG0002643;N13.HOG0002644;N13.HOG0004432;N13.HOG0005597;N13.HOG0005722;N13.HOG0005823;N13.HOG0007309;N13.HOG0009195	NA
final_direct_conserved_plus_Dmel_experimental	300	weight01	fisher	20	none	Stage_pos	BP	GO:0007631	feeding behavior	52	10	3.49	2.8653295128939824	0.01281	weight01	10	N13.HOG0000373;N13.HOG0002200;N13.HOG0002374;N13.HOG0003867;N13.HOG0004432;N13.HOG0004668;N13.HOG0007679;N13.HOG0008028;N13.HOG0008557;N13.HOG0008589	Behavior associated with the intake of food.
final_direct_conserved_plus_Dmel_experimental	300	weight01	fisher	20	none	Stage_pos	BP	GO:0032880	regulation of protein localization	294	45	19.73	2.2807906741003547	0.01284	weight01	45	N13.HOG0002374;N13.HOG0002643;N13.HOG0002644;N13.HOG0004118;N13.HOG0004256;N13.HOG0004432;N13.HOG0004558;N13.HOG0005196;N13.HOG0005256;N13.HOG0005432;N13.HOG0005452;N13.HOG0005569;N13.HOG0005597;N13.HOG0005611;N13.HOG0005941;N13.HOG0006141;N13.HOG0006201;N13.HOG0006237;N13.HOG0006304;N13.HOG0006383;N13.HOG0006522;N13.HOG0006603;N13.HOG0006635;N13.HOG0006689;N13.HOG0007090;N13.HOG0007176;N13.HOG0007178;N13.HOG0007309;N13.HOG0007572;N13.HOG0007699;N13.HOG0008028;N13.HOG0008096;N13.HOG0008253;N13.HOG0008308;N13.HOG0008388;N13.HOG0008418;N13.HOG0008728;N13.HOG0009185;N13.HOG0009195;N13.HOG0009426;N13.HOG0009524;N13.HOG0009717;N13.HOG0009888;N13.HOG0010427;N13.HOG0010567	Any process that modulates the frequency, rate or extent of any process in which a protein is transported to, or maintained in, a specific location.
final_direct_conserved_plus_Dmel_experimental	300	weight01	fisher	20	none	Stage_pos	BP	GO:0061062	regulation of nematode larval development	46	9	3.09	2.912621359223301	0.01293	weight01	9	N13.HOG0002513;N13.HOG0002533;N13.HOG0002731;N13.HOG0004256;N13.HOG0004580;N13.HOG0005134;N13.HOG0006689;N13.HOG0006803;N13.HOG0010427	Any process that modulates the rate, frequency, or extent of nematode larval development, the process whose specific outcome is the progression of the nematode larva over time, from its formation to the mature structure. Nematode larval development begins with the newly hatched first-stage larva (L1) and ends with the end of the last larval stage (for example the fourth larval stage (L4) in C. elegans). Each stage of nematode larval development is characterized by proliferation of specific cell lineages and an increase in body size without alteration of the basic body plan. Nematode larval stages are separated by molts in which each stage-specific exoskeleton, or cuticle, is shed and replaced anew.
final_direct_conserved_plus_Dmel_experimental	300	weight01	fisher	20	none	Stage_pos	BP	GO:0006952	defense response	362	37	24.3	1.522633744855967	0.01304	weight01	37	N13.HOG0000931;N13.HOG0001944;N13.HOG0002051;N13.HOG0002374;N13.HOG0002492;N13.HOG0002643;N13.HOG0002644;N13.HOG0004118;N13.HOG0004252;N13.HOG0004580;N13.HOG0005038;N13.HOG0005134;N13.HOG0005532;N13.HOG0005597;N13.HOG0005713;N13.HOG0005722;N13.HOG0005941;N13.HOG0006141;N13.HOG0006201;N13.HOG0006216;N13.HOG0006522;N13.HOG0006667;N13.HOG0006672;N13.HOG0006822;N13.HOG0006894;N13.HOG0006939;N13.HOG0007104;N13.HOG0007309;N13.HOG0007368;N13.HOG0007679;N13.HOG0008032;N13.HOG0008409;N13.HOG0008518;N13.HOG0009195;N13.HOG0009321;N13.HOG0009524;N13.HOG0011688	Reactions, triggered in response to the presence of a foreign body or the occurrence of an injury, which result in restriction of damage to the organism attacked or prevention/recovery from the infection caused by the attack.
final_direct_conserved_plus_Dmel_experimental	300	weight01	fisher	20	none	Stage_pos	BP	GO:0042733	embryonic digit morphogenesis	22	5	1.48	3.3783783783783785	0.01341	weight01	5	N13.HOG0004652;N13.HOG0004716;N13.HOG0005196;N13.HOG0005597;N13.HOG0006803	The process, occurring in the embryo, by which the anatomical structures of the digit are generated and organized. A digit is one of the terminal divisions of an appendage, such as a finger or toe.
final_direct_conserved_plus_Dmel_experimental	300	weight01	fisher	20	none	Stage_pos	BP	GO:0045886	negative regulation of synaptic assembly at neuromuscular junction	22	5	1.48	3.3783783783783785	0.01341	weight01	5	N13.HOG0002492;N13.HOG0006141;N13.HOG0006585;N13.HOG0007368;N13.HOG0008557	Any process that stops, prevents, or reduces the frequency, rate or extent of synaptic assembly at neuromuscular junction.
final_direct_conserved_plus_Dmel_experimental	300	weight01	fisher	20	none	Stage_pos	BP	GO:0060395	SMAD protein signal transduction	22	5	1.48	3.3783783783783785	0.01341	weight01	5	N13.HOG0001944;N13.HOG0004652;N13.HOG0005941;N13.HOG0006201;N13.HOG0008757	An intracellular signaling cassette that starts with the activation of a SMAD protein, leading to the formation of a complex with co-SMADs, which translocates to the nucleus and regulates transcription of specific target genes.
final_direct_conserved_plus_Dmel_experimental	300	weight01	fisher	20	none	Stage_pos	BP	GO:0042461	photoreceptor cell development	84	16	5.64	2.8368794326241136	0.01361	weight01	16	N13.HOG0002158;N13.HOG0003398;N13.HOG0003867;N13.HOG0004252;N13.HOG0004978;N13.HOG0005004;N13.HOG0005125;N13.HOG0005723;N13.HOG0006830;N13.HOG0006857;N13.HOG0006948;N13.HOG0007309;N13.HOG0008308;N13.HOG0008388;N13.HOG0008565;N13.HOG0009185	Development of a photoreceptor, a cell that responds to incident electromagnetic radiation, particularly visible light.
final_direct_conserved_plus_Dmel_experimental	300	weight01	fisher	20	none	Stage_pos	BP	GO:0030177	positive regulation of Wnt signaling pathway	63	14	4.23	3.3096926713947985	0.01373	weight01	14	N13.HOG0004256;N13.HOG0004620;N13.HOG0004652;N13.HOG0004716;N13.HOG0005581;N13.HOG0006055;N13.HOG0006141;N13.HOG0006200;N13.HOG0006803;N13.HOG0007312;N13.HOG0007788;N13.HOG0009575;N13.HOG0009960;N13.HOG0010567	Any process that activates or increases the frequency, rate or extent of Wnt signal transduction.
final_direct_conserved_plus_Dmel_experimental	300	weight01	fisher	20	none	Stage_pos	BP	GO:0032386	regulation of intracellular transport	152	23	10.2	2.2549019607843137	0.01398	weight01	23	N13.HOG0000931;N13.HOG0002158;N13.HOG0002374;N13.HOG0002643;N13.HOG0002644;N13.HOG0003908;N13.HOG0004256;N13.HOG0004432;N13.HOG0004978;N13.HOG0005611;N13.HOG0006141;N13.HOG0006383;N13.HOG0006426;N13.HOG0006522;N13.HOG0007050;N13.HOG0007309;N13.HOG0007572;N13.HOG0007699;N13.HOG0008028;N13.HOG0008910;N13.HOG0009185;N13.HOG0009666;N13.HOG0009717	Any process that modulates the frequency, rate or extent of the directed movement of substances within cells.
final_direct_conserved_plus_Dmel_experimental	300	weight01	fisher	20	none	Stage_pos	BP	GO:0001934	positive regulation of protein phosphorylation	206	31	13.83	2.2415039768618943	0.01447	weight01	31	N13.HOG0001944;N13.HOG0002533;N13.HOG0002643;N13.HOG0002644;N13.HOG0004432;N13.HOG0004652;N13.HOG0004926;N13.HOG0004978;N13.HOG0005196;N13.HOG0005432;N13.HOG0005569;N13.HOG0005597;N13.HOG0005709;N13.HOG0005848;N13.HOG0005941;N13.HOG0006141;N13.HOG0006201;N13.HOG0006426;N13.HOG0006667;N13.HOG0006672;N13.HOG0007309;N13.HOG0007355;N13.HOG0007368;N13.HOG0007679;N13.HOG0008074;N13.HOG0008096;N13.HOG0008418;N13.HOG0008557;N13.HOG0008565;N13.HOG0010427;N13.HOG0010752	Any process that activates or increases the frequency, rate or extent of addition of phosphate groups to amino acids within a protein.
final_direct_conserved_plus_Dmel_experimental	300	weight01	fisher	20	none	Stage_pos	BP	GO:0035050	embryonic heart tube development	48	8	3.22	2.484472049689441	0.01467	weight01	8	N13.HOG0001944;N13.HOG0002101;N13.HOG0002535;N13.HOG0002713;N13.HOG0005196;N13.HOG0005480;N13.HOG0006803;N13.HOG0010602	The process whose specific outcome is the progression of the embryonic heart tube over time, from its formation to the mature structure. The heart tube forms as the heart rudiment from the heart field.
final_direct_conserved_plus_Dmel_experimental	300	weight01	fisher	20	none	Stage_pos	BP	GO:0045892	negative regulation of DNA-templated transcription	292	37	19.6	1.887755102040816	0.015	weight01	37	N13.HOG0001764;N13.HOG0001915;N13.HOG0001944;N13.HOG0002513;N13.HOG0002535;N13.HOG0002732;N13.HOG0002789;N13.HOG0003201;N13.HOG0003867;N13.HOG0004082;N13.HOG0004691;N13.HOG0004716;N13.HOG0004883;N13.HOG0004910;N13.HOG0004933;N13.HOG0004947;N13.HOG0004978;N13.HOG0005004;N13.HOG0005196;N13.HOG0005432;N13.HOG0005452;N13.HOG0005532;N13.HOG0006074;N13.HOG0006218;N13.HOG0006522;N13.HOG0006670;N13.HOG0006689;N13.HOG0006816;N13.HOG0006939;N13.HOG0007090;N13.HOG0007319;N13.HOG0009138;N13.HOG0009524;N13.HOG0009575;N13.HOG0009831;N13.HOG0010713;N13.HOG0010737	Any process that stops, prevents, or reduces the frequency, rate or extent of cellular DNA-templated transcription.
final_direct_conserved_plus_Dmel_experimental	300	weight01	fisher	20	none	Stage_pos	BP	GO:0090316	positive regulation of intracellular protein transport	49	8	3.29	2.43161094224924	0.01503	weight01	8	N13.HOG0002643;N13.HOG0002644;N13.HOG0004432;N13.HOG0005611;N13.HOG0006141;N13.HOG0006383;N13.HOG0006522;N13.HOG0008028	Any process that activates or increases the frequency, rate or extent of the directed movement of proteins within cells.
final_direct_conserved_plus_Dmel_experimental	300	weight01	fisher	20	none	Stage_pos	BP	GO:0019886	antigen processing and presentation of exogenous peptide antigen via MHC class II	31	6	2.08	2.8846153846153846	0.0153	weight01	6	N13.HOG0006018;N13.HOG0006522;N13.HOG0007616;N13.HOG0007788;N13.HOG0008458;N13.HOG0009802	The process in which an antigen-presenting cell expresses a peptide antigen of exogenous origin on its cell surface in association with an MHC class II protein complex. The peptide antigen is typically, but not always, processed from a whole protein.
final_direct_conserved_plus_Dmel_experimental	300	weight01	fisher	20	none	Stage_pos	BP	GO:0001843	neural tube closure	31	6	2.08	2.8846153846153846	0.0153	weight01	6	N13.HOG0002513;N13.HOG0004716;N13.HOG0006141;N13.HOG0006585;N13.HOG0006803;N13.HOG0007090	The last step in the formation of the neural tube, where the paired neural folds are brought together and fuse at the dorsal midline.
final_direct_conserved_plus_Dmel_experimental	300	weight01	fisher	20	none	Stage_pos	BP	GO:0040024	dauer larval development	31	6	2.08	2.8846153846153846	0.0153	weight01	6	N13.HOG0002513;N13.HOG0004432;N13.HOG0006803;N13.HOG0006822;N13.HOG0007679;N13.HOG0010427	The process whose specific outcome is the progression of the dauer larva over time, through the facultative diapause of the dauer (enduring) larval stage, with specialized traits adapted for dispersal and long-term survival, with elevated stress resistance and without feeding.
final_direct_conserved_plus_Dmel_experimental	300	weight01	fisher	20	none	Stage_pos	BP	GO:0040028	regulation of vulval development	31	6	2.08	2.8846153846153846	0.0153	weight01	6	N13.HOG0002533;N13.HOG0002731;N13.HOG0004256;N13.HOG0004580;N13.HOG0005134;N13.HOG0006689	Any process that modulates the frequency, rate or extent of development of the vulva. Vulval development is the process whose specific outcome is the progression of the egg-laying organ of female and hermaphrodite nematodes over time, from its formation to the mature structure. In nematodes, the vulva is formed from ventral epidermal cells during larval stages to give rise to a fully formed vulva in the adult.
final_direct_conserved_plus_Dmel_experimental	300	weight01	fisher	20	none	Stage_pos	BP	GO:0017015	regulation of transforming growth factor beta receptor signaling pathway	31	6	2.08	2.8846153846153846	0.0153	weight01	6	N13.HOG0005732;N13.HOG0007863;N13.HOG0009575;N13.HOG0010427;N13.HOG0010602;N13.HOG0010737	Any process that modulates the frequency, rate or extent of activity of any TGF-beta receptor signaling pathway.
final_direct_conserved_plus_Dmel_experimental	300	weight01	fisher	20	none	Stage_pos	BP	GO:0048066	developmental pigmentation	64	8	4.3	1.8604651162790697	0.01535	weight01	8	N13.HOG0000655;N13.HOG0002101;N13.HOG0002158;N13.HOG0002732;N13.HOG0005359;N13.HOG0005980;N13.HOG0006456;N13.HOG0006776	The developmental process that results in the deposition of coloring matter in an organism, tissue or cell.
final_direct_conserved_plus_Dmel_experimental	300	weight01	fisher	20	none	Stage_pos	BP	GO:0007416	synapse assembly	120	20	8.05	2.484472049689441	0.01542	weight01	20	N13.HOG0002492;N13.HOG0002533;N13.HOG0002535;N13.HOG0003121;N13.HOG0005256;N13.HOG0005427;N13.HOG0005432;N13.HOG0005711;N13.HOG0006141;N13.HOG0006237;N13.HOG0006301;N13.HOG0006426;N13.HOG0006585;N13.HOG0006776;N13.HOG0006948;N13.HOG0007368;N13.HOG0007679;N13.HOG0008418;N13.HOG0008557;N13.HOG0009196	The aggregation, arrangement and bonding together of a set of components to form a synapse. This process ends when the synapse is mature (functional).
final_direct_conserved_plus_Dmel_experimental	300	weight01	fisher	20	none	Stage_pos	BP	GO:0097306	cellular response to alcohol	40	7	2.68	2.6119402985074625	0.01559	weight01	7	N13.HOG0003121;N13.HOG0005004;N13.HOG0005196;N13.HOG0005941;N13.HOG0006201;N13.HOG0006304;N13.HOG0006522	Any process that results in a change in state or activity of a cell (in terms of movement, secretion, enzyme production, gene expression, etc.) as a result of an alcohol stimulus.
final_direct_conserved_plus_Dmel_experimental	300	weight01	fisher	20	none	Stage_pos	BP	GO:0060348	bone development	40	7	2.68	2.6119402985074625	0.01559	weight01	7	N13.HOG0003884;N13.HOG0006200;N13.HOG0006670;N13.HOG0007176;N13.HOG0007309;N13.HOG0007572;N13.HOG0008253	The process whose specific outcome is the progression of bone over time, from its formation to the mature structure. Bone is the hard skeletal connective tissue consisting of both mineral and cellular components.
final_direct_conserved_plus_Dmel_experimental	300	weight01	fisher	20	none	Stage_pos	BP	GO:0046928	regulation of neurotransmitter secretion	40	7	2.68	2.6119402985074625	0.01559	weight01	7	N13.HOG0002374;N13.HOG0003908;N13.HOG0005678;N13.HOG0007204;N13.HOG0008418;N13.HOG0009450;N13.HOG0009666	Any process that modulates the frequency, rate or extent of the regulated release of a neurotransmitter from a cell.
final_direct_conserved_plus_Dmel_experimental	300	weight01	fisher	20	none	Stage_pos	BP	GO:0007169	cell surface receptor protein tyrosine kinase signaling pathway	242	37	16.24	2.2783251231527095	0.01615	weight01	37	N13.HOG0000931;N13.HOG0002051;N13.HOG0002643;N13.HOG0002644;N13.HOG0004256;N13.HOG0004432;N13.HOG0004580;N13.HOG0004613;N13.HOG0004652;N13.HOG0004926;N13.HOG0005180;N13.HOG0005196;N13.HOG0005581;N13.HOG0005713;N13.HOG0005722;N13.HOG0005732;N13.HOG0006055;N13.HOG0006141;N13.HOG0006200;N13.HOG0006667;N13.HOG0006803;N13.HOG0006816;N13.HOG0006939;N13.HOG0007176;N13.HOG0007309;N13.HOG0007368;N13.HOG0007572;N13.HOG0007616;N13.HOG0007679;N13.HOG0007699;N13.HOG0008074;N13.HOG0008458;N13.HOG0008518;N13.HOG0008749;N13.HOG0008757;N13.HOG0010506;N13.HOG0010602	The series of molecular signals initiated by an extracellular ligand binding to a receptor on the surface of the target cell where the receptor possesses tyrosine kinase activity, and ending with the regulation of a downstream cellular process, e.g. transcription.
final_direct_conserved_plus_Dmel_experimental	300	weight01	fisher	20	none	Stage_pos	BP	GO:0051050	positive regulation of transport	258	32	17.32	1.8475750577367205	0.01617	weight01	32	N13.HOG0000700;N13.HOG0002101;N13.HOG0002374;N13.HOG0002643;N13.HOG0002644;N13.HOG0003908;N13.HOG0004118;N13.HOG0004432;N13.HOG0004668;N13.HOG0004920;N13.HOG0005050;N13.HOG0005611;N13.HOG0005941;N13.HOG0006141;N13.HOG0006201;N13.HOG0006237;N13.HOG0006383;N13.HOG0006522;N13.HOG0007176;N13.HOG0007309;N13.HOG0007368;N13.HOG0007616;N13.HOG0007699;N13.HOG0008028;N13.HOG0008311;N13.HOG0008458;N13.HOG0008557;N13.HOG0008910;N13.HOG0008919;N13.HOG0009575;N13.HOG0009960;N13.HOG0010567	NA
final_direct_conserved_plus_Dmel_experimental	300	weight01	fisher	20	none	Stage_pos	BP	GO:1902667	regulation of axon guidance	23	5	1.54	3.2467532467532467	0.01622	weight01	5	N13.HOG0002513;N13.HOG0002533;N13.HOG0005551;N13.HOG0007863;N13.HOG0008096	Any process that modulates the frequency, rate or extent of axon guidance.
final_direct_conserved_plus_Dmel_experimental	300	weight01	fisher	20	none	Stage_pos	BP	GO:0031646	positive regulation of nervous system process	23	5	1.54	3.2467532467532467	0.01622	weight01	5	N13.HOG0002374;N13.HOG0006635;N13.HOG0007176;N13.HOG0007204;N13.HOG0007368	Any process that activates or increases the frequency, rate or extent of a neurophysiological process.
final_direct_conserved_plus_Dmel_experimental	300	weight01	fisher	20	none	Stage_pos	BP	GO:0050670	regulation of lymphocyte proliferation	23	5	1.54	3.2467532467532467	0.01622	weight01	5	N13.HOG0002789;N13.HOG0005004;N13.HOG0005196;N13.HOG0005823;N13.HOG0009195	NA
final_direct_conserved_plus_Dmel_experimental	300	weight01	fisher	20	none	Stage_pos	BP	GO:0045570	regulation of imaginal disc growth	23	5	1.54	3.2467532467532467	0.01622	weight01	5	N13.HOG0005480;N13.HOG0006055;N13.HOG0006201;N13.HOG0007679;N13.HOG0008258	Any process that modulates the frequency, rate or extent of the growth of the imaginal disc.
final_direct_conserved_plus_Dmel_experimental	300	weight01	fisher	20	none	Stage_pos	BP	GO:0030856	regulation of epithelial cell differentiation	23	5	1.54	3.2467532467532467	0.01622	weight01	5	N13.HOG0004256;N13.HOG0004716;N13.HOG0005196;N13.HOG0007090;N13.HOG0009524	Any process that modulates the frequency, rate or extent of epithelial cell differentiation.
final_direct_conserved_plus_Dmel_experimental	300	weight01	fisher	20	none	Stage_pos	BP	GO:0045638	negative regulation of myeloid cell differentiation	23	5	1.54	3.2467532467532467	0.01622	weight01	5	N13.HOG0002535;N13.HOG0002731;N13.HOG0004432;N13.HOG0005196;N13.HOG0007368	Any process that stops, prevents, or reduces the frequency, rate or extent of myeloid cell differentiation.
final_direct_conserved_plus_Dmel_experimental	300	weight01	fisher	20	none	Stage_pos	BP	GO:0001570	vasculogenesis	23	5	1.54	3.2467532467532467	0.01622	weight01	5	N13.HOG0001944;N13.HOG0002101;N13.HOG0005196;N13.HOG0007368;N13.HOG0009996	The differentiation of endothelial cells from progenitor cells during blood vessel development, and the de novo formation of blood vessels and tubes.
final_direct_conserved_plus_Dmel_experimental	300	weight01	fisher	20	none	Stage_pos	BP	GO:0007009	plasma membrane organization	41	7	2.75	2.5454545454545454	0.01776	weight01	7	N13.HOG0002731;N13.HOG0007178;N13.HOG0007616;N13.HOG0007699;N13.HOG0008795;N13.HOG0009195;N13.HOG0009426	A process that is carried out at the cellular level which results in the assembly, arrangement of constituent parts, or disassembly of the plasma membrane.
final_direct_conserved_plus_Dmel_experimental	300	weight01	fisher	20	none	Stage_pos	BP	GO:0031016	pancreas development	32	6	2.15	2.7906976744186047	0.0178	weight01	6	N13.HOG0004256;N13.HOG0005196;N13.HOG0005432;N13.HOG0007090;N13.HOG0009524;N13.HOG0010567	The process whose specific outcome is the progression of the pancreas over time, from its formation to the mature structure. The pancreas is an endoderm derived structure that produces precursors of digestive enzymes and blood glucose regulating hormones.
final_direct_conserved_plus_Dmel_experimental	300	weight01	fisher	20	none	Stage_pos	BP	GO:0008544	epidermis development	88	13	5.91	2.1996615905245345	0.01798	weight01	13	N13.HOG0002101;N13.HOG0002513;N13.HOG0002535;N13.HOG0002977;N13.HOG0003201;N13.HOG0003884;N13.HOG0004256;N13.HOG0005196;N13.HOG0005256;N13.HOG0005722;N13.HOG0005723;N13.HOG0006055;N13.HOG0010752	The process whose specific outcome is the progression of the epidermis over time, from its formation to the mature structure. The epidermis is the outer epithelial layer of an animal, it may be a single layer that produces an extracellular material (e.g. the cuticle of arthropods) or a complex stratified squamous epithelium, as in the case of many vertebrate species.
final_direct_conserved_plus_Dmel_experimental	300	weight01	fisher	20	none	Stage_pos	BP	GO:0043065	positive regulation of apoptotic process	180	20	12.08	1.6556291390728477	0.01798	weight01	20	N13.HOG0002374;N13.HOG0002643;N13.HOG0002644;N13.HOG0002731;N13.HOG0003337;N13.HOG0004256;N13.HOG0004978;N13.HOG0005196;N13.HOG0005941;N13.HOG0006141;N13.HOG0006201;N13.HOG0006304;N13.HOG0006672;N13.HOG0007104;N13.HOG0007679;N13.HOG0007699;N13.HOG0008319;N13.HOG0008919;N13.HOG0010427;N13.HOG0010567	Any process that activates or increases the frequency, rate or extent of cell death by apoptotic process.
final_direct_conserved_plus_Dmel_experimental	300	weight01	fisher	20	none	Stage_pos	BP	GO:0031400	negative regulation of protein modification process	199	22	13.36	1.6467065868263473	0.01886	weight01	22	N13.HOG0000931;N13.HOG0003398;N13.HOG0004256;N13.HOG0004432;N13.HOG0005134;N13.HOG0005196;N13.HOG0005256;N13.HOG0005611;N13.HOG0005709;N13.HOG0005711;N13.HOG0006141;N13.HOG0007050;N13.HOG0007204;N13.HOG0007368;N13.HOG0008028;N13.HOG0008074;N13.HOG0008311;N13.HOG0008418;N13.HOG0008557;N13.HOG0008749;N13.HOG0009138;N13.HOG0010567	Any process that stops, prevents, or reduces the frequency, rate or extent of the covalent alteration of one or more amino acid residues within a protein.
final_direct_conserved_plus_Dmel_experimental	300	weight01	fisher	20	none	Stage_pos	BP	GO:0010770	positive regulation of cell morphogenesis	51	8	3.42	2.3391812865497075	0.0189	weight01	8	N13.HOG0002533;N13.HOG0002643;N13.HOG0002644;N13.HOG0005569;N13.HOG0006141;N13.HOG0007204;N13.HOG0007699;N13.HOG0010427	Any process that increases the frequency, rate or extent of cell morphogenesis contributing to cell differentiation. Cell morphogenesis involved in differentiation is the change in form (cell shape and size) that occurs when relatively unspecialized cells acquire specialized structural and/or functional features that characterize the cells, tissues, or organs of the mature organism or some other relatively stable phase of the organism's life history.
final_direct_conserved_plus_Dmel_experimental	300	weight01	fisher	20	none	Stage_pos	BP	GO:0045921	positive regulation of exocytosis	24	5	1.61	3.105590062111801	0.0194	weight01	5	N13.HOG0002374;N13.HOG0002643;N13.HOG0002644;N13.HOG0003908;N13.HOG0004668	Any process that activates or increases the frequency, rate or extent of exocytosis.
final_direct_conserved_plus_Dmel_experimental	300	weight01	fisher	20	none	Stage_pos	BP	GO:0010771	negative regulation of cell morphogenesis	24	5	1.61	3.105590062111801	0.0194	weight01	5	N13.HOG0002533;N13.HOG0005432;N13.HOG0005581;N13.HOG0007368;N13.HOG0008096	Any process that decreases the frequency, rate or extent of cell morphogenesis contributing to cell differentiation. Cell morphogenesis involved in differentiation is the change in form (cell shape and size) that occurs when relatively unspecialized cells acquire specialized structural and/or functional features that characterize the cells, tissues, or organs of the mature organism or some other relatively stable phase of the organism's life history.
final_direct_conserved_plus_Dmel_experimental	300	weight01	fisher	20	none	Stage_pos	BP	GO:0045639	positive regulation of myeloid cell differentiation	24	5	1.61	3.105590062111801	0.0194	weight01	5	N13.HOG0002643;N13.HOG0002644;N13.HOG0002731;N13.HOG0004652;N13.HOG0006670	Any process that activates or increases the frequency, rate or extent of myeloid cell differentiation.
final_direct_conserved_plus_Dmel_experimental	300	weight01	fisher	20	none	Stage_pos	BP	GO:0032272	negative regulation of protein polymerization	24	5	1.61	3.105590062111801	0.0194	weight01	5	N13.HOG0000931;N13.HOG0005581;N13.HOG0006018;N13.HOG0006237;N13.HOG0006635	Any process that stops, prevents, or reduces the frequency, rate or extent of the process of creating protein polymers.
final_direct_conserved_plus_Dmel_experimental	300	weight01	fisher	20	none	Stage_pos	BP	GO:0009611	response to wounding	189	29	12.69	2.285263987391647	0.01966	weight01	29	N13.HOG0001944;N13.HOG0002643;N13.HOG0002644;N13.HOG0003884;N13.HOG0003908;N13.HOG0004082;N13.HOG0004432;N13.HOG0004613;N13.HOG0005256;N13.HOG0005427;N13.HOG0005581;N13.HOG0005941;N13.HOG0006200;N13.HOG0006201;N13.HOG0006304;N13.HOG0006585;N13.HOG0006894;N13.HOG0007050;N13.HOG0007176;N13.HOG0007309;N13.HOG0007368;N13.HOG0007679;N13.HOG0008074;N13.HOG0008096;N13.HOG0008388;N13.HOG0009185;N13.HOG0009321;N13.HOG0009354;N13.HOG0010752	Any process that results in a change in state or activity of a cell or an organism (in terms of movement, secretion, enzyme production, gene expression, etc.) as a result of a stimulus indicating damage to the organism.
final_direct_conserved_plus_Dmel_experimental	300	weight01	fisher	20	none	Stage_pos	MF	GO:0003779	actin binding	99	24	6.87	3.493449781659389	4.7e-7	weight01	24	N13.HOG0000931;N13.HOG0002643;N13.HOG0002644;N13.HOG0004062;N13.HOG0004118;N13.HOG0004558;N13.HOG0005038;N13.HOG0005052;N13.HOG0005377;N13.HOG0005457;N13.HOG0005480;N13.HOG0005569;N13.HOG0005709;N13.HOG0005741;N13.HOG0005848;N13.HOG0006141;N13.HOG0006304;N13.HOG0006585;N13.HOG0006635;N13.HOG0006948;N13.HOG0007176;N13.HOG0007368;N13.HOG0008418;N13.HOG0008501	Binding to monomeric or multimeric forms of actin, including actin filaments.
final_direct_conserved_plus_Dmel_experimental	300	weight01	fisher	20	none	Stage_pos	MF	GO:0017124	SH3 domain binding	38	13	2.64	4.924242424242424	7.3e-7	weight01	13	N13.HOG0006141;N13.HOG0006237;N13.HOG0006426;N13.HOG0006585;N13.HOG0006667;N13.HOG0007176;N13.HOG0007178;N13.HOG0007616;N13.HOG0007679;N13.HOG0007863;N13.HOG0008749;N13.HOG0009354;N13.HOG0009960	Binding to a SH3 domain (Src homology 3) of a protein, small protein modules containing approximately 50 amino acid residues found in a great variety of intracellular or membrane-associated proteins.
final_direct_conserved_plus_Dmel_experimental	300	weight01	fisher	20	none	Stage_pos	MF	GO:0031267	small GTPase binding	134	24	9.3	2.5806451612903225	1.1e-5	weight01	24	N13.HOG0002374;N13.HOG0003337;N13.HOG0004009;N13.HOG0004920;N13.HOG0005457;N13.HOG0005611;N13.HOG0005980;N13.HOG0006237;N13.HOG0006426;N13.HOG0006456;N13.HOG0007176;N13.HOG0007355;N13.HOG0007368;N13.HOG0008028;N13.HOG0008074;N13.HOG0008253;N13.HOG0008308;N13.HOG0008565;N13.HOG0008728;N13.HOG0008795;N13.HOG0009426;N13.HOG0009802;N13.HOG0009888;N13.HOG0010997	Binding to a small monomeric GTPase.
final_direct_conserved_plus_Dmel_experimental	300	weight01	fisher	20	none	Stage_pos	MF	GO:0001227	DNA-binding transcription repressor activity, RNA polymerase II-specific	53	13	3.68	3.532608695652174	4.4e-5	weight01	13	N13.HOG0002732;N13.HOG0003867;N13.HOG0004082;N13.HOG0004691;N13.HOG0004716;N13.HOG0005432;N13.HOG0005532;N13.HOG0006074;N13.HOG0006816;N13.HOG0006939;N13.HOG0009138;N13.HOG0009831;N13.HOG0010737	A DNA-binding transcription factor activity that represses or decreases the transcription of specific gene sets transcribed by RNA polymerase II.
final_direct_conserved_plus_Dmel_experimental	300	weight01	fisher	20	none	Stage_pos	MF	GO:0038023	signaling receptor activity	149	21	10.34	2.030947775628627	1.3e-4	weight01	21	N13.HOG0001915;N13.HOG0002167;N13.HOG0002200;N13.HOG0002374;N13.HOG0002533;N13.HOG0002643;N13.HOG0002644;N13.HOG0003398;N13.HOG0004652;N13.HOG0005004;N13.HOG0005542;N13.HOG0005664;N13.HOG0005711;N13.HOG0005796;N13.HOG0006006;N13.HOG0006055;N13.HOG0006216;N13.HOG0006776;N13.HOG0007368;N13.HOG0008096;N13.HOG0009996	Receiving a signal and transmitting it in the cell to initiate a change in cell activity. A signal is a physical entity or change in state that is used to transfer information in order to trigger a response.
final_direct_conserved_plus_Dmel_experimental	300	weight01	fisher	20	none	Stage_pos	MF	GO:0050839	cell adhesion molecule binding	61	14	4.23	3.3096926713947985	5.3e-4	weight01	14	N13.HOG0002643;N13.HOG0002644;N13.HOG0004613;N13.HOG0005196;N13.HOG0005711;N13.HOG0005796;N13.HOG0006304;N13.HOG0006776;N13.HOG0006948;N13.HOG0007309;N13.HOG0007368;N13.HOG0007863;N13.HOG0008096;N13.HOG0009888	Binding to a cell adhesion molecule.
final_direct_conserved_plus_Dmel_experimental	300	weight01	fisher	20	none	Stage_pos	MF	GO:0005102	signaling receptor binding	291	42	20.2	2.0792079207920793	6.9e-4	weight01	42	N13.HOG0002533;N13.HOG0002643;N13.HOG0002644;N13.HOG0004432;N13.HOG0004580;N13.HOG0004613;N13.HOG0004652;N13.HOG0004920;N13.HOG0005004;N13.HOG0005196;N13.HOG0005432;N13.HOG0005551;N13.HOG0005713;N13.HOG0005722;N13.HOG0005732;N13.HOG0005941;N13.HOG0006141;N13.HOG0006201;N13.HOG0006383;N13.HOG0006522;N13.HOG0006585;N13.HOG0006667;N13.HOG0006670;N13.HOG0006672;N13.HOG0006894;N13.HOG0006948;N13.HOG0007309;N13.HOG0007368;N13.HOG0007616;N13.HOG0007863;N13.HOG0008096;N13.HOG0008418;N13.HOG0008458;N13.HOG0008518;N13.HOG0008749;N13.HOG0008757;N13.HOG0008919;N13.HOG0009185;N13.HOG0009575;N13.HOG0009888;N13.HOG0009960;N13.HOG0011311	Binding to one or more specific sites on a receptor molecule, a macromolecule that undergoes combination with a hormone, neurotransmitter, drug or intracellular messenger to initiate a change in cell function.
final_direct_conserved_plus_Dmel_experimental	300	weight01	fisher	20	none	Stage_pos	MF	GO:0005096	GTPase activator activity	73	13	5.07	2.564102564102564	0.00128	weight01	13	N13.HOG0004432;N13.HOG0004920;N13.HOG0005611;N13.HOG0006237;N13.HOG0006426;N13.HOG0006894;N13.HOG0007178;N13.HOG0007204;N13.HOG0008253;N13.HOG0008728;N13.HOG0008757;N13.HOG0009888;N13.HOG0010506	Binds to and increases the activity of a GTPase, an enzyme that catalyzes the hydrolysis of GTP.
final_direct_conserved_plus_Dmel_experimental	300	weight01	fisher	20	none	Stage_pos	MF	GO:0008017	microtubule binding	92	15	6.39	2.347417840375587	0.00142	weight01	15	N13.HOG0000931;N13.HOG0003121;N13.HOG0004009;N13.HOG0004118;N13.HOG0004256;N13.HOG0005038;N13.HOG0005125;N13.HOG0005569;N13.HOG0005581;N13.HOG0005597;N13.HOG0005741;N13.HOG0006018;N13.HOG0006522;N13.HOG0008499;N13.HOG0009802	Binding to a microtubule, a filament composed of tubulin monomers.
final_direct_conserved_plus_Dmel_experimental	300	weight01	fisher	20	none	Stage_pos	MF	GO:0004674	protein serine/threonine kinase activity	111	17	7.71	2.204928664072633	0.00143	weight01	17	N13.HOG0002713;N13.HOG0004252;N13.HOG0004580;N13.HOG0004620;N13.HOG0004848;N13.HOG0005252;N13.HOG0005597;N13.HOG0006667;N13.HOG0007355;N13.HOG0007368;N13.HOG0007572;N13.HOG0008125;N13.HOG0008557;N13.HOG0008565;N13.HOG0009851;N13.HOG0010276;N13.HOG0010427	Catalysis of the reactions: ATP + protein serine = ADP + protein serine phosphate, and ATP + protein threonine = ADP + protein threonine phosphate.
final_direct_conserved_plus_Dmel_experimental	300	weight01	fisher	20	none	Stage_pos	MF	GO:0004713	protein tyrosine kinase activity	33	8	2.29	3.493449781659389	0.00146	weight01	8	N13.HOG0004252;N13.HOG0004580;N13.HOG0004620;N13.HOG0004652;N13.HOG0005722;N13.HOG0006141;N13.HOG0006667;N13.HOG0007368	Catalysis of the reaction: ATP + a protein tyrosine = ADP + protein tyrosine phosphate.
final_direct_conserved_plus_Dmel_experimental	300	weight01	fisher	20	none	Stage_pos	MF	GO:0042803	protein homodimerization activity	255	30	17.7	1.6949152542372883	0.00247	weight01	30	N13.HOG0000700;N13.HOG0000931;N13.HOG0001430;N13.HOG0002101;N13.HOG0002374;N13.HOG0002533;N13.HOG0002535;N13.HOG0002731;N13.HOG0002732;N13.HOG0004009;N13.HOG0004062;N13.HOG0004883;N13.HOG0004926;N13.HOG0005004;N13.HOG0005134;N13.HOG0005252;N13.HOG0005542;N13.HOG0005569;N13.HOG0005941;N13.HOG0006201;N13.HOG0006512;N13.HOG0006894;N13.HOG0006993;N13.HOG0007050;N13.HOG0007405;N13.HOG0007616;N13.HOG0007699;N13.HOG0007863;N13.HOG0008308;N13.HOG0008418	Binding to an identical protein to form a homodimer.
final_direct_conserved_plus_Dmel_experimental	300	weight01	fisher	20	none	Stage_pos	MF	GO:0019901	protein kinase binding	206	29	14.3	2.027972027972028	0.0029	weight01	29	N13.HOG0000931;N13.HOG0001944;N13.HOG0002533;N13.HOG0002643;N13.HOG0002644;N13.HOG0003398;N13.HOG0004256;N13.HOG0004432;N13.HOG0004652;N13.HOG0004920;N13.HOG0005125;N13.HOG0005196;N13.HOG0005569;N13.HOG0005723;N13.HOG0006018;N13.HOG0006141;N13.HOG0006522;N13.HOG0006672;N13.HOG0007309;N13.HOG0007368;N13.HOG0007616;N13.HOG0007863;N13.HOG0008308;N13.HOG0008418;N13.HOG0008458;N13.HOG0008518;N13.HOG0008557;N13.HOG0009185;N13.HOG0010228	Binding to a protein kinase, any enzyme that catalyzes the transfer of a phosphate group, usually from ATP, to a protein substrate.
final_direct_conserved_plus_Dmel_experimental	300	weight01	fisher	20	none	Stage_pos	MF	GO:0008092	cytoskeletal protein binding	273	50	18.95	2.638522427440633	0.00316	weight01	50	N13.HOG0000931;N13.HOG0002158;N13.HOG0002374;N13.HOG0002643;N13.HOG0002644;N13.HOG0003121;N13.HOG0003398;N13.HOG0004009;N13.HOG0004062;N13.HOG0004118;N13.HOG0004256;N13.HOG0004558;N13.HOG0005038;N13.HOG0005052;N13.HOG0005125;N13.HOG0005256;N13.HOG0005377;N13.HOG0005457;N13.HOG0005480;N13.HOG0005569;N13.HOG0005581;N13.HOG0005597;N13.HOG0005709;N13.HOG0005711;N13.HOG0005741;N13.HOG0005848;N13.HOG0006018;N13.HOG0006141;N13.HOG0006304;N13.HOG0006383;N13.HOG0006522;N13.HOG0006585;N13.HOG0006635;N13.HOG0006948;N13.HOG0007176;N13.HOG0007355;N13.HOG0007368;N13.HOG0007788;N13.HOG0008028;N13.HOG0008253;N13.HOG0008388;N13.HOG0008418;N13.HOG0008499;N13.HOG0008501;N13.HOG0008557;N13.HOG0008749;N13.HOG0009185;N13.HOG0009426;N13.HOG0009450;N13.HOG0009802	Binding to a protein component of a cytoskeleton (actin, microtubule, or intermediate filament cytoskeleton).
final_direct_conserved_plus_Dmel_experimental	300	weight01	fisher	20	none	Stage_pos	MF	GO:0003700	DNA-binding transcription factor activity	239	40	16.59	2.4110910186859553	0.00334	weight01	40	N13.HOG0000655;N13.HOG0001944;N13.HOG0002513;N13.HOG0002535;N13.HOG0002731;N13.HOG0002732;N13.HOG0003121;N13.HOG0003867;N13.HOG0003884;N13.HOG0004009;N13.HOG0004082;N13.HOG0004476;N13.HOG0004691;N13.HOG0004716;N13.HOG0004933;N13.HOG0004947;N13.HOG0005004;N13.HOG0005196;N13.HOG0005432;N13.HOG0005452;N13.HOG0005532;N13.HOG0005542;N13.HOG0005655;N13.HOG0005848;N13.HOG0006074;N13.HOG0006218;N13.HOG0006512;N13.HOG0006816;N13.HOG0006939;N13.HOG0007090;N13.HOG0007649;N13.HOG0007864;N13.HOG0008311;N13.HOG0008757;N13.HOG0009138;N13.HOG0009524;N13.HOG0009666;N13.HOG0009831;N13.HOG0010567;N13.HOG0010737	A transcription regulator activity that modulates transcription of gene sets via selective and non-covalent binding to a specific double-stranded genomic DNA sequence (sometimes referred to as a motif) within a cis-regulatory region. Regulatory regions include promoters (proximal and distal) and enhancers. Genes are transcriptional units, and include bacterial operons.
final_direct_conserved_plus_Dmel_experimental	300	weight01	fisher	20	none	Stage_pos	MF	GO:0046982	protein heterodimerization activity	142	19	9.86	1.926977687626775	0.00383	weight01	19	N13.HOG0000700;N13.HOG0001944;N13.HOG0002374;N13.HOG0002533;N13.HOG0002643;N13.HOG0002644;N13.HOG0003121;N13.HOG0004432;N13.HOG0004705;N13.HOG0005004;N13.HOG0005196;N13.HOG0005542;N13.HOG0005941;N13.HOG0006201;N13.HOG0006218;N13.HOG0006304;N13.HOG0007405;N13.HOG0009524;N13.HOG0010567	Binding to a nonidentical protein to form a heterodimer.
final_direct_conserved_plus_Dmel_experimental	300	weight01	fisher	20	none	Stage_pos	MF	GO:0005543	phospholipid binding	110	15	7.64	1.9633507853403143	0.00507	weight01	15	N13.HOG0000700;N13.HOG0002012;N13.HOG0002374;N13.HOG0003337;N13.HOG0005569;N13.HOG0005611;N13.HOG0006237;N13.HOG0007178;N13.HOG0007616;N13.HOG0007699;N13.HOG0008279;N13.HOG0008458;N13.HOG0008757;N13.HOG0009575;N13.HOG0010506	Binding to a phospholipid, a class of lipids containing phosphoric acid as a mono- or diester.
final_direct_conserved_plus_Dmel_experimental	300	weight01	fisher	20	none	Stage_pos	MF	GO:0035591	signaling adaptor activity	32	7	2.22	3.153153153153153	0.00536	weight01	7	N13.HOG0003398;N13.HOG0004432;N13.HOG0006301;N13.HOG0006426;N13.HOG0007309;N13.HOG0008518;N13.HOG0008749	The binding activity of a molecule that brings together two or more molecules in a signaling pathway, permitting those molecules to function in a coordinated way. Adaptor molecules themselves do not have catalytic activity.
final_direct_conserved_plus_Dmel_experimental	300	weight01	fisher	20	none	Stage_pos	MF	GO:0005126	cytokine receptor binding	34	7	2.36	2.9661016949152543	0.0076	weight01	7	N13.HOG0002643;N13.HOG0002644;N13.HOG0004432;N13.HOG0005941;N13.HOG0006201;N13.HOG0006672;N13.HOG0009575	Binding to a cytokine receptor.
final_direct_conserved_plus_Dmel_experimental	300	weight01	fisher	20	none	Stage_pos	MF	GO:0051015	actin filament binding	43	8	2.98	2.684563758389262	0.00834	weight01	8	N13.HOG0004118;N13.HOG0005377;N13.HOG0005457;N13.HOG0005741;N13.HOG0006141;N13.HOG0006304;N13.HOG0008418;N13.HOG0008501	Binding to an actin filament, also known as F-actin, a helical filamentous polymer of globular G-actin subunits.
final_direct_conserved_plus_Dmel_experimental	300	weight01	fisher	20	none	Stage_pos	MF	GO:0019904	protein domain specific binding	236	38	16.38	2.31990231990232	0.00927	weight01	38	N13.HOG0002374;N13.HOG0002535;N13.HOG0002643;N13.HOG0002644;N13.HOG0004432;N13.HOG0004883;N13.HOG0005196;N13.HOG0005427;N13.HOG0005432;N13.HOG0005569;N13.HOG0005711;N13.HOG0005848;N13.HOG0006141;N13.HOG0006237;N13.HOG0006426;N13.HOG0006585;N13.HOG0006667;N13.HOG0006672;N13.HOG0006948;N13.HOG0007104;N13.HOG0007176;N13.HOG0007178;N13.HOG0007309;N13.HOG0007368;N13.HOG0007616;N13.HOG0007679;N13.HOG0007863;N13.HOG0008096;N13.HOG0008125;N13.HOG0008388;N13.HOG0008418;N13.HOG0008458;N13.HOG0008749;N13.HOG0009354;N13.HOG0009450;N13.HOG0009960;N13.HOG0010427;N13.HOG0010752	Binding to a specific domain of a protein.
final_direct_conserved_plus_Dmel_experimental	300	weight01	fisher	20	none	Stage_pos	MF	GO:0003713	transcription coactivator activity	92	13	6.39	2.0344287949921753	0.01012	weight01	13	N13.HOG0001944;N13.HOG0004716;N13.HOG0004978;N13.HOG0005196;N13.HOG0005452;N13.HOG0006993;N13.HOG0007319;N13.HOG0007446;N13.HOG0007649;N13.HOG0008096;N13.HOG0009960;N13.HOG0010567;N13.HOG0010752	A transcription coregulator activity that activates or increases the transcription of specific gene sets via binding to a DNA-binding transcription factor at a specific genomic locus, either on its own or as part of a complex. Coactivators often act by altering chromatin structure and modifications. For example, one class of transcription coactivators modifies chromatin structure through covalent modification of histones. A second class remodels the conformation of chromatin in an ATP-dependent fashion. A third class modulates interactions of DNA-bound DNA-binding transcription factors with other transcription coregulators. A fourth class of coactivator activity is the bridging of a DNA-binding transcription factor to the general (basal) transcription machinery. The Mediator complex, which bridges sequence-specific DNA binding transcription factors and RNA polymerase, is also a transcription coactivator.
final_direct_conserved_plus_Dmel_experimental	300	weight01	fisher	20	none	Stage_pos	MF	GO:0000977	RNA polymerase II transcription regulatory region sequence-specific DNA binding	152	22	10.55	2.0853080568720377	0.01053	weight01	22	N13.HOG0001944;N13.HOG0002513;N13.HOG0002731;N13.HOG0002732;N13.HOG0003121;N13.HOG0003884;N13.HOG0004082;N13.HOG0004716;N13.HOG0004933;N13.HOG0004947;N13.HOG0005004;N13.HOG0005432;N13.HOG0006816;N13.HOG0007090;N13.HOG0007649;N13.HOG0008125;N13.HOG0009138;N13.HOG0009304;N13.HOG0009524;N13.HOG0009666;N13.HOG0010567;N13.HOG0010737	Binding to a specific sequence of DNA that is part of a regulatory region that controls the transcription of a gene or cistron by RNA polymerase II.
final_direct_conserved_plus_Dmel_experimental	300	weight01	fisher	20	none	Stage_pos	MF	GO:0000978	RNA polymerase II cis-regulatory region sequence-specific DNA binding	115	15	7.98	1.8796992481203008	0.01228	weight01	15	N13.HOG0001944;N13.HOG0002513;N13.HOG0002731;N13.HOG0003121;N13.HOG0004082;N13.HOG0004716;N13.HOG0005004;N13.HOG0005432;N13.HOG0007090;N13.HOG0007649;N13.HOG0008125;N13.HOG0009524;N13.HOG0009666;N13.HOG0010567;N13.HOG0010737	Binding to a specific upstream regulatory DNA sequence (transcription factor recognition sequence or binding site) located in cis relative to the transcription start site (i.e., on the same strand of DNA) of a gene transcribed by RNA polymerase II.
final_direct_conserved_plus_Dmel_experimental	300	weight01	fisher	20	none	Stage_pos	MF	GO:0017022	myosin binding	38	7	2.64	2.6515151515151514	0.01407	weight01	7	N13.HOG0000931;N13.HOG0003398;N13.HOG0005711;N13.HOG0005848;N13.HOG0007355;N13.HOG0008557;N13.HOG0008749	Binding to a myosin; myosins are any of a superfamily of molecular motor proteins that bind to actin and use the energy of ATP hydrolysis to generate force and movement along actin filaments.
final_direct_conserved_plus_Dmel_experimental	300	weight01	fisher	20	none	Stage_pos	MF	GO:0003714	transcription corepressor activity	57	9	3.96	2.272727272727273	0.01541	weight01	9	N13.HOG0001764;N13.HOG0002513;N13.HOG0002535;N13.HOG0004082;N13.HOG0005432;N13.HOG0005480;N13.HOG0006218;N13.HOG0007319;N13.HOG0010713	A transcription coregulator activity that represses or decreases the transcription of specific gene sets via binding to a DNA-binding transcription factor at a specific genomic locus, either on its own or as part of a complex. Corepressors often act by altering chromatin structure and modifications. For example, one class of transcription corepressors modifies chromatin structure through covalent modification of histones. A second class remodels the conformation of chromatin in an ATP-dependent fashion. A third class modulates interactions of DNA-bound DNA-binding transcription factors with other transcription coregulators.
final_direct_conserved_plus_Dmel_experimental	300	weight01	fisher	20	none	Stage_pos	MF	GO:0003777	microtubule motor activity	40	7	2.78	2.5179856115107917	0.01846	weight01	7	N13.HOG0004118;N13.HOG0005035;N13.HOG0006018;N13.HOG0006522;N13.HOG0007788;N13.HOG0009545;N13.HOG0009802	A motor activity that generates movement along a microtubule, driven by ATP hydrolysis.
final_direct_conserved_plus_Dmel_experimental	300	weight01	fisher	20	none	Stage_pos	MF	GO:0000976	transcription cis-regulatory region binding	193	28	13.4	2.08955223880597	0.01849	weight01	28	N13.HOG0001944;N13.HOG0002513;N13.HOG0002535;N13.HOG0002731;N13.HOG0002732;N13.HOG0003121;N13.HOG0003884;N13.HOG0004082;N13.HOG0004716;N13.HOG0004933;N13.HOG0004947;N13.HOG0005004;N13.HOG0005125;N13.HOG0005432;N13.HOG0005452;N13.HOG0006816;N13.HOG0007090;N13.HOG0007319;N13.HOG0007649;N13.HOG0008125;N13.HOG0008311;N13.HOG0008757;N13.HOG0009138;N13.HOG0009304;N13.HOG0009524;N13.HOG0009666;N13.HOG0010567;N13.HOG0010737	Binding to a specific sequence of DNA that is part of a regulatory region that controls transcription of that section of the DNA. The transcribed region might be described as a gene, cistron, or operon.
final_direct_conserved_plus_Dmel_experimental	300	weight01	fisher	20	none	Stage_pos	MF	GO:0043565	sequence-specific DNA binding	247	37	17.15	2.1574344023323615	0.01938	weight01	37	N13.HOG0000645;N13.HOG0000655;N13.HOG0001944;N13.HOG0002513;N13.HOG0002535;N13.HOG0002731;N13.HOG0002732;N13.HOG0003121;N13.HOG0003884;N13.HOG0004082;N13.HOG0004476;N13.HOG0004716;N13.HOG0004883;N13.HOG0004933;N13.HOG0004947;N13.HOG0005004;N13.HOG0005125;N13.HOG0005432;N13.HOG0005452;N13.HOG0005655;N13.HOG0006018;N13.HOG0006218;N13.HOG0006512;N13.HOG0006816;N13.HOG0007090;N13.HOG0007319;N13.HOG0007649;N13.HOG0008125;N13.HOG0008311;N13.HOG0008757;N13.HOG0009138;N13.HOG0009304;N13.HOG0009524;N13.HOG0009666;N13.HOG0009831;N13.HOG0010567;N13.HOG0010737	Binding to DNA of a specific nucleotide composition, e.g. GC-rich DNA binding, or with a specific sequence motif or type of DNA e.g. promotor binding or rDNA binding.
final_direct_conserved_plus_Dmel_experimental	300	weight01	fisher	20	none	Stage_pos	CC	GO:0030027	lamellipodium	53	23	3.55	6.47887323943662	3.9e-14	weight01	23	N13.HOG0002643;N13.HOG0002644;N13.HOG0003337;N13.HOG0004062;N13.HOG0004256;N13.HOG0005052;N13.HOG0005196;N13.HOG0005252;N13.HOG0005256;N13.HOG0005569;N13.HOG0005823;N13.HOG0006006;N13.HOG0006141;N13.HOG0006304;N13.HOG0006585;N13.HOG0006635;N13.HOG0007176;N13.HOG0007368;N13.HOG0008418;N13.HOG0008757;N13.HOG0009185;N13.HOG0009354;N13.HOG0009996	A thin sheetlike process extended by the leading edge of a migrating cell or extending cell process; contains a dense meshwork of actin filaments.
final_direct_conserved_plus_Dmel_experimental	300	weight01	fisher	20	none	Stage_pos	CC	GO:0005912	adherens junction	91	28	6.1	4.59016393442623	1.7e-12	weight01	28	N13.HOG0002643;N13.HOG0002644;N13.HOG0003398;N13.HOG0004256;N13.HOG0004432;N13.HOG0004613;N13.HOG0004926;N13.HOG0005196;N13.HOG0005256;N13.HOG0005377;N13.HOG0005480;N13.HOG0005569;N13.HOG0005581;N13.HOG0005711;N13.HOG0005723;N13.HOG0005848;N13.HOG0006141;N13.HOG0006304;N13.HOG0006585;N13.HOG0006635;N13.HOG0006667;N13.HOG0007176;N13.HOG0007178;N13.HOG0007368;N13.HOG0008388;N13.HOG0008418;N13.HOG0008565;N13.HOG0009354	A cell-cell junction composed of the epithelial cadherin-catenin complex. The epithelial cadherins, or E-cadherins, of each interacting cell extend through the plasma membrane into the extracellular space and bind to each other. The E-cadherins bind to catenins on the cytoplasmic side of the membrane, where the E-cadherin-catenin complex binds to cytoskeletal components and regulatory and signaling molecules.
final_direct_conserved_plus_Dmel_experimental	300	weight01	fisher	20	none	Stage_pos	CC	GO:0045179	apical cortex	26	12	1.74	6.8965517241379315	2.6e-8	weight01	12	N13.HOG0002101;N13.HOG0003398;N13.HOG0004009;N13.HOG0004022;N13.HOG0004256;N13.HOG0004978;N13.HOG0005432;N13.HOG0005480;N13.HOG0005723;N13.HOG0006141;N13.HOG0006672;N13.HOG0008418	The region that lies just beneath the plasma membrane on the apical edge of a cell.
final_direct_conserved_plus_Dmel_experimental	300	weight01	fisher	20	none	Stage_pos	CC	GO:0032432	actin filament bundle	20	10	1.34	7.462686567164178	1.6e-7	weight01	10	N13.HOG0000931;N13.HOG0004062;N13.HOG0004652;N13.HOG0005377;N13.HOG0005709;N13.HOG0005848;N13.HOG0006585;N13.HOG0007368;N13.HOG0008418;N13.HOG0009996	An assembly of actin filaments that are on the same axis but may be oriented with the same or opposite polarities and may be packed with different levels of tightness.
final_direct_conserved_plus_Dmel_experimental	300	weight01	fisher	20	none	Stage_pos	CC	GO:0042641	actomyosin	23	10	1.54	6.4935064935064934	8.1e-7	weight01	10	N13.HOG0004062;N13.HOG0004118;N13.HOG0004652;N13.HOG0005377;N13.HOG0005709;N13.HOG0005848;N13.HOG0006585;N13.HOG0007368;N13.HOG0008418;N13.HOG0009996	Any complex of actin, myosin, and accessory proteins.
final_direct_conserved_plus_Dmel_experimental	300	weight01	fisher	20	none	Stage_pos	CC	GO:0005886	plasma membrane	927	113	62.1	1.8196457326892108	7.2e-6	weight01	113	N13.HOG0000373;N13.HOG0000384;N13.HOG0000700;N13.HOG0000931;N13.HOG0001915;N13.HOG0002101;N13.HOG0002200;N13.HOG0002374;N13.HOG0002533;N13.HOG0002535;N13.HOG0002643;N13.HOG0002644;N13.HOG0002977;N13.HOG0003337;N13.HOG0003398;N13.HOG0003908;N13.HOG0004009;N13.HOG0004022;N13.HOG0004256;N13.HOG0004432;N13.HOG0004558;N13.HOG0004580;N13.HOG0004613;N13.HOG0004652;N13.HOG0004668;N13.HOG0004705;N13.HOG0004848;N13.HOG0004926;N13.HOG0004971;N13.HOG0004978;N13.HOG0005038;N13.HOG0005050;N13.HOG0005052;N13.HOG0005196;N13.HOG0005256;N13.HOG0005377;N13.HOG0005427;N13.HOG0005432;N13.HOG0005434;N13.HOG0005457;N13.HOG0005480;N13.HOG0005569;N13.HOG0005581;N13.HOG0005611;N13.HOG0005664;N13.HOG0005678;N13.HOG0005711;N13.HOG0005722;N13.HOG0005741;N13.HOG0005796;N13.HOG0005823;N13.HOG0005848;N13.HOG0006006;N13.HOG0006055;N13.HOG0006141;N13.HOG0006200;N13.HOG0006216;N13.HOG0006237;N13.HOG0006301;N13.HOG0006304;N13.HOG0006309;N13.HOG0006426;N13.HOG0006585;N13.HOG0006603;N13.HOG0006635;N13.HOG0006667;N13.HOG0006672;N13.HOG0006776;N13.HOG0006948;N13.HOG0007093;N13.HOG0007159;N13.HOG0007176;N13.HOG0007178;N13.HOG0007194;N13.HOG0007204;N13.HOG0007368;N13.HOG0007385;N13.HOG0007405;N13.HOG0007616;N13.HOG0007679;N13.HOG0007756;N13.HOG0007788;N13.HOG0007863;N13.HOG0008028;N13.HOG0008074;N13.HOG0008096;N13.HOG0008258;N13.HOG0008308;N13.HOG0008319;N13.HOG0008388;N13.HOG0008409;N13.HOG0008418;N13.HOG0008458;N13.HOG0008518;N13.HOG0008557;N13.HOG0008565;N13.HOG0008749;N13.HOG0008757;N13.HOG0008919;N13.HOG0009195;N13.HOG0009321;N13.HOG0009354;N13.HOG0009450;N13.HOG0009575;N13.HOG0009618;N13.HOG0009996;N13.HOG0010228;N13.HOG0010276;N13.HOG0010427;N13.HOG0010506;N13.HOG0010547;N13.HOG0010602;N13.HOG0010752	The membrane surrounding a cell that separates the cell from its external environment. It consists of a phospholipid bilayer and associated proteins.
final_direct_conserved_plus_Dmel_experimental	300	weight01	fisher	20	none	Stage_pos	CC	GO:0032154	cleavage furrow	30	10	2.01	4.975124378109453	1.4e-5	weight01	10	N13.HOG0002643;N13.HOG0002644;N13.HOG0004009;N13.HOG0004256;N13.HOG0005038;N13.HOG0005377;N13.HOG0005741;N13.HOG0006309;N13.HOG0006635;N13.HOG0007176	The cleavage furrow is a plasma membrane invagination at the cell division site. The cleavage furrow begins as a shallow groove and eventually deepens to divide the cytoplasm.
final_direct_conserved_plus_Dmel_experimental	300	weight01	fisher	20	none	Stage_pos	CC	GO:0005925	focal adhesion	43	12	2.88	4.166666666666667	1.5e-5	weight01	12	N13.HOG0002643;N13.HOG0002644;N13.HOG0004432;N13.HOG0005256;N13.HOG0005377;N13.HOG0005480;N13.HOG0006585;N13.HOG0006635;N13.HOG0007176;N13.HOG0007368;N13.HOG0008388;N13.HOG0009354	A cell-substrate junction that anchors the cell to the extracellular matrix and that forms a point of termination of actin filaments. In insects focal adhesion has also been referred to as hemi-adherens junction (HAJ).
final_direct_conserved_plus_Dmel_experimental	300	weight01	fisher	20	none	Stage_pos	CC	GO:0032587	ruffle membrane	32	10	2.14	4.672897196261682	2.6e-5	weight01	10	N13.HOG0002643;N13.HOG0002644;N13.HOG0004256;N13.HOG0004978;N13.HOG0005256;N13.HOG0005581;N13.HOG0006948;N13.HOG0007194;N13.HOG0008388;N13.HOG0008418	The portion of the plasma membrane surrounding a ruffle.
final_direct_conserved_plus_Dmel_experimental	300	weight01	fisher	20	none	Stage_pos	CC	GO:0048471	perinuclear region of cytoplasm	259	35	17.35	2.0172910662824206	3.3e-5	weight01	35	N13.HOG0002101;N13.HOG0002158;N13.HOG0002643;N13.HOG0002644;N13.HOG0003908;N13.HOG0004009;N13.HOG0004256;N13.HOG0004432;N13.HOG0004668;N13.HOG0004705;N13.HOG0004978;N13.HOG0005038;N13.HOG0005125;N13.HOG0005196;N13.HOG0005252;N13.HOG0005597;N13.HOG0005711;N13.HOG0005941;N13.HOG0005968;N13.HOG0006141;N13.HOG0006201;N13.HOG0006426;N13.HOG0006522;N13.HOG0006667;N13.HOG0006672;N13.HOG0007194;N13.HOG0007312;N13.HOG0007368;N13.HOG0007616;N13.HOG0007863;N13.HOG0008074;N13.HOG0008319;N13.HOG0008557;N13.HOG0008910;N13.HOG0010506	Cytoplasm situated near, or occurring around, the nucleus.
final_direct_conserved_plus_Dmel_experimental	300	weight01	fisher	20	none	Stage_pos	CC	GO:0031594	neuromuscular junction	69	15	4.62	3.2467532467532467	3.5e-5	weight01	15	N13.HOG0002374;N13.HOG0002492;N13.HOG0002643;N13.HOG0002644;N13.HOG0004652;N13.HOG0005427;N13.HOG0005741;N13.HOG0006055;N13.HOG0006237;N13.HOG0006301;N13.HOG0007204;N13.HOG0007616;N13.HOG0008418;N13.HOG0009450;N13.HOG0010228	The junction between the axon of a motor neuron and a muscle fiber. In response to the arrival of action potentials, the presynaptic button releases molecules of neurotransmitters into the synaptic cleft. These diffuse across the cleft and transmit the signal to the postsynaptic membrane of the muscle fiber, leading to a change in post-synaptic potential.
final_direct_conserved_plus_Dmel_experimental	300	weight01	fisher	20	none	Stage_pos	CC	GO:0030424	axon	268	44	17.95	2.4512534818941507	5.4e-5	weight01	44	N13.HOG0000931;N13.HOG0001430;N13.HOG0002374;N13.HOG0002492;N13.HOG0002513;N13.HOG0002525;N13.HOG0002533;N13.HOG0003908;N13.HOG0004022;N13.HOG0004256;N13.HOG0004652;N13.HOG0004926;N13.HOG0005196;N13.HOG0005427;N13.HOG0005551;N13.HOG0005611;N13.HOG0005678;N13.HOG0005711;N13.HOG0005722;N13.HOG0005741;N13.HOG0005796;N13.HOG0006055;N13.HOG0006141;N13.HOG0006301;N13.HOG0006304;N13.HOG0006522;N13.HOG0006585;N13.HOG0006635;N13.HOG0006667;N13.HOG0006993;N13.HOG0007050;N13.HOG0007204;N13.HOG0007368;N13.HOG0007616;N13.HOG0008074;N13.HOG0008096;N13.HOG0008418;N13.HOG0008501;N13.HOG0008557;N13.HOG0009354;N13.HOG0009450;N13.HOG0009575;N13.HOG0009802;N13.HOG0010228	The long process of a neuron that conducts nerve impulses, usually away from the cell body to the terminals and varicosities, which are sites of storage and release of neurotransmitter.
final_direct_conserved_plus_Dmel_experimental	300	weight01	fisher	20	none	Stage_pos	CC	GO:0001726	ruffle	55	18	3.68	4.891304347826087	5.9e-5	weight01	18	N13.HOG0002643;N13.HOG0002644;N13.HOG0003908;N13.HOG0004062;N13.HOG0004256;N13.HOG0004978;N13.HOG0005256;N13.HOG0005581;N13.HOG0005611;N13.HOG0006141;N13.HOG0006426;N13.HOG0006948;N13.HOG0007176;N13.HOG0007194;N13.HOG0008388;N13.HOG0008418;N13.HOG0008757;N13.HOG0009996	Projection at the leading edge of a crawling cell; the protrusions are supported by a microfilament meshwork.
final_direct_conserved_plus_Dmel_experimental	300	weight01	fisher	20	none	Stage_pos	CC	GO:0099568	cytoplasmic region	214	35	14.34	2.4407252440725244	6.3e-5	weight01	35	N13.HOG0000931;N13.HOG0002101;N13.HOG0002374;N13.HOG0002492;N13.HOG0002643;N13.HOG0002644;N13.HOG0003398;N13.HOG0003908;N13.HOG0004009;N13.HOG0004022;N13.HOG0004256;N13.HOG0004920;N13.HOG0004978;N13.HOG0005038;N13.HOG0005052;N13.HOG0005196;N13.HOG0005252;N13.HOG0005256;N13.HOG0005432;N13.HOG0005480;N13.HOG0005723;N13.HOG0005741;N13.HOG0005968;N13.HOG0006018;N13.HOG0006141;N13.HOG0006522;N13.HOG0006672;N13.HOG0007176;N13.HOG0007368;N13.HOG0007788;N13.HOG0008418;N13.HOG0008557;N13.HOG0009185;N13.HOG0009802;N13.HOG0010427	Any (proper) part of the cytoplasm of a single cell of sufficient size to still be considered cytoplasm.
final_direct_conserved_plus_Dmel_experimental	300	weight01	fisher	20	none	Stage_pos	CC	GO:0009986	cell surface	94	20	6.3	3.174603174603175	8.5e-5	weight01	20	N13.HOG0000700;N13.HOG0000931;N13.HOG0002051;N13.HOG0002643;N13.HOG0002644;N13.HOG0004118;N13.HOG0004613;N13.HOG0004652;N13.HOG0005427;N13.HOG0005711;N13.HOG0005722;N13.HOG0005823;N13.HOG0005848;N13.HOG0006055;N13.HOG0006200;N13.HOG0007093;N13.HOG0007863;N13.HOG0008096;N13.HOG0009888;N13.HOG0009996	The external part of the cell wall and/or plasma membrane.
final_direct_conserved_plus_Dmel_experimental	300	weight01	fisher	20	none	Stage_pos	CC	GO:0055037	recycling endosome	66	14	4.42	3.167420814479638	8.5e-5	weight01	14	N13.HOG0000700;N13.HOG0002643;N13.HOG0002644;N13.HOG0003908;N13.HOG0004009;N13.HOG0005611;N13.HOG0006237;N13.HOG0006426;N13.HOG0007050;N13.HOG0008308;N13.HOG0008501;N13.HOG0008728;N13.HOG0008910;N13.HOG0010752	An organelle consisting of a network of tubules that functions in targeting molecules, such as receptors transporters and lipids, to the plasma membrane.
final_direct_conserved_plus_Dmel_experimental	300	weight01	fisher	20	none	Stage_pos	CC	GO:0005938	cell cortex	143	32	9.58	3.3402922755741127	1.7e-4	weight01	32	N13.HOG0002101;N13.HOG0002374;N13.HOG0002492;N13.HOG0003398;N13.HOG0003908;N13.HOG0004009;N13.HOG0004022;N13.HOG0004256;N13.HOG0004613;N13.HOG0004920;N13.HOG0004978;N13.HOG0005038;N13.HOG0005052;N13.HOG0005196;N13.HOG0005252;N13.HOG0005256;N13.HOG0005432;N13.HOG0005480;N13.HOG0005723;N13.HOG0005741;N13.HOG0005968;N13.HOG0006018;N13.HOG0006141;N13.HOG0006522;N13.HOG0006672;N13.HOG0007176;N13.HOG0007368;N13.HOG0008418;N13.HOG0008518;N13.HOG0008557;N13.HOG0009185;N13.HOG0010427	The region of a cell that lies just beneath the plasma membrane and often, but not always, contains a network of actin filaments and associated proteins.
final_direct_conserved_plus_Dmel_experimental	300	weight01	fisher	20	none	Stage_pos	CC	GO:0005923	bicellular tight junction	21	7	1.41	4.964539007092199	2.9e-4	weight01	7	N13.HOG0004256;N13.HOG0005196;N13.HOG0006237;N13.HOG0006672;N13.HOG0008388;N13.HOG0009996;N13.HOG0010752	An occluding cell-cell junction that is composed of a branching network of sealing strands that completely encircles the apical end of each cell in an epithelial sheet; the outer leaflets of the two interacting plasma membranes are seen to be tightly apposed where sealing strands are present. Each sealing strand is composed of a long row of transmembrane adhesion proteins embedded in each of the two interacting plasma membranes.
final_direct_conserved_plus_Dmel_experimental	300	weight01	fisher	20	none	Stage_pos	CC	GO:0071944	cell periphery	1016	126	68.06	1.851307669703203	4.1e-4	weight01	126	N13.HOG0000373;N13.HOG0000384;N13.HOG0000700;N13.HOG0000931;N13.HOG0001915;N13.HOG0002051;N13.HOG0002101;N13.HOG0002200;N13.HOG0002374;N13.HOG0002492;N13.HOG0002533;N13.HOG0002535;N13.HOG0002643;N13.HOG0002644;N13.HOG0002977;N13.HOG0003025;N13.HOG0003337;N13.HOG0003398;N13.HOG0003908;N13.HOG0004009;N13.HOG0004022;N13.HOG0004256;N13.HOG0004432;N13.HOG0004558;N13.HOG0004580;N13.HOG0004613;N13.HOG0004652;N13.HOG0004668;N13.HOG0004705;N13.HOG0004848;N13.HOG0004920;N13.HOG0004926;N13.HOG0004971;N13.HOG0004978;N13.HOG0005038;N13.HOG0005050;N13.HOG0005052;N13.HOG0005196;N13.HOG0005252;N13.HOG0005256;N13.HOG0005377;N13.HOG0005427;N13.HOG0005432;N13.HOG0005434;N13.HOG0005457;N13.HOG0005480;N13.HOG0005569;N13.HOG0005581;N13.HOG0005611;N13.HOG0005664;N13.HOG0005678;N13.HOG0005711;N13.HOG0005722;N13.HOG0005723;N13.HOG0005741;N13.HOG0005796;N13.HOG0005823;N13.HOG0005848;N13.HOG0005941;N13.HOG0005968;N13.HOG0006006;N13.HOG0006018;N13.HOG0006055;N13.HOG0006141;N13.HOG0006200;N13.HOG0006201;N13.HOG0006216;N13.HOG0006237;N13.HOG0006301;N13.HOG0006304;N13.HOG0006309;N13.HOG0006383;N13.HOG0006426;N13.HOG0006522;N13.HOG0006585;N13.HOG0006603;N13.HOG0006635;N13.HOG0006667;N13.HOG0006672;N13.HOG0006776;N13.HOG0006948;N13.HOG0007093;N13.HOG0007159;N13.HOG0007176;N13.HOG0007178;N13.HOG0007194;N13.HOG0007204;N13.HOG0007368;N13.HOG0007385;N13.HOG0007405;N13.HOG0007616;N13.HOG0007679;N13.HOG0007756;N13.HOG0007788;N13.HOG0007863;N13.HOG0008028;N13.HOG0008074;N13.HOG0008096;N13.HOG0008258;N13.HOG0008308;N13.HOG0008319;N13.HOG0008388;N13.HOG0008409;N13.HOG0008418;N13.HOG0008458;N13.HOG0008518;N13.HOG0008557;N13.HOG0008565;N13.HOG0008749;N13.HOG0008757;N13.HOG0008919;N13.HOG0009185;N13.HOG0009195;N13.HOG0009321;N13.HOG0009354;N13.HOG0009450;N13.HOG0009575;N13.HOG0009618;N13.HOG0009996;N13.HOG0010228;N13.HOG0010276;N13.HOG0010427;N13.HOG0010506;N13.HOG0010547;N13.HOG0010602;N13.HOG0010752	The broad region around and including the plasma membrane of a cell, encompassing the cell cortex (inside the cell), the plasma membrane, and any external encapsulating structures.
final_direct_conserved_plus_Dmel_experimental	300	weight01	fisher	20	none	Stage_pos	CC	GO:0045178	basal part of cell	85	18	5.69	3.1634446397188047	4.8e-4	weight01	18	N13.HOG0002492;N13.HOG0002644;N13.HOG0004256;N13.HOG0005196;N13.HOG0005432;N13.HOG0005611;N13.HOG0005796;N13.HOG0005823;N13.HOG0006304;N13.HOG0006603;N13.HOG0007176;N13.HOG0007368;N13.HOG0007863;N13.HOG0008388;N13.HOG0008458;N13.HOG0008557;N13.HOG0009321;N13.HOG0009618	The region of a cell situated near the base. For example, in a polarized epithelial cell, the basal surface rests on the basal lamina that separates the epithelium from other tissue.
final_direct_conserved_plus_Dmel_experimental	300	weight01	fisher	20	none	Stage_pos	CC	GO:0030425	dendrite	218	34	14.6	2.328767123287671	5.8e-4	weight01	34	N13.HOG0000931;N13.HOG0002200;N13.HOG0002492;N13.HOG0002533;N13.HOG0002643;N13.HOG0002644;N13.HOG0002713;N13.HOG0003908;N13.HOG0004256;N13.HOG0004652;N13.HOG0004668;N13.HOG0004705;N13.HOG0005196;N13.HOG0005569;N13.HOG0005678;N13.HOG0005703;N13.HOG0005711;N13.HOG0006141;N13.HOG0006237;N13.HOG0006522;N13.HOG0006585;N13.HOG0006667;N13.HOG0007050;N13.HOG0007178;N13.HOG0007355;N13.HOG0007368;N13.HOG0007616;N13.HOG0007863;N13.HOG0008096;N13.HOG0008418;N13.HOG0008557;N13.HOG0009802;N13.HOG0010154;N13.HOG0010228	A neuron projection that has a short, tapering, morphology. Dendrites receive and integrate signals from other neurons or from sensory stimuli, and conduct nerve impulses towards the axon or the cell body. In most neurons, the impulse is conveyed from dendrites to axon via the cell body, but in some types of unipolar neuron, the impulse does not travel via the cell body.
final_direct_conserved_plus_Dmel_experimental	300	weight01	fisher	20	none	Stage_pos	CC	GO:0043204	perikaryon	54	11	3.62	3.0386740331491713	7.1e-4	weight01	11	N13.HOG0000931;N13.HOG0002513;N13.HOG0004652;N13.HOG0004668;N13.HOG0004705;N13.HOG0006522;N13.HOG0007123;N13.HOG0007194;N13.HOG0008125;N13.HOG0008557;N13.HOG0009354	The portion of the cell soma (neuronal cell body) that excludes the nucleus.
final_direct_conserved_plus_Dmel_experimental	300	weight01	fisher	20	none	Stage_pos	CC	GO:0042383	sarcolemma	32	8	2.14	3.7383177570093458	0.00093000000000000005	weight01	8	N13.HOG0002643;N13.HOG0002644;N13.HOG0004668;N13.HOG0004705;N13.HOG0006948;N13.HOG0007194;N13.HOG0007368;N13.HOG0009450	The outer membrane of a muscle cell, consisting of the plasma membrane, a covering basement membrane (about 100 nm thick and sometimes common to more than one fiber), and the associated loose network of collagen fibers.
final_direct_conserved_plus_Dmel_experimental	300	weight01	fisher	20	none	Stage_pos	CC	GO:0070820	tertiary granule	33	8	2.21	3.6199095022624435	0.00116	weight01	8	N13.HOG0002643;N13.HOG0002644;N13.HOG0005434;N13.HOG0007385;N13.HOG0007863;N13.HOG0008458;N13.HOG0009321;N13.HOG0010752	A secretory granule that contains cathepsin and gelatinase and is readily exocytosed upon cell activation; found primarily in mature neutrophil cells.
final_direct_conserved_plus_Dmel_experimental	300	weight01	fisher	20	none	Stage_pos	CC	GO:0043197	dendritic spine	49	10	3.28	3.048780487804878	0.00122	weight01	10	N13.HOG0000931;N13.HOG0002643;N13.HOG0002644;N13.HOG0004705;N13.HOG0006141;N13.HOG0006237;N13.HOG0007178;N13.HOG0007368;N13.HOG0007863;N13.HOG0008418	A small, membranous protrusion from a dendrite that forms a postsynaptic compartment, typically receiving input from a single presynapse. They function as partially isolated biochemical and an electrical compartments. Spine morphology is variable:they can be thin, stubby, mushroom, or branched, with a continuum of intermediate morphologies. They typically terminate in a bulb shape, linked to the dendritic shaft by a restriction. Spine remodeling is though to be involved in synaptic plasticity.
final_direct_conserved_plus_Dmel_experimental	300	weight01	fisher	20	none	Stage_pos	CC	GO:0030139	endocytic vesicle	69	15	4.62	3.2467532467532467	0.00132	weight01	15	N13.HOG0002101;N13.HOG0002374;N13.HOG0003908;N13.HOG0004009;N13.HOG0004118;N13.HOG0004652;N13.HOG0004920;N13.HOG0005196;N13.HOG0005457;N13.HOG0006522;N13.HOG0007050;N13.HOG0007616;N13.HOG0008458;N13.HOG0008919;N13.HOG0009996	A membrane-bounded intracellular vesicle formed by invagination of the plasma membrane around an extracellular substance. Endocytic vesicles fuse with early endosomes to deliver the cargo for further sorting.
final_direct_conserved_plus_Dmel_experimental	300	weight01	fisher	20	none	Stage_pos	CC	GO:0016323	basolateral plasma membrane	68	12	4.56	2.6315789473684212	0.00157	weight01	12	N13.HOG0002644;N13.HOG0005196;N13.HOG0005611;N13.HOG0005796;N13.HOG0005823;N13.HOG0006304;N13.HOG0006603;N13.HOG0007368;N13.HOG0007863;N13.HOG0008388;N13.HOG0008458;N13.HOG0009618	The region of the plasma membrane that includes the basal end and sides of the cell. Often used in reference to animal polarized epithelial membranes, where the basal membrane is the part attached to the extracellular matrix, or in plant cells, where the basal membrane is defined with respect to the zygotic axis.
final_direct_conserved_plus_Dmel_experimental	300	weight01	fisher	20	none	Stage_pos	CC	GO:0030426	growth cone	79	13	5.29	2.4574669187145557	0.00196	weight01	13	N13.HOG0002492;N13.HOG0004256;N13.HOG0005611;N13.HOG0005741;N13.HOG0006141;N13.HOG0006522;N13.HOG0006635;N13.HOG0006667;N13.HOG0007368;N13.HOG0008096;N13.HOG0008418;N13.HOG0009354;N13.HOG0009802	The migrating motile tip of a growing neuron projection, where actin accumulates, and the actin cytoskeleton is the most dynamic.
final_direct_conserved_plus_Dmel_experimental	300	weight01	fisher	20	none	Stage_pos	CC	GO:0045177	apical part of cell	152	31	10.18	3.045186640471513	0.00252	weight01	31	N13.HOG0002101;N13.HOG0002643;N13.HOG0002644;N13.HOG0003398;N13.HOG0004009;N13.HOG0004022;N13.HOG0004256;N13.HOG0004926;N13.HOG0004978;N13.HOG0005196;N13.HOG0005256;N13.HOG0005432;N13.HOG0005480;N13.HOG0005611;N13.HOG0005711;N13.HOG0005723;N13.HOG0005848;N13.HOG0006141;N13.HOG0006603;N13.HOG0006635;N13.HOG0006672;N13.HOG0006776;N13.HOG0007176;N13.HOG0007178;N13.HOG0007368;N13.HOG0008388;N13.HOG0008418;N13.HOG0008458;N13.HOG0008518;N13.HOG0009185;N13.HOG0009996	The region of a polarized cell that forms a tip or is distal to a base. For example, in a polarized epithelial cell, the apical region has an exposed surface and lies opposite to the basal lamina that separates the epithelium from other tissue.
final_direct_conserved_plus_Dmel_experimental	300	weight01	fisher	20	none	Stage_pos	CC	GO:0043296	apical junction complex	44	13	2.95	4.406779661016949	0.00292	weight01	13	N13.HOG0003398;N13.HOG0004256;N13.HOG0005196;N13.HOG0005569;N13.HOG0005723;N13.HOG0005848;N13.HOG0006237;N13.HOG0006304;N13.HOG0006672;N13.HOG0008388;N13.HOG0009996;N13.HOG0010547;N13.HOG0010752	A functional unit located near the cell apex at the points of contact between epithelial cells, which in vertebrates is composed of the tight junction, the zonula adherens, and desmosomes and in some invertebrates, such as Drosophila, is composed of the subapical complex (SAC), the zonula adherens and the septate junction. Functions in the regulation of cell polarity, tissue integrity and intercellular adhesion and permeability.
final_direct_conserved_plus_Dmel_experimental	300	weight01	fisher	20	none	Stage_pos	CC	GO:0031234	extrinsic component of cytoplasmic side of plasma membrane	23	6	1.54	3.896103896103896	0.00326	weight01	6	N13.HOG0003337;N13.HOG0004580;N13.HOG0006141;N13.HOG0006667;N13.HOG0007368;N13.HOG0009450	The component of a plasma membrane consisting of gene products and protein complexes that are loosely bound to its cytoplasmic surface, but not integrated into the hydrophobic region.
final_direct_conserved_plus_Dmel_experimental	300	weight01	fisher	20	none	Stage_pos	CC	GO:0005856	cytoskeleton	580	62	38.86	1.59547092125579	0.00524	weight01	62	N13.HOG0000931;N13.HOG0002101;N13.HOG0002158;N13.HOG0002713;N13.HOG0003121;N13.HOG0003908;N13.HOG0004009;N13.HOG0004022;N13.HOG0004062;N13.HOG0004118;N13.HOG0004256;N13.HOG0004558;N13.HOG0004652;N13.HOG0005038;N13.HOG0005052;N13.HOG0005125;N13.HOG0005196;N13.HOG0005377;N13.HOG0005480;N13.HOG0005569;N13.HOG0005581;N13.HOG0005597;N13.HOG0005709;N13.HOG0005741;N13.HOG0005848;N13.HOG0006018;N13.HOG0006141;N13.HOG0006304;N13.HOG0006309;N13.HOG0006383;N13.HOG0006522;N13.HOG0006585;N13.HOG0006635;N13.HOG0006672;N13.HOG0006689;N13.HOG0006803;N13.HOG0006948;N13.HOG0007093;N13.HOG0007176;N13.HOG0007178;N13.HOG0007312;N13.HOG0007368;N13.HOG0007616;N13.HOG0007788;N13.HOG0008028;N13.HOG0008074;N13.HOG0008125;N13.HOG0008253;N13.HOG0008388;N13.HOG0008418;N13.HOG0008499;N13.HOG0008501;N13.HOG0008557;N13.HOG0008728;N13.HOG0008757;N13.HOG0009185;N13.HOG0009354;N13.HOG0009479;N13.HOG0009545;N13.HOG0009670;N13.HOG0009802;N13.HOG0009996	A cellular structure that forms the internal framework of eukaryotic and prokaryotic cells. The cytoskeleton includes intermediate filaments, microfilaments, microtubules, the microtrabecular lattice, and other structures characterized by a polymeric filamentous nature and long-range order within the cell. The various elements of the cytoskeleton not only serve in the maintenance of cellular shape but also have roles in other cellular functions, including cellular movement, cell division, endocytosis, and movement of organelles.
final_direct_conserved_plus_Dmel_experimental	300	weight01	fisher	20	none	Stage_pos	CC	GO:0043025	neuronal cell body	233	32	15.61	2.0499679692504804	0.00543	weight01	32	N13.HOG0000931;N13.HOG0001430;N13.HOG0002492;N13.HOG0002513;N13.HOG0003908;N13.HOG0004256;N13.HOG0004652;N13.HOG0004668;N13.HOG0004705;N13.HOG0005427;N13.HOG0005551;N13.HOG0005597;N13.HOG0006141;N13.HOG0006522;N13.HOG0006667;N13.HOG0007050;N13.HOG0007123;N13.HOG0007194;N13.HOG0007368;N13.HOG0007616;N13.HOG0007699;N13.HOG0008096;N13.HOG0008125;N13.HOG0008418;N13.HOG0008501;N13.HOG0008518;N13.HOG0008557;N13.HOG0009354;N13.HOG0009575;N13.HOG0009802;N13.HOG0010154;N13.HOG0010228	The portion of a neuron that includes the nucleus, but excludes cell projections such as axons and dendrites.
final_direct_conserved_plus_Dmel_experimental	300	weight01	fisher	20	none	Stage_pos	CC	GO:0015629	actin cytoskeleton	127	25	8.51	2.937720329024677	0.00742	weight01	25	N13.HOG0000931;N13.HOG0003908;N13.HOG0004062;N13.HOG0004118;N13.HOG0004256;N13.HOG0004558;N13.HOG0004652;N13.HOG0005052;N13.HOG0005377;N13.HOG0005709;N13.HOG0005741;N13.HOG0005848;N13.HOG0006141;N13.HOG0006304;N13.HOG0006522;N13.HOG0006585;N13.HOG0007093;N13.HOG0007176;N13.HOG0007178;N13.HOG0007368;N13.HOG0007616;N13.HOG0008418;N13.HOG0008501;N13.HOG0009670;N13.HOG0009996	The part of the cytoskeleton (the internal framework of a cell) composed of actin and associated proteins. Includes actin cytoskeleton-associated complexes.
final_direct_conserved_plus_Dmel_experimental	300	weight01	fisher	20	none	Stage_pos	CC	GO:0009897	external side of plasma membrane	27	6	1.81	3.314917127071823	0.00763	weight01	6	N13.HOG0000700;N13.HOG0002643;N13.HOG0002644;N13.HOG0005722;N13.HOG0006055;N13.HOG0009996	The leaflet of the plasma membrane that faces away from the cytoplasm and any proteins embedded or anchored in it or attached to its surface.
final_direct_conserved_plus_Dmel_experimental	300	weight01	fisher	20	none	Stage_pos	CC	GO:0098797	plasma membrane protein complex	110	16	7.37	2.1709633649932156	0.00794	weight01	16	N13.HOG0002643;N13.HOG0002644;N13.HOG0003398;N13.HOG0004256;N13.HOG0004668;N13.HOG0004705;N13.HOG0005196;N13.HOG0006304;N13.HOG0006667;N13.HOG0006948;N13.HOG0007368;N13.HOG0008096;N13.HOG0008458;N13.HOG0009354;N13.HOG0009450;N13.HOG0010547	Any protein complex that is part of the plasma membrane.
final_direct_conserved_plus_Dmel_experimental	300	weight01	fisher	20	none	Stage_pos	CC	GO:0005871	kinesin complex	20	5	1.34	3.731343283582089	0.00874	weight01	5	N13.HOG0006018;N13.HOG0006522;N13.HOG0007788;N13.HOG0009545;N13.HOG0009802	Any complex that includes a dimer of molecules from the kinesin superfamily, a group of related proteins that contain an extended region of predicted alpha-helical coiled coil in the main chain that likely produces dimerization. The native complexes of several kinesin family members have also been shown to contain additional peptides, often designated light chains as all of the noncatalytic subunits that are currently known are smaller than the chain that contains the motor unit. Kinesin complexes generally possess a force-generating enzymatic activity, or motor, which converts the free energy of the gamma phosphate bond of ATP into mechanical work.
final_direct_conserved_plus_Dmel_experimental	300	weight01	fisher	20	none	Stage_pos	CC	GO:0016324	apical plasma membrane	104	14	6.97	2.0086083213773316	0.00874	weight01	14	N13.HOG0002643;N13.HOG0002644;N13.HOG0003398;N13.HOG0004926;N13.HOG0004978;N13.HOG0005196;N13.HOG0005256;N13.HOG0005611;N13.HOG0005711;N13.HOG0005848;N13.HOG0006603;N13.HOG0007368;N13.HOG0008458;N13.HOG0009996	The region of the plasma membrane located at the apical end of the cell.
final_direct_conserved_plus_Dmel_experimental	300	weight01	fisher	20	none	Stage_pos	CC	GO:0009898	cytoplasmic side of plasma membrane	60	13	4.02	3.2338308457711444	0.00923	weight01	13	N13.HOG0003337;N13.HOG0004580;N13.HOG0004978;N13.HOG0005611;N13.HOG0006141;N13.HOG0006667;N13.HOG0007368;N13.HOG0008418;N13.HOG0008518;N13.HOG0008919;N13.HOG0009450;N13.HOG0010427;N13.HOG0010506	The leaflet the plasma membrane that faces the cytoplasm and any proteins embedded or anchored in it or attached to its surface.
final_direct_conserved_plus_Dmel_experimental	300	weight01	fisher	20	none	Stage_pos	CC	GO:0043195	terminal bouton	55	9	3.68	2.4456521739130435	0.00986	weight01	9	N13.HOG0002374;N13.HOG0003908;N13.HOG0004022;N13.HOG0006301;N13.HOG0006585;N13.HOG0007204;N13.HOG0007368;N13.HOG0007616;N13.HOG0010228	Terminal inflated portion of the axon, containing the specialized apparatus necessary to release neurotransmitters. The axon terminus is considered to be the whole region of thickening and the terminal bouton is a specialized region of it.
final_direct_conserved_plus_Dmel_experimental	300	weight01	fisher	20	none	Stage_pos	CC	GO:0030175	filopodium	38	7	2.55	2.7450980392156863	0.01171	weight01	7	N13.HOG0002643;N13.HOG0002644;N13.HOG0004920;N13.HOG0006585;N13.HOG0008418;N13.HOG0008458;N13.HOG0009354	Thin, stiff, actin-based protrusion extended by the leading edge of a motile cell such as a crawling fibroblast or amoeba, or an axonal or dendritic growth cone, or a dendritic shaft.
final_direct_conserved_plus_Dmel_experimental	300	weight01	fisher	20	none	Stage_pos	CC	GO:0014069	postsynaptic density	67	10	4.49	2.2271714922048997	0.01267	weight01	10	N13.HOG0000931;N13.HOG0002101;N13.HOG0004705;N13.HOG0006237;N13.HOG0006301;N13.HOG0006304;N13.HOG0007368;N13.HOG0007863;N13.HOG0008418;N13.HOG0008518	An electron dense network of proteins within and adjacent to the postsynaptic membrane of an asymmetric, neuron-neuron synapse. Its major components include neurotransmitter receptors and the proteins that spatially and functionally organize them such as anchoring and scaffolding molecules, signaling enzymes and cytoskeletal components.
final_direct_conserved_plus_Dmel_experimental	300	weight01	fisher	20	none	Stage_pos	CC	GO:0042734	presynaptic membrane	39	7	2.61	2.681992337164751	0.01348	weight01	7	N13.HOG0002200;N13.HOG0002374;N13.HOG0002644;N13.HOG0004022;N13.HOG0005711;N13.HOG0008418;N13.HOG0008458	A specialized area of membrane of the axon terminal that faces the plasma membrane of the neuron or muscle fiber with which the axon terminal establishes a synaptic junction; many synaptic junctions exhibit structural presynaptic characteristics, such as conical, electron-dense internal protrusions, that distinguish it from the remainder of the axon plasma membrane.
final_direct_conserved_plus_Dmel_experimental	300	weight01	fisher	20	none	Stage_pos	CC	GO:0005615	extracellular space	184	20	12.33	1.6220600162206003	0.01352	weight01	20	N13.HOG0001973;N13.HOG0001974;N13.HOG0002799;N13.HOG0002977;N13.HOG0003201;N13.HOG0003205;N13.HOG0003908;N13.HOG0005359;N13.HOG0005713;N13.HOG0005732;N13.HOG0005941;N13.HOG0006032;N13.HOG0006055;N13.HOG0006200;N13.HOG0006201;N13.HOG0006216;N13.HOG0006894;N13.HOG0007756;N13.HOG0010602;N13.HOG0010752	That part of a multicellular organism outside the cells proper, usually taken to be outside the plasma membranes, and occupied by fluid.
final_direct_conserved_plus_Dmel_experimental	300	weight01	fisher	20	none	Stage_pos	CC	GO:0005819	spindle	145	15	9.71	1.544799176107106	0.01512	weight01	15	N13.HOG0000931;N13.HOG0002713;N13.HOG0004009;N13.HOG0004256;N13.HOG0005125;N13.HOG0005196;N13.HOG0005597;N13.HOG0006018;N13.HOG0007312;N13.HOG0007788;N13.HOG0008125;N13.HOG0008499;N13.HOG0008557;N13.HOG0008728;N13.HOG0009802	The array of microtubules and associated molecules that forms between opposite poles of a eukaryotic cell during mitosis or meiosis and serves to move the duplicated chromosomes apart.
final_direct_conserved_plus_Dmel_experimental	300	weight01	fisher	20	none	Stage_pos	CC	GO:0045121	membrane raft	73	13	4.89	2.658486707566462	0.01845	weight01	13	N13.HOG0002643;N13.HOG0002644;N13.HOG0003908;N13.HOG0004668;N13.HOG0004705;N13.HOG0005196;N13.HOG0005711;N13.HOG0006200;N13.HOG0006304;N13.HOG0007368;N13.HOG0008096;N13.HOG0009575;N13.HOG0010752	Any of the small (10-200 nm), heterogeneous, highly dynamic, sterol- and sphingolipid-enriched membrane domains that compartmentalize cellular processes. Small rafts can sometimes be stabilized to form larger platforms through protein-protein and protein-lipid interactions.
final_direct_conserved_plus_Dmel_experimental	300	weight01	fisher	20	none	Stage_neg	BP	GO:0006364	rRNA processing	137	58	9.64	6.016597510373444	7.5e-24	weight01	58	N13.HOG0002248;N13.HOG0002920;N13.HOG0003031;N13.HOG0003134;N13.HOG0003861;N13.HOG0004270;N13.HOG0004284;N13.HOG0004585;N13.HOG0004734;N13.HOG0004951;N13.HOG0005008;N13.HOG0005009;N13.HOG0005068;N13.HOG0005148;N13.HOG0005209;N13.HOG0005325;N13.HOG0005415;N13.HOG0005486;N13.HOG0005564;N13.HOG0005593;N13.HOG0005841;N13.HOG0006017;N13.HOG0006070;N13.HOG0006164;N13.HOG0006274;N13.HOG0006279;N13.HOG0006344;N13.HOG0006379;N13.HOG0006471;N13.HOG0006472;N13.HOG0006498;N13.HOG0006807;N13.HOG0006930;N13.HOG0007098;N13.HOG0007182;N13.HOG0007394;N13.HOG0007520;N13.HOG0007631;N13.HOG0007677;N13.HOG0007712;N13.HOG0008321;N13.HOG0008394;N13.HOG0008408;N13.HOG0008547;N13.HOG0008606;N13.HOG0008615;N13.HOG0008778;N13.HOG0008950;N13.HOG0009238;N13.HOG0009371;N13.HOG0009448;N13.HOG0009535;N13.HOG0009568;N13.HOG0009798;N13.HOG0009933;N13.HOG0010098;N13.HOG0010601;N13.HOG0011098	Any process involved in the conversion of a primary ribosomal RNA (rRNA) transcript into one or more mature rRNA molecules.
final_direct_conserved_plus_Dmel_experimental	300	weight01	fisher	20	none	Stage_neg	BP	GO:0006886	intracellular protein transport	390	67	27.45	2.4408014571948997	3.3e-17	weight01	67	N13.HOG0003031;N13.HOG0003064;N13.HOG0003094;N13.HOG0004284;N13.HOG0004312;N13.HOG0004313;N13.HOG0004324;N13.HOG0004368;N13.HOG0004407;N13.HOG0004584;N13.HOG0004697;N13.HOG0004734;N13.HOG0004951;N13.HOG0004981;N13.HOG0005068;N13.HOG0005148;N13.HOG0005209;N13.HOG0005272;N13.HOG0005415;N13.HOG0005649;N13.HOG0005816;N13.HOG0005854;N13.HOG0005979;N13.HOG0006017;N13.HOG0006038;N13.HOG0006097;N13.HOG0006103;N13.HOG0006193;N13.HOG0006274;N13.HOG0006379;N13.HOG0006471;N13.HOG0006472;N13.HOG0006612;N13.HOG0006628;N13.HOG0006712;N13.HOG0006774;N13.HOG0006848;N13.HOG0007041;N13.HOG0007098;N13.HOG0007342;N13.HOG0007508;N13.HOG0007517;N13.HOG0007606;N13.HOG0007677;N13.HOG0008072;N13.HOG0008085;N13.HOG0008322;N13.HOG0008806;N13.HOG0008848;N13.HOG0008926;N13.HOG0008937;N13.HOG0008950;N13.HOG0009000;N13.HOG0009165;N13.HOG0009234;N13.HOG0009568;N13.HOG0009933;N13.HOG0010163;N13.HOG0010601;N13.HOG0010889;N13.HOG0011172;N13.HOG0011184;N13.HOG0011213;N13.HOG0011446;N13.HOG0011457;N13.HOG0011492;N13.HOG0011755	The directed movement of proteins in a cell, including the movement of proteins between specific compartments or structures within a cell, such as organelles of a eukaryotic cell.
final_direct_conserved_plus_Dmel_experimental	300	weight01	fisher	20	none	Stage_neg	BP	GO:0015833	peptide transport	616	84	43.36	1.937269372693727	9.4e-16	weight01	84	N13.HOG0001361;N13.HOG0002859;N13.HOG0002877;N13.HOG0003031;N13.HOG0003064;N13.HOG0003094;N13.HOG0003445;N13.HOG0004284;N13.HOG0004312;N13.HOG0004313;N13.HOG0004324;N13.HOG0004368;N13.HOG0004407;N13.HOG0004584;N13.HOG0004697;N13.HOG0004734;N13.HOG0004951;N13.HOG0004981;N13.HOG0005068;N13.HOG0005148;N13.HOG0005209;N13.HOG0005272;N13.HOG0005415;N13.HOG0005649;N13.HOG0005816;N13.HOG0005854;N13.HOG0005979;N13.HOG0006017;N13.HOG0006038;N13.HOG0006097;N13.HOG0006103;N13.HOG0006193;N13.HOG0006272;N13.HOG0006274;N13.HOG0006379;N13.HOG0006471;N13.HOG0006472;N13.HOG0006612;N13.HOG0006628;N13.HOG0006712;N13.HOG0006774;N13.HOG0006848;N13.HOG0007041;N13.HOG0007098;N13.HOG0007342;N13.HOG0007508;N13.HOG0007517;N13.HOG0007606;N13.HOG0007677;N13.HOG0007825;N13.HOG0007827;N13.HOG0008072;N13.HOG0008085;N13.HOG0008173;N13.HOG0008246;N13.HOG0008322;N13.HOG0008628;N13.HOG0008806;N13.HOG0008848;N13.HOG0008926;N13.HOG0008935;N13.HOG0008937;N13.HOG0008950;N13.HOG0008993;N13.HOG0009000;N13.HOG0009165;N13.HOG0009234;N13.HOG0009568;N13.HOG0009731;N13.HOG0009887;N13.HOG0009933;N13.HOG0010163;N13.HOG0010453;N13.HOG0010601;N13.HOG0010889;N13.HOG0010998;N13.HOG0011112;N13.HOG0011172;N13.HOG0011184;N13.HOG0011213;N13.HOG0011446;N13.HOG0011457;N13.HOG0011492;N13.HOG0011755	The directed movement of peptides, compounds of two or more amino acids where the alpha carboxyl group of one is bound to the alpha amino group of another, into, out of or within a cell, or between cells, by means of some agent such as a transporter or pore.
final_direct_conserved_plus_Dmel_experimental	300	weight01	fisher	20	none	Stage_neg	BP	GO:0042273	ribosomal large subunit biogenesis	51	32	3.59	8.913649025069638	1.7e-13	weight01	32	N13.HOG0003861;N13.HOG0004270;N13.HOG0004313;N13.HOG0004324;N13.HOG0004889;N13.HOG0004981;N13.HOG0005148;N13.HOG0005209;N13.HOG0005593;N13.HOG0005812;N13.HOG0005994;N13.HOG0006017;N13.HOG0006070;N13.HOG0006274;N13.HOG0006344;N13.HOG0006472;N13.HOG0006709;N13.HOG0007182;N13.HOG0007318;N13.HOG0007394;N13.HOG0007520;N13.HOG0008322;N13.HOG0008394;N13.HOG0008408;N13.HOG0008606;N13.HOG0008710;N13.HOG0008805;N13.HOG0009238;N13.HOG0009451;N13.HOG0009535;N13.HOG0010601;N13.HOG0011184	A cellular process that results in the biosynthesis of constituent macromolecules, assembly, and arrangement of constituent parts of a large ribosomal subunit; includes transport to the sites of protein synthesis.
final_direct_conserved_plus_Dmel_experimental	300	weight01	fisher	20	none	Stage_neg	BP	GO:0000027	ribosomal large subunit assembly	22	15	1.55	9.67741935483871	3.9e-13	weight01	15	N13.HOG0003861;N13.HOG0004313;N13.HOG0004324;N13.HOG0004889;N13.HOG0004981;N13.HOG0005148;N13.HOG0006070;N13.HOG0007318;N13.HOG0007394;N13.HOG0008322;N13.HOG0008805;N13.HOG0009451;N13.HOG0009535;N13.HOG0010601;N13.HOG0011184	The aggregation, arrangement and bonding together of constituent RNAs and proteins to form the large ribosomal subunit.
final_direct_conserved_plus_Dmel_experimental	300	weight01	fisher	20	none	Stage_neg	BP	GO:0000028	ribosomal small subunit assembly	20	13	1.41	9.21985815602837	3.9e-11	weight01	13	N13.HOG0003031;N13.HOG0004284;N13.HOG0004312;N13.HOG0004856;N13.HOG0004951;N13.HOG0005068;N13.HOG0006068;N13.HOG0006379;N13.HOG0006471;N13.HOG0008547;N13.HOG0009933;N13.HOG0011184;N13.HOG0011674	The aggregation, arrangement and bonding together of constituent RNAs and proteins to form the small ribosomal subunit.
final_direct_conserved_plus_Dmel_experimental	300	weight01	fisher	20	none	Stage_neg	BP	GO:0000462	maturation of SSU-rRNA from tricistronic rRNA transcript (SSU-rRNA, 5.8S rRNA, LSU-rRNA)	30	11	2.11	5.213270142180095	2.8e-6	weight01	11	N13.HOG0002248;N13.HOG0004585;N13.HOG0004734;N13.HOG0005068;N13.HOG0005325;N13.HOG0006379;N13.HOG0006471;N13.HOG0006930;N13.HOG0009568;N13.HOG0009798;N13.HOG0010098	Any process involved in the maturation of a precursor Small SubUnit (SSU) ribosomal RNA (rRNA) molecule into a mature SSU-rRNA molecule from the pre-rRNA molecule originally produced as a tricistronic rRNA transcript that contains the Small Subunit (SSU) rRNA, 5.8S rRNA, and the Large Subunit (LSU) in that order from 5' to 3' along the primary transcript.
final_direct_conserved_plus_Dmel_experimental	300	weight01	fisher	20	none	Stage_neg	BP	GO:0090150	establishment of protein localization to membrane	139	62	9.78	6.339468302658487	2.5e-5	weight01	62	N13.HOG0002859;N13.HOG0003031;N13.HOG0003094;N13.HOG0004284;N13.HOG0004312;N13.HOG0004313;N13.HOG0004324;N13.HOG0004368;N13.HOG0004407;N13.HOG0004584;N13.HOG0004697;N13.HOG0004734;N13.HOG0004951;N13.HOG0004981;N13.HOG0005068;N13.HOG0005148;N13.HOG0005209;N13.HOG0005272;N13.HOG0005415;N13.HOG0005816;N13.HOG0005979;N13.HOG0006017;N13.HOG0006038;N13.HOG0006097;N13.HOG0006103;N13.HOG0006193;N13.HOG0006274;N13.HOG0006379;N13.HOG0006471;N13.HOG0006472;N13.HOG0006628;N13.HOG0006712;N13.HOG0006790;N13.HOG0006848;N13.HOG0007041;N13.HOG0007508;N13.HOG0007517;N13.HOG0007606;N13.HOG0008072;N13.HOG0008085;N13.HOG0008246;N13.HOG0008322;N13.HOG0008739;N13.HOG0008806;N13.HOG0008937;N13.HOG0008950;N13.HOG0009000;N13.HOG0009165;N13.HOG0009234;N13.HOG0009568;N13.HOG0009933;N13.HOG0010033;N13.HOG0010163;N13.HOG0010175;N13.HOG0010352;N13.HOG0010889;N13.HOG0011172;N13.HOG0011184;N13.HOG0011213;N13.HOG0011446;N13.HOG0011457;N13.HOG0011492	The directed movement of a protein to a specific location in a membrane.
final_direct_conserved_plus_Dmel_experimental	300	weight01	fisher	20	none	Stage_neg	BP	GO:0070126	mitochondrial translational termination	46	12	3.24	3.7037037037037033	5.2e-5	weight01	12	N13.HOG0007287;N13.HOG0007740;N13.HOG0007822;N13.HOG0009025;N13.HOG0009209;N13.HOG0009210;N13.HOG0009258;N13.HOG0009323;N13.HOG0009566;N13.HOG0009752;N13.HOG0010386;N13.HOG0010503	The process resulting in the release of a polypeptide chain from the ribosome in a mitochondrion, usually in response to a termination codon (note that mitochondria use variants of the universal genetic code that differ between different taxa).
final_direct_conserved_plus_Dmel_experimental	300	weight01	fisher	20	none	Stage_neg	BP	GO:0006414	translational elongation	71	20	5	4	6.2e-5	weight01	20	N13.HOG0002352;N13.HOG0002353;N13.HOG0002917;N13.HOG0002966;N13.HOG0006509;N13.HOG0006848;N13.HOG0007287;N13.HOG0007740;N13.HOG0007822;N13.HOG0008246;N13.HOG0009025;N13.HOG0009120;N13.HOG0009209;N13.HOG0009210;N13.HOG0009258;N13.HOG0009323;N13.HOG0009566;N13.HOG0009752;N13.HOG0010386;N13.HOG0010503	The successive addition of amino acid residues to a nascent polypeptide chain during protein biosynthesis.
final_direct_conserved_plus_Dmel_experimental	300	weight01	fisher	20	none	Stage_neg	BP	GO:1990542	mitochondrial transmembrane transport	48	12	3.38	3.5502958579881656	8.2e-5	weight01	12	N13.HOG0002859;N13.HOG0002900;N13.HOG0003445;N13.HOG0005936;N13.HOG0006793;N13.HOG0007719;N13.HOG0008935;N13.HOG0008993;N13.HOG0009234;N13.HOG0009887;N13.HOG0010889;N13.HOG0011112	The process in which a solute is transported from one side of a membrane to the other into, out of or within a mitochondrion.
final_direct_conserved_plus_Dmel_experimental	300	weight01	fisher	20	none	Stage_neg	BP	GO:0030490	maturation of SSU-rRNA	43	17	3.03	5.6105610561056105	1.1e-4	weight01	17	N13.HOG0002248;N13.HOG0003134;N13.HOG0004270;N13.HOG0004585;N13.HOG0004734;N13.HOG0004951;N13.HOG0005068;N13.HOG0005325;N13.HOG0006379;N13.HOG0006471;N13.HOG0006498;N13.HOG0006930;N13.HOG0007677;N13.HOG0007712;N13.HOG0009568;N13.HOG0009798;N13.HOG0010098	Any process involved in the maturation of a precursor Small SubUnit (SSU) ribosomal RNA (rRNA) molecule into a mature SSU-rRNA molecule.
final_direct_conserved_plus_Dmel_experimental	300	weight01	fisher	20	none	Stage_neg	BP	GO:0044743	protein transmembrane import into intracellular organelle	23	8	1.62	4.938271604938271	1.1e-4	weight01	8	N13.HOG0002859;N13.HOG0007719;N13.HOG0008935;N13.HOG0008993;N13.HOG0009234;N13.HOG0009887;N13.HOG0010889;N13.HOG0011112	The directed movement of proteins into an intracellular organelle, across a membrane.
final_direct_conserved_plus_Dmel_experimental	300	weight01	fisher	20	none	Stage_neg	BP	GO:0070125	mitochondrial translational elongation	43	11	3.03	3.6303630363036308	1.3e-4	weight01	11	N13.HOG0007287;N13.HOG0007740;N13.HOG0007822;N13.HOG0009025;N13.HOG0009209;N13.HOG0009210;N13.HOG0009258;N13.HOG0009323;N13.HOG0009566;N13.HOG0009752;N13.HOG0010503	The successive addition of amino acid residues to a nascent polypeptide chain during protein biosynthesis in a mitochondrion.
final_direct_conserved_plus_Dmel_experimental	300	weight01	fisher	20	none	Stage_neg	BP	GO:0031100	animal organ regeneration	31	9	2.18	4.128440366972477	1.9e-4	weight01	9	N13.HOG0000502;N13.HOG0004697;N13.HOG0004930;N13.HOG0006017;N13.HOG0006628;N13.HOG0006930;N13.HOG0008662;N13.HOG0009933;N13.HOG0011213	The regrowth of a lost or destroyed animal organ.
final_direct_conserved_plus_Dmel_experimental	300	weight01	fisher	20	none	Stage_neg	BP	GO:0034248	regulation of amide metabolic process	182	28	12.81	2.1857923497267757	1.9e-4	weight01	28	N13.HOG0002352;N13.HOG0002353;N13.HOG0002468;N13.HOG0004270;N13.HOG0004313;N13.HOG0004368;N13.HOG0005816;N13.HOG0005854;N13.HOG0006125;N13.HOG0006148;N13.HOG0006471;N13.HOG0006492;N13.HOG0006509;N13.HOG0006774;N13.HOG0006848;N13.HOG0007158;N13.HOG0007335;N13.HOG0007477;N13.HOG0007565;N13.HOG0008246;N13.HOG0008789;N13.HOG0008999;N13.HOG0009165;N13.HOG0009306;N13.HOG0009568;N13.HOG0010386;N13.HOG0010601;N13.HOG0011184	Any process that modulates the frequency, rate or extent of the chemical reactions and pathways involving amides.
final_direct_conserved_plus_Dmel_experimental	300	weight01	fisher	20	none	Stage_neg	BP	GO:0006626	protein targeting to mitochondrion	41	10	2.89	3.460207612456747	4e-4	weight01	10	N13.HOG0002859;N13.HOG0007606;N13.HOG0007719;N13.HOG0008935;N13.HOG0008993;N13.HOG0009234;N13.HOG0009887;N13.HOG0010889;N13.HOG0011112;N13.HOG0011755	The process of directing proteins towards and into the mitochondrion, usually mediated by mitochondrial proteins that recognize signals contained within the imported protein.
final_direct_conserved_plus_Dmel_experimental	300	weight01	fisher	20	none	Stage_neg	BP	GO:0042254	ribosome biogenesis	190	81	13.37	6.05833956619297	6.2e-4	weight01	81	N13.HOG0002248;N13.HOG0002920;N13.HOG0003031;N13.HOG0003134;N13.HOG0003861;N13.HOG0004270;N13.HOG0004284;N13.HOG0004312;N13.HOG0004313;N13.HOG0004324;N13.HOG0004585;N13.HOG0004734;N13.HOG0004856;N13.HOG0004889;N13.HOG0004951;N13.HOG0004981;N13.HOG0005008;N13.HOG0005009;N13.HOG0005068;N13.HOG0005148;N13.HOG0005209;N13.HOG0005325;N13.HOG0005415;N13.HOG0005486;N13.HOG0005564;N13.HOG0005593;N13.HOG0005812;N13.HOG0005841;N13.HOG0005994;N13.HOG0006017;N13.HOG0006068;N13.HOG0006070;N13.HOG0006164;N13.HOG0006274;N13.HOG0006279;N13.HOG0006344;N13.HOG0006379;N13.HOG0006471;N13.HOG0006472;N13.HOG0006498;N13.HOG0006709;N13.HOG0006807;N13.HOG0006930;N13.HOG0006976;N13.HOG0007041;N13.HOG0007098;N13.HOG0007182;N13.HOG0007318;N13.HOG0007394;N13.HOG0007520;N13.HOG0007631;N13.HOG0007677;N13.HOG0007712;N13.HOG0008072;N13.HOG0008321;N13.HOG0008322;N13.HOG0008394;N13.HOG0008408;N13.HOG0008547;N13.HOG0008606;N13.HOG0008615;N13.HOG0008710;N13.HOG0008778;N13.HOG0008805;N13.HOG0008926;N13.HOG0008950;N13.HOG0009238;N13.HOG0009371;N13.HOG0009448;N13.HOG0009451;N13.HOG0009535;N13.HOG0009568;N13.HOG0009740;N13.HOG0009798;N13.HOG0009819;N13.HOG0009933;N13.HOG0010098;N13.HOG0010601;N13.HOG0011098;N13.HOG0011184;N13.HOG0011674	A cellular process that results in the biosynthesis of constituent macromolecules, assembly, and arrangement of constituent parts of ribosome subunits; includes transport to the sites of protein synthesis.
final_direct_conserved_plus_Dmel_experimental	300	weight01	fisher	20	none	Stage_neg	BP	GO:0006383	transcription by RNA polymerase III	26	7	1.83	3.8251366120218577	0.00163	weight01	7	N13.HOG0002920;N13.HOG0004303;N13.HOG0006184;N13.HOG0007119;N13.HOG0007346;N13.HOG0008000;N13.HOG0010093	The synthesis of RNA from a DNA template by RNA polymerase III, originating at an RNAP III promoter.
final_direct_conserved_plus_Dmel_experimental	300	weight01	fisher	20	none	Stage_neg	BP	GO:0031397	negative regulation of protein ubiquitination	27	7	1.9	3.68421052631579	0.00207	weight01	7	N13.HOG0004368;N13.HOG0005148;N13.HOG0005272;N13.HOG0005415;N13.HOG0005593;N13.HOG0006748;N13.HOG0008662	Any process that stops, prevents, or reduces the frequency, rate or extent of the addition of ubiquitin groups to a protein.
final_direct_conserved_plus_Dmel_experimental	300	weight01	fisher	20	none	Stage_neg	BP	GO:0006405	RNA export from nucleus	66	10	4.65	2.150537634408602	0.0025	weight01	10	N13.HOG0003064;N13.HOG0005649;N13.HOG0005854;N13.HOG0006379;N13.HOG0007098;N13.HOG0007342;N13.HOG0007677;N13.HOG0008926;N13.HOG0009933;N13.HOG0010601	The directed movement of RNA from the nucleus to the cytoplasm.
final_direct_conserved_plus_Dmel_experimental	300	weight01	fisher	20	none	Stage_neg	BP	GO:0000154	rRNA modification	28	7	1.97	3.553299492385787	0.0026	weight01	7	N13.HOG0005009;N13.HOG0005486;N13.HOG0007631;N13.HOG0008321;N13.HOG0008408;N13.HOG0009371;N13.HOG0011098	The covalent alteration of one or more nucleotides within an rRNA molecule to produce an rRNA molecule with a sequence that differs from that coded genetically.
final_direct_conserved_plus_Dmel_experimental	300	weight01	fisher	20	none	Stage_neg	BP	GO:0001889	liver development	69	12	4.86	2.4691358024691357	0.00272	weight01	12	N13.HOG0000502;N13.HOG0004697;N13.HOG0004930;N13.HOG0006017;N13.HOG0006628;N13.HOG0006930;N13.HOG0007606;N13.HOG0008606;N13.HOG0008662;N13.HOG0009933;N13.HOG0010499;N13.HOG0011213	The process whose specific outcome is the progression of the liver over time, from its formation to the mature structure. The liver is an exocrine gland which secretes bile and functions in metabolism of protein and carbohydrate and fat, synthesizes substances involved in the clotting of the blood, synthesizes vitamin A, detoxifies poisonous substances, stores glycogen, and breaks down worn-out erythrocytes.
final_direct_conserved_plus_Dmel_experimental	300	weight01	fisher	20	none	Stage_neg	BP	GO:0006417	regulation of translation	161	26	11.33	2.294792586054722	0.00395	weight01	26	N13.HOG0002468;N13.HOG0004270;N13.HOG0004313;N13.HOG0004368;N13.HOG0005816;N13.HOG0005854;N13.HOG0006125;N13.HOG0006148;N13.HOG0006164;N13.HOG0006471;N13.HOG0006492;N13.HOG0006509;N13.HOG0006848;N13.HOG0007158;N13.HOG0007335;N13.HOG0007477;N13.HOG0007565;N13.HOG0008246;N13.HOG0008789;N13.HOG0008999;N13.HOG0009165;N13.HOG0009306;N13.HOG0009568;N13.HOG0010386;N13.HOG0010601;N13.HOG0011184	Any process that modulates the frequency, rate or extent of the chemical reactions and pathways resulting in the formation of proteins by the translation of mRNA or circRNA.
final_direct_conserved_plus_Dmel_experimental	300	weight01	fisher	20	none	Stage_neg	BP	GO:0006403	RNA localization	158	18	11.12	1.6187050359712232	0.00508	weight01	18	N13.HOG0003064;N13.HOG0005486;N13.HOG0005649;N13.HOG0005854;N13.HOG0006379;N13.HOG0006774;N13.HOG0007098;N13.HOG0007342;N13.HOG0007631;N13.HOG0007677;N13.HOG0007825;N13.HOG0008662;N13.HOG0008926;N13.HOG0008993;N13.HOG0009819;N13.HOG0009933;N13.HOG0010601;N13.HOG0011098	A process in which RNA is transported to, or maintained in, a specific location.
final_direct_conserved_plus_Dmel_experimental	300	weight01	fisher	20	none	Stage_neg	BP	GO:0000460	maturation of 5.8S rRNA	24	6	1.69	3.5502958579881656	0.00526	weight01	6	N13.HOG0006379;N13.HOG0007520;N13.HOG0009448;N13.HOG0009568;N13.HOG0009798;N13.HOG0010601	Any process involved in the maturation of a precursor 5.8S ribosomal RNA (rRNA) molecule into a mature 5.8S rRNA molecule.
final_direct_conserved_plus_Dmel_experimental	300	weight01	fisher	20	none	Stage_neg	BP	GO:0006611	protein export from nucleus	79	12	5.56	2.1582733812949644	0.00636	weight01	12	N13.HOG0003064;N13.HOG0005649;N13.HOG0005854;N13.HOG0006379;N13.HOG0006612;N13.HOG0006774;N13.HOG0007098;N13.HOG0007342;N13.HOG0007677;N13.HOG0008926;N13.HOG0009933;N13.HOG0010601	The directed movement of a protein from the nucleus into the cytoplasm.
final_direct_conserved_plus_Dmel_experimental	300	weight01	fisher	20	none	Stage_neg	BP	GO:0071166	ribonucleoprotein complex localization	59	10	4.15	2.4096385542168672	0.00729	weight01	10	N13.HOG0003064;N13.HOG0005649;N13.HOG0005854;N13.HOG0006379;N13.HOG0007098;N13.HOG0007342;N13.HOG0007677;N13.HOG0008926;N13.HOG0009933;N13.HOG0010601	Any process in which a ribonucleoprotein complex is transported to, or maintained in, a specific location within a cell.
final_direct_conserved_plus_Dmel_experimental	300	weight01	fisher	20	none	Stage_neg	BP	GO:0006360	transcription by RNA polymerase I	34	7	2.39	2.928870292887029	0.0082	weight01	7	N13.HOG0002920;N13.HOG0005841;N13.HOG0007119;N13.HOG0007188;N13.HOG0009221;N13.HOG0009740;N13.HOG0010093	The synthesis of RNA from a DNA template by RNA polymerase I (RNAP I), originating at an RNAP I promoter.
final_direct_conserved_plus_Dmel_experimental	300	weight01	fisher	20	none	Stage_neg	BP	GO:0045333	cellular respiration	113	12	7.95	1.5094339622641508	0.00961	weight01	12	N13.HOG0005151;N13.HOG0006164;N13.HOG0006302;N13.HOG0006790;N13.HOG0006793;N13.HOG0007719;N13.HOG0007881;N13.HOG0008929;N13.HOG0009115;N13.HOG0009405;N13.HOG0009887;N13.HOG0011749	The enzymatic release of energy from inorganic and organic compounds (especially carbohydrates and fats) which either requires oxygen (aerobic respiration) or does not (anaerobic respiration).
final_direct_conserved_plus_Dmel_experimental	300	weight01	fisher	20	none	Stage_neg	BP	GO:0045727	positive regulation of translation	62	10	4.36	2.293577981651376	0.01035	weight01	10	N13.HOG0004270;N13.HOG0005816;N13.HOG0005854;N13.HOG0006164;N13.HOG0006492;N13.HOG0006509;N13.HOG0006848;N13.HOG0007158;N13.HOG0008789;N13.HOG0010601	Any process that activates or increases the frequency, rate or extent of the chemical reactions and pathways resulting in the formation of proteins by the translation of mRNA or circRNA.
final_direct_conserved_plus_Dmel_experimental	300	weight01	fisher	20	none	Stage_neg	BP	GO:0006446	regulation of translational initiation	37	7	2.6	2.692307692307692	0.0131	weight01	7	N13.HOG0006125;N13.HOG0006148;N13.HOG0006492;N13.HOG0007565;N13.HOG0008789;N13.HOG0009165;N13.HOG0009306	Any process that modulates the frequency, rate or extent of translational initiation.
final_direct_conserved_plus_Dmel_experimental	300	weight01	fisher	20	none	Stage_neg	BP	GO:0071384	cellular response to corticosteroid stimulus	21	5	1.48	3.3783783783783785	0.0133	weight01	5	N13.HOG0000502;N13.HOG0005854;N13.HOG0005984;N13.HOG0006628;N13.HOG0007719	NA
final_direct_conserved_plus_Dmel_experimental	300	weight01	fisher	20	none	Stage_neg	BP	GO:0008643	carbohydrate transport	43	5	3.03	1.6501650165016504	0.014880000000000001	weight01	5	N13.HOG0000753;N13.HOG0002877;N13.HOG0006150;N13.HOG0006252;N13.HOG0010083	The directed movement of carbohydrate into, out of or within a cell, or between cells, by means of some agent such as a transporter or pore. Carbohydrates are a group of organic compounds based of the general formula Cx(H2O)y.
final_direct_conserved_plus_Dmel_experimental	300	weight01	fisher	20	none	Stage_neg	BP	GO:1901796	regulation of signal transduction by p53 class mediator	47	8	3.31	2.416918429003021	0.01539	weight01	8	N13.HOG0003182;N13.HOG0005148;N13.HOG0005272;N13.HOG0005415;N13.HOG0005994;N13.HOG0007394;N13.HOG0008662;N13.HOG0009740	Any process that modulates the frequency, rate or extent of signal transduction by p53 class mediator.
final_direct_conserved_plus_Dmel_experimental	300	weight01	fisher	20	none	Stage_neg	BP	GO:2001242	regulation of intrinsic apoptotic signaling pathway	52	7	3.66	1.9125683060109289	0.01627	weight01	7	N13.HOG0004368;N13.HOG0005148;N13.HOG0005415;N13.HOG0005994;N13.HOG0006790;N13.HOG0008246;N13.HOG0009740	Any process that modulates the frequency, rate or extent of intrinsic apoptotic signaling pathway.
final_direct_conserved_plus_Dmel_experimental	300	weight01	fisher	20	none	Stage_neg	BP	GO:0000956	nuclear-transcribed mRNA catabolic process	112	60	7.88	7.614213197969543	0.01668	weight01	60	N13.HOG0003031;N13.HOG0003094;N13.HOG0004284;N13.HOG0004312;N13.HOG0004313;N13.HOG0004324;N13.HOG0004368;N13.HOG0004407;N13.HOG0004584;N13.HOG0004697;N13.HOG0004734;N13.HOG0004951;N13.HOG0004981;N13.HOG0005068;N13.HOG0005148;N13.HOG0005209;N13.HOG0005272;N13.HOG0005415;N13.HOG0005816;N13.HOG0005979;N13.HOG0006017;N13.HOG0006038;N13.HOG0006097;N13.HOG0006103;N13.HOG0006193;N13.HOG0006274;N13.HOG0006379;N13.HOG0006471;N13.HOG0006472;N13.HOG0006628;N13.HOG0006712;N13.HOG0006848;N13.HOG0007041;N13.HOG0007335;N13.HOG0007508;N13.HOG0007517;N13.HOG0008072;N13.HOG0008085;N13.HOG0008322;N13.HOG0008731;N13.HOG0008778;N13.HOG0008789;N13.HOG0008843;N13.HOG0008926;N13.HOG0008937;N13.HOG0008950;N13.HOG0008999;N13.HOG0009000;N13.HOG0009120;N13.HOG0009165;N13.HOG0009448;N13.HOG0009535;N13.HOG0009568;N13.HOG0009933;N13.HOG0010163;N13.HOG0011172;N13.HOG0011184;N13.HOG0011213;N13.HOG0011446;N13.HOG0011492	The chemical reactions and pathways resulting in the breakdown of nuclear-transcribed mRNAs in eukaryotic cells.
final_direct_conserved_plus_Dmel_experimental	300	weight01	fisher	20	none	Stage_neg	BP	GO:0045824	negative regulation of innate immune response	23	5	1.62	3.0864197530864197	0.0196	weight01	5	N13.HOG0004303;N13.HOG0005068;N13.HOG0007098;N13.HOG0007567;N13.HOG0008999	Any process that stops, prevents, or reduces the frequency, rate or extent of the innate immune response.
final_direct_conserved_plus_Dmel_experimental	300	weight01	fisher	20	none	Stage_neg	BP	GO:0007007	inner mitochondrial membrane organization	23	5	1.62	3.0864197530864197	0.0196	weight01	5	N13.HOG0006793;N13.HOG0007279;N13.HOG0007606;N13.HOG0009234;N13.HOG0010889	A process that is carried out at the cellular level which results in the assembly, arrangement of constituent parts, or disassembly of the mitochondrial inner membrane.
final_direct_conserved_plus_Dmel_experimental	300	weight01	fisher	20	none	Stage_neg	MF	GO:0003723	RNA binding	486	113	34.37	3.2877509455920864	1.4e-24	weight01	113	N13.HOG0002248;N13.HOG0002352;N13.HOG0002353;N13.HOG0002917;N13.HOG0002966;N13.HOG0003031;N13.HOG0003623;N13.HOG0003861;N13.HOG0004270;N13.HOG0004284;N13.HOG0004312;N13.HOG0004313;N13.HOG0004324;N13.HOG0004368;N13.HOG0004407;N13.HOG0004584;N13.HOG0004585;N13.HOG0004697;N13.HOG0004856;N13.HOG0004889;N13.HOG0004930;N13.HOG0004951;N13.HOG0004981;N13.HOG0005008;N13.HOG0005009;N13.HOG0005148;N13.HOG0005209;N13.HOG0005272;N13.HOG0005415;N13.HOG0005486;N13.HOG0005649;N13.HOG0005812;N13.HOG0005816;N13.HOG0005854;N13.HOG0005979;N13.HOG0006017;N13.HOG0006038;N13.HOG0006070;N13.HOG0006103;N13.HOG0006125;N13.HOG0006128;N13.HOG0006148;N13.HOG0006164;N13.HOG0006193;N13.HOG0006239;N13.HOG0006271;N13.HOG0006274;N13.HOG0006302;N13.HOG0006344;N13.HOG0006365;N13.HOG0006445;N13.HOG0006471;N13.HOG0006472;N13.HOG0006492;N13.HOG0006498;N13.HOG0006709;N13.HOG0006712;N13.HOG0006748;N13.HOG0006807;N13.HOG0006976;N13.HOG0007098;N13.HOG0007158;N13.HOG0007182;N13.HOG0007258;N13.HOG0007272;N13.HOG0007287;N13.HOG0007318;N13.HOG0007335;N13.HOG0007394;N13.HOG0007477;N13.HOG0007508;N13.HOG0007565;N13.HOG0007631;N13.HOG0007712;N13.HOG0007827;N13.HOG0008072;N13.HOG0008085;N13.HOG0008321;N13.HOG0008322;N13.HOG0008394;N13.HOG0008408;N13.HOG0008457;N13.HOG0008547;N13.HOG0008615;N13.HOG0008710;N13.HOG0008731;N13.HOG0008778;N13.HOG0008789;N13.HOG0008806;N13.HOG0008843;N13.HOG0008935;N13.HOG0008937;N13.HOG0008999;N13.HOG0009000;N13.HOG0009055;N13.HOG0009165;N13.HOG0009238;N13.HOG0009258;N13.HOG0009306;N13.HOG0009371;N13.HOG0009448;N13.HOG0009451;N13.HOG0009752;N13.HOG0009933;N13.HOG0010098;N13.HOG0010386;N13.HOG0010587;N13.HOG0010601;N13.HOG0011098;N13.HOG0011172;N13.HOG0011184;N13.HOG0011213;N13.HOG0011492	Binding to an RNA molecule or a portion thereof.
final_direct_conserved_plus_Dmel_experimental	300	weight01	fisher	20	none	Stage_neg	MF	GO:0019843	rRNA binding	44	27	3.11	8.681672025723474	5.8e-21	weight01	27	N13.HOG0003861;N13.HOG0004324;N13.HOG0004368;N13.HOG0004407;N13.HOG0004856;N13.HOG0004889;N13.HOG0004981;N13.HOG0005148;N13.HOG0005272;N13.HOG0006017;N13.HOG0006070;N13.HOG0006128;N13.HOG0006164;N13.HOG0006193;N13.HOG0006302;N13.HOG0006445;N13.HOG0006471;N13.HOG0006712;N13.HOG0007287;N13.HOG0007394;N13.HOG0007508;N13.HOG0007712;N13.HOG0010098;N13.HOG0010587;N13.HOG0011172;N13.HOG0011213;N13.HOG0011492	Binding to a ribosomal RNA.
final_direct_conserved_plus_Dmel_experimental	300	weight01	fisher	20	none	Stage_neg	MF	GO:0003743	translation initiation factor activity	33	11	2.33	4.721030042918454	8.6e-6	weight01	11	N13.HOG0005854;N13.HOG0006125;N13.HOG0006148;N13.HOG0006239;N13.HOG0006492;N13.HOG0007272;N13.HOG0007565;N13.HOG0007827;N13.HOG0008789;N13.HOG0009306;N13.HOG0010601	Functions in the initiation of ribosome-mediated translation of mRNA into a polypeptide.
final_direct_conserved_plus_Dmel_experimental	300	weight01	fisher	20	none	Stage_neg	MF	GO:0003729	mRNA binding	144	25	10.18	2.4557956777996073	2e-5	weight01	25	N13.HOG0002352;N13.HOG0002353;N13.HOG0003031;N13.HOG0004270;N13.HOG0004284;N13.HOG0004324;N13.HOG0004368;N13.HOG0004407;N13.HOG0004856;N13.HOG0005415;N13.HOG0005816;N13.HOG0006017;N13.HOG0006125;N13.HOG0006148;N13.HOG0006471;N13.HOG0006492;N13.HOG0007158;N13.HOG0007335;N13.HOG0007477;N13.HOG0008394;N13.HOG0008937;N13.HOG0009165;N13.HOG0009238;N13.HOG0009448;N13.HOG0010098	Binding to messenger RNA (mRNA), an intermediate molecule between DNA and protein. mRNA includes UTR and coding sequences, but does not contain introns.
final_direct_conserved_plus_Dmel_experimental	300	weight01	fisher	20	none	Stage_neg	MF	GO:0031369	translation initiation factor binding	20	8	1.41	5.673758865248227	3.4e-5	weight01	8	N13.HOG0005068;N13.HOG0005816;N13.HOG0005854;N13.HOG0006125;N13.HOG0006239;N13.HOG0006930;N13.HOG0007827;N13.HOG0008926	Binding to a translation initiation factor, any polypeptide factor involved in the initiation of ribosome-mediated translation.
final_direct_conserved_plus_Dmel_experimental	300	weight01	fisher	20	none	Stage_neg	MF	GO:0003899	DNA-directed RNA polymerase activity	24	7	1.7	4.11764705882353	9.9e-4	weight01	7	N13.HOG0006184;N13.HOG0007119;N13.HOG0007188;N13.HOG0007346;N13.HOG0008000;N13.HOG0009221;N13.HOG0010093	Catalysis of the reaction: nucleoside triphosphate + RNA(n) = diphosphate + RNA(n+1). Utilizes a DNA template, i.e. the catalysis of DNA-template-directed extension of the 3'-end of an RNA strand by one nucleotide at a time. Can initiate a chain 'de novo'.
final_direct_conserved_plus_Dmel_experimental	300	weight01	fisher	20	none	Stage_neg	MF	GO:0008135	translation factor activity, RNA binding	54	17	3.82	4.450261780104713	0.00219	weight01	17	N13.HOG0002352;N13.HOG0002353;N13.HOG0002917;N13.HOG0002966;N13.HOG0005854;N13.HOG0006125;N13.HOG0006148;N13.HOG0006239;N13.HOG0006492;N13.HOG0007272;N13.HOG0007335;N13.HOG0007565;N13.HOG0007827;N13.HOG0008789;N13.HOG0009306;N13.HOG0010386;N13.HOG0010601	Functions during translation by binding to RNA during polypeptide synthesis at the ribosome.
final_direct_conserved_plus_Dmel_experimental	300	weight01	fisher	20	none	Stage_neg	MF	GO:0043022	ribosome binding	36	7	2.55	2.7450980392156863	0.01155	weight01	7	N13.HOG0006379;N13.HOG0007335;N13.HOG0008246;N13.HOG0008926;N13.HOG0009306;N13.HOG0009568;N13.HOG0010601	Binding to a ribosome.
final_direct_conserved_plus_Dmel_experimental	300	weight01	fisher	20	none	Stage_neg	CC	GO:0022627	cytosolic small ribosomal subunit	33	28	2.3	12.173913043478262	1.7e-28	weight01	28	N13.HOG0003031;N13.HOG0004284;N13.HOG0004312;N13.HOG0004368;N13.HOG0004407;N13.HOG0004439;N13.HOG0004585;N13.HOG0004734;N13.HOG0004856;N13.HOG0004951;N13.HOG0005068;N13.HOG0005415;N13.HOG0005816;N13.HOG0005979;N13.HOG0006068;N13.HOG0006128;N13.HOG0006193;N13.HOG0006379;N13.HOG0006471;N13.HOG0006930;N13.HOG0006976;N13.HOG0007678;N13.HOG0008937;N13.HOG0009000;N13.HOG0009568;N13.HOG0009933;N13.HOG0010163;N13.HOG0011674	The small subunit of a ribosome located in the cytosol.
final_direct_conserved_plus_Dmel_experimental	300	weight01	fisher	20	none	Stage_neg	CC	GO:0005730	nucleolus	386	81	26.85	3.0167597765363126	2.1e-21	weight01	81	N13.HOG0002248;N13.HOG0002352;N13.HOG0002353;N13.HOG0002920;N13.HOG0003031;N13.HOG0003133;N13.HOG0003134;N13.HOG0003861;N13.HOG0004270;N13.HOG0004284;N13.HOG0004312;N13.HOG0004324;N13.HOG0004368;N13.HOG0004407;N13.HOG0004697;N13.HOG0004856;N13.HOG0004930;N13.HOG0005008;N13.HOG0005009;N13.HOG0005068;N13.HOG0005148;N13.HOG0005272;N13.HOG0005325;N13.HOG0005415;N13.HOG0005486;N13.HOG0005564;N13.HOG0005593;N13.HOG0005649;N13.HOG0005816;N13.HOG0005841;N13.HOG0005994;N13.HOG0006038;N13.HOG0006070;N13.HOG0006148;N13.HOG0006164;N13.HOG0006193;N13.HOG0006271;N13.HOG0006279;N13.HOG0006471;N13.HOG0006498;N13.HOG0006628;N13.HOG0006709;N13.HOG0006748;N13.HOG0006807;N13.HOG0006976;N13.HOG0007098;N13.HOG0007119;N13.HOG0007182;N13.HOG0007188;N13.HOG0007215;N13.HOG0007272;N13.HOG0007394;N13.HOG0007477;N13.HOG0007520;N13.HOG0007631;N13.HOG0007712;N13.HOG0008321;N13.HOG0008394;N13.HOG0008408;N13.HOG0008547;N13.HOG0008606;N13.HOG0008615;N13.HOG0008710;N13.HOG0008778;N13.HOG0008805;N13.HOG0009221;N13.HOG0009371;N13.HOG0009405;N13.HOG0009448;N13.HOG0009451;N13.HOG0009535;N13.HOG0009740;N13.HOG0009798;N13.HOG0009933;N13.HOG0010004;N13.HOG0010093;N13.HOG0010098;N13.HOG0010587;N13.HOG0010601;N13.HOG0010889;N13.HOG0011098	A small, dense body one or more of which are present in the nucleus of eukaryotic cells. It is rich in RNA and protein, is not bounded by a limiting membrane, and is not seen during mitosis. Its prime function is the transcription of the nucleolar DNA into 45S ribosomal-precursor RNA, the processing of this RNA into 5.8S, 18S, and 28S components of ribosomal RNA, and the association of these components with 5S RNA and proteins synthesized outside the nucleolus. This association results in the formation of ribonucleoprotein precursors; these pass into the cytoplasm and mature into the 40S and 60S subunits of the ribosome.
final_direct_conserved_plus_Dmel_experimental	300	weight01	fisher	20	none	Stage_neg	CC	GO:0030867	rough endoplasmic reticulum membrane	24	15	1.67	8.982035928143713	2.2e-12	weight01	15	N13.HOG0004324;N13.HOG0004368;N13.HOG0004951;N13.HOG0005148;N13.HOG0005272;N13.HOG0006103;N13.HOG0006274;N13.HOG0006379;N13.HOG0006628;N13.HOG0007517;N13.HOG0008937;N13.HOG0008950;N13.HOG0009000;N13.HOG0009568;N13.HOG0009933	The lipid bilayer surrounding the rough endoplasmic reticulum.
final_direct_conserved_plus_Dmel_experimental	300	weight01	fisher	20	none	Stage_neg	CC	GO:0005762	mitochondrial large ribosomal subunit	31	11	2.16	5.092592592592593	3.6e-6	weight01	11	N13.HOG0007740;N13.HOG0007822;N13.HOG0007870;N13.HOG0009025;N13.HOG0009209;N13.HOG0009210;N13.HOG0009258;N13.HOG0009323;N13.HOG0009752;N13.HOG0010386;N13.HOG0010503	The larger of the two subunits of a mitochondrial ribosome. Two sites on the ribosomal large subunit are involved in translation: the aminoacyl site (A site) and peptidyl site (P site).
final_direct_conserved_plus_Dmel_experimental	300	weight01	fisher	20	none	Stage_neg	CC	GO:0032040	small-subunit processome	28	10	1.95	5.128205128205129	9.6e-6	weight01	10	N13.HOG0002248;N13.HOG0004270;N13.HOG0005009;N13.HOG0005415;N13.HOG0005486;N13.HOG0005564;N13.HOG0006498;N13.HOG0006807;N13.HOG0007098;N13.HOG0010098	A large ribonucleoprotein complex that is an early preribosomal complex. In S. cerevisiae, it has a size of 80S and consists of the 35S pre-rRNA, early-associating ribosomal proteins most of which are part of the small ribosomal subunit, the U3 snoRNA and associated proteins.
final_direct_conserved_plus_Dmel_experimental	300	weight01	fisher	20	none	Stage_neg	CC	GO:0030684	preribosome	56	21	3.9	5.384615384615385	3.7e-5	weight01	21	N13.HOG0002248;N13.HOG0003134;N13.HOG0003861;N13.HOG0004270;N13.HOG0005009;N13.HOG0005415;N13.HOG0005486;N13.HOG0005564;N13.HOG0005994;N13.HOG0006379;N13.HOG0006498;N13.HOG0006807;N13.HOG0007098;N13.HOG0007182;N13.HOG0007520;N13.HOG0007677;N13.HOG0008394;N13.HOG0008547;N13.HOG0008710;N13.HOG0010098;N13.HOG0010601	Any complex of pre-rRNAs, ribosomal proteins, and associated proteins formed during ribosome biogenesis.
final_direct_conserved_plus_Dmel_experimental	300	weight01	fisher	20	none	Stage_neg	CC	GO:0030686	90S preribosome	27	9	1.88	4.787234042553192	5.1e-5	weight01	9	N13.HOG0002248;N13.HOG0005415;N13.HOG0005564;N13.HOG0005994;N13.HOG0006379;N13.HOG0006498;N13.HOG0007098;N13.HOG0008394;N13.HOG0008547	A large ribonucleoprotein complex considered to be the earliest preribosomal complex. In S. cerevisiae, it has a size of 90S and consists of the 35S pre-rRNA, early-associating ribosomal proteins most of which are part of the small ribosomal subunit, the U3 snoRNA and associated proteins.
final_direct_conserved_plus_Dmel_experimental	300	weight01	fisher	20	none	Stage_neg	CC	GO:0098562	cytoplasmic side of membrane	90	17	6.26	2.7156549520766773	1.1e-4	weight01	17	N13.HOG0002352;N13.HOG0002353;N13.HOG0004324;N13.HOG0004368;N13.HOG0004951;N13.HOG0005148;N13.HOG0005272;N13.HOG0006103;N13.HOG0006274;N13.HOG0006379;N13.HOG0006628;N13.HOG0007517;N13.HOG0008937;N13.HOG0008950;N13.HOG0009000;N13.HOG0009568;N13.HOG0009933	NA
final_direct_conserved_plus_Dmel_experimental	300	weight01	fisher	20	none	Stage_neg	CC	GO:0005743	mitochondrial inner membrane	195	31	13.56	2.286135693215339	3.3e-4	weight01	31	N13.HOG0002859;N13.HOG0002900;N13.HOG0003192;N13.HOG0003445;N13.HOG0004368;N13.HOG0005151;N13.HOG0005936;N13.HOG0006790;N13.HOG0006793;N13.HOG0007279;N13.HOG0007287;N13.HOG0007719;N13.HOG0007740;N13.HOG0007822;N13.HOG0008448;N13.HOG0008929;N13.HOG0008935;N13.HOG0009025;N13.HOG0009115;N13.HOG0009209;N13.HOG0009210;N13.HOG0009234;N13.HOG0009258;N13.HOG0009323;N13.HOG0009566;N13.HOG0009752;N13.HOG0009887;N13.HOG0010503;N13.HOG0010889;N13.HOG0011112;N13.HOG0011755	The inner, i.e. lumen-facing, lipid bilayer of the mitochondrial envelope. It is highly folded to form cristae.
final_direct_conserved_plus_Dmel_experimental	300	weight01	fisher	20	none	Stage_neg	CC	GO:0098800	inner mitochondrial membrane protein complex	57	10	3.96	2.525252525252525	0.00521	weight01	10	N13.HOG0005151;N13.HOG0006793;N13.HOG0007279;N13.HOG0008929;N13.HOG0008935;N13.HOG0009234;N13.HOG0009887;N13.HOG0010889;N13.HOG0011112;N13.HOG0011755	Any protein complex that is part of the inner mitochondrial membrane.
final_direct_conserved_plus_Dmel_experimental	300	weight01	fisher	20	none	Stage_neg	CC	GO:1990351	transporter complex	114	12	7.93	1.5132408575031526	0.00928	weight01	12	N13.HOG0001361;N13.HOG0002859;N13.HOG0002877;N13.HOG0005151;N13.HOG0006272;N13.HOG0006793;N13.HOG0007591;N13.HOG0008628;N13.HOG0008929;N13.HOG0009234;N13.HOG0010889;N13.HOG0011749	A protein complex facilitating transport of molecules (proteins, small molecules, nucleic acids) into, out of or within a cell, or between cells.
final_direct_conserved_plus_Dmel_experimental	300	weight01	fisher	20	none	Stage_neg	CC	GO:1990904	ribonucleoprotein complex	465	123	32.34	3.8033395176252314	0.01466	weight01	123	N13.HOG0002248;N13.HOG0003031;N13.HOG0003094;N13.HOG0003133;N13.HOG0003134;N13.HOG0003623;N13.HOG0003861;N13.HOG0004270;N13.HOG0004284;N13.HOG0004312;N13.HOG0004313;N13.HOG0004324;N13.HOG0004368;N13.HOG0004407;N13.HOG0004439;N13.HOG0004584;N13.HOG0004585;N13.HOG0004697;N13.HOG0004734;N13.HOG0004856;N13.HOG0004889;N13.HOG0004930;N13.HOG0004951;N13.HOG0004981;N13.HOG0005009;N13.HOG0005068;N13.HOG0005148;N13.HOG0005209;N13.HOG0005272;N13.HOG0005415;N13.HOG0005486;N13.HOG0005564;N13.HOG0005649;N13.HOG0005812;N13.HOG0005816;N13.HOG0005854;N13.HOG0005979;N13.HOG0005994;N13.HOG0006017;N13.HOG0006038;N13.HOG0006068;N13.HOG0006097;N13.HOG0006103;N13.HOG0006128;N13.HOG0006148;N13.HOG0006193;N13.HOG0006274;N13.HOG0006302;N13.HOG0006344;N13.HOG0006365;N13.HOG0006379;N13.HOG0006445;N13.HOG0006471;N13.HOG0006472;N13.HOG0006498;N13.HOG0006628;N13.HOG0006712;N13.HOG0006807;N13.HOG0006848;N13.HOG0006930;N13.HOG0006976;N13.HOG0007041;N13.HOG0007098;N13.HOG0007158;N13.HOG0007182;N13.HOG0007258;N13.HOG0007287;N13.HOG0007318;N13.HOG0007508;N13.HOG0007517;N13.HOG0007520;N13.HOG0007631;N13.HOG0007677;N13.HOG0007678;N13.HOG0007740;N13.HOG0007822;N13.HOG0007870;N13.HOG0008072;N13.HOG0008085;N13.HOG0008246;N13.HOG0008321;N13.HOG0008322;N13.HOG0008394;N13.HOG0008408;N13.HOG0008457;N13.HOG0008547;N13.HOG0008710;N13.HOG0008805;N13.HOG0008806;N13.HOG0008843;N13.HOG0008937;N13.HOG0008950;N13.HOG0008999;N13.HOG0009000;N13.HOG0009025;N13.HOG0009165;N13.HOG0009209;N13.HOG0009210;N13.HOG0009238;N13.HOG0009258;N13.HOG0009306;N13.HOG0009323;N13.HOG0009451;N13.HOG0009535;N13.HOG0009566;N13.HOG0009568;N13.HOG0009752;N13.HOG0009819;N13.HOG0009924;N13.HOG0009933;N13.HOG0010098;N13.HOG0010163;N13.HOG0010386;N13.HOG0010503;N13.HOG0010587;N13.HOG0010601;N13.HOG0011098;N13.HOG0011172;N13.HOG0011184;N13.HOG0011213;N13.HOG0011446;N13.HOG0011492;N13.HOG0011674	A macromolecular complex that contains both RNA and protein molecules.
final_direct_conserved_plus_Dmel_experimental	300	weight01	fisher	20	none	Species_pos	BP	GO:0032543	mitochondrial translation	73	7	4.31	1.6241299303944317	0.0035	weight01	7	N13.HOG0007559;N13.HOG0007618;N13.HOG0007739;N13.HOG0009142;N13.HOG0010006;N13.HOG0011064;N13.HOG0011314	The chemical reactions and pathways resulting in the formation of a protein in a mitochondrion. This is a ribosome-mediated process in which the information in messenger RNA (mRNA) is used to specify the sequence of amino acids in the protein; the mitochondrion has its own ribosomes and transfer RNAs, and uses a genetic code that differs from the nuclear code.
final_direct_conserved_plus_Dmel_experimental	300	weight01	fisher	20	none	Species_pos	BP	GO:0035967	cellular response to topologically incorrect protein	60	6	3.54	1.694915254237288	0.0056	weight01	6	N13.HOG0002605;N13.HOG0002774;N13.HOG0004747;N13.HOG0006504;N13.HOG0007995;N13.HOG0010644	Any process that results in a change in state or activity of a cell (in terms of movement, secretion, enzyme production, gene expression, etc.) as a result of a protein that is not folded in its correct three-dimensional structure.
final_direct_conserved_plus_Dmel_experimental	300	weight01	fisher	20	none	Species_pos	BP	GO:0034504	protein localization to nucleus	112	12	6.62	1.8126888217522659	0.007	weight01	12	N13.HOG0001390;N13.HOG0002534;N13.HOG0004519;N13.HOG0004747;N13.HOG0006149;N13.HOG0006738;N13.HOG0008161;N13.HOG0009355;N13.HOG0009867;N13.HOG0010091;N13.HOG0010488;N13.HOG0010792	A process in which a protein transports or maintains the localization of another protein to the nucleus.
final_direct_conserved_plus_Dmel_experimental	300	weight01	fisher	20	none	Species_pos	MF	GO:0030276	clathrin binding	22	5	1.26	3.9682539682539684	0.0069	weight01	5	N13.HOG0003738;N13.HOG0004038;N13.HOG0006329;N13.HOG0009051;N13.HOG0009537	Binding to a clathrin heavy or light chain, the main components of the coat of coated vesicles and coated pits, and which also occurs in synaptic vesicles.
final_direct_conserved_plus_Dmel_experimental	300	weight01	fisher	20	none	Species_pos	MF	GO:0000149	SNARE binding	40	8	2.29	3.493449781659389	0.0082	weight01	8	N13.HOG0003738;N13.HOG0003973;N13.HOG0003974;N13.HOG0006329;N13.HOG0008966;N13.HOG0009351;N13.HOG0009537;N13.HOG0010421	Binding to a SNARE (soluble N-ethylmaleimide-sensitive factor attached protein receptor) protein.
final_direct_conserved_plus_Dmel_experimental	300	weight01	fisher	20	none	Species_pos	MF	GO:0016853	isomerase activity	53	8	3.03	2.6402640264026402	0.0095	weight01	8	N13.HOG0001584;N13.HOG0002521;N13.HOG0002694;N13.HOG0005328;N13.HOG0008282;N13.HOG0009355;N13.HOG0011064;N13.HOG0011984	Catalysis of the geometric or structural changes within one molecule. Isomerase is the systematic name for any enzyme of EC class 5.
final_direct_conserved_plus_Dmel_experimental	300	weight01	fisher	20	none	Species_pos	MF	GO:0016758	hexosyltransferase activity	54	8	3.09	2.5889967637540456	0.0107	weight01	8	N13.HOG0002605;N13.HOG0002680;N13.HOG0003537;N13.HOG0004807;N13.HOG0006182;N13.HOG0007896;N13.HOG0010312;N13.HOG0010414	Catalysis of the transfer of a hexosyl group from one compound (donor) to another (acceptor).
final_direct_conserved_plus_Dmel_experimental	300	weight01	fisher	20	none	Species_pos	MF	GO:0004536	DNA nuclease activity	27	5	1.54	3.2467532467532467	0.0167	weight01	5	N13.HOG0005128;N13.HOG0007808;N13.HOG0008345;N13.HOG0009620;N13.HOG0011193	Catalysis of the cleavage of ester linkages within deoxyribonucleic acid.
final_direct_conserved_plus_Dmel_experimental	300	weight01	fisher	20	none	Species_pos	MF	GO:0003924	GTPase activity	96	11	5.49	2.0036429872495445	0.0198	weight01	11	N13.HOG0004142;N13.HOG0006149;N13.HOG0006331;N13.HOG0007427;N13.HOG0007938;N13.HOG0008178;N13.HOG0008872;N13.HOG0009142;N13.HOG0009756;N13.HOG0011062;N13.HOG0011314	Catalysis of the reaction: GTP + H2O = GDP + H+ + phosphate.
final_direct_conserved_plus_Dmel_experimental	300	weight01	fisher	20	none	Species_pos	CC	GO:0005765	lysosomal membrane	82	12	4.84	2.479338842975207	0.0028	weight01	12	N13.HOG0001645;N13.HOG0003973;N13.HOG0004038;N13.HOG0005061;N13.HOG0006358;N13.HOG0006955;N13.HOG0007333;N13.HOG0007938;N13.HOG0008966;N13.HOG0009051;N13.HOG0009089;N13.HOG0010356	The lipid bilayer surrounding the lysosome and separating its contents from the cell cytoplasm.
final_direct_conserved_plus_Dmel_experimental	300	weight01	fisher	20	none	Species_pos	CC	GO:1905368	peptidase complex	49	5	2.89	1.7301038062283736	0.0075	weight01	5	N13.HOG0002572;N13.HOG0004501;N13.HOG0009838;N13.HOG0009902;N13.HOG0010086	A protein complex which is capable of peptidase activity.
final_direct_conserved_plus_Dmel_experimental	300	weight01	fisher	20	none	Species_pos	CC	GO:0031902	late endosome membrane	41	7	2.42	2.8925619834710745	0.0091	weight01	7	N13.HOG0001645;N13.HOG0002161;N13.HOG0003973;N13.HOG0003974;N13.HOG0008966;N13.HOG0009591;N13.HOG0010356	The lipid bilayer surrounding a late endosome.
final_direct_conserved_plus_Dmel_experimental	300	weight01	fisher	20	none	Species_pos	CC	GO:0005776	autophagosome	36	6	2.13	2.8169014084507045	0.0174	weight01	6	N13.HOG0003974;N13.HOG0006331;N13.HOG0006358;N13.HOG0007333;N13.HOG0009909;N13.HOG0010262	A double-membrane-bounded compartment that engulfs endogenous cellular material as well as invading microorganisms to target them to the lytic vacuole/lysosome for degradation as part of macroautophagy.
final_direct_conserved_plus_Dmel_experimental	300	weight01	fisher	20	none	Species_neg	BP	GO:0043414	macromolecule methylation	99	11	5.9	1.8644067796610169	5.1e-5	weight01	11	N13.HOG0004377;N13.HOG0004665;N13.HOG0005456;N13.HOG0005517;N13.HOG0007112;N13.HOG0008374;N13.HOG0008790;N13.HOG0009208;N13.HOG0009490;N13.HOG0010139;N13.HOG0010662	The covalent attachment of a methyl residue to one or more monomeric units in a polypeptide, polynucleotide, polysaccharide, or other biological macromolecule.
final_direct_conserved_plus_Dmel_experimental	300	weight01	fisher	20	none	Species_neg	BP	GO:0006383	transcription by RNA polymerase III	26	8	1.55	5.161290322580645	8.6e-5	weight01	8	N13.HOG0004494;N13.HOG0005900;N13.HOG0006572;N13.HOG0007343;N13.HOG0007597;N13.HOG0008417;N13.HOG0008464;N13.HOG0009126	The synthesis of RNA from a DNA template by RNA polymerase III, originating at an RNAP III promoter.
final_direct_conserved_plus_Dmel_experimental	300	weight01	fisher	20	none	Species_neg	BP	GO:0040029	epigenetic regulation of gene expression	143	19	8.52	2.2300469483568075	2.5e-4	weight01	19	N13.HOG0002358;N13.HOG0002436;N13.HOG0004159;N13.HOG0004176;N13.HOG0004377;N13.HOG0004665;N13.HOG0004698;N13.HOG0005063;N13.HOG0005197;N13.HOG0005268;N13.HOG0005456;N13.HOG0005517;N13.HOG0005757;N13.HOG0005765;N13.HOG0007241;N13.HOG0007375;N13.HOG0007529;N13.HOG0008790;N13.HOG0010139	A process that modulates the frequency, rate or extent of gene expression through chromatin remodeling either by modifying higher order chromatin fiber structure, nucleosomal histones, or cytosine methylation of DNA. Once established, this regulation may be maintained over many cell divisions. It can also be heritable in the absence of the instigating signal.
final_direct_conserved_plus_Dmel_experimental	300	weight01	fisher	20	none	Species_neg	BP	GO:0065004	protein-DNA complex assembly	64	12	3.81	3.149606299212598	3.1e-4	weight01	12	N13.HOG0001637;N13.HOG0004494;N13.HOG0005900;N13.HOG0006641;N13.HOG0007144;N13.HOG0007343;N13.HOG0007529;N13.HOG0007597;N13.HOG0007871;N13.HOG0008764;N13.HOG0008831;N13.HOG0009143	The aggregation, arrangement and bonding together of proteins and DNA molecules to form a protein-DNA complex.
final_direct_conserved_plus_Dmel_experimental	300	weight01	fisher	20	none	Species_neg	BP	GO:0007608	sensory perception of smell	39	9	2.32	3.8793103448275863	3.6e-4	weight01	9	N13.HOG0000003;N13.HOG0000147;N13.HOG0000226;N13.HOG0000439;N13.HOG0000662;N13.HOG0002182;N13.HOG0004457;N13.HOG0004717;N13.HOG0008548	The series of events required for an organism to receive an olfactory stimulus, convert it to a molecular signal, and recognize and characterize the signal. Olfaction involves the detection of chemical composition of an organism's ambient medium by chemoreceptors. This is a neurological process.
final_direct_conserved_plus_Dmel_experimental	300	weight01	fisher	20	none	Species_neg	BP	GO:0007224	smoothened signaling pathway	106	15	6.32	2.373417721518987	4.3e-4	weight01	15	N13.HOG0002436;N13.HOG0002967;N13.HOG0003339;N13.HOG0003574;N13.HOG0004355;N13.HOG0005074;N13.HOG0005675;N13.HOG0006255;N13.HOG0006546;N13.HOG0007620;N13.HOG0008052;N13.HOG0008831;N13.HOG0009143;N13.HOG0010066;N13.HOG0011227	The series of molecular signals generated as a consequence of activation of the transmembrane protein Smoothened.
final_direct_conserved_plus_Dmel_experimental	300	weight01	fisher	20	none	Species_neg	BP	GO:0006304	DNA modification	25	7	1.49	4.697986577181208	4.6e-4	weight01	7	N13.HOG0004377;N13.HOG0004665;N13.HOG0005456;N13.HOG0008374;N13.HOG0008790;N13.HOG0010139;N13.HOG0010662	The covalent alteration of one or more nucleotide sites in DNA, resulting in a change in its properties.
final_direct_conserved_plus_Dmel_experimental	300	weight01	fisher	20	none	Species_neg	BP	GO:0032479	regulation of type I interferon production	28	7	1.67	4.1916167664670665	9.8e-4	weight01	7	N13.HOG0002889;N13.HOG0005308;N13.HOG0006572;N13.HOG0006995;N13.HOG0008417;N13.HOG0008464;N13.HOG0009746	Any process that modulates the frequency, rate, or extent of interferon type I production. Type I interferons include the interferon-alpha, beta, delta, episilon, zeta, kappa, tau, and omega gene families.
final_direct_conserved_plus_Dmel_experimental	300	weight01	fisher	20	none	Species_neg	BP	GO:0009411	response to UV	59	10	3.52	2.840909090909091	0.00147	weight01	10	N13.HOG0001630;N13.HOG0001916;N13.HOG0002133;N13.HOG0002624;N13.HOG0003280;N13.HOG0006995;N13.HOG0008831;N13.HOG0009143;N13.HOG0009239;N13.HOG0009241	Any process that results in a change in state or activity of a cell or an organism (in terms of movement, secretion, enzyme production, gene expression, etc.) as a result of an ultraviolet radiation (UV light) stimulus. Ultraviolet radiation is electromagnetic radiation with a wavelength in the range of 10 to 380 nanometers.
final_direct_conserved_plus_Dmel_experimental	300	weight01	fisher	20	none	Species_neg	BP	GO:0009593	detection of chemical stimulus	30	7	1.79	3.910614525139665	0.00152	weight01	7	N13.HOG0000226;N13.HOG0000525;N13.HOG0002182;N13.HOG0004457;N13.HOG0006255;N13.HOG0008548;N13.HOG0009316	The series of events in which a chemical stimulus is received by a cell and converted into a molecular signal.
final_direct_conserved_plus_Dmel_experimental	300	weight01	fisher	20	none	Species_neg	BP	GO:0070918	regulatory ncRNA processing	58	9	3.46	2.601156069364162	0.00185	weight01	9	N13.HOG0004176;N13.HOG0004377;N13.HOG0004665;N13.HOG0005757;N13.HOG0007241;N13.HOG0008372;N13.HOG0008790;N13.HOG0010139;N13.HOG0011460	NA
final_direct_conserved_plus_Dmel_experimental	300	weight01	fisher	20	none	Species_neg	BP	GO:0016441	post-transcriptional gene silencing	68	9	4.05	2.2222222222222223	0.00355	weight01	9	N13.HOG0002436;N13.HOG0004176;N13.HOG0004377;N13.HOG0004665;N13.HOG0004698;N13.HOG0005765;N13.HOG0007241;N13.HOG0008790;N13.HOG0011460	The inactivation of gene expression that occurs after transcription.
final_direct_conserved_plus_Dmel_experimental	300	weight01	fisher	20	none	Species_neg	BP	GO:0042795	snRNA transcription by RNA polymerase II	35	7	2.09	3.349282296650718	0.00389	weight01	7	N13.HOG0004295;N13.HOG0005900;N13.HOG0007343;N13.HOG0007597;N13.HOG0008372;N13.HOG0008955;N13.HOG0009126	The synthesis of small nuclear RNA (snRNA) from a DNA template by RNA Polymerase II (Pol II), originating at a Pol II promoter.
final_direct_conserved_plus_Dmel_experimental	300	weight01	fisher	20	none	Species_neg	BP	GO:0045089	positive regulation of innate immune response	97	11	5.78	1.903114186851211	0.00519	weight01	11	N13.HOG0002624;N13.HOG0002889;N13.HOG0004159;N13.HOG0004698;N13.HOG0005308;N13.HOG0006572;N13.HOG0006878;N13.HOG0008417;N13.HOG0008549;N13.HOG0009241;N13.HOG0009746	Any process that activates or increases the frequency, rate or extent of the innate immune response, the organism's first line of defense against infection.
final_direct_conserved_plus_Dmel_experimental	300	weight01	fisher	20	none	Species_neg	BP	GO:0015918	sterol transport	21	5	1.25	4	0.00666	weight01	5	N13.HOG0005308;N13.HOG0007884;N13.HOG0008524;N13.HOG0008549;N13.HOG0009260	The directed movement of sterols into, out of or within a cell, or between cells, by means of some agent such as a transporter or pore. Sterols are steroids with one or more hydroxyl groups and a hydrocarbon side-chain in the molecule.
final_direct_conserved_plus_Dmel_experimental	300	weight01	fisher	20	none	Species_neg	BP	GO:0001819	positive regulation of cytokine production	50	8	2.98	2.684563758389262	0.00856	weight01	8	N13.HOG0002624;N13.HOG0002889;N13.HOG0005308;N13.HOG0006572;N13.HOG0008417;N13.HOG0008464;N13.HOG0008570;N13.HOG0009746	Any process that activates or increases the frequency, rate or extent of production of a cytokine.
final_direct_conserved_plus_Dmel_experimental	300	weight01	fisher	20	none	Species_neg	BP	GO:0042073	intraciliary transport	33	7	1.97	3.553299492385787	0.00907	weight01	7	N13.HOG0003574;N13.HOG0005074;N13.HOG0005675;N13.HOG0006255;N13.HOG0007620;N13.HOG0008042;N13.HOG0010066	The bidirectional movement of large protein complexes along microtubules within a cilium, mediated by motor proteins.
final_direct_conserved_plus_Dmel_experimental	300	weight01	fisher	20	none	Species_neg	BP	GO:0006302	double-strand break repair	84	8	5	1.6	0.0101	weight01	8	N13.HOG0002889;N13.HOG0005152;N13.HOG0005197;N13.HOG0007465;N13.HOG0009239;N13.HOG0010111;N13.HOG0010662;N13.HOG0011844	The repair of double-strand breaks in DNA via homologous and nonhomologous mechanisms to reform a continuous DNA helix.
final_direct_conserved_plus_Dmel_experimental	300	weight01	fisher	20	none	Species_neg	BP	GO:0050906	detection of stimulus involved in sensory perception	42	7	2.5	2.8	0.01095	weight01	7	N13.HOG0000226;N13.HOG0000525;N13.HOG0002182;N13.HOG0002354;N13.HOG0004457;N13.HOG0008548;N13.HOG0009316	The series of events involved in sensory perception in which a sensory stimulus is received and converted into a molecular signal.
final_direct_conserved_plus_Dmel_experimental	300	weight01	fisher	20	none	Species_neg	BP	GO:0006325	chromatin organization	313	38	18.65	2.037533512064343	0.01156	weight01	38	N13.HOG0001225;N13.HOG0001637;N13.HOG0001964;N13.HOG0002358;N13.HOG0002436;N13.HOG0003925;N13.HOG0004159;N13.HOG0004176;N13.HOG0004295;N13.HOG0004377;N13.HOG0004665;N13.HOG0004698;N13.HOG0005063;N13.HOG0005197;N13.HOG0005268;N13.HOG0005456;N13.HOG0005478;N13.HOG0005517;N13.HOG0005680;N13.HOG0005757;N13.HOG0005765;N13.HOG0006799;N13.HOG0006978;N13.HOG0007241;N13.HOG0007375;N13.HOG0007529;N13.HOG0007871;N13.HOG0008570;N13.HOG0008764;N13.HOG0008790;N13.HOG0008831;N13.HOG0009130;N13.HOG0009143;N13.HOG0009208;N13.HOG0009239;N13.HOG0009455;N13.HOG0010139;N13.HOG0011039	The assembly or remodeling of chromatin composed of DNA complexed with histones, other associated proteins, and sometimes RNA.
final_direct_conserved_plus_Dmel_experimental	300	weight01	fisher	20	none	Species_neg	BP	GO:0000381	regulation of alternative mRNA splicing, via spliceosome	53	8	3.16	2.531645569620253	0.01213	weight01	8	N13.HOG0002436;N13.HOG0004793;N13.HOG0005680;N13.HOG0006266;N13.HOG0006958;N13.HOG0007775;N13.HOG0009052;N13.HOG0009490	Any process that modulates the frequency, rate or extent of alternative splicing of nuclear mRNAs.
final_direct_conserved_plus_Dmel_experimental	300	weight01	fisher	20	none	Species_neg	BP	GO:0051607	defense response to virus	60	9	3.57	2.5210084033613445	0.01538	weight01	9	N13.HOG0002358;N13.HOG0004295;N13.HOG0006572;N13.HOG0006995;N13.HOG0008417;N13.HOG0008464;N13.HOG0008705;N13.HOG0008740;N13.HOG0009746	Reactions triggered in response to the presence of a virus that act to protect the cell or organism.
final_direct_conserved_plus_Dmel_experimental	300	weight01	fisher	20	none	Species_neg	BP	GO:0001101	response to acid chemical	110	12	6.55	1.83206106870229	0.01753	weight01	12	N13.HOG0000525;N13.HOG0001316;N13.HOG0002889;N13.HOG0005231;N13.HOG0005478;N13.HOG0006546;N13.HOG0007852;N13.HOG0008027;N13.HOG0008402;N13.HOG0008548;N13.HOG0009130;N13.HOG0010662	Any process that results in a change in state or activity of a cell or an organism (in terms of movement, secretion, enzyme production, gene expression, etc.) as a result of a stimulus by the chemical structure of the anion portion of a dissociated acid (rather than the acid acting as a proton donor). The acid chemical may be in gaseous, liquid or solid form.
final_direct_conserved_plus_Dmel_experimental	300	weight01	fisher	20	none	Species_neg	BP	GO:0035082	axoneme assembly	47	9	2.8	3.2142857142857144	0.01883	weight01	9	N13.HOG0001995;N13.HOG0002110;N13.HOG0003374;N13.HOG0003379;N13.HOG0003574;N13.HOG0003657;N13.HOG0004355;N13.HOG0004793;N13.HOG0005074	The assembly and organization of an axoneme, the bundle of microtubules and associated proteins that forms the core of cilia (also called flagella) in eukaryotic cells and is responsible for their movements.
final_direct_conserved_plus_Dmel_experimental	300	weight01	fisher	20	none	Species_neg	BP	GO:0070372	regulation of ERK1 and ERK2 cascade	62	6	3.69	1.6260162601626016	0.01949	weight01	6	N13.HOG0006878;N13.HOG0006995;N13.HOG0007112;N13.HOG0008008;N13.HOG0008369;N13.HOG0009455	Any process that modulates the frequency, rate or extent of signal transduction mediated by the ERK1 and ERK2 cascade.
final_direct_conserved_plus_Dmel_experimental	300	weight01	fisher	20	none	Species_neg	MF	GO:0004497	monooxygenase activity	28	7	1.72	4.069767441860465	0.00116	weight01	7	N13.HOG0000462;N13.HOG0000463;N13.HOG0000568;N13.HOG0008402;N13.HOG0008745;N13.HOG0008842;N13.HOG0009623	Catalysis of the incorporation of one atom of molecular oxygen (O2) into the substrate and the reduction of the other atom of O2 to water.
final_direct_conserved_plus_Dmel_experimental	300	weight01	fisher	20	none	Species_neg	MF	GO:0003724	RNA helicase activity	35	7	2.15	3.255813953488372	0.00457	weight01	7	N13.HOG0004665;N13.HOG0004917;N13.HOG0005680;N13.HOG0005686;N13.HOG0007947;N13.HOG0008790;N13.HOG0010717	Unwinding of an RNA helix, driven by ATP hydrolysis.
final_direct_conserved_plus_Dmel_experimental	300	weight01	fisher	20	none	Species_neg	CC	GO:0031514	motile cilium	79	9	4.66	1.9313304721030042	0.0032	weight01	9	N13.HOG0001574;N13.HOG0001927;N13.HOG0003339;N13.HOG0003574;N13.HOG0003781;N13.HOG0004717;N13.HOG0007620;N13.HOG0008042;N13.HOG0009402	A cilium which may have a variable arrangement of axonemal microtubules and also contains molecular motors. It may beat with a whip-like pattern that promotes cell motility or transport of fluids and other cells across a cell surface, such as on epithelial cells that line the lumenal ducts of various tissues; or they may display a distinct twirling motion that directs fluid flow asymmetrically across the cellular surface to affect asymmetric body plan organization. Motile cilia can be found in single as well as multiple copies per cell.
final_direct_conserved_plus_Dmel_experimental	300	weight01	fisher	20	none	Species_neg	CC	GO:0008023	transcription elongation factor complex	27	6	1.59	3.773584905660377	0.0041	weight01	6	N13.HOG0004159;N13.HOG0004295;N13.HOG0007871;N13.HOG0008654;N13.HOG0009126;N13.HOG0009455	Any protein complex that interacts with RNA polymerase II to increase (positive transcription elongation factor) or reduce (negative transcription elongation factor) the rate of transcription elongation.
final_direct_conserved_plus_Dmel_experimental	300	weight01	fisher	20	none	Species_neg	CC	GO:0032993	protein-DNA complex	39	7	2.3	3.0434782608695654	0.0069	weight01	7	N13.HOG0001637;N13.HOG0002889;N13.HOG0004176;N13.HOG0004456;N13.HOG0005268;N13.HOG0005517;N13.HOG0008955	A macromolecular complex containing both protein and DNA molecules.
final_direct_conserved_plus_Dmel_experimental	300	weight01	fisher	20	none	Species_neg	CC	GO:0030880	RNA polymerase complex	82	11	4.84	2.272727272727273	0.0096	weight01	11	N13.HOG0004176;N13.HOG0005063;N13.HOG0006572;N13.HOG0007144;N13.HOG0007871;N13.HOG0008372;N13.HOG0008417;N13.HOG0008464;N13.HOG0008955;N13.HOG0009264;N13.HOG0010040	Any complex that possesses RNA polymerase activity; generally comprises a catalytic subunit and one or more additional subunits.
final_direct_conserved_plus_Dmel_experimental	300	weight01	fisher	20	none	Species_neg	CC	GO:0097542	ciliary tip	26	5	1.53	3.2679738562091503	0.0163	weight01	5	N13.HOG0003574;N13.HOG0005074;N13.HOG0006255;N13.HOG0007620;N13.HOG0008042	Part of the cilium where the axoneme ends. The ciliary tip has been implicated in ciliary assembly and disassembly, as well as signal transduction.
final_direct_conserved_plus_Dmel_experimental	300	weight01	fisher	20	none	Species_neg	CC	GO:0005930	axoneme	57	8	3.36	2.380952380952381	0.0175	weight01	8	N13.HOG0001995;N13.HOG0002110;N13.HOG0002967;N13.HOG0003379;N13.HOG0003424;N13.HOG0003781;N13.HOG0005675;N13.HOG0008042	The bundle of microtubules and associated proteins that forms the core of cilia (also called flagella) in eukaryotic cells and is responsible for their movements.
final_direct_conserved_plus_Dmel_experimental	300	weight01	fisher	20	none	Species_neg	CC	GO:0120114	Sm-like protein family complex	46	5	2.72	1.838235294117647	0.0191	weight01	5	N13.HOG0005686;N13.HOG0006958;N13.HOG0007425;N13.HOG0007775;N13.HOG0008764	NA
