label	HOG	foreground_top_k	annotation_set
SC_pos	N13.HOG0000342	300	final_direct_conserved_plus_Dmel_experimental
SC_pos	N13.HOG0000561	300	final_direct_conserved_plus_Dmel_experimental
SC_pos	N13.HOG0000645	300	final_direct_conserved_plus_Dmel_experimental
SC_pos	N13.HOG0000706	300	final_direct_conserved_plus_Dmel_experimental
SC_pos	N13.HOG0000887	300	final_direct_conserved_plus_Dmel_experimental
SC_pos	N13.HOG0000894	300	final_direct_conserved_plus_Dmel_experimental
SC_pos	N13.HOG0000906	300	final_direct_conserved_plus_Dmel_experimental
SC_pos	N13.HOG0001168	300	final_direct_conserved_plus_Dmel_experimental
SC_pos	N13.HOG0001332	300	final_direct_conserved_plus_Dmel_experimental
SC_pos	N13.HOG0001347	300	final_direct_conserved_plus_Dmel_experimental
SC_pos	N13.HOG0001350	300	final_direct_conserved_plus_Dmel_experimental
SC_pos	N13.HOG0001359	300	final_direct_conserved_plus_Dmel_experimental
SC_pos	N13.HOG0001360	300	final_direct_conserved_plus_Dmel_experimental
SC_pos	N13.HOG0001371	300	final_direct_conserved_plus_Dmel_experimental
SC_pos	N13.HOG0001446	300	final_direct_conserved_plus_Dmel_experimental
SC_pos	N13.HOG0001624	300	final_direct_conserved_plus_Dmel_experimental
SC_pos	N13.HOG0001720	300	final_direct_conserved_plus_Dmel_experimental
SC_pos	N13.HOG0001742	300	final_direct_conserved_plus_Dmel_experimental
SC_pos	N13.HOG0001745	300	final_direct_conserved_plus_Dmel_experimental
SC_pos	N13.HOG0001763	300	final_direct_conserved_plus_Dmel_experimental
SC_pos	N13.HOG0001792	300	final_direct_conserved_plus_Dmel_experimental
SC_pos	N13.HOG0001892	300	final_direct_conserved_plus_Dmel_experimental
SC_pos	N13.HOG0001923	300	final_direct_conserved_plus_Dmel_experimental
SC_pos	N13.HOG0001925	300	final_direct_conserved_plus_Dmel_experimental
SC_pos	N13.HOG0001963	300	final_direct_conserved_plus_Dmel_experimental
SC_pos	N13.HOG0001967	300	final_direct_conserved_plus_Dmel_experimental
SC_pos	N13.HOG0001972	300	final_direct_conserved_plus_Dmel_experimental
SC_pos	N13.HOG0002007	300	final_direct_conserved_plus_Dmel_experimental
SC_pos	N13.HOG0002304	300	final_direct_conserved_plus_Dmel_experimental
SC_pos	N13.HOG0002310	300	final_direct_conserved_plus_Dmel_experimental
SC_pos	N13.HOG0002327	300	final_direct_conserved_plus_Dmel_experimental
SC_pos	N13.HOG0002352	300	final_direct_conserved_plus_Dmel_experimental
SC_pos	N13.HOG0002408	300	final_direct_conserved_plus_Dmel_experimental
SC_pos	N13.HOG0002451	300	final_direct_conserved_plus_Dmel_experimental
SC_pos	N13.HOG0002474	300	final_direct_conserved_plus_Dmel_experimental
SC_pos	N13.HOG0002495	300	final_direct_conserved_plus_Dmel_experimental
SC_pos	N13.HOG0002529	300	final_direct_conserved_plus_Dmel_experimental
SC_pos	N13.HOG0002563	300	final_direct_conserved_plus_Dmel_experimental
SC_pos	N13.HOG0002573	300	final_direct_conserved_plus_Dmel_experimental
SC_pos	N13.HOG0002634	300	final_direct_conserved_plus_Dmel_experimental
SC_pos	N13.HOG0002656	300	final_direct_conserved_plus_Dmel_experimental
SC_pos	N13.HOG0002690	300	final_direct_conserved_plus_Dmel_experimental
SC_pos	N13.HOG0002708	300	final_direct_conserved_plus_Dmel_experimental
SC_pos	N13.HOG0002709	300	final_direct_conserved_plus_Dmel_experimental
SC_pos	N13.HOG0002716	300	final_direct_conserved_plus_Dmel_experimental
SC_pos	N13.HOG0002756	300	final_direct_conserved_plus_Dmel_experimental
SC_pos	N13.HOG0002757	300	final_direct_conserved_plus_Dmel_experimental
SC_pos	N13.HOG0002782	300	final_direct_conserved_plus_Dmel_experimental
SC_pos	N13.HOG0002801	300	final_direct_conserved_plus_Dmel_experimental
SC_pos	N13.HOG0002821	300	final_direct_conserved_plus_Dmel_experimental
SC_pos	N13.HOG0002833	300	final_direct_conserved_plus_Dmel_experimental
SC_pos	N13.HOG0002865	300	final_direct_conserved_plus_Dmel_experimental
SC_pos	N13.HOG0002963	300	final_direct_conserved_plus_Dmel_experimental
SC_pos	N13.HOG0002965	300	final_direct_conserved_plus_Dmel_experimental
SC_pos	N13.HOG0003075	300	final_direct_conserved_plus_Dmel_experimental
SC_pos	N13.HOG0003079	300	final_direct_conserved_plus_Dmel_experimental
SC_pos	N13.HOG0003113	300	final_direct_conserved_plus_Dmel_experimental
SC_pos	N13.HOG0003324	300	final_direct_conserved_plus_Dmel_experimental
SC_pos	N13.HOG0003332	300	final_direct_conserved_plus_Dmel_experimental
SC_pos	N13.HOG0003345	300	final_direct_conserved_plus_Dmel_experimental
SC_pos	N13.HOG0003347	300	final_direct_conserved_plus_Dmel_experimental
SC_pos	N13.HOG0003382	300	final_direct_conserved_plus_Dmel_experimental
SC_pos	N13.HOG0003437	300	final_direct_conserved_plus_Dmel_experimental
SC_pos	N13.HOG0003473	300	final_direct_conserved_plus_Dmel_experimental
SC_pos	N13.HOG0003614	300	final_direct_conserved_plus_Dmel_experimental
SC_pos	N13.HOG0003701	300	final_direct_conserved_plus_Dmel_experimental
SC_pos	N13.HOG0003761	300	final_direct_conserved_plus_Dmel_experimental
SC_pos	N13.HOG0003801	300	final_direct_conserved_plus_Dmel_experimental
SC_pos	N13.HOG0003838	300	final_direct_conserved_plus_Dmel_experimental
SC_pos	N13.HOG0003997	300	final_direct_conserved_plus_Dmel_experimental
SC_pos	N13.HOG0004055	300	final_direct_conserved_plus_Dmel_experimental
SC_pos	N13.HOG0004087	300	final_direct_conserved_plus_Dmel_experimental
SC_pos	N13.HOG0004191	300	final_direct_conserved_plus_Dmel_experimental
SC_pos	N13.HOG0004233	300	final_direct_conserved_plus_Dmel_experimental
SC_pos	N13.HOG0004297	300	final_direct_conserved_plus_Dmel_experimental
SC_pos	N13.HOG0004383	300	final_direct_conserved_plus_Dmel_experimental
SC_pos	N13.HOG0004423	300	final_direct_conserved_plus_Dmel_experimental
SC_pos	N13.HOG0004426	300	final_direct_conserved_plus_Dmel_experimental
SC_pos	N13.HOG0004522	300	final_direct_conserved_plus_Dmel_experimental
SC_pos	N13.HOG0004659	300	final_direct_conserved_plus_Dmel_experimental
SC_pos	N13.HOG0004733	300	final_direct_conserved_plus_Dmel_experimental
SC_pos	N13.HOG0004793	300	final_direct_conserved_plus_Dmel_experimental
SC_pos	N13.HOG0004879	300	final_direct_conserved_plus_Dmel_experimental
SC_pos	N13.HOG0004886	300	final_direct_conserved_plus_Dmel_experimental
SC_pos	N13.HOG0004891	300	final_direct_conserved_plus_Dmel_experimental
SC_pos	N13.HOG0004934	300	final_direct_conserved_plus_Dmel_experimental
SC_pos	N13.HOG0004957	300	final_direct_conserved_plus_Dmel_experimental
SC_pos	N13.HOG0004961	300	final_direct_conserved_plus_Dmel_experimental
SC_pos	N13.HOG0004983	300	final_direct_conserved_plus_Dmel_experimental
SC_pos	N13.HOG0005049	300	final_direct_conserved_plus_Dmel_experimental
SC_pos	N13.HOG0005080	300	final_direct_conserved_plus_Dmel_experimental
SC_pos	N13.HOG0005084	300	final_direct_conserved_plus_Dmel_experimental
SC_pos	N13.HOG0005107	300	final_direct_conserved_plus_Dmel_experimental
SC_pos	N13.HOG0005142	300	final_direct_conserved_plus_Dmel_experimental
SC_pos	N13.HOG0005169	300	final_direct_conserved_plus_Dmel_experimental
SC_pos	N13.HOG0005203	300	final_direct_conserved_plus_Dmel_experimental
SC_pos	N13.HOG0005222	300	final_direct_conserved_plus_Dmel_experimental
SC_pos	N13.HOG0005313	300	final_direct_conserved_plus_Dmel_experimental
SC_pos	N13.HOG0005407	300	final_direct_conserved_plus_Dmel_experimental
SC_pos	N13.HOG0005428	300	final_direct_conserved_plus_Dmel_experimental
SC_pos	N13.HOG0005438	300	final_direct_conserved_plus_Dmel_experimental
SC_pos	N13.HOG0005461	300	final_direct_conserved_plus_Dmel_experimental
SC_pos	N13.HOG0005505	300	final_direct_conserved_plus_Dmel_experimental
SC_pos	N13.HOG0005512	300	final_direct_conserved_plus_Dmel_experimental
SC_pos	N13.HOG0005558	300	final_direct_conserved_plus_Dmel_experimental
SC_pos	N13.HOG0005604	300	final_direct_conserved_plus_Dmel_experimental
SC_pos	N13.HOG0005620	300	final_direct_conserved_plus_Dmel_experimental
SC_pos	N13.HOG0005629	300	final_direct_conserved_plus_Dmel_experimental
SC_pos	N13.HOG0005679	300	final_direct_conserved_plus_Dmel_experimental
SC_pos	N13.HOG0005716	300	final_direct_conserved_plus_Dmel_experimental
SC_pos	N13.HOG0005767	300	final_direct_conserved_plus_Dmel_experimental
SC_pos	N13.HOG0005785	300	final_direct_conserved_plus_Dmel_experimental
SC_pos	N13.HOG0005810	300	final_direct_conserved_plus_Dmel_experimental
SC_pos	N13.HOG0005833	300	final_direct_conserved_plus_Dmel_experimental
SC_pos	N13.HOG0005834	300	final_direct_conserved_plus_Dmel_experimental
SC_pos	N13.HOG0005897	300	final_direct_conserved_plus_Dmel_experimental
SC_pos	N13.HOG0005899	300	final_direct_conserved_plus_Dmel_experimental
SC_pos	N13.HOG0005902	300	final_direct_conserved_plus_Dmel_experimental
SC_pos	N13.HOG0005971	300	final_direct_conserved_plus_Dmel_experimental
SC_pos	N13.HOG0006012	300	final_direct_conserved_plus_Dmel_experimental
SC_pos	N13.HOG0006063	300	final_direct_conserved_plus_Dmel_experimental
SC_pos	N13.HOG0006106	300	final_direct_conserved_plus_Dmel_experimental
SC_pos	N13.HOG0006142	300	final_direct_conserved_plus_Dmel_experimental
SC_pos	N13.HOG0006169	300	final_direct_conserved_plus_Dmel_experimental
SC_pos	N13.HOG0006174	300	final_direct_conserved_plus_Dmel_experimental
SC_pos	N13.HOG0006180	300	final_direct_conserved_plus_Dmel_experimental
SC_pos	N13.HOG0006231	300	final_direct_conserved_plus_Dmel_experimental
SC_pos	N13.HOG0006263	300	final_direct_conserved_plus_Dmel_experimental
SC_pos	N13.HOG0006286	300	final_direct_conserved_plus_Dmel_experimental
SC_pos	N13.HOG0006290	300	final_direct_conserved_plus_Dmel_experimental
SC_pos	N13.HOG0006291	300	final_direct_conserved_plus_Dmel_experimental
SC_pos	N13.HOG0006298	300	final_direct_conserved_plus_Dmel_experimental
SC_pos	N13.HOG0006381	300	final_direct_conserved_plus_Dmel_experimental
SC_pos	N13.HOG0006415	300	final_direct_conserved_plus_Dmel_experimental
SC_pos	N13.HOG0006427	300	final_direct_conserved_plus_Dmel_experimental
SC_pos	N13.HOG0006468	300	final_direct_conserved_plus_Dmel_experimental
SC_pos	N13.HOG0006491	300	final_direct_conserved_plus_Dmel_experimental
SC_pos	N13.HOG0006495	300	final_direct_conserved_plus_Dmel_experimental
SC_pos	N13.HOG0006510	300	final_direct_conserved_plus_Dmel_experimental
SC_pos	N13.HOG0006518	300	final_direct_conserved_plus_Dmel_experimental
SC_pos	N13.HOG0006537	300	final_direct_conserved_plus_Dmel_experimental
SC_pos	N13.HOG0006539	300	final_direct_conserved_plus_Dmel_experimental
SC_pos	N13.HOG0006560	300	final_direct_conserved_plus_Dmel_experimental
SC_pos	N13.HOG0006567	300	final_direct_conserved_plus_Dmel_experimental
SC_pos	N13.HOG0006574	300	final_direct_conserved_plus_Dmel_experimental
SC_pos	N13.HOG0006582	300	final_direct_conserved_plus_Dmel_experimental
SC_pos	N13.HOG0006699	300	final_direct_conserved_plus_Dmel_experimental
SC_pos	N13.HOG0006706	300	final_direct_conserved_plus_Dmel_experimental
SC_pos	N13.HOG0006707	300	final_direct_conserved_plus_Dmel_experimental
SC_pos	N13.HOG0006720	300	final_direct_conserved_plus_Dmel_experimental
SC_pos	N13.HOG0006722	300	final_direct_conserved_plus_Dmel_experimental
SC_pos	N13.HOG0006768	300	final_direct_conserved_plus_Dmel_experimental
SC_pos	N13.HOG0006783	300	final_direct_conserved_plus_Dmel_experimental
SC_pos	N13.HOG0006797	300	final_direct_conserved_plus_Dmel_experimental
SC_pos	N13.HOG0006805	300	final_direct_conserved_plus_Dmel_experimental
SC_pos	N13.HOG0006806	300	final_direct_conserved_plus_Dmel_experimental
SC_pos	N13.HOG0006824	300	final_direct_conserved_plus_Dmel_experimental
SC_pos	N13.HOG0006854	300	final_direct_conserved_plus_Dmel_experimental
SC_pos	N13.HOG0006880	300	final_direct_conserved_plus_Dmel_experimental
SC_pos	N13.HOG0006892	300	final_direct_conserved_plus_Dmel_experimental
SC_pos	N13.HOG0006902	300	final_direct_conserved_plus_Dmel_experimental
SC_pos	N13.HOG0006944	300	final_direct_conserved_plus_Dmel_experimental
SC_pos	N13.HOG0006946	300	final_direct_conserved_plus_Dmel_experimental
SC_pos	N13.HOG0006959	300	final_direct_conserved_plus_Dmel_experimental
SC_pos	N13.HOG0006983	300	final_direct_conserved_plus_Dmel_experimental
SC_pos	N13.HOG0006996	300	final_direct_conserved_plus_Dmel_experimental
SC_pos	N13.HOG0007010	300	final_direct_conserved_plus_Dmel_experimental
SC_pos	N13.HOG0007037	300	final_direct_conserved_plus_Dmel_experimental
SC_pos	N13.HOG0007122	300	final_direct_conserved_plus_Dmel_experimental
SC_pos	N13.HOG0007164	300	final_direct_conserved_plus_Dmel_experimental
SC_pos	N13.HOG0007211	300	final_direct_conserved_plus_Dmel_experimental
SC_pos	N13.HOG0007230	300	final_direct_conserved_plus_Dmel_experimental
SC_pos	N13.HOG0007291	300	final_direct_conserved_plus_Dmel_experimental
SC_pos	N13.HOG0007372	300	final_direct_conserved_plus_Dmel_experimental
SC_pos	N13.HOG0007383	300	final_direct_conserved_plus_Dmel_experimental
SC_pos	N13.HOG0007396	300	final_direct_conserved_plus_Dmel_experimental
SC_pos	N13.HOG0007407	300	final_direct_conserved_plus_Dmel_experimental
SC_pos	N13.HOG0007412	300	final_direct_conserved_plus_Dmel_experimental
SC_pos	N13.HOG0007413	300	final_direct_conserved_plus_Dmel_experimental
SC_pos	N13.HOG0007450	300	final_direct_conserved_plus_Dmel_experimental
SC_pos	N13.HOG0007453	300	final_direct_conserved_plus_Dmel_experimental
SC_pos	N13.HOG0007469	300	final_direct_conserved_plus_Dmel_experimental
SC_pos	N13.HOG0007492	300	final_direct_conserved_plus_Dmel_experimental
SC_pos	N13.HOG0007493	300	final_direct_conserved_plus_Dmel_experimental
SC_pos	N13.HOG0007555	300	final_direct_conserved_plus_Dmel_experimental
SC_pos	N13.HOG0007560	300	final_direct_conserved_plus_Dmel_experimental
SC_pos	N13.HOG0007575	300	final_direct_conserved_plus_Dmel_experimental
SC_pos	N13.HOG0007592	300	final_direct_conserved_plus_Dmel_experimental
SC_pos	N13.HOG0007641	300	final_direct_conserved_plus_Dmel_experimental
SC_pos	N13.HOG0007645	300	final_direct_conserved_plus_Dmel_experimental
SC_pos	N13.HOG0007667	300	final_direct_conserved_plus_Dmel_experimental
SC_pos	N13.HOG0007668	300	final_direct_conserved_plus_Dmel_experimental
SC_pos	N13.HOG0007669	300	final_direct_conserved_plus_Dmel_experimental
SC_pos	N13.HOG0007686	300	final_direct_conserved_plus_Dmel_experimental
SC_pos	N13.HOG0007757	300	final_direct_conserved_plus_Dmel_experimental
SC_pos	N13.HOG0007781	300	final_direct_conserved_plus_Dmel_experimental
SC_pos	N13.HOG0007789	300	final_direct_conserved_plus_Dmel_experimental
SC_pos	N13.HOG0007797	300	final_direct_conserved_plus_Dmel_experimental
SC_pos	N13.HOG0007833	300	final_direct_conserved_plus_Dmel_experimental
SC_pos	N13.HOG0007840	300	final_direct_conserved_plus_Dmel_experimental
SC_pos	N13.HOG0007897	300	final_direct_conserved_plus_Dmel_experimental
SC_pos	N13.HOG0007931	300	final_direct_conserved_plus_Dmel_experimental
SC_pos	N13.HOG0007945	300	final_direct_conserved_plus_Dmel_experimental
SC_pos	N13.HOG0007979	300	final_direct_conserved_plus_Dmel_experimental
SC_pos	N13.HOG0007988	300	final_direct_conserved_plus_Dmel_experimental
SC_pos	N13.HOG0008012	300	final_direct_conserved_plus_Dmel_experimental
SC_pos	N13.HOG0008016	300	final_direct_conserved_plus_Dmel_experimental
SC_pos	N13.HOG0008090	300	final_direct_conserved_plus_Dmel_experimental
SC_pos	N13.HOG0008109	300	final_direct_conserved_plus_Dmel_experimental
SC_pos	N13.HOG0008121	300	final_direct_conserved_plus_Dmel_experimental
SC_pos	N13.HOG0008133	300	final_direct_conserved_plus_Dmel_experimental
SC_pos	N13.HOG0008139	300	final_direct_conserved_plus_Dmel_experimental
SC_pos	N13.HOG0008215	300	final_direct_conserved_plus_Dmel_experimental
SC_pos	N13.HOG0008289	300	final_direct_conserved_plus_Dmel_experimental
SC_pos	N13.HOG0008305	300	final_direct_conserved_plus_Dmel_experimental
SC_pos	N13.HOG0008332	300	final_direct_conserved_plus_Dmel_experimental
SC_pos	N13.HOG0008353	300	final_direct_conserved_plus_Dmel_experimental
SC_pos	N13.HOG0008395	300	final_direct_conserved_plus_Dmel_experimental
SC_pos	N13.HOG0008414	300	final_direct_conserved_plus_Dmel_experimental
SC_pos	N13.HOG0008422	300	final_direct_conserved_plus_Dmel_experimental
SC_pos	N13.HOG0008434	300	final_direct_conserved_plus_Dmel_experimental
SC_pos	N13.HOG0008446	300	final_direct_conserved_plus_Dmel_experimental
SC_pos	N13.HOG0008454	300	final_direct_conserved_plus_Dmel_experimental
SC_pos	N13.HOG0008484	300	final_direct_conserved_plus_Dmel_experimental
SC_pos	N13.HOG0008494	300	final_direct_conserved_plus_Dmel_experimental
SC_pos	N13.HOG0008502	300	final_direct_conserved_plus_Dmel_experimental
SC_pos	N13.HOG0008511	300	final_direct_conserved_plus_Dmel_experimental
SC_pos	N13.HOG0008530	300	final_direct_conserved_plus_Dmel_experimental
SC_pos	N13.HOG0008536	300	final_direct_conserved_plus_Dmel_experimental
SC_pos	N13.HOG0008614	300	final_direct_conserved_plus_Dmel_experimental
SC_pos	N13.HOG0008656	300	final_direct_conserved_plus_Dmel_experimental
SC_pos	N13.HOG0008677	300	final_direct_conserved_plus_Dmel_experimental
SC_pos	N13.HOG0008679	300	final_direct_conserved_plus_Dmel_experimental
SC_pos	N13.HOG0008706	300	final_direct_conserved_plus_Dmel_experimental
SC_pos	N13.HOG0008717	300	final_direct_conserved_plus_Dmel_experimental
SC_pos	N13.HOG0008718	300	final_direct_conserved_plus_Dmel_experimental
SC_pos	N13.HOG0008762	300	final_direct_conserved_plus_Dmel_experimental
SC_pos	N13.HOG0008797	300	final_direct_conserved_plus_Dmel_experimental
SC_pos	N13.HOG0008808	300	final_direct_conserved_plus_Dmel_experimental
SC_pos	N13.HOG0008814	300	final_direct_conserved_plus_Dmel_experimental
SC_pos	N13.HOG0008818	300	final_direct_conserved_plus_Dmel_experimental
SC_pos	N13.HOG0008828	300	final_direct_conserved_plus_Dmel_experimental
SC_pos	N13.HOG0008844	300	final_direct_conserved_plus_Dmel_experimental
SC_pos	N13.HOG0008852	300	final_direct_conserved_plus_Dmel_experimental
SC_pos	N13.HOG0008882	300	final_direct_conserved_plus_Dmel_experimental
SC_pos	N13.HOG0008887	300	final_direct_conserved_plus_Dmel_experimental
SC_pos	N13.HOG0008908	300	final_direct_conserved_plus_Dmel_experimental
SC_pos	N13.HOG0008957	300	final_direct_conserved_plus_Dmel_experimental
SC_pos	N13.HOG0008968	300	final_direct_conserved_plus_Dmel_experimental
SC_pos	N13.HOG0008982	300	final_direct_conserved_plus_Dmel_experimental
SC_pos	N13.HOG0008988	300	final_direct_conserved_plus_Dmel_experimental
SC_pos	N13.HOG0009015	300	final_direct_conserved_plus_Dmel_experimental
SC_pos	N13.HOG0009102	300	final_direct_conserved_plus_Dmel_experimental
SC_pos	N13.HOG0009118	300	final_direct_conserved_plus_Dmel_experimental
SC_pos	N13.HOG0009137	300	final_direct_conserved_plus_Dmel_experimental
SC_pos	N13.HOG0009172	300	final_direct_conserved_plus_Dmel_experimental
SC_pos	N13.HOG0009231	300	final_direct_conserved_plus_Dmel_experimental
SC_pos	N13.HOG0009247	300	final_direct_conserved_plus_Dmel_experimental
SC_pos	N13.HOG0009256	300	final_direct_conserved_plus_Dmel_experimental
SC_pos	N13.HOG0009311	300	final_direct_conserved_plus_Dmel_experimental
SC_pos	N13.HOG0009377	300	final_direct_conserved_plus_Dmel_experimental
SC_pos	N13.HOG0009399	300	final_direct_conserved_plus_Dmel_experimental
SC_pos	N13.HOG0009420	300	final_direct_conserved_plus_Dmel_experimental
SC_pos	N13.HOG0009422	300	final_direct_conserved_plus_Dmel_experimental
SC_pos	N13.HOG0009472	300	final_direct_conserved_plus_Dmel_experimental
SC_pos	N13.HOG0009516	300	final_direct_conserved_plus_Dmel_experimental
SC_pos	N13.HOG0009543	300	final_direct_conserved_plus_Dmel_experimental
SC_pos	N13.HOG0009571	300	final_direct_conserved_plus_Dmel_experimental
SC_pos	N13.HOG0009587	300	final_direct_conserved_plus_Dmel_experimental
SC_pos	N13.HOG0009652	300	final_direct_conserved_plus_Dmel_experimental
SC_pos	N13.HOG0009663	300	final_direct_conserved_plus_Dmel_experimental
SC_pos	N13.HOG0009669	300	final_direct_conserved_plus_Dmel_experimental
SC_pos	N13.HOG0009717	300	final_direct_conserved_plus_Dmel_experimental
SC_pos	N13.HOG0009810	300	final_direct_conserved_plus_Dmel_experimental
SC_pos	N13.HOG0009943	300	final_direct_conserved_plus_Dmel_experimental
SC_pos	N13.HOG0009966	300	final_direct_conserved_plus_Dmel_experimental
SC_pos	N13.HOG0009991	300	final_direct_conserved_plus_Dmel_experimental
SC_pos	N13.HOG0010039	300	final_direct_conserved_plus_Dmel_experimental
SC_pos	N13.HOG0010084	300	final_direct_conserved_plus_Dmel_experimental
SC_pos	N13.HOG0010221	300	final_direct_conserved_plus_Dmel_experimental
SC_pos	N13.HOG0010314	300	final_direct_conserved_plus_Dmel_experimental
SC_pos	N13.HOG0010325	300	final_direct_conserved_plus_Dmel_experimental
SC_pos	N13.HOG0010367	300	final_direct_conserved_plus_Dmel_experimental
SC_pos	N13.HOG0010401	300	final_direct_conserved_plus_Dmel_experimental
SC_pos	N13.HOG0010550	300	final_direct_conserved_plus_Dmel_experimental
SC_pos	N13.HOG0010551	300	final_direct_conserved_plus_Dmel_experimental
SC_pos	N13.HOG0010558	300	final_direct_conserved_plus_Dmel_experimental
SC_pos	N13.HOG0010674	300	final_direct_conserved_plus_Dmel_experimental
SC_pos	N13.HOG0010737	300	final_direct_conserved_plus_Dmel_experimental
SC_pos	N13.HOG0010831	300	final_direct_conserved_plus_Dmel_experimental
SC_pos	N13.HOG0010849	300	final_direct_conserved_plus_Dmel_experimental
SC_pos	N13.HOG0010939	300	final_direct_conserved_plus_Dmel_experimental
SC_pos	N13.HOG0011000	300	final_direct_conserved_plus_Dmel_experimental
SC_pos	N13.HOG0011003	300	final_direct_conserved_plus_Dmel_experimental
SC_pos	N13.HOG0011005	300	final_direct_conserved_plus_Dmel_experimental
SC_pos	N13.HOG0011108	300	final_direct_conserved_plus_Dmel_experimental
SC_pos	N13.HOG0011149	300	final_direct_conserved_plus_Dmel_experimental
SC_pos	N13.HOG0011272	300	final_direct_conserved_plus_Dmel_experimental
SC_pos	N13.HOG0011308	300	final_direct_conserved_plus_Dmel_experimental
SC_pos	N13.HOG0011999	300	final_direct_conserved_plus_Dmel_experimental
SC_neg	N13.HOG0000339	300	final_direct_conserved_plus_Dmel_experimental
SC_neg	N13.HOG0000375	300	final_direct_conserved_plus_Dmel_experimental
SC_neg	N13.HOG0000692	300	final_direct_conserved_plus_Dmel_experimental
SC_neg	N13.HOG0000693	300	final_direct_conserved_plus_Dmel_experimental
SC_neg	N13.HOG0000861	300	final_direct_conserved_plus_Dmel_experimental
SC_neg	N13.HOG0000862	300	final_direct_conserved_plus_Dmel_experimental
SC_neg	N13.HOG0000869	300	final_direct_conserved_plus_Dmel_experimental
SC_neg	N13.HOG0000870	300	final_direct_conserved_plus_Dmel_experimental
SC_neg	N13.HOG0000925	300	final_direct_conserved_plus_Dmel_experimental
SC_neg	N13.HOG0001017	300	final_direct_conserved_plus_Dmel_experimental
SC_neg	N13.HOG0001135	300	final_direct_conserved_plus_Dmel_experimental
SC_neg	N13.HOG0001184	300	final_direct_conserved_plus_Dmel_experimental
SC_neg	N13.HOG0001320	300	final_direct_conserved_plus_Dmel_experimental
SC_neg	N13.HOG0001331	300	final_direct_conserved_plus_Dmel_experimental
SC_neg	N13.HOG0001404	300	final_direct_conserved_plus_Dmel_experimental
SC_neg	N13.HOG0001460	300	final_direct_conserved_plus_Dmel_experimental
SC_neg	N13.HOG0001493	300	final_direct_conserved_plus_Dmel_experimental
SC_neg	N13.HOG0001517	300	final_direct_conserved_plus_Dmel_experimental
SC_neg	N13.HOG0001570	300	final_direct_conserved_plus_Dmel_experimental
SC_neg	N13.HOG0001572	300	final_direct_conserved_plus_Dmel_experimental
SC_neg	N13.HOG0001708	300	final_direct_conserved_plus_Dmel_experimental
SC_neg	N13.HOG0001710	300	final_direct_conserved_plus_Dmel_experimental
SC_neg	N13.HOG0001854	300	final_direct_conserved_plus_Dmel_experimental
SC_neg	N13.HOG0001862	300	final_direct_conserved_plus_Dmel_experimental
SC_neg	N13.HOG0001863	300	final_direct_conserved_plus_Dmel_experimental
SC_neg	N13.HOG0001889	300	final_direct_conserved_plus_Dmel_experimental
SC_neg	N13.HOG0001895	300	final_direct_conserved_plus_Dmel_experimental
SC_neg	N13.HOG0001935	300	final_direct_conserved_plus_Dmel_experimental
SC_neg	N13.HOG0001986	300	final_direct_conserved_plus_Dmel_experimental
SC_neg	N13.HOG0002002	300	final_direct_conserved_plus_Dmel_experimental
SC_neg	N13.HOG0002175	300	final_direct_conserved_plus_Dmel_experimental
SC_neg	N13.HOG0002203	300	final_direct_conserved_plus_Dmel_experimental
SC_neg	N13.HOG0002210	300	final_direct_conserved_plus_Dmel_experimental
SC_neg	N13.HOG0002220	300	final_direct_conserved_plus_Dmel_experimental
SC_neg	N13.HOG0002221	300	final_direct_conserved_plus_Dmel_experimental
SC_neg	N13.HOG0002222	300	final_direct_conserved_plus_Dmel_experimental
SC_neg	N13.HOG0002246	300	final_direct_conserved_plus_Dmel_experimental
SC_neg	N13.HOG0002269	300	final_direct_conserved_plus_Dmel_experimental
SC_neg	N13.HOG0002281	300	final_direct_conserved_plus_Dmel_experimental
SC_neg	N13.HOG0002335	300	final_direct_conserved_plus_Dmel_experimental
SC_neg	N13.HOG0002351	300	final_direct_conserved_plus_Dmel_experimental
SC_neg	N13.HOG0002367	300	final_direct_conserved_plus_Dmel_experimental
SC_neg	N13.HOG0002393	300	final_direct_conserved_plus_Dmel_experimental
SC_neg	N13.HOG0002425	300	final_direct_conserved_plus_Dmel_experimental
SC_neg	N13.HOG0002754	300	final_direct_conserved_plus_Dmel_experimental
SC_neg	N13.HOG0002768	300	final_direct_conserved_plus_Dmel_experimental
SC_neg	N13.HOG0002852	300	final_direct_conserved_plus_Dmel_experimental
SC_neg	N13.HOG0002857	300	final_direct_conserved_plus_Dmel_experimental
SC_neg	N13.HOG0002869	300	final_direct_conserved_plus_Dmel_experimental
SC_neg	N13.HOG0002954	300	final_direct_conserved_plus_Dmel_experimental
SC_neg	N13.HOG0002972	300	final_direct_conserved_plus_Dmel_experimental
SC_neg	N13.HOG0002973	300	final_direct_conserved_plus_Dmel_experimental
SC_neg	N13.HOG0002975	300	final_direct_conserved_plus_Dmel_experimental
SC_neg	N13.HOG0002988	300	final_direct_conserved_plus_Dmel_experimental
SC_neg	N13.HOG0003102	300	final_direct_conserved_plus_Dmel_experimental
SC_neg	N13.HOG0003219	300	final_direct_conserved_plus_Dmel_experimental
SC_neg	N13.HOG0003226	300	final_direct_conserved_plus_Dmel_experimental
SC_neg	N13.HOG0003240	300	final_direct_conserved_plus_Dmel_experimental
SC_neg	N13.HOG0003259	300	final_direct_conserved_plus_Dmel_experimental
SC_neg	N13.HOG0003439	300	final_direct_conserved_plus_Dmel_experimental
SC_neg	N13.HOG0003454	300	final_direct_conserved_plus_Dmel_experimental
SC_neg	N13.HOG0003462	300	final_direct_conserved_plus_Dmel_experimental
SC_neg	N13.HOG0003487	300	final_direct_conserved_plus_Dmel_experimental
SC_neg	N13.HOG0003516	300	final_direct_conserved_plus_Dmel_experimental
SC_neg	N13.HOG0003579	300	final_direct_conserved_plus_Dmel_experimental
SC_neg	N13.HOG0003666	300	final_direct_conserved_plus_Dmel_experimental
SC_neg	N13.HOG0003670	300	final_direct_conserved_plus_Dmel_experimental
SC_neg	N13.HOG0003677	300	final_direct_conserved_plus_Dmel_experimental
SC_neg	N13.HOG0003856	300	final_direct_conserved_plus_Dmel_experimental
SC_neg	N13.HOG0003895	300	final_direct_conserved_plus_Dmel_experimental
SC_neg	N13.HOG0003899	300	final_direct_conserved_plus_Dmel_experimental
SC_neg	N13.HOG0003968	300	final_direct_conserved_plus_Dmel_experimental
SC_neg	N13.HOG0004051	300	final_direct_conserved_plus_Dmel_experimental
SC_neg	N13.HOG0004052	300	final_direct_conserved_plus_Dmel_experimental
SC_neg	N13.HOG0004114	300	final_direct_conserved_plus_Dmel_experimental
SC_neg	N13.HOG0004133	300	final_direct_conserved_plus_Dmel_experimental
SC_neg	N13.HOG0004234	300	final_direct_conserved_plus_Dmel_experimental
SC_neg	N13.HOG0004294	300	final_direct_conserved_plus_Dmel_experimental
SC_neg	N13.HOG0004301	300	final_direct_conserved_plus_Dmel_experimental
SC_neg	N13.HOG0004329	300	final_direct_conserved_plus_Dmel_experimental
SC_neg	N13.HOG0004653	300	final_direct_conserved_plus_Dmel_experimental
SC_neg	N13.HOG0004724	300	final_direct_conserved_plus_Dmel_experimental
SC_neg	N13.HOG0004741	300	final_direct_conserved_plus_Dmel_experimental
SC_neg	N13.HOG0004805	300	final_direct_conserved_plus_Dmel_experimental
SC_neg	N13.HOG0004892	300	final_direct_conserved_plus_Dmel_experimental
SC_neg	N13.HOG0004950	300	final_direct_conserved_plus_Dmel_experimental
SC_neg	N13.HOG0005031	300	final_direct_conserved_plus_Dmel_experimental
SC_neg	N13.HOG0005077	300	final_direct_conserved_plus_Dmel_experimental
SC_neg	N13.HOG0005114	300	final_direct_conserved_plus_Dmel_experimental
SC_neg	N13.HOG0005187	300	final_direct_conserved_plus_Dmel_experimental
SC_neg	N13.HOG0005279	300	final_direct_conserved_plus_Dmel_experimental
SC_neg	N13.HOG0005331	300	final_direct_conserved_plus_Dmel_experimental
SC_neg	N13.HOG0005368	300	final_direct_conserved_plus_Dmel_experimental
SC_neg	N13.HOG0005369	300	final_direct_conserved_plus_Dmel_experimental
SC_neg	N13.HOG0005546	300	final_direct_conserved_plus_Dmel_experimental
SC_neg	N13.HOG0005560	300	final_direct_conserved_plus_Dmel_experimental
SC_neg	N13.HOG0005608	300	final_direct_conserved_plus_Dmel_experimental
SC_neg	N13.HOG0005635	300	final_direct_conserved_plus_Dmel_experimental
SC_neg	N13.HOG0005681	300	final_direct_conserved_plus_Dmel_experimental
SC_neg	N13.HOG0005699	300	final_direct_conserved_plus_Dmel_experimental
SC_neg	N13.HOG0005712	300	final_direct_conserved_plus_Dmel_experimental
SC_neg	N13.HOG0005770	300	final_direct_conserved_plus_Dmel_experimental
SC_neg	N13.HOG0005784	300	final_direct_conserved_plus_Dmel_experimental
SC_neg	N13.HOG0005813	300	final_direct_conserved_plus_Dmel_experimental
SC_neg	N13.HOG0006101	300	final_direct_conserved_plus_Dmel_experimental
SC_neg	N13.HOG0006105	300	final_direct_conserved_plus_Dmel_experimental
SC_neg	N13.HOG0006165	300	final_direct_conserved_plus_Dmel_experimental
SC_neg	N13.HOG0006173	300	final_direct_conserved_plus_Dmel_experimental
SC_neg	N13.HOG0006183	300	final_direct_conserved_plus_Dmel_experimental
SC_neg	N13.HOG0006244	300	final_direct_conserved_plus_Dmel_experimental
SC_neg	N13.HOG0006258	300	final_direct_conserved_plus_Dmel_experimental
SC_neg	N13.HOG0006273	300	final_direct_conserved_plus_Dmel_experimental
SC_neg	N13.HOG0006279	300	final_direct_conserved_plus_Dmel_experimental
SC_neg	N13.HOG0006319	300	final_direct_conserved_plus_Dmel_experimental
SC_neg	N13.HOG0006345	300	final_direct_conserved_plus_Dmel_experimental
SC_neg	N13.HOG0006469	300	final_direct_conserved_plus_Dmel_experimental
SC_neg	N13.HOG0006508	300	final_direct_conserved_plus_Dmel_experimental
SC_neg	N13.HOG0006521	300	final_direct_conserved_plus_Dmel_experimental
SC_neg	N13.HOG0006583	300	final_direct_conserved_plus_Dmel_experimental
SC_neg	N13.HOG0006606	300	final_direct_conserved_plus_Dmel_experimental
SC_neg	N13.HOG0006618	300	final_direct_conserved_plus_Dmel_experimental
SC_neg	N13.HOG0006650	300	final_direct_conserved_plus_Dmel_experimental
SC_neg	N13.HOG0006659	300	final_direct_conserved_plus_Dmel_experimental
SC_neg	N13.HOG0006690	300	final_direct_conserved_plus_Dmel_experimental
SC_neg	N13.HOG0006731	300	final_direct_conserved_plus_Dmel_experimental
SC_neg	N13.HOG0006750	300	final_direct_conserved_plus_Dmel_experimental
SC_neg	N13.HOG0006752	300	final_direct_conserved_plus_Dmel_experimental
SC_neg	N13.HOG0006779	300	final_direct_conserved_plus_Dmel_experimental
SC_neg	N13.HOG0006852	300	final_direct_conserved_plus_Dmel_experimental
SC_neg	N13.HOG0006861	300	final_direct_conserved_plus_Dmel_experimental
SC_neg	N13.HOG0006889	300	final_direct_conserved_plus_Dmel_experimental
SC_neg	N13.HOG0006966	300	final_direct_conserved_plus_Dmel_experimental
SC_neg	N13.HOG0007046	300	final_direct_conserved_plus_Dmel_experimental
SC_neg	N13.HOG0007052	300	final_direct_conserved_plus_Dmel_experimental
SC_neg	N13.HOG0007109	300	final_direct_conserved_plus_Dmel_experimental
SC_neg	N13.HOG0007149	300	final_direct_conserved_plus_Dmel_experimental
SC_neg	N13.HOG0007156	300	final_direct_conserved_plus_Dmel_experimental
SC_neg	N13.HOG0007166	300	final_direct_conserved_plus_Dmel_experimental
SC_neg	N13.HOG0007180	300	final_direct_conserved_plus_Dmel_experimental
SC_neg	N13.HOG0007345	300	final_direct_conserved_plus_Dmel_experimental
SC_neg	N13.HOG0007416	300	final_direct_conserved_plus_Dmel_experimental
SC_neg	N13.HOG0007421	300	final_direct_conserved_plus_Dmel_experimental
SC_neg	N13.HOG0007443	300	final_direct_conserved_plus_Dmel_experimental
SC_neg	N13.HOG0007525	300	final_direct_conserved_plus_Dmel_experimental
SC_neg	N13.HOG0007552	300	final_direct_conserved_plus_Dmel_experimental
SC_neg	N13.HOG0007562	300	final_direct_conserved_plus_Dmel_experimental
SC_neg	N13.HOG0007579	300	final_direct_conserved_plus_Dmel_experimental
SC_neg	N13.HOG0007595	300	final_direct_conserved_plus_Dmel_experimental
SC_neg	N13.HOG0007648	300	final_direct_conserved_plus_Dmel_experimental
SC_neg	N13.HOG0007687	300	final_direct_conserved_plus_Dmel_experimental
SC_neg	N13.HOG0007691	300	final_direct_conserved_plus_Dmel_experimental
SC_neg	N13.HOG0007710	300	final_direct_conserved_plus_Dmel_experimental
SC_neg	N13.HOG0007717	300	final_direct_conserved_plus_Dmel_experimental
SC_neg	N13.HOG0007718	300	final_direct_conserved_plus_Dmel_experimental
SC_neg	N13.HOG0007732	300	final_direct_conserved_plus_Dmel_experimental
SC_neg	N13.HOG0007804	300	final_direct_conserved_plus_Dmel_experimental
SC_neg	N13.HOG0007830	300	final_direct_conserved_plus_Dmel_experimental
SC_neg	N13.HOG0007899	300	final_direct_conserved_plus_Dmel_experimental
SC_neg	N13.HOG0007994	300	final_direct_conserved_plus_Dmel_experimental
SC_neg	N13.HOG0008070	300	final_direct_conserved_plus_Dmel_experimental
SC_neg	N13.HOG0008077	300	final_direct_conserved_plus_Dmel_experimental
SC_neg	N13.HOG0008078	300	final_direct_conserved_plus_Dmel_experimental
SC_neg	N13.HOG0008101	300	final_direct_conserved_plus_Dmel_experimental
SC_neg	N13.HOG0008115	300	final_direct_conserved_plus_Dmel_experimental
SC_neg	N13.HOG0008168	300	final_direct_conserved_plus_Dmel_experimental
SC_neg	N13.HOG0008186	300	final_direct_conserved_plus_Dmel_experimental
SC_neg	N13.HOG0008194	300	final_direct_conserved_plus_Dmel_experimental
SC_neg	N13.HOG0008222	300	final_direct_conserved_plus_Dmel_experimental
SC_neg	N13.HOG0008244	300	final_direct_conserved_plus_Dmel_experimental
SC_neg	N13.HOG0008269	300	final_direct_conserved_plus_Dmel_experimental
SC_neg	N13.HOG0008315	300	final_direct_conserved_plus_Dmel_experimental
SC_neg	N13.HOG0008325	300	final_direct_conserved_plus_Dmel_experimental
SC_neg	N13.HOG0008330	300	final_direct_conserved_plus_Dmel_experimental
SC_neg	N13.HOG0008349	300	final_direct_conserved_plus_Dmel_experimental
SC_neg	N13.HOG0008360	300	final_direct_conserved_plus_Dmel_experimental
SC_neg	N13.HOG0008450	300	final_direct_conserved_plus_Dmel_experimental
SC_neg	N13.HOG0008452	300	final_direct_conserved_plus_Dmel_experimental
SC_neg	N13.HOG0008491	300	final_direct_conserved_plus_Dmel_experimental
SC_neg	N13.HOG0008626	300	final_direct_conserved_plus_Dmel_experimental
SC_neg	N13.HOG0008647	300	final_direct_conserved_plus_Dmel_experimental
SC_neg	N13.HOG0008758	300	final_direct_conserved_plus_Dmel_experimental
SC_neg	N13.HOG0008811	300	final_direct_conserved_plus_Dmel_experimental
SC_neg	N13.HOG0008838	300	final_direct_conserved_plus_Dmel_experimental
SC_neg	N13.HOG0008861	300	final_direct_conserved_plus_Dmel_experimental
SC_neg	N13.HOG0008881	300	final_direct_conserved_plus_Dmel_experimental
SC_neg	N13.HOG0008920	300	final_direct_conserved_plus_Dmel_experimental
SC_neg	N13.HOG0008928	300	final_direct_conserved_plus_Dmel_experimental
SC_neg	N13.HOG0008990	300	final_direct_conserved_plus_Dmel_experimental
SC_neg	N13.HOG0009017	300	final_direct_conserved_plus_Dmel_experimental
SC_neg	N13.HOG0009115	300	final_direct_conserved_plus_Dmel_experimental
SC_neg	N13.HOG0009153	300	final_direct_conserved_plus_Dmel_experimental
SC_neg	N13.HOG0009175	300	final_direct_conserved_plus_Dmel_experimental
SC_neg	N13.HOG0009197	300	final_direct_conserved_plus_Dmel_experimental
SC_neg	N13.HOG0009215	300	final_direct_conserved_plus_Dmel_experimental
SC_neg	N13.HOG0009255	300	final_direct_conserved_plus_Dmel_experimental
SC_neg	N13.HOG0009270	300	final_direct_conserved_plus_Dmel_experimental
SC_neg	N13.HOG0009361	300	final_direct_conserved_plus_Dmel_experimental
SC_neg	N13.HOG0009403	300	final_direct_conserved_plus_Dmel_experimental
SC_neg	N13.HOG0009408	300	final_direct_conserved_plus_Dmel_experimental
SC_neg	N13.HOG0009452	300	final_direct_conserved_plus_Dmel_experimental
SC_neg	N13.HOG0009466	300	final_direct_conserved_plus_Dmel_experimental
SC_neg	N13.HOG0009486	300	final_direct_conserved_plus_Dmel_experimental
SC_neg	N13.HOG0009514	300	final_direct_conserved_plus_Dmel_experimental
SC_neg	N13.HOG0009520	300	final_direct_conserved_plus_Dmel_experimental
SC_neg	N13.HOG0009528	300	final_direct_conserved_plus_Dmel_experimental
SC_neg	N13.HOG0009542	300	final_direct_conserved_plus_Dmel_experimental
SC_neg	N13.HOG0009578	300	final_direct_conserved_plus_Dmel_experimental
SC_neg	N13.HOG0009610	300	final_direct_conserved_plus_Dmel_experimental
SC_neg	N13.HOG0009612	300	final_direct_conserved_plus_Dmel_experimental
SC_neg	N13.HOG0009687	300	final_direct_conserved_plus_Dmel_experimental
SC_neg	N13.HOG0009722	300	final_direct_conserved_plus_Dmel_experimental
SC_neg	N13.HOG0009809	300	final_direct_conserved_plus_Dmel_experimental
SC_neg	N13.HOG0009846	300	final_direct_conserved_plus_Dmel_experimental
SC_neg	N13.HOG0009886	300	final_direct_conserved_plus_Dmel_experimental
SC_neg	N13.HOG0009915	300	final_direct_conserved_plus_Dmel_experimental
SC_neg	N13.HOG0010001	300	final_direct_conserved_plus_Dmel_experimental
SC_neg	N13.HOG0010012	300	final_direct_conserved_plus_Dmel_experimental
SC_neg	N13.HOG0010098	300	final_direct_conserved_plus_Dmel_experimental
SC_neg	N13.HOG0010106	300	final_direct_conserved_plus_Dmel_experimental
SC_neg	N13.HOG0010153	300	final_direct_conserved_plus_Dmel_experimental
SC_neg	N13.HOG0010159	300	final_direct_conserved_plus_Dmel_experimental
SC_neg	N13.HOG0010180	300	final_direct_conserved_plus_Dmel_experimental
SC_neg	N13.HOG0010217	300	final_direct_conserved_plus_Dmel_experimental
SC_neg	N13.HOG0010226	300	final_direct_conserved_plus_Dmel_experimental
SC_neg	N13.HOG0010232	300	final_direct_conserved_plus_Dmel_experimental
SC_neg	N13.HOG0010261	300	final_direct_conserved_plus_Dmel_experimental
SC_neg	N13.HOG0010264	300	final_direct_conserved_plus_Dmel_experimental
SC_neg	N13.HOG0010266	300	final_direct_conserved_plus_Dmel_experimental
SC_neg	N13.HOG0010330	300	final_direct_conserved_plus_Dmel_experimental
SC_neg	N13.HOG0010407	300	final_direct_conserved_plus_Dmel_experimental
SC_neg	N13.HOG0010409	300	final_direct_conserved_plus_Dmel_experimental
SC_neg	N13.HOG0010416	300	final_direct_conserved_plus_Dmel_experimental
SC_neg	N13.HOG0010419	300	final_direct_conserved_plus_Dmel_experimental
SC_neg	N13.HOG0010469	300	final_direct_conserved_plus_Dmel_experimental
SC_neg	N13.HOG0010490	300	final_direct_conserved_plus_Dmel_experimental
SC_neg	N13.HOG0010536	300	final_direct_conserved_plus_Dmel_experimental
SC_neg	N13.HOG0010537	300	final_direct_conserved_plus_Dmel_experimental
SC_neg	N13.HOG0010545	300	final_direct_conserved_plus_Dmel_experimental
SC_neg	N13.HOG0010585	300	final_direct_conserved_plus_Dmel_experimental
SC_neg	N13.HOG0010642	300	final_direct_conserved_plus_Dmel_experimental
SC_neg	N13.HOG0010647	300	final_direct_conserved_plus_Dmel_experimental
SC_neg	N13.HOG0010663	300	final_direct_conserved_plus_Dmel_experimental
SC_neg	N13.HOG0010666	300	final_direct_conserved_plus_Dmel_experimental
SC_neg	N13.HOG0010681	300	final_direct_conserved_plus_Dmel_experimental
SC_neg	N13.HOG0010707	300	final_direct_conserved_plus_Dmel_experimental
SC_neg	N13.HOG0010723	300	final_direct_conserved_plus_Dmel_experimental
SC_neg	N13.HOG0010759	300	final_direct_conserved_plus_Dmel_experimental
SC_neg	N13.HOG0010771	300	final_direct_conserved_plus_Dmel_experimental
SC_neg	N13.HOG0010798	300	final_direct_conserved_plus_Dmel_experimental
SC_neg	N13.HOG0010803	300	final_direct_conserved_plus_Dmel_experimental
SC_neg	N13.HOG0010805	300	final_direct_conserved_plus_Dmel_experimental
SC_neg	N13.HOG0010817	300	final_direct_conserved_plus_Dmel_experimental
SC_neg	N13.HOG0010845	300	final_direct_conserved_plus_Dmel_experimental
SC_neg	N13.HOG0010851	300	final_direct_conserved_plus_Dmel_experimental
SC_neg	N13.HOG0010856	300	final_direct_conserved_plus_Dmel_experimental
SC_neg	N13.HOG0010861	300	final_direct_conserved_plus_Dmel_experimental
SC_neg	N13.HOG0010867	300	final_direct_conserved_plus_Dmel_experimental
SC_neg	N13.HOG0010913	300	final_direct_conserved_plus_Dmel_experimental
SC_neg	N13.HOG0010919	300	final_direct_conserved_plus_Dmel_experimental
SC_neg	N13.HOG0010936	300	final_direct_conserved_plus_Dmel_experimental
SC_neg	N13.HOG0010949	300	final_direct_conserved_plus_Dmel_experimental
SC_neg	N13.HOG0010989	300	final_direct_conserved_plus_Dmel_experimental
SC_neg	N13.HOG0011035	300	final_direct_conserved_plus_Dmel_experimental
SC_neg	N13.HOG0011048	300	final_direct_conserved_plus_Dmel_experimental
SC_neg	N13.HOG0011066	300	final_direct_conserved_plus_Dmel_experimental
SC_neg	N13.HOG0011091	300	final_direct_conserved_plus_Dmel_experimental
SC_neg	N13.HOG0011119	300	final_direct_conserved_plus_Dmel_experimental
SC_neg	N13.HOG0011127	300	final_direct_conserved_plus_Dmel_experimental
SC_neg	N13.HOG0011244	300	final_direct_conserved_plus_Dmel_experimental
SC_neg	N13.HOG0011265	300	final_direct_conserved_plus_Dmel_experimental
SC_neg	N13.HOG0011269	300	final_direct_conserved_plus_Dmel_experimental
SC_neg	N13.HOG0011285	300	final_direct_conserved_plus_Dmel_experimental
SC_neg	N13.HOG0011304	300	final_direct_conserved_plus_Dmel_experimental
SC_neg	N13.HOG0011323	300	final_direct_conserved_plus_Dmel_experimental
SC_neg	N13.HOG0011325	300	final_direct_conserved_plus_Dmel_experimental
SC_neg	N13.HOG0011363	300	final_direct_conserved_plus_Dmel_experimental
SC_neg	N13.HOG0011412	300	final_direct_conserved_plus_Dmel_experimental
SC_neg	N13.HOG0011415	300	final_direct_conserved_plus_Dmel_experimental
SC_neg	N13.HOG0011420	300	final_direct_conserved_plus_Dmel_experimental
SC_neg	N13.HOG0011495	300	final_direct_conserved_plus_Dmel_experimental
SC_neg	N13.HOG0011504	300	final_direct_conserved_plus_Dmel_experimental
SC_neg	N13.HOG0011528	300	final_direct_conserved_plus_Dmel_experimental
SC_neg	N13.HOG0011586	300	final_direct_conserved_plus_Dmel_experimental
SC_neg	N13.HOG0011604	300	final_direct_conserved_plus_Dmel_experimental
SC_neg	N13.HOG0011610	300	final_direct_conserved_plus_Dmel_experimental
SC_neg	N13.HOG0011613	300	final_direct_conserved_plus_Dmel_experimental
SC_neg	N13.HOG0011672	300	final_direct_conserved_plus_Dmel_experimental
SC_neg	N13.HOG0011696	300	final_direct_conserved_plus_Dmel_experimental
SC_neg	N13.HOG0011738	300	final_direct_conserved_plus_Dmel_experimental
SC_neg	N13.HOG0011746	300	final_direct_conserved_plus_Dmel_experimental
SC_neg	N13.HOG0011767	300	final_direct_conserved_plus_Dmel_experimental
SC_neg	N13.HOG0011769	300	final_direct_conserved_plus_Dmel_experimental
SC_neg	N13.HOG0011770	300	final_direct_conserved_plus_Dmel_experimental
SC_neg	N13.HOG0011784	300	final_direct_conserved_plus_Dmel_experimental
SC_neg	N13.HOG0011863	300	final_direct_conserved_plus_Dmel_experimental
SC_neg	N13.HOG0011890	300	final_direct_conserved_plus_Dmel_experimental
SC_neg	N13.HOG0012006	300	final_direct_conserved_plus_Dmel_experimental
SC_neg	N13.HOG0012054	300	final_direct_conserved_plus_Dmel_experimental
SC_neg	N13.HOG0012082	300	final_direct_conserved_plus_Dmel_experimental
SC_neg	N13.HOG0012141	300	final_direct_conserved_plus_Dmel_experimental
Stage_pos	N13.HOG0000373	300	final_direct_conserved_plus_Dmel_experimental
Stage_pos	N13.HOG0000384	300	final_direct_conserved_plus_Dmel_experimental
Stage_pos	N13.HOG0000645	300	final_direct_conserved_plus_Dmel_experimental
Stage_pos	N13.HOG0000655	300	final_direct_conserved_plus_Dmel_experimental
Stage_pos	N13.HOG0000683	300	final_direct_conserved_plus_Dmel_experimental
Stage_pos	N13.HOG0000700	300	final_direct_conserved_plus_Dmel_experimental
Stage_pos	N13.HOG0000882	300	final_direct_conserved_plus_Dmel_experimental
Stage_pos	N13.HOG0000931	300	final_direct_conserved_plus_Dmel_experimental
Stage_pos	N13.HOG0001220	300	final_direct_conserved_plus_Dmel_experimental
Stage_pos	N13.HOG0001373	300	final_direct_conserved_plus_Dmel_experimental
Stage_pos	N13.HOG0001430	300	final_direct_conserved_plus_Dmel_experimental
Stage_pos	N13.HOG0001764	300	final_direct_conserved_plus_Dmel_experimental
Stage_pos	N13.HOG0001801	300	final_direct_conserved_plus_Dmel_experimental
Stage_pos	N13.HOG0001915	300	final_direct_conserved_plus_Dmel_experimental
Stage_pos	N13.HOG0001921	300	final_direct_conserved_plus_Dmel_experimental
Stage_pos	N13.HOG0001944	300	final_direct_conserved_plus_Dmel_experimental
Stage_pos	N13.HOG0001973	300	final_direct_conserved_plus_Dmel_experimental
Stage_pos	N13.HOG0001974	300	final_direct_conserved_plus_Dmel_experimental
Stage_pos	N13.HOG0002012	300	final_direct_conserved_plus_Dmel_experimental
Stage_pos	N13.HOG0002028	300	final_direct_conserved_plus_Dmel_experimental
Stage_pos	N13.HOG0002051	300	final_direct_conserved_plus_Dmel_experimental
Stage_pos	N13.HOG0002101	300	final_direct_conserved_plus_Dmel_experimental
Stage_pos	N13.HOG0002158	300	final_direct_conserved_plus_Dmel_experimental
Stage_pos	N13.HOG0002167	300	final_direct_conserved_plus_Dmel_experimental
Stage_pos	N13.HOG0002200	300	final_direct_conserved_plus_Dmel_experimental
Stage_pos	N13.HOG0002374	300	final_direct_conserved_plus_Dmel_experimental
Stage_pos	N13.HOG0002492	300	final_direct_conserved_plus_Dmel_experimental
Stage_pos	N13.HOG0002513	300	final_direct_conserved_plus_Dmel_experimental
Stage_pos	N13.HOG0002525	300	final_direct_conserved_plus_Dmel_experimental
Stage_pos	N13.HOG0002533	300	final_direct_conserved_plus_Dmel_experimental
Stage_pos	N13.HOG0002535	300	final_direct_conserved_plus_Dmel_experimental
Stage_pos	N13.HOG0002643	300	final_direct_conserved_plus_Dmel_experimental
Stage_pos	N13.HOG0002644	300	final_direct_conserved_plus_Dmel_experimental
Stage_pos	N13.HOG0002713	300	final_direct_conserved_plus_Dmel_experimental
Stage_pos	N13.HOG0002731	300	final_direct_conserved_plus_Dmel_experimental
Stage_pos	N13.HOG0002732	300	final_direct_conserved_plus_Dmel_experimental
Stage_pos	N13.HOG0002789	300	final_direct_conserved_plus_Dmel_experimental
Stage_pos	N13.HOG0002799	300	final_direct_conserved_plus_Dmel_experimental
Stage_pos	N13.HOG0002977	300	final_direct_conserved_plus_Dmel_experimental
Stage_pos	N13.HOG0003009	300	final_direct_conserved_plus_Dmel_experimental
Stage_pos	N13.HOG0003025	300	final_direct_conserved_plus_Dmel_experimental
Stage_pos	N13.HOG0003029	300	final_direct_conserved_plus_Dmel_experimental
Stage_pos	N13.HOG0003121	300	final_direct_conserved_plus_Dmel_experimental
Stage_pos	N13.HOG0003201	300	final_direct_conserved_plus_Dmel_experimental
Stage_pos	N13.HOG0003205	300	final_direct_conserved_plus_Dmel_experimental
Stage_pos	N13.HOG0003300	300	final_direct_conserved_plus_Dmel_experimental
Stage_pos	N13.HOG0003337	300	final_direct_conserved_plus_Dmel_experimental
Stage_pos	N13.HOG0003398	300	final_direct_conserved_plus_Dmel_experimental
Stage_pos	N13.HOG0003867	300	final_direct_conserved_plus_Dmel_experimental
Stage_pos	N13.HOG0003884	300	final_direct_conserved_plus_Dmel_experimental
Stage_pos	N13.HOG0003908	300	final_direct_conserved_plus_Dmel_experimental
Stage_pos	N13.HOG0004009	300	final_direct_conserved_plus_Dmel_experimental
Stage_pos	N13.HOG0004022	300	final_direct_conserved_plus_Dmel_experimental
Stage_pos	N13.HOG0004062	300	final_direct_conserved_plus_Dmel_experimental
Stage_pos	N13.HOG0004082	300	final_direct_conserved_plus_Dmel_experimental
Stage_pos	N13.HOG0004118	300	final_direct_conserved_plus_Dmel_experimental
Stage_pos	N13.HOG0004233	300	final_direct_conserved_plus_Dmel_experimental
Stage_pos	N13.HOG0004250	300	final_direct_conserved_plus_Dmel_experimental
Stage_pos	N13.HOG0004252	300	final_direct_conserved_plus_Dmel_experimental
Stage_pos	N13.HOG0004256	300	final_direct_conserved_plus_Dmel_experimental
Stage_pos	N13.HOG0004316	300	final_direct_conserved_plus_Dmel_experimental
Stage_pos	N13.HOG0004432	300	final_direct_conserved_plus_Dmel_experimental
Stage_pos	N13.HOG0004476	300	final_direct_conserved_plus_Dmel_experimental
Stage_pos	N13.HOG0004558	300	final_direct_conserved_plus_Dmel_experimental
Stage_pos	N13.HOG0004580	300	final_direct_conserved_plus_Dmel_experimental
Stage_pos	N13.HOG0004613	300	final_direct_conserved_plus_Dmel_experimental
Stage_pos	N13.HOG0004620	300	final_direct_conserved_plus_Dmel_experimental
Stage_pos	N13.HOG0004652	300	final_direct_conserved_plus_Dmel_experimental
Stage_pos	N13.HOG0004668	300	final_direct_conserved_plus_Dmel_experimental
Stage_pos	N13.HOG0004691	300	final_direct_conserved_plus_Dmel_experimental
Stage_pos	N13.HOG0004705	300	final_direct_conserved_plus_Dmel_experimental
Stage_pos	N13.HOG0004716	300	final_direct_conserved_plus_Dmel_experimental
Stage_pos	N13.HOG0004768	300	final_direct_conserved_plus_Dmel_experimental
Stage_pos	N13.HOG0004791	300	final_direct_conserved_plus_Dmel_experimental
Stage_pos	N13.HOG0004848	300	final_direct_conserved_plus_Dmel_experimental
Stage_pos	N13.HOG0004883	300	final_direct_conserved_plus_Dmel_experimental
Stage_pos	N13.HOG0004910	300	final_direct_conserved_plus_Dmel_experimental
Stage_pos	N13.HOG0004920	300	final_direct_conserved_plus_Dmel_experimental
Stage_pos	N13.HOG0004926	300	final_direct_conserved_plus_Dmel_experimental
Stage_pos	N13.HOG0004933	300	final_direct_conserved_plus_Dmel_experimental
Stage_pos	N13.HOG0004947	300	final_direct_conserved_plus_Dmel_experimental
Stage_pos	N13.HOG0004971	300	final_direct_conserved_plus_Dmel_experimental
Stage_pos	N13.HOG0004978	300	final_direct_conserved_plus_Dmel_experimental
Stage_pos	N13.HOG0005004	300	final_direct_conserved_plus_Dmel_experimental
Stage_pos	N13.HOG0005035	300	final_direct_conserved_plus_Dmel_experimental
Stage_pos	N13.HOG0005038	300	final_direct_conserved_plus_Dmel_experimental
Stage_pos	N13.HOG0005050	300	final_direct_conserved_plus_Dmel_experimental
Stage_pos	N13.HOG0005052	300	final_direct_conserved_plus_Dmel_experimental
Stage_pos	N13.HOG0005125	300	final_direct_conserved_plus_Dmel_experimental
Stage_pos	N13.HOG0005134	300	final_direct_conserved_plus_Dmel_experimental
Stage_pos	N13.HOG0005180	300	final_direct_conserved_plus_Dmel_experimental
Stage_pos	N13.HOG0005196	300	final_direct_conserved_plus_Dmel_experimental
Stage_pos	N13.HOG0005229	300	final_direct_conserved_plus_Dmel_experimental
Stage_pos	N13.HOG0005252	300	final_direct_conserved_plus_Dmel_experimental
Stage_pos	N13.HOG0005256	300	final_direct_conserved_plus_Dmel_experimental
Stage_pos	N13.HOG0005338	300	final_direct_conserved_plus_Dmel_experimental
Stage_pos	N13.HOG0005359	300	final_direct_conserved_plus_Dmel_experimental
Stage_pos	N13.HOG0005377	300	final_direct_conserved_plus_Dmel_experimental
Stage_pos	N13.HOG0005427	300	final_direct_conserved_plus_Dmel_experimental
Stage_pos	N13.HOG0005432	300	final_direct_conserved_plus_Dmel_experimental
Stage_pos	N13.HOG0005434	300	final_direct_conserved_plus_Dmel_experimental
Stage_pos	N13.HOG0005452	300	final_direct_conserved_plus_Dmel_experimental
Stage_pos	N13.HOG0005457	300	final_direct_conserved_plus_Dmel_experimental
Stage_pos	N13.HOG0005480	300	final_direct_conserved_plus_Dmel_experimental
Stage_pos	N13.HOG0005532	300	final_direct_conserved_plus_Dmel_experimental
Stage_pos	N13.HOG0005542	300	final_direct_conserved_plus_Dmel_experimental
Stage_pos	N13.HOG0005551	300	final_direct_conserved_plus_Dmel_experimental
Stage_pos	N13.HOG0005569	300	final_direct_conserved_plus_Dmel_experimental
Stage_pos	N13.HOG0005581	300	final_direct_conserved_plus_Dmel_experimental
Stage_pos	N13.HOG0005597	300	final_direct_conserved_plus_Dmel_experimental
Stage_pos	N13.HOG0005610	300	final_direct_conserved_plus_Dmel_experimental
Stage_pos	N13.HOG0005611	300	final_direct_conserved_plus_Dmel_experimental
Stage_pos	N13.HOG0005655	300	final_direct_conserved_plus_Dmel_experimental
Stage_pos	N13.HOG0005661	300	final_direct_conserved_plus_Dmel_experimental
Stage_pos	N13.HOG0005664	300	final_direct_conserved_plus_Dmel_experimental
Stage_pos	N13.HOG0005676	300	final_direct_conserved_plus_Dmel_experimental
Stage_pos	N13.HOG0005678	300	final_direct_conserved_plus_Dmel_experimental
Stage_pos	N13.HOG0005703	300	final_direct_conserved_plus_Dmel_experimental
Stage_pos	N13.HOG0005709	300	final_direct_conserved_plus_Dmel_experimental
Stage_pos	N13.HOG0005711	300	final_direct_conserved_plus_Dmel_experimental
Stage_pos	N13.HOG0005713	300	final_direct_conserved_plus_Dmel_experimental
Stage_pos	N13.HOG0005722	300	final_direct_conserved_plus_Dmel_experimental
Stage_pos	N13.HOG0005723	300	final_direct_conserved_plus_Dmel_experimental
Stage_pos	N13.HOG0005732	300	final_direct_conserved_plus_Dmel_experimental
Stage_pos	N13.HOG0005741	300	final_direct_conserved_plus_Dmel_experimental
Stage_pos	N13.HOG0005796	300	final_direct_conserved_plus_Dmel_experimental
Stage_pos	N13.HOG0005823	300	final_direct_conserved_plus_Dmel_experimental
Stage_pos	N13.HOG0005848	300	final_direct_conserved_plus_Dmel_experimental
Stage_pos	N13.HOG0005941	300	final_direct_conserved_plus_Dmel_experimental
Stage_pos	N13.HOG0005942	300	final_direct_conserved_plus_Dmel_experimental
Stage_pos	N13.HOG0005949	300	final_direct_conserved_plus_Dmel_experimental
Stage_pos	N13.HOG0005968	300	final_direct_conserved_plus_Dmel_experimental
Stage_pos	N13.HOG0005980	300	final_direct_conserved_plus_Dmel_experimental
Stage_pos	N13.HOG0006006	300	final_direct_conserved_plus_Dmel_experimental
Stage_pos	N13.HOG0006010	300	final_direct_conserved_plus_Dmel_experimental
Stage_pos	N13.HOG0006018	300	final_direct_conserved_plus_Dmel_experimental
Stage_pos	N13.HOG0006032	300	final_direct_conserved_plus_Dmel_experimental
Stage_pos	N13.HOG0006055	300	final_direct_conserved_plus_Dmel_experimental
Stage_pos	N13.HOG0006074	300	final_direct_conserved_plus_Dmel_experimental
Stage_pos	N13.HOG0006141	300	final_direct_conserved_plus_Dmel_experimental
Stage_pos	N13.HOG0006200	300	final_direct_conserved_plus_Dmel_experimental
Stage_pos	N13.HOG0006201	300	final_direct_conserved_plus_Dmel_experimental
Stage_pos	N13.HOG0006216	300	final_direct_conserved_plus_Dmel_experimental
Stage_pos	N13.HOG0006218	300	final_direct_conserved_plus_Dmel_experimental
Stage_pos	N13.HOG0006237	300	final_direct_conserved_plus_Dmel_experimental
Stage_pos	N13.HOG0006254	300	final_direct_conserved_plus_Dmel_experimental
Stage_pos	N13.HOG0006301	300	final_direct_conserved_plus_Dmel_experimental
Stage_pos	N13.HOG0006304	300	final_direct_conserved_plus_Dmel_experimental
Stage_pos	N13.HOG0006309	300	final_direct_conserved_plus_Dmel_experimental
Stage_pos	N13.HOG0006383	300	final_direct_conserved_plus_Dmel_experimental
Stage_pos	N13.HOG0006417	300	final_direct_conserved_plus_Dmel_experimental
Stage_pos	N13.HOG0006426	300	final_direct_conserved_plus_Dmel_experimental
Stage_pos	N13.HOG0006456	300	final_direct_conserved_plus_Dmel_experimental
Stage_pos	N13.HOG0006458	300	final_direct_conserved_plus_Dmel_experimental
Stage_pos	N13.HOG0006512	300	final_direct_conserved_plus_Dmel_experimental
Stage_pos	N13.HOG0006522	300	final_direct_conserved_plus_Dmel_experimental
Stage_pos	N13.HOG0006585	300	final_direct_conserved_plus_Dmel_experimental
Stage_pos	N13.HOG0006603	300	final_direct_conserved_plus_Dmel_experimental
Stage_pos	N13.HOG0006604	300	final_direct_conserved_plus_Dmel_experimental
Stage_pos	N13.HOG0006635	300	final_direct_conserved_plus_Dmel_experimental
Stage_pos	N13.HOG0006652	300	final_direct_conserved_plus_Dmel_experimental
Stage_pos	N13.HOG0006667	300	final_direct_conserved_plus_Dmel_experimental
Stage_pos	N13.HOG0006670	300	final_direct_conserved_plus_Dmel_experimental
Stage_pos	N13.HOG0006672	300	final_direct_conserved_plus_Dmel_experimental
Stage_pos	N13.HOG0006689	300	final_direct_conserved_plus_Dmel_experimental
Stage_pos	N13.HOG0006776	300	final_direct_conserved_plus_Dmel_experimental
Stage_pos	N13.HOG0006803	300	final_direct_conserved_plus_Dmel_experimental
Stage_pos	N13.HOG0006816	300	final_direct_conserved_plus_Dmel_experimental
Stage_pos	N13.HOG0006822	300	final_direct_conserved_plus_Dmel_experimental
Stage_pos	N13.HOG0006830	300	final_direct_conserved_plus_Dmel_experimental
Stage_pos	N13.HOG0006857	300	final_direct_conserved_plus_Dmel_experimental
Stage_pos	N13.HOG0006894	300	final_direct_conserved_plus_Dmel_experimental
Stage_pos	N13.HOG0006939	300	final_direct_conserved_plus_Dmel_experimental
Stage_pos	N13.HOG0006948	300	final_direct_conserved_plus_Dmel_experimental
Stage_pos	N13.HOG0006993	300	final_direct_conserved_plus_Dmel_experimental
Stage_pos	N13.HOG0007050	300	final_direct_conserved_plus_Dmel_experimental
Stage_pos	N13.HOG0007090	300	final_direct_conserved_plus_Dmel_experimental
Stage_pos	N13.HOG0007093	300	final_direct_conserved_plus_Dmel_experimental
Stage_pos	N13.HOG0007103	300	final_direct_conserved_plus_Dmel_experimental
Stage_pos	N13.HOG0007104	300	final_direct_conserved_plus_Dmel_experimental
Stage_pos	N13.HOG0007123	300	final_direct_conserved_plus_Dmel_experimental
Stage_pos	N13.HOG0007159	300	final_direct_conserved_plus_Dmel_experimental
Stage_pos	N13.HOG0007176	300	final_direct_conserved_plus_Dmel_experimental
Stage_pos	N13.HOG0007178	300	final_direct_conserved_plus_Dmel_experimental
Stage_pos	N13.HOG0007194	300	final_direct_conserved_plus_Dmel_experimental
Stage_pos	N13.HOG0007204	300	final_direct_conserved_plus_Dmel_experimental
Stage_pos	N13.HOG0007309	300	final_direct_conserved_plus_Dmel_experimental
Stage_pos	N13.HOG0007312	300	final_direct_conserved_plus_Dmel_experimental
Stage_pos	N13.HOG0007319	300	final_direct_conserved_plus_Dmel_experimental
Stage_pos	N13.HOG0007355	300	final_direct_conserved_plus_Dmel_experimental
Stage_pos	N13.HOG0007368	300	final_direct_conserved_plus_Dmel_experimental
Stage_pos	N13.HOG0007385	300	final_direct_conserved_plus_Dmel_experimental
Stage_pos	N13.HOG0007405	300	final_direct_conserved_plus_Dmel_experimental
Stage_pos	N13.HOG0007446	300	final_direct_conserved_plus_Dmel_experimental
Stage_pos	N13.HOG0007471	300	final_direct_conserved_plus_Dmel_experimental
Stage_pos	N13.HOG0007550	300	final_direct_conserved_plus_Dmel_experimental
Stage_pos	N13.HOG0007572	300	final_direct_conserved_plus_Dmel_experimental
Stage_pos	N13.HOG0007616	300	final_direct_conserved_plus_Dmel_experimental
Stage_pos	N13.HOG0007619	300	final_direct_conserved_plus_Dmel_experimental
Stage_pos	N13.HOG0007649	300	final_direct_conserved_plus_Dmel_experimental
Stage_pos	N13.HOG0007679	300	final_direct_conserved_plus_Dmel_experimental
Stage_pos	N13.HOG0007699	300	final_direct_conserved_plus_Dmel_experimental
Stage_pos	N13.HOG0007711	300	final_direct_conserved_plus_Dmel_experimental
Stage_pos	N13.HOG0007751	300	final_direct_conserved_plus_Dmel_experimental
Stage_pos	N13.HOG0007756	300	final_direct_conserved_plus_Dmel_experimental
Stage_pos	N13.HOG0007788	300	final_direct_conserved_plus_Dmel_experimental
Stage_pos	N13.HOG0007863	300	final_direct_conserved_plus_Dmel_experimental
Stage_pos	N13.HOG0007864	300	final_direct_conserved_plus_Dmel_experimental
Stage_pos	N13.HOG0008028	300	final_direct_conserved_plus_Dmel_experimental
Stage_pos	N13.HOG0008032	300	final_direct_conserved_plus_Dmel_experimental
Stage_pos	N13.HOG0008074	300	final_direct_conserved_plus_Dmel_experimental
Stage_pos	N13.HOG0008096	300	final_direct_conserved_plus_Dmel_experimental
Stage_pos	N13.HOG0008125	300	final_direct_conserved_plus_Dmel_experimental
Stage_pos	N13.HOG0008253	300	final_direct_conserved_plus_Dmel_experimental
Stage_pos	N13.HOG0008258	300	final_direct_conserved_plus_Dmel_experimental
Stage_pos	N13.HOG0008279	300	final_direct_conserved_plus_Dmel_experimental
Stage_pos	N13.HOG0008308	300	final_direct_conserved_plus_Dmel_experimental
Stage_pos	N13.HOG0008311	300	final_direct_conserved_plus_Dmel_experimental
Stage_pos	N13.HOG0008319	300	final_direct_conserved_plus_Dmel_experimental
Stage_pos	N13.HOG0008388	300	final_direct_conserved_plus_Dmel_experimental
Stage_pos	N13.HOG0008409	300	final_direct_conserved_plus_Dmel_experimental
Stage_pos	N13.HOG0008414	300	final_direct_conserved_plus_Dmel_experimental
Stage_pos	N13.HOG0008418	300	final_direct_conserved_plus_Dmel_experimental
Stage_pos	N13.HOG0008458	300	final_direct_conserved_plus_Dmel_experimental
Stage_pos	N13.HOG0008499	300	final_direct_conserved_plus_Dmel_experimental
Stage_pos	N13.HOG0008501	300	final_direct_conserved_plus_Dmel_experimental
Stage_pos	N13.HOG0008518	300	final_direct_conserved_plus_Dmel_experimental
Stage_pos	N13.HOG0008557	300	final_direct_conserved_plus_Dmel_experimental
Stage_pos	N13.HOG0008565	300	final_direct_conserved_plus_Dmel_experimental
Stage_pos	N13.HOG0008589	300	final_direct_conserved_plus_Dmel_experimental
Stage_pos	N13.HOG0008728	300	final_direct_conserved_plus_Dmel_experimental
Stage_pos	N13.HOG0008749	300	final_direct_conserved_plus_Dmel_experimental
Stage_pos	N13.HOG0008757	300	final_direct_conserved_plus_Dmel_experimental
Stage_pos	N13.HOG0008795	300	final_direct_conserved_plus_Dmel_experimental
Stage_pos	N13.HOG0008910	300	final_direct_conserved_plus_Dmel_experimental
Stage_pos	N13.HOG0008919	300	final_direct_conserved_plus_Dmel_experimental
Stage_pos	N13.HOG0009119	300	final_direct_conserved_plus_Dmel_experimental
Stage_pos	N13.HOG0009138	300	final_direct_conserved_plus_Dmel_experimental
Stage_pos	N13.HOG0009185	300	final_direct_conserved_plus_Dmel_experimental
Stage_pos	N13.HOG0009195	300	final_direct_conserved_plus_Dmel_experimental
Stage_pos	N13.HOG0009196	300	final_direct_conserved_plus_Dmel_experimental
Stage_pos	N13.HOG0009225	300	final_direct_conserved_plus_Dmel_experimental
Stage_pos	N13.HOG0009304	300	final_direct_conserved_plus_Dmel_experimental
Stage_pos	N13.HOG0009321	300	final_direct_conserved_plus_Dmel_experimental
Stage_pos	N13.HOG0009354	300	final_direct_conserved_plus_Dmel_experimental
Stage_pos	N13.HOG0009426	300	final_direct_conserved_plus_Dmel_experimental
Stage_pos	N13.HOG0009435	300	final_direct_conserved_plus_Dmel_experimental
Stage_pos	N13.HOG0009450	300	final_direct_conserved_plus_Dmel_experimental
Stage_pos	N13.HOG0009470	300	final_direct_conserved_plus_Dmel_experimental
Stage_pos	N13.HOG0009479	300	final_direct_conserved_plus_Dmel_experimental
Stage_pos	N13.HOG0009509	300	final_direct_conserved_plus_Dmel_experimental
Stage_pos	N13.HOG0009524	300	final_direct_conserved_plus_Dmel_experimental
Stage_pos	N13.HOG0009534	300	final_direct_conserved_plus_Dmel_experimental
Stage_pos	N13.HOG0009545	300	final_direct_conserved_plus_Dmel_experimental
Stage_pos	N13.HOG0009575	300	final_direct_conserved_plus_Dmel_experimental
Stage_pos	N13.HOG0009595	300	final_direct_conserved_plus_Dmel_experimental
Stage_pos	N13.HOG0009618	300	final_direct_conserved_plus_Dmel_experimental
Stage_pos	N13.HOG0009666	300	final_direct_conserved_plus_Dmel_experimental
Stage_pos	N13.HOG0009670	300	final_direct_conserved_plus_Dmel_experimental
Stage_pos	N13.HOG0009717	300	final_direct_conserved_plus_Dmel_experimental
Stage_pos	N13.HOG0009755	300	final_direct_conserved_plus_Dmel_experimental
Stage_pos	N13.HOG0009802	300	final_direct_conserved_plus_Dmel_experimental
Stage_pos	N13.HOG0009814	300	final_direct_conserved_plus_Dmel_experimental
Stage_pos	N13.HOG0009831	300	final_direct_conserved_plus_Dmel_experimental
Stage_pos	N13.HOG0009851	300	final_direct_conserved_plus_Dmel_experimental
Stage_pos	N13.HOG0009888	300	final_direct_conserved_plus_Dmel_experimental
Stage_pos	N13.HOG0009960	300	final_direct_conserved_plus_Dmel_experimental
Stage_pos	N13.HOG0009984	300	final_direct_conserved_plus_Dmel_experimental
Stage_pos	N13.HOG0009996	300	final_direct_conserved_plus_Dmel_experimental
Stage_pos	N13.HOG0010043	300	final_direct_conserved_plus_Dmel_experimental
Stage_pos	N13.HOG0010048	300	final_direct_conserved_plus_Dmel_experimental
Stage_pos	N13.HOG0010143	300	final_direct_conserved_plus_Dmel_experimental
Stage_pos	N13.HOG0010154	300	final_direct_conserved_plus_Dmel_experimental
Stage_pos	N13.HOG0010228	300	final_direct_conserved_plus_Dmel_experimental
Stage_pos	N13.HOG0010276	300	final_direct_conserved_plus_Dmel_experimental
Stage_pos	N13.HOG0010427	300	final_direct_conserved_plus_Dmel_experimental
Stage_pos	N13.HOG0010430	300	final_direct_conserved_plus_Dmel_experimental
Stage_pos	N13.HOG0010506	300	final_direct_conserved_plus_Dmel_experimental
Stage_pos	N13.HOG0010530	300	final_direct_conserved_plus_Dmel_experimental
Stage_pos	N13.HOG0010547	300	final_direct_conserved_plus_Dmel_experimental
Stage_pos	N13.HOG0010567	300	final_direct_conserved_plus_Dmel_experimental
Stage_pos	N13.HOG0010580	300	final_direct_conserved_plus_Dmel_experimental
Stage_pos	N13.HOG0010600	300	final_direct_conserved_plus_Dmel_experimental
Stage_pos	N13.HOG0010602	300	final_direct_conserved_plus_Dmel_experimental
Stage_pos	N13.HOG0010688	300	final_direct_conserved_plus_Dmel_experimental
Stage_pos	N13.HOG0010713	300	final_direct_conserved_plus_Dmel_experimental
Stage_pos	N13.HOG0010737	300	final_direct_conserved_plus_Dmel_experimental
Stage_pos	N13.HOG0010752	300	final_direct_conserved_plus_Dmel_experimental
Stage_pos	N13.HOG0010840	300	final_direct_conserved_plus_Dmel_experimental
Stage_pos	N13.HOG0010872	300	final_direct_conserved_plus_Dmel_experimental
Stage_pos	N13.HOG0010880	300	final_direct_conserved_plus_Dmel_experimental
Stage_pos	N13.HOG0010946	300	final_direct_conserved_plus_Dmel_experimental
Stage_pos	N13.HOG0010956	300	final_direct_conserved_plus_Dmel_experimental
Stage_pos	N13.HOG0010965	300	final_direct_conserved_plus_Dmel_experimental
Stage_pos	N13.HOG0010997	300	final_direct_conserved_plus_Dmel_experimental
Stage_pos	N13.HOG0011047	300	final_direct_conserved_plus_Dmel_experimental
Stage_pos	N13.HOG0011240	300	final_direct_conserved_plus_Dmel_experimental
Stage_pos	N13.HOG0011311	300	final_direct_conserved_plus_Dmel_experimental
Stage_pos	N13.HOG0011485	300	final_direct_conserved_plus_Dmel_experimental
Stage_pos	N13.HOG0011688	300	final_direct_conserved_plus_Dmel_experimental
Stage_neg	N13.HOG0000436	300	final_direct_conserved_plus_Dmel_experimental
Stage_neg	N13.HOG0000502	300	final_direct_conserved_plus_Dmel_experimental
Stage_neg	N13.HOG0000543	300	final_direct_conserved_plus_Dmel_experimental
Stage_neg	N13.HOG0000696	300	final_direct_conserved_plus_Dmel_experimental
Stage_neg	N13.HOG0000753	300	final_direct_conserved_plus_Dmel_experimental
Stage_neg	N13.HOG0000815	300	final_direct_conserved_plus_Dmel_experimental
Stage_neg	N13.HOG0000825	300	final_direct_conserved_plus_Dmel_experimental
Stage_neg	N13.HOG0000946	300	final_direct_conserved_plus_Dmel_experimental
Stage_neg	N13.HOG0000959	300	final_direct_conserved_plus_Dmel_experimental
Stage_neg	N13.HOG0001361	300	final_direct_conserved_plus_Dmel_experimental
Stage_neg	N13.HOG0001368	300	final_direct_conserved_plus_Dmel_experimental
Stage_neg	N13.HOG0001477	300	final_direct_conserved_plus_Dmel_experimental
Stage_neg	N13.HOG0001768	300	final_direct_conserved_plus_Dmel_experimental
Stage_neg	N13.HOG0001833	300	final_direct_conserved_plus_Dmel_experimental
Stage_neg	N13.HOG0001911	300	final_direct_conserved_plus_Dmel_experimental
Stage_neg	N13.HOG0001933	300	final_direct_conserved_plus_Dmel_experimental
Stage_neg	N13.HOG0001981	300	final_direct_conserved_plus_Dmel_experimental
Stage_neg	N13.HOG0002248	300	final_direct_conserved_plus_Dmel_experimental
Stage_neg	N13.HOG0002352	300	final_direct_conserved_plus_Dmel_experimental
Stage_neg	N13.HOG0002353	300	final_direct_conserved_plus_Dmel_experimental
Stage_neg	N13.HOG0002448	300	final_direct_conserved_plus_Dmel_experimental
Stage_neg	N13.HOG0002457	300	final_direct_conserved_plus_Dmel_experimental
Stage_neg	N13.HOG0002467	300	final_direct_conserved_plus_Dmel_experimental
Stage_neg	N13.HOG0002468	300	final_direct_conserved_plus_Dmel_experimental
Stage_neg	N13.HOG0002578	300	final_direct_conserved_plus_Dmel_experimental
Stage_neg	N13.HOG0002859	300	final_direct_conserved_plus_Dmel_experimental
Stage_neg	N13.HOG0002877	300	final_direct_conserved_plus_Dmel_experimental
Stage_neg	N13.HOG0002900	300	final_direct_conserved_plus_Dmel_experimental
Stage_neg	N13.HOG0002917	300	final_direct_conserved_plus_Dmel_experimental
Stage_neg	N13.HOG0002920	300	final_direct_conserved_plus_Dmel_experimental
Stage_neg	N13.HOG0002966	300	final_direct_conserved_plus_Dmel_experimental
Stage_neg	N13.HOG0003031	300	final_direct_conserved_plus_Dmel_experimental
Stage_neg	N13.HOG0003064	300	final_direct_conserved_plus_Dmel_experimental
Stage_neg	N13.HOG0003094	300	final_direct_conserved_plus_Dmel_experimental
Stage_neg	N13.HOG0003133	300	final_direct_conserved_plus_Dmel_experimental
Stage_neg	N13.HOG0003134	300	final_direct_conserved_plus_Dmel_experimental
Stage_neg	N13.HOG0003182	300	final_direct_conserved_plus_Dmel_experimental
Stage_neg	N13.HOG0003185	300	final_direct_conserved_plus_Dmel_experimental
Stage_neg	N13.HOG0003192	300	final_direct_conserved_plus_Dmel_experimental
Stage_neg	N13.HOG0003278	300	final_direct_conserved_plus_Dmel_experimental
Stage_neg	N13.HOG0003410	300	final_direct_conserved_plus_Dmel_experimental
Stage_neg	N13.HOG0003417	300	final_direct_conserved_plus_Dmel_experimental
Stage_neg	N13.HOG0003445	300	final_direct_conserved_plus_Dmel_experimental
Stage_neg	N13.HOG0003466	300	final_direct_conserved_plus_Dmel_experimental
Stage_neg	N13.HOG0003499	300	final_direct_conserved_plus_Dmel_experimental
Stage_neg	N13.HOG0003623	300	final_direct_conserved_plus_Dmel_experimental
Stage_neg	N13.HOG0003861	300	final_direct_conserved_plus_Dmel_experimental
Stage_neg	N13.HOG0004029	300	final_direct_conserved_plus_Dmel_experimental
Stage_neg	N13.HOG0004270	300	final_direct_conserved_plus_Dmel_experimental
Stage_neg	N13.HOG0004284	300	final_direct_conserved_plus_Dmel_experimental
Stage_neg	N13.HOG0004303	300	final_direct_conserved_plus_Dmel_experimental
Stage_neg	N13.HOG0004312	300	final_direct_conserved_plus_Dmel_experimental
Stage_neg	N13.HOG0004313	300	final_direct_conserved_plus_Dmel_experimental
Stage_neg	N13.HOG0004324	300	final_direct_conserved_plus_Dmel_experimental
Stage_neg	N13.HOG0004368	300	final_direct_conserved_plus_Dmel_experimental
Stage_neg	N13.HOG0004407	300	final_direct_conserved_plus_Dmel_experimental
Stage_neg	N13.HOG0004439	300	final_direct_conserved_plus_Dmel_experimental
Stage_neg	N13.HOG0004584	300	final_direct_conserved_plus_Dmel_experimental
Stage_neg	N13.HOG0004585	300	final_direct_conserved_plus_Dmel_experimental
Stage_neg	N13.HOG0004697	300	final_direct_conserved_plus_Dmel_experimental
Stage_neg	N13.HOG0004734	300	final_direct_conserved_plus_Dmel_experimental
Stage_neg	N13.HOG0004856	300	final_direct_conserved_plus_Dmel_experimental
Stage_neg	N13.HOG0004889	300	final_direct_conserved_plus_Dmel_experimental
Stage_neg	N13.HOG0004930	300	final_direct_conserved_plus_Dmel_experimental
Stage_neg	N13.HOG0004951	300	final_direct_conserved_plus_Dmel_experimental
Stage_neg	N13.HOG0004981	300	final_direct_conserved_plus_Dmel_experimental
Stage_neg	N13.HOG0005008	300	final_direct_conserved_plus_Dmel_experimental
Stage_neg	N13.HOG0005009	300	final_direct_conserved_plus_Dmel_experimental
Stage_neg	N13.HOG0005068	300	final_direct_conserved_plus_Dmel_experimental
Stage_neg	N13.HOG0005148	300	final_direct_conserved_plus_Dmel_experimental
Stage_neg	N13.HOG0005151	300	final_direct_conserved_plus_Dmel_experimental
Stage_neg	N13.HOG0005209	300	final_direct_conserved_plus_Dmel_experimental
Stage_neg	N13.HOG0005272	300	final_direct_conserved_plus_Dmel_experimental
Stage_neg	N13.HOG0005325	300	final_direct_conserved_plus_Dmel_experimental
Stage_neg	N13.HOG0005415	300	final_direct_conserved_plus_Dmel_experimental
Stage_neg	N13.HOG0005486	300	final_direct_conserved_plus_Dmel_experimental
Stage_neg	N13.HOG0005564	300	final_direct_conserved_plus_Dmel_experimental
Stage_neg	N13.HOG0005573	300	final_direct_conserved_plus_Dmel_experimental
Stage_neg	N13.HOG0005593	300	final_direct_conserved_plus_Dmel_experimental
Stage_neg	N13.HOG0005649	300	final_direct_conserved_plus_Dmel_experimental
Stage_neg	N13.HOG0005812	300	final_direct_conserved_plus_Dmel_experimental
Stage_neg	N13.HOG0005816	300	final_direct_conserved_plus_Dmel_experimental
Stage_neg	N13.HOG0005841	300	final_direct_conserved_plus_Dmel_experimental
Stage_neg	N13.HOG0005854	300	final_direct_conserved_plus_Dmel_experimental
Stage_neg	N13.HOG0005936	300	final_direct_conserved_plus_Dmel_experimental
Stage_neg	N13.HOG0005979	300	final_direct_conserved_plus_Dmel_experimental
Stage_neg	N13.HOG0005984	300	final_direct_conserved_plus_Dmel_experimental
Stage_neg	N13.HOG0005994	300	final_direct_conserved_plus_Dmel_experimental
Stage_neg	N13.HOG0006017	300	final_direct_conserved_plus_Dmel_experimental
Stage_neg	N13.HOG0006022	300	final_direct_conserved_plus_Dmel_experimental
Stage_neg	N13.HOG0006038	300	final_direct_conserved_plus_Dmel_experimental
Stage_neg	N13.HOG0006068	300	final_direct_conserved_plus_Dmel_experimental
Stage_neg	N13.HOG0006070	300	final_direct_conserved_plus_Dmel_experimental
Stage_neg	N13.HOG0006097	300	final_direct_conserved_plus_Dmel_experimental
Stage_neg	N13.HOG0006103	300	final_direct_conserved_plus_Dmel_experimental
Stage_neg	N13.HOG0006125	300	final_direct_conserved_plus_Dmel_experimental
Stage_neg	N13.HOG0006128	300	final_direct_conserved_plus_Dmel_experimental
Stage_neg	N13.HOG0006148	300	final_direct_conserved_plus_Dmel_experimental
Stage_neg	N13.HOG0006150	300	final_direct_conserved_plus_Dmel_experimental
Stage_neg	N13.HOG0006164	300	final_direct_conserved_plus_Dmel_experimental
Stage_neg	N13.HOG0006184	300	final_direct_conserved_plus_Dmel_experimental
Stage_neg	N13.HOG0006193	300	final_direct_conserved_plus_Dmel_experimental
Stage_neg	N13.HOG0006239	300	final_direct_conserved_plus_Dmel_experimental
Stage_neg	N13.HOG0006252	300	final_direct_conserved_plus_Dmel_experimental
Stage_neg	N13.HOG0006271	300	final_direct_conserved_plus_Dmel_experimental
Stage_neg	N13.HOG0006272	300	final_direct_conserved_plus_Dmel_experimental
Stage_neg	N13.HOG0006274	300	final_direct_conserved_plus_Dmel_experimental
Stage_neg	N13.HOG0006279	300	final_direct_conserved_plus_Dmel_experimental
Stage_neg	N13.HOG0006302	300	final_direct_conserved_plus_Dmel_experimental
Stage_neg	N13.HOG0006344	300	final_direct_conserved_plus_Dmel_experimental
Stage_neg	N13.HOG0006365	300	final_direct_conserved_plus_Dmel_experimental
Stage_neg	N13.HOG0006379	300	final_direct_conserved_plus_Dmel_experimental
Stage_neg	N13.HOG0006445	300	final_direct_conserved_plus_Dmel_experimental
Stage_neg	N13.HOG0006471	300	final_direct_conserved_plus_Dmel_experimental
Stage_neg	N13.HOG0006472	300	final_direct_conserved_plus_Dmel_experimental
Stage_neg	N13.HOG0006492	300	final_direct_conserved_plus_Dmel_experimental
Stage_neg	N13.HOG0006498	300	final_direct_conserved_plus_Dmel_experimental
Stage_neg	N13.HOG0006509	300	final_direct_conserved_plus_Dmel_experimental
Stage_neg	N13.HOG0006564	300	final_direct_conserved_plus_Dmel_experimental
Stage_neg	N13.HOG0006612	300	final_direct_conserved_plus_Dmel_experimental
Stage_neg	N13.HOG0006628	300	final_direct_conserved_plus_Dmel_experimental
Stage_neg	N13.HOG0006709	300	final_direct_conserved_plus_Dmel_experimental
Stage_neg	N13.HOG0006712	300	final_direct_conserved_plus_Dmel_experimental
Stage_neg	N13.HOG0006748	300	final_direct_conserved_plus_Dmel_experimental
Stage_neg	N13.HOG0006755	300	final_direct_conserved_plus_Dmel_experimental
Stage_neg	N13.HOG0006774	300	final_direct_conserved_plus_Dmel_experimental
Stage_neg	N13.HOG0006787	300	final_direct_conserved_plus_Dmel_experimental
Stage_neg	N13.HOG0006790	300	final_direct_conserved_plus_Dmel_experimental
Stage_neg	N13.HOG0006793	300	final_direct_conserved_plus_Dmel_experimental
Stage_neg	N13.HOG0006807	300	final_direct_conserved_plus_Dmel_experimental
Stage_neg	N13.HOG0006848	300	final_direct_conserved_plus_Dmel_experimental
Stage_neg	N13.HOG0006923	300	final_direct_conserved_plus_Dmel_experimental
Stage_neg	N13.HOG0006930	300	final_direct_conserved_plus_Dmel_experimental
Stage_neg	N13.HOG0006937	300	final_direct_conserved_plus_Dmel_experimental
Stage_neg	N13.HOG0006976	300	final_direct_conserved_plus_Dmel_experimental
Stage_neg	N13.HOG0007041	300	final_direct_conserved_plus_Dmel_experimental
Stage_neg	N13.HOG0007097	300	final_direct_conserved_plus_Dmel_experimental
Stage_neg	N13.HOG0007098	300	final_direct_conserved_plus_Dmel_experimental
Stage_neg	N13.HOG0007119	300	final_direct_conserved_plus_Dmel_experimental
Stage_neg	N13.HOG0007158	300	final_direct_conserved_plus_Dmel_experimental
Stage_neg	N13.HOG0007182	300	final_direct_conserved_plus_Dmel_experimental
Stage_neg	N13.HOG0007188	300	final_direct_conserved_plus_Dmel_experimental
Stage_neg	N13.HOG0007215	300	final_direct_conserved_plus_Dmel_experimental
Stage_neg	N13.HOG0007258	300	final_direct_conserved_plus_Dmel_experimental
Stage_neg	N13.HOG0007272	300	final_direct_conserved_plus_Dmel_experimental
Stage_neg	N13.HOG0007279	300	final_direct_conserved_plus_Dmel_experimental
Stage_neg	N13.HOG0007287	300	final_direct_conserved_plus_Dmel_experimental
Stage_neg	N13.HOG0007318	300	final_direct_conserved_plus_Dmel_experimental
Stage_neg	N13.HOG0007335	300	final_direct_conserved_plus_Dmel_experimental
Stage_neg	N13.HOG0007342	300	final_direct_conserved_plus_Dmel_experimental
Stage_neg	N13.HOG0007344	300	final_direct_conserved_plus_Dmel_experimental
Stage_neg	N13.HOG0007346	300	final_direct_conserved_plus_Dmel_experimental
Stage_neg	N13.HOG0007354	300	final_direct_conserved_plus_Dmel_experimental
Stage_neg	N13.HOG0007394	300	final_direct_conserved_plus_Dmel_experimental
Stage_neg	N13.HOG0007435	300	final_direct_conserved_plus_Dmel_experimental
Stage_neg	N13.HOG0007449	300	final_direct_conserved_plus_Dmel_experimental
Stage_neg	N13.HOG0007477	300	final_direct_conserved_plus_Dmel_experimental
Stage_neg	N13.HOG0007508	300	final_direct_conserved_plus_Dmel_experimental
Stage_neg	N13.HOG0007517	300	final_direct_conserved_plus_Dmel_experimental
Stage_neg	N13.HOG0007520	300	final_direct_conserved_plus_Dmel_experimental
Stage_neg	N13.HOG0007540	300	final_direct_conserved_plus_Dmel_experimental
Stage_neg	N13.HOG0007565	300	final_direct_conserved_plus_Dmel_experimental
Stage_neg	N13.HOG0007567	300	final_direct_conserved_plus_Dmel_experimental
Stage_neg	N13.HOG0007591	300	final_direct_conserved_plus_Dmel_experimental
Stage_neg	N13.HOG0007606	300	final_direct_conserved_plus_Dmel_experimental
Stage_neg	N13.HOG0007631	300	final_direct_conserved_plus_Dmel_experimental
Stage_neg	N13.HOG0007677	300	final_direct_conserved_plus_Dmel_experimental
Stage_neg	N13.HOG0007678	300	final_direct_conserved_plus_Dmel_experimental
Stage_neg	N13.HOG0007712	300	final_direct_conserved_plus_Dmel_experimental
Stage_neg	N13.HOG0007719	300	final_direct_conserved_plus_Dmel_experimental
Stage_neg	N13.HOG0007740	300	final_direct_conserved_plus_Dmel_experimental
Stage_neg	N13.HOG0007822	300	final_direct_conserved_plus_Dmel_experimental
Stage_neg	N13.HOG0007825	300	final_direct_conserved_plus_Dmel_experimental
Stage_neg	N13.HOG0007827	300	final_direct_conserved_plus_Dmel_experimental
Stage_neg	N13.HOG0007845	300	final_direct_conserved_plus_Dmel_experimental
Stage_neg	N13.HOG0007870	300	final_direct_conserved_plus_Dmel_experimental
Stage_neg	N13.HOG0007881	300	final_direct_conserved_plus_Dmel_experimental
Stage_neg	N13.HOG0007898	300	final_direct_conserved_plus_Dmel_experimental
Stage_neg	N13.HOG0008000	300	final_direct_conserved_plus_Dmel_experimental
Stage_neg	N13.HOG0008072	300	final_direct_conserved_plus_Dmel_experimental
Stage_neg	N13.HOG0008085	300	final_direct_conserved_plus_Dmel_experimental
Stage_neg	N13.HOG0008111	300	final_direct_conserved_plus_Dmel_experimental
Stage_neg	N13.HOG0008115	300	final_direct_conserved_plus_Dmel_experimental
Stage_neg	N13.HOG0008173	300	final_direct_conserved_plus_Dmel_experimental
Stage_neg	N13.HOG0008203	300	final_direct_conserved_plus_Dmel_experimental
Stage_neg	N13.HOG0008246	300	final_direct_conserved_plus_Dmel_experimental
Stage_neg	N13.HOG0008321	300	final_direct_conserved_plus_Dmel_experimental
Stage_neg	N13.HOG0008322	300	final_direct_conserved_plus_Dmel_experimental
Stage_neg	N13.HOG0008394	300	final_direct_conserved_plus_Dmel_experimental
Stage_neg	N13.HOG0008408	300	final_direct_conserved_plus_Dmel_experimental
Stage_neg	N13.HOG0008448	300	final_direct_conserved_plus_Dmel_experimental
Stage_neg	N13.HOG0008457	300	final_direct_conserved_plus_Dmel_experimental
Stage_neg	N13.HOG0008487	300	final_direct_conserved_plus_Dmel_experimental
Stage_neg	N13.HOG0008547	300	final_direct_conserved_plus_Dmel_experimental
Stage_neg	N13.HOG0008606	300	final_direct_conserved_plus_Dmel_experimental
Stage_neg	N13.HOG0008615	300	final_direct_conserved_plus_Dmel_experimental
Stage_neg	N13.HOG0008628	300	final_direct_conserved_plus_Dmel_experimental
Stage_neg	N13.HOG0008662	300	final_direct_conserved_plus_Dmel_experimental
Stage_neg	N13.HOG0008697	300	final_direct_conserved_plus_Dmel_experimental
Stage_neg	N13.HOG0008710	300	final_direct_conserved_plus_Dmel_experimental
Stage_neg	N13.HOG0008731	300	final_direct_conserved_plus_Dmel_experimental
Stage_neg	N13.HOG0008739	300	final_direct_conserved_plus_Dmel_experimental
Stage_neg	N13.HOG0008778	300	final_direct_conserved_plus_Dmel_experimental
Stage_neg	N13.HOG0008789	300	final_direct_conserved_plus_Dmel_experimental
Stage_neg	N13.HOG0008805	300	final_direct_conserved_plus_Dmel_experimental
Stage_neg	N13.HOG0008806	300	final_direct_conserved_plus_Dmel_experimental
Stage_neg	N13.HOG0008843	300	final_direct_conserved_plus_Dmel_experimental
Stage_neg	N13.HOG0008848	300	final_direct_conserved_plus_Dmel_experimental
Stage_neg	N13.HOG0008874	300	final_direct_conserved_plus_Dmel_experimental
Stage_neg	N13.HOG0008926	300	final_direct_conserved_plus_Dmel_experimental
Stage_neg	N13.HOG0008929	300	final_direct_conserved_plus_Dmel_experimental
Stage_neg	N13.HOG0008935	300	final_direct_conserved_plus_Dmel_experimental
Stage_neg	N13.HOG0008937	300	final_direct_conserved_plus_Dmel_experimental
Stage_neg	N13.HOG0008950	300	final_direct_conserved_plus_Dmel_experimental
Stage_neg	N13.HOG0008993	300	final_direct_conserved_plus_Dmel_experimental
Stage_neg	N13.HOG0008999	300	final_direct_conserved_plus_Dmel_experimental
Stage_neg	N13.HOG0009000	300	final_direct_conserved_plus_Dmel_experimental
Stage_neg	N13.HOG0009025	300	final_direct_conserved_plus_Dmel_experimental
Stage_neg	N13.HOG0009055	300	final_direct_conserved_plus_Dmel_experimental
Stage_neg	N13.HOG0009115	300	final_direct_conserved_plus_Dmel_experimental
Stage_neg	N13.HOG0009120	300	final_direct_conserved_plus_Dmel_experimental
Stage_neg	N13.HOG0009165	300	final_direct_conserved_plus_Dmel_experimental
Stage_neg	N13.HOG0009171	300	final_direct_conserved_plus_Dmel_experimental
Stage_neg	N13.HOG0009209	300	final_direct_conserved_plus_Dmel_experimental
Stage_neg	N13.HOG0009210	300	final_direct_conserved_plus_Dmel_experimental
Stage_neg	N13.HOG0009221	300	final_direct_conserved_plus_Dmel_experimental
Stage_neg	N13.HOG0009234	300	final_direct_conserved_plus_Dmel_experimental
Stage_neg	N13.HOG0009238	300	final_direct_conserved_plus_Dmel_experimental
Stage_neg	N13.HOG0009258	300	final_direct_conserved_plus_Dmel_experimental
Stage_neg	N13.HOG0009306	300	final_direct_conserved_plus_Dmel_experimental
Stage_neg	N13.HOG0009323	300	final_direct_conserved_plus_Dmel_experimental
Stage_neg	N13.HOG0009371	300	final_direct_conserved_plus_Dmel_experimental
Stage_neg	N13.HOG0009405	300	final_direct_conserved_plus_Dmel_experimental
Stage_neg	N13.HOG0009417	300	final_direct_conserved_plus_Dmel_experimental
Stage_neg	N13.HOG0009427	300	final_direct_conserved_plus_Dmel_experimental
Stage_neg	N13.HOG0009448	300	final_direct_conserved_plus_Dmel_experimental
Stage_neg	N13.HOG0009451	300	final_direct_conserved_plus_Dmel_experimental
Stage_neg	N13.HOG0009535	300	final_direct_conserved_plus_Dmel_experimental
Stage_neg	N13.HOG0009563	300	final_direct_conserved_plus_Dmel_experimental
Stage_neg	N13.HOG0009566	300	final_direct_conserved_plus_Dmel_experimental
Stage_neg	N13.HOG0009568	300	final_direct_conserved_plus_Dmel_experimental
Stage_neg	N13.HOG0009574	300	final_direct_conserved_plus_Dmel_experimental
Stage_neg	N13.HOG0009731	300	final_direct_conserved_plus_Dmel_experimental
Stage_neg	N13.HOG0009740	300	final_direct_conserved_plus_Dmel_experimental
Stage_neg	N13.HOG0009752	300	final_direct_conserved_plus_Dmel_experimental
Stage_neg	N13.HOG0009798	300	final_direct_conserved_plus_Dmel_experimental
Stage_neg	N13.HOG0009819	300	final_direct_conserved_plus_Dmel_experimental
Stage_neg	N13.HOG0009877	300	final_direct_conserved_plus_Dmel_experimental
Stage_neg	N13.HOG0009887	300	final_direct_conserved_plus_Dmel_experimental
Stage_neg	N13.HOG0009924	300	final_direct_conserved_plus_Dmel_experimental
Stage_neg	N13.HOG0009933	300	final_direct_conserved_plus_Dmel_experimental
Stage_neg	N13.HOG0009987	300	final_direct_conserved_plus_Dmel_experimental
Stage_neg	N13.HOG0010004	300	final_direct_conserved_plus_Dmel_experimental
Stage_neg	N13.HOG0010033	300	final_direct_conserved_plus_Dmel_experimental
Stage_neg	N13.HOG0010083	300	final_direct_conserved_plus_Dmel_experimental
Stage_neg	N13.HOG0010093	300	final_direct_conserved_plus_Dmel_experimental
Stage_neg	N13.HOG0010098	300	final_direct_conserved_plus_Dmel_experimental
Stage_neg	N13.HOG0010163	300	final_direct_conserved_plus_Dmel_experimental
Stage_neg	N13.HOG0010175	300	final_direct_conserved_plus_Dmel_experimental
Stage_neg	N13.HOG0010225	300	final_direct_conserved_plus_Dmel_experimental
Stage_neg	N13.HOG0010308	300	final_direct_conserved_plus_Dmel_experimental
Stage_neg	N13.HOG0010323	300	final_direct_conserved_plus_Dmel_experimental
Stage_neg	N13.HOG0010352	300	final_direct_conserved_plus_Dmel_experimental
Stage_neg	N13.HOG0010358	300	final_direct_conserved_plus_Dmel_experimental
Stage_neg	N13.HOG0010386	300	final_direct_conserved_plus_Dmel_experimental
Stage_neg	N13.HOG0010387	300	final_direct_conserved_plus_Dmel_experimental
Stage_neg	N13.HOG0010453	300	final_direct_conserved_plus_Dmel_experimental
Stage_neg	N13.HOG0010499	300	final_direct_conserved_plus_Dmel_experimental
Stage_neg	N13.HOG0010503	300	final_direct_conserved_plus_Dmel_experimental
Stage_neg	N13.HOG0010565	300	final_direct_conserved_plus_Dmel_experimental
Stage_neg	N13.HOG0010587	300	final_direct_conserved_plus_Dmel_experimental
Stage_neg	N13.HOG0010601	300	final_direct_conserved_plus_Dmel_experimental
Stage_neg	N13.HOG0010650	300	final_direct_conserved_plus_Dmel_experimental
Stage_neg	N13.HOG0010663	300	final_direct_conserved_plus_Dmel_experimental
Stage_neg	N13.HOG0010679	300	final_direct_conserved_plus_Dmel_experimental
Stage_neg	N13.HOG0010757	300	final_direct_conserved_plus_Dmel_experimental
Stage_neg	N13.HOG0010889	300	final_direct_conserved_plus_Dmel_experimental
Stage_neg	N13.HOG0010892	300	final_direct_conserved_plus_Dmel_experimental
Stage_neg	N13.HOG0010998	300	final_direct_conserved_plus_Dmel_experimental
Stage_neg	N13.HOG0011098	300	final_direct_conserved_plus_Dmel_experimental
Stage_neg	N13.HOG0011112	300	final_direct_conserved_plus_Dmel_experimental
Stage_neg	N13.HOG0011172	300	final_direct_conserved_plus_Dmel_experimental
Stage_neg	N13.HOG0011184	300	final_direct_conserved_plus_Dmel_experimental
Stage_neg	N13.HOG0011213	300	final_direct_conserved_plus_Dmel_experimental
Stage_neg	N13.HOG0011223	300	final_direct_conserved_plus_Dmel_experimental
Stage_neg	N13.HOG0011255	300	final_direct_conserved_plus_Dmel_experimental
Stage_neg	N13.HOG0011302	300	final_direct_conserved_plus_Dmel_experimental
Stage_neg	N13.HOG0011316	300	final_direct_conserved_plus_Dmel_experimental
Stage_neg	N13.HOG0011342	300	final_direct_conserved_plus_Dmel_experimental
Stage_neg	N13.HOG0011409	300	final_direct_conserved_plus_Dmel_experimental
Stage_neg	N13.HOG0011428	300	final_direct_conserved_plus_Dmel_experimental
Stage_neg	N13.HOG0011446	300	final_direct_conserved_plus_Dmel_experimental
Stage_neg	N13.HOG0011457	300	final_direct_conserved_plus_Dmel_experimental
Stage_neg	N13.HOG0011492	300	final_direct_conserved_plus_Dmel_experimental
Stage_neg	N13.HOG0011651	300	final_direct_conserved_plus_Dmel_experimental
Stage_neg	N13.HOG0011674	300	final_direct_conserved_plus_Dmel_experimental
Stage_neg	N13.HOG0011749	300	final_direct_conserved_plus_Dmel_experimental
Stage_neg	N13.HOG0011755	300	final_direct_conserved_plus_Dmel_experimental
Stage_neg	N13.HOG0011869	300	final_direct_conserved_plus_Dmel_experimental
Stage_neg	N13.HOG0011937	300	final_direct_conserved_plus_Dmel_experimental
Species_pos	N13.HOG0000486	300	final_direct_conserved_plus_Dmel_experimental
Species_pos	N13.HOG0000500	300	final_direct_conserved_plus_Dmel_experimental
Species_pos	N13.HOG0000752	300	final_direct_conserved_plus_Dmel_experimental
Species_pos	N13.HOG0001029	300	final_direct_conserved_plus_Dmel_experimental
Species_pos	N13.HOG0001117	300	final_direct_conserved_plus_Dmel_experimental
Species_pos	N13.HOG0001173	300	final_direct_conserved_plus_Dmel_experimental
Species_pos	N13.HOG0001295	300	final_direct_conserved_plus_Dmel_experimental
Species_pos	N13.HOG0001366	300	final_direct_conserved_plus_Dmel_experimental
Species_pos	N13.HOG0001390	300	final_direct_conserved_plus_Dmel_experimental
Species_pos	N13.HOG0001487	300	final_direct_conserved_plus_Dmel_experimental
Species_pos	N13.HOG0001584	300	final_direct_conserved_plus_Dmel_experimental
Species_pos	N13.HOG0001597	300	final_direct_conserved_plus_Dmel_experimental
Species_pos	N13.HOG0001606	300	final_direct_conserved_plus_Dmel_experimental
Species_pos	N13.HOG0001645	300	final_direct_conserved_plus_Dmel_experimental
Species_pos	N13.HOG0001693	300	final_direct_conserved_plus_Dmel_experimental
Species_pos	N13.HOG0001847	300	final_direct_conserved_plus_Dmel_experimental
Species_pos	N13.HOG0002041	300	final_direct_conserved_plus_Dmel_experimental
Species_pos	N13.HOG0002079	300	final_direct_conserved_plus_Dmel_experimental
Species_pos	N13.HOG0002132	300	final_direct_conserved_plus_Dmel_experimental
Species_pos	N13.HOG0002161	300	final_direct_conserved_plus_Dmel_experimental
Species_pos	N13.HOG0002240	300	final_direct_conserved_plus_Dmel_experimental
Species_pos	N13.HOG0002279	300	final_direct_conserved_plus_Dmel_experimental
Species_pos	N13.HOG0002521	300	final_direct_conserved_plus_Dmel_experimental
Species_pos	N13.HOG0002534	300	final_direct_conserved_plus_Dmel_experimental
Species_pos	N13.HOG0002572	300	final_direct_conserved_plus_Dmel_experimental
Species_pos	N13.HOG0002574	300	final_direct_conserved_plus_Dmel_experimental
Species_pos	N13.HOG0002597	300	final_direct_conserved_plus_Dmel_experimental
Species_pos	N13.HOG0002605	300	final_direct_conserved_plus_Dmel_experimental
Species_pos	N13.HOG0002606	300	final_direct_conserved_plus_Dmel_experimental
Species_pos	N13.HOG0002648	300	final_direct_conserved_plus_Dmel_experimental
Species_pos	N13.HOG0002680	300	final_direct_conserved_plus_Dmel_experimental
Species_pos	N13.HOG0002694	300	final_direct_conserved_plus_Dmel_experimental
Species_pos	N13.HOG0002769	300	final_direct_conserved_plus_Dmel_experimental
Species_pos	N13.HOG0002774	300	final_direct_conserved_plus_Dmel_experimental
Species_pos	N13.HOG0002786	300	final_direct_conserved_plus_Dmel_experimental
Species_pos	N13.HOG0002805	300	final_direct_conserved_plus_Dmel_experimental
Species_pos	N13.HOG0002816	300	final_direct_conserved_plus_Dmel_experimental
Species_pos	N13.HOG0002847	300	final_direct_conserved_plus_Dmel_experimental
Species_pos	N13.HOG0002878	300	final_direct_conserved_plus_Dmel_experimental
Species_pos	N13.HOG0002882	300	final_direct_conserved_plus_Dmel_experimental
Species_pos	N13.HOG0002974	300	final_direct_conserved_plus_Dmel_experimental
Species_pos	N13.HOG0002987	300	final_direct_conserved_plus_Dmel_experimental
Species_pos	N13.HOG0003008	300	final_direct_conserved_plus_Dmel_experimental
Species_pos	N13.HOG0003085	300	final_direct_conserved_plus_Dmel_experimental
Species_pos	N13.HOG0003119	300	final_direct_conserved_plus_Dmel_experimental
Species_pos	N13.HOG0003125	300	final_direct_conserved_plus_Dmel_experimental
Species_pos	N13.HOG0003135	300	final_direct_conserved_plus_Dmel_experimental
Species_pos	N13.HOG0003143	300	final_direct_conserved_plus_Dmel_experimental
Species_pos	N13.HOG0003159	300	final_direct_conserved_plus_Dmel_experimental
Species_pos	N13.HOG0003183	300	final_direct_conserved_plus_Dmel_experimental
Species_pos	N13.HOG0003193	300	final_direct_conserved_plus_Dmel_experimental
Species_pos	N13.HOG0003222	300	final_direct_conserved_plus_Dmel_experimental
Species_pos	N13.HOG0003313	300	final_direct_conserved_plus_Dmel_experimental
Species_pos	N13.HOG0003402	300	final_direct_conserved_plus_Dmel_experimental
Species_pos	N13.HOG0003413	300	final_direct_conserved_plus_Dmel_experimental
Species_pos	N13.HOG0003512	300	final_direct_conserved_plus_Dmel_experimental
Species_pos	N13.HOG0003537	300	final_direct_conserved_plus_Dmel_experimental
Species_pos	N13.HOG0003597	300	final_direct_conserved_plus_Dmel_experimental
Species_pos	N13.HOG0003617	300	final_direct_conserved_plus_Dmel_experimental
Species_pos	N13.HOG0003650	300	final_direct_conserved_plus_Dmel_experimental
Species_pos	N13.HOG0003738	300	final_direct_conserved_plus_Dmel_experimental
Species_pos	N13.HOG0003764	300	final_direct_conserved_plus_Dmel_experimental
Species_pos	N13.HOG0003829	300	final_direct_conserved_plus_Dmel_experimental
Species_pos	N13.HOG0003896	300	final_direct_conserved_plus_Dmel_experimental
Species_pos	N13.HOG0003946	300	final_direct_conserved_plus_Dmel_experimental
Species_pos	N13.HOG0003973	300	final_direct_conserved_plus_Dmel_experimental
Species_pos	N13.HOG0003974	300	final_direct_conserved_plus_Dmel_experimental
Species_pos	N13.HOG0004038	300	final_direct_conserved_plus_Dmel_experimental
Species_pos	N13.HOG0004142	300	final_direct_conserved_plus_Dmel_experimental
Species_pos	N13.HOG0004171	300	final_direct_conserved_plus_Dmel_experimental
Species_pos	N13.HOG0004209	300	final_direct_conserved_plus_Dmel_experimental
Species_pos	N13.HOG0004214	300	final_direct_conserved_plus_Dmel_experimental
Species_pos	N13.HOG0004239	300	final_direct_conserved_plus_Dmel_experimental
Species_pos	N13.HOG0004277	300	final_direct_conserved_plus_Dmel_experimental
Species_pos	N13.HOG0004425	300	final_direct_conserved_plus_Dmel_experimental
Species_pos	N13.HOG0004433	300	final_direct_conserved_plus_Dmel_experimental
Species_pos	N13.HOG0004501	300	final_direct_conserved_plus_Dmel_experimental
Species_pos	N13.HOG0004519	300	final_direct_conserved_plus_Dmel_experimental
Species_pos	N13.HOG0004747	300	final_direct_conserved_plus_Dmel_experimental
Species_pos	N13.HOG0004807	300	final_direct_conserved_plus_Dmel_experimental
Species_pos	N13.HOG0004851	300	final_direct_conserved_plus_Dmel_experimental
Species_pos	N13.HOG0005061	300	final_direct_conserved_plus_Dmel_experimental
Species_pos	N13.HOG0005128	300	final_direct_conserved_plus_Dmel_experimental
Species_pos	N13.HOG0005328	300	final_direct_conserved_plus_Dmel_experimental
Species_pos	N13.HOG0005556	300	final_direct_conserved_plus_Dmel_experimental
Species_pos	N13.HOG0005601	300	final_direct_conserved_plus_Dmel_experimental
Species_pos	N13.HOG0005778	300	final_direct_conserved_plus_Dmel_experimental
Species_pos	N13.HOG0006011	300	final_direct_conserved_plus_Dmel_experimental
Species_pos	N13.HOG0006083	300	final_direct_conserved_plus_Dmel_experimental
Species_pos	N13.HOG0006084	300	final_direct_conserved_plus_Dmel_experimental
Species_pos	N13.HOG0006096	300	final_direct_conserved_plus_Dmel_experimental
Species_pos	N13.HOG0006112	300	final_direct_conserved_plus_Dmel_experimental
Species_pos	N13.HOG0006149	300	final_direct_conserved_plus_Dmel_experimental
Species_pos	N13.HOG0006181	300	final_direct_conserved_plus_Dmel_experimental
Species_pos	N13.HOG0006182	300	final_direct_conserved_plus_Dmel_experimental
Species_pos	N13.HOG0006241	300	final_direct_conserved_plus_Dmel_experimental
Species_pos	N13.HOG0006303	300	final_direct_conserved_plus_Dmel_experimental
Species_pos	N13.HOG0006329	300	final_direct_conserved_plus_Dmel_experimental
Species_pos	N13.HOG0006331	300	final_direct_conserved_plus_Dmel_experimental
Species_pos	N13.HOG0006333	300	final_direct_conserved_plus_Dmel_experimental
Species_pos	N13.HOG0006358	300	final_direct_conserved_plus_Dmel_experimental
Species_pos	N13.HOG0006464	300	final_direct_conserved_plus_Dmel_experimental
Species_pos	N13.HOG0006502	300	final_direct_conserved_plus_Dmel_experimental
Species_pos	N13.HOG0006504	300	final_direct_conserved_plus_Dmel_experimental
Species_pos	N13.HOG0006514	300	final_direct_conserved_plus_Dmel_experimental
Species_pos	N13.HOG0006605	300	final_direct_conserved_plus_Dmel_experimental
Species_pos	N13.HOG0006679	300	final_direct_conserved_plus_Dmel_experimental
Species_pos	N13.HOG0006708	300	final_direct_conserved_plus_Dmel_experimental
Species_pos	N13.HOG0006716	300	final_direct_conserved_plus_Dmel_experimental
Species_pos	N13.HOG0006738	300	final_direct_conserved_plus_Dmel_experimental
Species_pos	N13.HOG0006773	300	final_direct_conserved_plus_Dmel_experimental
Species_pos	N13.HOG0006919	300	final_direct_conserved_plus_Dmel_experimental
Species_pos	N13.HOG0006940	300	final_direct_conserved_plus_Dmel_experimental
Species_pos	N13.HOG0006955	300	final_direct_conserved_plus_Dmel_experimental
Species_pos	N13.HOG0006971	300	final_direct_conserved_plus_Dmel_experimental
Species_pos	N13.HOG0007009	300	final_direct_conserved_plus_Dmel_experimental
Species_pos	N13.HOG0007023	300	final_direct_conserved_plus_Dmel_experimental
Species_pos	N13.HOG0007058	300	final_direct_conserved_plus_Dmel_experimental
Species_pos	N13.HOG0007065	300	final_direct_conserved_plus_Dmel_experimental
Species_pos	N13.HOG0007105	300	final_direct_conserved_plus_Dmel_experimental
Species_pos	N13.HOG0007228	300	final_direct_conserved_plus_Dmel_experimental
Species_pos	N13.HOG0007269	300	final_direct_conserved_plus_Dmel_experimental
Species_pos	N13.HOG0007333	300	final_direct_conserved_plus_Dmel_experimental
Species_pos	N13.HOG0007349	300	final_direct_conserved_plus_Dmel_experimental
Species_pos	N13.HOG0007350	300	final_direct_conserved_plus_Dmel_experimental
Species_pos	N13.HOG0007361	300	final_direct_conserved_plus_Dmel_experimental
Species_pos	N13.HOG0007365	300	final_direct_conserved_plus_Dmel_experimental
Species_pos	N13.HOG0007376	300	final_direct_conserved_plus_Dmel_experimental
Species_pos	N13.HOG0007418	300	final_direct_conserved_plus_Dmel_experimental
Species_pos	N13.HOG0007427	300	final_direct_conserved_plus_Dmel_experimental
Species_pos	N13.HOG0007475	300	final_direct_conserved_plus_Dmel_experimental
Species_pos	N13.HOG0007544	300	final_direct_conserved_plus_Dmel_experimental
Species_pos	N13.HOG0007559	300	final_direct_conserved_plus_Dmel_experimental
Species_pos	N13.HOG0007617	300	final_direct_conserved_plus_Dmel_experimental
Species_pos	N13.HOG0007618	300	final_direct_conserved_plus_Dmel_experimental
Species_pos	N13.HOG0007637	300	final_direct_conserved_plus_Dmel_experimental
Species_pos	N13.HOG0007739	300	final_direct_conserved_plus_Dmel_experimental
Species_pos	N13.HOG0007742	300	final_direct_conserved_plus_Dmel_experimental
Species_pos	N13.HOG0007755	300	final_direct_conserved_plus_Dmel_experimental
Species_pos	N13.HOG0007808	300	final_direct_conserved_plus_Dmel_experimental
Species_pos	N13.HOG0007850	300	final_direct_conserved_plus_Dmel_experimental
Species_pos	N13.HOG0007896	300	final_direct_conserved_plus_Dmel_experimental
Species_pos	N13.HOG0007913	300	final_direct_conserved_plus_Dmel_experimental
Species_pos	N13.HOG0007928	300	final_direct_conserved_plus_Dmel_experimental
Species_pos	N13.HOG0007938	300	final_direct_conserved_plus_Dmel_experimental
Species_pos	N13.HOG0007995	300	final_direct_conserved_plus_Dmel_experimental
Species_pos	N13.HOG0008054	300	final_direct_conserved_plus_Dmel_experimental
Species_pos	N13.HOG0008095	300	final_direct_conserved_plus_Dmel_experimental
Species_pos	N13.HOG0008108	300	final_direct_conserved_plus_Dmel_experimental
Species_pos	N13.HOG0008142	300	final_direct_conserved_plus_Dmel_experimental
Species_pos	N13.HOG0008161	300	final_direct_conserved_plus_Dmel_experimental
Species_pos	N13.HOG0008172	300	final_direct_conserved_plus_Dmel_experimental
Species_pos	N13.HOG0008178	300	final_direct_conserved_plus_Dmel_experimental
Species_pos	N13.HOG0008241	300	final_direct_conserved_plus_Dmel_experimental
Species_pos	N13.HOG0008282	300	final_direct_conserved_plus_Dmel_experimental
Species_pos	N13.HOG0008309	300	final_direct_conserved_plus_Dmel_experimental
Species_pos	N13.HOG0008345	300	final_direct_conserved_plus_Dmel_experimental
Species_pos	N13.HOG0008367	300	final_direct_conserved_plus_Dmel_experimental
Species_pos	N13.HOG0008396	300	final_direct_conserved_plus_Dmel_experimental
Species_pos	N13.HOG0008406	300	final_direct_conserved_plus_Dmel_experimental
Species_pos	N13.HOG0008407	300	final_direct_conserved_plus_Dmel_experimental
Species_pos	N13.HOG0008467	300	final_direct_conserved_plus_Dmel_experimental
Species_pos	N13.HOG0008503	300	final_direct_conserved_plus_Dmel_experimental
Species_pos	N13.HOG0008531	300	final_direct_conserved_plus_Dmel_experimental
Species_pos	N13.HOG0008533	300	final_direct_conserved_plus_Dmel_experimental
Species_pos	N13.HOG0008611	300	final_direct_conserved_plus_Dmel_experimental
Species_pos	N13.HOG0008617	300	final_direct_conserved_plus_Dmel_experimental
Species_pos	N13.HOG0008671	300	final_direct_conserved_plus_Dmel_experimental
Species_pos	N13.HOG0008684	300	final_direct_conserved_plus_Dmel_experimental
Species_pos	N13.HOG0008686	300	final_direct_conserved_plus_Dmel_experimental
Species_pos	N13.HOG0008720	300	final_direct_conserved_plus_Dmel_experimental
Species_pos	N13.HOG0008750	300	final_direct_conserved_plus_Dmel_experimental
Species_pos	N13.HOG0008779	300	final_direct_conserved_plus_Dmel_experimental
Species_pos	N13.HOG0008872	300	final_direct_conserved_plus_Dmel_experimental
Species_pos	N13.HOG0008900	300	final_direct_conserved_plus_Dmel_experimental
Species_pos	N13.HOG0008930	300	final_direct_conserved_plus_Dmel_experimental
Species_pos	N13.HOG0008966	300	final_direct_conserved_plus_Dmel_experimental
Species_pos	N13.HOG0009012	300	final_direct_conserved_plus_Dmel_experimental
Species_pos	N13.HOG0009051	300	final_direct_conserved_plus_Dmel_experimental
Species_pos	N13.HOG0009062	300	final_direct_conserved_plus_Dmel_experimental
Species_pos	N13.HOG0009067	300	final_direct_conserved_plus_Dmel_experimental
Species_pos	N13.HOG0009089	300	final_direct_conserved_plus_Dmel_experimental
Species_pos	N13.HOG0009131	300	final_direct_conserved_plus_Dmel_experimental
Species_pos	N13.HOG0009142	300	final_direct_conserved_plus_Dmel_experimental
Species_pos	N13.HOG0009156	300	final_direct_conserved_plus_Dmel_experimental
Species_pos	N13.HOG0009158	300	final_direct_conserved_plus_Dmel_experimental
Species_pos	N13.HOG0009184	300	final_direct_conserved_plus_Dmel_experimental
Species_pos	N13.HOG0009201	300	final_direct_conserved_plus_Dmel_experimental
Species_pos	N13.HOG0009217	300	final_direct_conserved_plus_Dmel_experimental
Species_pos	N13.HOG0009314	300	final_direct_conserved_plus_Dmel_experimental
Species_pos	N13.HOG0009342	300	final_direct_conserved_plus_Dmel_experimental
Species_pos	N13.HOG0009351	300	final_direct_conserved_plus_Dmel_experimental
Species_pos	N13.HOG0009355	300	final_direct_conserved_plus_Dmel_experimental
Species_pos	N13.HOG0009412	300	final_direct_conserved_plus_Dmel_experimental
Species_pos	N13.HOG0009414	300	final_direct_conserved_plus_Dmel_experimental
Species_pos	N13.HOG0009437	300	final_direct_conserved_plus_Dmel_experimental
Species_pos	N13.HOG0009462	300	final_direct_conserved_plus_Dmel_experimental
Species_pos	N13.HOG0009483	300	final_direct_conserved_plus_Dmel_experimental
Species_pos	N13.HOG0009488	300	final_direct_conserved_plus_Dmel_experimental
Species_pos	N13.HOG0009515	300	final_direct_conserved_plus_Dmel_experimental
Species_pos	N13.HOG0009537	300	final_direct_conserved_plus_Dmel_experimental
Species_pos	N13.HOG0009541	300	final_direct_conserved_plus_Dmel_experimental
Species_pos	N13.HOG0009564	300	final_direct_conserved_plus_Dmel_experimental
Species_pos	N13.HOG0009582	300	final_direct_conserved_plus_Dmel_experimental
Species_pos	N13.HOG0009583	300	final_direct_conserved_plus_Dmel_experimental
Species_pos	N13.HOG0009591	300	final_direct_conserved_plus_Dmel_experimental
Species_pos	N13.HOG0009620	300	final_direct_conserved_plus_Dmel_experimental
Species_pos	N13.HOG0009659	300	final_direct_conserved_plus_Dmel_experimental
Species_pos	N13.HOG0009700	300	final_direct_conserved_plus_Dmel_experimental
Species_pos	N13.HOG0009747	300	final_direct_conserved_plus_Dmel_experimental
Species_pos	N13.HOG0009756	300	final_direct_conserved_plus_Dmel_experimental
Species_pos	N13.HOG0009778	300	final_direct_conserved_plus_Dmel_experimental
Species_pos	N13.HOG0009816	300	final_direct_conserved_plus_Dmel_experimental
Species_pos	N13.HOG0009828	300	final_direct_conserved_plus_Dmel_experimental
Species_pos	N13.HOG0009838	300	final_direct_conserved_plus_Dmel_experimental
Species_pos	N13.HOG0009867	300	final_direct_conserved_plus_Dmel_experimental
Species_pos	N13.HOG0009874	300	final_direct_conserved_plus_Dmel_experimental
Species_pos	N13.HOG0009902	300	final_direct_conserved_plus_Dmel_experimental
Species_pos	N13.HOG0009909	300	final_direct_conserved_plus_Dmel_experimental
Species_pos	N13.HOG0010006	300	final_direct_conserved_plus_Dmel_experimental
Species_pos	N13.HOG0010036	300	final_direct_conserved_plus_Dmel_experimental
Species_pos	N13.HOG0010045	300	final_direct_conserved_plus_Dmel_experimental
Species_pos	N13.HOG0010078	300	final_direct_conserved_plus_Dmel_experimental
Species_pos	N13.HOG0010086	300	final_direct_conserved_plus_Dmel_experimental
Species_pos	N13.HOG0010090	300	final_direct_conserved_plus_Dmel_experimental
Species_pos	N13.HOG0010091	300	final_direct_conserved_plus_Dmel_experimental
Species_pos	N13.HOG0010103	300	final_direct_conserved_plus_Dmel_experimental
Species_pos	N13.HOG0010108	300	final_direct_conserved_plus_Dmel_experimental
Species_pos	N13.HOG0010127	300	final_direct_conserved_plus_Dmel_experimental
Species_pos	N13.HOG0010146	300	final_direct_conserved_plus_Dmel_experimental
Species_pos	N13.HOG0010155	300	final_direct_conserved_plus_Dmel_experimental
Species_pos	N13.HOG0010190	300	final_direct_conserved_plus_Dmel_experimental
Species_pos	N13.HOG0010195	300	final_direct_conserved_plus_Dmel_experimental
Species_pos	N13.HOG0010262	300	final_direct_conserved_plus_Dmel_experimental
Species_pos	N13.HOG0010286	300	final_direct_conserved_plus_Dmel_experimental
Species_pos	N13.HOG0010312	300	final_direct_conserved_plus_Dmel_experimental
Species_pos	N13.HOG0010343	300	final_direct_conserved_plus_Dmel_experimental
Species_pos	N13.HOG0010349	300	final_direct_conserved_plus_Dmel_experimental
Species_pos	N13.HOG0010356	300	final_direct_conserved_plus_Dmel_experimental
Species_pos	N13.HOG0010414	300	final_direct_conserved_plus_Dmel_experimental
Species_pos	N13.HOG0010421	300	final_direct_conserved_plus_Dmel_experimental
Species_pos	N13.HOG0010436	300	final_direct_conserved_plus_Dmel_experimental
Species_pos	N13.HOG0010440	300	final_direct_conserved_plus_Dmel_experimental
Species_pos	N13.HOG0010488	300	final_direct_conserved_plus_Dmel_experimental
Species_pos	N13.HOG0010509	300	final_direct_conserved_plus_Dmel_experimental
Species_pos	N13.HOG0010573	300	final_direct_conserved_plus_Dmel_experimental
Species_pos	N13.HOG0010624	300	final_direct_conserved_plus_Dmel_experimental
Species_pos	N13.HOG0010633	300	final_direct_conserved_plus_Dmel_experimental
Species_pos	N13.HOG0010634	300	final_direct_conserved_plus_Dmel_experimental
Species_pos	N13.HOG0010640	300	final_direct_conserved_plus_Dmel_experimental
Species_pos	N13.HOG0010644	300	final_direct_conserved_plus_Dmel_experimental
Species_pos	N13.HOG0010677	300	final_direct_conserved_plus_Dmel_experimental
Species_pos	N13.HOG0010694	300	final_direct_conserved_plus_Dmel_experimental
Species_pos	N13.HOG0010700	300	final_direct_conserved_plus_Dmel_experimental
Species_pos	N13.HOG0010736	300	final_direct_conserved_plus_Dmel_experimental
Species_pos	N13.HOG0010792	300	final_direct_conserved_plus_Dmel_experimental
Species_pos	N13.HOG0010810	300	final_direct_conserved_plus_Dmel_experimental
Species_pos	N13.HOG0010824	300	final_direct_conserved_plus_Dmel_experimental
Species_pos	N13.HOG0010827	300	final_direct_conserved_plus_Dmel_experimental
Species_pos	N13.HOG0010847	300	final_direct_conserved_plus_Dmel_experimental
Species_pos	N13.HOG0010900	300	final_direct_conserved_plus_Dmel_experimental
Species_pos	N13.HOG0010912	300	final_direct_conserved_plus_Dmel_experimental
Species_pos	N13.HOG0010931	300	final_direct_conserved_plus_Dmel_experimental
Species_pos	N13.HOG0010941	300	final_direct_conserved_plus_Dmel_experimental
Species_pos	N13.HOG0010967	300	final_direct_conserved_plus_Dmel_experimental
Species_pos	N13.HOG0010970	300	final_direct_conserved_plus_Dmel_experimental
Species_pos	N13.HOG0010976	300	final_direct_conserved_plus_Dmel_experimental
Species_pos	N13.HOG0010980	300	final_direct_conserved_plus_Dmel_experimental
Species_pos	N13.HOG0010987	300	final_direct_conserved_plus_Dmel_experimental
Species_pos	N13.HOG0011050	300	final_direct_conserved_plus_Dmel_experimental
Species_pos	N13.HOG0011062	300	final_direct_conserved_plus_Dmel_experimental
Species_pos	N13.HOG0011064	300	final_direct_conserved_plus_Dmel_experimental
Species_pos	N13.HOG0011101	300	final_direct_conserved_plus_Dmel_experimental
Species_pos	N13.HOG0011102	300	final_direct_conserved_plus_Dmel_experimental
Species_pos	N13.HOG0011121	300	final_direct_conserved_plus_Dmel_experimental
Species_pos	N13.HOG0011154	300	final_direct_conserved_plus_Dmel_experimental
Species_pos	N13.HOG0011156	300	final_direct_conserved_plus_Dmel_experimental
Species_pos	N13.HOG0011191	300	final_direct_conserved_plus_Dmel_experimental
Species_pos	N13.HOG0011193	300	final_direct_conserved_plus_Dmel_experimental
Species_pos	N13.HOG0011196	300	final_direct_conserved_plus_Dmel_experimental
Species_pos	N13.HOG0011260	300	final_direct_conserved_plus_Dmel_experimental
Species_pos	N13.HOG0011301	300	final_direct_conserved_plus_Dmel_experimental
Species_pos	N13.HOG0011314	300	final_direct_conserved_plus_Dmel_experimental
Species_pos	N13.HOG0011421	300	final_direct_conserved_plus_Dmel_experimental
Species_pos	N13.HOG0011453	300	final_direct_conserved_plus_Dmel_experimental
Species_pos	N13.HOG0011466	300	final_direct_conserved_plus_Dmel_experimental
Species_pos	N13.HOG0011481	300	final_direct_conserved_plus_Dmel_experimental
Species_pos	N13.HOG0011508	300	final_direct_conserved_plus_Dmel_experimental
Species_pos	N13.HOG0011533	300	final_direct_conserved_plus_Dmel_experimental
Species_pos	N13.HOG0011570	300	final_direct_conserved_plus_Dmel_experimental
Species_pos	N13.HOG0011598	300	final_direct_conserved_plus_Dmel_experimental
Species_pos	N13.HOG0011682	300	final_direct_conserved_plus_Dmel_experimental
Species_pos	N13.HOG0011801	300	final_direct_conserved_plus_Dmel_experimental
Species_pos	N13.HOG0011837	300	final_direct_conserved_plus_Dmel_experimental
Species_pos	N13.HOG0011903	300	final_direct_conserved_plus_Dmel_experimental
Species_pos	N13.HOG0011919	300	final_direct_conserved_plus_Dmel_experimental
Species_pos	N13.HOG0011984	300	final_direct_conserved_plus_Dmel_experimental
Species_pos	N13.HOG0012053	300	final_direct_conserved_plus_Dmel_experimental
Species_pos	N13.HOG0012085	300	final_direct_conserved_plus_Dmel_experimental
Species_pos	N13.HOG0012193	300	final_direct_conserved_plus_Dmel_experimental
Species_neg	N13.HOG0000003	300	final_direct_conserved_plus_Dmel_experimental
Species_neg	N13.HOG0000006	300	final_direct_conserved_plus_Dmel_experimental
Species_neg	N13.HOG0000029	300	final_direct_conserved_plus_Dmel_experimental
Species_neg	N13.HOG0000147	300	final_direct_conserved_plus_Dmel_experimental
Species_neg	N13.HOG0000226	300	final_direct_conserved_plus_Dmel_experimental
Species_neg	N13.HOG0000241	300	final_direct_conserved_plus_Dmel_experimental
Species_neg	N13.HOG0000439	300	final_direct_conserved_plus_Dmel_experimental
Species_neg	N13.HOG0000462	300	final_direct_conserved_plus_Dmel_experimental
Species_neg	N13.HOG0000463	300	final_direct_conserved_plus_Dmel_experimental
Species_neg	N13.HOG0000525	300	final_direct_conserved_plus_Dmel_experimental
Species_neg	N13.HOG0000568	300	final_direct_conserved_plus_Dmel_experimental
Species_neg	N13.HOG0000641	300	final_direct_conserved_plus_Dmel_experimental
Species_neg	N13.HOG0000662	300	final_direct_conserved_plus_Dmel_experimental
Species_neg	N13.HOG0000888	300	final_direct_conserved_plus_Dmel_experimental
Species_neg	N13.HOG0000918	300	final_direct_conserved_plus_Dmel_experimental
Species_neg	N13.HOG0001015	300	final_direct_conserved_plus_Dmel_experimental
Species_neg	N13.HOG0001054	300	final_direct_conserved_plus_Dmel_experimental
Species_neg	N13.HOG0001078	300	final_direct_conserved_plus_Dmel_experimental
Species_neg	N13.HOG0001218	300	final_direct_conserved_plus_Dmel_experimental
Species_neg	N13.HOG0001225	300	final_direct_conserved_plus_Dmel_experimental
Species_neg	N13.HOG0001316	300	final_direct_conserved_plus_Dmel_experimental
Species_neg	N13.HOG0001484	300	final_direct_conserved_plus_Dmel_experimental
Species_neg	N13.HOG0001574	300	final_direct_conserved_plus_Dmel_experimental
Species_neg	N13.HOG0001576	300	final_direct_conserved_plus_Dmel_experimental
Species_neg	N13.HOG0001630	300	final_direct_conserved_plus_Dmel_experimental
Species_neg	N13.HOG0001637	300	final_direct_conserved_plus_Dmel_experimental
Species_neg	N13.HOG0001657	300	final_direct_conserved_plus_Dmel_experimental
Species_neg	N13.HOG0001687	300	final_direct_conserved_plus_Dmel_experimental
Species_neg	N13.HOG0001726	300	final_direct_conserved_plus_Dmel_experimental
Species_neg	N13.HOG0001870	300	final_direct_conserved_plus_Dmel_experimental
Species_neg	N13.HOG0001879	300	final_direct_conserved_plus_Dmel_experimental
Species_neg	N13.HOG0001916	300	final_direct_conserved_plus_Dmel_experimental
Species_neg	N13.HOG0001927	300	final_direct_conserved_plus_Dmel_experimental
Species_neg	N13.HOG0001937	300	final_direct_conserved_plus_Dmel_experimental
Species_neg	N13.HOG0001960	300	final_direct_conserved_plus_Dmel_experimental
Species_neg	N13.HOG0001964	300	final_direct_conserved_plus_Dmel_experimental
Species_neg	N13.HOG0001966	300	final_direct_conserved_plus_Dmel_experimental
Species_neg	N13.HOG0001995	300	final_direct_conserved_plus_Dmel_experimental
Species_neg	N13.HOG0002110	300	final_direct_conserved_plus_Dmel_experimental
Species_neg	N13.HOG0002133	300	final_direct_conserved_plus_Dmel_experimental
Species_neg	N13.HOG0002182	300	final_direct_conserved_plus_Dmel_experimental
Species_neg	N13.HOG0002191	300	final_direct_conserved_plus_Dmel_experimental
Species_neg	N13.HOG0002277	300	final_direct_conserved_plus_Dmel_experimental
Species_neg	N13.HOG0002321	300	final_direct_conserved_plus_Dmel_experimental
Species_neg	N13.HOG0002354	300	final_direct_conserved_plus_Dmel_experimental
Species_neg	N13.HOG0002358	300	final_direct_conserved_plus_Dmel_experimental
Species_neg	N13.HOG0002362	300	final_direct_conserved_plus_Dmel_experimental
Species_neg	N13.HOG0002436	300	final_direct_conserved_plus_Dmel_experimental
Species_neg	N13.HOG0002446	300	final_direct_conserved_plus_Dmel_experimental
Species_neg	N13.HOG0002489	300	final_direct_conserved_plus_Dmel_experimental
Species_neg	N13.HOG0002541	300	final_direct_conserved_plus_Dmel_experimental
Species_neg	N13.HOG0002624	300	final_direct_conserved_plus_Dmel_experimental
Species_neg	N13.HOG0002647	300	final_direct_conserved_plus_Dmel_experimental
Species_neg	N13.HOG0002679	300	final_direct_conserved_plus_Dmel_experimental
Species_neg	N13.HOG0002889	300	final_direct_conserved_plus_Dmel_experimental
Species_neg	N13.HOG0002901	300	final_direct_conserved_plus_Dmel_experimental
Species_neg	N13.HOG0002967	300	final_direct_conserved_plus_Dmel_experimental
Species_neg	N13.HOG0002992	300	final_direct_conserved_plus_Dmel_experimental
Species_neg	N13.HOG0002996	300	final_direct_conserved_plus_Dmel_experimental
Species_neg	N13.HOG0003006	300	final_direct_conserved_plus_Dmel_experimental
Species_neg	N13.HOG0003027	300	final_direct_conserved_plus_Dmel_experimental
Species_neg	N13.HOG0003056	300	final_direct_conserved_plus_Dmel_experimental
Species_neg	N13.HOG0003129	300	final_direct_conserved_plus_Dmel_experimental
Species_neg	N13.HOG0003170	300	final_direct_conserved_plus_Dmel_experimental
Species_neg	N13.HOG0003175	300	final_direct_conserved_plus_Dmel_experimental
Species_neg	N13.HOG0003199	300	final_direct_conserved_plus_Dmel_experimental
Species_neg	N13.HOG0003263	300	final_direct_conserved_plus_Dmel_experimental
Species_neg	N13.HOG0003274	300	final_direct_conserved_plus_Dmel_experimental
Species_neg	N13.HOG0003280	300	final_direct_conserved_plus_Dmel_experimental
Species_neg	N13.HOG0003339	300	final_direct_conserved_plus_Dmel_experimental
Species_neg	N13.HOG0003374	300	final_direct_conserved_plus_Dmel_experimental
Species_neg	N13.HOG0003379	300	final_direct_conserved_plus_Dmel_experimental
Species_neg	N13.HOG0003424	300	final_direct_conserved_plus_Dmel_experimental
Species_neg	N13.HOG0003440	300	final_direct_conserved_plus_Dmel_experimental
Species_neg	N13.HOG0003492	300	final_direct_conserved_plus_Dmel_experimental
Species_neg	N13.HOG0003522	300	final_direct_conserved_plus_Dmel_experimental
Species_neg	N13.HOG0003534	300	final_direct_conserved_plus_Dmel_experimental
Species_neg	N13.HOG0003574	300	final_direct_conserved_plus_Dmel_experimental
Species_neg	N13.HOG0003590	300	final_direct_conserved_plus_Dmel_experimental
Species_neg	N13.HOG0003657	300	final_direct_conserved_plus_Dmel_experimental
Species_neg	N13.HOG0003663	300	final_direct_conserved_plus_Dmel_experimental
Species_neg	N13.HOG0003686	300	final_direct_conserved_plus_Dmel_experimental
Species_neg	N13.HOG0003771	300	final_direct_conserved_plus_Dmel_experimental
Species_neg	N13.HOG0003781	300	final_direct_conserved_plus_Dmel_experimental
Species_neg	N13.HOG0003795	300	final_direct_conserved_plus_Dmel_experimental
Species_neg	N13.HOG0003909	300	final_direct_conserved_plus_Dmel_experimental
Species_neg	N13.HOG0003925	300	final_direct_conserved_plus_Dmel_experimental
Species_neg	N13.HOG0003940	300	final_direct_conserved_plus_Dmel_experimental
Species_neg	N13.HOG0003944	300	final_direct_conserved_plus_Dmel_experimental
Species_neg	N13.HOG0003969	300	final_direct_conserved_plus_Dmel_experimental
Species_neg	N13.HOG0004098	300	final_direct_conserved_plus_Dmel_experimental
Species_neg	N13.HOG0004112	300	final_direct_conserved_plus_Dmel_experimental
Species_neg	N13.HOG0004124	300	final_direct_conserved_plus_Dmel_experimental
Species_neg	N13.HOG0004155	300	final_direct_conserved_plus_Dmel_experimental
Species_neg	N13.HOG0004159	300	final_direct_conserved_plus_Dmel_experimental
Species_neg	N13.HOG0004176	300	final_direct_conserved_plus_Dmel_experimental
Species_neg	N13.HOG0004210	300	final_direct_conserved_plus_Dmel_experimental
Species_neg	N13.HOG0004271	300	final_direct_conserved_plus_Dmel_experimental
Species_neg	N13.HOG0004295	300	final_direct_conserved_plus_Dmel_experimental
Species_neg	N13.HOG0004355	300	final_direct_conserved_plus_Dmel_experimental
Species_neg	N13.HOG0004359	300	final_direct_conserved_plus_Dmel_experimental
Species_neg	N13.HOG0004377	300	final_direct_conserved_plus_Dmel_experimental
Species_neg	N13.HOG0004456	300	final_direct_conserved_plus_Dmel_experimental
Species_neg	N13.HOG0004457	300	final_direct_conserved_plus_Dmel_experimental
Species_neg	N13.HOG0004475	300	final_direct_conserved_plus_Dmel_experimental
Species_neg	N13.HOG0004494	300	final_direct_conserved_plus_Dmel_experimental
Species_neg	N13.HOG0004578	300	final_direct_conserved_plus_Dmel_experimental
Species_neg	N13.HOG0004616	300	final_direct_conserved_plus_Dmel_experimental
Species_neg	N13.HOG0004665	300	final_direct_conserved_plus_Dmel_experimental
Species_neg	N13.HOG0004698	300	final_direct_conserved_plus_Dmel_experimental
Species_neg	N13.HOG0004717	300	final_direct_conserved_plus_Dmel_experimental
Species_neg	N13.HOG0004763	300	final_direct_conserved_plus_Dmel_experimental
Species_neg	N13.HOG0004793	300	final_direct_conserved_plus_Dmel_experimental
Species_neg	N13.HOG0004799	300	final_direct_conserved_plus_Dmel_experimental
Species_neg	N13.HOG0004917	300	final_direct_conserved_plus_Dmel_experimental
Species_neg	N13.HOG0004964	300	final_direct_conserved_plus_Dmel_experimental
Species_neg	N13.HOG0004987	300	final_direct_conserved_plus_Dmel_experimental
Species_neg	N13.HOG0005063	300	final_direct_conserved_plus_Dmel_experimental
Species_neg	N13.HOG0005074	300	final_direct_conserved_plus_Dmel_experimental
Species_neg	N13.HOG0005152	300	final_direct_conserved_plus_Dmel_experimental
Species_neg	N13.HOG0005162	300	final_direct_conserved_plus_Dmel_experimental
Species_neg	N13.HOG0005197	300	final_direct_conserved_plus_Dmel_experimental
Species_neg	N13.HOG0005200	300	final_direct_conserved_plus_Dmel_experimental
Species_neg	N13.HOG0005231	300	final_direct_conserved_plus_Dmel_experimental
Species_neg	N13.HOG0005249	300	final_direct_conserved_plus_Dmel_experimental
Species_neg	N13.HOG0005268	300	final_direct_conserved_plus_Dmel_experimental
Species_neg	N13.HOG0005271	300	final_direct_conserved_plus_Dmel_experimental
Species_neg	N13.HOG0005308	300	final_direct_conserved_plus_Dmel_experimental
Species_neg	N13.HOG0005412	300	final_direct_conserved_plus_Dmel_experimental
Species_neg	N13.HOG0005433	300	final_direct_conserved_plus_Dmel_experimental
Species_neg	N13.HOG0005456	300	final_direct_conserved_plus_Dmel_experimental
Species_neg	N13.HOG0005478	300	final_direct_conserved_plus_Dmel_experimental
Species_neg	N13.HOG0005509	300	final_direct_conserved_plus_Dmel_experimental
Species_neg	N13.HOG0005517	300	final_direct_conserved_plus_Dmel_experimental
Species_neg	N13.HOG0005656	300	final_direct_conserved_plus_Dmel_experimental
Species_neg	N13.HOG0005675	300	final_direct_conserved_plus_Dmel_experimental
Species_neg	N13.HOG0005680	300	final_direct_conserved_plus_Dmel_experimental
Species_neg	N13.HOG0005686	300	final_direct_conserved_plus_Dmel_experimental
Species_neg	N13.HOG0005757	300	final_direct_conserved_plus_Dmel_experimental
Species_neg	N13.HOG0005765	300	final_direct_conserved_plus_Dmel_experimental
Species_neg	N13.HOG0005772	300	final_direct_conserved_plus_Dmel_experimental
Species_neg	N13.HOG0005789	300	final_direct_conserved_plus_Dmel_experimental
Species_neg	N13.HOG0005900	300	final_direct_conserved_plus_Dmel_experimental
Species_neg	N13.HOG0005923	300	final_direct_conserved_plus_Dmel_experimental
Species_neg	N13.HOG0005987	300	final_direct_conserved_plus_Dmel_experimental
Species_neg	N13.HOG0006016	300	final_direct_conserved_plus_Dmel_experimental
Species_neg	N13.HOG0006162	300	final_direct_conserved_plus_Dmel_experimental
Species_neg	N13.HOG0006199	300	final_direct_conserved_plus_Dmel_experimental
Species_neg	N13.HOG0006255	300	final_direct_conserved_plus_Dmel_experimental
Species_neg	N13.HOG0006266	300	final_direct_conserved_plus_Dmel_experimental
Species_neg	N13.HOG0006321	300	final_direct_conserved_plus_Dmel_experimental
Species_neg	N13.HOG0006418	300	final_direct_conserved_plus_Dmel_experimental
Species_neg	N13.HOG0006546	300	final_direct_conserved_plus_Dmel_experimental
Species_neg	N13.HOG0006572	300	final_direct_conserved_plus_Dmel_experimental
Species_neg	N13.HOG0006573	300	final_direct_conserved_plus_Dmel_experimental
Species_neg	N13.HOG0006641	300	final_direct_conserved_plus_Dmel_experimental
Species_neg	N13.HOG0006799	300	final_direct_conserved_plus_Dmel_experimental
Species_neg	N13.HOG0006809	300	final_direct_conserved_plus_Dmel_experimental
Species_neg	N13.HOG0006878	300	final_direct_conserved_plus_Dmel_experimental
Species_neg	N13.HOG0006889	300	final_direct_conserved_plus_Dmel_experimental
Species_neg	N13.HOG0006900	300	final_direct_conserved_plus_Dmel_experimental
Species_neg	N13.HOG0006958	300	final_direct_conserved_plus_Dmel_experimental
Species_neg	N13.HOG0006977	300	final_direct_conserved_plus_Dmel_experimental
Species_neg	N13.HOG0006978	300	final_direct_conserved_plus_Dmel_experimental
Species_neg	N13.HOG0006995	300	final_direct_conserved_plus_Dmel_experimental
Species_neg	N13.HOG0007066	300	final_direct_conserved_plus_Dmel_experimental
Species_neg	N13.HOG0007071	300	final_direct_conserved_plus_Dmel_experimental
Species_neg	N13.HOG0007112	300	final_direct_conserved_plus_Dmel_experimental
Species_neg	N13.HOG0007144	300	final_direct_conserved_plus_Dmel_experimental
Species_neg	N13.HOG0007196	300	final_direct_conserved_plus_Dmel_experimental
Species_neg	N13.HOG0007218	300	final_direct_conserved_plus_Dmel_experimental
Species_neg	N13.HOG0007236	300	final_direct_conserved_plus_Dmel_experimental
Species_neg	N13.HOG0007241	300	final_direct_conserved_plus_Dmel_experimental
Species_neg	N13.HOG0007307	300	final_direct_conserved_plus_Dmel_experimental
Species_neg	N13.HOG0007343	300	final_direct_conserved_plus_Dmel_experimental
Species_neg	N13.HOG0007375	300	final_direct_conserved_plus_Dmel_experimental
Species_neg	N13.HOG0007420	300	final_direct_conserved_plus_Dmel_experimental
Species_neg	N13.HOG0007425	300	final_direct_conserved_plus_Dmel_experimental
Species_neg	N13.HOG0007429	300	final_direct_conserved_plus_Dmel_experimental
Species_neg	N13.HOG0007465	300	final_direct_conserved_plus_Dmel_experimental
Species_neg	N13.HOG0007482	300	final_direct_conserved_plus_Dmel_experimental
Species_neg	N13.HOG0007529	300	final_direct_conserved_plus_Dmel_experimental
Species_neg	N13.HOG0007570	300	final_direct_conserved_plus_Dmel_experimental
Species_neg	N13.HOG0007597	300	final_direct_conserved_plus_Dmel_experimental
Species_neg	N13.HOG0007620	300	final_direct_conserved_plus_Dmel_experimental
Species_neg	N13.HOG0007775	300	final_direct_conserved_plus_Dmel_experimental
Species_neg	N13.HOG0007817	300	final_direct_conserved_plus_Dmel_experimental
Species_neg	N13.HOG0007852	300	final_direct_conserved_plus_Dmel_experimental
Species_neg	N13.HOG0007871	300	final_direct_conserved_plus_Dmel_experimental
Species_neg	N13.HOG0007880	300	final_direct_conserved_plus_Dmel_experimental
Species_neg	N13.HOG0007884	300	final_direct_conserved_plus_Dmel_experimental
Species_neg	N13.HOG0007914	300	final_direct_conserved_plus_Dmel_experimental
Species_neg	N13.HOG0007947	300	final_direct_conserved_plus_Dmel_experimental
Species_neg	N13.HOG0008008	300	final_direct_conserved_plus_Dmel_experimental
Species_neg	N13.HOG0008027	300	final_direct_conserved_plus_Dmel_experimental
Species_neg	N13.HOG0008042	300	final_direct_conserved_plus_Dmel_experimental
Species_neg	N13.HOG0008052	300	final_direct_conserved_plus_Dmel_experimental
Species_neg	N13.HOG0008107	300	final_direct_conserved_plus_Dmel_experimental
Species_neg	N13.HOG0008154	300	final_direct_conserved_plus_Dmel_experimental
Species_neg	N13.HOG0008344	300	final_direct_conserved_plus_Dmel_experimental
Species_neg	N13.HOG0008369	300	final_direct_conserved_plus_Dmel_experimental
Species_neg	N13.HOG0008372	300	final_direct_conserved_plus_Dmel_experimental
Species_neg	N13.HOG0008374	300	final_direct_conserved_plus_Dmel_experimental
Species_neg	N13.HOG0008402	300	final_direct_conserved_plus_Dmel_experimental
Species_neg	N13.HOG0008417	300	final_direct_conserved_plus_Dmel_experimental
Species_neg	N13.HOG0008464	300	final_direct_conserved_plus_Dmel_experimental
Species_neg	N13.HOG0008524	300	final_direct_conserved_plus_Dmel_experimental
Species_neg	N13.HOG0008548	300	final_direct_conserved_plus_Dmel_experimental
Species_neg	N13.HOG0008549	300	final_direct_conserved_plus_Dmel_experimental
Species_neg	N13.HOG0008570	300	final_direct_conserved_plus_Dmel_experimental
Species_neg	N13.HOG0008577	300	final_direct_conserved_plus_Dmel_experimental
Species_neg	N13.HOG0008610	300	final_direct_conserved_plus_Dmel_experimental
Species_neg	N13.HOG0008640	300	final_direct_conserved_plus_Dmel_experimental
Species_neg	N13.HOG0008654	300	final_direct_conserved_plus_Dmel_experimental
Species_neg	N13.HOG0008693	300	final_direct_conserved_plus_Dmel_experimental
Species_neg	N13.HOG0008705	300	final_direct_conserved_plus_Dmel_experimental
Species_neg	N13.HOG0008740	300	final_direct_conserved_plus_Dmel_experimental
Species_neg	N13.HOG0008745	300	final_direct_conserved_plus_Dmel_experimental
Species_neg	N13.HOG0008764	300	final_direct_conserved_plus_Dmel_experimental
Species_neg	N13.HOG0008790	300	final_direct_conserved_plus_Dmel_experimental
Species_neg	N13.HOG0008831	300	final_direct_conserved_plus_Dmel_experimental
Species_neg	N13.HOG0008842	300	final_direct_conserved_plus_Dmel_experimental
Species_neg	N13.HOG0008886	300	final_direct_conserved_plus_Dmel_experimental
Species_neg	N13.HOG0008940	300	final_direct_conserved_plus_Dmel_experimental
Species_neg	N13.HOG0008955	300	final_direct_conserved_plus_Dmel_experimental
Species_neg	N13.HOG0009052	300	final_direct_conserved_plus_Dmel_experimental
Species_neg	N13.HOG0009126	300	final_direct_conserved_plus_Dmel_experimental
Species_neg	N13.HOG0009130	300	final_direct_conserved_plus_Dmel_experimental
Species_neg	N13.HOG0009143	300	final_direct_conserved_plus_Dmel_experimental
Species_neg	N13.HOG0009151	300	final_direct_conserved_plus_Dmel_experimental
Species_neg	N13.HOG0009160	300	final_direct_conserved_plus_Dmel_experimental
Species_neg	N13.HOG0009208	300	final_direct_conserved_plus_Dmel_experimental
Species_neg	N13.HOG0009233	300	final_direct_conserved_plus_Dmel_experimental
Species_neg	N13.HOG0009239	300	final_direct_conserved_plus_Dmel_experimental
Species_neg	N13.HOG0009241	300	final_direct_conserved_plus_Dmel_experimental
Species_neg	N13.HOG0009260	300	final_direct_conserved_plus_Dmel_experimental
Species_neg	N13.HOG0009264	300	final_direct_conserved_plus_Dmel_experimental
Species_neg	N13.HOG0009283	300	final_direct_conserved_plus_Dmel_experimental
Species_neg	N13.HOG0009316	300	final_direct_conserved_plus_Dmel_experimental
Species_neg	N13.HOG0009329	300	final_direct_conserved_plus_Dmel_experimental
Species_neg	N13.HOG0009341	300	final_direct_conserved_plus_Dmel_experimental
Species_neg	N13.HOG0009402	300	final_direct_conserved_plus_Dmel_experimental
Species_neg	N13.HOG0009455	300	final_direct_conserved_plus_Dmel_experimental
Species_neg	N13.HOG0009490	300	final_direct_conserved_plus_Dmel_experimental
Species_neg	N13.HOG0009523	300	final_direct_conserved_plus_Dmel_experimental
Species_neg	N13.HOG0009562	300	final_direct_conserved_plus_Dmel_experimental
Species_neg	N13.HOG0009623	300	final_direct_conserved_plus_Dmel_experimental
Species_neg	N13.HOG0009629	300	final_direct_conserved_plus_Dmel_experimental
Species_neg	N13.HOG0009637	300	final_direct_conserved_plus_Dmel_experimental
Species_neg	N13.HOG0009683	300	final_direct_conserved_plus_Dmel_experimental
Species_neg	N13.HOG0009746	300	final_direct_conserved_plus_Dmel_experimental
Species_neg	N13.HOG0009767	300	final_direct_conserved_plus_Dmel_experimental
Species_neg	N13.HOG0009910	300	final_direct_conserved_plus_Dmel_experimental
Species_neg	N13.HOG0009922	300	final_direct_conserved_plus_Dmel_experimental
Species_neg	N13.HOG0009994	300	final_direct_conserved_plus_Dmel_experimental
Species_neg	N13.HOG0010040	300	final_direct_conserved_plus_Dmel_experimental
Species_neg	N13.HOG0010066	300	final_direct_conserved_plus_Dmel_experimental
Species_neg	N13.HOG0010099	300	final_direct_conserved_plus_Dmel_experimental
Species_neg	N13.HOG0010111	300	final_direct_conserved_plus_Dmel_experimental
Species_neg	N13.HOG0010139	300	final_direct_conserved_plus_Dmel_experimental
Species_neg	N13.HOG0010177	300	final_direct_conserved_plus_Dmel_experimental
Species_neg	N13.HOG0010415	300	final_direct_conserved_plus_Dmel_experimental
Species_neg	N13.HOG0010444	300	final_direct_conserved_plus_Dmel_experimental
Species_neg	N13.HOG0010480	300	final_direct_conserved_plus_Dmel_experimental
Species_neg	N13.HOG0010484	300	final_direct_conserved_plus_Dmel_experimental
Species_neg	N13.HOG0010515	300	final_direct_conserved_plus_Dmel_experimental
Species_neg	N13.HOG0010522	300	final_direct_conserved_plus_Dmel_experimental
Species_neg	N13.HOG0010559	300	final_direct_conserved_plus_Dmel_experimental
Species_neg	N13.HOG0010575	300	final_direct_conserved_plus_Dmel_experimental
Species_neg	N13.HOG0010662	300	final_direct_conserved_plus_Dmel_experimental
Species_neg	N13.HOG0010717	300	final_direct_conserved_plus_Dmel_experimental
Species_neg	N13.HOG0010726	300	final_direct_conserved_plus_Dmel_experimental
Species_neg	N13.HOG0010830	300	final_direct_conserved_plus_Dmel_experimental
Species_neg	N13.HOG0010874	300	final_direct_conserved_plus_Dmel_experimental
Species_neg	N13.HOG0010922	300	final_direct_conserved_plus_Dmel_experimental
Species_neg	N13.HOG0010935	300	final_direct_conserved_plus_Dmel_experimental
Species_neg	N13.HOG0010937	300	final_direct_conserved_plus_Dmel_experimental
Species_neg	N13.HOG0010953	300	final_direct_conserved_plus_Dmel_experimental
Species_neg	N13.HOG0010961	300	final_direct_conserved_plus_Dmel_experimental
Species_neg	N13.HOG0010994	300	final_direct_conserved_plus_Dmel_experimental
Species_neg	N13.HOG0011039	300	final_direct_conserved_plus_Dmel_experimental
Species_neg	N13.HOG0011041	300	final_direct_conserved_plus_Dmel_experimental
Species_neg	N13.HOG0011049	300	final_direct_conserved_plus_Dmel_experimental
Species_neg	N13.HOG0011077	300	final_direct_conserved_plus_Dmel_experimental
Species_neg	N13.HOG0011198	300	final_direct_conserved_plus_Dmel_experimental
Species_neg	N13.HOG0011202	300	final_direct_conserved_plus_Dmel_experimental
Species_neg	N13.HOG0011222	300	final_direct_conserved_plus_Dmel_experimental
Species_neg	N13.HOG0011227	300	final_direct_conserved_plus_Dmel_experimental
Species_neg	N13.HOG0011296	300	final_direct_conserved_plus_Dmel_experimental
Species_neg	N13.HOG0011324	300	final_direct_conserved_plus_Dmel_experimental
Species_neg	N13.HOG0011337	300	final_direct_conserved_plus_Dmel_experimental
Species_neg	N13.HOG0011448	300	final_direct_conserved_plus_Dmel_experimental
Species_neg	N13.HOG0011460	300	final_direct_conserved_plus_Dmel_experimental
Species_neg	N13.HOG0011611	300	final_direct_conserved_plus_Dmel_experimental
Species_neg	N13.HOG0011662	300	final_direct_conserved_plus_Dmel_experimental
Species_neg	N13.HOG0011787	300	final_direct_conserved_plus_Dmel_experimental
Species_neg	N13.HOG0011795	300	final_direct_conserved_plus_Dmel_experimental
Species_neg	N13.HOG0011844	300	final_direct_conserved_plus_Dmel_experimental
Species_neg	N13.HOG0011973	300	final_direct_conserved_plus_Dmel_experimental
Species_neg	N13.HOG0012345	300	final_direct_conserved_plus_Dmel_experimental
