species	term	gene
pd	map04080	LOC107063613
pd	map05165	LOC107063614
pd	map05410	LOC107063615
pd	map05414	LOC107063615
pd	map04624	LOC107063618
pd	map04622	LOC107063619
pd	map05161	LOC107063619
pd	map05203	LOC107063619
pd	map04624	LOC107063620
pd	map00190	LOC107063625
pd	map01100	LOC107063625
pd	map04714	LOC107063625
pd	map00230	LOC107063627
pd	map04024	LOC107063627
pd	map05032	LOC107063627
pd	map04614	LOC107063631
pd	map04114	LOC107063633
pd	map04320	LOC107063633
pd	map04914	LOC107063633
pd	map00130	LOC107063639
pd	map01100	LOC107063639
pd	map01110	LOC107063639
pd	map04120	LOC107063642
pd	map00532	LOC107063644
pd	map03050	LOC107063646
pd	map03013	LOC107063648
pd	map05164	LOC107063648
pd	map04111	LOC107063649
pd	map04113	LOC107063649
pd	map00230	LOC107063656
pd	map00562	LOC107063657
pd	map01100	LOC107063657
pd	map04070	LOC107063657
pd	map04140	LOC107063657
pd	map04146	LOC107063658
pd	map04010	LOC107063659
pd	map04014	LOC107063659
pd	map04015	LOC107063659
pd	map04024	LOC107063659
pd	map04062	LOC107063659
pd	map04510	LOC107063659
pd	map04530	LOC107063659
pd	map04611	LOC107063659
pd	map04670	LOC107063659
pd	map04720	LOC107063659
pd	map04722	LOC107063659
pd	map04934	LOC107063659
pd	map04972	LOC107063659
pd	map05211	LOC107063659
pd	map04614	LOC107063662
pd	map04640	LOC107063662
pd	map04974	LOC107063662
pd	map05010	LOC107063662
pd	map03320	LOC107063663
pd	map04214	LOC107063663
pd	map04931	LOC107063663
pd	map04932	LOC107063663
pd	map05160	LOC107063663
pd	map00230	LOC107063666
pd	map04024	LOC107063666
pd	map05032	LOC107063666
pd	map04070	LOC107063670
pd	map04138	LOC107063670
pd	map00940	LOC107063671
pd	map01100	LOC107063671
pd	map01110	LOC107063671
pd	map04310	LOC107063672
pd	map00780	LOC107063674
pd	map01100	LOC107063674
pd	map03030	LOC107063675
pd	map04110	LOC107063675
pd	map04111	LOC107063675
pd	map04113	LOC107063675
pd	map04624	LOC107063678
pd	map00010	LOC107063679
pd	map00040	LOC107063679
pd	map00561	LOC107063679
pd	map00930	LOC107063679
pd	map01100	LOC107063679
pd	map01110	LOC107063679
pd	map01120	LOC107063679
pd	map01130	LOC107063679
pd	map01220	LOC107063679
pd	map04013	LOC107063682
pd	map04216	LOC107063689
pd	map04217	LOC107063689
pd	map04978	LOC107063689
pd	map00562	LOC107063690
pd	map01100	LOC107063690
pd	map01521	LOC107063690
pd	map04012	LOC107063690
pd	map04014	LOC107063690
pd	map04015	LOC107063690
pd	map04020	LOC107063690
pd	map04064	LOC107063690
pd	map04066	LOC107063690
pd	map04070	LOC107063690
pd	map04072	LOC107063690
pd	map04360	LOC107063690
pd	map04370	LOC107063690
pd	map04380	LOC107063690
pd	map04611	LOC107063690
pd	map04650	LOC107063690
pd	map04658	LOC107063690
pd	map04659	LOC107063690
pd	map04660	LOC107063690
pd	map04662	LOC107063690
pd	map04664	LOC107063690
pd	map04666	LOC107063690
pd	map04670	LOC107063690
pd	map04722	LOC107063690
pd	map04750	LOC107063690
pd	map04919	LOC107063690
pd	map04933	LOC107063690
pd	map05110	LOC107063690
pd	map05120	LOC107063690
pd	map05167	LOC107063690
pd	map05169	LOC107063690
pd	map05200	LOC107063690
pd	map05205	LOC107063690
pd	map05206	LOC107063690
pd	map05214	LOC107063690
pd	map05223	LOC107063690
pd	map05225	LOC107063690
pd	map05231	LOC107063690
pd	map00130	LOC107063693
pd	map01100	LOC107063693
pd	map01110	LOC107063693
pd	map04514	LOC107063694
pd	map00130	LOC107063700
pd	map01100	LOC107063700
pd	map01110	LOC107063700
pd	map00230	LOC107063704
pd	map00232	LOC107063704
pd	map00983	LOC107063704
pd	map01100	LOC107063704
pd	map01110	LOC107063704
pd	map01120	LOC107063704
pd	map04146	LOC107063704
pd	map00230	LOC107063705
pd	map00232	LOC107063705
pd	map00983	LOC107063705
pd	map01100	LOC107063705
pd	map01110	LOC107063705
pd	map01120	LOC107063705
pd	map04146	LOC107063705
pd	map00480	LOC107063707
pd	map00590	LOC107063707
pd	map00980	LOC107063707
pd	map00982	LOC107063707
pd	map00983	LOC107063707
pd	map01100	LOC107063707
pd	map01524	LOC107063707
pd	map05200	LOC107063707
pd	map05204	LOC107063707
pd	map05225	LOC107063707
pd	map05418	LOC107063707
pd	map00020	LOC107063709
pd	map00190	LOC107063709
pd	map01100	LOC107063709
pd	map01110	LOC107063709
pd	map01120	LOC107063709
pd	map01130	LOC107063709
pd	map01200	LOC107063709
pd	map04141	LOC107063709
pd	map04714	LOC107063709
pd	map04932	LOC107063709
pd	map05010	LOC107063709
pd	map05012	LOC107063709
pd	map05016	LOC107063709
pd	map00790	LOC107063710
pd	map04614	LOC107063711
pd	map00500	LOC107063715
pd	map01100	LOC107063715
pd	map04151	LOC107063715
pd	map04152	LOC107063715
pd	map04910	LOC107063715
pd	map04922	LOC107063715
pd	map04931	LOC107063715
pd	map03010	LOC107063719
pd	map00500	LOC107063721
pd	map01100	LOC107063721
pd	map01110	LOC107063721
pd	map00790	LOC107063726
pd	map01100	LOC107063726
pd	map04122	LOC107063726
pd	map03013	LOC107063728
pd	map05200	LOC107063728
pd	map05216	LOC107063728
pd	map04740	LOC107063730
pd	map05016	LOC107063731
pd	map00860	LOC107063735
pd	map01100	LOC107063735
pd	map01110	LOC107063735
pd	map04260	LOC107063736
pd	map04261	LOC107063736
pd	map05200	LOC107063736
pd	map05206	LOC107063736
pd	map05216	LOC107063736
pd	map05410	LOC107063736
pd	map05414	LOC107063736
pd	map04260	LOC107063737
pd	map04261	LOC107063737
pd	map05200	LOC107063737
pd	map05206	LOC107063737
pd	map05216	LOC107063737
pd	map05410	LOC107063737
pd	map05414	LOC107063737
pd	map04214	LOC107063738
pd	map04320	LOC107063738
pd	map03022	LOC107063740
pd	map05203	LOC107063740
pd	map00310	LOC107063741
pd	map00514	LOC107063741
pd	map04011	LOC107063741
pd	map04144	LOC107063743
pd	map03013	LOC107063746
pd	map04212	LOC107063747
pd	map04922	LOC107063747
pd	map04120	LOC107063748
pd	map04141	LOC107063748
pd	map00512	LOC107063750
pd	map01100	LOC107063750
pd	map00140	LOC107063751
pd	map00630	LOC107063751
pd	map01100	LOC107063751
pd	map01110	LOC107063751
pd	map01120	LOC107063751
pd	map01130	LOC107063751
pd	map01200	LOC107063751
pd	map04146	LOC107063751
pd	map04913	LOC107063751
pd	map04925	LOC107063751
pd	map04927	LOC107063751
pd	map04934	LOC107063751
pd	map04144	LOC107063756
pd	map04217	LOC107063756
pd	map03060	LOC107063757
pd	map01524	LOC107063759
pd	map04016	LOC107063759
pd	map00510	LOC107063761
pd	map00513	LOC107063761
pd	map01100	LOC107063761
pd	map00230	LOC107063766
pd	map00240	LOC107063766
pd	map01100	LOC107063766
pd	map03020	LOC107063766
pd	map03030	LOC107063766
pd	map03410	LOC107063766
pd	map03420	LOC107063766
pd	map05166	LOC107063766
pd	map04140	LOC107063770
pd	map05200	LOC107063770
pd	map05219	LOC107063770
pd	map00350	LOC107063775
pd	map00643	LOC107063775
pd	map01100	LOC107063775
pd	map01120	LOC107063775
pd	map04014	LOC107063776
pd	map04015	LOC107063776
pd	map04016	LOC107063776
pd	map04020	LOC107063776
pd	map04022	LOC107063776
pd	map04024	LOC107063776
pd	map04070	LOC107063776
pd	map04114	LOC107063776
pd	map04218	LOC107063776
pd	map04261	LOC107063776
pd	map04270	LOC107063776
pd	map04371	LOC107063776
pd	map04626	LOC107063776
pd	map04713	LOC107063776
pd	map04720	LOC107063776
pd	map04722	LOC107063776
pd	map04728	LOC107063776
pd	map04740	LOC107063776
pd	map04744	LOC107063776
pd	map04745	LOC107063776
pd	map04750	LOC107063776
pd	map04910	LOC107063776
pd	map04912	LOC107063776
pd	map04915	LOC107063776
pd	map04916	LOC107063776
pd	map04921	LOC107063776
pd	map04922	LOC107063776
pd	map04924	LOC107063776
pd	map04925	LOC107063776
pd	map04970	LOC107063776
pd	map04971	LOC107063776
pd	map05010	LOC107063776
pd	map05031	LOC107063776
pd	map05034	LOC107063776
pd	map05133	LOC107063776
pd	map05152	LOC107063776
pd	map05167	LOC107063776
pd	map05200	LOC107063776
pd	map05214	LOC107063776
pd	map05418	LOC107063776
pd	map03013	LOC107063796
pd	map04137	LOC107063798
pd	map04140	LOC107063798
pd	map04141	LOC107063798
pd	map04210	LOC107063798
pd	map04214	LOC107063798
pd	map04932	LOC107063798
pd	map05010	LOC107063798
pd	map05160	LOC107063798
pd	map05162	LOC107063798
pd	map05164	LOC107063798
pd	map05168	LOC107063798
pd	map05169	LOC107063798
pd	map04721	LOC107063801
pd	map00220	LOC107063807
pd	map00250	LOC107063807
pd	map00270	LOC107063807
pd	map00330	LOC107063807
pd	map00350	LOC107063807
pd	map00360	LOC107063807
pd	map00400	LOC107063807
pd	map00710	LOC107063807
pd	map00950	LOC107063807
pd	map00960	LOC107063807
pd	map01100	LOC107063807
pd	map01110	LOC107063807
pd	map01120	LOC107063807
pd	map01130	LOC107063807
pd	map01200	LOC107063807
pd	map01210	LOC107063807
pd	map01230	LOC107063807
pd	map04975	LOC107063807
pd	map05016	LOC107063815
pd	map03010	LOC107063816
pd	map05231	LOC107063820
pd	map04150	LOC107063826
pd	map04310	LOC107063826
pd	map04390	LOC107063826
pd	map04550	LOC107063826
pd	map04916	LOC107063826
pd	map04934	LOC107063826
pd	map05165	LOC107063826
pd	map05166	LOC107063826
pd	map05200	LOC107063826
pd	map05205	LOC107063826
pd	map05217	LOC107063826
pd	map05224	LOC107063826
pd	map05225	LOC107063826
pd	map05226	LOC107063826
pd	map04624	LOC107063828
pd	map04624	LOC107063829
pd	map04146	LOC107063837
pd	map00010	LOC107063845
pd	map00020	LOC107063845
pd	map00620	LOC107063845
pd	map01100	LOC107063845
pd	map01110	LOC107063845
pd	map01120	LOC107063845
pd	map01130	LOC107063845
pd	map01200	LOC107063845
pd	map04066	LOC107063845
pd	map04922	LOC107063845
pd	map05230	LOC107063845
pd	map03008	LOC107063853
pd	map04146	LOC107063857
pd	map04141	LOC107063858
pd	map04144	LOC107063866
pd	map04152	LOC107063866
pd	map04961	LOC107063866
pd	map04962	LOC107063866
pd	map04972	LOC107063866
pd	map03022	LOC107063867
pd	map00240	LOC107063869
pd	map00410	LOC107063869
pd	map00770	LOC107063869
pd	map00983	LOC107063869
pd	map01100	LOC107063869
pd	map00230	LOC107063871
pd	map01100	LOC107063871
pd	map01120	LOC107063871
pd	map04015	LOC107063871
pd	map04371	LOC107063871
pd	map04390	LOC107063871
pd	map04514	LOC107063871
pd	map04520	LOC107063871
pd	map05100	LOC107063871
pd	map05130	LOC107063871
pd	map05200	LOC107063871
pd	map05213	LOC107063871
pd	map05216	LOC107063871
pd	map05218	LOC107063871
pd	map05219	LOC107063871
pd	map05226	LOC107063871
pd	map00190	LOC107063873
pd	map01100	LOC107063873
pd	map04714	LOC107063873
pd	map04723	LOC107063873
pd	map04932	LOC107063873
pd	map05010	LOC107063873
pd	map05012	LOC107063873
pd	map05016	LOC107063873
pd	map04114	LOC107063880
pd	map03050	LOC107063881
pd	map05169	LOC107063881
pd	map04110	LOC107063887
pd	map04111	LOC107063887
pd	map04114	LOC107063887
pd	map04120	LOC107063887
pd	map04141	LOC107063887
pd	map04310	LOC107063887
pd	map04340	LOC107063887
pd	map04341	LOC107063887
pd	map04350	LOC107063887
pd	map04710	LOC107063887
pd	map05168	LOC107063887
pd	map05200	LOC107063887
pd	map04138	LOC107063889
pd	map04530	LOC107063889
pd	map00100	LOC107063891
pd	map00561	LOC107063891
pd	map01100	LOC107063891
pd	map04514	LOC107063891
pd	map04972	LOC107063891
pd	map04975	LOC107063891
pd	map01522	LOC107063899
pd	map04010	LOC107063899
pd	map04014	LOC107063899
pd	map04020	LOC107063899
pd	map04024	LOC107063899
pd	map04062	LOC107063899
pd	map04113	LOC107063899
pd	map04114	LOC107063899
pd	map04138	LOC107063899
pd	map04140	LOC107063899
pd	map04211	LOC107063899
pd	map04213	LOC107063899
pd	map04261	LOC107063899
pd	map04270	LOC107063899
pd	map04310	LOC107063899
pd	map04340	LOC107063899
pd	map04341	LOC107063899
pd	map04371	LOC107063899
pd	map04530	LOC107063899
pd	map04540	LOC107063899
pd	map04611	LOC107063899
pd	map04713	LOC107063899
pd	map04714	LOC107063899
pd	map04720	LOC107063899
pd	map04723	LOC107063899
pd	map04724	LOC107063899
pd	map04725	LOC107063899
pd	map04726	LOC107063899
pd	map04727	LOC107063899
pd	map04728	LOC107063899
pd	map04740	LOC107063899
pd	map04742	LOC107063899
pd	map04750	LOC107063899
pd	map04910	LOC107063899
pd	map04911	LOC107063899
pd	map04912	LOC107063899
pd	map04913	LOC107063899
pd	map04914	LOC107063899
pd	map04915	LOC107063899
pd	map04916	LOC107063899
pd	map04918	LOC107063899
pd	map04919	LOC107063899
pd	map04921	LOC107063899
pd	map04922	LOC107063899
pd	map04923	LOC107063899
pd	map04924	LOC107063899
pd	map04925	LOC107063899
pd	map04926	LOC107063899
pd	map04927	LOC107063899
pd	map04934	LOC107063899
pd	map04961	LOC107063899
pd	map04962	LOC107063899
pd	map04970	LOC107063899
pd	map04971	LOC107063899
pd	map04976	LOC107063899
pd	map05012	LOC107063899
pd	map05020	LOC107063899
pd	map05030	LOC107063899
pd	map05031	LOC107063899
pd	map05032	LOC107063899
pd	map05110	LOC107063899
pd	map05146	LOC107063899
pd	map05165	LOC107063899
pd	map05166	LOC107063899
pd	map05169	LOC107063899
pd	map05200	LOC107063899
pd	map05203	LOC107063899
pd	map05205	LOC107063899
pd	map05414	LOC107063899
pd	map00030	LOC107063901
pd	map00260	LOC107063901
pd	map01100	LOC107063901
pd	map01110	LOC107063901
pd	map01130	LOC107063901
pd	map00030	LOC107063902
pd	map00260	LOC107063902
pd	map01100	LOC107063902
pd	map01110	LOC107063902
pd	map01130	LOC107063902
pd	map04142	LOC107063903
pd	map04979	LOC107063903
pd	map03013	LOC107063905
pd	map04110	LOC107063907
pd	map04111	LOC107063907
pd	map04113	LOC107063907
pd	map04114	LOC107063907
pd	map00051	LOC107063908
pd	map00520	LOC107063908
pd	map01100	LOC107063908
pd	map01110	LOC107063908
pd	map04120	LOC107063909
pd	map05012	LOC107063909
pd	map04120	LOC107063910
pd	map04340	LOC107063910
pd	map04341	LOC107063910
pd	map04020	LOC107063911
pd	map04080	LOC107063911
pd	map04725	LOC107063911
pd	map05033	LOC107063911
pd	map05204	LOC107063911
pd	map04614	LOC107063913
pd	map04974	LOC107063914
pd	map01040	LOC107063915
pd	map01212	LOC107063915
pd	map03320	LOC107063915
pd	map04152	LOC107063915
pd	map04212	LOC107063915
pd	map01040	LOC107063916
pd	map01212	LOC107063916
pd	map03320	LOC107063916
pd	map04152	LOC107063916
pd	map04212	LOC107063916
pd	map00020	LOC107063923
pd	map00620	LOC107063923
pd	map00720	LOC107063923
pd	map01100	LOC107063923
pd	map01120	LOC107063923
pd	map01200	LOC107063923
pd	map01230	LOC107063923
pd	map03040	LOC107063927
pd	map03022	LOC107063929
pd	map03420	LOC107063929
pd	map01522	LOC107063933
pd	map04110	LOC107063933
pd	map04218	LOC107063933
pd	map04934	LOC107063933
pd	map05161	LOC107063933
pd	map05166	LOC107063933
pd	map05167	LOC107063933
pd	map05200	LOC107063933
pd	map05206	LOC107063933
pd	map05212	LOC107063933
pd	map05214	LOC107063933
pd	map05215	LOC107063933
pd	map05218	LOC107063933
pd	map05219	LOC107063933
pd	map05220	LOC107063933
pd	map05222	LOC107063933
pd	map05223	LOC107063933
pd	map05224	LOC107063933
pd	map05225	LOC107063933
pd	map05226	LOC107063933
pd	map00120	LOC107063934
pd	map01100	LOC107063934
pd	map03320	LOC107063934
pd	map04979	LOC107063934
pd	map04072	LOC107063935
pd	map04140	LOC107063935
pd	map04150	LOC107063935
pd	map04151	LOC107063935
pd	map04152	LOC107063935
pd	map04211	LOC107063935
pd	map04218	LOC107063935
pd	map04714	LOC107063935
pd	map04910	LOC107063935
pd	map04919	LOC107063935
pd	map05165	LOC107063935
pd	map05231	LOC107063935
pd	map04015	LOC107063936
pd	map04022	LOC107063936
pd	map04024	LOC107063936
pd	map04062	LOC107063936
pd	map04071	LOC107063936
pd	map04261	LOC107063936
pd	map04360	LOC107063936
pd	map04371	LOC107063936
pd	map04540	LOC107063936
pd	map04611	LOC107063936
pd	map04670	LOC107063936
pd	map04713	LOC107063936
pd	map04723	LOC107063936
pd	map04724	LOC107063936
pd	map04725	LOC107063936
pd	map04726	LOC107063936
pd	map04727	LOC107063936
pd	map04728	LOC107063936
pd	map04730	LOC107063936
pd	map04914	LOC107063936
pd	map04915	LOC107063936
pd	map04916	LOC107063936
pd	map04921	LOC107063936
pd	map04923	LOC107063936
pd	map04924	LOC107063936
pd	map04926	LOC107063936
pd	map04934	LOC107063936
pd	map04971	LOC107063936
pd	map05012	LOC107063936
pd	map05030	LOC107063936
pd	map05032	LOC107063936
pd	map05034	LOC107063936
pd	map05133	LOC107063936
pd	map05142	LOC107063936
pd	map05145	LOC107063936
pd	map05200	LOC107063936
pd	map00230	LOC107063937
pd	map00240	LOC107063937
pd	map01100	LOC107063937
pd	map03020	LOC107063937
pd	map04623	LOC107063937
pd	map05169	LOC107063937
pd	map00562	LOC107063938
pd	map01100	LOC107063938
pd	map04070	LOC107063938
pd	map01040	LOC107063940
pd	map01212	LOC107063940
pd	map03320	LOC107063940
pd	map04152	LOC107063940
pd	map04212	LOC107063940
pd	map01040	LOC107063941
pd	map01212	LOC107063941
pd	map03320	LOC107063941
pd	map04152	LOC107063941
pd	map04212	LOC107063941
pd	map05200	LOC107063945
pd	map05223	LOC107063945
pd	map04142	LOC107063947
pd	map04979	LOC107063947
pd	map04530	LOC107063949
pd	map04140	LOC107063950
pd	map04550	LOC107063953
pd	map04550	LOC107063954
pd	map05165	LOC107063961
pd	map04510	LOC107063963
pd	map05166	LOC107063965
pd	map03440	LOC107063966
pd	map03460	LOC107063966
pd	map05200	LOC107063966
pd	map05212	LOC107063966
pd	map04550	LOC107063970
pd	map04950	LOC107063970
pd	map03008	LOC107063971
pd	map00563	LOC107063972
pd	map01100	LOC107063972
pd	map00020	LOC107063973
pd	map00480	LOC107063973
pd	map00720	LOC107063973
pd	map01100	LOC107063973
pd	map01110	LOC107063973
pd	map01120	LOC107063973
pd	map01130	LOC107063973
pd	map01200	LOC107063973
pd	map01210	LOC107063973
pd	map01230	LOC107063973
pd	map04146	LOC107063973
pd	map00190	LOC107063974
pd	map00860	LOC107063974
pd	map01100	LOC107063974
pd	map01110	LOC107063974
pd	map04714	LOC107063974
pd	map04218	LOC107063978
pd	map05166	LOC107063978
pd	map05167	LOC107063978
pd	map00230	LOC107063980
pd	map04310	LOC107063986
pd	map00230	LOC107063987
pd	map00240	LOC107063987
pd	map01100	LOC107063987
pd	map03030	LOC107063987
pd	map04550	LOC107063989
pd	map00534	LOC107063990
pd	map04360	LOC107063991
pd	map01040	LOC107063999
pd	map01212	LOC107063999
pd	map03320	LOC107063999
pd	map04152	LOC107063999
pd	map04212	LOC107063999
pd	map04110	LOC107064001
pd	map04111	LOC107064001
pd	map04113	LOC107064001
pd	map04114	LOC107064001
pd	map04120	LOC107064002
pd	map03008	LOC107064004
pd	map03013	LOC107064004
pd	map01521	LOC107064007
pd	map03013	LOC107064007
pd	map04066	LOC107064007
pd	map04150	LOC107064007
pd	map04151	LOC107064007
pd	map04211	LOC107064007
pd	map04910	LOC107064007
pd	map03015	LOC107064009
pd	map00280	LOC107064010
pd	map00410	LOC107064010
pd	map00562	LOC107064010
pd	map00640	LOC107064010
pd	map01100	LOC107064010
pd	map01200	LOC107064010
pd	map03010	LOC107064012
pd	map03010	LOC107064015
pd	map03010	LOC107064016
pd	map00260	LOC107064018
pd	map00680	LOC107064018
pd	map01100	LOC107064018
pd	map01120	LOC107064018
pd	map01130	LOC107064018
pd	map01200	LOC107064018
pd	map01230	LOC107064018
pd	map00230	LOC107064030
pd	map04111	LOC107064039
pd	map04145	LOC107064042
pd	map04540	LOC107064042
pd	map05130	LOC107064042
pd	map04142	LOC107064045
pd	map00900	LOC107064054
pd	map00981	LOC107064054
pd	map01130	LOC107064054
pd	map00190	LOC107064055
pd	map01100	LOC107064055
pd	map04142	LOC107064055
pd	map04145	LOC107064055
pd	map04721	LOC107064055
pd	map04966	LOC107064055
pd	map05110	LOC107064055
pd	map05120	LOC107064055
pd	map05152	LOC107064055
pd	map05165	LOC107064055
pd	map05323	LOC107064055
pd	map04614	LOC107064057
pd	map00564	LOC107064058
pd	map01110	LOC107064058
pd	map04011	LOC107064058
pd	map03022	LOC107064060
pd	map00564	LOC107064061
pd	map01110	LOC107064061
pd	map04011	LOC107064061
pd	map00940	LOC107064062
pd	map01100	LOC107064062
pd	map01110	LOC107064062
pd	map04918	LOC107064066
pd	map04978	LOC107064066
pd	map00564	LOC107064067
pd	map04725	LOC107064067
pd	map00310	LOC107064070
pd	map00190	LOC107064073
pd	map01100	LOC107064073
pd	map04714	LOC107064073
pd	map04723	LOC107064073
pd	map04932	LOC107064073
pd	map05010	LOC107064073
pd	map05012	LOC107064073
pd	map05016	LOC107064073
pd	map00230	LOC107064074
pd	map04022	LOC107064074
pd	map04024	LOC107064074
pd	map04270	LOC107064074
pd	map04714	LOC107064074
pd	map04921	LOC107064074
pd	map04923	LOC107064074
pd	map04924	LOC107064074
pd	map04925	LOC107064074
pd	map04360	LOC107064076
pd	map04514	LOC107064076
pd	map04614	LOC107064077
pd	map00785	LOC107064079
pd	map01100	LOC107064079
pd	map01522	LOC107064082
pd	map04012	LOC107064082
pd	map04020	LOC107064082
pd	map04062	LOC107064082
pd	map04072	LOC107064082
pd	map04151	LOC107064082
pd	map04360	LOC107064082
pd	map04370	LOC107064082
pd	map04510	LOC107064082
pd	map04650	LOC107064082
pd	map04670	LOC107064082
pd	map04810	LOC107064082
pd	map04912	LOC107064082
pd	map05100	LOC107064082
pd	map05146	LOC107064082
pd	map05161	LOC107064082
pd	map05165	LOC107064082
pd	map05200	LOC107064082
pd	map05202	LOC107064082
pd	map05205	LOC107064082
pd	map05222	LOC107064082
pd	map05418	LOC107064082
pd	map04020	LOC107064085
pd	map04022	LOC107064085
pd	map04371	LOC107064085
pd	map04740	LOC107064085
pd	map04974	LOC107064085
pd	map00230	LOC107064086
pd	map00240	LOC107064086
pd	map03018	LOC107064086
pd	map04714	LOC107064087
pd	map00564	LOC107064088
pd	map01100	LOC107064088
pd	map04015	LOC107064089
pd	map03040	LOC107064091
pd	map05231	LOC107064094
pd	map04145	LOC107064095
pd	map04540	LOC107064095
pd	map05130	LOC107064095
pd	map04145	LOC107064096
pd	map04540	LOC107064096
pd	map05130	LOC107064096
pd	map04014	LOC107064097
pd	map04015	LOC107064097
pd	map04024	LOC107064097
pd	map04520	LOC107064097
pd	map04530	LOC107064097
pd	map04670	LOC107064097
pd	map04120	LOC107064100
pd	map04214	LOC107064100
pd	map04215	LOC107064100
pd	map04922	LOC107064102
pd	map04144	LOC107064106
pd	map04934	LOC107064114
pd	map05202	LOC107064114
pd	map04066	LOC107064116
pd	map04120	LOC107064116
pd	map05200	LOC107064116
pd	map05211	LOC107064116
pd	map04120	LOC107064119
pd	map04013	LOC107064121
pd	map00480	LOC107064124
pd	map00590	LOC107064124
pd	map04216	LOC107064124
pd	map04918	LOC107064124
pd	map00630	LOC107064127
pd	map01100	LOC107064127
pd	map01110	LOC107064127
pd	map01130	LOC107064127
pd	map01200	LOC107064127
pd	map04080	LOC107064128
pd	map04723	LOC107064128
pd	map04727	LOC107064128
pd	map04742	LOC107064128
pd	map05032	LOC107064128
pd	map05033	LOC107064128
pd	map03010	LOC107064132
pd	map04015	LOC107064133
pd	map04670	LOC107064133
pd	map04145	LOC107064134
pd	map04540	LOC107064134
pd	map05130	LOC107064134
pd	map03013	LOC107064135
pd	map03040	LOC107064135
pd	map04974	LOC107064136
pd	map00190	LOC107064137
pd	map01100	LOC107064137
pd	map04714	LOC107064137
pd	map04723	LOC107064137
pd	map04932	LOC107064137
pd	map05010	LOC107064137
pd	map05012	LOC107064137
pd	map05016	LOC107064137
pd	map04923	LOC107064138
pd	map03015	LOC107064140
pd	map04020	LOC107064142
pd	map04910	LOC107064142
pd	map04922	LOC107064142
pd	map03010	LOC107064143
pd	map04068	LOC107064145
pd	map04110	LOC107064145
pd	map04151	LOC107064145
pd	map04218	LOC107064145
pd	map04350	LOC107064145
pd	map05165	LOC107064145
pd	map05203	LOC107064145
pd	map01522	LOC107064146
pd	map04320	LOC107064146
pd	map04330	LOC107064146
pd	map04371	LOC107064146
pd	map04658	LOC107064146
pd	map04919	LOC107064146
pd	map05020	LOC107064146
pd	map05165	LOC107064146
pd	map05200	LOC107064146
pd	map05206	LOC107064146
pd	map05224	LOC107064146
pd	map04550	LOC107064147
pd	map04144	LOC107064149
pd	map03460	LOC107064150
pd	map00920	LOC107064153
pd	map01100	LOC107064153
pd	map01120	LOC107064153
pd	map01130	LOC107064153
pd	map00900	LOC107064155
pd	map01100	LOC107064155
pd	map01110	LOC107064155
pd	map04146	LOC107064155
pd	map03013	LOC107064158
pd	map05134	LOC107064158
pd	map04340	LOC107064159
pd	map04341	LOC107064159
pd	map00190	LOC107064161
pd	map01100	LOC107064161
pd	map04714	LOC107064161
pd	map04723	LOC107064161
pd	map04932	LOC107064161
pd	map05010	LOC107064161
pd	map05012	LOC107064161
pd	map05016	LOC107064161
pd	map04138	LOC107064162
pd	map00230	LOC107064163
pd	map00240	LOC107064163
pd	map03020	LOC107064163
pd	map04623	LOC107064163
pd	map05169	LOC107064163
pd	map04150	LOC107064164
pd	map04144	LOC107064165
pd	map03030	LOC107064166
pd	map03420	LOC107064166
pd	map03430	LOC107064166
pd	map03440	LOC107064166
pd	map03460	LOC107064166
pd	map04350	LOC107064167
pd	map05231	LOC107064168
pd	map00190	LOC107064169
pd	map01100	LOC107064169
pd	map04714	LOC107064169
pd	map04723	LOC107064169
pd	map04932	LOC107064169
pd	map05010	LOC107064169
pd	map05012	LOC107064169
pd	map05016	LOC107064169
pd	map05165	LOC107064169
pd	map05200	LOC107064169
pd	map05224	LOC107064169
pd	map00650	LOC107064171
pd	map00100	LOC107064173
pd	map01100	LOC107064173
pd	map01130	LOC107064173
pd	map04024	LOC107064175
pd	map04080	LOC107064175
pd	map04918	LOC107064175
pd	map04923	LOC107064175
pd	map05320	LOC107064175
pd	map00010	LOC107064176
pd	map00020	LOC107064176
pd	map00620	LOC107064176
pd	map01100	LOC107064176
pd	map01110	LOC107064176
pd	map01120	LOC107064176
pd	map01130	LOC107064176
pd	map01200	LOC107064176
pd	map03010	LOC107064177
pd	map00860	LOC107064178
pd	map01100	LOC107064178
pd	map01110	LOC107064178
pd	map04066	LOC107064178
pd	map04216	LOC107064178
pd	map04978	LOC107064178
pd	map05200	LOC107064178
pd	map05206	LOC107064178
pd	map05225	LOC107064178
pd	map05418	LOC107064178
pd	map03018	LOC107064179
pd	map03320	LOC107064181
pd	map04923	LOC107064181
pd	map04975	LOC107064181
pd	map00230	LOC107064182
pd	map04022	LOC107064182
pd	map04024	LOC107064182
pd	map04270	LOC107064182
pd	map04714	LOC107064182
pd	map04921	LOC107064182
pd	map04923	LOC107064182
pd	map04924	LOC107064182
pd	map04925	LOC107064182
pd	map03013	LOC107064183
pd	map00908	LOC107064185
pd	map01100	LOC107064185
pd	map01110	LOC107064185
pd	map04150	LOC107064186
pd	map04216	LOC107064186
pd	map04974	LOC107064186
pd	map00052	LOC107064187
pd	map00500	LOC107064187
pd	map01100	LOC107064187
pd	map04974	LOC107064187
pd	map03008	LOC107064189
pd	map03018	LOC107064189
pd	map03010	LOC107064190
pd	map03008	LOC107064192
pd	map04962	LOC107064194
pd	map05016	LOC107064194
pd	map03010	LOC107064195
pd	map04141	LOC107064197
pd	map05165	LOC107064197
pd	map00531	LOC107064198
pd	map01100	LOC107064198
pd	map04142	LOC107064198
pd	map00531	LOC107064201
pd	map01100	LOC107064201
pd	map04142	LOC107064201
pd	map03060	LOC107064203
pd	map03440	LOC107064204
pd	map00564	LOC107064205
pd	map01100	LOC107064205
pd	map04024	LOC107064206
pd	map04080	LOC107064206
pd	map04610	LOC107064206
pd	map04971	LOC107064206
pd	map05150	LOC107064206
pd	map03410	LOC107064211
pd	map04010	LOC107064216
pd	map04012	LOC107064216
pd	map04110	LOC107064216
pd	map04151	LOC107064216
pd	map04218	LOC107064216
pd	map04310	LOC107064216
pd	map04350	LOC107064216
pd	map04390	LOC107064216
pd	map04391	LOC107064216
pd	map04550	LOC107064216
pd	map04630	LOC107064216
pd	map04919	LOC107064216
pd	map05161	LOC107064216
pd	map05166	LOC107064216
pd	map05167	LOC107064216
pd	map05169	LOC107064216
pd	map05200	LOC107064216
pd	map05202	LOC107064216
pd	map05205	LOC107064216
pd	map05206	LOC107064216
pd	map05210	LOC107064216
pd	map05213	LOC107064216
pd	map05216	LOC107064216
pd	map05219	LOC107064216
pd	map05220	LOC107064216
pd	map05221	LOC107064216
pd	map05222	LOC107064216
pd	map05224	LOC107064216
pd	map05225	LOC107064216
pd	map05226	LOC107064216
pd	map05230	LOC107064216
pd	map00250	LOC107064222
pd	map00260	LOC107064222
pd	map00270	LOC107064222
pd	map00280	LOC107064222
pd	map01100	LOC107064222
pd	map01110	LOC107064222
pd	map00020	LOC107064224
pd	map00270	LOC107064224
pd	map00620	LOC107064224
pd	map00630	LOC107064224
pd	map00710	LOC107064224
pd	map01100	LOC107064224
pd	map01110	LOC107064224
pd	map01120	LOC107064224
pd	map01130	LOC107064224
pd	map01200	LOC107064224
pd	map04144	LOC107064235
pd	map04666	LOC107064235
pd	map04810	LOC107064235
pd	map05100	LOC107064235
pd	map05130	LOC107064235
pd	map05131	LOC107064235
pd	map05132	LOC107064235
pd	map00100	LOC107064237
pd	map04142	LOC107064237
pd	map04979	LOC107064237
pd	map00190	LOC107064238
pd	map01100	LOC107064238
pd	map04714	LOC107064238
pd	map04723	LOC107064238
pd	map04932	LOC107064238
pd	map05010	LOC107064238
pd	map05012	LOC107064238
pd	map05016	LOC107064238
pd	map03018	LOC107064246
pd	map03040	LOC107064248
pd	map04976	LOC107064249
pd	map01521	LOC107064250
pd	map04062	LOC107064250
pd	map04151	LOC107064250
pd	map04217	LOC107064250
pd	map04380	LOC107064250
pd	map04550	LOC107064250
pd	map04621	LOC107064250
pd	map04630	LOC107064250
pd	map04658	LOC107064250
pd	map04659	LOC107064250
pd	map04725	LOC107064250
pd	map04917	LOC107064250
pd	map04920	LOC107064250
pd	map04933	LOC107064250
pd	map05140	LOC107064250
pd	map05145	LOC107064250
pd	map05152	LOC107064250
pd	map05160	LOC107064250
pd	map05161	LOC107064250
pd	map05162	LOC107064250
pd	map05164	LOC107064250
pd	map05165	LOC107064250
pd	map05166	LOC107064250
pd	map05167	LOC107064250
pd	map05168	LOC107064250
pd	map05169	LOC107064250
pd	map05200	LOC107064250
pd	map05203	LOC107064250
pd	map05212	LOC107064250
pd	map05223	LOC107064250
pd	map00010	LOC107064251
pd	map00710	LOC107064251
pd	map01100	LOC107064251
pd	map01110	LOC107064251
pd	map01120	LOC107064251
pd	map01130	LOC107064251
pd	map01200	LOC107064251
pd	map01230	LOC107064251
pd	map04146	LOC107064252
pd	map03010	LOC107064253
pd	map04141	LOC107064254
pd	map00410	LOC107064255
pd	map00640	LOC107064255
pd	map01100	LOC107064255
pd	map04146	LOC107064255
pd	map04152	LOC107064255
pd	map03018	LOC107064256
pd	map05034	LOC107064258
pd	map05202	LOC107064258
pd	map05322	LOC107064258
pd	map05034	LOC107064259
pd	map05202	LOC107064259
pd	map05322	LOC107064259
pd	map04141	LOC107064262
pd	map00350	LOC107064264
pd	map01100	LOC107064264
pd	map03040	LOC107064267
pd	map04010	LOC107064269
pd	map04013	LOC107064269
pd	map04064	LOC107064269
pd	map04214	LOC107064269
pd	map04380	LOC107064269
pd	map04620	LOC107064269
pd	map04621	LOC107064269
pd	map04624	LOC107064269
pd	map04657	LOC107064269
pd	map04668	LOC107064269
pd	map05140	LOC107064269
pd	map05145	LOC107064269
pd	map05162	LOC107064269
pd	map05168	LOC107064269
pd	map05169	LOC107064269
pd	map05231	LOC107064276
pd	map00510	LOC107064277
pd	map00513	LOC107064277
pd	map01100	LOC107064277
pd	map03022	LOC107064278
pd	map05168	LOC107064278
pd	map00010	LOC107064279
pd	map01100	LOC107064279
pd	map01110	LOC107064279
pd	map01130	LOC107064279
pd	map01200	LOC107064279
pd	map00250	LOC107064281
pd	map00650	LOC107064281
pd	map01100	LOC107064281
pd	map01120	LOC107064281
pd	map03040	LOC107064282
pd	map00830	LOC107064283
pd	map01100	LOC107064283
pd	map04146	LOC107064283
pd	map04350	LOC107064291
pd	map04390	LOC107064291
pd	map04391	LOC107064291
pd	map04550	LOC107064291
pd	map05202	LOC107064291
pd	map04350	LOC107064292
pd	map04390	LOC107064292
pd	map04391	LOC107064292
pd	map04550	LOC107064292
pd	map05202	LOC107064292
pd	map04550	LOC107064295
pd	map00230	LOC107064298
pd	map01100	LOC107064298
pd	map03010	LOC107064301
pd	map03010	LOC107064304
pd	map04350	LOC107064305
pd	map04550	LOC107064305
pd	map04144	LOC107064306
pd	map00564	LOC107064309
pd	map00565	LOC107064309
pd	map00590	LOC107064309
pd	map00591	LOC107064309
pd	map00592	LOC107064309
pd	map01100	LOC107064309
pd	map01110	LOC107064309
pd	map04014	LOC107064309
pd	map04270	LOC107064309
pd	map04972	LOC107064309
pd	map04975	LOC107064309
pd	map04910	LOC107064311
pd	map00562	LOC107064314
pd	map01100	LOC107064314
pd	map04070	LOC107064314
pd	map00020	LOC107064317
pd	map00270	LOC107064317
pd	map00620	LOC107064317
pd	map00630	LOC107064317
pd	map00710	LOC107064317
pd	map01100	LOC107064317
pd	map01110	LOC107064317
pd	map01120	LOC107064317
pd	map01130	LOC107064317
pd	map01200	LOC107064317
pd	map04964	LOC107064317
pd	map03040	LOC107064318
pd	map05206	LOC107064319
pd	map04010	LOC107064320
pd	map04013	LOC107064320
pd	map04014	LOC107064320
pd	map04015	LOC107064320
pd	map04024	LOC107064320
pd	map04062	LOC107064320
pd	map04071	LOC107064320
pd	map04145	LOC107064320
pd	map04151	LOC107064320
pd	map04310	LOC107064320
pd	map04360	LOC107064320
pd	map04370	LOC107064320
pd	map04380	LOC107064320
pd	map04510	LOC107064320
pd	map04520	LOC107064320
pd	map04530	LOC107064320
pd	map04620	LOC107064320
pd	map04650	LOC107064320
pd	map04662	LOC107064320
pd	map04664	LOC107064320
pd	map04666	LOC107064320
pd	map04670	LOC107064320
pd	map04722	LOC107064320
pd	map04810	LOC107064320
pd	map04932	LOC107064320
pd	map04933	LOC107064320
pd	map04972	LOC107064320
pd	map05014	LOC107064320
pd	map05100	LOC107064320
pd	map05120	LOC107064320
pd	map05131	LOC107064320
pd	map05132	LOC107064320
pd	map05167	LOC107064320
pd	map05200	LOC107064320
pd	map05203	LOC107064320
pd	map05205	LOC107064320
pd	map05210	LOC107064320
pd	map05211	LOC107064320
pd	map05212	LOC107064320
pd	map05231	LOC107064320
pd	map05416	LOC107064320
pd	map05418	LOC107064320
pd	map00260	LOC107064321
pd	map00630	LOC107064321
pd	map00670	LOC107064321
pd	map01100	LOC107064321
pd	map01110	LOC107064321
pd	map01130	LOC107064321
pd	map01200	LOC107064321
pd	map04360	LOC107064327
pd	map04710	LOC107064328
pd	map04022	LOC107064333
pd	map04270	LOC107064333
pd	map04540	LOC107064333
pd	map04611	LOC107064333
pd	map04713	LOC107064333
pd	map04714	LOC107064333
pd	map04730	LOC107064333
pd	map04740	LOC107064333
pd	map04923	LOC107064333
pd	map04970	LOC107064333
pd	map04010	LOC107064335
pd	map04013	LOC107064335
pd	map04060	LOC107064335
pd	map04068	LOC107064335
pd	map04144	LOC107064335
pd	map04218	LOC107064335
pd	map04350	LOC107064335
pd	map04360	LOC107064335
pd	map04371	LOC107064335
pd	map04380	LOC107064335
pd	map04390	LOC107064335
pd	map04520	LOC107064335
pd	map04550	LOC107064335
pd	map04659	LOC107064335
pd	map04926	LOC107064335
pd	map04933	LOC107064335
pd	map05142	LOC107064335
pd	map05161	LOC107064335
pd	map05166	LOC107064335
pd	map05200	LOC107064335
pd	map05210	LOC107064335
pd	map05212	LOC107064335
pd	map05220	LOC107064335
pd	map05225	LOC107064335
pd	map05226	LOC107064335
pd	map05418	LOC107064335
pd	map00230	LOC107064337
pd	map00983	LOC107064337
pd	map01100	LOC107064337
pd	map03460	LOC107064338
pd	map00280	LOC107064348
pd	map01100	LOC107064348
pd	map03030	LOC107064353
pd	map04110	LOC107064353
pd	map04111	LOC107064353
pd	map04113	LOC107064353
pd	map04144	LOC107064355
pd	map04810	LOC107064355
pd	map05120	LOC107064355
pd	map04530	LOC107064356
pd	map03050	LOC107064359
pd	map00040	LOC107064360
pd	map00053	LOC107064360
pd	map00140	LOC107064360
pd	map00565	LOC107064360
pd	map00600	LOC107064360
pd	map00830	LOC107064360
pd	map00860	LOC107064360
pd	map00980	LOC107064360
pd	map00982	LOC107064360
pd	map00983	LOC107064360
pd	map01100	LOC107064360
pd	map01110	LOC107064360
pd	map05204	LOC107064360
pd	map04350	LOC107064362
pd	map04550	LOC107064362
pd	map05206	LOC107064372
pd	map00052	LOC107064375
pd	map00520	LOC107064375
pd	map01100	LOC107064375
pd	map00030	LOC107064376
pd	map01100	LOC107064376
pd	map01110	LOC107064376
pd	map01120	LOC107064376
pd	map01130	LOC107064376
pd	map01200	LOC107064376
pd	map01230	LOC107064376
pd	map03010	LOC107064379
pd	map04080	LOC107064388
pd	map04972	LOC107064388
pd	map04974	LOC107064388
pd	map05164	LOC107064388
pd	map04080	LOC107064389
pd	map04972	LOC107064389
pd	map04974	LOC107064389
pd	map05164	LOC107064389
pd	map00030	LOC107064391
pd	map00260	LOC107064391
pd	map00561	LOC107064391
pd	map00630	LOC107064391
pd	map00680	LOC107064391
pd	map01100	LOC107064391
pd	map01120	LOC107064391
pd	map01130	LOC107064391
pd	map01200	LOC107064391
pd	map02010	LOC107064395
pd	map00670	LOC107064396
pd	map00720	LOC107064396
pd	map01100	LOC107064396
pd	map01120	LOC107064396
pd	map01200	LOC107064396
pd	map01523	LOC107064396
pd	map04360	LOC107064402
pd	map05100	LOC107064402
pd	map00500	LOC107064403
pd	map01100	LOC107064403
pd	map03320	LOC107064412
pd	map04360	LOC107064421
pd	map04620	LOC107064423
pd	map04974	LOC107064434
pd	map03030	LOC107064436
pd	map04144	LOC107064436
pd	map04144	LOC107064438
pd	map04530	LOC107064440
pd	map05034	LOC107064442
pd	map05202	LOC107064442
pd	map05203	LOC107064442
pd	map05322	LOC107064442
pd	map00280	LOC107064444
pd	map01100	LOC107064444
pd	map01110	LOC107064444
pd	map01130	LOC107064444
pd	map05010	LOC107064444
pd	map00510	LOC107064445
pd	map01100	LOC107064445
pd	map03420	LOC107064446
pd	map04141	LOC107064446
pd	map05202	LOC107064448
pd	map05034	LOC107064451
pd	map05203	LOC107064451
pd	map05322	LOC107064451
pd	map04022	LOC107064455
pd	map04270	LOC107064455
pd	map04540	LOC107064455
pd	map04611	LOC107064455
pd	map04713	LOC107064455
pd	map04714	LOC107064455
pd	map04730	LOC107064455
pd	map04740	LOC107064455
pd	map04923	LOC107064455
pd	map04970	LOC107064455
pd	map00073	LOC107064457
pd	map04146	LOC107064457
pd	map04212	LOC107064457
pd	map04013	LOC107064460
pd	map05206	LOC107064460
pd	map05034	LOC107064462
pd	map05203	LOC107064462
pd	map05322	LOC107064462
pd	map03013	LOC107064472
pd	map03013	LOC107064473
pd	map00900	LOC107064474
pd	map01110	LOC107064474
pd	map03010	LOC107064475
pd	map05016	LOC107064483
pd	map00190	LOC107064484
pd	map01100	LOC107064484
pd	map04260	LOC107064484
pd	map04714	LOC107064484
pd	map04932	LOC107064484
pd	map05010	LOC107064484
pd	map05012	LOC107064484
pd	map05016	LOC107064484
pd	map05016	LOC107064485
pd	map04931	LOC107064491
pd	map04932	LOC107064491
pd	map04390	LOC107064499
pd	map04391	LOC107064499
pd	map04392	LOC107064499
pd	map00970	LOC107064502
pd	map00230	LOC107064503
pd	map01100	LOC107064503
pd	map01110	LOC107064503
pd	map01130	LOC107064503
pd	map03008	LOC107064503
pd	map00020	LOC107064505
pd	map00270	LOC107064505
pd	map00620	LOC107064505
pd	map00630	LOC107064505
pd	map00710	LOC107064505
pd	map01100	LOC107064505
pd	map01110	LOC107064505
pd	map01120	LOC107064505
pd	map01130	LOC107064505
pd	map01200	LOC107064505
pd	map04011	LOC107064506
pd	map04110	LOC107064506
pd	map04114	LOC107064506
pd	map04151	LOC107064506
pd	map04390	LOC107064506
pd	map04391	LOC107064506
pd	map04722	LOC107064506
pd	map05169	LOC107064506
pd	map05203	LOC107064506
pd	map04971	LOC107064508
pd	map04218	LOC107064509
pd	map00510	LOC107064516
pd	map00513	LOC107064516
pd	map01100	LOC107064516
pd	map04130	LOC107064517
pd	map00510	LOC107064518
pd	map01100	LOC107064518
pd	map04080	LOC107064524
pd	map04144	LOC107064525
pd	map03010	LOC107064527
pd	map04141	LOC107064530
pd	map04068	LOC107064532
pd	map05168	LOC107064532
pd	map05169	LOC107064532
pd	map05203	LOC107064532
pd	map04068	LOC107064534
pd	map04136	LOC107064534
pd	map04138	LOC107064534
pd	map04140	LOC107064534
pd	map04621	LOC107064534
pd	map04622	LOC107064534
pd	map03050	LOC107064535
pd	map05169	LOC107064535
pd	map04015	LOC107064539
pd	map00920	LOC107064540
pd	map01100	LOC107064540
pd	map01120	LOC107064540
pd	map01524	LOC107064540
pd	map02020	LOC107064540
pd	map04115	LOC107064540
pd	map04210	LOC107064540
pd	map04214	LOC107064540
pd	map04215	LOC107064540
pd	map04932	LOC107064540
pd	map05010	LOC107064540
pd	map05012	LOC107064540
pd	map05014	LOC107064540
pd	map05016	LOC107064540
pd	map05134	LOC107064540
pd	map05145	LOC107064540
pd	map05152	LOC107064540
pd	map05161	LOC107064540
pd	map05164	LOC107064540
pd	map05167	LOC107064540
pd	map05168	LOC107064540
pd	map05200	LOC107064540
pd	map05210	LOC107064540
pd	map05222	LOC107064540
pd	map05416	LOC107064540
pd	map00920	LOC107064542
pd	map01100	LOC107064542
pd	map01120	LOC107064542
pd	map01524	LOC107064542
pd	map02020	LOC107064542
pd	map04115	LOC107064542
pd	map04210	LOC107064542
pd	map04214	LOC107064542
pd	map04215	LOC107064542
pd	map04932	LOC107064542
pd	map05010	LOC107064542
pd	map05012	LOC107064542
pd	map05014	LOC107064542
pd	map05016	LOC107064542
pd	map05134	LOC107064542
pd	map05145	LOC107064542
pd	map05152	LOC107064542
pd	map05161	LOC107064542
pd	map05164	LOC107064542
pd	map05167	LOC107064542
pd	map05168	LOC107064542
pd	map05200	LOC107064542
pd	map05210	LOC107064542
pd	map05222	LOC107064542
pd	map05416	LOC107064542
pd	map04130	LOC107064543
pd	map03320	LOC107064544
pd	map00532	LOC107064547
pd	map04014	LOC107064549
pd	map04624	LOC107064549
pd	map05202	LOC107064549
pd	map05203	LOC107064549
pd	map03010	LOC107064553
pd	map04144	LOC107064558
pd	map04212	LOC107064558
pd	map04024	LOC107064559
pd	map04742	LOC107064559
pd	map03013	LOC107064560
pd	map00260	LOC107064563
pd	map00860	LOC107064563
pd	map01100	LOC107064563
pd	map01110	LOC107064563
pd	map04138	LOC107064564
pd	map04931	LOC107064565
pd	map00020	LOC107064568
pd	map00310	LOC107064568
pd	map00380	LOC107064568
pd	map01100	LOC107064568
pd	map01110	LOC107064568
pd	map01120	LOC107064568
pd	map01130	LOC107064568
pd	map01200	LOC107064568
pd	map04610	LOC107064571
pd	map00480	LOC107064577
pd	map03320	LOC107064578
pd	map04931	LOC107064578
pd	map04130	LOC107064579
pd	map00480	LOC107064581
pd	map00980	LOC107064581
pd	map00982	LOC107064581
pd	map00983	LOC107064581
pd	map01524	LOC107064581
pd	map05200	LOC107064581
pd	map05204	LOC107064581
pd	map05225	LOC107064581
pd	map05418	LOC107064581
pd	map02010	LOC107064586
pd	map04144	LOC107064588
pd	map04010	LOC107064590
pd	map04011	LOC107064590
pd	map04014	LOC107064590
pd	map04015	LOC107064590
pd	map04062	LOC107064590
pd	map04144	LOC107064590
pd	map04360	LOC107064590
pd	map04370	LOC107064590
pd	map04510	LOC107064590
pd	map04520	LOC107064590
pd	map04530	LOC107064590
pd	map04660	LOC107064590
pd	map04666	LOC107064590
pd	map04670	LOC107064590
pd	map04722	LOC107064590
pd	map04810	LOC107064590
pd	map04912	LOC107064590
pd	map04932	LOC107064590
pd	map04933	LOC107064590
pd	map05100	LOC107064590
pd	map05120	LOC107064590
pd	map05130	LOC107064590
pd	map05131	LOC107064590
pd	map05132	LOC107064590
pd	map05165	LOC107064590
pd	map05200	LOC107064590
pd	map05203	LOC107064590
pd	map05205	LOC107064590
pd	map05211	LOC107064590
pd	map05212	LOC107064590
pd	map03010	LOC107064594
pd	map03010	LOC107064595
pd	map00480	LOC107064597
pd	map00980	LOC107064597
pd	map00982	LOC107064597
pd	map00983	LOC107064597
pd	map01524	LOC107064597
pd	map05200	LOC107064597
pd	map05204	LOC107064597
pd	map05225	LOC107064597
pd	map05418	LOC107064597
pd	map04110	LOC107064600
pd	map04111	LOC107064600
pd	map04113	LOC107064600
pd	map04114	LOC107064600
pd	map04120	LOC107064600
pd	map04914	LOC107064600
pd	map05166	LOC107064600
pd	map00900	LOC107064602
pd	map01100	LOC107064602
pd	map01110	LOC107064602
pd	map01130	LOC107064602
pd	map03022	LOC107064602
pd	map05168	LOC107064602
pd	map00562	LOC107064603
pd	map01100	LOC107064603
pd	map04070	LOC107064603
pd	map04066	LOC107064604
pd	map04216	LOC107064604
pd	map04978	LOC107064604
pd	map03040	LOC107064605
pd	map04657	LOC107064605
pd	map05168	LOC107064605
pd	map03040	LOC107064607
pd	map04657	LOC107064607
pd	map05168	LOC107064607
pd	map04932	LOC107064609
pd	map05200	LOC107064609
pd	map05202	LOC107064609
pd	map05221	LOC107064609
pd	map04060	LOC107064612
pd	map04350	LOC107064612
pd	map04360	LOC107064612
pd	map04390	LOC107064612
pd	map04913	LOC107064612
pd	map04080	LOC107064613
pd	map04730	LOC107064613
pd	map04934	LOC107064613
pd	map03008	LOC107064615
pd	map03040	LOC107064615
pd	map00790	LOC107064616
pd	map01523	LOC107064616
pd	map03050	LOC107064619
pd	map04550	LOC107064623
pd	map04950	LOC107064623
pd	map00130	LOC107064624
pd	map01110	LOC107064624
pd	map04657	LOC107064627
pd	map03040	LOC107064628
pd	map01524	LOC107064633
pd	map04210	LOC107064633
pd	map04215	LOC107064633
pd	map04390	LOC107064633
pd	map05161	LOC107064633
pd	map05200	LOC107064633
pd	map05210	LOC107064633
pd	map04714	LOC107064641
pd	map04714	LOC107064643
pd	map00071	LOC107064646
pd	map00072	LOC107064646
pd	map00280	LOC107064646
pd	map00310	LOC107064646
pd	map00362	LOC107064646
pd	map00380	LOC107064646
pd	map00620	LOC107064646
pd	map00630	LOC107064646
pd	map00640	LOC107064646
pd	map00650	LOC107064646
pd	map00720	LOC107064646
pd	map00900	LOC107064646
pd	map01100	LOC107064646
pd	map01110	LOC107064646
pd	map01120	LOC107064646
pd	map01130	LOC107064646
pd	map01200	LOC107064646
pd	map01212	LOC107064646
pd	map02020	LOC107064646
pd	map04020	LOC107064648
pd	map04024	LOC107064648
pd	map04260	LOC107064648
pd	map04261	LOC107064648
pd	map04371	LOC107064648
pd	map04713	LOC107064648
pd	map04730	LOC107064648
pd	map04911	LOC107064648
pd	map04921	LOC107064648
pd	map04970	LOC107064648
pd	map04972	LOC107064648
pd	map05010	LOC107064648
pd	map05410	LOC107064648
pd	map05412	LOC107064648
pd	map05414	LOC107064648
pd	map04724	LOC107064650
pd	map05014	LOC107064650
pd	map04911	LOC107064652
pd	map04010	LOC107064654
pd	map04141	LOC107064654
pd	map04213	LOC107064654
pd	map04370	LOC107064654
pd	map05146	LOC107064654
pd	map05169	LOC107064654
pd	map05205	LOC107064654
pd	map04723	LOC107064658
pd	map04745	LOC107064658
pd	map04925	LOC107064658
pd	map04010	LOC107064659
pd	map04141	LOC107064659
pd	map04213	LOC107064659
pd	map04370	LOC107064659
pd	map05146	LOC107064659
pd	map05169	LOC107064659
pd	map05205	LOC107064659
pd	map00051	LOC107064660
pd	map00520	LOC107064660
pd	map01100	LOC107064660
pd	map00970	LOC107064668
pd	map00563	LOC107064672
pd	map01100	LOC107064672
pd	map00534	LOC107064679
pd	map01100	LOC107064679
pd	map00520	LOC107064680
pd	map01100	LOC107064680
pd	map03013	LOC107064681
pd	map03010	LOC107064687
pd	map03010	LOC107064691
pd	map04138	LOC107064692
pd	map05165	LOC107064696
pd	map00563	LOC107064698
pd	map01100	LOC107064698
pd	map05202	LOC107064699
pd	map04144	LOC107064701
pd	map00190	LOC107064702
pd	map01100	LOC107064702
pd	map04145	LOC107064702
pd	map04150	LOC107064702
pd	map04721	LOC107064702
pd	map04966	LOC107064702
pd	map05110	LOC107064702
pd	map05120	LOC107064702
pd	map05323	LOC107064702
pd	map00562	LOC107064705
pd	map01100	LOC107064705
pd	map04015	LOC107064705
pd	map04020	LOC107064705
pd	map04022	LOC107064705
pd	map04062	LOC107064705
pd	map04070	LOC107064705
pd	map04071	LOC107064705
pd	map04072	LOC107064705
pd	map04261	LOC107064705
pd	map04270	LOC107064705
pd	map04310	LOC107064705
pd	map04371	LOC107064705
pd	map04540	LOC107064705
pd	map04611	LOC107064705
pd	map04621	LOC107064705
pd	map04713	LOC107064705
pd	map04720	LOC107064705
pd	map04723	LOC107064705
pd	map04724	LOC107064705
pd	map04725	LOC107064705
pd	map04726	LOC107064705
pd	map04728	LOC107064705
pd	map04730	LOC107064705
pd	map04745	LOC107064705
pd	map04750	LOC107064705
pd	map04911	LOC107064705
pd	map04912	LOC107064705
pd	map04915	LOC107064705
pd	map04916	LOC107064705
pd	map04918	LOC107064705
pd	map04919	LOC107064705
pd	map04921	LOC107064705
pd	map04922	LOC107064705
pd	map04924	LOC107064705
pd	map04925	LOC107064705
pd	map04926	LOC107064705
pd	map04927	LOC107064705
pd	map04933	LOC107064705
pd	map04934	LOC107064705
pd	map04961	LOC107064705
pd	map04970	LOC107064705
pd	map04971	LOC107064705
pd	map04972	LOC107064705
pd	map05010	LOC107064705
pd	map05016	LOC107064705
pd	map05142	LOC107064705
pd	map05143	LOC107064705
pd	map05146	LOC107064705
pd	map05200	LOC107064705
pd	map03040	LOC107064711
pd	map04330	LOC107064711
pd	map05169	LOC107064711
pd	map05203	LOC107064711
pd	map04550	LOC107064712
pd	map00230	LOC107064714
pd	map00240	LOC107064714
pd	map00760	LOC107064714
pd	map01100	LOC107064714
pd	map01110	LOC107064714
pd	map00981	LOC107064718
pd	map03015	LOC107064720
pd	map04146	LOC107064723
pd	map04810	LOC107064724
pd	map00052	LOC107064726
pd	map00500	LOC107064726
pd	map01100	LOC107064726
pd	map04974	LOC107064726
pd	map00380	LOC107064745
pd	map00790	LOC107064745
pd	map01100	LOC107064745
pd	map04726	LOC107064745
pd	map03010	LOC107064747
pd	map00770	LOC107064748
pd	map01100	LOC107064748
pd	map04080	LOC107064749
pd	map00230	LOC107064752
pd	map04022	LOC107064752
pd	map04270	LOC107064752
pd	map04540	LOC107064752
pd	map04611	LOC107064752
pd	map04713	LOC107064752
pd	map04730	LOC107064752
pd	map04921	LOC107064752
pd	map04924	LOC107064752
pd	map04970	LOC107064752
pd	map00230	LOC107064753
pd	map04022	LOC107064753
pd	map04270	LOC107064753
pd	map04540	LOC107064753
pd	map04611	LOC107064753
pd	map04713	LOC107064753
pd	map04730	LOC107064753
pd	map04921	LOC107064753
pd	map04924	LOC107064753
pd	map04970	LOC107064753
pd	map00230	LOC107064756
pd	map04022	LOC107064756
pd	map04270	LOC107064756
pd	map04540	LOC107064756
pd	map04611	LOC107064756
pd	map04713	LOC107064756
pd	map04730	LOC107064756
pd	map04921	LOC107064756
pd	map04924	LOC107064756
pd	map04970	LOC107064756
pd	map00250	LOC107064759
pd	map04022	LOC107064764
pd	map04080	LOC107064764
pd	map00480	LOC107064767
pd	map01100	LOC107064767
pd	map04013	LOC107064772
pd	map00250	LOC107064773
pd	map00140	LOC107064774
pd	map04330	LOC107064778
pd	map04658	LOC107064778
pd	map05165	LOC107064778
pd	map00970	LOC107064788
pd	map03010	LOC107064788
pd	map03013	LOC107064798
pd	map04610	LOC107064799
pd	map04080	LOC107064805
pd	map04610	LOC107064805
pd	map04972	LOC107064805
pd	map04974	LOC107064805
pd	map05150	LOC107064805
pd	map05164	LOC107064805
pd	map05206	LOC107064805
pd	map04722	LOC107064807
pd	map05120	LOC107064807
pd	map00130	LOC107064808
pd	map00360	LOC107064808
pd	map00940	LOC107064808
pd	map01100	LOC107064808
pd	map01110	LOC107064808
pd	map00900	LOC107064809
pd	map01110	LOC107064809
pd	map00515	LOC107064811
pd	map01100	LOC107064811
pd	map03018	LOC107064812
pd	map04110	LOC107064818
pd	map04111	LOC107064818
pd	map04113	LOC107064818
pd	map04114	LOC107064818
pd	map04120	LOC107064818
pd	map04914	LOC107064818
pd	map05166	LOC107064818
pd	map05165	LOC107064819
pd	map04024	LOC107064824
pd	map04024	LOC107064826
pd	map04080	LOC107064832
pd	map04972	LOC107064832
pd	map04974	LOC107064832
pd	map05164	LOC107064832
pd	map00230	LOC107064834
pd	map00240	LOC107064834
pd	map01100	LOC107064834
pd	map03030	LOC107064834
pd	map03410	LOC107064834
pd	map03420	LOC107064834
pd	map03430	LOC107064834
pd	map03440	LOC107064834
pd	map05166	LOC107064834
pd	map05034	LOC107064838
pd	map05203	LOC107064838
pd	map05322	LOC107064838
pd	map04514	LOC107064845
pd	map04520	LOC107064845
pd	map04910	LOC107064845
pd	map04931	LOC107064845
pd	map04020	LOC107064846
pd	map04022	LOC107064846
pd	map04080	LOC107064846
pd	map04714	LOC107064846
pd	map04923	LOC107064846
pd	map04924	LOC107064846
pd	map04970	LOC107064846
pd	map04144	LOC107064850
pd	map04666	LOC107064850
pd	map04015	LOC107064851
pd	map04020	LOC107064851
pd	map04022	LOC107064851
pd	map04071	LOC107064851
pd	map04261	LOC107064851
pd	map04270	LOC107064851
pd	map04371	LOC107064851
pd	map04540	LOC107064851
pd	map04611	LOC107064851
pd	map04713	LOC107064851
pd	map04720	LOC107064851
pd	map04723	LOC107064851
pd	map04724	LOC107064851
pd	map04725	LOC107064851
pd	map04726	LOC107064851
pd	map04728	LOC107064851
pd	map04730	LOC107064851
pd	map04745	LOC107064851
pd	map04750	LOC107064851
pd	map04911	LOC107064851
pd	map04912	LOC107064851
pd	map04915	LOC107064851
pd	map04916	LOC107064851
pd	map04918	LOC107064851
pd	map04921	LOC107064851
pd	map04922	LOC107064851
pd	map04924	LOC107064851
pd	map04925	LOC107064851
pd	map04927	LOC107064851
pd	map04934	LOC107064851
pd	map04961	LOC107064851
pd	map04970	LOC107064851
pd	map04971	LOC107064851
pd	map04972	LOC107064851
pd	map05010	LOC107064851
pd	map05016	LOC107064851
pd	map05142	LOC107064851
pd	map05143	LOC107064851
pd	map05146	LOC107064851
pd	map05200	LOC107064851
pd	map00310	LOC107064855
pd	map04360	LOC107064857
pd	map04810	LOC107064857
pd	map00534	LOC107064859
pd	map04217	LOC107064864
pd	map05034	LOC107064864
pd	map05322	LOC107064864
pd	map03320	LOC107064866
pd	map04142	LOC107064866
pd	map04145	LOC107064866
pd	map04152	LOC107064866
pd	map04512	LOC107064866
pd	map04640	LOC107064866
pd	map04913	LOC107064866
pd	map04920	LOC107064866
pd	map04925	LOC107064866
pd	map04927	LOC107064866
pd	map04931	LOC107064866
pd	map04934	LOC107064866
pd	map04975	LOC107064866
pd	map04976	LOC107064866
pd	map04977	LOC107064866
pd	map04979	LOC107064866
pd	map05144	LOC107064866
pd	map05160	LOC107064866
pd	map03320	LOC107064867
pd	map04142	LOC107064867
pd	map04145	LOC107064867
pd	map04152	LOC107064867
pd	map04512	LOC107064867
pd	map04640	LOC107064867
pd	map04913	LOC107064867
pd	map04920	LOC107064867
pd	map04925	LOC107064867
pd	map04927	LOC107064867
pd	map04931	LOC107064867
pd	map04934	LOC107064867
pd	map04975	LOC107064867
pd	map04976	LOC107064867
pd	map04977	LOC107064867
pd	map04979	LOC107064867
pd	map05144	LOC107064867
pd	map05160	LOC107064867
pd	map04014	LOC107064869
pd	map04015	LOC107064869
pd	map04020	LOC107064869
pd	map04024	LOC107064869
pd	map04080	LOC107064869
pd	map04713	LOC107064869
pd	map04720	LOC107064869
pd	map04724	LOC107064869
pd	map05010	LOC107064869
pd	map05014	LOC107064869
pd	map05016	LOC107064869
pd	map05030	LOC107064869
pd	map05031	LOC107064869
pd	map05033	LOC107064869
pd	map05034	LOC107064869
pd	map04144	LOC107064870
pd	map04530	LOC107064875
pd	map04979	LOC107064877
pd	map00190	LOC107064878
pd	map01100	LOC107064878
pd	map04145	LOC107064878
pd	map04150	LOC107064878
pd	map04721	LOC107064878
pd	map04966	LOC107064878
pd	map05110	LOC107064878
pd	map05120	LOC107064878
pd	map05323	LOC107064878
pd	map04150	LOC107064882
pd	map04310	LOC107064882
pd	map04390	LOC107064882
pd	map04550	LOC107064882
pd	map04916	LOC107064882
pd	map04934	LOC107064882
pd	map05165	LOC107064882
pd	map05166	LOC107064882
pd	map05200	LOC107064882
pd	map05205	LOC107064882
pd	map05217	LOC107064882
pd	map05224	LOC107064882
pd	map05225	LOC107064882
pd	map05226	LOC107064882
pd	map04340	LOC107064883
pd	map04341	LOC107064883
pd	map04340	LOC107064884
pd	map04341	LOC107064884
pd	map03460	LOC107064886
pd	map03040	LOC107064892
pd	map05164	LOC107064892
pd	map00564	LOC107064899
pd	map00565	LOC107064899
pd	map00590	LOC107064899
pd	map00591	LOC107064899
pd	map00592	LOC107064899
pd	map01100	LOC107064899
pd	map01110	LOC107064899
pd	map04014	LOC107064899
pd	map04270	LOC107064899
pd	map04750	LOC107064899
pd	map04141	LOC107064903
pd	map00062	LOC107064905
pd	map01040	LOC107064905
pd	map01110	LOC107064905
pd	map01212	LOC107064905
pd	map04145	LOC107064909
pd	map04540	LOC107064909
pd	map05130	LOC107064909
pd	map00052	LOC107064915
pd	map00511	LOC107064915
pd	map00531	LOC107064915
pd	map00600	LOC107064915
pd	map00604	LOC107064915
pd	map01100	LOC107064915
pd	map04142	LOC107064915
pd	map04024	LOC107064919
pd	map04080	LOC107064919
pd	map04727	LOC107064919
pd	map04742	LOC107064919
pd	map04915	LOC107064919
pd	map05032	LOC107064919
pd	map05016	LOC107064937
pd	map03010	LOC107064939
pd	map00190	LOC107064941
pd	map01100	LOC107064941
pd	map04260	LOC107064941
pd	map04714	LOC107064941
pd	map04932	LOC107064941
pd	map05010	LOC107064941
pd	map05012	LOC107064941
pd	map05016	LOC107064941
pd	map01100	LOC107064943
pd	map04020	LOC107064955
pd	map04022	LOC107064955
pd	map04024	LOC107064955
pd	map04261	LOC107064955
pd	map04925	LOC107064955
pd	map04970	LOC107064955
pd	map04972	LOC107064955
pd	map05110	LOC107064956
pd	map00190	LOC107064959
pd	map01100	LOC107064959
pd	map04714	LOC107064959
pd	map04723	LOC107064959
pd	map04932	LOC107064959
pd	map05010	LOC107064959
pd	map05012	LOC107064959
pd	map05016	LOC107064959
pd	map01100	LOC107064961
pd	map04212	LOC107064962
pd	map05168	LOC107064962
pd	map00010	LOC107064963
pd	map00270	LOC107064963
pd	map00620	LOC107064963
pd	map00640	LOC107064963
pd	map01100	LOC107064963
pd	map01110	LOC107064963
pd	map01120	LOC107064963
pd	map01130	LOC107064963
pd	map04922	LOC107064963
pd	map04130	LOC107064966
pd	map05202	LOC107064968
pd	map05166	LOC107064969
pd	map04212	LOC107064972
pd	map04010	LOC107064973
pd	map04013	LOC107064973
pd	map04140	LOC107064974
pd	map05167	LOC107064974
pd	map05166	LOC107064975
pd	map03040	LOC107064976
pd	map03050	LOC107064979
pd	map03018	LOC107064981
pd	map03018	LOC107064983
pd	map00600	LOC107064984
pd	map01100	LOC107064984
pd	map04071	LOC107064984
pd	map00240	LOC107064985
pd	map00410	LOC107064985
pd	map00770	LOC107064985
pd	map00983	LOC107064985
pd	map01100	LOC107064985
pd	map04360	LOC107064985
pd	map03030	LOC107064986
pd	map00750	LOC107064991
pd	map01100	LOC107064991
pd	map00190	LOC107064993
pd	map01100	LOC107064993
pd	map04714	LOC107064993
pd	map00770	LOC107064995
pd	map01100	LOC107064995
pd	map00900	LOC107064996
pd	map01130	LOC107064996
pd	map04340	LOC107064997
pd	map04341	LOC107064997
pd	map04360	LOC107064997
pd	map05200	LOC107064997
pd	map05205	LOC107064997
pd	map05217	LOC107064997
pd	map03010	LOC107065001
pd	map00520	LOC107065007
pd	map04964	LOC107065010
pd	map03040	LOC107065012
pd	map03013	LOC107065014
pd	map00230	LOC107065015
pd	map00240	LOC107065015
pd	map01100	LOC107065015
pd	map03020	LOC107065015
pd	map05016	LOC107065015
pd	map05169	LOC107065015
pd	map00230	LOC107065017
pd	map04927	LOC107065017
pd	map04934	LOC107065017
pd	map05032	LOC107065017
pd	map00860	LOC107065023
pd	map00970	LOC107065023
pd	map01100	LOC107065023
pd	map01110	LOC107065023
pd	map01120	LOC107065023
pd	map04060	LOC107065025
pd	map04657	LOC107065025
pd	map00240	LOC107065026
pd	map01100	LOC107065026
pd	map03010	LOC107065026
pd	map03018	LOC107065028
pd	map05202	LOC107065030
pd	map04142	LOC107065035
pd	map04141	LOC107065042
pd	map04015	LOC107065043
pd	map04024	LOC107065043
pd	map04080	LOC107065043
pd	map04540	LOC107065043
pd	map04728	LOC107065043
pd	map05012	LOC107065043
pd	map05030	LOC107065043
pd	map05034	LOC107065043
pd	map04015	LOC107065045
pd	map04611	LOC107065045
pd	map04144	LOC107065046
pd	map00512	LOC107065049
pd	map01100	LOC107065049
pd	map04360	LOC107065050
pd	map04724	LOC107065050
pd	map04726	LOC107065050
pd	map04745	LOC107065050
pd	map04972	LOC107065050
pd	map00562	LOC107065055
pd	map01100	LOC107065055
pd	map04015	LOC107065055
pd	map04020	LOC107065055
pd	map04022	LOC107065055
pd	map04062	LOC107065055
pd	map04070	LOC107065055
pd	map04071	LOC107065055
pd	map04072	LOC107065055
pd	map04261	LOC107065055
pd	map04270	LOC107065055
pd	map04310	LOC107065055
pd	map04371	LOC107065055
pd	map04540	LOC107065055
pd	map04611	LOC107065055
pd	map04621	LOC107065055
pd	map04713	LOC107065055
pd	map04720	LOC107065055
pd	map04723	LOC107065055
pd	map04724	LOC107065055
pd	map04725	LOC107065055
pd	map04726	LOC107065055
pd	map04728	LOC107065055
pd	map04730	LOC107065055
pd	map04745	LOC107065055
pd	map04750	LOC107065055
pd	map04911	LOC107065055
pd	map04912	LOC107065055
pd	map04915	LOC107065055
pd	map04916	LOC107065055
pd	map04918	LOC107065055
pd	map04919	LOC107065055
pd	map04921	LOC107065055
pd	map04922	LOC107065055
pd	map04924	LOC107065055
pd	map04925	LOC107065055
pd	map04926	LOC107065055
pd	map04927	LOC107065055
pd	map04933	LOC107065055
pd	map04934	LOC107065055
pd	map04961	LOC107065055
pd	map04970	LOC107065055
pd	map04971	LOC107065055
pd	map04972	LOC107065055
pd	map05010	LOC107065055
pd	map05016	LOC107065055
pd	map05142	LOC107065055
pd	map05143	LOC107065055
pd	map05146	LOC107065055
pd	map05200	LOC107065055
pd	map03440	LOC107065061
pd	map03460	LOC107065061
pd	map00072	LOC107065064
pd	map00650	LOC107065064
pd	map01100	LOC107065064
pd	map03015	LOC107065065
pd	map00010	LOC107065066
pd	map00270	LOC107065066
pd	map00620	LOC107065066
pd	map00640	LOC107065066
pd	map01100	LOC107065066
pd	map01110	LOC107065066
pd	map01120	LOC107065066
pd	map01130	LOC107065066
pd	map04922	LOC107065066
pd	map00240	LOC107065072
pd	map00670	LOC107065072
pd	map01100	LOC107065072
pd	map01523	LOC107065072
pd	map00730	LOC107065083
pd	map00790	LOC107065083
pd	map01100	LOC107065083
pd	map02020	LOC107065083
pd	map05202	LOC107065084
pd	map04010	LOC107065095
pd	map00562	LOC107065098
pd	map01100	LOC107065098
pd	map04020	LOC107065098
pd	map04070	LOC107065098
pd	map04020	LOC107065103
pd	map04022	LOC107065103
pd	map04972	LOC107065103
pd	map05010	LOC107065103
pd	map03015	LOC107065105
pd	map00062	LOC107065110
pd	map00071	LOC107065110
pd	map00280	LOC107065110
pd	map00310	LOC107065110
pd	map00380	LOC107065110
pd	map00410	LOC107065110
pd	map00627	LOC107065110
pd	map00640	LOC107065110
pd	map00650	LOC107065110
pd	map00930	LOC107065110
pd	map01040	LOC107065110
pd	map01100	LOC107065110
pd	map01110	LOC107065110
pd	map01120	LOC107065110
pd	map01130	LOC107065110
pd	map01200	LOC107065110
pd	map01212	LOC107065110
pd	map03040	LOC107065113
pd	map04015	LOC107065114
pd	map04520	LOC107065114
pd	map03040	LOC107065118
pd	map03040	LOC107065119
pd	map00430	LOC107065120
pd	map00460	LOC107065120
pd	map00480	LOC107065120
pd	map01100	LOC107065120
pd	map00010	LOC107065121
pd	map00620	LOC107065121
pd	map00640	LOC107065121
pd	map00680	LOC107065121
pd	map00720	LOC107065121
pd	map01100	LOC107065121
pd	map01110	LOC107065121
pd	map01120	LOC107065121
pd	map01130	LOC107065121
pd	map01200	LOC107065121
pd	map04152	LOC107065123
pd	map04211	LOC107065123
pd	map04920	LOC107065123
pd	map04932	LOC107065123
pd	map04137	LOC107065124
pd	map03040	LOC107065126
pd	map05168	LOC107065126
pd	map00010	LOC107065127
pd	map00680	LOC107065127
pd	map01100	LOC107065127
pd	map01110	LOC107065127
pd	map01120	LOC107065127
pd	map01130	LOC107065127
pd	map01200	LOC107065127
pd	map01230	LOC107065127
pd	map03018	LOC107065127
pd	map04066	LOC107065127
pd	map04217	LOC107065128
pd	map05034	LOC107065128
pd	map05322	LOC107065128
pd	map01522	LOC107065129
pd	map01524	LOC107065129
pd	map04068	LOC107065129
pd	map04110	LOC107065129
pd	map04115	LOC107065129
pd	map04120	LOC107065129
pd	map04144	LOC107065129
pd	map04151	LOC107065129
pd	map04218	LOC107065129
pd	map04919	LOC107065129
pd	map05165	LOC107065129
pd	map05169	LOC107065129
pd	map05200	LOC107065129
pd	map05202	LOC107065129
pd	map05203	LOC107065129
pd	map05205	LOC107065129
pd	map05206	LOC107065129
pd	map05214	LOC107065129
pd	map05215	LOC107065129
pd	map05218	LOC107065129
pd	map05219	LOC107065129
pd	map05220	LOC107065129
pd	map03013	LOC107065130
pd	map00071	LOC107065131
pd	map01212	LOC107065131
pd	map03320	LOC107065131
pd	map04714	LOC107065131
pd	map00190	LOC107065134
pd	map01100	LOC107065134
pd	map04142	LOC107065134
pd	map04145	LOC107065134
pd	map04721	LOC107065134
pd	map05110	LOC107065134
pd	map05120	LOC107065134
pd	map05152	LOC107065134
pd	map05323	LOC107065134
pd	map03440	LOC107065138
pd	map03018	LOC107065140
pd	map03040	LOC107065140
pd	map04360	LOC107065141
pd	map01521	LOC107065142
pd	map04010	LOC107065142
pd	map04014	LOC107065142
pd	map04015	LOC107065142
pd	map04144	LOC107065142
pd	map04151	LOC107065142
pd	map04520	LOC107065142
pd	map04550	LOC107065142
pd	map04714	LOC107065142
pd	map04810	LOC107065142
pd	map05200	LOC107065142
pd	map05205	LOC107065142
pd	map05206	LOC107065142
pd	map05215	LOC107065142
pd	map05216	LOC107065142
pd	map05218	LOC107065142
pd	map05219	LOC107065142
pd	map05224	LOC107065142
pd	map05226	LOC107065142
pd	map05230	LOC107065142
pd	map04510	LOC107065149
pd	map04520	LOC107065149
pd	map04670	LOC107065149
pd	map04810	LOC107065149
pd	map05100	LOC107065149
pd	map05131	LOC107065149
pd	map05146	LOC107065149
pd	map03022	LOC107065151
pd	map01521	LOC107065155
pd	map01522	LOC107065155
pd	map04012	LOC107065155
pd	map04013	LOC107065155
pd	map04015	LOC107065155
pd	map04062	LOC107065155
pd	map04071	LOC107065155
pd	map04072	LOC107065155
pd	map04137	LOC107065155
pd	map04144	LOC107065155
pd	map04360	LOC107065155
pd	map04370	LOC107065155
pd	map04380	LOC107065155
pd	map04510	LOC107065155
pd	map04520	LOC107065155
pd	map04530	LOC107065155
pd	map04540	LOC107065155
pd	map04611	LOC107065155
pd	map04650	LOC107065155
pd	map04660	LOC107065155
pd	map04664	LOC107065155
pd	map04725	LOC107065155
pd	map04727	LOC107065155
pd	map04750	LOC107065155
pd	map04810	LOC107065155
pd	map04912	LOC107065155
pd	map04915	LOC107065155
pd	map04917	LOC107065155
pd	map04919	LOC107065155
pd	map04921	LOC107065155
pd	map04926	LOC107065155
pd	map05020	LOC107065155
pd	map05100	LOC107065155
pd	map05120	LOC107065155
pd	map05130	LOC107065155
pd	map05131	LOC107065155
pd	map05152	LOC107065155
pd	map05161	LOC107065155
pd	map05162	LOC107065155
pd	map05167	LOC107065155
pd	map05203	LOC107065155
pd	map05205	LOC107065155
pd	map05219	LOC107065155
pd	map05416	LOC107065155
pd	map05418	LOC107065155
pd	map04146	LOC107065157
pd	map00230	LOC107065160
pd	map01522	LOC107065160
pd	map02025	LOC107065160
pd	map04015	LOC107065160
pd	map04020	LOC107065160
pd	map04022	LOC107065160
pd	map04024	LOC107065160
pd	map04062	LOC107065160
pd	map04072	LOC107065160
pd	map04113	LOC107065160
pd	map04114	LOC107065160
pd	map04211	LOC107065160
pd	map04213	LOC107065160
pd	map04261	LOC107065160
pd	map04270	LOC107065160
pd	map04371	LOC107065160
pd	map04540	LOC107065160
pd	map04611	LOC107065160
pd	map04713	LOC107065160
pd	map04714	LOC107065160
pd	map04720	LOC107065160
pd	map04723	LOC107065160
pd	map04724	LOC107065160
pd	map04725	LOC107065160
pd	map04726	LOC107065160
pd	map04727	LOC107065160
pd	map04728	LOC107065160
pd	map04740	LOC107065160
pd	map04742	LOC107065160
pd	map04750	LOC107065160
pd	map04911	LOC107065160
pd	map04912	LOC107065160
pd	map04913	LOC107065160
pd	map04914	LOC107065160
pd	map04915	LOC107065160
pd	map04916	LOC107065160
pd	map04918	LOC107065160
pd	map04921	LOC107065160
pd	map04923	LOC107065160
pd	map04924	LOC107065160
pd	map04925	LOC107065160
pd	map04926	LOC107065160
pd	map04927	LOC107065160
pd	map04934	LOC107065160
pd	map04962	LOC107065160
pd	map04970	LOC107065160
pd	map04971	LOC107065160
pd	map04972	LOC107065160
pd	map04976	LOC107065160
pd	map05012	LOC107065160
pd	map05030	LOC107065160
pd	map05031	LOC107065160
pd	map05032	LOC107065160
pd	map05034	LOC107065160
pd	map05110	LOC107065160
pd	map05166	LOC107065160
pd	map05200	LOC107065160
pd	map05414	LOC107065160
pd	map00190	LOC107065161
pd	map01100	LOC107065161
pd	map02020	LOC107065161
pd	map04260	LOC107065161
pd	map04714	LOC107065161
pd	map04932	LOC107065161
pd	map05010	LOC107065161
pd	map05012	LOC107065161
pd	map05016	LOC107065161
pd	map04624	LOC107065162
pd	map01522	LOC107065163
pd	map04330	LOC107065163
pd	map04658	LOC107065163
pd	map05200	LOC107065163
pd	map05224	LOC107065163
pd	map03018	LOC107065165
pd	map03010	LOC107065169
pd	map00310	LOC107065173
pd	map03013	LOC107065173
pd	map00310	LOC107065174
pd	map03013	LOC107065174
pd	map03040	LOC107065181
pd	map03010	LOC107065183
pd	map04711	LOC107065184
pd	map04015	LOC107065186
pd	map04024	LOC107065186
pd	map04080	LOC107065186
pd	map04540	LOC107065186
pd	map04728	LOC107065186
pd	map05012	LOC107065186
pd	map05030	LOC107065186
pd	map05034	LOC107065186
pd	map00510	LOC107065187
pd	map00513	LOC107065187
pd	map01100	LOC107065187
pd	map04022	LOC107065197
pd	map04141	LOC107065197
pd	map04151	LOC107065197
pd	map04211	LOC107065197
pd	map04261	LOC107065197
pd	map04668	LOC107065197
pd	map04728	LOC107065197
pd	map04911	LOC107065197
pd	map04915	LOC107065197
pd	map04918	LOC107065197
pd	map04925	LOC107065197
pd	map04926	LOC107065197
pd	map04927	LOC107065197
pd	map04934	LOC107065197
pd	map05010	LOC107065197
pd	map05030	LOC107065197
pd	map05031	LOC107065197
pd	map05034	LOC107065197
pd	map05161	LOC107065197
pd	map05203	LOC107065197
pd	map00190	LOC107065202
pd	map01100	LOC107065202
pd	map04714	LOC107065202
pd	map00061	LOC107065206
pd	map00071	LOC107065206
pd	map01100	LOC107065206
pd	map01212	LOC107065206
pd	map02024	LOC107065206
pd	map03320	LOC107065206
pd	map04146	LOC107065206
pd	map04216	LOC107065206
pd	map04714	LOC107065206
pd	map04920	LOC107065206
pd	map03013	LOC107065208
pd	map03015	LOC107065208
pd	map03440	LOC107065210
pd	map03040	LOC107065212
pd	map00564	LOC107065215
pd	map01100	LOC107065215
pd	map05231	LOC107065215
pd	map04390	LOC107065216
pd	map04391	LOC107065216
pd	map04392	LOC107065216
pd	map00010	LOC107065219
pd	map00052	LOC107065219
pd	map01100	LOC107065219
pd	map01110	LOC107065219
pd	map01120	LOC107065219
pd	map01130	LOC107065219
pd	map00240	LOC107065223
pd	map01100	LOC107065223
pd	map00190	LOC107065225
pd	map01100	LOC107065225
pd	map04142	LOC107065225
pd	map04145	LOC107065225
pd	map04721	LOC107065225
pd	map04966	LOC107065225
pd	map05110	LOC107065225
pd	map05120	LOC107065225
pd	map05152	LOC107065225
pd	map05203	LOC107065225
pd	map05323	LOC107065225
pd	map04927	LOC107065233
pd	map04934	LOC107065233
pd	map04950	LOC107065233
pd	map00260	LOC107065234
pd	map00630	LOC107065234
pd	map01100	LOC107065234
pd	map01110	LOC107065234
pd	map01130	LOC107065234
pd	map01200	LOC107065234
pd	map03040	LOC107065235
pd	map00071	LOC107065239
pd	map00280	LOC107065239
pd	map00410	LOC107065239
pd	map00640	LOC107065239
pd	map01100	LOC107065239
pd	map01110	LOC107065239
pd	map01130	LOC107065239
pd	map01200	LOC107065239
pd	map01212	LOC107065239
pd	map03320	LOC107065239
pd	map03030	LOC107065240
pd	map03410	LOC107065240
pd	map03420	LOC107065240
pd	map03430	LOC107065240
pd	map04110	LOC107065240
pd	map04530	LOC107065240
pd	map05161	LOC107065240
pd	map05166	LOC107065240
pd	map05202	LOC107065241
pd	map00561	LOC107065246
pd	map01100	LOC107065246
pd	map04972	LOC107065246
pd	map04975	LOC107065246
pd	map04977	LOC107065246
pd	map04214	LOC107065247
pd	map04390	LOC107065247
pd	map04391	LOC107065247
pd	map04392	LOC107065247
pd	map00190	LOC107065249
pd	map00534	LOC107065253
pd	map01100	LOC107065253
pd	map05100	LOC107065254
pd	map03015	LOC107065258
pd	map04013	LOC107065258
pd	map04071	LOC107065258
pd	map04111	LOC107065258
pd	map04113	LOC107065258
pd	map04114	LOC107065258
pd	map04136	LOC107065258
pd	map04138	LOC107065258
pd	map04140	LOC107065258
pd	map04151	LOC107065258
pd	map04152	LOC107065258
pd	map04261	LOC107065258
pd	map04350	LOC107065258
pd	map04390	LOC107065258
pd	map04391	LOC107065258
pd	map04530	LOC107065258
pd	map04728	LOC107065258
pd	map04730	LOC107065258
pd	map05142	LOC107065258
pd	map05160	LOC107065258
pd	map05165	LOC107065258
pd	map04391	LOC107065261
pd	map04530	LOC107065261
pd	map05034	LOC107065263
pd	map05202	LOC107065263
pd	map05203	LOC107065263
pd	map05322	LOC107065263
pd	map00981	LOC107065264
pd	map03015	LOC107065266
pd	map04371	LOC107065270
pd	map05016	LOC107065270
pd	map03018	LOC107065273
pd	map00561	LOC107065275
pd	map01100	LOC107065275
pd	map04972	LOC107065275
pd	map04975	LOC107065275
pd	map04977	LOC107065275
pd	map03320	LOC107065277
pd	map04151	LOC107065277
pd	map04659	LOC107065277
pd	map04919	LOC107065277
pd	map04920	LOC107065277
pd	map04932	LOC107065277
pd	map04976	LOC107065277
pd	map05160	LOC107065277
pd	map05200	LOC107065277
pd	map05202	LOC107065277
pd	map05216	LOC107065277
pd	map05222	LOC107065277
pd	map05223	LOC107065277
pd	map05226	LOC107065277
pd	map00521	LOC107065278
pd	map00562	LOC107065278
pd	map01100	LOC107065278
pd	map04070	LOC107065278
pd	map00564	LOC107065279
pd	map00983	LOC107065279
pd	map01100	LOC107065279
pd	map04725	LOC107065279
pd	map00562	LOC107065280
pd	map01100	LOC107065280
pd	map04070	LOC107065280
pd	map03018	LOC107065281
pd	map04142	LOC107065285
pd	map01521	LOC107065288
pd	map04010	LOC107065288
pd	map04014	LOC107065288
pd	map01100	LOC107065289
pd	map04139	LOC107065289
pd	map04391	LOC107065291
pd	map04150	LOC107065293
pd	map04152	LOC107065293
pd	map04972	LOC107065294
pd	map04974	LOC107065294
pd	map04136	LOC107065296
pd	map04138	LOC107065296
pd	map04140	LOC107065296
pd	map05167	LOC107065296
pd	map04514	LOC107065299
pd	map05020	LOC107065299
pd	map00510	LOC107065301
pd	map00513	LOC107065301
pd	map01100	LOC107065301
pd	map04152	LOC107065302
pd	map04910	LOC107065302
pd	map04931	LOC107065302
pd	map04932	LOC107065302
pd	map05146	LOC107065304
pd	map04144	LOC107065306
pd	map04979	LOC107065306
pd	map04015	LOC107065308
pd	map04020	LOC107065308
pd	map04024	LOC107065308
pd	map04080	LOC107065308
pd	map04270	LOC107065308
pd	map05012	LOC107065308
pd	map05034	LOC107065308
pd	map00230	LOC107065309
pd	map00250	LOC107065309
pd	map01100	LOC107065309
pd	map01110	LOC107065309
pd	map01130	LOC107065309
pd	map00230	LOC107065310
pd	map01100	LOC107065310
pd	map01110	LOC107065310
pd	map01130	LOC107065310
pd	map00240	LOC107065311
pd	map00983	LOC107065311
pd	map01100	LOC107065311
pd	map03460	LOC107065318
pd	map00052	LOC107065319
pd	map00510	LOC107065319
pd	map00512	LOC107065319
pd	map00513	LOC107065319
pd	map00514	LOC107065319
pd	map00515	LOC107065319
pd	map00533	LOC107065319
pd	map00600	LOC107065319
pd	map00601	LOC107065319
pd	map01100	LOC107065319
pd	map00515	LOC107065322
pd	map00532	LOC107065322
pd	map00534	LOC107065322
pd	map01100	LOC107065322
pd	map00010	LOC107065323
pd	map00071	LOC107065323
pd	map00350	LOC107065323
pd	map00625	LOC107065323
pd	map00626	LOC107065323
pd	map00680	LOC107065323
pd	map00830	LOC107065323
pd	map00980	LOC107065323
pd	map00982	LOC107065323
pd	map01100	LOC107065323
pd	map01110	LOC107065323
pd	map01120	LOC107065323
pd	map01130	LOC107065323
pd	map01200	LOC107065323
pd	map01220	LOC107065323
pd	map05204	LOC107065323
pd	map00600	LOC107065328
pd	map01100	LOC107065328
pd	map04714	LOC107065333
pd	map04977	LOC107065338
pd	map04064	LOC107065342
pd	map04214	LOC107065342
pd	map04217	LOC107065342
pd	map04620	LOC107065342
pd	map04621	LOC107065342
pd	map04622	LOC107065342
pd	map04657	LOC107065342
pd	map04668	LOC107065342
pd	map05160	LOC107065342
pd	map05165	LOC107065342
pd	map05167	LOC107065342
pd	map05168	LOC107065342
pd	map05169	LOC107065342
pd	map05200	LOC107065342
pd	map05203	LOC107065342
pd	map05222	LOC107065342
pd	map03015	LOC107065345
pd	map03013	LOC107065346
pd	map04011	LOC107065346
pd	map04111	LOC107065346
pd	map04974	LOC107065353
pd	map04140	LOC107065354
pd	map04211	LOC107065354
pd	map00562	LOC107065372
pd	map01100	LOC107065372
pd	map04070	LOC107065372
pd	map04261	LOC107065374
pd	map04725	LOC107065374
pd	map04971	LOC107065374
pd	map04972	LOC107065374
pd	map04974	LOC107065374
pd	map05110	LOC107065374
pd	map03015	LOC107065384
pd	map04022	LOC107065384
pd	map04024	LOC107065384
pd	map04113	LOC107065384
pd	map04114	LOC107065384
pd	map04144	LOC107065384
pd	map04218	LOC107065384
pd	map04261	LOC107065384
pd	map04270	LOC107065384
pd	map04390	LOC107065384
pd	map04510	LOC107065384
pd	map04611	LOC107065384
pd	map04720	LOC107065384
pd	map04728	LOC107065384
pd	map04750	LOC107065384
pd	map04810	LOC107065384
pd	map04910	LOC107065384
pd	map04915	LOC107065384
pd	map04921	LOC107065384
pd	map04931	LOC107065384
pd	map05031	LOC107065384
pd	map05034	LOC107065384
pd	map05168	LOC107065384
pd	map05205	LOC107065384
pd	map03018	LOC107065385
pd	map04142	LOC107065386
pd	map04144	LOC107065386
pd	map04721	LOC107065386
pd	map04961	LOC107065386
pd	map05016	LOC107065386
pd	map05100	LOC107065386
pd	map04010	LOC107065392
pd	map05200	LOC107065392
pd	map05202	LOC107065392
pd	map05222	LOC107065392
pd	map00563	LOC107065394
pd	map04610	LOC107065395
pd	map04624	LOC107065395
pd	map05150	LOC107065395
pd	map04115	LOC107065400
pd	map04080	LOC107065403
pd	map04610	LOC107065403
pd	map04972	LOC107065403
pd	map04974	LOC107065403
pd	map05164	LOC107065403
pd	map04144	LOC107065405
pd	map04728	LOC107065405
pd	map04010	LOC107065410
pd	map04014	LOC107065410
pd	map04015	LOC107065410
pd	map04151	LOC107065410
pd	map04810	LOC107065410
pd	map05200	LOC107065410
pd	map05218	LOC107065410
pd	map05224	LOC107065410
pd	map05226	LOC107065410
pd	map03013	LOC107065414
pd	map04391	LOC107065415
pd	map04392	LOC107065415
pd	map00270	LOC107065418
pd	map00480	LOC107065418
pd	map01100	LOC107065418
pd	map04216	LOC107065418
pd	map01524	LOC107065423
pd	map04010	LOC107065423
pd	map04115	LOC107065423
pd	map04210	LOC107065423
pd	map04214	LOC107065423
pd	map04215	LOC107065423
pd	map04650	LOC107065423
pd	map04657	LOC107065423
pd	map04668	LOC107065423
pd	map04726	LOC107065423
pd	map04932	LOC107065423
pd	map04933	LOC107065423
pd	map05010	LOC107065423
pd	map05012	LOC107065423
pd	map05014	LOC107065423
pd	map05016	LOC107065423
pd	map05120	LOC107065423
pd	map05133	LOC107065423
pd	map05134	LOC107065423
pd	map05145	LOC107065423
pd	map05146	LOC107065423
pd	map05152	LOC107065423
pd	map05161	LOC107065423
pd	map05165	LOC107065423
pd	map05167	LOC107065423
pd	map05168	LOC107065423
pd	map05200	LOC107065423
pd	map05203	LOC107065423
pd	map05205	LOC107065423
pd	map05206	LOC107065423
pd	map05210	LOC107065423
pd	map05222	LOC107065423
pd	map05416	LOC107065423
pd	map03022	LOC107065424
pd	map03420	LOC107065424
pd	map05203	LOC107065424
pd	map03013	LOC107065432
pd	map05418	LOC107065432
pd	map04910	LOC107065443
pd	map04142	LOC107065446
pd	map04721	LOC107065446
pd	map04723	LOC107065446
pd	map04724	LOC107065446
pd	map05033	LOC107065446
pd	map04136	LOC107065448
pd	map04138	LOC107065448
pd	map04140	LOC107065448
pd	map04970	LOC107065452
pd	map04972	LOC107065452
pd	map05110	LOC107065452
pd	map00970	LOC107065454
pd	map03013	LOC107065460
pd	map05010	LOC107065461
pd	map00970	LOC107065464
pd	map00860	LOC107065466
pd	map01100	LOC107065466
pd	map01110	LOC107065466
pd	map00230	LOC107065468
pd	map00240	LOC107065468
pd	map01100	LOC107065468
pd	map03020	LOC107065468
pd	map05016	LOC107065468
pd	map05169	LOC107065468
pd	map05202	LOC107065470
pd	map05206	LOC107065470
pd	map03040	LOC107065471
pd	map04115	LOC107065473
pd	map04120	LOC107065473
pd	map04712	LOC107065473
pd	map03013	LOC107065475
pd	map03040	LOC107065475
pd	map01524	LOC107065476
pd	map03430	LOC107065476
pd	map03460	LOC107065476
pd	map05200	LOC107065476
pd	map05210	LOC107065476
pd	map05213	LOC107065476
pd	map05226	LOC107065476
pd	map03040	LOC107065477
pd	map04010	LOC107065477
pd	map04141	LOC107065477
pd	map04144	LOC107065477
pd	map04213	LOC107065477
pd	map04612	LOC107065477
pd	map04915	LOC107065477
pd	map05134	LOC107065477
pd	map05145	LOC107065477
pd	map05162	LOC107065477
pd	map05164	LOC107065477
pd	map05169	LOC107065477
pd	map04972	LOC107065478
pd	map04974	LOC107065478
pd	map03013	LOC107065490
pd	map03015	LOC107065490
pd	map03040	LOC107065490
pd	map04010	LOC107065491
pd	map04013	LOC107065491
pd	map04014	LOC107065491
pd	map04015	LOC107065491
pd	map04024	LOC107065491
pd	map04062	LOC107065491
pd	map04071	LOC107065491
pd	map04145	LOC107065491
pd	map04151	LOC107065491
pd	map04310	LOC107065491
pd	map04360	LOC107065491
pd	map04370	LOC107065491
pd	map04380	LOC107065491
pd	map04510	LOC107065491
pd	map04520	LOC107065491
pd	map04530	LOC107065491
pd	map04620	LOC107065491
pd	map04650	LOC107065491
pd	map04662	LOC107065491
pd	map04664	LOC107065491
pd	map04666	LOC107065491
pd	map04670	LOC107065491
pd	map04722	LOC107065491
pd	map04810	LOC107065491
pd	map04932	LOC107065491
pd	map04933	LOC107065491
pd	map04972	LOC107065491
pd	map05014	LOC107065491
pd	map05100	LOC107065491
pd	map05120	LOC107065491
pd	map05131	LOC107065491
pd	map05132	LOC107065491
pd	map05167	LOC107065491
pd	map05200	LOC107065491
pd	map05203	LOC107065491
pd	map05205	LOC107065491
pd	map05210	LOC107065491
pd	map05211	LOC107065491
pd	map05212	LOC107065491
pd	map05231	LOC107065491
pd	map05416	LOC107065491
pd	map05418	LOC107065491
pd	map00130	LOC107065493
pd	map00350	LOC107065493
pd	map00360	LOC107065493
pd	map01100	LOC107065493
pd	map04714	LOC107065500
pd	map04610	LOC107065501
pd	map04624	LOC107065501
pd	map05150	LOC107065501
pd	map04624	LOC107065502
pd	map04310	LOC107065508
pd	map04330	LOC107065508
pd	map05200	LOC107065508
pd	map05220	LOC107065508
pd	map03420	LOC107065511
pd	map00140	LOC107065514
pd	map04146	LOC107065515
pd	map00270	LOC107065517
pd	map00480	LOC107065517
pd	map01100	LOC107065517
pd	map04212	LOC107065517
pd	map04216	LOC107065517
pd	map05202	LOC107065527
pd	map01522	LOC107065528
pd	map04010	LOC107065528
pd	map04011	LOC107065528
pd	map04013	LOC107065528
pd	map04015	LOC107065528
pd	map04068	LOC107065528
pd	map04071	LOC107065528
pd	map04139	LOC107065528
pd	map04212	LOC107065528
pd	map04218	LOC107065528
pd	map04261	LOC107065528
pd	map04370	LOC107065528
pd	map04380	LOC107065528
pd	map04550	LOC107065528
pd	map04611	LOC107065528
pd	map04620	LOC107065528
pd	map04621	LOC107065528
pd	map04622	LOC107065528
pd	map04624	LOC107065528
pd	map04657	LOC107065528
pd	map04658	LOC107065528
pd	map04659	LOC107065528
pd	map04660	LOC107065528
pd	map04664	LOC107065528
pd	map04668	LOC107065528
pd	map04670	LOC107065528
pd	map04714	LOC107065528
pd	map04722	LOC107065528
pd	map04723	LOC107065528
pd	map04728	LOC107065528
pd	map04750	LOC107065528
pd	map04912	LOC107065528
pd	map04914	LOC107065528
pd	map04917	LOC107065528
pd	map04926	LOC107065528
pd	map04933	LOC107065528
pd	map05014	LOC107065528
pd	map05120	LOC107065528
pd	map05131	LOC107065528
pd	map05132	LOC107065528
pd	map05133	LOC107065528
pd	map05140	LOC107065528
pd	map05142	LOC107065528
pd	map05145	LOC107065528
pd	map05152	LOC107065528
pd	map05160	LOC107065528
pd	map05164	LOC107065528
pd	map05167	LOC107065528
pd	map05169	LOC107065528
pd	map05205	LOC107065528
pd	map05418	LOC107065528
pd	map04144	LOC107065529
pd	map04010	LOC107065531
pd	map04020	LOC107065531
pd	map04713	LOC107065531
pd	map04742	LOC107065531
pd	map04925	LOC107065531
pd	map04927	LOC107065531
pd	map04934	LOC107065531
pd	map00515	LOC107065533
pd	map01100	LOC107065533
pd	map00532	LOC107065534
pd	map00533	LOC107065534
pd	map04068	LOC107065535
pd	map04115	LOC107065535
pd	map00061	LOC107065536
pd	map01100	LOC107065536
pd	map01212	LOC107065536
pd	map04152	LOC107065536
pd	map04910	LOC107065536
pd	map01521	LOC107065537
pd	map03013	LOC107065537
pd	map04066	LOC107065537
pd	map04150	LOC107065537
pd	map04151	LOC107065537
pd	map04211	LOC107065537
pd	map04910	LOC107065537
pd	map00040	LOC107065541
pd	map00053	LOC107065541
pd	map00140	LOC107065541
pd	map00830	LOC107065541
pd	map00860	LOC107065541
pd	map00980	LOC107065541
pd	map00982	LOC107065541
pd	map00983	LOC107065541
pd	map01100	LOC107065541
pd	map01110	LOC107065541
pd	map05204	LOC107065541
pd	map00140	LOC107065542
pd	map01524	LOC107065546
pd	map04010	LOC107065546
pd	map04013	LOC107065546
pd	map04071	LOC107065546
pd	map04141	LOC107065546
pd	map04210	LOC107065546
pd	map04214	LOC107065546
pd	map04530	LOC107065546
pd	map04668	LOC107065546
pd	map04714	LOC107065546
pd	map04722	LOC107065546
pd	map04932	LOC107065546
pd	map05014	LOC107065546
pd	map05418	LOC107065546
pd	map04614	LOC107065547
pd	map04924	LOC107065547
pd	map05142	LOC107065547
pd	map05410	LOC107065547
pd	map04141	LOC107065549
pd	map00051	LOC107065550
pd	map00520	LOC107065550
pd	map01100	LOC107065550
pd	map01110	LOC107065550
pd	map04141	LOC107065550
pd	map04931	LOC107065551
pd	map04144	LOC107065559
pd	map04217	LOC107065559
pd	map04013	LOC107065564
pd	map04391	LOC107065564
pd	map04390	LOC107065567
pd	map04391	LOC107065567
pd	map04392	LOC107065567
pd	map04530	LOC107065567
pd	map02010	LOC107065571
pd	map04146	LOC107065571
pd	map04146	LOC107065573
pd	map00190	LOC107065575
pd	map01100	LOC107065575
pd	map04714	LOC107065575
pd	map04723	LOC107065575
pd	map04932	LOC107065575
pd	map05010	LOC107065575
pd	map05012	LOC107065575
pd	map05016	LOC107065575
pd	map04080	LOC107065578
pd	map04926	LOC107065578
pd	map05016	LOC107065583
pd	map03410	LOC107065588
pd	map05166	LOC107065588
pd	map05203	LOC107065588
pd	map00564	LOC107065589
pd	map00565	LOC107065589
pd	map00590	LOC107065589
pd	map00591	LOC107065589
pd	map00592	LOC107065589
pd	map01100	LOC107065589
pd	map01110	LOC107065589
pd	map04014	LOC107065589
pd	map04270	LOC107065589
pd	map04972	LOC107065589
pd	map04975	LOC107065589
pd	map03018	LOC107065594
pd	map05200	LOC107065595
pd	map05216	LOC107065595
pd	map05230	LOC107065595
pd	map04146	LOC107065596
pd	map04066	LOC107065606
pd	map04068	LOC107065606
pd	map04152	LOC107065606
pd	map04910	LOC107065606
pd	map04911	LOC107065606
pd	map04917	LOC107065606
pd	map04919	LOC107065606
pd	map04920	LOC107065606
pd	map04922	LOC107065606
pd	map04930	LOC107065606
pd	map04931	LOC107065606
pd	map04950	LOC107065606
pd	map04973	LOC107065606
pd	map04976	LOC107065606
pd	map05166	LOC107065606
pd	map05200	LOC107065606
pd	map05211	LOC107065606
pd	map05230	LOC107065606
pd	map00071	LOC107065607
pd	map00592	LOC107065607
pd	map01040	LOC107065607
pd	map01100	LOC107065607
pd	map01110	LOC107065607
pd	map01212	LOC107065607
pd	map03320	LOC107065607
pd	map04024	LOC107065607
pd	map04146	LOC107065607
pd	map00981	LOC107065608
pd	map03018	LOC107065612
pd	map04212	LOC107065612
pd	map04940	LOC107065612
pd	map05134	LOC107065612
pd	map05152	LOC107065612
pd	map00010	LOC107065614
pd	map00051	LOC107065614
pd	map00562	LOC107065614
pd	map00710	LOC107065614
pd	map01100	LOC107065614
pd	map01110	LOC107065614
pd	map01120	LOC107065614
pd	map01130	LOC107065614
pd	map01200	LOC107065614
pd	map01230	LOC107065614
pd	map00590	LOC107065615
pd	map01100	LOC107065615
pd	map03010	LOC107065616
pd	map03030	LOC107065617
pd	map04530	LOC107065621
pd	map04022	LOC107065623
pd	map04024	LOC107065623
pd	map04260	LOC107065623
pd	map04261	LOC107065623
pd	map04911	LOC107065623
pd	map04918	LOC107065623
pd	map04919	LOC107065623
pd	map04925	LOC107065623
pd	map04960	LOC107065623
pd	map04961	LOC107065623
pd	map04964	LOC107065623
pd	map04970	LOC107065623
pd	map04971	LOC107065623
pd	map04972	LOC107065623
pd	map04973	LOC107065623
pd	map04974	LOC107065623
pd	map04976	LOC107065623
pd	map04978	LOC107065623
pd	map04130	LOC107065625
pd	map04138	LOC107065625
pd	map00564	LOC107065627
pd	map01100	LOC107065627
pd	map01110	LOC107065627
pd	map04070	LOC107065627
pd	map05132	LOC107065628
pd	map00562	LOC107065633
pd	map01521	LOC107065633
pd	map04068	LOC107065633
pd	map04070	LOC107065633
pd	map04071	LOC107065633
pd	map04115	LOC107065633
pd	map04140	LOC107065633
pd	map04150	LOC107065633
pd	map04151	LOC107065633
pd	map04212	LOC107065633
pd	map04218	LOC107065633
pd	map04510	LOC107065633
pd	map04931	LOC107065633
pd	map05161	LOC107065633
pd	map05165	LOC107065633
pd	map05200	LOC107065633
pd	map05206	LOC107065633
pd	map05213	LOC107065633
pd	map05214	LOC107065633
pd	map05215	LOC107065633
pd	map05218	LOC107065633
pd	map05222	LOC107065633
pd	map05224	LOC107065633
pd	map05225	LOC107065633
pd	map05230	LOC107065633
pd	map00760	LOC107065636
pd	map01100	LOC107065636
pd	map01522	LOC107065638
pd	map04010	LOC107065638
pd	map04012	LOC107065638
pd	map04013	LOC107065638
pd	map04014	LOC107065638
pd	map04024	LOC107065638
pd	map04068	LOC107065638
pd	map04071	LOC107065638
pd	map04137	LOC107065638
pd	map04140	LOC107065638
pd	map04141	LOC107065638
pd	map04210	LOC107065638
pd	map04212	LOC107065638
pd	map04214	LOC107065638
pd	map04215	LOC107065638
pd	map04217	LOC107065638
pd	map04310	LOC107065638
pd	map04380	LOC107065638
pd	map04391	LOC107065638
pd	map04510	LOC107065638
pd	map04530	LOC107065638
pd	map04620	LOC107065638
pd	map04621	LOC107065638
pd	map04622	LOC107065638
pd	map04624	LOC107065638
pd	map04657	LOC107065638
pd	map04658	LOC107065638
pd	map04659	LOC107065638
pd	map04664	LOC107065638
pd	map04668	LOC107065638
pd	map04722	LOC107065638
pd	map04723	LOC107065638
pd	map04728	LOC107065638
pd	map04750	LOC107065638
pd	map04910	LOC107065638
pd	map04912	LOC107065638
pd	map04914	LOC107065638
pd	map04917	LOC107065638
pd	map04920	LOC107065638
pd	map04926	LOC107065638
pd	map04930	LOC107065638
pd	map04931	LOC107065638
pd	map04932	LOC107065638
pd	map04933	LOC107065638
pd	map05120	LOC107065638
pd	map05131	LOC107065638
pd	map05132	LOC107065638
pd	map05133	LOC107065638
pd	map05142	LOC107065638
pd	map05145	LOC107065638
pd	map05152	LOC107065638
pd	map05160	LOC107065638
pd	map05161	LOC107065638
pd	map05164	LOC107065638
pd	map05167	LOC107065638
pd	map05168	LOC107065638
pd	map05169	LOC107065638
pd	map05200	LOC107065638
pd	map05210	LOC107065638
pd	map05212	LOC107065638
pd	map05231	LOC107065638
pd	map05418	LOC107065638
pd	map04010	LOC107065643
pd	map04068	LOC107065643
pd	map04310	LOC107065643
pd	map04520	LOC107065643
pd	map03320	LOC107065644
pd	map04931	LOC107065644
pd	map03320	LOC107065646
pd	map04931	LOC107065646
pd	map03013	LOC107065648
pd	map04146	LOC107065649
pd	map03010	LOC107065650
pd	map04140	LOC107065651
pd	map00620	LOC107065652
pd	map00627	LOC107065652
pd	map01120	LOC107065652
pd	map05165	LOC107065655
pd	map05203	LOC107065655
pd	map04142	LOC107065663
pd	map04360	LOC107065664
pd	map05010	LOC107065664
pd	map05030	LOC107065664
pd	map04962	LOC107065665
pd	map04013	LOC107065669
pd	map04013	LOC107065670
pd	map04217	LOC107065670
pd	map04380	LOC107065670
pd	map04622	LOC107065670
pd	map03008	LOC107065672
pd	map03013	LOC107065672
pd	map03015	LOC107065672
pd	map05164	LOC107065672
pd	map05168	LOC107065672
pd	map00970	LOC107065673
pd	map01100	LOC107065673
pd	map00230	LOC107065674
pd	map00240	LOC107065674
pd	map01100	LOC107065674
pd	map03030	LOC107065674
pd	map05016	LOC107065677
pd	map00740	LOC107065679
pd	map01100	LOC107065679
pd	map01110	LOC107065679
pd	map03040	LOC107065680
pd	map04212	LOC107065680
pd	map03013	LOC107065687
pd	map04214	LOC107065687
pd	map00230	LOC107065688
pd	map00240	LOC107065688
pd	map01100	LOC107065688
pd	map03020	LOC107065688
pd	map05016	LOC107065688
pd	map05169	LOC107065688
pd	map04150	LOC107065689
pd	map04010	LOC107065691
pd	map04064	LOC107065691
pd	map04620	LOC107065691
pd	map04621	LOC107065691
pd	map04624	LOC107065691
pd	map05132	LOC107065691
pd	map05133	LOC107065691
pd	map05134	LOC107065691
pd	map05140	LOC107065691
pd	map05142	LOC107065691
pd	map05143	LOC107065691
pd	map05144	LOC107065691
pd	map05145	LOC107065691
pd	map05152	LOC107065691
pd	map05161	LOC107065691
pd	map05162	LOC107065691
pd	map05164	LOC107065691
pd	map05168	LOC107065691
pd	map03008	LOC107065693
pd	map00240	LOC107065695
pd	map00983	LOC107065695
pd	map01100	LOC107065695
pd	map04144	LOC107065697
pd	map04152	LOC107065697
pd	map04530	LOC107065697
pd	map03010	LOC107065698
pd	map04360	LOC107065699
pd	map04810	LOC107065699
pd	map03008	LOC107065703
pd	map00860	LOC107065704
pd	map01100	LOC107065704
pd	map01521	LOC107065705
pd	map01522	LOC107065705
pd	map04010	LOC107065705
pd	map04012	LOC107065705
pd	map04013	LOC107065705
pd	map04014	LOC107065705
pd	map04015	LOC107065705
pd	map04022	LOC107065705
pd	map04024	LOC107065705
pd	map04062	LOC107065705
pd	map04068	LOC107065705
pd	map04071	LOC107065705
pd	map04072	LOC107065705
pd	map04140	LOC107065705
pd	map04150	LOC107065705
pd	map04151	LOC107065705
pd	map04210	LOC107065705
pd	map04214	LOC107065705
pd	map04218	LOC107065705
pd	map04270	LOC107065705
pd	map04320	LOC107065705
pd	map04360	LOC107065705
pd	map04370	LOC107065705
pd	map04371	LOC107065705
pd	map04510	LOC107065705
pd	map04514	LOC107065705
pd	map04520	LOC107065705
pd	map04540	LOC107065705
pd	map04550	LOC107065705
pd	map04630	LOC107065705
pd	map04650	LOC107065705
pd	map04660	LOC107065705
pd	map04662	LOC107065705
pd	map04664	LOC107065705
pd	map04666	LOC107065705
pd	map04720	LOC107065705
pd	map04722	LOC107065705
pd	map04726	LOC107065705
pd	map04730	LOC107065705
pd	map04810	LOC107065705
pd	map04910	LOC107065705
pd	map04912	LOC107065705
pd	map04914	LOC107065705
pd	map04915	LOC107065705
pd	map04916	LOC107065705
pd	map04917	LOC107065705
pd	map04919	LOC107065705
pd	map04921	LOC107065705
pd	map04926	LOC107065705
pd	map04931	LOC107065705
pd	map04934	LOC107065705
pd	map05034	LOC107065705
pd	map05152	LOC107065705
pd	map05160	LOC107065705
pd	map05161	LOC107065705
pd	map05164	LOC107065705
pd	map05165	LOC107065705
pd	map05167	LOC107065705
pd	map05200	LOC107065705
pd	map05205	LOC107065705
pd	map05206	LOC107065705
pd	map05210	LOC107065705
pd	map05211	LOC107065705
pd	map05212	LOC107065705
pd	map05213	LOC107065705
pd	map05214	LOC107065705
pd	map05215	LOC107065705
pd	map05216	LOC107065705
pd	map05218	LOC107065705
pd	map05219	LOC107065705
pd	map05220	LOC107065705
pd	map05221	LOC107065705
pd	map05223	LOC107065705
pd	map05224	LOC107065705
pd	map05225	LOC107065705
pd	map05226	LOC107065705
pd	map05230	LOC107065705
pd	map05231	LOC107065705
pd	map00140	LOC107065707
pd	map01100	LOC107065707
pd	map03040	LOC107065712
pd	map01522	LOC107065716
pd	map04010	LOC107065716
pd	map04012	LOC107065716
pd	map04013	LOC107065716
pd	map04024	LOC107065716
pd	map04137	LOC107065716
pd	map04210	LOC107065716
pd	map04214	LOC107065716
pd	map04310	LOC107065716
pd	map04380	LOC107065716
pd	map04510	LOC107065716
pd	map04530	LOC107065716
pd	map04620	LOC107065716
pd	map04621	LOC107065716
pd	map04624	LOC107065716
pd	map04657	LOC107065716
pd	map04658	LOC107065716
pd	map04659	LOC107065716
pd	map04660	LOC107065716
pd	map04662	LOC107065716
pd	map04668	LOC107065716
pd	map04722	LOC107065716
pd	map04912	LOC107065716
pd	map04915	LOC107065716
pd	map04921	LOC107065716
pd	map04926	LOC107065716
pd	map04932	LOC107065716
pd	map04933	LOC107065716
pd	map05030	LOC107065716
pd	map05031	LOC107065716
pd	map05120	LOC107065716
pd	map05132	LOC107065716
pd	map05133	LOC107065716
pd	map05140	LOC107065716
pd	map05142	LOC107065716
pd	map05161	LOC107065716
pd	map05164	LOC107065716
pd	map05166	LOC107065716
pd	map05167	LOC107065716
pd	map05168	LOC107065716
pd	map05169	LOC107065716
pd	map05200	LOC107065716
pd	map05203	LOC107065716
pd	map05210	LOC107065716
pd	map05211	LOC107065716
pd	map05224	LOC107065716
pd	map05231	LOC107065716
pd	map05321	LOC107065716
pd	map05323	LOC107065716
pd	map05418	LOC107065716
pd	map01522	LOC107065717
pd	map04010	LOC107065717
pd	map04012	LOC107065717
pd	map04013	LOC107065717
pd	map04024	LOC107065717
pd	map04137	LOC107065717
pd	map04210	LOC107065717
pd	map04214	LOC107065717
pd	map04310	LOC107065717
pd	map04380	LOC107065717
pd	map04510	LOC107065717
pd	map04530	LOC107065717
pd	map04620	LOC107065717
pd	map04621	LOC107065717
pd	map04624	LOC107065717
pd	map04657	LOC107065717
pd	map04658	LOC107065717
pd	map04659	LOC107065717
pd	map04660	LOC107065717
pd	map04662	LOC107065717
pd	map04668	LOC107065717
pd	map04722	LOC107065717
pd	map04912	LOC107065717
pd	map04915	LOC107065717
pd	map04921	LOC107065717
pd	map04926	LOC107065717
pd	map04932	LOC107065717
pd	map04933	LOC107065717
pd	map05030	LOC107065717
pd	map05031	LOC107065717
pd	map05120	LOC107065717
pd	map05132	LOC107065717
pd	map05133	LOC107065717
pd	map05140	LOC107065717
pd	map05142	LOC107065717
pd	map05161	LOC107065717
pd	map05164	LOC107065717
pd	map05166	LOC107065717
pd	map05167	LOC107065717
pd	map05168	LOC107065717
pd	map05169	LOC107065717
pd	map05200	LOC107065717
pd	map05203	LOC107065717
pd	map05210	LOC107065717
pd	map05211	LOC107065717
pd	map05224	LOC107065717
pd	map05231	LOC107065717
pd	map05321	LOC107065717
pd	map05323	LOC107065717
pd	map05418	LOC107065717
pd	map04926	LOC107065721
pd	map03013	LOC107065725
pd	map04141	LOC107065726
pd	map00562	LOC107065731
pd	map01100	LOC107065731
pd	map04070	LOC107065731
pd	map04974	LOC107065733
pd	map04024	LOC107065734
pd	map04260	LOC107065734
pd	map04261	LOC107065734
pd	map04371	LOC107065734
pd	map04810	LOC107065734
pd	map04919	LOC107065734
pd	map04964	LOC107065734
pd	map04970	LOC107065734
pd	map04971	LOC107065734
pd	map04972	LOC107065734
pd	map04974	LOC107065734
pd	map04976	LOC107065734
pd	map04978	LOC107065734
pd	map05205	LOC107065734
pd	map03440	LOC107065736
pd	map04144	LOC107065736
pd	map04721	LOC107065736
pd	map04961	LOC107065736
pd	map05016	LOC107065736
pd	map04120	LOC107065746
pd	map03040	LOC107065747
pd	map04120	LOC107065747
pd	map04658	LOC107065749
pd	map04659	LOC107065749
pd	map01521	LOC107065752
pd	map01522	LOC107065752
pd	map01524	LOC107065752
pd	map04010	LOC107065752
pd	map04011	LOC107065752
pd	map04012	LOC107065752
pd	map04013	LOC107065752
pd	map04014	LOC107065752
pd	map04015	LOC107065752
pd	map04022	LOC107065752
pd	map04024	LOC107065752
pd	map04062	LOC107065752
pd	map04066	LOC107065752
pd	map04068	LOC107065752
pd	map04071	LOC107065752
pd	map04072	LOC107065752
pd	map04114	LOC107065752
pd	map04140	LOC107065752
pd	map04150	LOC107065752
pd	map04151	LOC107065752
pd	map04210	LOC107065752
pd	map04214	LOC107065752
pd	map04218	LOC107065752
pd	map04261	LOC107065752
pd	map04270	LOC107065752
pd	map04320	LOC107065752
pd	map04350	LOC107065752
pd	map04360	LOC107065752
pd	map04370	LOC107065752
pd	map04371	LOC107065752
pd	map04380	LOC107065752
pd	map04510	LOC107065752
pd	map04520	LOC107065752
pd	map04540	LOC107065752
pd	map04550	LOC107065752
pd	map04611	LOC107065752
pd	map04620	LOC107065752
pd	map04621	LOC107065752
pd	map04650	LOC107065752
pd	map04657	LOC107065752
pd	map04658	LOC107065752
pd	map04659	LOC107065752
pd	map04660	LOC107065752
pd	map04662	LOC107065752
pd	map04664	LOC107065752
pd	map04666	LOC107065752
pd	map04668	LOC107065752
pd	map04713	LOC107065752
pd	map04720	LOC107065752
pd	map04722	LOC107065752
pd	map04723	LOC107065752
pd	map04724	LOC107065752
pd	map04725	LOC107065752
pd	map04726	LOC107065752
pd	map04730	LOC107065752
pd	map04810	LOC107065752
pd	map04910	LOC107065752
pd	map04912	LOC107065752
pd	map04914	LOC107065752
pd	map04915	LOC107065752
pd	map04916	LOC107065752
pd	map04917	LOC107065752
pd	map04919	LOC107065752
pd	map04921	LOC107065752
pd	map04926	LOC107065752
pd	map04930	LOC107065752
pd	map04933	LOC107065752
pd	map04934	LOC107065752
pd	map04960	LOC107065752
pd	map05010	LOC107065752
pd	map05020	LOC107065752
pd	map05034	LOC107065752
pd	map05131	LOC107065752
pd	map05132	LOC107065752
pd	map05133	LOC107065752
pd	map05140	LOC107065752
pd	map05142	LOC107065752
pd	map05145	LOC107065752
pd	map05152	LOC107065752
pd	map05160	LOC107065752
pd	map05161	LOC107065752
pd	map05164	LOC107065752
pd	map05165	LOC107065752
pd	map05167	LOC107065752
pd	map05200	LOC107065752
pd	map05203	LOC107065752
pd	map05205	LOC107065752
pd	map05210	LOC107065752
pd	map05211	LOC107065752
pd	map05212	LOC107065752
pd	map05213	LOC107065752
pd	map05214	LOC107065752
pd	map05215	LOC107065752
pd	map05216	LOC107065752
pd	map05218	LOC107065752
pd	map05219	LOC107065752
pd	map05220	LOC107065752
pd	map05221	LOC107065752
pd	map05223	LOC107065752
pd	map05224	LOC107065752
pd	map05225	LOC107065752
pd	map05226	LOC107065752
pd	map05230	LOC107065752
pd	map05231	LOC107065752
pd	map04010	LOC107065754
pd	map04150	LOC107065754
pd	map00350	LOC107065756
pd	map00643	LOC107065756
pd	map01100	LOC107065756
pd	map01120	LOC107065756
pd	map05231	LOC107065759
pd	map00260	LOC107065760
pd	map00620	LOC107065760
pd	map00630	LOC107065760
pd	map01100	LOC107065760
pd	map01110	LOC107065760
pd	map01120	LOC107065760
pd	map04330	LOC107065761
pd	map04919	LOC107065761
pd	map05166	LOC107065761
pd	map05203	LOC107065761
pd	map04111	LOC107065765
pd	map05200	LOC107065766
pd	map05216	LOC107065766
pd	map05230	LOC107065766
pd	map04514	LOC107065767
pd	map03015	LOC107065770
pd	map05164	LOC107065770
pd	map05206	LOC107065770
pd	map03008	LOC107065777
pd	map03013	LOC107065777
pd	map03015	LOC107065777
pd	map05164	LOC107065777
pd	map05168	LOC107065777
pd	map00073	LOC107065778
pd	map04146	LOC107065778
pd	map04212	LOC107065778
pd	map03010	LOC107065784
pd	map05206	LOC107065784
pd	map04974	LOC107065785
pd	map03018	LOC107065791
pd	map03022	LOC107065792
pd	map00230	LOC107065793
pd	map00240	LOC107065793
pd	map01100	LOC107065793
pd	map03020	LOC107065793
pd	map05016	LOC107065793
pd	map05169	LOC107065793
pd	map00190	LOC107065794
pd	map01100	LOC107065794
pd	map04714	LOC107065794
pd	map04723	LOC107065794
pd	map04932	LOC107065794
pd	map05010	LOC107065794
pd	map05012	LOC107065794
pd	map05016	LOC107065794
pd	map00564	LOC107065795
pd	map00565	LOC107065795
pd	map00590	LOC107065795
pd	map00591	LOC107065795
pd	map00592	LOC107065795
pd	map01100	LOC107065795
pd	map01110	LOC107065795
pd	map04014	LOC107065795
pd	map04270	LOC107065795
pd	map04972	LOC107065795
pd	map04975	LOC107065795
pd	map04013	LOC107065797
pd	map03008	LOC107065807
pd	map03013	LOC107065807
pd	map05164	LOC107065810
pd	map03010	LOC107065814
pd	map04145	LOC107065815
pd	map04913	LOC107065815
pd	map04925	LOC107065815
pd	map04927	LOC107065815
pd	map04934	LOC107065815
pd	map04975	LOC107065815
pd	map04976	LOC107065815
pd	map04977	LOC107065815
pd	map04979	LOC107065815
pd	map05160	LOC107065815
pd	map01523	LOC107065817
pd	map01524	LOC107065817
pd	map02010	LOC107065817
pd	map04071	LOC107065817
pd	map04976	LOC107065817
pd	map04977	LOC107065817
pd	map05206	LOC107065817
pd	map04918	LOC107065818
pd	map04657	LOC107065819
pd	map04668	LOC107065819
pd	map04912	LOC107065819
pd	map04926	LOC107065819
pd	map00514	LOC107065820
pd	map04320	LOC107065823
pd	map00190	LOC107065827
pd	map01100	LOC107065827
pd	map04714	LOC107065827
pd	map04723	LOC107065827
pd	map04932	LOC107065827
pd	map05010	LOC107065827
pd	map05012	LOC107065827
pd	map05016	LOC107065827
pd	map03040	LOC107065829
pd	map04340	LOC107065832
pd	map04341	LOC107065832
pd	map03410	LOC107065833
pd	map00564	LOC107065837
pd	map00983	LOC107065837
pd	map01100	LOC107065837
pd	map04725	LOC107065837
pd	map03015	LOC107065839
pd	map04071	LOC107065839
pd	map04151	LOC107065839
pd	map04152	LOC107065839
pd	map04261	LOC107065839
pd	map04728	LOC107065839
pd	map05165	LOC107065839
pd	map03010	LOC107065840
pd	map03320	LOC107065842
pd	map04142	LOC107065842
pd	map04145	LOC107065842
pd	map04152	LOC107065842
pd	map04512	LOC107065842
pd	map04640	LOC107065842
pd	map04913	LOC107065842
pd	map04920	LOC107065842
pd	map04925	LOC107065842
pd	map04927	LOC107065842
pd	map04931	LOC107065842
pd	map04934	LOC107065842
pd	map04975	LOC107065842
pd	map04976	LOC107065842
pd	map04977	LOC107065842
pd	map04979	LOC107065842
pd	map05144	LOC107065842
pd	map05160	LOC107065842
pd	map04020	LOC107065844
pd	map04068	LOC107065844
pd	map04072	LOC107065844
pd	map04080	LOC107065844
pd	map04540	LOC107065844
pd	map04720	LOC107065844
pd	map04723	LOC107065844
pd	map04724	LOC107065844
pd	map04730	LOC107065844
pd	map04742	LOC107065844
pd	map04915	LOC107065844
pd	map05030	LOC107065844
pd	map05206	LOC107065845
pd	map03410	LOC107065846
pd	map03010	LOC107065848
pd	map05206	LOC107065848
pd	map00073	LOC107065849
pd	map04146	LOC107065849
pd	map04212	LOC107065849
pd	map04010	LOC107065856
pd	map04013	LOC107065856
pd	map04014	LOC107065856
pd	map05203	LOC107065856
pd	map05202	LOC107065858
pd	map04115	LOC107065865
pd	map03010	LOC107065868
pd	map03018	LOC107065869
pd	map05016	LOC107065871
pd	map03420	LOC107065872
pd	map03440	LOC107065876
pd	map03450	LOC107065876
pd	map04218	LOC107065876
pd	map04640	LOC107065877
pd	map03410	LOC107065878
pd	map04140	LOC107065878
pd	map04217	LOC107065878
pd	map03030	LOC107065880
pd	map03013	LOC107065881
pd	map03040	LOC107065881
pd	map03015	LOC107065882
pd	map04010	LOC107065884
pd	map04510	LOC107065884
pd	map05132	LOC107065884
pd	map05205	LOC107065884
pd	map03030	LOC107065885
pd	map04110	LOC107065885
pd	map04111	LOC107065885
pd	map04113	LOC107065885
pd	map04120	LOC107065886
pd	map05012	LOC107065886
pd	map04146	LOC107065890
pd	map04213	LOC107065890
pd	map05014	LOC107065890
pd	map05016	LOC107065890
pd	map05020	LOC107065890
pd	map03010	LOC107065891
pd	map00970	LOC107065892
pd	map04310	LOC107065895
pd	map04391	LOC107065895
pd	map05205	LOC107065895
pd	map00051	LOC107065900
pd	map01100	LOC107065900
pd	map01120	LOC107065900
pd	map03015	LOC107065902
pd	map04530	LOC107065902
pd	map00562	LOC107065903
pd	map01100	LOC107065903
pd	map04070	LOC107065903
pd	map04138	LOC107065903
pd	map04151	LOC107065907
pd	map04510	LOC107065907
pd	map04512	LOC107065907
pd	map05020	LOC107065907
pd	map05145	LOC107065907
pd	map05146	LOC107065907
pd	map05165	LOC107065907
pd	map05200	LOC107065907
pd	map05222	LOC107065907
pd	map04130	LOC107065908
pd	map04141	LOC107065912
pd	map03022	LOC107065915
pd	map05203	LOC107065915
pd	map04136	LOC107065916
pd	map04138	LOC107065916
pd	map04140	LOC107065916
pd	map03022	LOC107065924
pd	map05016	LOC107065924
pd	map05165	LOC107065924
pd	map05166	LOC107065924
pd	map05168	LOC107065924
pd	map05169	LOC107065924
pd	map05203	LOC107065924
pd	map04141	LOC107065927
pd	map05134	LOC107065927
pd	map03440	LOC107065928
pd	map03460	LOC107065928
pd	map04218	LOC107065928
pd	map00062	LOC107065940
pd	map01100	LOC107065940
pd	map01212	LOC107065940
pd	map03022	LOC107065941
pd	map03420	LOC107065941
pd	map03010	LOC107065944
pd	map04144	LOC107065946
pd	map04217	LOC107065946
pd	map04022	LOC107065950
pd	map04218	LOC107065950
pd	map04530	LOC107065950
pd	map04919	LOC107065950
pd	map00600	LOC107065960
pd	map01100	LOC107065960
pd	map04071	LOC107065960
pd	map03008	LOC107065961
pd	map01523	LOC107065964
pd	map02010	LOC107065964
pd	map04024	LOC107065964
pd	map04976	LOC107065964
pd	map04711	LOC107065966
pd	map04745	LOC107065970
pd	map00564	LOC107065974
pd	map00983	LOC107065974
pd	map01100	LOC107065974
pd	map04514	LOC107065974
pd	map04725	LOC107065974
pd	map00040	LOC107065975
pd	map00053	LOC107065975
pd	map00140	LOC107065975
pd	map00830	LOC107065975
pd	map00860	LOC107065975
pd	map00980	LOC107065975
pd	map00982	LOC107065975
pd	map00983	LOC107065975
pd	map01100	LOC107065975
pd	map01110	LOC107065975
pd	map05204	LOC107065975
pd	map00040	LOC107065976
pd	map00053	LOC107065976
pd	map00140	LOC107065976
pd	map00565	LOC107065976
pd	map00600	LOC107065976
pd	map00830	LOC107065976
pd	map00860	LOC107065976
pd	map00980	LOC107065976
pd	map00982	LOC107065976
pd	map00983	LOC107065976
pd	map01100	LOC107065976
pd	map01110	LOC107065976
pd	map05204	LOC107065976
pd	map04080	LOC107065978
pd	map04270	LOC107065978
pd	map04380	LOC107065978
pd	map00230	LOC107065982
pd	map01100	LOC107065982
pd	map01110	LOC107065982
pd	map01130	LOC107065982
pd	map03060	LOC107065985
pd	map04062	LOC107065987
pd	map04510	LOC107065987
pd	map04666	LOC107065987
pd	map04810	LOC107065987
pd	map05100	LOC107065987
pd	map05131	LOC107065987
pd	map04150	LOC107065992
pd	map05161	LOC107065992
pd	map05034	LOC107065993
pd	map00270	LOC107065994
pd	map01100	LOC107065994
pd	map00230	LOC107065998
pd	map01100	LOC107065998
pd	map01110	LOC107065998
pd	map01130	LOC107065998
pd	map00190	LOC107065999
pd	map01100	LOC107065999
pd	map04145	LOC107065999
pd	map04150	LOC107065999
pd	map04721	LOC107065999
pd	map04966	LOC107065999
pd	map05110	LOC107065999
pd	map05120	LOC107065999
pd	map05323	LOC107065999
pd	map00430	LOC107066002
pd	map00460	LOC107066002
pd	map00480	LOC107066002
pd	map00590	LOC107066002
pd	map01100	LOC107066002
pd	map04146	LOC107066004
pd	map00190	LOC107066006
pd	map01100	LOC107066006
pd	map04260	LOC107066006
pd	map04714	LOC107066006
pd	map04932	LOC107066006
pd	map05010	LOC107066006
pd	map05012	LOC107066006
pd	map05016	LOC107066006
pd	map04136	LOC107066007
pd	map04137	LOC107066007
pd	map04138	LOC107066007
pd	map04140	LOC107066007
pd	map04215	LOC107066007
pd	map04371	LOC107066007
pd	map05167	LOC107066007
pd	map00330	LOC107066013
pd	map00410	LOC107066013
pd	map00330	LOC107066014
pd	map00410	LOC107066014
pd	map00230	LOC107066019
pd	map00240	LOC107066019
pd	map01100	LOC107066019
pd	map03020	LOC107066019
pd	map04623	LOC107066019
pd	map05169	LOC107066019
pd	map00010	LOC107066023
pd	map00260	LOC107066023
pd	map00680	LOC107066023
pd	map01100	LOC107066023
pd	map01110	LOC107066023
pd	map01120	LOC107066023
pd	map01130	LOC107066023
pd	map01200	LOC107066023
pd	map01230	LOC107066023
pd	map04922	LOC107066023
pd	map05230	LOC107066023
pd	map04110	LOC107066027
pd	map04111	LOC107066027
pd	map04113	LOC107066027
pd	map00270	LOC107066030
pd	map01100	LOC107066030
pd	map04970	LOC107066031
pd	map00280	LOC107066035
pd	map01100	LOC107066035
pd	map00020	LOC107066039
pd	map00630	LOC107066039
pd	map00720	LOC107066039
pd	map01100	LOC107066039
pd	map01110	LOC107066039
pd	map01120	LOC107066039
pd	map01130	LOC107066039
pd	map01200	LOC107066039
pd	map01210	LOC107066039
pd	map01230	LOC107066039
pd	map03040	LOC107066050
pd	map00670	LOC107066052
pd	map01100	LOC107066052
pd	map01522	LOC107066053
pd	map04330	LOC107066053
pd	map04371	LOC107066053
pd	map04658	LOC107066053
pd	map04668	LOC107066053
pd	map05165	LOC107066053
pd	map05200	LOC107066053
pd	map05224	LOC107066053
pd	map04330	LOC107066056
pd	map03008	LOC107066060
pd	map05202	LOC107066061
pd	map03015	LOC107066068
pd	map04013	LOC107066070
pd	map03010	LOC107066071
pd	map04068	LOC107066072
pd	map04110	LOC107066072
pd	map04114	LOC107066072
pd	map04115	LOC107066072
pd	map04218	LOC107066072
pd	map04914	LOC107066072
pd	map05166	LOC107066072
pd	map00230	LOC107066076
pd	map00240	LOC107066076
pd	map04974	LOC107066077
pd	map04024	LOC107066079
pd	map04740	LOC107066079
pd	map04141	LOC107066081
pd	map04022	LOC107066087
pd	map04024	LOC107066087
pd	map04260	LOC107066087
pd	map04261	LOC107066087
pd	map04911	LOC107066087
pd	map04918	LOC107066087
pd	map04919	LOC107066087
pd	map04925	LOC107066087
pd	map04960	LOC107066087
pd	map04961	LOC107066087
pd	map04964	LOC107066087
pd	map04970	LOC107066087
pd	map04971	LOC107066087
pd	map04972	LOC107066087
pd	map04973	LOC107066087
pd	map04974	LOC107066087
pd	map04976	LOC107066087
pd	map04978	LOC107066087
pd	map01521	LOC107066090
pd	map01522	LOC107066090
pd	map04010	LOC107066090
pd	map04012	LOC107066090
pd	map04013	LOC107066090
pd	map04014	LOC107066090
pd	map04015	LOC107066090
pd	map04022	LOC107066090
pd	map04024	LOC107066090
pd	map04062	LOC107066090
pd	map04066	LOC107066090
pd	map04068	LOC107066090
pd	map04071	LOC107066090
pd	map04072	LOC107066090
pd	map04114	LOC107066090
pd	map04140	LOC107066090
pd	map04150	LOC107066090
pd	map04151	LOC107066090
pd	map04210	LOC107066090
pd	map04218	LOC107066090
pd	map04270	LOC107066090
pd	map04320	LOC107066090
pd	map04370	LOC107066090
pd	map04371	LOC107066090
pd	map04380	LOC107066090
pd	map04510	LOC107066090
pd	map04540	LOC107066090
pd	map04550	LOC107066090
pd	map04620	LOC107066090
pd	map04626	LOC107066090
pd	map04650	LOC107066090
pd	map04660	LOC107066090
pd	map04662	LOC107066090
pd	map04664	LOC107066090
pd	map04666	LOC107066090
pd	map04668	LOC107066090
pd	map04720	LOC107066090
pd	map04722	LOC107066090
pd	map04725	LOC107066090
pd	map04726	LOC107066090
pd	map04730	LOC107066090
pd	map04810	LOC107066090
pd	map04910	LOC107066090
pd	map04912	LOC107066090
pd	map04914	LOC107066090
pd	map04915	LOC107066090
pd	map04916	LOC107066090
pd	map04917	LOC107066090
pd	map04919	LOC107066090
pd	map04921	LOC107066090
pd	map04926	LOC107066090
pd	map04934	LOC107066090
pd	map05020	LOC107066090
pd	map05034	LOC107066090
pd	map05161	LOC107066090
pd	map05164	LOC107066090
pd	map05165	LOC107066090
pd	map05167	LOC107066090
pd	map05200	LOC107066090
pd	map05205	LOC107066090
pd	map05206	LOC107066090
pd	map05210	LOC107066090
pd	map05211	LOC107066090
pd	map05212	LOC107066090
pd	map05213	LOC107066090
pd	map05214	LOC107066090
pd	map05215	LOC107066090
pd	map05216	LOC107066090
pd	map05218	LOC107066090
pd	map05219	LOC107066090
pd	map05220	LOC107066090
pd	map05221	LOC107066090
pd	map05223	LOC107066090
pd	map05224	LOC107066090
pd	map05225	LOC107066090
pd	map05226	LOC107066090
pd	map05230	LOC107066090
pd	map05231	LOC107066090
pd	map04120	LOC107066093
pd	map04714	LOC107066097
pd	map04120	LOC107066098
pd	map00983	LOC107066101
pd	map04714	LOC107066105
pd	map01521	LOC107066110
pd	map01522	LOC107066110
pd	map04010	LOC107066110
pd	map04012	LOC107066110
pd	map04013	LOC107066110
pd	map04014	LOC107066110
pd	map04062	LOC107066110
pd	map04068	LOC107066110
pd	map04072	LOC107066110
pd	map04150	LOC107066110
pd	map04151	LOC107066110
pd	map04320	LOC107066110
pd	map04380	LOC107066110
pd	map04510	LOC107066110
pd	map04540	LOC107066110
pd	map04550	LOC107066110
pd	map04630	LOC107066110
pd	map04650	LOC107066110
pd	map04660	LOC107066110
pd	map04662	LOC107066110
pd	map04664	LOC107066110
pd	map04714	LOC107066110
pd	map04722	LOC107066110
pd	map04910	LOC107066110
pd	map04912	LOC107066110
pd	map04915	LOC107066110
pd	map04917	LOC107066110
pd	map04926	LOC107066110
pd	map05034	LOC107066110
pd	map05160	LOC107066110
pd	map05161	LOC107066110
pd	map05165	LOC107066110
pd	map05200	LOC107066110
pd	map05203	LOC107066110
pd	map05205	LOC107066110
pd	map05206	LOC107066110
pd	map05210	LOC107066110
pd	map05211	LOC107066110
pd	map05213	LOC107066110
pd	map05214	LOC107066110
pd	map05215	LOC107066110
pd	map05220	LOC107066110
pd	map05221	LOC107066110
pd	map05223	LOC107066110
pd	map05224	LOC107066110
pd	map05225	LOC107066110
pd	map05226	LOC107066110
pd	map05231	LOC107066110
pd	map04512	LOC107066111
pd	map00510	LOC107066112
pd	map00513	LOC107066112
pd	map01100	LOC107066112
pd	map04141	LOC107066112
pd	map03022	LOC107066114
pd	map05168	LOC107066114
pd	map00190	LOC107066119
pd	map01100	LOC107066119
pd	map04714	LOC107066119
pd	map04723	LOC107066119
pd	map04932	LOC107066119
pd	map05010	LOC107066119
pd	map05012	LOC107066119
pd	map05016	LOC107066119
pd	map04310	LOC107066124
pd	map04139	LOC107066125
pd	map04120	LOC107066128
pd	map03008	LOC107066129
pd	map04080	LOC107066130
pd	map04912	LOC107066130
pd	map00230	LOC107066131
pd	map00240	LOC107066131
pd	map01100	LOC107066131
pd	map03020	LOC107066131
pd	map04623	LOC107066131
pd	map05016	LOC107066131
pd	map05169	LOC107066131
pd	map00534	LOC107066134
pd	map01100	LOC107066134
pd	map01521	LOC107066140
pd	map01524	LOC107066140
pd	map04014	LOC107066140
pd	map04064	LOC107066140
pd	map04137	LOC107066140
pd	map04140	LOC107066140
pd	map04151	LOC107066140
pd	map04210	LOC107066140
pd	map04215	LOC107066140
pd	map04621	LOC107066140
pd	map04630	LOC107066140
pd	map05014	LOC107066140
pd	map05145	LOC107066140
pd	map05166	LOC107066140
pd	map05200	LOC107066140
pd	map05202	LOC107066140
pd	map05206	LOC107066140
pd	map05212	LOC107066140
pd	map05220	LOC107066140
pd	map05222	LOC107066140
pd	map05225	LOC107066140
pd	map00230	LOC107066146
pd	map00240	LOC107066146
pd	map01100	LOC107066146
pd	map03030	LOC107066146
pd	map00970	LOC107066149
pd	map03008	LOC107066150
pd	map00510	LOC107066154
pd	map00513	LOC107066154
pd	map01100	LOC107066154
pd	map00010	LOC107066158
pd	map00053	LOC107066158
pd	map00071	LOC107066158
pd	map00280	LOC107066158
pd	map00310	LOC107066158
pd	map00330	LOC107066158
pd	map00340	LOC107066158
pd	map00380	LOC107066158
pd	map00410	LOC107066158
pd	map00561	LOC107066158
pd	map00620	LOC107066158
pd	map00625	LOC107066158
pd	map00903	LOC107066158
pd	map00981	LOC107066158
pd	map01100	LOC107066158
pd	map01110	LOC107066158
pd	map01120	LOC107066158
pd	map01130	LOC107066158
pd	map03008	LOC107066161
pd	map03015	LOC107066163
pd	map00190	LOC107066165
pd	map01100	LOC107066165
pd	map04714	LOC107066165
pd	map05010	LOC107066165
pd	map05012	LOC107066165
pd	map05016	LOC107066165
pd	map04145	LOC107066166
pd	map04962	LOC107066166
pd	map05132	LOC107066166
pd	map00190	LOC107066173
pd	map01100	LOC107066173
pd	map04714	LOC107066173
pd	map04723	LOC107066173
pd	map04932	LOC107066173
pd	map05010	LOC107066173
pd	map05012	LOC107066173
pd	map05016	LOC107066173
pd	map04011	LOC107066176
pd	map04120	LOC107066176
pd	map04144	LOC107066176
pd	map04530	LOC107066176
pd	map04960	LOC107066176
pd	map05169	LOC107066176
pd	map03008	LOC107066182
pd	map01524	LOC107066183
pd	map04141	LOC107066186
pd	map04014	LOC107066188
pd	map00190	LOC107066190
pd	map01100	LOC107066190
pd	map04714	LOC107066190
pd	map04723	LOC107066190
pd	map04932	LOC107066190
pd	map05010	LOC107066190
pd	map05012	LOC107066190
pd	map05016	LOC107066190
pd	map03010	LOC107066196
pd	map00970	LOC107066197
pd	map01100	LOC107066197
pd	map03010	LOC107066197
pd	map00900	LOC107066198
pd	map01110	LOC107066198
pd	map04010	LOC107066203
pd	map04144	LOC107066208
pd	map03030	LOC107066215
pd	map04110	LOC107066215
pd	map04111	LOC107066215
pd	map04113	LOC107066215
pd	map00250	LOC107066217
pd	map04146	LOC107066217
pd	map04014	LOC107066218
pd	map04724	LOC107066219
pd	map05014	LOC107066219
pd	map04137	LOC107066222
pd	map04138	LOC107066222
pd	map04140	LOC107066222
pd	map04144	LOC107066222
pd	map04145	LOC107066222
pd	map05132	LOC107066222
pd	map05146	LOC107066222
pd	map05152	LOC107066222
pd	map03060	LOC107066225
pd	map03060	LOC107066226
pd	map03060	LOC107066227
pd	map00260	LOC107066229
pd	map00330	LOC107066229
pd	map00340	LOC107066229
pd	map00350	LOC107066229
pd	map00360	LOC107066229
pd	map00380	LOC107066229
pd	map00950	LOC107066229
pd	map00982	LOC107066229
pd	map01100	LOC107066229
pd	map01110	LOC107066229
pd	map04726	LOC107066229
pd	map04728	LOC107066229
pd	map05030	LOC107066229
pd	map05031	LOC107066229
pd	map05034	LOC107066229
pd	map04022	LOC107066230
pd	map04218	LOC107066230
pd	map04530	LOC107066230
pd	map04919	LOC107066230
pd	map04744	LOC107066231
pd	map05030	LOC107066231
pd	map04550	LOC107066233
pd	map00250	LOC107066235
pd	map00280	LOC107066235
pd	map00410	LOC107066235
pd	map00640	LOC107066235
pd	map00650	LOC107066235
pd	map01100	LOC107066235
pd	map01120	LOC107066235
pd	map04727	LOC107066235
pd	map04011	LOC107066237
pd	map04014	LOC107066237
pd	map04015	LOC107066237
pd	map04022	LOC107066237
pd	map04024	LOC107066237
pd	map04062	LOC107066237
pd	map04071	LOC107066237
pd	map04072	LOC107066237
pd	map04144	LOC107066237
pd	map04150	LOC107066237
pd	map04270	LOC107066237
pd	map04310	LOC107066237
pd	map04350	LOC107066237
pd	map04360	LOC107066237
pd	map04510	LOC107066237
pd	map04520	LOC107066237
pd	map04530	LOC107066237
pd	map04611	LOC107066237
pd	map04621	LOC107066237
pd	map04660	LOC107066237
pd	map04670	LOC107066237
pd	map04722	LOC107066237
pd	map04810	LOC107066237
pd	map04921	LOC107066237
pd	map04972	LOC107066237
pd	map05100	LOC107066237
pd	map05130	LOC107066237
pd	map05133	LOC107066237
pd	map05152	LOC107066237
pd	map05200	LOC107066237
pd	map05203	LOC107066237
pd	map05205	LOC107066237
pd	map05206	LOC107066237
pd	map05210	LOC107066237
pd	map05418	LOC107066237
pd	map04360	LOC107066239
pd	map04146	LOC107066244
pd	map03022	LOC107066245
pd	map01522	LOC107066246
pd	map04110	LOC107066246
pd	map04218	LOC107066246
pd	map04350	LOC107066246
pd	map04934	LOC107066246
pd	map05161	LOC107066246
pd	map05166	LOC107066246
pd	map05167	LOC107066246
pd	map05200	LOC107066246
pd	map05206	LOC107066246
pd	map05212	LOC107066246
pd	map05214	LOC107066246
pd	map05215	LOC107066246
pd	map05218	LOC107066246
pd	map05219	LOC107066246
pd	map05220	LOC107066246
pd	map05222	LOC107066246
pd	map05223	LOC107066246
pd	map05224	LOC107066246
pd	map05225	LOC107066246
pd	map05226	LOC107066246
pd	map03010	LOC107066248
pd	map04391	LOC107066250
pd	map04392	LOC107066250
pd	map05014	LOC107066253
pd	map00565	LOC107066254
pd	map04014	LOC107066256
pd	map04150	LOC107066258
pd	map04310	LOC107066258
pd	map05200	LOC107066258
pd	map05224	LOC107066258
pd	map05225	LOC107066258
pd	map05226	LOC107066258
pd	map00020	LOC107066259
pd	map00561	LOC107066259
pd	map00564	LOC107066259
pd	map00565	LOC107066259
pd	map00600	LOC107066259
pd	map00640	LOC107066259
pd	map01100	LOC107066259
pd	map01110	LOC107066259
pd	map01120	LOC107066259
pd	map01130	LOC107066259
pd	map01200	LOC107066259
pd	map04072	LOC107066259
pd	map04666	LOC107066259
pd	map04975	LOC107066259
pd	map05231	LOC107066259
pd	map03013	LOC107066260
pd	map03015	LOC107066260
pd	map03040	LOC107066260
pd	map00190	LOC107066264
pd	map01100	LOC107066264
pd	map04260	LOC107066264
pd	map04714	LOC107066264
pd	map04932	LOC107066264
pd	map05010	LOC107066264
pd	map05012	LOC107066264
pd	map05016	LOC107066264
pd	map00230	LOC107066267
pd	map00240	LOC107066267
pd	map01100	LOC107066267
pd	map03030	LOC107066267
pd	map03010	LOC107066268
pd	map05225	LOC107066269
pd	map05165	LOC107066270
pd	map04550	LOC107066272
pd	map00230	LOC107066281
pd	map01100	LOC107066281
pd	map05340	LOC107066281
pd	map01521	LOC107066284
pd	map04012	LOC107066284
pd	map04013	LOC107066284
pd	map04391	LOC107066284
pd	map04144	LOC107066294
pd	map04666	LOC107066294
pd	map04810	LOC107066294
pd	map05100	LOC107066294
pd	map05130	LOC107066294
pd	map05131	LOC107066294
pd	map05132	LOC107066294
pd	map04110	LOC107066295
pd	map04213	LOC107066295
pd	map04330	LOC107066295
pd	map04919	LOC107066295
pd	map05016	LOC107066295
pd	map05034	LOC107066295
pd	map05165	LOC107066295
pd	map05169	LOC107066295
pd	map05200	LOC107066295
pd	map05202	LOC107066295
pd	map05203	LOC107066295
pd	map05220	LOC107066295
pd	map04136	LOC107066301
pd	map04138	LOC107066301
pd	map04140	LOC107066301
pd	map04390	LOC107066302
pd	map04550	LOC107066302
pd	map03013	LOC107066306
pd	map04150	LOC107066306
pd	map04151	LOC107066306
pd	map05205	LOC107066306
pd	map00230	LOC107066311
pd	map00983	LOC107066311
pd	map01100	LOC107066311
pd	map04013	LOC107066319
pd	map04721	LOC107066321
pd	map04726	LOC107066321
pd	map04728	LOC107066321
pd	map05012	LOC107066321
pd	map05030	LOC107066321
pd	map05031	LOC107066321
pd	map05034	LOC107066321
pd	map04062	LOC107066323
pd	map04144	LOC107066323
pd	map04341	LOC107066323
pd	map05032	LOC107066323
pd	map00230	LOC107066328
pd	map01100	LOC107066328
pd	map00601	LOC107066332
pd	map01100	LOC107066332
pd	map00230	LOC107066333
pd	map00561	LOC107066334
pd	map01100	LOC107066334
pd	map03320	LOC107066334
pd	map04626	LOC107066334
pd	map00130	LOC107066335
pd	map01100	LOC107066335
pd	map01110	LOC107066335
pd	map00670	LOC107066337
pd	map01522	LOC107066338
pd	map01524	LOC107066338
pd	map04010	LOC107066338
pd	map04071	LOC107066338
pd	map04110	LOC107066338
pd	map04115	LOC107066338
pd	map04137	LOC107066338
pd	map04151	LOC107066338
pd	map04210	LOC107066338
pd	map04211	LOC107066338
pd	map04214	LOC107066338
pd	map04216	LOC107066338
pd	map04218	LOC107066338
pd	map04310	LOC107066338
pd	map04390	LOC107066338
pd	map04391	LOC107066338
pd	map04722	LOC107066338
pd	map04919	LOC107066338
pd	map05014	LOC107066338
pd	map05016	LOC107066338
pd	map05160	LOC107066338
pd	map05161	LOC107066338
pd	map05162	LOC107066338
pd	map05165	LOC107066338
pd	map05166	LOC107066338
pd	map05167	LOC107066338
pd	map05168	LOC107066338
pd	map05169	LOC107066338
pd	map05200	LOC107066338
pd	map05202	LOC107066338
pd	map05203	LOC107066338
pd	map05205	LOC107066338
pd	map05206	LOC107066338
pd	map05210	LOC107066338
pd	map05212	LOC107066338
pd	map05213	LOC107066338
pd	map05214	LOC107066338
pd	map05215	LOC107066338
pd	map05216	LOC107066338
pd	map05217	LOC107066338
pd	map05218	LOC107066338
pd	map05219	LOC107066338
pd	map05220	LOC107066338
pd	map05222	LOC107066338
pd	map05223	LOC107066338
pd	map05224	LOC107066338
pd	map05225	LOC107066338
pd	map05226	LOC107066338
pd	map05230	LOC107066338
pd	map05418	LOC107066338
pd	map04150	LOC107066340
pd	map04974	LOC107066340
pd	map05230	LOC107066340
pd	map05225	LOC107066345
pd	map00310	LOC107066347
pd	map01521	LOC107066348
pd	map04010	LOC107066348
pd	map04014	LOC107066348
pd	map04015	LOC107066348
pd	map04060	LOC107066348
pd	map04066	LOC107066348
pd	map04144	LOC107066348
pd	map04151	LOC107066348
pd	map04510	LOC107066348
pd	map04520	LOC107066348
pd	map04550	LOC107066348
pd	map04714	LOC107066348
pd	map04810	LOC107066348
pd	map05200	LOC107066348
pd	map05202	LOC107066348
pd	map05205	LOC107066348
pd	map05215	LOC107066348
pd	map05218	LOC107066348
pd	map05224	LOC107066348
pd	map05226	LOC107066348
pd	map05230	LOC107066348
pd	map05323	LOC107066348
pd	map04120	LOC107066353
pd	map00230	LOC107066359
pd	map00240	LOC107066359
pd	map00310	LOC107066359
pd	map01100	LOC107066359
pd	map03020	LOC107066359
pd	map04934	LOC107066359
pd	map05016	LOC107066359
pd	map05169	LOC107066359
pd	map05202	LOC107066359
pd	map04390	LOC107066368
pd	map04391	LOC107066368
pd	map04530	LOC107066368
pd	map05165	LOC107066368
pd	map05203	LOC107066368
pd	map04146	LOC107066370
pd	map04114	LOC107066371
pd	map04320	LOC107066371
pd	map04914	LOC107066371
pd	map04060	LOC107066375
pd	map04350	LOC107066375
pd	map04550	LOC107066375
pd	map05418	LOC107066375
pd	map00190	LOC107066376
pd	map01100	LOC107066376
pd	map04142	LOC107066376
pd	map04145	LOC107066376
pd	map04721	LOC107066376
pd	map04966	LOC107066376
pd	map05110	LOC107066376
pd	map05120	LOC107066376
pd	map05152	LOC107066376
pd	map05165	LOC107066376
pd	map05323	LOC107066376
pd	map01524	LOC107066377
pd	map04978	LOC107066377
pd	map03015	LOC107066379
pd	map03040	LOC107066379
pd	map04120	LOC107066380
pd	map03013	LOC107066381
pd	map00190	LOC107066382
pd	map01100	LOC107066382
pd	map04714	LOC107066382
pd	map05010	LOC107066382
pd	map05012	LOC107066382
pd	map05016	LOC107066382
pd	map04122	LOC107066386
pd	map03010	LOC107066389
pd	map04022	LOC107066390
pd	map04068	LOC107066390
pd	map04140	LOC107066390
pd	map04150	LOC107066390
pd	map04151	LOC107066390
pd	map04152	LOC107066390
pd	map04211	LOC107066390
pd	map04212	LOC107066390
pd	map04213	LOC107066390
pd	map04722	LOC107066390
pd	map04910	LOC107066390
pd	map04920	LOC107066390
pd	map04923	LOC107066390
pd	map04930	LOC107066390
pd	map04931	LOC107066390
pd	map04932	LOC107066390
pd	map04960	LOC107066390
pd	map05206	LOC107066390
pd	map04320	LOC107066392
pd	map00280	LOC107066393
pd	map00640	LOC107066393
pd	map01100	LOC107066393
pd	map01110	LOC107066393
pd	map01130	LOC107066393
pd	map00521	LOC107066396
pd	map00562	LOC107066396
pd	map01100	LOC107066396
pd	map01130	LOC107066396
pd	map04614	LOC107066400
pd	map04924	LOC107066400
pd	map05142	LOC107066400
pd	map05410	LOC107066400
pd	map04141	LOC107066402
pd	map00511	LOC107066406
pd	map04212	LOC107066406
pd	map04013	LOC107066408
pd	map01522	LOC107066409
pd	map04010	LOC107066409
pd	map04014	LOC107066409
pd	map04020	LOC107066409
pd	map04024	LOC107066409
pd	map04062	LOC107066409
pd	map04113	LOC107066409
pd	map04114	LOC107066409
pd	map04138	LOC107066409
pd	map04140	LOC107066409
pd	map04211	LOC107066409
pd	map04213	LOC107066409
pd	map04261	LOC107066409
pd	map04270	LOC107066409
pd	map04310	LOC107066409
pd	map04340	LOC107066409
pd	map04341	LOC107066409
pd	map04371	LOC107066409
pd	map04530	LOC107066409
pd	map04540	LOC107066409
pd	map04611	LOC107066409
pd	map04713	LOC107066409
pd	map04714	LOC107066409
pd	map04720	LOC107066409
pd	map04723	LOC107066409
pd	map04724	LOC107066409
pd	map04725	LOC107066409
pd	map04726	LOC107066409
pd	map04727	LOC107066409
pd	map04728	LOC107066409
pd	map04740	LOC107066409
pd	map04742	LOC107066409
pd	map04750	LOC107066409
pd	map04910	LOC107066409
pd	map04911	LOC107066409
pd	map04912	LOC107066409
pd	map04913	LOC107066409
pd	map04914	LOC107066409
pd	map04915	LOC107066409
pd	map04916	LOC107066409
pd	map04918	LOC107066409
pd	map04919	LOC107066409
pd	map04921	LOC107066409
pd	map04922	LOC107066409
pd	map04923	LOC107066409
pd	map04924	LOC107066409
pd	map04925	LOC107066409
pd	map04926	LOC107066409
pd	map04927	LOC107066409
pd	map04934	LOC107066409
pd	map04961	LOC107066409
pd	map04962	LOC107066409
pd	map04970	LOC107066409
pd	map04971	LOC107066409
pd	map04976	LOC107066409
pd	map05012	LOC107066409
pd	map05020	LOC107066409
pd	map05030	LOC107066409
pd	map05031	LOC107066409
pd	map05032	LOC107066409
pd	map05110	LOC107066409
pd	map05146	LOC107066409
pd	map05165	LOC107066409
pd	map05166	LOC107066409
pd	map05169	LOC107066409
pd	map05200	LOC107066409
pd	map05203	LOC107066409
pd	map05205	LOC107066409
pd	map05414	LOC107066409
pd	map00970	LOC107066410
pd	map04979	LOC107066411
pd	map05016	LOC107066415
pd	map05168	LOC107066417
pd	map04140	LOC107066421
pd	map00532	LOC107066430
pd	map01100	LOC107066430
pd	map04970	LOC107066431
pd	map00190	LOC107066432
pd	map01100	LOC107066432
pd	map04714	LOC107066432
pd	map04723	LOC107066432
pd	map04932	LOC107066432
pd	map05010	LOC107066432
pd	map05012	LOC107066432
pd	map05016	LOC107066432
pd	map04350	LOC107066433
pd	map04152	LOC107066436
pd	map04919	LOC107066438
pd	map04974	LOC107066438
pd	map04140	LOC107066439
pd	map04142	LOC107066439
pd	map04145	LOC107066439
pd	map05152	LOC107066439
pd	map00730	LOC107066444
pd	map01100	LOC107066444
pd	map00052	LOC107066445
pd	map00500	LOC107066445
pd	map00730	LOC107066445
pd	map01100	LOC107066445
pd	map04141	LOC107066445
pd	map00230	LOC107066447
pd	map00230	LOC107066448
pd	map00240	LOC107066448
pd	map01100	LOC107066448
pd	map03020	LOC107066448
pd	map01523	LOC107066449
pd	map04144	LOC107066449
pd	map03010	LOC107066451
pd	map04962	LOC107066452
pd	map05016	LOC107066452
pd	map00260	LOC107066453
pd	map01100	LOC107066453
pd	map04141	LOC107066463
pd	map05016	LOC107066470
pd	map03040	LOC107066472
pd	map00062	LOC107066478
pd	map00140	LOC107066478
pd	map01040	LOC107066478
pd	map01100	LOC107066478
pd	map01110	LOC107066478
pd	map01212	LOC107066478
pd	map04360	LOC107066482
pd	map04745	LOC107066482
pd	map03440	LOC107066489
pd	map00010	LOC107066491
pd	map00051	LOC107066491
pd	map00052	LOC107066491
pd	map00500	LOC107066491
pd	map00520	LOC107066491
pd	map00521	LOC107066491
pd	map00524	LOC107066491
pd	map01100	LOC107066491
pd	map01110	LOC107066491
pd	map01120	LOC107066491
pd	map01130	LOC107066491
pd	map01200	LOC107066491
pd	map04066	LOC107066491
pd	map04910	LOC107066491
pd	map04911	LOC107066491
pd	map04917	LOC107066491
pd	map04922	LOC107066491
pd	map04930	LOC107066491
pd	map04950	LOC107066491
pd	map04973	LOC107066491
pd	map05230	LOC107066491
pd	map00760	LOC107066500
pd	map01100	LOC107066500
pd	map00561	LOC107066503
pd	map00564	LOC107066503
pd	map01100	LOC107066503
pd	map01110	LOC107066503
pd	map04070	LOC107066503
pd	map04072	LOC107066503
pd	map05231	LOC107066503
pd	map03013	LOC107066505
pd	map00630	LOC107066506
pd	map01100	LOC107066506
pd	map04142	LOC107066507
pd	map04714	LOC107066509
pd	map05225	LOC107066509
pd	map03018	LOC107066510
pd	map04614	LOC107066511
pd	map04640	LOC107066511
pd	map04974	LOC107066511
pd	map05010	LOC107066511
pd	map00260	LOC107066512
pd	map00460	LOC107066512
pd	map00630	LOC107066512
pd	map00670	LOC107066512
pd	map00680	LOC107066512
pd	map01100	LOC107066512
pd	map01110	LOC107066512
pd	map01120	LOC107066512
pd	map01130	LOC107066512
pd	map01200	LOC107066512
pd	map01230	LOC107066512
pd	map01523	LOC107066512
pd	map04150	LOC107066513
pd	map04310	LOC107066513
pd	map04330	LOC107066513
pd	map04390	LOC107066513
pd	map04550	LOC107066513
pd	map04916	LOC107066513
pd	map04934	LOC107066513
pd	map05165	LOC107066513
pd	map05166	LOC107066513
pd	map05200	LOC107066513
pd	map05217	LOC107066513
pd	map05224	LOC107066513
pd	map05225	LOC107066513
pd	map05226	LOC107066513
pd	map00190	LOC107066514
pd	map01100	LOC107066514
pd	map04145	LOC107066514
pd	map04150	LOC107066514
pd	map04721	LOC107066514
pd	map04966	LOC107066514
pd	map05110	LOC107066514
pd	map05120	LOC107066514
pd	map05323	LOC107066514
pd	map04022	LOC107066515
pd	map04024	LOC107066515
pd	map04260	LOC107066515
pd	map04261	LOC107066515
pd	map04911	LOC107066515
pd	map04918	LOC107066515
pd	map04919	LOC107066515
pd	map04925	LOC107066515
pd	map04960	LOC107066515
pd	map04961	LOC107066515
pd	map04964	LOC107066515
pd	map04970	LOC107066515
pd	map04971	LOC107066515
pd	map04972	LOC107066515
pd	map04973	LOC107066515
pd	map04974	LOC107066515
pd	map04976	LOC107066515
pd	map04978	LOC107066515
pd	map04340	LOC107066519
pd	map04341	LOC107066519
pd	map04360	LOC107066519
pd	map05200	LOC107066519
pd	map05205	LOC107066519
pd	map05217	LOC107066519
pd	map05226	LOC107066519
pd	map03008	LOC107066521
pd	map04013	LOC107066522
pd	map04320	LOC107066522
pd	map04112	LOC107066524
pd	map05016	LOC107066528
pd	map04010	LOC107066530
pd	map04014	LOC107066530
pd	map04015	LOC107066530
pd	map04066	LOC107066530
pd	map04151	LOC107066530
pd	map05167	LOC107066530
pd	map03010	LOC107066534
pd	map00510	LOC107066540
pd	map01100	LOC107066540
pd	map00900	LOC107066541
pd	map01100	LOC107066541
pd	map01110	LOC107066541
pd	map01130	LOC107066541
pd	map04146	LOC107066541
pd	map03010	LOC107066545
pd	map01523	LOC107066552
pd	map04010	LOC107066552
pd	map04014	LOC107066552
pd	map04024	LOC107066552
pd	map04062	LOC107066552
pd	map04064	LOC107066552
pd	map04066	LOC107066552
pd	map04071	LOC107066552
pd	map04151	LOC107066552
pd	map04210	LOC107066552
pd	map04211	LOC107066552
pd	map04218	LOC107066552
pd	map04380	LOC107066552
pd	map04620	LOC107066552
pd	map04621	LOC107066552
pd	map04622	LOC107066552
pd	map04623	LOC107066552
pd	map04624	LOC107066552
pd	map04657	LOC107066552
pd	map04658	LOC107066552
pd	map04659	LOC107066552
pd	map04660	LOC107066552
pd	map04662	LOC107066552
pd	map04668	LOC107066552
pd	map04722	LOC107066552
pd	map04917	LOC107066552
pd	map04920	LOC107066552
pd	map04926	LOC107066552
pd	map04931	LOC107066552
pd	map04932	LOC107066552
pd	map04933	LOC107066552
pd	map05030	LOC107066552
pd	map05120	LOC107066552
pd	map05131	LOC107066552
pd	map05132	LOC107066552
pd	map05133	LOC107066552
pd	map05134	LOC107066552
pd	map05140	LOC107066552
pd	map05142	LOC107066552
pd	map05145	LOC107066552
pd	map05146	LOC107066552
pd	map05152	LOC107066552
pd	map05160	LOC107066552
pd	map05161	LOC107066552
pd	map05162	LOC107066552
pd	map05164	LOC107066552
pd	map05165	LOC107066552
pd	map05166	LOC107066552
pd	map05167	LOC107066552
pd	map05168	LOC107066552
pd	map05169	LOC107066552
pd	map05200	LOC107066552
pd	map05202	LOC107066552
pd	map05203	LOC107066552
pd	map05206	LOC107066552
pd	map05212	LOC107066552
pd	map05215	LOC107066552
pd	map05220	LOC107066552
pd	map05221	LOC107066552
pd	map05222	LOC107066552
pd	map05224	LOC107066552
pd	map05321	LOC107066552
pd	map05418	LOC107066552
pd	map00740	LOC107066554
pd	map01100	LOC107066554
pd	map01110	LOC107066554
pd	map04612	LOC107066557
pd	map00510	LOC107066559
pd	map00513	LOC107066559
pd	map00533	LOC107066559
pd	map01100	LOC107066559
pd	map05202	LOC107066559
pd	map00983	LOC107066560
pd	map01100	LOC107066560
pd	map04668	LOC107066564
pd	map03040	LOC107066567
pd	map05168	LOC107066567
pd	map04714	LOC107066569
pd	map04722	LOC107066569
pd	map05205	LOC107066569
pd	map00785	LOC107066570
pd	map01100	LOC107066570
pd	map03050	LOC107066571
pd	map03420	LOC107066572
pd	map00040	LOC107066575
pd	map01100	LOC107066575
pd	map03018	LOC107066577
pd	map03060	LOC107066578
pd	map03010	LOC107066581
pd	map00240	LOC107066582
pd	map01100	LOC107066582
pd	map00020	LOC107066583
pd	map00620	LOC107066583
pd	map00720	LOC107066583
pd	map01100	LOC107066583
pd	map01110	LOC107066583
pd	map01120	LOC107066583
pd	map01130	LOC107066583
pd	map01200	LOC107066583
pd	map04934	LOC107066583
pd	map05200	LOC107066583
pd	map05211	LOC107066583
pd	map00220	LOC107066584
pd	map00330	LOC107066584
pd	map01100	LOC107066584
pd	map01110	LOC107066584
pd	map01130	LOC107066584
pd	map01230	LOC107066584
pd	map05146	LOC107066584
pd	map04714	LOC107066585
pd	map04013	LOC107066588
pd	map04068	LOC107066588
pd	map04146	LOC107066588
pd	map04211	LOC107066588
pd	map04212	LOC107066588
pd	map04213	LOC107066588
pd	map05016	LOC107066588
pd	map00310	LOC107066589
pd	map04138	LOC107066595
pd	map03450	LOC107066597
pd	map04139	LOC107066605
pd	map04214	LOC107066605
pd	map04217	LOC107066605
pd	map04621	LOC107066605
pd	map04668	LOC107066605
pd	map00030	LOC107066606
pd	map00710	LOC107066606
pd	map01100	LOC107066606
pd	map01110	LOC107066606
pd	map01120	LOC107066606
pd	map01130	LOC107066606
pd	map01200	LOC107066606
pd	map01230	LOC107066606
pd	map01524	LOC107066608
pd	map04010	LOC107066608
pd	map04115	LOC107066608
pd	map04210	LOC107066608
pd	map04214	LOC107066608
pd	map04215	LOC107066608
pd	map04650	LOC107066608
pd	map04657	LOC107066608
pd	map04668	LOC107066608
pd	map04726	LOC107066608
pd	map04932	LOC107066608
pd	map04933	LOC107066608
pd	map05010	LOC107066608
pd	map05012	LOC107066608
pd	map05014	LOC107066608
pd	map05016	LOC107066608
pd	map05120	LOC107066608
pd	map05133	LOC107066608
pd	map05134	LOC107066608
pd	map05145	LOC107066608
pd	map05146	LOC107066608
pd	map05152	LOC107066608
pd	map05161	LOC107066608
pd	map05165	LOC107066608
pd	map05167	LOC107066608
pd	map05168	LOC107066608
pd	map05200	LOC107066608
pd	map05203	LOC107066608
pd	map05205	LOC107066608
pd	map05206	LOC107066608
pd	map05210	LOC107066608
pd	map05222	LOC107066608
pd	map05416	LOC107066608
pd	map04136	LOC107066609
pd	map04138	LOC107066609
pd	map04140	LOC107066609
pd	map04216	LOC107066609
pd	map04144	LOC107066610
pd	map04666	LOC107066610
pd	map04810	LOC107066610
pd	map05100	LOC107066610
pd	map05130	LOC107066610
pd	map05131	LOC107066610
pd	map05132	LOC107066610
pd	map04120	LOC107066611
pd	map04141	LOC107066611
pd	map05012	LOC107066611
pd	map04144	LOC107066613
pd	map03015	LOC107066617
pd	map01100	LOC107066622
pd	map04151	LOC107066622
pd	map04510	LOC107066622
pd	map04512	LOC107066622
pd	map05145	LOC107066622
pd	map05146	LOC107066622
pd	map05165	LOC107066622
pd	map05200	LOC107066622
pd	map05222	LOC107066622
pd	map03018	LOC107066624
pd	map04212	LOC107066624
pd	map05152	LOC107066624
pd	map00010	LOC107066625
pd	map00030	LOC107066625
pd	map00051	LOC107066625
pd	map00680	LOC107066625
pd	map00710	LOC107066625
pd	map01100	LOC107066625
pd	map01110	LOC107066625
pd	map01120	LOC107066625
pd	map01130	LOC107066625
pd	map01200	LOC107066625
pd	map04152	LOC107066625
pd	map04910	LOC107066625
pd	map04072	LOC107066626
pd	map04921	LOC107066626
pd	map04962	LOC107066626
pd	map00190	LOC107066630
pd	map01100	LOC107066630
pd	map04145	LOC107066630
pd	map04150	LOC107066630
pd	map04721	LOC107066630
pd	map04966	LOC107066630
pd	map05110	LOC107066630
pd	map05120	LOC107066630
pd	map05323	LOC107066630
pd	map00330	LOC107066631
pd	map01100	LOC107066631
pd	map01110	LOC107066631
pd	map01130	LOC107066631
pd	map04013	LOC107066632
pd	map04015	LOC107066632
pd	map04810	LOC107066632
pd	map05131	LOC107066632
pd	map05132	LOC107066632
pd	map00230	LOC107066635
pd	map00240	LOC107066635
pd	map01100	LOC107066635
pd	map03020	LOC107066635
pd	map04623	LOC107066635
pd	map05169	LOC107066635
pd	map03015	LOC107066638
pd	map04978	LOC107066640
pd	map04141	LOC107066645
pd	map04141	LOC107066646
pd	map05014	LOC107066646
pd	map03010	LOC107066647
pd	map00380	LOC107066651
pd	map01100	LOC107066651
pd	map00910	LOC107066652
pd	map04964	LOC107066652
pd	map03040	LOC107066653
pd	map00562	LOC107066655
pd	map01100	LOC107066655
pd	map04070	LOC107066655
pd	map00510	LOC107066656
pd	map00513	LOC107066656
pd	map01100	LOC107066656
pd	map04141	LOC107066656
pd	map03040	LOC107066657
pd	map00190	LOC107066658
pd	map01100	LOC107066658
pd	map04714	LOC107066658
pd	map05010	LOC107066658
pd	map05012	LOC107066658
pd	map05016	LOC107066658
pd	map04630	LOC107066665
pd	map04917	LOC107066665
pd	map04931	LOC107066668
pd	map04932	LOC107066668
pd	map05205	LOC107066676
pd	map04110	LOC107066678
pd	map04111	LOC107066678
pd	map04120	LOC107066678
pd	map04914	LOC107066678
pd	map04217	LOC107066679
pd	map04621	LOC107066679
pd	map04390	LOC107066693
pd	map04391	LOC107066693
pd	map04392	LOC107066693
pd	map04320	LOC107066695
pd	map04015	LOC107066698
pd	map04062	LOC107066698
pd	map04080	LOC107066698
pd	map04144	LOC107066698
pd	map04360	LOC107066698
pd	map04390	LOC107066698
pd	map04391	LOC107066698
pd	map04520	LOC107066698
pd	map04530	LOC107066698
pd	map05165	LOC107066698
pd	map04151	LOC107066699
pd	map04510	LOC107066699
pd	map04512	LOC107066699
pd	map04610	LOC107066699
pd	map04611	LOC107066699
pd	map04657	LOC107066699
pd	map04970	LOC107066699
pd	map05146	LOC107066699
pd	map05165	LOC107066699
pd	map05226	LOC107066699
pd	map04010	LOC107066700
pd	map04260	LOC107066700
pd	map04261	LOC107066700
pd	map04921	LOC107066700
pd	map05410	LOC107066700
pd	map05412	LOC107066700
pd	map05414	LOC107066700
pd	map04217	LOC107066703
pd	map04621	LOC107066703
pd	map00512	LOC107066704
pd	map01100	LOC107066704
pd	map00250	LOC107066706
pd	map00410	LOC107066706
pd	map00430	LOC107066706
pd	map00650	LOC107066706
pd	map01100	LOC107066706
pd	map01110	LOC107066706
pd	map01120	LOC107066706
pd	map02024	LOC107066706
pd	map04727	LOC107066706
pd	map04940	LOC107066706
pd	map04141	LOC107066707
pd	map04614	LOC107066708
pd	map04924	LOC107066708
pd	map05142	LOC107066708
pd	map05410	LOC107066708
pd	map00350	LOC107066709
pd	map00643	LOC107066709
pd	map01100	LOC107066709
pd	map01120	LOC107066709
pd	map04614	LOC107066710
pd	map04924	LOC107066710
pd	map05142	LOC107066710
pd	map05410	LOC107066710
pd	map04550	LOC107066717
pd	map04120	LOC107066719
pd	map04141	LOC107066719
pd	map05012	LOC107066719
pd	map04014	LOC107066722
pd	map04072	LOC107066722
pd	map04144	LOC107066722
pd	map04666	LOC107066722
pd	map00561	LOC107066725
pd	map00830	LOC107066725
pd	map01100	LOC107066725
pd	map04975	LOC107066725
pd	map00520	LOC107066727
pd	map01100	LOC107066727
pd	map01130	LOC107066727
pd	map03022	LOC107066728
pd	map03420	LOC107066728
pd	map04110	LOC107066728
pd	map00230	LOC107066733
pd	map00340	LOC107066736
pd	map00350	LOC107066736
pd	map00360	LOC107066736
pd	map00380	LOC107066736
pd	map00901	LOC107066736
pd	map00950	LOC107066736
pd	map00965	LOC107066736
pd	map01100	LOC107066736
pd	map01110	LOC107066736
pd	map04726	LOC107066736
pd	map04728	LOC107066736
pd	map05030	LOC107066736
pd	map05031	LOC107066736
pd	map05034	LOC107066736
pd	map00250	LOC107066737
pd	map00260	LOC107066737
pd	map00311	LOC107066737
pd	map00330	LOC107066737
pd	map00472	LOC107066737
pd	map01100	LOC107066737
pd	map01130	LOC107066737
pd	map04146	LOC107066737
pd	map03050	LOC107066741
pd	map05169	LOC107066741
pd	map05166	LOC107066744
pd	map03010	LOC107066746
pd	map03440	LOC107066751
pd	map03008	LOC107066752
pd	map03013	LOC107066752
pd	map00340	LOC107066754
pd	map00350	LOC107066754
pd	map00360	LOC107066754
pd	map00380	LOC107066754
pd	map00901	LOC107066754
pd	map00950	LOC107066754
pd	map00965	LOC107066754
pd	map01100	LOC107066754
pd	map01110	LOC107066754
pd	map04726	LOC107066754
pd	map04728	LOC107066754
pd	map05030	LOC107066754
pd	map05031	LOC107066754
pd	map05034	LOC107066754
pd	map00340	LOC107066755
pd	map00350	LOC107066755
pd	map00360	LOC107066755
pd	map00380	LOC107066755
pd	map00901	LOC107066755
pd	map00950	LOC107066755
pd	map00965	LOC107066755
pd	map01100	LOC107066755
pd	map01110	LOC107066755
pd	map04726	LOC107066755
pd	map04728	LOC107066755
pd	map05030	LOC107066755
pd	map05031	LOC107066755
pd	map05034	LOC107066755
pd	map03040	LOC107066756
pd	map01521	LOC107066760
pd	map01522	LOC107066760
pd	map04010	LOC107066760
pd	map04014	LOC107066760
pd	map04015	LOC107066760
pd	map04022	LOC107066760
pd	map04066	LOC107066760
pd	map04068	LOC107066760
pd	map04072	LOC107066760
pd	map04114	LOC107066760
pd	map04140	LOC107066760
pd	map04144	LOC107066760
pd	map04150	LOC107066760
pd	map04151	LOC107066760
pd	map04152	LOC107066760
pd	map04211	LOC107066760
pd	map04212	LOC107066760
pd	map04213	LOC107066760
pd	map04510	LOC107066760
pd	map04520	LOC107066760
pd	map04550	LOC107066760
pd	map04730	LOC107066760
pd	map04910	LOC107066760
pd	map04913	LOC107066760
pd	map04914	LOC107066760
pd	map04923	LOC107066760
pd	map04930	LOC107066760
pd	map04931	LOC107066760
pd	map04932	LOC107066760
pd	map04960	LOC107066760
pd	map05200	LOC107066760
pd	map05202	LOC107066760
pd	map05205	LOC107066760
pd	map05214	LOC107066760
pd	map05215	LOC107066760
pd	map05218	LOC107066760
pd	map05224	LOC107066760
pd	map05225	LOC107066760
pd	map04120	LOC107066762
pd	map04141	LOC107066762
pd	map05012	LOC107066762
pd	map03013	LOC107066763
pd	map04144	LOC107066766
pd	map04940	LOC107066771
pd	map04022	LOC107066773
pd	map04270	LOC107066773
pd	map04540	LOC107066773
pd	map04611	LOC107066773
pd	map04713	LOC107066773
pd	map04714	LOC107066773
pd	map04730	LOC107066773
pd	map04740	LOC107066773
pd	map04923	LOC107066773
pd	map04970	LOC107066773
pd	map05202	LOC107066779
pd	map05215	LOC107066779
pd	map00230	LOC107066783
pd	map00730	LOC107066783
pd	map01100	LOC107066783
pd	map01110	LOC107066783
pd	map01130	LOC107066783
pd	map00900	LOC107066784
pd	map01110	LOC107066784
pd	map04138	LOC107066785
pd	map04144	LOC107066785
pd	map03008	LOC107066790
pd	map03013	LOC107066790
pd	map04013	LOC107066790
pd	map05164	LOC107066790
pd	map05166	LOC107066790
pd	map05169	LOC107066790
pd	map04110	LOC107066791
pd	map04111	LOC107066791
pd	map04113	LOC107066791
pd	map00562	LOC107066792
pd	map01100	LOC107066792
pd	map04070	LOC107066792
pd	map04140	LOC107066792
pd	map00563	LOC107066796
pd	map01100	LOC107066796
pd	map04013	LOC107066797
pd	map05200	LOC107066803
pd	map05216	LOC107066803
pd	map05230	LOC107066803
pd	map05010	LOC107066808
pd	map05120	LOC107066808
pd	map04080	LOC107066809
pd	map04014	LOC107066810
pd	map04015	LOC107066810
pd	map04016	LOC107066810
pd	map04020	LOC107066810
pd	map04022	LOC107066810
pd	map04024	LOC107066810
pd	map04070	LOC107066810
pd	map04114	LOC107066810
pd	map04218	LOC107066810
pd	map04261	LOC107066810
pd	map04270	LOC107066810
pd	map04371	LOC107066810
pd	map04626	LOC107066810
pd	map04713	LOC107066810
pd	map04720	LOC107066810
pd	map04722	LOC107066810
pd	map04728	LOC107066810
pd	map04740	LOC107066810
pd	map04744	LOC107066810
pd	map04745	LOC107066810
pd	map04750	LOC107066810
pd	map04910	LOC107066810
pd	map04912	LOC107066810
pd	map04915	LOC107066810
pd	map04916	LOC107066810
pd	map04921	LOC107066810
pd	map04922	LOC107066810
pd	map04924	LOC107066810
pd	map04925	LOC107066810
pd	map04970	LOC107066810
pd	map04971	LOC107066810
pd	map05010	LOC107066810
pd	map05031	LOC107066810
pd	map05034	LOC107066810
pd	map05133	LOC107066810
pd	map05152	LOC107066810
pd	map05167	LOC107066810
pd	map05200	LOC107066810
pd	map05214	LOC107066810
pd	map05418	LOC107066810
pd	map03010	LOC107066814
pd	map03040	LOC107066816
pd	map05202	LOC107066818
pd	map05215	LOC107066818
pd	map00564	LOC107066822
pd	map01110	LOC107066822
pd	map04145	LOC107066823
pd	map05152	LOC107066823
pd	map04130	LOC107066826
pd	map04145	LOC107066826
pd	map05134	LOC107066826
pd	map00240	LOC107066827
pd	map01100	LOC107066827
pd	map04013	LOC107066838
pd	map00740	LOC107066846
pd	map01100	LOC107066846
pd	map01110	LOC107066846
pd	map03015	LOC107066850
pd	map04071	LOC107066850
pd	map04111	LOC107066850
pd	map04151	LOC107066850
pd	map04152	LOC107066850
pd	map04261	LOC107066850
pd	map04390	LOC107066850
pd	map04391	LOC107066850
pd	map04530	LOC107066850
pd	map04728	LOC107066850
pd	map05142	LOC107066850
pd	map05160	LOC107066850
pd	map05165	LOC107066850
pd	map04320	LOC107066852
pd	map03018	LOC107066855
pd	map04745	LOC107066859
pd	map03030	LOC107066861
pd	map03420	LOC107066861
pd	map03430	LOC107066861
pd	map00020	LOC107066862
pd	map00190	LOC107066862
pd	map01100	LOC107066862
pd	map01110	LOC107066862
pd	map01120	LOC107066862
pd	map01130	LOC107066862
pd	map01200	LOC107066862
pd	map04714	LOC107066862
pd	map04932	LOC107066862
pd	map05010	LOC107066862
pd	map05012	LOC107066862
pd	map05016	LOC107066862
pd	map04977	LOC107066871
pd	map00310	LOC107066874
pd	map04211	LOC107066874
pd	map03460	LOC107066875
pd	map04330	LOC107066875
pd	map04950	LOC107066875
pd	map05165	LOC107066875
pd	map05200	LOC107066875
pd	map05224	LOC107066875
pd	map04010	LOC107066876
pd	map04012	LOC107066876
pd	map04013	LOC107066876
pd	map04141	LOC107066876
pd	map04214	LOC107066876
pd	map04380	LOC107066876
pd	map04530	LOC107066876
pd	map04620	LOC107066876
pd	map04624	LOC107066876
pd	map04660	LOC107066876
pd	map04664	LOC107066876
pd	map04668	LOC107066876
pd	map04722	LOC107066876
pd	map04912	LOC107066876
pd	map04926	LOC107066876
pd	map05164	LOC107066876
pd	map05167	LOC107066876
pd	map05169	LOC107066876
pd	map05418	LOC107066876
pd	map04110	LOC107066878
pd	map04111	LOC107066878
pd	map05166	LOC107066878
pd	map00230	LOC107066880
pd	map00730	LOC107066880
pd	map01100	LOC107066880
pd	map01110	LOC107066880
pd	map01130	LOC107066880
pd	map04918	LOC107066884
pd	map04310	LOC107066885
pd	map00970	LOC107066891
pd	map00920	LOC107066893
pd	map01100	LOC107066893
pd	map01120	LOC107066893
pd	map01100	LOC107066897
pd	map04727	LOC107066897
pd	map04141	LOC107066901
pd	map04932	LOC107066901
pd	map05166	LOC107066901
pd	map00310	LOC107066902
pd	map04934	LOC107066902
pd	map04144	LOC107066903
pd	map00970	LOC107066904
pd	map04144	LOC107066905
pd	map04145	LOC107066909
pd	map05152	LOC107066909
pd	map01100	LOC107066911
pd	map04727	LOC107066911
pd	map04144	LOC107066913
pd	map05100	LOC107066913
pd	map03040	LOC107066914
pd	map04216	LOC107066914
pd	map04120	LOC107066915
pd	map04142	LOC107066916
pd	map05205	LOC107066916
pd	map04142	LOC107066917
pd	map05205	LOC107066917
pd	map04142	LOC107066918
pd	map05205	LOC107066918
pd	map04141	LOC107066920
pd	map04932	LOC107066920
pd	map05166	LOC107066920
pd	map04141	LOC107066921
pd	map04932	LOC107066921
pd	map05166	LOC107066921
pd	map04062	LOC107066922
pd	map04370	LOC107066922
pd	map04510	LOC107066922
pd	map04670	LOC107066922
pd	map04810	LOC107066922
pd	map05100	LOC107066922
pd	map05165	LOC107066922
pd	map05203	LOC107066922
pd	map05205	LOC107066922
pd	map04120	LOC107066923
pd	map00970	LOC107066924
pd	map01521	LOC107066925
pd	map04010	LOC107066925
pd	map04014	LOC107066925
pd	map04015	LOC107066925
pd	map04060	LOC107066925
pd	map04066	LOC107066925
pd	map04144	LOC107066925
pd	map04151	LOC107066925
pd	map04510	LOC107066925
pd	map04520	LOC107066925
pd	map04550	LOC107066925
pd	map04714	LOC107066925
pd	map04810	LOC107066925
pd	map05200	LOC107066925
pd	map05202	LOC107066925
pd	map05205	LOC107066925
pd	map05215	LOC107066925
pd	map05218	LOC107066925
pd	map05224	LOC107066925
pd	map05226	LOC107066925
pd	map05230	LOC107066925
pd	map05323	LOC107066925
pd	map00970	LOC107066926
pd	map00270	LOC107066927
pd	map01100	LOC107066927
pd	map01110	LOC107066927
pd	map03050	LOC107066928
pd	map03010	LOC107066933
pd	map04964	LOC107066933
pd	map04371	LOC107066938
pd	map04933	LOC107066938
pd	map05020	LOC107066938
pd	map05161	LOC107066938
pd	map05166	LOC107066938
pd	map05203	LOC107066938
pd	map00190	LOC107066941
pd	map00860	LOC107066941
pd	map01100	LOC107066941
pd	map01110	LOC107066941
pd	map02020	LOC107066941
pd	map04714	LOC107066941
pd	map04140	LOC107066947
pd	map04978	LOC107066948
pd	map00062	LOC107066959
pd	map01110	LOC107066959
pd	map00062	LOC107066960
pd	map01110	LOC107066960
pd	map04350	LOC107066961
pd	map05034	LOC107066966
pd	map05203	LOC107066966
pd	map05322	LOC107066966
pd	map00590	LOC107066978
pd	map01100	LOC107066978
pd	map03440	LOC107066984
pd	map01522	LOC107066985
pd	map04919	LOC107066986
pd	map04974	LOC107066986
pd	map00190	LOC107066987
pd	map01100	LOC107066987
pd	map04714	LOC107066987
pd	map05010	LOC107066987
pd	map05012	LOC107066987
pd	map05016	LOC107066987
pd	map04014	LOC107066988
pd	map04062	LOC107066988
pd	map04151	LOC107066988
pd	map04371	LOC107066988
pd	map04713	LOC107066988
pd	map04723	LOC107066988
pd	map04724	LOC107066988
pd	map04725	LOC107066988
pd	map04726	LOC107066988
pd	map04727	LOC107066988
pd	map04728	LOC107066988
pd	map04926	LOC107066988
pd	map05032	LOC107066988
pd	map05034	LOC107066988
pd	map05167	LOC107066988
pd	map05200	LOC107066988
pd	map04390	LOC107066989
pd	map04391	LOC107066989
pd	map04530	LOC107066989
pd	map04660	LOC107066989
pd	map05165	LOC107066989
pd	map05166	LOC107066989
pd	map05203	LOC107066989
pd	map04810	LOC107066994
pd	map04217	LOC107066998
pd	map05034	LOC107066998
pd	map05322	LOC107066998
pd	map00450	LOC107067001
pd	map05200	LOC107067001
pd	map05225	LOC107067001
pd	map04218	LOC107067005
pd	map04013	LOC107067006
pd	map04014	LOC107067006
pd	map05152	LOC107067006
pd	map04151	LOC107067009
pd	map04510	LOC107067009
pd	map04512	LOC107067009
pd	map04926	LOC107067009
pd	map04933	LOC107067009
pd	map04974	LOC107067009
pd	map05146	LOC107067009
pd	map05165	LOC107067009
pd	map05200	LOC107067009
pd	map05222	LOC107067009
pd	map04390	LOC107067015
pd	map04530	LOC107067015
pd	map03440	LOC107067019
pd	map04621	LOC107067019
pd	map04950	LOC107067020
pd	map05034	LOC107067027
pd	map05203	LOC107067027
pd	map05322	LOC107067027
pd	map05034	LOC107067028
pd	map05203	LOC107067028
pd	map05322	LOC107067028
pd	map04218	LOC107067030
pd	map04728	LOC107067031
pd	map05012	LOC107067031
pd	map05030	LOC107067031
pd	map05031	LOC107067031
pd	map05034	LOC107067031
pd	map04146	LOC107067034
pd	map03010	LOC107067038
pd	map04013	LOC107067046
pd	map04330	LOC107067050
pd	map04350	LOC107067053
pd	map00514	LOC107067058
pd	map03040	LOC107067059
pd	map04010	LOC107067059
pd	map04141	LOC107067059
pd	map04144	LOC107067059
pd	map04213	LOC107067059
pd	map04612	LOC107067059
pd	map04915	LOC107067059
pd	map05134	LOC107067059
pd	map05145	LOC107067059
pd	map05162	LOC107067059
pd	map05164	LOC107067059
pd	map05169	LOC107067059
pd	map00563	LOC107067060
pd	map01100	LOC107067060
pd	map04144	LOC107067076
pd	map04217	LOC107067076
pd	map03008	LOC107067077
pd	map04010	LOC107067082
pd	map04014	LOC107067082
pd	map04015	LOC107067082
pd	map04022	LOC107067082
pd	map04066	LOC107067082
pd	map04068	LOC107067082
pd	map04072	LOC107067082
pd	map04150	LOC107067082
pd	map04151	LOC107067082
pd	map04152	LOC107067082
pd	map04211	LOC107067082
pd	map04212	LOC107067082
pd	map04213	LOC107067082
pd	map04520	LOC107067082
pd	map04910	LOC107067082
pd	map04913	LOC107067082
pd	map04923	LOC107067082
pd	map04930	LOC107067082
pd	map04931	LOC107067082
pd	map04932	LOC107067082
pd	map04960	LOC107067082
pd	map04550	LOC107067089
pd	map03010	LOC107067090
pd	map04614	LOC107067090
pd	map03008	LOC107067091
pd	map00230	LOC107067095
pd	map00240	LOC107067095
pd	map00983	LOC107067095
pd	map01100	LOC107067095
pd	map01110	LOC107067095
pd	map01130	LOC107067095
pd	map04016	LOC107067095
pd	map03008	LOC107067096
pd	map04910	LOC107067097
pd	map04142	LOC107067100
pd	map05205	LOC107067100
pd	map04062	LOC107067101
pd	map05100	LOC107067101
pd	map05131	LOC107067101
pd	map03013	LOC107067104
pd	map05231	LOC107067106
pd	map00520	LOC107067108
pd	map04138	LOC107067108
pd	map04550	LOC107067108
pd	map04950	LOC107067108
pd	map04013	LOC107067109
pd	map04120	LOC107067109
pd	map04141	LOC107067109
pd	map04624	LOC107067109
pd	map00730	LOC107067110
pd	map01100	LOC107067110
pd	map04122	LOC107067110
pd	map01521	LOC107067113
pd	map01522	LOC107067113
pd	map04010	LOC107067113
pd	map04014	LOC107067113
pd	map04015	LOC107067113
pd	map04022	LOC107067113
pd	map04066	LOC107067113
pd	map04068	LOC107067113
pd	map04072	LOC107067113
pd	map04114	LOC107067113
pd	map04115	LOC107067113
pd	map04140	LOC107067113
pd	map04150	LOC107067113
pd	map04151	LOC107067113
pd	map04152	LOC107067113
pd	map04211	LOC107067113
pd	map04213	LOC107067113
pd	map04510	LOC107067113
pd	map04550	LOC107067113
pd	map04730	LOC107067113
pd	map04750	LOC107067113
pd	map04810	LOC107067113
pd	map04910	LOC107067113
pd	map04911	LOC107067113
pd	map04913	LOC107067113
pd	map04914	LOC107067113
pd	map04917	LOC107067113
pd	map04923	LOC107067113
pd	map04930	LOC107067113
pd	map04931	LOC107067113
pd	map04932	LOC107067113
pd	map04940	LOC107067113
pd	map04950	LOC107067113
pd	map04960	LOC107067113
pd	map05200	LOC107067113
pd	map05202	LOC107067113
pd	map05205	LOC107067113
pd	map05214	LOC107067113
pd	map05215	LOC107067113
pd	map05218	LOC107067113
pd	map05224	LOC107067113
pd	map05225	LOC107067113
pd	map05410	LOC107067113
pd	map05414	LOC107067113
pd	map04150	LOC107067117
pd	map00190	LOC107067118
pd	map01100	LOC107067118
pd	map04714	LOC107067118
pd	map04723	LOC107067118
pd	map04932	LOC107067118
pd	map05010	LOC107067118
pd	map05012	LOC107067118
pd	map05016	LOC107067118
pd	map00061	LOC107067123
pd	map00333	LOC107067123
pd	map01100	LOC107067123
pd	map01130	LOC107067123
pd	map01212	LOC107067123
pd	map04062	LOC107067126
pd	map04144	LOC107067126
pd	map04520	LOC107067126
pd	map04530	LOC107067126
pd	map04666	LOC107067126
pd	map04810	LOC107067126
pd	map05100	LOC107067126
pd	map05130	LOC107067126
pd	map05131	LOC107067126
pd	map05132	LOC107067126
pd	map05231	LOC107067126
pd	map04141	LOC107067131
pd	map04145	LOC107067131
pd	map04612	LOC107067131
pd	map04918	LOC107067131
pd	map05166	LOC107067131
pd	map03013	LOC107067132
pd	map05134	LOC107067132
pd	map04138	LOC107067134
pd	map00860	LOC107067135
pd	map01100	LOC107067135
pd	map01110	LOC107067135
pd	map03040	LOC107067136
pd	map05322	LOC107067136
pd	map04146	LOC107067137
pd	map04213	LOC107067137
pd	map05014	LOC107067137
pd	map05016	LOC107067137
pd	map05020	LOC107067137
pd	map04142	LOC107067138
pd	map05202	LOC107067138
pd	map05205	LOC107067138
pd	map04146	LOC107067139
pd	map04213	LOC107067139
pd	map05014	LOC107067139
pd	map05016	LOC107067139
pd	map05020	LOC107067139
pd	map00220	LOC107067141
pd	map00250	LOC107067141
pd	map01100	LOC107067141
pd	map01110	LOC107067141
pd	map01130	LOC107067141
pd	map01230	LOC107067141
pd	map01521	LOC107067146
pd	map01522	LOC107067146
pd	map04012	LOC107067146
pd	map04066	LOC107067146
pd	map04140	LOC107067146
pd	map04150	LOC107067146
pd	map04151	LOC107067146
pd	map04152	LOC107067146
pd	map04211	LOC107067146
pd	map04212	LOC107067146
pd	map04213	LOC107067146
pd	map04350	LOC107067146
pd	map04371	LOC107067146
pd	map04666	LOC107067146
pd	map04714	LOC107067146
pd	map04910	LOC107067146
pd	map04931	LOC107067146
pd	map05165	LOC107067146
pd	map05200	LOC107067146
pd	map05205	LOC107067146
pd	map05210	LOC107067146
pd	map05212	LOC107067146
pd	map05221	LOC107067146
pd	map05224	LOC107067146
pd	map05225	LOC107067146
pd	map05226	LOC107067146
pd	map05231	LOC107067146
pd	map00030	LOC107067147
pd	map04010	LOC107067150
pd	map04151	LOC107067150
pd	map04925	LOC107067150
pd	map04927	LOC107067150
pd	map04934	LOC107067150
pd	map04141	LOC107067151
pd	map00130	LOC107067155
pd	map00360	LOC107067155
pd	map00940	LOC107067155
pd	map01100	LOC107067155
pd	map01110	LOC107067155
pd	map04110	LOC107067159
pd	map04111	LOC107067159
pd	map04120	LOC107067159
pd	map04914	LOC107067159
pd	map04390	LOC107067162
pd	map04520	LOC107067162
pd	map03010	LOC107067163
pd	map00073	LOC107067164
pd	map04146	LOC107067164
pd	map04212	LOC107067164
pd	map00190	LOC107067166
pd	map01100	LOC107067166
pd	map04260	LOC107067166
pd	map04714	LOC107067166
pd	map04932	LOC107067166
pd	map05010	LOC107067166
pd	map05012	LOC107067166
pd	map05016	LOC107067166
pd	map04015	LOC107067168
pd	map04144	LOC107067168
pd	map04360	LOC107067168
pd	map04390	LOC107067168
pd	map04391	LOC107067168
pd	map04530	LOC107067168
pd	map05165	LOC107067168
pd	map01521	LOC107067169
pd	map01522	LOC107067169
pd	map04012	LOC107067169
pd	map04013	LOC107067169
pd	map04014	LOC107067169
pd	map04062	LOC107067169
pd	map04072	LOC107067169
pd	map04370	LOC107067169
pd	map04510	LOC107067169
pd	map04650	LOC107067169
pd	map04722	LOC107067169
pd	map04910	LOC107067169
pd	map04915	LOC107067169
pd	map04917	LOC107067169
pd	map04926	LOC107067169
pd	map05034	LOC107067169
pd	map05100	LOC107067169
pd	map05206	LOC107067169
pd	map05214	LOC107067169
pd	map05220	LOC107067169
pd	map05224	LOC107067169
pd	map05225	LOC107067169
pd	map05226	LOC107067169
pd	map00531	LOC107067171
pd	map01100	LOC107067171
pd	map04142	LOC107067171
pd	map03030	LOC107067173
pd	map03420	LOC107067173
pd	map03430	LOC107067173
pd	map00073	LOC107067174
pd	map04146	LOC107067174
pd	map04212	LOC107067174
pd	map03010	LOC107067179
pd	map00230	LOC107067187
pd	map00240	LOC107067187
pd	map01100	LOC107067187
pd	map03020	LOC107067187
pd	map05016	LOC107067187
pd	map05168	LOC107067187
pd	map05169	LOC107067187
pd	map03008	LOC107067190
pd	map00511	LOC107067191
pd	map00513	LOC107067191
pd	map00520	LOC107067191
pd	map00531	LOC107067191
pd	map00603	LOC107067191
pd	map00604	LOC107067191
pd	map01100	LOC107067191
pd	map04142	LOC107067191
pd	map03018	LOC107067193
pd	map03008	LOC107067196
pd	map03013	LOC107067196
pd	map03015	LOC107067196
pd	map03040	LOC107067196
pd	map03010	LOC107067198
pd	map03040	LOC107067201
pd	map00900	LOC107067203
pd	map01130	LOC107067203
pd	map03022	LOC107067210
pd	map05016	LOC107067210
pd	map05168	LOC107067210
pd	map04022	LOC107067211
pd	map04218	LOC107067211
pd	map04530	LOC107067211
pd	map04919	LOC107067211
pd	map03008	LOC107067232
pd	map03450	LOC107067233
pd	map00563	LOC107067234
pd	map01100	LOC107067234
pd	map00510	LOC107067236
pd	map00513	LOC107067236
pd	map01100	LOC107067236
pd	map03050	LOC107067239
pd	map00563	LOC107067240
pd	map01100	LOC107067240
pd	map03013	LOC107067241
pd	map04064	LOC107067241
pd	map04120	LOC107067241
pd	map05206	LOC107067241
pd	map04110	LOC107067242
pd	map04152	LOC107067242
pd	map04218	LOC107067242
pd	map04914	LOC107067242
pd	map05161	LOC107067242
pd	map05165	LOC107067242
pd	map05169	LOC107067242
pd	map05203	LOC107067242
pd	map03008	LOC107067243
pd	map03450	LOC107067256
pd	map04141	LOC107067257
pd	map00190	LOC107067258
pd	map01100	LOC107067258
pd	map04714	LOC107067258
pd	map04723	LOC107067258
pd	map04932	LOC107067258
pd	map05010	LOC107067258
pd	map05012	LOC107067258
pd	map05016	LOC107067258
pd	map04120	LOC107067259
pd	map04961	LOC107067260
pd	map04970	LOC107067260
pd	map04978	LOC107067260
pd	map04624	LOC107067261
pd	map05205	LOC107067261
pd	map03008	LOC107067262
pd	map00190	LOC107067263
pd	map01100	LOC107067263
pd	map03015	LOC107067263
pd	map04714	LOC107067263
pd	map04723	LOC107067263
pd	map04932	LOC107067263
pd	map05010	LOC107067263
pd	map05012	LOC107067263
pd	map05016	LOC107067263
pd	map03022	LOC107067265
pd	map05202	LOC107067265
pd	map00130	LOC107067269
pd	map01110	LOC107067269
pd	map04012	LOC107067273
pd	map04062	LOC107067273
pd	map04217	LOC107067273
pd	map04630	LOC107067273
pd	map04658	LOC107067273
pd	map04659	LOC107067273
pd	map04917	LOC107067273
pd	map04933	LOC107067273
pd	map05161	LOC107067273
pd	map05162	LOC107067273
pd	map05166	LOC107067273
pd	map05200	LOC107067273
pd	map05203	LOC107067273
pd	map05220	LOC107067273
pd	map05221	LOC107067273
pd	map05223	LOC107067273
pd	map00562	LOC107067275
pd	map01100	LOC107067275
pd	map04070	LOC107067275
pd	map00562	LOC107067276
pd	map01100	LOC107067276
pd	map04070	LOC107067276
pd	map00072	LOC107067278
pd	map00280	LOC107067278
pd	map00281	LOC107067278
pd	map00650	LOC107067278
pd	map01100	LOC107067278
pd	map04146	LOC107067278
pd	map00511	LOC107067280
pd	map04142	LOC107067280
pd	map03018	LOC107067285
pd	map03040	LOC107067285
pd	map03010	LOC107067289
pd	map03410	LOC107067291
pd	map03040	LOC107067293
pd	map02010	LOC107067295
pd	map04910	LOC107067297
pd	map04931	LOC107067297
pd	map02010	LOC107067300
pd	map02010	LOC107067301
pd	map04520	LOC107067307
pd	map04530	LOC107067307
pd	map04540	LOC107067307
pd	map05110	LOC107067307
pd	map05120	LOC107067307
pd	map05132	LOC107067307
pd	map00901	LOC107067309
pd	map01100	LOC107067309
pd	map01110	LOC107067309
pd	map03050	LOC107067314
pd	map00511	LOC107067315
pd	map04142	LOC107067315
pd	map00510	LOC107067318
pd	map00513	LOC107067318
pd	map01100	LOC107067318
pd	map03040	LOC107067324
pd	map04140	LOC107067325
pd	map04150	LOC107067325
pd	map04110	LOC107067326
pd	map04111	LOC107067326
pd	map04113	LOC107067326
pd	map04114	LOC107067326
pd	map04120	LOC107067326
pd	map04657	LOC107067326
pd	map04914	LOC107067326
pd	map05166	LOC107067326
pd	map03010	LOC107067327
pd	map00970	LOC107067328
pd	map04120	LOC107067331
pd	map05165	LOC107067331
pd	map05203	LOC107067331
pd	map00790	LOC107067332
pd	map01100	LOC107067332
pd	map03030	LOC107067332
pd	map04727	LOC107067332
pd	map00532	LOC107067334
pd	map00561	LOC107067336
pd	map00564	LOC107067336
pd	map01100	LOC107067336
pd	map01110	LOC107067336
pd	map05202	LOC107067343
pd	map04137	LOC107067346
pd	map04214	LOC107067346
pd	map05134	LOC107067352
pd	map05202	LOC107067356
pd	map04144	LOC107067363
pd	map03013	LOC107067365
pd	map03015	LOC107067365
pd	map00640	LOC107067367
pd	map01100	LOC107067367
pd	map00520	LOC107067370
pd	map01100	LOC107067370
pd	map00073	LOC107067371
pd	map04146	LOC107067371
pd	map04212	LOC107067371
pd	map04722	LOC107067372
pd	map00190	LOC107067373
pd	map01100	LOC107067373
pd	map04260	LOC107067373
pd	map04714	LOC107067373
pd	map04932	LOC107067373
pd	map05010	LOC107067373
pd	map05012	LOC107067373
pd	map05016	LOC107067373
pd	map04216	LOC107067374
pd	map04217	LOC107067374
pd	map04978	LOC107067374
pd	map00010	LOC107067377
pd	map00710	LOC107067377
pd	map01100	LOC107067377
pd	map01110	LOC107067377
pd	map01120	LOC107067377
pd	map01130	LOC107067377
pd	map01200	LOC107067377
pd	map01230	LOC107067377
pd	map04066	LOC107067377
pd	map05010	LOC107067377
pd	map05016	LOC107067378
pd	map00564	LOC107067380
pd	map00565	LOC107067380
pd	map00590	LOC107067380
pd	map00591	LOC107067380
pd	map00592	LOC107067380
pd	map01100	LOC107067380
pd	map01110	LOC107067380
pd	map04010	LOC107067380
pd	map04014	LOC107067380
pd	map04072	LOC107067380
pd	map04217	LOC107067380
pd	map04270	LOC107067380
pd	map04370	LOC107067380
pd	map04611	LOC107067380
pd	map04664	LOC107067380
pd	map04724	LOC107067380
pd	map04726	LOC107067380
pd	map04730	LOC107067380
pd	map04750	LOC107067380
pd	map04912	LOC107067380
pd	map04913	LOC107067380
pd	map04921	LOC107067380
pd	map05231	LOC107067380
pd	map05202	LOC107067384
pd	map00532	LOC107067385
pd	map00534	LOC107067385
pd	map01100	LOC107067385
pd	map03040	LOC107067385
pd	map05168	LOC107067385
pd	map05203	LOC107067385
pd	map05206	LOC107067385
pd	map00532	LOC107067386
pd	map00534	LOC107067386
pd	map01100	LOC107067386
pd	map03040	LOC107067386
pd	map05168	LOC107067386
pd	map05203	LOC107067386
pd	map05206	LOC107067386
pd	map04216	LOC107067391
pd	map04217	LOC107067391
pd	map04978	LOC107067391
pd	map04024	LOC107067393
pd	map04260	LOC107067393
pd	map04261	LOC107067393
pd	map05410	LOC107067393
pd	map05414	LOC107067393
pd	map04020	LOC107067396
pd	map04022	LOC107067396
pd	map04270	LOC107067396
pd	map04371	LOC107067396
pd	map04510	LOC107067396
pd	map04611	LOC107067396
pd	map04810	LOC107067396
pd	map04921	LOC107067396
pd	map04971	LOC107067396
pd	map03320	LOC107067398
pd	map04360	LOC107067398
pd	map04510	LOC107067398
pd	map05100	LOC107067398
pd	map05213	LOC107067398
pd	map00230	LOC107067399
pd	map00240	LOC107067399
pd	map00510	LOC107067399
pd	map01100	LOC107067399
pd	map03020	LOC107067399
pd	map04623	LOC107067399
pd	map05169	LOC107067399
pd	map04520	LOC107067402
pd	map04550	LOC107067406
pd	map04060	LOC107067408
pd	map04350	LOC107067408
pd	map04360	LOC107067408
pd	map04390	LOC107067408
pd	map04550	LOC107067408
pd	map05206	LOC107067408
pd	map05418	LOC107067408
pd	map04964	LOC107067410
pd	map04970	LOC107067410
pd	map04971	LOC107067410
pd	map04972	LOC107067410
pd	map04976	LOC107067410
pd	map04745	LOC107067413
pd	map04110	LOC107067416
pd	map04111	LOC107067416
pd	map04113	LOC107067416
pd	map04114	LOC107067416
pd	map04120	LOC107067416
pd	map04914	LOC107067416
pd	map05166	LOC107067416
pd	map04150	LOC107067418
pd	map04310	LOC107067418
pd	map04390	LOC107067418
pd	map04550	LOC107067418
pd	map04916	LOC107067418
pd	map04934	LOC107067418
pd	map05165	LOC107067418
pd	map05166	LOC107067418
pd	map05200	LOC107067418
pd	map05205	LOC107067418
pd	map05217	LOC107067418
pd	map05224	LOC107067418
pd	map05225	LOC107067418
pd	map05226	LOC107067418
pd	map04150	LOC107067419
pd	map04310	LOC107067419
pd	map04390	LOC107067419
pd	map04550	LOC107067419
pd	map04916	LOC107067419
pd	map04934	LOC107067419
pd	map05165	LOC107067419
pd	map05166	LOC107067419
pd	map05200	LOC107067419
pd	map05205	LOC107067419
pd	map05217	LOC107067419
pd	map05224	LOC107067419
pd	map05225	LOC107067419
pd	map05226	LOC107067419
pd	map01524	LOC107067421
pd	map04064	LOC107067421
pd	map04120	LOC107067421
pd	map04210	LOC107067421
pd	map04214	LOC107067421
pd	map04215	LOC107067421
pd	map04217	LOC107067421
pd	map04510	LOC107067421
pd	map04621	LOC107067421
pd	map05145	LOC107067421
pd	map05166	LOC107067421
pd	map05200	LOC107067421
pd	map05222	LOC107067421
pd	map05410	LOC107067428
pd	map05414	LOC107067428
pd	map00564	LOC107067434
pd	map04142	LOC107067434
pd	map04212	LOC107067436
pd	map05203	LOC107067447
pd	map00515	LOC107067449
pd	map01100	LOC107067449
pd	map00770	LOC107067452
pd	map00780	LOC107067452
pd	map01100	LOC107067452
pd	map04977	LOC107067452
pd	map00190	LOC107067454
pd	map01100	LOC107067454
pd	map02020	LOC107067454
pd	map04260	LOC107067454
pd	map04714	LOC107067454
pd	map04932	LOC107067454
pd	map05010	LOC107067454
pd	map05012	LOC107067454
pd	map05016	LOC107067454
pd	map00010	LOC107067457
pd	map00710	LOC107067457
pd	map01100	LOC107067457
pd	map01110	LOC107067457
pd	map01120	LOC107067457
pd	map01130	LOC107067457
pd	map01200	LOC107067457
pd	map01230	LOC107067457
pd	map04066	LOC107067457
pd	map05010	LOC107067457
pd	map04010	LOC107067458
pd	map04141	LOC107067458
pd	map04213	LOC107067458
pd	map04370	LOC107067458
pd	map05146	LOC107067458
pd	map05169	LOC107067458
pd	map05205	LOC107067458
pd	map00514	LOC107067460
pd	map04330	LOC107067460
pd	map05165	LOC107067460
pd	map03013	LOC107067461
pd	map05410	LOC107067467
pd	map05412	LOC107067467
pd	map05414	LOC107067467
pd	map05416	LOC107067467
pd	map02010	LOC107067469
pd	map04810	LOC107067478
pd	map05212	LOC107067478
pd	map04150	LOC107067481
pd	map04310	LOC107067481
pd	map04390	LOC107067481
pd	map04391	LOC107067481
pd	map04550	LOC107067481
pd	map04916	LOC107067481
pd	map04934	LOC107067481
pd	map05165	LOC107067481
pd	map05166	LOC107067481
pd	map05200	LOC107067481
pd	map05205	LOC107067481
pd	map05217	LOC107067481
pd	map05224	LOC107067481
pd	map05225	LOC107067481
pd	map05226	LOC107067481
pd	map04137	LOC107067483
pd	map04217	LOC107067483
pd	map04218	LOC107067483
pd	map04380	LOC107067483
pd	map05418	LOC107067483
pd	map04666	LOC107067485
pd	map04810	LOC107067485
pd	map05203	LOC107067485
pd	map03050	LOC107067486
pd	map04112	LOC107067487
pd	map04212	LOC107067487
pd	map04391	LOC107067488
pd	map00670	LOC107067491
pd	map00970	LOC107067491
pd	map04910	LOC107067494
pd	map04931	LOC107067494
pd	map04110	LOC107067496
pd	map04114	LOC107067496
pd	map04115	LOC107067496
pd	map04151	LOC107067496
pd	map04218	LOC107067496
pd	map04391	LOC107067496
pd	map04934	LOC107067496
pd	map05161	LOC107067496
pd	map05162	LOC107067496
pd	map05165	LOC107067496
pd	map05200	LOC107067496
pd	map05203	LOC107067496
pd	map05206	LOC107067496
pd	map05215	LOC107067496
pd	map05222	LOC107067496
pd	map05226	LOC107067496
pd	map00601	LOC107067498
pd	map01100	LOC107067498
pd	map04320	LOC107067498
pd	map04710	LOC107067510
pd	map05016	LOC107067511
pd	map00040	LOC107067532
pd	map00053	LOC107067532
pd	map00140	LOC107067532
pd	map00830	LOC107067532
pd	map00860	LOC107067532
pd	map00980	LOC107067532
pd	map00982	LOC107067532
pd	map00983	LOC107067532
pd	map01100	LOC107067532
pd	map01110	LOC107067532
pd	map05204	LOC107067532
pd	map04010	LOC107067537
pd	map05010	LOC107067537
pd	map04068	LOC107067542
pd	map04110	LOC107067542
pd	map04114	LOC107067542
pd	map04115	LOC107067542
pd	map04151	LOC107067542
pd	map04218	LOC107067542
pd	map04914	LOC107067542
pd	map04934	LOC107067542
pd	map05161	LOC107067542
pd	map05162	LOC107067542
pd	map05165	LOC107067542
pd	map05168	LOC107067542
pd	map05169	LOC107067542
pd	map05200	LOC107067542
pd	map05203	LOC107067542
pd	map05215	LOC107067542
pd	map05222	LOC107067542
pd	map05226	LOC107067542
pd	map04260	LOC107067543
pd	map04261	LOC107067543
pd	map04371	LOC107067543
pd	map05410	LOC107067543
pd	map05414	LOC107067543
pd	map00601	LOC107067552
pd	map01100	LOC107067552
pd	map04141	LOC107067558
pd	map05322	LOC107067559
pd	map04213	LOC107067567
pd	map04020	LOC107067568
pd	map04910	LOC107067568
pd	map04922	LOC107067568
pd	map04141	LOC107067569
pd	map04530	LOC107067569
pd	map04612	LOC107067569
pd	map04152	LOC107067577
pd	map04919	LOC107067577
pd	map04931	LOC107067577
pd	map00280	LOC107067588
pd	map00410	LOC107067588
pd	map00640	LOC107067588
pd	map01100	LOC107067588
pd	map01200	LOC107067588
pd	map04020	LOC107067592
pd	map04080	LOC107067592
pd	map05162	LOC107067592
pd	map03060	LOC107067593
pd	map04141	LOC107067593
pd	map00600	LOC107067597
pd	map01100	LOC107067597
pd	map04071	LOC107067597
pd	map04217	LOC107067604
pd	map04621	LOC107067604
pd	map04066	LOC107067610
pd	map04068	LOC107067610
pd	map04152	LOC107067610
pd	map04910	LOC107067610
pd	map04911	LOC107067610
pd	map04917	LOC107067610
pd	map04919	LOC107067610
pd	map04920	LOC107067610
pd	map04922	LOC107067610
pd	map04930	LOC107067610
pd	map04931	LOC107067610
pd	map04950	LOC107067610
pd	map04973	LOC107067610
pd	map04976	LOC107067610
pd	map05166	LOC107067610
pd	map05200	LOC107067610
pd	map05211	LOC107067610
pd	map05230	LOC107067610
pd	map00190	LOC107067615
pd	map01100	LOC107067615
pd	map04714	LOC107067615
pd	map05010	LOC107067615
pd	map05012	LOC107067615
pd	map05016	LOC107067615
pd	map03010	LOC107067626
pd	map00030	LOC107067627
pd	map00970	LOC107067629
pd	map03022	LOC107067630
pd	map05169	LOC107067630
pd	map05203	LOC107067630
pd	map04512	LOC107067638
pd	map04919	LOC107067642
pd	map00020	LOC107067645
pd	map00270	LOC107067645
pd	map00620	LOC107067645
pd	map00630	LOC107067645
pd	map00710	LOC107067645
pd	map01100	LOC107067645
pd	map01110	LOC107067645
pd	map01120	LOC107067645
pd	map01130	LOC107067645
pd	map01200	LOC107067645
pd	map04964	LOC107067645
pd	map00310	LOC107067646
pd	map00071	LOC107067653
pd	map00280	LOC107067653
pd	map00650	LOC107067653
pd	map01100	LOC107067653
pd	map01110	LOC107067653
pd	map01120	LOC107067653
pd	map01200	LOC107067653
pd	map01212	LOC107067653
pd	map05168	LOC107067657
pd	map00020	LOC107067660
pd	map00310	LOC107067660
pd	map00380	LOC107067660
pd	map01100	LOC107067660
pd	map01110	LOC107067660
pd	map01120	LOC107067660
pd	map01130	LOC107067660
pd	map01200	LOC107067660
pd	map03040	LOC107067666
pd	map03015	LOC107067668
pd	map05134	LOC107067668
pd	map00030	LOC107067673
pd	map00710	LOC107067673
pd	map01051	LOC107067673
pd	map01100	LOC107067673
pd	map01110	LOC107067673
pd	map01120	LOC107067673
pd	map01130	LOC107067673
pd	map01200	LOC107067673
pd	map01230	LOC107067673
pd	map03010	LOC107067674
pd	map03040	LOC107067678
pd	map00230	LOC107067679
pd	map00240	LOC107067679
pd	map01100	LOC107067679
pd	map03020	LOC107067679
pd	map04623	LOC107067679
pd	map05169	LOC107067679
pd	map00750	LOC107067680
pd	map01100	LOC107067680
pd	map04022	LOC107067683
pd	map04024	LOC107067683
pd	map04151	LOC107067683
pd	map04152	LOC107067683
pd	map04211	LOC107067683
pd	map04261	LOC107067683
pd	map04380	LOC107067683
pd	map04612	LOC107067683
pd	map04668	LOC107067683
pd	map04710	LOC107067683
pd	map04713	LOC107067683
pd	map04714	LOC107067683
pd	map04725	LOC107067683
pd	map04728	LOC107067683
pd	map04911	LOC107067683
pd	map04915	LOC107067683
pd	map04916	LOC107067683
pd	map04918	LOC107067683
pd	map04922	LOC107067683
pd	map04924	LOC107067683
pd	map04925	LOC107067683
pd	map04926	LOC107067683
pd	map04927	LOC107067683
pd	map04931	LOC107067683
pd	map04934	LOC107067683
pd	map04962	LOC107067683
pd	map05016	LOC107067683
pd	map05030	LOC107067683
pd	map05031	LOC107067683
pd	map05034	LOC107067683
pd	map05152	LOC107067683
pd	map05161	LOC107067683
pd	map05165	LOC107067683
pd	map05166	LOC107067683
pd	map05167	LOC107067683
pd	map05203	LOC107067683
pd	map05215	LOC107067683
pd	map00250	LOC107067684
pd	map00330	LOC107067684
pd	map01100	LOC107067684
pd	map04071	LOC107067687
pd	map04140	LOC107067687
pd	map04142	LOC107067687
pd	map04210	LOC107067687
pd	map04915	LOC107067687
pd	map05152	LOC107067687
pd	map05169	LOC107067688
pd	map05203	LOC107067688
pd	map04979	LOC107067690
pd	map00562	LOC107067691
pd	map01100	LOC107067691
pd	map04070	LOC107067691
pd	map05016	LOC107067695
pd	map00515	LOC107067696
pd	map01100	LOC107067696
pd	map04014	LOC107067699
pd	map04015	LOC107067699
pd	map04020	LOC107067699
pd	map04024	LOC107067699
pd	map04080	LOC107067699
pd	map04713	LOC107067699
pd	map04720	LOC107067699
pd	map04724	LOC107067699
pd	map04728	LOC107067699
pd	map05010	LOC107067699
pd	map05014	LOC107067699
pd	map05016	LOC107067699
pd	map05030	LOC107067699
pd	map05031	LOC107067699
pd	map05033	LOC107067699
pd	map05034	LOC107067699
pd	map05322	LOC107067699
pd	map04020	LOC107067705
pd	map04024	LOC107067705
pd	map04611	LOC107067705
pd	map04924	LOC107067705
pd	map04925	LOC107067705
pd	map04927	LOC107067705
pd	map04934	LOC107067705
pd	map05340	LOC107067705
pd	map04940	LOC107067708
pd	map00562	LOC107067709
pd	map01100	LOC107067709
pd	map04070	LOC107067709
pd	map00510	LOC107067710
pd	map00513	LOC107067710
pd	map01100	LOC107067710
pd	map04141	LOC107067710
pd	map04144	LOC107067712
pd	map04212	LOC107067712
pd	map04714	LOC107067714
pd	map04970	LOC107067715
pd	map04972	LOC107067715
pd	map05110	LOC107067715
pd	map00190	LOC107067717
pd	map01100	LOC107067717
pd	map04714	LOC107067717
pd	map05010	LOC107067717
pd	map05012	LOC107067717
pd	map05016	LOC107067717
pd	map04624	LOC107067718
pd	map03010	LOC107067720
pd	map00230	LOC107067722
pd	map00240	LOC107067722
pd	map01100	LOC107067722
pd	map03030	LOC107067722
pd	map03410	LOC107067722
pd	map03420	LOC107067722
pd	map03430	LOC107067722
pd	map03440	LOC107067722
pd	map05166	LOC107067722
pd	map04141	LOC107067726
pd	map04151	LOC107067726
pd	map04217	LOC107067726
pd	map04612	LOC107067726
pd	map04621	LOC107067726
pd	map04626	LOC107067726
pd	map04657	LOC107067726
pd	map04659	LOC107067726
pd	map04914	LOC107067726
pd	map04915	LOC107067726
pd	map05200	LOC107067726
pd	map05215	LOC107067726
pd	map05418	LOC107067726
pd	map03018	LOC107067727
pd	map00981	LOC107067728
pd	map04512	LOC107067729
pd	map04512	LOC107067731
pd	map04217	LOC107067732
pd	map04624	LOC107067732
pd	map00061	LOC107067738
pd	map01100	LOC107067738
pd	map01212	LOC107067738
pd	map04152	LOC107067738
pd	map04910	LOC107067738
pd	map00280	LOC107067740
pd	map01100	LOC107067740
pd	map04212	LOC107067748
pd	map00970	LOC107067751
pd	map05206	LOC107067751
pd	map04137	LOC107067756
pd	map04624	LOC107067756
pd	map03015	LOC107067768
pd	map04013	LOC107067769
pd	map04976	LOC107067770
pd	map00100	LOC107067771
pd	map04142	LOC107067771
pd	map04979	LOC107067771
pd	map03010	LOC107067773
pd	map04915	LOC107067782
pd	map04919	LOC107067782
pd	map00230	LOC107067786
pd	map00240	LOC107067786
pd	map01100	LOC107067786
pd	map03030	LOC107067786
pd	map04145	LOC107067787
pd	map04210	LOC107067787
pd	map04530	LOC107067787
pd	map04540	LOC107067787
pd	map05130	LOC107067787
pd	map00040	LOC107067792
pd	map01100	LOC107067792
pd	map04216	LOC107067792
pd	map04217	LOC107067792
pd	map04978	LOC107067792
pd	map05166	LOC107067795
pd	map04142	LOC107067800
pd	map04979	LOC107067800
pd	map03060	LOC107067801
pd	map04141	LOC107067801
pd	map04145	LOC107067801
pd	map05110	LOC107067801
pd	map03040	LOC107067803
pd	map00562	LOC107067804
pd	map01100	LOC107067804
pd	map04070	LOC107067804
pd	map04141	LOC107067805
pd	map00563	LOC107067806
pd	map01100	LOC107067806
pd	map04110	LOC107067809
pd	map04111	LOC107067809
pd	map03008	LOC107067810
pd	map04064	LOC107067810
pd	map04137	LOC107067810
pd	map04139	LOC107067810
pd	map04310	LOC107067810
pd	map04520	LOC107067810
pd	map04712	LOC107067810
pd	map05162	LOC107067810
pd	map05168	LOC107067810
pd	map05169	LOC107067810
pd	map00230	LOC107067811
pd	map04740	LOC107067811
pd	map04744	LOC107067811
pd	map01524	LOC107067812
pd	map04978	LOC107067812
pd	map04015	LOC107067814
pd	map04145	LOC107067814
pd	map04210	LOC107067814
pd	map04390	LOC107067814
pd	map04391	LOC107067814
pd	map04510	LOC107067814
pd	map04520	LOC107067814
pd	map04530	LOC107067814
pd	map04611	LOC107067814
pd	map04670	LOC107067814
pd	map04714	LOC107067814
pd	map04745	LOC107067814
pd	map04810	LOC107067814
pd	map04919	LOC107067814
pd	map04921	LOC107067814
pd	map05100	LOC107067814
pd	map05110	LOC107067814
pd	map05130	LOC107067814
pd	map05131	LOC107067814
pd	map05132	LOC107067814
pd	map05164	LOC107067814
pd	map05205	LOC107067814
pd	map05225	LOC107067814
pd	map05410	LOC107067814
pd	map05412	LOC107067814
pd	map05414	LOC107067814
pd	map05416	LOC107067814
pd	map05418	LOC107067814
pd	map04015	LOC107067815
pd	map04145	LOC107067815
pd	map04210	LOC107067815
pd	map04390	LOC107067815
pd	map04391	LOC107067815
pd	map04510	LOC107067815
pd	map04520	LOC107067815
pd	map04530	LOC107067815
pd	map04611	LOC107067815
pd	map04670	LOC107067815
pd	map04714	LOC107067815
pd	map04745	LOC107067815
pd	map04810	LOC107067815
pd	map04919	LOC107067815
pd	map04921	LOC107067815
pd	map05100	LOC107067815
pd	map05110	LOC107067815
pd	map05130	LOC107067815
pd	map05131	LOC107067815
pd	map05132	LOC107067815
pd	map05164	LOC107067815
pd	map05205	LOC107067815
pd	map05225	LOC107067815
pd	map05410	LOC107067815
pd	map05412	LOC107067815
pd	map05414	LOC107067815
pd	map05416	LOC107067815
pd	map05418	LOC107067815
pd	map04015	LOC107067816
pd	map04145	LOC107067816
pd	map04210	LOC107067816
pd	map04390	LOC107067816
pd	map04391	LOC107067816
pd	map04510	LOC107067816
pd	map04520	LOC107067816
pd	map04530	LOC107067816
pd	map04611	LOC107067816
pd	map04670	LOC107067816
pd	map04714	LOC107067816
pd	map04745	LOC107067816
pd	map04810	LOC107067816
pd	map04919	LOC107067816
pd	map04921	LOC107067816
pd	map05100	LOC107067816
pd	map05110	LOC107067816
pd	map05130	LOC107067816
pd	map05131	LOC107067816
pd	map05132	LOC107067816
pd	map05164	LOC107067816
pd	map05205	LOC107067816
pd	map05225	LOC107067816
pd	map05410	LOC107067816
pd	map05412	LOC107067816
pd	map05414	LOC107067816
pd	map05416	LOC107067816
pd	map05418	LOC107067816
pd	map04146	LOC107067817
pd	map00910	LOC107067818
pd	map04964	LOC107067818
pd	map04214	LOC107067821
pd	map00340	LOC107067824
pd	map00350	LOC107067824
pd	map00360	LOC107067824
pd	map00380	LOC107067824
pd	map00901	LOC107067824
pd	map00950	LOC107067824
pd	map00965	LOC107067824
pd	map01100	LOC107067824
pd	map01110	LOC107067824
pd	map04726	LOC107067824
pd	map04728	LOC107067824
pd	map05030	LOC107067824
pd	map05031	LOC107067824
pd	map05034	LOC107067824
pd	map00030	LOC107067832
pd	map01100	LOC107067832
pd	map01110	LOC107067832
pd	map01120	LOC107067832
pd	map01130	LOC107067832
pd	map01200	LOC107067832
pd	map04310	LOC107067834
pd	map00100	LOC107067839
pd	map04142	LOC107067839
pd	map04979	LOC107067839
pd	map04022	LOC107067840
pd	map04024	LOC107067840
pd	map04260	LOC107067840
pd	map04261	LOC107067840
pd	map04911	LOC107067840
pd	map04918	LOC107067840
pd	map04919	LOC107067840
pd	map04925	LOC107067840
pd	map04960	LOC107067840
pd	map04961	LOC107067840
pd	map04964	LOC107067840
pd	map04970	LOC107067840
pd	map04971	LOC107067840
pd	map04972	LOC107067840
pd	map04973	LOC107067840
pd	map04974	LOC107067840
pd	map04976	LOC107067840
pd	map04978	LOC107067840
pd	map00514	LOC107067845
pd	map03040	LOC107067845
pd	map03010	LOC107067847
pd	map04151	LOC107067848
pd	map04510	LOC107067848
pd	map04512	LOC107067848
pd	map04926	LOC107067848
pd	map04933	LOC107067848
pd	map04974	LOC107067848
pd	map05146	LOC107067848
pd	map05165	LOC107067848
pd	map05200	LOC107067848
pd	map05222	LOC107067848
pd	map04151	LOC107067849
pd	map04510	LOC107067849
pd	map04512	LOC107067849
pd	map04926	LOC107067849
pd	map04933	LOC107067849
pd	map04974	LOC107067849
pd	map05146	LOC107067849
pd	map05165	LOC107067849
pd	map05200	LOC107067849
pd	map05222	LOC107067849
pd	map00520	LOC107067853
pd	map01100	LOC107067853
pd	map01130	LOC107067853
pd	map04141	LOC107067859
pd	map03050	LOC107067864
pd	map03440	LOC107067864
pd	map05169	LOC107067864
pd	map03010	LOC107067868
pd	map00071	LOC107067869
pd	map00592	LOC107067869
pd	map01040	LOC107067869
pd	map01100	LOC107067869
pd	map01110	LOC107067869
pd	map01212	LOC107067869
pd	map03320	LOC107067869
pd	map04024	LOC107067869
pd	map04146	LOC107067869
pd	map04142	LOC107067870
pd	map04979	LOC107067870
pd	map04013	LOC107067871
pd	map04214	LOC107067871
pd	map04310	LOC107067871
pd	map04380	LOC107067871
pd	map04624	LOC107067871
pd	map04657	LOC107067871
pd	map05166	LOC107067871
pd	map03060	LOC107067874
pd	map04141	LOC107067874
pd	map04918	LOC107067874
pd	map05020	LOC107067874
pd	map04310	LOC107067875
pd	map04390	LOC107067875
pd	map04550	LOC107067875
pd	map04810	LOC107067875
pd	map04934	LOC107067875
pd	map05165	LOC107067875
pd	map05166	LOC107067875
pd	map05200	LOC107067875
pd	map05206	LOC107067875
pd	map05210	LOC107067875
pd	map05213	LOC107067875
pd	map05217	LOC107067875
pd	map05224	LOC107067875
pd	map05225	LOC107067875
pd	map05226	LOC107067875
pd	map04530	LOC107067876
pd	map04141	LOC107067877
pd	map05322	LOC107067886
pd	map04621	LOC107067887
pd	map00130	LOC107067891
pd	map00270	LOC107067891
pd	map00350	LOC107067891
pd	map00360	LOC107067891
pd	map00400	LOC107067891
pd	map00401	LOC107067891
pd	map00950	LOC107067891
pd	map00960	LOC107067891
pd	map01100	LOC107067891
pd	map01110	LOC107067891
pd	map01130	LOC107067891
pd	map01230	LOC107067891
pd	map04141	LOC107067894
pd	map00061	LOC107067898
pd	map01100	LOC107067898
pd	map01212	LOC107067898
pd	map04152	LOC107067898
pd	map04910	LOC107067898
pd	map00010	LOC107067901
pd	map00040	LOC107067901
pd	map00051	LOC107067901
pd	map00052	LOC107067901
pd	map00561	LOC107067901
pd	map00790	LOC107067901
pd	map00930	LOC107067901
pd	map01100	LOC107067901
pd	map01110	LOC107067901
pd	map01120	LOC107067901
pd	map01130	LOC107067901
pd	map01220	LOC107067901
pd	map01100	LOC107067920
pd	map01524	LOC107067920
pd	map03460	LOC107067920
pd	map03460	LOC107067921
pd	map04150	LOC107067923
pd	map03040	LOC107067924
pd	map05202	LOC107067924
pd	map05205	LOC107067924
pd	map04145	LOC107067929
pd	map04210	LOC107067929
pd	map04530	LOC107067929
pd	map04540	LOC107067929
pd	map05130	LOC107067929
pd	map04145	LOC107067930
pd	map04210	LOC107067930
pd	map04530	LOC107067930
pd	map04540	LOC107067930
pd	map05130	LOC107067930
pd	map04145	LOC107067931
pd	map04210	LOC107067931
pd	map04530	LOC107067931
pd	map04540	LOC107067931
pd	map05130	LOC107067931
pd	map00270	LOC107067932
pd	map01100	LOC107067932
pd	map00071	LOC107067933
pd	map00280	LOC107067933
pd	map01100	LOC107067933
pd	map01110	LOC107067933
pd	map01212	LOC107067933
pd	map04610	LOC107067934
pd	map04624	LOC107067934
pd	map05150	LOC107067934
pd	map03040	LOC107067947
pd	map03010	LOC107067948
pd	map00513	LOC107067960
pd	map00515	LOC107067960
pd	map00601	LOC107067960
pd	map01100	LOC107067960
pd	map03040	LOC107067963
pd	map04120	LOC107067967
pd	map04120	LOC107067970
pd	map05100	LOC107067975
pd	map05410	LOC107067978
pd	map05412	LOC107067978
pd	map05414	LOC107067978
pd	map05416	LOC107067978
pd	map00230	LOC107067979
pd	map04927	LOC107067979
pd	map04934	LOC107067979
pd	map05032	LOC107067979
pd	map00230	LOC107067983
pd	map04927	LOC107067983
pd	map04934	LOC107067983
pd	map05032	LOC107067983
pd	map00190	LOC107067986
pd	map01100	LOC107067986
pd	map04145	LOC107067986
pd	map04150	LOC107067986
pd	map04721	LOC107067986
pd	map04966	LOC107067986
pd	map05110	LOC107067986
pd	map05120	LOC107067986
pd	map05323	LOC107067986
pd	map00561	LOC107067988
pd	map00564	LOC107067988
pd	map01100	LOC107067988
pd	map01110	LOC107067988
pd	map00562	LOC107067989
pd	map01100	LOC107067989
pd	map04070	LOC107067989
pd	map00190	LOC107067990
pd	map01100	LOC107067990
pd	map04142	LOC107067990
pd	map04145	LOC107067990
pd	map05110	LOC107067990
pd	map05120	LOC107067990
pd	map05152	LOC107067990
pd	map05161	LOC107067990
pd	map05323	LOC107067990
pd	map00531	LOC107067992
pd	map01100	LOC107067992
pd	map05205	LOC107067992
pd	map04110	LOC107067994
pd	map04114	LOC107067994
pd	map04120	LOC107067994
pd	map04914	LOC107067994
pd	map04110	LOC107067995
pd	map04114	LOC107067995
pd	map04120	LOC107067995
pd	map04914	LOC107067995
pd	map03450	LOC107067996
pd	map00040	LOC107067999
pd	map00051	LOC107067999
pd	map00052	LOC107067999
pd	map00561	LOC107067999
pd	map00790	LOC107067999
pd	map01100	LOC107067999
pd	map00010	LOC107068000
pd	map00040	LOC107068000
pd	map00051	LOC107068000
pd	map00052	LOC107068000
pd	map00561	LOC107068000
pd	map00790	LOC107068000
pd	map00930	LOC107068000
pd	map01100	LOC107068000
pd	map01110	LOC107068000
pd	map01120	LOC107068000
pd	map01130	LOC107068000
pd	map01220	LOC107068000
pd	map04014	LOC107068007
pd	map04015	LOC107068007
pd	map04016	LOC107068007
pd	map04020	LOC107068007
pd	map04022	LOC107068007
pd	map04024	LOC107068007
pd	map04070	LOC107068007
pd	map04114	LOC107068007
pd	map04218	LOC107068007
pd	map04261	LOC107068007
pd	map04270	LOC107068007
pd	map04371	LOC107068007
pd	map04626	LOC107068007
pd	map04713	LOC107068007
pd	map04720	LOC107068007
pd	map04722	LOC107068007
pd	map04728	LOC107068007
pd	map04740	LOC107068007
pd	map04744	LOC107068007
pd	map04745	LOC107068007
pd	map04750	LOC107068007
pd	map04910	LOC107068007
pd	map04912	LOC107068007
pd	map04915	LOC107068007
pd	map04916	LOC107068007
pd	map04921	LOC107068007
pd	map04922	LOC107068007
pd	map04924	LOC107068007
pd	map04925	LOC107068007
pd	map04970	LOC107068007
pd	map04971	LOC107068007
pd	map05010	LOC107068007
pd	map05031	LOC107068007
pd	map05034	LOC107068007
pd	map05133	LOC107068007
pd	map05152	LOC107068007
pd	map05167	LOC107068007
pd	map05200	LOC107068007
pd	map05214	LOC107068007
pd	map05418	LOC107068007
pd	map04111	LOC107068008
pd	map04113	LOC107068008
pd	map04218	LOC107068008
pd	map03320	LOC107068009
pd	map04923	LOC107068009
pd	map01521	LOC107068014
pd	map04010	LOC107068014
pd	map04014	LOC107068014
pd	map04015	LOC107068014
pd	map04144	LOC107068014
pd	map04151	LOC107068014
pd	map04520	LOC107068014
pd	map04550	LOC107068014
pd	map04714	LOC107068014
pd	map04810	LOC107068014
pd	map05200	LOC107068014
pd	map05205	LOC107068014
pd	map05206	LOC107068014
pd	map05215	LOC107068014
pd	map05218	LOC107068014
pd	map05219	LOC107068014
pd	map05224	LOC107068014
pd	map05226	LOC107068014
pd	map05230	LOC107068014
pd	map05202	LOC107068023
pd	map04144	LOC107068027
pd	map03420	LOC107068028
pd	map04066	LOC107068028
pd	map04110	LOC107068028
pd	map04111	LOC107068028
pd	map04114	LOC107068028
pd	map04120	LOC107068028
pd	map04141	LOC107068028
pd	map04310	LOC107068028
pd	map04341	LOC107068028
pd	map04350	LOC107068028
pd	map04710	LOC107068028
pd	map05200	LOC107068028
pd	map05211	LOC107068028
pd	map04010	LOC107068031
pd	map04064	LOC107068031
pd	map04380	LOC107068031
pd	map04620	LOC107068031
pd	map04621	LOC107068031
pd	map04668	LOC107068031
pd	map05140	LOC107068031
pd	map05145	LOC107068031
pd	map05168	LOC107068031
pd	map05169	LOC107068031
pd	map04020	LOC107068034
pd	map04022	LOC107068034
pd	map04216	LOC107068034
pd	map04217	LOC107068034
pd	map04218	LOC107068034
pd	map04621	LOC107068034
pd	map04979	LOC107068034
pd	map05012	LOC107068034
pd	map05016	LOC107068034
pd	map05161	LOC107068034
pd	map05164	LOC107068034
pd	map05166	LOC107068034
pd	map05203	LOC107068034
pd	map03060	LOC107068036
pd	map03015	LOC107068040
pd	map04550	LOC107068040
pd	map05164	LOC107068040
pd	map03010	LOC107068042
pd	map04150	LOC107068049
pd	map04310	LOC107068049
pd	map04360	LOC107068049
pd	map04390	LOC107068049
pd	map04550	LOC107068049
pd	map04916	LOC107068049
pd	map04934	LOC107068049
pd	map05165	LOC107068049
pd	map05166	LOC107068049
pd	map05200	LOC107068049
pd	map05205	LOC107068049
pd	map05217	LOC107068049
pd	map05224	LOC107068049
pd	map05225	LOC107068049
pd	map05226	LOC107068049
pd	map01522	LOC107068052
pd	map04015	LOC107068052
pd	map04020	LOC107068052
pd	map04024	LOC107068052
pd	map04072	LOC107068052
pd	map04261	LOC107068052
pd	map04270	LOC107068052
pd	map04540	LOC107068052
pd	map04611	LOC107068052
pd	map04713	LOC107068052
pd	map04714	LOC107068052
pd	map04724	LOC107068052
pd	map04726	LOC107068052
pd	map04728	LOC107068052
pd	map04730	LOC107068052
pd	map04740	LOC107068052
pd	map04750	LOC107068052
pd	map04911	LOC107068052
pd	map04912	LOC107068052
pd	map04913	LOC107068052
pd	map04915	LOC107068052
pd	map04916	LOC107068052
pd	map04918	LOC107068052
pd	map04921	LOC107068052
pd	map04922	LOC107068052
pd	map04923	LOC107068052
pd	map04924	LOC107068052
pd	map04925	LOC107068052
pd	map04926	LOC107068052
pd	map04927	LOC107068052
pd	map04934	LOC107068052
pd	map04961	LOC107068052
pd	map04962	LOC107068052
pd	map04970	LOC107068052
pd	map04971	LOC107068052
pd	map04972	LOC107068052
pd	map04976	LOC107068052
pd	map05012	LOC107068052
pd	map05030	LOC107068052
pd	map05031	LOC107068052
pd	map05032	LOC107068052
pd	map05034	LOC107068052
pd	map05110	LOC107068052
pd	map05142	LOC107068052
pd	map05146	LOC107068052
pd	map05165	LOC107068052
pd	map05200	LOC107068052
pd	map05414	LOC107068052
pd	map04978	LOC107068058
pd	map02010	LOC107068059
pd	map04066	LOC107068062
pd	map04120	LOC107068062
pd	map05200	LOC107068062
pd	map05211	LOC107068062
pd	map04512	LOC107068064
pd	map00830	LOC107068065
pd	map01100	LOC107068065
pd	map04011	LOC107068066
pd	map04217	LOC107068067
pd	map04110	LOC107068074
pd	map04111	LOC107068074
pd	map04113	LOC107068074
pd	map00760	LOC107068075
pd	map01100	LOC107068075
pd	map04150	LOC107068077
pd	map04141	LOC107068078
pd	map04934	LOC107068079
pd	map00480	LOC107068086
pd	map00980	LOC107068086
pd	map00982	LOC107068086
pd	map00983	LOC107068086
pd	map01524	LOC107068086
pd	map05200	LOC107068086
pd	map05204	LOC107068086
pd	map05225	LOC107068086
pd	map05418	LOC107068086
pd	map03050	LOC107068087
pd	map00190	LOC107068088
pd	map01100	LOC107068088
pd	map04714	LOC107068088
pd	map04723	LOC107068088
pd	map04932	LOC107068088
pd	map05010	LOC107068088
pd	map05012	LOC107068088
pd	map05016	LOC107068088
pd	map04130	LOC107068089
pd	map04721	LOC107068089
pd	map04911	LOC107068089
pd	map04962	LOC107068089
pd	map04970	LOC107068089
pd	map00230	LOC107068090
pd	map01100	LOC107068090
pd	map00230	LOC107068091
pd	map03010	LOC107068093
pd	map04130	LOC107068095
pd	map04721	LOC107068095
pd	map04911	LOC107068095
pd	map04962	LOC107068095
pd	map04970	LOC107068095
pd	map04068	LOC107068096
pd	map04136	LOC107068096
pd	map04137	LOC107068096
pd	map04138	LOC107068096
pd	map04139	LOC107068096
pd	map04140	LOC107068096
pd	map04212	LOC107068096
pd	map04371	LOC107068096
pd	map04621	LOC107068096
pd	map04727	LOC107068096
pd	map05167	LOC107068096
pd	map04141	LOC107068105
pd	map04724	LOC107068110
pd	map00561	LOC107068112
pd	map00564	LOC107068112
pd	map01100	LOC107068112
pd	map01110	LOC107068112
pd	map04070	LOC107068112
pd	map04072	LOC107068112
pd	map05231	LOC107068112
pd	map04144	LOC107068116
pd	map04666	LOC107068116
pd	map04810	LOC107068116
pd	map05100	LOC107068116
pd	map05130	LOC107068116
pd	map05131	LOC107068116
pd	map05132	LOC107068116
pd	map00760	LOC107068122
pd	map01120	LOC107068122
pd	map04144	LOC107068123
pd	map04217	LOC107068123
pd	map04010	LOC107068124
pd	map05206	LOC107068126
pd	map03010	LOC107068127
pd	map00970	LOC107068129
pd	map00520	LOC107068130
pd	map01100	LOC107068130
pd	map00531	LOC107068133
pd	map01100	LOC107068133
pd	map04350	LOC107068133
pd	map00531	LOC107068134
pd	map01100	LOC107068134
pd	map04350	LOC107068134
pd	map04740	LOC107068141
pd	map05200	LOC107068144
pd	map05202	LOC107068144
pd	map05221	LOC107068144
pd	map04110	LOC107068147
pd	map04111	LOC107068147
pd	map04113	LOC107068147
pd	map04114	LOC107068147
pd	map04120	LOC107068147
pd	map04914	LOC107068147
pd	map05166	LOC107068147
pd	map00970	LOC107068152
pd	map01100	LOC107068152
pd	map00562	LOC107068153
pd	map01100	LOC107068153
pd	map04011	LOC107068153
pd	map04070	LOC107068153
pd	map04072	LOC107068153
pd	map04139	LOC107068153
pd	map04144	LOC107068153
pd	map04666	LOC107068153
pd	map04810	LOC107068153
pd	map05231	LOC107068153
pd	map00340	LOC107068154
pd	map00010	LOC107068155
pd	map00020	LOC107068155
pd	map00620	LOC107068155
pd	map01100	LOC107068155
pd	map01110	LOC107068155
pd	map01120	LOC107068155
pd	map01130	LOC107068155
pd	map01200	LOC107068155
pd	map04066	LOC107068155
pd	map04922	LOC107068155
pd	map05230	LOC107068155
pd	map05206	LOC107068156
pd	map04217	LOC107068157
pd	map05034	LOC107068157
pd	map05322	LOC107068157
pd	map04144	LOC107068158
pd	map04066	LOC107068162
pd	map04360	LOC107068162
pd	map05230	LOC107068162
pd	map03460	LOC107068168
pd	map04138	LOC107068169
pd	map03050	LOC107068172
pd	map00514	LOC107068175
pd	map05152	LOC107068178
pd	map04110	LOC107068180
pd	map04114	LOC107068180
pd	map04914	LOC107068180
pd	map05100	LOC107068180
pd	map05131	LOC107068180
pd	map00860	LOC107068181
pd	map01100	LOC107068181
pd	map01110	LOC107068181
pd	map01120	LOC107068181
pd	map03050	LOC107068184
pd	map05169	LOC107068184
pd	map03010	LOC107068185
pd	map00100	LOC107068190
pd	map01100	LOC107068190
pd	map01110	LOC107068190
pd	map01130	LOC107068190
pd	map04714	LOC107068197
pd	map00565	LOC107068201
pd	map01100	LOC107068201
pd	map04110	LOC107068202
pd	map04111	LOC107068202
pd	map04115	LOC107068202
pd	map04218	LOC107068202
pd	map05166	LOC107068202
pd	map00230	LOC107068203
pd	map00670	LOC107068203
pd	map01100	LOC107068203
pd	map01110	LOC107068203
pd	map01130	LOC107068203
pd	map01523	LOC107068203
pd	map00020	LOC107068204
pd	map00190	LOC107068204
pd	map01100	LOC107068204
pd	map01110	LOC107068204
pd	map01120	LOC107068204
pd	map01130	LOC107068204
pd	map01200	LOC107068204
pd	map04714	LOC107068204
pd	map04932	LOC107068204
pd	map05010	LOC107068204
pd	map05012	LOC107068204
pd	map05016	LOC107068204
pd	map04111	LOC107068205
pd	map04142	LOC107068207
pd	map04010	LOC107068210
pd	map04013	LOC107068210
pd	map04932	LOC107068210
pd	map04621	LOC107068214
pd	map05418	LOC107068214
pd	map05225	LOC107068221
pd	map04210	LOC107068226
pd	map04214	LOC107068226
pd	map04217	LOC107068226
pd	map03010	LOC107068227
pd	map05010	LOC107068227
pd	map03040	LOC107068230
pd	map05134	LOC107068231
pd	map05134	LOC107068232
pd	map03015	LOC107068234
pd	map04071	LOC107068234
pd	map04113	LOC107068234
pd	map04114	LOC107068234
pd	map04151	LOC107068234
pd	map04152	LOC107068234
pd	map04261	LOC107068234
pd	map04728	LOC107068234
pd	map05165	LOC107068234
pd	map04010	LOC107068237
pd	map04064	LOC107068237
pd	map04620	LOC107068237
pd	map04624	LOC107068237
pd	map04722	LOC107068237
pd	map05133	LOC107068237
pd	map05140	LOC107068237
pd	map05142	LOC107068237
pd	map05145	LOC107068237
pd	map05152	LOC107068237
pd	map05162	LOC107068237
pd	map05169	LOC107068237
pd	map04145	LOC107068238
pd	map04913	LOC107068238
pd	map04925	LOC107068238
pd	map04927	LOC107068238
pd	map04934	LOC107068238
pd	map04975	LOC107068238
pd	map04976	LOC107068238
pd	map04977	LOC107068238
pd	map04979	LOC107068238
pd	map05160	LOC107068238
pd	map04080	LOC107068240
pd	map00130	LOC107068244
pd	map00360	LOC107068244
pd	map00940	LOC107068244
pd	map01100	LOC107068244
pd	map01110	LOC107068244
pd	map04214	LOC107068252
pd	map04390	LOC107068252
pd	map04391	LOC107068252
pd	map04392	LOC107068252
pd	map03013	LOC107068260
pd	map04120	LOC107068262
pd	map04144	LOC107068262
pd	map04340	LOC107068262
pd	map04341	LOC107068262
pd	map04350	LOC107068262
pd	map00010	LOC107068265
pd	map00052	LOC107068265
pd	map01100	LOC107068265
pd	map01110	LOC107068265
pd	map01120	LOC107068265
pd	map01130	LOC107068265
pd	map00860	LOC107068266
pd	map01100	LOC107068266
pd	map01110	LOC107068266
pd	map01120	LOC107068266
pd	map03013	LOC107068271
pd	map04610	LOC107068278
pd	map04150	LOC107068283
pd	map04141	LOC107068294
pd	map03040	LOC107068296
pd	map05131	LOC107068296
pd	map03018	LOC107068299
pd	map03040	LOC107068299
pd	map03013	LOC107068300
pd	map03015	LOC107068300
pd	map03040	LOC107068300
pd	map05164	LOC107068300
pd	map04141	LOC107068303
pd	map04925	LOC107068305
pd	map04927	LOC107068305
pd	map04934	LOC107068305
pd	map03010	LOC107068307
pd	map03015	LOC107068308
pd	map04620	LOC107068308
pd	map05142	LOC107068308
pd	map05143	LOC107068308
pd	map05144	LOC107068308
pd	map05152	LOC107068308
pd	map05162	LOC107068308
pd	map05168	LOC107068308
pd	map05166	LOC107068309
pd	map04062	LOC107068310
pd	map04140	LOC107068310
pd	map04270	LOC107068310
pd	map04621	LOC107068310
pd	map04666	LOC107068310
pd	map04722	LOC107068310
pd	map04750	LOC107068310
pd	map04912	LOC107068310
pd	map04915	LOC107068310
pd	map04930	LOC107068310
pd	map04931	LOC107068310
pd	map04933	LOC107068310
pd	map04062	LOC107068311
pd	map04140	LOC107068311
pd	map04270	LOC107068311
pd	map04621	LOC107068311
pd	map04666	LOC107068311
pd	map04722	LOC107068311
pd	map04750	LOC107068311
pd	map04912	LOC107068311
pd	map04915	LOC107068311
pd	map04930	LOC107068311
pd	map04931	LOC107068311
pd	map04933	LOC107068311
pd	map00981	LOC107068314
pd	map03050	LOC107068315
pd	map05169	LOC107068315
pd	map00514	LOC107068320
pd	map04024	LOC107068321
pd	map04080	LOC107068321
pd	map04724	LOC107068321
pd	map05030	LOC107068321
pd	map05031	LOC107068321
pd	map05033	LOC107068321
pd	map05034	LOC107068321
pd	map04144	LOC107068322
pd	map03015	LOC107068323
pd	map04714	LOC107068324
pd	map04120	LOC107068325
pd	map05200	LOC107068325
pd	map05225	LOC107068325
pd	map05418	LOC107068325
pd	map00260	LOC107068327
pd	map00270	LOC107068327
pd	map01100	LOC107068327
pd	map01130	LOC107068327
pd	map01230	LOC107068327
pd	map00051	LOC107068328
pd	map00520	LOC107068328
pd	map01100	LOC107068328
pd	map01110	LOC107068328
pd	map01130	LOC107068328
pd	map03018	LOC107068330
pd	map04111	LOC107068331
pd	map04260	LOC107068331
pd	map04261	LOC107068331
pd	map04530	LOC107068331
pd	map05416	LOC107068331
pd	map04120	LOC107068332
pd	map04380	LOC107068332
pd	map04630	LOC107068332
pd	map04668	LOC107068332
pd	map04910	LOC107068332
pd	map04917	LOC107068332
pd	map04920	LOC107068332
pd	map04930	LOC107068332
pd	map04931	LOC107068332
pd	map04932	LOC107068332
pd	map05160	LOC107068332
pd	map05164	LOC107068332
pd	map05168	LOC107068332
pd	map03013	LOC107068333
pd	map00260	LOC107068334
pd	map01100	LOC107068334
pd	map01110	LOC107068334
pd	map01120	LOC107068334
pd	map01130	LOC107068334
pd	map01230	LOC107068334
pd	map03013	LOC107068335
pd	map05416	LOC107068335
pd	map03022	LOC107068337
pd	map05168	LOC107068338
pd	map03022	LOC107068339
pd	map04010	LOC107068341
pd	map04120	LOC107068342
pd	map05168	LOC107068342
pd	map00480	LOC107068343
pd	map00980	LOC107068343
pd	map00982	LOC107068343
pd	map00983	LOC107068343
pd	map01524	LOC107068343
pd	map05200	LOC107068343
pd	map05204	LOC107068343
pd	map05225	LOC107068343
pd	map05418	LOC107068343
pd	map04010	LOC107068345
pd	map04260	LOC107068345
pd	map04261	LOC107068345
pd	map04921	LOC107068345
pd	map05410	LOC107068345
pd	map05412	LOC107068345
pd	map05414	LOC107068345
pd	map03040	LOC107068350
pd	map00190	LOC107068351
pd	map01100	LOC107068351
pd	map04714	LOC107068351
pd	map04723	LOC107068351
pd	map04932	LOC107068351
pd	map05010	LOC107068351
pd	map05012	LOC107068351
pd	map05016	LOC107068351
pd	map00562	LOC107068352
pd	map01100	LOC107068352
pd	map04011	LOC107068352
pd	map04070	LOC107068352
pd	map04624	LOC107068353
pd	map04934	LOC107068355
pd	map00564	LOC107068361
pd	map00565	LOC107068361
pd	map00590	LOC107068361
pd	map00591	LOC107068361
pd	map00592	LOC107068361
pd	map01100	LOC107068361
pd	map01110	LOC107068361
pd	map04014	LOC107068361
pd	map04923	LOC107068361
pd	map03010	LOC107068365
pd	map03450	LOC107068365
pd	map03010	LOC107068366
pd	map03450	LOC107068366
pd	map04120	LOC107068367
pd	map03022	LOC107068368
pd	map03420	LOC107068368
pd	map02010	LOC107068369
pd	map03022	LOC107068369
pd	map05168	LOC107068369
pd	map03013	LOC107068372
pd	map00600	LOC107068373
pd	map01100	LOC107068373
pd	map04071	LOC107068373
pd	map04142	LOC107068373
pd	map04217	LOC107068373
pd	map03010	LOC107068374
pd	map00620	LOC107068376
pd	map00627	LOC107068376
pd	map01120	LOC107068376
pd	map04144	LOC107068384
pd	map04919	LOC107068385
pd	map04974	LOC107068385
pd	map03440	LOC107068388
pd	map04120	LOC107068390
pd	map04137	LOC107068390
pd	map04141	LOC107068390
pd	map05012	LOC107068390
pd	map00561	LOC107068392
pd	map00564	LOC107068392
pd	map00565	LOC107068392
pd	map00600	LOC107068392
pd	map01100	LOC107068392
pd	map01110	LOC107068392
pd	map04072	LOC107068392
pd	map04666	LOC107068392
pd	map04975	LOC107068392
pd	map05231	LOC107068392
pd	map04020	LOC107068394
pd	map04022	LOC107068394
pd	map04024	LOC107068394
pd	map04080	LOC107068394
pd	map04261	LOC107068394
pd	map04540	LOC107068394
pd	map04726	LOC107068394
pd	map04728	LOC107068394
pd	map04923	LOC107068394
pd	map04924	LOC107068394
pd	map04970	LOC107068394
pd	map05012	LOC107068394
pd	map05030	LOC107068394
pd	map05031	LOC107068394
pd	map05032	LOC107068394
pd	map05034	LOC107068394
pd	map04146	LOC107068397
pd	map04010	LOC107068399
pd	map04013	LOC107068399
pd	map04214	LOC107068399
pd	map04550	LOC107068399
pd	map05202	LOC107068399
pd	map05221	LOC107068399
pd	map03010	LOC107068401
pd	map04010	LOC107068403
pd	map04013	LOC107068403
pd	map04014	LOC107068403
pd	map04360	LOC107068403
pd	map00260	LOC107068404
pd	map00562	LOC107068406
pd	map01100	LOC107068406
pd	map04020	LOC107068406
pd	map04070	LOC107068406
pd	map00071	LOC107068407
pd	map01100	LOC107068407
pd	map01212	LOC107068407
pd	map03010	LOC107068409
pd	map04141	LOC107068411
pd	map00072	LOC107068413
pd	map00280	LOC107068413
pd	map00650	LOC107068413
pd	map00230	LOC107068414
pd	map00240	LOC107068414
pd	map01100	LOC107068414
pd	map03020	LOC107068414
pd	map05016	LOC107068414
pd	map05168	LOC107068414
pd	map05169	LOC107068414
pd	map00300	LOC107068418
pd	map00310	LOC107068418
pd	map00380	LOC107068418
pd	map01100	LOC107068418
pd	map01130	LOC107068418
pd	map01210	LOC107068418
pd	map03010	LOC107068424
pd	map02010	LOC107068426
pd	map04975	LOC107068426
pd	map04976	LOC107068426
pd	map04979	LOC107068426
pd	map00230	LOC107068428
pd	map00250	LOC107068428
pd	map01100	LOC107068428
pd	map01110	LOC107068428
pd	map01130	LOC107068428
pd	map04724	LOC107068435
pd	map04120	LOC107068436
pd	map04144	LOC107068437
pd	map04111	LOC107068438
pd	map05200	LOC107068438
pd	map05222	LOC107068438
pd	map04144	LOC107068444
pd	map04013	LOC107068448
pd	map04064	LOC107068448
pd	map04380	LOC107068448
pd	map04611	LOC107068448
pd	map04660	LOC107068448
pd	map04662	LOC107068448
pd	map04664	LOC107068448
pd	map05340	LOC107068448
pd	map00030	LOC107068451
pd	map00260	LOC107068451
pd	map01100	LOC107068451
pd	map01110	LOC107068451
pd	map01130	LOC107068451
pd	map00260	LOC107068452
pd	map01100	LOC107068452
pd	map00030	LOC107068453
pd	map01100	LOC107068453
pd	map01110	LOC107068453
pd	map01130	LOC107068453
pd	map00030	LOC107068454
pd	map00260	LOC107068454
pd	map01100	LOC107068454
pd	map01110	LOC107068454
pd	map01130	LOC107068454
pd	map00030	LOC107068456
pd	map00260	LOC107068456
pd	map01100	LOC107068456
pd	map01110	LOC107068456
pd	map01130	LOC107068456
pd	map00030	LOC107068457
pd	map00260	LOC107068457
pd	map01100	LOC107068457
pd	map01110	LOC107068457
pd	map01130	LOC107068457
pd	map00564	LOC107068458
pd	map01100	LOC107068458
pd	map04910	LOC107068459
pd	map04010	LOC107068462
pd	map05206	LOC107068462
pd	map04120	LOC107068465
pd	map04110	LOC107068466
pd	map04111	LOC107068466
pd	map04072	LOC107068469
pd	map04144	LOC107068469
pd	map04514	LOC107068470
pd	map00520	LOC107068471
pd	map01100	LOC107068471
pd	map00220	LOC107068472
pd	map00250	LOC107068472
pd	map00270	LOC107068472
pd	map00330	LOC107068472
pd	map00350	LOC107068472
pd	map00360	LOC107068472
pd	map00400	LOC107068472
pd	map00710	LOC107068472
pd	map00950	LOC107068472
pd	map00960	LOC107068472
pd	map01100	LOC107068472
pd	map01110	LOC107068472
pd	map01120	LOC107068472
pd	map01130	LOC107068472
pd	map01200	LOC107068472
pd	map01210	LOC107068472
pd	map01230	LOC107068472
pd	map04110	LOC107068474
pd	map04111	LOC107068474
pd	map04113	LOC107068474
pd	map04114	LOC107068474
pd	map04120	LOC107068474
pd	map04914	LOC107068474
pd	map05166	LOC107068474
pd	map04962	LOC107068477
pd	map04010	LOC107068478
pd	map04022	LOC107068478
pd	map05166	LOC107068478
pd	map05203	LOC107068478
pd	map03018	LOC107068480
pd	map00250	LOC107068481
pd	map00520	LOC107068481
pd	map01100	LOC107068481
pd	map01130	LOC107068481
pd	map04931	LOC107068481
pd	map04144	LOC107068483
pd	map04666	LOC107068483
pd	map04810	LOC107068483
pd	map05100	LOC107068483
pd	map05130	LOC107068483
pd	map05131	LOC107068483
pd	map05132	LOC107068483
pd	map04012	LOC107068484
pd	map04020	LOC107068484
pd	map04024	LOC107068484
pd	map04066	LOC107068484
pd	map04114	LOC107068484
pd	map04217	LOC107068484
pd	map04261	LOC107068484
pd	map04310	LOC107068484
pd	map04360	LOC107068484
pd	map04713	LOC107068484
pd	map04720	LOC107068484
pd	map04722	LOC107068484
pd	map04725	LOC107068484
pd	map04728	LOC107068484
pd	map04740	LOC107068484
pd	map04745	LOC107068484
pd	map04750	LOC107068484
pd	map04911	LOC107068484
pd	map04912	LOC107068484
pd	map04916	LOC107068484
pd	map04921	LOC107068484
pd	map04922	LOC107068484
pd	map04925	LOC107068484
pd	map04934	LOC107068484
pd	map04971	LOC107068484
pd	map05031	LOC107068484
pd	map05152	LOC107068484
pd	map05200	LOC107068484
pd	map05205	LOC107068484
pd	map05214	LOC107068484
pd	map04152	LOC107068485
pd	map04921	LOC107068485
pd	map04514	LOC107068489
pd	map05231	LOC107068490
pd	map00010	LOC107068496
pd	map00053	LOC107068496
pd	map00071	LOC107068496
pd	map00280	LOC107068496
pd	map00310	LOC107068496
pd	map00330	LOC107068496
pd	map00340	LOC107068496
pd	map00350	LOC107068496
pd	map00360	LOC107068496
pd	map00380	LOC107068496
pd	map00410	LOC107068496
pd	map00561	LOC107068496
pd	map00620	LOC107068496
pd	map00625	LOC107068496
pd	map00903	LOC107068496
pd	map00980	LOC107068496
pd	map00981	LOC107068496
pd	map00982	LOC107068496
pd	map01100	LOC107068496
pd	map01110	LOC107068496
pd	map01120	LOC107068496
pd	map01130	LOC107068496
pd	map04011	LOC107068496
pd	map04014	LOC107068496
pd	map04015	LOC107068496
pd	map04022	LOC107068496
pd	map04024	LOC107068496
pd	map04062	LOC107068496
pd	map04071	LOC107068496
pd	map04072	LOC107068496
pd	map04144	LOC107068496
pd	map04150	LOC107068496
pd	map04270	LOC107068496
pd	map04310	LOC107068496
pd	map04350	LOC107068496
pd	map04360	LOC107068496
pd	map04510	LOC107068496
pd	map04520	LOC107068496
pd	map04530	LOC107068496
pd	map04611	LOC107068496
pd	map04621	LOC107068496
pd	map04660	LOC107068496
pd	map04670	LOC107068496
pd	map04722	LOC107068496
pd	map04810	LOC107068496
pd	map04921	LOC107068496
pd	map04972	LOC107068496
pd	map05100	LOC107068496
pd	map05130	LOC107068496
pd	map05133	LOC107068496
pd	map05152	LOC107068496
pd	map05200	LOC107068496
pd	map05203	LOC107068496
pd	map05204	LOC107068496
pd	map05205	LOC107068496
pd	map05206	LOC107068496
pd	map05210	LOC107068496
pd	map05418	LOC107068496
pd	map04310	LOC107068502
pd	map04010	LOC107068508
pd	map04066	LOC107068508
pd	map04910	LOC107068508
pd	map04010	LOC107068511
pd	map04022	LOC107068511
pd	map05166	LOC107068511
pd	map05203	LOC107068511
pd	map04624	LOC107068516
pd	map04520	LOC107068521
pd	map04714	LOC107068524
pd	map05225	LOC107068524
pd	map00531	LOC107068527
pd	map01100	LOC107068527
pd	map04142	LOC107068527
pd	map03440	LOC107068529
pd	map04010	LOC107068532
pd	map04260	LOC107068532
pd	map04261	LOC107068532
pd	map04921	LOC107068532
pd	map05410	LOC107068532
pd	map05412	LOC107068532
pd	map05414	LOC107068532
pd	map04340	LOC107068533
pd	map04341	LOC107068533
pd	map04360	LOC107068533
pd	map04218	LOC107068538
pd	map03010	LOC107068541
pd	map00510	LOC107068547
pd	map00513	LOC107068547
pd	map00970	LOC107068547
pd	map01100	LOC107068547
pd	map03013	LOC107068550
pd	map03013	LOC107068552
pd	map05206	LOC107068553
pd	map00970	LOC107068554
pd	map04142	LOC107068561
pd	map04979	LOC107068561
pd	map04014	LOC107068564
pd	map04015	LOC107068564
pd	map04024	LOC107068564
pd	map04062	LOC107068564
pd	map04530	LOC107068564
pd	map04810	LOC107068564
pd	map05205	LOC107068564
pd	map03018	LOC107068566
pd	map00970	LOC107068568
pd	map04146	LOC107068568
pd	map00230	LOC107068570
pd	map00261	LOC107068570
pd	map00450	LOC107068570
pd	map00920	LOC107068570
pd	map01100	LOC107068570
pd	map01120	LOC107068570
pd	map01130	LOC107068570
pd	map04024	LOC107068572
pd	map04152	LOC107068572
pd	map04371	LOC107068572
pd	map04714	LOC107068572
pd	map04910	LOC107068572
pd	map04923	LOC107068572
pd	map04925	LOC107068572
pd	map00190	LOC107068575
pd	map01100	LOC107068575
pd	map04714	LOC107068575
pd	map04723	LOC107068575
pd	map04932	LOC107068575
pd	map05010	LOC107068575
pd	map05012	LOC107068575
pd	map05016	LOC107068575
pd	map00970	LOC107068578
pd	map03060	LOC107068579
pd	map04146	LOC107068579
pd	map00750	LOC107068580
pd	map01100	LOC107068580
pd	map01120	LOC107068580
pd	map03040	LOC107068581
pd	map04070	LOC107068581
pd	map03040	LOC107068582
pd	map05202	LOC107068582
pd	map05205	LOC107068582
pd	map00500	LOC107068588
pd	map01100	LOC107068588
pd	map01110	LOC107068588
pd	map02026	LOC107068588
pd	map04217	LOC107068588
pd	map04910	LOC107068588
pd	map04922	LOC107068588
pd	map04931	LOC107068588
pd	map04927	LOC107068589
pd	map04934	LOC107068589
pd	map04141	LOC107068590
pd	map04141	LOC107068594
pd	map03013	LOC107068595
pd	map04020	LOC107068596
pd	map04611	LOC107068596
pd	map04014	LOC107068599
pd	map04015	LOC107068599
pd	map04072	LOC107068599
pd	map05200	LOC107068599
pd	map05210	LOC107068599
pd	map05212	LOC107068599
pd	map00600	LOC107068602
pd	map01100	LOC107068602
pd	map04071	LOC107068602
pd	map04138	LOC107068602
pd	map03040	LOC107068603
pd	map04260	LOC107068606
pd	map04261	LOC107068606
pd	map05200	LOC107068606
pd	map05206	LOC107068606
pd	map05216	LOC107068606
pd	map05410	LOC107068606
pd	map05414	LOC107068606
pd	map04010	LOC107068607
pd	map04013	LOC107068607
pd	map03010	LOC107068608
pd	map00230	LOC107068611
pd	map00240	LOC107068611
pd	map00480	LOC107068611
pd	map00983	LOC107068611
pd	map01100	LOC107068611
pd	map05202	LOC107068612
pd	map03040	LOC107068613
pd	map03040	LOC107068619
pd	map04013	LOC107068621
pd	map04146	LOC107068622
pd	map00270	LOC107068624
pd	map00430	LOC107068624
pd	map01100	LOC107068624
pd	map03010	LOC107068625
pd	map04146	LOC107068630
pd	map04310	LOC107068631
pd	map04350	LOC107068631
pd	map03018	LOC107068634
pd	map03040	LOC107068635
pd	map00010	LOC107068654
pd	map00680	LOC107068654
pd	map01100	LOC107068654
pd	map01110	LOC107068654
pd	map01120	LOC107068654
pd	map01130	LOC107068654
pd	map01200	LOC107068654
pd	map01230	LOC107068654
pd	map03018	LOC107068654
pd	map04066	LOC107068654
pd	map04066	LOC107068655
pd	map04934	LOC107068655
pd	map05200	LOC107068655
pd	map05202	LOC107068655
pd	map05204	LOC107068655
pd	map05211	LOC107068655
pd	map03008	LOC107068657
pd	map00073	LOC107068658
pd	map04146	LOC107068658
pd	map04212	LOC107068658
pd	map00073	LOC107068659
pd	map04146	LOC107068659
pd	map04212	LOC107068659
pd	map03013	LOC107068664
pd	map00062	LOC107068669
pd	map00071	LOC107068669
pd	map00280	LOC107068669
pd	map01100	LOC107068669
pd	map01110	LOC107068669
pd	map01130	LOC107068669
pd	map01212	LOC107068669
pd	map00130	LOC107068673
pd	map01100	LOC107068673
pd	map01110	LOC107068673
pd	map03010	LOC107068675
pd	map03018	LOC107068677
pd	map03040	LOC107068680
pd	map04014	LOC107068684
pd	map04144	LOC107068685
pd	map00190	LOC107068689
pd	map01100	LOC107068689
pd	map04714	LOC107068689
pd	map05010	LOC107068689
pd	map05012	LOC107068689
pd	map05016	LOC107068689
pd	map00190	LOC107068690
pd	map01100	LOC107068690
pd	map04714	LOC107068690
pd	map04723	LOC107068690
pd	map04932	LOC107068690
pd	map05010	LOC107068690
pd	map05012	LOC107068690
pd	map05016	LOC107068690
pd	map03010	LOC107068691
pd	map03022	LOC107068695
pd	map03420	LOC107068695
pd	map00062	LOC107068696
pd	map01100	LOC107068696
pd	map01212	LOC107068696
pd	map04142	LOC107068696
pd	map00512	LOC107068710
pd	map01100	LOC107068710
pd	map04714	LOC107068711
pd	map04136	LOC107068713
pd	map04138	LOC107068713
pd	map04140	LOC107068713
pd	map03040	LOC107068716
pd	map04020	LOC107068721
pd	map04022	LOC107068721
pd	map04024	LOC107068721
pd	map04080	LOC107068721
pd	map04261	LOC107068721
pd	map04540	LOC107068721
pd	map04726	LOC107068721
pd	map04728	LOC107068721
pd	map04923	LOC107068721
pd	map04924	LOC107068721
pd	map04970	LOC107068721
pd	map05012	LOC107068721
pd	map05030	LOC107068721
pd	map05031	LOC107068721
pd	map05032	LOC107068721
pd	map05034	LOC107068721
pd	map03010	LOC107068725
pd	map03050	LOC107068726
pd	map05169	LOC107068726
pd	map04010	LOC107068727
pd	map04714	LOC107068727
pd	map05200	LOC107068727
pd	map05220	LOC107068727
pd	map04391	LOC107068735
pd	map00620	LOC107068739
pd	map00710	LOC107068739
pd	map01100	LOC107068739
pd	map01120	LOC107068739
pd	map01200	LOC107068739
pd	map02020	LOC107068739
pd	map00480	LOC107068746
pd	map00980	LOC107068746
pd	map00982	LOC107068746
pd	map00983	LOC107068746
pd	map01524	LOC107068746
pd	map05200	LOC107068746
pd	map05204	LOC107068746
pd	map05225	LOC107068746
pd	map05418	LOC107068746
pd	map00480	LOC107068747
pd	map00980	LOC107068747
pd	map00982	LOC107068747
pd	map00983	LOC107068747
pd	map01524	LOC107068747
pd	map05200	LOC107068747
pd	map05204	LOC107068747
pd	map05225	LOC107068747
pd	map05418	LOC107068747
pd	map03013	LOC107068749
pd	map04014	LOC107068765
pd	map00620	LOC107068768
pd	map00710	LOC107068768
pd	map01100	LOC107068768
pd	map01120	LOC107068768
pd	map01200	LOC107068768
pd	map02020	LOC107068768
pd	map03060	LOC107068770
pd	map00564	LOC107068779
pd	map03040	LOC107068780
pd	map05168	LOC107068780
pd	map04080	LOC107068787
pd	map03013	LOC107068788
pd	map03015	LOC107068788
pd	map04141	LOC107068789
pd	map05014	LOC107068790
pd	map00230	LOC107068791
pd	map00240	LOC107068791
pd	map00760	LOC107068791
pd	map01100	LOC107068791
pd	map01110	LOC107068791
pd	map00450	LOC107068792
pd	map00970	LOC107068792
pd	map04024	LOC107068794
pd	map04062	LOC107068794
pd	map04064	LOC107068794
pd	map04210	LOC107068794
pd	map04380	LOC107068794
pd	map04620	LOC107068794
pd	map04621	LOC107068794
pd	map04622	LOC107068794
pd	map04623	LOC107068794
pd	map04624	LOC107068794
pd	map04657	LOC107068794
pd	map04658	LOC107068794
pd	map04659	LOC107068794
pd	map04660	LOC107068794
pd	map04662	LOC107068794
pd	map04668	LOC107068794
pd	map04722	LOC107068794
pd	map04920	LOC107068794
pd	map04926	LOC107068794
pd	map04931	LOC107068794
pd	map05020	LOC107068794
pd	map05120	LOC107068794
pd	map05131	LOC107068794
pd	map05134	LOC107068794
pd	map05140	LOC107068794
pd	map05142	LOC107068794
pd	map05145	LOC107068794
pd	map05160	LOC107068794
pd	map05161	LOC107068794
pd	map05162	LOC107068794
pd	map05164	LOC107068794
pd	map05166	LOC107068794
pd	map05167	LOC107068794
pd	map05168	LOC107068794
pd	map05169	LOC107068794
pd	map05200	LOC107068794
pd	map05203	LOC107068794
pd	map05215	LOC107068794
pd	map05220	LOC107068794
pd	map05222	LOC107068794
pd	map04919	LOC107068796
pd	map04977	LOC107068796
pd	map03440	LOC107068798
pd	map03008	LOC107068802
pd	map04918	LOC107068803
pd	map04978	LOC107068803
pd	map04024	LOC107068805
pd	map04062	LOC107068805
pd	map04064	LOC107068805
pd	map04210	LOC107068805
pd	map04380	LOC107068805
pd	map04620	LOC107068805
pd	map04621	LOC107068805
pd	map04622	LOC107068805
pd	map04623	LOC107068805
pd	map04624	LOC107068805
pd	map04657	LOC107068805
pd	map04658	LOC107068805
pd	map04659	LOC107068805
pd	map04660	LOC107068805
pd	map04662	LOC107068805
pd	map04668	LOC107068805
pd	map04722	LOC107068805
pd	map04920	LOC107068805
pd	map04926	LOC107068805
pd	map04931	LOC107068805
pd	map05020	LOC107068805
pd	map05120	LOC107068805
pd	map05131	LOC107068805
pd	map05134	LOC107068805
pd	map05140	LOC107068805
pd	map05142	LOC107068805
pd	map05145	LOC107068805
pd	map05160	LOC107068805
pd	map05161	LOC107068805
pd	map05162	LOC107068805
pd	map05164	LOC107068805
pd	map05166	LOC107068805
pd	map05167	LOC107068805
pd	map05168	LOC107068805
pd	map05169	LOC107068805
pd	map05200	LOC107068805
pd	map05203	LOC107068805
pd	map05215	LOC107068805
pd	map05220	LOC107068805
pd	map05222	LOC107068805
pd	map00330	LOC107068807
pd	map00340	LOC107068807
pd	map00410	LOC107068807
pd	map01100	LOC107068807
pd	map00511	LOC107068808
pd	map00250	LOC107068809
pd	map00260	LOC107068809
pd	map00630	LOC107068809
pd	map00680	LOC107068809
pd	map01100	LOC107068809
pd	map01110	LOC107068809
pd	map01120	LOC107068809
pd	map01130	LOC107068809
pd	map01200	LOC107068809
pd	map04146	LOC107068809
pd	map04350	LOC107068810
pd	map03008	LOC107068812
pd	map04141	LOC107068812
pd	map05134	LOC107068812
pd	map04072	LOC107068813
pd	map04144	LOC107068813
pd	map05110	LOC107068813
pd	map05134	LOC107068813
pd	map00073	LOC107068814
pd	map04146	LOC107068814
pd	map04212	LOC107068814
pd	map04139	LOC107068815
pd	map04060	LOC107068816
pd	map04350	LOC107068816
pd	map04360	LOC107068816
pd	map04390	LOC107068816
pd	map05200	LOC107068816
pd	map05217	LOC107068816
pd	map00072	LOC107068817
pd	map00280	LOC107068817
pd	map00650	LOC107068817
pd	map00900	LOC107068817
pd	map01100	LOC107068817
pd	map01110	LOC107068817
pd	map01130	LOC107068817
pd	map03010	LOC107068820
pd	map04010	LOC107068823
pd	map04013	LOC107068823
pd	map00750	LOC107068828
pd	map01100	LOC107068828
pd	map01120	LOC107068828
pd	map03050	LOC107068830
pd	map05169	LOC107068830
pd	map03050	LOC107068831
pd	map04612	LOC107068831
pd	map05160	LOC107068831
pd	map03010	LOC107068832
pd	map04341	LOC107068833
pd	map04974	LOC107068834
pd	map03008	LOC107068839
pd	map04130	LOC107068842
pd	map04145	LOC107068842
pd	map04910	LOC107068843
pd	map04020	LOC107068846
pd	map04022	LOC107068846
pd	map04217	LOC107068846
pd	map04218	LOC107068846
pd	map05012	LOC107068846
pd	map05016	LOC107068846
pd	map05166	LOC107068846
pd	map00240	LOC107068847
pd	map00250	LOC107068847
pd	map01100	LOC107068847
pd	map04391	LOC107068851
pd	map04015	LOC107068854
pd	map04310	LOC107068854
pd	map04390	LOC107068854
pd	map04510	LOC107068854
pd	map04520	LOC107068854
pd	map04550	LOC107068854
pd	map04670	LOC107068854
pd	map04916	LOC107068854
pd	map04919	LOC107068854
pd	map04934	LOC107068854
pd	map05100	LOC107068854
pd	map05130	LOC107068854
pd	map05165	LOC107068854
pd	map05166	LOC107068854
pd	map05167	LOC107068854
pd	map05200	LOC107068854
pd	map05205	LOC107068854
pd	map05210	LOC107068854
pd	map05213	LOC107068854
pd	map05215	LOC107068854
pd	map05216	LOC107068854
pd	map05217	LOC107068854
pd	map05224	LOC107068854
pd	map05225	LOC107068854
pd	map05226	LOC107068854
pd	map05412	LOC107068854
pd	map05418	LOC107068854
pd	map04150	LOC107068855
pd	map03013	LOC107068858
pd	map04530	LOC107068859
pd	map00981	LOC107068860
pd	map04212	LOC107068860
pd	map03040	LOC107068861
pd	map00981	LOC107068862
pd	map01100	LOC107068863
pd	map04550	LOC107068863
pd	map05202	LOC107068863
pd	map05206	LOC107068863
pd	map04010	LOC107068864
pd	map04014	LOC107068864
pd	map04015	LOC107068864
pd	map04072	LOC107068864
pd	map04137	LOC107068864
pd	map04140	LOC107068864
pd	map04218	LOC107068864
pd	map04371	LOC107068864
pd	map04810	LOC107068864
pd	map05166	LOC107068864
pd	map05205	LOC107068864
pd	map00590	LOC107068865
pd	map00591	LOC107068865
pd	map00981	LOC107068865
pd	map01100	LOC107068865
pd	map04212	LOC107068865
pd	map04726	LOC107068865
pd	map04750	LOC107068865
pd	map04913	LOC107068865
pd	map00900	LOC107068869
pd	map00981	LOC107068869
pd	map01130	LOC107068869
pd	map03010	LOC107068884
pd	map00500	LOC107068889
pd	map01100	LOC107068889
pd	map00230	LOC107068890
pd	map00730	LOC107068890
pd	map01100	LOC107068890
pd	map01110	LOC107068890
pd	map01130	LOC107068890
pd	map04020	LOC107068891
pd	map04024	LOC107068891
pd	map04080	LOC107068891
pd	map03013	LOC107068894
pd	map00250	LOC107068896
pd	map00410	LOC107068896
pd	map00430	LOC107068896
pd	map00650	LOC107068896
pd	map00770	LOC107068896
pd	map01100	LOC107068896
pd	map01110	LOC107068896
pd	map01120	LOC107068896
pd	map02024	LOC107068896
pd	map04727	LOC107068896
pd	map04940	LOC107068896
pd	map04360	LOC107068897
pd	map04144	LOC107068901
pd	map03018	LOC107068909
pd	map00190	LOC107068914
pd	map01100	LOC107068914
pd	map04145	LOC107068914
pd	map04721	LOC107068914
pd	map04966	LOC107068914
pd	map05110	LOC107068914
pd	map05120	LOC107068914
pd	map05323	LOC107068914
pd	map03013	LOC107068916
pd	map04062	LOC107068916
pd	map04666	LOC107068916
pd	map03013	LOC107068918
pd	map04062	LOC107068918
pd	map04666	LOC107068918
pd	map00510	LOC107068919
pd	map00513	LOC107068919
pd	map01100	LOC107068919
pd	map04010	LOC107068921
pd	map04110	LOC107068921
pd	map04114	LOC107068921
pd	map04218	LOC107068921
pd	map04914	LOC107068921
pd	map05206	LOC107068921
pd	map05034	LOC107068925
pd	map05203	LOC107068925
pd	map05322	LOC107068925
pd	map00230	LOC107068928
pd	map04022	LOC107068928
pd	map04024	LOC107068928
pd	map04270	LOC107068928
pd	map04714	LOC107068928
pd	map04921	LOC107068928
pd	map04923	LOC107068928
pd	map04924	LOC107068928
pd	map04925	LOC107068928
pd	map04080	LOC107068930
pd	map04610	LOC107068930
pd	map05150	LOC107068930
pd	map05164	LOC107068930
pd	map03040	LOC107068932
pd	map04360	LOC107068933
pd	map04745	LOC107068933
pd	map00040	LOC107068934
pd	map00053	LOC107068934
pd	map00140	LOC107068934
pd	map00565	LOC107068934
pd	map00600	LOC107068934
pd	map00830	LOC107068934
pd	map00860	LOC107068934
pd	map00980	LOC107068934
pd	map00982	LOC107068934
pd	map00983	LOC107068934
pd	map01100	LOC107068934
pd	map01110	LOC107068934
pd	map05204	LOC107068934
pd	map00900	LOC107068935
pd	map00981	LOC107068935
pd	map01130	LOC107068935
pd	map04142	LOC107068936
pd	map04979	LOC107068936
pd	map00900	LOC107068937
pd	map00981	LOC107068937
pd	map01130	LOC107068937
pd	map04721	LOC107068939
pd	map04726	LOC107068939
pd	map04728	LOC107068939
pd	map05012	LOC107068939
pd	map05030	LOC107068939
pd	map05031	LOC107068939
pd	map05034	LOC107068939
pd	map00520	LOC107068940
pd	map03010	LOC107068942
pd	map04142	LOC107068945
pd	map00240	LOC107068946
pd	map04310	LOC107068946
pd	map00900	LOC107068949
pd	map00981	LOC107068949
pd	map01130	LOC107068949
pd	map05016	LOC107068958
pd	map00020	LOC107068960
pd	map00270	LOC107068960
pd	map00620	LOC107068960
pd	map00630	LOC107068960
pd	map00710	LOC107068960
pd	map01100	LOC107068960
pd	map01110	LOC107068960
pd	map01120	LOC107068960
pd	map01130	LOC107068960
pd	map01200	LOC107068960
pd	map00230	LOC107068961
pd	map00730	LOC107068961
pd	map01100	LOC107068961
pd	map01110	LOC107068961
pd	map01130	LOC107068961
pd	map00310	LOC107068963
pd	map00230	LOC107068966
pd	map00240	LOC107068966
pd	map01100	LOC107068966
pd	map03020	LOC107068966
pd	map03010	LOC107068970
pd	map03008	LOC107068977
pd	map04974	LOC107068978
pd	map04130	LOC107068982
pd	map04721	LOC107068982
pd	map04911	LOC107068982
pd	map05031	LOC107068982
pd	map04120	LOC107068991
pd	map04630	LOC107068991
pd	map05160	LOC107068991
pd	map00100	LOC107068995
pd	map04979	LOC107068995
pd	map00561	LOC107068997
pd	map00564	LOC107068997
pd	map01100	LOC107068997
pd	map01110	LOC107068997
pd	map04072	LOC107068997
pd	map04975	LOC107068997
pd	map04150	LOC107068999
pd	map00680	LOC107069000
pd	map01120	LOC107069000
pd	map01200	LOC107069000
pd	map04310	LOC107069003
pd	map04919	LOC107069005
pd	map04010	LOC107069006
pd	map04210	LOC107069006
pd	map05014	LOC107069006
pd	map05168	LOC107069006
pd	map00380	LOC107069007
pd	map00630	LOC107069007
pd	map01100	LOC107069007
pd	map03010	LOC107069008
pd	map03010	LOC107069009
pd	map04130	LOC107069013
pd	map04020	LOC107069014
pd	map04022	LOC107069014
pd	map05012	LOC107069014
pd	map05016	LOC107069014
pd	map05145	LOC107069014
pd	map00190	LOC107069018
pd	map01100	LOC107069018
pd	map04142	LOC107069018
pd	map04145	LOC107069018
pd	map04150	LOC107069018
pd	map04721	LOC107069018
pd	map05110	LOC107069018
pd	map05120	LOC107069018
pd	map05152	LOC107069018
pd	map05323	LOC107069018
pd	map04011	LOC107069020
pd	map04390	LOC107069020
pd	map04391	LOC107069020
pd	map04392	LOC107069020
pd	map04142	LOC107069032
pd	map04080	LOC107069036
pd	map04972	LOC107069036
pd	map04974	LOC107069036
pd	map05164	LOC107069036
pd	map03008	LOC107069037
pd	map04080	LOC107069042
pd	map04972	LOC107069042
pd	map04974	LOC107069042
pd	map05164	LOC107069042
pd	map04080	LOC107069049
pd	map04610	LOC107069049
pd	map04972	LOC107069049
pd	map04974	LOC107069049
pd	map05164	LOC107069049
pd	map04214	LOC107069052
pd	map04080	LOC107069054
pd	map04972	LOC107069054
pd	map04974	LOC107069054
pd	map05164	LOC107069054
pd	map04114	LOC107069055
pd	map04144	LOC107069057
pd	map04217	LOC107069057
pd	map04114	LOC107069058
pd	map00040	LOC107069074
pd	map00053	LOC107069074
pd	map00140	LOC107069074
pd	map00830	LOC107069074
pd	map00860	LOC107069074
pd	map00980	LOC107069074
pd	map00982	LOC107069074
pd	map00983	LOC107069074
pd	map01100	LOC107069074
pd	map01110	LOC107069074
pd	map05204	LOC107069074
pd	map04068	LOC107069076
pd	map04152	LOC107069076
pd	map04211	LOC107069076
pd	map04213	LOC107069076
pd	map04371	LOC107069076
pd	map04530	LOC107069076
pd	map04710	LOC107069076
pd	map04714	LOC107069076
pd	map04910	LOC107069076
pd	map04920	LOC107069076
pd	map04921	LOC107069076
pd	map04922	LOC107069076
pd	map04931	LOC107069076
pd	map04932	LOC107069076
pd	map05410	LOC107069076
pd	map03015	LOC107069080
pd	map04022	LOC107069080
pd	map04024	LOC107069080
pd	map04113	LOC107069080
pd	map04114	LOC107069080
pd	map04218	LOC107069080
pd	map04261	LOC107069080
pd	map04270	LOC107069080
pd	map04390	LOC107069080
pd	map04510	LOC107069080
pd	map04611	LOC107069080
pd	map04720	LOC107069080
pd	map04728	LOC107069080
pd	map04750	LOC107069080
pd	map04810	LOC107069080
pd	map04910	LOC107069080
pd	map04921	LOC107069080
pd	map04931	LOC107069080
pd	map05031	LOC107069080
pd	map05034	LOC107069080
pd	map05168	LOC107069080
pd	map05205	LOC107069080
pd	map04950	LOC107069081
pd	map04144	LOC107069087
pd	map01100	LOC107069088
pd	map04151	LOC107069088
pd	map04510	LOC107069088
pd	map04512	LOC107069088
pd	map05145	LOC107069088
pd	map05146	LOC107069088
pd	map05165	LOC107069088
pd	map05200	LOC107069088
pd	map05222	LOC107069088
pd	map03013	LOC107069089
pd	map05418	LOC107069089
pd	map04010	LOC107069090
pd	map04013	LOC107069090
pd	map04624	LOC107069090
pd	map04912	LOC107069090
pd	map00564	LOC107069091
pd	map04725	LOC107069091
pd	map01522	LOC107069092
pd	map04919	LOC107069092
pd	map03008	LOC107069094
pd	map03030	LOC107069097
pd	map03430	LOC107069097
pd	map03440	LOC107069097
pd	map04120	LOC107069101
pd	map00230	LOC107069103
pd	map01100	LOC107069103
pd	map01110	LOC107069103
pd	map01130	LOC107069103
pd	map00603	LOC107069104
pd	map04142	LOC107069104
pd	map04514	LOC107069105
pd	map04141	LOC107069110
pd	map05160	LOC107069110
pd	map05162	LOC107069110
pd	map05164	LOC107069110
pd	map05168	LOC107069110
pd	map05169	LOC107069110
pd	map04974	LOC107069111
pd	map04013	LOC107069113
pd	map04060	LOC107069113
pd	map04341	LOC107069113
pd	map04350	LOC107069113
pd	map04390	LOC107069113
pd	map04550	LOC107069113
pd	map04919	LOC107069113
pd	map05200	LOC107069113
pd	map05217	LOC107069113
pd	map05418	LOC107069113
pd	map04141	LOC107069114
pd	map04071	LOC107069116
pd	map03013	LOC107069123
pd	map03015	LOC107069123
pd	map03040	LOC107069123
pd	map05010	LOC107069124
pd	map05030	LOC107069124
pd	map03015	LOC107069125
pd	map04320	LOC107069125
pd	map04530	LOC107069127
pd	map04670	LOC107069127
pd	map04810	LOC107069127
pd	map04971	LOC107069127
pd	map05130	LOC107069127
pd	map05162	LOC107069127
pd	map05205	LOC107069127
pd	map05206	LOC107069127
pd	map04080	LOC107069128
pd	map04972	LOC107069128
pd	map04974	LOC107069128
pd	map05164	LOC107069128
pd	map04725	LOC107069129
pd	map05231	LOC107069129
pd	map00270	LOC107069131
pd	map01100	LOC107069131
pd	map01110	LOC107069131
pd	map01230	LOC107069131
pd	map04120	LOC107069138
pd	map04120	LOC107069139
pd	map03010	LOC107069141
pd	map03010	LOC107069144
pd	map00564	LOC107069145
pd	map00565	LOC107069145
pd	map00590	LOC107069145
pd	map00591	LOC107069145
pd	map00592	LOC107069145
pd	map01100	LOC107069145
pd	map01110	LOC107069145
pd	map04977	LOC107069145
pd	map00564	LOC107069146
pd	map00565	LOC107069146
pd	map00590	LOC107069146
pd	map00591	LOC107069146
pd	map00592	LOC107069146
pd	map01100	LOC107069146
pd	map01110	LOC107069146
pd	map04977	LOC107069146
pd	map04072	LOC107069149
pd	map04080	LOC107069149
pd	map04724	LOC107069149
pd	map04742	LOC107069149
pd	map05030	LOC107069149
pd	map04341	LOC107069152
pd	map04080	LOC107069153
pd	map00562	LOC107069154
pd	map01100	LOC107069154
pd	map04070	LOC107069154
pd	map00062	LOC107069157
pd	map00140	LOC107069157
pd	map01040	LOC107069157
pd	map01100	LOC107069157
pd	map01110	LOC107069157
pd	map01212	LOC107069157
pd	map00510	LOC107069159
pd	map00513	LOC107069159
pd	map01100	LOC107069159
pd	map04141	LOC107069159
pd	map05202	LOC107069159
pd	map04066	LOC107069161
pd	map04120	LOC107069161
pd	map04137	LOC107069161
pd	map04140	LOC107069161
pd	map04212	LOC107069161
pd	map04214	LOC107069161
pd	map04215	LOC107069161
pd	map04659	LOC107069161
pd	map04919	LOC107069161
pd	map05167	LOC107069161
pd	map05200	LOC107069161
pd	map05205	LOC107069161
pd	map05211	LOC107069161
pd	map05230	LOC107069161
pd	map05231	LOC107069161
pd	map03008	LOC107069162
pd	map03013	LOC107069162
pd	map03015	LOC107069162
pd	map05164	LOC107069162
pd	map05168	LOC107069162
pd	map00230	LOC107069163
pd	map00240	LOC107069163
pd	map01100	LOC107069163
pd	map03020	LOC107069163
pd	map04623	LOC107069163
pd	map05169	LOC107069163
pd	map04130	LOC107069165
pd	map04611	LOC107069165
pd	map04721	LOC107069165
pd	map04911	LOC107069165
pd	map04624	LOC107069167
pd	map04142	LOC107069170
pd	map04144	LOC107069170
pd	map04138	LOC107069171
pd	map04721	LOC107069171
pd	map04727	LOC107069171
pd	map04962	LOC107069171
pd	map00900	LOC107069173
pd	map01130	LOC107069173
pd	map04624	LOC107069179
pd	map04144	LOC107069184
pd	map04217	LOC107069184
pd	map04721	LOC107069185
pd	map00240	LOC107069186
pd	map01100	LOC107069186
pd	map00860	LOC107069187
pd	map01100	LOC107069187
pd	map01110	LOC107069187
pd	map04330	LOC107069187
pd	map05010	LOC107069187
pd	map00030	LOC107069189
pd	map00040	LOC107069189
pd	map00710	LOC107069189
pd	map01100	LOC107069189
pd	map01110	LOC107069189
pd	map01120	LOC107069189
pd	map01130	LOC107069189
pd	map01200	LOC107069189
pd	map01230	LOC107069189
pd	map03022	LOC107069191
pd	map05168	LOC107069191
pd	map04514	LOC107069192
pd	map01524	LOC107069193
pd	map04010	LOC107069193
pd	map04013	LOC107069193
pd	map04071	LOC107069193
pd	map04141	LOC107069193
pd	map04210	LOC107069193
pd	map04214	LOC107069193
pd	map04530	LOC107069193
pd	map04668	LOC107069193
pd	map04714	LOC107069193
pd	map04722	LOC107069193
pd	map04932	LOC107069193
pd	map05014	LOC107069193
pd	map05418	LOC107069193
pd	map00790	LOC107069196
pd	map04972	LOC107069198
pd	map05010	LOC107069200
pd	map05120	LOC107069200
pd	map00590	LOC107069203
pd	map00591	LOC107069203
pd	map01100	LOC107069203
pd	map04212	LOC107069203
pd	map04726	LOC107069203
pd	map04750	LOC107069203
pd	map04913	LOC107069203
pd	map04810	LOC107069204
pd	map04721	LOC107069205
pd	map04726	LOC107069205
pd	map04728	LOC107069205
pd	map05012	LOC107069205
pd	map05030	LOC107069205
pd	map05031	LOC107069205
pd	map05034	LOC107069205
pd	map03060	LOC107069206
pd	map05016	LOC107069211
pd	map00120	LOC107069216
pd	map01100	LOC107069216
pd	map03320	LOC107069216
pd	map04979	LOC107069216
pd	map00970	LOC107069221
pd	map04640	LOC107069223
pd	map04662	LOC107069223
pd	map05144	LOC107069223
pd	map05160	LOC107069223
pd	map03013	LOC107069225
pd	map03015	LOC107069225
pd	map03040	LOC107069225
pd	map05225	LOC107069226
pd	map03010	LOC107069227
pd	map00440	LOC107069228
pd	map00564	LOC107069228
pd	map00565	LOC107069228
pd	map01100	LOC107069228
pd	map01110	LOC107069228
pd	map05231	LOC107069228
pd	map00970	LOC107069230
pd	map01100	LOC107069230
pd	map00900	LOC107069232
pd	map00981	LOC107069232
pd	map01130	LOC107069232
pd	map03010	LOC107069234
pd	map04330	LOC107069235
pd	map05010	LOC107069235
pd	map00061	LOC107069237
pd	map00254	LOC107069237
pd	map00620	LOC107069237
pd	map00640	LOC107069237
pd	map01100	LOC107069237
pd	map01110	LOC107069237
pd	map01212	LOC107069237
pd	map04152	LOC107069237
pd	map04910	LOC107069237
pd	map04922	LOC107069237
pd	map00020	LOC107069238
pd	map00270	LOC107069238
pd	map00620	LOC107069238
pd	map00630	LOC107069238
pd	map00710	LOC107069238
pd	map01100	LOC107069238
pd	map01110	LOC107069238
pd	map01120	LOC107069238
pd	map01130	LOC107069238
pd	map01200	LOC107069238
pd	map04130	LOC107069241
pd	map04142	LOC107069247
pd	map04979	LOC107069247
pd	map04217	LOC107069253
pd	map00790	LOC107069255
pd	map01100	LOC107069255
pd	map01523	LOC107069257
pd	map04140	LOC107069264
pd	map05166	LOC107069264
pd	map04740	LOC107069265
pd	map00564	LOC107069266
pd	map01100	LOC107069266
pd	map01110	LOC107069266
pd	map04010	LOC107069268
pd	map04011	LOC107069268
pd	map04014	LOC107069268
pd	map04015	LOC107069268
pd	map04062	LOC107069268
pd	map04144	LOC107069268
pd	map04360	LOC107069268
pd	map04370	LOC107069268
pd	map04510	LOC107069268
pd	map04520	LOC107069268
pd	map04530	LOC107069268
pd	map04660	LOC107069268
pd	map04666	LOC107069268
pd	map04670	LOC107069268
pd	map04722	LOC107069268
pd	map04810	LOC107069268
pd	map04912	LOC107069268
pd	map04932	LOC107069268
pd	map04933	LOC107069268
pd	map05100	LOC107069268
pd	map05120	LOC107069268
pd	map05130	LOC107069268
pd	map05131	LOC107069268
pd	map05132	LOC107069268
pd	map05165	LOC107069268
pd	map05200	LOC107069268
pd	map05203	LOC107069268
pd	map05205	LOC107069268
pd	map05211	LOC107069268
pd	map05212	LOC107069268
pd	map03018	LOC107069274
pd	map03040	LOC107069274
pd	map00270	LOC107069281
pd	map00480	LOC107069281
pd	map01100	LOC107069281
pd	map04216	LOC107069281
pd	map00562	LOC107069283
pd	map01521	LOC107069283
pd	map01522	LOC107069283
pd	map01524	LOC107069283
pd	map04012	LOC107069283
pd	map04014	LOC107069283
pd	map04015	LOC107069283
pd	map04024	LOC107069283
pd	map04062	LOC107069283
pd	map04066	LOC107069283
pd	map04068	LOC107069283
pd	map04070	LOC107069283
pd	map04071	LOC107069283
pd	map04072	LOC107069283
pd	map04140	LOC107069283
pd	map04150	LOC107069283
pd	map04151	LOC107069283
pd	map04152	LOC107069283
pd	map04210	LOC107069283
pd	map04211	LOC107069283
pd	map04212	LOC107069283
pd	map04213	LOC107069283
pd	map04218	LOC107069283
pd	map04360	LOC107069283
pd	map04370	LOC107069283
pd	map04380	LOC107069283
pd	map04510	LOC107069283
pd	map04550	LOC107069283
pd	map04611	LOC107069283
pd	map04620	LOC107069283
pd	map04630	LOC107069283
pd	map04650	LOC107069283
pd	map04660	LOC107069283
pd	map04662	LOC107069283
pd	map04664	LOC107069283
pd	map04666	LOC107069283
pd	map04668	LOC107069283
pd	map04670	LOC107069283
pd	map04722	LOC107069283
pd	map04725	LOC107069283
pd	map04750	LOC107069283
pd	map04810	LOC107069283
pd	map04910	LOC107069283
pd	map04914	LOC107069283
pd	map04915	LOC107069283
pd	map04917	LOC107069283
pd	map04919	LOC107069283
pd	map04923	LOC107069283
pd	map04926	LOC107069283
pd	map04930	LOC107069283
pd	map04931	LOC107069283
pd	map04932	LOC107069283
pd	map04933	LOC107069283
pd	map04960	LOC107069283
pd	map04973	LOC107069283
pd	map05100	LOC107069283
pd	map05142	LOC107069283
pd	map05146	LOC107069283
pd	map05160	LOC107069283
pd	map05161	LOC107069283
pd	map05162	LOC107069283
pd	map05164	LOC107069283
pd	map05165	LOC107069283
pd	map05166	LOC107069283
pd	map05167	LOC107069283
pd	map05169	LOC107069283
pd	map05200	LOC107069283
pd	map05203	LOC107069283
pd	map05205	LOC107069283
pd	map05210	LOC107069283
pd	map05211	LOC107069283
pd	map05212	LOC107069283
pd	map05213	LOC107069283
pd	map05214	LOC107069283
pd	map05215	LOC107069283
pd	map05218	LOC107069283
pd	map05220	LOC107069283
pd	map05221	LOC107069283
pd	map05222	LOC107069283
pd	map05223	LOC107069283
pd	map05224	LOC107069283
pd	map05225	LOC107069283
pd	map05226	LOC107069283
pd	map05230	LOC107069283
pd	map05231	LOC107069283
pd	map05418	LOC107069283
pd	map00190	LOC107069287
pd	map01100	LOC107069287
pd	map04714	LOC107069287
pd	map04723	LOC107069287
pd	map04932	LOC107069287
pd	map05010	LOC107069287
pd	map05012	LOC107069287
pd	map05016	LOC107069287
pd	map00040	LOC107069291
pd	map00051	LOC107069291
pd	map01100	LOC107069291
pd	map03013	LOC107069297
pd	map00052	LOC107069298
pd	map00460	LOC107069298
pd	map00500	LOC107069298
pd	map00940	LOC107069298
pd	map01100	LOC107069298
pd	map01110	LOC107069298
pd	map04973	LOC107069298
pd	map00230	LOC107069299
pd	map00230	LOC107069300
pd	map04022	LOC107069300
pd	map04740	LOC107069300
pd	map04925	LOC107069300
pd	map05032	LOC107069300
pd	map04141	LOC107069301
pd	map03050	LOC107069302
pd	map05169	LOC107069302
pd	map04950	LOC107069305
pd	map00670	LOC107069308
pd	map00790	LOC107069308
pd	map01100	LOC107069308
pd	map01523	LOC107069308
pd	map00052	LOC107069310
pd	map00460	LOC107069310
pd	map00500	LOC107069310
pd	map00940	LOC107069310
pd	map01100	LOC107069310
pd	map01110	LOC107069310
pd	map04973	LOC107069310
pd	map00240	LOC107069315
pd	map00983	LOC107069315
pd	map01100	LOC107069315
pd	map04740	LOC107069319
pd	map04020	LOC107069321
pd	map04022	LOC107069321
pd	map04217	LOC107069321
pd	map04218	LOC107069321
pd	map05012	LOC107069321
pd	map05016	LOC107069321
pd	map05166	LOC107069321
pd	map04020	LOC107069323
pd	map04022	LOC107069323
pd	map04080	LOC107069323
pd	map04152	LOC107069323
pd	map04261	LOC107069323
pd	map04270	LOC107069323
pd	map04970	LOC107069323
pd	map01522	LOC107069328
pd	map04110	LOC107069328
pd	map04115	LOC107069328
pd	map04151	LOC107069328
pd	map04218	LOC107069328
pd	map04530	LOC107069328
pd	map04660	LOC107069328
pd	map04933	LOC107069328
pd	map04934	LOC107069328
pd	map05161	LOC107069328
pd	map05162	LOC107069328
pd	map05165	LOC107069328
pd	map05166	LOC107069328
pd	map05167	LOC107069328
pd	map05200	LOC107069328
pd	map05203	LOC107069328
pd	map05206	LOC107069328
pd	map05212	LOC107069328
pd	map05214	LOC107069328
pd	map05218	LOC107069328
pd	map05219	LOC107069328
pd	map05220	LOC107069328
pd	map05222	LOC107069328
pd	map05223	LOC107069328
pd	map05224	LOC107069328
pd	map05225	LOC107069328
pd	map01522	LOC107069330
pd	map04110	LOC107069330
pd	map04115	LOC107069330
pd	map04151	LOC107069330
pd	map04218	LOC107069330
pd	map04530	LOC107069330
pd	map04660	LOC107069330
pd	map04933	LOC107069330
pd	map04934	LOC107069330
pd	map05161	LOC107069330
pd	map05162	LOC107069330
pd	map05165	LOC107069330
pd	map05166	LOC107069330
pd	map05167	LOC107069330
pd	map05200	LOC107069330
pd	map05203	LOC107069330
pd	map05206	LOC107069330
pd	map05212	LOC107069330
pd	map05214	LOC107069330
pd	map05218	LOC107069330
pd	map05219	LOC107069330
pd	map05220	LOC107069330
pd	map05222	LOC107069330
pd	map05223	LOC107069330
pd	map05224	LOC107069330
pd	map05225	LOC107069330
pd	map04210	LOC107069331
pd	map04214	LOC107069331
pd	map04215	LOC107069331
pd	map05012	LOC107069331
pd	map00040	LOC107069334
pd	map00053	LOC107069334
pd	map00140	LOC107069334
pd	map00830	LOC107069334
pd	map00860	LOC107069334
pd	map00980	LOC107069334
pd	map00982	LOC107069334
pd	map00983	LOC107069334
pd	map01100	LOC107069334
pd	map01110	LOC107069334
pd	map05204	LOC107069334
pd	map04137	LOC107069337
pd	map04144	LOC107069337
pd	map04934	LOC107069337
pd	map03440	LOC107069340
pd	map03450	LOC107069340
pd	map04218	LOC107069340
pd	map04970	LOC107069340
pd	map04024	LOC107069343
pd	map04080	LOC107069343
pd	map03460	LOC107069344
pd	map00190	LOC107069347
pd	map01100	LOC107069347
pd	map04145	LOC107069347
pd	map04150	LOC107069347
pd	map04721	LOC107069347
pd	map04966	LOC107069347
pd	map05110	LOC107069347
pd	map05120	LOC107069347
pd	map05323	LOC107069347
pd	map00040	LOC107069349
pd	map00053	LOC107069349
pd	map00140	LOC107069349
pd	map00830	LOC107069349
pd	map00860	LOC107069349
pd	map00980	LOC107069349
pd	map00982	LOC107069349
pd	map00983	LOC107069349
pd	map01100	LOC107069349
pd	map01110	LOC107069349
pd	map05204	LOC107069349
pd	map04130	LOC107069350
pd	map04140	LOC107069350
pd	map04390	LOC107069351
pd	map04391	LOC107069351
pd	map04530	LOC107069351
pd	map05165	LOC107069351
pd	map04068	LOC107069352
pd	map04310	LOC107069352
pd	map04340	LOC107069352
pd	map04341	LOC107069352
pd	map04390	LOC107069352
pd	map04391	LOC107069352
pd	map04392	LOC107069352
pd	map04540	LOC107069352
pd	map04710	LOC107069352
pd	map04711	LOC107069352
pd	map00040	LOC107069353
pd	map01100	LOC107069353
pd	map00330	LOC107069359
pd	map00410	LOC107069359
pd	map04146	LOC107069359
pd	map04144	LOC107069360
pd	map04666	LOC107069360
pd	map04810	LOC107069360
pd	map05100	LOC107069360
pd	map05130	LOC107069360
pd	map05131	LOC107069360
pd	map05132	LOC107069360
pd	map04721	LOC107069361
pd	map04911	LOC107069361
pd	map04550	LOC107069365
pd	map04950	LOC107069365
pd	map04150	LOC107069366
pd	map04310	LOC107069366
pd	map04390	LOC107069366
pd	map04550	LOC107069366
pd	map04916	LOC107069366
pd	map04934	LOC107069366
pd	map05165	LOC107069366
pd	map05166	LOC107069366
pd	map05200	LOC107069366
pd	map05205	LOC107069366
pd	map05217	LOC107069366
pd	map05224	LOC107069366
pd	map05225	LOC107069366
pd	map05226	LOC107069366
pd	map00350	LOC107069370
pd	map00360	LOC107069370
pd	map00380	LOC107069370
pd	map00901	LOC107069370
pd	map00950	LOC107069370
pd	map00965	LOC107069370
pd	map01100	LOC107069370
pd	map01110	LOC107069370
pd	map04726	LOC107069370
pd	map04728	LOC107069370
pd	map05030	LOC107069370
pd	map05031	LOC107069370
pd	map05034	LOC107069370
pd	map04024	LOC107069371
pd	map04062	LOC107069371
pd	map04510	LOC107069371
pd	map04650	LOC107069371
pd	map04660	LOC107069371
pd	map04662	LOC107069371
pd	map04664	LOC107069371
pd	map04666	LOC107069371
pd	map04670	LOC107069371
pd	map04810	LOC107069371
pd	map00900	LOC107069372
pd	map00981	LOC107069372
pd	map01130	LOC107069372
pd	map05146	LOC107069373
pd	map04142	LOC107069376
pd	map05200	LOC107069377
pd	map05216	LOC107069377
pd	map00760	LOC107069385
pd	map01100	LOC107069385
pd	map03320	LOC107069389
pd	map04010	LOC107069390
pd	map04014	LOC107069390
pd	map04151	LOC107069390
pd	map04722	LOC107069390
pd	map04144	LOC107069399
pd	map05165	LOC107069400
pd	map05203	LOC107069400
pd	map04360	LOC107069401
pd	map04141	LOC107069403
pd	map00230	LOC107069416
pd	map00240	LOC107069416
pd	map01100	LOC107069416
pd	map03020	LOC107069416
pd	map05016	LOC107069416
pd	map05168	LOC107069416
pd	map05169	LOC107069416
pd	map00230	LOC107069422
pd	map01522	LOC107069422
pd	map04015	LOC107069422
pd	map04020	LOC107069422
pd	map04022	LOC107069422
pd	map04024	LOC107069422
pd	map04062	LOC107069422
pd	map04072	LOC107069422
pd	map04114	LOC107069422
pd	map04211	LOC107069422
pd	map04213	LOC107069422
pd	map04261	LOC107069422
pd	map04270	LOC107069422
pd	map04371	LOC107069422
pd	map04540	LOC107069422
pd	map04611	LOC107069422
pd	map04713	LOC107069422
pd	map04714	LOC107069422
pd	map04723	LOC107069422
pd	map04724	LOC107069422
pd	map04725	LOC107069422
pd	map04727	LOC107069422
pd	map04750	LOC107069422
pd	map04911	LOC107069422
pd	map04912	LOC107069422
pd	map04913	LOC107069422
pd	map04914	LOC107069422
pd	map04915	LOC107069422
pd	map04916	LOC107069422
pd	map04918	LOC107069422
pd	map04921	LOC107069422
pd	map04923	LOC107069422
pd	map04925	LOC107069422
pd	map04926	LOC107069422
pd	map04927	LOC107069422
pd	map04934	LOC107069422
pd	map04961	LOC107069422
pd	map04962	LOC107069422
pd	map04970	LOC107069422
pd	map04971	LOC107069422
pd	map04972	LOC107069422
pd	map04976	LOC107069422
pd	map05032	LOC107069422
pd	map05110	LOC107069422
pd	map05166	LOC107069422
pd	map05200	LOC107069422
pd	map05414	LOC107069422
pd	map04015	LOC107069423
pd	map04925	LOC107069423
pd	map04080	LOC107069425
pd	map04723	LOC107069425
pd	map04727	LOC107069425
pd	map04742	LOC107069425
pd	map05032	LOC107069425
pd	map05033	LOC107069425
pd	map04080	LOC107069426
pd	map04723	LOC107069426
pd	map04726	LOC107069426
pd	map04727	LOC107069426
pd	map05032	LOC107069426
pd	map05033	LOC107069426
pd	map00100	LOC107069427
pd	map04142	LOC107069427
pd	map04979	LOC107069427
pd	map04390	LOC107069428
pd	map04391	LOC107069428
pd	map04530	LOC107069428
pd	map05165	LOC107069428
pd	map00790	LOC107069429
pd	map01100	LOC107069429
pd	map04727	LOC107069429
pd	map04151	LOC107069431
pd	map04510	LOC107069431
pd	map04512	LOC107069431
pd	map04514	LOC107069431
pd	map04640	LOC107069431
pd	map04810	LOC107069431
pd	map05145	LOC107069431
pd	map05165	LOC107069431
pd	map05200	LOC107069431
pd	map05222	LOC107069431
pd	map05410	LOC107069431
pd	map05412	LOC107069431
pd	map05414	LOC107069431
pd	map05162	LOC107069432
pd	map03030	LOC107069435
pd	map03420	LOC107069435
pd	map03430	LOC107069435
pd	map03440	LOC107069435
pd	map03460	LOC107069435
pd	map04010	LOC107069436
pd	map04014	LOC107069436
pd	map04151	LOC107069436
pd	map04722	LOC107069436
pd	map05034	LOC107069436
pd	map01521	LOC107069438
pd	map01522	LOC107069438
pd	map01524	LOC107069438
pd	map04010	LOC107069438
pd	map04012	LOC107069438
pd	map04014	LOC107069438
pd	map04015	LOC107069438
pd	map04022	LOC107069438
pd	map04024	LOC107069438
pd	map04062	LOC107069438
pd	map04066	LOC107069438
pd	map04068	LOC107069438
pd	map04071	LOC107069438
pd	map04072	LOC107069438
pd	map04140	LOC107069438
pd	map04150	LOC107069438
pd	map04151	LOC107069438
pd	map04152	LOC107069438
pd	map04210	LOC107069438
pd	map04211	LOC107069438
pd	map04212	LOC107069438
pd	map04213	LOC107069438
pd	map04218	LOC107069438
pd	map04261	LOC107069438
pd	map04370	LOC107069438
pd	map04371	LOC107069438
pd	map04380	LOC107069438
pd	map04510	LOC107069438
pd	map04550	LOC107069438
pd	map04611	LOC107069438
pd	map04620	LOC107069438
pd	map04630	LOC107069438
pd	map04660	LOC107069438
pd	map04662	LOC107069438
pd	map04664	LOC107069438
pd	map04666	LOC107069438
pd	map04668	LOC107069438
pd	map04722	LOC107069438
pd	map04725	LOC107069438
pd	map04728	LOC107069438
pd	map04910	LOC107069438
pd	map04914	LOC107069438
pd	map04915	LOC107069438
pd	map04917	LOC107069438
pd	map04919	LOC107069438
pd	map04920	LOC107069438
pd	map04922	LOC107069438
pd	map04923	LOC107069438
pd	map04926	LOC107069438
pd	map04931	LOC107069438
pd	map04932	LOC107069438
pd	map04933	LOC107069438
pd	map04973	LOC107069438
pd	map05142	LOC107069438
pd	map05145	LOC107069438
pd	map05152	LOC107069438
pd	map05160	LOC107069438
pd	map05161	LOC107069438
pd	map05162	LOC107069438
pd	map05164	LOC107069438
pd	map05165	LOC107069438
pd	map05166	LOC107069438
pd	map05167	LOC107069438
pd	map05169	LOC107069438
pd	map05200	LOC107069438
pd	map05205	LOC107069438
pd	map05210	LOC107069438
pd	map05211	LOC107069438
pd	map05212	LOC107069438
pd	map05213	LOC107069438
pd	map05214	LOC107069438
pd	map05215	LOC107069438
pd	map05218	LOC107069438
pd	map05220	LOC107069438
pd	map05221	LOC107069438
pd	map05222	LOC107069438
pd	map05223	LOC107069438
pd	map05224	LOC107069438
pd	map05225	LOC107069438
pd	map05226	LOC107069438
pd	map05230	LOC107069438
pd	map05231	LOC107069438
pd	map05418	LOC107069438
pd	map05014	LOC107069439
pd	map04141	LOC107069442
pd	map00270	LOC107069443
pd	map00920	LOC107069443
pd	map01100	LOC107069443
pd	map01120	LOC107069443
pd	map04122	LOC107069443
pd	map00562	LOC107069450
pd	map01100	LOC107069450
pd	map03050	LOC107069450
pd	map04011	LOC107069450
pd	map04070	LOC107069450
pd	map04072	LOC107069450
pd	map04139	LOC107069450
pd	map04144	LOC107069450
pd	map04666	LOC107069450
pd	map04810	LOC107069450
pd	map05169	LOC107069450
pd	map05231	LOC107069450
pd	map03010	LOC107069451
pd	map04144	LOC107069457
pd	map04630	LOC107069457
pd	map03013	LOC107069467
pd	map00071	LOC107069468
pd	map00592	LOC107069468
pd	map01040	LOC107069468
pd	map01100	LOC107069468
pd	map01110	LOC107069468
pd	map01212	LOC107069468
pd	map03320	LOC107069468
pd	map04024	LOC107069468
pd	map04146	LOC107069468
pd	map03013	LOC107069470
pd	map00514	LOC107069474
pd	map00515	LOC107069474
pd	map01100	LOC107069474
pd	map04013	LOC107069475
pd	map04624	LOC107069475
pd	map00230	LOC107069476
pd	map01100	LOC107069476
pd	map04024	LOC107069476
pd	map04371	LOC107069476
pd	map04713	LOC107069476
pd	map04714	LOC107069476
pd	map00730	LOC107069477
pd	map00740	LOC107069477
pd	map01100	LOC107069477
pd	map00730	LOC107069478
pd	map00740	LOC107069478
pd	map01100	LOC107069478
pd	map05016	LOC107069479
pd	map00563	LOC107069481
pd	map01100	LOC107069481
pd	map00010	LOC107069482
pd	map00020	LOC107069482
pd	map00310	LOC107069482
pd	map00620	LOC107069482
pd	map01100	LOC107069482
pd	map01110	LOC107069482
pd	map01120	LOC107069482
pd	map01130	LOC107069482
pd	map01200	LOC107069482
pd	map04066	LOC107069482
pd	map04922	LOC107069482
pd	map05230	LOC107069482
pd	map00514	LOC107069485
pd	map00515	LOC107069485
pd	map01100	LOC107069485
pd	map04024	LOC107069486
pd	map04740	LOC107069486
pd	map03013	LOC107069488
pd	map05134	LOC107069488
pd	map00565	LOC107069489
pd	map01100	LOC107069489
pd	map04146	LOC107069489
pd	map04217	LOC107069492
pd	map05034	LOC107069492
pd	map05322	LOC107069492
pd	map04310	LOC107069510
pd	map00072	LOC107069511
pd	map00650	LOC107069511
pd	map01100	LOC107069511
pd	map04210	LOC107069512
pd	map03015	LOC107069513
pd	map04144	LOC107069515
pd	map04152	LOC107069515
pd	map04530	LOC107069515
pd	map04972	LOC107069515
pd	map03008	LOC107069516
pd	map00010	LOC107069518
pd	map01100	LOC107069518
pd	map01110	LOC107069518
pd	map01120	LOC107069518
pd	map01130	LOC107069518
pd	map00531	LOC107069528
pd	map01100	LOC107069528
pd	map04142	LOC107069528
pd	map00531	LOC107069529
pd	map01100	LOC107069529
pd	map04142	LOC107069529
pd	map04727	LOC107069530
pd	map00900	LOC107069534
pd	map01100	LOC107069534
pd	map01110	LOC107069534
pd	map01130	LOC107069534
pd	map05165	LOC107069535
pd	map05200	LOC107069535
pd	map05224	LOC107069535
pd	map04150	LOC107069537
pd	map04310	LOC107069537
pd	map04390	LOC107069537
pd	map04550	LOC107069537
pd	map04916	LOC107069537
pd	map04934	LOC107069537
pd	map05165	LOC107069537
pd	map05166	LOC107069537
pd	map05200	LOC107069537
pd	map05205	LOC107069537
pd	map05217	LOC107069537
pd	map05224	LOC107069537
pd	map05225	LOC107069537
pd	map05226	LOC107069537
pd	map04013	LOC107069542
pd	map04310	LOC107069542
pd	map03018	LOC107069549
pd	map04260	LOC107069552
pd	map04261	LOC107069552
pd	map05200	LOC107069552
pd	map05206	LOC107069552
pd	map05216	LOC107069552
pd	map05410	LOC107069552
pd	map05414	LOC107069552
pd	map00620	LOC107069558
pd	map04015	LOC107069560
pd	map04145	LOC107069560
pd	map04210	LOC107069560
pd	map04390	LOC107069560
pd	map04391	LOC107069560
pd	map04510	LOC107069560
pd	map04520	LOC107069560
pd	map04530	LOC107069560
pd	map04611	LOC107069560
pd	map04670	LOC107069560
pd	map04714	LOC107069560
pd	map04745	LOC107069560
pd	map04810	LOC107069560
pd	map04919	LOC107069560
pd	map04921	LOC107069560
pd	map05100	LOC107069560
pd	map05110	LOC107069560
pd	map05130	LOC107069560
pd	map05131	LOC107069560
pd	map05132	LOC107069560
pd	map05164	LOC107069560
pd	map05205	LOC107069560
pd	map05225	LOC107069560
pd	map05410	LOC107069560
pd	map05412	LOC107069560
pd	map05414	LOC107069560
pd	map05416	LOC107069560
pd	map05418	LOC107069560
pd	map00270	LOC107069564
pd	map00330	LOC107069564
pd	map00410	LOC107069564
pd	map00480	LOC107069564
pd	map01100	LOC107069564
pd	map00310	LOC107069569
pd	map00130	LOC107069572
pd	map00360	LOC107069572
pd	map00940	LOC107069572
pd	map01100	LOC107069572
pd	map01110	LOC107069572
pd	map00534	LOC107069579
pd	map01100	LOC107069579
pd	map04020	LOC107069580
pd	map04218	LOC107069580
pd	map04621	LOC107069580
pd	map04020	LOC107069581
pd	map04218	LOC107069581
pd	map04621	LOC107069581
pd	map00600	LOC107069589
pd	map01100	LOC107069589
pd	map04071	LOC107069589
pd	map03050	LOC107069597
pd	map05169	LOC107069597
pd	map00561	LOC107069599
pd	map01100	LOC107069599
pd	map04972	LOC107069599
pd	map04975	LOC107069599
pd	map00052	LOC107069600
pd	map00460	LOC107069600
pd	map00500	LOC107069600
pd	map00940	LOC107069600
pd	map01100	LOC107069600
pd	map01110	LOC107069600
pd	map04973	LOC107069600
pd	map04360	LOC107069601
pd	map04142	LOC107069603
pd	map04979	LOC107069603
pd	map03010	LOC107069614
pd	map03008	LOC107069615
pd	map03013	LOC107069615
pd	map00480	LOC107069617
pd	map00980	LOC107069617
pd	map00982	LOC107069617
pd	map00983	LOC107069617
pd	map01524	LOC107069617
pd	map05200	LOC107069617
pd	map05204	LOC107069617
pd	map05225	LOC107069617
pd	map05418	LOC107069617
pd	map04714	LOC107069620
pd	map05202	LOC107069620
pd	map01522	LOC107069624
pd	map04330	LOC107069624
pd	map04919	LOC107069624
pd	map05169	LOC107069624
pd	map05202	LOC107069624
pd	map04010	LOC107069629
pd	map03015	LOC107069630
pd	map04970	LOC107069630
pd	map04138	LOC107069631
pd	map00510	LOC107069632
pd	map00513	LOC107069632
pd	map01100	LOC107069632
pd	map04714	LOC107069637
pd	map05225	LOC107069637
pd	map03460	LOC107069640
pd	map03015	LOC107069642
pd	map04142	LOC107069648
pd	map04144	LOC107069648
pd	map04721	LOC107069648
pd	map04961	LOC107069648
pd	map05016	LOC107069648
pd	map05100	LOC107069648
pd	map04136	LOC107069651
pd	map04138	LOC107069651
pd	map04140	LOC107069651
pd	map03040	LOC107069654
pd	map05202	LOC107069654
pd	map05205	LOC107069654
pd	map04080	LOC107069658
pd	map04934	LOC107069659
pd	map04668	LOC107069662
pd	map04912	LOC107069662
pd	map05206	LOC107069662
pd	map00770	LOC107069663
pd	map01100	LOC107069663
pd	map04714	LOC107069664
pd	map00040	LOC107069665
pd	map00531	LOC107069665
pd	map00860	LOC107069665
pd	map00944	LOC107069665
pd	map00983	LOC107069665
pd	map01100	LOC107069665
pd	map01110	LOC107069665
pd	map04142	LOC107069665
pd	map04137	LOC107069669
pd	map04150	LOC107069670
pd	map00630	LOC107069671
pd	map01100	LOC107069671
pd	map01110	LOC107069671
pd	map01130	LOC107069671
pd	map01200	LOC107069671
pd	map04330	LOC107069672
pd	map03013	LOC107069674
pd	map03015	LOC107069674
pd	map03040	LOC107069674
pd	map03008	LOC107069679
pd	map03013	LOC107069688
pd	map04142	LOC107069695
pd	map03013	LOC107069699
pd	map05169	LOC107069699
pd	map04013	LOC107069712
pd	map04214	LOC107069712
pd	map04320	LOC107069712
pd	map05202	LOC107069712
pd	map01524	LOC107069713
pd	map04978	LOC107069713
pd	map03013	LOC107069715
pd	map05162	LOC107069720
pd	map03008	LOC107069721
pd	map05205	LOC107069721
pd	map04010	LOC107069722
pd	map04062	LOC107069722
pd	map04144	LOC107069722
pd	map04340	LOC107069722
pd	map04740	LOC107069722
pd	map04926	LOC107069722
pd	map05032	LOC107069722
pd	map03008	LOC107069724
pd	map03013	LOC107069724
pd	map05166	LOC107069724
pd	map05169	LOC107069724
pd	map04210	LOC107069726
pd	map00190	LOC107069732
pd	map01100	LOC107069732
pd	map04145	LOC107069732
pd	map04150	LOC107069732
pd	map04721	LOC107069732
pd	map04966	LOC107069732
pd	map05110	LOC107069732
pd	map05120	LOC107069732
pd	map05323	LOC107069732
pd	map04010	LOC107069733
pd	map04022	LOC107069733
pd	map04137	LOC107069733
pd	map04141	LOC107069733
pd	map04151	LOC107069733
pd	map04210	LOC107069733
pd	map04211	LOC107069733
pd	map04212	LOC107069733
pd	map04214	LOC107069733
pd	map04261	LOC107069733
pd	map04668	LOC107069733
pd	map04720	LOC107069733
pd	map04722	LOC107069733
pd	map04725	LOC107069733
pd	map04728	LOC107069733
pd	map04911	LOC107069733
pd	map04912	LOC107069733
pd	map04915	LOC107069733
pd	map04918	LOC107069733
pd	map04922	LOC107069733
pd	map04925	LOC107069733
pd	map04926	LOC107069733
pd	map04927	LOC107069733
pd	map04932	LOC107069733
pd	map04934	LOC107069733
pd	map05030	LOC107069733
pd	map05031	LOC107069733
pd	map05034	LOC107069733
pd	map05161	LOC107069733
pd	map05166	LOC107069733
pd	map05203	LOC107069733
pd	map05215	LOC107069733
pd	map04138	LOC107069736
pd	map00770	LOC107069737
pd	map01100	LOC107069737
pd	map00190	LOC107069738
pd	map01100	LOC107069738
pd	map04714	LOC107069738
pd	map04723	LOC107069738
pd	map04932	LOC107069738
pd	map05010	LOC107069738
pd	map05012	LOC107069738
pd	map05016	LOC107069738
pd	map00513	LOC107069739
pd	map00532	LOC107069739
pd	map01100	LOC107069739
pd	map00190	LOC107069740
pd	map01100	LOC107069740
pd	map04714	LOC107069740
pd	map04723	LOC107069740
pd	map04932	LOC107069740
pd	map05010	LOC107069740
pd	map05012	LOC107069740
pd	map05016	LOC107069740
pd	map04360	LOC107069741
pd	map04130	LOC107069742
pd	map04721	LOC107069742
pd	map04911	LOC107069742
pd	map05031	LOC107069742
pd	map00010	LOC107069751
pd	map00270	LOC107069751
pd	map00620	LOC107069751
pd	map00640	LOC107069751
pd	map01100	LOC107069751
pd	map01110	LOC107069751
pd	map01120	LOC107069751
pd	map01130	LOC107069751
pd	map04922	LOC107069751
pd	map00010	LOC107069752
pd	map00270	LOC107069752
pd	map00620	LOC107069752
pd	map00640	LOC107069752
pd	map01100	LOC107069752
pd	map01110	LOC107069752
pd	map01120	LOC107069752
pd	map01130	LOC107069752
pd	map04922	LOC107069752
pd	map03015	LOC107069755
pd	map00051	LOC107069756
pd	map00520	LOC107069756
pd	map01100	LOC107069756
pd	map04621	LOC107069759
pd	map04626	LOC107069759
pd	map04142	LOC107069765
pd	map04214	LOC107069765
pd	map04390	LOC107069765
pd	map04391	LOC107069765
pd	map04392	LOC107069765
pd	map04142	LOC107069769
pd	map04214	LOC107069769
pd	map04390	LOC107069769
pd	map04391	LOC107069769
pd	map04392	LOC107069769
pd	map03008	LOC107069773
pd	map00230	LOC107069775
pd	map00240	LOC107069775
pd	map01100	LOC107069775
pd	map03020	LOC107069775
pd	map00062	LOC107069777
pd	map00140	LOC107069777
pd	map01040	LOC107069777
pd	map01100	LOC107069777
pd	map01110	LOC107069777
pd	map01212	LOC107069777
pd	map05202	LOC107069779
pd	map01524	LOC107069781
pd	map04010	LOC107069781
pd	map04115	LOC107069781
pd	map04210	LOC107069781
pd	map04214	LOC107069781
pd	map04215	LOC107069781
pd	map04217	LOC107069781
pd	map04620	LOC107069781
pd	map04621	LOC107069781
pd	map04622	LOC107069781
pd	map04624	LOC107069781
pd	map04650	LOC107069781
pd	map04657	LOC107069781
pd	map04668	LOC107069781
pd	map04726	LOC107069781
pd	map04932	LOC107069781
pd	map04933	LOC107069781
pd	map05010	LOC107069781
pd	map05012	LOC107069781
pd	map05014	LOC107069781
pd	map05016	LOC107069781
pd	map05120	LOC107069781
pd	map05133	LOC107069781
pd	map05134	LOC107069781
pd	map05142	LOC107069781
pd	map05145	LOC107069781
pd	map05146	LOC107069781
pd	map05152	LOC107069781
pd	map05161	LOC107069781
pd	map05165	LOC107069781
pd	map05167	LOC107069781
pd	map05168	LOC107069781
pd	map05200	LOC107069781
pd	map05203	LOC107069781
pd	map05205	LOC107069781
pd	map05206	LOC107069781
pd	map05210	LOC107069781
pd	map05222	LOC107069781
pd	map05416	LOC107069781
pd	map04658	LOC107069782
pd	map04930	LOC107069782
pd	map04950	LOC107069782
pd	map05202	LOC107069782
pd	map05321	LOC107069782
pd	map04621	LOC107069783
pd	map05418	LOC107069783
pd	map04974	LOC107069785
pd	map00140	LOC107069786
pd	map00590	LOC107069786
pd	map00591	LOC107069786
pd	map00981	LOC107069786
pd	map01100	LOC107069786
pd	map04212	LOC107069786
pd	map04726	LOC107069786
pd	map04750	LOC107069786
pd	map04913	LOC107069786
pd	map04142	LOC107069788
pd	map04721	LOC107069788
pd	map04723	LOC107069788
pd	map04724	LOC107069788
pd	map05033	LOC107069788
pd	map04721	LOC107069789
pd	map04612	LOC107069793
pd	map05152	LOC107069793
pd	map03022	LOC107069794
pd	map05016	LOC107069794
pd	map05165	LOC107069794
pd	map05166	LOC107069794
pd	map05168	LOC107069794
pd	map05169	LOC107069794
pd	map05203	LOC107069794
pd	map03010	LOC107069798
pd	map05132	LOC107069803
pd	map00280	LOC107069818
pd	map01100	LOC107069818
pd	map04141	LOC107069833
pd	map05206	LOC107069844
pd	map04013	LOC107069848
pd	map04310	LOC107069848
pd	map04330	LOC107069848
pd	map04120	LOC107069849
pd	map05164	LOC107069852
pd	map03040	LOC107069854
pd	map00020	LOC107069855
pd	map01100	LOC107069855
pd	map01110	LOC107069855
pd	map01120	LOC107069855
pd	map01130	LOC107069855
pd	map01200	LOC107069855
pd	map01210	LOC107069855
pd	map01230	LOC107069855
pd	map00562	LOC107069858
pd	map01100	LOC107069858
pd	map04070	LOC107069858
pd	map04136	LOC107069858
pd	map04138	LOC107069858
pd	map04140	LOC107069858
pd	map04145	LOC107069858
pd	map04371	LOC107069858
pd	map05152	LOC107069858
pd	map05167	LOC107069858
pd	map03008	LOC107069859
pd	map00030	LOC107069860
pd	map00260	LOC107069860
pd	map01100	LOC107069860
pd	map01110	LOC107069860
pd	map01130	LOC107069860
pd	map00860	LOC107069865
pd	map01100	LOC107069865
pd	map01110	LOC107069865
pd	map01120	LOC107069865
pd	map04110	LOC107069869
pd	map04111	LOC107069869
pd	map04113	LOC107069869
pd	map00010	LOC107069873
pd	map00562	LOC107069873
pd	map01100	LOC107069873
pd	map04010	LOC107069876
pd	map04014	LOC107069876
pd	map04015	LOC107069876
pd	map04022	LOC107069876
pd	map04066	LOC107069876
pd	map04068	LOC107069876
pd	map04072	LOC107069876
pd	map04150	LOC107069876
pd	map04151	LOC107069876
pd	map04152	LOC107069876
pd	map04211	LOC107069876
pd	map04212	LOC107069876
pd	map04213	LOC107069876
pd	map04520	LOC107069876
pd	map04910	LOC107069876
pd	map04913	LOC107069876
pd	map04923	LOC107069876
pd	map04930	LOC107069876
pd	map04931	LOC107069876
pd	map04932	LOC107069876
pd	map04960	LOC107069876
pd	map04142	LOC107069877
pd	map04360	LOC107069879
pd	map04514	LOC107069879
pd	map05200	LOC107069879
pd	map05210	LOC107069879
pd	map04714	LOC107069880
pd	map05225	LOC107069880
pd	map03460	LOC107069882
pd	map04110	LOC107069882
pd	map04115	LOC107069882
pd	map04214	LOC107069882
pd	map04218	LOC107069882
pd	map05165	LOC107069882
pd	map05166	LOC107069882
pd	map00564	LOC107069888
pd	map05231	LOC107069888
pd	map04320	LOC107069892
pd	map04138	LOC107069893
pd	map04138	LOC107069894
pd	map04725	LOC107069902
pd	map05231	LOC107069902
pd	map00010	LOC107069904
pd	map00020	LOC107069904
pd	map00620	LOC107069904
pd	map01100	LOC107069904
pd	map01110	LOC107069904
pd	map01120	LOC107069904
pd	map01130	LOC107069904
pd	map03320	LOC107069904
pd	map04068	LOC107069904
pd	map04151	LOC107069904
pd	map04152	LOC107069904
pd	map04910	LOC107069904
pd	map04920	LOC107069904
pd	map04922	LOC107069904
pd	map04931	LOC107069904
pd	map04964	LOC107069904
pd	map04142	LOC107069905
pd	map00601	LOC107069910
pd	map01100	LOC107069910
pd	map04714	LOC107069911
pd	map05230	LOC107069911
pd	map04013	LOC107069912
pd	map00981	LOC107069918
pd	map04310	LOC107069921
pd	map04390	LOC107069921
pd	map04520	LOC107069921
pd	map04916	LOC107069921
pd	map04934	LOC107069921
pd	map05165	LOC107069921
pd	map05200	LOC107069921
pd	map05210	LOC107069921
pd	map05213	LOC107069921
pd	map05215	LOC107069921
pd	map05216	LOC107069921
pd	map05217	LOC107069921
pd	map05221	LOC107069921
pd	map05224	LOC107069921
pd	map05225	LOC107069921
pd	map05226	LOC107069921
pd	map05412	LOC107069921
pd	map04918	LOC107069922
pd	map05200	LOC107069922
pd	map05202	LOC107069922
pd	map05216	LOC107069922
pd	map04138	LOC107069923
pd	map00970	LOC107069930
pd	map00250	LOC107069932
pd	map01100	LOC107069932
pd	map01110	LOC107069932
pd	map04013	LOC107069933
pd	map04320	LOC107069933
pd	map05202	LOC107069933
pd	map00230	LOC107069940
pd	map00240	LOC107069940
pd	map01100	LOC107069940
pd	map03020	LOC107069940
pd	map04623	LOC107069940
pd	map05016	LOC107069940
pd	map05169	LOC107069940
pd	map00250	LOC107069944
pd	map00410	LOC107069944
pd	map00430	LOC107069944
pd	map00650	LOC107069944
pd	map00770	LOC107069944
pd	map01100	LOC107069944
pd	map01110	LOC107069944
pd	map01120	LOC107069944
pd	map02024	LOC107069944
pd	map04727	LOC107069944
pd	map04940	LOC107069944
pd	map04340	LOC107069945
pd	map04918	LOC107069945
pd	map04979	LOC107069945
pd	map00220	LOC107069946
pd	map00250	LOC107069946
pd	map00710	LOC107069946
pd	map01100	LOC107069946
pd	map01120	LOC107069946
pd	map01200	LOC107069946
pd	map01210	LOC107069946
pd	map01230	LOC107069946
pd	map03050	LOC107069953
pd	map00510	LOC107069955
pd	map00920	LOC107069956
pd	map04140	LOC107069957
pd	map04144	LOC107069957
pd	map03010	LOC107069959
pd	map04072	LOC107069966
pd	map04144	LOC107069966
pd	map04721	LOC107069966
pd	map04961	LOC107069966
pd	map05100	LOC107069966
pd	map00512	LOC107069969
pd	map01100	LOC107069969
pd	map00563	LOC107069970
pd	map01100	LOC107069970
pd	map00480	LOC107069972
pd	map03010	LOC107069976
pd	map03013	LOC107069982
pd	map04330	LOC107069983
pd	map05010	LOC107069983
pd	map05120	LOC107069983
pd	map04066	LOC107069985
pd	map04120	LOC107069985
pd	map05200	LOC107069985
pd	map05211	LOC107069985
pd	map00600	LOC107069988
pd	map01100	LOC107069988
pd	map04071	LOC107069988
pd	map04919	LOC107069991
pd	map04330	LOC107069993
pd	map05010	LOC107069993
pd	map03040	LOC107069994
pd	map05168	LOC107069994
pd	map05202	LOC107070001
pd	map00970	LOC107070007
pd	map00052	LOC107070011
pd	map00500	LOC107070011
pd	map01100	LOC107070011
pd	map04974	LOC107070011
pd	map05016	LOC107070013
pd	map05410	LOC107070018
pd	map05414	LOC107070018
pd	map04530	LOC107070021
pd	map04960	LOC107070021
pd	map05165	LOC107070021
pd	map04144	LOC107070022
pd	map00230	LOC107070023
pd	map04020	LOC107070023
pd	map04024	LOC107070023
pd	map04740	LOC107070023
pd	map04742	LOC107070023
pd	map04924	LOC107070023
pd	map04927	LOC107070023
pd	map04934	LOC107070023
pd	map05032	LOC107070023
pd	map00052	LOC107070024
pd	map00500	LOC107070024
pd	map01100	LOC107070024
pd	map04974	LOC107070024
pd	map00052	LOC107070025
pd	map00500	LOC107070025
pd	map01100	LOC107070025
pd	map04974	LOC107070025
pd	map00052	LOC107070028
pd	map00500	LOC107070028
pd	map01100	LOC107070028
pd	map04974	LOC107070028
pd	map04010	LOC107070029
pd	map04020	LOC107070029
pd	map04022	LOC107070029
pd	map04024	LOC107070029
pd	map04218	LOC107070029
pd	map04260	LOC107070029
pd	map04261	LOC107070029
pd	map04270	LOC107070029
pd	map04530	LOC107070029
pd	map04713	LOC107070029
pd	map04723	LOC107070029
pd	map04724	LOC107070029
pd	map04725	LOC107070029
pd	map04726	LOC107070029
pd	map04727	LOC107070029
pd	map04728	LOC107070029
pd	map04911	LOC107070029
pd	map04912	LOC107070029
pd	map04921	LOC107070029
pd	map04924	LOC107070029
pd	map04925	LOC107070029
pd	map04927	LOC107070029
pd	map04930	LOC107070029
pd	map04934	LOC107070029
pd	map04973	LOC107070029
pd	map05010	LOC107070029
pd	map05031	LOC107070029
pd	map05410	LOC107070029
pd	map05412	LOC107070029
pd	map05414	LOC107070029
pd	map05206	LOC107070030
pd	map04320	LOC107070040
pd	map04013	LOC107070041
pd	map04115	LOC107070041
pd	map04120	LOC107070041
pd	map04310	LOC107070041
pd	map04141	LOC107070043
pd	map00790	LOC107070054
pd	map01100	LOC107070054
pd	map04110	LOC107070057
pd	map00062	LOC107070064
pd	map01040	LOC107070064
pd	map01110	LOC107070064
pd	map01212	LOC107070064
pd	map04138	LOC107070066
pd	map04140	LOC107070066
pd	map04141	LOC107070066
pd	map05160	LOC107070066
pd	map05162	LOC107070066
pd	map05164	LOC107070066
pd	map05168	LOC107070066
pd	map05169	LOC107070066
pd	map00240	LOC107070071
pd	map00970	LOC107070074
pd	map00600	LOC107070075
pd	map01100	LOC107070075
pd	map04071	LOC107070075
pd	map04138	LOC107070075
pd	map00230	LOC107070076
pd	map00240	LOC107070076
pd	map00983	LOC107070076
pd	map01100	LOC107070076
pd	map01110	LOC107070076
pd	map01130	LOC107070076
pd	map04016	LOC107070076
pd	map03050	LOC107070077
pd	map03010	LOC107070081
pd	map00030	LOC107070084
pd	map00710	LOC107070084
pd	map01100	LOC107070084
pd	map01110	LOC107070084
pd	map01120	LOC107070084
pd	map01130	LOC107070084
pd	map01200	LOC107070084
pd	map01230	LOC107070084
pd	map04010	LOC107070086
pd	map04013	LOC107070086
pd	map04014	LOC107070086
pd	map04015	LOC107070086
pd	map04024	LOC107070086
pd	map04062	LOC107070086
pd	map04071	LOC107070086
pd	map04145	LOC107070086
pd	map04151	LOC107070086
pd	map04310	LOC107070086
pd	map04360	LOC107070086
pd	map04370	LOC107070086
pd	map04380	LOC107070086
pd	map04510	LOC107070086
pd	map04520	LOC107070086
pd	map04530	LOC107070086
pd	map04620	LOC107070086
pd	map04650	LOC107070086
pd	map04662	LOC107070086
pd	map04664	LOC107070086
pd	map04666	LOC107070086
pd	map04670	LOC107070086
pd	map04722	LOC107070086
pd	map04810	LOC107070086
pd	map04932	LOC107070086
pd	map04933	LOC107070086
pd	map04972	LOC107070086
pd	map05014	LOC107070086
pd	map05100	LOC107070086
pd	map05120	LOC107070086
pd	map05131	LOC107070086
pd	map05132	LOC107070086
pd	map05167	LOC107070086
pd	map05200	LOC107070086
pd	map05203	LOC107070086
pd	map05205	LOC107070086
pd	map05210	LOC107070086
pd	map05211	LOC107070086
pd	map05212	LOC107070086
pd	map05231	LOC107070086
pd	map05416	LOC107070086
pd	map05418	LOC107070086
pd	map03040	LOC107070087
pd	map04350	LOC107070088
pd	map04390	LOC107070088
pd	map00040	LOC107070089
pd	map01100	LOC107070089
pd	map04512	LOC107070092
pd	map04110	LOC107070094
pd	map04111	LOC107070094
pd	map04113	LOC107070094
pd	map04340	LOC107070096
pd	map04341	LOC107070096
pd	map04150	LOC107070098
pd	map00900	LOC107070103
pd	map01110	LOC107070103
pd	map04623	LOC107070106
pd	map04144	LOC107070107
pd	map04350	LOC107070107
pd	map04068	LOC107070112
pd	map04144	LOC107070112
pd	map03013	LOC107070118
pd	map04144	LOC107070122
pd	map04623	LOC107070124
pd	map00510	LOC107070125
pd	map00513	LOC107070125
pd	map01100	LOC107070125
pd	map04141	LOC107070125
pd	map04152	LOC107070127
pd	map04950	LOC107070127
pd	map04015	LOC107070129
pd	map04022	LOC107070129
pd	map04024	LOC107070129
pd	map04062	LOC107070129
pd	map04071	LOC107070129
pd	map04261	LOC107070129
pd	map04360	LOC107070129
pd	map04371	LOC107070129
pd	map04540	LOC107070129
pd	map04611	LOC107070129
pd	map04670	LOC107070129
pd	map04713	LOC107070129
pd	map04723	LOC107070129
pd	map04724	LOC107070129
pd	map04725	LOC107070129
pd	map04726	LOC107070129
pd	map04727	LOC107070129
pd	map04728	LOC107070129
pd	map04730	LOC107070129
pd	map04914	LOC107070129
pd	map04915	LOC107070129
pd	map04916	LOC107070129
pd	map04921	LOC107070129
pd	map04923	LOC107070129
pd	map04924	LOC107070129
pd	map04926	LOC107070129
pd	map04934	LOC107070129
pd	map04971	LOC107070129
pd	map05012	LOC107070129
pd	map05030	LOC107070129
pd	map05032	LOC107070129
pd	map05034	LOC107070129
pd	map05133	LOC107070129
pd	map05142	LOC107070129
pd	map05145	LOC107070129
pd	map05200	LOC107070129
pd	map03008	LOC107070130
pd	map04010	LOC107070130
pd	map04014	LOC107070130
pd	map04510	LOC107070130
pd	map04360	LOC107070133
pd	map04141	LOC107070134
pd	map04141	LOC107070137
pd	map03060	LOC107070138
pd	map00190	LOC107070142
pd	map01100	LOC107070142
pd	map04714	LOC107070142
pd	map04723	LOC107070142
pd	map04932	LOC107070142
pd	map05010	LOC107070142
pd	map05012	LOC107070142
pd	map05016	LOC107070142
pd	map04520	LOC107070148
pd	map03430	LOC107070149
pd	map03460	LOC107070149
pd	map04145	LOC107070153
pd	map04962	LOC107070153
pd	map05132	LOC107070153
pd	map00532	LOC107070154
pd	map00534	LOC107070154
pd	map01100	LOC107070154
pd	map00140	LOC107070163
pd	map00590	LOC107070163
pd	map00591	LOC107070163
pd	map00981	LOC107070163
pd	map01100	LOC107070163
pd	map04212	LOC107070163
pd	map04726	LOC107070163
pd	map04750	LOC107070163
pd	map04913	LOC107070163
pd	map04142	LOC107070164
pd	map04020	LOC107070165
pd	map04080	LOC107070165
pd	map04911	LOC107070165
pd	map04971	LOC107070165
pd	map04972	LOC107070165
pd	map00920	LOC107070168
pd	map01100	LOC107070168
pd	map01120	LOC107070168
pd	map01524	LOC107070168
pd	map02020	LOC107070168
pd	map04115	LOC107070168
pd	map04210	LOC107070168
pd	map04214	LOC107070168
pd	map04215	LOC107070168
pd	map04932	LOC107070168
pd	map05010	LOC107070168
pd	map05012	LOC107070168
pd	map05014	LOC107070168
pd	map05016	LOC107070168
pd	map05134	LOC107070168
pd	map05145	LOC107070168
pd	map05152	LOC107070168
pd	map05161	LOC107070168
pd	map05164	LOC107070168
pd	map05167	LOC107070168
pd	map05168	LOC107070168
pd	map05200	LOC107070168
pd	map05210	LOC107070168
pd	map05222	LOC107070168
pd	map05416	LOC107070168
pd	map00563	LOC107070174
pd	map01100	LOC107070174
pd	map04659	LOC107070175
pd	map04934	LOC107070175
pd	map04141	LOC107070178
pd	map05202	LOC107070186
pd	map04724	LOC107070187
pd	map05014	LOC107070187
pd	map04512	LOC107070189
pd	map05161	LOC107070189
pd	map05205	LOC107070189
pd	map04024	LOC107070190
pd	map04080	LOC107070190
pd	map04934	LOC107070190
pd	map00900	LOC107070193
pd	map01130	LOC107070193
pd	map00900	LOC107070195
pd	map01130	LOC107070195
pd	map00260	LOC107070196
pd	map00270	LOC107070196
pd	map00450	LOC107070196
pd	map01100	LOC107070196
pd	map01130	LOC107070196
pd	map01230	LOC107070196
pd	map00030	LOC107070201
pd	map00480	LOC107070201
pd	map01100	LOC107070201
pd	map01110	LOC107070201
pd	map01120	LOC107070201
pd	map01130	LOC107070201
pd	map01200	LOC107070201
pd	map03460	LOC107070201
pd	map00020	LOC107070204
pd	map00630	LOC107070204
pd	map01100	LOC107070204
pd	map01110	LOC107070204
pd	map01120	LOC107070204
pd	map01130	LOC107070204
pd	map01200	LOC107070204
pd	map01210	LOC107070204
pd	map01230	LOC107070204
pd	map04212	LOC107070212
pd	map04213	LOC107070212
pd	map04950	LOC107070212
pd	map00120	LOC107070214
pd	map01100	LOC107070214
pd	map03320	LOC107070214
pd	map04146	LOC107070214
pd	map04020	LOC107070215
pd	map04024	LOC107070215
pd	map04080	LOC107070215
pd	map04540	LOC107070215
pd	map04728	LOC107070215
pd	map05012	LOC107070215
pd	map05030	LOC107070215
pd	map05031	LOC107070215
pd	map05032	LOC107070215
pd	map05034	LOC107070215
pd	map04146	LOC107070219
pd	map04214	LOC107070219
pd	map04138	LOC107070220
pd	map00600	LOC107070224
pd	map04071	LOC107070224
pd	map03030	LOC107070227
pd	map04721	LOC107070228
pd	map04723	LOC107070228
pd	map04724	LOC107070228
pd	map05033	LOC107070228
pd	map03013	LOC107070230
pd	map04110	LOC107070232
pd	map04111	LOC107070232
pd	map04113	LOC107070232
pd	map04114	LOC107070232
pd	map04120	LOC107070232
pd	map04914	LOC107070232
pd	map05166	LOC107070232
pd	map04120	LOC107070239
pd	map00564	LOC107070240
pd	map04725	LOC107070240
pd	map03018	LOC107070241
pd	map03008	LOC107070242
pd	map04064	LOC107070242
pd	map04137	LOC107070242
pd	map04139	LOC107070242
pd	map04310	LOC107070242
pd	map04520	LOC107070242
pd	map04712	LOC107070242
pd	map05162	LOC107070242
pd	map05168	LOC107070242
pd	map05169	LOC107070242
pd	map04144	LOC107070244
pd	map04145	LOC107070244
pd	map04144	LOC107070246
pd	map04721	LOC107070246
pd	map04961	LOC107070246
pd	map05016	LOC107070246
pd	map03013	LOC107070247
pd	map05231	LOC107070251
pd	map04130	LOC107070253
pd	map04145	LOC107070254
pd	map04151	LOC107070254
pd	map04510	LOC107070254
pd	map04512	LOC107070254
pd	map04514	LOC107070254
pd	map04640	LOC107070254
pd	map04670	LOC107070254
pd	map04672	LOC107070254
pd	map04810	LOC107070254
pd	map04919	LOC107070254
pd	map05100	LOC107070254
pd	map05131	LOC107070254
pd	map05133	LOC107070254
pd	map05140	LOC107070254
pd	map05165	LOC107070254
pd	map05200	LOC107070254
pd	map05205	LOC107070254
pd	map05206	LOC107070254
pd	map05222	LOC107070254
pd	map05410	LOC107070254
pd	map05412	LOC107070254
pd	map05414	LOC107070254
pd	map05418	LOC107070254
pd	map00970	LOC107070258
pd	map00260	LOC107070260
pd	map04010	LOC107070263
pd	map02010	LOC107070265
pd	map04212	LOC107070265
pd	map03008	LOC107070268
pd	map03013	LOC107070268
pd	map00564	LOC107070269
pd	map04010	LOC107070271
pd	map04020	LOC107070271
pd	map04022	LOC107070271
pd	map04114	LOC107070271
pd	map04218	LOC107070271
pd	map04310	LOC107070271
pd	map04360	LOC107070271
pd	map04370	LOC107070271
pd	map04380	LOC107070271
pd	map04650	LOC107070271
pd	map04658	LOC107070271
pd	map04659	LOC107070271
pd	map04660	LOC107070271
pd	map04662	LOC107070271
pd	map04720	LOC107070271
pd	map04724	LOC107070271
pd	map04921	LOC107070271
pd	map04922	LOC107070271
pd	map04924	LOC107070271
pd	map05010	LOC107070271
pd	map05014	LOC107070271
pd	map05031	LOC107070271
pd	map05152	LOC107070271
pd	map05166	LOC107070271
pd	map05167	LOC107070271
pd	map03030	LOC107070274
pd	map03420	LOC107070274
pd	map03430	LOC107070274
pd	map03440	LOC107070280
pd	map03460	LOC107070280
pd	map04110	LOC107070283
pd	map04114	LOC107070283
pd	map04115	LOC107070283
pd	map04218	LOC107070283
pd	map04540	LOC107070283
pd	map04914	LOC107070283
pd	map05168	LOC107070283
pd	map05169	LOC107070283
pd	map05203	LOC107070283
pd	map00564	LOC107070285
pd	map00565	LOC107070285
pd	map00590	LOC107070285
pd	map00591	LOC107070285
pd	map00592	LOC107070285
pd	map01100	LOC107070285
pd	map01110	LOC107070285
pd	map04014	LOC107070285
pd	map04270	LOC107070285
pd	map04972	LOC107070285
pd	map04975	LOC107070285
pd	map04612	LOC107070287
pd	map05152	LOC107070287
pd	map04150	LOC107070289
pd	map04141	LOC107070294
pd	map00310	LOC107070295
pd	map05202	LOC107070295
pd	map05168	LOC107070298
pd	map04137	LOC107070304
pd	map04140	LOC107070304
pd	map04144	LOC107070309
pd	map04360	LOC107070310
pd	map04666	LOC107070310
pd	map04810	LOC107070310
pd	map03013	LOC107070315
pd	map04013	LOC107070316
pd	map04550	LOC107070316
pd	map00480	LOC107070317
pd	map00980	LOC107070317
pd	map00982	LOC107070317
pd	map00983	LOC107070317
pd	map01524	LOC107070317
pd	map05200	LOC107070317
pd	map05204	LOC107070317
pd	map05225	LOC107070317
pd	map05418	LOC107070317
pd	map00780	LOC107070323
pd	map01100	LOC107070323
pd	map00511	LOC107070324
pd	map00513	LOC107070324
pd	map01100	LOC107070324
pd	map03030	LOC107070325
pd	map03420	LOC107070325
pd	map03430	LOC107070325
pd	map03440	LOC107070325
pd	map03460	LOC107070325
pd	map04144	LOC107070333
pd	map04080	LOC107070337
pd	map04723	LOC107070337
pd	map04726	LOC107070337
pd	map04727	LOC107070337
pd	map05032	LOC107070337
pd	map05033	LOC107070337
pd	map04320	LOC107070338
pd	map04390	LOC107070338
pd	map00230	LOC107070339
pd	map04022	LOC107070339
pd	map04934	LOC107070339
pd	map05032	LOC107070339
pd	map00190	LOC107070340
pd	map01100	LOC107070340
pd	map04714	LOC107070340
pd	map04723	LOC107070340
pd	map04932	LOC107070340
pd	map05010	LOC107070340
pd	map05012	LOC107070340
pd	map05016	LOC107070340
pd	map04024	LOC107070346
pd	map04080	LOC107070346
pd	map04713	LOC107070346
pd	map04720	LOC107070346
pd	map04723	LOC107070346
pd	map04724	LOC107070346
pd	map04728	LOC107070346
pd	map04730	LOC107070346
pd	map05014	LOC107070346
pd	map05030	LOC107070346
pd	map05031	LOC107070346
pd	map05033	LOC107070346
pd	map05202	LOC107070346
pd	map03022	LOC107070349
pd	map05169	LOC107070349
pd	map05203	LOC107070349
pd	map00350	LOC107070351
pd	map00790	LOC107070351
pd	map00950	LOC107070351
pd	map01100	LOC107070351
pd	map04728	LOC107070351
pd	map04917	LOC107070351
pd	map05012	LOC107070351
pd	map05030	LOC107070351
pd	map05031	LOC107070351
pd	map05034	LOC107070351
pd	map05164	LOC107070354
pd	map04714	LOC107070355
pd	map05010	LOC107070357
pd	map01521	LOC107070362
pd	map04012	LOC107070362
pd	map04013	LOC107070362
pd	map04014	LOC107070362
pd	map04071	LOC107070362
pd	map04072	LOC107070362
pd	map04380	LOC107070362
pd	map04664	LOC107070362
pd	map04666	LOC107070362
pd	map04722	LOC107070362
pd	map05100	LOC107070362
pd	map05205	LOC107070362
pd	map05211	LOC107070362
pd	map05220	LOC107070362
pd	map05225	LOC107070362
pd	map05226	LOC107070362
pd	map04141	LOC107070365
pd	map05010	LOC107070367
pd	map04550	LOC107070378
pd	map00563	LOC107070379
pd	map01100	LOC107070379
pd	map04068	LOC107070381
pd	map00330	LOC107070384
pd	map00480	LOC107070384
pd	map01100	LOC107070384
pd	map01110	LOC107070384
pd	map01130	LOC107070384
pd	map00330	LOC107070385
pd	map00480	LOC107070385
pd	map01100	LOC107070385
pd	map01110	LOC107070385
pd	map01130	LOC107070385
pd	map00330	LOC107070389
pd	map00480	LOC107070389
pd	map01100	LOC107070389
pd	map01110	LOC107070389
pd	map01130	LOC107070389
pd	map00270	LOC107070391
pd	map00480	LOC107070391
pd	map01100	LOC107070391
pd	map04216	LOC107070391
pd	map04310	LOC107070392
pd	map04138	LOC107070395
pd	map00230	LOC107070399
pd	map00240	LOC107070399
pd	map01100	LOC107070399
pd	map03020	LOC107070399
pd	map04623	LOC107070399
pd	map05016	LOC107070399
pd	map05169	LOC107070399
pd	map05202	LOC107070399
pd	map04110	LOC107070404
pd	map04111	LOC107070404
pd	map04114	LOC107070404
pd	map04120	LOC107070404
pd	map04141	LOC107070404
pd	map04310	LOC107070404
pd	map04341	LOC107070404
pd	map04350	LOC107070404
pd	map04710	LOC107070404
pd	map05168	LOC107070404
pd	map05200	LOC107070404
pd	map00073	LOC107070405
pd	map04146	LOC107070405
pd	map04212	LOC107070405
pd	map00073	LOC107070406
pd	map04146	LOC107070406
pd	map04212	LOC107070406
pd	map00073	LOC107070407
pd	map04146	LOC107070407
pd	map04212	LOC107070407
pd	map03010	LOC107070408
pd	map04024	LOC107070410
pd	map04066	LOC107070410
pd	map04068	LOC107070410
pd	map04110	LOC107070410
pd	map04310	LOC107070410
pd	map04330	LOC107070410
pd	map04350	LOC107070410
pd	map04520	LOC107070410
pd	map04630	LOC107070410
pd	map04720	LOC107070410
pd	map04916	LOC107070410
pd	map04919	LOC107070410
pd	map04922	LOC107070410
pd	map05016	LOC107070410
pd	map05152	LOC107070410
pd	map05161	LOC107070410
pd	map05164	LOC107070410
pd	map05165	LOC107070410
pd	map05166	LOC107070410
pd	map05167	LOC107070410
pd	map05168	LOC107070410
pd	map05169	LOC107070410
pd	map05200	LOC107070410
pd	map05203	LOC107070410
pd	map05206	LOC107070410
pd	map05211	LOC107070410
pd	map05215	LOC107070410
pd	map05206	LOC107070412
pd	map03022	LOC107070413
pd	map03420	LOC107070413
pd	map05203	LOC107070413
pd	map04015	LOC107070416
pd	map04024	LOC107070416
pd	map04144	LOC107070416
pd	map04724	LOC107070417
pd	map03410	LOC107070421
pd	map04210	LOC107070421
pd	map04212	LOC107070421
pd	map04214	LOC107070421
pd	map04217	LOC107070421
pd	map03013	LOC107070422
pd	map04710	LOC107070426
pd	map04145	LOC107070429
pd	map04210	LOC107070429
pd	map04530	LOC107070429
pd	map04540	LOC107070429
pd	map05130	LOC107070429
pd	map04066	LOC107070442
pd	map04120	LOC107070442
pd	map04137	LOC107070442
pd	map04140	LOC107070442
pd	map04212	LOC107070442
pd	map04214	LOC107070442
pd	map04215	LOC107070442
pd	map04659	LOC107070442
pd	map04919	LOC107070442
pd	map05167	LOC107070442
pd	map05200	LOC107070442
pd	map05205	LOC107070442
pd	map05211	LOC107070442
pd	map05230	LOC107070442
pd	map05231	LOC107070442
pd	map03013	LOC107070443
pd	map05202	LOC107070444
pd	map04340	LOC107070445
pd	map04341	LOC107070445
pd	map05200	LOC107070445
pd	map05217	LOC107070445
pd	map03013	LOC107070447
pd	map03013	LOC107070461
pd	map05416	LOC107070461
pd	map03022	LOC107070462
pd	map05169	LOC107070462
pd	map05203	LOC107070462
pd	map00010	LOC107070468
pd	map00020	LOC107070468
pd	map00260	LOC107070468
pd	map00280	LOC107070468
pd	map00620	LOC107070468
pd	map00630	LOC107070468
pd	map00640	LOC107070468
pd	map01100	LOC107070468
pd	map01110	LOC107070468
pd	map01120	LOC107070468
pd	map01130	LOC107070468
pd	map01200	LOC107070468
pd	map04978	LOC107070469
pd	map04015	LOC107070470
pd	map04510	LOC107070470
pd	map04810	LOC107070470
pd	map05100	LOC107070470
pd	map05131	LOC107070470
pd	map00230	LOC107070480
pd	map00240	LOC107070480
pd	map01100	LOC107070480
pd	map03030	LOC107070480
pd	map04013	LOC107070483
pd	map04014	LOC107070483
pd	map04072	LOC107070483
pd	map04360	LOC107070483
pd	map04630	LOC107070483
pd	map04650	LOC107070483
pd	map04670	LOC107070483
pd	map04722	LOC107070483
pd	map04920	LOC107070483
pd	map04931	LOC107070483
pd	map05120	LOC107070483
pd	map05168	LOC107070483
pd	map05205	LOC107070483
pd	map05211	LOC107070483
pd	map05220	LOC107070483
pd	map04391	LOC107070487
pd	map04514	LOC107070487
pd	map05020	LOC107070487
pd	map04974	LOC107070490
pd	map04978	LOC107070490
pd	map04080	LOC107070493
pd	map04972	LOC107070493
pd	map04974	LOC107070493
pd	map05164	LOC107070493
pd	map04080	LOC107070494
pd	map04972	LOC107070494
pd	map04974	LOC107070494
pd	map05164	LOC107070494
pd	map03040	LOC107070495
pd	map05131	LOC107070495
pd	map04520	LOC107070502
pd	map04666	LOC107070502
pd	map04810	LOC107070502
pd	map05100	LOC107070502
pd	map05131	LOC107070502
pd	map05132	LOC107070502
pd	map05231	LOC107070502
pd	map03010	LOC107070505
pd	map05203	LOC107070508
pd	map03010	LOC107070511
pd	map05203	LOC107070511
pd	map00240	LOC107070513
pd	map00410	LOC107070513
pd	map00770	LOC107070513
pd	map00983	LOC107070513
pd	map01100	LOC107070513
pd	map00564	LOC107070516
pd	map00565	LOC107070516
pd	map00590	LOC107070516
pd	map00591	LOC107070516
pd	map00592	LOC107070516
pd	map01100	LOC107070516
pd	map01110	LOC107070516
pd	map04014	LOC107070516
pd	map04270	LOC107070516
pd	map04972	LOC107070516
pd	map04975	LOC107070516
pd	map04714	LOC107070520
pd	map05225	LOC107070520
pd	map04722	LOC107070522
pd	map04910	LOC107070522
pd	map04978	LOC107070524
pd	map03022	LOC107070527
pd	map03420	LOC107070527
pd	map05203	LOC107070527
pd	map00230	LOC107070528
pd	map00240	LOC107070528
pd	map01100	LOC107070528
pd	map03020	LOC107070528
pd	map04623	LOC107070528
pd	map05169	LOC107070528
pd	map04612	LOC107070529
pd	map04014	LOC107070532
pd	map04015	LOC107070532
pd	map04016	LOC107070532
pd	map04020	LOC107070532
pd	map04022	LOC107070532
pd	map04024	LOC107070532
pd	map04070	LOC107070532
pd	map04114	LOC107070532
pd	map04218	LOC107070532
pd	map04261	LOC107070532
pd	map04270	LOC107070532
pd	map04371	LOC107070532
pd	map04626	LOC107070532
pd	map04713	LOC107070532
pd	map04720	LOC107070532
pd	map04722	LOC107070532
pd	map04728	LOC107070532
pd	map04740	LOC107070532
pd	map04744	LOC107070532
pd	map04745	LOC107070532
pd	map04750	LOC107070532
pd	map04910	LOC107070532
pd	map04912	LOC107070532
pd	map04915	LOC107070532
pd	map04916	LOC107070532
pd	map04921	LOC107070532
pd	map04922	LOC107070532
pd	map04924	LOC107070532
pd	map04925	LOC107070532
pd	map04970	LOC107070532
pd	map04971	LOC107070532
pd	map05010	LOC107070532
pd	map05031	LOC107070532
pd	map05034	LOC107070532
pd	map05133	LOC107070532
pd	map05152	LOC107070532
pd	map05167	LOC107070532
pd	map05200	LOC107070532
pd	map05214	LOC107070532
pd	map05418	LOC107070532
pd	map04014	LOC107070534
pd	map04020	LOC107070534
pd	map04024	LOC107070534
pd	map04080	LOC107070534
pd	map04726	LOC107070534
pd	map04742	LOC107070534
pd	map00730	LOC107070536
pd	map00790	LOC107070536
pd	map01100	LOC107070536
pd	map02020	LOC107070536
pd	map03010	LOC107070538
pd	map04144	LOC107070541
pd	map04666	LOC107070541
pd	map03040	LOC107070544
pd	map04360	LOC107070546
pd	map04666	LOC107070546
pd	map04810	LOC107070546
pd	map05133	LOC107070546
pd	map04726	LOC107070547
pd	map05010	LOC107070547
pd	map00230	LOC107070548
pd	map00240	LOC107070548
pd	map00920	LOC107070549
pd	map04120	LOC107070552
pd	map04144	LOC107070552
pd	map04668	LOC107070552
pd	map04932	LOC107070552
pd	map04013	LOC107070553
pd	map03013	LOC107070554
pd	map00330	LOC107070555
pd	map01100	LOC107070555
pd	map01110	LOC107070555
pd	map01230	LOC107070555
pd	map03040	LOC107070556
pd	map00062	LOC107070558
pd	map00071	LOC107070558
pd	map00280	LOC107070558
pd	map01100	LOC107070558
pd	map01110	LOC107070558
pd	map01130	LOC107070558
pd	map01212	LOC107070558
pd	map00040	LOC107070563
pd	map00053	LOC107070563
pd	map00140	LOC107070563
pd	map00830	LOC107070563
pd	map00860	LOC107070563
pd	map00980	LOC107070563
pd	map00982	LOC107070563
pd	map00983	LOC107070563
pd	map01100	LOC107070563
pd	map01110	LOC107070563
pd	map05204	LOC107070563
pd	map00120	LOC107070569
pd	map01100	LOC107070569
pd	map04146	LOC107070569
pd	map00520	LOC107070572
pd	map01100	LOC107070572
pd	map01523	LOC107070584
pd	map02010	LOC107070584
pd	map04024	LOC107070584
pd	map04976	LOC107070584
pd	map00513	LOC107070585
pd	map01100	LOC107070585
pd	map04744	LOC107070590
pd	map00052	LOC107070591
pd	map00500	LOC107070591
pd	map00510	LOC107070591
pd	map01100	LOC107070591
pd	map04141	LOC107070591
pd	map00052	LOC107070594
pd	map00520	LOC107070594
pd	map01100	LOC107070594
pd	map03010	LOC107070598
pd	map04130	LOC107070602
pd	map04140	LOC107070602
pd	map04330	LOC107070603
pd	map05010	LOC107070603
pd	map04120	LOC107070610
pd	map00010	LOC107070614
pd	map00030	LOC107070614
pd	map00051	LOC107070614
pd	map00680	LOC107070614
pd	map00710	LOC107070614
pd	map01100	LOC107070614
pd	map01110	LOC107070614
pd	map01120	LOC107070614
pd	map01130	LOC107070614
pd	map01200	LOC107070614
pd	map01230	LOC107070614
pd	map00010	LOC107070615
pd	map00030	LOC107070615
pd	map00051	LOC107070615
pd	map00680	LOC107070615
pd	map00710	LOC107070615
pd	map01100	LOC107070615
pd	map01110	LOC107070615
pd	map01120	LOC107070615
pd	map01130	LOC107070615
pd	map01200	LOC107070615
pd	map01230	LOC107070615
pd	map03460	LOC107070616
pd	map04212	LOC107070616
pd	map00030	LOC107070619
pd	map00260	LOC107070619
pd	map01100	LOC107070619
pd	map01110	LOC107070619
pd	map01130	LOC107070619
pd	map00500	LOC107070620
pd	map01100	LOC107070620
pd	map01524	LOC107070625
pd	map03420	LOC107070625
pd	map03040	LOC107070627
pd	map03010	LOC107070628
pd	map00561	LOC107070630
pd	map00564	LOC107070630
pd	map01100	LOC107070630
pd	map01110	LOC107070630
pd	map05016	LOC107070633
pd	map05016	LOC107070634
pd	map03010	LOC107070637
pd	map00520	LOC107070640
pd	map03010	LOC107070641
pd	map00190	LOC107070644
pd	map01100	LOC107070644
pd	map04714	LOC107070644
pd	map04723	LOC107070644
pd	map04932	LOC107070644
pd	map05010	LOC107070644
pd	map05012	LOC107070644
pd	map05016	LOC107070644
pd	map03460	LOC107070646
pd	map04120	LOC107070646
pd	map03320	LOC107070648
pd	map04520	LOC107070648
pd	map04910	LOC107070648
pd	map00440	LOC107070649
pd	map00564	LOC107070649
pd	map01100	LOC107070649
pd	map04120	LOC107070651
pd	map04910	LOC107070651
pd	map03420	LOC107070652
pd	map04120	LOC107070652
pd	map05161	LOC107070652
pd	map05203	LOC107070652
pd	map04020	LOC107070655
pd	map04022	LOC107070655
pd	map05012	LOC107070655
pd	map05016	LOC107070655
pd	map05145	LOC107070655
pd	map00240	LOC107070656
pd	map00983	LOC107070656
pd	map01100	LOC107070656
pd	map04624	LOC107070659
pd	map00230	LOC107070661
pd	map00240	LOC107070661
pd	map01100	LOC107070661
pd	map01110	LOC107070661
pd	map01130	LOC107070661
pd	map04010	LOC107070664
pd	map05202	LOC107070668
pd	map00380	LOC107070669
pd	map00630	LOC107070669
pd	map01110	LOC107070669
pd	map01130	LOC107070669
pd	map01200	LOC107070669
pd	map04011	LOC107070669
pd	map04016	LOC107070669
pd	map04068	LOC107070669
pd	map04146	LOC107070669
pd	map04211	LOC107070669
pd	map04212	LOC107070669
pd	map04213	LOC107070669
pd	map05014	LOC107070669
pd	map00532	LOC107070673
pd	map04745	LOC107070676
pd	map00480	LOC107070679
pd	map01100	LOC107070679
pd	map04614	LOC107070679
pd	map04640	LOC107070679
pd	map00480	LOC107070680
pd	map01100	LOC107070680
pd	map04614	LOC107070680
pd	map04640	LOC107070680
pd	map00480	LOC107070683
pd	map01100	LOC107070683
pd	map04614	LOC107070683
pd	map04640	LOC107070683
pd	map00480	LOC107070684
pd	map01100	LOC107070684
pd	map04614	LOC107070684
pd	map04640	LOC107070684
pd	map00480	LOC107070685
pd	map01100	LOC107070685
pd	map04614	LOC107070685
pd	map04640	LOC107070685
pd	map05231	LOC107070686
pd	map04136	LOC107070687
pd	map04138	LOC107070687
pd	map04140	LOC107070687
pd	map04621	LOC107070687
pd	map04020	LOC107070694
pd	map04080	LOC107070694
pd	map04725	LOC107070694
pd	map04810	LOC107070694
pd	map00100	LOC107070696
pd	map04142	LOC107070696
pd	map04979	LOC107070696
pd	map00100	LOC107070697
pd	map04142	LOC107070697
pd	map04979	LOC107070697
pd	map00310	LOC107070702
pd	map00230	LOC107070710
pd	map00240	LOC107070710
pd	map01100	LOC107070710
pd	map03030	LOC107070710
pd	map03410	LOC107070710
pd	map03420	LOC107070710
pd	map05166	LOC107070710
pd	map04080	LOC107070715
pd	map04022	LOC107070719
pd	map04024	LOC107070719
pd	map04151	LOC107070719
pd	map04152	LOC107070719
pd	map04211	LOC107070719
pd	map04261	LOC107070719
pd	map04668	LOC107070719
pd	map04714	LOC107070719
pd	map04725	LOC107070719
pd	map04728	LOC107070719
pd	map04911	LOC107070719
pd	map04915	LOC107070719
pd	map04916	LOC107070719
pd	map04918	LOC107070719
pd	map04922	LOC107070719
pd	map04925	LOC107070719
pd	map04926	LOC107070719
pd	map04927	LOC107070719
pd	map04931	LOC107070719
pd	map04934	LOC107070719
pd	map04962	LOC107070719
pd	map05016	LOC107070719
pd	map05030	LOC107070719
pd	map05031	LOC107070719
pd	map05034	LOC107070719
pd	map05161	LOC107070719
pd	map05165	LOC107070719
pd	map05203	LOC107070719
pd	map05215	LOC107070719
pd	map04015	LOC107070720
pd	map04510	LOC107070720
pd	map04611	LOC107070720
pd	map05166	LOC107070720
pd	map04120	LOC107070721
pd	map04630	LOC107070721
pd	map05160	LOC107070721
pd	map03040	LOC107070722
pd	map05202	LOC107070722
pd	map05205	LOC107070722
pd	map03013	LOC107070724
pd	map03013	LOC107070725
pd	map00020	LOC107070726
pd	map00630	LOC107070726
pd	map00720	LOC107070726
pd	map01100	LOC107070726
pd	map01110	LOC107070726
pd	map01120	LOC107070726
pd	map01130	LOC107070726
pd	map01200	LOC107070726
pd	map01210	LOC107070726
pd	map01230	LOC107070726
pd	map00500	LOC107070727
pd	map01100	LOC107070727
pd	map04360	LOC107070728
pd	map04724	LOC107070728
pd	map04726	LOC107070728
pd	map04745	LOC107070728
pd	map04972	LOC107070728
pd	map00600	LOC107070729
pd	map01100	LOC107070729
pd	map04071	LOC107070729
pd	map04080	LOC107070732
pd	map04144	LOC107070734
pd	map03050	LOC107070736
pd	map03010	LOC107070737
pd	map04919	LOC107070738
pd	map04062	LOC107070744
pd	map04144	LOC107070744
pd	map04340	LOC107070744
pd	map04724	LOC107070744
pd	map04740	LOC107070744
pd	map04745	LOC107070744
pd	map05032	LOC107070744
pd	map02010	LOC107070749
pd	map00230	LOC107070756
pd	map01100	LOC107070756
pd	map03410	LOC107070757
pd	map04024	LOC107070760
pd	map04080	LOC107070760
pd	map04727	LOC107070760
pd	map04742	LOC107070760
pd	map04915	LOC107070760
pd	map05032	LOC107070760
pd	map00970	LOC107070762
pd	map01100	LOC107070762
pd	map00190	LOC107070764
pd	map04260	LOC107070764
pd	map04714	LOC107070764
pd	map04932	LOC107070764
pd	map05010	LOC107070764
pd	map05012	LOC107070764
pd	map05016	LOC107070764
pd	map03010	LOC107070766
pd	map04010	LOC107070767
pd	map04510	LOC107070767
pd	map05132	LOC107070767
pd	map05205	LOC107070767
pd	map03013	LOC107070768
pd	map05160	LOC107070768
pd	map00970	LOC107070769
pd	map01100	LOC107070769
pd	map00230	LOC107070771
pd	map00240	LOC107070771
pd	map00480	LOC107070771
pd	map00983	LOC107070771
pd	map01100	LOC107070771
pd	map03410	LOC107070773
pd	map02010	LOC107070775
pd	map04146	LOC107070775
pd	map00500	LOC107070777
pd	map01100	LOC107070777
pd	map03008	LOC107070778
pd	map04137	LOC107070780
pd	map02010	LOC107070783
pd	map04141	LOC107070790
pd	map04151	LOC107070790
pd	map04217	LOC107070790
pd	map04612	LOC107070790
pd	map04621	LOC107070790
pd	map04626	LOC107070790
pd	map04657	LOC107070790
pd	map04659	LOC107070790
pd	map04914	LOC107070790
pd	map04915	LOC107070790
pd	map05200	LOC107070790
pd	map05215	LOC107070790
pd	map05418	LOC107070790
pd	map03013	LOC107070793
pd	map03420	LOC107070794
pd	map00430	LOC107070795
pd	map00460	LOC107070795
pd	map00480	LOC107070795
pd	map00590	LOC107070795
pd	map01100	LOC107070795
pd	map03440	LOC107070797
pd	map03460	LOC107070797
pd	map03050	LOC107070798
pd	map05169	LOC107070798
pd	map00512	LOC107070802
pd	map01100	LOC107070802
pd	map00790	LOC107070803
pd	map05225	LOC107070805
pd	map04020	LOC107070806
pd	map04330	LOC107070806
pd	map04658	LOC107070806
pd	map05165	LOC107070806
pd	map05169	LOC107070806
pd	map05203	LOC107070806
pd	map03010	LOC107070812
pd	map04141	LOC107070815
pd	map04145	LOC107070815
pd	map04612	LOC107070815
pd	map05142	LOC107070815
pd	map05166	LOC107070815
pd	map03018	LOC107070816
pd	map00062	LOC107070823
pd	map00071	LOC107070823
pd	map00280	LOC107070823
pd	map00310	LOC107070823
pd	map00380	LOC107070823
pd	map00410	LOC107070823
pd	map00627	LOC107070823
pd	map00640	LOC107070823
pd	map00650	LOC107070823
pd	map00930	LOC107070823
pd	map01100	LOC107070823
pd	map01110	LOC107070823
pd	map01120	LOC107070823
pd	map01130	LOC107070823
pd	map01200	LOC107070823
pd	map01212	LOC107070823
pd	map00770	LOC107070827
pd	map01100	LOC107070827
pd	map00510	LOC107070829
pd	map00513	LOC107070829
pd	map01100	LOC107070829
pd	map00600	LOC107070833
pd	map01100	LOC107070833
pd	map04022	LOC107070839
pd	map04024	LOC107070839
pd	map04270	LOC107070839
pd	map04510	LOC107070839
pd	map04611	LOC107070839
pd	map04810	LOC107070839
pd	map04921	LOC107070839
pd	map05205	LOC107070839
pd	map01524	LOC107070841
pd	map03320	LOC107070841
pd	map04011	LOC107070841
pd	map04068	LOC107070841
pd	map04071	LOC107070841
pd	map04140	LOC107070841
pd	map04150	LOC107070841
pd	map04151	LOC107070841
pd	map04152	LOC107070841
pd	map04210	LOC107070841
pd	map04510	LOC107070841
pd	map04660	LOC107070841
pd	map04664	LOC107070841
pd	map04722	LOC107070841
pd	map04910	LOC107070841
pd	map04919	LOC107070841
pd	map04931	LOC107070841
pd	map04960	LOC107070841
pd	map05145	LOC107070841
pd	map05160	LOC107070841
pd	map05205	LOC107070841
pd	map05213	LOC107070841
pd	map05215	LOC107070841
pd	map05223	LOC107070841
pd	map05231	LOC107070841
pd	map04010	LOC107070845
pd	map04012	LOC107070845
pd	map04013	LOC107070845
pd	map04620	LOC107070845
pd	map04664	LOC107070845
pd	map04668	LOC107070845
pd	map04912	LOC107070845
pd	map04926	LOC107070845
pd	map05120	LOC107070845
pd	map05142	LOC107070845
pd	map05161	LOC107070845
pd	map05164	LOC107070845
pd	map05166	LOC107070845
pd	map05167	LOC107070845
pd	map05169	LOC107070845
pd	map05418	LOC107070845
pd	map04630	LOC107070848
pd	map04917	LOC107070848
pd	map03008	LOC107070849
pd	map00260	LOC107070854
pd	map00330	LOC107070854
pd	map00340	LOC107070854
pd	map00350	LOC107070854
pd	map00360	LOC107070854
pd	map00380	LOC107070854
pd	map00950	LOC107070854
pd	map00982	LOC107070854
pd	map01100	LOC107070854
pd	map01110	LOC107070854
pd	map04726	LOC107070854
pd	map04728	LOC107070854
pd	map05030	LOC107070854
pd	map05031	LOC107070854
pd	map05034	LOC107070854
pd	map04013	LOC107070858
pd	map03013	LOC107070859
pd	map03013	LOC107070860
pd	map00910	LOC107070862
pd	map00910	LOC107070863
pd	map00910	LOC107070864
pd	map00910	LOC107070865
pd	map00910	LOC107070866
pd	map05202	LOC107070869
pd	map00052	LOC107070872
pd	map00500	LOC107070872
pd	map01100	LOC107070872
pd	map04142	LOC107070872
pd	map04973	LOC107070872
pd	map00190	LOC107070879
pd	map01100	LOC107070879
pd	map04714	LOC107070879
pd	map00230	LOC107070884
pd	map00240	LOC107070884
pd	map00480	LOC107070884
pd	map00983	LOC107070884
pd	map01100	LOC107070884
pd	map04115	LOC107070884
pd	map00270	LOC107070886
pd	map01100	LOC107070886
pd	map04530	LOC107070887
pd	map00982	LOC107070897
pd	map01120	LOC107070897
pd	map03010	LOC107070900
pd	map00071	LOC107070901
pd	map00120	LOC107070901
pd	map00592	LOC107070901
pd	map01040	LOC107070901
pd	map01100	LOC107070901
pd	map01110	LOC107070901
pd	map01212	LOC107070901
pd	map03320	LOC107070901
pd	map04024	LOC107070901
pd	map04146	LOC107070901
pd	map04550	LOC107070903
pd	map05010	LOC107070904
pd	map05120	LOC107070904
pd	map04514	LOC107070905
pd	map05144	LOC107070905
pd	map05205	LOC107070905
pd	map05418	LOC107070905
pd	map03010	LOC107070907
pd	map03010	LOC107070909
pd	map04141	LOC107070910
pd	map05134	LOC107070910
pd	map04810	LOC107070911
pd	map03008	LOC107070912
pd	map03030	LOC107070913
pd	map04110	LOC107070913
pd	map04111	LOC107070913
pd	map04113	LOC107070913
pd	map03013	LOC107070916
pd	map03013	LOC107070918
pd	map03015	LOC107070918
pd	map03040	LOC107070918
pd	map04110	LOC107070921
pd	map04111	LOC107070921
pd	map04113	LOC107070921
pd	map04114	LOC107070921
pd	map04151	LOC107070921
pd	map04510	LOC107070921
pd	map04512	LOC107070921
pd	map04974	LOC107070921
pd	map05165	LOC107070921
pd	map04020	LOC107070925
pd	map04022	LOC107070925
pd	map04270	LOC107070925
pd	map04371	LOC107070925
pd	map04510	LOC107070925
pd	map04611	LOC107070925
pd	map04810	LOC107070925
pd	map04921	LOC107070925
pd	map04971	LOC107070925
pd	map04110	LOC107070927
pd	map04111	LOC107070927
pd	map04113	LOC107070927
pd	map04114	LOC107070927
pd	map04120	LOC107070927
pd	map04914	LOC107070927
pd	map05166	LOC107070927
pd	map04068	LOC107070928
pd	map00520	LOC107070930
pd	map00561	LOC107070938
pd	map00564	LOC107070938
pd	map01100	LOC107070938
pd	map01110	LOC107070938
pd	map04070	LOC107070938
pd	map04072	LOC107070938
pd	map05231	LOC107070938
pd	map04114	LOC107070939
pd	map04914	LOC107070939
pd	map04260	LOC107070942
pd	map04261	LOC107070942
pd	map05410	LOC107070942
pd	map05414	LOC107070942
pd	map00330	LOC107070943
pd	map01100	LOC107070943
pd	map01110	LOC107070943
pd	map01130	LOC107070943
pd	map00330	LOC107070944
pd	map01100	LOC107070944
pd	map01110	LOC107070944
pd	map01130	LOC107070944
pd	map03013	LOC107070951
pd	map03040	LOC107070951
pd	map03010	LOC107070952
pd	map00350	LOC107070958
pd	map01100	LOC107070958
pd	map04146	LOC107070961
pd	map04110	LOC107070962
pd	map04111	LOC107070962
pd	map04113	LOC107070962
pd	map04114	LOC107070962
pd	map04151	LOC107070962
pd	map04510	LOC107070962
pd	map04512	LOC107070962
pd	map04974	LOC107070962
pd	map05165	LOC107070962
pd	map04310	LOC107070963
pd	map04330	LOC107070963
pd	map04722	LOC107070963
pd	map05010	LOC107070963
pd	map05165	LOC107070963
pd	map04022	LOC107070966
pd	map04071	LOC107070966
pd	map04270	LOC107070966
pd	map04371	LOC107070966
pd	map04530	LOC107070966
pd	map04666	LOC107070966
pd	map04750	LOC107070966
pd	map04925	LOC107070966
pd	map04930	LOC107070966
pd	map04931	LOC107070966
pd	map04933	LOC107070966
pd	map05206	LOC107070966
pd	map04145	LOC107070971
pd	map04151	LOC107070971
pd	map04510	LOC107070971
pd	map04512	LOC107070971
pd	map04962	LOC107070971
pd	map05132	LOC107070971
pd	map05145	LOC107070971
pd	map05146	LOC107070971
pd	map05165	LOC107070971
pd	map05200	LOC107070971
pd	map05222	LOC107070971
pd	map03040	LOC107070972
pd	map00510	LOC107070975
pd	map00513	LOC107070975
pd	map01100	LOC107070975
pd	map04141	LOC107070975
pd	map03018	LOC107070980
pd	map04925	LOC107070982
pd	map04927	LOC107070982
pd	map04934	LOC107070982
pd	map04024	LOC107070983
pd	map04391	LOC107070985
pd	map04550	LOC107070985
pd	map05202	LOC107070985
pd	map04713	LOC107070987
pd	map04520	LOC107070988
pd	map04630	LOC107070988
pd	map04910	LOC107070988
pd	map04931	LOC107070988
pd	map00900	LOC107070989
pd	map01100	LOC107070989
pd	map01110	LOC107070989
pd	map01130	LOC107070989
pd	map03008	LOC107070994
pd	map03013	LOC107070994
pd	map03015	LOC107070994
pd	map05164	LOC107070994
pd	map04742	LOC107070995
pd	map04714	LOC107070996
pd	map00480	LOC107070998
pd	map00790	LOC107070998
pd	map00980	LOC107070998
pd	map00982	LOC107070998
pd	map00983	LOC107070998
pd	map01524	LOC107070998
pd	map05200	LOC107070998
pd	map05204	LOC107070998
pd	map05225	LOC107070998
pd	map05418	LOC107070998
pd	map04010	LOC107071003
pd	map04062	LOC107071003
pd	map04144	LOC107071003
pd	map04340	LOC107071003
pd	map04740	LOC107071003
pd	map04926	LOC107071003
pd	map05032	LOC107071003
pd	map04020	LOC107071004
pd	map04080	LOC107071004
pd	map04540	LOC107071004
pd	map04726	LOC107071004
pd	map04750	LOC107071004
pd	map04120	LOC107071005
pd	map04141	LOC107071005
pd	map05012	LOC107071005
pd	map00562	LOC107071006
pd	map01100	LOC107071006
pd	map04070	LOC107071006
pd	map05202	LOC107071009
pd	map03018	LOC107071012
pd	map04012	LOC107071012
pd	map04014	LOC107071012
pd	map04110	LOC107071012
pd	map04360	LOC107071012
pd	map04722	LOC107071012
pd	map05130	LOC107071012
pd	map05131	LOC107071012
pd	map05200	LOC107071012
pd	map05206	LOC107071012
pd	map05220	LOC107071012
pd	map05416	LOC107071012
pd	map00010	LOC107071013
pd	map00030	LOC107071013
pd	map00051	LOC107071013
pd	map00052	LOC107071013
pd	map00680	LOC107071013
pd	map01100	LOC107071013
pd	map01110	LOC107071013
pd	map01120	LOC107071013
pd	map01130	LOC107071013
pd	map01200	LOC107071013
pd	map01230	LOC107071013
pd	map03018	LOC107071013
pd	map04152	LOC107071013
pd	map05230	LOC107071013
pd	map04072	LOC107071017
pd	map04140	LOC107071017
pd	map04150	LOC107071017
pd	map04151	LOC107071017
pd	map04152	LOC107071017
pd	map04211	LOC107071017
pd	map04218	LOC107071017
pd	map04714	LOC107071017
pd	map04910	LOC107071017
pd	map05165	LOC107071017
pd	map05231	LOC107071017
pd	map04514	LOC107071018
pd	map03010	LOC107071019
pd	map00100	LOC107071020
pd	map00561	LOC107071020
pd	map01100	LOC107071020
pd	map04514	LOC107071020
pd	map04972	LOC107071020
pd	map04975	LOC107071020
pd	map03015	LOC107071021
pd	map04514	LOC107071031
pd	map04520	LOC107071031
pd	map04910	LOC107071031
pd	map04931	LOC107071031
pd	map04514	LOC107071032
pd	map04520	LOC107071032
pd	map04910	LOC107071032
pd	map04931	LOC107071032
pd	map04080	LOC107071034
pd	map04961	LOC107071034
pd	map04010	LOC107071037
pd	map04013	LOC107071037
pd	map04060	LOC107071037
pd	map04068	LOC107071037
pd	map04144	LOC107071037
pd	map04218	LOC107071037
pd	map04350	LOC107071037
pd	map04360	LOC107071037
pd	map04371	LOC107071037
pd	map04380	LOC107071037
pd	map04390	LOC107071037
pd	map04520	LOC107071037
pd	map04550	LOC107071037
pd	map04659	LOC107071037
pd	map04926	LOC107071037
pd	map04933	LOC107071037
pd	map05142	LOC107071037
pd	map05161	LOC107071037
pd	map05166	LOC107071037
pd	map05200	LOC107071037
pd	map05210	LOC107071037
pd	map05212	LOC107071037
pd	map05220	LOC107071037
pd	map05225	LOC107071037
pd	map05226	LOC107071037
pd	map05418	LOC107071037
pd	map05202	LOC107071047
pd	map04015	LOC107071048
pd	map04350	LOC107071048
pd	map04390	LOC107071048
pd	map04550	LOC107071048
pd	map05202	LOC107071048
pd	map00062	LOC107071049
pd	map01110	LOC107071049
pd	map00062	LOC107071050
pd	map01110	LOC107071050
pd	map00062	LOC107071054
pd	map01110	LOC107071054
pd	map03040	LOC107071055
pd	map04974	LOC107071056
pd	map00190	LOC107071057
pd	map01100	LOC107071057
pd	map04714	LOC107071057
pd	map04723	LOC107071057
pd	map04932	LOC107071057
pd	map05010	LOC107071057
pd	map05012	LOC107071057
pd	map05016	LOC107071057
pd	map04015	LOC107071058
pd	map04062	LOC107071058
pd	map04510	LOC107071058
pd	map04670	LOC107071058
pd	map04810	LOC107071058
pd	map05100	LOC107071058
pd	map03008	LOC107071060
pd	map00310	LOC107071065
pd	map04550	LOC107071065
pd	map00062	LOC107071066
pd	map01110	LOC107071066
pd	map00062	LOC107071067
pd	map01110	LOC107071067
pd	map00511	LOC107071069
pd	map00513	LOC107071069
pd	map01100	LOC107071069
pd	map04144	LOC107071073
pd	map00561	LOC107071075
pd	map00564	LOC107071075
pd	map01100	LOC107071075
pd	map01110	LOC107071075
pd	map04072	LOC107071075
pd	map00062	LOC107071080
pd	map01110	LOC107071080
pd	map04340	LOC107071084
pd	map04144	LOC107071089
pd	map04068	LOC107071091
pd	map04140	LOC107071091
pd	map04150	LOC107071091
pd	map04151	LOC107071091
pd	map04152	LOC107071091
pd	map04211	LOC107071091
pd	map04530	LOC107071091
pd	map04920	LOC107071091
pd	map05206	LOC107071101
pd	map00100	LOC107071104
pd	map04142	LOC107071104
pd	map04714	LOC107071104
pd	map04979	LOC107071104
pd	map01521	LOC107071109
pd	map04010	LOC107071109
pd	map04014	LOC107071109
pd	map04015	LOC107071109
pd	map04060	LOC107071109
pd	map04072	LOC107071109
pd	map04151	LOC107071109
pd	map04510	LOC107071109
pd	map04540	LOC107071109
pd	map04630	LOC107071109
pd	map04810	LOC107071109
pd	map04926	LOC107071109
pd	map04933	LOC107071109
pd	map05166	LOC107071109
pd	map05167	LOC107071109
pd	map05200	LOC107071109
pd	map05202	LOC107071109
pd	map05206	LOC107071109
pd	map05211	LOC107071109
pd	map05214	LOC107071109
pd	map05215	LOC107071109
pd	map05218	LOC107071109
pd	map05231	LOC107071109
pd	map05418	LOC107071109
pd	map00230	LOC107071111
pd	map00240	LOC107071111
pd	map01100	LOC107071111
pd	map03020	LOC107071111
pd	map04010	LOC107071115
pd	map04141	LOC107071118
pd	map05110	LOC107071118
pd	map03060	LOC107071123
pd	map04218	LOC107071124
pd	map04110	LOC107071126
pd	map03050	LOC107071127
pd	map04020	LOC107071127
pd	map04218	LOC107071127
pd	map04621	LOC107071127
pd	map05169	LOC107071127
pd	map04260	LOC107071139
pd	map04261	LOC107071139
pd	map05416	LOC107071139
pd	map04010	LOC107071140
pd	map04013	LOC107071140
pd	map04060	LOC107071140
pd	map04068	LOC107071140
pd	map04144	LOC107071140
pd	map04218	LOC107071140
pd	map04350	LOC107071140
pd	map04360	LOC107071140
pd	map04371	LOC107071140
pd	map04380	LOC107071140
pd	map04390	LOC107071140
pd	map04520	LOC107071140
pd	map04550	LOC107071140
pd	map04659	LOC107071140
pd	map04926	LOC107071140
pd	map04933	LOC107071140
pd	map05142	LOC107071140
pd	map05161	LOC107071140
pd	map05166	LOC107071140
pd	map05200	LOC107071140
pd	map05210	LOC107071140
pd	map05212	LOC107071140
pd	map05220	LOC107071140
pd	map05225	LOC107071140
pd	map05226	LOC107071140
pd	map05418	LOC107071140
pd	map00040	LOC107071141
pd	map00053	LOC107071141
pd	map00520	LOC107071141
pd	map01100	LOC107071141
pd	map04260	LOC107071143
pd	map04261	LOC107071143
pd	map05416	LOC107071143
pd	map01521	LOC107071153
pd	map01522	LOC107071153
pd	map01524	LOC107071153
pd	map04010	LOC107071153
pd	map04012	LOC107071153
pd	map04013	LOC107071153
pd	map04014	LOC107071153
pd	map04015	LOC107071153
pd	map04020	LOC107071153
pd	map04060	LOC107071153
pd	map04066	LOC107071153
pd	map04068	LOC107071153
pd	map04072	LOC107071153
pd	map04144	LOC107071153
pd	map04151	LOC107071153
pd	map04214	LOC107071153
pd	map04320	LOC107071153
pd	map04510	LOC107071153
pd	map04520	LOC107071153
pd	map04530	LOC107071153
pd	map04540	LOC107071153
pd	map04630	LOC107071153
pd	map04810	LOC107071153
pd	map04912	LOC107071153
pd	map04915	LOC107071153
pd	map04921	LOC107071153
pd	map04926	LOC107071153
pd	map04934	LOC107071153
pd	map05120	LOC107071153
pd	map05160	LOC107071153
pd	map05165	LOC107071153
pd	map05200	LOC107071153
pd	map05205	LOC107071153
pd	map05206	LOC107071153
pd	map05210	LOC107071153
pd	map05212	LOC107071153
pd	map05213	LOC107071153
pd	map05214	LOC107071153
pd	map05215	LOC107071153
pd	map05218	LOC107071153
pd	map05219	LOC107071153
pd	map05223	LOC107071153
pd	map05224	LOC107071153
pd	map05225	LOC107071153
pd	map05226	LOC107071153
pd	map05230	LOC107071153
pd	map05231	LOC107071153
pd	map04740	LOC107071155
pd	map03022	LOC107071165
pd	map05016	LOC107071165
pd	map05165	LOC107071165
pd	map05166	LOC107071165
pd	map05168	LOC107071165
pd	map05169	LOC107071165
pd	map05203	LOC107071165
pd	map04072	LOC107071173
pd	map04144	LOC107071173
pd	map04721	LOC107071173
pd	map04961	LOC107071173
pd	map05100	LOC107071173
pd	map03420	LOC107071177
pd	map00561	LOC107071180
pd	map00564	LOC107071180
pd	map01100	LOC107071180
pd	map01110	LOC107071180
pd	map04072	LOC107071180
pd	map04975	LOC107071180
pd	map04014	LOC107071182
pd	map04210	LOC107071182
pd	map04668	LOC107071182
pd	map04020	LOC107071184
pd	map04080	LOC107071184
pd	map04140	LOC107071184
pd	map04152	LOC107071184
pd	map04211	LOC107071184
pd	map04611	LOC107071184
pd	map04920	LOC107071184
pd	map04921	LOC107071184
pd	map05034	LOC107071184
pd	map04111	LOC107071186
pd	map00630	LOC107071196
pd	map00981	LOC107071196
pd	map01100	LOC107071196
pd	map01110	LOC107071196
pd	map01130	LOC107071196
pd	map01200	LOC107071196
pd	map00531	LOC107071197
pd	map01100	LOC107071197
pd	map04142	LOC107071197
pd	map04130	LOC107071208
pd	map04721	LOC107071208
pd	map04911	LOC107071208
pd	map05031	LOC107071208
pd	map04141	LOC107071214
pd	map04360	LOC107071215
pd	map04120	LOC107071220
pd	map03460	LOC107071223
pd	map03450	LOC107071226
pd	map04016	LOC107071228
pd	map04020	LOC107071237
pd	map04080	LOC107071237
pd	map04725	LOC107071237
pd	map05033	LOC107071237
pd	map05204	LOC107071237
pd	map04141	LOC107071238
pd	map04011	LOC107071240
pd	map04014	LOC107071240
pd	map04062	LOC107071240
pd	map04151	LOC107071240
pd	map04371	LOC107071240
pd	map04713	LOC107071240
pd	map04723	LOC107071240
pd	map04724	LOC107071240
pd	map04725	LOC107071240
pd	map04726	LOC107071240
pd	map04727	LOC107071240
pd	map04728	LOC107071240
pd	map04740	LOC107071240
pd	map04744	LOC107071240
pd	map04926	LOC107071240
pd	map05032	LOC107071240
pd	map05034	LOC107071240
pd	map05167	LOC107071240
pd	map05200	LOC107071240
pd	map03010	LOC107071245
pd	map05166	LOC107071246
pd	map04144	LOC107071248
pd	map04520	LOC107071249
pd	map04810	LOC107071249
pd	map00564	LOC107071250
pd	map04146	LOC107071250
pd	map04145	LOC107071251
pd	map04210	LOC107071251
pd	map04530	LOC107071251
pd	map04540	LOC107071251
pd	map05130	LOC107071251
pd	map04020	LOC107071254
pd	map04080	LOC107071254
pd	map04911	LOC107071254
pd	map04972	LOC107071254
pd	map04919	LOC107071255
pd	map04141	LOC107071256
pd	map04550	LOC107071257
pd	map04950	LOC107071257
pd	map03013	LOC107071266
pd	map00970	LOC107071273
pd	map04140	LOC107071276
pd	map04141	LOC107071276
pd	map04210	LOC107071276
pd	map04932	LOC107071276
pd	map05010	LOC107071276
pd	map03040	LOC107071277
pd	map05202	LOC107071277
pd	map05205	LOC107071277
pd	map04621	LOC107071284
pd	map04622	LOC107071284
pd	map04623	LOC107071284
pd	map03440	LOC107071286
pd	map04014	LOC107071290
pd	map04144	LOC107071290
pd	map04145	LOC107071290
pd	map04962	LOC107071290
pd	map05014	LOC107071290
pd	map05146	LOC107071290
pd	map05152	LOC107071290
pd	map01521	LOC107071291
pd	map03013	LOC107071291
pd	map04012	LOC107071291
pd	map04066	LOC107071291
pd	map04150	LOC107071291
pd	map04151	LOC107071291
pd	map04152	LOC107071291
pd	map04211	LOC107071291
pd	map04213	LOC107071291
pd	map04218	LOC107071291
pd	map04910	LOC107071291
pd	map05165	LOC107071291
pd	map05221	LOC107071291
pd	map05231	LOC107071291
pd	map04020	LOC107071294
pd	map04022	LOC107071294
pd	map04216	LOC107071294
pd	map04217	LOC107071294
pd	map04218	LOC107071294
pd	map04621	LOC107071294
pd	map04979	LOC107071294
pd	map05012	LOC107071294
pd	map05016	LOC107071294
pd	map05161	LOC107071294
pd	map05164	LOC107071294
pd	map05166	LOC107071294
pd	map05203	LOC107071294
pd	map00040	LOC107071295
pd	map00052	LOC107071295
pd	map00500	LOC107071295
pd	map00520	LOC107071295
pd	map01100	LOC107071295
pd	map01130	LOC107071295
pd	map03018	LOC107071296
pd	map02010	LOC107071298
pd	map00190	LOC107071304
pd	map01100	LOC107071304
pd	map04260	LOC107071304
pd	map04714	LOC107071304
pd	map04932	LOC107071304
pd	map05010	LOC107071304
pd	map05012	LOC107071304
pd	map05016	LOC107071304
pd	map04111	LOC107071305
pd	map04390	LOC107071305
pd	map04391	LOC107071305
pd	map04392	LOC107071305
pd	map05202	LOC107071307
pd	map00250	LOC107071319
pd	map00910	LOC107071319
pd	map01100	LOC107071319
pd	map01110	LOC107071319
pd	map01120	LOC107071319
pd	map01130	LOC107071319
pd	map01230	LOC107071319
pd	map04010	LOC107071321
pd	map04064	LOC107071321
pd	map04620	LOC107071321
pd	map04621	LOC107071321
pd	map04624	LOC107071321
pd	map04722	LOC107071321
pd	map05133	LOC107071321
pd	map05140	LOC107071321
pd	map05142	LOC107071321
pd	map05145	LOC107071321
pd	map05152	LOC107071321
pd	map05162	LOC107071321
pd	map05164	LOC107071321
pd	map03030	LOC107071325
pd	map03420	LOC107071325
pd	map03430	LOC107071325
pd	map04020	LOC107071329
pd	map04024	LOC107071329
pd	map04080	LOC107071329
pd	map04151	LOC107071329
pd	map04725	LOC107071329
pd	map04742	LOC107071329
pd	map04810	LOC107071329
pd	map04911	LOC107071329
pd	map04970	LOC107071329
pd	map04971	LOC107071329
pd	map04972	LOC107071329
pd	map00380	LOC107071331
pd	map01100	LOC107071331
pd	map03013	LOC107071334
pd	map04068	LOC107071336
pd	map04922	LOC107071336
pd	map05134	LOC107071340
pd	map04072	LOC107071342
pd	map04080	LOC107071342
pd	map04724	LOC107071342
pd	map05030	LOC107071342
pd	map04144	LOC107071343
pd	map00073	LOC107071346
pd	map04146	LOC107071346
pd	map04212	LOC107071346
pd	map00051	LOC107071350
pd	map00561	LOC107071350
pd	map00680	LOC107071350
pd	map01100	LOC107071350
pd	map01120	LOC107071350
pd	map01200	LOC107071350
pd	map04622	LOC107071350
pd	map03440	LOC107071351
pd	map03460	LOC107071351
pd	map03040	LOC107071352
pd	map04120	LOC107071352
pd	map04215	LOC107071352
pd	map05145	LOC107071352
pd	map05200	LOC107071352
pd	map05222	LOC107071352
pd	map00563	LOC107071353
pd	map01100	LOC107071353
pd	map04110	LOC107071353
pd	map04114	LOC107071353
pd	map04115	LOC107071353
pd	map04151	LOC107071353
pd	map04218	LOC107071353
pd	map04391	LOC107071353
pd	map04934	LOC107071353
pd	map05161	LOC107071353
pd	map05162	LOC107071353
pd	map05165	LOC107071353
pd	map05200	LOC107071353
pd	map05203	LOC107071353
pd	map05206	LOC107071353
pd	map05215	LOC107071353
pd	map05222	LOC107071353
pd	map05226	LOC107071353
pd	map04139	LOC107071354
pd	map04919	LOC107071354
pd	map05016	LOC107071354
pd	map05202	LOC107071354
pd	map00563	LOC107071356
pd	map01100	LOC107071356
pd	map04072	LOC107071359
pd	map04115	LOC107071359
pd	map04140	LOC107071359
pd	map04150	LOC107071359
pd	map04151	LOC107071359
pd	map04152	LOC107071359
pd	map04211	LOC107071359
pd	map04218	LOC107071359
pd	map04714	LOC107071359
pd	map04910	LOC107071359
pd	map04919	LOC107071359
pd	map05165	LOC107071359
pd	map05231	LOC107071359
pd	map00280	LOC107071361
pd	map01100	LOC107071361
pd	map03040	LOC107071362
pd	map04139	LOC107071362
pd	map05322	LOC107071362
pd	map04024	LOC107071365
pd	map04340	LOC107071365
pd	map04341	LOC107071365
pd	map04390	LOC107071365
pd	map05200	LOC107071365
pd	map05217	LOC107071365
pd	map01521	LOC107071367
pd	map01522	LOC107071367
pd	map04010	LOC107071367
pd	map04012	LOC107071367
pd	map04013	LOC107071367
pd	map04014	LOC107071367
pd	map04062	LOC107071367
pd	map04068	LOC107071367
pd	map04072	LOC107071367
pd	map04150	LOC107071367
pd	map04151	LOC107071367
pd	map04320	LOC107071367
pd	map04510	LOC107071367
pd	map04540	LOC107071367
pd	map04630	LOC107071367
pd	map04650	LOC107071367
pd	map04660	LOC107071367
pd	map04662	LOC107071367
pd	map04664	LOC107071367
pd	map04714	LOC107071367
pd	map04722	LOC107071367
pd	map04810	LOC107071367
pd	map04910	LOC107071367
pd	map04912	LOC107071367
pd	map04915	LOC107071367
pd	map04917	LOC107071367
pd	map04926	LOC107071367
pd	map05034	LOC107071367
pd	map05160	LOC107071367
pd	map05165	LOC107071367
pd	map05200	LOC107071367
pd	map05205	LOC107071367
pd	map05206	LOC107071367
pd	map05210	LOC107071367
pd	map05211	LOC107071367
pd	map05213	LOC107071367
pd	map05214	LOC107071367
pd	map05215	LOC107071367
pd	map05220	LOC107071367
pd	map05221	LOC107071367
pd	map05223	LOC107071367
pd	map05224	LOC107071367
pd	map05225	LOC107071367
pd	map05226	LOC107071367
pd	map05231	LOC107071367
pd	map00061	LOC107071370
pd	map01100	LOC107071370
pd	map01212	LOC107071370
pd	map04152	LOC107071370
pd	map04910	LOC107071370
pd	map04961	LOC107071371
pd	map04970	LOC107071371
pd	map04978	LOC107071371
pd	map04130	LOC107071380
pd	map03010	LOC107071389
pd	map03430	LOC107071391
pd	map03013	LOC107071393
pd	map04810	LOC107071393
pd	map00790	LOC107071396
pd	map01100	LOC107071396
pd	map01523	LOC107071396
pd	map00240	LOC107071397
pd	map00983	LOC107071397
pd	map01100	LOC107071397
pd	map00564	LOC107071398
pd	map04970	LOC107071400
pd	map04910	LOC107071401
pd	map03040	LOC107071403
pd	map00600	LOC107071405
pd	map01100	LOC107071405
pd	map04071	LOC107071405
pd	map05100	LOC107071406
pd	map03040	LOC107071409
pd	map04624	LOC107071413
pd	map00510	LOC107071415
pd	map01100	LOC107071415
pd	map00010	LOC107071416
pd	map00030	LOC107071416
pd	map00500	LOC107071416
pd	map00520	LOC107071416
pd	map01100	LOC107071416
pd	map01110	LOC107071416
pd	map01120	LOC107071416
pd	map01130	LOC107071416
pd	map01200	LOC107071416
pd	map04010	LOC107071425
pd	map04014	LOC107071425
pd	map04015	LOC107071425
pd	map04151	LOC107071425
pd	map04810	LOC107071425
pd	map05200	LOC107071425
pd	map05218	LOC107071425
pd	map05224	LOC107071425
pd	map05226	LOC107071425
pd	map03008	LOC107071427
pd	map04064	LOC107071427
pd	map04137	LOC107071427
pd	map04139	LOC107071427
pd	map04310	LOC107071427
pd	map04520	LOC107071427
pd	map04712	LOC107071427
pd	map05162	LOC107071427
pd	map05168	LOC107071427
pd	map05169	LOC107071427
pd	map00020	LOC107071428
pd	map00190	LOC107071428
pd	map01100	LOC107071428
pd	map01110	LOC107071428
pd	map01120	LOC107071428
pd	map01130	LOC107071428
pd	map01200	LOC107071428
pd	map04714	LOC107071428
pd	map04932	LOC107071428
pd	map05010	LOC107071428
pd	map05012	LOC107071428
pd	map05016	LOC107071428
pd	map03010	LOC107071439
pd	map03022	LOC107071440
pd	map03420	LOC107071440
pd	map04110	LOC107071440
pd	map05206	LOC107071441
pd	map01521	LOC107071442
pd	map04010	LOC107071442
pd	map04011	LOC107071442
pd	map04012	LOC107071442
pd	map04014	LOC107071442
pd	map04015	LOC107071442
pd	map04020	LOC107071442
pd	map04062	LOC107071442
pd	map04064	LOC107071442
pd	map04066	LOC107071442
pd	map04070	LOC107071442
pd	map04071	LOC107071442
pd	map04072	LOC107071442
pd	map04139	LOC107071442
pd	map04150	LOC107071442
pd	map04151	LOC107071442
pd	map04261	LOC107071442
pd	map04270	LOC107071442
pd	map04310	LOC107071442
pd	map04360	LOC107071442
pd	map04370	LOC107071442
pd	map04510	LOC107071442
pd	map04540	LOC107071442
pd	map04650	LOC107071442
pd	map04662	LOC107071442
pd	map04664	LOC107071442
pd	map04666	LOC107071442
pd	map04670	LOC107071442
pd	map04713	LOC107071442
pd	map04720	LOC107071442
pd	map04723	LOC107071442
pd	map04724	LOC107071442
pd	map04725	LOC107071442
pd	map04726	LOC107071442
pd	map04727	LOC107071442
pd	map04728	LOC107071442
pd	map04730	LOC107071442
pd	map04745	LOC107071442
pd	map04750	LOC107071442
pd	map04911	LOC107071442
pd	map04912	LOC107071442
pd	map04916	LOC107071442
pd	map04918	LOC107071442
pd	map04919	LOC107071442
pd	map04921	LOC107071442
pd	map04925	LOC107071442
pd	map04926	LOC107071442
pd	map04931	LOC107071442
pd	map04933	LOC107071442
pd	map04960	LOC107071442
pd	map04961	LOC107071442
pd	map04970	LOC107071442
pd	map04971	LOC107071442
pd	map04972	LOC107071442
pd	map04973	LOC107071442
pd	map05031	LOC107071442
pd	map05032	LOC107071442
pd	map05110	LOC107071442
pd	map05130	LOC107071442
pd	map05140	LOC107071442
pd	map05143	LOC107071442
pd	map05146	LOC107071442
pd	map05161	LOC107071442
pd	map05164	LOC107071442
pd	map05200	LOC107071442
pd	map05205	LOC107071442
pd	map05206	LOC107071442
pd	map05214	LOC107071442
pd	map05223	LOC107071442
pd	map05225	LOC107071442
pd	map05231	LOC107071442
pd	map04714	LOC107071445
pd	map04020	LOC107071446
pd	map04910	LOC107071446
pd	map04922	LOC107071446
pd	map04020	LOC107071447
pd	map04910	LOC107071447
pd	map04922	LOC107071447
pd	map04138	LOC107071453
pd	map00100	LOC107071456
pd	map00981	LOC107071456
pd	map01100	LOC107071456
pd	map05206	LOC107071456
pd	map05200	LOC107071457
pd	map05220	LOC107071457
pd	map04934	LOC107071458
pd	map00061	LOC107071460
pd	map01100	LOC107071460
pd	map01212	LOC107071460
pd	map04152	LOC107071460
pd	map04910	LOC107071460
pd	map00073	LOC107071461
pd	map04146	LOC107071461
pd	map04212	LOC107071461
pd	map04136	LOC107071464
pd	map04138	LOC107071464
pd	map04140	LOC107071464
pd	map04211	LOC107071464
pd	map00120	LOC107071465
pd	map01100	LOC107071465
pd	map03320	LOC107071465
pd	map04979	LOC107071465
pd	map03008	LOC107071466
pd	map03008	LOC107071467
pd	map00310	LOC107071469
pd	map04151	LOC107071473
pd	map04218	LOC107071473
pd	map05166	LOC107071473
pd	map00860	LOC107071475
pd	map00970	LOC107071475
pd	map01100	LOC107071475
pd	map01110	LOC107071475
pd	map01120	LOC107071475
pd	map04150	LOC107071476
pd	map04310	LOC107071476
pd	map04360	LOC107071476
pd	map04390	LOC107071476
pd	map04550	LOC107071476
pd	map04916	LOC107071476
pd	map04919	LOC107071476
pd	map04934	LOC107071476
pd	map05165	LOC107071476
pd	map05166	LOC107071476
pd	map05200	LOC107071476
pd	map05205	LOC107071476
pd	map05217	LOC107071476
pd	map05224	LOC107071476
pd	map05225	LOC107071476
pd	map05226	LOC107071476
pd	map03013	LOC107071477
pd	map04115	LOC107071478
pd	map04120	LOC107071478
pd	map05162	LOC107071478
pd	map04218	LOC107071479
pd	map04142	LOC107071481
pd	map04979	LOC107071481
pd	map00073	LOC107071486
pd	map04146	LOC107071486
pd	map04212	LOC107071486
pd	map00073	LOC107071487
pd	map04146	LOC107071487
pd	map04212	LOC107071487
pd	map03040	LOC107071488
pd	map03013	LOC107071489
pd	map03013	LOC107071491
pd	map03015	LOC107071491
pd	map03008	LOC107071494
pd	map03040	LOC107071502
pd	map00511	LOC107071503
pd	map04144	LOC107071506
pd	map04024	LOC107071507
pd	map04080	LOC107071507
pd	map04727	LOC107071507
pd	map04742	LOC107071507
pd	map04915	LOC107071507
pd	map05032	LOC107071507
pd	map03013	LOC107071513
pd	map03018	LOC107071516
pd	map03018	LOC107071520
pd	map04360	LOC107071521
pd	map00514	LOC107071522
pd	map04068	LOC107071524
pd	map04724	LOC107071524
pd	map03013	LOC107071529
pd	map03015	LOC107071529
pd	map04142	LOC107071530
pd	map03013	LOC107071531
pd	map04141	LOC107071544
pd	map04151	LOC107071544
pd	map04626	LOC107071544
pd	map04657	LOC107071544
pd	map04915	LOC107071544
pd	map04918	LOC107071544
pd	map05200	LOC107071544
pd	map05215	LOC107071544
pd	map05418	LOC107071544
pd	map00760	LOC107071554
pd	map01100	LOC107071554
pd	map00520	LOC107071556
pd	map01100	LOC107071556
pd	map01524	LOC107071559
pd	map03430	LOC107071559
pd	map05200	LOC107071559
pd	map05210	LOC107071559
pd	map04146	LOC107071562
pd	map00310	LOC107071563
pd	map00920	LOC107071568
pd	map04141	LOC107071570
pd	map00190	LOC107071572
pd	map01100	LOC107071572
pd	map04714	LOC107071572
pd	map04723	LOC107071572
pd	map04932	LOC107071572
pd	map05010	LOC107071572
pd	map05012	LOC107071572
pd	map05016	LOC107071572
pd	map05202	LOC107071578
pd	map03060	LOC107071584
pd	map00030	LOC107071585
pd	map00053	LOC107071585
pd	map00930	LOC107071585
pd	map01100	LOC107071585
pd	map01110	LOC107071585
pd	map01120	LOC107071585
pd	map01130	LOC107071585
pd	map01200	LOC107071585
pd	map01220	LOC107071585
pd	map00010	LOC107071586
pd	map00020	LOC107071586
pd	map00620	LOC107071586
pd	map01100	LOC107071586
pd	map01110	LOC107071586
pd	map01120	LOC107071586
pd	map01130	LOC107071586
pd	map01200	LOC107071586
pd	map04010	LOC107071587
pd	map04011	LOC107071587
pd	map04012	LOC107071587
pd	map04014	LOC107071587
pd	map04024	LOC107071587
pd	map04062	LOC107071587
pd	map04360	LOC107071587
pd	map04392	LOC107071587
pd	map04510	LOC107071587
pd	map04650	LOC107071587
pd	map04660	LOC107071587
pd	map04666	LOC107071587
pd	map04810	LOC107071587
pd	map05120	LOC107071587
pd	map05205	LOC107071587
pd	map05211	LOC107071587
pd	map03060	LOC107071590
pd	map04141	LOC107071590
pd	map04145	LOC107071590
pd	map05110	LOC107071590
pd	map03013	LOC107071592
pd	map00220	LOC107071594
pd	map01100	LOC107071594
pd	map01110	LOC107071594
pd	map01130	LOC107071594
pd	map01210	LOC107071594
pd	map01230	LOC107071594
pd	map03013	LOC107071596
pd	map04150	LOC107071596
pd	map04151	LOC107071596
pd	map05205	LOC107071596
pd	map05206	LOC107071599
pd	map04080	LOC107071602
pd	map04972	LOC107071602
pd	map04974	LOC107071602
pd	map05164	LOC107071602
pd	map03030	LOC107071606
pd	map04110	LOC107071606
pd	map04111	LOC107071606
pd	map04113	LOC107071606
pd	map04391	LOC107071609
pd	map00061	LOC107071612
pd	map00780	LOC107071612
pd	map01100	LOC107071612
pd	map01212	LOC107071612
pd	map05012	LOC107071613
pd	map04974	LOC107071614
pd	map05206	LOC107071615
pd	map00220	LOC107071617
pd	map00330	LOC107071617
pd	map01100	LOC107071617
pd	map01110	LOC107071617
pd	map04020	LOC107071617
pd	map04022	LOC107071617
pd	map04066	LOC107071617
pd	map04071	LOC107071617
pd	map04145	LOC107071617
pd	map04146	LOC107071617
pd	map04151	LOC107071617
pd	map04370	LOC107071617
pd	map04371	LOC107071617
pd	map04611	LOC107071617
pd	map04713	LOC107071617
pd	map04730	LOC107071617
pd	map04915	LOC107071617
pd	map04921	LOC107071617
pd	map04926	LOC107071617
pd	map04931	LOC107071617
pd	map04933	LOC107071617
pd	map04970	LOC107071617
pd	map05010	LOC107071617
pd	map05014	LOC107071617
pd	map05132	LOC107071617
pd	map05133	LOC107071617
pd	map05140	LOC107071617
pd	map05142	LOC107071617
pd	map05145	LOC107071617
pd	map05146	LOC107071617
pd	map05152	LOC107071617
pd	map05200	LOC107071617
pd	map05222	LOC107071617
pd	map05418	LOC107071617
pd	map04550	LOC107071618
pd	map00020	LOC107071619
pd	map00190	LOC107071619
pd	map01100	LOC107071619
pd	map01110	LOC107071619
pd	map01120	LOC107071619
pd	map01130	LOC107071619
pd	map01200	LOC107071619
pd	map04714	LOC107071619
pd	map04932	LOC107071619
pd	map05010	LOC107071619
pd	map05012	LOC107071619
pd	map05016	LOC107071619
pd	map00603	LOC107071620
pd	map04142	LOC107071620
pd	map00561	LOC107071621
pd	map01100	LOC107071621
pd	map03320	LOC107071621
pd	map04626	LOC107071621
pd	map00510	LOC107071622
pd	map00513	LOC107071622
pd	map01100	LOC107071622
pd	map04141	LOC107071622
pd	map00190	LOC107071625
pd	map01100	LOC107071625
pd	map04714	LOC107071625
pd	map04723	LOC107071625
pd	map04932	LOC107071625
pd	map05010	LOC107071625
pd	map05012	LOC107071625
pd	map05016	LOC107071625
pd	map00563	LOC107071626
pd	map01100	LOC107071626
pd	map04144	LOC107071629
pd	map04110	LOC107071636
pd	map04350	LOC107071636
pd	map00830	LOC107071637
pd	map01100	LOC107071637
pd	map04013	LOC107071637
pd	map04115	LOC107071637
pd	map04120	LOC107071637
pd	map04310	LOC107071637
pd	map00740	LOC107071639
pd	map01100	LOC107071639
pd	map04142	LOC107071639
pd	map00061	LOC107071640
pd	map00071	LOC107071640
pd	map01100	LOC107071640
pd	map01212	LOC107071640
pd	map03320	LOC107071640
pd	map04920	LOC107071640
pd	map04137	LOC107071641
pd	map04139	LOC107071641
pd	map05164	LOC107071641
pd	map04012	LOC107071642
pd	map04360	LOC107071642
pd	map04660	LOC107071642
pd	map05130	LOC107071642
pd	map04142	LOC107071645
pd	map00280	LOC107071649
pd	map01100	LOC107071649
pd	map04142	LOC107071651
pd	map04216	LOC107071651
pd	map04978	LOC107071651
pd	map04391	LOC107071652
pd	map04621	LOC107071652
pd	map04512	LOC107071655
pd	map04610	LOC107071656
pd	map04640	LOC107071656
pd	map04111	LOC107071658
pd	map04390	LOC107071658
pd	map04391	LOC107071658
pd	map04392	LOC107071658
pd	map00970	LOC107071660
pd	map05202	LOC107071664
pd	map05202	LOC107071665
pd	map05202	LOC107071667
pd	map04114	LOC107071668
pd	map04320	LOC107071668
pd	map04914	LOC107071668
pd	map04080	LOC107071673
pd	map00480	LOC107071679
pd	map01100	LOC107071679
pd	map04614	LOC107071679
pd	map04640	LOC107071679
pd	map00480	LOC107071681
pd	map01100	LOC107071681
pd	map04614	LOC107071681
pd	map04640	LOC107071681
pd	map03010	LOC107071688
pd	map04022	LOC107071689
pd	map04024	LOC107071689
pd	map04270	LOC107071689
pd	map04510	LOC107071689
pd	map04530	LOC107071689
pd	map04611	LOC107071689
pd	map04670	LOC107071689
pd	map04810	LOC107071689
pd	map04921	LOC107071689
pd	map00910	LOC107071691
pd	map04622	LOC107071693
pd	map05161	LOC107071693
pd	map05203	LOC107071693
pd	map04622	LOC107071694
pd	map05161	LOC107071694
pd	map05203	LOC107071694
pd	map05205	LOC107071697
pd	map05206	LOC107071697
pd	map04360	LOC107071701
pd	map04514	LOC107071701
pd	map04141	LOC107071702
pd	map05164	LOC107071702
pd	map03010	LOC107071703
pd	map00350	LOC107071704
pd	map01100	LOC107071704
pd	map00280	LOC107071705
pd	map01100	LOC107071705
pd	map04360	LOC107071712
pd	map04010	LOC107071716
pd	map04020	LOC107071716
pd	map04022	LOC107071716
pd	map04114	LOC107071716
pd	map04218	LOC107071716
pd	map04310	LOC107071716
pd	map04360	LOC107071716
pd	map04370	LOC107071716
pd	map04380	LOC107071716
pd	map04650	LOC107071716
pd	map04658	LOC107071716
pd	map04659	LOC107071716
pd	map04660	LOC107071716
pd	map04662	LOC107071716
pd	map04720	LOC107071716
pd	map04724	LOC107071716
pd	map04728	LOC107071716
pd	map04921	LOC107071716
pd	map04922	LOC107071716
pd	map04924	LOC107071716
pd	map05010	LOC107071716
pd	map05014	LOC107071716
pd	map05031	LOC107071716
pd	map05152	LOC107071716
pd	map05166	LOC107071716
pd	map05167	LOC107071716
pd	map04070	LOC107071719
pd	map04144	LOC107071720
pd	map04360	LOC107071724
pd	map04137	LOC107071728
pd	map05012	LOC107071728
pd	map00561	LOC107071729
pd	map01100	LOC107071729
pd	map04714	LOC107071729
pd	map04923	LOC107071729
pd	map04150	LOC107071731
pd	map04310	LOC107071731
pd	map04390	LOC107071731
pd	map04550	LOC107071731
pd	map04916	LOC107071731
pd	map04934	LOC107071731
pd	map05165	LOC107071731
pd	map05166	LOC107071731
pd	map05200	LOC107071731
pd	map05205	LOC107071731
pd	map05217	LOC107071731
pd	map05224	LOC107071731
pd	map05225	LOC107071731
pd	map05226	LOC107071731
pd	map00240	LOC107071733
pd	map00983	LOC107071733
pd	map01100	LOC107071733
pd	map03040	LOC107071734
pd	map04110	LOC107071735
pd	map04111	LOC107071735
pd	map04113	LOC107071735
pd	map04115	LOC107071735
pd	map04218	LOC107071735
pd	map05166	LOC107071735
pd	map05203	LOC107071735
pd	map04530	LOC107071739
pd	map05100	LOC107071739
pd	map05130	LOC107071739
pd	map05131	LOC107071739
pd	map05205	LOC107071739
pd	map00564	LOC107071740
pd	map04145	LOC107071742
pd	map04151	LOC107071742
pd	map04510	LOC107071742
pd	map04512	LOC107071742
pd	map05144	LOC107071742
pd	map05165	LOC107071742
pd	map04310	LOC107071751
pd	map05200	LOC107071751
pd	map05224	LOC107071751
pd	map05225	LOC107071751
pd	map05226	LOC107071751
pd	map03010	LOC107071752
pd	map04340	LOC107071752
pd	map04341	LOC107071752
pd	map04140	LOC107071753
pd	map04068	LOC107071760
pd	map04110	LOC107071760
pd	map04120	LOC107071760
pd	map04150	LOC107071760
pd	map05168	LOC107071760
pd	map05169	LOC107071760
pd	map05200	LOC107071760
pd	map05203	LOC107071760
pd	map05222	LOC107071760
pd	map04624	LOC107071762
pd	map04010	LOC107071768
pd	map04013	LOC107071768
pd	map04064	LOC107071768
pd	map04120	LOC107071768
pd	map04140	LOC107071768
pd	map04144	LOC107071768
pd	map04214	LOC107071768
pd	map04380	LOC107071768
pd	map04620	LOC107071768
pd	map04621	LOC107071768
pd	map04622	LOC107071768
pd	map04657	LOC107071768
pd	map04722	LOC107071768
pd	map05133	LOC107071768
pd	map05140	LOC107071768
pd	map05142	LOC107071768
pd	map05145	LOC107071768
pd	map05152	LOC107071768
pd	map05160	LOC107071768
pd	map05162	LOC107071768
pd	map05168	LOC107071768
pd	map05169	LOC107071768
pd	map05200	LOC107071768
pd	map05222	LOC107071768
pd	map00140	LOC107071769
pd	map00514	LOC107071770
pd	map04931	LOC107071770
pd	map00230	LOC107071771
pd	map00240	LOC107071771
pd	map00983	LOC107071771
pd	map01100	LOC107071771
pd	map01110	LOC107071771
pd	map01130	LOC107071771
pd	map04016	LOC107071771
pd	map04142	LOC107071772
pd	map04013	LOC107071774
pd	map04120	LOC107071775
pd	map04011	LOC107071778
pd	map04013	LOC107071778
pd	map04110	LOC107071778
pd	map04114	LOC107071778
pd	map04151	LOC107071778
pd	map04212	LOC107071778
pd	map04390	LOC107071778
pd	map04391	LOC107071778
pd	map04722	LOC107071778
pd	map05161	LOC107071778
pd	map05169	LOC107071778
pd	map05203	LOC107071778
pd	map00590	LOC107071780
pd	map01100	LOC107071780
pd	map00510	LOC107071782
pd	map01100	LOC107071782
pd	map04141	LOC107071782
pd	map04068	LOC107071784
pd	map04110	LOC107071784
pd	map04120	LOC107071784
pd	map04150	LOC107071784
pd	map05168	LOC107071784
pd	map05169	LOC107071784
pd	map05200	LOC107071784
pd	map05203	LOC107071784
pd	map05222	LOC107071784
pd	map04970	LOC107071785
pd	map04971	LOC107071785
pd	map04972	LOC107071785
pd	map04976	LOC107071785
pd	map04114	LOC107071787
pd	map04810	LOC107071787
pd	map04914	LOC107071787
pd	map03018	LOC107071788
pd	map03040	LOC107071788
pd	map00561	LOC107071790
pd	map00564	LOC107071790
pd	map01100	LOC107071790
pd	map01110	LOC107071790
pd	map00601	LOC107071793
pd	map00603	LOC107071793
pd	map01100	LOC107071793
pd	map01040	LOC107071795
pd	map01212	LOC107071795
pd	map03320	LOC107071795
pd	map04152	LOC107071795
pd	map04212	LOC107071795
pd	map03018	LOC107071797
pd	map03040	LOC107071797
pd	map04210	LOC107071798
pd	map04215	LOC107071798
pd	map04512	LOC107071798
pd	map04611	LOC107071798
pd	map04640	LOC107071798
pd	map05012	LOC107071798
pd	map05100	LOC107071798
pd	map05146	LOC107071802
pd	map00260	LOC107071807
pd	map00620	LOC107071807
pd	map00630	LOC107071807
pd	map00670	LOC107071807
pd	map01100	LOC107071807
pd	map01110	LOC107071807
pd	map01120	LOC107071807
pd	map00510	LOC107071809
pd	map00513	LOC107071809
pd	map01100	LOC107071809
pd	map04022	LOC107071811
pd	map04024	LOC107071811
pd	map04151	LOC107071811
pd	map04152	LOC107071811
pd	map04211	LOC107071811
pd	map04261	LOC107071811
pd	map04668	LOC107071811
pd	map04714	LOC107071811
pd	map04725	LOC107071811
pd	map04728	LOC107071811
pd	map04911	LOC107071811
pd	map04915	LOC107071811
pd	map04916	LOC107071811
pd	map04918	LOC107071811
pd	map04922	LOC107071811
pd	map04925	LOC107071811
pd	map04926	LOC107071811
pd	map04927	LOC107071811
pd	map04931	LOC107071811
pd	map04934	LOC107071811
pd	map04962	LOC107071811
pd	map05016	LOC107071811
pd	map05030	LOC107071811
pd	map05031	LOC107071811
pd	map05034	LOC107071811
pd	map05161	LOC107071811
pd	map05165	LOC107071811
pd	map05203	LOC107071811
pd	map05215	LOC107071811
pd	map03010	LOC107071814
pd	map00230	LOC107071815
pd	map00240	LOC107071815
pd	map01100	LOC107071815
pd	map03030	LOC107071815
pd	map03410	LOC107071815
pd	map03420	LOC107071815
pd	map03430	LOC107071815
pd	map03440	LOC107071815
pd	map05166	LOC107071815
pd	map04111	LOC107071816
pd	map00190	LOC107071818
pd	map01100	LOC107071818
pd	map02020	LOC107071818
pd	map04260	LOC107071818
pd	map04714	LOC107071818
pd	map04932	LOC107071818
pd	map05010	LOC107071818
pd	map05012	LOC107071818
pd	map05016	LOC107071818
pd	map03420	LOC107071820
pd	map03460	LOC107071820
pd	map00073	LOC107071826
pd	map04146	LOC107071826
pd	map04212	LOC107071826
pd	map00073	LOC107071827
pd	map04146	LOC107071827
pd	map04212	LOC107071827
pd	map04927	LOC107071829
pd	map04934	LOC107071829
pd	map05202	LOC107071829
pd	map04144	LOC107071839
pd	map04721	LOC107071839
pd	map04961	LOC107071839
pd	map05016	LOC107071839
pd	map00310	LOC107071844
pd	map04550	LOC107071845
pd	map05202	LOC107071845
pd	map05206	LOC107071845
pd	map05202	LOC107071848
pd	map04144	LOC107071849
pd	map04217	LOC107071849
pd	map04010	LOC107071850
pd	map04020	LOC107071850
pd	map04721	LOC107071850
pd	map04723	LOC107071850
pd	map04725	LOC107071850
pd	map04726	LOC107071850
pd	map04727	LOC107071850
pd	map04728	LOC107071850
pd	map04930	LOC107071850
pd	map05032	LOC107071850
pd	map05033	LOC107071850
pd	map00190	LOC107071851
pd	map01100	LOC107071851
pd	map04260	LOC107071851
pd	map04714	LOC107071851
pd	map04932	LOC107071851
pd	map05010	LOC107071851
pd	map05012	LOC107071851
pd	map05016	LOC107071851
pd	map04120	LOC107071852
pd	map04141	LOC107071852
pd	map05012	LOC107071852
pd	map00240	LOC107071853
pd	map00983	LOC107071853
pd	map01100	LOC107071853
pd	map00511	LOC107071856
pd	map04550	LOC107071858
pd	map05202	LOC107071858
pd	map05206	LOC107071858
pd	map03050	LOC107071861
pd	map05202	LOC107071863
pd	map04142	LOC107071864
pd	map00563	LOC107071865
pd	map01100	LOC107071865
pd	map04260	LOC107071866
pd	map04261	LOC107071866
pd	map04530	LOC107071866
pd	map05416	LOC107071866
pd	map05202	LOC107071870
pd	map05211	LOC107071870
pd	map04146	LOC107071875
pd	map04621	LOC107071875
pd	map04013	LOC107071877
pd	map03018	LOC107071879
pd	map00190	LOC107071882
pd	map01100	LOC107071882
pd	map04714	LOC107071882
pd	map04723	LOC107071882
pd	map04932	LOC107071882
pd	map05010	LOC107071882
pd	map05012	LOC107071882
pd	map05016	LOC107071882
pd	map04015	LOC107071883
pd	map04510	LOC107071883
pd	map04722	LOC107071883
pd	map04910	LOC107071883
pd	map05211	LOC107071883
pd	map00020	LOC107071889
pd	map00190	LOC107071889
pd	map01100	LOC107071889
pd	map01110	LOC107071889
pd	map01120	LOC107071889
pd	map01130	LOC107071889
pd	map01200	LOC107071889
pd	map04714	LOC107071889
pd	map04932	LOC107071889
pd	map05010	LOC107071889
pd	map05012	LOC107071889
pd	map05016	LOC107071889
pd	map00020	LOC107071890
pd	map00190	LOC107071890
pd	map01100	LOC107071890
pd	map01110	LOC107071890
pd	map01120	LOC107071890
pd	map01130	LOC107071890
pd	map01200	LOC107071890
pd	map04714	LOC107071890
pd	map04932	LOC107071890
pd	map05010	LOC107071890
pd	map05012	LOC107071890
pd	map05016	LOC107071890
pd	map04138	LOC107071891
pd	map03010	LOC107071892
pd	map03040	LOC107071893
pd	map00310	LOC107071895
pd	map04218	LOC107071896
pd	map01524	LOC107071897
pd	map03440	LOC107071897
pd	map04064	LOC107071897
pd	map04068	LOC107071897
pd	map04110	LOC107071897
pd	map04115	LOC107071897
pd	map04210	LOC107071897
pd	map04214	LOC107071897
pd	map04218	LOC107071897
pd	map05165	LOC107071897
pd	map05166	LOC107071897
pd	map05202	LOC107071897
pd	map05206	LOC107071897
pd	map00230	LOC107071898
pd	map00240	LOC107071898
pd	map01100	LOC107071898
pd	map03020	LOC107071898
pd	map04623	LOC107071898
pd	map05016	LOC107071898
pd	map05169	LOC107071898
pd	map04144	LOC107071902
pd	map04080	LOC107071904
pd	map04912	LOC107071904
pd	map03013	LOC107071906
pd	map04150	LOC107071906
pd	map04621	LOC107071908
pd	map01523	LOC107071910
pd	map02010	LOC107071910
pd	map04024	LOC107071910
pd	map04976	LOC107071910
pd	map01523	LOC107071911
pd	map02010	LOC107071911
pd	map04024	LOC107071911
pd	map04976	LOC107071911
pd	map03013	LOC107071912
pd	map03015	LOC107071912
pd	map04962	LOC107071913
pd	map04976	LOC107071913
pd	map04514	LOC107071914
pd	map04013	LOC107071915
pd	map04060	LOC107071915
pd	map04214	LOC107071915
pd	map04391	LOC107071915
pd	map04672	LOC107071915
pd	map05323	LOC107071915
pd	map04015	LOC107071918
pd	map04520	LOC107071918
pd	map04670	LOC107071918
pd	map04130	LOC107071924
pd	map04145	LOC107071924
pd	map03022	LOC107071927
pd	map05168	LOC107071927
pd	map03460	LOC107071928
pd	map04330	LOC107071928
pd	map04950	LOC107071928
pd	map05165	LOC107071928
pd	map05200	LOC107071928
pd	map05224	LOC107071928
pd	map04068	LOC107071929
pd	map04110	LOC107071929
pd	map04114	LOC107071929
pd	map04914	LOC107071929
pd	map04974	LOC107071934
pd	map04978	LOC107071934
pd	map00564	LOC107071936
pd	map00565	LOC107071936
pd	map01100	LOC107071936
pd	map00071	LOC107071937
pd	map01212	LOC107071937
pd	map03320	LOC107071937
pd	map04152	LOC107071937
pd	map04714	LOC107071937
pd	map04920	LOC107071937
pd	map04922	LOC107071937
pd	map04931	LOC107071937
pd	map03440	LOC107071939
pd	map03460	LOC107071939
pd	map00564	LOC107071940
pd	map01100	LOC107071940
pd	map00970	LOC107071945
pd	map00970	LOC107071948
pd	map04068	LOC107071949
pd	map05202	LOC107071949
pd	map04360	LOC107071950
pd	map04015	LOC107071954
pd	map04510	LOC107071954
pd	map04611	LOC107071954
pd	map05166	LOC107071954
pd	map00270	LOC107071955
pd	map00330	LOC107071955
pd	map00410	LOC107071955
pd	map00480	LOC107071955
pd	map01100	LOC107071955
pd	map00061	LOC107071956
pd	map00071	LOC107071956
pd	map01100	LOC107071956
pd	map01212	LOC107071956
pd	map02024	LOC107071956
pd	map03320	LOC107071956
pd	map04146	LOC107071956
pd	map04216	LOC107071956
pd	map04714	LOC107071956
pd	map04920	LOC107071956
pd	map04975	LOC107071958
pd	map04141	LOC107071960
pd	map04130	LOC107071961
pd	map04138	LOC107071961
pd	map00563	LOC107071964
pd	map01100	LOC107071964
pd	map05120	LOC107071965
pd	map03320	LOC107071974
pd	map04714	LOC107071975
pd	map05225	LOC107071975
pd	map04142	LOC107071976
pd	map04514	LOC107071977
pd	map04810	LOC107071983
pd	map00230	LOC107071985
pd	map01100	LOC107071985
pd	map04621	LOC107071985
pd	map03008	LOC107071988
pd	map04130	LOC107071994
pd	map00500	LOC107071995
pd	map01100	LOC107071995
pd	map04973	LOC107071995
pd	map00512	LOC107071997
pd	map01100	LOC107071997
pd	map00564	LOC107071999
pd	map00565	LOC107071999
pd	map01100	LOC107071999
pd	map01110	LOC107071999
pd	map04014	LOC107071999
pd	map04024	LOC107071999
pd	map04071	LOC107071999
pd	map04072	LOC107071999
pd	map04144	LOC107071999
pd	map04666	LOC107071999
pd	map04724	LOC107071999
pd	map04912	LOC107071999
pd	map05231	LOC107071999
pd	map00515	LOC107072000
pd	map01100	LOC107072000
pd	map03008	LOC107072002
pd	map00053	LOC107072004
pd	map00562	LOC107072004
pd	map04013	LOC107072012
pd	map00310	LOC107072013
pd	map04934	LOC107072013
pd	map05202	LOC107072013
pd	map04142	LOC107072015
pd	map04013	LOC107072016
pd	map05200	LOC107072016
pd	map05223	LOC107072016
pd	map04060	LOC107072020
pd	map04657	LOC107072020
pd	map00561	LOC107072026
pd	map01100	LOC107072026
pd	map03320	LOC107072026
pd	map04626	LOC107072026
pd	map03050	LOC107072027
pd	map05169	LOC107072027
pd	map04010	LOC107072029
pd	map00280	LOC107072030
pd	map01100	LOC107072030
pd	map01110	LOC107072030
pd	map01130	LOC107072030
pd	map05010	LOC107072030
pd	map04141	LOC107072037
pd	map04210	LOC107072037
pd	map04217	LOC107072037
pd	map04218	LOC107072037
pd	map04510	LOC107072037
pd	map05010	LOC107072037
pd	map04141	LOC107072038
pd	map04210	LOC107072038
pd	map04217	LOC107072038
pd	map04218	LOC107072038
pd	map04510	LOC107072038
pd	map05010	LOC107072038
pd	map00561	LOC107072049
pd	map01100	LOC107072049
pd	map04972	LOC107072049
pd	map04975	LOC107072049
pd	map00561	LOC107072050
pd	map01100	LOC107072050
pd	map04972	LOC107072050
pd	map04975	LOC107072050
pd	map03008	LOC107072053
pd	map00562	LOC107072054
pd	map01100	LOC107072054
pd	map04070	LOC107072054
pd	map04138	LOC107072054
pd	map03015	LOC107072060
pd	map04022	LOC107072060
pd	map04024	LOC107072060
pd	map04113	LOC107072060
pd	map04114	LOC107072060
pd	map04218	LOC107072060
pd	map04261	LOC107072060
pd	map04270	LOC107072060
pd	map04390	LOC107072060
pd	map04510	LOC107072060
pd	map04611	LOC107072060
pd	map04720	LOC107072060
pd	map04728	LOC107072060
pd	map04750	LOC107072060
pd	map04810	LOC107072060
pd	map04910	LOC107072060
pd	map04921	LOC107072060
pd	map04931	LOC107072060
pd	map05031	LOC107072060
pd	map05034	LOC107072060
pd	map05168	LOC107072060
pd	map05205	LOC107072060
pd	map05166	LOC107072061
pd	map05203	LOC107072061
pd	map04141	LOC107072065
pd	map04120	LOC107072066
pd	map00563	LOC107072067
pd	map01100	LOC107072067
pd	map04141	LOC107072070
pd	map05164	LOC107072070
pd	map04621	LOC107072071
pd	map05418	LOC107072071
pd	map00310	LOC107072074
pd	map00514	LOC107072074
pd	map00310	LOC107072075
pd	map00514	LOC107072075
pd	map03018	LOC107072078
pd	map00052	LOC107072081
pd	map00520	LOC107072081
pd	map01100	LOC107072081
pd	map00532	LOC107072083
pd	map00534	LOC107072083
pd	map01100	LOC107072083
pd	map00561	LOC107072086
pd	map01100	LOC107072086
pd	map01524	LOC107072088
pd	map03420	LOC107072088
pd	map03460	LOC107072088
pd	map00380	LOC107072094
pd	map00450	LOC107072094
pd	map01100	LOC107072094
pd	map05204	LOC107072094
pd	map03008	LOC107072097
pd	map04721	LOC107072099
pd	map00220	LOC107072100
pd	map00250	LOC107072100
pd	map01100	LOC107072100
pd	map01110	LOC107072100
pd	map01130	LOC107072100
pd	map01230	LOC107072100
pd	map05418	LOC107072100
pd	map04142	LOC107072102
pd	map04110	LOC107072104
pd	map04914	LOC107072104
pd	map05203	LOC107072104
pd	map00062	LOC107072106
pd	map01100	LOC107072106
pd	map01212	LOC107072106
pd	map04142	LOC107072106
pd	map04024	LOC107072107
pd	map04340	LOC107072107
pd	map04341	LOC107072107
pd	map04360	LOC107072107
pd	map05200	LOC107072107
pd	map05205	LOC107072107
pd	map05217	LOC107072107
pd	map03050	LOC107072108
pd	map05169	LOC107072108
pd	map04714	LOC107072117
pd	map05225	LOC107072117
pd	map04015	LOC107072120
pd	map04145	LOC107072120
pd	map04151	LOC107072120
pd	map04360	LOC107072120
pd	map04510	LOC107072120
pd	map04512	LOC107072120
pd	map04514	LOC107072120
pd	map04530	LOC107072120
pd	map04611	LOC107072120
pd	map04670	LOC107072120
pd	map04810	LOC107072120
pd	map05100	LOC107072120
pd	map05130	LOC107072120
pd	map05131	LOC107072120
pd	map05133	LOC107072120
pd	map05140	LOC107072120
pd	map05145	LOC107072120
pd	map05165	LOC107072120
pd	map05200	LOC107072120
pd	map05205	LOC107072120
pd	map05222	LOC107072120
pd	map05410	LOC107072120
pd	map05412	LOC107072120
pd	map05414	LOC107072120
pd	map04120	LOC107072121
pd	map04137	LOC107072122
pd	map04214	LOC107072122
pd	map04621	LOC107072122
pd	map04962	LOC107072131
pd	map04976	LOC107072131
pd	map00830	LOC107072132
pd	map01100	LOC107072132
pd	map04962	LOC107072138
pd	map04970	LOC107072138
pd	map04976	LOC107072138
pd	map04919	LOC107072140
pd	map04921	LOC107072140
pd	map05167	LOC107072140
pd	map03040	LOC107072146
pd	map05168	LOC107072146
pd	map00564	LOC107072150
pd	map00983	LOC107072150
pd	map01100	LOC107072150
pd	map04514	LOC107072150
pd	map04725	LOC107072150
pd	map03015	LOC107072151
pd	map00230	LOC107072155
pd	map00240	LOC107072155
pd	map01100	LOC107072155
pd	map03030	LOC107072155
pd	map00270	LOC107072157
pd	map00280	LOC107072157
pd	map00290	LOC107072157
pd	map00770	LOC107072157
pd	map01100	LOC107072157
pd	map01110	LOC107072157
pd	map01130	LOC107072157
pd	map01210	LOC107072157
pd	map01230	LOC107072157
pd	map04141	LOC107072159
pd	map00531	LOC107072165
pd	map01100	LOC107072165
pd	map04142	LOC107072165
pd	map04950	LOC107072171
pd	map00510	LOC107072182
pd	map01100	LOC107072182
pd	map00510	LOC107072183
pd	map01100	LOC107072183
pd	map04144	LOC107072198
pd	map03013	LOC107072199
pd	map05164	LOC107072199
pd	map04270	LOC107072201
pd	map04530	LOC107072201
pd	map04921	LOC107072201
pd	map04010	LOC107072205
pd	map04013	LOC107072205
pd	map04022	LOC107072205
pd	map04024	LOC107072205
pd	map04151	LOC107072205
pd	map04152	LOC107072205
pd	map04211	LOC107072205
pd	map04261	LOC107072205
pd	map04624	LOC107072205
pd	map04668	LOC107072205
pd	map04714	LOC107072205
pd	map04725	LOC107072205
pd	map04728	LOC107072205
pd	map04911	LOC107072205
pd	map04915	LOC107072205
pd	map04918	LOC107072205
pd	map04922	LOC107072205
pd	map04925	LOC107072205
pd	map04926	LOC107072205
pd	map04927	LOC107072205
pd	map04931	LOC107072205
pd	map04934	LOC107072205
pd	map04962	LOC107072205
pd	map05016	LOC107072205
pd	map05030	LOC107072205
pd	map05031	LOC107072205
pd	map05034	LOC107072205
pd	map05161	LOC107072205
pd	map05164	LOC107072205
pd	map05165	LOC107072205
pd	map05166	LOC107072205
pd	map05169	LOC107072205
pd	map05203	LOC107072205
pd	map05215	LOC107072205
pd	map04142	LOC107072208
pd	map03022	LOC107072210
pd	map00310	LOC107072211
pd	map01100	LOC107072211
pd	map01110	LOC107072211
pd	map01130	LOC107072211
pd	map04014	LOC107072213
pd	map05200	LOC107072213
pd	map05212	LOC107072213
pd	map03010	LOC107072219
pd	map04210	LOC107072220
pd	map03010	LOC107072225
pd	map04141	LOC107072225
pd	map03008	LOC107072227
pd	map03013	LOC107072228
pd	map03015	LOC107072228
pd	map00230	LOC107072229
pd	map00232	LOC107072229
pd	map00280	LOC107072229
pd	map00350	LOC107072229
pd	map00380	LOC107072229
pd	map00750	LOC107072229
pd	map00760	LOC107072229
pd	map00830	LOC107072229
pd	map00982	LOC107072229
pd	map00983	LOC107072229
pd	map01100	LOC107072229
pd	map01110	LOC107072229
pd	map01120	LOC107072229
pd	map04146	LOC107072229
pd	map04630	LOC107072229
pd	map03010	LOC107072230
pd	map04110	LOC107072233
pd	map04111	LOC107072233
pd	map04113	LOC107072233
pd	map03013	LOC107072235
pd	map00520	LOC107072240
pd	map01100	LOC107072240
pd	map04341	LOC107072241
pd	map00970	LOC107072246
pd	map00260	LOC107072249
pd	map00630	LOC107072249
pd	map01100	LOC107072249
pd	map01110	LOC107072249
pd	map01130	LOC107072249
pd	map01200	LOC107072249
pd	map03013	LOC107072251
pd	map03040	LOC107072252
pd	map04310	LOC107072253
pd	map01522	LOC107072256
pd	map04068	LOC107072256
pd	map04110	LOC107072256
pd	map04115	LOC107072256
pd	map04151	LOC107072256
pd	map04152	LOC107072256
pd	map04218	LOC107072256
pd	map04310	LOC107072256
pd	map04340	LOC107072256
pd	map04371	LOC107072256
pd	map04390	LOC107072256
pd	map04510	LOC107072256
pd	map04530	LOC107072256
pd	map04630	LOC107072256
pd	map04917	LOC107072256
pd	map04919	LOC107072256
pd	map04921	LOC107072256
pd	map04933	LOC107072256
pd	map04934	LOC107072256
pd	map05161	LOC107072256
pd	map05162	LOC107072256
pd	map05165	LOC107072256
pd	map05166	LOC107072256
pd	map05167	LOC107072256
pd	map05200	LOC107072256
pd	map05202	LOC107072256
pd	map05203	LOC107072256
pd	map05205	LOC107072256
pd	map05206	LOC107072256
pd	map05210	LOC107072256
pd	map05212	LOC107072256
pd	map05213	LOC107072256
pd	map05214	LOC107072256
pd	map05215	LOC107072256
pd	map05216	LOC107072256
pd	map05218	LOC107072256
pd	map05219	LOC107072256
pd	map05220	LOC107072256
pd	map05221	LOC107072256
pd	map05222	LOC107072256
pd	map05223	LOC107072256
pd	map05224	LOC107072256
pd	map05225	LOC107072256
pd	map05226	LOC107072256
pd	map05416	LOC107072256
pd	map04014	LOC107072258
pd	map04062	LOC107072258
pd	map04151	LOC107072258
pd	map04371	LOC107072258
pd	map04713	LOC107072258
pd	map04723	LOC107072258
pd	map04724	LOC107072258
pd	map04725	LOC107072258
pd	map04726	LOC107072258
pd	map04727	LOC107072258
pd	map04728	LOC107072258
pd	map04740	LOC107072258
pd	map04742	LOC107072258
pd	map04745	LOC107072258
pd	map04926	LOC107072258
pd	map05032	LOC107072258
pd	map05034	LOC107072258
pd	map05167	LOC107072258
pd	map05200	LOC107072258
pd	map05016	LOC107072272
pd	map04144	LOC107072276
pd	map04721	LOC107072276
pd	map04961	LOC107072276
pd	map05016	LOC107072276
pd	map05206	LOC107072279
pd	map03030	LOC107072280
pd	map03410	LOC107072280
pd	map03420	LOC107072280
pd	map03430	LOC107072280
pd	map04013	LOC107072280
pd	map04214	LOC107072280
pd	map04215	LOC107072280
pd	map04391	LOC107072280
pd	map03040	LOC107072282
pd	map00260	LOC107072284
pd	map00620	LOC107072284
pd	map00630	LOC107072284
pd	map00670	LOC107072284
pd	map01100	LOC107072284
pd	map01110	LOC107072284
pd	map01120	LOC107072284
pd	map00510	LOC107072287
pd	map00513	LOC107072287
pd	map01100	LOC107072287
pd	map03040	LOC107072288
pd	map03008	LOC107072289
pd	map00785	LOC107072291
pd	map01100	LOC107072291
pd	map04024	LOC107072296
pd	map04080	LOC107072296
pd	map04726	LOC107072296
pd	map04742	LOC107072296
pd	map04068	LOC107072297
pd	map04110	LOC107072297
pd	map04310	LOC107072297
pd	map04350	LOC107072297
pd	map04371	LOC107072297
pd	map04390	LOC107072297
pd	map04520	LOC107072297
pd	map04550	LOC107072297
pd	map04659	LOC107072297
pd	map04933	LOC107072297
pd	map05161	LOC107072297
pd	map05166	LOC107072297
pd	map05200	LOC107072297
pd	map05210	LOC107072297
pd	map05212	LOC107072297
pd	map05220	LOC107072297
pd	map05225	LOC107072297
pd	map05226	LOC107072297
pd	map00190	LOC107072302
pd	map01100	LOC107072302
pd	map04714	LOC107072302
pd	map05010	LOC107072302
pd	map05012	LOC107072302
pd	map05016	LOC107072302
pd	map03320	LOC107072304
pd	map04142	LOC107072309
pd	map04210	LOC107072309
pd	map03050	LOC107072310
pd	map05169	LOC107072310
pd	map04270	LOC107072324
pd	map04360	LOC107072324
pd	map04611	LOC107072324
pd	map04810	LOC107072324
pd	map05152	LOC107072324
pd	map05200	LOC107072324
pd	map05205	LOC107072324
pd	map00020	LOC107072325
pd	map00640	LOC107072325
pd	map01100	LOC107072325
pd	map01110	LOC107072325
pd	map01120	LOC107072325
pd	map01130	LOC107072325
pd	map01200	LOC107072325
pd	map00330	LOC107072330
pd	map01100	LOC107072330
pd	map04216	LOC107072330
pd	map00970	LOC107072331
pd	map03010	LOC107072331
pd	map04512	LOC107072332
pd	map00562	LOC107072335
pd	map01100	LOC107072335
pd	map04015	LOC107072335
pd	map04020	LOC107072335
pd	map04022	LOC107072335
pd	map04062	LOC107072335
pd	map04070	LOC107072335
pd	map04071	LOC107072335
pd	map04072	LOC107072335
pd	map04261	LOC107072335
pd	map04270	LOC107072335
pd	map04310	LOC107072335
pd	map04371	LOC107072335
pd	map04540	LOC107072335
pd	map04611	LOC107072335
pd	map04621	LOC107072335
pd	map04713	LOC107072335
pd	map04720	LOC107072335
pd	map04723	LOC107072335
pd	map04724	LOC107072335
pd	map04725	LOC107072335
pd	map04726	LOC107072335
pd	map04728	LOC107072335
pd	map04730	LOC107072335
pd	map04745	LOC107072335
pd	map04750	LOC107072335
pd	map04911	LOC107072335
pd	map04912	LOC107072335
pd	map04915	LOC107072335
pd	map04916	LOC107072335
pd	map04918	LOC107072335
pd	map04919	LOC107072335
pd	map04921	LOC107072335
pd	map04922	LOC107072335
pd	map04924	LOC107072335
pd	map04925	LOC107072335
pd	map04926	LOC107072335
pd	map04927	LOC107072335
pd	map04933	LOC107072335
pd	map04934	LOC107072335
pd	map04961	LOC107072335
pd	map04970	LOC107072335
pd	map04971	LOC107072335
pd	map04972	LOC107072335
pd	map05010	LOC107072335
pd	map05016	LOC107072335
pd	map05142	LOC107072335
pd	map05143	LOC107072335
pd	map05146	LOC107072335
pd	map05200	LOC107072335
pd	map04066	LOC107072336
pd	map04120	LOC107072336
pd	map04212	LOC107072336
pd	map05200	LOC107072336
pd	map05211	LOC107072336
pd	map00230	LOC107072351
pd	map00240	LOC107072351
pd	map01100	LOC107072351
pd	map03030	LOC107072351
pd	map00260	LOC107072352
pd	map05225	LOC107072356
pd	map04141	LOC107072358
pd	map01521	LOC107072362
pd	map04062	LOC107072362
pd	map04068	LOC107072362
pd	map04137	LOC107072362
pd	map04151	LOC107072362
pd	map04152	LOC107072362
pd	map04211	LOC107072362
pd	map04212	LOC107072362
pd	map04213	LOC107072362
pd	map04218	LOC107072362
pd	map04722	LOC107072362
pd	map04910	LOC107072362
pd	map04917	LOC107072362
pd	map04919	LOC107072362
pd	map04922	LOC107072362
pd	map04931	LOC107072362
pd	map04933	LOC107072362
pd	map05165	LOC107072362
pd	map05200	LOC107072362
pd	map05202	LOC107072362
pd	map05213	LOC107072362
pd	map05215	LOC107072362
pd	map05223	LOC107072362
pd	map00190	LOC107072369
pd	map01100	LOC107072369
pd	map04142	LOC107072369
pd	map04145	LOC107072369
pd	map04721	LOC107072369
pd	map04966	LOC107072369
pd	map05110	LOC107072369
pd	map05120	LOC107072369
pd	map05152	LOC107072369
pd	map05323	LOC107072369
pd	map00590	LOC107072370
pd	map00790	LOC107072370
pd	map00980	LOC107072370
pd	map01100	LOC107072370
pd	map05204	LOC107072370
pd	map03008	LOC107072371
pd	map04080	LOC107072372
pd	map01521	LOC107072376
pd	map03013	LOC107072376
pd	map04066	LOC107072376
pd	map04150	LOC107072376
pd	map04151	LOC107072376
pd	map04211	LOC107072376
pd	map04910	LOC107072376
pd	map04711	LOC107072378
pd	map00480	LOC107072381
pd	map00980	LOC107072381
pd	map00981	LOC107072381
pd	map04216	LOC107072381
pd	map04976	LOC107072381
pd	map05204	LOC107072381
pd	map03060	LOC107072383
pd	map01521	LOC107072384
pd	map04012	LOC107072384
pd	map04062	LOC107072384
pd	map04110	LOC107072384
pd	map04150	LOC107072384
pd	map04151	LOC107072384
pd	map04310	LOC107072384
pd	map04340	LOC107072384
pd	map04341	LOC107072384
pd	map04360	LOC107072384
pd	map04390	LOC107072384
pd	map04510	LOC107072384
pd	map04550	LOC107072384
pd	map04657	LOC107072384
pd	map04660	LOC107072384
pd	map04662	LOC107072384
pd	map04711	LOC107072384
pd	map04722	LOC107072384
pd	map04728	LOC107072384
pd	map04910	LOC107072384
pd	map04916	LOC107072384
pd	map04917	LOC107072384
pd	map04919	LOC107072384
pd	map04931	LOC107072384
pd	map04932	LOC107072384
pd	map04934	LOC107072384
pd	map05010	LOC107072384
pd	map05160	LOC107072384
pd	map05162	LOC107072384
pd	map05164	LOC107072384
pd	map05165	LOC107072384
pd	map05166	LOC107072384
pd	map05167	LOC107072384
pd	map05169	LOC107072384
pd	map05200	LOC107072384
pd	map05210	LOC107072384
pd	map05213	LOC107072384
pd	map05215	LOC107072384
pd	map05217	LOC107072384
pd	map05224	LOC107072384
pd	map05225	LOC107072384
pd	map05226	LOC107072384
pd	map04144	LOC107072389
pd	map03030	LOC107072391
pd	map03410	LOC107072391
pd	map03450	LOC107072391
pd	map04721	LOC107072394
pd	map04723	LOC107072394
pd	map04727	LOC107072394
pd	map05032	LOC107072394
pd	map05033	LOC107072394
pd	map03013	LOC107072405
pd	map04138	LOC107072405
pd	map04140	LOC107072405
pd	map04141	LOC107072405
pd	map04210	LOC107072405
pd	map04932	LOC107072405
pd	map05160	LOC107072405
pd	map05162	LOC107072405
pd	map05164	LOC107072405
pd	map05168	LOC107072405
pd	map03010	LOC107072406
pd	map04111	LOC107072409
pd	map00030	LOC107072412
pd	map00480	LOC107072412
pd	map01100	LOC107072412
pd	map01110	LOC107072412
pd	map01120	LOC107072412
pd	map01130	LOC107072412
pd	map01200	LOC107072412
pd	map05230	LOC107072412
pd	map04010	LOC107072413
pd	map04218	LOC107072413
pd	map04370	LOC107072413
pd	map04722	LOC107072413
pd	map05167	LOC107072413
pd	map05203	LOC107072413
pd	map04068	LOC107072414
pd	map04136	LOC107072414
pd	map04137	LOC107072414
pd	map04138	LOC107072414
pd	map04139	LOC107072414
pd	map04140	LOC107072414
pd	map04212	LOC107072414
pd	map04216	LOC107072414
pd	map04371	LOC107072414
pd	map04621	LOC107072414
pd	map04727	LOC107072414
pd	map05167	LOC107072414
pd	map04624	LOC107072417
pd	map05146	LOC107072417
pd	map04120	LOC107072418
pd	map04020	LOC107072419
pd	map04022	LOC107072419
pd	map04070	LOC107072419
pd	map04114	LOC107072419
pd	map04140	LOC107072419
pd	map04210	LOC107072419
pd	map04218	LOC107072419
pd	map04270	LOC107072419
pd	map04371	LOC107072419
pd	map04540	LOC107072419
pd	map04611	LOC107072419
pd	map04621	LOC107072419
pd	map04713	LOC107072419
pd	map04720	LOC107072419
pd	map04723	LOC107072419
pd	map04724	LOC107072419
pd	map04725	LOC107072419
pd	map04726	LOC107072419
pd	map04728	LOC107072419
pd	map04730	LOC107072419
pd	map04745	LOC107072419
pd	map04750	LOC107072419
pd	map04912	LOC107072419
pd	map04915	LOC107072419
pd	map04918	LOC107072419
pd	map04921	LOC107072419
pd	map04922	LOC107072419
pd	map04924	LOC107072419
pd	map04925	LOC107072419
pd	map04927	LOC107072419
pd	map04934	LOC107072419
pd	map04970	LOC107072419
pd	map04971	LOC107072419
pd	map04972	LOC107072419
pd	map05010	LOC107072419
pd	map05016	LOC107072419
pd	map05167	LOC107072419
pd	map05205	LOC107072419
pd	map03018	LOC107072423
pd	map04714	LOC107072425
pd	map04714	LOC107072426
pd	map04217	LOC107072432
pd	map04621	LOC107072432
pd	map05133	LOC107072432
pd	map05164	LOC107072432
pd	map03018	LOC107072434
pd	map03040	LOC107072434
pd	map03410	LOC107072443
pd	map03015	LOC107072450
pd	map00790	LOC107072451
pd	map01100	LOC107072451
pd	map01524	LOC107072453
pd	map03420	LOC107072453
pd	map00970	LOC107072457
pd	map00073	LOC107072461
pd	map04146	LOC107072461
pd	map04212	LOC107072461
pd	map03013	LOC107072465
pd	map03015	LOC107072465
pd	map03018	LOC107072465
pd	map00230	LOC107072466
pd	map01522	LOC107072466
pd	map04015	LOC107072466
pd	map04020	LOC107072466
pd	map04022	LOC107072466
pd	map04024	LOC107072466
pd	map04062	LOC107072466
pd	map04072	LOC107072466
pd	map04114	LOC107072466
pd	map04211	LOC107072466
pd	map04213	LOC107072466
pd	map04261	LOC107072466
pd	map04270	LOC107072466
pd	map04371	LOC107072466
pd	map04540	LOC107072466
pd	map04611	LOC107072466
pd	map04713	LOC107072466
pd	map04714	LOC107072466
pd	map04720	LOC107072466
pd	map04723	LOC107072466
pd	map04724	LOC107072466
pd	map04725	LOC107072466
pd	map04726	LOC107072466
pd	map04727	LOC107072466
pd	map04728	LOC107072466
pd	map04740	LOC107072466
pd	map04742	LOC107072466
pd	map04750	LOC107072466
pd	map04911	LOC107072466
pd	map04912	LOC107072466
pd	map04913	LOC107072466
pd	map04914	LOC107072466
pd	map04915	LOC107072466
pd	map04916	LOC107072466
pd	map04918	LOC107072466
pd	map04921	LOC107072466
pd	map04923	LOC107072466
pd	map04924	LOC107072466
pd	map04925	LOC107072466
pd	map04926	LOC107072466
pd	map04927	LOC107072466
pd	map04934	LOC107072466
pd	map04962	LOC107072466
pd	map04970	LOC107072466
pd	map04971	LOC107072466
pd	map04972	LOC107072466
pd	map04976	LOC107072466
pd	map05012	LOC107072466
pd	map05030	LOC107072466
pd	map05031	LOC107072466
pd	map05032	LOC107072466
pd	map05034	LOC107072466
pd	map05110	LOC107072466
pd	map05166	LOC107072466
pd	map05200	LOC107072466
pd	map05414	LOC107072466
pd	map05202	LOC107072468
pd	map04137	LOC107072470
pd	map03040	LOC107072473
pd	map04146	LOC107072478
pd	map03050	LOC107072481
pd	map05165	LOC107072481
pd	map05169	LOC107072481
pd	map05203	LOC107072481
pd	map00230	LOC107072483
pd	map00240	LOC107072483
pd	map01100	LOC107072483
pd	map03020	LOC107072483
pd	map04623	LOC107072483
pd	map05169	LOC107072483
pd	map03013	LOC107072484
pd	map03015	LOC107072484
pd	map03040	LOC107072484
pd	map05168	LOC107072484
pd	map04120	LOC107072486
pd	map00020	LOC107072489
pd	map00310	LOC107072489
pd	map01100	LOC107072489
pd	map01110	LOC107072489
pd	map01120	LOC107072489
pd	map01130	LOC107072489
pd	map01200	LOC107072489
pd	map04122	LOC107072490
pd	map03040	LOC107072493
pd	map04150	LOC107072494
pd	map00010	LOC107072496
pd	map00030	LOC107072496
pd	map00052	LOC107072496
pd	map00230	LOC107072496
pd	map00500	LOC107072496
pd	map00520	LOC107072496
pd	map00521	LOC107072496
pd	map01100	LOC107072496
pd	map01110	LOC107072496
pd	map01120	LOC107072496
pd	map01130	LOC107072496
pd	map03008	LOC107072499
pd	map04015	LOC107072505
pd	map04062	LOC107072505
pd	map04071	LOC107072505
pd	map04144	LOC107072505
pd	map04360	LOC107072505
pd	map04390	LOC107072505
pd	map04391	LOC107072505
pd	map04530	LOC107072505
pd	map04611	LOC107072505
pd	map04910	LOC107072505
pd	map04926	LOC107072505
pd	map04930	LOC107072505
pd	map04931	LOC107072505
pd	map04933	LOC107072505
pd	map05165	LOC107072505
pd	map05418	LOC107072505
pd	map00190	LOC107072506
pd	map01100	LOC107072506
pd	map04260	LOC107072506
pd	map04714	LOC107072506
pd	map04932	LOC107072506
pd	map05010	LOC107072506
pd	map05012	LOC107072506
pd	map05016	LOC107072506
pd	map04015	LOC107072507
pd	map04062	LOC107072507
pd	map04071	LOC107072507
pd	map04144	LOC107072507
pd	map04360	LOC107072507
pd	map04390	LOC107072507
pd	map04391	LOC107072507
pd	map04530	LOC107072507
pd	map04611	LOC107072507
pd	map04910	LOC107072507
pd	map04926	LOC107072507
pd	map04930	LOC107072507
pd	map04931	LOC107072507
pd	map04933	LOC107072507
pd	map05165	LOC107072507
pd	map05418	LOC107072507
pd	map03018	LOC107072508
pd	map04015	LOC107072509
pd	map04144	LOC107072509
pd	map04390	LOC107072509
pd	map04391	LOC107072509
pd	map04530	LOC107072509
pd	map04611	LOC107072509
pd	map04910	LOC107072509
pd	map05165	LOC107072509
pd	map00564	LOC107072512
pd	map04725	LOC107072512
pd	map04550	LOC107072513
pd	map00040	LOC107072515
pd	map00980	LOC107072515
pd	map00130	LOC107072516
pd	map01100	LOC107072516
pd	map01110	LOC107072516
pd	map04141	LOC107072518
pd	map03008	LOC107072521
pd	map04013	LOC107072522
pd	map00061	LOC107072531
pd	map01100	LOC107072531
pd	map01212	LOC107072531
pd	map04152	LOC107072531
pd	map04910	LOC107072531
pd	map00061	LOC107072532
pd	map01100	LOC107072532
pd	map01212	LOC107072532
pd	map04152	LOC107072532
pd	map04910	LOC107072532
pd	map00330	LOC107072534
pd	map01100	LOC107072534
pd	map00790	LOC107072540
pd	map01100	LOC107072540
pd	map00220	LOC107072541
pd	map00250	LOC107072541
pd	map00471	LOC107072541
pd	map01100	LOC107072541
pd	map04724	LOC107072541
pd	map04727	LOC107072541
pd	map04964	LOC107072541
pd	map05206	LOC107072541
pd	map05230	LOC107072541
pd	map00562	LOC107072545
pd	map01100	LOC107072545
pd	map04011	LOC107072545
pd	map04070	LOC107072545
pd	map04072	LOC107072545
pd	map04139	LOC107072545
pd	map04144	LOC107072545
pd	map04145	LOC107072545
pd	map04666	LOC107072545
pd	map04810	LOC107072545
pd	map05231	LOC107072545
pd	map00511	LOC107072549
pd	map04142	LOC107072549
pd	map05010	LOC107072549
pd	map04341	LOC107072550
pd	map03060	LOC107072555
pd	map04141	LOC107072555
pd	map01523	LOC107072556
pd	map04010	LOC107072556
pd	map04014	LOC107072556
pd	map04062	LOC107072556
pd	map04064	LOC107072556
pd	map04068	LOC107072556
pd	map04150	LOC107072556
pd	map04151	LOC107072556
pd	map04210	LOC107072556
pd	map04380	LOC107072556
pd	map04620	LOC107072556
pd	map04621	LOC107072556
pd	map04622	LOC107072556
pd	map04623	LOC107072556
pd	map04624	LOC107072556
pd	map04657	LOC107072556
pd	map04658	LOC107072556
pd	map04659	LOC107072556
pd	map04660	LOC107072556
pd	map04662	LOC107072556
pd	map04668	LOC107072556
pd	map04722	LOC107072556
pd	map04910	LOC107072556
pd	map04920	LOC107072556
pd	map04930	LOC107072556
pd	map04931	LOC107072556
pd	map04932	LOC107072556
pd	map05120	LOC107072556
pd	map05131	LOC107072556
pd	map05142	LOC107072556
pd	map05145	LOC107072556
pd	map05160	LOC107072556
pd	map05161	LOC107072556
pd	map05162	LOC107072556
pd	map05164	LOC107072556
pd	map05165	LOC107072556
pd	map05166	LOC107072556
pd	map05167	LOC107072556
pd	map05168	LOC107072556
pd	map05169	LOC107072556
pd	map05200	LOC107072556
pd	map05206	LOC107072556
pd	map05212	LOC107072556
pd	map05215	LOC107072556
pd	map05220	LOC107072556
pd	map05221	LOC107072556
pd	map05222	LOC107072556
pd	map05418	LOC107072556
pd	map00760	LOC107072559
pd	map01100	LOC107072559
pd	map00310	LOC107072565
pd	map05202	LOC107072565
pd	map04141	LOC107072567
pd	map05164	LOC107072567
pd	map00062	LOC107072571
pd	map01040	LOC107072571
pd	map01110	LOC107072571
pd	map01212	LOC107072571
pd	map00062	LOC107072573
pd	map01040	LOC107072573
pd	map01110	LOC107072573
pd	map01212	LOC107072573
pd	map04512	LOC107072574
pd	map05410	LOC107072574
pd	map05412	LOC107072574
pd	map05414	LOC107072574
pd	map05416	LOC107072574
pd	map00910	LOC107072575
pd	map04964	LOC107072575
pd	map04966	LOC107072575
pd	map04971	LOC107072575
pd	map04972	LOC107072575
pd	map04976	LOC107072575
pd	map04391	LOC107072576
pd	map04392	LOC107072576
pd	map00230	LOC107072579
pd	map00983	LOC107072579
pd	map01100	LOC107072579
pd	map01110	LOC107072579
pd	map03440	LOC107072581
pd	map00512	LOC107072585
pd	map01100	LOC107072585
pd	map04137	LOC107072587
pd	map04380	LOC107072587
pd	map04916	LOC107072587
pd	map05200	LOC107072587
pd	map05202	LOC107072587
pd	map05218	LOC107072587
pd	map04140	LOC107072588
pd	map04142	LOC107072588
pd	map04145	LOC107072588
pd	map04210	LOC107072588
pd	map04380	LOC107072588
pd	map04612	LOC107072588
pd	map04620	LOC107072588
pd	map05205	LOC107072588
pd	map05323	LOC107072588
pd	map05418	LOC107072588
pd	map04350	LOC107072589
pd	map04550	LOC107072589
pd	map00010	LOC107072592
pd	map00020	LOC107072592
pd	map00310	LOC107072592
pd	map00620	LOC107072592
pd	map01100	LOC107072592
pd	map01110	LOC107072592
pd	map01120	LOC107072592
pd	map01130	LOC107072592
pd	map01200	LOC107072592
pd	map04066	LOC107072592
pd	map04922	LOC107072592
pd	map05230	LOC107072592
pd	map04013	LOC107072595
pd	map04142	LOC107072600
pd	map05205	LOC107072602
pd	map00100	LOC107072603
pd	map00561	LOC107072603
pd	map00983	LOC107072603
pd	map01100	LOC107072603
pd	map04514	LOC107072603
pd	map04972	LOC107072603
pd	map04975	LOC107072603
pd	map03008	LOC107072604
pd	map00970	LOC107072609
pd	map00770	LOC107072611
pd	map01100	LOC107072611
pd	map04621	LOC107072611
pd	map04622	LOC107072611
pd	map04623	LOC107072611
pd	map05160	LOC107072611
pd	map05161	LOC107072611
pd	map05162	LOC107072611
pd	map05164	LOC107072611
pd	map05168	LOC107072611
pd	map04145	LOC107072615
pd	map04913	LOC107072615
pd	map04925	LOC107072615
pd	map04927	LOC107072615
pd	map04934	LOC107072615
pd	map04975	LOC107072615
pd	map04976	LOC107072615
pd	map04977	LOC107072615
pd	map04979	LOC107072615
pd	map05160	LOC107072615
pd	map05016	LOC107072617
pd	map05034	LOC107072620
pd	map05165	LOC107072620
pd	map05203	LOC107072620
pd	map00563	LOC107072621
pd	map00270	LOC107072623
pd	map01100	LOC107072623
pd	map03420	LOC107072623
pd	map04120	LOC107072623
pd	map05206	LOC107072623
pd	map05205	LOC107072627
pd	map00601	LOC107072628
pd	map00603	LOC107072628
pd	map01100	LOC107072628
pd	map05165	LOC107072630
pd	map05166	LOC107072630
pd	map05200	LOC107072630
pd	map05225	LOC107072630
pd	map05226	LOC107072630
pd	map04610	LOC107072633
pd	map04624	LOC107072633
pd	map05150	LOC107072633
pd	map04610	LOC107072636
pd	map04624	LOC107072636
pd	map05150	LOC107072636
pd	map04610	LOC107072639
pd	map04624	LOC107072639
pd	map05150	LOC107072639
pd	map00900	LOC107072645
pd	map01100	LOC107072645
pd	map01110	LOC107072645
pd	map01130	LOC107072645
pd	map03022	LOC107072645
pd	map05168	LOC107072645
pd	map04610	LOC107072646
pd	map04624	LOC107072646
pd	map05150	LOC107072646
pd	map04610	LOC107072647
pd	map04624	LOC107072647
pd	map05150	LOC107072647
pd	map04151	LOC107072649
pd	map04510	LOC107072649
pd	map04512	LOC107072649
pd	map04611	LOC107072649
pd	map04926	LOC107072649
pd	map04933	LOC107072649
pd	map04974	LOC107072649
pd	map05146	LOC107072649
pd	map05165	LOC107072649
pd	map05200	LOC107072649
pd	map05222	LOC107072649
pd	map00030	LOC107072650
pd	map00260	LOC107072650
pd	map00561	LOC107072650
pd	map00630	LOC107072650
pd	map00680	LOC107072650
pd	map01100	LOC107072650
pd	map01120	LOC107072650
pd	map01130	LOC107072650
pd	map01200	LOC107072650
pd	map04724	LOC107072652
pd	map05014	LOC107072652
pd	map00450	LOC107072657
pd	map00970	LOC107072657
pd	map04151	LOC107072659
pd	map04510	LOC107072659
pd	map04512	LOC107072659
pd	map05145	LOC107072659
pd	map05146	LOC107072659
pd	map05165	LOC107072659
pd	map05200	LOC107072659
pd	map05222	LOC107072659
pd	map04151	LOC107072660
pd	map04510	LOC107072660
pd	map04512	LOC107072660
pd	map05145	LOC107072660
pd	map05146	LOC107072660
pd	map05165	LOC107072660
pd	map05200	LOC107072660
pd	map05222	LOC107072660
pd	map04014	LOC107072664
pd	map04020	LOC107072664
pd	map04080	LOC107072664
pd	map04726	LOC107072664
pd	map00510	LOC107072665
pd	map01100	LOC107072665
pd	map04512	LOC107072666
pd	map04974	LOC107072667
pd	map04080	LOC107072669
pd	map04146	LOC107072671
pd	map04214	LOC107072671
pd	map04512	LOC107072672
pd	map05130	LOC107072674
pd	map04962	LOC107072676
pd	map00340	LOC107072677
pd	map00350	LOC107072677
pd	map00360	LOC107072677
pd	map00380	LOC107072677
pd	map00901	LOC107072677
pd	map00950	LOC107072677
pd	map00965	LOC107072677
pd	map01100	LOC107072677
pd	map01110	LOC107072677
pd	map04726	LOC107072677
pd	map04728	LOC107072677
pd	map05030	LOC107072677
pd	map05031	LOC107072677
pd	map05034	LOC107072677
pd	map04659	LOC107072678
pd	map04710	LOC107072678
pd	map05321	LOC107072678
pd	map04136	LOC107072682
pd	map04138	LOC107072682
pd	map04140	LOC107072682
pd	map04371	LOC107072682
pd	map04130	LOC107072686
pd	map04624	LOC107072687
pd	map04120	LOC107072691
pd	map04624	LOC107072691
pd	map03013	LOC107072693
pd	map00562	LOC107072696
pd	map00564	LOC107072696
pd	map01100	LOC107072696
pd	map04070	LOC107072696
pd	map00910	LOC107072697
pd	map04140	LOC107072698
pd	map04150	LOC107072698
pd	map00790	LOC107072699
pd	map01100	LOC107072699
pd	map01523	LOC107072699
pd	map04010	LOC107072699
pd	map04011	LOC107072699
pd	map04012	LOC107072699
pd	map04014	LOC107072699
pd	map04024	LOC107072699
pd	map04062	LOC107072699
pd	map04360	LOC107072699
pd	map04392	LOC107072699
pd	map04510	LOC107072699
pd	map04650	LOC107072699
pd	map04660	LOC107072699
pd	map04666	LOC107072699
pd	map04810	LOC107072699
pd	map05120	LOC107072699
pd	map05205	LOC107072699
pd	map05211	LOC107072699
pd	map03410	LOC107072701
pd	map04141	LOC107072702
pd	map03010	LOC107072707
pd	map04624	LOC107072711
pd	map00270	LOC107072715
pd	map01100	LOC107072715
pd	map03015	LOC107072717
pd	map04071	LOC107072717
pd	map04111	LOC107072717
pd	map04113	LOC107072717
pd	map04114	LOC107072717
pd	map04151	LOC107072717
pd	map04152	LOC107072717
pd	map04261	LOC107072717
pd	map04350	LOC107072717
pd	map04390	LOC107072717
pd	map04391	LOC107072717
pd	map04530	LOC107072717
pd	map04728	LOC107072717
pd	map04730	LOC107072717
pd	map05142	LOC107072717
pd	map05160	LOC107072717
pd	map05165	LOC107072717
pd	map04360	LOC107072719
pd	map04514	LOC107072719
pd	map04371	LOC107072720
pd	map05016	LOC107072720
pd	map04310	LOC107072721
pd	map00130	LOC107072722
pd	map01100	LOC107072722
pd	map01110	LOC107072722
pd	map04010	LOC107072724
pd	map04260	LOC107072724
pd	map04261	LOC107072724
pd	map04921	LOC107072724
pd	map05410	LOC107072724
pd	map05412	LOC107072724
pd	map05414	LOC107072724
pd	map04010	LOC107072725
pd	map04261	LOC107072725
pd	map04668	LOC107072725
pd	map04713	LOC107072725
pd	map04722	LOC107072725
pd	map05200	LOC107072725
pd	map05206	LOC107072725
pd	map05219	LOC107072725
pd	map04010	LOC107072726
pd	map04260	LOC107072726
pd	map04261	LOC107072726
pd	map04921	LOC107072726
pd	map05410	LOC107072726
pd	map05412	LOC107072726
pd	map05414	LOC107072726
pd	map04977	LOC107072730
pd	map04977	LOC107072731
pd	map00270	LOC107072735
pd	map01100	LOC107072735
pd	map00190	LOC107072736
pd	map01100	LOC107072736
pd	map04260	LOC107072736
pd	map04714	LOC107072736
pd	map04932	LOC107072736
pd	map05010	LOC107072736
pd	map05012	LOC107072736
pd	map05016	LOC107072736
pd	map00900	LOC107072739
pd	map00981	LOC107072739
pd	map01130	LOC107072739
pd	map00970	LOC107072740
pd	map01521	LOC107072742
pd	map04010	LOC107072742
pd	map04014	LOC107072742
pd	map04015	LOC107072742
pd	map04060	LOC107072742
pd	map04066	LOC107072742
pd	map04144	LOC107072742
pd	map04151	LOC107072742
pd	map04510	LOC107072742
pd	map04520	LOC107072742
pd	map04550	LOC107072742
pd	map04714	LOC107072742
pd	map04810	LOC107072742
pd	map05200	LOC107072742
pd	map05202	LOC107072742
pd	map05205	LOC107072742
pd	map05215	LOC107072742
pd	map05218	LOC107072742
pd	map05224	LOC107072742
pd	map05226	LOC107072742
pd	map05230	LOC107072742
pd	map05323	LOC107072742
pd	map01521	LOC107072744
pd	map03013	LOC107072744
pd	map04066	LOC107072744
pd	map04150	LOC107072744
pd	map04151	LOC107072744
pd	map04211	LOC107072744
pd	map04910	LOC107072744
pd	map03040	LOC107072750
pd	map05322	LOC107072750
pd	map00230	LOC107072751
pd	map00240	LOC107072751
pd	map01100	LOC107072751
pd	map03020	LOC107072751
pd	map04714	LOC107072753
pd	map05225	LOC107072753
pd	map03013	LOC107072760
pd	map00900	LOC107072764
pd	map01100	LOC107072764
pd	map01110	LOC107072764
pd	map01130	LOC107072764
pd	map04918	LOC107072765
pd	map04210	LOC107072773
pd	map04214	LOC107072773
pd	map05410	LOC107072773
pd	map05412	LOC107072773
pd	map05414	LOC107072773
pd	map00770	LOC107072776
pd	map01100	LOC107072776
pd	map03040	LOC107072778
pd	map04080	LOC107072783
pd	map04961	LOC107072783
pd	map03022	LOC107072785
pd	map04014	LOC107072790
pd	map04020	LOC107072790
pd	map04080	LOC107072790
pd	map04726	LOC107072790
pd	map04120	LOC107072795
pd	map04141	LOC107072795
pd	map03010	LOC107072796
pd	map01524	LOC107072799
pd	map04110	LOC107072799
pd	map04111	LOC107072799
pd	map04113	LOC107072799
pd	map04114	LOC107072799
pd	map04115	LOC107072799
pd	map04120	LOC107072799
pd	map04210	LOC107072799
pd	map04214	LOC107072799
pd	map04215	LOC107072799
pd	map05010	LOC107072799
pd	map05012	LOC107072799
pd	map05014	LOC107072799
pd	map05016	LOC107072799
pd	map05134	LOC107072799
pd	map05152	LOC107072799
pd	map05161	LOC107072799
pd	map05166	LOC107072799
pd	map05200	LOC107072799
pd	map05203	LOC107072799
pd	map05222	LOC107072799
pd	map01524	LOC107072800
pd	map04064	LOC107072800
pd	map04120	LOC107072800
pd	map04210	LOC107072800
pd	map04214	LOC107072800
pd	map04215	LOC107072800
pd	map04217	LOC107072800
pd	map04510	LOC107072800
pd	map04621	LOC107072800
pd	map04624	LOC107072800
pd	map04668	LOC107072800
pd	map05145	LOC107072800
pd	map05166	LOC107072800
pd	map05200	LOC107072800
pd	map05222	LOC107072800
pd	map04110	LOC107072801
pd	map04111	LOC107072801
pd	map04113	LOC107072801
pd	map04145	LOC107072802
pd	map04962	LOC107072802
pd	map05132	LOC107072802
pd	map00020	LOC107072803
pd	map01100	LOC107072803
pd	map01110	LOC107072803
pd	map01120	LOC107072803
pd	map01130	LOC107072803
pd	map01200	LOC107072803
pd	map01210	LOC107072803
pd	map01230	LOC107072803
pd	map04360	LOC107072806
pd	map03050	LOC107072807
pd	map05169	LOC107072807
pd	map00071	LOC107072809
pd	map00072	LOC107072809
pd	map00280	LOC107072809
pd	map00310	LOC107072809
pd	map00362	LOC107072809
pd	map00380	LOC107072809
pd	map00620	LOC107072809
pd	map00630	LOC107072809
pd	map00640	LOC107072809
pd	map00650	LOC107072809
pd	map00720	LOC107072809
pd	map00900	LOC107072809
pd	map01100	LOC107072809
pd	map01110	LOC107072809
pd	map01120	LOC107072809
pd	map01130	LOC107072809
pd	map01200	LOC107072809
pd	map01212	LOC107072809
pd	map02020	LOC107072809
pd	map03013	LOC107072812
pd	map00230	LOC107072815
pd	map00240	LOC107072815
pd	map01100	LOC107072815
pd	map03020	LOC107072815
pd	map05016	LOC107072815
pd	map05168	LOC107072815
pd	map05169	LOC107072815
pd	map04360	LOC107072816
pd	map03022	LOC107072822
pd	map04919	LOC107072823
pd	map04919	LOC107072824
pd	map04212	LOC107072831
pd	map04151	LOC107072836
pd	map05132	LOC107072836
pd	map00900	LOC107072839
pd	map00981	LOC107072839
pd	map01130	LOC107072839
pd	map00020	LOC107072844
pd	map00720	LOC107072844
pd	map01100	LOC107072844
pd	map01110	LOC107072844
pd	map01120	LOC107072844
pd	map01130	LOC107072844
pd	map04142	LOC107072846
pd	map00071	LOC107072848
pd	map04713	LOC107072848
pd	map04934	LOC107072848
pd	map03040	LOC107072850
pd	map00330	LOC107072852
pd	map01100	LOC107072852
pd	map01110	LOC107072852
pd	map01130	LOC107072852
pd	map01230	LOC107072852
pd	map04066	LOC107072853
pd	map04120	LOC107072853
pd	map04212	LOC107072853
pd	map05200	LOC107072853
pd	map05211	LOC107072853
pd	map03008	LOC107072859
pd	map03013	LOC107072859
pd	map03015	LOC107072859
pd	map05164	LOC107072859
pd	map05168	LOC107072859
pd	map04144	LOC107072861
pd	map04622	LOC107072862
pd	map00310	LOC107072866
pd	map04144	LOC107072867
pd	map04110	LOC107072874
pd	map04111	LOC107072874
pd	map04113	LOC107072874
pd	map04114	LOC107072874
pd	map04120	LOC107072874
pd	map04914	LOC107072874
pd	map05166	LOC107072874
pd	map04013	LOC107072875
pd	map04624	LOC107072875
pd	map04013	LOC107072880
pd	map04214	LOC107072880
pd	map04215	LOC107072880
pd	map04391	LOC107072880
pd	map04141	LOC107072882
pd	map04072	LOC107072883
pd	map04144	LOC107072883
pd	map05110	LOC107072883
pd	map05134	LOC107072883
pd	map04144	LOC107072885
pd	map00062	LOC107072906
pd	map01110	LOC107072906
pd	map00520	LOC107072916
pd	map01130	LOC107072916
pd	map05034	LOC107072917
pd	map05165	LOC107072917
pd	map05203	LOC107072917
pd	map00260	LOC107072918
pd	map00680	LOC107072918
pd	map00750	LOC107072918
pd	map01100	LOC107072918
pd	map01120	LOC107072918
pd	map01130	LOC107072918
pd	map01200	LOC107072918
pd	map01230	LOC107072918
pd	map04015	LOC107072919
pd	map04020	LOC107072919
pd	map04022	LOC107072919
pd	map04071	LOC107072919
pd	map04261	LOC107072919
pd	map04270	LOC107072919
pd	map04371	LOC107072919
pd	map04540	LOC107072919
pd	map04611	LOC107072919
pd	map04713	LOC107072919
pd	map04720	LOC107072919
pd	map04723	LOC107072919
pd	map04724	LOC107072919
pd	map04725	LOC107072919
pd	map04726	LOC107072919
pd	map04728	LOC107072919
pd	map04730	LOC107072919
pd	map04745	LOC107072919
pd	map04750	LOC107072919
pd	map04911	LOC107072919
pd	map04912	LOC107072919
pd	map04915	LOC107072919
pd	map04916	LOC107072919
pd	map04918	LOC107072919
pd	map04921	LOC107072919
pd	map04922	LOC107072919
pd	map04924	LOC107072919
pd	map04925	LOC107072919
pd	map04927	LOC107072919
pd	map04934	LOC107072919
pd	map04961	LOC107072919
pd	map04970	LOC107072919
pd	map04971	LOC107072919
pd	map04972	LOC107072919
pd	map05010	LOC107072919
pd	map05016	LOC107072919
pd	map05142	LOC107072919
pd	map05143	LOC107072919
pd	map05146	LOC107072919
pd	map05200	LOC107072919
pd	map00230	LOC107072920
pd	map00604	LOC107072926
pd	map01100	LOC107072926
pd	map04750	LOC107072930
pd	map04621	LOC107072931
pd	map03010	LOC107072940
pd	map04014	LOC107072941
pd	map04136	LOC107072945
pd	map04137	LOC107072945
pd	map04138	LOC107072945
pd	map04140	LOC107072945
pd	map04211	LOC107072945
pd	map04213	LOC107072945
pd	map04216	LOC107072945
pd	map04621	LOC107072945
pd	map04622	LOC107072945
pd	map05131	LOC107072945
pd	map04371	LOC107072949
pd	map05034	LOC107072949
pd	map05165	LOC107072949
pd	map05169	LOC107072949
pd	map05203	LOC107072949
pd	map04136	LOC107072952
pd	map04137	LOC107072952
pd	map04138	LOC107072952
pd	map04140	LOC107072952
pd	map04630	LOC107072956
pd	map04910	LOC107072956
pd	map04917	LOC107072956
pd	map04930	LOC107072956
pd	map04010	LOC107072957
pd	map04011	LOC107072957
pd	map04014	LOC107072957
pd	map04015	LOC107072957
pd	map04062	LOC107072957
pd	map04144	LOC107072957
pd	map04360	LOC107072957
pd	map04370	LOC107072957
pd	map04510	LOC107072957
pd	map04520	LOC107072957
pd	map04530	LOC107072957
pd	map04660	LOC107072957
pd	map04666	LOC107072957
pd	map04670	LOC107072957
pd	map04722	LOC107072957
pd	map04810	LOC107072957
pd	map04912	LOC107072957
pd	map04932	LOC107072957
pd	map04933	LOC107072957
pd	map05100	LOC107072957
pd	map05120	LOC107072957
pd	map05130	LOC107072957
pd	map05131	LOC107072957
pd	map05132	LOC107072957
pd	map05165	LOC107072957
pd	map05200	LOC107072957
pd	map05203	LOC107072957
pd	map05205	LOC107072957
pd	map05211	LOC107072957
pd	map05212	LOC107072957
pd	map04010	LOC107072959
pd	map04014	LOC107072959
pd	map04015	LOC107072959
pd	map04151	LOC107072959
pd	map04390	LOC107072959
pd	map04810	LOC107072959
pd	map05200	LOC107072959
pd	map05218	LOC107072959
pd	map05224	LOC107072959
pd	map05226	LOC107072959
pd	map04520	LOC107072961
pd	map00073	LOC107072968
pd	map04146	LOC107072968
pd	map04212	LOC107072968
pd	map04550	LOC107072969
pd	map04950	LOC107072969
pd	map04550	LOC107072970
pd	map04950	LOC107072970
pd	map00071	LOC107072971
pd	map00310	LOC107072971
pd	map00362	LOC107072971
pd	map00380	LOC107072971
pd	map01100	LOC107072971
pd	map01120	LOC107072971
pd	map01130	LOC107072971
pd	map04144	LOC107072972
pd	map04510	LOC107072972
pd	map05100	LOC107072972
pd	map05205	LOC107072972
pd	map05418	LOC107072972
pd	map04145	LOC107072973
pd	map04151	LOC107072973
pd	map04510	LOC107072973
pd	map04512	LOC107072973
pd	map04514	LOC107072973
pd	map04640	LOC107072973
pd	map04810	LOC107072973
pd	map04919	LOC107072973
pd	map05100	LOC107072973
pd	map05131	LOC107072973
pd	map05133	LOC107072973
pd	map05165	LOC107072973
pd	map05200	LOC107072973
pd	map05205	LOC107072973
pd	map05206	LOC107072973
pd	map05222	LOC107072973
pd	map05410	LOC107072973
pd	map05412	LOC107072973
pd	map05414	LOC107072973
pd	map05418	LOC107072973
pd	map04390	LOC107072974
pd	map04391	LOC107072974
pd	map04392	LOC107072974
pd	map04010	LOC107072975
pd	map04214	LOC107072975
pd	map04390	LOC107072975
pd	map04391	LOC107072975
pd	map04392	LOC107072975
pd	map03018	LOC107072979
pd	map00562	LOC107072984
pd	map00920	LOC107072984
pd	map01100	LOC107072984
pd	map01120	LOC107072984
pd	map04070	LOC107072984
pd	map04612	LOC107072985
pd	map05152	LOC107072985
pd	map05166	LOC107072985
pd	map00520	LOC107072988
pd	map01100	LOC107072988
pd	map04210	LOC107072988
pd	map04214	LOC107072988
pd	map04215	LOC107072988
pd	map05012	LOC107072988
pd	map04150	LOC107072989
pd	map04310	LOC107072989
pd	map04390	LOC107072989
pd	map04550	LOC107072989
pd	map04916	LOC107072989
pd	map04934	LOC107072989
pd	map05165	LOC107072989
pd	map05166	LOC107072989
pd	map05200	LOC107072989
pd	map05205	LOC107072989
pd	map05217	LOC107072989
pd	map05224	LOC107072989
pd	map05225	LOC107072989
pd	map05226	LOC107072989
pd	map04064	LOC107072992
pd	map04380	LOC107072992
pd	map04662	LOC107072992
pd	map05340	LOC107072992
pd	map04120	LOC107072996
pd	map04212	LOC107073000
pd	map00230	LOC107073001
pd	map00240	LOC107073001
pd	map01100	LOC107073001
pd	map03020	LOC107073001
pd	map04623	LOC107073001
pd	map05169	LOC107073001
pd	map00260	LOC107073002
pd	map00680	LOC107073002
pd	map01100	LOC107073002
pd	map01120	LOC107073002
pd	map01130	LOC107073002
pd	map01200	LOC107073002
pd	map01230	LOC107073002
pd	map03018	LOC107073004
pd	map03013	LOC107073006
pd	map00190	LOC107073014
pd	map01100	LOC107073014
pd	map04260	LOC107073014
pd	map04714	LOC107073014
pd	map04932	LOC107073014
pd	map05010	LOC107073014
pd	map05012	LOC107073014
pd	map05016	LOC107073014
pd	map04111	LOC107073015
pd	map05200	LOC107073015
pd	map05222	LOC107073015
pd	map00020	LOC107073020
pd	map01100	LOC107073020
pd	map01110	LOC107073020
pd	map01120	LOC107073020
pd	map01130	LOC107073020
pd	map01200	LOC107073020
pd	map01210	LOC107073020
pd	map01230	LOC107073020
pd	map00062	LOC107073032
pd	map01040	LOC107073032
pd	map01110	LOC107073032
pd	map01212	LOC107073032
pd	map01521	LOC107073034
pd	map01522	LOC107073034
pd	map04010	LOC107073034
pd	map04014	LOC107073034
pd	map04015	LOC107073034
pd	map04022	LOC107073034
pd	map04066	LOC107073034
pd	map04068	LOC107073034
pd	map04072	LOC107073034
pd	map04114	LOC107073034
pd	map04115	LOC107073034
pd	map04140	LOC107073034
pd	map04150	LOC107073034
pd	map04151	LOC107073034
pd	map04152	LOC107073034
pd	map04211	LOC107073034
pd	map04213	LOC107073034
pd	map04510	LOC107073034
pd	map04550	LOC107073034
pd	map04730	LOC107073034
pd	map04750	LOC107073034
pd	map04810	LOC107073034
pd	map04910	LOC107073034
pd	map04911	LOC107073034
pd	map04913	LOC107073034
pd	map04914	LOC107073034
pd	map04917	LOC107073034
pd	map04923	LOC107073034
pd	map04930	LOC107073034
pd	map04931	LOC107073034
pd	map04932	LOC107073034
pd	map04940	LOC107073034
pd	map04950	LOC107073034
pd	map04960	LOC107073034
pd	map05200	LOC107073034
pd	map05202	LOC107073034
pd	map05205	LOC107073034
pd	map05214	LOC107073034
pd	map05215	LOC107073034
pd	map05218	LOC107073034
pd	map05224	LOC107073034
pd	map05225	LOC107073034
pd	map05410	LOC107073034
pd	map05414	LOC107073034
pd	map04212	LOC107073035
pd	map05134	LOC107073035
pd	map03013	LOC107073036
pd	map00310	LOC107073041
pd	map04130	LOC107073043
pd	map00230	LOC107073045
pd	map01522	LOC107073045
pd	map04015	LOC107073045
pd	map04022	LOC107073045
pd	map04024	LOC107073045
pd	map04062	LOC107073045
pd	map04072	LOC107073045
pd	map04114	LOC107073045
pd	map04211	LOC107073045
pd	map04213	LOC107073045
pd	map04261	LOC107073045
pd	map04270	LOC107073045
pd	map04371	LOC107073045
pd	map04540	LOC107073045
pd	map04611	LOC107073045
pd	map04713	LOC107073045
pd	map04714	LOC107073045
pd	map04723	LOC107073045
pd	map04724	LOC107073045
pd	map04725	LOC107073045
pd	map04726	LOC107073045
pd	map04727	LOC107073045
pd	map04728	LOC107073045
pd	map04742	LOC107073045
pd	map04750	LOC107073045
pd	map04911	LOC107073045
pd	map04912	LOC107073045
pd	map04913	LOC107073045
pd	map04914	LOC107073045
pd	map04915	LOC107073045
pd	map04916	LOC107073045
pd	map04918	LOC107073045
pd	map04921	LOC107073045
pd	map04923	LOC107073045
pd	map04924	LOC107073045
pd	map04925	LOC107073045
pd	map04926	LOC107073045
pd	map04927	LOC107073045
pd	map04934	LOC107073045
pd	map04961	LOC107073045
pd	map04962	LOC107073045
pd	map04970	LOC107073045
pd	map04971	LOC107073045
pd	map04972	LOC107073045
pd	map04976	LOC107073045
pd	map05012	LOC107073045
pd	map05030	LOC107073045
pd	map05031	LOC107073045
pd	map05032	LOC107073045
pd	map05034	LOC107073045
pd	map05166	LOC107073045
pd	map05200	LOC107073045
pd	map05414	LOC107073045
pd	map00330	LOC107073056
pd	map01100	LOC107073056
pd	map00010	LOC107073058
pd	map00230	LOC107073058
pd	map00620	LOC107073058
pd	map01100	LOC107073058
pd	map01110	LOC107073058
pd	map01120	LOC107073058
pd	map01130	LOC107073058
pd	map01200	LOC107073058
pd	map01230	LOC107073058
pd	map04910	LOC107073058
pd	map04922	LOC107073058
pd	map04930	LOC107073058
pd	map04932	LOC107073058
pd	map04950	LOC107073058
pd	map05165	LOC107073058
pd	map05203	LOC107073058
pd	map05230	LOC107073058
pd	map03015	LOC107073065
pd	map04141	LOC107073066
pd	map00010	LOC107073067
pd	map00230	LOC107073067
pd	map00620	LOC107073067
pd	map01100	LOC107073067
pd	map01110	LOC107073067
pd	map01120	LOC107073067
pd	map01130	LOC107073067
pd	map01200	LOC107073067
pd	map01230	LOC107073067
pd	map04910	LOC107073067
pd	map04922	LOC107073067
pd	map04930	LOC107073067
pd	map04932	LOC107073067
pd	map04950	LOC107073067
pd	map05165	LOC107073067
pd	map05203	LOC107073067
pd	map05230	LOC107073067
pd	map00860	LOC107073069
pd	map03022	LOC107073076
pd	map05168	LOC107073076
pd	map03013	LOC107073079
pd	map00350	LOC107073081
pd	map00950	LOC107073081
pd	map00965	LOC107073081
pd	map01100	LOC107073081
pd	map01110	LOC107073081
pd	map04916	LOC107073081
pd	map03008	LOC107073086
pd	map03018	LOC107073086
pd	map00900	LOC107073091
pd	map01130	LOC107073091
pd	map01524	LOC107073095
pd	map04115	LOC107073095
pd	map04210	LOC107073095
pd	map04214	LOC107073095
pd	map04215	LOC107073095
pd	map05010	LOC107073095
pd	map05012	LOC107073095
pd	map05014	LOC107073095
pd	map05016	LOC107073095
pd	map05134	LOC107073095
pd	map05152	LOC107073095
pd	map05161	LOC107073095
pd	map05200	LOC107073095
pd	map05222	LOC107073095
pd	map01524	LOC107073098
pd	map04064	LOC107073098
pd	map04120	LOC107073098
pd	map04210	LOC107073098
pd	map04214	LOC107073098
pd	map04215	LOC107073098
pd	map04217	LOC107073098
pd	map04510	LOC107073098
pd	map04621	LOC107073098
pd	map05145	LOC107073098
pd	map05166	LOC107073098
pd	map05200	LOC107073098
pd	map05222	LOC107073098
pd	map00020	LOC107073100
pd	map00640	LOC107073100
pd	map01100	LOC107073100
pd	map01110	LOC107073100
pd	map01120	LOC107073100
pd	map01130	LOC107073100
pd	map01200	LOC107073100
pd	map00310	LOC107073104
pd	map04330	LOC107073107
pd	map04217	LOC107073109
pd	map04218	LOC107073109
pd	map04962	LOC107073110
pd	map05010	LOC107073115
pd	map05231	LOC107073119
pd	map04915	LOC107073120
pd	map00330	LOC107073121
pd	map01100	LOC107073121
pd	map04216	LOC107073121
pd	map04150	LOC107073124
pd	map00680	LOC107073130
pd	map01120	LOC107073130
pd	map01200	LOC107073130
pd	map04622	LOC107073131
pd	map00220	LOC107073132
pd	map00250	LOC107073132
pd	map00630	LOC107073132
pd	map00910	LOC107073132
pd	map01100	LOC107073132
pd	map01120	LOC107073132
pd	map01230	LOC107073132
pd	map02020	LOC107073132
pd	map04217	LOC107073132
pd	map04724	LOC107073132
pd	map04727	LOC107073132
pd	map03010	LOC107073137
pd	map00430	LOC107073139
pd	map01100	LOC107073139
pd	map04015	LOC107073140
pd	map04144	LOC107073140
pd	map04360	LOC107073140
pd	map04390	LOC107073140
pd	map04391	LOC107073140
pd	map04530	LOC107073140
pd	map05165	LOC107073140
pd	map03060	LOC107073143
pd	map04141	LOC107073143
pd	map04145	LOC107073143
pd	map05110	LOC107073143
pd	map04022	LOC107073149
pd	map04024	LOC107073149
pd	map04260	LOC107073149
pd	map04261	LOC107073149
pd	map04911	LOC107073149
pd	map04918	LOC107073149
pd	map04919	LOC107073149
pd	map04925	LOC107073149
pd	map04960	LOC107073149
pd	map04961	LOC107073149
pd	map04964	LOC107073149
pd	map04970	LOC107073149
pd	map04971	LOC107073149
pd	map04972	LOC107073149
pd	map04973	LOC107073149
pd	map04974	LOC107073149
pd	map04976	LOC107073149
pd	map04978	LOC107073149
pd	map03050	LOC107073150
pd	map05169	LOC107073150
pd	map04711	LOC107073153
pd	map04111	LOC107073154
pd	map00564	LOC107073155
pd	map05231	LOC107073155
pd	map03010	LOC107073157
pd	map04022	LOC107073159
pd	map04024	LOC107073159
pd	map04260	LOC107073159
pd	map04261	LOC107073159
pd	map04911	LOC107073159
pd	map04918	LOC107073159
pd	map04919	LOC107073159
pd	map04925	LOC107073159
pd	map04960	LOC107073159
pd	map04961	LOC107073159
pd	map04964	LOC107073159
pd	map04970	LOC107073159
pd	map04971	LOC107073159
pd	map04972	LOC107073159
pd	map04973	LOC107073159
pd	map04974	LOC107073159
pd	map04976	LOC107073159
pd	map04978	LOC107073159
pd	map05202	LOC107073161
pd	map04022	LOC107073165
pd	map04024	LOC107073165
pd	map04260	LOC107073165
pd	map04261	LOC107073165
pd	map04911	LOC107073165
pd	map04918	LOC107073165
pd	map04919	LOC107073165
pd	map04925	LOC107073165
pd	map04960	LOC107073165
pd	map04961	LOC107073165
pd	map04964	LOC107073165
pd	map04970	LOC107073165
pd	map04971	LOC107073165
pd	map04972	LOC107073165
pd	map04973	LOC107073165
pd	map04974	LOC107073165
pd	map04976	LOC107073165
pd	map04978	LOC107073165
pd	map04140	LOC107073166
pd	map04727	LOC107073173
pd	map04022	LOC107073183
pd	map04024	LOC107073183
pd	map04062	LOC107073183
pd	map04071	LOC107073183
pd	map04270	LOC107073183
pd	map04310	LOC107073183
pd	map04350	LOC107073183
pd	map04360	LOC107073183
pd	map04510	LOC107073183
pd	map04530	LOC107073183
pd	map04611	LOC107073183
pd	map04670	LOC107073183
pd	map04810	LOC107073183
pd	map04921	LOC107073183
pd	map05130	LOC107073183
pd	map05131	LOC107073183
pd	map05132	LOC107073183
pd	map05200	LOC107073183
pd	map05205	LOC107073183
pd	map05206	LOC107073183
pd	map00030	LOC107073191
pd	map00053	LOC107073191
pd	map00930	LOC107073191
pd	map01100	LOC107073191
pd	map01110	LOC107073191
pd	map01120	LOC107073191
pd	map01130	LOC107073191
pd	map01200	LOC107073191
pd	map01220	LOC107073191
pd	map04111	LOC107073191
pd	map00514	LOC107073192
pd	map00515	LOC107073192
pd	map01100	LOC107073192
pd	map00510	LOC107073193
pd	map00513	LOC107073193
pd	map01100	LOC107073193
pd	map04141	LOC107073193
pd	map04130	LOC107073196
pd	map01524	LOC107073197
pd	map03430	LOC107073197
pd	map05200	LOC107073197
pd	map05210	LOC107073197
pd	map04150	LOC107073199
pd	map04122	LOC107073201
pd	map00052	LOC107073202
pd	map00520	LOC107073202
pd	map01100	LOC107073202
pd	map04917	LOC107073202
pd	map05206	LOC107073203
pd	map03050	LOC107073204
pd	map04710	LOC107073205
pd	map04711	LOC107073205
pd	map04713	LOC107073205
pd	map05168	LOC107073205
pd	map05202	LOC107073205
pd	map05221	LOC107073205
pd	map04146	LOC107073208
pd	map03015	LOC107073210
pd	map04071	LOC107073210
pd	map04151	LOC107073210
pd	map04152	LOC107073210
pd	map04261	LOC107073210
pd	map04728	LOC107073210
pd	map05165	LOC107073210
pd	map03010	LOC107073215
pd	map03040	LOC107073217
pd	map04141	LOC107073220
pd	map04212	LOC107073220
pd	map05200	LOC107073220
pd	map05225	LOC107073220
pd	map05418	LOC107073220
pd	map03013	LOC107073223
pd	map01522	LOC107073233
pd	map04320	LOC107073233
pd	map04330	LOC107073233
pd	map04371	LOC107073233
pd	map04390	LOC107073233
pd	map04391	LOC107073233
pd	map04658	LOC107073233
pd	map04668	LOC107073233
pd	map04919	LOC107073233
pd	map05020	LOC107073233
pd	map05165	LOC107073233
pd	map05200	LOC107073233
pd	map05206	LOC107073233
pd	map05224	LOC107073233
pd	map04210	LOC107073234
pd	map04218	LOC107073235
pd	map04144	LOC107073236
pd	map04141	LOC107073237
pd	map00230	LOC107073239
pd	map02025	LOC107073239
pd	map04113	LOC107073239
pd	map04213	LOC107073239
pd	map04214	LOC107073241
pd	map04215	LOC107073241
pd	map00562	LOC107073244
pd	map01100	LOC107073244
pd	map04014	LOC107073244
pd	map04015	LOC107073244
pd	map04020	LOC107073244
pd	map04024	LOC107073244
pd	map04070	LOC107073244
pd	map04919	LOC107073244
pd	map04933	LOC107073244
pd	map05205	LOC107073244
pd	map00513	LOC107073245
pd	map00601	LOC107073245
pd	map01100	LOC107073245
pd	map03040	LOC107073247
pd	map04010	LOC107073247
pd	map04141	LOC107073247
pd	map04144	LOC107073247
pd	map04213	LOC107073247
pd	map04612	LOC107073247
pd	map04915	LOC107073247
pd	map05134	LOC107073247
pd	map05145	LOC107073247
pd	map05162	LOC107073247
pd	map05164	LOC107073247
pd	map05169	LOC107073247
pd	map04138	LOC107073249
pd	map04721	LOC107073249
pd	map03040	LOC107073252
pd	map03018	LOC107073253
pd	map00310	LOC107073256
pd	map00073	LOC107073257
pd	map04146	LOC107073257
pd	map04212	LOC107073257
pd	map04141	LOC107073259
pd	map05134	LOC107073259
pd	map04974	LOC107073271
pd	map03040	LOC107073273
pd	map04624	LOC107073281
pd	map03018	LOC107073282
pd	map04624	LOC107073285
pd	map04624	LOC107073287
pd	map03013	LOC107073292
pd	map04141	LOC107073292
pd	map04150	LOC107073292
pd	map00230	LOC107073293
pd	map00240	LOC107073293
pd	map03030	LOC107073296
pd	map03420	LOC107073296
pd	map03430	LOC107073296
pd	map05130	LOC107073297
pd	map00030	LOC107073309
pd	map00053	LOC107073309
pd	map00930	LOC107073309
pd	map01100	LOC107073309
pd	map01110	LOC107073309
pd	map01120	LOC107073309
pd	map01130	LOC107073309
pd	map01200	LOC107073309
pd	map01220	LOC107073309
pd	map04111	LOC107073309
pd	map04080	LOC107073310
pd	map00230	LOC107073311
pd	map01522	LOC107073311
pd	map04015	LOC107073311
pd	map04020	LOC107073311
pd	map04022	LOC107073311
pd	map04024	LOC107073311
pd	map04062	LOC107073311
pd	map04072	LOC107073311
pd	map04114	LOC107073311
pd	map04211	LOC107073311
pd	map04213	LOC107073311
pd	map04261	LOC107073311
pd	map04270	LOC107073311
pd	map04371	LOC107073311
pd	map04540	LOC107073311
pd	map04611	LOC107073311
pd	map04713	LOC107073311
pd	map04714	LOC107073311
pd	map04723	LOC107073311
pd	map04724	LOC107073311
pd	map04725	LOC107073311
pd	map04727	LOC107073311
pd	map04742	LOC107073311
pd	map04750	LOC107073311
pd	map04911	LOC107073311
pd	map04912	LOC107073311
pd	map04913	LOC107073311
pd	map04914	LOC107073311
pd	map04915	LOC107073311
pd	map04916	LOC107073311
pd	map04918	LOC107073311
pd	map04921	LOC107073311
pd	map04922	LOC107073311
pd	map04923	LOC107073311
pd	map04925	LOC107073311
pd	map04926	LOC107073311
pd	map04927	LOC107073311
pd	map04934	LOC107073311
pd	map04970	LOC107073311
pd	map04971	LOC107073311
pd	map04972	LOC107073311
pd	map04976	LOC107073311
pd	map05032	LOC107073311
pd	map05166	LOC107073311
pd	map05200	LOC107073311
pd	map05414	LOC107073311
pd	map00030	LOC107073312
pd	map00053	LOC107073312
pd	map00930	LOC107073312
pd	map01100	LOC107073312
pd	map01110	LOC107073312
pd	map01120	LOC107073312
pd	map01130	LOC107073312
pd	map01200	LOC107073312
pd	map01220	LOC107073312
pd	map04111	LOC107073312
pd	map00511	LOC107073314
pd	map00513	LOC107073314
pd	map00520	LOC107073314
pd	map00531	LOC107073314
pd	map00603	LOC107073314
pd	map00604	LOC107073314
pd	map01100	LOC107073314
pd	map04142	LOC107073314
pd	map04136	LOC107073317
pd	map04140	LOC107073317
pd	map04211	LOC107073317
pd	map00310	LOC107073318
pd	map05206	LOC107073318
pd	map03022	LOC107073319
pd	map05168	LOC107073319
pd	map03050	LOC107073323
pd	map00230	LOC107073324
pd	map00240	LOC107073324
pd	map01100	LOC107073324
pd	map03020	LOC107073324
pd	map05016	LOC107073324
pd	map05169	LOC107073324
pd	map04927	LOC107073326
pd	map04934	LOC107073326
pd	map05202	LOC107073326
pd	map04010	LOC107073336
pd	map04022	LOC107073336
pd	map04071	LOC107073336
pd	map04072	LOC107073336
pd	map04270	LOC107073336
pd	map04371	LOC107073336
pd	map04611	LOC107073336
pd	map04730	LOC107073336
pd	map04810	LOC107073336
pd	map05200	LOC107073336
pd	map04142	LOC107073342
pd	map04979	LOC107073342
pd	map04142	LOC107073346
pd	map04979	LOC107073346
pd	map04919	LOC107073353
pd	map04139	LOC107073356
pd	map05168	LOC107073358
pd	map04010	LOC107073361
pd	map04013	LOC107073361
pd	map04015	LOC107073361
pd	map04212	LOC107073361
pd	map04218	LOC107073361
pd	map04380	LOC107073361
pd	map04620	LOC107073361
pd	map04624	LOC107073361
pd	map04664	LOC107073361
pd	map04668	LOC107073361
pd	map04714	LOC107073361
pd	map04750	LOC107073361
pd	map04912	LOC107073361
pd	map05014	LOC107073361
pd	map05145	LOC107073361
pd	map05164	LOC107073361
pd	map05167	LOC107073361
pd	map05169	LOC107073361
pd	map05418	LOC107073361
pd	map03410	LOC107073364
pd	map04140	LOC107073364
pd	map04217	LOC107073364
pd	map03040	LOC107073366
pd	map00190	LOC107073367
pd	map01100	LOC107073367
pd	map04714	LOC107073367
pd	map04723	LOC107073367
pd	map04932	LOC107073367
pd	map05010	LOC107073367
pd	map05012	LOC107073367
pd	map05016	LOC107073367
pd	map04130	LOC107073371
pd	map04138	LOC107073371
pd	map00532	LOC107073372
pd	map00534	LOC107073372
pd	map01100	LOC107073372
pd	map00051	LOC107073374
pd	map00520	LOC107073374
pd	map01100	LOC107073374
pd	map01110	LOC107073374
pd	map01130	LOC107073374
pd	map00563	LOC107073375
pd	map01100	LOC107073375
pd	map04141	LOC107073378
pd	map04919	LOC107073380
pd	map00230	LOC107073394
pd	map00240	LOC107073394
pd	map01100	LOC107073394
pd	map03030	LOC107073394
pd	map04014	LOC107073396
pd	map04137	LOC107073396
pd	map05012	LOC107073396
pd	map03013	LOC107073398
pd	map04138	LOC107073399
pd	map00500	LOC107073400
pd	map01100	LOC107073400
pd	map01110	LOC107073400
pd	map00230	LOC107073402
pd	map00240	LOC107073402
pd	map01100	LOC107073402
pd	map03030	LOC107073402
pd	map03410	LOC107073402
pd	map03420	LOC107073402
pd	map03430	LOC107073402
pd	map03440	LOC107073402
pd	map05166	LOC107073402
pd	map04610	LOC107073434
pd	map04624	LOC107073434
pd	map05150	LOC107073434
pd	map04919	LOC107073436
pd	map04710	LOC107073439
pd	map04711	LOC107073439
pd	map04728	LOC107073439
pd	map05168	LOC107073439
pd	map00073	LOC107073445
pd	map04146	LOC107073445
pd	map04212	LOC107073445
pd	map00073	LOC107073446
pd	map04146	LOC107073446
pd	map04212	LOC107073446
pd	map01040	LOC107073447
pd	map01212	LOC107073447
pd	map03320	LOC107073447
pd	map04152	LOC107073447
pd	map04212	LOC107073447
pd	map03018	LOC107073452
pd	map01523	LOC107073455
pd	map02010	LOC107073455
pd	map04024	LOC107073455
pd	map04976	LOC107073455
pd	map04120	LOC107073458
pd	map04141	LOC107073458
pd	map04520	LOC107073463
pd	map04810	LOC107073463
pd	map05205	LOC107073463
pd	map00190	LOC107073468
pd	map01100	LOC107073468
pd	map04714	LOC107073468
pd	map04723	LOC107073468
pd	map04932	LOC107073468
pd	map05010	LOC107073468
pd	map05012	LOC107073468
pd	map05016	LOC107073468
pd	map04151	LOC107073470
pd	map04662	LOC107073470
pd	map00970	LOC107073477
pd	map04624	LOC107073479
pd	map04624	LOC107073480
pd	map04624	LOC107073481
pd	map04624	LOC107073482
pd	map03013	LOC107073483
pd	map03015	LOC107073483
pd	map00310	LOC107073488
pd	map01100	LOC107073488
pd	map04080	LOC107073492
pd	map04926	LOC107073492
pd	map03015	LOC107073494
pd	map00100	LOC107073495
pd	map04142	LOC107073495
pd	map04979	LOC107073495
pd	map04610	LOC107073496
pd	map04624	LOC107073496
pd	map05150	LOC107073496
pd	map00310	LOC107073511
pd	map03018	LOC107073531
pd	map00061	LOC107073534
pd	map01100	LOC107073534
pd	map01212	LOC107073534
pd	map04152	LOC107073534
pd	map04910	LOC107073534
pd	map04624	LOC107073537
pd	map04624	LOC107073538
pd	map04136	LOC107073539
pd	map04138	LOC107073539
pd	map04140	LOC107073539
pd	map04150	LOC107073539
pd	map04151	LOC107073539
pd	map04714	LOC107073539
pd	map00230	LOC107073546
pd	map00240	LOC107073546
pd	map00760	LOC107073546
pd	map01100	LOC107073546
pd	map01110	LOC107073546
pd	map00073	LOC107073550
pd	map04146	LOC107073550
pd	map04212	LOC107073550
pd	map00280	LOC107073555
pd	map00640	LOC107073555
pd	map01100	LOC107073555
pd	map01110	LOC107073555
pd	map01130	LOC107073555
pd	map00310	LOC107073563
pd	map00061	LOC107073564
pd	map01100	LOC107073564
pd	map01212	LOC107073564
pd	map04152	LOC107073564
pd	map04910	LOC107073564
pd	map00061	LOC107073565
pd	map01100	LOC107073565
pd	map01212	LOC107073565
pd	map04152	LOC107073565
pd	map04910	LOC107073565
pd	map03015	LOC107073569
pd	map00900	LOC107073573
pd	map00981	LOC107073573
pd	map01130	LOC107073573
pd	map00073	LOC107073574
pd	map04146	LOC107073574
pd	map04212	LOC107073574
pd	map01521	LOC107073577
pd	map04010	LOC107073577
pd	map04014	LOC107073577
pd	map04015	LOC107073577
pd	map04060	LOC107073577
pd	map04066	LOC107073577
pd	map04144	LOC107073577
pd	map04151	LOC107073577
pd	map04510	LOC107073577
pd	map04520	LOC107073577
pd	map04550	LOC107073577
pd	map04714	LOC107073577
pd	map04810	LOC107073577
pd	map05200	LOC107073577
pd	map05202	LOC107073577
pd	map05205	LOC107073577
pd	map05215	LOC107073577
pd	map05218	LOC107073577
pd	map05224	LOC107073577
pd	map05226	LOC107073577
pd	map05230	LOC107073577
pd	map05323	LOC107073577
pd	map00561	LOC107073587
pd	map00564	LOC107073587
pd	map01100	LOC107073587
pd	map01110	LOC107073587
pd	map04740	LOC107073587
pd	map00073	LOC107073589
pd	map04146	LOC107073589
pd	map04212	LOC107073589
pd	map00310	LOC107073590
pd	map03013	LOC107073591
pd	map05162	LOC107073591
pd	map00061	LOC107073596
pd	map01100	LOC107073596
pd	map01212	LOC107073596
pd	map04152	LOC107073596
pd	map04910	LOC107073596
pd	map04624	LOC107073603
pd	map01040	LOC107073604
pd	map01212	LOC107073604
pd	map03320	LOC107073604
pd	map04152	LOC107073604
pd	map04212	LOC107073604
pd	map03460	LOC107073608
pd	map04330	LOC107073608
pd	map04950	LOC107073608
pd	map05165	LOC107073608
pd	map05200	LOC107073608
pd	map05224	LOC107073608
pd	map04710	LOC107073613
pd	map04711	LOC107073613
pd	map04728	LOC107073613
pd	map05168	LOC107073613
pd	map00073	LOC107073617
pd	map04146	LOC107073617
pd	map04212	LOC107073617
pd	map03440	LOC107073619
pd	map03460	LOC107073619
pd	map05200	LOC107073619
pd	map05212	LOC107073619
pd	map05224	LOC107073619
pd	map00310	LOC107073621
pd	map00100	LOC107073624
pd	map04142	LOC107073624
pd	map04979	LOC107073624
pd	map04624	LOC107073625
pd	map04934	LOC107073630
pd	map04142	LOC107073636
pd	map04979	LOC107073636
pd	map03015	LOC107073642
pd	map03010	LOC107073643
pd	map00310	LOC107073644
pd	map04151	LOC107073652
pd	map04662	LOC107073652
pd	map00480	LOC107073655
pd	map01100	LOC107073655
pd	map04614	LOC107073655
pd	map04640	LOC107073655
pd	map01040	LOC107073657
pd	map01212	LOC107073657
pd	map03320	LOC107073657
pd	map04152	LOC107073657
pd	map04212	LOC107073657
pd	map04022	LOC107073658
pd	map04270	LOC107073658
pd	map04911	LOC107073658
pd	map04924	LOC107073658
pd	map04970	LOC107073658
pd	map04972	LOC107073658
pd	map00061	LOC107073662
pd	map01100	LOC107073662
pd	map01212	LOC107073662
pd	map04152	LOC107073662
pd	map04910	LOC107073662
pd	map03030	LOC107073665
pd	map03420	LOC107073665
pd	map03430	LOC107073665
pd	map03440	LOC107073665
pd	map03460	LOC107073665
pd	map00073	LOC107073669
pd	map04146	LOC107073669
pd	map04212	LOC107073669
pd	map03013	LOC107073671
pd	map00073	LOC107073673
pd	map04146	LOC107073673
pd	map04212	LOC107073673
pd	map00310	LOC107073674
pd	map00061	LOC107073675
pd	map01100	LOC107073675
pd	map01212	LOC107073675
pd	map04152	LOC107073675
pd	map04910	LOC107073675
pd	map03013	LOC107073681
pd	map04624	LOC107073682
pd	map00073	LOC107073683
pd	map04146	LOC107073683
pd	map04212	LOC107073683
pd	map00073	LOC107073684
pd	map04146	LOC107073684
pd	map04212	LOC107073684
pd	map04710	LOC107073687
pd	map04711	LOC107073687
pd	map04728	LOC107073687
pd	map05168	LOC107073687
pd	map00565	LOC107073694
pd	map04624	LOC107073698
pd	map04624	LOC107073702
pd	map01521	LOC107073710
pd	map04010	LOC107073710
pd	map04014	LOC107073710
pd	map04015	LOC107073710
pd	map04060	LOC107073710
pd	map04066	LOC107073710
pd	map04144	LOC107073710
pd	map04151	LOC107073710
pd	map04510	LOC107073710
pd	map04520	LOC107073710
pd	map04550	LOC107073710
pd	map04714	LOC107073710
pd	map04810	LOC107073710
pd	map05200	LOC107073710
pd	map05202	LOC107073710
pd	map05205	LOC107073710
pd	map05215	LOC107073710
pd	map05218	LOC107073710
pd	map05224	LOC107073710
pd	map05226	LOC107073710
pd	map05230	LOC107073710
pd	map05323	LOC107073710
pd	map05202	LOC107073712
pd	map00073	LOC107073718
pd	map04146	LOC107073718
pd	map04212	LOC107073718
pd	map04624	LOC107073719
pd	map04624	LOC107073720
pd	map04144	LOC107073723
pd	map04666	LOC107073723
pd	map00073	LOC107073727
pd	map04146	LOC107073727
pd	map04212	LOC107073727
pd	map04080	LOC107073732
pd	map04912	LOC107073732
pd	map04066	LOC107073737
pd	map04068	LOC107073737
pd	map04152	LOC107073737
pd	map04910	LOC107073737
pd	map04911	LOC107073737
pd	map04917	LOC107073737
pd	map04919	LOC107073737
pd	map04920	LOC107073737
pd	map04922	LOC107073737
pd	map04930	LOC107073737
pd	map04931	LOC107073737
pd	map04950	LOC107073737
pd	map04973	LOC107073737
pd	map04976	LOC107073737
pd	map05166	LOC107073737
pd	map05200	LOC107073737
pd	map05211	LOC107073737
pd	map05230	LOC107073737
pd	map00061	LOC107073738
pd	map01100	LOC107073738
pd	map01212	LOC107073738
pd	map04152	LOC107073738
pd	map04910	LOC107073738
pd	map04624	LOC107073739
pd	map00073	LOC107073746
pd	map04146	LOC107073746
pd	map04212	LOC107073746
pd	map00061	LOC107073762
pd	map01100	LOC107073762
pd	map01212	LOC107073762
pd	map04152	LOC107073762
pd	map04910	LOC107073762
pd	map00073	LOC107073763
pd	map04146	LOC107073763
pd	map04212	LOC107073763
pd	map04514	LOC107073782
pd	map04520	LOC107073782
pd	map04910	LOC107073782
pd	map04931	LOC107073782
pd	map05206	LOC107073794
pd	map00073	LOC107073798
pd	map04146	LOC107073798
pd	map04212	LOC107073798
pd	map04141	LOC107073801
pd	map04612	LOC107073801
pd	map04144	LOC107073802
pd	map01524	LOC107073803
pd	map04978	LOC107073803
pd	map04152	LOC107073804
pd	map00900	LOC107073805
pd	map01100	LOC107073805
pd	map01110	LOC107073805
pd	map01130	LOC107073805
pd	map05164	LOC107073805
pd	map05166	LOC107073805
pd	map00190	LOC107073806
pd	map01100	LOC107073806
pd	map04714	LOC107073806
pd	map04723	LOC107073806
pd	map04932	LOC107073806
pd	map05010	LOC107073806
pd	map05012	LOC107073806
pd	map05016	LOC107073806
pd	map04810	LOC107073808
pd	map04010	LOC107073810
pd	map04020	LOC107073810
pd	map04713	LOC107073810
pd	map04925	LOC107073810
pd	map04927	LOC107073810
pd	map04930	LOC107073810
pd	map04934	LOC107073810
pd	map00532	LOC107073812
pd	map01100	LOC107073812
pd	map00330	LOC107073819
pd	map01100	LOC107073819
pd	map01110	LOC107073819
pd	map01130	LOC107073819
pd	map01230	LOC107073819
pd	map04010	LOC107073823
pd	map04141	LOC107073823
pd	map04213	LOC107073823
pd	map04370	LOC107073823
pd	map05146	LOC107073823
pd	map05169	LOC107073823
pd	map05205	LOC107073823
pd	map03430	LOC107073825
pd	map01524	LOC107073829
pd	map04210	LOC107073829
pd	map04215	LOC107073829
pd	map04217	LOC107073829
pd	map04620	LOC107073829
pd	map04621	LOC107073829
pd	map04622	LOC107073829
pd	map04624	LOC107073829
pd	map04657	LOC107073829
pd	map04668	LOC107073829
pd	map05010	LOC107073829
pd	map05142	LOC107073829
pd	map05152	LOC107073829
pd	map05161	LOC107073829
pd	map05165	LOC107073829
pd	map05167	LOC107073829
pd	map05168	LOC107073829
pd	map05200	LOC107073829
pd	map01521	LOC107073830
pd	map03013	LOC107073830
pd	map04066	LOC107073830
pd	map04150	LOC107073830
pd	map04151	LOC107073830
pd	map04211	LOC107073830
pd	map04910	LOC107073830
pd	map04010	LOC107073831
pd	map04013	LOC107073831
pd	map04022	LOC107073831
pd	map04371	LOC107073831
pd	map04921	LOC107073831
pd	map05202	LOC107073831
pd	map05418	LOC107073831
pd	map03320	LOC107073832
pd	map04714	LOC107073833
pd	map05200	LOC107073835
pd	map05220	LOC107073835
pd	map03040	LOC107073837
pd	map04142	LOC107073841
pd	map04144	LOC107073841
pd	map04721	LOC107073841
pd	map04961	LOC107073841
pd	map05016	LOC107073841
pd	map04310	LOC107073842
pd	map04390	LOC107073842
pd	map04550	LOC107073842
pd	map04934	LOC107073842
pd	map05165	LOC107073842
pd	map05200	LOC107073842
pd	map05210	LOC107073842
pd	map05213	LOC107073842
pd	map05217	LOC107073842
pd	map05224	LOC107073842
pd	map05225	LOC107073842
pd	map05226	LOC107073842
pd	map04150	LOC107073843
pd	map03010	LOC107073844
pd	map03010	LOC107073845
pd	map04320	LOC107073846
pd	map04141	LOC107073848
pd	map04012	LOC107073855
pd	map04120	LOC107073855
pd	map04144	LOC107073855
pd	map04660	LOC107073855
pd	map04910	LOC107073855
pd	map05100	LOC107073855
pd	map05200	LOC107073855
pd	map05205	LOC107073855
pd	map05220	LOC107073855
pd	map00480	LOC107073857
pd	map00590	LOC107073857
pd	map04216	LOC107073857
pd	map04918	LOC107073857
pd	map04110	LOC107073858
pd	map04111	LOC107073858
pd	map04113	LOC107073858
pd	map04114	LOC107073858
pd	map04914	LOC107073858
pd	map05166	LOC107073858
pd	map03010	LOC107073859
pd	map04146	LOC107073859
pd	map04144	LOC107073860
pd	map03018	LOC107073869
pd	map03018	LOC107073871
pd	map00563	LOC107073872
pd	map01100	LOC107073872
pd	map04120	LOC107073873
pd	map04141	LOC107073873
pd	map00051	LOC107073874
pd	map04066	LOC107073874
pd	map04152	LOC107073874
pd	map04919	LOC107073874
pd	map04922	LOC107073874
pd	map00520	LOC107073876
pd	map01100	LOC107073876
pd	map04066	LOC107073878
pd	map04911	LOC107073878
pd	map04919	LOC107073878
pd	map04920	LOC107073878
pd	map04922	LOC107073878
pd	map04931	LOC107073878
pd	map04976	LOC107073878
pd	map05166	LOC107073878
pd	map05200	LOC107073878
pd	map05211	LOC107073878
pd	map05230	LOC107073878
pd	map03018	LOC107073881
pd	map05410	LOC107073883
pd	map05414	LOC107073883
pd	map03320	LOC107073889
pd	map03008	LOC107073892
pd	map00860	LOC107073893
pd	map04144	LOC107073898
pd	map00310	LOC107073899
pd	map04624	LOC107073901
pd	map05146	LOC107073901
pd	map04013	LOC107073903
pd	map04014	LOC107073903
pd	map04218	LOC107073903
pd	map04320	LOC107073903
pd	map05166	LOC107073903
pd	map05200	LOC107073903
pd	map05211	LOC107073903
pd	map00010	LOC107073908
pd	map00030	LOC107073908
pd	map00052	LOC107073908
pd	map00230	LOC107073908
pd	map00500	LOC107073908
pd	map00520	LOC107073908
pd	map00521	LOC107073908
pd	map01100	LOC107073908
pd	map01110	LOC107073908
pd	map01120	LOC107073908
pd	map01130	LOC107073908
pd	map03040	LOC107073909
pd	map05168	LOC107073910
pd	map04137	LOC107073912
pd	map04624	LOC107073912
pd	map04068	LOC107073913
pd	map04140	LOC107073913
pd	map04150	LOC107073913
pd	map04151	LOC107073913
pd	map04152	LOC107073913
pd	map04211	LOC107073913
pd	map04213	LOC107073913
pd	map04371	LOC107073913
pd	map04530	LOC107073913
pd	map04710	LOC107073913
pd	map04714	LOC107073913
pd	map04910	LOC107073913
pd	map04920	LOC107073913
pd	map04921	LOC107073913
pd	map04922	LOC107073913
pd	map04931	LOC107073913
pd	map04932	LOC107073913
pd	map05410	LOC107073913
pd	map05418	LOC107073913
pd	map04010	LOC107073915
pd	map04012	LOC107073915
pd	map04015	LOC107073915
pd	map04062	LOC107073915
pd	map04510	LOC107073915
pd	map04666	LOC107073915
pd	map04722	LOC107073915
pd	map04810	LOC107073915
pd	map04910	LOC107073915
pd	map05100	LOC107073915
pd	map05131	LOC107073915
pd	map05200	LOC107073915
pd	map05206	LOC107073915
pd	map05211	LOC107073915
pd	map05220	LOC107073915
pd	map00600	LOC107073925
pd	map01100	LOC107073925
pd	map04071	LOC107073925
pd	map04142	LOC107073925
pd	map04217	LOC107073925
pd	map03008	LOC107073926
pd	map03013	LOC107073926
pd	map00900	LOC107073928
pd	map01100	LOC107073928
pd	map01110	LOC107073928
pd	map01130	LOC107073928
pd	map04152	LOC107073928
pd	map04976	LOC107073928
pd	map03008	LOC107073929
pd	map03013	LOC107073929
pd	map03018	LOC107073931
pd	map03040	LOC107073931
pd	map04530	LOC107073934
pd	map04610	LOC107073935
pd	map03013	LOC107073936
pd	map04714	LOC107073937
pd	map00561	LOC107073938
pd	map01100	LOC107073938
pd	map03320	LOC107073938
pd	map04626	LOC107073938
pd	map04360	LOC107073943
pd	map03420	LOC107073946
pd	map05230	LOC107073950
pd	map03015	LOC107073951
pd	map05164	LOC107073951
pd	map04610	LOC107073952
pd	map00510	LOC107073953
pd	map01100	LOC107073953
pd	map04141	LOC107073954
pd	map04140	LOC107073955
pd	map04142	LOC107073955
pd	map04145	LOC107073955
pd	map04210	LOC107073955
pd	map04612	LOC107073955
pd	map05205	LOC107073955
pd	map05323	LOC107073955
pd	map05418	LOC107073955
pd	map04138	LOC107073957
pd	map04530	LOC107073957
pd	map04110	LOC107073958
pd	map04213	LOC107073958
pd	map04330	LOC107073958
pd	map04919	LOC107073958
pd	map05016	LOC107073958
pd	map05034	LOC107073958
pd	map05165	LOC107073958
pd	map05169	LOC107073958
pd	map05200	LOC107073958
pd	map05202	LOC107073958
pd	map05203	LOC107073958
pd	map05220	LOC107073958
pd	map04550	LOC107073960
pd	map00190	LOC107073961
pd	map01100	LOC107073961
pd	map04714	LOC107073961
pd	map04723	LOC107073961
pd	map04932	LOC107073961
pd	map05010	LOC107073961
pd	map05012	LOC107073961
pd	map05016	LOC107073961
pd	map00600	LOC107073963
pd	map01100	LOC107073963
pd	map04071	LOC107073963
pd	map04921	LOC107073965
pd	map04925	LOC107073965
pd	map05166	LOC107073966
pd	map05203	LOC107073966
pd	map04014	LOC107073968
pd	map04137	LOC107073968
pd	map04620	LOC107073968
pd	map04621	LOC107073968
pd	map04622	LOC107073968
pd	map04623	LOC107073968
pd	map04657	LOC107073968
pd	map05160	LOC107073968
pd	map05161	LOC107073968
pd	map05162	LOC107073968
pd	map05164	LOC107073968
pd	map05165	LOC107073968
pd	map05167	LOC107073968
pd	map05168	LOC107073968
pd	map05169	LOC107073968
pd	map00600	LOC107073969
pd	map01100	LOC107073969
pd	map04071	LOC107073969
pd	map04979	LOC107073971
pd	map00760	LOC107073972
pd	map01100	LOC107073972
pd	map01521	LOC107073979
pd	map03010	LOC107073979
pd	map04066	LOC107073979
pd	map04150	LOC107073979
pd	map04151	LOC107073979
pd	map04371	LOC107073979
pd	map04714	LOC107073979
pd	map04910	LOC107073979
pd	map05205	LOC107073979
pd	map04068	LOC107073981
pd	map04114	LOC107073982
pd	map04914	LOC107073982
pd	map03008	LOC107073983
pd	map00561	LOC107073987
pd	map00564	LOC107073987
pd	map01100	LOC107073987
pd	map01110	LOC107073987
pd	map04070	LOC107073987
pd	map04072	LOC107073987
pd	map05231	LOC107073987
pd	map00310	LOC107073992
pd	map00564	LOC107073992
pd	map01100	LOC107073992
pd	map03015	LOC107073993
pd	map00600	LOC107073994
pd	map01100	LOC107073994
pd	map04071	LOC107073994
pd	map03050	LOC107073995
pd	map03040	LOC107073996
pd	map00010	LOC107073997
pd	map00053	LOC107073997
pd	map00071	LOC107073997
pd	map00280	LOC107073997
pd	map00310	LOC107073997
pd	map00330	LOC107073997
pd	map00340	LOC107073997
pd	map00380	LOC107073997
pd	map00410	LOC107073997
pd	map00561	LOC107073997
pd	map00620	LOC107073997
pd	map00625	LOC107073997
pd	map00830	LOC107073997
pd	map00903	LOC107073997
pd	map00981	LOC107073997
pd	map01100	LOC107073997
pd	map01110	LOC107073997
pd	map01120	LOC107073997
pd	map01130	LOC107073997
pd	map00270	LOC107073999
pd	map01100	LOC107073999
pd	map05206	LOC107073999
pd	map01521	LOC107074005
pd	map01522	LOC107074005
pd	map04010	LOC107074005
pd	map04012	LOC107074005
pd	map04013	LOC107074005
pd	map04014	LOC107074005
pd	map04015	LOC107074005
pd	map04062	LOC107074005
pd	map04068	LOC107074005
pd	map04071	LOC107074005
pd	map04072	LOC107074005
pd	map04137	LOC107074005
pd	map04138	LOC107074005
pd	map04140	LOC107074005
pd	map04150	LOC107074005
pd	map04151	LOC107074005
pd	map04210	LOC107074005
pd	map04211	LOC107074005
pd	map04213	LOC107074005
pd	map04214	LOC107074005
pd	map04218	LOC107074005
pd	map04320	LOC107074005
pd	map04360	LOC107074005
pd	map04370	LOC107074005
pd	map04371	LOC107074005
pd	map04540	LOC107074005
pd	map04550	LOC107074005
pd	map04650	LOC107074005
pd	map04660	LOC107074005
pd	map04662	LOC107074005
pd	map04664	LOC107074005
pd	map04714	LOC107074005
pd	map04720	LOC107074005
pd	map04722	LOC107074005
pd	map04725	LOC107074005
pd	map04726	LOC107074005
pd	map04730	LOC107074005
pd	map04810	LOC107074005
pd	map04910	LOC107074005
pd	map04912	LOC107074005
pd	map04914	LOC107074005
pd	map04915	LOC107074005
pd	map04916	LOC107074005
pd	map04917	LOC107074005
pd	map04919	LOC107074005
pd	map04921	LOC107074005
pd	map04926	LOC107074005
pd	map04933	LOC107074005
pd	map04960	LOC107074005
pd	map05034	LOC107074005
pd	map05160	LOC107074005
pd	map05161	LOC107074005
pd	map05165	LOC107074005
pd	map05166	LOC107074005
pd	map05167	LOC107074005
pd	map05200	LOC107074005
pd	map05203	LOC107074005
pd	map05205	LOC107074005
pd	map05206	LOC107074005
pd	map05210	LOC107074005
pd	map05211	LOC107074005
pd	map05212	LOC107074005
pd	map05213	LOC107074005
pd	map05214	LOC107074005
pd	map05215	LOC107074005
pd	map05216	LOC107074005
pd	map05218	LOC107074005
pd	map05219	LOC107074005
pd	map05220	LOC107074005
pd	map05221	LOC107074005
pd	map05223	LOC107074005
pd	map05224	LOC107074005
pd	map05225	LOC107074005
pd	map05226	LOC107074005
pd	map05230	LOC107074005
pd	map05231	LOC107074005
pd	map04068	LOC107074007
pd	map04152	LOC107074007
pd	map04211	LOC107074007
pd	map04213	LOC107074007
pd	map04371	LOC107074007
pd	map04530	LOC107074007
pd	map04710	LOC107074007
pd	map04714	LOC107074007
pd	map04910	LOC107074007
pd	map04920	LOC107074007
pd	map04921	LOC107074007
pd	map04922	LOC107074007
pd	map04931	LOC107074007
pd	map04932	LOC107074007
pd	map05410	LOC107074007
pd	map03040	LOC107074008
pd	map04714	LOC107074010
pd	map05230	LOC107074010
pd	map04010	LOC107074011
pd	map04141	LOC107074011
pd	map04213	LOC107074011
pd	map04370	LOC107074011
pd	map05146	LOC107074011
pd	map05169	LOC107074011
pd	map05205	LOC107074011
pd	map00300	LOC107074012
pd	map00310	LOC107074012
pd	map00380	LOC107074012
pd	map01100	LOC107074012
pd	map01130	LOC107074012
pd	map01210	LOC107074012
pd	map01521	LOC107074014
pd	map03010	LOC107074014
pd	map04066	LOC107074014
pd	map04150	LOC107074014
pd	map04151	LOC107074014
pd	map04371	LOC107074014
pd	map04714	LOC107074014
pd	map04910	LOC107074014
pd	map05205	LOC107074014
pd	map04141	LOC107074015
pd	map04151	LOC107074017
pd	map03008	LOC107074019
pd	map03013	LOC107074019
pd	map00563	LOC107074021
pd	map01100	LOC107074021
pd	map03008	LOC107074025
pd	map03013	LOC107074025
pd	map01524	LOC107074030
pd	map04010	LOC107074030
pd	map04115	LOC107074030
pd	map04210	LOC107074030
pd	map04214	LOC107074030
pd	map04215	LOC107074030
pd	map04650	LOC107074030
pd	map04657	LOC107074030
pd	map04668	LOC107074030
pd	map04726	LOC107074030
pd	map04932	LOC107074030
pd	map04933	LOC107074030
pd	map05010	LOC107074030
pd	map05012	LOC107074030
pd	map05014	LOC107074030
pd	map05016	LOC107074030
pd	map05120	LOC107074030
pd	map05133	LOC107074030
pd	map05134	LOC107074030
pd	map05145	LOC107074030
pd	map05146	LOC107074030
pd	map05152	LOC107074030
pd	map05161	LOC107074030
pd	map05165	LOC107074030
pd	map05167	LOC107074030
pd	map05168	LOC107074030
pd	map05200	LOC107074030
pd	map05203	LOC107074030
pd	map05205	LOC107074030
pd	map05206	LOC107074030
pd	map05210	LOC107074030
pd	map05222	LOC107074030
pd	map05416	LOC107074030
pd	map01524	LOC107074031
pd	map04010	LOC107074031
pd	map04115	LOC107074031
pd	map04210	LOC107074031
pd	map04214	LOC107074031
pd	map04215	LOC107074031
pd	map04650	LOC107074031
pd	map04657	LOC107074031
pd	map04668	LOC107074031
pd	map04726	LOC107074031
pd	map04932	LOC107074031
pd	map04933	LOC107074031
pd	map05010	LOC107074031
pd	map05012	LOC107074031
pd	map05014	LOC107074031
pd	map05016	LOC107074031
pd	map05120	LOC107074031
pd	map05133	LOC107074031
pd	map05134	LOC107074031
pd	map05145	LOC107074031
pd	map05146	LOC107074031
pd	map05152	LOC107074031
pd	map05161	LOC107074031
pd	map05165	LOC107074031
pd	map05167	LOC107074031
pd	map05168	LOC107074031
pd	map05200	LOC107074031
pd	map05203	LOC107074031
pd	map05205	LOC107074031
pd	map05206	LOC107074031
pd	map05210	LOC107074031
pd	map05222	LOC107074031
pd	map05416	LOC107074031
pd	map04962	LOC107074032
pd	map05016	LOC107074032
pd	map05016	LOC107074039
pd	map05016	LOC107074040
pd	map05168	LOC107074041
pd	map00511	LOC107074045
pd	map00513	LOC107074045
pd	map00520	LOC107074045
pd	map00531	LOC107074045
pd	map00603	LOC107074045
pd	map00604	LOC107074045
pd	map01100	LOC107074045
pd	map04142	LOC107074045
pd	map00230	LOC107074047
pd	map04024	LOC107074047
pd	map04371	LOC107074047
pd	map04713	LOC107074047
pd	map04714	LOC107074047
pd	map00350	LOC107074068
pd	map00360	LOC107074068
pd	map00380	LOC107074068
pd	map00901	LOC107074068
pd	map00950	LOC107074068
pd	map00965	LOC107074068
pd	map01100	LOC107074068
pd	map01110	LOC107074068
pd	map04726	LOC107074068
pd	map04728	LOC107074068
pd	map05030	LOC107074068
pd	map05031	LOC107074068
pd	map05034	LOC107074068
pd	map03015	LOC107074071
pd	map04071	LOC107074071
pd	map04113	LOC107074071
pd	map04114	LOC107074071
pd	map04151	LOC107074071
pd	map04152	LOC107074071
pd	map04261	LOC107074071
pd	map04728	LOC107074071
pd	map05165	LOC107074071
pd	map00230	LOC107074072
pd	map00240	LOC107074072
pd	map01100	LOC107074072
pd	map03030	LOC107074072
pd	map03410	LOC107074072
pd	map03420	LOC107074072
pd	map05166	LOC107074072
pd	map04066	LOC107074073
pd	map05200	LOC107074073
pd	map05211	LOC107074073
pd	map03010	LOC107074074
pd	map03320	LOC107074075
pd	map05016	LOC107074076
pd	map04013	LOC107074078
pd	map04630	LOC107074080
pd	map04015	LOC107074081
pd	map04530	LOC107074081
pd	map05165	LOC107074081
pd	map00230	LOC107074082
pd	map00240	LOC107074082
pd	map01100	LOC107074082
pd	map03020	LOC107074082
pd	map04623	LOC107074082
pd	map05169	LOC107074082
pd	map00270	LOC107074084
pd	map01100	LOC107074084
pd	map00280	LOC107074085
pd	map00410	LOC107074085
pd	map00640	LOC107074085
pd	map01100	LOC107074085
pd	map01200	LOC107074085
pd	map05016	LOC107074086
pd	map04723	LOC107074087
pd	map04745	LOC107074087
pd	map04925	LOC107074087
pd	map04310	LOC107074088
pd	map04340	LOC107074088
pd	map04341	LOC107074088
pd	map05165	LOC107074088
pd	map05224	LOC107074088
pd	map05225	LOC107074088
pd	map05226	LOC107074088
pd	map00250	LOC107074091
pd	map00410	LOC107074091
pd	map00430	LOC107074091
pd	map00650	LOC107074091
pd	map00770	LOC107074091
pd	map01100	LOC107074091
pd	map01110	LOC107074091
pd	map01120	LOC107074091
pd	map02024	LOC107074091
pd	map04727	LOC107074091
pd	map04940	LOC107074091
pd	map00062	LOC107074093
pd	map01110	LOC107074093
pd	map03013	LOC107074097
pd	map03015	LOC107074097
pd	map00190	LOC107074098
pd	map01100	LOC107074098
pd	map04714	LOC107074098
pd	map05010	LOC107074098
pd	map05012	LOC107074098
pd	map05016	LOC107074098
pd	map00230	LOC107074099
pd	map00240	LOC107074099
pd	map01100	LOC107074099
pd	map03030	LOC107074099
pd	map03410	LOC107074099
pd	map03420	LOC107074099
pd	map05166	LOC107074099
pd	map04150	LOC107074103
pd	map00190	LOC107074105
pd	map01100	LOC107074105
pd	map04714	LOC107074105
pd	map05010	LOC107074105
pd	map05012	LOC107074105
pd	map05016	LOC107074105
pd	map04064	LOC107074107
pd	map00511	LOC107074108
pd	map00513	LOC107074108
pd	map00520	LOC107074108
pd	map00531	LOC107074108
pd	map00603	LOC107074108
pd	map00604	LOC107074108
pd	map01100	LOC107074108
pd	map04142	LOC107074108
pd	map04064	LOC107074109
pd	map04726	LOC107074110
pd	map04970	LOC107074110
pd	map01521	LOC107074111
pd	map01522	LOC107074111
pd	map01524	LOC107074111
pd	map04012	LOC107074111
pd	map04014	LOC107074111
pd	map04015	LOC107074111
pd	map04024	LOC107074111
pd	map04062	LOC107074111
pd	map04066	LOC107074111
pd	map04068	LOC107074111
pd	map04070	LOC107074111
pd	map04071	LOC107074111
pd	map04072	LOC107074111
pd	map04140	LOC107074111
pd	map04150	LOC107074111
pd	map04151	LOC107074111
pd	map04152	LOC107074111
pd	map04210	LOC107074111
pd	map04211	LOC107074111
pd	map04213	LOC107074111
pd	map04218	LOC107074111
pd	map04360	LOC107074111
pd	map04370	LOC107074111
pd	map04380	LOC107074111
pd	map04510	LOC107074111
pd	map04550	LOC107074111
pd	map04611	LOC107074111
pd	map04620	LOC107074111
pd	map04630	LOC107074111
pd	map04650	LOC107074111
pd	map04660	LOC107074111
pd	map04662	LOC107074111
pd	map04664	LOC107074111
pd	map04666	LOC107074111
pd	map04668	LOC107074111
pd	map04670	LOC107074111
pd	map04722	LOC107074111
pd	map04725	LOC107074111
pd	map04750	LOC107074111
pd	map04810	LOC107074111
pd	map04910	LOC107074111
pd	map04914	LOC107074111
pd	map04915	LOC107074111
pd	map04917	LOC107074111
pd	map04919	LOC107074111
pd	map04923	LOC107074111
pd	map04926	LOC107074111
pd	map04930	LOC107074111
pd	map04931	LOC107074111
pd	map04932	LOC107074111
pd	map04933	LOC107074111
pd	map04960	LOC107074111
pd	map04973	LOC107074111
pd	map05100	LOC107074111
pd	map05142	LOC107074111
pd	map05146	LOC107074111
pd	map05160	LOC107074111
pd	map05161	LOC107074111
pd	map05162	LOC107074111
pd	map05164	LOC107074111
pd	map05165	LOC107074111
pd	map05166	LOC107074111
pd	map05167	LOC107074111
pd	map05169	LOC107074111
pd	map05200	LOC107074111
pd	map05203	LOC107074111
pd	map05205	LOC107074111
pd	map05210	LOC107074111
pd	map05211	LOC107074111
pd	map05212	LOC107074111
pd	map05213	LOC107074111
pd	map05214	LOC107074111
pd	map05215	LOC107074111
pd	map05218	LOC107074111
pd	map05220	LOC107074111
pd	map05221	LOC107074111
pd	map05222	LOC107074111
pd	map05223	LOC107074111
pd	map05224	LOC107074111
pd	map05225	LOC107074111
pd	map05226	LOC107074111
pd	map05230	LOC107074111
pd	map05231	LOC107074111
pd	map05418	LOC107074111
pd	map00440	LOC107074115
pd	map00564	LOC107074115
pd	map01100	LOC107074115
pd	map05231	LOC107074115
pd	map04142	LOC107074116
pd	map04210	LOC107074116
pd	map04750	LOC107074116
pd	map04510	LOC107074117
pd	map04530	LOC107074117
pd	map04611	LOC107074117
pd	map04670	LOC107074117
pd	map04810	LOC107074117
pd	map04015	LOC107074119
pd	map04145	LOC107074119
pd	map04151	LOC107074119
pd	map04360	LOC107074119
pd	map04380	LOC107074119
pd	map04390	LOC107074119
pd	map04510	LOC107074119
pd	map04512	LOC107074119
pd	map04514	LOC107074119
pd	map04530	LOC107074119
pd	map04610	LOC107074119
pd	map04611	LOC107074119
pd	map04640	LOC107074119
pd	map04650	LOC107074119
pd	map04670	LOC107074119
pd	map04810	LOC107074119
pd	map04919	LOC107074119
pd	map05100	LOC107074119
pd	map05130	LOC107074119
pd	map05131	LOC107074119
pd	map05133	LOC107074119
pd	map05134	LOC107074119
pd	map05140	LOC107074119
pd	map05144	LOC107074119
pd	map05145	LOC107074119
pd	map05146	LOC107074119
pd	map05150	LOC107074119
pd	map05152	LOC107074119
pd	map05165	LOC107074119
pd	map05166	LOC107074119
pd	map05200	LOC107074119
pd	map05205	LOC107074119
pd	map05206	LOC107074119
pd	map05222	LOC107074119
pd	map05323	LOC107074119
pd	map05410	LOC107074119
pd	map05412	LOC107074119
pd	map05414	LOC107074119
pd	map05416	LOC107074119
pd	map05418	LOC107074119
pd	map04068	LOC107074122
pd	map04110	LOC107074122
pd	map04144	LOC107074122
pd	map04218	LOC107074122
pd	map04350	LOC107074122
pd	map04371	LOC107074122
pd	map04390	LOC107074122
pd	map04520	LOC107074122
pd	map04550	LOC107074122
pd	map04659	LOC107074122
pd	map04926	LOC107074122
pd	map04933	LOC107074122
pd	map05142	LOC107074122
pd	map05166	LOC107074122
pd	map05200	LOC107074122
pd	map05210	LOC107074122
pd	map05212	LOC107074122
pd	map05225	LOC107074122
pd	map05226	LOC107074122
pd	map05321	LOC107074122
pd	map03010	LOC107074125
pd	map00380	LOC107074132
pd	map01100	LOC107074132
pd	map00270	LOC107074134
pd	map01100	LOC107074134
pd	map00052	LOC107074137
pd	map00500	LOC107074137
pd	map01100	LOC107074137
pd	map04150	LOC107074138
pd	map05211	LOC107074138
pd	map04340	LOC107074139
pd	map04341	LOC107074139
pd	map00130	LOC107074140
pd	map01100	LOC107074140
pd	map01110	LOC107074140
pd	map03008	LOC107074141
pd	map04217	LOC107074144
pd	map04218	LOC107074144
pd	map04621	LOC107074144
pd	map04921	LOC107074144
pd	map04978	LOC107074144
pd	map03040	LOC107074145
pd	map05120	LOC107074147
pd	map02024	LOC107074154
pd	map03060	LOC107074154
pd	map03070	LOC107074154
pd	map03010	LOC107074158
pd	map04510	LOC107074159
pd	map04530	LOC107074159
pd	map04611	LOC107074159
pd	map04670	LOC107074159
pd	map04810	LOC107074159
pd	map04510	LOC107074162
pd	map04611	LOC107074162
pd	map04670	LOC107074162
pd	map04810	LOC107074162
pd	map00510	LOC107074165
pd	map00513	LOC107074165
pd	map01100	LOC107074165
pd	map04141	LOC107074165
pd	map03010	LOC107074166
pd	map00670	LOC107074172
pd	map01100	LOC107074172
pd	map00600	LOC107074175
pd	map01100	LOC107074175
pd	map04020	LOC107074175
pd	map04071	LOC107074175
pd	map04072	LOC107074175
pd	map04370	LOC107074175
pd	map04371	LOC107074175
pd	map04666	LOC107074175
pd	map05152	LOC107074175
pd	map03460	LOC107074178
pd	map00564	LOC107074179
pd	map00565	LOC107074179
pd	map01100	LOC107074179
pd	map01110	LOC107074179
pd	map04714	LOC107074179
pd	map03013	LOC107074183
pd	map05016	LOC107074183
pd	map04150	LOC107074184
pd	map04340	LOC107074186
pd	map04614	LOC107074187
pd	map04974	LOC107074187
pd	map05034	LOC107074189
pd	map05203	LOC107074189
pd	map05322	LOC107074189
pd	map04391	LOC107074190
pd	map04510	LOC107074190
pd	map04810	LOC107074190
pd	map04933	LOC107074190
pd	map05131	LOC107074190
pd	map00270	LOC107074195
pd	map00330	LOC107074195
pd	map01100	LOC107074195
pd	map05146	LOC107074206
pd	map00190	LOC107074208
pd	map01100	LOC107074208
pd	map04260	LOC107074208
pd	map04714	LOC107074208
pd	map04932	LOC107074208
pd	map05010	LOC107074208
pd	map05012	LOC107074208
pd	map05016	LOC107074208
pd	map00970	LOC107074210
pd	map03040	LOC107074211
pd	map03022	LOC107074223
pd	map03420	LOC107074223
pd	map05203	LOC107074223
pd	map05166	LOC107074229
pd	map05166	LOC107074237
pd	map03440	LOC107074246
pd	map03460	LOC107074246
pd	map03008	LOC107074247
pd	map00230	LOC107074249
pd	map04024	LOC107074249
pd	map04371	LOC107074249
pd	map04713	LOC107074249
pd	map04714	LOC107074249
pd	map03040	LOC107074250
pd	map04110	LOC107074264
pd	map04111	LOC107074264
pd	map04113	LOC107074264
pd	map04114	LOC107074264
pd	map04914	LOC107074264
pd	map05166	LOC107074264
pd	map04080	LOC107074268
pd	map04724	LOC107074268
pd	map04115	LOC107074270
pd	map04150	LOC107074270
pd	map04211	LOC107074270
pd	map00010	LOC107074275
pd	map00051	LOC107074275
pd	map00052	LOC107074275
pd	map00500	LOC107074275
pd	map00520	LOC107074275
pd	map00521	LOC107074275
pd	map00524	LOC107074275
pd	map01100	LOC107074275
pd	map01110	LOC107074275
pd	map01120	LOC107074275
pd	map01130	LOC107074275
pd	map01200	LOC107074275
pd	map04066	LOC107074275
pd	map04910	LOC107074275
pd	map04911	LOC107074275
pd	map04917	LOC107074275
pd	map04922	LOC107074275
pd	map04930	LOC107074275
pd	map04950	LOC107074275
pd	map04973	LOC107074275
pd	map05230	LOC107074275
pd	map04110	LOC107074281
pd	map04111	LOC107074281
pd	map04113	LOC107074281
pd	map04114	LOC107074281
pd	map04120	LOC107074281
pd	map04914	LOC107074281
pd	map05166	LOC107074281
pd	map00030	LOC107074287
pd	map00230	LOC107074287
pd	map01100	LOC107074287
pd	map01110	LOC107074287
pd	map01120	LOC107074287
pd	map01130	LOC107074287
pd	map01200	LOC107074287
pd	map01230	LOC107074287
pd	map04144	LOC107074296
pd	map04212	LOC107074296
pd	map04310	LOC107074300
pd	map04380	LOC107074300
pd	map04120	LOC107074301
pd	map00230	LOC107074302
pd	map00240	LOC107074302
pd	map01100	LOC107074302
pd	map03020	LOC107074302
pd	map04623	LOC107074302
pd	map05169	LOC107074302
pd	map03013	LOC107074304
pd	map03015	LOC107074304
pd	map05130	LOC107074307
pd	map05202	LOC107074308
pd	map05016	LOC107074310
pd	map00511	LOC107074314
pd	map00513	LOC107074314
pd	map01100	LOC107074314
pd	map04120	LOC107074314
pd	map04144	LOC107074314
pd	map04340	LOC107074314
pd	map04341	LOC107074314
pd	map04350	LOC107074314
pd	map04120	LOC107074315
pd	map00440	LOC107074320
pd	map00564	LOC107074320
pd	map00565	LOC107074320
pd	map01100	LOC107074320
pd	map01110	LOC107074320
pd	map04015	LOC107074322
pd	map04145	LOC107074322
pd	map04151	LOC107074322
pd	map04360	LOC107074322
pd	map04380	LOC107074322
pd	map04390	LOC107074322
pd	map04510	LOC107074322
pd	map04512	LOC107074322
pd	map04514	LOC107074322
pd	map04530	LOC107074322
pd	map04610	LOC107074322
pd	map04611	LOC107074322
pd	map04640	LOC107074322
pd	map04650	LOC107074322
pd	map04670	LOC107074322
pd	map04810	LOC107074322
pd	map04919	LOC107074322
pd	map05100	LOC107074322
pd	map05130	LOC107074322
pd	map05131	LOC107074322
pd	map05133	LOC107074322
pd	map05134	LOC107074322
pd	map05140	LOC107074322
pd	map05144	LOC107074322
pd	map05145	LOC107074322
pd	map05146	LOC107074322
pd	map05150	LOC107074322
pd	map05152	LOC107074322
pd	map05165	LOC107074322
pd	map05166	LOC107074322
pd	map05200	LOC107074322
pd	map05205	LOC107074322
pd	map05206	LOC107074322
pd	map05222	LOC107074322
pd	map05323	LOC107074322
pd	map05410	LOC107074322
pd	map05412	LOC107074322
pd	map05414	LOC107074322
pd	map05416	LOC107074322
pd	map05418	LOC107074322
pd	map03060	LOC107074326
pd	map04110	LOC107074327
pd	map04111	LOC107074327
pd	map04113	LOC107074327
pd	map04114	LOC107074327
pd	map00562	LOC107074331
pd	map01100	LOC107074331
pd	map04070	LOC107074331
pd	map04140	LOC107074331
pd	map00230	LOC107074333
pd	map00240	LOC107074333
pd	map01100	LOC107074333
pd	map03020	LOC107074333
pd	map05016	LOC107074333
pd	map05169	LOC107074333
pd	map04122	LOC107074337
pd	map04120	LOC107074338
pd	map00790	LOC107074341
pd	map01100	LOC107074341
pd	map00190	LOC107074342
pd	map01100	LOC107074342
pd	map04714	LOC107074342
pd	map00561	LOC107074344
pd	map00564	LOC107074344
pd	map01100	LOC107074344
pd	map01110	LOC107074344
pd	map04120	LOC107074346
pd	map04141	LOC107074346
pd	map02010	LOC107074348
pd	map04976	LOC107074348
pd	map05206	LOC107074348
pd	map05226	LOC107074348
pd	map03440	LOC107074350
pd	map05226	LOC107074350
pd	map00230	LOC107074351
pd	map00670	LOC107074351
pd	map01100	LOC107074351
pd	map01110	LOC107074351
pd	map01130	LOC107074351
pd	map01523	LOC107074351
pd	map04115	LOC107074352
pd	map04150	LOC107074352
pd	map04211	LOC107074352
pd	map00071	LOC107074353
pd	map04146	LOC107074353
pd	map02024	LOC107074356
pd	map03060	LOC107074356
pd	map03070	LOC107074356
pd	map04136	LOC107074361
pd	map04137	LOC107074361
pd	map04138	LOC107074361
pd	map04139	LOC107074361
pd	map04140	LOC107074361
pd	map04150	LOC107074361
pd	map04152	LOC107074361
pd	map04211	LOC107074361
pd	map04212	LOC107074361
pd	map04080	LOC107074364
pd	map04214	LOC107074364
pd	map04979	LOC107074364
pd	map05166	LOC107074364
pd	map05168	LOC107074370
pd	map05203	LOC107074370
pd	map00071	LOC107074371
pd	map04068	LOC107074373
pd	map04110	LOC107074373
pd	map04114	LOC107074373
pd	map04914	LOC107074373
pd	map05030	LOC107074374
pd	map04726	LOC107074375
pd	map04911	LOC107074375
pd	map04970	LOC107074375
pd	map04974	LOC107074375
pd	map04976	LOC107074375
pd	map03050	LOC107074377
pd	map05169	LOC107074377
pd	map03420	LOC107074381
pd	map04014	LOC107074381
pd	map04015	LOC107074381
pd	map04072	LOC107074381
pd	map04141	LOC107074381
pd	map05200	LOC107074381
pd	map05210	LOC107074381
pd	map05212	LOC107074381
pd	map05231	LOC107074381
pd	map04010	LOC107074382
pd	map04013	LOC107074382
pd	map04214	LOC107074382
pd	map00534	LOC107074383
pd	map03013	LOC107074385
pd	map05169	LOC107074385
pd	map04979	LOC107074389
pd	map04978	LOC107074392
pd	map05014	LOC107074392
pd	map03010	LOC107074393
pd	map04072	LOC107074397
pd	map04080	LOC107074397
pd	map04724	LOC107074397
pd	map05030	LOC107074397
pd	map04136	LOC107074398
pd	map04138	LOC107074398
pd	map04140	LOC107074398
pd	map00450	LOC107074399
pd	map01100	LOC107074399
pd	map00230	LOC107074400
pd	map00730	LOC107074400
pd	map01100	LOC107074400
pd	map01110	LOC107074400
pd	map01130	LOC107074400
pd	map04010	LOC107074404
pd	map04014	LOC107074404
pd	map04024	LOC107074404
pd	map04072	LOC107074404
pd	map04137	LOC107074404
pd	map04140	LOC107074404
pd	map04218	LOC107074404
pd	map04371	LOC107074404
pd	map04810	LOC107074404
pd	map05166	LOC107074404
pd	map05205	LOC107074404
pd	map01521	LOC107074408
pd	map01522	LOC107074408
pd	map04012	LOC107074408
pd	map04066	LOC107074408
pd	map04072	LOC107074408
pd	map04136	LOC107074408
pd	map04138	LOC107074408
pd	map04139	LOC107074408
pd	map04140	LOC107074408
pd	map04150	LOC107074408
pd	map04151	LOC107074408
pd	map04152	LOC107074408
pd	map04211	LOC107074408
pd	map04212	LOC107074408
pd	map04213	LOC107074408
pd	map04218	LOC107074408
pd	map04371	LOC107074408
pd	map04630	LOC107074408
pd	map04659	LOC107074408
pd	map04714	LOC107074408
pd	map04910	LOC107074408
pd	map04919	LOC107074408
pd	map04920	LOC107074408
pd	map04930	LOC107074408
pd	map04931	LOC107074408
pd	map05165	LOC107074408
pd	map05167	LOC107074408
pd	map05200	LOC107074408
pd	map05205	LOC107074408
pd	map05206	LOC107074408
pd	map05210	LOC107074408
pd	map05212	LOC107074408
pd	map05214	LOC107074408
pd	map05215	LOC107074408
pd	map05221	LOC107074408
pd	map05224	LOC107074408
pd	map05225	LOC107074408
pd	map05226	LOC107074408
pd	map05230	LOC107074408
pd	map05231	LOC107074408
pd	map03460	LOC107074409
pd	map04340	LOC107074413
pd	map04977	LOC107074416
pd	map04020	LOC107074421
pd	map04024	LOC107074421
pd	map04611	LOC107074421
pd	map04924	LOC107074421
pd	map04925	LOC107074421
pd	map04927	LOC107074421
pd	map04934	LOC107074421
pd	map05340	LOC107074421
pd	map04012	LOC107074422
pd	map04014	LOC107074422
pd	map04360	LOC107074422
pd	map04510	LOC107074422
pd	map04660	LOC107074422
pd	map04810	LOC107074422
pd	map05206	LOC107074422
pd	map05211	LOC107074422
pd	map04144	LOC107074423
pd	map04714	LOC107074426
pd	map05225	LOC107074426
pd	map03013	LOC107074428
pd	map00521	LOC107074430
pd	map00562	LOC107074430
pd	map01100	LOC107074430
pd	map04070	LOC107074430
pd	map00521	LOC107074431
pd	map00562	LOC107074431
pd	map01100	LOC107074431
pd	map04070	LOC107074431
pd	map00521	LOC107074432
pd	map00562	LOC107074432
pd	map01100	LOC107074432
pd	map04070	LOC107074432
pd	map00190	LOC107074434
pd	map01100	LOC107074434
pd	map04714	LOC107074434
pd	map04723	LOC107074434
pd	map04932	LOC107074434
pd	map05010	LOC107074434
pd	map05012	LOC107074434
pd	map05016	LOC107074434
pd	map00750	LOC107074436
pd	map01100	LOC107074436
pd	map01120	LOC107074436
pd	map04144	LOC107074436
pd	map04666	LOC107074436
pd	map04810	LOC107074436
pd	map05100	LOC107074436
pd	map05130	LOC107074436
pd	map05131	LOC107074436
pd	map05132	LOC107074436
pd	map00534	LOC107074439
pd	map01100	LOC107074439
pd	map04137	LOC107074443
pd	map04217	LOC107074443
pd	map04668	LOC107074443
pd	map04745	LOC107074447
pd	map00562	LOC107074452
pd	map01100	LOC107074452
pd	map04070	LOC107074452
pd	map05164	LOC107074453
pd	map04320	LOC107074454
pd	map04140	LOC107074455
pd	map01521	LOC107074456
pd	map04010	LOC107074456
pd	map04014	LOC107074456
pd	map04015	LOC107074456
pd	map04144	LOC107074456
pd	map04146	LOC107074456
pd	map04151	LOC107074456
pd	map04550	LOC107074456
pd	map04810	LOC107074456
pd	map05200	LOC107074456
pd	map05215	LOC107074456
pd	map05226	LOC107074456
pd	map05230	LOC107074456
pd	map04068	LOC107074457
pd	map04110	LOC107074457
pd	map04218	LOC107074457
pd	map04914	LOC107074457
pd	map04136	LOC107074462
pd	map04138	LOC107074462
pd	map04140	LOC107074462
pd	map04150	LOC107074462
pd	map04151	LOC107074462
pd	map04152	LOC107074462
pd	map04211	LOC107074462
pd	map04213	LOC107074462
pd	map04714	LOC107074462
pd	map04910	LOC107074462
pd	map05206	LOC107074462
pd	map04080	LOC107074463
pd	map04724	LOC107074463
pd	map03320	LOC107074465
pd	map04151	LOC107074465
pd	map04214	LOC107074465
pd	map04659	LOC107074465
pd	map04919	LOC107074465
pd	map04920	LOC107074465
pd	map04932	LOC107074465
pd	map04976	LOC107074465
pd	map05160	LOC107074465
pd	map05200	LOC107074465
pd	map05202	LOC107074465
pd	map05216	LOC107074465
pd	map05222	LOC107074465
pd	map05223	LOC107074465
pd	map05226	LOC107074465
pd	map04510	LOC107074466
pd	map04520	LOC107074466
pd	map04530	LOC107074466
pd	map04670	LOC107074466
pd	map04810	LOC107074466
pd	map05146	LOC107074466
pd	map05203	LOC107074466
pd	map05322	LOC107074466
pd	map05412	LOC107074466
pd	map04142	LOC107074467
pd	map00511	LOC107074469
pd	map00600	LOC107074469
pd	map01100	LOC107074469
pd	map04142	LOC107074469
pd	map03010	LOC107074470
pd	map00220	LOC107074472
pd	map00250	LOC107074472
pd	map00471	LOC107074472
pd	map00910	LOC107074472
pd	map01100	LOC107074472
pd	map01200	LOC107074472
pd	map04217	LOC107074472
pd	map04964	LOC107074472
pd	map01521	LOC107074475
pd	map01522	LOC107074475
pd	map04012	LOC107074475
pd	map04066	LOC107074475
pd	map04140	LOC107074475
pd	map04150	LOC107074475
pd	map04151	LOC107074475
pd	map04152	LOC107074475
pd	map04211	LOC107074475
pd	map04212	LOC107074475
pd	map04213	LOC107074475
pd	map04350	LOC107074475
pd	map04371	LOC107074475
pd	map04666	LOC107074475
pd	map04714	LOC107074475
pd	map04910	LOC107074475
pd	map04931	LOC107074475
pd	map05165	LOC107074475
pd	map05200	LOC107074475
pd	map05205	LOC107074475
pd	map05210	LOC107074475
pd	map05212	LOC107074475
pd	map05221	LOC107074475
pd	map05224	LOC107074475
pd	map05225	LOC107074475
pd	map05226	LOC107074475
pd	map05231	LOC107074475
pd	map00010	LOC107074479
pd	map00053	LOC107074479
pd	map00071	LOC107074479
pd	map00260	LOC107074479
pd	map00280	LOC107074479
pd	map00310	LOC107074479
pd	map00330	LOC107074479
pd	map00340	LOC107074479
pd	map00380	LOC107074479
pd	map00410	LOC107074479
pd	map00561	LOC107074479
pd	map00620	LOC107074479
pd	map01100	LOC107074479
pd	map01110	LOC107074479
pd	map01120	LOC107074479
pd	map01130	LOC107074479
pd	map04110	LOC107074481
pd	map04111	LOC107074481
pd	map04113	LOC107074481
pd	map00520	LOC107074486
pd	map01100	LOC107074486
pd	map00120	LOC107074491
pd	map01100	LOC107074491
pd	map04146	LOC107074491
pd	map03410	LOC107074492
pd	map00512	LOC107074493
pd	map01100	LOC107074493
pd	map00561	LOC107074494
pd	map00564	LOC107074494
pd	map00565	LOC107074494
pd	map00600	LOC107074494
pd	map01100	LOC107074494
pd	map01110	LOC107074494
pd	map04072	LOC107074494
pd	map04666	LOC107074494
pd	map04975	LOC107074494
pd	map05231	LOC107074494
pd	map00600	LOC107074500
pd	map03015	LOC107074502
pd	map00051	LOC107074503
pd	map00561	LOC107074503
pd	map00680	LOC107074503
pd	map01100	LOC107074503
pd	map01120	LOC107074503
pd	map01200	LOC107074503
pd	map04622	LOC107074503
pd	map00073	LOC107074504
pd	map04146	LOC107074504
pd	map04212	LOC107074504
pd	map04146	LOC107074505
pd	map00830	LOC107074509
pd	map01100	LOC107074509
pd	map04150	LOC107074517
pd	map03040	LOC107074518
pd	map00230	LOC107074524
pd	map02025	LOC107074524
pd	map04113	LOC107074524
pd	map04213	LOC107074524
pd	map04390	LOC107074524
pd	map04391	LOC107074524
pd	map04530	LOC107074524
pd	map04621	LOC107074524
pd	map05165	LOC107074524
pd	map05203	LOC107074524
pd	map04310	LOC107074525
pd	map04390	LOC107074525
pd	map04550	LOC107074525
pd	map04810	LOC107074525
pd	map04934	LOC107074525
pd	map05165	LOC107074525
pd	map05166	LOC107074525
pd	map05200	LOC107074525
pd	map05206	LOC107074525
pd	map05210	LOC107074525
pd	map05213	LOC107074525
pd	map05217	LOC107074525
pd	map05224	LOC107074525
pd	map05225	LOC107074525
pd	map05226	LOC107074525
pd	map00564	LOC107074526
pd	map05231	LOC107074526
pd	map04144	LOC107074527
pd	map04110	LOC107074533
pd	map04111	LOC107074533
pd	map04113	LOC107074533
pd	map00280	LOC107074539
pd	map00640	LOC107074539
pd	map01100	LOC107074539
pd	map01110	LOC107074539
pd	map01130	LOC107074539
pd	map00531	LOC107074542
pd	map01100	LOC107074542
pd	map04142	LOC107074542
pd	map04624	LOC107074551
pd	map05205	LOC107074551
pd	map00531	LOC107074552
pd	map01100	LOC107074552
pd	map04142	LOC107074552
pd	map04721	LOC107074555
pd	map04064	LOC107074556
pd	map04217	LOC107074556
pd	map04620	LOC107074556
pd	map05133	LOC107074556
pd	map05161	LOC107074556
pd	map04721	LOC107074558
pd	map01524	LOC107074566
pd	map04064	LOC107074566
pd	map04120	LOC107074566
pd	map04210	LOC107074566
pd	map04214	LOC107074566
pd	map04215	LOC107074566
pd	map04217	LOC107074566
pd	map04510	LOC107074566
pd	map04621	LOC107074566
pd	map04624	LOC107074566
pd	map04668	LOC107074566
pd	map05145	LOC107074566
pd	map05166	LOC107074566
pd	map05200	LOC107074566
pd	map05222	LOC107074566
pd	map04710	LOC107074571
pd	map04711	LOC107074571
pd	map04728	LOC107074571
pd	map05168	LOC107074571
pd	map00360	LOC107074572
pd	map00400	LOC107074572
pd	map00790	LOC107074572
pd	map01100	LOC107074572
pd	map01230	LOC107074572
pd	map04714	LOC107074573
pd	map00511	LOC107074575
pd	map00600	LOC107074575
pd	map01100	LOC107074575
pd	map04011	LOC107074575
pd	map04142	LOC107074575
pd	map04390	LOC107074575
pd	map04391	LOC107074575
pd	map04392	LOC107074575
pd	map04010	LOC107074577
pd	map04015	LOC107074577
pd	map04530	LOC107074577
pd	map05166	LOC107074578
pd	map00010	LOC107074579
pd	map00040	LOC107074579
pd	map00051	LOC107074579
pd	map00052	LOC107074579
pd	map00561	LOC107074579
pd	map00790	LOC107074579
pd	map00930	LOC107074579
pd	map01100	LOC107074579
pd	map01110	LOC107074579
pd	map01120	LOC107074579
pd	map01130	LOC107074579
pd	map01220	LOC107074579
pd	map03450	LOC107074584
pd	map04110	LOC107074584
pd	map04970	LOC107074585
pd	map04714	LOC107074586
pd	map04714	LOC107074587
pd	map00561	LOC107074591
pd	map01100	LOC107074591
pd	map03013	LOC107074592
pd	map00520	LOC107074595
pd	map00450	LOC107074596
pd	map00970	LOC107074596
pd	map03013	LOC107074600
pd	map04010	LOC107074601
pd	map04013	LOC107074601
pd	map04064	LOC107074601
pd	map04140	LOC107074601
pd	map04152	LOC107074601
pd	map04214	LOC107074601
pd	map04310	LOC107074601
pd	map04380	LOC107074601
pd	map04520	LOC107074601
pd	map04620	LOC107074601
pd	map04621	LOC107074601
pd	map04622	LOC107074601
pd	map04624	LOC107074601
pd	map04657	LOC107074601
pd	map04660	LOC107074601
pd	map04668	LOC107074601
pd	map05140	LOC107074601
pd	map05145	LOC107074601
pd	map05162	LOC107074601
pd	map05168	LOC107074601
pd	map05169	LOC107074601
pd	map05418	LOC107074601
pd	map00740	LOC107074602
pd	map00860	LOC107074602
pd	map01100	LOC107074602
pd	map01110	LOC107074602
pd	map00760	LOC107074613
pd	map01100	LOC107074613
pd	map03050	LOC107074614
pd	map05169	LOC107074614
pd	map04550	LOC107074619
pd	map04950	LOC107074619
pd	map00230	LOC107074622
pd	map00250	LOC107074622
pd	map01100	LOC107074622
pd	map04141	LOC107074626
pd	map00230	LOC107074630
pd	map00240	LOC107074630
pd	map00760	LOC107074630
pd	map01100	LOC107074630
pd	map01110	LOC107074630
pd	map04310	LOC107074631
pd	map00230	LOC107074632
pd	map00240	LOC107074632
pd	map00760	LOC107074632
pd	map01100	LOC107074632
pd	map01110	LOC107074632
pd	map03440	LOC107074634
pd	map03460	LOC107074634
pd	map04068	LOC107074635
pd	map04137	LOC107074635
pd	map04140	LOC107074635
pd	map05134	LOC107074635
pd	map04068	LOC107074637
pd	map04152	LOC107074637
pd	map04211	LOC107074637
pd	map04212	LOC107074637
pd	map04213	LOC107074637
pd	map04218	LOC107074637
pd	map04922	LOC107074637
pd	map05031	LOC107074637
pd	map05206	LOC107074637
pd	map05410	LOC107074638
pd	map05414	LOC107074638
pd	map00230	LOC107074640
pd	map00261	LOC107074640
pd	map00450	LOC107074640
pd	map00920	LOC107074640
pd	map01100	LOC107074640
pd	map01120	LOC107074640
pd	map01130	LOC107074640
pd	map04013	LOC107074642
pd	map04310	LOC107074642
pd	map04330	LOC107074642
pd	map00600	LOC107074649
pd	map01100	LOC107074649
pd	map04020	LOC107074650
pd	map04024	LOC107074650
pd	map04072	LOC107074650
pd	map04080	LOC107074650
pd	map04270	LOC107074650
pd	map04921	LOC107074650
pd	map00564	LOC107074651
pd	map03450	LOC107074654
pd	map04010	LOC107074655
pd	map04114	LOC107074655
pd	map04150	LOC107074655
pd	map04714	LOC107074655
pd	map04720	LOC107074655
pd	map04722	LOC107074655
pd	map04914	LOC107074655
pd	map04931	LOC107074655
pd	map00230	LOC107074657
pd	map01100	LOC107074657
pd	map04114	LOC107074659
pd	map04120	LOC107074659
pd	map04218	LOC107074659
pd	map04310	LOC107074659
pd	map04340	LOC107074659
pd	map04341	LOC107074659
pd	map04390	LOC107074659
pd	map04624	LOC107074659
pd	map04710	LOC107074659
pd	map05131	LOC107074659
pd	map00561	LOC107074660
pd	map00564	LOC107074660
pd	map01110	LOC107074660
pd	map00140	LOC107074664
pd	map04110	LOC107074667
pd	map04111	LOC107074667
pd	map04113	LOC107074667
pd	map04114	LOC107074667
pd	map04120	LOC107074667
pd	map04914	LOC107074667
pd	map05166	LOC107074667
pd	map00900	LOC107074668
pd	map01130	LOC107074668
pd	map04390	LOC107074669
pd	map04520	LOC107074669
pd	map04670	LOC107074669
pd	map05100	LOC107074669
pd	map05200	LOC107074669
pd	map05213	LOC107074669
pd	map05226	LOC107074669
pd	map05412	LOC107074669
pd	map02010	LOC107074670
pd	map04013	LOC107074671
pd	map04310	LOC107074671
pd	map04330	LOC107074671
pd	map00561	LOC107074673
pd	map01100	LOC107074673
pd	map04972	LOC107074673
pd	map04975	LOC107074673
pd	map03040	LOC107074677
pd	map04013	LOC107074678
pd	map04727	LOC107074682
pd	map00240	LOC107074689
pd	map00983	LOC107074689
pd	map01100	LOC107074689
pd	map00520	LOC107074692
pd	map01100	LOC107074692
pd	map03008	LOC107074694
pd	map04146	LOC107074696
pd	map00052	LOC107074699
pd	map00460	LOC107074699
pd	map00500	LOC107074699
pd	map00940	LOC107074699
pd	map01100	LOC107074699
pd	map01110	LOC107074699
pd	map04973	LOC107074699
pd	map00510	LOC107074700
pd	map00513	LOC107074700
pd	map01100	LOC107074700
pd	map04141	LOC107074700
pd	map04658	LOC107074706
pd	map04530	LOC107074707
pd	map04658	LOC107074707
pd	map04659	LOC107074707
pd	map05200	LOC107074707
pd	map05202	LOC107074707
pd	map05220	LOC107074707
pd	map05221	LOC107074707
vv	map04610	LOC127061351
vv	map04013	LOC127061354
vv	map04624	LOC127061354
vv	map04022	LOC127061356
vv	map04270	LOC127061356
vv	map04911	LOC127061356
vv	map04924	LOC127061356
vv	map04970	LOC127061356
vv	map04972	LOC127061356
vv	map00020	LOC127061357
vv	map00720	LOC127061357
vv	map01100	LOC127061357
vv	map01110	LOC127061357
vv	map01120	LOC127061357
vv	map01130	LOC127061357
vv	map00563	LOC127061359
vv	map01100	LOC127061359
vv	map03018	LOC127061362
vv	map00510	LOC127061366
vv	map01100	LOC127061366
vv	map03320	LOC127061367
vv	map00330	LOC127061369
vv	map01100	LOC127061369
vv	map04141	LOC127061372
vv	map04120	LOC127061377
vv	map04141	LOC127061377
vv	map03320	LOC127061378
vv	map03320	LOC127061379
vv	map03018	LOC127061380
vv	map04142	LOC127061388
vv	map00510	LOC127061395
vv	map00513	LOC127061395
vv	map01100	LOC127061395
vv	map04141	LOC127061395
vv	map03450	LOC127061396
vv	map03022	LOC127061402
vv	map03420	LOC127061402
vv	map05203	LOC127061402
vv	map03040	LOC127061408
vv	map02010	LOC127061413
vv	map04146	LOC127061413
vv	map04310	LOC127061416
vv	map04330	LOC127061416
vv	map05200	LOC127061416
vv	map05220	LOC127061416
vv	map00330	LOC127061417
vv	map01100	LOC127061417
vv	map01110	LOC127061417
vv	map01130	LOC127061417
vv	map01230	LOC127061417
vv	map04141	LOC127061419
vv	map05165	LOC127061427
vv	map00900	LOC127061428
vv	map01130	LOC127061428
vv	map04144	LOC127061430
vv	map03013	LOC127061431
vv	map05164	LOC127061431
vv	map04624	LOC127061434
vv	map00330	LOC127061437
vv	map01100	LOC127061437
vv	map01110	LOC127061437
vv	map01130	LOC127061437
vv	map00510	LOC127061440
vv	map01100	LOC127061440
vv	map00900	LOC127061441
vv	map01100	LOC127061441
vv	map01110	LOC127061441
vv	map01130	LOC127061441
vv	map04146	LOC127061441
vv	map03010	LOC127061442
vv	map01100	LOC127061444
vv	map04151	LOC127061444
vv	map04510	LOC127061444
vv	map04512	LOC127061444
vv	map05145	LOC127061444
vv	map05146	LOC127061444
vv	map05165	LOC127061444
vv	map05200	LOC127061444
vv	map05222	LOC127061444
vv	map04138	LOC127061446
vv	map04630	LOC127061447
vv	map04917	LOC127061447
vv	map04136	LOC127061449
vv	map04138	LOC127061449
vv	map04140	LOC127061449
vv	map04216	LOC127061449
vv	map00190	LOC127061450
vv	map01100	LOC127061450
vv	map04714	LOC127061450
vv	map05010	LOC127061450
vv	map05012	LOC127061450
vv	map05016	LOC127061450
vv	map04144	LOC127061452
vv	map04120	LOC127061458
vv	map04141	LOC127061458
vv	map05012	LOC127061458
vv	map04013	LOC127061462
vv	map04391	LOC127061462
vv	map04062	LOC127061465
vv	map04140	LOC127061465
vv	map04270	LOC127061465
vv	map04621	LOC127061465
vv	map04666	LOC127061465
vv	map04722	LOC127061465
vv	map04750	LOC127061465
vv	map04912	LOC127061465
vv	map04915	LOC127061465
vv	map04930	LOC127061465
vv	map04931	LOC127061465
vv	map04933	LOC127061465
vv	map04141	LOC127061467
vv	map02010	LOC127061470
vv	map04975	LOC127061470
vv	map04976	LOC127061470
vv	map04979	LOC127061470
vv	map00072	LOC127061471
vv	map00280	LOC127061471
vv	map00650	LOC127061471
vv	map04010	LOC127061472
vv	map04013	LOC127061472
vv	map04214	LOC127061472
vv	map04550	LOC127061472
vv	map05202	LOC127061472
vv	map05221	LOC127061472
vv	map05166	LOC127061473
vv	map04066	LOC127061478
vv	map04120	LOC127061478
vv	map04212	LOC127061478
vv	map05200	LOC127061478
vv	map05211	LOC127061478
vv	map00020	LOC127061479
vv	map00620	LOC127061479
vv	map00720	LOC127061479
vv	map01100	LOC127061479
vv	map01110	LOC127061479
vv	map01120	LOC127061479
vv	map01130	LOC127061479
vv	map01200	LOC127061479
vv	map04934	LOC127061479
vv	map05200	LOC127061479
vv	map05211	LOC127061479
vv	map00220	LOC127061481
vv	map00330	LOC127061481
vv	map01100	LOC127061481
vv	map01110	LOC127061481
vv	map01130	LOC127061481
vv	map01230	LOC127061481
vv	map05146	LOC127061481
vv	map00240	LOC127061482
vv	map01100	LOC127061482
vv	map04714	LOC127061483
vv	map05016	LOC127061485
vv	map04010	LOC127061488
vv	map04014	LOC127061488
vv	map04015	LOC127061488
vv	map04066	LOC127061488
vv	map04151	LOC127061488
vv	map05167	LOC127061488
vv	map04740	LOC127061498
vv	map04020	LOC127061499
vv	map04022	LOC127061499
vv	map04217	LOC127061499
vv	map04218	LOC127061499
vv	map05012	LOC127061499
vv	map05016	LOC127061499
vv	map05166	LOC127061499
vv	map04310	LOC127061502
vv	map04390	LOC127061502
vv	map04520	LOC127061502
vv	map04916	LOC127061502
vv	map04934	LOC127061502
vv	map05165	LOC127061502
vv	map05200	LOC127061502
vv	map05210	LOC127061502
vv	map05213	LOC127061502
vv	map05215	LOC127061502
vv	map05216	LOC127061502
vv	map05217	LOC127061502
vv	map05221	LOC127061502
vv	map05224	LOC127061502
vv	map05225	LOC127061502
vv	map05226	LOC127061502
vv	map05412	LOC127061502
vv	map04022	LOC127061504
vv	map04068	LOC127061504
vv	map04140	LOC127061504
vv	map04150	LOC127061504
vv	map04151	LOC127061504
vv	map04152	LOC127061504
vv	map04211	LOC127061504
vv	map04212	LOC127061504
vv	map04213	LOC127061504
vv	map04722	LOC127061504
vv	map04910	LOC127061504
vv	map04920	LOC127061504
vv	map04923	LOC127061504
vv	map04930	LOC127061504
vv	map04931	LOC127061504
vv	map04932	LOC127061504
vv	map04960	LOC127061504
vv	map05206	LOC127061504
vv	map04320	LOC127061505
vv	map00521	LOC127061506
vv	map00562	LOC127061506
vv	map01100	LOC127061506
vv	map01130	LOC127061506
vv	map00970	LOC127061507
vv	map00280	LOC127061508
vv	map00640	LOC127061508
vv	map01100	LOC127061508
vv	map01110	LOC127061508
vv	map01130	LOC127061508
vv	map03010	LOC127061512
vv	map04010	LOC127061520
vv	map04020	LOC127061520
vv	map04713	LOC127061520
vv	map04925	LOC127061520
vv	map04927	LOC127061520
vv	map04930	LOC127061520
vv	map04934	LOC127061520
vv	map04142	LOC127061523
vv	map04530	LOC127061525
vv	map00510	LOC127061530
vv	map00513	LOC127061530
vv	map01100	LOC127061530
vv	map04141	LOC127061530
vv	map04140	LOC127061532
vv	map04141	LOC127061533
vv	map04714	LOC127061537
vv	map05230	LOC127061537
vv	map04066	LOC127061538
vv	map04911	LOC127061538
vv	map04919	LOC127061538
vv	map04920	LOC127061538
vv	map04922	LOC127061538
vv	map04931	LOC127061538
vv	map04976	LOC127061538
vv	map05166	LOC127061538
vv	map05200	LOC127061538
vv	map05211	LOC127061538
vv	map05230	LOC127061538
vv	map00051	LOC127061540
vv	map04066	LOC127061540
vv	map04152	LOC127061540
vv	map04919	LOC127061540
vv	map04922	LOC127061540
vv	map04624	LOC127061543
vv	map05146	LOC127061543
vv	map00900	LOC127061544
vv	map01100	LOC127061544
vv	map01110	LOC127061544
vv	map01130	LOC127061544
vv	map05164	LOC127061544
vv	map05166	LOC127061544
vv	map00230	LOC127061547
vv	map00240	LOC127061547
vv	map03040	LOC127061549
vv	map04624	LOC127061557
vv	map05146	LOC127061557
vv	map03010	LOC127061558
vv	map04810	LOC127061563
vv	map04010	LOC127061570
vv	map04020	LOC127061570
vv	map04713	LOC127061570
vv	map04742	LOC127061570
vv	map04925	LOC127061570
vv	map04927	LOC127061570
vv	map04934	LOC127061570
vv	map04330	LOC127061571
vv	map05010	LOC127061571
vv	map05120	LOC127061571
vv	map00190	LOC127061573
vv	map01100	LOC127061573
vv	map04714	LOC127061573
vv	map04723	LOC127061573
vv	map04932	LOC127061573
vv	map05010	LOC127061573
vv	map05012	LOC127061573
vv	map05016	LOC127061573
vv	map04022	LOC127061575
vv	map04080	LOC127061575
vv	map04080	LOC127061580
vv	map04926	LOC127061580
vv	map04919	LOC127061584
vv	map00970	LOC127061585
vv	map04391	LOC127061586
vv	map04392	LOC127061586
vv	map01524	LOC127061589
vv	map04010	LOC127061589
vv	map04115	LOC127061589
vv	map04210	LOC127061589
vv	map04214	LOC127061589
vv	map04215	LOC127061589
vv	map04650	LOC127061589
vv	map04657	LOC127061589
vv	map04668	LOC127061589
vv	map04726	LOC127061589
vv	map04932	LOC127061589
vv	map04933	LOC127061589
vv	map05010	LOC127061589
vv	map05012	LOC127061589
vv	map05014	LOC127061589
vv	map05016	LOC127061589
vv	map05120	LOC127061589
vv	map05133	LOC127061589
vv	map05134	LOC127061589
vv	map05145	LOC127061589
vv	map05146	LOC127061589
vv	map05152	LOC127061589
vv	map05161	LOC127061589
vv	map05165	LOC127061589
vv	map05167	LOC127061589
vv	map05168	LOC127061589
vv	map05200	LOC127061589
vv	map05203	LOC127061589
vv	map05205	LOC127061589
vv	map05206	LOC127061589
vv	map05210	LOC127061589
vv	map05222	LOC127061589
vv	map05416	LOC127061589
vv	map04146	LOC127061590
vv	map03013	LOC127061593
vv	map04390	LOC127061595
vv	map04391	LOC127061595
vv	map04530	LOC127061595
vv	map05165	LOC127061595
vv	map05203	LOC127061595
vv	map04114	LOC127061597
vv	map04320	LOC127061597
vv	map04914	LOC127061597
vv	map00563	LOC127061598
vv	map01100	LOC127061598
vv	map04979	LOC127061600
vv	map05016	LOC127061601
vv	map04146	LOC127061602
vv	map04138	LOC127061604
vv	map04020	LOC127061605
vv	map04024	LOC127061605
vv	map04260	LOC127061605
vv	map04261	LOC127061605
vv	map04371	LOC127061605
vv	map04713	LOC127061605
vv	map04730	LOC127061605
vv	map04911	LOC127061605
vv	map04921	LOC127061605
vv	map04970	LOC127061605
vv	map04972	LOC127061605
vv	map05010	LOC127061605
vv	map05410	LOC127061605
vv	map05412	LOC127061605
vv	map05414	LOC127061605
vv	map04138	LOC127061606
vv	map00563	LOC127061607
vv	map01100	LOC127061607
vv	map03013	LOC127061612
vv	map03015	LOC127061612
vv	map03040	LOC127061612
vv	map05164	LOC127061612
vv	map03018	LOC127061615
vv	map03040	LOC127061615
vv	map03013	LOC127061617
vv	map04144	LOC127061620
vv	map03013	LOC127061621
vv	map00051	LOC127061622
vv	map00520	LOC127061622
vv	map01100	LOC127061622
vv	map01110	LOC127061622
vv	map01130	LOC127061622
vv	map00260	LOC127061623
vv	map00270	LOC127061623
vv	map01100	LOC127061623
vv	map01130	LOC127061623
vv	map01230	LOC127061623
vv	map00600	LOC127061626
vv	map01100	LOC127061626
vv	map04071	LOC127061626
vv	map00190	LOC127061627
vv	map01100	LOC127061627
vv	map04714	LOC127061627
vv	map05010	LOC127061627
vv	map05012	LOC127061627
vv	map05016	LOC127061627
vv	map04714	LOC127061628
vv	map01522	LOC127061633
vv	map04010	LOC127061633
vv	map04011	LOC127061633
vv	map04013	LOC127061633
vv	map04015	LOC127061633
vv	map04068	LOC127061633
vv	map04071	LOC127061633
vv	map04139	LOC127061633
vv	map04212	LOC127061633
vv	map04218	LOC127061633
vv	map04261	LOC127061633
vv	map04370	LOC127061633
vv	map04380	LOC127061633
vv	map04550	LOC127061633
vv	map04611	LOC127061633
vv	map04620	LOC127061633
vv	map04621	LOC127061633
vv	map04622	LOC127061633
vv	map04624	LOC127061633
vv	map04657	LOC127061633
vv	map04658	LOC127061633
vv	map04659	LOC127061633
vv	map04660	LOC127061633
vv	map04664	LOC127061633
vv	map04668	LOC127061633
vv	map04670	LOC127061633
vv	map04714	LOC127061633
vv	map04722	LOC127061633
vv	map04723	LOC127061633
vv	map04728	LOC127061633
vv	map04750	LOC127061633
vv	map04912	LOC127061633
vv	map04914	LOC127061633
vv	map04917	LOC127061633
vv	map04926	LOC127061633
vv	map04933	LOC127061633
vv	map05014	LOC127061633
vv	map05120	LOC127061633
vv	map05131	LOC127061633
vv	map05132	LOC127061633
vv	map05133	LOC127061633
vv	map05140	LOC127061633
vv	map05142	LOC127061633
vv	map05145	LOC127061633
vv	map05152	LOC127061633
vv	map05160	LOC127061633
vv	map05164	LOC127061633
vv	map05167	LOC127061633
vv	map05169	LOC127061633
vv	map05205	LOC127061633
vv	map05418	LOC127061633
vv	map04144	LOC127061635
vv	map03018	LOC127061639
vv	map04212	LOC127061639
vv	map05152	LOC127061639
vv	map00010	LOC127061642
vv	map00030	LOC127061642
vv	map00051	LOC127061642
vv	map00680	LOC127061642
vv	map00710	LOC127061642
vv	map01100	LOC127061642
vv	map01110	LOC127061642
vv	map01120	LOC127061642
vv	map01130	LOC127061642
vv	map01200	LOC127061642
vv	map04152	LOC127061642
vv	map04910	LOC127061642
vv	map05202	LOC127061648
vv	map00900	LOC127061649
vv	map01100	LOC127061649
vv	map01110	LOC127061649
vv	map01130	LOC127061649
vv	map04015	LOC127061651
vv	map04350	LOC127061651
vv	map04390	LOC127061651
vv	map04550	LOC127061651
vv	map05202	LOC127061651
vv	map04115	LOC127061653
vv	map00515	LOC127061655
vv	map01100	LOC127061655
vv	map00532	LOC127061656
vv	map00533	LOC127061656
vv	map04514	LOC127061658
vv	map04520	LOC127061658
vv	map04910	LOC127061658
vv	map04931	LOC127061658
vv	map00310	LOC127061663
vv	map04550	LOC127061663
vv	map04614	LOC127061664
vv	map04640	LOC127061664
vv	map04974	LOC127061664
vv	map05010	LOC127061664
vv	map00561	LOC127061666
vv	map00564	LOC127061666
vv	map01100	LOC127061666
vv	map01110	LOC127061666
vv	map04070	LOC127061666
vv	map04072	LOC127061666
vv	map05231	LOC127061666
vv	map03018	LOC127061668
vv	map04212	LOC127061671
vv	map04150	LOC127061673
vv	map04310	LOC127061673
vv	map04330	LOC127061673
vv	map04390	LOC127061673
vv	map04550	LOC127061673
vv	map04916	LOC127061673
vv	map04934	LOC127061673
vv	map05165	LOC127061673
vv	map05166	LOC127061673
vv	map05200	LOC127061673
vv	map05217	LOC127061673
vv	map05224	LOC127061673
vv	map05225	LOC127061673
vv	map05226	LOC127061673
vv	map00190	LOC127061676
vv	map01100	LOC127061676
vv	map04145	LOC127061676
vv	map04150	LOC127061676
vv	map04721	LOC127061676
vv	map04966	LOC127061676
vv	map05110	LOC127061676
vv	map05120	LOC127061676
vv	map05323	LOC127061676
vv	map04064	LOC127061679
vv	map04380	LOC127061679
vv	map04662	LOC127061679
vv	map05340	LOC127061679
vv	map04020	LOC127061680
vv	map04022	LOC127061680
vv	map04080	LOC127061680
vv	map04152	LOC127061680
vv	map04261	LOC127061680
vv	map04270	LOC127061680
vv	map04970	LOC127061680
vv	map04330	LOC127061681
vv	map05010	LOC127061681
vv	map04150	LOC127061682
vv	map04310	LOC127061682
vv	map04390	LOC127061682
vv	map04550	LOC127061682
vv	map04916	LOC127061682
vv	map04934	LOC127061682
vv	map05165	LOC127061682
vv	map05166	LOC127061682
vv	map05200	LOC127061682
vv	map05205	LOC127061682
vv	map05217	LOC127061682
vv	map05224	LOC127061682
vv	map05225	LOC127061682
vv	map05226	LOC127061682
vv	map01522	LOC127061683
vv	map04110	LOC127061683
vv	map04115	LOC127061683
vv	map04151	LOC127061683
vv	map04218	LOC127061683
vv	map04530	LOC127061683
vv	map04660	LOC127061683
vv	map04933	LOC127061683
vv	map04934	LOC127061683
vv	map05161	LOC127061683
vv	map05162	LOC127061683
vv	map05165	LOC127061683
vv	map05166	LOC127061683
vv	map05167	LOC127061683
vv	map05200	LOC127061683
vv	map05203	LOC127061683
vv	map05206	LOC127061683
vv	map05212	LOC127061683
vv	map05214	LOC127061683
vv	map05218	LOC127061683
vv	map05219	LOC127061683
vv	map05220	LOC127061683
vv	map05222	LOC127061683
vv	map05223	LOC127061683
vv	map05224	LOC127061683
vv	map05225	LOC127061683
vv	map04714	LOC127061686
vv	map05225	LOC127061686
vv	map03040	LOC127061688
vv	map05168	LOC127061688
vv	map04068	LOC127061689
vv	map04140	LOC127061689
vv	map04150	LOC127061689
vv	map04151	LOC127061689
vv	map04152	LOC127061689
vv	map04211	LOC127061689
vv	map04530	LOC127061689
vv	map04920	LOC127061689
vv	map00520	LOC127061690
vv	map01100	LOC127061690
vv	map04210	LOC127061690
vv	map04214	LOC127061690
vv	map04215	LOC127061690
vv	map05012	LOC127061690
vv	map04210	LOC127061692
vv	map04214	LOC127061692
vv	map04215	LOC127061692
vv	map05012	LOC127061692
vv	map00062	LOC127061694
vv	map01110	LOC127061694
vv	map04310	LOC127061696
vv	map04390	LOC127061696
vv	map04520	LOC127061696
vv	map04916	LOC127061696
vv	map04934	LOC127061696
vv	map05165	LOC127061696
vv	map05200	LOC127061696
vv	map05210	LOC127061696
vv	map05213	LOC127061696
vv	map05215	LOC127061696
vv	map05216	LOC127061696
vv	map05217	LOC127061696
vv	map05221	LOC127061696
vv	map05224	LOC127061696
vv	map05225	LOC127061696
vv	map05226	LOC127061696
vv	map05412	LOC127061696
vv	map00062	LOC127061698
vv	map01110	LOC127061698
vv	map00062	LOC127061699
vv	map01110	LOC127061699
vv	map04340	LOC127061700
vv	map00062	LOC127061701
vv	map01110	LOC127061701
vv	map00062	LOC127061703
vv	map01110	LOC127061703
vv	map04066	LOC127061704
vv	map04120	LOC127061704
vv	map05200	LOC127061704
vv	map05211	LOC127061704
vv	map03040	LOC127061705
vv	map04142	LOC127061707
vv	map00670	LOC127061710
vv	map00790	LOC127061710
vv	map01100	LOC127061710
vv	map01523	LOC127061710
vv	map00190	LOC127061713
vv	map01100	LOC127061713
vv	map04714	LOC127061713
vv	map04723	LOC127061713
vv	map04932	LOC127061713
vv	map05010	LOC127061713
vv	map05012	LOC127061713
vv	map05016	LOC127061713
vv	map00520	LOC127061719
vv	map01100	LOC127061719
vv	map00600	LOC127061722
vv	map01100	LOC127061722
vv	map04071	LOC127061722
vv	map04142	LOC127061722
vv	map04217	LOC127061722
vv	map03008	LOC127061723
vv	map03013	LOC127061723
vv	map00230	LOC127061728
vv	map00240	LOC127061728
vv	map01100	LOC127061728
vv	map03020	LOC127061728
vv	map05016	LOC127061728
vv	map05169	LOC127061728
vv	map05010	LOC127061729
vv	map00970	LOC127061731
vv	map00860	LOC127061734
vv	map01100	LOC127061734
vv	map01110	LOC127061734
vv	map04918	LOC127061737
vv	map05200	LOC127061737
vv	map05202	LOC127061737
vv	map05216	LOC127061737
vv	map05202	LOC127061738
vv	map05206	LOC127061738
vv	map00480	LOC127061740
vv	map01100	LOC127061740
vv	map04080	LOC127061741
vv	map04010	LOC127061759
vv	map04013	LOC127061759
vv	map04014	LOC127061759
vv	map04360	LOC127061759
vv	map00071	LOC127061764
vv	map01212	LOC127061764
vv	map03320	LOC127061764
vv	map04152	LOC127061764
vv	map04714	LOC127061764
vv	map04920	LOC127061764
vv	map04922	LOC127061764
vv	map04931	LOC127061764
vv	map04520	LOC127061766
vv	map04810	LOC127061766
vv	map00970	LOC127061767
vv	map04614	LOC127061772
vv	map04924	LOC127061772
vv	map05142	LOC127061772
vv	map05410	LOC127061772
vv	map00600	LOC127061773
vv	map01100	LOC127061773
vv	map04071	LOC127061773
vv	map04142	LOC127061773
vv	map04217	LOC127061773
vv	map01523	LOC127061774
vv	map04144	LOC127061774
vv	map03010	LOC127061776
vv	map04970	LOC127061779
vv	map04972	LOC127061779
vv	map05110	LOC127061779
vv	map04610	LOC127061781
vv	map04624	LOC127061781
vv	map05150	LOC127061781
vv	map04144	LOC127061782
vv	map04217	LOC127061782
vv	map04624	LOC127061785
vv	map00511	LOC127061787
vv	map00513	LOC127061787
vv	map01100	LOC127061787
vv	map04080	LOC127061788
vv	map04961	LOC127061788
vv	map03010	LOC127061797
vv	map03450	LOC127061797
vv	map04060	LOC127061802
vv	map04350	LOC127061802
vv	map04550	LOC127061802
vv	map05418	LOC127061802
vv	map00562	LOC127061813
vv	map01100	LOC127061813
vv	map04020	LOC127061813
vv	map04070	LOC127061813
vv	map04390	LOC127061824
vv	map04391	LOC127061824
vv	map04392	LOC127061824
vv	map04530	LOC127061824
vv	map04068	LOC127061826
vv	map04115	LOC127061826
vv	map01521	LOC127061829
vv	map03013	LOC127061829
vv	map04066	LOC127061829
vv	map04150	LOC127061829
vv	map04151	LOC127061829
vv	map04211	LOC127061829
vv	map04910	LOC127061829
vv	map04514	LOC127061841
vv	map00240	LOC127061842
vv	map01100	LOC127061842
vv	map00860	LOC127061843
vv	map01100	LOC127061843
vv	map01110	LOC127061843
vv	map04330	LOC127061843
vv	map05010	LOC127061843
vv	map04080	LOC127061844
vv	map00562	LOC127061847
vv	map01100	LOC127061847
vv	map04070	LOC127061847
vv	map00770	LOC127061848
vv	map00030	LOC127061849
vv	map00040	LOC127061849
vv	map00710	LOC127061849
vv	map01100	LOC127061849
vv	map01110	LOC127061849
vv	map01120	LOC127061849
vv	map01130	LOC127061849
vv	map01200	LOC127061849
vv	map01230	LOC127061849
vv	map03022	LOC127061850
vv	map05168	LOC127061850
vv	map00970	LOC127061854
vv	map03010	LOC127061854
vv	map00532	LOC127061860
vv	map01100	LOC127061860
vv	map04970	LOC127061863
vv	map03420	LOC127061865
vv	map04146	LOC127061868
vv	map04014	LOC127061869
vv	map04137	LOC127061869
vv	map04620	LOC127061869
vv	map04621	LOC127061869
vv	map04622	LOC127061869
vv	map04623	LOC127061869
vv	map04657	LOC127061869
vv	map05160	LOC127061869
vv	map05161	LOC127061869
vv	map05162	LOC127061869
vv	map05164	LOC127061869
vv	map05165	LOC127061869
vv	map05167	LOC127061869
vv	map05168	LOC127061869
vv	map05169	LOC127061869
vv	map05166	LOC127061870
vv	map05203	LOC127061870
vv	map04137	LOC127061871
vv	map04624	LOC127061871
vv	map04068	LOC127061872
vv	map04140	LOC127061872
vv	map04150	LOC127061872
vv	map04151	LOC127061872
vv	map04152	LOC127061872
vv	map04211	LOC127061872
vv	map04213	LOC127061872
vv	map04371	LOC127061872
vv	map04530	LOC127061872
vv	map04710	LOC127061872
vv	map04714	LOC127061872
vv	map04910	LOC127061872
vv	map04920	LOC127061872
vv	map04921	LOC127061872
vv	map04922	LOC127061872
vv	map04931	LOC127061872
vv	map04932	LOC127061872
vv	map05410	LOC127061872
vv	map05418	LOC127061872
vv	map04010	LOC127061874
vv	map04012	LOC127061874
vv	map04015	LOC127061874
vv	map04062	LOC127061874
vv	map04510	LOC127061874
vv	map04666	LOC127061874
vv	map04722	LOC127061874
vv	map04810	LOC127061874
vv	map04910	LOC127061874
vv	map05100	LOC127061874
vv	map05131	LOC127061874
vv	map05200	LOC127061874
vv	map05206	LOC127061874
vv	map05211	LOC127061874
vv	map05220	LOC127061874
vv	map03440	LOC127061875
vv	map03450	LOC127061875
vv	map04218	LOC127061875
vv	map04970	LOC127061875
vv	map04137	LOC127061877
vv	map04144	LOC127061877
vv	map04934	LOC127061877
vv	map04950	LOC127061879
vv	map05225	LOC127061880
vv	map00230	LOC127061881
vv	map05016	LOC127061882
vv	map04360	LOC127061883
vv	map04010	LOC127061885
vv	map04261	LOC127061885
vv	map04668	LOC127061885
vv	map04713	LOC127061885
vv	map04722	LOC127061885
vv	map05200	LOC127061885
vv	map05206	LOC127061885
vv	map05219	LOC127061885
vv	map04210	LOC127061886
vv	map04214	LOC127061886
vv	map05410	LOC127061886
vv	map05412	LOC127061886
vv	map05414	LOC127061886
vv	map04714	LOC127061887
vv	map05225	LOC127061887
vv	map04918	LOC127061889
vv	map04391	LOC127061893
vv	map04392	LOC127061893
vv	map00970	LOC127061897
vv	map00512	LOC127061898
vv	map01100	LOC127061898
vv	map04550	LOC127061900
vv	map03008	LOC127061902
vv	map04120	LOC127061904
vv	map04624	LOC127061904
vv	map04919	LOC127061910
vv	map00500	LOC127061911
vv	map01100	LOC127061911
vv	map01110	LOC127061911
vv	map03008	LOC127061919
vv	map04144	LOC127061920
vv	map04141	LOC127061925
vv	map00511	LOC127061929
vv	map04212	LOC127061929
vv	map00010	LOC127061930
vv	map00030	LOC127061930
vv	map00052	LOC127061930
vv	map00230	LOC127061930
vv	map00500	LOC127061930
vv	map00520	LOC127061930
vv	map00521	LOC127061930
vv	map01100	LOC127061930
vv	map01110	LOC127061930
vv	map01120	LOC127061930
vv	map01130	LOC127061930
vv	map05168	LOC127061935
vv	map04022	LOC127061938
vv	map04024	LOC127061938
vv	map04260	LOC127061938
vv	map04261	LOC127061938
vv	map04911	LOC127061938
vv	map04918	LOC127061938
vv	map04919	LOC127061938
vv	map04925	LOC127061938
vv	map04960	LOC127061938
vv	map04961	LOC127061938
vv	map04964	LOC127061938
vv	map04970	LOC127061938
vv	map04971	LOC127061938
vv	map04972	LOC127061938
vv	map04973	LOC127061938
vv	map04974	LOC127061938
vv	map04976	LOC127061938
vv	map04978	LOC127061938
vv	map00062	LOC127061939
vv	map01110	LOC127061939
vv	map04120	LOC127061942
vv	map00230	LOC127061946
vv	map00240	LOC127061946
vv	map00310	LOC127061946
vv	map01100	LOC127061946
vv	map03020	LOC127061946
vv	map04934	LOC127061946
vv	map05016	LOC127061946
vv	map05169	LOC127061946
vv	map05202	LOC127061946
vv	map00310	LOC127061951
vv	map01100	LOC127061951
vv	map01110	LOC127061951
vv	map01130	LOC127061951
vv	map04610	LOC127061956
vv	map04624	LOC127061956
vv	map05150	LOC127061956
vv	map04624	LOC127061958
vv	map03015	LOC127061960
vv	map04620	LOC127061960
vv	map05142	LOC127061960
vv	map05143	LOC127061960
vv	map05144	LOC127061960
vv	map05152	LOC127061960
vv	map05162	LOC127061960
vv	map05168	LOC127061960
vv	map04919	LOC127061962
vv	map04974	LOC127061962
vv	map03440	LOC127061964
vv	map04024	LOC127061976
vv	map04080	LOC127061976
vv	map04724	LOC127061976
vv	map05030	LOC127061976
vv	map05031	LOC127061976
vv	map05033	LOC127061976
vv	map05034	LOC127061976
vv	map04120	LOC127061977
vv	map05200	LOC127061977
vv	map05225	LOC127061977
vv	map05418	LOC127061977
vv	map00514	LOC127061978
vv	map04115	LOC127061981
vv	map04120	LOC127061981
vv	map04712	LOC127061981
vv	map04360	LOC127061986
vv	map04745	LOC127061986
vv	map00564	LOC127061987
vv	map00983	LOC127061987
vv	map01100	LOC127061987
vv	map04725	LOC127061987
vv	map04110	LOC127061996
vv	map04111	LOC127061996
vv	map04113	LOC127061996
vv	map04114	LOC127061996
vv	map04120	LOC127061996
vv	map04914	LOC127061996
vv	map05166	LOC127061996
vv	map03010	LOC127061997
vv	map04072	LOC127061999
vv	map04921	LOC127061999
vv	map04962	LOC127061999
vv	map04072	LOC127062000
vv	map04921	LOC127062000
vv	map04962	LOC127062000
vv	map04978	LOC127062003
vv	map04934	LOC127062018
vv	map00480	LOC127062020
vv	map01100	LOC127062020
vv	map04614	LOC127062020
vv	map04640	LOC127062020
vv	map00480	LOC127062022
vv	map01100	LOC127062022
vv	map04614	LOC127062022
vv	map04640	LOC127062022
vv	map04020	LOC127062024
vv	map04080	LOC127062024
vv	map04725	LOC127062024
vv	map04810	LOC127062024
vv	map00480	LOC127062025
vv	map01100	LOC127062025
vv	map04614	LOC127062025
vv	map04640	LOC127062025
vv	map00480	LOC127062026
vv	map01100	LOC127062026
vv	map04614	LOC127062026
vv	map04640	LOC127062026
vv	map00480	LOC127062027
vv	map01100	LOC127062027
vv	map04614	LOC127062027
vv	map04640	LOC127062027
vv	map00071	LOC127062030
vv	map01100	LOC127062030
vv	map01212	LOC127062030
vv	map04136	LOC127062034
vv	map04138	LOC127062034
vv	map04140	LOC127062034
vv	map04621	LOC127062034
vv	map05231	LOC127062035
vv	map00260	LOC127062038
vv	map05230	LOC127062040
vv	map04013	LOC127062045
vv	map00563	LOC127062061
vv	map00051	LOC127062062
vv	map00520	LOC127062062
vv	map01100	LOC127062062
vv	map01110	LOC127062062
vv	map04141	LOC127062062
vv	map04931	LOC127062063
vv	map00190	LOC127062065
vv	map01100	LOC127062065
vv	map04714	LOC127062065
vv	map04723	LOC127062065
vv	map04932	LOC127062065
vv	map05010	LOC127062065
vv	map05012	LOC127062065
vv	map05016	LOC127062065
vv	map04142	LOC127062087
vv	map04510	LOC127062101
vv	map04520	LOC127062101
vv	map04670	LOC127062101
vv	map04810	LOC127062101
vv	map05100	LOC127062101
vv	map05131	LOC127062101
vv	map05146	LOC127062101
vv	map04137	LOC127062102
vv	map03440	LOC127062104
vv	map03040	LOC127062106
vv	map00310	LOC127062107
vv	map03013	LOC127062107
vv	map03040	LOC127062108
vv	map00430	LOC127062111
vv	map00460	LOC127062111
vv	map00480	LOC127062111
vv	map01100	LOC127062111
vv	map04152	LOC127062115
vv	map04211	LOC127062115
vv	map04920	LOC127062115
vv	map04932	LOC127062115
vv	map03040	LOC127062119
vv	map03022	LOC127062120
vv	map03010	LOC127062122
vv	map03018	LOC127062123
vv	map03040	LOC127062123
vv	map00520	LOC127062124
vv	map01100	LOC127062124
vv	map05202	LOC127062132
vv	map00981	LOC127062133
vv	map04212	LOC127062133
vv	map03010	LOC127062135
vv	map00072	LOC127062136
vv	map00280	LOC127062136
vv	map00650	LOC127062136
vv	map00900	LOC127062136
vv	map01100	LOC127062136
vv	map01110	LOC127062136
vv	map01130	LOC127062136
vv	map04145	LOC127062138
vv	map04913	LOC127062138
vv	map04925	LOC127062138
vv	map04927	LOC127062138
vv	map04934	LOC127062138
vv	map04975	LOC127062138
vv	map04976	LOC127062138
vv	map04977	LOC127062138
vv	map04979	LOC127062138
vv	map05160	LOC127062138
vv	map04010	LOC127062139
vv	map04064	LOC127062139
vv	map04620	LOC127062139
vv	map04624	LOC127062139
vv	map04722	LOC127062139
vv	map05133	LOC127062139
vv	map05140	LOC127062139
vv	map05142	LOC127062139
vv	map05145	LOC127062139
vv	map05152	LOC127062139
vv	map05162	LOC127062139
vv	map05169	LOC127062139
vv	map03040	LOC127062143
vv	map00010	LOC127062144
vv	map00020	LOC127062144
vv	map00620	LOC127062144
vv	map01100	LOC127062144
vv	map01110	LOC127062144
vv	map01120	LOC127062144
vv	map01130	LOC127062144
vv	map03320	LOC127062144
vv	map04068	LOC127062144
vv	map04151	LOC127062144
vv	map04152	LOC127062144
vv	map04910	LOC127062144
vv	map04920	LOC127062144
vv	map04922	LOC127062144
vv	map04931	LOC127062144
vv	map04964	LOC127062144
vv	map00062	LOC127062145
vv	map00071	LOC127062145
vv	map00280	LOC127062145
vv	map00310	LOC127062145
vv	map00380	LOC127062145
vv	map00410	LOC127062145
vv	map00627	LOC127062145
vv	map00640	LOC127062145
vv	map00650	LOC127062145
vv	map00930	LOC127062145
vv	map01040	LOC127062145
vv	map01100	LOC127062145
vv	map01110	LOC127062145
vv	map01120	LOC127062145
vv	map01130	LOC127062145
vv	map01200	LOC127062145
vv	map01212	LOC127062145
vv	map04110	LOC127062153
vv	map04111	LOC127062153
vv	map04113	LOC127062153
vv	map00061	LOC127062155
vv	map01100	LOC127062155
vv	map01212	LOC127062155
vv	map04152	LOC127062155
vv	map04910	LOC127062155
vv	map00061	LOC127062156
vv	map01100	LOC127062156
vv	map01212	LOC127062156
vv	map04152	LOC127062156
vv	map04910	LOC127062156
vv	map00061	LOC127062157
vv	map01100	LOC127062157
vv	map01212	LOC127062157
vv	map04152	LOC127062157
vv	map04910	LOC127062157
vv	map00260	LOC127062161
vv	map01100	LOC127062161
vv	map00030	LOC127062162
vv	map00260	LOC127062162
vv	map01100	LOC127062162
vv	map01110	LOC127062162
vv	map01130	LOC127062162
vv	map00030	LOC127062164
vv	map01100	LOC127062164
vv	map01110	LOC127062164
vv	map01130	LOC127062164
vv	map04714	LOC127062174
vv	map05230	LOC127062174
vv	map03013	LOC127062185
vv	map00730	LOC127062186
vv	map00790	LOC127062186
vv	map01100	LOC127062186
vv	map02020	LOC127062186
vv	map00061	LOC127062188
vv	map01100	LOC127062188
vv	map01212	LOC127062188
vv	map04152	LOC127062188
vv	map04910	LOC127062188
vv	map00061	LOC127062193
vv	map01100	LOC127062193
vv	map01212	LOC127062193
vv	map04152	LOC127062193
vv	map04910	LOC127062193
vv	map03008	LOC127062195
vv	map04261	LOC127062196
vv	map04725	LOC127062196
vv	map04971	LOC127062196
vv	map04972	LOC127062196
vv	map04974	LOC127062196
vv	map05110	LOC127062196
vv	map00010	LOC127062197
vv	map00562	LOC127062197
vv	map01100	LOC127062197
vv	map04080	LOC127062203
vv	map00062	LOC127062204
vv	map01110	LOC127062204
vv	map00190	LOC127062208
vv	map01100	LOC127062208
vv	map04142	LOC127062208
vv	map04145	LOC127062208
vv	map04721	LOC127062208
vv	map04966	LOC127062208
vv	map05110	LOC127062208
vv	map05120	LOC127062208
vv	map05152	LOC127062208
vv	map05323	LOC127062208
vv	map00061	LOC127062211
vv	map01100	LOC127062211
vv	map01212	LOC127062211
vv	map04152	LOC127062211
vv	map04910	LOC127062211
vv	map00061	LOC127062212
vv	map01100	LOC127062212
vv	map01212	LOC127062212
vv	map04152	LOC127062212
vv	map04910	LOC127062212
vv	map05016	LOC127062214
vv	map04113	LOC127062215
vv	map04512	LOC127062218
vv	map05161	LOC127062218
vv	map05205	LOC127062218
vv	map04141	LOC127062223
vv	map05206	LOC127062230
vv	map00601	LOC127062231
vv	map01100	LOC127062231
vv	map04024	LOC127062232
vv	map04080	LOC127062232
vv	map04934	LOC127062232
vv	map00020	LOC127062233
vv	map00630	LOC127062233
vv	map01100	LOC127062233
vv	map01110	LOC127062233
vv	map01120	LOC127062233
vv	map01130	LOC127062233
vv	map01200	LOC127062233
vv	map01210	LOC127062233
vv	map01230	LOC127062233
vv	map00900	LOC127062234
vv	map01130	LOC127062234
vv	map00030	LOC127062235
vv	map00480	LOC127062235
vv	map01100	LOC127062235
vv	map01110	LOC127062235
vv	map01120	LOC127062235
vv	map01130	LOC127062235
vv	map01200	LOC127062235
vv	map03460	LOC127062235
vv	map04724	LOC127062236
vv	map05014	LOC127062236
vv	map00260	LOC127062237
vv	map00270	LOC127062237
vv	map00450	LOC127062237
vv	map01100	LOC127062237
vv	map01130	LOC127062237
vv	map01230	LOC127062237
vv	map00600	LOC127062241
vv	map04071	LOC127062241
vv	map03030	LOC127062244
vv	map04721	LOC127062246
vv	map04723	LOC127062246
vv	map04724	LOC127062246
vv	map05033	LOC127062246
vv	map00900	LOC127062249
vv	map01130	LOC127062249
vv	map00562	LOC127062260
vv	map01100	LOC127062260
vv	map04070	LOC127062260
vv	map04140	LOC127062261
vv	map04211	LOC127062261
vv	map04974	LOC127062265
vv	map05226	LOC127062269
vv	map03460	LOC127062271
vv	map04110	LOC127062271
vv	map04115	LOC127062271
vv	map04214	LOC127062271
vv	map04218	LOC127062271
vv	map05165	LOC127062271
vv	map05166	LOC127062271
vv	map00970	LOC127062273
vv	map01100	LOC127062273
vv	map05225	LOC127062274
vv	map00230	LOC127062278
vv	map04022	LOC127062278
vv	map04740	LOC127062278
vv	map04925	LOC127062278
vv	map05032	LOC127062278
vv	map00440	LOC127062280
vv	map00564	LOC127062280
vv	map00565	LOC127062280
vv	map01100	LOC127062280
vv	map01110	LOC127062280
vv	map05231	LOC127062280
vv	map00970	LOC127062283
vv	map01523	LOC127062284
vv	map00564	LOC127062285
vv	map01100	LOC127062285
vv	map01110	LOC127062285
vv	map04010	LOC127062288
vv	map04011	LOC127062288
vv	map04014	LOC127062288
vv	map04015	LOC127062288
vv	map04062	LOC127062288
vv	map04144	LOC127062288
vv	map04360	LOC127062288
vv	map04370	LOC127062288
vv	map04510	LOC127062288
vv	map04520	LOC127062288
vv	map04530	LOC127062288
vv	map04660	LOC127062288
vv	map04666	LOC127062288
vv	map04670	LOC127062288
vv	map04722	LOC127062288
vv	map04810	LOC127062288
vv	map04912	LOC127062288
vv	map04932	LOC127062288
vv	map04933	LOC127062288
vv	map05100	LOC127062288
vv	map05120	LOC127062288
vv	map05130	LOC127062288
vv	map05131	LOC127062288
vv	map05132	LOC127062288
vv	map05165	LOC127062288
vv	map05200	LOC127062288
vv	map05203	LOC127062288
vv	map05205	LOC127062288
vv	map05211	LOC127062288
vv	map05212	LOC127062288
vv	map04640	LOC127062289
vv	map04662	LOC127062289
vv	map05144	LOC127062289
vv	map05160	LOC127062289
vv	map00790	LOC127062290
vv	map01100	LOC127062290
vv	map03010	LOC127062292
vv	map04360	LOC127062294
vv	map04514	LOC127062294
vv	map05200	LOC127062294
vv	map05210	LOC127062294
vv	map04320	LOC127062297
vv	map04390	LOC127062297
vv	map04111	LOC127062298
vv	map00230	LOC127062300
vv	map00670	LOC127062300
vv	map01100	LOC127062300
vv	map01110	LOC127062300
vv	map01130	LOC127062300
vv	map01523	LOC127062300
vv	map04110	LOC127062302
vv	map04111	LOC127062302
vv	map04115	LOC127062302
vv	map04218	LOC127062302
vv	map05166	LOC127062302
vv	map04142	LOC127062303
vv	map00565	LOC127062305
vv	map01100	LOC127062305
vv	map00020	LOC127062308
vv	map00190	LOC127062308
vv	map01100	LOC127062308
vv	map01110	LOC127062308
vv	map01120	LOC127062308
vv	map01130	LOC127062308
vv	map01200	LOC127062308
vv	map04714	LOC127062308
vv	map04932	LOC127062308
vv	map05010	LOC127062308
vv	map05012	LOC127062308
vv	map05016	LOC127062308
vv	map01521	LOC127062313
vv	map04010	LOC127062313
vv	map04014	LOC127062313
vv	map04015	LOC127062313
vv	map04060	LOC127062313
vv	map04066	LOC127062313
vv	map04144	LOC127062313
vv	map04151	LOC127062313
vv	map04510	LOC127062313
vv	map04520	LOC127062313
vv	map04550	LOC127062313
vv	map04714	LOC127062313
vv	map04810	LOC127062313
vv	map05200	LOC127062313
vv	map05202	LOC127062313
vv	map05205	LOC127062313
vv	map05215	LOC127062313
vv	map05218	LOC127062313
vv	map05224	LOC127062313
vv	map05226	LOC127062313
vv	map05230	LOC127062313
vv	map05323	LOC127062313
vv	map04320	LOC127062315
vv	map04978	LOC127062323
vv	map04624	LOC127062328
vv	map04010	LOC127062330
vv	map04013	LOC127062330
vv	map04064	LOC127062330
vv	map04120	LOC127062330
vv	map04140	LOC127062330
vv	map04144	LOC127062330
vv	map04214	LOC127062330
vv	map04380	LOC127062330
vv	map04620	LOC127062330
vv	map04621	LOC127062330
vv	map04622	LOC127062330
vv	map04657	LOC127062330
vv	map04722	LOC127062330
vv	map05133	LOC127062330
vv	map05140	LOC127062330
vv	map05142	LOC127062330
vv	map05145	LOC127062330
vv	map05152	LOC127062330
vv	map05160	LOC127062330
vv	map05162	LOC127062330
vv	map05168	LOC127062330
vv	map05169	LOC127062330
vv	map05200	LOC127062330
vv	map05222	LOC127062330
vv	map04015	LOC127062332
vv	map04145	LOC127062332
vv	map04210	LOC127062332
vv	map04390	LOC127062332
vv	map04391	LOC127062332
vv	map04510	LOC127062332
vv	map04520	LOC127062332
vv	map04530	LOC127062332
vv	map04611	LOC127062332
vv	map04670	LOC127062332
vv	map04714	LOC127062332
vv	map04745	LOC127062332
vv	map04810	LOC127062332
vv	map04919	LOC127062332
vv	map04921	LOC127062332
vv	map05100	LOC127062332
vv	map05110	LOC127062332
vv	map05130	LOC127062332
vv	map05131	LOC127062332
vv	map05132	LOC127062332
vv	map05164	LOC127062332
vv	map05205	LOC127062332
vv	map05225	LOC127062332
vv	map05410	LOC127062332
vv	map05412	LOC127062332
vv	map05414	LOC127062332
vv	map05416	LOC127062332
vv	map05418	LOC127062332
vv	map00601	LOC127062333
vv	map00603	LOC127062333
vv	map01100	LOC127062333
vv	map00620	LOC127062334
vv	map00140	LOC127062335
vv	map00260	LOC127062346
vv	map01100	LOC127062346
vv	map00260	LOC127062347
vv	map01100	LOC127062347
vv	map00260	LOC127062348
vv	map01100	LOC127062348
vv	map00030	LOC127062349
vv	map00260	LOC127062349
vv	map00981	LOC127062349
vv	map01100	LOC127062349
vv	map01110	LOC127062349
vv	map01130	LOC127062349
vv	map00030	LOC127062350
vv	map00260	LOC127062350
vv	map01100	LOC127062350
vv	map01110	LOC127062350
vv	map01130	LOC127062350
vv	map04910	LOC127062351
vv	map00564	LOC127062353
vv	map01100	LOC127062353
vv	map04010	LOC127062355
vv	map05206	LOC127062355
vv	map04142	LOC127062361
vv	map04979	LOC127062361
vv	map00562	LOC127062364
vv	map01521	LOC127062364
vv	map01522	LOC127062364
vv	map01524	LOC127062364
vv	map04012	LOC127062364
vv	map04014	LOC127062364
vv	map04015	LOC127062364
vv	map04024	LOC127062364
vv	map04062	LOC127062364
vv	map04066	LOC127062364
vv	map04068	LOC127062364
vv	map04070	LOC127062364
vv	map04071	LOC127062364
vv	map04072	LOC127062364
vv	map04140	LOC127062364
vv	map04150	LOC127062364
vv	map04151	LOC127062364
vv	map04152	LOC127062364
vv	map04210	LOC127062364
vv	map04211	LOC127062364
vv	map04212	LOC127062364
vv	map04213	LOC127062364
vv	map04218	LOC127062364
vv	map04360	LOC127062364
vv	map04370	LOC127062364
vv	map04380	LOC127062364
vv	map04510	LOC127062364
vv	map04550	LOC127062364
vv	map04611	LOC127062364
vv	map04620	LOC127062364
vv	map04630	LOC127062364
vv	map04650	LOC127062364
vv	map04660	LOC127062364
vv	map04662	LOC127062364
vv	map04664	LOC127062364
vv	map04666	LOC127062364
vv	map04668	LOC127062364
vv	map04670	LOC127062364
vv	map04722	LOC127062364
vv	map04725	LOC127062364
vv	map04750	LOC127062364
vv	map04810	LOC127062364
vv	map04910	LOC127062364
vv	map04914	LOC127062364
vv	map04915	LOC127062364
vv	map04917	LOC127062364
vv	map04919	LOC127062364
vv	map04923	LOC127062364
vv	map04926	LOC127062364
vv	map04930	LOC127062364
vv	map04931	LOC127062364
vv	map04932	LOC127062364
vv	map04933	LOC127062364
vv	map04960	LOC127062364
vv	map04973	LOC127062364
vv	map05100	LOC127062364
vv	map05142	LOC127062364
vv	map05146	LOC127062364
vv	map05160	LOC127062364
vv	map05161	LOC127062364
vv	map05162	LOC127062364
vv	map05164	LOC127062364
vv	map05165	LOC127062364
vv	map05166	LOC127062364
vv	map05167	LOC127062364
vv	map05169	LOC127062364
vv	map05200	LOC127062364
vv	map05203	LOC127062364
vv	map05205	LOC127062364
vv	map05210	LOC127062364
vv	map05211	LOC127062364
vv	map05212	LOC127062364
vv	map05213	LOC127062364
vv	map05214	LOC127062364
vv	map05215	LOC127062364
vv	map05218	LOC127062364
vv	map05220	LOC127062364
vv	map05221	LOC127062364
vv	map05222	LOC127062364
vv	map05223	LOC127062364
vv	map05224	LOC127062364
vv	map05225	LOC127062364
vv	map05226	LOC127062364
vv	map05230	LOC127062364
vv	map05231	LOC127062364
vv	map05418	LOC127062364
vv	map04141	LOC127062369
vv	map04725	LOC127062370
vv	map05231	LOC127062370
vv	map03013	LOC127062373
vv	map04140	LOC127062380
vv	map05166	LOC127062380
vv	map03018	LOC127062383
vv	map03040	LOC127062383
vv	map03015	LOC127062389
vv	map04022	LOC127062389
vv	map04024	LOC127062389
vv	map04113	LOC127062389
vv	map04114	LOC127062389
vv	map04144	LOC127062389
vv	map04218	LOC127062389
vv	map04261	LOC127062389
vv	map04270	LOC127062389
vv	map04390	LOC127062389
vv	map04510	LOC127062389
vv	map04611	LOC127062389
vv	map04720	LOC127062389
vv	map04728	LOC127062389
vv	map04750	LOC127062389
vv	map04810	LOC127062389
vv	map04910	LOC127062389
vv	map04915	LOC127062389
vv	map04921	LOC127062389
vv	map04931	LOC127062389
vv	map05031	LOC127062389
vv	map05034	LOC127062389
vv	map05168	LOC127062389
vv	map05205	LOC127062389
vv	map04142	LOC127062392
vv	map04144	LOC127062392
vv	map04721	LOC127062392
vv	map04961	LOC127062392
vv	map05016	LOC127062392
vv	map05100	LOC127062392
vv	map00562	LOC127062395
vv	map01100	LOC127062395
vv	map03050	LOC127062395
vv	map04011	LOC127062395
vv	map04070	LOC127062395
vv	map04072	LOC127062395
vv	map04139	LOC127062395
vv	map04144	LOC127062395
vv	map04666	LOC127062395
vv	map04810	LOC127062395
vv	map05169	LOC127062395
vv	map05231	LOC127062395
vv	map00061	LOC127062397
vv	map00071	LOC127062397
vv	map01100	LOC127062397
vv	map01212	LOC127062397
vv	map03320	LOC127062397
vv	map04920	LOC127062397
vv	map04260	LOC127062400
vv	map04261	LOC127062400
vv	map05200	LOC127062400
vv	map05206	LOC127062400
vv	map05216	LOC127062400
vv	map05410	LOC127062400
vv	map05414	LOC127062400
vv	map05202	LOC127062404
vv	map05211	LOC127062404
vv	map00280	LOC127062406
vv	map01100	LOC127062406
vv	map03018	LOC127062410
vv	map03040	LOC127062410
vv	map00920	LOC127062413
vv	map01100	LOC127062413
vv	map01120	LOC127062413
vv	map04144	LOC127062414
vv	map04630	LOC127062414
vv	map03040	LOC127062415
vv	map04216	LOC127062415
vv	map00970	LOC127062416
vv	map04144	LOC127062417
vv	map01100	LOC127062419
vv	map04727	LOC127062419
vv	map04142	LOC127062424
vv	map05205	LOC127062424
vv	map04144	LOC127062426
vv	map04210	LOC127062431
vv	map04214	LOC127062431
vv	map04217	LOC127062431
vv	map04714	LOC127062433
vv	map05225	LOC127062433
vv	map03010	LOC127062437
vv	map05010	LOC127062437
vv	map00230	LOC127062439
vv	map00240	LOC127062439
vv	map00760	LOC127062439
vv	map01100	LOC127062439
vv	map01110	LOC127062439
vv	map00620	LOC127062441
vv	map00710	LOC127062441
vv	map01100	LOC127062441
vv	map01120	LOC127062441
vv	map01200	LOC127062441
vv	map02020	LOC127062441
vv	map00450	LOC127062442
vv	map00970	LOC127062442
vv	map03060	LOC127062448
vv	map04360	LOC127062452
vv	map05202	LOC127062455
vv	map04080	LOC127062458
vv	map04972	LOC127062458
vv	map04974	LOC127062458
vv	map05164	LOC127062458
vv	map04015	LOC127062464
vv	map04024	LOC127062464
vv	map04080	LOC127062464
vv	map04540	LOC127062464
vv	map04728	LOC127062464
vv	map05012	LOC127062464
vv	map05030	LOC127062464
vv	map05034	LOC127062464
vv	map00310	LOC127062473
vv	map04934	LOC127062473
vv	map04144	LOC127062479
vv	map04742	LOC127062483
vv	map04013	LOC127062485
vv	map04310	LOC127062485
vv	map04150	LOC127062491
vv	map04710	LOC127062492
vv	map04711	LOC127062492
vv	map04713	LOC127062492
vv	map05168	LOC127062492
vv	map05202	LOC127062492
vv	map05221	LOC127062492
vv	map01524	LOC127062493
vv	map03430	LOC127062493
vv	map05200	LOC127062493
vv	map05210	LOC127062493
vv	map05206	LOC127062494
vv	map04122	LOC127062498
vv	map03050	LOC127062499
vv	map04020	LOC127062499
vv	map04218	LOC127062499
vv	map04621	LOC127062499
vv	map05169	LOC127062499
vv	map00052	LOC127062501
vv	map00520	LOC127062501
vv	map01100	LOC127062501
vv	map04917	LOC127062501
vv	map03050	LOC127062502
vv	map03018	LOC127062505
vv	map04012	LOC127062505
vv	map04014	LOC127062505
vv	map04110	LOC127062505
vv	map04360	LOC127062505
vv	map04722	LOC127062505
vv	map05130	LOC127062505
vv	map05131	LOC127062505
vv	map05200	LOC127062505
vv	map05206	LOC127062505
vv	map05220	LOC127062505
vv	map05416	LOC127062505
vv	map04072	LOC127062506
vv	map04140	LOC127062506
vv	map04150	LOC127062506
vv	map04151	LOC127062506
vv	map04152	LOC127062506
vv	map04211	LOC127062506
vv	map04218	LOC127062506
vv	map04714	LOC127062506
vv	map04910	LOC127062506
vv	map05165	LOC127062506
vv	map05231	LOC127062506
vv	map04520	LOC127062509
vv	map04630	LOC127062509
vv	map04910	LOC127062509
vv	map04931	LOC127062509
vv	map03008	LOC127062513
vv	map03013	LOC127062513
vv	map03015	LOC127062513
vv	map05164	LOC127062513
vv	map03013	LOC127062518
vv	map03008	LOC127062520
vv	map00052	LOC127062524
vv	map00520	LOC127062524
vv	map01100	LOC127062524
vv	map04010	LOC127062525
vv	map04022	LOC127062525
vv	map04137	LOC127062525
vv	map04141	LOC127062525
vv	map04151	LOC127062525
vv	map04210	LOC127062525
vv	map04211	LOC127062525
vv	map04212	LOC127062525
vv	map04214	LOC127062525
vv	map04261	LOC127062525
vv	map04668	LOC127062525
vv	map04720	LOC127062525
vv	map04722	LOC127062525
vv	map04725	LOC127062525
vv	map04728	LOC127062525
vv	map04911	LOC127062525
vv	map04912	LOC127062525
vv	map04915	LOC127062525
vv	map04918	LOC127062525
vv	map04922	LOC127062525
vv	map04925	LOC127062525
vv	map04926	LOC127062525
vv	map04927	LOC127062525
vv	map04932	LOC127062525
vv	map04934	LOC127062525
vv	map05030	LOC127062525
vv	map05031	LOC127062525
vv	map05034	LOC127062525
vv	map05161	LOC127062525
vv	map05166	LOC127062525
vv	map05203	LOC127062525
vv	map05215	LOC127062525
vv	map00564	LOC127062526
vv	map00513	LOC127062527
vv	map00532	LOC127062527
vv	map01100	LOC127062527
vv	map00062	LOC127062529
vv	map00140	LOC127062529
vv	map01040	LOC127062529
vv	map01100	LOC127062529
vv	map01110	LOC127062529
vv	map01212	LOC127062529
vv	map00061	LOC127062531
vv	map00254	LOC127062531
vv	map00620	LOC127062531
vv	map00640	LOC127062531
vv	map01100	LOC127062531
vv	map01110	LOC127062531
vv	map01212	LOC127062531
vv	map04152	LOC127062531
vv	map04910	LOC127062531
vv	map04922	LOC127062531
vv	map04260	LOC127062534
vv	map04261	LOC127062534
vv	map05416	LOC127062534
vv	map03050	LOC127062536
vv	map05169	LOC127062536
vv	map03320	LOC127062542
vv	map04137	LOC127062542
vv	map04144	LOC127062542
vv	map05012	LOC127062542
vv	map05167	LOC127062542
vv	map00061	LOC127062547
vv	map01100	LOC127062547
vv	map01212	LOC127062547
vv	map04152	LOC127062547
vv	map04910	LOC127062547
vv	map00061	LOC127062548
vv	map01100	LOC127062548
vv	map01212	LOC127062548
vv	map04152	LOC127062548
vv	map04910	LOC127062548
vv	map00061	LOC127062549
vv	map01100	LOC127062549
vv	map01212	LOC127062549
vv	map04152	LOC127062549
vv	map04910	LOC127062549
vv	map00061	LOC127062550
vv	map01100	LOC127062550
vv	map01212	LOC127062550
vv	map04152	LOC127062550
vv	map04910	LOC127062550
vv	map00061	LOC127062551
vv	map01100	LOC127062551
vv	map01212	LOC127062551
vv	map04152	LOC127062551
vv	map04910	LOC127062551
vv	map00061	LOC127062552
vv	map01100	LOC127062552
vv	map01212	LOC127062552
vv	map04152	LOC127062552
vv	map04910	LOC127062552
vv	map00061	LOC127062553
vv	map01100	LOC127062553
vv	map01212	LOC127062553
vv	map04152	LOC127062553
vv	map04910	LOC127062553
vv	map00061	LOC127062554
vv	map01100	LOC127062554
vv	map01212	LOC127062554
vv	map04152	LOC127062554
vv	map04910	LOC127062554
vv	map00061	LOC127062555
vv	map01100	LOC127062555
vv	map01212	LOC127062555
vv	map04152	LOC127062555
vv	map04910	LOC127062555
vv	map00061	LOC127062556
vv	map01100	LOC127062556
vv	map01212	LOC127062556
vv	map04152	LOC127062556
vv	map04910	LOC127062556
vv	map00061	LOC127062557
vv	map01100	LOC127062557
vv	map01212	LOC127062557
vv	map04152	LOC127062557
vv	map04910	LOC127062557
vv	map04360	LOC127062566
vv	map04360	LOC127062567
vv	map00534	LOC127062568
vv	map01100	LOC127062568
vv	map00052	LOC127062569
vv	map00460	LOC127062569
vv	map00500	LOC127062569
vv	map00940	LOC127062569
vv	map01100	LOC127062569
vv	map01110	LOC127062569
vv	map04973	LOC127062569
vv	map04010	LOC127062570
vv	map04060	LOC127062570
vv	map04068	LOC127062570
vv	map04144	LOC127062570
vv	map04218	LOC127062570
vv	map04350	LOC127062570
vv	map04371	LOC127062570
vv	map04380	LOC127062570
vv	map04390	LOC127062570
vv	map04520	LOC127062570
vv	map04550	LOC127062570
vv	map04659	LOC127062570
vv	map04926	LOC127062570
vv	map04933	LOC127062570
vv	map05142	LOC127062570
vv	map05161	LOC127062570
vv	map05166	LOC127062570
vv	map05200	LOC127062570
vv	map05210	LOC127062570
vv	map05212	LOC127062570
vv	map05220	LOC127062570
vv	map05225	LOC127062570
vv	map05226	LOC127062570
vv	map04020	LOC127062573
vv	map04218	LOC127062573
vv	map04621	LOC127062573
vv	map03010	LOC127062579
vv	map03013	LOC127062581
vv	map00071	LOC127062584
vv	map01212	LOC127062584
vv	map03320	LOC127062584
vv	map04714	LOC127062584
vv	map00562	LOC127062586
vv	map01100	LOC127062586
vv	map04020	LOC127062586
vv	map04070	LOC127062586
vv	map00190	LOC127062589
vv	map01100	LOC127062589
vv	map04142	LOC127062589
vv	map04145	LOC127062589
vv	map04721	LOC127062589
vv	map05110	LOC127062589
vv	map05120	LOC127062589
vv	map05152	LOC127062589
vv	map05323	LOC127062589
vv	map00040	LOC127062595
vv	map00053	LOC127062595
vv	map00520	LOC127062595
vv	map01100	LOC127062595
vv	map04013	LOC127062596
vv	map00510	LOC127062597
vv	map01100	LOC127062597
vv	map04141	LOC127062597
vv	map00590	LOC127062599
vv	map01100	LOC127062599
vv	map04120	LOC127062605
vv	map04020	LOC127062606
vv	map04022	LOC127062606
vv	map04972	LOC127062606
vv	map05010	LOC127062606
vv	map04371	LOC127062608
vv	map04933	LOC127062608
vv	map05020	LOC127062608
vv	map05161	LOC127062608
vv	map05166	LOC127062608
vv	map05203	LOC127062608
vv	map04140	LOC127062610
vv	map04072	LOC127062612
vv	map04144	LOC127062612
vv	map00220	LOC127062613
vv	map00250	LOC127062613
vv	map00270	LOC127062613
vv	map00330	LOC127062613
vv	map00350	LOC127062613
vv	map00360	LOC127062613
vv	map00400	LOC127062613
vv	map00710	LOC127062613
vv	map00950	LOC127062613
vv	map00960	LOC127062613
vv	map01100	LOC127062613
vv	map01110	LOC127062613
vv	map01120	LOC127062613
vv	map01130	LOC127062613
vv	map01200	LOC127062613
vv	map01210	LOC127062613
vv	map01230	LOC127062613
vv	map03010	LOC127062614
vv	map04964	LOC127062614
vv	map03015	LOC127062616
vv	map04071	LOC127062616
vv	map04151	LOC127062616
vv	map04152	LOC127062616
vv	map04261	LOC127062616
vv	map04728	LOC127062616
vv	map05165	LOC127062616
vv	map03040	LOC127062619
vv	map04146	LOC127062620
vv	map04130	LOC127062621
vv	map03010	LOC127062622
vv	map03010	LOC127062623
vv	map04015	LOC127062626
vv	map04520	LOC127062626
vv	map00510	LOC127062633
vv	map00513	LOC127062633
vv	map01100	LOC127062633
vv	map03040	LOC127062634
vv	map05168	LOC127062634
vv	map01522	LOC127062636
vv	map01524	LOC127062636
vv	map04068	LOC127062636
vv	map04110	LOC127062636
vv	map04115	LOC127062636
vv	map04120	LOC127062636
vv	map04144	LOC127062636
vv	map04151	LOC127062636
vv	map04218	LOC127062636
vv	map04919	LOC127062636
vv	map05165	LOC127062636
vv	map05169	LOC127062636
vv	map05200	LOC127062636
vv	map05202	LOC127062636
vv	map05203	LOC127062636
vv	map05205	LOC127062636
vv	map05206	LOC127062636
vv	map05214	LOC127062636
vv	map05215	LOC127062636
vv	map05218	LOC127062636
vv	map05219	LOC127062636
vv	map05220	LOC127062636
vv	map04024	LOC127062637
vv	map04080	LOC127062637
vv	map04918	LOC127062637
vv	map04923	LOC127062637
vv	map05320	LOC127062637
vv	map04120	LOC127062641
vv	map03008	LOC127062642
vv	map00073	LOC127062643
vv	map04146	LOC127062643
vv	map04212	LOC127062643
vv	map04340	LOC127062644
vv	map04918	LOC127062644
vv	map04979	LOC127062644
vv	map00120	LOC127062647
vv	map01100	LOC127062647
vv	map03320	LOC127062647
vv	map04979	LOC127062647
vv	map04072	LOC127062650
vv	map04144	LOC127062650
vv	map04721	LOC127062650
vv	map04961	LOC127062650
vv	map05100	LOC127062650
vv	map00480	LOC127062652
vv	map00790	LOC127062652
vv	map00980	LOC127062652
vv	map00982	LOC127062652
vv	map00983	LOC127062652
vv	map01524	LOC127062652
vv	map05200	LOC127062652
vv	map05204	LOC127062652
vv	map05225	LOC127062652
vv	map05418	LOC127062652
vv	map04727	LOC127062656
vv	map00600	LOC127062667
vv	map01100	LOC127062667
vv	map04071	LOC127062667
vv	map05016	LOC127062672
vv	map00270	LOC127062677
vv	map00480	LOC127062677
vv	map01100	LOC127062677
vv	map04216	LOC127062677
vv	map04740	LOC127062678
vv	map00230	LOC127062679
vv	map00190	LOC127062680
vv	map01100	LOC127062680
vv	map04714	LOC127062680
vv	map04723	LOC127062680
vv	map04932	LOC127062680
vv	map05010	LOC127062680
vv	map05012	LOC127062680
vv	map05016	LOC127062680
vv	map00190	LOC127062684
vv	map00860	LOC127062684
vv	map01100	LOC127062684
vv	map01110	LOC127062684
vv	map02020	LOC127062684
vv	map04714	LOC127062684
vv	map00770	LOC127062686
vv	map01100	LOC127062686
vv	map04621	LOC127062686
vv	map04622	LOC127062686
vv	map04623	LOC127062686
vv	map05160	LOC127062686
vv	map05161	LOC127062686
vv	map05162	LOC127062686
vv	map05164	LOC127062686
vv	map05168	LOC127062686
vv	map00601	LOC127062687
vv	map00603	LOC127062687
vv	map01100	LOC127062687
vv	map04010	LOC127062695
vv	map04014	LOC127062695
vv	map04015	LOC127062695
vv	map04022	LOC127062695
vv	map04066	LOC127062695
vv	map04068	LOC127062695
vv	map04072	LOC127062695
vv	map04150	LOC127062695
vv	map04151	LOC127062695
vv	map04152	LOC127062695
vv	map04211	LOC127062695
vv	map04212	LOC127062695
vv	map04213	LOC127062695
vv	map04520	LOC127062695
vv	map04910	LOC127062695
vv	map04913	LOC127062695
vv	map04923	LOC127062695
vv	map04930	LOC127062695
vv	map04931	LOC127062695
vv	map04932	LOC127062695
vv	map04960	LOC127062695
vv	map00220	LOC127062700
vv	map00250	LOC127062700
vv	map00710	LOC127062700
vv	map01100	LOC127062700
vv	map01120	LOC127062700
vv	map01200	LOC127062700
vv	map01210	LOC127062700
vv	map01230	LOC127062700
vv	map00532	LOC127062701
vv	map00534	LOC127062701
vv	map01100	LOC127062701
vv	map04138	LOC127062702
vv	map04110	LOC127062703
vv	map04111	LOC127062703
vv	map04113	LOC127062703
vv	map04114	LOC127062703
vv	map04120	LOC127062703
vv	map04914	LOC127062703
vv	map05166	LOC127062703
vv	map04360	LOC127062704
vv	map00250	LOC127062707
vv	map00410	LOC127062707
vv	map00430	LOC127062707
vv	map00650	LOC127062707
vv	map00770	LOC127062707
vv	map01100	LOC127062707
vv	map01110	LOC127062707
vv	map01120	LOC127062707
vv	map02024	LOC127062707
vv	map04727	LOC127062707
vv	map04940	LOC127062707
vv	map03430	LOC127062708
vv	map03460	LOC127062708
vv	map00790	LOC127062710
vv	map01100	LOC127062710
vv	map04727	LOC127062710
vv	map00040	LOC127062716
vv	map00053	LOC127062716
vv	map00140	LOC127062716
vv	map00565	LOC127062716
vv	map00600	LOC127062716
vv	map00830	LOC127062716
vv	map00860	LOC127062716
vv	map00980	LOC127062716
vv	map00982	LOC127062716
vv	map00983	LOC127062716
vv	map01100	LOC127062716
vv	map01110	LOC127062716
vv	map05204	LOC127062716
vv	map05202	LOC127062717
vv	map03013	LOC127062719
vv	map05160	LOC127062719
vv	map00981	LOC127062721
vv	map00564	LOC127062734
vv	map03050	LOC127062742
vv	map00190	LOC127062743
vv	map01100	LOC127062743
vv	map04714	LOC127062743
vv	map04723	LOC127062743
vv	map04932	LOC127062743
vv	map05010	LOC127062743
vv	map05012	LOC127062743
vv	map05016	LOC127062743
vv	map04146	LOC127062749
vv	map04214	LOC127062749
vv	map04218	LOC127062754
vv	map01521	LOC127062764
vv	map01522	LOC127062764
vv	map04010	LOC127062764
vv	map04012	LOC127062764
vv	map04013	LOC127062764
vv	map04014	LOC127062764
vv	map04062	LOC127062764
vv	map04068	LOC127062764
vv	map04072	LOC127062764
vv	map04150	LOC127062764
vv	map04151	LOC127062764
vv	map04320	LOC127062764
vv	map04510	LOC127062764
vv	map04540	LOC127062764
vv	map04630	LOC127062764
vv	map04650	LOC127062764
vv	map04660	LOC127062764
vv	map04662	LOC127062764
vv	map04664	LOC127062764
vv	map04714	LOC127062764
vv	map04722	LOC127062764
vv	map04810	LOC127062764
vv	map04910	LOC127062764
vv	map04912	LOC127062764
vv	map04915	LOC127062764
vv	map04917	LOC127062764
vv	map04926	LOC127062764
vv	map05034	LOC127062764
vv	map05160	LOC127062764
vv	map05165	LOC127062764
vv	map05200	LOC127062764
vv	map05205	LOC127062764
vv	map05206	LOC127062764
vv	map05210	LOC127062764
vv	map05211	LOC127062764
vv	map05213	LOC127062764
vv	map05214	LOC127062764
vv	map05215	LOC127062764
vv	map05220	LOC127062764
vv	map05221	LOC127062764
vv	map05223	LOC127062764
vv	map05224	LOC127062764
vv	map05225	LOC127062764
vv	map05226	LOC127062764
vv	map05231	LOC127062764
vv	map04142	LOC127062766
vv	map00073	LOC127062767
vv	map04146	LOC127062767
vv	map04212	LOC127062767
vv	map04062	LOC127062771
vv	map04370	LOC127062771
vv	map04510	LOC127062771
vv	map04670	LOC127062771
vv	map04810	LOC127062771
vv	map05100	LOC127062771
vv	map05165	LOC127062771
vv	map05203	LOC127062771
vv	map05205	LOC127062771
vv	map04120	LOC127062772
vv	map04141	LOC127062773
vv	map04932	LOC127062773
vv	map05166	LOC127062773
vv	map03050	LOC127062775
vv	map05169	LOC127062775
vv	map00561	LOC127062778
vv	map01100	LOC127062778
vv	map04972	LOC127062778
vv	map04975	LOC127062778
vv	map03015	LOC127062782
vv	map00073	LOC127062784
vv	map04146	LOC127062784
vv	map04212	LOC127062784
vv	map00073	LOC127062785
vv	map04146	LOC127062785
vv	map04212	LOC127062785
vv	map00073	LOC127062786
vv	map04146	LOC127062786
vv	map04212	LOC127062786
vv	map00230	LOC127062790
vv	map00240	LOC127062790
vv	map01100	LOC127062790
vv	map03020	LOC127062790
vv	map04623	LOC127062790
vv	map05016	LOC127062790
vv	map05169	LOC127062790
vv	map04710	LOC127062791
vv	map03010	LOC127062792
vv	map04714	LOC127062793
vv	map04918	LOC127062803
vv	map04978	LOC127062803
vv	map04010	LOC127062806
vv	map04013	LOC127062806
vv	map00230	LOC127062813
vv	map01522	LOC127062813
vv	map02025	LOC127062813
vv	map04015	LOC127062813
vv	map04020	LOC127062813
vv	map04022	LOC127062813
vv	map04024	LOC127062813
vv	map04062	LOC127062813
vv	map04072	LOC127062813
vv	map04113	LOC127062813
vv	map04114	LOC127062813
vv	map04211	LOC127062813
vv	map04213	LOC127062813
vv	map04261	LOC127062813
vv	map04270	LOC127062813
vv	map04371	LOC127062813
vv	map04540	LOC127062813
vv	map04611	LOC127062813
vv	map04713	LOC127062813
vv	map04714	LOC127062813
vv	map04720	LOC127062813
vv	map04723	LOC127062813
vv	map04724	LOC127062813
vv	map04725	LOC127062813
vv	map04726	LOC127062813
vv	map04727	LOC127062813
vv	map04728	LOC127062813
vv	map04740	LOC127062813
vv	map04742	LOC127062813
vv	map04750	LOC127062813
vv	map04911	LOC127062813
vv	map04912	LOC127062813
vv	map04913	LOC127062813
vv	map04914	LOC127062813
vv	map04915	LOC127062813
vv	map04916	LOC127062813
vv	map04918	LOC127062813
vv	map04921	LOC127062813
vv	map04923	LOC127062813
vv	map04924	LOC127062813
vv	map04925	LOC127062813
vv	map04926	LOC127062813
vv	map04927	LOC127062813
vv	map04934	LOC127062813
vv	map04962	LOC127062813
vv	map04970	LOC127062813
vv	map04971	LOC127062813
vv	map04972	LOC127062813
vv	map04976	LOC127062813
vv	map05012	LOC127062813
vv	map05030	LOC127062813
vv	map05031	LOC127062813
vv	map05032	LOC127062813
vv	map05034	LOC127062813
vv	map05110	LOC127062813
vv	map05166	LOC127062813
vv	map05200	LOC127062813
vv	map05414	LOC127062813
vv	map04330	LOC127062817
vv	map05010	LOC127062817
vv	map04142	LOC127062821
vv	map05205	LOC127062821
vv	map04120	LOC127062822
vv	map04066	LOC127062824
vv	map04120	LOC127062824
vv	map04137	LOC127062824
vv	map04140	LOC127062824
vv	map04212	LOC127062824
vv	map04214	LOC127062824
vv	map04215	LOC127062824
vv	map04659	LOC127062824
vv	map04919	LOC127062824
vv	map05167	LOC127062824
vv	map05200	LOC127062824
vv	map05205	LOC127062824
vv	map05211	LOC127062824
vv	map05230	LOC127062824
vv	map05231	LOC127062824
vv	map00970	LOC127062825
vv	map00970	LOC127062830
vv	map04145	LOC127062833
vv	map04210	LOC127062833
vv	map04530	LOC127062833
vv	map04540	LOC127062833
vv	map05130	LOC127062833
vv	map04340	LOC127062834
vv	map04341	LOC127062834
vv	map05200	LOC127062834
vv	map05217	LOC127062834
vv	map03013	LOC127062835
vv	map00270	LOC127062836
vv	map01100	LOC127062836
vv	map01110	LOC127062836
vv	map03050	LOC127062842
vv	map05206	LOC127062850
vv	map00020	LOC127062853
vv	map00270	LOC127062853
vv	map00620	LOC127062853
vv	map00630	LOC127062853
vv	map00710	LOC127062853
vv	map01100	LOC127062853
vv	map01110	LOC127062853
vv	map01120	LOC127062853
vv	map01130	LOC127062853
vv	map01200	LOC127062853
vv	map00730	LOC127062856
vv	map00790	LOC127062856
vv	map01100	LOC127062856
vv	map02020	LOC127062856
vv	map01524	LOC127062857
vv	map04010	LOC127062857
vv	map04115	LOC127062857
vv	map04210	LOC127062857
vv	map04214	LOC127062857
vv	map04215	LOC127062857
vv	map04650	LOC127062857
vv	map04657	LOC127062857
vv	map04668	LOC127062857
vv	map04726	LOC127062857
vv	map04932	LOC127062857
vv	map04933	LOC127062857
vv	map05010	LOC127062857
vv	map05012	LOC127062857
vv	map05014	LOC127062857
vv	map05016	LOC127062857
vv	map05120	LOC127062857
vv	map05133	LOC127062857
vv	map05134	LOC127062857
vv	map05145	LOC127062857
vv	map05146	LOC127062857
vv	map05152	LOC127062857
vv	map05161	LOC127062857
vv	map05165	LOC127062857
vv	map05167	LOC127062857
vv	map05168	LOC127062857
vv	map05200	LOC127062857
vv	map05203	LOC127062857
vv	map05205	LOC127062857
vv	map05206	LOC127062857
vv	map05210	LOC127062857
vv	map05222	LOC127062857
vv	map05416	LOC127062857
vv	map04146	LOC127062858
vv	map00310	LOC127062868
vv	map05202	LOC127062868
vv	map03040	LOC127062874
vv	map04341	LOC127062875
vv	map04341	LOC127062877
vv	map03018	LOC127062878
vv	map04713	LOC127062880
vv	map00900	LOC127062881
vv	map01100	LOC127062881
vv	map01110	LOC127062881
vv	map01130	LOC127062881
vv	map03015	LOC127062882
vv	map01522	LOC127062885
vv	map04330	LOC127062885
vv	map04658	LOC127062885
vv	map05200	LOC127062885
vv	map05224	LOC127062885
vv	map00040	LOC127062889
vv	map00051	LOC127062889
vv	map01100	LOC127062889
vv	map00130	LOC127062903
vv	map01110	LOC127062903
vv	map04020	LOC127062909
vv	map04022	LOC127062909
vv	map04216	LOC127062909
vv	map04217	LOC127062909
vv	map04218	LOC127062909
vv	map04621	LOC127062909
vv	map04979	LOC127062909
vv	map05012	LOC127062909
vv	map05016	LOC127062909
vv	map05161	LOC127062909
vv	map05164	LOC127062909
vv	map05166	LOC127062909
vv	map05203	LOC127062909
vv	map03030	LOC127062912
vv	map04110	LOC127062912
vv	map04111	LOC127062912
vv	map04113	LOC127062912
vv	map00230	LOC127062916
vv	map00240	LOC127062916
vv	map01100	LOC127062916
vv	map03030	LOC127062916
vv	map03410	LOC127062916
vv	map03420	LOC127062916
vv	map05166	LOC127062916
vv	map04111	LOC127062917
vv	map04390	LOC127062917
vv	map04391	LOC127062917
vv	map04392	LOC127062917
vv	map04360	LOC127062919
vv	map04724	LOC127062919
vv	map04726	LOC127062919
vv	map04745	LOC127062919
vv	map04972	LOC127062919
vv	map04144	LOC127062927
vv	map04020	LOC127062932
vv	map04910	LOC127062932
vv	map04922	LOC127062932
vv	map04024	LOC127062933
vv	map04742	LOC127062933
vv	map00564	LOC127062934
vv	map01110	LOC127062934
vv	map04011	LOC127062934
vv	map00071	LOC127062937
vv	map00592	LOC127062937
vv	map01040	LOC127062937
vv	map01100	LOC127062937
vv	map01110	LOC127062937
vv	map01212	LOC127062937
vv	map03320	LOC127062937
vv	map04024	LOC127062937
vv	map04146	LOC127062937
vv	map03040	LOC127062938
vv	map04010	LOC127062938
vv	map04141	LOC127062938
vv	map04144	LOC127062938
vv	map04213	LOC127062938
vv	map04612	LOC127062938
vv	map04915	LOC127062938
vv	map05134	LOC127062938
vv	map05145	LOC127062938
vv	map05162	LOC127062938
vv	map05164	LOC127062938
vv	map05169	LOC127062938
vv	map00230	LOC127062940
vv	map00240	LOC127062940
vv	map00983	LOC127062940
vv	map01100	LOC127062940
vv	map01110	LOC127062940
vv	map01130	LOC127062940
vv	map04016	LOC127062940
vv	map00940	LOC127062947
vv	map01100	LOC127062947
vv	map01110	LOC127062947
vv	map04141	LOC127062948
vv	map00562	LOC127062949
vv	map01100	LOC127062949
vv	map04070	LOC127062949
vv	map00532	LOC127062951
vv	map03060	LOC127062952
vv	map04141	LOC127062952
vv	map04150	LOC127062954
vv	map04310	LOC127062954
vv	map04360	LOC127062954
vv	map04390	LOC127062954
vv	map04550	LOC127062954
vv	map04916	LOC127062954
vv	map04934	LOC127062954
vv	map05165	LOC127062954
vv	map05166	LOC127062954
vv	map05200	LOC127062954
vv	map05205	LOC127062954
vv	map05217	LOC127062954
vv	map05224	LOC127062954
vv	map05225	LOC127062954
vv	map05226	LOC127062954
vv	map03010	LOC127062961
vv	map04130	LOC127062963
vv	map04138	LOC127062963
vv	map04550	LOC127062970
vv	map04950	LOC127062970
vv	map01524	LOC127062975
vv	map04010	LOC127062975
vv	map04115	LOC127062975
vv	map04210	LOC127062975
vv	map04214	LOC127062975
vv	map04215	LOC127062975
vv	map04650	LOC127062975
vv	map04657	LOC127062975
vv	map04668	LOC127062975
vv	map04726	LOC127062975
vv	map04932	LOC127062975
vv	map04933	LOC127062975
vv	map05010	LOC127062975
vv	map05012	LOC127062975
vv	map05014	LOC127062975
vv	map05016	LOC127062975
vv	map05120	LOC127062975
vv	map05133	LOC127062975
vv	map05134	LOC127062975
vv	map05145	LOC127062975
vv	map05146	LOC127062975
vv	map05152	LOC127062975
vv	map05161	LOC127062975
vv	map05165	LOC127062975
vv	map05167	LOC127062975
vv	map05168	LOC127062975
vv	map05200	LOC127062975
vv	map05203	LOC127062975
vv	map05205	LOC127062975
vv	map05206	LOC127062975
vv	map05210	LOC127062975
vv	map05222	LOC127062975
vv	map05416	LOC127062975
vv	map04550	LOC127062981
vv	map04722	LOC127062982
vv	map03015	LOC127062985
vv	map04940	LOC127062986
vv	map04530	LOC127062987
vv	map05202	LOC127062988
vv	map03440	LOC127062989
vv	map04138	LOC127062990
vv	map04144	LOC127062990
vv	map04390	LOC127062998
vv	map04391	LOC127062998
vv	map04392	LOC127062998
vv	map04971	LOC127062999
vv	map00970	LOC127063002
vv	map00020	LOC127063005
vv	map00270	LOC127063005
vv	map00620	LOC127063005
vv	map00630	LOC127063005
vv	map00710	LOC127063005
vv	map01100	LOC127063005
vv	map01110	LOC127063005
vv	map01120	LOC127063005
vv	map01130	LOC127063005
vv	map01200	LOC127063005
vv	map04011	LOC127063006
vv	map04110	LOC127063006
vv	map04114	LOC127063006
vv	map04151	LOC127063006
vv	map04390	LOC127063006
vv	map04391	LOC127063006
vv	map04722	LOC127063006
vv	map05169	LOC127063006
vv	map05203	LOC127063006
vv	map03013	LOC127063012
vv	map00562	LOC127063014
vv	map01100	LOC127063014
vv	map04070	LOC127063014
vv	map04138	LOC127063020
vv	map03320	LOC127063021
vv	map01524	LOC127063022
vv	map04210	LOC127063022
vv	map04215	LOC127063022
vv	map04390	LOC127063022
vv	map05161	LOC127063022
vv	map05200	LOC127063022
vv	map05210	LOC127063022
vv	map03008	LOC127063023
vv	map03040	LOC127063023
vv	map00510	LOC127063024
vv	map00513	LOC127063024
vv	map01100	LOC127063024
vv	map00760	LOC127063030
vv	map01100	LOC127063030
vv	map05231	LOC127063031
vv	map00561	LOC127063033
vv	map00564	LOC127063033
vv	map00565	LOC127063033
vv	map00600	LOC127063033
vv	map01100	LOC127063033
vv	map01110	LOC127063033
vv	map04072	LOC127063033
vv	map04666	LOC127063033
vv	map04975	LOC127063033
vv	map05231	LOC127063033
vv	map00670	LOC127063034
vv	map00970	LOC127063034
vv	map03040	LOC127063037
vv	map03018	LOC127063038
vv	map03010	LOC127063039
vv	map00220	LOC127063042
vv	map00330	LOC127063042
vv	map01100	LOC127063042
vv	map01110	LOC127063042
vv	map04020	LOC127063042
vv	map04022	LOC127063042
vv	map04066	LOC127063042
vv	map04071	LOC127063042
vv	map04145	LOC127063042
vv	map04146	LOC127063042
vv	map04151	LOC127063042
vv	map04370	LOC127063042
vv	map04371	LOC127063042
vv	map04611	LOC127063042
vv	map04713	LOC127063042
vv	map04730	LOC127063042
vv	map04915	LOC127063042
vv	map04921	LOC127063042
vv	map04926	LOC127063042
vv	map04931	LOC127063042
vv	map04933	LOC127063042
vv	map04970	LOC127063042
vv	map05010	LOC127063042
vv	map05014	LOC127063042
vv	map05132	LOC127063042
vv	map05133	LOC127063042
vv	map05140	LOC127063042
vv	map05142	LOC127063042
vv	map05145	LOC127063042
vv	map05146	LOC127063042
vv	map05152	LOC127063042
vv	map05200	LOC127063042
vv	map05222	LOC127063042
vv	map05418	LOC127063042
vv	map04015	LOC127063045
vv	map04550	LOC127063047
vv	map04014	LOC127063048
vv	map04624	LOC127063048
vv	map05202	LOC127063048
vv	map05203	LOC127063048
vv	map00190	LOC127063050
vv	map01100	LOC127063050
vv	map04714	LOC127063050
vv	map04723	LOC127063050
vv	map04932	LOC127063050
vv	map05010	LOC127063050
vv	map05012	LOC127063050
vv	map05016	LOC127063050
vv	map04130	LOC127063051
vv	map00563	LOC127063052
vv	map01100	LOC127063052
vv	map00603	LOC127063053
vv	map04142	LOC127063053
vv	map00561	LOC127063056
vv	map01100	LOC127063056
vv	map03320	LOC127063056
vv	map04626	LOC127063056
vv	map00510	LOC127063058
vv	map00513	LOC127063058
vv	map01100	LOC127063058
vv	map04141	LOC127063058
vv	map00970	LOC127063059
vv	map04130	LOC127063060
vv	map00020	LOC127063062
vv	map00190	LOC127063062
vv	map01100	LOC127063062
vv	map01110	LOC127063062
vv	map01120	LOC127063062
vv	map01130	LOC127063062
vv	map01200	LOC127063062
vv	map04714	LOC127063062
vv	map04932	LOC127063062
vv	map05010	LOC127063062
vv	map05012	LOC127063062
vv	map05016	LOC127063062
vv	map04144	LOC127063064
vv	map04212	LOC127063064
vv	map00920	LOC127063068
vv	map01100	LOC127063068
vv	map01120	LOC127063068
vv	map01524	LOC127063068
vv	map02020	LOC127063068
vv	map04115	LOC127063068
vv	map04210	LOC127063068
vv	map04214	LOC127063068
vv	map04215	LOC127063068
vv	map04932	LOC127063068
vv	map05010	LOC127063068
vv	map05012	LOC127063068
vv	map05014	LOC127063068
vv	map05016	LOC127063068
vv	map05134	LOC127063068
vv	map05145	LOC127063068
vv	map05152	LOC127063068
vv	map05161	LOC127063068
vv	map05164	LOC127063068
vv	map05167	LOC127063068
vv	map05168	LOC127063068
vv	map05200	LOC127063068
vv	map05210	LOC127063068
vv	map05222	LOC127063068
vv	map05416	LOC127063068
vv	map03010	LOC127063069
vv	map04391	LOC127063071
vv	map04142	LOC127063075
vv	map04216	LOC127063075
vv	map04978	LOC127063075
vv	map04391	LOC127063077
vv	map04621	LOC127063077
vv	map04110	LOC127063078
vv	map04350	LOC127063078
vv	map00061	LOC127063081
vv	map00780	LOC127063081
vv	map01100	LOC127063081
vv	map01212	LOC127063081
vv	map00740	LOC127063086
vv	map01100	LOC127063086
vv	map04142	LOC127063086
vv	map04925	LOC127063089
vv	map04927	LOC127063089
vv	map04934	LOC127063089
vv	map00830	LOC127063091
vv	map01100	LOC127063091
vv	map04013	LOC127063091
vv	map04115	LOC127063091
vv	map04120	LOC127063091
vv	map04310	LOC127063091
vv	map05012	LOC127063093
vv	map00970	LOC127063098
vv	map04022	LOC127063099
vv	map04218	LOC127063099
vv	map04530	LOC127063099
vv	map04919	LOC127063099
vv	map04022	LOC127063101
vv	map04218	LOC127063101
vv	map04530	LOC127063101
vv	map04919	LOC127063101
vv	map00970	LOC127063103
vv	map05206	LOC127063103
vv	map04144	LOC127063106
vv	map05100	LOC127063106
vv	map05168	LOC127063112
vv	map05014	LOC127063114
vv	map03015	LOC127063115
vv	map04624	LOC127063116
vv	map03018	LOC127063117
vv	map04740	LOC127063118
vv	map00860	LOC127063121
vv	map01100	LOC127063121
vv	map01110	LOC127063121
vv	map04066	LOC127063121
vv	map04216	LOC127063121
vv	map04978	LOC127063121
vv	map05200	LOC127063121
vv	map05206	LOC127063121
vv	map05225	LOC127063121
vv	map05418	LOC127063121
vv	map04145	LOC127063122
vv	map05152	LOC127063122
vv	map00230	LOC127063125
vv	map00730	LOC127063125
vv	map01100	LOC127063125
vv	map01110	LOC127063125
vv	map01130	LOC127063125
vv	map03010	LOC127063128
vv	map00020	LOC127063136
vv	map00630	LOC127063136
vv	map00720	LOC127063136
vv	map01100	LOC127063136
vv	map01110	LOC127063136
vv	map01120	LOC127063136
vv	map01130	LOC127063136
vv	map01200	LOC127063136
vv	map01210	LOC127063136
vv	map01230	LOC127063136
vv	map00900	LOC127063137
vv	map01100	LOC127063137
vv	map01110	LOC127063137
vv	map04146	LOC127063137
vv	map00600	LOC127063138
vv	map01100	LOC127063138
vv	map04071	LOC127063138
vv	map00500	LOC127063139
vv	map01100	LOC127063139
vv	map04080	LOC127063140
vv	map04144	LOC127063142
vv	map04080	LOC127063143
vv	map04728	LOC127063144
vv	map05012	LOC127063144
vv	map05030	LOC127063144
vv	map05031	LOC127063144
vv	map05034	LOC127063144
vv	map02010	LOC127063153
vv	map03010	LOC127063159
vv	map00010	LOC127063160
vv	map00053	LOC127063160
vv	map00071	LOC127063160
vv	map00280	LOC127063160
vv	map00310	LOC127063160
vv	map00330	LOC127063160
vv	map00340	LOC127063160
vv	map00380	LOC127063160
vv	map00410	LOC127063160
vv	map00561	LOC127063160
vv	map00620	LOC127063160
vv	map00625	LOC127063160
vv	map00903	LOC127063160
vv	map00981	LOC127063160
vv	map01100	LOC127063160
vv	map01110	LOC127063160
vv	map01120	LOC127063160
vv	map01130	LOC127063160
vv	map04145	LOC127063162
vv	map04962	LOC127063162
vv	map05132	LOC127063162
vv	map04141	LOC127063166
vv	map00563	LOC127063170
vv	map01100	LOC127063170
vv	map00190	LOC127063171
vv	map01100	LOC127063171
vv	map04714	LOC127063171
vv	map04723	LOC127063171
vv	map04932	LOC127063171
vv	map05010	LOC127063171
vv	map05012	LOC127063171
vv	map05016	LOC127063171
vv	map00562	LOC127063175
vv	map01100	LOC127063175
vv	map04070	LOC127063175
vv	map04550	LOC127063180
vv	map05206	LOC127063185
vv	map00480	LOC127063190
vv	map04657	LOC127063191
vv	map03320	LOC127063193
vv	map04931	LOC127063193
vv	map04080	LOC127063194
vv	map04932	LOC127063197
vv	map05200	LOC127063197
vv	map05202	LOC127063197
vv	map05221	LOC127063197
vv	map03050	LOC127063198
vv	map04130	LOC127063199
vv	map00100	LOC127063207
vv	map04142	LOC127063207
vv	map04979	LOC127063207
vv	map04961	LOC127063216
vv	map04970	LOC127063216
vv	map04978	LOC127063216
vv	map04013	LOC127063219
vv	map05206	LOC127063219
vv	map03060	LOC127063220
vv	map00230	LOC127063221
vv	map04740	LOC127063221
vv	map04744	LOC127063221
vv	map00561	LOC127063224
vv	map00564	LOC127063224
vv	map01100	LOC127063224
vv	map01110	LOC127063224
vv	map04070	LOC127063224
vv	map04072	LOC127063224
vv	map05231	LOC127063224
vv	map00981	LOC127063228
vv	map05016	LOC127063229
vv	map03030	LOC127063231
vv	map00071	LOC127063232
vv	map00592	LOC127063232
vv	map01040	LOC127063232
vv	map01100	LOC127063232
vv	map01110	LOC127063232
vv	map01212	LOC127063232
vv	map03320	LOC127063232
vv	map04024	LOC127063232
vv	map04146	LOC127063232
vv	map04710	LOC127063235
vv	map04110	LOC127063236
vv	map04111	LOC127063236
vv	map04974	LOC127063237
vv	map04138	LOC127063241
vv	map04919	LOC127063242
vv	map04974	LOC127063242
vv	map00510	LOC127063243
vv	map00513	LOC127063243
vv	map01100	LOC127063243
vv	map04141	LOC127063243
vv	map00983	LOC127063245
vv	map04614	LOC127063247
vv	map00510	LOC127063248
vv	map00513	LOC127063248
vv	map01100	LOC127063248
vv	map04141	LOC127063248
vv	map04714	LOC127063249
vv	map03013	LOC127063253
vv	map04360	LOC127063255
vv	map04514	LOC127063255
vv	map03008	LOC127063256
vv	map04013	LOC127063259
vv	map04068	LOC127063259
vv	map04146	LOC127063259
vv	map04211	LOC127063259
vv	map04212	LOC127063259
vv	map04213	LOC127063259
vv	map05016	LOC127063259
vv	map03015	LOC127063261
vv	map04144	LOC127063263
vv	map04666	LOC127063263
vv	map04810	LOC127063263
vv	map05100	LOC127063263
vv	map05130	LOC127063263
vv	map05131	LOC127063263
vv	map05132	LOC127063263
vv	map00190	LOC127063271
vv	map01100	LOC127063271
vv	map04260	LOC127063271
vv	map04714	LOC127063271
vv	map04932	LOC127063271
vv	map05010	LOC127063271
vv	map05012	LOC127063271
vv	map05016	LOC127063271
vv	map05202	LOC127063273
vv	map04111	LOC127063275
vv	map04390	LOC127063275
vv	map04391	LOC127063275
vv	map04392	LOC127063275
vv	map04514	LOC127063277
vv	map03460	LOC127063279
vv	map04340	LOC127063285
vv	map04341	LOC127063285
vv	map00260	LOC127063287
vv	map00620	LOC127063287
vv	map00630	LOC127063287
vv	map01100	LOC127063287
vv	map01110	LOC127063287
vv	map01120	LOC127063287
vv	map04020	LOC127063289
vv	map04022	LOC127063289
vv	map04216	LOC127063289
vv	map04217	LOC127063289
vv	map04218	LOC127063289
vv	map04621	LOC127063289
vv	map04979	LOC127063289
vv	map05012	LOC127063289
vv	map05016	LOC127063289
vv	map05161	LOC127063289
vv	map05164	LOC127063289
vv	map05166	LOC127063289
vv	map05203	LOC127063289
vv	map04010	LOC127063290
vv	map04150	LOC127063290
vv	map03030	LOC127063292
vv	map04110	LOC127063292
vv	map04111	LOC127063292
vv	map04113	LOC127063292
vv	map04310	LOC127063293
vv	map04391	LOC127063293
vv	map05205	LOC127063293
vv	map03008	LOC127063294
vv	map00531	LOC127063295
vv	map01100	LOC127063295
vv	map04142	LOC127063295
vv	map03440	LOC127063296
vv	map03460	LOC127063296
vv	map04218	LOC127063296
vv	map00562	LOC127063297
vv	map01100	LOC127063297
vv	map04070	LOC127063297
vv	map04138	LOC127063297
vv	map00860	LOC127063302
vv	map01100	LOC127063302
vv	map01110	LOC127063302
vv	map03030	LOC127063303
vv	map04141	LOC127063304
vv	map03010	LOC127063306
vv	map03022	LOC127063307
vv	map03420	LOC127063307
vv	map04110	LOC127063308
vv	map04111	LOC127063308
vv	map04113	LOC127063308
vv	map04114	LOC127063308
vv	map04120	LOC127063308
vv	map04914	LOC127063308
vv	map05166	LOC127063308
vv	map00564	LOC127063309
vv	map01100	LOC127063309
vv	map03010	LOC127063313
vv	map04144	LOC127063314
vv	map04666	LOC127063314
vv	map04810	LOC127063314
vv	map05100	LOC127063314
vv	map05130	LOC127063314
vv	map05131	LOC127063314
vv	map05132	LOC127063314
vv	map00230	LOC127063315
vv	map00240	LOC127063315
vv	map03020	LOC127063315
vv	map04623	LOC127063315
vv	map05169	LOC127063315
vv	map00970	LOC127063317
vv	map04140	LOC127063318
vv	map04141	LOC127063318
vv	map04210	LOC127063318
vv	map04932	LOC127063318
vv	map05010	LOC127063318
vv	map05202	LOC127063323
vv	map00785	LOC127063324
vv	map01100	LOC127063324
vv	map03040	LOC127063336
vv	map00250	LOC127063337
vv	map00330	LOC127063337
vv	map01100	LOC127063337
vv	map04140	LOC127063340
vv	map00230	LOC127063341
vv	map00240	LOC127063341
vv	map01100	LOC127063341
vv	map03020	LOC127063341
vv	map03410	LOC127063342
vv	map00630	LOC127063345
vv	map01100	LOC127063345
vv	map04068	LOC127063347
vv	map05168	LOC127063347
vv	map05169	LOC127063347
vv	map05203	LOC127063347
vv	map04014	LOC127063348
vv	map00260	LOC127063350
vv	map00460	LOC127063350
vv	map00630	LOC127063350
vv	map00670	LOC127063350
vv	map00680	LOC127063350
vv	map01100	LOC127063350
vv	map01110	LOC127063350
vv	map01120	LOC127063350
vv	map01130	LOC127063350
vv	map01200	LOC127063350
vv	map01230	LOC127063350
vv	map01523	LOC127063350
vv	map04068	LOC127063355
vv	map04136	LOC127063355
vv	map04138	LOC127063355
vv	map04140	LOC127063355
vv	map04621	LOC127063355
vv	map04622	LOC127063355
vv	map04145	LOC127063356
vv	map04962	LOC127063356
vv	map05132	LOC127063356
vv	map04142	LOC127063359
vv	map00040	LOC127063370
vv	map00052	LOC127063370
vv	map00500	LOC127063370
vv	map00520	LOC127063370
vv	map01100	LOC127063370
vv	map01130	LOC127063370
vv	map04621	LOC127063371
vv	map04622	LOC127063371
vv	map04623	LOC127063371
vv	map03018	LOC127063372
vv	map01521	LOC127063374
vv	map03013	LOC127063374
vv	map04012	LOC127063374
vv	map04066	LOC127063374
vv	map04150	LOC127063374
vv	map04151	LOC127063374
vv	map04152	LOC127063374
vv	map04211	LOC127063374
vv	map04213	LOC127063374
vv	map04218	LOC127063374
vv	map04910	LOC127063374
vv	map05165	LOC127063374
vv	map05221	LOC127063374
vv	map05231	LOC127063374
vv	map00230	LOC127063380
vv	map00250	LOC127063380
vv	map01100	LOC127063380
vv	map01110	LOC127063380
vv	map01130	LOC127063380
vv	map04142	LOC127063383
vv	map04022	LOC127063389
vv	map04024	LOC127063389
vv	map04151	LOC127063389
vv	map04152	LOC127063389
vv	map04211	LOC127063389
vv	map04261	LOC127063389
vv	map04668	LOC127063389
vv	map04714	LOC127063389
vv	map04725	LOC127063389
vv	map04728	LOC127063389
vv	map04911	LOC127063389
vv	map04915	LOC127063389
vv	map04916	LOC127063389
vv	map04918	LOC127063389
vv	map04922	LOC127063389
vv	map04925	LOC127063389
vv	map04926	LOC127063389
vv	map04927	LOC127063389
vv	map04931	LOC127063389
vv	map04934	LOC127063389
vv	map04962	LOC127063389
vv	map05016	LOC127063389
vv	map05030	LOC127063389
vv	map05031	LOC127063389
vv	map05034	LOC127063389
vv	map05161	LOC127063389
vv	map05165	LOC127063389
vv	map05203	LOC127063389
vv	map05215	LOC127063389
vv	map04015	LOC127063396
vv	map04510	LOC127063396
vv	map04611	LOC127063396
vv	map05166	LOC127063396
vv	map04080	LOC127063400
vv	map04730	LOC127063400
vv	map04934	LOC127063400
vv	map03040	LOC127063401
vv	map04657	LOC127063401
vv	map05168	LOC127063401
vv	map03040	LOC127063402
vv	map04657	LOC127063402
vv	map05168	LOC127063402
vv	map03030	LOC127063403
vv	map03420	LOC127063403
vv	map03430	LOC127063403
vv	map03440	LOC127063403
vv	map03460	LOC127063403
vv	map00140	LOC127063409
vv	map00590	LOC127063409
vv	map00591	LOC127063409
vv	map00981	LOC127063409
vv	map01100	LOC127063409
vv	map04212	LOC127063409
vv	map04726	LOC127063409
vv	map04750	LOC127063409
vv	map04913	LOC127063409
vv	map00230	LOC127063414
vv	map00240	LOC127063414
vv	map01100	LOC127063414
vv	map03020	LOC127063414
vv	map05016	LOC127063414
vv	map05168	LOC127063414
vv	map05169	LOC127063414
vv	map03040	LOC127063416
vv	map00010	LOC127063417
vv	map00020	LOC127063417
vv	map00620	LOC127063417
vv	map01100	LOC127063417
vv	map01110	LOC127063417
vv	map01120	LOC127063417
vv	map01130	LOC127063417
vv	map01200	LOC127063417
vv	map04066	LOC127063417
vv	map04922	LOC127063417
vv	map05230	LOC127063417
vv	map00240	LOC127063428
vv	map00983	LOC127063428
vv	map01100	LOC127063428
vv	map04014	LOC127063431
vv	map04066	LOC127063442
vv	map04216	LOC127063442
vv	map04978	LOC127063442
vv	map04120	LOC127063445
vv	map04630	LOC127063445
vv	map05160	LOC127063445
vv	map00280	LOC127063451
vv	map01100	LOC127063451
vv	map04137	LOC127063452
vv	map04139	LOC127063452
vv	map05164	LOC127063452
vv	map04012	LOC127063453
vv	map04360	LOC127063453
vv	map04660	LOC127063453
vv	map05130	LOC127063453
vv	map04120	LOC127063458
vv	map04144	LOC127063458
vv	map04340	LOC127063458
vv	map04341	LOC127063458
vv	map04350	LOC127063458
vv	map03015	LOC127063459
vv	map04520	LOC127063462
vv	map04141	LOC127063466
vv	map03018	LOC127063467
vv	map04144	LOC127063468
vv	map03010	LOC127063472
vv	map04218	LOC127063474
vv	map00970	LOC127063475
vv	map02010	LOC127063479
vv	map04080	LOC127063484
vv	map03050	LOC127063491
vv	map05169	LOC127063491
vv	map04218	LOC127063495
vv	map03013	LOC127063496
vv	map00900	LOC127063497
vv	map01110	LOC127063497
vv	map00760	LOC127063506
vv	map01100	LOC127063506
vv	map00061	LOC127063514
vv	map01100	LOC127063514
vv	map01212	LOC127063514
vv	map04152	LOC127063514
vv	map04910	LOC127063514
vv	map00061	LOC127063515
vv	map01100	LOC127063515
vv	map01212	LOC127063515
vv	map04152	LOC127063515
vv	map04910	LOC127063515
vv	map04931	LOC127063520
vv	map04932	LOC127063520
vv	map04013	LOC127063521
vv	map04931	LOC127063523
vv	map04610	LOC127063525
vv	map04022	LOC127063527
vv	map04270	LOC127063527
vv	map04540	LOC127063527
vv	map04611	LOC127063527
vv	map04713	LOC127063527
vv	map04714	LOC127063527
vv	map04730	LOC127063527
vv	map04740	LOC127063527
vv	map04923	LOC127063527
vv	map04970	LOC127063527
vv	map04710	LOC127063529
vv	map04711	LOC127063529
vv	map04728	LOC127063529
vv	map05168	LOC127063529
vv	map04022	LOC127063531
vv	map04270	LOC127063531
vv	map04540	LOC127063531
vv	map04611	LOC127063531
vv	map04713	LOC127063531
vv	map04714	LOC127063531
vv	map04730	LOC127063531
vv	map04740	LOC127063531
vv	map04923	LOC127063531
vv	map04970	LOC127063531
vv	map04010	LOC127063539
vv	map04114	LOC127063539
vv	map04150	LOC127063539
vv	map04714	LOC127063539
vv	map04720	LOC127063539
vv	map04722	LOC127063539
vv	map04914	LOC127063539
vv	map04931	LOC127063539
vv	map00020	LOC127063541
vv	map00310	LOC127063541
vv	map00380	LOC127063541
vv	map01100	LOC127063541
vv	map01110	LOC127063541
vv	map01120	LOC127063541
vv	map01130	LOC127063541
vv	map01200	LOC127063541
vv	map03008	LOC127063549
vv	map03040	LOC127063550
vv	map04010	LOC127063553
vv	map04011	LOC127063553
vv	map04014	LOC127063553
vv	map04015	LOC127063553
vv	map04062	LOC127063553
vv	map04144	LOC127063553
vv	map04360	LOC127063553
vv	map04370	LOC127063553
vv	map04510	LOC127063553
vv	map04520	LOC127063553
vv	map04530	LOC127063553
vv	map04660	LOC127063553
vv	map04666	LOC127063553
vv	map04670	LOC127063553
vv	map04722	LOC127063553
vv	map04810	LOC127063553
vv	map04912	LOC127063553
vv	map04932	LOC127063553
vv	map04933	LOC127063553
vv	map05100	LOC127063553
vv	map05120	LOC127063553
vv	map05130	LOC127063553
vv	map05131	LOC127063553
vv	map05132	LOC127063553
vv	map05165	LOC127063553
vv	map05200	LOC127063553
vv	map05203	LOC127063553
vv	map05205	LOC127063553
vv	map05211	LOC127063553
vv	map05212	LOC127063553
vv	map03010	LOC127063558
vv	map00900	LOC127063559
vv	map01100	LOC127063559
vv	map01110	LOC127063559
vv	map01130	LOC127063559
vv	map03022	LOC127063559
vv	map05168	LOC127063559
vv	map00190	LOC127063561
vv	map01100	LOC127063561
vv	map04260	LOC127063561
vv	map04714	LOC127063561
vv	map04932	LOC127063561
vv	map05010	LOC127063561
vv	map05012	LOC127063561
vv	map05016	LOC127063561
vv	map05016	LOC127063562
vv	map04060	LOC127063563
vv	map04350	LOC127063563
vv	map04360	LOC127063563
vv	map04390	LOC127063563
vv	map04913	LOC127063563
vv	map04062	LOC127063573
vv	map04144	LOC127063573
vv	map04341	LOC127063573
vv	map05032	LOC127063573
vv	map04014	LOC127063574
vv	map04144	LOC127063574
vv	map04145	LOC127063574
vv	map04962	LOC127063574
vv	map05014	LOC127063574
vv	map05146	LOC127063574
vv	map05152	LOC127063574
vv	map01523	LOC127063578
vv	map04010	LOC127063578
vv	map04014	LOC127063578
vv	map04024	LOC127063578
vv	map04062	LOC127063578
vv	map04064	LOC127063578
vv	map04066	LOC127063578
vv	map04071	LOC127063578
vv	map04151	LOC127063578
vv	map04210	LOC127063578
vv	map04211	LOC127063578
vv	map04218	LOC127063578
vv	map04380	LOC127063578
vv	map04620	LOC127063578
vv	map04621	LOC127063578
vv	map04622	LOC127063578
vv	map04623	LOC127063578
vv	map04624	LOC127063578
vv	map04657	LOC127063578
vv	map04658	LOC127063578
vv	map04659	LOC127063578
vv	map04660	LOC127063578
vv	map04662	LOC127063578
vv	map04668	LOC127063578
vv	map04722	LOC127063578
vv	map04917	LOC127063578
vv	map04920	LOC127063578
vv	map04926	LOC127063578
vv	map04931	LOC127063578
vv	map04932	LOC127063578
vv	map04933	LOC127063578
vv	map05030	LOC127063578
vv	map05120	LOC127063578
vv	map05131	LOC127063578
vv	map05132	LOC127063578
vv	map05133	LOC127063578
vv	map05134	LOC127063578
vv	map05140	LOC127063578
vv	map05142	LOC127063578
vv	map05145	LOC127063578
vv	map05146	LOC127063578
vv	map05152	LOC127063578
vv	map05160	LOC127063578
vv	map05161	LOC127063578
vv	map05162	LOC127063578
vv	map05164	LOC127063578
vv	map05165	LOC127063578
vv	map05166	LOC127063578
vv	map05167	LOC127063578
vv	map05168	LOC127063578
vv	map05169	LOC127063578
vv	map05200	LOC127063578
vv	map05202	LOC127063578
vv	map05203	LOC127063578
vv	map05206	LOC127063578
vv	map05212	LOC127063578
vv	map05215	LOC127063578
vv	map05220	LOC127063578
vv	map05221	LOC127063578
vv	map05222	LOC127063578
vv	map05224	LOC127063578
vv	map05321	LOC127063578
vv	map05418	LOC127063578
vv	map00040	LOC127063579
vv	map01100	LOC127063579
vv	map03010	LOC127063580
vv	map00100	LOC127063582
vv	map04142	LOC127063582
vv	map04979	LOC127063582
vv	map03013	LOC127063584
vv	map00510	LOC127063589
vv	map01100	LOC127063589
vv	map04141	LOC127063592
vv	map04550	LOC127063596
vv	map04950	LOC127063596
vv	map00920	LOC127063602
vv	map01100	LOC127063602
vv	map01120	LOC127063602
vv	map01524	LOC127063602
vv	map02020	LOC127063602
vv	map04115	LOC127063602
vv	map04210	LOC127063602
vv	map04214	LOC127063602
vv	map04215	LOC127063602
vv	map04932	LOC127063602
vv	map05010	LOC127063602
vv	map05012	LOC127063602
vv	map05014	LOC127063602
vv	map05016	LOC127063602
vv	map05134	LOC127063602
vv	map05145	LOC127063602
vv	map05152	LOC127063602
vv	map05161	LOC127063602
vv	map05164	LOC127063602
vv	map05167	LOC127063602
vv	map05168	LOC127063602
vv	map05200	LOC127063602
vv	map05210	LOC127063602
vv	map05222	LOC127063602
vv	map05416	LOC127063602
vv	map02010	LOC127063603
vv	map04144	LOC127063604
vv	map00230	LOC127063636
vv	map00240	LOC127063636
vv	map01100	LOC127063636
vv	map03030	LOC127063636
vv	map04918	LOC127063644
vv	map04212	LOC127063647
vv	map04150	LOC127063648
vv	map04974	LOC127063648
vv	map05230	LOC127063648
vv	map00230	LOC127063657
vv	map00730	LOC127063657
vv	map01100	LOC127063657
vv	map01110	LOC127063657
vv	map01130	LOC127063657
vv	map00360	LOC127063661
vv	map00400	LOC127063661
vv	map00790	LOC127063661
vv	map01100	LOC127063661
vv	map01230	LOC127063661
vv	map00510	LOC127063664
vv	map00513	LOC127063664
vv	map01100	LOC127063664
vv	map04141	LOC127063664
vv	map05202	LOC127063664
vv	map03010	LOC127063665
vv	map00531	LOC127063670
vv	map01100	LOC127063670
vv	map04142	LOC127063670
vv	map00280	LOC127063671
vv	map01100	LOC127063671
vv	map04217	LOC127063672
vv	map04218	LOC127063672
vv	map00511	LOC127063676
vv	map00600	LOC127063676
vv	map01100	LOC127063676
vv	map04011	LOC127063676
vv	map04142	LOC127063676
vv	map04390	LOC127063676
vv	map04391	LOC127063676
vv	map04392	LOC127063676
vv	map02010	LOC127063677
vv	map03015	LOC127063678
vv	map00970	LOC127063685
vv	map00380	LOC127063686
vv	map01100	LOC127063686
vv	map04142	LOC127063687
vv	map04210	LOC127063687
vv	map04750	LOC127063687
vv	map04136	LOC127063688
vv	map04137	LOC127063688
vv	map04138	LOC127063688
vv	map04140	LOC127063688
vv	map04211	LOC127063688
vv	map04213	LOC127063688
vv	map04216	LOC127063688
vv	map04621	LOC127063688
vv	map04622	LOC127063688
vv	map05131	LOC127063688
vv	map03010	LOC127063691
vv	map00061	LOC127063701
vv	map01100	LOC127063701
vv	map01212	LOC127063701
vv	map04152	LOC127063701
vv	map04910	LOC127063701
vv	map00562	LOC127063703
vv	map01100	LOC127063703
vv	map04070	LOC127063703
vv	map04970	LOC127063705
vv	map04972	LOC127063705
vv	map05110	LOC127063705
vv	map05016	LOC127063709
vv	map00510	LOC127063710
vv	map00513	LOC127063710
vv	map01100	LOC127063710
vv	map04141	LOC127063710
vv	map00515	LOC127063714
vv	map01100	LOC127063714
vv	map04020	LOC127063717
vv	map04024	LOC127063717
vv	map04611	LOC127063717
vv	map04924	LOC127063717
vv	map04925	LOC127063717
vv	map04927	LOC127063717
vv	map04934	LOC127063717
vv	map05340	LOC127063717
vv	map04721	LOC127063725
vv	map04726	LOC127063725
vv	map04728	LOC127063725
vv	map05012	LOC127063725
vv	map05030	LOC127063725
vv	map05031	LOC127063725
vv	map05034	LOC127063725
vv	map04138	LOC127063732
vv	map04371	LOC127063733
vv	map05034	LOC127063733
vv	map05165	LOC127063733
vv	map05169	LOC127063733
vv	map05203	LOC127063733
vv	map04014	LOC127063738
vv	map04137	LOC127063738
vv	map05012	LOC127063738
vv	map03013	LOC127063740
vv	map00230	LOC127063742
vv	map00240	LOC127063742
vv	map01100	LOC127063742
vv	map03030	LOC127063742
vv	map03410	LOC127063742
vv	map03420	LOC127063742
vv	map03430	LOC127063742
vv	map03440	LOC127063742
vv	map05166	LOC127063742
vv	map04714	LOC127063745
vv	map00190	LOC127063746
vv	map01100	LOC127063746
vv	map02020	LOC127063746
vv	map04260	LOC127063746
vv	map04714	LOC127063746
vv	map04932	LOC127063746
vv	map05010	LOC127063746
vv	map05012	LOC127063746
vv	map05016	LOC127063746
vv	map04130	LOC127063747
vv	map04721	LOC127063747
vv	map04911	LOC127063747
vv	map05031	LOC127063747
vv	map00510	LOC127063749
vv	map00513	LOC127063749
vv	map01100	LOC127063749
vv	map04141	LOC127063749
vv	map03008	LOC127063751
vv	map03013	LOC127063751
vv	map05166	LOC127063751
vv	map05169	LOC127063751
vv	map04016	LOC127063752
vv	map04520	LOC127063759
vv	map00520	LOC127063760
vv	map01100	LOC127063760
vv	map00680	LOC127063763
vv	map01120	LOC127063763
vv	map01200	LOC127063763
vv	map04015	LOC127063765
vv	map04144	LOC127063765
vv	map04360	LOC127063765
vv	map04390	LOC127063765
vv	map04391	LOC127063765
vv	map04530	LOC127063765
vv	map05165	LOC127063765
vv	map04630	LOC127063769
vv	map04910	LOC127063769
vv	map04917	LOC127063769
vv	map04930	LOC127063769
vv	map00220	LOC127063775
vv	map00250	LOC127063775
vv	map00630	LOC127063775
vv	map00910	LOC127063775
vv	map01100	LOC127063775
vv	map01120	LOC127063775
vv	map01230	LOC127063775
vv	map02020	LOC127063775
vv	map04217	LOC127063775
vv	map04724	LOC127063775
vv	map04727	LOC127063775
vv	map04010	LOC127063780
vv	map04014	LOC127063780
vv	map04015	LOC127063780
vv	map04151	LOC127063780
vv	map04390	LOC127063780
vv	map04810	LOC127063780
vv	map05200	LOC127063780
vv	map05218	LOC127063780
vv	map05224	LOC127063780
vv	map05226	LOC127063780
vv	map00430	LOC127063782
vv	map01100	LOC127063782
vv	map04010	LOC127063783
vv	map04011	LOC127063783
vv	map04014	LOC127063783
vv	map04015	LOC127063783
vv	map04062	LOC127063783
vv	map04144	LOC127063783
vv	map04360	LOC127063783
vv	map04370	LOC127063783
vv	map04510	LOC127063783
vv	map04520	LOC127063783
vv	map04530	LOC127063783
vv	map04660	LOC127063783
vv	map04666	LOC127063783
vv	map04670	LOC127063783
vv	map04722	LOC127063783
vv	map04810	LOC127063783
vv	map04912	LOC127063783
vv	map04932	LOC127063783
vv	map04933	LOC127063783
vv	map05100	LOC127063783
vv	map05120	LOC127063783
vv	map05130	LOC127063783
vv	map05131	LOC127063783
vv	map05132	LOC127063783
vv	map05165	LOC127063783
vv	map05200	LOC127063783
vv	map05203	LOC127063783
vv	map05205	LOC127063783
vv	map05211	LOC127063783
vv	map05212	LOC127063783
vv	map04622	LOC127063784
vv	map03010	LOC127063785
vv	map03060	LOC127063789
vv	map04141	LOC127063789
vv	map04145	LOC127063789
vv	map05110	LOC127063789
vv	map04512	LOC127063793
vv	map03015	LOC127063797
vv	map04071	LOC127063797
vv	map04111	LOC127063797
vv	map04113	LOC127063797
vv	map04114	LOC127063797
vv	map04151	LOC127063797
vv	map04152	LOC127063797
vv	map04261	LOC127063797
vv	map04350	LOC127063797
vv	map04390	LOC127063797
vv	map04391	LOC127063797
vv	map04530	LOC127063797
vv	map04728	LOC127063797
vv	map04730	LOC127063797
vv	map05142	LOC127063797
vv	map05160	LOC127063797
vv	map05165	LOC127063797
vv	map04066	LOC127063798
vv	map04120	LOC127063798
vv	map04212	LOC127063798
vv	map05200	LOC127063798
vv	map05211	LOC127063798
vv	map03013	LOC127063799
vv	map05134	LOC127063799
vv	map00190	LOC127063801
vv	map01100	LOC127063801
vv	map04714	LOC127063801
vv	map04723	LOC127063801
vv	map04932	LOC127063801
vv	map05010	LOC127063801
vv	map05012	LOC127063801
vv	map05016	LOC127063801
vv	map05165	LOC127063801
vv	map05200	LOC127063801
vv	map05224	LOC127063801
vv	map03022	LOC127063802
vv	map04072	LOC127063803
vv	map04144	LOC127063803
vv	map05110	LOC127063803
vv	map05134	LOC127063803
vv	map04217	LOC127063808
vv	map04621	LOC127063808
vv	map04750	LOC127063811
vv	map00030	LOC127063816
vv	map00710	LOC127063816
vv	map01051	LOC127063816
vv	map01100	LOC127063816
vv	map01110	LOC127063816
vv	map01120	LOC127063816
vv	map01130	LOC127063816
vv	map01200	LOC127063816
vv	map01230	LOC127063816
vv	map03022	LOC127063819
vv	map05169	LOC127063819
vv	map05203	LOC127063819
vv	map00030	LOC127063821
vv	map03010	LOC127063822
vv	map00230	LOC127063826
vv	map00240	LOC127063826
vv	map01100	LOC127063826
vv	map03020	LOC127063826
vv	map04010	LOC127063832
vv	map04210	LOC127063832
vv	map05014	LOC127063832
vv	map05168	LOC127063832
vv	map00190	LOC127063834
vv	map01100	LOC127063834
vv	map04142	LOC127063834
vv	map04145	LOC127063834
vv	map04150	LOC127063834
vv	map04721	LOC127063834
vv	map05110	LOC127063834
vv	map05120	LOC127063834
vv	map05152	LOC127063834
vv	map05323	LOC127063834
vv	map00380	LOC127063840
vv	map00630	LOC127063840
vv	map01100	LOC127063840
vv	map04011	LOC127063841
vv	map04390	LOC127063841
vv	map04391	LOC127063841
vv	map04392	LOC127063841
vv	map02010	LOC127063847
vv	map04976	LOC127063847
vv	map05206	LOC127063847
vv	map05226	LOC127063847
vv	map01100	LOC127063848
vv	map04139	LOC127063848
vv	map04621	LOC127063851
vv	map04080	LOC127063852
vv	map04080	LOC127063853
vv	map00350	LOC127063871
vv	map00360	LOC127063871
vv	map00380	LOC127063871
vv	map00901	LOC127063871
vv	map00950	LOC127063871
vv	map00965	LOC127063871
vv	map01100	LOC127063871
vv	map01110	LOC127063871
vv	map04726	LOC127063871
vv	map04728	LOC127063871
vv	map05030	LOC127063871
vv	map05031	LOC127063871
vv	map05034	LOC127063871
vv	map00480	LOC127063873
vv	map00980	LOC127063873
vv	map00982	LOC127063873
vv	map00983	LOC127063873
vv	map01524	LOC127063873
vv	map05200	LOC127063873
vv	map05204	LOC127063873
vv	map05225	LOC127063873
vv	map05418	LOC127063873
vv	map00604	LOC127063877
vv	map01100	LOC127063877
vv	map00310	LOC127063880
vv	map04014	LOC127063881
vv	map04015	LOC127063881
vv	map04020	LOC127063881
vv	map04024	LOC127063881
vv	map04080	LOC127063881
vv	map04713	LOC127063881
vv	map04720	LOC127063881
vv	map04724	LOC127063881
vv	map04728	LOC127063881
vv	map05010	LOC127063881
vv	map05014	LOC127063881
vv	map05016	LOC127063881
vv	map05030	LOC127063881
vv	map05031	LOC127063881
vv	map05033	LOC127063881
vv	map05034	LOC127063881
vv	map05322	LOC127063881
vv	map03015	LOC127063884
vv	map05134	LOC127063884
vv	map00071	LOC127063890
vv	map00280	LOC127063890
vv	map00650	LOC127063890
vv	map01100	LOC127063890
vv	map01110	LOC127063890
vv	map01120	LOC127063890
vv	map01200	LOC127063890
vv	map01212	LOC127063890
vv	map04977	LOC127063905
vv	map03460	LOC127063906
vv	map04330	LOC127063906
vv	map04950	LOC127063906
vv	map05165	LOC127063906
vv	map05200	LOC127063906
vv	map05224	LOC127063906
vv	map04014	LOC127063913
vv	map05200	LOC127063913
vv	map05212	LOC127063913
vv	map00190	LOC127063914
vv	map01100	LOC127063914
vv	map04714	LOC127063914
vv	map04723	LOC127063914
vv	map04932	LOC127063914
vv	map05010	LOC127063914
vv	map05012	LOC127063914
vv	map05016	LOC127063914
vv	map04020	LOC127063916
vv	map04022	LOC127063916
vv	map04080	LOC127063916
vv	map04714	LOC127063916
vv	map04923	LOC127063916
vv	map04924	LOC127063916
vv	map04970	LOC127063916
vv	map00230	LOC127063917
vv	map04022	LOC127063917
vv	map04024	LOC127063917
vv	map04270	LOC127063917
vv	map04714	LOC127063917
vv	map04921	LOC127063917
vv	map04923	LOC127063917
vv	map04924	LOC127063917
vv	map04925	LOC127063917
vv	map00860	LOC127063918
vv	map01100	LOC127063918
vv	map01110	LOC127063918
vv	map05010	LOC127063923
vv	map05120	LOC127063923
vv	map03008	LOC127063924
vv	map03013	LOC127063924
vv	map04013	LOC127063924
vv	map05164	LOC127063924
vv	map05166	LOC127063924
vv	map05169	LOC127063924
vv	map05202	LOC127063927
vv	map05215	LOC127063927
vv	map04080	LOC127063928
vv	map04013	LOC127063929
vv	map05202	LOC127063931
vv	map05215	LOC127063931
vv	map03010	LOC127063932
vv	map04110	LOC127063933
vv	map04111	LOC127063933
vv	map04113	LOC127063933
vv	map03040	LOC127063934
vv	map00230	LOC127063935
vv	map04022	LOC127063935
vv	map04024	LOC127063935
vv	map04270	LOC127063935
vv	map04714	LOC127063935
vv	map04921	LOC127063935
vv	map04923	LOC127063935
vv	map04924	LOC127063935
vv	map04925	LOC127063935
vv	map04014	LOC127063939
vv	map04015	LOC127063939
vv	map04016	LOC127063939
vv	map04020	LOC127063939
vv	map04022	LOC127063939
vv	map04024	LOC127063939
vv	map04070	LOC127063939
vv	map04114	LOC127063939
vv	map04218	LOC127063939
vv	map04261	LOC127063939
vv	map04270	LOC127063939
vv	map04371	LOC127063939
vv	map04626	LOC127063939
vv	map04713	LOC127063939
vv	map04720	LOC127063939
vv	map04722	LOC127063939
vv	map04728	LOC127063939
vv	map04740	LOC127063939
vv	map04744	LOC127063939
vv	map04745	LOC127063939
vv	map04750	LOC127063939
vv	map04910	LOC127063939
vv	map04912	LOC127063939
vv	map04915	LOC127063939
vv	map04916	LOC127063939
vv	map04921	LOC127063939
vv	map04922	LOC127063939
vv	map04924	LOC127063939
vv	map04925	LOC127063939
vv	map04970	LOC127063939
vv	map04971	LOC127063939
vv	map05010	LOC127063939
vv	map05031	LOC127063939
vv	map05034	LOC127063939
vv	map05133	LOC127063939
vv	map05152	LOC127063939
vv	map05167	LOC127063939
vv	map05200	LOC127063939
vv	map05214	LOC127063939
vv	map05418	LOC127063939
vv	map00230	LOC127063955
vv	map00240	LOC127063955
vv	map01100	LOC127063955
vv	map03020	LOC127063955
vv	map04623	LOC127063955
vv	map05169	LOC127063955
vv	map00650	LOC127063956
vv	map00020	LOC127063957
vv	map00310	LOC127063957
vv	map00380	LOC127063957
vv	map01100	LOC127063957
vv	map01110	LOC127063957
vv	map01120	LOC127063957
vv	map01130	LOC127063957
vv	map01200	LOC127063957
vv	map03018	LOC127063958
vv	map04217	LOC127063962
vv	map04624	LOC127063962
vv	map00280	LOC127063965
vv	map01100	LOC127063965
vv	map00750	LOC127063967
vv	map01100	LOC127063967
vv	map00310	LOC127063968
vv	map00190	LOC127063969
vv	map01100	LOC127063969
vv	map04714	LOC127063969
vv	map05010	LOC127063969
vv	map05012	LOC127063969
vv	map05016	LOC127063969
vv	map04390	LOC127063971
vv	map04391	LOC127063971
vv	map04530	LOC127063971
vv	map05165	LOC127063971
vv	map04024	LOC127063972
vv	map04062	LOC127063972
vv	map04510	LOC127063972
vv	map04650	LOC127063972
vv	map04660	LOC127063972
vv	map04662	LOC127063972
vv	map04664	LOC127063972
vv	map04666	LOC127063972
vv	map04670	LOC127063972
vv	map04810	LOC127063972
vv	map00350	LOC127063973
vv	map00360	LOC127063973
vv	map00380	LOC127063973
vv	map00901	LOC127063973
vv	map00950	LOC127063973
vv	map00965	LOC127063973
vv	map01100	LOC127063973
vv	map01110	LOC127063973
vv	map04726	LOC127063973
vv	map04728	LOC127063973
vv	map05030	LOC127063973
vv	map05031	LOC127063973
vv	map05034	LOC127063973
vv	map00330	LOC127063974
vv	map00410	LOC127063974
vv	map04146	LOC127063974
vv	map04068	LOC127063975
vv	map04310	LOC127063975
vv	map04340	LOC127063975
vv	map04341	LOC127063975
vv	map04390	LOC127063975
vv	map04391	LOC127063975
vv	map04392	LOC127063975
vv	map04540	LOC127063975
vv	map04710	LOC127063975
vv	map04711	LOC127063975
vv	map05146	LOC127063977
vv	map04144	LOC127063978
vv	map04666	LOC127063978
vv	map04810	LOC127063978
vv	map05100	LOC127063978
vv	map05130	LOC127063978
vv	map05131	LOC127063978
vv	map05132	LOC127063978
vv	map04024	LOC127063979
vv	map04080	LOC127063979
vv	map00040	LOC127063980
vv	map01100	LOC127063980
vv	map04360	LOC127063981
vv	map03450	LOC127063983
vv	map03460	LOC127063984
vv	map04120	LOC127063999
vv	map04141	LOC127064001
vv	map00511	LOC127064002
vv	map00190	LOC127064004
vv	map01100	LOC127064004
vv	map04714	LOC127064004
vv	map04723	LOC127064004
vv	map04932	LOC127064004
vv	map05010	LOC127064004
vv	map05012	LOC127064004
vv	map05016	LOC127064004
vv	map03008	LOC127064012
vv	map04974	LOC127064013
vv	map03010	LOC127064019
vv	map04130	LOC127064022
vv	map04721	LOC127064022
vv	map04911	LOC127064022
vv	map05031	LOC127064022
vv	map04142	LOC127064030
vv	map04130	LOC127064033
vv	map04020	LOC127064034
vv	map04022	LOC127064034
vv	map05012	LOC127064034
vv	map05016	LOC127064034
vv	map05145	LOC127064034
vv	map04721	LOC127064041
vv	map04911	LOC127064041
vv	map05165	LOC127064047
vv	map03015	LOC127064052
vv	map04140	LOC127064053
vv	map04142	LOC127064053
vv	map04145	LOC127064053
vv	map04210	LOC127064053
vv	map04612	LOC127064053
vv	map05205	LOC127064053
vv	map05323	LOC127064053
vv	map05418	LOC127064053
vv	map03420	LOC127064058
vv	map03008	LOC127064059
vv	map03013	LOC127064059
vv	map00190	LOC127064060
vv	map01100	LOC127064060
vv	map04145	LOC127064060
vv	map04150	LOC127064060
vv	map04721	LOC127064060
vv	map04966	LOC127064060
vv	map05110	LOC127064060
vv	map05120	LOC127064060
vv	map05323	LOC127064060
vv	map00190	LOC127064062
vv	map01100	LOC127064062
vv	map04714	LOC127064062
vv	map04723	LOC127064062
vv	map04932	LOC127064062
vv	map05010	LOC127064062
vv	map05012	LOC127064062
vv	map05016	LOC127064062
vv	map04110	LOC127064064
vv	map04111	LOC127064064
vv	map04113	LOC127064064
vv	map04114	LOC127064064
vv	map04120	LOC127064064
vv	map04914	LOC127064064
vv	map05166	LOC127064064
vv	map04111	LOC127064065
vv	map04714	LOC127064067
vv	map04624	LOC127064070
vv	map03013	LOC127064072
vv	map03015	LOC127064072
vv	map04142	LOC127064073
vv	map00510	LOC127064074
vv	map00513	LOC127064074
vv	map01100	LOC127064074
vv	map00240	LOC127064077
vv	map01100	LOC127064077
vv	map00350	LOC127064078
vv	map00360	LOC127064078
vv	map00380	LOC127064078
vv	map00901	LOC127064078
vv	map00950	LOC127064078
vv	map00965	LOC127064078
vv	map01100	LOC127064078
vv	map01110	LOC127064078
vv	map04726	LOC127064078
vv	map04728	LOC127064078
vv	map05030	LOC127064078
vv	map05031	LOC127064078
vv	map05034	LOC127064078
vv	map03022	LOC127064079
vv	map00190	LOC127064082
vv	map01100	LOC127064082
vv	map04714	LOC127064082
vv	map04723	LOC127064082
vv	map04932	LOC127064082
vv	map05010	LOC127064082
vv	map05012	LOC127064082
vv	map05016	LOC127064082
vv	map04080	LOC127064084
vv	map04926	LOC127064084
vv	map03015	LOC127064085
vv	map04919	LOC127064090
vv	map04120	LOC127064093
vv	map04630	LOC127064093
vv	map05160	LOC127064093
vv	map00100	LOC127064096
vv	map04979	LOC127064096
vv	map00680	LOC127064098
vv	map01120	LOC127064098
vv	map01200	LOC127064098
vv	map03010	LOC127064100
vv	map03010	LOC127064101
vv	map03040	LOC127064103
vv	map03013	LOC127064107
vv	map03015	LOC127064107
vv	map04144	LOC127064110
vv	map03008	LOC127064114
vv	map03018	LOC127064115
vv	map04962	LOC127064118
vv	map05016	LOC127064118
vv	map04940	LOC127064120
vv	map04310	LOC127064122
vv	map04340	LOC127064122
vv	map04341	LOC127064122
vv	map05165	LOC127064122
vv	map05224	LOC127064122
vv	map05225	LOC127064122
vv	map05226	LOC127064122
vv	map03010	LOC127064123
vv	map00230	LOC127064124
vv	map00240	LOC127064124
vv	map00760	LOC127064124
vv	map01100	LOC127064124
vv	map01110	LOC127064124
vv	map00190	LOC127064125
vv	map01100	LOC127064125
vv	map04714	LOC127064125
vv	map05010	LOC127064125
vv	map05012	LOC127064125
vv	map05016	LOC127064125
vv	map00230	LOC127064126
vv	map00240	LOC127064126
vv	map01100	LOC127064126
vv	map03020	LOC127064126
vv	map04623	LOC127064126
vv	map05169	LOC127064126
vv	map00562	LOC127064129
vv	map01100	LOC127064129
vv	map04014	LOC127064129
vv	map04015	LOC127064129
vv	map04020	LOC127064129
vv	map04024	LOC127064129
vv	map04070	LOC127064129
vv	map04919	LOC127064129
vv	map04933	LOC127064129
vv	map05205	LOC127064129
vv	map03018	LOC127064130
vv	map05034	LOC127064133
vv	map05202	LOC127064133
vv	map05203	LOC127064133
vv	map05322	LOC127064133
vv	map00562	LOC127064134
vv	map01100	LOC127064134
vv	map04070	LOC127064134
vv	map04140	LOC127064134
vv	map03040	LOC127064135
vv	map05200	LOC127064136
vv	map05216	LOC127064136
vv	map05230	LOC127064136
vv	map03040	LOC127064137
vv	map04010	LOC127064137
vv	map04141	LOC127064137
vv	map04144	LOC127064137
vv	map04213	LOC127064137
vv	map04612	LOC127064137
vv	map04915	LOC127064137
vv	map05134	LOC127064137
vv	map05145	LOC127064137
vv	map05162	LOC127064137
vv	map05164	LOC127064137
vv	map05169	LOC127064137
vv	map01521	LOC127064138
vv	map04062	LOC127064138
vv	map04068	LOC127064138
vv	map04137	LOC127064138
vv	map04151	LOC127064138
vv	map04152	LOC127064138
vv	map04211	LOC127064138
vv	map04212	LOC127064138
vv	map04213	LOC127064138
vv	map04218	LOC127064138
vv	map04722	LOC127064138
vv	map04910	LOC127064138
vv	map04917	LOC127064138
vv	map04919	LOC127064138
vv	map04922	LOC127064138
vv	map04931	LOC127064138
vv	map04933	LOC127064138
vv	map05165	LOC127064138
vv	map05200	LOC127064138
vv	map05202	LOC127064138
vv	map05213	LOC127064138
vv	map05215	LOC127064138
vv	map05223	LOC127064138
vv	map00513	LOC127064141
vv	map00601	LOC127064141
vv	map01100	LOC127064141
vv	map04624	LOC127064143
vv	map00563	LOC127064145
vv	map01100	LOC127064145
vv	map00520	LOC127064146
vv	map04138	LOC127064148
vv	map04721	LOC127064148
vv	map03040	LOC127064153
vv	map03010	LOC127064154
vv	map04150	LOC127064160
vv	map04142	LOC127064161
vv	map00561	LOC127064162
vv	map00564	LOC127064162
vv	map01100	LOC127064162
vv	map01110	LOC127064162
vv	map04072	LOC127064162
vv	map04975	LOC127064162
vv	map04310	LOC127064163
vv	map04024	LOC127064168
vv	map04080	LOC127064168
vv	map04727	LOC127064168
vv	map04742	LOC127064168
vv	map04915	LOC127064168
vv	map05032	LOC127064168
vv	map00230	LOC127064174
vv	map00240	LOC127064174
vv	map00760	LOC127064174
vv	map01100	LOC127064174
vv	map01110	LOC127064174
vv	map00230	LOC127064178
vv	map00730	LOC127064178
vv	map01100	LOC127064178
vv	map01110	LOC127064178
vv	map01130	LOC127064178
vv	map00730	LOC127064180
vv	map00790	LOC127064180
vv	map01100	LOC127064180
vv	map02020	LOC127064180
vv	map04013	LOC127064187
vv	map04130	LOC127064196
vv	map04145	LOC127064196
vv	map05134	LOC127064196
vv	map00240	LOC127064198
vv	map01100	LOC127064198
vv	map04530	LOC127064204
vv	map04658	LOC127064204
vv	map04659	LOC127064204
vv	map05200	LOC127064204
vv	map05202	LOC127064204
vv	map05220	LOC127064204
vv	map05221	LOC127064204
vv	map00230	LOC127064207
vv	map01522	LOC127064207
vv	map04015	LOC127064207
vv	map04022	LOC127064207
vv	map04024	LOC127064207
vv	map04062	LOC127064207
vv	map04072	LOC127064207
vv	map04114	LOC127064207
vv	map04211	LOC127064207
vv	map04213	LOC127064207
vv	map04261	LOC127064207
vv	map04270	LOC127064207
vv	map04371	LOC127064207
vv	map04540	LOC127064207
vv	map04611	LOC127064207
vv	map04713	LOC127064207
vv	map04714	LOC127064207
vv	map04723	LOC127064207
vv	map04724	LOC127064207
vv	map04725	LOC127064207
vv	map04726	LOC127064207
vv	map04727	LOC127064207
vv	map04728	LOC127064207
vv	map04742	LOC127064207
vv	map04750	LOC127064207
vv	map04911	LOC127064207
vv	map04912	LOC127064207
vv	map04913	LOC127064207
vv	map04914	LOC127064207
vv	map04915	LOC127064207
vv	map04916	LOC127064207
vv	map04918	LOC127064207
vv	map04921	LOC127064207
vv	map04923	LOC127064207
vv	map04924	LOC127064207
vv	map04925	LOC127064207
vv	map04926	LOC127064207
vv	map04927	LOC127064207
vv	map04934	LOC127064207
vv	map04961	LOC127064207
vv	map04962	LOC127064207
vv	map04970	LOC127064207
vv	map04971	LOC127064207
vv	map04972	LOC127064207
vv	map04976	LOC127064207
vv	map05012	LOC127064207
vv	map05030	LOC127064207
vv	map05031	LOC127064207
vv	map05032	LOC127064207
vv	map05034	LOC127064207
vv	map05166	LOC127064207
vv	map05200	LOC127064207
vv	map05414	LOC127064207
vv	map04320	LOC127064211
vv	map00564	LOC127064216
vv	map01110	LOC127064216
vv	map03018	LOC127064222
vv	map04080	LOC127064223
vv	map04961	LOC127064223
vv	map04014	LOC127064224
vv	map04020	LOC127064224
vv	map04080	LOC127064224
vv	map04726	LOC127064224
vv	map04145	LOC127064225
vv	map05152	LOC127064225
vv	map03015	LOC127064229
vv	map04071	LOC127064229
vv	map04111	LOC127064229
vv	map04151	LOC127064229
vv	map04152	LOC127064229
vv	map04261	LOC127064229
vv	map04390	LOC127064229
vv	map04391	LOC127064229
vv	map04530	LOC127064229
vv	map04728	LOC127064229
vv	map05142	LOC127064229
vv	map05160	LOC127064229
vv	map05165	LOC127064229
vv	map00970	LOC127064230
vv	map00740	LOC127064231
vv	map01100	LOC127064231
vv	map01110	LOC127064231
vv	map05202	LOC127064232
vv	map00270	LOC127064238
vv	map00920	LOC127064238
vv	map01100	LOC127064238
vv	map01120	LOC127064238
vv	map04122	LOC127064238
vv	map04110	LOC127064240
vv	map04111	LOC127064240
vv	map05166	LOC127064240
vv	map03022	LOC127064243
vv	map00760	LOC127064244
vv	map01100	LOC127064244
vv	map00900	LOC127064246
vv	map01110	LOC127064246
vv	map04214	LOC127064249
vv	map04071	LOC127064260
vv	map04140	LOC127064260
vv	map04142	LOC127064260
vv	map04210	LOC127064260
vv	map04915	LOC127064260
vv	map05152	LOC127064260
vv	map04144	LOC127064262
vv	map04212	LOC127064262
vv	map04022	LOC127064264
vv	map04024	LOC127064264
vv	map04151	LOC127064264
vv	map04152	LOC127064264
vv	map04211	LOC127064264
vv	map04261	LOC127064264
vv	map04380	LOC127064264
vv	map04612	LOC127064264
vv	map04668	LOC127064264
vv	map04710	LOC127064264
vv	map04713	LOC127064264
vv	map04714	LOC127064264
vv	map04725	LOC127064264
vv	map04728	LOC127064264
vv	map04911	LOC127064264
vv	map04915	LOC127064264
vv	map04916	LOC127064264
vv	map04918	LOC127064264
vv	map04922	LOC127064264
vv	map04924	LOC127064264
vv	map04925	LOC127064264
vv	map04926	LOC127064264
vv	map04927	LOC127064264
vv	map04931	LOC127064264
vv	map04934	LOC127064264
vv	map04962	LOC127064264
vv	map05016	LOC127064264
vv	map05030	LOC127064264
vv	map05031	LOC127064264
vv	map05034	LOC127064264
vv	map05152	LOC127064264
vv	map05161	LOC127064264
vv	map05165	LOC127064264
vv	map05166	LOC127064264
vv	map05167	LOC127064264
vv	map05203	LOC127064264
vv	map05215	LOC127064264
vv	map04714	LOC127064265
vv	map04137	LOC127064267
vv	map04624	LOC127064267
vv	map03040	LOC127064270
vv	map04010	LOC127064270
vv	map04141	LOC127064270
vv	map04144	LOC127064270
vv	map04213	LOC127064270
vv	map04612	LOC127064270
vv	map04915	LOC127064270
vv	map05134	LOC127064270
vv	map05145	LOC127064270
vv	map05162	LOC127064270
vv	map05164	LOC127064270
vv	map05169	LOC127064270
vv	map00190	LOC127064275
vv	map01100	LOC127064275
vv	map04714	LOC127064275
vv	map05010	LOC127064275
vv	map05012	LOC127064275
vv	map05016	LOC127064275
vv	map00310	LOC127064277
vv	map04211	LOC127064277
vv	map04010	LOC127064278
vv	map04012	LOC127064278
vv	map04013	LOC127064278
vv	map04141	LOC127064278
vv	map04214	LOC127064278
vv	map04380	LOC127064278
vv	map04530	LOC127064278
vv	map04620	LOC127064278
vv	map04624	LOC127064278
vv	map04660	LOC127064278
vv	map04664	LOC127064278
vv	map04668	LOC127064278
vv	map04722	LOC127064278
vv	map04912	LOC127064278
vv	map04926	LOC127064278
vv	map05164	LOC127064278
vv	map05167	LOC127064278
vv	map05169	LOC127064278
vv	map05418	LOC127064278
vv	map04658	LOC127064281
vv	map04360	LOC127064284
vv	map04724	LOC127064284
vv	map04726	LOC127064284
vv	map04745	LOC127064284
vv	map04972	LOC127064284
vv	map04745	LOC127064286
vv	map00561	LOC127064287
vv	map01100	LOC127064287
vv	map04972	LOC127064287
vv	map04975	LOC127064287
vv	map03013	LOC127064288
vv	map03010	LOC127064293
vv	map03030	LOC127064295
vv	map03420	LOC127064295
vv	map03430	LOC127064295
vv	map00020	LOC127064298
vv	map00190	LOC127064298
vv	map01100	LOC127064298
vv	map01110	LOC127064298
vv	map01120	LOC127064298
vv	map01130	LOC127064298
vv	map01200	LOC127064298
vv	map04714	LOC127064298
vv	map04932	LOC127064298
vv	map05010	LOC127064298
vv	map05012	LOC127064298
vv	map05016	LOC127064298
vv	map00061	LOC127064300
vv	map01100	LOC127064300
vv	map01212	LOC127064300
vv	map04152	LOC127064300
vv	map04910	LOC127064300
vv	map04010	LOC127064301
vv	map04020	LOC127064301
vv	map04721	LOC127064301
vv	map04723	LOC127064301
vv	map04725	LOC127064301
vv	map04726	LOC127064301
vv	map04727	LOC127064301
vv	map04728	LOC127064301
vv	map04930	LOC127064301
vv	map05032	LOC127064301
vv	map05033	LOC127064301
vv	map03008	LOC127064303
vv	map03018	LOC127064303
vv	map00480	LOC127064304
vv	map01100	LOC127064304
vv	map04614	LOC127064304
vv	map04640	LOC127064304
vv	map04141	LOC127064306
vv	map04212	LOC127064306
vv	map05200	LOC127064306
vv	map05225	LOC127064306
vv	map05418	LOC127064306
vv	map04927	LOC127064314
vv	map04934	LOC127064314
vv	map05202	LOC127064314
vv	map04010	LOC127064317
vv	map04014	LOC127064317
vv	map04015	LOC127064317
vv	map04151	LOC127064317
vv	map04810	LOC127064317
vv	map05200	LOC127064317
vv	map05218	LOC127064317
vv	map05224	LOC127064317
vv	map05226	LOC127064317
vv	map00900	LOC127064319
vv	map01130	LOC127064319
vv	map01524	LOC127064328
vv	map04978	LOC127064328
vv	map05034	LOC127064336
vv	map05203	LOC127064336
vv	map05322	LOC127064336
vv	map05410	LOC127064356
vv	map05412	LOC127064356
vv	map05414	LOC127064356
vv	map05416	LOC127064356
vv	map00564	LOC127064357
vv	map00565	LOC127064357
vv	map00590	LOC127064357
vv	map00591	LOC127064357
vv	map00592	LOC127064357
vv	map01100	LOC127064357
vv	map01110	LOC127064357
vv	map04010	LOC127064357
vv	map04014	LOC127064357
vv	map04072	LOC127064357
vv	map04217	LOC127064357
vv	map04270	LOC127064357
vv	map04370	LOC127064357
vv	map04611	LOC127064357
vv	map04664	LOC127064357
vv	map04724	LOC127064357
vv	map04726	LOC127064357
vv	map04730	LOC127064357
vv	map04750	LOC127064357
vv	map04912	LOC127064357
vv	map04913	LOC127064357
vv	map04921	LOC127064357
vv	map05231	LOC127064357
vv	map04621	LOC127064367
vv	map04550	LOC127064377
vv	map00601	LOC127064379
vv	map01100	LOC127064379
vv	map04320	LOC127064379
vv	map04110	LOC127064382
vv	map04114	LOC127064382
vv	map04115	LOC127064382
vv	map04151	LOC127064382
vv	map04218	LOC127064382
vv	map04391	LOC127064382
vv	map04934	LOC127064382
vv	map05161	LOC127064382
vv	map05162	LOC127064382
vv	map05165	LOC127064382
vv	map05200	LOC127064382
vv	map05203	LOC127064382
vv	map05206	LOC127064382
vv	map05215	LOC127064382
vv	map05222	LOC127064382
vv	map05226	LOC127064382
vv	map04976	LOC127064385
vv	map04310	LOC127064390
vv	map03013	LOC127064397
vv	map00260	LOC127064398
vv	map00860	LOC127064398
vv	map01100	LOC127064398
vv	map01110	LOC127064398
vv	map03040	LOC127064399
vv	map00140	LOC127064404
vv	map00564	LOC127064406
vv	map00190	LOC127064407
vv	map01100	LOC127064407
vv	map04714	LOC127064407
vv	map04723	LOC127064407
vv	map04932	LOC127064407
vv	map05010	LOC127064407
vv	map05012	LOC127064407
vv	map05016	LOC127064407
vv	map05034	LOC127064408
vv	map05202	LOC127064408
vv	map05322	LOC127064408
vv	map05034	LOC127064410
vv	map05202	LOC127064410
vv	map05203	LOC127064410
vv	map05322	LOC127064410
vv	map04217	LOC127064411
vv	map05034	LOC127064411
vv	map05322	LOC127064411
vv	map04217	LOC127064412
vv	map05034	LOC127064412
vv	map05322	LOC127064412
vv	map04217	LOC127064413
vv	map05034	LOC127064413
vv	map05322	LOC127064413
vv	map04217	LOC127064414
vv	map05034	LOC127064414
vv	map05322	LOC127064414
vv	map05034	LOC127064416
vv	map05203	LOC127064416
vv	map05322	LOC127064416
vv	map05034	LOC127064417
vv	map05203	LOC127064417
vv	map05322	LOC127064417
vv	map05034	LOC127064418
vv	map05203	LOC127064418
vv	map05322	LOC127064418
vv	map05034	LOC127064419
vv	map05203	LOC127064419
vv	map05322	LOC127064419
vv	map05034	LOC127064420
vv	map05203	LOC127064420
vv	map05322	LOC127064420
vv	map05034	LOC127064421
vv	map05203	LOC127064421
vv	map05322	LOC127064421
vv	map04080	LOC127064428
vv	map04912	LOC127064428
vv	map04144	LOC127064430
vv	map05034	LOC127064431
vv	map05203	LOC127064431
vv	map05322	LOC127064431
vv	map00511	LOC127064433
vv	map00513	LOC127064433
vv	map00520	LOC127064433
vv	map00531	LOC127064433
vv	map00603	LOC127064433
vv	map00604	LOC127064433
vv	map01100	LOC127064433
vv	map04142	LOC127064433
vv	map04391	LOC127064435
vv	map04510	LOC127064435
vv	map04810	LOC127064435
vv	map04933	LOC127064435
vv	map05131	LOC127064435
vv	map04138	LOC127064436
vv	map05200	LOC127064440
vv	map05202	LOC127064440
vv	map05221	LOC127064440
vv	map00564	LOC127064441
vv	map00565	LOC127064441
vv	map01100	LOC127064441
vv	map01110	LOC127064441
vv	map04714	LOC127064441
vv	map03022	LOC127064442
vv	map03420	LOC127064442
vv	map05203	LOC127064442
vv	map03010	LOC127064450
vv	map04217	LOC127064454
vv	map04218	LOC127064454
vv	map04621	LOC127064454
vv	map04921	LOC127064454
vv	map04978	LOC127064454
vv	map04015	LOC127064457
vv	map04145	LOC127064457
vv	map04151	LOC127064457
vv	map04360	LOC127064457
vv	map04380	LOC127064457
vv	map04390	LOC127064457
vv	map04510	LOC127064457
vv	map04512	LOC127064457
vv	map04514	LOC127064457
vv	map04530	LOC127064457
vv	map04610	LOC127064457
vv	map04611	LOC127064457
vv	map04640	LOC127064457
vv	map04650	LOC127064457
vv	map04670	LOC127064457
vv	map04810	LOC127064457
vv	map04919	LOC127064457
vv	map05100	LOC127064457
vv	map05130	LOC127064457
vv	map05131	LOC127064457
vv	map05133	LOC127064457
vv	map05134	LOC127064457
vv	map05140	LOC127064457
vv	map05144	LOC127064457
vv	map05145	LOC127064457
vv	map05146	LOC127064457
vv	map05150	LOC127064457
vv	map05152	LOC127064457
vv	map05165	LOC127064457
vv	map05166	LOC127064457
vv	map05200	LOC127064457
vv	map05205	LOC127064457
vv	map05206	LOC127064457
vv	map05222	LOC127064457
vv	map05323	LOC127064457
vv	map05410	LOC127064457
vv	map05412	LOC127064457
vv	map05414	LOC127064457
vv	map05416	LOC127064457
vv	map05418	LOC127064457
vv	map04068	LOC127064465
vv	map04110	LOC127064465
vv	map04144	LOC127064465
vv	map04218	LOC127064465
vv	map04350	LOC127064465
vv	map04371	LOC127064465
vv	map04390	LOC127064465
vv	map04520	LOC127064465
vv	map04550	LOC127064465
vv	map04659	LOC127064465
vv	map04926	LOC127064465
vv	map04933	LOC127064465
vv	map05142	LOC127064465
vv	map05166	LOC127064465
vv	map05200	LOC127064465
vv	map05210	LOC127064465
vv	map05212	LOC127064465
vv	map05225	LOC127064465
vv	map05226	LOC127064465
vv	map05321	LOC127064465
vv	map03040	LOC127064468
vv	map04022	LOC127064474
vv	map04024	LOC127064474
vv	map04260	LOC127064474
vv	map04261	LOC127064474
vv	map04911	LOC127064474
vv	map04918	LOC127064474
vv	map04919	LOC127064474
vv	map04925	LOC127064474
vv	map04960	LOC127064474
vv	map04961	LOC127064474
vv	map04964	LOC127064474
vv	map04970	LOC127064474
vv	map04971	LOC127064474
vv	map04972	LOC127064474
vv	map04973	LOC127064474
vv	map04974	LOC127064474
vv	map04976	LOC127064474
vv	map04978	LOC127064474
vv	map04512	LOC127064477
vv	map01521	LOC127064481
vv	map01522	LOC127064481
vv	map04010	LOC127064481
vv	map04012	LOC127064481
vv	map04013	LOC127064481
vv	map04014	LOC127064481
vv	map04015	LOC127064481
vv	map04022	LOC127064481
vv	map04024	LOC127064481
vv	map04062	LOC127064481
vv	map04066	LOC127064481
vv	map04068	LOC127064481
vv	map04071	LOC127064481
vv	map04072	LOC127064481
vv	map04114	LOC127064481
vv	map04140	LOC127064481
vv	map04150	LOC127064481
vv	map04151	LOC127064481
vv	map04210	LOC127064481
vv	map04218	LOC127064481
vv	map04270	LOC127064481
vv	map04320	LOC127064481
vv	map04370	LOC127064481
vv	map04371	LOC127064481
vv	map04380	LOC127064481
vv	map04510	LOC127064481
vv	map04540	LOC127064481
vv	map04550	LOC127064481
vv	map04620	LOC127064481
vv	map04626	LOC127064481
vv	map04650	LOC127064481
vv	map04660	LOC127064481
vv	map04662	LOC127064481
vv	map04664	LOC127064481
vv	map04666	LOC127064481
vv	map04668	LOC127064481
vv	map04720	LOC127064481
vv	map04722	LOC127064481
vv	map04725	LOC127064481
vv	map04726	LOC127064481
vv	map04730	LOC127064481
vv	map04810	LOC127064481
vv	map04910	LOC127064481
vv	map04912	LOC127064481
vv	map04914	LOC127064481
vv	map04915	LOC127064481
vv	map04916	LOC127064481
vv	map04917	LOC127064481
vv	map04919	LOC127064481
vv	map04921	LOC127064481
vv	map04926	LOC127064481
vv	map04934	LOC127064481
vv	map05020	LOC127064481
vv	map05034	LOC127064481
vv	map05161	LOC127064481
vv	map05164	LOC127064481
vv	map05165	LOC127064481
vv	map05167	LOC127064481
vv	map05200	LOC127064481
vv	map05205	LOC127064481
vv	map05206	LOC127064481
vv	map05210	LOC127064481
vv	map05211	LOC127064481
vv	map05212	LOC127064481
vv	map05213	LOC127064481
vv	map05214	LOC127064481
vv	map05215	LOC127064481
vv	map05216	LOC127064481
vv	map05218	LOC127064481
vv	map05219	LOC127064481
vv	map05220	LOC127064481
vv	map05221	LOC127064481
vv	map05223	LOC127064481
vv	map05224	LOC127064481
vv	map05225	LOC127064481
vv	map05226	LOC127064481
vv	map05230	LOC127064481
vv	map05231	LOC127064481
vv	map04120	LOC127064482
vv	map01521	LOC127064484
vv	map01524	LOC127064484
vv	map04014	LOC127064484
vv	map04064	LOC127064484
vv	map04137	LOC127064484
vv	map04140	LOC127064484
vv	map04151	LOC127064484
vv	map04210	LOC127064484
vv	map04215	LOC127064484
vv	map04621	LOC127064484
vv	map04630	LOC127064484
vv	map05014	LOC127064484
vv	map05145	LOC127064484
vv	map05166	LOC127064484
vv	map05200	LOC127064484
vv	map05202	LOC127064484
vv	map05206	LOC127064484
vv	map05212	LOC127064484
vv	map05220	LOC127064484
vv	map05222	LOC127064484
vv	map05225	LOC127064484
vv	map03010	LOC127064486
vv	map05120	LOC127064490
vv	map03008	LOC127064491
vv	map00052	LOC127064493
vv	map00500	LOC127064493
vv	map01100	LOC127064493
vv	map04340	LOC127064495
vv	map04341	LOC127064495
vv	map04150	LOC127064496
vv	map00130	LOC127064498
vv	map01100	LOC127064498
vv	map01110	LOC127064498
vv	map00230	LOC127064499
vv	map00240	LOC127064499
vv	map01100	LOC127064499
vv	map03030	LOC127064499
vv	map03410	LOC127064499
vv	map03420	LOC127064499
vv	map05166	LOC127064499
vv	map04141	LOC127064501
vv	map00510	LOC127064505
vv	map00513	LOC127064505
vv	map01100	LOC127064505
vv	map04141	LOC127064505
vv	map04150	LOC127064508
vv	map00970	LOC127064512
vv	map03040	LOC127064514
vv	map05168	LOC127064515
vv	map00230	LOC127064516
vv	map00250	LOC127064516
vv	map01100	LOC127064516
vv	map03013	LOC127064518
vv	map03015	LOC127064518
vv	map00010	LOC127064521
vv	map00040	LOC127064521
vv	map00051	LOC127064521
vv	map00052	LOC127064521
vv	map00561	LOC127064521
vv	map00790	LOC127064521
vv	map00930	LOC127064521
vv	map01100	LOC127064521
vv	map01110	LOC127064521
vv	map01120	LOC127064521
vv	map01130	LOC127064521
vv	map01220	LOC127064521
vv	map03010	LOC127064523
vv	map03013	LOC127064528
vv	map05166	LOC127064531
vv	map04010	LOC127064533
vv	map05200	LOC127064533
vv	map05202	LOC127064533
vv	map05222	LOC127064533
vv	map00190	LOC127064535
vv	map01100	LOC127064535
vv	map04714	LOC127064535
vv	map05010	LOC127064535
vv	map05012	LOC127064535
vv	map05016	LOC127064535
vv	map04024	LOC127064537
vv	map04740	LOC127064537
vv	map05034	LOC127064538
vv	map05203	LOC127064538
vv	map05322	LOC127064538
vv	map03022	LOC127064540
vv	map05168	LOC127064540
vv	map04217	LOC127064542
vv	map05034	LOC127064542
vv	map05322	LOC127064542
vv	map04024	LOC127064546
vv	map04080	LOC127064546
vv	map04610	LOC127064546
vv	map04971	LOC127064546
vv	map05150	LOC127064546
vv	map04024	LOC127064548
vv	map04260	LOC127064548
vv	map04261	LOC127064548
vv	map05410	LOC127064548
vv	map05414	LOC127064548
vv	map05034	LOC127064551
vv	map05202	LOC127064551
vv	map05322	LOC127064551
vv	map04141	LOC127064552
vv	map04217	LOC127064560
vv	map05034	LOC127064560
vv	map05322	LOC127064560
vv	map04978	LOC127064561
vv	map04020	LOC127064567
vv	map04022	LOC127064567
vv	map04270	LOC127064567
vv	map04371	LOC127064567
vv	map04510	LOC127064567
vv	map04611	LOC127064567
vv	map04810	LOC127064567
vv	map04921	LOC127064567
vv	map04971	LOC127064567
vv	map05016	LOC127064568
vv	map05410	LOC127064570
vv	map05414	LOC127064570
vv	map04666	LOC127064575
vv	map04810	LOC127064575
vv	map05203	LOC127064575
vv	map00514	LOC127064582
vv	map04330	LOC127064582
vv	map05165	LOC127064582
vv	map03320	LOC127064584
vv	map04360	LOC127064584
vv	map04510	LOC127064584
vv	map05100	LOC127064584
vv	map05213	LOC127064584
vv	map05016	LOC127064585
vv	map00564	LOC127064586
vv	map04142	LOC127064586
vv	map04512	LOC127064589
vv	map00230	LOC127064592
vv	map00240	LOC127064592
vv	map00510	LOC127064592
vv	map01100	LOC127064592
vv	map03020	LOC127064592
vv	map04623	LOC127064592
vv	map05169	LOC127064592
vv	map03050	LOC127064596
vv	map04013	LOC127064599
vv	map04212	LOC127064601
vv	map00830	LOC127064606
vv	map01100	LOC127064606
vv	map04139	LOC127064607
vv	map04120	LOC127064608
vv	map04120	LOC127064611
vv	map04310	LOC127064612
vv	map05202	LOC127064613
vv	map04068	LOC127064614
vv	map04110	LOC127064614
vv	map04114	LOC127064614
vv	map04115	LOC127064614
vv	map04218	LOC127064614
vv	map04914	LOC127064614
vv	map05166	LOC127064614
vv	map04910	LOC127064618
vv	map04931	LOC127064618
vv	map04013	LOC127064619
vv	map03008	LOC127064629
vv	map00230	LOC127064630
vv	map00240	LOC127064630
vv	map03015	LOC127064637
vv	map04071	LOC127064637
vv	map04113	LOC127064637
vv	map04114	LOC127064637
vv	map04151	LOC127064637
vv	map04152	LOC127064637
vv	map04261	LOC127064637
vv	map04728	LOC127064637
vv	map05165	LOC127064637
vv	map00230	LOC127064638
vv	map00240	LOC127064638
vv	map01100	LOC127064638
vv	map03030	LOC127064638
vv	map03410	LOC127064638
vv	map03420	LOC127064638
vv	map05166	LOC127064638
vv	map04066	LOC127064639
vv	map05200	LOC127064639
vv	map05211	LOC127064639
vv	map04934	LOC127064640
vv	map03320	LOC127064641
vv	map00563	LOC127064642
vv	map01100	LOC127064642
vv	map01524	LOC127064644
vv	map04010	LOC127064644
vv	map04115	LOC127064644
vv	map04210	LOC127064644
vv	map04214	LOC127064644
vv	map04215	LOC127064644
vv	map04650	LOC127064644
vv	map04657	LOC127064644
vv	map04668	LOC127064644
vv	map04726	LOC127064644
vv	map04932	LOC127064644
vv	map04933	LOC127064644
vv	map05010	LOC127064644
vv	map05012	LOC127064644
vv	map05014	LOC127064644
vv	map05016	LOC127064644
vv	map05120	LOC127064644
vv	map05133	LOC127064644
vv	map05134	LOC127064644
vv	map05145	LOC127064644
vv	map05146	LOC127064644
vv	map05152	LOC127064644
vv	map05161	LOC127064644
vv	map05165	LOC127064644
vv	map05167	LOC127064644
vv	map05168	LOC127064644
vv	map05200	LOC127064644
vv	map05203	LOC127064644
vv	map05205	LOC127064644
vv	map05206	LOC127064644
vv	map05210	LOC127064644
vv	map05222	LOC127064644
vv	map05416	LOC127064644
vv	map04110	LOC127064646
vv	map04111	LOC127064646
vv	map04113	LOC127064646
vv	map05016	LOC127064648
vv	map04024	LOC127064656
vv	map04080	LOC127064656
vv	map04727	LOC127064656
vv	map04742	LOC127064656
vv	map04915	LOC127064656
vv	map05032	LOC127064656
vv	map04151	LOC127064658
vv	map04218	LOC127064658
vv	map05166	LOC127064658
vv	map03013	LOC127064661
vv	map04150	LOC127064662
vv	map04310	LOC127064662
vv	map04360	LOC127064662
vv	map04390	LOC127064662
vv	map04550	LOC127064662
vv	map04916	LOC127064662
vv	map04919	LOC127064662
vv	map04934	LOC127064662
vv	map05165	LOC127064662
vv	map05166	LOC127064662
vv	map05200	LOC127064662
vv	map05205	LOC127064662
vv	map05217	LOC127064662
vv	map05224	LOC127064662
vv	map05225	LOC127064662
vv	map05226	LOC127064662
vv	map04115	LOC127064663
vv	map04120	LOC127064663
vv	map05162	LOC127064663
vv	map03050	LOC127064664
vv	map04218	LOC127064665
vv	map04919	LOC127064666
vv	map04217	LOC127064667
vv	map05034	LOC127064667
vv	map05322	LOC127064667
vv	map05034	LOC127064668
vv	map05203	LOC127064668
vv	map05322	LOC127064668
vv	map04745	LOC127064671
vv	map04130	LOC127064672
vv	map04721	LOC127064672
vv	map04911	LOC127064672
vv	map04962	LOC127064672
vv	map04970	LOC127064672
vv	map04964	LOC127064673
vv	map04970	LOC127064673
vv	map04971	LOC127064673
vv	map04972	LOC127064673
vv	map04976	LOC127064673
vv	map03010	LOC127064674
vv	map04060	LOC127064675
vv	map04350	LOC127064675
vv	map04360	LOC127064675
vv	map04390	LOC127064675
vv	map04550	LOC127064675
vv	map05206	LOC127064675
vv	map05418	LOC127064675
vv	map04130	LOC127064676
vv	map04721	LOC127064676
vv	map04911	LOC127064676
vv	map04962	LOC127064676
vv	map04970	LOC127064676
vv	map04110	LOC127064677
vv	map04111	LOC127064677
vv	map04113	LOC127064677
vv	map04114	LOC127064677
vv	map04120	LOC127064677
vv	map04914	LOC127064677
vv	map05166	LOC127064677
vv	map04150	LOC127064680
vv	map04310	LOC127064680
vv	map04390	LOC127064680
vv	map04550	LOC127064680
vv	map04916	LOC127064680
vv	map04934	LOC127064680
vv	map05165	LOC127064680
vv	map05166	LOC127064680
vv	map05200	LOC127064680
vv	map05205	LOC127064680
vv	map05217	LOC127064680
vv	map05224	LOC127064680
vv	map05225	LOC127064680
vv	map05226	LOC127064680
vv	map04150	LOC127064681
vv	map04310	LOC127064681
vv	map04390	LOC127064681
vv	map04550	LOC127064681
vv	map04916	LOC127064681
vv	map04934	LOC127064681
vv	map05165	LOC127064681
vv	map05166	LOC127064681
vv	map05200	LOC127064681
vv	map05205	LOC127064681
vv	map05217	LOC127064681
vv	map05224	LOC127064681
vv	map05225	LOC127064681
vv	map05226	LOC127064681
vv	map04150	LOC127064682
vv	map04310	LOC127064682
vv	map04390	LOC127064682
vv	map04391	LOC127064682
vv	map04550	LOC127064682
vv	map04916	LOC127064682
vv	map04934	LOC127064682
vv	map05165	LOC127064682
vv	map05166	LOC127064682
vv	map05200	LOC127064682
vv	map05205	LOC127064682
vv	map05217	LOC127064682
vv	map05224	LOC127064682
vv	map05225	LOC127064682
vv	map05226	LOC127064682
vv	map04013	LOC127064684
vv	map04068	LOC127064685
vv	map04136	LOC127064685
vv	map04137	LOC127064685
vv	map04138	LOC127064685
vv	map04139	LOC127064685
vv	map04140	LOC127064685
vv	map04212	LOC127064685
vv	map04371	LOC127064685
vv	map04621	LOC127064685
vv	map04727	LOC127064685
vv	map05167	LOC127064685
vv	map00532	LOC127064697
vv	map00534	LOC127064697
vv	map01100	LOC127064697
vv	map03040	LOC127064697
vv	map05168	LOC127064697
vv	map05203	LOC127064697
vv	map05206	LOC127064697
vv	map05016	LOC127064703
vv	map04510	LOC127064704
vv	map04611	LOC127064704
vv	map04670	LOC127064704
vv	map04810	LOC127064704
vv	map04630	LOC127064705
vv	map01521	LOC127064708
vv	map01522	LOC127064708
vv	map01524	LOC127064708
vv	map04012	LOC127064708
vv	map04014	LOC127064708
vv	map04015	LOC127064708
vv	map04024	LOC127064708
vv	map04062	LOC127064708
vv	map04066	LOC127064708
vv	map04068	LOC127064708
vv	map04070	LOC127064708
vv	map04071	LOC127064708
vv	map04072	LOC127064708
vv	map04140	LOC127064708
vv	map04150	LOC127064708
vv	map04151	LOC127064708
vv	map04152	LOC127064708
vv	map04210	LOC127064708
vv	map04211	LOC127064708
vv	map04213	LOC127064708
vv	map04218	LOC127064708
vv	map04360	LOC127064708
vv	map04370	LOC127064708
vv	map04380	LOC127064708
vv	map04510	LOC127064708
vv	map04550	LOC127064708
vv	map04611	LOC127064708
vv	map04620	LOC127064708
vv	map04630	LOC127064708
vv	map04650	LOC127064708
vv	map04660	LOC127064708
vv	map04662	LOC127064708
vv	map04664	LOC127064708
vv	map04666	LOC127064708
vv	map04668	LOC127064708
vv	map04670	LOC127064708
vv	map04722	LOC127064708
vv	map04725	LOC127064708
vv	map04750	LOC127064708
vv	map04810	LOC127064708
vv	map04910	LOC127064708
vv	map04914	LOC127064708
vv	map04915	LOC127064708
vv	map04917	LOC127064708
vv	map04919	LOC127064708
vv	map04923	LOC127064708
vv	map04926	LOC127064708
vv	map04930	LOC127064708
vv	map04931	LOC127064708
vv	map04932	LOC127064708
vv	map04933	LOC127064708
vv	map04960	LOC127064708
vv	map04973	LOC127064708
vv	map05100	LOC127064708
vv	map05142	LOC127064708
vv	map05146	LOC127064708
vv	map05160	LOC127064708
vv	map05161	LOC127064708
vv	map05162	LOC127064708
vv	map05164	LOC127064708
vv	map05165	LOC127064708
vv	map05166	LOC127064708
vv	map05167	LOC127064708
vv	map05169	LOC127064708
vv	map05200	LOC127064708
vv	map05203	LOC127064708
vv	map05205	LOC127064708
vv	map05210	LOC127064708
vv	map05211	LOC127064708
vv	map05212	LOC127064708
vv	map05213	LOC127064708
vv	map05214	LOC127064708
vv	map05215	LOC127064708
vv	map05218	LOC127064708
vv	map05220	LOC127064708
vv	map05221	LOC127064708
vv	map05222	LOC127064708
vv	map05223	LOC127064708
vv	map05224	LOC127064708
vv	map05225	LOC127064708
vv	map05226	LOC127064708
vv	map05230	LOC127064708
vv	map05231	LOC127064708
vv	map05418	LOC127064708
vv	map04015	LOC127064710
vv	map04530	LOC127064710
vv	map05165	LOC127064710
vv	map04723	LOC127064714
vv	map04745	LOC127064714
vv	map04925	LOC127064714
vv	map04726	LOC127064715
vv	map04970	LOC127064715
vv	map00270	LOC127064719
vv	map01100	LOC127064719
vv	map00280	LOC127064724
vv	map00410	LOC127064724
vv	map00640	LOC127064724
vv	map01100	LOC127064724
vv	map01200	LOC127064724
vv	map00562	LOC127064727
vv	map01100	LOC127064727
vv	map04070	LOC127064727
vv	map00270	LOC127064729
vv	map01100	LOC127064729
vv	map00040	LOC127064740
vv	map00053	LOC127064740
vv	map00140	LOC127064740
vv	map00565	LOC127064740
vv	map00600	LOC127064740
vv	map00830	LOC127064740
vv	map00860	LOC127064740
vv	map00980	LOC127064740
vv	map00982	LOC127064740
vv	map00983	LOC127064740
vv	map01100	LOC127064740
vv	map01110	LOC127064740
vv	map05204	LOC127064740
vv	map04810	LOC127064741
vv	map05212	LOC127064741
vv	map00770	LOC127064742
vv	map00780	LOC127064742
vv	map01100	LOC127064742
vv	map04977	LOC127064742
vv	map00073	LOC127064743
vv	map04146	LOC127064743
vv	map04212	LOC127064743
vv	map00190	LOC127064746
vv	map01100	LOC127064746
vv	map02020	LOC127064746
vv	map04260	LOC127064746
vv	map04714	LOC127064746
vv	map04932	LOC127064746
vv	map05010	LOC127064746
vv	map05012	LOC127064746
vv	map05016	LOC127064746
vv	map04064	LOC127064751
vv	map00511	LOC127064753
vv	map00513	LOC127064753
vv	map00520	LOC127064753
vv	map00531	LOC127064753
vv	map00603	LOC127064753
vv	map00604	LOC127064753
vv	map01100	LOC127064753
vv	map04142	LOC127064753
vv	map04064	LOC127064755
vv	map00020	LOC127064760
vv	map00270	LOC127064760
vv	map00620	LOC127064760
vv	map00630	LOC127064760
vv	map00710	LOC127064760
vv	map01100	LOC127064760
vv	map01110	LOC127064760
vv	map01120	LOC127064760
vv	map01130	LOC127064760
vv	map01200	LOC127064760
vv	map04964	LOC127064760
vv	map00534	LOC127064763
vv	map01100	LOC127064763
vv	map04714	LOC127064766
vv	map04015	LOC127064770
vv	map04145	LOC127064770
vv	map04151	LOC127064770
vv	map04360	LOC127064770
vv	map04380	LOC127064770
vv	map04390	LOC127064770
vv	map04510	LOC127064770
vv	map04512	LOC127064770
vv	map04514	LOC127064770
vv	map04530	LOC127064770
vv	map04610	LOC127064770
vv	map04611	LOC127064770
vv	map04640	LOC127064770
vv	map04650	LOC127064770
vv	map04670	LOC127064770
vv	map04810	LOC127064770
vv	map04919	LOC127064770
vv	map05100	LOC127064770
vv	map05130	LOC127064770
vv	map05131	LOC127064770
vv	map05133	LOC127064770
vv	map05134	LOC127064770
vv	map05140	LOC127064770
vv	map05144	LOC127064770
vv	map05145	LOC127064770
vv	map05146	LOC127064770
vv	map05150	LOC127064770
vv	map05152	LOC127064770
vv	map05165	LOC127064770
vv	map05166	LOC127064770
vv	map05200	LOC127064770
vv	map05205	LOC127064770
vv	map05206	LOC127064770
vv	map05222	LOC127064770
vv	map05323	LOC127064770
vv	map05410	LOC127064770
vv	map05412	LOC127064770
vv	map05414	LOC127064770
vv	map05416	LOC127064770
vv	map05418	LOC127064770
vv	map00230	LOC127064778
vv	map04024	LOC127064778
vv	map04371	LOC127064778
vv	map04713	LOC127064778
vv	map04714	LOC127064778
vv	map05034	LOC127064790
vv	map05202	LOC127064790
vv	map05203	LOC127064790
vv	map05322	LOC127064790
vv	map05016	LOC127064792
vv	map00590	LOC127064796
vv	map01100	LOC127064796
vv	map04611	LOC127064796
vv	map04141	LOC127064804
vv	map01521	LOC127064806
vv	map01522	LOC127064806
vv	map04010	LOC127064806
vv	map04012	LOC127064806
vv	map04013	LOC127064806
vv	map04014	LOC127064806
vv	map04062	LOC127064806
vv	map04068	LOC127064806
vv	map04072	LOC127064806
vv	map04150	LOC127064806
vv	map04151	LOC127064806
vv	map04320	LOC127064806
vv	map04380	LOC127064806
vv	map04510	LOC127064806
vv	map04540	LOC127064806
vv	map04550	LOC127064806
vv	map04630	LOC127064806
vv	map04650	LOC127064806
vv	map04660	LOC127064806
vv	map04662	LOC127064806
vv	map04664	LOC127064806
vv	map04714	LOC127064806
vv	map04722	LOC127064806
vv	map04910	LOC127064806
vv	map04912	LOC127064806
vv	map04915	LOC127064806
vv	map04917	LOC127064806
vv	map04926	LOC127064806
vv	map05034	LOC127064806
vv	map05160	LOC127064806
vv	map05161	LOC127064806
vv	map05165	LOC127064806
vv	map05200	LOC127064806
vv	map05203	LOC127064806
vv	map05205	LOC127064806
vv	map05206	LOC127064806
vv	map05210	LOC127064806
vv	map05211	LOC127064806
vv	map05213	LOC127064806
vv	map05214	LOC127064806
vv	map05215	LOC127064806
vv	map05220	LOC127064806
vv	map05221	LOC127064806
vv	map05223	LOC127064806
vv	map05224	LOC127064806
vv	map05225	LOC127064806
vv	map05226	LOC127064806
vv	map05231	LOC127064806
vv	map00230	LOC127064807
vv	map00240	LOC127064807
vv	map01100	LOC127064807
vv	map03020	LOC127064807
vv	map04623	LOC127064807
vv	map05016	LOC127064807
vv	map05169	LOC127064807
vv	map02024	LOC127064811
vv	map03060	LOC127064811
vv	map03070	LOC127064811
vv	map00440	LOC127064812
vv	map00564	LOC127064812
vv	map01100	LOC127064812
vv	map05231	LOC127064812
vv	map04510	LOC127064814
vv	map04530	LOC127064814
vv	map04611	LOC127064814
vv	map04670	LOC127064814
vv	map04810	LOC127064814
vv	map04510	LOC127064816
vv	map04530	LOC127064816
vv	map04611	LOC127064816
vv	map04670	LOC127064816
vv	map04810	LOC127064816
vv	map03010	LOC127064817
vv	map04340	LOC127064820
vv	map04614	LOC127064826
vv	map04974	LOC127064826
vv	map04137	LOC127064827
vv	map04217	LOC127064827
vv	map04218	LOC127064827
vv	map04380	LOC127064827
vv	map05418	LOC127064827
vv	map05034	LOC127064832
vv	map05202	LOC127064832
vv	map05203	LOC127064832
vv	map05322	LOC127064832
vv	map05034	LOC127064833
vv	map05203	LOC127064833
vv	map05322	LOC127064833
vv	map05034	LOC127064834
vv	map05203	LOC127064834
vv	map05322	LOC127064834
vv	map05203	LOC127064837
vv	map00515	LOC127064840
vv	map01100	LOC127064840
vv	map01524	LOC127064845
vv	map04064	LOC127064845
vv	map04120	LOC127064845
vv	map04210	LOC127064845
vv	map04214	LOC127064845
vv	map04215	LOC127064845
vv	map04217	LOC127064845
vv	map04510	LOC127064845
vv	map04621	LOC127064845
vv	map05145	LOC127064845
vv	map05166	LOC127064845
vv	map05200	LOC127064845
vv	map05222	LOC127064845
vv	map04110	LOC127064846
vv	map04111	LOC127064846
vv	map04113	LOC127064846
vv	map04114	LOC127064846
vv	map04120	LOC127064846
vv	map04914	LOC127064846
vv	map05166	LOC127064846
vv	map00010	LOC127064847
vv	map00710	LOC127064847
vv	map01100	LOC127064847
vv	map01110	LOC127064847
vv	map01120	LOC127064847
vv	map01130	LOC127064847
vv	map01200	LOC127064847
vv	map01230	LOC127064847
vv	map04066	LOC127064847
vv	map05010	LOC127064847
vv	map00010	LOC127064848
vv	map00710	LOC127064848
vv	map01100	LOC127064848
vv	map01110	LOC127064848
vv	map01120	LOC127064848
vv	map01130	LOC127064848
vv	map01200	LOC127064848
vv	map01230	LOC127064848
vv	map04066	LOC127064848
vv	map05010	LOC127064848
vv	map04010	LOC127064849
vv	map04141	LOC127064849
vv	map04213	LOC127064849
vv	map04370	LOC127064849
vv	map05146	LOC127064849
vv	map05169	LOC127064849
vv	map05205	LOC127064849
vv	map00230	LOC127064864
vv	map00261	LOC127064864
vv	map00450	LOC127064864
vv	map00920	LOC127064864
vv	map01100	LOC127064864
vv	map01120	LOC127064864
vv	map01130	LOC127064864
vv	map02010	LOC127064873
vv	map03013	LOC127064874
vv	map00250	LOC127064878
vv	map00250	LOC127064879
vv	map04216	LOC127064883
vv	map04217	LOC127064883
vv	map04978	LOC127064883
vv	map00190	LOC127064884
vv	map01100	LOC127064884
vv	map04260	LOC127064884
vv	map04714	LOC127064884
vv	map04932	LOC127064884
vv	map05010	LOC127064884
vv	map05012	LOC127064884
vv	map05016	LOC127064884
vv	map04216	LOC127064885
vv	map04217	LOC127064885
vv	map04978	LOC127064885
vv	map00670	LOC127064887
vv	map01100	LOC127064887
vv	map03460	LOC127064890
vv	map05146	LOC127064891
vv	map00190	LOC127064893
vv	map01100	LOC127064893
vv	map04260	LOC127064893
vv	map04714	LOC127064893
vv	map04932	LOC127064893
vv	map05010	LOC127064893
vv	map05012	LOC127064893
vv	map05016	LOC127064893
vv	map05166	LOC127064896
vv	map05166	LOC127064898
vv	map04520	LOC127064905
vv	map00250	LOC127064906
vv	map00410	LOC127064906
vv	map00430	LOC127064906
vv	map00650	LOC127064906
vv	map00770	LOC127064906
vv	map01100	LOC127064906
vv	map01110	LOC127064906
vv	map01120	LOC127064906
vv	map02024	LOC127064906
vv	map04727	LOC127064906
vv	map04940	LOC127064906
vv	map04391	LOC127064911
vv	map04112	LOC127064913
vv	map04212	LOC127064913
vv	map04020	LOC127064914
vv	map04024	LOC127064914
vv	map04072	LOC127064914
vv	map04080	LOC127064914
vv	map04270	LOC127064914
vv	map04921	LOC127064914
vv	map01524	LOC127064921
vv	map03420	LOC127064921
vv	map03450	LOC127064922
vv	map04010	LOC127064925
vv	map00380	LOC127064930
vv	map00630	LOC127064930
vv	map01110	LOC127064930
vv	map01130	LOC127064930
vv	map01200	LOC127064930
vv	map04011	LOC127064930
vv	map04016	LOC127064930
vv	map04068	LOC127064930
vv	map04146	LOC127064930
vv	map04211	LOC127064930
vv	map04212	LOC127064930
vv	map04213	LOC127064930
vv	map05014	LOC127064930
vv	map05202	LOC127064935
vv	map04745	LOC127064937
vv	map00532	LOC127064940
vv	map04624	LOC127064943
vv	map00240	LOC127064944
vv	map00983	LOC127064944
vv	map01100	LOC127064944
vv	map03010	LOC127064948
vv	map04020	LOC127064949
vv	map04022	LOC127064949
vv	map05012	LOC127064949
vv	map05016	LOC127064949
vv	map05145	LOC127064949
vv	map01522	LOC127064951
vv	map04012	LOC127064951
vv	map04020	LOC127064951
vv	map04062	LOC127064951
vv	map04072	LOC127064951
vv	map04151	LOC127064951
vv	map04360	LOC127064951
vv	map04370	LOC127064951
vv	map04510	LOC127064951
vv	map04650	LOC127064951
vv	map04670	LOC127064951
vv	map04810	LOC127064951
vv	map04912	LOC127064951
vv	map05100	LOC127064951
vv	map05146	LOC127064951
vv	map05161	LOC127064951
vv	map05165	LOC127064951
vv	map05200	LOC127064951
vv	map05202	LOC127064951
vv	map05205	LOC127064951
vv	map05222	LOC127064951
vv	map05418	LOC127064951
vv	map00190	LOC127064952
vv	map01100	LOC127064952
vv	map04714	LOC127064952
vv	map04723	LOC127064952
vv	map04932	LOC127064952
vv	map05010	LOC127064952
vv	map05012	LOC127064952
vv	map05016	LOC127064952
vv	map04624	LOC127064953
vv	map04151	LOC127064960
vv	map04510	LOC127064960
vv	map04512	LOC127064960
vv	map05145	LOC127064960
vv	map05146	LOC127064960
vv	map05165	LOC127064960
vv	map05200	LOC127064960
vv	map05222	LOC127064960
vv	map00030	LOC127064968
vv	map00260	LOC127064968
vv	map00561	LOC127064968
vv	map00630	LOC127064968
vv	map00680	LOC127064968
vv	map01100	LOC127064968
vv	map01120	LOC127064968
vv	map01130	LOC127064968
vv	map01200	LOC127064968
vv	map04212	LOC127064969
vv	map00450	LOC127064971
vv	map00970	LOC127064971
vv	map04724	LOC127064972
vv	map05014	LOC127064972
vv	map00510	LOC127064974
vv	map01100	LOC127064974
vv	map04140	LOC127064979
vv	map04150	LOC127064979
vv	map00910	LOC127064980
vv	map04151	LOC127064981
vv	map04510	LOC127064981
vv	map04512	LOC127064981
vv	map04611	LOC127064981
vv	map04926	LOC127064981
vv	map04933	LOC127064981
vv	map04974	LOC127064981
vv	map05146	LOC127064981
vv	map05165	LOC127064981
vv	map05200	LOC127064981
vv	map05222	LOC127064981
vv	map03013	LOC127064982
vv	map04015	LOC127064990
vv	map04670	LOC127064990
vv	map03018	LOC127064993
vv	map00512	LOC127064994
vv	map01100	LOC127064994
vv	map05130	LOC127064995
vv	map00140	LOC127064997
vv	map00630	LOC127064997
vv	map01100	LOC127064997
vv	map01110	LOC127064997
vv	map01120	LOC127064997
vv	map01130	LOC127064997
vv	map01200	LOC127064997
vv	map04146	LOC127064997
vv	map04913	LOC127064997
vv	map04925	LOC127064997
vv	map04927	LOC127064997
vv	map04934	LOC127064997
vv	map03013	LOC127064999
vv	map04141	LOC127064999
vv	map04150	LOC127064999
vv	map04212	LOC127065007
vv	map04922	LOC127065007
vv	map03030	LOC127065008
vv	map04110	LOC127065008
vv	map04111	LOC127065008
vv	map04113	LOC127065008
vv	map04120	LOC127065010
vv	map04141	LOC127065010
vv	map00130	LOC127065013
vv	map01100	LOC127065013
vv	map01110	LOC127065013
vv	map00010	LOC127065015
vv	map00040	LOC127065015
vv	map00561	LOC127065015
vv	map00930	LOC127065015
vv	map01100	LOC127065015
vv	map01110	LOC127065015
vv	map01120	LOC127065015
vv	map01130	LOC127065015
vv	map01220	LOC127065015
vv	map04624	LOC127065016
vv	map00790	LOC127065018
vv	map01100	LOC127065018
vv	map04122	LOC127065018
vv	map00350	LOC127065019
vv	map00643	LOC127065019
vv	map01100	LOC127065019
vv	map01120	LOC127065019
vv	map03010	LOC127065020
vv	map03013	LOC127065023
vv	map05200	LOC127065023
vv	map05216	LOC127065023
vv	map04120	LOC127065026
vv	map00190	LOC127065027
vv	map01100	LOC127065027
vv	map04714	LOC127065027
vv	map04010	LOC127065028
vv	map04020	LOC127065028
vv	map04022	LOC127065028
vv	map04114	LOC127065028
vv	map04218	LOC127065028
vv	map04310	LOC127065028
vv	map04360	LOC127065028
vv	map04370	LOC127065028
vv	map04380	LOC127065028
vv	map04650	LOC127065028
vv	map04658	LOC127065028
vv	map04659	LOC127065028
vv	map04660	LOC127065028
vv	map04662	LOC127065028
vv	map04720	LOC127065028
vv	map04724	LOC127065028
vv	map04728	LOC127065028
vv	map04921	LOC127065028
vv	map04922	LOC127065028
vv	map04924	LOC127065028
vv	map05010	LOC127065028
vv	map05014	LOC127065028
vv	map05031	LOC127065028
vv	map05152	LOC127065028
vv	map05166	LOC127065028
vv	map05167	LOC127065028
vv	map04070	LOC127065032
vv	map04144	LOC127065033
vv	map00130	LOC127065036
vv	map01100	LOC127065036
vv	map01110	LOC127065036
vv	map04214	LOC127065038
vv	map04320	LOC127065038
vv	map04014	LOC127065041
vv	map04015	LOC127065041
vv	map04016	LOC127065041
vv	map04020	LOC127065041
vv	map04022	LOC127065041
vv	map04024	LOC127065041
vv	map04070	LOC127065041
vv	map04114	LOC127065041
vv	map04218	LOC127065041
vv	map04261	LOC127065041
vv	map04270	LOC127065041
vv	map04371	LOC127065041
vv	map04626	LOC127065041
vv	map04713	LOC127065041
vv	map04720	LOC127065041
vv	map04722	LOC127065041
vv	map04728	LOC127065041
vv	map04740	LOC127065041
vv	map04744	LOC127065041
vv	map04745	LOC127065041
vv	map04750	LOC127065041
vv	map04910	LOC127065041
vv	map04912	LOC127065041
vv	map04915	LOC127065041
vv	map04916	LOC127065041
vv	map04921	LOC127065041
vv	map04922	LOC127065041
vv	map04924	LOC127065041
vv	map04925	LOC127065041
vv	map04970	LOC127065041
vv	map04971	LOC127065041
vv	map05010	LOC127065041
vv	map05031	LOC127065041
vv	map05034	LOC127065041
vv	map05133	LOC127065041
vv	map05152	LOC127065041
vv	map05167	LOC127065041
vv	map05200	LOC127065041
vv	map05214	LOC127065041
vv	map05418	LOC127065041
vv	map04624	LOC127065043
vv	map04624	LOC127065045
vv	map04111	LOC127065051
vv	map03420	LOC127065053
vv	map03460	LOC127065053
vv	map00230	LOC127065060
vv	map00240	LOC127065060
vv	map01100	LOC127065060
vv	map03030	LOC127065060
vv	map03410	LOC127065060
vv	map03420	LOC127065060
vv	map03430	LOC127065060
vv	map03440	LOC127065060
vv	map05166	LOC127065060
vv	map00510	LOC127065061
vv	map00513	LOC127065061
vv	map01100	LOC127065061
vv	map00190	LOC127065062
vv	map01100	LOC127065062
vv	map02020	LOC127065062
vv	map04260	LOC127065062
vv	map04714	LOC127065062
vv	map04932	LOC127065062
vv	map05010	LOC127065062
vv	map05012	LOC127065062
vv	map05016	LOC127065062
vv	map04010	LOC127065063
vv	map04014	LOC127065063
vv	map04151	LOC127065063
vv	map04722	LOC127065063
vv	map03010	LOC127065065
vv	map03410	LOC127065072
vv	map04614	LOC127065073
vv	map04640	LOC127065073
vv	map04974	LOC127065073
vv	map05010	LOC127065073
vv	map03320	LOC127065074
vv	map04214	LOC127065074
vv	map04931	LOC127065074
vv	map04932	LOC127065074
vv	map05160	LOC127065074
vv	map04350	LOC127065075
vv	map04390	LOC127065075
vv	map04391	LOC127065075
vv	map04550	LOC127065075
vv	map05202	LOC127065075
vv	map04141	LOC127065079
vv	map03320	LOC127065083
vv	map04214	LOC127065083
vv	map04931	LOC127065083
vv	map04932	LOC127065083
vv	map05160	LOC127065083
vv	map00030	LOC127065091
vv	map00260	LOC127065091
vv	map01100	LOC127065091
vv	map01110	LOC127065091
vv	map01130	LOC127065091
vv	map00020	LOC127065097
vv	map00630	LOC127065097
vv	map01100	LOC127065097
vv	map01110	LOC127065097
vv	map01120	LOC127065097
vv	map01130	LOC127065097
vv	map01200	LOC127065097
vv	map01210	LOC127065097
vv	map01230	LOC127065097
vv	map00500	LOC127065099
vv	map01100	LOC127065099
vv	map03460	LOC127065103
vv	map04120	LOC127065103
vv	map00561	LOC127065104
vv	map00564	LOC127065104
vv	map01100	LOC127065104
vv	map01110	LOC127065104
vv	map00010	LOC127065105
vv	map00030	LOC127065105
vv	map00051	LOC127065105
vv	map00680	LOC127065105
vv	map00710	LOC127065105
vv	map01100	LOC127065105
vv	map01110	LOC127065105
vv	map01120	LOC127065105
vv	map01130	LOC127065105
vv	map01200	LOC127065105
vv	map01230	LOC127065105
vv	map00520	LOC127065110
vv	map03460	LOC127065114
vv	map04212	LOC127065114
vv	map04130	LOC127065116
vv	map04140	LOC127065116
vv	map00562	LOC127065119
vv	map00564	LOC127065119
vv	map01100	LOC127065119
vv	map04070	LOC127065119
vv	map04934	LOC127065122
vv	map05202	LOC127065122
vv	map05016	LOC127065123
vv	map04330	LOC127065124
vv	map05010	LOC127065124
vv	map04360	LOC127065129
vv	map04080	LOC127065133
vv	map04972	LOC127065133
vv	map04974	LOC127065133
vv	map05164	LOC127065133
vv	map04014	LOC127065137
vv	map04020	LOC127065137
vv	map04080	LOC127065137
vv	map04726	LOC127065137
vv	map04350	LOC127065138
vv	map04390	LOC127065138
vv	map04391	LOC127065138
vv	map04550	LOC127065138
vv	map05202	LOC127065138
vv	map04919	LOC127065140
vv	map04136	LOC127065143
vv	map04138	LOC127065143
vv	map04140	LOC127065143
vv	map03013	LOC127065144
vv	map03013	LOC127065145
vv	map05164	LOC127065145
vv	map04141	LOC127065147
vv	map00230	LOC127065148
vv	map04024	LOC127065148
vv	map05032	LOC127065148
vv	map04015	LOC127065154
vv	map04062	LOC127065154
vv	map04071	LOC127065154
vv	map04144	LOC127065154
vv	map04360	LOC127065154
vv	map04390	LOC127065154
vv	map04391	LOC127065154
vv	map04530	LOC127065154
vv	map04611	LOC127065154
vv	map04910	LOC127065154
vv	map04926	LOC127065154
vv	map04930	LOC127065154
vv	map04931	LOC127065154
vv	map04933	LOC127065154
vv	map05165	LOC127065154
vv	map05418	LOC127065154
vv	map04550	LOC127065155
vv	map00564	LOC127065159
vv	map04725	LOC127065159
vv	map04514	LOC127065160
vv	map00562	LOC127065161
vv	map01100	LOC127065161
vv	map04070	LOC127065161
vv	map04140	LOC127065161
vv	map04024	LOC127065163
vv	map04080	LOC127065163
vv	map04726	LOC127065163
vv	map04742	LOC127065163
vv	map03018	LOC127065164
vv	map00531	LOC127065165
vv	map01100	LOC127065165
vv	map04142	LOC127065165
vv	map04111	LOC127065166
vv	map04113	LOC127065166
vv	map00052	LOC127065171
vv	map00520	LOC127065171
vv	map01100	LOC127065171
vv	map04141	LOC127065172
vv	map00040	LOC127065173
vv	map00980	LOC127065173
vv	map00230	LOC127065174
vv	map04146	LOC127065175
vv	map00130	LOC127065178
vv	map01100	LOC127065178
vv	map01110	LOC127065178
vv	map03050	LOC127065180
vv	map04010	LOC127065183
vv	map04014	LOC127065183
vv	map04015	LOC127065183
vv	map04024	LOC127065183
vv	map04062	LOC127065183
vv	map04510	LOC127065183
vv	map04530	LOC127065183
vv	map04611	LOC127065183
vv	map04670	LOC127065183
vv	map04720	LOC127065183
vv	map04722	LOC127065183
vv	map04934	LOC127065183
vv	map04972	LOC127065183
vv	map05211	LOC127065183
vv	map00190	LOC127065184
vv	map01100	LOC127065184
vv	map04260	LOC127065184
vv	map04714	LOC127065184
vv	map04932	LOC127065184
vv	map05010	LOC127065184
vv	map05012	LOC127065184
vv	map05016	LOC127065184
vv	map03013	LOC127065185
vv	map03015	LOC127065185
vv	map05206	LOC127065193
vv	map03030	LOC127065194
vv	map03410	LOC127065194
vv	map03420	LOC127065194
vv	map03430	LOC127065194
vv	map04013	LOC127065194
vv	map04214	LOC127065194
vv	map04215	LOC127065194
vv	map04391	LOC127065194
vv	map04144	LOC127065197
vv	map04721	LOC127065197
vv	map04961	LOC127065197
vv	map05016	LOC127065197
vv	map04110	LOC127065198
vv	map04111	LOC127065198
vv	map04113	LOC127065198
vv	map04013	LOC127065199
vv	map04150	LOC127065201
vv	map04310	LOC127065201
vv	map04390	LOC127065201
vv	map04550	LOC127065201
vv	map04916	LOC127065201
vv	map04934	LOC127065201
vv	map05165	LOC127065201
vv	map05166	LOC127065201
vv	map05200	LOC127065201
vv	map05205	LOC127065201
vv	map05217	LOC127065201
vv	map05224	LOC127065201
vv	map05225	LOC127065201
vv	map05226	LOC127065201
vv	map00220	LOC127065202
vv	map00250	LOC127065202
vv	map00270	LOC127065202
vv	map00330	LOC127065202
vv	map00350	LOC127065202
vv	map00360	LOC127065202
vv	map00400	LOC127065202
vv	map00710	LOC127065202
vv	map00950	LOC127065202
vv	map00960	LOC127065202
vv	map01100	LOC127065202
vv	map01110	LOC127065202
vv	map01120	LOC127065202
vv	map01130	LOC127065202
vv	map01200	LOC127065202
vv	map01210	LOC127065202
vv	map01230	LOC127065202
vv	map04975	LOC127065202
vv	map04360	LOC127065210
vv	map04514	LOC127065210
vv	map05205	LOC127065211
vv	map05206	LOC127065211
vv	map04140	LOC127065213
vv	map05200	LOC127065213
vv	map05219	LOC127065213
vv	map04066	LOC127065214
vv	map04120	LOC127065214
vv	map05200	LOC127065214
vv	map05211	LOC127065214
vv	map04260	LOC127065220
vv	map04261	LOC127065220
vv	map05200	LOC127065220
vv	map05206	LOC127065220
vv	map05216	LOC127065220
vv	map05410	LOC127065220
vv	map05414	LOC127065220
vv	map04260	LOC127065221
vv	map04261	LOC127065221
vv	map05200	LOC127065221
vv	map05206	LOC127065221
vv	map05216	LOC127065221
vv	map05410	LOC127065221
vv	map05414	LOC127065221
vv	map00230	LOC127065222
vv	map00240	LOC127065222
vv	map01100	LOC127065222
vv	map03020	LOC127065222
vv	map03030	LOC127065222
vv	map03410	LOC127065222
vv	map03420	LOC127065222
vv	map05166	LOC127065222
vv	map05165	LOC127065227
vv	map05203	LOC127065227
vv	map04144	LOC127065232
vv	map04141	LOC127065233
vv	map03008	LOC127065234
vv	map03018	LOC127065234
vv	map03320	LOC127065238
vv	map04310	LOC127065240
vv	map00780	LOC127065241
vv	map01100	LOC127065241
vv	map05016	LOC127065242
vv	map00190	LOC127065243
vv	map01100	LOC127065243
vv	map04142	LOC127065243
vv	map04145	LOC127065243
vv	map04721	LOC127065243
vv	map04966	LOC127065243
vv	map05110	LOC127065243
vv	map05120	LOC127065243
vv	map05152	LOC127065243
vv	map05165	LOC127065243
vv	map05323	LOC127065243
vv	map04070	LOC127065244
vv	map04138	LOC127065244
vv	map00940	LOC127065245
vv	map01100	LOC127065245
vv	map01110	LOC127065245
vv	map03420	LOC127065248
vv	map04120	LOC127065248
vv	map05161	LOC127065248
vv	map05203	LOC127065248
vv	map00532	LOC127065256
vv	map00010	LOC127065259
vv	map00030	LOC127065259
vv	map00051	LOC127065259
vv	map00680	LOC127065259
vv	map00710	LOC127065259
vv	map01100	LOC127065259
vv	map01110	LOC127065259
vv	map01120	LOC127065259
vv	map01130	LOC127065259
vv	map01200	LOC127065259
vv	map01230	LOC127065259
vv	map00230	LOC127065264
vv	map00240	LOC127065264
vv	map01100	LOC127065264
vv	map03030	LOC127065264
vv	map05202	LOC127065267
vv	map04622	LOC127065269
vv	map05161	LOC127065269
vv	map05203	LOC127065269
vv	map04141	LOC127065274
vv	map05164	LOC127065274
vv	map03010	LOC127065276
vv	map01523	LOC127065277
vv	map02010	LOC127065277
vv	map04024	LOC127065277
vv	map04976	LOC127065277
vv	map04614	LOC127065279
vv	map04360	LOC127065281
vv	map04068	LOC127065288
vv	map04110	LOC127065288
vv	map04310	LOC127065288
vv	map04350	LOC127065288
vv	map04371	LOC127065288
vv	map04390	LOC127065288
vv	map04520	LOC127065288
vv	map04550	LOC127065288
vv	map04659	LOC127065288
vv	map04933	LOC127065288
vv	map05161	LOC127065288
vv	map05166	LOC127065288
vv	map05200	LOC127065288
vv	map05210	LOC127065288
vv	map05212	LOC127065288
vv	map05220	LOC127065288
vv	map05225	LOC127065288
vv	map05226	LOC127065288
vv	map00785	LOC127065292
vv	map01100	LOC127065292
vv	map00190	LOC127065295
vv	map01100	LOC127065295
vv	map04714	LOC127065295
vv	map05010	LOC127065295
vv	map05012	LOC127065295
vv	map05016	LOC127065295
vv	map00310	LOC127065296
vv	map00514	LOC127065296
vv	map04011	LOC127065296
vv	map03013	LOC127065298
vv	map04144	LOC127065299
vv	map03022	LOC127065301
vv	map05203	LOC127065301
vv	map00920	LOC127065306
vv	map01100	LOC127065306
vv	map01120	LOC127065306
vv	map01130	LOC127065306
vv	map00230	LOC127065310
vv	map00232	LOC127065310
vv	map00983	LOC127065310
vv	map01100	LOC127065310
vv	map01110	LOC127065310
vv	map01120	LOC127065310
vv	map04146	LOC127065310
vv	map04614	LOC127065312
vv	map00480	LOC127065316
vv	map00590	LOC127065316
vv	map00980	LOC127065316
vv	map00982	LOC127065316
vv	map00983	LOC127065316
vv	map01100	LOC127065316
vv	map01524	LOC127065316
vv	map05200	LOC127065316
vv	map05204	LOC127065316
vv	map05225	LOC127065316
vv	map05418	LOC127065316
vv	map00020	LOC127065317
vv	map00190	LOC127065317
vv	map01100	LOC127065317
vv	map01110	LOC127065317
vv	map01120	LOC127065317
vv	map01130	LOC127065317
vv	map01200	LOC127065317
vv	map04141	LOC127065317
vv	map04714	LOC127065317
vv	map04932	LOC127065317
vv	map05010	LOC127065317
vv	map05012	LOC127065317
vv	map05016	LOC127065317
vv	map00500	LOC127065326
vv	map01100	LOC127065326
vv	map01110	LOC127065326
vv	map00350	LOC127065330
vv	map01100	LOC127065330
vv	map05016	LOC127065337
vv	map04740	LOC127065338
vv	map00040	LOC127065340
vv	map00053	LOC127065340
vv	map00140	LOC127065340
vv	map00830	LOC127065340
vv	map00860	LOC127065340
vv	map00980	LOC127065340
vv	map00982	LOC127065340
vv	map00983	LOC127065340
vv	map01100	LOC127065340
vv	map01110	LOC127065340
vv	map05204	LOC127065340
vv	map05016	LOC127065343
vv	map00510	LOC127065345
vv	map00513	LOC127065345
vv	map01100	LOC127065345
vv	map03040	LOC127065346
vv	map00260	LOC127065347
vv	map00620	LOC127065347
vv	map00630	LOC127065347
vv	map00670	LOC127065347
vv	map01100	LOC127065347
vv	map01110	LOC127065347
vv	map01120	LOC127065347
vv	map03008	LOC127065349
vv	map04141	LOC127065354
vv	map05165	LOC127065354
vv	map04360	LOC127065355
vv	map00230	LOC127065356
vv	map00240	LOC127065356
vv	map01100	LOC127065356
vv	map03020	LOC127065356
vv	map05016	LOC127065356
vv	map05168	LOC127065356
vv	map05169	LOC127065356
vv	map00562	LOC127065359
vv	map01100	LOC127065359
vv	map01521	LOC127065359
vv	map04012	LOC127065359
vv	map04014	LOC127065359
vv	map04015	LOC127065359
vv	map04020	LOC127065359
vv	map04064	LOC127065359
vv	map04066	LOC127065359
vv	map04070	LOC127065359
vv	map04072	LOC127065359
vv	map04360	LOC127065359
vv	map04370	LOC127065359
vv	map04380	LOC127065359
vv	map04611	LOC127065359
vv	map04650	LOC127065359
vv	map04658	LOC127065359
vv	map04659	LOC127065359
vv	map04660	LOC127065359
vv	map04662	LOC127065359
vv	map04664	LOC127065359
vv	map04666	LOC127065359
vv	map04670	LOC127065359
vv	map04722	LOC127065359
vv	map04750	LOC127065359
vv	map04919	LOC127065359
vv	map04933	LOC127065359
vv	map05110	LOC127065359
vv	map05120	LOC127065359
vv	map05167	LOC127065359
vv	map05169	LOC127065359
vv	map05200	LOC127065359
vv	map05205	LOC127065359
vv	map05206	LOC127065359
vv	map05214	LOC127065359
vv	map05223	LOC127065359
vv	map05225	LOC127065359
vv	map05231	LOC127065359
vv	map04216	LOC127065360
vv	map04217	LOC127065360
vv	map04978	LOC127065360
vv	map01524	LOC127065367
vv	map04016	LOC127065367
vv	map00230	LOC127065368
vv	map04024	LOC127065368
vv	map05032	LOC127065368
vv	map00500	LOC127065372
vv	map01100	LOC127065372
vv	map04151	LOC127065372
vv	map04152	LOC127065372
vv	map04910	LOC127065372
vv	map04922	LOC127065372
vv	map04931	LOC127065372
vv	map05231	LOC127065373
vv	map00510	LOC127065377
vv	map00513	LOC127065377
vv	map01100	LOC127065377
vv	map04721	LOC127065379
vv	map00130	LOC127065383
vv	map01100	LOC127065383
vv	map01110	LOC127065383
vv	map04120	LOC127065400
vv	map04910	LOC127065400
vv	map03010	LOC127065404
vv	map05016	LOC127065406
vv	map03013	LOC127065408
vv	map04137	LOC127065409
vv	map04140	LOC127065409
vv	map04141	LOC127065409
vv	map04210	LOC127065409
vv	map04214	LOC127065409
vv	map04932	LOC127065409
vv	map05010	LOC127065409
vv	map05160	LOC127065409
vv	map05162	LOC127065409
vv	map05164	LOC127065409
vv	map05168	LOC127065409
vv	map05169	LOC127065409
vv	map00790	LOC127065413
vv	map01100	LOC127065413
vv	map01523	LOC127065413
vv	map04010	LOC127065413
vv	map04011	LOC127065413
vv	map04012	LOC127065413
vv	map04014	LOC127065413
vv	map04024	LOC127065413
vv	map04062	LOC127065413
vv	map04360	LOC127065413
vv	map04392	LOC127065413
vv	map04510	LOC127065413
vv	map04650	LOC127065413
vv	map04660	LOC127065413
vv	map04666	LOC127065413
vv	map04810	LOC127065413
vv	map05120	LOC127065413
vv	map05205	LOC127065413
vv	map05211	LOC127065413
vv	map03040	LOC127065415
vv	map03060	LOC127065420
vv	map05014	LOC127065423
vv	map04114	LOC127065425
vv	map04320	LOC127065425
vv	map04914	LOC127065425
vv	map05202	LOC127065426
vv	map04151	LOC127065428
vv	map04510	LOC127065428
vv	map04512	LOC127065428
vv	map04514	LOC127065428
vv	map04640	LOC127065428
vv	map04810	LOC127065428
vv	map05145	LOC127065428
vv	map05165	LOC127065428
vv	map05200	LOC127065428
vv	map05222	LOC127065428
vv	map05410	LOC127065428
vv	map05412	LOC127065428
vv	map05414	LOC127065428
vv	map04144	LOC127065434
vv	map04217	LOC127065434
vv	map03030	LOC127065442
vv	map03420	LOC127065442
vv	map03430	LOC127065442
vv	map03050	LOC127065443
vv	map05169	LOC127065443
vv	map03440	LOC127065457
vv	map03460	LOC127065457
vv	map05200	LOC127065457
vv	map05212	LOC127065457
vv	map05224	LOC127065457
vv	map04970	LOC127065458
vv	map04971	LOC127065458
vv	map04972	LOC127065458
vv	map04976	LOC127065458
vv	map04710	LOC127065459
vv	map04711	LOC127065459
vv	map04728	LOC127065459
vv	map05168	LOC127065459
vv	map04010	LOC127065460
vv	map04014	LOC127065460
vv	map04151	LOC127065460
vv	map04722	LOC127065460
vv	map05034	LOC127065460
vv	map00480	LOC127065462
vv	map01100	LOC127065462
vv	map04614	LOC127065462
vv	map04640	LOC127065462
vv	map00514	LOC127065463
vv	map04931	LOC127065463
vv	map00480	LOC127065464
vv	map01100	LOC127065464
vv	map04614	LOC127065464
vv	map04640	LOC127065464
vv	map01521	LOC127065469
vv	map03013	LOC127065469
vv	map04066	LOC127065469
vv	map04150	LOC127065469
vv	map04151	LOC127065469
vv	map04211	LOC127065469
vv	map04910	LOC127065469
vv	map03018	LOC127065470
vv	map04010	LOC127065474
vv	map04066	LOC127065474
vv	map04910	LOC127065474
vv	map04020	LOC127065475
vv	map04910	LOC127065475
vv	map04922	LOC127065475
vv	map00230	LOC127065476
vv	map00240	LOC127065476
vv	map01100	LOC127065476
vv	map03020	LOC127065476
vv	map04068	LOC127065478
vv	map04110	LOC127065478
vv	map04120	LOC127065478
vv	map04150	LOC127065478
vv	map05168	LOC127065478
vv	map05169	LOC127065478
vv	map05200	LOC127065478
vv	map05203	LOC127065478
vv	map05222	LOC127065478
vv	map03010	LOC127065479
vv	map04080	LOC127065480
vv	map00480	LOC127065481
vv	map00980	LOC127065481
vv	map00981	LOC127065481
vv	map04216	LOC127065481
vv	map04976	LOC127065481
vv	map05204	LOC127065481
vv	map00480	LOC127065482
vv	map00980	LOC127065482
vv	map00981	LOC127065482
vv	map04216	LOC127065482
vv	map04976	LOC127065482
vv	map05204	LOC127065482
vv	map04711	LOC127065485
vv	map04068	LOC127065488
vv	map04110	LOC127065488
vv	map04120	LOC127065488
vv	map04150	LOC127065488
vv	map05168	LOC127065488
vv	map05169	LOC127065488
vv	map05200	LOC127065488
vv	map05203	LOC127065488
vv	map05222	LOC127065488
vv	map00270	LOC127065489
vv	map00330	LOC127065489
vv	map00410	LOC127065489
vv	map00480	LOC127065489
vv	map01100	LOC127065489
vv	map00910	LOC127065496
vv	map00230	LOC127065503
vv	map00240	LOC127065503
vv	map00983	LOC127065503
vv	map01100	LOC127065503
vv	map01110	LOC127065503
vv	map01130	LOC127065503
vv	map04016	LOC127065503
vv	map04022	LOC127065505
vv	map04024	LOC127065505
vv	map04270	LOC127065505
vv	map04510	LOC127065505
vv	map04530	LOC127065505
vv	map04611	LOC127065505
vv	map04670	LOC127065505
vv	map04810	LOC127065505
vv	map04921	LOC127065505
vv	map04142	LOC127065508
vv	map04142	LOC127065509
vv	map03018	LOC127065510
vv	map03040	LOC127065510
vv	map03040	LOC127065519
vv	map05322	LOC127065519
vv	map03050	LOC127065528
vv	map05169	LOC127065528
vv	map05016	LOC127065531
vv	map05162	LOC127065532
vv	map00562	LOC127065533
vv	map01100	LOC127065533
vv	map04070	LOC127065533
vv	map03040	LOC127065535
vv	map05202	LOC127065535
vv	map05205	LOC127065535
vv	map03040	LOC127065536
vv	map05202	LOC127065536
vv	map05205	LOC127065536
vv	map04010	LOC127065537
vv	map04013	LOC127065537
vv	map04060	LOC127065537
vv	map04068	LOC127065537
vv	map04144	LOC127065537
vv	map04218	LOC127065537
vv	map04350	LOC127065537
vv	map04360	LOC127065537
vv	map04371	LOC127065537
vv	map04380	LOC127065537
vv	map04390	LOC127065537
vv	map04520	LOC127065537
vv	map04550	LOC127065537
vv	map04659	LOC127065537
vv	map04926	LOC127065537
vv	map04933	LOC127065537
vv	map05142	LOC127065537
vv	map05161	LOC127065537
vv	map05166	LOC127065537
vv	map05200	LOC127065537
vv	map05210	LOC127065537
vv	map05212	LOC127065537
vv	map05220	LOC127065537
vv	map05225	LOC127065537
vv	map05226	LOC127065537
vv	map05418	LOC127065537
vv	map00440	LOC127065542
vv	map00564	LOC127065542
vv	map01100	LOC127065542
vv	map03010	LOC127065549
vv	map03010	LOC127065551
vv	map04610	LOC127065552
vv	map04640	LOC127065552
vv	map05034	LOC127065557
vv	map05165	LOC127065557
vv	map05203	LOC127065557
vv	map03030	LOC127065558
vv	map03420	LOC127065558
vv	map03430	LOC127065558
vv	map03440	LOC127065558
vv	map03460	LOC127065558
vv	map00270	LOC127065559
vv	map01100	LOC127065559
vv	map03420	LOC127065559
vv	map04120	LOC127065559
vv	map05206	LOC127065559
vv	map00563	LOC127065562
vv	map00100	LOC127065564
vv	map01100	LOC127065564
vv	map01110	LOC127065564
vv	map01130	LOC127065564
vv	map04145	LOC127065566
vv	map04913	LOC127065566
vv	map04925	LOC127065566
vv	map04927	LOC127065566
vv	map04934	LOC127065566
vv	map04975	LOC127065566
vv	map04976	LOC127065566
vv	map04977	LOC127065566
vv	map04979	LOC127065566
vv	map05160	LOC127065566
vv	map05016	LOC127065569
vv	map01521	LOC127065573
vv	map01522	LOC127065573
vv	map01524	LOC127065573
vv	map04010	LOC127065573
vv	map04012	LOC127065573
vv	map04013	LOC127065573
vv	map04014	LOC127065573
vv	map04015	LOC127065573
vv	map04020	LOC127065573
vv	map04060	LOC127065573
vv	map04066	LOC127065573
vv	map04068	LOC127065573
vv	map04072	LOC127065573
vv	map04144	LOC127065573
vv	map04151	LOC127065573
vv	map04214	LOC127065573
vv	map04320	LOC127065573
vv	map04510	LOC127065573
vv	map04520	LOC127065573
vv	map04530	LOC127065573
vv	map04540	LOC127065573
vv	map04630	LOC127065573
vv	map04810	LOC127065573
vv	map04912	LOC127065573
vv	map04915	LOC127065573
vv	map04921	LOC127065573
vv	map04926	LOC127065573
vv	map04934	LOC127065573
vv	map05120	LOC127065573
vv	map05160	LOC127065573
vv	map05165	LOC127065573
vv	map05200	LOC127065573
vv	map05205	LOC127065573
vv	map05206	LOC127065573
vv	map05210	LOC127065573
vv	map05212	LOC127065573
vv	map05213	LOC127065573
vv	map05214	LOC127065573
vv	map05215	LOC127065573
vv	map05218	LOC127065573
vv	map05219	LOC127065573
vv	map05223	LOC127065573
vv	map05224	LOC127065573
vv	map05225	LOC127065573
vv	map05226	LOC127065573
vv	map05230	LOC127065573
vv	map05231	LOC127065573
vv	map03010	LOC127065576
vv	map04714	LOC127065578
vv	map03430	LOC127065581
vv	map04020	LOC127065583
vv	map04024	LOC127065583
vv	map04080	LOC127065583
vv	map04151	LOC127065583
vv	map04725	LOC127065583
vv	map04742	LOC127065583
vv	map04810	LOC127065583
vv	map04911	LOC127065583
vv	map04970	LOC127065583
vv	map04971	LOC127065583
vv	map04972	LOC127065583
vv	map00600	LOC127065586
vv	map01100	LOC127065586
vv	map04630	LOC127065587
vv	map04917	LOC127065587
vv	map04060	LOC127065591
vv	map04657	LOC127065591
vv	map03010	LOC127065593
vv	map04714	LOC127065594
vv	map04080	LOC127065595
vv	map04514	LOC127065596
vv	map00100	LOC127065600
vv	map00561	LOC127065600
vv	map00983	LOC127065600
vv	map01100	LOC127065600
vv	map04514	LOC127065600
vv	map04972	LOC127065600
vv	map04975	LOC127065600
vv	map00100	LOC127065602
vv	map00561	LOC127065602
vv	map01100	LOC127065602
vv	map04514	LOC127065602
vv	map04972	LOC127065602
vv	map04975	LOC127065602
vv	map00010	LOC127065603
vv	map00030	LOC127065603
vv	map00051	LOC127065603
vv	map00052	LOC127065603
vv	map00680	LOC127065603
vv	map01100	LOC127065603
vv	map01110	LOC127065603
vv	map01120	LOC127065603
vv	map01130	LOC127065603
vv	map01200	LOC127065603
vv	map01230	LOC127065603
vv	map03018	LOC127065603
vv	map04152	LOC127065603
vv	map05230	LOC127065603
vv	map00590	LOC127065604
vv	map00591	LOC127065604
vv	map01100	LOC127065604
vv	map04212	LOC127065604
vv	map04726	LOC127065604
vv	map04750	LOC127065604
vv	map04913	LOC127065604
vv	map04010	LOC127065605
vv	map04062	LOC127065605
vv	map04144	LOC127065605
vv	map04340	LOC127065605
vv	map04740	LOC127065605
vv	map04926	LOC127065605
vv	map05032	LOC127065605
vv	map04020	LOC127065607
vv	map04080	LOC127065607
vv	map04540	LOC127065607
vv	map04726	LOC127065607
vv	map04750	LOC127065607
vv	map04514	LOC127065609
vv	map03013	LOC127065610
vv	map05205	LOC127065611
vv	map04120	LOC127065614
vv	map04141	LOC127065614
vv	map05012	LOC127065614
vv	map04011	LOC127065615
vv	map04013	LOC127065615
vv	map04110	LOC127065615
vv	map04114	LOC127065615
vv	map04151	LOC127065615
vv	map04212	LOC127065615
vv	map04390	LOC127065615
vv	map04391	LOC127065615
vv	map04722	LOC127065615
vv	map05161	LOC127065615
vv	map05169	LOC127065615
vv	map05203	LOC127065615
vv	map04624	LOC127065617
vv	map00970	LOC127065619
vv	map04962	LOC127065620
vv	map04974	LOC127065624
vv	map04013	LOC127065627
vv	map00230	LOC127065630
vv	map00240	LOC127065630
vv	map01100	LOC127065630
vv	map03020	LOC127065630
vv	map04714	LOC127065634
vv	map05225	LOC127065634
vv	map04310	LOC127065635
vv	map00010	LOC127065639
vv	map00053	LOC127065639
vv	map00071	LOC127065639
vv	map00280	LOC127065639
vv	map00310	LOC127065639
vv	map00330	LOC127065639
vv	map00340	LOC127065639
vv	map00350	LOC127065639
vv	map00360	LOC127065639
vv	map00380	LOC127065639
vv	map00410	LOC127065639
vv	map00561	LOC127065639
vv	map00620	LOC127065639
vv	map00625	LOC127065639
vv	map00903	LOC127065639
vv	map00980	LOC127065639
vv	map00981	LOC127065639
vv	map00982	LOC127065639
vv	map01100	LOC127065639
vv	map01110	LOC127065639
vv	map01120	LOC127065639
vv	map01130	LOC127065639
vv	map04011	LOC127065639
vv	map04014	LOC127065639
vv	map04015	LOC127065639
vv	map04022	LOC127065639
vv	map04024	LOC127065639
vv	map04062	LOC127065639
vv	map04071	LOC127065639
vv	map04072	LOC127065639
vv	map04144	LOC127065639
vv	map04150	LOC127065639
vv	map04270	LOC127065639
vv	map04310	LOC127065639
vv	map04350	LOC127065639
vv	map04360	LOC127065639
vv	map04510	LOC127065639
vv	map04520	LOC127065639
vv	map04530	LOC127065639
vv	map04611	LOC127065639
vv	map04621	LOC127065639
vv	map04660	LOC127065639
vv	map04670	LOC127065639
vv	map04722	LOC127065639
vv	map04810	LOC127065639
vv	map04921	LOC127065639
vv	map04972	LOC127065639
vv	map05100	LOC127065639
vv	map05130	LOC127065639
vv	map05133	LOC127065639
vv	map05152	LOC127065639
vv	map05200	LOC127065639
vv	map05203	LOC127065639
vv	map05204	LOC127065639
vv	map05205	LOC127065639
vv	map05206	LOC127065639
vv	map05210	LOC127065639
vv	map05418	LOC127065639
vv	map04010	LOC127065643
vv	map04022	LOC127065643
vv	map05166	LOC127065643
vv	map05203	LOC127065643
vv	map04624	LOC127065646
vv	map04020	LOC127065650
vv	map04022	LOC127065650
vv	map04371	LOC127065650
vv	map04740	LOC127065650
vv	map04974	LOC127065650
vv	map04114	LOC127065654
vv	map04914	LOC127065654
vv	map01523	LOC127065655
vv	map02010	LOC127065655
vv	map04024	LOC127065655
vv	map04976	LOC127065655
vv	map04110	LOC127065656
vv	map04111	LOC127065656
vv	map04113	LOC127065656
vv	map04114	LOC127065656
vv	map04151	LOC127065656
vv	map04510	LOC127065656
vv	map04512	LOC127065656
vv	map04974	LOC127065656
vv	map05165	LOC127065656
vv	map05231	LOC127065657
vv	map04110	LOC127065658
vv	map04111	LOC127065658
vv	map04113	LOC127065658
vv	map00564	LOC127065660
vv	map04725	LOC127065660
vv	map02010	LOC127065661
vv	map04212	LOC127065661
vv	map03040	LOC127065662
vv	map04520	LOC127065663
vv	map04666	LOC127065663
vv	map04810	LOC127065663
vv	map05100	LOC127065663
vv	map05131	LOC127065663
vv	map05132	LOC127065663
vv	map05231	LOC127065663
vv	map00230	LOC127065667
vv	map00240	LOC127065667
vv	map04080	LOC127065673
vv	map04972	LOC127065673
vv	map04974	LOC127065673
vv	map05164	LOC127065673
vv	map04130	LOC127065676
vv	map04010	LOC127065679
vv	map04020	LOC127065679
vv	map04022	LOC127065679
vv	map04114	LOC127065679
vv	map04218	LOC127065679
vv	map04310	LOC127065679
vv	map04360	LOC127065679
vv	map04370	LOC127065679
vv	map04380	LOC127065679
vv	map04650	LOC127065679
vv	map04658	LOC127065679
vv	map04659	LOC127065679
vv	map04660	LOC127065679
vv	map04662	LOC127065679
vv	map04720	LOC127065679
vv	map04724	LOC127065679
vv	map04921	LOC127065679
vv	map04922	LOC127065679
vv	map04924	LOC127065679
vv	map05010	LOC127065679
vv	map05014	LOC127065679
vv	map05031	LOC127065679
vv	map05152	LOC127065679
vv	map05166	LOC127065679
vv	map05167	LOC127065679
vv	map04714	LOC127065680
vv	map03010	LOC127065682
vv	map00970	LOC127065683
vv	map03013	LOC127065684
vv	map00040	LOC127065690
vv	map00053	LOC127065690
vv	map00140	LOC127065690
vv	map00830	LOC127065690
vv	map00860	LOC127065690
vv	map00980	LOC127065690
vv	map00982	LOC127065690
vv	map00983	LOC127065690
vv	map01100	LOC127065690
vv	map01110	LOC127065690
vv	map05204	LOC127065690
vv	map04550	LOC127065691
vv	map04950	LOC127065691
vv	map00052	LOC127065692
vv	map00460	LOC127065692
vv	map00500	LOC127065692
vv	map00940	LOC127065692
vv	map01100	LOC127065692
vv	map01110	LOC127065692
vv	map04973	LOC127065692
vv	map00052	LOC127065693
vv	map00460	LOC127065693
vv	map00500	LOC127065693
vv	map00940	LOC127065693
vv	map01100	LOC127065693
vv	map01110	LOC127065693
vv	map04973	LOC127065693
vv	map00040	LOC127065694
vv	map00053	LOC127065694
vv	map00140	LOC127065694
vv	map00830	LOC127065694
vv	map00860	LOC127065694
vv	map00980	LOC127065694
vv	map00982	LOC127065694
vv	map00983	LOC127065694
vv	map01100	LOC127065694
vv	map01110	LOC127065694
vv	map05204	LOC127065694
vv	map00040	LOC127065695
vv	map00053	LOC127065695
vv	map00140	LOC127065695
vv	map00830	LOC127065695
vv	map00860	LOC127065695
vv	map00980	LOC127065695
vv	map00982	LOC127065695
vv	map00983	LOC127065695
vv	map01100	LOC127065695
vv	map01110	LOC127065695
vv	map05204	LOC127065695
vv	map04514	LOC127065699
vv	map04141	LOC127065700
vv	map00510	LOC127065701
vv	map00513	LOC127065701
vv	map00970	LOC127065701
vv	map01100	LOC127065701
vv	map00270	LOC127065702
vv	map01100	LOC127065702
vv	map00270	LOC127065703
vv	map01100	LOC127065703
vv	map04371	LOC127065708
vv	map05016	LOC127065708
vv	map04144	LOC127065710
vv	map04550	LOC127065712
vv	map04950	LOC127065712
vv	map04310	LOC127065713
vv	map03018	LOC127065714
vv	map04130	LOC127065715
vv	map04130	LOC127065716
vv	map00130	LOC127065717
vv	map01100	LOC127065717
vv	map01110	LOC127065717
vv	map00190	LOC127065719
vv	map01100	LOC127065719
vv	map04260	LOC127065719
vv	map04714	LOC127065719
vv	map04932	LOC127065719
vv	map05010	LOC127065719
vv	map05012	LOC127065719
vv	map05016	LOC127065719
vv	map04011	LOC127065723
vv	map04014	LOC127065723
vv	map04062	LOC127065723
vv	map04151	LOC127065723
vv	map04371	LOC127065723
vv	map04713	LOC127065723
vv	map04723	LOC127065723
vv	map04724	LOC127065723
vv	map04725	LOC127065723
vv	map04726	LOC127065723
vv	map04727	LOC127065723
vv	map04728	LOC127065723
vv	map04740	LOC127065723
vv	map04744	LOC127065723
vv	map04926	LOC127065723
vv	map05032	LOC127065723
vv	map05034	LOC127065723
vv	map05167	LOC127065723
vv	map05200	LOC127065723
vv	map05134	LOC127065724
vv	map00130	LOC127065725
vv	map00360	LOC127065725
vv	map00940	LOC127065725
vv	map01100	LOC127065725
vv	map01110	LOC127065725
vv	map05134	LOC127065726
vv	map05202	LOC127065733
vv	map04142	LOC127065736
vv	map00515	LOC127065739
vv	map01100	LOC127065739
vv	map00240	LOC127065741
vv	map00983	LOC127065741
vv	map01100	LOC127065741
vv	map04080	LOC127065744
vv	map04972	LOC127065744
vv	map04974	LOC127065744
vv	map05164	LOC127065744
vv	map00860	LOC127065749
vv	map00970	LOC127065749
vv	map01100	LOC127065749
vv	map01110	LOC127065749
vv	map01120	LOC127065749
vv	map05164	LOC127065750
vv	map04022	LOC127065751
vv	map04024	LOC127065751
vv	map04151	LOC127065751
vv	map04152	LOC127065751
vv	map04211	LOC127065751
vv	map04261	LOC127065751
vv	map04668	LOC127065751
vv	map04714	LOC127065751
vv	map04725	LOC127065751
vv	map04728	LOC127065751
vv	map04911	LOC127065751
vv	map04915	LOC127065751
vv	map04916	LOC127065751
vv	map04918	LOC127065751
vv	map04922	LOC127065751
vv	map04925	LOC127065751
vv	map04926	LOC127065751
vv	map04927	LOC127065751
vv	map04931	LOC127065751
vv	map04934	LOC127065751
vv	map04962	LOC127065751
vv	map05016	LOC127065751
vv	map05030	LOC127065751
vv	map05031	LOC127065751
vv	map05034	LOC127065751
vv	map05161	LOC127065751
vv	map05165	LOC127065751
vv	map05203	LOC127065751
vv	map05215	LOC127065751
vv	map04020	LOC127065752
vv	map04080	LOC127065752
vv	map04725	LOC127065752
vv	map05033	LOC127065752
vv	map05204	LOC127065752
vv	map05016	LOC127065755
vv	map00230	LOC127065756
vv	map00240	LOC127065756
vv	map01100	LOC127065756
vv	map03030	LOC127065756
vv	map04623	LOC127065757
vv	map03013	LOC127065760
vv	map04623	LOC127065761
vv	map05225	LOC127065766
vv	map04977	LOC127065770
vv	map04977	LOC127065771
vv	map00120	LOC127065776
vv	map01100	LOC127065776
vv	map03320	LOC127065776
vv	map04146	LOC127065776
vv	map04212	LOC127065778
vv	map04213	LOC127065778
vv	map04950	LOC127065778
vv	map03018	LOC127065779
vv	map03008	LOC127065780
vv	map04064	LOC127065780
vv	map04137	LOC127065780
vv	map04139	LOC127065780
vv	map04310	LOC127065780
vv	map04520	LOC127065780
vv	map04712	LOC127065780
vv	map05162	LOC127065780
vv	map05168	LOC127065780
vv	map05169	LOC127065780
vv	map04020	LOC127065782
vv	map04024	LOC127065782
vv	map04080	LOC127065782
vv	map04540	LOC127065782
vv	map04728	LOC127065782
vv	map05012	LOC127065782
vv	map05030	LOC127065782
vv	map05031	LOC127065782
vv	map05032	LOC127065782
vv	map05034	LOC127065782
vv	map04144	LOC127065788
vv	map04721	LOC127065788
vv	map04961	LOC127065788
vv	map05016	LOC127065788
vv	map00230	LOC127065790
vv	map00240	LOC127065790
vv	map01100	LOC127065790
vv	map03030	LOC127065790
vv	map04114	LOC127065792
vv	map04810	LOC127065792
vv	map04914	LOC127065792
vv	map04520	LOC127065800
vv	map04080	LOC127065803
vv	map04972	LOC127065803
vv	map04974	LOC127065803
vv	map05164	LOC127065803
vv	map04080	LOC127065804
vv	map04610	LOC127065804
vv	map04972	LOC127065804
vv	map04974	LOC127065804
vv	map05164	LOC127065804
vv	map00040	LOC127065805
vv	map00053	LOC127065805
vv	map00140	LOC127065805
vv	map00830	LOC127065805
vv	map00860	LOC127065805
vv	map00980	LOC127065805
vv	map00982	LOC127065805
vv	map00983	LOC127065805
vv	map01100	LOC127065805
vv	map01110	LOC127065805
vv	map05204	LOC127065805
vv	map04145	LOC127065811
vv	map04151	LOC127065811
vv	map04510	LOC127065811
vv	map04512	LOC127065811
vv	map04514	LOC127065811
vv	map04640	LOC127065811
vv	map04670	LOC127065811
vv	map04672	LOC127065811
vv	map04810	LOC127065811
vv	map04919	LOC127065811
vv	map05100	LOC127065811
vv	map05131	LOC127065811
vv	map05133	LOC127065811
vv	map05140	LOC127065811
vv	map05165	LOC127065811
vv	map05200	LOC127065811
vv	map05205	LOC127065811
vv	map05206	LOC127065811
vv	map05222	LOC127065811
vv	map05410	LOC127065811
vv	map05412	LOC127065811
vv	map05414	LOC127065811
vv	map05418	LOC127065811
vv	map04659	LOC127065812
vv	map04934	LOC127065812
vv	map04010	LOC127065815
vv	map00230	LOC127065818
vv	map00730	LOC127065818
vv	map01100	LOC127065818
vv	map04010	LOC127065820
vv	map04260	LOC127065820
vv	map04261	LOC127065820
vv	map04921	LOC127065820
vv	map05410	LOC127065820
vv	map05412	LOC127065820
vv	map05414	LOC127065820
vv	map04340	LOC127065822
vv	map04341	LOC127065822
vv	map04360	LOC127065822
vv	map03010	LOC127065824
vv	map04010	LOC127065827
vv	map04013	LOC127065827
vv	map04932	LOC127065827
vv	map00010	LOC127065831
vv	map00052	LOC127065831
vv	map01100	LOC127065831
vv	map01110	LOC127065831
vv	map01120	LOC127065831
vv	map01130	LOC127065831
vv	map03013	LOC127065834
vv	map03050	LOC127065837
vv	map04621	LOC127065838
vv	map05418	LOC127065838
vv	map04740	LOC127065845
vv	map04013	LOC127065852
vv	map04064	LOC127065852
vv	map04380	LOC127065852
vv	map04611	LOC127065852
vv	map04660	LOC127065852
vv	map04662	LOC127065852
vv	map04664	LOC127065852
vv	map05340	LOC127065852
vv	map00564	LOC127065858
vv	map04144	LOC127065860
vv	map03040	LOC127065864
vv	map05168	LOC127065864
vv	map00230	LOC127065866
vv	map00240	LOC127065866
vv	map03018	LOC127065866
vv	map04390	LOC127065867
vv	map04530	LOC127065867
vv	map04152	LOC127065870
vv	map04921	LOC127065870
vv	map00250	LOC127065872
vv	map00520	LOC127065872
vv	map01100	LOC127065872
vv	map01130	LOC127065872
vv	map04931	LOC127065872
vv	map04012	LOC127065873
vv	map04020	LOC127065873
vv	map04024	LOC127065873
vv	map04066	LOC127065873
vv	map04114	LOC127065873
vv	map04217	LOC127065873
vv	map04261	LOC127065873
vv	map04310	LOC127065873
vv	map04360	LOC127065873
vv	map04713	LOC127065873
vv	map04720	LOC127065873
vv	map04722	LOC127065873
vv	map04725	LOC127065873
vv	map04728	LOC127065873
vv	map04740	LOC127065873
vv	map04745	LOC127065873
vv	map04750	LOC127065873
vv	map04911	LOC127065873
vv	map04912	LOC127065873
vv	map04916	LOC127065873
vv	map04921	LOC127065873
vv	map04922	LOC127065873
vv	map04925	LOC127065873
vv	map04934	LOC127065873
vv	map04971	LOC127065873
vv	map05031	LOC127065873
vv	map05152	LOC127065873
vv	map05200	LOC127065873
vv	map05205	LOC127065873
vv	map05214	LOC127065873
vv	map04724	LOC127065874
vv	map04013	LOC127065875
vv	map04014	LOC127065875
vv	map05152	LOC127065875
vv	map04120	LOC127065878
vv	map04144	LOC127065879
vv	map04111	LOC127065880
vv	map05200	LOC127065880
vv	map05222	LOC127065880
vv	map03008	LOC127065882
vv	map04141	LOC127065882
vv	map05134	LOC127065882
vv	map04060	LOC127065883
vv	map04350	LOC127065883
vv	map04360	LOC127065883
vv	map04390	LOC127065883
vv	map05200	LOC127065883
vv	map05217	LOC127065883
vv	map04024	LOC127065884
vv	map04062	LOC127065884
vv	map04064	LOC127065884
vv	map04210	LOC127065884
vv	map04380	LOC127065884
vv	map04620	LOC127065884
vv	map04621	LOC127065884
vv	map04622	LOC127065884
vv	map04623	LOC127065884
vv	map04624	LOC127065884
vv	map04657	LOC127065884
vv	map04658	LOC127065884
vv	map04659	LOC127065884
vv	map04660	LOC127065884
vv	map04662	LOC127065884
vv	map04668	LOC127065884
vv	map04722	LOC127065884
vv	map04920	LOC127065884
vv	map04926	LOC127065884
vv	map04931	LOC127065884
vv	map05020	LOC127065884
vv	map05120	LOC127065884
vv	map05131	LOC127065884
vv	map05134	LOC127065884
vv	map05140	LOC127065884
vv	map05142	LOC127065884
vv	map05145	LOC127065884
vv	map05160	LOC127065884
vv	map05161	LOC127065884
vv	map05162	LOC127065884
vv	map05164	LOC127065884
vv	map05166	LOC127065884
vv	map05167	LOC127065884
vv	map05168	LOC127065884
vv	map05169	LOC127065884
vv	map05200	LOC127065884
vv	map05203	LOC127065884
vv	map05215	LOC127065884
vv	map05220	LOC127065884
vv	map05222	LOC127065884
vv	map04024	LOC127065885
vv	map04062	LOC127065885
vv	map04064	LOC127065885
vv	map04210	LOC127065885
vv	map04380	LOC127065885
vv	map04620	LOC127065885
vv	map04621	LOC127065885
vv	map04622	LOC127065885
vv	map04623	LOC127065885
vv	map04624	LOC127065885
vv	map04657	LOC127065885
vv	map04658	LOC127065885
vv	map04659	LOC127065885
vv	map04660	LOC127065885
vv	map04662	LOC127065885
vv	map04668	LOC127065885
vv	map04722	LOC127065885
vv	map04920	LOC127065885
vv	map04926	LOC127065885
vv	map04931	LOC127065885
vv	map05020	LOC127065885
vv	map05120	LOC127065885
vv	map05131	LOC127065885
vv	map05134	LOC127065885
vv	map05140	LOC127065885
vv	map05142	LOC127065885
vv	map05145	LOC127065885
vv	map05160	LOC127065885
vv	map05161	LOC127065885
vv	map05162	LOC127065885
vv	map05164	LOC127065885
vv	map05166	LOC127065885
vv	map05167	LOC127065885
vv	map05168	LOC127065885
vv	map05169	LOC127065885
vv	map05200	LOC127065885
vv	map05203	LOC127065885
vv	map05215	LOC127065885
vv	map05220	LOC127065885
vv	map05222	LOC127065885
vv	map03010	LOC127065892
vv	map04919	LOC127065893
vv	map04977	LOC127065893
vv	map00561	LOC127065902
vv	map00564	LOC127065902
vv	map01100	LOC127065902
vv	map01110	LOC127065902
vv	map05146	LOC127065903
vv	map04210	LOC127065906
vv	map04215	LOC127065906
vv	map04512	LOC127065906
vv	map04611	LOC127065906
vv	map04640	LOC127065906
vv	map05012	LOC127065906
vv	map05100	LOC127065906
vv	map00260	LOC127065907
vv	map00620	LOC127065907
vv	map00630	LOC127065907
vv	map00670	LOC127065907
vv	map01100	LOC127065907
vv	map01110	LOC127065907
vv	map01120	LOC127065907
vv	map04150	LOC127065912
vv	map03050	LOC127065913
vv	map05169	LOC127065913
vv	map03013	LOC127065915
vv	map03015	LOC127065915
vv	map03040	LOC127065915
vv	map00260	LOC127065918
vv	map00520	LOC127065925
vv	map01100	LOC127065925
vv	map04360	LOC127065932
vv	map04514	LOC127065932
vv	map04010	LOC127065933
vv	map04260	LOC127065933
vv	map04261	LOC127065933
vv	map04921	LOC127065933
vv	map05410	LOC127065933
vv	map05412	LOC127065933
vv	map05414	LOC127065933
vv	map04010	LOC127065934
vv	map04260	LOC127065934
vv	map04261	LOC127065934
vv	map04921	LOC127065934
vv	map05410	LOC127065934
vv	map05412	LOC127065934
vv	map05414	LOC127065934
vv	map04120	LOC127065937
vv	map00563	LOC127065939
vv	map01100	LOC127065939
vv	map03015	LOC127065942
vv	map04071	LOC127065942
vv	map04113	LOC127065942
vv	map04114	LOC127065942
vv	map04151	LOC127065942
vv	map04152	LOC127065942
vv	map04261	LOC127065942
vv	map04728	LOC127065942
vv	map05165	LOC127065942
vv	map04214	LOC127065944
vv	map04390	LOC127065944
vv	map04391	LOC127065944
vv	map04392	LOC127065944
vv	map00860	LOC127065945
vv	map01100	LOC127065945
vv	map01110	LOC127065945
vv	map01120	LOC127065945
vv	map04218	LOC127065946
vv	map04013	LOC127065954
vv	map04950	LOC127065955
vv	map03440	LOC127065958
vv	map03440	LOC127065959
vv	map03050	LOC127065962
vv	map05169	LOC127065962
vv	map03010	LOC127065964
vv	map03013	LOC127065969
vv	map03015	LOC127065969
vv	map04141	LOC127065970
vv	map04080	LOC127065971
vv	map05014	LOC127065972
vv	map04144	LOC127065976
vv	map04145	LOC127065976
vv	map04141	LOC127065978
vv	map03060	LOC127065979
vv	map00531	LOC127065984
vv	map01100	LOC127065984
vv	map04142	LOC127065984
vv	map04970	LOC127065985
vv	map00020	LOC127065987
vv	map00190	LOC127065987
vv	map01100	LOC127065987
vv	map01110	LOC127065987
vv	map01120	LOC127065987
vv	map01130	LOC127065987
vv	map01200	LOC127065987
vv	map04714	LOC127065987
vv	map04932	LOC127065987
vv	map05010	LOC127065987
vv	map05012	LOC127065987
vv	map05016	LOC127065987
vv	map04217	LOC127065990
vv	map03440	LOC127065994
vv	map04621	LOC127065994
vv	map03008	LOC127065998
vv	map03013	LOC127065998
vv	map05410	LOC127066024
vv	map05414	LOC127066024
vv	map00970	LOC127066026
vv	map04010	LOC127066028
vv	map04020	LOC127066028
vv	map04022	LOC127066028
vv	map04024	LOC127066028
vv	map04218	LOC127066028
vv	map04260	LOC127066028
vv	map04261	LOC127066028
vv	map04270	LOC127066028
vv	map04530	LOC127066028
vv	map04713	LOC127066028
vv	map04723	LOC127066028
vv	map04724	LOC127066028
vv	map04725	LOC127066028
vv	map04726	LOC127066028
vv	map04727	LOC127066028
vv	map04728	LOC127066028
vv	map04911	LOC127066028
vv	map04912	LOC127066028
vv	map04921	LOC127066028
vv	map04924	LOC127066028
vv	map04925	LOC127066028
vv	map04927	LOC127066028
vv	map04930	LOC127066028
vv	map04934	LOC127066028
vv	map04973	LOC127066028
vv	map05010	LOC127066028
vv	map05031	LOC127066028
vv	map05410	LOC127066028
vv	map05412	LOC127066028
vv	map05414	LOC127066028
vv	map04066	LOC127066030
vv	map04934	LOC127066030
vv	map05200	LOC127066030
vv	map05202	LOC127066030
vv	map05204	LOC127066030
vv	map05211	LOC127066030
vv	map00250	LOC127066031
vv	map01100	LOC127066031
vv	map01110	LOC127066031
vv	map03008	LOC127066032
vv	map04144	LOC127066035
vv	map00010	LOC127066039
vv	map00680	LOC127066039
vv	map01100	LOC127066039
vv	map01110	LOC127066039
vv	map01120	LOC127066039
vv	map01130	LOC127066039
vv	map01200	LOC127066039
vv	map01230	LOC127066039
vv	map03018	LOC127066039
vv	map04066	LOC127066039
vv	map04530	LOC127066042
vv	map04960	LOC127066042
vv	map05165	LOC127066042
vv	map04320	LOC127066044
vv	map04013	LOC127066045
vv	map04115	LOC127066045
vv	map04120	LOC127066045
vv	map04310	LOC127066045
vv	map04013	LOC127066048
vv	map04320	LOC127066048
vv	map05202	LOC127066048
vv	map00970	LOC127066049
vv	map03013	LOC127066051
vv	map03008	LOC127066060
vv	map04550	LOC127066062
vv	map04144	LOC127066063
vv	map04360	LOC127066064
vv	map04350	LOC127066066
vv	map04550	LOC127066066
vv	map04010	LOC127066067
vv	map04013	LOC127066067
vv	map04060	LOC127066067
vv	map04068	LOC127066067
vv	map04144	LOC127066067
vv	map04218	LOC127066067
vv	map04350	LOC127066067
vv	map04360	LOC127066067
vv	map04371	LOC127066067
vv	map04380	LOC127066067
vv	map04390	LOC127066067
vv	map04520	LOC127066067
vv	map04550	LOC127066067
vv	map04659	LOC127066067
vv	map04926	LOC127066067
vv	map04933	LOC127066067
vv	map05142	LOC127066067
vv	map05161	LOC127066067
vv	map05166	LOC127066067
vv	map05200	LOC127066067
vv	map05210	LOC127066067
vv	map05212	LOC127066067
vv	map05220	LOC127066067
vv	map05225	LOC127066067
vv	map05226	LOC127066067
vv	map05418	LOC127066067
vv	map04340	LOC127066071
vv	map04341	LOC127066071
vv	map04270	LOC127066076
vv	map04360	LOC127066076
vv	map04611	LOC127066076
vv	map04810	LOC127066076
vv	map05152	LOC127066076
vv	map05200	LOC127066076
vv	map05205	LOC127066076
vv	map04144	LOC127066080
vv	map00970	LOC127066088
vv	map03010	LOC127066088
vv	map04512	LOC127066089
vv	map04141	LOC127066096
vv	map04020	LOC127066098
vv	map04022	LOC127066098
vv	map04070	LOC127066098
vv	map04114	LOC127066098
vv	map04140	LOC127066098
vv	map04210	LOC127066098
vv	map04218	LOC127066098
vv	map04270	LOC127066098
vv	map04371	LOC127066098
vv	map04540	LOC127066098
vv	map04611	LOC127066098
vv	map04621	LOC127066098
vv	map04713	LOC127066098
vv	map04720	LOC127066098
vv	map04723	LOC127066098
vv	map04724	LOC127066098
vv	map04725	LOC127066098
vv	map04726	LOC127066098
vv	map04728	LOC127066098
vv	map04730	LOC127066098
vv	map04745	LOC127066098
vv	map04750	LOC127066098
vv	map04912	LOC127066098
vv	map04915	LOC127066098
vv	map04918	LOC127066098
vv	map04921	LOC127066098
vv	map04922	LOC127066098
vv	map04924	LOC127066098
vv	map04925	LOC127066098
vv	map04927	LOC127066098
vv	map04934	LOC127066098
vv	map04970	LOC127066098
vv	map04971	LOC127066098
vv	map04972	LOC127066098
vv	map05010	LOC127066098
vv	map05016	LOC127066098
vv	map05167	LOC127066098
vv	map05205	LOC127066098
vv	map04015	LOC127066100
vv	map04510	LOC127066100
vv	map04611	LOC127066100
vv	map05166	LOC127066100
vv	map04111	LOC127066105
vv	map04010	LOC127066107
vv	map04218	LOC127066107
vv	map04370	LOC127066107
vv	map04722	LOC127066107
vv	map05167	LOC127066107
vv	map05203	LOC127066107
vv	map00030	LOC127066108
vv	map00480	LOC127066108
vv	map01100	LOC127066108
vv	map01110	LOC127066108
vv	map01120	LOC127066108
vv	map01130	LOC127066108
vv	map01200	LOC127066108
vv	map05230	LOC127066108
vv	map03018	LOC127066110
vv	map04010	LOC127066111
vv	map04218	LOC127066111
vv	map04370	LOC127066111
vv	map04722	LOC127066111
vv	map05167	LOC127066111
vv	map05203	LOC127066111
vv	map00270	LOC127066113
vv	map00330	LOC127066113
vv	map00410	LOC127066113
vv	map00480	LOC127066113
vv	map01100	LOC127066113
vv	map04120	LOC127066114
vv	map04714	LOC127066116
vv	map04068	LOC127066117
vv	map04136	LOC127066117
vv	map04137	LOC127066117
vv	map04138	LOC127066117
vv	map04139	LOC127066117
vv	map04140	LOC127066117
vv	map04212	LOC127066117
vv	map04216	LOC127066117
vv	map04371	LOC127066117
vv	map04621	LOC127066117
vv	map04727	LOC127066117
vv	map05167	LOC127066117
vv	map04714	LOC127066118
vv	map04144	LOC127066125
vv	map04144	LOC127066132
vv	map04622	LOC127066134
vv	map00010	LOC127066137
vv	map01100	LOC127066137
vv	map01110	LOC127066137
vv	map01120	LOC127066137
vv	map01130	LOC127066137
vv	map00900	LOC127066140
vv	map00981	LOC127066140
vv	map01130	LOC127066140
vv	map00900	LOC127066141
vv	map00981	LOC127066141
vv	map01130	LOC127066141
vv	map00900	LOC127066142
vv	map00981	LOC127066142
vv	map01130	LOC127066142
vv	map00900	LOC127066143
vv	map00981	LOC127066143
vv	map01130	LOC127066143
vv	map04530	LOC127066155
vv	map03015	LOC127066156
vv	map04140	LOC127066160
vv	map04142	LOC127066161
vv	map04210	LOC127066161
vv	map00531	LOC127066164
vv	map01100	LOC127066164
vv	map04142	LOC127066164
vv	map04110	LOC127066165
vv	map04111	LOC127066165
vv	map04114	LOC127066165
vv	map04120	LOC127066165
vv	map04141	LOC127066165
vv	map04310	LOC127066165
vv	map04340	LOC127066165
vv	map04341	LOC127066165
vv	map04350	LOC127066165
vv	map04710	LOC127066165
vv	map05168	LOC127066165
vv	map05200	LOC127066165
vv	map00230	LOC127066171
vv	map00240	LOC127066171
vv	map01100	LOC127066171
vv	map03030	LOC127066171
vv	map03008	LOC127066173
vv	map00260	LOC127066174
vv	map03008	LOC127066179
vv	map03013	LOC127066179
vv	map01522	LOC127066180
vv	map04010	LOC127066180
vv	map04014	LOC127066180
vv	map04020	LOC127066180
vv	map04024	LOC127066180
vv	map04062	LOC127066180
vv	map04113	LOC127066180
vv	map04114	LOC127066180
vv	map04138	LOC127066180
vv	map04140	LOC127066180
vv	map04211	LOC127066180
vv	map04213	LOC127066180
vv	map04261	LOC127066180
vv	map04270	LOC127066180
vv	map04310	LOC127066180
vv	map04340	LOC127066180
vv	map04341	LOC127066180
vv	map04371	LOC127066180
vv	map04530	LOC127066180
vv	map04540	LOC127066180
vv	map04611	LOC127066180
vv	map04713	LOC127066180
vv	map04714	LOC127066180
vv	map04720	LOC127066180
vv	map04723	LOC127066180
vv	map04724	LOC127066180
vv	map04725	LOC127066180
vv	map04726	LOC127066180
vv	map04727	LOC127066180
vv	map04728	LOC127066180
vv	map04740	LOC127066180
vv	map04742	LOC127066180
vv	map04750	LOC127066180
vv	map04910	LOC127066180
vv	map04911	LOC127066180
vv	map04912	LOC127066180
vv	map04913	LOC127066180
vv	map04914	LOC127066180
vv	map04915	LOC127066180
vv	map04916	LOC127066180
vv	map04918	LOC127066180
vv	map04919	LOC127066180
vv	map04921	LOC127066180
vv	map04922	LOC127066180
vv	map04923	LOC127066180
vv	map04924	LOC127066180
vv	map04925	LOC127066180
vv	map04926	LOC127066180
vv	map04927	LOC127066180
vv	map04934	LOC127066180
vv	map04961	LOC127066180
vv	map04962	LOC127066180
vv	map04970	LOC127066180
vv	map04971	LOC127066180
vv	map04976	LOC127066180
vv	map05012	LOC127066180
vv	map05020	LOC127066180
vv	map05030	LOC127066180
vv	map05031	LOC127066180
vv	map05032	LOC127066180
vv	map05110	LOC127066180
vv	map05146	LOC127066180
vv	map05165	LOC127066180
vv	map05166	LOC127066180
vv	map05169	LOC127066180
vv	map05200	LOC127066180
vv	map05203	LOC127066180
vv	map05205	LOC127066180
vv	map05414	LOC127066180
vv	map03050	LOC127066184
vv	map05169	LOC127066184
vv	map04146	LOC127066185
vv	map00900	LOC127066198
vv	map00981	LOC127066198
vv	map01130	LOC127066198
vv	map00100	LOC127066204
vv	map04142	LOC127066204
vv	map04979	LOC127066204
vv	map00073	LOC127066212
vv	map04146	LOC127066212
vv	map04212	LOC127066212
vv	map04111	LOC127066214
vv	map00970	LOC127066216
vv	map04014	LOC127066222
vv	map00062	LOC127066223
vv	map00071	LOC127066223
vv	map00280	LOC127066223
vv	map01100	LOC127066223
vv	map01110	LOC127066223
vv	map01130	LOC127066223
vv	map01212	LOC127066223
vv	map00130	LOC127066229
vv	map01100	LOC127066229
vv	map01110	LOC127066229
vv	map03050	LOC127066230
vv	map05169	LOC127066230
vv	map03010	LOC127066231
vv	map03018	LOC127066234
vv	map03040	LOC127066236
vv	map04144	LOC127066237
vv	map03010	LOC127066238
vv	map04020	LOC127066243
vv	map04080	LOC127066243
vv	map04725	LOC127066243
vv	map05033	LOC127066243
vv	map05204	LOC127066243
vv	map00760	LOC127066244
vv	map01120	LOC127066244
vv	map04137	LOC127066249
vv	map04139	LOC127066249
vv	map01524	LOC127066254
vv	map04115	LOC127066254
vv	map04210	LOC127066254
vv	map04214	LOC127066254
vv	map04215	LOC127066254
vv	map05010	LOC127066254
vv	map05012	LOC127066254
vv	map05014	LOC127066254
vv	map05016	LOC127066254
vv	map05134	LOC127066254
vv	map05152	LOC127066254
vv	map05161	LOC127066254
vv	map05200	LOC127066254
vv	map05222	LOC127066254
vv	map00970	LOC127066255
vv	map05231	LOC127066259
vv	map00860	LOC127066265
vv	map01100	LOC127066265
vv	map01110	LOC127066265
vv	map01120	LOC127066265
vv	map00052	LOC127066266
vv	map00500	LOC127066266
vv	map01100	LOC127066266
vv	map04974	LOC127066266
vv	map04120	LOC127066268
vv	map05206	LOC127066271
vv	map00514	LOC127066278
vv	map00520	LOC127066287
vv	map01100	LOC127066287
vv	map04010	LOC127066292
vv	map04013	LOC127066292
vv	map04064	LOC127066292
vv	map04214	LOC127066292
vv	map04380	LOC127066292
vv	map04620	LOC127066292
vv	map04621	LOC127066292
vv	map04624	LOC127066292
vv	map04657	LOC127066292
vv	map04668	LOC127066292
vv	map05140	LOC127066292
vv	map05145	LOC127066292
vv	map05162	LOC127066292
vv	map05168	LOC127066292
vv	map05169	LOC127066292
vv	map04144	LOC127066294
vv	map04217	LOC127066294
vv	map03040	LOC127066297
vv	map00190	LOC127066298
vv	map01100	LOC127066298
vv	map04714	LOC127066298
vv	map04723	LOC127066298
vv	map04932	LOC127066298
vv	map05010	LOC127066298
vv	map05012	LOC127066298
vv	map05016	LOC127066298
vv	map04013	LOC127066300
vv	map04310	LOC127066300
vv	map04330	LOC127066300
vv	map05206	LOC127066301
vv	map03010	LOC127066303
vv	map04350	LOC127066310
vv	map04550	LOC127066310
vv	map00230	LOC127066312
vv	map01100	LOC127066312
vv	map04010	LOC127066313
vv	map00564	LOC127066317
vv	map00565	LOC127066317
vv	map00590	LOC127066317
vv	map00591	LOC127066317
vv	map00592	LOC127066317
vv	map01100	LOC127066317
vv	map01110	LOC127066317
vv	map04014	LOC127066317
vv	map04270	LOC127066317
vv	map04972	LOC127066317
vv	map04975	LOC127066317
vv	map03010	LOC127066321
vv	map04150	LOC127066325
vv	map04216	LOC127066325
vv	map04974	LOC127066325
vv	map04138	LOC127066331
vv	map04530	LOC127066331
vv	map00010	LOC127066332
vv	map00020	LOC127066332
vv	map00620	LOC127066332
vv	map01100	LOC127066332
vv	map01110	LOC127066332
vv	map01120	LOC127066332
vv	map01130	LOC127066332
vv	map01200	LOC127066332
vv	map04066	LOC127066332
vv	map04922	LOC127066332
vv	map05230	LOC127066332
vv	map04110	LOC127066336
vv	map04114	LOC127066336
vv	map04914	LOC127066336
vv	map05100	LOC127066336
vv	map05131	LOC127066336
vv	map03040	LOC127066338
vv	map00350	LOC127066340
vv	map01100	LOC127066340
vv	map05206	LOC127066341
vv	map04141	LOC127066346
vv	map00280	LOC127066347
vv	map01100	LOC127066347
vv	map00260	LOC127066348
vv	map00630	LOC127066348
vv	map00670	LOC127066348
vv	map01100	LOC127066348
vv	map01110	LOC127066348
vv	map01130	LOC127066348
vv	map01200	LOC127066348
vv	map04010	LOC127066350
vv	map04510	LOC127066350
vv	map05132	LOC127066350
vv	map05205	LOC127066350
vv	map04022	LOC127066356
vv	map04270	LOC127066356
vv	map04540	LOC127066356
vv	map04611	LOC127066356
vv	map04713	LOC127066356
vv	map04714	LOC127066356
vv	map04730	LOC127066356
vv	map04740	LOC127066356
vv	map04923	LOC127066356
vv	map04970	LOC127066356
vv	map04144	LOC127066369
vv	map04810	LOC127066369
vv	map05120	LOC127066369
vv	map04142	LOC127066372
vv	map00030	LOC127066375
vv	map01100	LOC127066375
vv	map01110	LOC127066375
vv	map01120	LOC127066375
vv	map01130	LOC127066375
vv	map01200	LOC127066375
vv	map01230	LOC127066375
vv	map04120	LOC127066379
vv	map05012	LOC127066379
vv	map01524	LOC127066388
vv	map04064	LOC127066388
vv	map04120	LOC127066388
vv	map04210	LOC127066388
vv	map04214	LOC127066388
vv	map04215	LOC127066388
vv	map04217	LOC127066388
vv	map04510	LOC127066388
vv	map04621	LOC127066388
vv	map05145	LOC127066388
vv	map05166	LOC127066388
vv	map05200	LOC127066388
vv	map05222	LOC127066388
vv	map04024	LOC127066390
vv	map04740	LOC127066390
vv	map00790	LOC127066391
vv	map01100	LOC127066391
vv	map03013	LOC127066392
vv	map05134	LOC127066392
vv	map04024	LOC127066393
vv	map04740	LOC127066393
vv	map05016	LOC127066398
vv	map00562	LOC127066407
vv	map01100	LOC127066407
vv	map04070	LOC127066407
vv	map04136	LOC127066407
vv	map04138	LOC127066407
vv	map04140	LOC127066407
vv	map04145	LOC127066407
vv	map04371	LOC127066407
vv	map05152	LOC127066407
vv	map05167	LOC127066407
vv	map00230	LOC127066408
vv	map04020	LOC127066408
vv	map04024	LOC127066408
vv	map04740	LOC127066408
vv	map04742	LOC127066408
vv	map04924	LOC127066408
vv	map04927	LOC127066408
vv	map04934	LOC127066408
vv	map05032	LOC127066408
vv	map00052	LOC127066411
vv	map00500	LOC127066411
vv	map01100	LOC127066411
vv	map04974	LOC127066411
vv	map04110	LOC127066412
vv	map00052	LOC127066413
vv	map00500	LOC127066413
vv	map01100	LOC127066413
vv	map04974	LOC127066413
vv	map00052	LOC127066414
vv	map00500	LOC127066414
vv	map01100	LOC127066414
vv	map04974	LOC127066414
vv	map03040	LOC127066415
vv	map00052	LOC127066416
vv	map00500	LOC127066416
vv	map01100	LOC127066416
vv	map04974	LOC127066416
vv	map00052	LOC127066417
vv	map00500	LOC127066417
vv	map01100	LOC127066417
vv	map04974	LOC127066417
vv	map00052	LOC127066418
vv	map00500	LOC127066418
vv	map01100	LOC127066418
vv	map04974	LOC127066418
vv	map00052	LOC127066419
vv	map00500	LOC127066419
vv	map01100	LOC127066419
vv	map04974	LOC127066419
vv	map00052	LOC127066420
vv	map00500	LOC127066420
vv	map01100	LOC127066420
vv	map04974	LOC127066420
vv	map00020	LOC127066435
vv	map01100	LOC127066435
vv	map01110	LOC127066435
vv	map01120	LOC127066435
vv	map01130	LOC127066435
vv	map01200	LOC127066435
vv	map01210	LOC127066435
vv	map01230	LOC127066435
vv	map04141	LOC127066441
vv	map04141	LOC127066443
vv	map00030	LOC127066457
vv	map00260	LOC127066457
vv	map01100	LOC127066457
vv	map01110	LOC127066457
vv	map01130	LOC127066457
vv	map00030	LOC127066458
vv	map00260	LOC127066458
vv	map01100	LOC127066458
vv	map01110	LOC127066458
vv	map01130	LOC127066458
vv	map04142	LOC127066460
vv	map04979	LOC127066460
vv	map04110	LOC127066463
vv	map04111	LOC127066463
vv	map04113	LOC127066463
vv	map04114	LOC127066463
vv	map00120	LOC127066467
vv	map01100	LOC127066467
vv	map03320	LOC127066467
vv	map04979	LOC127066467
vv	map04510	LOC127066471
vv	map04072	LOC127066473
vv	map04140	LOC127066473
vv	map04150	LOC127066473
vv	map04151	LOC127066473
vv	map04152	LOC127066473
vv	map04211	LOC127066473
vv	map04218	LOC127066473
vv	map04714	LOC127066473
vv	map04910	LOC127066473
vv	map04919	LOC127066473
vv	map05165	LOC127066473
vv	map05231	LOC127066473
vv	map00670	LOC127066476
vv	map04550	LOC127066483
vv	map00230	LOC127066484
vv	map00240	LOC127066484
vv	map01100	LOC127066484
vv	map03030	LOC127066484
vv	map05166	LOC127066485
vv	map03440	LOC127066486
vv	map03460	LOC127066486
vv	map05200	LOC127066486
vv	map05212	LOC127066486
vv	map03008	LOC127066492
vv	map03013	LOC127066492
vv	map03015	LOC127066492
vv	map05164	LOC127066492
vv	map05168	LOC127066492
vv	map04110	LOC127066496
vv	map04111	LOC127066496
vv	map04113	LOC127066496
vv	map04114	LOC127066496
vv	map04120	LOC127066496
vv	map04914	LOC127066496
vv	map05166	LOC127066496
vv	map04975	LOC127066502
vv	map00061	LOC127066503
vv	map00071	LOC127066503
vv	map01100	LOC127066503
vv	map01212	LOC127066503
vv	map02024	LOC127066503
vv	map03320	LOC127066503
vv	map04146	LOC127066503
vv	map04216	LOC127066503
vv	map04714	LOC127066503
vv	map04920	LOC127066503
vv	map04141	LOC127066504
vv	map04130	LOC127066506
vv	map04138	LOC127066506
vv	map04068	LOC127066507
vv	map04152	LOC127066507
vv	map04211	LOC127066507
vv	map04212	LOC127066507
vv	map04213	LOC127066507
vv	map04218	LOC127066507
vv	map04922	LOC127066507
vv	map05031	LOC127066507
vv	map05206	LOC127066507
vv	map04150	LOC127066515
vv	map04310	LOC127066515
vv	map04390	LOC127066515
vv	map04550	LOC127066515
vv	map04916	LOC127066515
vv	map04934	LOC127066515
vv	map05165	LOC127066515
vv	map05166	LOC127066515
vv	map05200	LOC127066515
vv	map05205	LOC127066515
vv	map05217	LOC127066515
vv	map05224	LOC127066515
vv	map05225	LOC127066515
vv	map05226	LOC127066515
vv	map00562	LOC127066518
vv	map01100	LOC127066518
vv	map04015	LOC127066518
vv	map04020	LOC127066518
vv	map04022	LOC127066518
vv	map04062	LOC127066518
vv	map04070	LOC127066518
vv	map04071	LOC127066518
vv	map04072	LOC127066518
vv	map04261	LOC127066518
vv	map04270	LOC127066518
vv	map04310	LOC127066518
vv	map04371	LOC127066518
vv	map04540	LOC127066518
vv	map04611	LOC127066518
vv	map04621	LOC127066518
vv	map04713	LOC127066518
vv	map04720	LOC127066518
vv	map04723	LOC127066518
vv	map04724	LOC127066518
vv	map04725	LOC127066518
vv	map04726	LOC127066518
vv	map04728	LOC127066518
vv	map04730	LOC127066518
vv	map04745	LOC127066518
vv	map04750	LOC127066518
vv	map04911	LOC127066518
vv	map04912	LOC127066518
vv	map04915	LOC127066518
vv	map04916	LOC127066518
vv	map04918	LOC127066518
vv	map04919	LOC127066518
vv	map04921	LOC127066518
vv	map04922	LOC127066518
vv	map04924	LOC127066518
vv	map04925	LOC127066518
vv	map04926	LOC127066518
vv	map04927	LOC127066518
vv	map04933	LOC127066518
vv	map04934	LOC127066518
vv	map04961	LOC127066518
vv	map04970	LOC127066518
vv	map04971	LOC127066518
vv	map04972	LOC127066518
vv	map05010	LOC127066518
vv	map05016	LOC127066518
vv	map05142	LOC127066518
vv	map05143	LOC127066518
vv	map05146	LOC127066518
vv	map05200	LOC127066518
vv	map04013	LOC127066524
vv	map04214	LOC127066524
vv	map04215	LOC127066524
vv	map04391	LOC127066524
vv	map05164	LOC127066528
vv	map00511	LOC127066531
vv	map04142	LOC127066531
vv	map04310	LOC127066536
vv	map00072	LOC127066537
vv	map00650	LOC127066537
vv	map01100	LOC127066537
vv	map04210	LOC127066539
vv	map05016	LOC127066542
vv	map00230	LOC127066544
vv	map01100	LOC127066544
vv	map04024	LOC127066544
vv	map04371	LOC127066544
vv	map04713	LOC127066544
vv	map04714	LOC127066544
vv	map04360	LOC127066545
vv	map00730	LOC127066546
vv	map00740	LOC127066546
vv	map01100	LOC127066546
vv	map03040	LOC127066548
vv	map00531	LOC127066549
vv	map01100	LOC127066549
vv	map04142	LOC127066549
vv	map00531	LOC127066551
vv	map01100	LOC127066551
vv	map04142	LOC127066551
vv	map03015	LOC127066553
vv	map00900	LOC127066555
vv	map01100	LOC127066555
vv	map01110	LOC127066555
vv	map01130	LOC127066555
vv	map04144	LOC127066556
vv	map04152	LOC127066556
vv	map04530	LOC127066556
vv	map04972	LOC127066556
vv	map00520	LOC127066560
vv	map00514	LOC127066565
vv	map00515	LOC127066565
vv	map01100	LOC127066565
vv	map00010	LOC127066566
vv	map00020	LOC127066566
vv	map00310	LOC127066566
vv	map00620	LOC127066566
vv	map01100	LOC127066566
vv	map01110	LOC127066566
vv	map01120	LOC127066566
vv	map01130	LOC127066566
vv	map01200	LOC127066566
vv	map04066	LOC127066566
vv	map04922	LOC127066566
vv	map05230	LOC127066566
vv	map04013	LOC127066569
vv	map04624	LOC127066569
vv	map04136	LOC127066573
vv	map04138	LOC127066573
vv	map04140	LOC127066573
vv	map03040	LOC127066575
vv	map04390	LOC127066588
vv	map04550	LOC127066588
vv	map04013	LOC127066608
vv	map04110	LOC127066609
vv	map04111	LOC127066609
vv	map04113	LOC127066609
vv	map04142	LOC127066613
vv	map04979	LOC127066613
vv	map04621	LOC127066614
vv	map05418	LOC127066614
vv	map00230	LOC127066616
vv	map01100	LOC127066616
vv	map01120	LOC127066616
vv	map04015	LOC127066616
vv	map04371	LOC127066616
vv	map04390	LOC127066616
vv	map04514	LOC127066616
vv	map04520	LOC127066616
vv	map05100	LOC127066616
vv	map05130	LOC127066616
vv	map05200	LOC127066616
vv	map05213	LOC127066616
vv	map05216	LOC127066616
vv	map05218	LOC127066616
vv	map05219	LOC127066616
vv	map05226	LOC127066616
vv	map03010	LOC127066618
vv	map03040	LOC127066619
vv	map04014	LOC127066622
vv	map04210	LOC127066622
vv	map04668	LOC127066622
vv	map03008	LOC127066623
vv	map04024	LOC127066624
vv	map04340	LOC127066624
vv	map04341	LOC127066624
vv	map04360	LOC127066624
vv	map05200	LOC127066624
vv	map05205	LOC127066624
vv	map05217	LOC127066624
vv	map04979	LOC127066628
vv	map04072	LOC127066629
vv	map04144	LOC127066629
vv	map04721	LOC127066629
vv	map04961	LOC127066629
vv	map05100	LOC127066629
vv	map00120	LOC127066630
vv	map01100	LOC127066630
vv	map04146	LOC127066630
vv	map03440	LOC127066632
vv	map03460	LOC127066632
vv	map04721	LOC127066635
vv	map04110	LOC127066636
vv	map04111	LOC127066636
vv	map04113	LOC127066636
vv	map03008	LOC127066639
vv	map00380	LOC127066643
vv	map00450	LOC127066643
vv	map01100	LOC127066643
vv	map05204	LOC127066643
vv	map03420	LOC127066646
vv	map00220	LOC127066648
vv	map00250	LOC127066648
vv	map01100	LOC127066648
vv	map01110	LOC127066648
vv	map01130	LOC127066648
vv	map01230	LOC127066648
vv	map05418	LOC127066648
vv	map03410	LOC127066649
vv	map03050	LOC127066650
vv	map05169	LOC127066650
vv	map05014	LOC127066654
vv	map00561	LOC127066655
vv	map00564	LOC127066655
vv	map01100	LOC127066655
vv	map01110	LOC127066655
vv	map04072	LOC127066655
vv	map04975	LOC127066655
vv	map03008	LOC127066656
vv	map04010	LOC127066658
vv	map04014	LOC127066658
vv	map04024	LOC127066658
vv	map04072	LOC127066658
vv	map04137	LOC127066658
vv	map04140	LOC127066658
vv	map04218	LOC127066658
vv	map04371	LOC127066658
vv	map04810	LOC127066658
vv	map05166	LOC127066658
vv	map05205	LOC127066658
vv	map03010	LOC127066662
vv	map04390	LOC127066663
vv	map04520	LOC127066663
vv	map04670	LOC127066663
vv	map05100	LOC127066663
vv	map05200	LOC127066663
vv	map05213	LOC127066663
vv	map05226	LOC127066663
vv	map05412	LOC127066663
vv	map04120	LOC127066670
vv	map04310	LOC127066673
vv	map04114	LOC127066682
vv	map03050	LOC127066683
vv	map05169	LOC127066683
vv	map00260	LOC127066687
vv	map00680	LOC127066687
vv	map01100	LOC127066687
vv	map01120	LOC127066687
vv	map01130	LOC127066687
vv	map01200	LOC127066687
vv	map01230	LOC127066687
vv	map04146	LOC127066690
vv	map05165	LOC127066691
vv	map04146	LOC127066692
vv	map04114	LOC127066693
vv	map04120	LOC127066693
vv	map04218	LOC127066693
vv	map04310	LOC127066693
vv	map04340	LOC127066693
vv	map04341	LOC127066693
vv	map04390	LOC127066693
vv	map04624	LOC127066693
vv	map04710	LOC127066693
vv	map05131	LOC127066693
vv	map04010	LOC127066703
vv	map04014	LOC127066703
vv	map04015	LOC127066703
vv	map04022	LOC127066703
vv	map04066	LOC127066703
vv	map04068	LOC127066703
vv	map04072	LOC127066703
vv	map04150	LOC127066703
vv	map04151	LOC127066703
vv	map04152	LOC127066703
vv	map04211	LOC127066703
vv	map04212	LOC127066703
vv	map04213	LOC127066703
vv	map04520	LOC127066703
vv	map04910	LOC127066703
vv	map04913	LOC127066703
vv	map04923	LOC127066703
vv	map04930	LOC127066703
vv	map04931	LOC127066703
vv	map04932	LOC127066703
vv	map04960	LOC127066703
vv	map03013	LOC127066705
vv	map04010	LOC127066706
vv	map04151	LOC127066706
vv	map04925	LOC127066706
vv	map04927	LOC127066706
vv	map04934	LOC127066706
vv	map05231	LOC127066708
vv	map00130	LOC127066709
vv	map00360	LOC127066709
vv	map00940	LOC127066709
vv	map01100	LOC127066709
vv	map01110	LOC127066709
vv	map03440	LOC127066710
vv	map03460	LOC127066710
vv	map03013	LOC127066712
vv	map05134	LOC127066712
vv	map00730	LOC127066713
vv	map01100	LOC127066713
vv	map04122	LOC127066713
vv	map03010	LOC127066720
vv	map04614	LOC127066720
vv	map00561	LOC127066721
vv	map00564	LOC127066721
vv	map01110	LOC127066721
vv	map00790	LOC127066722
vv	map01100	LOC127066722
vv	map00561	LOC127066729
vv	map01100	LOC127066729
vv	map04972	LOC127066729
vv	map04975	LOC127066729
vv	map04977	LOC127066729
vv	map00020	LOC127066732
vv	map00620	LOC127066732
vv	map00720	LOC127066732
vv	map01100	LOC127066732
vv	map01120	LOC127066732
vv	map01200	LOC127066732
vv	map01230	LOC127066732
vv	map04068	LOC127066733
vv	map04137	LOC127066733
vv	map04140	LOC127066733
vv	map05134	LOC127066733
vv	map05200	LOC127066734
vv	map05223	LOC127066734
vv	map00280	LOC127066736
vv	map00410	LOC127066736
vv	map00562	LOC127066736
vv	map00640	LOC127066736
vv	map01100	LOC127066736
vv	map01200	LOC127066736
vv	map04218	LOC127066738
vv	map05166	LOC127066738
vv	map05167	LOC127066738
vv	map01040	LOC127066740
vv	map01212	LOC127066740
vv	map03320	LOC127066740
vv	map04152	LOC127066740
vv	map04212	LOC127066740
vv	map03440	LOC127066741
vv	map01040	LOC127066742
vv	map01212	LOC127066742
vv	map03320	LOC127066742
vv	map04152	LOC127066742
vv	map04212	LOC127066742
vv	map01040	LOC127066743
vv	map01212	LOC127066743
vv	map03320	LOC127066743
vv	map04152	LOC127066743
vv	map04212	LOC127066743
vv	map01040	LOC127066744
vv	map01212	LOC127066744
vv	map03320	LOC127066744
vv	map04152	LOC127066744
vv	map04212	LOC127066744
vv	map01521	LOC127066747
vv	map03013	LOC127066747
vv	map04066	LOC127066747
vv	map04150	LOC127066747
vv	map04151	LOC127066747
vv	map04211	LOC127066747
vv	map04910	LOC127066747
vv	map04062	LOC127066759
vv	map05100	LOC127066759
vv	map05131	LOC127066759
vv	map03013	LOC127066761
vv	map03040	LOC127066761
vv	map00511	LOC127066768
vv	map00513	LOC127066768
vv	map01100	LOC127066768
vv	map04120	LOC127066768
vv	map04144	LOC127066768
vv	map04340	LOC127066768
vv	map04341	LOC127066768
vv	map04350	LOC127066768
vv	map01521	LOC127066770
vv	map01522	LOC127066770
vv	map04012	LOC127066770
vv	map04066	LOC127066770
vv	map04140	LOC127066770
vv	map04150	LOC127066770
vv	map04151	LOC127066770
vv	map04152	LOC127066770
vv	map04211	LOC127066770
vv	map04212	LOC127066770
vv	map04213	LOC127066770
vv	map04350	LOC127066770
vv	map04371	LOC127066770
vv	map04666	LOC127066770
vv	map04714	LOC127066770
vv	map04910	LOC127066770
vv	map04931	LOC127066770
vv	map05165	LOC127066770
vv	map05200	LOC127066770
vv	map05205	LOC127066770
vv	map05210	LOC127066770
vv	map05212	LOC127066770
vv	map05221	LOC127066770
vv	map05224	LOC127066770
vv	map05225	LOC127066770
vv	map05226	LOC127066770
vv	map05231	LOC127066770
vv	map04020	LOC127066774
vv	map04024	LOC127066774
vv	map04611	LOC127066774
vv	map04924	LOC127066774
vv	map04925	LOC127066774
vv	map04927	LOC127066774
vv	map04934	LOC127066774
vv	map05340	LOC127066774
vv	map04144	LOC127066776
vv	map04212	LOC127066776
vv	map04142	LOC127066779
vv	map05205	LOC127066779
vv	map03013	LOC127066784
vv	map05130	LOC127066790
vv	map04120	LOC127066791
vv	map04340	LOC127066791
vv	map04341	LOC127066791
vv	map04340	LOC127066792
vv	map04110	LOC127066793
vv	map04111	LOC127066793
vv	map04113	LOC127066793
vv	map04114	LOC127066793
vv	map00010	LOC127066799
vv	map00053	LOC127066799
vv	map00071	LOC127066799
vv	map00260	LOC127066799
vv	map00280	LOC127066799
vv	map00310	LOC127066799
vv	map00330	LOC127066799
vv	map00340	LOC127066799
vv	map00380	LOC127066799
vv	map00410	LOC127066799
vv	map00561	LOC127066799
vv	map00620	LOC127066799
vv	map01100	LOC127066799
vv	map01110	LOC127066799
vv	map01120	LOC127066799
vv	map01130	LOC127066799
vv	map00020	LOC127066801
vv	map00480	LOC127066801
vv	map00720	LOC127066801
vv	map01100	LOC127066801
vv	map01110	LOC127066801
vv	map01120	LOC127066801
vv	map01130	LOC127066801
vv	map01200	LOC127066801
vv	map01210	LOC127066801
vv	map01230	LOC127066801
vv	map04146	LOC127066801
vv	map00190	LOC127066804
vv	map00860	LOC127066804
vv	map01100	LOC127066804
vv	map01110	LOC127066804
vv	map04714	LOC127066804
vv	map00230	LOC127066806
vv	map00051	LOC127066807
vv	map00520	LOC127066807
vv	map01100	LOC127066807
vv	map01110	LOC127066807
vv	map00563	LOC127066809
vv	map01100	LOC127066809
vv	map04110	LOC127066813
vv	map04111	LOC127066813
vv	map04113	LOC127066813
vv	map04114	LOC127066813
vv	map04914	LOC127066813
vv	map05166	LOC127066813
vv	map03420	LOC127066814
vv	map04120	LOC127066815
vv	map05012	LOC127066815
vv	map04210	LOC127066822
vv	map04144	LOC127066823
vv	map04350	LOC127066823
vv	map04210	LOC127066824
vv	map03040	LOC127066826
vv	map04068	LOC127066827
vv	map04144	LOC127066827
vv	map03440	LOC127066830
vv	map03450	LOC127066830
vv	map04218	LOC127066830
vv	map04350	LOC127066832
vv	map04390	LOC127066832
vv	map00040	LOC127066834
vv	map01100	LOC127066834
vv	map04110	LOC127066837
vv	map04111	LOC127066837
vv	map04113	LOC127066837
vv	map04512	LOC127066838
vv	map04340	LOC127066846
vv	map04341	LOC127066846
vv	map00900	LOC127066849
vv	map01110	LOC127066849
vv	map03013	LOC127066851
vv	map03410	LOC127066854
vv	map04140	LOC127066854
vv	map04217	LOC127066854
vv	map04010	LOC127066859
vv	map04013	LOC127066859
vv	map04014	LOC127066859
vv	map04015	LOC127066859
vv	map04024	LOC127066859
vv	map04062	LOC127066859
vv	map04071	LOC127066859
vv	map04145	LOC127066859
vv	map04151	LOC127066859
vv	map04310	LOC127066859
vv	map04360	LOC127066859
vv	map04370	LOC127066859
vv	map04380	LOC127066859
vv	map04510	LOC127066859
vv	map04520	LOC127066859
vv	map04530	LOC127066859
vv	map04620	LOC127066859
vv	map04650	LOC127066859
vv	map04662	LOC127066859
vv	map04664	LOC127066859
vv	map04666	LOC127066859
vv	map04670	LOC127066859
vv	map04722	LOC127066859
vv	map04810	LOC127066859
vv	map04932	LOC127066859
vv	map04933	LOC127066859
vv	map04972	LOC127066859
vv	map05014	LOC127066859
vv	map05100	LOC127066859
vv	map05120	LOC127066859
vv	map05131	LOC127066859
vv	map05132	LOC127066859
vv	map05167	LOC127066859
vv	map05200	LOC127066859
vv	map05203	LOC127066859
vv	map05205	LOC127066859
vv	map05210	LOC127066859
vv	map05211	LOC127066859
vv	map05212	LOC127066859
vv	map05231	LOC127066859
vv	map05416	LOC127066859
vv	map05418	LOC127066859
vv	map00030	LOC127066865
vv	map00710	LOC127066865
vv	map01100	LOC127066865
vv	map01110	LOC127066865
vv	map01120	LOC127066865
vv	map01130	LOC127066865
vv	map01200	LOC127066865
vv	map01230	LOC127066865
vv	map04714	LOC127066873
vv	map05225	LOC127066873
vv	map04142	LOC127066875
vv	map04640	LOC127066877
vv	map04136	LOC127066878
vv	map04137	LOC127066878
vv	map04138	LOC127066878
vv	map04139	LOC127066878
vv	map04140	LOC127066878
vv	map04150	LOC127066878
vv	map04152	LOC127066878
vv	map04211	LOC127066878
vv	map04212	LOC127066878
vv	map03013	LOC127066879
vv	map00511	LOC127066885
vv	map00600	LOC127066885
vv	map01100	LOC127066885
vv	map04142	LOC127066885
vv	map00073	LOC127066888
vv	map04146	LOC127066888
vv	map04212	LOC127066888
vv	map00830	LOC127066893
vv	map01100	LOC127066893
vv	map00521	LOC127066894
vv	map00562	LOC127066894
vv	map01100	LOC127066894
vv	map04070	LOC127066894
vv	map00521	LOC127066896
vv	map00562	LOC127066896
vv	map01100	LOC127066896
vv	map04070	LOC127066896
vv	map00053	LOC127066897
vv	map00521	LOC127066897
vv	map00562	LOC127066897
vv	map01100	LOC127066897
vv	map01110	LOC127066897
vv	map04070	LOC127066897
vv	map00190	LOC127066903
vv	map01100	LOC127066903
vv	map04714	LOC127066903
vv	map04723	LOC127066903
vv	map04932	LOC127066903
vv	map05010	LOC127066903
vv	map05012	LOC127066903
vv	map05016	LOC127066903
vv	map04080	LOC127066904
vv	map04214	LOC127066904
vv	map04979	LOC127066904
vv	map05166	LOC127066904
vv	map04350	LOC127066905
vv	map04138	LOC127066910
vv	map04140	LOC127066910
vv	map04141	LOC127066910
vv	map05160	LOC127066910
vv	map05162	LOC127066910
vv	map05164	LOC127066910
vv	map05168	LOC127066910
vv	map05169	LOC127066910
vv	map00970	LOC127066912
vv	map04390	LOC127066916
vv	map04520	LOC127066916
vv	map00514	LOC127066917
vv	map00563	LOC127066918
vv	map01100	LOC127066918
vv	map00230	LOC127066922
vv	map00240	LOC127066922
vv	map00983	LOC127066922
vv	map01100	LOC127066922
vv	map01110	LOC127066922
vv	map01130	LOC127066922
vv	map04016	LOC127066922
vv	map03050	LOC127066923
vv	map00970	LOC127066925
vv	map04110	LOC127066929
vv	map04111	LOC127066929
vv	map04113	LOC127066929
vv	map04114	LOC127066929
vv	map04080	LOC127066930
vv	map04724	LOC127066930
vv	map04115	LOC127066931
vv	map04150	LOC127066931
vv	map04211	LOC127066931
vv	map00010	LOC127066933
vv	map00051	LOC127066933
vv	map00052	LOC127066933
vv	map00500	LOC127066933
vv	map00520	LOC127066933
vv	map00521	LOC127066933
vv	map00524	LOC127066933
vv	map01100	LOC127066933
vv	map01110	LOC127066933
vv	map01120	LOC127066933
vv	map01130	LOC127066933
vv	map01200	LOC127066933
vv	map04066	LOC127066933
vv	map04910	LOC127066933
vv	map04911	LOC127066933
vv	map04917	LOC127066933
vv	map04922	LOC127066933
vv	map04930	LOC127066933
vv	map04950	LOC127066933
vv	map04973	LOC127066933
vv	map05230	LOC127066933
vv	map00562	LOC127066937
vv	map01100	LOC127066937
vv	map04070	LOC127066937
vv	map04140	LOC127066937
vv	map00230	LOC127066938
vv	map00240	LOC127066938
vv	map01100	LOC127066938
vv	map03020	LOC127066938
vv	map05016	LOC127066938
vv	map05169	LOC127066938
vv	map03060	LOC127066939
vv	map04120	LOC127066941
vv	map03460	LOC127066942
vv	map04136	LOC127066943
vv	map04138	LOC127066943
vv	map04140	LOC127066943
vv	map04150	LOC127066943
vv	map04151	LOC127066943
vv	map04152	LOC127066943
vv	map04211	LOC127066943
vv	map04213	LOC127066943
vv	map04714	LOC127066943
vv	map04910	LOC127066943
vv	map05206	LOC127066943
vv	map00562	LOC127066946
vv	map01100	LOC127066946
vv	map04070	LOC127066946
vv	map05164	LOC127066949
vv	map04320	LOC127066950
vv	map00440	LOC127066953
vv	map00564	LOC127066953
vv	map00565	LOC127066953
vv	map01100	LOC127066953
vv	map01110	LOC127066953
vv	map00561	LOC127066955
vv	map00564	LOC127066955
vv	map00565	LOC127066955
vv	map00600	LOC127066955
vv	map01100	LOC127066955
vv	map01110	LOC127066955
vv	map04072	LOC127066955
vv	map04666	LOC127066955
vv	map04975	LOC127066955
vv	map05231	LOC127066955
vv	map01521	LOC127066966
vv	map01522	LOC127066966
vv	map04012	LOC127066966
vv	map04066	LOC127066966
vv	map04140	LOC127066966
vv	map04150	LOC127066966
vv	map04151	LOC127066966
vv	map04152	LOC127066966
vv	map04211	LOC127066966
vv	map04212	LOC127066966
vv	map04213	LOC127066966
vv	map04350	LOC127066966
vv	map04371	LOC127066966
vv	map04666	LOC127066966
vv	map04714	LOC127066966
vv	map04910	LOC127066966
vv	map04931	LOC127066966
vv	map05165	LOC127066966
vv	map05200	LOC127066966
vv	map05205	LOC127066966
vv	map05210	LOC127066966
vv	map05212	LOC127066966
vv	map05221	LOC127066966
vv	map05224	LOC127066966
vv	map05225	LOC127066966
vv	map05226	LOC127066966
vv	map05231	LOC127066966
vv	map00562	LOC127066969
vv	map01100	LOC127066969
vv	map04070	LOC127066969
vv	map04138	LOC127066969
vv	map04141	LOC127066973
vv	map04145	LOC127066973
vv	map04612	LOC127066973
vv	map04918	LOC127066973
vv	map05166	LOC127066973
vv	map03008	LOC127066977
vv	map04142	LOC127066980
vv	map04144	LOC127066983
vv	map04217	LOC127066983
vv	map04330	LOC127066984
vv	map03015	LOC127066986
vv	map04022	LOC127066986
vv	map04024	LOC127066986
vv	map04113	LOC127066986
vv	map04114	LOC127066986
vv	map04218	LOC127066986
vv	map04261	LOC127066986
vv	map04270	LOC127066986
vv	map04390	LOC127066986
vv	map04510	LOC127066986
vv	map04611	LOC127066986
vv	map04720	LOC127066986
vv	map04728	LOC127066986
vv	map04750	LOC127066986
vv	map04810	LOC127066986
vv	map04910	LOC127066986
vv	map04921	LOC127066986
vv	map04931	LOC127066986
vv	map05031	LOC127066986
vv	map05034	LOC127066986
vv	map05168	LOC127066986
vv	map05205	LOC127066986
vv	map00030	LOC127066988
vv	map05166	LOC127066992
vv	map05203	LOC127066992
vv	map04141	LOC127066993
vv	map00100	LOC127066995
vv	map01100	LOC127066995
vv	map01130	LOC127066995
vv	map03008	LOC127066999
vv	map03420	LOC127067002
vv	map04014	LOC127067002
vv	map04015	LOC127067002
vv	map04072	LOC127067002
vv	map04141	LOC127067002
vv	map05200	LOC127067002
vv	map05210	LOC127067002
vv	map05212	LOC127067002
vv	map05231	LOC127067002
vv	map00230	LOC127067004
vv	map00670	LOC127067004
vv	map01100	LOC127067004
vv	map01110	LOC127067004
vv	map01130	LOC127067004
vv	map01523	LOC127067004
vv	map02024	LOC127067006
vv	map03060	LOC127067006
vv	map03070	LOC127067006
vv	map00230	LOC127067009
vv	map02025	LOC127067009
vv	map04113	LOC127067009
vv	map04213	LOC127067009
vv	map04390	LOC127067009
vv	map04391	LOC127067009
vv	map04530	LOC127067009
vv	map04621	LOC127067009
vv	map05165	LOC127067009
vv	map05203	LOC127067009
vv	map04072	LOC127067011
vv	map04080	LOC127067011
vv	map04724	LOC127067011
vv	map05030	LOC127067011
vv	map00600	LOC127067013
vv	map04136	LOC127067014
vv	map04138	LOC127067014
vv	map04140	LOC127067014
vv	map00280	LOC127067015
vv	map00640	LOC127067015
vv	map01100	LOC127067015
vv	map01110	LOC127067015
vv	map01130	LOC127067015
vv	map00450	LOC127067017
vv	map01100	LOC127067017
vv	map00230	LOC127067019
vv	map00730	LOC127067019
vv	map01100	LOC127067019
vv	map01110	LOC127067019
vv	map01130	LOC127067019
vv	map00750	LOC127067020
vv	map01100	LOC127067020
vv	map01120	LOC127067020
vv	map04144	LOC127067020
vv	map04666	LOC127067020
vv	map04810	LOC127067020
vv	map05100	LOC127067020
vv	map05130	LOC127067020
vv	map05131	LOC127067020
vv	map05132	LOC127067020
vv	map00520	LOC127067025
vv	map04726	LOC127067026
vv	map04911	LOC127067026
vv	map04970	LOC127067026
vv	map04974	LOC127067026
vv	map04976	LOC127067026
vv	map05030	LOC127067028
vv	map00450	LOC127067035
vv	map00970	LOC127067035
vv	map04015	LOC127067037
vv	map04145	LOC127067037
vv	map04151	LOC127067037
vv	map04360	LOC127067037
vv	map04380	LOC127067037
vv	map04390	LOC127067037
vv	map04510	LOC127067037
vv	map04512	LOC127067037
vv	map04514	LOC127067037
vv	map04530	LOC127067037
vv	map04610	LOC127067037
vv	map04611	LOC127067037
vv	map04640	LOC127067037
vv	map04650	LOC127067037
vv	map04670	LOC127067037
vv	map04810	LOC127067037
vv	map04919	LOC127067037
vv	map05100	LOC127067037
vv	map05130	LOC127067037
vv	map05131	LOC127067037
vv	map05133	LOC127067037
vv	map05134	LOC127067037
vv	map05140	LOC127067037
vv	map05144	LOC127067037
vv	map05145	LOC127067037
vv	map05146	LOC127067037
vv	map05150	LOC127067037
vv	map05152	LOC127067037
vv	map05165	LOC127067037
vv	map05166	LOC127067037
vv	map05200	LOC127067037
vv	map05205	LOC127067037
vv	map05206	LOC127067037
vv	map05222	LOC127067037
vv	map05323	LOC127067037
vv	map05410	LOC127067037
vv	map05412	LOC127067037
vv	map05414	LOC127067037
vv	map05416	LOC127067037
vv	map05418	LOC127067037
vv	map04010	LOC127067038
vv	map04013	LOC127067038
vv	map04214	LOC127067038
vv	map04110	LOC127067039
vv	map04111	LOC127067039
vv	map04113	LOC127067039
vv	map04114	LOC127067039
vv	map04120	LOC127067039
vv	map04914	LOC127067039
vv	map05166	LOC127067039
vv	map00534	LOC127067042
vv	map03013	LOC127067043
vv	map05169	LOC127067043
vv	map04350	LOC127067049
vv	map04138	LOC127067052
vv	map00520	LOC127067053
vv	map04138	LOC127067053
vv	map04550	LOC127067053
vv	map04950	LOC127067053
vv	map04727	LOC127067054
vv	map04013	LOC127067057
vv	map04120	LOC127067057
vv	map04141	LOC127067057
vv	map04624	LOC127067057
vv	map04145	LOC127067058
vv	map04151	LOC127067058
vv	map04510	LOC127067058
vv	map04512	LOC127067058
vv	map04514	LOC127067058
vv	map04640	LOC127067058
vv	map04810	LOC127067058
vv	map04919	LOC127067058
vv	map05100	LOC127067058
vv	map05131	LOC127067058
vv	map05133	LOC127067058
vv	map05165	LOC127067058
vv	map05200	LOC127067058
vv	map05205	LOC127067058
vv	map05206	LOC127067058
vv	map05222	LOC127067058
vv	map05410	LOC127067058
vv	map05412	LOC127067058
vv	map05414	LOC127067058
vv	map05418	LOC127067058
vv	map03018	LOC127067059
vv	map00512	LOC127067060
vv	map01100	LOC127067060
vv	map00500	LOC127067063
vv	map01100	LOC127067063
vv	map04973	LOC127067063
vv	map04080	LOC127067073
vv	map04724	LOC127067073
vv	map03440	LOC127067074
vv	map05226	LOC127067074
vv	map04390	LOC127067076
vv	map04391	LOC127067076
vv	map04392	LOC127067076
vv	map04010	LOC127067077
vv	map04214	LOC127067077
vv	map04390	LOC127067077
vv	map04391	LOC127067077
vv	map04392	LOC127067077
vv	map04115	LOC127067080
vv	map04150	LOC127067080
vv	map04211	LOC127067080
vv	map00071	LOC127067083
vv	map04146	LOC127067083
vv	map03010	LOC127067084
vv	map04350	LOC127067096
vv	map00563	LOC127067097
vv	map01100	LOC127067097
vv	map00010	LOC127067100
vv	map00052	LOC127067100
vv	map01100	LOC127067100
vv	map01110	LOC127067100
vv	map01120	LOC127067100
vv	map01130	LOC127067100
vv	map04111	LOC127067103
vv	map00562	LOC127067104
vv	map01100	LOC127067104
vv	map04070	LOC127067104
vv	map04015	LOC127067114
vv	map04022	LOC127067114
vv	map04024	LOC127067114
vv	map04062	LOC127067114
vv	map04071	LOC127067114
vv	map04261	LOC127067114
vv	map04360	LOC127067114
vv	map04371	LOC127067114
vv	map04540	LOC127067114
vv	map04611	LOC127067114
vv	map04670	LOC127067114
vv	map04713	LOC127067114
vv	map04723	LOC127067114
vv	map04724	LOC127067114
vv	map04725	LOC127067114
vv	map04726	LOC127067114
vv	map04727	LOC127067114
vv	map04728	LOC127067114
vv	map04730	LOC127067114
vv	map04914	LOC127067114
vv	map04915	LOC127067114
vv	map04916	LOC127067114
vv	map04921	LOC127067114
vv	map04923	LOC127067114
vv	map04924	LOC127067114
vv	map04926	LOC127067114
vv	map04934	LOC127067114
vv	map04971	LOC127067114
vv	map05012	LOC127067114
vv	map05030	LOC127067114
vv	map05032	LOC127067114
vv	map05034	LOC127067114
vv	map05133	LOC127067114
vv	map05142	LOC127067114
vv	map05145	LOC127067114
vv	map05200	LOC127067114
vv	map00230	LOC127067115
vv	map00240	LOC127067115
vv	map01100	LOC127067115
vv	map03020	LOC127067115
vv	map04623	LOC127067115
vv	map05169	LOC127067115
vv	map00190	LOC127067118
vv	map01100	LOC127067118
vv	map04714	LOC127067118
vv	map04723	LOC127067118
vv	map04932	LOC127067118
vv	map05010	LOC127067118
vv	map05012	LOC127067118
vv	map05016	LOC127067118
vv	map04012	LOC127067121
vv	map04014	LOC127067121
vv	map04360	LOC127067121
vv	map04510	LOC127067121
vv	map04660	LOC127067121
vv	map04810	LOC127067121
vv	map05206	LOC127067121
vv	map05211	LOC127067121
vv	map04144	LOC127067123
vv	map04144	LOC127067126
vv	map04120	LOC127067128
vv	map00240	LOC127067134
vv	map00600	LOC127067137
vv	map01100	LOC127067137
vv	map04071	LOC127067137
vv	map04138	LOC127067137
vv	map00062	LOC127067139
vv	map01040	LOC127067139
vv	map01110	LOC127067139
vv	map01212	LOC127067139
vv	map03010	LOC127067144
vv	map04020	LOC127067147
vv	map04080	LOC127067147
vv	map04140	LOC127067147
vv	map04152	LOC127067147
vv	map04211	LOC127067147
vv	map04611	LOC127067147
vv	map04920	LOC127067147
vv	map04921	LOC127067147
vv	map05034	LOC127067147
vv	map00531	LOC127067148
vv	map01100	LOC127067148
vv	map04142	LOC127067148
vv	map00630	LOC127067154
vv	map00981	LOC127067154
vv	map01100	LOC127067154
vv	map01110	LOC127067154
vv	map01130	LOC127067154
vv	map01200	LOC127067154
vv	map04068	LOC127067158
vv	map04110	LOC127067158
vv	map04114	LOC127067158
vv	map04914	LOC127067158
vv	map00534	LOC127067160
vv	map01100	LOC127067160
vv	map04745	LOC127067164
vv	map00230	LOC127067165
vv	map04024	LOC127067165
vv	map04371	LOC127067165
vv	map04713	LOC127067165
vv	map04714	LOC127067165
vv	map05168	LOC127067167
vv	map05203	LOC127067167
vv	map00564	LOC127067169
vv	map05231	LOC127067169
vv	map00230	LOC127067172
vv	map04024	LOC127067172
vv	map04371	LOC127067172
vv	map04713	LOC127067172
vv	map04714	LOC127067172
vv	map00230	LOC127067173
vv	map04024	LOC127067173
vv	map04371	LOC127067173
vv	map04713	LOC127067173
vv	map04714	LOC127067173
vv	map00410	LOC127067174
vv	map00640	LOC127067174
vv	map01100	LOC127067174
vv	map04146	LOC127067174
vv	map04152	LOC127067174
vv	map00230	LOC127067175
vv	map04024	LOC127067175
vv	map04371	LOC127067175
vv	map04713	LOC127067175
vv	map04714	LOC127067175
vv	map00051	LOC127067180
vv	map00561	LOC127067180
vv	map00680	LOC127067180
vv	map01100	LOC127067180
vv	map01120	LOC127067180
vv	map01200	LOC127067180
vv	map04622	LOC127067180
vv	map00220	LOC127067181
vv	map00250	LOC127067181
vv	map01100	LOC127067181
vv	map01110	LOC127067181
vv	map01130	LOC127067181
vv	map01230	LOC127067181
vv	map04062	LOC127067182
vv	map04144	LOC127067182
vv	map04520	LOC127067182
vv	map04530	LOC127067182
vv	map04666	LOC127067182
vv	map04810	LOC127067182
vv	map05100	LOC127067182
vv	map05130	LOC127067182
vv	map05131	LOC127067182
vv	map05132	LOC127067182
vv	map05231	LOC127067182
vv	map03018	LOC127067183
vv	map00062	LOC127067188
vv	map00140	LOC127067188
vv	map01040	LOC127067188
vv	map01100	LOC127067188
vv	map01110	LOC127067188
vv	map01212	LOC127067188
vv	map04310	LOC127067192
vv	map04380	LOC127067192
vv	map03010	LOC127067193
vv	map04977	LOC127067197
vv	map00512	LOC127067198
vv	map01100	LOC127067198
vv	map01521	LOC127067205
vv	map04010	LOC127067205
vv	map04014	LOC127067205
vv	map04015	LOC127067205
vv	map04144	LOC127067205
vv	map04146	LOC127067205
vv	map04151	LOC127067205
vv	map04550	LOC127067205
vv	map04810	LOC127067205
vv	map05200	LOC127067205
vv	map05215	LOC127067205
vv	map05226	LOC127067205
vv	map05230	LOC127067205
vv	map04140	LOC127067206
vv	map04068	LOC127067207
vv	map04110	LOC127067207
vv	map04218	LOC127067207
vv	map04914	LOC127067207
vv	map00520	LOC127067212
vv	map01100	LOC127067212
vv	map04510	LOC127067214
vv	map04520	LOC127067214
vv	map04530	LOC127067214
vv	map04670	LOC127067214
vv	map04810	LOC127067214
vv	map05146	LOC127067214
vv	map05203	LOC127067214
vv	map05322	LOC127067214
vv	map05412	LOC127067214
vv	map04550	LOC127067217
vv	map04550	LOC127067223
vv	map04950	LOC127067223
vv	map00190	LOC127067225
vv	map01100	LOC127067225
vv	map04714	LOC127067225
vv	map05010	LOC127067225
vv	map05012	LOC127067225
vv	map05016	LOC127067225
vv	map04714	LOC127067227
vv	map04150	LOC127067228
vv	map04910	LOC127067231
vv	map00230	LOC127067235
vv	map00240	LOC127067235
vv	map00983	LOC127067235
vv	map01100	LOC127067235
vv	map01110	LOC127067235
vv	map01130	LOC127067235
vv	map04016	LOC127067235
vv	map04922	LOC127067236
vv	map04340	LOC127067243
vv	map04341	LOC127067243
vv	map03018	LOC127067246
vv	map00532	LOC127067253
vv	map00534	LOC127067253
vv	map01100	LOC127067253
vv	map01524	LOC127067255
vv	map03420	LOC127067255
vv	map03460	LOC127067255
vv	map01521	LOC127067260
vv	map01522	LOC127067260
vv	map04012	LOC127067260
vv	map04066	LOC127067260
vv	map04072	LOC127067260
vv	map04136	LOC127067260
vv	map04138	LOC127067260
vv	map04139	LOC127067260
vv	map04140	LOC127067260
vv	map04150	LOC127067260
vv	map04151	LOC127067260
vv	map04152	LOC127067260
vv	map04211	LOC127067260
vv	map04212	LOC127067260
vv	map04213	LOC127067260
vv	map04218	LOC127067260
vv	map04371	LOC127067260
vv	map04630	LOC127067260
vv	map04659	LOC127067260
vv	map04714	LOC127067260
vv	map04910	LOC127067260
vv	map04919	LOC127067260
vv	map04920	LOC127067260
vv	map04930	LOC127067260
vv	map04931	LOC127067260
vv	map05165	LOC127067260
vv	map05167	LOC127067260
vv	map05200	LOC127067260
vv	map05205	LOC127067260
vv	map05206	LOC127067260
vv	map05210	LOC127067260
vv	map05212	LOC127067260
vv	map05214	LOC127067260
vv	map05215	LOC127067260
vv	map05221	LOC127067260
vv	map05224	LOC127067260
vv	map05225	LOC127067260
vv	map05226	LOC127067260
vv	map05230	LOC127067260
vv	map05231	LOC127067260
vv	map05034	LOC127067261
vv	map05202	LOC127067261
vv	map05322	LOC127067261
vv	map00071	LOC127067265
vv	map00240	LOC127067266
vv	map00983	LOC127067266
vv	map01100	LOC127067266
vv	map04120	LOC127067268
vv	map04141	LOC127067268
vv	map04150	LOC127067269
vv	map05034	LOC127067270
vv	map05202	LOC127067270
vv	map05322	LOC127067270
vv	map03015	LOC127067271
vv	map05202	LOC127067275
vv	map00220	LOC127067276
vv	map00250	LOC127067276
vv	map00471	LOC127067276
vv	map00910	LOC127067276
vv	map01100	LOC127067276
vv	map01200	LOC127067276
vv	map04217	LOC127067276
vv	map04964	LOC127067276
vv	map05016	LOC127067281
vv	map03010	LOC127067282
vv	map03022	LOC127067284
vv	map00561	LOC127067292
vv	map00564	LOC127067292
vv	map01100	LOC127067292
vv	map01110	LOC127067292
vv	map03022	LOC127067294
vv	map03420	LOC127067294
vv	map00062	LOC127067295
vv	map01100	LOC127067295
vv	map01212	LOC127067295
vv	map04142	LOC127067295
vv	map00190	LOC127067299
vv	map01100	LOC127067299
vv	map04714	LOC127067299
vv	map04723	LOC127067299
vv	map04932	LOC127067299
vv	map05010	LOC127067299
vv	map05012	LOC127067299
vv	map05016	LOC127067299
vv	map00190	LOC127067300
vv	map01100	LOC127067300
vv	map04714	LOC127067300
vv	map03008	LOC127067304
vv	map04110	LOC127067306
vv	map04111	LOC127067306
vv	map04120	LOC127067306
vv	map04914	LOC127067306
vv	map00190	LOC127067310
vv	map01100	LOC127067310
vv	map04714	LOC127067310
vv	map04723	LOC127067310
vv	map04932	LOC127067310
vv	map05010	LOC127067310
vv	map05012	LOC127067310
vv	map05016	LOC127067310
vv	map04120	LOC127067311
vv	map00310	LOC127067314
vv	map00514	LOC127067314
vv	map04614	LOC127067317
vv	map04974	LOC127067319
vv	map03040	LOC127067320
vv	map00020	LOC127067321
vv	map00270	LOC127067321
vv	map00620	LOC127067321
vv	map00630	LOC127067321
vv	map00710	LOC127067321
vv	map01100	LOC127067321
vv	map01110	LOC127067321
vv	map01120	LOC127067321
vv	map01130	LOC127067321
vv	map01200	LOC127067321
vv	map03022	LOC127067322
vv	map03420	LOC127067322
vv	map03010	LOC127067329
vv	map04144	LOC127067330
vv	map04152	LOC127067330
vv	map04961	LOC127067330
vv	map04962	LOC127067330
vv	map04972	LOC127067330
vv	map03010	LOC127067331
vv	map00061	LOC127067332
vv	map00333	LOC127067332
vv	map01100	LOC127067332
vv	map01130	LOC127067332
vv	map01212	LOC127067332
vv	map00564	LOC127067334
vv	map01100	LOC127067334
vv	map04142	LOC127067336
vv	map05202	LOC127067336
vv	map05205	LOC127067336
vv	map04146	LOC127067337
vv	map04213	LOC127067337
vv	map05014	LOC127067337
vv	map05016	LOC127067337
vv	map05020	LOC127067337
vv	map04146	LOC127067338
vv	map04213	LOC127067338
vv	map05014	LOC127067338
vv	map05016	LOC127067338
vv	map05020	LOC127067338
vv	map03040	LOC127067339
vv	map05322	LOC127067339
vv	map04141	LOC127067347
vv	map01040	LOC127067355
vv	map01212	LOC127067355
vv	map03320	LOC127067355
vv	map04152	LOC127067355
vv	map04212	LOC127067355
vv	map01040	LOC127067356
vv	map01212	LOC127067356
vv	map03320	LOC127067356
vv	map04152	LOC127067356
vv	map04212	LOC127067356
vv	map04137	LOC127067360
vv	map04217	LOC127067360
vv	map04668	LOC127067360
vv	map03013	LOC127067366
vv	map03015	LOC127067366
vv	map00230	LOC127067367
vv	map00240	LOC127067367
vv	map01100	LOC127067367
vv	map03020	LOC127067367
vv	map04623	LOC127067367
vv	map05169	LOC127067367
vv	map04110	LOC127067369
vv	map04914	LOC127067369
vv	map05203	LOC127067369
vv	map05231	LOC127067371
vv	map00062	LOC127067372
vv	map01100	LOC127067372
vv	map01212	LOC127067372
vv	map04142	LOC127067372
vv	map00510	LOC127067381
vv	map00513	LOC127067381
vv	map01100	LOC127067381
vv	map00250	LOC127067395
vv	map00650	LOC127067395
vv	map01100	LOC127067395
vv	map01120	LOC127067395
vv	map03010	LOC127067396
vv	map00010	LOC127067402
vv	map01100	LOC127067402
vv	map01110	LOC127067402
vv	map01130	LOC127067402
vv	map01200	LOC127067402
vv	map00230	LOC127067404
vv	map00240	LOC127067404
vv	map01100	LOC127067404
vv	map03030	LOC127067404
vv	map03410	LOC127067404
vv	map03420	LOC127067404
vv	map03430	LOC127067404
vv	map03440	LOC127067404
vv	map05166	LOC127067404
vv	map04145	LOC127067416
vv	map04540	LOC127067416
vv	map05130	LOC127067416
vv	map00511	LOC127067421
vv	map00513	LOC127067421
vv	map00520	LOC127067421
vv	map00531	LOC127067421
vv	map00603	LOC127067421
vv	map00604	LOC127067421
vv	map01100	LOC127067421
vv	map04142	LOC127067421
vv	map00040	LOC127067430
vv	map00053	LOC127067430
vv	map00140	LOC127067430
vv	map00830	LOC127067430
vv	map00860	LOC127067430
vv	map00980	LOC127067430
vv	map00982	LOC127067430
vv	map00983	LOC127067430
vv	map01100	LOC127067430
vv	map01110	LOC127067430
vv	map05204	LOC127067430
vv	map00310	LOC127067431
vv	map04514	LOC127067432
vv	map04520	LOC127067432
vv	map04910	LOC127067432
vv	map04931	LOC127067432
vv	map00270	LOC127067434
vv	map01100	LOC127067434
vv	map05206	LOC127067434
vv	map03040	LOC127067435
vv	map05164	LOC127067435
vv	map03040	LOC127067436
vv	map03410	LOC127067437
vv	map04014	LOC127067438
vv	map04015	LOC127067438
vv	map04020	LOC127067438
vv	map04024	LOC127067438
vv	map04080	LOC127067438
vv	map04713	LOC127067438
vv	map04720	LOC127067438
vv	map04724	LOC127067438
vv	map05010	LOC127067438
vv	map05014	LOC127067438
vv	map05016	LOC127067438
vv	map05030	LOC127067438
vv	map05031	LOC127067438
vv	map05033	LOC127067438
vv	map05034	LOC127067438
vv	map00830	LOC127067440
vv	map01100	LOC127067440
vv	map04146	LOC127067440
vv	map03010	LOC127067442
vv	map04360	LOC127067443
vv	map04810	LOC127067443
vv	map00564	LOC127067445
vv	map00565	LOC127067445
vv	map00590	LOC127067445
vv	map00591	LOC127067445
vv	map00592	LOC127067445
vv	map01100	LOC127067445
vv	map01110	LOC127067445
vv	map04014	LOC127067445
vv	map04270	LOC127067445
vv	map04750	LOC127067445
vv	map04024	LOC127067456
vv	map01521	LOC127067458
vv	map01522	LOC127067458
vv	map04012	LOC127067458
vv	map04013	LOC127067458
vv	map04014	LOC127067458
vv	map04062	LOC127067458
vv	map04072	LOC127067458
vv	map04370	LOC127067458
vv	map04510	LOC127067458
vv	map04650	LOC127067458
vv	map04722	LOC127067458
vv	map04910	LOC127067458
vv	map04915	LOC127067458
vv	map04917	LOC127067458
vv	map04926	LOC127067458
vv	map05034	LOC127067458
vv	map05100	LOC127067458
vv	map05206	LOC127067458
vv	map05214	LOC127067458
vv	map05220	LOC127067458
vv	map05224	LOC127067458
vv	map05225	LOC127067458
vv	map05226	LOC127067458
vv	map04144	LOC127067459
vv	map04666	LOC127067459
vv	map00534	LOC127067460
vv	map04024	LOC127067461
vv	map04015	LOC127067464
vv	map04020	LOC127067464
vv	map04022	LOC127067464
vv	map04071	LOC127067464
vv	map04261	LOC127067464
vv	map04270	LOC127067464
vv	map04371	LOC127067464
vv	map04540	LOC127067464
vv	map04611	LOC127067464
vv	map04713	LOC127067464
vv	map04720	LOC127067464
vv	map04723	LOC127067464
vv	map04724	LOC127067464
vv	map04725	LOC127067464
vv	map04726	LOC127067464
vv	map04728	LOC127067464
vv	map04730	LOC127067464
vv	map04745	LOC127067464
vv	map04750	LOC127067464
vv	map04911	LOC127067464
vv	map04912	LOC127067464
vv	map04915	LOC127067464
vv	map04916	LOC127067464
vv	map04918	LOC127067464
vv	map04921	LOC127067464
vv	map04922	LOC127067464
vv	map04924	LOC127067464
vv	map04925	LOC127067464
vv	map04927	LOC127067464
vv	map04934	LOC127067464
vv	map04961	LOC127067464
vv	map04970	LOC127067464
vv	map04971	LOC127067464
vv	map04972	LOC127067464
vv	map05010	LOC127067464
vv	map05016	LOC127067464
vv	map05142	LOC127067464
vv	map05143	LOC127067464
vv	map05146	LOC127067464
vv	map05200	LOC127067464
vv	map03030	LOC127067470
vv	map03420	LOC127067470
vv	map03430	LOC127067470
vv	map00062	LOC127067473
vv	map01040	LOC127067473
vv	map01110	LOC127067473
vv	map01212	LOC127067473
vv	map02010	LOC127067475
vv	map04340	LOC127067477
vv	map04341	LOC127067477
vv	map04144	LOC127067484
vv	map00900	LOC127067492
vv	map00981	LOC127067492
vv	map01130	LOC127067492
vv	map00900	LOC127067495
vv	map01130	LOC127067495
vv	map02010	LOC127067505
vv	map04146	LOC127067505
vv	map00052	LOC127067512
vv	map00520	LOC127067512
vv	map01100	LOC127067512
vv	map03410	LOC127067513
vv	map00020	LOC127067514
vv	map00561	LOC127067514
vv	map00564	LOC127067514
vv	map00565	LOC127067514
vv	map00600	LOC127067514
vv	map00640	LOC127067514
vv	map01100	LOC127067514
vv	map01110	LOC127067514
vv	map01120	LOC127067514
vv	map01130	LOC127067514
vv	map01200	LOC127067514
vv	map04072	LOC127067514
vv	map04666	LOC127067514
vv	map04975	LOC127067514
vv	map05231	LOC127067514
vv	map00565	LOC127067516
vv	map04011	LOC127067519
vv	map04014	LOC127067519
vv	map04015	LOC127067519
vv	map04022	LOC127067519
vv	map04024	LOC127067519
vv	map04062	LOC127067519
vv	map04071	LOC127067519
vv	map04072	LOC127067519
vv	map04144	LOC127067519
vv	map04150	LOC127067519
vv	map04270	LOC127067519
vv	map04310	LOC127067519
vv	map04350	LOC127067519
vv	map04360	LOC127067519
vv	map04510	LOC127067519
vv	map04520	LOC127067519
vv	map04530	LOC127067519
vv	map04611	LOC127067519
vv	map04621	LOC127067519
vv	map04660	LOC127067519
vv	map04670	LOC127067519
vv	map04722	LOC127067519
vv	map04810	LOC127067519
vv	map04921	LOC127067519
vv	map04972	LOC127067519
vv	map05100	LOC127067519
vv	map05130	LOC127067519
vv	map05133	LOC127067519
vv	map05152	LOC127067519
vv	map05200	LOC127067519
vv	map05203	LOC127067519
vv	map05205	LOC127067519
vv	map05206	LOC127067519
vv	map05210	LOC127067519
vv	map05418	LOC127067519
vv	map00510	LOC127067526
vv	map00513	LOC127067526
vv	map01100	LOC127067526
vv	map03013	LOC127067527
vv	map03015	LOC127067527
vv	map03040	LOC127067527
vv	map03008	LOC127067534
vv	map05165	LOC127067541
vv	map04010	LOC127067544
vv	map00900	LOC127067546
vv	map01110	LOC127067546
vv	map03040	LOC127067549
vv	map03010	LOC127067550
vv	map03018	LOC127067555
vv	map03008	LOC127067559
vv	map03320	LOC127067566
vv	map04142	LOC127067566
vv	map04145	LOC127067566
vv	map04152	LOC127067566
vv	map04512	LOC127067566
vv	map04640	LOC127067566
vv	map04913	LOC127067566
vv	map04920	LOC127067566
vv	map04925	LOC127067566
vv	map04927	LOC127067566
vv	map04931	LOC127067566
vv	map04934	LOC127067566
vv	map04975	LOC127067566
vv	map04976	LOC127067566
vv	map04977	LOC127067566
vv	map04979	LOC127067566
vv	map05144	LOC127067566
vv	map05160	LOC127067566
vv	map04979	LOC127067571
vv	map04217	LOC127067578
vv	map05034	LOC127067578
vv	map05322	LOC127067578
vv	map00190	LOC127067579
vv	map01100	LOC127067579
vv	map04145	LOC127067579
vv	map04150	LOC127067579
vv	map04721	LOC127067579
vv	map04966	LOC127067579
vv	map05110	LOC127067579
vv	map05120	LOC127067579
vv	map05323	LOC127067579
vv	map02010	LOC127067584
vv	map00230	LOC127067585
vv	map01100	LOC127067585
vv	map04137	LOC127067588
vv	map02010	LOC127067589
vv	map03013	LOC127067591
vv	map03010	LOC127067595
vv	map01524	LOC127067599
vv	map04144	LOC127067600
vv	map04744	LOC127067602
vv	map05030	LOC127067602
vv	map00970	LOC127067604
vv	map00480	LOC127067606
vv	map00590	LOC127067606
vv	map04216	LOC127067606
vv	map04918	LOC127067606
vv	map00250	LOC127067614
vv	map00280	LOC127067614
vv	map00410	LOC127067614
vv	map00640	LOC127067614
vv	map00650	LOC127067614
vv	map01100	LOC127067614
vv	map01120	LOC127067614
vv	map04727	LOC127067614
vv	map04022	LOC127067616
vv	map04218	LOC127067616
vv	map04530	LOC127067616
vv	map04919	LOC127067616
vv	map04137	LOC127067622
vv	map04138	LOC127067622
vv	map04140	LOC127067622
vv	map04144	LOC127067622
vv	map04145	LOC127067622
vv	map05132	LOC127067622
vv	map05146	LOC127067622
vv	map05152	LOC127067622
vv	map04011	LOC127067630
vv	map04120	LOC127067630
vv	map04144	LOC127067630
vv	map04530	LOC127067630
vv	map04960	LOC127067630
vv	map05169	LOC127067630
vv	map04360	LOC127067632
vv	map04550	LOC127067633
vv	map04550	LOC127067634
vv	map04919	LOC127067637
vv	map05225	LOC127067640
vv	map04062	LOC127067641
vv	map04144	LOC127067641
vv	map04340	LOC127067641
vv	map04724	LOC127067641
vv	map04740	LOC127067641
vv	map04745	LOC127067641
vv	map05032	LOC127067641
vv	map04020	LOC127067643
vv	map04330	LOC127067643
vv	map04658	LOC127067643
vv	map05165	LOC127067643
vv	map05169	LOC127067643
vv	map05203	LOC127067643
vv	map00512	LOC127067646
vv	map01100	LOC127067646
vv	map00790	LOC127067647
vv	map00500	LOC127067652
vv	map01100	LOC127067652
vv	map04146	LOC127067653
vv	map04213	LOC127067653
vv	map05014	LOC127067653
vv	map05016	LOC127067653
vv	map05020	LOC127067653
vv	map00062	LOC127067658
vv	map00071	LOC127067658
vv	map00280	LOC127067658
vv	map00310	LOC127067658
vv	map00380	LOC127067658
vv	map00410	LOC127067658
vv	map00627	LOC127067658
vv	map00640	LOC127067658
vv	map00650	LOC127067658
vv	map00930	LOC127067658
vv	map01100	LOC127067658
vv	map01110	LOC127067658
vv	map01120	LOC127067658
vv	map01130	LOC127067658
vv	map01200	LOC127067658
vv	map01212	LOC127067658
vv	map03010	LOC127067659
vv	map03050	LOC127067661
vv	map04744	LOC127067665
vv	map03008	LOC127067676
vv	map04014	LOC127067681
vv	map00513	LOC127067684
vv	map01100	LOC127067684
vv	map03010	LOC127067690
vv	map00970	LOC127067691
vv	map01100	LOC127067691
vv	map03010	LOC127067691
vv	map04530	LOC127067698
vv	map04080	LOC127067703
vv	map04972	LOC127067703
vv	map04974	LOC127067703
vv	map05164	LOC127067703
vv	map00531	LOC127067713
vv	map01100	LOC127067713
vv	map04350	LOC127067713
vv	map00120	LOC127067714
vv	map01100	LOC127067714
vv	map04146	LOC127067714
vv	map03022	LOC127067720
vv	map00531	LOC127067721
vv	map01100	LOC127067721
vv	map04350	LOC127067721
vv	map03030	LOC127067722
vv	map04110	LOC127067722
vv	map04111	LOC127067722
vv	map04113	LOC127067722
vv	map04014	LOC127067723
vv	map00190	LOC127067726
vv	map01100	LOC127067726
vv	map04260	LOC127067726
vv	map04714	LOC127067726
vv	map04932	LOC127067726
vv	map05010	LOC127067726
vv	map05012	LOC127067726
vv	map05016	LOC127067726
vv	map00531	LOC127067727
vv	map01100	LOC127067727
vv	map04350	LOC127067727
vv	map00250	LOC127067728
vv	map04146	LOC127067728
vv	map01522	LOC127067729
vv	map04110	LOC127067729
vv	map04218	LOC127067729
vv	map04350	LOC127067729
vv	map04934	LOC127067729
vv	map05161	LOC127067729
vv	map05166	LOC127067729
vv	map05167	LOC127067729
vv	map05200	LOC127067729
vv	map05206	LOC127067729
vv	map05212	LOC127067729
vv	map05214	LOC127067729
vv	map05215	LOC127067729
vv	map05218	LOC127067729
vv	map05219	LOC127067729
vv	map05220	LOC127067729
vv	map05222	LOC127067729
vv	map05223	LOC127067729
vv	map05224	LOC127067729
vv	map05225	LOC127067729
vv	map05226	LOC127067729
vv	map04146	LOC127067731
vv	map00190	LOC127067732
vv	map01100	LOC127067732
vv	map04714	LOC127067732
vv	map05010	LOC127067732
vv	map05012	LOC127067732
vv	map05016	LOC127067732
vv	map04014	LOC127067733
vv	map03022	LOC127067734
vv	map05016	LOC127067734
vv	map05168	LOC127067734
vv	map03008	LOC127067735
vv	map03013	LOC127067735
vv	map03015	LOC127067735
vv	map03040	LOC127067735
vv	map03010	LOC127067736
vv	map04141	LOC127067741
vv	map04145	LOC127067741
vv	map04612	LOC127067741
vv	map05142	LOC127067741
vv	map05166	LOC127067741
vv	map04391	LOC127067747
vv	map04392	LOC127067747
vv	map04724	LOC127067748
vv	map05014	LOC127067748
vv	map03018	LOC127067754
vv	map04141	LOC127067762
vv	map00052	LOC127067763
vv	map00500	LOC127067763
vv	map00510	LOC127067763
vv	map01100	LOC127067763
vv	map04141	LOC127067763
vv	map00564	LOC127067766
vv	map04725	LOC127067766
vv	map03420	LOC127067767
vv	map00430	LOC127067768
vv	map00460	LOC127067768
vv	map00480	LOC127067768
vv	map00590	LOC127067768
vv	map01100	LOC127067768
vv	map04080	LOC127067769
vv	map04972	LOC127067769
vv	map04974	LOC127067769
vv	map05164	LOC127067769
vv	map04217	LOC127067776
vv	map04621	LOC127067776
vv	map05133	LOC127067776
vv	map05164	LOC127067776
vv	map03410	LOC127067778
vv	map03018	LOC127067779
vv	map03040	LOC127067779
vv	map04015	LOC127067797
vv	map04144	LOC127067797
vv	map04360	LOC127067797
vv	map04390	LOC127067797
vv	map04391	LOC127067797
vv	map04530	LOC127067797
vv	map05165	LOC127067797
vv	map04010	LOC127067800
vv	map04510	LOC127067800
vv	map05132	LOC127067800
vv	map05205	LOC127067800
vv	map04141	LOC127067802
vv	map00230	LOC127067803
vv	map00240	LOC127067803
vv	map00480	LOC127067803
vv	map00983	LOC127067803
vv	map01100	LOC127067803
vv	map00970	LOC127067804
vv	map01100	LOC127067804
vv	map03015	LOC127067806
vv	map04150	LOC127067810
vv	map04310	LOC127067810
vv	map05200	LOC127067810
vv	map05224	LOC127067810
vv	map05225	LOC127067810
vv	map05226	LOC127067810
vv	map00770	LOC127067811
vv	map01100	LOC127067811
vv	map00510	LOC127067812
vv	map00513	LOC127067812
vv	map01100	LOC127067812
vv	map03010	LOC127067816
vv	map00190	LOC127067821
vv	map01100	LOC127067821
vv	map04714	LOC127067821
vv	map04723	LOC127067821
vv	map04932	LOC127067821
vv	map05010	LOC127067821
vv	map05012	LOC127067821
vv	map05016	LOC127067821
vv	map04150	LOC127067826
vv	map00052	LOC127067827
vv	map00511	LOC127067827
vv	map00531	LOC127067827
vv	map00600	LOC127067827
vv	map00604	LOC127067827
vv	map01100	LOC127067827
vv	map04142	LOC127067827
vv	map03060	LOC127067834
vv	map00260	LOC127067836
vv	map00330	LOC127067836
vv	map00340	LOC127067836
vv	map00350	LOC127067836
vv	map00360	LOC127067836
vv	map00380	LOC127067836
vv	map00950	LOC127067836
vv	map00982	LOC127067836
vv	map01100	LOC127067836
vv	map01110	LOC127067836
vv	map04726	LOC127067836
vv	map04728	LOC127067836
vv	map05030	LOC127067836
vv	map05031	LOC127067836
vv	map05034	LOC127067836
vv	map03060	LOC127067837
vv	map04024	LOC127067840
vv	map04080	LOC127067840
vv	map04727	LOC127067840
vv	map04742	LOC127067840
vv	map04915	LOC127067840
vv	map05032	LOC127067840
vv	map00190	LOC127067841
vv	map04260	LOC127067841
vv	map04714	LOC127067841
vv	map04932	LOC127067841
vv	map05010	LOC127067841
vv	map05012	LOC127067841
vv	map05016	LOC127067841
vv	map04141	LOC127067845
vv	map04151	LOC127067845
vv	map04217	LOC127067845
vv	map04612	LOC127067845
vv	map04621	LOC127067845
vv	map04626	LOC127067845
vv	map04657	LOC127067845
vv	map04659	LOC127067845
vv	map04914	LOC127067845
vv	map04915	LOC127067845
vv	map05200	LOC127067845
vv	map05215	LOC127067845
vv	map05418	LOC127067845
vv	map03440	LOC127067847
vv	map03460	LOC127067847
vv	map03050	LOC127067849
vv	map05169	LOC127067849
vv	map01522	LOC127067866
vv	map04015	LOC127067866
vv	map04020	LOC127067866
vv	map04024	LOC127067866
vv	map04072	LOC127067866
vv	map04261	LOC127067866
vv	map04270	LOC127067866
vv	map04540	LOC127067866
vv	map04611	LOC127067866
vv	map04713	LOC127067866
vv	map04714	LOC127067866
vv	map04724	LOC127067866
vv	map04726	LOC127067866
vv	map04728	LOC127067866
vv	map04730	LOC127067866
vv	map04740	LOC127067866
vv	map04750	LOC127067866
vv	map04911	LOC127067866
vv	map04912	LOC127067866
vv	map04913	LOC127067866
vv	map04915	LOC127067866
vv	map04916	LOC127067866
vv	map04918	LOC127067866
vv	map04921	LOC127067866
vv	map04922	LOC127067866
vv	map04923	LOC127067866
vv	map04924	LOC127067866
vv	map04925	LOC127067866
vv	map04926	LOC127067866
vv	map04927	LOC127067866
vv	map04934	LOC127067866
vv	map04961	LOC127067866
vv	map04962	LOC127067866
vv	map04970	LOC127067866
vv	map04971	LOC127067866
vv	map04972	LOC127067866
vv	map04976	LOC127067866
vv	map05012	LOC127067866
vv	map05030	LOC127067866
vv	map05031	LOC127067866
vv	map05032	LOC127067866
vv	map05034	LOC127067866
vv	map05110	LOC127067866
vv	map05142	LOC127067866
vv	map05146	LOC127067866
vv	map05165	LOC127067866
vv	map05200	LOC127067866
vv	map05414	LOC127067866
vv	map03015	LOC127067867
vv	map04130	LOC127067869
vv	map04721	LOC127067869
vv	map04911	LOC127067869
vv	map05031	LOC127067869
vv	map03013	LOC127067870
vv	map04360	LOC127067871
vv	map04138	LOC127067873
vv	map00770	LOC127067874
vv	map01100	LOC127067874
vv	map04714	LOC127067876
vv	map00190	LOC127067878
vv	map01100	LOC127067878
vv	map04714	LOC127067878
vv	map04723	LOC127067878
vv	map04932	LOC127067878
vv	map05010	LOC127067878
vv	map05012	LOC127067878
vv	map05016	LOC127067878
vv	map04111	LOC127067880
vv	map05132	LOC127067881
vv	map05152	LOC127067882
vv	map00564	LOC127067884
vv	map01100	LOC127067884
vv	map01110	LOC127067884
vv	map04070	LOC127067884
vv	map03013	LOC127067885
vv	map04214	LOC127067885
vv	map00190	LOC127067889
vv	map01100	LOC127067889
vv	map04145	LOC127067889
vv	map04150	LOC127067889
vv	map04721	LOC127067889
vv	map04966	LOC127067889
vv	map05110	LOC127067889
vv	map05120	LOC127067889
vv	map05323	LOC127067889
vv	map04142	LOC127067890
vv	map04022	LOC127067892
vv	map04024	LOC127067892
vv	map04260	LOC127067892
vv	map04261	LOC127067892
vv	map04911	LOC127067892
vv	map04918	LOC127067892
vv	map04919	LOC127067892
vv	map04925	LOC127067892
vv	map04960	LOC127067892
vv	map04961	LOC127067892
vv	map04964	LOC127067892
vv	map04970	LOC127067892
vv	map04971	LOC127067892
vv	map04972	LOC127067892
vv	map04973	LOC127067892
vv	map04974	LOC127067892
vv	map04976	LOC127067892
vv	map04978	LOC127067892
vv	map03460	LOC127067898
vv	map00981	LOC127067903
vv	map00010	LOC127067906
vv	map00071	LOC127067906
vv	map00350	LOC127067906
vv	map00625	LOC127067906
vv	map00626	LOC127067906
vv	map00680	LOC127067906
vv	map00830	LOC127067906
vv	map00980	LOC127067906
vv	map00982	LOC127067906
vv	map01100	LOC127067906
vv	map01110	LOC127067906
vv	map01120	LOC127067906
vv	map01130	LOC127067906
vv	map01200	LOC127067906
vv	map01220	LOC127067906
vv	map05204	LOC127067906
vv	map00240	LOC127067907
vv	map00983	LOC127067907
vv	map01100	LOC127067907
vv	map03015	LOC127067908
vv	map00190	LOC127067910
vv	map04013	LOC127067915
vv	map03013	LOC127067917
vv	map04013	LOC127067918
vv	map04217	LOC127067918
vv	map04380	LOC127067918
vv	map04622	LOC127067918
vv	map04142	LOC127067925
vv	map00970	LOC127067926
vv	map01100	LOC127067926
vv	map00190	LOC127067927
vv	map01100	LOC127067927
vv	map04714	LOC127067927
vv	map04723	LOC127067927
vv	map04932	LOC127067927
vv	map05010	LOC127067927
vv	map05012	LOC127067927
vv	map05016	LOC127067927
vv	map04360	LOC127067929
vv	map05010	LOC127067929
vv	map05030	LOC127067929
vv	map04962	LOC127067930
vv	map04140	LOC127067935
vv	map03040	LOC127067936
vv	map04212	LOC127067936
vv	map04658	LOC127067938
vv	map04659	LOC127067938
vv	map03008	LOC127067941
vv	map03013	LOC127067941
vv	map03015	LOC127067941
vv	map05164	LOC127067941
vv	map05168	LOC127067941
vv	map00620	LOC127067946
vv	map00627	LOC127067946
vv	map01120	LOC127067946
vv	map00564	LOC127067947
vv	map00565	LOC127067947
vv	map00590	LOC127067947
vv	map00591	LOC127067947
vv	map00592	LOC127067947
vv	map01100	LOC127067947
vv	map01110	LOC127067947
vv	map04014	LOC127067947
vv	map04270	LOC127067947
vv	map04972	LOC127067947
vv	map04975	LOC127067947
vv	map04330	LOC127067970
vv	map04919	LOC127067970
vv	map05166	LOC127067970
vv	map05203	LOC127067970
vv	map03018	LOC127067973
vv	map04212	LOC127067973
vv	map04940	LOC127067973
vv	map05134	LOC127067973
vv	map05152	LOC127067973
vv	map04066	LOC127067975
vv	map04068	LOC127067975
vv	map04152	LOC127067975
vv	map04910	LOC127067975
vv	map04911	LOC127067975
vv	map04917	LOC127067975
vv	map04919	LOC127067975
vv	map04920	LOC127067975
vv	map04922	LOC127067975
vv	map04930	LOC127067975
vv	map04931	LOC127067975
vv	map04950	LOC127067975
vv	map04973	LOC127067975
vv	map04976	LOC127067975
vv	map05166	LOC127067975
vv	map05200	LOC127067975
vv	map05211	LOC127067975
vv	map05230	LOC127067975
vv	map00981	LOC127067979
vv	map00010	LOC127067982
vv	map00051	LOC127067982
vv	map00562	LOC127067982
vv	map00710	LOC127067982
vv	map01100	LOC127067982
vv	map01110	LOC127067982
vv	map01120	LOC127067982
vv	map01130	LOC127067982
vv	map01200	LOC127067982
vv	map01230	LOC127067982
vv	map03015	LOC127067983
vv	map05164	LOC127067983
vv	map05206	LOC127067983
vv	map00590	LOC127067984
vv	map01100	LOC127067984
vv	map03010	LOC127067985
vv	map05200	LOC127067988
vv	map05216	LOC127067988
vv	map05230	LOC127067988
vv	map03018	LOC127067990
vv	map05034	LOC127067993
vv	map05203	LOC127067993
vv	map05322	LOC127067993
vv	map00561	LOC127067995
vv	map01100	LOC127067995
vv	map04972	LOC127067995
vv	map04975	LOC127067995
vv	map04530	LOC127067996
vv	map05165	LOC127067999
vv	map05203	LOC127067999
vv	map03008	LOC127068003
vv	map03013	LOC127068003
vv	map03015	LOC127068003
vv	map05164	LOC127068003
vv	map05168	LOC127068003
vv	map03015	LOC127068004
vv	map00230	LOC127068007
vv	map00240	LOC127068007
vv	map01100	LOC127068007
vv	map03030	LOC127068007
vv	map00740	LOC127068012
vv	map01100	LOC127068012
vv	map01110	LOC127068012
vv	map04390	LOC127068017
vv	map04391	LOC127068017
vv	map04392	LOC127068017
vv	map04927	LOC127068021
vv	map04934	LOC127068021
vv	map04950	LOC127068021
vv	map00600	LOC127068022
vv	map01100	LOC127068022
vv	map03013	LOC127068025
vv	map04011	LOC127068025
vv	map04111	LOC127068025
vv	map04015	LOC127068027
vv	map04020	LOC127068027
vv	map04024	LOC127068027
vv	map04080	LOC127068027
vv	map04270	LOC127068027
vv	map05012	LOC127068027
vv	map05034	LOC127068027
vv	map00900	LOC127068028
vv	map01130	LOC127068028
vv	map04391	LOC127068029
vv	map00534	LOC127068033
vv	map01100	LOC127068033
vv	map04977	LOC127068037
vv	map04064	LOC127068040
vv	map04214	LOC127068040
vv	map04217	LOC127068040
vv	map04620	LOC127068040
vv	map04621	LOC127068040
vv	map04622	LOC127068040
vv	map04657	LOC127068040
vv	map04668	LOC127068040
vv	map05160	LOC127068040
vv	map05165	LOC127068040
vv	map05167	LOC127068040
vv	map05168	LOC127068040
vv	map05169	LOC127068040
vv	map05200	LOC127068040
vv	map05203	LOC127068040
vv	map05222	LOC127068040
vv	map05146	LOC127068041
vv	map00071	LOC127068044
vv	map00280	LOC127068044
vv	map00410	LOC127068044
vv	map00640	LOC127068044
vv	map01100	LOC127068044
vv	map01110	LOC127068044
vv	map01130	LOC127068044
vv	map01200	LOC127068044
vv	map01212	LOC127068044
vv	map03320	LOC127068044
vv	map00052	LOC127068046
vv	map00510	LOC127068046
vv	map00512	LOC127068046
vv	map00513	LOC127068046
vv	map00514	LOC127068046
vv	map00515	LOC127068046
vv	map00533	LOC127068046
vv	map00600	LOC127068046
vv	map00601	LOC127068046
vv	map01100	LOC127068046
vv	map00010	LOC127068047
vv	map00052	LOC127068047
vv	map01100	LOC127068047
vv	map01110	LOC127068047
vv	map01120	LOC127068047
vv	map01130	LOC127068047
vv	map00564	LOC127068050
vv	map01100	LOC127068050
vv	map05231	LOC127068050
vv	map05100	LOC127068051
vv	map00190	LOC127068053
vv	map01100	LOC127068053
vv	map04142	LOC127068053
vv	map04145	LOC127068053
vv	map04721	LOC127068053
vv	map04966	LOC127068053
vv	map05110	LOC127068053
vv	map05120	LOC127068053
vv	map05152	LOC127068053
vv	map05203	LOC127068053
vv	map05323	LOC127068053
vv	map03440	LOC127068056
vv	map04144	LOC127068058
vv	map04979	LOC127068058
vv	map03015	LOC127068059
vv	map04013	LOC127068059
vv	map04071	LOC127068059
vv	map04111	LOC127068059
vv	map04113	LOC127068059
vv	map04114	LOC127068059
vv	map04136	LOC127068059
vv	map04138	LOC127068059
vv	map04140	LOC127068059
vv	map04151	LOC127068059
vv	map04152	LOC127068059
vv	map04261	LOC127068059
vv	map04350	LOC127068059
vv	map04390	LOC127068059
vv	map04391	LOC127068059
vv	map04530	LOC127068059
vv	map04728	LOC127068059
vv	map04730	LOC127068059
vv	map05142	LOC127068059
vv	map05160	LOC127068059
vv	map05165	LOC127068059
vv	map03030	LOC127068062
vv	map03410	LOC127068062
vv	map03420	LOC127068062
vv	map03430	LOC127068062
vv	map04110	LOC127068062
vv	map04530	LOC127068062
vv	map05161	LOC127068062
vv	map05166	LOC127068062
vv	map00260	LOC127068069
vv	map00630	LOC127068069
vv	map01100	LOC127068069
vv	map01110	LOC127068069
vv	map01130	LOC127068069
vv	map01200	LOC127068069
vv	map03040	LOC127068074
vv	map00190	LOC127068075
vv	map01100	LOC127068075
vv	map04714	LOC127068075
vv	map04144	LOC127068079
vv	map04217	LOC127068079
vv	map03015	LOC127068086
vv	map04022	LOC127068087
vv	map04141	LOC127068087
vv	map04151	LOC127068087
vv	map04211	LOC127068087
vv	map04261	LOC127068087
vv	map04668	LOC127068087
vv	map04728	LOC127068087
vv	map04911	LOC127068087
vv	map04915	LOC127068087
vv	map04918	LOC127068087
vv	map04925	LOC127068087
vv	map04926	LOC127068087
vv	map04927	LOC127068087
vv	map04934	LOC127068087
vv	map05010	LOC127068087
vv	map05030	LOC127068087
vv	map05031	LOC127068087
vv	map05034	LOC127068087
vv	map05161	LOC127068087
vv	map05203	LOC127068087
vv	map04150	LOC127068089
vv	map04152	LOC127068089
vv	map04136	LOC127068094
vv	map04138	LOC127068094
vv	map04140	LOC127068094
vv	map05167	LOC127068094
vv	map04371	LOC127068097
vv	map05016	LOC127068097
vv	map03440	LOC127068101
vv	map04144	LOC127068101
vv	map04721	LOC127068101
vv	map04961	LOC127068101
vv	map05016	LOC127068101
vv	map04360	LOC127068102
vv	map04810	LOC127068102
vv	map04024	LOC127068104
vv	map04260	LOC127068104
vv	map04261	LOC127068104
vv	map04371	LOC127068104
vv	map04810	LOC127068104
vv	map04919	LOC127068104
vv	map04964	LOC127068104
vv	map04970	LOC127068104
vv	map04971	LOC127068104
vv	map04972	LOC127068104
vv	map04974	LOC127068104
vv	map04976	LOC127068104
vv	map04978	LOC127068104
vv	map05205	LOC127068104
vv	map04514	LOC127068105
vv	map05020	LOC127068105
vv	map03008	LOC127068107
vv	map03018	LOC127068108
vv	map00190	LOC127068110
vv	map01100	LOC127068110
vv	map04714	LOC127068110
vv	map04723	LOC127068110
vv	map04932	LOC127068110
vv	map05010	LOC127068110
vv	map05012	LOC127068110
vv	map05016	LOC127068110
vv	map00240	LOC127068111
vv	map00983	LOC127068111
vv	map01100	LOC127068111
vv	map01521	LOC127068112
vv	map01522	LOC127068112
vv	map04012	LOC127068112
vv	map04013	LOC127068112
vv	map04015	LOC127068112
vv	map04062	LOC127068112
vv	map04071	LOC127068112
vv	map04072	LOC127068112
vv	map04137	LOC127068112
vv	map04144	LOC127068112
vv	map04360	LOC127068112
vv	map04370	LOC127068112
vv	map04380	LOC127068112
vv	map04510	LOC127068112
vv	map04520	LOC127068112
vv	map04530	LOC127068112
vv	map04540	LOC127068112
vv	map04611	LOC127068112
vv	map04650	LOC127068112
vv	map04660	LOC127068112
vv	map04664	LOC127068112
vv	map04725	LOC127068112
vv	map04727	LOC127068112
vv	map04750	LOC127068112
vv	map04810	LOC127068112
vv	map04912	LOC127068112
vv	map04915	LOC127068112
vv	map04917	LOC127068112
vv	map04919	LOC127068112
vv	map04921	LOC127068112
vv	map04926	LOC127068112
vv	map05020	LOC127068112
vv	map05100	LOC127068112
vv	map05120	LOC127068112
vv	map05130	LOC127068112
vv	map05131	LOC127068112
vv	map05152	LOC127068112
vv	map05161	LOC127068112
vv	map05162	LOC127068112
vv	map05167	LOC127068112
vv	map05203	LOC127068112
vv	map05205	LOC127068112
vv	map05219	LOC127068112
vv	map05416	LOC127068112
vv	map05418	LOC127068112
vv	map04974	LOC127068114
vv	map04150	LOC127068117
vv	map00515	LOC127068121
vv	map00532	LOC127068121
vv	map00534	LOC127068121
vv	map01100	LOC127068121
vv	map04711	LOC127068124
vv	map00190	LOC127068126
vv	map01100	LOC127068126
vv	map02020	LOC127068126
vv	map04260	LOC127068126
vv	map04714	LOC127068126
vv	map04932	LOC127068126
vv	map05010	LOC127068126
vv	map05012	LOC127068126
vv	map05016	LOC127068126
vv	map05202	LOC127068130
vv	map03008	LOC127068131
vv	map00860	LOC127068132
vv	map01100	LOC127068132
vv	map04144	LOC127068133
vv	map04152	LOC127068133
vv	map04530	LOC127068133
vv	map03010	LOC127068134
vv	map04624	LOC127068137
vv	map05231	LOC127068140
vv	map04150	LOC127068148
vv	map01521	LOC127068152
vv	map01522	LOC127068152
vv	map04010	LOC127068152
vv	map04012	LOC127068152
vv	map04013	LOC127068152
vv	map04014	LOC127068152
vv	map04015	LOC127068152
vv	map04022	LOC127068152
vv	map04024	LOC127068152
vv	map04062	LOC127068152
vv	map04068	LOC127068152
vv	map04071	LOC127068152
vv	map04072	LOC127068152
vv	map04140	LOC127068152
vv	map04150	LOC127068152
vv	map04151	LOC127068152
vv	map04210	LOC127068152
vv	map04214	LOC127068152
vv	map04218	LOC127068152
vv	map04270	LOC127068152
vv	map04320	LOC127068152
vv	map04360	LOC127068152
vv	map04370	LOC127068152
vv	map04371	LOC127068152
vv	map04510	LOC127068152
vv	map04514	LOC127068152
vv	map04520	LOC127068152
vv	map04540	LOC127068152
vv	map04550	LOC127068152
vv	map04630	LOC127068152
vv	map04650	LOC127068152
vv	map04660	LOC127068152
vv	map04662	LOC127068152
vv	map04664	LOC127068152
vv	map04666	LOC127068152
vv	map04720	LOC127068152
vv	map04722	LOC127068152
vv	map04726	LOC127068152
vv	map04730	LOC127068152
vv	map04810	LOC127068152
vv	map04910	LOC127068152
vv	map04912	LOC127068152
vv	map04914	LOC127068152
vv	map04915	LOC127068152
vv	map04916	LOC127068152
vv	map04917	LOC127068152
vv	map04919	LOC127068152
vv	map04921	LOC127068152
vv	map04926	LOC127068152
vv	map04931	LOC127068152
vv	map04934	LOC127068152
vv	map05034	LOC127068152
vv	map05152	LOC127068152
vv	map05160	LOC127068152
vv	map05161	LOC127068152
vv	map05164	LOC127068152
vv	map05165	LOC127068152
vv	map05167	LOC127068152
vv	map05200	LOC127068152
vv	map05205	LOC127068152
vv	map05206	LOC127068152
vv	map05210	LOC127068152
vv	map05211	LOC127068152
vv	map05212	LOC127068152
vv	map05213	LOC127068152
vv	map05214	LOC127068152
vv	map05215	LOC127068152
vv	map05216	LOC127068152
vv	map05218	LOC127068152
vv	map05219	LOC127068152
vv	map05220	LOC127068152
vv	map05221	LOC127068152
vv	map05223	LOC127068152
vv	map05224	LOC127068152
vv	map05225	LOC127068152
vv	map05226	LOC127068152
vv	map05230	LOC127068152
vv	map05231	LOC127068152
vv	map04926	LOC127068154
vv	map00562	LOC127068160
vv	map01100	LOC127068160
vv	map04070	LOC127068160
vv	map00562	LOC127068161
vv	map01521	LOC127068161
vv	map04068	LOC127068161
vv	map04070	LOC127068161
vv	map04071	LOC127068161
vv	map04115	LOC127068161
vv	map04140	LOC127068161
vv	map04150	LOC127068161
vv	map04151	LOC127068161
vv	map04212	LOC127068161
vv	map04218	LOC127068161
vv	map04510	LOC127068161
vv	map04931	LOC127068161
vv	map05161	LOC127068161
vv	map05165	LOC127068161
vv	map05200	LOC127068161
vv	map05206	LOC127068161
vv	map05213	LOC127068161
vv	map05214	LOC127068161
vv	map05215	LOC127068161
vv	map05218	LOC127068161
vv	map05222	LOC127068161
vv	map05224	LOC127068161
vv	map05225	LOC127068161
vv	map05230	LOC127068161
vv	map03040	LOC127068164
vv	map04120	LOC127068164
vv	map04010	LOC127068167
vv	map04068	LOC127068167
vv	map04310	LOC127068167
vv	map04520	LOC127068167
vv	map04010	LOC127068168
vv	map04064	LOC127068168
vv	map04620	LOC127068168
vv	map04621	LOC127068168
vv	map04624	LOC127068168
vv	map05132	LOC127068168
vv	map05133	LOC127068168
vv	map05134	LOC127068168
vv	map05140	LOC127068168
vv	map05142	LOC127068168
vv	map05143	LOC127068168
vv	map05144	LOC127068168
vv	map05145	LOC127068168
vv	map05152	LOC127068168
vv	map05161	LOC127068168
vv	map05162	LOC127068168
vv	map05164	LOC127068168
vv	map05168	LOC127068168
vv	map01522	LOC127068170
vv	map04010	LOC127068170
vv	map04012	LOC127068170
vv	map04013	LOC127068170
vv	map04014	LOC127068170
vv	map04024	LOC127068170
vv	map04068	LOC127068170
vv	map04071	LOC127068170
vv	map04137	LOC127068170
vv	map04140	LOC127068170
vv	map04141	LOC127068170
vv	map04210	LOC127068170
vv	map04212	LOC127068170
vv	map04214	LOC127068170
vv	map04215	LOC127068170
vv	map04217	LOC127068170
vv	map04310	LOC127068170
vv	map04380	LOC127068170
vv	map04391	LOC127068170
vv	map04510	LOC127068170
vv	map04530	LOC127068170
vv	map04620	LOC127068170
vv	map04621	LOC127068170
vv	map04622	LOC127068170
vv	map04624	LOC127068170
vv	map04657	LOC127068170
vv	map04658	LOC127068170
vv	map04659	LOC127068170
vv	map04664	LOC127068170
vv	map04668	LOC127068170
vv	map04722	LOC127068170
vv	map04723	LOC127068170
vv	map04728	LOC127068170
vv	map04750	LOC127068170
vv	map04910	LOC127068170
vv	map04912	LOC127068170
vv	map04914	LOC127068170
vv	map04917	LOC127068170
vv	map04920	LOC127068170
vv	map04926	LOC127068170
vv	map04930	LOC127068170
vv	map04931	LOC127068170
vv	map04932	LOC127068170
vv	map04933	LOC127068170
vv	map05120	LOC127068170
vv	map05131	LOC127068170
vv	map05132	LOC127068170
vv	map05133	LOC127068170
vv	map05142	LOC127068170
vv	map05145	LOC127068170
vv	map05152	LOC127068170
vv	map05160	LOC127068170
vv	map05161	LOC127068170
vv	map05164	LOC127068170
vv	map05167	LOC127068170
vv	map05168	LOC127068170
vv	map05169	LOC127068170
vv	map05200	LOC127068170
vv	map05210	LOC127068170
vv	map05212	LOC127068170
vv	map05231	LOC127068170
vv	map05418	LOC127068170
vv	map03013	LOC127068173
vv	map04146	LOC127068174
vv	map01521	LOC127068175
vv	map01522	LOC127068175
vv	map01524	LOC127068175
vv	map04010	LOC127068175
vv	map04011	LOC127068175
vv	map04012	LOC127068175
vv	map04013	LOC127068175
vv	map04014	LOC127068175
vv	map04015	LOC127068175
vv	map04022	LOC127068175
vv	map04024	LOC127068175
vv	map04062	LOC127068175
vv	map04066	LOC127068175
vv	map04068	LOC127068175
vv	map04071	LOC127068175
vv	map04072	LOC127068175
vv	map04114	LOC127068175
vv	map04140	LOC127068175
vv	map04150	LOC127068175
vv	map04151	LOC127068175
vv	map04210	LOC127068175
vv	map04214	LOC127068175
vv	map04218	LOC127068175
vv	map04261	LOC127068175
vv	map04270	LOC127068175
vv	map04320	LOC127068175
vv	map04350	LOC127068175
vv	map04360	LOC127068175
vv	map04370	LOC127068175
vv	map04371	LOC127068175
vv	map04380	LOC127068175
vv	map04510	LOC127068175
vv	map04520	LOC127068175
vv	map04540	LOC127068175
vv	map04550	LOC127068175
vv	map04611	LOC127068175
vv	map04620	LOC127068175
vv	map04621	LOC127068175
vv	map04650	LOC127068175
vv	map04657	LOC127068175
vv	map04658	LOC127068175
vv	map04659	LOC127068175
vv	map04660	LOC127068175
vv	map04662	LOC127068175
vv	map04664	LOC127068175
vv	map04666	LOC127068175
vv	map04668	LOC127068175
vv	map04713	LOC127068175
vv	map04720	LOC127068175
vv	map04722	LOC127068175
vv	map04723	LOC127068175
vv	map04724	LOC127068175
vv	map04725	LOC127068175
vv	map04726	LOC127068175
vv	map04730	LOC127068175
vv	map04810	LOC127068175
vv	map04910	LOC127068175
vv	map04912	LOC127068175
vv	map04914	LOC127068175
vv	map04915	LOC127068175
vv	map04916	LOC127068175
vv	map04917	LOC127068175
vv	map04919	LOC127068175
vv	map04921	LOC127068175
vv	map04926	LOC127068175
vv	map04930	LOC127068175
vv	map04933	LOC127068175
vv	map04934	LOC127068175
vv	map04960	LOC127068175
vv	map05010	LOC127068175
vv	map05020	LOC127068175
vv	map05034	LOC127068175
vv	map05131	LOC127068175
vv	map05132	LOC127068175
vv	map05133	LOC127068175
vv	map05140	LOC127068175
vv	map05142	LOC127068175
vv	map05145	LOC127068175
vv	map05152	LOC127068175
vv	map05160	LOC127068175
vv	map05161	LOC127068175
vv	map05164	LOC127068175
vv	map05165	LOC127068175
vv	map05167	LOC127068175
vv	map05200	LOC127068175
vv	map05203	LOC127068175
vv	map05205	LOC127068175
vv	map05210	LOC127068175
vv	map05211	LOC127068175
vv	map05212	LOC127068175
vv	map05213	LOC127068175
vv	map05214	LOC127068175
vv	map05215	LOC127068175
vv	map05216	LOC127068175
vv	map05218	LOC127068175
vv	map05219	LOC127068175
vv	map05220	LOC127068175
vv	map05221	LOC127068175
vv	map05223	LOC127068175
vv	map05224	LOC127068175
vv	map05225	LOC127068175
vv	map05226	LOC127068175
vv	map05230	LOC127068175
vv	map05231	LOC127068175
vv	map00140	LOC127068177
vv	map01100	LOC127068177
vv	map04141	LOC127068179
vv	map00230	LOC127068183
vv	map00240	LOC127068183
vv	map01100	LOC127068183
vv	map03020	LOC127068183
vv	map05016	LOC127068183
vv	map05169	LOC127068183
vv	map04120	LOC127068185
vv	map05202	LOC127068191
vv	map04151	LOC127068213
vv	map04662	LOC127068213
vv	map04391	LOC127068219
vv	map04530	LOC127068219
vv	map01521	LOC127068220
vv	map04010	LOC127068220
vv	map04014	LOC127068220
vv	map04210	LOC127068221
vv	map01524	LOC127068222
vv	map03440	LOC127068222
vv	map03460	LOC127068222
vv	map04120	LOC127068222
vv	map04151	LOC127068222
vv	map05206	LOC127068222
vv	map05224	LOC127068222
vv	map03013	LOC127068223
vv	map05169	LOC127068223
vv	map03008	LOC127068227
vv	map05205	LOC127068227
vv	map05231	LOC127068230
vv	map04152	LOC127068231
vv	map04910	LOC127068231
vv	map04931	LOC127068231
vv	map04932	LOC127068231
vv	map03320	LOC127068233
vv	map04931	LOC127068233
vv	map03320	LOC127068236
vv	map04151	LOC127068236
vv	map04659	LOC127068236
vv	map04919	LOC127068236
vv	map04920	LOC127068236
vv	map04932	LOC127068236
vv	map04976	LOC127068236
vv	map05160	LOC127068236
vv	map05200	LOC127068236
vv	map05202	LOC127068236
vv	map05216	LOC127068236
vv	map05222	LOC127068236
vv	map05223	LOC127068236
vv	map05226	LOC127068236
vv	map00061	LOC127068237
vv	map00071	LOC127068237
vv	map01100	LOC127068237
vv	map01212	LOC127068237
vv	map02024	LOC127068237
vv	map03320	LOC127068237
vv	map04146	LOC127068237
vv	map04216	LOC127068237
vv	map04714	LOC127068237
vv	map04920	LOC127068237
vv	map04915	LOC127068238
vv	map03320	LOC127068239
vv	map04931	LOC127068239
vv	map00562	LOC127068240
vv	map01100	LOC127068240
vv	map04070	LOC127068240
vv	map00564	LOC127068242
vv	map00983	LOC127068242
vv	map01100	LOC127068242
vv	map04725	LOC127068242
vv	map04013	LOC127068243
vv	map04214	LOC127068243
vv	map04320	LOC127068243
vv	map05202	LOC127068243
vv	map04010	LOC127068245
vv	map04062	LOC127068245
vv	map04144	LOC127068245
vv	map04340	LOC127068245
vv	map04740	LOC127068245
vv	map04926	LOC127068245
vv	map05032	LOC127068245
vv	map05231	LOC127068246
vv	map00561	LOC127068247
vv	map01100	LOC127068247
vv	map04972	LOC127068247
vv	map04975	LOC127068247
vv	map04977	LOC127068247
vv	map00230	LOC127068248
vv	map00250	LOC127068248
vv	map01100	LOC127068248
vv	map01110	LOC127068248
vv	map01130	LOC127068248
vv	map04151	LOC127068249
vv	map04510	LOC127068249
vv	map04512	LOC127068249
vv	map04926	LOC127068249
vv	map04933	LOC127068249
vv	map04974	LOC127068249
vv	map05146	LOC127068249
vv	map05165	LOC127068249
vv	map05200	LOC127068249
vv	map05222	LOC127068249
vv	map00561	LOC127068250
vv	map01100	LOC127068250
vv	map04972	LOC127068250
vv	map04975	LOC127068250
vv	map04977	LOC127068250
vv	map03013	LOC127068257
vv	map00230	LOC127068258
vv	map01100	LOC127068258
vv	map01110	LOC127068258
vv	map01130	LOC127068258
vv	map01522	LOC127068262
vv	map04010	LOC127068262
vv	map04012	LOC127068262
vv	map04013	LOC127068262
vv	map04024	LOC127068262
vv	map04137	LOC127068262
vv	map04210	LOC127068262
vv	map04214	LOC127068262
vv	map04310	LOC127068262
vv	map04380	LOC127068262
vv	map04510	LOC127068262
vv	map04530	LOC127068262
vv	map04620	LOC127068262
vv	map04621	LOC127068262
vv	map04624	LOC127068262
vv	map04657	LOC127068262
vv	map04658	LOC127068262
vv	map04659	LOC127068262
vv	map04660	LOC127068262
vv	map04662	LOC127068262
vv	map04668	LOC127068262
vv	map04722	LOC127068262
vv	map04912	LOC127068262
vv	map04915	LOC127068262
vv	map04921	LOC127068262
vv	map04926	LOC127068262
vv	map04932	LOC127068262
vv	map04933	LOC127068262
vv	map05030	LOC127068262
vv	map05031	LOC127068262
vv	map05120	LOC127068262
vv	map05132	LOC127068262
vv	map05133	LOC127068262
vv	map05140	LOC127068262
vv	map05142	LOC127068262
vv	map05161	LOC127068262
vv	map05164	LOC127068262
vv	map05166	LOC127068262
vv	map05167	LOC127068262
vv	map05168	LOC127068262
vv	map05169	LOC127068262
vv	map05200	LOC127068262
vv	map05203	LOC127068262
vv	map05210	LOC127068262
vv	map05211	LOC127068262
vv	map05224	LOC127068262
vv	map05231	LOC127068262
vv	map05321	LOC127068262
vv	map05323	LOC127068262
vv	map05418	LOC127068262
vv	map01522	LOC127068264
vv	map04010	LOC127068264
vv	map04012	LOC127068264
vv	map04013	LOC127068264
vv	map04024	LOC127068264
vv	map04137	LOC127068264
vv	map04210	LOC127068264
vv	map04214	LOC127068264
vv	map04310	LOC127068264
vv	map04380	LOC127068264
vv	map04510	LOC127068264
vv	map04530	LOC127068264
vv	map04620	LOC127068264
vv	map04621	LOC127068264
vv	map04624	LOC127068264
vv	map04657	LOC127068264
vv	map04658	LOC127068264
vv	map04659	LOC127068264
vv	map04660	LOC127068264
vv	map04662	LOC127068264
vv	map04668	LOC127068264
vv	map04722	LOC127068264
vv	map04912	LOC127068264
vv	map04915	LOC127068264
vv	map04921	LOC127068264
vv	map04926	LOC127068264
vv	map04932	LOC127068264
vv	map04933	LOC127068264
vv	map05030	LOC127068264
vv	map05031	LOC127068264
vv	map05120	LOC127068264
vv	map05132	LOC127068264
vv	map05133	LOC127068264
vv	map05140	LOC127068264
vv	map05142	LOC127068264
vv	map05161	LOC127068264
vv	map05164	LOC127068264
vv	map05166	LOC127068264
vv	map05167	LOC127068264
vv	map05168	LOC127068264
vv	map05169	LOC127068264
vv	map05200	LOC127068264
vv	map05203	LOC127068264
vv	map05210	LOC127068264
vv	map05211	LOC127068264
vv	map05224	LOC127068264
vv	map05231	LOC127068264
vv	map05321	LOC127068264
vv	map05323	LOC127068264
vv	map05418	LOC127068264
vv	map05162	LOC127068265
vv	map03018	LOC127068266
vv	map04146	LOC127068269
vv	map01524	LOC127068272
vv	map04978	LOC127068272
vv	map03010	LOC127068275
vv	map04214	LOC127068281
vv	map04390	LOC127068281
vv	map04391	LOC127068281
vv	map04392	LOC127068281
vv	map00830	LOC127068286
vv	map01100	LOC127068286
vv	map00830	LOC127068287
vv	map01100	LOC127068287
vv	map00830	LOC127068288
vv	map01100	LOC127068288
vv	map02010	LOC127068303
vv	map03013	LOC127068308
vv	map03013	LOC127068312
vv	map04360	LOC127068315
vv	map04745	LOC127068315
vv	map00620	LOC127068317
vv	map00710	LOC127068317
vv	map01100	LOC127068317
vv	map01120	LOC127068317
vv	map01200	LOC127068317
vv	map02020	LOC127068317
vv	map03030	LOC127068321
vv	map03420	LOC127068321
vv	map03430	LOC127068321
vv	map03440	LOC127068321
vv	map03460	LOC127068321
vv	map00511	LOC127068323
vv	map00513	LOC127068323
vv	map01100	LOC127068323
vv	map04080	LOC127068324
vv	map04144	LOC127068330
vv	map00480	LOC127068335
vv	map00980	LOC127068335
vv	map00982	LOC127068335
vv	map00983	LOC127068335
vv	map01524	LOC127068335
vv	map05200	LOC127068335
vv	map05204	LOC127068335
vv	map05225	LOC127068335
vv	map05418	LOC127068335
vv	map04146	LOC127068336
vv	map04214	LOC127068336
vv	map05202	LOC127068345
vv	map00250	LOC127068346
vv	map00260	LOC127068346
vv	map00270	LOC127068346
vv	map00280	LOC127068346
vv	map01100	LOC127068346
vv	map01110	LOC127068346
vv	map00230	LOC127068347
vv	map01522	LOC127068347
vv	map04015	LOC127068347
vv	map04020	LOC127068347
vv	map04022	LOC127068347
vv	map04024	LOC127068347
vv	map04062	LOC127068347
vv	map04072	LOC127068347
vv	map04114	LOC127068347
vv	map04211	LOC127068347
vv	map04213	LOC127068347
vv	map04261	LOC127068347
vv	map04270	LOC127068347
vv	map04371	LOC127068347
vv	map04540	LOC127068347
vv	map04611	LOC127068347
vv	map04713	LOC127068347
vv	map04714	LOC127068347
vv	map04720	LOC127068347
vv	map04723	LOC127068347
vv	map04724	LOC127068347
vv	map04725	LOC127068347
vv	map04726	LOC127068347
vv	map04727	LOC127068347
vv	map04728	LOC127068347
vv	map04740	LOC127068347
vv	map04742	LOC127068347
vv	map04750	LOC127068347
vv	map04911	LOC127068347
vv	map04912	LOC127068347
vv	map04913	LOC127068347
vv	map04914	LOC127068347
vv	map04915	LOC127068347
vv	map04916	LOC127068347
vv	map04918	LOC127068347
vv	map04921	LOC127068347
vv	map04923	LOC127068347
vv	map04924	LOC127068347
vv	map04925	LOC127068347
vv	map04926	LOC127068347
vv	map04927	LOC127068347
vv	map04934	LOC127068347
vv	map04962	LOC127068347
vv	map04970	LOC127068347
vv	map04971	LOC127068347
vv	map04972	LOC127068347
vv	map04976	LOC127068347
vv	map05012	LOC127068347
vv	map05030	LOC127068347
vv	map05031	LOC127068347
vv	map05032	LOC127068347
vv	map05034	LOC127068347
vv	map05110	LOC127068347
vv	map05166	LOC127068347
vv	map05200	LOC127068347
vv	map05414	LOC127068347
vv	map00071	LOC127068353
vv	map00120	LOC127068353
vv	map00592	LOC127068353
vv	map01040	LOC127068353
vv	map01100	LOC127068353
vv	map01110	LOC127068353
vv	map01212	LOC127068353
vv	map03320	LOC127068353
vv	map04024	LOC127068353
vv	map04146	LOC127068353
vv	map03013	LOC127068355
vv	map03015	LOC127068355
vv	map03018	LOC127068355
vv	map04514	LOC127068358
vv	map05144	LOC127068358
vv	map05205	LOC127068358
vv	map05418	LOC127068358
vv	map04137	LOC127068360
vv	map00562	LOC127068367
vv	map01100	LOC127068367
vv	map04011	LOC127068367
vv	map04070	LOC127068367
vv	map04072	LOC127068367
vv	map04139	LOC127068367
vv	map04144	LOC127068367
vv	map04145	LOC127068367
vv	map04666	LOC127068367
vv	map04810	LOC127068367
vv	map05231	LOC127068367
vv	map00780	LOC127068369
vv	map01100	LOC127068369
vv	map04150	LOC127068371
vv	map00010	LOC127068372
vv	map00030	LOC127068372
vv	map00052	LOC127068372
vv	map00230	LOC127068372
vv	map00500	LOC127068372
vv	map00520	LOC127068372
vv	map00521	LOC127068372
vv	map01100	LOC127068372
vv	map01110	LOC127068372
vv	map01120	LOC127068372
vv	map01130	LOC127068372
vv	map03010	LOC127068373
vv	map04013	LOC127068375
vv	map04122	LOC127068376
vv	map03010	LOC127068381
vv	map03008	LOC127068383
vv	map03040	LOC127068387
vv	map00565	LOC127068391
vv	map04137	LOC127068393
vv	map04140	LOC127068393
vv	map00480	LOC127068395
vv	map00980	LOC127068395
vv	map00982	LOC127068395
vv	map00983	LOC127068395
vv	map01524	LOC127068395
vv	map05200	LOC127068395
vv	map05204	LOC127068395
vv	map05225	LOC127068395
vv	map05418	LOC127068395
vv	map04152	LOC127068396
vv	map04919	LOC127068396
vv	map04931	LOC127068396
vv	map03010	LOC127068397
vv	map04360	LOC127068398
vv	map04666	LOC127068398
vv	map04810	LOC127068398
vv	map04010	LOC127068399
vv	map05010	LOC127068399
vv	map04810	LOC127068400
vv	map03440	LOC127068401
vv	map03460	LOC127068401
vv	map00052	LOC127068402
vv	map00500	LOC127068402
vv	map01100	LOC127068402
vv	map04142	LOC127068402
vv	map04973	LOC127068402
vv	map05010	LOC127068403
vv	map05120	LOC127068403
vv	map03008	LOC127068404
vv	map04013	LOC127068405
vv	map04550	LOC127068405
vv	map03030	LOC127068406
vv	map04110	LOC127068406
vv	map04111	LOC127068406
vv	map04113	LOC127068406
vv	map03040	LOC127068412
vv	map04974	LOC127068413
vv	map03018	LOC127068414
vv	map04014	LOC127068418
vv	map04015	LOC127068418
vv	map04024	LOC127068418
vv	map04520	LOC127068418
vv	map04530	LOC127068418
vv	map04670	LOC127068418
vv	map03013	LOC127068420
vv	map00982	LOC127068423
vv	map01120	LOC127068423
vv	map00051	LOC127068427
vv	map01120	LOC127068427
vv	map03010	LOC127068434
vv	map05202	LOC127068437
vv	map04612	LOC127068444
vv	map05152	LOC127068444
vv	map04068	LOC127068445
vv	map04110	LOC127068445
vv	map04114	LOC127068445
vv	map04115	LOC127068445
vv	map04151	LOC127068445
vv	map04218	LOC127068445
vv	map04914	LOC127068445
vv	map04934	LOC127068445
vv	map05161	LOC127068445
vv	map05162	LOC127068445
vv	map05165	LOC127068445
vv	map05168	LOC127068445
vv	map05169	LOC127068445
vv	map05200	LOC127068445
vv	map05203	LOC127068445
vv	map05215	LOC127068445
vv	map05222	LOC127068445
vv	map05226	LOC127068445
vv	map04110	LOC127068446
vv	map04114	LOC127068446
vv	map04115	LOC127068446
vv	map04218	LOC127068446
vv	map04540	LOC127068446
vv	map04914	LOC127068446
vv	map05168	LOC127068446
vv	map05169	LOC127068446
vv	map05203	LOC127068446
vv	map00910	LOC127068450
vv	map00910	LOC127068451
vv	map00910	LOC127068452
vv	map00564	LOC127068453
vv	map00565	LOC127068453
vv	map00590	LOC127068453
vv	map00591	LOC127068453
vv	map00592	LOC127068453
vv	map01100	LOC127068453
vv	map01110	LOC127068453
vv	map04014	LOC127068453
vv	map04270	LOC127068453
vv	map04972	LOC127068453
vv	map04975	LOC127068453
vv	map04150	LOC127068454
vv	map00190	LOC127068455
vv	map01100	LOC127068455
vv	map04714	LOC127068455
vv	map00480	LOC127068460
vv	map00590	LOC127068460
vv	map00980	LOC127068460
vv	map00982	LOC127068460
vv	map00983	LOC127068460
vv	map01100	LOC127068460
vv	map01524	LOC127068460
vv	map05200	LOC127068460
vv	map05204	LOC127068460
vv	map05225	LOC127068460
vv	map05418	LOC127068460
vv	map04141	LOC127068461
vv	map05134	LOC127068461
vv	map04260	LOC127068464
vv	map04261	LOC127068464
vv	map04371	LOC127068464
vv	map05410	LOC127068464
vv	map05414	LOC127068464
vv	map03013	LOC127068494
vv	map04550	LOC127068497
vv	map00230	LOC127068498
vv	map00240	LOC127068498
vv	map00480	LOC127068498
vv	map00983	LOC127068498
vv	map01100	LOC127068498
vv	map04115	LOC127068498
vv	map00330	LOC127068499
vv	map01100	LOC127068499
vv	map03010	LOC127068502
vv	map00270	LOC127068503
vv	map01100	LOC127068503
vv	map04530	LOC127068504
vv	map04391	LOC127068510
vv	map00230	LOC127068515
vv	map00240	LOC127068515
vv	map00760	LOC127068515
vv	map01100	LOC127068515
vv	map01110	LOC127068515
vv	map00910	LOC127068524
vv	map00910	LOC127068525
vv	map00480	LOC127068537
vv	map00980	LOC127068537
vv	map00982	LOC127068537
vv	map00983	LOC127068537
vv	map01524	LOC127068537
vv	map05200	LOC127068537
vv	map05204	LOC127068537
vv	map05225	LOC127068537
vv	map05418	LOC127068537
vv	map04512	LOC127068539
vv	map03060	LOC127068544
vv	map04141	LOC127068544
vv	map03040	LOC127068545
vv	map01523	LOC127068546
vv	map04010	LOC127068546
vv	map04014	LOC127068546
vv	map04062	LOC127068546
vv	map04064	LOC127068546
vv	map04068	LOC127068546
vv	map04150	LOC127068546
vv	map04151	LOC127068546
vv	map04210	LOC127068546
vv	map04380	LOC127068546
vv	map04620	LOC127068546
vv	map04621	LOC127068546
vv	map04622	LOC127068546
vv	map04623	LOC127068546
vv	map04624	LOC127068546
vv	map04657	LOC127068546
vv	map04658	LOC127068546
vv	map04659	LOC127068546
vv	map04660	LOC127068546
vv	map04662	LOC127068546
vv	map04668	LOC127068546
vv	map04722	LOC127068546
vv	map04910	LOC127068546
vv	map04920	LOC127068546
vv	map04930	LOC127068546
vv	map04931	LOC127068546
vv	map04932	LOC127068546
vv	map05120	LOC127068546
vv	map05131	LOC127068546
vv	map05142	LOC127068546
vv	map05145	LOC127068546
vv	map05160	LOC127068546
vv	map05161	LOC127068546
vv	map05162	LOC127068546
vv	map05164	LOC127068546
vv	map05165	LOC127068546
vv	map05166	LOC127068546
vv	map05167	LOC127068546
vv	map05168	LOC127068546
vv	map05169	LOC127068546
vv	map05200	LOC127068546
vv	map05206	LOC127068546
vv	map05212	LOC127068546
vv	map05215	LOC127068546
vv	map05220	LOC127068546
vv	map05221	LOC127068546
vv	map05222	LOC127068546
vv	map05418	LOC127068546
vv	map00601	LOC127068559
vv	map01100	LOC127068559
vv	map04141	LOC127068566
vv	map04080	LOC127068569
vv	map04723	LOC127068569
vv	map04727	LOC127068569
vv	map04742	LOC127068569
vv	map05032	LOC127068569
vv	map05033	LOC127068569
vv	map05168	LOC127068570
vv	map04213	LOC127068574
vv	map04144	LOC127068578
vv	map00061	LOC127068581
vv	map01100	LOC127068581
vv	map01212	LOC127068581
vv	map04152	LOC127068581
vv	map04910	LOC127068581
vv	map03013	LOC127068598
vv	map03015	LOC127068598
vv	map03040	LOC127068598
vv	map05168	LOC127068598
vv	map04146	LOC127068600
vv	map04120	LOC127068601
vv	map04141	LOC127068606
vv	map04530	LOC127068606
vv	map04612	LOC127068606
vv	map04141	LOC127068611
vv	map04144	LOC127068612
vv	map00020	LOC127068617
vv	map00310	LOC127068617
vv	map01100	LOC127068617
vv	map01110	LOC127068617
vv	map01120	LOC127068617
vv	map01130	LOC127068617
vv	map01200	LOC127068617
vv	map03050	LOC127068618
vv	map05165	LOC127068618
vv	map05169	LOC127068618
vv	map05203	LOC127068618
vv	map00230	LOC127068619
vv	map00240	LOC127068619
vv	map01100	LOC127068619
vv	map03020	LOC127068619
vv	map04623	LOC127068619
vv	map05169	LOC127068619
vv	map00600	LOC127068621
vv	map01100	LOC127068621
vv	map04071	LOC127068621
vv	map04020	LOC127068622
vv	map04080	LOC127068622
vv	map05162	LOC127068622
vv	map00760	LOC127068626
vv	map01100	LOC127068626
vv	map00061	LOC127068629
vv	map01100	LOC127068629
vv	map01212	LOC127068629
vv	map04152	LOC127068629
vv	map04910	LOC127068629
vv	map00220	LOC127068631
vv	map00250	LOC127068631
vv	map00471	LOC127068631
vv	map01100	LOC127068631
vv	map04724	LOC127068631
vv	map04727	LOC127068631
vv	map04964	LOC127068631
vv	map05206	LOC127068631
vv	map05230	LOC127068631
vv	map00511	LOC127068635
vv	map04142	LOC127068635
vv	map05010	LOC127068635
vv	map04341	LOC127068637
vv	map00280	LOC127068642
vv	map00410	LOC127068642
vv	map00640	LOC127068642
vv	map01100	LOC127068642
vv	map01200	LOC127068642
vv	map00630	LOC127068652
vv	map01100	LOC127068652
vv	map01110	LOC127068652
vv	map01130	LOC127068652
vv	map01200	LOC127068652
vv	map00630	LOC127068694
vv	map01100	LOC127068694
vv	map01110	LOC127068694
vv	map01130	LOC127068694
vv	map01200	LOC127068694
vv	map05202	LOC127068764
vv	map04064	LOC127068818
vv	map04217	LOC127068818
vv	map04620	LOC127068818
vv	map05133	LOC127068818
vv	map05161	LOC127068818
vv	map00230	LOC127068828
vv	map00240	LOC127068828
vv	map01100	LOC127068828
vv	map03030	LOC127068828
vv	map03410	LOC127068828
vv	map03420	LOC127068828
vv	map03430	LOC127068828
vv	map03440	LOC127068828
vv	map05166	LOC127068828
vv	map03040	LOC127068834
vv	map00520	LOC127068836
vv	map01100	LOC127068836
vv	map05202	LOC127068843
vv	map03010	LOC127068845
vv	map04141	LOC127068845
vv	map04014	LOC127068853
vv	map04062	LOC127068853
vv	map04151	LOC127068853
vv	map04371	LOC127068853
vv	map04713	LOC127068853
vv	map04723	LOC127068853
vv	map04724	LOC127068853
vv	map04725	LOC127068853
vv	map04726	LOC127068853
vv	map04727	LOC127068853
vv	map04728	LOC127068853
vv	map04740	LOC127068853
vv	map04742	LOC127068853
vv	map04745	LOC127068853
vv	map04926	LOC127068853
vv	map05032	LOC127068853
vv	map05034	LOC127068853
vv	map05167	LOC127068853
vv	map05200	LOC127068853
vv	map00920	LOC127068857
vv	map00310	LOC127068858
vv	map04550	LOC127068859
vv	map05202	LOC127068859
vv	map05206	LOC127068859
vv	map04120	LOC127068861
vv	map04141	LOC127068861
vv	map05012	LOC127068861
vv	map04144	LOC127068862
vv	map04721	LOC127068862
vv	map04961	LOC127068862
vv	map05016	LOC127068862
vv	map00511	LOC127068866
vv	map00010	LOC127068867
vv	map00020	LOC127068867
vv	map00620	LOC127068867
vv	map01100	LOC127068867
vv	map01110	LOC127068867
vv	map01120	LOC127068867
vv	map01130	LOC127068867
vv	map01200	LOC127068867
vv	map00520	LOC127068868
vv	map01100	LOC127068868
vv	map04010	LOC127068869
vv	map04011	LOC127068869
vv	map04012	LOC127068869
vv	map04014	LOC127068869
vv	map04024	LOC127068869
vv	map04062	LOC127068869
vv	map04360	LOC127068869
vv	map04392	LOC127068869
vv	map04510	LOC127068869
vv	map04650	LOC127068869
vv	map04660	LOC127068869
vv	map04666	LOC127068869
vv	map04810	LOC127068869
vv	map05120	LOC127068869
vv	map05205	LOC127068869
vv	map05211	LOC127068869
vv	map03013	LOC127068875
vv	map04144	LOC127068879
vv	map04217	LOC127068879
vv	map00240	LOC127068880
vv	map00983	LOC127068880
vv	map01100	LOC127068880
vv	map04550	LOC127068881
vv	map05202	LOC127068881
vv	map05206	LOC127068881
vv	map03010	LOC127068883
vv	map00190	LOC127068886
vv	map01100	LOC127068886
vv	map04260	LOC127068886
vv	map04714	LOC127068886
vv	map04932	LOC127068886
vv	map05010	LOC127068886
vv	map05012	LOC127068886
vv	map05016	LOC127068886
vv	map00860	LOC127068898
vv	map00970	LOC127068898
vv	map01100	LOC127068898
vv	map01110	LOC127068898
vv	map01120	LOC127068898
vv	map04015	LOC127068909
vv	map05202	LOC127068911
vv	map04150	LOC127068912
vv	map04310	LOC127068912
vv	map04390	LOC127068912
vv	map04550	LOC127068912
vv	map04916	LOC127068912
vv	map04934	LOC127068912
vv	map05165	LOC127068912
vv	map05166	LOC127068912
vv	map05200	LOC127068912
vv	map05205	LOC127068912
vv	map05217	LOC127068912
vv	map05224	LOC127068912
vv	map05225	LOC127068912
vv	map05226	LOC127068912
vv	map01524	LOC127068913
vv	map03320	LOC127068913
vv	map04011	LOC127068913
vv	map04068	LOC127068913
vv	map04071	LOC127068913
vv	map04140	LOC127068913
vv	map04150	LOC127068913
vv	map04151	LOC127068913
vv	map04152	LOC127068913
vv	map04210	LOC127068913
vv	map04510	LOC127068913
vv	map04660	LOC127068913
vv	map04664	LOC127068913
vv	map04722	LOC127068913
vv	map04910	LOC127068913
vv	map04919	LOC127068913
vv	map04931	LOC127068913
vv	map04960	LOC127068913
vv	map05145	LOC127068913
vv	map05160	LOC127068913
vv	map05205	LOC127068913
vv	map05213	LOC127068913
vv	map05215	LOC127068913
vv	map05223	LOC127068913
vv	map05231	LOC127068913
vv	map04922	LOC127068915
vv	map01521	LOC127068916
vv	map04010	LOC127068916
vv	map04014	LOC127068916
vv	map04015	LOC127068916
vv	map04144	LOC127068916
vv	map04151	LOC127068916
vv	map04520	LOC127068916
vv	map04550	LOC127068916
vv	map04714	LOC127068916
vv	map04810	LOC127068916
vv	map05200	LOC127068916
vv	map05205	LOC127068916
vv	map05206	LOC127068916
vv	map05215	LOC127068916
vv	map05216	LOC127068916
vv	map05218	LOC127068916
vv	map05219	LOC127068916
vv	map05224	LOC127068916
vv	map05226	LOC127068916
vv	map05230	LOC127068916
vv	map01522	LOC127068919
vv	map04110	LOC127068919
vv	map04218	LOC127068919
vv	map04934	LOC127068919
vv	map05161	LOC127068919
vv	map05166	LOC127068919
vv	map05167	LOC127068919
vv	map05200	LOC127068919
vv	map05206	LOC127068919
vv	map05212	LOC127068919
vv	map05214	LOC127068919
vv	map05215	LOC127068919
vv	map05218	LOC127068919
vv	map05219	LOC127068919
vv	map05220	LOC127068919
vv	map05222	LOC127068919
vv	map05223	LOC127068919
vv	map05224	LOC127068919
vv	map05225	LOC127068919
vv	map05226	LOC127068919
vv	map03022	LOC127068920
vv	map05016	LOC127068920
vv	map05165	LOC127068920
vv	map05166	LOC127068920
vv	map05168	LOC127068920
vv	map05169	LOC127068920
vv	map05203	LOC127068920
vv	map05166	LOC127068922
vv	map05166	LOC127068923
vv	map00230	LOC127068925
vv	map03022	LOC127068928
vv	map05168	LOC127068928
vv	map04120	LOC127068936
vv	map04214	LOC127068936
vv	map04215	LOC127068936
vv	map03040	LOC127068940
vv	map03060	LOC127068940
vv	map01524	LOC127068946
vv	map03430	LOC127068946
vv	map05200	LOC127068946
vv	map05210	LOC127068946
vv	map03013	LOC127068957
vv	map00920	LOC127068959
vv	map04146	LOC127068962
vv	map00760	LOC127068963
vv	map01100	LOC127068963
vv	map00450	LOC127068968
vv	map05200	LOC127068968
vv	map05225	LOC127068968
vv	map00190	LOC127068978
vv	map01100	LOC127068978
vv	map04714	LOC127068978
vv	map04723	LOC127068978
vv	map04932	LOC127068978
vv	map05010	LOC127068978
vv	map05012	LOC127068978
vv	map05016	LOC127068978
vv	map04714	LOC127068979
vv	map00190	LOC127068980
vv	map01100	LOC127068980
vv	map04260	LOC127068980
vv	map04714	LOC127068980
vv	map04932	LOC127068980
vv	map05010	LOC127068980
vv	map05012	LOC127068980
vv	map05016	LOC127068980
vv	map04111	LOC127068981
vv	map05200	LOC127068981
vv	map05222	LOC127068981
vv	map04310	LOC127068989
vv	map04010	LOC127068990
vv	map04013	LOC127068990
vv	map04022	LOC127068990
vv	map04371	LOC127068990
vv	map04921	LOC127068990
vv	map05202	LOC127068990
vv	map05418	LOC127068990
vv	map04010	LOC127068991
vv	map04141	LOC127068991
vv	map04213	LOC127068991
vv	map04370	LOC127068991
vv	map05146	LOC127068991
vv	map05169	LOC127068991
vv	map05205	LOC127068991
vv	map04010	LOC127068992
vv	map04141	LOC127068992
vv	map04213	LOC127068992
vv	map04370	LOC127068992
vv	map05146	LOC127068992
vv	map05169	LOC127068992
vv	map05205	LOC127068992
vv	map04010	LOC127068993
vv	map04141	LOC127068993
vv	map04213	LOC127068993
vv	map04370	LOC127068993
vv	map05146	LOC127068993
vv	map05169	LOC127068993
vv	map05205	LOC127068993
vv	map04068	LOC127068998
vv	map04110	LOC127068998
vv	map04151	LOC127068998
vv	map04218	LOC127068998
vv	map04350	LOC127068998
vv	map05165	LOC127068998
vv	map05203	LOC127068998
vv	map00600	LOC127068999
vv	map01100	LOC127068999
vv	map04020	LOC127068999
vv	map04071	LOC127068999
vv	map04072	LOC127068999
vv	map04370	LOC127068999
vv	map04371	LOC127068999
vv	map04666	LOC127068999
vv	map05152	LOC127068999
vv	map04923	LOC127069003
vv	map03010	LOC127069006
vv	map03010	LOC127069007
vv	map03460	LOC127069008
vv	map04022	LOC127069009
vv	map04024	LOC127069009
vv	map04270	LOC127069009
vv	map04510	LOC127069009
vv	map04611	LOC127069009
vv	map04810	LOC127069009
vv	map04921	LOC127069009
vv	map05205	LOC127069009
vv	map00970	LOC127069011
vv	map01100	LOC127069011
vv	map00380	LOC127069012
vv	map00790	LOC127069012
vv	map01100	LOC127069012
vv	map04726	LOC127069012
vv	map04138	LOC127069014
vv	map04218	LOC127069018
vv	map00190	LOC127069021
vv	map01100	LOC127069021
vv	map04714	LOC127069021
vv	map04723	LOC127069021
vv	map04932	LOC127069021
vv	map05010	LOC127069021
vv	map05012	LOC127069021
vv	map05016	LOC127069021
vv	map04141	LOC127069022
vv	map00310	LOC127069023
vv	map04141	LOC127069026
vv	map04151	LOC127069026
vv	map04626	LOC127069026
vv	map04657	LOC127069026
vv	map04915	LOC127069026
vv	map04918	LOC127069026
vv	map05200	LOC127069026
vv	map05215	LOC127069026
vv	map05418	LOC127069026
vv	map04146	LOC127069029
vv	map00220	LOC127069030
vv	map01100	LOC127069030
vv	map01110	LOC127069030
vv	map01130	LOC127069030
vv	map01210	LOC127069030
vv	map01230	LOC127069030
vv	map03320	LOC127069035
vv	map04151	LOC127069035
vv	map04214	LOC127069035
vv	map04659	LOC127069035
vv	map04919	LOC127069035
vv	map04920	LOC127069035
vv	map04932	LOC127069035
vv	map04976	LOC127069035
vv	map05160	LOC127069035
vv	map05200	LOC127069035
vv	map05202	LOC127069035
vv	map05216	LOC127069035
vv	map05222	LOC127069035
vv	map05223	LOC127069035
vv	map05226	LOC127069035
vv	map04146	LOC127069037
vv	map04066	LOC127069040
vv	map04068	LOC127069040
vv	map04152	LOC127069040
vv	map04910	LOC127069040
vv	map04911	LOC127069040
vv	map04917	LOC127069040
vv	map04919	LOC127069040
vv	map04920	LOC127069040
vv	map04922	LOC127069040
vv	map04930	LOC127069040
vv	map04931	LOC127069040
vv	map04950	LOC127069040
vv	map04973	LOC127069040
vv	map04976	LOC127069040
vv	map05166	LOC127069040
vv	map05200	LOC127069040
vv	map05211	LOC127069040
vv	map05230	LOC127069040
vv	map05169	LOC127069042
vv	map05203	LOC127069042
vv	map04141	LOC127069043
vv	map04151	LOC127069043
vv	map04217	LOC127069043
vv	map04612	LOC127069043
vv	map04621	LOC127069043
vv	map04626	LOC127069043
vv	map04657	LOC127069043
vv	map04659	LOC127069043
vv	map04914	LOC127069043
vv	map04915	LOC127069043
vv	map05200	LOC127069043
vv	map05215	LOC127069043
vv	map05418	LOC127069043
vv	map04919	LOC127069045
vv	map04979	LOC127069046
vv	map03030	LOC127069050
vv	map04110	LOC127069050
vv	map04111	LOC127069050
vv	map04113	LOC127069050
vv	map05206	LOC127069051
vv	map04910	LOC127069053
vv	map04010	LOC127069056
vv	map04013	LOC127069056
vv	map04014	LOC127069056
vv	map04015	LOC127069056
vv	map04024	LOC127069056
vv	map04062	LOC127069056
vv	map04071	LOC127069056
vv	map04145	LOC127069056
vv	map04151	LOC127069056
vv	map04310	LOC127069056
vv	map04360	LOC127069056
vv	map04370	LOC127069056
vv	map04380	LOC127069056
vv	map04510	LOC127069056
vv	map04520	LOC127069056
vv	map04530	LOC127069056
vv	map04620	LOC127069056
vv	map04650	LOC127069056
vv	map04662	LOC127069056
vv	map04664	LOC127069056
vv	map04666	LOC127069056
vv	map04670	LOC127069056
vv	map04722	LOC127069056
vv	map04810	LOC127069056
vv	map04932	LOC127069056
vv	map04933	LOC127069056
vv	map04972	LOC127069056
vv	map05014	LOC127069056
vv	map05100	LOC127069056
vv	map05120	LOC127069056
vv	map05131	LOC127069056
vv	map05132	LOC127069056
vv	map05167	LOC127069056
vv	map05200	LOC127069056
vv	map05203	LOC127069056
vv	map05205	LOC127069056
vv	map05210	LOC127069056
vv	map05211	LOC127069056
vv	map05212	LOC127069056
vv	map05231	LOC127069056
vv	map05416	LOC127069056
vv	map05418	LOC127069056
vv	map00230	LOC127069058
vv	map00232	LOC127069058
vv	map00280	LOC127069058
vv	map00350	LOC127069058
vv	map00380	LOC127069058
vv	map00750	LOC127069058
vv	map00760	LOC127069058
vv	map00830	LOC127069058
vv	map00982	LOC127069058
vv	map00983	LOC127069058
vv	map01100	LOC127069058
vv	map01110	LOC127069058
vv	map01120	LOC127069058
vv	map04146	LOC127069058
vv	map04630	LOC127069058
vv	map00970	LOC127069061
vv	map01522	LOC127069064
vv	map04068	LOC127069064
vv	map04110	LOC127069064
vv	map04115	LOC127069064
vv	map04151	LOC127069064
vv	map04152	LOC127069064
vv	map04218	LOC127069064
vv	map04310	LOC127069064
vv	map04340	LOC127069064
vv	map04371	LOC127069064
vv	map04390	LOC127069064
vv	map04510	LOC127069064
vv	map04530	LOC127069064
vv	map04630	LOC127069064
vv	map04917	LOC127069064
vv	map04919	LOC127069064
vv	map04921	LOC127069064
vv	map04933	LOC127069064
vv	map04934	LOC127069064
vv	map05161	LOC127069064
vv	map05162	LOC127069064
vv	map05165	LOC127069064
vv	map05166	LOC127069064
vv	map05167	LOC127069064
vv	map05200	LOC127069064
vv	map05202	LOC127069064
vv	map05203	LOC127069064
vv	map05205	LOC127069064
vv	map05206	LOC127069064
vv	map05210	LOC127069064
vv	map05212	LOC127069064
vv	map05213	LOC127069064
vv	map05214	LOC127069064
vv	map05215	LOC127069064
vv	map05216	LOC127069064
vv	map05218	LOC127069064
vv	map05219	LOC127069064
vv	map05220	LOC127069064
vv	map05221	LOC127069064
vv	map05222	LOC127069064
vv	map05223	LOC127069064
vv	map05224	LOC127069064
vv	map05225	LOC127069064
vv	map05226	LOC127069064
vv	map05416	LOC127069064
vv	map03013	LOC127069065
vv	map03015	LOC127069065
vv	map03010	LOC127069066
vv	map03013	LOC127069068
vv	map00100	LOC127069087
vv	map00561	LOC127069087
vv	map01100	LOC127069087
vv	map04514	LOC127069087
vv	map04972	LOC127069087
vv	map04975	LOC127069087
vv	map00534	LOC127069088
vv	map04142	LOC127069089
vv	map05322	LOC127069090
vv	map03010	LOC127069092
vv	map05168	LOC127069097
vv	map04710	LOC127069104
vv	map04010	LOC127069105
vv	map04010	LOC127069108
vv	map04141	LOC127069108
vv	map04213	LOC127069108
vv	map04370	LOC127069108
vv	map05146	LOC127069108
vv	map05169	LOC127069108
vv	map05205	LOC127069108
vv	map03018	LOC127069109
vv	map01521	LOC127069110
vv	map04062	LOC127069110
vv	map04151	LOC127069110
vv	map04217	LOC127069110
vv	map04380	LOC127069110
vv	map04550	LOC127069110
vv	map04621	LOC127069110
vv	map04630	LOC127069110
vv	map04658	LOC127069110
vv	map04659	LOC127069110
vv	map04725	LOC127069110
vv	map04917	LOC127069110
vv	map04920	LOC127069110
vv	map04933	LOC127069110
vv	map05140	LOC127069110
vv	map05145	LOC127069110
vv	map05152	LOC127069110
vv	map05160	LOC127069110
vv	map05161	LOC127069110
vv	map05162	LOC127069110
vv	map05164	LOC127069110
vv	map05165	LOC127069110
vv	map05166	LOC127069110
vv	map05167	LOC127069110
vv	map05168	LOC127069110
vv	map05169	LOC127069110
vv	map05200	LOC127069110
vv	map05203	LOC127069110
vv	map05212	LOC127069110
vv	map05223	LOC127069110
vv	map04141	LOC127069111
vv	map00270	LOC127069112
vv	map00330	LOC127069112
vv	map01100	LOC127069112
vv	map04144	LOC127069114
vv	map04666	LOC127069114
vv	map04810	LOC127069114
vv	map05100	LOC127069114
vv	map05130	LOC127069114
vv	map05131	LOC127069114
vv	map05132	LOC127069114
vv	map03018	LOC127069117
vv	map03010	LOC127069118
vv	map04310	LOC127069121
vv	map04390	LOC127069121
vv	map04550	LOC127069121
vv	map04810	LOC127069121
vv	map04934	LOC127069121
vv	map05165	LOC127069121
vv	map05166	LOC127069121
vv	map05200	LOC127069121
vv	map05206	LOC127069121
vv	map05210	LOC127069121
vv	map05213	LOC127069121
vv	map05217	LOC127069121
vv	map05224	LOC127069121
vv	map05225	LOC127069121
vv	map05226	LOC127069121
vv	map05016	LOC127069122
vv	map03018	LOC127069123
vv	map03013	LOC127069132
vv	map04138	LOC127069133
vv	map03015	LOC127069135
vv	map04530	LOC127069135
vv	map00860	LOC127069137
vv	map00310	LOC127069138
vv	map04122	LOC127069140
vv	map04144	LOC127069145
vv	map01100	LOC127069147
vv	map05110	LOC127069150
vv	map03013	LOC127069153
vv	map00030	LOC127069162
vv	map00230	LOC127069162
vv	map01100	LOC127069162
vv	map01110	LOC127069162
vv	map01120	LOC127069162
vv	map01130	LOC127069162
vv	map01200	LOC127069162
vv	map01230	LOC127069162
vv	map04120	LOC127069166
vv	map03013	LOC127069167
vv	map05016	LOC127069167
vv	map04130	LOC127069172
vv	map04010	LOC127069173
vv	map04141	LOC127069173
vv	map04213	LOC127069173
vv	map04370	LOC127069173
vv	map05146	LOC127069173
vv	map05169	LOC127069173
vv	map05205	LOC127069173
vv	map04010	LOC127069175
vv	map04141	LOC127069175
vv	map04213	LOC127069175
vv	map04370	LOC127069175
vv	map05146	LOC127069175
vv	map05169	LOC127069175
vv	map05205	LOC127069175
vv	map03040	LOC127069177
vv	map04142	LOC127069178
vv	map03013	LOC127069184
vv	map04150	LOC127069184
vv	map04151	LOC127069184
vv	map05205	LOC127069184
vv	map03060	LOC127069185
vv	map04141	LOC127069185
vv	map04145	LOC127069185
vv	map05110	LOC127069185
vv	map00030	LOC127069186
vv	map00053	LOC127069186
vv	map00930	LOC127069186
vv	map01100	LOC127069186
vv	map01110	LOC127069186
vv	map01120	LOC127069186
vv	map01130	LOC127069186
vv	map01200	LOC127069186
vv	map01220	LOC127069186
vv	map00190	LOC127069187
vv	map01100	LOC127069187
vv	map04714	LOC127069187
vv	map04723	LOC127069187
vv	map04932	LOC127069187
vv	map05010	LOC127069187
vv	map05012	LOC127069187
vv	map05016	LOC127069187
vv	map04141	LOC127069200
vv	map00020	LOC127069201
vv	map00270	LOC127069201
vv	map00620	LOC127069201
vv	map00630	LOC127069201
vv	map00710	LOC127069201
vv	map01100	LOC127069201
vv	map01110	LOC127069201
vv	map01120	LOC127069201
vv	map01130	LOC127069201
vv	map01200	LOC127069201
vv	map04964	LOC127069201
vv	map04512	LOC127069202
vv	map04512	LOC127069204
vv	map04512	LOC127069206
vv	map00230	LOC127069210
vv	map01100	LOC127069210
vv	map01110	LOC127069210
vv	map01130	LOC127069210
vv	map03008	LOC127069210
vv	map03010	LOC127069211
vv	map00260	LOC127069212
vv	map00630	LOC127069212
vv	map01100	LOC127069212
vv	map01110	LOC127069212
vv	map01130	LOC127069212
vv	map01200	LOC127069212
vv	map04310	LOC127069213
vv	map03008	LOC127069215
vv	map05410	LOC127069216
vv	map05414	LOC127069216
vv	map00010	LOC127069218
vv	map00620	LOC127069218
vv	map00640	LOC127069218
vv	map00680	LOC127069218
vv	map00720	LOC127069218
vv	map01100	LOC127069218
vv	map01110	LOC127069218
vv	map01120	LOC127069218
vv	map01130	LOC127069218
vv	map01200	LOC127069218
vv	map00010	LOC127069219
vv	map00680	LOC127069219
vv	map01100	LOC127069219
vv	map01110	LOC127069219
vv	map01120	LOC127069219
vv	map01130	LOC127069219
vv	map01200	LOC127069219
vv	map01230	LOC127069219
vv	map03018	LOC127069219
vv	map04066	LOC127069219
vv	map00521	LOC127069220
vv	map00562	LOC127069220
vv	map01100	LOC127069220
vv	map04070	LOC127069220
vv	map04972	LOC127069222
vv	map04974	LOC127069222
vv	map04972	LOC127069223
vv	map04974	LOC127069223
vv	map03013	LOC127069224
vv	map03013	LOC127069226
vv	map04150	LOC127069238
vv	map05211	LOC127069238
vv	map04068	LOC127069253
vv	map04152	LOC127069253
vv	map04211	LOC127069253
vv	map04213	LOC127069253
vv	map04371	LOC127069253
vv	map04530	LOC127069253
vv	map04710	LOC127069253
vv	map04714	LOC127069253
vv	map04910	LOC127069253
vv	map04920	LOC127069253
vv	map04921	LOC127069253
vv	map04922	LOC127069253
vv	map04931	LOC127069253
vv	map04932	LOC127069253
vv	map05410	LOC127069253
vv	map03040	LOC127069259
vv	map00620	LOC127069261
vv	map00627	LOC127069261
vv	map01120	LOC127069261
vv	map04320	LOC127069263
vv	map04120	LOC127069269
vv	map03022	LOC127069272
vv	map03420	LOC127069272
vv	map03015	LOC127069274
vv	map04610	LOC127069275
vv	map02010	LOC127069282
vv	map03022	LOC127069282
vv	map05168	LOC127069282
vv	map00531	LOC127069284
vv	map01100	LOC127069284
vv	map04142	LOC127069284
vv	map03008	LOC127069285
vv	map00010	LOC127069286
vv	map00053	LOC127069286
vv	map00071	LOC127069286
vv	map00280	LOC127069286
vv	map00310	LOC127069286
vv	map00330	LOC127069286
vv	map00340	LOC127069286
vv	map00380	LOC127069286
vv	map00410	LOC127069286
vv	map00561	LOC127069286
vv	map00620	LOC127069286
vv	map00625	LOC127069286
vv	map00830	LOC127069286
vv	map00903	LOC127069286
vv	map00981	LOC127069286
vv	map01100	LOC127069286
vv	map01110	LOC127069286
vv	map01120	LOC127069286
vv	map01130	LOC127069286
vv	map04144	LOC127069289
vv	map03050	LOC127069290
vv	map05169	LOC127069290
vv	map04010	LOC127069291
vv	map04260	LOC127069291
vv	map04261	LOC127069291
vv	map04921	LOC127069291
vv	map05410	LOC127069291
vv	map05412	LOC127069291
vv	map05414	LOC127069291
vv	map01521	LOC127069294
vv	map03010	LOC127069294
vv	map04066	LOC127069294
vv	map04150	LOC127069294
vv	map04151	LOC127069294
vv	map04371	LOC127069294
vv	map04714	LOC127069294
vv	map04910	LOC127069294
vv	map05205	LOC127069294
vv	map00310	LOC127069302
vv	map04136	LOC127069308
vv	map04137	LOC127069308
vv	map04138	LOC127069308
vv	map04140	LOC127069308
vv	map00230	LOC127069310
vv	map01100	LOC127069310
vv	map03018	LOC127069311
vv	map00260	LOC127069314
vv	map00680	LOC127069314
vv	map01100	LOC127069314
vv	map01120	LOC127069314
vv	map01130	LOC127069314
vv	map01200	LOC127069314
vv	map01230	LOC127069314
vv	map03013	LOC127069318
vv	map05162	LOC127069318
vv	map01521	LOC127069322
vv	map03010	LOC127069322
vv	map04066	LOC127069322
vv	map04150	LOC127069322
vv	map04151	LOC127069322
vv	map04371	LOC127069322
vv	map04714	LOC127069322
vv	map04910	LOC127069322
vv	map05205	LOC127069322
vv	map03013	LOC127069324
vv	map00230	LOC127069341
vv	map00240	LOC127069341
vv	map01100	LOC127069341
vv	map03020	LOC127069341
vv	map05016	LOC127069341
vv	map05168	LOC127069341
vv	map05169	LOC127069341
vv	map04360	LOC127069346
vv	map05100	LOC127069346
vv	map04010	LOC127069350
vv	map00500	LOC127069352
vv	map01100	LOC127069352
vv	map00260	LOC127069356
vv	map00680	LOC127069356
vv	map00750	LOC127069356
vv	map01100	LOC127069356
vv	map01120	LOC127069356
vv	map01130	LOC127069356
vv	map01200	LOC127069356
vv	map01230	LOC127069356
vv	map00561	LOC127069357
vv	map01100	LOC127069357
vv	map03320	LOC127069357
vv	map04626	LOC127069357
vv	map04392	LOC127069363
vv	map03420	LOC127069364
vv	map04141	LOC127069364
vv	map04925	LOC127069366
vv	map04927	LOC127069366
vv	map04934	LOC127069366
vv	map00280	LOC127069369
vv	map01100	LOC127069369
vv	map01110	LOC127069369
vv	map01130	LOC127069369
vv	map05010	LOC127069369
vv	map00280	LOC127069370
vv	map01100	LOC127069370
vv	map01110	LOC127069370
vv	map01130	LOC127069370
vv	map05010	LOC127069370
vv	map03320	LOC127069375
vv	map04024	LOC127069377
vv	map04360	LOC127069379
vv	map04144	LOC127069380
vv	map04974	LOC127069382
vv	map04015	LOC127069387
vv	map04020	LOC127069387
vv	map04022	LOC127069387
vv	map04071	LOC127069387
vv	map04261	LOC127069387
vv	map04270	LOC127069387
vv	map04371	LOC127069387
vv	map04540	LOC127069387
vv	map04611	LOC127069387
vv	map04713	LOC127069387
vv	map04720	LOC127069387
vv	map04723	LOC127069387
vv	map04724	LOC127069387
vv	map04725	LOC127069387
vv	map04726	LOC127069387
vv	map04728	LOC127069387
vv	map04730	LOC127069387
vv	map04745	LOC127069387
vv	map04750	LOC127069387
vv	map04911	LOC127069387
vv	map04912	LOC127069387
vv	map04915	LOC127069387
vv	map04916	LOC127069387
vv	map04918	LOC127069387
vv	map04921	LOC127069387
vv	map04922	LOC127069387
vv	map04924	LOC127069387
vv	map04925	LOC127069387
vv	map04927	LOC127069387
vv	map04934	LOC127069387
vv	map04961	LOC127069387
vv	map04970	LOC127069387
vv	map04971	LOC127069387
vv	map04972	LOC127069387
vv	map05010	LOC127069387
vv	map05016	LOC127069387
vv	map05142	LOC127069387
vv	map05143	LOC127069387
vv	map05146	LOC127069387
vv	map05200	LOC127069387
vv	map00563	LOC127069388
vv	map01100	LOC127069388
vv	map04921	LOC127069391
vv	map04925	LOC127069391
vv	map00020	LOC127069392
vv	map01100	LOC127069392
vv	map01110	LOC127069392
vv	map01120	LOC127069392
vv	map01130	LOC127069392
vv	map01200	LOC127069392
vv	map01210	LOC127069392
vv	map01230	LOC127069392
vv	map00600	LOC127069395
vv	map01100	LOC127069395
vv	map04071	LOC127069395
vv	map03013	LOC127069396
vv	map00230	LOC127069398
vv	map04530	LOC127069406
vv	map04620	LOC127069413
vv	map03030	LOC127069418
vv	map04144	LOC127069418
vv	map05034	LOC127069419
vv	map05202	LOC127069419
vv	map05322	LOC127069419
vv	map04391	LOC127069422
vv	map04550	LOC127069422
vv	map05202	LOC127069422
vv	map00561	LOC127069425
vv	map01100	LOC127069425
vv	map03320	LOC127069425
vv	map04626	LOC127069425
vv	map00062	LOC127069426
vv	map01040	LOC127069426
vv	map01110	LOC127069426
vv	map01212	LOC127069426
vv	map04080	LOC127069429
vv	map04972	LOC127069429
vv	map04974	LOC127069429
vv	map05164	LOC127069429
vv	map04130	LOC127069430
vv	map03018	LOC127069431
vv	map01521	LOC127069432
vv	map01522	LOC127069432
vv	map04010	LOC127069432
vv	map04014	LOC127069432
vv	map04015	LOC127069432
vv	map04022	LOC127069432
vv	map04066	LOC127069432
vv	map04068	LOC127069432
vv	map04072	LOC127069432
vv	map04114	LOC127069432
vv	map04115	LOC127069432
vv	map04140	LOC127069432
vv	map04150	LOC127069432
vv	map04151	LOC127069432
vv	map04152	LOC127069432
vv	map04211	LOC127069432
vv	map04213	LOC127069432
vv	map04510	LOC127069432
vv	map04550	LOC127069432
vv	map04730	LOC127069432
vv	map04750	LOC127069432
vv	map04810	LOC127069432
vv	map04910	LOC127069432
vv	map04911	LOC127069432
vv	map04913	LOC127069432
vv	map04914	LOC127069432
vv	map04917	LOC127069432
vv	map04923	LOC127069432
vv	map04930	LOC127069432
vv	map04931	LOC127069432
vv	map04932	LOC127069432
vv	map04940	LOC127069432
vv	map04950	LOC127069432
vv	map04960	LOC127069432
vv	map05200	LOC127069432
vv	map05202	LOC127069432
vv	map05205	LOC127069432
vv	map05214	LOC127069432
vv	map05215	LOC127069432
vv	map05218	LOC127069432
vv	map05224	LOC127069432
vv	map05225	LOC127069432
vv	map05410	LOC127069432
vv	map05414	LOC127069432
vv	map03013	LOC127069439
vv	map04144	LOC127069442
vv	map00562	LOC127069443
vv	map01100	LOC127069443
vv	map04015	LOC127069443
vv	map04020	LOC127069443
vv	map04022	LOC127069443
vv	map04062	LOC127069443
vv	map04070	LOC127069443
vv	map04071	LOC127069443
vv	map04072	LOC127069443
vv	map04261	LOC127069443
vv	map04270	LOC127069443
vv	map04310	LOC127069443
vv	map04371	LOC127069443
vv	map04540	LOC127069443
vv	map04611	LOC127069443
vv	map04621	LOC127069443
vv	map04713	LOC127069443
vv	map04720	LOC127069443
vv	map04723	LOC127069443
vv	map04724	LOC127069443
vv	map04725	LOC127069443
vv	map04726	LOC127069443
vv	map04728	LOC127069443
vv	map04730	LOC127069443
vv	map04745	LOC127069443
vv	map04750	LOC127069443
vv	map04911	LOC127069443
vv	map04912	LOC127069443
vv	map04915	LOC127069443
vv	map04916	LOC127069443
vv	map04918	LOC127069443
vv	map04919	LOC127069443
vv	map04921	LOC127069443
vv	map04922	LOC127069443
vv	map04924	LOC127069443
vv	map04925	LOC127069443
vv	map04926	LOC127069443
vv	map04927	LOC127069443
vv	map04933	LOC127069443
vv	map04934	LOC127069443
vv	map04961	LOC127069443
vv	map04970	LOC127069443
vv	map04971	LOC127069443
vv	map04972	LOC127069443
vv	map05010	LOC127069443
vv	map05016	LOC127069443
vv	map05142	LOC127069443
vv	map05143	LOC127069443
vv	map05146	LOC127069443
vv	map05200	LOC127069443
vv	map04723	LOC127069444
vv	map04745	LOC127069444
vv	map04925	LOC127069444
vv	map00230	LOC127069445
vv	map01100	LOC127069445
vv	map05340	LOC127069445
vv	map03008	LOC127069448
vv	map00590	LOC127069453
vv	map01100	LOC127069453
vv	map03040	LOC127069454
vv	map00970	LOC127069456
vv	map04013	LOC127069457
vv	map04014	LOC127069457
vv	map04218	LOC127069457
vv	map04320	LOC127069457
vv	map05166	LOC127069457
vv	map05200	LOC127069457
vv	map05211	LOC127069457
vv	map00601	LOC127069458
vv	map01100	LOC127069458
vv	map04212	LOC127069459
vv	map05134	LOC127069459
vv	map00073	LOC127069462
vv	map04146	LOC127069462
vv	map04212	LOC127069462
vv	map04114	LOC127069465
vv	map04914	LOC127069465
vv	map00280	LOC127069467
vv	map00640	LOC127069467
vv	map01100	LOC127069467
vv	map01110	LOC127069467
vv	map01130	LOC127069467
vv	map05202	LOC127069469
vv	map00230	LOC127069470
vv	map01100	LOC127069470
vv	map03040	LOC127069471
vv	map00051	LOC127069472
vv	map00520	LOC127069472
vv	map01100	LOC127069472
vv	map04136	LOC127069473
vv	map04138	LOC127069473
vv	map04140	LOC127069473
vv	map04150	LOC127069473
vv	map04151	LOC127069473
vv	map04714	LOC127069473
vv	map00981	LOC127069475
vv	map00330	LOC127069476
vv	map01100	LOC127069476
vv	map01110	LOC127069476
vv	map01130	LOC127069476
vv	map01230	LOC127069476
vv	map00130	LOC127069477
vv	map01100	LOC127069477
vv	map01110	LOC127069477
vv	map03010	LOC127069484
vv	map00563	LOC127069486
vv	map01100	LOC127069486
vv	map03430	LOC127069492
vv	map03040	LOC127069500
vv	map00190	LOC127069503
vv	map01100	LOC127069503
vv	map04714	LOC127069503
vv	map04723	LOC127069503
vv	map04932	LOC127069503
vv	map05010	LOC127069503
vv	map05012	LOC127069503
vv	map05016	LOC127069503
vv	map04010	LOC127069504
vv	map04013	LOC127069504
vv	map04015	LOC127069504
vv	map04212	LOC127069504
vv	map04218	LOC127069504
vv	map04380	LOC127069504
vv	map04620	LOC127069504
vv	map04624	LOC127069504
vv	map04664	LOC127069504
vv	map04668	LOC127069504
vv	map04714	LOC127069504
vv	map04750	LOC127069504
vv	map04912	LOC127069504
vv	map05014	LOC127069504
vv	map05145	LOC127069504
vv	map05164	LOC127069504
vv	map05167	LOC127069504
vv	map05169	LOC127069504
vv	map05418	LOC127069504
vv	map00532	LOC127069505
vv	map00534	LOC127069505
vv	map01100	LOC127069505
vv	map04141	LOC127069506
vv	map03013	LOC127069508
vv	map04150	LOC127069508
vv	map04151	LOC127069508
vv	map05205	LOC127069508
vv	map00051	LOC127069510
vv	map00520	LOC127069510
vv	map01100	LOC127069510
vv	map01110	LOC127069510
vv	map01130	LOC127069510
vv	map04130	LOC127069512
vv	map04138	LOC127069512
vv	map03410	LOC127069514
vv	map04140	LOC127069514
vv	map04217	LOC127069514
vv	map00512	LOC127069516
vv	map01100	LOC127069516
vv	map00670	LOC127069522
vv	map00720	LOC127069522
vv	map01100	LOC127069522
vv	map01120	LOC127069522
vv	map01200	LOC127069522
vv	map01523	LOC127069522
vv	map00563	LOC127069526
vv	map01100	LOC127069526
vv	map00310	LOC127069532
vv	map00564	LOC127069532
vv	map01100	LOC127069532
vv	map04068	LOC127069533
vv	map00562	LOC127069540
vv	map01100	LOC127069540
vv	map04011	LOC127069540
vv	map04070	LOC127069540
vv	map03010	LOC127069543
vv	map00190	LOC127069544
vv	map01100	LOC127069544
vv	map04714	LOC127069544
vv	map04723	LOC127069544
vv	map04932	LOC127069544
vv	map05010	LOC127069544
vv	map05012	LOC127069544
vv	map05016	LOC127069544
vv	map03040	LOC127069545
vv	map05200	LOC127069547
vv	map05220	LOC127069547
vv	map04142	LOC127069549
vv	map04144	LOC127069549
vv	map04721	LOC127069549
vv	map04961	LOC127069549
vv	map05016	LOC127069549
vv	map04320	LOC127069550
vv	map04150	LOC127069552
vv	map03010	LOC127069553
vv	map04110	LOC127069557
vv	map04213	LOC127069557
vv	map04330	LOC127069557
vv	map04919	LOC127069557
vv	map05016	LOC127069557
vv	map05034	LOC127069557
vv	map05165	LOC127069557
vv	map05169	LOC127069557
vv	map05200	LOC127069557
vv	map05202	LOC127069557
vv	map05203	LOC127069557
vv	map05220	LOC127069557
vv	map01524	LOC127069559
vv	map04210	LOC127069559
vv	map04215	LOC127069559
vv	map04217	LOC127069559
vv	map04620	LOC127069559
vv	map04621	LOC127069559
vv	map04622	LOC127069559
vv	map04624	LOC127069559
vv	map04657	LOC127069559
vv	map04668	LOC127069559
vv	map05010	LOC127069559
vv	map05142	LOC127069559
vv	map05152	LOC127069559
vv	map05161	LOC127069559
vv	map05165	LOC127069559
vv	map05167	LOC127069559
vv	map05168	LOC127069559
vv	map05200	LOC127069559
vv	map01521	LOC127069560
vv	map03013	LOC127069560
vv	map04066	LOC127069560
vv	map04150	LOC127069560
vv	map04151	LOC127069560
vv	map04211	LOC127069560
vv	map04910	LOC127069560
vv	map00030	LOC127069565
vv	map00260	LOC127069565
vv	map00561	LOC127069565
vv	map00630	LOC127069565
vv	map00680	LOC127069565
vv	map01100	LOC127069565
vv	map01120	LOC127069565
vv	map01130	LOC127069565
vv	map01200	LOC127069565
vv	map04080	LOC127069566
vv	map04972	LOC127069566
vv	map04974	LOC127069566
vv	map05164	LOC127069566
vv	map05206	LOC127069566
vv	map04080	LOC127069567
vv	map04972	LOC127069567
vv	map04974	LOC127069567
vv	map05164	LOC127069567
vv	map04310	LOC127069571
vv	map04390	LOC127069571
vv	map04550	LOC127069571
vv	map04934	LOC127069571
vv	map05165	LOC127069571
vv	map05200	LOC127069571
vv	map05210	LOC127069571
vv	map05213	LOC127069571
vv	map05217	LOC127069571
vv	map05224	LOC127069571
vv	map05225	LOC127069571
vv	map05226	LOC127069571
vv	map00230	LOC127069583
vv	map00240	LOC127069583
vv	map01100	LOC127069583
vv	map03020	LOC127069583
vv	map05016	LOC127069583
vv	map05168	LOC127069583
vv	map05169	LOC127069583
vv	map04146	LOC127069584
vv	map02010	LOC127069586
vv	map04714	LOC127069588
vv	map03320	LOC127069590
vv	map00250	LOC127069596
vv	map00910	LOC127069596
vv	map01100	LOC127069596
vv	map01110	LOC127069596
vv	map01120	LOC127069596
vv	map01130	LOC127069596
vv	map01230	LOC127069596
vv	map00564	LOC127069601
vv	map05231	LOC127069601
vv	map04724	LOC127069604
vv	map04141	LOC127069605
vv	map04141	LOC127069606
vv	map00380	LOC127069609
vv	map01100	LOC127069609
vv	map03050	LOC127069610
vv	map05169	LOC127069610
vv	map04022	LOC127069612
vv	map04024	LOC127069612
vv	map04260	LOC127069612
vv	map04261	LOC127069612
vv	map04911	LOC127069612
vv	map04918	LOC127069612
vv	map04919	LOC127069612
vv	map04925	LOC127069612
vv	map04960	LOC127069612
vv	map04961	LOC127069612
vv	map04964	LOC127069612
vv	map04970	LOC127069612
vv	map04971	LOC127069612
vv	map04972	LOC127069612
vv	map04973	LOC127069612
vv	map04974	LOC127069612
vv	map04976	LOC127069612
vv	map04978	LOC127069612
vv	map04022	LOC127069613
vv	map04024	LOC127069613
vv	map04260	LOC127069613
vv	map04261	LOC127069613
vv	map04911	LOC127069613
vv	map04918	LOC127069613
vv	map04919	LOC127069613
vv	map04925	LOC127069613
vv	map04960	LOC127069613
vv	map04961	LOC127069613
vv	map04964	LOC127069613
vv	map04970	LOC127069613
vv	map04971	LOC127069613
vv	map04972	LOC127069613
vv	map04973	LOC127069613
vv	map04974	LOC127069613
vv	map04976	LOC127069613
vv	map04978	LOC127069613
vv	map04022	LOC127069614
vv	map04024	LOC127069614
vv	map04260	LOC127069614
vv	map04261	LOC127069614
vv	map04911	LOC127069614
vv	map04918	LOC127069614
vv	map04919	LOC127069614
vv	map04925	LOC127069614
vv	map04960	LOC127069614
vv	map04961	LOC127069614
vv	map04964	LOC127069614
vv	map04970	LOC127069614
vv	map04971	LOC127069614
vv	map04972	LOC127069614
vv	map04973	LOC127069614
vv	map04974	LOC127069614
vv	map04976	LOC127069614
vv	map04978	LOC127069614
vv	map03010	LOC127069615
vv	map00061	LOC127069621
vv	map01100	LOC127069621
vv	map01212	LOC127069621
vv	map04152	LOC127069621
vv	map04910	LOC127069621
vv	map04962	LOC127069624
vv	map04976	LOC127069624
vv	map04010	LOC127069627
vv	map04064	LOC127069627
vv	map04620	LOC127069627
vv	map04621	LOC127069627
vv	map04624	LOC127069627
vv	map04722	LOC127069627
vv	map05133	LOC127069627
vv	map05140	LOC127069627
vv	map05142	LOC127069627
vv	map05145	LOC127069627
vv	map05152	LOC127069627
vv	map05162	LOC127069627
vv	map05164	LOC127069627
vv	map03030	LOC127069629
vv	map03420	LOC127069629
vv	map03430	LOC127069629
vv	map03460	LOC127069633
vv	map04330	LOC127069633
vv	map04950	LOC127069633
vv	map05165	LOC127069633
vv	map05200	LOC127069633
vv	map05224	LOC127069633
vv	map04144	LOC127069635
vv	map04666	LOC127069635
vv	map04810	LOC127069635
vv	map05100	LOC127069635
vv	map05130	LOC127069635
vv	map05131	LOC127069635
vv	map05132	LOC127069635
vv	map03008	LOC127069636
vv	map04010	LOC127069636
vv	map04014	LOC127069636
vv	map04510	LOC127069636
vv	map04141	LOC127069637
vv	map04141	LOC127069639
vv	map04144	LOC127069640
vv	map04152	LOC127069642
vv	map04950	LOC127069642
vv	map00740	LOC127069643
vv	map01100	LOC127069643
vv	map04142	LOC127069643
vv	map04144	LOC127069643
vv	map04015	LOC127069644
vv	map04022	LOC127069644
vv	map04024	LOC127069644
vv	map04062	LOC127069644
vv	map04071	LOC127069644
vv	map04261	LOC127069644
vv	map04360	LOC127069644
vv	map04371	LOC127069644
vv	map04540	LOC127069644
vv	map04611	LOC127069644
vv	map04670	LOC127069644
vv	map04713	LOC127069644
vv	map04723	LOC127069644
vv	map04724	LOC127069644
vv	map04725	LOC127069644
vv	map04726	LOC127069644
vv	map04727	LOC127069644
vv	map04728	LOC127069644
vv	map04730	LOC127069644
vv	map04914	LOC127069644
vv	map04915	LOC127069644
vv	map04916	LOC127069644
vv	map04921	LOC127069644
vv	map04923	LOC127069644
vv	map04924	LOC127069644
vv	map04926	LOC127069644
vv	map04934	LOC127069644
vv	map04971	LOC127069644
vv	map05012	LOC127069644
vv	map05030	LOC127069644
vv	map05032	LOC127069644
vv	map05034	LOC127069644
vv	map05133	LOC127069644
vv	map05142	LOC127069644
vv	map05145	LOC127069644
vv	map05200	LOC127069644
vv	map04144	LOC127069645
vv	map04666	LOC127069645
vv	map04810	LOC127069645
vv	map05100	LOC127069645
vv	map05130	LOC127069645
vv	map05131	LOC127069645
vv	map05132	LOC127069645
vv	map00510	LOC127069647
vv	map00513	LOC127069647
vv	map01100	LOC127069647
vv	map04141	LOC127069647
vv	map03060	LOC127069648
vv	map05225	LOC127069654
vv	map04550	LOC127069655
vv	map04950	LOC127069655
vv	map04141	LOC127069656
vv	map03022	LOC127069657
vv	map05168	LOC127069657
vv	map04711	LOC127069662
vv	map00071	LOC127069663
vv	map00310	LOC127069663
vv	map00362	LOC127069663
vv	map00380	LOC127069663
vv	map01100	LOC127069663
vv	map01120	LOC127069663
vv	map01130	LOC127069663
vv	map04144	LOC127069667
vv	map04510	LOC127069667
vv	map05100	LOC127069667
vv	map05205	LOC127069667
vv	map05418	LOC127069667
vv	map04014	LOC127069672
vv	map04015	LOC127069672
vv	map04024	LOC127069672
vv	map04062	LOC127069672
vv	map04530	LOC127069672
vv	map04810	LOC127069672
vv	map05205	LOC127069672
vv	map04010	LOC127069676
vv	map04013	LOC127069676
vv	map04142	LOC127069677
vv	map04979	LOC127069677
vv	map03040	LOC127069678
vv	map04024	LOC127069679
vv	map04152	LOC127069679
vv	map04371	LOC127069679
vv	map04714	LOC127069679
vv	map04910	LOC127069679
vv	map04923	LOC127069679
vv	map04925	LOC127069679
vv	map00230	LOC127069680
vv	map00261	LOC127069680
vv	map00450	LOC127069680
vv	map00920	LOC127069680
vv	map01100	LOC127069680
vv	map01120	LOC127069680
vv	map01130	LOC127069680
vv	map01522	LOC127069683
vv	map00970	LOC127069685
vv	map04146	LOC127069685
vv	map04146	LOC127069686
vv	map00190	LOC127069691
vv	map01100	LOC127069691
vv	map04714	LOC127069691
vv	map04723	LOC127069691
vv	map04932	LOC127069691
vv	map05010	LOC127069691
vv	map05012	LOC127069691
vv	map05016	LOC127069691
vv	map03010	LOC127069692
vv	map05206	LOC127069696
vv	map03013	LOC127069697
vv	map00500	LOC127069701
vv	map01100	LOC127069701
vv	map01110	LOC127069701
vv	map02026	LOC127069701
vv	map04217	LOC127069701
vv	map04910	LOC127069701
vv	map04922	LOC127069701
vv	map04931	LOC127069701
vv	map04013	LOC127069703
vv	map04927	LOC127069704
vv	map04934	LOC127069704
vv	map01521	LOC127069705
vv	map04012	LOC127069705
vv	map04013	LOC127069705
vv	map04391	LOC127069705
vv	map04020	LOC127069707
vv	map04611	LOC127069707
vv	map00600	LOC127069708
vv	map01100	LOC127069708
vv	map04071	LOC127069708
vv	map04138	LOC127069708
vv	map04146	LOC127069711
vv	map04014	LOC127069713
vv	map04015	LOC127069713
vv	map04072	LOC127069713
vv	map05200	LOC127069713
vv	map05210	LOC127069713
vv	map05212	LOC127069713
vv	map03010	LOC127069714
vv	map04066	LOC127069715
vv	map04360	LOC127069715
vv	map05230	LOC127069715
vv	map03013	LOC127069717
vv	map03040	LOC127069719
vv	map00230	LOC127069726
vv	map04022	LOC127069726
vv	map04934	LOC127069726
vv	map05032	LOC127069726
vv	map04024	LOC127069727
vv	map04080	LOC127069727
vv	map04713	LOC127069727
vv	map04720	LOC127069727
vv	map04723	LOC127069727
vv	map04724	LOC127069727
vv	map04728	LOC127069727
vv	map04730	LOC127069727
vv	map05014	LOC127069727
vv	map05030	LOC127069727
vv	map05031	LOC127069727
vv	map05033	LOC127069727
vv	map05202	LOC127069727
vv	map00350	LOC127069730
vv	map00790	LOC127069730
vv	map00950	LOC127069730
vv	map01100	LOC127069730
vv	map04728	LOC127069730
vv	map04917	LOC127069730
vv	map05012	LOC127069730
vv	map05030	LOC127069730
vv	map05031	LOC127069730
vv	map05034	LOC127069730
vv	map04080	LOC127069732
vv	map04723	LOC127069732
vv	map04726	LOC127069732
vv	map04727	LOC127069732
vv	map05032	LOC127069732
vv	map05033	LOC127069732
vv	map03022	LOC127069740
vv	map05169	LOC127069740
vv	map05203	LOC127069740
vv	map00970	LOC127069747
vv	map05206	LOC127069748
vv	map03040	LOC127069749
vv	map00230	LOC127069750
vv	map00240	LOC127069750
vv	map00480	LOC127069750
vv	map00983	LOC127069750
vv	map01100	LOC127069750
vv	map05202	LOC127069751
vv	map03018	LOC127069754
vv	map03040	LOC127069755
vv	map04260	LOC127069759
vv	map04261	LOC127069759
vv	map05200	LOC127069759
vv	map05206	LOC127069759
vv	map05216	LOC127069759
vv	map05410	LOC127069759
vv	map05414	LOC127069759
vv	map04310	LOC127069760
vv	map04350	LOC127069760
vv	map04072	LOC127069769
vv	map04080	LOC127069769
vv	map04724	LOC127069769
vv	map05030	LOC127069769
vv	map04144	LOC127069770
vv	map04666	LOC127069770
vv	map04810	LOC127069770
vv	map05100	LOC127069770
vv	map05130	LOC127069770
vv	map05131	LOC127069770
vv	map05132	LOC127069770
vv	map04024	LOC127069771
vv	map04340	LOC127069771
vv	map04341	LOC127069771
vv	map04390	LOC127069771
vv	map05200	LOC127069771
vv	map05217	LOC127069771
vv	map04144	LOC127069772
vv	map03013	LOC127069775
vv	map04139	LOC127069778
vv	map04919	LOC127069778
vv	map05016	LOC127069778
vv	map05202	LOC127069778
vv	map00563	LOC127069779
vv	map01100	LOC127069779
vv	map04110	LOC127069779
vv	map04114	LOC127069779
vv	map04115	LOC127069779
vv	map04151	LOC127069779
vv	map04218	LOC127069779
vv	map04391	LOC127069779
vv	map04934	LOC127069779
vv	map05161	LOC127069779
vv	map05162	LOC127069779
vv	map05165	LOC127069779
vv	map05200	LOC127069779
vv	map05203	LOC127069779
vv	map05206	LOC127069779
vv	map05215	LOC127069779
vv	map05222	LOC127069779
vv	map05226	LOC127069779
vv	map03040	LOC127069780
vv	map04120	LOC127069780
vv	map04215	LOC127069780
vv	map05145	LOC127069780
vv	map05200	LOC127069780
vv	map05222	LOC127069780
vv	map00563	LOC127069789
vv	map01100	LOC127069789
vv	map05134	LOC127069798
vv	map04072	LOC127069799
vv	map04115	LOC127069799
vv	map04140	LOC127069799
vv	map04150	LOC127069799
vv	map04151	LOC127069799
vv	map04152	LOC127069799
vv	map04211	LOC127069799
vv	map04218	LOC127069799
vv	map04714	LOC127069799
vv	map04910	LOC127069799
vv	map04919	LOC127069799
vv	map05165	LOC127069799
vv	map05231	LOC127069799
vv	map03440	LOC127069803
vv	map03460	LOC127069803
vv	map00051	LOC127069804
vv	map00561	LOC127069804
vv	map00680	LOC127069804
vv	map01100	LOC127069804
vv	map01120	LOC127069804
vv	map01200	LOC127069804
vv	map04622	LOC127069804
vv	map04068	LOC127069805
vv	map04922	LOC127069805
vv	map00280	LOC127069806
vv	map01100	LOC127069806
vv	map03040	LOC127069807
vv	map04139	LOC127069807
vv	map05322	LOC127069807
vv	map04015	LOC127069809
vv	map04520	LOC127069809
vv	map04670	LOC127069809
vv	map00230	LOC127069810
vv	map01523	LOC127069811
vv	map02010	LOC127069811
vv	map04024	LOC127069811
vv	map04976	LOC127069811
vv	map01523	LOC127069812
vv	map02010	LOC127069812
vv	map04024	LOC127069812
vv	map04976	LOC127069812
vv	map04514	LOC127069813
vv	map04013	LOC127069815
vv	map04060	LOC127069815
vv	map04214	LOC127069815
vv	map04391	LOC127069815
vv	map04672	LOC127069815
vv	map05323	LOC127069815
vv	map04068	LOC127069816
vv	map04110	LOC127069816
vv	map04114	LOC127069816
vv	map04914	LOC127069816
vv	map01522	LOC127069822
vv	map01524	LOC127069822
vv	map04010	LOC127069822
vv	map04071	LOC127069822
vv	map04110	LOC127069822
vv	map04115	LOC127069822
vv	map04137	LOC127069822
vv	map04151	LOC127069822
vv	map04210	LOC127069822
vv	map04211	LOC127069822
vv	map04214	LOC127069822
vv	map04216	LOC127069822
vv	map04218	LOC127069822
vv	map04310	LOC127069822
vv	map04390	LOC127069822
vv	map04391	LOC127069822
vv	map04722	LOC127069822
vv	map04919	LOC127069822
vv	map05014	LOC127069822
vv	map05016	LOC127069822
vv	map05160	LOC127069822
vv	map05161	LOC127069822
vv	map05162	LOC127069822
vv	map05165	LOC127069822
vv	map05166	LOC127069822
vv	map05167	LOC127069822
vv	map05168	LOC127069822
vv	map05169	LOC127069822
vv	map05200	LOC127069822
vv	map05202	LOC127069822
vv	map05203	LOC127069822
vv	map05205	LOC127069822
vv	map05206	LOC127069822
vv	map05210	LOC127069822
vv	map05212	LOC127069822
vv	map05213	LOC127069822
vv	map05214	LOC127069822
vv	map05215	LOC127069822
vv	map05216	LOC127069822
vv	map05217	LOC127069822
vv	map05218	LOC127069822
vv	map05219	LOC127069822
vv	map05220	LOC127069822
vv	map05222	LOC127069822
vv	map05223	LOC127069822
vv	map05224	LOC127069822
vv	map05225	LOC127069822
vv	map05226	LOC127069822
vv	map05230	LOC127069822
vv	map05418	LOC127069822
vv	map03040	LOC127069824
vv	map04070	LOC127069824
vv	map03040	LOC127069827
vv	map05202	LOC127069827
vv	map05205	LOC127069827
vv	map03060	LOC127069831
vv	map04146	LOC127069831
vv	map00750	LOC127069832
vv	map01100	LOC127069832
vv	map01120	LOC127069832
vv	map04621	LOC127069838
vv	map03013	LOC127069839
vv	map03015	LOC127069839
vv	map04130	LOC127069841
vv	map04145	LOC127069841
vv	map03460	LOC127069844
vv	map04330	LOC127069844
vv	map04950	LOC127069844
vv	map05165	LOC127069844
vv	map05200	LOC127069844
vv	map05224	LOC127069844
vv	map00260	LOC127069846
vv	map00330	LOC127069846
vv	map00340	LOC127069846
vv	map00350	LOC127069846
vv	map00360	LOC127069846
vv	map00380	LOC127069846
vv	map00950	LOC127069846
vv	map00982	LOC127069846
vv	map01100	LOC127069846
vv	map01110	LOC127069846
vv	map04726	LOC127069846
vv	map04728	LOC127069846
vv	map05030	LOC127069846
vv	map05031	LOC127069846
vv	map05034	LOC127069846
vv	map04141	LOC127069854
vv	map00270	LOC127069856
vv	map00430	LOC127069856
vv	map01100	LOC127069856
vv	map04140	LOC127069863
vv	map01521	LOC127069865
vv	map01522	LOC127069865
vv	map01524	LOC127069865
vv	map04010	LOC127069865
vv	map04012	LOC127069865
vv	map04014	LOC127069865
vv	map04015	LOC127069865
vv	map04022	LOC127069865
vv	map04024	LOC127069865
vv	map04062	LOC127069865
vv	map04066	LOC127069865
vv	map04068	LOC127069865
vv	map04071	LOC127069865
vv	map04072	LOC127069865
vv	map04140	LOC127069865
vv	map04150	LOC127069865
vv	map04151	LOC127069865
vv	map04152	LOC127069865
vv	map04210	LOC127069865
vv	map04211	LOC127069865
vv	map04212	LOC127069865
vv	map04213	LOC127069865
vv	map04218	LOC127069865
vv	map04261	LOC127069865
vv	map04370	LOC127069865
vv	map04371	LOC127069865
vv	map04380	LOC127069865
vv	map04510	LOC127069865
vv	map04550	LOC127069865
vv	map04611	LOC127069865
vv	map04620	LOC127069865
vv	map04630	LOC127069865
vv	map04660	LOC127069865
vv	map04662	LOC127069865
vv	map04664	LOC127069865
vv	map04666	LOC127069865
vv	map04668	LOC127069865
vv	map04722	LOC127069865
vv	map04725	LOC127069865
vv	map04728	LOC127069865
vv	map04910	LOC127069865
vv	map04914	LOC127069865
vv	map04915	LOC127069865
vv	map04917	LOC127069865
vv	map04919	LOC127069865
vv	map04920	LOC127069865
vv	map04922	LOC127069865
vv	map04923	LOC127069865
vv	map04926	LOC127069865
vv	map04931	LOC127069865
vv	map04932	LOC127069865
vv	map04933	LOC127069865
vv	map04973	LOC127069865
vv	map05142	LOC127069865
vv	map05145	LOC127069865
vv	map05152	LOC127069865
vv	map05160	LOC127069865
vv	map05161	LOC127069865
vv	map05162	LOC127069865
vv	map05164	LOC127069865
vv	map05165	LOC127069865
vv	map05166	LOC127069865
vv	map05167	LOC127069865
vv	map05169	LOC127069865
vv	map05200	LOC127069865
vv	map05205	LOC127069865
vv	map05210	LOC127069865
vv	map05211	LOC127069865
vv	map05212	LOC127069865
vv	map05213	LOC127069865
vv	map05214	LOC127069865
vv	map05215	LOC127069865
vv	map05218	LOC127069865
vv	map05220	LOC127069865
vv	map05221	LOC127069865
vv	map05222	LOC127069865
vv	map05223	LOC127069865
vv	map05224	LOC127069865
vv	map05225	LOC127069865
vv	map05226	LOC127069865
vv	map05230	LOC127069865
vv	map05231	LOC127069865
vv	map05418	LOC127069865
vv	map00564	LOC127069873
vv	map04146	LOC127069873
vv	map00010	LOC127069874
vv	map00020	LOC127069874
vv	map00620	LOC127069874
vv	map01100	LOC127069874
vv	map01110	LOC127069874
vv	map01120	LOC127069874
vv	map01130	LOC127069874
vv	map01200	LOC127069874
vv	map01521	LOC127069876
vv	map01522	LOC127069876
vv	map04010	LOC127069876
vv	map04014	LOC127069876
vv	map04015	LOC127069876
vv	map04022	LOC127069876
vv	map04066	LOC127069876
vv	map04068	LOC127069876
vv	map04072	LOC127069876
vv	map04114	LOC127069876
vv	map04140	LOC127069876
vv	map04144	LOC127069876
vv	map04150	LOC127069876
vv	map04151	LOC127069876
vv	map04152	LOC127069876
vv	map04211	LOC127069876
vv	map04212	LOC127069876
vv	map04213	LOC127069876
vv	map04510	LOC127069876
vv	map04520	LOC127069876
vv	map04550	LOC127069876
vv	map04730	LOC127069876
vv	map04910	LOC127069876
vv	map04913	LOC127069876
vv	map04914	LOC127069876
vv	map04923	LOC127069876
vv	map04930	LOC127069876
vv	map04931	LOC127069876
vv	map04932	LOC127069876
vv	map04960	LOC127069876
vv	map05200	LOC127069876
vv	map05202	LOC127069876
vv	map05205	LOC127069876
vv	map05214	LOC127069876
vv	map05215	LOC127069876
vv	map05218	LOC127069876
vv	map05224	LOC127069876
vv	map05225	LOC127069876
vv	map04022	LOC127069878
vv	map04270	LOC127069878
vv	map04540	LOC127069878
vv	map04611	LOC127069878
vv	map04713	LOC127069878
vv	map04714	LOC127069878
vv	map04730	LOC127069878
vv	map04740	LOC127069878
vv	map04923	LOC127069878
vv	map04970	LOC127069878
vv	map03050	LOC127069880
vv	map05169	LOC127069880
vv	map00250	LOC127069883
vv	map00260	LOC127069883
vv	map00311	LOC127069883
vv	map00330	LOC127069883
vv	map00472	LOC127069883
vv	map01100	LOC127069883
vv	map01130	LOC127069883
vv	map04146	LOC127069883
vv	map05166	LOC127069884
vv	map00340	LOC127069885
vv	map00350	LOC127069885
vv	map00360	LOC127069885
vv	map00380	LOC127069885
vv	map00901	LOC127069885
vv	map00950	LOC127069885
vv	map00965	LOC127069885
vv	map01100	LOC127069885
vv	map01110	LOC127069885
vv	map04726	LOC127069885
vv	map04728	LOC127069885
vv	map05030	LOC127069885
vv	map05031	LOC127069885
vv	map05034	LOC127069885
vv	map00340	LOC127069887
vv	map00350	LOC127069887
vv	map00360	LOC127069887
vv	map00380	LOC127069887
vv	map00901	LOC127069887
vv	map00950	LOC127069887
vv	map00965	LOC127069887
vv	map01100	LOC127069887
vv	map01110	LOC127069887
vv	map04726	LOC127069887
vv	map04728	LOC127069887
vv	map05030	LOC127069887
vv	map05031	LOC127069887
vv	map05034	LOC127069887
vv	map04721	LOC127069888
vv	map04723	LOC127069888
vv	map04727	LOC127069888
vv	map05032	LOC127069888
vv	map05033	LOC127069888
vv	map00190	LOC127069892
vv	map01100	LOC127069892
vv	map04714	LOC127069892
vv	map05010	LOC127069892
vv	map05012	LOC127069892
vv	map05016	LOC127069892
vv	map04144	LOC127069894
vv	map00230	LOC127069895
vv	map01100	LOC127069895
vv	map05340	LOC127069895
vv	map00250	LOC127069896
vv	map00260	LOC127069896
vv	map00311	LOC127069896
vv	map00330	LOC127069896
vv	map00472	LOC127069896
vv	map01100	LOC127069896
vv	map01130	LOC127069896
vv	map04146	LOC127069896
vv	map04145	LOC127069897
vv	map04210	LOC127069897
vv	map04530	LOC127069897
vv	map04540	LOC127069897
vv	map05130	LOC127069897
vv	map03013	LOC127069898
vv	map04138	LOC127069898
vv	map04140	LOC127069898
vv	map04141	LOC127069898
vv	map04210	LOC127069898
vv	map04932	LOC127069898
vv	map05160	LOC127069898
vv	map05162	LOC127069898
vv	map05164	LOC127069898
vv	map05168	LOC127069898
vv	map03010	LOC127069899
vv	map03008	LOC127069903
vv	map03013	LOC127069903
vv	map03040	LOC127069904
vv	map04962	LOC127069905
vv	map05016	LOC127069905
vv	map03010	LOC127069907
vv	map04137	LOC127069911
vv	map05012	LOC127069911
vv	map03010	LOC127069929
vv	map03010	LOC127069932
vv	map04340	LOC127069932
vv	map04341	LOC127069932
vv	map04120	LOC127069934
vv	map04141	LOC127069934
vv	map05012	LOC127069934
vv	map03010	LOC127069940
vv	map03013	LOC127069954
vv	map04144	LOC127069955
vv	map04145	LOC127069957
vv	map04151	LOC127069957
vv	map04510	LOC127069957
vv	map04512	LOC127069957
vv	map05144	LOC127069957
vv	map05165	LOC127069957
vv	map03060	LOC127069958
vv	map05166	LOC127069962
vv	map01521	LOC127069964
vv	map04012	LOC127069964
vv	map04062	LOC127069964
vv	map04110	LOC127069964
vv	map04150	LOC127069964
vv	map04151	LOC127069964
vv	map04310	LOC127069964
vv	map04340	LOC127069964
vv	map04341	LOC127069964
vv	map04360	LOC127069964
vv	map04390	LOC127069964
vv	map04510	LOC127069964
vv	map04550	LOC127069964
vv	map04657	LOC127069964
vv	map04660	LOC127069964
vv	map04662	LOC127069964
vv	map04711	LOC127069964
vv	map04722	LOC127069964
vv	map04728	LOC127069964
vv	map04910	LOC127069964
vv	map04916	LOC127069964
vv	map04917	LOC127069964
vv	map04919	LOC127069964
vv	map04931	LOC127069964
vv	map04932	LOC127069964
vv	map04934	LOC127069964
vv	map05010	LOC127069964
vv	map05160	LOC127069964
vv	map05162	LOC127069964
vv	map05164	LOC127069964
vv	map05165	LOC127069964
vv	map05166	LOC127069964
vv	map05167	LOC127069964
vv	map05169	LOC127069964
vv	map05200	LOC127069964
vv	map05210	LOC127069964
vv	map05213	LOC127069964
vv	map05215	LOC127069964
vv	map05217	LOC127069964
vv	map05224	LOC127069964
vv	map05225	LOC127069964
vv	map05226	LOC127069964
vv	map03030	LOC127069966
vv	map03410	LOC127069966
vv	map03450	LOC127069966
vv	map04080	LOC127069967
vv	map04912	LOC127069967
vv	map04919	LOC127069969
vv	map00564	LOC127070007
vv	map04961	LOC127070009
vv	map04970	LOC127070009
vv	map04978	LOC127070009
vv	map04013	LOC127070011
vv	map05010	LOC127070012
vv	map04910	LOC127070013
vv	map00790	LOC127070014
vv	map01100	LOC127070014
vv	map01523	LOC127070014
vv	map04010	LOC127070015
vv	map04012	LOC127070015
vv	map04013	LOC127070015
vv	map04620	LOC127070015
vv	map04664	LOC127070015
vv	map04668	LOC127070015
vv	map04912	LOC127070015
vv	map04926	LOC127070015
vv	map05120	LOC127070015
vv	map05142	LOC127070015
vv	map05161	LOC127070015
vv	map05164	LOC127070015
vv	map05166	LOC127070015
vv	map05167	LOC127070015
vv	map05169	LOC127070015
vv	map05418	LOC127070015
vv	map00240	LOC127070016
vv	map00983	LOC127070016
vv	map01100	LOC127070016
vv	map04015	LOC127070025
vv	map04510	LOC127070025
vv	map04722	LOC127070025
vv	map04910	LOC127070025
vv	map05211	LOC127070025
vv	map04146	LOC127070028
vv	map04621	LOC127070028
vv	map03013	LOC127070032
vv	map04150	LOC127070032
vv	map00190	LOC127070038
vv	map01100	LOC127070038
vv	map04714	LOC127070038
vv	map04723	LOC127070038
vv	map04932	LOC127070038
vv	map05010	LOC127070038
vv	map05012	LOC127070038
vv	map05016	LOC127070038
vv	map04360	LOC127070042
vv	map03040	LOC127070046
vv	map04110	LOC127070048
vv	map04111	LOC127070048
vv	map04113	LOC127070048
vv	map04115	LOC127070048
vv	map04218	LOC127070048
vv	map05166	LOC127070048
vv	map05203	LOC127070048
vv	map04150	LOC127070050
vv	map04310	LOC127070050
vv	map04390	LOC127070050
vv	map04550	LOC127070050
vv	map04916	LOC127070050
vv	map04934	LOC127070050
vv	map05165	LOC127070050
vv	map05166	LOC127070050
vv	map05200	LOC127070050
vv	map05205	LOC127070050
vv	map05217	LOC127070050
vv	map05224	LOC127070050
vv	map05225	LOC127070050
vv	map05226	LOC127070050
vv	map04260	LOC127070054
vv	map04261	LOC127070054
vv	map04530	LOC127070054
vv	map05416	LOC127070054
vv	map00310	LOC127070055
vv	map04142	LOC127070056
vv	map00563	LOC127070059
vv	map01100	LOC127070059
vv	map00020	LOC127070061
vv	map00190	LOC127070061
vv	map01100	LOC127070061
vv	map01110	LOC127070061
vv	map01120	LOC127070061
vv	map01130	LOC127070061
vv	map01200	LOC127070061
vv	map04714	LOC127070061
vv	map04932	LOC127070061
vv	map05010	LOC127070061
vv	map05012	LOC127070061
vv	map05016	LOC127070061
vv	map04138	LOC127070062
vv	map05202	LOC127070063
vv	map04144	LOC127070064
vv	map03040	LOC127070065
vv	map03010	LOC127070068
vv	map00020	LOC127070069
vv	map00190	LOC127070069
vv	map01100	LOC127070069
vv	map01110	LOC127070069
vv	map01120	LOC127070069
vv	map01130	LOC127070069
vv	map01200	LOC127070069
vv	map04714	LOC127070069
vv	map04932	LOC127070069
vv	map05010	LOC127070069
vv	map05012	LOC127070069
vv	map05016	LOC127070069
vv	map00071	LOC127070090
vv	map04713	LOC127070090
vv	map04934	LOC127070090
vv	map04140	LOC127070104
vv	map04144	LOC127070104
vv	map00510	LOC127070157
vv	map03010	LOC127070195
vv	map04013	LOC127070209
vv	map04310	LOC127070209
vv	map04330	LOC127070209
vv	map04010	LOC127070234
vv	map04013	LOC127070234
vv	map04064	LOC127070234
vv	map04140	LOC127070234
vv	map04152	LOC127070234
vv	map04214	LOC127070234
vv	map04310	LOC127070234
vv	map04380	LOC127070234
vv	map04520	LOC127070234
vv	map04620	LOC127070234
vv	map04621	LOC127070234
vv	map04622	LOC127070234
vv	map04624	LOC127070234
vv	map04657	LOC127070234
vv	map04660	LOC127070234
vv	map04668	LOC127070234
vv	map05140	LOC127070234
vv	map05145	LOC127070234
vv	map05162	LOC127070234
vv	map05168	LOC127070234
vv	map05169	LOC127070234
vv	map05418	LOC127070234
vv	map03013	LOC127070241
vv	map03013	LOC127070244
vv	map04810	LOC127070244
vv	map03010	LOC127070248
vv	map00531	LOC127070250
vv	map01100	LOC127070250
vv	map04142	LOC127070250
vv	map03018	LOC127070251
vv	map05100	LOC127070263
vv	map00600	LOC127070264
vv	map01100	LOC127070264
vv	map04071	LOC127070264
vv	map01524	LOC127070265
vv	map03440	LOC127070265
vv	map04064	LOC127070265
vv	map04068	LOC127070265
vv	map04110	LOC127070265
vv	map04115	LOC127070265
vv	map04210	LOC127070265
vv	map04214	LOC127070265
vv	map04218	LOC127070265
vv	map05165	LOC127070265
vv	map05166	LOC127070265
vv	map05202	LOC127070265
vv	map05206	LOC127070265
vv	map03050	LOC127070267
vv	map00230	LOC127070268
vv	map00240	LOC127070268
vv	map01100	LOC127070268
vv	map03020	LOC127070268
vv	map04623	LOC127070268
vv	map05016	LOC127070268
vv	map05169	LOC127070268
vv	map04130	LOC127070272
vv	map00561	LOC127070275
vv	map01100	LOC127070275
vv	map04714	LOC127070275
vv	map04923	LOC127070275
vv	map05206	LOC127070286
vv	map04022	LOC127070292
vv	map04024	LOC127070292
vv	map04062	LOC127070292
vv	map04071	LOC127070292
vv	map04270	LOC127070292
vv	map04310	LOC127070292
vv	map04350	LOC127070292
vv	map04360	LOC127070292
vv	map04510	LOC127070292
vv	map04530	LOC127070292
vv	map04611	LOC127070292
vv	map04670	LOC127070292
vv	map04810	LOC127070292
vv	map04921	LOC127070292
vv	map05130	LOC127070292
vv	map05131	LOC127070292
vv	map05132	LOC127070292
vv	map05200	LOC127070292
vv	map05205	LOC127070292
vv	map05206	LOC127070292
vv	map04514	LOC127070293
vv	map00740	LOC127070296
vv	map00860	LOC127070296
vv	map01100	LOC127070296
vv	map01110	LOC127070296
vv	map00514	LOC127070298
vv	map00515	LOC127070298
vv	map01100	LOC127070298
vv	map00330	LOC127070299
vv	map01100	LOC127070299
vv	map01110	LOC127070299
vv	map01230	LOC127070299
vv	map00230	LOC127070301
vv	map01100	LOC127070301
vv	map04621	LOC127070301
vv	map03040	LOC127070306
vv	map00730	LOC127070307
vv	map00790	LOC127070307
vv	map01100	LOC127070307
vv	map02020	LOC127070307
vv	map05231	LOC127070309
vv	map04014	LOC127070317
vv	map04020	LOC127070317
vv	map04024	LOC127070317
vv	map04080	LOC127070317
vv	map04726	LOC127070317
vv	map04742	LOC127070317
vv	map03010	LOC127070326
vv	map04066	LOC127070327
vv	map04120	LOC127070327
vv	map05200	LOC127070327
vv	map05211	LOC127070327
vv	map05165	LOC127070330
vv	map05166	LOC127070330
vv	map05200	LOC127070330
vv	map05225	LOC127070330
vv	map05226	LOC127070330
vv	map04014	LOC127070331
vv	map04062	LOC127070331
vv	map04151	LOC127070331
vv	map04371	LOC127070331
vv	map04713	LOC127070331
vv	map04723	LOC127070331
vv	map04724	LOC127070331
vv	map04725	LOC127070331
vv	map04726	LOC127070331
vv	map04727	LOC127070331
vv	map04728	LOC127070331
vv	map04926	LOC127070331
vv	map05032	LOC127070331
vv	map05034	LOC127070331
vv	map05167	LOC127070331
vv	map05200	LOC127070331
vv	map00310	LOC127070332
vv	map04934	LOC127070332
vv	map05202	LOC127070332
vv	map04013	LOC127070333
vv	map03013	LOC127070334
vv	map03015	LOC127070334
vv	map03018	LOC127070336
vv	map04360	LOC127070337
vv	map04142	LOC127070338
vv	map04137	LOC127070340
vv	map04380	LOC127070340
vv	map04916	LOC127070340
vv	map05200	LOC127070340
vv	map05202	LOC127070340
vv	map05218	LOC127070340
vv	map04068	LOC127070342
vv	map04724	LOC127070342
vv	map04350	LOC127070344
vv	map04550	LOC127070344
vv	map00514	LOC127070346
vv	map00010	LOC127070348
vv	map00020	LOC127070348
vv	map00310	LOC127070348
vv	map00620	LOC127070348
vv	map01100	LOC127070348
vv	map01110	LOC127070348
vv	map01120	LOC127070348
vv	map01130	LOC127070348
vv	map01200	LOC127070348
vv	map04066	LOC127070348
vv	map04922	LOC127070348
vv	map05230	LOC127070348
vv	map04140	LOC127070349
vv	map04142	LOC127070349
vv	map04145	LOC127070349
vv	map04210	LOC127070349
vv	map04380	LOC127070349
vv	map04612	LOC127070349
vv	map04620	LOC127070349
vv	map05205	LOC127070349
vv	map05323	LOC127070349
vv	map05418	LOC127070349
vv	map03013	LOC127070353
vv	map04145	LOC127070366
vv	map04962	LOC127070366
vv	map05132	LOC127070366
vv	map03022	LOC127070369
vv	map05168	LOC127070369
vv	map04110	LOC127070371
vv	map04111	LOC127070371
vv	map04113	LOC127070371
vv	map01524	LOC127070373
vv	map04064	LOC127070373
vv	map04120	LOC127070373
vv	map04210	LOC127070373
vv	map04214	LOC127070373
vv	map04215	LOC127070373
vv	map04217	LOC127070373
vv	map04510	LOC127070373
vv	map04621	LOC127070373
vv	map04624	LOC127070373
vv	map04668	LOC127070373
vv	map05145	LOC127070373
vv	map05166	LOC127070373
vv	map05200	LOC127070373
vv	map05222	LOC127070373
vv	map01524	LOC127070374
vv	map04110	LOC127070374
vv	map04111	LOC127070374
vv	map04113	LOC127070374
vv	map04114	LOC127070374
vv	map04115	LOC127070374
vv	map04120	LOC127070374
vv	map04210	LOC127070374
vv	map04214	LOC127070374
vv	map04215	LOC127070374
vv	map05010	LOC127070374
vv	map05012	LOC127070374
vv	map05014	LOC127070374
vv	map05016	LOC127070374
vv	map05134	LOC127070374
vv	map05152	LOC127070374
vv	map05161	LOC127070374
vv	map05166	LOC127070374
vv	map05200	LOC127070374
vv	map05203	LOC127070374
vv	map05222	LOC127070374
vv	map00071	LOC127070375
vv	map00072	LOC127070375
vv	map00280	LOC127070375
vv	map00310	LOC127070375
vv	map00362	LOC127070375
vv	map00380	LOC127070375
vv	map00620	LOC127070375
vv	map00630	LOC127070375
vv	map00640	LOC127070375
vv	map00650	LOC127070375
vv	map00720	LOC127070375
vv	map00900	LOC127070375
vv	map01100	LOC127070375
vv	map01110	LOC127070375
vv	map01120	LOC127070375
vv	map01130	LOC127070375
vv	map01200	LOC127070375
vv	map01212	LOC127070375
vv	map02020	LOC127070375
vv	map00230	LOC127070378
vv	map01524	LOC127070379
vv	map04064	LOC127070379
vv	map04120	LOC127070379
vv	map04210	LOC127070379
vv	map04214	LOC127070379
vv	map04215	LOC127070379
vv	map04217	LOC127070379
vv	map04510	LOC127070379
vv	map04621	LOC127070379
vv	map05145	LOC127070379
vv	map05166	LOC127070379
vv	map05200	LOC127070379
vv	map05222	LOC127070379
vv	map04120	LOC127070380
vv	map04141	LOC127070380
vv	map03010	LOC127070383
vv	map00230	LOC127070385
vv	map01522	LOC127070385
vv	map04015	LOC127070385
vv	map04020	LOC127070385
vv	map04022	LOC127070385
vv	map04024	LOC127070385
vv	map04062	LOC127070385
vv	map04072	LOC127070385
vv	map04114	LOC127070385
vv	map04211	LOC127070385
vv	map04213	LOC127070385
vv	map04261	LOC127070385
vv	map04270	LOC127070385
vv	map04371	LOC127070385
vv	map04540	LOC127070385
vv	map04611	LOC127070385
vv	map04713	LOC127070385
vv	map04714	LOC127070385
vv	map04723	LOC127070385
vv	map04724	LOC127070385
vv	map04725	LOC127070385
vv	map04727	LOC127070385
vv	map04750	LOC127070385
vv	map04911	LOC127070385
vv	map04912	LOC127070385
vv	map04913	LOC127070385
vv	map04914	LOC127070385
vv	map04915	LOC127070385
vv	map04916	LOC127070385
vv	map04918	LOC127070385
vv	map04921	LOC127070385
vv	map04923	LOC127070385
vv	map04925	LOC127070385
vv	map04926	LOC127070385
vv	map04927	LOC127070385
vv	map04934	LOC127070385
vv	map04961	LOC127070385
vv	map04962	LOC127070385
vv	map04970	LOC127070385
vv	map04971	LOC127070385
vv	map04972	LOC127070385
vv	map04976	LOC127070385
vv	map05032	LOC127070385
vv	map05110	LOC127070385
vv	map05166	LOC127070385
vv	map05200	LOC127070385
vv	map05414	LOC127070385
vv	map00564	LOC127070390
vv	map00565	LOC127070390
vv	map01100	LOC127070390
vv	map01110	LOC127070390
vv	map04014	LOC127070390
vv	map04024	LOC127070390
vv	map04071	LOC127070390
vv	map04072	LOC127070390
vv	map04144	LOC127070390
vv	map04666	LOC127070390
vv	map04724	LOC127070390
vv	map04912	LOC127070390
vv	map05231	LOC127070390
vv	map03013	LOC127070391
vv	map04010	LOC127070392
vv	map00310	LOC127070397
vv	map05206	LOC127070397
vv	map03008	LOC127070399
vv	map04141	LOC127070401
vv	map05110	LOC127070401
vv	map00053	LOC127070406
vv	map00562	LOC127070406
vv	map04218	LOC127070414
vv	map04810	LOC127070417
vv	map03060	LOC127070423
vv	map03008	LOC127070429
vv	map04810	LOC127070431
vv	map04390	LOC127070439
vv	map04391	LOC127070439
vv	map04530	LOC127070439
vv	map04660	LOC127070439
vv	map05165	LOC127070439
vv	map05166	LOC127070439
vv	map05203	LOC127070439
vv	map04714	LOC127070440
vv	map05225	LOC127070440
vv	map04142	LOC127070441
vv	map04136	LOC127070445
vv	map04138	LOC127070445
vv	map04140	LOC127070445
vv	map04371	LOC127070445
vv	map04360	LOC127070446
vv	map00020	LOC127070452
vv	map01100	LOC127070452
vv	map01110	LOC127070452
vv	map01120	LOC127070452
vv	map01130	LOC127070452
vv	map01200	LOC127070452
vv	map01210	LOC127070452
vv	map01230	LOC127070452
vv	map04130	LOC127070455
vv	map03050	LOC127070457
vv	map05169	LOC127070457
vv	map03013	LOC127070459
vv	map00240	LOC127070460
vv	map00410	LOC127070460
vv	map00770	LOC127070460
vv	map00983	LOC127070460
vv	map01100	LOC127070460
vv	map04013	LOC127070461
vv	map05203	LOC127070462
vv	map00062	LOC127070465
vv	map00071	LOC127070465
vv	map00280	LOC127070465
vv	map01100	LOC127070465
vv	map01110	LOC127070465
vv	map01130	LOC127070465
vv	map01212	LOC127070465
vv	map03440	LOC127070467
vv	map03010	LOC127070469
vv	map05203	LOC127070469
vv	map00564	LOC127070474
vv	map00565	LOC127070474
vv	map00590	LOC127070474
vv	map00591	LOC127070474
vv	map00592	LOC127070474
vv	map01100	LOC127070474
vv	map01110	LOC127070474
vv	map04014	LOC127070474
vv	map04270	LOC127070474
vv	map04972	LOC127070474
vv	map04975	LOC127070474
vv	map03040	LOC127070478
vv	map04013	LOC127070481
vv	map04120	LOC127070483
vv	map04144	LOC127070483
vv	map04668	LOC127070483
vv	map04932	LOC127070483
vv	map04726	LOC127070484
vv	map05010	LOC127070484
vv	map00920	LOC127070485
vv	map03010	LOC127070487
vv	map00100	LOC127070489
vv	map04142	LOC127070489
vv	map04714	LOC127070489
vv	map04979	LOC127070489
vv	map04110	LOC127070490
vv	map01521	LOC127070491
vv	map04010	LOC127070491
vv	map04014	LOC127070491
vv	map04015	LOC127070491
vv	map04060	LOC127070491
vv	map04072	LOC127070491
vv	map04151	LOC127070491
vv	map04510	LOC127070491
vv	map04540	LOC127070491
vv	map04630	LOC127070491
vv	map04810	LOC127070491
vv	map04926	LOC127070491
vv	map04933	LOC127070491
vv	map05166	LOC127070491
vv	map05167	LOC127070491
vv	map05200	LOC127070491
vv	map05202	LOC127070491
vv	map05206	LOC127070491
vv	map05211	LOC127070491
vv	map05214	LOC127070491
vv	map05215	LOC127070491
vv	map05218	LOC127070491
vv	map05231	LOC127070491
vv	map05418	LOC127070491
vv	map00340	LOC127070497
vv	map00350	LOC127070497
vv	map00360	LOC127070497
vv	map00380	LOC127070497
vv	map00901	LOC127070497
vv	map00950	LOC127070497
vv	map00965	LOC127070497
vv	map01100	LOC127070497
vv	map01110	LOC127070497
vv	map04726	LOC127070497
vv	map04728	LOC127070497
vv	map05030	LOC127070497
vv	map05031	LOC127070497
vv	map05034	LOC127070497
vv	map04146	LOC127070498
vv	map04659	LOC127070500
vv	map04710	LOC127070500
vv	map05321	LOC127070500
vv	map05130	LOC127070501
vv	map04962	LOC127070502
vv	map00062	LOC127070504
vv	map01110	LOC127070504
vv	map00230	LOC127070507
vv	map00240	LOC127070507
vv	map01100	LOC127070507
vv	map03020	LOC127070507
vv	map04623	LOC127070507
vv	map05169	LOC127070507
vv	map04612	LOC127070508
vv	map04014	LOC127070510
vv	map04015	LOC127070510
vv	map04016	LOC127070510
vv	map04020	LOC127070510
vv	map04022	LOC127070510
vv	map04024	LOC127070510
vv	map04070	LOC127070510
vv	map04114	LOC127070510
vv	map04218	LOC127070510
vv	map04261	LOC127070510
vv	map04270	LOC127070510
vv	map04371	LOC127070510
vv	map04626	LOC127070510
vv	map04713	LOC127070510
vv	map04720	LOC127070510
vv	map04722	LOC127070510
vv	map04728	LOC127070510
vv	map04740	LOC127070510
vv	map04744	LOC127070510
vv	map04745	LOC127070510
vv	map04750	LOC127070510
vv	map04910	LOC127070510
vv	map04912	LOC127070510
vv	map04915	LOC127070510
vv	map04916	LOC127070510
vv	map04921	LOC127070510
vv	map04922	LOC127070510
vv	map04924	LOC127070510
vv	map04925	LOC127070510
vv	map04970	LOC127070510
vv	map04971	LOC127070510
vv	map05010	LOC127070510
vv	map05031	LOC127070510
vv	map05034	LOC127070510
vv	map05133	LOC127070510
vv	map05152	LOC127070510
vv	map05167	LOC127070510
vv	map05200	LOC127070510
vv	map05214	LOC127070510
vv	map05418	LOC127070510
vv	map04013	LOC127070512
vv	map05200	LOC127070512
vv	map05223	LOC127070512
vv	map00062	LOC127070514
vv	map01110	LOC127070514
vv	map04141	LOC127070516
vv	map04210	LOC127070516
vv	map04217	LOC127070516
vv	map04218	LOC127070516
vv	map04510	LOC127070516
vv	map05010	LOC127070516
vv	map00062	LOC127070519
vv	map01110	LOC127070519
vv	map04142	LOC127070520
vv	map04722	LOC127070524
vv	map04910	LOC127070524
vv	map03022	LOC127070526
vv	map03420	LOC127070526
vv	map05203	LOC127070526
vv	map04714	LOC127070528
vv	map05225	LOC127070528
vv	map04978	LOC127070530
vv	map04360	LOC127070545
vv	map04360	LOC127070550
vv	map04666	LOC127070550
vv	map04810	LOC127070550
vv	map05133	LOC127070550
vv	map04144	LOC127070553
vv	map04666	LOC127070553
vv	map00062	LOC127070554
vv	map01110	LOC127070554
vv	map04080	LOC127070556
vv	map00230	LOC127070558
vv	map01522	LOC127070558
vv	map04015	LOC127070558
vv	map04020	LOC127070558
vv	map04022	LOC127070558
vv	map04024	LOC127070558
vv	map04062	LOC127070558
vv	map04072	LOC127070558
vv	map04114	LOC127070558
vv	map04211	LOC127070558
vv	map04213	LOC127070558
vv	map04261	LOC127070558
vv	map04270	LOC127070558
vv	map04371	LOC127070558
vv	map04540	LOC127070558
vv	map04611	LOC127070558
vv	map04713	LOC127070558
vv	map04714	LOC127070558
vv	map04723	LOC127070558
vv	map04724	LOC127070558
vv	map04725	LOC127070558
vv	map04727	LOC127070558
vv	map04742	LOC127070558
vv	map04750	LOC127070558
vv	map04911	LOC127070558
vv	map04912	LOC127070558
vv	map04913	LOC127070558
vv	map04914	LOC127070558
vv	map04915	LOC127070558
vv	map04916	LOC127070558
vv	map04918	LOC127070558
vv	map04921	LOC127070558
vv	map04922	LOC127070558
vv	map04923	LOC127070558
vv	map04925	LOC127070558
vv	map04926	LOC127070558
vv	map04927	LOC127070558
vv	map04934	LOC127070558
vv	map04970	LOC127070558
vv	map04971	LOC127070558
vv	map04972	LOC127070558
vv	map04976	LOC127070558
vv	map05032	LOC127070558
vv	map05166	LOC127070558
vv	map05200	LOC127070558
vv	map05414	LOC127070558
vv	map00030	LOC127070559
vv	map00053	LOC127070559
vv	map00930	LOC127070559
vv	map01100	LOC127070559
vv	map01110	LOC127070559
vv	map01120	LOC127070559
vv	map01130	LOC127070559
vv	map01200	LOC127070559
vv	map01220	LOC127070559
vv	map04111	LOC127070559
vv	map00511	LOC127070560
vv	map00513	LOC127070560
vv	map00520	LOC127070560
vv	map00531	LOC127070560
vv	map00603	LOC127070560
vv	map00604	LOC127070560
vv	map01100	LOC127070560
vv	map04142	LOC127070560
vv	map03440	LOC127070562
vv	map00062	LOC127070563
vv	map01110	LOC127070563
vv	map03013	LOC127070580
vv	map04136	LOC127070582
vv	map04140	LOC127070582
vv	map04211	LOC127070582
vv	map03013	LOC127070588
vv	map04151	LOC127070601
vv	map04510	LOC127070601
vv	map04512	LOC127070601
vv	map04926	LOC127070601
vv	map04933	LOC127070601
vv	map04974	LOC127070601
vv	map05146	LOC127070601
vv	map05165	LOC127070601
vv	map05200	LOC127070601
vv	map05222	LOC127070601
vv	map04151	LOC127070602
vv	map04510	LOC127070602
vv	map04512	LOC127070602
vv	map04926	LOC127070602
vv	map04933	LOC127070602
vv	map04974	LOC127070602
vv	map05146	LOC127070602
vv	map05165	LOC127070602
vv	map05200	LOC127070602
vv	map05222	LOC127070602
vv	map04915	LOC127070603
vv	map04919	LOC127070603
vv	map04214	LOC127070605
vv	map00562	LOC127070607
vv	map01100	LOC127070607
vv	map04070	LOC127070607
vv	map04310	LOC127070608
vv	map04390	LOC127070608
vv	map04550	LOC127070608
vv	map04810	LOC127070608
vv	map04934	LOC127070608
vv	map05165	LOC127070608
vv	map05166	LOC127070608
vv	map05200	LOC127070608
vv	map05206	LOC127070608
vv	map05210	LOC127070608
vv	map05213	LOC127070608
vv	map05217	LOC127070608
vv	map05224	LOC127070608
vv	map05225	LOC127070608
vv	map05226	LOC127070608
vv	map04141	LOC127070609
vv	map04217	LOC127070611
vv	map05034	LOC127070611
vv	map05322	LOC127070611
vv	map00340	LOC127070613
vv	map00350	LOC127070613
vv	map00360	LOC127070613
vv	map00380	LOC127070613
vv	map00901	LOC127070613
vv	map00950	LOC127070613
vv	map00965	LOC127070613
vv	map01100	LOC127070613
vv	map01110	LOC127070613
vv	map04726	LOC127070613
vv	map04728	LOC127070613
vv	map05030	LOC127070613
vv	map05031	LOC127070613
vv	map05034	LOC127070613
vv	map00130	LOC127070615
vv	map00270	LOC127070615
vv	map00350	LOC127070615
vv	map00360	LOC127070615
vv	map00400	LOC127070615
vv	map00401	LOC127070615
vv	map00950	LOC127070615
vv	map00960	LOC127070615
vv	map01100	LOC127070615
vv	map01110	LOC127070615
vv	map01130	LOC127070615
vv	map01230	LOC127070615
vv	map04145	LOC127070616
vv	map04210	LOC127070616
vv	map04530	LOC127070616
vv	map04540	LOC127070616
vv	map05130	LOC127070616
vv	map05034	LOC127070618
vv	map05203	LOC127070618
vv	map05322	LOC127070618
vv	map04141	LOC127070619
vv	map00230	LOC127070626
vv	map00730	LOC127070626
vv	map01100	LOC127070626
vv	map01110	LOC127070626
vv	map01130	LOC127070626
vv	map03040	LOC127070630
vv	map04020	LOC127070631
vv	map04024	LOC127070631
vv	map04080	LOC127070631
vv	map04141	LOC127070633
vv	map00062	LOC127070634
vv	map01110	LOC127070634
vv	map00500	LOC127070636
vv	map01100	LOC127070636
vv	map04141	LOC127070649
vv	map05134	LOC127070649
vv	map04010	LOC127070650
vv	map04110	LOC127070650
vv	map04114	LOC127070650
vv	map04218	LOC127070650
vv	map04914	LOC127070650
vv	map05206	LOC127070650
vv	map00240	LOC127070651
vv	map04310	LOC127070651
vv	map00510	LOC127070652
vv	map00513	LOC127070652
vv	map01100	LOC127070652
vv	map04136	LOC127070653
vv	map04138	LOC127070653
vv	map04140	LOC127070653
vv	map04721	LOC127070654
vv	map04726	LOC127070654
vv	map04728	LOC127070654
vv	map05012	LOC127070654
vv	map05030	LOC127070654
vv	map05031	LOC127070654
vv	map05034	LOC127070654
vv	map04141	LOC127070663
vv	map05034	LOC127070667
vv	map05202	LOC127070667
vv	map05322	LOC127070667
vv	map00230	LOC127070669
vv	map00730	LOC127070669
vv	map01100	LOC127070669
vv	map01110	LOC127070669
vv	map01130	LOC127070669
vv	map03013	LOC127070673
vv	map04062	LOC127070673
vv	map04666	LOC127070673
vv	map03013	LOC127070674
vv	map04062	LOC127070674
vv	map04666	LOC127070674
vv	map03013	LOC127070675
vv	map04062	LOC127070675
vv	map04666	LOC127070675
vv	map05034	LOC127070680
vv	map05203	LOC127070680
vv	map05322	LOC127070680
vv	map00190	LOC127070682
vv	map01100	LOC127070682
vv	map04145	LOC127070682
vv	map04721	LOC127070682
vv	map04966	LOC127070682
vv	map05110	LOC127070682
vv	map05120	LOC127070682
vv	map05323	LOC127070682
vv	map04110	LOC127070695
vv	map04111	LOC127070695
vv	map03060	LOC127070698
vv	map04141	LOC127070698
vv	map04918	LOC127070698
vv	map05020	LOC127070698
vv	map05322	LOC127070699
vv	map04015	LOC127070703
vv	map04145	LOC127070703
vv	map04210	LOC127070703
vv	map04390	LOC127070703
vv	map04391	LOC127070703
vv	map04510	LOC127070703
vv	map04520	LOC127070703
vv	map04530	LOC127070703
vv	map04611	LOC127070703
vv	map04670	LOC127070703
vv	map04714	LOC127070703
vv	map04745	LOC127070703
vv	map04810	LOC127070703
vv	map04919	LOC127070703
vv	map04921	LOC127070703
vv	map05100	LOC127070703
vv	map05110	LOC127070703
vv	map05130	LOC127070703
vv	map05131	LOC127070703
vv	map05132	LOC127070703
vv	map05164	LOC127070703
vv	map05205	LOC127070703
vv	map05225	LOC127070703
vv	map05410	LOC127070703
vv	map05412	LOC127070703
vv	map05414	LOC127070703
vv	map05416	LOC127070703
vv	map05418	LOC127070703
vv	map04015	LOC127070704
vv	map04145	LOC127070704
vv	map04210	LOC127070704
vv	map04390	LOC127070704
vv	map04391	LOC127070704
vv	map04510	LOC127070704
vv	map04520	LOC127070704
vv	map04530	LOC127070704
vv	map04611	LOC127070704
vv	map04670	LOC127070704
vv	map04714	LOC127070704
vv	map04745	LOC127070704
vv	map04810	LOC127070704
vv	map04919	LOC127070704
vv	map04921	LOC127070704
vv	map05100	LOC127070704
vv	map05110	LOC127070704
vv	map05130	LOC127070704
vv	map05131	LOC127070704
vv	map05132	LOC127070704
vv	map05164	LOC127070704
vv	map05205	LOC127070704
vv	map05225	LOC127070704
vv	map05410	LOC127070704
vv	map05412	LOC127070704
vv	map05414	LOC127070704
vv	map05416	LOC127070704
vv	map05418	LOC127070704
vv	map00860	LOC127070706
vv	map01100	LOC127070706
vv	map01110	LOC127070706
vv	map01120	LOC127070706
vv	map04146	LOC127070707
vv	map00910	LOC127070708
vv	map04964	LOC127070708
vv	map00030	LOC127070709
vv	map01100	LOC127070709
vv	map01110	LOC127070709
vv	map01120	LOC127070709
vv	map01130	LOC127070709
vv	map01200	LOC127070709
vv	map03022	LOC127070711
vv	map05203	LOC127070711
vv	map03008	LOC127070712
vv	map04064	LOC127070712
vv	map04137	LOC127070712
vv	map04139	LOC127070712
vv	map04310	LOC127070712
vv	map04520	LOC127070712
vv	map04712	LOC127070712
vv	map05162	LOC127070712
vv	map05168	LOC127070712
vv	map05169	LOC127070712
vv	map03008	LOC127070713
vv	map04064	LOC127070713
vv	map04137	LOC127070713
vv	map04139	LOC127070713
vv	map04310	LOC127070713
vv	map04520	LOC127070713
vv	map04712	LOC127070713
vv	map05162	LOC127070713
vv	map05168	LOC127070713
vv	map05169	LOC127070713
vv	map01524	LOC127070714
vv	map04978	LOC127070714
vv	map03010	LOC127070716
vv	map03008	LOC127070720
vv	map04022	LOC127070722
vv	map04024	LOC127070722
vv	map04260	LOC127070722
vv	map04261	LOC127070722
vv	map04911	LOC127070722
vv	map04918	LOC127070722
vv	map04919	LOC127070722
vv	map04925	LOC127070722
vv	map04960	LOC127070722
vv	map04961	LOC127070722
vv	map04964	LOC127070722
vv	map04970	LOC127070722
vv	map04971	LOC127070722
vv	map04972	LOC127070722
vv	map04973	LOC127070722
vv	map04974	LOC127070722
vv	map04976	LOC127070722
vv	map04978	LOC127070722
vv	map04010	LOC127070723
vv	map04714	LOC127070723
vv	map05200	LOC127070723
vv	map05220	LOC127070723
vv	map00512	LOC127070726
vv	map01100	LOC127070726
vv	map04714	LOC127070727
vv	map04530	LOC127070728
vv	map04020	LOC127070730
vv	map04022	LOC127070730
vv	map04024	LOC127070730
vv	map04080	LOC127070730
vv	map04261	LOC127070730
vv	map04540	LOC127070730
vv	map04726	LOC127070730
vv	map04728	LOC127070730
vv	map04923	LOC127070730
vv	map04924	LOC127070730
vv	map04970	LOC127070730
vv	map05012	LOC127070730
vv	map05030	LOC127070730
vv	map05031	LOC127070730
vv	map05032	LOC127070730
vv	map05034	LOC127070730
vv	map00230	LOC127070731
vv	map00983	LOC127070731
vv	map01100	LOC127070731
vv	map04013	LOC127070733
vv	map04214	LOC127070733
vv	map04310	LOC127070733
vv	map04380	LOC127070733
vv	map04624	LOC127070733
vv	map04657	LOC127070733
vv	map05166	LOC127070733
vv	map05165	LOC127070734
vv	map05200	LOC127070734
vv	map05224	LOC127070734
vv	map04136	LOC127070737
vv	map04138	LOC127070737
vv	map04140	LOC127070737
vv	map03010	LOC127070740
vv	map00480	LOC127070741
vv	map04142	LOC127070742
vv	map04979	LOC127070742
vv	map04010	LOC127070750
vv	map04013	LOC127070750
vv	map04624	LOC127070750
vv	map04912	LOC127070750
vv	map04120	LOC127070751
vv	map04530	LOC127070752
vv	map04670	LOC127070752
vv	map04810	LOC127070752
vv	map04971	LOC127070752
vv	map05130	LOC127070752
vv	map05162	LOC127070752
vv	map05205	LOC127070752
vv	map05206	LOC127070752
vv	map00564	LOC127070753
vv	map04725	LOC127070753
vv	map04725	LOC127070757
vv	map05231	LOC127070757
vv	map00564	LOC127070759
vv	map00565	LOC127070759
vv	map00590	LOC127070759
vv	map00591	LOC127070759
vv	map00592	LOC127070759
vv	map01100	LOC127070759
vv	map01110	LOC127070759
vv	map04977	LOC127070759
vv	map00270	LOC127070760
vv	map01100	LOC127070760
vv	map01110	LOC127070760
vv	map01230	LOC127070760
vv	map00970	LOC127070764
vv	map01100	LOC127070769
vv	map04151	LOC127070769
vv	map04510	LOC127070769
vv	map04512	LOC127070769
vv	map05145	LOC127070769
vv	map05146	LOC127070769
vv	map05165	LOC127070769
vv	map05200	LOC127070769
vv	map05222	LOC127070769
vv	map05206	LOC127070770
vv	map01522	LOC127070771
vv	map04919	LOC127070771
vv	map04071	LOC127070773
vv	map03008	LOC127070774
vv	map04144	LOC127070775
vv	map00562	LOC127070779
vv	map01100	LOC127070779
vv	map04011	LOC127070779
vv	map04070	LOC127070779
vv	map04072	LOC127070779
vv	map04139	LOC127070779
vv	map04144	LOC127070779
vv	map04666	LOC127070779
vv	map04810	LOC127070779
vv	map05231	LOC127070779
vv	map03030	LOC127070788
vv	map03430	LOC127070788
vv	map03440	LOC127070788
vv	map03013	LOC127070789
vv	map05418	LOC127070789
vv	map00340	LOC127070791
vv	map04072	LOC127070796
vv	map04080	LOC127070796
vv	map04724	LOC127070796
vv	map04742	LOC127070796
vv	map05030	LOC127070796
vv	map04727	LOC127070797
vv	map00970	LOC127070798
vv	map01100	LOC127070798
vv	map00565	LOC127070800
vv	map01100	LOC127070800
vv	map04146	LOC127070800
vv	map04013	LOC127070801
vv	map04060	LOC127070801
vv	map04341	LOC127070801
vv	map04350	LOC127070801
vv	map04390	LOC127070801
vv	map04550	LOC127070801
vv	map04919	LOC127070801
vv	map05200	LOC127070801
vv	map05217	LOC127070801
vv	map05418	LOC127070801
vv	map03015	LOC127070802
vv	map04022	LOC127070802
vv	map04024	LOC127070802
vv	map04113	LOC127070802
vv	map04114	LOC127070802
vv	map04218	LOC127070802
vv	map04261	LOC127070802
vv	map04270	LOC127070802
vv	map04390	LOC127070802
vv	map04510	LOC127070802
vv	map04611	LOC127070802
vv	map04720	LOC127070802
vv	map04728	LOC127070802
vv	map04750	LOC127070802
vv	map04810	LOC127070802
vv	map04910	LOC127070802
vv	map04921	LOC127070802
vv	map04931	LOC127070802
vv	map05031	LOC127070802
vv	map05034	LOC127070802
vv	map05168	LOC127070802
vv	map05205	LOC127070802
vv	map04950	LOC127070804
vv	map04141	LOC127070806
vv	map03015	LOC127070817
vv	map04320	LOC127070817
vv	map03013	LOC127070818
vv	map04217	LOC127070819
vv	map05034	LOC127070819
vv	map05322	LOC127070819
vv	map04621	LOC127070820
vv	map00040	LOC127070821
vv	map01100	LOC127070821
vv	map04216	LOC127070821
vv	map04217	LOC127070821
vv	map04978	LOC127070821
vv	map00520	LOC127070824
vv	map01100	LOC127070824
vv	map01130	LOC127070824
vv	map04141	LOC127070830
vv	map05166	LOC127070831
vv	map04142	LOC127070833
vv	map04979	LOC127070833
vv	map03320	LOC127070834
vv	map03060	LOC127070835
vv	map04141	LOC127070835
vv	map04145	LOC127070835
vv	map05110	LOC127070835
vv	map03460	LOC127070836
vv	map03013	LOC127070841
vv	map03015	LOC127070841
vv	map03040	LOC127070841
vv	map04141	LOC127070843
vv	map05160	LOC127070843
vv	map05162	LOC127070843
vv	map05164	LOC127070843
vv	map05168	LOC127070843
vv	map05169	LOC127070843
vv	map04974	LOC127070844
vv	map00230	LOC127070847
vv	map00983	LOC127070847
vv	map01100	LOC127070847
vv	map04120	LOC127070848
vv	map04120	LOC127070849
vv	map00230	LOC127070851
vv	map04022	LOC127070851
vv	map04024	LOC127070851
vv	map04270	LOC127070851
vv	map04714	LOC127070851
vv	map04921	LOC127070851
vv	map04923	LOC127070851
vv	map04924	LOC127070851
vv	map04925	LOC127070851
vv	map04080	LOC127070854
vv	map04610	LOC127070854
vv	map05150	LOC127070854
vv	map05164	LOC127070854
vv	map04068	LOC127070858
vv	map04152	LOC127070858
vv	map04211	LOC127070858
vv	map04213	LOC127070858
vv	map04371	LOC127070858
vv	map04530	LOC127070858
vv	map04710	LOC127070858
vv	map04714	LOC127070858
vv	map04910	LOC127070858
vv	map04920	LOC127070858
vv	map04921	LOC127070858
vv	map04922	LOC127070858
vv	map04931	LOC127070858
vv	map04932	LOC127070858
vv	map05410	LOC127070858
vv	map03010	LOC127070864
vv	map03010	LOC127070865
vv	map04360	LOC127070882
vv	map00250	LOC127070883
vv	map00410	LOC127070883
vv	map00430	LOC127070883
vv	map00650	LOC127070883
vv	map00770	LOC127070883
vv	map01100	LOC127070883
vv	map01110	LOC127070883
vv	map01120	LOC127070883
vv	map02024	LOC127070883
vv	map04727	LOC127070883
vv	map04940	LOC127070883
vv	map04013	LOC127070886
vv	map04015	LOC127070887
vv	map04925	LOC127070887
vv	map04310	LOC127070888
vv	map00100	LOC127070891
vv	map04142	LOC127070891
vv	map04979	LOC127070891
vv	map04080	LOC127070892
vv	map04723	LOC127070892
vv	map04727	LOC127070892
vv	map04742	LOC127070892
vv	map05032	LOC127070892
vv	map05033	LOC127070892
vv	map00100	LOC127070893
vv	map04142	LOC127070893
vv	map04979	LOC127070893
vv	map04976	LOC127070894
vv	map04010	LOC127070898
vv	map04022	LOC127070898
vv	map04071	LOC127070898
vv	map04072	LOC127070898
vv	map04270	LOC127070898
vv	map04371	LOC127070898
vv	map04611	LOC127070898
vv	map04730	LOC127070898
vv	map04810	LOC127070898
vv	map05200	LOC127070898
vv	map04080	LOC127070901
vv	map04723	LOC127070901
vv	map04726	LOC127070901
vv	map04727	LOC127070901
vv	map05032	LOC127070901
vv	map05033	LOC127070901
vv	map00100	LOC127070906
vv	map04142	LOC127070906
vv	map04979	LOC127070906
vv	map03010	LOC127070911
vv	map00230	LOC127070918
vv	map01100	LOC127070918
vv	map01110	LOC127070918
vv	map01130	LOC127070918
vv	map04514	LOC127070919
vv	map00603	LOC127070920
vv	map04142	LOC127070920
vv	map04950	LOC127070937
vv	map03050	LOC127070938
vv	map03440	LOC127070938
vv	map05169	LOC127070938
vv	map03010	LOC127070957
vv	map03008	LOC127070967
vv	map03015	LOC127070968
vv	map03008	LOC127070969
vv	map04151	LOC127070972
vv	map04510	LOC127070972
vv	map04512	LOC127070972
vv	map05020	LOC127070972
vv	map05145	LOC127070972
vv	map05146	LOC127070972
vv	map05165	LOC127070972
vv	map05200	LOC127070972
vv	map05222	LOC127070972
vv	map04142	LOC127070973
vv	map04214	LOC127070973
vv	map04390	LOC127070973
vv	map04391	LOC127070973
vv	map04392	LOC127070973
vv	map00051	LOC127070974
vv	map00520	LOC127070974
vv	map01100	LOC127070974
vv	map04130	LOC127070975
vv	map04621	LOC127070980
vv	map04626	LOC127070980
vv	map00230	LOC127070991
vv	map00240	LOC127070991
vv	map01100	LOC127070991
vv	map03020	LOC127070991
vv	map04974	LOC127070994
vv	map04142	LOC127070996
vv	map04721	LOC127070996
vv	map04723	LOC127070996
vv	map04724	LOC127070996
vv	map05033	LOC127070996
vv	map05202	LOC127070998
vv	map00140	LOC127070999
vv	map00590	LOC127070999
vv	map00591	LOC127070999
vv	map00981	LOC127070999
vv	map01100	LOC127070999
vv	map04212	LOC127070999
vv	map04726	LOC127070999
vv	map04750	LOC127070999
vv	map04913	LOC127070999
vv	map01524	LOC127071003
vv	map04010	LOC127071003
vv	map04115	LOC127071003
vv	map04210	LOC127071003
vv	map04214	LOC127071003
vv	map04215	LOC127071003
vv	map04217	LOC127071003
vv	map04620	LOC127071003
vv	map04621	LOC127071003
vv	map04622	LOC127071003
vv	map04624	LOC127071003
vv	map04650	LOC127071003
vv	map04657	LOC127071003
vv	map04668	LOC127071003
vv	map04726	LOC127071003
vv	map04932	LOC127071003
vv	map04933	LOC127071003
vv	map05010	LOC127071003
vv	map05012	LOC127071003
vv	map05014	LOC127071003
vv	map05016	LOC127071003
vv	map05120	LOC127071003
vv	map05133	LOC127071003
vv	map05134	LOC127071003
vv	map05142	LOC127071003
vv	map05145	LOC127071003
vv	map05146	LOC127071003
vv	map05152	LOC127071003
vv	map05161	LOC127071003
vv	map05165	LOC127071003
vv	map05167	LOC127071003
vv	map05168	LOC127071003
vv	map05200	LOC127071003
vv	map05203	LOC127071003
vv	map05205	LOC127071003
vv	map05206	LOC127071003
vv	map05210	LOC127071003
vv	map05222	LOC127071003
vv	map05416	LOC127071003
vv	map04658	LOC127071004
vv	map04930	LOC127071004
vv	map04950	LOC127071004
vv	map05202	LOC127071004
vv	map05321	LOC127071004
vv	map04721	LOC127071005
vv	map04612	LOC127071008
vv	map05152	LOC127071008
vv	map03022	LOC127071009
vv	map05016	LOC127071009
vv	map05165	LOC127071009
vv	map05166	LOC127071009
vv	map05168	LOC127071009
vv	map05169	LOC127071009
vv	map05203	LOC127071009
vv	map04621	LOC127071012
vv	map05418	LOC127071012
vv	map04320	LOC127071018
vv	map04391	LOC127071019
vv	map04514	LOC127071019
vv	map05020	LOC127071019
vv	map04974	LOC127071021
vv	map04978	LOC127071021
vv	map04080	LOC127071024
vv	map04972	LOC127071024
vv	map04974	LOC127071024
vv	map05164	LOC127071024
vv	map04014	LOC127071028
vv	map04072	LOC127071028
vv	map04144	LOC127071028
vv	map04666	LOC127071028
vv	map00230	LOC127071031
vv	map00240	LOC127071031
vv	map01100	LOC127071031
vv	map03030	LOC127071031
vv	map03410	LOC127071031
vv	map03420	LOC127071031
vv	map03430	LOC127071031
vv	map03440	LOC127071031
vv	map05166	LOC127071031
vv	map03013	LOC127071032
vv	map05416	LOC127071032
vv	map04013	LOC127071036
vv	map04014	LOC127071036
vv	map04072	LOC127071036
vv	map04360	LOC127071036
vv	map04630	LOC127071036
vv	map04650	LOC127071036
vv	map04670	LOC127071036
vv	map04722	LOC127071036
vv	map04920	LOC127071036
vv	map04931	LOC127071036
vv	map05120	LOC127071036
vv	map05168	LOC127071036
vv	map05205	LOC127071036
vv	map05211	LOC127071036
vv	map05220	LOC127071036
vv	map03022	LOC127071038
vv	map05169	LOC127071038
vv	map05203	LOC127071038
vv	map03040	LOC127071040
vv	map05131	LOC127071040
vv	map04217	LOC127071049
vv	map04621	LOC127071049
vv	map04015	LOC127071050
vv	map04062	LOC127071050
vv	map04080	LOC127071050
vv	map04144	LOC127071050
vv	map04360	LOC127071050
vv	map04390	LOC127071050
vv	map04391	LOC127071050
vv	map04520	LOC127071050
vv	map04530	LOC127071050
vv	map05165	LOC127071050
vv	map04217	LOC127071051
vv	map04621	LOC127071051
vv	map00561	LOC127071053
vv	map00830	LOC127071053
vv	map01100	LOC127071053
vv	map04975	LOC127071053
vv	map04110	LOC127071054
vv	map04111	LOC127071054
vv	map04120	LOC127071054
vv	map04914	LOC127071054
vv	map03022	LOC127071055
vv	map03420	LOC127071055
vv	map04110	LOC127071055
vv	map04151	LOC127071061
vv	map04510	LOC127071061
vv	map04512	LOC127071061
vv	map04610	LOC127071061
vv	map04611	LOC127071061
vv	map04657	LOC127071061
vv	map04970	LOC127071061
vv	map05146	LOC127071061
vv	map05165	LOC127071061
vv	map05226	LOC127071061
vv	map04151	LOC127071063
vv	map05132	LOC127071063
vv	map04974	LOC127071074
vv	map05205	LOC127071076
vv	map00010	LOC127071080
vv	map00270	LOC127071080
vv	map00620	LOC127071080
vv	map00640	LOC127071080
vv	map01100	LOC127071080
vv	map01110	LOC127071080
vv	map01120	LOC127071080
vv	map01130	LOC127071080
vv	map04922	LOC127071080
vv	map04120	LOC127071086
vv	map04141	LOC127071086
vv	map05012	LOC127071086
vv	map03010	LOC127071089
vv	map04390	LOC127071094
vv	map04391	LOC127071094
vv	map04392	LOC127071094
vv	map04614	LOC127071095
vv	map04924	LOC127071095
vv	map05142	LOC127071095
vv	map05410	LOC127071095
vv	map04010	LOC127071098
vv	map04260	LOC127071098
vv	map04261	LOC127071098
vv	map04921	LOC127071098
vv	map05410	LOC127071098
vv	map05412	LOC127071098
vv	map05414	LOC127071098
vv	map00250	LOC127071099
vv	map00410	LOC127071099
vv	map00430	LOC127071099
vv	map00650	LOC127071099
vv	map01100	LOC127071099
vv	map01110	LOC127071099
vv	map01120	LOC127071099
vv	map02024	LOC127071099
vv	map04727	LOC127071099
vv	map04940	LOC127071099
vv	map00520	LOC127071100
vv	map01100	LOC127071100
vv	map01130	LOC127071100
vv	map04110	LOC127071101
vv	map04213	LOC127071101
vv	map04330	LOC127071101
vv	map04919	LOC127071101
vv	map05016	LOC127071101
vv	map05034	LOC127071101
vv	map05165	LOC127071101
vv	map05169	LOC127071101
vv	map05200	LOC127071101
vv	map05202	LOC127071101
vv	map05203	LOC127071101
vv	map05220	LOC127071101
vv	map04550	LOC127071102
vv	map00350	LOC127071103
vv	map00643	LOC127071103
vv	map01100	LOC127071103
vv	map01120	LOC127071103
vv	map04210	LOC127071104
vv	map04614	LOC127071106
vv	map04924	LOC127071106
vv	map05142	LOC127071106
vv	map05410	LOC127071106
vv	map04978	LOC127071120
vv	map04015	LOC127071121
vv	map04510	LOC127071121
vv	map04810	LOC127071121
vv	map05100	LOC127071121
vv	map05131	LOC127071121
vv	map00010	LOC127071123
vv	map00020	LOC127071123
vv	map00260	LOC127071123
vv	map00280	LOC127071123
vv	map00620	LOC127071123
vv	map00630	LOC127071123
vv	map00640	LOC127071123
vv	map01100	LOC127071123
vv	map01110	LOC127071123
vv	map01120	LOC127071123
vv	map01130	LOC127071123
vv	map01200	LOC127071123
vv	map00010	LOC127071148
vv	map00270	LOC127071148
vv	map00620	LOC127071148
vv	map00640	LOC127071148
vv	map01100	LOC127071148
vv	map01110	LOC127071148
vv	map01120	LOC127071148
vv	map01130	LOC127071148
vv	map04922	LOC127071148
vv	map05205	LOC127071167
vv	map05132	LOC127071168
vv	map00330	LOC127071174
vv	map00410	LOC127071174
vv	map00330	LOC127071176
vv	map00410	LOC127071176
vv	map04062	LOC127071179
vv	map04510	LOC127071179
vv	map04666	LOC127071179
vv	map04810	LOC127071179
vv	map05100	LOC127071179
vv	map05131	LOC127071179
vv	map00230	LOC127071183
vv	map00240	LOC127071183
vv	map01100	LOC127071183
vv	map03020	LOC127071183
vv	map04623	LOC127071183
vv	map05169	LOC127071183
vv	map00020	LOC127071185
vv	map00630	LOC127071185
vv	map00720	LOC127071185
vv	map01100	LOC127071185
vv	map01110	LOC127071185
vv	map01120	LOC127071185
vv	map01130	LOC127071185
vv	map01200	LOC127071185
vv	map01210	LOC127071185
vv	map01230	LOC127071185
vv	map04110	LOC127071191
vv	map04111	LOC127071191
vv	map04113	LOC127071191
vv	map03015	LOC127071198
vv	map00270	LOC127071200
vv	map00280	LOC127071200
vv	map00290	LOC127071200
vv	map00770	LOC127071200
vv	map01100	LOC127071200
vv	map01110	LOC127071200
vv	map01130	LOC127071200
vv	map01210	LOC127071200
vv	map01230	LOC127071200
vv	map00270	LOC127071201
vv	map01100	LOC127071201
vv	map04150	LOC127071206
vv	map05161	LOC127071206
vv	map00280	LOC127071216
vv	map01100	LOC127071216
vv	map00430	LOC127071219
vv	map00460	LOC127071219
vv	map00480	LOC127071219
vv	map00590	LOC127071219
vv	map01100	LOC127071219
vv	map03010	LOC127071223
vv	map04146	LOC127071227
vv	map04111	LOC127071228
vv	map04113	LOC127071228
vv	map04218	LOC127071228
vv	map03008	LOC127071230
vv	map03320	LOC127071232
vv	map04923	LOC127071232
vv	map00190	LOC127071234
vv	map01100	LOC127071234
vv	map04260	LOC127071234
vv	map04714	LOC127071234
vv	map04932	LOC127071234
vv	map05010	LOC127071234
vv	map05012	LOC127071234
vv	map05016	LOC127071234
vv	map05202	LOC127071236
vv	map00230	LOC127071247
vv	map04927	LOC127071247
vv	map04934	LOC127071247
vv	map05032	LOC127071247
vv	map05410	LOC127071251
vv	map05412	LOC127071251
vv	map05414	LOC127071251
vv	map05416	LOC127071251
vv	map04144	LOC127071259
vv	map00230	LOC127071260
vv	map04927	LOC127071260
vv	map04934	LOC127071260
vv	map05032	LOC127071260
vv	map03420	LOC127071261
vv	map04066	LOC127071261
vv	map04110	LOC127071261
vv	map04111	LOC127071261
vv	map04114	LOC127071261
vv	map04120	LOC127071261
vv	map04141	LOC127071261
vv	map04310	LOC127071261
vv	map04341	LOC127071261
vv	map04350	LOC127071261
vv	map04710	LOC127071261
vv	map05200	LOC127071261
vv	map05211	LOC127071261
vv	map04934	LOC127071264
vv	map00561	LOC127071267
vv	map00564	LOC127071267
vv	map01100	LOC127071267
vv	map01110	LOC127071267
vv	map01521	LOC127071268
vv	map04010	LOC127071268
vv	map04014	LOC127071268
vv	map04015	LOC127071268
vv	map04144	LOC127071268
vv	map04151	LOC127071268
vv	map04520	LOC127071268
vv	map04550	LOC127071268
vv	map04714	LOC127071268
vv	map04810	LOC127071268
vv	map05200	LOC127071268
vv	map05205	LOC127071268
vv	map05206	LOC127071268
vv	map05215	LOC127071268
vv	map05218	LOC127071268
vv	map05219	LOC127071268
vv	map05224	LOC127071268
vv	map05226	LOC127071268
vv	map05230	LOC127071268
vv	map03060	LOC127071271
vv	map03060	LOC127071272
vv	map00040	LOC127071275
vv	map00051	LOC127071275
vv	map00052	LOC127071275
vv	map00561	LOC127071275
vv	map00790	LOC127071275
vv	map01100	LOC127071275
vv	map00531	LOC127071276
vv	map01100	LOC127071276
vv	map05205	LOC127071276
vv	map00190	LOC127071277
vv	map01100	LOC127071277
vv	map04714	LOC127071277
vv	map04723	LOC127071277
vv	map04932	LOC127071277
vv	map05010	LOC127071277
vv	map05012	LOC127071277
vv	map05016	LOC127071277
vv	map00190	LOC127071279
vv	map01100	LOC127071279
vv	map04145	LOC127071279
vv	map04150	LOC127071279
vv	map04721	LOC127071279
vv	map04966	LOC127071279
vv	map05110	LOC127071279
vv	map05120	LOC127071279
vv	map05323	LOC127071279
vv	map04010	LOC127071281
vv	map04064	LOC127071281
vv	map04380	LOC127071281
vv	map04620	LOC127071281
vv	map04621	LOC127071281
vv	map04668	LOC127071281
vv	map05140	LOC127071281
vv	map05145	LOC127071281
vv	map05168	LOC127071281
vv	map05169	LOC127071281
vv	map00190	LOC127071284
vv	map01100	LOC127071284
vv	map04142	LOC127071284
vv	map04145	LOC127071284
vv	map05110	LOC127071284
vv	map05120	LOC127071284
vv	map05152	LOC127071284
vv	map05161	LOC127071284
vv	map05323	LOC127071284
vv	map00010	LOC127071285
vv	map00040	LOC127071285
vv	map00051	LOC127071285
vv	map00052	LOC127071285
vv	map00561	LOC127071285
vv	map00790	LOC127071285
vv	map00930	LOC127071285
vv	map01100	LOC127071285
vv	map01110	LOC127071285
vv	map01120	LOC127071285
vv	map01130	LOC127071285
vv	map01220	LOC127071285
vv	map00010	LOC127071286
vv	map00040	LOC127071286
vv	map00051	LOC127071286
vv	map00052	LOC127071286
vv	map00561	LOC127071286
vv	map00790	LOC127071286
vv	map00930	LOC127071286
vv	map01100	LOC127071286
vv	map01110	LOC127071286
vv	map01120	LOC127071286
vv	map01130	LOC127071286
vv	map01220	LOC127071286
vv	map04624	LOC127071287
vv	map05205	LOC127071287
vv	map05202	LOC127071288
vv	map00010	LOC127071289
vv	map00040	LOC127071289
vv	map00051	LOC127071289
vv	map00052	LOC127071289
vv	map00561	LOC127071289
vv	map00790	LOC127071289
vv	map00930	LOC127071289
vv	map01100	LOC127071289
vv	map01110	LOC127071289
vv	map01120	LOC127071289
vv	map01130	LOC127071289
vv	map01220	LOC127071289
vv	map04110	LOC127071291
vv	map04114	LOC127071291
vv	map04120	LOC127071291
vv	map04914	LOC127071291
vv	map03015	LOC127071292
vv	map04550	LOC127071292
vv	map05164	LOC127071292
vv	map03450	LOC127071293
vv	map04110	LOC127071297
vv	map04114	LOC127071297
vv	map04120	LOC127071297
vv	map04914	LOC127071297
vv	map01100	LOC127071300
vv	map01524	LOC127071300
vv	map03460	LOC127071300
vv	map04141	LOC127071302
vv	map03460	LOC127071303
vv	map04150	LOC127071304
vv	map03040	LOC127071306
vv	map05202	LOC127071306
vv	map05205	LOC127071306
vv	map04145	LOC127071309
vv	map04210	LOC127071309
vv	map04530	LOC127071309
vv	map04540	LOC127071309
vv	map05130	LOC127071309
vv	map04145	LOC127071310
vv	map04210	LOC127071310
vv	map04530	LOC127071310
vv	map04540	LOC127071310
vv	map05130	LOC127071310
vv	map04145	LOC127071311
vv	map04210	LOC127071311
vv	map04530	LOC127071311
vv	map04540	LOC127071311
vv	map05130	LOC127071311
vv	map04120	LOC127071312
vv	map00270	LOC127071313
vv	map01100	LOC127071313
vv	map05100	LOC127071314
vv	map00071	LOC127071315
vv	map00280	LOC127071315
vv	map01100	LOC127071315
vv	map01110	LOC127071315
vv	map01212	LOC127071315
vv	map03040	LOC127071319
vv	map03010	LOC127071321
vv	map04714	LOC127071326
vv	map05225	LOC127071326
vv	map04120	LOC127071328
vv	map04919	LOC127071330
vv	map04921	LOC127071330
vv	map05167	LOC127071330
vv	map04015	LOC127071337
vv	map04145	LOC127071337
vv	map04151	LOC127071337
vv	map04360	LOC127071337
vv	map04510	LOC127071337
vv	map04512	LOC127071337
vv	map04514	LOC127071337
vv	map04530	LOC127071337
vv	map04611	LOC127071337
vv	map04670	LOC127071337
vv	map04810	LOC127071337
vv	map05100	LOC127071337
vv	map05130	LOC127071337
vv	map05131	LOC127071337
vv	map05133	LOC127071337
vv	map05140	LOC127071337
vv	map05145	LOC127071337
vv	map05165	LOC127071337
vv	map05200	LOC127071337
vv	map05205	LOC127071337
vv	map05222	LOC127071337
vv	map05410	LOC127071337
vv	map05412	LOC127071337
vv	map05414	LOC127071337
vv	map04137	LOC127071338
vv	map04214	LOC127071338
vv	map04621	LOC127071338
vv	map00830	LOC127071340
vv	map01100	LOC127071340
vv	map04962	LOC127071343
vv	map04970	LOC127071343
vv	map04976	LOC127071343
vv	map04962	LOC127071346
vv	map04976	LOC127071346
vv	map04080	LOC127071363
vv	map04270	LOC127071363
vv	map04380	LOC127071363
vv	map00670	LOC127071366
vv	map01100	LOC127071366
vv	map01522	LOC127071368
vv	map04330	LOC127071368
vv	map04371	LOC127071368
vv	map04658	LOC127071368
vv	map04668	LOC127071368
vv	map05165	LOC127071368
vv	map05200	LOC127071368
vv	map05224	LOC127071368
vv	map01522	LOC127071374
vv	map04320	LOC127071374
vv	map04330	LOC127071374
vv	map04371	LOC127071374
vv	map04658	LOC127071374
vv	map04919	LOC127071374
vv	map05020	LOC127071374
vv	map05165	LOC127071374
vv	map05200	LOC127071374
vv	map05206	LOC127071374
vv	map05224	LOC127071374
vv	map04136	LOC127071375
vv	map04137	LOC127071375
vv	map04138	LOC127071375
vv	map04140	LOC127071375
vv	map04215	LOC127071375
vv	map04371	LOC127071375
vv	map05167	LOC127071375
vv	map04330	LOC127071376
vv	map04120	LOC127071383
vv	map03450	LOC127071384
vv	map04110	LOC127071384
vv	map03040	LOC127071387
vv	map00513	LOC127071388
vv	map00515	LOC127071388
vv	map00601	LOC127071388
vv	map01100	LOC127071388
vv	map04970	LOC127071398
vv	map00040	LOC127071399
vv	map00053	LOC127071399
vv	map00140	LOC127071399
vv	map00830	LOC127071399
vv	map00860	LOC127071399
vv	map00980	LOC127071399
vv	map00982	LOC127071399
vv	map00983	LOC127071399
vv	map01100	LOC127071399
vv	map01110	LOC127071399
vv	map05204	LOC127071399
vv	map00230	LOC127071415
vv	map01100	LOC127071415
vv	map01110	LOC127071415
vv	map01130	LOC127071415
vv	map00190	LOC127071416
vv	map01100	LOC127071416
vv	map04145	LOC127071416
vv	map04150	LOC127071416
vv	map04721	LOC127071416
vv	map04966	LOC127071416
vv	map05110	LOC127071416
vv	map05120	LOC127071416
vv	map05323	LOC127071416
vv	map05034	LOC127071421
vv	map04010	LOC127071423
vv	map04015	LOC127071423
vv	map04530	LOC127071423
vv	map00270	LOC127071424
vv	map01100	LOC127071424
vv	map01523	LOC127071428
vv	map02010	LOC127071428
vv	map04024	LOC127071428
vv	map04976	LOC127071428
vv	map04970	LOC127071429
vv	map04745	LOC127071433
vv	map04711	LOC127071436
vv	map03040	LOC127071448
vv	map00010	LOC127071450
vv	map00260	LOC127071450
vv	map00680	LOC127071450
vv	map01100	LOC127071450
vv	map01110	LOC127071450
vv	map01120	LOC127071450
vv	map01130	LOC127071450
vv	map01200	LOC127071450
vv	map01230	LOC127071450
vv	map04922	LOC127071450
vv	map05230	LOC127071450
vv	map03040	LOC127071453
vv	map05168	LOC127071453
vv	map04014	LOC127071462
vv	map04015	LOC127071462
vv	map04016	LOC127071462
vv	map04020	LOC127071462
vv	map04022	LOC127071462
vv	map04024	LOC127071462
vv	map04070	LOC127071462
vv	map04114	LOC127071462
vv	map04218	LOC127071462
vv	map04261	LOC127071462
vv	map04270	LOC127071462
vv	map04371	LOC127071462
vv	map04626	LOC127071462
vv	map04713	LOC127071462
vv	map04720	LOC127071462
vv	map04722	LOC127071462
vv	map04728	LOC127071462
vv	map04740	LOC127071462
vv	map04744	LOC127071462
vv	map04745	LOC127071462
vv	map04750	LOC127071462
vv	map04910	LOC127071462
vv	map04912	LOC127071462
vv	map04915	LOC127071462
vv	map04916	LOC127071462
vv	map04921	LOC127071462
vv	map04922	LOC127071462
vv	map04924	LOC127071462
vv	map04925	LOC127071462
vv	map04970	LOC127071462
vv	map04971	LOC127071462
vv	map05010	LOC127071462
vv	map05031	LOC127071462
vv	map05034	LOC127071462
vv	map05133	LOC127071462
vv	map05152	LOC127071462
vv	map05167	LOC127071462
vv	map05200	LOC127071462
vv	map05214	LOC127071462
vv	map05418	LOC127071462
vv	map04962	LOC127071472
vv	map04976	LOC127071472
vv	map00073	LOC127071485
vv	map04146	LOC127071485
vv	map04212	LOC127071485
vv	map04974	LOC127071487
vv	map03022	LOC127071488
vv	map04218	LOC127071490
vv	map04141	LOC127071492
vv	map04144	LOC127071493
vv	map01100	LOC127071495
vv	map04550	LOC127071495
vv	map05202	LOC127071495
vv	map05206	LOC127071495
vv	map03013	LOC127071497
vv	map03040	LOC127071498
vv	map04020	LOC127071499
vv	map04068	LOC127071499
vv	map04072	LOC127071499
vv	map04080	LOC127071499
vv	map04540	LOC127071499
vv	map04720	LOC127071499
vv	map04723	LOC127071499
vv	map04724	LOC127071499
vv	map04730	LOC127071499
vv	map04742	LOC127071499
vv	map04915	LOC127071499
vv	map05030	LOC127071499
vv	map04150	LOC127071501
vv	map03050	LOC127071504
vv	map05169	LOC127071504
vv	map01100	LOC127071505
vv	map04550	LOC127071505
vv	map05202	LOC127071505
vv	map05206	LOC127071505
vv	map04530	LOC127071507
vv	map03010	LOC127071508
vv	map04010	LOC127071510
vv	map04014	LOC127071510
vv	map04015	LOC127071510
vv	map04072	LOC127071510
vv	map04137	LOC127071510
vv	map04140	LOC127071510
vv	map04218	LOC127071510
vv	map04371	LOC127071510
vv	map04810	LOC127071510
vv	map05166	LOC127071510
vv	map05205	LOC127071510
vv	map03050	LOC127071511
vv	map04612	LOC127071511
vv	map05160	LOC127071511
vv	map04013	LOC127071518
vv	map04974	LOC127071521
vv	map03040	LOC127071522
vv	map01523	LOC127071524
vv	map01524	LOC127071524
vv	map02010	LOC127071524
vv	map04071	LOC127071524
vv	map04976	LOC127071524
vv	map04977	LOC127071524
vv	map05206	LOC127071524
vv	map05206	LOC127071526
vv	map03320	LOC127071527
vv	map04142	LOC127071527
vv	map04145	LOC127071527
vv	map04152	LOC127071527
vv	map04512	LOC127071527
vv	map04640	LOC127071527
vv	map04913	LOC127071527
vv	map04920	LOC127071527
vv	map04925	LOC127071527
vv	map04927	LOC127071527
vv	map04931	LOC127071527
vv	map04934	LOC127071527
vv	map04975	LOC127071527
vv	map04976	LOC127071527
vv	map04977	LOC127071527
vv	map04979	LOC127071527
vv	map05144	LOC127071527
vv	map05160	LOC127071527
vv	map04145	LOC127071528
vv	map04913	LOC127071528
vv	map04925	LOC127071528
vv	map04927	LOC127071528
vv	map04934	LOC127071528
vv	map04975	LOC127071528
vv	map04976	LOC127071528
vv	map04977	LOC127071528
vv	map04979	LOC127071528
vv	map05160	LOC127071528
vv	map00190	LOC127071529
vv	map01100	LOC127071529
vv	map04714	LOC127071529
vv	map04723	LOC127071529
vv	map04932	LOC127071529
vv	map05010	LOC127071529
vv	map05012	LOC127071529
vv	map05016	LOC127071529
vv	map00190	LOC127071530
vv	map01100	LOC127071530
vv	map04714	LOC127071530
vv	map04723	LOC127071530
vv	map04932	LOC127071530
vv	map05010	LOC127071530
vv	map05012	LOC127071530
vv	map05016	LOC127071530
vv	map04714	LOC127071531
vv	map03018	LOC127071535
vv	map00230	LOC127071536
vv	map00240	LOC127071536
vv	map01100	LOC127071536
vv	map03020	LOC127071536
vv	map05016	LOC127071536
vv	map05169	LOC127071536
vv	map03015	LOC127071540
vv	map03410	LOC127071543
vv	map03013	LOC127071544
vv	map00010	LOC127071545
vv	map00230	LOC127071545
vv	map00620	LOC127071545
vv	map01100	LOC127071545
vv	map01110	LOC127071545
vv	map01120	LOC127071545
vv	map01130	LOC127071545
vv	map01200	LOC127071545
vv	map01230	LOC127071545
vv	map04910	LOC127071545
vv	map04922	LOC127071545
vv	map04930	LOC127071545
vv	map04932	LOC127071545
vv	map04950	LOC127071545
vv	map05165	LOC127071545
vv	map05203	LOC127071545
vv	map05230	LOC127071545
vv	map04141	LOC127071546
vv	map00010	LOC127071547
vv	map00230	LOC127071547
vv	map00620	LOC127071547
vv	map01100	LOC127071547
vv	map01110	LOC127071547
vv	map01120	LOC127071547
vv	map01130	LOC127071547
vv	map01200	LOC127071547
vv	map01230	LOC127071547
vv	map04910	LOC127071547
vv	map04922	LOC127071547
vv	map04930	LOC127071547
vv	map04932	LOC127071547
vv	map04950	LOC127071547
vv	map05165	LOC127071547
vv	map05203	LOC127071547
vv	map05230	LOC127071547
vv	map00860	LOC127071548
vv	map04010	LOC127071553
vv	map04013	LOC127071553
vv	map04014	LOC127071553
vv	map05203	LOC127071553
vv	map03040	LOC127071554
vv	map03010	LOC127071556
vv	map05206	LOC127071556
vv	map04657	LOC127071558
vv	map04668	LOC127071558
vv	map04912	LOC127071558
vv	map04926	LOC127071558
vv	map00564	LOC127071559
vv	map00983	LOC127071559
vv	map01100	LOC127071559
vv	map04725	LOC127071559
vv	map00514	LOC127071564
vv	map04714	LOC127071567
vv	map00564	LOC127071568
vv	map00565	LOC127071568
vv	map00590	LOC127071568
vv	map00591	LOC127071568
vv	map00592	LOC127071568
vv	map01100	LOC127071568
vv	map01110	LOC127071568
vv	map04014	LOC127071568
vv	map04270	LOC127071568
vv	map04972	LOC127071568
vv	map04975	LOC127071568
vv	map03410	LOC127071569
vv	map04624	LOC127071573
vv	map04390	LOC127071575
vv	map04391	LOC127071575
vv	map04530	LOC127071575
vv	map05165	LOC127071575
vv	map03008	LOC127071578
vv	map03013	LOC127071578
vv	map00190	LOC127071583
vv	map01100	LOC127071583
vv	map04714	LOC127071583
vv	map04723	LOC127071583
vv	map04932	LOC127071583
vv	map05010	LOC127071583
vv	map05012	LOC127071583
vv	map05016	LOC127071583
vv	map04320	LOC127071589
vv	map00010	LOC127071592
vv	map00710	LOC127071592
vv	map01100	LOC127071592
vv	map01110	LOC127071592
vv	map01120	LOC127071592
vv	map01130	LOC127071592
vv	map01200	LOC127071592
vv	map01230	LOC127071592
vv	map04115	LOC127071594
vv	map04512	LOC127071596
vv	map05410	LOC127071596
vv	map05412	LOC127071596
vv	map05414	LOC127071596
vv	map05416	LOC127071596
vv	map00561	LOC127071597
vv	map01100	LOC127071597
vv	map04141	LOC127071601
vv	map00910	LOC127071602
vv	map04964	LOC127071602
vv	map04966	LOC127071602
vv	map04971	LOC127071602
vv	map04972	LOC127071602
vv	map04976	LOC127071602
vv	map00062	LOC127071603
vv	map01040	LOC127071603
vv	map01110	LOC127071603
vv	map01212	LOC127071603
vv	map00240	LOC127071604
vv	map00250	LOC127071604
vv	map01100	LOC127071604
vv	map04391	LOC127071605
vv	map04146	LOC127071606
vv	map04015	LOC127071611
vv	map04310	LOC127071611
vv	map04390	LOC127071611
vv	map04510	LOC127071611
vv	map04520	LOC127071611
vv	map04550	LOC127071611
vv	map04670	LOC127071611
vv	map04916	LOC127071611
vv	map04919	LOC127071611
vv	map04934	LOC127071611
vv	map05100	LOC127071611
vv	map05130	LOC127071611
vv	map05165	LOC127071611
vv	map05166	LOC127071611
vv	map05167	LOC127071611
vv	map05200	LOC127071611
vv	map05205	LOC127071611
vv	map05210	LOC127071611
vv	map05213	LOC127071611
vv	map05215	LOC127071611
vv	map05216	LOC127071611
vv	map05217	LOC127071611
vv	map05224	LOC127071611
vv	map05225	LOC127071611
vv	map05226	LOC127071611
vv	map05412	LOC127071611
vv	map05418	LOC127071611
vv	map00590	LOC127071615
vv	map00591	LOC127071615
vv	map00981	LOC127071615
vv	map01100	LOC127071615
vv	map04212	LOC127071615
vv	map04726	LOC127071615
vv	map04750	LOC127071615
vv	map04913	LOC127071615
vv	map04214	LOC127071616
vv	map04215	LOC127071616
vv	map04910	LOC127071617
vv	map00230	LOC127071619
vv	map01100	LOC127071619
vv	map04020	LOC127071622
vv	map04022	LOC127071622
vv	map04217	LOC127071622
vv	map04218	LOC127071622
vv	map05012	LOC127071622
vv	map05016	LOC127071622
vv	map05166	LOC127071622
vv	map04130	LOC127071623
vv	map04145	LOC127071623
vv	map03008	LOC127071624
vv	map00750	LOC127071625
vv	map01100	LOC127071625
vv	map01120	LOC127071625
vv	map00520	LOC127071636
vv	map01130	LOC127071636
vv	map04330	LOC127071638
vv	map04962	LOC127071640
vv	map05034	LOC127071643
vv	map05165	LOC127071643
vv	map05203	LOC127071643
vv	map05164	LOC127071645
vv	map05202	LOC127071649
vv	map03015	LOC127071650
vv	map04071	LOC127071650
vv	map04151	LOC127071650
vv	map04152	LOC127071650
vv	map04261	LOC127071650
vv	map04728	LOC127071650
vv	map05165	LOC127071650
vv	map03010	LOC127071659
vv	map03010	LOC127071660
vv	map00310	LOC127071668
vv	map05202	LOC127071668
vv	map04020	LOC127071672
vv	map04080	LOC127071672
vv	map04911	LOC127071672
vv	map04972	LOC127071672
vv	map00230	LOC127071673
vv	map00983	LOC127071673
vv	map01100	LOC127071673
vv	map01110	LOC127071673
vv	map04141	LOC127071675
vv	map05164	LOC127071675
vv	map00062	LOC127071676
vv	map01040	LOC127071676
vv	map01110	LOC127071676
vv	map01212	LOC127071676
vv	map01522	LOC127071680
vv	map04320	LOC127071680
vv	map04330	LOC127071680
vv	map04371	LOC127071680
vv	map04390	LOC127071680
vv	map04391	LOC127071680
vv	map04658	LOC127071680
vv	map04668	LOC127071680
vv	map04919	LOC127071680
vv	map05020	LOC127071680
vv	map05165	LOC127071680
vv	map05200	LOC127071680
vv	map05206	LOC127071680
vv	map05224	LOC127071680
vv	map04210	LOC127071682
vv	map00230	LOC127071683
vv	map02025	LOC127071683
vv	map04113	LOC127071683
vv	map04213	LOC127071683
vv	map04918	LOC127071690
vv	map04080	LOC127071696
vv	map04972	LOC127071696
vv	map04974	LOC127071696
vv	map05164	LOC127071696
vv	map04341	LOC127071705
vv	map00981	LOC127071706
vv	map04974	LOC127071707
vv	map03015	LOC127071716
vv	map04140	LOC127071717
vv	map05167	LOC127071717
vv	map04130	LOC127071720
vv	map05016	LOC127071724
vv	map03018	LOC127071725
vv	map04340	LOC127071726
vv	map04341	LOC127071726
vv	map04360	LOC127071726
vv	map05200	LOC127071726
vv	map05205	LOC127071726
vv	map05217	LOC127071726
vv	map03440	LOC127071730
vv	map03460	LOC127071730
vv	map00062	LOC127071734
vv	map01100	LOC127071734
vv	map01212	LOC127071734
vv	map00512	LOC127071735
vv	map01100	LOC127071735
vv	map00520	LOC127071738
vv	map04141	LOC127071745
vv	map00240	LOC127071748
vv	map01100	LOC127071748
vv	map03010	LOC127071748
vv	map03050	LOC127071749
vv	map03018	LOC127071751
vv	map03040	LOC127071752
vv	map03010	LOC127071757
vv	map00750	LOC127071761
vv	map01100	LOC127071761
vv	map00562	LOC127071765
vv	map01100	LOC127071765
vv	map04015	LOC127071765
vv	map04020	LOC127071765
vv	map04022	LOC127071765
vv	map04062	LOC127071765
vv	map04070	LOC127071765
vv	map04071	LOC127071765
vv	map04072	LOC127071765
vv	map04261	LOC127071765
vv	map04270	LOC127071765
vv	map04310	LOC127071765
vv	map04371	LOC127071765
vv	map04540	LOC127071765
vv	map04611	LOC127071765
vv	map04621	LOC127071765
vv	map04713	LOC127071765
vv	map04720	LOC127071765
vv	map04723	LOC127071765
vv	map04724	LOC127071765
vv	map04725	LOC127071765
vv	map04726	LOC127071765
vv	map04728	LOC127071765
vv	map04730	LOC127071765
vv	map04745	LOC127071765
vv	map04750	LOC127071765
vv	map04911	LOC127071765
vv	map04912	LOC127071765
vv	map04915	LOC127071765
vv	map04916	LOC127071765
vv	map04918	LOC127071765
vv	map04919	LOC127071765
vv	map04921	LOC127071765
vv	map04922	LOC127071765
vv	map04924	LOC127071765
vv	map04925	LOC127071765
vv	map04926	LOC127071765
vv	map04927	LOC127071765
vv	map04933	LOC127071765
vv	map04934	LOC127071765
vv	map04961	LOC127071765
vv	map04970	LOC127071765
vv	map04971	LOC127071765
vv	map04972	LOC127071765
vv	map05010	LOC127071765
vv	map05016	LOC127071765
vv	map05142	LOC127071765
vv	map05143	LOC127071765
vv	map05146	LOC127071765
vv	map05200	LOC127071765
vv	map04015	LOC127071768
vv	map04024	LOC127071768
vv	map04080	LOC127071768
vv	map04540	LOC127071768
vv	map04728	LOC127071768
vv	map05012	LOC127071768
vv	map05030	LOC127071768
vv	map05034	LOC127071768
vv	map00072	LOC127071774
vv	map00650	LOC127071774
vv	map01100	LOC127071774
vv	map00071	LOC127071783
vv	map00592	LOC127071783
vv	map01040	LOC127071783
vv	map01100	LOC127071783
vv	map01110	LOC127071783
vv	map01212	LOC127071783
vv	map03320	LOC127071783
vv	map04024	LOC127071783
vv	map04146	LOC127071783
vv	map04144	LOC127071790
vv	map04212	LOC127071791
vv	map05168	LOC127071791
vv	map04020	LOC127071792
vv	map04022	LOC127071792
vv	map04024	LOC127071792
vv	map04261	LOC127071792
vv	map04925	LOC127071792
vv	map04970	LOC127071792
vv	map04972	LOC127071792
vv	map00190	LOC127071806
vv	map01100	LOC127071806
vv	map04714	LOC127071806
vv	map04723	LOC127071806
vv	map04932	LOC127071806
vv	map05010	LOC127071806
vv	map05012	LOC127071806
vv	map05016	LOC127071806
vv	map00190	LOC127071807
vv	map01100	LOC127071807
vv	map04714	LOC127071807
vv	map00230	LOC127071808
vv	map04927	LOC127071808
vv	map04934	LOC127071808
vv	map05032	LOC127071808
vv	map03040	LOC127071810
vv	map00230	LOC127071812
vv	map00240	LOC127071812
vv	map01100	LOC127071812
vv	map03020	LOC127071812
vv	map05016	LOC127071812
vv	map05169	LOC127071812
vv	map03013	LOC127071814
vv	map04721	LOC127071815
vv	map03008	LOC127071816
vv	map05231	LOC127071820
vv	map03460	LOC127071823
vv	map04150	LOC127071824
vv	map04310	LOC127071824
vv	map04390	LOC127071824
vv	map04550	LOC127071824
vv	map04916	LOC127071824
vv	map04934	LOC127071824
vv	map05165	LOC127071824
vv	map05166	LOC127071824
vv	map05200	LOC127071824
vv	map05205	LOC127071824
vv	map05217	LOC127071824
vv	map05224	LOC127071824
vv	map05225	LOC127071824
vv	map05226	LOC127071824
vv	map04114	LOC127071825
vv	map05200	LOC127071831
vv	map05216	LOC127071831
vv	map00010	LOC127071832
vv	map00270	LOC127071832
vv	map00620	LOC127071832
vv	map00640	LOC127071832
vv	map01100	LOC127071832
vv	map01110	LOC127071832
vv	map01120	LOC127071832
vv	map01130	LOC127071832
vv	map04922	LOC127071832
vv	map04114	LOC127071834
vv	map00010	LOC127071835
vv	map00270	LOC127071835
vv	map00620	LOC127071835
vv	map00640	LOC127071835
vv	map01100	LOC127071835
vv	map01110	LOC127071835
vv	map01120	LOC127071835
vv	map01130	LOC127071835
vv	map04922	LOC127071835
vv	map04130	LOC127071836
vv	map04140	LOC127071836
vv	map03010	LOC127071840
vv	map00900	LOC127071841
vv	map00981	LOC127071841
vv	map01130	LOC127071841
vv	map00750	LOC127071842
vv	map01100	LOC127071842
vv	map01120	LOC127071842
vv	map04144	LOC127071845
vv	map04217	LOC127071845
vv	map04015	LOC127071855
vv	map04611	LOC127071855
vv	map00770	LOC127071859
vv	map01100	LOC127071859
vv	map04964	LOC127071862
vv	map00900	LOC127071864
vv	map01130	LOC127071864
vv	map05202	LOC127071868
vv	map04010	LOC127071871
vv	map04013	LOC127071871
vv	map04212	LOC127071873
vv	map00600	LOC127071876
vv	map01100	LOC127071876
vv	map04071	LOC127071876
vv	map04721	LOC127071878
vv	map03030	LOC127071880
vv	map03018	LOC127071881
vv	map00240	LOC127071887
vv	map00410	LOC127071887
vv	map00770	LOC127071887
vv	map00983	LOC127071887
vv	map01100	LOC127071887
vv	map04360	LOC127071887
vv	map00190	LOC127071888
vv	map01100	LOC127071888
vv	map04260	LOC127071888
vv	map04714	LOC127071888
vv	map04932	LOC127071888
vv	map05010	LOC127071888
vv	map05012	LOC127071888
vv	map05016	LOC127071888
vv	map04060	LOC127071894
vv	map04657	LOC127071894
vv	map00190	LOC127071913
vv	map01100	LOC127071913
vv	map04145	LOC127071913
vv	map04150	LOC127071913
vv	map04721	LOC127071913
vv	map04966	LOC127071913
vv	map05110	LOC127071913
vv	map05120	LOC127071913
vv	map05323	LOC127071913
vv	map00510	LOC127071919
vv	map00513	LOC127071919
vv	map01100	LOC127071919
vv	map00120	LOC127071922
vv	map01100	LOC127071922
vv	map03320	LOC127071922
vv	map04979	LOC127071922
vv	map03008	LOC127071923
vv	map00072	LOC127071925
vv	map00280	LOC127071925
vv	map00281	LOC127071925
vv	map00650	LOC127071925
vv	map01100	LOC127071925
vv	map04146	LOC127071925
vv	map04910	LOC127071928
vv	map04931	LOC127071928
vv	map04110	LOC127071930
vv	map04111	LOC127071930
vv	map04113	LOC127071930
vv	map04114	LOC127071930
vv	map04120	LOC127071930
vv	map04657	LOC127071930
vv	map04914	LOC127071930
vv	map05166	LOC127071930
vv	map04013	LOC127071932
vv	map04310	LOC127071932
vv	map04330	LOC127071932
vv	map00640	LOC127071934
vv	map01100	LOC127071934
vv	map02010	LOC127071935
vv	map02010	LOC127071937
vv	map04144	LOC127071941
vv	map03040	LOC127071942
vv	map04140	LOC127071946
vv	map04150	LOC127071946
vv	map00532	LOC127071947
vv	map03010	LOC127071951
vv	map03018	LOC127071954
vv	map03040	LOC127071954
vv	map04714	LOC127071960
vv	map05202	LOC127071960
vv	map04136	LOC127071961
vv	map04138	LOC127071961
vv	map04140	LOC127071961
vv	map00790	LOC127071964
vv	map01100	LOC127071964
vv	map03030	LOC127071964
vv	map04727	LOC127071964
vv	map04020	LOC127071967
vv	map04910	LOC127071967
vv	map04922	LOC127071967
vv	map01521	LOC127071969
vv	map04010	LOC127071969
vv	map04011	LOC127071969
vv	map04012	LOC127071969
vv	map04014	LOC127071969
vv	map04015	LOC127071969
vv	map04020	LOC127071969
vv	map04062	LOC127071969
vv	map04064	LOC127071969
vv	map04066	LOC127071969
vv	map04070	LOC127071969
vv	map04071	LOC127071969
vv	map04072	LOC127071969
vv	map04139	LOC127071969
vv	map04150	LOC127071969
vv	map04151	LOC127071969
vv	map04261	LOC127071969
vv	map04270	LOC127071969
vv	map04310	LOC127071969
vv	map04360	LOC127071969
vv	map04370	LOC127071969
vv	map04510	LOC127071969
vv	map04540	LOC127071969
vv	map04650	LOC127071969
vv	map04662	LOC127071969
vv	map04664	LOC127071969
vv	map04666	LOC127071969
vv	map04670	LOC127071969
vv	map04713	LOC127071969
vv	map04720	LOC127071969
vv	map04723	LOC127071969
vv	map04724	LOC127071969
vv	map04725	LOC127071969
vv	map04726	LOC127071969
vv	map04727	LOC127071969
vv	map04728	LOC127071969
vv	map04730	LOC127071969
vv	map04745	LOC127071969
vv	map04750	LOC127071969
vv	map04911	LOC127071969
vv	map04912	LOC127071969
vv	map04916	LOC127071969
vv	map04918	LOC127071969
vv	map04919	LOC127071969
vv	map04921	LOC127071969
vv	map04925	LOC127071969
vv	map04926	LOC127071969
vv	map04931	LOC127071969
vv	map04933	LOC127071969
vv	map04960	LOC127071969
vv	map04961	LOC127071969
vv	map04970	LOC127071969
vv	map04971	LOC127071969
vv	map04972	LOC127071969
vv	map04973	LOC127071969
vv	map05031	LOC127071969
vv	map05032	LOC127071969
vv	map05110	LOC127071969
vv	map05130	LOC127071969
vv	map05140	LOC127071969
vv	map05143	LOC127071969
vv	map05146	LOC127071969
vv	map05161	LOC127071969
vv	map05164	LOC127071969
vv	map05200	LOC127071969
vv	map05205	LOC127071969
vv	map05206	LOC127071969
vv	map05214	LOC127071969
vv	map05223	LOC127071969
vv	map05225	LOC127071969
vv	map05231	LOC127071969
vv	map00600	LOC127071971
vv	map01100	LOC127071971
vv	map05206	LOC127071973
vv	map04934	LOC127071974
vv	map00010	LOC127071976
vv	map00030	LOC127071976
vv	map00500	LOC127071976
vv	map00520	LOC127071976
vv	map01100	LOC127071976
vv	map01110	LOC127071976
vv	map01120	LOC127071976
vv	map01130	LOC127071976
vv	map01200	LOC127071976
vv	map04138	LOC127071977
vv	map00510	LOC127071979
vv	map01100	LOC127071979
vv	map04624	LOC127071982
vv	map03013	LOC127071984
vv	map04064	LOC127071984
vv	map04120	LOC127071984
vv	map05206	LOC127071984
vv	map04020	LOC127071987
vv	map04910	LOC127071987
vv	map04922	LOC127071987
vv	map03013	LOC127071990
vv	map03015	LOC127071990
vv	map03040	LOC127071990
vv	map04136	LOC127071991
vv	map04138	LOC127071991
vv	map04140	LOC127071991
vv	map04211	LOC127071991
vv	map03022	LOC127071993
vv	map03420	LOC127071993
vv	map04110	LOC127071993
vv	map04120	LOC127072004
vv	map03040	LOC127072007
vv	map04141	LOC127072008
vv	map03008	LOC127072009
vv	map00563	LOC127072011
vv	map01100	LOC127072011
vv	map03450	LOC127072013
vv	map00901	LOC127072016
vv	map01100	LOC127072016
vv	map01110	LOC127072016
vv	map00520	LOC127072020
vv	map01100	LOC127072020
vv	map00190	LOC127072022
vv	map01100	LOC127072022
vv	map04714	LOC127072022
vv	map04723	LOC127072022
vv	map04932	LOC127072022
vv	map05010	LOC127072022
vv	map05012	LOC127072022
vv	map05016	LOC127072022
vv	map00563	LOC127072023
vv	map01100	LOC127072023
vv	map03410	LOC127072025
vv	map05134	LOC127072028
vv	map03010	LOC127072033
vv	map03008	LOC127072036
vv	map04137	LOC127072037
vv	map04214	LOC127072037
vv	map00190	LOC127072040
vv	map01100	LOC127072040
vv	map03015	LOC127072040
vv	map04714	LOC127072040
vv	map04723	LOC127072040
vv	map04932	LOC127072040
vv	map05010	LOC127072040
vv	map05012	LOC127072040
vv	map05016	LOC127072040
vv	map03022	LOC127072042
vv	map05202	LOC127072042
vv	map03013	LOC127072043
vv	map03015	LOC127072043
vv	map00130	LOC127072047
vv	map01110	LOC127072047
vv	map03013	LOC127072048
vv	map04064	LOC127072048
vv	map04120	LOC127072048
vv	map05206	LOC127072048
vv	map04624	LOC127072053
vv	map05205	LOC127072053
vv	map03013	LOC127072054
vv	map03040	LOC127072054
vv	map00511	LOC127072058
vv	map04142	LOC127072058
vv	map04012	LOC127072059
vv	map04062	LOC127072059
vv	map04217	LOC127072059
vv	map04630	LOC127072059
vv	map04658	LOC127072059
vv	map04659	LOC127072059
vv	map04917	LOC127072059
vv	map04933	LOC127072059
vv	map05161	LOC127072059
vv	map05162	LOC127072059
vv	map05166	LOC127072059
vv	map05200	LOC127072059
vv	map05203	LOC127072059
vv	map05220	LOC127072059
vv	map05221	LOC127072059
vv	map05223	LOC127072059
vv	map05202	LOC127072063
vv	map00562	LOC127072065
vv	map01100	LOC127072065
vv	map04070	LOC127072065
vv	map00562	LOC127072066
vv	map01100	LOC127072066
vv	map04070	LOC127072066
vv	map04145	LOC127072073
vv	map04151	LOC127072073
vv	map04510	LOC127072073
vv	map04512	LOC127072073
vv	map04962	LOC127072073
vv	map05132	LOC127072073
vv	map05145	LOC127072073
vv	map05146	LOC127072073
vv	map05165	LOC127072073
vv	map05200	LOC127072073
vv	map05222	LOC127072073
vv	map04110	LOC127072075
vv	map04111	LOC127072075
vv	map04113	LOC127072075
vv	map04114	LOC127072075
vv	map04151	LOC127072075
vv	map04510	LOC127072075
vv	map04512	LOC127072075
vv	map04974	LOC127072075
vv	map05165	LOC127072075
vv	map00561	LOC127072076
vv	map00564	LOC127072076
vv	map01100	LOC127072076
vv	map01110	LOC127072076
vv	map04070	LOC127072076
vv	map04072	LOC127072076
vv	map05231	LOC127072076
vv	map04110	LOC127072079
vv	map04111	LOC127072079
vv	map04113	LOC127072079
vv	map04114	LOC127072079
vv	map04151	LOC127072079
vv	map04510	LOC127072079
vv	map04512	LOC127072079
vv	map04974	LOC127072079
vv	map05165	LOC127072079
vv	map04020	LOC127072082
vv	map04022	LOC127072082
vv	map04270	LOC127072082
vv	map04371	LOC127072082
vv	map04510	LOC127072082
vv	map04611	LOC127072082
vv	map04810	LOC127072082
vv	map04921	LOC127072082
vv	map04971	LOC127072082
vv	map04022	LOC127072083
vv	map04071	LOC127072083
vv	map04270	LOC127072083
vv	map04371	LOC127072083
vv	map04530	LOC127072083
vv	map04666	LOC127072083
vv	map04750	LOC127072083
vv	map04925	LOC127072083
vv	map04930	LOC127072083
vv	map04931	LOC127072083
vv	map04933	LOC127072083
vv	map05206	LOC127072083
vv	map04110	LOC127072084
vv	map04111	LOC127072084
vv	map04113	LOC127072084
vv	map04114	LOC127072084
vv	map04120	LOC127072084
vv	map04914	LOC127072084
vv	map05166	LOC127072084
vv	map03040	LOC127072085
vv	map05202	LOC127072085
vv	map05205	LOC127072085
vv	map04310	LOC127072086
vv	map04330	LOC127072086
vv	map04722	LOC127072086
vv	map05010	LOC127072086
vv	map05165	LOC127072086
vv	map04068	LOC127072088
vv	map04260	LOC127072090
vv	map04261	LOC127072090
vv	map05410	LOC127072090
vv	map05414	LOC127072090
vv	map00520	LOC127072091
vv	map00564	LOC127072092
vv	map01110	LOC127072092
vv	map04011	LOC127072092
vv	map04146	LOC127072095
vv	map04022	LOC127072097
vv	map04071	LOC127072097
vv	map04270	LOC127072097
vv	map04371	LOC127072097
vv	map04530	LOC127072097
vv	map04666	LOC127072097
vv	map04750	LOC127072097
vv	map04925	LOC127072097
vv	map04930	LOC127072097
vv	map04931	LOC127072097
vv	map04933	LOC127072097
vv	map05206	LOC127072097
vv	map04668	LOC127072101
vv	map04912	LOC127072101
vv	map05206	LOC127072101
vv	map00040	LOC127072104
vv	map00531	LOC127072104
vv	map00860	LOC127072104
vv	map00944	LOC127072104
vv	map00983	LOC127072104
vv	map01100	LOC127072104
vv	map01110	LOC127072104
vv	map04142	LOC127072104
vv	map04137	LOC127072105
vv	map00770	LOC127072108
vv	map01100	LOC127072108
vv	map04011	LOC127072109
vv	map04714	LOC127072111
vv	map01522	LOC127072115
vv	map04330	LOC127072115
vv	map04919	LOC127072115
vv	map05169	LOC127072115
vv	map05202	LOC127072115
vv	map03010	LOC127072124
vv	map04142	LOC127072129
vv	map04144	LOC127072129
vv	map04721	LOC127072129
vv	map04961	LOC127072129
vv	map05016	LOC127072129
vv	map05100	LOC127072129
vv	map04010	LOC127072133
vv	map03015	LOC127072134
vv	map04970	LOC127072134
vv	map00051	LOC127072137
vv	map01100	LOC127072137
vv	map01120	LOC127072137
vv	map04138	LOC127072138
vv	map00630	LOC127072141
vv	map01100	LOC127072141
vv	map01110	LOC127072141
vv	map01130	LOC127072141
vv	map01200	LOC127072141
vv	map03008	LOC127072144
vv	map03013	LOC127072144
vv	map04010	LOC127072145
vv	map04014	LOC127072145
vv	map04015	LOC127072145
vv	map04151	LOC127072145
vv	map04810	LOC127072145
vv	map05200	LOC127072145
vv	map05218	LOC127072145
vv	map05224	LOC127072145
vv	map05226	LOC127072145
vv	map03008	LOC127072147
vv	map04064	LOC127072147
vv	map04137	LOC127072147
vv	map04139	LOC127072147
vv	map04310	LOC127072147
vv	map04520	LOC127072147
vv	map04712	LOC127072147
vv	map05162	LOC127072147
vv	map05168	LOC127072147
vv	map05169	LOC127072147
vv	map04714	LOC127072160
vv	map05225	LOC127072160
vv	map00510	LOC127072164
vv	map00513	LOC127072164
vv	map01100	LOC127072164
vv	map04141	LOC127072164
vv	map00330	LOC127072171
vv	map01100	LOC127072171
vv	map01110	LOC127072171
vv	map01130	LOC127072171
vv	map00330	LOC127072172
vv	map01100	LOC127072172
vv	map01110	LOC127072172
vv	map01130	LOC127072172
vv	map03013	LOC127072178
vv	map03040	LOC127072178
vv	map03010	LOC127072181
vv	map05200	LOC127072185
vv	map05220	LOC127072185
vv	map04934	LOC127072186
vv	map00350	LOC127072188
vv	map01100	LOC127072188
vv	map00100	LOC127072189
vv	map00981	LOC127072189
vv	map01100	LOC127072189
vv	map05206	LOC127072189
vv	map04330	LOC127072191
vv	map04919	LOC127072197
vv	map04139	LOC127072199
vv	map00970	LOC127072200
vv	map04919	LOC127072202
vv	map05168	LOC127072207
vv	map04120	LOC127072211
vv	map05165	LOC127072211
vv	map05203	LOC127072211
vv	map00561	LOC127072215
vv	map00564	LOC127072215
vv	map01100	LOC127072215
vv	map01110	LOC127072215
vv	map03050	LOC127072219
vv	map03008	LOC127072227
vv	map00480	LOC127072240
vv	map00980	LOC127072240
vv	map00982	LOC127072240
vv	map00983	LOC127072240
vv	map01524	LOC127072240
vv	map05200	LOC127072240
vv	map05204	LOC127072240
vv	map05225	LOC127072240
vv	map05418	LOC127072240
vv	map03460	LOC127072243
vv	map03015	LOC127072246
vv	map00260	LOC127072249
vv	map00270	LOC127072249
vv	map01100	LOC127072249
vv	map01130	LOC127072249
vv	map01230	LOC127072249
vv	map00511	LOC127072253
vv	map04142	LOC127072253
vv	map00510	LOC127072254
vv	map00513	LOC127072254
vv	map01100	LOC127072254
vv	map03008	LOC127072256
vv	map04520	LOC127072260
vv	map04530	LOC127072260
vv	map04540	LOC127072260
vv	map05110	LOC127072260
vv	map05120	LOC127072260
vv	map05132	LOC127072260
vv	map04110	LOC127072262
vv	map04152	LOC127072262
vv	map04218	LOC127072262
vv	map04914	LOC127072262
vv	map05161	LOC127072262
vv	map05165	LOC127072262
vv	map05169	LOC127072262
vv	map05203	LOC127072262
vv	map00510	LOC127072265
vv	map00513	LOC127072265
vv	map01100	LOC127072265
vv	map03050	LOC127072269
vv	map03030	LOC127072303
vv	map03420	LOC127072303
vv	map03430	LOC127072303
vv	map00908	LOC127072305
vv	map01100	LOC127072305
vv	map01110	LOC127072305
vv	map00073	LOC127072314
vv	map04146	LOC127072314
vv	map04212	LOC127072314
vv	map00073	LOC127072317
vv	map04146	LOC127072317
vv	map04212	LOC127072317
vv	map00073	LOC127072318
vv	map04146	LOC127072318
vv	map04212	LOC127072318
vv	map04024	LOC127072320
vv	map04066	LOC127072320
vv	map04068	LOC127072320
vv	map04110	LOC127072320
vv	map04310	LOC127072320
vv	map04330	LOC127072320
vv	map04350	LOC127072320
vv	map04520	LOC127072320
vv	map04630	LOC127072320
vv	map04720	LOC127072320
vv	map04916	LOC127072320
vv	map04919	LOC127072320
vv	map04922	LOC127072320
vv	map05016	LOC127072320
vv	map05152	LOC127072320
vv	map05161	LOC127072320
vv	map05164	LOC127072320
vv	map05165	LOC127072320
vv	map05166	LOC127072320
vv	map05167	LOC127072320
vv	map05168	LOC127072320
vv	map05169	LOC127072320
vv	map05200	LOC127072320
vv	map05203	LOC127072320
vv	map05206	LOC127072320
vv	map05211	LOC127072320
vv	map05215	LOC127072320
vv	map04724	LOC127072321
vv	map04714	LOC127072322
vv	map00480	LOC127072329
vv	map01100	LOC127072329
vv	map04614	LOC127072329
vv	map04640	LOC127072329
vv	map04015	LOC127072330
vv	map04024	LOC127072330
vv	map04144	LOC127072330
vv	map04350	LOC127072337
vv	map04139	LOC127072339
vv	map05010	LOC127072341
vv	map01521	LOC127072346
vv	map04012	LOC127072346
vv	map04013	LOC127072346
vv	map04014	LOC127072346
vv	map04071	LOC127072346
vv	map04072	LOC127072346
vv	map04380	LOC127072346
vv	map04664	LOC127072346
vv	map04666	LOC127072346
vv	map04722	LOC127072346
vv	map05100	LOC127072346
vv	map05205	LOC127072346
vv	map05211	LOC127072346
vv	map05220	LOC127072346
vv	map05225	LOC127072346
vv	map05226	LOC127072346
vv	map05206	LOC127072347
vv	map04141	LOC127072350
vv	map00330	LOC127072354
vv	map00340	LOC127072354
vv	map00410	LOC127072354
vv	map01100	LOC127072354
vv	map00511	LOC127072355
vv	map04145	LOC127072357
vv	map04540	LOC127072357
vv	map05130	LOC127072357
vv	map03022	LOC127072362
vv	map03420	LOC127072362
vv	map05203	LOC127072362
vv	map00250	LOC127072364
vv	map00260	LOC127072364
vv	map00630	LOC127072364
vv	map00680	LOC127072364
vv	map01100	LOC127072364
vv	map01110	LOC127072364
vv	map01120	LOC127072364
vv	map01130	LOC127072364
vv	map01200	LOC127072364
vv	map04146	LOC127072364
vv	map00480	LOC127072368
vv	map00790	LOC127072368
vv	map00980	LOC127072368
vv	map00982	LOC127072368
vv	map00983	LOC127072368
vv	map01524	LOC127072368
vv	map05200	LOC127072368
vv	map05204	LOC127072368
vv	map05225	LOC127072368
vv	map05418	LOC127072368
vv	map04072	LOC127072374
vv	map04144	LOC127072374
vv	map05110	LOC127072374
vv	map05134	LOC127072374
vv	map04110	LOC127072378
vv	map04111	LOC127072378
vv	map04114	LOC127072378
vv	map04120	LOC127072378
vv	map04141	LOC127072378
vv	map04310	LOC127072378
vv	map04341	LOC127072378
vv	map04350	LOC127072378
vv	map04710	LOC127072378
vv	map05168	LOC127072378
vv	map05200	LOC127072378
vv	map00330	LOC127072390
vv	map01100	LOC127072390
vv	map04216	LOC127072390
vv	map03410	LOC127072391
vv	map04210	LOC127072391
vv	map04212	LOC127072391
vv	map04214	LOC127072391
vv	map04217	LOC127072391
vv	map04068	LOC127072392
vv	map04550	LOC127072395
vv	map00020	LOC127072396
vv	map00640	LOC127072396
vv	map01100	LOC127072396
vv	map01110	LOC127072396
vv	map01120	LOC127072396
vv	map01130	LOC127072396
vv	map01200	LOC127072396
vv	map04138	LOC127072397
vv	map00240	LOC127072399
vv	map00670	LOC127072399
vv	map01100	LOC127072399
vv	map01523	LOC127072399
vv	map03013	LOC127072400
vv	map00270	LOC127072403
vv	map01100	LOC127072403
vv	map05206	LOC127072403
vv	map00563	LOC127072404
vv	map01100	LOC127072404
vv	map00230	LOC127072408
vv	map00240	LOC127072408
vv	map01100	LOC127072408
vv	map03020	LOC127072408
vv	map04623	LOC127072408
vv	map05016	LOC127072408
vv	map05169	LOC127072408
vv	map05202	LOC127072408
vv	map00073	LOC127072411
vv	map04146	LOC127072411
vv	map04212	LOC127072411
vv	map04145	LOC127072421
vv	map04540	LOC127072421
vv	map05130	LOC127072421
vv	map04020	LOC127072422
vv	map04022	LOC127072422
vv	map04024	LOC127072422
vv	map04080	LOC127072422
vv	map04261	LOC127072422
vv	map04540	LOC127072422
vv	map04726	LOC127072422
vv	map04728	LOC127072422
vv	map04923	LOC127072422
vv	map04924	LOC127072422
vv	map04970	LOC127072422
vv	map05012	LOC127072422
vv	map05030	LOC127072422
vv	map05031	LOC127072422
vv	map05032	LOC127072422
vv	map05034	LOC127072422
vv	map00330	LOC127072431
vv	map00480	LOC127072431
vv	map01100	LOC127072431
vv	map01110	LOC127072431
vv	map01130	LOC127072431
vv	map00330	LOC127072432
vv	map00480	LOC127072432
vv	map01100	LOC127072432
vv	map01110	LOC127072432
vv	map01130	LOC127072432
vv	map00330	LOC127072433
vv	map00480	LOC127072433
vv	map01100	LOC127072433
vv	map01110	LOC127072433
vv	map01130	LOC127072433
vv	map00330	LOC127072434
vv	map00480	LOC127072434
vv	map01100	LOC127072434
vv	map01110	LOC127072434
vv	map01130	LOC127072434
vv	map00330	LOC127072435
vv	map00480	LOC127072435
vv	map01100	LOC127072435
vv	map01110	LOC127072435
vv	map01130	LOC127072435
vv	map00073	LOC127072438
vv	map04146	LOC127072438
vv	map04212	LOC127072438
vv	map00330	LOC127072443
vv	map00480	LOC127072443
vv	map01100	LOC127072443
vv	map01110	LOC127072443
vv	map01130	LOC127072443
vv	map00270	LOC127072444
vv	map00480	LOC127072444
vv	map01100	LOC127072444
vv	map04216	LOC127072444
vv	map04721	LOC127072451
vv	map03018	LOC127072453
vv	map00073	LOC127072459
vv	map04146	LOC127072459
vv	map04212	LOC127072459
vv	map00073	LOC127072460
vv	map04146	LOC127072460
vv	map04212	LOC127072460
vv	map00073	LOC127072461
vv	map04146	LOC127072461
vv	map04212	LOC127072461
vv	map04146	LOC127072480
vv	map04146	LOC127072490
vv	map04146	LOC127072491
vv	map04145	LOC127072495
vv	map04540	LOC127072495
vv	map05130	LOC127072495
vv	map04010	LOC127072519
vv	map04012	LOC127072519
vv	map04110	LOC127072519
vv	map04151	LOC127072519
vv	map04218	LOC127072519
vv	map04310	LOC127072519
vv	map04350	LOC127072519
vv	map04390	LOC127072519
vv	map04391	LOC127072519
vv	map04550	LOC127072519
vv	map04630	LOC127072519
vv	map04919	LOC127072519
vv	map05161	LOC127072519
vv	map05166	LOC127072519
vv	map05167	LOC127072519
vv	map05169	LOC127072519
vv	map05200	LOC127072519
vv	map05202	LOC127072519
vv	map05205	LOC127072519
vv	map05206	LOC127072519
vv	map05210	LOC127072519
vv	map05213	LOC127072519
vv	map05216	LOC127072519
vv	map05219	LOC127072519
vv	map05220	LOC127072519
vv	map05221	LOC127072519
vv	map05222	LOC127072519
vv	map05224	LOC127072519
vv	map05225	LOC127072519
vv	map05226	LOC127072519
vv	map05230	LOC127072519
vv	map04624	LOC127072520
vv	map03008	LOC127072521
vv	map04150	LOC127072522
vv	map04138	LOC127072523
vv	map04721	LOC127072523
vv	map04727	LOC127072523
vv	map04962	LOC127072523
vv	map04142	LOC127072527
vv	map04144	LOC127072527
vv	map04112	LOC127072531
vv	map00230	LOC127072532
vv	map00240	LOC127072532
vv	map01100	LOC127072532
vv	map03020	LOC127072532
vv	map04623	LOC127072532
vv	map05169	LOC127072532
vv	map03008	LOC127072533
vv	map04360	LOC127072535
vv	map00561	LOC127072537
vv	map00564	LOC127072537
vv	map01100	LOC127072537
vv	map01110	LOC127072537
vv	map04072	LOC127072537
vv	map04144	LOC127072539
vv	map00062	LOC127072540
vv	map00140	LOC127072540
vv	map01040	LOC127072540
vv	map01100	LOC127072540
vv	map01110	LOC127072540
vv	map01212	LOC127072540
vv	map00062	LOC127072541
vv	map00140	LOC127072541
vv	map01040	LOC127072541
vv	map01100	LOC127072541
vv	map01110	LOC127072541
vv	map01212	LOC127072541
vv	map00062	LOC127072542
vv	map00140	LOC127072542
vv	map01040	LOC127072542
vv	map01100	LOC127072542
vv	map01110	LOC127072542
vv	map01212	LOC127072542
vv	map04013	LOC127072544
vv	map04320	LOC127072544
vv	map04130	LOC127072546
vv	map04611	LOC127072546
vv	map04721	LOC127072546
vv	map04911	LOC127072546
vv	map03040	LOC127072551
vv	map04330	LOC127072551
vv	map05169	LOC127072551
vv	map05203	LOC127072551
vv	map04610	LOC127072552
vv	map03010	LOC127072553
vv	map03022	LOC127072557
vv	map04979	LOC127072566
vv	map04145	LOC127072571
vv	map04540	LOC127072571
vv	map05130	LOC127072571
vv	map00760	LOC127072572
vv	map01100	LOC127072572
vv	map04151	LOC127072573
vv	map03008	LOC127072577
vv	map00790	LOC127072579
vv	map01100	LOC127072579
vv	map03040	LOC127072586
vv	map04120	LOC127072589
vv	map03013	LOC127072596
vv	map05010	LOC127072602
vv	map05120	LOC127072602
vv	map00790	LOC127072604
vv	map00052	LOC127072610
vv	map00500	LOC127072610
vv	map01100	LOC127072610
vv	map04974	LOC127072610
vv	map00052	LOC127072611
vv	map00500	LOC127072611
vv	map01100	LOC127072611
vv	map04974	LOC127072611
vv	map00590	LOC127072612
vv	map00591	LOC127072612
vv	map01100	LOC127072612
vv	map04212	LOC127072612
vv	map04726	LOC127072612
vv	map04750	LOC127072612
vv	map04913	LOC127072612
vv	map04810	LOC127072613
vv	map04721	LOC127072614
vv	map04726	LOC127072614
vv	map04728	LOC127072614
vv	map05012	LOC127072614
vv	map05030	LOC127072614
vv	map05031	LOC127072614
vv	map05034	LOC127072614
vv	map04610	LOC127072615
vv	map00900	LOC127072617
vv	map01110	LOC127072617
vv	map04144	LOC127072618
vv	map04217	LOC127072618
vv	map04972	LOC127072619
vv	map01524	LOC127072621
vv	map04010	LOC127072621
vv	map04013	LOC127072621
vv	map04071	LOC127072621
vv	map04141	LOC127072621
vv	map04210	LOC127072621
vv	map04214	LOC127072621
vv	map04530	LOC127072621
vv	map04668	LOC127072621
vv	map04714	LOC127072621
vv	map04722	LOC127072621
vv	map04932	LOC127072621
vv	map05014	LOC127072621
vv	map05418	LOC127072621
vv	map03060	LOC127072622
vv	map04721	LOC127072625
vv	map03460	LOC127072636
vv	map03018	LOC127072637
vv	map04911	LOC127072651
vv	map04150	LOC127072652
vv	map00534	LOC127072656
vv	map01100	LOC127072656
vv	map04714	LOC127072657
vv	map04550	LOC127072659
vv	map00520	LOC127072660
vv	map01100	LOC127072660
vv	map04146	LOC127072662
vv	map04810	LOC127072665
vv	map04918	LOC127072677
vv	map04978	LOC127072677
vv	map04111	LOC127072681
vv	map04260	LOC127072681
vv	map04261	LOC127072681
vv	map04530	LOC127072681
vv	map05416	LOC127072681
vv	map04120	LOC127072682
vv	map04380	LOC127072682
vv	map04630	LOC127072682
vv	map04668	LOC127072682
vv	map04910	LOC127072682
vv	map04917	LOC127072682
vv	map04920	LOC127072682
vv	map04930	LOC127072682
vv	map04931	LOC127072682
vv	map04932	LOC127072682
vv	map05160	LOC127072682
vv	map05164	LOC127072682
vv	map05168	LOC127072682
vv	map03013	LOC127072686
vv	map00300	LOC127072688
vv	map00310	LOC127072688
vv	map00380	LOC127072688
vv	map01100	LOC127072688
vv	map01130	LOC127072688
vv	map01210	LOC127072688
vv	map03022	LOC127072689
vv	map04010	LOC127072690
vv	map00260	LOC127072691
vv	map01100	LOC127072691
vv	map01110	LOC127072691
vv	map01120	LOC127072691
vv	map01130	LOC127072691
vv	map01230	LOC127072691
vv	map04144	LOC127072692
vv	map00230	LOC127072693
vv	map00240	LOC127072693
vv	map00760	LOC127072693
vv	map01100	LOC127072693
vv	map01110	LOC127072693
vv	map04120	LOC127072694
vv	map05168	LOC127072694
vv	map00480	LOC127072698
vv	map00980	LOC127072698
vv	map00982	LOC127072698
vv	map00983	LOC127072698
vv	map01524	LOC127072698
vv	map05200	LOC127072698
vv	map05204	LOC127072698
vv	map05225	LOC127072698
vv	map05418	LOC127072698
vv	map04120	LOC127072700
vv	map04013	LOC127072702
vv	map00260	LOC127072705
vv	map01100	LOC127072705
vv	map04962	LOC127072709
vv	map05016	LOC127072709
vv	map04122	LOC127072711
vv	map05168	LOC127072712
vv	map01522	LOC127072714
vv	map04010	LOC127072714
vv	map04014	LOC127072714
vv	map04020	LOC127072714
vv	map04024	LOC127072714
vv	map04062	LOC127072714
vv	map04113	LOC127072714
vv	map04114	LOC127072714
vv	map04138	LOC127072714
vv	map04140	LOC127072714
vv	map04211	LOC127072714
vv	map04213	LOC127072714
vv	map04261	LOC127072714
vv	map04270	LOC127072714
vv	map04310	LOC127072714
vv	map04340	LOC127072714
vv	map04341	LOC127072714
vv	map04371	LOC127072714
vv	map04530	LOC127072714
vv	map04540	LOC127072714
vv	map04611	LOC127072714
vv	map04713	LOC127072714
vv	map04714	LOC127072714
vv	map04720	LOC127072714
vv	map04723	LOC127072714
vv	map04724	LOC127072714
vv	map04725	LOC127072714
vv	map04726	LOC127072714
vv	map04727	LOC127072714
vv	map04728	LOC127072714
vv	map04740	LOC127072714
vv	map04742	LOC127072714
vv	map04750	LOC127072714
vv	map04910	LOC127072714
vv	map04911	LOC127072714
vv	map04912	LOC127072714
vv	map04913	LOC127072714
vv	map04914	LOC127072714
vv	map04915	LOC127072714
vv	map04916	LOC127072714
vv	map04918	LOC127072714
vv	map04919	LOC127072714
vv	map04921	LOC127072714
vv	map04922	LOC127072714
vv	map04923	LOC127072714
vv	map04924	LOC127072714
vv	map04925	LOC127072714
vv	map04926	LOC127072714
vv	map04927	LOC127072714
vv	map04934	LOC127072714
vv	map04961	LOC127072714
vv	map04962	LOC127072714
vv	map04970	LOC127072714
vv	map04971	LOC127072714
vv	map04976	LOC127072714
vv	map05012	LOC127072714
vv	map05020	LOC127072714
vv	map05030	LOC127072714
vv	map05031	LOC127072714
vv	map05032	LOC127072714
vv	map05110	LOC127072714
vv	map05146	LOC127072714
vv	map05165	LOC127072714
vv	map05166	LOC127072714
vv	map05169	LOC127072714
vv	map05200	LOC127072714
vv	map05203	LOC127072714
vv	map05205	LOC127072714
vv	map05414	LOC127072714
vv	map04350	LOC127072718
vv	map03010	LOC127072722
vv	map04714	LOC127072735
vv	map04722	LOC127072735
vv	map05205	LOC127072735
vv	map00785	LOC127072738
vv	map01100	LOC127072738
vv	map04217	LOC127072741
vv	map03018	LOC127072743
vv	map03050	LOC127072744
vv	map00190	LOC127072749
vv	map01100	LOC127072749
vv	map04145	LOC127072749
vv	map04150	LOC127072749
vv	map04721	LOC127072749
vv	map04966	LOC127072749
vv	map05110	LOC127072749
vv	map05120	LOC127072749
vv	map05323	LOC127072749
vv	map03040	LOC127072751
vv	map05168	LOC127072751
vv	map03060	LOC127072752
vv	map03420	LOC127072753
vv	map04013	LOC127072754
vv	map04015	LOC127072754
vv	map04810	LOC127072754
vv	map05131	LOC127072754
vv	map05132	LOC127072754
vv	map00230	LOC127072755
vv	map00240	LOC127072755
vv	map01100	LOC127072755
vv	map03020	LOC127072755
vv	map04623	LOC127072755
vv	map05169	LOC127072755
vv	map04015	LOC127072761
vv	map04062	LOC127072761
vv	map04510	LOC127072761
vv	map04670	LOC127072761
vv	map04810	LOC127072761
vv	map05100	LOC127072761
vv	map03440	LOC127072772
vv	map03460	LOC127072772
vv	map04330	LOC127072773
vv	map04658	LOC127072773
vv	map05165	LOC127072773
vv	map00970	LOC127072776
vv	map00564	LOC127072778
vv	map00565	LOC127072778
vv	map01100	LOC127072778
vv	map04068	LOC127072779
vv	map05202	LOC127072779
vv	map00564	LOC127072783
vv	map01100	LOC127072783
vv	map03440	LOC127072794
vv	map04340	LOC127072796
vv	map04341	LOC127072796
vv	map04360	LOC127072796
vv	map05200	LOC127072796
vv	map05205	LOC127072796
vv	map05217	LOC127072796
vv	map05226	LOC127072796
vv	map00010	LOC127072798
vv	map00051	LOC127072798
vv	map00052	LOC127072798
vv	map00500	LOC127072798
vv	map00520	LOC127072798
vv	map00521	LOC127072798
vv	map00524	LOC127072798
vv	map01100	LOC127072798
vv	map01110	LOC127072798
vv	map01120	LOC127072798
vv	map01130	LOC127072798
vv	map01200	LOC127072798
vv	map04066	LOC127072798
vv	map04910	LOC127072798
vv	map04911	LOC127072798
vv	map04917	LOC127072798
vv	map04922	LOC127072798
vv	map04930	LOC127072798
vv	map04950	LOC127072798
vv	map04973	LOC127072798
vv	map05230	LOC127072798
vv	map04144	LOC127072799
vv	map00760	LOC127072800
vv	map01100	LOC127072800
vv	map00910	LOC127072802
vv	map04964	LOC127072802
vv	map04931	LOC127072804
vv	map04932	LOC127072804
vv	map03040	LOC127072808
vv	map03022	LOC127072818
vv	map05016	LOC127072818
vv	map05165	LOC127072818
vv	map05166	LOC127072818
vv	map05168	LOC127072818
vv	map05169	LOC127072818
vv	map05203	LOC127072818
vv	map00230	LOC127072820
vv	map04022	LOC127072820
vv	map04270	LOC127072820
vv	map04540	LOC127072820
vv	map04611	LOC127072820
vv	map04713	LOC127072820
vv	map04730	LOC127072820
vv	map04921	LOC127072820
vv	map04924	LOC127072820
vv	map04970	LOC127072820
vv	map00515	LOC127072824
vv	map01100	LOC127072824
vv	map00230	LOC127072825
vv	map04022	LOC127072825
vv	map04270	LOC127072825
vv	map04540	LOC127072825
vv	map04611	LOC127072825
vv	map04713	LOC127072825
vv	map04730	LOC127072825
vv	map04921	LOC127072825
vv	map04924	LOC127072825
vv	map04970	LOC127072825
vv	map00230	LOC127072826
vv	map04022	LOC127072826
vv	map04270	LOC127072826
vv	map04540	LOC127072826
vv	map04611	LOC127072826
vv	map04713	LOC127072826
vv	map04730	LOC127072826
vv	map04921	LOC127072826
vv	map04924	LOC127072826
vv	map04970	LOC127072826
vv	map03013	LOC127072832
vv	map04722	LOC127072833
vv	map05120	LOC127072833
vv	map00310	LOC127072835
vv	map00740	LOC127072840
vv	map01100	LOC127072840
vv	map01110	LOC127072840
vv	map00562	LOC127072847
vv	map01100	LOC127072847
vv	map04070	LOC127072847
vv	map03018	LOC127072853
vv	map04141	LOC127072855
vv	map04141	LOC127072861
vv	map05014	LOC127072861
vv	map00770	LOC127072862
vv	map01100	LOC127072862
vv	map04612	LOC127072863
vv	map03013	LOC127072870
vv	map05418	LOC127072870
vv	map03013	LOC127072876
vv	map05416	LOC127072876
vv	map04150	LOC127072877
vv	map00981	LOC127072883
vv	map04120	LOC127072884
vv	map04137	LOC127072884
vv	map04141	LOC127072884
vv	map05012	LOC127072884
vv	map03050	LOC127072886
vv	map05169	LOC127072886
vv	map03320	LOC127072887
vv	map04923	LOC127072887
vv	map04975	LOC127072887
vv	map04141	LOC127072888
vv	map03040	LOC127072893
vv	map05131	LOC127072893
vv	map00564	LOC127072894
vv	map00565	LOC127072894
vv	map00590	LOC127072894
vv	map00591	LOC127072894
vv	map00592	LOC127072894
vv	map01100	LOC127072894
vv	map01110	LOC127072894
vv	map04014	LOC127072894
vv	map04923	LOC127072894
vv	map03030	LOC127072895
vv	map03420	LOC127072895
vv	map03430	LOC127072895
vv	map03440	LOC127072895
vv	map03460	LOC127072895
vv	map04724	LOC127072905
vv	map05014	LOC127072905
vv	map00071	LOC127072907
vv	map00072	LOC127072907
vv	map00280	LOC127072907
vv	map00310	LOC127072907
vv	map00362	LOC127072907
vv	map00380	LOC127072907
vv	map00620	LOC127072907
vv	map00630	LOC127072907
vv	map00640	LOC127072907
vv	map00650	LOC127072907
vv	map00720	LOC127072907
vv	map00900	LOC127072907
vv	map01100	LOC127072907
vv	map01110	LOC127072907
vv	map01120	LOC127072907
vv	map01130	LOC127072907
vv	map01200	LOC127072907
vv	map01212	LOC127072907
vv	map02020	LOC127072907
vv	map03013	LOC127072912
vv	map04974	LOC127072913
vv	map04978	LOC127072913
vv	map03040	LOC127072916
vv	map00770	LOC127072918
vv	map01100	LOC127072918
vv	map04520	LOC127072931
vv	map04810	LOC127072931
vv	map05205	LOC127072931
vv	map03018	LOC127072934
vv	map00900	LOC127072935
vv	map01100	LOC127072935
vv	map01110	LOC127072935
vv	map01130	LOC127072935
vv	map04152	LOC127072935
vv	map04976	LOC127072935
vv	map00561	LOC127072937
vv	map00564	LOC127072937
vv	map01100	LOC127072937
vv	map01110	LOC127072937
vv	map04070	LOC127072937
vv	map04072	LOC127072937
vv	map05231	LOC127072937
vv	map03008	LOC127072938
vv	map03013	LOC127072938
vv	map00970	LOC127072940
vv	map03018	LOC127072941
vv	map00300	LOC127072943
vv	map00310	LOC127072943
vv	map00380	LOC127072943
vv	map01100	LOC127072943
vv	map01130	LOC127072943
vv	map01210	LOC127072943
vv	map04138	LOC127072944
vv	map04530	LOC127072944
vv	map00310	LOC127072945
vv	map01100	LOC127072945
vv	map01524	LOC127072948
vv	map03420	LOC127072948
vv	map00590	LOC127072949
vv	map00790	LOC127072949
vv	map00980	LOC127072949
vv	map01100	LOC127072949
vv	map05204	LOC127072949
vv	map00600	LOC127072950
vv	map01100	LOC127072950
vv	map04071	LOC127072950
vv	map03050	LOC127072952
vv	map00790	LOC127072953
vv	map01100	LOC127072953
vv	map03040	LOC127072954
vv	map03018	LOC127072955
vv	map03040	LOC127072955
vv	map00270	LOC127072965
vv	map00480	LOC127072965
vv	map01100	LOC127072965
vv	map04212	LOC127072965
vv	map04216	LOC127072965
vv	map04142	LOC127072968
vv	map04721	LOC127072968
vv	map04723	LOC127072968
vv	map04724	LOC127072968
vv	map05033	LOC127072968
vv	map04136	LOC127072970
vv	map04138	LOC127072970
vv	map04140	LOC127072970
vv	map00130	LOC127072971
vv	map00350	LOC127072971
vv	map00360	LOC127072971
vv	map01100	LOC127072971
vv	map04910	LOC127072972
vv	map00140	LOC127072975
vv	map04010	LOC127072977
vv	map04013	LOC127072977
vv	map04014	LOC127072977
vv	map04015	LOC127072977
vv	map04024	LOC127072977
vv	map04062	LOC127072977
vv	map04071	LOC127072977
vv	map04145	LOC127072977
vv	map04151	LOC127072977
vv	map04310	LOC127072977
vv	map04360	LOC127072977
vv	map04370	LOC127072977
vv	map04380	LOC127072977
vv	map04510	LOC127072977
vv	map04520	LOC127072977
vv	map04530	LOC127072977
vv	map04620	LOC127072977
vv	map04650	LOC127072977
vv	map04662	LOC127072977
vv	map04664	LOC127072977
vv	map04666	LOC127072977
vv	map04670	LOC127072977
vv	map04722	LOC127072977
vv	map04810	LOC127072977
vv	map04932	LOC127072977
vv	map04933	LOC127072977
vv	map04972	LOC127072977
vv	map05014	LOC127072977
vv	map05100	LOC127072977
vv	map05120	LOC127072977
vv	map05131	LOC127072977
vv	map05132	LOC127072977
vv	map05167	LOC127072977
vv	map05200	LOC127072977
vv	map05203	LOC127072977
vv	map05205	LOC127072977
vv	map05210	LOC127072977
vv	map05211	LOC127072977
vv	map05212	LOC127072977
vv	map05231	LOC127072977
vv	map05416	LOC127072977
vv	map05418	LOC127072977
vv	map03013	LOC127072978
vv	map03015	LOC127072978
vv	map03040	LOC127072978
vv	map05016	LOC127072984
vv	map01524	LOC127072986
vv	map04010	LOC127072986
vv	map04013	LOC127072986
vv	map04071	LOC127072986
vv	map04141	LOC127072986
vv	map04210	LOC127072986
vv	map04214	LOC127072986
vv	map04530	LOC127072986
vv	map04668	LOC127072986
vv	map04714	LOC127072986
vv	map04722	LOC127072986
vv	map04932	LOC127072986
vv	map05014	LOC127072986
vv	map05418	LOC127072986
vv	map04080	LOC127072987
vv	map04610	LOC127072987
vv	map04972	LOC127072987
vv	map04974	LOC127072987
vv	map05150	LOC127072987
vv	map05164	LOC127072987
vv	map05206	LOC127072987
vv	map01524	LOC127072989
vv	map03430	LOC127072989
vv	map03460	LOC127072989
vv	map05200	LOC127072989
vv	map05210	LOC127072989
vv	map05213	LOC127072989
vv	map05226	LOC127072989
vv	map03013	LOC127072990
vv	map03040	LOC127072990
vv	map04614	LOC127072993
vv	map04924	LOC127072993
vv	map05142	LOC127072993
vv	map05410	LOC127072993
vv	map03040	LOC127072996
vv	map04010	LOC127072996
vv	map04141	LOC127072996
vv	map04144	LOC127072996
vv	map04213	LOC127072996
vv	map04612	LOC127072996
vv	map04915	LOC127072996
vv	map05134	LOC127072996
vv	map05145	LOC127072996
vv	map05162	LOC127072996
vv	map05164	LOC127072996
vv	map05169	LOC127072996
vv	map04013	LOC127072997
vv	map00140	LOC127073003
vv	map00140	LOC127073004
vv	map04080	LOC127073005
vv	map04610	LOC127073005
vv	map04972	LOC127073005
vv	map04974	LOC127073005
vv	map05164	LOC127073005
vv	map00190	LOC127073019
vv	map01100	LOC127073019
vv	map04142	LOC127073019
vv	map04145	LOC127073019
vv	map04721	LOC127073019
vv	map04966	LOC127073019
vv	map05110	LOC127073019
vv	map05120	LOC127073019
vv	map05152	LOC127073019
vv	map05165	LOC127073019
vv	map05323	LOC127073019
vv	map05164	LOC127073020
vv	map04919	LOC127073021
vv	map04974	LOC127073021
vv	map03050	LOC127073022
vv	map01524	LOC127073023
vv	map04978	LOC127073023
vv	map03015	LOC127073024
vv	map03040	LOC127073024
vv	map04140	LOC127073025
vv	map04142	LOC127073025
vv	map04145	LOC127073025
vv	map05152	LOC127073025
vv	map04152	LOC127073027
vv	map00730	LOC127073029
vv	map01100	LOC127073029
vv	map00510	LOC127073040
vv	map01100	LOC127073040
vv	map00510	LOC127073041
vv	map01100	LOC127073041
vv	map00532	LOC127073043
vv	map00562	LOC127073044
vv	map00920	LOC127073044
vv	map01100	LOC127073044
vv	map01120	LOC127073044
vv	map04070	LOC127073044
vv	map04612	LOC127073047
vv	map05152	LOC127073047
vv	map05166	LOC127073047
vv	map00230	LOC127073048
vv	map00240	LOC127073048
vv	map01100	LOC127073048
vv	map03020	LOC127073048
vv	map04623	LOC127073048
vv	map05169	LOC127073048
vv	map04120	LOC127073049
vv	map04141	LOC127073051
vv	map04141	LOC127073062
vv	map00230	LOC127073064
vv	map00240	LOC127073064
vv	map01100	LOC127073064
vv	map03030	LOC127073064
vv	map04668	LOC127073066
vv	map00510	LOC127073067
vv	map00513	LOC127073067
vv	map00533	LOC127073067
vv	map01100	LOC127073067
vv	map05202	LOC127073067
vv	map00983	LOC127073068
vv	map01100	LOC127073068
vv	map03015	LOC127073069
vv	map00380	LOC127073070
vv	map01100	LOC127073070
vv	map03013	LOC127073073
vv	map04110	LOC127073074
vv	map04111	LOC127073074
vv	map04113	LOC127073074
vv	map04114	LOC127073074
vv	map04914	LOC127073074
vv	map05166	LOC127073074
vv	map03010	LOC127073076
vv	map04146	LOC127073076
vv	map04012	LOC127073077
vv	map04120	LOC127073077
vv	map04144	LOC127073077
vv	map04660	LOC127073077
vv	map04910	LOC127073077
vv	map05100	LOC127073077
vv	map05200	LOC127073077
vv	map05205	LOC127073077
vv	map05220	LOC127073077
vv	map00561	LOC127073079
vv	map01100	LOC127073079
vv	map03320	LOC127073079
vv	map04626	LOC127073079
vv	map03015	LOC127073082
vv	map05164	LOC127073082
vv	map00480	LOC127073083
vv	map00590	LOC127073083
vv	map04216	LOC127073083
vv	map04918	LOC127073083
vv	map04141	LOC127073084
vv	map04010	LOC127073086
vv	map04141	LOC127073086
vv	map04213	LOC127073086
vv	map04370	LOC127073086
vv	map05146	LOC127073086
vv	map05169	LOC127073086
vv	map05205	LOC127073086
vv	map04144	LOC127073088
vv	map04728	LOC127073088
vv	map03013	LOC127073094
vv	map00270	LOC127073097
vv	map00480	LOC127073097
vv	map01100	LOC127073097
vv	map04216	LOC127073097
vv	map04139	LOC127073104
vv	map04214	LOC127073104
vv	map04217	LOC127073104
vv	map04621	LOC127073104
vv	map04668	LOC127073104
vv	map00030	LOC127073112
vv	map00710	LOC127073112
vv	map01100	LOC127073112
vv	map01110	LOC127073112
vv	map01120	LOC127073112
vv	map01130	LOC127073112
vv	map01200	LOC127073112
vv	map01230	LOC127073112
vv	map04714	LOC127073113
vv	map04950	LOC127073119
vv	map04010	LOC127073120
vv	map04013	LOC127073120
vv	map04022	LOC127073120
vv	map04024	LOC127073120
vv	map04151	LOC127073120
vv	map04152	LOC127073120
vv	map04211	LOC127073120
vv	map04261	LOC127073120
vv	map04624	LOC127073120
vv	map04668	LOC127073120
vv	map04714	LOC127073120
vv	map04725	LOC127073120
vv	map04728	LOC127073120
vv	map04911	LOC127073120
vv	map04915	LOC127073120
vv	map04918	LOC127073120
vv	map04922	LOC127073120
vv	map04925	LOC127073120
vv	map04926	LOC127073120
vv	map04927	LOC127073120
vv	map04931	LOC127073120
vv	map04934	LOC127073120
vv	map04962	LOC127073120
vv	map05016	LOC127073120
vv	map05030	LOC127073120
vv	map05031	LOC127073120
vv	map05034	LOC127073120
vv	map05161	LOC127073120
vv	map05164	LOC127073120
vv	map05165	LOC127073120
vv	map05166	LOC127073120
vv	map05169	LOC127073120
vv	map05203	LOC127073120
vv	map05215	LOC127073120
vv	map04142	LOC127073122
vv	map04270	LOC127073124
vv	map04530	LOC127073124
vv	map04921	LOC127073124
vv	map00532	LOC127073128
vv	map01100	LOC127073128
vv	map04141	LOC127073129
vv	map04612	LOC127073129
vv	map04144	LOC127073130
vv	map04152	LOC127073133
vv	map01521	LOC127073134
vv	map01522	LOC127073134
vv	map04010	LOC127073134
vv	map04012	LOC127073134
vv	map04013	LOC127073134
vv	map04014	LOC127073134
vv	map04015	LOC127073134
vv	map04062	LOC127073134
vv	map04068	LOC127073134
vv	map04071	LOC127073134
vv	map04072	LOC127073134
vv	map04137	LOC127073134
vv	map04138	LOC127073134
vv	map04140	LOC127073134
vv	map04150	LOC127073134
vv	map04151	LOC127073134
vv	map04210	LOC127073134
vv	map04211	LOC127073134
vv	map04213	LOC127073134
vv	map04214	LOC127073134
vv	map04218	LOC127073134
vv	map04320	LOC127073134
vv	map04360	LOC127073134
vv	map04370	LOC127073134
vv	map04371	LOC127073134
vv	map04540	LOC127073134
vv	map04550	LOC127073134
vv	map04650	LOC127073134
vv	map04660	LOC127073134
vv	map04662	LOC127073134
vv	map04664	LOC127073134
vv	map04714	LOC127073134
vv	map04720	LOC127073134
vv	map04722	LOC127073134
vv	map04725	LOC127073134
vv	map04726	LOC127073134
vv	map04730	LOC127073134
vv	map04810	LOC127073134
vv	map04910	LOC127073134
vv	map04912	LOC127073134
vv	map04914	LOC127073134
vv	map04915	LOC127073134
vv	map04916	LOC127073134
vv	map04917	LOC127073134
vv	map04919	LOC127073134
vv	map04921	LOC127073134
vv	map04926	LOC127073134
vv	map04933	LOC127073134
vv	map04960	LOC127073134
vv	map05034	LOC127073134
vv	map05160	LOC127073134
vv	map05161	LOC127073134
vv	map05165	LOC127073134
vv	map05166	LOC127073134
vv	map05167	LOC127073134
vv	map05200	LOC127073134
vv	map05203	LOC127073134
vv	map05205	LOC127073134
vv	map05206	LOC127073134
vv	map05210	LOC127073134
vv	map05211	LOC127073134
vv	map05212	LOC127073134
vv	map05213	LOC127073134
vv	map05214	LOC127073134
vv	map05215	LOC127073134
vv	map05216	LOC127073134
vv	map05218	LOC127073134
vv	map05219	LOC127073134
vv	map05220	LOC127073134
vv	map05221	LOC127073134
vv	map05223	LOC127073134
vv	map05224	LOC127073134
vv	map05225	LOC127073134
vv	map05226	LOC127073134
vv	map05230	LOC127073134
vv	map05231	LOC127073134
vv	map03040	LOC127073135
