FamilyID	Ancistrocerus_nigricornis<1>	Mischocyttarus_mexicanus<2>	Polistes_dominula<3>	Polistes_fuscatus<4>	Polistes_exclamans<5>	Polistes_canadensis<6>	Vespula_germanica<7>	Vespula_pensylvanica<8>	Vespula_vulgaris<9>	Vespa_crabro<10>	Vespa_mandarinia<11>	Vespa_velutina<12>	Dolichovespula_media<13>	Dolichovespula_saxonica<14>	Dolichovespula_sylvestris<15>	Anoplius_nigerrimus<16>	Tiphia_femorata<17>	<18>	<19>	<20>	<21>	<22>	<23>	<24>	<25>	<26>	<27>	<28>	<29>	<30>	<31>	<32>	<33>
N0.HOG0000005	0.602993	0.547972	0.531113	0.520478	0.512386	0.512386	0.5	0.5	0.5	0.520807	0.0106824	0.534847	0.5	0.5	0.5	0.614679	0.16829	N/A	0.530008	0.536738	0.53018	0.518548	0.511318	0.508401	0.53477	0.038275	0.5	0.50808	1.14893e-05	0.514963	0.0193959	0.5	0.514228
N0.HOG0000007	0.602993	0.547972	0.0464199	0.539708	0.0124616	8.51512e-05	0.519406	0.5	0.5	0.505328	0.00798461	0.0135898	0.524327	0.517942	0.0090498	0.69156	0.69156	N/A	0.530008	0.536738	0.53018	0.518548	0.00569069	0.51659	0.53477	0.525629	0.0218285	0.50808	0.528033	0.503805	0.512959	0.506744	0.00716376
N0.HOG0000008	0.151523	0.547972	4.98244e-13	0.520478	0.5	0.5	0.5	0.5	0.5	0.525804	3.15785e-08	0.52649	0.0363393	0.0268305	0.517942	0.614679	0.16829	N/A	0.530008	0.536738	0.53018	0.518548	0.511318	0.0125831	0.53477	0.038275	0.5	0.50808	0.000404019	8.64987e-05	0.512959	0.506744	0.514228
N0.HOG0000015	0.151523	0.0713534	0.531113	0.0103418	0.5	0.5	0.5	0.5	0.5	0.5	0.5	0.5	0.5	0.5	0.5	0.00734762	0.614679	N/A	0.530008	0.536738	0.53018	0.518548	0.511318	0.0125831	0.0518419	0.5	0.5	0.5	0.5	0.5	0.5	0.5	0.514228
N0.HOG0000019	0.289327	0.742506	0.682895	0.0816978	0.0496029	0.587253	0.0868551	0.0644037	0.0226869	0.0679439	3.43282e-11	0.111274	0.666051	0.631286	0.201169	0.00440751	0.000702629	N/A	0.0755058	0.0279526	0.678959	0.622921	0.580592	0.561611	0.136822	0.672519	0.610816	0.566108	0.68396	0.532732	0.600266	0.556044	0.565373
N0.HOG0000028	0.349642	0.142796	0.649008	0.605734	0.037295	0.00118682	1.00047e-05	0.0437896	0.529094	0.530722	0.530722	0.0647693	0.605383	0.580662	0.0451139	0.744327	0.000184396	N/A	0.582267	0.00774613	0.0759384	0.597103	0.562445	0.547352	0.641866	0.0644889	0.578591	0.538497	0.618869	0.0095301	0.559989	0.53239	0.540899
N0.HOG0000029	0.38319	0.00177675	0.016846	0.019936	0.596456	0.00275933	6.49696e-05	0.547078	0.0710951	0.545013	0.545013	0.573393	0.0379686	0.652894	0.652894	0.00135608	0.828406	N/A	0.00111311	0.160586	0.707147	0.224686	0.58922	0.568479	0.726617	0.685434	0.620671	0.572607	0.30722	0.532732	0.0646342	0.567179	0.57685
N0.HOG0000031	0.151523	0.0713534	0.531113	0.5	0.5	0.5	0.519406	0.5	0.5	0.5	0.5	0.5	0.5	0.5	0.5	0.614679	0.16829	N/A	0.530008	0.536738	0.53018	0.518548	0.0169447	0.5	0.53477	0.525629	0.0218285	0.0121031	0.5	0.5	0.5	0.5	0.514228
N0.HOG0000036	0.764823	0.120346	0.197725	0.590714	6.61939e-10	0.0868491	0.571172	0.519688	0.519688	0.520807	0.520807	0.534847	0.0490973	0.566232	0.566232	0.444645	0.781489	N/A	0.605018	0.624829	0.0609907	0.583093	0.552903	0.53995	0.619166	0.591441	0.554663	0.531168	0.598964	0.514963	0.548911	0.526172	0.553397
N0.HOG0000037	0.151523	0.547972	0.0464199	0.0103418	0.512386	0.0185398	0.00979517	0.505035	0.505035	0.510571	0.510571	0.517901	0.524327	0.0268305	0.0090498	0.0601581	0.614679	N/A	0.530008	0.536738	0.53018	0.518548	0.511318	0.508401	0.53477	0.525629	0.514588	0.50808	0.0142073	0.507567	0.512959	0.506744	0.514228
N0.HOG0000039	0.0588101	0.0447386	0.228499	0.605734	0.567805	0.102574	8.42333e-05	0.538221	0.538221	0.540325	1.67974e-05	0.558597	0.132099	0.0999792	0.566232	0.317055	0.0401832	N/A	0.625809	0.0923831	0.645485	0.597103	0.562445	0.547352	0.662349	0.627563	0.00499623	0.545651	0.0842802	0.0133393	0.00130062	0.526172	0.0357505
N0.HOG0000040	0.830843	0.000847933	0.682895	0.633183	5.00806e-06	0.587253	0.0774721	0.533692	0.533692	0.540325	0.540325	0.566095	0.0967714	0.607309	0.607309	0.0546896	0.353083	N/A	0.0901618	0.127364	0.678959	0.622921	0.580592	0.561611	0.697618	0.658628	0.153061	0.559452	0.669606	0.529258	0.590768	0.0759776	0.042848
N0.HOG0000042	0.250459	0.681754	0.197725	2.31628e-10	0.546868	0.546868	0.0774721	0.00026888	0.533692	0.00124648	0.540325	0.100058	0.652452	0.0716882	4.55178e-06	0.000702629	0.00440751	N/A	0.625809	0.648231	0.626406	0.583093	0.552903	0.0601826	0.00101874	0.658628	0.153061	0.559452	0.669606	0.529258	0.590768	0.550308	0.565373
N0.HOG0000043	0.00191337	0.65523	0.608358	0.57475	0.000486656	0.546868	0.571172	0.0223353	0.514877	3.30018e-07	0.0106824	0.534847	0.0490973	0.551002	0.0767518	0.744327	0.744327	N/A	0.582267	0.0559699	0.605541	0.568286	0.543032	0.532359	0.619166	0.591441	0.0824132	0.531168	0.598964	0.514963	0.548911	0.0393486	0.540899
N0.HOG0000044	0.415679	0.65523	0.164407	0.0412865	0.546868	2.75935e-08	0.058438	0.529094	0.529094	0.0106824	0.520807	0.000257604	0.0612103	0.580662	4.71744e-07	0.0271424	0.808386	N/A	0.605018	0.624829	0.605541	0.568286	0.543032	0.532359	0.0703247	0.0644889	0.578591	0.538497	0.181006	0.514963	0.559989	0.53239	0.0286274
N0.HOG0000045	0.00586702	0.0490795	0.531113	0.520478	0.00623076	0.0185398	0.537689	0.5	0.5	0.00267097	0.505328	0.0135898	0.0246168	0.052391	0.534923	6.00896e-12	0.744327	N/A	0.582267	0.14912	0.557656	0.0541122	0.511318	0.508401	0.565956	0.549305	0.000120183	0.515964	0.0806194	0.503805	0.525416	0.513352	0.540899
N0.HOG0000046	0.67535	3.90048e-13	1.07809e-07	0.00952208	1.72182e-06	2.53187e-12	0.5	0.5	0.5	0.00267097	0.505328	0.0135898	0.0363393	0.0268305	0.0090498	0.12093	0.0126086	N/A	0.557342	0.569477	2.09741e-06	0.597103	0.562445	0.547352	0.0989778	0.038275	0.5	0.50808	0.528033	0.503805	0.512959	0.506744	0.527851
N0.HOG0000048	0.727095	0.547972	0.0464199	0.0306106	1.28381e-11	0.524313	0.000945	0.5	0.5	0.5	0.5	0.5	0.546894	0.0052279	0.580662	0.178082	0.744327	N/A	0.582267	0.14912	0.0865123	0.518548	0.511318	0.00421777	0.565956	0.549305	0.000120183	0.515964	0.000489361	0.5	0.525416	6.13481e-07	0.540899
N0.HOG0000051	0.0269934	0.0713534	0.0464199	0.0306106	0.512386	0.0185398	0.5	0.5	0.5	0.5	0.5	0.5	0.0363393	0.0268305	0.0090498	0.0126086	3.16505e-09	N/A	0.557342	0.104267	0.53018	0.518548	0.511318	0.508401	0.53477	0.038275	0.5	0.50808	0.0418476	0.5	0.512959	0.506744	0.527851
N0.HOG0000052	0.792904	0.280053	0.078282	0.137549	0.55753	0.55753	0.586502	0.519688	0.519688	0.000144794	0.525804	0.542979	0.622206	0.00741484	0.594339	0.781489	0.049925	N/A	0.0606408	0.648231	0.626406	0.583093	0.552903	0.53995	0.641866	0.61019	0.101095	0.538497	0.618869	0.518598	0.0325526	0.538483	0.553397
N0.HOG0000053	0.151523	0.589155	1.15761e-07	7.17218e-12	0.512386	0.512386	0.5	0.5	0.5	0.510571	0.0158561	0.517901	0.0363393	0.517942	0.0268305	1.63514e-06	0.614679	N/A	0.530008	0.536738	0.0153106	1.27567e-05	0.552903	1.75106e-08	0.53477	0.038275	0.5	0.50808	0.0142073	0.507567	0.512959	0.506744	0.514228
N0.HOG0000054	0.727095	0.624611	0.00559485	0.0310055	0.524313	0.0364718	0.554922	0.00015119	0.514877	0.0133512	0.525804	0.542979	0.524327	0.517942	0.517942	3.68864e-05	0.134462	N/A	0.582267	0.598701	0.582696	0.55263	0.53282	0.036915	0.593968	0.571192	0.54189	0.523658	0.00455928	0.518598	0.00027175	0.506744	6.04723e-09
N0.HOG0000055	1.14576e-05	0.000787566	0.0934458	0.605734	0.567805	0.037295	0.600969	0.529094	0.529094	0.535561	0.535561	0.558597	0.622206	0.594339	0.594339	0.317055	0.317055	N/A	0.625809	0.648231	0.626406	0.046643	0.562445	0.547352	0.0874565	0.627563	0.578591	0.545651	0.0842802	0.525745	0.570646	0.538483	0.0357505
N0.HOG0000057	0.814255	0.704808	0.649008	0.160877	0.567805	0.102574	0.600969	0.529094	0.0437896	0.520807	0.520807	0.534847	0.160134	0.580662	0.580662	0.102115	0.102115	N/A	0.0755058	0.669227	0.645485	0.597103	0.562445	0.547352	0.662349	0.627563	0.578591	0.0688535	0.181006	0.514963	0.559989	0.53239	3.51967e-08
N0.HOG0000058	0.764823	0.352037	0.000106942	0.0717281	0.102574	0.567805	0.0774721	0.0576233	0.538221	0.053582	0.000956154	0.558597	0.00637474	0.642368	0.0890445	0.049925	1.23587e-05	N/A	0.605018	0.000638988	0.66295	0.610364	0.571671	0.0824404	0.68086	0.0895563	0.600533	0.552635	0.654053	0.525745	0.5809	2.25926e-05	0.553397
N0.HOG0000059	0.415679	0.0128068	0.108345	0.0717281	0.00164347	0.577707	0.586502	0.524427	0.524427	0.520807	0.520807	0.534847	0.622206	0.0540338	0.594339	0.444645	7.20119e-05	N/A	0.605018	0.0743267	0.626406	0.00557313	0.571671	0.554571	0.641866	0.61019	0.566888	0.538497	0.181006	0.514963	0.0325526	0.538483	0.553397
N0.HOG0000061	0.159618	0.0329429	0.197725	0.0515102	6.61939e-10	9.32839e-08	0.5	0.5	0.5	0.505328	0.00798461	3.78655e-07	0.5	0.5	0.5	0.178082	0.377743	N/A	0.582267	0.598701	0.00527046	0.583093	0.552903	0.53995	0.00217099	0.038275	0.5	0.50808	0.528033	0.503805	0.0193959	0.5	0.540899
N0.HOG0000062	0.467719	0.704808	0.228499	0.605734	0.567805	0.102574	0.153509	0.538221	0.538221	0.535561	0.053582	0.558597	0.0732063	0.594339	0.143279	0.808386	0.276188	N/A	0.625809	0.0923831	0.645485	0.597103	0.562445	0.547352	0.662349	0.627563	0.00499623	0.545651	0.0842802	0.525745	0.570646	0.538483	0.565373
N0.HOG0000063	0.792904	0.000787566	0.649008	0.605734	0.567805	0.567805	0.600969	0.529094	0.529094	0.530722	0.530722	0.542979	0.160134	0.580662	0.00170538	0.808386	0.276188	N/A	0.625809	0.648231	0.626406	0.046643	0.562445	0.547352	0.641866	0.0644889	0.578591	0.538497	0.618869	0.0095301	0.559989	0.53239	0.565373
N0.HOG0000066	0.151523	0.00580439	0.559353	0.539708	0.524313	0.524313	0.537689	0.509993	0.509993	0.510571	0.510571	0.517901	0.0703554	0.534923	0.534923	0.614679	0.16829	N/A	0.530008	0.018693	0.557656	0.53607	0.522253	0.51659	0.565956	0.549305	0.528541	0.515964	0.553731	0.507567	0.525416	0.513352	0.514228
N0.HOG0000068	0.727095	0.188766	0.585014	0.557772	0.000247474	0.535801	0.554922	0.514877	0.514877	0.0106824	0.520807	0.534847	0.0368904	0.551002	0.551002	0.69156	0.69156	N/A	0.0304467	0.598701	0.582696	0.55263	0.53282	0.524574	0.593968	0.571192	0.54189	0.523658	0.0425717	0.514963	0.537394	0.519827	0.527851
N0.HOG0000069	0.509503	0.0572992	0.649008	0.160877	0.037295	0.102574	0.00671544	0.542683	0.00140827	0.549628	0.000637508	0.580499	0.666051	0.631286	0.000252579	0.276188	0.00440751	N/A	0.0755058	0.110078	0.66295	0.168209	0.562445	0.547352	0.0330191	0.672519	0.610816	0.566108	0.124214	0.536166	0.600266	0.556044	0.565373
N0.HOG0000087	0.151523	0.5	0.5	0.5	0.5	0.5	0.5	0.5	0.5	0.5	0.5	0.5	0.524327	0.0268305	0.517942	0.16829	0.614679	N/A	0.530008	0.536738	0.0450356	0.5	0.5	0.5	0.53477	0.038275	0.5	0.50808	0.0418476	0.5	0.512959	0.506744	0.514228
N0.HOG0000089	0.67535	0.589155	0.559353	0.00024756	3.79941e-06	8.51512e-05	0.0290127	0.505035	0.505035	0.5	0.5	0.5	0.524327	0.5	0.5	0.288995	0.69156	N/A	0.557342	0.569477	0.557656	0.53607	0.522253	0.51659	0.0989778	0.525629	0.514588	0.50808	0.0418476	0.5	0.512959	0.0101049	0.527851
N0.HOG0000090	0.727095	0.237195	0.608358	0.57475	0.546868	0.546868	0.107496	0.542683	0.542683	0.545013	0.545013	0.573393	0.132099	0.00104334	0.0361444	0.068053	0.377743	N/A	0.582267	0.0559699	0.605541	0.568286	0.543032	0.532359	0.619166	0.591441	1.78273e-08	0.531168	1.10492e-06	0.532732	0.548911	0.526172	0.540899
N0.HOG0000091	0.264212	0.589155	0.559353	0.539708	0.524313	0.524313	0.0565414	0.514877	0.514877	0.51573	0.0236165	0.52649	0.000359163	0.052391	0.0180999	0.12093	0.288995	N/A	0.557342	0.569477	0.557656	0.53607	0.522253	0.51659	0.565956	0.549305	0.0146933	0.515964	0.0284164	0.511287	0.525416	0.513352	0.527851
N0.HOG0000094	0.264212	0.589155	0.559353	0.539708	0.524313	0.524313	0.554922	0.514877	3.92146e-05	0.51573	0.51573	0.52649	0.567841	0.566232	0.566232	0.69156	0.12093	N/A	0.557342	0.569477	0.557656	0.53607	0.522253	0.51659	0.0353568	0.571192	0.54189	0.523658	0.57731	0.511287	0.537394	0.0101495	0.527851
N0.HOG0000097	0.792904	0.280053	0.078282	0.0515102	0.55753	9.32839e-08	0.586502	0.012615	0.524427	0.525804	0.525804	0.542979	0.00318206	0.580662	0.122135	0.377743	0.744327	N/A	0.00521162	0.648231	0.626406	0.583093	0.552903	0.53995	0.641866	0.61019	0.566888	0.538497	0.618869	0.518598	0.559989	0.53239	0.540899
N0.HOG0000098	0.264212	7.66599e-05	0.00271212	0.00591108	2.86929e-09	1.33155e-08	0.5	0.5	0.5	0.00798461	0.505328	0.0135898	0.5	0.5	0.5	0.69156	0.69156	N/A	0.557342	0.569477	2.74863e-09	0.622921	0.580592	0.561611	0.0989778	0.038275	0.5	0.50808	0.528033	0.503805	0.0193959	0.5	0.527851
N0.HOG0000099	0.764823	0.65523	0.608358	0.590714	0.55753	0.55753	0.586502	0.524427	0.0367335	0.520807	0.0312674	0.534847	0.587298	0.551002	0.551002	0.69156	0.69156	N/A	0.00226407	0.624829	0.605541	0.568286	0.0227487	0.53995	0.619166	0.0517411	0.566888	0.531168	0.598964	0.514963	0.548911	0.0393486	0.527851
N0.HOG0000100	0.792904	0.318114	0.0934458	0.605734	0.567805	0.567805	0.600969	0.529094	0.529094	0.530722	0.530722	0.550894	0.160134	0.580662	3.45943e-05	0.444645	0.229953	N/A	0.0606408	0.0923831	0.645485	0.597103	0.562445	0.547352	0.662349	0.627563	0.578591	0.545651	0.637184	0.522192	0.106915	0.53239	0.553397
N0.HOG0000103	0.151523	0.624611	0.128282	0.0869825	0.0186877	0.535801	0.107496	0.538221	0.0011159	0.545013	0.0240084	0.573393	0.0703554	0.534923	0.000186487	0.0601581	0.16829	N/A	0.530008	0.000699837	0.582696	0.55263	0.53282	0.524574	0.593968	0.0388844	8.07083e-07	0.523658	6.70435e-09	0.532732	0.0562189	0.513352	0.514228
N0.HOG0000104	0.764823	0.624611	0.0473042	0.0869825	0.535801	0.535801	0.0391116	0.519688	0.0295826	0.510571	0.510571	0.52649	0.587298	0.566232	0.0999792	0.781489	0.0161996	N/A	0.605018	0.624829	0.160073	0.55263	0.53282	0.524574	0.619166	0.591441	0.554663	0.531168	0.149969	0.0169407	0.548911	0.526172	0.553397
N0.HOG0000106	0.415679	0.681754	0.629619	0.590714	0.546868	0.546868	0.600969	0.529094	0.0151355	0.535561	0.535561	0.550894	0.605383	0.566232	0.566232	0.0161996	0.444645	N/A	0.605018	0.0743267	0.626406	0.583093	0.552903	0.0601826	0.641866	0.0644889	0.578591	0.538497	0.0705398	0.011435	0.559989	0.0487519	0.553397
N0.HOG0000112	0.602993	0.0713534	0.531113	0.520478	0.512386	0.512386	0.00979517	0.505035	0.505035	0.505328	0.505328	0.509074	0.0363393	0.0090498	0.517942	0.614679	0.614679	N/A	0.530008	0.536738	0.53018	0.518548	0.511318	0.508401	0.53477	0.525629	0.514588	0.50808	0.528033	0.503805	0.512959	0.506744	0.514228
N0.HOG0000113	0.207241	0.65523	0.164407	0.57475	0.0016329	0.546868	0.571172	0.514877	0.514877	0.00801255	0.51573	0.52649	0.0490973	0.566232	0.566232	0.444645	0.0161996	N/A	0.605018	0.624829	0.605541	0.568286	0.543032	0.532359	0.619166	0.591441	0.0824132	0.531168	0.149969	0.511287	0.548911	0.526172	0.553397
N0.HOG0000114	0.00191337	0.133847	0.559353	0.00105257	0.524313	0.0364718	0.639726	0.0644037	2.28746e-07	0.000637508	0.549628	0.580499	0.00408184	0.0260334	0.000615131	0.178082	0.178082	N/A	0.582267	0.598701	0.124759	0.53607	0.522253	0.51659	2.43212e-08	0.672519	0.610816	0.0364011	0.697222	0.536166	0.0104642	0.572582	0.540899
N0.HOG0000121	0.727095	0.624611	0.0473042	0.557772	0.535801	0.000247474	0.554922	3.92146e-05	0.514877	0.0312674	0.520807	0.534847	0.102222	0.566232	0.566232	0.377743	0.744327	N/A	0.582267	0.598701	0.582696	0.55263	0.53282	0.524574	0.593968	0.571192	0.54189	0.523658	0.0425717	0.514963	0.537394	0.0101495	0.540899
N0.HOG0000123	0.602993	0.0713534	0.0464199	0.0206842	0.524313	0.524313	0.5	0.5	0.5	0.5	0.5	0.5	0.5	0.5	0.5	0.69156	0.00296465	N/A	0.530008	0.536738	0.53018	0.518548	0.00569069	0.51659	0.0518419	0.5	0.5	0.5	0.5	0.5	0.5	0.5	0.00716376
N0.HOG0000125	0.67535	0.624611	0.585014	0.557772	0.535801	0.0538193	0.537689	0.509993	0.0149901	0.520807	0.000307876	0.52649	0.546894	0.534923	0.534923	0.69156	0.00296465	N/A	0.557342	0.569477	0.0306238	0.55263	0.53282	0.524574	0.565956	0.549305	0.528541	0.515964	0.0284164	0.00571874	0.525416	0.513352	0.527851
N0.HOG0000145	0.602993	0.00580439	0.559353	0.539708	0.0364718	0.524313	0.519406	0.00754557	0.505035	0.505328	0.505328	0.0135898	0.524327	0.517942	0.517942	0.614679	0.614679	N/A	0.530008	0.536738	0.0153106	0.53607	0.522253	0.51659	0.53477	0.525629	0.514588	0.50808	0.528033	0.503805	0.512959	0.506744	0.514228
N0.HOG0000147	0.727095	0.589155	0.0890604	0.539708	0.524313	0.0364718	0.0195908	0.505035	0.505035	0.00267097	0.505328	0.509074	0.567841	0.551002	0.551002	0.744327	0.178082	N/A	0.582267	0.14912	0.557656	0.53607	0.522253	0.51659	0.565956	0.549305	0.0428152	0.515964	0.0806194	0.503805	0.0130419	0.519827	0.540899
N0.HOG0000148	0.0877655	0.681754	0.629619	0.137549	0.55753	0.55753	0.571172	0.514877	0.514877	0.00534195	0.510571	0.517901	0.0490973	0.566232	0.0999792	0.049925	0.229953	N/A	0.605018	0.0743267	0.626406	0.583093	0.552903	0.53995	0.216868	0.591441	0.0824132	0.531168	0.00263554	0.507567	0.548911	0.526172	0.553397
N0.HOG0000149	0.151523	0.0713534	0.0315842	0.539708	0.524313	8.51512e-05	0.5	0.5	0.5	0.5	0.5	0.5	0.5	0.5	0.5	0.614679	0.16829	N/A	0.530008	0.536738	0.53018	0.00935839	0.522253	0.51659	0.0518419	0.5	0.5	0.5	0.5	0.5	0.5	0.5	0.514228
N0.HOG0000154	7.5758e-06	0.5	0.5	0.5	0.5	0.5	0.5	0.5	0.5	0.5	0.5	0.5	0.5	0.5	0.5	0.16829	0.614679	N/A	0.530008	0.0547561	0.5	0.5	0.5	0.5	0.5	0.5	0.5	0.5	0.5	0.5	0.5	0.5	0.514228
N0.HOG0000155	0.67535	0.589155	0.0890604	1.71669e-05	0.512386	0.512386	0.107496	0.524427	0.012615	0.525804	0.525804	0.542979	0.0490973	0.566232	0.566232	0.69156	0.69156	N/A	0.557342	0.569477	0.557656	0.53607	0.522253	0.0248856	0.00304223	0.591441	0.0293566	0.531168	0.0566261	0.518598	0.548911	0.526172	0.527851
N0.HOG0000159	0.0205417	3.73172e-05	0.0464199	0.0306106	5.63539e-22	0.0185398	0.519406	0.5	0.5	0.5	0.5	0.509074	2.87731e-05	0.534923	0.052391	0.317055	0.0919551	N/A	0.625809	0.00741577	0.582696	0.000573225	0.511318	0.508401	0.141907	0.0739742	0.0218285	0.515964	0.0806194	0.00570442	0.525416	0.513352	0.0357505
N0.HOG0000160	0.00972898	1.34656e-05	0.559353	0.05957	0.524313	0.524313	0.0195908	0.505035	0.505035	0.505328	0.505328	0.509074	0.0246168	0.0180999	0.534923	0.744327	0.744327	N/A	0.557342	0.569477	0.557656	0.53607	0.522253	0.51659	0.565956	0.549305	0.0428152	0.515964	0.0806194	0.503805	0.525416	0.513352	0.0143276
N0.HOG0000161	0.764823	0.0222359	0.585014	0.557772	0.0186877	0.535801	0.00220797	0.514877	0.514877	0.51573	0.51573	0.52649	0.0368904	0.551002	0.551002	0.781489	0.229953	N/A	0.605018	0.624829	0.605541	0.103104	0.53282	0.524574	0.181074	0.571192	0.54189	0.523658	0.57731	0.511287	0.537394	0.519827	0.553397
N0.HOG0000162	0.727095	0.624611	0.585014	0.0869825	0.535801	0.535801	0.0679968	0.533692	0.0507524	0.525804	0.525804	0.542979	0.605383	0.580662	0.0451139	0.377743	0.068053	N/A	0.582267	0.598701	0.582696	0.55263	0.53282	0.524574	0.00695568	0.0103297	0.589798	0.538497	0.618869	0.518598	0.559989	0.53239	0.540899
N0.HOG0000163	0.00972898	0.0130221	0.0890604	0.0206842	0.524313	0.524313	0.571172	0.509993	0.0149901	0.520807	0.520807	1.02499e-05	0.0612103	0.0451139	0.00170538	0.288995	0.0335282	N/A	0.557342	0.0373917	0.582696	0.079211	0.522253	0.51659	0.0529351	0.591441	0.000681067	0.531168	0.598964	0.514963	0.0260626	0.53239	0.527851
N0.HOG0000166	0.000729172	0.0713534	0.0464199	0.0306106	0.512386	0.00623076	0.519406	0.5	0.5	0.5	0.5	0.5	0.524327	0.0090498	0.517942	0.744327	0.068053	N/A	0.582267	0.00244355	0.53018	0.518548	0.511318	0.508401	0.53477	0.525629	0.0218285	0.50808	0.0418476	0.5	0.512959	0.506744	0.540899
N0.HOG0000171	0.000289946	0.547972	0.531113	0.520478	0.512386	0.512386	0.537689	0.509993	0.00504724	0.510571	0.510571	0.517901	0.0703554	0.052391	0.534923	0.69156	9.18199e-06	N/A	0.557342	0.569477	0.0865123	0.518548	0.511318	0.508401	0.565956	0.549305	0.528541	0.515964	0.553731	0.507567	0.525416	0.513352	0.527851
N0.HOG0000175	0.151523	0.704808	1.04276e-06	0.019936	0.596456	2.66795e-08	0.0290127	0.505035	0.505035	0.505328	0.505328	0.509074	0.524327	0.5	0.5	0.00734762	0.16829	N/A	0.530008	0.536738	1.35118e-08	0.000278725	0.58922	0.568479	0.53477	0.525629	0.514588	0.50808	0.528033	0.503805	0.512959	0.0101049	0.514228
N0.HOG0000177	0.415679	0.237195	0.608358	0.57475	0.546868	0.546868	0.571172	7.78993e-05	0.519688	0.00801255	0.0236165	0.0397975	0.587298	0.566232	0.0999792	0.781489	0.781489	N/A	0.605018	0.624829	0.605541	0.568286	0.543032	0.532359	0.619166	0.591441	0.554663	0.531168	0.149969	0.511287	0.548911	0.526172	0.553397
N0.HOG0000179	0.67535	5.9316e-09	0.197725	0.590714	0.0311084	0.000800496	0.000630185	0.514877	0.514877	0.51573	0.51573	0.52649	0.102222	0.551002	0.0767518	0.288995	0.12093	N/A	0.557342	0.0373917	0.00527046	0.583093	0.552903	0.53995	0.593968	0.571192	0.54189	0.523658	0.57731	0.511287	0.537394	0.519827	0.527851
N0.HOG0000182	0.727095	3.73172e-05	0.585014	0.557772	1.12584e-05	0.535801	0.554922	0.514877	0.514877	0.51573	0.51573	0.52649	0.102222	0.551002	0.0767518	0.0295294	0.744327	N/A	0.582267	0.598701	0.582696	0.55263	0.53282	0.524574	0.593968	0.571192	0.54189	0.523658	0.57731	0.511287	0.537394	0.519827	0.540899
N0.HOG0000183	0.67535	0.0490795	0.559353	0.05957	0.524313	0.524313	0.519406	0.505035	0.00754557	0.505328	0.00798461	0.509074	0.524327	0.517942	0.517942	0.288995	0.12093	N/A	0.557342	0.569477	0.557656	0.53607	0.522253	0.51659	0.0989778	0.525629	0.514588	0.50808	0.528033	0.503805	0.512959	0.506744	0.527851
N0.HOG0000186	0.602993	0.547972	0.5	0.5	0.5	0.5	0.5	0.5	0.5	0.5	0.5	0.5	0.524327	0.517942	0.0268305	0.16829	0.614679	N/A	0.530008	0.536738	0.53018	0.0277344	0.5	0.5	0.53477	0.038275	0.5	0.50808	0.0418476	0.5	0.512959	0.506744	0.514228
N0.HOG0000187	0.602993	0.547972	0.531113	0.520478	0.00623076	0.0185398	0.519406	0.5	0.5	0.5	0.5	0.5	0.524327	0.517942	0.0268305	0.16829	0.614679	N/A	0.530008	0.536738	0.53018	0.518548	0.511318	0.508401	0.53477	0.525629	0.0218285	0.50808	0.0418476	0.5	0.512959	0.506744	0.514228
N0.HOG0000189	0.0538164	0.0713534	4.98872e-07	0.5	0.5	0.5	0.5	0.5	0.5	0.5	0.5	0.5	0.5	0.5	0.5	0.16829	0.00734762	N/A	0.530008	0.536738	0.53018	0.518548	0.0169447	0.5	0.0518419	0.5	0.5	0.5	0.5	0.5	0.5	0.5	0.514228
N0.HOG0000201	0.67535	0.0222359	0.164407	0.000219305	0.55753	0.000800496	0.537689	0.509993	0.509993	0.510571	0.0158561	0.517901	0.546894	0.534923	0.534923	0.69156	0.12093	N/A	0.557342	0.569477	0.00229019	0.568286	0.0227487	0.53995	0.565956	0.549305	0.528541	0.515964	0.553731	0.507567	0.525416	0.513352	0.527851
N0.HOG0000203	0.264212	0.0130221	0.585014	0.557772	0.0186877	0.535801	0.554922	0.00757054	0.514877	0.0312674	0.0106824	0.534847	0.567841	0.551002	0.551002	0.12093	0.288995	N/A	0.557342	0.0373917	0.582696	0.55263	0.53282	0.524574	0.593968	0.571192	0.54189	0.523658	0.0425717	0.514963	0.537394	0.519827	0.527851
N0.HOG0000207	0.264212	0.624611	0.585014	0.557772	0.524313	0.524313	0.00220797	3.92146e-05	0.514877	0.51573	0.0236165	0.52649	0.587298	0.00337575	0.566232	0.12093	0.69156	N/A	0.557342	0.0373917	0.582696	0.55263	0.53282	0.036915	0.593968	0.571192	0.54189	0.523658	0.57731	0.511287	0.0195575	0.526172	0.527851
N0.HOG0000211	0.00038418	0.00138645	0.164407	0.00137173	0.0311084	0.55753	0.554922	0.514877	0.514877	0.510571	0.510571	0.517901	0.567841	0.0271358	0.551002	0.781489	0.229953	N/A	0.605018	0.624829	0.605541	0.568286	0.543032	0.0168653	0.181074	0.571192	0.54189	0.523658	0.11658	0.507567	0.537394	0.519827	0.553397
N0.HOG0000222	0.264212	0.0130221	0.585014	0.557772	0.0186877	0.535801	0.554922	0.514877	0.514877	0.51573	0.51573	0.52649	0.0368904	0.534923	0.534923	0.288995	0.69156	N/A	0.557342	0.0373917	0.582696	0.55263	0.53282	0.524574	0.593968	0.571192	0.54189	0.523658	0.57731	0.511287	0.537394	0.0297754	0.527851
N0.HOG0000223	0.67535	0.589155	0.0890604	0.539708	0.0364718	0.0124616	0.0293684	0.514877	0.0223353	0.51573	0.51573	0.52649	0.587298	0.566232	0.566232	0.288995	0.12093	N/A	0.557342	0.569477	0.557656	0.53607	0.522253	0.51659	0.0353568	0.571192	0.54189	0.523658	0.57731	0.511287	0.0195575	0.526172	0.527851
N0.HOG0000224	0.727095	0.0130221	0.585014	0.557772	0.000247474	0.535801	0.554922	0.514877	3.92146e-05	0.510571	0.510571	0.517901	0.0368904	0.551002	0.551002	0.229953	0.781489	N/A	0.582267	0.598701	0.582696	0.55263	0.53282	0.524574	0.593968	0.571192	0.54189	0.523658	0.11658	0.507567	0.537394	0.519827	0.0214844
N0.HOG0000225	0.159618	0.188766	0.128282	0.557772	0.535801	0.0538193	0.000630185	0.514877	0.514877	0.51573	0.51573	0.52649	0.567841	0.551002	0.0767518	0.744327	0.178082	N/A	0.582267	0.598701	0.582696	0.55263	0.53282	0.524574	0.593968	0.571192	0.54189	0.523658	0.57731	0.511287	0.537394	0.519827	0.540899
N0.HOG0000228	0.151523	1.32926e-05	2.37345e-08	0.00952208	2.03303e-11	2.53187e-12	0.5	0.5	0.5	3.30018e-07	0.520807	1.02499e-05	0.524327	0.5	0.5	0.614679	0.16829	N/A	0.530008	0.536738	4.40842e-07	0.583093	0.0284187	0.547352	0.53477	0.038275	0.5	0.50808	1.14893e-05	0.514963	0.512959	0.0101049	0.514228
N0.HOG0000233	0.00586196	0.547972	0.0464199	0.520478	0.512386	0.0185398	0.5	0.5	0.5	0.505328	0.00798461	0.509074	0.0363393	0.0268305	0.517942	0.614679	0.16829	N/A	0.530008	0.536738	0.53018	0.518548	0.511318	0.508401	0.53477	0.038275	0.5	0.50808	0.528033	0.503805	0.512959	0.506744	0.514228
N0.HOG0000235	0.00972898	0.624611	6.75677e-06	0.0869825	0.0186877	0.535801	0.537689	0.509993	0.509993	0.00534195	0.0158561	0.517901	0.567841	0.551002	0.551002	0.744327	0.068053	N/A	0.557342	0.569477	0.0306238	0.55263	0.53282	0.524574	0.565956	0.549305	0.528541	0.515964	0.553731	0.507567	0.0130419	0.519827	0.0143276
N0.HOG0000236	0.349642	0.65523	0.682895	0.0282474	0.0678556	0.174057	0.554922	0.514877	0.0223353	0.51573	0.51573	0.0397975	0.524327	0.517942	0.517942	0.377743	0.00799397	N/A	0.582267	0.598701	0.0458698	2.08742e-06	0.000153357	0.581712	0.593968	0.571192	0.54189	0.523658	0.57731	0.511287	0.00027175	0.506744	0.540899
N0.HOG0000239	0.727095	0.188766	0.585014	0.0869825	0.0538193	0.535801	0.554922	0.509993	0.509993	0.510571	0.510571	0.52649	0.567841	0.551002	0.0767518	0.744327	0.377743	N/A	0.582267	0.598701	0.582696	0.55263	0.53282	0.524574	0.593968	0.571192	0.062998	0.523658	0.57731	0.0169407	0.537394	0.519827	0.540899
N0.HOG0000241	0.00972898	0.00580439	0.0890604	0.539708	0.0364718	0.524313	0.537689	0.505035	0.505035	0.505328	0.505328	0.509074	0.546894	0.052391	0.534923	0.69156	0.69156	N/A	0.557342	0.569477	0.557656	0.53607	0.522253	0.51659	0.565956	0.549305	0.0428152	0.515964	0.0806194	0.503805	0.525416	0.513352	0.527851
N0.HOG0000242	0.727095	0.624611	0.585014	0.0869825	0.546868	0.546868	0.0293684	0.509993	0.509993	0.51573	0.0236165	0.52649	0.0368904	0.551002	0.551002	0.744327	0.377743	N/A	0.582267	0.598701	0.582696	0.55263	0.53282	0.0126519	0.593968	0.571192	0.062998	0.523658	0.57731	0.511287	0.537394	0.519827	0.540899
N0.HOG0000244	0.00972898	0.589155	0.531113	0.520478	0.0185398	0.512386	0.0195908	0.509993	0.0149901	0.00801255	0.51573	0.52649	0.546894	0.534923	0.534923	0.288995	9.18199e-06	N/A	0.557342	0.569477	0.557656	0.0541122	0.511318	0.508401	0.565956	0.549305	0.528541	0.515964	0.0284164	0.511287	0.525416	0.513352	0.527851
N0.HOG0000249	0.602993	0.0713534	0.0464199	0.0306106	0.512386	0.512386	0.519406	0.5	0.5	0.5	0.5	0.5	0.0246168	0.0180999	0.534923	0.614679	0.0601581	N/A	0.530008	0.536738	0.53018	0.518548	0.511318	0.508401	0.53477	0.525629	0.0218285	0.50808	0.0418476	0.5	0.00652089	0.513352	0.514228
N0.HOG0000251	0.108024	0.589155	0.559353	0.539708	3.79941e-06	0.524313	0.537689	0.509993	0.509993	0.510571	0.510571	0.517901	0.546894	0.534923	0.0180999	0.12093	0.69156	N/A	0.557342	0.569477	0.557656	0.53607	0.522253	0.51659	0.565956	0.549305	0.528541	0.515964	0.553731	0.507567	0.525416	0.513352	0.527851
N0.HOG0000253	0.264212	0.00162428	0.559353	0.539708	0.0124616	0.524313	0.537689	0.509993	0.509993	0.0158561	0.510571	0.517901	0.524327	0.517942	0.517942	0.69156	0.69156	N/A	0.557342	0.569477	0.557656	0.53607	0.522253	0.51659	0.565956	0.549305	0.528541	0.515964	0.553731	0.507567	0.0381266	0.506744	0.527851
N0.HOG0000258	0.151523	0.0713534	4.98872e-07	0.520478	0.5	0.5	0.5	0.5	0.5	0.5	0.5	0.5	0.5	0.5	0.5	0.16829	0.614679	N/A	0.530008	0.536738	0.53018	0.518548	0.511318	0.0125831	0.0518419	0.5	0.5	0.5	0.5	0.5	0.5	0.5	0.514228
N0.HOG0000260	0.151523	0.0713534	0.0464199	0.0206842	0.000384449	0.0364718	0.5	0.5	0.5	0.5	0.5	0.5	0.5	0.5	0.5	0.69156	0.0335282	N/A	0.530008	0.536738	0.53018	0.518548	0.00569069	0.51659	0.0518419	0.5	0.5	0.5	0.5	0.5	0.5	0.5	0.00716376
N0.HOG0000262	0.264212	0.188766	0.0473042	0.557772	0.0538193	0.535801	0.554922	0.514877	0.0223353	0.510571	0.0158561	0.0268526	0.567841	0.0271358	0.0767518	0.288995	0.12093	N/A	0.557342	0.0373917	0.582696	0.55263	0.53282	0.524574	0.593968	0.571192	0.54189	0.523658	0.11658	0.507567	0.537394	0.519827	0.527851
N0.HOG0000263	0.159618	0.624611	0.0628875	0.57475	0.0016329	0.000486656	0.0293684	0.509993	0.509993	0.0388108	0.525804	0.542979	0.546894	0.534923	0.534923	0.614679	0.16829	N/A	0.000463854	0.598701	0.582696	0.0280602	0.543032	0.532359	0.593968	0.571192	0.062998	0.523658	0.00455928	0.518598	0.0562189	0.513352	0.514228
N0.HOG0000264	0.151523	0.00120648	0.5	0.5	0.5	0.5	0.5	0.5	0.5	0.5	0.5	0.5	0.0363393	0.0268305	0.517942	0.614679	0.16829	N/A	0.530008	0.536738	0.53018	0.0277344	0.5	0.5	0.53477	0.038275	0.5	0.50808	0.0418476	0.5	0.512959	0.506744	0.514228
N0.HOG0000266	0.602993	0.589155	0.0890604	0.539708	0.0124616	0.0364718	0.00979517	0.505035	0.505035	0.505328	0.505328	0.509074	0.524327	0.517942	0.517942	0.614679	0.614679	N/A	0.530008	0.536738	0.0153106	0.53607	0.522253	0.51659	0.53477	0.525629	0.514588	0.50808	0.528033	0.503805	0.512959	0.506744	0.514228
N0.HOG0000269	0.67535	0.0130221	0.00171127	0.0024556	0.535801	0.000247474	0.554922	0.514877	0.514877	9.02561e-07	0.0236165	0.52649	0.102222	0.551002	0.000534705	0.614679	0.614679	N/A	0.0152221	0.0373917	0.582696	0.55263	0.53282	0.524574	0.593968	0.571192	0.54189	0.523658	0.57731	0.511287	0.537394	0.519827	0.514228
N0.HOG0000272	0.0538164	0.0713534	0.531113	0.0103418	0.5	0.5	0.5	0.5	0.5	0.5	0.5	0.5	0.5	0.5	0.5	0.00734762	0.614679	N/A	0.530008	0.536738	0.53018	0.518548	0.511318	0.0125831	0.0518419	0.5	0.5	0.5	0.5	0.5	0.5	0.5	0.514228
N0.HOG0000274	0.67535	0.624611	0.128282	0.557772	0.0186877	0.0538193	0.537689	0.509993	0.509993	0.510571	0.510571	0.517901	0.0246168	0.0180999	0.534923	0.614679	0.614679	N/A	0.0152221	0.569477	0.0306238	0.55263	0.53282	0.524574	0.565956	0.549305	0.528541	0.515964	0.553731	0.507567	0.525416	0.513352	0.514228
N0.HOG0000275	1.56907e-05	0.547972	0.531113	0.520478	0.512386	0.512386	0.554922	0.514877	0.514877	0.505328	0.505328	0.509074	0.567841	0.0767518	0.551002	0.0295294	0.00109923	N/A	0.582267	0.598701	0.00160359	0.518548	0.511318	0.508401	0.593968	0.571192	0.54189	0.523658	0.00137029	0.503805	0.537394	0.519827	0.540899
N0.HOG0000277	0.727095	0.188766	0.585014	0.0869825	0.535801	0.535801	0.554922	0.509993	0.509993	0.0158561	0.510571	0.517901	0.102222	0.551002	0.551002	0.744327	0.178082	N/A	0.582267	0.598701	0.582696	0.55263	0.53282	0.524574	0.593968	0.571192	0.062998	0.523658	0.11658	0.507567	0.537394	0.519827	0.540899
N0.HOG0000283	0.602993	0.0245313	0.531113	0.520478	1.12584e-05	0.535801	0.519406	0.505035	0.505035	0.505328	0.505328	0.509074	0.0246168	0.0180999	0.052391	0.614679	0.614679	N/A	0.530008	0.536738	0.53018	0.518548	0.511318	3.55818e-05	0.53477	0.525629	0.514588	0.50808	0.528033	0.503805	0.00652089	0.513352	0.514228
N0.HOG0000289	0.00586196	0.0713534	1.57707e-08	0.5	0.5	0.5	0.5	0.5	0.5	0.5	0.5	0.5	0.5	0.5	0.5	0.16829	0.00010961	N/A	0.530008	0.536738	0.53018	0.518548	0.0169447	0.5	0.0518419	0.5	0.5	0.5	0.5	0.5	0.5	0.5	0.514228
N0.HOG0000292	0.602993	0.547972	0.531113	0.520478	0.524313	0.524313	0.519406	0.505035	0.505035	0.505328	0.505328	0.509074	0.524327	0.0180999	0.534923	0.614679	0.614679	N/A	0.530008	0.536738	0.53018	0.518548	0.511318	0.00421777	0.53477	0.525629	0.514588	0.50808	0.528033	0.503805	0.512959	0.00338341	0.514228
N0.HOG0000295	0.67535	0.624611	0.128282	0.557772	0.0186877	0.0538193	0.554922	0.509993	0.509993	0.510571	0.510571	0.517901	0.567841	0.551002	0.0767518	0.69156	0.12093	N/A	0.557342	0.0373917	0.582696	0.55263	0.53282	0.524574	0.593968	0.571192	0.062998	0.523658	0.11658	0.507567	0.537394	0.519827	0.527851
N0.HOG0000299	0.602993	0.0130221	0.585014	0.557772	0.0538193	0.535801	0.554922	0.509993	0.509993	0.510571	0.510571	0.517901	0.0368904	0.551002	0.000534705	0.16829	0.614679	N/A	0.530008	0.000699837	0.582696	0.55263	0.53282	0.524574	0.593968	0.571192	0.062998	0.523658	0.11658	0.507567	0.537394	0.519827	0.514228
N0.HOG0000301	0.108024	0.0490795	0.559353	0.539708	3.79941e-06	0.524313	0.0195908	0.509993	0.509993	0.510571	0.510571	0.517901	0.567841	0.551002	0.551002	0.288995	0.69156	N/A	0.557342	0.569477	0.557656	0.53607	0.522253	0.51659	0.565956	0.549305	0.528541	0.515964	0.553731	0.507567	0.0130419	0.519827	0.527851
N0.HOG0000304	0.67535	0.0713534	0.0464199	0.520478	0.5	0.5	0.519406	0.505035	0.505035	0.505328	0.00798461	0.509074	0.524327	0.517942	0.0090498	0.781489	0.105221	N/A	0.557342	0.104267	0.53018	0.518548	0.511318	0.0125831	0.53477	0.525629	0.514588	0.50808	0.528033	0.503805	0.512959	0.506744	0.00050748
N0.HOG0000322	0.159618	0.000630072	0.559353	0.539708	0.0185398	0.512386	0.554922	0.509993	0.509993	0.505328	0.505328	0.509074	0.567841	0.0767518	0.551002	0.69156	0.69156	N/A	0.0304467	0.598701	0.582696	0.079211	0.522253	0.0248856	0.593968	0.571192	0.062998	0.523658	0.00137029	0.503805	0.537394	0.519827	0.527851
N0.HOG0000331	0.159618	0.589155	0.559353	0.539708	0.0124616	0.524313	0.0391116	0.519688	0.519688	0.520807	0.520807	0.534847	0.132099	0.0361444	0.566232	0.0295294	0.178082	N/A	0.582267	0.598701	0.124759	0.53607	0.522253	0.51659	0.0529351	0.591441	0.554663	0.531168	0.598964	0.514963	0.548911	0.526172	0.540899
N0.HOG0000333	0.151523	0.547972	0.531113	0.00105257	0.0124616	0.524313	0.537689	1.32452e-05	0.509993	1.42686e-05	0.505328	0.0135898	0.524327	0.517942	0.0268305	0.0601581	0.614679	N/A	0.530008	0.536738	0.53018	0.518548	0.00569069	0.51659	0.53477	0.0129743	0.528541	0.50808	0.528033	0.503805	0.512959	0.506744	0.514228
N0.HOG0000345	0.151523	0.547972	0.531113	0.520478	0.0185398	0.512386	0.00979517	0.505035	0.505035	0.00534195	0.510571	0.517901	0.0363393	0.517942	0.517942	0.614679	0.0601581	N/A	0.530008	0.536738	0.53018	0.518548	0.511318	0.508401	0.53477	0.525629	0.514588	0.50808	0.0142073	0.507567	0.512959	0.506744	0.514228
N0.HOG0000346	0.151523	0.547972	0.585014	0.0024556	0.535801	0.535801	0.00979517	0.505035	0.505035	0.505328	0.505328	0.509074	0.0246168	0.0180999	0.534923	0.614679	0.00734762	N/A	0.530008	0.536738	0.53018	0.00017522	0.53282	0.524574	0.53477	0.525629	0.514588	0.50808	0.528033	0.503805	0.00652089	0.513352	0.514228
N0.HOG0000349	0.67535	1.34656e-05	0.559353	0.539708	0.000384449	0.524313	0.537689	0.509993	0.509993	0.510571	0.510571	0.517901	0.546894	0.534923	0.052391	0.288995	0.69156	N/A	0.557342	0.569477	0.557656	0.53607	0.522253	0.51659	0.565956	0.549305	0.528541	0.515964	0.553731	0.507567	0.525416	0.513352	0.527851
N0.HOG0000350	0.0269934	0.624611	0.585014	0.557772	0.0186877	0.0538193	0.0565414	0.514877	0.514877	0.510571	0.510571	0.517901	0.546894	0.052391	0.0180999	0.288995	0.69156	N/A	0.557342	0.569477	0.0306238	0.55263	0.53282	0.524574	0.565956	0.549305	0.0146933	0.515964	0.553731	0.507567	0.525416	0.513352	0.527851
N0.HOG0000351	0.602993	0.589155	0.559353	2.64985e-10	0.524313	0.524313	0.0195908	0.509993	0.509993	0.510571	0.510571	0.0268526	0.0246168	0.534923	0.534923	0.614679	0.0601581	N/A	0.530008	0.018693	0.557656	0.53607	0.522253	0.51659	0.565956	0.549305	0.528541	0.515964	0.553731	0.507567	0.525416	0.513352	0.514228
N0.HOG0000353	0.602993	0.589155	0.559353	0.539708	0.524313	0.524313	0.519406	0.00252362	0.505035	0.505328	0.505328	0.00455726	0.524327	0.534923	0.534923	0.0601581	0.614679	N/A	0.530008	0.536738	0.0153106	0.53607	0.522253	0.51659	0.53477	0.525629	0.514588	0.50808	0.528033	0.503805	0.512959	0.00338341	0.514228
N0.HOG0000354	0.602993	0.0490795	0.0890604	0.539708	0.0186877	0.535801	0.000191964	0.505035	0.505035	0.510571	0.510571	0.0135898	0.524327	0.0090498	0.517942	0.614679	0.614679	N/A	0.530008	0.536738	0.0153106	0.53607	0.522253	0.00843556	0.53477	0.525629	0.514588	0.50808	0.528033	0.00190629	0.512959	0.506744	0.514228
N0.HOG0000358	0.602993	0.0245313	0.0464199	0.520478	0.512386	0.0185398	0.519406	0.505035	0.505035	0.505328	0.505328	0.509074	0.524327	0.517942	0.0268305	0.614679	0.0601581	N/A	0.530008	0.536738	0.53018	0.518548	0.511318	0.508401	0.53477	0.525629	0.514588	0.50808	0.528033	0.503805	0.512959	0.506744	0.514228
N0.HOG0000369	0.207241	0.188766	0.585014	0.557772	0.535801	0.0538193	0.537689	0.00504724	0.0149901	0.505328	0.505328	0.517901	0.524327	0.517942	0.517942	0.0161996	0.781489	N/A	0.605018	0.189833	0.582696	0.55263	0.53282	0.524574	0.141907	0.549305	0.528541	0.515964	0.553731	0.0113511	0.0381266	0.506744	0.553397
N0.HOG0000372	0.602993	0.5	0.5	0.5	0.5	0.5	0.5	0.5	0.5	0.5	0.5	0.5	0.5	0.5	0.5	0.16829	1.99713e-07	N/A	0.530008	0.0547561	0.5	0.5	0.5	0.5	0.5	0.5	0.5	0.5	0.5	0.5	0.5	0.5	0.514228
N0.HOG0000373	0.00586702	0.65523	0.00327675	0.57475	1.91477e-19	4.58004e-06	0.5	0.5	0.5	0.5	0.5	0.5	0.0363393	0.0268305	0.517942	0.178082	0.744327	N/A	0.582267	0.598701	0.0458698	0.568286	0.543032	0.532359	0.00217099	0.038275	0.5	0.50808	0.0418476	0.5	0.512959	0.506744	0.540899
N0.HOG0000382	0.602993	0.624611	0.00171127	0.557772	0.535801	0.0538193	0.554922	0.514877	0.0223353	0.510571	0.510571	0.517901	0.546894	0.534923	0.052391	0.614679	0.614679	N/A	0.530008	0.018693	0.0306238	0.55263	0.53282	0.524574	0.565956	0.02595	0.54189	0.515964	0.553731	0.507567	0.525416	0.513352	0.514228
N0.HOG0000393	0.000638516	0.547972	1.57807e-05	0.520478	0.512386	0.512386	0.519406	0.505035	0.505035	0.505328	0.505328	0.509074	0.00148645	0.534923	0.0180999	0.614679	0.00734762	N/A	0.530008	0.536738	0.53018	0.518548	0.511318	0.508401	0.53477	0.525629	0.514588	0.50808	0.528033	0.503805	0.00652089	0.513352	0.514228
N0.HOG0000395	0.602993	0.547972	4.98872e-07	0.520478	0.512386	0.512386	0.519406	0.505035	0.505035	0.505328	0.505328	0.509074	0.524327	0.517942	0.517942	0.614679	0.614679	N/A	0.530008	0.536738	0.53018	0.518548	0.511318	0.508401	0.53477	0.525629	0.514588	0.50808	0.528033	0.503805	0.512959	0.506744	0.514228
N0.HOG0000396	0.108024	0.0490795	0.559353	0.0206842	0.512386	0.512386	0.537689	0.509993	0.509993	0.510571	0.0158561	0.517901	0.0246168	0.534923	0.052391	0.12093	0.288995	N/A	0.557342	0.569477	0.557656	0.53607	0.522253	0.0248856	0.565956	0.549305	0.528541	0.515964	0.553731	0.507567	0.525416	0.513352	0.527851
N0.HOG0000402	0.00972898	0.589155	0.559353	0.05957	0.0364718	0.524313	0.519406	0.505035	0.505035	0.5	0.5	0.5	0.5	0.5	0.5	0.12093	0.69156	N/A	0.557342	0.569477	0.557656	0.53607	0.522253	0.51659	0.0989778	0.525629	0.514588	0.0121031	0.5	0.5	0.5	0.5	0.527851
N0.HOG0000422	0.602993	0.547972	0.531113	0.0306106	0.524313	0.524313	0.00979517	0.505035	0.505035	0.510571	0.510571	0.509074	0.524327	0.517942	0.517942	0.0601581	0.614679	N/A	0.530008	0.536738	0.53018	0.518548	0.511318	0.00421777	0.53477	0.525629	0.514588	0.50808	0.528033	0.00190629	0.512959	0.506744	0.514228
N0.HOG0000425	0.67535	0.547972	0.531113	0.520478	0.524313	0.524313	0.000191964	0.505035	0.505035	0.505328	0.505328	0.0135898	0.524327	0.517942	0.0090498	0.12093	0.69156	N/A	0.557342	0.104267	0.53018	0.518548	0.511318	0.00421777	0.53477	0.525629	0.514588	0.50808	0.528033	0.503805	0.512959	0.506744	0.527851
N0.HOG0000429	0.602993	0.547972	0.531113	0.0306106	0.0185398	0.512386	0.5	0.5	0.5	0.5	0.5	0.5	0.5	0.5	0.5	0.0601581	0.16829	N/A	0.530008	0.536738	0.53018	0.518548	0.511318	0.508401	0.0518419	0.5	0.5	0.5	0.5	0.5	0.5	0.5	0.514228
N0.HOG0000432	0.67535	0.547972	0.0157906	0.520478	0.512386	0.00623076	0.00979517	0.505035	0.505035	0.505328	0.505328	0.509074	0.0363393	0.0090498	0.517942	0.69156	0.69156	N/A	0.557342	0.104267	0.53018	0.518548	0.511318	0.508401	0.53477	0.525629	0.514588	0.50808	0.528033	0.503805	0.512959	0.506744	0.527851
N0.HOG0000435	0.0538164	0.5	0.5	0.5	0.5	0.5	0.5	0.5	0.5	0.5	0.5	0.5	0.0363393	9.46327e-05	0.662893	0.000897425	0.16829	N/A	0.530008	0.536738	0.0450356	0.5	0.5	0.5	0.53477	0.038275	0.5	0.50808	0.0418476	0.5	0.512959	6.81387e-25	0.514228
N0.HOG0000442	0.151523	0.547972	0.531113	0.0103418	0.512386	0.512386	0.537689	0.505035	0.505035	8.7354e-05	0.520807	0.534847	0.587298	0.0999792	0.0361444	1.27538e-06	0.69156	N/A	0.530008	0.536738	0.53018	0.518548	0.511318	0.508401	0.0176761	0.549305	0.0428152	0.000163465	0.598964	0.514963	0.548911	0.526172	0.00716376
N0.HOG0000464	0.67535	0.0490795	0.559353	0.539708	0.0364718	0.524313	0.554922	0.0223353	0.514877	0.510571	0.510571	0.517901	0.546894	0.534923	0.052391	0.12093	0.288995	N/A	0.557342	0.569477	0.557656	0.53607	0.522253	0.51659	0.565956	0.02595	0.54189	0.515964	0.553731	0.507567	0.525416	0.513352	0.527851
N0.HOG0000465	0.602993	0.589155	0.559353	0.557772	0.535801	0.535801	0.537689	0.514877	0.514877	0.510571	0.0158561	0.517901	0.000359163	0.534923	0.052391	0.0601581	0.614679	N/A	0.530008	0.018693	0.557656	0.53607	0.0113814	0.524574	0.565956	0.549305	0.0146933	0.515964	0.553731	0.507567	0.525416	0.513352	0.514228
N0.HOG0000470	0.151523	0.624611	0.585014	0.557772	0.000247474	0.535801	0.554922	0.514877	0.514877	0.51573	0.51573	0.52649	0.524327	0.517942	0.517942	0.614679	0.614679	N/A	0.530008	0.000699837	0.582696	0.55263	0.53282	0.524574	0.593968	0.571192	0.54189	0.523658	0.57731	0.511287	0.00027175	0.506744	0.514228
N0.HOG0000478	0.67535	0.133847	0.559353	0.05957	0.524313	0.524313	0.537689	0.505035	0.505035	0.505328	0.00267097	0.509074	0.546894	0.534923	0.534923	0.69156	0.12093	N/A	0.557342	0.569477	0.557656	0.53607	0.522253	0.51659	0.565956	0.549305	0.0428152	0.515964	0.0806194	0.503805	0.525416	0.513352	0.527851
N0.HOG0000484	0.602993	0.547972	0.531113	0.520478	0.512386	0.512386	0.0195908	0.509993	0.509993	0.510571	0.0158561	0.517901	0.546894	0.534923	0.052391	0.614679	0.614679	N/A	0.530008	0.536738	0.53018	0.518548	0.511318	0.508401	0.0176761	0.549305	0.528541	0.515964	0.553731	0.507567	0.525416	0.513352	0.514228
N0.HOG0000486	0.67535	0.0490795	0.559353	0.0206842	0.524313	0.524313	0.000945	0.0149901	0.509993	0.505328	0.00267097	0.509074	0.524327	0.517942	0.517942	0.614679	0.614679	N/A	0.0152221	0.569477	0.557656	0.53607	0.522253	0.51659	0.565956	0.549305	0.528541	0.0239467	0.528033	0.503805	0.512959	0.506744	0.514228
N0.HOG0000496	0.151523	0.589155	0.0890604	0.539708	0.512386	0.512386	0.000220558	0.509993	0.509993	0.510571	0.510571	0.517901	0.546894	0.534923	0.534923	0.0601581	0.16829	N/A	0.530008	0.018693	0.557656	0.53607	0.522253	0.0248856	0.565956	0.549305	0.528541	0.515964	0.553731	0.507567	0.525416	0.513352	0.514228
N0.HOG0000499	0.264212	0.624611	0.585014	0.557772	0.535801	0.535801	0.554922	0.514877	0.0223353	0.51573	0.51573	0.52649	0.524327	0.517942	0.517942	0.69156	0.288995	N/A	0.557342	0.0373917	0.582696	0.55263	0.53282	0.524574	0.593968	0.571192	0.54189	0.523658	0.57731	0.511287	0.00027175	0.506744	0.527851
N0.HOG0000502	0.264212	0.589155	0.0890604	0.539708	0.524313	0.0364718	0.537689	0.505035	0.505035	0.505328	0.505328	0.509074	0.0246168	0.534923	0.0180999	0.744327	0.744327	N/A	0.557342	0.569477	0.557656	0.53607	0.522253	0.51659	0.565956	0.549305	0.0428152	0.515964	0.0806194	0.503805	0.525416	0.513352	0.0143276
N0.HOG0000503	0.67535	0.0490795	0.531113	0.520478	0.00623076	0.512386	0.537689	0.0149901	0.509993	0.510571	0.510571	0.0268526	0.546894	0.534923	0.534923	0.69156	0.288995	N/A	0.557342	0.569477	0.557656	0.0541122	0.511318	0.508401	0.565956	0.549305	0.528541	0.515964	0.553731	0.507567	0.525416	0.513352	0.527851
N0.HOG0000504	0.602993	0.133847	0.559353	0.539708	0.0364718	0.524313	0.586502	6.76862e-07	0.524427	0.535561	0.053582	0.0318389	0.605383	0.566232	0.0999792	0.0601581	0.614679	N/A	0.530008	0.018693	0.557656	0.53607	0.522253	0.51659	8.39423e-05	0.61019	0.566888	0.538497	0.0122345	0.525745	0.559989	0.0487519	0.514228
N0.HOG0000518	0.602993	0.624611	0.585014	0.557772	0.535801	0.0538193	0.554922	0.514877	0.514877	0.0236165	0.51573	0.52649	0.00101438	0.0767518	0.551002	0.0601581	0.16829	N/A	0.530008	0.000699837	0.582696	0.55263	0.53282	0.524574	0.593968	0.571192	0.54189	0.523658	0.57731	0.511287	0.537394	0.519827	0.514228
N0.HOG0000527	0.264212	0.589155	0.0315842	0.0206842	0.512386	0.512386	0.537689	0.509993	0.509993	0.510571	0.510571	0.517901	0.0246168	0.534923	0.0180999	0.69156	0.69156	N/A	0.557342	0.569477	0.557656	0.53607	0.522253	0.0248856	0.565956	0.549305	0.528541	0.515964	0.553731	0.507567	0.525416	0.513352	0.527851
N0.HOG0000531	0.67535	0.00580439	0.559353	0.520478	0.512386	0.512386	0.537689	0.505035	0.505035	0.510571	0.510571	0.0268526	0.546894	0.534923	0.534923	0.288995	0.69156	N/A	0.557342	0.569477	0.557656	0.53607	0.0333814	0.508401	0.565956	0.549305	0.0428152	0.515964	0.553731	0.507567	0.525416	0.513352	0.527851
N0.HOG0000534	0.67535	0.0713534	0.0157906	0.520478	0.5	0.5	0.519406	0.505035	0.505035	0.510571	0.510571	0.517901	0.524327	0.517942	0.517942	0.69156	0.69156	N/A	0.557342	0.104267	0.53018	0.518548	0.511318	0.0125831	0.53477	0.525629	0.514588	0.50808	0.0142073	0.507567	0.512959	0.506744	0.527851
N0.HOG0000550	0.602993	0.589155	0.0890604	0.539708	0.0364718	0.0124616	0.537689	0.509993	0.00504724	0.51573	4.39917e-05	0.01367	0.546894	0.534923	0.052391	0.0601581	0.614679	N/A	0.530008	0.018693	0.557656	0.53607	0.522253	0.51659	0.565956	0.549305	0.528541	0.515964	0.0284164	0.511287	0.525416	0.513352	0.514228
N0.HOG0000554	0.67535	0.589155	0.559353	0.05957	0.524313	0.524313	0.537689	0.505035	0.505035	0.505328	0.505328	0.509074	0.546894	2.60835e-07	0.534923	0.69156	0.69156	N/A	0.557342	0.569477	0.557656	0.53607	0.522253	0.51659	0.565956	0.549305	0.0428152	0.515964	0.0806194	0.503805	0.525416	0.513352	0.527851
N0.HOG0000555	0.602993	0.547972	0.531113	0.0306106	0.512386	0.512386	0.519406	0.5	0.5	0.505328	0.00798461	0.0135898	0.524327	0.517942	0.517942	0.614679	0.614679	N/A	0.530008	0.536738	0.53018	0.518548	0.511318	0.508401	0.53477	0.525629	0.0218285	0.50808	0.528033	0.503805	0.512959	0.506744	0.514228
N0.HOG0000573	0.67535	0.0490795	0.0890604	0.539708	0.512386	0.512386	0.0565414	0.509993	0.509993	0.510571	0.510571	0.0268526	0.0703554	0.000807556	0.534923	0.69156	0.69156	N/A	0.557342	0.569477	0.557656	0.53607	0.522253	0.0248856	0.565956	0.549305	0.528541	0.515964	0.553731	0.507567	0.525416	0.513352	0.527851
N0.HOG0000574	0.67535	0.0490795	0.559353	0.05957	0.000384449	0.0364718	0.0195908	0.505035	0.505035	0.505328	0.505328	0.509074	0.567841	0.551002	0.551002	0.744327	0.744327	N/A	0.557342	0.569477	0.557656	0.53607	0.522253	0.51659	0.565956	0.549305	0.0428152	0.515964	0.0806194	0.503805	0.0130419	0.519827	0.0143276
N0.HOG0000589	0.151523	0.589155	0.559353	0.05957	0.524313	8.51512e-05	0.537689	0.509993	0.509993	0.510571	0.510571	0.517901	0.0246168	0.534923	0.052391	0.16829	0.0601581	N/A	0.530008	0.018693	0.557656	0.53607	0.522253	0.51659	0.565956	0.549305	0.528541	0.515964	0.553731	0.507567	0.525416	0.513352	0.514228
N0.HOG0000590	0.67535	1.34656e-05	0.531113	0.520478	0.00623076	0.512386	0.519406	0.505035	0.505035	0.505328	0.505328	0.509074	0.0363393	0.000163851	0.517942	0.000446567	0.288995	N/A	0.557342	0.569477	0.557656	0.0541122	0.511318	0.508401	0.0989778	0.525629	0.514588	0.50808	0.528033	0.503805	0.512959	0.506744	0.527851
N0.HOG0000591	0.264212	0.133847	0.559353	0.05957	0.524313	0.524313	0.000945	0.505035	0.505035	0.505328	0.505328	0.509074	0.0246168	0.534923	0.534923	0.69156	0.12093	N/A	0.557342	0.569477	0.557656	0.53607	0.522253	0.51659	0.565956	0.549305	0.0428152	0.515964	0.0806194	0.503805	0.525416	0.513352	0.527851
N0.HOG0000592	0.602993	0.624611	0.585014	0.000705534	0.0538193	0.0186877	0.554922	0.514877	0.514877	4.34789e-05	0.000776028	0.0064253	0.0490973	0.0999792	0.566232	0.614679	0.614679	N/A	0.530008	0.000699837	0.582696	0.55263	0.53282	0.524574	0.593968	0.571192	0.54189	0.0121669	7.75622e-10	0.539561	0.548911	0.526172	0.514228
N0.HOG0000594	0.602993	0.589155	0.559353	0.539708	0.524313	0.524313	0.519406	0.509993	0.509993	0.505328	0.00267097	0.509074	0.524327	0.517942	0.0090498	0.614679	0.614679	N/A	0.530008	0.536738	0.0153106	0.53607	0.522253	0.51659	0.53477	0.525629	0.00734658	0.50808	0.528033	0.503805	0.512959	0.506744	0.514228
N0.HOG0000595	0.108024	0.0490795	0.0890604	0.539708	0.512386	0.512386	0.537689	0.505035	0.505035	0.00267097	0.505328	0.509074	0.0703554	0.534923	0.0180999	0.0335282	0.69156	N/A	0.557342	0.569477	0.557656	0.53607	0.522253	0.0248856	0.565956	0.549305	0.0428152	0.515964	0.0806194	0.503805	0.525416	0.513352	0.527851
N0.HOG0000602	0.67535	0.133847	0.559353	0.05957	0.0364718	0.524313	0.554922	0.514877	0.514877	0.510571	0.510571	0.517901	0.546894	0.594339	0.594339	0.69156	0.288995	N/A	0.557342	0.569477	0.557656	0.53607	0.522253	0.51659	0.565956	0.02595	0.54189	0.515964	0.553731	0.507567	0.525416	5.18585e-09	0.527851
N0.HOG0000614	0.108024	0.0490795	0.559353	0.539708	0.524313	0.0364718	0.0293684	0.0223353	0.514877	0.510571	0.510571	0.00911454	0.524327	0.517942	0.517942	0.288995	0.69156	N/A	0.557342	0.569477	0.557656	0.53607	0.522253	0.51659	0.565956	0.02595	0.54189	0.515964	0.553731	0.507567	0.0381266	0.506744	0.527851
N0.HOG0000618	0.108024	0.589155	0.0890604	0.539708	0.0124616	0.0364718	0.537689	0.509993	0.509993	0.510571	0.0158561	0.517901	0.546894	0.534923	0.052391	0.288995	0.0335282	N/A	0.557342	0.569477	0.557656	0.53607	0.522253	0.51659	0.565956	0.549305	0.528541	0.515964	0.553731	0.507567	0.525416	0.513352	0.527851
N0.HOG0000619	0.67535	0.589155	0.531113	0.520478	7.76568e-05	0.512386	0.537689	0.505035	0.505035	0.505328	0.00267097	0.509074	0.546894	0.534923	0.052391	0.288995	0.69156	N/A	0.557342	0.569477	0.557656	0.0541122	0.511318	0.508401	0.565956	0.549305	0.0428152	0.515964	0.0806194	0.503805	0.525416	0.513352	0.527851
N0.HOG0000625	0.264212	0.0490795	0.559353	0.05957	0.0124616	0.524313	0.537689	0.509993	0.00504724	0.510571	0.00534195	0.517901	0.546894	0.0180999	0.052391	0.12093	0.288995	N/A	0.557342	0.569477	0.557656	0.53607	0.522253	0.51659	0.565956	0.549305	0.528541	0.515964	0.553731	0.507567	0.525416	0.513352	0.527851
N0.HOG0000629	0.602993	0.547972	0.531113	0.520478	0.512386	0.512386	0.519406	0.505035	0.505035	0.0236165	0.51573	0.52649	0.524327	0.517942	0.517942	0.16829	0.0601581	N/A	0.530008	0.536738	0.53018	0.518548	0.511318	0.508401	0.53477	0.525629	0.514588	0.50808	0.000404019	0.511287	0.512959	0.506744	0.514228
N0.HOG0000631	0.108024	0.133847	0.559353	0.539708	0.524313	0.0364718	0.537689	0.505035	0.505035	0.505328	0.505328	0.509074	0.0703554	0.534923	0.534923	0.288995	0.69156	N/A	0.557342	0.569477	0.557656	0.53607	0.522253	0.51659	0.565956	0.549305	0.0428152	0.515964	0.0806194	0.503805	0.525416	0.513352	0.527851
N0.HOG0000633	0.151523	0.589155	0.0890604	0.539708	0.524313	0.0364718	0.537689	0.509993	0.509993	0.510571	0.0158561	0.517901	0.0246168	0.052391	0.534923	0.0601581	0.614679	N/A	0.530008	0.018693	0.557656	0.53607	0.522253	0.51659	0.565956	0.549305	0.528541	0.515964	0.553731	0.507567	0.525416	0.513352	0.514228
N0.HOG0000639	0.151523	1.66494e-07	0.128282	7.0194e-13	0.535801	0.535801	7.41017e-10	0.0223353	0.514877	0.510571	7.10394e-05	0.517901	8.42604e-05	0.534923	0.000186487	0.16829	0.0601581	N/A	0.530008	0.000699837	0.582696	0.55263	0.53282	0.524574	0.593968	0.571192	0.54189	0.523658	0.11658	0.507567	0.537394	0.0297754	0.514228
N0.HOG0000643	0.602993	0.00162428	0.559353	0.539708	0.524313	0.524313	0.0565414	0.509993	0.509993	0.510571	0.510571	0.517901	0.546894	0.517942	0.517942	0.614679	0.614679	N/A	0.530008	0.018693	0.557656	0.53607	0.522253	0.51659	0.565956	0.549305	0.528541	0.515964	0.553731	0.507567	0.525416	0.0200288	0.514228
N0.HOG0000644	0.67535	0.589155	0.559353	0.539708	0.0124616	8.51512e-05	0.537689	0.505035	0.505035	0.505328	0.00267097	0.509074	0.546894	0.0180999	0.534923	0.69156	0.69156	N/A	0.557342	0.569477	0.557656	0.53607	0.522253	0.51659	0.565956	0.549305	0.0428152	0.515964	0.0806194	0.503805	0.525416	0.513352	0.527851
N0.HOG0000646	0.108024	0.589155	0.559353	0.05957	0.524313	0.0364718	0.519406	0.505035	0.505035	0.505328	0.505328	0.509074	0.546894	0.534923	0.052391	0.288995	0.00296465	N/A	0.557342	0.569477	0.557656	0.53607	0.522253	0.51659	0.565956	0.0739742	0.514588	0.515964	0.0806194	0.503805	0.525416	0.513352	0.527851
N0.HOG0000651	0.67535	0.589155	0.531113	0.520478	9.67871e-07	0.512386	0.0195908	0.505035	0.505035	0.505328	0.505328	0.509074	0.546894	0.052391	0.534923	0.69156	0.69156	N/A	0.557342	0.569477	0.557656	0.0541122	0.511318	0.508401	0.565956	0.549305	0.0428152	0.515964	0.0806194	0.503805	0.525416	0.513352	0.527851
N0.HOG0000658	0.602993	0.589155	0.559353	0.539708	0.0364718	0.0124616	0.0565414	0.509993	0.509993	0.510571	0.510571	0.517901	0.0703554	0.534923	0.052391	0.0601581	0.614679	N/A	0.530008	0.018693	0.557656	0.53607	0.522253	0.51659	0.565956	0.549305	0.528541	0.515964	0.553731	0.507567	0.525416	0.513352	0.514228
N0.HOG0000660	0.151523	0.0245313	0.0464199	0.0306106	7.76568e-05	0.0185398	0.0290127	0.00754557	0.505035	0.5	0.5	0.5	0.0363393	0.517942	0.0268305	0.000897425	0.16829	N/A	0.530008	0.536738	0.53018	0.518548	0.511318	0.508401	0.53477	0.525629	0.514588	0.50808	0.0418476	0.5	0.512959	0.506744	0.514228
N0.HOG0000666	0.602993	0.589155	0.559353	0.539708	0.524313	0.524313	0.537689	0.509993	0.509993	0.510571	1.48699e-05	0.517901	0.546894	0.052391	0.534923	0.614679	0.614679	N/A	0.530008	0.018693	0.557656	0.53607	0.522253	0.51659	0.565956	0.549305	0.528541	0.515964	0.553731	0.507567	0.525416	0.513352	0.514228
N0.HOG0000667	0.000638516	0.547972	0.531113	0.539708	0.524313	0.0364718	0.519406	0.505035	0.505035	0.510571	0.0158561	0.517901	0.567841	0.0271358	0.0767518	0.16829	0.614679	N/A	0.530008	0.536738	0.53018	0.518548	0.00569069	0.51659	0.53477	0.525629	0.514588	0.00405605	0.553731	0.507567	0.0130419	0.519827	0.514228
N0.HOG0000668	0.602993	0.589155	0.559353	0.05957	0.524313	0.0364718	0.537689	0.509993	0.0149901	0.505328	0.505328	0.509074	0.546894	0.534923	0.534923	0.0601581	0.614679	N/A	0.530008	0.018693	0.557656	0.53607	0.522253	0.51659	0.565956	0.549305	0.528541	0.515964	0.0806194	0.503805	0.525416	0.513352	0.514228
N0.HOG0000669	0.602993	0.0245313	0.531113	0.520478	0.512386	0.00623076	0.00979517	0.505035	0.505035	0.505328	0.505328	0.509074	0.524327	0.0090498	0.517942	0.16829	0.614679	N/A	0.530008	0.536738	0.53018	0.518548	0.511318	0.508401	0.53477	0.525629	0.514588	0.50808	0.528033	0.503805	0.512959	0.506744	0.514228
N0.HOG0000670	0.67535	0.589155	0.559353	0.05957	0.524313	0.524313	0.537689	0.509993	0.0149901	0.510571	0.510571	0.517901	0.546894	0.534923	0.000186487	0.614679	0.16829	N/A	0.0152221	0.569477	0.557656	0.53607	0.522253	0.51659	0.565956	0.549305	0.528541	0.515964	0.553731	0.507567	0.525416	0.513352	0.514228
N0.HOG0000679	0.602993	0.133847	0.559353	0.539708	0.524313	0.0364718	0.537689	0.509993	0.509993	0.510571	0.0158561	0.517901	0.546894	0.534923	0.052391	0.614679	0.614679	N/A	0.530008	0.018693	0.557656	0.53607	0.522253	0.51659	0.565956	0.549305	0.528541	0.515964	0.553731	0.507567	0.525416	0.513352	0.514228
N0.HOG0000681	0.108024	0.133847	0.559353	0.05957	0.0364718	0.0124616	0.537689	0.505035	0.505035	0.505328	0.505328	0.509074	0.546894	0.534923	0.534923	0.69156	0.12093	N/A	0.557342	0.569477	0.557656	0.53607	0.522253	0.51659	0.565956	0.549305	0.0428152	0.515964	0.0806194	0.503805	0.525416	0.513352	0.527851
N0.HOG0000685	0.602993	0.0713534	0.0464199	0.0306106	0.512386	0.0185398	0.519406	0.5	0.5	0.5	0.5	0.5	0.524327	0.517942	0.517942	0.614679	0.614679	N/A	0.530008	0.536738	0.53018	0.518548	0.511318	0.508401	0.53477	0.525629	0.0218285	0.50808	0.0418476	0.5	0.512959	0.506744	0.514228
N0.HOG0000690	0.602993	0.589155	0.559353	0.539708	0.524313	0.0364718	0.0565414	0.509993	0.509993	0.510571	0.510571	0.517901	0.546894	0.517942	0.0268305	0.614679	0.16829	N/A	0.530008	0.018693	0.557656	0.53607	0.522253	0.51659	0.565956	0.549305	0.528541	0.515964	0.553731	0.507567	0.525416	0.0200288	0.514228
N0.HOG0000694	0.151523	0.00120648	0.531113	0.520478	7.76568e-05	0.512386	0.000191964	0.505035	0.505035	0.505328	0.505328	0.509074	0.0246168	0.0180999	0.534923	0.614679	0.614679	N/A	0.530008	0.536738	0.53018	0.518548	0.511318	0.508401	0.53477	0.525629	0.514588	0.50808	0.528033	0.503805	0.00652089	0.513352	0.514228
N0.HOG0000695	0.264212	0.589155	0.0890604	0.0206842	0.524313	0.0364718	0.537689	0.505035	0.505035	0.505328	0.505328	0.509074	2.87731e-05	0.052391	0.534923	0.69156	0.69156	N/A	0.557342	0.569477	0.557656	0.53607	0.522253	0.51659	0.565956	0.549305	0.0428152	0.515964	0.0806194	0.503805	0.525416	0.513352	0.527851
N0.HOG0000703	0.0538164	0.0713534	0.531113	0.539708	0.524313	0.0364718	0.519406	0.505035	0.00252362	0.510571	0.0158561	0.517901	0.524327	0.517942	0.0090498	0.0601581	0.614679	N/A	0.530008	0.536738	0.53018	0.518548	0.00569069	0.51659	0.53477	0.525629	0.514588	0.50808	0.0142073	0.507567	0.512959	0.506744	0.514228
N0.HOG0000705	0.602993	0.547972	0.531113	0.0103418	0.512386	0.512386	0.519406	0.505035	0.505035	0.510571	0.0158561	0.517901	0.524327	0.517942	0.0090498	0.614679	0.0601581	N/A	0.530008	0.536738	0.53018	0.518548	0.511318	0.508401	0.53477	0.525629	0.514588	0.50808	0.0142073	0.507567	0.512959	0.506744	0.514228
N0.HOG0000708	0.0538164	0.0713534	0.531113	0.5	0.5	0.5	0.5	0.5	0.5	0.5	0.5	0.5	0.524327	0.5	0.5	0.16829	0.00010961	N/A	0.530008	0.536738	0.53018	0.518548	0.0169447	0.5	0.53477	0.038275	0.5	0.50808	0.0418476	0.5	0.512959	0.0101049	0.514228
N0.HOG0000709	0.67535	0.589155	0.531113	0.520478	0.512386	0.00623076	0.537689	0.505035	0.505035	0.505328	0.00267097	0.509074	0.546894	0.534923	0.534923	0.69156	0.69156	N/A	0.557342	0.569477	0.557656	0.0541122	0.511318	0.508401	0.565956	0.549305	0.0428152	0.515964	0.0806194	0.503805	0.525416	0.513352	0.527851
N0.HOG0000711	0.264212	0.00580439	0.531113	0.0306106	0.00623076	0.512386	0.537689	0.505035	0.505035	0.505328	0.505328	0.509074	0.0246168	0.052391	0.534923	0.69156	0.69156	N/A	0.557342	0.569477	0.557656	0.0541122	0.511318	0.508401	0.565956	0.549305	0.0428152	0.515964	0.0806194	0.503805	0.525416	0.513352	0.527851
N0.HOG0000722	0.602993	5.93366e-05	0.531113	0.520478	0.00623076	0.512386	0.519406	0.505035	0.505035	0.505328	0.505328	0.00455726	0.524327	0.517942	0.0090498	0.0601581	0.614679	N/A	0.530008	0.536738	0.53018	0.518548	0.511318	0.508401	0.53477	0.525629	0.514588	0.50808	0.528033	0.503805	0.512959	0.506744	0.514228
N0.HOG0000728	0.67535	0.547972	0.531113	0.520478	0.00623076	0.512386	0.537689	0.0149901	0.509993	0.510571	0.0158561	0.517901	0.546894	0.534923	0.000186487	0.69156	0.12093	N/A	0.557342	0.569477	0.0865123	0.518548	0.511318	0.508401	0.565956	0.549305	0.528541	0.515964	0.553731	0.507567	0.525416	0.513352	0.527851
N0.HOG0000732	0.602993	0.0713534	0.531113	0.5	0.5	0.5	0.5	0.5	0.5	0.5	0.5	0.5	0.546894	0.0180999	0.052391	0.12093	0.69156	N/A	0.530008	0.536738	0.53018	0.518548	0.0169447	0.5	0.53477	0.038275	0.5	0.50808	0.0418476	0.5	0.00652089	0.513352	0.00716376
N0.HOG0000733	0.151523	0.624611	0.128282	0.557772	0.0186877	0.0538193	0.00979517	0.505035	0.505035	0.505328	0.505328	0.509074	0.0123078	0.517942	0.517942	0.614679	0.614679	N/A	0.530008	0.536738	0.000469269	0.55263	0.53282	0.524574	0.53477	0.525629	0.514588	0.50808	0.528033	0.503805	0.512959	0.506744	0.514228
N0.HOG0000735	0.151523	0.0713534	0.0157906	0.520478	0.00623076	0.0185398	0.00979517	0.505035	0.505035	0.505328	0.505328	0.509074	0.546894	0.534923	0.052391	0.614679	0.0601581	N/A	0.530008	0.536738	0.53018	0.518548	0.511318	0.508401	0.53477	0.525629	0.514588	0.50808	0.528033	0.503805	0.00652089	0.513352	0.514228
N0.HOG0000738	0.602993	0.0713534	0.559353	0.539708	0.524313	0.524313	0.519406	0.509993	0.509993	0.510571	0.510571	0.517901	0.524327	0.517942	0.0090498	0.0601581	0.614679	N/A	0.530008	0.536738	0.53018	0.00935839	0.522253	0.51659	0.53477	0.525629	0.00734658	0.50808	0.0142073	0.507567	0.512959	0.506744	0.514228
N0.HOG0000740	0.108024	0.000220151	0.0890604	0.05957	0.524313	0.524313	0.00979517	0.505035	0.505035	0.505328	0.505328	0.509074	0.524327	0.517942	0.0090498	0.12093	0.288995	N/A	0.557342	0.569477	0.557656	0.53607	0.522253	0.51659	0.0989778	0.525629	0.514588	0.50808	0.528033	0.503805	0.512959	0.506744	0.527851
N0.HOG0000742	0.108024	2.54344e-09	0.0464199	0.520478	0.5	0.5	0.5	0.5	0.5	0.5	0.5	0.5	0.5	0.5	0.5	0.69156	0.69156	N/A	0.557342	0.569477	0.557656	0.0541122	0.511318	0.0125831	0.000787241	0.5	0.5	0.5	0.5	0.5	0.5	0.5	0.527851
N0.HOG0000744	0.0538164	0.0713534	0.531113	0.0103418	0.512386	0.512386	0.537689	0.00504724	0.509993	0.510571	0.00534195	0.517901	0.546894	5.66015e-09	0.534923	0.614679	0.614679	N/A	0.530008	0.536738	0.53018	0.518548	0.511318	0.508401	0.0176761	0.549305	0.528541	0.515964	0.553731	0.507567	0.525416	0.513352	0.514228
N0.HOG0000747	0.151523	0.5	0.5	0.5	0.5	0.5	0.519406	0.5	0.5	0.5	0.5	0.5	0.5	0.5	0.5	0.614679	0.16829	N/A	0.530008	0.536738	0.0450356	0.5	0.5	0.5	0.53477	0.525629	0.0218285	0.0121031	0.5	0.5	0.5	0.5	0.514228
N0.HOG0000761	0.602993	0.0245313	0.531113	0.520478	0.0124616	0.524313	3.76209e-06	0.505035	0.505035	0.505328	0.505328	0.509074	0.0246168	0.534923	0.0180999	0.0601581	0.614679	N/A	0.530008	0.536738	0.53018	0.518548	0.511318	0.00421777	0.53477	0.525629	0.514588	0.50808	0.528033	0.503805	0.00652089	0.513352	0.514228
N0.HOG0000762	0.602993	0.0245313	0.531113	0.520478	0.00623076	0.512386	0.519406	0.505035	0.505035	0.505328	0.505328	4.15407e-05	0.524327	0.517942	0.000163851	0.614679	0.614679	N/A	0.530008	0.536738	0.53018	0.518548	0.511318	0.508401	0.53477	0.525629	0.514588	0.50808	0.528033	0.503805	0.512959	0.506744	0.514228
N0.HOG0000763	0.67535	0.0490795	0.0890604	0.05957	0.524313	0.524313	0.537689	0.0149901	0.509993	0.00267097	0.505328	0.509074	0.546894	0.534923	0.534923	0.69156	0.69156	N/A	0.557342	0.569477	0.557656	0.53607	0.522253	0.51659	0.565956	0.549305	0.528541	0.515964	0.0806194	0.503805	0.525416	0.513352	0.527851
N0.HOG0000765	0.602993	0.00580439	0.0890604	0.539708	0.0124616	0.524313	0.537689	0.505035	0.505035	0.505328	0.505328	0.509074	0.546894	0.534923	0.052391	0.614679	0.614679	N/A	0.530008	0.018693	0.557656	0.53607	0.522253	0.51659	0.565956	0.549305	0.0428152	0.515964	0.0806194	0.503805	0.525416	0.513352	0.514228
N0.HOG0000766	0.151523	0.547972	0.531113	0.0306106	0.512386	0.512386	0.5	0.5	0.5	0.5	0.5	0.5	0.0363393	0.0268305	0.517942	0.614679	0.16829	N/A	0.530008	0.536738	0.53018	0.518548	0.511318	0.508401	0.53477	0.038275	0.5	0.50808	0.0418476	0.5	0.512959	0.506744	0.514228
N0.HOG0000768	0.67535	0.0490795	0.559353	0.05957	0.0124616	0.524313	0.0195908	0.0149901	0.509993	0.505328	0.505328	0.509074	0.546894	0.517942	0.517942	0.69156	0.288995	N/A	0.557342	0.569477	0.557656	0.53607	0.522253	0.51659	0.565956	0.549305	0.528541	0.515964	0.0806194	0.503805	0.525416	0.0200288	0.527851
N0.HOG0000769	0.602993	0.0490795	0.559353	0.05957	0.524313	0.524313	0.537689	0.509993	0.509993	0.505328	0.505328	0.517901	0.546894	0.5	0.5	0.0601581	0.16829	N/A	0.530008	0.018693	0.557656	0.53607	0.522253	0.51659	0.565956	0.549305	0.528541	0.515964	0.553731	0.0113511	0.525416	2.41136e-05	0.514228
N0.HOG0000770	0.151523	2.55765e-05	0.000366231	0.61987	3.03765e-06	0.577707	0.537689	0.509993	0.509993	0.510571	0.0158561	0.517901	0.0703554	0.534923	0.534923	0.614679	0.16829	N/A	0.530008	0.018693	2.09741e-06	0.597103	0.0340755	0.554571	0.565956	0.549305	0.528541	0.515964	0.553731	0.507567	0.525416	0.513352	0.514228
N0.HOG0000771	0.0269934	0.0490795	0.0315842	0.05957	0.0364718	0.524313	0.0195908	0.505035	0.505035	0.505328	0.505328	0.509074	0.0703554	0.534923	0.534923	0.69156	0.69156	N/A	0.557342	0.569477	0.557656	0.53607	0.522253	0.51659	0.565956	0.549305	0.0428152	0.515964	0.0806194	0.503805	0.525416	0.513352	0.527851
N0.HOG0000772	0.602993	0.547972	0.531113	0.520478	0.00623076	0.512386	0.00979517	0.505035	0.505035	0.505328	0.505328	0.509074	0.0123078	0.517942	0.517942	0.0601581	0.16829	N/A	0.530008	0.536738	0.53018	0.518548	0.511318	0.508401	0.53477	0.525629	0.514588	0.50808	0.528033	0.503805	0.512959	0.506744	0.514228
N0.HOG0000774	0.602993	0.00120648	0.531113	0.520478	9.67871e-07	0.512386	0.519406	0.505035	0.505035	0.505328	0.505328	0.509074	0.524327	0.534923	0.0180999	0.614679	0.0601581	N/A	0.530008	0.536738	0.53018	0.518548	0.511318	0.508401	0.53477	0.525629	0.514588	0.50808	0.528033	0.503805	0.512959	0.00338341	0.514228
N0.HOG0000779	1.16164e-10	0.547972	0.531113	0.520478	0.512386	0.512386	0.519406	0.505035	0.505035	0.505328	0.505328	0.509074	0.524327	0.517942	0.517942	0.614679	0.614679	N/A	0.530008	0.536738	0.53018	0.518548	0.511318	0.508401	0.53477	0.525629	0.514588	0.50808	0.528033	0.503805	0.512959	0.506744	0.514228
N0.HOG0000780	0.602993	0.547972	0.559353	0.539708	0.0364718	0.524313	0.519406	0.509993	0.509993	0.510571	0.510571	0.517901	0.524327	0.517942	0.0090498	0.614679	0.614679	N/A	0.530008	0.536738	0.53018	0.00935839	0.522253	0.51659	0.53477	0.525629	0.00734658	0.50808	0.0142073	0.507567	0.512959	0.506744	0.514228
N0.HOG0000785	0.602993	0.547972	0.0157906	0.0306106	0.512386	0.512386	0.519406	0.505035	0.505035	0.505328	0.505328	0.509074	0.546894	0.534923	0.052391	0.614679	0.00734762	N/A	0.530008	0.536738	0.53018	0.518548	0.511318	0.508401	0.53477	0.525629	0.514588	0.50808	0.528033	0.503805	0.00652089	0.513352	0.514228
N0.HOG0000787	0.602993	0.0245313	0.531113	0.520478	0.524313	0.0124616	0.00979517	0.505035	0.505035	0.505328	0.505328	0.509074	0.0123078	0.517942	0.517942	0.614679	0.614679	N/A	0.530008	0.536738	0.53018	0.518548	0.511318	0.00421777	0.53477	0.525629	0.514588	0.50808	0.528033	0.503805	0.512959	0.506744	0.514228
N0.HOG0000788	0.151523	0.547972	0.0464199	0.0306106	0.512386	0.0185398	0.519406	0.5	0.5	0.5	0.5	0.5	0.5	0.5	0.5	0.614679	0.16829	N/A	0.530008	0.536738	0.53018	0.518548	0.511318	0.508401	0.53477	0.525629	0.0218285	0.0121031	0.5	0.5	0.5	0.5	0.514228
N0.HOG0000790	0.602993	5.93366e-05	0.531113	0.520478	0.000384449	0.524313	0.00979517	0.505035	0.505035	0.505328	0.505328	0.509074	0.546894	0.534923	0.534923	0.614679	0.614679	N/A	0.530008	0.536738	0.53018	0.518548	0.511318	0.00421777	0.53477	0.525629	0.514588	0.50808	0.528033	0.503805	0.00652089	0.513352	0.514228
N0.HOG0000791	0.67535	0.589155	0.531113	0.520478	0.00623076	0.512386	0.0195908	0.505035	0.505035	0.505328	0.505328	0.509074	0.0703554	0.534923	0.534923	0.69156	0.69156	N/A	0.557342	0.569477	0.557656	0.0541122	0.511318	0.508401	0.565956	0.549305	0.0428152	0.515964	0.0806194	0.503805	0.525416	0.513352	0.527851
N0.HOG0000792	0.67535	0.00580439	0.0315842	0.05957	0.0124616	8.51512e-05	0.537689	0.505035	0.505035	0.510571	0.510571	0.0268526	0.524327	0.517942	0.0268305	0.614679	0.614679	N/A	0.0152221	0.569477	0.557656	0.53607	0.522253	0.51659	0.565956	0.549305	0.0428152	0.515964	0.553731	0.507567	0.0381266	0.506744	0.514228
N0.HOG0000794	0.602993	0.0713534	0.531113	0.0103418	0.0185398	0.512386	0.537689	0.509993	0.509993	0.510571	0.510571	0.517901	0.524327	0.517942	0.517942	0.614679	0.614679	N/A	0.530008	0.536738	0.53018	0.518548	0.511318	0.508401	0.0176761	0.549305	0.528541	0.515964	0.553731	0.507567	0.0381266	0.506744	0.514228
N0.HOG0000795	0.151523	0.547972	0.531113	0.0103418	0.512386	0.512386	0.519406	0.505035	0.505035	0.505328	0.00798461	0.509074	0.5	0.5	0.5	0.16829	0.614679	N/A	0.530008	0.536738	0.53018	0.518548	0.511318	0.508401	0.53477	0.525629	0.514588	0.50808	0.528033	0.503805	0.0193959	0.5	0.514228
N0.HOG0000796	0.67535	0.00580439	0.531113	0.520478	0.00623076	0.512386	0.537689	0.505035	0.505035	0.505328	0.505328	0.509074	0.546894	0.534923	0.0180999	0.69156	0.69156	N/A	0.557342	0.569477	0.557656	0.0541122	0.511318	0.508401	0.565956	0.549305	0.0428152	0.515964	0.0806194	0.503805	0.525416	0.513352	0.527851
N0.HOG0000800	0.602993	0.547972	0.0464199	0.0306106	0.512386	0.512386	0.519406	0.5	0.5	0.5	0.5	0.5	0.524327	0.517942	0.517942	0.614679	0.614679	N/A	0.530008	0.536738	0.53018	0.518548	0.511318	0.508401	0.53477	0.525629	0.0218285	0.50808	0.0418476	0.5	0.512959	0.506744	0.514228
N0.HOG0000803	0.602993	0.547972	0.559353	0.539708	0.0364718	0.524313	0.519406	0.509993	0.509993	0.510571	0.510571	0.517901	0.524327	0.0090498	0.517942	0.0601581	0.614679	N/A	0.530008	0.536738	0.53018	0.00935839	0.522253	0.51659	0.53477	0.525629	0.00734658	0.50808	0.0142073	0.507567	0.512959	0.506744	0.514228
N0.HOG0000806	0.602993	0.0713534	0.531113	0.520478	0.512386	0.00623076	0.519406	0.5	0.5	0.5	0.5	0.5	0.524327	0.517942	0.517942	0.614679	0.16829	N/A	0.530008	0.536738	0.53018	0.518548	0.511318	0.508401	0.53477	0.525629	0.0218285	0.50808	0.0418476	0.5	0.512959	0.506744	0.514228
N0.HOG0000808	0.151523	0.547972	0.0464199	0.0306106	0.512386	0.0185398	0.0195908	0.505035	0.505035	0.505328	0.505328	0.517901	0.546894	0.000807556	0.534923	0.0601581	0.16829	N/A	0.530008	0.536738	0.53018	0.518548	0.511318	0.508401	0.0176761	0.549305	0.0428152	0.515964	0.553731	0.0113511	0.525416	0.513352	0.514228
N0.HOG0000809	0.264212	0.589155	0.531113	0.520478	7.76568e-05	0.512386	0.537689	0.505035	0.505035	0.505328	0.505328	0.509074	0.546894	0.534923	0.534923	0.69156	0.69156	N/A	0.557342	0.569477	0.557656	0.0541122	0.511318	0.508401	0.565956	0.549305	0.0428152	0.515964	0.0806194	0.503805	0.525416	0.513352	0.527851
N0.HOG0000811	0.151523	0.0713534	0.531113	0.520478	0.5	0.5	0.0290127	0.505035	0.505035	0.00798461	0.505328	0.509074	0.5	0.5	0.5	0.16829	0.614679	N/A	0.530008	0.536738	0.53018	0.518548	0.511318	0.0125831	0.53477	0.525629	0.514588	0.50808	0.528033	0.503805	0.0193959	0.5	0.514228
N0.HOG0000813	0.602993	0.00120648	0.531113	0.520478	7.76568e-05	0.512386	0.000191964	0.505035	0.505035	0.505328	0.505328	0.509074	0.524327	0.0090498	0.517942	0.0601581	0.614679	N/A	0.530008	0.536738	0.53018	0.518548	0.511318	0.508401	0.53477	0.525629	0.514588	0.50808	0.528033	0.503805	0.512959	0.506744	0.514228
N0.HOG0000814	0.602993	0.589155	0.0890604	0.539708	0.524313	0.524313	0.0391116	0.0295826	0.519688	0.525804	0.525804	0.534847	0.0490973	0.551002	0.551002	0.614679	0.614679	N/A	0.530008	0.018693	0.557656	0.53607	0.522253	0.51659	0.00304223	0.591441	0.554663	0.531168	0.598964	0.00762462	0.548911	0.0393486	0.514228
N0.HOG0000815	0.602993	0.589155	0.559353	0.05957	0.524313	0.0364718	0.0565414	0.509993	0.509993	0.510571	0.510571	0.517901	0.524327	0.517942	0.517942	0.16829	0.614679	N/A	0.530008	0.018693	0.557656	0.53607	0.522253	0.51659	0.565956	0.549305	0.528541	0.515964	0.553731	0.507567	0.0381266	0.506744	0.514228
N0.HOG0000817	0.151523	0.547972	0.531113	0.539708	0.524313	0.0364718	0.537689	0.509993	0.509993	0.510571	0.0158561	0.517901	0.0703554	0.534923	0.052391	0.16829	0.614679	N/A	0.530008	0.536738	0.53018	0.518548	0.00569069	0.51659	0.0176761	0.549305	0.528541	0.515964	0.553731	0.507567	0.525416	0.513352	0.514228
N0.HOG0000820	0.0538164	0.0245313	0.531113	0.520478	0.00623076	0.512386	0.00979517	0.505035	0.505035	0.505328	0.505328	0.509074	0.0123078	0.517942	0.517942	0.614679	0.000897425	N/A	0.530008	0.536738	0.53018	0.518548	0.511318	0.508401	0.53477	0.525629	0.514588	0.50808	0.528033	0.503805	0.512959	0.506744	0.514228
N0.HOG0000826	0.67535	1.34656e-05	0.531113	0.520478	7.76568e-05	0.512386	0.519406	0.505035	0.505035	0.505328	0.505328	0.509074	0.524327	0.517942	0.0090498	0.69156	0.69156	N/A	0.557342	0.569477	0.557656	0.0541122	0.511318	0.508401	0.0989778	0.525629	0.514588	0.50808	0.528033	0.503805	0.512959	0.506744	0.527851
N0.HOG0000832	0.602993	0.0713534	1.57807e-05	0.5	0.5	0.5	0.5	0.5	0.5	0.5	0.5	0.5	0.5	0.5	0.5	0.16829	0.614679	N/A	0.530008	0.536738	0.53018	0.518548	0.0169447	0.5	0.0518419	0.5	0.5	0.5	0.5	0.5	0.5	0.5	0.514228
N0.HOG0000834	0.67535	0.00580439	0.0890604	0.05957	0.000907078	0.535801	0.537689	0.505035	0.505035	0.505328	0.505328	0.509074	0.546894	0.534923	0.534923	0.614679	0.614679	N/A	0.0152221	0.569477	0.557656	0.53607	0.522253	0.00843556	0.565956	0.549305	0.0428152	0.515964	0.0806194	0.503805	0.525416	0.513352	0.514228
N0.HOG0000836	0.264212	0.00580439	0.0890604	0.539708	0.0124616	0.0364718	0.537689	0.509993	0.509993	0.505328	0.505328	0.509074	0.546894	0.534923	0.052391	0.12093	0.288995	N/A	0.557342	0.569477	0.557656	0.53607	0.522253	0.51659	0.565956	0.549305	0.528541	0.515964	0.0806194	0.503805	0.525416	0.513352	0.527851
N0.HOG0000841	0.602993	0.589155	0.0890604	0.539708	0.524313	0.524313	0.537689	0.509993	0.509993	0.00534195	0.510571	0.517901	0.0703554	0.534923	0.052391	0.16829	0.614679	N/A	0.530008	0.018693	0.557656	0.53607	0.522253	0.51659	0.565956	0.549305	0.528541	0.515964	0.553731	0.507567	0.525416	0.513352	0.514228
N0.HOG0000842	0.602993	0.0245313	0.0464199	0.520478	0.00623076	0.0185398	0.519406	0.505035	0.505035	0.505328	0.505328	0.509074	0.0363393	0.517942	0.517942	0.614679	0.16829	N/A	0.530008	0.536738	0.53018	0.518548	0.511318	0.508401	0.53477	0.525629	0.514588	0.50808	0.528033	0.503805	0.512959	0.506744	0.514228
N0.HOG0000843	0.151523	0.0245313	0.531113	0.0306106	0.00623076	0.512386	0.519406	0.5	0.5	0.505328	0.505328	0.509074	0.524327	0.517942	0.0268305	0.16829	0.614679	N/A	0.530008	0.536738	0.53018	0.518548	0.511318	0.508401	0.53477	0.525629	0.0218285	0.50808	0.528033	0.503805	0.512959	0.506744	0.514228
N0.HOG0000844	0.602993	0.0245313	0.531113	0.520478	0.512386	0.0185398	0.519406	0.00252362	0.505035	0.510571	0.0158561	0.517901	0.524327	0.517942	0.517942	0.614679	0.614679	N/A	0.530008	0.536738	0.53018	0.518548	0.511318	0.508401	0.53477	0.525629	0.514588	0.50808	0.0142073	0.507567	0.512959	0.506744	0.514228
N0.HOG0000846	0.0538164	0.0245313	0.531113	0.520478	0.00623076	0.512386	0.000191964	0.505035	0.505035	0.505328	0.505328	0.509074	0.524327	0.517942	0.517942	0.614679	0.16829	N/A	0.530008	0.536738	0.53018	0.518548	0.511318	0.508401	0.53477	0.525629	0.514588	0.50808	0.528033	0.503805	0.512959	0.506744	0.514228
N0.HOG0000849	0.151523	0.589155	0.0890604	0.539708	0.524313	0.0364718	0.519406	0.505035	0.505035	0.505328	0.505328	0.509074	0.546894	0.534923	0.052391	0.614679	0.16829	N/A	0.530008	0.536738	0.0153106	0.53607	0.522253	0.51659	0.53477	0.525629	0.514588	0.50808	0.528033	0.503805	0.00652089	0.513352	0.514228
N0.HOG0000850	0.602993	0.00120648	0.531113	0.520478	7.76568e-05	0.512386	0.519406	0.505035	0.505035	0.505328	0.505328	0.509074	0.524327	0.517942	0.517942	0.614679	0.614679	N/A	0.530008	0.536738	0.53018	0.518548	0.511318	0.508401	0.53477	0.525629	0.514588	0.50808	0.528033	0.503805	0.512959	0.506744	0.514228
N0.HOG0000851	0.108024	0.547972	0.531113	0.520478	0.512386	0.512386	0.537689	0.505035	0.505035	0.505328	0.505328	0.509074	0.546894	0.000807556	0.052391	0.288995	0.12093	N/A	0.557342	0.569477	0.0865123	0.518548	0.511318	0.508401	0.565956	0.549305	0.0428152	0.515964	0.0806194	0.503805	0.525416	0.513352	0.527851
N0.HOG0000854	0.151523	0.547972	0.531113	0.520478	0.0185398	0.512386	0.537689	0.509993	0.509993	0.505328	0.505328	0.517901	0.0703554	0.534923	0.534923	0.69156	0.69156	N/A	0.530008	0.536738	0.53018	0.518548	0.511318	0.508401	0.0176761	0.549305	0.528541	0.515964	0.553731	0.0113511	0.525416	0.513352	0.00716376
N0.HOG0000857	0.0538164	5.93366e-05	0.531113	0.520478	7.76568e-05	0.512386	0.519406	0.505035	0.505035	0.505328	0.505328	0.509074	0.524327	0.517942	2.96662e-06	0.614679	0.614679	N/A	0.530008	0.536738	0.53018	0.518548	0.511318	0.508401	0.53477	0.525629	0.514588	0.50808	0.528033	0.503805	0.512959	0.506744	0.514228
N0.HOG0000858	0.602993	0.589155	0.559353	0.557772	0.535801	0.535801	0.537689	0.509993	0.0149901	0.51573	0.51573	0.52649	0.587298	0.566232	0.566232	0.614679	0.16829	N/A	0.530008	0.018693	0.557656	0.53607	0.0113814	0.524574	0.565956	0.549305	0.528541	0.00811211	0.57731	0.511287	0.0195575	0.526172	0.514228
N0.HOG0000859	0.67535	0.589155	0.0890604	0.539708	0.0124616	0.0364718	0.519406	0.505035	0.505035	0.505328	0.505328	0.509074	0.546894	0.052391	0.534923	0.69156	0.69156	N/A	0.557342	0.569477	0.557656	0.53607	0.522253	0.51659	0.565956	0.0739742	0.514588	0.515964	0.0806194	0.503805	0.525416	0.513352	0.527851
N0.HOG0000862	0.151523	0.547972	0.531113	0.520478	0.512386	0.512386	0.519406	0.505035	0.505035	0.505328	0.00798461	0.0135898	0.0363393	0.0268305	0.517942	0.614679	0.614679	N/A	0.530008	0.536738	0.53018	0.518548	0.511318	0.508401	0.53477	0.525629	0.514588	0.50808	0.528033	0.503805	0.512959	0.506744	0.514228
N0.HOG0000863	0.151523	0.547972	0.0464199	0.0306106	0.512386	0.0185398	0.5	0.5	0.5	0.5	0.5	0.5	0.524327	0.517942	0.517942	0.614679	0.16829	N/A	0.530008	0.536738	0.53018	0.518548	0.511318	0.508401	0.53477	0.038275	0.5	0.50808	0.0418476	0.5	0.512959	0.506744	0.514228
N0.HOG0000865	0.602993	0.133847	0.559353	0.539708	0.0364718	0.524313	0.537689	0.509993	0.509993	0.510571	0.0158561	0.517901	0.524327	0.517942	0.517942	0.614679	0.614679	N/A	0.530008	0.018693	0.557656	0.53607	0.522253	0.51659	0.565956	0.549305	0.528541	0.515964	0.553731	0.507567	0.0381266	0.506744	0.514228
N0.HOG0000867	0.67535	0.547972	0.531113	0.520478	0.512386	0.512386	0.000191964	0.505035	0.505035	0.5	0.5	0.509074	0.0123078	0.517942	0.517942	0.69156	0.69156	N/A	0.557342	0.104267	0.53018	0.518548	0.511318	0.508401	0.53477	0.525629	0.514588	0.50808	0.528033	0.00570442	0.512959	0.506744	0.527851
N0.HOG0000872	0.602993	0.0713534	0.0464199	0.0306106	0.512386	0.0185398	0.5	0.5	0.5	0.5	0.5	0.5	0.524327	0.0268305	0.517942	0.614679	0.16829	N/A	0.530008	0.536738	0.53018	0.518548	0.511318	0.508401	0.53477	0.038275	0.5	0.50808	0.0418476	0.5	0.512959	0.506744	0.514228
N0.HOG0000881	0.602993	0.0490795	0.0890604	0.539708	0.524313	0.0364718	0.0565414	0.509993	0.0149901	0.510571	0.510571	0.517901	0.546894	0.534923	0.0180999	0.614679	0.614679	N/A	0.530008	0.018693	0.557656	0.53607	0.522253	0.51659	0.565956	0.549305	0.528541	0.515964	0.553731	0.507567	0.525416	0.513352	0.514228
N0.HOG0000882	0.602993	5.93366e-05	0.531113	0.520478	0.00623076	0.512386	0.537689	0.00504724	0.0149901	0.505328	0.505328	0.509074	0.524327	0.517942	0.517942	0.614679	0.00010961	N/A	0.530008	0.536738	0.53018	0.518548	0.511318	0.508401	0.53477	0.0129743	0.528541	0.50808	0.528033	0.503805	0.512959	0.506744	0.514228
N0.HOG0000883	0.67535	0.547972	0.531113	0.520478	0.512386	0.0185398	0.537689	0.505035	0.505035	0.510571	0.0158561	0.517901	0.0703554	0.534923	0.534923	0.69156	0.69156	N/A	0.557342	0.569477	0.0865123	0.518548	0.511318	0.508401	0.565956	0.549305	0.0428152	0.515964	0.553731	0.507567	0.525416	0.513352	0.527851
N0.HOG0000884	0.151523	0.547972	0.0157906	0.520478	0.512386	0.512386	0.519406	0.509993	0.509993	0.510571	0.510571	0.517901	0.524327	0.517942	0.0268305	0.16829	0.614679	N/A	0.530008	0.536738	0.53018	0.518548	0.511318	0.508401	0.53477	0.525629	0.00734658	0.50808	0.0142073	0.507567	0.512959	0.506744	0.514228
N0.HOG0000886	0.67535	0.0490795	0.531113	0.520478	0.00623076	0.512386	0.519406	0.505035	0.505035	0.505328	0.505328	0.509074	0.546894	0.534923	0.052391	0.69156	0.69156	N/A	0.557342	0.569477	0.557656	0.0541122	0.511318	0.508401	0.565956	0.0739742	0.514588	0.515964	0.0806194	0.503805	0.525416	0.513352	0.527851
N0.HOG0000888	0.0538164	0.00120648	0.531113	0.520478	0.00623076	0.512386	0.00979517	0.505035	0.505035	0.505328	0.505328	0.509074	0.524327	0.0180999	0.534923	0.0601581	0.16829	N/A	0.530008	0.536738	0.53018	0.518548	0.511318	0.508401	0.53477	0.525629	0.514588	0.50808	0.528033	0.503805	0.512959	0.00338341	0.514228
N0.HOG0000889	0.67535	0.00580439	0.531113	0.520478	7.76568e-05	0.512386	0.537689	0.505035	0.505035	0.505328	0.505328	0.509074	0.0246168	0.0180999	0.052391	0.288995	0.69156	N/A	0.557342	0.569477	0.557656	0.0541122	0.511318	0.508401	0.565956	0.549305	0.0428152	0.515964	0.0806194	0.503805	0.525416	0.513352	0.527851
N0.HOG0000894	0.602993	0.00580439	0.0890604	0.539708	0.000384449	0.0364718	0.537689	0.505035	0.505035	0.505328	0.505328	0.517901	0.546894	0.534923	0.534923	0.0601581	0.614679	N/A	0.530008	0.018693	0.557656	0.53607	0.522253	0.51659	0.565956	0.549305	0.0428152	0.515964	0.553731	0.0113511	0.525416	0.513352	0.514228
N0.HOG0000895	0.602993	0.589155	0.0890604	0.539708	0.0124616	0.0364718	0.537689	0.505035	0.505035	0.505328	0.505328	0.509074	0.546894	0.052391	0.534923	0.614679	0.0601581	N/A	0.530008	0.018693	0.557656	0.53607	0.522253	0.51659	0.565956	0.549305	0.0428152	0.515964	0.0806194	0.503805	0.525416	0.513352	0.514228
N0.HOG0000898	0.602993	0.00580439	0.559353	0.05957	0.0124616	0.524313	0.519406	0.505035	0.505035	0.505328	0.505328	0.509074	0.0123078	0.517942	0.517942	0.614679	0.0601581	N/A	0.530008	0.536738	0.0153106	0.53607	0.522253	0.51659	0.53477	0.525629	0.514588	0.50808	0.528033	0.503805	0.512959	0.506744	0.514228
N0.HOG0000899	0.602993	0.0245313	0.531113	0.520478	0.512386	0.512386	0.000191964	0.505035	0.505035	0.505328	0.505328	0.509074	0.0246168	0.0180999	0.534923	0.16829	0.614679	N/A	0.530008	0.536738	0.53018	0.518548	0.511318	0.508401	0.53477	0.525629	0.514588	0.50808	0.528033	0.503805	0.00652089	0.513352	0.514228
N0.HOG0000900	0.67535	0.0245313	0.531113	0.520478	0.00623076	0.512386	0.519406	0.505035	0.505035	0.505328	0.505328	0.509074	0.524327	0.000163851	0.517942	0.69156	0.69156	N/A	0.557342	0.104267	0.53018	0.518548	0.511318	0.508401	0.53477	0.525629	0.514588	0.50808	0.528033	0.503805	0.512959	0.506744	0.527851
N0.HOG0000901	0.602993	0.589155	0.559353	0.05957	0.524313	0.524313	0.537689	0.0149901	0.509993	0.0158561	0.510571	0.517901	0.524327	0.517942	0.517942	0.16829	0.614679	N/A	0.530008	0.018693	0.557656	0.53607	0.522253	0.51659	0.565956	0.549305	0.528541	0.515964	0.553731	0.507567	0.0381266	0.506744	0.514228
N0.HOG0000906	0.67535	0.0490795	0.531113	0.520478	7.76568e-05	0.0185398	0.0195908	0.505035	0.505035	0.505328	0.505328	0.509074	0.0246168	0.534923	0.534923	0.288995	0.69156	N/A	0.557342	0.569477	0.557656	0.0541122	0.511318	0.508401	0.565956	0.549305	0.0428152	0.515964	0.0806194	0.503805	0.525416	0.513352	0.527851
N0.HOG0000909	0.264212	0.0490795	0.531113	0.520478	7.76568e-05	0.512386	0.537689	0.505035	0.505035	0.505328	0.505328	0.509074	0.546894	0.052391	0.0180999	0.69156	0.69156	N/A	0.557342	0.569477	0.557656	0.0541122	0.511318	0.508401	0.565956	0.549305	0.0428152	0.515964	0.0806194	0.503805	0.525416	0.513352	0.527851
N0.HOG0000911	0.602993	0.0245313	0.531113	0.520478	0.00623076	0.512386	0.00979517	0.505035	0.505035	0.505328	0.505328	0.509074	0.0123078	0.517942	0.517942	0.614679	0.614679	N/A	0.530008	0.536738	0.53018	0.518548	0.511318	0.508401	0.53477	0.525629	0.514588	0.50808	0.528033	0.503805	0.512959	0.506744	0.514228
N0.HOG0000914	0.602993	0.547972	0.531113	0.520478	0.00623076	0.512386	0.00979517	0.505035	0.505035	0.505328	0.505328	0.00455726	0.524327	0.517942	0.517942	0.614679	0.614679	N/A	0.530008	0.536738	0.53018	0.518548	0.511318	0.508401	0.53477	0.525629	0.514588	0.50808	0.528033	0.503805	0.512959	0.506744	0.514228
N0.HOG0000920	0.602993	0.589155	0.0890604	0.539708	0.524313	0.0364718	0.519406	0.00252362	0.505035	0.510571	0.510571	0.517901	0.524327	0.517942	0.0090498	0.614679	0.614679	N/A	0.530008	0.536738	0.0153106	0.53607	0.522253	0.51659	0.53477	0.525629	0.514588	0.50808	0.0142073	0.507567	0.512959	0.506744	0.514228
N0.HOG0000922	0.602993	0.589155	0.0890604	0.539708	0.524313	0.0124616	0.519406	0.505035	0.505035	0.505328	0.505328	0.509074	0.00030315	0.517942	0.517942	0.614679	0.614679	N/A	0.530008	0.536738	0.0153106	0.53607	0.522253	0.51659	0.53477	0.525629	0.514588	0.50808	0.528033	0.503805	0.512959	0.506744	0.514228
N0.HOG0000928	0.602993	0.547972	0.531113	0.520478	0.512386	0.512386	0.519406	0.505035	0.505035	0.510571	0.510571	0.517901	0.524327	0.517942	2.96662e-06	0.614679	0.00734762	N/A	0.530008	0.536738	0.53018	0.518548	0.511318	0.508401	0.53477	0.525629	0.514588	0.50808	0.0142073	0.507567	0.512959	0.506744	0.514228
N0.HOG0000930	0.602993	5.93366e-05	0.531113	0.0306106	0.512386	0.512386	0.519406	0.505035	0.505035	0.505328	0.505328	0.509074	0.524327	0.0090498	0.517942	0.614679	0.614679	N/A	0.530008	0.536738	0.53018	0.518548	0.511318	0.508401	0.53477	0.525629	0.514588	0.50808	0.528033	0.503805	0.512959	0.506744	0.514228
N0.HOG0000932	0.67535	0.00580439	0.0890604	0.539708	0.524313	0.0364718	0.00979517	0.505035	0.505035	0.505328	0.505328	0.509074	0.524327	0.517942	2.96662e-06	0.69156	0.288995	N/A	0.557342	0.569477	0.557656	0.53607	0.522253	0.51659	0.0989778	0.525629	0.514588	0.50808	0.528033	0.503805	0.512959	0.506744	0.527851
N0.HOG0000933	0.602993	0.00120648	0.531113	0.520478	0.00623076	0.512386	0.519406	0.505035	0.505035	0.505328	0.505328	0.509074	0.524327	0.0090498	0.517942	0.614679	0.614679	N/A	0.530008	0.536738	0.53018	0.518548	0.511318	0.508401	0.53477	0.525629	0.514588	0.50808	0.528033	0.503805	0.512959	0.506744	0.514228
N0.HOG0000934	0.602993	0.547972	0.0157906	0.520478	0.512386	0.00623076	0.00979517	0.505035	0.00754557	0.510571	0.510571	0.509074	0.524327	0.534923	0.534923	0.614679	0.614679	N/A	0.530008	0.536738	0.53018	0.518548	0.511318	0.508401	0.53477	0.525629	0.514588	0.50808	0.528033	0.00190629	0.512959	0.00338341	0.514228
N0.HOG0000935	0.602993	0.589155	0.559353	0.539708	0.000384449	0.0364718	0.000191964	0.505035	0.505035	0.505328	0.505328	0.00455726	0.524327	0.517942	0.517942	0.614679	0.614679	N/A	0.530008	0.536738	0.0153106	0.53607	0.522253	0.51659	0.53477	0.525629	0.514588	0.50808	0.528033	0.503805	0.512959	0.506744	0.514228
N0.HOG0000938	0.602993	5.93366e-05	0.531113	0.520478	0.000384449	0.524313	0.00979517	0.505035	0.505035	0.505328	0.505328	0.509074	0.524327	0.0090498	0.517942	0.614679	0.614679	N/A	0.530008	0.536738	0.53018	0.518548	0.511318	0.00421777	0.53477	0.525629	0.514588	0.50808	0.528033	0.503805	0.512959	0.506744	0.514228
N0.HOG0000939	0.602993	0.0245313	0.531113	0.520478	7.76568e-05	0.512386	0.519406	0.505035	0.505035	0.505328	0.505328	0.509074	0.0123078	0.517942	0.517942	0.69156	0.69156	N/A	0.530008	0.536738	0.53018	0.518548	0.511318	0.508401	0.53477	0.525629	0.514588	0.50808	0.528033	0.503805	0.512959	0.506744	0.00716376
N0.HOG0000941	0.0538164	0.0245313	0.531113	0.520478	9.67871e-07	0.512386	0.519406	0.505035	0.505035	0.505328	0.505328	0.509074	0.524327	0.517942	0.0268305	0.614679	0.00734762	N/A	0.530008	0.536738	0.53018	0.518548	0.511318	0.508401	0.53477	0.525629	0.514588	0.50808	0.528033	0.503805	0.512959	0.506744	0.514228
N0.HOG0000942	0.602993	0.589155	0.559353	0.05957	0.524313	0.0364718	0.519406	0.505035	0.505035	0.505328	0.00267097	0.509074	0.0123078	0.517942	0.517942	0.614679	0.0601581	N/A	0.530008	0.536738	0.0153106	0.53607	0.522253	0.51659	0.53477	0.525629	0.514588	0.50808	0.528033	0.503805	0.512959	0.506744	0.514228
N0.HOG0000944	0.151523	0.0245313	0.531113	0.520478	0.00623076	0.512386	0.519406	0.505035	0.505035	0.505328	0.505328	0.509074	0.524327	0.517942	0.0268305	0.614679	0.16829	N/A	0.530008	0.536738	0.53018	0.518548	0.511318	0.508401	0.53477	0.525629	0.514588	0.50808	0.528033	0.503805	0.512959	0.506744	0.514228
N0.HOG0000945	0.0538164	5.93366e-05	0.531113	0.520478	9.67871e-07	0.512386	0.519406	0.505035	0.505035	0.505328	0.505328	0.509074	0.0246168	0.534923	0.052391	0.614679	0.614679	N/A	0.530008	0.536738	0.53018	0.518548	0.511318	0.508401	0.53477	0.525629	0.514588	0.50808	0.528033	0.503805	0.00652089	0.513352	0.514228
N0.HOG0000947	0.151523	0.0733608	0.128282	0.557772	0.535801	0.000247474	0.0195908	0.509993	0.509993	0.00534195	0.510571	0.0268526	0.0246168	0.0180999	0.000186487	0.16829	0.614679	N/A	0.530008	0.018693	0.0306238	0.55263	0.53282	0.524574	0.565956	0.549305	0.528541	0.515964	0.553731	0.507567	0.525416	0.513352	0.514228
N0.HOG0000948	0.602993	0.00120648	0.531113	0.520478	9.67871e-07	0.512386	0.519406	0.505035	0.505035	0.505328	0.505328	0.509074	0.524327	0.517942	0.517942	0.614679	0.614679	N/A	0.530008	0.536738	0.53018	0.518548	0.511318	0.508401	0.53477	0.525629	0.514588	0.50808	0.528033	0.503805	0.512959	0.506744	0.514228
N0.HOG0000949	0.0538164	0.5	0.5	0.5	0.5	0.5	0.519406	0.505035	0.505035	0.5	0.5	0.5	0.0363393	0.517942	0.0090498	0.614679	0.00010961	N/A	0.530008	0.536738	0.0450356	0.5	0.5	0.5	0.53477	0.525629	0.514588	0.50808	0.0418476	0.5	0.512959	0.506744	0.514228
N0.HOG0000955	0.602993	0.547972	0.531113	0.539708	0.524313	0.0364718	0.537689	0.509993	0.0149901	0.510571	0.510571	0.509074	0.524327	0.517942	0.0268305	0.00296465	0.69156	N/A	0.530008	0.536738	0.53018	0.518548	0.00569069	0.51659	0.53477	0.0129743	0.528541	0.50808	0.528033	0.00190629	0.512959	0.506744	0.00716376
N0.HOG0000957	0.602993	0.589155	0.0890604	0.539708	0.524313	0.0364718	0.537689	0.505035	0.505035	0.505328	0.00267097	0.509074	0.546894	0.534923	0.052391	0.614679	0.0601581	N/A	0.530008	0.018693	0.557656	0.53607	0.522253	0.51659	0.565956	0.549305	0.0428152	0.515964	0.0806194	0.503805	0.525416	0.513352	0.514228
N0.HOG0000962	0.602993	0.0713534	0.531113	0.539708	0.524313	0.524313	0.519406	0.505035	0.505035	0.505328	0.505328	0.509074	0.524327	0.517942	0.0268305	0.614679	0.16829	N/A	0.530008	0.536738	0.53018	0.518548	0.00569069	0.51659	0.53477	0.525629	0.514588	0.50808	0.528033	0.503805	0.512959	0.506744	0.514228
N0.HOG0000964	0.602993	0.0245313	0.531113	0.520478	7.76568e-05	0.512386	0.519406	0.505035	0.505035	0.505328	0.505328	0.509074	0.0123078	0.517942	0.517942	0.614679	0.614679	N/A	0.530008	0.536738	0.53018	0.518548	0.511318	0.508401	0.53477	0.525629	0.514588	0.50808	0.528033	0.503805	0.512959	0.506744	0.514228
N0.HOG0000965	0.602993	0.547972	0.531113	0.0103418	0.512386	0.512386	0.519406	0.00252362	0.505035	0.00267097	0.505328	0.509074	0.524327	0.0090498	0.517942	0.0601581	0.614679	N/A	0.530008	0.536738	0.53018	0.518548	0.511318	0.508401	0.53477	0.525629	0.514588	0.50808	0.528033	0.503805	0.512959	0.506744	0.514228
N0.HOG0000967	0.602993	0.547972	0.531113	0.520478	1.2063e-08	0.512386	0.000191964	0.505035	0.505035	0.505328	0.505328	0.509074	0.524327	0.517942	0.517942	0.614679	0.0601581	N/A	0.530008	0.536738	0.53018	0.518548	0.511318	0.508401	0.53477	0.525629	0.514588	0.50808	0.528033	0.503805	0.512959	0.506744	0.514228
N0.HOG0000968	0.602993	0.0713534	0.531113	0.520478	0.0185398	0.512386	0.519406	0.505035	0.505035	0.510571	0.510571	0.509074	0.524327	0.0090498	0.517942	0.614679	0.614679	N/A	0.530008	0.536738	0.53018	0.518548	0.511318	0.508401	0.53477	0.525629	0.514588	0.50808	0.528033	0.00190629	0.512959	0.506744	0.514228
N0.HOG0000969	0.602993	0.00120648	0.531113	0.520478	7.76568e-05	0.512386	0.00979517	0.505035	0.505035	0.505328	0.505328	0.509074	0.524327	0.517942	0.517942	0.614679	0.614679	N/A	0.530008	0.536738	0.53018	0.518548	0.511318	0.508401	0.53477	0.525629	0.514588	0.50808	0.528033	0.503805	0.512959	0.506744	0.514228
N0.HOG0000972	0.602993	0.0713534	0.0464199	0.0306106	0.512386	0.0185398	0.519406	0.5	0.5	0.5	0.5	0.5	0.524327	0.517942	0.517942	0.614679	0.16829	N/A	0.530008	0.536738	0.53018	0.518548	0.511318	0.508401	0.53477	0.525629	0.0218285	0.50808	0.0418476	0.5	0.512959	0.506744	0.514228
N0.HOG0000981	0.0538164	0.0245313	0.531113	0.520478	7.76568e-05	0.512386	0.00979517	0.505035	0.505035	0.505328	0.505328	0.509074	0.524327	0.517942	0.517942	0.614679	0.0601581	N/A	0.530008	0.536738	0.53018	0.518548	0.511318	0.508401	0.53477	0.525629	0.514588	0.50808	0.528033	0.503805	0.512959	0.506744	0.514228
N0.HOG0000983	0.602993	2.91826e-06	0.531113	0.520478	0.00623076	0.512386	0.519406	0.505035	0.505035	0.505328	0.505328	0.509074	0.0123078	0.517942	0.517942	0.614679	0.0601581	N/A	0.530008	0.536738	0.53018	0.518548	0.511318	0.508401	0.53477	0.525629	0.514588	0.50808	0.528033	0.503805	0.512959	0.506744	0.514228
N0.HOG0000984	0.602993	0.547972	0.5	0.5	0.5	0.5	0.519406	0.5	0.5	0.5	0.5	0.5	0.0363393	0.517942	0.0090498	0.16829	0.614679	N/A	0.530008	0.536738	0.53018	0.0277344	0.5	0.5	0.53477	0.525629	0.0218285	0.50808	0.0418476	0.5	0.512959	0.506744	0.514228
N0.HOG0000992	0.151523	0.547972	0.531113	0.520478	0.512386	0.512386	3.76209e-06	0.505035	0.505035	0.505328	0.505328	0.509074	0.0246168	0.0180999	0.052391	0.614679	0.16829	N/A	0.530008	0.536738	0.53018	0.518548	0.511318	0.508401	0.53477	0.525629	0.514588	0.50808	0.528033	0.503805	0.00652089	0.513352	0.514228
N0.HOG0000993	0.602993	0.0245313	0.531113	0.520478	7.76568e-05	0.512386	0.519406	0.505035	0.505035	0.505328	0.505328	0.509074	0.524327	0.517942	0.0090498	0.16829	0.0601581	N/A	0.530008	0.536738	0.53018	0.518548	0.511318	0.508401	0.53477	0.525629	0.514588	0.50808	0.528033	0.503805	0.512959	0.506744	0.514228
N0.HOG0000995	0.0538164	0.547972	0.0157906	0.520478	0.0185398	0.00623076	0.00979517	0.505035	0.505035	0.505328	0.505328	0.509074	0.0123078	0.517942	0.517942	0.614679	0.0601581	N/A	0.530008	0.536738	0.53018	0.518548	0.511318	0.508401	0.53477	0.525629	0.514588	0.50808	0.528033	0.503805	0.512959	0.506744	0.514228
N0.HOG0000996	0.602993	0.0245313	0.531113	0.520478	0.00623076	0.512386	0.00979517	0.505035	0.505035	0.505328	0.505328	0.509074	0.0123078	0.517942	0.517942	0.614679	0.0601581	N/A	0.530008	0.536738	0.53018	0.518548	0.511318	0.508401	0.53477	0.525629	0.514588	0.50808	0.528033	0.503805	0.512959	0.506744	0.514228
N0.HOG0000998	0.602993	0.589155	0.0890604	0.539708	0.000384449	0.0364718	0.00979517	0.505035	0.505035	0.505328	0.505328	0.509074	0.524327	0.517942	0.517942	0.614679	0.614679	N/A	0.530008	0.536738	0.0153106	0.53607	0.522253	0.51659	0.53477	0.525629	0.514588	0.50808	0.528033	0.503805	0.512959	0.506744	0.514228
N0.HOG0000999	0.602993	0.547972	0.0157906	0.520478	0.512386	0.512386	0.519406	0.505035	0.505035	0.505328	0.505328	0.509074	0.0246168	0.052391	1.15462e-05	0.614679	0.614679	N/A	0.530008	0.536738	0.53018	0.518548	0.511318	0.508401	0.53477	0.525629	0.514588	0.50808	0.528033	0.503805	0.00652089	0.513352	0.514228
N0.HOG0001002	0.602993	0.0245313	0.531113	0.520478	7.76568e-05	0.512386	0.519406	0.505035	0.505035	0.00267097	0.505328	0.509074	0.546894	0.0180999	0.052391	0.614679	0.16829	N/A	0.530008	0.536738	0.53018	0.518548	0.511318	0.508401	0.53477	0.525629	0.514588	0.50808	0.528033	0.503805	0.00652089	0.513352	0.514228
N0.HOG0001004	0.602993	0.00120648	0.531113	0.520478	7.76568e-05	0.512386	0.00979517	0.505035	0.505035	0.505328	0.505328	0.509074	0.524327	0.517942	0.0090498	0.614679	0.614679	N/A	0.530008	0.536738	0.53018	0.518548	0.511318	0.508401	0.53477	0.525629	0.514588	0.50808	0.528033	0.503805	0.512959	0.506744	0.514228
N0.HOG0001009	0.602993	0.547972	0.531113	0.520478	9.67871e-07	0.512386	0.519406	0.505035	0.505035	0.505328	0.505328	0.509074	0.524327	0.517942	0.517942	0.614679	0.614679	N/A	0.530008	0.536738	0.53018	0.518548	0.511318	0.508401	0.53477	0.525629	0.514588	0.50808	0.528033	0.503805	0.512959	0.506744	0.514228
N0.HOG0001010	0.0538164	0.00120648	0.531113	0.520478	9.67871e-07	0.512386	0.519406	0.505035	0.505035	0.505328	0.505328	0.509074	0.524327	0.517942	0.517942	0.614679	0.614679	N/A	0.530008	0.536738	0.53018	0.518548	0.511318	0.508401	0.53477	0.525629	0.514588	0.50808	0.528033	0.503805	0.512959	0.506744	0.514228
N0.HOG0001011	0.0538164	2.91826e-06	0.531113	0.520478	0.512386	0.512386	0.519406	0.505035	0.505035	0.505328	0.505328	0.509074	0.546894	0.0180999	0.052391	0.614679	0.16829	N/A	0.530008	0.536738	0.53018	0.518548	0.511318	0.508401	0.53477	0.525629	0.514588	0.50808	0.528033	0.503805	0.00652089	0.513352	0.514228
N0.HOG0001024	0.602993	0.0245313	0.531113	0.520478	0.00623076	0.512386	0.00979517	0.505035	0.505035	0.505328	0.505328	0.509074	0.524327	0.534923	0.534923	0.614679	0.614679	N/A	0.530008	0.536738	0.53018	0.518548	0.511318	0.508401	0.53477	0.525629	0.514588	0.50808	0.528033	0.503805	0.512959	0.00338341	0.514228
N0.HOG0001025	0.151523	2.91826e-06	0.531113	0.520478	7.76568e-05	0.512386	0.519406	0.505035	0.505035	0.505328	0.505328	0.509074	0.524327	0.517942	0.517942	0.0601581	0.16829	N/A	0.530008	0.536738	0.53018	0.518548	0.511318	0.508401	0.53477	0.525629	0.514588	0.50808	0.528033	0.503805	0.512959	0.506744	0.514228
N0.HOG0001026	0.602993	0.0245313	0.531113	0.520478	0.00623076	0.512386	0.00979517	0.505035	0.505035	0.505328	0.505328	0.509074	0.546894	0.534923	0.052391	0.614679	0.16829	N/A	0.530008	0.536738	0.53018	0.518548	0.511318	0.508401	0.53477	0.525629	0.514588	0.50808	0.528033	0.503805	0.00652089	0.513352	0.514228
N0.HOG0001027	0.0538164	0.0245313	0.531113	0.520478	0.00623076	0.512386	0.519406	0.505035	0.505035	0.505328	0.505328	0.509074	0.0246168	0.534923	0.534923	0.614679	0.614679	N/A	0.530008	0.536738	0.53018	0.518548	0.511318	0.508401	0.53477	0.525629	0.514588	0.50808	0.528033	0.503805	0.00652089	0.513352	0.514228
N0.HOG0001030	0.602993	0.0245313	1.57807e-05	0.5	0.5	0.5	0.5	0.5	0.5	0.5	0.5	0.5	0.5	0.5	0.5	0.16829	0.614679	N/A	0.530008	0.536738	0.53018	0.518548	0.0169447	0.5	0.0518419	0.5	0.5	0.5	0.5	0.5	0.5	0.5	0.514228
N0.HOG0001035	0.151523	0.133847	0.559353	0.539708	0.524313	0.524313	0.537689	0.509993	0.509993	0.510571	0.0158561	0.517901	0.524327	0.0268305	0.517942	0.0601581	0.16829	N/A	0.530008	0.018693	0.557656	0.53607	0.522253	0.51659	0.565956	0.549305	0.528541	0.515964	0.553731	0.507567	0.0381266	0.506744	0.514228
N0.HOG0001036	0.602993	0.0245313	0.531113	0.520478	0.524313	0.524313	0.519406	0.505035	0.505035	0.505328	0.505328	0.509074	0.546894	0.052391	0.534923	0.0601581	0.614679	N/A	0.530008	0.536738	0.53018	0.518548	0.511318	0.00421777	0.53477	0.525629	0.514588	0.50808	0.528033	0.503805	0.00652089	0.513352	0.514228
N0.HOG0001039	0.151523	0.547972	0.531113	0.520478	0.00623076	0.512386	0.00979517	0.505035	0.505035	0.505328	0.505328	0.509074	0.546894	0.534923	0.534923	0.614679	0.00734762	N/A	0.530008	0.536738	0.53018	0.518548	0.511318	0.508401	0.53477	0.525629	0.514588	0.50808	0.528033	0.503805	0.00652089	0.513352	0.514228
N0.HOG0001043	0.67535	0.00580439	0.531113	0.520478	9.67871e-07	0.512386	0.537689	0.505035	0.505035	0.505328	0.505328	0.509074	0.546894	0.534923	0.534923	0.69156	0.69156	N/A	0.557342	0.569477	0.557656	0.0541122	0.511318	0.508401	0.565956	0.549305	0.0428152	0.515964	0.0806194	0.503805	0.525416	0.513352	0.527851
N0.HOG0001047	0.602993	0.5	0.5	0.5	0.5	0.5	0.519406	0.505035	0.00754557	0.5	0.5	0.5	0.0363393	0.517942	0.517942	0.614679	0.614679	N/A	0.530008	0.536738	0.0450356	0.5	0.5	0.5	0.53477	0.525629	0.514588	0.50808	0.0418476	0.5	0.512959	0.506744	0.514228
N0.HOG0001050	0.602993	0.0713534	0.0157906	0.520478	0.512386	0.512386	0.519406	0.505035	0.505035	0.505328	0.505328	0.509074	0.524327	0.0540338	0.0540338	0.614679	0.614679	N/A	0.530008	0.536738	0.53018	0.518548	0.511318	0.508401	0.53477	0.525629	0.514588	0.50808	0.528033	0.503805	0.512959	7.09529e-12	0.514228
N0.HOG0001056	0.602993	0.0713534	0.531113	0.520478	0.512386	0.512386	0.00979517	0.505035	0.505035	0.0158561	0.510571	0.517901	0.524327	0.517942	0.517942	0.614679	0.614679	N/A	0.530008	0.536738	0.53018	0.518548	0.511318	0.508401	0.53477	0.525629	0.514588	0.50808	0.0142073	0.507567	0.512959	0.506744	0.514228
N0.HOG0001059	0.602993	0.547972	0.531113	0.520478	0.00623076	0.512386	0.000191964	0.505035	0.505035	0.505328	0.505328	0.509074	0.0246168	0.052391	0.534923	0.614679	0.614679	N/A	0.530008	0.536738	0.53018	0.518548	0.511318	0.508401	0.53477	0.525629	0.514588	0.50808	0.528033	0.503805	0.00652089	0.513352	0.514228
N0.HOG0001061	0.602993	0.0245313	0.531113	0.520478	9.67871e-07	0.512386	0.00979517	0.505035	0.505035	0.505328	0.505328	0.509074	0.524327	0.0090498	0.517942	0.614679	0.16829	N/A	0.530008	0.536738	0.53018	0.518548	0.511318	0.508401	0.53477	0.525629	0.514588	0.50808	0.528033	0.503805	0.512959	0.506744	0.514228
N0.HOG0001062	0.151523	0.133847	0.0315842	0.539708	0.0364718	0.524313	0.0195908	0.509993	0.509993	0.510571	0.510571	0.517901	0.546894	0.000807556	0.534923	0.614679	0.614679	N/A	0.530008	0.018693	0.557656	0.53607	0.522253	0.51659	0.565956	0.549305	0.528541	0.515964	0.553731	0.507567	0.525416	0.513352	0.514228
N0.HOG0001067	0.602993	0.0245313	0.531113	0.520478	0.512386	0.512386	0.000191964	0.505035	0.505035	0.505328	0.505328	0.509074	0.524327	0.534923	0.534923	0.614679	0.614679	N/A	0.530008	0.536738	0.53018	0.518548	0.511318	0.508401	0.53477	0.525629	0.514588	0.50808	0.528033	0.503805	0.512959	0.00338341	0.514228
N0.HOG0001069	0.602993	0.547972	0.531113	0.520478	0.512386	0.512386	0.519406	0.505035	0.505035	0.505328	0.505328	0.509074	0.0246168	0.0180999	0.052391	0.614679	0.16829	N/A	0.530008	0.536738	0.53018	0.518548	0.511318	0.508401	0.53477	0.525629	0.514588	0.50808	0.528033	0.503805	0.00652089	0.513352	0.514228
N0.HOG0001071	0.602993	0.133847	0.559353	0.539708	0.512386	0.512386	0.537689	0.0149901	0.509993	0.510571	0.510571	0.517901	0.0703554	0.534923	0.052391	0.614679	0.614679	N/A	0.530008	0.018693	0.557656	0.53607	0.522253	0.0248856	0.565956	0.549305	0.528541	0.515964	0.553731	0.507567	0.525416	0.513352	0.514228
N0.HOG0001078	0.602993	0.547972	0.531113	0.520478	0.00623076	0.512386	0.00979517	0.505035	0.505035	0.505328	0.505328	0.509074	0.524327	1.76074e-11	0.517942	0.614679	0.614679	N/A	0.530008	0.536738	0.53018	0.518548	0.511318	0.508401	0.53477	0.525629	0.514588	0.50808	0.528033	0.503805	0.512959	0.506744	0.514228
N0.HOG0001081	0.0538164	0.547972	0.531113	0.520478	0.512386	0.0185398	0.00979517	0.505035	0.505035	0.505328	0.505328	0.509074	0.524327	0.517942	0.000163851	0.614679	0.614679	N/A	0.530008	0.536738	0.53018	0.518548	0.511318	0.508401	0.53477	0.525629	0.514588	0.50808	0.528033	0.503805	0.512959	0.506744	0.514228
N0.HOG0001091	0.602993	0.0713534	0.0464199	0.0306106	0.512386	0.0185398	0.519406	0.505035	0.505035	0.505328	0.505328	0.509074	0.524327	0.517942	0.0268305	0.16829	0.614679	N/A	0.530008	0.536738	0.53018	0.518548	0.511318	0.508401	0.53477	0.525629	0.514588	0.50808	0.528033	0.503805	0.512959	0.506744	0.514228
N0.HOG0001099	0.602993	0.00120648	0.531113	0.520478	0.524313	0.524313	0.00979517	0.505035	0.505035	0.505328	0.505328	0.509074	0.546894	0.052391	0.534923	0.614679	0.614679	N/A	0.530008	0.536738	0.53018	0.518548	0.511318	0.00421777	0.53477	0.525629	0.514588	0.50808	0.528033	0.503805	0.00652089	0.513352	0.514228
N0.HOG0001107	0.602993	0.589155	0.000615445	0.539708	0.524313	0.0364718	0.519406	0.505035	0.505035	0.510571	0.0158561	0.517901	0.524327	0.517942	0.517942	0.614679	0.614679	N/A	0.530008	0.536738	0.0153106	0.53607	0.522253	0.51659	0.53477	0.525629	0.514588	0.50808	0.0142073	0.507567	0.512959	0.506744	0.514228
N0.HOG0001108	0.602993	0.0245313	0.0157906	0.520478	0.0185398	0.00623076	0.519406	0.00252362	0.505035	0.00267097	0.505328	0.509074	0.524327	0.517942	0.517942	0.614679	0.614679	N/A	0.530008	0.536738	0.53018	0.518548	0.511318	0.508401	0.53477	0.525629	0.514588	0.50808	0.528033	0.503805	0.512959	0.506744	0.514228
N0.HOG0001114	0.602993	0.00120648	0.531113	0.520478	0.535801	0.535801	0.00979517	0.505035	0.505035	0.505328	0.505328	0.00455726	0.524327	0.517942	0.517942	0.614679	0.614679	N/A	0.530008	0.536738	0.53018	0.518548	0.511318	3.55818e-05	0.53477	0.525629	0.514588	0.50808	0.528033	0.503805	0.512959	0.506744	0.514228
N0.HOG0001115	0.602993	0.0490795	0.559353	0.05957	0.524313	0.0364718	0.00979517	0.505035	0.505035	0.505328	0.505328	0.509074	0.524327	0.517942	0.517942	0.614679	0.614679	N/A	0.530008	0.536738	0.0153106	0.53607	0.522253	0.51659	0.53477	0.525629	0.514588	0.50808	0.528033	0.503805	0.512959	0.506744	0.514228
N0.HOG0001118	0.602993	0.5	0.5	0.5	0.5	0.5	0.519406	0.5	0.5	0.5	0.5	0.5	0.524327	0.517942	0.0268305	0.16829	0.614679	N/A	0.530008	0.536738	0.0450356	0.5	0.5	0.5	0.53477	0.525629	0.0218285	0.50808	0.0418476	0.5	0.512959	0.506744	0.514228
N0.HOG0001126	0.602993	0.0245313	0.531113	0.520478	0.00623076	0.512386	0.00979517	0.505035	0.505035	0.505328	0.505328	0.509074	0.546894	0.534923	0.052391	0.614679	0.614679	N/A	0.530008	0.536738	0.53018	0.518548	0.511318	0.508401	0.53477	0.525629	0.514588	0.50808	0.528033	0.503805	0.00652089	0.513352	0.514228
N0.HOG0001127	0.602993	0.547972	0.531113	0.539708	0.0364718	0.524313	0.519406	0.00252362	0.505035	0.510571	0.510571	0.517901	0.524327	0.517942	0.0090498	0.614679	0.614679	N/A	0.530008	0.536738	0.53018	0.518548	0.00569069	0.51659	0.53477	0.525629	0.514588	0.50808	0.0142073	0.507567	0.512959	0.506744	0.514228
N0.HOG0001133	0.67535	0.589155	0.0315842	0.539708	3.79941e-06	0.524313	0.537689	0.509993	0.509993	0.520807	8.7354e-05	0.534847	0.546894	0.534923	0.534923	0.614679	0.614679	N/A	0.0152221	0.569477	0.557656	0.53607	0.522253	0.51659	0.565956	0.549305	0.528541	0.515964	0.00197515	0.514963	0.525416	0.513352	0.514228
N0.HOG0001134	0.602993	7.05875e-09	0.531113	0.520478	0.512386	0.512386	0.519406	0.505035	0.505035	0.505328	0.505328	0.509074	0.524327	0.517942	0.517942	0.614679	0.16829	N/A	0.530008	0.536738	0.53018	0.518548	0.511318	0.508401	0.53477	0.525629	0.514588	0.50808	0.528033	0.503805	0.512959	0.506744	0.514228
N0.HOG0001136	0.602993	0.00120648	0.531113	0.520478	0.00623076	0.512386	0.519406	0.505035	0.505035	0.505328	0.505328	0.509074	0.0123078	0.517942	0.517942	0.0601581	0.614679	N/A	0.530008	0.536738	0.53018	0.518548	0.511318	0.508401	0.53477	0.525629	0.514588	0.50808	0.528033	0.503805	0.512959	0.506744	0.514228
N0.HOG0001139	0.602993	0.547972	0.531113	0.520478	0.512386	0.512386	0.537689	0.509993	0.0149901	0.510571	0.510571	0.0268526	0.546894	0.534923	0.052391	0.614679	0.614679	N/A	0.530008	0.536738	0.53018	0.518548	0.511318	0.508401	0.0176761	0.549305	0.528541	0.515964	0.553731	0.507567	0.525416	0.513352	0.514228
N0.HOG0001142	0.602993	0.589155	0.559353	0.00024756	0.524313	0.0364718	0.537689	0.505035	0.505035	0.505328	0.00267097	0.0135898	0.546894	0.534923	0.000186487	0.16829	0.0601581	N/A	0.530008	0.018693	0.557656	0.53607	0.522253	0.51659	0.565956	0.549305	0.0428152	0.515964	0.0806194	0.503805	0.525416	0.513352	0.514228
N0.HOG0001143	0.602993	0.547972	0.000499186	0.520478	0.512386	0.00623076	0.519406	0.505035	0.505035	0.505328	0.505328	0.509074	0.546894	0.052391	0.534923	0.614679	0.16829	N/A	0.530008	0.536738	0.53018	0.518548	0.511318	0.508401	0.53477	0.525629	0.514588	0.50808	0.528033	0.503805	0.00652089	0.513352	0.514228
N0.HOG0001145	0.602993	5.93366e-05	0.531113	0.520478	0.00623076	0.512386	0.519406	0.505035	0.505035	0.505328	0.505328	0.509074	0.524327	0.517942	0.517942	0.614679	0.614679	N/A	0.530008	0.536738	0.53018	0.518548	0.511318	0.508401	0.53477	0.525629	0.514588	0.50808	0.528033	0.503805	0.512959	0.506744	0.514228
N0.HOG0001147	0.602993	0.00120648	0.531113	0.520478	0.00623076	0.512386	0.00979517	0.505035	0.505035	0.505328	0.505328	0.509074	0.524327	0.0090498	0.517942	0.69156	0.69156	N/A	0.530008	0.536738	0.53018	0.518548	0.511318	0.508401	0.53477	0.525629	0.514588	0.50808	0.528033	0.503805	0.512959	0.506744	0.00716376
N0.HOG0001150	0.602993	0.000220151	0.559353	0.520478	0.0185398	0.512386	0.519406	0.505035	0.505035	0.505328	0.505328	0.509074	0.00030315	0.517942	0.517942	0.614679	0.16829	N/A	0.530008	0.536738	0.0153106	0.53607	0.0333814	0.508401	0.53477	0.525629	0.514588	0.50808	0.528033	0.503805	0.512959	0.506744	0.514228
N0.HOG0001157	0.0538164	0.547972	0.531113	0.520478	0.00623076	0.512386	0.537689	0.509993	0.0149901	0.0158561	0.510571	0.517901	0.524327	0.517942	0.517942	0.614679	0.614679	N/A	0.530008	0.536738	0.53018	0.518548	0.511318	0.508401	0.0176761	0.549305	0.528541	0.515964	0.553731	0.507567	0.0381266	0.506744	0.514228
N0.HOG0001159	0.151523	0.589155	0.559353	0.05957	0.0124616	0.0364718	0.519406	0.505035	0.505035	0.505328	0.505328	0.509074	0.546894	0.534923	0.052391	0.614679	0.614679	N/A	0.530008	0.536738	0.0153106	0.53607	0.522253	0.51659	0.53477	0.525629	0.514588	0.50808	0.528033	0.503805	0.00652089	0.513352	0.514228
N0.HOG0001160	0.602993	0.589155	0.559353	0.05957	0.0364718	0.524313	0.519406	0.00252362	0.505035	0.00267097	0.505328	0.509074	0.524327	0.517942	0.517942	0.614679	0.614679	N/A	0.530008	0.536738	0.0153106	0.53607	0.522253	0.51659	0.53477	0.525629	0.514588	0.50808	0.528033	0.503805	0.512959	0.506744	0.514228
N0.HOG0001161	0.602993	0.589155	0.559353	0.05957	0.524313	0.0364718	0.519406	0.505035	0.505035	0.505328	0.505328	0.509074	0.546894	0.534923	0.0180999	0.614679	0.0601581	N/A	0.530008	0.536738	0.0153106	0.53607	0.522253	0.51659	0.53477	0.525629	0.514588	0.50808	0.528033	0.503805	0.00652089	0.513352	0.514228
N0.HOG0001166	0.602993	0.547972	0.531113	0.539708	0.524313	0.0364718	0.519406	0.505035	0.505035	0.505328	0.505328	0.509074	0.524327	0.0090498	0.517942	0.16829	0.614679	N/A	0.530008	0.536738	0.53018	0.518548	0.00569069	0.51659	0.53477	0.525629	0.514588	0.50808	0.528033	0.503805	0.512959	0.506744	0.514228
N0.HOG0001168	0.00586196	0.00120648	0.531113	0.520478	0.00623076	0.512386	0.519406	0.505035	0.505035	0.505328	0.505328	0.509074	0.524327	0.517942	0.517942	0.614679	0.16829	N/A	0.530008	0.536738	0.53018	0.518548	0.511318	0.508401	0.53477	0.525629	0.514588	0.50808	0.528033	0.503805	0.512959	0.506744	0.514228
N0.HOG0001171	0.602993	0.547972	0.531113	0.520478	0.00623076	0.512386	0.519406	0.505035	0.505035	0.505328	0.505328	0.509074	0.0123078	0.0090498	0.0268305	0.614679	0.614679	N/A	0.530008	0.536738	0.53018	0.518548	0.511318	0.508401	0.53477	0.525629	0.514588	0.50808	0.528033	0.503805	0.512959	0.506744	0.514228
N0.HOG0001173	0.602993	0.00120648	0.531113	0.520478	0.00623076	0.512386	0.00979517	0.505035	0.505035	0.505328	0.505328	0.509074	0.546894	0.534923	0.534923	0.614679	0.0601581	N/A	0.530008	0.536738	0.53018	0.518548	0.511318	0.508401	0.53477	0.525629	0.514588	0.50808	0.528033	0.503805	0.00652089	0.513352	0.514228
N0.HOG0001179	0.264212	0.00435146	0.0628875	0.57475	0.55753	0.55753	0.554922	0.514877	0.0223353	0.520807	0.520807	0.534847	0.0368904	0.534923	0.534923	0.69156	0.69156	N/A	0.557342	0.0373917	0.582696	0.0280602	0.543032	0.0168653	0.593968	0.571192	0.54189	0.523658	0.0425717	0.514963	0.537394	0.0297754	0.527851
N0.HOG0001181	0.602993	0.0245313	0.531113	0.520478	7.76568e-05	0.512386	0.00979517	0.505035	0.505035	0.505328	0.505328	0.509074	0.524327	0.517942	0.517942	0.614679	0.614679	N/A	0.530008	0.536738	0.53018	0.518548	0.511318	0.508401	0.53477	0.525629	0.514588	0.50808	0.528033	0.503805	0.512959	0.506744	0.514228
N0.HOG0001185	0.602993	0.0245313	0.531113	0.520478	0.00623076	0.512386	0.00979517	0.505035	0.505035	0.505328	0.505328	0.509074	0.0123078	0.517942	0.517942	0.614679	0.0601581	N/A	0.530008	0.536738	0.53018	0.518548	0.511318	0.508401	0.53477	0.525629	0.514588	0.50808	0.528033	0.503805	0.512959	0.506744	0.514228
N0.HOG0001187	0.602993	0.00120648	0.531113	0.520478	0.00623076	0.512386	0.00979517	0.505035	0.505035	0.505328	0.505328	0.509074	0.546894	0.534923	0.052391	0.614679	0.614679	N/A	0.530008	0.536738	0.53018	0.518548	0.511318	0.508401	0.53477	0.525629	0.514588	0.50808	0.528033	0.503805	0.00652089	0.513352	0.514228
N0.HOG0001190	0.151523	0.0245313	0.531113	0.520478	0.00623076	0.512386	0.519406	0.505035	0.505035	0.505328	0.505328	0.509074	0.524327	0.0090498	0.517942	0.614679	0.0601581	N/A	0.530008	0.536738	0.53018	0.518548	0.511318	0.508401	0.53477	0.525629	0.514588	0.50808	0.528033	0.503805	0.512959	0.506744	0.514228
N0.HOG0001193	0.602993	1.43524e-07	0.531113	0.520478	9.67871e-07	0.512386	0.519406	0.505035	0.505035	0.505328	0.505328	0.509074	0.524327	0.517942	0.0090498	0.0601581	0.16829	N/A	0.530008	0.536738	0.53018	0.518548	0.511318	0.508401	0.53477	0.525629	0.514588	0.50808	0.528033	0.503805	0.512959	0.506744	0.514228
N0.HOG0001194	0.0538164	0.547972	0.531113	0.520478	0.00623076	0.512386	0.519406	0.505035	0.505035	0.505328	0.505328	0.509074	0.546894	0.534923	0.052391	0.614679	0.16829	N/A	0.530008	0.536738	0.53018	0.518548	0.511318	0.508401	0.53477	0.525629	0.514588	0.50808	0.528033	0.503805	0.00652089	0.513352	0.514228
N0.HOG0001199	0.602993	0.0713534	0.531113	0.520478	0.512386	0.512386	0.0195908	0.0149901	0.509993	0.505328	0.505328	0.509074	0.524327	0.517942	0.517942	0.614679	0.614679	N/A	0.530008	0.536738	0.53018	0.518548	0.511318	0.508401	0.53477	0.0129743	0.528541	0.50808	0.528033	0.503805	0.512959	0.506744	0.514228
N0.HOG0001200	0.602993	0.589155	0.559353	0.05957	0.0124616	0.0364718	0.519406	0.00252362	0.505035	0.505328	0.505328	0.509074	0.0123078	0.517942	0.517942	0.614679	0.614679	N/A	0.530008	0.536738	0.0153106	0.53607	0.522253	0.51659	0.53477	0.525629	0.514588	0.50808	0.528033	0.503805	0.512959	0.506744	0.514228
N0.HOG0001203	0.602993	0.0245313	0.531113	0.520478	0.0016329	0.546868	0.519406	0.505035	0.505035	0.505328	0.505328	0.509074	0.524327	0.517942	0.517942	0.614679	0.614679	N/A	0.530008	0.536738	0.53018	0.518548	0.511318	3.00173e-07	0.53477	0.525629	0.514588	0.50808	0.528033	0.503805	0.512959	0.506744	0.514228
N0.HOG0001207	0.602993	0.0245313	0.531113	0.520478	0.00623076	0.512386	0.00979517	0.505035	0.505035	0.505328	0.505328	0.509074	0.0123078	0.517942	0.517942	0.614679	0.0601581	N/A	0.530008	0.536738	0.53018	0.518548	0.511318	0.508401	0.53477	0.525629	0.514588	0.50808	0.528033	0.503805	0.512959	0.506744	0.514228
N0.HOG0001208	0.151523	5.93366e-05	0.531113	0.520478	0.512386	0.512386	0.519406	0.505035	0.505035	0.505328	0.505328	0.509074	0.524327	0.534923	0.534923	0.614679	0.614679	N/A	0.530008	0.536738	0.53018	0.518548	0.511318	0.508401	0.53477	0.525629	0.514588	0.50808	0.528033	0.503805	0.512959	0.00338341	0.514228
N0.HOG0001221	0.0538164	0.547972	0.531113	0.520478	0.00623076	0.512386	0.537689	0.509993	0.0149901	0.505328	0.00267097	0.509074	0.0123078	0.517942	0.517942	0.614679	0.0601581	N/A	0.530008	0.536738	0.53018	0.518548	0.511318	0.508401	0.53477	0.0129743	0.528541	0.50808	0.528033	0.503805	0.512959	0.506744	0.514228
N0.HOG0001227	0.602993	0.0245313	0.531113	0.520478	0.00623076	0.512386	0.519406	0.505035	0.505035	0.505328	0.00798461	0.509074	0.524327	0.517942	0.0090498	0.614679	0.614679	N/A	0.530008	0.536738	0.53018	0.518548	0.511318	0.508401	0.53477	0.525629	0.514588	0.50808	0.528033	0.503805	0.512959	0.506744	0.514228
N0.HOG0001230	0.602993	0.000220151	0.559353	0.05957	8.51512e-05	0.524313	0.519406	0.505035	0.505035	0.505328	0.505328	0.509074	0.524327	0.517942	0.517942	0.614679	0.614679	N/A	0.530008	0.536738	0.0153106	0.53607	0.522253	0.51659	0.53477	0.525629	0.514588	0.50808	0.528033	0.503805	0.512959	0.506744	0.514228
N0.HOG0001233	0.602993	5.93366e-05	0.531113	0.520478	0.00623076	0.512386	0.519406	0.505035	0.505035	0.505328	0.505328	0.509074	0.524327	0.517942	0.517942	0.614679	0.614679	N/A	0.530008	0.536738	0.53018	0.518548	0.511318	0.508401	0.53477	0.525629	0.514588	0.50808	0.528033	0.503805	0.512959	0.506744	0.514228
N0.HOG0001235	0.602993	2.91826e-06	0.531113	0.520478	0.00623076	0.512386	0.00979517	0.505035	0.505035	0.505328	0.505328	0.509074	0.0123078	0.517942	0.517942	0.614679	0.614679	N/A	0.530008	0.536738	0.53018	0.518548	0.511318	0.508401	0.53477	0.525629	0.514588	0.50808	0.528033	0.503805	0.512959	0.506744	0.514228
N0.HOG0001236	0.602993	0.0245313	0.531113	0.520478	0.0185398	0.512386	0.537689	0.00504724	0.0149901	0.505328	0.505328	0.509074	0.524327	0.517942	0.517942	0.614679	0.614679	N/A	0.530008	0.536738	0.53018	0.518548	0.511318	0.508401	0.53477	0.0129743	0.528541	0.50808	0.528033	0.503805	0.512959	0.506744	0.514228
N0.HOG0001238	0.602993	0.0490795	0.531113	0.520478	0.00623076	0.512386	0.537689	0.505035	0.505035	0.510571	0.0158561	0.517901	0.546894	0.517942	0.517942	0.614679	0.614679	N/A	0.530008	0.018693	0.557656	0.0541122	0.511318	0.508401	0.565956	0.549305	0.0428152	0.515964	0.553731	0.507567	0.525416	0.0200288	0.514228
N0.HOG0001240	0.602993	0.0245313	0.531113	0.520478	0.524313	0.524313	0.00979517	0.505035	0.505035	0.505328	0.505328	0.509074	0.0123078	0.517942	0.517942	0.614679	0.0601581	N/A	0.530008	0.536738	0.53018	0.518548	0.511318	0.00421777	0.53477	0.525629	0.514588	0.50808	0.528033	0.503805	0.512959	0.506744	0.514228
N0.HOG0001241	0.602993	0.547972	0.0464199	0.0306106	0.00623076	0.0185398	0.519406	0.5	0.5	0.5	0.5	0.5	0.524327	0.517942	0.0268305	0.614679	0.614679	N/A	0.530008	0.536738	0.53018	0.518548	0.511318	0.508401	0.53477	0.525629	0.0218285	0.50808	0.0418476	0.5	0.512959	0.506744	0.514228
N0.HOG0001243	0.602993	5.93366e-05	0.531113	0.520478	0.00623076	0.512386	0.00979517	0.505035	0.505035	0.505328	0.505328	0.509074	0.0123078	0.517942	0.517942	0.614679	0.614679	N/A	0.530008	0.536738	0.53018	0.518548	0.511318	0.508401	0.53477	0.525629	0.514588	0.50808	0.528033	0.503805	0.512959	0.506744	0.514228
N0.HOG0001246	0.602993	0.547972	0.0464199	0.520478	0.512386	0.512386	1.4609e-05	0.509993	0.509993	0.505328	0.505328	0.509074	0.546894	0.534923	0.000807556	0.614679	0.614679	N/A	0.530008	0.536738	0.53018	0.518548	0.511318	0.508401	0.0176761	0.549305	0.528541	0.515964	0.0806194	0.503805	0.525416	0.513352	0.514228
N0.HOG0001248	0.602993	0.0245313	0.531113	0.520478	0.00623076	0.0185398	0.519406	0.00754557	0.505035	0.505328	0.505328	0.509074	0.00030315	0.517942	0.517942	0.614679	0.0601581	N/A	0.530008	0.536738	0.53018	0.518548	0.511318	0.508401	0.53477	0.525629	0.514588	0.50808	0.528033	0.503805	0.512959	0.506744	0.514228
N0.HOG0001250	0.67535	0.589155	0.559353	0.0206842	8.51512e-05	0.524313	0.0195908	0.0149901	0.509993	0.510571	0.510571	0.517901	0.567841	0.551002	0.551002	0.69156	0.69156	N/A	0.557342	0.569477	0.557656	0.53607	0.522253	0.51659	0.565956	0.549305	0.528541	0.515964	0.553731	0.507567	0.0130419	0.519827	0.527851
N0.HOG0001259	0.602993	0.0245313	0.531113	0.520478	0.00623076	0.512386	0.00979517	0.505035	0.505035	0.505328	0.505328	0.509074	0.546894	0.534923	0.052391	0.0601581	0.614679	N/A	0.530008	0.536738	0.53018	0.518548	0.511318	0.508401	0.53477	0.525629	0.514588	0.50808	0.528033	0.503805	0.00652089	0.513352	0.514228
N0.HOG0001260	0.00215489	0.547972	0.531113	0.520478	0.512386	0.512386	0.519406	0.505035	0.505035	0.505328	0.505328	0.509074	0.524327	0.517942	2.96662e-06	0.69156	0.69156	N/A	0.557342	0.104267	0.53018	0.518548	0.511318	0.508401	0.53477	0.525629	0.514588	0.50808	0.528033	0.503805	0.512959	0.506744	0.527851
N0.HOG0001264	0.602993	0.0245313	0.531113	0.520478	0.00623076	0.512386	0.00979517	0.505035	0.505035	0.505328	0.505328	0.509074	0.0123078	0.517942	0.517942	0.614679	0.614679	N/A	0.530008	0.536738	0.53018	0.518548	0.511318	0.508401	0.53477	0.525629	0.514588	0.50808	0.528033	0.503805	0.512959	0.506744	0.514228
N0.HOG0001267	0.602993	0.0245313	0.531113	0.520478	7.76568e-05	0.512386	0.519406	0.505035	0.505035	0.505328	0.505328	0.509074	0.0123078	0.517942	0.517942	0.614679	0.614679	N/A	0.530008	0.536738	0.53018	0.518548	0.511318	0.508401	0.53477	0.525629	0.514588	0.50808	0.528033	0.503805	0.512959	0.506744	0.514228
N0.HOG0001274	0.602993	0.00120648	0.531113	0.520478	7.76568e-05	0.512386	0.519406	0.505035	0.505035	0.505328	0.505328	0.509074	0.546894	0.534923	0.052391	0.0601581	0.614679	N/A	0.530008	0.536738	0.53018	0.518548	0.511318	0.508401	0.53477	0.525629	0.514588	0.50808	0.528033	0.503805	0.00652089	0.513352	0.514228
N0.HOG0001275	0.151523	0.547972	0.531113	0.520478	0.512386	0.512386	0.519406	0.505035	0.505035	0.00801255	0.0236165	0.52649	0.546894	0.534923	0.534923	0.614679	0.614679	N/A	0.530008	0.536738	0.53018	0.518548	0.511318	0.508401	0.53477	0.525629	0.514588	0.00405605	0.0284164	0.511287	0.525416	0.513352	0.514228
N0.HOG0001277	0.602993	0.0245313	0.531113	0.0103418	0.512386	0.512386	0.519406	0.505035	0.505035	0.505328	0.505328	0.509074	0.00030315	0.517942	0.517942	0.614679	0.614679	N/A	0.530008	0.536738	0.53018	0.518548	0.511318	0.508401	0.53477	0.525629	0.514588	0.50808	0.528033	0.503805	0.512959	0.506744	0.514228
N0.HOG0001278	0.0538164	0.0245313	0.531113	0.520478	0.00623076	0.512386	0.00979517	0.505035	0.505035	0.505328	0.505328	0.509074	0.524327	0.0090498	0.517942	0.614679	0.614679	N/A	0.530008	0.536738	0.53018	0.518548	0.511318	0.508401	0.53477	0.525629	0.514588	0.50808	0.528033	0.503805	0.512959	0.506744	0.514228
N0.HOG0001284	0.602993	0.547972	0.531113	0.00105257	8.51512e-05	0.524313	0.537689	0.0149901	0.509993	0.510571	0.510571	0.517901	0.0703554	0.052391	0.534923	0.16829	0.614679	N/A	0.530008	0.536738	0.53018	0.518548	0.00569069	0.51659	0.0176761	0.549305	0.528541	0.515964	0.553731	0.507567	0.525416	0.513352	0.514228
N0.HOG0001294	0.602993	0.547972	0.531113	0.520478	0.512386	0.512386	0.519406	0.505035	0.505035	0.505328	0.505328	0.509074	0.524327	2.96662e-06	0.0268305	0.16829	0.614679	N/A	0.530008	0.536738	0.53018	0.518548	0.511318	0.508401	0.53477	0.525629	0.514588	0.50808	0.528033	0.503805	0.512959	0.506744	0.514228
N0.HOG0001295	0.602993	5.93366e-05	0.531113	0.520478	7.76568e-05	0.512386	0.537689	0.0149901	0.509993	0.505328	0.505328	0.509074	0.0123078	0.517942	0.0268305	0.16829	0.614679	N/A	0.530008	0.536738	0.53018	0.518548	0.511318	0.508401	0.53477	0.0129743	0.528541	0.50808	0.528033	0.503805	0.512959	0.506744	0.514228
N0.HOG0001297	0.602993	0.0245313	0.0464199	0.520478	9.67871e-07	0.512386	0.519406	0.505035	0.505035	0.505328	0.505328	0.509074	0.524327	0.517942	0.517942	0.614679	0.614679	N/A	0.530008	0.536738	0.53018	0.518548	0.511318	0.508401	0.53477	0.525629	0.514588	0.50808	0.528033	0.503805	0.512959	0.506744	0.514228
N0.HOG0001303	0.151523	0.547972	0.0464199	0.0306106	0.512386	0.0185398	0.519406	0.5	0.5	0.00798461	0.505328	0.509074	0.5	0.5	0.5	0.614679	0.614679	N/A	0.530008	0.536738	0.53018	0.518548	0.511318	0.508401	0.53477	0.525629	0.0218285	0.50808	0.528033	0.503805	0.0193959	0.5	0.514228
N0.HOG0001305	0.00586196	0.547972	0.531113	0.520478	0.00623076	0.512386	0.519406	0.505035	0.505035	0.505328	0.505328	0.509074	0.0363393	0.517942	0.0090498	0.614679	0.614679	N/A	0.530008	0.536738	0.53018	0.518548	0.511318	0.508401	0.53477	0.525629	0.514588	0.50808	0.528033	0.503805	0.512959	0.506744	0.514228
N0.HOG0001310	0.602993	0.00120648	0.531113	0.520478	7.76568e-05	0.512386	0.00979517	0.505035	0.505035	0.505328	0.505328	0.509074	0.524327	0.517942	0.517942	0.614679	0.614679	N/A	0.530008	0.536738	0.53018	0.518548	0.511318	0.508401	0.53477	0.525629	0.514588	0.50808	0.528033	0.503805	0.512959	0.506744	0.514228
N0.HOG0001313	0.602993	0.589155	0.559353	0.539708	0.0364718	0.524313	0.519406	0.505035	0.505035	0.510571	7.10394e-05	0.517901	0.546894	0.517942	0.517942	0.614679	0.614679	N/A	0.530008	0.018693	0.557656	0.53607	0.522253	0.51659	0.565956	0.0739742	0.514588	0.515964	0.553731	0.507567	0.525416	0.0200288	0.514228
N0.HOG0001314	0.602993	0.00120648	0.531113	0.520478	0.00623076	0.512386	0.00979517	0.505035	0.505035	0.505328	0.505328	0.509074	0.524327	0.517942	0.517942	0.614679	0.614679	N/A	0.530008	0.536738	0.53018	0.518548	0.511318	0.508401	0.53477	0.525629	0.514588	0.50808	0.528033	0.503805	0.512959	0.506744	0.514228
N0.HOG0001319	0.602993	0.0713534	0.0464199	0.0306106	0.512386	0.0185398	0.5	0.5	0.5	0.5	0.5	0.5	0.524327	0.5	0.5	0.16829	0.0601581	N/A	0.530008	0.536738	0.53018	0.518548	0.511318	0.508401	0.53477	0.038275	0.5	0.50808	0.0418476	0.5	0.512959	0.0101049	0.514228
N0.HOG0001322	0.602993	0.0490795	0.559353	0.05957	0.0124616	0.0364718	0.519406	0.505035	0.505035	0.505328	0.505328	0.509074	0.0123078	0.517942	0.517942	0.614679	0.614679	N/A	0.530008	0.536738	0.0153106	0.53607	0.522253	0.51659	0.53477	0.525629	0.514588	0.50808	0.528033	0.503805	0.512959	0.506744	0.514228
N0.HOG0001332	0.602993	0.0245313	0.531113	0.520478	0.512386	0.512386	0.519406	0.505035	0.00252362	0.00267097	0.505328	0.509074	0.524327	0.517942	0.517942	0.614679	0.614679	N/A	0.530008	0.536738	0.53018	0.518548	0.511318	0.508401	0.53477	0.525629	0.514588	0.50808	0.528033	0.503805	0.512959	0.506744	0.514228
N0.HOG0001343	0.602993	2.91826e-06	0.531113	0.520478	0.512386	0.00623076	0.519406	0.505035	0.505035	0.505328	0.505328	0.00455726	0.524327	0.517942	0.517942	0.614679	0.614679	N/A	0.530008	0.536738	0.53018	0.518548	0.511318	0.508401	0.53477	0.525629	0.514588	0.50808	0.528033	0.503805	0.512959	0.506744	0.514228
N0.HOG0001346	0.602993	0.547972	0.531113	0.520478	0.0185398	0.512386	0.519406	0.505035	0.505035	0.505328	0.00798461	0.509074	0.546894	0.534923	0.052391	0.614679	0.0601581	N/A	0.530008	0.536738	0.53018	0.518548	0.511318	0.508401	0.53477	0.525629	0.514588	0.50808	0.528033	0.503805	0.00652089	0.513352	0.514228
N0.HOG0001351	0.151523	0.0713534	0.0157906	0.520478	0.512386	0.512386	0.537689	0.0149901	0.509993	0.0158561	0.510571	0.517901	0.546894	0.534923	0.534923	0.614679	0.614679	N/A	0.530008	0.536738	0.53018	0.518548	0.511318	0.508401	0.0176761	0.549305	0.528541	0.515964	0.553731	0.507567	0.525416	0.513352	0.514228
N0.HOG0001352	0.602993	0.0245313	0.531113	0.520478	0.00623076	0.512386	0.519406	0.505035	0.505035	0.505328	0.505328	0.509074	0.0246168	0.534923	0.052391	0.0601581	0.614679	N/A	0.530008	0.536738	0.53018	0.518548	0.511318	0.508401	0.53477	0.525629	0.514588	0.50808	0.528033	0.503805	0.00652089	0.513352	0.514228
N0.HOG0001353	0.151523	0.0245313	0.531113	0.520478	0.00623076	0.512386	0.00979517	0.505035	0.505035	0.505328	0.505328	0.509074	0.524327	0.517942	0.000163851	0.614679	0.16829	N/A	0.530008	0.536738	0.53018	0.518548	0.511318	0.508401	0.53477	0.525629	0.514588	0.50808	0.528033	0.503805	0.512959	0.506744	0.514228
N0.HOG0001360	0.602993	0.589155	0.0890604	0.539708	0.524313	0.0364718	0.000945	0.509993	0.0149901	0.505328	0.505328	0.509074	0.546894	0.0180999	0.000186487	0.614679	0.0601581	N/A	0.530008	0.018693	0.557656	0.53607	0.522253	0.51659	0.565956	0.549305	0.528541	0.515964	0.0806194	0.503805	0.525416	0.513352	0.514228
N0.HOG0001362	0.602993	0.0245313	0.531113	0.520478	0.512386	0.0185398	7.37289e-08	0.505035	0.505035	0.505328	0.505328	0.509074	0.0123078	0.0090498	0.0268305	0.0601581	0.16829	N/A	0.530008	0.536738	0.53018	0.518548	0.511318	0.508401	0.53477	0.525629	0.514588	0.50808	0.528033	0.503805	0.512959	0.506744	0.514228
N0.HOG0001372	0.602993	0.0245313	0.531113	0.0103418	0.512386	0.512386	0.00979517	0.505035	0.505035	0.505328	0.505328	0.509074	0.524327	0.517942	0.0090498	0.614679	0.614679	N/A	0.530008	0.536738	0.53018	0.518548	0.511318	0.508401	0.53477	0.525629	0.514588	0.50808	0.528033	0.503805	0.512959	0.506744	0.514228
N0.HOG0001380	0.602993	0.00120648	0.531113	0.520478	0.00623076	0.512386	0.519406	0.505035	0.505035	0.505328	0.505328	0.509074	0.0123078	0.517942	0.517942	0.614679	0.614679	N/A	0.530008	0.536738	0.53018	0.518548	0.511318	0.508401	0.53477	0.525629	0.514588	0.50808	0.528033	0.503805	0.512959	0.506744	0.514228
N0.HOG0001383	0.602993	0.547972	0.531113	0.5	0.5	0.5	0.519406	0.505035	0.505035	0.510571	0.510571	0.0268526	0.0246168	0.0180999	0.534923	0.614679	0.614679	N/A	0.530008	0.536738	0.53018	0.518548	0.0169447	0.5	0.53477	0.525629	0.514588	0.00405605	0.553731	0.507567	0.525416	0.513352	0.514228
N0.HOG0001384	0.602993	0.547972	0.531113	0.520478	7.76568e-05	0.0185398	0.537689	0.509993	0.509993	0.510571	0.00534195	0.517901	0.0246168	0.0180999	0.534923	0.16829	0.614679	N/A	0.530008	0.536738	0.53018	0.518548	0.511318	0.508401	0.0176761	0.549305	0.528541	0.515964	0.553731	0.507567	0.525416	0.513352	0.514228
N0.HOG0001390	0.602993	0.00120648	0.531113	0.520478	7.76568e-05	0.512386	0.519406	0.505035	0.505035	0.505328	0.505328	0.509074	0.524327	0.517942	0.517942	0.614679	0.16829	N/A	0.530008	0.536738	0.53018	0.518548	0.511318	0.508401	0.53477	0.525629	0.514588	0.50808	0.528033	0.503805	0.512959	0.506744	0.514228
N0.HOG0001395	0.602993	0.0713534	0.0464199	0.0306106	0.512386	0.0185398	0.5	0.5	0.5	0.5	0.5	0.5	0.5	0.5	0.5	0.614679	0.16829	N/A	0.530008	0.536738	0.53018	0.518548	0.511318	0.508401	0.0518419	0.5	0.5	0.5	0.5	0.5	0.5	0.5	0.514228
N0.HOG0001400	0.151523	0.0713534	0.0464199	0.520478	0.5	0.5	0.519406	0.505035	0.505035	0.505328	0.00798461	0.509074	0.0363393	0.0268305	0.517942	0.614679	0.16829	N/A	0.530008	0.536738	0.53018	0.518548	0.511318	0.0125831	0.53477	0.525629	0.514588	0.50808	0.528033	0.503805	0.512959	0.506744	0.514228
N0.HOG0001401	0.602993	0.547972	0.531113	0.0306106	0.512386	0.512386	0.519406	0.5	0.5	0.00798461	0.505328	0.0135898	0.524327	0.517942	0.517942	0.16829	0.614679	N/A	0.530008	0.536738	0.53018	0.518548	0.511318	0.508401	0.53477	0.525629	0.0218285	0.50808	0.528033	0.503805	0.512959	0.506744	0.514228
N0.HOG0001402	0.602993	0.00120648	0.531113	0.520478	0.512386	0.0185398	0.519406	0.505035	0.505035	0.505328	0.00798461	0.509074	0.524327	0.517942	0.517942	0.614679	0.614679	N/A	0.530008	0.536738	0.53018	0.518548	0.511318	0.508401	0.53477	0.525629	0.514588	0.50808	0.528033	0.503805	0.512959	0.506744	0.514228
N0.HOG0001410	0.602993	0.547972	0.531113	0.520478	0.00623076	0.512386	0.519406	0.505035	0.505035	0.505328	0.505328	0.509074	0.0368904	0.0271358	0.551002	0.614679	0.0601581	N/A	0.530008	0.536738	0.53018	0.518548	0.511318	0.508401	0.53477	0.525629	0.514588	0.50808	0.528033	0.503805	8.50585e-05	0.519827	0.514228
N0.HOG0001414	0.602993	0.547972	0.531113	0.520478	0.535801	0.535801	0.519406	0.505035	0.505035	0.505328	0.505328	0.509074	0.0123078	0.517942	0.517942	0.614679	0.614679	N/A	0.530008	0.536738	0.53018	0.518548	0.511318	3.55818e-05	0.53477	0.525629	0.514588	0.50808	0.528033	0.503805	0.512959	0.506744	0.514228
N0.HOG0001415	0.151523	0.547972	0.531113	0.0306106	0.512386	0.00623076	0.00979517	0.505035	0.505035	0.505328	0.505328	0.509074	0.0123078	0.517942	0.517942	0.614679	0.614679	N/A	0.530008	0.536738	0.53018	0.518548	0.511318	0.508401	0.53477	0.525629	0.514588	0.50808	0.528033	0.503805	0.512959	0.506744	0.514228
N0.HOG0001419	0.602993	0.0733608	0.128282	2.48045e-12	0.546868	0.000486656	0.519406	0.505035	0.505035	0.505328	0.505328	0.509074	0.524327	0.517942	0.517942	0.0601581	0.614679	N/A	0.530008	0.536738	0.000469269	0.55263	0.0170686	0.532359	0.53477	0.525629	0.514588	0.50808	0.528033	0.503805	0.512959	0.506744	0.514228
N0.HOG0001423	0.602993	0.589155	0.0890604	0.539708	0.0124616	0.0364718	0.519406	0.505035	0.505035	0.505328	0.505328	0.509074	0.0363393	0.517942	0.0268305	0.614679	0.614679	N/A	0.530008	0.536738	0.0153106	0.53607	0.522253	0.51659	0.53477	0.525629	0.514588	0.50808	0.528033	0.503805	0.512959	0.506744	0.514228
N0.HOG0001424	0.602993	5.93366e-05	0.531113	0.520478	0.00623076	0.512386	0.519406	0.00252362	0.505035	0.510571	0.510571	0.517901	0.524327	0.517942	0.517942	0.614679	0.614679	N/A	0.530008	0.536738	0.53018	0.518548	0.511318	0.508401	0.53477	0.525629	0.514588	0.50808	0.0142073	0.507567	0.512959	0.506744	0.514228
N0.HOG0001445	0.0538164	0.00120648	0.531113	0.520478	0.00623076	0.512386	0.519406	0.505035	0.505035	0.00267097	0.505328	0.509074	0.524327	0.517942	0.517942	0.614679	0.614679	N/A	0.530008	0.536738	0.53018	0.518548	0.511318	0.508401	0.53477	0.525629	0.514588	0.50808	0.528033	0.503805	0.512959	0.506744	0.514228
N0.HOG0001447	0.602993	0.547972	0.0315842	0.0206842	8.51512e-05	0.524313	0.519406	0.505035	0.505035	0.505328	0.505328	0.509074	0.524327	0.517942	0.517942	0.614679	0.16829	N/A	0.530008	0.536738	0.53018	0.00935839	0.522253	0.51659	0.53477	0.525629	0.514588	0.50808	0.528033	0.503805	0.512959	0.506744	0.514228
N0.HOG0001449	0.602993	0.00120648	0.531113	0.520478	0.00623076	0.512386	0.00979517	0.505035	0.505035	0.505328	0.505328	0.509074	0.524327	0.517942	0.517942	0.614679	0.614679	N/A	0.530008	0.536738	0.53018	0.518548	0.511318	0.508401	0.53477	0.525629	0.514588	0.50808	0.528033	0.503805	0.512959	0.506744	0.514228
N0.HOG0001452	0.602993	0.00120648	0.531113	0.520478	0.524313	0.524313	0.519406	0.505035	0.505035	0.505328	0.505328	0.509074	0.0123078	0.517942	0.517942	0.614679	0.614679	N/A	0.530008	0.536738	0.53018	0.518548	0.511318	0.00421777	0.53477	0.525629	0.514588	0.50808	0.528033	0.503805	0.512959	0.506744	0.514228
N0.HOG0001455	0.602993	1.43524e-07	0.531113	0.0103418	0.512386	0.512386	0.519406	0.505035	0.505035	0.505328	0.505328	0.509074	0.524327	0.517942	0.517942	0.614679	0.614679	N/A	0.530008	0.536738	0.53018	0.518548	0.511318	0.508401	0.53477	0.525629	0.514588	0.50808	0.528033	0.503805	0.512959	0.506744	0.514228
N0.HOG0001460	0.602993	2.91826e-06	0.531113	0.520478	0.00623076	0.512386	0.00979517	0.505035	0.505035	0.505328	0.505328	0.509074	0.0123078	0.517942	0.517942	0.614679	0.614679	N/A	0.530008	0.536738	0.53018	0.518548	0.511318	0.508401	0.53477	0.525629	0.514588	0.50808	0.528033	0.503805	0.512959	0.506744	0.514228
N0.HOG0001467	0.602993	0.547972	0.531113	0.520478	7.76568e-05	0.512386	0.00979517	0.505035	0.505035	0.505328	0.505328	0.0135898	0.524327	0.517942	0.517942	0.614679	0.614679	N/A	0.530008	0.536738	0.53018	0.518548	0.511318	0.508401	0.53477	0.525629	0.514588	0.50808	0.528033	0.503805	0.512959	0.506744	0.514228
N0.HOG0001476	0.602993	0.00120648	0.531113	0.520478	7.76568e-05	0.512386	0.519406	0.505035	0.505035	0.505328	0.505328	0.509074	0.0123078	0.517942	0.517942	0.614679	0.614679	N/A	0.530008	0.536738	0.53018	0.518548	0.511318	0.508401	0.53477	0.525629	0.514588	0.50808	0.528033	0.503805	0.512959	0.506744	0.514228
N0.HOG0001478	0.602993	0.0713534	0.0157906	0.0103418	0.0185398	0.512386	0.0290127	0.505035	0.505035	0.505328	0.505328	0.00455726	0.546894	0.534923	0.534923	0.614679	0.614679	N/A	0.530008	0.536738	0.53018	0.518548	0.511318	0.508401	0.53477	0.525629	0.514588	0.50808	0.528033	0.503805	0.00652089	0.513352	0.514228
N0.HOG0001480	0.00586196	0.547972	0.531113	0.520478	0.512386	0.512386	0.537689	0.509993	0.0149901	0.505328	0.505328	0.509074	0.524327	0.0090498	0.517942	0.614679	0.614679	N/A	0.530008	0.536738	0.53018	0.518548	0.511318	0.508401	0.53477	0.0129743	0.528541	0.50808	0.528033	0.503805	0.512959	0.506744	0.514228
N0.HOG0001481	0.602993	0.0490795	0.0890604	0.539708	0.0124616	0.0364718	0.00979517	0.505035	0.505035	0.505328	0.505328	0.509074	0.0123078	0.517942	0.517942	0.614679	0.614679	N/A	0.530008	0.536738	0.0153106	0.53607	0.522253	0.51659	0.53477	0.525629	0.514588	0.50808	0.528033	0.503805	0.512959	0.506744	0.514228
N0.HOG0001482	0.602993	0.547972	0.531113	0.520478	0.512386	0.512386	0.519406	0.505035	0.505035	0.505328	0.505328	0.509074	0.000190864	1.83042e-06	1.4901e-05	0.614679	0.614679	N/A	0.530008	0.536738	0.53018	0.518548	0.511318	0.508401	0.53477	0.525629	0.514588	0.50808	0.528033	0.503805	1.1095e-06	0.526172	0.514228
N0.HOG0001488	0.602993	0.00120648	0.531113	0.520478	0.00623076	0.512386	0.00979517	0.505035	0.505035	0.505328	0.505328	0.509074	0.524327	0.517942	0.517942	0.614679	0.614679	N/A	0.530008	0.536738	0.53018	0.518548	0.511318	0.508401	0.53477	0.525629	0.514588	0.50808	0.528033	0.503805	0.512959	0.506744	0.514228
N0.HOG0001502	0.602993	5.93366e-05	0.531113	0.520478	0.00623076	0.512386	0.519406	0.505035	0.505035	0.505328	0.505328	0.509074	0.524327	0.517942	0.0090498	0.614679	0.614679	N/A	0.530008	0.536738	0.53018	0.518548	0.511318	0.508401	0.53477	0.525629	0.514588	0.50808	0.528033	0.503805	0.512959	0.506744	0.514228
N0.HOG0001521	0.602993	0.00120648	0.531113	0.520478	9.67871e-07	0.512386	0.519406	0.505035	0.505035	0.505328	0.505328	0.509074	0.524327	0.517942	0.0268305	0.0601581	0.16829	N/A	0.530008	0.536738	0.53018	0.518548	0.511318	0.508401	0.53477	0.525629	0.514588	0.50808	0.528033	0.503805	0.512959	0.506744	0.514228
N0.HOG0001527	0.151523	0.547972	0.000499186	0.520478	0.512386	0.512386	0.519406	0.505035	0.505035	0.505328	0.00798461	0.509074	0.524327	0.517942	0.517942	0.0601581	0.614679	N/A	0.530008	0.536738	0.53018	0.518548	0.511318	0.508401	0.53477	0.525629	0.514588	0.50808	0.528033	0.503805	0.512959	0.506744	0.514228
N0.HOG0001531	0.602993	0.00162428	0.0315842	0.539708	0.512386	0.512386	0.537689	0.0149901	0.509993	0.505328	0.505328	0.509074	0.546894	0.052391	0.534923	0.614679	0.614679	N/A	0.530008	0.018693	0.557656	0.53607	0.522253	0.0248856	0.565956	0.549305	0.528541	0.515964	0.0806194	0.503805	0.525416	0.513352	0.514228
N0.HOG0001532	0.602993	0.547972	0.559353	0.0206842	0.000384449	0.0364718	0.519406	0.505035	0.505035	0.505328	0.505328	0.509074	0.524327	0.517942	0.517942	0.614679	0.614679	N/A	0.530008	0.536738	0.53018	0.00935839	0.522253	0.51659	0.53477	0.525629	0.514588	0.50808	0.528033	0.503805	0.512959	0.506744	0.514228
N0.HOG0001539	0.602993	0.00120648	0.531113	0.520478	7.76568e-05	0.512386	0.519406	0.505035	0.505035	0.505328	0.505328	0.509074	0.524327	0.0090498	0.517942	0.614679	0.614679	N/A	0.530008	0.536738	0.53018	0.518548	0.511318	0.508401	0.53477	0.525629	0.514588	0.50808	0.528033	0.503805	0.512959	0.506744	0.514228
N0.HOG0001545	0.602993	5.93366e-05	0.531113	0.520478	0.512386	0.512386	0.519406	0.505035	0.505035	0.505328	0.505328	0.509074	0.524327	0.517942	0.0090498	0.614679	0.614679	N/A	0.530008	0.536738	0.53018	0.518548	0.511318	0.508401	0.53477	0.525629	0.514588	0.50808	0.528033	0.503805	0.512959	0.506744	0.514228
N0.HOG0001546	0.0538164	5.93366e-05	0.531113	0.520478	0.00623076	0.512386	0.00979517	0.505035	0.505035	0.505328	0.505328	0.509074	0.0123078	0.517942	0.517942	0.614679	0.614679	N/A	0.530008	0.536738	0.53018	0.518548	0.511318	0.508401	0.53477	0.525629	0.514588	0.50808	0.528033	0.503805	0.512959	0.506744	0.514228
N0.HOG0001547	0.602993	0.00120648	0.531113	0.520478	0.00623076	0.512386	0.519406	0.505035	0.505035	0.505328	0.505328	0.509074	0.0123078	0.517942	0.517942	0.614679	0.614679	N/A	0.530008	0.536738	0.53018	0.518548	0.511318	0.508401	0.53477	0.525629	0.514588	0.50808	0.528033	0.503805	0.512959	0.506744	0.514228
N0.HOG0001560	0.602993	0.547972	0.531113	0.520478	0.00623076	0.512386	0.00979517	0.505035	0.505035	0.505328	0.505328	0.509074	0.546894	0.534923	0.052391	0.16829	0.614679	N/A	0.530008	0.536738	0.53018	0.518548	0.511318	0.508401	0.53477	0.525629	0.514588	0.50808	0.528033	0.503805	0.00652089	0.513352	0.514228
N0.HOG0001566	0.602993	0.000220151	0.000615445	0.539708	0.0364718	0.524313	0.519406	0.505035	0.505035	0.0158561	0.510571	0.517901	0.524327	0.5	0.5	0.614679	0.00734762	N/A	0.530008	0.536738	0.0153106	0.53607	0.522253	0.51659	0.53477	0.525629	0.514588	0.50808	0.0142073	0.507567	0.512959	0.0101049	0.514228
N0.HOG0001578	0.602993	5.93366e-05	0.531113	0.520478	0.00623076	0.512386	0.00979517	0.505035	0.505035	0.505328	0.505328	0.509074	0.524327	0.534923	0.534923	0.614679	0.614679	N/A	0.530008	0.536738	0.53018	0.518548	0.511318	0.508401	0.53477	0.525629	0.514588	0.50808	0.528033	0.503805	0.512959	0.00338341	0.514228
N0.HOG0001587	0.602993	0.547972	0.531113	1.48847e-19	0.0185398	0.512386	0.519406	0.505035	0.505035	0.505328	0.505328	0.509074	0.0363393	0.517942	0.517942	0.614679	0.614679	N/A	0.530008	0.536738	0.53018	0.518548	0.511318	0.508401	0.53477	0.525629	0.514588	0.50808	0.528033	0.503805	0.512959	0.506744	0.514228
N0.HOG0001589	0.602993	0.0490795	0.0890604	0.539708	0.0124616	0.524313	0.519406	0.505035	0.505035	0.505328	0.505328	0.0135898	0.524327	0.517942	0.517942	0.614679	0.614679	N/A	0.530008	0.536738	0.0153106	0.53607	0.522253	0.51659	0.53477	0.525629	0.514588	0.50808	0.528033	0.503805	0.512959	0.506744	0.514228
N0.HOG0001592	0.602993	0.547972	0.531113	0.520478	0.512386	0.512386	0.519406	0.505035	0.505035	0.505328	0.505328	0.509074	2.60746e-08	0.0180999	0.052391	0.0601581	0.16829	N/A	0.530008	0.536738	0.53018	0.518548	0.511318	0.508401	0.53477	0.525629	0.514588	0.50808	0.528033	0.503805	0.00652089	0.513352	0.514228
N0.HOG0001605	0.602993	0.0245313	0.531113	0.520478	0.00623076	0.512386	0.537689	0.509993	0.0149901	0.505328	0.505328	0.509074	0.524327	0.517942	0.517942	0.614679	0.614679	N/A	0.530008	0.536738	0.53018	0.518548	0.511318	0.508401	0.53477	0.0129743	0.528541	0.50808	0.528033	0.503805	0.512959	0.506744	0.514228
N0.HOG0001608	0.602993	0.0713534	0.0464199	0.520478	0.5	0.5	0.519406	0.505035	0.505035	0.505328	0.00798461	0.509074	0.524327	0.517942	0.517942	0.614679	0.614679	N/A	0.530008	0.536738	0.53018	0.518548	0.511318	0.0125831	0.53477	0.525629	0.514588	0.50808	0.528033	0.503805	0.512959	0.506744	0.514228
N0.HOG0001613	0.602993	0.0245313	0.531113	0.520478	0.512386	0.512386	0.00979517	0.505035	0.505035	0.505328	0.505328	0.509074	0.0246168	0.534923	0.052391	0.614679	0.614679	N/A	0.530008	0.536738	0.53018	0.518548	0.511318	0.508401	0.53477	0.525629	0.514588	0.50808	0.528033	0.503805	0.00652089	0.513352	0.514228
N0.HOG0001622	0.602993	0.547972	0.531113	0.0306106	0.00623076	0.512386	0.00979517	0.505035	0.505035	0.505328	0.505328	0.509074	0.524327	0.0090498	0.517942	0.614679	0.614679	N/A	0.530008	0.536738	0.53018	0.518548	0.511318	0.508401	0.53477	0.525629	0.514588	0.50808	0.528033	0.503805	0.512959	0.506744	0.514228
N0.HOG0001630	0.602993	0.547972	0.531113	0.520478	9.67871e-07	0.512386	0.519406	0.505035	0.505035	0.505328	0.505328	0.509074	0.524327	0.517942	0.517942	0.614679	0.614679	N/A	0.530008	0.536738	0.53018	0.518548	0.511318	0.508401	0.53477	0.525629	0.514588	0.50808	0.528033	0.503805	0.512959	0.506744	0.514228
N0.HOG0001639	0.602993	0.547972	0.531113	0.520478	0.00623076	0.512386	0.00979517	0.505035	0.505035	0.505328	0.505328	0.509074	0.0123078	0.0090498	0.0268305	0.614679	0.16829	N/A	0.530008	0.536738	0.53018	0.518548	0.511318	0.508401	0.53477	0.525629	0.514588	0.50808	0.528033	0.503805	0.512959	0.506744	0.514228
N0.HOG0001641	0.602993	0.547972	0.531113	0.520478	0.512386	0.512386	0.0290127	0.505035	0.00754557	0.505328	0.505328	0.509074	0.5	0.5	0.5	0.16829	0.614679	N/A	0.530008	0.536738	0.53018	0.518548	0.511318	0.508401	0.53477	0.525629	0.514588	0.50808	0.528033	0.503805	0.0193959	0.5	0.514228
N0.HOG0001667	0.602993	0.0245313	0.531113	0.520478	0.512386	0.512386	0.519406	0.505035	0.505035	0.505328	0.505328	0.509074	0.567841	0.0271358	0.551002	0.614679	0.614679	N/A	0.530008	0.536738	0.53018	0.518548	0.511318	0.508401	0.53477	0.525629	0.514588	0.50808	0.528033	0.503805	8.50585e-05	0.519827	0.514228
N0.HOG0001672	0.602993	5.93366e-05	0.531113	0.520478	0.512386	0.0185398	0.519406	0.505035	0.505035	0.505328	0.505328	0.509074	0.524327	0.517942	0.517942	0.614679	0.614679	N/A	0.530008	0.536738	0.53018	0.518548	0.511318	0.508401	0.53477	0.525629	0.514588	0.50808	0.528033	0.503805	0.512959	0.506744	0.514228
N0.HOG0001674	0.602993	0.547972	0.531113	0.520478	9.67871e-07	0.512386	0.519406	0.505035	0.505035	0.505328	0.505328	0.509074	0.0123078	0.517942	0.517942	0.614679	0.614679	N/A	0.530008	0.536738	0.53018	0.518548	0.511318	0.508401	0.53477	0.525629	0.514588	0.50808	0.528033	0.503805	0.512959	0.506744	0.514228
N0.HOG0001675	0.602993	0.0713534	0.0464199	0.0306106	0.512386	0.0185398	0.519406	0.5	0.5	0.5	0.5	0.5	0.524327	0.517942	0.517942	0.16829	0.614679	N/A	0.530008	0.536738	0.53018	0.518548	0.511318	0.508401	0.53477	0.525629	0.0218285	0.50808	0.0418476	0.5	0.512959	0.506744	0.514228
N0.HOG0001676	0.151523	0.547972	0.531113	0.0306106	0.0185398	0.512386	0.0290127	0.505035	0.505035	0.505328	0.505328	0.509074	0.5	0.5	0.5	0.614679	0.16829	N/A	0.530008	0.536738	0.53018	0.518548	0.511318	0.508401	0.53477	0.525629	0.514588	0.50808	0.528033	0.503805	0.0193959	0.5	0.514228
N0.HOG0001693	0.602993	2.91826e-06	0.531113	0.520478	0.00623076	0.512386	0.519406	0.505035	0.505035	0.505328	0.505328	0.509074	0.524327	0.517942	0.517942	0.614679	0.614679	N/A	0.530008	0.536738	0.53018	0.518548	0.511318	0.508401	0.53477	0.525629	0.514588	0.50808	0.528033	0.503805	0.512959	0.506744	0.514228
N0.HOG0001696	0.602993	0.0245313	0.531113	0.520478	0.00623076	0.512386	0.519406	0.505035	0.505035	0.505328	0.505328	0.509074	0.524327	0.517942	0.0268305	0.16829	0.614679	N/A	0.530008	0.536738	0.53018	0.518548	0.511318	0.508401	0.53477	0.525629	0.514588	0.50808	0.528033	0.503805	0.512959	0.506744	0.514228
N0.HOG0001699	0.151523	0.547972	0.531113	6.37334e-23	0.512386	0.512386	0.0290127	0.505035	0.505035	0.505328	0.505328	0.509074	0.0363393	0.517942	0.517942	0.614679	0.614679	N/A	0.530008	0.536738	0.53018	0.518548	0.511318	0.508401	0.53477	0.525629	0.514588	0.50808	0.528033	0.503805	0.512959	0.506744	0.514228
N0.HOG0001721	0.602993	0.00120648	0.0464199	0.520478	7.76568e-05	0.512386	0.00979517	0.505035	0.505035	0.505328	0.505328	0.509074	0.0123078	0.517942	0.517942	0.614679	0.614679	N/A	0.530008	0.536738	0.53018	0.518548	0.511318	0.508401	0.53477	0.525629	0.514588	0.50808	0.528033	0.503805	0.512959	0.506744	0.514228
N0.HOG0001725	0.151523	0.0245313	0.531113	0.520478	0.00623076	0.512386	0.519406	0.505035	0.505035	0.505328	0.505328	0.509074	0.524327	0.517942	0.0268305	0.614679	0.614679	N/A	0.530008	0.536738	0.53018	0.518548	0.511318	0.508401	0.53477	0.525629	0.514588	0.50808	0.528033	0.503805	0.512959	0.506744	0.514228
N0.HOG0001729	0.602993	0.0245313	0.531113	0.520478	0.524313	0.0124616	0.00979517	0.505035	0.505035	0.505328	0.505328	0.509074	0.524327	0.517942	0.517942	0.614679	0.614679	N/A	0.530008	0.536738	0.53018	0.518548	0.511318	0.00421777	0.53477	0.525629	0.514588	0.50808	0.528033	0.503805	0.512959	0.506744	0.514228
N0.HOG0001739	0.151523	0.0713534	0.531113	0.5	0.5	0.5	0.5	0.5	0.5	0.5	0.5	0.5	0.5	0.5	0.5	0.16829	0.614679	N/A	0.530008	0.536738	0.53018	0.518548	0.0169447	0.5	0.0518419	0.5	0.5	0.5	0.5	0.5	0.5	0.5	0.514228
N0.HOG0001741	0.0538164	0.547972	0.531113	0.0103418	0.512386	0.512386	0.00979517	0.505035	0.505035	0.505328	0.505328	0.509074	0.546894	0.534923	0.052391	0.614679	0.614679	N/A	0.530008	0.536738	0.53018	0.518548	0.511318	0.508401	0.53477	0.525629	0.514588	0.50808	0.528033	0.503805	0.00652089	0.513352	0.514228
N0.HOG0001758	0.151523	0.0245313	0.5	0.5	0.5	0.5	0.519406	0.5	0.5	0.5	0.5	0.5	0.524327	0.5	0.5	0.16829	0.614679	N/A	0.530008	0.536738	0.53018	0.0277344	0.5	0.5	0.53477	0.525629	0.0218285	0.50808	0.0418476	0.5	0.512959	0.0101049	0.514228
N0.HOG0001761	0.602993	0.547972	0.531113	0.520478	9.67871e-07	0.512386	0.519406	0.505035	0.505035	0.505328	0.505328	0.509074	0.524327	0.517942	0.517942	0.614679	0.614679	N/A	0.530008	0.536738	0.53018	0.518548	0.511318	0.508401	0.53477	0.525629	0.514588	0.50808	0.528033	0.503805	0.512959	0.506744	0.514228
N0.HOG0001777	0.00586196	0.0245313	0.531113	0.520478	0.00623076	0.512386	0.519406	0.505035	0.505035	0.505328	0.505328	0.509074	0.524327	0.517942	0.000163851	0.614679	0.614679	N/A	0.530008	0.536738	0.53018	0.518548	0.511318	0.508401	0.53477	0.525629	0.514588	0.50808	0.528033	0.503805	0.512959	0.506744	0.514228
N0.HOG0001779	0.0538164	0.5	0.5	0.5	0.5	0.5	0.5	0.5	0.5	0.505328	0.505328	0.509074	0.5	0.5	0.5	0.614679	0.16829	N/A	0.530008	0.536738	0.0450356	0.5	0.5	0.5	0.53477	0.038275	0.5	0.50808	0.528033	0.503805	0.0193959	0.5	0.514228
N0.HOG0001781	0.602993	0.0245313	0.531113	0.520478	0.512386	0.512386	0.519406	0.505035	0.505035	0.505328	0.00267097	0.509074	0.524327	0.534923	0.534923	0.614679	0.614679	N/A	0.530008	0.536738	0.53018	0.518548	0.511318	0.508401	0.53477	0.525629	0.514588	0.50808	0.528033	0.503805	0.512959	0.00338341	0.514228
N0.HOG0001811	0.602993	5.93366e-05	0.531113	0.520478	0.00623076	0.512386	0.519406	0.505035	0.505035	0.505328	0.505328	0.509074	0.524327	0.517942	0.517942	0.614679	0.16829	N/A	0.530008	0.536738	0.53018	0.518548	0.511318	0.508401	0.53477	0.525629	0.514588	0.50808	0.528033	0.503805	0.512959	0.506744	0.514228
N0.HOG0001815	0.151523	0.547972	0.531113	0.520478	0.512386	0.512386	0.519406	0.505035	0.505035	0.505328	0.505328	4.15407e-05	0.524327	0.517942	0.000163851	0.614679	0.614679	N/A	0.530008	0.536738	0.53018	0.518548	0.511318	0.508401	0.53477	0.525629	0.514588	0.50808	0.528033	0.503805	0.512959	0.506744	0.514228
N0.HOG0001831	0.602993	0.547972	0.559353	0.539708	8.51512e-05	0.524313	0.519406	0.505035	0.505035	0.505328	0.00798461	0.509074	0.0123078	0.517942	0.517942	0.614679	0.614679	N/A	0.530008	0.536738	0.53018	0.00935839	0.522253	0.51659	0.53477	0.525629	0.514588	0.50808	0.528033	0.503805	0.512959	0.506744	0.514228
N0.HOG0001833	0.602993	5.93366e-05	0.531113	0.520478	7.76568e-05	0.512386	0.519406	0.505035	0.505035	0.505328	0.505328	0.509074	0.524327	0.517942	0.0090498	0.614679	0.614679	N/A	0.530008	0.536738	0.53018	0.518548	0.511318	0.508401	0.53477	0.525629	0.514588	0.50808	0.528033	0.503805	0.512959	0.506744	0.514228
N0.HOG0001837	0.602993	0.547972	0.531113	0.520478	0.512386	0.512386	0.519406	0.505035	0.505035	0.510571	0.0158561	0.517901	0.000359163	0.534923	0.534923	0.614679	0.0601581	N/A	0.530008	0.536738	0.53018	0.518548	0.511318	0.508401	0.53477	0.525629	0.514588	0.00405605	0.553731	0.507567	0.525416	0.513352	0.514228
N0.HOG0001857	0.602993	0.547972	0.531113	0.0306106	9.67871e-07	0.512386	0.519406	0.505035	0.505035	0.505328	0.505328	0.509074	0.524327	0.517942	0.517942	0.614679	0.614679	N/A	0.530008	0.536738	0.53018	0.518548	0.511318	0.508401	0.53477	0.525629	0.514588	0.50808	0.528033	0.503805	0.512959	0.506744	0.514228
N0.HOG0001887	0.151523	0.0713534	0.531113	0.520478	0.512386	0.512386	0.000191964	0.505035	0.505035	0.505328	0.505328	0.509074	0.546894	0.0180999	0.052391	0.614679	0.16829	N/A	0.530008	0.536738	0.53018	0.518548	0.511318	0.508401	0.53477	0.525629	0.514588	0.50808	0.528033	0.503805	0.00652089	0.513352	0.514228
N0.HOG0001930	0.602993	0.547972	0.531113	0.520478	0.512386	0.512386	0.519406	0.509993	0.509993	0.510571	0.510571	0.00911454	0.524327	0.517942	0.517942	1.99713e-07	0.614679	N/A	0.530008	0.536738	0.53018	0.518548	0.511318	0.508401	0.53477	0.525629	0.00734658	0.50808	0.0142073	0.507567	0.512959	0.506744	0.514228
N0.HOG0001931	0.151523	0.0713534	0.531113	0.0306106	0.512386	0.512386	0.00979517	0.505035	0.505035	0.505328	0.505328	0.00455726	0.524327	0.517942	0.0268305	0.16829	0.614679	N/A	0.530008	0.536738	0.53018	0.518548	0.511318	0.508401	0.53477	0.525629	0.514588	0.50808	0.528033	0.503805	0.512959	0.506744	0.514228
N0.HOG0001933	0.151523	3.29933e-18	0.559353	0.05957	0.546868	0.546868	0.5	0.5	0.5	0.5	0.5	0.5	0.524327	0.517942	0.0090498	0.00734762	0.614679	N/A	0.530008	0.536738	0.0153106	0.53607	0.522253	0.000176716	0.53477	0.038275	0.5	0.50808	0.0418476	0.5	0.512959	0.506744	0.514228
N0.HOG0001937	0.602993	0.0713534	0.531113	0.0306106	7.76568e-05	0.512386	0.519406	0.505035	0.505035	0.505328	0.505328	0.509074	0.524327	0.517942	0.517942	0.614679	0.0601581	N/A	0.530008	0.536738	0.53018	0.518548	0.511318	0.508401	0.53477	0.525629	0.514588	0.50808	0.528033	0.503805	0.512959	0.506744	0.514228
N0.HOG0001957	0.602993	0.547972	0.531113	0.0306106	9.67871e-07	0.512386	0.519406	0.505035	0.505035	0.505328	0.505328	0.509074	0.0123078	0.517942	0.517942	0.614679	0.614679	N/A	0.530008	0.536738	0.53018	0.518548	0.511318	0.508401	0.53477	0.525629	0.514588	0.50808	0.528033	0.503805	0.512959	0.506744	0.514228
N0.HOG0001978	0.602993	0.589155	0.0890604	0.539708	0.524313	0.524313	0.537689	0.509993	0.509993	0.510571	0.510571	0.517901	0.0703554	0.534923	0.000186487	0.614679	0.614679	N/A	0.530008	0.018693	0.557656	0.53607	0.522253	0.51659	0.565956	0.549305	0.528541	0.515964	0.553731	0.507567	0.525416	0.513352	0.514228
N0.HOG0001989	0.151523	0.00120648	0.531113	0.520478	0.00623076	0.512386	0.519406	0.505035	0.505035	0.505328	0.505328	0.0135898	0.524327	0.517942	0.517942	0.614679	0.614679	N/A	0.530008	0.536738	0.53018	0.518548	0.511318	0.508401	0.53477	0.525629	0.514588	0.50808	0.528033	0.503805	0.512959	0.506744	0.514228
N0.HOG0001990	0.602993	0.547972	0.531113	0.520478	0.512386	0.512386	0.519406	0.505035	0.505035	0.505328	0.505328	0.509074	0.524327	5.37122e-08	0.517942	0.614679	0.0601581	N/A	0.530008	0.536738	0.53018	0.518548	0.511318	0.508401	0.53477	0.525629	0.514588	0.50808	0.528033	0.503805	0.512959	0.506744	0.514228
N0.HOG0002010	0.602993	0.0245313	0.531113	0.0103418	0.512386	0.512386	0.519406	0.505035	0.505035	0.505328	0.00267097	0.509074	0.524327	0.517942	0.517942	0.614679	0.16829	N/A	0.530008	0.536738	0.53018	0.518548	0.511318	0.508401	0.53477	0.525629	0.514588	0.50808	0.528033	0.503805	0.512959	0.506744	0.514228
N0.HOG0002028	0.0538164	0.0245313	0.531113	0.520478	0.00623076	0.512386	0.519406	0.505035	0.505035	0.505328	0.505328	0.509074	0.524327	0.517942	0.0090498	0.614679	0.16829	N/A	0.530008	0.536738	0.53018	0.518548	0.511318	0.508401	0.53477	0.525629	0.514588	0.50808	0.528033	0.503805	0.512959	0.506744	0.514228
N0.HOG0002034	0.602993	0.0245313	0.531113	0.520478	0.524313	0.524313	0.519406	0.00252362	0.505035	0.505328	0.505328	0.509074	0.524327	0.0268305	0.517942	0.614679	0.614679	N/A	0.530008	0.536738	0.53018	0.518548	0.511318	0.00421777	0.53477	0.525629	0.514588	0.50808	0.528033	0.503805	0.512959	0.506744	0.514228
N0.HOG0002036	0.151523	0.0713534	0.531113	0.520478	0.512386	0.0185398	0.0290127	0.505035	0.505035	0.505328	0.505328	0.509074	0.524327	0.517942	0.0268305	0.614679	0.614679	N/A	0.530008	0.536738	0.53018	0.518548	0.511318	0.508401	0.53477	0.525629	0.514588	0.50808	0.528033	0.503805	0.512959	0.506744	0.514228
N0.HOG0002039	0.151523	0.0245313	0.531113	0.520478	0.512386	0.512386	0.00979517	0.505035	0.505035	0.505328	0.505328	0.509074	0.524327	0.534923	0.534923	0.614679	0.614679	N/A	0.530008	0.536738	0.53018	0.518548	0.511318	0.508401	0.53477	0.525629	0.514588	0.50808	0.528033	0.503805	0.512959	0.00338341	0.514228
N0.HOG0002040	0.151523	0.547972	0.531113	0.520478	0.512386	0.00623076	0.00979517	0.505035	0.505035	0.505328	0.505328	0.509074	0.0123078	0.517942	0.517942	0.16829	0.614679	N/A	0.530008	0.536738	0.53018	0.518548	0.511318	0.508401	0.53477	0.525629	0.514588	0.50808	0.528033	0.503805	0.512959	0.506744	0.514228
N0.HOG0002052	0.602993	0.0245313	0.531113	4.42819e-06	0.512386	0.512386	0.519406	0.505035	0.505035	0.505328	0.505328	0.509074	0.524327	0.517942	0.517942	0.614679	0.0601581	N/A	0.530008	0.536738	0.53018	0.518548	0.511318	0.508401	0.53477	0.525629	0.514588	0.50808	0.528033	0.503805	0.512959	0.506744	0.514228
N0.HOG0002060	0.602993	0.547972	0.531113	0.520478	1.50347e-10	0.512386	0.519406	0.505035	0.505035	0.505328	0.505328	0.509074	0.524327	0.517942	0.517942	0.614679	0.614679	N/A	0.530008	0.536738	0.53018	0.518548	0.511318	0.508401	0.53477	0.525629	0.514588	0.50808	0.528033	0.503805	0.512959	0.506744	0.514228
N0.HOG0002065	0.602993	0.547972	0.0464199	0.520478	0.5	0.5	0.00979517	0.505035	0.505035	0.00267097	0.505328	0.509074	0.524327	0.517942	0.0268305	0.16829	0.614679	N/A	0.530008	0.536738	0.53018	0.518548	0.511318	0.0125831	0.53477	0.525629	0.514588	0.50808	0.528033	0.503805	0.512959	0.506744	0.514228
N0.HOG0002071	0.151523	0.547972	0.0157906	0.520478	0.512386	0.512386	0.519406	0.505035	0.505035	0.0236165	0.51573	0.52649	0.0363393	0.517942	0.0268305	0.614679	0.16829	N/A	0.530008	0.536738	0.53018	0.518548	0.511318	0.508401	0.53477	0.525629	0.514588	0.50808	0.000404019	0.511287	0.512959	0.506744	0.514228
N0.HOG0002072	0.151523	0.0713534	0.531113	0.5	0.5	0.5	0.5	0.5	0.5	0.5	0.5	0.5	0.5	0.5	0.5	0.0601581	0.16829	N/A	0.530008	0.536738	0.53018	0.518548	0.0169447	0.5	0.0518419	0.5	0.5	0.5	0.5	0.5	0.5	0.5	0.514228
N0.HOG0002075	0.602993	0.547972	0.000499186	0.520478	0.512386	0.512386	0.519406	0.505035	0.505035	0.505328	0.505328	0.00455726	0.524327	0.0090498	0.517942	0.614679	0.16829	N/A	0.530008	0.536738	0.53018	0.518548	0.511318	0.508401	0.53477	0.525629	0.514588	0.50808	0.528033	0.503805	0.512959	0.506744	0.514228
N0.HOG0002110	0.602993	0.0245313	0.531113	0.520478	7.76568e-05	0.512386	0.00979517	0.505035	0.505035	0.505328	0.505328	0.509074	0.524327	0.517942	0.517942	0.614679	0.614679	N/A	0.530008	0.536738	0.53018	0.518548	0.511318	0.508401	0.53477	0.525629	0.514588	0.50808	0.528033	0.503805	0.512959	0.506744	0.514228
N0.HOG0002153	0.0538164	0.547972	0.531113	0.520478	0.00623076	0.512386	0.519406	0.505035	0.505035	0.505328	0.505328	0.509074	0.524327	0.517942	0.000163851	0.614679	0.614679	N/A	0.530008	0.536738	0.53018	0.518548	0.511318	0.508401	0.53477	0.525629	0.514588	0.50808	0.528033	0.503805	0.512959	0.506744	0.514228
N0.HOG0002155	0.0538164	0.547972	0.531113	0.520478	0.512386	0.512386	0.519406	0.505035	0.505035	0.505328	0.505328	0.00455726	0.0123078	0.0268305	0.0090498	0.614679	0.614679	N/A	0.530008	0.536738	0.53018	0.518548	0.511318	0.508401	0.53477	0.525629	0.514588	0.50808	0.528033	0.503805	0.512959	0.506744	0.514228
N0.HOG0002173	0.602993	0.0713534	0.531113	0.520478	0.512386	0.00623076	0.519406	0.505035	0.505035	0.505328	0.505328	0.00455726	0.524327	0.517942	0.0268305	0.614679	0.614679	N/A	0.530008	0.536738	0.53018	0.518548	0.511318	0.508401	0.53477	0.525629	0.514588	0.50808	0.528033	0.503805	0.512959	0.506744	0.514228
N0.HOG0002177	0.151523	0.0245313	0.531113	0.520478	0.00623076	0.512386	0.0290127	0.505035	0.505035	0.505328	0.505328	0.509074	0.546894	0.534923	0.052391	0.614679	0.0601581	N/A	0.530008	0.536738	0.53018	0.518548	0.511318	0.508401	0.53477	0.525629	0.514588	0.50808	0.528033	0.503805	0.00652089	0.513352	0.514228
N0.HOG0002182	0.602993	0.547972	0.531113	0.520478	0.512386	0.512386	0.519406	0.505035	0.505035	0.505328	0.505328	0.509074	0.524327	5.37122e-08	0.517942	0.614679	0.614679	N/A	0.530008	0.536738	0.53018	0.518548	0.511318	0.508401	0.53477	0.525629	0.514588	0.50808	0.528033	0.503805	0.512959	0.506744	0.514228
N0.HOG0002208	0.602993	0.547972	0.531113	0.520478	9.67871e-07	0.512386	0.519406	0.505035	0.505035	0.505328	0.505328	0.509074	0.524327	0.517942	0.517942	0.614679	0.614679	N/A	0.530008	0.536738	0.53018	0.518548	0.511318	0.508401	0.53477	0.525629	0.514588	0.50808	0.528033	0.503805	0.512959	0.506744	0.514228
N0.HOG0002212	0.602993	0.0245313	0.531113	0.520478	9.67871e-07	0.512386	0.519406	0.505035	0.505035	0.505328	0.505328	0.509074	0.524327	0.517942	0.517942	0.614679	0.614679	N/A	0.530008	0.536738	0.53018	0.518548	0.511318	0.508401	0.53477	0.525629	0.514588	0.50808	0.528033	0.503805	0.512959	0.506744	0.514228
N0.HOG0002239	0.602993	0.589155	6.01629e-05	0.520478	0.512386	0.512386	0.519406	0.505035	0.505035	0.505328	0.505328	0.509074	0.524327	0.517942	0.517942	0.614679	0.614679	N/A	0.530008	0.536738	0.0153106	0.53607	0.0333814	0.508401	0.53477	0.525629	0.514588	0.50808	0.528033	0.503805	0.512959	0.506744	0.514228
N0.HOG0002253	0.602993	0.547972	0.531113	1.89607e-09	0.512386	0.512386	0.519406	0.505035	0.505035	0.505328	0.505328	0.509074	0.524327	0.517942	0.517942	0.614679	0.16829	N/A	0.530008	0.536738	0.53018	0.518548	0.511318	0.508401	0.53477	0.525629	0.514588	0.50808	0.528033	0.503805	0.512959	0.506744	0.514228
N0.HOG0002291	0.602993	0.547972	0.531113	0.520478	9.67871e-07	0.512386	0.519406	0.505035	0.505035	0.505328	0.505328	0.509074	0.524327	0.517942	0.517942	0.614679	0.614679	N/A	0.530008	0.536738	0.53018	0.518548	0.511318	0.508401	0.53477	0.525629	0.514588	0.50808	0.528033	0.503805	0.512959	0.506744	0.514228
N0.HOG0002326	0.0538164	0.0713534	0.531113	0.520478	0.512386	0.512386	0.519406	0.505035	0.505035	0.505328	0.505328	0.0135898	0.546894	0.0180999	0.534923	0.614679	0.614679	N/A	0.530008	0.536738	0.53018	0.518548	0.511318	0.508401	0.53477	0.525629	0.514588	0.50808	0.528033	0.503805	0.00652089	0.513352	0.514228
N0.HOG0002342	0.602993	0.547972	0.531113	0.0306106	0.512386	0.512386	0.519406	0.505035	0.505035	0.505328	0.505328	0.509074	0.00148645	0.534923	0.052391	0.0601581	0.614679	N/A	0.530008	0.536738	0.53018	0.518548	0.511318	0.508401	0.53477	0.525629	0.514588	0.50808	0.528033	0.503805	0.00652089	0.513352	0.514228
N0.HOG0002365	0.602993	0.0245313	0.531113	0.520478	0.512386	0.512386	0.00979517	0.505035	0.505035	0.505328	0.505328	0.509074	0.0123078	0.517942	0.0268305	0.16829	0.614679	N/A	0.530008	0.536738	0.53018	0.518548	0.511318	0.508401	0.53477	0.525629	0.514588	0.50808	0.528033	0.503805	0.512959	0.506744	0.514228
N0.HOG0002403	0.151523	0.547972	0.531113	0.520478	0.512386	0.512386	0.519406	0.505035	0.505035	0.510571	0.0158561	0.00911454	0.524327	0.517942	0.0090498	0.614679	0.614679	N/A	0.530008	0.536738	0.53018	0.518548	0.511318	0.508401	0.53477	0.525629	0.514588	0.50808	0.0142073	0.507567	0.512959	0.506744	0.514228
N0.HOG0002462	0.602993	2.91826e-06	0.531113	0.520478	0.512386	0.512386	0.0290127	0.505035	0.505035	0.505328	0.505328	0.509074	0.524327	0.517942	0.517942	0.614679	0.614679	N/A	0.530008	0.536738	0.53018	0.518548	0.511318	0.508401	0.53477	0.525629	0.514588	0.50808	0.528033	0.503805	0.512959	0.506744	0.514228
N0.HOG0002505	0.151523	0.547972	0.531113	0.520478	0.512386	0.0185398	0.00979517	0.505035	0.505035	0.505328	0.505328	0.509074	0.0363393	0.517942	0.0268305	0.16829	0.0601581	N/A	0.530008	0.536738	0.53018	0.518548	0.511318	0.508401	0.53477	0.525629	0.514588	0.50808	0.528033	0.503805	0.512959	0.506744	0.514228
N0.HOG0002539	0.602993	0.0245313	0.531113	0.520478	0.512386	0.512386	0.0290127	0.505035	0.505035	0.505328	0.505328	0.509074	0.524327	0.517942	0.000163851	0.614679	0.614679	N/A	0.530008	0.536738	0.53018	0.518548	0.511318	0.508401	0.53477	0.525629	0.514588	0.50808	0.528033	0.503805	0.512959	0.506744	0.514228
N0.HOG0002540	0.602993	0.547972	0.531113	0.0306106	9.67871e-07	0.512386	0.519406	0.505035	0.505035	0.505328	0.505328	0.509074	0.524327	0.517942	0.517942	0.614679	0.614679	N/A	0.530008	0.536738	0.53018	0.518548	0.511318	0.508401	0.53477	0.525629	0.514588	0.50808	0.528033	0.503805	0.512959	0.506744	0.514228
N0.HOG0002557	0.602993	0.0713534	0.531113	0.0206842	8.51512e-05	0.524313	0.519406	0.505035	0.505035	0.505328	0.505328	0.509074	0.524327	0.0268305	0.517942	0.614679	0.614679	N/A	0.530008	0.536738	0.53018	0.518548	0.00569069	0.51659	0.53477	0.525629	0.514588	0.50808	0.528033	0.503805	0.512959	0.506744	0.514228
N0.HOG0002562	0.151523	0.547972	0.531113	0.520478	0.512386	0.512386	0.0290127	0.505035	0.505035	0.505328	0.505328	0.509074	0.0363393	0.517942	0.0268305	0.16829	0.614679	N/A	0.530008	0.536738	0.53018	0.518548	0.511318	0.508401	0.53477	0.525629	0.514588	0.50808	0.528033	0.503805	0.512959	0.506744	0.514228
N0.HOG0002654	0.0538164	0.0713534	0.531113	0.520478	0.00623076	0.512386	0.519406	0.505035	0.505035	0.505328	0.505328	0.509074	0.0363393	0.000163851	0.517942	0.16829	0.614679	N/A	0.530008	0.536738	0.53018	0.518548	0.511318	0.508401	0.53477	0.525629	0.514588	0.50808	0.528033	0.503805	0.512959	0.506744	0.514228
N0.HOG0002661	0.151523	0.547972	0.531113	0.520478	0.512386	0.512386	0.519406	0.505035	0.505035	0.505328	0.505328	4.15407e-05	0.524327	0.517942	0.000163851	0.614679	0.614679	N/A	0.530008	0.536738	0.53018	0.518548	0.511318	0.508401	0.53477	0.525629	0.514588	0.50808	0.528033	0.503805	0.512959	0.506744	0.514228
N0.HOG0002710	0.602993	0.547972	0.531113	0.520478	0.0124616	0.524313	0.519406	0.505035	0.505035	0.505328	0.505328	0.509074	0.0363393	0.517942	0.0090498	0.614679	0.614679	N/A	0.530008	0.536738	0.53018	0.518548	0.511318	0.00421777	0.53477	0.525629	0.514588	0.50808	0.528033	0.503805	0.512959	0.506744	0.514228
N0.HOG0002711	0.602993	0.00120648	0.531113	0.520478	0.512386	0.512386	0.00979517	0.505035	0.505035	0.505328	0.505328	0.509074	0.524327	0.0090498	0.517942	0.16829	0.614679	N/A	0.530008	0.536738	0.53018	0.518548	0.511318	0.508401	0.53477	0.525629	0.514588	0.50808	0.528033	0.503805	0.512959	0.506744	0.514228
N0.HOG0002729	0.602993	0.547972	0.531113	0.520478	7.76568e-05	0.512386	0.00979517	0.505035	0.505035	0.505328	0.505328	0.509074	0.524327	0.517942	0.0090498	0.0601581	0.16829	N/A	0.530008	0.536738	0.53018	0.518548	0.511318	0.508401	0.53477	0.525629	0.514588	0.50808	0.528033	0.503805	0.512959	0.506744	0.514228
N0.HOG0002800	0.151523	0.547972	0.531113	0.0103418	0.512386	0.512386	0.0290127	0.509993	0.509993	0.510571	0.510571	0.517901	0.524327	0.0090498	0.0268305	0.16829	0.614679	N/A	0.530008	0.536738	0.53018	0.518548	0.511318	0.508401	0.53477	0.525629	0.00734658	0.50808	0.0142073	0.507567	0.512959	0.506744	0.514228
N0.HOG0002822	0.151523	0.5	0.5	0.5	0.5	0.5	0.519406	0.5	0.5	0.5	0.5	0.5	0.5	0.5	0.5	0.16829	0.614679	N/A	0.530008	0.536738	0.0450356	0.5	0.5	0.5	0.53477	0.525629	0.0218285	0.0121031	0.5	0.5	0.5	0.5	0.514228
N0.HOG0002852	0.602993	5.93366e-05	0.531113	0.520478	0.00623076	0.512386	0.519406	0.505035	0.505035	0.5	0.5	0.509074	0.524327	0.517942	0.517942	0.614679	0.614679	N/A	0.530008	0.536738	0.53018	0.518548	0.511318	0.508401	0.53477	0.525629	0.514588	0.50808	0.528033	0.00570442	0.512959	0.506744	0.514228
N0.HOG0002857	0.602993	0.547972	0.531113	0.00105257	0.524313	0.0364718	0.519406	0.505035	0.505035	0.505328	0.505328	0.509074	0.524327	0.517942	0.517942	0.614679	0.614679	N/A	0.530008	0.536738	0.53018	0.518548	0.00569069	0.51659	0.53477	0.525629	0.514588	0.50808	0.528033	0.503805	0.512959	0.506744	0.514228
N0.HOG0002877	0.602993	0.547972	0.531113	0.520478	0.512386	0.512386	0.519406	0.505035	0.505035	0.505328	0.505328	0.509074	0.524327	5.37122e-08	0.517942	0.614679	0.614679	N/A	0.530008	0.536738	0.53018	0.518548	0.511318	0.508401	0.53477	0.525629	0.514588	0.50808	0.528033	0.503805	0.512959	0.506744	0.514228
N0.HOG0002932	0.602993	0.00120648	0.531113	0.520478	0.00623076	0.512386	0.519406	0.505035	0.505035	0.505328	0.505328	0.509074	0.524327	0.517942	0.0268305	0.614679	0.614679	N/A	0.530008	0.536738	0.53018	0.518548	0.511318	0.508401	0.53477	0.525629	0.514588	0.50808	0.528033	0.503805	0.512959	0.506744	0.514228
N0.HOG0002935	0.151523	0.547972	0.531113	0.520478	0.512386	0.512386	0.0290127	0.505035	0.505035	0.505328	0.505328	0.509074	0.0123078	0.0090498	0.0268305	0.614679	0.614679	N/A	0.530008	0.536738	0.53018	0.518548	0.511318	0.508401	0.53477	0.525629	0.514588	0.50808	0.528033	0.503805	0.512959	0.506744	0.514228
N0.HOG0002945	0.151523	0.0713534	0.0464199	0.0306106	0.512386	0.0185398	0.5	0.5	0.5	0.5	0.5	0.5	0.5	0.5	0.5	0.614679	0.16829	N/A	0.530008	0.536738	0.53018	0.518548	0.511318	0.508401	0.0518419	0.5	0.5	0.5	0.5	0.5	0.5	0.5	0.514228
N0.HOG0002950	0.602993	0.547972	0.531113	0.520478	0.512386	0.00623076	0.000191964	0.505035	0.505035	0.505328	0.505328	0.509074	0.524327	0.517942	0.0268305	0.614679	0.614679	N/A	0.530008	0.536738	0.53018	0.518548	0.511318	0.508401	0.53477	0.525629	0.514588	0.50808	0.528033	0.503805	0.512959	0.506744	0.514228
N0.HOG0003013	0.602993	0.0245313	0.0464199	0.520478	0.512386	0.512386	0.519406	0.505035	0.505035	0.505328	0.505328	0.0135898	0.0363393	0.517942	0.517942	0.614679	0.614679	N/A	0.530008	0.536738	0.53018	0.518548	0.511318	0.508401	0.53477	0.525629	0.514588	0.50808	0.528033	0.503805	0.512959	0.506744	0.514228
N0.HOG0003304	0.151523	0.547972	0.531113	0.520478	0.512386	0.512386	0.0290127	0.505035	0.505035	0.505328	0.505328	0.509074	0.0363393	0.0268305	0.517942	0.614679	0.16829	N/A	0.530008	0.536738	0.53018	0.518548	0.511318	0.508401	0.53477	0.525629	0.514588	0.50808	0.528033	0.503805	0.512959	0.506744	0.514228
N0.HOG0003487	0.602993	0.0245313	0.531113	0.0306106	0.512386	0.0185398	0.519406	0.00252362	0.505035	0.505328	0.505328	0.509074	0.524327	0.517942	0.517942	0.614679	0.16829	N/A	0.530008	0.536738	0.53018	0.518548	0.511318	0.508401	0.53477	0.525629	0.514588	0.50808	0.528033	0.503805	0.512959	0.506744	0.514228
N0.HOG0003560	0.602993	0.0245313	0.531113	0.520478	9.67871e-07	0.512386	0.519406	0.505035	0.505035	0.505328	0.505328	0.509074	0.524327	0.517942	0.517942	0.614679	0.614679	N/A	0.530008	0.536738	0.53018	0.518548	0.511318	0.508401	0.53477	0.525629	0.514588	0.50808	0.528033	0.503805	0.512959	0.506744	0.514228
N0.HOG0003653	0.602993	0.547972	0.0464199	0.520478	0.512386	0.0185398	0.554922	0.514877	0.00757054	0.505328	0.00267097	0.509074	0.524327	0.534923	0.534923	0.614679	0.614679	N/A	0.530008	0.536738	0.53018	0.518548	0.511318	0.508401	0.53477	0.000336893	0.54189	0.50808	0.528033	0.503805	0.512959	0.00338341	0.514228
N0.HOG0003712	0.151523	0.0245313	0.531113	0.520478	0.512386	0.512386	0.519406	0.505035	0.505035	0.505328	0.505328	0.509074	0.0363393	0.0268305	0.517942	0.614679	0.16829	N/A	0.530008	0.536738	0.53018	0.518548	0.511318	0.508401	0.53477	0.525629	0.514588	0.50808	0.528033	0.503805	0.512959	0.506744	0.514228
N0.HOG0003788	0.602993	0.0245313	0.531113	0.520478	0.512386	0.512386	0.00979517	0.505035	0.505035	0.505328	0.505328	0.509074	0.546894	0.534923	0.052391	0.16829	0.614679	N/A	0.530008	0.536738	0.53018	0.518548	0.511318	0.508401	0.53477	0.525629	0.514588	0.50808	0.528033	0.503805	0.00652089	0.513352	0.514228
N0.HOG0003840	0.151523	0.547972	0.531113	0.520478	0.512386	0.0185398	0.519406	0.505035	0.505035	0.510571	0.510571	0.517901	0.0363393	0.517942	0.517942	0.614679	0.614679	N/A	0.530008	0.536738	0.53018	0.518548	0.511318	0.508401	0.53477	0.525629	0.514588	0.50808	0.0142073	0.507567	0.512959	0.506744	0.514228
N0.HOG0003855	0.602993	0.0713534	0.531113	0.520478	0.512386	0.512386	0.519406	0.505035	0.505035	0.505328	0.505328	0.509074	0.0246168	0.052391	0.534923	0.614679	0.614679	N/A	0.530008	0.536738	0.53018	0.518548	0.511318	0.508401	0.53477	0.525629	0.514588	0.50808	0.528033	0.503805	0.00652089	0.513352	0.514228
N0.HOG0004299	0.151523	0.547972	0.0464199	0.0306106	0.512386	0.0185398	0.519406	0.5	0.5	0.5	0.5	0.5	0.5	0.5	0.5	0.614679	0.0601581	N/A	0.530008	0.536738	0.53018	0.518548	0.511318	0.508401	0.53477	0.525629	0.0218285	0.0121031	0.5	0.5	0.5	0.5	0.514228
N0.HOG0004363	0.151523	0.00120648	0.531113	0.520478	0.512386	0.512386	0.519406	0.505035	0.505035	0.510571	0.510571	0.509074	0.524327	0.517942	0.517942	0.0601581	0.16829	N/A	0.530008	0.536738	0.53018	0.518548	0.511318	0.508401	0.53477	0.525629	0.514588	0.50808	0.528033	0.00190629	0.512959	0.506744	0.514228
N0.HOG0004600	0.602993	0.547972	0.531113	0.520478	9.67871e-07	0.512386	0.519406	0.5	0.5	0.505328	0.505328	0.509074	0.524327	0.517942	0.517942	0.614679	0.614679	N/A	0.530008	0.536738	0.53018	0.518548	0.511318	0.508401	0.53477	0.525629	0.0218285	0.50808	0.528033	0.503805	0.512959	0.506744	0.514228
N0.HOG0004806	0.602993	0.0245313	0.0464199	0.0306106	0.512386	0.512386	0.519406	0.505035	0.505035	0.505328	0.505328	0.509074	0.0363393	0.517942	0.517942	0.614679	0.614679	N/A	0.530008	0.536738	0.53018	0.518548	0.511318	0.508401	0.53477	0.525629	0.514588	0.50808	0.528033	0.503805	0.512959	0.506744	0.514228
N0.HOG0004813	0.151523	0.547972	0.000499186	0.520478	0.5	0.5	0.0290127	0.00754557	0.505035	0.5	0.5	0.5	0.524327	0.5	0.5	0.16829	0.614679	N/A	0.530008	0.536738	0.53018	0.518548	0.511318	0.0125831	0.53477	0.525629	0.514588	0.50808	0.0418476	0.5	0.512959	0.0101049	0.514228
N0.HOG0004903	0.602993	0.547972	0.531113	0.520478	0.512386	0.512386	0.519406	0.505035	0.505035	0.505328	0.505328	0.509074	1.83911e-07	0.517942	0.517942	0.614679	0.16829	N/A	0.530008	0.536738	0.53018	0.518548	0.511318	0.508401	0.53477	0.525629	0.514588	0.50808	0.528033	0.503805	0.512959	0.506744	0.514228
N0.HOG0005492	0.151523	0.0713534	0.531113	0.520478	0.0185398	0.512386	0.0290127	0.505035	0.505035	0.505328	0.505328	0.509074	0.0363393	0.0268305	0.517942	0.614679	0.614679	N/A	0.530008	0.536738	0.53018	0.518548	0.511318	0.508401	0.53477	0.525629	0.514588	0.50808	0.528033	0.503805	0.512959	0.506744	0.514228
N0.HOG0005583	0.602993	0.547972	0.531113	0.0306106	0.512386	0.512386	0.00979517	0.505035	0.505035	0.505328	0.00798461	0.509074	0.524327	0.517942	0.517942	0.614679	0.614679	N/A	0.530008	0.536738	0.53018	0.518548	0.511318	0.508401	0.53477	0.525629	0.514588	0.50808	0.528033	0.503805	0.512959	0.506744	0.514228
N0.HOG0005762	0.151523	0.547972	0.531113	0.520478	0.512386	7.76568e-05	0.519406	0.505035	0.505035	0.505328	0.505328	0.509074	0.524327	0.0268305	0.517942	0.614679	0.614679	N/A	0.530008	0.536738	0.53018	0.518548	0.511318	0.508401	0.53477	0.525629	0.514588	0.50808	0.528033	0.503805	0.512959	0.506744	0.514228
N0.HOG0005902	0.151523	0.547972	0.531113	0.0306106	7.76568e-05	0.512386	0.519406	0.505035	0.505035	0.505328	0.505328	0.509074	0.524327	0.517942	0.517942	0.614679	0.614679	N/A	0.530008	0.536738	0.53018	0.518548	0.511318	0.508401	0.53477	0.525629	0.514588	0.50808	0.528033	0.503805	0.512959	0.506744	0.514228
N0.HOG0005904	0.151523	0.547972	0.0464199	0.0306106	0.00623076	0.0185398	0.519406	0.505035	0.505035	0.505328	0.505328	0.509074	0.524327	0.534923	0.534923	0.614679	0.0601581	N/A	0.530008	0.536738	0.53018	0.518548	0.511318	0.508401	0.53477	0.525629	0.514588	0.50808	0.528033	0.503805	0.512959	0.00338341	0.514228
N0.HOG0005916	0.602993	0.0713534	0.559353	0.539708	0.0364718	0.524313	0.519406	0.505035	0.505035	0.505328	0.505328	0.0135898	0.524327	0.517942	0.517942	0.614679	0.614679	N/A	0.530008	0.536738	0.53018	0.00935839	0.522253	0.51659	0.53477	0.525629	0.514588	0.50808	0.528033	0.503805	0.512959	0.506744	0.514228
N0.HOG0006059	0.602993	0.589155	0.0890604	0.539708	8.51512e-05	0.524313	0.519406	0.505035	0.505035	0.505328	0.505328	0.509074	0.524327	0.517942	0.517942	0.614679	0.614679	N/A	0.530008	0.536738	0.0153106	0.53607	0.522253	0.51659	0.53477	0.525629	0.514588	0.50808	0.528033	0.503805	0.512959	0.506744	0.514228
N0.HOG0006063	0.602993	0.0713534	0.531113	0.000213999	0.0185398	0.512386	0.519406	0.505035	0.505035	0.505328	0.505328	0.509074	0.524327	0.517942	0.517942	0.614679	0.614679	N/A	0.530008	0.536738	0.53018	0.518548	0.511318	0.508401	0.53477	0.525629	0.514588	0.50808	0.528033	0.503805	0.512959	0.506744	0.514228
N0.HOG0006183	0.151523	0.0245313	0.531113	0.520478	0.00623076	0.512386	0.519406	0.505035	0.505035	0.505328	0.505328	0.509074	0.546894	0.534923	0.052391	0.614679	0.614679	N/A	0.530008	0.536738	0.53018	0.518548	0.511318	0.508401	0.53477	0.525629	0.514588	0.50808	0.528033	0.503805	0.00652089	0.513352	0.514228
N0.HOG0006268	0.602993	0.0245313	0.0464199	0.520478	0.00623076	0.0185398	0.519406	0.505035	0.505035	0.505328	0.00798461	0.509074	0.524327	0.517942	0.517942	0.614679	0.614679	N/A	0.530008	0.536738	0.53018	0.518548	0.511318	0.508401	0.53477	0.525629	0.514588	0.50808	0.528033	0.503805	0.512959	0.506744	0.514228
N0.HOG0006369	0.151523	0.5	0.5	0.5	0.5	0.5	0.519406	0.5	0.5	0.5	0.5	0.5	0.5	0.5	0.5	0.614679	0.614679	N/A	0.530008	0.536738	0.0450356	0.5	0.5	0.5	0.53477	0.525629	0.0218285	0.0121031	0.5	0.5	0.5	0.5	0.514228
N0.HOG0006455	0.602993	0.547972	0.531113	0.520478	0.00623076	0.512386	0.00979517	0.505035	0.505035	0.505328	0.505328	0.509074	0.524327	0.534923	0.534923	0.614679	0.614679	N/A	0.530008	0.536738	0.53018	0.518548	0.511318	0.508401	0.53477	0.525629	0.514588	0.50808	0.528033	0.503805	0.512959	0.00338341	0.514228
N0.HOG0006458	0.602993	0.00120648	0.531113	0.520478	0.512386	0.512386	0.519406	0.5	0.5	0.505328	0.505328	0.0135898	0.524327	0.517942	0.517942	0.614679	0.16829	N/A	0.530008	0.536738	0.53018	0.518548	0.511318	0.508401	0.53477	0.525629	0.0218285	0.50808	0.528033	0.503805	0.512959	0.506744	0.514228
N0.HOG0006530	0.602993	0.0245313	0.531113	0.520478	0.00623076	0.512386	0.519406	0.505035	0.505035	0.505328	0.505328	0.509074	0.524327	0.517942	0.0268305	0.16829	0.614679	N/A	0.530008	0.536738	0.53018	0.518548	0.511318	0.508401	0.53477	0.525629	0.514588	0.50808	0.528033	0.503805	0.512959	0.506744	0.514228
N0.HOG0006640	0.151523	0.00120648	0.531113	0.0306106	0.512386	0.512386	0.519406	0.505035	0.505035	0.505328	0.00798461	0.0135898	0.524327	0.517942	0.517942	0.614679	0.614679	N/A	0.530008	0.536738	0.53018	0.518548	0.511318	0.508401	0.53477	0.525629	0.514588	0.50808	0.528033	0.503805	0.512959	0.506744	0.514228
N0.HOG0006728	0.602993	0.547972	0.531113	9.16306e-08	0.512386	0.512386	0.519406	0.505035	0.505035	0.505328	0.505328	0.509074	0.524327	0.517942	0.0268305	0.614679	0.16829	N/A	0.530008	0.536738	0.53018	0.518548	0.511318	0.508401	0.53477	0.525629	0.514588	0.50808	0.528033	0.503805	0.512959	0.506744	0.514228
N0.HOG0006779	0.602993	5.93366e-05	0.531113	0.520478	0.00623076	0.512386	0.519406	0.505035	0.505035	0.505328	0.505328	0.509074	0.524327	0.517942	0.0268305	0.16829	0.614679	N/A	0.530008	0.536738	0.53018	0.518548	0.511318	0.508401	0.53477	0.525629	0.514588	0.50808	0.528033	0.503805	0.512959	0.506744	0.514228
N0.HOG0006793	0.151523	0.547972	0.531113	0.0306106	0.0185398	0.512386	0.519406	0.505035	0.505035	0.00798461	0.505328	0.509074	0.524327	0.517942	0.517942	0.614679	0.614679	N/A	0.530008	0.536738	0.53018	0.518548	0.511318	0.508401	0.53477	0.525629	0.514588	0.50808	0.528033	0.503805	0.512959	0.506744	0.514228
N0.HOG0006869	0.151523	0.0713534	0.0464199	0.520478	0.0185398	0.512386	0.519406	0.505035	0.00754557	0.505328	0.00798461	0.509074	0.0363393	0.0268305	0.0090498	0.614679	0.16829	N/A	0.530008	0.536738	0.53018	0.518548	0.511318	0.508401	0.53477	0.525629	0.514588	0.50808	0.528033	0.503805	0.512959	0.506744	0.514228
N0.HOG0007019	0.602993	0.00120648	0.0464199	0.520478	0.512386	0.512386	0.519406	0.505035	0.505035	0.00798461	0.505328	0.0135898	0.524327	0.0090498	0.517942	0.614679	0.614679	N/A	0.530008	0.536738	0.53018	0.518548	0.511318	0.508401	0.53477	0.525629	0.514588	0.50808	0.528033	0.503805	0.512959	0.506744	0.514228
N0.HOG0007131	0.602993	0.0713534	0.531113	0.520478	0.00623076	0.512386	0.519406	0.505035	0.505035	0.505328	0.505328	0.509074	0.0363393	0.517942	0.0268305	0.614679	0.614679	N/A	0.530008	0.536738	0.53018	0.518548	0.511318	0.508401	0.53477	0.525629	0.514588	0.50808	0.528033	0.503805	0.512959	0.506744	0.514228
N0.HOG0007166	0.00586196	0.0713534	0.531113	0.520478	0.0185398	0.512386	0.00979517	0.505035	0.505035	0.505328	0.505328	0.509074	0.546894	0.534923	0.052391	0.16829	0.614679	N/A	0.530008	0.536738	0.53018	0.518548	0.511318	0.508401	0.53477	0.525629	0.514588	0.50808	0.528033	0.503805	0.00652089	0.513352	0.514228
N0.HOG0007173	0.602993	0.547972	0.531113	0.520478	0.512386	0.0185398	0.519406	0.00754557	0.505035	0.505328	0.00798461	0.509074	0.524327	0.517942	0.517942	0.614679	0.614679	N/A	0.530008	0.536738	0.53018	0.518548	0.511318	0.508401	0.53477	0.525629	0.514588	0.50808	0.528033	0.503805	0.512959	0.506744	0.514228
N0.HOG0007186	0.602993	0.547972	0.531113	0.520478	0.512386	0.512386	0.0290127	0.505035	0.505035	0.505328	0.505328	0.509074	0.0363393	0.0268305	0.517942	0.614679	0.16829	N/A	0.530008	0.536738	0.53018	0.518548	0.511318	0.508401	0.53477	0.525629	0.514588	0.50808	0.528033	0.503805	0.512959	0.506744	0.514228
N0.HOG0007194	0.151523	0.547972	0.531113	0.0306106	0.512386	0.512386	0.519406	0.505035	0.505035	0.505328	0.505328	0.509074	0.546894	0.534923	0.052391	0.614679	0.16829	N/A	0.530008	0.536738	0.53018	0.518548	0.511318	0.508401	0.53477	0.525629	0.514588	0.50808	0.528033	0.503805	0.00652089	0.513352	0.514228
N0.HOG0007261	0.602993	0.0245313	0.0464199	0.520478	0.00623076	0.512386	0.519406	0.505035	0.505035	0.505328	0.00798461	0.509074	0.524327	0.517942	0.517942	0.614679	0.614679	N/A	0.530008	0.536738	0.53018	0.518548	0.511318	0.508401	0.53477	0.525629	0.514588	0.50808	0.528033	0.503805	0.512959	0.506744	0.514228
N0.HOG0007269	0.602993	0.547972	0.531113	0.520478	0.0185398	0.512386	0.519406	0.505035	0.505035	0.505328	0.00798461	0.0135898	0.524327	0.5	0.5	0.0601581	0.614679	N/A	0.530008	0.536738	0.53018	0.518548	0.511318	0.508401	0.53477	0.525629	0.514588	0.50808	0.528033	0.503805	0.512959	0.0101049	0.514228
N0.HOG0007399	0.602993	0.547972	0.531113	0.520478	0.0185398	0.512386	0.519406	0.505035	0.505035	0.505328	0.505328	0.509074	0.0363393	0.517942	0.0268305	0.16829	0.614679	N/A	0.530008	0.536738	0.53018	0.518548	0.511318	0.508401	0.53477	0.525629	0.514588	0.50808	0.528033	0.503805	0.512959	0.506744	0.514228
N0.HOG0007409	0.151523	0.547972	0.531113	0.0306106	0.512386	0.0185398	0.519406	0.00252362	0.505035	0.505328	0.505328	0.0135898	0.524327	0.517942	0.0268305	0.614679	0.16829	N/A	0.530008	0.536738	0.53018	0.518548	0.511318	0.508401	0.53477	0.525629	0.514588	0.50808	0.528033	0.503805	0.512959	0.506744	0.514228
N0.HOG0007446	0.151523	0.547972	0.531113	0.520478	0.512386	0.512386	0.0290127	0.505035	0.505035	0.505328	0.505328	0.509074	0.0363393	0.0268305	0.517942	0.614679	0.614679	N/A	0.530008	0.536738	0.53018	0.518548	0.511318	0.508401	0.53477	0.525629	0.514588	0.50808	0.528033	0.503805	0.512959	0.506744	0.514228
N0.HOG0007474	0.602993	0.0713534	0.531113	0.520478	0.512386	0.512386	0.519406	0.00754557	0.505035	0.505328	0.00798461	0.509074	0.524327	0.517942	0.517942	0.614679	0.614679	N/A	0.530008	0.536738	0.53018	0.518548	0.511318	0.508401	0.53477	0.525629	0.514588	0.50808	0.528033	0.503805	0.512959	0.506744	0.514228
N0.HOG0007574	0.602993	0.547972	0.531113	0.520478	0.512386	0.512386	0.00979517	0.505035	0.505035	0.505328	0.505328	0.509074	0.524327	0.534923	0.000807556	0.614679	0.614679	N/A	0.530008	0.536738	0.53018	0.518548	0.511318	0.508401	0.53477	0.525629	0.514588	0.50808	0.528033	0.503805	0.512959	0.00338341	0.514228
N0.HOG0007654	0.602993	0.0713534	0.531113	0.520478	0.512386	0.512386	0.0290127	0.00754557	0.505035	0.505328	0.505328	0.509074	0.524327	0.517942	0.517942	0.614679	0.16829	N/A	0.530008	0.536738	0.53018	0.518548	0.511318	0.508401	0.53477	0.525629	0.514588	0.50808	0.528033	0.503805	0.512959	0.506744	0.514228
N0.HOG0007679	0.602993	0.547972	0.531113	0.539708	0.524313	0.0364718	0.519406	0.505035	0.505035	0.505328	0.505328	0.509074	0.0363393	0.0268305	0.517942	0.614679	0.16829	N/A	0.530008	0.536738	0.53018	0.518548	0.00569069	0.51659	0.53477	0.525629	0.514588	0.50808	0.528033	0.503805	0.512959	0.506744	0.514228
N0.HOG0007685	0.602993	0.0713534	0.531113	0.520478	0.512386	0.0185398	0.519406	0.505035	0.505035	0.505328	0.00798461	0.0135898	0.524327	0.517942	0.517942	0.614679	0.614679	N/A	0.530008	0.536738	0.53018	0.518548	0.511318	0.508401	0.53477	0.525629	0.514588	0.50808	0.528033	0.503805	0.512959	0.506744	0.514228
N0.HOG0007730	0.602993	0.0713534	0.0464199	0.520478	0.0185398	0.512386	0.519406	0.505035	0.505035	0.505328	0.505328	0.509074	0.0363393	0.517942	0.517942	0.614679	0.614679	N/A	0.530008	0.536738	0.53018	0.518548	0.511318	0.508401	0.53477	0.525629	0.514588	0.50808	0.528033	0.503805	0.512959	0.506744	0.514228
N0.HOG0007744	0.151523	0.0245313	0.531113	0.520478	0.512386	0.512386	0.0290127	0.505035	0.505035	0.505328	0.505328	0.509074	0.524327	0.517942	0.0268305	0.614679	0.16829	N/A	0.530008	0.536738	0.53018	0.518548	0.511318	0.508401	0.53477	0.525629	0.514588	0.50808	0.528033	0.503805	0.512959	0.506744	0.514228
N0.HOG0007746	0.602993	0.0713534	0.531113	0.520478	0.0185398	0.512386	0.0290127	0.00754557	0.505035	0.505328	0.505328	0.509074	0.524327	0.517942	0.517942	0.614679	0.614679	N/A	0.530008	0.536738	0.53018	0.518548	0.511318	0.508401	0.53477	0.525629	0.514588	0.50808	0.528033	0.503805	0.512959	0.506744	0.514228
N0.HOG0007749	0.151523	0.547972	0.531113	0.520478	0.0185398	0.512386	0.519406	0.505035	0.505035	0.505328	0.505328	0.509074	0.524327	0.0268305	0.0090498	0.614679	0.614679	N/A	0.530008	0.536738	0.53018	0.518548	0.511318	0.508401	0.53477	0.525629	0.514588	0.50808	0.528033	0.503805	0.512959	0.506744	0.514228
N0.HOG0007754	0.602993	0.0713534	0.531113	0.0306106	0.0185398	0.512386	0.519406	0.505035	0.505035	0.505328	0.00798461	0.509074	0.524327	0.517942	0.517942	0.614679	0.614679	N/A	0.530008	0.536738	0.53018	0.518548	0.511318	0.508401	0.53477	0.525629	0.514588	0.50808	0.528033	0.503805	0.512959	0.506744	0.514228
N0.HOG0007756	0.0538164	0.0713534	0.531113	0.520478	0.512386	0.512386	0.519406	0.505035	0.505035	0.505328	0.505328	0.509074	0.524327	0.0090498	0.0268305	0.614679	0.16829	N/A	0.530008	0.536738	0.53018	0.518548	0.511318	0.508401	0.53477	0.525629	0.514588	0.50808	0.528033	0.503805	0.512959	0.506744	0.514228
N0.HOG0007781	0.151523	0.00120648	0.531113	0.520478	0.00623076	0.512386	0.00979517	0.505035	0.505035	0.505328	0.505328	0.509074	0.524327	0.517942	0.517942	0.614679	0.614679	N/A	0.530008	0.536738	0.53018	0.518548	0.511318	0.508401	0.53477	0.525629	0.514588	0.50808	0.528033	0.503805	0.512959	0.506744	0.514228
N0.HOG0007805	0.602993	0.0713534	0.531113	0.0306106	0.0185398	0.512386	0.519406	0.505035	0.505035	0.00798461	0.505328	0.509074	0.524327	0.517942	0.517942	0.614679	0.16829	N/A	0.530008	0.536738	0.53018	0.518548	0.511318	0.508401	0.53477	0.525629	0.514588	0.50808	0.528033	0.503805	0.512959	0.506744	0.514228
N0.HOG0007820	0.151523	0.0713534	0.531113	0.520478	0.0185398	0.512386	0.519406	0.505035	0.505035	0.505328	0.00798461	0.0135898	0.524327	0.517942	0.517942	0.614679	0.0601581	N/A	0.530008	0.536738	0.53018	0.518548	0.511318	0.508401	0.53477	0.525629	0.514588	0.50808	0.528033	0.503805	0.512959	0.506744	0.514228
N0.HOG0007844	0.151523	0.547972	0.531113	0.520478	0.512386	0.512386	0.519406	0.505035	0.505035	0.505328	0.505328	0.509074	0.0363393	0.0268305	0.0090498	0.614679	0.16829	N/A	0.530008	0.536738	0.53018	0.518548	0.511318	0.508401	0.53477	0.525629	0.514588	0.50808	0.528033	0.503805	0.512959	0.506744	0.514228
N0.HOG0007848	0.602993	0.547972	0.531113	0.520478	0.512386	0.512386	0.5	0.5	0.5	0.505328	0.505328	0.509074	0.0246168	0.000807556	0.534923	0.614679	0.614679	N/A	0.530008	0.536738	0.53018	0.518548	0.511318	0.508401	0.53477	0.038275	0.5	0.50808	0.528033	0.503805	0.00652089	0.513352	0.514228
N0.HOG0007850	0.602993	0.0713534	0.531113	0.520478	0.00623076	0.512386	0.519406	0.505035	0.505035	0.505328	0.505328	0.509074	0.524327	0.0090498	0.517942	0.16829	0.614679	N/A	0.530008	0.536738	0.53018	0.518548	0.511318	0.508401	0.53477	0.525629	0.514588	0.50808	0.528033	0.503805	0.512959	0.506744	0.514228
N0.HOG0007854	0.602993	0.0713534	0.0464199	0.0306106	0.512386	0.512386	0.519406	0.505035	0.505035	0.505328	0.505328	0.509074	0.0123078	0.517942	0.0268305	0.614679	0.16829	N/A	0.530008	0.536738	0.53018	0.518548	0.511318	0.508401	0.53477	0.525629	0.514588	0.50808	0.528033	0.503805	0.512959	0.506744	0.514228
N0.HOG0007927	0.151523	0.547972	0.531113	0.520478	0.5	0.5	0.519406	0.505035	0.00252362	0.505328	0.00798461	0.509074	0.0363393	0.0268305	0.517942	0.614679	0.614679	N/A	0.530008	0.536738	0.53018	0.518548	0.511318	0.0125831	0.53477	0.525629	0.514588	0.50808	0.528033	0.503805	0.512959	0.506744	0.514228
N0.HOG0007946	0.602993	0.547972	0.0464199	0.520478	0.0185398	0.512386	0.519406	0.505035	0.505035	0.00798461	0.505328	0.0135898	0.524327	0.517942	0.517942	0.614679	0.614679	N/A	0.530008	0.536738	0.53018	0.518548	0.511318	0.508401	0.53477	0.525629	0.514588	0.50808	0.528033	0.503805	0.512959	0.506744	0.514228
N0.HOG0007962	0.602993	0.547972	0.531113	0.520478	0.00623076	0.512386	0.519406	0.505035	0.505035	0.505328	0.505328	0.0135898	0.0123078	0.517942	0.517942	0.614679	0.16829	N/A	0.530008	0.536738	0.53018	0.518548	0.511318	0.508401	0.53477	0.525629	0.514588	0.50808	0.528033	0.503805	0.512959	0.506744	0.514228
N0.HOG0007968	0.602993	0.0245313	0.531113	0.520478	0.512386	0.512386	0.0290127	0.505035	0.505035	0.505328	0.505328	0.0135898	0.0363393	0.0268305	0.517942	0.614679	0.614679	N/A	0.530008	0.536738	0.53018	0.518548	0.511318	0.508401	0.53477	0.525629	0.514588	0.50808	0.528033	0.503805	0.512959	0.506744	0.514228
N0.HOG0007984	0.602993	0.547972	0.531113	0.0103418	0.512386	0.0185398	0.519406	0.00252362	0.505035	0.505328	0.505328	0.509074	0.524327	0.517942	0.517942	0.614679	0.614679	N/A	0.530008	0.536738	0.53018	0.518548	0.511318	0.508401	0.53477	0.525629	0.514588	0.50808	0.528033	0.503805	0.512959	0.506744	0.514228
N0.HOG0008020	0.151523	0.0713534	0.0157906	0.520478	0.512386	0.512386	0.519406	0.505035	0.505035	0.505328	0.00798461	0.509074	0.0363393	0.517942	0.517942	0.614679	0.16829	N/A	0.530008	0.536738	0.53018	0.518548	0.511318	0.508401	0.53477	0.525629	0.514588	0.50808	0.528033	0.503805	0.512959	0.506744	0.514228
N0.HOG0008039	0.151523	0.0245313	0.531113	0.520478	0.512386	0.512386	0.519406	0.505035	0.505035	0.505328	0.505328	0.509074	0.0363393	0.0268305	0.517942	0.614679	0.16829	N/A	0.530008	0.536738	0.53018	0.518548	0.511318	0.508401	0.53477	0.525629	0.514588	0.50808	0.528033	0.503805	0.512959	0.506744	0.514228
N0.HOG0008040	0.602993	0.547972	0.531113	0.520478	0.00623076	0.512386	0.519406	0.505035	0.505035	0.505328	0.00798461	0.0135898	0.524327	0.517942	0.517942	0.614679	0.614679	N/A	0.530008	0.536738	0.53018	0.518548	0.511318	0.508401	0.53477	0.525629	0.514588	0.50808	0.528033	0.503805	0.512959	0.506744	0.514228
N0.HOG0008059	0.602993	0.547972	0.531113	0.520478	0.512386	0.512386	0.519406	0.5	0.5	0.5	0.5	0.509074	0.0363393	0.517942	0.517942	0.614679	0.614679	N/A	0.530008	0.536738	0.53018	0.518548	0.511318	0.508401	0.53477	0.525629	0.0218285	0.50808	0.528033	0.00570442	0.512959	0.506744	0.514228
N0.HOG0008070	0.602993	0.547972	0.531113	0.520478	0.512386	0.512386	0.519406	0.505035	0.505035	0.505328	0.505328	0.509074	0.546894	0.0180999	0.000186487	0.614679	0.16829	N/A	0.530008	0.536738	0.53018	0.518548	0.511318	0.508401	0.53477	0.525629	0.514588	0.50808	0.528033	0.503805	0.00652089	0.513352	0.514228
N0.HOG0008109	0.602993	0.547972	0.0464199	0.0306106	0.512386	0.512386	0.519406	0.505035	0.505035	0.505328	0.505328	0.0135898	0.524327	0.517942	0.517942	0.16829	0.614679	N/A	0.530008	0.536738	0.53018	0.518548	0.511318	0.508401	0.53477	0.525629	0.514588	0.50808	0.528033	0.503805	0.512959	0.506744	0.514228
N0.HOG0008117	0.151523	0.547972	0.0464199	0.520478	0.512386	0.512386	0.00979517	0.505035	0.505035	0.505328	0.505328	0.509074	0.524327	0.000163851	0.517942	0.614679	0.16829	N/A	0.530008	0.536738	0.53018	0.518548	0.511318	0.508401	0.53477	0.525629	0.514588	0.50808	0.528033	0.503805	0.512959	0.506744	0.514228
N0.HOG0008121	0.0538164	0.547972	0.531113	0.0306106	0.512386	0.512386	0.519406	0.505035	0.00754557	0.5	0.5	0.5	0.524327	0.517942	0.517942	0.16829	0.614679	N/A	0.530008	0.536738	0.53018	0.518548	0.511318	0.508401	0.53477	0.525629	0.514588	0.50808	0.0418476	0.5	0.512959	0.506744	0.514228
N0.HOG0008127	0.151523	0.0245313	0.531113	0.0306106	0.512386	0.512386	0.519406	0.00754557	0.505035	0.00798461	0.505328	0.0135898	0.524327	0.517942	0.517942	0.16829	0.614679	N/A	0.530008	0.536738	0.53018	0.518548	0.511318	0.508401	0.53477	0.525629	0.514588	0.50808	0.528033	0.503805	0.512959	0.506744	0.514228
N0.HOG0008157	0.602993	0.547972	0.531113	0.520478	0.512386	0.512386	0.0290127	0.505035	0.505035	0.505328	0.505328	0.509074	0.0363393	0.0268305	0.517942	0.614679	0.16829	N/A	0.530008	0.536738	0.53018	0.518548	0.511318	0.508401	0.53477	0.525629	0.514588	0.50808	0.528033	0.503805	0.512959	0.506744	0.514228
N0.HOG0008169	0.602993	0.547972	0.531113	0.0306106	0.512386	0.0185398	0.519406	0.5	0.5	0.5	0.5	0.509074	0.524327	0.517942	0.0268305	0.614679	0.16829	N/A	0.530008	0.536738	0.53018	0.518548	0.511318	0.508401	0.53477	0.525629	0.0218285	0.50808	0.528033	0.00570442	0.512959	0.506744	0.514228
N0.HOG0008192	0.602993	0.0713534	0.531113	0.0306106	0.512386	0.512386	0.519406	0.505035	0.505035	0.505328	0.505328	0.0135898	0.524327	0.517942	0.517942	0.614679	0.16829	N/A	0.530008	0.536738	0.53018	0.518548	0.511318	0.508401	0.53477	0.525629	0.514588	0.50808	0.528033	0.503805	0.512959	0.506744	0.514228
N0.HOG0008219	0.0538164	0.547972	0.531113	0.520478	0.512386	0.0185398	0.519406	0.505035	0.505035	0.505328	0.505328	0.00455726	0.524327	0.517942	0.0268305	0.614679	0.16829	N/A	0.530008	0.536738	0.53018	0.518548	0.511318	0.508401	0.53477	0.525629	0.514588	0.50808	0.528033	0.503805	0.512959	0.506744	0.514228
N0.HOG0008228	0.151523	0.547972	0.531113	0.0103418	0.512386	0.0185398	0.519406	0.505035	0.00754557	0.505328	0.505328	0.509074	0.524327	0.517942	0.517942	0.16829	0.614679	N/A	0.530008	0.536738	0.53018	0.518548	0.511318	0.508401	0.53477	0.525629	0.514588	0.50808	0.528033	0.503805	0.512959	0.506744	0.514228
N0.HOG0008231	0.602993	0.547972	0.531113	0.520478	0.5	0.5	0.519406	0.505035	0.505035	0.505328	0.00798461	0.509074	0.524327	0.517942	0.0268305	0.614679	0.614679	N/A	0.530008	0.536738	0.53018	0.518548	0.511318	0.0125831	0.53477	0.525629	0.514588	0.50808	0.528033	0.503805	0.512959	0.506744	0.514228
N0.HOG0008233	0.151523	0.0713534	0.531113	0.520478	0.0185398	0.512386	0.0290127	0.505035	0.505035	0.505328	0.505328	0.509074	0.524327	0.517942	0.517942	0.614679	0.16829	N/A	0.530008	0.536738	0.53018	0.518548	0.511318	0.508401	0.53477	0.525629	0.514588	0.50808	0.528033	0.503805	0.512959	0.506744	0.514228
N0.HOG0008244	0.602993	0.547972	0.531113	0.520478	0.512386	0.0185398	0.519406	0.505035	0.00754557	0.505328	0.00798461	0.0135898	0.524327	0.517942	0.0268305	0.16829	0.614679	N/A	0.530008	0.536738	0.53018	0.518548	0.511318	0.508401	0.53477	0.525629	0.514588	0.50808	0.528033	0.503805	0.512959	0.506744	0.514228
N0.HOG0008257	0.151523	0.547972	0.531113	0.520478	0.512386	7.76568e-05	0.519406	0.505035	0.505035	0.00798461	0.505328	0.0135898	0.524327	0.517942	0.517942	0.614679	0.16829	N/A	0.530008	0.536738	0.53018	0.518548	0.511318	0.508401	0.53477	0.525629	0.514588	0.50808	0.528033	0.503805	0.512959	0.506744	0.514228
N0.HOG0008264	0.602993	0.547972	0.531113	0.520478	0.512386	0.512386	0.0290127	0.505035	0.00754557	0.00798461	0.505328	0.0135898	0.524327	0.517942	0.517942	0.614679	0.614679	N/A	0.530008	0.536738	0.53018	0.518548	0.511318	0.508401	0.53477	0.525629	0.514588	0.50808	0.528033	0.503805	0.512959	0.506744	0.514228
N0.HOG0008277	0.602993	0.547972	0.531113	0.520478	0.0185398	0.512386	0.519406	0.505035	0.00754557	0.505328	0.505328	0.509074	0.524327	0.517942	0.0268305	0.614679	0.614679	N/A	0.530008	0.536738	0.53018	0.518548	0.511318	0.508401	0.53477	0.525629	0.514588	0.50808	0.528033	0.503805	0.512959	0.506744	0.514228
N0.HOG0008285	0.602993	0.0245313	0.531113	0.520478	0.512386	0.0185398	0.519406	0.505035	0.505035	0.505328	0.00798461	0.509074	0.524327	0.517942	0.517942	0.16829	0.614679	N/A	0.530008	0.536738	0.53018	0.518548	0.511318	0.508401	0.53477	0.525629	0.514588	0.50808	0.528033	0.503805	0.512959	0.506744	0.514228
N0.HOG0008292	0.602993	0.547972	0.531113	0.520478	0.512386	0.512386	0.519406	0.505035	0.505035	0.505328	0.00798461	0.0135898	0.524327	0.517942	0.0268305	0.614679	0.00734762	N/A	0.530008	0.536738	0.53018	0.518548	0.511318	0.508401	0.53477	0.525629	0.514588	0.50808	0.528033	0.503805	0.512959	0.506744	0.514228
N0.HOG0008313	0.602993	0.0713534	0.531113	0.520478	0.512386	0.512386	0.0290127	0.505035	0.505035	0.505328	0.505328	0.509074	0.524327	0.5	0.5	0.16829	0.614679	N/A	0.530008	0.536738	0.53018	0.518548	0.511318	0.508401	0.53477	0.525629	0.514588	0.50808	0.528033	0.503805	0.512959	0.0101049	0.514228
N0.HOG0008329	0.602993	0.547972	0.531113	0.0306106	0.0185398	0.512386	0.519406	0.505035	0.505035	0.505328	0.505328	0.509074	0.0363393	0.0268305	0.517942	0.614679	0.614679	N/A	0.530008	0.536738	0.53018	0.518548	0.511318	0.508401	0.53477	0.525629	0.514588	0.50808	0.528033	0.503805	0.512959	0.506744	0.514228
N0.HOG0008343	0.602993	0.0245313	0.531113	0.520478	0.512386	0.0185398	0.519406	0.505035	0.505035	0.505328	0.505328	0.509074	0.524327	0.517942	0.0268305	0.16829	0.614679	N/A	0.530008	0.536738	0.53018	0.518548	0.511318	0.508401	0.53477	0.525629	0.514588	0.50808	0.528033	0.503805	0.512959	0.506744	0.514228
N0.HOG0008348	0.602993	0.0713534	0.0464199	0.0306106	0.512386	0.0185398	0.519406	0.505035	0.505035	0.505328	0.00798461	0.0135898	0.0363393	0.517942	0.517942	0.614679	0.16829	N/A	0.530008	0.536738	0.53018	0.518548	0.511318	0.508401	0.53477	0.525629	0.514588	0.50808	0.528033	0.503805	0.512959	0.506744	0.514228
N0.HOG0008357	0.151523	0.547972	0.0157906	0.520478	0.512386	0.512386	0.519406	0.00754557	0.505035	0.505328	0.505328	0.509074	0.0123078	0.0090498	0.0268305	0.614679	0.614679	N/A	0.530008	0.536738	0.53018	0.518548	0.511318	0.508401	0.53477	0.525629	0.514588	0.50808	0.528033	0.503805	0.512959	0.506744	0.514228
N0.HOG0008381	0.602993	0.547972	0.5	0.5	0.5	0.5	0.00979517	0.505035	0.00754557	0.00798461	1.42686e-05	0.0135898	0.0363393	0.0268305	0.517942	0.0601581	0.16829	N/A	0.530008	0.536738	0.53018	0.0277344	0.5	0.5	0.53477	0.525629	0.514588	0.50808	0.528033	0.503805	0.512959	0.506744	0.514228
N0.HOG0008383	0.151523	0.547972	0.0464199	0.0306106	7.76568e-05	0.0185398	0.5	0.5	0.5	0.5	0.5	0.5	0.5	0.5	0.5	0.614679	0.0601581	N/A	0.530008	0.536738	0.53018	0.518548	0.511318	0.508401	0.0518419	0.5	0.5	0.5	0.5	0.5	0.5	0.5	0.514228
N0.HOG0008384	0.151523	0.0713534	0.531113	0.0103418	0.5	0.5	0.5	0.5	0.5	0.5	0.5	0.5	0.0363393	0.517942	0.517942	0.614679	0.16829	N/A	0.530008	0.536738	0.53018	0.518548	0.511318	0.0125831	0.53477	0.038275	0.5	0.50808	0.0418476	0.5	0.512959	0.506744	0.514228
N0.HOG0008397	0.602993	0.547972	0.531113	0.520478	0.512386	0.512386	0.519406	0.5	0.5	0.505328	0.00798461	0.0135898	0.524327	0.517942	0.517942	0.614679	0.614679	N/A	0.530008	0.536738	0.53018	0.518548	0.511318	0.508401	0.53477	0.525629	0.0218285	0.50808	0.528033	0.503805	0.512959	0.506744	0.514228
N0.HOG0008400	0.151523	0.547972	0.531113	0.520478	0.0185398	0.512386	0.519406	0.505035	0.00754557	0.505328	0.505328	0.509074	0.0363393	0.517942	0.517942	0.614679	0.614679	N/A	0.530008	0.536738	0.53018	0.518548	0.511318	0.508401	0.53477	0.525629	0.514588	0.50808	0.528033	0.503805	0.512959	0.506744	0.514228
N0.HOG0008408	0.151523	0.0245313	0.531113	0.0306106	0.512386	0.512386	0.519406	0.505035	0.505035	0.505328	0.505328	0.00455726	0.0363393	0.0268305	0.517942	0.614679	0.16829	N/A	0.530008	0.536738	0.53018	0.518548	0.511318	0.508401	0.53477	0.525629	0.514588	0.50808	0.528033	0.503805	0.512959	0.506744	0.514228
N0.HOG0008409	0.151523	0.0245313	0.531113	0.520478	0.512386	0.512386	0.0290127	0.505035	0.505035	0.505328	0.505328	0.509074	0.5	0.5	0.5	0.614679	0.16829	N/A	0.530008	0.536738	0.53018	0.518548	0.511318	0.508401	0.53477	0.525629	0.514588	0.50808	0.528033	0.503805	0.0193959	0.5	0.514228
N0.HOG0008416	0.602993	0.0713534	0.531113	0.5	0.5	0.5	0.519406	0.505035	0.00754557	0.505328	0.505328	0.509074	0.5	0.5	0.5	0.614679	0.614679	N/A	0.530008	0.536738	0.53018	0.518548	0.0169447	0.5	0.53477	0.525629	0.514588	0.50808	0.528033	0.503805	0.0193959	0.5	0.514228
N0.HOG0008430	0.151523	0.547972	0.531113	0.520478	0.512386	0.512386	0.0290127	0.505035	0.505035	0.505328	0.505328	0.509074	0.0363393	0.0268305	0.517942	0.614679	0.614679	N/A	0.530008	0.536738	0.53018	0.518548	0.511318	0.508401	0.53477	0.525629	0.514588	0.50808	0.528033	0.503805	0.512959	0.506744	0.514228
N0.HOG0008435	0.602993	0.547972	0.531113	0.520478	0.512386	0.512386	0.0290127	0.505035	0.505035	0.505328	0.505328	0.509074	0.0363393	0.0268305	0.517942	0.614679	0.16829	N/A	0.530008	0.536738	0.53018	0.518548	0.511318	0.508401	0.53477	0.525629	0.514588	0.50808	0.528033	0.503805	0.512959	0.506744	0.514228
N0.HOG0008438	0.151523	0.0245313	0.531113	0.520478	0.512386	0.512386	0.0290127	0.505035	0.505035	0.505328	0.505328	0.509074	0.0363393	0.0268305	0.517942	0.614679	0.16829	N/A	0.530008	0.536738	0.53018	0.518548	0.511318	0.508401	0.53477	0.525629	0.514588	0.50808	0.528033	0.503805	0.512959	0.506744	0.514228
N0.HOG0008448	0.151523	0.547972	0.531113	0.520478	0.512386	0.512386	0.0290127	0.505035	0.00754557	0.505328	0.505328	0.509074	0.524327	0.0268305	0.517942	0.614679	0.614679	N/A	0.530008	0.536738	0.53018	0.518548	0.511318	0.508401	0.53477	0.525629	0.514588	0.50808	0.528033	0.503805	0.512959	0.506744	0.514228
N0.HOG0008451	0.602993	0.0245313	0.0464199	0.0306106	0.512386	0.512386	0.519406	0.5	0.5	0.5	0.5	0.509074	0.524327	0.517942	0.517942	0.0601581	0.614679	N/A	0.530008	0.536738	0.53018	0.518548	0.511318	0.508401	0.53477	0.525629	0.0218285	0.50808	0.528033	0.00570442	0.512959	0.506744	0.514228
N0.HOG0008458	0.602993	0.547972	0.0464199	0.520478	0.512386	0.512386	0.519406	0.505035	0.00754557	0.00798461	0.505328	0.509074	0.524327	0.517942	0.517942	0.614679	0.614679	N/A	0.530008	0.536738	0.53018	0.518548	0.511318	0.508401	0.53477	0.525629	0.514588	0.50808	0.528033	0.503805	0.512959	0.506744	0.514228
N0.HOG0008465	0.151523	0.547972	0.531113	0.0103418	0.512386	0.512386	0.519406	0.505035	0.505035	0.5	0.5	0.509074	0.0363393	0.0268305	0.517942	0.614679	0.16829	N/A	0.530008	0.536738	0.53018	0.518548	0.511318	0.508401	0.53477	0.525629	0.514588	0.50808	0.528033	0.00570442	0.512959	0.506744	0.514228
N0.HOG0008472	0.151523	0.0245313	0.531113	0.520478	0.512386	0.512386	0.0290127	0.505035	0.505035	0.505328	0.505328	0.509074	0.0363393	0.0268305	0.517942	0.614679	0.16829	N/A	0.530008	0.536738	0.53018	0.518548	0.511318	0.508401	0.53477	0.525629	0.514588	0.50808	0.528033	0.503805	0.512959	0.506744	0.514228
N0.HOG0008485	0.602993	0.547972	0.0464199	0.0306106	0.512386	0.512386	0.519406	0.505035	0.00754557	0.5	0.5	0.509074	0.524327	0.517942	0.517942	0.614679	0.614679	N/A	0.530008	0.536738	0.53018	0.518548	0.511318	0.508401	0.53477	0.525629	0.514588	0.50808	0.528033	0.00570442	0.512959	0.506744	0.514228
N0.HOG0008499	0.602993	0.0713534	0.531113	0.520478	0.512386	0.512386	0.519406	0.505035	0.505035	0.505328	0.00798461	0.509074	0.524327	0.517942	0.0268305	0.16829	0.614679	N/A	0.530008	0.536738	0.53018	0.518548	0.511318	0.508401	0.53477	0.525629	0.514588	0.50808	0.528033	0.503805	0.512959	0.506744	0.514228
N0.HOG0008506	0.602993	0.0713534	0.531113	0.520478	0.0185398	0.00623076	0.519406	0.505035	0.00252362	0.505328	0.505328	0.509074	0.524327	0.517942	0.517942	0.16829	0.614679	N/A	0.530008	0.536738	0.53018	0.518548	0.511318	0.508401	0.53477	0.525629	0.514588	0.50808	0.528033	0.503805	0.512959	0.506744	0.514228
N0.HOG0008508	0.602993	0.0713534	0.531113	0.0306106	0.0185398	0.512386	0.519406	0.505035	0.505035	0.505328	0.505328	0.509074	0.524327	0.517942	0.517942	0.16829	0.614679	N/A	0.530008	0.536738	0.53018	0.518548	0.511318	0.508401	0.53477	0.525629	0.514588	0.50808	0.528033	0.503805	0.512959	0.506744	0.514228
N0.HOG0008525	0.151523	0.547972	0.531113	0.520478	0.512386	0.512386	0.519406	0.00754557	0.505035	0.505328	0.505328	0.509074	0.524327	0.517942	0.0268305	0.16829	0.614679	N/A	0.530008	0.536738	0.53018	0.518548	0.511318	0.508401	0.53477	0.525629	0.514588	0.50808	0.528033	0.503805	0.512959	0.506744	0.514228
N0.HOG0008528	0.602993	0.547972	0.531113	0.520478	0.0185398	0.512386	0.0290127	0.505035	0.505035	0.505328	0.505328	0.509074	0.524327	0.0268305	0.517942	0.614679	0.16829	N/A	0.530008	0.536738	0.53018	0.518548	0.511318	0.508401	0.53477	0.525629	0.514588	0.50808	0.528033	0.503805	0.512959	0.506744	0.514228
N0.HOG0008545	0.602993	0.0713534	0.531113	0.520478	0.512386	0.512386	0.519406	0.505035	0.505035	0.505328	0.505328	0.00455726	0.524327	0.517942	0.0268305	0.614679	0.16829	N/A	0.530008	0.536738	0.53018	0.518548	0.511318	0.508401	0.53477	0.525629	0.514588	0.50808	0.528033	0.503805	0.512959	0.506744	0.514228
N0.HOG0008556	0.602993	0.0713534	0.0464199	0.0306106	0.512386	0.512386	0.0290127	0.505035	0.505035	0.505328	0.505328	0.509074	0.0363393	0.517942	0.0268305	0.614679	0.614679	N/A	0.530008	0.536738	0.53018	0.518548	0.511318	0.508401	0.53477	0.525629	0.514588	0.50808	0.528033	0.503805	0.512959	0.506744	0.514228
N0.HOG0008576	0.151523	0.547972	0.0464199	0.520478	0.00623076	0.0185398	0.519406	0.505035	0.505035	0.5	0.5	0.509074	0.5	0.5	0.5	0.614679	0.16829	N/A	0.530008	0.536738	0.53018	0.518548	0.511318	0.508401	0.53477	0.525629	0.514588	0.50808	0.528033	0.00570442	0.0193959	0.5	0.514228
N0.HOG0008582	0.151523	0.547972	0.0464199	0.520478	0.512386	0.0185398	0.00979517	0.505035	0.505035	0.505328	0.505328	0.509074	0.524327	0.517942	0.517942	0.614679	0.16829	N/A	0.530008	0.536738	0.53018	0.518548	0.511318	0.508401	0.53477	0.525629	0.514588	0.50808	0.528033	0.503805	0.512959	0.506744	0.514228
N0.HOG0008585	0.602993	0.0713534	0.531113	0.520478	0.0185398	0.512386	0.519406	0.505035	0.505035	0.505328	0.505328	0.509074	0.524327	0.0268305	0.517942	0.614679	0.16829	N/A	0.530008	0.536738	0.53018	0.518548	0.511318	0.508401	0.53477	0.525629	0.514588	0.50808	0.528033	0.503805	0.512959	0.506744	0.514228
N0.HOG0008604	0.151523	0.547972	0.531113	0.520478	0.512386	0.512386	0.519406	0.505035	0.505035	0.00267097	0.00798461	0.0135898	0.524327	0.517942	0.0268305	0.614679	0.16829	N/A	0.530008	0.536738	0.53018	0.518548	0.511318	0.508401	0.53477	0.525629	0.514588	0.50808	0.528033	0.503805	0.512959	0.506744	0.514228
N0.HOG0008614	0.151523	0.0245313	0.531113	0.520478	0.512386	0.512386	0.0290127	0.505035	0.505035	0.505328	0.505328	0.509074	0.0363393	0.517942	0.0268305	0.614679	0.614679	N/A	0.530008	0.536738	0.53018	0.518548	0.511318	0.508401	0.53477	0.525629	0.514588	0.50808	0.528033	0.503805	0.512959	0.506744	0.514228
N0.HOG0008620	0.151523	0.547972	0.531113	0.520478	0.512386	0.512386	0.0290127	0.505035	0.505035	0.505328	0.505328	0.509074	0.0363393	0.0268305	0.517942	0.614679	0.16829	N/A	0.530008	0.536738	0.53018	0.518548	0.511318	0.508401	0.53477	0.525629	0.514588	0.50808	0.528033	0.503805	0.512959	0.506744	0.514228
N0.HOG0008622	0.151523	0.547972	0.531113	0.520478	0.00623076	0.0185398	0.519406	0.505035	0.505035	0.505328	0.505328	0.509074	0.524327	0.517942	0.0268305	0.614679	0.614679	N/A	0.530008	0.536738	0.53018	0.518548	0.511318	0.508401	0.53477	0.525629	0.514588	0.50808	0.528033	0.503805	0.512959	0.506744	0.514228
N0.HOG0008627	0.602993	0.547972	0.531113	0.0306106	0.512386	0.512386	0.519406	0.505035	0.00754557	0.505328	0.00798461	0.0135898	0.524327	0.517942	0.517942	0.614679	0.614679	N/A	0.530008	0.536738	0.53018	0.518548	0.511318	0.508401	0.53477	0.525629	0.514588	0.50808	0.528033	0.503805	0.512959	0.506744	0.514228
N0.HOG0008629	0.602993	0.0245313	0.531113	0.0306106	0.512386	0.512386	0.519406	0.505035	0.505035	0.505328	0.505328	0.509074	0.524327	0.5	0.5	0.614679	0.16829	N/A	0.530008	0.536738	0.53018	0.518548	0.511318	0.508401	0.53477	0.525629	0.514588	0.50808	0.528033	0.503805	0.512959	0.0101049	0.514228
N0.HOG0008630	0.151523	0.547972	0.531113	0.520478	0.512386	0.512386	0.0290127	0.505035	0.505035	0.505328	0.505328	0.509074	0.0363393	0.0268305	0.517942	0.614679	0.16829	N/A	0.530008	0.536738	0.53018	0.518548	0.511318	0.508401	0.53477	0.525629	0.514588	0.50808	0.528033	0.503805	0.512959	0.506744	0.514228
N0.HOG0008632	0.151523	0.547972	0.531113	0.520478	0.0185398	0.512386	0.519406	0.505035	0.505035	0.505328	0.505328	0.509074	0.0363393	0.0268305	0.517942	0.614679	0.16829	N/A	0.530008	0.536738	0.53018	0.518548	0.511318	0.508401	0.53477	0.525629	0.514588	0.50808	0.528033	0.503805	0.512959	0.506744	0.514228
N0.HOG0008634	0.151523	0.547972	0.531113	0.520478	0.512386	0.512386	0.0290127	0.505035	0.505035	0.505328	0.505328	0.509074	0.0363393	0.0268305	0.517942	0.614679	0.16829	N/A	0.530008	0.536738	0.53018	0.518548	0.511318	0.508401	0.53477	0.525629	0.514588	0.50808	0.528033	0.503805	0.512959	0.506744	0.514228
N0.HOG0008646	0.602993	0.547972	0.531113	0.520478	0.0185398	0.512386	0.519406	0.00252362	0.505035	0.505328	0.505328	0.509074	0.524327	0.517942	0.0268305	0.614679	0.16829	N/A	0.530008	0.536738	0.53018	0.518548	0.511318	0.508401	0.53477	0.525629	0.514588	0.50808	0.528033	0.503805	0.512959	0.506744	0.514228
N0.HOG0008647	0.151523	0.0713534	0.531113	0.520478	0.0185398	0.512386	0.519406	0.505035	0.505035	0.00798461	0.505328	0.509074	0.0363393	0.517942	0.0268305	0.614679	0.16829	N/A	0.530008	0.536738	0.53018	0.518548	0.511318	0.508401	0.53477	0.525629	0.514588	0.50808	0.528033	0.503805	0.512959	0.506744	0.514228
N0.HOG0008664	0.151523	0.0713534	0.0464199	0.520478	0.5	0.5	0.519406	0.505035	0.505035	0.505328	0.00798461	0.509074	0.524327	0.517942	0.517942	0.614679	0.614679	N/A	0.530008	0.536738	0.53018	0.518548	0.511318	0.0125831	0.53477	0.525629	0.514588	0.50808	0.528033	0.503805	0.512959	0.506744	0.514228
N0.HOG0008665	0.602993	0.0713534	0.531113	0.520478	0.512386	0.0185398	0.0290127	0.505035	0.505035	0.505328	0.505328	0.509074	0.524327	0.517942	0.517942	0.16829	0.614679	N/A	0.530008	0.536738	0.53018	0.518548	0.511318	0.508401	0.53477	0.525629	0.514588	0.50808	0.528033	0.503805	0.512959	0.506744	0.514228
N0.HOG0008668	0.151523	0.0245313	0.531113	0.520478	0.512386	0.512386	0.0290127	0.505035	0.505035	0.505328	0.505328	0.509074	0.0363393	0.0268305	0.517942	0.614679	0.16829	N/A	0.530008	0.536738	0.53018	0.518548	0.511318	0.508401	0.53477	0.525629	0.514588	0.50808	0.528033	0.503805	0.512959	0.506744	0.514228
N0.HOG0008670	0.602993	0.547972	0.531113	0.0306106	0.512386	0.512386	0.519406	0.5	0.5	0.505328	0.505328	0.509074	0.524327	0.517942	0.0268305	0.614679	0.16829	N/A	0.530008	0.536738	0.53018	0.518548	0.511318	0.508401	0.53477	0.525629	0.0218285	0.50808	0.528033	0.503805	0.512959	0.506744	0.514228
N0.HOG0008676	0.602993	0.547972	0.531113	0.520478	0.512386	0.0185398	0.519406	0.505035	0.505035	0.505328	0.00798461	0.0135898	0.0363393	0.517942	0.517942	0.614679	0.16829	N/A	0.530008	0.536738	0.53018	0.518548	0.511318	0.508401	0.53477	0.525629	0.514588	0.50808	0.528033	0.503805	0.512959	0.506744	0.514228
N0.HOG0008681	0.151523	0.0713534	0.531113	0.520478	0.0185398	0.512386	0.519406	0.505035	0.505035	0.505328	0.505328	0.509074	0.524327	0.517942	0.0268305	0.16829	0.614679	N/A	0.530008	0.536738	0.53018	0.518548	0.511318	0.508401	0.53477	0.525629	0.514588	0.50808	0.528033	0.503805	0.512959	0.506744	0.514228
N0.HOG0008689	0.151523	0.547972	0.0464199	0.0306106	0.512386	0.0185398	0.5	0.5	0.5	0.505328	0.505328	0.509074	0.5	0.5	0.5	0.614679	0.16829	N/A	0.530008	0.536738	0.53018	0.518548	0.511318	0.508401	0.53477	0.038275	0.5	0.50808	0.528033	0.503805	0.0193959	0.5	0.514228
N0.HOG0008690	0.602993	0.0713534	0.0464199	0.520478	0.512386	0.0185398	0.519406	0.505035	0.505035	0.505328	0.00798461	0.509074	0.524327	0.517942	0.517942	0.614679	0.614679	N/A	0.530008	0.536738	0.53018	0.518548	0.511318	0.508401	0.53477	0.525629	0.514588	0.50808	0.528033	0.503805	0.512959	0.506744	0.514228
N0.HOG0008702	0.602993	0.547972	0.0464199	0.520478	0.512386	0.0185398	0.519406	0.505035	0.505035	0.505328	0.00798461	0.509074	0.524327	0.517942	0.517942	0.614679	0.614679	N/A	0.530008	0.536738	0.53018	0.518548	0.511318	0.508401	0.53477	0.525629	0.514588	0.50808	0.528033	0.503805	0.512959	0.506744	0.514228
N0.HOG0008704	0.151523	0.0245313	0.531113	0.520478	0.512386	0.512386	0.519406	0.505035	0.505035	0.00267097	0.505328	0.509074	0.0246168	0.534923	0.000186487	0.614679	0.16829	N/A	0.530008	0.536738	0.53018	0.518548	0.511318	0.508401	0.53477	0.525629	0.514588	0.50808	0.528033	0.503805	0.00652089	0.513352	0.514228
N0.HOG0008711	0.151523	0.547972	0.531113	0.520478	0.512386	0.512386	0.0290127	0.505035	0.505035	0.505328	0.505328	0.509074	0.0363393	0.0268305	0.517942	0.0601581	0.16829	N/A	0.530008	0.536738	0.53018	0.518548	0.511318	0.508401	0.53477	0.525629	0.514588	0.50808	0.528033	0.503805	0.512959	0.506744	0.514228
N0.HOG0008712	0.602993	0.0713534	0.531113	0.0306106	0.0185398	0.512386	0.0290127	0.00252362	0.505035	0.505328	0.505328	0.509074	0.0363393	0.0268305	0.517942	0.614679	0.614679	N/A	0.530008	0.536738	0.53018	0.518548	0.511318	0.508401	0.53477	0.525629	0.514588	0.50808	0.528033	0.503805	0.512959	0.506744	0.514228
N0.HOG0008724	0.151523	0.0713534	0.0464199	0.0306106	0.512386	0.512386	0.519406	0.505035	0.505035	0.505328	0.505328	0.509074	0.524327	0.517942	0.0268305	0.614679	0.614679	N/A	0.530008	0.536738	0.53018	0.518548	0.511318	0.508401	0.53477	0.525629	0.514588	0.50808	0.528033	0.503805	0.512959	0.506744	0.514228
N0.HOG0008742	0.602993	0.0713534	0.531113	0.520478	0.512386	0.512386	0.519406	0.5	0.5	0.505328	0.00798461	0.509074	0.524327	0.0268305	0.517942	0.614679	0.614679	N/A	0.530008	0.536738	0.53018	0.518548	0.511318	0.508401	0.53477	0.525629	0.0218285	0.50808	0.528033	0.503805	0.512959	0.506744	0.514228
N0.HOG0008753	0.151523	0.547972	0.531113	0.520478	0.512386	0.0185398	0.519406	0.505035	0.505035	0.505328	0.505328	0.0135898	0.524327	0.517942	0.517942	0.0601581	0.16829	N/A	0.530008	0.536738	0.53018	0.518548	0.511318	0.508401	0.53477	0.525629	0.514588	0.50808	0.528033	0.503805	0.512959	0.506744	0.514228
N0.HOG0008757	0.151523	0.547972	0.0464199	0.520478	0.512386	0.0185398	0.0290127	0.505035	0.505035	0.5	0.5	0.509074	0.524327	0.517942	0.0268305	0.614679	0.614679	N/A	0.530008	0.536738	0.53018	0.518548	0.511318	0.508401	0.53477	0.525629	0.514588	0.50808	0.528033	0.00570442	0.512959	0.506744	0.514228
N0.HOG0008772	0.602993	0.547972	0.531113	0.0306106	0.512386	0.512386	0.519406	0.5	0.5	0.505328	0.00798461	0.509074	0.524327	0.517942	0.517942	0.614679	0.16829	N/A	0.530008	0.536738	0.53018	0.518548	0.511318	0.508401	0.53477	0.525629	0.0218285	0.50808	0.528033	0.503805	0.512959	0.506744	0.514228
N0.HOG0008777	0.602993	0.0713534	0.531113	0.520478	0.512386	0.512386	0.519406	0.505035	0.505035	0.505328	0.00798461	0.509074	0.524327	0.517942	0.0268305	0.614679	0.16829	N/A	0.530008	0.536738	0.53018	0.518548	0.511318	0.508401	0.53477	0.525629	0.514588	0.50808	0.528033	0.503805	0.512959	0.506744	0.514228
N0.HOG0008780	0.602993	0.0713534	0.531113	0.520478	0.512386	0.512386	0.519406	0.505035	0.505035	0.505328	0.00798461	0.0135898	0.524327	0.517942	0.0268305	0.614679	0.16829	N/A	0.530008	0.536738	0.53018	0.518548	0.511318	0.508401	0.53477	0.525629	0.514588	0.50808	0.528033	0.503805	0.512959	0.506744	0.514228
N0.HOG0008785	0.602993	0.0713534	0.0464199	0.0306106	0.512386	0.0185398	0.519406	0.505035	0.505035	0.505328	0.505328	0.0135898	0.524327	0.517942	0.517942	0.614679	0.614679	N/A	0.530008	0.536738	0.53018	0.518548	0.511318	0.508401	0.53477	0.525629	0.514588	0.50808	0.528033	0.503805	0.512959	0.506744	0.514228
N0.HOG0008787	0.151523	0.547972	0.531113	0.0306106	0.512386	0.0185398	0.519406	0.505035	0.505035	0.505328	0.505328	0.0135898	0.524327	0.517942	0.517942	0.614679	0.16829	N/A	0.530008	0.536738	0.53018	0.518548	0.511318	0.508401	0.53477	0.525629	0.514588	0.50808	0.528033	0.503805	0.512959	0.506744	0.514228
N0.HOG0008788	0.602993	0.0713534	0.0464199	0.520478	0.5	0.5	0.519406	0.505035	0.505035	0.505328	0.00798461	0.509074	0.524327	0.517942	0.517942	0.614679	0.614679	N/A	0.530008	0.536738	0.53018	0.518548	0.511318	0.0125831	0.53477	0.525629	0.514588	0.50808	0.528033	0.503805	0.512959	0.506744	0.514228
N0.HOG0008789	0.151523	0.0245313	0.531113	0.0306106	0.512386	0.512386	0.519406	0.00754557	0.505035	0.505328	0.505328	0.509074	0.524327	0.517942	0.517942	0.16829	0.614679	N/A	0.530008	0.536738	0.53018	0.518548	0.511318	0.508401	0.53477	0.525629	0.514588	0.50808	0.528033	0.503805	0.512959	0.506744	0.514228
N0.HOG0008796	0.151523	0.0245313	0.531113	0.520478	0.512386	0.512386	0.519406	0.505035	0.505035	0.505328	0.00798461	0.509074	0.5	0.5	0.5	0.614679	0.00734762	N/A	0.530008	0.536738	0.53018	0.518548	0.511318	0.508401	0.53477	0.525629	0.514588	0.50808	0.528033	0.503805	0.0193959	0.5	0.514228
N0.HOG0008800	0.151523	0.547972	0.531113	0.520478	0.512386	0.512386	0.0290127	0.505035	0.00754557	0.505328	0.505328	0.509074	0.0363393	0.517942	0.0268305	0.614679	0.16829	N/A	0.530008	0.536738	0.53018	0.518548	0.511318	0.508401	0.53477	0.525629	0.514588	0.50808	0.528033	0.503805	0.512959	0.506744	0.514228
N0.HOG0008811	0.151523	0.547972	0.531113	0.520478	0.512386	0.512386	0.0290127	0.505035	0.505035	0.505328	0.505328	0.509074	0.0363393	0.0268305	0.517942	0.614679	0.16829	N/A	0.530008	0.536738	0.53018	0.518548	0.511318	0.508401	0.53477	0.525629	0.514588	0.50808	0.528033	0.503805	0.512959	0.506744	0.514228
N0.HOG0008813	0.602993	0.547972	0.531113	0.520478	0.512386	0.512386	0.0290127	0.505035	0.505035	0.505328	0.505328	0.509074	0.0363393	0.517942	0.0268305	0.16829	0.614679	N/A	0.530008	0.536738	0.53018	0.518548	0.511318	0.508401	0.53477	0.525629	0.514588	0.50808	0.528033	0.503805	0.512959	0.506744	0.514228
N0.HOG0008816	0.151523	0.547972	0.531113	0.520478	0.0185398	0.512386	0.519406	0.505035	0.505035	0.505328	0.505328	0.509074	0.524327	0.5	0.5	0.614679	0.16829	N/A	0.530008	0.536738	0.53018	0.518548	0.511318	0.508401	0.53477	0.525629	0.514588	0.50808	0.528033	0.503805	0.512959	0.0101049	0.514228
N0.HOG0008817	0.151523	0.547972	0.531113	0.520478	0.512386	0.512386	0.0290127	0.505035	0.505035	0.505328	0.505328	0.509074	0.0363393	0.0268305	0.517942	0.614679	0.16829	N/A	0.530008	0.536738	0.53018	0.518548	0.511318	0.508401	0.53477	0.525629	0.514588	0.50808	0.528033	0.503805	0.512959	0.506744	0.514228
N0.HOG0008828	0.151523	0.547972	0.531113	0.520478	0.512386	0.512386	0.519406	0.505035	0.505035	0.00798461	0.505328	0.509074	0.524327	0.517942	0.0268305	0.614679	0.16829	N/A	0.530008	0.536738	0.53018	0.518548	0.511318	0.508401	0.53477	0.525629	0.514588	0.50808	0.528033	0.503805	0.512959	0.506744	0.514228
N0.HOG0008829	0.151523	0.547972	0.531113	0.520478	0.512386	0.0185398	0.0290127	0.505035	0.505035	0.505328	0.505328	0.509074	0.0363393	0.0268305	0.517942	0.614679	0.16829	N/A	0.530008	0.536738	0.53018	0.518548	0.511318	0.508401	0.53477	0.525629	0.514588	0.50808	0.528033	0.503805	0.512959	0.506744	0.514228
N0.HOG0008831	0.602993	0.547972	0.0464199	0.520478	0.512386	0.0185398	0.519406	0.505035	0.505035	0.505328	0.00798461	0.509074	0.5	0.5	0.5	0.614679	0.614679	N/A	0.530008	0.536738	0.53018	0.518548	0.511318	0.508401	0.53477	0.525629	0.514588	0.50808	0.528033	0.503805	0.0193959	0.5	0.514228
N0.HOG0008835	0.602993	0.0713534	0.0464199	0.520478	0.5	0.5	0.519406	0.505035	0.505035	0.505328	0.00798461	0.509074	0.524327	0.517942	0.517942	0.614679	0.16829	N/A	0.530008	0.536738	0.53018	0.518548	0.511318	0.0125831	0.53477	0.525629	0.514588	0.50808	0.528033	0.503805	0.512959	0.506744	0.514228
N0.HOG0008837	0.151523	0.547972	0.0464199	0.0306106	0.0185398	0.512386	0.519406	0.5	0.5	0.505328	0.505328	0.509074	0.0363393	0.517942	0.517942	0.614679	0.16829	N/A	0.530008	0.536738	0.53018	0.518548	0.511318	0.508401	0.53477	0.525629	0.0218285	0.50808	0.528033	0.503805	0.512959	0.506744	0.514228
N0.HOG0008843	0.151523	0.0713534	0.531113	0.520478	0.512386	0.512386	0.519406	0.505035	0.505035	0.505328	0.505328	0.509074	0.0363393	0.0268305	0.517942	0.614679	0.16829	N/A	0.530008	0.536738	0.53018	0.518548	0.511318	0.508401	0.53477	0.525629	0.514588	0.50808	0.528033	0.503805	0.512959	0.506744	0.514228
N0.HOG0008851	0.151523	0.547972	0.531113	0.520478	0.512386	0.512386	0.0290127	0.505035	0.505035	0.505328	0.505328	0.509074	0.0363393	0.517942	0.0268305	0.614679	0.614679	N/A	0.530008	0.536738	0.53018	0.518548	0.511318	0.508401	0.53477	0.525629	0.514588	0.50808	0.528033	0.503805	0.512959	0.506744	0.514228
N0.HOG0008854	0.602993	0.0713534	0.0464199	0.0306106	0.512386	0.0185398	0.519406	0.505035	0.505035	0.00798461	0.505328	0.0135898	0.524327	0.5	0.5	0.614679	0.16829	N/A	0.530008	0.536738	0.53018	0.518548	0.511318	0.508401	0.53477	0.525629	0.514588	0.50808	0.528033	0.503805	0.512959	0.0101049	0.514228
N0.HOG0008858	0.602993	0.0713534	0.531113	0.0306106	0.512386	0.512386	0.0290127	0.505035	0.505035	0.505328	0.00798461	0.509074	0.524327	0.517942	0.517942	0.614679	0.614679	N/A	0.530008	0.536738	0.53018	0.518548	0.511318	0.508401	0.53477	0.525629	0.514588	0.50808	0.528033	0.503805	0.512959	0.506744	0.514228
N0.HOG0008861	0.151523	0.00120648	0.0464199	0.0306106	0.512386	0.0185398	0.519406	0.5	0.5	0.5	0.5	0.5	0.524327	0.517942	0.0268305	0.614679	0.16829	N/A	0.530008	0.536738	0.53018	0.518548	0.511318	0.508401	0.53477	0.525629	0.0218285	0.50808	0.0418476	0.5	0.512959	0.506744	0.514228
N0.HOG0008862	0.151523	0.0713534	0.531113	0.520478	0.512386	0.512386	0.519406	0.5	0.5	0.5	0.5	0.509074	0.546894	0.534923	0.534923	0.614679	0.614679	N/A	0.530008	0.536738	0.53018	0.518548	0.511318	0.508401	0.53477	0.525629	0.0218285	0.50808	0.528033	0.00570442	0.00652089	0.513352	0.514228
N0.HOG0008864	0.602993	0.5	0.5	0.5	0.5	0.5	0.519406	0.505035	0.505035	0.505328	0.505328	0.0135898	0.0363393	0.517942	0.517942	0.614679	0.16829	N/A	0.530008	0.536738	0.0450356	0.5	0.5	0.5	0.53477	0.525629	0.514588	0.50808	0.528033	0.503805	0.512959	0.506744	0.514228
N0.HOG0008870	0.602993	0.547972	0.0464199	0.520478	0.512386	0.0185398	0.519406	0.505035	0.505035	0.00798461	0.505328	0.0135898	0.524327	0.517942	0.0268305	0.614679	0.614679	N/A	0.530008	0.536738	0.53018	0.518548	0.511318	0.508401	0.53477	0.525629	0.514588	0.50808	0.528033	0.503805	0.512959	0.506744	0.514228
N0.HOG0008873	0.602993	0.0713534	0.0464199	0.0306106	0.512386	0.0185398	0.5	0.5	0.5	0.5	0.5	0.5	0.5	0.5	0.5	0.614679	0.16829	N/A	0.530008	0.536738	0.53018	0.518548	0.511318	0.508401	0.0518419	0.5	0.5	0.5	0.5	0.5	0.5	0.5	0.514228
N0.HOG0008879	0.151523	0.547972	0.531113	0.520478	0.512386	0.0185398	0.519406	0.505035	0.505035	0.505328	0.505328	0.509074	0.0363393	0.0268305	0.517942	0.614679	0.16829	N/A	0.530008	0.536738	0.53018	0.518548	0.511318	0.508401	0.53477	0.525629	0.514588	0.50808	0.528033	0.503805	0.512959	0.506744	0.514228
N0.HOG0008883	0.151523	0.547972	0.0464199	0.520478	0.512386	0.512386	0.519406	0.505035	0.505035	0.510571	0.0158561	0.517901	0.546894	0.0180999	0.000186487	0.614679	0.0601581	N/A	0.530008	0.536738	0.53018	0.518548	0.511318	0.508401	0.53477	0.525629	0.514588	0.00405605	0.553731	0.507567	0.525416	0.513352	0.514228
N0.HOG0008885	0.602993	0.0245313	0.0464199	0.520478	0.524313	0.524313	0.519406	0.5	0.5	0.505328	0.00798461	0.509074	0.0363393	0.0268305	0.517942	0.614679	0.16829	N/A	0.530008	0.536738	0.53018	0.518548	0.511318	0.00421777	0.53477	0.525629	0.0218285	0.50808	0.528033	0.503805	0.512959	0.506744	0.514228
N0.HOG0008893	0.602993	0.547972	0.0464199	0.520478	0.5	0.5	0.5	0.5	0.5	0.5	0.5	0.509074	0.0363393	0.517942	0.517942	0.614679	0.614679	N/A	0.530008	0.536738	0.53018	0.518548	0.511318	0.0125831	0.53477	0.038275	0.5	0.50808	0.528033	0.00570442	0.512959	0.506744	0.514228
N0.HOG0008894	0.602993	0.0713534	0.531113	0.520478	0.0185398	0.512386	0.519406	0.505035	0.505035	0.505328	0.505328	0.509074	0.524327	0.0268305	0.517942	0.614679	0.16829	N/A	0.530008	0.536738	0.53018	0.518548	0.511318	0.508401	0.53477	0.525629	0.514588	0.50808	0.528033	0.503805	0.512959	0.506744	0.514228
N0.HOG0008901	0.602993	0.547972	0.531113	0.520478	0.0185398	0.512386	0.0290127	0.505035	0.505035	0.505328	0.505328	0.0135898	0.0363393	0.517942	0.517942	0.614679	0.614679	N/A	0.530008	0.536738	0.53018	0.518548	0.511318	0.508401	0.53477	0.525629	0.514588	0.50808	0.528033	0.503805	0.512959	0.506744	0.514228
N0.HOG0008915	0.602993	0.547972	0.531113	0.520478	0.512386	0.512386	0.0290127	0.505035	0.505035	0.505328	0.505328	0.509074	0.0363393	0.517942	0.0268305	0.16829	0.614679	N/A	0.530008	0.536738	0.53018	0.518548	0.511318	0.508401	0.53477	0.525629	0.514588	0.50808	0.528033	0.503805	0.512959	0.506744	0.514228
N0.HOG0008918	0.151523	0.547972	0.531113	0.520478	0.512386	0.512386	0.0290127	0.505035	0.505035	0.505328	0.505328	0.509074	0.0363393	0.0268305	0.517942	0.614679	0.16829	N/A	0.530008	0.536738	0.53018	0.518548	0.511318	0.508401	0.53477	0.525629	0.514588	0.50808	0.528033	0.503805	0.512959	0.506744	0.514228
N0.HOG0008919	0.151523	0.547972	0.0464199	0.520478	0.512386	0.0185398	0.519406	0.505035	0.505035	0.505328	0.00798461	0.509074	0.0363393	0.517942	0.517942	0.614679	0.614679	N/A	0.530008	0.536738	0.53018	0.518548	0.511318	0.508401	0.53477	0.525629	0.514588	0.50808	0.528033	0.503805	0.512959	0.506744	0.514228
N0.HOG0008923	0.151523	0.0713534	0.531113	0.520478	0.512386	0.00623076	0.0290127	0.505035	0.505035	0.505328	0.505328	0.0135898	0.5	0.5	0.5	0.614679	0.16829	N/A	0.530008	0.536738	0.53018	0.518548	0.511318	0.508401	0.53477	0.525629	0.514588	0.50808	0.528033	0.503805	0.0193959	0.5	0.514228
N0.HOG0008933	0.602993	0.0713534	0.531113	0.520478	0.512386	0.512386	0.519406	0.5	0.5	0.505328	0.00798461	0.0135898	0.524327	0.517942	0.517942	0.614679	0.614679	N/A	0.530008	0.536738	0.53018	0.518548	0.511318	0.508401	0.53477	0.525629	0.0218285	0.50808	0.528033	0.503805	0.512959	0.506744	0.514228
N0.HOG0008939	0.602993	0.547972	0.0464199	0.0306106	0.512386	0.0185398	0.519406	0.505035	0.505035	0.505328	0.505328	0.509074	0.524327	0.517942	0.0268305	0.614679	0.614679	N/A	0.530008	0.536738	0.53018	0.518548	0.511318	0.508401	0.53477	0.525629	0.514588	0.50808	0.528033	0.503805	0.512959	0.506744	0.514228
N0.HOG0008943	0.151523	0.0713534	0.531113	0.520478	0.512386	0.512386	0.0290127	0.505035	0.505035	0.505328	0.505328	0.509074	0.524327	0.5	0.5	0.16829	0.614679	N/A	0.530008	0.536738	0.53018	0.518548	0.511318	0.508401	0.53477	0.525629	0.514588	0.50808	0.528033	0.503805	0.512959	0.0101049	0.514228
N0.HOG0008948	0.602993	0.547972	0.531113	0.0306106	0.512386	0.0185398	0.519406	0.505035	0.00754557	0.5	0.5	0.5	0.524327	0.517942	0.517942	0.16829	0.614679	N/A	0.530008	0.536738	0.53018	0.518548	0.511318	0.508401	0.53477	0.525629	0.514588	0.50808	0.0418476	0.5	0.512959	0.506744	0.514228
N0.HOG0008952	0.151523	0.547972	0.531113	0.520478	0.512386	0.512386	0.0290127	0.505035	0.505035	0.505328	0.505328	0.509074	0.0363393	0.0268305	0.517942	0.614679	0.16829	N/A	0.530008	0.536738	0.53018	0.518548	0.511318	0.508401	0.53477	0.525629	0.514588	0.50808	0.528033	0.503805	0.512959	0.506744	0.514228
N0.HOG0008955	0.602993	0.5	0.5	0.5	0.5	0.5	0.5	0.5	0.5	0.00798461	0.505328	0.0135898	0.524327	0.517942	0.517942	0.614679	0.614679	N/A	0.530008	0.536738	0.0450356	0.5	0.5	0.5	0.53477	0.038275	0.5	0.50808	0.528033	0.503805	0.512959	0.506744	0.514228
N0.HOG0008956	0.602993	0.0713534	0.531113	0.520478	0.0185398	0.512386	0.519406	0.505035	0.505035	0.505328	0.505328	0.0135898	0.524327	0.517942	0.0268305	0.614679	0.614679	N/A	0.530008	0.536738	0.53018	0.518548	0.511318	0.508401	0.53477	0.525629	0.514588	0.50808	0.528033	0.503805	0.512959	0.506744	0.514228
N0.HOG0008984	0.602993	0.547972	0.531113	0.520478	0.0185398	0.512386	0.0290127	0.505035	0.00754557	0.505328	0.505328	0.509074	0.5	0.5	0.5	0.614679	0.16829	N/A	0.530008	0.536738	0.53018	0.518548	0.511318	0.508401	0.53477	0.525629	0.514588	0.50808	0.528033	0.503805	0.0193959	0.5	0.514228
N0.HOG0008989	0.602993	0.547972	0.531113	0.0306106	0.512386	0.512386	0.519406	0.5	0.5	0.00798461	0.505328	0.0135898	0.524327	0.517942	0.0268305	0.614679	0.614679	N/A	0.530008	0.536738	0.53018	0.518548	0.511318	0.508401	0.53477	0.525629	0.0218285	0.50808	0.528033	0.503805	0.512959	0.506744	0.514228
N0.HOG0008993	0.151523	0.0713534	0.0464199	0.520478	0.0185398	0.512386	0.519406	0.505035	0.505035	0.00798461	0.505328	0.509074	0.524327	0.517942	0.517942	0.614679	0.614679	N/A	0.530008	0.536738	0.53018	0.518548	0.511318	0.508401	0.53477	0.525629	0.514588	0.50808	0.528033	0.503805	0.512959	0.506744	0.514228
N0.HOG0008995	0.151523	0.547972	0.531113	0.520478	0.512386	0.0185398	0.519406	0.505035	0.505035	0.505328	0.00798461	0.0135898	0.524327	0.517942	0.517942	0.16829	0.614679	N/A	0.530008	0.536738	0.53018	0.518548	0.511318	0.508401	0.53477	0.525629	0.514588	0.50808	0.528033	0.503805	0.512959	0.506744	0.514228
N0.HOG0008997	0.602993	0.0713534	0.531113	0.520478	0.0185398	0.512386	0.519406	0.505035	0.505035	0.505328	0.505328	0.509074	0.524327	0.517942	0.0268305	0.614679	0.16829	N/A	0.530008	0.536738	0.53018	0.518548	0.511318	0.508401	0.53477	0.525629	0.514588	0.50808	0.528033	0.503805	0.512959	0.506744	0.514228
N0.HOG0008998	0.0538164	0.547972	0.0464199	0.0306106	0.512386	0.512386	0.519406	0.505035	0.505035	0.505328	0.505328	0.509074	0.5	0.5	0.5	0.614679	0.16829	N/A	0.530008	0.536738	0.53018	0.518548	0.511318	0.508401	0.53477	0.525629	0.514588	0.50808	0.528033	0.503805	0.0193959	0.5	0.514228
N0.HOG0009000	0.602993	0.547972	0.531113	0.520478	0.512386	0.512386	0.0290127	0.505035	0.505035	0.00798461	0.505328	0.509074	0.524327	0.0268305	0.517942	0.614679	0.614679	N/A	0.530008	0.536738	0.53018	0.518548	0.511318	0.508401	0.53477	0.525629	0.514588	0.50808	0.528033	0.503805	0.512959	0.506744	0.514228
N0.HOG0009002	0.0538164	0.0713534	0.531113	0.0306106	0.512386	0.0185398	0.537689	0.509993	0.0149901	0.505328	0.505328	0.509074	0.524327	0.5	0.5	0.16829	0.614679	N/A	0.530008	0.536738	0.53018	0.518548	0.511318	0.508401	0.53477	0.0129743	0.528541	0.50808	0.528033	0.503805	0.512959	0.0101049	0.514228
N0.HOG0009005	0.602993	0.547972	0.0464199	0.520478	0.512386	0.0185398	0.519406	0.505035	0.505035	0.505328	0.00798461	0.0135898	0.524327	0.517942	0.517942	0.614679	0.614679	N/A	0.530008	0.536738	0.53018	0.518548	0.511318	0.508401	0.53477	0.525629	0.514588	0.50808	0.528033	0.503805	0.512959	0.506744	0.514228
N0.HOG0009007	0.151523	0.547972	0.531113	0.0306106	0.512386	0.512386	0.519406	0.505035	0.505035	0.5	0.5	0.509074	0.5	0.5	0.5	0.16829	0.614679	N/A	0.530008	0.536738	0.53018	0.518548	0.511318	0.508401	0.53477	0.525629	0.514588	0.50808	0.528033	0.00570442	0.0193959	0.5	0.514228
N0.HOG0009015	0.602993	0.5	0.5	0.5	0.5	0.5	0.519406	0.00754557	0.505035	0.5	0.5	0.5	0.0123078	0.517942	0.517942	0.0601581	0.614679	N/A	0.530008	0.536738	0.0450356	0.5	0.5	0.5	0.53477	0.525629	0.514588	0.50808	0.0418476	0.5	0.512959	0.506744	0.514228
N0.HOG0009021	0.602993	0.0713534	0.531113	0.0306106	0.512386	0.0185398	0.0290127	0.505035	0.00754557	0.505328	0.505328	0.0135898	0.0363393	0.517942	0.0268305	0.16829	0.614679	N/A	0.530008	0.536738	0.53018	0.518548	0.511318	0.508401	0.53477	0.525629	0.514588	0.50808	0.528033	0.503805	0.512959	0.506744	0.514228
N0.HOG0009032	0.0269934	0.547972	0.531113	0.520478	0.512386	0.512386	0.537689	0.505035	0.505035	0.505328	0.505328	0.509074	0.546894	0.052391	0.534923	0.69156	0.288995	N/A	0.557342	0.569477	0.0865123	0.518548	0.511318	0.508401	0.565956	0.549305	0.0428152	0.515964	0.0806194	0.503805	0.525416	0.513352	0.527851
N0.HOG0009033	0.151523	0.0713534	0.531113	0.520478	0.0185398	0.512386	0.0290127	0.505035	0.505035	0.505328	0.505328	0.509074	0.5	0.5	0.5	0.16829	0.614679	N/A	0.530008	0.536738	0.53018	0.518548	0.511318	0.508401	0.53477	0.525629	0.514588	0.50808	0.528033	0.503805	0.0193959	0.5	0.514228
N0.HOG0009037	0.602993	0.0713534	0.531113	0.520478	0.512386	0.512386	0.519406	0.505035	0.505035	0.5	0.5	0.509074	0.524327	0.5	0.5	0.614679	0.614679	N/A	0.530008	0.536738	0.53018	0.518548	0.511318	0.508401	0.53477	0.525629	0.514588	0.50808	0.528033	0.00570442	0.512959	0.0101049	0.514228
N0.HOG0009041	0.602993	0.547972	0.531113	0.520478	0.0185398	0.512386	0.00979517	0.505035	0.505035	0.505328	0.00798461	0.509074	0.524327	0.517942	0.517942	0.16829	0.614679	N/A	0.530008	0.536738	0.53018	0.518548	0.511318	0.508401	0.53477	0.525629	0.514588	0.50808	0.528033	0.503805	0.512959	0.506744	0.514228
N0.HOG0009042	0.151523	0.547972	0.0464199	0.520478	0.512386	0.0185398	0.519406	0.505035	0.505035	0.505328	0.505328	0.509074	0.524327	0.517942	0.0268305	0.16829	0.614679	N/A	0.530008	0.536738	0.53018	0.518548	0.511318	0.508401	0.53477	0.525629	0.514588	0.50808	0.528033	0.503805	0.512959	0.506744	0.514228
N0.HOG0009045	0.151523	0.5	0.5	0.5	0.5	0.5	0.0290127	0.505035	0.505035	0.5	0.5	0.5	0.0363393	0.0268305	0.517942	0.614679	0.16829	N/A	0.530008	0.536738	0.0450356	0.5	0.5	0.5	0.53477	0.525629	0.514588	0.50808	0.0418476	0.5	0.512959	0.506744	0.514228
N0.HOG0009047	0.602993	0.0713534	0.531113	0.520478	0.0185398	0.512386	0.519406	0.505035	0.505035	0.505328	0.505328	0.509074	0.5	0.5	0.5	0.16829	0.614679	N/A	0.530008	0.536738	0.53018	0.518548	0.511318	0.508401	0.53477	0.525629	0.514588	0.50808	0.528033	0.503805	0.0193959	0.5	0.514228
N0.HOG0009058	0.151523	0.547972	0.531113	0.520478	0.512386	0.512386	0.519406	0.505035	0.505035	0.00798461	0.505328	0.509074	0.5	0.5	0.5	0.614679	0.16829	N/A	0.530008	0.536738	0.53018	0.518548	0.511318	0.508401	0.53477	0.525629	0.514588	0.50808	0.528033	0.503805	0.0193959	0.5	0.514228
N0.HOG0009059	0.151523	0.0713534	0.0464199	0.520478	0.5	0.5	0.519406	0.505035	0.505035	0.505328	0.00798461	0.509074	0.524327	0.0090498	0.517942	0.0601581	0.16829	N/A	0.530008	0.536738	0.53018	0.518548	0.511318	0.0125831	0.53477	0.525629	0.514588	0.50808	0.528033	0.503805	0.512959	0.506744	0.514228
N0.HOG0009060	0.151523	0.5	0.5	0.5	0.5	0.5	0.519406	0.505035	0.505035	0.505328	0.505328	0.509074	0.546894	0.534923	0.052391	0.16829	0.614679	N/A	0.530008	0.536738	0.0450356	0.5	0.5	0.5	0.53477	0.525629	0.514588	0.50808	0.528033	0.503805	0.00652089	0.513352	0.514228
N0.HOG0009068	0.151523	0.0713534	0.0464199	0.520478	0.512386	0.0185398	0.0290127	0.00754557	0.505035	0.505328	0.505328	0.509074	0.0363393	0.0268305	0.517942	0.614679	0.16829	N/A	0.530008	0.536738	0.53018	0.518548	0.511318	0.508401	0.53477	0.525629	0.514588	0.50808	0.528033	0.503805	0.512959	0.506744	0.514228
N0.HOG0009081	0.151523	0.547972	0.0464199	0.520478	0.0185398	0.512386	0.0290127	0.505035	0.505035	0.5	0.5	0.509074	0.0363393	0.0268305	0.517942	0.614679	0.16829	N/A	0.530008	0.536738	0.53018	0.518548	0.511318	0.508401	0.53477	0.525629	0.514588	0.50808	0.528033	0.00570442	0.512959	0.506744	0.514228
N0.HOG0009082	0.602993	0.0713534	0.531113	0.520478	0.512386	0.512386	0.519406	0.505035	0.505035	0.00798461	0.505328	0.0135898	0.524327	0.517942	0.517942	0.614679	0.16829	N/A	0.530008	0.536738	0.53018	0.518548	0.511318	0.508401	0.53477	0.525629	0.514588	0.50808	0.528033	0.503805	0.512959	0.506744	0.514228
N0.HOG0009083	0.602993	0.547972	0.531113	0.520478	0.512386	0.512386	0.519406	0.505035	0.505035	0.505328	0.505328	0.0135898	0.0363393	0.517942	0.0268305	0.16829	0.614679	N/A	0.530008	0.536738	0.53018	0.518548	0.511318	0.508401	0.53477	0.525629	0.514588	0.50808	0.528033	0.503805	0.512959	0.506744	0.514228
N0.HOG0009084	0.602993	0.547972	0.531113	0.520478	0.512386	0.512386	0.519406	0.00754557	0.505035	0.505328	0.505328	0.0135898	0.5	0.5	0.5	0.16829	0.614679	N/A	0.530008	0.536738	0.53018	0.518548	0.511318	0.508401	0.53477	0.525629	0.514588	0.50808	0.528033	0.503805	0.0193959	0.5	0.514228
N0.HOG0009086	0.151523	0.547972	0.531113	0.520478	0.0185398	0.512386	0.0290127	0.505035	0.505035	0.505328	0.505328	0.509074	0.524327	0.5	0.5	0.16829	0.614679	N/A	0.530008	0.536738	0.53018	0.518548	0.511318	0.508401	0.53477	0.525629	0.514588	0.50808	0.528033	0.503805	0.512959	0.0101049	0.514228
N0.HOG0009090	0.602993	0.547972	0.0464199	0.520478	0.0185398	0.512386	0.0290127	0.505035	0.505035	0.505328	0.505328	0.509074	0.524327	0.517942	0.517942	0.16829	0.614679	N/A	0.530008	0.536738	0.53018	0.518548	0.511318	0.508401	0.53477	0.525629	0.514588	0.50808	0.528033	0.503805	0.512959	0.506744	0.514228
N0.HOG0009093	0.602993	0.547972	0.0464199	0.0306106	0.512386	0.0185398	0.519406	0.5	0.5	0.5	0.5	0.5	0.524327	0.000163851	0.517942	0.614679	0.614679	N/A	0.530008	0.536738	0.53018	0.518548	0.511318	0.508401	0.53477	0.525629	0.0218285	0.50808	0.0418476	0.5	0.512959	0.506744	0.514228
N0.HOG0009109	0.151523	0.547972	0.531113	0.0306106	0.512386	0.512386	0.0290127	0.505035	0.505035	0.00798461	0.505328	0.0135898	0.524327	0.517942	0.0268305	0.614679	0.614679	N/A	0.530008	0.536738	0.53018	0.518548	0.511318	0.508401	0.53477	0.525629	0.514588	0.50808	0.528033	0.503805	0.512959	0.506744	0.514228
N0.HOG0009111	0.602993	0.547972	0.559353	0.05957	0.0124616	0.524313	0.519406	0.00754557	0.00252362	0.510571	0.510571	0.0135898	0.524327	0.517942	0.0268305	0.16829	0.614679	N/A	0.530008	0.536738	0.53018	0.00935839	0.522253	0.51659	0.53477	0.525629	0.514588	0.50808	0.528033	0.00190629	0.512959	0.506744	0.514228
N0.HOG0009118	0.151523	0.547972	0.0464199	0.520478	0.512386	0.512386	0.519406	0.505035	0.505035	0.505328	0.505328	0.509074	0.0363393	0.517942	0.0268305	0.614679	0.614679	N/A	0.530008	0.536738	0.53018	0.518548	0.511318	0.508401	0.53477	0.525629	0.514588	0.50808	0.528033	0.503805	0.512959	0.506744	0.514228
N0.HOG0009122	0.151523	0.0713534	0.531113	0.520478	0.0185398	0.512386	0.519406	0.5	0.5	0.505328	0.505328	0.509074	0.0363393	0.517942	0.517942	0.614679	0.614679	N/A	0.530008	0.536738	0.53018	0.518548	0.511318	0.508401	0.53477	0.525629	0.0218285	0.50808	0.528033	0.503805	0.512959	0.506744	0.514228
N0.HOG0009125	0.151523	0.0713534	0.531113	0.520478	0.512386	0.0185398	0.0290127	0.505035	0.505035	0.505328	0.505328	0.509074	0.5	0.5	0.5	0.614679	0.16829	N/A	0.530008	0.536738	0.53018	0.518548	0.511318	0.508401	0.53477	0.525629	0.514588	0.50808	0.528033	0.503805	0.0193959	0.5	0.514228
N0.HOG0009127	0.602993	0.547972	0.0464199	0.0306106	0.512386	0.0185398	0.0290127	0.505035	0.00754557	0.5	0.5	0.5	0.0363393	0.0268305	0.517942	0.614679	0.614679	N/A	0.530008	0.536738	0.53018	0.518548	0.511318	0.508401	0.53477	0.525629	0.514588	0.50808	0.0418476	0.5	0.512959	0.506744	0.514228
N0.HOG0009129	0.602993	0.547972	0.0464199	0.520478	0.512386	0.512386	0.519406	0.505035	0.505035	0.505328	0.00798461	0.509074	0.0363393	0.517942	0.0268305	0.614679	0.16829	N/A	0.530008	0.536738	0.53018	0.518548	0.511318	0.508401	0.53477	0.525629	0.514588	0.50808	0.528033	0.503805	0.512959	0.506744	0.514228
N0.HOG0009130	0.602993	0.0713534	0.531113	0.520478	0.0185398	0.512386	0.0290127	0.505035	0.505035	0.505328	0.505328	0.0135898	0.5	0.5	0.5	0.614679	0.614679	N/A	0.530008	0.536738	0.53018	0.518548	0.511318	0.508401	0.53477	0.525629	0.514588	0.50808	0.528033	0.503805	0.0193959	0.5	0.514228
N0.HOG0009140	6.95505e-05	0.5	0.5	0.5	0.5	0.5	0.5	0.5	0.5	0.5	0.5	0.5	0.5	0.5	0.5	0.16829	1.63514e-06	N/A	0.530008	0.0547561	0.5	0.5	0.5	0.5	0.5	0.5	0.5	0.5	0.5	0.5	0.5	0.5	0.514228
N0.HOG0009153	0.151523	0.547972	0.0464199	0.0306106	0.512386	0.512386	0.519406	0.5	0.5	0.505328	0.505328	0.509074	0.524327	0.0268305	0.517942	0.614679	0.614679	N/A	0.530008	0.536738	0.53018	0.518548	0.511318	0.508401	0.53477	0.525629	0.0218285	0.50808	0.528033	0.503805	0.512959	0.506744	0.514228
N0.HOG0009158	0.602993	0.547972	0.531113	0.520478	0.512386	0.0185398	0.519406	0.505035	0.00754557	0.5	0.5	0.5	0.0363393	0.517942	0.517942	0.614679	0.614679	N/A	0.530008	0.536738	0.53018	0.518548	0.511318	0.508401	0.53477	0.525629	0.514588	0.50808	0.0418476	0.5	0.512959	0.506744	0.514228
N0.HOG0009160	0.151523	0.547972	0.531113	0.0306106	0.0185398	0.512386	0.0290127	0.505035	0.505035	0.505328	0.505328	0.0135898	0.5	0.5	0.5	0.614679	0.16829	N/A	0.530008	0.536738	0.53018	0.518548	0.511318	0.508401	0.53477	0.525629	0.514588	0.50808	0.528033	0.503805	0.0193959	0.5	0.514228
N0.HOG0009169	0.151523	0.0713534	0.0464199	0.520478	0.512386	0.512386	0.519406	0.5	0.5	0.5	0.5	0.5	0.524327	0.0268305	0.517942	0.614679	0.16829	N/A	0.530008	0.536738	0.53018	0.518548	0.511318	0.508401	0.53477	0.525629	0.0218285	0.50808	0.0418476	0.5	0.512959	0.506744	0.514228
N0.HOG0009192	0.602993	0.547972	0.5	0.5	0.5	0.5	0.519406	0.5	0.5	0.5	0.5	0.5	0.524327	0.517942	0.517942	0.16829	0.614679	N/A	0.530008	0.536738	0.53018	0.0277344	0.5	0.5	0.53477	0.525629	0.0218285	0.50808	0.0418476	0.5	0.512959	0.506744	0.514228
N0.HOG0009195	0.151523	0.547972	0.531113	0.0306106	0.512386	0.0185398	0.519406	0.505035	0.505035	0.505328	0.505328	0.509074	0.5	0.5	0.5	0.614679	0.16829	N/A	0.530008	0.536738	0.53018	0.518548	0.511318	0.508401	0.53477	0.525629	0.514588	0.50808	0.528033	0.503805	0.0193959	0.5	0.514228
N0.HOG0009198	0.602993	0.0713534	0.0464199	0.0306106	0.512386	0.0185398	0.519406	0.505035	0.505035	0.505328	0.00798461	0.0135898	0.524327	0.517942	0.0268305	0.614679	0.16829	N/A	0.530008	0.536738	0.53018	0.518548	0.511318	0.508401	0.53477	0.525629	0.514588	0.50808	0.528033	0.503805	0.512959	0.506744	0.514228
N0.HOG0009204	0.602993	0.0713534	0.0464199	0.0306106	0.512386	0.512386	0.519406	0.00754557	0.505035	0.5	0.5	0.509074	0.524327	0.517942	0.517942	0.614679	0.614679	N/A	0.530008	0.536738	0.53018	0.518548	0.511318	0.508401	0.53477	0.525629	0.514588	0.50808	0.528033	0.00570442	0.512959	0.506744	0.514228
N0.HOG0009207	0.151523	0.547972	0.0464199	0.520478	0.00623076	0.512386	0.519406	0.505035	0.505035	0.505328	0.505328	0.509074	0.546894	0.534923	0.052391	0.614679	0.16829	N/A	0.530008	0.536738	0.53018	0.518548	0.511318	0.508401	0.53477	0.525629	0.514588	0.50808	0.528033	0.503805	0.00652089	0.513352	0.514228
N0.HOG0009209	0.151523	0.0713534	0.531113	0.520478	0.0185398	0.512386	0.519406	0.505035	0.505035	0.505328	0.505328	0.509074	0.0363393	0.0268305	0.517942	0.614679	0.16829	N/A	0.530008	0.536738	0.53018	0.518548	0.511318	0.508401	0.53477	0.525629	0.514588	0.50808	0.528033	0.503805	0.512959	0.506744	0.514228
N0.HOG0009219	0.151523	0.5	0.5	0.5	0.5	0.5	0.519406	0.5	0.5	0.5	0.5	0.5	0.0363393	0.517942	0.517942	0.614679	0.614679	N/A	0.530008	0.536738	0.0450356	0.5	0.5	0.5	0.53477	0.525629	0.0218285	0.50808	0.0418476	0.5	0.512959	0.506744	0.514228
N0.HOG0009220	0.602993	0.547972	0.531113	0.0306106	0.0185398	0.512386	0.519406	0.5	0.5	0.5	0.5	0.5	0.524327	0.517942	0.517942	0.614679	0.614679	N/A	0.530008	0.536738	0.53018	0.518548	0.511318	0.508401	0.53477	0.525629	0.0218285	0.50808	0.0418476	0.5	0.512959	0.506744	0.514228
N0.HOG0009224	0.151523	0.0713534	0.0464199	0.520478	0.512386	0.512386	0.5	0.5	0.5	0.505328	0.00798461	0.509074	0.524327	0.517942	0.517942	0.614679	0.16829	N/A	0.530008	0.536738	0.53018	0.518548	0.511318	0.508401	0.53477	0.038275	0.5	0.50808	0.528033	0.503805	0.512959	0.506744	0.514228
N0.HOG0009229	0.0538164	0.5	0.5	0.5	0.5	0.5	0.5	0.5	0.5	0.5	0.5	0.5	0.5	0.5	0.5	0.16829	1.99713e-07	N/A	0.530008	0.0547561	0.5	0.5	0.5	0.5	0.5	0.5	0.5	0.5	0.5	0.5	0.5	0.5	0.514228
N0.HOG0009232	0.151523	0.547972	0.0464199	0.520478	0.512386	0.512386	0.0290127	0.505035	0.505035	0.505328	0.505328	0.509074	0.0363393	0.517942	0.0268305	0.16829	0.614679	N/A	0.530008	0.536738	0.53018	0.518548	0.511318	0.508401	0.53477	0.525629	0.514588	0.50808	0.528033	0.503805	0.512959	0.506744	0.514228
N0.HOG0009237	0.602993	0.547972	0.0464199	0.520478	0.5	0.5	0.519406	0.505035	0.00754557	0.00798461	0.505328	0.0135898	0.524327	0.517942	0.517942	0.614679	0.16829	N/A	0.530008	0.536738	0.53018	0.518548	0.511318	0.0125831	0.53477	0.525629	0.514588	0.50808	0.528033	0.503805	0.512959	0.506744	0.514228
N0.HOG0009240	0.151523	0.0713534	0.0464199	0.0103418	0.5	0.5	0.5	0.5	0.5	0.5	0.5	0.5	0.5	0.5	0.5	0.16829	0.00734762	N/A	0.530008	0.536738	0.53018	0.518548	0.511318	0.0125831	0.0518419	0.5	0.5	0.5	0.5	0.5	0.5	0.5	0.514228
N0.HOG0009244	0.151523	0.0713534	0.0464199	0.520478	0.5	0.5	0.519406	0.505035	0.00754557	0.505328	0.505328	0.509074	0.5	0.5	0.5	0.614679	0.16829	N/A	0.530008	0.536738	0.53018	0.518548	0.511318	0.0125831	0.53477	0.525629	0.514588	0.50808	0.528033	0.503805	0.0193959	0.5	0.514228
N0.HOG0009245	0.151523	0.5	0.5	0.5	0.5	0.5	0.5	0.5	0.5	0.5	0.5	0.509074	0.5	0.5	0.5	0.614679	0.614679	N/A	0.530008	0.536738	0.0450356	0.5	0.5	0.5	0.53477	0.038275	0.5	0.50808	0.528033	0.00570442	0.0193959	0.5	0.514228
N0.HOG0009259	0.151523	0.547972	0.531113	0.520478	0.512386	0.0185398	0.519406	0.505035	0.505035	0.505328	0.00798461	0.509074	0.5	0.5	0.5	0.614679	0.614679	N/A	0.530008	0.536738	0.53018	0.518548	0.511318	0.508401	0.53477	0.525629	0.514588	0.50808	0.528033	0.503805	0.0193959	0.5	0.514228
N0.HOG0009261	0.602993	0.547972	0.531113	0.520478	0.512386	0.0185398	0.519406	0.505035	0.505035	0.00798461	0.505328	0.509074	0.0363393	0.517942	0.517942	0.16829	0.614679	N/A	0.530008	0.536738	0.53018	0.518548	0.511318	0.508401	0.53477	0.525629	0.514588	0.50808	0.528033	0.503805	0.512959	0.506744	0.514228
N0.HOG0009262	0.602993	0.5	0.5	0.5	0.5	0.5	0.519406	0.505035	0.505035	0.00798461	0.505328	0.0135898	0.0123078	0.5	0.5	0.16829	0.614679	N/A	0.530008	0.536738	0.0450356	0.5	0.5	0.5	0.53477	0.525629	0.514588	0.50808	0.528033	0.503805	0.512959	0.0101049	0.514228
N0.HOG0009276	0.151523	0.547972	0.0464199	0.520478	0.512386	0.0185398	0.519406	0.505035	0.505035	0.505328	0.505328	0.509074	0.0363393	0.517942	0.0268305	0.614679	0.16829	N/A	0.530008	0.536738	0.53018	0.518548	0.511318	0.508401	0.53477	0.525629	0.514588	0.50808	0.528033	0.503805	0.512959	0.506744	0.514228
N0.HOG0009277	0.151523	0.5	0.5	0.5	0.5	0.5	0.519406	0.505035	0.505035	0.505328	0.00798461	0.509074	0.5	0.5	0.5	0.614679	0.614679	N/A	0.530008	0.536738	0.0450356	0.5	0.5	0.5	0.53477	0.525629	0.514588	0.50808	0.528033	0.503805	0.0193959	0.5	0.514228
N0.HOG0009285	0.151523	0.547972	0.0464199	0.520478	0.512386	0.512386	0.519406	0.505035	0.00754557	0.505328	0.505328	0.509074	0.0363393	0.517942	0.0268305	0.614679	0.614679	N/A	0.530008	0.536738	0.53018	0.518548	0.511318	0.508401	0.53477	0.525629	0.514588	0.50808	0.528033	0.503805	0.512959	0.506744	0.514228
N0.HOG0009288	0.151523	0.0713534	0.0464199	0.520478	0.512386	0.0185398	0.519406	0.505035	0.505035	0.00798461	0.505328	0.509074	0.524327	0.517942	0.0268305	0.16829	0.614679	N/A	0.530008	0.536738	0.53018	0.518548	0.511318	0.508401	0.53477	0.525629	0.514588	0.50808	0.528033	0.503805	0.512959	0.506744	0.514228
N0.HOG0009291	0.151523	0.547972	0.531113	0.0306106	0.512386	0.0185398	0.519406	0.505035	0.505035	0.505328	0.505328	0.0135898	0.5	0.5	0.5	0.16829	0.614679	N/A	0.530008	0.536738	0.53018	0.518548	0.511318	0.508401	0.53477	0.525629	0.514588	0.50808	0.528033	0.503805	0.0193959	0.5	0.514228
N0.HOG0009293	0.151523	0.547972	0.531113	0.520478	0.512386	0.0185398	0.0290127	0.505035	0.00754557	0.505328	0.00798461	0.509074	0.5	0.5	0.5	0.614679	0.16829	N/A	0.530008	0.536738	0.53018	0.518548	0.511318	0.508401	0.53477	0.525629	0.514588	0.50808	0.528033	0.503805	0.0193959	0.5	0.514228
N0.HOG0009295	0.602993	0.0713534	0.0157906	0.0306106	7.02365e-24	0.0185398	0.5	0.5	0.5	0.5	0.5	0.5	0.5	0.5	0.5	0.614679	0.16829	N/A	0.530008	0.536738	0.53018	0.518548	0.511318	0.508401	0.0518419	0.5	0.5	0.5	0.5	0.5	0.5	0.5	0.514228
N0.HOG0009302	0.151523	0.0713534	0.0464199	0.520478	0.512386	0.512386	0.5	0.5	0.5	0.5	0.5	0.5	0.5	0.5	0.5	0.16829	0.00734762	N/A	0.530008	0.536738	0.53018	0.518548	0.511318	0.508401	0.0518419	0.5	0.5	0.5	0.5	0.5	0.5	0.5	0.514228
N0.HOG0009303	0.151523	0.547972	0.531113	0.0306106	0.512386	0.0185398	0.519406	0.505035	0.505035	0.00798461	0.505328	0.509074	0.0363393	0.0090498	0.0268305	0.614679	0.16829	N/A	0.530008	0.536738	0.53018	0.518548	0.511318	0.508401	0.53477	0.525629	0.514588	0.50808	0.528033	0.503805	0.512959	0.506744	0.514228
N0.HOG0009318	0.151523	0.547972	0.531113	0.0306106	0.512386	0.0185398	0.519406	0.505035	0.505035	0.5	0.5	0.5	0.524327	0.517942	0.517942	0.16829	0.0601581	N/A	0.530008	0.536738	0.53018	0.518548	0.511318	0.508401	0.53477	0.525629	0.514588	0.50808	0.0418476	0.5	0.512959	0.506744	0.514228
N0.HOG0009319	0.151523	0.547972	0.0464199	0.520478	0.00623076	0.0185398	0.0290127	0.505035	0.505035	0.5	0.5	0.509074	0.5	0.5	0.5	0.16829	0.614679	N/A	0.530008	0.536738	0.53018	0.518548	0.511318	0.508401	0.53477	0.525629	0.514588	0.50808	0.528033	0.00570442	0.0193959	0.5	0.514228
N0.HOG0009331	0.602993	2.91826e-06	0.0464199	0.520478	9.67871e-07	0.0185398	0.519406	0.5	0.5	0.5	0.5	0.5	0.0123078	0.0090498	0.0268305	0.0601581	0.16829	N/A	0.530008	0.536738	0.53018	0.518548	0.511318	0.508401	0.53477	0.525629	0.0218285	0.50808	0.0418476	0.5	0.512959	0.506744	0.514228
N0.HOG0009349	0.151523	0.547972	0.0464199	0.0306106	0.512386	0.0185398	0.519406	0.505035	0.00754557	0.505328	0.00798461	0.0135898	0.5	0.5	0.5	0.614679	0.614679	N/A	0.530008	0.536738	0.53018	0.518548	0.511318	0.508401	0.53477	0.525629	0.514588	0.50808	0.528033	0.503805	0.0193959	0.5	0.514228
N0.HOG0009350	0.151523	0.5	0.5	0.5	0.5	0.5	0.519406	0.5	0.5	0.5	0.5	0.5	0.524327	0.517942	0.0268305	0.16829	0.0601581	N/A	0.530008	0.536738	0.0450356	0.5	0.5	0.5	0.53477	0.525629	0.0218285	0.50808	0.0418476	0.5	0.512959	0.506744	0.514228
N0.HOG0009351	0.151523	0.0245313	0.531113	0.0306106	0.512386	0.0185398	0.519406	0.5	0.5	0.5	0.5	0.5	0.524327	0.517942	0.0268305	0.614679	0.16829	N/A	0.530008	0.536738	0.53018	0.518548	0.511318	0.508401	0.53477	0.525629	0.0218285	0.50808	0.0418476	0.5	0.512959	0.506744	0.514228
N0.HOG0009352	0.151523	0.547972	0.0464199	0.0306106	0.512386	0.0185398	0.0290127	0.505035	0.505035	0.5	0.5	0.5	0.0363393	0.0268305	0.517942	0.16829	0.614679	N/A	0.530008	0.536738	0.53018	0.518548	0.511318	0.508401	0.53477	0.525629	0.514588	0.50808	0.0418476	0.5	0.512959	0.506744	0.514228
N0.HOG0009368	0.602993	0.547972	0.0464199	0.520478	0.512386	0.0185398	0.00979517	0.505035	0.00754557	0.505328	0.505328	0.509074	0.524327	0.517942	0.517942	0.614679	0.614679	N/A	0.530008	0.536738	0.53018	0.518548	0.511318	0.508401	0.53477	0.525629	0.514588	0.50808	0.528033	0.503805	0.512959	0.506744	0.514228
N0.HOG0009391	0.151523	0.547972	0.0464199	0.520478	0.00623076	0.0185398	0.519406	0.505035	0.00754557	0.00798461	0.505328	0.0135898	0.524327	0.517942	0.0268305	0.614679	0.16829	N/A	0.530008	0.536738	0.53018	0.518548	0.511318	0.508401	0.53477	0.525629	0.514588	0.50808	0.528033	0.503805	0.512959	0.506744	0.514228
N0.HOG0009397	0.151523	0.0245313	0.531113	0.0306106	0.00623076	0.512386	0.0290127	0.00754557	0.505035	0.505328	0.00798461	0.0135898	0.0363393	0.0268305	0.517942	0.16829	0.614679	N/A	0.530008	0.536738	0.53018	0.518548	0.511318	0.508401	0.53477	0.525629	0.514588	0.50808	0.528033	0.503805	0.512959	0.506744	0.514228
N0.HOG0009401	0.602993	0.5	0.5	0.5	0.5	0.5	0.0290127	0.505035	0.505035	0.505328	0.505328	0.509074	0.0363393	0.0268305	0.517942	0.16829	0.614679	N/A	0.530008	0.536738	0.0450356	0.5	0.5	0.5	0.53477	0.525629	0.514588	0.50808	0.528033	0.503805	0.512959	0.506744	0.514228
N0.HOG0009412	0.151523	0.0245313	0.531113	0.0306106	0.512386	0.0185398	0.0290127	0.505035	0.505035	0.505328	0.505328	0.509074	0.5	0.5	0.5	0.614679	0.16829	N/A	0.530008	0.536738	0.53018	0.518548	0.511318	0.508401	0.53477	0.525629	0.514588	0.50808	0.528033	0.503805	0.0193959	0.5	0.514228
N0.HOG0009413	0.151523	0.547972	0.0464199	0.520478	0.512386	0.0185398	0.519406	0.5	0.5	0.505328	0.00798461	0.0135898	0.524327	0.517942	0.517942	0.614679	0.16829	N/A	0.530008	0.536738	0.53018	0.518548	0.511318	0.508401	0.53477	0.525629	0.0218285	0.50808	0.528033	0.503805	0.512959	0.506744	0.514228
N0.HOG0009428	0.151523	0.547972	0.531113	0.520478	0.0185398	0.512386	0.0290127	0.505035	0.505035	0.505328	0.505328	0.509074	0.0363393	0.517942	0.0268305	0.614679	0.16829	N/A	0.530008	0.536738	0.53018	0.518548	0.511318	0.508401	0.53477	0.525629	0.514588	0.50808	0.528033	0.503805	0.512959	0.506744	0.514228
N0.HOG0009430	0.602993	0.547972	0.0464199	0.0306106	0.512386	0.0185398	0.519406	0.00754557	0.505035	0.505328	0.00798461	0.509074	0.524327	0.517942	0.517942	0.614679	0.16829	N/A	0.530008	0.536738	0.53018	0.518548	0.511318	0.508401	0.53477	0.525629	0.514588	0.50808	0.528033	0.503805	0.512959	0.506744	0.514228
N0.HOG0009431	0.602993	0.5	0.5	0.5	0.5	0.5	0.519406	0.5	0.5	0.00798461	0.505328	0.0135898	0.0363393	0.0268305	0.517942	0.614679	0.614679	N/A	0.530008	0.536738	0.0450356	0.5	0.5	0.5	0.53477	0.525629	0.0218285	0.50808	0.528033	0.503805	0.512959	0.506744	0.514228
N0.HOG0009436	0.151523	0.0245313	0.531113	0.520478	0.512386	0.0185398	0.519406	0.505035	0.505035	0.505328	0.505328	0.0135898	0.524327	0.517942	0.517942	0.614679	0.16829	N/A	0.530008	0.536738	0.53018	0.518548	0.511318	0.508401	0.53477	0.525629	0.514588	0.50808	0.528033	0.503805	0.512959	0.506744	0.514228
N0.HOG0009441	0.602993	0.0713534	0.0464199	0.0306106	0.512386	0.0185398	0.519406	0.5	0.5	0.5	0.5	0.5	0.0363393	0.517942	0.517942	0.16829	0.614679	N/A	0.530008	0.536738	0.53018	0.518548	0.511318	0.508401	0.53477	0.525629	0.0218285	0.50808	0.0418476	0.5	0.512959	0.506744	0.514228
N0.HOG0009445	0.602993	0.0713534	0.531113	0.5	0.5	0.5	0.0290127	0.505035	0.505035	0.5	0.5	0.5	0.0363393	0.517942	0.517942	0.614679	0.16829	N/A	0.530008	0.536738	0.53018	0.518548	0.0169447	0.5	0.53477	0.525629	0.514588	0.50808	0.0418476	0.5	0.512959	0.506744	0.514228
N0.HOG0009450	0.151523	0.0713534	0.531113	0.520478	0.0185398	0.512386	0.0290127	0.505035	0.505035	0.505328	0.505328	0.509074	0.5	0.5	0.5	0.16829	0.614679	N/A	0.530008	0.536738	0.53018	0.518548	0.511318	0.508401	0.53477	0.525629	0.514588	0.50808	0.528033	0.503805	0.0193959	0.5	0.514228
N0.HOG0009459	0.151523	0.547972	0.531113	0.0306106	0.0185398	0.512386	0.519406	0.5	0.5	0.5	0.5	0.5	0.524327	0.517942	0.517942	0.614679	0.614679	N/A	0.530008	0.536738	0.53018	0.518548	0.511318	0.508401	0.53477	0.525629	0.0218285	0.50808	0.0418476	0.5	0.512959	0.506744	0.514228
N0.HOG0009467	0.151523	0.547972	0.0464199	0.520478	0.512386	0.0185398	0.519406	0.505035	0.505035	0.5	0.5	0.509074	0.5	0.5	0.5	0.614679	0.16829	N/A	0.530008	0.536738	0.53018	0.518548	0.511318	0.508401	0.53477	0.525629	0.514588	0.50808	0.528033	0.00570442	0.0193959	0.5	0.514228
N0.HOG0009481	0.151523	0.547972	0.0464199	0.0306106	0.00623076	0.0185398	0.519406	0.505035	0.505035	0.505328	0.00798461	0.0135898	0.524327	0.517942	0.0268305	0.614679	0.16829	N/A	0.530008	0.536738	0.53018	0.518548	0.511318	0.508401	0.53477	0.525629	0.514588	0.50808	0.528033	0.503805	0.512959	0.506744	0.514228
N0.HOG0009486	0.151523	0.0713534	0.0464199	0.520478	0.0185398	0.512386	0.0290127	0.505035	0.505035	0.00267097	0.505328	0.509074	0.524327	0.5	0.5	0.614679	0.16829	N/A	0.530008	0.536738	0.53018	0.518548	0.511318	0.508401	0.53477	0.525629	0.514588	0.50808	0.528033	0.503805	0.512959	0.0101049	0.514228
N0.HOG0009523	0.151523	0.547972	0.531113	0.520478	0.512386	0.0185398	0.5	0.5	0.5	0.5	0.5	0.5	0.524327	0.0268305	0.517942	0.614679	0.16829	N/A	0.530008	0.536738	0.53018	0.518548	0.511318	0.508401	0.53477	0.038275	0.5	0.50808	0.0418476	0.5	0.512959	0.506744	0.514228
N0.HOG0009525	0.151523	0.547972	0.531113	0.520478	0.00623076	0.0185398	0.519406	0.505035	0.00754557	0.5	0.5	0.5	0.524327	0.517942	0.517942	0.614679	0.614679	N/A	0.530008	0.536738	0.53018	0.518548	0.511318	0.508401	0.53477	0.525629	0.514588	0.50808	0.0418476	0.5	0.512959	0.506744	0.514228
N0.HOG0009533	0.151523	0.547972	0.0464199	0.0306106	0.512386	0.0185398	0.519406	0.505035	0.505035	0.00267097	0.505328	0.509074	0.524327	0.517942	0.0268305	0.614679	0.16829	N/A	0.530008	0.536738	0.53018	0.518548	0.511318	0.508401	0.53477	0.525629	0.514588	0.50808	0.528033	0.503805	0.512959	0.506744	0.514228
N0.HOG0009534	0.151523	0.5	0.5	0.5	0.5	0.5	0.000191964	0.00754557	0.505035	0.00267097	0.505328	0.509074	0.587298	0.580662	0.0451139	0.16829	0.614679	N/A	0.530008	0.536738	0.0450356	0.5	0.5	0.5	0.53477	0.525629	0.514588	0.50808	0.528033	0.503805	1.1095e-06	0.0135306	0.514228
N0.HOG0009535	0.67535	0.547972	0.0464199	0.0306106	0.512386	0.0185398	0.519406	0.505035	0.505035	0.505328	0.505328	0.509074	0.0123078	0.517942	0.517942	0.69156	0.69156	N/A	0.557342	0.104267	0.53018	0.518548	0.511318	0.508401	0.53477	0.525629	0.514588	0.50808	0.528033	0.503805	0.512959	0.506744	0.527851
N0.HOG0009537	0.602993	0.5	0.5	0.5	0.5	0.5	0.519406	0.5	0.5	0.00798461	0.505328	0.0135898	0.0363393	0.0268305	0.517942	0.614679	0.16829	N/A	0.530008	0.536738	0.0450356	0.5	0.5	0.5	0.53477	0.525629	0.0218285	0.50808	0.528033	0.503805	0.512959	0.506744	0.514228
N0.HOG0009546	0.151523	0.5	0.5	0.5	0.5	0.5	0.519406	0.505035	0.505035	0.505328	0.505328	0.0135898	0.5	0.5	0.5	0.16829	0.614679	N/A	0.530008	0.536738	0.0450356	0.5	0.5	0.5	0.53477	0.525629	0.514588	0.50808	0.528033	0.503805	0.0193959	0.5	0.514228
N0.HOG0009548	0.151523	0.547972	0.531113	0.0306106	0.512386	0.0185398	0.0290127	0.505035	0.00754557	0.00798461	0.505328	0.0135898	0.0123078	0.517942	0.0268305	0.16829	0.614679	N/A	0.530008	0.536738	0.53018	0.518548	0.511318	0.508401	0.53477	0.525629	0.514588	0.50808	0.528033	0.503805	0.512959	0.506744	0.514228
N0.HOG0009549	0.151523	0.0245313	0.531113	0.0306106	0.512386	0.0185398	0.519406	0.00754557	0.505035	0.5	0.5	0.5	0.0363393	0.517942	0.0268305	0.614679	0.614679	N/A	0.530008	0.536738	0.53018	0.518548	0.511318	0.508401	0.53477	0.525629	0.514588	0.50808	0.0418476	0.5	0.512959	0.506744	0.514228
N0.HOG0009558	0.151523	0.547972	0.531113	0.0306106	0.512386	0.512386	0.519406	0.505035	0.505035	0.505328	0.00798461	0.0135898	0.524327	0.517942	0.0268305	0.16829	0.614679	N/A	0.530008	0.536738	0.53018	0.518548	0.511318	0.508401	0.53477	0.525629	0.514588	0.50808	0.528033	0.503805	0.512959	0.506744	0.514228
N0.HOG0009561	0.151523	0.547972	0.0464199	0.0306106	0.512386	0.0185398	0.519406	0.505035	0.505035	0.5	0.5	0.5	0.524327	0.517942	0.0268305	0.16829	0.614679	N/A	0.530008	0.536738	0.53018	0.518548	0.511318	0.508401	0.53477	0.525629	0.514588	0.50808	0.0418476	0.5	0.512959	0.506744	0.514228
N0.HOG0009566	0.602993	0.0713534	0.531113	0.520478	0.0185398	0.512386	0.519406	0.505035	0.505035	0.505328	0.00798461	0.509074	0.0363393	0.517942	0.517942	0.614679	0.614679	N/A	0.530008	0.536738	0.53018	0.518548	0.511318	0.508401	0.53477	0.525629	0.514588	0.50808	0.528033	0.503805	0.512959	0.506744	0.514228
N0.HOG0009567	0.151523	0.0713534	0.0464199	0.520478	0.5	0.5	0.0290127	0.505035	0.505035	0.505328	0.505328	0.509074	0.0363393	0.0268305	0.517942	0.614679	0.16829	N/A	0.530008	0.536738	0.53018	0.518548	0.511318	0.0125831	0.53477	0.525629	0.514588	0.50808	0.528033	0.503805	0.512959	0.506744	0.514228
N0.HOG0009574	0.151523	0.547972	0.0464199	0.0306106	0.512386	0.0185398	0.519406	0.505035	0.505035	0.505328	0.505328	0.509074	0.524327	0.517942	0.0268305	0.16829	0.614679	N/A	0.530008	0.536738	0.53018	0.518548	0.511318	0.508401	0.53477	0.525629	0.514588	0.50808	0.528033	0.503805	0.512959	0.506744	0.514228
N0.HOG0009581	0.602993	0.0713534	0.0464199	0.520478	0.512386	0.512386	0.519406	0.505035	0.505035	0.505328	0.505328	0.0135898	0.5	0.5	0.5	0.614679	0.16829	N/A	0.530008	0.536738	0.53018	0.518548	0.511318	0.508401	0.53477	0.525629	0.514588	0.50808	0.528033	0.503805	0.0193959	0.5	0.514228
N0.HOG0009593	0.602993	0.547972	0.531113	0.520478	0.512386	0.512386	0.519406	0.505035	0.00754557	0.00798461	0.505328	0.0135898	0.524327	0.517942	0.517942	0.16829	0.614679	N/A	0.530008	0.536738	0.53018	0.518548	0.511318	0.508401	0.53477	0.525629	0.514588	0.50808	0.528033	0.503805	0.512959	0.506744	0.514228
N0.HOG0009601	0.151523	0.547972	0.0464199	0.0306106	0.512386	0.0185398	0.519406	0.505035	0.505035	0.505328	0.505328	0.509074	0.5	0.5	0.5	0.614679	0.16829	N/A	0.530008	0.536738	0.53018	0.518548	0.511318	0.508401	0.53477	0.525629	0.514588	0.50808	0.528033	0.503805	0.0193959	0.5	0.514228
N0.HOG0009604	0.151523	0.0245313	0.0464199	0.520478	0.512386	0.0185398	0.0290127	0.00754557	0.505035	0.5	0.5	0.5	0.0363393	0.517942	0.517942	0.16829	0.0601581	N/A	0.530008	0.536738	0.53018	0.518548	0.511318	0.508401	0.53477	0.525629	0.514588	0.50808	0.0418476	0.5	0.512959	0.506744	0.514228
N0.HOG0009617	0.151523	0.5	0.5	0.5	0.5	0.5	0.519406	0.5	0.5	0.5	0.5	0.5	0.5	0.5	0.5	0.16829	0.614679	N/A	0.530008	0.536738	0.0450356	0.5	0.5	0.5	0.53477	0.525629	0.0218285	0.0121031	0.5	0.5	0.5	0.5	0.514228
N0.HOG0009618	0.151523	0.547972	0.531113	0.0306106	0.512386	0.0185398	0.519406	0.505035	0.505035	0.5	0.5	0.5	0.5	0.5	0.5	0.614679	0.16829	N/A	0.530008	0.536738	0.53018	0.518548	0.511318	0.508401	0.53477	0.525629	0.514588	0.0121031	0.5	0.5	0.5	0.5	0.514228
N0.HOG0009637	0.151523	0.0245313	0.5	0.5	0.5	0.5	0.519406	0.505035	0.00754557	0.00798461	0.505328	0.509074	0.5	0.5	0.5	0.614679	0.16829	N/A	0.530008	0.536738	0.53018	0.0277344	0.5	0.5	0.53477	0.525629	0.514588	0.50808	0.528033	0.503805	0.0193959	0.5	0.514228
N0.HOG0009638	0.151523	0.5	0.5	0.5	0.5	0.5	0.5	0.5	0.5	0.5	0.5	0.5	0.524327	0.5	0.5	0.0601581	0.16829	N/A	0.530008	0.536738	0.0450356	0.5	0.5	0.5	0.53477	0.038275	0.5	0.50808	0.0418476	0.5	0.512959	0.0101049	0.514228
N0.HOG0009639	0.151523	0.547972	0.531113	0.0306106	0.512386	0.0185398	0.519406	0.5	0.5	0.505328	0.00798461	0.0135898	0.5	0.5	0.5	0.614679	0.16829	N/A	0.530008	0.536738	0.53018	0.518548	0.511318	0.508401	0.53477	0.525629	0.0218285	0.50808	0.528033	0.503805	0.0193959	0.5	0.514228
N0.HOG0009657	0.151523	0.0713534	0.531113	0.5	0.5	0.5	0.5	0.5	0.5	0.5	0.5	0.5	0.5	0.5	0.5	0.16829	0.614679	N/A	0.530008	0.536738	0.53018	0.518548	0.0169447	0.5	0.0518419	0.5	0.5	0.5	0.5	0.5	0.5	0.5	0.514228
N0.HOG0009661	0.151523	0.547972	0.0464199	0.0306106	0.512386	0.0185398	0.5	0.5	0.5	0.505328	0.00798461	0.0135898	0.524327	0.517942	0.0268305	0.16829	0.614679	N/A	0.530008	0.536738	0.53018	0.518548	0.511318	0.508401	0.53477	0.038275	0.5	0.50808	0.528033	0.503805	0.512959	0.506744	0.514228
N0.HOG0009663	0.151523	0.0713534	0.0464199	0.0306106	0.512386	0.0185398	0.519406	0.505035	0.505035	0.00798461	0.505328	0.509074	0.5	0.5	0.5	0.16829	0.614679	N/A	0.530008	0.536738	0.53018	0.518548	0.511318	0.508401	0.53477	0.525629	0.514588	0.50808	0.528033	0.503805	0.0193959	0.5	0.514228
N0.HOG0009667	0.602993	0.5	0.5	0.5	0.5	0.5	0.519406	0.5	0.5	0.5	0.5	0.5	0.524327	0.517942	0.0268305	0.614679	0.16829	N/A	0.530008	0.536738	0.0450356	0.5	0.5	0.5	0.53477	0.525629	0.0218285	0.50808	0.0418476	0.5	0.512959	0.506744	0.514228
N0.HOG0009672	0.151523	0.547972	0.0464199	0.520478	0.512386	0.512386	0.0290127	0.505035	0.505035	0.505328	0.505328	0.509074	0.0363393	0.517942	0.0268305	0.16829	0.614679	N/A	0.530008	0.536738	0.53018	0.518548	0.511318	0.508401	0.53477	0.525629	0.514588	0.50808	0.528033	0.503805	0.512959	0.506744	0.514228
N0.HOG0009680	0.151523	0.547972	0.0464199	0.520478	0.512386	0.0185398	0.519406	0.5	0.5	0.5	0.5	0.5	0.524327	0.517942	0.517942	0.614679	0.614679	N/A	0.530008	0.536738	0.53018	0.518548	0.511318	0.508401	0.53477	0.525629	0.0218285	0.50808	0.0418476	0.5	0.512959	0.506744	0.514228
N0.HOG0009692	0.602993	0.547972	0.0464199	0.520478	0.5	0.5	0.519406	0.505035	0.505035	0.505328	0.505328	0.509074	0.524327	0.517942	0.0268305	0.614679	0.16829	N/A	0.530008	0.536738	0.53018	0.518548	0.511318	0.0125831	0.53477	0.525629	0.514588	0.50808	0.528033	0.503805	0.512959	0.506744	0.514228
N0.HOG0009694	0.151523	0.0713534	0.0464199	0.0306106	0.512386	0.0185398	0.0290127	0.505035	0.00252362	0.505328	0.505328	0.509074	0.5	0.5	0.5	0.614679	0.614679	N/A	0.530008	0.536738	0.53018	0.518548	0.511318	0.508401	0.53477	0.525629	0.514588	0.50808	0.528033	0.503805	0.0193959	0.5	0.514228
N0.HOG0009701	0.602993	0.5	0.5	0.5	0.5	0.5	0.519406	0.5	0.5	0.5	0.5	0.5	0.0363393	0.517942	0.517942	0.0601581	0.614679	N/A	0.530008	0.536738	0.0450356	0.5	0.5	0.5	0.53477	0.525629	0.0218285	0.50808	0.0418476	0.5	0.512959	0.506744	0.514228
N0.HOG0009708	0.151523	0.0245313	0.5	0.5	0.5	0.5	0.519406	0.505035	0.00754557	0.505328	0.505328	0.509074	0.524327	0.517942	0.0268305	0.16829	0.614679	N/A	0.530008	0.536738	0.53018	0.0277344	0.5	0.5	0.53477	0.525629	0.514588	0.50808	0.528033	0.503805	0.512959	0.506744	0.514228
N0.HOG0009716	0.151523	0.5	0.5	0.5	0.5	0.5	0.0290127	0.505035	0.505035	0.505328	0.505328	0.509074	0.5	0.5	0.5	0.614679	0.16829	N/A	0.530008	0.536738	0.0450356	0.5	0.5	0.5	0.53477	0.525629	0.514588	0.50808	0.528033	0.503805	0.0193959	0.5	0.514228
N0.HOG0009717	0.151523	0.547972	0.531113	0.520478	0.0185398	0.512386	0.519406	0.5	0.5	0.00798461	0.505328	0.509074	0.5	0.5	0.5	0.614679	0.614679	N/A	0.530008	0.536738	0.53018	0.518548	0.511318	0.508401	0.53477	0.525629	0.0218285	0.50808	0.528033	0.503805	0.0193959	0.5	0.514228
N0.HOG0009718	0.151523	0.0713534	0.0464199	0.0306106	0.0185398	0.512386	0.519406	0.5	0.5	0.5	0.5	0.5	0.5	0.5	0.5	0.614679	0.614679	N/A	0.530008	0.536738	0.53018	0.518548	0.511318	0.508401	0.53477	0.525629	0.0218285	0.0121031	0.5	0.5	0.5	0.5	0.514228
N0.HOG0009720	0.151523	0.5	0.5	0.5	0.5	0.5	0.5	0.5	0.5	0.00798461	0.505328	0.0135898	0.5	0.5	0.5	0.614679	0.614679	N/A	0.530008	0.536738	0.0450356	0.5	0.5	0.5	0.53477	0.038275	0.5	0.50808	0.528033	0.503805	0.0193959	0.5	0.514228
N0.HOG0009732	0.151523	0.0713534	0.531113	0.5	0.5	0.5	0.5	0.5	0.5	0.5	0.5	0.5	0.5	0.5	0.5	0.16829	0.614679	N/A	0.530008	0.536738	0.53018	0.518548	0.0169447	0.5	0.0518419	0.5	0.5	0.5	0.5	0.5	0.5	0.5	0.514228
N0.HOG0009735	0.151523	0.547972	0.531113	0.520478	0.512386	0.512386	0.0290127	0.505035	0.505035	0.00798461	0.505328	0.0135898	0.5	0.5	0.5	0.16829	0.614679	N/A	0.530008	0.536738	0.53018	0.518548	0.511318	0.508401	0.53477	0.525629	0.514588	0.50808	0.528033	0.503805	0.0193959	0.5	0.514228
N0.HOG0009752	0.151523	0.547972	0.0464199	0.0306106	0.512386	0.0185398	0.519406	0.5	0.5	0.5	0.5	0.5	0.5	0.5	0.5	0.614679	0.16829	N/A	0.530008	0.536738	0.53018	0.518548	0.511318	0.508401	0.53477	0.525629	0.0218285	0.0121031	0.5	0.5	0.5	0.5	0.514228
N0.HOG0009777	0.151523	0.5	0.5	0.5	0.5	0.5	0.5	0.5	0.5	0.00798461	0.505328	0.0135898	0.0363393	0.0268305	0.517942	0.614679	0.16829	N/A	0.530008	0.536738	0.0450356	0.5	0.5	0.5	0.53477	0.038275	0.5	0.50808	0.528033	0.503805	0.512959	0.506744	0.514228
N0.HOG0009789	0.151523	0.00120648	0.0464199	0.520478	7.76568e-05	0.0185398	0.5	0.5	0.5	0.5	0.5	0.5	0.5	0.5	0.5	0.614679	0.16829	N/A	0.530008	0.536738	0.53018	0.518548	0.511318	0.508401	0.0518419	0.5	0.5	0.5	0.5	0.5	0.5	0.5	0.514228
N0.HOG0009794	0.151523	0.5	0.5	0.5	0.5	0.5	0.519406	0.505035	0.505035	0.5	0.5	0.509074	0.524327	0.517942	0.0268305	0.614679	0.16829	N/A	0.530008	0.536738	0.0450356	0.5	0.5	0.5	0.53477	0.525629	0.514588	0.50808	0.528033	0.00570442	0.512959	0.506744	0.514228
N0.HOG0009823	0.151523	0.5	0.5	0.5	0.5	0.5	0.519406	0.5	0.5	0.5	0.5	0.5	0.0363393	0.0268305	0.517942	0.16829	0.0601581	N/A	0.530008	0.536738	0.0450356	0.5	0.5	0.5	0.53477	0.525629	0.0218285	0.50808	0.0418476	0.5	0.512959	0.506744	0.514228
N0.HOG0009825	0.602993	0.547972	0.531113	0.0306106	0.512386	0.0185398	0.519406	0.505035	0.505035	0.505328	0.505328	0.509074	0.524327	0.517942	0.0090498	0.614679	0.16829	N/A	0.530008	0.536738	0.53018	0.518548	0.511318	0.508401	0.53477	0.525629	0.514588	0.50808	0.528033	0.503805	0.512959	0.506744	0.514228
N0.HOG0009832	0.602993	0.5	0.5	0.5	0.5	0.5	0.519406	0.5	0.5	0.5	0.5	0.5	0.5	0.5	0.5	0.16829	0.614679	N/A	0.530008	0.536738	0.0450356	0.5	0.5	0.5	0.53477	0.525629	0.0218285	0.0121031	0.5	0.5	0.5	0.5	0.514228
N0.HOG0009833	0.602993	0.5	0.5	0.5	0.5	0.5	0.519406	0.5	0.5	0.5	0.5	0.5	0.524327	0.5	0.5	0.614679	0.16829	N/A	0.530008	0.536738	0.0450356	0.5	0.5	0.5	0.53477	0.525629	0.0218285	0.50808	0.0418476	0.5	0.512959	0.0101049	0.514228
N0.HOG0009834	0.602993	0.0245313	0.531113	0.520478	0.512386	0.512386	0.519406	0.505035	0.505035	0.5	0.5	0.5	0.0363393	0.0268305	0.517942	0.16829	0.614679	N/A	0.530008	0.536738	0.53018	0.518548	0.511318	0.508401	0.53477	0.525629	0.514588	0.50808	0.0418476	0.5	0.512959	0.506744	0.514228
N0.HOG0009835	0.151523	0.0713534	0.0464199	0.520478	0.0185398	0.512386	0.5	0.5	0.5	0.5	0.5	0.5	0.5	0.5	0.5	0.16829	0.614679	N/A	0.530008	0.536738	0.53018	0.518548	0.511318	0.508401	0.0518419	0.5	0.5	0.5	0.5	0.5	0.5	0.5	0.514228
N0.HOG0009844	0.151523	0.0713534	0.0464199	0.520478	0.512386	0.512386	0.519406	0.5	0.5	0.5	0.5	0.5	0.524327	0.0268305	0.517942	0.614679	0.16829	N/A	0.530008	0.536738	0.53018	0.518548	0.511318	0.508401	0.53477	0.525629	0.0218285	0.50808	0.0418476	0.5	0.512959	0.506744	0.514228
N0.HOG0009857	0.151523	0.547972	0.0464199	0.520478	0.5	0.5	0.519406	0.5	0.5	0.5	0.5	0.5	0.524327	0.517942	0.0268305	0.16829	0.614679	N/A	0.530008	0.536738	0.53018	0.518548	0.511318	0.0125831	0.53477	0.525629	0.0218285	0.50808	0.0418476	0.5	0.512959	0.506744	0.514228
N0.HOG0009867	0.602993	0.0713534	0.531113	0.520478	0.0185398	0.512386	0.519406	0.505035	0.00252362	0.505328	0.505328	0.509074	0.524327	0.517942	0.517942	0.614679	0.16829	N/A	0.530008	0.536738	0.53018	0.518548	0.511318	0.508401	0.53477	0.525629	0.514588	0.50808	0.528033	0.503805	0.512959	0.506744	0.514228
N0.HOG0009875	0.151523	0.547972	0.0464199	0.0306106	0.512386	0.0185398	0.5	0.5	0.5	0.5	0.5	0.5	0.5	0.5	0.5	0.16829	0.614679	N/A	0.530008	0.536738	0.53018	0.518548	0.511318	0.508401	0.0518419	0.5	0.5	0.5	0.5	0.5	0.5	0.5	0.514228
N0.HOG0009878	0.151523	0.547972	0.0464199	0.520478	0.5	0.5	0.5	0.5	0.5	0.5	0.5	0.5	0.524327	0.5	0.5	0.614679	0.614679	N/A	0.530008	0.536738	0.53018	0.518548	0.511318	0.0125831	0.53477	0.038275	0.5	0.50808	0.0418476	0.5	0.512959	0.0101049	0.514228
N0.HOG0009898	0.602993	0.547972	0.0464199	0.0306106	0.512386	0.0185398	0.519406	0.00754557	0.505035	0.5	0.5	0.509074	0.524327	0.5	0.5	0.16829	0.614679	N/A	0.530008	0.536738	0.53018	0.518548	0.511318	0.508401	0.53477	0.525629	0.514588	0.50808	0.528033	0.00570442	0.512959	0.0101049	0.514228
N0.HOG0009903	0.602993	0.0245313	0.0464199	0.520478	0.512386	0.0185398	0.00979517	0.505035	0.505035	0.505328	0.00798461	0.509074	0.524327	0.517942	0.000163851	0.614679	0.614679	N/A	0.530008	0.536738	0.53018	0.518548	0.511318	0.508401	0.53477	0.525629	0.514588	0.50808	0.528033	0.503805	0.512959	0.506744	0.514228
N0.HOG0009906	0.151523	0.547972	0.531113	0.520478	0.0185398	0.512386	0.519406	0.505035	0.00754557	0.505328	0.00798461	0.509074	0.0363393	0.517942	0.517942	0.614679	0.16829	N/A	0.530008	0.536738	0.53018	0.518548	0.511318	0.508401	0.53477	0.525629	0.514588	0.50808	0.528033	0.503805	0.512959	0.506744	0.514228
N0.HOG0009907	0.151523	0.547972	0.0464199	0.0306106	0.512386	0.512386	0.519406	0.505035	0.505035	0.505328	0.505328	0.509074	0.524327	0.517942	0.0268305	0.614679	0.16829	N/A	0.530008	0.536738	0.53018	0.518548	0.511318	0.508401	0.53477	0.525629	0.514588	0.50808	0.528033	0.503805	0.512959	0.506744	0.514228
N0.HOG0009915	0.151523	0.0713534	0.0464199	0.0306106	0.512386	0.0185398	0.519406	0.505035	0.00754557	0.5	0.5	0.5	0.0363393	0.517942	0.0268305	0.614679	0.614679	N/A	0.530008	0.536738	0.53018	0.518548	0.511318	0.508401	0.53477	0.525629	0.514588	0.50808	0.0418476	0.5	0.512959	0.506744	0.514228
N0.HOG0009942	0.602993	0.5	0.5	0.5	0.5	0.5	0.519406	0.5	0.5	0.5	0.5	0.5	0.524327	0.517942	0.0268305	0.614679	0.614679	N/A	0.530008	0.536738	0.0450356	0.5	0.5	0.5	0.53477	0.525629	0.0218285	0.50808	0.0418476	0.5	0.512959	0.506744	0.514228
N0.HOG0009945	0.602993	0.0713534	0.531113	0.0306106	0.512386	0.0185398	0.519406	0.5	0.5	0.5	0.5	0.5	0.524327	0.517942	0.517942	0.614679	0.614679	N/A	0.530008	0.536738	0.53018	0.518548	0.511318	0.508401	0.53477	0.525629	0.0218285	0.50808	0.0418476	0.5	0.512959	0.506744	0.514228
N0.HOG0009953	0.151523	0.5	0.5	0.5	0.5	0.5	0.519406	0.505035	0.505035	0.5	0.5	0.5	0.5	0.5	0.5	0.16829	0.00734762	N/A	0.530008	0.536738	0.0450356	0.5	0.5	0.5	0.53477	0.525629	0.514588	0.0121031	0.5	0.5	0.5	0.5	0.514228
N0.HOG0009977	0.151523	0.547972	0.0464199	0.0306106	0.512386	0.0185398	0.519406	0.5	0.5	0.505328	0.00798461	0.0135898	0.0363393	0.517942	0.0268305	0.614679	0.16829	N/A	0.530008	0.536738	0.53018	0.518548	0.511318	0.508401	0.53477	0.525629	0.0218285	0.50808	0.528033	0.503805	0.512959	0.506744	0.514228
N0.HOG0009993	0.151523	0.547972	0.0464199	0.520478	0.0185398	0.512386	0.519406	0.5	0.5	0.5	0.5	0.5	0.524327	0.5	0.5	0.16829	0.614679	N/A	0.530008	0.536738	0.53018	0.518548	0.511318	0.508401	0.53477	0.525629	0.0218285	0.50808	0.0418476	0.5	0.512959	0.0101049	0.514228
N0.HOG0010006	0.151523	0.547972	0.5	0.5	0.5	0.5	0.519406	0.5	0.5	0.5	0.5	0.5	0.0363393	0.0268305	0.517942	0.614679	0.16829	N/A	0.530008	0.536738	0.53018	0.0277344	0.5	0.5	0.53477	0.525629	0.0218285	0.50808	0.0418476	0.5	0.512959	0.506744	0.514228
N0.HOG0010011	0.602993	0.547972	0.531113	0.5	0.5	0.5	0.519406	0.505035	0.505035	0.505328	0.00798461	0.0135898	0.524327	0.517942	0.0268305	0.614679	0.16829	N/A	0.530008	0.536738	0.53018	0.518548	0.0169447	0.5	0.53477	0.525629	0.514588	0.50808	0.528033	0.503805	0.512959	0.506744	0.514228
N0.HOG0010012	0.602993	0.547972	0.0464199	0.0306106	0.512386	0.0185398	0.519406	0.5	0.5	0.5	0.5	0.5	0.524327	0.5	0.5	0.16829	0.614679	N/A	0.530008	0.536738	0.53018	0.518548	0.511318	0.508401	0.53477	0.525629	0.0218285	0.50808	0.0418476	0.5	0.512959	0.0101049	0.514228
N0.HOG0010016	0.151523	0.0713534	0.531113	0.0306106	0.0185398	0.512386	0.0290127	0.505035	0.505035	0.505328	0.00798461	0.0135898	0.524327	0.5	0.5	0.16829	0.614679	N/A	0.530008	0.536738	0.53018	0.518548	0.511318	0.508401	0.53477	0.525629	0.514588	0.50808	0.528033	0.503805	0.512959	0.0101049	0.514228
N0.HOG0010017	0.151523	0.5	0.5	0.5	0.5	0.5	0.5	0.5	0.5	0.5	0.5	0.5	0.524327	0.517942	0.0268305	0.614679	0.16829	N/A	0.530008	0.536738	0.0450356	0.5	0.5	0.5	0.53477	0.038275	0.5	0.50808	0.0418476	0.5	0.512959	0.506744	0.514228
N0.HOG0010019	0.151523	0.5	0.5	0.5	0.5	0.5	0.519406	0.5	0.5	0.5	0.5	0.5	0.00030315	0.517942	0.517942	0.16829	0.614679	N/A	0.530008	0.536738	0.0450356	0.5	0.5	0.5	0.53477	0.525629	0.0218285	0.50808	0.0418476	0.5	0.512959	0.506744	0.514228
N0.HOG0010020	0.151523	0.547972	0.0464199	0.0306106	0.512386	0.0185398	0.0290127	0.505035	0.00754557	0.5	0.5	0.5	0.0363393	0.517942	0.0268305	0.614679	0.16829	N/A	0.530008	0.536738	0.53018	0.518548	0.511318	0.508401	0.53477	0.525629	0.514588	0.50808	0.0418476	0.5	0.512959	0.506744	0.514228
N0.HOG0010022	0.151523	0.547972	0.559353	0.05957	0.0124616	0.524313	0.519406	0.509993	0.509993	0.510571	0.510571	0.509074	0.5	0.5	0.5	0.614679	0.16829	N/A	0.530008	0.536738	0.53018	0.00935839	0.522253	0.51659	0.53477	0.525629	0.00734658	0.50808	0.528033	0.00190629	0.0193959	0.5	0.514228
N0.HOG0010028	0.151523	0.0245313	0.5	0.5	0.5	0.5	0.5	0.5	0.5	0.5	0.5	0.5	0.0363393	0.517942	0.0268305	0.16829	0.0601581	N/A	0.530008	0.536738	0.53018	0.0277344	0.5	0.5	0.53477	0.038275	0.5	0.50808	0.0418476	0.5	0.512959	0.506744	0.514228
N0.HOG0010041	0.151523	0.0713534	0.531113	0.0306106	0.512386	0.0185398	0.519406	0.5	0.5	0.505328	0.505328	0.509074	0.0363393	0.0268305	0.517942	0.614679	0.16829	N/A	0.530008	0.536738	0.53018	0.518548	0.511318	0.508401	0.53477	0.525629	0.0218285	0.50808	0.528033	0.503805	0.512959	0.506744	0.514228
N0.HOG0010045	0.151523	0.0713534	0.0464199	0.0306106	0.0185398	0.512386	0.519406	0.505035	0.505035	0.505328	0.505328	0.509074	0.5	0.5	0.5	0.614679	0.16829	N/A	0.530008	0.536738	0.53018	0.518548	0.511318	0.508401	0.53477	0.525629	0.514588	0.50808	0.528033	0.503805	0.0193959	0.5	0.514228
N0.HOG0010046	0.602993	0.5	0.5	0.5	0.5	0.5	0.0290127	0.505035	0.505035	0.505328	0.505328	0.509074	0.0363393	0.0268305	0.517942	0.614679	0.614679	N/A	0.530008	0.536738	0.0450356	0.5	0.5	0.5	0.53477	0.525629	0.514588	0.50808	0.528033	0.503805	0.512959	0.506744	0.514228
N0.HOG0010064	0.151523	0.0713534	0.0157906	0.520478	0.00623076	0.0185398	0.5	0.5	0.5	0.5	0.5	0.5	0.5	0.5	0.5	0.614679	0.16829	N/A	0.530008	0.536738	0.53018	0.518548	0.511318	0.508401	0.0518419	0.5	0.5	0.5	0.5	0.5	0.5	0.5	0.514228
N0.HOG0010065	0.151523	0.5	0.5	0.5	0.5	0.5	0.519406	0.5	0.5	0.5	0.5	0.5	0.524327	0.517942	0.0268305	0.614679	0.16829	N/A	0.530008	0.536738	0.0450356	0.5	0.5	0.5	0.53477	0.525629	0.0218285	0.50808	0.0418476	0.5	0.512959	0.506744	0.514228
N0.HOG0010095	0.151523	0.0713534	0.0464199	0.0306106	0.512386	0.0185398	0.537689	0.509993	0.509993	0.510571	0.510571	0.517901	0.524327	0.517942	0.0268305	0.614679	0.614679	N/A	0.530008	0.536738	0.53018	0.518548	0.511318	0.508401	0.0176761	0.549305	0.528541	0.515964	0.553731	0.507567	0.0381266	0.506744	0.514228
N0.HOG0010096	0.151523	0.0713534	0.531113	0.0306106	0.00623076	0.0185398	0.519406	0.505035	0.00754557	0.505328	0.505328	0.509074	0.5	0.5	0.5	0.614679	0.614679	N/A	0.530008	0.536738	0.53018	0.518548	0.511318	0.508401	0.53477	0.525629	0.514588	0.50808	0.528033	0.503805	0.0193959	0.5	0.514228
N0.HOG0010120	0.602993	0.0713534	0.0464199	0.520478	0.512386	0.0185398	0.5	0.5	0.5	0.5	0.5	0.5	0.5	0.5	0.5	0.16829	0.614679	N/A	0.530008	0.536738	0.53018	0.518548	0.511318	0.508401	0.0518419	0.5	0.5	0.5	0.5	0.5	0.5	0.5	0.514228
N0.HOG0010124	0.602993	0.547972	0.0464199	0.0306106	0.512386	0.512386	0.5	0.5	0.5	0.505328	0.00798461	0.509074	0.524327	0.0268305	0.517942	0.614679	0.16829	N/A	0.530008	0.536738	0.53018	0.518548	0.511318	0.508401	0.53477	0.038275	0.5	0.50808	0.528033	0.503805	0.512959	0.506744	0.514228
N0.HOG0010133	0.151523	0.0713534	0.0464199	0.0306106	0.512386	0.0185398	0.519406	0.5	0.5	0.5	0.5	0.5	0.524327	0.517942	0.0268305	0.614679	0.16829	N/A	0.530008	0.536738	0.53018	0.518548	0.511318	0.508401	0.53477	0.525629	0.0218285	0.50808	0.0418476	0.5	0.512959	0.506744	0.514228
N0.HOG0010164	0.151523	0.0713534	0.531113	0.0306106	0.512386	0.0185398	0.5	0.5	0.5	0.5	0.5	0.5	0.5	0.5	0.5	0.614679	0.16829	N/A	0.530008	0.536738	0.53018	0.518548	0.511318	0.508401	0.0518419	0.5	0.5	0.5	0.5	0.5	0.5	0.5	0.514228
N0.HOG0010168	0.151523	0.547972	0.0464199	0.0306106	0.512386	0.0185398	0.519406	0.505035	0.505035	0.505328	0.505328	0.509074	0.0363393	0.0268305	0.517942	0.614679	0.16829	N/A	0.530008	0.536738	0.53018	0.518548	0.511318	0.508401	0.53477	0.525629	0.514588	0.50808	0.528033	0.503805	0.512959	0.506744	0.514228
N0.HOG0010171	0.602993	0.0713534	0.531113	0.520478	0.512386	0.512386	0.519406	0.5	0.5	0.00798461	0.505328	0.0135898	0.524327	0.517942	0.517942	0.614679	0.614679	N/A	0.530008	0.536738	0.53018	0.518548	0.511318	0.508401	0.53477	0.525629	0.0218285	0.50808	0.528033	0.503805	0.512959	0.506744	0.514228
N0.HOG0010179	0.151523	5.84444e-22	0.0464199	0.0306106	0.00623076	0.0185398	0.5	0.5	0.5	0.5	0.5	0.5	0.5	0.5	0.5	0.614679	0.16829	N/A	0.530008	0.536738	0.53018	0.518548	0.511318	0.508401	0.0518419	0.5	0.5	0.5	0.5	0.5	0.5	0.5	0.514228
N0.HOG0010180	0.151523	0.0713534	0.0464199	0.0306106	0.512386	0.0185398	0.5	0.5	0.5	0.505328	0.00798461	0.0135898	0.5	0.5	0.5	0.614679	0.16829	N/A	0.530008	0.536738	0.53018	0.518548	0.511318	0.508401	0.53477	0.038275	0.5	0.50808	0.528033	0.503805	0.0193959	0.5	0.514228
N0.HOG0010181	0.151523	0.547972	0.0157906	0.0306106	0.512386	0.512386	0.5	0.5	0.5	0.505328	0.00798461	0.509074	0.0363393	0.517942	0.0268305	0.614679	0.16829	N/A	0.530008	0.536738	0.53018	0.518548	0.511318	0.508401	0.53477	0.038275	0.5	0.50808	0.528033	0.503805	0.512959	0.506744	0.514228
N0.HOG0010189	0.151523	0.547972	0.5	0.5	0.5	0.5	0.5	0.5	0.5	0.5	0.5	0.5	0.524327	0.517942	0.0268305	0.16829	0.614679	N/A	0.530008	0.536738	0.53018	0.0277344	0.5	0.5	0.53477	0.038275	0.5	0.50808	0.0418476	0.5	0.512959	0.506744	0.514228
N0.HOG0010219	0.602993	0.547972	0.531113	0.0306106	0.512386	0.0185398	0.519406	0.5	0.5	0.5	0.5	0.5	0.524327	0.5	0.5	0.614679	0.16829	N/A	0.530008	0.536738	0.53018	0.518548	0.511318	0.508401	0.53477	0.525629	0.0218285	0.50808	0.0418476	0.5	0.512959	0.0101049	0.514228
N0.HOG0010226	0.151523	0.5	0.5	0.5	0.5	0.5	0.519406	0.5	0.5	0.5	0.5	0.5	0.0363393	0.517942	0.517942	0.16829	0.614679	N/A	0.530008	0.536738	0.0450356	0.5	0.5	0.5	0.53477	0.525629	0.0218285	0.50808	0.0418476	0.5	0.512959	0.506744	0.514228
N0.HOG0010279	0.151523	0.0245313	0.0464199	0.0306106	0.512386	0.512386	0.5	0.5	0.5	0.5	0.5	0.5	0.5	0.5	0.5	0.16829	0.614679	N/A	0.530008	0.536738	0.53018	0.518548	0.511318	0.508401	0.0518419	0.5	0.5	0.5	0.5	0.5	0.5	0.5	0.514228
N0.HOG0010286	0.151523	0.5	0.5	0.5	0.5	0.5	0.519406	0.5	0.5	0.5	0.5	0.5	0.524327	0.517942	0.0268305	0.614679	0.614679	N/A	0.530008	0.536738	0.0450356	0.5	0.5	0.5	0.53477	0.525629	0.0218285	0.50808	0.0418476	0.5	0.512959	0.506744	0.514228
N0.HOG0010293	0.151523	0.0713534	0.531113	0.0306106	0.0185398	0.512386	0.519406	0.505035	0.505035	0.505328	0.505328	0.509074	0.524327	0.517942	0.517942	0.614679	1.63514e-06	N/A	0.530008	0.536738	0.53018	0.518548	0.511318	0.508401	0.53477	0.525629	0.514588	0.50808	0.528033	0.503805	0.512959	0.506744	0.514228
N0.HOG0010294	0.151523	0.5	0.5	0.5	0.5	0.5	0.519406	0.5	0.5	0.5	0.5	0.5	0.524327	0.517942	0.0268305	0.0601581	0.16829	N/A	0.530008	0.536738	0.0450356	0.5	0.5	0.5	0.53477	0.525629	0.0218285	0.50808	0.0418476	0.5	0.512959	0.506744	0.514228
N0.HOG0010338	0.151523	0.0713534	0.531113	0.5	0.5	0.5	0.0290127	0.00754557	0.505035	0.5	0.5	0.5	0.5	0.5	0.5	0.16829	0.614679	N/A	0.530008	0.536738	0.53018	0.518548	0.0169447	0.5	0.53477	0.525629	0.514588	0.0121031	0.5	0.5	0.5	0.5	0.514228
N0.HOG0010346	0.151523	0.0713534	0.0464199	0.0306106	0.512386	0.0185398	0.5	0.5	0.5	0.5	0.5	0.5	0.5	0.5	0.5	0.614679	0.16829	N/A	0.530008	0.536738	0.53018	0.518548	0.511318	0.508401	0.0518419	0.5	0.5	0.5	0.5	0.5	0.5	0.5	0.514228
N0.HOG0010392	0.0538164	0.5	0.5	0.5	0.5	0.5	0.519406	0.5	0.5	0.5	0.5	0.5	0.524327	0.517942	0.517942	0.614679	0.16829	N/A	0.530008	0.536738	0.0450356	0.5	0.5	0.5	0.53477	0.525629	0.0218285	0.50808	0.0418476	0.5	0.512959	0.506744	0.514228
N0.HOG0010401	0.151523	0.5	0.5	0.5	0.5	0.5	0.519406	0.505035	0.00754557	0.00798461	0.505328	0.0135898	0.524327	0.517942	0.0268305	0.614679	0.16829	N/A	0.530008	0.536738	0.0450356	0.5	0.5	0.5	0.53477	0.525629	0.514588	0.50808	0.528033	0.503805	0.512959	0.506744	0.514228
N0.HOG0010404	0.151523	0.5	0.5	0.5	0.5	0.5	0.5	0.5	0.5	0.5	0.5	0.5	0.0363393	0.517942	0.517942	0.614679	0.16829	N/A	0.530008	0.536738	0.0450356	0.5	0.5	0.5	0.53477	0.038275	0.5	0.50808	0.0418476	0.5	0.512959	0.506744	0.514228
N0.HOG0010407	0.151523	0.0713534	0.531113	0.520478	0.512386	0.512386	0.519406	0.505035	0.00754557	0.505328	0.505328	0.509074	0.524327	0.5	0.5	0.614679	0.614679	N/A	0.530008	0.536738	0.53018	0.518548	0.511318	0.508401	0.53477	0.525629	0.514588	0.50808	0.528033	0.503805	0.512959	0.0101049	0.514228
N0.HOG0010449	0.151523	0.0245313	0.0464199	0.0306106	0.512386	0.0185398	0.5	0.5	0.5	0.5	0.5	0.5	0.5	0.5	0.5	0.16829	0.614679	N/A	0.530008	0.536738	0.53018	0.518548	0.511318	0.508401	0.0518419	0.5	0.5	0.5	0.5	0.5	0.5	0.5	0.514228
N0.HOG0010464	0.151523	0.0713534	0.0464199	0.0306106	0.512386	0.512386	0.5	0.5	0.5	0.505328	0.505328	0.509074	0.5	0.5	0.5	0.614679	0.16829	N/A	0.530008	0.536738	0.53018	0.518548	0.511318	0.508401	0.53477	0.038275	0.5	0.50808	0.528033	0.503805	0.0193959	0.5	0.514228
N0.HOG0010465	0.151523	0.547972	0.0464199	0.520478	0.512386	0.0185398	0.0290127	0.505035	0.505035	0.505328	0.00798461	0.509074	0.5	0.5	0.5	0.614679	0.16829	N/A	0.530008	0.536738	0.53018	0.518548	0.511318	0.508401	0.53477	0.525629	0.514588	0.50808	0.528033	0.503805	0.0193959	0.5	0.514228
N0.HOG0010467	0.151523	0.5	0.5	0.5	0.5	0.5	0.5	0.5	0.5	0.00798461	0.505328	0.0135898	0.524327	0.517942	0.0268305	0.614679	0.16829	N/A	0.530008	0.536738	0.0450356	0.5	0.5	0.5	0.53477	0.038275	0.5	0.50808	0.528033	0.503805	0.512959	0.506744	0.514228
N0.HOG0010524	0.151523	0.547972	0.0464199	0.0306106	0.512386	0.0185398	0.5	0.5	0.5	0.5	0.5	0.5	0.0363393	0.0268305	0.517942	0.614679	0.16829	N/A	0.530008	0.536738	0.53018	0.518548	0.511318	0.508401	0.53477	0.038275	0.5	0.50808	0.0418476	0.5	0.512959	0.506744	0.514228
N0.HOG0010528	0.151523	0.5	0.5	0.5	0.5	0.5	0.5	0.5	0.5	0.5	0.5	0.5	0.524327	0.0268305	0.517942	0.614679	0.614679	N/A	0.530008	0.536738	0.0450356	0.5	0.5	0.5	0.53477	0.038275	0.5	0.50808	0.0418476	0.5	0.512959	0.506744	0.514228
N0.HOG0010546	0.151523	0.547972	0.0464199	0.0306106	0.512386	0.0185398	0.519406	0.5	0.5	0.00798461	0.505328	0.0135898	0.5	0.5	0.5	0.16829	0.614679	N/A	0.530008	0.536738	0.53018	0.518548	0.511318	0.508401	0.53477	0.525629	0.0218285	0.50808	0.528033	0.503805	0.0193959	0.5	0.514228
N0.HOG0010547	0.151523	0.547972	0.0464199	0.0306106	0.512386	0.0185398	0.519406	0.5	0.5	0.5	0.5	0.5	0.0363393	0.0268305	0.517942	0.16829	0.614679	N/A	0.530008	0.536738	0.53018	0.518548	0.511318	0.508401	0.53477	0.525629	0.0218285	0.50808	0.0418476	0.5	0.512959	0.506744	0.514228
N0.HOG0010566	0.151523	0.547972	0.531113	0.520478	7.76568e-05	0.512386	0.519406	0.505035	0.505035	0.5	0.5	0.5	0.524327	0.517942	0.0268305	0.16829	0.614679	N/A	0.530008	0.536738	0.53018	0.518548	0.511318	0.508401	0.53477	0.525629	0.514588	0.50808	0.0418476	0.5	0.512959	0.506744	0.514228
N0.HOG0010604	0.602993	0.547972	0.531113	0.0306106	0.512386	0.512386	0.519406	0.505035	0.505035	0.00798461	0.505328	0.0135898	0.524327	0.517942	0.517942	0.16829	0.614679	N/A	0.530008	0.536738	0.53018	0.518548	0.511318	0.508401	0.53477	0.525629	0.514588	0.50808	0.528033	0.503805	0.512959	0.506744	0.514228
N0.HOG0010619	0.151523	0.0245313	0.0464199	0.0306106	9.67871e-07	0.0185398	0.5	0.5	0.5	0.5	0.5	0.5	0.524327	0.517942	0.0268305	0.614679	0.16829	N/A	0.530008	0.536738	0.53018	0.518548	0.511318	0.508401	0.53477	0.038275	0.5	0.50808	0.0418476	0.5	0.512959	0.506744	0.514228
N0.HOG0010621	0.151523	0.547972	0.0464199	0.0306106	0.512386	0.0185398	0.5	0.5	0.5	0.5	0.5	0.5	0.524327	0.517942	0.0268305	0.614679	0.16829	N/A	0.530008	0.536738	0.53018	0.518548	0.511318	0.508401	0.53477	0.038275	0.5	0.50808	0.0418476	0.5	0.512959	0.506744	0.514228
N0.HOG0010673	0.602993	0.547972	0.0464199	0.0306106	0.512386	0.0185398	0.5	0.5	0.5	0.5	0.5	0.5	0.5	0.5	0.5	0.16829	0.614679	N/A	0.530008	0.536738	0.53018	0.518548	0.511318	0.508401	0.0518419	0.5	0.5	0.5	0.5	0.5	0.5	0.5	0.514228
N0.HOG0010685	0.151523	0.5	0.5	0.5	0.5	0.5	0.519406	0.5	0.5	0.5	0.5	0.5	0.524327	0.517942	0.000163851	0.614679	0.16829	N/A	0.530008	0.536738	0.0450356	0.5	0.5	0.5	0.53477	0.525629	0.0218285	0.50808	0.0418476	0.5	0.512959	0.506744	0.514228
N0.HOG0010696	0.151523	0.5	0.5	0.5	0.5	0.5	0.519406	0.5	0.5	0.5	0.5	0.5	0.0363393	0.517942	0.0268305	0.614679	0.16829	N/A	0.530008	0.536738	0.0450356	0.5	0.5	0.5	0.53477	0.525629	0.0218285	0.50808	0.0418476	0.5	0.512959	0.506744	0.514228
N0.HOG0010765	0.602993	0.547972	0.5	0.5	0.5	0.5	0.519406	0.5	0.5	0.5	0.5	0.5	0.5	0.5	0.5	0.0601581	0.16829	N/A	0.530008	0.536738	0.53018	0.0277344	0.5	0.5	0.53477	0.525629	0.0218285	0.0121031	0.5	0.5	0.5	0.5	0.514228
N0.HOG0010772	0.602993	0.5	0.5	0.5	0.5	0.5	0.5	0.5	0.5	0.5	0.5	0.5	0.524327	0.517942	0.0268305	0.614679	0.16829	N/A	0.530008	0.536738	0.0450356	0.5	0.5	0.5	0.53477	0.038275	0.5	0.50808	0.0418476	0.5	0.512959	0.506744	0.514228
N0.HOG0010790	0.151523	0.0245313	0.0464199	0.0306106	0.512386	0.0185398	0.519406	0.505035	0.505035	0.5	0.5	0.509074	0.5	0.5	0.5	0.614679	0.16829	N/A	0.530008	0.536738	0.53018	0.518548	0.511318	0.508401	0.53477	0.525629	0.514588	0.50808	0.528033	0.00570442	0.0193959	0.5	0.514228
N0.HOG0010791	0.151523	0.0713534	0.0464199	0.0306106	0.512386	0.512386	0.5	0.5	0.5	0.5	0.5	0.5	0.0363393	0.0268305	0.517942	0.614679	0.16829	N/A	0.530008	0.536738	0.53018	0.518548	0.511318	0.508401	0.53477	0.038275	0.5	0.50808	0.0418476	0.5	0.512959	0.506744	0.514228
N0.HOG0010810	0.151523	0.0713534	0.0464199	0.0306106	0.512386	0.0185398	0.5	0.5	0.5	0.5	0.5	0.5	0.5	0.5	0.5	0.16829	0.614679	N/A	0.530008	0.536738	0.53018	0.518548	0.511318	0.508401	0.0518419	0.5	0.5	0.5	0.5	0.5	0.5	0.5	0.514228
N0.HOG0010817	0.151523	0.5	0.5	0.5	0.5	0.5	0.5	0.5	0.5	0.5	0.5	0.5	0.0363393	0.0268305	0.517942	0.16829	0.614679	N/A	0.530008	0.536738	0.0450356	0.5	0.5	0.5	0.53477	0.038275	0.5	0.50808	0.0418476	0.5	0.512959	0.506744	0.514228
N0.HOG0010866	0.151523	0.547972	0.0464199	0.0306106	0.512386	0.512386	0.519406	0.505035	0.505035	0.505328	0.505328	0.509074	0.524327	0.517942	0.0268305	0.16829	0.614679	N/A	0.530008	0.536738	0.53018	0.518548	0.511318	0.508401	0.53477	0.525629	0.514588	0.50808	0.528033	0.503805	0.512959	0.506744	0.514228
N0.HOG0010896	0.151523	0.0713534	0.0464199	0.0306106	7.76568e-05	0.0185398	0.5	0.5	0.5	0.5	0.5	0.5	0.5	0.5	0.5	0.614679	0.16829	N/A	0.530008	0.536738	0.53018	0.518548	0.511318	0.508401	0.0518419	0.5	0.5	0.5	0.5	0.5	0.5	0.5	0.514228
N0.HOG0010930	0.151523	0.547972	0.0464199	0.520478	0.512386	0.512386	0.5	0.5	0.5	0.505328	0.505328	0.509074	0.524327	0.5	0.5	0.614679	0.16829	N/A	0.530008	0.536738	0.53018	0.518548	0.511318	0.508401	0.53477	0.038275	0.5	0.50808	0.528033	0.503805	0.512959	0.0101049	0.514228
N0.HOG0010971	0.151523	0.5	0.5	0.5	0.5	0.5	0.519406	0.5	0.5	0.5	0.5	0.5	0.524327	0.517942	0.0268305	0.16829	0.614679	N/A	0.530008	0.536738	0.0450356	0.5	0.5	0.5	0.53477	0.525629	0.0218285	0.50808	0.0418476	0.5	0.512959	0.506744	0.514228
N0.HOG0010975	0.151523	0.5	0.5	0.5	0.5	0.5	0.519406	0.5	0.5	0.5	0.5	0.5	0.5	0.5	0.5	0.16829	0.614679	N/A	0.530008	0.536738	0.0450356	0.5	0.5	0.5	0.53477	0.525629	0.0218285	0.0121031	0.5	0.5	0.5	0.5	0.514228
N0.HOG0011073	0.151523	0.5	0.5	0.5	0.5	0.5	0.5	0.5	0.5	0.5	0.5	0.5	0.524327	0.517942	0.0268305	0.614679	0.16829	N/A	0.530008	0.536738	0.0450356	0.5	0.5	0.5	0.53477	0.038275	0.5	0.50808	0.0418476	0.5	0.512959	0.506744	0.514228
N0.HOG0011094	0.151523	0.0713534	0.531113	0.5	0.5	0.5	0.5	0.5	0.5	0.5	0.5	0.5	0.5	0.5	0.5	0.16829	0.614679	N/A	0.530008	0.536738	0.53018	0.518548	0.0169447	0.5	0.0518419	0.5	0.5	0.5	0.5	0.5	0.5	0.5	0.514228
N0.HOG0011218	0.602993	0.5	0.5	0.5	0.5	0.5	0.5	0.5	0.5	0.5	0.5	0.5	0.0363393	0.517942	0.0268305	0.16829	0.614679	N/A	0.530008	0.536738	0.0450356	0.5	0.5	0.5	0.53477	0.038275	0.5	0.50808	0.0418476	0.5	0.512959	0.506744	0.514228
N0.HOG0011236	0.151523	0.5	0.5	0.5	0.5	0.5	0.5	0.5	0.5	0.5	0.5	0.5	0.524327	0.5	0.5	0.614679	0.614679	N/A	0.530008	0.536738	0.0450356	0.5	0.5	0.5	0.53477	0.038275	0.5	0.50808	0.0418476	0.5	0.512959	0.0101049	0.514228
N0.HOG0011243	0.151523	0.547972	0.0464199	0.0306106	0.512386	0.0185398	0.519406	0.505035	0.505035	0.5	0.5	0.5	0.5	0.5	0.5	0.614679	0.16829	N/A	0.530008	0.536738	0.53018	0.518548	0.511318	0.508401	0.53477	0.525629	0.514588	0.0121031	0.5	0.5	0.5	0.5	0.514228
N0.HOG0011244	0.151523	0.5	0.5	0.5	0.5	0.5	0.519406	0.5	0.5	0.5	0.5	0.5	0.0363393	0.0268305	0.517942	0.614679	0.16829	N/A	0.530008	0.536738	0.0450356	0.5	0.5	0.5	0.53477	0.525629	0.0218285	0.50808	0.0418476	0.5	0.512959	0.506744	0.514228
N0.HOG0011245	0.151523	0.0713534	0.0464199	0.0306106	0.512386	0.0185398	0.5	0.5	0.5	0.5	0.5	0.5	0.5	0.5	0.5	0.614679	0.16829	N/A	0.530008	0.536738	0.53018	0.518548	0.511318	0.508401	0.0518419	0.5	0.5	0.5	0.5	0.5	0.5	0.5	0.514228
N0.HOG0011366	0.151523	0.5	0.5	0.5	0.5	0.5	0.0290127	0.505035	0.00754557	0.5	0.5	0.5	0.5	0.5	0.5	0.16829	0.614679	N/A	0.530008	0.536738	0.0450356	0.5	0.5	0.5	0.53477	0.525629	0.514588	0.0121031	0.5	0.5	0.5	0.5	0.514228
N0.HOG0011472	0.151523	0.5	0.5	0.5	0.5	0.5	0.5	0.5	0.5	0.5	0.5	0.5	0.0363393	0.0268305	0.517942	0.614679	0.16829	N/A	0.530008	0.536738	0.0450356	0.5	0.5	0.5	0.53477	0.038275	0.5	0.50808	0.0418476	0.5	0.512959	0.506744	0.514228
N0.HOG0011475	0.151523	0.0713534	0.0464199	0.0306106	0.512386	0.0185398	0.519406	0.5	0.5	0.5	0.5	0.5	0.0363393	0.517942	0.0268305	0.16829	0.614679	N/A	0.530008	0.536738	0.53018	0.518548	0.511318	0.508401	0.53477	0.525629	0.0218285	0.50808	0.0418476	0.5	0.512959	0.506744	0.514228
N0.HOG0011493	0.151523	0.5	0.5	0.5	0.5	0.5	0.519406	0.5	0.5	0.5	0.5	0.5	0.524327	0.517942	0.517942	0.614679	0.16829	N/A	0.530008	0.536738	0.0450356	0.5	0.5	0.5	0.53477	0.525629	0.0218285	0.50808	0.0418476	0.5	0.512959	0.506744	0.514228
N0.HOG0011499	0.151523	0.0713534	0.0464199	0.520478	0.5	0.5	0.5	0.5	0.5	0.5	0.5	0.5	0.5	0.5	0.5	0.16829	0.614679	N/A	0.530008	0.536738	0.53018	0.518548	0.511318	0.0125831	0.0518419	0.5	0.5	0.5	0.5	0.5	0.5	0.5	0.514228
N0.HOG0011508	0.151523	0.5	0.5	0.5	0.5	0.5	0.0290127	0.505035	0.505035	0.505328	0.505328	0.0135898	0.0363393	0.0268305	0.517942	0.16829	0.614679	N/A	0.530008	0.536738	0.0450356	0.5	0.5	0.5	0.53477	0.525629	0.514588	0.50808	0.528033	0.503805	0.512959	0.506744	0.514228
N0.HOG0011661	0.151523	0.547972	0.5	0.5	0.5	0.5	0.5	0.5	0.5	0.5	0.5	0.5	0.0363393	0.517942	0.0268305	0.16829	0.614679	N/A	0.530008	0.536738	0.53018	0.0277344	0.5	0.5	0.53477	0.038275	0.5	0.50808	0.0418476	0.5	0.512959	0.506744	0.514228
N0.HOG0011775	0.602993	0.547972	0.0464199	0.0306106	0.0185398	0.512386	0.5	0.5	0.5	0.5	0.5	0.5	0.5	0.5	0.5	0.16829	0.614679	N/A	0.530008	0.536738	0.53018	0.518548	0.511318	0.508401	0.0518419	0.5	0.5	0.5	0.5	0.5	0.5	0.5	0.514228
N0.HOG0011808	0.151523	0.0713534	0.0464199	0.0306106	0.512386	0.0185398	0.5	0.5	0.5	0.5	0.5	0.5	0.5	0.5	0.5	0.614679	0.16829	N/A	0.530008	0.536738	0.53018	0.518548	0.511318	0.508401	0.0518419	0.5	0.5	0.5	0.5	0.5	0.5	0.5	0.514228
N0.HOG0011809	0.151523	0.5	0.5	0.5	0.5	0.5	0.5	0.5	0.5	0.5	0.5	0.5	0.524327	0.517942	0.517942	0.614679	0.16829	N/A	0.530008	0.536738	0.0450356	0.5	0.5	0.5	0.53477	0.038275	0.5	0.50808	0.0418476	0.5	0.512959	0.506744	0.514228
N0.HOG0011813	0.151523	0.0245313	0.0464199	0.0306106	0.512386	0.0185398	0.5	0.5	0.5	0.5	0.5	0.509074	0.5	0.5	0.5	0.614679	0.16829	N/A	0.530008	0.536738	0.53018	0.518548	0.511318	0.508401	0.53477	0.038275	0.5	0.50808	0.528033	0.00570442	0.0193959	0.5	0.514228
N0.HOG0011814	0.151523	0.547972	0.0464199	0.0306106	0.512386	0.0185398	0.519406	0.505035	0.505035	0.5	0.5	0.5	0.5	0.5	0.5	0.614679	0.16829	N/A	0.530008	0.536738	0.53018	0.518548	0.511318	0.508401	0.53477	0.525629	0.514588	0.0121031	0.5	0.5	0.5	0.5	0.514228
N0.HOG0011956	0.151523	0.5	0.5	0.5	0.5	0.5	0.5	0.5	0.5	0.5	0.5	0.5	0.524327	0.0268305	0.517942	0.16829	0.614679	N/A	0.530008	0.536738	0.0450356	0.5	0.5	0.5	0.53477	0.038275	0.5	0.50808	0.0418476	0.5	0.512959	0.506744	0.514228
N0.HOG0012216	0.151523	0.5	0.5	0.5	0.5	0.5	0.5	0.5	0.5	0.5	0.5	0.5	0.524327	0.5	0.5	0.16829	0.614679	N/A	0.530008	0.536738	0.0450356	0.5	0.5	0.5	0.53477	0.038275	0.5	0.50808	0.0418476	0.5	0.512959	0.0101049	0.514228
N0.HOG0012230	0.151523	0.547972	0.5	0.5	0.5	0.5	0.519406	0.505035	0.00754557	0.5	0.5	0.509074	0.5	0.5	0.5	0.614679	0.16829	N/A	0.530008	0.536738	0.53018	0.0277344	0.5	0.5	0.53477	0.525629	0.514588	0.50808	0.528033	0.00570442	0.0193959	0.5	0.514228
N0.HOG0012234	0.151523	0.5	0.5	0.5	0.5	0.5	0.519406	0.5	0.5	0.5	0.5	0.5	0.524327	0.517942	0.517942	0.614679	0.16829	N/A	0.530008	0.536738	0.0450356	0.5	0.5	0.5	0.53477	0.525629	0.0218285	0.50808	0.0418476	0.5	0.512959	0.506744	0.514228
N0.HOG0012236	0.151523	0.547972	0.0464199	0.0306106	0.512386	0.0185398	0.519406	0.5	0.5	0.00798461	0.505328	0.509074	0.5	0.5	0.5	0.614679	0.16829	N/A	0.530008	0.536738	0.53018	0.518548	0.511318	0.508401	0.53477	0.525629	0.0218285	0.50808	0.528033	0.503805	0.0193959	0.5	0.514228
N0.HOG0012240	0.151523	0.547972	0.0464199	0.0306106	0.512386	0.0185398	0.0290127	0.505035	0.505035	0.5	0.5	0.5	0.5	0.5	0.5	0.614679	0.16829	N/A	0.530008	0.536738	0.53018	0.518548	0.511318	0.508401	0.53477	0.525629	0.514588	0.0121031	0.5	0.5	0.5	0.5	0.514228
N0.HOG0012643	0.151523	0.5	0.5	0.5	0.5	0.5	0.519406	0.5	0.5	0.5	0.5	0.5	0.524327	0.517942	0.517942	0.16829	0.614679	N/A	0.530008	0.536738	0.0450356	0.5	0.5	0.5	0.53477	0.525629	0.0218285	0.50808	0.0418476	0.5	0.512959	0.506744	0.514228
N0.HOG0012652	0.151523	0.0713534	0.0464199	0.0306106	0.512386	0.0185398	0.5	0.5	0.5	0.5	0.5	0.5	0.0363393	0.517942	0.0268305	0.16829	0.614679	N/A	0.530008	0.536738	0.53018	0.518548	0.511318	0.508401	0.53477	0.038275	0.5	0.50808	0.0418476	0.5	0.512959	0.506744	0.514228
N0.HOG0012687	0.151523	0.547972	0.0464199	0.0306106	0.512386	0.0185398	0.519406	0.5	0.5	0.5	0.5	0.5	0.5	0.5	0.5	0.16829	0.614679	N/A	0.530008	0.536738	0.53018	0.518548	0.511318	0.508401	0.53477	0.525629	0.0218285	0.0121031	0.5	0.5	0.5	0.5	0.514228
N0.HOG0012808	0.602993	0.0713534	0.0464199	0.0306106	0.512386	0.0185398	0.5	0.5	0.5	0.5	0.5	0.5	0.5	0.5	0.5	0.614679	0.16829	N/A	0.530008	0.536738	0.53018	0.518548	0.511318	0.508401	0.0518419	0.5	0.5	0.5	0.5	0.5	0.5	0.5	0.514228
N0.HOG0012856	0.151523	0.5	0.5	0.5	0.5	0.5	0.5	0.5	0.5	0.5	0.5	0.5	0.0363393	0.0268305	0.517942	0.614679	0.16829	N/A	0.530008	0.536738	0.0450356	0.5	0.5	0.5	0.53477	0.038275	0.5	0.50808	0.0418476	0.5	0.512959	0.506744	0.514228
N0.HOG0013281	0.151523	0.5	0.5	0.5	0.5	0.5	0.5	0.5	0.5	0.5	0.5	0.5	0.0363393	0.517942	0.0268305	0.16829	0.614679	N/A	0.530008	0.536738	0.0450356	0.5	0.5	0.5	0.53477	0.038275	0.5	0.50808	0.0418476	0.5	0.512959	0.506744	0.514228
N0.HOG0013479	0.151523	0.5	0.5	0.5	0.5	0.5	0.519406	0.5	0.5	0.5	0.5	0.5	0.524327	0.0268305	0.517942	0.16829	0.614679	N/A	0.530008	0.536738	0.0450356	0.5	0.5	0.5	0.53477	0.525629	0.0218285	0.50808	0.0418476	0.5	0.512959	0.506744	0.514228
N0.HOG0013842	0.151523	0.5	0.5	0.5	0.5	0.5	0.519406	0.5	0.5	0.5	0.5	0.5	0.5	0.5	0.5	0.614679	0.614679	N/A	0.530008	0.536738	0.0450356	0.5	0.5	0.5	0.53477	0.525629	0.0218285	0.0121031	0.5	0.5	0.5	0.5	0.514228
N0.HOG0013844	0.151523	0.5	0.5	0.5	0.5	0.5	0.5	0.5	0.5	0.5	0.5	0.5	0.524327	0.5	0.5	0.614679	0.16829	N/A	0.530008	0.536738	0.0450356	0.5	0.5	0.5	0.53477	0.038275	0.5	0.50808	0.0418476	0.5	0.512959	0.0101049	0.514228
N0.HOG0013846	0.151523	0.5	0.5	0.5	0.5	0.5	0.519406	0.5	0.5	0.5	0.5	0.5	0.5	0.5	0.5	0.614679	0.16829	N/A	0.530008	0.536738	0.0450356	0.5	0.5	0.5	0.53477	0.525629	0.0218285	0.0121031	0.5	0.5	0.5	0.5	0.514228
N0.HOG0013848	0.151523	0.0245313	0.5	0.5	0.5	0.5	0.5	0.5	0.5	0.5	0.5	0.5	0.5	0.5	0.5	0.614679	0.16829	N/A	0.530008	0.536738	0.53018	0.0277344	0.5	0.5	0.0518419	0.5	0.5	0.5	0.5	0.5	0.5	0.5	0.514228
N0.HOG0013853	0.151523	0.5	0.5	0.5	0.5	0.5	0.519406	0.5	0.5	0.5	0.5	0.5	0.5	0.5	0.5	0.614679	0.16829	N/A	0.530008	0.536738	0.0450356	0.5	0.5	0.5	0.53477	0.525629	0.0218285	0.0121031	0.5	0.5	0.5	0.5	0.514228
N0.HOG0015154	0.602993	0.5	0.5	0.5	0.5	0.5	0.5	0.5	0.5	0.5	0.5	0.5	0.524327	0.5	0.5	0.16829	0.614679	N/A	0.530008	0.536738	0.0450356	0.5	0.5	0.5	0.53477	0.038275	0.5	0.50808	0.0418476	0.5	0.512959	0.0101049	0.514228
N0.HOG0015161	0.602993	0.5	0.5	0.5	0.5	0.5	0.5	0.5	0.5	0.5	0.5	0.5	0.524327	0.5	0.5	0.16829	0.614679	N/A	0.530008	0.536738	0.0450356	0.5	0.5	0.5	0.53477	0.038275	0.5	0.50808	0.0418476	0.5	0.512959	0.0101049	0.514228
N0.HOG0015301	0.151523	0.0713534	0.0464199	0.0306106	0.512386	0.0185398	0.5	0.5	0.5	0.5	0.5	0.5	0.5	0.5	0.5	0.614679	0.16829	N/A	0.530008	0.536738	0.53018	0.518548	0.511318	0.508401	0.0518419	0.5	0.5	0.5	0.5	0.5	0.5	0.5	0.514228
N0.HOG0015305	0.151523	0.5	0.5	0.5	0.5	0.5	0.519406	0.5	0.5	0.5	0.5	0.5	0.5	0.5	0.5	0.614679	0.16829	N/A	0.530008	0.536738	0.0450356	0.5	0.5	0.5	0.53477	0.525629	0.0218285	0.0121031	0.5	0.5	0.5	0.5	0.514228
N0.HOG0015307	0.151523	0.0713534	0.531113	0.5	0.5	0.5	0.5	0.5	0.5	0.5	0.5	0.5	0.5	0.5	0.5	0.614679	0.16829	N/A	0.530008	0.536738	0.53018	0.518548	0.0169447	0.5	0.0518419	0.5	0.5	0.5	0.5	0.5	0.5	0.5	0.514228
N0.HOG0015316	0.151523	0.5	0.5	0.5	0.5	0.5	0.5	0.5	0.5	0.5	0.5	0.5	0.0363393	0.0268305	0.517942	0.614679	0.16829	N/A	0.530008	0.536738	0.0450356	0.5	0.5	0.5	0.53477	0.038275	0.5	0.50808	0.0418476	0.5	0.512959	0.506744	0.514228
N0.HOG0016956	0.151523	0.547972	0.5	0.5	0.5	0.5	0.5	0.5	0.5	0.5	0.5	0.5	0.0363393	0.517942	0.0268305	0.16829	0.614679	N/A	0.530008	0.536738	0.53018	0.0277344	0.5	0.5	0.53477	0.038275	0.5	0.50808	0.0418476	0.5	0.512959	0.506744	0.514228
N0.HOG0016968	0.151523	0.5	0.5	0.5	0.5	0.5	0.5	0.5	0.5	0.5	0.5	0.5	0.0363393	0.517942	0.0268305	0.16829	0.614679	N/A	0.530008	0.536738	0.0450356	0.5	0.5	0.5	0.53477	0.038275	0.5	0.50808	0.0418476	0.5	0.512959	0.506744	0.514228
N0.HOG0017441	0.151523	0.5	0.5	0.5	0.5	0.5	0.519406	0.5	0.5	0.5	0.5	0.5	0.5	0.5	0.5	0.16829	0.614679	N/A	0.530008	0.536738	0.0450356	0.5	0.5	0.5	0.53477	0.525629	0.0218285	0.0121031	0.5	0.5	0.5	0.5	0.514228
N0.HOG0018187	0.151523	0.5	0.5	0.5	0.5	0.5	0.5	0.5	0.5	0.5	0.5	0.5	0.0363393	0.517942	0.0268305	0.614679	0.16829	N/A	0.530008	0.536738	0.0450356	0.5	0.5	0.5	0.53477	0.038275	0.5	0.50808	0.0418476	0.5	0.512959	0.506744	0.514228
