Family ID	1.20356e-05	0.00342583	0.0476762	0.276994	1.11814	4.55375	
N0.HOG0000005	4.70345e-35	1.6046e-25	9.16083e-20	1.18313e-15	1.84445e-12	2.16346e-10	
N0.HOG0000007	1.00072e-27	4.17797e-25	7.04387e-23	3.05757e-20	2.28874e-17	7.93742e-15	
N0.HOG0000008	1.16256e-112	7.23662e-77	4.15656e-59	4.18723e-46	4.72617e-35	2.40143e-24	
N0.HOG0000015	2.60791e-24	2.58742e-19	2.00125e-16	1.77461e-13	1.3045e-10	2.41202e-08	
N0.HOG0000019	1.07395e-105	1.58944e-73	1.20128e-57	9.2677e-45	5.55963e-34	3.00959e-26	
N0.HOG0000021	7.31894e-34	9.88599e-29	1.6736e-24	4.40307e-20	1.37025e-17	3.26015e-17	
N0.HOG0000028	8.96419e-88	1.67318e-60	1.2724e-46	2.00863e-35	2.50222e-26	1.75138e-20	
N0.HOG0000029	2.90151e-131	1.06352e-84	9.49448e-62	5.60383e-45	8.63912e-33	8.2738e-25	
N0.HOG0000031	2.3945e-13	7.18487e-11	1.30641e-09	1.60056e-08	1.50887e-07	9.02225e-07	
N0.HOG0000035	1.65645e-29	2.57682e-24	2.6477e-20	2.48541e-17	2.90682e-16	1.00092e-16	
N0.HOG0000036	1.18451e-53	9.12043e-39	3.90519e-31	3.87394e-25	2.02256e-20	4.02635e-18	
N0.HOG0000037	7.14024e-21	1.22674e-19	3.39384e-18	2.33585e-16	5.0161e-14	5.86736e-12	
N0.HOG0000039	6.0756e-110	4.00243e-75	2.01014e-57	7.0708e-44	1.71541e-32	7.21564e-24	
N0.HOG0000040	1.39694e-75	3.52912e-54	1.38418e-41	2.98293e-32	6.08283e-26	7.84256e-22	
N0.HOG0000042	2.59671e-152	2.75822e-100	8.05287e-75	9.07487e-56	2.90229e-40	1.13536e-27	
N0.HOG0000043	3.19848e-57	1.19747e-44	1.95606e-36	5.47149e-30	8.38153e-25	3.12132e-20	
N0.HOG0000044	1.02737e-97	5.24025e-68	3.10054e-53	1.05333e-41	1.66875e-32	2.73473e-25	
N0.HOG0000045	6.12883e-129	2.07207e-84	1.98399e-62	3.39533e-46	2.98853e-33	5.74598e-23	
N0.HOG0000046	5.45801e-212	9.44007e-137	7.46119e-101	9.00514e-76	3.52151e-55	9.07423e-36	
N0.HOG0000048	7.73251e-121	8.64213e-83	7.48701e-64	3.48215e-50	1.78885e-38	1.45307e-27	
N0.HOG0000051	1.39896e-98	2.95128e-65	8.12321e-48	2.26118e-35	2.80594e-25	1.36006e-16	
N0.HOG0000052	9.9586e-49	4.30024e-36	5.21824e-29	2.95254e-23	1.34783e-18	1.346e-16	
N0.HOG0000053	2.33467e-172	6.57579e-112	9.40634e-83	5.74342e-62	1.22113e-44	1.36389e-28	
N0.HOG0000054	2.58423e-122	5.9003e-82	4.65293e-61	2.01289e-45	4.31166e-33	9.90734e-24	
N0.HOG0000055	8.65777e-70	7.73053e-48	1.90277e-36	4.74651e-28	1.88516e-21	9.55577e-18	
N0.HOG0000057	3.63759e-68	1.05477e-48	8.18404e-38	2.93585e-29	3.8204e-23	1.22258e-19	
N0.HOG0000058	1.47025e-138	1.66902e-91	4.18125e-68	6.4105e-50	3.60513e-35	1.15082e-24	
N0.HOG0000059	6.44717e-87	7.57775e-58	6.79752e-43	2.67313e-31	1.10949e-22	4.81907e-18	
N0.HOG0000061	5.09496e-127	9.56598e-88	5.07266e-67	2.09284e-51	6.31847e-39	1.08688e-27	
N0.HOG0000062	1.41232e-37	2.68141e-32	7.55171e-28	7.35096e-23	5.31252e-19	2.25312e-17	
N0.HOG0000063	1.80891e-45	1.03114e-33	5.28524e-27	5.46011e-22	1.00572e-18	5.40742e-17	
N0.HOG0000064	9.49773e-39	1.07381e-28	3.18741e-23	6.30903e-19	9.24046e-17	1.09916e-16	
N0.HOG0000066	5.1049e-21	4.66438e-16	1.84003e-13	4.94104e-11	6.26168e-09	1.50984e-08	
N0.HOG0000068	1.05547e-26	1.06634e-20	3.95139e-17	1.81064e-14	9.7935e-13	4.20009e-13	
N0.HOG0000069	3.31423e-86	2.1512e-63	8.37109e-50	1.46799e-38	2.14273e-29	8.36748e-23	
N0.HOG0000070	3.9725e-13	6.19104e-12	1.32271e-10	2.05104e-09	9.18415e-09	1.77929e-09	
N0.HOG0000085	4.89234e-13	1.45437e-10	2.44391e-09	3.08739e-08	4.29754e-07	1.84174e-06	
N0.HOG0000087	2.3945e-13	7.18486e-11	1.30639e-09	1.60033e-08	1.51192e-07	1.02963e-06	
N0.HOG0000088	2.28675e-17	2.05101e-12	6.51236e-10	8.6972e-08	6.01463e-06	0.000108235	
N0.HOG0000089	1.51253e-44	6.12352e-35	5.70723e-30	4.97642e-25	1.02222e-20	1.82112e-16	
N0.HOG0000090	6.31924e-89	1.23046e-62	7.66892e-48	6.71481e-36	1.56815e-26	3.4477e-20	
N0.HOG0000091	4.79921e-28	2.17654e-25	7.16225e-23	1.8159e-19	4.77944e-16	9.22932e-14	
N0.HOG0000092	0.000176535	0.000175512	0.000162239	0.000100767	1.29649e-05	1.15268e-08	
N0.HOG0000094	1.34138e-21	9.09601e-19	6.16378e-16	3.55624e-13	1.75515e-11	3.4063e-12	
N0.HOG0000095	0.00147369	0.00150211	0.00183197	0.00268218	0.00169918	2.34139e-05	
N0.HOG0000097	4.92377e-55	3.72976e-40	1.68027e-32	4.40704e-26	5.01375e-21	3.98793e-18	
N0.HOG0000098	5.6525e-161	9.9151e-102	8.16513e-74	2.6508e-54	6.89024e-39	1.16857e-25	
N0.HOG0000099	3.24542e-27	1.7179e-22	2.34119e-18	3.27347e-15	2.88328e-13	1.17066e-13	
N0.HOG0000100	2.07143e-44	5.33116e-32	1.32166e-25	2.20191e-20	6.22169e-17	3.187e-16	
N0.HOG0000103	2.41413e-120	8.07978e-81	7.46013e-62	1.71477e-47	7.74329e-35	1.88842e-23	
N0.HOG0000104	2.35098e-41	2.14441e-31	5.29878e-26	2.49602e-21	1.01181e-17	1.0803e-15	
N0.HOG0000106	2.43212e-50	1.6519e-37	4.36329e-29	4.28646e-22	2.24761e-17	6.91472e-16	
N0.HOG0000109	7.95946e-14	9.13846e-14	2.65769e-13	1.20958e-12	1.36275e-12	1.39913e-14	
N0.HOG0000112	9.26931e-09	9.41148e-09	1.13331e-08	2.31866e-08	6.79677e-08	3.0281e-08	
N0.HOG0000113	1.67032e-39	9.09723e-32	1.96794e-26	2.9621e-21	1.55261e-17	7.76059e-16	
N0.HOG0000114	7.43108e-154	1.46304e-101	1.75634e-75	1.89869e-56	9.61368e-41	4.39712e-27	
N0.HOG0000115	3.60433e-09	3.89654e-09	8.00395e-09	2.65801e-08	1.31226e-08	1.6025e-10	
N0.HOG0000116	4.42719e-15	1.94986e-11	4.13602e-09	1.77727e-07	1.33206e-06	1.28415e-07	
N0.HOG0000117	4.18453e-33	3.78905e-23	6.53257e-18	6.98303e-14	1.57352e-11	1.18399e-12	
N0.HOG0000121	1.20376e-32	1.42432e-27	3.29699e-24	8.03872e-21	4.54672e-18	1.38337e-16	
N0.HOG0000123	9.06673e-40	2.05474e-27	1.88401e-21	6.62672e-17	5.38507e-13	5.81433e-10	
N0.HOG0000124	2.65903e-12	3.56974e-12	4.32825e-11	2.94156e-09	5.06043e-09	5.98223e-12	
N0.HOG0000125	3.13681e-44	1.12218e-31	1.10148e-24	8.28441e-20	2.42365e-16	4.82512e-15	
N0.HOG0000126	0.0798274	0.0793239	0.073089	0.0480218	0.0108988	5.62191e-05	
N0.HOG0000127	8.7564e-14	2.56356e-11	3.49744e-10	1.38558e-09	5.26445e-10	6.34435e-12	
N0.HOG0000130	1.28071e-27	7.9619e-23	2.74888e-19	1.86574e-16	1.27151e-14	4.42911e-15	
N0.HOG0000131	2.52559e-13	7.25467e-11	7.85682e-10	1.24887e-09	7.99948e-11	3.73729e-13	
N0.HOG0000132	2.65702e-12	2.89666e-12	6.57472e-12	2.82272e-11	2.96351e-11	1.04418e-12	
N0.HOG0000133	3.25936e-06	3.42816e-06	5.6586e-06	1.4502e-05	8.90935e-06	4.03208e-08	
N0.HOG0000134	1.71228e-10	2.11742e-10	1.2173e-09	3.81634e-08	8.69579e-07	7.16548e-07	
N0.HOG0000135	2.72055e-05	2.83822e-05	4.5105e-05	0.000153706	0.000384599	5.04204e-05	
N0.HOG0000138	3.24467e-21	4.58001e-17	7.72847e-15	9.75091e-14	1.12587e-13	5.83747e-15	
N0.HOG0000139	0.00147361	0.00147831	0.00152904	0.00156859	0.00081217	1.2892e-05	
N0.HOG0000145	4.15044e-21	3.61085e-16	8.26858e-14	4.75348e-12	1.1317e-10	1.6134e-10	
N0.HOG0000146	2.72058e-05	2.84555e-05	4.62387e-05	0.000158166	0.00033675	2.35199e-05	
N0.HOG0000147	7.07405e-29	4.50054e-25	9.70003e-22	1.68305e-18	1.28184e-15	4.75585e-14	
N0.HOG0000148	4.48758e-44	1.91233e-34	3.83335e-28	2.42198e-22	1.27884e-17	2.06081e-15	
N0.HOG0000149	1.12761e-26	1.18991e-21	1.33402e-18	2.10105e-15	3.46468e-12	2.52102e-09	
N0.HOG0000151	8.79153e-10	2.6342e-07	4.70239e-06	5.25083e-05	0.000362632	0.000814061	
N0.HOG0000154	6.68691e-35	1.50451e-22	1.26859e-16	3.07962e-12	1.07548e-08	5.31517e-06	
N0.HOG0000155	3.82433e-51	5.51649e-37	2.07242e-29	1.79954e-23	9.60234e-19	4.87005e-16	
N0.HOG0000156	6.89908e-22	6.54549e-17	3.43135e-14	8.93367e-12	2.14111e-10	7.62328e-12	
N0.HOG0000157	1.33038e-22	1.28508e-17	6.80131e-15	8.40012e-13	7.91766e-12	4.30578e-13	
N0.HOG0000159	9.68898e-186	2.63155e-126	6.50312e-97	1.28045e-74	1.34457e-55	7.76133e-38	
N0.HOG0000160	7.78817e-49	3.24478e-37	5.74614e-30	9.02074e-24	3.16674e-18	3.32384e-14	
N0.HOG0000161	7.31247e-33	5.33222e-27	3.16566e-22	2.77561e-18	4.07812e-15	4.13089e-14	
N0.HOG0000162	4.46443e-43	1.12333e-30	2.60392e-24	3.94817e-19	2.00822e-15	2.32534e-14	
N0.HOG0000163	1.72301e-87	2.69701e-62	6.32001e-49	9.07965e-38	9.55647e-28	1.52676e-19	
N0.HOG0000165	5.02454e-07	5.99246e-07	1.81599e-06	6.95445e-06	1.20236e-05	8.30497e-07	
N0.HOG0000166	5.39445e-57	1.15061e-42	8.35738e-34	9.92332e-27	9.14459e-21	2.36808e-15	
N0.HOG0000167	9.058e-16	1.12622e-15	7.35577e-15	2.01674e-13	1.0992e-12	9.5829e-14	
N0.HOG0000168	2.05429e-33	8.83552e-25	1.19572e-19	1.72881e-15	2.18377e-12	1.16202e-11	
N0.HOG0000171	2.9994e-59	1.88673e-39	1.16929e-29	4.04332e-22	3.22994e-16	7.31916e-13	
N0.HOG0000172	1.40435e-17	4.54903e-15	1.7384e-13	1.0261e-11	2.37344e-10	6.51324e-11	
N0.HOG0000173	2.72012e-05	2.71225e-05	2.61111e-05	2.12006e-05	8.9415e-06	2.02346e-07	
N0.HOG0000174	1.50167e-24	2.37013e-17	8.57615e-14	3.53416e-11	2.23186e-09	1.40535e-09	
N0.HOG0000175	2.86739e-133	2.53764e-86	8.95832e-64	3.55679e-47	2.22879e-33	2.32607e-21	
N0.HOG0000176	1.32444e-10	3.82444e-08	4.60427e-07	1.27492e-06	4.01438e-07	6.94893e-10	
N0.HOG0000177	2.14622e-27	8.95959e-25	3.5446e-22	1.00697e-19	1.82838e-17	1.23186e-16	
N0.HOG0000178	3.60429e-09	3.88425e-09	7.74822e-09	2.47375e-08	1.21203e-08	1.41434e-10	
N0.HOG0000179	1.28394e-89	5.82097e-60	1.97804e-45	3.47338e-34	8.07874e-25	4.61129e-18	
N0.HOG0000180	9.009e-18	6.5801e-16	9.25219e-14	5.37208e-12	7.17474e-11	1.49846e-11	
N0.HOG0000181	1.79575e-21	6.07567e-19	3.42309e-17	4.64105e-15	1.94961e-13	1.30564e-13	
N0.HOG0000182	9.24772e-47	1.4099e-33	1.65942e-26	3.41435e-21	9.7609e-17	2.70512e-14	
N0.HOG0000183	3.24985e-19	1.07104e-16	4.85578e-15	4.23106e-13	1.66578e-11	4.51126e-11	
N0.HOG0000186	5.23466e-15	1.57368e-12	2.93539e-11	4.21321e-10	7.6614e-09	8.82157e-08	
N0.HOG0000187	2.2544e-17	8.81684e-16	3.00921e-14	1.51215e-12	6.97208e-11	6.89867e-10	
N0.HOG0000188	5.02155e-07	5.11978e-07	6.32773e-07	1.08341e-06	1.23729e-06	7.56679e-08	
N0.HOG0000189	5.05189e-47	8.93628e-34	1.47265e-26	9.69139e-21	1.63309e-15	6.10895e-11	
N0.HOG0000190	1.68408e-24	1.9746e-19	1.79384e-16	2.82402e-14	2.82813e-13	5.63247e-14	
N0.HOG0000191	8.52362e-25	1.27266e-18	3.34061e-15	4.89645e-13	3.35856e-12	5.89332e-13	
N0.HOG0000192	3.82186e-47	7.60213e-30	1.49882e-21	1.10186e-15	2.05876e-11	1.89676e-09	
N0.HOG0000198	4.4362e-11	1.32857e-08	2.35113e-07	2.41307e-06	9.67312e-06	1.09473e-06	
N0.HOG0000199	3.26482e-22	8.22311e-15	2.28394e-11	4.50851e-09	1.43747e-07	1.21265e-07	
N0.HOG0000200	0.0798274	0.0793239	0.073089	0.0480218	0.0108988	5.62191e-05	
N0.HOG0000201	2.097e-51	1.54163e-36	5.30902e-29	8.07239e-23	8.62824e-18	5.29103e-15	
N0.HOG0000202	5.88795e-21	2.06852e-18	1.59889e-16	3.26553e-14	1.88306e-12	2.22227e-12	
N0.HOG0000203	2.59659e-34	7.70188e-27	1.10994e-22	1.14003e-18	2.993e-15	6.01151e-14	
N0.HOG0000204	0.000572835	0.000562067	0.000440083	0.000128724	2.44085e-06	5.66146e-10	
N0.HOG0000206	2.55203e-23	9.24506e-17	2.54841e-13	4.74587e-11	7.0116e-10	3.90453e-11	
N0.HOG0000207	6.40448e-48	1.94127e-35	1.05586e-28	3.50257e-23	8.84536e-19	2.29412e-16	
N0.HOG0000208	2.63543e-13	7.75452e-11	1.12367e-09	5.45919e-09	2.59182e-09	2.70196e-11	
N0.HOG0000209	1.95248e-07	2.07853e-07	3.43997e-07	5.19127e-07	1.13626e-07	1.95779e-10	
N0.HOG0000210	2.13511e-18	3.8011e-14	1.28052e-11	7.59101e-10	2.04193e-09	2.37566e-11	
N0.HOG0000211	4.55379e-74	3.65465e-50	5.56952e-38	9.94704e-29	1.01706e-21	3.29464e-17	
N0.HOG0000212	8.76422e-14	2.60303e-11	4.10163e-10	2.16567e-09	1.00169e-09	1.08292e-11	
N0.HOG0000213	0.000572835	0.000562067	0.000440083	0.000128724	2.44085e-06	5.66146e-10	
N0.HOG0000215	0.000572835	0.000562067	0.000440083	0.000128724	2.44085e-06	5.66146e-10	
N0.HOG0000217	1.51791e-19	7.70721e-17	1.62536e-14	4.42823e-12	3.13187e-10	1.29456e-10	
N0.HOG0000219	3.97269e-13	6.27465e-12	1.54706e-10	3.43964e-09	1.89299e-08	6.24807e-10	
N0.HOG0000220	1.95251e-07	2.08812e-07	3.64277e-07	6.44046e-07	1.66744e-07	3.136e-10	
N0.HOG0000221	2.92494e-20	9.43542e-17	2.39058e-14	1.86513e-12	2.9058e-11	1.80532e-12	
N0.HOG0000222	1.1554e-26	1.36849e-21	3.06392e-18	8.82293e-15	4.78539e-12	1.87856e-11	
N0.HOG0000223	4.05474e-26	2.84979e-22	1.82178e-19	1.28686e-16	4.31507e-14	2.36359e-13	
N0.HOG0000224	8.26544e-43	2.8789e-31	4.08324e-25	1.66721e-20	2.47688e-17	3.93511e-16	
N0.HOG0000225	2.93852e-22	1.05674e-19	1.00476e-17	3.06615e-15	2.33982e-13	5.92528e-13	
N0.HOG0000226	9.10547e-18	4.53658e-16	1.53229e-14	8.81802e-13	3.09071e-11	7.84828e-12	
N0.HOG0000227	1.05752e-05	1.0674e-05	1.13759e-05	7.89238e-06	4.64015e-07	3.23697e-10	
N0.HOG0000228	4.71498e-224	2.54667e-146	5.07202e-109	1.33012e-82	1.12898e-60	9.61777e-40	
N0.HOG0000229	4.80031e-19	4.42161e-14	1.74542e-11	2.45624e-09	3.83579e-08	1.25859e-09	
N0.HOG0000230	1.95208e-07	1.9622e-07	2.05068e-07	1.72307e-07	2.06257e-08	5.97484e-11	
N0.HOG0000231	0.00147369	0.00150284	0.00184674	0.00284409	0.00218856	5.81642e-05	
N0.HOG0000232	0.00956325	0.00944302	0.00801938	0.00349751	0.000212105	5.56737e-08	
N0.HOG0000233	5.93022e-25	6.37786e-21	2.276e-18	5.71528e-16	1.80639e-13	2.55958e-11	
N0.HOG0000234	0.0798274	0.0793239	0.073089	0.0480218	0.0108988	5.62191e-05	
N0.HOG0000235	1.38899e-61	7.07137e-43	2.06115e-33	1.90437e-26	1.55576e-20	2.47685e-16	
N0.HOG0000236	3.1323e-95	1.40019e-64	1.48722e-48	3.18744e-36	2.83077e-26	4.97293e-19	
N0.HOG0000237	1.76311e-14	5.40377e-12	1.21476e-10	1.91805e-09	1.15066e-08	2.41549e-10	
N0.HOG0000238	5.4757e-14	1.74193e-11	5.32791e-10	1.24191e-08	3.71726e-08	5.04946e-10	
N0.HOG0000239	1.28988e-16	1.46954e-16	5.75668e-16	2.36302e-14	2.01802e-12	3.68073e-12	
N0.HOG0000240	3.60434e-09	3.89855e-09	8.09939e-09	2.88049e-08	1.54657e-08	1.82451e-10	
N0.HOG0000241	1.61804e-29	1.75584e-24	1.29424e-20	4.68414e-17	6.38381e-14	1.7129e-11	
N0.HOG0000242	1.42963e-19	2.90118e-19	1.35023e-17	2.15985e-15	1.0118e-13	1.54202e-13	
N0.HOG0000244	4.39179e-61	2.60722e-41	9.65911e-32	1.4902e-24	1.16924e-18	2.75946e-14	
N0.HOG0000245	4.07083e-12	1.19879e-09	1.77901e-08	1.22631e-07	3.87088e-07	6.43831e-08	
N0.HOG0000246	2.72017e-05	2.72565e-05	2.78323e-05	2.78347e-05	1.52424e-05	3.56639e-07	
N0.HOG0000249	1.10777e-27	6.79137e-24	7.25129e-21	1.11237e-17	1.8992e-14	6.43156e-12	
N0.HOG0000250	7.38625e-17	2.26353e-14	5.16161e-13	1.0371e-11	5.39004e-11	2.91386e-11	
N0.HOG0000251	7.44922e-23	7.00271e-18	3.31931e-15	6.94777e-13	2.28783e-11	5.32949e-12	
N0.HOG0000252	0.00147369	0.00150284	0.00184674	0.00284409	0.00218856	5.81642e-05	
N0.HOG0000253	8.87887e-21	4.06722e-17	1.15278e-14	1.01499e-12	2.33027e-11	5.43835e-11	
N0.HOG0000254	6.0243e-08	2.28988e-07	2.63365e-06	5.89169e-06	5.46529e-06	1.38298e-08	
N0.HOG0000258	8.90682e-38	7.61489e-28	1.19547e-22	4.22225e-18	7.42252e-14	5.67179e-10	
N0.HOG0000259	9.865e-09	1.83003e-07	2.2787e-06	9.55046e-06	1.25034e-05	1.02403e-06	
N0.HOG0000260	7.07931e-46	1.67133e-33	2.43566e-27	3.91071e-22	4.42262e-17	2.88379e-12	
N0.HOG0000262	1.0448e-33	1.11654e-28	2.12827e-25	2.70184e-21	3.98317e-17	2.04322e-14	
N0.HOG0000263	8.39688e-62	1.89641e-45	4.27753e-36	2.72999e-28	1.79046e-21	2.27409e-16	
N0.HOG0000264	1.00052e-27	1.79734e-20	8.88509e-17	1.07709e-13	6.94125e-11	1.52903e-08	
N0.HOG0000265	1.22855e-12	1.44952e-12	6.40288e-12	9.44184e-11	2.29021e-10	9.31962e-12	
N0.HOG0000266	6.1009e-15	1.81608e-12	3.08111e-11	3.74879e-10	4.11855e-09	4.27337e-09	
N0.HOG0000268	8.79152e-10	2.63292e-07	4.66479e-06	4.95189e-05	0.000281545	0.000327699	
N0.HOG0000269	7.70043e-70	1.12427e-49	3.68754e-39	1.68377e-31	5.86895e-25	1.24226e-19	
N0.HOG0000270	2.05027e-11	2.19911e-11	4.49155e-11	2.45346e-10	7.64897e-10	4.1066e-11	
N0.HOG0000271	0.000176562	0.000183329	0.000255284	0.000344608	7.73456e-05	1.18784e-07	
N0.HOG0000272	2.6079e-24	2.58632e-19	1.98734e-16	1.68581e-13	1.04311e-10	1.07529e-08	
N0.HOG0000274	9.2078e-21	7.57848e-18	2.41117e-15	4.27187e-13	4.57944e-11	1.02649e-10	
N0.HOG0000275	6.69244e-84	3.75339e-53	6.45584e-38	4.38214e-27	5.88659e-19	1.44379e-13	
N0.HOG0000276	1.80084e-14	5.60038e-12	1.40499e-10	2.59842e-09	9.57836e-09	2.41913e-10	
N0.HOG0000277	9.83927e-22	4.17812e-19	6.7171e-17	1.67916e-14	6.66647e-13	1.54023e-12	
N0.HOG0000278	8.18964e-13	2.51417e-10	5.88838e-09	1.43061e-07	1.87618e-06	7.05438e-07	
N0.HOG0000280	9.27591e-09	4.77852e-08	6.67074e-07	3.43545e-06	4.8705e-06	1.23395e-06	
N0.HOG0000281	0.00147361	0.00147857	0.00153306	0.00159638	0.000878332	1.74358e-05	
N0.HOG0000282	2.7204e-05	2.7919e-05	3.73456e-05	8.47724e-05	0.000142703	1.11319e-05	
N0.HOG0000283	4.17951e-44	9.34346e-32	7.61432e-26	2.51217e-21	3.11801e-17	5.62735e-14	
N0.HOG0000285	3.24934e-16	1.08731e-13	5.18171e-12	2.84527e-10	1.4098e-09	3.49551e-11	
N0.HOG0000286	1.79677e-10	2.73091e-09	4.40828e-08	4.55908e-07	2.06255e-06	2.50889e-07	
N0.HOG0000287	1.22168e-09	3.34272e-08	4.053e-07	1.31514e-06	5.77489e-07	1.75835e-09	
N0.HOG0000288	1.00505e-13	3.10338e-11	7.32957e-10	1.43e-08	1.46427e-07	8.16182e-08	
N0.HOG0000289	7.30835e-71	9.49652e-48	5.77851e-36	3.98411e-27	1.32213e-19	4.8414e-13	
N0.HOG0000292	4.34668e-14	1.39086e-11	4.06542e-10	8.22804e-09	5.97948e-08	1.84902e-08	
N0.HOG0000293	7.51505e-14	2.26306e-11	4.31557e-10	6.30705e-09	5.49727e-08	2.55204e-08	
N0.HOG0000294	1.64612e-11	4.96247e-09	9.5147e-08	1.32087e-06	9.15835e-06	2.82247e-06	
N0.HOG0000295	9.19729e-21	2.96934e-18	1.1929e-16	1.56455e-14	2.12768e-12	4.17763e-12	
N0.HOG0000297	1.80286e-22	2.5283e-18	2.90341e-15	3.40555e-12	6.32965e-10	2.74014e-10	
N0.HOG0000298	2.13641e-10	6.2091e-08	7.82146e-07	2.63654e-06	1.30597e-06	6.26413e-09	
N0.HOG0000299	2.13726e-38	1.69527e-28	1.54917e-23	3.76955e-19	5.96097e-15	2.44955e-12	
N0.HOG0000300	3.37836e-11	9.87575e-09	1.33198e-07	5.63153e-07	3.67822e-07	1.55376e-09	
N0.HOG0000301	9.11189e-30	1.30162e-23	1.04091e-19	3.15899e-16	1.97371e-13	1.38552e-12	
N0.HOG0000302	6.01644e-08	6.28919e-08	9.53433e-08	1.89381e-07	1.13688e-07	1.26254e-09	
N0.HOG0000303	5.47672e-14	1.83665e-11	1.70362e-09	1.69789e-07	4.04054e-06	1.39126e-06	
N0.HOG0000304	4.56772e-39	6.67563e-28	5.9818e-22	1.22461e-17	2.35355e-14	2.52924e-12	
N0.HOG0000306	2.72193e-05	3.23849e-05	9.51779e-05	0.00031503	0.000362019	1.0237e-05	
N0.HOG0000308	0.0798274	0.0793239	0.073089	0.0480218	0.0108988	5.62191e-05	
N0.HOG0000309	2.7202e-05	2.73534e-05	2.91574e-05	3.4523e-05	2.67407e-05	1.03894e-06	
N0.HOG0000310	5.3508e-19	4.57018e-14	8.37715e-12	2.01161e-10	6.74809e-10	3.10018e-11	
N0.HOG0000311	2.64159e-17	2.37644e-12	7.76758e-10	1.08889e-07	7.61e-06	0.000130723	
N0.HOG0000312	0.0798274	0.0793239	0.073089	0.0480218	0.0108988	5.62191e-05	
N0.HOG0000313	0.00147358	0.00147125	0.00143885	0.00123069	0.000522969	8.34011e-06	
N0.HOG0000314	3.25888e-06	3.28612e-06	3.59676e-06	4.10004e-06	1.4102e-06	4.07907e-09	
N0.HOG0000315	7.7945e-17	3.14015e-14	2.98107e-12	3.33764e-10	1.26415e-08	6.70048e-09	
N0.HOG0000316	0.0798274	0.0793239	0.073089	0.0480218	0.0108988	5.62191e-05	
N0.HOG0000317	5.02133e-07	5.05435e-07	5.45801e-07	6.89435e-07	6.57483e-07	4.58325e-08	
N0.HOG0000319	1.69946e-32	3.72374e-20	2.31323e-14	1.97471e-10	8.4895e-08	2.56454e-07	
N0.HOG0000321	7.34259e-15	4.45151e-13	9.10067e-11	2.63202e-09	1.23292e-08	5.35854e-10	
N0.HOG0000322	1.40287e-48	9.57141e-35	1.38696e-27	4.93728e-22	2.26748e-17	1.69089e-14	
N0.HOG0000323	0.0798274	0.0793239	0.073089	0.0480218	0.0108988	5.62191e-05	
N0.HOG0000324	0.00956325	0.00944302	0.00801938	0.00349751	0.000212105	5.56737e-08	
N0.HOG0000325	1.34329e-14	4.02662e-12	7.29291e-11	8.64986e-10	3.34097e-09	1.7001e-10	
N0.HOG0000326	3.25926e-06	3.39514e-06	5.04894e-06	1.00038e-05	5.00934e-06	2.30523e-08	
N0.HOG0000327	6.01647e-08	6.29819e-08	9.97077e-08	2.63291e-07	2.64956e-07	4.45094e-09	
N0.HOG0000328	0.0798274	0.0793239	0.073089	0.0480218	0.0108988	5.62191e-05	
N0.HOG0000329	0.00147369	0.00150284	0.00184674	0.00284409	0.00218856	5.81642e-05	
N0.HOG0000330	3.25928e-06	3.40018e-06	5.0235e-06	8.80886e-06	3.67357e-06	1.73732e-08	
N0.HOG0000331	1.95183e-32	9.32384e-26	1.77064e-21	2.45913e-17	8.13081e-14	1.11721e-12	
N0.HOG0000333	2.05401e-39	5.51016e-32	3.17744e-28	8.16428e-25	4.04741e-21	2.03642e-17	
N0.HOG0000334	1.72045e-13	5.05449e-11	7.25943e-10	4.09511e-09	6.00203e-09	4.09699e-10	
N0.HOG0000335	6.66514e-11	7.24362e-10	1.10679e-08	6.79772e-08	6.03837e-08	2.19929e-10	
N0.HOG0000336	2.7202e-05	2.73534e-05	2.91574e-05	3.4523e-05	2.67407e-05	1.03894e-06	
N0.HOG0000337	1.64633e-11	4.8476e-09	7.18274e-08	4.91215e-07	1.50782e-06	2.25646e-07	
N0.HOG0000342	6.01655e-08	6.32307e-08	1.02324e-07	2.6134e-07	2.39895e-07	3.94057e-09	
N0.HOG0000344	0.00147369	0.00150211	0.00183197	0.00268218	0.00169918	2.34139e-05	
N0.HOG0000345	1.08431e-18	3.35316e-16	8.63571e-15	3.38775e-13	1.89152e-11	2.24126e-10	
N0.HOG0000346	1.59236e-41	7.43723e-32	9.0224e-26	1.01128e-20	6.53847e-16	2.10764e-12	
N0.HOG0000348	0.000176534	0.000175138	0.000157806	8.94032e-05	1.00741e-05	8.16756e-09	
N0.HOG0000349	1.16496e-32	2.61413e-24	1.59856e-19	7.18371e-16	3.89698e-13	4.91548e-12	
N0.HOG0000350	7.35824e-30	9.51023e-25	2.62621e-21	9.05115e-18	1.20504e-14	2.3828e-13	
N0.HOG0000351	2.09765e-45	5.02461e-33	7.73328e-27	7.13292e-22	1.27025e-17	9.71219e-15	
N0.HOG0000352	2.11311e-21	5.44503e-14	1.88936e-10	5.50599e-08	1.79828e-06	7.79655e-07	
N0.HOG0000353	6.98971e-15	2.11186e-14	7.1766e-13	2.57127e-11	4.34303e-10	3.05384e-10	
N0.HOG0000354	1.99355e-35	5.47314e-28	3.91714e-24	1.44066e-20	5.88627e-17	3.6291e-14	
N0.HOG0000355	1.83867e-19	1.62325e-14	4.36812e-12	3.93441e-10	1.52949e-08	2.73118e-08	
N0.HOG0000356	6.61164e-20	5.98999e-15	1.99081e-12	2.01924e-10	3.43082e-09	7.66863e-10	
N0.HOG0000357	0.000176536	0.000175605	0.000163343	0.000103704	1.38181e-05	1.30913e-08	
N0.HOG0000358	1.7112e-10	1.78229e-10	2.84044e-10	1.27682e-09	9.62238e-09	9.26503e-09	
N0.HOG0000359	3.94389e-12	1.16466e-09	1.77117e-08	1.14484e-07	1.52818e-07	1.69404e-09	
N0.HOG0000361	1.11082e-09	1.2298e-09	3.42499e-09	3.61301e-08	2.47514e-07	1.89973e-08	
N0.HOG0000362	0.00147361	0.00147831	0.00152904	0.00156859	0.00081217	1.2892e-05	
N0.HOG0000363	0.00147368	0.00149809	0.00178514	0.00259529	0.00191527	4.87343e-05	
N0.HOG0000368	6.02347e-08	1.61424e-07	2.09313e-06	8.14351e-06	6.20556e-06	4.17149e-08	
N0.HOG0000369	3.29618e-46	5.28087e-34	1.24208e-27	1.5209e-22	3.15852e-18	1.60273e-15	
N0.HOG0000370	0.00956325	0.00944302	0.00801938	0.00349751	0.000212105	5.56737e-08	
N0.HOG0000371	5.07357e-18	4.44003e-13	1.07426e-10	6.39153e-09	1.07366e-07	4.63688e-08	
N0.HOG0000372	3.01718e-46	5.835e-29	9.70773e-21	7.85077e-15	3.59107e-10	1.29097e-06	
N0.HOG0000373	2.17959e-127	2.30166e-85	5.75127e-65	5.88371e-50	4.0388e-38	3.0857e-27	
N0.HOG0000374	1.06301e-11	3.25253e-09	7.04414e-08	9.32034e-07	1.82778e-06	1.09468e-08	
N0.HOG0000375	0.0798274	0.0793239	0.073089	0.0480218	0.0108988	5.62191e-05	
N0.HOG0000376	0.00147361	0.00147831	0.00152904	0.00156859	0.00081217	1.2892e-05	
N0.HOG0000377	0.0798274	0.0793239	0.073089	0.0480218	0.0108988	5.62191e-05	
N0.HOG0000378	0.0798274	0.0793239	0.073089	0.0480218	0.0108988	5.62191e-05	
N0.HOG0000379	3.25944e-06	3.44891e-06	5.94007e-06	1.53248e-05	8.06327e-06	1.53193e-08	
N0.HOG0000380	1.04216e-26	7.80058e-17	3.49916e-12	5.27374e-09	6.15568e-07	6.33102e-07	
N0.HOG0000381	1.93916e-16	1.66283e-11	3.17597e-09	7.99576e-08	1.94156e-07	2.43056e-09	
N0.HOG0000382	4.40076e-20	8.41558e-18	2.57686e-16	2.42992e-14	4.16786e-12	2.99355e-11	
N0.HOG0000383	3.78721e-13	4.88936e-13	4.02446e-12	1.83698e-10	2.78178e-09	3.50067e-10	
N0.HOG0000384	0.0798274	0.0793239	0.073089	0.0480218	0.0108988	5.62191e-05	
N0.HOG0000385	2.72039e-05	2.79093e-05	3.69592e-05	7.80684e-05	0.000118747	9.27111e-06	
N0.HOG0000386	6.01674e-08	6.37976e-08	1.14497e-07	4.03976e-07	5.14239e-07	8.54989e-09	
N0.HOG0000387	3.2593e-06	3.4073e-06	5.13869e-06	9.3834e-06	3.67845e-06	6.78655e-09	
N0.HOG0000388	3.9727e-13	6.28269e-12	1.5811e-10	3.88024e-09	2.73711e-08	6.66462e-09	
N0.HOG0000389	5.02168e-07	5.15885e-07	7.01547e-07	1.82056e-06	4.97608e-06	1.01852e-06	
N0.HOG0000390	0.00147368	0.00149809	0.00178514	0.00259529	0.00191527	4.87343e-05	
N0.HOG0000391	5.02199e-07	5.24957e-07	8.54618e-07	3.22343e-06	1.02195e-05	1.83538e-06	
N0.HOG0000392	0.00147369	0.00150284	0.00184674	0.00284409	0.00218856	5.81642e-05	
N0.HOG0000393	4.3804e-48	1.38168e-35	4.50384e-28	7.32577e-22	1.54136e-16	9.57035e-13	
N0.HOG0000394	6.01684e-08	6.41058e-08	1.20757e-07	4.65111e-07	6.13269e-07	9.82401e-09	
N0.HOG0000395	8.20709e-23	2.06011e-15	5.50004e-12	9.60176e-10	2.72336e-08	2.50954e-08	
N0.HOG0000396	4.39865e-20	6.19228e-20	1.11758e-18	4.18626e-16	1.58522e-13	9.93253e-13	
N0.HOG0000397	0.000176536	0.000175678	0.000164176	0.000105411	1.38887e-05	1.20174e-08	
N0.HOG0000398	2.05032e-11	2.2153e-11	4.95845e-11	3.86045e-10	2.20297e-09	3.71393e-10	
N0.HOG0000399	2.13648e-10	6.26615e-08	8.75476e-07	3.97362e-06	2.50008e-06	8.18461e-09	
N0.HOG0000400	1.11094e-09	1.27002e-09	4.6205e-09	6.04193e-08	2.12995e-07	6.58845e-09	
N0.HOG0000402	3.65885e-24	3.43155e-19	1.73446e-16	8.56672e-14	4.0732e-11	3.21579e-09	
N0.HOG0000403	1.962e-13	5.78956e-11	8.76495e-10	5.99586e-09	1.20224e-08	1.25478e-09	
N0.HOG0000405	0.000176543	0.000177656	0.000187523	0.000164207	2.79624e-05	2.44607e-08	
N0.HOG0000406	0.000176562	0.000183329	0.000255284	0.000344608	7.73456e-05	1.18784e-07	
N0.HOG0000407	0.00147358	0.0014694	0.00141509	0.00113912	0.000436192	6.27445e-06	
N0.HOG0000408	0.00147357	0.0014678	0.00139453	0.00106011	0.000361979	4.56087e-06	
N0.HOG0000410	5.02277e-07	5.47661e-07	1.12142e-06	3.56879e-06	5.67701e-06	3.98037e-07	
N0.HOG0000411	0.00956325	0.00944302	0.00801938	0.00349751	0.000212105	5.56737e-08	
N0.HOG0000412	9.27035e-09	9.71961e-09	1.64141e-08	7.21094e-08	3.17548e-07	8.24583e-08	
N0.HOG0000413	0.00147369	0.00150211	0.00183197	0.00268218	0.00169918	2.34139e-05	
N0.HOG0000414	0.000176535	0.000175512	0.000162224	0.000100544	1.27564e-05	1.08362e-08	
N0.HOG0000415	1.01068e-15	3.12526e-13	7.59342e-12	1.54896e-10	7.69689e-10	2.52336e-11	
N0.HOG0000416	8.79153e-10	2.6342e-07	4.70239e-06	5.25083e-05	0.000362632	0.000814061	
N0.HOG0000418	0.00147369	0.00150211	0.00183197	0.00268218	0.00169918	2.34139e-05	
N0.HOG0000419	7.28144e-14	2.261e-11	5.60991e-10	1.06607e-08	4.33616e-08	1.00257e-09	
N0.HOG0000420	0.000176562	0.000183329	0.000255284	0.000344608	7.73456e-05	1.18784e-07	
N0.HOG0000421	0.000176559	0.000182219	0.000241989	0.000308886	6.76221e-05	9.61308e-08	
N0.HOG0000422	5.8333e-14	6.82884e-14	2.98076e-13	7.31813e-12	1.88394e-10	4.1974e-10	
N0.HOG0000423	3.2592e-06	3.37947e-06	4.74248e-06	7.53337e-06	2.6165e-06	5.04289e-09	
N0.HOG0000424	6.01639e-08	6.27169e-08	9.14595e-08	1.50395e-07	5.79237e-08	1.81998e-10	
N0.HOG0000425	5.69391e-25	8.39209e-21	5.42075e-18	1.91297e-15	2.22076e-13	6.01966e-12	
N0.HOG0000426	0.0798274	0.0793239	0.073089	0.0480218	0.0108988	5.62191e-05	
N0.HOG0000427	0.00147369	0.00150211	0.00183197	0.00268218	0.00169918	2.34139e-05	
N0.HOG0000428	0.00147369	0.00150284	0.00184674	0.00284409	0.00218856	5.81642e-05	
N0.HOG0000429	4.78838e-15	1.48156e-12	3.80209e-11	1.32215e-09	4.73756e-08	4.1924e-07	
N0.HOG0000430	0.00147357	0.00146677	0.00138127	0.00100941	0.000315271	3.54396e-06	
N0.HOG0000431	2.72033e-05	2.77205e-05	3.40603e-05	5.72922e-05	6.36113e-05	3.95365e-06	
N0.HOG0000432	1.07705e-15	5.70686e-15	9.19647e-14	9.69587e-13	1.02745e-11	1.01679e-10	
N0.HOG0000433	0.00147369	0.00150284	0.00184674	0.00284409	0.00218856	5.81642e-05	
N0.HOG0000434	0.00147361	0.00147831	0.00152904	0.00156859	0.00081217	1.2892e-05	
N0.HOG0000435	2.82376e-134	6.98575e-90	9.3092e-68	6.95912e-52	1.47353e-38	8.8665e-26	
N0.HOG0000436	0.000176543	0.000177657	0.000187671	0.000166362	2.99795e-05	3.30123e-08	
N0.HOG0000437	0.0798274	0.0793239	0.073089	0.0480218	0.0108988	5.62191e-05	
N0.HOG0000438	0.0798274	0.0793239	0.073089	0.0480218	0.0108988	5.62191e-05	
N0.HOG0000439	0.000176535	0.000175512	0.000162239	0.000100767	1.29649e-05	1.15268e-08	
N0.HOG0000440	3.25878e-06	3.2552e-06	3.19232e-06	2.57168e-06	6.08752e-07	1.59778e-09	
N0.HOG0000442	2.76396e-77	3.30219e-53	7.68686e-41	3.50742e-31	5.28771e-23	1.15489e-16	
N0.HOG0000443	6.0168e-08	6.39694e-08	1.17475e-07	4.13844e-07	4.87381e-07	7.63355e-09	
N0.HOG0000444	0.00956325	0.00944302	0.00801938	0.00349751	0.000212105	5.56737e-08	
N0.HOG0000445	1.11193e-09	3.0083e-09	4.38317e-08	2.72142e-07	5.19037e-07	1.3256e-08	
N0.HOG0000446	2.72023e-05	2.74237e-05	3.01802e-05	4.09118e-05	4.21459e-05	2.58661e-06	
N0.HOG0000447	0.0798274	0.0793239	0.073089	0.0480218	0.0108988	5.62191e-05	
N0.HOG0000451	0.0798274	0.0793239	0.073089	0.0480218	0.0108988	5.62191e-05	
N0.HOG0000452	0.00147369	0.00150284	0.00184674	0.00284409	0.00218856	5.81642e-05	
N0.HOG0000453	3.94449e-12	1.21648e-09	2.7732e-08	3.70842e-07	7.20929e-07	5.1259e-09	
N0.HOG0000454	3.25936e-06	3.42818e-06	5.66312e-06	1.46963e-05	9.58017e-06	6.41571e-08	
N0.HOG0000455	2.72055e-05	2.83822e-05	4.5105e-05	0.000153706	0.000384599	5.04204e-05	
N0.HOG0000456	0.00147359	0.0014733	0.00146512	0.00133226	0.000620288	1.07329e-05	
N0.HOG0000457	9.27053e-09	9.77596e-09	1.77395e-08	1.04656e-07	8.66674e-07	9.45223e-07	
N0.HOG0000458	1.02625e-10	2.49978e-08	4.83194e-07	3.6624e-06	2.89571e-06	6.61972e-09	
N0.HOG0000459	0.0798274	0.0793239	0.073089	0.0480218	0.0108988	5.62191e-05	
N0.HOG0000460	0.00147368	0.00149809	0.00178514	0.00259529	0.00191527	4.87343e-05	
N0.HOG0000461	2.05129e-11	2.51912e-11	1.27662e-10	2.04514e-09	1.143e-08	1.83916e-09	
N0.HOG0000462	0.000176534	0.000175138	0.000157809	8.9458e-05	1.0122e-05	8.20915e-09	
N0.HOG0000464	6.98785e-15	8.01561e-15	3.26831e-14	1.06463e-12	3.33872e-11	2.05918e-11	
N0.HOG0000465	4.15332e-26	2.36858e-22	4.41035e-19	5.57364e-16	2.1704e-13	3.39635e-12	
N0.HOG0000466	0.000176535	0.000175512	0.000162239	0.000100767	1.29649e-05	1.15268e-08	
N0.HOG0000467	3.2592e-06	3.37958e-06	4.76199e-06	7.90058e-06	3.22703e-06	1.42298e-08	
N0.HOG0000468	3.25919e-06	3.37512e-06	4.67953e-06	7.28606e-06	2.67439e-06	1.07321e-08	
N0.HOG0000469	3.25944e-06	3.44907e-06	5.97421e-06	1.63916e-05	1.09322e-05	7.55047e-08	
N0.HOG0000470	4.69439e-34	4.63143e-25	2.54705e-19	2.34547e-15	1.45581e-12	1.65906e-11	
N0.HOG0000471	0.00956325	0.00944302	0.00801938	0.00349751	0.000212105	5.56737e-08	
N0.HOG0000472	0.000176562	0.000183322	0.000254026	0.000326409	6.1163e-05	3.48676e-08	
N0.HOG0000473	2.05069e-11	2.33327e-11	8.74821e-11	2.04328e-09	3.48198e-08	6.54555e-09	
N0.HOG0000474	2.15227e-11	3.46361e-10	9.90687e-09	2.25425e-07	7.23862e-07	1.29459e-08	
N0.HOG0000475	6.01733e-08	6.56121e-08	1.5159e-07	7.78441e-07	1.59342e-06	3.25459e-08	
N0.HOG0000476	6.01738e-08	6.57522e-08	1.55831e-07	8.7491e-07	2.00783e-06	4.26643e-08	
N0.HOG0000477	0.00956325	0.00944302	0.00801938	0.00349751	0.000212105	5.56737e-08	
N0.HOG0000478	6.99394e-15	9.94671e-15	9.36975e-14	3.62691e-12	6.74499e-11	2.57284e-11	
N0.HOG0000479	2.72038e-05	2.78713e-05	3.63099e-05	7.2287e-05	0.000101007	7.35297e-06	
N0.HOG0000480	0.00147361	0.00147831	0.00152904	0.00156859	0.00081217	1.2892e-05	
N0.HOG0000481	5.7578e-10	1.68765e-07	2.3469e-06	1.09171e-05	8.21813e-06	1.19322e-07	
N0.HOG0000482	0.000176535	0.000175512	0.000162239	0.000100767	1.29649e-05	1.15268e-08	
N0.HOG0000483	0.000176543	0.000177656	0.000187523	0.000164207	2.79624e-05	2.44607e-08	
N0.HOG0000484	2.15607e-13	6.36832e-11	9.82024e-10	8.06209e-09	3.6248e-08	6.94841e-09	
N0.HOG0000485	0.00956325	0.00944302	0.00801938	0.00349751	0.000212105	5.56737e-08	
N0.HOG0000486	1.02471e-27	1.59608e-22	5.96112e-19	3.49462e-16	9.03474e-14	2.02046e-12	
N0.HOG0000487	2.72039e-05	2.79071e-05	3.70867e-05	8.06112e-05	0.000114954	5.07349e-06	
N0.HOG0000489	3.25973e-06	3.53752e-06	7.67197e-06	2.90376e-05	2.00878e-05	5.75917e-08	
N0.HOG0000490	6.68759e-17	2.16358e-14	8.46284e-13	6.06905e-11	1.70608e-09	3.71271e-10	
N0.HOG0000491	6.02208e-08	7.95229e-08	3.43739e-07	1.50439e-06	1.07076e-06	4.90671e-09	
N0.HOG0000492	0.000176535	0.000175512	0.000162224	0.000100544	1.27564e-05	1.08362e-08	
N0.HOG0000493	3.78521e-13	4.23413e-13	1.34177e-12	2.50149e-11	6.82391e-10	6.87305e-10	
N0.HOG0000495	6.01763e-08	6.65556e-08	1.80277e-07	1.44802e-06	5.45243e-06	1.46738e-07	
N0.HOG0000496	1.03746e-22	9.865e-20	3.67835e-17	2.478e-14	1.46184e-11	5.43182e-10	
N0.HOG0000497	0.000176533	0.000174907	0.000155077	8.24998e-05	8.38856e-06	6.20356e-09	
N0.HOG0000498	1.06287e-11	3.13006e-09	4.61835e-08	2.79233e-07	3.92181e-07	1.76402e-08	
N0.HOG0000499	2.02155e-25	1.30025e-19	7.04983e-16	6.35712e-13	5.17917e-11	7.07761e-11	
N0.HOG0000500	0.00147369	0.00150284	0.00184674	0.00284409	0.00218856	5.81642e-05	
N0.HOG0000501	0.00147361	0.00147831	0.00152904	0.00156859	0.00081217	1.2892e-05	
N0.HOG0000502	1.66482e-23	9.75745e-22	5.673e-19	8.21837e-16	5.71292e-13	8.09485e-12	
N0.HOG0000503	6.99586e-15	1.05106e-14	9.70492e-14	2.32245e-12	2.76009e-11	2.68067e-11	
N0.HOG0000504	1.6611e-58	1.24918e-43	6.63795e-36	8.05839e-29	2.95197e-22	2.49245e-17	
N0.HOG0000505	6.02376e-08	1.63745e-07	2.48729e-06	1.49568e-05	1.72003e-05	1.21257e-07	
N0.HOG0000506	1.11207e-09	3.0517e-09	6.31093e-08	7.40501e-07	1.83932e-06	2.86557e-08	
N0.HOG0000507	6.02376e-08	1.63758e-07	2.49203e-06	1.52649e-05	1.91165e-05	1.81294e-07	
N0.HOG0000508	5.86655e-17	2.09479e-14	1.36181e-12	1.0165e-10	1.75593e-09	5.20439e-10	
N0.HOG0000509	0.00956325	0.00944302	0.00801938	0.00349751	0.000212105	5.56737e-08	
N0.HOG0000510	3.25928e-06	3.40018e-06	5.02362e-06	8.81426e-06	3.69104e-06	1.75607e-08	
N0.HOG0000511	0.00956325	0.00944302	0.00801938	0.00349751	0.000212105	5.56737e-08	
N0.HOG0000512	0.000176536	0.000175605	0.000163343	0.0001037	1.37855e-05	1.25802e-08	
N0.HOG0000513	8.88618e-21	6.95311e-15	1.87758e-11	3.84306e-09	9.52836e-08	2.19778e-08	
N0.HOG0000514	3.26305e-06	8.70359e-06	0.000106369	0.000318579	0.000130656	2.85212e-07	
N0.HOG0000515	3.25973e-06	3.53764e-06	7.70335e-06	3.04344e-05	3.33853e-05	2.19868e-07	
N0.HOG0000516	3.25973e-06	3.53764e-06	7.70335e-06	3.04344e-05	3.33853e-05	2.19868e-07	
N0.HOG0000517	0.00956325	0.00944302	0.00801938	0.00349751	0.000212105	5.56737e-08	
N0.HOG0000518	2.63239e-30	4.12694e-23	2.32284e-19	3.41764e-16	2.16581e-13	4.81701e-12	
N0.HOG0000519	6.02351e-08	1.61769e-07	2.15193e-06	9.17861e-06	7.98643e-06	5.91239e-08	
N0.HOG0000521	2.72033e-05	2.77205e-05	3.40603e-05	5.72922e-05	6.36113e-05	3.95365e-06	
N0.HOG0000523	3.78959e-13	6.90642e-11	1.16868e-09	1.23088e-08	6.22201e-08	6.46188e-09	
N0.HOG0000524	6.01733e-08	6.56093e-08	1.50843e-07	7.3733e-07	9.30551e-07	6.05181e-09	
N0.HOG0000526	2.72036e-05	2.78084e-05	3.52356e-05	6.27848e-05	7.26879e-05	4.71866e-06	
N0.HOG0000527	6.99056e-15	8.86603e-15	5.77587e-14	2.262e-12	6.84069e-11	6.20828e-11	
N0.HOG0000528	3.24174e-12	2.87498e-11	5.99836e-10	1.51876e-08	3.03071e-07	7.79902e-07	
N0.HOG0000529	2.72043e-05	2.80125e-05	3.87357e-05	9.45458e-05	0.000176375	1.80391e-05	
N0.HOG0000530	3.97301e-13	6.42396e-12	1.9512e-10	5.80784e-09	3.55702e-08	2.55799e-09	
N0.HOG0000531	1.63223e-22	8.96006e-19	1.1514e-15	5.97583e-13	4.6412e-11	1.00259e-10	
N0.HOG0000532	1.11194e-09	3.01572e-09	4.52145e-08	3.07462e-07	6.52499e-07	1.88052e-08	
N0.HOG0000533	0.00956325	0.00944302	0.00801938	0.00349751	0.000212105	5.56737e-08	
N0.HOG0000534	3.87153e-19	3.53931e-17	1.49254e-14	2.32271e-12	1.01838e-10	1.20606e-09	
N0.HOG0000535	0.00147369	0.00150284	0.00184674	0.00284409	0.00218856	5.81642e-05	
N0.HOG0000536	0.00147369	0.00150284	0.00184674	0.00284409	0.00218856	5.81642e-05	
N0.HOG0000538	9.26999e-09	9.61388e-09	1.455e-08	5.34936e-08	2.81122e-07	2.17143e-07	
N0.HOG0000539	5.02174e-07	5.17646e-07	7.27591e-07	2.00072e-06	5.69797e-06	1.37536e-06	
N0.HOG0000540	6.0243e-08	1.07009e-05	0.000132926	0.000429984	0.000214138	5.27924e-07	
N0.HOG0000541	0.000176562	0.000183322	0.000254026	0.000326409	6.1163e-05	3.48676e-08	
N0.HOG0000542	0.000176543	0.000177657	0.000187671	0.000166362	2.99795e-05	3.30123e-08	
N0.HOG0000543	1.11084e-09	1.23703e-09	3.64715e-09	4.1719e-08	3.33331e-07	3.04982e-08	
N0.HOG0000544	3.25933e-06	3.41584e-06	5.32757e-06	1.12163e-05	5.92368e-06	3.25148e-08	
N0.HOG0000545	5.02456e-07	5.99861e-07	1.84111e-06	7.4326e-06	1.41624e-05	1.04721e-06	
N0.HOG0000546	2.05129e-11	2.51912e-11	1.27662e-10	2.04514e-09	1.143e-08	1.83916e-09	
N0.HOG0000547	0.00147361	0.00147857	0.00153306	0.00159638	0.000878332	1.74358e-05	
N0.HOG0000548	9.80594e-09	1.66155e-07	2.1187e-06	1.00429e-05	1.65225e-05	1.24426e-06	
N0.HOG0000549	1.11086e-09	1.24428e-09	3.81844e-09	4.31535e-08	1.75046e-07	4.24676e-09	
N0.HOG0000550	9.45966e-27	3.14844e-24	1.6856e-22	4.0288e-20	2.75927e-17	3.98055e-15	
N0.HOG0000551	2.05268e-11	5.65854e-11	1.02127e-09	1.23903e-08	6.08968e-08	4.41545e-09	
N0.HOG0000552	1.11066e-09	1.18239e-09	2.27002e-09	1.11488e-08	2.98331e-08	2.40007e-09	
N0.HOG0000553	0.000176562	0.000183329	0.000255284	0.000344608	7.73456e-05	1.18784e-07	
N0.HOG0000554	3.17957e-34	3.12081e-25	4.64268e-20	2.21808e-16	6.47949e-14	3.84995e-13	
N0.HOG0000555	1.71195e-10	2.00117e-10	6.03731e-10	3.31352e-09	1.26134e-08	3.92579e-09	
N0.HOG0000556	0.0798274	0.0793239	0.073089	0.0480218	0.0108988	5.62191e-05	
N0.HOG0000557	0.00956325	0.00944302	0.00801938	0.00349751	0.000212105	5.56737e-08	
N0.HOG0000558	1.11192e-09	3.00031e-09	4.23469e-08	2.34767e-07	3.81135e-07	8.74106e-09	
N0.HOG0000559	5.7578e-10	1.68765e-07	2.3469e-06	1.09171e-05	8.21813e-06	1.19322e-07	
N0.HOG0000560	2.78336e-08	5.41102e-06	6.91781e-05	0.000261978	0.000231596	3.95244e-06	
N0.HOG0000561	1.79919e-14	5.4821e-12	1.12108e-10	1.28509e-09	3.1369e-09	1.33593e-10	
N0.HOG0000562	2.05055e-11	2.28929e-11	7.00976e-11	1.00949e-09	1.41929e-08	5.10776e-09	
N0.HOG0000563	1.799e-14	5.31881e-12	8.1464e-11	5.08874e-10	6.58677e-10	1.27942e-11	
N0.HOG0000564	6.01684e-08	6.41061e-08	1.20852e-07	4.71215e-07	6.57481e-07	1.46462e-08	
N0.HOG0000565	7.33344e-15	1.16476e-13	3.09563e-12	9.76365e-11	1.31004e-09	1.51867e-09	
N0.HOG0000566	6.99202e-18	6.09089e-14	1.14595e-11	3.16601e-10	1.1323e-09	6.21944e-11	
N0.HOG0000567	3.97761e-13	1.04783e-09	1.71994e-07	3.38482e-06	8.16765e-06	1.67168e-07	
N0.HOG0000568	1.1797e-22	3.02368e-15	1.00991e-11	3.10911e-09	1.48223e-07	1.26743e-07	
N0.HOG0000569	3.78522e-13	4.23745e-13	1.34796e-12	2.39979e-11	5.79707e-10	6.00351e-10	
N0.HOG0000570	3.01748e-19	2.03857e-15	5.72491e-13	3.75849e-11	3.63046e-10	1.0472e-10	
N0.HOG0000571	6.99872e-15	2.23005e-14	1.35768e-12	9.50589e-11	2.04303e-09	7.08482e-10	
N0.HOG0000572	2.05145e-11	2.56141e-11	1.21297e-10	1.14312e-09	3.48843e-09	5.41195e-10	
N0.HOG0000573	5.61189e-23	2.6823e-20	3.36159e-18	4.84675e-16	5.1991e-14	4.94808e-13	
N0.HOG0000574	3.24521e-35	7.83832e-30	5.40834e-25	1.05568e-20	5.16172e-17	7.25136e-15	
N0.HOG0000575	0.000176543	0.000177657	0.000187671	0.000166362	2.99795e-05	3.30123e-08	
N0.HOG0000577	2.05261e-11	5.61139e-11	9.21898e-10	8.94489e-09	3.94321e-08	4.25429e-09	
N0.HOG0000578	3.26038e-06	3.71865e-06	8.70778e-06	1.70569e-05	4.64134e-06	8.53733e-09	
N0.HOG0000579	3.25888e-06	3.28606e-06	3.56182e-06	3.5745e-06	9.23147e-07	2.34306e-09	
N0.HOG0000580	2.0542e-11	3.40504e-11	3.05592e-10	3.45875e-09	9.04135e-09	2.88638e-10	
N0.HOG0000583	3.97269e-13	6.28007e-12	1.57302e-10	3.81615e-09	2.74027e-08	9.65683e-09	
N0.HOG0000584	2.72193e-05	3.23849e-05	9.51779e-05	0.00031503	0.000362019	1.0237e-05	
N0.HOG0000585	6.01641e-08	6.28145e-08	9.63393e-08	2.27624e-07	1.97252e-07	2.95173e-09	
N0.HOG0000586	1.11072e-09	1.20023e-09	2.66895e-09	1.83248e-08	6.61208e-08	6.37203e-09	
N0.HOG0000587	1.11079e-09	1.2195e-09	3.06673e-09	2.2414e-08	9.69246e-08	6.66219e-09	
N0.HOG0000588	2.72193e-05	3.23849e-05	9.51779e-05	0.00031503	0.000362019	1.0237e-05	
N0.HOG0000589	8.54615e-24	4.2021e-21	8.78635e-19	5.65339e-16	4.44374e-13	2.86564e-11	
N0.HOG0000590	3.68241e-64	3.37962e-44	6.90487e-34	5.1293e-26	1.37652e-19	1.32459e-14	
N0.HOG0000591	4.21296e-28	5.40493e-24	1.46197e-20	5.90432e-17	8.57172e-14	3.83879e-12	
N0.HOG0000592	3.95252e-108	1.32475e-71	4.30905e-54	2.02935e-41	1.04938e-30	8.60366e-22	
N0.HOG0000594	3.56782e-15	1.19914e-12	4.45709e-11	9.2276e-10	5.90934e-09	1.4947e-09	
N0.HOG0000595	4.89932e-29	3.3617e-26	4.49047e-23	3.09356e-19	1.29213e-15	1.72753e-13	
N0.HOG0000596	9.51278e-09	8.21577e-08	1.26394e-06	1.16475e-05	4.13499e-05	7.55302e-06	
N0.HOG0000597	0.0798274	0.0793239	0.073089	0.0480218	0.0108988	5.62191e-05	
N0.HOG0000598	2.4032e-09	7.17067e-07	1.21111e-05	0.000100441	0.000234474	9.50098e-06	
N0.HOG0000599	9.27061e-09	9.80012e-09	1.83183e-08	1.20621e-07	1.18254e-06	1.33186e-06	
N0.HOG0000600	7.3352e-15	1.24692e-13	6.19453e-12	5.6354e-10	1.22685e-08	4.19475e-09	
N0.HOG0000602	7.55152e-39	7.22861e-30	1.6876e-24	8.03424e-20	6.39291e-16	2.38379e-13	
N0.HOG0000604	2.72036e-05	2.78251e-05	3.54691e-05	6.36236e-05	6.80048e-05	2.61316e-06	
N0.HOG0000606	0.0798274	0.0793239	0.073089	0.0480218	0.0108988	5.62191e-05	
N0.HOG0000607	1.17257e-11	3.50239e-09	5.99454e-08	5.28582e-07	1.43191e-06	6.62739e-08	
N0.HOG0000608	1.11082e-09	1.23105e-09	3.44143e-09	3.40239e-08	2.03239e-07	1.81594e-08	
N0.HOG0000609	1.43174e-16	5.73125e-15	4.14545e-13	2.34487e-11	3.34484e-10	1.14402e-10	
N0.HOG0000610	6.02356e-08	1.62168e-07	2.21983e-06	1.03691e-05	1.00069e-05	7.80713e-08	
N0.HOG0000611	0.0798274	0.0793239	0.073089	0.0480218	0.0108988	5.62191e-05	
N0.HOG0000612	5.02174e-07	5.17638e-07	7.26308e-07	1.9365e-06	4.9318e-06	1.09039e-06	
N0.HOG0000613	0.00147358	0.00147125	0.00143885	0.00123069	0.000522969	8.34011e-06	
N0.HOG0000614	5.03521e-26	2.46514e-22	1.55501e-19	1.1864e-16	4.86908e-14	8.62296e-13	
N0.HOG0000615	6.99585e-15	1.30292e-12	2.83589e-11	6.85407e-10	1.19126e-08	5.02122e-09	
N0.HOG0000616	1.77385e-17	6.15389e-15	5.80513e-13	4.63484e-11	1.00992e-09	2.13719e-09	
N0.HOG0000617	0.000176559	0.000182219	0.000241989	0.000308886	6.76221e-05	9.61308e-08	
N0.HOG0000618	4.1991e-22	1.42775e-19	9.18583e-18	2.36692e-15	4.62394e-13	1.36505e-12	
N0.HOG0000619	4.3995e-20	6.39469e-20	1.55369e-18	1.39956e-16	3.03176e-14	1.77021e-12	
N0.HOG0000620	7.75596e-15	3.07696e-13	2.00187e-11	7.79637e-10	5.7564e-09	1.01094e-09	
N0.HOG0000621	3.78963e-13	6.92546e-11	1.21282e-09	1.46085e-08	9.1035e-08	1.22642e-08	
N0.HOG0000622	0.00147369	0.00150211	0.00183197	0.00268218	0.00169918	2.34139e-05	
N0.HOG0000624	6.99777e-29	5.39476e-19	3.3808e-14	1.51411e-10	1.41554e-07	2.06147e-05	
N0.HOG0000625	4.396e-20	5.26747e-20	3.37706e-19	3.88288e-17	1.00248e-14	2.62093e-13	
N0.HOG0000626	7.34259e-15	1.98495e-11	3.66669e-09	1.14618e-07	6.84692e-07	5.84018e-08	
N0.HOG0000627	3.26305e-06	8.70359e-06	0.000106369	0.000318579	0.000130656	2.85212e-07	
N0.HOG0000628	2.319e-13	7.0062e-11	1.37601e-09	2.01476e-08	1.26431e-07	1.46671e-08	
N0.HOG0000629	3.17433e-15	9.82613e-13	2.53223e-11	8.6661e-10	2.37153e-08	4.05335e-08	
N0.HOG0000630	0.00147367	0.00149745	0.00177273	0.00246548	0.00153231	2.18671e-05	
N0.HOG0000631	5.49423e-20	4.31095e-18	5.69193e-16	2.35979e-13	3.87891e-11	3.11345e-10	
N0.HOG0000632	1.96207e-13	5.84999e-11	1.00284e-09	1.0745e-08	4.21637e-08	7.65152e-09	
N0.HOG0000633	2.69957e-20	8.51659e-18	2.77855e-16	2.44116e-14	3.61175e-12	3.73469e-11	
N0.HOG0000634	7.34157e-15	2.94049e-13	5.51914e-11	1.914e-09	1.64357e-08	4.18503e-09	
N0.HOG0000635	1.75181e-13	4.03934e-11	1.88333e-09	6.89301e-08	6.70488e-07	1.33734e-07	
N0.HOG0000636	6.0166e-08	6.33658e-08	1.05196e-07	2.9439e-07	3.0801e-07	5.89147e-09	
N0.HOG0000637	1.11075e-09	1.20895e-09	2.84033e-09	1.96353e-08	6.6218e-08	8.4853e-09	
N0.HOG0000638	7.34259e-15	1.98495e-11	3.66669e-09	1.14618e-07	6.84692e-07	5.84018e-08	
N0.HOG0000639	1.3693e-168	8.45714e-112	7.9544e-85	5.73637e-65	1.9627e-47	1.17805e-30	
N0.HOG0000640	0.00147369	0.00150211	0.00183197	0.00268218	0.00169918	2.34139e-05	
N0.HOG0000641	7.75665e-15	3.15565e-13	2.56878e-11	1.37609e-09	1.04135e-08	6.63993e-10	
N0.HOG0000642	1.02307e-11	3.06481e-09	5.43678e-08	5.42401e-07	1.57791e-06	5.73073e-08	
N0.HOG0000643	2.75786e-20	6.82077e-16	3.82359e-13	6.57158e-11	2.9013e-09	3.43787e-09	
N0.HOG0000644	2.06472e-21	8.06448e-19	5.54903e-17	2.80715e-15	5.08477e-14	4.67318e-14	
N0.HOG0000645	5.08046e-19	4.8249e-15	2.1155e-12	3.81931e-10	1.99374e-08	1.17676e-08	
N0.HOG0000646	4.8758e-32	1.4215e-24	1.8371e-20	1.8448e-16	6.32237e-13	3.3513e-11	
N0.HOG0000647	6.98768e-15	8.5852e-15	3.08701e-13	4.66445e-11	1.15604e-09	7.77271e-10	
N0.HOG0000648	1.88864e-13	5.76597e-11	1.27144e-09	2.55213e-08	2.11123e-07	2.59983e-08	
N0.HOG0000649	1.01504e-17	5.3289e-13	1.03408e-10	3.2272e-09	2.14293e-08	1.91706e-09	
N0.HOG0000650	0.00147369	0.00150211	0.00183197	0.00268218	0.00169918	2.34139e-05	
N0.HOG0000651	2.66039e-28	3.13405e-24	3.68888e-21	3.69824e-18	1.79768e-15	1.19906e-13	
N0.HOG0000652	3.25926e-06	3.39555e-06	4.91229e-06	7.69938e-06	2.41894e-06	3.88519e-09	
N0.HOG0000653	7.34259e-15	1.98495e-11	3.66669e-09	1.14618e-07	6.84692e-07	5.84018e-08	
N0.HOG0000654	1.11086e-09	1.24349e-09	3.90361e-09	1.23631e-07	1.04885e-06	7.96798e-08	
N0.HOG0000655	6.01641e-08	6.27967e-08	9.58025e-08	2.15593e-07	1.59285e-07	1.95286e-09	
N0.HOG0000656	1.15402e-21	1.06158e-16	4.21772e-14	8.11129e-12	4.54021e-10	6.58208e-10	
N0.HOG0000657	7.75578e-15	3.05599e-13	1.85093e-11	6.18381e-10	4.17633e-09	7.23838e-10	
N0.HOG0000658	6.98742e-15	7.87389e-15	2.71017e-14	6.55105e-13	3.14119e-11	9.9309e-11	
N0.HOG0000660	7.06034e-44	5.67317e-34	6.11611e-29	2.00906e-24	8.25822e-20	3.19555e-15	
N0.HOG0000662	2.21837e-20	2.57061e-16	2.26793e-13	5.05174e-11	1.69056e-09	3.14139e-09	
N0.HOG0000664	2.0503e-11	2.21088e-11	4.85019e-11	3.64249e-10	2.14586e-09	6.16292e-10	
N0.HOG0000665	0.0798274	0.0793239	0.073089	0.0480218	0.0108988	5.62191e-05	
N0.HOG0000666	2.61827e-18	1.37209e-13	2.60024e-11	7.21622e-10	3.49004e-09	1.83618e-10	
N0.HOG0000667	1.45103e-38	7.29201e-29	6.20266e-24	1.07243e-19	1.46904e-15	2.01544e-12	
N0.HOG0000668	1.43054e-16	4.70346e-15	1.74743e-13	1.00456e-11	3.34704e-10	3.92397e-10	
N0.HOG0000669	1.71119e-10	1.77849e-10	2.76655e-10	1.15895e-09	8.67234e-09	1.29159e-08	
N0.HOG0000670	1.51465e-21	1.33506e-16	3.49971e-14	2.67384e-12	6.77443e-11	6.51836e-11	
N0.HOG0000671	6.01661e-08	6.34094e-08	1.08108e-07	3.45316e-07	4.08966e-07	7.93968e-09	
N0.HOG0000672	7.34259e-15	1.98495e-11	3.66669e-09	1.14618e-07	6.84692e-07	5.84018e-08	
N0.HOG0000674	2.72043e-05	2.80125e-05	3.87357e-05	9.45458e-05	0.000176375	1.80391e-05	
N0.HOG0000675	9.27053e-09	9.77596e-09	1.77395e-08	1.04656e-07	8.66674e-07	9.45223e-07	
N0.HOG0000677	5.02146e-07	5.0919e-07	6.01361e-07	1.06803e-06	1.83018e-06	2.4167e-07	
N0.HOG0000678	1.14071e-15	2.07534e-14	4.4291e-13	1.46551e-11	7.23662e-10	1.58796e-09	
N0.HOG0000679	6.9955e-15	1.30966e-12	2.47239e-11	3.62316e-10	3.18219e-09	7.99387e-10	
N0.HOG0000680	3.49817e-14	9.38754e-12	3.18276e-10	4.42541e-09	9.24473e-09	7.21942e-10	
N0.HOG0000681	9.00858e-22	3.96571e-20	7.49125e-18	4.39861e-15	1.21408e-12	7.61844e-12	
N0.HOG0000682	3.793e-13	1.35685e-12	8.69423e-11	3.02006e-09	2.2836e-08	2.73064e-09	
N0.HOG0000683	1.35545e-16	3.73743e-13	8.04526e-11	4.40375e-09	7.03446e-08	2.43367e-08	
N0.HOG0000685	1.15517e-16	3.53172e-14	4.12189e-12	4.05317e-10	8.70908e-09	1.50078e-08	
N0.HOG0000686	5.21382e-15	1.9254e-12	2.26373e-10	2.23064e-08	4.77664e-07	7.9599e-07	
N0.HOG0000688	2.72054e-05	2.83563e-05	4.44333e-05	0.000137705	0.000238895	9.10712e-06	
N0.HOG0000689	1.11069e-09	1.18897e-09	2.37853e-09	1.20821e-08	3.19262e-08	2.38818e-09	
N0.HOG0000690	8.8061e-22	6.57405e-17	1.85827e-14	1.98918e-12	1.10446e-10	3.38317e-10	
N0.HOG0000691	0.00147357	0.00146677	0.00138127	0.00100941	0.000315271	3.54396e-06	
N0.HOG0000694	2.1517e-32	3.54823e-28	6.20403e-24	6.04002e-20	5.6928e-16	1.00652e-12	
N0.HOG0000695	2.35799e-34	8.48477e-28	1.94165e-23	1.58831e-19	4.52516e-16	1.59181e-13	
N0.HOG0000696	0.00147369	0.00150284	0.00184674	0.00284409	0.00218856	5.81642e-05	
N0.HOG0000697	1.44846e-15	2.17973e-12	4.11202e-10	1.12132e-08	5.62357e-08	3.50694e-08	
N0.HOG0000700	7.34252e-15	1.94341e-11	3.38462e-09	8.65787e-08	3.89871e-07	2.48211e-08	
N0.HOG0000701	1.11068e-09	1.18637e-09	2.32299e-09	1.14298e-08	3.0685e-08	2.6331e-09	
N0.HOG0000703	1.98707e-17	2.13565e-17	4.90541e-17	7.89131e-16	6.24082e-14	2.3764e-12	
N0.HOG0000705	1.71117e-10	1.77132e-10	2.6233e-10	9.10139e-10	4.63859e-09	2.86281e-09	
N0.HOG0000706	1.59232e-22	6.51542e-17	2.34069e-13	1.77079e-10	4.0399e-08	1.24491e-06	
N0.HOG0000707	0.00147358	0.00147011	0.0014242	0.00117418	0.000469273	7.04902e-06	
N0.HOG0000708	4.18144e-34	3.29645e-24	2.65485e-19	2.52121e-15	6.58643e-12	3.00384e-09	
N0.HOG0000709	7.0022e-15	1.31455e-14	2.83313e-13	8.06511e-12	6.08585e-11	3.75758e-11	
N0.HOG0000710	2.05055e-11	2.28929e-11	7.00976e-11	1.00949e-09	1.41929e-08	5.10776e-09	
N0.HOG0000711	5.02005e-34	5.46416e-27	6.29294e-23	3.8982e-19	1.00168e-15	6.48716e-13	
N0.HOG0000712	2.05282e-11	3.6787e-09	5.10158e-08	2.6567e-07	4.02707e-07	8.10114e-09	
N0.HOG0000713	6.0243e-08	1.07009e-05	0.000132926	0.000429984	0.000214138	5.27924e-07	
N0.HOG0000714	5.90953e-12	1.76998e-09	3.13673e-08	3.25134e-07	1.37479e-06	2.01004e-07	
N0.HOG0000715	9.27571e-09	4.74858e-08	6.15212e-07	2.43879e-06	2.36897e-06	4.07445e-07	
N0.HOG0000716	1.10315e-15	9.43088e-15	2.21173e-13	1.62872e-11	5.54748e-10	1.58096e-09	
N0.HOG0000720	0.000176533	0.000174907	0.000155077	8.24998e-05	8.38856e-06	6.20356e-09	
N0.HOG0000721	2.7202e-05	2.73582e-05	2.9233e-05	3.51235e-05	2.8828e-05	1.36682e-06	
N0.HOG0000722	6.26797e-23	5.57192e-18	1.62131e-15	1.93597e-13	1.50055e-11	1.33792e-10	
N0.HOG0000723	5.83558e-14	3.1681e-13	7.57868e-12	1.58679e-10	1.62193e-09	6.05872e-09	
N0.HOG0000724	6.0165e-08	6.30595e-08	9.86863e-08	2.19545e-07	1.55161e-07	2.00652e-09	
N0.HOG0000726	2.72054e-05	2.83563e-05	4.44333e-05	0.000137705	0.000238895	9.10712e-06	
N0.HOG0000727	2.72021e-05	2.73826e-05	2.95776e-05	3.70082e-05	3.17729e-05	1.31996e-06	
N0.HOG0000728	6.48945e-23	6.17758e-19	1.82958e-16	1.46288e-14	2.85822e-13	3.98397e-13	
N0.HOG0000729	2.72021e-05	2.73594e-05	2.92513e-05	3.5244e-05	2.91756e-05	1.41477e-06	
N0.HOG0000730	3.25933e-06	3.41584e-06	5.32757e-06	1.12163e-05	5.92368e-06	3.25148e-08	
N0.HOG0000731	3.76011e-15	1.74982e-11	2.96246e-09	6.66085e-08	2.55892e-07	2.01202e-08	
N0.HOG0000732	2.07776e-37	1.21647e-28	9.78848e-23	2.83252e-18	1.7811e-14	2.03151e-11	
N0.HOG0000733	1.10591e-24	1.00228e-19	3.6853e-17	1.05301e-14	3.66932e-12	1.62923e-10	
N0.HOG0000734	3.78528e-13	4.25669e-13	1.42945e-12	3.07569e-11	9.0413e-10	7.96836e-10	
N0.HOG0000735	1.9871e-17	2.14502e-17	5.20969e-17	1.08242e-15	1.59066e-13	1.8103e-11	
N0.HOG0000737	1.43167e-16	6.03683e-15	4.40884e-13	1.88402e-11	2.26973e-10	9.61228e-11	
N0.HOG0000738	4.58089e-19	1.50529e-16	6.83748e-15	1.15294e-12	1.63954e-10	8.47556e-10	
N0.HOG0000739	1.1742e-11	3.48094e-09	5.86239e-08	5.56362e-07	2.13618e-06	2.08029e-07	
N0.HOG0000740	1.22499e-34	3.65395e-27	5.86708e-23	1.02715e-18	1.0196e-14	5.23663e-12	
N0.HOG0000741	1.88999e-13	6.34504e-11	2.27938e-09	3.8689e-08	1.46221e-07	1.32714e-08	
N0.HOG0000742	9.64366e-67	1.97057e-44	2.15212e-33	2.27516e-25	4.33371e-19	1.24406e-13	
N0.HOG0000743	2.72042e-05	2.79938e-05	3.83254e-05	8.76107e-05	0.000126622	5.36922e-06	
N0.HOG0000744	1.50942e-44	3.40446e-32	2.96487e-26	9.15037e-22	7.01921e-18	6.58464e-15	
N0.HOG0000745	0.0798274	0.0793239	0.073089	0.0480218	0.0108988	5.62191e-05	
N0.HOG0000746	4.21894e-15	1.37402e-12	4.89526e-11	1.69918e-09	1.96056e-08	3.89378e-09	
N0.HOG0000747	1.32112e-11	3.96411e-09	7.20773e-08	8.82818e-07	8.27723e-06	4.62512e-05	
N0.HOG0000748	0.00147357	0.00146774	0.00139369	0.00105657	0.000357719	4.41484e-06	
N0.HOG0000749	1.35388e-16	2.23227e-15	8.61486e-14	8.00715e-12	5.8754e-10	1.72288e-09	
N0.HOG0000750	3.92494e-18	1.28855e-15	5.74644e-14	5.44837e-12	2.77183e-10	9.28542e-10	
N0.HOG0000751	1.79682e-10	2.73419e-09	4.41401e-08	4.27984e-07	1.70939e-06	2.28144e-07	
N0.HOG0000753	3.7853e-13	4.26273e-13	1.44424e-12	2.97932e-11	9.434e-10	8.96418e-10	
N0.HOG0000755	0.0798274	0.0793239	0.073089	0.0480218	0.0108988	5.62191e-05	
N0.HOG0000756	0.00147368	0.00149809	0.00178514	0.00259529	0.00191527	4.87343e-05	
N0.HOG0000757	8.79153e-10	2.6342e-07	4.70239e-06	5.25083e-05	0.000362632	0.000814061	
N0.HOG0000760	4.2181e-15	1.30332e-12	3.30158e-11	1.07738e-09	2.16969e-08	8.32712e-09	
N0.HOG0000761	1.4356e-31	1.85934e-27	5.73818e-24	5.56113e-20	6.21014e-16	5.55545e-13	
N0.HOG0000762	3.19935e-22	1.88372e-17	4.14694e-15	2.2552e-13	6.58435e-12	2.65909e-11	
N0.HOG0000763	3.7843e-13	3.95576e-13	6.61221e-13	3.36635e-12	1.74759e-11	4.12574e-12	
N0.HOG0000764	1.32468e-10	4.02296e-08	7.96053e-07	6.94931e-06	9.176e-06	3.80532e-07	
N0.HOG0000765	1.41399e-24	1.26197e-19	3.98608e-17	9.43394e-15	3.63639e-12	1.05189e-10	
N0.HOG0000766	4.60803e-15	1.41566e-12	3.36069e-11	9.2935e-10	2.44137e-08	1.75131e-07	
N0.HOG0000767	4.428e-11	1.35578e-08	3.05051e-07	5.89795e-06	4.59279e-05	9.34004e-06	
N0.HOG0000768	2.23716e-21	4.59557e-19	1.74188e-17	1.6843e-15	1.89978e-13	3.59406e-12	
N0.HOG0000769	2.80945e-27	3.14877e-23	3.13603e-20	7.05124e-17	1.27848e-13	1.3026e-11	
N0.HOG0000770	4.11726e-104	4.46308e-67	1.5995e-49	7.70979e-37	2.33102e-26	6.41912e-18	
N0.HOG0000771	4.75744e-29	5.92162e-25	1.20919e-21	4.33992e-18	9.69826e-15	6.31076e-13	
N0.HOG0000772	1.71129e-10	1.80917e-10	3.36538e-10	2.12498e-09	2.10596e-08	2.73434e-08	
N0.HOG0000773	7.75578e-15	3.05599e-13	1.85093e-11	6.18381e-10	4.17633e-09	7.23838e-10	
N0.HOG0000774	5.62046e-34	9.77536e-26	4.86339e-21	2.06339e-17	2.53969e-14	2.72273e-12	
N0.HOG0000775	5.97939e-14	2.66492e-12	5.24483e-10	1.97123e-08	1.02562e-07	3.04691e-08	
N0.HOG0000776	1.00505e-13	3.10267e-11	7.324e-10	1.47327e-08	1.68826e-07	9.11655e-08	
N0.HOG0000777	0.00147369	0.00150284	0.00184674	0.00284409	0.00218856	5.81642e-05	
N0.HOG0000778	0.0798274	0.0793239	0.073089	0.0480218	0.0108988	5.62191e-05	
N0.HOG0000779	3.68486e-56	5.9124e-34	1.31596e-23	1.12103e-16	9.53722e-12	3.25543e-09	
N0.HOG0000780	1.29141e-16	2.51264e-14	6.42247e-13	2.60149e-11	9.29222e-10	1.4836e-09	
N0.HOG0000782	0.0798274	0.0793239	0.073089	0.0480218	0.0108988	5.62191e-05	
N0.HOG0000784	2.72021e-05	2.73826e-05	2.95776e-05	3.70082e-05	3.17729e-05	1.31996e-06	
N0.HOG0000785	2.79051e-16	8.49882e-14	1.85611e-12	4.72876e-11	1.42307e-09	3.97881e-09	
N0.HOG0000786	5.022e-07	5.25274e-07	8.60281e-07	3.26649e-06	9.56105e-06	1.01642e-06	
N0.HOG0000787	1.03487e-15	3.08188e-13	5.26473e-12	6.74185e-11	9.01388e-10	1.61917e-09	
N0.HOG0000788	4.34155e-15	1.30283e-12	2.37225e-11	2.95052e-10	3.13692e-09	2.85251e-08	
N0.HOG0000789	7.49016e-17	2.3446e-14	6.88297e-13	3.54433e-11	1.49976e-09	2.14129e-09	
N0.HOG0000790	1.51339e-34	3.68718e-26	3.46259e-21	3.28881e-17	8.54712e-14	9.84489e-12	
N0.HOG0000791	4.88791e-20	3.1406e-18	9.6938e-16	1.8182e-13	8.62688e-12	5.11129e-11	
N0.HOG0000792	4.84934e-38	1.39044e-30	1.68915e-26	2.39566e-22	3.5589e-18	8.2963e-15	
N0.HOG0000793	3.23718e-12	2.69993e-11	4.76876e-10	7.76177e-09	8.45311e-08	4.4219e-08	
N0.HOG0000794	2.34238e-17	1.15695e-14	2.28809e-12	1.10701e-10	2.21723e-09	2.79275e-09	
N0.HOG0000795	5.98583e-14	5.3673e-13	1.13787e-11	3.09138e-10	7.57783e-09	3.28356e-08	
N0.HOG0000796	5.91185e-26	9.64466e-22	4.096e-18	4.9896e-15	9.2337e-13	8.31053e-12	
N0.HOG0000800	6.16985e-14	1.21767e-12	4.73925e-11	1.39648e-09	1.94632e-08	2.34633e-08	
N0.HOG0000802	0.00147361	0.00147831	0.00152904	0.00156859	0.00081217	1.2892e-05	
N0.HOG0000803	6.98776e-15	7.9881e-15	3.22839e-14	1.45302e-12	1.44871e-10	6.17882e-10	
N0.HOG0000804	1.16771e-11	3.42488e-09	4.84278e-08	2.78367e-07	5.9523e-07	3.52284e-08	
N0.HOG0000805	1.75613e-10	1.55161e-09	3.08707e-08	6.29474e-07	7.2665e-06	6.54762e-06	
N0.HOG0000806	1.13902e-15	2.31129e-14	1.2251e-12	8.89093e-11	4.20165e-09	2.45692e-08	
N0.HOG0000808	2.36793e-35	1.43719e-29	2.84893e-25	5.33286e-21	9.11213e-17	3.98539e-13	
N0.HOG0000809	4.87926e-20	2.06019e-18	3.23396e-16	1.00393e-13	9.91094e-12	1.02966e-10	
N0.HOG0000810	2.72043e-05	2.80075e-05	3.86343e-05	9.28996e-05	0.000163089	1.33381e-05	
N0.HOG0000811	4.02499e-19	1.15128e-17	3.37192e-16	3.37935e-14	7.41607e-12	6.58917e-10	
N0.HOG0000812	2.72193e-05	3.23849e-05	9.51779e-05	0.00031503	0.000362019	1.0237e-05	
N0.HOG0000813	2.60505e-28	1.03098e-22	3.97066e-19	3.09133e-16	1.2705e-13	7.32369e-12	
N0.HOG0000814	4.49791e-34	1.10476e-26	5.73883e-22	1.09951e-17	4.55528e-14	2.33618e-12	
N0.HOG0000815	2.09931e-17	5.37694e-16	6.24241e-14	8.49053e-12	7.56754e-10	4.27993e-09	
N0.HOG0000817	4.1069e-19	1.41572e-17	4.20925e-16	3.19049e-14	5.95561e-12	2.64681e-10	
N0.HOG0000820	8.4007e-24	7.65669e-19	2.95703e-16	8.48739e-14	2.15174e-11	4.26571e-10	
N0.HOG0000821	4.76222e-08	1.3904e-05	0.000186108	0.00088659	0.00180587	0.000786838	
N0.HOG0000822	2.72193e-05	3.23849e-05	9.51779e-05	0.00031503	0.000362019	1.0237e-05	
N0.HOG0000824	1.03881e-11	3.0516e-09	4.40386e-08	2.81339e-07	8.48396e-07	1.41238e-07	
N0.HOG0000825	1.71204e-10	2.03277e-10	7.60089e-10	8.53053e-09	8.78063e-08	4.89505e-08	
N0.HOG0000826	2.8792e-37	2.1919e-27	1.43352e-22	1.54404e-18	3.71675e-15	1.22251e-12	
N0.HOG0000829	5.02133e-07	5.05545e-07	5.48949e-07	7.42171e-07	9.28074e-07	1.02367e-07	
N0.HOG0000832	2.38488e-31	4.69238e-23	2.36463e-18	1.01378e-14	1.55923e-11	7.33495e-09	
N0.HOG0000834	9.81355e-41	3.20946e-31	8.59335e-25	9.07395e-20	1.35734e-15	7.09746e-13	
N0.HOG0000835	1.7113e-10	1.81167e-10	3.44119e-10	2.38118e-09	2.44142e-08	1.98934e-08	
N0.HOG0000836	1.08977e-27	1.13442e-23	1.27018e-20	3.68206e-17	7.59368e-14	7.43385e-12	
N0.HOG0000837	6.40083e-17	1.94612e-14	4.21344e-13	1.22924e-11	5.07858e-10	9.57647e-10	
N0.HOG0000838	0.00956325	0.00944302	0.00801938	0.00349751	0.000212105	5.56737e-08	
N0.HOG0000839	0.0798274	0.0793239	0.073089	0.0480218	0.0108988	5.62191e-05	
N0.HOG0000840	0.00147361	0.00147831	0.00152904	0.00156859	0.00081217	1.2892e-05	
N0.HOG0000841	7.90248e-17	2.43806e-14	6.14779e-13	2.25564e-11	7.71584e-10	1.24018e-09	
N0.HOG0000842	3.15881e-12	3.30312e-12	5.54239e-12	3.19467e-11	4.79223e-10	2.29309e-09	
N0.HOG0000843	1.07702e-15	1.33107e-15	7.55653e-15	3.1192e-13	3.1176e-11	1.11347e-09	
N0.HOG0000844	1.71105e-10	1.73635e-10	2.07547e-10	4.07815e-10	1.09097e-09	4.83055e-10	
N0.HOG0000845	0.00147358	0.00147112	0.00143705	0.00122055	0.000503005	7.10707e-06	
N0.HOG0000846	4.0036e-17	1.24189e-14	3.31068e-13	1.40691e-11	7.19812e-10	4.83001e-09	
N0.HOG0000848	2.2073e-13	6.59308e-11	1.15137e-09	1.32269e-08	7.90873e-08	1.38861e-08	
N0.HOG0000849	5.83159e-14	6.29608e-14	1.52965e-13	3.00591e-12	2.73769e-10	6.58858e-09	
N0.HOG0000850	6.57567e-17	2.31531e-13	4.42011e-11	1.75274e-09	2.20273e-08	1.4411e-08	
N0.HOG0000851	5.50238e-32	1.20474e-24	2.44379e-20	1.78326e-16	4.50638e-13	6.06411e-11	
N0.HOG0000852	3.15903e-12	3.37171e-12	7.09261e-12	7.69978e-11	2.20786e-09	6.62427e-09	
N0.HOG0000853	9.27522e-09	1.11521e-08	3.74043e-08	2.2099e-07	9.40583e-07	2.1436e-07	
N0.HOG0000854	4.10527e-19	1.74244e-17	2.48756e-15	5.08371e-13	6.73252e-11	6.15614e-10	
N0.HOG0000855	9.27248e-09	1.0357e-08	2.76194e-08	1.83505e-07	7.21592e-07	1.14358e-07	
N0.HOG0000856	2.72034e-05	2.77554e-05	3.42852e-05	5.35176e-05	4.18429e-05	1.07719e-06	
N0.HOG0000857	1.25576e-39	6.29702e-29	4.04816e-23	8.08787e-19	3.05561e-15	9.60001e-13	
N0.HOG0000858	1.06792e-28	2.69014e-21	1.11347e-16	1.9432e-13	3.64135e-11	9.28689e-11	
N0.HOG0000859	1.76531e-17	5.30798e-15	1.04239e-13	1.99694e-12	3.05812e-11	6.57189e-11	
N0.HOG0000860	0.00147369	0.00150211	0.00183197	0.00268218	0.00169918	2.34139e-05	
N0.HOG0000862	1.71169e-10	1.92707e-10	5.25929e-10	3.35039e-09	1.47461e-08	8.00145e-09	
N0.HOG0000863	1.43377e-18	4.30539e-16	1.02012e-14	1.52473e-12	3.42741e-10	1.49812e-08	
N0.HOG0000864	9.26994e-09	9.59731e-09	1.41957e-08	4.64654e-08	1.73551e-07	5.04276e-08	
N0.HOG0000865	1.1325e-15	2.74665e-14	2.52698e-12	1.31205e-10	2.47283e-09	1.52318e-09	
N0.HOG0000866	2.72015e-05	2.71939e-05	2.70558e-05	2.5384e-05	1.47576e-05	5.08788e-07	
N0.HOG0000867	1.3652e-20	2.15513e-17	6.57549e-15	5.91375e-13	1.62342e-11	1.49401e-10	
N0.HOG0000871	2.72034e-05	2.77507e-05	3.45624e-05	6.15624e-05	7.66529e-05	5.4391e-06	
N0.HOG0000872	5.2346e-15	1.56844e-12	2.8001e-11	3.13597e-10	2.2926e-09	9.2404e-09	
N0.HOG0000875	3.78528e-13	4.259e-13	1.43528e-12	3.05267e-11	9.52897e-10	1.21548e-09	
N0.HOG0000876	2.44716e-16	7.58409e-14	1.99596e-12	7.85455e-11	3.02375e-09	7.63456e-09	
N0.HOG0000877	1.21803e-17	1.05678e-12	2.33632e-10	1.13001e-08	1.58387e-07	5.82756e-08	
N0.HOG0000879	0.00147361	0.00147831	0.00152904	0.00156859	0.00081217	1.2892e-05	
N0.HOG0000880	0.0798274	0.0793239	0.073089	0.0480218	0.0108988	5.62191e-05	
N0.HOG0000881	2.38393e-18	4.51875e-16	1.19983e-14	5.5549e-13	3.11605e-11	9.18479e-11	
N0.HOG0000882	4.38945e-42	6.63894e-32	7.01975e-25	8.2377e-20	1.11338e-15	8.01318e-13	
N0.HOG0000883	1.98925e-17	6.03437e-15	3.51381e-13	1.01359e-11	7.79607e-11	7.25052e-11	
N0.HOG0000884	2.0965e-17	4.13143e-16	2.73625e-14	3.96826e-12	5.22413e-10	8.8662e-09	
N0.HOG0000885	3.33254e-12	6.22233e-11	2.22774e-09	4.62341e-08	2.83986e-07	6.2373e-08	
N0.HOG0000886	3.26941e-19	1.92146e-16	2.5164e-14	1.83248e-12	6.12766e-11	3.67619e-10	
N0.HOG0000887	4.51919e-44	8.48554e-27	1.01093e-18	2.76848e-13	1.61406e-09	4.20313e-08	
N0.HOG0000888	3.05542e-27	2.86513e-22	1.52886e-19	1.20459e-16	1.56064e-13	4.03481e-11	
N0.HOG0000889	6.85676e-33	8.71864e-29	2.40138e-25	2.87372e-21	3.49479e-17	7.62808e-14	
N0.HOG0000890	5.9092e-12	1.74225e-09	2.62492e-08	1.93514e-07	7.10647e-07	1.49664e-07	
N0.HOG0000891	0.00147368	0.00149809	0.00178514	0.00259529	0.00191527	4.87343e-05	
N0.HOG0000892	5.21382e-15	1.9254e-12	2.26373e-10	2.23064e-08	4.77664e-07	7.9599e-07	
N0.HOG0000893	0.00147361	0.00147857	0.00153306	0.00159638	0.000878332	1.74358e-05	
N0.HOG0000894	1.57273e-32	2.16991e-27	1.1874e-23	1.45399e-19	9.48282e-16	2.84184e-13	
N0.HOG0000895	3.83794e-20	1.18449e-17	3.06405e-16	1.72115e-14	2.85399e-12	5.92993e-11	
N0.HOG0000896	2.05081e-11	2.36856e-11	8.67477e-11	1.07353e-09	5.26563e-09	6.24135e-10	
N0.HOG0000897	0.00147361	0.00147831	0.00152904	0.00156859	0.00081217	1.2892e-05	
N0.HOG0000898	7.66023e-23	6.90274e-18	2.35746e-15	4.85387e-13	7.64958e-11	7.13602e-10	
N0.HOG0000899	6.36463e-24	5.6076e-19	1.98707e-16	5.22456e-14	1.8413e-11	8.56205e-10	
N0.HOG0000900	6.86629e-19	1.06661e-15	2.3897e-13	1.17624e-11	1.7047e-10	6.43893e-10	
N0.HOG0000901	2.10853e-17	5.12173e-16	4.08401e-14	3.07645e-12	1.14695e-10	2.64029e-10	
N0.HOG0000902	2.58854e-20	3.37409e-14	1.02957e-10	2.74793e-08	8.95318e-07	3.55835e-07	
N0.HOG0000903	1.75602e-10	1.5222e-09	2.45369e-08	2.79827e-07	1.70582e-06	8.68327e-07	
N0.HOG0000904	0.00147358	0.00146931	0.00141382	0.00113299	0.000426369	5.75099e-06	
N0.HOG0000905	0.000176559	0.000182219	0.000241989	0.000308886	6.76221e-05	9.61308e-08	
N0.HOG0000906	9.0688e-32	1.35025e-27	7.7225e-24	5.42935e-20	1.41855e-16	6.19156e-14	
N0.HOG0000907	2.7202e-05	2.73534e-05	2.91574e-05	3.4523e-05	2.67407e-05	1.03894e-06	
N0.HOG0000908	2.05295e-11	5.74433e-11	1.48581e-09	3.58143e-08	2.59032e-07	1.34419e-08	
N0.HOG0000909	3.06925e-25	1.32318e-23	2.52722e-21	3.53655e-18	4.35033e-15	1.21995e-12	
N0.HOG0000910	5.02168e-07	5.15651e-07	6.90527e-07	1.54729e-06	2.86216e-06	3.00315e-07	
N0.HOG0000911	9.26927e-09	9.39896e-09	1.11291e-08	2.10811e-08	5.09945e-08	1.56046e-08	
N0.HOG0000912	5.02137e-07	5.06798e-07	5.66034e-07	8.29412e-07	1.1036e-06	1.20463e-07	
N0.HOG0000913	9.27051e-09	9.76959e-09	1.76028e-08	1.02433e-07	8.00132e-07	4.76454e-07	
N0.HOG0000914	5.02124e-07	5.02839e-07	5.11312e-07	5.33566e-07	4.27013e-07	3.23242e-08	
N0.HOG0000915	1.85538e-15	5.83965e-13	1.7093e-11	6.43365e-10	1.84325e-08	4.4816e-08	
N0.HOG0000917	2.00616e-50	1.10948e-30	1.95645e-21	3.82831e-15	1.7277e-10	3.39072e-07	
N0.HOG0000920	1.1368e-15	1.92267e-14	3.32952e-13	5.50592e-12	1.09438e-10	2.4573e-10	
N0.HOG0000922	7.57542e-20	6.58565e-15	1.50026e-12	8.83818e-11	2.30433e-09	3.22243e-09	
N0.HOG0000923	5.0214e-07	5.07658e-07	5.8063e-07	9.60326e-07	1.5285e-06	1.59865e-07	
N0.HOG0000924	0.00147369	0.00150211	0.00183197	0.00268218	0.00169918	2.34139e-05	
N0.HOG0000926	2.72015e-05	2.71939e-05	2.70558e-05	2.5384e-05	1.47576e-05	5.08788e-07	
N0.HOG0000927	3.24181e-12	2.89215e-11	6.47518e-10	2.09255e-08	5.85606e-07	2.03124e-06	
N0.HOG0000928	6.37909e-28	2.20486e-20	3.26313e-16	5.55666e-13	1.38649e-10	9.98922e-10	
N0.HOG0000929	5.60926e-15	1.70434e-12	3.60265e-11	7.60671e-10	1.35714e-08	1.72111e-08	
N0.HOG0000930	1.83855e-19	1.59319e-14	3.49562e-12	1.82927e-10	4.31304e-09	7.38639e-09	
N0.HOG0000931	0.0798274	0.0793239	0.073089	0.0480218	0.0108988	5.62191e-05	
N0.HOG0000932	8.69952e-36	1.80037e-28	1.36647e-23	1.54195e-19	5.86356e-16	4.841e-13	
N0.HOG0000933	3.03905e-13	8.97916e-11	1.38942e-09	1.15894e-08	5.89884e-08	2.3134e-08	
N0.HOG0000934	1.07697e-15	1.31402e-15	6.16028e-15	1.18519e-13	3.40497e-12	1.59129e-11	
N0.HOG0000935	2.39665e-28	6.05764e-21	1.77158e-17	4.80474e-15	4.68802e-13	5.1002e-12	
N0.HOG0000936	0.00147361	0.00147857	0.00153306	0.00159638	0.000878332	1.74358e-05	
N0.HOG0000938	4.22819e-31	1.17977e-23	8.09184e-20	1.20475e-16	8.59616e-14	8.55263e-12	
N0.HOG0000939	2.5623e-17	9.07668e-15	4.55492e-13	2.0447e-11	5.93437e-10	1.48605e-09	
N0.HOG0000941	1.77184e-27	1.83334e-22	8.44709e-19	1.11199e-15	6.86297e-13	2.97797e-11	
N0.HOG0000942	3.15885e-12	3.31595e-12	5.81341e-12	3.71807e-11	4.74908e-10	7.09957e-10	
N0.HOG0000943	5.83291e-14	6.7091e-14	2.98832e-13	2.24116e-11	7.29826e-10	2.66863e-09	
N0.HOG0000944	1.7113e-10	1.81296e-10	3.4838e-10	2.62114e-09	3.77595e-08	1.03468e-07	
N0.HOG0000945	6.50421e-41	1.92943e-30	1.20611e-24	3.55664e-20	3.17786e-16	3.30428e-13	
N0.HOG0000946	0.0798274	0.0793239	0.073089	0.0480218	0.0108988	5.62191e-05	
N0.HOG0000947	2.96945e-41	8.29394e-34	7.91489e-30	1.50451e-25	1.58571e-20	5.59286e-16	
N0.HOG0000948	1.90579e-23	1.09592e-17	2.71873e-14	6.25174e-12	3.21474e-10	9.1232e-10	
N0.HOG0000949	1.10172e-37	1.43301e-26	1.23949e-20	4.15275e-16	2.68107e-12	1.46232e-09	
N0.HOG0000950	5.02162e-07	5.13856e-07	6.64625e-07	1.37873e-06	2.3212e-06	2.17324e-07	
N0.HOG0000953	1.16774e-11	3.46039e-09	5.48207e-08	4.24259e-07	1.11604e-06	5.21768e-08	
N0.HOG0000954	2.17594e-13	6.55413e-11	1.32334e-09	2.30589e-08	2.5481e-07	1.2149e-07	
N0.HOG0000955	1.54359e-33	4.2501e-26	3.0412e-22	9.23219e-19	2.04371e-15	5.4325e-13	
N0.HOG0000956	4.20191e-13	1.6963e-11	1.26017e-09	4.77551e-08	1.91557e-07	9.8503e-09	
N0.HOG0000957	1.0764e-15	1.14102e-15	2.28095e-15	3.02791e-14	2.29829e-12	2.73027e-11	
N0.HOG0000958	1.17481e-13	3.5211e-11	6.35325e-10	7.78403e-09	5.64872e-08	2.54874e-08	
N0.HOG0000961	0.0798274	0.0793239	0.073089	0.0480218	0.0108988	5.62191e-05	
N0.HOG0000962	3.2294e-12	2.46654e-11	4.35237e-10	7.49854e-09	9.5185e-08	1.0758e-07	
N0.HOG0000963	3.49736e-21	7.78293e-15	2.01018e-11	3.43628e-09	8.34304e-08	3.65993e-08	
N0.HOG0000964	7.51459e-14	2.22325e-11	3.49782e-10	3.11686e-09	1.78658e-08	8.161e-09	
N0.HOG0000965	1.71113e-10	1.76046e-10	2.41659e-10	6.12523e-10	1.6829e-09	5.48295e-10	
N0.HOG0000966	6.02376e-08	1.63745e-07	2.48729e-06	1.49568e-05	1.72003e-05	1.21257e-07	
N0.HOG0000967	3.92565e-34	2.96102e-24	1.46487e-19	3.51648e-16	1.55717e-13	4.41026e-12	
N0.HOG0000968	1.71129e-10	1.80616e-10	3.16621e-10	1.36384e-09	6.83826e-09	4.27068e-09	
N0.HOG0000969	1.21384e-18	4.28976e-15	8.58077e-13	4.21107e-11	9.09767e-10	1.68579e-09	
N0.HOG0000972	2.13255e-18	6.69105e-16	1.04148e-13	2.40049e-11	1.74884e-09	1.5527e-08	
N0.HOG0000981	2.56099e-17	7.93994e-15	2.09991e-13	8.46449e-12	3.5441e-10	1.24042e-09	
N0.HOG0000982	5.02172e-07	5.1692e-07	7.17399e-07	1.90188e-06	4.49727e-06	5.19797e-07	
N0.HOG0000983	2.05507e-27	5.34688e-20	2.14812e-16	1.41171e-13	3.44762e-11	5.57648e-10	
N0.HOG0000984	4.17181e-22	1.69011e-18	1.20267e-15	4.64738e-13	9.24878e-11	4.05385e-09	
N0.HOG0000985	0.00147358	0.00147125	0.00143885	0.00123069	0.000522969	8.34011e-06	
N0.HOG0000986	1.80447e-10	2.96068e-09	4.77179e-08	4.57593e-07	1.94286e-06	4.08826e-07	
N0.HOG0000987	0.0798274	0.0793239	0.073089	0.0480218	0.0108988	5.62191e-05	
N0.HOG0000988	0.0798274	0.0793239	0.073089	0.0480218	0.0108988	5.62191e-05	
N0.HOG0000990	3.25923e-06	3.3868e-06	4.89566e-06	8.89935e-06	4.1334e-06	1.99397e-08	
N0.HOG0000991	0.000176532	0.000174664	0.0001522	7.51484e-05	6.53128e-06	3.94885e-09	
N0.HOG0000992	2.82426e-32	7.29143e-25	4.72808e-21	1.55963e-17	6.1354e-14	5.71601e-11	
N0.HOG0000993	2.56102e-17	7.96554e-15	2.17708e-13	9.52938e-12	4.67896e-10	2.7593e-09	
N0.HOG0000994	0.00147358	0.00147125	0.00143885	0.00123069	0.000522969	8.34011e-06	
N0.HOG0000995	5.83127e-14	6.19493e-14	1.23396e-13	1.11842e-12	2.71023e-11	1.44491e-10	
N0.HOG0000996	1.7112e-10	1.77982e-10	2.78952e-10	1.17745e-09	7.95032e-09	6.49892e-09	
N0.HOG0000997	0.0798274	0.0793239	0.073089	0.0480218	0.0108988	5.62191e-05	
N0.HOG0000998	1.59943e-21	1.39348e-16	3.26626e-14	2.23401e-12	9.2756e-11	3.65729e-10	
N0.HOG0000999	2.00061e-28	5.17393e-21	1.96288e-17	1.19793e-14	3.18696e-12	6.98411e-11	
N0.HOG0001000	1.58017e-20	1.48138e-15	6.79594e-13	1.3226e-10	6.75146e-09	1.76086e-07	
N0.HOG0001002	1.7665e-25	1.58056e-20	5.01375e-18	8.77616e-16	1.65629e-13	8.36593e-12	
N0.HOG0001003	6.02376e-08	1.63758e-07	2.49203e-06	1.52649e-05	1.91165e-05	1.81294e-07	
N0.HOG0001004	2.24069e-20	7.94589e-17	1.65985e-14	9.93537e-13	3.56112e-11	1.75829e-10	
N0.HOG0001005	0.00147358	0.00147125	0.00143885	0.00123069	0.000522969	8.34011e-06	
N0.HOG0001006	5.02135e-07	5.06108e-07	5.57623e-07	8.11159e-07	1.21353e-06	1.57908e-07	
N0.HOG0001007	3.25973e-06	3.53764e-06	7.70335e-06	3.04344e-05	3.33853e-05	2.19868e-07	
N0.HOG0001008	1.79788e-10	3.19214e-09	1.2239e-07	2.30163e-06	1.0019e-05	9.45284e-07	
N0.HOG0001009	3.29407e-17	2.81386e-12	5.17695e-10	1.32767e-08	7.38796e-08	1.58856e-08	
N0.HOG0001010	3.51839e-25	2.073e-19	6.61272e-16	3.235e-13	4.64704e-11	3.6988e-10	
N0.HOG0001011	1.40964e-35	1.10233e-25	8.30604e-21	8.39413e-17	3.77335e-13	1.48841e-10	
N0.HOG0001012	3.35962e-25	9.51387e-18	8.29991e-14	1.84065e-10	6.06852e-08	1.96823e-07	
N0.HOG0001013	2.72042e-05	2.79988e-05	3.8426e-05	8.91632e-05	0.000136937	7.26159e-06	
N0.HOG0001014	0.00147357	0.00146774	0.00139369	0.00105657	0.000357719	4.41484e-06	
N0.HOG0001015	0.00147361	0.00147831	0.00152904	0.00156859	0.00081217	1.2892e-05	
N0.HOG0001016	0.00147361	0.00147831	0.00152904	0.00156859	0.00081217	1.2892e-05	
N0.HOG0001017	3.55436e-18	1.87217e-13	3.77219e-11	1.31333e-09	9.73752e-09	1.02887e-09	
N0.HOG0001018	1.71229e-10	8.91064e-10	1.39754e-08	1.05234e-07	2.65638e-07	1.07364e-07	
N0.HOG0001019	5.02138e-07	5.06808e-07	5.6634e-07	8.36018e-07	1.16766e-06	1.57898e-07	
N0.HOG0001020	2.7202e-05	2.73361e-05	2.89087e-05	3.30375e-05	2.35887e-05	8.10442e-07	
N0.HOG0001021	0.00147358	0.00147125	0.00143885	0.00123069	0.000522969	8.34011e-06	
N0.HOG0001022	7.74848e-15	2.43744e-13	5.79081e-12	1.13735e-10	7.25963e-10	1.99886e-10	
N0.HOG0001023	0.0798274	0.0793239	0.073089	0.0480218	0.0108988	5.62191e-05	
N0.HOG0001024	1.71147e-10	1.86126e-10	4.02232e-10	2.08895e-09	1.07035e-08	6.03407e-09	
N0.HOG0001025	4.43086e-34	5.73787e-26	4.21511e-21	6.37222e-17	3.86301e-13	2.50448e-10	
N0.HOG0001026	3.15882e-12	3.30642e-12	5.62072e-12	3.45679e-11	6.12797e-10	3.27563e-09	
N0.HOG0001027	1.43417e-15	4.35748e-13	9.26e-12	2.05458e-10	3.83407e-09	4.58376e-09	
N0.HOG0001028	9.27219e-09	1.02608e-08	2.43751e-08	1.2659e-07	4.89409e-07	1.02873e-07	
N0.HOG0001029	2.72036e-05	2.78234e-05	3.54374e-05	6.32814e-05	6.64733e-05	2.39515e-06	
N0.HOG0001030	2.38495e-31	4.71357e-23	2.48508e-18	1.20917e-14	1.987e-11	7.15314e-09	
N0.HOG0001033	1.71123e-10	1.78922e-10	2.98505e-10	1.53966e-09	1.20925e-08	7.92221e-09	
N0.HOG0001035	7.72974e-24	6.57517e-20	3.35408e-17	2.05264e-14	1.0397e-11	3.58933e-10	
N0.HOG0001036	3.15981e-12	3.60786e-12	1.2212e-11	1.95343e-10	4.36095e-09	7.49728e-09	
N0.HOG0001037	2.05298e-11	3.76124e-09	6.70654e-08	7.41605e-07	2.66131e-06	7.95581e-08	
N0.HOG0001038	0.00147369	0.00150211	0.00183197	0.00268218	0.00169918	2.34139e-05	
N0.HOG0001039	9.74519e-20	2.41673e-16	7.0179e-14	1.05242e-11	8.49656e-10	4.71256e-09	
N0.HOG0001040	4.43618e-11	1.3268e-08	2.3094e-07	2.20989e-06	7.69585e-06	7.46104e-07	
N0.HOG0001042	0.0798274	0.0793239	0.073089	0.0480218	0.0108988	5.62191e-05	
N0.HOG0001043	1.74341e-32	6.02599e-26	9.83327e-22	4.84323e-18	5.08228e-15	2.14793e-13	
N0.HOG0001045	0.0798274	0.0793239	0.073089	0.0480218	0.0108988	5.62191e-05	
N0.HOG0001046	2.72023e-05	2.74237e-05	3.01802e-05	4.09118e-05	4.21459e-05	2.58661e-06	
N0.HOG0001047	5.2138e-15	1.86989e-12	8.87115e-11	2.44006e-09	2.95956e-08	5.94146e-08	
N0.HOG0001048	0.0798274	0.0793239	0.073089	0.0480218	0.0108988	5.62191e-05	
N0.HOG0001049	1.73281e-13	5.494e-11	1.49062e-09	2.53321e-08	1.45033e-07	3.49578e-08	
N0.HOG0001050	3.51651e-44	8.53231e-32	1.21144e-25	5.93688e-21	5.45893e-17	6.8159e-14	
N0.HOG0001052	0.00147357	0.0014678	0.00139453	0.00106011	0.000361979	4.56087e-06	
N0.HOG0001053	1.64601e-11	4.86491e-09	7.54845e-08	6.1866e-07	2.59283e-06	5.14107e-07	
N0.HOG0001054	0.0798274	0.0793239	0.073089	0.0480218	0.0108988	5.62191e-05	
N0.HOG0001055	5.02288e-07	5.51662e-07	1.30181e-06	6.74856e-06	1.61253e-05	1.01051e-06	
N0.HOG0001056	9.26931e-09	9.41082e-09	1.13133e-08	2.26562e-08	6.02722e-08	2.10513e-08	
N0.HOG0001059	9.85351e-22	8.46795e-17	1.87426e-14	1.09534e-12	4.35467e-11	2.45145e-10	
N0.HOG0001060	2.72016e-05	2.7223e-05	2.74466e-05	2.722e-05	1.75931e-05	6.68218e-07	
N0.HOG0001061	3.83162e-24	3.41538e-19	1.02971e-16	1.46201e-14	1.81672e-12	4.9613e-11	
N0.HOG0001062	6.24485e-25	5.71819e-20	2.35185e-17	8.89241e-15	3.35256e-12	7.13653e-11	
N0.HOG0001063	2.72015e-05	2.71939e-05	2.70558e-05	2.5384e-05	1.47576e-05	5.08788e-07	
N0.HOG0001064	0.00147369	0.00150284	0.00184674	0.00284409	0.00218856	5.81642e-05	
N0.HOG0001065	2.16446e-13	6.44082e-11	1.08612e-09	1.23573e-08	9.21751e-08	2.74166e-08	
N0.HOG0001067	2.16907e-15	6.89221e-13	2.01368e-11	5.30834e-10	7.67503e-09	8.13913e-09	
N0.HOG0001068	0.0798274	0.0793239	0.073089	0.0480218	0.0108988	5.62191e-05	
N0.HOG0001069	1.43329e-15	4.40613e-13	1.06546e-11	3.42934e-10	1.08156e-08	2.92471e-08	
N0.HOG0001070	0.00147369	0.00150211	0.00183197	0.00268218	0.00169918	2.34139e-05	
N0.HOG0001071	1.21021e-15	4.12568e-14	7.49142e-13	1.40445e-11	3.40721e-10	5.94558e-10	
N0.HOG0001072	5.02176e-07	5.18248e-07	7.3714e-07	2.0508e-06	5.41662e-06	1.08191e-06	
N0.HOG0001073	0.0798274	0.0793239	0.073089	0.0480218	0.0108988	5.62191e-05	
N0.HOG0001074	9.2695e-09	9.46749e-09	1.22336e-08	3.15244e-08	1.11426e-07	3.55188e-08	
N0.HOG0001077	0.00147358	0.00147125	0.00143885	0.00123069	0.000522969	8.34011e-06	
N0.HOG0001078	2.4279e-40	5.24522e-28	2.84222e-22	2.14296e-18	2.18515e-15	2.25055e-13	
N0.HOG0001079	2.4032e-09	7.17067e-07	1.21111e-05	0.000100441	0.000234474	9.50098e-06	
N0.HOG0001080	2.72021e-05	2.73826e-05	2.95776e-05	3.70082e-05	3.17729e-05	1.31996e-06	
N0.HOG0001081	2.01367e-15	6.04933e-13	1.12427e-11	1.5851e-10	1.70022e-09	1.7944e-09	
N0.HOG0001082	0.0798274	0.0793239	0.073089	0.0480218	0.0108988	5.62191e-05	
N0.HOG0001083	5.02139e-07	5.0729e-07	5.73282e-07	8.77454e-07	1.23419e-06	1.31619e-07	
N0.HOG0001084	0.00147357	0.00146774	0.00139369	0.00105657	0.000357719	4.41484e-06	
N0.HOG0001085	0.00147357	0.0014678	0.00139453	0.00106011	0.000361979	4.56087e-06	
N0.HOG0001086	2.94166e-13	9.04052e-11	2.13521e-09	5.31809e-08	1.0466e-06	7.05629e-06	
N0.HOG0001088	8.03731e-12	2.37251e-09	3.6266e-08	2.82515e-07	1.12396e-06	2.38513e-07	
N0.HOG0001089	7.29908e-15	1.76625e-11	3.32499e-09	1.10486e-07	6.53741e-07	4.08201e-08	
N0.HOG0001090	3.06336e-19	2.74901e-14	8.77128e-12	1.14991e-09	5.40453e-08	7.13064e-08	
N0.HOG0001091	3.36087e-12	6.3939e-11	1.10852e-09	1.3266e-08	9.63946e-08	9.97209e-08	
N0.HOG0001092	2.72021e-05	2.73826e-05	2.95776e-05	3.70082e-05	3.17729e-05	1.31996e-06	
N0.HOG0001093	1.84628e-13	5.77927e-10	9.69278e-08	2.09486e-06	7.14599e-06	4.2865e-07	
N0.HOG0001094	0.00147358	0.0014697	0.00141888	0.00115371	0.000449626	6.47774e-06	
N0.HOG0001098	2.72024e-05	2.74569e-05	3.06508e-05	4.35153e-05	4.62013e-05	2.44558e-06	
N0.HOG0001099	3.08023e-18	9.80359e-16	3.11039e-14	1.53519e-12	1.12232e-10	8.3565e-10	
N0.HOG0001100	5.55698e-14	1.72934e-11	4.40428e-10	9.47483e-09	6.91584e-08	4.02543e-08	
N0.HOG0001102	0.00147368	0.00149809	0.00178514	0.00259529	0.00191527	4.87343e-05	
N0.HOG0001103	2.93504e-13	8.83668e-11	1.67671e-09	2.4752e-08	3.32952e-07	1.62461e-06	
N0.HOG0001104	5.02154e-07	5.1227e-07	7.30168e-07	3.27307e-06	8.98994e-06	6.65386e-07	
N0.HOG0001107	3.1586e-12	3.24135e-12	4.49911e-12	1.82844e-11	2.13051e-10	4.81831e-10	
N0.HOG0001108	3.15849e-12	3.20929e-12	3.93051e-12	9.48468e-12	4.33877e-11	4.02285e-11	
N0.HOG0001112	2.72155e-05	3.12677e-05	7.93328e-05	0.000225671	0.000200039	4.38913e-06	
N0.HOG0001113	0.00147369	0.00150211	0.00183197	0.00268218	0.00169918	2.34139e-05	
N0.HOG0001114	2.15913e-20	8.73857e-18	9.5569e-16	1.39086e-13	1.25833e-11	1.15975e-10	
N0.HOG0001115	9.03766e-15	2.70455e-12	4.8851e-11	7.29218e-10	9.92473e-09	1.06352e-08	
N0.HOG0001116	2.72013e-05	2.71521e-05	2.6496e-05	2.27807e-05	1.07747e-05	2.78371e-07	
N0.HOG0001118	5.2346e-15	1.56858e-12	2.81e-11	3.43973e-10	6.00754e-09	9.69293e-08	
N0.HOG0001121	1.27393e-19	1.13913e-14	3.51211e-12	4.32525e-10	1.75675e-08	1.09664e-08	
N0.HOG0001122	0.0798274	0.0793239	0.073089	0.0480218	0.0108988	5.62191e-05	
N0.HOG0001123	8.91677e-10	2.61932e-07	3.76566e-06	2.23026e-05	4.56077e-05	2.72808e-06	
N0.HOG0001124	0.00147369	0.00150284	0.00184674	0.00284409	0.00218856	5.81642e-05	
N0.HOG0001125	1.06426e-23	6.58412e-18	2.69482e-14	1.51074e-11	1.19677e-09	6.41472e-10	
N0.HOG0001126	1.71108e-10	1.74522e-10	2.22453e-10	5.83671e-10	3.05167e-09	3.16609e-09	
N0.HOG0001127	6.15017e-14	1.00177e-12	1.4266e-11	1.13028e-10	6.69448e-10	5.49865e-10	
N0.HOG0001129	0.00147369	0.00150211	0.00183197	0.00268218	0.00169918	2.34139e-05	
N0.HOG0001130	0.0798274	0.0793239	0.073089	0.0480218	0.0108988	5.62191e-05	
N0.HOG0001131	0.0798274	0.0793239	0.073089	0.0480218	0.0108988	5.62191e-05	
N0.HOG0001132	5.02135e-07	5.06119e-07	5.55789e-07	7.53649e-07	8.27923e-07	6.62256e-08	
N0.HOG0001133	3.39229e-34	2.33493e-26	1.0803e-21	2.79188e-18	2.16095e-15	8.26469e-14	
N0.HOG0001134	2.20681e-36	4.89093e-24	3.5001e-18	5.39757e-14	9.09177e-11	5.53001e-09	
N0.HOG0001135	0.00147369	0.00150211	0.00183197	0.00268218	0.00169918	2.34139e-05	
N0.HOG0001136	5.61041e-15	1.70243e-12	3.53978e-11	6.97327e-10	1.08503e-08	1.19301e-08	
N0.HOG0001137	0.0798274	0.0793239	0.073089	0.0480218	0.0108988	5.62191e-05	
N0.HOG0001138	1.71218e-10	2.07127e-10	7.47722e-10	5.83276e-09	4.35666e-08	2.81403e-08	
N0.HOG0001139	3.3754e-12	6.70231e-11	9.41854e-10	6.46579e-09	2.24837e-08	3.9151e-09	
N0.HOG0001140	5.02175e-07	5.17974e-07	7.30829e-07	1.92822e-06	4.16902e-06	4.32693e-07	
N0.HOG0001141	0.00147361	0.00147857	0.00153306	0.00159638	0.000878332	1.74358e-05	
N0.HOG0001142	1.24991e-22	1.36053e-22	3.6878e-22	1.37622e-20	1.02124e-17	1.09882e-14	
N0.HOG0001143	6.6075e-17	2.01111e-14	4.36571e-13	1.11416e-11	3.96434e-10	2.90184e-09	
N0.HOG0001144	0.0798274	0.0793239	0.073089	0.0480218	0.0108988	5.62191e-05	
N0.HOG0001145	9.96399e-18	8.59097e-13	1.76942e-10	6.98923e-09	8.50006e-08	4.87905e-08	
N0.HOG0001146	4.4362e-11	1.32857e-08	2.35113e-07	2.41307e-06	9.67312e-06	1.09473e-06	
N0.HOG0001147	1.91287e-18	6.79199e-16	3.51245e-14	1.82661e-12	8.09427e-11	4.98929e-10	
N0.HOG0001148	5.02175e-07	5.17974e-07	7.30829e-07	1.92822e-06	4.16902e-06	4.32693e-07	
N0.HOG0001150	1.12021e-35	8.65834e-26	5.76231e-21	4.23616e-17	1.31493e-13	4.34331e-11	
N0.HOG0001151	0.0798274	0.0793239	0.073089	0.0480218	0.0108988	5.62191e-05	
N0.HOG0001152	4.80488e-14	1.44158e-11	2.67834e-10	4.25e-09	5.31387e-08	2.96142e-08	
N0.HOG0001155	3.03929e-13	9.17959e-11	1.80035e-09	2.7436e-08	2.35078e-07	9.3976e-08	
N0.HOG0001157	3.15872e-12	3.27475e-12	5.00605e-12	2.2491e-11	2.09298e-10	2.62372e-10	
N0.HOG0001158	1.83869e-19	1.6283e-14	4.51256e-12	4.25518e-10	1.64895e-08	2.80391e-08	
N0.HOG0001159	1.65374e-18	5.05915e-16	1.1798e-14	4.33999e-13	3.31237e-11	4.98371e-10	
N0.HOG0001160	1.71108e-10	1.74467e-10	2.20766e-10	5.22593e-10	1.62427e-09	6.14433e-10	
N0.HOG0001161	2.6722e-17	8.22156e-15	2.026e-13	7.74379e-12	3.80271e-10	1.31132e-09	
N0.HOG0001162	1.63071e-10	4.97689e-08	1.00744e-06	9.64685e-06	1.74579e-05	1.69344e-06	
N0.HOG0001163	0.0798274	0.0793239	0.073089	0.0480218	0.0108988	5.62191e-05	
N0.HOG0001164	1.71116e-10	1.77149e-10	2.99114e-10	2.97537e-09	3.1433e-08	1.29515e-08	
N0.HOG0001165	0.0798274	0.0793239	0.073089	0.0480218	0.0108988	5.62191e-05	
N0.HOG0001166	9.26983e-09	9.56608e-09	1.36569e-08	4.14661e-08	1.70523e-07	9.54008e-08	
N0.HOG0001167	1.75605e-10	1.5314e-09	2.65114e-08	3.87195e-07	3.33238e-06	2.34253e-06	
N0.HOG0001168	8.02438e-21	7.25914e-16	2.5558e-13	4.9628e-11	5.41835e-09	3.62455e-08	
N0.HOG0001169	0.0798274	0.0793239	0.073089	0.0480218	0.0108988	5.62191e-05	
N0.HOG0001170	0.00147369	0.00150211	0.00183197	0.00268218	0.00169918	2.34139e-05	
N0.HOG0001171	9.26907e-09	9.33952e-09	1.02849e-08	1.57901e-08	3.13231e-08	8.17483e-09	
N0.HOG0001172	1.64612e-11	4.96247e-09	9.5147e-08	1.32087e-06	9.15835e-06	2.82247e-06	
N0.HOG0001173	3.61663e-20	8.85378e-17	2.24176e-14	2.46526e-12	1.72205e-10	9.01102e-10	
N0.HOG0001174	1.75352e-10	1.42388e-09	1.86743e-08	1.24742e-07	3.65512e-07	5.11648e-08	
N0.HOG0001175	1.38403e-11	4.10238e-09	6.57489e-08	5.86473e-07	2.4563e-06	3.25251e-07	
N0.HOG0001176	2.72021e-05	2.73826e-05	2.95776e-05	3.70082e-05	3.17729e-05	1.31996e-06	
N0.HOG0001177	6.70517e-10	1.99127e-07	3.19649e-06	2.25727e-05	3.48477e-05	3.98574e-07	
N0.HOG0001178	0.0798274	0.0793239	0.073089	0.0480218	0.0108988	5.62191e-05	
N0.HOG0001179	2.15925e-41	5.26102e-32	9.93905e-26	2.43324e-20	4.40872e-16	4.19328e-14	
N0.HOG0001180	0.00147357	0.00146774	0.00139369	0.00105657	0.000357719	4.41484e-06	
N0.HOG0001181	7.51457e-14	2.2211e-11	3.45359e-10	2.94622e-09	1.59771e-08	7.47736e-09	
N0.HOG0001182	0.00147368	0.00149809	0.00178514	0.00259529	0.00191527	4.87343e-05	
N0.HOG0001183	8.17443e-13	2.5594e-10	7.39882e-09	3.02806e-07	6.45718e-06	3.63292e-06	
N0.HOG0001184	2.78336e-08	5.41102e-06	6.91781e-05	0.000261978	0.000231596	3.95244e-06	
N0.HOG0001185	1.7112e-10	1.77982e-10	2.78952e-10	1.17745e-09	7.95032e-09	6.49892e-09	
N0.HOG0001186	5.02152e-07	5.10991e-07	6.307e-07	1.33489e-06	2.89421e-06	3.32841e-07	
N0.HOG0001187	1.03559e-16	3.0929e-14	5.48012e-13	8.32205e-12	1.77552e-10	7.40142e-10	
N0.HOG0001189	5.02313e-07	5.59146e-07	1.42781e-06	7.77782e-06	1.84452e-05	1.11746e-06	
N0.HOG0001190	1.7113e-10	1.81197e-10	3.45285e-10	2.45862e-09	2.86563e-08	3.82096e-08	
N0.HOG0001191	1.71173e-10	1.94115e-10	6.03236e-10	6.68447e-09	6.83962e-08	3.95128e-08	
N0.HOG0001192	2.72021e-05	2.73875e-05	2.96552e-05	3.7664e-05	3.4361e-05	1.78351e-06	
N0.HOG0001193	1.04712e-46	5.88215e-34	5.22196e-27	1.43604e-21	7.31414e-17	4.48771e-13	
N0.HOG0001194	1.71129e-10	1.80767e-10	3.35657e-10	2.25372e-09	2.62624e-08	3.7468e-08	
N0.HOG0001195	0.00147358	0.00146931	0.00141382	0.00113299	0.000426369	5.75099e-06	
N0.HOG0001196	5.02137e-07	5.06798e-07	5.66034e-07	8.29412e-07	1.1036e-06	1.20463e-07	
N0.HOG0001197	5.02138e-07	5.06819e-07	5.66356e-07	8.31919e-07	1.11318e-06	1.21082e-07	
N0.HOG0001198	5.02129e-07	5.04399e-07	5.3295e-07	6.5271e-07	7.16559e-07	7.794e-08	
N0.HOG0001199	2.74018e-13	8.10918e-11	1.27961e-09	1.14818e-08	6.52181e-08	2.83739e-08	
N0.HOG0001200	8.95796e-17	2.66577e-14	4.5217e-13	5.76508e-12	7.90023e-11	1.53825e-10	
N0.HOG0001201	0.00147359	0.0014733	0.00146512	0.00133226	0.000620288	1.07329e-05	
N0.HOG0001202	2.72019e-05	2.73162e-05	2.87235e-05	3.36867e-05	2.83169e-05	1.17721e-06	
N0.HOG0001203	2.11626e-32	1.57318e-22	6.70569e-18	1.17898e-14	4.12219e-12	8.0171e-11	
N0.HOG0001204	0.00147358	0.00146931	0.00141382	0.00113299	0.000426369	5.75099e-06	
N0.HOG0001205	5.02167e-07	5.15506e-07	6.87948e-07	1.52033e-06	2.74286e-06	2.78297e-07	
N0.HOG0001206	5.02137e-07	5.06798e-07	5.66034e-07	8.29412e-07	1.1036e-06	1.20463e-07	
N0.HOG0001207	1.7112e-10	1.77982e-10	2.78952e-10	1.17745e-09	7.95032e-09	6.49892e-09	
N0.HOG0001208	3.39493e-21	3.21898e-16	1.60957e-13	4.31207e-11	4.27621e-09	2.18568e-08	
N0.HOG0001209	4.82559e-16	1.5163e-13	4.35933e-12	1.41533e-10	1.40731e-09	2.27993e-10	
N0.HOG0001210	2.72012e-05	2.7122e-05	2.61048e-05	2.11729e-05	8.90515e-06	2.00881e-07	
N0.HOG0001212	0.0798274	0.0793239	0.073089	0.0480218	0.0108988	5.62191e-05	
N0.HOG0001213	1.71131e-10	1.81447e-10	3.51313e-10	2.63514e-09	3.17321e-08	2.98373e-08	
N0.HOG0001214	0.00147361	0.00147831	0.00152904	0.00156859	0.00081217	1.2892e-05	
N0.HOG0001215	0.00147357	0.0014678	0.00139453	0.00106011	0.000361979	4.56087e-06	
N0.HOG0001216	5.02201e-07	5.25603e-07	8.68624e-07	3.48252e-06	1.23186e-05	2.33736e-06	
N0.HOG0001217	2.7202e-05	2.73534e-05	2.91574e-05	3.4523e-05	2.67407e-05	1.03894e-06	
N0.HOG0001218	5.02129e-07	5.04377e-07	5.32629e-07	6.50535e-07	7.08126e-07	7.54586e-08	
N0.HOG0001219	0.00147369	0.00150211	0.00183197	0.00268218	0.00169918	2.34139e-05	
N0.HOG0001220	2.7202e-05	2.73534e-05	2.91574e-05	3.4523e-05	2.67407e-05	1.03894e-06	
N0.HOG0001221	5.83124e-14	6.18586e-14	1.20778e-13	9.7581e-13	1.6751e-11	4.93567e-11	
N0.HOG0001222	0.0798274	0.0793239	0.073089	0.0480218	0.0108988	5.62191e-05	
N0.HOG0001223	5.0214e-07	5.07402e-07	5.75129e-07	8.95779e-07	1.34652e-06	1.78831e-07	
N0.HOG0001224	5.02138e-07	5.06924e-07	5.67918e-07	8.42603e-07	1.14604e-06	1.24163e-07	
N0.HOG0001226	0.0798274	0.0793239	0.073089	0.0480218	0.0108988	5.62191e-05	
N0.HOG0001227	9.26914e-09	9.3623e-09	1.05606e-08	1.6289e-08	2.58411e-08	4.72041e-09	
N0.HOG0001228	1.6461e-11	4.94468e-09	9.13499e-08	1.14871e-06	6.51201e-06	1.08642e-06	
N0.HOG0001229	0.0798274	0.0793239	0.073089	0.0480218	0.0108988	5.62191e-05	
N0.HOG0001230	2.05375e-27	5.31455e-20	2.03571e-16	1.26433e-13	2.88251e-11	3.594e-10	
N0.HOG0001231	1.71173e-10	1.94303e-10	6.10959e-10	7.07046e-09	7.63014e-08	4.2844e-08	
N0.HOG0001232	1.81282e-10	3.15782e-09	4.23011e-08	2.45757e-07	6.08684e-07	6.32234e-08	
N0.HOG0001233	9.96399e-18	8.59097e-13	1.76942e-10	6.98923e-09	8.50006e-08	4.87905e-08	
N0.HOG0001234	0.0798274	0.0793239	0.073089	0.0480218	0.0108988	5.62191e-05	
N0.HOG0001235	2.05491e-27	5.23151e-20	1.66374e-16	6.0729e-14	9.1659e-12	1.642e-10	
N0.HOG0001236	3.47057e-15	1.02578e-12	1.59534e-11	1.37885e-10	8.33059e-10	5.69213e-10	
N0.HOG0001237	0.00147357	0.00146774	0.00139369	0.00105657	0.000357719	4.41484e-06	
N0.HOG0001238	1.91165e-18	5.72237e-16	1.04423e-14	1.89179e-13	7.47616e-12	6.5226e-11	
N0.HOG0001239	2.50765e-16	6.046e-13	1.27968e-10	7.22913e-09	1.26136e-07	6.54654e-08	
N0.HOG0001240	3.15979e-12	3.60001e-12	1.18606e-11	1.69917e-10	3.17101e-09	5.1987e-09	
N0.HOG0001241	4.16124e-19	1.6019e-17	4.65194e-16	1.73183e-14	8.50461e-13	1.58533e-11	
N0.HOG0001242	0.00147369	0.00150284	0.00184674	0.00284409	0.00218856	5.81642e-05	
N0.HOG0001243	3.39529e-21	2.95197e-16	6.75374e-14	4.2681e-12	1.62457e-10	7.53199e-10	
N0.HOG0001244	1.19088e-11	3.49202e-09	4.93092e-08	2.90299e-07	7.17942e-07	4.38989e-08	
N0.HOG0001245	5.02127e-07	5.0371e-07	5.23364e-07	5.98893e-07	5.77438e-07	5.24919e-08	
N0.HOG0001246	1.09024e-37	2.74542e-26	1.56191e-20	1.5502e-16	2.33253e-13	2.0635e-11	
N0.HOG0001247	2.72037e-05	2.78307e-05	3.55641e-05	6.44387e-05	7.00992e-05	2.69782e-06	
N0.HOG0001248	9.33298e-19	2.8416e-16	6.16962e-15	1.4979e-13	4.29463e-12	2.00276e-11	
N0.HOG0001249	0.0798274	0.0793239	0.073089	0.0480218	0.0108988	5.62191e-05	
N0.HOG0001250	2.1919e-21	9.56558e-18	1.85596e-15	7.23673e-14	7.01374e-13	2.08743e-13	
N0.HOG0001252	4.8109e-18	4.29255e-13	1.34936e-10	1.54963e-08	5.30127e-07	6.24677e-07	
N0.HOG0001253	0.0798274	0.0793239	0.073089	0.0480218	0.0108988	5.62191e-05	
N0.HOG0001254	0.00147369	0.00150284	0.00184674	0.00284409	0.00218856	5.81642e-05	
N0.HOG0001255	2.72035e-05	2.77856e-05	3.51428e-05	6.65115e-05	9.19023e-05	7.22976e-06	
N0.HOG0001256	9.77539e-09	1.6051e-07	2.58725e-06	2.27158e-05	6.68452e-05	6.02207e-06	
N0.HOG0001257	0.0798274	0.0793239	0.073089	0.0480218	0.0108988	5.62191e-05	
N0.HOG0001258	0.0798274	0.0793239	0.073089	0.0480218	0.0108988	5.62191e-05	
N0.HOG0001259	3.15881e-12	3.30481e-12	5.57577e-12	3.25999e-11	4.75772e-10	1.3186e-09	
N0.HOG0001260	8.58531e-37	1.89244e-24	1.24971e-18	1.25106e-14	7.16349e-12	1.53128e-10	
N0.HOG0001261	0.00147361	0.00147831	0.00152904	0.00156859	0.00081217	1.2892e-05	
N0.HOG0001262	5.022e-07	5.2524e-07	8.59512e-07	3.24892e-06	9.34577e-06	9.31896e-07	
N0.HOG0001263	0.00147369	0.00150211	0.00183197	0.00268218	0.00169918	2.34139e-05	
N0.HOG0001264	9.26927e-09	9.39896e-09	1.11291e-08	2.10811e-08	5.09945e-08	1.56046e-08	
N0.HOG0001265	5.022e-07	5.2524e-07	8.59512e-07	3.24892e-06	9.34577e-06	9.31896e-07	
N0.HOG0001266	0.0798274	0.0793239	0.073089	0.0480218	0.0108988	5.62191e-05	
N0.HOG0001267	7.51459e-14	2.22325e-11	3.49782e-10	3.11686e-09	1.78658e-08	8.161e-09	
N0.HOG0001268	1.71216e-10	2.06395e-10	7.15418e-10	4.948e-09	3.32772e-08	2.07647e-08	
N0.HOG0001269	2.72021e-05	2.73826e-05	2.95776e-05	3.70082e-05	3.17729e-05	1.31996e-06	
N0.HOG0001270	0.0798274	0.0793239	0.073089	0.0480218	0.0108988	5.62191e-05	
N0.HOG0001271	2.7202e-05	2.73582e-05	2.9233e-05	3.51235e-05	2.8828e-05	1.36682e-06	
N0.HOG0001272	2.72039e-05	2.79071e-05	3.70867e-05	8.06112e-05	0.000114954	5.07349e-06	
N0.HOG0001273	9.26985e-09	9.57107e-09	1.37284e-08	4.1397e-08	1.44901e-07	3.85266e-08	
N0.HOG0001274	4.13658e-22	1.50981e-18	4.35398e-16	6.86865e-14	8.97365e-12	1.32368e-10	
N0.HOG0001275	3.90215e-20	3.42085e-15	8.47221e-13	5.76433e-11	1.60754e-09	2.87801e-09	
N0.HOG0001276	2.72019e-05	2.73162e-05	2.87235e-05	3.36867e-05	2.83169e-05	1.17721e-06	
N0.HOG0001277	1.48365e-13	4.39588e-11	7.04162e-10	6.75692e-09	4.42282e-08	2.12817e-08	
N0.HOG0001278	1.71117e-10	1.77211e-10	2.65574e-10	1.00586e-09	6.13114e-09	4.96541e-09	
N0.HOG0001279	8.91677e-10	2.61932e-07	3.76566e-06	2.23026e-05	4.56077e-05	2.72808e-06	
N0.HOG0001280	2.72054e-05	2.83563e-05	4.44333e-05	0.000137705	0.000238895	9.10712e-06	
N0.HOG0001281	5.022e-07	5.2524e-07	8.59512e-07	3.24892e-06	9.34577e-06	9.31896e-07	
N0.HOG0001282	0.00147358	0.0014694	0.00141509	0.00113912	0.000436192	6.27445e-06	
N0.HOG0001283	0.0798274	0.0793239	0.073089	0.0480218	0.0108988	5.62191e-05	
N0.HOG0001284	2.52413e-32	7.69199e-26	3.69667e-22	5.76458e-19	9.58599e-16	3.48724e-13	
N0.HOG0001285	2.72042e-05	2.79938e-05	3.83254e-05	8.76107e-05	0.000126622	5.36922e-06	
N0.HOG0001290	1.51177e-14	4.66148e-12	1.15441e-10	3.61746e-09	8.57231e-08	7.78276e-08	
N0.HOG0001291	9.26994e-09	9.59691e-09	1.41876e-08	4.63254e-08	1.72057e-07	5.01701e-08	
N0.HOG0001292	0.0798274	0.0793239	0.073089	0.0480218	0.0108988	5.62191e-05	
N0.HOG0001293	6.0243e-08	1.07009e-05	0.000132926	0.000429984	0.000214138	5.27924e-07	
N0.HOG0001294	2.3366e-20	2.0575e-15	5.33946e-13	4.12603e-11	1.41805e-09	4.18659e-09	
N0.HOG0001295	1.67392e-31	9.9506e-26	4.09486e-22	5.7056e-19	9.15698e-16	6.38045e-13	
N0.HOG0001296	1.86703e-13	5.63284e-11	1.09459e-09	1.70678e-08	1.8494e-07	1.48015e-07	
N0.HOG0001297	1.12248e-20	9.73982e-16	2.17158e-13	1.20511e-11	3.15903e-10	7.13819e-10	
N0.HOG0001298	1.8806e-13	7.74916e-11	5.09288e-09	1.34078e-07	8.48049e-07	1.20563e-07	
N0.HOG0001300	0.0798274	0.0793239	0.073089	0.0480218	0.0108988	5.62191e-05	
N0.HOG0001303	7.76333e-17	2.25949e-14	3.09093e-13	1.77064e-12	1.61814e-11	1.7559e-10	
N0.HOG0001304	0.0798274	0.0793239	0.073089	0.0480218	0.0108988	5.62191e-05	
N0.HOG0001305	1.32556e-14	3.98484e-12	7.46543e-11	1.07979e-09	1.15619e-08	9.71986e-09	
N0.HOG0001306	3.03867e-13	9.18988e-11	1.83232e-09	2.99275e-08	2.93566e-07	1.32215e-07	
N0.HOG0001307	0.0798274	0.0793239	0.073089	0.0480218	0.0108988	5.62191e-05	
N0.HOG0001308	0.00147369	0.00150211	0.00183197	0.00268218	0.00169918	2.34139e-05	
N0.HOG0001309	5.02239e-07	5.37174e-07	1.12149e-06	8.12039e-06	4.73449e-05	9.14835e-06	
N0.HOG0001310	1.21384e-18	4.28976e-15	8.58077e-13	4.21107e-11	9.09767e-10	1.68579e-09	
N0.HOG0001311	9.26998e-09	9.61014e-09	1.45748e-08	5.65762e-08	3.01117e-07	1.09431e-07	
N0.HOG0001312	0.0798274	0.0793239	0.073089	0.0480218	0.0108988	5.62191e-05	
N0.HOG0001313	1.50898e-25	2.30744e-19	6.65814e-16	1.88225e-13	1.29533e-11	3.63249e-11	
N0.HOG0001314	3.03906e-13	8.98153e-11	1.39439e-09	1.18016e-08	6.22597e-08	2.63228e-08	
N0.HOG0001315	0.0798274	0.0793239	0.073089	0.0480218	0.0108988	5.62191e-05	
N0.HOG0001316	0.00147356	0.00146577	0.00136851	0.000960367	0.000269219	2.49419e-06	
N0.HOG0001317	2.72036e-05	2.78234e-05	3.54374e-05	6.32814e-05	6.64733e-05	2.39515e-06	
N0.HOG0001318	5.02168e-07	5.15708e-07	6.91844e-07	1.55905e-06	2.91968e-06	4.08919e-07	
N0.HOG0001319	5.3317e-15	1.63851e-12	3.86782e-11	9.59298e-10	1.83383e-08	1.09429e-07	
N0.HOG0001322	6.32948e-17	1.92406e-14	4.14113e-13	1.06133e-11	3.37315e-10	1.06304e-09	
N0.HOG0001323	5.0216e-07	5.1338e-07	6.56617e-07	1.3076e-06	2.09989e-06	2.04742e-07	
N0.HOG0001324	6.39077e-21	1.63408e-13	5.29305e-10	1.4084e-07	4.46283e-06	1.56228e-06	
N0.HOG0001325	5.02175e-07	5.17974e-07	7.30829e-07	1.92822e-06	4.16902e-06	4.32693e-07	
N0.HOG0001326	2.72055e-05	2.83684e-05	4.47444e-05	0.000144955	0.000298601	2.02967e-05	
N0.HOG0001327	9.26994e-09	9.59691e-09	1.41876e-08	4.63254e-08	1.72057e-07	5.01701e-08	
N0.HOG0001328	2.72021e-05	2.73826e-05	2.95776e-05	3.70082e-05	3.17729e-05	1.31996e-06	
N0.HOG0001329	2.72058e-05	2.84555e-05	4.62387e-05	0.000158166	0.00033675	2.35199e-05	
N0.HOG0001331	2.72039e-05	2.79071e-05	3.70867e-05	8.06112e-05	0.000114954	5.07349e-06	
N0.HOG0001332	5.02131e-07	5.0474e-07	5.35664e-07	6.25033e-07	4.91762e-07	2.62058e-08	
N0.HOG0001333	0.00147358	0.00146931	0.00141382	0.00113299	0.000426369	5.75099e-06	
N0.HOG0001334	6.32573e-10	1.85097e-07	2.53966e-06	1.26512e-05	1.81195e-05	4.43085e-07	
N0.HOG0001336	0.0798274	0.0793239	0.073089	0.0480218	0.0108988	5.62191e-05	
N0.HOG0001337	6.39077e-21	1.63408e-13	5.29305e-10	1.4084e-07	4.46283e-06	1.56228e-06	
N0.HOG0001338	0.0798274	0.0793239	0.073089	0.0480218	0.0108988	5.62191e-05	
N0.HOG0001339	0.0798274	0.0793239	0.073089	0.0480218	0.0108988	5.62191e-05	
N0.HOG0001340	9.27049e-09	9.76483e-09	1.7462e-08	9.6601e-08	6.21218e-07	1.91796e-07	
N0.HOG0001341	1.85746e-13	5.58021e-11	1.04332e-09	1.47944e-08	1.10343e-07	2.66017e-08	
N0.HOG0001342	3.03867e-13	9.18988e-11	1.83232e-09	2.99275e-08	2.93566e-07	1.32215e-07	
N0.HOG0001343	1.11319e-25	2.81524e-18	8.23753e-15	2.0903e-12	1.38587e-10	6.64976e-10	
N0.HOG0001344	2.72055e-05	2.83684e-05	4.47444e-05	0.000144955	0.000298601	2.02967e-05	
N0.HOG0001345	0.0798274	0.0793239	0.073089	0.0480218	0.0108988	5.62191e-05	
N0.HOG0001346	1.71116e-10	1.76865e-10	2.57204e-10	8.30646e-10	3.62188e-09	1.76438e-09	
N0.HOG0001347	0.0798274	0.0793239	0.073089	0.0480218	0.0108988	5.62191e-05	
N0.HOG0001348	0.00147361	0.00147857	0.00153306	0.00159638	0.000878332	1.74358e-05	
N0.HOG0001349	6.36395e-12	1.87665e-09	2.8329e-08	2.09903e-07	7.65136e-07	1.44991e-07	
N0.HOG0001350	2.05357e-11	6.35686e-11	2.27281e-09	3.97155e-08	1.35858e-07	6.50394e-09	
N0.HOG0001351	7.4134e-17	2.23681e-14	4.65529e-13	1.00734e-11	2.21268e-10	4.75566e-10	
N0.HOG0001352	7.70081e-17	2.35104e-14	5.27555e-13	1.44103e-11	4.53982e-10	1.45487e-09	
N0.HOG0001353	6.86237e-19	2.1367e-16	5.98099e-15	3.21813e-13	3.15308e-11	9.4549e-10	
N0.HOG0001354	0.00147368	0.00149809	0.00178514	0.00259529	0.00191527	4.87343e-05	
N0.HOG0001356	0.00147361	0.00147831	0.00152904	0.00156859	0.00081217	1.2892e-05	
N0.HOG0001357	7.00272e-15	1.6697e-12	1.10246e-10	4.72942e-09	5.8744e-08	1.00035e-08	
N0.HOG0001358	0.0798274	0.0793239	0.073089	0.0480218	0.0108988	5.62191e-05	
N0.HOG0001359	0.00147358	0.00147112	0.00143705	0.00122055	0.000503005	7.10707e-06	
N0.HOG0001360	1.81607e-34	5.20601e-28	4.48385e-24	1.92094e-20	6.63829e-17	3.27142e-14	
N0.HOG0001361	2.7202e-05	2.73534e-05	2.91574e-05	3.4523e-05	2.67407e-05	1.03894e-06	
N0.HOG0001362	1.37837e-35	3.7211e-28	2.29873e-24	7.18193e-21	4.38646e-17	1.38e-13	
N0.HOG0001364	2.72013e-05	2.71494e-05	2.64596e-05	2.26067e-05	1.04996e-05	2.6507e-07	
N0.HOG0001365	0.00147361	0.00147857	0.00153306	0.00159638	0.000878332	1.74358e-05	
N0.HOG0001366	2.72055e-05	2.83684e-05	4.47444e-05	0.000144955	0.000298601	2.02967e-05	
N0.HOG0001367	1.64633e-11	4.8476e-09	7.18274e-08	4.91215e-07	1.50782e-06	2.25646e-07	
N0.HOG0001368	2.15446e-11	8.52183e-10	1.37478e-07	2.49236e-06	4.87877e-06	8.73236e-08	
N0.HOG0001369	5.02173e-07	5.17269e-07	7.19953e-07	1.88151e-06	4.41475e-06	4.90278e-07	
N0.HOG0001370	1.43228e-16	8.97713e-13	4.28874e-10	4.09994e-08	5.34382e-07	7.96636e-08	
N0.HOG0001371	1.01134e-11	2.97317e-09	4.33208e-08	2.88186e-07	9.20984e-07	1.43065e-07	
N0.HOG0001372	9.26928e-09	9.40187e-09	1.11781e-08	2.1642e-08	5.58293e-08	1.86441e-08	
N0.HOG0001374	0.00147369	0.00150211	0.00183197	0.00268218	0.00169918	2.34139e-05	
N0.HOG0001375	0.0798274	0.0793239	0.073089	0.0480218	0.0108988	5.62191e-05	
N0.HOG0001376	2.72022e-05	2.73898e-05	2.96834e-05	3.76852e-05	3.35168e-05	1.49274e-06	
N0.HOG0001377	7.18088e-13	2.14904e-10	3.80584e-09	4.29105e-08	2.54408e-07	7.48319e-08	
N0.HOG0001378	0.00147361	0.00147831	0.00152904	0.00156859	0.00081217	1.2892e-05	
N0.HOG0001379	0.00147361	0.00147857	0.00153306	0.00159638	0.000878332	1.74358e-05	
N0.HOG0001380	3.03907e-13	8.99025e-11	1.41224e-09	1.2485e-08	6.95952e-08	2.86454e-08	
N0.HOG0001381	0.00147369	0.00150211	0.00183197	0.00268218	0.00169918	2.34139e-05	
N0.HOG0001382	0.00147358	0.00146931	0.00141382	0.00113299	0.000426369	5.75099e-06	
N0.HOG0001383	3.18597e-19	7.3708e-16	1.59128e-13	1.19657e-11	4.79493e-10	1.45606e-09	
N0.HOG0001384	2.00204e-25	1.79779e-20	5.91143e-18	1.11239e-15	1.86822e-13	3.97948e-12	
N0.HOG0001385	0.00147357	0.00146681	0.00138185	0.00101143	0.000316545	3.53415e-06	
N0.HOG0001386	5.02254e-07	5.4102e-07	1.03943e-06	3.31661e-06	5.61227e-06	3.88168e-07	
N0.HOG0001387	2.72035e-05	2.77948e-05	3.49539e-05	5.92104e-05	5.64345e-05	1.89949e-06	
N0.HOG0001388	5.02288e-07	5.51662e-07	1.30181e-06	6.74856e-06	1.61253e-05	1.01051e-06	
N0.HOG0001389	5.02161e-07	5.1357e-07	6.53912e-07	1.17851e-06	1.37124e-06	8.10934e-08	
N0.HOG0001390	1.21393e-18	4.3865e-15	1.11683e-12	1.03806e-10	4.42324e-09	1.49096e-08	
N0.HOG0001391	6.0243e-08	1.07009e-05	0.000132926	0.000429984	0.000214138	5.27924e-07	
N0.HOG0001392	5.0221e-07	5.28458e-07	9.29575e-07	4.5024e-06	1.7922e-05	2.11299e-06	
N0.HOG0001394	2.72055e-05	2.83822e-05	4.5105e-05	0.000153706	0.000384599	5.04204e-05	
N0.HOG0001395	1.59345e-11	4.77445e-09	8.52304e-08	9.51719e-07	6.57377e-06	1.48061e-05	
N0.HOG0001397	2.05282e-11	3.6787e-09	5.10158e-08	2.6567e-07	4.02707e-07	8.10114e-09	
N0.HOG0001398	0.0798274	0.0793239	0.073089	0.0480218	0.0108988	5.62191e-05	
N0.HOG0001400	2.11484e-17	4.16905e-16	1.03618e-14	4.16772e-13	2.45972e-11	7.65673e-10	
N0.HOG0001401	3.16042e-12	3.79134e-12	1.52545e-11	1.96243e-10	2.53285e-09	4.06162e-09	
N0.HOG0001402	3.0384e-13	8.95602e-11	1.34529e-09	9.84608e-09	3.74168e-08	9.81602e-09	
N0.HOG0001403	0.00147369	0.00150284	0.00184674	0.00284409	0.00218856	5.81642e-05	
N0.HOG0001406	0.00147361	0.00147831	0.00152904	0.00156859	0.00081217	1.2892e-05	
N0.HOG0001407	9.96064e-18	8.78839e-13	2.3245e-10	1.77111e-08	3.99224e-07	2.3982e-07	
N0.HOG0001408	0.00147358	0.00146931	0.00141382	0.00113299	0.000426369	5.75099e-06	
N0.HOG0001409	2.7202e-05	2.73534e-05	2.91574e-05	3.4523e-05	2.67407e-05	1.03894e-06	
N0.HOG0001410	2.216e-22	1.99273e-17	6.59712e-15	1.10599e-12	9.5725e-11	4.07025e-10	
N0.HOG0001411	3.16078e-12	1.63602e-11	2.45263e-10	2.05331e-09	1.07196e-08	1.14325e-08	
N0.HOG0001412	9.26974e-09	9.53765e-09	1.3102e-08	3.3185e-08	8.76629e-08	2.12641e-08	
N0.HOG0001413	5.9092e-12	1.74194e-09	2.61805e-08	1.90144e-07	6.57132e-07	1.10886e-07	
N0.HOG0001414	5.12797e-14	1.64428e-11	4.79964e-10	9.0474e-09	5.89594e-08	1.76181e-08	
N0.HOG0001415	1.71115e-10	1.76521e-10	2.53168e-10	8.5245e-10	5.15343e-09	7.01984e-09	
N0.HOG0001416	0.00147359	0.00147313	0.00146275	0.00131817	0.000591351	8.96107e-06	
N0.HOG0001417	0.0798274	0.0793239	0.073089	0.0480218	0.0108988	5.62191e-05	
N0.HOG0001419	2.71114e-76	1.4408e-51	1.65845e-39	2.66923e-30	1.27642e-22	1.68795e-16	
N0.HOG0001420	8.03714e-12	2.35826e-09	3.35651e-08	2.04184e-07	5.7647e-07	9.16458e-08	
N0.HOG0001422	5.02139e-07	5.07339e-07	5.74191e-07	8.8912e-07	1.3116e-06	1.54539e-07	
N0.HOG0001423	1.12621e-16	3.37618e-14	6.24176e-13	1.06117e-11	2.22694e-10	6.74623e-10	
N0.HOG0001424	1.22006e-24	1.69546e-18	4.6398e-15	1.11514e-12	6.47545e-11	2.55389e-10	
N0.HOG0001425	9.27522e-09	1.11521e-08	3.74043e-08	2.2099e-07	9.40583e-07	2.1436e-07	
N0.HOG0001426	0.00147358	0.00147	0.00142273	0.00116651	0.000455683	6.30792e-06	
N0.HOG0001427	5.02139e-07	5.0729e-07	5.73282e-07	8.77454e-07	1.23419e-06	1.31619e-07	
N0.HOG0001429	2.72032e-05	2.77074e-05	3.38031e-05	5.42455e-05	5.02936e-05	1.71799e-06	
N0.HOG0001430	5.02173e-07	5.17269e-07	7.19953e-07	1.88151e-06	4.41475e-06	4.90278e-07	
N0.HOG0001431	2.05385e-11	4.21399e-09	1.44341e-07	2.09754e-06	4.696e-06	8.30055e-08	
N0.HOG0001432	0.0798274	0.0793239	0.073089	0.0480218	0.0108988	5.62191e-05	
N0.HOG0001433	0.00147361	0.00147857	0.00153306	0.00159638	0.000878332	1.74358e-05	
N0.HOG0001434	5.02173e-07	5.17269e-07	7.19953e-07	1.88151e-06	4.41475e-06	4.90278e-07	
N0.HOG0001435	0.0798274	0.0793239	0.073089	0.0480218	0.0108988	5.62191e-05	
N0.HOG0001436	6.36395e-12	1.87665e-09	2.8329e-08	2.09903e-07	7.65136e-07	1.44991e-07	
N0.HOG0001437	1.64633e-11	4.8476e-09	7.18274e-08	4.91215e-07	1.50782e-06	2.25646e-07	
N0.HOG0001438	0.00147369	0.00150211	0.00183197	0.00268218	0.00169918	2.34139e-05	
N0.HOG0001439	0.00147369	0.00150284	0.00184674	0.00284409	0.00218856	5.81642e-05	
N0.HOG0001442	0.0798274	0.0793239	0.073089	0.0480218	0.0108988	5.62191e-05	
N0.HOG0001444	0.00147361	0.00147831	0.00152904	0.00156859	0.00081217	1.2892e-05	
N0.HOG0001445	5.61027e-15	1.69095e-12	3.26182e-11	5.05438e-10	5.30593e-09	3.98931e-09	
N0.HOG0001446	2.72017e-05	2.72648e-05	2.80082e-05	2.98952e-05	2.18655e-05	9.35778e-07	
N0.HOG0001447	6.53671e-22	5.83683e-17	1.79256e-14	2.5611e-12	2.28056e-10	1.75953e-09	
N0.HOG0001448	0.00147361	0.00147831	0.00152904	0.00156859	0.00081217	1.2892e-05	
N0.HOG0001449	3.03906e-13	8.98153e-11	1.39439e-09	1.18016e-08	6.22597e-08	2.63228e-08	
N0.HOG0001450	0.0798274	0.0793239	0.073089	0.0480218	0.0108988	5.62191e-05	
N0.HOG0001451	0.00147358	0.00146931	0.00141382	0.00113299	0.000426369	5.75099e-06	
N0.HOG0001452	9.03933e-15	2.84929e-12	7.97857e-11	2.15823e-09	3.35769e-08	2.72481e-08	
N0.HOG0001453	5.02201e-07	5.25635e-07	8.69538e-07	3.50807e-06	1.26961e-05	2.61106e-06	
N0.HOG0001454	2.72022e-05	2.74164e-05	3.00635e-05	3.9868e-05	3.74846e-05	1.63248e-06	
N0.HOG0001455	3.64979e-30	2.70275e-20	1.09852e-15	1.58927e-12	3.74053e-10	3.81166e-09	
N0.HOG0001459	0.00147369	0.00150284	0.00184674	0.00284409	0.00218856	5.81642e-05	
N0.HOG0001460	2.05491e-27	5.23151e-20	1.66374e-16	6.0729e-14	9.1659e-12	1.642e-10	
N0.HOG0001461	9.2701e-09	9.64706e-09	1.54542e-08	7.50231e-08	4.69595e-07	1.37446e-07	
N0.HOG0001462	0.00147358	0.00146931	0.00141382	0.00113299	0.000426369	5.75099e-06	
N0.HOG0001464	2.7202e-05	2.73534e-05	2.91574e-05	3.4523e-05	2.67407e-05	1.03894e-06	
N0.HOG0001466	5.02152e-07	5.10988e-07	6.30172e-07	1.31144e-06	2.68059e-06	3.00478e-07	
N0.HOG0001467	7.50804e-14	2.20194e-11	3.11787e-10	1.89538e-09	6.16088e-09	1.92134e-09	
N0.HOG0001468	6.15003e-12	9.0726e-10	1.76086e-08	2.32672e-07	1.22329e-06	1.56792e-07	
N0.HOG0001469	5.02474e-07	6.05295e-07	1.90378e-06	7.4014e-06	1.18345e-05	6.42438e-07	
N0.HOG0001470	0.0798274	0.0793239	0.073089	0.0480218	0.0108988	5.62191e-05	
N0.HOG0001471	1.64633e-11	4.8476e-09	7.18274e-08	4.91215e-07	1.50782e-06	2.25646e-07	
N0.HOG0001472	7.51513e-14	2.27008e-11	4.45907e-10	6.84935e-09	6.03491e-08	2.6814e-08	
N0.HOG0001473	5.13798e-10	1.0036e-07	1.36186e-06	6.71391e-06	1.11129e-05	5.86278e-07	
N0.HOG0001474	1.75156e-10	1.38152e-09	2.06229e-08	1.90367e-07	7.84093e-07	2.27531e-07	
N0.HOG0001475	2.72016e-05	2.72359e-05	2.76194e-05	2.80252e-05	1.87991e-05	7.2718e-07	
N0.HOG0001476	1.21384e-18	4.29393e-15	8.69065e-13	4.45486e-11	1.01672e-09	1.83119e-09	
N0.HOG0001477	2.72032e-05	2.77074e-05	3.38031e-05	5.42455e-05	5.02936e-05	1.71799e-06	
N0.HOG0001478	2.03665e-17	1.69732e-16	2.74773e-15	4.81466e-14	1.57552e-12	1.62718e-11	
N0.HOG0001479	0.00147361	0.00147857	0.00153306	0.00159638	0.000878332	1.74358e-05	
N0.HOG0001480	1.32557e-14	3.99476e-12	7.70215e-11	1.21271e-09	1.35412e-08	9.6634e-09	
N0.HOG0001481	1.16842e-18	3.59205e-16	8.73486e-15	3.21061e-13	1.94853e-11	1.83782e-10	
N0.HOG0001482	1.95635e-70	9.16898e-46	2.82552e-34	1.86497e-26	2.52235e-20	1.45225e-15	
N0.HOG0001483	9.26991e-09	9.58852e-09	1.40894e-08	4.80409e-08	2.43685e-07	1.63372e-07	
N0.HOG0001484	0.0798274	0.0793239	0.073089	0.0480218	0.0108988	5.62191e-05	
N0.HOG0001485	5.02125e-07	5.03273e-07	5.1813e-07	5.86536e-07	5.9562e-07	5.55347e-08	
N0.HOG0001486	0.00147369	0.00150284	0.00184674	0.00284409	0.00218856	5.81642e-05	
N0.HOG0001487	0.0798274	0.0793239	0.073089	0.0480218	0.0108988	5.62191e-05	
N0.HOG0001488	3.03906e-13	8.98153e-11	1.39439e-09	1.18016e-08	6.22597e-08	2.63228e-08	
N0.HOG0001489	0.0798274	0.0793239	0.073089	0.0480218	0.0108988	5.62191e-05	
N0.HOG0001491	3.27005e-23	8.58573e-16	3.77514e-12	2.85596e-09	7.30029e-07	3.96355e-05	
N0.HOG0001493	0.0798274	0.0793239	0.073089	0.0480218	0.0108988	5.62191e-05	
N0.HOG0001494	2.20337e-10	6.42703e-08	8.49486e-07	3.74574e-06	5.14178e-06	2.65149e-07	
N0.HOG0001495	0.0798274	0.0793239	0.073089	0.0480218	0.0108988	5.62191e-05	
N0.HOG0001496	2.72017e-05	2.72499e-05	2.77833e-05	2.83413e-05	1.78491e-05	5.46394e-07	
N0.HOG0001497	6.95349e-17	5.94579e-12	1.10765e-09	2.99069e-08	1.82343e-07	4.04382e-08	
N0.HOG0001498	0.0798274	0.0793239	0.073089	0.0480218	0.0108988	5.62191e-05	
N0.HOG0001499	0.0798274	0.0793239	0.073089	0.0480218	0.0108988	5.62191e-05	
N0.HOG0001501	2.72021e-05	2.73594e-05	2.92513e-05	3.5244e-05	2.91756e-05	1.41477e-06	
N0.HOG0001502	1.83931e-19	1.5913e-14	3.42274e-12	1.64899e-10	3.3254e-09	5.00726e-09	
N0.HOG0001503	2.72015e-05	2.71939e-05	2.70558e-05	2.5384e-05	1.47576e-05	5.08788e-07	
N0.HOG0001504	0.0798274	0.0793239	0.073089	0.0480218	0.0108988	5.62191e-05	
N0.HOG0001505	2.72055e-05	2.83684e-05	4.47444e-05	0.000144955	0.000298601	2.02967e-05	
N0.HOG0001506	0.0798274	0.0793239	0.073089	0.0480218	0.0108988	5.62191e-05	
N0.HOG0001507	2.7202e-05	2.73534e-05	2.91574e-05	3.4523e-05	2.67407e-05	1.03894e-06	
N0.HOG0001509	0.00147361	0.00147831	0.00152904	0.00156859	0.00081217	1.2892e-05	
N0.HOG0001510	0.0798274	0.0793239	0.073089	0.0480218	0.0108988	5.62191e-05	
N0.HOG0001511	1.10343e-15	1.01113e-14	3.94228e-13	2.86559e-11	1.64145e-09	3.56659e-09	
N0.HOG0001512	0.00147361	0.00147831	0.00152904	0.00156859	0.00081217	1.2892e-05	
N0.HOG0001513	5.02203e-07	5.26114e-07	8.79748e-07	3.68426e-06	1.37811e-05	2.56538e-06	
N0.HOG0001514	0.0798274	0.0793239	0.073089	0.0480218	0.0108988	5.62191e-05	
N0.HOG0001515	0.00147358	0.0014697	0.00141888	0.00115371	0.000449626	6.47774e-06	
N0.HOG0001516	4.35429e-15	1.3283e-12	2.93669e-11	6.93106e-10	1.15925e-08	6.61551e-09	
N0.HOG0001518	0.0798274	0.0793239	0.073089	0.0480218	0.0108988	5.62191e-05	
N0.HOG0001519	2.72042e-05	2.79938e-05	3.83254e-05	8.76107e-05	0.000126622	5.36922e-06	
N0.HOG0001520	0.00147358	0.00147125	0.00143885	0.00123069	0.000522969	8.34011e-06	
N0.HOG0001521	1.19896e-28	7.28244e-23	3.33005e-19	4.88435e-16	3.97533e-13	4.25968e-11	
N0.HOG0001522	2.7202e-05	2.73534e-05	2.91574e-05	3.4523e-05	2.67407e-05	1.03894e-06	
N0.HOG0001524	2.7204e-05	2.79239e-05	3.74436e-05	8.62748e-05	0.000154351	1.51184e-05	
N0.HOG0001525	0.0798274	0.0793239	0.073089	0.0480218	0.0108988	5.62191e-05	
N0.HOG0001526	9.27053e-09	9.77596e-09	1.77395e-08	1.04656e-07	8.66674e-07	9.45223e-07	
N0.HOG0001527	3.54027e-15	1.08864e-12	2.60726e-11	7.15966e-10	1.43457e-08	2.02135e-08	
N0.HOG0001528	0.0798274	0.0793239	0.073089	0.0480218	0.0108988	5.62191e-05	
N0.HOG0001529	2.72042e-05	2.79988e-05	3.8426e-05	8.91632e-05	0.000136937	7.26159e-06	
N0.HOG0001530	0.00147358	0.0014697	0.00141888	0.00115371	0.000449626	6.47774e-06	
N0.HOG0001531	2.25072e-20	6.8282e-18	1.48975e-16	6.69554e-15	1.22853e-12	3.57422e-11	
N0.HOG0001532	3.44777e-20	3.0043e-15	7.02587e-13	4.46157e-11	1.29672e-09	2.31687e-09	
N0.HOG0001533	2.7202e-05	2.73534e-05	2.91574e-05	3.4523e-05	2.67407e-05	1.03894e-06	
N0.HOG0001534	0.0798274	0.0793239	0.073089	0.0480218	0.0108988	5.62191e-05	
N0.HOG0001535	2.72022e-05	2.74164e-05	3.00635e-05	3.9868e-05	3.74846e-05	1.63248e-06	
N0.HOG0001536	0.0798274	0.0793239	0.073089	0.0480218	0.0108988	5.62191e-05	
N0.HOG0001537	0.00147358	0.00147	0.00142273	0.00116651	0.000455683	6.30792e-06	
N0.HOG0001538	5.02176e-07	5.18226e-07	7.3672e-07	2.04462e-06	5.36971e-06	1.07488e-06	
N0.HOG0001539	1.21384e-18	4.28863e-15	8.55019e-13	4.1353e-11	8.61749e-10	1.47821e-09	
N0.HOG0001540	0.0798274	0.0793239	0.073089	0.0480218	0.0108988	5.62191e-05	
N0.HOG0001541	0.0798274	0.0793239	0.073089	0.0480218	0.0108988	5.62191e-05	
N0.HOG0001542	0.00147357	0.00146774	0.00139369	0.00105657	0.000357719	4.41484e-06	
N0.HOG0001543	0.00147357	0.0014678	0.00139453	0.00106011	0.000361979	4.56087e-06	
N0.HOG0001544	2.72023e-05	2.74237e-05	3.01802e-05	4.09118e-05	4.21459e-05	2.58661e-06	
N0.HOG0001545	9.95988e-18	8.5965e-13	1.79393e-10	7.48144e-09	1.00179e-07	5.90602e-08	
N0.HOG0001546	6.26797e-23	5.57267e-18	1.63877e-15	2.20627e-13	2.37282e-11	3.11824e-10	
N0.HOG0001547	3.03907e-13	8.99025e-11	1.41224e-09	1.2485e-08	6.95952e-08	2.86454e-08	
N0.HOG0001548	1.6461e-11	4.94468e-09	9.13499e-08	1.14871e-06	6.51201e-06	1.08642e-06	
N0.HOG0001549	5.02167e-07	5.15506e-07	6.87948e-07	1.52033e-06	2.74286e-06	2.78297e-07	
N0.HOG0001550	0.0798274	0.0793239	0.073089	0.0480218	0.0108988	5.62191e-05	
N0.HOG0001551	0.00147359	0.00147313	0.00146275	0.00131817	0.000591351	8.96107e-06	
N0.HOG0001552	0.0798274	0.0793239	0.073089	0.0480218	0.0108988	5.62191e-05	
N0.HOG0001553	0.00147367	0.00149745	0.00177273	0.00246548	0.00153231	2.18671e-05	
N0.HOG0001554	2.72043e-05	2.80125e-05	3.87357e-05	9.45458e-05	0.000176375	1.80391e-05	
N0.HOG0001555	0.00147358	0.00146931	0.00141382	0.00113299	0.000426369	5.75099e-06	
N0.HOG0001557	0.0798274	0.0793239	0.073089	0.0480218	0.0108988	5.62191e-05	
N0.HOG0001558	4.06732e-12	1.19079e-09	1.64911e-08	8.99906e-08	2.12123e-07	3.05644e-08	
N0.HOG0001559	0.0798274	0.0793239	0.073089	0.0480218	0.0108988	5.62191e-05	
N0.HOG0001560	1.71118e-10	1.77417e-10	2.68664e-10	1.05699e-09	7.99846e-09	1.28623e-08	
N0.HOG0001561	1.75348e-10	1.4147e-09	1.71927e-08	8.91209e-08	1.98897e-07	2.59321e-08	
N0.HOG0001562	2.72034e-05	2.77444e-05	3.4414e-05	5.92329e-05	6.32255e-05	2.52374e-06	
N0.HOG0001563	5.02167e-07	5.15506e-07	6.87948e-07	1.52033e-06	2.74286e-06	2.78297e-07	
N0.HOG0001564	2.72081e-05	2.91324e-05	5.19374e-05	0.000120827	0.00010343	2.42633e-06	
N0.HOG0001565	0.00147358	0.0014697	0.00141888	0.00115371	0.000449626	6.47774e-06	
N0.HOG0001566	7.18115e-42	6.13364e-32	1.0304e-26	5.60194e-22	1.87958e-17	8.29748e-14	
N0.HOG0001567	9.27057e-09	9.78879e-09	1.80404e-08	1.12422e-07	1.01729e-06	1.22607e-06	
N0.HOG0001569	5.02166e-07	5.15205e-07	6.83619e-07	1.50337e-06	2.96342e-06	5.26391e-07	
N0.HOG0001570	5.02165e-07	5.14851e-07	6.76341e-07	1.39984e-06	2.23204e-06	2.05209e-07	
N0.HOG0001571	7.64151e-09	2.22286e-06	2.85197e-05	0.000109025	9.8751e-05	1.73567e-06	
N0.HOG0001572	1.64633e-11	4.8476e-09	7.18274e-08	4.91215e-07	1.50782e-06	2.25646e-07	
N0.HOG0001573	0.00147358	0.00146931	0.00141382	0.00113299	0.000426369	5.75099e-06	
N0.HOG0001575	5.02137e-07	5.06664e-07	5.64017e-07	8.14511e-07	1.04612e-06	1.06399e-07	
N0.HOG0001576	0.00147369	0.00150284	0.00184674	0.00284409	0.00218856	5.81642e-05	
N0.HOG0001577	0.00147361	0.00147831	0.00152904	0.00156859	0.00081217	1.2892e-05	
N0.HOG0001578	6.26905e-23	5.84573e-18	2.44101e-15	4.23472e-13	3.48099e-11	3.12845e-10	
N0.HOG0001579	0.0798274	0.0793239	0.073089	0.0480218	0.0108988	5.62191e-05	
N0.HOG0001580	1.71132e-10	1.81926e-10	3.65735e-10	3.41236e-09	6.621e-08	1.24334e-07	
N0.HOG0001581	0.0798274	0.0793239	0.073089	0.0480218	0.0108988	5.62191e-05	
N0.HOG0001582	9.26983e-09	9.56463e-09	1.36802e-08	4.18631e-08	1.48227e-07	4.2043e-08	
N0.HOG0001583	0.0798274	0.0793239	0.073089	0.0480218	0.0108988	5.62191e-05	
N0.HOG0001584	0.00147357	0.00146774	0.00139369	0.00105657	0.000357719	4.41484e-06	
N0.HOG0001585	5.02129e-07	5.04242e-07	5.30719e-07	6.38763e-07	6.7092e-07	6.62957e-08	
N0.HOG0001586	0.0798274	0.0793239	0.073089	0.0480218	0.0108988	5.62191e-05	
N0.HOG0001587	4.27547e-73	1.99186e-48	5.72083e-37	3.01885e-29	3.50785e-23	3.67146e-18	
N0.HOG0001588	0.00147369	0.00150211	0.00183197	0.00268218	0.00169918	2.34139e-05	
N0.HOG0001589	3.42884e-15	1.03851e-12	2.1211e-11	4.00747e-10	5.663e-09	4.81539e-09	
N0.HOG0001590	0.0798274	0.0793239	0.073089	0.0480218	0.0108988	5.62191e-05	
N0.HOG0001591	0.00147359	0.00147313	0.00146275	0.00131817	0.000591351	8.96107e-06	
N0.HOG0001592	1.00756e-42	2.33969e-30	2.83294e-24	2.2336e-19	4.4207e-15	5.97361e-12	
N0.HOG0001593	2.72019e-05	2.73162e-05	2.87235e-05	3.36867e-05	2.83169e-05	1.17721e-06	
N0.HOG0001594	0.00147369	0.00150211	0.00183197	0.00268218	0.00169918	2.34139e-05	
N0.HOG0001595	0.00147358	0.0014697	0.00141888	0.00115371	0.000449626	6.47774e-06	
N0.HOG0001596	1.64634e-11	4.85526e-09	7.3367e-08	5.45398e-07	1.98492e-06	3.48859e-07	
N0.HOG0001598	0.0798274	0.0793239	0.073089	0.0480218	0.0108988	5.62191e-05	
N0.HOG0001599	2.72036e-05	2.78234e-05	3.54374e-05	6.32814e-05	6.64733e-05	2.39515e-06	
N0.HOG0001600	5.02137e-07	5.06798e-07	5.66034e-07	8.29412e-07	1.1036e-06	1.20463e-07	
N0.HOG0001601	1.64633e-11	4.8476e-09	7.18274e-08	4.91215e-07	1.50782e-06	2.25646e-07	
N0.HOG0001602	0.00147361	0.00147831	0.00152904	0.00156859	0.00081217	1.2892e-05	
N0.HOG0001603	2.20337e-10	6.42703e-08	8.49486e-07	3.74574e-06	5.14178e-06	2.65149e-07	
N0.HOG0001604	3.03929e-13	9.17959e-11	1.80035e-09	2.7436e-08	2.35078e-07	9.3976e-08	
N0.HOG0001605	9.26931e-09	9.41059e-09	1.12917e-08	2.18421e-08	4.90063e-08	1.15127e-08	
N0.HOG0001606	0.0798274	0.0793239	0.073089	0.0480218	0.0108988	5.62191e-05	
N0.HOG0001607	0.0798274	0.0793239	0.073089	0.0480218	0.0108988	5.62191e-05	
N0.HOG0001608	1.82102e-10	3.3816e-09	4.26662e-08	1.90995e-07	3.08856e-07	4.54319e-08	
N0.HOG0001609	0.0798274	0.0793239	0.073089	0.0480218	0.0108988	5.62191e-05	
N0.HOG0001610	2.72017e-05	2.72499e-05	2.77833e-05	2.83413e-05	1.78491e-05	5.46394e-07	
N0.HOG0001611	9.27248e-09	1.0357e-08	2.76194e-08	1.83505e-07	7.21592e-07	1.14358e-07	
N0.HOG0001612	0.00147358	0.0014697	0.00141888	0.00115371	0.000449626	6.47774e-06	
N0.HOG0001613	4.17142e-15	1.24321e-12	2.14333e-11	2.84247e-10	4.02939e-09	6.57374e-09	
N0.HOG0001614	1.83868e-19	1.62483e-14	4.42402e-12	4.16044e-10	1.70277e-08	2.95335e-08	
N0.HOG0001616	0.00147361	0.00147857	0.00153306	0.00159638	0.000878332	1.74358e-05	
N0.HOG0001617	0.00147361	0.00147831	0.00152904	0.00156859	0.00081217	1.2892e-05	
N0.HOG0001618	3.03929e-13	9.17959e-11	1.80035e-09	2.7436e-08	2.35078e-07	9.3976e-08	
N0.HOG0001619	0.00147358	0.0014697	0.00141888	0.00115371	0.000449626	6.47774e-06	
N0.HOG0001620	2.7202e-05	2.73534e-05	2.91574e-05	3.4523e-05	2.67407e-05	1.03894e-06	
N0.HOG0001621	2.72042e-05	2.79938e-05	3.83254e-05	8.76107e-05	0.000126622	5.36922e-06	
N0.HOG0001622	9.26905e-09	9.33526e-09	1.01979e-08	1.46417e-08	2.48447e-08	6.51343e-09	
N0.HOG0001623	5.02137e-07	5.06696e-07	5.64522e-07	8.18915e-07	1.07022e-06	1.15952e-07	
N0.HOG0001628	1.64612e-11	4.96005e-09	9.43862e-08	1.24567e-06	7.11049e-06	1.13618e-06	
N0.HOG0001629	0.00147368	0.00149809	0.00178514	0.00259529	0.00191527	4.87343e-05	
N0.HOG0001630	3.29407e-17	2.81386e-12	5.17695e-10	1.32767e-08	7.38796e-08	1.58856e-08	
N0.HOG0001631	4.24801e-12	1.27628e-09	2.34739e-08	2.77588e-07	1.38072e-06	2.0356e-07	
N0.HOG0001632	0.00147369	0.00150284	0.00184674	0.00284409	0.00218856	5.81642e-05	
N0.HOG0001633	0.0798274	0.0793239	0.073089	0.0480218	0.0108988	5.62191e-05	
N0.HOG0001634	0.00147369	0.00150211	0.00183197	0.00268218	0.00169918	2.34139e-05	
N0.HOG0001635	5.02139e-07	5.0729e-07	5.73282e-07	8.77454e-07	1.23419e-06	1.31619e-07	
N0.HOG0001636	0.0798274	0.0793239	0.073089	0.0480218	0.0108988	5.62191e-05	
N0.HOG0001637	9.26999e-09	9.61424e-09	1.46766e-08	5.94686e-08	3.71327e-07	2.36065e-07	
N0.HOG0001638	2.72039e-05	2.78957e-05	3.66637e-05	7.36239e-05	9.21948e-05	3.73207e-06	
N0.HOG0001639	3.15873e-12	3.27836e-12	5.04487e-12	2.24854e-11	2.6561e-10	1.08582e-09	
N0.HOG0001640	0.00147361	0.00147831	0.00152904	0.00156859	0.00081217	1.2892e-05	
N0.HOG0001641	3.24164e-12	2.82969e-11	4.91059e-10	7.3158e-09	6.92355e-08	6.8541e-08	
N0.HOG0001642	0.00147361	0.00147831	0.00152904	0.00156859	0.00081217	1.2892e-05	
N0.HOG0001643	2.72038e-05	2.78578e-05	3.60196e-05	6.81716e-05	7.84212e-05	2.95993e-06	
N0.HOG0001644	0.0798274	0.0793239	0.073089	0.0480218	0.0108988	5.62191e-05	
N0.HOG0001645	5.02137e-07	5.06664e-07	5.64017e-07	8.14511e-07	1.04612e-06	1.06399e-07	
N0.HOG0001646	4.20579e-12	1.24638e-09	1.99501e-08	1.79561e-07	7.9463e-07	1.3405e-07	
N0.HOG0001647	0.00147361	0.00147857	0.00153306	0.00159638	0.000878332	1.74358e-05	
N0.HOG0001648	1.75353e-10	1.42579e-09	1.90256e-08	1.38967e-07	5.42194e-07	1.06174e-07	
N0.HOG0001649	2.72015e-05	2.71958e-05	2.70803e-05	2.54925e-05	1.49197e-05	5.25844e-07	
N0.HOG0001651	0.00147357	0.00146774	0.00139369	0.00105657	0.000357719	4.41484e-06	
N0.HOG0001653	6.47589e-14	3.22353e-11	5.73374e-09	1.58101e-07	9.40899e-07	1.43814e-07	
N0.HOG0001655	2.72193e-05	3.23849e-05	9.51779e-05	0.00031503	0.000362019	1.0237e-05	
N0.HOG0001660	2.7202e-05	2.73534e-05	2.91574e-05	3.4523e-05	2.67407e-05	1.03894e-06	
N0.HOG0001661	3.03912e-13	9.03845e-11	1.51872e-09	1.76747e-08	1.49986e-07	7.55242e-08	
N0.HOG0001662	0.0798274	0.0793239	0.073089	0.0480218	0.0108988	5.62191e-05	
N0.HOG0001663	9.27591e-09	4.80916e-08	7.18774e-07	4.30265e-06	6.12264e-06	9.23843e-07	
N0.HOG0001664	2.72037e-05	2.78307e-05	3.55641e-05	6.44387e-05	7.00992e-05	2.69782e-06	
N0.HOG0001665	0.0798274	0.0793239	0.073089	0.0480218	0.0108988	5.62191e-05	
N0.HOG0001666	0.0798274	0.0793239	0.073089	0.0480218	0.0108988	5.62191e-05	
N0.HOG0001667	6.63251e-19	5.76151e-14	1.29691e-11	6.95171e-10	1.26153e-08	9.38485e-09	
N0.HOG0001668	3.20109e-10	9.34699e-08	1.25144e-06	5.82122e-06	8.81809e-06	4.8263e-07	
N0.HOG0001669	0.00147361	0.00147857	0.00153306	0.00159638	0.000878332	1.74358e-05	
N0.HOG0001670	0.0798274	0.0793239	0.073089	0.0480218	0.0108988	5.62191e-05	
N0.HOG0001672	9.95984e-18	8.58768e-13	1.76946e-10	7.00013e-09	8.50462e-08	4.66944e-08	
N0.HOG0001673	2.72015e-05	2.71867e-05	2.69594e-05	2.49281e-05	1.39942e-05	4.51636e-07	
N0.HOG0001674	6.08073e-19	5.21853e-14	1.01787e-11	3.37448e-10	3.40971e-09	2.00866e-09	
N0.HOG0001675	2.13255e-18	6.69105e-16	1.04148e-13	2.40049e-11	1.74884e-09	1.5527e-08	
N0.HOG0001676	1.10465e-15	9.88166e-15	2.29549e-13	9.1866e-12	5.21577e-10	9.31267e-09	
N0.HOG0001678	0.0798274	0.0793239	0.073089	0.0480218	0.0108988	5.62191e-05	
N0.HOG0001679	0.00147369	0.00150211	0.00183197	0.00268218	0.00169918	2.34139e-05	
N0.HOG0001680	5.02179e-07	5.18917e-07	7.50009e-07	2.2319e-06	6.73041e-06	1.54438e-06	
N0.HOG0001681	5.02169e-07	5.1605e-07	6.97616e-07	1.62154e-06	3.18691e-06	3.5159e-07	
N0.HOG0001682	0.0798274	0.0793239	0.073089	0.0480218	0.0108988	5.62191e-05	
N0.HOG0001683	0.00147357	0.00146774	0.00139369	0.00105657	0.000357719	4.41484e-06	
N0.HOG0001684	0.0798274	0.0793239	0.073089	0.0480218	0.0108988	5.62191e-05	
N0.HOG0001685	5.02137e-07	5.06798e-07	5.66034e-07	8.29412e-07	1.1036e-06	1.20463e-07	
N0.HOG0001686	5.39552e-16	4.64101e-11	9.27392e-09	3.171e-07	2.56068e-06	5.75832e-07	
N0.HOG0001687	0.0798274	0.0793239	0.073089	0.0480218	0.0108988	5.62191e-05	
N0.HOG0001689	2.72036e-05	2.78234e-05	3.54374e-05	6.32814e-05	6.64733e-05	2.39515e-06	
N0.HOG0001690	0.00147358	0.0014697	0.00141888	0.00115371	0.000449626	6.47774e-06	
N0.HOG0001691	2.85145e-12	8.55133e-10	1.53937e-08	1.69848e-07	8.05475e-07	1.40362e-07	
N0.HOG0001692	5.02139e-07	5.0729e-07	5.73282e-07	8.77454e-07	1.23419e-06	1.31619e-07	
N0.HOG0001693	6.03044e-24	1.5225e-16	4.35885e-13	9.94446e-11	4.7906e-09	1.05084e-08	
N0.HOG0001694	0.00147367	0.00149745	0.00177273	0.00246548	0.00153231	2.18671e-05	
N0.HOG0001695	0.0798274	0.0793239	0.073089	0.0480218	0.0108988	5.62191e-05	
N0.HOG0001696	9.26995e-09	9.59966e-09	1.42638e-08	4.85003e-08	2.14907e-07	1.19963e-07	
N0.HOG0001697	0.00147358	0.0014697	0.00141888	0.00115371	0.000449626	6.47774e-06	
N0.HOG0001698	0.00147358	0.0014697	0.00141888	0.00115371	0.000449626	6.47774e-06	
N0.HOG0001699	4.83355e-88	1.97818e-58	1.44604e-44	6.09155e-35	4.25757e-27	4.22687e-20	
N0.HOG0001700	5.02211e-07	5.28552e-07	9.31997e-07	4.57771e-06	1.92518e-05	2.82226e-06	
N0.HOG0001701	0.0798274	0.0793239	0.073089	0.0480218	0.0108988	5.62191e-05	
N0.HOG0001702	2.72017e-05	2.72567e-05	2.78975e-05	2.93237e-05	2.07663e-05	8.31904e-07	
N0.HOG0001704	0.00147357	0.00146774	0.00139369	0.00105657	0.000357719	4.41484e-06	
N0.HOG0001705	2.72016e-05	2.7223e-05	2.74466e-05	2.722e-05	1.75931e-05	6.68218e-07	
N0.HOG0001706	1.71168e-10	1.92549e-10	5.6112e-10	5.45605e-09	4.79322e-08	2.35853e-08	
N0.HOG0001707	0.00147369	0.00150211	0.00183197	0.00268218	0.00169918	2.34139e-05	
N0.HOG0001709	2.72017e-05	2.72518e-05	2.78323e-05	2.90321e-05	2.04413e-05	8.44203e-07	
N0.HOG0001710	2.72043e-05	2.80075e-05	3.86343e-05	9.28996e-05	0.000163089	1.33381e-05	
N0.HOG0001711	2.72055e-05	2.83684e-05	4.47444e-05	0.000144955	0.000298601	2.02967e-05	
N0.HOG0001712	0.0798274	0.0793239	0.073089	0.0480218	0.0108988	5.62191e-05	
N0.HOG0001713	0.00147356	0.00146577	0.00136851	0.000960367	0.000269219	2.49419e-06	
N0.HOG0001714	0.0798274	0.0793239	0.073089	0.0480218	0.0108988	5.62191e-05	
N0.HOG0001715	2.72017e-05	2.72605e-05	2.79376e-05	2.93121e-05	2.03572e-05	8.39381e-07	
N0.HOG0001716	3.30501e-13	9.80193e-11	1.58706e-09	1.55852e-08	9.88246e-08	3.59989e-08	
N0.HOG0001717	2.7202e-05	2.73534e-05	2.91574e-05	3.4523e-05	2.67407e-05	1.03894e-06	
N0.HOG0001718	0.00147361	0.00147831	0.00152904	0.00156859	0.00081217	1.2892e-05	
N0.HOG0001719	2.72042e-05	2.79938e-05	3.83254e-05	8.76107e-05	0.000126622	5.36922e-06	
N0.HOG0001720	0.0798274	0.0793239	0.073089	0.0480218	0.0108988	5.62191e-05	
N0.HOG0001721	1.54978e-23	1.35587e-18	3.35326e-16	2.9559e-14	2.36455e-12	3.89235e-11	
N0.HOG0001722	2.72054e-05	2.83563e-05	4.44333e-05	0.000137705	0.000238895	9.10712e-06	
N0.HOG0001723	1.646e-11	4.85206e-09	7.29077e-08	5.29036e-07	1.82531e-06	3.04468e-07	
N0.HOG0001725	9.26984e-09	9.56931e-09	1.3788e-08	4.42573e-08	1.88039e-07	1.00008e-07	
N0.HOG0001726	0.0798274	0.0793239	0.073089	0.0480218	0.0108988	5.62191e-05	
N0.HOG0001727	0.0798274	0.0793239	0.073089	0.0480218	0.0108988	5.62191e-05	
N0.HOG0001728	2.72043e-05	2.80125e-05	3.87357e-05	9.45458e-05	0.000176375	1.80391e-05	
N0.HOG0001729	5.6061e-14	1.66177e-11	2.67767e-10	2.65217e-09	1.94376e-08	1.22868e-08	
N0.HOG0001730	6.59652e-16	5.6963e-11	1.18689e-08	4.41618e-07	3.31549e-06	3.93234e-07	
N0.HOG0001732	0.00147357	0.00146774	0.00139369	0.00105657	0.000357719	4.41484e-06	
N0.HOG0001733	0.0798274	0.0793239	0.073089	0.0480218	0.0108988	5.62191e-05	
N0.HOG0001734	0.0798274	0.0793239	0.073089	0.0480218	0.0108988	5.62191e-05	
N0.HOG0001735	0.0798274	0.0793239	0.073089	0.0480218	0.0108988	5.62191e-05	
N0.HOG0001736	5.02178e-07	5.1878e-07	7.47337e-07	2.19181e-06	6.38022e-06	1.36563e-06	
N0.HOG0001737	0.0798274	0.0793239	0.073089	0.0480218	0.0108988	5.62191e-05	
N0.HOG0001738	2.72037e-05	2.78501e-05	3.5948e-05	6.90868e-05	9.15043e-05	6.52616e-06	
N0.HOG0001739	1.32112e-11	3.96412e-09	7.20785e-08	8.83044e-07	8.31125e-06	4.8028e-05	
N0.HOG0001740	0.0798274	0.0793239	0.073089	0.0480218	0.0108988	5.62191e-05	
N0.HOG0001741	1.71116e-10	1.77054e-10	2.6327e-10	1.01227e-09	7.21957e-09	7.11951e-09	
N0.HOG0001742	0.00147369	0.00150211	0.00183197	0.00268218	0.00169918	2.34139e-05	
N0.HOG0001743	0.00147361	0.00147831	0.00152904	0.00156859	0.00081217	1.2892e-05	
N0.HOG0001745	2.20337e-10	6.42703e-08	8.49486e-07	3.74574e-06	5.14178e-06	2.65149e-07	
N0.HOG0001746	2.72021e-05	2.73826e-05	2.95776e-05	3.70082e-05	3.17729e-05	1.31996e-06	
N0.HOG0001747	2.7202e-05	2.73534e-05	2.91574e-05	3.4523e-05	2.67407e-05	1.03894e-06	
N0.HOG0001748	0.0798274	0.0793239	0.073089	0.0480218	0.0108988	5.62191e-05	
N0.HOG0001749	2.72021e-05	2.73826e-05	2.95776e-05	3.70082e-05	3.17729e-05	1.31996e-06	
N0.HOG0001750	2.20337e-10	6.42703e-08	8.49486e-07	3.74574e-06	5.14178e-06	2.65149e-07	
N0.HOG0001751	1.71132e-10	1.81805e-10	3.60453e-10	2.94687e-09	3.98794e-08	4.10285e-08	
N0.HOG0001752	0.0798274	0.0793239	0.073089	0.0480218	0.0108988	5.62191e-05	
N0.HOG0001753	0.00147361	0.00147831	0.00152904	0.00156859	0.00081217	1.2892e-05	
N0.HOG0001755	0.0798274	0.0793239	0.073089	0.0480218	0.0108988	5.62191e-05	
N0.HOG0001758	3.02271e-23	1.84769e-18	6.63605e-16	1.48371e-13	3.31509e-11	4.83499e-09	
N0.HOG0001759	0.00147361	0.00147831	0.00152904	0.00156859	0.00081217	1.2892e-05	
N0.HOG0001760	0.00147357	0.00146774	0.00139369	0.00105657	0.000357719	4.41484e-06	
N0.HOG0001761	3.29407e-17	2.81386e-12	5.17695e-10	1.32767e-08	7.38796e-08	1.58856e-08	
N0.HOG0001762	2.20337e-10	6.42703e-08	8.49486e-07	3.74574e-06	5.14178e-06	2.65149e-07	
N0.HOG0001763	0.00147368	0.00149809	0.00178514	0.00259529	0.00191527	4.87343e-05	
N0.HOG0001764	0.00147358	0.0014697	0.00141888	0.00115371	0.000449626	6.47774e-06	
N0.HOG0001765	1.646e-11	4.85774e-09	7.40391e-08	5.66854e-07	2.10505e-06	3.46035e-07	
N0.HOG0001766	0.00147361	0.00147831	0.00152904	0.00156859	0.00081217	1.2892e-05	
N0.HOG0001767	0.00147358	0.00147112	0.00143705	0.00122055	0.000503005	7.10707e-06	
N0.HOG0001768	8.91677e-10	2.61932e-07	3.76566e-06	2.23026e-05	4.56077e-05	2.72808e-06	
N0.HOG0001769	2.72054e-05	2.83563e-05	4.44333e-05	0.000137705	0.000238895	9.10712e-06	
N0.HOG0001770	2.72036e-05	2.78234e-05	3.54374e-05	6.32814e-05	6.64733e-05	2.39515e-06	
N0.HOG0001771	3.20109e-10	9.34699e-08	1.25144e-06	5.82122e-06	8.81809e-06	4.8263e-07	
N0.HOG0001773	5.02174e-07	5.17521e-07	7.25756e-07	1.9951e-06	5.68622e-06	1.21793e-06	
N0.HOG0001775	0.0798274	0.0793239	0.073089	0.0480218	0.0108988	5.62191e-05	
N0.HOG0001776	2.94944e-10	9.00991e-08	1.86364e-06	2.1002e-05	6.49789e-05	4.35374e-06	
N0.HOG0001777	2.8796e-21	2.54713e-16	7.02343e-14	7.09396e-12	3.79133e-10	1.3536e-09	
N0.HOG0001778	0.0798274	0.0793239	0.073089	0.0480218	0.0108988	5.62191e-05	
N0.HOG0001779	9.52143e-17	2.91921e-14	7.40441e-13	6.86248e-11	1.31177e-08	5.30133e-07	
N0.HOG0001780	5.02489e-07	2.56363e-06	3.1804e-05	0.000103367	6.05416e-05	3.98182e-06	
N0.HOG0001781	9.27142e-09	1.00324e-08	2.03437e-08	7.88763e-08	1.90329e-07	2.55578e-08	
N0.HOG0001782	0.0798274	0.0793239	0.073089	0.0480218	0.0108988	5.62191e-05	
N0.HOG0001783	0.0798274	0.0793239	0.073089	0.0480218	0.0108988	5.62191e-05	
N0.HOG0001784	0.0798274	0.0793239	0.073089	0.0480218	0.0108988	5.62191e-05	
N0.HOG0001785	2.7202e-05	2.73534e-05	2.91574e-05	3.4523e-05	2.67407e-05	1.03894e-06	
N0.HOG0001787	0.0798274	0.0793239	0.073089	0.0480218	0.0108988	5.62191e-05	
N0.HOG0001788	9.26985e-09	9.57149e-09	1.37366e-08	4.15353e-08	1.46626e-07	3.97744e-08	
N0.HOG0001789	0.00147358	0.00146931	0.00141382	0.00113299	0.000426369	5.75099e-06	
N0.HOG0001790	2.03683e-29	1.53565e-19	7.5894e-15	1.8045e-11	5.83991e-09	3.51119e-08	
N0.HOG0001791	0.0798274	0.0793239	0.073089	0.0480218	0.0108988	5.62191e-05	
N0.HOG0001792	6.95349e-17	5.94579e-12	1.10765e-09	2.99069e-08	1.82343e-07	4.04382e-08	
N0.HOG0001793	2.72055e-05	2.83684e-05	4.47444e-05	0.000144955	0.000298601	2.02967e-05	
N0.HOG0001794	0.00147358	0.00146931	0.00141382	0.00113299	0.000426369	5.75099e-06	
N0.HOG0001795	2.72055e-05	2.83701e-05	4.47915e-05	0.000146018	0.000307698	2.26237e-05	
N0.HOG0001796	0.0798274	0.0793239	0.073089	0.0480218	0.0108988	5.62191e-05	
N0.HOG0001797	3.03861e-13	9.14313e-11	1.72637e-09	2.41457e-08	1.88398e-07	6.86621e-08	
N0.HOG0001798	5.02177e-07	5.18527e-07	7.41361e-07	2.06703e-06	4.95357e-06	5.49731e-07	
N0.HOG0001799	0.00147361	0.00147857	0.00153306	0.00159638	0.000878332	1.74358e-05	
N0.HOG0001800	0.0798274	0.0793239	0.073089	0.0480218	0.0108988	5.62191e-05	
N0.HOG0001801	0.0798274	0.0793239	0.073089	0.0480218	0.0108988	5.62191e-05	
N0.HOG0001802	0.00147357	0.0014678	0.00139453	0.00106011	0.000361979	4.56087e-06	
N0.HOG0001804	0.00147369	0.00150211	0.00183197	0.00268218	0.00169918	2.34139e-05	
N0.HOG0001805	0.00147368	0.00149809	0.00178514	0.00259529	0.00191527	4.87343e-05	
N0.HOG0001806	8.91677e-10	2.61932e-07	3.76566e-06	2.23026e-05	4.56077e-05	2.72808e-06	
N0.HOG0001807	0.00147361	0.00147857	0.00153306	0.00159638	0.000878332	1.74358e-05	
N0.HOG0001808	0.00147361	0.00147857	0.00153306	0.00159638	0.000878332	1.74358e-05	
N0.HOG0001809	0.0798274	0.0793239	0.073089	0.0480218	0.0108988	5.62191e-05	
N0.HOG0001810	2.72035e-05	2.77832e-05	3.50987e-05	6.59631e-05	8.8394e-05	6.15972e-06	
N0.HOG0001811	1.83945e-19	1.62761e-14	4.47079e-12	4.13937e-10	1.70687e-08	5.04786e-08	
N0.HOG0001812	0.00147361	0.00147857	0.00153306	0.00159638	0.000878332	1.74358e-05	
N0.HOG0001813	0.00147357	0.00146774	0.00139369	0.00105657	0.000357719	4.41484e-06	
N0.HOG0001814	5.02171e-07	5.16588e-07	7.12145e-07	1.86575e-06	4.69838e-06	8.96082e-07	
N0.HOG0001815	1.73326e-20	1.03167e-15	2.53893e-13	1.69534e-11	4.71328e-10	1.22748e-09	
N0.HOG0001816	0.00147361	0.00147831	0.00152904	0.00156859	0.00081217	1.2892e-05	
N0.HOG0001817	2.72042e-05	2.79938e-05	3.83254e-05	8.76107e-05	0.000126622	5.36922e-06	
N0.HOG0001819	2.72038e-05	2.78713e-05	3.63099e-05	7.2287e-05	0.000101007	7.35297e-06	
N0.HOG0001820	5.0217e-07	5.16474e-07	7.0641e-07	1.7586e-06	4.37999e-06	1.02775e-06	
N0.HOG0001821	2.72017e-05	2.72434e-05	2.77002e-05	2.80599e-05	1.80156e-05	6.7471e-07	
N0.HOG0001822	0.00147357	0.0014678	0.00139453	0.00106011	0.000361979	4.56087e-06	
N0.HOG0001824	2.72022e-05	2.73898e-05	2.96834e-05	3.76852e-05	3.35168e-05	1.49274e-06	
N0.HOG0001825	0.00147358	0.00147	0.00142273	0.00116651	0.000455683	6.30792e-06	
N0.HOG0001829	0.00147369	0.00150284	0.00184674	0.00284409	0.00218856	5.81642e-05	
N0.HOG0001830	2.7202e-05	2.73534e-05	2.91574e-05	3.4523e-05	2.67407e-05	1.03894e-06	
N0.HOG0001831	3.15847e-12	3.2059e-12	4.39326e-12	2.70775e-11	2.29904e-10	1.75427e-10	
N0.HOG0001833	1.44147e-24	8.2264e-19	2.1242e-15	5.91018e-13	4.90138e-11	3.287e-10	
N0.HOG0001834	2.7202e-05	2.73534e-05	2.91574e-05	3.4523e-05	2.67407e-05	1.03894e-06	
N0.HOG0001835	5.51146e-10	1.62184e-07	2.37524e-06	1.45192e-05	2.73805e-05	1.02869e-06	
N0.HOG0001836	5.0221e-07	5.28458e-07	9.29575e-07	4.5024e-06	1.7922e-05	2.11299e-06	
N0.HOG0001837	3.15948e-12	3.50942e-12	1.02048e-11	1.39204e-10	2.07152e-09	2.14788e-09	
N0.HOG0001841	2.72016e-05	2.72203e-05	2.74023e-05	2.68544e-05	1.65095e-05	5.58148e-07	
N0.HOG0001842	0.0798274	0.0793239	0.073089	0.0480218	0.0108988	5.62191e-05	
N0.HOG0001843	0.00147367	0.00149745	0.00177273	0.00246548	0.00153231	2.18671e-05	
N0.HOG0001844	5.02137e-07	5.06798e-07	5.66034e-07	8.29412e-07	1.1036e-06	1.20463e-07	
N0.HOG0001845	0.00147358	0.00147112	0.00143705	0.00122055	0.000503005	7.10707e-06	
N0.HOG0001846	8.91677e-10	2.61932e-07	3.76566e-06	2.23026e-05	4.56077e-05	2.72808e-06	
N0.HOG0001847	0.00147359	0.00147313	0.00146275	0.00131817	0.000591351	8.96107e-06	
N0.HOG0001848	0.00147369	0.00150284	0.00184674	0.00284409	0.00218856	5.81642e-05	
N0.HOG0001849	0.00147361	0.00147831	0.00152904	0.00156859	0.00081217	1.2892e-05	
N0.HOG0001850	0.00147361	0.00147831	0.00152904	0.00156859	0.00081217	1.2892e-05	
N0.HOG0001851	0.00147361	0.00147831	0.00152904	0.00156859	0.00081217	1.2892e-05	
N0.HOG0001852	1.64637e-11	4.87832e-09	7.82315e-08	7.35429e-07	3.61439e-06	6.39037e-07	
N0.HOG0001853	2.72032e-05	2.77074e-05	3.38031e-05	5.42455e-05	5.02936e-05	1.71799e-06	
N0.HOG0001854	0.00147358	0.00146931	0.00141382	0.00113299	0.000426369	5.75099e-06	
N0.HOG0001855	0.00147361	0.00147857	0.00153306	0.00159638	0.000878332	1.74358e-05	
N0.HOG0001856	5.02137e-07	5.06798e-07	5.66034e-07	8.29412e-07	1.1036e-06	1.20463e-07	
N0.HOG0001857	6.07692e-19	5.21165e-14	1.00808e-11	3.24289e-10	3.17008e-09	1.92392e-09	
N0.HOG0001858	0.0798274	0.0793239	0.073089	0.0480218	0.0108988	5.62191e-05	
N0.HOG0001859	0.0798274	0.0793239	0.073089	0.0480218	0.0108988	5.62191e-05	
N0.HOG0001860	2.72022e-05	2.74164e-05	3.00635e-05	3.9868e-05	3.74846e-05	1.63248e-06	
N0.HOG0001861	0.0798274	0.0793239	0.073089	0.0480218	0.0108988	5.62191e-05	
N0.HOG0001862	2.72022e-05	2.73898e-05	2.96834e-05	3.76852e-05	3.35168e-05	1.49274e-06	
N0.HOG0001863	0.0798274	0.0793239	0.073089	0.0480218	0.0108988	5.62191e-05	
N0.HOG0001864	0.00147367	0.00149745	0.00177273	0.00246548	0.00153231	2.18671e-05	
N0.HOG0001865	0.0798274	0.0793239	0.073089	0.0480218	0.0108988	5.62191e-05	
N0.HOG0001866	0.0798274	0.0793239	0.073089	0.0480218	0.0108988	5.62191e-05	
N0.HOG0001867	2.72022e-05	2.73947e-05	2.97613e-05	3.83527e-05	3.62352e-05	2.00835e-06	
N0.HOG0001868	0.0798274	0.0793239	0.073089	0.0480218	0.0108988	5.62191e-05	
N0.HOG0001869	0.0798274	0.0793239	0.073089	0.0480218	0.0108988	5.62191e-05	
N0.HOG0001870	0.00147357	0.00146677	0.00138127	0.00100941	0.000315271	3.54396e-06	
N0.HOG0001871	0.00147356	0.00146577	0.00136851	0.000960367	0.000269219	2.49419e-06	
N0.HOG0001872	0.00147361	0.00147831	0.00152904	0.00156859	0.00081217	1.2892e-05	
N0.HOG0001873	9.26994e-09	9.59606e-09	1.41737e-08	4.62845e-08	1.75826e-07	5.82294e-08	
N0.HOG0001874	0.00147368	0.00149809	0.00178514	0.00259529	0.00191527	4.87343e-05	
N0.HOG0001875	4.59498e-16	4.03574e-11	9.8377e-09	4.44507e-07	2.6374e-06	5.63998e-07	
N0.HOG0001876	2.7204e-05	2.7919e-05	3.73456e-05	8.47724e-05	0.000142703	1.11319e-05	
N0.HOG0001877	4.07083e-12	1.19879e-09	1.77901e-08	1.22631e-07	3.87088e-07	6.43831e-08	
N0.HOG0001878	0.00147369	0.00150211	0.00183197	0.00268218	0.00169918	2.34139e-05	
N0.HOG0001879	2.72036e-05	2.78072e-05	3.52144e-05	6.25756e-05	7.18324e-05	4.56758e-06	
N0.HOG0001880	0.00147361	0.00147831	0.00152904	0.00156859	0.00081217	1.2892e-05	
N0.HOG0001881	0.00147369	0.00150211	0.00183197	0.00268218	0.00169918	2.34139e-05	
N0.HOG0001882	2.72037e-05	2.78443e-05	3.58508e-05	6.83287e-05	9.0288e-05	6.70186e-06	
N0.HOG0001883	2.72019e-05	2.73162e-05	2.87235e-05	3.36867e-05	2.83169e-05	1.17721e-06	
N0.HOG0001884	2.72038e-05	2.78578e-05	3.60196e-05	6.81716e-05	7.84212e-05	2.95993e-06	
N0.HOG0001885	0.00147367	0.00149745	0.00177273	0.00246548	0.00153231	2.18671e-05	
N0.HOG0001886	0.0798274	0.0793239	0.073089	0.0480218	0.0108988	5.62191e-05	
N0.HOG0001887	2.78002e-25	2.52113e-20	1.04572e-17	4.26891e-15	2.94524e-12	6.54106e-10	
N0.HOG0001888	5.39552e-16	4.64101e-11	9.27392e-09	3.171e-07	2.56068e-06	5.75832e-07	
N0.HOG0001889	0.00147361	0.00147831	0.00152904	0.00156859	0.00081217	1.2892e-05	
N0.HOG0001890	2.72012e-05	2.71208e-05	2.60887e-05	2.11001e-05	8.79535e-06	1.94713e-07	
N0.HOG0001891	0.0798274	0.0793239	0.073089	0.0480218	0.0108988	5.62191e-05	
N0.HOG0001892	0.0798274	0.0793239	0.073089	0.0480218	0.0108988	5.62191e-05	
N0.HOG0001893	0.0798274	0.0793239	0.073089	0.0480218	0.0108988	5.62191e-05	
N0.HOG0001894	0.00147358	0.0014697	0.00141888	0.00115371	0.000449626	6.47774e-06	
N0.HOG0001895	0.00147369	0.00150284	0.00184674	0.00284409	0.00218856	5.81642e-05	
N0.HOG0001896	5.90953e-12	1.76998e-09	3.13673e-08	3.25134e-07	1.37479e-06	2.01004e-07	
N0.HOG0001897	0.0798274	0.0793239	0.073089	0.0480218	0.0108988	5.62191e-05	
N0.HOG0001898	0.0798274	0.0793239	0.073089	0.0480218	0.0108988	5.62191e-05	
N0.HOG0001899	0.00147361	0.00147857	0.00153306	0.00159638	0.000878332	1.74358e-05	
N0.HOG0001900	0.00147357	0.0014678	0.00139453	0.00106011	0.000361979	4.56087e-06	
N0.HOG0001901	0.00147369	0.00150211	0.00183197	0.00268218	0.00169918	2.34139e-05	
N0.HOG0001902	0.00147358	0.0014697	0.00141888	0.00115371	0.000449626	6.47774e-06	
N0.HOG0001903	4.07083e-12	1.19879e-09	1.77901e-08	1.22631e-07	3.87088e-07	6.43831e-08	
N0.HOG0001904	0.00147367	0.00149745	0.00177273	0.00246548	0.00153231	2.18671e-05	
N0.HOG0001905	0.0798274	0.0793239	0.073089	0.0480218	0.0108988	5.62191e-05	
N0.HOG0001906	2.72016e-05	2.72287e-05	2.7521e-05	2.75219e-05	1.78266e-05	6.45332e-07	
N0.HOG0001907	2.7202e-05	2.73534e-05	2.91574e-05	3.4523e-05	2.67407e-05	1.03894e-06	
N0.HOG0001908	1.64634e-11	4.85526e-09	7.3367e-08	5.45398e-07	1.98492e-06	3.48859e-07	
N0.HOG0001909	1.64633e-11	4.8476e-09	7.18274e-08	4.91215e-07	1.50782e-06	2.25646e-07	
N0.HOG0001910	2.7202e-05	2.73534e-05	2.91574e-05	3.4523e-05	2.67407e-05	1.03894e-06	
N0.HOG0001911	0.0798274	0.0793239	0.073089	0.0480218	0.0108988	5.62191e-05	
N0.HOG0001912	5.02176e-07	5.18226e-07	7.3672e-07	2.04462e-06	5.36971e-06	1.07488e-06	
N0.HOG0001913	9.27219e-09	1.02608e-08	2.43751e-08	1.2659e-07	4.89409e-07	1.02873e-07	
N0.HOG0001914	0.0798274	0.0793239	0.073089	0.0480218	0.0108988	5.62191e-05	
N0.HOG0001915	0.0798274	0.0793239	0.073089	0.0480218	0.0108988	5.62191e-05	
N0.HOG0001916	0.0798274	0.0793239	0.073089	0.0480218	0.0108988	5.62191e-05	
N0.HOG0001917	5.02165e-07	5.14954e-07	6.78152e-07	1.41778e-06	2.30078e-06	2.11898e-07	
N0.HOG0001918	0.0798274	0.0793239	0.073089	0.0480218	0.0108988	5.62191e-05	
N0.HOG0001919	2.72035e-05	2.77936e-05	3.49328e-05	5.90131e-05	5.57703e-05	1.83867e-06	
N0.HOG0001920	0.0798274	0.0793239	0.073089	0.0480218	0.0108988	5.62191e-05	
N0.HOG0001921	5.39552e-16	4.64101e-11	9.27392e-09	3.171e-07	2.56068e-06	5.75832e-07	
N0.HOG0001922	0.00147361	0.00147857	0.00153306	0.00159638	0.000878332	1.74358e-05	
N0.HOG0001923	2.72015e-05	2.71939e-05	2.70558e-05	2.5384e-05	1.47576e-05	5.08788e-07	
N0.HOG0001924	5.02139e-07	5.0729e-07	5.73282e-07	8.77454e-07	1.23419e-06	1.31619e-07	
N0.HOG0001925	2.7202e-05	2.73534e-05	2.91574e-05	3.4523e-05	2.67407e-05	1.03894e-06	
N0.HOG0001926	0.0798274	0.0793239	0.073089	0.0480218	0.0108988	5.62191e-05	
N0.HOG0001930	5.97524e-50	1.30874e-32	4.59862e-24	6.88482e-18	2.85582e-13	1.07907e-10	
N0.HOG0001931	5.83136e-14	6.22227e-14	1.30951e-13	1.49671e-12	6.37634e-11	1.59965e-09	
N0.HOG0001933	8.02159e-123	7.7566e-81	1.62459e-59	4.23861e-44	2.29642e-31	3.89124e-20	
N0.HOG0001934	0.0798274	0.0793239	0.073089	0.0480218	0.0108988	5.62191e-05	
N0.HOG0001935	0.0798274	0.0793239	0.073089	0.0480218	0.0108988	5.62191e-05	
N0.HOG0001936	5.02133e-07	5.05433e-07	5.47712e-07	7.41174e-07	9.29413e-07	9.25063e-08	
N0.HOG0001937	1.38566e-15	4.20294e-13	8.69944e-12	1.69951e-10	2.7757e-09	4.18877e-09	
N0.HOG0001938	2.72034e-05	2.77554e-05	3.42852e-05	5.35176e-05	4.18429e-05	1.07719e-06	
N0.HOG0001939	2.72055e-05	2.83822e-05	4.5105e-05	0.000153706	0.000384599	5.04204e-05	
N0.HOG0001940	0.00147358	0.00147112	0.00143705	0.00122055	0.000503005	7.10707e-06	
N0.HOG0001941	5.02139e-07	5.0729e-07	5.73282e-07	8.77454e-07	1.23419e-06	1.31619e-07	
N0.HOG0001942	9.51278e-09	8.21577e-08	1.26394e-06	1.16475e-05	4.13499e-05	7.55302e-06	
N0.HOG0001943	0.00147368	0.00149809	0.00178514	0.00259529	0.00191527	4.87343e-05	
N0.HOG0001944	3.89009e-11	1.16258e-08	2.02145e-07	2.06326e-06	8.66828e-06	1.04188e-06	
N0.HOG0001945	0.0798274	0.0793239	0.073089	0.0480218	0.0108988	5.62191e-05	
N0.HOG0001946	0.0798274	0.0793239	0.073089	0.0480218	0.0108988	5.62191e-05	
N0.HOG0001947	0.00147358	0.0014697	0.00141888	0.00115371	0.000449626	6.47774e-06	
N0.HOG0001948	9.27511e-09	1.11141e-08	3.57415e-08	1.78567e-07	5.84379e-07	1.21677e-07	
N0.HOG0001949	5.02137e-07	5.06798e-07	5.66034e-07	8.29412e-07	1.1036e-06	1.20463e-07	
N0.HOG0001950	0.00147359	0.0014733	0.00146512	0.00133226	0.000620288	1.07329e-05	
N0.HOG0001951	2.72037e-05	2.78387e-05	3.5755e-05	6.74644e-05	8.75904e-05	6.49154e-06	
N0.HOG0001952	0.00147361	0.00147831	0.00152904	0.00156859	0.00081217	1.2892e-05	
N0.HOG0001953	0.00147369	0.00150211	0.00183197	0.00268218	0.00169918	2.34139e-05	
N0.HOG0001954	0.0798274	0.0793239	0.073089	0.0480218	0.0108988	5.62191e-05	
N0.HOG0001955	0.00147361	0.00147831	0.00152904	0.00156859	0.00081217	1.2892e-05	
N0.HOG0001956	0.00147357	0.0014678	0.00139453	0.00106011	0.000361979	4.56087e-06	
N0.HOG0001957	1.12178e-20	9.66542e-16	1.98204e-13	8.24229e-12	1.46306e-10	2.43246e-10	
N0.HOG0001958	0.0798274	0.0793239	0.073089	0.0480218	0.0108988	5.62191e-05	
N0.HOG0001959	0.0798274	0.0793239	0.073089	0.0480218	0.0108988	5.62191e-05	
N0.HOG0001960	0.0798274	0.0793239	0.073089	0.0480218	0.0108988	5.62191e-05	
N0.HOG0001961	1.32559e-14	4.00504e-12	7.96316e-11	1.40628e-09	1.93948e-08	1.83313e-08	
N0.HOG0001962	0.0798274	0.0793239	0.073089	0.0480218	0.0108988	5.62191e-05	
N0.HOG0001963	0.0798274	0.0793239	0.073089	0.0480218	0.0108988	5.62191e-05	
N0.HOG0001964	2.72032e-05	2.77074e-05	3.38031e-05	5.42455e-05	5.02936e-05	1.71799e-06	
N0.HOG0001965	1.51179e-14	4.67942e-12	1.21143e-10	4.357e-09	1.2261e-07	1.44834e-07	
N0.HOG0001966	2.7202e-05	2.73534e-05	2.91574e-05	3.4523e-05	2.67407e-05	1.03894e-06	
N0.HOG0001967	2.72021e-05	2.73826e-05	2.95776e-05	3.70082e-05	3.17729e-05	1.31996e-06	
N0.HOG0001968	2.72038e-05	2.78578e-05	3.60196e-05	6.81716e-05	7.84212e-05	2.95993e-06	
N0.HOG0001969	1.646e-11	4.85303e-09	7.3103e-08	5.35824e-07	1.88297e-06	3.17461e-07	
N0.HOG0001970	8.91677e-10	2.61932e-07	3.76566e-06	2.23026e-05	4.56077e-05	2.72808e-06	
N0.HOG0001971	5.62748e-10	1.64737e-07	2.27458e-06	1.18604e-05	2.11982e-05	1.2655e-06	
N0.HOG0001972	0.0798274	0.0793239	0.073089	0.0480218	0.0108988	5.62191e-05	
N0.HOG0001973	2.7202e-05	2.73534e-05	2.91574e-05	3.4523e-05	2.67407e-05	1.03894e-06	
N0.HOG0001974	0.0798274	0.0793239	0.073089	0.0480218	0.0108988	5.62191e-05	
N0.HOG0001975	0.0798274	0.0793239	0.073089	0.0480218	0.0108988	5.62191e-05	
N0.HOG0001976	5.02172e-07	5.1692e-07	7.17399e-07	1.90188e-06	4.49727e-06	5.19797e-07	
N0.HOG0001977	0.00147361	0.00147831	0.00152904	0.00156859	0.00081217	1.2892e-05	
N0.HOG0001978	2.81782e-19	1.4979e-14	3.37324e-12	1.80835e-10	3.12043e-09	1.29868e-09	
N0.HOG0001979	0.00147368	0.00149809	0.00178514	0.00259529	0.00191527	4.87343e-05	
N0.HOG0001980	0.00147369	0.00150284	0.00184674	0.00284409	0.00218856	5.81642e-05	
N0.HOG0001981	3.03887e-13	9.37197e-11	2.32388e-09	7.13844e-08	1.60886e-06	2.42729e-06	
N0.HOG0001982	5.022e-07	5.2524e-07	8.59512e-07	3.24892e-06	9.34577e-06	9.31896e-07	
N0.HOG0001983	2.72032e-05	2.77074e-05	3.38031e-05	5.42455e-05	5.02936e-05	1.71799e-06	
N0.HOG0001984	0.00147361	0.00147857	0.00153306	0.00159638	0.000878332	1.74358e-05	
N0.HOG0001985	0.0798274	0.0793239	0.073089	0.0480218	0.0108988	5.62191e-05	
N0.HOG0001986	5.02172e-07	5.17056e-07	7.19965e-07	1.93683e-06	4.75014e-06	5.89615e-07	
N0.HOG0001987	0.00147361	0.00147831	0.00152904	0.00156859	0.00081217	1.2892e-05	
N0.HOG0001988	9.26989e-09	9.58385e-09	1.39768e-08	4.53059e-08	1.89195e-07	6.5765e-08	
N0.HOG0001989	5.6103e-15	1.6929e-12	3.31679e-11	5.59132e-10	7.69281e-09	1.21744e-08	
N0.HOG0001990	2.7883e-25	7.1618e-18	2.4572e-14	8.5812e-12	5.87746e-10	1.40902e-09	
N0.HOG0001991	0.0798274	0.0793239	0.073089	0.0480218	0.0108988	5.62191e-05	
N0.HOG0001992	0.00147369	0.00150284	0.00184674	0.00284409	0.00218856	5.81642e-05	
N0.HOG0001993	6.95349e-17	5.94579e-12	1.10765e-09	2.99069e-08	1.82343e-07	4.04382e-08	
N0.HOG0001994	1.71213e-10	2.05242e-10	6.63746e-10	3.4443e-09	1.35007e-08	5.16973e-09	
N0.HOG0001995	0.00147361	0.00147831	0.00152904	0.00156859	0.00081217	1.2892e-05	
N0.HOG0001996	0.00147358	0.00146931	0.00141382	0.00113299	0.000426369	5.75099e-06	
N0.HOG0001997	2.72022e-05	2.73898e-05	2.96834e-05	3.76852e-05	3.35168e-05	1.49274e-06	
N0.HOG0001998	0.00147369	0.00150284	0.00184674	0.00284409	0.00218856	5.81642e-05	
N0.HOG0001999	0.0798274	0.0793239	0.073089	0.0480218	0.0108988	5.62191e-05	
N0.HOG0002000	0.00147358	0.00147	0.00142273	0.00116651	0.000455683	6.30792e-06	
N0.HOG0002001	0.0798274	0.0793239	0.073089	0.0480218	0.0108988	5.62191e-05	
N0.HOG0002002	0.0798274	0.0793239	0.073089	0.0480218	0.0108988	5.62191e-05	
N0.HOG0002003	0.0798274	0.0793239	0.073089	0.0480218	0.0108988	5.62191e-05	
N0.HOG0002004	0.00147367	0.00149745	0.00177273	0.00246548	0.00153231	2.18671e-05	
N0.HOG0002005	5.02135e-07	5.06108e-07	5.57623e-07	8.11159e-07	1.21353e-06	1.57908e-07	
N0.HOG0002006	0.00147367	0.00149745	0.00177273	0.00246548	0.00153231	2.18671e-05	
N0.HOG0002007	2.72055e-05	2.83822e-05	4.5105e-05	0.000153706	0.000384599	5.04204e-05	
N0.HOG0002008	0.0798274	0.0793239	0.073089	0.0480218	0.0108988	5.62191e-05	
N0.HOG0002009	0.00147361	0.00147831	0.00152904	0.00156859	0.00081217	1.2892e-05	
N0.HOG0002010	9.26992e-09	9.59057e-09	1.40789e-08	4.51579e-08	1.70621e-07	7.05648e-08	
N0.HOG0002011	0.0798274	0.0793239	0.073089	0.0480218	0.0108988	5.62191e-05	
N0.HOG0002012	5.0225e-07	5.39759e-07	1.00828e-06	2.90491e-06	4.32359e-06	3.0846e-07	
N0.HOG0002013	0.0798274	0.0793239	0.073089	0.0480218	0.0108988	5.62191e-05	
N0.HOG0002014	0.0798274	0.0793239	0.073089	0.0480218	0.0108988	5.62191e-05	
N0.HOG0002015	2.20337e-10	6.42703e-08	8.49486e-07	3.74574e-06	5.14178e-06	2.65149e-07	
N0.HOG0002016	0.00147369	0.00150211	0.00183197	0.00268218	0.00169918	2.34139e-05	
N0.HOG0002017	0.00147361	0.00147831	0.00152904	0.00156859	0.00081217	1.2892e-05	
N0.HOG0002018	0.0798274	0.0793239	0.073089	0.0480218	0.0108988	5.62191e-05	
N0.HOG0002019	0.0798274	0.0793239	0.073089	0.0480218	0.0108988	5.62191e-05	
N0.HOG0002020	0.00147369	0.00150284	0.00184674	0.00284409	0.00218856	5.81642e-05	
N0.HOG0002022	5.02173e-07	5.17269e-07	7.19953e-07	1.88151e-06	4.41475e-06	4.90278e-07	
N0.HOG0002023	8.91677e-10	2.61932e-07	3.76566e-06	2.23026e-05	4.56077e-05	2.72808e-06	
N0.HOG0002024	2.7202e-05	2.73534e-05	2.91574e-05	3.4523e-05	2.67407e-05	1.03894e-06	
N0.HOG0002025	5.02206e-07	5.27079e-07	8.94435e-07	3.73166e-06	1.31739e-05	2.40599e-06	
N0.HOG0002026	0.00147358	0.00147112	0.00143705	0.00122055	0.000503005	7.10707e-06	
N0.HOG0002027	2.72021e-05	2.73594e-05	2.92513e-05	3.5244e-05	2.91756e-05	1.41477e-06	
N0.HOG0002028	1.7113e-10	1.81208e-10	3.45657e-10	2.47934e-09	2.97651e-08	4.34976e-08	
N0.HOG0002029	0.00147369	0.00150284	0.00184674	0.00284409	0.00218856	5.81642e-05	
N0.HOG0002030	7.18106e-13	2.16452e-10	4.17586e-09	6.38767e-08	5.87516e-07	2.25419e-07	
N0.HOG0002031	0.00147361	0.00147831	0.00152904	0.00156859	0.00081217	1.2892e-05	
N0.HOG0002032	0.00147369	0.00150211	0.00183197	0.00268218	0.00169918	2.34139e-05	
N0.HOG0002033	0.0798274	0.0793239	0.073089	0.0480218	0.0108988	5.62191e-05	
N0.HOG0002034	1.71158e-10	1.89375e-10	4.49205e-10	2.35737e-09	1.04509e-08	4.16915e-09	
N0.HOG0002035	0.00147358	0.00147112	0.00143705	0.00122055	0.000503005	7.10707e-06	
N0.HOG0002036	1.71117e-10	1.7735e-10	2.68772e-10	1.09012e-09	8.55831e-09	1.63076e-08	
N0.HOG0002037	0.0798274	0.0793239	0.073089	0.0480218	0.0108988	5.62191e-05	
N0.HOG0002038	5.02132e-07	5.05057e-07	5.42438e-07	7.12951e-07	8.95628e-07	1.0424e-07	
N0.HOG0002039	1.71159e-10	1.89974e-10	5.15189e-10	5.1293e-09	5.70124e-08	6.31471e-08	
N0.HOG0002040	1.71128e-10	1.80451e-10	3.28286e-10	2.06506e-09	2.40518e-08	5.85276e-08	
N0.HOG0002041	0.0798274	0.0793239	0.073089	0.0480218	0.0108988	5.62191e-05	
N0.HOG0002042	0.0798274	0.0793239	0.073089	0.0480218	0.0108988	5.62191e-05	
N0.HOG0002043	0.0798274	0.0793239	0.073089	0.0480218	0.0108988	5.62191e-05	
N0.HOG0002044	0.0798274	0.0793239	0.073089	0.0480218	0.0108988	5.62191e-05	
N0.HOG0002045	0.0798274	0.0793239	0.073089	0.0480218	0.0108988	5.62191e-05	
N0.HOG0002046	0.0798274	0.0793239	0.073089	0.0480218	0.0108988	5.62191e-05	
N0.HOG0002047	5.02139e-07	5.07339e-07	5.74191e-07	8.8912e-07	1.3116e-06	1.54539e-07	
N0.HOG0002048	0.0798274	0.0793239	0.073089	0.0480218	0.0108988	5.62191e-05	
N0.HOG0002049	5.39552e-16	4.64101e-11	9.27392e-09	3.171e-07	2.56068e-06	5.75832e-07	
N0.HOG0002051	0.00147361	0.00147831	0.00152904	0.00156859	0.00081217	1.2892e-05	
N0.HOG0002052	3.07256e-20	2.72237e-15	7.59416e-13	7.38757e-11	3.12589e-09	6.49115e-09	
N0.HOG0002053	2.72021e-05	2.73594e-05	2.92513e-05	3.5244e-05	2.91756e-05	1.41477e-06	
N0.HOG0002054	0.0798274	0.0793239	0.073089	0.0480218	0.0108988	5.62191e-05	
N0.HOG0002055	2.7202e-05	2.73534e-05	2.91574e-05	3.4523e-05	2.67407e-05	1.03894e-06	
N0.HOG0002056	0.00147369	0.00150284	0.00184674	0.00284409	0.00218856	5.81642e-05	
N0.HOG0002057	2.21702e-15	4.79028e-12	7.86678e-10	2.15339e-08	1.40145e-07	3.6906e-08	
N0.HOG0002058	0.00147368	0.00149809	0.00178514	0.00259529	0.00191527	4.87343e-05	
N0.HOG0002060	7.35912e-31	5.39123e-21	1.92178e-16	1.66707e-13	1.52365e-11	5.66512e-11	
N0.HOG0002061	4.43624e-11	1.33167e-08	2.42382e-07	2.75703e-06	1.27221e-05	1.51441e-06	
N0.HOG0002062	2.7202e-05	2.73534e-05	2.91574e-05	3.4523e-05	2.67407e-05	1.03894e-06	
N0.HOG0002063	0.00147369	0.00150211	0.00183197	0.00268218	0.00169918	2.34139e-05	
N0.HOG0002064	0.0798274	0.0793239	0.073089	0.0480218	0.0108988	5.62191e-05	
N0.HOG0002065	5.8368e-14	7.86217e-14	4.47411e-13	6.37531e-12	1.08679e-10	5.27282e-10	
N0.HOG0002066	0.00147361	0.00147831	0.00152904	0.00156859	0.00081217	1.2892e-05	
N0.HOG0002067	0.0798274	0.0793239	0.073089	0.0480218	0.0108988	5.62191e-05	
N0.HOG0002068	0.0798274	0.0793239	0.073089	0.0480218	0.0108988	5.62191e-05	
N0.HOG0002069	0.00147369	0.00150211	0.00183197	0.00268218	0.00169918	2.34139e-05	
N0.HOG0002070	0.00147357	0.00146774	0.00139369	0.00105657	0.000357719	4.41484e-06	
N0.HOG0002071	1.99673e-20	6.26919e-18	1.94424e-16	1.57371e-14	3.30717e-12	2.56679e-10	
N0.HOG0002072	2.43892e-13	7.50587e-11	1.8047e-09	4.9108e-08	1.27884e-06	1.94211e-05	
N0.HOG0002074	0.0798274	0.0793239	0.073089	0.0480218	0.0108988	5.62191e-05	
N0.HOG0002075	3.54004e-15	1.06897e-12	2.10099e-11	3.48357e-10	4.81886e-09	8.53772e-09	
N0.HOG0002076	0.0798274	0.0793239	0.073089	0.0480218	0.0108988	5.62191e-05	
N0.HOG0002077	5.02139e-07	5.0729e-07	5.73282e-07	8.77454e-07	1.23419e-06	1.31619e-07	
N0.HOG0002078	2.72039e-05	2.79071e-05	3.70867e-05	8.06112e-05	0.000114954	5.07349e-06	
N0.HOG0002079	0.0798274	0.0793239	0.073089	0.0480218	0.0108988	5.62191e-05	
N0.HOG0002080	2.72022e-05	2.74164e-05	3.00635e-05	3.9868e-05	3.74846e-05	1.63248e-06	
N0.HOG0002081	0.00147361	0.00147857	0.00153306	0.00159638	0.000878332	1.74358e-05	
N0.HOG0002082	0.0798274	0.0793239	0.073089	0.0480218	0.0108988	5.62191e-05	
N0.HOG0002083	0.0798274	0.0793239	0.073089	0.0480218	0.0108988	5.62191e-05	
N0.HOG0002084	0.0798274	0.0793239	0.073089	0.0480218	0.0108988	5.62191e-05	
N0.HOG0002085	0.0798274	0.0793239	0.073089	0.0480218	0.0108988	5.62191e-05	
N0.HOG0002086	0.00147358	0.00146931	0.00141382	0.00113299	0.000426369	5.75099e-06	
N0.HOG0002087	5.02139e-07	5.07339e-07	5.74191e-07	8.8912e-07	1.3116e-06	1.54539e-07	
N0.HOG0002088	8.91677e-10	2.61932e-07	3.76566e-06	2.23026e-05	4.56077e-05	2.72808e-06	
N0.HOG0002089	0.00147361	0.00147831	0.00152904	0.00156859	0.00081217	1.2892e-05	
N0.HOG0002090	0.0798274	0.0793239	0.073089	0.0480218	0.0108988	5.62191e-05	
N0.HOG0002091	0.0798274	0.0793239	0.073089	0.0480218	0.0108988	5.62191e-05	
N0.HOG0002092	0.0798274	0.0793239	0.073089	0.0480218	0.0108988	5.62191e-05	
N0.HOG0002093	0.0798274	0.0793239	0.073089	0.0480218	0.0108988	5.62191e-05	
N0.HOG0002095	2.72018e-05	2.72904e-05	2.83047e-05	3.03647e-05	1.98246e-05	6.04286e-07	
N0.HOG0002096	7.64151e-09	2.22286e-06	2.85197e-05	0.000109025	9.8751e-05	1.73567e-06	
N0.HOG0002097	0.00147357	0.0014678	0.00139453	0.00106011	0.000361979	4.56087e-06	
N0.HOG0002098	0.0798274	0.0793239	0.073089	0.0480218	0.0108988	5.62191e-05	
N0.HOG0002099	2.72022e-05	2.73976e-05	2.97947e-05	3.83534e-05	3.4969e-05	1.61511e-06	
N0.HOG0002100	0.00147361	0.00147831	0.00152904	0.00156859	0.00081217	1.2892e-05	
N0.HOG0002101	4.06762e-12	1.21705e-09	2.12923e-08	2.09212e-07	8.01632e-07	1.10428e-07	
N0.HOG0002102	0.00147358	0.00147112	0.00143705	0.00122055	0.000503005	7.10707e-06	
N0.HOG0002103	0.00147361	0.00147857	0.00153306	0.00159638	0.000878332	1.74358e-05	
N0.HOG0002104	0.0798274	0.0793239	0.073089	0.0480218	0.0108988	5.62191e-05	
N0.HOG0002105	2.72042e-05	2.79988e-05	3.8426e-05	8.91632e-05	0.000136937	7.26159e-06	
N0.HOG0002106	0.00147358	0.0014697	0.00141888	0.00115371	0.000449626	6.47774e-06	
N0.HOG0002107	2.72016e-05	2.7223e-05	2.74466e-05	2.722e-05	1.75931e-05	6.68218e-07	
N0.HOG0002108	0.00147356	0.00146575	0.00136816	0.000959011	0.000267973	2.47948e-06	
N0.HOG0002109	2.72035e-05	2.77936e-05	3.49328e-05	5.90131e-05	5.57703e-05	1.83867e-06	
N0.HOG0002110	7.51457e-14	2.2211e-11	3.45359e-10	2.94622e-09	1.59771e-08	7.47736e-09	
N0.HOG0002112	0.0798274	0.0793239	0.073089	0.0480218	0.0108988	5.62191e-05	
N0.HOG0002113	2.7202e-05	2.73534e-05	2.91574e-05	3.4523e-05	2.67407e-05	1.03894e-06	
N0.HOG0002114	2.20337e-10	6.42703e-08	8.49486e-07	3.74574e-06	5.14178e-06	2.65149e-07	
N0.HOG0002116	0.0798274	0.0793239	0.073089	0.0480218	0.0108988	5.62191e-05	
N0.HOG0002117	0.0798274	0.0793239	0.073089	0.0480218	0.0108988	5.62191e-05	
N0.HOG0002118	0.0798274	0.0793239	0.073089	0.0480218	0.0108988	5.62191e-05	
N0.HOG0002119	0.00147367	0.00149745	0.00177273	0.00246548	0.00153231	2.18671e-05	
N0.HOG0002120	2.72039e-05	2.79071e-05	3.70867e-05	8.06112e-05	0.000114954	5.07349e-06	
N0.HOG0002121	0.0798274	0.0793239	0.073089	0.0480218	0.0108988	5.62191e-05	
N0.HOG0002122	0.0798274	0.0793239	0.073089	0.0480218	0.0108988	5.62191e-05	
N0.HOG0002123	0.00147358	0.00146931	0.00141382	0.00113299	0.000426369	5.75099e-06	
N0.HOG0002124	2.7204e-05	2.7919e-05	3.73456e-05	8.47724e-05	0.000142703	1.11319e-05	
N0.HOG0002125	0.0798274	0.0793239	0.073089	0.0480218	0.0108988	5.62191e-05	
N0.HOG0002126	2.20337e-10	6.42703e-08	8.49486e-07	3.74574e-06	5.14178e-06	2.65149e-07	
N0.HOG0002127	5.02165e-07	5.14818e-07	6.75736e-07	1.39232e-06	2.18177e-06	1.88095e-07	
N0.HOG0002128	0.00147361	0.00147831	0.00152904	0.00156859	0.00081217	1.2892e-05	
N0.HOG0002129	0.00147358	0.00147125	0.00143885	0.00123069	0.000522969	8.34011e-06	
N0.HOG0002130	0.0798274	0.0793239	0.073089	0.0480218	0.0108988	5.62191e-05	
N0.HOG0002131	0.00147356	0.00146575	0.00136818	0.000959113	0.000268125	2.47615e-06	
N0.HOG0002132	0.0798274	0.0793239	0.073089	0.0480218	0.0108988	5.62191e-05	
N0.HOG0002133	2.7202e-05	2.73534e-05	2.91574e-05	3.4523e-05	2.67407e-05	1.03894e-06	
N0.HOG0002134	8.18973e-13	2.52272e-10	6.14539e-09	1.68603e-07	2.47309e-06	8.57416e-07	
N0.HOG0002135	0.00147361	0.00147831	0.00152904	0.00156859	0.00081217	1.2892e-05	
N0.HOG0002136	0.0798274	0.0793239	0.073089	0.0480218	0.0108988	5.62191e-05	
N0.HOG0002137	0.0798274	0.0793239	0.073089	0.0480218	0.0108988	5.62191e-05	
N0.HOG0002138	0.00147361	0.00147831	0.00152904	0.00156859	0.00081217	1.2892e-05	
N0.HOG0002139	0.0798274	0.0793239	0.073089	0.0480218	0.0108988	5.62191e-05	
N0.HOG0002140	2.7202e-05	2.73534e-05	2.91574e-05	3.4523e-05	2.67407e-05	1.03894e-06	
N0.HOG0002142	0.0798274	0.0793239	0.073089	0.0480218	0.0108988	5.62191e-05	
N0.HOG0002143	0.00147357	0.00146774	0.00139369	0.00105657	0.000357719	4.41484e-06	
N0.HOG0002144	2.72039e-05	2.79071e-05	3.70867e-05	8.06112e-05	0.000114954	5.07349e-06	
N0.HOG0002145	0.0798274	0.0793239	0.073089	0.0480218	0.0108988	5.62191e-05	
N0.HOG0002146	0.0798274	0.0793239	0.073089	0.0480218	0.0108988	5.62191e-05	
N0.HOG0002147	0.00147361	0.00147831	0.00152904	0.00156859	0.00081217	1.2892e-05	
N0.HOG0002148	1.92377e-28	1.44537e-18	6.79908e-14	1.27242e-10	2.56741e-08	7.54079e-08	
N0.HOG0002149	2.72037e-05	2.78462e-05	3.58833e-05	6.86207e-05	9.12803e-05	6.92785e-06	
N0.HOG0002150	0.0798274	0.0793239	0.073089	0.0480218	0.0108988	5.62191e-05	
N0.HOG0002151	9.27193e-09	1.01937e-08	2.46263e-08	1.56993e-07	7.59725e-07	2.6603e-07	
N0.HOG0002152	9.77723e-09	1.57699e-07	1.99274e-06	9.1497e-06	1.34559e-05	6.70009e-07	
N0.HOG0002153	1.09086e-13	3.26486e-11	5.78782e-10	6.57565e-09	4.06924e-08	1.47596e-08	
N0.HOG0002154	2.72034e-05	2.77444e-05	3.4414e-05	5.92329e-05	6.32255e-05	2.52374e-06	
N0.HOG0002155	1.71114e-10	1.76192e-10	2.47247e-10	7.77676e-10	4.05375e-09	2.88443e-09	
N0.HOG0002156	2.72016e-05	2.7223e-05	2.74466e-05	2.722e-05	1.75931e-05	6.68218e-07	
N0.HOG0002157	1.75361e-10	1.44552e-09	2.21389e-08	2.05269e-07	7.40284e-07	1.35612e-07	
N0.HOG0002158	0.00147357	0.00146774	0.00139369	0.00105657	0.000357719	4.41484e-06	
N0.HOG0002159	0.00147358	0.0014697	0.00141888	0.00115371	0.000449626	6.47774e-06	
N0.HOG0002160	5.13791e-10	9.99867e-08	1.29529e-06	5.23917e-06	5.72081e-06	1.75352e-07	
N0.HOG0002161	0.0798274	0.0793239	0.073089	0.0480218	0.0108988	5.62191e-05	
N0.HOG0002162	0.00147369	0.00150211	0.00183197	0.00268218	0.00169918	2.34139e-05	
N0.HOG0002163	0.0798274	0.0793239	0.073089	0.0480218	0.0108988	5.62191e-05	
N0.HOG0002164	5.27272e-07	7.81886e-06	9.39861e-05	0.00035085	0.000301629	5.19124e-06	
N0.HOG0002165	0.0798274	0.0793239	0.073089	0.0480218	0.0108988	5.62191e-05	
N0.HOG0002166	2.72037e-05	2.78307e-05	3.55641e-05	6.44387e-05	7.00992e-05	2.69782e-06	
N0.HOG0002167	3.89006e-11	1.15995e-08	1.96164e-07	1.79204e-06	6.23777e-06	6.67861e-07	
N0.HOG0002168	0.00147369	0.00150284	0.00184674	0.00284409	0.00218856	5.81642e-05	
N0.HOG0002172	0.00147369	0.00150211	0.00183197	0.00268218	0.00169918	2.34139e-05	
N0.HOG0002173	9.26917e-09	9.37089e-09	1.06962e-08	1.75128e-08	3.33747e-08	9.61512e-09	
N0.HOG0002174	2.72022e-05	2.74164e-05	3.00635e-05	3.9868e-05	3.74846e-05	1.63248e-06	
N0.HOG0002175	5.02137e-07	5.06798e-07	5.66034e-07	8.29412e-07	1.1036e-06	1.20463e-07	
N0.HOG0002176	0.00147361	0.00147831	0.00152904	0.00156859	0.00081217	1.2892e-05	
N0.HOG0002177	5.83142e-14	6.2418e-14	1.36303e-13	1.7638e-12	7.951e-11	9.44077e-10	
N0.HOG0002178	0.00147367	0.00149745	0.00177273	0.00246548	0.00153231	2.18671e-05	
N0.HOG0002179	0.00147369	0.00150211	0.00183197	0.00268218	0.00169918	2.34139e-05	
N0.HOG0002180	4.4365e-11	1.35423e-08	2.95803e-07	5.42821e-06	4.12045e-05	8.23605e-06	
N0.HOG0002181	0.00147361	0.00147831	0.00152904	0.00156859	0.00081217	1.2892e-05	
N0.HOG0002182	1.51038e-23	3.78204e-16	9.80332e-13	1.53638e-10	3.76989e-09	3.38319e-09	
N0.HOG0002183	2.20337e-10	6.42703e-08	8.49486e-07	3.74574e-06	5.14178e-06	2.65149e-07	
N0.HOG0002184	5.02203e-07	5.26145e-07	8.80674e-07	3.71128e-06	1.42012e-05	2.86162e-06	
N0.HOG0002185	0.00147357	0.00146774	0.00139369	0.00105657	0.000357719	4.41484e-06	
N0.HOG0002186	0.00147358	0.0014697	0.00141888	0.00115371	0.000449626	6.47774e-06	
N0.HOG0002187	2.7202e-05	2.7341e-05	2.89845e-05	3.3623e-05	2.55103e-05	1.09608e-06	
N0.HOG0002188	5.02179e-07	5.19168e-07	7.5354e-07	2.22676e-06	5.84406e-06	6.79887e-07	
N0.HOG0002189	0.0798274	0.0793239	0.073089	0.0480218	0.0108988	5.62191e-05	
N0.HOG0002190	0.0798274	0.0793239	0.073089	0.0480218	0.0108988	5.62191e-05	
N0.HOG0002191	3.20109e-10	9.34699e-08	1.25144e-06	5.82122e-06	8.81809e-06	4.8263e-07	
N0.HOG0002192	2.72038e-05	2.78578e-05	3.60196e-05	6.81716e-05	7.84212e-05	2.95993e-06	
N0.HOG0002193	0.0798274	0.0793239	0.073089	0.0480218	0.0108988	5.62191e-05	
N0.HOG0002194	3.21435e-10	4.42244e-08	6.15878e-07	3.36975e-06	6.6184e-06	4.20002e-07	
N0.HOG0002195	2.72033e-05	2.77205e-05	3.40603e-05	5.72922e-05	6.36113e-05	3.95365e-06	
N0.HOG0002196	0.00147367	0.00149745	0.00177273	0.00246548	0.00153231	2.18671e-05	
N0.HOG0002197	0.00147359	0.00147313	0.00146275	0.00131817	0.000591351	8.96107e-06	
N0.HOG0002198	6.0271e-24	1.55234e-16	5.54227e-13	2.33246e-10	2.08748e-08	4.93428e-08	
N0.HOG0002199	2.10735e-09	6.26868e-07	1.02812e-05	8.11779e-05	0.000187813	8.23236e-06	
N0.HOG0002200	0.0798274	0.0793239	0.073089	0.0480218	0.0108988	5.62191e-05	
N0.HOG0002201	0.00147361	0.00147831	0.00152904	0.00156859	0.00081217	1.2892e-05	
N0.HOG0002202	2.7202e-05	2.73534e-05	2.91574e-05	3.4523e-05	2.67407e-05	1.03894e-06	
N0.HOG0002203	0.0798274	0.0793239	0.073089	0.0480218	0.0108988	5.62191e-05	
N0.HOG0002204	0.0798274	0.0793239	0.073089	0.0480218	0.0108988	5.62191e-05	
N0.HOG0002205	0.0798274	0.0793239	0.073089	0.0480218	0.0108988	5.62191e-05	
N0.HOG0002206	5.0217e-07	5.16394e-07	7.04886e-07	1.7367e-06	4.17001e-06	8.60686e-07	
N0.HOG0002207	0.00147361	0.00147831	0.00152904	0.00156859	0.00081217	1.2892e-05	
N0.HOG0002208	3.29407e-17	2.81386e-12	5.17695e-10	1.32767e-08	7.38796e-08	1.58856e-08	
N0.HOG0002209	5.02165e-07	5.14977e-07	6.78561e-07	1.42252e-06	2.32818e-06	2.18865e-07	
N0.HOG0002210	0.0798274	0.0793239	0.073089	0.0480218	0.0108988	5.62191e-05	
N0.HOG0002211	2.72038e-05	2.78737e-05	3.63555e-05	7.28879e-05	0.000105016	8.62867e-06	
N0.HOG0002212	6.09096e-19	5.25288e-14	1.08523e-11	4.355e-10	5.60006e-09	3.96953e-09	
N0.HOG0002213	0.00147358	0.0014697	0.00141888	0.00115371	0.000449626	6.47774e-06	
N0.HOG0002214	0.0798274	0.0793239	0.073089	0.0480218	0.0108988	5.62191e-05	
N0.HOG0002215	0.00147369	0.00150211	0.00183197	0.00268218	0.00169918	2.34139e-05	
N0.HOG0002217	0.0798274	0.0793239	0.073089	0.0480218	0.0108988	5.62191e-05	
N0.HOG0002218	0.0798274	0.0793239	0.073089	0.0480218	0.0108988	5.62191e-05	
N0.HOG0002219	0.00147367	0.00149745	0.00177273	0.00246548	0.00153231	2.18671e-05	
N0.HOG0002220	0.00147361	0.00147831	0.00152904	0.00156859	0.00081217	1.2892e-05	
N0.HOG0002221	0.00147369	0.00150211	0.00183197	0.00268218	0.00169918	2.34139e-05	
N0.HOG0002222	0.00147361	0.00147831	0.00152904	0.00156859	0.00081217	1.2892e-05	
N0.HOG0002223	0.00147358	0.00146931	0.00141382	0.00113299	0.000426369	5.75099e-06	
N0.HOG0002224	0.0798274	0.0793239	0.073089	0.0480218	0.0108988	5.62191e-05	
N0.HOG0002225	1.6461e-11	4.94468e-09	9.13499e-08	1.14871e-06	6.51201e-06	1.08642e-06	
N0.HOG0002226	0.0798274	0.0793239	0.073089	0.0480218	0.0108988	5.62191e-05	
N0.HOG0002227	0.00147358	0.0014697	0.00141888	0.00115371	0.000449626	6.47774e-06	
N0.HOG0002228	0.00147358	0.0014697	0.00141888	0.00115371	0.000449626	6.47774e-06	
N0.HOG0002229	5.45088e-10	1.61518e-07	2.54595e-06	1.83817e-05	3.81639e-05	1.30953e-06	
N0.HOG0002230	2.72024e-05	2.74587e-05	3.06814e-05	4.38174e-05	4.76104e-05	2.73627e-06	
N0.HOG0002231	0.0798274	0.0793239	0.073089	0.0480218	0.0108988	5.62191e-05	
N0.HOG0002232	0.00147367	0.00149745	0.00177273	0.00246548	0.00153231	2.18671e-05	
N0.HOG0002233	0.0798274	0.0793239	0.073089	0.0480218	0.0108988	5.62191e-05	
N0.HOG0002234	0.0798274	0.0793239	0.073089	0.0480218	0.0108988	5.62191e-05	
N0.HOG0002235	2.7204e-05	2.7919e-05	3.73456e-05	8.47724e-05	0.000142703	1.11319e-05	
N0.HOG0002236	0.0798274	0.0793239	0.073089	0.0480218	0.0108988	5.62191e-05	
N0.HOG0002237	5.02167e-07	5.15506e-07	6.87948e-07	1.52033e-06	2.74286e-06	2.78297e-07	
N0.HOG0002238	0.00147369	0.00150284	0.00184674	0.00284409	0.00218856	5.81642e-05	
N0.HOG0002239	1.51659e-24	3.89106e-17	1.33327e-13	5.07727e-11	4.23821e-09	1.11705e-08	
N0.HOG0002240	0.0798274	0.0793239	0.073089	0.0480218	0.0108988	5.62191e-05	
N0.HOG0002242	0.0798274	0.0793239	0.073089	0.0480218	0.0108988	5.62191e-05	
N0.HOG0002243	2.72016e-05	2.7223e-05	2.74466e-05	2.722e-05	1.75931e-05	6.68218e-07	
N0.HOG0002244	0.0798274	0.0793239	0.073089	0.0480218	0.0108988	5.62191e-05	
N0.HOG0002245	5.02178e-07	5.18813e-07	7.48006e-07	2.20366e-06	6.52716e-06	1.48861e-06	
N0.HOG0002246	0.00147358	0.00146931	0.00141382	0.00113299	0.000426369	5.75099e-06	
N0.HOG0002247	2.72036e-05	2.78234e-05	3.54374e-05	6.32814e-05	6.64733e-05	2.39515e-06	
N0.HOG0002248	2.72022e-05	2.73898e-05	2.96834e-05	3.76852e-05	3.35168e-05	1.49274e-06	
N0.HOG0002249	5.02136e-07	5.06223e-07	5.58034e-07	7.85547e-07	1.0132e-06	1.2137e-07	
N0.HOG0002250	0.0798274	0.0793239	0.073089	0.0480218	0.0108988	5.62191e-05	
N0.HOG0002251	2.72042e-05	2.79938e-05	3.83254e-05	8.76107e-05	0.000126622	5.36922e-06	
N0.HOG0002252	0.00147358	0.00147112	0.00143705	0.00122055	0.000503005	7.10707e-06	
N0.HOG0002253	1.01631e-31	7.65102e-22	3.69719e-17	8.01742e-14	2.73209e-11	5.03719e-10	
N0.HOG0002254	5.02177e-07	5.18527e-07	7.41361e-07	2.06703e-06	4.95357e-06	5.49731e-07	
N0.HOG0002255	0.0798274	0.0793239	0.073089	0.0480218	0.0108988	5.62191e-05	
N0.HOG0002256	0.00147368	0.00149809	0.00178514	0.00259529	0.00191527	4.87343e-05	
N0.HOG0002257	8.91677e-10	2.61932e-07	3.76566e-06	2.23026e-05	4.56077e-05	2.72808e-06	
N0.HOG0002258	4.89592e-13	1.45973e-10	2.51631e-09	3.03188e-08	2.37899e-07	8.89515e-08	
N0.HOG0002259	0.00147369	0.00150211	0.00183197	0.00268218	0.00169918	2.34139e-05	
N0.HOG0002261	2.7202e-05	2.73534e-05	2.91574e-05	3.4523e-05	2.67407e-05	1.03894e-06	
N0.HOG0002262	0.00147369	0.00150284	0.00184674	0.00284409	0.00218856	5.81642e-05	
N0.HOG0002264	0.0798274	0.0793239	0.073089	0.0480218	0.0108988	5.62191e-05	
N0.HOG0002265	0.0798274	0.0793239	0.073089	0.0480218	0.0108988	5.62191e-05	
N0.HOG0002266	0.0798274	0.0793239	0.073089	0.0480218	0.0108988	5.62191e-05	
N0.HOG0002267	2.72035e-05	2.77936e-05	3.49328e-05	5.90131e-05	5.57703e-05	1.83867e-06	
N0.HOG0002268	5.02288e-07	5.5161e-07	1.29416e-06	6.83803e-06	2.02028e-05	2.91961e-06	
N0.HOG0002269	2.72033e-05	2.77193e-05	3.40398e-05	5.71014e-05	6.28626e-05	3.82648e-06	
N0.HOG0002270	0.0798274	0.0793239	0.073089	0.0480218	0.0108988	5.62191e-05	
N0.HOG0002271	0.0798274	0.0793239	0.073089	0.0480218	0.0108988	5.62191e-05	
N0.HOG0002272	0.00147357	0.00146774	0.00139369	0.00105657	0.000357719	4.41484e-06	
N0.HOG0002273	0.00147361	0.00147831	0.00152904	0.00156859	0.00081217	1.2892e-05	
N0.HOG0002274	0.00147361	0.00147831	0.00152904	0.00156859	0.00081217	1.2892e-05	
N0.HOG0002275	0.00147361	0.00147831	0.00152904	0.00156859	0.00081217	1.2892e-05	
N0.HOG0002277	0.00147357	0.00146677	0.00138127	0.00100941	0.000315271	3.54396e-06	
N0.HOG0002278	0.0798274	0.0793239	0.073089	0.0480218	0.0108988	5.62191e-05	
N0.HOG0002279	5.02162e-07	5.13843e-07	6.5958e-07	1.25383e-06	1.7872e-06	2.08112e-07	
N0.HOG0002280	0.0798274	0.0793239	0.073089	0.0480218	0.0108988	5.62191e-05	
N0.HOG0002281	0.0798274	0.0793239	0.073089	0.0480218	0.0108988	5.62191e-05	
N0.HOG0002282	0.00147358	0.00147112	0.00143705	0.00122055	0.000503005	7.10707e-06	
N0.HOG0002283	0.0798274	0.0793239	0.073089	0.0480218	0.0108988	5.62191e-05	
N0.HOG0002284	2.7202e-05	2.73534e-05	2.91574e-05	3.4523e-05	2.67407e-05	1.03894e-06	
N0.HOG0002285	5.02132e-07	5.05114e-07	5.43246e-07	7.16126e-07	8.75042e-07	8.70961e-08	
N0.HOG0002286	0.0798274	0.0793239	0.073089	0.0480218	0.0108988	5.62191e-05	
N0.HOG0002287	0.0798274	0.0793239	0.073089	0.0480218	0.0108988	5.62191e-05	
N0.HOG0002288	0.0798274	0.0793239	0.073089	0.0480218	0.0108988	5.62191e-05	
N0.HOG0002289	0.00147361	0.00147831	0.00152904	0.00156859	0.00081217	1.2892e-05	
N0.HOG0002290	5.02165e-07	5.14818e-07	6.75736e-07	1.39232e-06	2.18177e-06	1.88095e-07	
N0.HOG0002291	3.29407e-17	2.81386e-12	5.17695e-10	1.32767e-08	7.38796e-08	1.58856e-08	
N0.HOG0002292	0.00147361	0.00147831	0.00152904	0.00156859	0.00081217	1.2892e-05	
N0.HOG0002293	3.89016e-11	1.16826e-08	2.15106e-07	2.65821e-06	1.41972e-05	1.93259e-06	
N0.HOG0002294	0.00147368	0.00149809	0.00178514	0.00259529	0.00191527	4.87343e-05	
N0.HOG0002295	0.00147361	0.00147831	0.00152904	0.00156859	0.00081217	1.2892e-05	
N0.HOG0002296	0.00147361	0.00147831	0.00152904	0.00156859	0.00081217	1.2892e-05	
N0.HOG0002297	0.0798274	0.0793239	0.073089	0.0480218	0.0108988	5.62191e-05	
N0.HOG0002298	0.0798274	0.0793239	0.073089	0.0480218	0.0108988	5.62191e-05	
N0.HOG0002299	0.00147369	0.00150211	0.00183197	0.00268218	0.00169918	2.34139e-05	
N0.HOG0002300	3.64312e-10	1.06425e-07	1.43275e-06	6.8085e-06	1.06525e-05	5.92271e-07	
N0.HOG0002301	0.00147361	0.00147831	0.00152904	0.00156859	0.00081217	1.2892e-05	
N0.HOG0002302	0.0798274	0.0793239	0.073089	0.0480218	0.0108988	5.62191e-05	
N0.HOG0002303	2.72058e-05	2.84555e-05	4.62387e-05	0.000158166	0.00033675	2.35199e-05	
N0.HOG0002304	0.0798274	0.0793239	0.073089	0.0480218	0.0108988	5.62191e-05	
N0.HOG0002305	0.0798274	0.0793239	0.073089	0.0480218	0.0108988	5.62191e-05	
N0.HOG0002306	0.00147367	0.00149745	0.00177273	0.00246548	0.00153231	2.18671e-05	
N0.HOG0002307	0.0798274	0.0793239	0.073089	0.0480218	0.0108988	5.62191e-05	
N0.HOG0002308	0.00147369	0.00150211	0.00183197	0.00268218	0.00169918	2.34139e-05	
N0.HOG0002309	0.00147361	0.00147831	0.00152904	0.00156859	0.00081217	1.2892e-05	
N0.HOG0002310	2.72043e-05	2.80075e-05	3.86343e-05	9.28996e-05	0.000163089	1.33381e-05	
N0.HOG0002311	0.0798274	0.0793239	0.073089	0.0480218	0.0108988	5.62191e-05	
N0.HOG0002312	0.00147358	0.0014697	0.00141888	0.00115371	0.000449626	6.47774e-06	
N0.HOG0002313	2.72016e-05	2.7223e-05	2.74466e-05	2.722e-05	1.75931e-05	6.68218e-07	
N0.HOG0002314	0.0798274	0.0793239	0.073089	0.0480218	0.0108988	5.62191e-05	
N0.HOG0002315	9.2699e-09	9.5875e-09	1.41226e-08	4.87343e-08	2.15607e-07	7.62437e-08	
N0.HOG0002316	2.72016e-05	2.7223e-05	2.74466e-05	2.722e-05	1.75931e-05	6.68218e-07	
N0.HOG0002317	0.00147368	0.00149809	0.00178514	0.00259529	0.00191527	4.87343e-05	
N0.HOG0002318	2.72019e-05	2.73162e-05	2.87235e-05	3.36867e-05	2.83169e-05	1.17721e-06	
N0.HOG0002319	3.01351e-15	2.62421e-10	5.9627e-08	2.67283e-06	2.30179e-05	3.09732e-06	
N0.HOG0002320	0.0798274	0.0793239	0.073089	0.0480218	0.0108988	5.62191e-05	
N0.HOG0002321	0.0798274	0.0793239	0.073089	0.0480218	0.0108988	5.62191e-05	
N0.HOG0002322	0.00147357	0.00146774	0.00139369	0.00105657	0.000357719	4.41484e-06	
N0.HOG0002323	0.0798274	0.0793239	0.073089	0.0480218	0.0108988	5.62191e-05	
N0.HOG0002324	2.7202e-05	2.73534e-05	2.91574e-05	3.4523e-05	2.67407e-05	1.03894e-06	
N0.HOG0002325	2.72016e-05	2.72203e-05	2.74023e-05	2.68544e-05	1.65095e-05	5.58148e-07	
N0.HOG0002326	1.44753e-15	4.38534e-13	9.00781e-12	1.78678e-10	2.92135e-09	3.73295e-09	
N0.HOG0002327	2.72035e-05	2.77936e-05	3.49328e-05	5.90131e-05	5.57703e-05	1.83867e-06	
N0.HOG0002328	0.0798274	0.0793239	0.073089	0.0480218	0.0108988	5.62191e-05	
N0.HOG0002329	0.00147358	0.00146931	0.00141382	0.00113299	0.000426369	5.75099e-06	
N0.HOG0002331	0.00147369	0.00150284	0.00184674	0.00284409	0.00218856	5.81642e-05	
N0.HOG0002333	2.72017e-05	2.72499e-05	2.77833e-05	2.83413e-05	1.78491e-05	5.46394e-07	
N0.HOG0002334	4.76222e-08	1.3904e-05	0.000186108	0.00088659	0.00180587	0.000786838	
N0.HOG0002335	2.72033e-05	2.77193e-05	3.40398e-05	5.71014e-05	6.28626e-05	3.82648e-06	
N0.HOG0002336	0.0798274	0.0793239	0.073089	0.0480218	0.0108988	5.62191e-05	
N0.HOG0002337	0.00147369	0.00150211	0.00183197	0.00268218	0.00169918	2.34139e-05	
N0.HOG0002338	0.0798274	0.0793239	0.073089	0.0480218	0.0108988	5.62191e-05	
N0.HOG0002339	2.7216e-05	3.14247e-05	8.13626e-05	0.000233798	0.000209463	4.93543e-06	
N0.HOG0002340	0.00147358	0.00147	0.00142273	0.00116651	0.000455683	6.30792e-06	
N0.HOG0002341	0.00147361	0.00147831	0.00152904	0.00156859	0.00081217	1.2892e-05	
N0.HOG0002342	1.65575e-21	1.46872e-16	4.1693e-14	4.59221e-12	2.93732e-10	1.33846e-09	
N0.HOG0002343	0.00147361	0.00147831	0.00152904	0.00156859	0.00081217	1.2892e-05	
N0.HOG0002344	1.646e-11	4.85303e-09	7.3103e-08	5.35824e-07	1.88297e-06	3.17461e-07	
N0.HOG0002345	9.26964e-09	9.50887e-09	1.26938e-08	3.07478e-08	8.12038e-08	2.0488e-08	
N0.HOG0002346	0.00147358	0.00146931	0.00141382	0.00113299	0.000426369	5.75099e-06	
N0.HOG0002347	0.0798274	0.0793239	0.073089	0.0480218	0.0108988	5.62191e-05	
N0.HOG0002348	0.0798274	0.0793239	0.073089	0.0480218	0.0108988	5.62191e-05	
N0.HOG0002349	0.0798274	0.0793239	0.073089	0.0480218	0.0108988	5.62191e-05	
N0.HOG0002350	0.00147361	0.00147831	0.00152904	0.00156859	0.00081217	1.2892e-05	
N0.HOG0002351	2.72037e-05	2.78369e-05	3.57231e-05	6.71016e-05	8.56179e-05	5.94996e-06	
N0.HOG0002352	4.4362e-11	1.32857e-08	2.35113e-07	2.41307e-06	9.67312e-06	1.09473e-06	
N0.HOG0002353	0.00147358	0.00146931	0.00141382	0.00113299	0.000426369	5.75099e-06	
N0.HOG0002354	0.00147358	0.0014697	0.00141888	0.00115371	0.000449626	6.47774e-06	
N0.HOG0002355	0.0798274	0.0793239	0.073089	0.0480218	0.0108988	5.62191e-05	
N0.HOG0002359	0.0798274	0.0793239	0.073089	0.0480218	0.0108988	5.62191e-05	
N0.HOG0002360	0.0798274	0.0793239	0.073089	0.0480218	0.0108988	5.62191e-05	
N0.HOG0002361	0.00147358	0.0014697	0.00141888	0.00115371	0.000449626	6.47774e-06	
N0.HOG0002362	9.27054e-09	9.77813e-09	1.77262e-08	9.91039e-08	5.90694e-07	1.70846e-07	
N0.HOG0002363	0.0798274	0.0793239	0.073089	0.0480218	0.0108988	5.62191e-05	
N0.HOG0002364	5.39552e-16	4.64101e-11	9.27392e-09	3.171e-07	2.56068e-06	5.75832e-07	
N0.HOG0002365	1.7112e-10	1.7827e-10	2.85501e-10	1.34545e-09	1.24362e-08	2.20667e-08	
N0.HOG0002366	1.64633e-11	4.8476e-09	7.18274e-08	4.91215e-07	1.50782e-06	2.25646e-07	
N0.HOG0002367	0.0798274	0.0793239	0.073089	0.0480218	0.0108988	5.62191e-05	
N0.HOG0002368	2.72038e-05	2.78578e-05	3.60196e-05	6.81716e-05	7.84212e-05	2.95993e-06	
N0.HOG0002369	0.0798274	0.0793239	0.073089	0.0480218	0.0108988	5.62191e-05	
N0.HOG0002370	2.72058e-05	2.84555e-05	4.62387e-05	0.000158166	0.00033675	2.35199e-05	
N0.HOG0002371	0.0798274	0.0793239	0.073089	0.0480218	0.0108988	5.62191e-05	
N0.HOG0002372	0.00147358	0.0014697	0.00141888	0.00115371	0.000449626	6.47774e-06	
N0.HOG0002373	4.07083e-12	1.19879e-09	1.77901e-08	1.22631e-07	3.87088e-07	6.43831e-08	
N0.HOG0002374	2.72015e-05	2.71867e-05	2.69594e-05	2.49281e-05	1.39942e-05	4.51636e-07	
N0.HOG0002375	2.72016e-05	2.7223e-05	2.74466e-05	2.722e-05	1.75931e-05	6.68218e-07	
N0.HOG0002376	1.09086e-13	3.27063e-11	5.87319e-10	6.50221e-09	3.39596e-08	8.91752e-09	
N0.HOG0002377	0.00147361	0.00147831	0.00152904	0.00156859	0.00081217	1.2892e-05	
N0.HOG0002378	0.0798274	0.0793239	0.073089	0.0480218	0.0108988	5.62191e-05	
N0.HOG0002379	1.71141e-10	1.84626e-10	4.29313e-10	4.9898e-09	8.99613e-08	1.42418e-07	
N0.HOG0002380	0.0798274	0.0793239	0.073089	0.0480218	0.0108988	5.62191e-05	
N0.HOG0002381	0.0798274	0.0793239	0.073089	0.0480218	0.0108988	5.62191e-05	
N0.HOG0002382	0.0798274	0.0793239	0.073089	0.0480218	0.0108988	5.62191e-05	
N0.HOG0002383	0.00147367	0.00149745	0.00177273	0.00246548	0.00153231	2.18671e-05	
N0.HOG0002384	2.72017e-05	2.72567e-05	2.78975e-05	2.93237e-05	2.07663e-05	8.31904e-07	
N0.HOG0002385	0.0798274	0.0793239	0.073089	0.0480218	0.0108988	5.62191e-05	
N0.HOG0002386	0.0798274	0.0793239	0.073089	0.0480218	0.0108988	5.62191e-05	
N0.HOG0002387	0.0798274	0.0793239	0.073089	0.0480218	0.0108988	5.62191e-05	
N0.HOG0002388	0.0798274	0.0793239	0.073089	0.0480218	0.0108988	5.62191e-05	
N0.HOG0002389	2.7202e-05	2.73545e-05	2.9174e-05	3.46273e-05	2.69743e-05	1.04573e-06	
N0.HOG0002390	2.72037e-05	2.78387e-05	3.5755e-05	6.74644e-05	8.75904e-05	6.49154e-06	
N0.HOG0002391	0.0798274	0.0793239	0.073089	0.0480218	0.0108988	5.62191e-05	
N0.HOG0002392	1.91774e-13	5.7826e-11	1.1157e-09	1.68758e-08	1.75626e-07	1.51383e-07	
N0.HOG0002393	5.02135e-07	5.06108e-07	5.57623e-07	8.11159e-07	1.21353e-06	1.57908e-07	
N0.HOG0002394	3.21478e-10	4.45202e-08	6.6655e-07	4.46645e-06	1.03462e-05	6.37998e-07	
N0.HOG0002395	0.00147361	0.00147831	0.00152904	0.00156859	0.00081217	1.2892e-05	
N0.HOG0002396	0.00147361	0.00147857	0.00153306	0.00159638	0.000878332	1.74358e-05	
N0.HOG0002397	2.72021e-05	2.73875e-05	2.96552e-05	3.7664e-05	3.4361e-05	1.78351e-06	
N0.HOG0002398	0.0798274	0.0793239	0.073089	0.0480218	0.0108988	5.62191e-05	
N0.HOG0002399	2.72016e-05	2.72205e-05	2.73813e-05	2.63242e-05	1.45397e-05	3.95244e-07	
N0.HOG0002400	0.0798274	0.0793239	0.073089	0.0480218	0.0108988	5.62191e-05	
N0.HOG0002401	0.0798274	0.0793239	0.073089	0.0480218	0.0108988	5.62191e-05	
N0.HOG0002402	0.00147361	0.00147831	0.00152904	0.00156859	0.00081217	1.2892e-05	
N0.HOG0002403	4.18789e-15	1.2568e-12	2.30879e-11	3.14595e-10	3.37517e-09	4.74492e-09	
N0.HOG0002404	0.0798274	0.0793239	0.073089	0.0480218	0.0108988	5.62191e-05	
N0.HOG0002405	0.00147357	0.0014678	0.00139453	0.00106011	0.000361979	4.56087e-06	
N0.HOG0002406	0.0798274	0.0793239	0.073089	0.0480218	0.0108988	5.62191e-05	
N0.HOG0002407	0.0798274	0.0793239	0.073089	0.0480218	0.0108988	5.62191e-05	
N0.HOG0002408	0.0798274	0.0793239	0.073089	0.0480218	0.0108988	5.62191e-05	
N0.HOG0002409	1.64637e-11	4.87832e-09	7.82315e-08	7.35429e-07	3.61439e-06	6.39037e-07	
N0.HOG0002410	0.00147358	0.0014697	0.00141888	0.00115371	0.000449626	6.47774e-06	
N0.HOG0002411	2.72021e-05	2.73594e-05	2.92513e-05	3.5244e-05	2.91756e-05	1.41477e-06	
N0.HOG0002412	0.00147367	0.00149745	0.00177273	0.00246548	0.00153231	2.18671e-05	
N0.HOG0002413	5.02494e-07	6.10638e-07	1.91041e-06	6.22165e-06	7.01367e-06	3.80255e-07	
N0.HOG0002414	0.0798274	0.0793239	0.073089	0.0480218	0.0108988	5.62191e-05	
N0.HOG0002415	0.00147357	0.00146774	0.00139369	0.00105657	0.000357719	4.41484e-06	
N0.HOG0002416	0.0798274	0.0793239	0.073089	0.0480218	0.0108988	5.62191e-05	
N0.HOG0002417	0.00147361	0.00147831	0.00152904	0.00156859	0.00081217	1.2892e-05	
N0.HOG0002418	5.02176e-07	5.17995e-07	7.31246e-07	1.93405e-06	4.20544e-06	4.35522e-07	
N0.HOG0002419	0.00147369	0.00150211	0.00183197	0.00268218	0.00169918	2.34139e-05	
N0.HOG0002420	0.0798274	0.0793239	0.073089	0.0480218	0.0108988	5.62191e-05	
N0.HOG0002421	0.00147357	0.00146774	0.00139369	0.00105657	0.000357719	4.41484e-06	
N0.HOG0002422	0.00147358	0.00147125	0.00143885	0.00123069	0.000522969	8.34011e-06	
N0.HOG0002423	0.00147369	0.00150211	0.00183197	0.00268218	0.00169918	2.34139e-05	
N0.HOG0002424	0.00147361	0.00147857	0.00153306	0.00159638	0.000878332	1.74358e-05	
N0.HOG0002425	0.00147358	0.00146931	0.00141382	0.00113299	0.000426369	5.75099e-06	
N0.HOG0002426	0.0798274	0.0793239	0.073089	0.0480218	0.0108988	5.62191e-05	
N0.HOG0002427	0.00147369	0.00150211	0.00183197	0.00268218	0.00169918	2.34139e-05	
N0.HOG0002428	0.00147361	0.00147831	0.00152904	0.00156859	0.00081217	1.2892e-05	
N0.HOG0002429	0.00147358	0.0014697	0.00141888	0.00115371	0.000449626	6.47774e-06	
N0.HOG0002430	2.72022e-05	2.73892e-05	2.96818e-05	3.78676e-05	3.51526e-05	1.94596e-06	
N0.HOG0002431	8.0373e-12	2.37209e-09	3.61711e-08	2.77596e-07	1.03938e-06	1.77023e-07	
N0.HOG0002432	0.0798274	0.0793239	0.073089	0.0480218	0.0108988	5.62191e-05	
N0.HOG0002433	0.00147358	0.00146931	0.00141382	0.00113299	0.000426369	5.75099e-06	
N0.HOG0002434	4.4365e-11	1.35423e-08	2.95803e-07	5.42821e-06	4.12045e-05	8.23605e-06	
N0.HOG0002435	0.00147361	0.00147831	0.00152904	0.00156859	0.00081217	1.2892e-05	
N0.HOG0002436	0.00147361	0.00147831	0.00152904	0.00156859	0.00081217	1.2892e-05	
N0.HOG0002437	5.02142e-07	5.08057e-07	5.85155e-07	9.74803e-07	1.67354e-06	2.57806e-07	
N0.HOG0002447	5.02168e-07	5.15885e-07	7.01547e-07	1.82056e-06	4.97608e-06	1.01852e-06	
N0.HOG0002448	5.02206e-07	5.27079e-07	8.94435e-07	3.73166e-06	1.31739e-05	2.40599e-06	
N0.HOG0002449	0.0798274	0.0793239	0.073089	0.0480218	0.0108988	5.62191e-05	
N0.HOG0002450	0.0798274	0.0793239	0.073089	0.0480218	0.0108988	5.62191e-05	
N0.HOG0002451	0.00147369	0.00150284	0.00184674	0.00284409	0.00218856	5.81642e-05	
N0.HOG0002452	0.00147361	0.00147857	0.00153306	0.00159638	0.000878332	1.74358e-05	
N0.HOG0002453	3.0389e-13	9.39619e-11	2.38229e-09	7.34564e-08	1.40918e-06	1.14132e-06	
N0.HOG0002454	0.0798274	0.0793239	0.073089	0.0480218	0.0108988	5.62191e-05	
N0.HOG0002455	2.72043e-05	2.80075e-05	3.86343e-05	9.28996e-05	0.000163089	1.33381e-05	
N0.HOG0002456	0.00147369	0.00150211	0.00183197	0.00268218	0.00169918	2.34139e-05	
N0.HOG0002457	2.72034e-05	2.77563e-05	3.46549e-05	6.23512e-05	7.90134e-05	5.61224e-06	
N0.HOG0002458	5.39552e-16	4.64101e-11	9.27392e-09	3.171e-07	2.56068e-06	5.75832e-07	
N0.HOG0002459	0.00147361	0.00147857	0.00153306	0.00159638	0.000878332	1.74358e-05	
N0.HOG0002460	0.00147368	0.00149809	0.00178514	0.00259529	0.00191527	4.87343e-05	
N0.HOG0002461	0.0798274	0.0793239	0.073089	0.0480218	0.0108988	5.62191e-05	
N0.HOG0002462	6.02671e-24	1.52367e-16	4.43784e-13	1.08779e-10	5.99537e-09	1.44404e-08	
N0.HOG0002463	2.7202e-05	2.73534e-05	2.91574e-05	3.4523e-05	2.67407e-05	1.03894e-06	
N0.HOG0002464	0.00147361	0.00147831	0.00152904	0.00156859	0.00081217	1.2892e-05	
N0.HOG0002465	0.0798274	0.0793239	0.073089	0.0480218	0.0108988	5.62191e-05	
N0.HOG0002466	5.02134e-07	5.05838e-07	5.53325e-07	7.74311e-07	1.05017e-06	1.29047e-07	
N0.HOG0002467	5.02143e-07	5.08538e-07	5.94316e-07	1.0779e-06	2.06706e-06	2.59481e-07	
N0.HOG0002468	1.64599e-11	4.84677e-09	7.18486e-08	4.9234e-07	1.51475e-06	2.21253e-07	
N0.HOG0002469	0.00147358	0.0014697	0.00141888	0.00115371	0.000449626	6.47774e-06	
N0.HOG0002470	0.0798274	0.0793239	0.073089	0.0480218	0.0108988	5.62191e-05	
N0.HOG0002471	5.02137e-07	5.06717e-07	5.64844e-07	8.2139e-07	1.07956e-06	1.1671e-07	
N0.HOG0002472	0.0798274	0.0793239	0.073089	0.0480218	0.0108988	5.62191e-05	
N0.HOG0002473	0.00147361	0.00147831	0.00152904	0.00156859	0.00081217	1.2892e-05	
N0.HOG0002474	5.02166e-07	5.15205e-07	6.83619e-07	1.50337e-06	2.96342e-06	5.26391e-07	
N0.HOG0002475	0.00147361	0.00147831	0.00152904	0.00156859	0.00081217	1.2892e-05	
N0.HOG0002476	0.00147369	0.00150211	0.00183197	0.00268218	0.00169918	2.34139e-05	
N0.HOG0002477	0.00147369	0.00150211	0.00183197	0.00268218	0.00169918	2.34139e-05	
N0.HOG0002478	0.0798274	0.0793239	0.073089	0.0480218	0.0108988	5.62191e-05	
N0.HOG0002479	0.0798274	0.0793239	0.073089	0.0480218	0.0108988	5.62191e-05	
N0.HOG0002480	0.00147358	0.0014697	0.00141888	0.00115371	0.000449626	6.47774e-06	
N0.HOG0002481	5.02167e-07	5.15539e-07	6.88564e-07	1.52854e-06	2.80551e-06	3.01071e-07	
N0.HOG0002482	0.0798274	0.0793239	0.073089	0.0480218	0.0108988	5.62191e-05	
N0.HOG0002483	0.0798274	0.0793239	0.073089	0.0480218	0.0108988	5.62191e-05	
N0.HOG0002484	8.17406e-13	2.52669e-10	6.38176e-09	1.92651e-07	3.42251e-06	2.14184e-06	
N0.HOG0002485	0.0798274	0.0793239	0.073089	0.0480218	0.0108988	5.62191e-05	
N0.HOG0002486	0.0798274	0.0793239	0.073089	0.0480218	0.0108988	5.62191e-05	
N0.HOG0002487	0.0798274	0.0793239	0.073089	0.0480218	0.0108988	5.62191e-05	
N0.HOG0002488	0.0798274	0.0793239	0.073089	0.0480218	0.0108988	5.62191e-05	
N0.HOG0002489	8.91677e-10	2.61932e-07	3.76566e-06	2.23026e-05	4.56077e-05	2.72808e-06	
N0.HOG0002490	4.4363e-11	1.33659e-08	2.54033e-07	3.33894e-06	1.88962e-05	2.94664e-06	
N0.HOG0002491	0.00147361	0.00147831	0.00152904	0.00156859	0.00081217	1.2892e-05	
N0.HOG0002492	2.72055e-05	2.83684e-05	4.47444e-05	0.000144955	0.000298601	2.02967e-05	
N0.HOG0002493	2.4032e-09	7.17067e-07	1.21111e-05	0.000100441	0.000234474	9.50098e-06	
N0.HOG0002494	1.64612e-11	4.96247e-09	9.5147e-08	1.32087e-06	9.15835e-06	2.82247e-06	
N0.HOG0002495	0.0798274	0.0793239	0.073089	0.0480218	0.0108988	5.62191e-05	
N0.HOG0002496	5.98423e-14	5.35532e-13	1.24484e-11	4.67845e-10	1.75319e-08	7.16945e-08	
N0.HOG0002497	5.024e-07	5.83591e-07	1.62833e-06	6.41759e-06	1.13651e-05	7.86659e-07	
N0.HOG0002498	5.90908e-12	1.73179e-09	2.42943e-08	1.39855e-07	3.6399e-07	5.66248e-08	
N0.HOG0002499	0.0798274	0.0793239	0.073089	0.0480218	0.0108988	5.62191e-05	
N0.HOG0002500	0.0798274	0.0793239	0.073089	0.0480218	0.0108988	5.62191e-05	
N0.HOG0002501	0.0798274	0.0793239	0.073089	0.0480218	0.0108988	5.62191e-05	
N0.HOG0002502	2.72021e-05	2.73875e-05	2.96552e-05	3.7664e-05	3.4361e-05	1.78351e-06	
N0.HOG0002503	0.0798274	0.0793239	0.073089	0.0480218	0.0108988	5.62191e-05	
N0.HOG0002504	0.0798274	0.0793239	0.073089	0.0480218	0.0108988	5.62191e-05	
N0.HOG0002505	5.83176e-14	6.34601e-14	1.64517e-13	3.08677e-12	1.82717e-10	3.56903e-09	
N0.HOG0002506	0.0798274	0.0793239	0.073089	0.0480218	0.0108988	5.62191e-05	
N0.HOG0002507	0.0798274	0.0793239	0.073089	0.0480218	0.0108988	5.62191e-05	
N0.HOG0002508	2.72015e-05	2.71867e-05	2.69594e-05	2.49281e-05	1.39942e-05	4.51636e-07	
N0.HOG0002509	0.0798274	0.0793239	0.073089	0.0480218	0.0108988	5.62191e-05	
N0.HOG0002511	5.02239e-07	5.37174e-07	1.12149e-06	8.12039e-06	4.73449e-05	9.14835e-06	
N0.HOG0002512	0.0798274	0.0793239	0.073089	0.0480218	0.0108988	5.62191e-05	
N0.HOG0002513	2.72018e-05	2.72904e-05	2.83047e-05	3.03647e-05	1.98246e-05	6.04286e-07	
N0.HOG0002514	0.0798274	0.0793239	0.073089	0.0480218	0.0108988	5.62191e-05	
N0.HOG0002515	5.02162e-07	5.1412e-07	6.70117e-07	1.46338e-06	3.0164e-06	5.67661e-07	
N0.HOG0002516	0.0798274	0.0793239	0.073089	0.0480218	0.0108988	5.62191e-05	
N0.HOG0002517	0.0798274	0.0793239	0.073089	0.0480218	0.0108988	5.62191e-05	
N0.HOG0002518	3.89009e-11	1.16258e-08	2.02145e-07	2.06326e-06	8.66828e-06	1.04188e-06	
N0.HOG0002519	0.0798274	0.0793239	0.073089	0.0480218	0.0108988	5.62191e-05	
N0.HOG0002520	0.0798274	0.0793239	0.073089	0.0480218	0.0108988	5.62191e-05	
N0.HOG0002521	0.00147358	0.00146931	0.00141382	0.00113299	0.000426369	5.75099e-06	
N0.HOG0002522	2.72021e-05	2.73826e-05	2.95776e-05	3.70082e-05	3.17729e-05	1.31996e-06	
N0.HOG0002523	0.00147357	0.00146774	0.00139369	0.00105657	0.000357719	4.41484e-06	
N0.HOG0002524	0.00147358	0.00147125	0.00143885	0.00123069	0.000522969	8.34011e-06	
N0.HOG0002525	0.0798274	0.0793239	0.073089	0.0480218	0.0108988	5.62191e-05	
N0.HOG0002526	0.00147367	0.00149745	0.00177273	0.00246548	0.00153231	2.18671e-05	
N0.HOG0002527	0.0798274	0.0793239	0.073089	0.0480218	0.0108988	5.62191e-05	
N0.HOG0002528	0.0798274	0.0793239	0.073089	0.0480218	0.0108988	5.62191e-05	
N0.HOG0002529	0.0798274	0.0793239	0.073089	0.0480218	0.0108988	5.62191e-05	
N0.HOG0002530	9.27022e-09	9.68103e-09	1.59359e-08	7.90591e-08	5.81178e-07	3.44356e-07	
N0.HOG0002531	0.0798274	0.0793239	0.073089	0.0480218	0.0108988	5.62191e-05	
N0.HOG0002532	0.00147361	0.00147831	0.00152904	0.00156859	0.00081217	1.2892e-05	
N0.HOG0002533	2.17788e-13	9.897e-10	1.70569e-07	4.24468e-06	2.40516e-05	1.01579e-05	
N0.HOG0002534	0.0798274	0.0793239	0.073089	0.0480218	0.0108988	5.62191e-05	
N0.HOG0002535	0.0798274	0.0793239	0.073089	0.0480218	0.0108988	5.62191e-05	
N0.HOG0002536	0.0798274	0.0793239	0.073089	0.0480218	0.0108988	5.62191e-05	
N0.HOG0002537	9.27043e-09	9.74357e-09	1.69598e-08	8.40879e-08	4.55357e-07	1.35292e-07	
N0.HOG0002538	0.00147361	0.00147831	0.00152904	0.00156859	0.00081217	1.2892e-05	
N0.HOG0002539	1.09081e-13	3.22765e-11	5.08704e-10	4.5877e-09	2.74076e-08	1.32029e-08	
N0.HOG0002540	6.07692e-19	5.21165e-14	1.00808e-11	3.24289e-10	3.17008e-09	1.92392e-09	
N0.HOG0002541	9.77464e-09	1.56971e-07	1.98812e-06	9.24467e-06	1.41091e-05	7.43377e-07	
N0.HOG0002542	0.0798274	0.0793239	0.073089	0.0480218	0.0108988	5.62191e-05	
N0.HOG0002543	0.00147369	0.00150211	0.00183197	0.00268218	0.00169918	2.34139e-05	
N0.HOG0002544	0.0798274	0.0793239	0.073089	0.0480218	0.0108988	5.62191e-05	
N0.HOG0002545	2.72035e-05	2.77936e-05	3.49328e-05	5.90131e-05	5.57703e-05	1.83867e-06	
N0.HOG0002546	0.0798274	0.0793239	0.073089	0.0480218	0.0108988	5.62191e-05	
N0.HOG0002547	0.00147357	0.00146774	0.00139369	0.00105657	0.000357719	4.41484e-06	
N0.HOG0002548	0.00147359	0.00147313	0.00146275	0.00131817	0.000591351	8.96107e-06	
N0.HOG0002549	0.00147357	0.00146774	0.00139369	0.00105657	0.000357719	4.41484e-06	
N0.HOG0002550	2.72035e-05	2.77948e-05	3.49539e-05	5.92104e-05	5.64345e-05	1.89949e-06	
N0.HOG0002551	2.72036e-05	2.78234e-05	3.54374e-05	6.32814e-05	6.64733e-05	2.39515e-06	
N0.HOG0002552	8.91677e-10	2.61932e-07	3.76566e-06	2.23026e-05	4.56077e-05	2.72808e-06	
N0.HOG0002553	0.0798274	0.0793239	0.073089	0.0480218	0.0108988	5.62191e-05	
N0.HOG0002554	2.72013e-05	2.71511e-05	2.64832e-05	2.27289e-05	1.07414e-05	2.88661e-07	
N0.HOG0002555	0.0798274	0.0793239	0.073089	0.0480218	0.0108988	5.62191e-05	
N0.HOG0002556	5.13363e-07	3.7735e-06	4.24605e-05	0.000160918	0.000148722	3.25742e-06	
N0.HOG0002557	4.22945e-17	1.26112e-14	2.19232e-13	3.12585e-12	5.88004e-11	2.33302e-10	
N0.HOG0002558	0.0798274	0.0793239	0.073089	0.0480218	0.0108988	5.62191e-05	
N0.HOG0002559	2.72038e-05	2.78713e-05	3.63099e-05	7.2287e-05	0.000101007	7.35297e-06	
N0.HOG0002560	0.0798274	0.0793239	0.073089	0.0480218	0.0108988	5.62191e-05	
N0.HOG0002561	0.0798274	0.0793239	0.073089	0.0480218	0.0108988	5.62191e-05	
N0.HOG0002562	1.7113e-10	1.81139e-10	3.44689e-10	2.52508e-09	3.61472e-08	1.12586e-07	
N0.HOG0002563	0.00147358	0.00147125	0.00143885	0.00123069	0.000522969	8.34011e-06	
N0.HOG0002564	0.00147361	0.00147831	0.00152904	0.00156859	0.00081217	1.2892e-05	
N0.HOG0002565	0.0798274	0.0793239	0.073089	0.0480218	0.0108988	5.62191e-05	
N0.HOG0002566	0.00147358	0.00147112	0.00143705	0.00122055	0.000503005	7.10707e-06	
N0.HOG0002567	0.0798274	0.0793239	0.073089	0.0480218	0.0108988	5.62191e-05	
N0.HOG0002568	0.00147361	0.00147831	0.00152904	0.00156859	0.00081217	1.2892e-05	
N0.HOG0002569	0.00147369	0.00150211	0.00183197	0.00268218	0.00169918	2.34139e-05	
N0.HOG0002573	0.0798274	0.0793239	0.073089	0.0480218	0.0108988	5.62191e-05	
N0.HOG0002574	0.00147367	0.00149745	0.00177273	0.00246548	0.00153231	2.18671e-05	
N0.HOG0002575	0.00147361	0.00147831	0.00152904	0.00156859	0.00081217	1.2892e-05	
N0.HOG0002576	0.0798274	0.0793239	0.073089	0.0480218	0.0108988	5.62191e-05	
N0.HOG0002577	0.0798274	0.0793239	0.073089	0.0480218	0.0108988	5.62191e-05	
N0.HOG0002578	0.0798274	0.0793239	0.073089	0.0480218	0.0108988	5.62191e-05	
N0.HOG0002579	0.0798274	0.0793239	0.073089	0.0480218	0.0108988	5.62191e-05	
N0.HOG0002580	0.00147358	0.00147112	0.00143705	0.00122055	0.000503005	7.10707e-06	
N0.HOG0002581	2.72022e-05	2.74164e-05	3.00635e-05	3.9868e-05	3.74846e-05	1.63248e-06	
N0.HOG0002582	0.0798274	0.0793239	0.073089	0.0480218	0.0108988	5.62191e-05	
N0.HOG0002583	0.00147369	0.00150284	0.00184674	0.00284409	0.00218856	5.81642e-05	
N0.HOG0002584	0.00147361	0.00147831	0.00152904	0.00156859	0.00081217	1.2892e-05	
N0.HOG0002585	0.0798274	0.0793239	0.073089	0.0480218	0.0108988	5.62191e-05	
N0.HOG0002586	0.0798274	0.0793239	0.073089	0.0480218	0.0108988	5.62191e-05	
N0.HOG0002587	0.00147357	0.0014678	0.00139453	0.00106011	0.000361979	4.56087e-06	
N0.HOG0002588	2.72039e-05	2.79093e-05	3.69592e-05	7.80684e-05	0.000118747	9.27111e-06	
N0.HOG0002589	0.00147369	0.00150284	0.00184674	0.00284409	0.00218856	5.81642e-05	
N0.HOG0002590	0.00147358	0.00147112	0.00143705	0.00122055	0.000503005	7.10707e-06	
N0.HOG0002591	2.72016e-05	2.72239e-05	2.74532e-05	2.71682e-05	1.73692e-05	6.76605e-07	
N0.HOG0002592	0.00147369	0.00150284	0.00184674	0.00284409	0.00218856	5.81642e-05	
N0.HOG0002593	2.72023e-05	2.74188e-05	3.01012e-05	4.01994e-05	3.89711e-05	1.91248e-06	
N0.HOG0002594	2.72034e-05	2.77559e-05	3.42929e-05	5.35639e-05	4.17784e-05	1.03265e-06	
N0.HOG0002595	0.00147369	0.00150211	0.00183197	0.00268218	0.00169918	2.34139e-05	
N0.HOG0002596	0.00147361	0.00147831	0.00152904	0.00156859	0.00081217	1.2892e-05	
N0.HOG0002597	5.9092e-12	1.74225e-09	2.62492e-08	1.93514e-07	7.10647e-07	1.49664e-07	
N0.HOG0002598	0.0798274	0.0793239	0.073089	0.0480218	0.0108988	5.62191e-05	
N0.HOG0002599	0.0798274	0.0793239	0.073089	0.0480218	0.0108988	5.62191e-05	
N0.HOG0002600	0.0798274	0.0793239	0.073089	0.0480218	0.0108988	5.62191e-05	
N0.HOG0002601	0.0798274	0.0793239	0.073089	0.0480218	0.0108988	5.62191e-05	
N0.HOG0002602	2.72037e-05	2.78369e-05	3.57231e-05	6.71016e-05	8.56179e-05	5.94996e-06	
N0.HOG0002603	3.89016e-11	1.16826e-08	2.15106e-07	2.65821e-06	1.41972e-05	1.93259e-06	
N0.HOG0002604	0.0798274	0.0793239	0.073089	0.0480218	0.0108988	5.62191e-05	
N0.HOG0002605	0.00147358	0.00146931	0.00141382	0.00113299	0.000426369	5.75099e-06	
N0.HOG0002606	0.0798274	0.0793239	0.073089	0.0480218	0.0108988	5.62191e-05	
N0.HOG0002607	0.00147358	0.0014694	0.00141509	0.00113912	0.000436192	6.27445e-06	
N0.HOG0002608	0.00147369	0.00150211	0.00183197	0.00268218	0.00169918	2.34139e-05	
N0.HOG0002610	2.72043e-05	2.80075e-05	3.86343e-05	9.28996e-05	0.000163089	1.33381e-05	
N0.HOG0002611	0.00147357	0.00146774	0.00139369	0.00105657	0.000357719	4.41484e-06	
N0.HOG0002612	2.72055e-05	2.83822e-05	4.5105e-05	0.000153706	0.000384599	5.04204e-05	
N0.HOG0002613	0.00147357	0.00146774	0.00139369	0.00105657	0.000357719	4.41484e-06	
N0.HOG0002614	0.00147367	0.00149745	0.00177273	0.00246548	0.00153231	2.18671e-05	
N0.HOG0002615	0.00147361	0.00147831	0.00152904	0.00156859	0.00081217	1.2892e-05	
N0.HOG0002616	0.00147369	0.00150284	0.00184674	0.00284409	0.00218856	5.81642e-05	
N0.HOG0002617	0.00147358	0.0014697	0.00141888	0.00115371	0.000449626	6.47774e-06	
N0.HOG0002618	0.0798274	0.0793239	0.073089	0.0480218	0.0108988	5.62191e-05	
N0.HOG0002619	0.0798274	0.0793239	0.073089	0.0480218	0.0108988	5.62191e-05	
N0.HOG0002620	0.0798274	0.0793239	0.073089	0.0480218	0.0108988	5.62191e-05	
N0.HOG0002621	0.00147358	0.00146931	0.00141382	0.00113299	0.000426369	5.75099e-06	
N0.HOG0002622	0.0798274	0.0793239	0.073089	0.0480218	0.0108988	5.62191e-05	
N0.HOG0002623	2.7202e-05	2.73534e-05	2.91574e-05	3.4523e-05	2.67407e-05	1.03894e-06	
N0.HOG0002624	0.00147361	0.00147831	0.00152904	0.00156859	0.00081217	1.2892e-05	
N0.HOG0002625	0.00147357	0.00146774	0.00139369	0.00105657	0.000357719	4.41484e-06	
N0.HOG0002626	0.00147369	0.00150211	0.00183197	0.00268218	0.00169918	2.34139e-05	
N0.HOG0002627	0.0798274	0.0793239	0.073089	0.0480218	0.0108988	5.62191e-05	
N0.HOG0002628	0.0798274	0.0793239	0.073089	0.0480218	0.0108988	5.62191e-05	
N0.HOG0002629	0.00147361	0.00147831	0.00152904	0.00156859	0.00081217	1.2892e-05	
N0.HOG0002630	0.0798274	0.0793239	0.073089	0.0480218	0.0108988	5.62191e-05	
N0.HOG0002631	5.13836e-10	1.02515e-07	1.74792e-06	1.55156e-05	4.6506e-05	4.08919e-06	
N0.HOG0002632	0.00147361	0.00147831	0.00152904	0.00156859	0.00081217	1.2892e-05	
N0.HOG0002633	0.0798274	0.0793239	0.073089	0.0480218	0.0108988	5.62191e-05	
N0.HOG0002634	0.00147369	0.00150211	0.00183197	0.00268218	0.00169918	2.34139e-05	
N0.HOG0002635	0.00147369	0.00150211	0.00183197	0.00268218	0.00169918	2.34139e-05	
N0.HOG0002636	0.00147368	0.00149809	0.00178514	0.00259529	0.00191527	4.87343e-05	
N0.HOG0002637	2.72038e-05	2.78578e-05	3.60196e-05	6.81716e-05	7.84212e-05	2.95993e-06	
N0.HOG0002638	0.0798274	0.0793239	0.073089	0.0480218	0.0108988	5.62191e-05	
N0.HOG0002639	0.00147369	0.00150284	0.00184674	0.00284409	0.00218856	5.81642e-05	
N0.HOG0002640	0.00147361	0.00147831	0.00152904	0.00156859	0.00081217	1.2892e-05	
N0.HOG0002641	0.0798274	0.0793239	0.073089	0.0480218	0.0108988	5.62191e-05	
N0.HOG0002642	0.00147369	0.00150284	0.00184674	0.00284409	0.00218856	5.81642e-05	
N0.HOG0002643	0.0798274	0.0793239	0.073089	0.0480218	0.0108988	5.62191e-05	
N0.HOG0002644	0.00147361	0.00147831	0.00152904	0.00156859	0.00081217	1.2892e-05	
N0.HOG0002645	2.72022e-05	2.73898e-05	2.96834e-05	3.76852e-05	3.35168e-05	1.49274e-06	
N0.HOG0002646	0.0798274	0.0793239	0.073089	0.0480218	0.0108988	5.62191e-05	
N0.HOG0002647	0.0798274	0.0793239	0.073089	0.0480218	0.0108988	5.62191e-05	
N0.HOG0002648	0.00147361	0.00147857	0.00153306	0.00159638	0.000878332	1.74358e-05	
N0.HOG0002649	0.00147369	0.00150211	0.00183197	0.00268218	0.00169918	2.34139e-05	
N0.HOG0002650	3.91898e-15	3.42308e-10	8.00656e-08	3.76117e-06	3.23507e-05	3.85355e-06	
N0.HOG0002651	5.90905e-12	1.72948e-09	2.3863e-08	1.28078e-07	2.89426e-07	3.79033e-08	
N0.HOG0002652	5.02212e-07	5.28941e-07	9.43611e-07	5.02064e-06	2.86557e-05	1.1517e-05	
N0.HOG0002653	0.00147361	0.00147831	0.00152904	0.00156859	0.00081217	1.2892e-05	
N0.HOG0002654	6.86073e-19	2.1379e-16	6.03689e-15	3.31602e-13	3.15259e-11	6.84618e-10	
N0.HOG0002655	0.00147357	0.0014678	0.00139453	0.00106011	0.000361979	4.56087e-06	
N0.HOG0002656	0.00147369	0.00150284	0.00184674	0.00284409	0.00218856	5.81642e-05	
N0.HOG0002657	0.0798274	0.0793239	0.073089	0.0480218	0.0108988	5.62191e-05	
N0.HOG0002658	0.0798274	0.0793239	0.073089	0.0480218	0.0108988	5.62191e-05	
N0.HOG0002659	2.72043e-05	2.80125e-05	3.87357e-05	9.45458e-05	0.000176375	1.80391e-05	
N0.HOG0002660	0.0798274	0.0793239	0.073089	0.0480218	0.0108988	5.62191e-05	
N0.HOG0002661	1.73326e-20	1.03167e-15	2.53893e-13	1.69534e-11	4.71328e-10	1.22748e-09	
N0.HOG0002662	0.0798274	0.0793239	0.073089	0.0480218	0.0108988	5.62191e-05	
N0.HOG0002663	0.00147361	0.00147831	0.00152904	0.00156859	0.00081217	1.2892e-05	
N0.HOG0002664	0.0798274	0.0793239	0.073089	0.0480218	0.0108988	5.62191e-05	
N0.HOG0002665	0.0798274	0.0793239	0.073089	0.0480218	0.0108988	5.62191e-05	
N0.HOG0002668	2.72016e-05	2.72249e-05	2.74715e-05	2.73363e-05	1.7783e-05	6.84924e-07	
N0.HOG0002669	0.0798274	0.0793239	0.073089	0.0480218	0.0108988	5.62191e-05	
N0.HOG0002670	0.0798274	0.0793239	0.073089	0.0480218	0.0108988	5.62191e-05	
N0.HOG0002671	2.7202e-05	2.73534e-05	2.91574e-05	3.4523e-05	2.67407e-05	1.03894e-06	
N0.HOG0002672	0.00147358	0.00147125	0.00143885	0.00123069	0.000522969	8.34011e-06	
N0.HOG0002673	0.00147358	0.00146931	0.00141382	0.00113299	0.000426369	5.75099e-06	
N0.HOG0002674	0.0798274	0.0793239	0.073089	0.0480218	0.0108988	5.62191e-05	
N0.HOG0002675	0.0798274	0.0793239	0.073089	0.0480218	0.0108988	5.62191e-05	
N0.HOG0002676	0.0798274	0.0793239	0.073089	0.0480218	0.0108988	5.62191e-05	
N0.HOG0002677	0.00147361	0.00147831	0.00152904	0.00156859	0.00081217	1.2892e-05	
N0.HOG0002678	0.0798274	0.0793239	0.073089	0.0480218	0.0108988	5.62191e-05	
N0.HOG0002679	0.00147361	0.00147857	0.00153306	0.00159638	0.000878332	1.74358e-05	
N0.HOG0002680	2.72016e-05	2.7223e-05	2.74466e-05	2.722e-05	1.75931e-05	6.68218e-07	
N0.HOG0002681	0.0798274	0.0793239	0.073089	0.0480218	0.0108988	5.62191e-05	
N0.HOG0002682	0.0798274	0.0793239	0.073089	0.0480218	0.0108988	5.62191e-05	
N0.HOG0002683	2.72042e-05	2.79938e-05	3.83254e-05	8.76107e-05	0.000126622	5.36922e-06	
N0.HOG0002684	0.0798274	0.0793239	0.073089	0.0480218	0.0108988	5.62191e-05	
N0.HOG0002685	0.00147361	0.00147857	0.00153306	0.00159638	0.000878332	1.74358e-05	
N0.HOG0002686	0.00147361	0.00147831	0.00152904	0.00156859	0.00081217	1.2892e-05	
N0.HOG0002687	0.0798274	0.0793239	0.073089	0.0480218	0.0108988	5.62191e-05	
N0.HOG0002688	0.0798274	0.0793239	0.073089	0.0480218	0.0108988	5.62191e-05	
N0.HOG0002689	0.00147357	0.00146774	0.00139369	0.00105657	0.000357719	4.41484e-06	
N0.HOG0002690	0.0798274	0.0793239	0.073089	0.0480218	0.0108988	5.62191e-05	
N0.HOG0002691	2.72021e-05	2.73594e-05	2.92513e-05	3.5244e-05	2.91756e-05	1.41477e-06	
N0.HOG0002692	2.72018e-05	2.72939e-05	2.83964e-05	3.16686e-05	2.43968e-05	1.03425e-06	
N0.HOG0002693	0.0798274	0.0793239	0.073089	0.0480218	0.0108988	5.62191e-05	
N0.HOG0002694	0.00147368	0.00149809	0.00178514	0.00259529	0.00191527	4.87343e-05	
N0.HOG0002695	5.02181e-07	5.19558e-07	7.62563e-07	2.423e-06	8.46318e-06	2.6761e-06	
N0.HOG0002696	2.72016e-05	2.72287e-05	2.7521e-05	2.75219e-05	1.78266e-05	6.45332e-07	
N0.HOG0002697	0.00147369	0.00150211	0.00183197	0.00268218	0.00169918	2.34139e-05	
N0.HOG0002698	0.00147358	0.00147125	0.00143885	0.00123069	0.000522969	8.34011e-06	
N0.HOG0002699	0.00147357	0.00146774	0.00139369	0.00105657	0.000357719	4.41484e-06	
N0.HOG0002700	0.0798274	0.0793239	0.073089	0.0480218	0.0108988	5.62191e-05	
N0.HOG0002701	0.00147368	0.00149809	0.00178514	0.00259529	0.00191527	4.87343e-05	
N0.HOG0002702	2.72021e-05	2.73826e-05	2.95776e-05	3.70082e-05	3.17729e-05	1.31996e-06	
N0.HOG0002703	0.00147361	0.00147831	0.00152904	0.00156859	0.00081217	1.2892e-05	
N0.HOG0002704	0.00147361	0.00147831	0.00152904	0.00156859	0.00081217	1.2892e-05	
N0.HOG0002705	0.00147358	0.00146931	0.00141382	0.00113299	0.000426369	5.75099e-06	
N0.HOG0002706	0.0798274	0.0793239	0.073089	0.0480218	0.0108988	5.62191e-05	
N0.HOG0002707	0.0798274	0.0793239	0.073089	0.0480218	0.0108988	5.62191e-05	
N0.HOG0002708	2.72033e-05	2.77371e-05	3.42914e-05	5.81689e-05	5.99451e-05	2.23758e-06	
N0.HOG0002709	5.02166e-07	5.15102e-07	6.81792e-07	1.48435e-06	2.87488e-06	5.09775e-07	
N0.HOG0002710	5.26326e-14	1.55142e-11	2.33869e-10	1.83845e-09	9.68991e-09	5.06201e-09	
N0.HOG0002711	5.60925e-15	1.70306e-12	3.57299e-11	7.48718e-10	1.47987e-08	3.41273e-08	
N0.HOG0002712	5.02167e-07	5.15539e-07	6.88564e-07	1.52854e-06	2.80551e-06	3.01071e-07	
N0.HOG0002713	0.0798274	0.0793239	0.073089	0.0480218	0.0108988	5.62191e-05	
N0.HOG0002714	2.72043e-05	2.80075e-05	3.86343e-05	9.28996e-05	0.000163089	1.33381e-05	
N0.HOG0002715	0.0798274	0.0793239	0.073089	0.0480218	0.0108988	5.62191e-05	
N0.HOG0002716	0.00147368	0.00149809	0.00178514	0.00259529	0.00191527	4.87343e-05	
N0.HOG0002717	2.72036e-05	2.78234e-05	3.54374e-05	6.32814e-05	6.64733e-05	2.39515e-06	
N0.HOG0002718	0.0798274	0.0793239	0.073089	0.0480218	0.0108988	5.62191e-05	
N0.HOG0002719	0.0798274	0.0793239	0.073089	0.0480218	0.0108988	5.62191e-05	
N0.HOG0002720	0.0798274	0.0793239	0.073089	0.0480218	0.0108988	5.62191e-05	
N0.HOG0002721	2.72016e-05	2.7223e-05	2.74466e-05	2.722e-05	1.75931e-05	6.68218e-07	
N0.HOG0002722	5.9092e-12	1.74194e-09	2.61805e-08	1.90144e-07	6.57132e-07	1.10886e-07	
N0.HOG0002723	0.0798274	0.0793239	0.073089	0.0480218	0.0108988	5.62191e-05	
N0.HOG0002724	0.00147369	0.00150284	0.00184674	0.00284409	0.00218856	5.81642e-05	
N0.HOG0002725	0.00147356	0.00146572	0.00136785	0.000958182	0.000268386	2.58645e-06	
N0.HOG0002726	0.00147361	0.00147831	0.00152904	0.00156859	0.00081217	1.2892e-05	
N0.HOG0002727	0.0798274	0.0793239	0.073089	0.0480218	0.0108988	5.62191e-05	
N0.HOG0002728	0.0798274	0.0793239	0.073089	0.0480218	0.0108988	5.62191e-05	
N0.HOG0002729	2.55881e-17	7.91235e-15	2.01812e-13	6.99297e-12	2.56452e-10	1.31947e-09	
N0.HOG0002730	0.0798274	0.0793239	0.073089	0.0480218	0.0108988	5.62191e-05	
N0.HOG0002731	0.0798274	0.0793239	0.073089	0.0480218	0.0108988	5.62191e-05	
N0.HOG0002732	0.0798274	0.0793239	0.073089	0.0480218	0.0108988	5.62191e-05	
N0.HOG0002733	0.0798274	0.0793239	0.073089	0.0480218	0.0108988	5.62191e-05	
N0.HOG0002734	4.06763e-12	1.21764e-09	2.14639e-08	2.21841e-07	1.03251e-06	2.74323e-07	
N0.HOG0002735	0.0798274	0.0793239	0.073089	0.0480218	0.0108988	5.62191e-05	
N0.HOG0002736	2.72042e-05	2.79938e-05	3.83254e-05	8.76107e-05	0.000126622	5.36922e-06	
N0.HOG0002737	0.0798274	0.0793239	0.073089	0.0480218	0.0108988	5.62191e-05	
N0.HOG0002738	0.0798274	0.0793239	0.073089	0.0480218	0.0108988	5.62191e-05	
N0.HOG0002739	0.0798274	0.0793239	0.073089	0.0480218	0.0108988	5.62191e-05	
N0.HOG0002740	0.0798274	0.0793239	0.073089	0.0480218	0.0108988	5.62191e-05	
N0.HOG0002741	0.0798274	0.0793239	0.073089	0.0480218	0.0108988	5.62191e-05	
N0.HOG0002742	0.0798274	0.0793239	0.073089	0.0480218	0.0108988	5.62191e-05	
N0.HOG0002743	2.72015e-05	2.71867e-05	2.69594e-05	2.49281e-05	1.39942e-05	4.51636e-07	
N0.HOG0002744	0.0798274	0.0793239	0.073089	0.0480218	0.0108988	5.62191e-05	
N0.HOG0002745	0.00147361	0.00147831	0.00152904	0.00156859	0.00081217	1.2892e-05	
N0.HOG0002746	0.0798274	0.0793239	0.073089	0.0480218	0.0108988	5.62191e-05	
N0.HOG0002747	0.00147369	0.00150211	0.00183197	0.00268218	0.00169918	2.34139e-05	
N0.HOG0002748	0.0798274	0.0793239	0.073089	0.0480218	0.0108988	5.62191e-05	
N0.HOG0002749	0.0798274	0.0793239	0.073089	0.0480218	0.0108988	5.62191e-05	
N0.HOG0002750	0.0798274	0.0793239	0.073089	0.0480218	0.0108988	5.62191e-05	
N0.HOG0002752	2.72036e-05	2.78072e-05	3.52144e-05	6.25756e-05	7.18324e-05	4.56758e-06	
N0.HOG0002754	0.00147358	0.00147112	0.00143705	0.00122055	0.000503005	7.10707e-06	
N0.HOG0002755	8.03775e-12	2.41027e-09	4.33372e-08	4.7467e-07	2.17436e-06	3.20366e-07	
N0.HOG0002756	0.0798274	0.0793239	0.073089	0.0480218	0.0108988	5.62191e-05	
N0.HOG0002757	0.0798274	0.0793239	0.073089	0.0480218	0.0108988	5.62191e-05	
N0.HOG0002758	0.0798274	0.0793239	0.073089	0.0480218	0.0108988	5.62191e-05	
N0.HOG0002759	0.0798274	0.0793239	0.073089	0.0480218	0.0108988	5.62191e-05	
N0.HOG0002760	0.0798274	0.0793239	0.073089	0.0480218	0.0108988	5.62191e-05	
N0.HOG0002761	4.06762e-12	1.21705e-09	2.12923e-08	2.09212e-07	8.01632e-07	1.10428e-07	
N0.HOG0002762	0.00147357	0.0014678	0.00139453	0.00106011	0.000361979	4.56087e-06	
N0.HOG0002763	0.0798274	0.0793239	0.073089	0.0480218	0.0108988	5.62191e-05	
N0.HOG0002764	6.72506e-12	1.9739e-09	2.82056e-08	1.74487e-07	5.11151e-07	8.78629e-08	
N0.HOG0002765	0.0798274	0.0793239	0.073089	0.0480218	0.0108988	5.62191e-05	
N0.HOG0002766	9.27035e-09	9.72113e-09	1.64482e-08	7.27903e-08	3.23535e-07	8.26004e-08	
N0.HOG0002767	0.0798274	0.0793239	0.073089	0.0480218	0.0108988	5.62191e-05	
N0.HOG0002768	2.7202e-05	2.73534e-05	2.91574e-05	3.4523e-05	2.67407e-05	1.03894e-06	
N0.HOG0002769	0.00147368	0.00149809	0.00178514	0.00259529	0.00191527	4.87343e-05	
N0.HOG0002770	0.0798274	0.0793239	0.073089	0.0480218	0.0108988	5.62191e-05	
N0.HOG0002771	0.00147358	0.00146931	0.00141382	0.00113299	0.000426369	5.75099e-06	
N0.HOG0002772	0.00147369	0.00150284	0.00184674	0.00284409	0.00218856	5.81642e-05	
N0.HOG0002773	0.0798274	0.0793239	0.073089	0.0480218	0.0108988	5.62191e-05	
N0.HOG0002774	0.00147369	0.00150211	0.00183197	0.00268218	0.00169918	2.34139e-05	
N0.HOG0002775	2.72021e-05	2.73826e-05	2.95776e-05	3.70082e-05	3.17729e-05	1.31996e-06	
N0.HOG0002776	0.00147358	0.00146931	0.00141382	0.00113299	0.000426369	5.75099e-06	
N0.HOG0002777	0.00147361	0.00147831	0.00152904	0.00156859	0.00081217	1.2892e-05	
N0.HOG0002778	2.20337e-10	6.42703e-08	8.49486e-07	3.74574e-06	5.14178e-06	2.65149e-07	
N0.HOG0002779	4.43629e-11	1.33635e-08	2.53368e-07	3.2808e-06	1.74728e-05	2.17874e-06	
N0.HOG0002780	0.0798274	0.0793239	0.073089	0.0480218	0.0108988	5.62191e-05	
N0.HOG0002781	0.00147361	0.00147831	0.00152904	0.00156859	0.00081217	1.2892e-05	
N0.HOG0002782	1.646e-11	4.85175e-09	7.28425e-08	5.26191e-07	1.78424e-06	2.79568e-07	
N0.HOG0002783	0.0798274	0.0793239	0.073089	0.0480218	0.0108988	5.62191e-05	
N0.HOG0002784	9.26983e-09	9.56563e-09	1.37002e-08	4.2212e-08	1.52801e-07	4.59286e-08	
N0.HOG0002785	0.0798274	0.0793239	0.073089	0.0480218	0.0108988	5.62191e-05	
N0.HOG0002786	0.0798274	0.0793239	0.073089	0.0480218	0.0108988	5.62191e-05	
N0.HOG0002787	2.72042e-05	2.79938e-05	3.83254e-05	8.76107e-05	0.000126622	5.36922e-06	
N0.HOG0002788	0.0798274	0.0793239	0.073089	0.0480218	0.0108988	5.62191e-05	
N0.HOG0002789	0.00147361	0.00147831	0.00152904	0.00156859	0.00081217	1.2892e-05	
N0.HOG0002790	0.0798274	0.0793239	0.073089	0.0480218	0.0108988	5.62191e-05	
N0.HOG0002791	0.0798274	0.0793239	0.073089	0.0480218	0.0108988	5.62191e-05	
N0.HOG0002792	5.39552e-16	4.64101e-11	9.27392e-09	3.171e-07	2.56068e-06	5.75832e-07	
N0.HOG0002793	0.0798274	0.0793239	0.073089	0.0480218	0.0108988	5.62191e-05	
N0.HOG0002794	0.00147361	0.00147831	0.00152904	0.00156859	0.00081217	1.2892e-05	
N0.HOG0002795	0.0798274	0.0793239	0.073089	0.0480218	0.0108988	5.62191e-05	
N0.HOG0002796	0.0798274	0.0793239	0.073089	0.0480218	0.0108988	5.62191e-05	
N0.HOG0002797	0.00147357	0.00146774	0.00139369	0.00105657	0.000357719	4.41484e-06	
N0.HOG0002798	0.00147361	0.00147831	0.00152904	0.00156859	0.00081217	1.2892e-05	
N0.HOG0002799	2.72035e-05	2.77856e-05	3.51428e-05	6.65115e-05	9.19023e-05	7.22976e-06	
N0.HOG0002800	7.14375e-21	1.40188e-19	9.5689e-18	1.92713e-15	6.53586e-13	7.08452e-11	
N0.HOG0002801	5.02201e-07	5.25603e-07	8.68624e-07	3.48252e-06	1.23186e-05	2.33736e-06	
N0.HOG0002802	0.0798274	0.0793239	0.073089	0.0480218	0.0108988	5.62191e-05	
N0.HOG0002803	3.33108e-12	5.53877e-11	1.0436e-09	1.7054e-08	1.63288e-07	8.18186e-08	
N0.HOG0002804	9.27051e-09	9.76899e-09	1.75842e-08	1.01684e-07	7.75798e-07	4.2419e-07	
N0.HOG0002805	0.0798274	0.0793239	0.073089	0.0480218	0.0108988	5.62191e-05	
N0.HOG0002806	0.00147369	0.00150284	0.00184674	0.00284409	0.00218856	5.81642e-05	
N0.HOG0002808	0.00147369	0.00150284	0.00184674	0.00284409	0.00218856	5.81642e-05	
N0.HOG0002809	0.00147357	0.00146774	0.00139369	0.00105657	0.000357719	4.41484e-06	
N0.HOG0002810	0.0798274	0.0793239	0.073089	0.0480218	0.0108988	5.62191e-05	
N0.HOG0002811	2.72021e-05	2.73826e-05	2.95776e-05	3.70082e-05	3.17729e-05	1.31996e-06	
N0.HOG0002812	0.0798274	0.0793239	0.073089	0.0480218	0.0108988	5.62191e-05	
N0.HOG0002813	0.00147367	0.00149745	0.00177273	0.00246548	0.00153231	2.18671e-05	
N0.HOG0002814	0.0798274	0.0793239	0.073089	0.0480218	0.0108988	5.62191e-05	
N0.HOG0002815	4.35392e-10	1.27282e-07	1.729e-06	8.49851e-06	1.39467e-05	7.69231e-07	
N0.HOG0002816	0.0798274	0.0793239	0.073089	0.0480218	0.0108988	5.62191e-05	
N0.HOG0002817	0.00147369	0.00150211	0.00183197	0.00268218	0.00169918	2.34139e-05	
N0.HOG0002818	0.0798274	0.0793239	0.073089	0.0480218	0.0108988	5.62191e-05	
N0.HOG0002819	2.20337e-10	6.42703e-08	8.49486e-07	3.74574e-06	5.14178e-06	2.65149e-07	
N0.HOG0002820	2.4032e-09	7.17067e-07	1.21111e-05	0.000100441	0.000234474	9.50098e-06	
N0.HOG0002822	1.32112e-11	3.96411e-09	7.20773e-08	8.82818e-07	8.27723e-06	4.62512e-05	
N0.HOG0002823	2.72037e-05	2.78462e-05	3.58833e-05	6.86207e-05	9.12803e-05	6.92785e-06	
N0.HOG0002824	2.72193e-05	3.23849e-05	9.51779e-05	0.00031503	0.000362019	1.0237e-05	
N0.HOG0002825	0.00147361	0.00147857	0.00153306	0.00159638	0.000878332	1.74358e-05	
N0.HOG0002826	1.80453e-10	2.99187e-09	5.42681e-08	7.55137e-07	5.387e-06	1.86628e-06	
N0.HOG0002827	0.00147358	0.0014697	0.00141888	0.00115371	0.000449626	6.47774e-06	
N0.HOG0002828	0.0798274	0.0793239	0.073089	0.0480218	0.0108988	5.62191e-05	
N0.HOG0002829	0.0798274	0.0793239	0.073089	0.0480218	0.0108988	5.62191e-05	
N0.HOG0002830	1.80461e-10	3.03006e-09	6.27522e-08	1.16629e-06	9.4037e-06	2.35125e-06	
N0.HOG0002831	0.00147361	0.00147831	0.00152904	0.00156859	0.00081217	1.2892e-05	
N0.HOG0002832	2.7202e-05	2.7341e-05	2.89845e-05	3.3623e-05	2.55103e-05	1.09608e-06	
N0.HOG0002833	0.0798274	0.0793239	0.073089	0.0480218	0.0108988	5.62191e-05	
N0.HOG0002834	0.00147356	0.00146575	0.00136816	0.000959011	0.000267973	2.47948e-06	
N0.HOG0002835	5.39552e-16	4.64101e-11	9.27392e-09	3.171e-07	2.56068e-06	5.75832e-07	
N0.HOG0002836	0.0798274	0.0793239	0.073089	0.0480218	0.0108988	5.62191e-05	
N0.HOG0002837	0.0798274	0.0793239	0.073089	0.0480218	0.0108988	5.62191e-05	
N0.HOG0002838	5.39552e-16	4.64101e-11	9.27392e-09	3.171e-07	2.56068e-06	5.75832e-07	
N0.HOG0002839	2.72036e-05	2.78084e-05	3.52356e-05	6.27848e-05	7.26879e-05	4.71866e-06	
N0.HOG0002840	0.0798274	0.0793239	0.073089	0.0480218	0.0108988	5.62191e-05	
N0.HOG0002841	0.00147358	0.00147	0.00142273	0.00116651	0.000455683	6.30792e-06	
N0.HOG0002843	0.00147357	0.00146774	0.00139369	0.00105657	0.000357719	4.41484e-06	
N0.HOG0002844	3.20109e-10	9.34699e-08	1.25144e-06	5.82122e-06	8.81809e-06	4.8263e-07	
N0.HOG0002845	9.27053e-09	9.77596e-09	1.77395e-08	1.04656e-07	8.66674e-07	9.45223e-07	
N0.HOG0002846	0.00147361	0.00147831	0.00152904	0.00156859	0.00081217	1.2892e-05	
N0.HOG0002847	2.72034e-05	2.77489e-05	3.45314e-05	6.12314e-05	7.49267e-05	4.98484e-06	
N0.HOG0002848	0.00147358	0.00146931	0.00141382	0.00113299	0.000426369	5.75099e-06	
N0.HOG0002849	0.0798274	0.0793239	0.073089	0.0480218	0.0108988	5.62191e-05	
N0.HOG0002850	5.0226e-07	5.42923e-07	1.08655e-06	3.94673e-06	7.7119e-06	5.62393e-07	
N0.HOG0002851	2.72034e-05	2.77563e-05	3.46549e-05	6.23512e-05	7.90134e-05	5.61224e-06	
N0.HOG0002852	3.39575e-21	3.06663e-16	1.00281e-13	1.16356e-11	4.97342e-10	1.25414e-09	
N0.HOG0002853	0.0798274	0.0793239	0.073089	0.0480218	0.0108988	5.62191e-05	
N0.HOG0002854	0.0798274	0.0793239	0.073089	0.0480218	0.0108988	5.62191e-05	
N0.HOG0002855	0.00147361	0.00147831	0.00152904	0.00156859	0.00081217	1.2892e-05	
N0.HOG0002856	0.00147368	0.00149809	0.00178514	0.00259529	0.00191527	4.87343e-05	
N0.HOG0002857	3.53039e-18	3.03397e-13	6.02026e-11	2.14689e-09	2.49668e-08	1.60295e-08	
N0.HOG0002858	0.0798274	0.0793239	0.073089	0.0480218	0.0108988	5.62191e-05	
N0.HOG0002859	5.022e-07	5.25464e-07	8.65529e-07	3.41997e-06	1.16815e-05	2.07606e-06	
N0.HOG0002860	2.72037e-05	2.78369e-05	3.57231e-05	6.71016e-05	8.56179e-05	5.94996e-06	
N0.HOG0002861	2.7202e-05	2.73534e-05	2.91574e-05	3.4523e-05	2.67407e-05	1.03894e-06	
N0.HOG0002863	0.0798274	0.0793239	0.073089	0.0480218	0.0108988	5.62191e-05	
N0.HOG0002864	0.00147368	0.00149809	0.00178514	0.00259529	0.00191527	4.87343e-05	
N0.HOG0002865	0.00147357	0.00146774	0.00139369	0.00105657	0.000357719	4.41484e-06	
N0.HOG0002866	0.0798274	0.0793239	0.073089	0.0480218	0.0108988	5.62191e-05	
N0.HOG0002867	5.02489e-07	6.11611e-07	2.32464e-06	1.70255e-05	6.36183e-05	8.87413e-06	
N0.HOG0002868	0.0798274	0.0793239	0.073089	0.0480218	0.0108988	5.62191e-05	
N0.HOG0002869	0.00147358	0.00146931	0.00141382	0.00113299	0.000426369	5.75099e-06	
N0.HOG0002870	0.0798274	0.0793239	0.073089	0.0480218	0.0108988	5.62191e-05	
N0.HOG0002871	0.0798274	0.0793239	0.073089	0.0480218	0.0108988	5.62191e-05	
N0.HOG0002872	0.00147358	0.00147112	0.00143705	0.00122055	0.000503005	7.10707e-06	
N0.HOG0002873	0.00147361	0.00147831	0.00152904	0.00156859	0.00081217	1.2892e-05	
N0.HOG0002874	0.0798274	0.0793239	0.073089	0.0480218	0.0108988	5.62191e-05	
N0.HOG0002875	0.00147357	0.0014678	0.00139453	0.00106011	0.000361979	4.56087e-06	
N0.HOG0002876	2.72022e-05	2.73898e-05	2.96834e-05	3.76852e-05	3.35168e-05	1.49274e-06	
N0.HOG0002877	1.51038e-23	3.78204e-16	9.80332e-13	1.53638e-10	3.76989e-09	3.38319e-09	
N0.HOG0002878	6.95349e-17	5.94579e-12	1.10765e-09	2.99069e-08	1.82343e-07	4.04382e-08	
N0.HOG0002879	0.0798274	0.0793239	0.073089	0.0480218	0.0108988	5.62191e-05	
N0.HOG0002880	0.00147361	0.00147857	0.00153306	0.00159638	0.000878332	1.74358e-05	
N0.HOG0002881	0.00147357	0.0014678	0.00139453	0.00106011	0.000361979	4.56087e-06	
N0.HOG0002882	0.0798274	0.0793239	0.073089	0.0480218	0.0108988	5.62191e-05	
N0.HOG0002883	0.0798274	0.0793239	0.073089	0.0480218	0.0108988	5.62191e-05	
N0.HOG0002884	2.72023e-05	2.74237e-05	3.01802e-05	4.09118e-05	4.21459e-05	2.58661e-06	
N0.HOG0002885	0.0798274	0.0793239	0.073089	0.0480218	0.0108988	5.62191e-05	
N0.HOG0002886	5.0217e-07	5.16482e-07	7.09472e-07	1.80946e-06	4.10177e-06	5.49857e-07	
N0.HOG0002887	0.00147369	0.00150211	0.00183197	0.00268218	0.00169918	2.34139e-05	
N0.HOG0002888	8.91677e-10	2.61932e-07	3.76566e-06	2.23026e-05	4.56077e-05	2.72808e-06	
N0.HOG0002889	0.00147369	0.00150211	0.00183197	0.00268218	0.00169918	2.34139e-05	
N0.HOG0002890	0.0798274	0.0793239	0.073089	0.0480218	0.0108988	5.62191e-05	
N0.HOG0002891	0.00147361	0.00147831	0.00152904	0.00156859	0.00081217	1.2892e-05	
N0.HOG0002892	0.00147369	0.00150284	0.00184674	0.00284409	0.00218856	5.81642e-05	
N0.HOG0002893	0.00147368	0.00149809	0.00178514	0.00259529	0.00191527	4.87343e-05	
N0.HOG0002894	2.72023e-05	2.74237e-05	3.01802e-05	4.09118e-05	4.21459e-05	2.58661e-06	
N0.HOG0002895	6.95349e-17	5.94579e-12	1.10765e-09	2.99069e-08	1.82343e-07	4.04382e-08	
N0.HOG0002896	0.00147358	0.00146931	0.00141382	0.00113299	0.000426369	5.75099e-06	
N0.HOG0002897	0.0798274	0.0793239	0.073089	0.0480218	0.0108988	5.62191e-05	
N0.HOG0002898	0.0798274	0.0793239	0.073089	0.0480218	0.0108988	5.62191e-05	
N0.HOG0002899	0.0798274	0.0793239	0.073089	0.0480218	0.0108988	5.62191e-05	
N0.HOG0002900	0.00147357	0.00146774	0.00139369	0.00105657	0.000357719	4.41484e-06	
N0.HOG0002901	2.20337e-10	6.42703e-08	8.49486e-07	3.74574e-06	5.14178e-06	2.65149e-07	
N0.HOG0002902	0.0798274	0.0793239	0.073089	0.0480218	0.0108988	5.62191e-05	
N0.HOG0002903	5.02129e-07	5.04242e-07	5.30719e-07	6.38763e-07	6.7092e-07	6.62957e-08	
N0.HOG0002904	5.02138e-07	5.06945e-07	5.68371e-07	8.50348e-07	1.21685e-06	1.68512e-07	
N0.HOG0002905	0.0798274	0.0793239	0.073089	0.0480218	0.0108988	5.62191e-05	
N0.HOG0002906	2.72038e-05	2.78737e-05	3.63555e-05	7.28879e-05	0.000105016	8.62867e-06	
N0.HOG0002907	0.0798274	0.0793239	0.073089	0.0480218	0.0108988	5.62191e-05	
N0.HOG0002908	0.0798274	0.0793239	0.073089	0.0480218	0.0108988	5.62191e-05	
N0.HOG0002909	0.0798274	0.0793239	0.073089	0.0480218	0.0108988	5.62191e-05	
N0.HOG0002910	0.0798274	0.0793239	0.073089	0.0480218	0.0108988	5.62191e-05	
N0.HOG0002911	9.51267e-09	8.1898e-08	1.22178e-06	1.06285e-05	3.61865e-05	6.32866e-06	
N0.HOG0002912	0.0798274	0.0793239	0.073089	0.0480218	0.0108988	5.62191e-05	
N0.HOG0002913	0.0798274	0.0793239	0.073089	0.0480218	0.0108988	5.62191e-05	
N0.HOG0002914	0.00147368	0.00149809	0.00178514	0.00259529	0.00191527	4.87343e-05	
N0.HOG0002915	0.00147369	0.00150211	0.00183197	0.00268218	0.00169918	2.34139e-05	
N0.HOG0002916	0.0798274	0.0793239	0.073089	0.0480218	0.0108988	5.62191e-05	
N0.HOG0002920	0.0798274	0.0793239	0.073089	0.0480218	0.0108988	5.62191e-05	
N0.HOG0002921	0.00147361	0.00147831	0.00152904	0.00156859	0.00081217	1.2892e-05	
N0.HOG0002922	0.00147357	0.00146774	0.00139369	0.00105657	0.000357719	4.41484e-06	
N0.HOG0002923	3.20109e-10	9.34699e-08	1.25144e-06	5.82122e-06	8.81809e-06	4.8263e-07	
N0.HOG0002924	0.00147369	0.00150211	0.00183197	0.00268218	0.00169918	2.34139e-05	
N0.HOG0002925	0.00147367	0.00149745	0.00177273	0.00246548	0.00153231	2.18671e-05	
N0.HOG0002926	8.91677e-10	2.61932e-07	3.76566e-06	2.23026e-05	4.56077e-05	2.72808e-06	
N0.HOG0002927	0.0798274	0.0793239	0.073089	0.0480218	0.0108988	5.62191e-05	
N0.HOG0002928	2.72033e-05	2.77193e-05	3.40398e-05	5.71014e-05	6.28626e-05	3.82648e-06	
N0.HOG0002929	0.00147357	0.00146774	0.00139369	0.00105657	0.000357719	4.41484e-06	
N0.HOG0002930	5.0221e-07	5.28458e-07	9.29575e-07	4.5024e-06	1.7922e-05	2.11299e-06	
N0.HOG0002931	0.00147358	0.00146931	0.00141382	0.00113299	0.000426369	5.75099e-06	
N0.HOG0002932	3.03905e-13	8.97973e-11	1.39066e-09	1.16521e-08	6.03461e-08	2.51831e-08	
N0.HOG0002933	0.00147358	0.00146931	0.00141382	0.00113299	0.000426369	5.75099e-06	
N0.HOG0002934	0.0798274	0.0793239	0.073089	0.0480218	0.0108988	5.62191e-05	
N0.HOG0002935	1.71115e-10	1.76631e-10	2.55972e-10	9.35797e-10	6.99444e-09	1.07156e-08	
N0.HOG0002936	0.00147358	0.0014697	0.00141888	0.00115371	0.000449626	6.47774e-06	
N0.HOG0002937	1.01848e-11	2.9746e-09	3.99643e-08	1.90882e-07	3.32777e-07	2.96321e-08	
N0.HOG0002938	0.0798274	0.0793239	0.073089	0.0480218	0.0108988	5.62191e-05	
N0.HOG0002939	0.0798274	0.0793239	0.073089	0.0480218	0.0108988	5.62191e-05	
N0.HOG0002940	0.0798274	0.0793239	0.073089	0.0480218	0.0108988	5.62191e-05	
N0.HOG0002941	0.0798274	0.0793239	0.073089	0.0480218	0.0108988	5.62191e-05	
N0.HOG0002942	0.0798274	0.0793239	0.073089	0.0480218	0.0108988	5.62191e-05	
N0.HOG0002943	0.00147361	0.00147857	0.00153306	0.00159638	0.000878332	1.74358e-05	
N0.HOG0002944	2.72036e-05	2.78234e-05	3.54374e-05	6.32814e-05	6.64733e-05	2.39515e-06	
N0.HOG0002945	1.32112e-11	3.96412e-09	7.20773e-08	8.82798e-07	8.27117e-06	4.57323e-05	
N0.HOG0002946	0.0798274	0.0793239	0.073089	0.0480218	0.0108988	5.62191e-05	
N0.HOG0002947	0.00147369	0.00150284	0.00184674	0.00284409	0.00218856	5.81642e-05	
N0.HOG0002948	0.00147369	0.00150284	0.00184674	0.00284409	0.00218856	5.81642e-05	
N0.HOG0002949	0.0798274	0.0793239	0.073089	0.0480218	0.0108988	5.62191e-05	
N0.HOG0002950	1.17473e-13	3.45145e-11	4.9993e-10	3.35373e-09	1.34751e-08	5.48575e-09	
N0.HOG0002951	0.0798274	0.0793239	0.073089	0.0480218	0.0108988	5.62191e-05	
N0.HOG0002952	0.0798274	0.0793239	0.073089	0.0480218	0.0108988	5.62191e-05	
N0.HOG0002953	0.0798274	0.0793239	0.073089	0.0480218	0.0108988	5.62191e-05	
N0.HOG0002954	5.02176e-07	5.18065e-07	7.32723e-07	1.96177e-06	4.49444e-06	5.69248e-07	
N0.HOG0002955	0.0798274	0.0793239	0.073089	0.0480218	0.0108988	5.62191e-05	
N0.HOG0002957	5.02256e-07	5.41308e-07	1.03249e-06	3.09372e-06	4.95003e-06	4.22296e-07	
N0.HOG0002958	0.00147361	0.00147831	0.00152904	0.00156859	0.00081217	1.2892e-05	
N0.HOG0002959	0.0798274	0.0793239	0.073089	0.0480218	0.0108988	5.62191e-05	
N0.HOG0002960	5.02246e-07	5.38299e-07	9.72005e-07	2.41101e-06	2.55004e-06	1.14152e-07	
N0.HOG0002961	0.00147361	0.00147831	0.00152904	0.00156859	0.00081217	1.2892e-05	
N0.HOG0002962	0.0798274	0.0793239	0.073089	0.0480218	0.0108988	5.62191e-05	
N0.HOG0002963	0.0798274	0.0793239	0.073089	0.0480218	0.0108988	5.62191e-05	
N0.HOG0002964	0.0798274	0.0793239	0.073089	0.0480218	0.0108988	5.62191e-05	
N0.HOG0002965	0.0798274	0.0793239	0.073089	0.0480218	0.0108988	5.62191e-05	
N0.HOG0002966	3.20109e-10	9.34699e-08	1.25144e-06	5.82122e-06	8.81809e-06	4.8263e-07	
N0.HOG0002967	3.89007e-11	1.16114e-08	1.98877e-07	1.91525e-06	7.34743e-06	8.42638e-07	
N0.HOG0002968	0.00147369	0.00150211	0.00183197	0.00268218	0.00169918	2.34139e-05	
N0.HOG0002969	0.0798274	0.0793239	0.073089	0.0480218	0.0108988	5.62191e-05	
N0.HOG0002970	0.0798274	0.0793239	0.073089	0.0480218	0.0108988	5.62191e-05	
N0.HOG0002971	0.00147369	0.00150211	0.00183197	0.00268218	0.00169918	2.34139e-05	
N0.HOG0002972	5.02261e-07	5.43019e-07	1.0894e-06	4.01662e-06	8.33538e-06	7.51961e-07	
N0.HOG0002973	1.6461e-11	4.94468e-09	9.13499e-08	1.14871e-06	6.51201e-06	1.08642e-06	
N0.HOG0002974	0.0798274	0.0793239	0.073089	0.0480218	0.0108988	5.62191e-05	
N0.HOG0002975	0.0798274	0.0793239	0.073089	0.0480218	0.0108988	5.62191e-05	
N0.HOG0002976	0.00147356	0.00146575	0.00136818	0.000959113	0.000268125	2.47615e-06	
N0.HOG0002977	8.91677e-10	2.61932e-07	3.76566e-06	2.23026e-05	4.56077e-05	2.72808e-06	
N0.HOG0002979	2.7204e-05	2.79239e-05	3.74436e-05	8.62748e-05	0.000154351	1.51184e-05	
N0.HOG0002980	0.0798274	0.0793239	0.073089	0.0480218	0.0108988	5.62191e-05	
N0.HOG0002981	0.00147368	0.00149809	0.00178514	0.00259529	0.00191527	4.87343e-05	
N0.HOG0002982	0.0798274	0.0793239	0.073089	0.0480218	0.0108988	5.62191e-05	
N0.HOG0002983	2.72081e-05	2.91324e-05	5.19374e-05	0.000120827	0.00010343	2.42633e-06	
N0.HOG0002984	1.646e-11	4.85303e-09	7.3103e-08	5.35824e-07	1.88297e-06	3.17461e-07	
N0.HOG0002985	0.0798274	0.0793239	0.073089	0.0480218	0.0108988	5.62191e-05	
N0.HOG0002986	0.00147357	0.0014678	0.00139453	0.00106011	0.000361979	4.56087e-06	
N0.HOG0002987	0.0798274	0.0793239	0.073089	0.0480218	0.0108988	5.62191e-05	
N0.HOG0002988	0.0798274	0.0793239	0.073089	0.0480218	0.0108988	5.62191e-05	
N0.HOG0002989	0.0798274	0.0793239	0.073089	0.0480218	0.0108988	5.62191e-05	
N0.HOG0002990	0.0798274	0.0793239	0.073089	0.0480218	0.0108988	5.62191e-05	
N0.HOG0002991	0.0798274	0.0793239	0.073089	0.0480218	0.0108988	5.62191e-05	
N0.HOG0002992	5.02456e-07	5.99861e-07	1.84111e-06	7.4326e-06	1.41624e-05	1.04721e-06	
N0.HOG0002993	0.00147358	0.00146931	0.00141382	0.00113299	0.000426369	5.75099e-06	
N0.HOG0002994	0.00147361	0.00147831	0.00152904	0.00156859	0.00081217	1.2892e-05	
N0.HOG0002995	2.72022e-05	2.73898e-05	2.96834e-05	3.76852e-05	3.35168e-05	1.49274e-06	
N0.HOG0002996	0.0798274	0.0793239	0.073089	0.0480218	0.0108988	5.62191e-05	
N0.HOG0002997	5.02174e-07	5.17638e-07	7.26308e-07	1.9365e-06	4.9318e-06	1.09039e-06	
N0.HOG0002998	0.0798274	0.0793239	0.073089	0.0480218	0.0108988	5.62191e-05	
N0.HOG0002999	0.00147367	0.00149745	0.00177273	0.00246548	0.00153231	2.18671e-05	
N0.HOG0003000	0.00147367	0.00149745	0.00177273	0.00246548	0.00153231	2.18671e-05	
N0.HOG0003001	0.00147369	0.00150211	0.00183197	0.00268218	0.00169918	2.34139e-05	
N0.HOG0003002	0.00147369	0.00150284	0.00184674	0.00284409	0.00218856	5.81642e-05	
N0.HOG0003003	0.00147361	0.00147831	0.00152904	0.00156859	0.00081217	1.2892e-05	
N0.HOG0003004	0.0798274	0.0793239	0.073089	0.0480218	0.0108988	5.62191e-05	
N0.HOG0003005	5.02173e-07	5.1727e-07	7.17427e-07	1.7498e-06	3.11505e-06	2.36484e-07	
N0.HOG0003006	0.00147361	0.00147831	0.00152904	0.00156859	0.00081217	1.2892e-05	
N0.HOG0003007	0.00147357	0.00146774	0.00139369	0.00105657	0.000357719	4.41484e-06	
N0.HOG0003008	2.72035e-05	2.77948e-05	3.49539e-05	5.92104e-05	5.64345e-05	1.89949e-06	
N0.HOG0003009	0.0798274	0.0793239	0.073089	0.0480218	0.0108988	5.62191e-05	
N0.HOG0003010	2.72036e-05	2.78234e-05	3.54374e-05	6.32814e-05	6.64733e-05	2.39515e-06	
N0.HOG0003011	0.0798274	0.0793239	0.073089	0.0480218	0.0108988	5.62191e-05	
N0.HOG0003012	0.0798274	0.0793239	0.073089	0.0480218	0.0108988	5.62191e-05	
N0.HOG0003013	9.26933e-09	9.41684e-09	1.14081e-08	2.34883e-08	6.43884e-08	2.28066e-08	
N0.HOG0003022	0.0798274	0.0793239	0.073089	0.0480218	0.0108988	5.62191e-05	
N0.HOG0003023	0.0798274	0.0793239	0.073089	0.0480218	0.0108988	5.62191e-05	
N0.HOG0003024	0.0798274	0.0793239	0.073089	0.0480218	0.0108988	5.62191e-05	
N0.HOG0003025	0.00147369	0.00150284	0.00184674	0.00284409	0.00218856	5.81642e-05	
N0.HOG0003026	2.72019e-05	2.73211e-05	2.86978e-05	3.18837e-05	2.16081e-05	7.67953e-07	
N0.HOG0003027	0.00147361	0.00147831	0.00152904	0.00156859	0.00081217	1.2892e-05	
N0.HOG0003028	0.00147357	0.0014678	0.00139453	0.00106011	0.000361979	4.56087e-06	
N0.HOG0003029	0.0798274	0.0793239	0.073089	0.0480218	0.0108988	5.62191e-05	
N0.HOG0003030	0.0798274	0.0793239	0.073089	0.0480218	0.0108988	5.62191e-05	
N0.HOG0003031	0.00147358	0.00147112	0.00143705	0.00122055	0.000503005	7.10707e-06	
N0.HOG0003032	0.00147361	0.00147831	0.00152904	0.00156859	0.00081217	1.2892e-05	
N0.HOG0003033	0.0798274	0.0793239	0.073089	0.0480218	0.0108988	5.62191e-05	
N0.HOG0003034	0.00147361	0.00147831	0.00152904	0.00156859	0.00081217	1.2892e-05	
N0.HOG0003035	0.0798274	0.0793239	0.073089	0.0480218	0.0108988	5.62191e-05	
N0.HOG0003036	0.00147361	0.00147831	0.00152904	0.00156859	0.00081217	1.2892e-05	
N0.HOG0003037	0.00147358	0.00146931	0.00141382	0.00113299	0.000426369	5.75099e-06	
N0.HOG0003038	0.00147358	0.0014697	0.00141888	0.00115371	0.000449626	6.47774e-06	
N0.HOG0003039	0.0798274	0.0793239	0.073089	0.0480218	0.0108988	5.62191e-05	
N0.HOG0003040	5.02179e-07	5.19157e-07	7.54815e-07	2.31192e-06	7.59499e-06	2.2622e-06	
N0.HOG0003041	2.72038e-05	2.78737e-05	3.63555e-05	7.28879e-05	0.000105016	8.62867e-06	
N0.HOG0003042	0.0798274	0.0793239	0.073089	0.0480218	0.0108988	5.62191e-05	
N0.HOG0003043	5.02134e-07	5.05787e-07	5.51029e-07	7.25664e-07	7.7354e-07	6.55606e-08	
N0.HOG0003044	0.00147361	0.00147831	0.00152904	0.00156859	0.00081217	1.2892e-05	
N0.HOG0003045	0.0798274	0.0793239	0.073089	0.0480218	0.0108988	5.62191e-05	
N0.HOG0003046	0.0798274	0.0793239	0.073089	0.0480218	0.0108988	5.62191e-05	
N0.HOG0003047	0.0798274	0.0793239	0.073089	0.0480218	0.0108988	5.62191e-05	
N0.HOG0003048	2.72014e-05	2.71787e-05	2.68502e-05	2.44033e-05	1.32025e-05	4.20948e-07	
N0.HOG0003049	0.0798274	0.0793239	0.073089	0.0480218	0.0108988	5.62191e-05	
N0.HOG0003050	0.0798274	0.0793239	0.073089	0.0480218	0.0108988	5.62191e-05	
N0.HOG0003051	0.00147358	0.0014694	0.00141509	0.00113912	0.000436192	6.27445e-06	
N0.HOG0003052	0.0798274	0.0793239	0.073089	0.0480218	0.0108988	5.62191e-05	
N0.HOG0003053	5.02212e-07	5.29036e-07	9.46087e-07	5.10962e-06	3.09948e-05	1.56415e-05	
N0.HOG0003054	0.00147358	0.0014697	0.00141888	0.00115371	0.000449626	6.47774e-06	
N0.HOG0003055	0.00147369	0.00150284	0.00184674	0.00284409	0.00218856	5.81642e-05	
N0.HOG0003056	0.0798274	0.0793239	0.073089	0.0480218	0.0108988	5.62191e-05	
N0.HOG0003057	0.0798274	0.0793239	0.073089	0.0480218	0.0108988	5.62191e-05	
N0.HOG0003058	2.72019e-05	2.73162e-05	2.87235e-05	3.36867e-05	2.83169e-05	1.17721e-06	
N0.HOG0003059	2.72037e-05	2.78369e-05	3.57231e-05	6.71016e-05	8.56179e-05	5.94996e-06	
N0.HOG0003060	0.0798274	0.0793239	0.073089	0.0480218	0.0108988	5.62191e-05	
N0.HOG0003061	0.0798274	0.0793239	0.073089	0.0480218	0.0108988	5.62191e-05	
N0.HOG0003062	0.0798274	0.0793239	0.073089	0.0480218	0.0108988	5.62191e-05	
N0.HOG0003063	0.0798274	0.0793239	0.073089	0.0480218	0.0108988	5.62191e-05	
N0.HOG0003064	0.0798274	0.0793239	0.073089	0.0480218	0.0108988	5.62191e-05	
N0.HOG0003065	0.0798274	0.0793239	0.073089	0.0480218	0.0108988	5.62191e-05	
N0.HOG0003067	0.0798274	0.0793239	0.073089	0.0480218	0.0108988	5.62191e-05	
N0.HOG0003068	0.00147361	0.00147831	0.00152904	0.00156859	0.00081217	1.2892e-05	
N0.HOG0003069	0.0798274	0.0793239	0.073089	0.0480218	0.0108988	5.62191e-05	
N0.HOG0003070	0.0798274	0.0793239	0.073089	0.0480218	0.0108988	5.62191e-05	
N0.HOG0003071	0.0798274	0.0793239	0.073089	0.0480218	0.0108988	5.62191e-05	
N0.HOG0003072	0.00147361	0.00147831	0.00152904	0.00156859	0.00081217	1.2892e-05	
N0.HOG0003073	0.00147357	0.00146774	0.00139369	0.00105657	0.000357719	4.41484e-06	
N0.HOG0003074	0.00147357	0.00146681	0.00138185	0.00101143	0.000316545	3.53415e-06	
N0.HOG0003075	0.0798274	0.0793239	0.073089	0.0480218	0.0108988	5.62191e-05	
N0.HOG0003076	0.0798274	0.0793239	0.073089	0.0480218	0.0108988	5.62191e-05	
N0.HOG0003077	0.00147361	0.00147831	0.00152904	0.00156859	0.00081217	1.2892e-05	
N0.HOG0003078	2.7202e-05	2.73534e-05	2.91574e-05	3.4523e-05	2.67407e-05	1.03894e-06	
N0.HOG0003079	6.39077e-21	1.63408e-13	5.29305e-10	1.4084e-07	4.46283e-06	1.56228e-06	
N0.HOG0003080	0.0798274	0.0793239	0.073089	0.0480218	0.0108988	5.62191e-05	
N0.HOG0003081	0.00147358	0.00147112	0.00143705	0.00122055	0.000503005	7.10707e-06	
N0.HOG0003082	2.72055e-05	2.83822e-05	4.5105e-05	0.000153706	0.000384599	5.04204e-05	
N0.HOG0003083	0.00147369	0.00150284	0.00184674	0.00284409	0.00218856	5.81642e-05	
N0.HOG0003084	0.00147358	0.0014694	0.00141509	0.00113912	0.000436192	6.27445e-06	
N0.HOG0003085	2.72058e-05	2.84555e-05	4.62387e-05	0.000158166	0.00033675	2.35199e-05	
N0.HOG0003086	3.20109e-10	9.34699e-08	1.25144e-06	5.82122e-06	8.81809e-06	4.8263e-07	
N0.HOG0003087	1.64612e-11	4.96247e-09	9.5147e-08	1.32087e-06	9.15835e-06	2.82247e-06	
N0.HOG0003088	2.72034e-05	2.77563e-05	3.46549e-05	6.23512e-05	7.90134e-05	5.61224e-06	
N0.HOG0003089	0.0798274	0.0793239	0.073089	0.0480218	0.0108988	5.62191e-05	
N0.HOG0003090	0.0798274	0.0793239	0.073089	0.0480218	0.0108988	5.62191e-05	
N0.HOG0003091	0.0798274	0.0793239	0.073089	0.0480218	0.0108988	5.62191e-05	
N0.HOG0003092	0.0798274	0.0793239	0.073089	0.0480218	0.0108988	5.62191e-05	
N0.HOG0003093	0.0798274	0.0793239	0.073089	0.0480218	0.0108988	5.62191e-05	
N0.HOG0003094	0.0798274	0.0793239	0.073089	0.0480218	0.0108988	5.62191e-05	
N0.HOG0003095	0.0798274	0.0793239	0.073089	0.0480218	0.0108988	5.62191e-05	
N0.HOG0003096	0.00147369	0.00150211	0.00183197	0.00268218	0.00169918	2.34139e-05	
N0.HOG0003097	0.00147358	0.0014698	0.00142017	0.00115864	0.000454567	6.69617e-06	
N0.HOG0003098	0.00147356	0.00146572	0.00136785	0.000958182	0.000268386	2.58645e-06	
N0.HOG0003099	0.00147361	0.00147831	0.00152904	0.00156859	0.00081217	1.2892e-05	
N0.HOG0003100	2.72037e-05	2.78386e-05	3.56975e-05	6.55818e-05	7.31623e-05	2.93575e-06	
N0.HOG0003101	0.00147361	0.00147831	0.00152904	0.00156859	0.00081217	1.2892e-05	
N0.HOG0003102	0.0798274	0.0793239	0.073089	0.0480218	0.0108988	5.62191e-05	
N0.HOG0003103	0.0798274	0.0793239	0.073089	0.0480218	0.0108988	5.62191e-05	
N0.HOG0003104	0.0798274	0.0793239	0.073089	0.0480218	0.0108988	5.62191e-05	
N0.HOG0003105	0.0798274	0.0793239	0.073089	0.0480218	0.0108988	5.62191e-05	
N0.HOG0003106	0.00147358	0.00147112	0.00143705	0.00122055	0.000503005	7.10707e-06	
N0.HOG0003107	0.0798274	0.0793239	0.073089	0.0480218	0.0108988	5.62191e-05	
N0.HOG0003108	0.0798274	0.0793239	0.073089	0.0480218	0.0108988	5.62191e-05	
N0.HOG0003109	5.02165e-07	5.14977e-07	6.78561e-07	1.42252e-06	2.32818e-06	2.18865e-07	
N0.HOG0003110	0.0798274	0.0793239	0.073089	0.0480218	0.0108988	5.62191e-05	
N0.HOG0003111	0.00147361	0.00147831	0.00152904	0.00156859	0.00081217	1.2892e-05	
N0.HOG0003112	0.0798274	0.0793239	0.073089	0.0480218	0.0108988	5.62191e-05	
N0.HOG0003113	0.0798274	0.0793239	0.073089	0.0480218	0.0108988	5.62191e-05	
N0.HOG0003114	0.00147361	0.00147831	0.00152904	0.00156859	0.00081217	1.2892e-05	
N0.HOG0003115	0.00147369	0.00150211	0.00183197	0.00268218	0.00169918	2.34139e-05	
N0.HOG0003116	0.00147369	0.00150284	0.00184674	0.00284409	0.00218856	5.81642e-05	
N0.HOG0003117	2.72023e-05	2.74188e-05	3.01012e-05	4.01994e-05	3.89711e-05	1.91248e-06	
N0.HOG0003118	0.00147357	0.00146774	0.00139369	0.00105657	0.000357719	4.41484e-06	
N0.HOG0003120	0.00147357	0.0014678	0.00139453	0.00106011	0.000361979	4.56087e-06	
N0.HOG0003121	0.0798274	0.0793239	0.073089	0.0480218	0.0108988	5.62191e-05	
N0.HOG0003122	0.0798274	0.0793239	0.073089	0.0480218	0.0108988	5.62191e-05	
N0.HOG0003123	0.00147361	0.00147831	0.00152904	0.00156859	0.00081217	1.2892e-05	
N0.HOG0003124	0.0798274	0.0793239	0.073089	0.0480218	0.0108988	5.62191e-05	
N0.HOG0003125	0.0798274	0.0793239	0.073089	0.0480218	0.0108988	5.62191e-05	
N0.HOG0003126	0.0798274	0.0793239	0.073089	0.0480218	0.0108988	5.62191e-05	
N0.HOG0003127	2.72021e-05	2.73594e-05	2.92513e-05	3.5244e-05	2.91756e-05	1.41477e-06	
N0.HOG0003128	0.0798274	0.0793239	0.073089	0.0480218	0.0108988	5.62191e-05	
N0.HOG0003129	0.0798274	0.0793239	0.073089	0.0480218	0.0108988	5.62191e-05	
N0.HOG0003130	0.00147369	0.00150211	0.00183197	0.00268218	0.00169918	2.34139e-05	
N0.HOG0003131	0.0798274	0.0793239	0.073089	0.0480218	0.0108988	5.62191e-05	
N0.HOG0003132	2.72043e-05	2.80075e-05	3.86343e-05	9.28996e-05	0.000163089	1.33381e-05	
N0.HOG0003133	0.00147356	0.00146577	0.00136851	0.000960367	0.000269219	2.49419e-06	
N0.HOG0003134	0.00147358	0.00147112	0.00143705	0.00122055	0.000503005	7.10707e-06	
N0.HOG0003135	0.00147367	0.00149745	0.00177273	0.00246548	0.00153231	2.18671e-05	
N0.HOG0003136	0.0798274	0.0793239	0.073089	0.0480218	0.0108988	5.62191e-05	
N0.HOG0003137	8.91677e-10	2.61932e-07	3.76566e-06	2.23026e-05	4.56077e-05	2.72808e-06	
N0.HOG0003138	0.00147369	0.00150211	0.00183197	0.00268218	0.00169918	2.34139e-05	
N0.HOG0003139	2.72039e-05	2.79125e-05	3.70193e-05	7.89028e-05	0.000124558	1.11042e-05	
N0.HOG0003141	0.00147369	0.00150284	0.00184674	0.00284409	0.00218856	5.81642e-05	
N0.HOG0003142	0.0798274	0.0793239	0.073089	0.0480218	0.0108988	5.62191e-05	
N0.HOG0003143	0.00147367	0.00149745	0.00177273	0.00246548	0.00153231	2.18671e-05	
N0.HOG0003144	0.00147369	0.00150284	0.00184674	0.00284409	0.00218856	5.81642e-05	
N0.HOG0003145	0.00147369	0.00150284	0.00184674	0.00284409	0.00218856	5.81642e-05	
N0.HOG0003146	2.72054e-05	2.83563e-05	4.44333e-05	0.000137705	0.000238895	9.10712e-06	
N0.HOG0003147	0.00147361	0.00147831	0.00152904	0.00156859	0.00081217	1.2892e-05	
N0.HOG0003148	9.96066e-18	8.79267e-13	2.34324e-10	1.87803e-08	5.14202e-07	5.95754e-07	
N0.HOG0003149	1.42144e-12	4.24135e-10	7.2444e-09	7.06007e-08	3.2043e-07	9.00209e-08	
N0.HOG0003150	0.0798274	0.0793239	0.073089	0.0480218	0.0108988	5.62191e-05	
N0.HOG0003151	0.00147367	0.00149745	0.00177273	0.00246548	0.00153231	2.18671e-05	
N0.HOG0003152	0.0798274	0.0793239	0.073089	0.0480218	0.0108988	5.62191e-05	
N0.HOG0003153	5.02203e-07	5.26114e-07	8.79748e-07	3.68426e-06	1.37811e-05	2.56538e-06	
N0.HOG0003154	0.0798274	0.0793239	0.073089	0.0480218	0.0108988	5.62191e-05	
N0.HOG0003156	2.7202e-05	2.73534e-05	2.91574e-05	3.4523e-05	2.67407e-05	1.03894e-06	
N0.HOG0003157	0.0798274	0.0793239	0.073089	0.0480218	0.0108988	5.62191e-05	
N0.HOG0003158	0.00147357	0.0014678	0.00139453	0.00106011	0.000361979	4.56087e-06	
N0.HOG0003159	0.00147358	0.0014697	0.00141888	0.00115371	0.000449626	6.47774e-06	
N0.HOG0003160	0.00147361	0.00147831	0.00152904	0.00156859	0.00081217	1.2892e-05	
N0.HOG0003161	0.00147358	0.0014698	0.00142017	0.00115864	0.000454567	6.69617e-06	
N0.HOG0003162	0.0798274	0.0793239	0.073089	0.0480218	0.0108988	5.62191e-05	
N0.HOG0003163	0.0798274	0.0793239	0.073089	0.0480218	0.0108988	5.62191e-05	
N0.HOG0003164	0.0798274	0.0793239	0.073089	0.0480218	0.0108988	5.62191e-05	
N0.HOG0003165	0.00147367	0.00149745	0.00177273	0.00246548	0.00153231	2.18671e-05	
N0.HOG0003166	2.72022e-05	2.73892e-05	2.96818e-05	3.78676e-05	3.51526e-05	1.94596e-06	
N0.HOG0003167	5.90947e-12	1.76525e-09	3.05654e-08	3.14601e-07	1.54962e-06	4.18285e-07	
N0.HOG0003168	0.00147368	0.00149809	0.00178514	0.00259529	0.00191527	4.87343e-05	
N0.HOG0003169	0.0798274	0.0793239	0.073089	0.0480218	0.0108988	5.62191e-05	
N0.HOG0003171	0.0798274	0.0793239	0.073089	0.0480218	0.0108988	5.62191e-05	
N0.HOG0003172	0.0798274	0.0793239	0.073089	0.0480218	0.0108988	5.62191e-05	
N0.HOG0003173	2.72017e-05	2.72636e-05	2.79789e-05	2.95083e-05	2.07092e-05	8.75302e-07	
N0.HOG0003174	2.20337e-10	6.42703e-08	8.49486e-07	3.74574e-06	5.14178e-06	2.65149e-07	
N0.HOG0003175	0.00147369	0.00150211	0.00183197	0.00268218	0.00169918	2.34139e-05	
N0.HOG0003176	0.0798274	0.0793239	0.073089	0.0480218	0.0108988	5.62191e-05	
N0.HOG0003177	0.0798274	0.0793239	0.073089	0.0480218	0.0108988	5.62191e-05	
N0.HOG0003178	0.0798274	0.0793239	0.073089	0.0480218	0.0108988	5.62191e-05	
N0.HOG0003179	0.00147358	0.00146931	0.00141382	0.00113299	0.000426369	5.75099e-06	
N0.HOG0003180	0.0798274	0.0793239	0.073089	0.0480218	0.0108988	5.62191e-05	
N0.HOG0003181	5.9092e-12	1.74194e-09	2.61805e-08	1.90144e-07	6.57132e-07	1.10886e-07	
N0.HOG0003182	0.00147369	0.00150284	0.00184674	0.00284409	0.00218856	5.81642e-05	
N0.HOG0003183	0.00147361	0.00147831	0.00152904	0.00156859	0.00081217	1.2892e-05	
N0.HOG0003184	0.00147361	0.00147831	0.00152904	0.00156859	0.00081217	1.2892e-05	
N0.HOG0003185	2.72018e-05	2.72866e-05	2.82952e-05	3.10999e-05	2.31341e-05	9.16956e-07	
N0.HOG0003186	0.00147358	0.00146931	0.00141382	0.00113299	0.000426369	5.75099e-06	
N0.HOG0003187	3.64312e-10	1.06425e-07	1.43275e-06	6.8085e-06	1.06525e-05	5.92271e-07	
N0.HOG0003188	0.00147367	0.00149745	0.00177273	0.00246548	0.00153231	2.18671e-05	
N0.HOG0003189	0.0798274	0.0793239	0.073089	0.0480218	0.0108988	5.62191e-05	
N0.HOG0003190	0.00147361	0.00147831	0.00152904	0.00156859	0.00081217	1.2892e-05	
N0.HOG0003191	0.0798274	0.0793239	0.073089	0.0480218	0.0108988	5.62191e-05	
N0.HOG0003192	0.00147358	0.00147112	0.00143705	0.00122055	0.000503005	7.10707e-06	
N0.HOG0003193	2.7202e-05	2.73545e-05	2.9174e-05	3.46273e-05	2.69743e-05	1.04573e-06	
N0.HOG0003194	0.00147361	0.00147831	0.00152904	0.00156859	0.00081217	1.2892e-05	
N0.HOG0003195	0.00147358	0.0014697	0.00141888	0.00115371	0.000449626	6.47774e-06	
N0.HOG0003196	0.00147357	0.0014678	0.00139453	0.00106011	0.000361979	4.56087e-06	
N0.HOG0003197	2.72039e-05	2.7912e-05	3.71833e-05	8.19596e-05	0.000123484	6.77654e-06	
N0.HOG0003198	0.00147361	0.00147831	0.00152904	0.00156859	0.00081217	1.2892e-05	
N0.HOG0003199	0.00147357	0.00146681	0.00138185	0.00101143	0.000316545	3.53415e-06	
N0.HOG0003200	0.0798274	0.0793239	0.073089	0.0480218	0.0108988	5.62191e-05	
N0.HOG0003202	5.02169e-07	5.16002e-07	7.0208e-07	1.76709e-06	4.31596e-06	9.13614e-07	
N0.HOG0003205	0.0798274	0.0793239	0.073089	0.0480218	0.0108988	5.62191e-05	
N0.HOG0003206	0.00147358	0.00147125	0.00143885	0.00123069	0.000522969	8.34011e-06	
N0.HOG0003207	0.00147361	0.00147831	0.00152904	0.00156859	0.00081217	1.2892e-05	
N0.HOG0003208	0.00147358	0.0014697	0.00141888	0.00115371	0.000449626	6.47774e-06	
N0.HOG0003209	0.00147358	0.00146931	0.00141382	0.00113299	0.000426369	5.75099e-06	
N0.HOG0003210	9.77539e-09	1.6051e-07	2.58725e-06	2.27158e-05	6.68452e-05	6.02207e-06	
N0.HOG0003211	0.00147361	0.00147831	0.00152904	0.00156859	0.00081217	1.2892e-05	
N0.HOG0003212	0.0798274	0.0793239	0.073089	0.0480218	0.0108988	5.62191e-05	
N0.HOG0003213	0.00147368	0.00149809	0.00178514	0.00259529	0.00191527	4.87343e-05	
N0.HOG0003214	0.00147368	0.00149809	0.00178514	0.00259529	0.00191527	4.87343e-05	
N0.HOG0003215	0.00147361	0.00147831	0.00152904	0.00156859	0.00081217	1.2892e-05	
N0.HOG0003216	0.00147369	0.00150211	0.00183197	0.00268218	0.00169918	2.34139e-05	
N0.HOG0003217	0.00147367	0.00149745	0.00177273	0.00246548	0.00153231	2.18671e-05	
N0.HOG0003218	4.07083e-12	1.19879e-09	1.77901e-08	1.22631e-07	3.87088e-07	6.43831e-08	
N0.HOG0003219	0.0798274	0.0793239	0.073089	0.0480218	0.0108988	5.62191e-05	
N0.HOG0003220	0.0798274	0.0793239	0.073089	0.0480218	0.0108988	5.62191e-05	
N0.HOG0003221	0.0798274	0.0793239	0.073089	0.0480218	0.0108988	5.62191e-05	
N0.HOG0003222	0.0798274	0.0793239	0.073089	0.0480218	0.0108988	5.62191e-05	
N0.HOG0003223	2.7202e-05	2.73361e-05	2.89087e-05	3.30375e-05	2.35887e-05	8.10442e-07	
N0.HOG0003224	0.00147369	0.00150284	0.00184674	0.00284409	0.00218856	5.81642e-05	
N0.HOG0003225	2.72022e-05	2.74164e-05	3.00635e-05	3.9868e-05	3.74846e-05	1.63248e-06	
N0.HOG0003226	0.00147369	0.00150211	0.00183197	0.00268218	0.00169918	2.34139e-05	
N0.HOG0003227	0.0798274	0.0793239	0.073089	0.0480218	0.0108988	5.62191e-05	
N0.HOG0003228	2.72155e-05	3.12677e-05	7.93328e-05	0.000225671	0.000200039	4.38913e-06	
N0.HOG0003229	0.00147361	0.00147831	0.00152904	0.00156859	0.00081217	1.2892e-05	
N0.HOG0003230	0.00147361	0.00147831	0.00152904	0.00156859	0.00081217	1.2892e-05	
N0.HOG0003235	0.00147361	0.00147857	0.00153306	0.00159638	0.000878332	1.74358e-05	
N0.HOG0003236	0.0798274	0.0793239	0.073089	0.0480218	0.0108988	5.62191e-05	
N0.HOG0003237	2.72022e-05	2.74164e-05	3.00635e-05	3.9868e-05	3.74846e-05	1.63248e-06	
N0.HOG0003238	0.0798274	0.0793239	0.073089	0.0480218	0.0108988	5.62191e-05	
N0.HOG0003239	5.02168e-07	5.15885e-07	7.01547e-07	1.82056e-06	4.97608e-06	1.01852e-06	
N0.HOG0003240	0.0798274	0.0793239	0.073089	0.0480218	0.0108988	5.62191e-05	
N0.HOG0003241	2.72019e-05	2.73162e-05	2.87235e-05	3.36867e-05	2.83169e-05	1.17721e-06	
N0.HOG0003242	0.00147367	0.00149745	0.00177273	0.00246548	0.00153231	2.18671e-05	
N0.HOG0003243	0.0798274	0.0793239	0.073089	0.0480218	0.0108988	5.62191e-05	
N0.HOG0003244	0.00147358	0.00146931	0.00141382	0.00113299	0.000426369	5.75099e-06	
N0.HOG0003245	0.0798274	0.0793239	0.073089	0.0480218	0.0108988	5.62191e-05	
N0.HOG0003246	0.00147357	0.00146774	0.00139369	0.00105657	0.000357719	4.41484e-06	
N0.HOG0003247	0.0798274	0.0793239	0.073089	0.0480218	0.0108988	5.62191e-05	
N0.HOG0003248	0.0798274	0.0793239	0.073089	0.0480218	0.0108988	5.62191e-05	
N0.HOG0003249	0.0798274	0.0793239	0.073089	0.0480218	0.0108988	5.62191e-05	
N0.HOG0003250	0.00147357	0.0014678	0.00139453	0.00106011	0.000361979	4.56087e-06	
N0.HOG0003251	2.72042e-05	2.79938e-05	3.83254e-05	8.76107e-05	0.000126622	5.36922e-06	
N0.HOG0003252	0.0798274	0.0793239	0.073089	0.0480218	0.0108988	5.62191e-05	
N0.HOG0003253	0.0798274	0.0793239	0.073089	0.0480218	0.0108988	5.62191e-05	
N0.HOG0003254	0.0798274	0.0793239	0.073089	0.0480218	0.0108988	5.62191e-05	
N0.HOG0003255	0.0798274	0.0793239	0.073089	0.0480218	0.0108988	5.62191e-05	
N0.HOG0003256	0.00147361	0.00147831	0.00152904	0.00156859	0.00081217	1.2892e-05	
N0.HOG0003257	0.00147361	0.00147831	0.00152904	0.00156859	0.00081217	1.2892e-05	
N0.HOG0003258	0.0798274	0.0793239	0.073089	0.0480218	0.0108988	5.62191e-05	
N0.HOG0003259	0.0798274	0.0793239	0.073089	0.0480218	0.0108988	5.62191e-05	
N0.HOG0003260	0.00147367	0.00149745	0.00177273	0.00246548	0.00153231	2.18671e-05	
N0.HOG0003261	0.0798274	0.0793239	0.073089	0.0480218	0.0108988	5.62191e-05	
N0.HOG0003262	0.00147358	0.00147112	0.00143705	0.00122055	0.000503005	7.10707e-06	
N0.HOG0003263	0.0798274	0.0793239	0.073089	0.0480218	0.0108988	5.62191e-05	
N0.HOG0003264	0.00147361	0.00147831	0.00152904	0.00156859	0.00081217	1.2892e-05	
N0.HOG0003265	0.00147356	0.00146575	0.00136818	0.000959113	0.000268125	2.47615e-06	
N0.HOG0003266	0.0798274	0.0793239	0.073089	0.0480218	0.0108988	5.62191e-05	
N0.HOG0003267	0.00147356	0.00146575	0.00136816	0.000959011	0.000267973	2.47948e-06	
N0.HOG0003268	0.0798274	0.0793239	0.073089	0.0480218	0.0108988	5.62191e-05	
N0.HOG0003269	5.02173e-07	5.17277e-07	7.24991e-07	2.03665e-06	5.88893e-06	1.28732e-06	
N0.HOG0003270	0.00147361	0.00147831	0.00152904	0.00156859	0.00081217	1.2892e-05	
N0.HOG0003271	0.0798274	0.0793239	0.073089	0.0480218	0.0108988	5.62191e-05	
N0.HOG0003272	0.00147361	0.00147831	0.00152904	0.00156859	0.00081217	1.2892e-05	
N0.HOG0003273	0.00147369	0.00150284	0.00184674	0.00284409	0.00218856	5.81642e-05	
N0.HOG0003274	0.0798274	0.0793239	0.073089	0.0480218	0.0108988	5.62191e-05	
N0.HOG0003275	3.64312e-10	1.06425e-07	1.43275e-06	6.8085e-06	1.06525e-05	5.92271e-07	
N0.HOG0003276	0.00147369	0.00150284	0.00184674	0.00284409	0.00218856	5.81642e-05	
N0.HOG0003277	0.0798274	0.0793239	0.073089	0.0480218	0.0108988	5.62191e-05	
N0.HOG0003278	0.00147357	0.00146681	0.00138185	0.00101143	0.000316545	3.53415e-06	
N0.HOG0003279	2.72019e-05	2.73162e-05	2.87235e-05	3.36867e-05	2.83169e-05	1.17721e-06	
N0.HOG0003280	0.0798274	0.0793239	0.073089	0.0480218	0.0108988	5.62191e-05	
N0.HOG0003281	0.00147361	0.00147831	0.00152904	0.00156859	0.00081217	1.2892e-05	
N0.HOG0003282	0.0798274	0.0793239	0.073089	0.0480218	0.0108988	5.62191e-05	
N0.HOG0003283	0.00147357	0.0014678	0.00139453	0.00106011	0.000361979	4.56087e-06	
N0.HOG0003284	2.72042e-05	2.79938e-05	3.83254e-05	8.76107e-05	0.000126622	5.36922e-06	
N0.HOG0003285	0.00147369	0.00150284	0.00184674	0.00284409	0.00218856	5.81642e-05	
N0.HOG0003286	0.0798274	0.0793239	0.073089	0.0480218	0.0108988	5.62191e-05	
N0.HOG0003287	0.00147357	0.00146774	0.00139369	0.00105657	0.000357719	4.41484e-06	
N0.HOG0003288	0.00147357	0.00146774	0.00139369	0.00105657	0.000357719	4.41484e-06	
N0.HOG0003289	2.72015e-05	2.71867e-05	2.69594e-05	2.49281e-05	1.39942e-05	4.51636e-07	
N0.HOG0003290	0.0798274	0.0793239	0.073089	0.0480218	0.0108988	5.62191e-05	
N0.HOG0003291	0.0798274	0.0793239	0.073089	0.0480218	0.0108988	5.62191e-05	
N0.HOG0003292	0.00147369	0.00150211	0.00183197	0.00268218	0.00169918	2.34139e-05	
N0.HOG0003293	0.0798274	0.0793239	0.073089	0.0480218	0.0108988	5.62191e-05	
N0.HOG0003294	2.72038e-05	2.78602e-05	3.60648e-05	6.87383e-05	8.15337e-05	3.47346e-06	
N0.HOG0003295	0.0798274	0.0793239	0.073089	0.0480218	0.0108988	5.62191e-05	
N0.HOG0003296	0.0798274	0.0793239	0.073089	0.0480218	0.0108988	5.62191e-05	
N0.HOG0003297	0.0798274	0.0793239	0.073089	0.0480218	0.0108988	5.62191e-05	
N0.HOG0003298	0.00147358	0.00146931	0.00141382	0.00113299	0.000426369	5.75099e-06	
N0.HOG0003299	0.0798274	0.0793239	0.073089	0.0480218	0.0108988	5.62191e-05	
N0.HOG0003300	0.00147369	0.00150211	0.00183197	0.00268218	0.00169918	2.34139e-05	
N0.HOG0003301	2.72055e-05	2.83701e-05	4.47915e-05	0.000146018	0.000307698	2.26237e-05	
N0.HOG0003302	5.02127e-07	5.03732e-07	5.23679e-07	6.00895e-07	5.84315e-07	5.42101e-08	
N0.HOG0003303	0.0798274	0.0793239	0.073089	0.0480218	0.0108988	5.62191e-05	
N0.HOG0003304	1.7113e-10	1.81139e-10	3.44689e-10	2.52508e-09	3.61472e-08	1.12586e-07	
N0.HOG0003305	0.0798274	0.0793239	0.073089	0.0480218	0.0108988	5.62191e-05	
N0.HOG0003306	0.0798274	0.0793239	0.073089	0.0480218	0.0108988	5.62191e-05	
N0.HOG0003307	0.0798274	0.0793239	0.073089	0.0480218	0.0108988	5.62191e-05	
N0.HOG0003308	0.0798274	0.0793239	0.073089	0.0480218	0.0108988	5.62191e-05	
N0.HOG0003309	0.00147358	0.00146931	0.00141382	0.00113299	0.000426369	5.75099e-06	
N0.HOG0003310	0.00147358	0.00146931	0.00141382	0.00113299	0.000426369	5.75099e-06	
N0.HOG0003311	0.0798274	0.0793239	0.073089	0.0480218	0.0108988	5.62191e-05	
N0.HOG0003312	0.00147361	0.00147831	0.00152904	0.00156859	0.00081217	1.2892e-05	
N0.HOG0003313	0.00147358	0.00147125	0.00143885	0.00123069	0.000522969	8.34011e-06	
N0.HOG0003314	0.0798274	0.0793239	0.073089	0.0480218	0.0108988	5.62191e-05	
N0.HOG0003315	0.0798274	0.0793239	0.073089	0.0480218	0.0108988	5.62191e-05	
N0.HOG0003316	0.0798274	0.0793239	0.073089	0.0480218	0.0108988	5.62191e-05	
N0.HOG0003317	0.0798274	0.0793239	0.073089	0.0480218	0.0108988	5.62191e-05	
N0.HOG0003318	2.72037e-05	2.78369e-05	3.57231e-05	6.71016e-05	8.56179e-05	5.94996e-06	
N0.HOG0003319	0.0798274	0.0793239	0.073089	0.0480218	0.0108988	5.62191e-05	
N0.HOG0003320	2.72033e-05	2.77193e-05	3.40398e-05	5.71014e-05	6.28626e-05	3.82648e-06	
N0.HOG0003321	0.0798274	0.0793239	0.073089	0.0480218	0.0108988	5.62191e-05	
N0.HOG0003322	0.0798274	0.0793239	0.073089	0.0480218	0.0108988	5.62191e-05	
N0.HOG0003323	0.0798274	0.0793239	0.073089	0.0480218	0.0108988	5.62191e-05	
N0.HOG0003324	0.00147358	0.00147125	0.00143885	0.00123069	0.000522969	8.34011e-06	
N0.HOG0003325	0.0798274	0.0793239	0.073089	0.0480218	0.0108988	5.62191e-05	
N0.HOG0003326	0.0798274	0.0793239	0.073089	0.0480218	0.0108988	5.62191e-05	
N0.HOG0003327	0.0798274	0.0793239	0.073089	0.0480218	0.0108988	5.62191e-05	
N0.HOG0003328	0.0798274	0.0793239	0.073089	0.0480218	0.0108988	5.62191e-05	
N0.HOG0003329	0.00147358	0.0014697	0.00141888	0.00115371	0.000449626	6.47774e-06	
N0.HOG0003330	0.0798274	0.0793239	0.073089	0.0480218	0.0108988	5.62191e-05	
N0.HOG0003331	0.0798274	0.0793239	0.073089	0.0480218	0.0108988	5.62191e-05	
N0.HOG0003332	0.00147369	0.00150284	0.00184674	0.00284409	0.00218856	5.81642e-05	
N0.HOG0003333	0.00147361	0.00147831	0.00152904	0.00156859	0.00081217	1.2892e-05	
N0.HOG0003334	0.0798274	0.0793239	0.073089	0.0480218	0.0108988	5.62191e-05	
N0.HOG0003335	0.0798274	0.0793239	0.073089	0.0480218	0.0108988	5.62191e-05	
N0.HOG0003336	0.00147356	0.00146575	0.00136818	0.000959113	0.000268125	2.47615e-06	
N0.HOG0003337	0.0798274	0.0793239	0.073089	0.0480218	0.0108988	5.62191e-05	
N0.HOG0003338	0.00147369	0.00150211	0.00183197	0.00268218	0.00169918	2.34139e-05	
N0.HOG0003339	0.0798274	0.0793239	0.073089	0.0480218	0.0108988	5.62191e-05	
N0.HOG0003340	0.0798274	0.0793239	0.073089	0.0480218	0.0108988	5.62191e-05	
N0.HOG0003341	0.00147357	0.00146774	0.00139369	0.00105657	0.000357719	4.41484e-06	
N0.HOG0003343	0.00147361	0.00147831	0.00152904	0.00156859	0.00081217	1.2892e-05	
N0.HOG0003344	0.00147358	0.0014697	0.00141888	0.00115371	0.000449626	6.47774e-06	
N0.HOG0003345	0.0798274	0.0793239	0.073089	0.0480218	0.0108988	5.62191e-05	
N0.HOG0003346	0.0798274	0.0793239	0.073089	0.0480218	0.0108988	5.62191e-05	
N0.HOG0003347	0.00147361	0.00147831	0.00152904	0.00156859	0.00081217	1.2892e-05	
N0.HOG0003348	0.0798274	0.0793239	0.073089	0.0480218	0.0108988	5.62191e-05	
N0.HOG0003349	0.00147358	0.0014697	0.00141888	0.00115371	0.000449626	6.47774e-06	
N0.HOG0003350	2.72033e-05	2.77371e-05	3.42914e-05	5.81689e-05	5.99451e-05	2.23758e-06	
N0.HOG0003351	0.0798274	0.0793239	0.073089	0.0480218	0.0108988	5.62191e-05	
N0.HOG0003352	0.00147358	0.00147	0.00142273	0.00116651	0.000455683	6.30792e-06	
N0.HOG0003353	0.0798274	0.0793239	0.073089	0.0480218	0.0108988	5.62191e-05	
N0.HOG0003354	0.00147361	0.00147831	0.00152904	0.00156859	0.00081217	1.2892e-05	
N0.HOG0003355	0.00147369	0.00150211	0.00183197	0.00268218	0.00169918	2.34139e-05	
N0.HOG0003356	0.00147369	0.00150211	0.00183197	0.00268218	0.00169918	2.34139e-05	
N0.HOG0003357	0.0798274	0.0793239	0.073089	0.0480218	0.0108988	5.62191e-05	
N0.HOG0003358	0.00147369	0.00150284	0.00184674	0.00284409	0.00218856	5.81642e-05	
N0.HOG0003360	2.72017e-05	2.72636e-05	2.79789e-05	2.95083e-05	2.07092e-05	8.75302e-07	
N0.HOG0003361	0.0798274	0.0793239	0.073089	0.0480218	0.0108988	5.62191e-05	
N0.HOG0003362	5.02466e-07	6.03537e-07	1.99115e-06	1.02902e-05	2.69773e-05	2.34754e-06	
N0.HOG0003363	0.0798274	0.0793239	0.073089	0.0480218	0.0108988	5.62191e-05	
N0.HOG0003364	0.0798274	0.0793239	0.073089	0.0480218	0.0108988	5.62191e-05	
N0.HOG0003366	0.0798274	0.0793239	0.073089	0.0480218	0.0108988	5.62191e-05	
N0.HOG0003367	0.00147358	0.00147112	0.00143705	0.00122055	0.000503005	7.10707e-06	
N0.HOG0003368	0.0798274	0.0793239	0.073089	0.0480218	0.0108988	5.62191e-05	
N0.HOG0003369	2.7202e-05	2.73534e-05	2.91574e-05	3.4523e-05	2.67407e-05	1.03894e-06	
N0.HOG0003370	0.0798274	0.0793239	0.073089	0.0480218	0.0108988	5.62191e-05	
N0.HOG0003371	8.91677e-10	2.61932e-07	3.76566e-06	2.23026e-05	4.56077e-05	2.72808e-06	
N0.HOG0003372	2.72021e-05	2.73594e-05	2.92513e-05	3.5244e-05	2.91756e-05	1.41477e-06	
N0.HOG0003373	0.00147361	0.00147831	0.00152904	0.00156859	0.00081217	1.2892e-05	
N0.HOG0003374	3.64312e-10	1.06425e-07	1.43275e-06	6.8085e-06	1.06525e-05	5.92271e-07	
N0.HOG0003375	2.72017e-05	2.72567e-05	2.78975e-05	2.93237e-05	2.07663e-05	8.31904e-07	
N0.HOG0003376	0.0798274	0.0793239	0.073089	0.0480218	0.0108988	5.62191e-05	
N0.HOG0003377	0.00147358	0.00147112	0.00143705	0.00122055	0.000503005	7.10707e-06	
N0.HOG0003378	0.00147358	0.00146931	0.00141382	0.00113299	0.000426369	5.75099e-06	
N0.HOG0003379	0.0798274	0.0793239	0.073089	0.0480218	0.0108988	5.62191e-05	
N0.HOG0003380	0.0798274	0.0793239	0.073089	0.0480218	0.0108988	5.62191e-05	
N0.HOG0003381	0.0798274	0.0793239	0.073089	0.0480218	0.0108988	5.62191e-05	
N0.HOG0003382	8.91677e-10	2.61932e-07	3.76566e-06	2.23026e-05	4.56077e-05	2.72808e-06	
N0.HOG0003383	2.72017e-05	2.72636e-05	2.79789e-05	2.95083e-05	2.07092e-05	8.75302e-07	
N0.HOG0003384	0.00147368	0.00149809	0.00178514	0.00259529	0.00191527	4.87343e-05	
N0.HOG0003385	2.72035e-05	2.77888e-05	3.49005e-05	5.97821e-05	6.33085e-05	3.66658e-06	
N0.HOG0003386	0.00147359	0.00147313	0.00146275	0.00131817	0.000591351	8.96107e-06	
N0.HOG0003387	5.02135e-07	5.06108e-07	5.57623e-07	8.11159e-07	1.21353e-06	1.57908e-07	
N0.HOG0003388	0.00147361	0.00147857	0.00153306	0.00159638	0.000878332	1.74358e-05	
N0.HOG0003389	0.0798274	0.0793239	0.073089	0.0480218	0.0108988	5.62191e-05	
N0.HOG0003390	0.0798274	0.0793239	0.073089	0.0480218	0.0108988	5.62191e-05	
N0.HOG0003391	0.0798274	0.0793239	0.073089	0.0480218	0.0108988	5.62191e-05	
N0.HOG0003392	2.72035e-05	2.777e-05	3.45782e-05	5.68777e-05	5.40611e-05	2.58049e-06	
N0.HOG0003393	0.00147369	0.00150284	0.00184674	0.00284409	0.00218856	5.81642e-05	
N0.HOG0003394	0.0798274	0.0793239	0.073089	0.0480218	0.0108988	5.62191e-05	
N0.HOG0003395	0.00147358	0.0014697	0.00141888	0.00115371	0.000449626	6.47774e-06	
N0.HOG0003396	0.0798274	0.0793239	0.073089	0.0480218	0.0108988	5.62191e-05	
N0.HOG0003398	0.00147369	0.00150284	0.00184674	0.00284409	0.00218856	5.81642e-05	
N0.HOG0003399	2.72022e-05	2.74005e-05	2.9842e-05	3.87782e-05	3.67202e-05	1.94735e-06	
N0.HOG0003400	9.77539e-09	1.6051e-07	2.58725e-06	2.27158e-05	6.68452e-05	6.02207e-06	
N0.HOG0003401	0.0798274	0.0793239	0.073089	0.0480218	0.0108988	5.62191e-05	
N0.HOG0003402	0.00147369	0.00150211	0.00183197	0.00268218	0.00169918	2.34139e-05	
N0.HOG0003403	0.0798274	0.0793239	0.073089	0.0480218	0.0108988	5.62191e-05	
N0.HOG0003404	0.00147368	0.00149809	0.00178514	0.00259529	0.00191527	4.87343e-05	
N0.HOG0003405	0.0798274	0.0793239	0.073089	0.0480218	0.0108988	5.62191e-05	
N0.HOG0003406	0.0798274	0.0793239	0.073089	0.0480218	0.0108988	5.62191e-05	
N0.HOG0003407	0.00147357	0.00146774	0.00139369	0.00105657	0.000357719	4.41484e-06	
N0.HOG0003408	2.72021e-05	2.73826e-05	2.95776e-05	3.70082e-05	3.17729e-05	1.31996e-06	
N0.HOG0003409	0.0798274	0.0793239	0.073089	0.0480218	0.0108988	5.62191e-05	
N0.HOG0003410	0.00147358	0.00146931	0.00141382	0.00113299	0.000426369	5.75099e-06	
N0.HOG0003411	9.2701e-09	9.6469e-09	1.51946e-08	6.32539e-08	3.67513e-07	2.50031e-07	
N0.HOG0003412	2.72042e-05	2.79938e-05	3.83254e-05	8.76107e-05	0.000126622	5.36922e-06	
N0.HOG0003413	2.72036e-05	2.78234e-05	3.54374e-05	6.32814e-05	6.64733e-05	2.39515e-06	
N0.HOG0003414	2.72023e-05	2.74188e-05	3.01012e-05	4.01994e-05	3.89711e-05	1.91248e-06	
N0.HOG0003415	0.00147357	0.00146774	0.00139369	0.00105657	0.000357719	4.41484e-06	
N0.HOG0003416	5.1459e-07	4.12919e-06	4.68109e-05	0.000173474	0.000148083	2.64165e-06	
N0.HOG0003417	0.0798274	0.0793239	0.073089	0.0480218	0.0108988	5.62191e-05	
N0.HOG0003418	0.00147368	0.00149809	0.00178514	0.00259529	0.00191527	4.87343e-05	
N0.HOG0003419	0.0798274	0.0793239	0.073089	0.0480218	0.0108988	5.62191e-05	
N0.HOG0003421	0.0798274	0.0793239	0.073089	0.0480218	0.0108988	5.62191e-05	
N0.HOG0003422	1.22412e-11	3.57851e-09	4.864e-08	2.44569e-07	4.77484e-07	4.80294e-08	
N0.HOG0003423	0.0798274	0.0793239	0.073089	0.0480218	0.0108988	5.62191e-05	
N0.HOG0003424	0.00147361	0.00147831	0.00152904	0.00156859	0.00081217	1.2892e-05	
N0.HOG0003425	0.00147361	0.00147831	0.00152904	0.00156859	0.00081217	1.2892e-05	
N0.HOG0003426	0.0798274	0.0793239	0.073089	0.0480218	0.0108988	5.62191e-05	
N0.HOG0003427	0.0798274	0.0793239	0.073089	0.0480218	0.0108988	5.62191e-05	
N0.HOG0003428	8.91677e-10	2.61932e-07	3.76566e-06	2.23026e-05	4.56077e-05	2.72808e-06	
N0.HOG0003429	0.00147356	0.00146575	0.00136816	0.000959011	0.000267973	2.47948e-06	
N0.HOG0003430	0.00147358	0.00146931	0.00141382	0.00113299	0.000426369	5.75099e-06	
N0.HOG0003431	0.00147358	0.00146931	0.00141382	0.00113299	0.000426369	5.75099e-06	
N0.HOG0003432	9.00686e-17	7.70486e-12	1.44285e-09	3.97385e-08	2.49015e-07	5.55433e-08	
N0.HOG0003433	0.0798274	0.0793239	0.073089	0.0480218	0.0108988	5.62191e-05	
N0.HOG0003434	0.0798274	0.0793239	0.073089	0.0480218	0.0108988	5.62191e-05	
N0.HOG0003435	0.0798274	0.0793239	0.073089	0.0480218	0.0108988	5.62191e-05	
N0.HOG0003436	0.0798274	0.0793239	0.073089	0.0480218	0.0108988	5.62191e-05	
N0.HOG0003437	0.0798274	0.0793239	0.073089	0.0480218	0.0108988	5.62191e-05	
N0.HOG0003438	0.00147361	0.00147831	0.00152904	0.00156859	0.00081217	1.2892e-05	
N0.HOG0003439	0.0798274	0.0793239	0.073089	0.0480218	0.0108988	5.62191e-05	
N0.HOG0003440	0.0798274	0.0793239	0.073089	0.0480218	0.0108988	5.62191e-05	
N0.HOG0003441	0.00147361	0.00147831	0.00152904	0.00156859	0.00081217	1.2892e-05	
N0.HOG0003443	0.00147358	0.00146931	0.00141382	0.00113299	0.000426369	5.75099e-06	
N0.HOG0003445	0.00147361	0.00147857	0.00153306	0.00159638	0.000878332	1.74358e-05	
N0.HOG0003449	0.0798274	0.0793239	0.073089	0.0480218	0.0108988	5.62191e-05	
N0.HOG0003450	0.0798274	0.0793239	0.073089	0.0480218	0.0108988	5.62191e-05	
N0.HOG0003451	0.00147367	0.00149745	0.00177273	0.00246548	0.00153231	2.18671e-05	
N0.HOG0003452	0.00147361	0.00147831	0.00152904	0.00156859	0.00081217	1.2892e-05	
N0.HOG0003453	0.00147369	0.00150284	0.00184674	0.00284409	0.00218856	5.81642e-05	
N0.HOG0003454	0.0798274	0.0793239	0.073089	0.0480218	0.0108988	5.62191e-05	
N0.HOG0003455	0.0798274	0.0793239	0.073089	0.0480218	0.0108988	5.62191e-05	
N0.HOG0003456	3.03865e-13	9.17802e-11	1.80088e-09	2.74988e-08	2.36157e-07	9.21467e-08	
N0.HOG0003457	0.0798274	0.0793239	0.073089	0.0480218	0.0108988	5.62191e-05	
N0.HOG0003458	0.0798274	0.0793239	0.073089	0.0480218	0.0108988	5.62191e-05	
N0.HOG0003459	0.0798274	0.0793239	0.073089	0.0480218	0.0108988	5.62191e-05	
N0.HOG0003460	0.0798274	0.0793239	0.073089	0.0480218	0.0108988	5.62191e-05	
N0.HOG0003461	0.0798274	0.0793239	0.073089	0.0480218	0.0108988	5.62191e-05	
N0.HOG0003462	0.0798274	0.0793239	0.073089	0.0480218	0.0108988	5.62191e-05	
N0.HOG0003463	0.00147369	0.00150211	0.00183197	0.00268218	0.00169918	2.34139e-05	
N0.HOG0003464	0.0798274	0.0793239	0.073089	0.0480218	0.0108988	5.62191e-05	
N0.HOG0003465	0.0798274	0.0793239	0.073089	0.0480218	0.0108988	5.62191e-05	
N0.HOG0003466	0.0798274	0.0793239	0.073089	0.0480218	0.0108988	5.62191e-05	
N0.HOG0003467	0.00147358	0.00146931	0.00141382	0.00113299	0.000426369	5.75099e-06	
N0.HOG0003468	0.00147361	0.00147831	0.00152904	0.00156859	0.00081217	1.2892e-05	
N0.HOG0003469	0.00147367	0.00149745	0.00177273	0.00246548	0.00153231	2.18671e-05	
N0.HOG0003470	0.0798274	0.0793239	0.073089	0.0480218	0.0108988	5.62191e-05	
N0.HOG0003471	0.0798274	0.0793239	0.073089	0.0480218	0.0108988	5.62191e-05	
N0.HOG0003472	0.00147361	0.00147831	0.00152904	0.00156859	0.00081217	1.2892e-05	
N0.HOG0003473	0.00147358	0.00146931	0.00141382	0.00113299	0.000426369	5.75099e-06	
N0.HOG0003474	0.0798274	0.0793239	0.073089	0.0480218	0.0108988	5.62191e-05	
N0.HOG0003475	0.00147361	0.00147831	0.00152904	0.00156859	0.00081217	1.2892e-05	
N0.HOG0003476	0.00147361	0.00147831	0.00152904	0.00156859	0.00081217	1.2892e-05	
N0.HOG0003477	0.0798274	0.0793239	0.073089	0.0480218	0.0108988	5.62191e-05	
N0.HOG0003478	0.0798274	0.0793239	0.073089	0.0480218	0.0108988	5.62191e-05	
N0.HOG0003480	0.0798274	0.0793239	0.073089	0.0480218	0.0108988	5.62191e-05	
N0.HOG0003481	0.00147369	0.00150284	0.00184674	0.00284409	0.00218856	5.81642e-05	
N0.HOG0003482	0.0798274	0.0793239	0.073089	0.0480218	0.0108988	5.62191e-05	
N0.HOG0003483	0.0798274	0.0793239	0.073089	0.0480218	0.0108988	5.62191e-05	
N0.HOG0003484	0.0798274	0.0793239	0.073089	0.0480218	0.0108988	5.62191e-05	
N0.HOG0003485	0.0798274	0.0793239	0.073089	0.0480218	0.0108988	5.62191e-05	
N0.HOG0003486	0.00147357	0.00146677	0.00138127	0.00100941	0.000315271	3.54396e-06	
N0.HOG0003487	1.71119e-10	1.77875e-10	2.76689e-10	1.12109e-09	6.9093e-09	7.31617e-09	
N0.HOG0003488	0.00147361	0.00147857	0.00153306	0.00159638	0.000878332	1.74358e-05	
N0.HOG0003489	0.0798274	0.0793239	0.073089	0.0480218	0.0108988	5.62191e-05	
N0.HOG0003490	0.0798274	0.0793239	0.073089	0.0480218	0.0108988	5.62191e-05	
N0.HOG0003491	2.72043e-05	2.80075e-05	3.86343e-05	9.28996e-05	0.000163089	1.33381e-05	
N0.HOG0003493	0.0798274	0.0793239	0.073089	0.0480218	0.0108988	5.62191e-05	
N0.HOG0003494	0.0798274	0.0793239	0.073089	0.0480218	0.0108988	5.62191e-05	
N0.HOG0003495	0.00147369	0.00150284	0.00184674	0.00284409	0.00218856	5.81642e-05	
N0.HOG0003496	0.0798274	0.0793239	0.073089	0.0480218	0.0108988	5.62191e-05	
N0.HOG0003498	0.00147369	0.00150284	0.00184674	0.00284409	0.00218856	5.81642e-05	
N0.HOG0003500	0.0798274	0.0793239	0.073089	0.0480218	0.0108988	5.62191e-05	
N0.HOG0003501	0.00147357	0.00146774	0.00139369	0.00105657	0.000357719	4.41484e-06	
N0.HOG0003502	0.00147361	0.00147857	0.00153306	0.00159638	0.000878332	1.74358e-05	
N0.HOG0003503	0.0798274	0.0793239	0.073089	0.0480218	0.0108988	5.62191e-05	
N0.HOG0003504	0.00147358	0.00147112	0.00143705	0.00122055	0.000503005	7.10707e-06	
N0.HOG0003505	3.20109e-10	9.34699e-08	1.25144e-06	5.82122e-06	8.81809e-06	4.8263e-07	
N0.HOG0003506	0.0798274	0.0793239	0.073089	0.0480218	0.0108988	5.62191e-05	
N0.HOG0003507	0.00147361	0.00147857	0.00153306	0.00159638	0.000878332	1.74358e-05	
N0.HOG0003508	0.0798274	0.0793239	0.073089	0.0480218	0.0108988	5.62191e-05	
N0.HOG0003509	0.0798274	0.0793239	0.073089	0.0480218	0.0108988	5.62191e-05	
N0.HOG0003510	2.72016e-05	2.72215e-05	2.74188e-05	2.69442e-05	1.67062e-05	5.76573e-07	
N0.HOG0003511	0.00147357	0.00146774	0.00139369	0.00105657	0.000357719	4.41484e-06	
N0.HOG0003512	0.00147361	0.00147831	0.00152904	0.00156859	0.00081217	1.2892e-05	
N0.HOG0003513	0.0798274	0.0793239	0.073089	0.0480218	0.0108988	5.62191e-05	
N0.HOG0003514	0.00147369	0.00150211	0.00183197	0.00268218	0.00169918	2.34139e-05	
N0.HOG0003515	0.0798274	0.0793239	0.073089	0.0480218	0.0108988	5.62191e-05	
N0.HOG0003516	0.0798274	0.0793239	0.073089	0.0480218	0.0108988	5.62191e-05	
N0.HOG0003517	0.00147357	0.00146774	0.00139369	0.00105657	0.000357719	4.41484e-06	
N0.HOG0003518	2.72043e-05	2.80075e-05	3.86343e-05	9.28996e-05	0.000163089	1.33381e-05	
N0.HOG0003519	2.72055e-05	2.83822e-05	4.5105e-05	0.000153706	0.000384599	5.04204e-05	
N0.HOG0003520	0.00147361	0.00147831	0.00152904	0.00156859	0.00081217	1.2892e-05	
N0.HOG0003521	0.0798274	0.0793239	0.073089	0.0480218	0.0108988	5.62191e-05	
N0.HOG0003522	0.0798274	0.0793239	0.073089	0.0480218	0.0108988	5.62191e-05	
N0.HOG0003523	0.00147361	0.00147831	0.00152904	0.00156859	0.00081217	1.2892e-05	
N0.HOG0003524	0.00147361	0.00147831	0.00152904	0.00156859	0.00081217	1.2892e-05	
N0.HOG0003525	2.72022e-05	2.74025e-05	2.98736e-05	3.90362e-05	3.78223e-05	2.18655e-06	
N0.HOG0003526	0.0798274	0.0793239	0.073089	0.0480218	0.0108988	5.62191e-05	
N0.HOG0003527	0.0798274	0.0793239	0.073089	0.0480218	0.0108988	5.62191e-05	
N0.HOG0003528	0.00147361	0.00147831	0.00152904	0.00156859	0.00081217	1.2892e-05	
N0.HOG0003529	0.0798274	0.0793239	0.073089	0.0480218	0.0108988	5.62191e-05	
N0.HOG0003530	0.0798274	0.0793239	0.073089	0.0480218	0.0108988	5.62191e-05	
N0.HOG0003531	0.00147358	0.00147125	0.00143885	0.00123069	0.000522969	8.34011e-06	
N0.HOG0003532	0.00147358	0.00147125	0.00143885	0.00123069	0.000522969	8.34011e-06	
N0.HOG0003533	0.0798274	0.0793239	0.073089	0.0480218	0.0108988	5.62191e-05	
N0.HOG0003534	0.0798274	0.0793239	0.073089	0.0480218	0.0108988	5.62191e-05	
N0.HOG0003535	0.0798274	0.0793239	0.073089	0.0480218	0.0108988	5.62191e-05	
N0.HOG0003536	0.0798274	0.0793239	0.073089	0.0480218	0.0108988	5.62191e-05	
N0.HOG0003537	0.00147358	0.00146931	0.00141382	0.00113299	0.000426369	5.75099e-06	
N0.HOG0003538	0.00147358	0.00146931	0.00141382	0.00113299	0.000426369	5.75099e-06	
N0.HOG0003539	0.0798274	0.0793239	0.073089	0.0480218	0.0108988	5.62191e-05	
N0.HOG0003540	0.0798274	0.0793239	0.073089	0.0480218	0.0108988	5.62191e-05	
N0.HOG0003541	0.0798274	0.0793239	0.073089	0.0480218	0.0108988	5.62191e-05	
N0.HOG0003542	0.0798274	0.0793239	0.073089	0.0480218	0.0108988	5.62191e-05	
N0.HOG0003543	0.0798274	0.0793239	0.073089	0.0480218	0.0108988	5.62191e-05	
N0.HOG0003544	0.00147369	0.00150211	0.00183197	0.00268218	0.00169918	2.34139e-05	
N0.HOG0003545	0.0798274	0.0793239	0.073089	0.0480218	0.0108988	5.62191e-05	
N0.HOG0003546	9.26988e-09	9.5797e-09	1.39757e-08	4.67081e-08	2.03917e-07	8.72387e-08	
N0.HOG0003547	0.0798274	0.0793239	0.073089	0.0480218	0.0108988	5.62191e-05	
N0.HOG0003548	0.0798274	0.0793239	0.073089	0.0480218	0.0108988	5.62191e-05	
N0.HOG0003549	2.7202e-05	2.73545e-05	2.9174e-05	3.46273e-05	2.69743e-05	1.04573e-06	
N0.HOG0003550	9.27022e-09	9.68103e-09	1.59359e-08	7.90591e-08	5.81178e-07	3.44356e-07	
N0.HOG0003551	0.00147358	0.00146931	0.00141382	0.00113299	0.000426369	5.75099e-06	
N0.HOG0003552	0.0798274	0.0793239	0.073089	0.0480218	0.0108988	5.62191e-05	
N0.HOG0003553	0.0798274	0.0793239	0.073089	0.0480218	0.0108988	5.62191e-05	
N0.HOG0003554	0.00147357	0.0014678	0.00139453	0.00106011	0.000361979	4.56087e-06	
N0.HOG0003555	0.0798274	0.0793239	0.073089	0.0480218	0.0108988	5.62191e-05	
N0.HOG0003556	0.0798274	0.0793239	0.073089	0.0480218	0.0108988	5.62191e-05	
N0.HOG0003557	0.0798274	0.0793239	0.073089	0.0480218	0.0108988	5.62191e-05	
N0.HOG0003558	0.0798274	0.0793239	0.073089	0.0480218	0.0108988	5.62191e-05	
N0.HOG0003559	0.00147369	0.00150211	0.00183197	0.00268218	0.00169918	2.34139e-05	
N0.HOG0003560	6.09096e-19	5.25288e-14	1.08523e-11	4.355e-10	5.60006e-09	3.96953e-09	
N0.HOG0003561	0.00147369	0.00150211	0.00183197	0.00268218	0.00169918	2.34139e-05	
N0.HOG0003562	0.00147359	0.00147313	0.00146275	0.00131817	0.000591351	8.96107e-06	
N0.HOG0003563	0.00147369	0.00150284	0.00184674	0.00284409	0.00218856	5.81642e-05	
N0.HOG0003564	2.72017e-05	2.72591e-05	2.79325e-05	2.95672e-05	2.15748e-05	9.60721e-07	
N0.HOG0003565	0.0798274	0.0793239	0.073089	0.0480218	0.0108988	5.62191e-05	
N0.HOG0003566	0.0798274	0.0793239	0.073089	0.0480218	0.0108988	5.62191e-05	
N0.HOG0003567	0.00147358	0.00147125	0.00143885	0.00123069	0.000522969	8.34011e-06	
N0.HOG0003568	0.00147361	0.00147831	0.00152904	0.00156859	0.00081217	1.2892e-05	
N0.HOG0003569	0.00147367	0.00149745	0.00177273	0.00246548	0.00153231	2.18671e-05	
N0.HOG0003570	0.0798274	0.0793239	0.073089	0.0480218	0.0108988	5.62191e-05	
N0.HOG0003572	2.72043e-05	2.80125e-05	3.87357e-05	9.45458e-05	0.000176375	1.80391e-05	
N0.HOG0003574	2.72022e-05	2.74164e-05	3.00635e-05	3.9868e-05	3.74846e-05	1.63248e-06	
N0.HOG0003575	0.0798274	0.0793239	0.073089	0.0480218	0.0108988	5.62191e-05	
N0.HOG0003576	0.0798274	0.0793239	0.073089	0.0480218	0.0108988	5.62191e-05	
N0.HOG0003577	0.0798274	0.0793239	0.073089	0.0480218	0.0108988	5.62191e-05	
N0.HOG0003578	0.0798274	0.0793239	0.073089	0.0480218	0.0108988	5.62191e-05	
N0.HOG0003579	0.0798274	0.0793239	0.073089	0.0480218	0.0108988	5.62191e-05	
N0.HOG0003580	0.0798274	0.0793239	0.073089	0.0480218	0.0108988	5.62191e-05	
N0.HOG0003581	0.0798274	0.0793239	0.073089	0.0480218	0.0108988	5.62191e-05	
N0.HOG0003582	0.00147359	0.00147313	0.00146275	0.00131817	0.000591351	8.96107e-06	
N0.HOG0003583	0.0798274	0.0793239	0.073089	0.0480218	0.0108988	5.62191e-05	
N0.HOG0003584	2.72035e-05	2.77714e-05	3.48547e-05	6.2664e-05	7.07205e-05	2.76592e-06	
N0.HOG0003585	0.00147361	0.00147831	0.00152904	0.00156859	0.00081217	1.2892e-05	
N0.HOG0003586	2.72036e-05	2.78234e-05	3.54374e-05	6.32814e-05	6.64733e-05	2.39515e-06	
N0.HOG0003587	0.0798274	0.0793239	0.073089	0.0480218	0.0108988	5.62191e-05	
N0.HOG0003588	0.0798274	0.0793239	0.073089	0.0480218	0.0108988	5.62191e-05	
N0.HOG0003589	0.00147357	0.00146774	0.00139369	0.00105657	0.000357719	4.41484e-06	
N0.HOG0003590	0.00147361	0.00147831	0.00152904	0.00156859	0.00081217	1.2892e-05	
N0.HOG0003591	0.00147368	0.00149809	0.00178514	0.00259529	0.00191527	4.87343e-05	
N0.HOG0003592	0.0798274	0.0793239	0.073089	0.0480218	0.0108988	5.62191e-05	
N0.HOG0003593	0.00147361	0.00147857	0.00153306	0.00159638	0.000878332	1.74358e-05	
N0.HOG0003594	0.00147368	0.00149809	0.00178514	0.00259529	0.00191527	4.87343e-05	
N0.HOG0003595	0.00147361	0.00147831	0.00152904	0.00156859	0.00081217	1.2892e-05	
N0.HOG0003596	0.0798274	0.0793239	0.073089	0.0480218	0.0108988	5.62191e-05	
N0.HOG0003597	0.00147357	0.00146774	0.00139369	0.00105657	0.000357719	4.41484e-06	
N0.HOG0003598	4.43624e-11	1.33182e-08	2.42776e-07	2.7865e-06	1.33447e-05	1.81384e-06	
N0.HOG0003599	5.02178e-07	5.18664e-07	7.44012e-07	2.10484e-06	5.22546e-06	6.21689e-07	
N0.HOG0003600	0.00147358	0.0014697	0.00141888	0.00115371	0.000449626	6.47774e-06	
N0.HOG0003601	0.0798274	0.0793239	0.073089	0.0480218	0.0108988	5.62191e-05	
N0.HOG0003602	2.72037e-05	2.78443e-05	3.58508e-05	6.83287e-05	9.0288e-05	6.70186e-06	
N0.HOG0003603	0.00147369	0.00150211	0.00183197	0.00268218	0.00169918	2.34139e-05	
N0.HOG0003604	8.91677e-10	2.61932e-07	3.76566e-06	2.23026e-05	4.56077e-05	2.72808e-06	
N0.HOG0003605	0.00147358	0.00146931	0.00141382	0.00113299	0.000426369	5.75099e-06	
N0.HOG0003606	0.0798274	0.0793239	0.073089	0.0480218	0.0108988	5.62191e-05	
N0.HOG0003607	0.0798274	0.0793239	0.073089	0.0480218	0.0108988	5.62191e-05	
N0.HOG0003608	0.00147361	0.00147831	0.00152904	0.00156859	0.00081217	1.2892e-05	
N0.HOG0003609	0.0798274	0.0793239	0.073089	0.0480218	0.0108988	5.62191e-05	
N0.HOG0003610	0.0798274	0.0793239	0.073089	0.0480218	0.0108988	5.62191e-05	
N0.HOG0003611	0.0798274	0.0793239	0.073089	0.0480218	0.0108988	5.62191e-05	
N0.HOG0003612	0.0798274	0.0793239	0.073089	0.0480218	0.0108988	5.62191e-05	
N0.HOG0003613	0.0798274	0.0793239	0.073089	0.0480218	0.0108988	5.62191e-05	
N0.HOG0003614	0.0798274	0.0793239	0.073089	0.0480218	0.0108988	5.62191e-05	
N0.HOG0003615	2.7202e-05	2.73534e-05	2.91574e-05	3.4523e-05	2.67407e-05	1.03894e-06	
N0.HOG0003616	0.0798274	0.0793239	0.073089	0.0480218	0.0108988	5.62191e-05	
N0.HOG0003617	2.72036e-05	2.78234e-05	3.54374e-05	6.32814e-05	6.64733e-05	2.39515e-06	
N0.HOG0003618	0.00147369	0.00150211	0.00183197	0.00268218	0.00169918	2.34139e-05	
N0.HOG0003619	5.02216e-07	5.30308e-07	9.67327e-07	5.16635e-06	2.50943e-05	5.39353e-06	
N0.HOG0003620	0.00147369	0.00150211	0.00183197	0.00268218	0.00169918	2.34139e-05	
N0.HOG0003621	0.0798274	0.0793239	0.073089	0.0480218	0.0108988	5.62191e-05	
N0.HOG0003622	0.00147361	0.00147831	0.00152904	0.00156859	0.00081217	1.2892e-05	
N0.HOG0003623	0.00147361	0.00147831	0.00152904	0.00156859	0.00081217	1.2892e-05	
N0.HOG0003624	0.00147361	0.00147831	0.00152904	0.00156859	0.00081217	1.2892e-05	
N0.HOG0003625	0.0798274	0.0793239	0.073089	0.0480218	0.0108988	5.62191e-05	
N0.HOG0003626	2.72081e-05	2.91324e-05	5.19374e-05	0.000120827	0.00010343	2.42633e-06	
N0.HOG0003627	0.0798274	0.0793239	0.073089	0.0480218	0.0108988	5.62191e-05	
N0.HOG0003628	2.7202e-05	2.73534e-05	2.91574e-05	3.4523e-05	2.67407e-05	1.03894e-06	
N0.HOG0003629	2.72019e-05	2.73162e-05	2.86223e-05	3.13252e-05	1.99691e-05	5.68698e-07	
N0.HOG0003630	0.0798274	0.0793239	0.073089	0.0480218	0.0108988	5.62191e-05	
N0.HOG0003631	0.0798274	0.0793239	0.073089	0.0480218	0.0108988	5.62191e-05	
N0.HOG0003632	0.00147369	0.00150284	0.00184674	0.00284409	0.00218856	5.81642e-05	
N0.HOG0003634	0.0798274	0.0793239	0.073089	0.0480218	0.0108988	5.62191e-05	
N0.HOG0003635	0.00147361	0.00147831	0.00152904	0.00156859	0.00081217	1.2892e-05	
N0.HOG0003636	0.0798274	0.0793239	0.073089	0.0480218	0.0108988	5.62191e-05	
N0.HOG0003637	2.72054e-05	2.83563e-05	4.44333e-05	0.000137705	0.000238895	9.10712e-06	
N0.HOG0003638	0.0798274	0.0793239	0.073089	0.0480218	0.0108988	5.62191e-05	
N0.HOG0003639	0.0798274	0.0793239	0.073089	0.0480218	0.0108988	5.62191e-05	
N0.HOG0003640	0.00147369	0.00150284	0.00184674	0.00284409	0.00218856	5.81642e-05	
N0.HOG0003641	0.0798274	0.0793239	0.073089	0.0480218	0.0108988	5.62191e-05	
N0.HOG0003642	0.0798274	0.0793239	0.073089	0.0480218	0.0108988	5.62191e-05	
N0.HOG0003643	0.0798274	0.0793239	0.073089	0.0480218	0.0108988	5.62191e-05	
N0.HOG0003644	0.0798274	0.0793239	0.073089	0.0480218	0.0108988	5.62191e-05	
N0.HOG0003645	0.0798274	0.0793239	0.073089	0.0480218	0.0108988	5.62191e-05	
N0.HOG0003646	0.0798274	0.0793239	0.073089	0.0480218	0.0108988	5.62191e-05	
N0.HOG0003647	0.00147358	0.00147112	0.00143705	0.00122055	0.000503005	7.10707e-06	
N0.HOG0003648	0.0798274	0.0793239	0.073089	0.0480218	0.0108988	5.62191e-05	
N0.HOG0003649	0.00147358	0.0014697	0.00141888	0.00115371	0.000449626	6.47774e-06	
N0.HOG0003650	0.0798274	0.0793239	0.073089	0.0480218	0.0108988	5.62191e-05	
N0.HOG0003651	0.0798274	0.0793239	0.073089	0.0480218	0.0108988	5.62191e-05	
N0.HOG0003652	0.0798274	0.0793239	0.073089	0.0480218	0.0108988	5.62191e-05	
N0.HOG0003653	1.16813e-24	1.04591e-19	3.241e-17	4.28731e-15	4.04623e-13	5.5656e-12	
N0.HOG0003654	0.0798274	0.0793239	0.073089	0.0480218	0.0108988	5.62191e-05	
N0.HOG0003655	0.0798274	0.0793239	0.073089	0.0480218	0.0108988	5.62191e-05	
N0.HOG0003656	0.00147357	0.00146774	0.00139369	0.00105657	0.000357719	4.41484e-06	
N0.HOG0003657	0.0798274	0.0793239	0.073089	0.0480218	0.0108988	5.62191e-05	
N0.HOG0003658	0.0798274	0.0793239	0.073089	0.0480218	0.0108988	5.62191e-05	
N0.HOG0003659	0.0798274	0.0793239	0.073089	0.0480218	0.0108988	5.62191e-05	
N0.HOG0003660	0.0798274	0.0793239	0.073089	0.0480218	0.0108988	5.62191e-05	
N0.HOG0003661	0.00147358	0.00147112	0.00143705	0.00122055	0.000503005	7.10707e-06	
N0.HOG0003662	0.0798274	0.0793239	0.073089	0.0480218	0.0108988	5.62191e-05	
N0.HOG0003663	0.0798274	0.0793239	0.073089	0.0480218	0.0108988	5.62191e-05	
N0.HOG0003664	0.0798274	0.0793239	0.073089	0.0480218	0.0108988	5.62191e-05	
N0.HOG0003665	9.27042e-09	9.74172e-09	1.69685e-08	8.79696e-08	6.41987e-07	6.70263e-07	
N0.HOG0003666	0.0798274	0.0793239	0.073089	0.0480218	0.0108988	5.62191e-05	
N0.HOG0003667	2.72039e-05	2.7912e-05	3.71833e-05	8.19596e-05	0.000123484	6.77654e-06	
N0.HOG0003668	0.0798274	0.0793239	0.073089	0.0480218	0.0108988	5.62191e-05	
N0.HOG0003669	0.0798274	0.0793239	0.073089	0.0480218	0.0108988	5.62191e-05	
N0.HOG0003670	5.02135e-07	5.06203e-07	5.57309e-07	7.72131e-07	9.44791e-07	1.05858e-07	
N0.HOG0003671	0.0798274	0.0793239	0.073089	0.0480218	0.0108988	5.62191e-05	
N0.HOG0003672	0.0798274	0.0793239	0.073089	0.0480218	0.0108988	5.62191e-05	
N0.HOG0003673	0.0798274	0.0793239	0.073089	0.0480218	0.0108988	5.62191e-05	
N0.HOG0003674	0.0798274	0.0793239	0.073089	0.0480218	0.0108988	5.62191e-05	
N0.HOG0003675	0.0798274	0.0793239	0.073089	0.0480218	0.0108988	5.62191e-05	
N0.HOG0003676	0.0798274	0.0793239	0.073089	0.0480218	0.0108988	5.62191e-05	
N0.HOG0003677	0.00147369	0.00150284	0.00184674	0.00284409	0.00218856	5.81642e-05	
N0.HOG0003678	2.72037e-05	2.78443e-05	3.58508e-05	6.83287e-05	9.0288e-05	6.70186e-06	
N0.HOG0003679	0.00147361	0.00147831	0.00152904	0.00156859	0.00081217	1.2892e-05	
N0.HOG0003680	0.0798274	0.0793239	0.073089	0.0480218	0.0108988	5.62191e-05	
N0.HOG0003681	0.0798274	0.0793239	0.073089	0.0480218	0.0108988	5.62191e-05	
N0.HOG0003682	0.0798274	0.0793239	0.073089	0.0480218	0.0108988	5.62191e-05	
N0.HOG0003683	0.0798274	0.0793239	0.073089	0.0480218	0.0108988	5.62191e-05	
N0.HOG0003684	0.00147357	0.00146774	0.00139369	0.00105657	0.000357719	4.41484e-06	
N0.HOG0003685	0.0798274	0.0793239	0.073089	0.0480218	0.0108988	5.62191e-05	
N0.HOG0003686	0.0798274	0.0793239	0.073089	0.0480218	0.0108988	5.62191e-05	
N0.HOG0003687	0.0798274	0.0793239	0.073089	0.0480218	0.0108988	5.62191e-05	
N0.HOG0003688	0.0798274	0.0793239	0.073089	0.0480218	0.0108988	5.62191e-05	
N0.HOG0003689	0.0798274	0.0793239	0.073089	0.0480218	0.0108988	5.62191e-05	
N0.HOG0003690	0.0798274	0.0793239	0.073089	0.0480218	0.0108988	5.62191e-05	
N0.HOG0003691	0.00147361	0.00147831	0.00152904	0.00156859	0.00081217	1.2892e-05	
N0.HOG0003692	0.0798274	0.0793239	0.073089	0.0480218	0.0108988	5.62191e-05	
N0.HOG0003693	2.72016e-05	2.7223e-05	2.74466e-05	2.722e-05	1.75931e-05	6.68218e-07	
N0.HOG0003694	0.0798274	0.0793239	0.073089	0.0480218	0.0108988	5.62191e-05	
N0.HOG0003695	9.27515e-09	1.11876e-08	4.89582e-08	7.22317e-07	7.05889e-06	3.93216e-06	
N0.HOG0003696	0.0798274	0.0793239	0.073089	0.0480218	0.0108988	5.62191e-05	
N0.HOG0003697	0.0798274	0.0793239	0.073089	0.0480218	0.0108988	5.62191e-05	
N0.HOG0003698	0.0798274	0.0793239	0.073089	0.0480218	0.0108988	5.62191e-05	
N0.HOG0003699	0.00147357	0.00146774	0.00139369	0.00105657	0.000357719	4.41484e-06	
N0.HOG0003700	0.00147357	0.00146774	0.00139369	0.00105657	0.000357719	4.41484e-06	
N0.HOG0003701	0.00147357	0.00146774	0.00139369	0.00105657	0.000357719	4.41484e-06	
N0.HOG0003702	0.0798274	0.0793239	0.073089	0.0480218	0.0108988	5.62191e-05	
N0.HOG0003703	0.00147361	0.00147857	0.00153306	0.00159638	0.000878332	1.74358e-05	
N0.HOG0003704	0.00147369	0.00150284	0.00184674	0.00284409	0.00218856	5.81642e-05	
N0.HOG0003705	0.0798274	0.0793239	0.073089	0.0480218	0.0108988	5.62191e-05	
N0.HOG0003706	0.0798274	0.0793239	0.073089	0.0480218	0.0108988	5.62191e-05	
N0.HOG0003707	0.0798274	0.0793239	0.073089	0.0480218	0.0108988	5.62191e-05	
N0.HOG0003708	0.00147369	0.00150211	0.00183197	0.00268218	0.00169918	2.34139e-05	
N0.HOG0003709	0.00147358	0.00147	0.00142273	0.00116651	0.000455683	6.30792e-06	
N0.HOG0003710	0.00147357	0.00146774	0.00139369	0.00105657	0.000357719	4.41484e-06	
N0.HOG0003711	0.0798274	0.0793239	0.073089	0.0480218	0.0108988	5.62191e-05	
N0.HOG0003712	1.71133e-10	1.82189e-10	3.71114e-10	3.41848e-09	6.45741e-08	2.15897e-07	
N0.HOG0003713	0.00147369	0.00150284	0.00184674	0.00284409	0.00218856	5.81642e-05	
N0.HOG0003714	0.00147357	0.0014678	0.00139453	0.00106011	0.000361979	4.56087e-06	
N0.HOG0003715	0.0798274	0.0793239	0.073089	0.0480218	0.0108988	5.62191e-05	
N0.HOG0003716	0.0798274	0.0793239	0.073089	0.0480218	0.0108988	5.62191e-05	
N0.HOG0003717	5.02201e-07	5.2572e-07	8.72505e-07	3.62643e-06	1.50458e-05	5.1573e-06	
N0.HOG0003718	0.0798274	0.0793239	0.073089	0.0480218	0.0108988	5.62191e-05	
N0.HOG0003719	2.72021e-05	2.73826e-05	2.95776e-05	3.70082e-05	3.17729e-05	1.31996e-06	
N0.HOG0003720	0.0798274	0.0793239	0.073089	0.0480218	0.0108988	5.62191e-05	
N0.HOG0003721	0.00147361	0.00147857	0.00153306	0.00159638	0.000878332	1.74358e-05	
N0.HOG0003722	0.0798274	0.0793239	0.073089	0.0480218	0.0108988	5.62191e-05	
N0.HOG0003723	0.0798274	0.0793239	0.073089	0.0480218	0.0108988	5.62191e-05	
N0.HOG0003724	0.00147368	0.00149809	0.00178514	0.00259529	0.00191527	4.87343e-05	
N0.HOG0003725	0.0798274	0.0793239	0.073089	0.0480218	0.0108988	5.62191e-05	
N0.HOG0003726	0.0798274	0.0793239	0.073089	0.0480218	0.0108988	5.62191e-05	
N0.HOG0003727	0.0798274	0.0793239	0.073089	0.0480218	0.0108988	5.62191e-05	
N0.HOG0003728	0.0798274	0.0793239	0.073089	0.0480218	0.0108988	5.62191e-05	
N0.HOG0003729	0.0798274	0.0793239	0.073089	0.0480218	0.0108988	5.62191e-05	
N0.HOG0003730	0.00147361	0.00147831	0.00152904	0.00156859	0.00081217	1.2892e-05	
N0.HOG0003731	0.00147361	0.00147831	0.00152904	0.00156859	0.00081217	1.2892e-05	
N0.HOG0003732	0.00147358	0.00146931	0.00141382	0.00113299	0.000426369	5.75099e-06	
N0.HOG0003733	2.72043e-05	2.80075e-05	3.86343e-05	9.28996e-05	0.000163089	1.33381e-05	
N0.HOG0003734	3.03867e-13	9.19193e-11	1.84051e-09	3.11637e-08	3.58288e-07	2.89241e-07	
N0.HOG0003735	0.0798274	0.0793239	0.073089	0.0480218	0.0108988	5.62191e-05	
N0.HOG0003736	0.0798274	0.0793239	0.073089	0.0480218	0.0108988	5.62191e-05	
N0.HOG0003737	0.0798274	0.0793239	0.073089	0.0480218	0.0108988	5.62191e-05	
N0.HOG0003738	0.0798274	0.0793239	0.073089	0.0480218	0.0108988	5.62191e-05	
N0.HOG0003739	0.0798274	0.0793239	0.073089	0.0480218	0.0108988	5.62191e-05	
N0.HOG0003740	0.0798274	0.0793239	0.073089	0.0480218	0.0108988	5.62191e-05	
N0.HOG0003741	0.0798274	0.0793239	0.073089	0.0480218	0.0108988	5.62191e-05	
N0.HOG0003742	0.0798274	0.0793239	0.073089	0.0480218	0.0108988	5.62191e-05	
N0.HOG0003743	0.0798274	0.0793239	0.073089	0.0480218	0.0108988	5.62191e-05	
N0.HOG0003744	0.00147361	0.00147831	0.00152904	0.00156859	0.00081217	1.2892e-05	
N0.HOG0003745	0.0798274	0.0793239	0.073089	0.0480218	0.0108988	5.62191e-05	
N0.HOG0003746	0.0798274	0.0793239	0.073089	0.0480218	0.0108988	5.62191e-05	
N0.HOG0003747	0.00147358	0.0014697	0.00141888	0.00115371	0.000449626	6.47774e-06	
N0.HOG0003748	0.0798274	0.0793239	0.073089	0.0480218	0.0108988	5.62191e-05	
N0.HOG0003749	0.0798274	0.0793239	0.073089	0.0480218	0.0108988	5.62191e-05	
N0.HOG0003750	0.0798274	0.0793239	0.073089	0.0480218	0.0108988	5.62191e-05	
N0.HOG0003751	0.0798274	0.0793239	0.073089	0.0480218	0.0108988	5.62191e-05	
N0.HOG0003752	0.0798274	0.0793239	0.073089	0.0480218	0.0108988	5.62191e-05	
N0.HOG0003753	0.00147361	0.00147857	0.00153306	0.00159638	0.000878332	1.74358e-05	
N0.HOG0003754	0.0798274	0.0793239	0.073089	0.0480218	0.0108988	5.62191e-05	
N0.HOG0003755	0.0798274	0.0793239	0.073089	0.0480218	0.0108988	5.62191e-05	
N0.HOG0003756	0.00147357	0.0014678	0.00139453	0.00106011	0.000361979	4.56087e-06	
N0.HOG0003757	0.00147369	0.00150284	0.00184674	0.00284409	0.00218856	5.81642e-05	
N0.HOG0003758	5.02286e-07	5.50385e-07	1.19482e-06	4.62886e-06	9.52516e-06	8.14648e-07	
N0.HOG0003759	0.00147361	0.00147831	0.00152904	0.00156859	0.00081217	1.2892e-05	
N0.HOG0003760	0.0798274	0.0793239	0.073089	0.0480218	0.0108988	5.62191e-05	
N0.HOG0003761	0.00147361	0.00147831	0.00152904	0.00156859	0.00081217	1.2892e-05	
N0.HOG0003762	0.00147368	0.00149809	0.00178514	0.00259529	0.00191527	4.87343e-05	
N0.HOG0003763	0.0798274	0.0793239	0.073089	0.0480218	0.0108988	5.62191e-05	
N0.HOG0003764	0.0798274	0.0793239	0.073089	0.0480218	0.0108988	5.62191e-05	
N0.HOG0003765	0.00147369	0.00150211	0.00183197	0.00268218	0.00169918	2.34139e-05	
N0.HOG0003766	0.0798274	0.0793239	0.073089	0.0480218	0.0108988	5.62191e-05	
N0.HOG0003767	0.0798274	0.0793239	0.073089	0.0480218	0.0108988	5.62191e-05	
N0.HOG0003768	0.00147358	0.00147112	0.00143705	0.00122055	0.000503005	7.10707e-06	
N0.HOG0003769	0.0798274	0.0793239	0.073089	0.0480218	0.0108988	5.62191e-05	
N0.HOG0003770	2.72095e-05	2.95276e-05	5.69644e-05	0.000139255	0.00011831	2.68313e-06	
N0.HOG0003771	0.00147361	0.00147831	0.00152904	0.00156859	0.00081217	1.2892e-05	
N0.HOG0003772	0.00147361	0.00147831	0.00152904	0.00156859	0.00081217	1.2892e-05	
N0.HOG0003773	0.00147357	0.0014678	0.00139453	0.00106011	0.000361979	4.56087e-06	
N0.HOG0003774	0.00147369	0.00150211	0.00183197	0.00268218	0.00169918	2.34139e-05	
N0.HOG0003775	0.0798274	0.0793239	0.073089	0.0480218	0.0108988	5.62191e-05	
N0.HOG0003776	0.00147369	0.00150211	0.00183197	0.00268218	0.00169918	2.34139e-05	
N0.HOG0003777	0.00147361	0.00147831	0.00152904	0.00156859	0.00081217	1.2892e-05	
N0.HOG0003778	0.00147361	0.00147831	0.00152904	0.00156859	0.00081217	1.2892e-05	
N0.HOG0003779	0.00147369	0.00150211	0.00183197	0.00268218	0.00169918	2.34139e-05	
N0.HOG0003780	0.0798274	0.0793239	0.073089	0.0480218	0.0108988	5.62191e-05	
N0.HOG0003781	0.0798274	0.0793239	0.073089	0.0480218	0.0108988	5.62191e-05	
N0.HOG0003782	0.0798274	0.0793239	0.073089	0.0480218	0.0108988	5.62191e-05	
N0.HOG0003783	2.72021e-05	2.73594e-05	2.92513e-05	3.5244e-05	2.91756e-05	1.41477e-06	
N0.HOG0003784	0.0798274	0.0793239	0.073089	0.0480218	0.0108988	5.62191e-05	
N0.HOG0003785	0.0798274	0.0793239	0.073089	0.0480218	0.0108988	5.62191e-05	
N0.HOG0003786	0.00147357	0.0014678	0.00139453	0.00106011	0.000361979	4.56087e-06	
N0.HOG0003787	0.00147361	0.00147831	0.00152904	0.00156859	0.00081217	1.2892e-05	
N0.HOG0003788	1.71122e-10	1.78695e-10	2.94756e-10	1.57049e-09	1.85509e-08	3.99396e-08	
N0.HOG0003789	0.0798274	0.0793239	0.073089	0.0480218	0.0108988	5.62191e-05	
N0.HOG0003790	0.0798274	0.0793239	0.073089	0.0480218	0.0108988	5.62191e-05	
N0.HOG0003791	0.0798274	0.0793239	0.073089	0.0480218	0.0108988	5.62191e-05	
N0.HOG0003792	2.7204e-05	2.7919e-05	3.73456e-05	8.47724e-05	0.000142703	1.11319e-05	
N0.HOG0003793	0.0798274	0.0793239	0.073089	0.0480218	0.0108988	5.62191e-05	
N0.HOG0003794	0.0798274	0.0793239	0.073089	0.0480218	0.0108988	5.62191e-05	
N0.HOG0003795	0.00147361	0.00147857	0.00153306	0.00159638	0.000878332	1.74358e-05	
N0.HOG0003796	0.00147361	0.00147831	0.00152904	0.00156859	0.00081217	1.2892e-05	
N0.HOG0003798	0.00147369	0.00150284	0.00184674	0.00284409	0.00218856	5.81642e-05	
N0.HOG0003799	0.00147361	0.00147831	0.00152904	0.00156859	0.00081217	1.2892e-05	
N0.HOG0003800	0.0798274	0.0793239	0.073089	0.0480218	0.0108988	5.62191e-05	
N0.HOG0003801	0.0798274	0.0793239	0.073089	0.0480218	0.0108988	5.62191e-05	
N0.HOG0003802	0.0798274	0.0793239	0.073089	0.0480218	0.0108988	5.62191e-05	
N0.HOG0003803	0.0798274	0.0793239	0.073089	0.0480218	0.0108988	5.62191e-05	
N0.HOG0003804	5.02183e-07	5.20222e-07	7.75225e-07	2.59509e-06	9.56049e-06	2.83094e-06	
N0.HOG0003805	0.00147361	0.00147831	0.00152904	0.00156859	0.00081217	1.2892e-05	
N0.HOG0003806	0.00147369	0.00150284	0.00184674	0.00284409	0.00218856	5.81642e-05	
N0.HOG0003807	0.00147369	0.00150284	0.00184674	0.00284409	0.00218856	5.81642e-05	
N0.HOG0003808	0.00147369	0.00150284	0.00184674	0.00284409	0.00218856	5.81642e-05	
N0.HOG0003809	0.00147358	0.00146931	0.00141382	0.00113299	0.000426369	5.75099e-06	
N0.HOG0003810	0.0798274	0.0793239	0.073089	0.0480218	0.0108988	5.62191e-05	
N0.HOG0003811	0.0798274	0.0793239	0.073089	0.0480218	0.0108988	5.62191e-05	
N0.HOG0003812	0.0798274	0.0793239	0.073089	0.0480218	0.0108988	5.62191e-05	
N0.HOG0003813	0.00147361	0.00147831	0.00152904	0.00156859	0.00081217	1.2892e-05	
N0.HOG0003814	0.00147358	0.0014697	0.00141888	0.00115371	0.000449626	6.47774e-06	
N0.HOG0003815	0.0798274	0.0793239	0.073089	0.0480218	0.0108988	5.62191e-05	
N0.HOG0003816	0.00147369	0.00150284	0.00184674	0.00284409	0.00218856	5.81642e-05	
N0.HOG0003817	0.0798274	0.0793239	0.073089	0.0480218	0.0108988	5.62191e-05	
N0.HOG0003818	0.00147369	0.00150211	0.00183197	0.00268218	0.00169918	2.34139e-05	
N0.HOG0003819	0.0798274	0.0793239	0.073089	0.0480218	0.0108988	5.62191e-05	
N0.HOG0003820	0.00147368	0.00149809	0.00178514	0.00259529	0.00191527	4.87343e-05	
N0.HOG0003821	0.00147369	0.00150284	0.00184674	0.00284409	0.00218856	5.81642e-05	
N0.HOG0003822	0.00147369	0.00150284	0.00184674	0.00284409	0.00218856	5.81642e-05	
N0.HOG0003823	0.0798274	0.0793239	0.073089	0.0480218	0.0108988	5.62191e-05	
N0.HOG0003824	0.0798274	0.0793239	0.073089	0.0480218	0.0108988	5.62191e-05	
N0.HOG0003825	0.0798274	0.0793239	0.073089	0.0480218	0.0108988	5.62191e-05	
N0.HOG0003826	0.0798274	0.0793239	0.073089	0.0480218	0.0108988	5.62191e-05	
N0.HOG0003827	0.00147369	0.00150284	0.00184674	0.00284409	0.00218856	5.81642e-05	
N0.HOG0003828	0.0798274	0.0793239	0.073089	0.0480218	0.0108988	5.62191e-05	
N0.HOG0003829	0.0798274	0.0793239	0.073089	0.0480218	0.0108988	5.62191e-05	
N0.HOG0003830	0.0798274	0.0793239	0.073089	0.0480218	0.0108988	5.62191e-05	
N0.HOG0003831	6.07071e-10	1.80511e-07	3.11787e-06	2.90257e-05	0.000102562	1.90765e-05	
N0.HOG0003832	0.00147358	0.00147125	0.00143885	0.00123069	0.000522969	8.34011e-06	
N0.HOG0003833	0.0798274	0.0793239	0.073089	0.0480218	0.0108988	5.62191e-05	
N0.HOG0003834	5.62748e-10	1.64737e-07	2.27458e-06	1.18604e-05	2.11982e-05	1.2655e-06	
N0.HOG0003835	0.0798274	0.0793239	0.073089	0.0480218	0.0108988	5.62191e-05	
N0.HOG0003836	0.0798274	0.0793239	0.073089	0.0480218	0.0108988	5.62191e-05	
N0.HOG0003837	0.0798274	0.0793239	0.073089	0.0480218	0.0108988	5.62191e-05	
N0.HOG0003838	2.72043e-05	2.80075e-05	3.86343e-05	9.28996e-05	0.000163089	1.33381e-05	
N0.HOG0003839	0.0798274	0.0793239	0.073089	0.0480218	0.0108988	5.62191e-05	
N0.HOG0003840	3.33098e-12	5.49128e-11	9.39384e-10	1.17268e-08	9.32067e-08	6.04165e-08	
N0.HOG0003841	0.0798274	0.0793239	0.073089	0.0480218	0.0108988	5.62191e-05	
N0.HOG0003842	0.0798274	0.0793239	0.073089	0.0480218	0.0108988	5.62191e-05	
N0.HOG0003843	0.0798274	0.0793239	0.073089	0.0480218	0.0108988	5.62191e-05	
N0.HOG0003844	0.00147357	0.00146774	0.00139369	0.00105657	0.000357719	4.41484e-06	
N0.HOG0003845	0.0798274	0.0793239	0.073089	0.0480218	0.0108988	5.62191e-05	
N0.HOG0003846	8.91677e-10	2.61932e-07	3.76566e-06	2.23026e-05	4.56077e-05	2.72808e-06	
N0.HOG0003847	0.0798274	0.0793239	0.073089	0.0480218	0.0108988	5.62191e-05	
N0.HOG0003848	0.0798274	0.0793239	0.073089	0.0480218	0.0108988	5.62191e-05	
N0.HOG0003849	0.00147369	0.00150211	0.00183197	0.00268218	0.00169918	2.34139e-05	
N0.HOG0003850	0.00147367	0.00149745	0.00177273	0.00246548	0.00153231	2.18671e-05	
N0.HOG0003851	0.0798274	0.0793239	0.073089	0.0480218	0.0108988	5.62191e-05	
N0.HOG0003852	0.00147357	0.00146774	0.00139369	0.00105657	0.000357719	4.41484e-06	
N0.HOG0003853	0.0798274	0.0793239	0.073089	0.0480218	0.0108988	5.62191e-05	
N0.HOG0003854	0.0798274	0.0793239	0.073089	0.0480218	0.0108988	5.62191e-05	
N0.HOG0003855	2.25976e-13	6.71113e-11	1.10665e-09	1.1929e-08	9.53199e-08	5.66552e-08	
N0.HOG0003856	0.0798274	0.0793239	0.073089	0.0480218	0.0108988	5.62191e-05	
N0.HOG0003857	0.0798274	0.0793239	0.073089	0.0480218	0.0108988	5.62191e-05	
N0.HOG0003858	0.0798274	0.0793239	0.073089	0.0480218	0.0108988	5.62191e-05	
N0.HOG0003859	0.0798274	0.0793239	0.073089	0.0480218	0.0108988	5.62191e-05	
N0.HOG0003860	0.0798274	0.0793239	0.073089	0.0480218	0.0108988	5.62191e-05	
N0.HOG0003861	0.0798274	0.0793239	0.073089	0.0480218	0.0108988	5.62191e-05	
N0.HOG0003862	0.0798274	0.0793239	0.073089	0.0480218	0.0108988	5.62191e-05	
N0.HOG0003863	0.0798274	0.0793239	0.073089	0.0480218	0.0108988	5.62191e-05	
N0.HOG0003864	0.0798274	0.0793239	0.073089	0.0480218	0.0108988	5.62191e-05	
N0.HOG0003865	0.0798274	0.0793239	0.073089	0.0480218	0.0108988	5.62191e-05	
N0.HOG0003866	0.0798274	0.0793239	0.073089	0.0480218	0.0108988	5.62191e-05	
N0.HOG0003867	0.0798274	0.0793239	0.073089	0.0480218	0.0108988	5.62191e-05	
N0.HOG0003868	0.00147357	0.00146774	0.00139369	0.00105657	0.000357719	4.41484e-06	
N0.HOG0003869	6.95349e-17	5.94579e-12	1.10765e-09	2.99069e-08	1.82343e-07	4.04382e-08	
N0.HOG0003871	0.00147357	0.0014678	0.00139453	0.00106011	0.000361979	4.56087e-06	
N0.HOG0003872	0.00147358	0.00146931	0.00141382	0.00113299	0.000426369	5.75099e-06	
N0.HOG0003873	0.00147357	0.00146774	0.00139369	0.00105657	0.000357719	4.41484e-06	
N0.HOG0003874	0.00147357	0.0014678	0.00139453	0.00106011	0.000361979	4.56087e-06	
N0.HOG0003875	0.0798274	0.0793239	0.073089	0.0480218	0.0108988	5.62191e-05	
N0.HOG0003876	0.0798274	0.0793239	0.073089	0.0480218	0.0108988	5.62191e-05	
N0.HOG0003877	0.0798274	0.0793239	0.073089	0.0480218	0.0108988	5.62191e-05	
N0.HOG0003878	0.0798274	0.0793239	0.073089	0.0480218	0.0108988	5.62191e-05	
N0.HOG0003879	0.00147358	0.0014694	0.00141509	0.00113912	0.000436192	6.27445e-06	
N0.HOG0003880	0.0798274	0.0793239	0.073089	0.0480218	0.0108988	5.62191e-05	
N0.HOG0003881	0.0798274	0.0793239	0.073089	0.0480218	0.0108988	5.62191e-05	
N0.HOG0003882	0.00147369	0.00150284	0.00184674	0.00284409	0.00218856	5.81642e-05	
N0.HOG0003883	0.0798274	0.0793239	0.073089	0.0480218	0.0108988	5.62191e-05	
N0.HOG0003884	0.00147361	0.00147831	0.00152904	0.00156859	0.00081217	1.2892e-05	
N0.HOG0003885	0.0798274	0.0793239	0.073089	0.0480218	0.0108988	5.62191e-05	
N0.HOG0003886	0.0798274	0.0793239	0.073089	0.0480218	0.0108988	5.62191e-05	
N0.HOG0003887	0.0798274	0.0793239	0.073089	0.0480218	0.0108988	5.62191e-05	
N0.HOG0003888	0.0798274	0.0793239	0.073089	0.0480218	0.0108988	5.62191e-05	
N0.HOG0003889	0.0798274	0.0793239	0.073089	0.0480218	0.0108988	5.62191e-05	
N0.HOG0003890	0.0798274	0.0793239	0.073089	0.0480218	0.0108988	5.62191e-05	
N0.HOG0003891	0.00147361	0.00147831	0.00152904	0.00156859	0.00081217	1.2892e-05	
N0.HOG0003892	0.00147369	0.00150211	0.00183197	0.00268218	0.00169918	2.34139e-05	
N0.HOG0003893	2.72022e-05	2.74164e-05	3.00635e-05	3.9868e-05	3.74846e-05	1.63248e-06	
N0.HOG0003894	0.0798274	0.0793239	0.073089	0.0480218	0.0108988	5.62191e-05	
N0.HOG0003895	0.0798274	0.0793239	0.073089	0.0480218	0.0108988	5.62191e-05	
N0.HOG0003896	0.00147358	0.00147112	0.00143705	0.00122055	0.000503005	7.10707e-06	
N0.HOG0003897	0.00147361	0.00147831	0.00152904	0.00156859	0.00081217	1.2892e-05	
N0.HOG0003898	0.0798274	0.0793239	0.073089	0.0480218	0.0108988	5.62191e-05	
N0.HOG0003899	2.7204e-05	2.7919e-05	3.73456e-05	8.47724e-05	0.000142703	1.11319e-05	
N0.HOG0003900	0.0798274	0.0793239	0.073089	0.0480218	0.0108988	5.62191e-05	
N0.HOG0003901	0.00147358	0.00146931	0.00141382	0.00113299	0.000426369	5.75099e-06	
N0.HOG0003902	5.02201e-07	5.2572e-07	8.72505e-07	3.62643e-06	1.50458e-05	5.1573e-06	
N0.HOG0003903	2.72019e-05	2.73162e-05	2.86227e-05	3.13285e-05	1.99804e-05	5.67821e-07	
N0.HOG0003904	0.0798274	0.0793239	0.073089	0.0480218	0.0108988	5.62191e-05	
N0.HOG0003905	0.0798274	0.0793239	0.073089	0.0480218	0.0108988	5.62191e-05	
N0.HOG0003906	0.00147361	0.00147831	0.00152904	0.00156859	0.00081217	1.2892e-05	
N0.HOG0003907	0.0798274	0.0793239	0.073089	0.0480218	0.0108988	5.62191e-05	
N0.HOG0003908	0.00147361	0.00147831	0.00152904	0.00156859	0.00081217	1.2892e-05	
N0.HOG0003909	0.0798274	0.0793239	0.073089	0.0480218	0.0108988	5.62191e-05	
N0.HOG0003910	0.00147358	0.00147125	0.00143885	0.00123069	0.000522969	8.34011e-06	
N0.HOG0003911	0.00147368	0.00149809	0.00178514	0.00259529	0.00191527	4.87343e-05	
N0.HOG0003912	0.00147358	0.0014697	0.00141888	0.00115371	0.000449626	6.47774e-06	
N0.HOG0003913	0.00147358	0.00146931	0.00141382	0.00113299	0.000426369	5.75099e-06	
N0.HOG0003914	0.00147361	0.00147831	0.00152904	0.00156859	0.00081217	1.2892e-05	
N0.HOG0003915	0.0798274	0.0793239	0.073089	0.0480218	0.0108988	5.62191e-05	
N0.HOG0003916	0.0798274	0.0793239	0.073089	0.0480218	0.0108988	5.62191e-05	
N0.HOG0003917	0.0798274	0.0793239	0.073089	0.0480218	0.0108988	5.62191e-05	
N0.HOG0003918	0.00147369	0.00150284	0.00184674	0.00284409	0.00218856	5.81642e-05	
N0.HOG0003919	0.0798274	0.0793239	0.073089	0.0480218	0.0108988	5.62191e-05	
N0.HOG0003920	0.0798274	0.0793239	0.073089	0.0480218	0.0108988	5.62191e-05	
N0.HOG0003921	0.0798274	0.0793239	0.073089	0.0480218	0.0108988	5.62191e-05	
N0.HOG0003922	0.00147369	0.00150211	0.00183197	0.00268218	0.00169918	2.34139e-05	
N0.HOG0003923	0.0798274	0.0793239	0.073089	0.0480218	0.0108988	5.62191e-05	
N0.HOG0003924	0.0798274	0.0793239	0.073089	0.0480218	0.0108988	5.62191e-05	
N0.HOG0003925	0.00147369	0.00150211	0.00183197	0.00268218	0.00169918	2.34139e-05	
N0.HOG0003926	0.00147369	0.00150211	0.00183197	0.00268218	0.00169918	2.34139e-05	
N0.HOG0003927	0.0798274	0.0793239	0.073089	0.0480218	0.0108988	5.62191e-05	
N0.HOG0003928	0.0798274	0.0793239	0.073089	0.0480218	0.0108988	5.62191e-05	
N0.HOG0003929	0.0798274	0.0793239	0.073089	0.0480218	0.0108988	5.62191e-05	
N0.HOG0003930	2.72035e-05	2.77936e-05	3.49328e-05	5.90131e-05	5.57703e-05	1.83867e-06	
N0.HOG0003931	0.0798274	0.0793239	0.073089	0.0480218	0.0108988	5.62191e-05	
N0.HOG0003932	5.62748e-10	1.64737e-07	2.27458e-06	1.18604e-05	2.11982e-05	1.2655e-06	
N0.HOG0003933	0.0798274	0.0793239	0.073089	0.0480218	0.0108988	5.62191e-05	
N0.HOG0003934	0.0798274	0.0793239	0.073089	0.0480218	0.0108988	5.62191e-05	
N0.HOG0003935	0.0798274	0.0793239	0.073089	0.0480218	0.0108988	5.62191e-05	
N0.HOG0003936	0.00147368	0.00149809	0.00178514	0.00259529	0.00191527	4.87343e-05	
N0.HOG0003937	2.7204e-05	2.79239e-05	3.74436e-05	8.62748e-05	0.000154351	1.51184e-05	
N0.HOG0003938	0.00147358	0.00146931	0.00141382	0.00113299	0.000426369	5.75099e-06	
N0.HOG0003939	0.00147358	0.00146931	0.00141382	0.00113299	0.000426369	5.75099e-06	
N0.HOG0003940	0.0798274	0.0793239	0.073089	0.0480218	0.0108988	5.62191e-05	
N0.HOG0003941	0.0798274	0.0793239	0.073089	0.0480218	0.0108988	5.62191e-05	
N0.HOG0003942	0.0798274	0.0793239	0.073089	0.0480218	0.0108988	5.62191e-05	
N0.HOG0003943	0.0798274	0.0793239	0.073089	0.0480218	0.0108988	5.62191e-05	
N0.HOG0003944	0.0798274	0.0793239	0.073089	0.0480218	0.0108988	5.62191e-05	
N0.HOG0003945	0.0798274	0.0793239	0.073089	0.0480218	0.0108988	5.62191e-05	
N0.HOG0003946	0.0798274	0.0793239	0.073089	0.0480218	0.0108988	5.62191e-05	
N0.HOG0003947	0.00147358	0.00147125	0.00143885	0.00123069	0.000522969	8.34011e-06	
N0.HOG0003948	0.0798274	0.0793239	0.073089	0.0480218	0.0108988	5.62191e-05	
N0.HOG0003949	0.0798274	0.0793239	0.073089	0.0480218	0.0108988	5.62191e-05	
N0.HOG0003950	0.00147361	0.00147831	0.00152904	0.00156859	0.00081217	1.2892e-05	
N0.HOG0003951	0.0798274	0.0793239	0.073089	0.0480218	0.0108988	5.62191e-05	
N0.HOG0003952	0.0798274	0.0793239	0.073089	0.0480218	0.0108988	5.62191e-05	
N0.HOG0003953	0.00147361	0.00147831	0.00152904	0.00156859	0.00081217	1.2892e-05	
N0.HOG0003954	0.0798274	0.0793239	0.073089	0.0480218	0.0108988	5.62191e-05	
N0.HOG0003955	0.0798274	0.0793239	0.073089	0.0480218	0.0108988	5.62191e-05	
N0.HOG0003956	0.0798274	0.0793239	0.073089	0.0480218	0.0108988	5.62191e-05	
N0.HOG0003957	0.00147369	0.00150211	0.00183197	0.00268218	0.00169918	2.34139e-05	
N0.HOG0003958	0.0798274	0.0793239	0.073089	0.0480218	0.0108988	5.62191e-05	
N0.HOG0003959	0.0798274	0.0793239	0.073089	0.0480218	0.0108988	5.62191e-05	
N0.HOG0003960	0.00147357	0.00146774	0.00139369	0.00105657	0.000357719	4.41484e-06	
N0.HOG0003961	0.0798274	0.0793239	0.073089	0.0480218	0.0108988	5.62191e-05	
N0.HOG0003962	0.0798274	0.0793239	0.073089	0.0480218	0.0108988	5.62191e-05	
N0.HOG0003963	0.0798274	0.0793239	0.073089	0.0480218	0.0108988	5.62191e-05	
N0.HOG0003964	0.0798274	0.0793239	0.073089	0.0480218	0.0108988	5.62191e-05	
N0.HOG0003965	2.72037e-05	2.78369e-05	3.57231e-05	6.71016e-05	8.56179e-05	5.94996e-06	
N0.HOG0003966	0.00147361	0.00147857	0.00153306	0.00159638	0.000878332	1.74358e-05	
N0.HOG0003967	8.91677e-10	2.61932e-07	3.76566e-06	2.23026e-05	4.56077e-05	2.72808e-06	
N0.HOG0003968	0.0798274	0.0793239	0.073089	0.0480218	0.0108988	5.62191e-05	
N0.HOG0003969	0.00147361	0.00147831	0.00152904	0.00156859	0.00081217	1.2892e-05	
N0.HOG0003970	0.00147361	0.00147831	0.00152904	0.00156859	0.00081217	1.2892e-05	
N0.HOG0003971	0.0798274	0.0793239	0.073089	0.0480218	0.0108988	5.62191e-05	
N0.HOG0003972	0.00147369	0.00150284	0.00184674	0.00284409	0.00218856	5.81642e-05	
N0.HOG0003973	0.00147358	0.00146931	0.00141382	0.00113299	0.000426369	5.75099e-06	
N0.HOG0003974	0.00147361	0.00147831	0.00152904	0.00156859	0.00081217	1.2892e-05	
N0.HOG0003975	0.00147358	0.00147112	0.00143705	0.00122055	0.000503005	7.10707e-06	
N0.HOG0003976	0.00147369	0.00150211	0.00183197	0.00268218	0.00169918	2.34139e-05	
N0.HOG0003977	0.00147369	0.00150211	0.00183197	0.00268218	0.00169918	2.34139e-05	
N0.HOG0003978	0.00147369	0.00150211	0.00183197	0.00268218	0.00169918	2.34139e-05	
N0.HOG0003979	0.0798274	0.0793239	0.073089	0.0480218	0.0108988	5.62191e-05	
N0.HOG0003980	0.00147358	0.0014694	0.00141509	0.00113912	0.000436192	6.27445e-06	
N0.HOG0003981	0.00147369	0.00150284	0.00184674	0.00284409	0.00218856	5.81642e-05	
N0.HOG0003982	0.0798274	0.0793239	0.073089	0.0480218	0.0108988	5.62191e-05	
N0.HOG0003983	0.00147357	0.00146774	0.00139369	0.00105657	0.000357719	4.41484e-06	
N0.HOG0003984	2.72013e-05	2.71504e-05	2.64723e-05	2.26582e-05	1.0532e-05	2.55144e-07	
N0.HOG0003985	0.00147369	0.00150284	0.00184674	0.00284409	0.00218856	5.81642e-05	
N0.HOG0003986	0.0798274	0.0793239	0.073089	0.0480218	0.0108988	5.62191e-05	
N0.HOG0003987	0.0798274	0.0793239	0.073089	0.0480218	0.0108988	5.62191e-05	
N0.HOG0003988	2.72036e-05	2.78072e-05	3.52144e-05	6.25756e-05	7.18324e-05	4.56758e-06	
N0.HOG0003989	0.0798274	0.0793239	0.073089	0.0480218	0.0108988	5.62191e-05	
N0.HOG0003990	2.72043e-05	2.80075e-05	3.86343e-05	9.28996e-05	0.000163089	1.33381e-05	
N0.HOG0003991	0.0798274	0.0793239	0.073089	0.0480218	0.0108988	5.62191e-05	
N0.HOG0003992	0.0798274	0.0793239	0.073089	0.0480218	0.0108988	5.62191e-05	
N0.HOG0003993	0.0798274	0.0793239	0.073089	0.0480218	0.0108988	5.62191e-05	
N0.HOG0003994	0.0798274	0.0793239	0.073089	0.0480218	0.0108988	5.62191e-05	
N0.HOG0003995	0.0798274	0.0793239	0.073089	0.0480218	0.0108988	5.62191e-05	
N0.HOG0003996	0.0798274	0.0793239	0.073089	0.0480218	0.0108988	5.62191e-05	
N0.HOG0003997	0.00147358	0.00146931	0.00141382	0.00113299	0.000426369	5.75099e-06	
N0.HOG0003998	0.00147369	0.00150284	0.00184674	0.00284409	0.00218856	5.81642e-05	
N0.HOG0003999	0.0798274	0.0793239	0.073089	0.0480218	0.0108988	5.62191e-05	
N0.HOG0004001	0.0798274	0.0793239	0.073089	0.0480218	0.0108988	5.62191e-05	
N0.HOG0004002	0.0798274	0.0793239	0.073089	0.0480218	0.0108988	5.62191e-05	
N0.HOG0004003	0.0798274	0.0793239	0.073089	0.0480218	0.0108988	5.62191e-05	
N0.HOG0004004	0.00147357	0.00146774	0.00139369	0.00105657	0.000357719	4.41484e-06	
N0.HOG0004005	0.0798274	0.0793239	0.073089	0.0480218	0.0108988	5.62191e-05	
N0.HOG0004006	2.72042e-05	2.79938e-05	3.83254e-05	8.76107e-05	0.000126622	5.36922e-06	
N0.HOG0004007	0.0798274	0.0793239	0.073089	0.0480218	0.0108988	5.62191e-05	
N0.HOG0004008	0.00147367	0.00149745	0.00177273	0.00246548	0.00153231	2.18671e-05	
N0.HOG0004009	0.0798274	0.0793239	0.073089	0.0480218	0.0108988	5.62191e-05	
N0.HOG0004010	0.0798274	0.0793239	0.073089	0.0480218	0.0108988	5.62191e-05	
N0.HOG0004011	0.0798274	0.0793239	0.073089	0.0480218	0.0108988	5.62191e-05	
N0.HOG0004012	0.0798274	0.0793239	0.073089	0.0480218	0.0108988	5.62191e-05	
N0.HOG0004013	2.10735e-09	6.26868e-07	1.02812e-05	8.11779e-05	0.000187813	8.23236e-06	
N0.HOG0004014	0.00147369	0.00150211	0.00183197	0.00268218	0.00169918	2.34139e-05	
N0.HOG0004015	2.72036e-05	2.78072e-05	3.52144e-05	6.25756e-05	7.18324e-05	4.56758e-06	
N0.HOG0004016	0.0798274	0.0793239	0.073089	0.0480218	0.0108988	5.62191e-05	
N0.HOG0004017	0.00147367	0.00149745	0.00177273	0.00246548	0.00153231	2.18671e-05	
N0.HOG0004018	0.0798274	0.0793239	0.073089	0.0480218	0.0108988	5.62191e-05	
N0.HOG0004019	5.02133e-07	5.05524e-07	5.47215e-07	7.01428e-07	7.08804e-07	6.02816e-08	
N0.HOG0004020	0.00147369	0.00150211	0.00183197	0.00268218	0.00169918	2.34139e-05	
N0.HOG0004021	0.00147358	0.00146931	0.00141382	0.00113299	0.000426369	5.75099e-06	
N0.HOG0004022	0.0798274	0.0793239	0.073089	0.0480218	0.0108988	5.62191e-05	
N0.HOG0004023	8.91677e-10	2.61932e-07	3.76566e-06	2.23026e-05	4.56077e-05	2.72808e-06	
N0.HOG0004024	0.0798274	0.0793239	0.073089	0.0480218	0.0108988	5.62191e-05	
N0.HOG0004025	0.0798274	0.0793239	0.073089	0.0480218	0.0108988	5.62191e-05	
N0.HOG0004026	0.0798274	0.0793239	0.073089	0.0480218	0.0108988	5.62191e-05	
N0.HOG0004027	0.00147357	0.0014678	0.00139453	0.00106011	0.000361979	4.56087e-06	
N0.HOG0004028	0.00147361	0.00147857	0.00153306	0.00159638	0.000878332	1.74358e-05	
N0.HOG0004029	0.0798274	0.0793239	0.073089	0.0480218	0.0108988	5.62191e-05	
N0.HOG0004030	0.00147361	0.00147831	0.00152904	0.00156859	0.00081217	1.2892e-05	
N0.HOG0004031	0.0798274	0.0793239	0.073089	0.0480218	0.0108988	5.62191e-05	
N0.HOG0004032	0.0798274	0.0793239	0.073089	0.0480218	0.0108988	5.62191e-05	
N0.HOG0004033	0.00147361	0.00147831	0.00152904	0.00156859	0.00081217	1.2892e-05	
N0.HOG0004034	0.0798274	0.0793239	0.073089	0.0480218	0.0108988	5.62191e-05	
N0.HOG0004035	0.00147361	0.00147831	0.00152904	0.00156859	0.00081217	1.2892e-05	
N0.HOG0004036	0.00147357	0.00146774	0.00139369	0.00105657	0.000357719	4.41484e-06	
N0.HOG0004037	0.0798274	0.0793239	0.073089	0.0480218	0.0108988	5.62191e-05	
N0.HOG0004038	0.00147368	0.00149809	0.00178514	0.00259529	0.00191527	4.87343e-05	
N0.HOG0004039	3.24181e-12	2.89163e-11	6.45823e-10	2.05611e-08	5.41412e-07	1.4953e-06	
N0.HOG0004040	0.0798274	0.0793239	0.073089	0.0480218	0.0108988	5.62191e-05	
N0.HOG0004042	0.00147361	0.00147831	0.00152904	0.00156859	0.00081217	1.2892e-05	
N0.HOG0004043	0.0798274	0.0793239	0.073089	0.0480218	0.0108988	5.62191e-05	
N0.HOG0004044	0.0798274	0.0793239	0.073089	0.0480218	0.0108988	5.62191e-05	
N0.HOG0004045	0.0798274	0.0793239	0.073089	0.0480218	0.0108988	5.62191e-05	
N0.HOG0004046	5.02168e-07	5.15825e-07	6.94743e-07	1.62774e-06	3.65322e-06	7.73199e-07	
N0.HOG0004047	0.0798274	0.0793239	0.073089	0.0480218	0.0108988	5.62191e-05	
N0.HOG0004048	0.00147361	0.00147857	0.00153306	0.00159638	0.000878332	1.74358e-05	
N0.HOG0004049	0.0798274	0.0793239	0.073089	0.0480218	0.0108988	5.62191e-05	
N0.HOG0004050	0.00147356	0.00146577	0.00136851	0.000960367	0.000269219	2.49419e-06	
N0.HOG0004051	0.00147357	0.0014678	0.00139453	0.00106011	0.000361979	4.56087e-06	
N0.HOG0004052	0.0798274	0.0793239	0.073089	0.0480218	0.0108988	5.62191e-05	
N0.HOG0004053	0.00147361	0.00147831	0.00152904	0.00156859	0.00081217	1.2892e-05	
N0.HOG0004054	2.72035e-05	2.77714e-05	3.48547e-05	6.2664e-05	7.07205e-05	2.76592e-06	
N0.HOG0004055	0.00147369	0.00150284	0.00184674	0.00284409	0.00218856	5.81642e-05	
N0.HOG0004056	0.0798274	0.0793239	0.073089	0.0480218	0.0108988	5.62191e-05	
N0.HOG0004057	0.0798274	0.0793239	0.073089	0.0480218	0.0108988	5.62191e-05	
N0.HOG0004058	0.0798274	0.0793239	0.073089	0.0480218	0.0108988	5.62191e-05	
N0.HOG0004059	0.00147358	0.0014697	0.00141888	0.00115371	0.000449626	6.47774e-06	
N0.HOG0004060	0.0798274	0.0793239	0.073089	0.0480218	0.0108988	5.62191e-05	
N0.HOG0004061	0.00147358	0.00147125	0.00143885	0.00123069	0.000522969	8.34011e-06	
N0.HOG0004062	0.0798274	0.0793239	0.073089	0.0480218	0.0108988	5.62191e-05	
N0.HOG0004063	0.0798274	0.0793239	0.073089	0.0480218	0.0108988	5.62191e-05	
N0.HOG0004064	0.0798274	0.0793239	0.073089	0.0480218	0.0108988	5.62191e-05	
N0.HOG0004065	0.0798274	0.0793239	0.073089	0.0480218	0.0108988	5.62191e-05	
N0.HOG0004066	0.0798274	0.0793239	0.073089	0.0480218	0.0108988	5.62191e-05	
N0.HOG0004067	0.00147357	0.00146774	0.00139369	0.00105657	0.000357719	4.41484e-06	
N0.HOG0004068	0.0798274	0.0793239	0.073089	0.0480218	0.0108988	5.62191e-05	
N0.HOG0004069	0.0798274	0.0793239	0.073089	0.0480218	0.0108988	5.62191e-05	
N0.HOG0004070	0.0798274	0.0793239	0.073089	0.0480218	0.0108988	5.62191e-05	
N0.HOG0004071	0.0798274	0.0793239	0.073089	0.0480218	0.0108988	5.62191e-05	
N0.HOG0004072	0.00147358	0.00146931	0.00141382	0.00113299	0.000426369	5.75099e-06	
N0.HOG0004073	0.0798274	0.0793239	0.073089	0.0480218	0.0108988	5.62191e-05	
N0.HOG0004074	0.0798274	0.0793239	0.073089	0.0480218	0.0108988	5.62191e-05	
N0.HOG0004075	0.0798274	0.0793239	0.073089	0.0480218	0.0108988	5.62191e-05	
N0.HOG0004076	8.91677e-10	2.61932e-07	3.76566e-06	2.23026e-05	4.56077e-05	2.72808e-06	
N0.HOG0004077	0.0798274	0.0793239	0.073089	0.0480218	0.0108988	5.62191e-05	
N0.HOG0004078	0.00147361	0.00147857	0.00153306	0.00159638	0.000878332	1.74358e-05	
N0.HOG0004079	0.0798274	0.0793239	0.073089	0.0480218	0.0108988	5.62191e-05	
N0.HOG0004080	0.0798274	0.0793239	0.073089	0.0480218	0.0108988	5.62191e-05	
N0.HOG0004081	0.00147358	0.00146931	0.00141382	0.00113299	0.000426369	5.75099e-06	
N0.HOG0004082	2.72015e-05	2.71951e-05	2.70721e-05	2.54688e-05	1.49333e-05	5.25517e-07	
N0.HOG0004083	0.0798274	0.0793239	0.073089	0.0480218	0.0108988	5.62191e-05	
N0.HOG0004084	2.7204e-05	2.7919e-05	3.73456e-05	8.47724e-05	0.000142703	1.11319e-05	
N0.HOG0004085	5.02139e-07	5.07334e-07	5.74002e-07	8.84748e-07	1.28312e-06	1.54121e-07	
N0.HOG0004086	0.0798274	0.0793239	0.073089	0.0480218	0.0108988	5.62191e-05	
N0.HOG0004087	2.72034e-05	2.77582e-05	3.46863e-05	6.26177e-05	7.9882e-05	5.80471e-06	
N0.HOG0004088	0.0798274	0.0793239	0.073089	0.0480218	0.0108988	5.62191e-05	
N0.HOG0004089	5.02136e-07	5.06478e-07	5.61205e-07	7.93724e-07	9.73463e-07	9.38358e-08	
N0.HOG0004090	0.0798274	0.0793239	0.073089	0.0480218	0.0108988	5.62191e-05	
N0.HOG0004091	0.00147368	0.00149809	0.00178514	0.00259529	0.00191527	4.87343e-05	
N0.HOG0004092	0.00147358	0.00146931	0.00141382	0.00113299	0.000426369	5.75099e-06	
N0.HOG0004093	0.0798274	0.0793239	0.073089	0.0480218	0.0108988	5.62191e-05	
N0.HOG0004094	0.00147369	0.00150284	0.00184674	0.00284409	0.00218856	5.81642e-05	
N0.HOG0004095	0.00147361	0.00147857	0.00153306	0.00159638	0.000878332	1.74358e-05	
N0.HOG0004096	0.0798274	0.0793239	0.073089	0.0480218	0.0108988	5.62191e-05	
N0.HOG0004097	0.00147361	0.00147857	0.00153306	0.00159638	0.000878332	1.74358e-05	
N0.HOG0004098	0.0798274	0.0793239	0.073089	0.0480218	0.0108988	5.62191e-05	
N0.HOG0004099	0.0798274	0.0793239	0.073089	0.0480218	0.0108988	5.62191e-05	
N0.HOG0004100	0.0798274	0.0793239	0.073089	0.0480218	0.0108988	5.62191e-05	
N0.HOG0004101	0.0798274	0.0793239	0.073089	0.0480218	0.0108988	5.62191e-05	
N0.HOG0004102	0.0798274	0.0793239	0.073089	0.0480218	0.0108988	5.62191e-05	
N0.HOG0004103	0.0798274	0.0793239	0.073089	0.0480218	0.0108988	5.62191e-05	
N0.HOG0004104	0.0798274	0.0793239	0.073089	0.0480218	0.0108988	5.62191e-05	
N0.HOG0004105	0.0798274	0.0793239	0.073089	0.0480218	0.0108988	5.62191e-05	
N0.HOG0004106	0.00147358	0.00146931	0.00141382	0.00113299	0.000426369	5.75099e-06	
N0.HOG0004107	0.00147361	0.00147831	0.00152904	0.00156859	0.00081217	1.2892e-05	
N0.HOG0004108	0.00147361	0.00147857	0.00153306	0.00159638	0.000878332	1.74358e-05	
N0.HOG0004109	0.0798274	0.0793239	0.073089	0.0480218	0.0108988	5.62191e-05	
N0.HOG0004110	0.0798274	0.0793239	0.073089	0.0480218	0.0108988	5.62191e-05	
N0.HOG0004111	0.00147359	0.0014733	0.00146512	0.00133226	0.000620288	1.07329e-05	
N0.HOG0004112	0.0798274	0.0793239	0.073089	0.0480218	0.0108988	5.62191e-05	
N0.HOG0004113	0.0798274	0.0793239	0.073089	0.0480218	0.0108988	5.62191e-05	
N0.HOG0004114	0.00147367	0.00149745	0.00177273	0.00246548	0.00153231	2.18671e-05	
N0.HOG0004115	0.00147361	0.00147831	0.00152904	0.00156859	0.00081217	1.2892e-05	
N0.HOG0004116	0.00147369	0.00150284	0.00184674	0.00284409	0.00218856	5.81642e-05	
N0.HOG0004117	0.0798274	0.0793239	0.073089	0.0480218	0.0108988	5.62191e-05	
N0.HOG0004118	0.0798274	0.0793239	0.073089	0.0480218	0.0108988	5.62191e-05	
N0.HOG0004119	0.0798274	0.0793239	0.073089	0.0480218	0.0108988	5.62191e-05	
N0.HOG0004120	0.00147359	0.00147313	0.00146275	0.00131817	0.000591351	8.96107e-06	
N0.HOG0004121	0.0798274	0.0793239	0.073089	0.0480218	0.0108988	5.62191e-05	
N0.HOG0004122	0.0798274	0.0793239	0.073089	0.0480218	0.0108988	5.62191e-05	
N0.HOG0004123	0.00147368	0.00149809	0.00178514	0.00259529	0.00191527	4.87343e-05	
N0.HOG0004124	0.0798274	0.0793239	0.073089	0.0480218	0.0108988	5.62191e-05	
N0.HOG0004125	0.0798274	0.0793239	0.073089	0.0480218	0.0108988	5.62191e-05	
N0.HOG0004126	0.00147358	0.00146931	0.00141382	0.00113299	0.000426369	5.75099e-06	
N0.HOG0004127	0.00147358	0.00147112	0.00143705	0.00122055	0.000503005	7.10707e-06	
N0.HOG0004128	0.0798274	0.0793239	0.073089	0.0480218	0.0108988	5.62191e-05	
N0.HOG0004129	0.00147358	0.00146931	0.00141382	0.00113299	0.000426369	5.75099e-06	
N0.HOG0004130	0.0798274	0.0793239	0.073089	0.0480218	0.0108988	5.62191e-05	
N0.HOG0004131	0.0798274	0.0793239	0.073089	0.0480218	0.0108988	5.62191e-05	
N0.HOG0004132	0.00147361	0.00147857	0.00153306	0.00159638	0.000878332	1.74358e-05	
N0.HOG0004133	2.72055e-05	2.83701e-05	4.47915e-05	0.000146018	0.000307698	2.26237e-05	
N0.HOG0004134	2.72043e-05	2.80075e-05	3.86343e-05	9.28996e-05	0.000163089	1.33381e-05	
N0.HOG0004135	0.00147359	0.00147313	0.00146275	0.00131817	0.000591351	8.96107e-06	
N0.HOG0004136	0.0798274	0.0793239	0.073089	0.0480218	0.0108988	5.62191e-05	
N0.HOG0004137	0.0798274	0.0793239	0.073089	0.0480218	0.0108988	5.62191e-05	
N0.HOG0004138	0.0798274	0.0793239	0.073089	0.0480218	0.0108988	5.62191e-05	
N0.HOG0004139	0.0798274	0.0793239	0.073089	0.0480218	0.0108988	5.62191e-05	
N0.HOG0004140	0.00147358	0.00146931	0.00141382	0.00113299	0.000426369	5.75099e-06	
N0.HOG0004141	0.00147369	0.00150284	0.00184674	0.00284409	0.00218856	5.81642e-05	
N0.HOG0004142	0.0798274	0.0793239	0.073089	0.0480218	0.0108988	5.62191e-05	
N0.HOG0004143	0.00147369	0.00150211	0.00183197	0.00268218	0.00169918	2.34139e-05	
N0.HOG0004144	0.0798274	0.0793239	0.073089	0.0480218	0.0108988	5.62191e-05	
N0.HOG0004145	0.0798274	0.0793239	0.073089	0.0480218	0.0108988	5.62191e-05	
N0.HOG0004146	0.0798274	0.0793239	0.073089	0.0480218	0.0108988	5.62191e-05	
N0.HOG0004147	2.72037e-05	2.78369e-05	3.57231e-05	6.71016e-05	8.56179e-05	5.94996e-06	
N0.HOG0004148	9.2704e-09	9.73515e-09	1.67855e-08	8.13318e-08	4.57708e-07	2.08121e-07	
N0.HOG0004149	2.7204e-05	2.7919e-05	3.73456e-05	8.47724e-05	0.000142703	1.11319e-05	
N0.HOG0004150	0.0798274	0.0793239	0.073089	0.0480218	0.0108988	5.62191e-05	
N0.HOG0004151	0.0798274	0.0793239	0.073089	0.0480218	0.0108988	5.62191e-05	
N0.HOG0004152	0.0798274	0.0793239	0.073089	0.0480218	0.0108988	5.62191e-05	
N0.HOG0004153	0.00147369	0.00150284	0.00184674	0.00284409	0.00218856	5.81642e-05	
N0.HOG0004154	0.00147361	0.00147831	0.00152904	0.00156859	0.00081217	1.2892e-05	
N0.HOG0004155	2.72055e-05	2.83822e-05	4.5105e-05	0.000153706	0.000384599	5.04204e-05	
N0.HOG0004156	0.0798274	0.0793239	0.073089	0.0480218	0.0108988	5.62191e-05	
N0.HOG0004157	0.0798274	0.0793239	0.073089	0.0480218	0.0108988	5.62191e-05	
N0.HOG0004158	0.0798274	0.0793239	0.073089	0.0480218	0.0108988	5.62191e-05	
N0.HOG0004159	5.0218e-07	5.19213e-07	7.54486e-07	2.24527e-06	6.07581e-06	7.96503e-07	
N0.HOG0004160	0.00147361	0.00147831	0.00152904	0.00156859	0.00081217	1.2892e-05	
N0.HOG0004161	0.00147361	0.00147831	0.00152904	0.00156859	0.00081217	1.2892e-05	
N0.HOG0004162	0.00147361	0.00147831	0.00152904	0.00156859	0.00081217	1.2892e-05	
N0.HOG0004164	0.00147369	0.00150284	0.00184674	0.00284409	0.00218856	5.81642e-05	
N0.HOG0004165	0.00147358	0.00146931	0.00141382	0.00113299	0.000426369	5.75099e-06	
N0.HOG0004166	0.00147358	0.00146931	0.00141382	0.00113299	0.000426369	5.75099e-06	
N0.HOG0004167	0.0798274	0.0793239	0.073089	0.0480218	0.0108988	5.62191e-05	
N0.HOG0004168	0.0798274	0.0793239	0.073089	0.0480218	0.0108988	5.62191e-05	
N0.HOG0004169	0.0798274	0.0793239	0.073089	0.0480218	0.0108988	5.62191e-05	
N0.HOG0004170	0.00147368	0.00149809	0.00178514	0.00259529	0.00191527	4.87343e-05	
N0.HOG0004171	0.00147367	0.00149745	0.00177273	0.00246548	0.00153231	2.18671e-05	
N0.HOG0004172	0.0798274	0.0793239	0.073089	0.0480218	0.0108988	5.62191e-05	
N0.HOG0004173	0.0798274	0.0793239	0.073089	0.0480218	0.0108988	5.62191e-05	
N0.HOG0004174	0.0798274	0.0793239	0.073089	0.0480218	0.0108988	5.62191e-05	
N0.HOG0004175	0.0798274	0.0793239	0.073089	0.0480218	0.0108988	5.62191e-05	
N0.HOG0004176	2.72042e-05	2.79938e-05	3.83254e-05	8.76107e-05	0.000126622	5.36922e-06	
N0.HOG0004177	2.72037e-05	2.78369e-05	3.57231e-05	6.71016e-05	8.56179e-05	5.94996e-06	
N0.HOG0004178	8.91677e-10	2.61932e-07	3.76566e-06	2.23026e-05	4.56077e-05	2.72808e-06	
N0.HOG0004179	8.91677e-10	2.61932e-07	3.76566e-06	2.23026e-05	4.56077e-05	2.72808e-06	
N0.HOG0004180	0.0798274	0.0793239	0.073089	0.0480218	0.0108988	5.62191e-05	
N0.HOG0004181	0.0798274	0.0793239	0.073089	0.0480218	0.0108988	5.62191e-05	
N0.HOG0004182	0.0798274	0.0793239	0.073089	0.0480218	0.0108988	5.62191e-05	
N0.HOG0004183	0.0798274	0.0793239	0.073089	0.0480218	0.0108988	5.62191e-05	
N0.HOG0004184	0.0798274	0.0793239	0.073089	0.0480218	0.0108988	5.62191e-05	
N0.HOG0004185	0.0798274	0.0793239	0.073089	0.0480218	0.0108988	5.62191e-05	
N0.HOG0004186	0.0798274	0.0793239	0.073089	0.0480218	0.0108988	5.62191e-05	
N0.HOG0004187	0.00147357	0.00146681	0.00138185	0.00101143	0.000316545	3.53415e-06	
N0.HOG0004188	0.0798274	0.0793239	0.073089	0.0480218	0.0108988	5.62191e-05	
N0.HOG0004189	2.72023e-05	2.74188e-05	3.01012e-05	4.01994e-05	3.89711e-05	1.91248e-06	
N0.HOG0004190	0.0798274	0.0793239	0.073089	0.0480218	0.0108988	5.62191e-05	
N0.HOG0004191	0.00147369	0.00150211	0.00183197	0.00268218	0.00169918	2.34139e-05	
N0.HOG0004192	0.0798274	0.0793239	0.073089	0.0480218	0.0108988	5.62191e-05	
N0.HOG0004193	0.0798274	0.0793239	0.073089	0.0480218	0.0108988	5.62191e-05	
N0.HOG0004194	0.0798274	0.0793239	0.073089	0.0480218	0.0108988	5.62191e-05	
N0.HOG0004195	0.00147369	0.00150284	0.00184674	0.00284409	0.00218856	5.81642e-05	
N0.HOG0004196	0.0798274	0.0793239	0.073089	0.0480218	0.0108988	5.62191e-05	
N0.HOG0004197	0.00147369	0.00150284	0.00184674	0.00284409	0.00218856	5.81642e-05	
N0.HOG0004198	0.0798274	0.0793239	0.073089	0.0480218	0.0108988	5.62191e-05	
N0.HOG0004199	0.0798274	0.0793239	0.073089	0.0480218	0.0108988	5.62191e-05	
N0.HOG0004200	0.0798274	0.0793239	0.073089	0.0480218	0.0108988	5.62191e-05	
N0.HOG0004201	0.0798274	0.0793239	0.073089	0.0480218	0.0108988	5.62191e-05	
N0.HOG0004202	0.0798274	0.0793239	0.073089	0.0480218	0.0108988	5.62191e-05	
N0.HOG0004203	0.0798274	0.0793239	0.073089	0.0480218	0.0108988	5.62191e-05	
N0.HOG0004204	0.0798274	0.0793239	0.073089	0.0480218	0.0108988	5.62191e-05	
N0.HOG0004205	0.0798274	0.0793239	0.073089	0.0480218	0.0108988	5.62191e-05	
N0.HOG0004206	2.4032e-09	7.17067e-07	1.21111e-05	0.000100441	0.000234474	9.50098e-06	
N0.HOG0004207	0.00147367	0.00149745	0.00177273	0.00246548	0.00153231	2.18671e-05	
N0.HOG0004208	0.00147357	0.0014678	0.00139453	0.00106011	0.000361979	4.56087e-06	
N0.HOG0004209	2.72021e-05	2.73826e-05	2.95776e-05	3.70082e-05	3.17729e-05	1.31996e-06	
N0.HOG0004210	0.0798274	0.0793239	0.073089	0.0480218	0.0108988	5.62191e-05	
N0.HOG0004211	0.0798274	0.0793239	0.073089	0.0480218	0.0108988	5.62191e-05	
N0.HOG0004212	9.77539e-09	1.6051e-07	2.58725e-06	2.27158e-05	6.68452e-05	6.02207e-06	
N0.HOG0004213	0.00147357	0.00146774	0.00139369	0.00105657	0.000357719	4.41484e-06	
N0.HOG0004214	0.0798274	0.0793239	0.073089	0.0480218	0.0108988	5.62191e-05	
N0.HOG0004215	0.0798274	0.0793239	0.073089	0.0480218	0.0108988	5.62191e-05	
N0.HOG0004216	0.0798274	0.0793239	0.073089	0.0480218	0.0108988	5.62191e-05	
N0.HOG0004217	2.72014e-05	2.71768e-05	2.68259e-05	2.42995e-05	1.30589e-05	4.07206e-07	
N0.HOG0004218	0.0798274	0.0793239	0.073089	0.0480218	0.0108988	5.62191e-05	
N0.HOG0004219	2.72036e-05	2.78211e-05	3.57264e-05	7.12388e-05	0.000103918	7.75763e-06	
N0.HOG0004220	0.0798274	0.0793239	0.073089	0.0480218	0.0108988	5.62191e-05	
N0.HOG0004221	0.0798274	0.0793239	0.073089	0.0480218	0.0108988	5.62191e-05	
N0.HOG0004222	0.0798274	0.0793239	0.073089	0.0480218	0.0108988	5.62191e-05	
N0.HOG0004223	0.0798274	0.0793239	0.073089	0.0480218	0.0108988	5.62191e-05	
N0.HOG0004224	0.00147358	0.0014697	0.00141888	0.00115371	0.000449626	6.47774e-06	
N0.HOG0004225	0.0798274	0.0793239	0.073089	0.0480218	0.0108988	5.62191e-05	
N0.HOG0004226	0.0798274	0.0793239	0.073089	0.0480218	0.0108988	5.62191e-05	
N0.HOG0004227	2.72043e-05	2.80075e-05	3.86343e-05	9.28996e-05	0.000163089	1.33381e-05	
N0.HOG0004228	0.0798274	0.0793239	0.073089	0.0480218	0.0108988	5.62191e-05	
N0.HOG0004229	0.00147361	0.00147831	0.00152904	0.00156859	0.00081217	1.2892e-05	
N0.HOG0004230	0.0798274	0.0793239	0.073089	0.0480218	0.0108988	5.62191e-05	
N0.HOG0004231	0.0798274	0.0793239	0.073089	0.0480218	0.0108988	5.62191e-05	
N0.HOG0004232	0.0798274	0.0793239	0.073089	0.0480218	0.0108988	5.62191e-05	
N0.HOG0004233	0.0798274	0.0793239	0.073089	0.0480218	0.0108988	5.62191e-05	
N0.HOG0004234	0.00147361	0.00147831	0.00152904	0.00156859	0.00081217	1.2892e-05	
N0.HOG0004235	0.00147369	0.00150211	0.00183197	0.00268218	0.00169918	2.34139e-05	
N0.HOG0004236	2.72016e-05	2.72163e-05	2.73555e-05	2.67894e-05	1.68921e-05	6.17697e-07	
N0.HOG0004237	2.7204e-05	2.79239e-05	3.74436e-05	8.62748e-05	0.000154351	1.51184e-05	
N0.HOG0004238	0.0798274	0.0793239	0.073089	0.0480218	0.0108988	5.62191e-05	
N0.HOG0004239	0.0798274	0.0793239	0.073089	0.0480218	0.0108988	5.62191e-05	
N0.HOG0004240	0.00147369	0.00150211	0.00183197	0.00268218	0.00169918	2.34139e-05	
N0.HOG0004241	0.0798274	0.0793239	0.073089	0.0480218	0.0108988	5.62191e-05	
N0.HOG0004242	9.2706e-09	9.79815e-09	1.82694e-08	1.19094e-07	1.14686e-06	1.28537e-06	
N0.HOG0004243	0.0798274	0.0793239	0.073089	0.0480218	0.0108988	5.62191e-05	
N0.HOG0004244	0.0798274	0.0793239	0.073089	0.0480218	0.0108988	5.62191e-05	
N0.HOG0004245	0.00147369	0.00150284	0.00184674	0.00284409	0.00218856	5.81642e-05	
N0.HOG0004246	0.00147361	0.00147831	0.00152904	0.00156859	0.00081217	1.2892e-05	
N0.HOG0004247	2.72037e-05	2.78443e-05	3.58508e-05	6.83287e-05	9.0288e-05	6.70186e-06	
N0.HOG0004248	0.00147361	0.00147857	0.00153306	0.00159638	0.000878332	1.74358e-05	
N0.HOG0004249	0.0798274	0.0793239	0.073089	0.0480218	0.0108988	5.62191e-05	
N0.HOG0004250	0.0798274	0.0793239	0.073089	0.0480218	0.0108988	5.62191e-05	
N0.HOG0004251	0.00147369	0.00150211	0.00183197	0.00268218	0.00169918	2.34139e-05	
N0.HOG0004252	0.0798274	0.0793239	0.073089	0.0480218	0.0108988	5.62191e-05	
N0.HOG0004253	0.00147361	0.00147831	0.00152904	0.00156859	0.00081217	1.2892e-05	
N0.HOG0004254	0.00147361	0.00147831	0.00152904	0.00156859	0.00081217	1.2892e-05	
N0.HOG0004255	2.72034e-05	2.77564e-05	3.43017e-05	5.36396e-05	4.19727e-05	1.03877e-06	
N0.HOG0004256	0.0798274	0.0793239	0.073089	0.0480218	0.0108988	5.62191e-05	
N0.HOG0004257	0.0798274	0.0793239	0.073089	0.0480218	0.0108988	5.62191e-05	
N0.HOG0004258	0.0798274	0.0793239	0.073089	0.0480218	0.0108988	5.62191e-05	
N0.HOG0004259	0.0798274	0.0793239	0.073089	0.0480218	0.0108988	5.62191e-05	
N0.HOG0004260	0.0798274	0.0793239	0.073089	0.0480218	0.0108988	5.62191e-05	
N0.HOG0004261	0.0798274	0.0793239	0.073089	0.0480218	0.0108988	5.62191e-05	
N0.HOG0004262	0.00147368	0.00149809	0.00178514	0.00259529	0.00191527	4.87343e-05	
N0.HOG0004263	0.0798274	0.0793239	0.073089	0.0480218	0.0108988	5.62191e-05	
N0.HOG0004264	0.0798274	0.0793239	0.073089	0.0480218	0.0108988	5.62191e-05	
N0.HOG0004265	0.0798274	0.0793239	0.073089	0.0480218	0.0108988	5.62191e-05	
N0.HOG0004266	0.0798274	0.0793239	0.073089	0.0480218	0.0108988	5.62191e-05	
N0.HOG0004267	0.00147357	0.0014678	0.00139453	0.00106011	0.000361979	4.56087e-06	
N0.HOG0004268	0.0798274	0.0793239	0.073089	0.0480218	0.0108988	5.62191e-05	
N0.HOG0004269	0.0798274	0.0793239	0.073089	0.0480218	0.0108988	5.62191e-05	
N0.HOG0004270	0.0798274	0.0793239	0.073089	0.0480218	0.0108988	5.62191e-05	
N0.HOG0004271	0.00147358	0.00147125	0.00143885	0.00123069	0.000522969	8.34011e-06	
N0.HOG0004272	0.0798274	0.0793239	0.073089	0.0480218	0.0108988	5.62191e-05	
N0.HOG0004273	0.0798274	0.0793239	0.073089	0.0480218	0.0108988	5.62191e-05	
N0.HOG0004274	0.00147368	0.00149809	0.00178514	0.00259529	0.00191527	4.87343e-05	
N0.HOG0004275	0.0798274	0.0793239	0.073089	0.0480218	0.0108988	5.62191e-05	
N0.HOG0004276	0.0798274	0.0793239	0.073089	0.0480218	0.0108988	5.62191e-05	
N0.HOG0004277	0.00147357	0.0014678	0.00139453	0.00106011	0.000361979	4.56087e-06	
N0.HOG0004278	0.0798274	0.0793239	0.073089	0.0480218	0.0108988	5.62191e-05	
N0.HOG0004279	2.72019e-05	2.73162e-05	2.86223e-05	3.13252e-05	1.99691e-05	5.68698e-07	
N0.HOG0004280	0.00147361	0.00147831	0.00152904	0.00156859	0.00081217	1.2892e-05	
N0.HOG0004281	2.72012e-05	2.71038e-05	2.58673e-05	2.02008e-05	7.78741e-06	1.5566e-07	
N0.HOG0004282	0.00147368	0.00149809	0.00178514	0.00259529	0.00191527	4.87343e-05	
N0.HOG0004283	0.0798274	0.0793239	0.073089	0.0480218	0.0108988	5.62191e-05	
N0.HOG0004284	0.0798274	0.0793239	0.073089	0.0480218	0.0108988	5.62191e-05	
N0.HOG0004285	0.00147361	0.00147831	0.00152904	0.00156859	0.00081217	1.2892e-05	
N0.HOG0004286	0.0798274	0.0793239	0.073089	0.0480218	0.0108988	5.62191e-05	
N0.HOG0004287	0.0798274	0.0793239	0.073089	0.0480218	0.0108988	5.62191e-05	
N0.HOG0004288	0.00147361	0.00147857	0.00153306	0.00159638	0.000878332	1.74358e-05	
N0.HOG0004289	2.10735e-09	6.26868e-07	1.02812e-05	8.11779e-05	0.000187813	8.23236e-06	
N0.HOG0004290	0.0798274	0.0793239	0.073089	0.0480218	0.0108988	5.62191e-05	
N0.HOG0004291	0.00147369	0.00150211	0.00183197	0.00268218	0.00169918	2.34139e-05	
N0.HOG0004292	0.00147357	0.0014678	0.00139453	0.00106011	0.000361979	4.56087e-06	
N0.HOG0004293	0.00147358	0.00147125	0.00143885	0.00123069	0.000522969	8.34011e-06	
N0.HOG0004294	0.0798274	0.0793239	0.073089	0.0480218	0.0108988	5.62191e-05	
N0.HOG0004295	0.00147368	0.00149809	0.00178514	0.00259529	0.00191527	4.87343e-05	
N0.HOG0004296	0.00147361	0.00147831	0.00152904	0.00156859	0.00081217	1.2892e-05	
N0.HOG0004297	0.0798274	0.0793239	0.073089	0.0480218	0.0108988	5.62191e-05	
N0.HOG0004298	0.00147358	0.00146931	0.00141382	0.00113299	0.000426369	5.75099e-06	
N0.HOG0004299	4.34154e-15	1.30219e-12	2.35329e-11	2.78255e-10	2.43549e-09	1.14827e-08	
N0.HOG0004300	0.0798274	0.0793239	0.073089	0.0480218	0.0108988	5.62191e-05	
N0.HOG0004301	0.00147361	0.00147831	0.00152904	0.00156859	0.00081217	1.2892e-05	
N0.HOG0004302	0.00147361	0.00147831	0.00152904	0.00156859	0.00081217	1.2892e-05	
N0.HOG0004303	5.02199e-07	5.24934e-07	8.54103e-07	3.21269e-06	1.00993e-05	1.77743e-06	
N0.HOG0004304	0.00147358	0.0014697	0.00141888	0.00115371	0.000449626	6.47774e-06	
N0.HOG0004305	0.0798274	0.0793239	0.073089	0.0480218	0.0108988	5.62191e-05	
N0.HOG0004306	0.0798274	0.0793239	0.073089	0.0480218	0.0108988	5.62191e-05	
N0.HOG0004307	0.0798274	0.0793239	0.073089	0.0480218	0.0108988	5.62191e-05	
N0.HOG0004308	0.00147369	0.00150284	0.00184674	0.00284409	0.00218856	5.81642e-05	
N0.HOG0004309	0.00147361	0.00147831	0.00152904	0.00156859	0.00081217	1.2892e-05	
N0.HOG0004310	0.00147361	0.00147831	0.00152904	0.00156859	0.00081217	1.2892e-05	
N0.HOG0004311	0.00147368	0.00149809	0.00178514	0.00259529	0.00191527	4.87343e-05	
N0.HOG0004312	0.0798274	0.0793239	0.073089	0.0480218	0.0108988	5.62191e-05	
N0.HOG0004313	0.0798274	0.0793239	0.073089	0.0480218	0.0108988	5.62191e-05	
N0.HOG0004314	0.0798274	0.0793239	0.073089	0.0480218	0.0108988	5.62191e-05	
N0.HOG0004315	0.0798274	0.0793239	0.073089	0.0480218	0.0108988	5.62191e-05	
N0.HOG0004316	0.0798274	0.0793239	0.073089	0.0480218	0.0108988	5.62191e-05	
N0.HOG0004317	0.0798274	0.0793239	0.073089	0.0480218	0.0108988	5.62191e-05	
N0.HOG0004318	5.02169e-07	5.1618e-07	6.9954e-07	1.62528e-06	3.06193e-06	3.02511e-07	
N0.HOG0004319	0.00147367	0.00149745	0.00177273	0.00246548	0.00153231	2.18671e-05	
N0.HOG0004320	0.0798274	0.0793239	0.073089	0.0480218	0.0108988	5.62191e-05	
N0.HOG0004321	0.0798274	0.0793239	0.073089	0.0480218	0.0108988	5.62191e-05	
N0.HOG0004322	2.72021e-05	2.73826e-05	2.95776e-05	3.70082e-05	3.17729e-05	1.31996e-06	
N0.HOG0004323	0.0798274	0.0793239	0.073089	0.0480218	0.0108988	5.62191e-05	
N0.HOG0004324	0.00147361	0.00147831	0.00152904	0.00156859	0.00081217	1.2892e-05	
N0.HOG0004325	2.72054e-05	2.83563e-05	4.44333e-05	0.000137705	0.000238895	9.10712e-06	
N0.HOG0004326	2.72034e-05	2.77559e-05	3.42929e-05	5.35639e-05	4.17784e-05	1.03265e-06	
N0.HOG0004327	0.0798274	0.0793239	0.073089	0.0480218	0.0108988	5.62191e-05	
N0.HOG0004328	0.0798274	0.0793239	0.073089	0.0480218	0.0108988	5.62191e-05	
N0.HOG0004329	0.00147369	0.00150211	0.00183197	0.00268218	0.00169918	2.34139e-05	
N0.HOG0004330	0.0798274	0.0793239	0.073089	0.0480218	0.0108988	5.62191e-05	
N0.HOG0004331	0.0798274	0.0793239	0.073089	0.0480218	0.0108988	5.62191e-05	
N0.HOG0004332	3.20109e-10	9.34699e-08	1.25144e-06	5.82122e-06	8.81809e-06	4.8263e-07	
N0.HOG0004333	0.0798274	0.0793239	0.073089	0.0480218	0.0108988	5.62191e-05	
N0.HOG0004334	0.00147369	0.00150284	0.00184674	0.00284409	0.00218856	5.81642e-05	
N0.HOG0004335	0.0798274	0.0793239	0.073089	0.0480218	0.0108988	5.62191e-05	
N0.HOG0004336	0.00147361	0.00147857	0.00153306	0.00159638	0.000878332	1.74358e-05	
N0.HOG0004337	0.0798274	0.0793239	0.073089	0.0480218	0.0108988	5.62191e-05	
N0.HOG0004338	0.0798274	0.0793239	0.073089	0.0480218	0.0108988	5.62191e-05	
N0.HOG0004339	0.0798274	0.0793239	0.073089	0.0480218	0.0108988	5.62191e-05	
N0.HOG0004340	0.00147358	0.00147125	0.00143885	0.00123069	0.000522969	8.34011e-06	
N0.HOG0004341	2.72017e-05	2.72567e-05	2.78975e-05	2.93237e-05	2.07663e-05	8.31904e-07	
N0.HOG0004342	0.0798274	0.0793239	0.073089	0.0480218	0.0108988	5.62191e-05	
N0.HOG0004343	0.0798274	0.0793239	0.073089	0.0480218	0.0108988	5.62191e-05	
N0.HOG0004344	0.00147357	0.00146681	0.00138185	0.00101143	0.000316545	3.53415e-06	
N0.HOG0004345	0.00147369	0.00150284	0.00184674	0.00284409	0.00218856	5.81642e-05	
N0.HOG0004346	0.0798274	0.0793239	0.073089	0.0480218	0.0108988	5.62191e-05	
N0.HOG0004348	0.0798274	0.0793239	0.073089	0.0480218	0.0108988	5.62191e-05	
N0.HOG0004349	0.0798274	0.0793239	0.073089	0.0480218	0.0108988	5.62191e-05	
N0.HOG0004350	0.0798274	0.0793239	0.073089	0.0480218	0.0108988	5.62191e-05	
N0.HOG0004351	0.0798274	0.0793239	0.073089	0.0480218	0.0108988	5.62191e-05	
N0.HOG0004352	0.0798274	0.0793239	0.073089	0.0480218	0.0108988	5.62191e-05	
N0.HOG0004353	0.00147369	0.00150211	0.00183197	0.00268218	0.00169918	2.34139e-05	
N0.HOG0004354	0.00147368	0.00149809	0.00178514	0.00259529	0.00191527	4.87343e-05	
N0.HOG0004355	0.0798274	0.0793239	0.073089	0.0480218	0.0108988	5.62191e-05	
N0.HOG0004356	0.0798274	0.0793239	0.073089	0.0480218	0.0108988	5.62191e-05	
N0.HOG0004357	0.00147357	0.00146774	0.00139369	0.00105657	0.000357719	4.41484e-06	
N0.HOG0004358	0.0798274	0.0793239	0.073089	0.0480218	0.0108988	5.62191e-05	
N0.HOG0004359	3.20109e-10	9.34699e-08	1.25144e-06	5.82122e-06	8.81809e-06	4.8263e-07	
N0.HOG0004360	0.00147361	0.00147831	0.00152904	0.00156859	0.00081217	1.2892e-05	
N0.HOG0004361	0.0798274	0.0793239	0.073089	0.0480218	0.0108988	5.62191e-05	
N0.HOG0004362	0.0798274	0.0793239	0.073089	0.0480218	0.0108988	5.62191e-05	
N0.HOG0004363	1.9119e-18	6.32432e-16	3.25491e-14	6.50306e-12	1.47404e-09	2.78497e-08	
N0.HOG0004364	0.00147358	0.00147125	0.00143885	0.00123069	0.000522969	8.34011e-06	
N0.HOG0004365	0.0798274	0.0793239	0.073089	0.0480218	0.0108988	5.62191e-05	
N0.HOG0004366	0.00147369	0.00150284	0.00184674	0.00284409	0.00218856	5.81642e-05	
N0.HOG0004367	0.0798274	0.0793239	0.073089	0.0480218	0.0108988	5.62191e-05	
N0.HOG0004368	0.0798274	0.0793239	0.073089	0.0480218	0.0108988	5.62191e-05	
N0.HOG0004369	0.00147361	0.00147831	0.00152904	0.00156859	0.00081217	1.2892e-05	
N0.HOG0004370	0.00147358	0.0014698	0.00142017	0.00115864	0.000454567	6.69617e-06	
N0.HOG0004371	0.0798274	0.0793239	0.073089	0.0480218	0.0108988	5.62191e-05	
N0.HOG0004372	0.00147358	0.0014697	0.00141888	0.00115371	0.000449626	6.47774e-06	
N0.HOG0004373	0.0798274	0.0793239	0.073089	0.0480218	0.0108988	5.62191e-05	
N0.HOG0004374	0.0798274	0.0793239	0.073089	0.0480218	0.0108988	5.62191e-05	
N0.HOG0004375	0.0798274	0.0793239	0.073089	0.0480218	0.0108988	5.62191e-05	
N0.HOG0004376	0.0798274	0.0793239	0.073089	0.0480218	0.0108988	5.62191e-05	
N0.HOG0004377	0.00147357	0.00146774	0.00139369	0.00105657	0.000357719	4.41484e-06	
N0.HOG0004378	0.0798274	0.0793239	0.073089	0.0480218	0.0108988	5.62191e-05	
N0.HOG0004379	0.0798274	0.0793239	0.073089	0.0480218	0.0108988	5.62191e-05	
N0.HOG0004380	2.72042e-05	2.79938e-05	3.83254e-05	8.76107e-05	0.000126622	5.36922e-06	
N0.HOG0004381	0.0798274	0.0793239	0.073089	0.0480218	0.0108988	5.62191e-05	
N0.HOG0004382	0.0798274	0.0793239	0.073089	0.0480218	0.0108988	5.62191e-05	
N0.HOG0004383	2.72021e-05	2.73594e-05	2.92513e-05	3.5244e-05	2.91756e-05	1.41477e-06	
N0.HOG0004384	0.0798274	0.0793239	0.073089	0.0480218	0.0108988	5.62191e-05	
N0.HOG0004385	0.00147359	0.00147313	0.00146275	0.00131817	0.000591351	8.96107e-06	
N0.HOG0004386	0.00147357	0.0014678	0.00139453	0.00106011	0.000361979	4.56087e-06	
N0.HOG0004387	0.00147361	0.00147831	0.00152904	0.00156859	0.00081217	1.2892e-05	
N0.HOG0004388	0.00147357	0.00146774	0.00139369	0.00105657	0.000357719	4.41484e-06	
N0.HOG0004389	0.00147358	0.0014698	0.00142017	0.00115864	0.000454567	6.69617e-06	
N0.HOG0004390	2.72019e-05	2.73204e-05	2.876e-05	3.35032e-05	2.72923e-05	1.13348e-06	
N0.HOG0004391	0.00147358	0.00147112	0.00143705	0.00122055	0.000503005	7.10707e-06	
N0.HOG0004392	2.72043e-05	2.80075e-05	3.86343e-05	9.28996e-05	0.000163089	1.33381e-05	
N0.HOG0004393	2.72043e-05	2.80075e-05	3.86343e-05	9.28996e-05	0.000163089	1.33381e-05	
N0.HOG0004394	0.0798274	0.0793239	0.073089	0.0480218	0.0108988	5.62191e-05	
N0.HOG0004395	0.0798274	0.0793239	0.073089	0.0480218	0.0108988	5.62191e-05	
N0.HOG0004397	0.00147357	0.0014678	0.00139453	0.00106011	0.000361979	4.56087e-06	
N0.HOG0004398	0.0798274	0.0793239	0.073089	0.0480218	0.0108988	5.62191e-05	
N0.HOG0004399	0.0798274	0.0793239	0.073089	0.0480218	0.0108988	5.62191e-05	
N0.HOG0004400	0.0798274	0.0793239	0.073089	0.0480218	0.0108988	5.62191e-05	
N0.HOG0004401	0.0798274	0.0793239	0.073089	0.0480218	0.0108988	5.62191e-05	
N0.HOG0004402	0.0798274	0.0793239	0.073089	0.0480218	0.0108988	5.62191e-05	
N0.HOG0004403	0.00147361	0.00147857	0.00153306	0.00159638	0.000878332	1.74358e-05	
N0.HOG0004404	0.0798274	0.0793239	0.073089	0.0480218	0.0108988	5.62191e-05	
N0.HOG0004405	0.0798274	0.0793239	0.073089	0.0480218	0.0108988	5.62191e-05	
N0.HOG0004406	0.0798274	0.0793239	0.073089	0.0480218	0.0108988	5.62191e-05	
N0.HOG0004407	0.0798274	0.0793239	0.073089	0.0480218	0.0108988	5.62191e-05	
N0.HOG0004408	0.0798274	0.0793239	0.073089	0.0480218	0.0108988	5.62191e-05	
N0.HOG0004409	0.0798274	0.0793239	0.073089	0.0480218	0.0108988	5.62191e-05	
N0.HOG0004410	0.00147358	0.0014694	0.00141509	0.00113912	0.000436192	6.27445e-06	
N0.HOG0004411	0.0798274	0.0793239	0.073089	0.0480218	0.0108988	5.62191e-05	
N0.HOG0004412	0.0798274	0.0793239	0.073089	0.0480218	0.0108988	5.62191e-05	
N0.HOG0004413	0.0798274	0.0793239	0.073089	0.0480218	0.0108988	5.62191e-05	
N0.HOG0004414	0.00147361	0.00147831	0.00152904	0.00156859	0.00081217	1.2892e-05	
N0.HOG0004415	0.0798274	0.0793239	0.073089	0.0480218	0.0108988	5.62191e-05	
N0.HOG0004416	0.0798274	0.0793239	0.073089	0.0480218	0.0108988	5.62191e-05	
N0.HOG0004417	0.0798274	0.0793239	0.073089	0.0480218	0.0108988	5.62191e-05	
N0.HOG0004418	0.00147369	0.00150284	0.00184674	0.00284409	0.00218856	5.81642e-05	
N0.HOG0004419	0.0798274	0.0793239	0.073089	0.0480218	0.0108988	5.62191e-05	
N0.HOG0004420	0.0798274	0.0793239	0.073089	0.0480218	0.0108988	5.62191e-05	
N0.HOG0004421	0.0798274	0.0793239	0.073089	0.0480218	0.0108988	5.62191e-05	
N0.HOG0004422	0.0798274	0.0793239	0.073089	0.0480218	0.0108988	5.62191e-05	
N0.HOG0004423	0.00147358	0.00147125	0.00143885	0.00123069	0.000522969	8.34011e-06	
N0.HOG0004424	0.0798274	0.0793239	0.073089	0.0480218	0.0108988	5.62191e-05	
N0.HOG0004425	0.0798274	0.0793239	0.073089	0.0480218	0.0108988	5.62191e-05	
N0.HOG0004426	0.0798274	0.0793239	0.073089	0.0480218	0.0108988	5.62191e-05	
N0.HOG0004427	0.0798274	0.0793239	0.073089	0.0480218	0.0108988	5.62191e-05	
N0.HOG0004428	0.00147361	0.00147831	0.00152904	0.00156859	0.00081217	1.2892e-05	
N0.HOG0004429	0.0798274	0.0793239	0.073089	0.0480218	0.0108988	5.62191e-05	
N0.HOG0004430	2.25987e-13	6.7997e-11	1.28861e-09	1.93934e-08	2.07848e-07	1.58172e-07	
N0.HOG0004431	0.0798274	0.0793239	0.073089	0.0480218	0.0108988	5.62191e-05	
N0.HOG0004432	0.0798274	0.0793239	0.073089	0.0480218	0.0108988	5.62191e-05	
N0.HOG0004433	2.72081e-05	2.91324e-05	5.19374e-05	0.000120827	0.00010343	2.42633e-06	
N0.HOG0004434	0.00147358	0.00146931	0.00141382	0.00113299	0.000426369	5.75099e-06	
N0.HOG0004435	0.0798274	0.0793239	0.073089	0.0480218	0.0108988	5.62191e-05	
N0.HOG0004436	0.0798274	0.0793239	0.073089	0.0480218	0.0108988	5.62191e-05	
N0.HOG0004437	0.00147358	0.00146931	0.00141382	0.00113299	0.000426369	5.75099e-06	
N0.HOG0004438	9.27056e-09	9.78462e-09	1.7915e-08	1.06799e-07	8.13856e-07	5.49732e-07	
N0.HOG0004439	0.0798274	0.0793239	0.073089	0.0480218	0.0108988	5.62191e-05	
N0.HOG0004440	0.0798274	0.0793239	0.073089	0.0480218	0.0108988	5.62191e-05	
N0.HOG0004441	0.0798274	0.0793239	0.073089	0.0480218	0.0108988	5.62191e-05	
N0.HOG0004442	0.00147357	0.00146774	0.00139369	0.00105657	0.000357719	4.41484e-06	
N0.HOG0004443	0.00147361	0.00147831	0.00152904	0.00156859	0.00081217	1.2892e-05	
N0.HOG0004444	0.0798274	0.0793239	0.073089	0.0480218	0.0108988	5.62191e-05	
N0.HOG0004445	0.00147361	0.00147857	0.00153306	0.00159638	0.000878332	1.74358e-05	
N0.HOG0004446	0.0798274	0.0793239	0.073089	0.0480218	0.0108988	5.62191e-05	
N0.HOG0004447	0.00147369	0.00150211	0.00183197	0.00268218	0.00169918	2.34139e-05	
N0.HOG0004448	0.00147367	0.00149745	0.00177273	0.00246548	0.00153231	2.18671e-05	
N0.HOG0004449	0.00147367	0.00149745	0.00177273	0.00246548	0.00153231	2.18671e-05	
N0.HOG0004450	0.0798274	0.0793239	0.073089	0.0480218	0.0108988	5.62191e-05	
N0.HOG0004451	0.00147357	0.00146774	0.00139369	0.00105657	0.000357719	4.41484e-06	
N0.HOG0004452	0.0798274	0.0793239	0.073089	0.0480218	0.0108988	5.62191e-05	
N0.HOG0004453	0.0798274	0.0793239	0.073089	0.0480218	0.0108988	5.62191e-05	
N0.HOG0004454	0.0798274	0.0793239	0.073089	0.0480218	0.0108988	5.62191e-05	
N0.HOG0004455	0.00147361	0.00147831	0.00152904	0.00156859	0.00081217	1.2892e-05	
N0.HOG0004456	0.0798274	0.0793239	0.073089	0.0480218	0.0108988	5.62191e-05	
N0.HOG0004457	0.0798274	0.0793239	0.073089	0.0480218	0.0108988	5.62191e-05	
N0.HOG0004458	0.00147358	0.0014694	0.00141509	0.00113912	0.000436192	6.27445e-06	
N0.HOG0004459	2.72015e-05	2.71951e-05	2.70721e-05	2.54688e-05	1.49333e-05	5.25517e-07	
N0.HOG0004460	0.0798274	0.0793239	0.073089	0.0480218	0.0108988	5.62191e-05	
N0.HOG0004461	0.0798274	0.0793239	0.073089	0.0480218	0.0108988	5.62191e-05	
N0.HOG0004462	0.00147361	0.00147831	0.00152904	0.00156859	0.00081217	1.2892e-05	
N0.HOG0004463	0.00147369	0.00150211	0.00183197	0.00268218	0.00169918	2.34139e-05	
N0.HOG0004464	0.0798274	0.0793239	0.073089	0.0480218	0.0108988	5.62191e-05	
N0.HOG0004465	0.0798274	0.0793239	0.073089	0.0480218	0.0108988	5.62191e-05	
N0.HOG0004466	0.00147361	0.00147831	0.00152904	0.00156859	0.00081217	1.2892e-05	
N0.HOG0004467	0.0798274	0.0793239	0.073089	0.0480218	0.0108988	5.62191e-05	
N0.HOG0004468	0.00147361	0.00147831	0.00152904	0.00156859	0.00081217	1.2892e-05	
N0.HOG0004469	2.72035e-05	2.77738e-05	3.48985e-05	6.31849e-05	7.35262e-05	3.24396e-06	
N0.HOG0004470	0.00147361	0.00147831	0.00152904	0.00156859	0.00081217	1.2892e-05	
N0.HOG0004471	0.00147357	0.00146774	0.00139369	0.00105657	0.000357719	4.41484e-06	
N0.HOG0004472	0.00147358	0.00147125	0.00143885	0.00123069	0.000522969	8.34011e-06	
N0.HOG0004473	0.0798274	0.0793239	0.073089	0.0480218	0.0108988	5.62191e-05	
N0.HOG0004474	0.0798274	0.0793239	0.073089	0.0480218	0.0108988	5.62191e-05	
N0.HOG0004475	2.72042e-05	2.79988e-05	3.8426e-05	8.91632e-05	0.000136937	7.26159e-06	
N0.HOG0004476	0.0798274	0.0793239	0.073089	0.0480218	0.0108988	5.62191e-05	
N0.HOG0004477	0.0798274	0.0793239	0.073089	0.0480218	0.0108988	5.62191e-05	
N0.HOG0004478	0.00147361	0.00147831	0.00152904	0.00156859	0.00081217	1.2892e-05	
N0.HOG0004479	0.0798274	0.0793239	0.073089	0.0480218	0.0108988	5.62191e-05	
N0.HOG0004480	0.0798274	0.0793239	0.073089	0.0480218	0.0108988	5.62191e-05	
N0.HOG0004481	2.72032e-05	2.77074e-05	3.38031e-05	5.42455e-05	5.02936e-05	1.71799e-06	
N0.HOG0004482	0.00147361	0.00147831	0.00152904	0.00156859	0.00081217	1.2892e-05	
N0.HOG0004483	0.0798274	0.0793239	0.073089	0.0480218	0.0108988	5.62191e-05	
N0.HOG0004484	0.0798274	0.0793239	0.073089	0.0480218	0.0108988	5.62191e-05	
N0.HOG0004485	0.00147369	0.00150211	0.00183197	0.00268218	0.00169918	2.34139e-05	
N0.HOG0004486	0.0798274	0.0793239	0.073089	0.0480218	0.0108988	5.62191e-05	
N0.HOG0004487	0.0798274	0.0793239	0.073089	0.0480218	0.0108988	5.62191e-05	
N0.HOG0004488	0.0798274	0.0793239	0.073089	0.0480218	0.0108988	5.62191e-05	
N0.HOG0004489	0.0798274	0.0793239	0.073089	0.0480218	0.0108988	5.62191e-05	
N0.HOG0004490	0.0798274	0.0793239	0.073089	0.0480218	0.0108988	5.62191e-05	
N0.HOG0004491	0.00147369	0.00150284	0.00184674	0.00284409	0.00218856	5.81642e-05	
N0.HOG0004492	2.72017e-05	2.72636e-05	2.79789e-05	2.95083e-05	2.07092e-05	8.75302e-07	
N0.HOG0004493	0.0798274	0.0793239	0.073089	0.0480218	0.0108988	5.62191e-05	
N0.HOG0004494	0.00147361	0.00147831	0.00152904	0.00156859	0.00081217	1.2892e-05	
N0.HOG0004495	0.0798274	0.0793239	0.073089	0.0480218	0.0108988	5.62191e-05	
N0.HOG0004496	0.0798274	0.0793239	0.073089	0.0480218	0.0108988	5.62191e-05	
N0.HOG0004497	0.0798274	0.0793239	0.073089	0.0480218	0.0108988	5.62191e-05	
N0.HOG0004498	0.00147361	0.00147831	0.00152904	0.00156859	0.00081217	1.2892e-05	
N0.HOG0004499	0.0798274	0.0793239	0.073089	0.0480218	0.0108988	5.62191e-05	
N0.HOG0004500	0.0798274	0.0793239	0.073089	0.0480218	0.0108988	5.62191e-05	
N0.HOG0004501	0.0798274	0.0793239	0.073089	0.0480218	0.0108988	5.62191e-05	
N0.HOG0004502	0.0798274	0.0793239	0.073089	0.0480218	0.0108988	5.62191e-05	
N0.HOG0004503	0.00147357	0.0014678	0.00139453	0.00106011	0.000361979	4.56087e-06	
N0.HOG0004504	0.00147361	0.00147831	0.00152904	0.00156859	0.00081217	1.2892e-05	
N0.HOG0004505	0.0798274	0.0793239	0.073089	0.0480218	0.0108988	5.62191e-05	
N0.HOG0004506	0.0798274	0.0793239	0.073089	0.0480218	0.0108988	5.62191e-05	
N0.HOG0004507	0.0798274	0.0793239	0.073089	0.0480218	0.0108988	5.62191e-05	
N0.HOG0004508	2.72015e-05	2.71867e-05	2.69594e-05	2.49281e-05	1.39942e-05	4.51636e-07	
N0.HOG0004509	0.0798274	0.0793239	0.073089	0.0480218	0.0108988	5.62191e-05	
N0.HOG0004510	0.00147361	0.00147831	0.00152904	0.00156859	0.00081217	1.2892e-05	
N0.HOG0004511	2.72019e-05	2.73162e-05	2.86227e-05	3.13285e-05	1.99804e-05	5.67821e-07	
N0.HOG0004512	0.0798274	0.0793239	0.073089	0.0480218	0.0108988	5.62191e-05	
N0.HOG0004513	0.0798274	0.0793239	0.073089	0.0480218	0.0108988	5.62191e-05	
N0.HOG0004514	0.00147361	0.00147831	0.00152904	0.00156859	0.00081217	1.2892e-05	
N0.HOG0004515	0.0798274	0.0793239	0.073089	0.0480218	0.0108988	5.62191e-05	
N0.HOG0004516	2.7202e-05	2.73534e-05	2.91574e-05	3.4523e-05	2.67407e-05	1.03894e-06	
N0.HOG0004517	0.0798274	0.0793239	0.073089	0.0480218	0.0108988	5.62191e-05	
N0.HOG0004518	0.0798274	0.0793239	0.073089	0.0480218	0.0108988	5.62191e-05	
N0.HOG0004519	0.0798274	0.0793239	0.073089	0.0480218	0.0108988	5.62191e-05	
N0.HOG0004520	0.0798274	0.0793239	0.073089	0.0480218	0.0108988	5.62191e-05	
N0.HOG0004521	2.7202e-05	2.73534e-05	2.91574e-05	3.4523e-05	2.67407e-05	1.03894e-06	
N0.HOG0004522	0.0798274	0.0793239	0.073089	0.0480218	0.0108988	5.62191e-05	
N0.HOG0004523	0.0798274	0.0793239	0.073089	0.0480218	0.0108988	5.62191e-05	
N0.HOG0004524	0.0798274	0.0793239	0.073089	0.0480218	0.0108988	5.62191e-05	
N0.HOG0004525	0.0798274	0.0793239	0.073089	0.0480218	0.0108988	5.62191e-05	
N0.HOG0004526	0.00147369	0.00150211	0.00183197	0.00268218	0.00169918	2.34139e-05	
N0.HOG0004527	0.0798274	0.0793239	0.073089	0.0480218	0.0108988	5.62191e-05	
N0.HOG0004528	0.0798274	0.0793239	0.073089	0.0480218	0.0108988	5.62191e-05	
N0.HOG0004529	0.0798274	0.0793239	0.073089	0.0480218	0.0108988	5.62191e-05	
N0.HOG0004530	0.00147359	0.00147313	0.00146275	0.00131817	0.000591351	8.96107e-06	
N0.HOG0004531	0.00147358	0.00146931	0.00141382	0.00113299	0.000426369	5.75099e-06	
N0.HOG0004532	0.0798274	0.0793239	0.073089	0.0480218	0.0108988	5.62191e-05	
N0.HOG0004533	2.72019e-05	2.73211e-05	2.86974e-05	3.18803e-05	2.15958e-05	7.68978e-07	
N0.HOG0004534	0.0798274	0.0793239	0.073089	0.0480218	0.0108988	5.62191e-05	
N0.HOG0004535	0.0798274	0.0793239	0.073089	0.0480218	0.0108988	5.62191e-05	
N0.HOG0004536	0.0798274	0.0793239	0.073089	0.0480218	0.0108988	5.62191e-05	
N0.HOG0004537	5.02176e-07	5.18089e-07	7.33183e-07	1.96849e-06	4.54863e-06	5.89217e-07	
N0.HOG0004538	0.0798274	0.0793239	0.073089	0.0480218	0.0108988	5.62191e-05	
N0.HOG0004539	0.00147367	0.00149745	0.00177273	0.00246548	0.00153231	2.18671e-05	
N0.HOG0004540	0.0798274	0.0793239	0.073089	0.0480218	0.0108988	5.62191e-05	
N0.HOG0004541	0.0798274	0.0793239	0.073089	0.0480218	0.0108988	5.62191e-05	
N0.HOG0004542	0.0798274	0.0793239	0.073089	0.0480218	0.0108988	5.62191e-05	
N0.HOG0004543	2.72037e-05	2.78369e-05	3.57231e-05	6.71016e-05	8.56179e-05	5.94996e-06	
N0.HOG0004544	9.27077e-09	9.8495e-09	1.93908e-08	1.43323e-07	1.42752e-06	1.02314e-06	
N0.HOG0004545	0.0798274	0.0793239	0.073089	0.0480218	0.0108988	5.62191e-05	
N0.HOG0004546	0.00147358	0.00146931	0.00141382	0.00113299	0.000426369	5.75099e-06	
N0.HOG0004547	0.0798274	0.0793239	0.073089	0.0480218	0.0108988	5.62191e-05	
N0.HOG0004548	0.0798274	0.0793239	0.073089	0.0480218	0.0108988	5.62191e-05	
N0.HOG0004549	0.00147361	0.00147831	0.00152904	0.00156859	0.00081217	1.2892e-05	
N0.HOG0004550	2.72022e-05	2.73892e-05	2.96818e-05	3.78676e-05	3.51526e-05	1.94596e-06	
N0.HOG0004551	0.0798274	0.0793239	0.073089	0.0480218	0.0108988	5.62191e-05	
N0.HOG0004552	0.0798274	0.0793239	0.073089	0.0480218	0.0108988	5.62191e-05	
N0.HOG0004554	0.0798274	0.0793239	0.073089	0.0480218	0.0108988	5.62191e-05	
N0.HOG0004555	0.0798274	0.0793239	0.073089	0.0480218	0.0108988	5.62191e-05	
N0.HOG0004556	0.0798274	0.0793239	0.073089	0.0480218	0.0108988	5.62191e-05	
N0.HOG0004557	0.00147358	0.00146931	0.00141382	0.00113299	0.000426369	5.75099e-06	
N0.HOG0004558	0.00147367	0.00149745	0.00177273	0.00246548	0.00153231	2.18671e-05	
N0.HOG0004559	5.02138e-07	5.0691e-07	5.67857e-07	8.46729e-07	1.20362e-06	1.6296e-07	
N0.HOG0004560	0.00147357	0.00146774	0.00139369	0.00105657	0.000357719	4.41484e-06	
N0.HOG0004561	0.0798274	0.0793239	0.073089	0.0480218	0.0108988	5.62191e-05	
N0.HOG0004562	0.00147369	0.00150211	0.00183197	0.00268218	0.00169918	2.34139e-05	
N0.HOG0004563	2.72037e-05	2.78501e-05	3.5948e-05	6.90868e-05	9.15043e-05	6.52616e-06	
N0.HOG0004564	0.00147356	0.00146577	0.00136851	0.000960367	0.000269219	2.49419e-06	
N0.HOG0004565	0.00147356	0.00146575	0.00136816	0.000959011	0.000267973	2.47948e-06	
N0.HOG0004566	0.0798274	0.0793239	0.073089	0.0480218	0.0108988	5.62191e-05	
N0.HOG0004567	0.00147368	0.00149809	0.00178514	0.00259529	0.00191527	4.87343e-05	
N0.HOG0004568	0.00147356	0.00146575	0.00136818	0.000959113	0.000268125	2.47615e-06	
N0.HOG0004569	0.0798274	0.0793239	0.073089	0.0480218	0.0108988	5.62191e-05	
N0.HOG0004570	2.7202e-05	2.73582e-05	2.9233e-05	3.51235e-05	2.8828e-05	1.36682e-06	
N0.HOG0004571	0.0798274	0.0793239	0.073089	0.0480218	0.0108988	5.62191e-05	
N0.HOG0004572	0.0798274	0.0793239	0.073089	0.0480218	0.0108988	5.62191e-05	
N0.HOG0004573	0.0798274	0.0793239	0.073089	0.0480218	0.0108988	5.62191e-05	
N0.HOG0004574	0.00147358	0.00147112	0.00143705	0.00122055	0.000503005	7.10707e-06	
N0.HOG0004576	5.02166e-07	5.15051e-07	6.80542e-07	1.45559e-06	2.58205e-06	3.80533e-07	
N0.HOG0004577	0.0798274	0.0793239	0.073089	0.0480218	0.0108988	5.62191e-05	
N0.HOG0004578	0.0798274	0.0793239	0.073089	0.0480218	0.0108988	5.62191e-05	
N0.HOG0004579	0.00147361	0.00147857	0.00153306	0.00159638	0.000878332	1.74358e-05	
N0.HOG0004580	5.02172e-07	5.1692e-07	7.17399e-07	1.90188e-06	4.49727e-06	5.19797e-07	
N0.HOG0004581	0.0798274	0.0793239	0.073089	0.0480218	0.0108988	5.62191e-05	
N0.HOG0004582	0.0798274	0.0793239	0.073089	0.0480218	0.0108988	5.62191e-05	
N0.HOG0004584	0.00147369	0.00150211	0.00183197	0.00268218	0.00169918	2.34139e-05	
N0.HOG0004585	0.00147361	0.00147831	0.00152904	0.00156859	0.00081217	1.2892e-05	
N0.HOG0004586	5.02173e-07	5.17232e-07	7.24303e-07	2.03551e-06	6.03832e-06	1.54633e-06	
N0.HOG0004587	0.0798274	0.0793239	0.073089	0.0480218	0.0108988	5.62191e-05	
N0.HOG0004588	0.0798274	0.0793239	0.073089	0.0480218	0.0108988	5.62191e-05	
N0.HOG0004589	0.0798274	0.0793239	0.073089	0.0480218	0.0108988	5.62191e-05	
N0.HOG0004590	0.0798274	0.0793239	0.073089	0.0480218	0.0108988	5.62191e-05	
N0.HOG0004591	0.0798274	0.0793239	0.073089	0.0480218	0.0108988	5.62191e-05	
N0.HOG0004592	0.0798274	0.0793239	0.073089	0.0480218	0.0108988	5.62191e-05	
N0.HOG0004593	0.0798274	0.0793239	0.073089	0.0480218	0.0108988	5.62191e-05	
N0.HOG0004594	0.00147361	0.00147831	0.00152904	0.00156859	0.00081217	1.2892e-05	
N0.HOG0004595	0.0798274	0.0793239	0.073089	0.0480218	0.0108988	5.62191e-05	
N0.HOG0004596	2.7202e-05	2.73545e-05	2.9174e-05	3.46273e-05	2.69743e-05	1.04573e-06	
N0.HOG0004597	0.0798274	0.0793239	0.073089	0.0480218	0.0108988	5.62191e-05	
N0.HOG0004598	0.0798274	0.0793239	0.073089	0.0480218	0.0108988	5.62191e-05	
N0.HOG0004599	2.72016e-05	2.72227e-05	2.74367e-05	2.70777e-05	1.71648e-05	6.54941e-07	
N0.HOG0004600	1.12307e-20	1.11473e-15	5.76297e-13	6.46388e-11	1.41988e-09	1.39457e-09	
N0.HOG0004601	0.00147369	0.00150284	0.00184674	0.00284409	0.00218856	5.81642e-05	
N0.HOG0004602	0.0798274	0.0793239	0.073089	0.0480218	0.0108988	5.62191e-05	
N0.HOG0004603	0.0798274	0.0793239	0.073089	0.0480218	0.0108988	5.62191e-05	
N0.HOG0004604	0.00147358	0.0014694	0.00141509	0.00113912	0.000436192	6.27445e-06	
N0.HOG0004605	0.0798274	0.0793239	0.073089	0.0480218	0.0108988	5.62191e-05	
N0.HOG0004606	0.0798274	0.0793239	0.073089	0.0480218	0.0108988	5.62191e-05	
N0.HOG0004607	0.0798274	0.0793239	0.073089	0.0480218	0.0108988	5.62191e-05	
N0.HOG0004608	0.0798274	0.0793239	0.073089	0.0480218	0.0108988	5.62191e-05	
N0.HOG0004609	0.00147358	0.00147112	0.00143705	0.00122055	0.000503005	7.10707e-06	
N0.HOG0004610	2.72043e-05	2.80125e-05	3.87357e-05	9.45458e-05	0.000176375	1.80391e-05	
N0.HOG0004611	0.0798274	0.0793239	0.073089	0.0480218	0.0108988	5.62191e-05	
N0.HOG0004612	0.0798274	0.0793239	0.073089	0.0480218	0.0108988	5.62191e-05	
N0.HOG0004613	0.0798274	0.0793239	0.073089	0.0480218	0.0108988	5.62191e-05	
N0.HOG0004614	0.0798274	0.0793239	0.073089	0.0480218	0.0108988	5.62191e-05	
N0.HOG0004615	0.00147358	0.0014694	0.00141509	0.00113912	0.000436192	6.27445e-06	
N0.HOG0004616	0.0798274	0.0793239	0.073089	0.0480218	0.0108988	5.62191e-05	
N0.HOG0004617	2.72036e-05	2.78234e-05	3.54374e-05	6.32814e-05	6.64733e-05	2.39515e-06	
N0.HOG0004618	0.0798274	0.0793239	0.073089	0.0480218	0.0108988	5.62191e-05	
N0.HOG0004619	0.00147368	0.00149809	0.00178514	0.00259529	0.00191527	4.87343e-05	
N0.HOG0004620	0.0798274	0.0793239	0.073089	0.0480218	0.0108988	5.62191e-05	
N0.HOG0004621	0.0798274	0.0793239	0.073089	0.0480218	0.0108988	5.62191e-05	
N0.HOG0004622	0.0798274	0.0793239	0.073089	0.0480218	0.0108988	5.62191e-05	
N0.HOG0004623	0.0798274	0.0793239	0.073089	0.0480218	0.0108988	5.62191e-05	
N0.HOG0004624	2.72036e-05	2.78234e-05	3.54374e-05	6.32814e-05	6.64733e-05	2.39515e-06	
N0.HOG0004625	0.0798274	0.0793239	0.073089	0.0480218	0.0108988	5.62191e-05	
N0.HOG0004626	0.0798274	0.0793239	0.073089	0.0480218	0.0108988	5.62191e-05	
N0.HOG0004627	0.0798274	0.0793239	0.073089	0.0480218	0.0108988	5.62191e-05	
N0.HOG0004628	0.0798274	0.0793239	0.073089	0.0480218	0.0108988	5.62191e-05	
N0.HOG0004629	0.00147367	0.00149745	0.00177273	0.00246548	0.00153231	2.18671e-05	
N0.HOG0004630	0.0798274	0.0793239	0.073089	0.0480218	0.0108988	5.62191e-05	
N0.HOG0004631	0.0798274	0.0793239	0.073089	0.0480218	0.0108988	5.62191e-05	
N0.HOG0004632	0.0798274	0.0793239	0.073089	0.0480218	0.0108988	5.62191e-05	
N0.HOG0004633	0.0798274	0.0793239	0.073089	0.0480218	0.0108988	5.62191e-05	
N0.HOG0004634	0.0798274	0.0793239	0.073089	0.0480218	0.0108988	5.62191e-05	
N0.HOG0004635	2.72042e-05	2.79988e-05	3.8426e-05	8.91632e-05	0.000136937	7.26159e-06	
N0.HOG0004636	0.0798274	0.0793239	0.073089	0.0480218	0.0108988	5.62191e-05	
N0.HOG0004637	0.0798274	0.0793239	0.073089	0.0480218	0.0108988	5.62191e-05	
N0.HOG0004638	0.0798274	0.0793239	0.073089	0.0480218	0.0108988	5.62191e-05	
N0.HOG0004639	0.0798274	0.0793239	0.073089	0.0480218	0.0108988	5.62191e-05	
N0.HOG0004640	0.0798274	0.0793239	0.073089	0.0480218	0.0108988	5.62191e-05	
N0.HOG0004641	0.00147358	0.00146931	0.00141382	0.00113299	0.000426369	5.75099e-06	
N0.HOG0004642	0.00147357	0.0014678	0.00139453	0.00106011	0.000361979	4.56087e-06	
N0.HOG0004643	5.02156e-07	5.12228e-07	6.37742e-07	1.14576e-06	1.57131e-06	1.75406e-07	
N0.HOG0004644	0.00147369	0.00150284	0.00184674	0.00284409	0.00218856	5.81642e-05	
N0.HOG0004645	0.0798274	0.0793239	0.073089	0.0480218	0.0108988	5.62191e-05	
N0.HOG0004646	0.0798274	0.0793239	0.073089	0.0480218	0.0108988	5.62191e-05	
N0.HOG0004647	0.0798274	0.0793239	0.073089	0.0480218	0.0108988	5.62191e-05	
N0.HOG0004648	0.0798274	0.0793239	0.073089	0.0480218	0.0108988	5.62191e-05	
N0.HOG0004649	0.0798274	0.0793239	0.073089	0.0480218	0.0108988	5.62191e-05	
N0.HOG0004650	0.0798274	0.0793239	0.073089	0.0480218	0.0108988	5.62191e-05	
N0.HOG0004651	0.0798274	0.0793239	0.073089	0.0480218	0.0108988	5.62191e-05	
N0.HOG0004652	0.0798274	0.0793239	0.073089	0.0480218	0.0108988	5.62191e-05	
N0.HOG0004653	0.0798274	0.0793239	0.073089	0.0480218	0.0108988	5.62191e-05	
N0.HOG0004654	0.00147369	0.00150211	0.00183197	0.00268218	0.00169918	2.34139e-05	
N0.HOG0004655	0.0798274	0.0793239	0.073089	0.0480218	0.0108988	5.62191e-05	
N0.HOG0004656	0.0798274	0.0793239	0.073089	0.0480218	0.0108988	5.62191e-05	
N0.HOG0004657	0.0798274	0.0793239	0.073089	0.0480218	0.0108988	5.62191e-05	
N0.HOG0004658	0.0798274	0.0793239	0.073089	0.0480218	0.0108988	5.62191e-05	
N0.HOG0004659	0.00147358	0.0014698	0.00142017	0.00115864	0.000454567	6.69617e-06	
N0.HOG0004660	0.0798274	0.0793239	0.073089	0.0480218	0.0108988	5.62191e-05	
N0.HOG0004661	0.00147361	0.00147857	0.00153306	0.00159638	0.000878332	1.74358e-05	
N0.HOG0004662	0.0798274	0.0793239	0.073089	0.0480218	0.0108988	5.62191e-05	
N0.HOG0004663	0.00147361	0.00147831	0.00152904	0.00156859	0.00081217	1.2892e-05	
N0.HOG0004664	0.00147361	0.00147857	0.00153306	0.00159638	0.000878332	1.74358e-05	
N0.HOG0004665	0.0798274	0.0793239	0.073089	0.0480218	0.0108988	5.62191e-05	
N0.HOG0004666	0.00147361	0.00147831	0.00152904	0.00156859	0.00081217	1.2892e-05	
N0.HOG0004667	0.0798274	0.0793239	0.073089	0.0480218	0.0108988	5.62191e-05	
N0.HOG0004668	0.0798274	0.0793239	0.073089	0.0480218	0.0108988	5.62191e-05	
N0.HOG0004669	0.0798274	0.0793239	0.073089	0.0480218	0.0108988	5.62191e-05	
N0.HOG0004670	0.00147358	0.00146931	0.00141382	0.00113299	0.000426369	5.75099e-06	
N0.HOG0004671	0.00147357	0.00146774	0.00139369	0.00105657	0.000357719	4.41484e-06	
N0.HOG0004672	0.00147357	0.00146774	0.00139369	0.00105657	0.000357719	4.41484e-06	
N0.HOG0004673	0.0798274	0.0793239	0.073089	0.0480218	0.0108988	5.62191e-05	
N0.HOG0004674	0.0798274	0.0793239	0.073089	0.0480218	0.0108988	5.62191e-05	
N0.HOG0004675	0.00147356	0.00146577	0.00136851	0.000960367	0.000269219	2.49419e-06	
N0.HOG0004676	0.0798274	0.0793239	0.073089	0.0480218	0.0108988	5.62191e-05	
N0.HOG0004677	0.0798274	0.0793239	0.073089	0.0480218	0.0108988	5.62191e-05	
N0.HOG0004678	0.0798274	0.0793239	0.073089	0.0480218	0.0108988	5.62191e-05	
N0.HOG0004679	0.0798274	0.0793239	0.073089	0.0480218	0.0108988	5.62191e-05	
N0.HOG0004680	1.09095e-13	3.34436e-11	7.72295e-10	1.86323e-08	3.11174e-07	4.32757e-07	
N0.HOG0004681	0.0798274	0.0793239	0.073089	0.0480218	0.0108988	5.62191e-05	
N0.HOG0004682	0.0798274	0.0793239	0.073089	0.0480218	0.0108988	5.62191e-05	
N0.HOG0004683	0.0798274	0.0793239	0.073089	0.0480218	0.0108988	5.62191e-05	
N0.HOG0004684	0.00147357	0.00146681	0.00138185	0.00101143	0.000316545	3.53415e-06	
N0.HOG0004685	0.0798274	0.0793239	0.073089	0.0480218	0.0108988	5.62191e-05	
N0.HOG0004686	0.0798274	0.0793239	0.073089	0.0480218	0.0108988	5.62191e-05	
N0.HOG0004687	0.0798274	0.0793239	0.073089	0.0480218	0.0108988	5.62191e-05	
N0.HOG0004688	0.0798274	0.0793239	0.073089	0.0480218	0.0108988	5.62191e-05	
N0.HOG0004689	0.0798274	0.0793239	0.073089	0.0480218	0.0108988	5.62191e-05	
N0.HOG0004690	0.0798274	0.0793239	0.073089	0.0480218	0.0108988	5.62191e-05	
N0.HOG0004691	0.0798274	0.0793239	0.073089	0.0480218	0.0108988	5.62191e-05	
N0.HOG0004692	0.0798274	0.0793239	0.073089	0.0480218	0.0108988	5.62191e-05	
N0.HOG0004693	0.0798274	0.0793239	0.073089	0.0480218	0.0108988	5.62191e-05	
N0.HOG0004694	0.00147358	0.00147112	0.00143705	0.00122055	0.000503005	7.10707e-06	
N0.HOG0004695	0.0798274	0.0793239	0.073089	0.0480218	0.0108988	5.62191e-05	
N0.HOG0004696	0.0798274	0.0793239	0.073089	0.0480218	0.0108988	5.62191e-05	
N0.HOG0004697	0.0798274	0.0793239	0.073089	0.0480218	0.0108988	5.62191e-05	
N0.HOG0004698	0.0798274	0.0793239	0.073089	0.0480218	0.0108988	5.62191e-05	
N0.HOG0004699	5.02168e-07	5.15865e-07	6.95373e-07	1.62999e-06	3.57971e-06	6.6766e-07	
N0.HOG0004700	0.0798274	0.0793239	0.073089	0.0480218	0.0108988	5.62191e-05	
N0.HOG0004701	0.0798274	0.0793239	0.073089	0.0480218	0.0108988	5.62191e-05	
N0.HOG0004702	0.0798274	0.0793239	0.073089	0.0480218	0.0108988	5.62191e-05	
N0.HOG0004703	0.0798274	0.0793239	0.073089	0.0480218	0.0108988	5.62191e-05	
N0.HOG0004704	0.00147357	0.0014678	0.00139453	0.00106011	0.000361979	4.56087e-06	
N0.HOG0004705	0.00147357	0.0014678	0.00139453	0.00106011	0.000361979	4.56087e-06	
N0.HOG0004707	2.72055e-05	2.83822e-05	4.5105e-05	0.000153706	0.000384599	5.04204e-05	
N0.HOG0004708	0.00147368	0.00149809	0.00178514	0.00259529	0.00191527	4.87343e-05	
N0.HOG0004709	0.00147361	0.00147857	0.00153306	0.00159638	0.000878332	1.74358e-05	
N0.HOG0004710	0.0798274	0.0793239	0.073089	0.0480218	0.0108988	5.62191e-05	
N0.HOG0004711	0.0798274	0.0793239	0.073089	0.0480218	0.0108988	5.62191e-05	
N0.HOG0004712	0.00147361	0.00147857	0.00153306	0.00159638	0.000878332	1.74358e-05	
N0.HOG0004713	0.0798274	0.0793239	0.073089	0.0480218	0.0108988	5.62191e-05	
N0.HOG0004714	0.0798274	0.0793239	0.073089	0.0480218	0.0108988	5.62191e-05	
N0.HOG0004715	0.0798274	0.0793239	0.073089	0.0480218	0.0108988	5.62191e-05	
N0.HOG0004716	0.0798274	0.0793239	0.073089	0.0480218	0.0108988	5.62191e-05	
N0.HOG0004717	0.00147369	0.00150284	0.00184674	0.00284409	0.00218856	5.81642e-05	
N0.HOG0004718	0.0798274	0.0793239	0.073089	0.0480218	0.0108988	5.62191e-05	
N0.HOG0004719	0.0798274	0.0793239	0.073089	0.0480218	0.0108988	5.62191e-05	
N0.HOG0004720	0.00147369	0.00150284	0.00184674	0.00284409	0.00218856	5.81642e-05	
N0.HOG0004721	0.0798274	0.0793239	0.073089	0.0480218	0.0108988	5.62191e-05	
N0.HOG0004724	0.0798274	0.0793239	0.073089	0.0480218	0.0108988	5.62191e-05	
N0.HOG0004725	0.0798274	0.0793239	0.073089	0.0480218	0.0108988	5.62191e-05	
N0.HOG0004726	0.0798274	0.0793239	0.073089	0.0480218	0.0108988	5.62191e-05	
N0.HOG0004727	9.27055e-09	9.7823e-09	1.78499e-08	1.04208e-07	7.32503e-07	3.73197e-07	
N0.HOG0004728	0.0798274	0.0793239	0.073089	0.0480218	0.0108988	5.62191e-05	
N0.HOG0004729	0.0798274	0.0793239	0.073089	0.0480218	0.0108988	5.62191e-05	
N0.HOG0004730	0.0798274	0.0793239	0.073089	0.0480218	0.0108988	5.62191e-05	
N0.HOG0004731	0.00147361	0.00147831	0.00152904	0.00156859	0.00081217	1.2892e-05	
N0.HOG0004732	0.0798274	0.0793239	0.073089	0.0480218	0.0108988	5.62191e-05	
N0.HOG0004733	0.0798274	0.0793239	0.073089	0.0480218	0.0108988	5.62191e-05	
N0.HOG0004734	0.00147369	0.00150284	0.00184674	0.00284409	0.00218856	5.81642e-05	
N0.HOG0004735	0.0798274	0.0793239	0.073089	0.0480218	0.0108988	5.62191e-05	
N0.HOG0004736	0.0798274	0.0793239	0.073089	0.0480218	0.0108988	5.62191e-05	
N0.HOG0004737	2.72043e-05	2.80075e-05	3.86343e-05	9.28996e-05	0.000163089	1.33381e-05	
N0.HOG0004739	0.0798274	0.0793239	0.073089	0.0480218	0.0108988	5.62191e-05	
N0.HOG0004740	0.0798274	0.0793239	0.073089	0.0480218	0.0108988	5.62191e-05	
N0.HOG0004741	0.0798274	0.0793239	0.073089	0.0480218	0.0108988	5.62191e-05	
N0.HOG0004742	0.0798274	0.0793239	0.073089	0.0480218	0.0108988	5.62191e-05	
N0.HOG0004743	0.00147357	0.0014678	0.00139453	0.00106011	0.000361979	4.56087e-06	
N0.HOG0004744	2.7202e-05	2.73401e-05	2.89723e-05	3.35555e-05	2.54076e-05	1.09907e-06	
N0.HOG0004745	0.00147368	0.00149809	0.00178514	0.00259529	0.00191527	4.87343e-05	
N0.HOG0004746	0.0798274	0.0793239	0.073089	0.0480218	0.0108988	5.62191e-05	
N0.HOG0004747	0.0798274	0.0793239	0.073089	0.0480218	0.0108988	5.62191e-05	
N0.HOG0004748	0.00147361	0.00147831	0.00152904	0.00156859	0.00081217	1.2892e-05	
N0.HOG0004749	0.0798274	0.0793239	0.073089	0.0480218	0.0108988	5.62191e-05	
N0.HOG0004750	0.00147361	0.00147831	0.00152904	0.00156859	0.00081217	1.2892e-05	
N0.HOG0004751	0.00147358	0.00146931	0.00141382	0.00113299	0.000426369	5.75099e-06	
N0.HOG0004752	0.0798274	0.0793239	0.073089	0.0480218	0.0108988	5.62191e-05	
N0.HOG0004753	0.0798274	0.0793239	0.073089	0.0480218	0.0108988	5.62191e-05	
N0.HOG0004754	0.00147361	0.00147857	0.00153306	0.00159638	0.000878332	1.74358e-05	
N0.HOG0004755	0.0798274	0.0793239	0.073089	0.0480218	0.0108988	5.62191e-05	
N0.HOG0004756	0.0798274	0.0793239	0.073089	0.0480218	0.0108988	5.62191e-05	
N0.HOG0004757	0.0798274	0.0793239	0.073089	0.0480218	0.0108988	5.62191e-05	
N0.HOG0004758	0.00147361	0.00147857	0.00153306	0.00159638	0.000878332	1.74358e-05	
N0.HOG0004759	0.00147361	0.00147831	0.00152904	0.00156859	0.00081217	1.2892e-05	
N0.HOG0004760	0.00147369	0.00150284	0.00184674	0.00284409	0.00218856	5.81642e-05	
N0.HOG0004761	0.0798274	0.0793239	0.073089	0.0480218	0.0108988	5.62191e-05	
N0.HOG0004762	0.0798274	0.0793239	0.073089	0.0480218	0.0108988	5.62191e-05	
N0.HOG0004763	0.0798274	0.0793239	0.073089	0.0480218	0.0108988	5.62191e-05	
N0.HOG0004764	0.0798274	0.0793239	0.073089	0.0480218	0.0108988	5.62191e-05	
N0.HOG0004765	0.0798274	0.0793239	0.073089	0.0480218	0.0108988	5.62191e-05	
N0.HOG0004766	0.0798274	0.0793239	0.073089	0.0480218	0.0108988	5.62191e-05	
N0.HOG0004767	0.0798274	0.0793239	0.073089	0.0480218	0.0108988	5.62191e-05	
N0.HOG0004768	5.02248e-07	5.39063e-07	9.90961e-07	2.66731e-06	3.4352e-06	1.96839e-07	
N0.HOG0004769	2.72042e-05	2.79938e-05	3.83254e-05	8.76107e-05	0.000126622	5.36922e-06	
N0.HOG0004770	0.0798274	0.0793239	0.073089	0.0480218	0.0108988	5.62191e-05	
N0.HOG0004771	0.0798274	0.0793239	0.073089	0.0480218	0.0108988	5.62191e-05	
N0.HOG0004772	5.02201e-07	5.25498e-07	8.66304e-07	3.43846e-06	1.19506e-05	2.26526e-06	
N0.HOG0004773	0.0798274	0.0793239	0.073089	0.0480218	0.0108988	5.62191e-05	
N0.HOG0004774	0.00147367	0.00149745	0.00177273	0.00246548	0.00153231	2.18671e-05	
N0.HOG0004775	0.00147358	0.00146931	0.00141382	0.00113299	0.000426369	5.75099e-06	
N0.HOG0004776	0.0798274	0.0793239	0.073089	0.0480218	0.0108988	5.62191e-05	
N0.HOG0004777	0.00147361	0.00147857	0.00153306	0.00159638	0.000878332	1.74358e-05	
N0.HOG0004778	5.02138e-07	5.06887e-07	5.67501e-07	8.43835e-07	1.18929e-06	1.57453e-07	
N0.HOG0004779	0.0798274	0.0793239	0.073089	0.0480218	0.0108988	5.62191e-05	
N0.HOG0004780	0.00147368	0.00149809	0.00178514	0.00259529	0.00191527	4.87343e-05	
N0.HOG0004781	0.00147361	0.00147857	0.00153306	0.00159638	0.000878332	1.74358e-05	
N0.HOG0004782	0.0798274	0.0793239	0.073089	0.0480218	0.0108988	5.62191e-05	
N0.HOG0004783	0.0798274	0.0793239	0.073089	0.0480218	0.0108988	5.62191e-05	
N0.HOG0004784	0.0798274	0.0793239	0.073089	0.0480218	0.0108988	5.62191e-05	
N0.HOG0004785	0.00147361	0.00147831	0.00152904	0.00156859	0.00081217	1.2892e-05	
N0.HOG0004786	0.00147361	0.00147831	0.00152904	0.00156859	0.00081217	1.2892e-05	
N0.HOG0004787	0.0798274	0.0793239	0.073089	0.0480218	0.0108988	5.62191e-05	
N0.HOG0004788	0.00147369	0.00150284	0.00184674	0.00284409	0.00218856	5.81642e-05	
N0.HOG0004789	0.0798274	0.0793239	0.073089	0.0480218	0.0108988	5.62191e-05	
N0.HOG0004790	0.0798274	0.0793239	0.073089	0.0480218	0.0108988	5.62191e-05	
N0.HOG0004791	0.0798274	0.0793239	0.073089	0.0480218	0.0108988	5.62191e-05	
N0.HOG0004792	0.0798274	0.0793239	0.073089	0.0480218	0.0108988	5.62191e-05	
N0.HOG0004793	0.0798274	0.0793239	0.073089	0.0480218	0.0108988	5.62191e-05	
N0.HOG0004794	0.0798274	0.0793239	0.073089	0.0480218	0.0108988	5.62191e-05	
N0.HOG0004795	0.0798274	0.0793239	0.073089	0.0480218	0.0108988	5.62191e-05	
N0.HOG0004796	0.0798274	0.0793239	0.073089	0.0480218	0.0108988	5.62191e-05	
N0.HOG0004797	0.0798274	0.0793239	0.073089	0.0480218	0.0108988	5.62191e-05	
N0.HOG0004798	2.72055e-05	2.83684e-05	4.47444e-05	0.000144955	0.000298601	2.02967e-05	
N0.HOG0004799	0.00147361	0.00147857	0.00153306	0.00159638	0.000878332	1.74358e-05	
N0.HOG0004800	0.00147357	0.00146774	0.00139369	0.00105657	0.000357719	4.41484e-06	
N0.HOG0004801	0.0798274	0.0793239	0.073089	0.0480218	0.0108988	5.62191e-05	
N0.HOG0004802	2.72038e-05	2.78602e-05	3.60648e-05	6.87383e-05	8.15337e-05	3.47346e-06	
N0.HOG0004803	0.0798274	0.0793239	0.073089	0.0480218	0.0108988	5.62191e-05	
N0.HOG0004804	0.0798274	0.0793239	0.073089	0.0480218	0.0108988	5.62191e-05	
N0.HOG0004805	0.0798274	0.0793239	0.073089	0.0480218	0.0108988	5.62191e-05	
N0.HOG0004806	9.2694e-09	9.43865e-09	1.17675e-08	2.73472e-08	9.58213e-08	4.56136e-08	
N0.HOG0004807	0.00147359	0.0014733	0.00146512	0.00133226	0.000620288	1.07329e-05	
N0.HOG0004808	0.0798274	0.0793239	0.073089	0.0480218	0.0108988	5.62191e-05	
N0.HOG0004809	2.72037e-05	2.78443e-05	3.58508e-05	6.83287e-05	9.0288e-05	6.70186e-06	
N0.HOG0004810	0.0798274	0.0793239	0.073089	0.0480218	0.0108988	5.62191e-05	
N0.HOG0004811	0.00147369	0.00150284	0.00184674	0.00284409	0.00218856	5.81642e-05	
N0.HOG0004812	2.72055e-05	2.83701e-05	4.47915e-05	0.000146018	0.000307698	2.26237e-05	
N0.HOG0004813	1.0962e-26	1.07777e-21	7.78083e-19	5.20129e-16	2.45138e-13	4.04705e-11	
N0.HOG0004814	0.0798274	0.0793239	0.073089	0.0480218	0.0108988	5.62191e-05	
N0.HOG0004815	0.0798274	0.0793239	0.073089	0.0480218	0.0108988	5.62191e-05	
N0.HOG0004816	0.0798274	0.0793239	0.073089	0.0480218	0.0108988	5.62191e-05	
N0.HOG0004817	0.00147361	0.00147831	0.00152904	0.00156859	0.00081217	1.2892e-05	
N0.HOG0004818	0.00147358	0.0014697	0.00141888	0.00115371	0.000449626	6.47774e-06	
N0.HOG0004819	0.0798274	0.0793239	0.073089	0.0480218	0.0108988	5.62191e-05	
N0.HOG0004820	0.0798274	0.0793239	0.073089	0.0480218	0.0108988	5.62191e-05	
N0.HOG0004821	0.00147358	0.00147125	0.00143885	0.00123069	0.000522969	8.34011e-06	
N0.HOG0004822	0.0798274	0.0793239	0.073089	0.0480218	0.0108988	5.62191e-05	
N0.HOG0004823	0.0798274	0.0793239	0.073089	0.0480218	0.0108988	5.62191e-05	
N0.HOG0004824	0.0798274	0.0793239	0.073089	0.0480218	0.0108988	5.62191e-05	
N0.HOG0004825	0.0798274	0.0793239	0.073089	0.0480218	0.0108988	5.62191e-05	
N0.HOG0004826	0.0798274	0.0793239	0.073089	0.0480218	0.0108988	5.62191e-05	
N0.HOG0004827	0.0798274	0.0793239	0.073089	0.0480218	0.0108988	5.62191e-05	
N0.HOG0004828	0.00147369	0.00150284	0.00184674	0.00284409	0.00218856	5.81642e-05	
N0.HOG0004829	0.0798274	0.0793239	0.073089	0.0480218	0.0108988	5.62191e-05	
N0.HOG0004830	0.0798274	0.0793239	0.073089	0.0480218	0.0108988	5.62191e-05	
N0.HOG0004831	0.0798274	0.0793239	0.073089	0.0480218	0.0108988	5.62191e-05	
N0.HOG0004832	0.0798274	0.0793239	0.073089	0.0480218	0.0108988	5.62191e-05	
N0.HOG0004833	0.00147361	0.00147831	0.00152904	0.00156859	0.00081217	1.2892e-05	
N0.HOG0004834	0.0798274	0.0793239	0.073089	0.0480218	0.0108988	5.62191e-05	
N0.HOG0004835	0.0798274	0.0793239	0.073089	0.0480218	0.0108988	5.62191e-05	
N0.HOG0004836	0.00147369	0.00150284	0.00184674	0.00284409	0.00218856	5.81642e-05	
N0.HOG0004837	0.00147369	0.00150284	0.00184674	0.00284409	0.00218856	5.81642e-05	
N0.HOG0004838	0.0798274	0.0793239	0.073089	0.0480218	0.0108988	5.62191e-05	
N0.HOG0004839	0.0798274	0.0793239	0.073089	0.0480218	0.0108988	5.62191e-05	
N0.HOG0004840	0.0798274	0.0793239	0.073089	0.0480218	0.0108988	5.62191e-05	
N0.HOG0004841	0.0798274	0.0793239	0.073089	0.0480218	0.0108988	5.62191e-05	
N0.HOG0004842	0.0798274	0.0793239	0.073089	0.0480218	0.0108988	5.62191e-05	
N0.HOG0004843	5.02166e-07	5.15179e-07	6.86518e-07	1.55959e-06	2.79656e-06	2.36945e-07	
N0.HOG0004844	0.00147358	0.00146931	0.00141382	0.00113299	0.000426369	5.75099e-06	
N0.HOG0004845	0.0798274	0.0793239	0.073089	0.0480218	0.0108988	5.62191e-05	
N0.HOG0004846	0.0798274	0.0793239	0.073089	0.0480218	0.0108988	5.62191e-05	
N0.HOG0004847	0.0798274	0.0793239	0.073089	0.0480218	0.0108988	5.62191e-05	
N0.HOG0004848	0.0798274	0.0793239	0.073089	0.0480218	0.0108988	5.62191e-05	
N0.HOG0004849	0.0798274	0.0793239	0.073089	0.0480218	0.0108988	5.62191e-05	
N0.HOG0004850	0.0798274	0.0793239	0.073089	0.0480218	0.0108988	5.62191e-05	
N0.HOG0004851	5.02178e-07	5.18813e-07	7.48006e-07	2.20366e-06	6.52716e-06	1.48861e-06	
N0.HOG0004852	0.0798274	0.0793239	0.073089	0.0480218	0.0108988	5.62191e-05	
N0.HOG0004853	0.0798274	0.0793239	0.073089	0.0480218	0.0108988	5.62191e-05	
N0.HOG0004854	0.0798274	0.0793239	0.073089	0.0480218	0.0108988	5.62191e-05	
N0.HOG0004855	0.0798274	0.0793239	0.073089	0.0480218	0.0108988	5.62191e-05	
N0.HOG0004856	0.0798274	0.0793239	0.073089	0.0480218	0.0108988	5.62191e-05	
N0.HOG0004857	0.0798274	0.0793239	0.073089	0.0480218	0.0108988	5.62191e-05	
N0.HOG0004858	0.0798274	0.0793239	0.073089	0.0480218	0.0108988	5.62191e-05	
N0.HOG0004859	0.00147361	0.00147831	0.00152904	0.00156859	0.00081217	1.2892e-05	
N0.HOG0004860	0.0798274	0.0793239	0.073089	0.0480218	0.0108988	5.62191e-05	
N0.HOG0004861	0.0798274	0.0793239	0.073089	0.0480218	0.0108988	5.62191e-05	
N0.HOG0004862	0.00147361	0.00147857	0.00153306	0.00159638	0.000878332	1.74358e-05	
N0.HOG0004863	0.00147361	0.00147857	0.00153306	0.00159638	0.000878332	1.74358e-05	
N0.HOG0004864	0.0798274	0.0793239	0.073089	0.0480218	0.0108988	5.62191e-05	
N0.HOG0004865	0.0798274	0.0793239	0.073089	0.0480218	0.0108988	5.62191e-05	
N0.HOG0004866	0.0798274	0.0793239	0.073089	0.0480218	0.0108988	5.62191e-05	
N0.HOG0004867	0.0798274	0.0793239	0.073089	0.0480218	0.0108988	5.62191e-05	
N0.HOG0004868	0.0798274	0.0793239	0.073089	0.0480218	0.0108988	5.62191e-05	
N0.HOG0004869	0.0798274	0.0793239	0.073089	0.0480218	0.0108988	5.62191e-05	
N0.HOG0004870	0.0798274	0.0793239	0.073089	0.0480218	0.0108988	5.62191e-05	
N0.HOG0004871	0.0798274	0.0793239	0.073089	0.0480218	0.0108988	5.62191e-05	
N0.HOG0004872	0.0798274	0.0793239	0.073089	0.0480218	0.0108988	5.62191e-05	
N0.HOG0004873	0.0798274	0.0793239	0.073089	0.0480218	0.0108988	5.62191e-05	
N0.HOG0004874	2.72043e-05	2.80125e-05	3.87357e-05	9.45458e-05	0.000176375	1.80391e-05	
N0.HOG0004875	0.00147357	0.00146774	0.00139369	0.00105657	0.000357719	4.41484e-06	
N0.HOG0004876	0.00147369	0.00150211	0.00183197	0.00268218	0.00169918	2.34139e-05	
N0.HOG0004877	0.0798274	0.0793239	0.073089	0.0480218	0.0108988	5.62191e-05	
N0.HOG0004878	2.72034e-05	2.77489e-05	3.45314e-05	6.12314e-05	7.49267e-05	4.98484e-06	
N0.HOG0004879	0.0798274	0.0793239	0.073089	0.0480218	0.0108988	5.62191e-05	
N0.HOG0004880	0.0798274	0.0793239	0.073089	0.0480218	0.0108988	5.62191e-05	
N0.HOG0004881	0.0798274	0.0793239	0.073089	0.0480218	0.0108988	5.62191e-05	
N0.HOG0004882	0.0798274	0.0793239	0.073089	0.0480218	0.0108988	5.62191e-05	
N0.HOG0004883	0.0798274	0.0793239	0.073089	0.0480218	0.0108988	5.62191e-05	
N0.HOG0004884	0.0798274	0.0793239	0.073089	0.0480218	0.0108988	5.62191e-05	
N0.HOG0004885	0.0798274	0.0793239	0.073089	0.0480218	0.0108988	5.62191e-05	
N0.HOG0004886	0.0798274	0.0793239	0.073089	0.0480218	0.0108988	5.62191e-05	
N0.HOG0004887	0.0798274	0.0793239	0.073089	0.0480218	0.0108988	5.62191e-05	
N0.HOG0004888	0.00147368	0.00149809	0.00178514	0.00259529	0.00191527	4.87343e-05	
N0.HOG0004889	0.00147361	0.00147857	0.00153306	0.00159638	0.000878332	1.74358e-05	
N0.HOG0004890	0.0798274	0.0793239	0.073089	0.0480218	0.0108988	5.62191e-05	
N0.HOG0004891	2.7202e-05	2.73545e-05	2.9174e-05	3.46273e-05	2.69743e-05	1.04573e-06	
N0.HOG0004892	0.0798274	0.0793239	0.073089	0.0480218	0.0108988	5.62191e-05	
N0.HOG0004893	0.0798274	0.0793239	0.073089	0.0480218	0.0108988	5.62191e-05	
N0.HOG0004894	0.0798274	0.0793239	0.073089	0.0480218	0.0108988	5.62191e-05	
N0.HOG0004895	2.72035e-05	2.777e-05	3.45782e-05	5.68777e-05	5.40611e-05	2.58049e-06	
N0.HOG0004896	0.0798274	0.0793239	0.073089	0.0480218	0.0108988	5.62191e-05	
N0.HOG0004897	0.0798274	0.0793239	0.073089	0.0480218	0.0108988	5.62191e-05	
N0.HOG0004898	0.0798274	0.0793239	0.073089	0.0480218	0.0108988	5.62191e-05	
N0.HOG0004899	0.0798274	0.0793239	0.073089	0.0480218	0.0108988	5.62191e-05	
N0.HOG0004900	0.00147369	0.00150284	0.00184674	0.00284409	0.00218856	5.81642e-05	
N0.HOG0004901	0.0798274	0.0793239	0.073089	0.0480218	0.0108988	5.62191e-05	
N0.HOG0004902	0.0798274	0.0793239	0.073089	0.0480218	0.0108988	5.62191e-05	
N0.HOG0004903	7.01691e-25	1.80516e-17	6.32401e-14	2.44018e-11	2.15286e-09	9.30629e-09	
N0.HOG0004904	2.72037e-05	2.78443e-05	3.58508e-05	6.83287e-05	9.0288e-05	6.70186e-06	
N0.HOG0004905	0.0798274	0.0793239	0.073089	0.0480218	0.0108988	5.62191e-05	
N0.HOG0004906	0.0798274	0.0793239	0.073089	0.0480218	0.0108988	5.62191e-05	
N0.HOG0004907	0.0798274	0.0793239	0.073089	0.0480218	0.0108988	5.62191e-05	
N0.HOG0004908	0.0798274	0.0793239	0.073089	0.0480218	0.0108988	5.62191e-05	
N0.HOG0004909	0.00147357	0.00146681	0.00138185	0.00101143	0.000316545	3.53415e-06	
N0.HOG0004910	0.0798274	0.0793239	0.073089	0.0480218	0.0108988	5.62191e-05	
N0.HOG0004911	2.72038e-05	2.78737e-05	3.63555e-05	7.28879e-05	0.000105016	8.62867e-06	
N0.HOG0004912	2.72038e-05	2.78737e-05	3.63555e-05	7.28879e-05	0.000105016	8.62867e-06	
N0.HOG0004913	0.0798274	0.0793239	0.073089	0.0480218	0.0108988	5.62191e-05	
N0.HOG0004914	0.0798274	0.0793239	0.073089	0.0480218	0.0108988	5.62191e-05	
N0.HOG0004915	0.0798274	0.0793239	0.073089	0.0480218	0.0108988	5.62191e-05	
N0.HOG0004916	0.0798274	0.0793239	0.073089	0.0480218	0.0108988	5.62191e-05	
N0.HOG0004917	0.0798274	0.0793239	0.073089	0.0480218	0.0108988	5.62191e-05	
N0.HOG0004918	0.0798274	0.0793239	0.073089	0.0480218	0.0108988	5.62191e-05	
N0.HOG0004919	0.0798274	0.0793239	0.073089	0.0480218	0.0108988	5.62191e-05	
N0.HOG0004920	0.0798274	0.0793239	0.073089	0.0480218	0.0108988	5.62191e-05	
N0.HOG0004921	0.0798274	0.0793239	0.073089	0.0480218	0.0108988	5.62191e-05	
N0.HOG0004922	0.0798274	0.0793239	0.073089	0.0480218	0.0108988	5.62191e-05	
N0.HOG0004923	0.0798274	0.0793239	0.073089	0.0480218	0.0108988	5.62191e-05	
N0.HOG0004924	0.0798274	0.0793239	0.073089	0.0480218	0.0108988	5.62191e-05	
N0.HOG0004925	0.0798274	0.0793239	0.073089	0.0480218	0.0108988	5.62191e-05	
N0.HOG0004926	0.0798274	0.0793239	0.073089	0.0480218	0.0108988	5.62191e-05	
N0.HOG0004927	0.00147368	0.00149809	0.00178514	0.00259529	0.00191527	4.87343e-05	
N0.HOG0004928	5.02178e-07	5.18872e-07	7.49298e-07	2.23065e-06	6.89992e-06	1.84522e-06	
N0.HOG0004929	0.0798274	0.0793239	0.073089	0.0480218	0.0108988	5.62191e-05	
N0.HOG0004930	0.0798274	0.0793239	0.073089	0.0480218	0.0108988	5.62191e-05	
N0.HOG0004931	0.0798274	0.0793239	0.073089	0.0480218	0.0108988	5.62191e-05	
N0.HOG0004932	0.0798274	0.0793239	0.073089	0.0480218	0.0108988	5.62191e-05	
N0.HOG0004933	0.0798274	0.0793239	0.073089	0.0480218	0.0108988	5.62191e-05	
N0.HOG0004934	0.0798274	0.0793239	0.073089	0.0480218	0.0108988	5.62191e-05	
N0.HOG0004935	0.0798274	0.0793239	0.073089	0.0480218	0.0108988	5.62191e-05	
N0.HOG0004936	0.00147369	0.00150284	0.00184674	0.00284409	0.00218856	5.81642e-05	
N0.HOG0004937	0.0798274	0.0793239	0.073089	0.0480218	0.0108988	5.62191e-05	
N0.HOG0004938	0.0798274	0.0793239	0.073089	0.0480218	0.0108988	5.62191e-05	
N0.HOG0004939	0.00147368	0.00149809	0.00178514	0.00259529	0.00191527	4.87343e-05	
N0.HOG0004940	0.0798274	0.0793239	0.073089	0.0480218	0.0108988	5.62191e-05	
N0.HOG0004941	0.00147357	0.00146774	0.00139369	0.00105657	0.000357719	4.41484e-06	
N0.HOG0004942	0.00147358	0.00147112	0.00143705	0.00122055	0.000503005	7.10707e-06	
N0.HOG0004943	2.7202e-05	2.73545e-05	2.9174e-05	3.46273e-05	2.69743e-05	1.04573e-06	
N0.HOG0004944	0.0798274	0.0793239	0.073089	0.0480218	0.0108988	5.62191e-05	
N0.HOG0004945	0.00147358	0.00147125	0.00143885	0.00123069	0.000522969	8.34011e-06	
N0.HOG0004946	0.0798274	0.0793239	0.073089	0.0480218	0.0108988	5.62191e-05	
N0.HOG0004947	0.0798274	0.0793239	0.073089	0.0480218	0.0108988	5.62191e-05	
N0.HOG0004948	0.00147358	0.00147125	0.00143885	0.00123069	0.000522969	8.34011e-06	
N0.HOG0004949	0.0798274	0.0793239	0.073089	0.0480218	0.0108988	5.62191e-05	
N0.HOG0004950	0.0798274	0.0793239	0.073089	0.0480218	0.0108988	5.62191e-05	
N0.HOG0004951	0.0798274	0.0793239	0.073089	0.0480218	0.0108988	5.62191e-05	
N0.HOG0004952	2.72043e-05	2.80075e-05	3.86343e-05	9.28996e-05	0.000163089	1.33381e-05	
N0.HOG0004953	0.00147368	0.00149809	0.00178514	0.00259529	0.00191527	4.87343e-05	
N0.HOG0004954	0.0798274	0.0793239	0.073089	0.0480218	0.0108988	5.62191e-05	
N0.HOG0004955	0.0798274	0.0793239	0.073089	0.0480218	0.0108988	5.62191e-05	
N0.HOG0004956	0.0798274	0.0793239	0.073089	0.0480218	0.0108988	5.62191e-05	
N0.HOG0004957	0.0798274	0.0793239	0.073089	0.0480218	0.0108988	5.62191e-05	
N0.HOG0004958	0.0798274	0.0793239	0.073089	0.0480218	0.0108988	5.62191e-05	
N0.HOG0004959	0.0798274	0.0793239	0.073089	0.0480218	0.0108988	5.62191e-05	
N0.HOG0004960	0.00147357	0.00146774	0.00139369	0.00105657	0.000357719	4.41484e-06	
N0.HOG0004961	0.00147368	0.00149809	0.00178514	0.00259529	0.00191527	4.87343e-05	
N0.HOG0004962	0.0798274	0.0793239	0.073089	0.0480218	0.0108988	5.62191e-05	
N0.HOG0004963	0.00147358	0.00147	0.00142273	0.00116651	0.000455683	6.30792e-06	
N0.HOG0004964	0.00147357	0.00146774	0.00139369	0.00105657	0.000357719	4.41484e-06	
N0.HOG0004965	0.00147369	0.00150284	0.00184674	0.00284409	0.00218856	5.81642e-05	
N0.HOG0004966	0.00147357	0.0014678	0.00139453	0.00106011	0.000361979	4.56087e-06	
N0.HOG0004967	0.0798274	0.0793239	0.073089	0.0480218	0.0108988	5.62191e-05	
N0.HOG0004968	0.00147356	0.00146577	0.00136851	0.000960367	0.000269219	2.49419e-06	
N0.HOG0004969	2.72035e-05	2.777e-05	3.45782e-05	5.68777e-05	5.40611e-05	2.58049e-06	
N0.HOG0004970	0.0798274	0.0793239	0.073089	0.0480218	0.0108988	5.62191e-05	
N0.HOG0004971	0.0798274	0.0793239	0.073089	0.0480218	0.0108988	5.62191e-05	
N0.HOG0004972	0.0798274	0.0793239	0.073089	0.0480218	0.0108988	5.62191e-05	
N0.HOG0004973	0.0798274	0.0793239	0.073089	0.0480218	0.0108988	5.62191e-05	
N0.HOG0004974	0.00147368	0.00149809	0.00178514	0.00259529	0.00191527	4.87343e-05	
N0.HOG0004975	2.10735e-09	6.26868e-07	1.02812e-05	8.11779e-05	0.000187813	8.23236e-06	
N0.HOG0004976	0.0798274	0.0793239	0.073089	0.0480218	0.0108988	5.62191e-05	
N0.HOG0004977	0.0798274	0.0793239	0.073089	0.0480218	0.0108988	5.62191e-05	
N0.HOG0004978	0.0798274	0.0793239	0.073089	0.0480218	0.0108988	5.62191e-05	
N0.HOG0004979	0.0798274	0.0793239	0.073089	0.0480218	0.0108988	5.62191e-05	
N0.HOG0004980	0.00147358	0.0014698	0.00142017	0.00115864	0.000454567	6.69617e-06	
N0.HOG0004981	0.0798274	0.0793239	0.073089	0.0480218	0.0108988	5.62191e-05	
N0.HOG0004982	0.00147361	0.00147831	0.00152904	0.00156859	0.00081217	1.2892e-05	
N0.HOG0004983	0.00147368	0.00149809	0.00178514	0.00259529	0.00191527	4.87343e-05	
N0.HOG0004984	0.0798274	0.0793239	0.073089	0.0480218	0.0108988	5.62191e-05	
N0.HOG0004985	0.0798274	0.0793239	0.073089	0.0480218	0.0108988	5.62191e-05	
N0.HOG0004986	0.0798274	0.0793239	0.073089	0.0480218	0.0108988	5.62191e-05	
N0.HOG0004987	0.00147357	0.00146681	0.00138185	0.00101143	0.000316545	3.53415e-06	
N0.HOG0004988	0.0798274	0.0793239	0.073089	0.0480218	0.0108988	5.62191e-05	
N0.HOG0004989	0.00147369	0.00150211	0.00183197	0.00268218	0.00169918	2.34139e-05	
N0.HOG0004990	0.00147367	0.00149745	0.00177273	0.00246548	0.00153231	2.18671e-05	
N0.HOG0004991	0.0798274	0.0793239	0.073089	0.0480218	0.0108988	5.62191e-05	
N0.HOG0004992	0.0798274	0.0793239	0.073089	0.0480218	0.0108988	5.62191e-05	
N0.HOG0004993	2.72021e-05	2.73875e-05	2.96552e-05	3.7664e-05	3.4361e-05	1.78351e-06	
N0.HOG0004994	0.00147358	0.00147125	0.00143885	0.00123069	0.000522969	8.34011e-06	
N0.HOG0004995	0.00147368	0.00149809	0.00178514	0.00259529	0.00191527	4.87343e-05	
N0.HOG0004996	0.00147361	0.00147831	0.00152904	0.00156859	0.00081217	1.2892e-05	
N0.HOG0004997	0.00147357	0.0014678	0.00139453	0.00106011	0.000361979	4.56087e-06	
N0.HOG0004998	0.0798274	0.0793239	0.073089	0.0480218	0.0108988	5.62191e-05	
N0.HOG0004999	0.0798274	0.0793239	0.073089	0.0480218	0.0108988	5.62191e-05	
N0.HOG0005000	0.0798274	0.0793239	0.073089	0.0480218	0.0108988	5.62191e-05	
N0.HOG0005001	0.00147361	0.00147857	0.00153306	0.00159638	0.000878332	1.74358e-05	
N0.HOG0005002	0.00147361	0.00147857	0.00153306	0.00159638	0.000878332	1.74358e-05	
N0.HOG0005003	0.0798274	0.0793239	0.073089	0.0480218	0.0108988	5.62191e-05	
N0.HOG0005004	0.0798274	0.0793239	0.073089	0.0480218	0.0108988	5.62191e-05	
N0.HOG0005005	0.00147361	0.00147857	0.00153306	0.00159638	0.000878332	1.74358e-05	
N0.HOG0005006	2.7204e-05	2.7919e-05	3.73456e-05	8.47724e-05	0.000142703	1.11319e-05	
N0.HOG0005007	0.0798274	0.0793239	0.073089	0.0480218	0.0108988	5.62191e-05	
N0.HOG0005008	0.0798274	0.0793239	0.073089	0.0480218	0.0108988	5.62191e-05	
N0.HOG0005009	0.0798274	0.0793239	0.073089	0.0480218	0.0108988	5.62191e-05	
N0.HOG0005011	0.00147358	0.00147011	0.0014242	0.00117418	0.000469273	7.04902e-06	
N0.HOG0005012	0.00147369	0.00150211	0.00183197	0.00268218	0.00169918	2.34139e-05	
N0.HOG0005013	0.00147369	0.00150211	0.00183197	0.00268218	0.00169918	2.34139e-05	
N0.HOG0005014	0.0798274	0.0793239	0.073089	0.0480218	0.0108988	5.62191e-05	
N0.HOG0005015	0.0798274	0.0793239	0.073089	0.0480218	0.0108988	5.62191e-05	
N0.HOG0005016	0.00147369	0.00150284	0.00184674	0.00284409	0.00218856	5.81642e-05	
N0.HOG0005017	0.0798274	0.0793239	0.073089	0.0480218	0.0108988	5.62191e-05	
N0.HOG0005018	0.00147357	0.0014678	0.00139453	0.00106011	0.000361979	4.56087e-06	
N0.HOG0005019	5.02139e-07	5.07213e-07	5.72285e-07	8.75048e-07	1.25879e-06	1.41716e-07	
N0.HOG0005020	0.00147368	0.00149809	0.00178514	0.00259529	0.00191527	4.87343e-05	
N0.HOG0005021	0.0798274	0.0793239	0.073089	0.0480218	0.0108988	5.62191e-05	
N0.HOG0005022	0.0798274	0.0793239	0.073089	0.0480218	0.0108988	5.62191e-05	
N0.HOG0005023	2.10735e-09	6.26868e-07	1.02812e-05	8.11779e-05	0.000187813	8.23236e-06	
N0.HOG0005024	8.91677e-10	2.61932e-07	3.76566e-06	2.23026e-05	4.56077e-05	2.72808e-06	
N0.HOG0005025	0.0798274	0.0793239	0.073089	0.0480218	0.0108988	5.62191e-05	
N0.HOG0005026	0.0798274	0.0793239	0.073089	0.0480218	0.0108988	5.62191e-05	
N0.HOG0005027	0.00147361	0.00147857	0.00153306	0.00159638	0.000878332	1.74358e-05	
N0.HOG0005028	0.0798274	0.0793239	0.073089	0.0480218	0.0108988	5.62191e-05	
N0.HOG0005029	0.0798274	0.0793239	0.073089	0.0480218	0.0108988	5.62191e-05	
N0.HOG0005030	0.00147369	0.00150284	0.00184674	0.00284409	0.00218856	5.81642e-05	
N0.HOG0005031	0.00147357	0.0014678	0.00139453	0.00106011	0.000361979	4.56087e-06	
N0.HOG0005032	0.00147369	0.00150211	0.00183197	0.00268218	0.00169918	2.34139e-05	
N0.HOG0005033	0.00147368	0.00149809	0.00178514	0.00259529	0.00191527	4.87343e-05	
N0.HOG0005034	0.00147368	0.00149809	0.00178514	0.00259529	0.00191527	4.87343e-05	
N0.HOG0005035	0.0798274	0.0793239	0.073089	0.0480218	0.0108988	5.62191e-05	
N0.HOG0005036	0.0798274	0.0793239	0.073089	0.0480218	0.0108988	5.62191e-05	
N0.HOG0005037	0.0798274	0.0793239	0.073089	0.0480218	0.0108988	5.62191e-05	
N0.HOG0005038	0.00147357	0.0014678	0.00139453	0.00106011	0.000361979	4.56087e-06	
N0.HOG0005039	0.0798274	0.0793239	0.073089	0.0480218	0.0108988	5.62191e-05	
N0.HOG0005040	0.0798274	0.0793239	0.073089	0.0480218	0.0108988	5.62191e-05	
N0.HOG0005041	0.00147357	0.00146774	0.00139369	0.00105657	0.000357719	4.41484e-06	
N0.HOG0005042	0.0798274	0.0793239	0.073089	0.0480218	0.0108988	5.62191e-05	
N0.HOG0005043	0.00147368	0.00149809	0.00178514	0.00259529	0.00191527	4.87343e-05	
N0.HOG0005044	0.0798274	0.0793239	0.073089	0.0480218	0.0108988	5.62191e-05	
N0.HOG0005045	0.0798274	0.0793239	0.073089	0.0480218	0.0108988	5.62191e-05	
N0.HOG0005046	0.00147357	0.00146677	0.00138127	0.00100941	0.000315271	3.54396e-06	
N0.HOG0005047	0.0798274	0.0793239	0.073089	0.0480218	0.0108988	5.62191e-05	
N0.HOG0005048	0.0798274	0.0793239	0.073089	0.0480218	0.0108988	5.62191e-05	
N0.HOG0005049	0.0798274	0.0793239	0.073089	0.0480218	0.0108988	5.62191e-05	
N0.HOG0005050	2.72037e-05	2.78462e-05	3.58833e-05	6.86207e-05	9.12803e-05	6.92785e-06	
N0.HOG0005051	0.00147369	0.00150211	0.00183197	0.00268218	0.00169918	2.34139e-05	
N0.HOG0005052	0.0798274	0.0793239	0.073089	0.0480218	0.0108988	5.62191e-05	
N0.HOG0005053	0.0798274	0.0793239	0.073089	0.0480218	0.0108988	5.62191e-05	
N0.HOG0005054	0.0798274	0.0793239	0.073089	0.0480218	0.0108988	5.62191e-05	
N0.HOG0005055	0.00147368	0.00149809	0.00178514	0.00259529	0.00191527	4.87343e-05	
N0.HOG0005056	0.0798274	0.0793239	0.073089	0.0480218	0.0108988	5.62191e-05	
N0.HOG0005057	0.0798274	0.0793239	0.073089	0.0480218	0.0108988	5.62191e-05	
N0.HOG0005058	0.0798274	0.0793239	0.073089	0.0480218	0.0108988	5.62191e-05	
N0.HOG0005059	0.00147369	0.00150211	0.00183197	0.00268218	0.00169918	2.34139e-05	
N0.HOG0005060	0.0798274	0.0793239	0.073089	0.0480218	0.0108988	5.62191e-05	
N0.HOG0005061	0.0798274	0.0793239	0.073089	0.0480218	0.0108988	5.62191e-05	
N0.HOG0005062	0.0798274	0.0793239	0.073089	0.0480218	0.0108988	5.62191e-05	
N0.HOG0005063	0.0798274	0.0793239	0.073089	0.0480218	0.0108988	5.62191e-05	
N0.HOG0005064	0.0798274	0.0793239	0.073089	0.0480218	0.0108988	5.62191e-05	
N0.HOG0005065	0.0798274	0.0793239	0.073089	0.0480218	0.0108988	5.62191e-05	
N0.HOG0005066	0.00147368	0.00149809	0.00178514	0.00259529	0.00191527	4.87343e-05	
N0.HOG0005067	0.0798274	0.0793239	0.073089	0.0480218	0.0108988	5.62191e-05	
N0.HOG0005068	2.72037e-05	2.78387e-05	3.5755e-05	6.74644e-05	8.75904e-05	6.49154e-06	
N0.HOG0005069	0.0798274	0.0793239	0.073089	0.0480218	0.0108988	5.62191e-05	
N0.HOG0005070	0.0798274	0.0793239	0.073089	0.0480218	0.0108988	5.62191e-05	
N0.HOG0005071	0.0798274	0.0793239	0.073089	0.0480218	0.0108988	5.62191e-05	
N0.HOG0005072	0.0798274	0.0793239	0.073089	0.0480218	0.0108988	5.62191e-05	
N0.HOG0005073	0.0798274	0.0793239	0.073089	0.0480218	0.0108988	5.62191e-05	
N0.HOG0005074	0.0798274	0.0793239	0.073089	0.0480218	0.0108988	5.62191e-05	
N0.HOG0005075	0.0798274	0.0793239	0.073089	0.0480218	0.0108988	5.62191e-05	
N0.HOG0005076	0.00147357	0.00146774	0.00139369	0.00105657	0.000357719	4.41484e-06	
N0.HOG0005077	0.00147358	0.0014697	0.00141888	0.00115371	0.000449626	6.47774e-06	
N0.HOG0005078	0.0798274	0.0793239	0.073089	0.0480218	0.0108988	5.62191e-05	
N0.HOG0005079	0.0798274	0.0793239	0.073089	0.0480218	0.0108988	5.62191e-05	
N0.HOG0005080	0.0798274	0.0793239	0.073089	0.0480218	0.0108988	5.62191e-05	
N0.HOG0005081	0.0798274	0.0793239	0.073089	0.0480218	0.0108988	5.62191e-05	
N0.HOG0005082	0.0798274	0.0793239	0.073089	0.0480218	0.0108988	5.62191e-05	
N0.HOG0005083	0.0798274	0.0793239	0.073089	0.0480218	0.0108988	5.62191e-05	
N0.HOG0005084	0.0798274	0.0793239	0.073089	0.0480218	0.0108988	5.62191e-05	
N0.HOG0005085	0.0798274	0.0793239	0.073089	0.0480218	0.0108988	5.62191e-05	
N0.HOG0005086	0.0798274	0.0793239	0.073089	0.0480218	0.0108988	5.62191e-05	
N0.HOG0005087	0.0798274	0.0793239	0.073089	0.0480218	0.0108988	5.62191e-05	
N0.HOG0005088	0.0798274	0.0793239	0.073089	0.0480218	0.0108988	5.62191e-05	
N0.HOG0005089	0.0798274	0.0793239	0.073089	0.0480218	0.0108988	5.62191e-05	
N0.HOG0005090	0.0798274	0.0793239	0.073089	0.0480218	0.0108988	5.62191e-05	
N0.HOG0005091	0.0798274	0.0793239	0.073089	0.0480218	0.0108988	5.62191e-05	
N0.HOG0005092	0.0798274	0.0793239	0.073089	0.0480218	0.0108988	5.62191e-05	
N0.HOG0005093	0.0798274	0.0793239	0.073089	0.0480218	0.0108988	5.62191e-05	
N0.HOG0005094	0.0798274	0.0793239	0.073089	0.0480218	0.0108988	5.62191e-05	
N0.HOG0005095	0.0798274	0.0793239	0.073089	0.0480218	0.0108988	5.62191e-05	
N0.HOG0005096	0.0798274	0.0793239	0.073089	0.0480218	0.0108988	5.62191e-05	
N0.HOG0005097	0.0798274	0.0793239	0.073089	0.0480218	0.0108988	5.62191e-05	
N0.HOG0005098	0.00147368	0.00149809	0.00178514	0.00259529	0.00191527	4.87343e-05	
N0.HOG0005099	0.0798274	0.0793239	0.073089	0.0480218	0.0108988	5.62191e-05	
N0.HOG0005100	0.00147361	0.00147831	0.00152904	0.00156859	0.00081217	1.2892e-05	
N0.HOG0005101	0.00147368	0.00149809	0.00178514	0.00259529	0.00191527	4.87343e-05	
N0.HOG0005102	0.00147368	0.00149809	0.00178514	0.00259529	0.00191527	4.87343e-05	
N0.HOG0005103	0.0798274	0.0793239	0.073089	0.0480218	0.0108988	5.62191e-05	
N0.HOG0005104	0.0798274	0.0793239	0.073089	0.0480218	0.0108988	5.62191e-05	
N0.HOG0005105	0.0798274	0.0793239	0.073089	0.0480218	0.0108988	5.62191e-05	
N0.HOG0005106	0.0798274	0.0793239	0.073089	0.0480218	0.0108988	5.62191e-05	
N0.HOG0005107	0.0798274	0.0793239	0.073089	0.0480218	0.0108988	5.62191e-05	
N0.HOG0005108	0.00147361	0.00147831	0.00152904	0.00156859	0.00081217	1.2892e-05	
N0.HOG0005109	0.0798274	0.0793239	0.073089	0.0480218	0.0108988	5.62191e-05	
N0.HOG0005110	0.0798274	0.0793239	0.073089	0.0480218	0.0108988	5.62191e-05	
N0.HOG0005111	0.0798274	0.0793239	0.073089	0.0480218	0.0108988	5.62191e-05	
N0.HOG0005112	0.00147358	0.00147125	0.00143885	0.00123069	0.000522969	8.34011e-06	
N0.HOG0005113	0.0798274	0.0793239	0.073089	0.0480218	0.0108988	5.62191e-05	
N0.HOG0005114	0.0798274	0.0793239	0.073089	0.0480218	0.0108988	5.62191e-05	
N0.HOG0005115	0.0798274	0.0793239	0.073089	0.0480218	0.0108988	5.62191e-05	
N0.HOG0005116	2.72022e-05	2.73966e-05	2.97882e-05	3.85167e-05	3.66334e-05	2.07676e-06	
N0.HOG0005117	0.0798274	0.0793239	0.073089	0.0480218	0.0108988	5.62191e-05	
N0.HOG0005118	0.0798274	0.0793239	0.073089	0.0480218	0.0108988	5.62191e-05	
N0.HOG0005119	0.0798274	0.0793239	0.073089	0.0480218	0.0108988	5.62191e-05	
N0.HOG0005120	0.0798274	0.0793239	0.073089	0.0480218	0.0108988	5.62191e-05	
N0.HOG0005121	0.00147358	0.00147112	0.00143705	0.00122055	0.000503005	7.10707e-06	
N0.HOG0005122	0.0798274	0.0793239	0.073089	0.0480218	0.0108988	5.62191e-05	
N0.HOG0005123	2.72055e-05	2.83684e-05	4.47444e-05	0.000144955	0.000298601	2.02967e-05	
N0.HOG0005124	0.00147368	0.00149809	0.00178514	0.00259529	0.00191527	4.87343e-05	
N0.HOG0005125	0.0798274	0.0793239	0.073089	0.0480218	0.0108988	5.62191e-05	
N0.HOG0005126	0.0798274	0.0793239	0.073089	0.0480218	0.0108988	5.62191e-05	
N0.HOG0005127	0.00147361	0.00147831	0.00152904	0.00156859	0.00081217	1.2892e-05	
N0.HOG0005128	0.0798274	0.0793239	0.073089	0.0480218	0.0108988	5.62191e-05	
N0.HOG0005129	0.0798274	0.0793239	0.073089	0.0480218	0.0108988	5.62191e-05	
N0.HOG0005130	8.03775e-12	2.41027e-09	4.33372e-08	4.7467e-07	2.17436e-06	3.20366e-07	
N0.HOG0005131	0.00147368	0.00149809	0.00178514	0.00259529	0.00191527	4.87343e-05	
N0.HOG0005132	0.00147368	0.00149809	0.00178514	0.00259529	0.00191527	4.87343e-05	
N0.HOG0005133	2.72055e-05	2.83684e-05	4.47444e-05	0.000144955	0.000298601	2.02967e-05	
N0.HOG0005134	0.0798274	0.0793239	0.073089	0.0480218	0.0108988	5.62191e-05	
N0.HOG0005135	0.0798274	0.0793239	0.073089	0.0480218	0.0108988	5.62191e-05	
N0.HOG0005136	0.0798274	0.0793239	0.073089	0.0480218	0.0108988	5.62191e-05	
N0.HOG0005137	0.0798274	0.0793239	0.073089	0.0480218	0.0108988	5.62191e-05	
N0.HOG0005138	0.0798274	0.0793239	0.073089	0.0480218	0.0108988	5.62191e-05	
N0.HOG0005139	0.0798274	0.0793239	0.073089	0.0480218	0.0108988	5.62191e-05	
N0.HOG0005140	0.00147358	0.00147112	0.00143705	0.00122055	0.000503005	7.10707e-06	
N0.HOG0005141	0.0798274	0.0793239	0.073089	0.0480218	0.0108988	5.62191e-05	
N0.HOG0005142	0.00147361	0.00147831	0.00152904	0.00156859	0.00081217	1.2892e-05	
N0.HOG0005143	0.0798274	0.0793239	0.073089	0.0480218	0.0108988	5.62191e-05	
N0.HOG0005144	0.0798274	0.0793239	0.073089	0.0480218	0.0108988	5.62191e-05	
N0.HOG0005145	0.0798274	0.0793239	0.073089	0.0480218	0.0108988	5.62191e-05	
N0.HOG0005146	0.0798274	0.0793239	0.073089	0.0480218	0.0108988	5.62191e-05	
N0.HOG0005147	0.0798274	0.0793239	0.073089	0.0480218	0.0108988	5.62191e-05	
N0.HOG0005148	2.7202e-05	2.73534e-05	2.91574e-05	3.4523e-05	2.67407e-05	1.03894e-06	
N0.HOG0005149	0.0798274	0.0793239	0.073089	0.0480218	0.0108988	5.62191e-05	
N0.HOG0005150	0.0798274	0.0793239	0.073089	0.0480218	0.0108988	5.62191e-05	
N0.HOG0005151	2.72023e-05	2.74213e-05	3.01424e-05	4.05745e-05	4.0537e-05	2.20395e-06	
N0.HOG0005152	0.0798274	0.0793239	0.073089	0.0480218	0.0108988	5.62191e-05	
N0.HOG0005153	0.0798274	0.0793239	0.073089	0.0480218	0.0108988	5.62191e-05	
N0.HOG0005154	0.0798274	0.0793239	0.073089	0.0480218	0.0108988	5.62191e-05	
N0.HOG0005155	5.0217e-07	5.16482e-07	7.09472e-07	1.80946e-06	4.10177e-06	5.49857e-07	
N0.HOG0005156	0.00147358	0.00147125	0.00143885	0.00123069	0.000522969	8.34011e-06	
N0.HOG0005157	2.72035e-05	2.77738e-05	3.48985e-05	6.31849e-05	7.35262e-05	3.24396e-06	
N0.HOG0005158	0.0798274	0.0793239	0.073089	0.0480218	0.0108988	5.62191e-05	
N0.HOG0005159	0.00147358	0.00147125	0.00143885	0.00123069	0.000522969	8.34011e-06	
N0.HOG0005160	0.0798274	0.0793239	0.073089	0.0480218	0.0108988	5.62191e-05	
N0.HOG0005161	0.0798274	0.0793239	0.073089	0.0480218	0.0108988	5.62191e-05	
N0.HOG0005162	0.0798274	0.0793239	0.073089	0.0480218	0.0108988	5.62191e-05	
N0.HOG0005163	0.0798274	0.0793239	0.073089	0.0480218	0.0108988	5.62191e-05	
N0.HOG0005164	0.0798274	0.0793239	0.073089	0.0480218	0.0108988	5.62191e-05	
N0.HOG0005165	0.00147357	0.00146774	0.00139369	0.00105657	0.000357719	4.41484e-06	
N0.HOG0005166	0.0798274	0.0793239	0.073089	0.0480218	0.0108988	5.62191e-05	
N0.HOG0005167	0.0798274	0.0793239	0.073089	0.0480218	0.0108988	5.62191e-05	
N0.HOG0005168	0.0798274	0.0793239	0.073089	0.0480218	0.0108988	5.62191e-05	
N0.HOG0005169	0.00147368	0.00149809	0.00178514	0.00259529	0.00191527	4.87343e-05	
N0.HOG0005170	0.0798274	0.0793239	0.073089	0.0480218	0.0108988	5.62191e-05	
N0.HOG0005171	2.7216e-05	3.14247e-05	8.13626e-05	0.000233798	0.000209463	4.93543e-06	
N0.HOG0005172	2.72021e-05	2.73594e-05	2.92513e-05	3.5244e-05	2.91756e-05	1.41477e-06	
N0.HOG0005173	2.72055e-05	2.83684e-05	4.47444e-05	0.000144955	0.000298601	2.02967e-05	
N0.HOG0005174	0.0798274	0.0793239	0.073089	0.0480218	0.0108988	5.62191e-05	
N0.HOG0005175	2.72033e-05	2.77205e-05	3.40603e-05	5.72922e-05	6.36113e-05	3.95365e-06	
N0.HOG0005176	0.00147368	0.00149809	0.00178514	0.00259529	0.00191527	4.87343e-05	
N0.HOG0005177	0.0798274	0.0793239	0.073089	0.0480218	0.0108988	5.62191e-05	
N0.HOG0005178	0.0798274	0.0793239	0.073089	0.0480218	0.0108988	5.62191e-05	
N0.HOG0005179	0.0798274	0.0793239	0.073089	0.0480218	0.0108988	5.62191e-05	
N0.HOG0005180	0.00147359	0.00147313	0.00146275	0.00131817	0.000591351	8.96107e-06	
N0.HOG0005181	0.0798274	0.0793239	0.073089	0.0480218	0.0108988	5.62191e-05	
N0.HOG0005182	0.00147368	0.00149809	0.00178514	0.00259529	0.00191527	4.87343e-05	
N0.HOG0005183	0.0798274	0.0793239	0.073089	0.0480218	0.0108988	5.62191e-05	
N0.HOG0005184	0.0798274	0.0793239	0.073089	0.0480218	0.0108988	5.62191e-05	
N0.HOG0005185	0.0798274	0.0793239	0.073089	0.0480218	0.0108988	5.62191e-05	
N0.HOG0005186	0.0798274	0.0793239	0.073089	0.0480218	0.0108988	5.62191e-05	
N0.HOG0005187	0.0798274	0.0793239	0.073089	0.0480218	0.0108988	5.62191e-05	
N0.HOG0005188	0.00147357	0.00146681	0.00138185	0.00101143	0.000316545	3.53415e-06	
N0.HOG0005189	0.0798274	0.0793239	0.073089	0.0480218	0.0108988	5.62191e-05	
N0.HOG0005190	0.0798274	0.0793239	0.073089	0.0480218	0.0108988	5.62191e-05	
N0.HOG0005191	0.0798274	0.0793239	0.073089	0.0480218	0.0108988	5.62191e-05	
N0.HOG0005192	0.0798274	0.0793239	0.073089	0.0480218	0.0108988	5.62191e-05	
N0.HOG0005193	2.20337e-10	6.42703e-08	8.49486e-07	3.74574e-06	5.14178e-06	2.65149e-07	
N0.HOG0005194	0.0798274	0.0793239	0.073089	0.0480218	0.0108988	5.62191e-05	
N0.HOG0005195	0.00147361	0.00147831	0.00152904	0.00156859	0.00081217	1.2892e-05	
N0.HOG0005196	0.0798274	0.0793239	0.073089	0.0480218	0.0108988	5.62191e-05	
N0.HOG0005197	0.00147361	0.00147831	0.00152904	0.00156859	0.00081217	1.2892e-05	
N0.HOG0005198	0.0798274	0.0793239	0.073089	0.0480218	0.0108988	5.62191e-05	
N0.HOG0005199	2.7204e-05	2.79239e-05	3.74436e-05	8.62748e-05	0.000154351	1.51184e-05	
N0.HOG0005200	0.0798274	0.0793239	0.073089	0.0480218	0.0108988	5.62191e-05	
N0.HOG0005201	0.0798274	0.0793239	0.073089	0.0480218	0.0108988	5.62191e-05	
N0.HOG0005202	2.72023e-05	2.74188e-05	3.01012e-05	4.01994e-05	3.89711e-05	1.91248e-06	
N0.HOG0005203	2.7202e-05	2.73545e-05	2.9174e-05	3.46273e-05	2.69743e-05	1.04573e-06	
N0.HOG0005204	0.0798274	0.0793239	0.073089	0.0480218	0.0108988	5.62191e-05	
N0.HOG0005205	0.0798274	0.0793239	0.073089	0.0480218	0.0108988	5.62191e-05	
N0.HOG0005206	0.0798274	0.0793239	0.073089	0.0480218	0.0108988	5.62191e-05	
N0.HOG0005207	0.0798274	0.0793239	0.073089	0.0480218	0.0108988	5.62191e-05	
N0.HOG0005208	0.0798274	0.0793239	0.073089	0.0480218	0.0108988	5.62191e-05	
N0.HOG0005209	0.00147358	0.0014697	0.00141888	0.00115371	0.000449626	6.47774e-06	
N0.HOG0005210	0.00147358	0.0014697	0.00141888	0.00115371	0.000449626	6.47774e-06	
N0.HOG0005211	0.0798274	0.0793239	0.073089	0.0480218	0.0108988	5.62191e-05	
N0.HOG0005212	0.0798274	0.0793239	0.073089	0.0480218	0.0108988	5.62191e-05	
N0.HOG0005213	0.0798274	0.0793239	0.073089	0.0480218	0.0108988	5.62191e-05	
N0.HOG0005214	0.00147368	0.00149809	0.00178514	0.00259529	0.00191527	4.87343e-05	
N0.HOG0005215	0.0798274	0.0793239	0.073089	0.0480218	0.0108988	5.62191e-05	
N0.HOG0005216	0.0798274	0.0793239	0.073089	0.0480218	0.0108988	5.62191e-05	
N0.HOG0005217	3.2416e-12	2.83703e-11	5.13784e-10	9.17936e-09	1.28517e-07	2.06248e-07	
N0.HOG0005218	0.0798274	0.0793239	0.073089	0.0480218	0.0108988	5.62191e-05	
N0.HOG0005219	0.0798274	0.0793239	0.073089	0.0480218	0.0108988	5.62191e-05	
N0.HOG0005220	0.00147358	0.00146931	0.00141382	0.00113299	0.000426369	5.75099e-06	
N0.HOG0005221	0.0798274	0.0793239	0.073089	0.0480218	0.0108988	5.62191e-05	
N0.HOG0005223	2.72043e-05	2.80125e-05	3.87357e-05	9.45458e-05	0.000176375	1.80391e-05	
N0.HOG0005224	0.00147369	0.00150284	0.00184674	0.00284409	0.00218856	5.81642e-05	
N0.HOG0005225	0.0798274	0.0793239	0.073089	0.0480218	0.0108988	5.62191e-05	
N0.HOG0005226	0.0798274	0.0793239	0.073089	0.0480218	0.0108988	5.62191e-05	
N0.HOG0005227	0.00147358	0.00147125	0.00143885	0.00123069	0.000522969	8.34011e-06	
N0.HOG0005228	0.0798274	0.0793239	0.073089	0.0480218	0.0108988	5.62191e-05	
N0.HOG0005229	0.0798274	0.0793239	0.073089	0.0480218	0.0108988	5.62191e-05	
N0.HOG0005230	0.0798274	0.0793239	0.073089	0.0480218	0.0108988	5.62191e-05	
N0.HOG0005231	0.0798274	0.0793239	0.073089	0.0480218	0.0108988	5.62191e-05	
N0.HOG0005232	0.0798274	0.0793239	0.073089	0.0480218	0.0108988	5.62191e-05	
N0.HOG0005233	0.0798274	0.0793239	0.073089	0.0480218	0.0108988	5.62191e-05	
N0.HOG0005234	0.0798274	0.0793239	0.073089	0.0480218	0.0108988	5.62191e-05	
N0.HOG0005235	0.0798274	0.0793239	0.073089	0.0480218	0.0108988	5.62191e-05	
N0.HOG0005236	2.72024e-05	2.74587e-05	3.06814e-05	4.38174e-05	4.76104e-05	2.73627e-06	
N0.HOG0005237	0.00147359	0.0014733	0.00146512	0.00133226	0.000620288	1.07329e-05	
N0.HOG0005238	0.0798274	0.0793239	0.073089	0.0480218	0.0108988	5.62191e-05	
N0.HOG0005239	0.0798274	0.0793239	0.073089	0.0480218	0.0108988	5.62191e-05	
N0.HOG0005240	0.0798274	0.0793239	0.073089	0.0480218	0.0108988	5.62191e-05	
N0.HOG0005241	0.0798274	0.0793239	0.073089	0.0480218	0.0108988	5.62191e-05	
N0.HOG0005242	0.0798274	0.0793239	0.073089	0.0480218	0.0108988	5.62191e-05	
N0.HOG0005243	0.00147357	0.00146774	0.00139369	0.00105657	0.000357719	4.41484e-06	
N0.HOG0005244	2.7204e-05	2.7919e-05	3.73456e-05	8.47724e-05	0.000142703	1.11319e-05	
N0.HOG0005245	0.00147369	0.00150211	0.00183197	0.00268218	0.00169918	2.34139e-05	
N0.HOG0005246	0.00147368	0.00149809	0.00178514	0.00259529	0.00191527	4.87343e-05	
N0.HOG0005247	0.0798274	0.0793239	0.073089	0.0480218	0.0108988	5.62191e-05	
N0.HOG0005248	0.0798274	0.0793239	0.073089	0.0480218	0.0108988	5.62191e-05	
N0.HOG0005249	0.0798274	0.0793239	0.073089	0.0480218	0.0108988	5.62191e-05	
N0.HOG0005250	0.0798274	0.0793239	0.073089	0.0480218	0.0108988	5.62191e-05	
N0.HOG0005251	0.00147361	0.00147831	0.00152904	0.00156859	0.00081217	1.2892e-05	
N0.HOG0005252	0.0798274	0.0793239	0.073089	0.0480218	0.0108988	5.62191e-05	
N0.HOG0005253	0.0798274	0.0793239	0.073089	0.0480218	0.0108988	5.62191e-05	
N0.HOG0005254	0.00147369	0.00150211	0.00183197	0.00268218	0.00169918	2.34139e-05	
N0.HOG0005255	0.00147361	0.00147831	0.00152904	0.00156859	0.00081217	1.2892e-05	
N0.HOG0005256	0.00147361	0.00147857	0.00153306	0.00159638	0.000878332	1.74358e-05	
N0.HOG0005257	0.00147368	0.00149809	0.00178514	0.00259529	0.00191527	4.87343e-05	
N0.HOG0005258	0.00147368	0.00149809	0.00178514	0.00259529	0.00191527	4.87343e-05	
N0.HOG0005259	0.0798274	0.0793239	0.073089	0.0480218	0.0108988	5.62191e-05	
N0.HOG0005260	0.0798274	0.0793239	0.073089	0.0480218	0.0108988	5.62191e-05	
N0.HOG0005261	0.0798274	0.0793239	0.073089	0.0480218	0.0108988	5.62191e-05	
N0.HOG0005262	0.0798274	0.0793239	0.073089	0.0480218	0.0108988	5.62191e-05	
N0.HOG0005263	0.00147367	0.00149745	0.00177273	0.00246548	0.00153231	2.18671e-05	
N0.HOG0005264	0.0798274	0.0793239	0.073089	0.0480218	0.0108988	5.62191e-05	
N0.HOG0005265	0.0798274	0.0793239	0.073089	0.0480218	0.0108988	5.62191e-05	
N0.HOG0005266	0.0798274	0.0793239	0.073089	0.0480218	0.0108988	5.62191e-05	
N0.HOG0005267	0.0798274	0.0793239	0.073089	0.0480218	0.0108988	5.62191e-05	
N0.HOG0005268	0.0798274	0.0793239	0.073089	0.0480218	0.0108988	5.62191e-05	
N0.HOG0005269	0.0798274	0.0793239	0.073089	0.0480218	0.0108988	5.62191e-05	
N0.HOG0005270	2.72022e-05	2.73976e-05	2.97947e-05	3.83534e-05	3.4969e-05	1.61511e-06	
N0.HOG0005271	0.0798274	0.0793239	0.073089	0.0480218	0.0108988	5.62191e-05	
N0.HOG0005272	0.00147368	0.00149809	0.00178514	0.00259529	0.00191527	4.87343e-05	
N0.HOG0005273	0.00147361	0.00147857	0.00153306	0.00159638	0.000878332	1.74358e-05	
N0.HOG0005274	0.0798274	0.0793239	0.073089	0.0480218	0.0108988	5.62191e-05	
N0.HOG0005275	0.0798274	0.0793239	0.073089	0.0480218	0.0108988	5.62191e-05	
N0.HOG0005276	0.0798274	0.0793239	0.073089	0.0480218	0.0108988	5.62191e-05	
N0.HOG0005277	0.0798274	0.0793239	0.073089	0.0480218	0.0108988	5.62191e-05	
N0.HOG0005278	0.00147357	0.0014678	0.00139453	0.00106011	0.000361979	4.56087e-06	
N0.HOG0005279	0.0798274	0.0793239	0.073089	0.0480218	0.0108988	5.62191e-05	
N0.HOG0005280	0.0798274	0.0793239	0.073089	0.0480218	0.0108988	5.62191e-05	
N0.HOG0005281	0.00147369	0.00150284	0.00184674	0.00284409	0.00218856	5.81642e-05	
N0.HOG0005282	0.0798274	0.0793239	0.073089	0.0480218	0.0108988	5.62191e-05	
N0.HOG0005283	0.0798274	0.0793239	0.073089	0.0480218	0.0108988	5.62191e-05	
N0.HOG0005284	0.0798274	0.0793239	0.073089	0.0480218	0.0108988	5.62191e-05	
N0.HOG0005285	0.0798274	0.0793239	0.073089	0.0480218	0.0108988	5.62191e-05	
N0.HOG0005286	0.0798274	0.0793239	0.073089	0.0480218	0.0108988	5.62191e-05	
N0.HOG0005287	0.0798274	0.0793239	0.073089	0.0480218	0.0108988	5.62191e-05	
N0.HOG0005288	0.0798274	0.0793239	0.073089	0.0480218	0.0108988	5.62191e-05	
N0.HOG0005289	0.0798274	0.0793239	0.073089	0.0480218	0.0108988	5.62191e-05	
N0.HOG0005290	0.0798274	0.0793239	0.073089	0.0480218	0.0108988	5.62191e-05	
N0.HOG0005291	8.91677e-10	2.61932e-07	3.76566e-06	2.23026e-05	4.56077e-05	2.72808e-06	
N0.HOG0005292	0.0798274	0.0793239	0.073089	0.0480218	0.0108988	5.62191e-05	
N0.HOG0005293	0.00147369	0.00150284	0.00184674	0.00284409	0.00218856	5.81642e-05	
N0.HOG0005294	0.0798274	0.0793239	0.073089	0.0480218	0.0108988	5.62191e-05	
N0.HOG0005295	0.0798274	0.0793239	0.073089	0.0480218	0.0108988	5.62191e-05	
N0.HOG0005296	0.0798274	0.0793239	0.073089	0.0480218	0.0108988	5.62191e-05	
N0.HOG0005297	0.0798274	0.0793239	0.073089	0.0480218	0.0108988	5.62191e-05	
N0.HOG0005298	0.0798274	0.0793239	0.073089	0.0480218	0.0108988	5.62191e-05	
N0.HOG0005299	0.0798274	0.0793239	0.073089	0.0480218	0.0108988	5.62191e-05	
N0.HOG0005300	0.00147369	0.00150284	0.00184674	0.00284409	0.00218856	5.81642e-05	
N0.HOG0005301	0.00147369	0.00150284	0.00184674	0.00284409	0.00218856	5.81642e-05	
N0.HOG0005302	2.72043e-05	2.80125e-05	3.87357e-05	9.45458e-05	0.000176375	1.80391e-05	
N0.HOG0005303	0.0798274	0.0793239	0.073089	0.0480218	0.0108988	5.62191e-05	
N0.HOG0005304	0.0798274	0.0793239	0.073089	0.0480218	0.0108988	5.62191e-05	
N0.HOG0005305	0.0798274	0.0793239	0.073089	0.0480218	0.0108988	5.62191e-05	
N0.HOG0005306	2.72043e-05	2.80075e-05	3.86343e-05	9.28996e-05	0.000163089	1.33381e-05	
N0.HOG0005307	0.00147369	0.00150284	0.00184674	0.00284409	0.00218856	5.81642e-05	
N0.HOG0005308	0.0798274	0.0793239	0.073089	0.0480218	0.0108988	5.62191e-05	
N0.HOG0005309	0.0798274	0.0793239	0.073089	0.0480218	0.0108988	5.62191e-05	
N0.HOG0005310	2.72035e-05	2.77896e-05	3.49152e-05	5.99022e-05	6.35644e-05	3.65643e-06	
N0.HOG0005311	0.0798274	0.0793239	0.073089	0.0480218	0.0108988	5.62191e-05	
N0.HOG0005312	0.0798274	0.0793239	0.073089	0.0480218	0.0108988	5.62191e-05	
N0.HOG0005313	0.0798274	0.0793239	0.073089	0.0480218	0.0108988	5.62191e-05	
N0.HOG0005314	0.0798274	0.0793239	0.073089	0.0480218	0.0108988	5.62191e-05	
N0.HOG0005315	0.0798274	0.0793239	0.073089	0.0480218	0.0108988	5.62191e-05	
N0.HOG0005316	0.0798274	0.0793239	0.073089	0.0480218	0.0108988	5.62191e-05	
N0.HOG0005317	0.0798274	0.0793239	0.073089	0.0480218	0.0108988	5.62191e-05	
N0.HOG0005318	0.0798274	0.0793239	0.073089	0.0480218	0.0108988	5.62191e-05	
N0.HOG0005319	0.0798274	0.0793239	0.073089	0.0480218	0.0108988	5.62191e-05	
N0.HOG0005320	0.0798274	0.0793239	0.073089	0.0480218	0.0108988	5.62191e-05	
N0.HOG0005321	0.0798274	0.0793239	0.073089	0.0480218	0.0108988	5.62191e-05	
N0.HOG0005322	2.72055e-05	2.83822e-05	4.5105e-05	0.000153706	0.000384599	5.04204e-05	
N0.HOG0005323	0.00147369	0.00150211	0.00183197	0.00268218	0.00169918	2.34139e-05	
N0.HOG0005324	0.00147369	0.00150284	0.00184674	0.00284409	0.00218856	5.81642e-05	
N0.HOG0005325	0.0798274	0.0793239	0.073089	0.0480218	0.0108988	5.62191e-05	
N0.HOG0005326	0.00147368	0.00149809	0.00178514	0.00259529	0.00191527	4.87343e-05	
N0.HOG0005327	0.0798274	0.0793239	0.073089	0.0480218	0.0108988	5.62191e-05	
N0.HOG0005328	0.0798274	0.0793239	0.073089	0.0480218	0.0108988	5.62191e-05	
N0.HOG0005329	0.0798274	0.0793239	0.073089	0.0480218	0.0108988	5.62191e-05	
N0.HOG0005330	0.00147358	0.0014697	0.00141888	0.00115371	0.000449626	6.47774e-06	
N0.HOG0005331	0.0798274	0.0793239	0.073089	0.0480218	0.0108988	5.62191e-05	
N0.HOG0005332	0.0798274	0.0793239	0.073089	0.0480218	0.0108988	5.62191e-05	
N0.HOG0005333	5.02173e-07	5.1714e-07	7.22408e-07	2.00006e-06	5.58268e-06	1.13949e-06	
N0.HOG0005334	0.0798274	0.0793239	0.073089	0.0480218	0.0108988	5.62191e-05	
N0.HOG0005335	0.0798274	0.0793239	0.073089	0.0480218	0.0108988	5.62191e-05	
N0.HOG0005336	0.0798274	0.0793239	0.073089	0.0480218	0.0108988	5.62191e-05	
N0.HOG0005337	0.00147361	0.00147831	0.00152904	0.00156859	0.00081217	1.2892e-05	
N0.HOG0005338	0.0798274	0.0793239	0.073089	0.0480218	0.0108988	5.62191e-05	
N0.HOG0005339	0.0798274	0.0793239	0.073089	0.0480218	0.0108988	5.62191e-05	
N0.HOG0005340	0.0798274	0.0793239	0.073089	0.0480218	0.0108988	5.62191e-05	
N0.HOG0005341	0.00147357	0.00146681	0.00138185	0.00101143	0.000316545	3.53415e-06	
N0.HOG0005342	0.00147357	0.0014678	0.00139453	0.00106011	0.000361979	4.56087e-06	
N0.HOG0005343	0.00147358	0.00147125	0.00143885	0.00123069	0.000522969	8.34011e-06	
N0.HOG0005344	5.0214e-07	5.07464e-07	5.76219e-07	9.08735e-07	1.43313e-06	2.12411e-07	
N0.HOG0005345	0.0798274	0.0793239	0.073089	0.0480218	0.0108988	5.62191e-05	
N0.HOG0005346	0.00147359	0.00147313	0.00146275	0.00131817	0.000591351	8.96107e-06	
N0.HOG0005347	0.0798274	0.0793239	0.073089	0.0480218	0.0108988	5.62191e-05	
N0.HOG0005348	0.0798274	0.0793239	0.073089	0.0480218	0.0108988	5.62191e-05	
N0.HOG0005349	0.0798274	0.0793239	0.073089	0.0480218	0.0108988	5.62191e-05	
N0.HOG0005350	0.00147369	0.00150211	0.00183197	0.00268218	0.00169918	2.34139e-05	
N0.HOG0005351	0.00147358	0.00147125	0.00143885	0.00123069	0.000522969	8.34011e-06	
N0.HOG0005352	0.0798274	0.0793239	0.073089	0.0480218	0.0108988	5.62191e-05	
N0.HOG0005353	0.00147361	0.00147831	0.00152904	0.00156859	0.00081217	1.2892e-05	
N0.HOG0005354	0.0798274	0.0793239	0.073089	0.0480218	0.0108988	5.62191e-05	
N0.HOG0005355	2.72043e-05	2.80075e-05	3.86343e-05	9.28996e-05	0.000163089	1.33381e-05	
N0.HOG0005356	0.0798274	0.0793239	0.073089	0.0480218	0.0108988	5.62191e-05	
N0.HOG0005357	0.0798274	0.0793239	0.073089	0.0480218	0.0108988	5.62191e-05	
N0.HOG0005358	0.0798274	0.0793239	0.073089	0.0480218	0.0108988	5.62191e-05	
N0.HOG0005359	0.0798274	0.0793239	0.073089	0.0480218	0.0108988	5.62191e-05	
N0.HOG0005360	0.0798274	0.0793239	0.073089	0.0480218	0.0108988	5.62191e-05	
N0.HOG0005361	0.0798274	0.0793239	0.073089	0.0480218	0.0108988	5.62191e-05	
N0.HOG0005362	0.00147361	0.00147831	0.00152904	0.00156859	0.00081217	1.2892e-05	
N0.HOG0005363	0.0798274	0.0793239	0.073089	0.0480218	0.0108988	5.62191e-05	
N0.HOG0005364	0.0798274	0.0793239	0.073089	0.0480218	0.0108988	5.62191e-05	
N0.HOG0005365	0.00147367	0.00149745	0.00177273	0.00246548	0.00153231	2.18671e-05	
N0.HOG0005366	0.0798274	0.0793239	0.073089	0.0480218	0.0108988	5.62191e-05	
N0.HOG0005367	2.72023e-05	2.74188e-05	3.01012e-05	4.01994e-05	3.89711e-05	1.91248e-06	
N0.HOG0005368	0.0798274	0.0793239	0.073089	0.0480218	0.0108988	5.62191e-05	
N0.HOG0005369	0.00147369	0.00150284	0.00184674	0.00284409	0.00218856	5.81642e-05	
N0.HOG0005370	0.0798274	0.0793239	0.073089	0.0480218	0.0108988	5.62191e-05	
N0.HOG0005371	0.0798274	0.0793239	0.073089	0.0480218	0.0108988	5.62191e-05	
N0.HOG0005372	0.0798274	0.0793239	0.073089	0.0480218	0.0108988	5.62191e-05	
N0.HOG0005373	2.72024e-05	2.74619e-05	3.0732e-05	4.4291e-05	4.99927e-05	3.33035e-06	
N0.HOG0005374	0.0798274	0.0793239	0.073089	0.0480218	0.0108988	5.62191e-05	
N0.HOG0005375	0.0798274	0.0793239	0.073089	0.0480218	0.0108988	5.62191e-05	
N0.HOG0005376	0.0798274	0.0793239	0.073089	0.0480218	0.0108988	5.62191e-05	
N0.HOG0005377	0.0798274	0.0793239	0.073089	0.0480218	0.0108988	5.62191e-05	
N0.HOG0005378	0.0798274	0.0793239	0.073089	0.0480218	0.0108988	5.62191e-05	
N0.HOG0005379	8.91677e-10	2.61932e-07	3.76566e-06	2.23026e-05	4.56077e-05	2.72808e-06	
N0.HOG0005380	0.00147361	0.00147831	0.00152904	0.00156859	0.00081217	1.2892e-05	
N0.HOG0005381	0.00147357	0.0014678	0.00139453	0.00106011	0.000361979	4.56087e-06	
N0.HOG0005382	0.0798274	0.0793239	0.073089	0.0480218	0.0108988	5.62191e-05	
N0.HOG0005383	0.0798274	0.0793239	0.073089	0.0480218	0.0108988	5.62191e-05	
N0.HOG0005384	0.0798274	0.0793239	0.073089	0.0480218	0.0108988	5.62191e-05	
N0.HOG0005385	0.0798274	0.0793239	0.073089	0.0480218	0.0108988	5.62191e-05	
N0.HOG0005386	2.7204e-05	2.79239e-05	3.74436e-05	8.62748e-05	0.000154351	1.51184e-05	
N0.HOG0005387	0.0798274	0.0793239	0.073089	0.0480218	0.0108988	5.62191e-05	
N0.HOG0005388	0.0798274	0.0793239	0.073089	0.0480218	0.0108988	5.62191e-05	
N0.HOG0005389	0.0798274	0.0793239	0.073089	0.0480218	0.0108988	5.62191e-05	
N0.HOG0005390	0.0798274	0.0793239	0.073089	0.0480218	0.0108988	5.62191e-05	
N0.HOG0005391	2.72039e-05	2.79071e-05	3.70867e-05	8.06112e-05	0.000114954	5.07349e-06	
N0.HOG0005392	0.0798274	0.0793239	0.073089	0.0480218	0.0108988	5.62191e-05	
N0.HOG0005393	0.0798274	0.0793239	0.073089	0.0480218	0.0108988	5.62191e-05	
N0.HOG0005394	0.0798274	0.0793239	0.073089	0.0480218	0.0108988	5.62191e-05	
N0.HOG0005395	0.0798274	0.0793239	0.073089	0.0480218	0.0108988	5.62191e-05	
N0.HOG0005396	0.0798274	0.0793239	0.073089	0.0480218	0.0108988	5.62191e-05	
N0.HOG0005397	0.0798274	0.0793239	0.073089	0.0480218	0.0108988	5.62191e-05	
N0.HOG0005398	0.00147358	0.00147125	0.00143885	0.00123069	0.000522969	8.34011e-06	
N0.HOG0005399	0.0798274	0.0793239	0.073089	0.0480218	0.0108988	5.62191e-05	
N0.HOG0005400	0.0798274	0.0793239	0.073089	0.0480218	0.0108988	5.62191e-05	
N0.HOG0005401	0.0798274	0.0793239	0.073089	0.0480218	0.0108988	5.62191e-05	
N0.HOG0005402	0.0798274	0.0793239	0.073089	0.0480218	0.0108988	5.62191e-05	
N0.HOG0005403	0.0798274	0.0793239	0.073089	0.0480218	0.0108988	5.62191e-05	
N0.HOG0005404	0.0798274	0.0793239	0.073089	0.0480218	0.0108988	5.62191e-05	
N0.HOG0005405	0.0798274	0.0793239	0.073089	0.0480218	0.0108988	5.62191e-05	
N0.HOG0005406	0.0798274	0.0793239	0.073089	0.0480218	0.0108988	5.62191e-05	
N0.HOG0005407	0.0798274	0.0793239	0.073089	0.0480218	0.0108988	5.62191e-05	
N0.HOG0005408	0.0798274	0.0793239	0.073089	0.0480218	0.0108988	5.62191e-05	
N0.HOG0005409	0.0798274	0.0793239	0.073089	0.0480218	0.0108988	5.62191e-05	
N0.HOG0005410	0.00147368	0.00149809	0.00178514	0.00259529	0.00191527	4.87343e-05	
N0.HOG0005411	0.0798274	0.0793239	0.073089	0.0480218	0.0108988	5.62191e-05	
N0.HOG0005412	0.0798274	0.0793239	0.073089	0.0480218	0.0108988	5.62191e-05	
N0.HOG0005413	0.00147369	0.00150284	0.00184674	0.00284409	0.00218856	5.81642e-05	
N0.HOG0005414	0.0798274	0.0793239	0.073089	0.0480218	0.0108988	5.62191e-05	
N0.HOG0005415	2.72038e-05	2.78713e-05	3.63099e-05	7.2287e-05	0.000101007	7.35297e-06	
N0.HOG0005416	2.72043e-05	2.80075e-05	3.86343e-05	9.28996e-05	0.000163089	1.33381e-05	
N0.HOG0005417	0.0798274	0.0793239	0.073089	0.0480218	0.0108988	5.62191e-05	
N0.HOG0005418	0.0798274	0.0793239	0.073089	0.0480218	0.0108988	5.62191e-05	
N0.HOG0005419	0.0798274	0.0793239	0.073089	0.0480218	0.0108988	5.62191e-05	
N0.HOG0005420	0.00147368	0.00149809	0.00178514	0.00259529	0.00191527	4.87343e-05	
N0.HOG0005421	0.0798274	0.0793239	0.073089	0.0480218	0.0108988	5.62191e-05	
N0.HOG0005422	0.0798274	0.0793239	0.073089	0.0480218	0.0108988	5.62191e-05	
N0.HOG0005423	0.00147369	0.00150211	0.00183197	0.00268218	0.00169918	2.34139e-05	
N0.HOG0005424	0.0798274	0.0793239	0.073089	0.0480218	0.0108988	5.62191e-05	
N0.HOG0005425	0.0798274	0.0793239	0.073089	0.0480218	0.0108988	5.62191e-05	
N0.HOG0005426	0.0798274	0.0793239	0.073089	0.0480218	0.0108988	5.62191e-05	
N0.HOG0005427	0.0798274	0.0793239	0.073089	0.0480218	0.0108988	5.62191e-05	
N0.HOG0005428	0.0798274	0.0793239	0.073089	0.0480218	0.0108988	5.62191e-05	
N0.HOG0005429	0.00147357	0.0014678	0.00139453	0.00106011	0.000361979	4.56087e-06	
N0.HOG0005430	0.0798274	0.0793239	0.073089	0.0480218	0.0108988	5.62191e-05	
N0.HOG0005431	0.0798274	0.0793239	0.073089	0.0480218	0.0108988	5.62191e-05	
N0.HOG0005432	0.0798274	0.0793239	0.073089	0.0480218	0.0108988	5.62191e-05	
N0.HOG0005433	0.0798274	0.0793239	0.073089	0.0480218	0.0108988	5.62191e-05	
N0.HOG0005434	0.0798274	0.0793239	0.073089	0.0480218	0.0108988	5.62191e-05	
N0.HOG0005435	0.0798274	0.0793239	0.073089	0.0480218	0.0108988	5.62191e-05	
N0.HOG0005436	5.31061e-07	8.92565e-06	0.000108884	0.000421566	0.000411597	1.11256e-05	
N0.HOG0005437	0.0798274	0.0793239	0.073089	0.0480218	0.0108988	5.62191e-05	
N0.HOG0005438	0.0798274	0.0793239	0.073089	0.0480218	0.0108988	5.62191e-05	
N0.HOG0005439	0.0798274	0.0793239	0.073089	0.0480218	0.0108988	5.62191e-05	
N0.HOG0005440	0.0798274	0.0793239	0.073089	0.0480218	0.0108988	5.62191e-05	
N0.HOG0005441	0.0798274	0.0793239	0.073089	0.0480218	0.0108988	5.62191e-05	
N0.HOG0005442	0.0798274	0.0793239	0.073089	0.0480218	0.0108988	5.62191e-05	
N0.HOG0005443	2.72037e-05	2.78387e-05	3.5755e-05	6.74644e-05	8.75904e-05	6.49154e-06	
N0.HOG0005444	0.0798274	0.0793239	0.073089	0.0480218	0.0108988	5.62191e-05	
N0.HOG0005445	0.00147369	0.00150284	0.00184674	0.00284409	0.00218856	5.81642e-05	
N0.HOG0005446	0.0798274	0.0793239	0.073089	0.0480218	0.0108988	5.62191e-05	
N0.HOG0005447	2.72043e-05	2.80075e-05	3.86343e-05	9.28996e-05	0.000163089	1.33381e-05	
N0.HOG0005448	0.00147369	0.00150284	0.00184674	0.00284409	0.00218856	5.81642e-05	
N0.HOG0005449	0.0798274	0.0793239	0.073089	0.0480218	0.0108988	5.62191e-05	
N0.HOG0005450	0.0798274	0.0793239	0.073089	0.0480218	0.0108988	5.62191e-05	
N0.HOG0005451	0.0798274	0.0793239	0.073089	0.0480218	0.0108988	5.62191e-05	
N0.HOG0005452	0.00147361	0.00147831	0.00152904	0.00156859	0.00081217	1.2892e-05	
N0.HOG0005453	0.0798274	0.0793239	0.073089	0.0480218	0.0108988	5.62191e-05	
N0.HOG0005454	0.0798274	0.0793239	0.073089	0.0480218	0.0108988	5.62191e-05	
N0.HOG0005455	0.0798274	0.0793239	0.073089	0.0480218	0.0108988	5.62191e-05	
N0.HOG0005456	0.0798274	0.0793239	0.073089	0.0480218	0.0108988	5.62191e-05	
N0.HOG0005457	0.0798274	0.0793239	0.073089	0.0480218	0.0108988	5.62191e-05	
N0.HOG0005458	0.0798274	0.0793239	0.073089	0.0480218	0.0108988	5.62191e-05	
N0.HOG0005459	0.0798274	0.0793239	0.073089	0.0480218	0.0108988	5.62191e-05	
N0.HOG0005460	0.00147358	0.00147125	0.00143885	0.00123069	0.000522969	8.34011e-06	
N0.HOG0005461	0.0798274	0.0793239	0.073089	0.0480218	0.0108988	5.62191e-05	
N0.HOG0005462	1.64612e-11	4.96247e-09	9.5147e-08	1.32087e-06	9.15835e-06	2.82247e-06	
N0.HOG0005463	0.00147369	0.00150284	0.00184674	0.00284409	0.00218856	5.81642e-05	
N0.HOG0005464	0.0798274	0.0793239	0.073089	0.0480218	0.0108988	5.62191e-05	
N0.HOG0005465	0.00147368	0.00149809	0.00178514	0.00259529	0.00191527	4.87343e-05	
N0.HOG0005466	0.00147358	0.0014697	0.00141888	0.00115371	0.000449626	6.47774e-06	
N0.HOG0005467	0.0798274	0.0793239	0.073089	0.0480218	0.0108988	5.62191e-05	
N0.HOG0005468	0.0798274	0.0793239	0.073089	0.0480218	0.0108988	5.62191e-05	
N0.HOG0005469	0.0798274	0.0793239	0.073089	0.0480218	0.0108988	5.62191e-05	
N0.HOG0005470	2.72037e-05	2.78369e-05	3.57231e-05	6.71016e-05	8.56179e-05	5.94996e-06	
N0.HOG0005471	2.72037e-05	2.78443e-05	3.58508e-05	6.83287e-05	9.0288e-05	6.70186e-06	
N0.HOG0005472	0.00147369	0.00150284	0.00184674	0.00284409	0.00218856	5.81642e-05	
N0.HOG0005473	0.00147369	0.00150284	0.00184674	0.00284409	0.00218856	5.81642e-05	
N0.HOG0005474	0.00147369	0.00150284	0.00184674	0.00284409	0.00218856	5.81642e-05	
N0.HOG0005475	0.0798274	0.0793239	0.073089	0.0480218	0.0108988	5.62191e-05	
N0.HOG0005476	0.0798274	0.0793239	0.073089	0.0480218	0.0108988	5.62191e-05	
N0.HOG0005477	0.0798274	0.0793239	0.073089	0.0480218	0.0108988	5.62191e-05	
N0.HOG0005478	0.00147361	0.00147831	0.00152904	0.00156859	0.00081217	1.2892e-05	
N0.HOG0005479	0.00147361	0.00147857	0.00153306	0.00159638	0.000878332	1.74358e-05	
N0.HOG0005480	0.0798274	0.0793239	0.073089	0.0480218	0.0108988	5.62191e-05	
N0.HOG0005481	0.00147358	0.00147125	0.00143885	0.00123069	0.000522969	8.34011e-06	
N0.HOG0005482	2.72038e-05	2.78602e-05	3.60648e-05	6.87383e-05	8.15337e-05	3.47346e-06	
N0.HOG0005483	0.0798274	0.0793239	0.073089	0.0480218	0.0108988	5.62191e-05	
N0.HOG0005484	0.0798274	0.0793239	0.073089	0.0480218	0.0108988	5.62191e-05	
N0.HOG0005485	0.0798274	0.0793239	0.073089	0.0480218	0.0108988	5.62191e-05	
N0.HOG0005486	0.0798274	0.0793239	0.073089	0.0480218	0.0108988	5.62191e-05	
N0.HOG0005487	0.00147369	0.00150284	0.00184674	0.00284409	0.00218856	5.81642e-05	
N0.HOG0005488	0.0798274	0.0793239	0.073089	0.0480218	0.0108988	5.62191e-05	
N0.HOG0005489	0.0798274	0.0793239	0.073089	0.0480218	0.0108988	5.62191e-05	
N0.HOG0005490	0.0798274	0.0793239	0.073089	0.0480218	0.0108988	5.62191e-05	
N0.HOG0005491	0.00147368	0.00149809	0.00178514	0.00259529	0.00191527	4.87343e-05	
N0.HOG0005492	3.15879e-12	3.29767e-12	5.45967e-12	3.12908e-11	4.81877e-10	2.73924e-09	
N0.HOG0005493	0.0798274	0.0793239	0.073089	0.0480218	0.0108988	5.62191e-05	
N0.HOG0005494	0.0798274	0.0793239	0.073089	0.0480218	0.0108988	5.62191e-05	
N0.HOG0005495	0.0798274	0.0793239	0.073089	0.0480218	0.0108988	5.62191e-05	
N0.HOG0005496	0.0798274	0.0793239	0.073089	0.0480218	0.0108988	5.62191e-05	
N0.HOG0005497	0.0798274	0.0793239	0.073089	0.0480218	0.0108988	5.62191e-05	
N0.HOG0005498	0.0798274	0.0793239	0.073089	0.0480218	0.0108988	5.62191e-05	
N0.HOG0005499	0.0798274	0.0793239	0.073089	0.0480218	0.0108988	5.62191e-05	
N0.HOG0005500	0.0798274	0.0793239	0.073089	0.0480218	0.0108988	5.62191e-05	
N0.HOG0005501	0.00147358	0.00146931	0.00141382	0.00113299	0.000426369	5.75099e-06	
N0.HOG0005502	0.0798274	0.0793239	0.073089	0.0480218	0.0108988	5.62191e-05	
N0.HOG0005503	0.0798274	0.0793239	0.073089	0.0480218	0.0108988	5.62191e-05	
N0.HOG0005504	0.0798274	0.0793239	0.073089	0.0480218	0.0108988	5.62191e-05	
N0.HOG0005505	0.0798274	0.0793239	0.073089	0.0480218	0.0108988	5.62191e-05	
N0.HOG0005506	0.0798274	0.0793239	0.073089	0.0480218	0.0108988	5.62191e-05	
N0.HOG0005507	0.0798274	0.0793239	0.073089	0.0480218	0.0108988	5.62191e-05	
N0.HOG0005508	0.00147369	0.00150284	0.00184674	0.00284409	0.00218856	5.81642e-05	
N0.HOG0005509	0.0798274	0.0793239	0.073089	0.0480218	0.0108988	5.62191e-05	
N0.HOG0005510	0.0798274	0.0793239	0.073089	0.0480218	0.0108988	5.62191e-05	
N0.HOG0005511	0.0798274	0.0793239	0.073089	0.0480218	0.0108988	5.62191e-05	
N0.HOG0005512	0.00147358	0.00146931	0.00141382	0.00113299	0.000426369	5.75099e-06	
N0.HOG0005513	0.0798274	0.0793239	0.073089	0.0480218	0.0108988	5.62191e-05	
N0.HOG0005514	0.00147369	0.00150284	0.00184674	0.00284409	0.00218856	5.81642e-05	
N0.HOG0005515	0.0798274	0.0793239	0.073089	0.0480218	0.0108988	5.62191e-05	
N0.HOG0005516	0.0798274	0.0793239	0.073089	0.0480218	0.0108988	5.62191e-05	
N0.HOG0005517	0.00147358	0.0014694	0.00141509	0.00113912	0.000436192	6.27445e-06	
N0.HOG0005518	2.72055e-05	2.83822e-05	4.5105e-05	0.000153706	0.000384599	5.04204e-05	
N0.HOG0005519	0.0798274	0.0793239	0.073089	0.0480218	0.0108988	5.62191e-05	
N0.HOG0005520	0.00147361	0.00147857	0.00153306	0.00159638	0.000878332	1.74358e-05	
N0.HOG0005521	0.0798274	0.0793239	0.073089	0.0480218	0.0108988	5.62191e-05	
N0.HOG0005522	0.0798274	0.0793239	0.073089	0.0480218	0.0108988	5.62191e-05	
N0.HOG0005523	0.0798274	0.0793239	0.073089	0.0480218	0.0108988	5.62191e-05	
N0.HOG0005524	0.00147361	0.00147831	0.00152904	0.00156859	0.00081217	1.2892e-05	
N0.HOG0005525	5.02212e-07	5.29036e-07	9.46087e-07	5.10962e-06	3.09948e-05	1.56415e-05	
N0.HOG0005526	0.0798274	0.0793239	0.073089	0.0480218	0.0108988	5.62191e-05	
N0.HOG0005527	0.00147361	0.00147831	0.00152904	0.00156859	0.00081217	1.2892e-05	
N0.HOG0005528	0.0798274	0.0793239	0.073089	0.0480218	0.0108988	5.62191e-05	
N0.HOG0005529	0.00147361	0.00147857	0.00153306	0.00159638	0.000878332	1.74358e-05	
N0.HOG0005530	0.0798274	0.0793239	0.073089	0.0480218	0.0108988	5.62191e-05	
N0.HOG0005531	0.0798274	0.0793239	0.073089	0.0480218	0.0108988	5.62191e-05	
N0.HOG0005532	0.0798274	0.0793239	0.073089	0.0480218	0.0108988	5.62191e-05	
N0.HOG0005533	0.0798274	0.0793239	0.073089	0.0480218	0.0108988	5.62191e-05	
N0.HOG0005535	7.20701e-17	6.4597e-12	2.01252e-09	2.19932e-07	6.26391e-06	3.70905e-06	
N0.HOG0005536	0.00147361	0.00147857	0.00153306	0.00159638	0.000878332	1.74358e-05	
N0.HOG0005537	0.0798274	0.0793239	0.073089	0.0480218	0.0108988	5.62191e-05	
N0.HOG0005538	0.00147368	0.00149809	0.00178514	0.00259529	0.00191527	4.87343e-05	
N0.HOG0005539	0.0798274	0.0793239	0.073089	0.0480218	0.0108988	5.62191e-05	
N0.HOG0005540	0.0798274	0.0793239	0.073089	0.0480218	0.0108988	5.62191e-05	
N0.HOG0005541	0.0798274	0.0793239	0.073089	0.0480218	0.0108988	5.62191e-05	
N0.HOG0005542	0.0798274	0.0793239	0.073089	0.0480218	0.0108988	5.62191e-05	
N0.HOG0005543	2.72043e-05	2.80075e-05	3.86343e-05	9.28996e-05	0.000163089	1.33381e-05	
N0.HOG0005544	0.00147367	0.00149745	0.00177273	0.00246548	0.00153231	2.18671e-05	
N0.HOG0005545	0.0798274	0.0793239	0.073089	0.0480218	0.0108988	5.62191e-05	
N0.HOG0005546	0.0798274	0.0793239	0.073089	0.0480218	0.0108988	5.62191e-05	
N0.HOG0005547	0.0798274	0.0793239	0.073089	0.0480218	0.0108988	5.62191e-05	
N0.HOG0005548	0.0798274	0.0793239	0.073089	0.0480218	0.0108988	5.62191e-05	
N0.HOG0005549	0.0798274	0.0793239	0.073089	0.0480218	0.0108988	5.62191e-05	
N0.HOG0005550	0.0798274	0.0793239	0.073089	0.0480218	0.0108988	5.62191e-05	
N0.HOG0005551	0.0798274	0.0793239	0.073089	0.0480218	0.0108988	5.62191e-05	
N0.HOG0005552	0.00147358	0.0014697	0.00141888	0.00115371	0.000449626	6.47774e-06	
N0.HOG0005553	0.0798274	0.0793239	0.073089	0.0480218	0.0108988	5.62191e-05	
N0.HOG0005554	0.00147369	0.00150284	0.00184674	0.00284409	0.00218856	5.81642e-05	
N0.HOG0005555	0.0798274	0.0793239	0.073089	0.0480218	0.0108988	5.62191e-05	
N0.HOG0005556	0.0798274	0.0793239	0.073089	0.0480218	0.0108988	5.62191e-05	
N0.HOG0005557	0.00147369	0.00150211	0.00183197	0.00268218	0.00169918	2.34139e-05	
N0.HOG0005558	0.0798274	0.0793239	0.073089	0.0480218	0.0108988	5.62191e-05	
N0.HOG0005559	0.0798274	0.0793239	0.073089	0.0480218	0.0108988	5.62191e-05	
N0.HOG0005560	0.00147369	0.00150284	0.00184674	0.00284409	0.00218856	5.81642e-05	
N0.HOG0005561	0.0798274	0.0793239	0.073089	0.0480218	0.0108988	5.62191e-05	
N0.HOG0005562	0.0798274	0.0793239	0.073089	0.0480218	0.0108988	5.62191e-05	
N0.HOG0005563	0.0798274	0.0793239	0.073089	0.0480218	0.0108988	5.62191e-05	
N0.HOG0005564	2.72043e-05	2.80075e-05	3.86343e-05	9.28996e-05	0.000163089	1.33381e-05	
N0.HOG0005565	0.0798274	0.0793239	0.073089	0.0480218	0.0108988	5.62191e-05	
N0.HOG0005566	0.00147367	0.00149745	0.00177273	0.00246548	0.00153231	2.18671e-05	
N0.HOG0005567	0.0798274	0.0793239	0.073089	0.0480218	0.0108988	5.62191e-05	
N0.HOG0005568	0.0798274	0.0793239	0.073089	0.0480218	0.0108988	5.62191e-05	
N0.HOG0005569	5.02165e-07	5.14874e-07	6.76748e-07	1.40452e-06	2.25862e-06	2.11997e-07	
N0.HOG0005570	0.0798274	0.0793239	0.073089	0.0480218	0.0108988	5.62191e-05	
N0.HOG0005571	0.00147358	0.0014694	0.00141509	0.00113912	0.000436192	6.27445e-06	
N0.HOG0005572	0.0798274	0.0793239	0.073089	0.0480218	0.0108988	5.62191e-05	
N0.HOG0005573	0.0798274	0.0793239	0.073089	0.0480218	0.0108988	5.62191e-05	
N0.HOG0005574	0.0798274	0.0793239	0.073089	0.0480218	0.0108988	5.62191e-05	
N0.HOG0005575	0.0798274	0.0793239	0.073089	0.0480218	0.0108988	5.62191e-05	
N0.HOG0005576	0.0798274	0.0793239	0.073089	0.0480218	0.0108988	5.62191e-05	
N0.HOG0005577	0.00147361	0.00147857	0.00153306	0.00159638	0.000878332	1.74358e-05	
N0.HOG0005578	0.0798274	0.0793239	0.073089	0.0480218	0.0108988	5.62191e-05	
N0.HOG0005579	0.0798274	0.0793239	0.073089	0.0480218	0.0108988	5.62191e-05	
N0.HOG0005580	0.0798274	0.0793239	0.073089	0.0480218	0.0108988	5.62191e-05	
N0.HOG0005581	0.0798274	0.0793239	0.073089	0.0480218	0.0108988	5.62191e-05	
N0.HOG0005582	0.0798274	0.0793239	0.073089	0.0480218	0.0108988	5.62191e-05	
N0.HOG0005583	5.02126e-07	5.03311e-07	5.17679e-07	5.64148e-07	4.78217e-07	3.60337e-08	
N0.HOG0005584	0.00147358	0.00147125	0.00143885	0.00123069	0.000522969	8.34011e-06	
N0.HOG0005585	0.00147358	0.00147125	0.00143885	0.00123069	0.000522969	8.34011e-06	
N0.HOG0005586	0.0798274	0.0793239	0.073089	0.0480218	0.0108988	5.62191e-05	
N0.HOG0005587	0.0798274	0.0793239	0.073089	0.0480218	0.0108988	5.62191e-05	
N0.HOG0005588	0.0798274	0.0793239	0.073089	0.0480218	0.0108988	5.62191e-05	
N0.HOG0005589	2.72023e-05	2.74188e-05	3.01012e-05	4.01994e-05	3.89711e-05	1.91248e-06	
N0.HOG0005590	0.00147369	0.00150284	0.00184674	0.00284409	0.00218856	5.81642e-05	
N0.HOG0005591	2.72014e-05	2.71623e-05	2.66262e-05	2.32755e-05	1.12213e-05	2.90237e-07	
N0.HOG0005592	0.00147361	0.00147857	0.00153306	0.00159638	0.000878332	1.74358e-05	
N0.HOG0005593	0.00147358	0.00147125	0.00143885	0.00123069	0.000522969	8.34011e-06	
N0.HOG0005594	0.00147358	0.00147125	0.00143885	0.00123069	0.000522969	8.34011e-06	
N0.HOG0005595	0.0798274	0.0793239	0.073089	0.0480218	0.0108988	5.62191e-05	
N0.HOG0005596	0.00147358	0.00147112	0.00143705	0.00122055	0.000503005	7.10707e-06	
N0.HOG0005597	0.0798274	0.0793239	0.073089	0.0480218	0.0108988	5.62191e-05	
N0.HOG0005598	0.0798274	0.0793239	0.073089	0.0480218	0.0108988	5.62191e-05	
N0.HOG0005599	0.0798274	0.0793239	0.073089	0.0480218	0.0108988	5.62191e-05	
N0.HOG0005600	0.0798274	0.0793239	0.073089	0.0480218	0.0108988	5.62191e-05	
N0.HOG0005601	0.0798274	0.0793239	0.073089	0.0480218	0.0108988	5.62191e-05	
N0.HOG0005602	0.00147358	0.00147112	0.00143705	0.00122055	0.000503005	7.10707e-06	
N0.HOG0005603	0.0798274	0.0793239	0.073089	0.0480218	0.0108988	5.62191e-05	
N0.HOG0005604	0.0798274	0.0793239	0.073089	0.0480218	0.0108988	5.62191e-05	
N0.HOG0005605	0.0798274	0.0793239	0.073089	0.0480218	0.0108988	5.62191e-05	
N0.HOG0005606	0.0798274	0.0793239	0.073089	0.0480218	0.0108988	5.62191e-05	
N0.HOG0005607	0.00147359	0.0014733	0.00146512	0.00133226	0.000620288	1.07329e-05	
N0.HOG0005608	0.0798274	0.0793239	0.073089	0.0480218	0.0108988	5.62191e-05	
N0.HOG0005609	0.00147369	0.00150284	0.00184674	0.00284409	0.00218856	5.81642e-05	
N0.HOG0005610	0.0798274	0.0793239	0.073089	0.0480218	0.0108988	5.62191e-05	
N0.HOG0005611	0.0798274	0.0793239	0.073089	0.0480218	0.0108988	5.62191e-05	
N0.HOG0005612	0.0798274	0.0793239	0.073089	0.0480218	0.0108988	5.62191e-05	
N0.HOG0005613	0.0798274	0.0793239	0.073089	0.0480218	0.0108988	5.62191e-05	
N0.HOG0005614	0.00147357	0.00146681	0.00138185	0.00101143	0.000316545	3.53415e-06	
N0.HOG0005615	0.0798274	0.0793239	0.073089	0.0480218	0.0108988	5.62191e-05	
N0.HOG0005616	0.0798274	0.0793239	0.073089	0.0480218	0.0108988	5.62191e-05	
N0.HOG0005617	0.00147368	0.00149809	0.00178514	0.00259529	0.00191527	4.87343e-05	
N0.HOG0005618	0.0798274	0.0793239	0.073089	0.0480218	0.0108988	5.62191e-05	
N0.HOG0005619	0.0798274	0.0793239	0.073089	0.0480218	0.0108988	5.62191e-05	
N0.HOG0005620	0.00147369	0.00150284	0.00184674	0.00284409	0.00218856	5.81642e-05	
N0.HOG0005621	0.00147368	0.00149809	0.00178514	0.00259529	0.00191527	4.87343e-05	
N0.HOG0005622	0.0798274	0.0793239	0.073089	0.0480218	0.0108988	5.62191e-05	
N0.HOG0005623	0.0798274	0.0793239	0.073089	0.0480218	0.0108988	5.62191e-05	
N0.HOG0005624	0.0798274	0.0793239	0.073089	0.0480218	0.0108988	5.62191e-05	
N0.HOG0005625	0.0798274	0.0793239	0.073089	0.0480218	0.0108988	5.62191e-05	
N0.HOG0005626	0.0798274	0.0793239	0.073089	0.0480218	0.0108988	5.62191e-05	
N0.HOG0005627	0.00147358	0.0014694	0.00141509	0.00113912	0.000436192	6.27445e-06	
N0.HOG0005628	2.72018e-05	2.72866e-05	2.82952e-05	3.10999e-05	2.31341e-05	9.16956e-07	
N0.HOG0005629	0.0798274	0.0793239	0.073089	0.0480218	0.0108988	5.62191e-05	
N0.HOG0005630	0.0798274	0.0793239	0.073089	0.0480218	0.0108988	5.62191e-05	
N0.HOG0005631	0.0798274	0.0793239	0.073089	0.0480218	0.0108988	5.62191e-05	
N0.HOG0005632	0.0798274	0.0793239	0.073089	0.0480218	0.0108988	5.62191e-05	
N0.HOG0005633	0.00147361	0.00147831	0.00152904	0.00156859	0.00081217	1.2892e-05	
N0.HOG0005634	0.0798274	0.0793239	0.073089	0.0480218	0.0108988	5.62191e-05	
N0.HOG0005635	0.00147358	0.00147011	0.0014242	0.00117418	0.000469273	7.04902e-06	
N0.HOG0005636	0.0798274	0.0793239	0.073089	0.0480218	0.0108988	5.62191e-05	
N0.HOG0005637	0.0798274	0.0793239	0.073089	0.0480218	0.0108988	5.62191e-05	
N0.HOG0005638	0.0798274	0.0793239	0.073089	0.0480218	0.0108988	5.62191e-05	
N0.HOG0005639	0.0798274	0.0793239	0.073089	0.0480218	0.0108988	5.62191e-05	
N0.HOG0005640	0.0798274	0.0793239	0.073089	0.0480218	0.0108988	5.62191e-05	
N0.HOG0005641	0.0798274	0.0793239	0.073089	0.0480218	0.0108988	5.62191e-05	
N0.HOG0005642	0.00147357	0.0014678	0.00139453	0.00106011	0.000361979	4.56087e-06	
N0.HOG0005643	0.0798274	0.0793239	0.073089	0.0480218	0.0108988	5.62191e-05	
N0.HOG0005644	0.00147356	0.00146575	0.00136818	0.000959113	0.000268125	2.47615e-06	
N0.HOG0005645	0.0798274	0.0793239	0.073089	0.0480218	0.0108988	5.62191e-05	
N0.HOG0005646	0.0798274	0.0793239	0.073089	0.0480218	0.0108988	5.62191e-05	
N0.HOG0005647	0.0798274	0.0793239	0.073089	0.0480218	0.0108988	5.62191e-05	
N0.HOG0005648	0.0798274	0.0793239	0.073089	0.0480218	0.0108988	5.62191e-05	
N0.HOG0005649	0.0798274	0.0793239	0.073089	0.0480218	0.0108988	5.62191e-05	
N0.HOG0005650	0.00147358	0.00147112	0.00143705	0.00122055	0.000503005	7.10707e-06	
N0.HOG0005651	0.00147361	0.00147831	0.00152904	0.00156859	0.00081217	1.2892e-05	
N0.HOG0005652	0.0798274	0.0793239	0.073089	0.0480218	0.0108988	5.62191e-05	
N0.HOG0005653	0.0798274	0.0793239	0.073089	0.0480218	0.0108988	5.62191e-05	
N0.HOG0005654	0.0798274	0.0793239	0.073089	0.0480218	0.0108988	5.62191e-05	
N0.HOG0005655	0.0798274	0.0793239	0.073089	0.0480218	0.0108988	5.62191e-05	
N0.HOG0005656	5.02146e-07	5.09165e-07	6.02481e-07	1.11984e-06	2.28203e-06	3.64681e-07	
N0.HOG0005657	5.02137e-07	5.06776e-07	5.65833e-07	8.31522e-07	1.14137e-06	1.44717e-07	
N0.HOG0005658	0.0798274	0.0793239	0.073089	0.0480218	0.0108988	5.62191e-05	
N0.HOG0005659	0.0798274	0.0793239	0.073089	0.0480218	0.0108988	5.62191e-05	
N0.HOG0005660	0.0798274	0.0793239	0.073089	0.0480218	0.0108988	5.62191e-05	
N0.HOG0005661	0.0798274	0.0793239	0.073089	0.0480218	0.0108988	5.62191e-05	
N0.HOG0005662	0.0798274	0.0793239	0.073089	0.0480218	0.0108988	5.62191e-05	
N0.HOG0005663	0.00147361	0.00147857	0.00153306	0.00159638	0.000878332	1.74358e-05	
N0.HOG0005664	0.0798274	0.0793239	0.073089	0.0480218	0.0108988	5.62191e-05	
N0.HOG0005665	0.0798274	0.0793239	0.073089	0.0480218	0.0108988	5.62191e-05	
N0.HOG0005666	0.00147358	0.0014698	0.00142017	0.00115864	0.000454567	6.69617e-06	
N0.HOG0005667	2.72021e-05	2.73594e-05	2.92513e-05	3.5244e-05	2.91756e-05	1.41477e-06	
N0.HOG0005668	0.0798274	0.0793239	0.073089	0.0480218	0.0108988	5.62191e-05	
N0.HOG0005669	0.0798274	0.0793239	0.073089	0.0480218	0.0108988	5.62191e-05	
N0.HOG0005670	0.0798274	0.0793239	0.073089	0.0480218	0.0108988	5.62191e-05	
N0.HOG0005671	0.0798274	0.0793239	0.073089	0.0480218	0.0108988	5.62191e-05	
N0.HOG0005672	0.00147357	0.00146774	0.00139369	0.00105657	0.000357719	4.41484e-06	
N0.HOG0005673	0.00147367	0.00149745	0.00177273	0.00246548	0.00153231	2.18671e-05	
N0.HOG0005674	0.0798274	0.0793239	0.073089	0.0480218	0.0108988	5.62191e-05	
N0.HOG0005675	0.0798274	0.0793239	0.073089	0.0480218	0.0108988	5.62191e-05	
N0.HOG0005676	0.00147361	0.00147831	0.00152904	0.00156859	0.00081217	1.2892e-05	
N0.HOG0005677	0.0798274	0.0793239	0.073089	0.0480218	0.0108988	5.62191e-05	
N0.HOG0005678	0.0798274	0.0793239	0.073089	0.0480218	0.0108988	5.62191e-05	
N0.HOG0005679	0.0798274	0.0793239	0.073089	0.0480218	0.0108988	5.62191e-05	
N0.HOG0005680	0.00147358	0.00147011	0.0014242	0.00117418	0.000469273	7.04902e-06	
N0.HOG0005681	0.00147357	0.00146774	0.00139369	0.00105657	0.000357719	4.41484e-06	
N0.HOG0005682	0.0798274	0.0793239	0.073089	0.0480218	0.0108988	5.62191e-05	
N0.HOG0005683	0.00147356	0.00146575	0.00136816	0.000959011	0.000267973	2.47948e-06	
N0.HOG0005684	0.0798274	0.0793239	0.073089	0.0480218	0.0108988	5.62191e-05	
N0.HOG0005685	0.0798274	0.0793239	0.073089	0.0480218	0.0108988	5.62191e-05	
N0.HOG0005686	0.0798274	0.0793239	0.073089	0.0480218	0.0108988	5.62191e-05	
N0.HOG0005687	0.00147361	0.00147831	0.00152904	0.00156859	0.00081217	1.2892e-05	
N0.HOG0005688	0.00147361	0.00147831	0.00152904	0.00156859	0.00081217	1.2892e-05	
N0.HOG0005689	2.7202e-05	2.73545e-05	2.9174e-05	3.46273e-05	2.69743e-05	1.04573e-06	
N0.HOG0005690	0.00147361	0.00147831	0.00152904	0.00156859	0.00081217	1.2892e-05	
N0.HOG0005691	0.00147361	0.00147831	0.00152904	0.00156859	0.00081217	1.2892e-05	
N0.HOG0005692	0.0798274	0.0793239	0.073089	0.0480218	0.0108988	5.62191e-05	
N0.HOG0005693	2.72034e-05	2.77582e-05	3.46863e-05	6.26177e-05	7.9882e-05	5.80471e-06	
N0.HOG0005694	2.72055e-05	2.83822e-05	4.5105e-05	0.000153706	0.000384599	5.04204e-05	
N0.HOG0005695	0.0798274	0.0793239	0.073089	0.0480218	0.0108988	5.62191e-05	
N0.HOG0005696	0.00147369	0.00150284	0.00184674	0.00284409	0.00218856	5.81642e-05	
N0.HOG0005697	2.72017e-05	2.72565e-05	2.78323e-05	2.78347e-05	1.52424e-05	3.56639e-07	
N0.HOG0005698	0.0798274	0.0793239	0.073089	0.0480218	0.0108988	5.62191e-05	
N0.HOG0005699	0.0798274	0.0793239	0.073089	0.0480218	0.0108988	5.62191e-05	
N0.HOG0005700	0.0798274	0.0793239	0.073089	0.0480218	0.0108988	5.62191e-05	
N0.HOG0005701	0.0798274	0.0793239	0.073089	0.0480218	0.0108988	5.62191e-05	
N0.HOG0005702	0.00147361	0.00147831	0.00152904	0.00156859	0.00081217	1.2892e-05	
N0.HOG0005703	0.0798274	0.0793239	0.073089	0.0480218	0.0108988	5.62191e-05	
N0.HOG0005704	0.0798274	0.0793239	0.073089	0.0480218	0.0108988	5.62191e-05	
N0.HOG0005705	0.00147357	0.00146774	0.00139369	0.00105657	0.000357719	4.41484e-06	
N0.HOG0005706	0.0798274	0.0793239	0.073089	0.0480218	0.0108988	5.62191e-05	
N0.HOG0005707	0.00147368	0.00149809	0.00178514	0.00259529	0.00191527	4.87343e-05	
N0.HOG0005708	5.02171e-07	5.16588e-07	7.12145e-07	1.86575e-06	4.69838e-06	8.96082e-07	
N0.HOG0005709	0.0798274	0.0793239	0.073089	0.0480218	0.0108988	5.62191e-05	
N0.HOG0005710	0.0798274	0.0793239	0.073089	0.0480218	0.0108988	5.62191e-05	
N0.HOG0005711	0.00147368	0.00149809	0.00178514	0.00259529	0.00191527	4.87343e-05	
N0.HOG0005712	0.0798274	0.0793239	0.073089	0.0480218	0.0108988	5.62191e-05	
N0.HOG0005713	0.0798274	0.0793239	0.073089	0.0480218	0.0108988	5.62191e-05	
N0.HOG0005714	0.0798274	0.0793239	0.073089	0.0480218	0.0108988	5.62191e-05	
N0.HOG0005715	0.0798274	0.0793239	0.073089	0.0480218	0.0108988	5.62191e-05	
N0.HOG0005716	0.0798274	0.0793239	0.073089	0.0480218	0.0108988	5.62191e-05	
N0.HOG0005717	0.0798274	0.0793239	0.073089	0.0480218	0.0108988	5.62191e-05	
N0.HOG0005718	2.72043e-05	2.80075e-05	3.86343e-05	9.28996e-05	0.000163089	1.33381e-05	
N0.HOG0005719	0.00147369	0.00150211	0.00183197	0.00268218	0.00169918	2.34139e-05	
N0.HOG0005720	0.0798274	0.0793239	0.073089	0.0480218	0.0108988	5.62191e-05	
N0.HOG0005721	0.0798274	0.0793239	0.073089	0.0480218	0.0108988	5.62191e-05	
N0.HOG0005722	0.0798274	0.0793239	0.073089	0.0480218	0.0108988	5.62191e-05	
N0.HOG0005723	0.0798274	0.0793239	0.073089	0.0480218	0.0108988	5.62191e-05	
N0.HOG0005724	0.0798274	0.0793239	0.073089	0.0480218	0.0108988	5.62191e-05	
N0.HOG0005725	0.0798274	0.0793239	0.073089	0.0480218	0.0108988	5.62191e-05	
N0.HOG0005726	0.0798274	0.0793239	0.073089	0.0480218	0.0108988	5.62191e-05	
N0.HOG0005727	0.00147369	0.00150284	0.00184674	0.00284409	0.00218856	5.81642e-05	
N0.HOG0005728	0.0798274	0.0793239	0.073089	0.0480218	0.0108988	5.62191e-05	
N0.HOG0005729	0.0798274	0.0793239	0.073089	0.0480218	0.0108988	5.62191e-05	
N0.HOG0005730	0.0798274	0.0793239	0.073089	0.0480218	0.0108988	5.62191e-05	
N0.HOG0005731	0.00147358	0.00147112	0.00143705	0.00122055	0.000503005	7.10707e-06	
N0.HOG0005732	0.00147361	0.00147831	0.00152904	0.00156859	0.00081217	1.2892e-05	
N0.HOG0005733	0.0798274	0.0793239	0.073089	0.0480218	0.0108988	5.62191e-05	
N0.HOG0005734	0.0798274	0.0793239	0.073089	0.0480218	0.0108988	5.62191e-05	
N0.HOG0005735	0.00147369	0.00150211	0.00183197	0.00268218	0.00169918	2.34139e-05	
N0.HOG0005736	0.0798274	0.0793239	0.073089	0.0480218	0.0108988	5.62191e-05	
N0.HOG0005737	0.00147361	0.00147831	0.00152904	0.00156859	0.00081217	1.2892e-05	
N0.HOG0005738	0.00147358	0.00147125	0.00143885	0.00123069	0.000522969	8.34011e-06	
N0.HOG0005739	0.00147368	0.00149809	0.00178514	0.00259529	0.00191527	4.87343e-05	
N0.HOG0005740	0.0798274	0.0793239	0.073089	0.0480218	0.0108988	5.62191e-05	
N0.HOG0005741	0.0798274	0.0793239	0.073089	0.0480218	0.0108988	5.62191e-05	
N0.HOG0005742	8.18974e-13	2.5238e-10	6.18829e-09	1.77307e-07	3.07007e-06	1.88127e-06	
N0.HOG0005743	0.0798274	0.0793239	0.073089	0.0480218	0.0108988	5.62191e-05	
N0.HOG0005744	0.0798274	0.0793239	0.073089	0.0480218	0.0108988	5.62191e-05	
N0.HOG0005745	5.02201e-07	5.2553e-07	8.67216e-07	3.46368e-06	1.23147e-05	2.52496e-06	
N0.HOG0005746	0.0798274	0.0793239	0.073089	0.0480218	0.0108988	5.62191e-05	
N0.HOG0005747	0.00147358	0.00146931	0.00141382	0.00113299	0.000426369	5.75099e-06	
N0.HOG0005748	0.0798274	0.0793239	0.073089	0.0480218	0.0108988	5.62191e-05	
N0.HOG0005749	0.0798274	0.0793239	0.073089	0.0480218	0.0108988	5.62191e-05	
N0.HOG0005750	0.0798274	0.0793239	0.073089	0.0480218	0.0108988	5.62191e-05	
N0.HOG0005751	2.7216e-05	3.14247e-05	8.13626e-05	0.000233798	0.000209463	4.93543e-06	
N0.HOG0005752	2.72038e-05	2.78602e-05	3.60648e-05	6.87383e-05	8.15337e-05	3.47346e-06	
N0.HOG0005753	0.0798274	0.0793239	0.073089	0.0480218	0.0108988	5.62191e-05	
N0.HOG0005754	0.0798274	0.0793239	0.073089	0.0480218	0.0108988	5.62191e-05	
N0.HOG0005755	0.0798274	0.0793239	0.073089	0.0480218	0.0108988	5.62191e-05	
N0.HOG0005756	0.00147361	0.00147831	0.00152904	0.00156859	0.00081217	1.2892e-05	
N0.HOG0005757	0.0798274	0.0793239	0.073089	0.0480218	0.0108988	5.62191e-05	
N0.HOG0005758	0.0798274	0.0793239	0.073089	0.0480218	0.0108988	5.62191e-05	
N0.HOG0005759	0.0798274	0.0793239	0.073089	0.0480218	0.0108988	5.62191e-05	
N0.HOG0005760	0.0798274	0.0793239	0.073089	0.0480218	0.0108988	5.62191e-05	
N0.HOG0005761	0.0798274	0.0793239	0.073089	0.0480218	0.0108988	5.62191e-05	
N0.HOG0005762	7.50858e-14	2.24843e-11	4.01705e-10	4.80192e-09	3.61629e-08	2.5644e-08	
N0.HOG0005763	0.0798274	0.0793239	0.073089	0.0480218	0.0108988	5.62191e-05	
N0.HOG0005764	0.0798274	0.0793239	0.073089	0.0480218	0.0108988	5.62191e-05	
N0.HOG0005765	0.0798274	0.0793239	0.073089	0.0480218	0.0108988	5.62191e-05	
N0.HOG0005766	0.0798274	0.0793239	0.073089	0.0480218	0.0108988	5.62191e-05	
N0.HOG0005767	0.0798274	0.0793239	0.073089	0.0480218	0.0108988	5.62191e-05	
N0.HOG0005768	0.0798274	0.0793239	0.073089	0.0480218	0.0108988	5.62191e-05	
N0.HOG0005769	0.0798274	0.0793239	0.073089	0.0480218	0.0108988	5.62191e-05	
N0.HOG0005770	0.0798274	0.0793239	0.073089	0.0480218	0.0108988	5.62191e-05	
N0.HOG0005771	0.0798274	0.0793239	0.073089	0.0480218	0.0108988	5.62191e-05	
N0.HOG0005772	0.00147358	0.00146931	0.00141382	0.00113299	0.000426369	5.75099e-06	
N0.HOG0005773	0.0798274	0.0793239	0.073089	0.0480218	0.0108988	5.62191e-05	
N0.HOG0005774	0.00147369	0.00150284	0.00184674	0.00284409	0.00218856	5.81642e-05	
N0.HOG0005775	0.0798274	0.0793239	0.073089	0.0480218	0.0108988	5.62191e-05	
N0.HOG0005776	0.0798274	0.0793239	0.073089	0.0480218	0.0108988	5.62191e-05	
N0.HOG0005777	0.0798274	0.0793239	0.073089	0.0480218	0.0108988	5.62191e-05	
N0.HOG0005778	5.0221e-07	5.2845e-07	9.25386e-07	4.34155e-06	1.82715e-05	3.74897e-06	
N0.HOG0005779	0.0798274	0.0793239	0.073089	0.0480218	0.0108988	5.62191e-05	
N0.HOG0005780	0.00147358	0.00147125	0.00143885	0.00123069	0.000522969	8.34011e-06	
N0.HOG0005781	3.78913e-13	1.04665e-12	1.94711e-11	2.81567e-10	2.20242e-09	4.87903e-10	
N0.HOG0005782	0.00147361	0.00147831	0.00152904	0.00156859	0.00081217	1.2892e-05	
N0.HOG0005783	0.00147368	0.00149809	0.00178514	0.00259529	0.00191527	4.87343e-05	
N0.HOG0005784	2.7204e-05	2.7919e-05	3.73456e-05	8.47724e-05	0.000142703	1.11319e-05	
N0.HOG0005785	0.00147361	0.00147857	0.00153306	0.00159638	0.000878332	1.74358e-05	
N0.HOG0005786	0.00147368	0.00149809	0.00178514	0.00259529	0.00191527	4.87343e-05	
N0.HOG0005787	0.0798274	0.0793239	0.073089	0.0480218	0.0108988	5.62191e-05	
N0.HOG0005788	0.0798274	0.0793239	0.073089	0.0480218	0.0108988	5.62191e-05	
N0.HOG0005789	0.0798274	0.0793239	0.073089	0.0480218	0.0108988	5.62191e-05	
N0.HOG0005790	2.7202e-05	2.73545e-05	2.9174e-05	3.46273e-05	2.69743e-05	1.04573e-06	
N0.HOG0005791	0.00147361	0.00147831	0.00152904	0.00156859	0.00081217	1.2892e-05	
N0.HOG0005792	0.00147369	0.00150284	0.00184674	0.00284409	0.00218856	5.81642e-05	
N0.HOG0005793	0.00147369	0.00150284	0.00184674	0.00284409	0.00218856	5.81642e-05	
N0.HOG0005794	0.00147369	0.00150284	0.00184674	0.00284409	0.00218856	5.81642e-05	
N0.HOG0005795	0.0798274	0.0793239	0.073089	0.0480218	0.0108988	5.62191e-05	
N0.HOG0005796	0.0798274	0.0793239	0.073089	0.0480218	0.0108988	5.62191e-05	
N0.HOG0005797	0.00147369	0.00150284	0.00184674	0.00284409	0.00218856	5.81642e-05	
N0.HOG0005798	0.00147361	0.00147857	0.00153306	0.00159638	0.000878332	1.74358e-05	
N0.HOG0005799	0.0798274	0.0793239	0.073089	0.0480218	0.0108988	5.62191e-05	
N0.HOG0005800	0.0798274	0.0793239	0.073089	0.0480218	0.0108988	5.62191e-05	
N0.HOG0005801	0.0798274	0.0793239	0.073089	0.0480218	0.0108988	5.62191e-05	
N0.HOG0005802	2.72035e-05	2.77856e-05	3.51428e-05	6.65115e-05	9.19023e-05	7.22976e-06	
N0.HOG0005803	0.0798274	0.0793239	0.073089	0.0480218	0.0108988	5.62191e-05	
N0.HOG0005804	0.0798274	0.0793239	0.073089	0.0480218	0.0108988	5.62191e-05	
N0.HOG0005805	2.72055e-05	2.83822e-05	4.5105e-05	0.000153706	0.000384599	5.04204e-05	
N0.HOG0005806	0.0798274	0.0793239	0.073089	0.0480218	0.0108988	5.62191e-05	
N0.HOG0005807	0.0798274	0.0793239	0.073089	0.0480218	0.0108988	5.62191e-05	
N0.HOG0005808	0.0798274	0.0793239	0.073089	0.0480218	0.0108988	5.62191e-05	
N0.HOG0005809	0.0798274	0.0793239	0.073089	0.0480218	0.0108988	5.62191e-05	
N0.HOG0005810	0.0798274	0.0793239	0.073089	0.0480218	0.0108988	5.62191e-05	
N0.HOG0005811	6.07071e-10	1.80511e-07	3.11787e-06	2.90257e-05	0.000102562	1.90765e-05	
N0.HOG0005812	0.0798274	0.0793239	0.073089	0.0480218	0.0108988	5.62191e-05	
N0.HOG0005813	0.00147358	0.0014694	0.00141509	0.00113912	0.000436192	6.27445e-06	
N0.HOG0005814	0.0798274	0.0793239	0.073089	0.0480218	0.0108988	5.62191e-05	
N0.HOG0005815	0.0798274	0.0793239	0.073089	0.0480218	0.0108988	5.62191e-05	
N0.HOG0005816	0.0798274	0.0793239	0.073089	0.0480218	0.0108988	5.62191e-05	
N0.HOG0005817	0.0798274	0.0793239	0.073089	0.0480218	0.0108988	5.62191e-05	
N0.HOG0005818	0.0798274	0.0793239	0.073089	0.0480218	0.0108988	5.62191e-05	
N0.HOG0005819	0.0798274	0.0793239	0.073089	0.0480218	0.0108988	5.62191e-05	
N0.HOG0005820	0.0798274	0.0793239	0.073089	0.0480218	0.0108988	5.62191e-05	
N0.HOG0005821	0.00147367	0.00149745	0.00177273	0.00246548	0.00153231	2.18671e-05	
N0.HOG0005822	0.00147367	0.00149745	0.00177273	0.00246548	0.00153231	2.18671e-05	
N0.HOG0005823	0.0798274	0.0793239	0.073089	0.0480218	0.0108988	5.62191e-05	
N0.HOG0005824	2.72021e-05	2.73843e-05	2.96041e-05	3.72082e-05	3.25047e-05	1.43883e-06	
N0.HOG0005825	0.0798274	0.0793239	0.073089	0.0480218	0.0108988	5.62191e-05	
N0.HOG0005826	0.00147369	0.00150284	0.00184674	0.00284409	0.00218856	5.81642e-05	
N0.HOG0005827	0.00147369	0.00150284	0.00184674	0.00284409	0.00218856	5.81642e-05	
N0.HOG0005828	0.00147357	0.0014678	0.00139453	0.00106011	0.000361979	4.56087e-06	
N0.HOG0005829	0.00147361	0.00147857	0.00153306	0.00159638	0.000878332	1.74358e-05	
N0.HOG0005830	0.00147358	0.00146931	0.00141382	0.00113299	0.000426369	5.75099e-06	
N0.HOG0005831	0.0798274	0.0793239	0.073089	0.0480218	0.0108988	5.62191e-05	
N0.HOG0005832	0.0798274	0.0793239	0.073089	0.0480218	0.0108988	5.62191e-05	
N0.HOG0005833	0.0798274	0.0793239	0.073089	0.0480218	0.0108988	5.62191e-05	
N0.HOG0005834	0.0798274	0.0793239	0.073089	0.0480218	0.0108988	5.62191e-05	
N0.HOG0005835	0.00147358	0.00147125	0.00143885	0.00123069	0.000522969	8.34011e-06	
N0.HOG0005836	2.72037e-05	2.78462e-05	3.58833e-05	6.86207e-05	9.12803e-05	6.92785e-06	
N0.HOG0005837	0.0798274	0.0793239	0.073089	0.0480218	0.0108988	5.62191e-05	
N0.HOG0005838	0.0798274	0.0793239	0.073089	0.0480218	0.0108988	5.62191e-05	
N0.HOG0005839	0.00147357	0.0014678	0.00139453	0.00106011	0.000361979	4.56087e-06	
N0.HOG0005840	0.0798274	0.0793239	0.073089	0.0480218	0.0108988	5.62191e-05	
N0.HOG0005841	0.00147369	0.00150284	0.00184674	0.00284409	0.00218856	5.81642e-05	
N0.HOG0005842	0.0798274	0.0793239	0.073089	0.0480218	0.0108988	5.62191e-05	
N0.HOG0005843	0.00147361	0.00147831	0.00152904	0.00156859	0.00081217	1.2892e-05	
N0.HOG0005844	0.0798274	0.0793239	0.073089	0.0480218	0.0108988	5.62191e-05	
N0.HOG0005845	0.0798274	0.0793239	0.073089	0.0480218	0.0108988	5.62191e-05	
N0.HOG0005846	0.00147357	0.0014678	0.00139453	0.00106011	0.000361979	4.56087e-06	
N0.HOG0005847	0.0798274	0.0793239	0.073089	0.0480218	0.0108988	5.62191e-05	
N0.HOG0005848	0.0798274	0.0793239	0.073089	0.0480218	0.0108988	5.62191e-05	
N0.HOG0005849	2.7204e-05	2.7919e-05	3.73456e-05	8.47724e-05	0.000142703	1.11319e-05	
N0.HOG0005850	0.0798274	0.0793239	0.073089	0.0480218	0.0108988	5.62191e-05	
N0.HOG0005851	0.00147357	0.0014678	0.00139453	0.00106011	0.000361979	4.56087e-06	
N0.HOG0005852	0.0798274	0.0793239	0.073089	0.0480218	0.0108988	5.62191e-05	
N0.HOG0005853	0.0798274	0.0793239	0.073089	0.0480218	0.0108988	5.62191e-05	
N0.HOG0005854	0.0798274	0.0793239	0.073089	0.0480218	0.0108988	5.62191e-05	
N0.HOG0005855	0.00147369	0.00150284	0.00184674	0.00284409	0.00218856	5.81642e-05	
N0.HOG0005857	0.0798274	0.0793239	0.073089	0.0480218	0.0108988	5.62191e-05	
N0.HOG0005858	0.00147369	0.00150284	0.00184674	0.00284409	0.00218856	5.81642e-05	
N0.HOG0005859	0.00147369	0.00150284	0.00184674	0.00284409	0.00218856	5.81642e-05	
N0.HOG0005860	0.00147357	0.0014678	0.00139453	0.00106011	0.000361979	4.56087e-06	
N0.HOG0005861	0.0798274	0.0793239	0.073089	0.0480218	0.0108988	5.62191e-05	
N0.HOG0005862	0.00147368	0.00149809	0.00178514	0.00259529	0.00191527	4.87343e-05	
N0.HOG0005863	0.00147368	0.00149809	0.00178514	0.00259529	0.00191527	4.87343e-05	
N0.HOG0005864	0.0798274	0.0793239	0.073089	0.0480218	0.0108988	5.62191e-05	
N0.HOG0005865	0.00147357	0.0014678	0.00139453	0.00106011	0.000361979	4.56087e-06	
N0.HOG0005866	0.0798274	0.0793239	0.073089	0.0480218	0.0108988	5.62191e-05	
N0.HOG0005867	0.0798274	0.0793239	0.073089	0.0480218	0.0108988	5.62191e-05	
N0.HOG0005868	0.00147356	0.00146575	0.00136818	0.000959113	0.000268125	2.47615e-06	
N0.HOG0005869	0.00147368	0.00149809	0.00178514	0.00259529	0.00191527	4.87343e-05	
N0.HOG0005870	2.72022e-05	2.73976e-05	2.97947e-05	3.83534e-05	3.4969e-05	1.61511e-06	
N0.HOG0005871	0.0798274	0.0793239	0.073089	0.0480218	0.0108988	5.62191e-05	
N0.HOG0005872	0.0798274	0.0793239	0.073089	0.0480218	0.0108988	5.62191e-05	
N0.HOG0005873	0.0798274	0.0793239	0.073089	0.0480218	0.0108988	5.62191e-05	
N0.HOG0005874	0.0798274	0.0793239	0.073089	0.0480218	0.0108988	5.62191e-05	
N0.HOG0005875	0.0798274	0.0793239	0.073089	0.0480218	0.0108988	5.62191e-05	
N0.HOG0005876	2.72024e-05	2.74619e-05	3.0732e-05	4.4291e-05	4.99927e-05	3.33035e-06	
N0.HOG0005877	0.0798274	0.0793239	0.073089	0.0480218	0.0108988	5.62191e-05	
N0.HOG0005878	0.0798274	0.0793239	0.073089	0.0480218	0.0108988	5.62191e-05	
N0.HOG0005879	0.0798274	0.0793239	0.073089	0.0480218	0.0108988	5.62191e-05	
N0.HOG0005880	0.00147369	0.00150284	0.00184674	0.00284409	0.00218856	5.81642e-05	
N0.HOG0005881	0.00147368	0.00149809	0.00178514	0.00259529	0.00191527	4.87343e-05	
N0.HOG0005882	0.00147361	0.00147831	0.00152904	0.00156859	0.00081217	1.2892e-05	
N0.HOG0005883	0.0798274	0.0793239	0.073089	0.0480218	0.0108988	5.62191e-05	
N0.HOG0005884	0.0798274	0.0793239	0.073089	0.0480218	0.0108988	5.62191e-05	
N0.HOG0005885	0.00147368	0.00149809	0.00178514	0.00259529	0.00191527	4.87343e-05	
N0.HOG0005886	0.0798274	0.0793239	0.073089	0.0480218	0.0108988	5.62191e-05	
N0.HOG0005887	5.02169e-07	5.15978e-07	7.00911e-07	1.72293e-06	3.79508e-06	6.66761e-07	
N0.HOG0005888	0.0798274	0.0793239	0.073089	0.0480218	0.0108988	5.62191e-05	
N0.HOG0005889	0.0798274	0.0793239	0.073089	0.0480218	0.0108988	5.62191e-05	
N0.HOG0005890	3.03887e-13	9.37197e-11	2.32388e-09	7.13844e-08	1.60886e-06	2.42729e-06	
N0.HOG0005891	0.0798274	0.0793239	0.073089	0.0480218	0.0108988	5.62191e-05	
N0.HOG0005892	0.00147369	0.00150284	0.00184674	0.00284409	0.00218856	5.81642e-05	
N0.HOG0005893	0.0798274	0.0793239	0.073089	0.0480218	0.0108988	5.62191e-05	
N0.HOG0005894	0.00147361	0.00147831	0.00152904	0.00156859	0.00081217	1.2892e-05	
N0.HOG0005895	0.0798274	0.0793239	0.073089	0.0480218	0.0108988	5.62191e-05	
N0.HOG0005896	0.0798274	0.0793239	0.073089	0.0480218	0.0108988	5.62191e-05	
N0.HOG0005897	2.7202e-05	2.73361e-05	2.89087e-05	3.30375e-05	2.35887e-05	8.10442e-07	
N0.HOG0005898	0.00147369	0.00150284	0.00184674	0.00284409	0.00218856	5.81642e-05	
N0.HOG0005899	0.0798274	0.0793239	0.073089	0.0480218	0.0108988	5.62191e-05	
N0.HOG0005900	0.00147369	0.00150211	0.00183197	0.00268218	0.00169918	2.34139e-05	
N0.HOG0005901	2.72055e-05	2.83684e-05	4.47444e-05	0.000144955	0.000298601	2.02967e-05	
N0.HOG0005902	7.50622e-14	2.2488e-11	4.04146e-10	4.94679e-09	3.88235e-08	2.81649e-08	
N0.HOG0005903	0.00147368	0.00149809	0.00178514	0.00259529	0.00191527	4.87343e-05	
N0.HOG0005904	1.07668e-15	1.22778e-15	4.51482e-15	1.19654e-13	7.46634e-12	1.2641e-10	
N0.HOG0005905	0.00147356	0.00146572	0.00136785	0.000958182	0.000268386	2.58645e-06	
N0.HOG0005906	0.0798274	0.0793239	0.073089	0.0480218	0.0108988	5.62191e-05	
N0.HOG0005907	0.00147358	0.00146931	0.00141382	0.00113299	0.000426369	5.75099e-06	
N0.HOG0005908	0.0798274	0.0793239	0.073089	0.0480218	0.0108988	5.62191e-05	
N0.HOG0005909	0.0798274	0.0793239	0.073089	0.0480218	0.0108988	5.62191e-05	
N0.HOG0005910	0.00147358	0.0014694	0.00141509	0.00113912	0.000436192	6.27445e-06	
N0.HOG0005911	0.00147357	0.00146681	0.00138185	0.00101143	0.000316545	3.53415e-06	
N0.HOG0005912	0.0798274	0.0793239	0.073089	0.0480218	0.0108988	5.62191e-05	
N0.HOG0005913	0.0798274	0.0793239	0.073089	0.0480218	0.0108988	5.62191e-05	
N0.HOG0005914	0.0798274	0.0793239	0.073089	0.0480218	0.0108988	5.62191e-05	
N0.HOG0005915	2.72017e-05	2.72565e-05	2.78323e-05	2.78347e-05	1.52424e-05	3.56639e-07	
N0.HOG0005916	1.7122e-10	2.07617e-10	7.39057e-10	5.00819e-09	2.56043e-08	1.03788e-08	
N0.HOG0005917	0.0798274	0.0793239	0.073089	0.0480218	0.0108988	5.62191e-05	
N0.HOG0005918	0.00147358	0.00147112	0.00143705	0.00122055	0.000503005	7.10707e-06	
N0.HOG0005919	0.00147359	0.00147313	0.00146275	0.00131817	0.000591351	8.96107e-06	
N0.HOG0005920	0.0798274	0.0793239	0.073089	0.0480218	0.0108988	5.62191e-05	
N0.HOG0005921	0.0798274	0.0793239	0.073089	0.0480218	0.0108988	5.62191e-05	
N0.HOG0005922	2.72034e-05	2.77489e-05	3.45314e-05	6.12314e-05	7.49267e-05	4.98484e-06	
N0.HOG0005923	0.0798274	0.0793239	0.073089	0.0480218	0.0108988	5.62191e-05	
N0.HOG0005924	0.00147361	0.00147857	0.00153306	0.00159638	0.000878332	1.74358e-05	
N0.HOG0005925	0.0798274	0.0793239	0.073089	0.0480218	0.0108988	5.62191e-05	
N0.HOG0005926	2.72014e-05	2.71647e-05	2.66601e-05	2.34512e-05	1.15447e-05	3.10471e-07	
N0.HOG0005927	0.0798274	0.0793239	0.073089	0.0480218	0.0108988	5.62191e-05	
N0.HOG0005928	0.0798274	0.0793239	0.073089	0.0480218	0.0108988	5.62191e-05	
N0.HOG0005929	0.0798274	0.0793239	0.073089	0.0480218	0.0108988	5.62191e-05	
N0.HOG0005930	0.0798274	0.0793239	0.073089	0.0480218	0.0108988	5.62191e-05	
N0.HOG0005931	2.72043e-05	2.80075e-05	3.86343e-05	9.28996e-05	0.000163089	1.33381e-05	
N0.HOG0005932	0.00147361	0.00147857	0.00153306	0.00159638	0.000878332	1.74358e-05	
N0.HOG0005933	0.00147369	0.00150284	0.00184674	0.00284409	0.00218856	5.81642e-05	
N0.HOG0005934	0.0798274	0.0793239	0.073089	0.0480218	0.0108988	5.62191e-05	
N0.HOG0005935	2.7202e-05	2.73545e-05	2.9174e-05	3.46273e-05	2.69743e-05	1.04573e-06	
N0.HOG0005936	2.72033e-05	2.77205e-05	3.40603e-05	5.72922e-05	6.36113e-05	3.95365e-06	
N0.HOG0005937	0.0798274	0.0793239	0.073089	0.0480218	0.0108988	5.62191e-05	
N0.HOG0005938	0.0798274	0.0793239	0.073089	0.0480218	0.0108988	5.62191e-05	
N0.HOG0005939	2.72035e-05	2.77738e-05	3.48985e-05	6.31849e-05	7.35262e-05	3.24396e-06	
N0.HOG0005940	0.0798274	0.0793239	0.073089	0.0480218	0.0108988	5.62191e-05	
N0.HOG0005941	0.0798274	0.0793239	0.073089	0.0480218	0.0108988	5.62191e-05	
N0.HOG0005942	2.72017e-05	2.72609e-05	2.79578e-05	2.96935e-05	2.1812e-05	9.93382e-07	
N0.HOG0005943	0.0798274	0.0793239	0.073089	0.0480218	0.0108988	5.62191e-05	
N0.HOG0005944	0.00147369	0.00150284	0.00184674	0.00284409	0.00218856	5.81642e-05	
N0.HOG0005945	0.00147357	0.0014678	0.00139453	0.00106011	0.000361979	4.56087e-06	
N0.HOG0005946	0.00147369	0.00150284	0.00184674	0.00284409	0.00218856	5.81642e-05	
N0.HOG0005947	0.00147369	0.00150284	0.00184674	0.00284409	0.00218856	5.81642e-05	
N0.HOG0005948	0.00147369	0.00150284	0.00184674	0.00284409	0.00218856	5.81642e-05	
N0.HOG0005949	2.72031e-05	2.76699e-05	3.31843e-05	4.92417e-05	3.76967e-05	9.63125e-07	
N0.HOG0005950	0.0798274	0.0793239	0.073089	0.0480218	0.0108988	5.62191e-05	
N0.HOG0005951	0.0798274	0.0793239	0.073089	0.0480218	0.0108988	5.62191e-05	
N0.HOG0005952	0.00147369	0.00150284	0.00184674	0.00284409	0.00218856	5.81642e-05	
N0.HOG0005953	0.0798274	0.0793239	0.073089	0.0480218	0.0108988	5.62191e-05	
N0.HOG0005954	0.0798274	0.0793239	0.073089	0.0480218	0.0108988	5.62191e-05	
N0.HOG0005955	0.0798274	0.0793239	0.073089	0.0480218	0.0108988	5.62191e-05	
N0.HOG0005956	0.0798274	0.0793239	0.073089	0.0480218	0.0108988	5.62191e-05	
N0.HOG0005957	0.0798274	0.0793239	0.073089	0.0480218	0.0108988	5.62191e-05	
N0.HOG0005958	0.0798274	0.0793239	0.073089	0.0480218	0.0108988	5.62191e-05	
N0.HOG0005959	0.0798274	0.0793239	0.073089	0.0480218	0.0108988	5.62191e-05	
N0.HOG0005960	0.0798274	0.0793239	0.073089	0.0480218	0.0108988	5.62191e-05	
N0.HOG0005961	0.00147369	0.00150284	0.00184674	0.00284409	0.00218856	5.81642e-05	
N0.HOG0005962	0.00147358	0.00146931	0.00141382	0.00113299	0.000426369	5.75099e-06	
N0.HOG0005963	0.0798274	0.0793239	0.073089	0.0480218	0.0108988	5.62191e-05	
N0.HOG0005964	0.00147361	0.00147857	0.00153306	0.00159638	0.000878332	1.74358e-05	
N0.HOG0005965	0.00147368	0.00149809	0.00178514	0.00259529	0.00191527	4.87343e-05	
N0.HOG0005966	2.72043e-05	2.80075e-05	3.86343e-05	9.28996e-05	0.000163089	1.33381e-05	
N0.HOG0005967	0.0798274	0.0793239	0.073089	0.0480218	0.0108988	5.62191e-05	
N0.HOG0005968	0.00147358	0.00147125	0.00143885	0.00123069	0.000522969	8.34011e-06	
N0.HOG0005969	0.0798274	0.0793239	0.073089	0.0480218	0.0108988	5.62191e-05	
N0.HOG0005970	0.0798274	0.0793239	0.073089	0.0480218	0.0108988	5.62191e-05	
N0.HOG0005971	5.0218e-07	5.19466e-07	7.60567e-07	2.38081e-06	7.82567e-06	1.97865e-06	
N0.HOG0005972	0.00147361	0.00147831	0.00152904	0.00156859	0.00081217	1.2892e-05	
N0.HOG0005973	0.0798274	0.0793239	0.073089	0.0480218	0.0108988	5.62191e-05	
N0.HOG0005974	0.00147369	0.00150284	0.00184674	0.00284409	0.00218856	5.81642e-05	
N0.HOG0005975	0.00147357	0.00146681	0.00138185	0.00101143	0.000316545	3.53415e-06	
N0.HOG0005976	0.0798274	0.0793239	0.073089	0.0480218	0.0108988	5.62191e-05	
N0.HOG0005977	0.0798274	0.0793239	0.073089	0.0480218	0.0108988	5.62191e-05	
N0.HOG0005978	0.0798274	0.0793239	0.073089	0.0480218	0.0108988	5.62191e-05	
N0.HOG0005979	0.00147361	0.00147857	0.00153306	0.00159638	0.000878332	1.74358e-05	
N0.HOG0005980	0.00147357	0.00146774	0.00139369	0.00105657	0.000357719	4.41484e-06	
N0.HOG0005981	0.00147361	0.00147857	0.00153306	0.00159638	0.000878332	1.74358e-05	
N0.HOG0005982	2.72032e-05	2.77009e-05	3.37363e-05	5.45522e-05	5.54031e-05	3.07186e-06	
N0.HOG0005983	0.00147361	0.00147857	0.00153306	0.00159638	0.000878332	1.74358e-05	
N0.HOG0005984	0.00147368	0.00149809	0.00178514	0.00259529	0.00191527	4.87343e-05	
N0.HOG0005985	0.0798274	0.0793239	0.073089	0.0480218	0.0108988	5.62191e-05	
N0.HOG0005986	0.00147361	0.00147857	0.00153306	0.00159638	0.000878332	1.74358e-05	
N0.HOG0005987	0.00147369	0.00150284	0.00184674	0.00284409	0.00218856	5.81642e-05	
N0.HOG0005988	0.00147361	0.00147831	0.00152904	0.00156859	0.00081217	1.2892e-05	
N0.HOG0005989	2.72055e-05	2.83822e-05	4.5105e-05	0.000153706	0.000384599	5.04204e-05	
N0.HOG0005990	0.0798274	0.0793239	0.073089	0.0480218	0.0108988	5.62191e-05	
N0.HOG0005991	0.00147369	0.00150284	0.00184674	0.00284409	0.00218856	5.81642e-05	
N0.HOG0005992	0.0798274	0.0793239	0.073089	0.0480218	0.0108988	5.62191e-05	
N0.HOG0005993	2.72019e-05	2.73223e-05	2.87453e-05	3.26974e-05	2.45599e-05	1.05392e-06	
N0.HOG0005994	0.00147361	0.00147857	0.00153306	0.00159638	0.000878332	1.74358e-05	
N0.HOG0005995	0.00147358	0.00147112	0.00143705	0.00122055	0.000503005	7.10707e-06	
N0.HOG0005996	0.0798274	0.0793239	0.073089	0.0480218	0.0108988	5.62191e-05	
N0.HOG0005997	0.0798274	0.0793239	0.073089	0.0480218	0.0108988	5.62191e-05	
N0.HOG0005998	0.00147361	0.00147857	0.00153306	0.00159638	0.000878332	1.74358e-05	
N0.HOG0005999	0.0798274	0.0793239	0.073089	0.0480218	0.0108988	5.62191e-05	
N0.HOG0006000	0.00147361	0.00147857	0.00153306	0.00159638	0.000878332	1.74358e-05	
N0.HOG0006001	0.00147357	0.0014678	0.00139453	0.00106011	0.000361979	4.56087e-06	
N0.HOG0006002	0.00147361	0.00147857	0.00153306	0.00159638	0.000878332	1.74358e-05	
N0.HOG0006003	0.0798274	0.0793239	0.073089	0.0480218	0.0108988	5.62191e-05	
N0.HOG0006004	0.0798274	0.0793239	0.073089	0.0480218	0.0108988	5.62191e-05	
N0.HOG0006005	0.0798274	0.0793239	0.073089	0.0480218	0.0108988	5.62191e-05	
N0.HOG0006006	0.0798274	0.0793239	0.073089	0.0480218	0.0108988	5.62191e-05	
N0.HOG0006007	0.0798274	0.0793239	0.073089	0.0480218	0.0108988	5.62191e-05	
N0.HOG0006008	0.0798274	0.0793239	0.073089	0.0480218	0.0108988	5.62191e-05	
N0.HOG0006009	0.00147358	0.00147125	0.00143885	0.00123069	0.000522969	8.34011e-06	
N0.HOG0006010	0.0798274	0.0793239	0.073089	0.0480218	0.0108988	5.62191e-05	
N0.HOG0006011	0.0798274	0.0793239	0.073089	0.0480218	0.0108988	5.62191e-05	
N0.HOG0006012	0.00147369	0.00150284	0.00184674	0.00284409	0.00218856	5.81642e-05	
N0.HOG0006013	0.0798274	0.0793239	0.073089	0.0480218	0.0108988	5.62191e-05	
N0.HOG0006014	0.0798274	0.0793239	0.073089	0.0480218	0.0108988	5.62191e-05	
N0.HOG0006015	0.0798274	0.0793239	0.073089	0.0480218	0.0108988	5.62191e-05	
N0.HOG0006016	0.0798274	0.0793239	0.073089	0.0480218	0.0108988	5.62191e-05	
N0.HOG0006017	0.00147369	0.00150284	0.00184674	0.00284409	0.00218856	5.81642e-05	
N0.HOG0006018	0.0798274	0.0793239	0.073089	0.0480218	0.0108988	5.62191e-05	
N0.HOG0006019	0.00147369	0.00150284	0.00184674	0.00284409	0.00218856	5.81642e-05	
N0.HOG0006020	0.0798274	0.0793239	0.073089	0.0480218	0.0108988	5.62191e-05	
N0.HOG0006021	0.00147361	0.00147857	0.00153306	0.00159638	0.000878332	1.74358e-05	
N0.HOG0006022	0.00147368	0.00149809	0.00178514	0.00259529	0.00191527	4.87343e-05	
N0.HOG0006023	0.00147368	0.00149809	0.00178514	0.00259529	0.00191527	4.87343e-05	
N0.HOG0006024	0.0798274	0.0793239	0.073089	0.0480218	0.0108988	5.62191e-05	
N0.HOG0006025	0.0798274	0.0793239	0.073089	0.0480218	0.0108988	5.62191e-05	
N0.HOG0006026	0.0798274	0.0793239	0.073089	0.0480218	0.0108988	5.62191e-05	
N0.HOG0006027	0.0798274	0.0793239	0.073089	0.0480218	0.0108988	5.62191e-05	
N0.HOG0006028	0.00147361	0.00147857	0.00153306	0.00159638	0.000878332	1.74358e-05	
N0.HOG0006029	0.0798274	0.0793239	0.073089	0.0480218	0.0108988	5.62191e-05	
N0.HOG0006030	0.0798274	0.0793239	0.073089	0.0480218	0.0108988	5.62191e-05	
N0.HOG0006031	2.72043e-05	2.80075e-05	3.86343e-05	9.28996e-05	0.000163089	1.33381e-05	
N0.HOG0006032	0.00147369	0.00150284	0.00184674	0.00284409	0.00218856	5.81642e-05	
N0.HOG0006033	0.0798274	0.0793239	0.073089	0.0480218	0.0108988	5.62191e-05	
N0.HOG0006034	0.0798274	0.0793239	0.073089	0.0480218	0.0108988	5.62191e-05	
N0.HOG0006035	0.00147361	0.00147831	0.00152904	0.00156859	0.00081217	1.2892e-05	
N0.HOG0006036	0.00147357	0.00146681	0.00138185	0.00101143	0.000316545	3.53415e-06	
N0.HOG0006037	0.0798274	0.0793239	0.073089	0.0480218	0.0108988	5.62191e-05	
N0.HOG0006038	2.7204e-05	2.7919e-05	3.73456e-05	8.47724e-05	0.000142703	1.11319e-05	
N0.HOG0006039	0.00147368	0.00149809	0.00178514	0.00259529	0.00191527	4.87343e-05	
N0.HOG0006040	0.0798274	0.0793239	0.073089	0.0480218	0.0108988	5.62191e-05	
N0.HOG0006041	0.00147358	0.00147125	0.00143885	0.00123069	0.000522969	8.34011e-06	
N0.HOG0006042	0.0798274	0.0793239	0.073089	0.0480218	0.0108988	5.62191e-05	
N0.HOG0006043	0.0798274	0.0793239	0.073089	0.0480218	0.0108988	5.62191e-05	
N0.HOG0006044	0.00147358	0.00146931	0.00141382	0.00113299	0.000426369	5.75099e-06	
N0.HOG0006045	3.03865e-13	9.17631e-11	1.79888e-09	2.78201e-08	2.65995e-07	1.77431e-07	
N0.HOG0006046	0.00147369	0.00150284	0.00184674	0.00284409	0.00218856	5.81642e-05	
N0.HOG0006047	0.00147357	0.0014678	0.00139453	0.00106011	0.000361979	4.56087e-06	
N0.HOG0006048	0.00147361	0.00147857	0.00153306	0.00159638	0.000878332	1.74358e-05	
N0.HOG0006049	0.00147369	0.00150284	0.00184674	0.00284409	0.00218856	5.81642e-05	
N0.HOG0006050	0.0798274	0.0793239	0.073089	0.0480218	0.0108988	5.62191e-05	
N0.HOG0006051	0.00147361	0.00147831	0.00152904	0.00156859	0.00081217	1.2892e-05	
N0.HOG0006052	0.0798274	0.0793239	0.073089	0.0480218	0.0108988	5.62191e-05	
N0.HOG0006053	0.00147358	0.0014694	0.00141509	0.00113912	0.000436192	6.27445e-06	
N0.HOG0006054	0.0798274	0.0793239	0.073089	0.0480218	0.0108988	5.62191e-05	
N0.HOG0006055	0.0798274	0.0793239	0.073089	0.0480218	0.0108988	5.62191e-05	
N0.HOG0006056	0.00147358	0.00147125	0.00143885	0.00123069	0.000522969	8.34011e-06	
N0.HOG0006057	5.02174e-07	5.17638e-07	7.26308e-07	1.9365e-06	4.9318e-06	1.09039e-06	
N0.HOG0006058	0.0798274	0.0793239	0.073089	0.0480218	0.0108988	5.62191e-05	
N0.HOG0006059	9.2692e-09	9.37946e-09	1.08931e-08	2.12216e-08	6.46665e-08	1.83669e-08	
N0.HOG0006060	0.00147358	0.0014694	0.00141509	0.00113912	0.000436192	6.27445e-06	
N0.HOG0006061	0.00147361	0.00147857	0.00153306	0.00159638	0.000878332	1.74358e-05	
N0.HOG0006062	2.7204e-05	2.79239e-05	3.74436e-05	8.62748e-05	0.000154351	1.51184e-05	
N0.HOG0006063	1.2412e-13	3.66995e-11	5.73265e-10	4.99442e-09	2.84709e-08	1.46167e-08	
N0.HOG0006064	0.0798274	0.0793239	0.073089	0.0480218	0.0108988	5.62191e-05	
N0.HOG0006065	0.00147357	0.00146774	0.00139369	0.00105657	0.000357719	4.41484e-06	
N0.HOG0006066	0.00147361	0.00147857	0.00153306	0.00159638	0.000878332	1.74358e-05	
N0.HOG0006067	0.00147357	0.00146681	0.00138185	0.00101143	0.000316545	3.53415e-06	
N0.HOG0006068	2.7202e-05	2.73582e-05	2.9233e-05	3.51235e-05	2.8828e-05	1.36682e-06	
N0.HOG0006069	0.00147361	0.00147857	0.00153306	0.00159638	0.000878332	1.74358e-05	
N0.HOG0006070	2.7202e-05	2.73545e-05	2.9174e-05	3.46273e-05	2.69743e-05	1.04573e-06	
N0.HOG0006071	0.00147358	0.00147125	0.00143885	0.00123069	0.000522969	8.34011e-06	
N0.HOG0006072	0.00147358	0.00147125	0.00143885	0.00123069	0.000522969	8.34011e-06	
N0.HOG0006073	0.0798274	0.0793239	0.073089	0.0480218	0.0108988	5.62191e-05	
N0.HOG0006074	0.0798274	0.0793239	0.073089	0.0480218	0.0108988	5.62191e-05	
N0.HOG0006075	0.0798274	0.0793239	0.073089	0.0480218	0.0108988	5.62191e-05	
N0.HOG0006076	0.00147361	0.00147831	0.00152904	0.00156859	0.00081217	1.2892e-05	
N0.HOG0006077	0.00147368	0.00149809	0.00178514	0.00259529	0.00191527	4.87343e-05	
N0.HOG0006078	0.00147368	0.00149809	0.00178514	0.00259529	0.00191527	4.87343e-05	
N0.HOG0006079	0.00147368	0.00149809	0.00178514	0.00259529	0.00191527	4.87343e-05	
N0.HOG0006080	0.0798274	0.0793239	0.073089	0.0480218	0.0108988	5.62191e-05	
N0.HOG0006081	0.0798274	0.0793239	0.073089	0.0480218	0.0108988	5.62191e-05	
N0.HOG0006082	0.00147358	0.00146931	0.00141382	0.00113299	0.000426369	5.75099e-06	
N0.HOG0006083	0.0798274	0.0793239	0.073089	0.0480218	0.0108988	5.62191e-05	
N0.HOG0006084	2.72023e-05	2.74237e-05	3.01802e-05	4.09118e-05	4.21459e-05	2.58661e-06	
N0.HOG0006085	0.0798274	0.0793239	0.073089	0.0480218	0.0108988	5.62191e-05	
N0.HOG0006086	0.0798274	0.0793239	0.073089	0.0480218	0.0108988	5.62191e-05	
N0.HOG0006087	0.0798274	0.0793239	0.073089	0.0480218	0.0108988	5.62191e-05	
N0.HOG0006088	2.72055e-05	2.83822e-05	4.5105e-05	0.000153706	0.000384599	5.04204e-05	
N0.HOG0006089	0.0798274	0.0793239	0.073089	0.0480218	0.0108988	5.62191e-05	
N0.HOG0006090	0.0798274	0.0793239	0.073089	0.0480218	0.0108988	5.62191e-05	
N0.HOG0006091	0.0798274	0.0793239	0.073089	0.0480218	0.0108988	5.62191e-05	
N0.HOG0006092	0.0798274	0.0793239	0.073089	0.0480218	0.0108988	5.62191e-05	
N0.HOG0006093	0.0798274	0.0793239	0.073089	0.0480218	0.0108988	5.62191e-05	
N0.HOG0006094	0.0798274	0.0793239	0.073089	0.0480218	0.0108988	5.62191e-05	
N0.HOG0006095	0.00147368	0.00149809	0.00178514	0.00259529	0.00191527	4.87343e-05	
N0.HOG0006096	0.0798274	0.0793239	0.073089	0.0480218	0.0108988	5.62191e-05	
N0.HOG0006097	0.0798274	0.0793239	0.073089	0.0480218	0.0108988	5.62191e-05	
N0.HOG0006098	0.00147369	0.00150211	0.00183197	0.00268218	0.00169918	2.34139e-05	
N0.HOG0006099	0.00147361	0.00147857	0.00153306	0.00159638	0.000878332	1.74358e-05	
N0.HOG0006100	0.00147369	0.00150284	0.00184674	0.00284409	0.00218856	5.81642e-05	
N0.HOG0006101	0.00147369	0.00150211	0.00183197	0.00268218	0.00169918	2.34139e-05	
N0.HOG0006102	0.0798274	0.0793239	0.073089	0.0480218	0.0108988	5.62191e-05	
N0.HOG0006103	0.0798274	0.0793239	0.073089	0.0480218	0.0108988	5.62191e-05	
N0.HOG0006104	0.0798274	0.0793239	0.073089	0.0480218	0.0108988	5.62191e-05	
N0.HOG0006105	0.0798274	0.0793239	0.073089	0.0480218	0.0108988	5.62191e-05	
N0.HOG0006106	5.02171e-07	5.16679e-07	7.1399e-07	1.89821e-06	5.066e-06	1.18506e-06	
N0.HOG0006107	2.7204e-05	2.79239e-05	3.74436e-05	8.62748e-05	0.000154351	1.51184e-05	
N0.HOG0006108	2.72036e-05	2.78084e-05	3.52356e-05	6.27848e-05	7.26879e-05	4.71866e-06	
N0.HOG0006109	0.0798274	0.0793239	0.073089	0.0480218	0.0108988	5.62191e-05	
N0.HOG0006110	0.0798274	0.0793239	0.073089	0.0480218	0.0108988	5.62191e-05	
N0.HOG0006111	0.0798274	0.0793239	0.073089	0.0480218	0.0108988	5.62191e-05	
N0.HOG0006112	2.72043e-05	2.80075e-05	3.86343e-05	9.28996e-05	0.000163089	1.33381e-05	
N0.HOG0006113	0.00147369	0.00150284	0.00184674	0.00284409	0.00218856	5.81642e-05	
N0.HOG0006115	0.00147361	0.00147857	0.00153306	0.00159638	0.000878332	1.74358e-05	
N0.HOG0006116	0.0798274	0.0793239	0.073089	0.0480218	0.0108988	5.62191e-05	
N0.HOG0006117	0.00147357	0.0014678	0.00139453	0.00106011	0.000361979	4.56087e-06	
N0.HOG0006118	0.0798274	0.0793239	0.073089	0.0480218	0.0108988	5.62191e-05	
N0.HOG0006119	0.0798274	0.0793239	0.073089	0.0480218	0.0108988	5.62191e-05	
N0.HOG0006120	0.0798274	0.0793239	0.073089	0.0480218	0.0108988	5.62191e-05	
N0.HOG0006121	2.72021e-05	2.73594e-05	2.92513e-05	3.5244e-05	2.91756e-05	1.41477e-06	
N0.HOG0006122	0.0798274	0.0793239	0.073089	0.0480218	0.0108988	5.62191e-05	
N0.HOG0006123	0.0798274	0.0793239	0.073089	0.0480218	0.0108988	5.62191e-05	
N0.HOG0006124	0.00147361	0.00147831	0.00152904	0.00156859	0.00081217	1.2892e-05	
N0.HOG0006125	0.00147369	0.00150284	0.00184674	0.00284409	0.00218856	5.81642e-05	
N0.HOG0006126	0.00147369	0.00150284	0.00184674	0.00284409	0.00218856	5.81642e-05	
N0.HOG0006127	5.0214e-07	5.07402e-07	5.75129e-07	8.95779e-07	1.34652e-06	1.78831e-07	
N0.HOG0006128	0.0798274	0.0793239	0.073089	0.0480218	0.0108988	5.62191e-05	
N0.HOG0006129	0.00147368	0.00149809	0.00178514	0.00259529	0.00191527	4.87343e-05	
N0.HOG0006130	0.0798274	0.0793239	0.073089	0.0480218	0.0108988	5.62191e-05	
N0.HOG0006131	0.00147358	0.0014698	0.00142017	0.00115864	0.000454567	6.69617e-06	
N0.HOG0006132	0.0798274	0.0793239	0.073089	0.0480218	0.0108988	5.62191e-05	
N0.HOG0006133	0.0798274	0.0793239	0.073089	0.0480218	0.0108988	5.62191e-05	
N0.HOG0006134	0.0798274	0.0793239	0.073089	0.0480218	0.0108988	5.62191e-05	
N0.HOG0006135	0.00147369	0.00150284	0.00184674	0.00284409	0.00218856	5.81642e-05	
N0.HOG0006136	0.0798274	0.0793239	0.073089	0.0480218	0.0108988	5.62191e-05	
N0.HOG0006137	0.0798274	0.0793239	0.073089	0.0480218	0.0108988	5.62191e-05	
N0.HOG0006138	0.00147361	0.00147831	0.00152904	0.00156859	0.00081217	1.2892e-05	
N0.HOG0006139	0.0798274	0.0793239	0.073089	0.0480218	0.0108988	5.62191e-05	
N0.HOG0006140	0.00147369	0.00150284	0.00184674	0.00284409	0.00218856	5.81642e-05	
N0.HOG0006141	0.00147361	0.00147857	0.00153306	0.00159638	0.000878332	1.74358e-05	
N0.HOG0006142	0.0798274	0.0793239	0.073089	0.0480218	0.0108988	5.62191e-05	
N0.HOG0006143	0.0798274	0.0793239	0.073089	0.0480218	0.0108988	5.62191e-05	
N0.HOG0006144	0.0798274	0.0793239	0.073089	0.0480218	0.0108988	5.62191e-05	
N0.HOG0006145	0.00147358	0.00146931	0.00141382	0.00113299	0.000426369	5.75099e-06	
N0.HOG0006146	0.0798274	0.0793239	0.073089	0.0480218	0.0108988	5.62191e-05	
N0.HOG0006147	0.0798274	0.0793239	0.073089	0.0480218	0.0108988	5.62191e-05	
N0.HOG0006148	0.00147369	0.00150284	0.00184674	0.00284409	0.00218856	5.81642e-05	
N0.HOG0006149	0.0798274	0.0793239	0.073089	0.0480218	0.0108988	5.62191e-05	
N0.HOG0006150	0.0798274	0.0793239	0.073089	0.0480218	0.0108988	5.62191e-05	
N0.HOG0006151	0.0798274	0.0793239	0.073089	0.0480218	0.0108988	5.62191e-05	
N0.HOG0006152	0.00147369	0.00150284	0.00184674	0.00284409	0.00218856	5.81642e-05	
N0.HOG0006153	0.00147368	0.00149809	0.00178514	0.00259529	0.00191527	4.87343e-05	
N0.HOG0006154	0.0798274	0.0793239	0.073089	0.0480218	0.0108988	5.62191e-05	
N0.HOG0006155	0.0798274	0.0793239	0.073089	0.0480218	0.0108988	5.62191e-05	
N0.HOG0006156	0.00147357	0.0014678	0.00139453	0.00106011	0.000361979	4.56087e-06	
N0.HOG0006157	0.0798274	0.0793239	0.073089	0.0480218	0.0108988	5.62191e-05	
N0.HOG0006159	0.0798274	0.0793239	0.073089	0.0480218	0.0108988	5.62191e-05	
N0.HOG0006160	0.0798274	0.0793239	0.073089	0.0480218	0.0108988	5.62191e-05	
N0.HOG0006161	0.0798274	0.0793239	0.073089	0.0480218	0.0108988	5.62191e-05	
N0.HOG0006162	0.0798274	0.0793239	0.073089	0.0480218	0.0108988	5.62191e-05	
N0.HOG0006163	0.00147369	0.00150211	0.00183197	0.00268218	0.00169918	2.34139e-05	
N0.HOG0006164	0.00147357	0.0014678	0.00139453	0.00106011	0.000361979	4.56087e-06	
N0.HOG0006165	0.0798274	0.0793239	0.073089	0.0480218	0.0108988	5.62191e-05	
N0.HOG0006166	0.0798274	0.0793239	0.073089	0.0480218	0.0108988	5.62191e-05	
N0.HOG0006167	0.0798274	0.0793239	0.073089	0.0480218	0.0108988	5.62191e-05	
N0.HOG0006168	0.00147361	0.00147857	0.00153306	0.00159638	0.000878332	1.74358e-05	
N0.HOG0006169	0.00147358	0.0014694	0.00141509	0.00113912	0.000436192	6.27445e-06	
N0.HOG0006170	0.0798274	0.0793239	0.073089	0.0480218	0.0108988	5.62191e-05	
N0.HOG0006171	0.0798274	0.0793239	0.073089	0.0480218	0.0108988	5.62191e-05	
N0.HOG0006172	0.0798274	0.0793239	0.073089	0.0480218	0.0108988	5.62191e-05	
N0.HOG0006173	1.75592e-10	1.49746e-09	2.03342e-08	1.54991e-07	6.40003e-07	1.99351e-07	
N0.HOG0006174	0.00147361	0.00147857	0.00153306	0.00159638	0.000878332	1.74358e-05	
N0.HOG0006175	0.00147358	0.0014694	0.00141509	0.00113912	0.000436192	6.27445e-06	
N0.HOG0006176	0.0798274	0.0793239	0.073089	0.0480218	0.0108988	5.62191e-05	
N0.HOG0006177	0.00147359	0.0014733	0.00146512	0.00133226	0.000620288	1.07329e-05	
N0.HOG0006178	0.0798274	0.0793239	0.073089	0.0480218	0.0108988	5.62191e-05	
N0.HOG0006179	2.72043e-05	2.80125e-05	3.87357e-05	9.45458e-05	0.000176375	1.80391e-05	
N0.HOG0006180	0.0798274	0.0793239	0.073089	0.0480218	0.0108988	5.62191e-05	
N0.HOG0006181	0.0798274	0.0793239	0.073089	0.0480218	0.0108988	5.62191e-05	
N0.HOG0006182	0.00147368	0.00149809	0.00178514	0.00259529	0.00191527	4.87343e-05	
N0.HOG0006183	1.71119e-10	1.77893e-10	2.79868e-10	1.30885e-09	1.22286e-08	1.90814e-08	
N0.HOG0006184	0.0798274	0.0793239	0.073089	0.0480218	0.0108988	5.62191e-05	
N0.HOG0006185	0.00147369	0.00150284	0.00184674	0.00284409	0.00218856	5.81642e-05	
N0.HOG0006186	2.72055e-05	2.83822e-05	4.5105e-05	0.000153706	0.000384599	5.04204e-05	
N0.HOG0006187	0.0798274	0.0793239	0.073089	0.0480218	0.0108988	5.62191e-05	
N0.HOG0006188	2.72022e-05	2.73976e-05	2.97947e-05	3.83534e-05	3.4969e-05	1.61511e-06	
N0.HOG0006189	0.0798274	0.0793239	0.073089	0.0480218	0.0108988	5.62191e-05	
N0.HOG0006190	0.00147368	0.00149809	0.00178514	0.00259529	0.00191527	4.87343e-05	
N0.HOG0006191	0.00147358	0.00147125	0.00143885	0.00123069	0.000522969	8.34011e-06	
N0.HOG0006192	0.0798274	0.0793239	0.073089	0.0480218	0.0108988	5.62191e-05	
N0.HOG0006193	0.0798274	0.0793239	0.073089	0.0480218	0.0108988	5.62191e-05	
N0.HOG0006194	0.0798274	0.0793239	0.073089	0.0480218	0.0108988	5.62191e-05	
N0.HOG0006195	0.0798274	0.0793239	0.073089	0.0480218	0.0108988	5.62191e-05	
N0.HOG0006196	2.72036e-05	2.78242e-05	3.57844e-05	7.20003e-05	0.000109004	9.30426e-06	
N0.HOG0006197	2.7202e-05	2.73545e-05	2.9174e-05	3.46273e-05	2.69743e-05	1.04573e-06	
N0.HOG0006198	0.0798274	0.0793239	0.073089	0.0480218	0.0108988	5.62191e-05	
N0.HOG0006199	0.0798274	0.0793239	0.073089	0.0480218	0.0108988	5.62191e-05	
N0.HOG0006200	0.00147358	0.00147125	0.00143885	0.00123069	0.000522969	8.34011e-06	
N0.HOG0006201	0.00147361	0.00147857	0.00153306	0.00159638	0.000878332	1.74358e-05	
N0.HOG0006202	0.00147358	0.0014697	0.00141888	0.00115371	0.000449626	6.47774e-06	
N0.HOG0006203	0.0798274	0.0793239	0.073089	0.0480218	0.0108988	5.62191e-05	
N0.HOG0006204	0.00147356	0.00146575	0.00136818	0.000959113	0.000268125	2.47615e-06	
N0.HOG0006205	5.02231e-07	5.34529e-07	1.00468e-06	4.10451e-06	8.96559e-06	5.62146e-07	
N0.HOG0006206	5.02173e-07	5.17232e-07	7.24303e-07	2.03551e-06	6.03832e-06	1.54633e-06	
N0.HOG0006207	0.0798274	0.0793239	0.073089	0.0480218	0.0108988	5.62191e-05	
N0.HOG0006208	0.00147368	0.00149809	0.00178514	0.00259529	0.00191527	4.87343e-05	
N0.HOG0006209	0.0798274	0.0793239	0.073089	0.0480218	0.0108988	5.62191e-05	
N0.HOG0006210	0.00147361	0.00147857	0.00153306	0.00159638	0.000878332	1.74358e-05	
N0.HOG0006211	0.00147357	0.0014678	0.00139453	0.00106011	0.000361979	4.56087e-06	
N0.HOG0006212	0.00147361	0.00147857	0.00153306	0.00159638	0.000878332	1.74358e-05	
N0.HOG0006213	0.0798274	0.0793239	0.073089	0.0480218	0.0108988	5.62191e-05	
N0.HOG0006214	0.00147368	0.00149809	0.00178514	0.00259529	0.00191527	4.87343e-05	
N0.HOG0006215	0.00147368	0.00149809	0.00178514	0.00259529	0.00191527	4.87343e-05	
N0.HOG0006216	5.02165e-07	5.14907e-07	6.83927e-07	1.61286e-06	3.80601e-06	7.72338e-07	
N0.HOG0006217	0.0798274	0.0793239	0.073089	0.0480218	0.0108988	5.62191e-05	
N0.HOG0006218	0.0798274	0.0793239	0.073089	0.0480218	0.0108988	5.62191e-05	
N0.HOG0006219	5.02212e-07	5.28941e-07	9.43611e-07	5.02064e-06	2.86557e-05	1.1517e-05	
N0.HOG0006220	0.00147361	0.00147857	0.00153306	0.00159638	0.000878332	1.74358e-05	
N0.HOG0006221	0.00147357	0.0014678	0.00139453	0.00106011	0.000361979	4.56087e-06	
N0.HOG0006222	0.0798274	0.0793239	0.073089	0.0480218	0.0108988	5.62191e-05	
N0.HOG0006223	0.00147369	0.00150284	0.00184674	0.00284409	0.00218856	5.81642e-05	
N0.HOG0006224	0.0798274	0.0793239	0.073089	0.0480218	0.0108988	5.62191e-05	
N0.HOG0006225	0.00147368	0.00149809	0.00178514	0.00259529	0.00191527	4.87343e-05	
N0.HOG0006226	0.00147368	0.00149809	0.00178514	0.00259529	0.00191527	4.87343e-05	
N0.HOG0006227	0.0798274	0.0793239	0.073089	0.0480218	0.0108988	5.62191e-05	
N0.HOG0006228	0.0798274	0.0793239	0.073089	0.0480218	0.0108988	5.62191e-05	
N0.HOG0006229	0.0798274	0.0793239	0.073089	0.0480218	0.0108988	5.62191e-05	
N0.HOG0006230	0.0798274	0.0793239	0.073089	0.0480218	0.0108988	5.62191e-05	
N0.HOG0006231	0.00147358	0.0014694	0.00141509	0.00113912	0.000436192	6.27445e-06	
N0.HOG0006232	3.89016e-11	1.16846e-08	2.15649e-07	2.69858e-06	1.51347e-05	2.54914e-06	
N0.HOG0006233	0.0798274	0.0793239	0.073089	0.0480218	0.0108988	5.62191e-05	
N0.HOG0006234	0.0798274	0.0793239	0.073089	0.0480218	0.0108988	5.62191e-05	
N0.HOG0006235	0.0798274	0.0793239	0.073089	0.0480218	0.0108988	5.62191e-05	
N0.HOG0006236	0.0798274	0.0793239	0.073089	0.0480218	0.0108988	5.62191e-05	
N0.HOG0006237	0.00147369	0.00150284	0.00184674	0.00284409	0.00218856	5.81642e-05	
N0.HOG0006238	0.0798274	0.0793239	0.073089	0.0480218	0.0108988	5.62191e-05	
N0.HOG0006239	0.0798274	0.0793239	0.073089	0.0480218	0.0108988	5.62191e-05	
N0.HOG0006240	0.0798274	0.0793239	0.073089	0.0480218	0.0108988	5.62191e-05	
N0.HOG0006241	0.00147358	0.0014694	0.00141509	0.00113912	0.000436192	6.27445e-06	
N0.HOG0006242	0.0798274	0.0793239	0.073089	0.0480218	0.0108988	5.62191e-05	
N0.HOG0006243	0.0798274	0.0793239	0.073089	0.0480218	0.0108988	5.62191e-05	
N0.HOG0006244	0.0798274	0.0793239	0.073089	0.0480218	0.0108988	5.62191e-05	
N0.HOG0006245	0.0798274	0.0793239	0.073089	0.0480218	0.0108988	5.62191e-05	
N0.HOG0006246	0.0798274	0.0793239	0.073089	0.0480218	0.0108988	5.62191e-05	
N0.HOG0006247	0.00147358	0.00147125	0.00143885	0.00123069	0.000522969	8.34011e-06	
N0.HOG0006248	0.0798274	0.0793239	0.073089	0.0480218	0.0108988	5.62191e-05	
N0.HOG0006249	0.00147358	0.0014697	0.00141888	0.00115371	0.000449626	6.47774e-06	
N0.HOG0006250	0.0798274	0.0793239	0.073089	0.0480218	0.0108988	5.62191e-05	
N0.HOG0006251	0.0798274	0.0793239	0.073089	0.0480218	0.0108988	5.62191e-05	
N0.HOG0006252	0.0798274	0.0793239	0.073089	0.0480218	0.0108988	5.62191e-05	
N0.HOG0006253	0.00147361	0.00147831	0.00152904	0.00156859	0.00081217	1.2892e-05	
N0.HOG0006254	0.00147369	0.00150284	0.00184674	0.00284409	0.00218856	5.81642e-05	
N0.HOG0006255	0.0798274	0.0793239	0.073089	0.0480218	0.0108988	5.62191e-05	
N0.HOG0006256	0.0798274	0.0793239	0.073089	0.0480218	0.0108988	5.62191e-05	
N0.HOG0006257	0.0798274	0.0793239	0.073089	0.0480218	0.0108988	5.62191e-05	
N0.HOG0006258	0.00147361	0.00147857	0.00153306	0.00159638	0.000878332	1.74358e-05	
N0.HOG0006259	0.0798274	0.0793239	0.073089	0.0480218	0.0108988	5.62191e-05	
N0.HOG0006260	0.0798274	0.0793239	0.073089	0.0480218	0.0108988	5.62191e-05	
N0.HOG0006261	0.00147367	0.00149745	0.00177273	0.00246548	0.00153231	2.18671e-05	
N0.HOG0006262	0.0798274	0.0793239	0.073089	0.0480218	0.0108988	5.62191e-05	
N0.HOG0006263	0.0798274	0.0793239	0.073089	0.0480218	0.0108988	5.62191e-05	
N0.HOG0006264	0.0798274	0.0793239	0.073089	0.0480218	0.0108988	5.62191e-05	
N0.HOG0006265	0.0798274	0.0793239	0.073089	0.0480218	0.0108988	5.62191e-05	
N0.HOG0006266	0.00147361	0.00147857	0.00153306	0.00159638	0.000878332	1.74358e-05	
N0.HOG0006267	2.7204e-05	2.7919e-05	3.73456e-05	8.47724e-05	0.000142703	1.11319e-05	
N0.HOG0006268	1.71105e-10	1.73698e-10	2.0863e-10	4.20928e-10	1.22854e-09	6.62857e-10	
N0.HOG0006269	0.00147361	0.00147857	0.00153306	0.00159638	0.000878332	1.74358e-05	
N0.HOG0006270	0.0798274	0.0793239	0.073089	0.0480218	0.0108988	5.62191e-05	
N0.HOG0006271	0.0798274	0.0793239	0.073089	0.0480218	0.0108988	5.62191e-05	
N0.HOG0006272	0.0798274	0.0793239	0.073089	0.0480218	0.0108988	5.62191e-05	
N0.HOG0006273	2.7202e-05	2.73545e-05	2.9174e-05	3.46273e-05	2.69743e-05	1.04573e-06	
N0.HOG0006274	0.00147358	0.00146931	0.00141382	0.00113299	0.000426369	5.75099e-06	
N0.HOG0006275	0.0798274	0.0793239	0.073089	0.0480218	0.0108988	5.62191e-05	
N0.HOG0006276	0.00147369	0.00150284	0.00184674	0.00284409	0.00218856	5.81642e-05	
N0.HOG0006277	0.00147369	0.00150284	0.00184674	0.00284409	0.00218856	5.81642e-05	
N0.HOG0006278	0.0798274	0.0793239	0.073089	0.0480218	0.0108988	5.62191e-05	
N0.HOG0006279	0.00147358	0.00146931	0.00141382	0.00113299	0.000426369	5.75099e-06	
N0.HOG0006280	0.00147358	0.00147011	0.0014242	0.00117418	0.000469273	7.04902e-06	
N0.HOG0006281	0.0798274	0.0793239	0.073089	0.0480218	0.0108988	5.62191e-05	
N0.HOG0006282	0.00147368	0.00149809	0.00178514	0.00259529	0.00191527	4.87343e-05	
N0.HOG0006283	0.0798274	0.0793239	0.073089	0.0480218	0.0108988	5.62191e-05	
N0.HOG0006284	0.00147369	0.00150211	0.00183197	0.00268218	0.00169918	2.34139e-05	
N0.HOG0006285	0.00147368	0.00149809	0.00178514	0.00259529	0.00191527	4.87343e-05	
N0.HOG0006286	0.00147358	0.0014694	0.00141509	0.00113912	0.000436192	6.27445e-06	
N0.HOG0006287	0.00147369	0.00150284	0.00184674	0.00284409	0.00218856	5.81642e-05	
N0.HOG0006288	0.00147361	0.00147857	0.00153306	0.00159638	0.000878332	1.74358e-05	
N0.HOG0006289	0.00147357	0.0014678	0.00139453	0.00106011	0.000361979	4.56087e-06	
N0.HOG0006290	0.00147361	0.00147857	0.00153306	0.00159638	0.000878332	1.74358e-05	
N0.HOG0006291	0.0798274	0.0793239	0.073089	0.0480218	0.0108988	5.62191e-05	
N0.HOG0006292	0.00147361	0.00147857	0.00153306	0.00159638	0.000878332	1.74358e-05	
N0.HOG0006293	0.0798274	0.0793239	0.073089	0.0480218	0.0108988	5.62191e-05	
N0.HOG0006294	0.0798274	0.0793239	0.073089	0.0480218	0.0108988	5.62191e-05	
N0.HOG0006295	0.0798274	0.0793239	0.073089	0.0480218	0.0108988	5.62191e-05	
N0.HOG0006296	0.00147361	0.00147857	0.00153306	0.00159638	0.000878332	1.74358e-05	
N0.HOG0006297	0.0798274	0.0793239	0.073089	0.0480218	0.0108988	5.62191e-05	
N0.HOG0006298	0.0798274	0.0793239	0.073089	0.0480218	0.0108988	5.62191e-05	
N0.HOG0006299	0.0798274	0.0793239	0.073089	0.0480218	0.0108988	5.62191e-05	
N0.HOG0006300	0.0798274	0.0793239	0.073089	0.0480218	0.0108988	5.62191e-05	
N0.HOG0006301	0.0798274	0.0793239	0.073089	0.0480218	0.0108988	5.62191e-05	
N0.HOG0006302	0.0798274	0.0793239	0.073089	0.0480218	0.0108988	5.62191e-05	
N0.HOG0006303	0.00147357	0.0014678	0.00139453	0.00106011	0.000361979	4.56087e-06	
N0.HOG0006304	0.0798274	0.0793239	0.073089	0.0480218	0.0108988	5.62191e-05	
N0.HOG0006305	0.0798274	0.0793239	0.073089	0.0480218	0.0108988	5.62191e-05	
N0.HOG0006306	0.0798274	0.0793239	0.073089	0.0480218	0.0108988	5.62191e-05	
N0.HOG0006307	0.0798274	0.0793239	0.073089	0.0480218	0.0108988	5.62191e-05	
N0.HOG0006308	0.0798274	0.0793239	0.073089	0.0480218	0.0108988	5.62191e-05	
N0.HOG0006309	2.72017e-05	2.72434e-05	2.77002e-05	2.80599e-05	1.80156e-05	6.7471e-07	
N0.HOG0006310	0.00147369	0.00150284	0.00184674	0.00284409	0.00218856	5.81642e-05	
N0.HOG0006311	0.0798274	0.0793239	0.073089	0.0480218	0.0108988	5.62191e-05	
N0.HOG0006312	0.0798274	0.0793239	0.073089	0.0480218	0.0108988	5.62191e-05	
N0.HOG0006313	0.0798274	0.0793239	0.073089	0.0480218	0.0108988	5.62191e-05	
N0.HOG0006314	0.0798274	0.0793239	0.073089	0.0480218	0.0108988	5.62191e-05	
N0.HOG0006315	0.00147369	0.00150284	0.00184674	0.00284409	0.00218856	5.81642e-05	
N0.HOG0006316	0.00147369	0.00150284	0.00184674	0.00284409	0.00218856	5.81642e-05	
N0.HOG0006317	3.31698e-12	5.12293e-11	9.80418e-10	1.65998e-08	1.64716e-07	8.58225e-08	
N0.HOG0006318	0.00147361	0.00147857	0.00153306	0.00159638	0.000878332	1.74358e-05	
N0.HOG0006319	0.00147361	0.00147857	0.00153306	0.00159638	0.000878332	1.74358e-05	
N0.HOG0006320	0.00147368	0.00149809	0.00178514	0.00259529	0.00191527	4.87343e-05	
N0.HOG0006321	0.00147358	0.00147125	0.00143885	0.00123069	0.000522969	8.34011e-06	
N0.HOG0006322	0.0798274	0.0793239	0.073089	0.0480218	0.0108988	5.62191e-05	
N0.HOG0006323	0.0798274	0.0793239	0.073089	0.0480218	0.0108988	5.62191e-05	
N0.HOG0006324	0.0798274	0.0793239	0.073089	0.0480218	0.0108988	5.62191e-05	
N0.HOG0006325	0.00147358	0.0014694	0.00141509	0.00113912	0.000436192	6.27445e-06	
N0.HOG0006326	0.0798274	0.0793239	0.073089	0.0480218	0.0108988	5.62191e-05	
N0.HOG0006327	2.72039e-05	2.7912e-05	3.71833e-05	8.19596e-05	0.000123484	6.77654e-06	
N0.HOG0006328	0.0798274	0.0793239	0.073089	0.0480218	0.0108988	5.62191e-05	
N0.HOG0006329	0.00147361	0.00147857	0.00153306	0.00159638	0.000878332	1.74358e-05	
N0.HOG0006330	0.00147357	0.00146774	0.00139369	0.00105657	0.000357719	4.41484e-06	
N0.HOG0006331	0.0798274	0.0793239	0.073089	0.0480218	0.0108988	5.62191e-05	
N0.HOG0006332	0.00147368	0.00149809	0.00178514	0.00259529	0.00191527	4.87343e-05	
N0.HOG0006333	0.0798274	0.0793239	0.073089	0.0480218	0.0108988	5.62191e-05	
N0.HOG0006334	0.0798274	0.0793239	0.073089	0.0480218	0.0108988	5.62191e-05	
N0.HOG0006335	0.0798274	0.0793239	0.073089	0.0480218	0.0108988	5.62191e-05	
N0.HOG0006336	0.00147369	0.00150284	0.00184674	0.00284409	0.00218856	5.81642e-05	
N0.HOG0006337	0.0798274	0.0793239	0.073089	0.0480218	0.0108988	5.62191e-05	
N0.HOG0006338	0.0798274	0.0793239	0.073089	0.0480218	0.0108988	5.62191e-05	
N0.HOG0006339	0.0798274	0.0793239	0.073089	0.0480218	0.0108988	5.62191e-05	
N0.HOG0006340	2.72019e-05	2.73167e-05	2.86297e-05	3.13695e-05	2.0062e-05	5.71962e-07	
N0.HOG0006341	0.0798274	0.0793239	0.073089	0.0480218	0.0108988	5.62191e-05	
N0.HOG0006342	0.0798274	0.0793239	0.073089	0.0480218	0.0108988	5.62191e-05	
N0.HOG0006343	0.00147361	0.00147857	0.00153306	0.00159638	0.000878332	1.74358e-05	
N0.HOG0006344	0.0798274	0.0793239	0.073089	0.0480218	0.0108988	5.62191e-05	
N0.HOG0006345	0.00147357	0.0014678	0.00139453	0.00106011	0.000361979	4.56087e-06	
N0.HOG0006346	0.00147358	0.0014698	0.00142017	0.00115864	0.000454567	6.69617e-06	
N0.HOG0006347	2.72037e-05	2.78387e-05	3.5755e-05	6.74644e-05	8.75904e-05	6.49154e-06	
N0.HOG0006348	2.72022e-05	2.74025e-05	2.98736e-05	3.90362e-05	3.78223e-05	2.18655e-06	
N0.HOG0006349	0.0798274	0.0793239	0.073089	0.0480218	0.0108988	5.62191e-05	
N0.HOG0006350	2.72024e-05	2.74587e-05	3.06814e-05	4.38174e-05	4.76104e-05	2.73627e-06	
N0.HOG0006351	0.0798274	0.0793239	0.073089	0.0480218	0.0108988	5.62191e-05	
N0.HOG0006352	0.00147369	0.00150284	0.00184674	0.00284409	0.00218856	5.81642e-05	
N0.HOG0006353	2.72034e-05	2.77507e-05	3.45624e-05	6.15624e-05	7.66529e-05	5.4391e-06	
N0.HOG0006354	0.0798274	0.0793239	0.073089	0.0480218	0.0108988	5.62191e-05	
N0.HOG0006355	0.00147369	0.00150284	0.00184674	0.00284409	0.00218856	5.81642e-05	
N0.HOG0006356	0.0798274	0.0793239	0.073089	0.0480218	0.0108988	5.62191e-05	
N0.HOG0006357	0.00147358	0.00146931	0.00141382	0.00113299	0.000426369	5.75099e-06	
N0.HOG0006358	5.02178e-07	5.18872e-07	7.49298e-07	2.23065e-06	6.89992e-06	1.84522e-06	
N0.HOG0006359	0.00147356	0.00146575	0.00136818	0.000959113	0.000268125	2.47615e-06	
N0.HOG0006360	0.00147361	0.00147857	0.00153306	0.00159638	0.000878332	1.74358e-05	
N0.HOG0006361	0.0798274	0.0793239	0.073089	0.0480218	0.0108988	5.62191e-05	
N0.HOG0006362	0.0798274	0.0793239	0.073089	0.0480218	0.0108988	5.62191e-05	
N0.HOG0006363	0.00147358	0.0014698	0.00142017	0.00115864	0.000454567	6.69617e-06	
N0.HOG0006364	0.0798274	0.0793239	0.073089	0.0480218	0.0108988	5.62191e-05	
N0.HOG0006365	0.00147357	0.00146681	0.00138185	0.00101143	0.000316545	3.53415e-06	
N0.HOG0006366	0.00147357	0.0014678	0.00139453	0.00106011	0.000361979	4.56087e-06	
N0.HOG0006369	7.15629e-10	2.09237e-07	2.85263e-06	1.49062e-05	4.12199e-05	4.47045e-05	
N0.HOG0006371	0.0798274	0.0793239	0.073089	0.0480218	0.0108988	5.62191e-05	
N0.HOG0006372	0.00147358	0.00147112	0.00143705	0.00122055	0.000503005	7.10707e-06	
N0.HOG0006373	0.0798274	0.0793239	0.073089	0.0480218	0.0108988	5.62191e-05	
N0.HOG0006374	0.0798274	0.0793239	0.073089	0.0480218	0.0108988	5.62191e-05	
N0.HOG0006375	0.0798274	0.0793239	0.073089	0.0480218	0.0108988	5.62191e-05	
N0.HOG0006376	2.72034e-05	2.77489e-05	3.45314e-05	6.12314e-05	7.49267e-05	4.98484e-06	
N0.HOG0006377	0.00147356	0.00146577	0.00136851	0.000960367	0.000269219	2.49419e-06	
N0.HOG0006378	2.72033e-05	2.77371e-05	3.42914e-05	5.81689e-05	5.99451e-05	2.23758e-06	
N0.HOG0006379	0.00147358	0.00146931	0.00141382	0.00113299	0.000426369	5.75099e-06	
N0.HOG0006380	0.0798274	0.0793239	0.073089	0.0480218	0.0108988	5.62191e-05	
N0.HOG0006381	0.0798274	0.0793239	0.073089	0.0480218	0.0108988	5.62191e-05	
N0.HOG0006382	0.0798274	0.0793239	0.073089	0.0480218	0.0108988	5.62191e-05	
N0.HOG0006383	0.0798274	0.0793239	0.073089	0.0480218	0.0108988	5.62191e-05	
N0.HOG0006384	0.0798274	0.0793239	0.073089	0.0480218	0.0108988	5.62191e-05	
N0.HOG0006385	0.00147369	0.00150284	0.00184674	0.00284409	0.00218856	5.81642e-05	
N0.HOG0006386	0.0798274	0.0793239	0.073089	0.0480218	0.0108988	5.62191e-05	
N0.HOG0006387	0.0798274	0.0793239	0.073089	0.0480218	0.0108988	5.62191e-05	
N0.HOG0006388	0.00147368	0.00149809	0.00178514	0.00259529	0.00191527	4.87343e-05	
N0.HOG0006389	2.7202e-05	2.73545e-05	2.9174e-05	3.46273e-05	2.69743e-05	1.04573e-06	
N0.HOG0006390	0.0798274	0.0793239	0.073089	0.0480218	0.0108988	5.62191e-05	
N0.HOG0006391	0.0798274	0.0793239	0.073089	0.0480218	0.0108988	5.62191e-05	
N0.HOG0006392	0.00147358	0.00147125	0.00143885	0.00123069	0.000522969	8.34011e-06	
N0.HOG0006393	0.00147358	0.00147125	0.00143885	0.00123069	0.000522969	8.34011e-06	
N0.HOG0006394	0.0798274	0.0793239	0.073089	0.0480218	0.0108988	5.62191e-05	
N0.HOG0006395	0.0798274	0.0793239	0.073089	0.0480218	0.0108988	5.62191e-05	
N0.HOG0006396	2.72035e-05	2.77856e-05	3.51428e-05	6.65115e-05	9.19023e-05	7.22976e-06	
N0.HOG0006397	0.0798274	0.0793239	0.073089	0.0480218	0.0108988	5.62191e-05	
N0.HOG0006398	0.00147361	0.00147831	0.00152904	0.00156859	0.00081217	1.2892e-05	
N0.HOG0006399	2.7202e-05	2.73545e-05	2.9174e-05	3.46273e-05	2.69743e-05	1.04573e-06	
N0.HOG0006400	0.0798274	0.0793239	0.073089	0.0480218	0.0108988	5.62191e-05	
N0.HOG0006401	2.72034e-05	2.77563e-05	3.46549e-05	6.23512e-05	7.90134e-05	5.61224e-06	
N0.HOG0006402	0.0798274	0.0793239	0.073089	0.0480218	0.0108988	5.62191e-05	
N0.HOG0006403	0.0798274	0.0793239	0.073089	0.0480218	0.0108988	5.62191e-05	
N0.HOG0006404	0.0798274	0.0793239	0.073089	0.0480218	0.0108988	5.62191e-05	
N0.HOG0006405	0.00147368	0.00149809	0.00178514	0.00259529	0.00191527	4.87343e-05	
N0.HOG0006406	0.0798274	0.0793239	0.073089	0.0480218	0.0108988	5.62191e-05	
N0.HOG0006407	0.00147358	0.00147125	0.00143885	0.00123069	0.000522969	8.34011e-06	
N0.HOG0006408	0.0798274	0.0793239	0.073089	0.0480218	0.0108988	5.62191e-05	
N0.HOG0006409	0.0798274	0.0793239	0.073089	0.0480218	0.0108988	5.62191e-05	
N0.HOG0006410	0.00147361	0.00147857	0.00153306	0.00159638	0.000878332	1.74358e-05	
N0.HOG0006411	0.0798274	0.0793239	0.073089	0.0480218	0.0108988	5.62191e-05	
N0.HOG0006412	0.0798274	0.0793239	0.073089	0.0480218	0.0108988	5.62191e-05	
N0.HOG0006413	0.0798274	0.0793239	0.073089	0.0480218	0.0108988	5.62191e-05	
N0.HOG0006414	0.00147369	0.00150284	0.00184674	0.00284409	0.00218856	5.81642e-05	
N0.HOG0006415	0.0798274	0.0793239	0.073089	0.0480218	0.0108988	5.62191e-05	
N0.HOG0006416	2.72055e-05	2.83701e-05	4.47915e-05	0.000146018	0.000307698	2.26237e-05	
N0.HOG0006417	0.0798274	0.0793239	0.073089	0.0480218	0.0108988	5.62191e-05	
N0.HOG0006418	0.00147369	0.00150284	0.00184674	0.00284409	0.00218856	5.81642e-05	
N0.HOG0006419	0.00147369	0.00150211	0.00183197	0.00268218	0.00169918	2.34139e-05	
N0.HOG0006420	0.0798274	0.0793239	0.073089	0.0480218	0.0108988	5.62191e-05	
N0.HOG0006421	0.0798274	0.0793239	0.073089	0.0480218	0.0108988	5.62191e-05	
N0.HOG0006422	0.0798274	0.0793239	0.073089	0.0480218	0.0108988	5.62191e-05	
N0.HOG0006423	0.0798274	0.0793239	0.073089	0.0480218	0.0108988	5.62191e-05	
N0.HOG0006424	0.0798274	0.0793239	0.073089	0.0480218	0.0108988	5.62191e-05	
N0.HOG0006425	0.0798274	0.0793239	0.073089	0.0480218	0.0108988	5.62191e-05	
N0.HOG0006426	0.0798274	0.0793239	0.073089	0.0480218	0.0108988	5.62191e-05	
N0.HOG0006427	2.72037e-05	2.78387e-05	3.5755e-05	6.74644e-05	8.75904e-05	6.49154e-06	
N0.HOG0006428	0.0798274	0.0793239	0.073089	0.0480218	0.0108988	5.62191e-05	
N0.HOG0006429	0.00147368	0.00149809	0.00178514	0.00259529	0.00191527	4.87343e-05	
N0.HOG0006430	0.0798274	0.0793239	0.073089	0.0480218	0.0108988	5.62191e-05	
N0.HOG0006431	0.0798274	0.0793239	0.073089	0.0480218	0.0108988	5.62191e-05	
N0.HOG0006432	0.0798274	0.0793239	0.073089	0.0480218	0.0108988	5.62191e-05	
N0.HOG0006433	0.0798274	0.0793239	0.073089	0.0480218	0.0108988	5.62191e-05	
N0.HOG0006434	0.0798274	0.0793239	0.073089	0.0480218	0.0108988	5.62191e-05	
N0.HOG0006435	0.00147369	0.00150284	0.00184674	0.00284409	0.00218856	5.81642e-05	
N0.HOG0006436	0.00147368	0.00149809	0.00178514	0.00259529	0.00191527	4.87343e-05	
N0.HOG0006437	0.00147368	0.00149809	0.00178514	0.00259529	0.00191527	4.87343e-05	
N0.HOG0006438	2.72037e-05	2.78369e-05	3.57231e-05	6.71016e-05	8.56179e-05	5.94996e-06	
N0.HOG0006439	2.72037e-05	2.78369e-05	3.57231e-05	6.71016e-05	8.56179e-05	5.94996e-06	
N0.HOG0006440	0.00147369	0.00150284	0.00184674	0.00284409	0.00218856	5.81642e-05	
N0.HOG0006441	0.00147369	0.00150284	0.00184674	0.00284409	0.00218856	5.81642e-05	
N0.HOG0006442	9.2712e-09	9.98127e-09	2.26385e-08	2.37142e-07	3.368e-06	3.89255e-06	
N0.HOG0006443	0.0798274	0.0793239	0.073089	0.0480218	0.0108988	5.62191e-05	
N0.HOG0006444	0.0798274	0.0793239	0.073089	0.0480218	0.0108988	5.62191e-05	
N0.HOG0006445	0.00147369	0.00150284	0.00184674	0.00284409	0.00218856	5.81642e-05	
N0.HOG0006446	0.00147369	0.00150284	0.00184674	0.00284409	0.00218856	5.81642e-05	
N0.HOG0006447	0.0798274	0.0793239	0.073089	0.0480218	0.0108988	5.62191e-05	
N0.HOG0006448	0.0798274	0.0793239	0.073089	0.0480218	0.0108988	5.62191e-05	
N0.HOG0006449	0.00147367	0.00149745	0.00177273	0.00246548	0.00153231	2.18671e-05	
N0.HOG0006450	0.00147369	0.00150284	0.00184674	0.00284409	0.00218856	5.81642e-05	
N0.HOG0006451	0.00147358	0.0014697	0.00141888	0.00115371	0.000449626	6.47774e-06	
N0.HOG0006452	0.0798274	0.0793239	0.073089	0.0480218	0.0108988	5.62191e-05	
N0.HOG0006453	0.0798274	0.0793239	0.073089	0.0480218	0.0108988	5.62191e-05	
N0.HOG0006454	0.00147368	0.00149809	0.00178514	0.00259529	0.00191527	4.87343e-05	
N0.HOG0006455	9.27128e-09	9.98721e-09	1.92262e-08	6.39138e-08	1.4191e-07	2.42658e-08	
N0.HOG0006456	0.0798274	0.0793239	0.073089	0.0480218	0.0108988	5.62191e-05	
N0.HOG0006457	0.0798274	0.0793239	0.073089	0.0480218	0.0108988	5.62191e-05	
N0.HOG0006458	1.03599e-16	3.63526e-14	2.00252e-12	1.35444e-10	5.11212e-09	1.55735e-08	
N0.HOG0006459	0.00147357	0.0014678	0.00139453	0.00106011	0.000361979	4.56087e-06	
N0.HOG0006460	0.0798274	0.0793239	0.073089	0.0480218	0.0108988	5.62191e-05	
N0.HOG0006461	2.72023e-05	2.74188e-05	3.01012e-05	4.01994e-05	3.89711e-05	1.91248e-06	
N0.HOG0006462	0.0798274	0.0793239	0.073089	0.0480218	0.0108988	5.62191e-05	
N0.HOG0006463	0.00147358	0.00146931	0.00141382	0.00113299	0.000426369	5.75099e-06	
N0.HOG0006464	0.00147369	0.00150284	0.00184674	0.00284409	0.00218856	5.81642e-05	
N0.HOG0006465	0.00147368	0.00149809	0.00178514	0.00259529	0.00191527	4.87343e-05	
N0.HOG0006466	0.0798274	0.0793239	0.073089	0.0480218	0.0108988	5.62191e-05	
N0.HOG0006467	0.0798274	0.0793239	0.073089	0.0480218	0.0108988	5.62191e-05	
N0.HOG0006468	2.72034e-05	2.77489e-05	3.45314e-05	6.12314e-05	7.49267e-05	4.98484e-06	
N0.HOG0006469	0.0798274	0.0793239	0.073089	0.0480218	0.0108988	5.62191e-05	
N0.HOG0006470	2.7202e-05	2.73545e-05	2.9174e-05	3.46273e-05	2.69743e-05	1.04573e-06	
N0.HOG0006471	0.00147361	0.00147857	0.00153306	0.00159638	0.000878332	1.74358e-05	
N0.HOG0006472	0.0798274	0.0793239	0.073089	0.0480218	0.0108988	5.62191e-05	
N0.HOG0006473	5.02137e-07	5.0662e-07	5.63309e-07	8.07799e-07	1.01564e-06	1.01532e-07	
N0.HOG0006474	0.00147358	0.00146931	0.00141382	0.00113299	0.000426369	5.75099e-06	
N0.HOG0006475	0.0798274	0.0793239	0.073089	0.0480218	0.0108988	5.62191e-05	
N0.HOG0006476	0.00147357	0.00146681	0.00138185	0.00101143	0.000316545	3.53415e-06	
N0.HOG0006477	0.0798274	0.0793239	0.073089	0.0480218	0.0108988	5.62191e-05	
N0.HOG0006478	0.0798274	0.0793239	0.073089	0.0480218	0.0108988	5.62191e-05	
N0.HOG0006479	0.0798274	0.0793239	0.073089	0.0480218	0.0108988	5.62191e-05	
N0.HOG0006480	0.00147361	0.00147857	0.00153306	0.00159638	0.000878332	1.74358e-05	
N0.HOG0006481	0.00147358	0.00146931	0.00141382	0.00113299	0.000426369	5.75099e-06	
N0.HOG0006482	9.26999e-09	9.61424e-09	1.46766e-08	5.94686e-08	3.71327e-07	2.36065e-07	
N0.HOG0006483	0.00147369	0.00150284	0.00184674	0.00284409	0.00218856	5.81642e-05	
N0.HOG0006484	2.72043e-05	2.80075e-05	3.86343e-05	9.28996e-05	0.000163089	1.33381e-05	
N0.HOG0006485	0.0798274	0.0793239	0.073089	0.0480218	0.0108988	5.62191e-05	
N0.HOG0006486	0.0798274	0.0793239	0.073089	0.0480218	0.0108988	5.62191e-05	
N0.HOG0006487	0.0798274	0.0793239	0.073089	0.0480218	0.0108988	5.62191e-05	
N0.HOG0006488	0.0798274	0.0793239	0.073089	0.0480218	0.0108988	5.62191e-05	
N0.HOG0006489	0.00147369	0.00150284	0.00184674	0.00284409	0.00218856	5.81642e-05	
N0.HOG0006490	0.00147357	0.0014678	0.00139453	0.00106011	0.000361979	4.56087e-06	
N0.HOG0006491	0.0798274	0.0793239	0.073089	0.0480218	0.0108988	5.62191e-05	
N0.HOG0006492	0.0798274	0.0793239	0.073089	0.0480218	0.0108988	5.62191e-05	
N0.HOG0006493	0.00147357	0.0014678	0.00139453	0.00106011	0.000361979	4.56087e-06	
N0.HOG0006494	0.00147369	0.00150284	0.00184674	0.00284409	0.00218856	5.81642e-05	
N0.HOG0006495	0.0798274	0.0793239	0.073089	0.0480218	0.0108988	5.62191e-05	
N0.HOG0006496	0.0798274	0.0793239	0.073089	0.0480218	0.0108988	5.62191e-05	
N0.HOG0006497	0.0798274	0.0793239	0.073089	0.0480218	0.0108988	5.62191e-05	
N0.HOG0006498	0.00147368	0.00149809	0.00178514	0.00259529	0.00191527	4.87343e-05	
N0.HOG0006499	0.0798274	0.0793239	0.073089	0.0480218	0.0108988	5.62191e-05	
N0.HOG0006500	0.00147358	0.00147112	0.00143705	0.00122055	0.000503005	7.10707e-06	
N0.HOG0006501	0.0798274	0.0793239	0.073089	0.0480218	0.0108988	5.62191e-05	
N0.HOG0006502	0.0798274	0.0793239	0.073089	0.0480218	0.0108988	5.62191e-05	
N0.HOG0006503	0.0798274	0.0793239	0.073089	0.0480218	0.0108988	5.62191e-05	
N0.HOG0006504	0.0798274	0.0793239	0.073089	0.0480218	0.0108988	5.62191e-05	
N0.HOG0006505	0.0798274	0.0793239	0.073089	0.0480218	0.0108988	5.62191e-05	
N0.HOG0006506	0.0798274	0.0793239	0.073089	0.0480218	0.0108988	5.62191e-05	
N0.HOG0006507	0.0798274	0.0793239	0.073089	0.0480218	0.0108988	5.62191e-05	
N0.HOG0006508	0.00147368	0.00149809	0.00178514	0.00259529	0.00191527	4.87343e-05	
N0.HOG0006509	0.00147368	0.00149809	0.00178514	0.00259529	0.00191527	4.87343e-05	
N0.HOG0006510	0.0798274	0.0793239	0.073089	0.0480218	0.0108988	5.62191e-05	
N0.HOG0006511	0.0798274	0.0793239	0.073089	0.0480218	0.0108988	5.62191e-05	
N0.HOG0006512	0.0798274	0.0793239	0.073089	0.0480218	0.0108988	5.62191e-05	
N0.HOG0006513	0.0798274	0.0793239	0.073089	0.0480218	0.0108988	5.62191e-05	
N0.HOG0006514	0.0798274	0.0793239	0.073089	0.0480218	0.0108988	5.62191e-05	
N0.HOG0006515	0.0798274	0.0793239	0.073089	0.0480218	0.0108988	5.62191e-05	
N0.HOG0006516	0.0798274	0.0793239	0.073089	0.0480218	0.0108988	5.62191e-05	
N0.HOG0006517	0.00147369	0.00150211	0.00183197	0.00268218	0.00169918	2.34139e-05	
N0.HOG0006518	0.00147369	0.00150284	0.00184674	0.00284409	0.00218856	5.81642e-05	
N0.HOG0006519	0.0798274	0.0793239	0.073089	0.0480218	0.0108988	5.62191e-05	
N0.HOG0006520	0.00147361	0.00147857	0.00153306	0.00159638	0.000878332	1.74358e-05	
N0.HOG0006521	0.0798274	0.0793239	0.073089	0.0480218	0.0108988	5.62191e-05	
N0.HOG0006522	0.0798274	0.0793239	0.073089	0.0480218	0.0108988	5.62191e-05	
N0.HOG0006523	0.0798274	0.0793239	0.073089	0.0480218	0.0108988	5.62191e-05	
N0.HOG0006524	0.0798274	0.0793239	0.073089	0.0480218	0.0108988	5.62191e-05	
N0.HOG0006525	0.0798274	0.0793239	0.073089	0.0480218	0.0108988	5.62191e-05	
N0.HOG0006526	0.0798274	0.0793239	0.073089	0.0480218	0.0108988	5.62191e-05	
N0.HOG0006527	0.0798274	0.0793239	0.073089	0.0480218	0.0108988	5.62191e-05	
N0.HOG0006528	0.0798274	0.0793239	0.073089	0.0480218	0.0108988	5.62191e-05	
N0.HOG0006529	0.0798274	0.0793239	0.073089	0.0480218	0.0108988	5.62191e-05	
N0.HOG0006530	9.26995e-09	9.59966e-09	1.42638e-08	4.85003e-08	2.14907e-07	1.19963e-07	
N0.HOG0006531	0.0798274	0.0793239	0.073089	0.0480218	0.0108988	5.62191e-05	
N0.HOG0006532	2.72036e-05	2.78084e-05	3.52356e-05	6.27848e-05	7.26879e-05	4.71866e-06	
N0.HOG0006533	0.00147358	0.00147125	0.00143885	0.00123069	0.000522969	8.34011e-06	
N0.HOG0006534	0.0798274	0.0793239	0.073089	0.0480218	0.0108988	5.62191e-05	
N0.HOG0006535	0.00147368	0.00149809	0.00178514	0.00259529	0.00191527	4.87343e-05	
N0.HOG0006536	0.0798274	0.0793239	0.073089	0.0480218	0.0108988	5.62191e-05	
N0.HOG0006537	0.00147358	0.00147125	0.00143885	0.00123069	0.000522969	8.34011e-06	
N0.HOG0006538	0.00147361	0.00147857	0.00153306	0.00159638	0.000878332	1.74358e-05	
N0.HOG0006539	0.00147369	0.00150211	0.00183197	0.00268218	0.00169918	2.34139e-05	
N0.HOG0006540	0.0798274	0.0793239	0.073089	0.0480218	0.0108988	5.62191e-05	
N0.HOG0006541	0.0798274	0.0793239	0.073089	0.0480218	0.0108988	5.62191e-05	
N0.HOG0006542	0.00147358	0.00147125	0.00143885	0.00123069	0.000522969	8.34011e-06	
N0.HOG0006543	0.00147358	0.0014698	0.00142017	0.00115864	0.000454567	6.69617e-06	
N0.HOG0006544	0.0798274	0.0793239	0.073089	0.0480218	0.0108988	5.62191e-05	
N0.HOG0006545	0.0798274	0.0793239	0.073089	0.0480218	0.0108988	5.62191e-05	
N0.HOG0006546	0.0798274	0.0793239	0.073089	0.0480218	0.0108988	5.62191e-05	
N0.HOG0006547	0.0798274	0.0793239	0.073089	0.0480218	0.0108988	5.62191e-05	
N0.HOG0006548	0.0798274	0.0793239	0.073089	0.0480218	0.0108988	5.62191e-05	
N0.HOG0006549	0.00147369	0.00150284	0.00184674	0.00284409	0.00218856	5.81642e-05	
N0.HOG0006550	0.0798274	0.0793239	0.073089	0.0480218	0.0108988	5.62191e-05	
N0.HOG0006551	0.00147368	0.00149809	0.00178514	0.00259529	0.00191527	4.87343e-05	
N0.HOG0006552	0.0798274	0.0793239	0.073089	0.0480218	0.0108988	5.62191e-05	
N0.HOG0006553	0.0798274	0.0793239	0.073089	0.0480218	0.0108988	5.62191e-05	
N0.HOG0006554	0.0798274	0.0793239	0.073089	0.0480218	0.0108988	5.62191e-05	
N0.HOG0006555	0.00147361	0.00147831	0.00152904	0.00156859	0.00081217	1.2892e-05	
N0.HOG0006556	0.00147361	0.00147831	0.00152904	0.00156859	0.00081217	1.2892e-05	
N0.HOG0006557	0.00147369	0.00150284	0.00184674	0.00284409	0.00218856	5.81642e-05	
N0.HOG0006558	0.0798274	0.0793239	0.073089	0.0480218	0.0108988	5.62191e-05	
N0.HOG0006559	0.00147369	0.00150284	0.00184674	0.00284409	0.00218856	5.81642e-05	
N0.HOG0006560	0.0798274	0.0793239	0.073089	0.0480218	0.0108988	5.62191e-05	
N0.HOG0006561	0.0798274	0.0793239	0.073089	0.0480218	0.0108988	5.62191e-05	
N0.HOG0006562	0.00147361	0.00147857	0.00153306	0.00159638	0.000878332	1.74358e-05	
N0.HOG0006563	2.72037e-05	2.78387e-05	3.5755e-05	6.74644e-05	8.75904e-05	6.49154e-06	
N0.HOG0006564	0.00147368	0.00149809	0.00178514	0.00259529	0.00191527	4.87343e-05	
N0.HOG0006565	0.0798274	0.0793239	0.073089	0.0480218	0.0108988	5.62191e-05	
N0.HOG0006566	0.0798274	0.0793239	0.073089	0.0480218	0.0108988	5.62191e-05	
N0.HOG0006567	0.0798274	0.0793239	0.073089	0.0480218	0.0108988	5.62191e-05	
N0.HOG0006568	0.0798274	0.0793239	0.073089	0.0480218	0.0108988	5.62191e-05	
N0.HOG0006569	0.0798274	0.0793239	0.073089	0.0480218	0.0108988	5.62191e-05	
N0.HOG0006570	0.0798274	0.0793239	0.073089	0.0480218	0.0108988	5.62191e-05	
N0.HOG0006571	0.0798274	0.0793239	0.073089	0.0480218	0.0108988	5.62191e-05	
N0.HOG0006572	2.72037e-05	2.78307e-05	3.55641e-05	6.44387e-05	7.00992e-05	2.69782e-06	
N0.HOG0006573	0.0798274	0.0793239	0.073089	0.0480218	0.0108988	5.62191e-05	
N0.HOG0006574	0.0798274	0.0793239	0.073089	0.0480218	0.0108988	5.62191e-05	
N0.HOG0006575	0.0798274	0.0793239	0.073089	0.0480218	0.0108988	5.62191e-05	
N0.HOG0006576	0.00147368	0.00149809	0.00178514	0.00259529	0.00191527	4.87343e-05	
N0.HOG0006577	0.00147361	0.00147831	0.00152904	0.00156859	0.00081217	1.2892e-05	
N0.HOG0006578	0.00147358	0.00147125	0.00143885	0.00123069	0.000522969	8.34011e-06	
N0.HOG0006579	0.0798274	0.0793239	0.073089	0.0480218	0.0108988	5.62191e-05	
N0.HOG0006580	0.00147369	0.00150284	0.00184674	0.00284409	0.00218856	5.81642e-05	
N0.HOG0006581	0.0798274	0.0793239	0.073089	0.0480218	0.0108988	5.62191e-05	
N0.HOG0006582	0.00147369	0.00150284	0.00184674	0.00284409	0.00218856	5.81642e-05	
N0.HOG0006583	0.00147369	0.00150211	0.00183197	0.00268218	0.00169918	2.34139e-05	
N0.HOG0006584	0.00147361	0.00147857	0.00153306	0.00159638	0.000878332	1.74358e-05	
N0.HOG0006585	2.72023e-05	2.74237e-05	3.01802e-05	4.09118e-05	4.21459e-05	2.58661e-06	
N0.HOG0006586	0.0798274	0.0793239	0.073089	0.0480218	0.0108988	5.62191e-05	
N0.HOG0006587	0.00147368	0.00149809	0.00178514	0.00259529	0.00191527	4.87343e-05	
N0.HOG0006588	0.00147369	0.00150284	0.00184674	0.00284409	0.00218856	5.81642e-05	
N0.HOG0006589	0.0798274	0.0793239	0.073089	0.0480218	0.0108988	5.62191e-05	
N0.HOG0006590	0.00147369	0.00150284	0.00184674	0.00284409	0.00218856	5.81642e-05	
N0.HOG0006591	0.00147361	0.00147857	0.00153306	0.00159638	0.000878332	1.74358e-05	
N0.HOG0006592	0.00147368	0.00149809	0.00178514	0.00259529	0.00191527	4.87343e-05	
N0.HOG0006593	0.0798274	0.0793239	0.073089	0.0480218	0.0108988	5.62191e-05	
N0.HOG0006594	0.00147357	0.0014678	0.00139453	0.00106011	0.000361979	4.56087e-06	
N0.HOG0006595	0.0798274	0.0793239	0.073089	0.0480218	0.0108988	5.62191e-05	
N0.HOG0006596	0.0798274	0.0793239	0.073089	0.0480218	0.0108988	5.62191e-05	
N0.HOG0006597	2.7202e-05	2.73361e-05	2.89087e-05	3.30375e-05	2.35887e-05	8.10442e-07	
N0.HOG0006598	0.0798274	0.0793239	0.073089	0.0480218	0.0108988	5.62191e-05	
N0.HOG0006599	0.00147361	0.00147831	0.00152904	0.00156859	0.00081217	1.2892e-05	
N0.HOG0006600	0.0798274	0.0793239	0.073089	0.0480218	0.0108988	5.62191e-05	
N0.HOG0006601	0.00147369	0.00150284	0.00184674	0.00284409	0.00218856	5.81642e-05	
N0.HOG0006602	5.02434e-07	5.9507e-07	2.03935e-06	1.30584e-05	3.26564e-05	2.05549e-06	
N0.HOG0006603	0.0798274	0.0793239	0.073089	0.0480218	0.0108988	5.62191e-05	
N0.HOG0006604	0.00147368	0.00149809	0.00178514	0.00259529	0.00191527	4.87343e-05	
N0.HOG0006605	2.72013e-05	2.71504e-05	2.64723e-05	2.26582e-05	1.0532e-05	2.55144e-07	
N0.HOG0006606	0.0798274	0.0793239	0.073089	0.0480218	0.0108988	5.62191e-05	
N0.HOG0006607	0.0798274	0.0793239	0.073089	0.0480218	0.0108988	5.62191e-05	
N0.HOG0006608	0.00147368	0.00149809	0.00178514	0.00259529	0.00191527	4.87343e-05	
N0.HOG0006609	0.0798274	0.0793239	0.073089	0.0480218	0.0108988	5.62191e-05	
N0.HOG0006610	0.00147358	0.00146931	0.00141382	0.00113299	0.000426369	5.75099e-06	
N0.HOG0006611	2.72037e-05	2.78387e-05	3.5755e-05	6.74644e-05	8.75904e-05	6.49154e-06	
N0.HOG0006612	2.72043e-05	2.80125e-05	3.87357e-05	9.45458e-05	0.000176375	1.80391e-05	
N0.HOG0006613	0.00147369	0.00150284	0.00184674	0.00284409	0.00218856	5.81642e-05	
N0.HOG0006614	0.00147361	0.00147831	0.00152904	0.00156859	0.00081217	1.2892e-05	
N0.HOG0006615	0.00147361	0.00147831	0.00152904	0.00156859	0.00081217	1.2892e-05	
N0.HOG0006616	0.0798274	0.0793239	0.073089	0.0480218	0.0108988	5.62191e-05	
N0.HOG0006617	0.0798274	0.0793239	0.073089	0.0480218	0.0108988	5.62191e-05	
N0.HOG0006618	0.0798274	0.0793239	0.073089	0.0480218	0.0108988	5.62191e-05	
N0.HOG0006619	0.00147361	0.00147857	0.00153306	0.00159638	0.000878332	1.74358e-05	
N0.HOG0006620	0.00147356	0.00146577	0.00136851	0.000960367	0.000269219	2.49419e-06	
N0.HOG0006621	0.0798274	0.0793239	0.073089	0.0480218	0.0108988	5.62191e-05	
N0.HOG0006622	0.0798274	0.0793239	0.073089	0.0480218	0.0108988	5.62191e-05	
N0.HOG0006623	0.0798274	0.0793239	0.073089	0.0480218	0.0108988	5.62191e-05	
N0.HOG0006624	0.0798274	0.0793239	0.073089	0.0480218	0.0108988	5.62191e-05	
N0.HOG0006625	0.0798274	0.0793239	0.073089	0.0480218	0.0108988	5.62191e-05	
N0.HOG0006626	0.0798274	0.0793239	0.073089	0.0480218	0.0108988	5.62191e-05	
N0.HOG0006627	2.72021e-05	2.73594e-05	2.92513e-05	3.5244e-05	2.91756e-05	1.41477e-06	
N0.HOG0006628	0.00147369	0.00150284	0.00184674	0.00284409	0.00218856	5.81642e-05	
N0.HOG0006629	0.00147356	0.00146577	0.00136851	0.000960367	0.000269219	2.49419e-06	
N0.HOG0006630	0.00147358	0.00147011	0.0014242	0.00117418	0.000469273	7.04902e-06	
N0.HOG0006631	0.00147361	0.00147831	0.00152904	0.00156859	0.00081217	1.2892e-05	
N0.HOG0006632	0.0798274	0.0793239	0.073089	0.0480218	0.0108988	5.62191e-05	
N0.HOG0006633	0.0798274	0.0793239	0.073089	0.0480218	0.0108988	5.62191e-05	
N0.HOG0006634	0.00147368	0.00149809	0.00178514	0.00259529	0.00191527	4.87343e-05	
N0.HOG0006635	0.0798274	0.0793239	0.073089	0.0480218	0.0108988	5.62191e-05	
N0.HOG0006636	0.00147369	0.00150284	0.00184674	0.00284409	0.00218856	5.81642e-05	
N0.HOG0006637	0.0798274	0.0793239	0.073089	0.0480218	0.0108988	5.62191e-05	
N0.HOG0006638	0.0798274	0.0793239	0.073089	0.0480218	0.0108988	5.62191e-05	
N0.HOG0006639	0.00147359	0.0014733	0.00146512	0.00133226	0.000620288	1.07329e-05	
N0.HOG0006640	1.03544e-16	3.15017e-14	6.82457e-13	1.70821e-11	4.82432e-10	1.86269e-09	
N0.HOG0006641	0.00147368	0.00149809	0.00178514	0.00259529	0.00191527	4.87343e-05	
N0.HOG0006642	2.72021e-05	2.73594e-05	2.92513e-05	3.5244e-05	2.91756e-05	1.41477e-06	
N0.HOG0006643	0.0798274	0.0793239	0.073089	0.0480218	0.0108988	5.62191e-05	
N0.HOG0006644	0.0798274	0.0793239	0.073089	0.0480218	0.0108988	5.62191e-05	
N0.HOG0006645	0.0798274	0.0793239	0.073089	0.0480218	0.0108988	5.62191e-05	
N0.HOG0006646	0.0798274	0.0793239	0.073089	0.0480218	0.0108988	5.62191e-05	
N0.HOG0006647	0.00147369	0.00150284	0.00184674	0.00284409	0.00218856	5.81642e-05	
N0.HOG0006648	0.0798274	0.0793239	0.073089	0.0480218	0.0108988	5.62191e-05	
N0.HOG0006649	0.00147361	0.00147857	0.00153306	0.00159638	0.000878332	1.74358e-05	
N0.HOG0006650	0.0798274	0.0793239	0.073089	0.0480218	0.0108988	5.62191e-05	
N0.HOG0006651	0.00147368	0.00149809	0.00178514	0.00259529	0.00191527	4.87343e-05	
N0.HOG0006652	0.0798274	0.0793239	0.073089	0.0480218	0.0108988	5.62191e-05	
N0.HOG0006653	0.0798274	0.0793239	0.073089	0.0480218	0.0108988	5.62191e-05	
N0.HOG0006654	0.0798274	0.0793239	0.073089	0.0480218	0.0108988	5.62191e-05	
N0.HOG0006655	0.0798274	0.0793239	0.073089	0.0480218	0.0108988	5.62191e-05	
N0.HOG0006656	2.72034e-05	2.77489e-05	3.45314e-05	6.12314e-05	7.49267e-05	4.98484e-06	
N0.HOG0006657	2.72021e-05	2.73594e-05	2.92513e-05	3.5244e-05	2.91756e-05	1.41477e-06	
N0.HOG0006658	0.0798274	0.0793239	0.073089	0.0480218	0.0108988	5.62191e-05	
N0.HOG0006659	0.00147357	0.0014678	0.00139453	0.00106011	0.000361979	4.56087e-06	
N0.HOG0006660	0.00147368	0.00149809	0.00178514	0.00259529	0.00191527	4.87343e-05	
N0.HOG0006661	0.0798274	0.0793239	0.073089	0.0480218	0.0108988	5.62191e-05	
N0.HOG0006662	0.0798274	0.0793239	0.073089	0.0480218	0.0108988	5.62191e-05	
N0.HOG0006663	0.0798274	0.0793239	0.073089	0.0480218	0.0108988	5.62191e-05	
N0.HOG0006664	0.00147368	0.00149809	0.00178514	0.00259529	0.00191527	4.87343e-05	
N0.HOG0006665	0.0798274	0.0793239	0.073089	0.0480218	0.0108988	5.62191e-05	
N0.HOG0006666	0.00147369	0.00150284	0.00184674	0.00284409	0.00218856	5.81642e-05	
N0.HOG0006667	0.00147358	0.00147112	0.00143705	0.00122055	0.000503005	7.10707e-06	
N0.HOG0006668	0.0798274	0.0793239	0.073089	0.0480218	0.0108988	5.62191e-05	
N0.HOG0006669	0.0798274	0.0793239	0.073089	0.0480218	0.0108988	5.62191e-05	
N0.HOG0006670	0.00147358	0.00147125	0.00143885	0.00123069	0.000522969	8.34011e-06	
N0.HOG0006671	0.0798274	0.0793239	0.073089	0.0480218	0.0108988	5.62191e-05	
N0.HOG0006672	0.0798274	0.0793239	0.073089	0.0480218	0.0108988	5.62191e-05	
N0.HOG0006673	0.0798274	0.0793239	0.073089	0.0480218	0.0108988	5.62191e-05	
N0.HOG0006674	0.0798274	0.0793239	0.073089	0.0480218	0.0108988	5.62191e-05	
N0.HOG0006675	0.00147367	0.00149745	0.00177273	0.00246548	0.00153231	2.18671e-05	
N0.HOG0006676	0.0798274	0.0793239	0.073089	0.0480218	0.0108988	5.62191e-05	
N0.HOG0006677	0.00147369	0.00150284	0.00184674	0.00284409	0.00218856	5.81642e-05	
N0.HOG0006678	0.0798274	0.0793239	0.073089	0.0480218	0.0108988	5.62191e-05	
N0.HOG0006679	0.00147369	0.00150284	0.00184674	0.00284409	0.00218856	5.81642e-05	
N0.HOG0006680	0.0798274	0.0793239	0.073089	0.0480218	0.0108988	5.62191e-05	
N0.HOG0006681	0.0798274	0.0793239	0.073089	0.0480218	0.0108988	5.62191e-05	
N0.HOG0006682	0.0798274	0.0793239	0.073089	0.0480218	0.0108988	5.62191e-05	
N0.HOG0006683	0.0798274	0.0793239	0.073089	0.0480218	0.0108988	5.62191e-05	
N0.HOG0006684	0.0798274	0.0793239	0.073089	0.0480218	0.0108988	5.62191e-05	
N0.HOG0006685	0.0798274	0.0793239	0.073089	0.0480218	0.0108988	5.62191e-05	
N0.HOG0006686	0.00147369	0.00150284	0.00184674	0.00284409	0.00218856	5.81642e-05	
N0.HOG0006687	0.00147358	0.00147125	0.00143885	0.00123069	0.000522969	8.34011e-06	
N0.HOG0006688	0.0798274	0.0793239	0.073089	0.0480218	0.0108988	5.62191e-05	
N0.HOG0006689	0.00147358	0.00146931	0.00141382	0.00113299	0.000426369	5.75099e-06	
N0.HOG0006690	0.00147361	0.00147857	0.00153306	0.00159638	0.000878332	1.74358e-05	
N0.HOG0006691	0.00147361	0.00147857	0.00153306	0.00159638	0.000878332	1.74358e-05	
N0.HOG0006692	0.00147358	0.00147125	0.00143885	0.00123069	0.000522969	8.34011e-06	
N0.HOG0006693	0.0798274	0.0793239	0.073089	0.0480218	0.0108988	5.62191e-05	
N0.HOG0006694	2.7204e-05	2.7919e-05	3.73456e-05	8.47724e-05	0.000142703	1.11319e-05	
N0.HOG0006695	2.7204e-05	2.79239e-05	3.74436e-05	8.62748e-05	0.000154351	1.51184e-05	
N0.HOG0006696	0.0798274	0.0793239	0.073089	0.0480218	0.0108988	5.62191e-05	
N0.HOG0006697	2.72021e-05	2.73826e-05	2.95776e-05	3.70082e-05	3.17729e-05	1.31996e-06	
N0.HOG0006698	0.0798274	0.0793239	0.073089	0.0480218	0.0108988	5.62191e-05	
N0.HOG0006699	0.0798274	0.0793239	0.073089	0.0480218	0.0108988	5.62191e-05	
N0.HOG0006700	0.0798274	0.0793239	0.073089	0.0480218	0.0108988	5.62191e-05	
N0.HOG0006701	0.0798274	0.0793239	0.073089	0.0480218	0.0108988	5.62191e-05	
N0.HOG0006702	0.0798274	0.0793239	0.073089	0.0480218	0.0108988	5.62191e-05	
N0.HOG0006703	2.72055e-05	2.83684e-05	4.47444e-05	0.000144955	0.000298601	2.02967e-05	
N0.HOG0006704	0.0798274	0.0793239	0.073089	0.0480218	0.0108988	5.62191e-05	
N0.HOG0006705	2.72037e-05	2.78387e-05	3.5755e-05	6.74644e-05	8.75904e-05	6.49154e-06	
N0.HOG0006706	0.0798274	0.0793239	0.073089	0.0480218	0.0108988	5.62191e-05	
N0.HOG0006707	0.0798274	0.0793239	0.073089	0.0480218	0.0108988	5.62191e-05	
N0.HOG0006708	0.00147358	0.00147112	0.00143705	0.00122055	0.000503005	7.10707e-06	
N0.HOG0006709	0.0798274	0.0793239	0.073089	0.0480218	0.0108988	5.62191e-05	
N0.HOG0006710	0.00147357	0.00146774	0.00139369	0.00105657	0.000357719	4.41484e-06	
N0.HOG0006711	0.00147367	0.00149745	0.00177273	0.00246548	0.00153231	2.18671e-05	
N0.HOG0006712	0.00147361	0.00147831	0.00152904	0.00156859	0.00081217	1.2892e-05	
N0.HOG0006713	0.0798274	0.0793239	0.073089	0.0480218	0.0108988	5.62191e-05	
N0.HOG0006716	0.00147361	0.00147857	0.00153306	0.00159638	0.000878332	1.74358e-05	
N0.HOG0006717	0.0798274	0.0793239	0.073089	0.0480218	0.0108988	5.62191e-05	
N0.HOG0006718	9.27444e-09	1.09426e-08	3.74655e-08	2.79375e-07	1.16048e-06	1.99202e-07	
N0.HOG0006719	0.0798274	0.0793239	0.073089	0.0480218	0.0108988	5.62191e-05	
N0.HOG0006720	0.0798274	0.0793239	0.073089	0.0480218	0.0108988	5.62191e-05	
N0.HOG0006721	0.00147361	0.00147857	0.00153306	0.00159638	0.000878332	1.74358e-05	
N0.HOG0006722	0.0798274	0.0793239	0.073089	0.0480218	0.0108988	5.62191e-05	
N0.HOG0006723	0.0798274	0.0793239	0.073089	0.0480218	0.0108988	5.62191e-05	
N0.HOG0006724	5.02177e-07	5.18341e-07	7.39093e-07	2.08733e-06	5.85865e-06	1.46372e-06	
N0.HOG0006725	0.00147358	0.00147125	0.00143885	0.00123069	0.000522969	8.34011e-06	
N0.HOG0006726	0.00147369	0.00150284	0.00184674	0.00284409	0.00218856	5.81642e-05	
N0.HOG0006727	0.0798274	0.0793239	0.073089	0.0480218	0.0108988	5.62191e-05	
N0.HOG0006728	7.58838e-27	1.95764e-19	7.10812e-16	3.25842e-13	4.67797e-11	6.00781e-10	
N0.HOG0006729	5.02203e-07	5.2637e-07	8.86839e-07	3.90667e-06	1.77501e-05	6.37284e-06	
N0.HOG0006730	0.0798274	0.0793239	0.073089	0.0480218	0.0108988	5.62191e-05	
N0.HOG0006731	0.0798274	0.0793239	0.073089	0.0480218	0.0108988	5.62191e-05	
N0.HOG0006732	0.0798274	0.0793239	0.073089	0.0480218	0.0108988	5.62191e-05	
N0.HOG0006733	0.0798274	0.0793239	0.073089	0.0480218	0.0108988	5.62191e-05	
N0.HOG0006734	0.0798274	0.0793239	0.073089	0.0480218	0.0108988	5.62191e-05	
N0.HOG0006735	0.0798274	0.0793239	0.073089	0.0480218	0.0108988	5.62191e-05	
N0.HOG0006736	0.0798274	0.0793239	0.073089	0.0480218	0.0108988	5.62191e-05	
N0.HOG0006737	0.00147361	0.00147857	0.00153306	0.00159638	0.000878332	1.74358e-05	
N0.HOG0006738	2.72015e-05	2.72056e-05	2.72035e-05	2.59209e-05	1.51891e-05	5.24294e-07	
N0.HOG0006739	0.00147358	0.00146931	0.00141382	0.00113299	0.000426369	5.75099e-06	
N0.HOG0006740	2.72011e-05	2.70846e-05	2.56177e-05	1.91809e-05	6.62313e-06	1.09856e-07	
N0.HOG0006741	2.72022e-05	2.73892e-05	2.96818e-05	3.78676e-05	3.51526e-05	1.94596e-06	
N0.HOG0006742	0.0798274	0.0793239	0.073089	0.0480218	0.0108988	5.62191e-05	
N0.HOG0006743	0.00147358	0.0014697	0.00141888	0.00115371	0.000449626	6.47774e-06	
N0.HOG0006744	0.00147368	0.00149809	0.00178514	0.00259529	0.00191527	4.87343e-05	
N0.HOG0006745	5.02154e-07	5.11502e-07	6.25541e-07	1.0356e-06	1.16503e-06	9.94599e-08	
N0.HOG0006746	2.72037e-05	2.78462e-05	3.58833e-05	6.86207e-05	9.12803e-05	6.92785e-06	
N0.HOG0006747	0.00147369	0.00150284	0.00184674	0.00284409	0.00218856	5.81642e-05	
N0.HOG0006748	0.00147361	0.00147831	0.00152904	0.00156859	0.00081217	1.2892e-05	
N0.HOG0006749	5.02202e-07	5.25895e-07	8.76419e-07	3.70853e-06	1.60409e-05	6.00554e-06	
N0.HOG0006750	2.72021e-05	2.73594e-05	2.92513e-05	3.5244e-05	2.91756e-05	1.41477e-06	
N0.HOG0006751	0.0798274	0.0793239	0.073089	0.0480218	0.0108988	5.62191e-05	
N0.HOG0006752	2.72055e-05	2.83822e-05	4.5105e-05	0.000153706	0.000384599	5.04204e-05	
N0.HOG0006753	0.0798274	0.0793239	0.073089	0.0480218	0.0108988	5.62191e-05	
N0.HOG0006754	0.0798274	0.0793239	0.073089	0.0480218	0.0108988	5.62191e-05	
N0.HOG0006755	5.02174e-07	5.17522e-07	7.2321e-07	1.85543e-06	4.0122e-06	5.87467e-07	
N0.HOG0006756	0.0798274	0.0793239	0.073089	0.0480218	0.0108988	5.62191e-05	
N0.HOG0006757	0.0798274	0.0793239	0.073089	0.0480218	0.0108988	5.62191e-05	
N0.HOG0006758	0.0798274	0.0793239	0.073089	0.0480218	0.0108988	5.62191e-05	
N0.HOG0006759	0.0798274	0.0793239	0.073089	0.0480218	0.0108988	5.62191e-05	
N0.HOG0006760	0.0798274	0.0793239	0.073089	0.0480218	0.0108988	5.62191e-05	
N0.HOG0006761	2.72015e-05	2.7197e-05	2.70967e-05	2.55777e-05	1.50974e-05	5.43238e-07	
N0.HOG0006763	0.0798274	0.0793239	0.073089	0.0480218	0.0108988	5.62191e-05	
N0.HOG0006764	0.00147369	0.00150284	0.00184674	0.00284409	0.00218856	5.81642e-05	
N0.HOG0006765	2.72055e-05	2.83822e-05	4.5105e-05	0.000153706	0.000384599	5.04204e-05	
N0.HOG0006766	0.0798274	0.0793239	0.073089	0.0480218	0.0108988	5.62191e-05	
N0.HOG0006767	0.00147357	0.00146774	0.00139369	0.00105657	0.000357719	4.41484e-06	
N0.HOG0006768	3.03867e-13	9.19498e-11	1.84877e-09	3.18692e-08	3.81976e-07	3.36141e-07	
N0.HOG0006769	0.00147361	0.00147857	0.00153306	0.00159638	0.000878332	1.74358e-05	
N0.HOG0006770	0.00147368	0.00149809	0.00178514	0.00259529	0.00191527	4.87343e-05	
N0.HOG0006771	2.72084e-05	2.92078e-05	5.29869e-05	0.000126527	0.000114964	3.368e-06	
N0.HOG0006772	0.00147369	0.00150284	0.00184674	0.00284409	0.00218856	5.81642e-05	
N0.HOG0006773	0.00147361	0.00147857	0.00153306	0.00159638	0.000878332	1.74358e-05	
N0.HOG0006774	0.00147368	0.00149809	0.00178514	0.00259529	0.00191527	4.87343e-05	
N0.HOG0006775	0.0798274	0.0793239	0.073089	0.0480218	0.0108988	5.62191e-05	
N0.HOG0006776	9.27038e-09	9.72849e-09	1.66622e-08	8.04881e-08	5.11225e-07	4.56523e-07	
N0.HOG0006777	2.72055e-05	2.83684e-05	4.47444e-05	0.000144955	0.000298601	2.02967e-05	
N0.HOG0006778	0.0798274	0.0793239	0.073089	0.0480218	0.0108988	5.62191e-05	
N0.HOG0006779	3.39554e-21	3.015e-16	8.65598e-14	9.81895e-12	6.83124e-10	5.63359e-09	
N0.HOG0006780	2.72036e-05	2.78072e-05	3.52144e-05	6.25756e-05	7.18324e-05	4.56758e-06	
N0.HOG0006781	0.00147368	0.00149809	0.00178514	0.00259529	0.00191527	4.87343e-05	
N0.HOG0006782	5.02138e-07	5.07014e-07	5.6937e-07	8.55946e-07	1.21892e-06	1.57264e-07	
N0.HOG0006783	0.00147369	0.00150284	0.00184674	0.00284409	0.00218856	5.81642e-05	
N0.HOG0006784	0.00147368	0.00149809	0.00178514	0.00259529	0.00191527	4.87343e-05	
N0.HOG0006785	2.72035e-05	2.77856e-05	3.51428e-05	6.65115e-05	9.19023e-05	7.22976e-06	
N0.HOG0006786	0.0798274	0.0793239	0.073089	0.0480218	0.0108988	5.62191e-05	
N0.HOG0006787	2.72038e-05	2.78737e-05	3.63555e-05	7.28879e-05	0.000105016	8.62867e-06	
N0.HOG0006788	0.0798274	0.0793239	0.073089	0.0480218	0.0108988	5.62191e-05	
N0.HOG0006789	0.0798274	0.0793239	0.073089	0.0480218	0.0108988	5.62191e-05	
N0.HOG0006790	0.0798274	0.0793239	0.073089	0.0480218	0.0108988	5.62191e-05	
N0.HOG0006791	0.0798274	0.0793239	0.073089	0.0480218	0.0108988	5.62191e-05	
N0.HOG0006792	0.0798274	0.0793239	0.073089	0.0480218	0.0108988	5.62191e-05	
N0.HOG0006793	9.26966e-09	9.51469e-09	1.27912e-08	3.13942e-08	8.14199e-08	2.58175e-08	
N0.HOG0006794	0.00147368	0.00149809	0.00178514	0.00259529	0.00191527	4.87343e-05	
N0.HOG0006795	0.0798274	0.0793239	0.073089	0.0480218	0.0108988	5.62191e-05	
N0.HOG0006796	0.00147361	0.00147857	0.00153306	0.00159638	0.000878332	1.74358e-05	
N0.HOG0006797	0.00147361	0.00147857	0.00153306	0.00159638	0.000878332	1.74358e-05	
N0.HOG0006798	0.0798274	0.0793239	0.073089	0.0480218	0.0108988	5.62191e-05	
N0.HOG0006799	0.00147367	0.00149745	0.00177273	0.00246548	0.00153231	2.18671e-05	
N0.HOG0006800	0.00147368	0.00149809	0.00178514	0.00259529	0.00191527	4.87343e-05	
N0.HOG0006801	0.0798274	0.0793239	0.073089	0.0480218	0.0108988	5.62191e-05	
N0.HOG0006802	0.0798274	0.0793239	0.073089	0.0480218	0.0108988	5.62191e-05	
N0.HOG0006803	0.00147359	0.0014733	0.00146512	0.00133226	0.000620288	1.07329e-05	
N0.HOG0006804	0.0798274	0.0793239	0.073089	0.0480218	0.0108988	5.62191e-05	
N0.HOG0006805	0.00147358	0.0014697	0.00141888	0.00115371	0.000449626	6.47774e-06	
N0.HOG0006806	0.0798274	0.0793239	0.073089	0.0480218	0.0108988	5.62191e-05	
N0.HOG0006807	0.0798274	0.0793239	0.073089	0.0480218	0.0108988	5.62191e-05	
N0.HOG0006808	0.0798274	0.0793239	0.073089	0.0480218	0.0108988	5.62191e-05	
N0.HOG0006809	5.02429e-07	5.93478e-07	1.98721e-06	1.26354e-05	3.68094e-05	4.27839e-06	
N0.HOG0006810	5.02171e-07	5.16703e-07	7.14439e-07	1.90472e-06	5.12708e-06	1.22673e-06	
N0.HOG0006811	0.00147369	0.00150284	0.00184674	0.00284409	0.00218856	5.81642e-05	
N0.HOG0006812	5.02172e-07	5.16995e-07	7.15574e-07	1.85185e-06	4.75251e-06	1.03472e-06	
N0.HOG0006814	0.0798274	0.0793239	0.073089	0.0480218	0.0108988	5.62191e-05	
N0.HOG0006815	0.00147361	0.00147831	0.00152904	0.00156859	0.00081217	1.2892e-05	
N0.HOG0006816	5.02171e-07	5.16703e-07	7.14439e-07	1.90472e-06	5.12708e-06	1.22673e-06	
N0.HOG0006817	0.00147361	0.00147857	0.00153306	0.00159638	0.000878332	1.74358e-05	
N0.HOG0006818	0.0798274	0.0793239	0.073089	0.0480218	0.0108988	5.62191e-05	
N0.HOG0006819	0.0798274	0.0793239	0.073089	0.0480218	0.0108988	5.62191e-05	
N0.HOG0006820	0.00147356	0.00146577	0.00136851	0.000960367	0.000269219	2.49419e-06	
N0.HOG0006821	0.00147356	0.00146577	0.00136851	0.000960367	0.000269219	2.49419e-06	
N0.HOG0006822	0.00147358	0.0014698	0.00142017	0.00115864	0.000454567	6.69617e-06	
N0.HOG0006823	0.00147361	0.00147857	0.00153306	0.00159638	0.000878332	1.74358e-05	
N0.HOG0006824	0.00147358	0.00147112	0.00143705	0.00122055	0.000503005	7.10707e-06	
N0.HOG0006825	0.00147368	0.00149809	0.00178514	0.00259529	0.00191527	4.87343e-05	
N0.HOG0006826	0.00147368	0.00149809	0.00178514	0.00259529	0.00191527	4.87343e-05	
N0.HOG0006827	2.72043e-05	2.80125e-05	3.87357e-05	9.45458e-05	0.000176375	1.80391e-05	
N0.HOG0006828	5.0224e-07	5.37403e-07	1.12934e-06	8.54792e-06	5.91777e-05	2.03886e-05	
N0.HOG0006829	2.72022e-05	2.73892e-05	2.96818e-05	3.78676e-05	3.51526e-05	1.94596e-06	
N0.HOG0006830	0.00147369	0.00150284	0.00184674	0.00284409	0.00218856	5.81642e-05	
N0.HOG0006831	5.02166e-07	5.15102e-07	6.81792e-07	1.48435e-06	2.87488e-06	5.09775e-07	
N0.HOG0006832	0.00147358	0.00146931	0.00141382	0.00113299	0.000426369	5.75099e-06	
N0.HOG0006833	0.0798274	0.0793239	0.073089	0.0480218	0.0108988	5.62191e-05	
N0.HOG0006834	0.00147357	0.00146681	0.00138185	0.00101143	0.000316545	3.53415e-06	
N0.HOG0006835	0.00147368	0.00149809	0.00178514	0.00259529	0.00191527	4.87343e-05	
N0.HOG0006836	0.0798274	0.0793239	0.073089	0.0480218	0.0108988	5.62191e-05	
N0.HOG0006837	0.00147361	0.00147831	0.00152904	0.00156859	0.00081217	1.2892e-05	
N0.HOG0006838	2.72055e-05	2.83822e-05	4.5105e-05	0.000153706	0.000384599	5.04204e-05	
N0.HOG0006839	0.00147368	0.00149809	0.00178514	0.00259529	0.00191527	4.87343e-05	
N0.HOG0006840	0.00147368	0.00149809	0.00178514	0.00259529	0.00191527	4.87343e-05	
N0.HOG0006841	0.00147369	0.00150211	0.00183197	0.00268218	0.00169918	2.34139e-05	
N0.HOG0006842	2.72016e-05	2.72239e-05	2.74532e-05	2.71682e-05	1.73692e-05	6.76605e-07	
N0.HOG0006843	0.0798274	0.0793239	0.073089	0.0480218	0.0108988	5.62191e-05	
N0.HOG0006844	0.0798274	0.0793239	0.073089	0.0480218	0.0108988	5.62191e-05	
N0.HOG0006845	5.02129e-07	5.04395e-07	5.32614e-07	6.44377e-07	6.67198e-07	6.5078e-08	
N0.HOG0006846	0.0798274	0.0793239	0.073089	0.0480218	0.0108988	5.62191e-05	
N0.HOG0006847	0.0798274	0.0793239	0.073089	0.0480218	0.0108988	5.62191e-05	
N0.HOG0006848	0.00147368	0.00149809	0.00178514	0.00259529	0.00191527	4.87343e-05	
N0.HOG0006849	0.00147368	0.00149809	0.00178514	0.00259529	0.00191527	4.87343e-05	
N0.HOG0006850	0.0798274	0.0793239	0.073089	0.0480218	0.0108988	5.62191e-05	
N0.HOG0006851	2.72037e-05	2.78387e-05	3.5755e-05	6.74644e-05	8.75904e-05	6.49154e-06	
N0.HOG0006852	0.00147368	0.00149809	0.00178514	0.00259529	0.00191527	4.87343e-05	
N0.HOG0006853	0.00147369	0.00150284	0.00184674	0.00284409	0.00218856	5.81642e-05	
N0.HOG0006854	0.0798274	0.0793239	0.073089	0.0480218	0.0108988	5.62191e-05	
N0.HOG0006855	0.0798274	0.0793239	0.073089	0.0480218	0.0108988	5.62191e-05	
N0.HOG0006856	2.72055e-05	2.83822e-05	4.5105e-05	0.000153706	0.000384599	5.04204e-05	
N0.HOG0006857	0.00147361	0.00147857	0.00153306	0.00159638	0.000878332	1.74358e-05	
N0.HOG0006858	0.00147369	0.00150284	0.00184674	0.00284409	0.00218856	5.81642e-05	
N0.HOG0006859	0.0798274	0.0793239	0.073089	0.0480218	0.0108988	5.62191e-05	
N0.HOG0006860	0.0798274	0.0793239	0.073089	0.0480218	0.0108988	5.62191e-05	
N0.HOG0006861	0.0798274	0.0793239	0.073089	0.0480218	0.0108988	5.62191e-05	
N0.HOG0006862	0.0798274	0.0793239	0.073089	0.0480218	0.0108988	5.62191e-05	
N0.HOG0006863	0.0798274	0.0793239	0.073089	0.0480218	0.0108988	5.62191e-05	
N0.HOG0006864	0.00147361	0.00147857	0.00153306	0.00159638	0.000878332	1.74358e-05	
N0.HOG0006865	0.0798274	0.0793239	0.073089	0.0480218	0.0108988	5.62191e-05	
N0.HOG0006866	0.0798274	0.0793239	0.073089	0.0480218	0.0108988	5.62191e-05	
N0.HOG0006867	2.72043e-05	2.80125e-05	3.87357e-05	9.45458e-05	0.000176375	1.80391e-05	
N0.HOG0006868	5.02173e-07	5.17232e-07	7.24303e-07	2.03551e-06	6.03832e-06	1.54633e-06	
N0.HOG0006869	3.66809e-19	3.9749e-19	9.99593e-19	2.09871e-17	2.99055e-15	8.09951e-13	
N0.HOG0006870	0.0798274	0.0793239	0.073089	0.0480218	0.0108988	5.62191e-05	
N0.HOG0006871	0.00147368	0.00149809	0.00178514	0.00259529	0.00191527	4.87343e-05	
N0.HOG0006872	0.00147368	0.00149809	0.00178514	0.00259529	0.00191527	4.87343e-05	
N0.HOG0006873	5.02178e-07	5.18872e-07	7.49298e-07	2.23065e-06	6.89992e-06	1.84522e-06	
N0.HOG0006874	2.72043e-05	2.80125e-05	3.87357e-05	9.45458e-05	0.000176375	1.80391e-05	
N0.HOG0006875	0.00147358	0.00147125	0.00143885	0.00123069	0.000522969	8.34011e-06	
N0.HOG0006876	0.0798274	0.0793239	0.073089	0.0480218	0.0108988	5.62191e-05	
N0.HOG0006877	0.0798274	0.0793239	0.073089	0.0480218	0.0108988	5.62191e-05	
N0.HOG0006878	0.0798274	0.0793239	0.073089	0.0480218	0.0108988	5.62191e-05	
N0.HOG0006879	0.00147361	0.00147857	0.00153306	0.00159638	0.000878332	1.74358e-05	
N0.HOG0006880	0.00147369	0.00150284	0.00184674	0.00284409	0.00218856	5.81642e-05	
N0.HOG0006881	0.0798274	0.0793239	0.073089	0.0480218	0.0108988	5.62191e-05	
N0.HOG0006882	0.0798274	0.0793239	0.073089	0.0480218	0.0108988	5.62191e-05	
N0.HOG0006883	0.00147369	0.00150284	0.00184674	0.00284409	0.00218856	5.81642e-05	
N0.HOG0006884	0.0798274	0.0793239	0.073089	0.0480218	0.0108988	5.62191e-05	
N0.HOG0006885	0.00147368	0.00149809	0.00178514	0.00259529	0.00191527	4.87343e-05	
N0.HOG0006886	0.0798274	0.0793239	0.073089	0.0480218	0.0108988	5.62191e-05	
N0.HOG0006887	0.00147368	0.00149809	0.00178514	0.00259529	0.00191527	4.87343e-05	
N0.HOG0006888	0.00147358	0.00147125	0.00143885	0.00123069	0.000522969	8.34011e-06	
N0.HOG0006889	0.00147358	0.00147125	0.00143885	0.00123069	0.000522969	8.34011e-06	
N0.HOG0006890	0.0798274	0.0793239	0.073089	0.0480218	0.0108988	5.62191e-05	
N0.HOG0006891	0.0798274	0.0793239	0.073089	0.0480218	0.0108988	5.62191e-05	
N0.HOG0006892	0.00147369	0.00150284	0.00184674	0.00284409	0.00218856	5.81642e-05	
N0.HOG0006893	0.00147368	0.00149809	0.00178514	0.00259529	0.00191527	4.87343e-05	
N0.HOG0006894	0.00147356	0.00146577	0.00136851	0.000960367	0.000269219	2.49419e-06	
N0.HOG0006895	2.72015e-05	2.71951e-05	2.70721e-05	2.54688e-05	1.49333e-05	5.25517e-07	
N0.HOG0006896	0.0798274	0.0793239	0.073089	0.0480218	0.0108988	5.62191e-05	
N0.HOG0006897	0.0798274	0.0793239	0.073089	0.0480218	0.0108988	5.62191e-05	
N0.HOG0006898	0.00147361	0.00147831	0.00152904	0.00156859	0.00081217	1.2892e-05	
N0.HOG0006899	0.0798274	0.0793239	0.073089	0.0480218	0.0108988	5.62191e-05	
N0.HOG0006900	0.00147368	0.00149809	0.00178514	0.00259529	0.00191527	4.87343e-05	
N0.HOG0006901	0.0798274	0.0793239	0.073089	0.0480218	0.0108988	5.62191e-05	
N0.HOG0006902	0.0798274	0.0793239	0.073089	0.0480218	0.0108988	5.62191e-05	
N0.HOG0006903	0.0798274	0.0793239	0.073089	0.0480218	0.0108988	5.62191e-05	
N0.HOG0006904	0.0798274	0.0793239	0.073089	0.0480218	0.0108988	5.62191e-05	
N0.HOG0006905	0.0798274	0.0793239	0.073089	0.0480218	0.0108988	5.62191e-05	
N0.HOG0006906	0.00147369	0.00150284	0.00184674	0.00284409	0.00218856	5.81642e-05	
N0.HOG0006907	5.02176e-07	5.18248e-07	7.3714e-07	2.0508e-06	5.41662e-06	1.08191e-06	
N0.HOG0006908	0.00147358	0.00147125	0.00143885	0.00123069	0.000522969	8.34011e-06	
N0.HOG0006909	0.0798274	0.0793239	0.073089	0.0480218	0.0108988	5.62191e-05	
N0.HOG0006910	0.0798274	0.0793239	0.073089	0.0480218	0.0108988	5.62191e-05	
N0.HOG0006911	0.0798274	0.0793239	0.073089	0.0480218	0.0108988	5.62191e-05	
N0.HOG0006912	5.02134e-07	5.05899e-07	5.52804e-07	7.40819e-07	8.43963e-07	8.91799e-08	
N0.HOG0006913	5.02133e-07	5.05445e-07	5.45941e-07	6.9041e-07	6.6054e-07	4.60931e-08	
N0.HOG0006914	0.0798274	0.0793239	0.073089	0.0480218	0.0108988	5.62191e-05	
N0.HOG0006915	0.00147361	0.00147831	0.00152904	0.00156859	0.00081217	1.2892e-05	
N0.HOG0006916	0.0798274	0.0793239	0.073089	0.0480218	0.0108988	5.62191e-05	
N0.HOG0006917	0.00147358	0.00147125	0.00143885	0.00123069	0.000522969	8.34011e-06	
N0.HOG0006918	0.0798274	0.0793239	0.073089	0.0480218	0.0108988	5.62191e-05	
N0.HOG0006919	0.0798274	0.0793239	0.073089	0.0480218	0.0108988	5.62191e-05	
N0.HOG0006920	0.0798274	0.0793239	0.073089	0.0480218	0.0108988	5.62191e-05	
N0.HOG0006921	0.0798274	0.0793239	0.073089	0.0480218	0.0108988	5.62191e-05	
N0.HOG0006922	0.00147368	0.00149809	0.00178514	0.00259529	0.00191527	4.87343e-05	
N0.HOG0006923	0.00147361	0.00147857	0.00153306	0.00159638	0.000878332	1.74358e-05	
N0.HOG0006924	0.0798274	0.0793239	0.073089	0.0480218	0.0108988	5.62191e-05	
N0.HOG0006925	0.0798274	0.0793239	0.073089	0.0480218	0.0108988	5.62191e-05	
N0.HOG0006926	0.0798274	0.0793239	0.073089	0.0480218	0.0108988	5.62191e-05	
N0.HOG0006927	0.00147361	0.00147857	0.00153306	0.00159638	0.000878332	1.74358e-05	
N0.HOG0006928	0.00147356	0.00146577	0.00136851	0.000960367	0.000269219	2.49419e-06	
N0.HOG0006929	8.91677e-10	2.61932e-07	3.76566e-06	2.23026e-05	4.56077e-05	2.72808e-06	
N0.HOG0006930	0.0798274	0.0793239	0.073089	0.0480218	0.0108988	5.62191e-05	
N0.HOG0006931	0.00147369	0.00150284	0.00184674	0.00284409	0.00218856	5.81642e-05	
N0.HOG0006932	0.0798274	0.0793239	0.073089	0.0480218	0.0108988	5.62191e-05	
N0.HOG0006933	2.4032e-09	7.17067e-07	1.21111e-05	0.000100441	0.000234474	9.50098e-06	
N0.HOG0006934	0.0798274	0.0793239	0.073089	0.0480218	0.0108988	5.62191e-05	
N0.HOG0006935	0.00147361	0.00147831	0.00152904	0.00156859	0.00081217	1.2892e-05	
N0.HOG0006936	0.00147368	0.00149809	0.00178514	0.00259529	0.00191527	4.87343e-05	
N0.HOG0006937	0.00147356	0.00146575	0.00136818	0.000959113	0.000268125	2.47615e-06	
N0.HOG0006938	2.72035e-05	2.777e-05	3.45782e-05	5.68777e-05	5.40611e-05	2.58049e-06	
N0.HOG0006939	0.00147361	0.00147831	0.00152904	0.00156859	0.00081217	1.2892e-05	
N0.HOG0006940	9.27053e-09	9.77596e-09	1.77395e-08	1.04656e-07	8.66674e-07	9.45223e-07	
N0.HOG0006941	0.0798274	0.0793239	0.073089	0.0480218	0.0108988	5.62191e-05	
N0.HOG0006942	0.00147358	0.00147	0.00142273	0.00116651	0.000455683	6.30792e-06	
N0.HOG0006943	0.00147357	0.00146681	0.00138185	0.00101143	0.000316545	3.53415e-06	
N0.HOG0006944	0.00147357	0.00146681	0.00138185	0.00101143	0.000316545	3.53415e-06	
N0.HOG0006945	0.0798274	0.0793239	0.073089	0.0480218	0.0108988	5.62191e-05	
N0.HOG0006946	0.0798274	0.0793239	0.073089	0.0480218	0.0108988	5.62191e-05	
N0.HOG0006947	0.0798274	0.0793239	0.073089	0.0480218	0.0108988	5.62191e-05	
N0.HOG0006948	0.00147358	0.00146931	0.00141382	0.00113299	0.000426369	5.75099e-06	
N0.HOG0006949	0.0798274	0.0793239	0.073089	0.0480218	0.0108988	5.62191e-05	
N0.HOG0006950	2.72022e-05	2.73892e-05	2.96818e-05	3.78676e-05	3.51526e-05	1.94596e-06	
N0.HOG0006951	0.0798274	0.0793239	0.073089	0.0480218	0.0108988	5.62191e-05	
N0.HOG0006952	0.0798274	0.0793239	0.073089	0.0480218	0.0108988	5.62191e-05	
N0.HOG0006953	0.0798274	0.0793239	0.073089	0.0480218	0.0108988	5.62191e-05	
N0.HOG0006954	0.0798274	0.0793239	0.073089	0.0480218	0.0108988	5.62191e-05	
N0.HOG0006955	0.0798274	0.0793239	0.073089	0.0480218	0.0108988	5.62191e-05	
N0.HOG0006956	2.72038e-05	2.78737e-05	3.63555e-05	7.28879e-05	0.000105016	8.62867e-06	
N0.HOG0006957	0.00147357	0.0014678	0.00139453	0.00106011	0.000361979	4.56087e-06	
N0.HOG0006958	2.72038e-05	2.78713e-05	3.63099e-05	7.2287e-05	0.000101007	7.35297e-06	
N0.HOG0006959	0.0798274	0.0793239	0.073089	0.0480218	0.0108988	5.62191e-05	
N0.HOG0006960	0.0798274	0.0793239	0.073089	0.0480218	0.0108988	5.62191e-05	
N0.HOG0006961	9.27e-09	9.61641e-09	1.46877e-08	5.77202e-08	3.21573e-07	2.08677e-07	
N0.HOG0006962	0.0798274	0.0793239	0.073089	0.0480218	0.0108988	5.62191e-05	
N0.HOG0006963	0.00147361	0.00147857	0.00153306	0.00159638	0.000878332	1.74358e-05	
N0.HOG0006964	0.00147368	0.00149809	0.00178514	0.00259529	0.00191527	4.87343e-05	
N0.HOG0006965	0.00147357	0.0014678	0.00139453	0.00106011	0.000361979	4.56087e-06	
N0.HOG0006966	0.0798274	0.0793239	0.073089	0.0480218	0.0108988	5.62191e-05	
N0.HOG0006967	9.26999e-09	9.61417e-09	1.45592e-08	5.38806e-08	2.91211e-07	2.31883e-07	
N0.HOG0006968	0.0798274	0.0793239	0.073089	0.0480218	0.0108988	5.62191e-05	
N0.HOG0006969	5.02174e-07	5.17423e-07	7.27709e-07	2.07276e-06	6.14425e-06	1.39465e-06	
N0.HOG0006970	0.00147356	0.00146577	0.00136851	0.000960367	0.000269219	2.49419e-06	
N0.HOG0006971	0.00147358	0.0014694	0.00141509	0.00113912	0.000436192	6.27445e-06	
N0.HOG0006972	0.0798274	0.0793239	0.073089	0.0480218	0.0108988	5.62191e-05	
N0.HOG0006973	0.00147358	0.0014697	0.00141888	0.00115371	0.000449626	6.47774e-06	
N0.HOG0006974	0.00147358	0.00147011	0.0014242	0.00117418	0.000469273	7.04902e-06	
N0.HOG0006975	0.00147369	0.00150211	0.00183197	0.00268218	0.00169918	2.34139e-05	
N0.HOG0006976	0.00147361	0.00147831	0.00152904	0.00156859	0.00081217	1.2892e-05	
N0.HOG0006977	0.00147369	0.00150284	0.00184674	0.00284409	0.00218856	5.81642e-05	
N0.HOG0006978	0.00147369	0.00150284	0.00184674	0.00284409	0.00218856	5.81642e-05	
N0.HOG0006979	0.0798274	0.0793239	0.073089	0.0480218	0.0108988	5.62191e-05	
N0.HOG0006980	0.0798274	0.0793239	0.073089	0.0480218	0.0108988	5.62191e-05	
N0.HOG0006981	9.27099e-09	9.91067e-09	1.97141e-08	1.05643e-07	4.82514e-07	1.57089e-07	
N0.HOG0006982	0.00147357	0.0014678	0.00139453	0.00106011	0.000361979	4.56087e-06	
N0.HOG0006983	2.7202e-05	2.73545e-05	2.9174e-05	3.46273e-05	2.69743e-05	1.04573e-06	
N0.HOG0006984	0.0798274	0.0793239	0.073089	0.0480218	0.0108988	5.62191e-05	
N0.HOG0006985	0.0798274	0.0793239	0.073089	0.0480218	0.0108988	5.62191e-05	
N0.HOG0006986	0.00147368	0.00149809	0.00178514	0.00259529	0.00191527	4.87343e-05	
N0.HOG0006987	0.00147369	0.00150211	0.00183197	0.00268218	0.00169918	2.34139e-05	
N0.HOG0006988	0.00147357	0.0014678	0.00139453	0.00106011	0.000361979	4.56087e-06	
N0.HOG0006989	0.00147361	0.00147857	0.00153306	0.00159638	0.000878332	1.74358e-05	
N0.HOG0006990	0.00147361	0.00147857	0.00153306	0.00159638	0.000878332	1.74358e-05	
N0.HOG0006991	5.0214e-07	5.0743e-07	5.75698e-07	9.0487e-07	1.41782e-06	2.07123e-07	
N0.HOG0006992	0.0798274	0.0793239	0.073089	0.0480218	0.0108988	5.62191e-05	
N0.HOG0006993	0.0798274	0.0793239	0.073089	0.0480218	0.0108988	5.62191e-05	
N0.HOG0006994	0.0798274	0.0793239	0.073089	0.0480218	0.0108988	5.62191e-05	
N0.HOG0006995	0.00147368	0.00149809	0.00178514	0.00259529	0.00191527	4.87343e-05	
N0.HOG0006996	0.0798274	0.0793239	0.073089	0.0480218	0.0108988	5.62191e-05	
N0.HOG0006997	0.0798274	0.0793239	0.073089	0.0480218	0.0108988	5.62191e-05	
N0.HOG0006998	0.0798274	0.0793239	0.073089	0.0480218	0.0108988	5.62191e-05	
N0.HOG0006999	0.0798274	0.0793239	0.073089	0.0480218	0.0108988	5.62191e-05	
N0.HOG0007000	0.0798274	0.0793239	0.073089	0.0480218	0.0108988	5.62191e-05	
N0.HOG0007001	0.00147368	0.00149809	0.00178514	0.00259529	0.00191527	4.87343e-05	
N0.HOG0007002	0.0798274	0.0793239	0.073089	0.0480218	0.0108988	5.62191e-05	
N0.HOG0007003	0.0798274	0.0793239	0.073089	0.0480218	0.0108988	5.62191e-05	
N0.HOG0007004	0.00147369	0.00150284	0.00184674	0.00284409	0.00218856	5.81642e-05	
N0.HOG0007005	0.0798274	0.0793239	0.073089	0.0480218	0.0108988	5.62191e-05	
N0.HOG0007006	0.00147358	0.0014698	0.00142017	0.00115864	0.000454567	6.69617e-06	
N0.HOG0007007	0.00147369	0.00150284	0.00184674	0.00284409	0.00218856	5.81642e-05	
N0.HOG0007008	5.02173e-07	5.17232e-07	7.24303e-07	2.03551e-06	6.03832e-06	1.54633e-06	
N0.HOG0007009	0.0798274	0.0793239	0.073089	0.0480218	0.0108988	5.62191e-05	
N0.HOG0007010	2.72021e-05	2.73594e-05	2.92513e-05	3.5244e-05	2.91756e-05	1.41477e-06	
N0.HOG0007011	0.0798274	0.0793239	0.073089	0.0480218	0.0108988	5.62191e-05	
N0.HOG0007012	0.00147361	0.00147857	0.00153306	0.00159638	0.000878332	1.74358e-05	
N0.HOG0007013	0.0798274	0.0793239	0.073089	0.0480218	0.0108988	5.62191e-05	
N0.HOG0007014	0.0798274	0.0793239	0.073089	0.0480218	0.0108988	5.62191e-05	
N0.HOG0007015	0.0798274	0.0793239	0.073089	0.0480218	0.0108988	5.62191e-05	
N0.HOG0007016	0.00147358	0.00147125	0.00143885	0.00123069	0.000522969	8.34011e-06	
N0.HOG0007017	0.00147357	0.0014678	0.00139453	0.00106011	0.000361979	4.56087e-06	
N0.HOG0007018	0.0798274	0.0793239	0.073089	0.0480218	0.0108988	5.62191e-05	
N0.HOG0007019	1.03537e-16	3.09635e-14	5.56028e-13	8.46035e-12	1.41858e-10	3.33475e-10	
N0.HOG0007020	0.0798274	0.0793239	0.073089	0.0480218	0.0108988	5.62191e-05	
N0.HOG0007021	0.0798274	0.0793239	0.073089	0.0480218	0.0108988	5.62191e-05	
N0.HOG0007022	0.00147369	0.00150284	0.00184674	0.00284409	0.00218856	5.81642e-05	
N0.HOG0007023	0.0798274	0.0793239	0.073089	0.0480218	0.0108988	5.62191e-05	
N0.HOG0007024	0.0798274	0.0793239	0.073089	0.0480218	0.0108988	5.62191e-05	
N0.HOG0007025	0.0798274	0.0793239	0.073089	0.0480218	0.0108988	5.62191e-05	
N0.HOG0007026	0.00147358	0.00147011	0.0014242	0.00117418	0.000469273	7.04902e-06	
N0.HOG0007027	0.00147369	0.00150284	0.00184674	0.00284409	0.00218856	5.81642e-05	
N0.HOG0007028	0.0798274	0.0793239	0.073089	0.0480218	0.0108988	5.62191e-05	
N0.HOG0007030	0.00147369	0.00150211	0.00183197	0.00268218	0.00169918	2.34139e-05	
N0.HOG0007031	9.27059e-09	9.79572e-09	1.819e-08	1.15143e-07	9.92403e-07	7.82476e-07	
N0.HOG0007032	2.72019e-05	2.73223e-05	2.87453e-05	3.26974e-05	2.45599e-05	1.05392e-06	
N0.HOG0007033	0.00147359	0.0014733	0.00146512	0.00133226	0.000620288	1.07329e-05	
N0.HOG0007034	0.0798274	0.0793239	0.073089	0.0480218	0.0108988	5.62191e-05	
N0.HOG0007035	0.0798274	0.0793239	0.073089	0.0480218	0.0108988	5.62191e-05	
N0.HOG0007036	0.0798274	0.0793239	0.073089	0.0480218	0.0108988	5.62191e-05	
N0.HOG0007037	0.0798274	0.0793239	0.073089	0.0480218	0.0108988	5.62191e-05	
N0.HOG0007038	0.0798274	0.0793239	0.073089	0.0480218	0.0108988	5.62191e-05	
N0.HOG0007039	0.00147369	0.00150284	0.00184674	0.00284409	0.00218856	5.81642e-05	
N0.HOG0007040	0.0798274	0.0793239	0.073089	0.0480218	0.0108988	5.62191e-05	
N0.HOG0007041	5.31061e-07	8.92565e-06	0.000108884	0.000421566	0.000411597	1.11256e-05	
N0.HOG0007042	2.7202e-05	2.73582e-05	2.9233e-05	3.51235e-05	2.8828e-05	1.36682e-06	
N0.HOG0007043	0.00147361	0.00147857	0.00153306	0.00159638	0.000878332	1.74358e-05	
N0.HOG0007044	0.0798274	0.0793239	0.073089	0.0480218	0.0108988	5.62191e-05	
N0.HOG0007045	2.72036e-05	2.78211e-05	3.57264e-05	7.12388e-05	0.000103918	7.75763e-06	
N0.HOG0007046	2.72038e-05	2.78737e-05	3.63555e-05	7.28879e-05	0.000105016	8.62867e-06	
N0.HOG0007047	5.0214e-07	5.07446e-07	5.75851e-07	9.03226e-07	1.39996e-06	2.09881e-07	
N0.HOG0007048	0.00147368	0.00149809	0.00178514	0.00259529	0.00191527	4.87343e-05	
N0.HOG0007049	0.00147361	0.00147831	0.00152904	0.00156859	0.00081217	1.2892e-05	
N0.HOG0007050	0.0798274	0.0793239	0.073089	0.0480218	0.0108988	5.62191e-05	
N0.HOG0007051	0.00147357	0.0014678	0.00139453	0.00106011	0.000361979	4.56087e-06	
N0.HOG0007052	2.72055e-05	2.83822e-05	4.5105e-05	0.000153706	0.000384599	5.04204e-05	
N0.HOG0007053	0.0798274	0.0793239	0.073089	0.0480218	0.0108988	5.62191e-05	
N0.HOG0007054	0.0798274	0.0793239	0.073089	0.0480218	0.0108988	5.62191e-05	
N0.HOG0007055	0.0798274	0.0793239	0.073089	0.0480218	0.0108988	5.62191e-05	
N0.HOG0007056	0.0798274	0.0793239	0.073089	0.0480218	0.0108988	5.62191e-05	
N0.HOG0007057	2.72022e-05	2.73976e-05	2.97947e-05	3.83534e-05	3.4969e-05	1.61511e-06	
N0.HOG0007058	2.72035e-05	2.777e-05	3.45782e-05	5.68777e-05	5.40611e-05	2.58049e-06	
N0.HOG0007059	2.72038e-05	2.78737e-05	3.63555e-05	7.28879e-05	0.000105016	8.62867e-06	
N0.HOG0007060	2.72038e-05	2.78737e-05	3.63555e-05	7.28879e-05	0.000105016	8.62867e-06	
N0.HOG0007061	0.0798274	0.0793239	0.073089	0.0480218	0.0108988	5.62191e-05	
N0.HOG0007062	0.0798274	0.0793239	0.073089	0.0480218	0.0108988	5.62191e-05	
N0.HOG0007063	0.00147357	0.0014678	0.00139453	0.00106011	0.000361979	4.56087e-06	
N0.HOG0007064	1.71164e-10	1.91749e-10	6.35599e-10	1.35187e-08	2.77017e-07	2.3518e-07	
N0.HOG0007065	0.00147361	0.00147857	0.00153306	0.00159638	0.000878332	1.74358e-05	
N0.HOG0007066	0.00147368	0.00149809	0.00178514	0.00259529	0.00191527	4.87343e-05	
N0.HOG0007067	2.72098e-05	2.96188e-05	5.82192e-05	0.00014572	0.000129759	3.37901e-06	
N0.HOG0007068	0.0798274	0.0793239	0.073089	0.0480218	0.0108988	5.62191e-05	
N0.HOG0007069	0.0798274	0.0793239	0.073089	0.0480218	0.0108988	5.62191e-05	
N0.HOG0007070	2.72039e-05	2.79125e-05	3.70193e-05	7.89028e-05	0.000124558	1.11042e-05	
N0.HOG0007071	2.72037e-05	2.78462e-05	3.58833e-05	6.86207e-05	9.12803e-05	6.92785e-06	
N0.HOG0007072	0.00147369	0.00150284	0.00184674	0.00284409	0.00218856	5.81642e-05	
N0.HOG0007073	0.00147369	0.00150284	0.00184674	0.00284409	0.00218856	5.81642e-05	
N0.HOG0007074	2.72021e-05	2.73594e-05	2.92513e-05	3.5244e-05	2.91756e-05	1.41477e-06	
N0.HOG0007075	0.0798274	0.0793239	0.073089	0.0480218	0.0108988	5.62191e-05	
N0.HOG0007076	0.0798274	0.0793239	0.073089	0.0480218	0.0108988	5.62191e-05	
N0.HOG0007077	0.00147369	0.00150211	0.00183197	0.00268218	0.00169918	2.34139e-05	
N0.HOG0007078	0.0798274	0.0793239	0.073089	0.0480218	0.0108988	5.62191e-05	
N0.HOG0007079	0.00147357	0.0014678	0.00139453	0.00106011	0.000361979	4.56087e-06	
N0.HOG0007080	0.0798274	0.0793239	0.073089	0.0480218	0.0108988	5.62191e-05	
N0.HOG0007081	2.72055e-05	2.83822e-05	4.5105e-05	0.000153706	0.000384599	5.04204e-05	
N0.HOG0007082	0.0798274	0.0793239	0.073089	0.0480218	0.0108988	5.62191e-05	
N0.HOG0007083	0.0798274	0.0793239	0.073089	0.0480218	0.0108988	5.62191e-05	
N0.HOG0007084	0.00147369	0.00150211	0.00183197	0.00268218	0.00169918	2.34139e-05	
N0.HOG0007085	0.0798274	0.0793239	0.073089	0.0480218	0.0108988	5.62191e-05	
N0.HOG0007086	0.00147357	0.00146681	0.00138185	0.00101143	0.000316545	3.53415e-06	
N0.HOG0007087	2.72043e-05	2.80075e-05	3.86343e-05	9.28996e-05	0.000163089	1.33381e-05	
N0.HOG0007088	0.00147357	0.00146774	0.00139369	0.00105657	0.000357719	4.41484e-06	
N0.HOG0007089	0.0798274	0.0793239	0.073089	0.0480218	0.0108988	5.62191e-05	
N0.HOG0007090	0.00147358	0.00147125	0.00143885	0.00123069	0.000522969	8.34011e-06	
N0.HOG0007091	0.00147361	0.00147831	0.00152904	0.00156859	0.00081217	1.2892e-05	
N0.HOG0007092	0.00147361	0.00147857	0.00153306	0.00159638	0.000878332	1.74358e-05	
N0.HOG0007093	2.72022e-05	2.73892e-05	2.96818e-05	3.78676e-05	3.51526e-05	1.94596e-06	
N0.HOG0007094	0.0798274	0.0793239	0.073089	0.0480218	0.0108988	5.62191e-05	
N0.HOG0007095	0.00147361	0.00147831	0.00152904	0.00156859	0.00081217	1.2892e-05	
N0.HOG0007096	0.0798274	0.0793239	0.073089	0.0480218	0.0108988	5.62191e-05	
N0.HOG0007097	0.0798274	0.0793239	0.073089	0.0480218	0.0108988	5.62191e-05	
N0.HOG0007098	0.0798274	0.0793239	0.073089	0.0480218	0.0108988	5.62191e-05	
N0.HOG0007099	5.02201e-07	5.25754e-07	8.73286e-07	3.64604e-06	1.53924e-05	5.62729e-06	
N0.HOG0007100	0.0798274	0.0793239	0.073089	0.0480218	0.0108988	5.62191e-05	
N0.HOG0007101	0.0798274	0.0793239	0.073089	0.0480218	0.0108988	5.62191e-05	
N0.HOG0007102	0.0798274	0.0793239	0.073089	0.0480218	0.0108988	5.62191e-05	
N0.HOG0007103	0.00147358	0.0014698	0.00142017	0.00115864	0.000454567	6.69617e-06	
N0.HOG0007104	0.0798274	0.0793239	0.073089	0.0480218	0.0108988	5.62191e-05	
N0.HOG0007105	0.00147369	0.00150284	0.00184674	0.00284409	0.00218856	5.81642e-05	
N0.HOG0007106	5.02141e-07	5.07966e-07	5.83788e-07	9.6511e-07	1.64736e-06	2.61814e-07	
N0.HOG0007107	0.0798274	0.0793239	0.073089	0.0480218	0.0108988	5.62191e-05	
N0.HOG0007108	0.00147361	0.00147857	0.00153306	0.00159638	0.000878332	1.74358e-05	
N0.HOG0007109	2.72036e-05	2.78072e-05	3.52144e-05	6.25756e-05	7.18324e-05	4.56758e-06	
N0.HOG0007110	0.0798274	0.0793239	0.073089	0.0480218	0.0108988	5.62191e-05	
N0.HOG0007111	0.0798274	0.0793239	0.073089	0.0480218	0.0108988	5.62191e-05	
N0.HOG0007112	0.0798274	0.0793239	0.073089	0.0480218	0.0108988	5.62191e-05	
N0.HOG0007113	0.0798274	0.0793239	0.073089	0.0480218	0.0108988	5.62191e-05	
N0.HOG0007114	0.0798274	0.0793239	0.073089	0.0480218	0.0108988	5.62191e-05	
N0.HOG0007115	0.0798274	0.0793239	0.073089	0.0480218	0.0108988	5.62191e-05	
N0.HOG0007116	0.0798274	0.0793239	0.073089	0.0480218	0.0108988	5.62191e-05	
N0.HOG0007117	0.0798274	0.0793239	0.073089	0.0480218	0.0108988	5.62191e-05	
N0.HOG0007118	0.00147361	0.00147831	0.00152904	0.00156859	0.00081217	1.2892e-05	
N0.HOG0007119	0.00147361	0.00147857	0.00153306	0.00159638	0.000878332	1.74358e-05	
N0.HOG0007120	0.0798274	0.0793239	0.073089	0.0480218	0.0108988	5.62191e-05	
N0.HOG0007121	0.00147361	0.00147857	0.00153306	0.00159638	0.000878332	1.74358e-05	
N0.HOG0007122	0.00147357	0.0014678	0.00139453	0.00106011	0.000361979	4.56087e-06	
N0.HOG0007123	0.0798274	0.0793239	0.073089	0.0480218	0.0108988	5.62191e-05	
N0.HOG0007124	0.0798274	0.0793239	0.073089	0.0480218	0.0108988	5.62191e-05	
N0.HOG0007125	0.00147358	0.0014694	0.00141509	0.00113912	0.000436192	6.27445e-06	
N0.HOG0007126	4.35392e-10	1.27282e-07	1.729e-06	8.49851e-06	1.39467e-05	7.69231e-07	
N0.HOG0007127	0.0798274	0.0793239	0.073089	0.0480218	0.0108988	5.62191e-05	
N0.HOG0007128	0.0798274	0.0793239	0.073089	0.0480218	0.0108988	5.62191e-05	
N0.HOG0007129	0.0798274	0.0793239	0.073089	0.0480218	0.0108988	5.62191e-05	
N0.HOG0007130	0.00147361	0.00147857	0.00153306	0.00159638	0.000878332	1.74358e-05	
N0.HOG0007131	9.26935e-09	9.42326e-09	1.14971e-08	2.39151e-08	6.49624e-08	2.56235e-08	
N0.HOG0007132	0.0798274	0.0793239	0.073089	0.0480218	0.0108988	5.62191e-05	
N0.HOG0007133	5.02164e-07	5.14404e-07	6.69312e-07	1.34743e-06	2.15484e-06	2.85917e-07	
N0.HOG0007134	0.00147361	0.00147831	0.00152904	0.00156859	0.00081217	1.2892e-05	
N0.HOG0007135	0.0798274	0.0793239	0.073089	0.0480218	0.0108988	5.62191e-05	
N0.HOG0007136	0.00147368	0.00149809	0.00178514	0.00259529	0.00191527	4.87343e-05	
N0.HOG0007137	2.7204e-05	2.7919e-05	3.73456e-05	8.47724e-05	0.000142703	1.11319e-05	
N0.HOG0007138	0.0798274	0.0793239	0.073089	0.0480218	0.0108988	5.62191e-05	
N0.HOG0007139	0.00147368	0.00149809	0.00178514	0.00259529	0.00191527	4.87343e-05	
N0.HOG0007140	0.0798274	0.0793239	0.073089	0.0480218	0.0108988	5.62191e-05	
N0.HOG0007141	0.0798274	0.0793239	0.073089	0.0480218	0.0108988	5.62191e-05	
N0.HOG0007142	0.0798274	0.0793239	0.073089	0.0480218	0.0108988	5.62191e-05	
N0.HOG0007143	2.72034e-05	2.77507e-05	3.45624e-05	6.15624e-05	7.66529e-05	5.4391e-06	
N0.HOG0007144	2.72055e-05	2.83822e-05	4.5105e-05	0.000153706	0.000384599	5.04204e-05	
N0.HOG0007146	5.02137e-07	5.06712e-07	5.64801e-07	8.22178e-07	1.09851e-06	1.37455e-07	
N0.HOG0007147	0.00147361	0.00147857	0.00153306	0.00159638	0.000878332	1.74358e-05	
N0.HOG0007148	0.00147369	0.00150284	0.00184674	0.00284409	0.00218856	5.81642e-05	
N0.HOG0007149	0.0798274	0.0793239	0.073089	0.0480218	0.0108988	5.62191e-05	
N0.HOG0007150	5.02165e-07	5.14842e-07	6.82846e-07	1.60475e-06	3.83306e-06	8.61135e-07	
N0.HOG0007151	0.00147361	0.00147831	0.00152904	0.00156859	0.00081217	1.2892e-05	
N0.HOG0007152	2.72043e-05	2.80125e-05	3.87357e-05	9.45458e-05	0.000176375	1.80391e-05	
N0.HOG0007153	0.00147369	0.00150284	0.00184674	0.00284409	0.00218856	5.81642e-05	
N0.HOG0007154	2.72019e-05	2.73216e-05	2.87048e-05	3.19253e-05	2.16963e-05	7.7355e-07	
N0.HOG0007155	0.00147361	0.00147857	0.00153306	0.00159638	0.000878332	1.74358e-05	
N0.HOG0007156	0.00147367	0.00149745	0.00177273	0.00246548	0.00153231	2.18671e-05	
N0.HOG0007157	0.0798274	0.0793239	0.073089	0.0480218	0.0108988	5.62191e-05	
N0.HOG0007158	0.00147358	0.00147011	0.0014242	0.00117418	0.000469273	7.04902e-06	
N0.HOG0007159	0.0798274	0.0793239	0.073089	0.0480218	0.0108988	5.62191e-05	
N0.HOG0007160	0.00147361	0.00147831	0.00152904	0.00156859	0.00081217	1.2892e-05	
N0.HOG0007161	0.0798274	0.0793239	0.073089	0.0480218	0.0108988	5.62191e-05	
N0.HOG0007162	0.00147368	0.00149809	0.00178514	0.00259529	0.00191527	4.87343e-05	
N0.HOG0007163	0.0798274	0.0793239	0.073089	0.0480218	0.0108988	5.62191e-05	
N0.HOG0007164	2.72037e-05	2.78369e-05	3.57231e-05	6.71016e-05	8.56179e-05	5.94996e-06	
N0.HOG0007165	0.00147369	0.00150284	0.00184674	0.00284409	0.00218856	5.81642e-05	
N0.HOG0007166	8.33893e-20	2.61352e-17	7.93201e-16	5.96953e-14	1.1498e-11	6.22975e-10	
N0.HOG0007167	0.0798274	0.0793239	0.073089	0.0480218	0.0108988	5.62191e-05	
N0.HOG0007168	0.00147358	0.00147125	0.00143885	0.00123069	0.000522969	8.34011e-06	
N0.HOG0007169	0.0798274	0.0793239	0.073089	0.0480218	0.0108988	5.62191e-05	
N0.HOG0007170	2.7204e-05	2.79239e-05	3.74436e-05	8.62748e-05	0.000154351	1.51184e-05	
N0.HOG0007171	0.0798274	0.0793239	0.073089	0.0480218	0.0108988	5.62191e-05	
N0.HOG0007172	0.00147356	0.00146575	0.00136816	0.000959011	0.000267973	2.47948e-06	
N0.HOG0007173	5.02118e-07	5.0117e-07	4.88784e-07	4.23427e-07	2.19972e-07	8.91222e-09	
N0.HOG0007174	0.00147361	0.00147857	0.00153306	0.00159638	0.000878332	1.74358e-05	
N0.HOG0007175	0.0798274	0.0793239	0.073089	0.0480218	0.0108988	5.62191e-05	
N0.HOG0007176	0.0798274	0.0793239	0.073089	0.0480218	0.0108988	5.62191e-05	
N0.HOG0007177	2.72022e-05	2.73898e-05	2.96834e-05	3.76852e-05	3.35168e-05	1.49274e-06	
N0.HOG0007178	0.0798274	0.0793239	0.073089	0.0480218	0.0108988	5.62191e-05	
N0.HOG0007179	0.00147368	0.00149809	0.00178514	0.00259529	0.00191527	4.87343e-05	
N0.HOG0007180	6.07072e-10	1.80599e-07	3.143e-06	3.07779e-05	0.0001321	4.73894e-05	
N0.HOG0007181	0.0798274	0.0793239	0.073089	0.0480218	0.0108988	5.62191e-05	
N0.HOG0007182	0.00147361	0.00147857	0.00153306	0.00159638	0.000878332	1.74358e-05	
N0.HOG0007183	0.0798274	0.0793239	0.073089	0.0480218	0.0108988	5.62191e-05	
N0.HOG0007184	0.0798274	0.0793239	0.073089	0.0480218	0.0108988	5.62191e-05	
N0.HOG0007185	5.02171e-07	5.16609e-07	7.12551e-07	1.87139e-06	4.73954e-06	9.02961e-07	
N0.HOG0007186	9.26992e-09	9.59135e-09	1.41126e-08	4.67228e-08	2.05695e-07	1.29875e-07	
N0.HOG0007187	0.0798274	0.0793239	0.073089	0.0480218	0.0108988	5.62191e-05	
N0.HOG0007188	0.00147357	0.0014678	0.00139453	0.00106011	0.000361979	4.56087e-06	
N0.HOG0007189	0.0798274	0.0793239	0.073089	0.0480218	0.0108988	5.62191e-05	
N0.HOG0007190	0.0798274	0.0793239	0.073089	0.0480218	0.0108988	5.62191e-05	
N0.HOG0007191	0.00147369	0.00150284	0.00184674	0.00284409	0.00218856	5.81642e-05	
N0.HOG0007192	0.0798274	0.0793239	0.073089	0.0480218	0.0108988	5.62191e-05	
N0.HOG0007193	0.0798274	0.0793239	0.073089	0.0480218	0.0108988	5.62191e-05	
N0.HOG0007194	1.7113e-10	1.81137e-10	3.45405e-10	2.63637e-09	4.30242e-08	1.32124e-07	
N0.HOG0007195	0.00147369	0.00150284	0.00184674	0.00284409	0.00218856	5.81642e-05	
N0.HOG0007196	0.00147369	0.00150284	0.00184674	0.00284409	0.00218856	5.81642e-05	
N0.HOG0007197	0.0798274	0.0793239	0.073089	0.0480218	0.0108988	5.62191e-05	
N0.HOG0007198	0.00147358	0.00147125	0.00143885	0.00123069	0.000522969	8.34011e-06	
N0.HOG0007199	0.0798274	0.0793239	0.073089	0.0480218	0.0108988	5.62191e-05	
N0.HOG0007200	0.00147369	0.00150284	0.00184674	0.00284409	0.00218856	5.81642e-05	
N0.HOG0007201	0.00147356	0.00146577	0.00136851	0.000960367	0.000269219	2.49419e-06	
N0.HOG0007202	0.00147361	0.00147831	0.00152904	0.00156859	0.00081217	1.2892e-05	
N0.HOG0007203	0.00147369	0.00150284	0.00184674	0.00284409	0.00218856	5.81642e-05	
N0.HOG0007204	0.0798274	0.0793239	0.073089	0.0480218	0.0108988	5.62191e-05	
N0.HOG0007206	0.00147368	0.00149809	0.00178514	0.00259529	0.00191527	4.87343e-05	
N0.HOG0007207	2.72016e-05	2.7223e-05	2.74466e-05	2.722e-05	1.75931e-05	6.68218e-07	
N0.HOG0007208	0.0798274	0.0793239	0.073089	0.0480218	0.0108988	5.62191e-05	
N0.HOG0007209	0.0798274	0.0793239	0.073089	0.0480218	0.0108988	5.62191e-05	
N0.HOG0007210	0.00147361	0.00147831	0.00152904	0.00156859	0.00081217	1.2892e-05	
N0.HOG0007211	0.00147369	0.00150284	0.00184674	0.00284409	0.00218856	5.81642e-05	
N0.HOG0007212	0.0798274	0.0793239	0.073089	0.0480218	0.0108988	5.62191e-05	
N0.HOG0007213	0.0798274	0.0793239	0.073089	0.0480218	0.0108988	5.62191e-05	
N0.HOG0007214	0.00147358	0.00147125	0.00143885	0.00123069	0.000522969	8.34011e-06	
N0.HOG0007215	0.0798274	0.0793239	0.073089	0.0480218	0.0108988	5.62191e-05	
N0.HOG0007216	0.0798274	0.0793239	0.073089	0.0480218	0.0108988	5.62191e-05	
N0.HOG0007217	0.00147357	0.00146681	0.00138185	0.00101143	0.000316545	3.53415e-06	
N0.HOG0007218	0.00147356	0.00146575	0.00136818	0.000959113	0.000268125	2.47615e-06	
N0.HOG0007219	0.0798274	0.0793239	0.073089	0.0480218	0.0108988	5.62191e-05	
N0.HOG0007220	0.00147368	0.00149809	0.00178514	0.00259529	0.00191527	4.87343e-05	
N0.HOG0007221	0.00147369	0.00150284	0.00184674	0.00284409	0.00218856	5.81642e-05	
N0.HOG0007222	0.00147357	0.00146774	0.00139369	0.00105657	0.000357719	4.41484e-06	
N0.HOG0007223	0.0798274	0.0793239	0.073089	0.0480218	0.0108988	5.62191e-05	
N0.HOG0007224	0.0798274	0.0793239	0.073089	0.0480218	0.0108988	5.62191e-05	
N0.HOG0007225	0.0798274	0.0793239	0.073089	0.0480218	0.0108988	5.62191e-05	
N0.HOG0007226	2.72033e-05	2.77205e-05	3.40603e-05	5.72922e-05	6.36113e-05	3.95365e-06	
N0.HOG0007227	0.00147361	0.00147857	0.00153306	0.00159638	0.000878332	1.74358e-05	
N0.HOG0007228	0.00147369	0.00150284	0.00184674	0.00284409	0.00218856	5.81642e-05	
N0.HOG0007229	0.0798274	0.0793239	0.073089	0.0480218	0.0108988	5.62191e-05	
N0.HOG0007230	0.00147369	0.00150284	0.00184674	0.00284409	0.00218856	5.81642e-05	
N0.HOG0007231	0.0798274	0.0793239	0.073089	0.0480218	0.0108988	5.62191e-05	
N0.HOG0007232	0.0798274	0.0793239	0.073089	0.0480218	0.0108988	5.62191e-05	
N0.HOG0007233	0.0798274	0.0793239	0.073089	0.0480218	0.0108988	5.62191e-05	
N0.HOG0007234	0.0798274	0.0793239	0.073089	0.0480218	0.0108988	5.62191e-05	
N0.HOG0007235	0.00147358	0.00147125	0.00143885	0.00123069	0.000522969	8.34011e-06	
N0.HOG0007236	0.00147361	0.00147857	0.00153306	0.00159638	0.000878332	1.74358e-05	
N0.HOG0007237	0.0798274	0.0793239	0.073089	0.0480218	0.0108988	5.62191e-05	
N0.HOG0007238	0.00147361	0.00147831	0.00152904	0.00156859	0.00081217	1.2892e-05	
N0.HOG0007239	2.72022e-05	2.73892e-05	2.96818e-05	3.78676e-05	3.51526e-05	1.94596e-06	
N0.HOG0007240	0.0798274	0.0793239	0.073089	0.0480218	0.0108988	5.62191e-05	
N0.HOG0007241	0.00147361	0.00147857	0.00153306	0.00159638	0.000878332	1.74358e-05	
N0.HOG0007242	0.00147358	0.0014694	0.00141509	0.00113912	0.000436192	6.27445e-06	
N0.HOG0007243	0.0798274	0.0793239	0.073089	0.0480218	0.0108988	5.62191e-05	
N0.HOG0007244	0.00147361	0.00147857	0.00153306	0.00159638	0.000878332	1.74358e-05	
N0.HOG0007245	2.72035e-05	2.77896e-05	3.49152e-05	5.99022e-05	6.35644e-05	3.65643e-06	
N0.HOG0007246	0.00147359	0.0014733	0.00146512	0.00133226	0.000620288	1.07329e-05	
N0.HOG0007247	0.0798274	0.0793239	0.073089	0.0480218	0.0108988	5.62191e-05	
N0.HOG0007248	0.00147361	0.00147831	0.00152904	0.00156859	0.00081217	1.2892e-05	
N0.HOG0007249	0.00147357	0.0014678	0.00139453	0.00106011	0.000361979	4.56087e-06	
N0.HOG0007250	0.00147358	0.00147125	0.00143885	0.00123069	0.000522969	8.34011e-06	
N0.HOG0007251	0.0798274	0.0793239	0.073089	0.0480218	0.0108988	5.62191e-05	
N0.HOG0007252	0.00147361	0.00147857	0.00153306	0.00159638	0.000878332	1.74358e-05	
N0.HOG0007253	0.0798274	0.0793239	0.073089	0.0480218	0.0108988	5.62191e-05	
N0.HOG0007254	0.0798274	0.0793239	0.073089	0.0480218	0.0108988	5.62191e-05	
N0.HOG0007255	0.00147358	0.00147125	0.00143885	0.00123069	0.000522969	8.34011e-06	
N0.HOG0007256	0.00147368	0.00149809	0.00178514	0.00259529	0.00191527	4.87343e-05	
N0.HOG0007257	0.00147368	0.00149809	0.00178514	0.00259529	0.00191527	4.87343e-05	
N0.HOG0007258	0.0798274	0.0793239	0.073089	0.0480218	0.0108988	5.62191e-05	
N0.HOG0007259	0.0798274	0.0793239	0.073089	0.0480218	0.0108988	5.62191e-05	
N0.HOG0007260	5.02131e-07	5.04794e-07	5.38232e-07	6.77014e-07	7.51396e-07	8.03638e-08	
N0.HOG0007261	9.26923e-09	9.38769e-09	1.09435e-08	1.91495e-08	3.75173e-08	8.60264e-09	
N0.HOG0007262	0.00147358	0.0014694	0.00141509	0.00113912	0.000436192	6.27445e-06	
N0.HOG0007263	0.0798274	0.0793239	0.073089	0.0480218	0.0108988	5.62191e-05	
N0.HOG0007264	0.0798274	0.0793239	0.073089	0.0480218	0.0108988	5.62191e-05	
N0.HOG0007265	0.00147368	0.00149809	0.00178514	0.00259529	0.00191527	4.87343e-05	
N0.HOG0007266	2.72055e-05	2.83701e-05	4.47915e-05	0.000146018	0.000307698	2.26237e-05	
N0.HOG0007267	0.0798274	0.0793239	0.073089	0.0480218	0.0108988	5.62191e-05	
N0.HOG0007268	0.0798274	0.0793239	0.073089	0.0480218	0.0108988	5.62191e-05	
N0.HOG0007269	3.16047e-12	3.8024e-12	1.47126e-11	1.43495e-10	1.08918e-09	8.07874e-10	
N0.HOG0007270	0.00147369	0.00150284	0.00184674	0.00284409	0.00218856	5.81642e-05	
N0.HOG0007271	0.0798274	0.0793239	0.073089	0.0480218	0.0108988	5.62191e-05	
N0.HOG0007272	0.0798274	0.0793239	0.073089	0.0480218	0.0108988	5.62191e-05	
N0.HOG0007273	0.00147361	0.00147857	0.00153306	0.00159638	0.000878332	1.74358e-05	
N0.HOG0007274	0.0798274	0.0793239	0.073089	0.0480218	0.0108988	5.62191e-05	
N0.HOG0007275	0.00147357	0.00146774	0.00139369	0.00105657	0.000357719	4.41484e-06	
N0.HOG0007276	0.00147368	0.00149809	0.00178514	0.00259529	0.00191527	4.87343e-05	
N0.HOG0007277	0.00147368	0.00149809	0.00178514	0.00259529	0.00191527	4.87343e-05	
N0.HOG0007278	0.00147358	0.00147125	0.00143885	0.00123069	0.000522969	8.34011e-06	
N0.HOG0007279	0.00147369	0.00150284	0.00184674	0.00284409	0.00218856	5.81642e-05	
N0.HOG0007280	0.00147368	0.00149809	0.00178514	0.00259529	0.00191527	4.87343e-05	
N0.HOG0007281	5.02142e-07	5.08201e-07	5.87363e-07	9.92163e-07	1.74559e-06	2.76387e-07	
N0.HOG0007282	1.646e-11	4.85816e-09	7.41321e-08	5.71566e-07	2.18844e-06	4.04689e-07	
N0.HOG0007283	0.00147369	0.00150284	0.00184674	0.00284409	0.00218856	5.81642e-05	
N0.HOG0007284	0.00147361	0.00147857	0.00153306	0.00159638	0.000878332	1.74358e-05	
N0.HOG0007285	0.0798274	0.0793239	0.073089	0.0480218	0.0108988	5.62191e-05	
N0.HOG0007286	0.00147369	0.00150284	0.00184674	0.00284409	0.00218856	5.81642e-05	
N0.HOG0007287	2.72036e-05	2.78084e-05	3.52356e-05	6.27848e-05	7.26879e-05	4.71866e-06	
N0.HOG0007288	0.0798274	0.0793239	0.073089	0.0480218	0.0108988	5.62191e-05	
N0.HOG0007289	0.0798274	0.0793239	0.073089	0.0480218	0.0108988	5.62191e-05	
N0.HOG0007290	0.00147368	0.00149809	0.00178514	0.00259529	0.00191527	4.87343e-05	
N0.HOG0007291	0.00147368	0.00149809	0.00178514	0.00259529	0.00191527	4.87343e-05	
N0.HOG0007292	0.00147357	0.0014678	0.00139453	0.00106011	0.000361979	4.56087e-06	
N0.HOG0007293	0.0798274	0.0793239	0.073089	0.0480218	0.0108988	5.62191e-05	
N0.HOG0007294	5.02166e-07	5.15051e-07	6.80542e-07	1.45559e-06	2.58205e-06	3.80533e-07	
N0.HOG0007295	0.0798274	0.0793239	0.073089	0.0480218	0.0108988	5.62191e-05	
N0.HOG0007296	0.0798274	0.0793239	0.073089	0.0480218	0.0108988	5.62191e-05	
N0.HOG0007297	0.00147369	0.00150284	0.00184674	0.00284409	0.00218856	5.81642e-05	
N0.HOG0007298	2.72043e-05	2.80075e-05	3.86343e-05	9.28996e-05	0.000163089	1.33381e-05	
N0.HOG0007299	0.0798274	0.0793239	0.073089	0.0480218	0.0108988	5.62191e-05	
N0.HOG0007305	0.0798274	0.0793239	0.073089	0.0480218	0.0108988	5.62191e-05	
N0.HOG0007306	0.0798274	0.0793239	0.073089	0.0480218	0.0108988	5.62191e-05	
N0.HOG0007307	0.00147368	0.00149809	0.00178514	0.00259529	0.00191527	4.87343e-05	
N0.HOG0007310	0.0798274	0.0793239	0.073089	0.0480218	0.0108988	5.62191e-05	
N0.HOG0007311	0.00147369	0.00150284	0.00184674	0.00284409	0.00218856	5.81642e-05	
N0.HOG0007312	2.72037e-05	2.78387e-05	3.5755e-05	6.74644e-05	8.75904e-05	6.49154e-06	
N0.HOG0007313	0.0798274	0.0793239	0.073089	0.0480218	0.0108988	5.62191e-05	
N0.HOG0007314	0.00147368	0.00149809	0.00178514	0.00259529	0.00191527	4.87343e-05	
N0.HOG0007315	0.0798274	0.0793239	0.073089	0.0480218	0.0108988	5.62191e-05	
N0.HOG0007316	2.72034e-05	2.77489e-05	3.45314e-05	6.12314e-05	7.49267e-05	4.98484e-06	
N0.HOG0007317	2.72038e-05	2.78602e-05	3.60648e-05	6.87383e-05	8.15337e-05	3.47346e-06	
N0.HOG0007318	0.00147358	0.0014694	0.00141509	0.00113912	0.000436192	6.27445e-06	
N0.HOG0007319	0.00147361	0.00147857	0.00153306	0.00159638	0.000878332	1.74358e-05	
N0.HOG0007320	0.0798274	0.0793239	0.073089	0.0480218	0.0108988	5.62191e-05	
N0.HOG0007321	0.00147361	0.00147857	0.00153306	0.00159638	0.000878332	1.74358e-05	
N0.HOG0007322	0.0798274	0.0793239	0.073089	0.0480218	0.0108988	5.62191e-05	
N0.HOG0007323	0.00147357	0.0014678	0.00139453	0.00106011	0.000361979	4.56087e-06	
N0.HOG0007324	0.0798274	0.0793239	0.073089	0.0480218	0.0108988	5.62191e-05	
N0.HOG0007325	0.00147369	0.00150284	0.00184674	0.00284409	0.00218856	5.81642e-05	
N0.HOG0007326	0.0798274	0.0793239	0.073089	0.0480218	0.0108988	5.62191e-05	
N0.HOG0007327	2.72021e-05	2.73826e-05	2.95776e-05	3.70082e-05	3.17729e-05	1.31996e-06	
N0.HOG0007328	0.00147369	0.00150284	0.00184674	0.00284409	0.00218856	5.81642e-05	
N0.HOG0007329	0.00147357	0.0014678	0.00139453	0.00106011	0.000361979	4.56087e-06	
N0.HOG0007330	2.72053e-05	2.83155e-05	4.14228e-05	7.99462e-05	6.37695e-05	1.44526e-06	
N0.HOG0007331	0.00147357	0.0014678	0.00139453	0.00106011	0.000361979	4.56087e-06	
N0.HOG0007332	0.0798274	0.0793239	0.073089	0.0480218	0.0108988	5.62191e-05	
N0.HOG0007333	0.00147369	0.00150284	0.00184674	0.00284409	0.00218856	5.81642e-05	
N0.HOG0007334	0.0798274	0.0793239	0.073089	0.0480218	0.0108988	5.62191e-05	
N0.HOG0007335	0.0798274	0.0793239	0.073089	0.0480218	0.0108988	5.62191e-05	
N0.HOG0007336	2.72035e-05	2.77856e-05	3.51428e-05	6.65115e-05	9.19023e-05	7.22976e-06	
N0.HOG0007337	0.00147369	0.00150284	0.00184674	0.00284409	0.00218856	5.81642e-05	
N0.HOG0007338	2.72043e-05	2.80125e-05	3.87357e-05	9.45458e-05	0.000176375	1.80391e-05	
N0.HOG0007339	0.00147368	0.00149809	0.00178514	0.00259529	0.00191527	4.87343e-05	
N0.HOG0007340	2.72022e-05	2.74025e-05	2.98736e-05	3.90362e-05	3.78223e-05	2.18655e-06	
N0.HOG0007341	0.0798274	0.0793239	0.073089	0.0480218	0.0108988	5.62191e-05	
N0.HOG0007342	2.72043e-05	2.80075e-05	3.86343e-05	9.28996e-05	0.000163089	1.33381e-05	
N0.HOG0007343	0.00147369	0.00150284	0.00184674	0.00284409	0.00218856	5.81642e-05	
N0.HOG0007344	0.00147358	0.00146931	0.00141382	0.00113299	0.000426369	5.75099e-06	
N0.HOG0007345	0.00147358	0.00147125	0.00143885	0.00123069	0.000522969	8.34011e-06	
N0.HOG0007346	0.0798274	0.0793239	0.073089	0.0480218	0.0108988	5.62191e-05	
N0.HOG0007347	0.00147357	0.0014678	0.00139453	0.00106011	0.000361979	4.56087e-06	
N0.HOG0007348	0.0798274	0.0793239	0.073089	0.0480218	0.0108988	5.62191e-05	
N0.HOG0007349	0.0798274	0.0793239	0.073089	0.0480218	0.0108988	5.62191e-05	
N0.HOG0007350	0.0798274	0.0793239	0.073089	0.0480218	0.0108988	5.62191e-05	
N0.HOG0007351	0.00147361	0.00147857	0.00153306	0.00159638	0.000878332	1.74358e-05	
N0.HOG0007352	0.0798274	0.0793239	0.073089	0.0480218	0.0108988	5.62191e-05	
N0.HOG0007353	0.0798274	0.0793239	0.073089	0.0480218	0.0108988	5.62191e-05	
N0.HOG0007354	0.00147361	0.00147857	0.00153306	0.00159638	0.000878332	1.74358e-05	
N0.HOG0007355	0.00147361	0.00147857	0.00153306	0.00159638	0.000878332	1.74358e-05	
N0.HOG0007356	0.00147368	0.00149809	0.00178514	0.00259529	0.00191527	4.87343e-05	
N0.HOG0007357	2.72034e-05	2.77582e-05	3.46863e-05	6.26177e-05	7.9882e-05	5.80471e-06	
N0.HOG0007358	9.27061e-09	9.7999e-09	1.83173e-08	1.21205e-07	1.24047e-06	1.74571e-06	
N0.HOG0007359	0.00147369	0.00150284	0.00184674	0.00284409	0.00218856	5.81642e-05	
N0.HOG0007360	0.0798274	0.0793239	0.073089	0.0480218	0.0108988	5.62191e-05	
N0.HOG0007361	0.00147369	0.00150284	0.00184674	0.00284409	0.00218856	5.81642e-05	
N0.HOG0007362	2.72043e-05	2.80125e-05	3.87357e-05	9.45458e-05	0.000176375	1.80391e-05	
N0.HOG0007364	0.00147358	0.00146931	0.00141382	0.00113299	0.000426369	5.75099e-06	
N0.HOG0007365	0.00147358	0.0014694	0.00141509	0.00113912	0.000436192	6.27445e-06	
N0.HOG0007366	0.00147361	0.00147857	0.00153306	0.00159638	0.000878332	1.74358e-05	
N0.HOG0007367	0.00147357	0.00146681	0.00138185	0.00101143	0.000316545	3.53415e-06	
N0.HOG0007368	2.72043e-05	2.80075e-05	3.86343e-05	9.28996e-05	0.000163089	1.33381e-05	
N0.HOG0007369	0.0798274	0.0793239	0.073089	0.0480218	0.0108988	5.62191e-05	
N0.HOG0007370	0.0798274	0.0793239	0.073089	0.0480218	0.0108988	5.62191e-05	
N0.HOG0007371	0.00147369	0.00150284	0.00184674	0.00284409	0.00218856	5.81642e-05	
N0.HOG0007372	0.00147368	0.00149809	0.00178514	0.00259529	0.00191527	4.87343e-05	
N0.HOG0007373	0.00147368	0.00149809	0.00178514	0.00259529	0.00191527	4.87343e-05	
N0.HOG0007374	0.0798274	0.0793239	0.073089	0.0480218	0.0108988	5.62191e-05	
N0.HOG0007375	0.0798274	0.0793239	0.073089	0.0480218	0.0108988	5.62191e-05	
N0.HOG0007376	0.0798274	0.0793239	0.073089	0.0480218	0.0108988	5.62191e-05	
N0.HOG0007377	0.00147357	0.0014678	0.00139453	0.00106011	0.000361979	4.56087e-06	
N0.HOG0007378	0.0798274	0.0793239	0.073089	0.0480218	0.0108988	5.62191e-05	
N0.HOG0007379	0.00147358	0.0014694	0.00141509	0.00113912	0.000436192	6.27445e-06	
N0.HOG0007380	0.00147361	0.00147857	0.00153306	0.00159638	0.000878332	1.74358e-05	
N0.HOG0007381	0.0798274	0.0793239	0.073089	0.0480218	0.0108988	5.62191e-05	
N0.HOG0007382	5.31061e-07	8.92565e-06	0.000108884	0.000421566	0.000411597	1.11256e-05	
N0.HOG0007383	0.0798274	0.0793239	0.073089	0.0480218	0.0108988	5.62191e-05	
N0.HOG0007384	2.7202e-05	2.7341e-05	2.89845e-05	3.3623e-05	2.55103e-05	1.09608e-06	
N0.HOG0007385	0.00147369	0.00150284	0.00184674	0.00284409	0.00218856	5.81642e-05	
N0.HOG0007386	0.0798274	0.0793239	0.073089	0.0480218	0.0108988	5.62191e-05	
N0.HOG0007387	0.00147368	0.00149809	0.00178514	0.00259529	0.00191527	4.87343e-05	
N0.HOG0007388	0.0798274	0.0793239	0.073089	0.0480218	0.0108988	5.62191e-05	
N0.HOG0007389	0.00147369	0.00150284	0.00184674	0.00284409	0.00218856	5.81642e-05	
N0.HOG0007390	0.00147358	0.00147125	0.00143885	0.00123069	0.000522969	8.34011e-06	
N0.HOG0007391	2.72055e-05	2.83684e-05	4.47444e-05	0.000144955	0.000298601	2.02967e-05	
N0.HOG0007392	0.00147358	0.00147125	0.00143885	0.00123069	0.000522969	8.34011e-06	
N0.HOG0007393	9.27053e-09	9.77596e-09	1.77395e-08	1.04656e-07	8.66674e-07	9.45223e-07	
N0.HOG0007394	0.0798274	0.0793239	0.073089	0.0480218	0.0108988	5.62191e-05	
N0.HOG0007395	0.00147369	0.00150284	0.00184674	0.00284409	0.00218856	5.81642e-05	
N0.HOG0007396	0.0798274	0.0793239	0.073089	0.0480218	0.0108988	5.62191e-05	
N0.HOG0007397	2.72034e-05	2.77507e-05	3.45624e-05	6.15624e-05	7.66529e-05	5.4391e-06	
N0.HOG0007398	0.00147369	0.00150284	0.00184674	0.00284409	0.00218856	5.81642e-05	
N0.HOG0007399	9.26988e-09	9.57832e-09	1.38579e-08	4.27492e-08	1.63798e-07	8.84595e-08	
N0.HOG0007400	0.0798274	0.0793239	0.073089	0.0480218	0.0108988	5.62191e-05	
N0.HOG0007401	0.00147368	0.00149809	0.00178514	0.00259529	0.00191527	4.87343e-05	
N0.HOG0007402	5.02391e-07	5.80677e-07	1.52343e-06	4.67562e-06	5.17409e-06	2.18963e-07	
N0.HOG0007403	5.02167e-07	5.15426e-07	6.87351e-07	1.53516e-06	3.05008e-06	5.42434e-07	
N0.HOG0007404	0.00147358	0.0014698	0.00142017	0.00115864	0.000454567	6.69617e-06	
N0.HOG0007405	0.00147369	0.00150284	0.00184674	0.00284409	0.00218856	5.81642e-05	
N0.HOG0007406	0.0798274	0.0793239	0.073089	0.0480218	0.0108988	5.62191e-05	
N0.HOG0007407	0.00147361	0.00147857	0.00153306	0.00159638	0.000878332	1.74358e-05	
N0.HOG0007408	0.0798274	0.0793239	0.073089	0.0480218	0.0108988	5.62191e-05	
N0.HOG0007409	5.8312e-14	6.1744e-14	1.18248e-13	9.26819e-13	1.89461e-11	1.94309e-10	
N0.HOG0007410	0.0798274	0.0793239	0.073089	0.0480218	0.0108988	5.62191e-05	
N0.HOG0007411	0.0798274	0.0793239	0.073089	0.0480218	0.0108988	5.62191e-05	
N0.HOG0007412	0.0798274	0.0793239	0.073089	0.0480218	0.0108988	5.62191e-05	
N0.HOG0007413	0.00147361	0.00147857	0.00153306	0.00159638	0.000878332	1.74358e-05	
N0.HOG0007414	0.00147368	0.00149809	0.00178514	0.00259529	0.00191527	4.87343e-05	
N0.HOG0007415	5.02166e-07	5.15124e-07	6.82203e-07	1.48931e-06	2.90912e-06	5.26637e-07	
N0.HOG0007416	5.02173e-07	5.17404e-07	7.27552e-07	2.08159e-06	6.43767e-06	1.80075e-06	
N0.HOG0007417	0.00147357	0.00146681	0.00138185	0.00101143	0.000316545	3.53415e-06	
N0.HOG0007418	0.00147361	0.00147857	0.00153306	0.00159638	0.000878332	1.74358e-05	
N0.HOG0007419	0.00147358	0.00147112	0.00143705	0.00122055	0.000503005	7.10707e-06	
N0.HOG0007420	0.0798274	0.0793239	0.073089	0.0480218	0.0108988	5.62191e-05	
N0.HOG0007421	0.0798274	0.0793239	0.073089	0.0480218	0.0108988	5.62191e-05	
N0.HOG0007422	0.00147369	0.00150284	0.00184674	0.00284409	0.00218856	5.81642e-05	
N0.HOG0007423	0.0798274	0.0793239	0.073089	0.0480218	0.0108988	5.62191e-05	
N0.HOG0007424	0.0798274	0.0793239	0.073089	0.0480218	0.0108988	5.62191e-05	
N0.HOG0007425	0.0798274	0.0793239	0.073089	0.0480218	0.0108988	5.62191e-05	
N0.HOG0007426	5.02173e-07	5.17265e-07	7.24952e-07	2.04651e-06	6.17744e-06	1.68733e-06	
N0.HOG0007427	2.72037e-05	2.78387e-05	3.5755e-05	6.74644e-05	8.75904e-05	6.49154e-06	
N0.HOG0007428	0.00147361	0.00147857	0.00153306	0.00159638	0.000878332	1.74358e-05	
N0.HOG0007429	0.0798274	0.0793239	0.073089	0.0480218	0.0108988	5.62191e-05	
N0.HOG0007430	0.00147367	0.00149745	0.00177273	0.00246548	0.00153231	2.18671e-05	
N0.HOG0007431	0.0798274	0.0793239	0.073089	0.0480218	0.0108988	5.62191e-05	
N0.HOG0007432	0.0798274	0.0793239	0.073089	0.0480218	0.0108988	5.62191e-05	
N0.HOG0007433	0.0798274	0.0793239	0.073089	0.0480218	0.0108988	5.62191e-05	
N0.HOG0007434	0.00147357	0.0014678	0.00139453	0.00106011	0.000361979	4.56087e-06	
N0.HOG0007435	2.72038e-05	2.78737e-05	3.63555e-05	7.28879e-05	0.000105016	8.62867e-06	
N0.HOG0007436	0.0798274	0.0793239	0.073089	0.0480218	0.0108988	5.62191e-05	
N0.HOG0007437	0.00147357	0.00146681	0.00138185	0.00101143	0.000316545	3.53415e-06	
N0.HOG0007438	0.0798274	0.0793239	0.073089	0.0480218	0.0108988	5.62191e-05	
N0.HOG0007439	2.72022e-05	2.73966e-05	2.97882e-05	3.85167e-05	3.66334e-05	2.07676e-06	
N0.HOG0007440	2.72036e-05	2.78072e-05	3.52144e-05	6.25756e-05	7.18324e-05	4.56758e-06	
N0.HOG0007441	0.0798274	0.0793239	0.073089	0.0480218	0.0108988	5.62191e-05	
N0.HOG0007442	0.0798274	0.0793239	0.073089	0.0480218	0.0108988	5.62191e-05	
N0.HOG0007443	0.0798274	0.0793239	0.073089	0.0480218	0.0108988	5.62191e-05	
N0.HOG0007444	0.00147369	0.00150284	0.00184674	0.00284409	0.00218856	5.81642e-05	
N0.HOG0007445	0.00147358	0.00147125	0.00143885	0.00123069	0.000522969	8.34011e-06	
N0.HOG0007446	9.26982e-09	9.56103e-09	1.36419e-08	4.26354e-08	1.8001e-07	1.08821e-07	
N0.HOG0007447	0.00147361	0.00147831	0.00152904	0.00156859	0.00081217	1.2892e-05	
N0.HOG0007448	0.00147367	0.00149745	0.00177273	0.00246548	0.00153231	2.18671e-05	
N0.HOG0007449	0.0798274	0.0793239	0.073089	0.0480218	0.0108988	5.62191e-05	
N0.HOG0007450	0.0798274	0.0793239	0.073089	0.0480218	0.0108988	5.62191e-05	
N0.HOG0007451	0.00147358	0.00147125	0.00143885	0.00123069	0.000522969	8.34011e-06	
N0.HOG0007452	0.0798274	0.0793239	0.073089	0.0480218	0.0108988	5.62191e-05	
N0.HOG0007453	0.0798274	0.0793239	0.073089	0.0480218	0.0108988	5.62191e-05	
N0.HOG0007454	0.00147368	0.00149809	0.00178514	0.00259529	0.00191527	4.87343e-05	
N0.HOG0007455	0.0798274	0.0793239	0.073089	0.0480218	0.0108988	5.62191e-05	
N0.HOG0007456	0.0798274	0.0793239	0.073089	0.0480218	0.0108988	5.62191e-05	
N0.HOG0007457	2.72015e-05	2.71879e-05	2.69756e-05	2.50114e-05	1.41609e-05	4.66558e-07	
N0.HOG0007458	0.0798274	0.0793239	0.073089	0.0480218	0.0108988	5.62191e-05	
N0.HOG0007459	0.00147361	0.00147857	0.00153306	0.00159638	0.000878332	1.74358e-05	
N0.HOG0007460	0.00147356	0.00146575	0.00136818	0.000959113	0.000268125	2.47615e-06	
N0.HOG0007461	0.0798274	0.0793239	0.073089	0.0480218	0.0108988	5.62191e-05	
N0.HOG0007462	0.0798274	0.0793239	0.073089	0.0480218	0.0108988	5.62191e-05	
N0.HOG0007463	0.0798274	0.0793239	0.073089	0.0480218	0.0108988	5.62191e-05	
N0.HOG0007464	2.7204e-05	2.79239e-05	3.74436e-05	8.62748e-05	0.000154351	1.51184e-05	
N0.HOG0007465	2.72055e-05	2.83822e-05	4.5105e-05	0.000153706	0.000384599	5.04204e-05	
N0.HOG0007466	2.72034e-05	2.77507e-05	3.45624e-05	6.15624e-05	7.66529e-05	5.4391e-06	
N0.HOG0007467	0.0798274	0.0793239	0.073089	0.0480218	0.0108988	5.62191e-05	
N0.HOG0007468	0.00147358	0.00147125	0.00143885	0.00123069	0.000522969	8.34011e-06	
N0.HOG0007469	0.0798274	0.0793239	0.073089	0.0480218	0.0108988	5.62191e-05	
N0.HOG0007470	2.72012e-05	2.71038e-05	2.58673e-05	2.02008e-05	7.78741e-06	1.5566e-07	
N0.HOG0007471	0.00147369	0.00150284	0.00184674	0.00284409	0.00218856	5.81642e-05	
N0.HOG0007472	0.00147368	0.00149809	0.00178514	0.00259529	0.00191527	4.87343e-05	
N0.HOG0007473	0.0798274	0.0793239	0.073089	0.0480218	0.0108988	5.62191e-05	
N0.HOG0007474	5.02131e-07	5.04849e-07	5.37336e-07	6.37627e-07	5.33756e-07	3.40707e-08	
N0.HOG0007475	0.0798274	0.0793239	0.073089	0.0480218	0.0108988	5.62191e-05	
N0.HOG0007476	0.00147368	0.00149809	0.00178514	0.00259529	0.00191527	4.87343e-05	
N0.HOG0007477	0.0798274	0.0793239	0.073089	0.0480218	0.0108988	5.62191e-05	
N0.HOG0007478	0.0798274	0.0793239	0.073089	0.0480218	0.0108988	5.62191e-05	
N0.HOG0007479	0.00147357	0.00146681	0.00138185	0.00101143	0.000316545	3.53415e-06	
N0.HOG0007480	0.0798274	0.0793239	0.073089	0.0480218	0.0108988	5.62191e-05	
N0.HOG0007481	0.0798274	0.0793239	0.073089	0.0480218	0.0108988	5.62191e-05	
N0.HOG0007482	0.00147358	0.0014694	0.00141509	0.00113912	0.000436192	6.27445e-06	
N0.HOG0007483	2.72043e-05	2.80125e-05	3.87357e-05	9.45458e-05	0.000176375	1.80391e-05	
N0.HOG0007484	0.0798274	0.0793239	0.073089	0.0480218	0.0108988	5.62191e-05	
N0.HOG0007485	0.0798274	0.0793239	0.073089	0.0480218	0.0108988	5.62191e-05	
N0.HOG0007486	0.00147369	0.00150284	0.00184674	0.00284409	0.00218856	5.81642e-05	
N0.HOG0007487	2.72037e-05	2.78369e-05	3.57231e-05	6.71016e-05	8.56179e-05	5.94996e-06	
N0.HOG0007488	0.0798274	0.0793239	0.073089	0.0480218	0.0108988	5.62191e-05	
N0.HOG0007489	2.72042e-05	2.79988e-05	3.8426e-05	8.91632e-05	0.000136937	7.26159e-06	
N0.HOG0007490	0.0798274	0.0793239	0.073089	0.0480218	0.0108988	5.62191e-05	
N0.HOG0007491	0.00147358	0.00147125	0.00143885	0.00123069	0.000522969	8.34011e-06	
N0.HOG0007492	0.0798274	0.0793239	0.073089	0.0480218	0.0108988	5.62191e-05	
N0.HOG0007493	0.00147358	0.0014697	0.00141888	0.00115371	0.000449626	6.47774e-06	
N0.HOG0007494	0.0798274	0.0793239	0.073089	0.0480218	0.0108988	5.62191e-05	
N0.HOG0007495	0.0798274	0.0793239	0.073089	0.0480218	0.0108988	5.62191e-05	
N0.HOG0007496	0.0798274	0.0793239	0.073089	0.0480218	0.0108988	5.62191e-05	
N0.HOG0007497	0.0798274	0.0793239	0.073089	0.0480218	0.0108988	5.62191e-05	
N0.HOG0007498	2.72084e-05	2.92078e-05	5.29869e-05	0.000126527	0.000114964	3.368e-06	
N0.HOG0007499	2.72043e-05	2.80125e-05	3.87357e-05	9.45458e-05	0.000176375	1.80391e-05	
N0.HOG0007500	0.00147369	0.00150211	0.00183197	0.00268218	0.00169918	2.34139e-05	
N0.HOG0007501	0.0798274	0.0793239	0.073089	0.0480218	0.0108988	5.62191e-05	
N0.HOG0007502	0.0798274	0.0793239	0.073089	0.0480218	0.0108988	5.62191e-05	
N0.HOG0007503	0.0798274	0.0793239	0.073089	0.0480218	0.0108988	5.62191e-05	
N0.HOG0007504	5.02201e-07	5.25754e-07	8.73286e-07	3.64604e-06	1.53924e-05	5.62729e-06	
N0.HOG0007505	2.72032e-05	2.77018e-05	3.37505e-05	5.46618e-05	5.56271e-05	3.06363e-06	
N0.HOG0007506	0.00147368	0.00149809	0.00178514	0.00259529	0.00191527	4.87343e-05	
N0.HOG0007507	2.72021e-05	2.73594e-05	2.92513e-05	3.5244e-05	2.91756e-05	1.41477e-06	
N0.HOG0007508	0.00147369	0.00150284	0.00184674	0.00284409	0.00218856	5.81642e-05	
N0.HOG0007509	2.72043e-05	2.80075e-05	3.86343e-05	9.28996e-05	0.000163089	1.33381e-05	
N0.HOG0007510	2.72043e-05	2.80125e-05	3.87357e-05	9.45458e-05	0.000176375	1.80391e-05	
N0.HOG0007511	2.72015e-05	2.71897e-05	2.69998e-05	2.51466e-05	1.44871e-05	5.09025e-07	
N0.HOG0007512	0.00147361	0.00147857	0.00153306	0.00159638	0.000878332	1.74358e-05	
N0.HOG0007513	0.00147368	0.00149809	0.00178514	0.00259529	0.00191527	4.87343e-05	
N0.HOG0007514	2.72015e-05	2.71879e-05	2.69756e-05	2.50114e-05	1.41609e-05	4.66558e-07	
N0.HOG0007515	0.00147369	0.00150284	0.00184674	0.00284409	0.00218856	5.81642e-05	
N0.HOG0007516	0.00147358	0.00147125	0.00143885	0.00123069	0.000522969	8.34011e-06	
N0.HOG0007517	0.0798274	0.0793239	0.073089	0.0480218	0.0108988	5.62191e-05	
N0.HOG0007518	0.0798274	0.0793239	0.073089	0.0480218	0.0108988	5.62191e-05	
N0.HOG0007519	0.00147361	0.00147857	0.00153306	0.00159638	0.000878332	1.74358e-05	
N0.HOG0007520	0.0798274	0.0793239	0.073089	0.0480218	0.0108988	5.62191e-05	
N0.HOG0007521	0.00147368	0.00149809	0.00178514	0.00259529	0.00191527	4.87343e-05	
N0.HOG0007522	2.72039e-05	2.79071e-05	3.70867e-05	8.06112e-05	0.000114954	5.07349e-06	
N0.HOG0007523	0.0798274	0.0793239	0.073089	0.0480218	0.0108988	5.62191e-05	
N0.HOG0007524	5.02171e-07	5.16703e-07	7.14439e-07	1.90472e-06	5.12708e-06	1.22673e-06	
N0.HOG0007525	0.0798274	0.0793239	0.073089	0.0480218	0.0108988	5.62191e-05	
N0.HOG0007526	0.00147369	0.00150284	0.00184674	0.00284409	0.00218856	5.81642e-05	
N0.HOG0007527	2.72055e-05	2.83822e-05	4.5105e-05	0.000153706	0.000384599	5.04204e-05	
N0.HOG0007528	0.00147356	0.00146575	0.00136818	0.000959113	0.000268125	2.47615e-06	
N0.HOG0007529	0.0798274	0.0793239	0.073089	0.0480218	0.0108988	5.62191e-05	
N0.HOG0007530	0.0798274	0.0793239	0.073089	0.0480218	0.0108988	5.62191e-05	
N0.HOG0007531	0.00147361	0.00147857	0.00153306	0.00159638	0.000878332	1.74358e-05	
N0.HOG0007532	5.02212e-07	5.28941e-07	9.43611e-07	5.02064e-06	2.86557e-05	1.1517e-05	
N0.HOG0007533	0.0798274	0.0793239	0.073089	0.0480218	0.0108988	5.62191e-05	
N0.HOG0007534	0.00147358	0.00147125	0.00143885	0.00123069	0.000522969	8.34011e-06	
N0.HOG0007535	0.00147361	0.00147857	0.00153306	0.00159638	0.000878332	1.74358e-05	
N0.HOG0007536	0.0798274	0.0793239	0.073089	0.0480218	0.0108988	5.62191e-05	
N0.HOG0007537	0.0798274	0.0793239	0.073089	0.0480218	0.0108988	5.62191e-05	
N0.HOG0007538	0.00147368	0.00149809	0.00178514	0.00259529	0.00191527	4.87343e-05	
N0.HOG0007540	0.0798274	0.0793239	0.073089	0.0480218	0.0108988	5.62191e-05	
N0.HOG0007541	0.00147358	0.00147125	0.00143885	0.00123069	0.000522969	8.34011e-06	
N0.HOG0007542	0.00147358	0.00147125	0.00143885	0.00123069	0.000522969	8.34011e-06	
N0.HOG0007543	0.0798274	0.0793239	0.073089	0.0480218	0.0108988	5.62191e-05	
N0.HOG0007544	0.0798274	0.0793239	0.073089	0.0480218	0.0108988	5.62191e-05	
N0.HOG0007545	0.0798274	0.0793239	0.073089	0.0480218	0.0108988	5.62191e-05	
N0.HOG0007546	2.72055e-05	2.83822e-05	4.5105e-05	0.000153706	0.000384599	5.04204e-05	
N0.HOG0007547	0.0798274	0.0793239	0.073089	0.0480218	0.0108988	5.62191e-05	
N0.HOG0007548	0.0798274	0.0793239	0.073089	0.0480218	0.0108988	5.62191e-05	
N0.HOG0007549	0.0798274	0.0793239	0.073089	0.0480218	0.0108988	5.62191e-05	
N0.HOG0007550	9.27022e-09	9.68204e-09	1.55739e-08	5.50022e-08	1.45175e-07	1.77959e-08	
N0.HOG0007551	0.0798274	0.0793239	0.073089	0.0480218	0.0108988	5.62191e-05	
N0.HOG0007552	9.27127e-09	9.99755e-09	2.18958e-08	1.54658e-07	9.54242e-07	3.42879e-07	
N0.HOG0007553	0.0798274	0.0793239	0.073089	0.0480218	0.0108988	5.62191e-05	
N0.HOG0007554	0.00147357	0.0014678	0.00139453	0.00106011	0.000361979	4.56087e-06	
N0.HOG0007555	0.0798274	0.0793239	0.073089	0.0480218	0.0108988	5.62191e-05	
N0.HOG0007556	0.00147361	0.00147857	0.00153306	0.00159638	0.000878332	1.74358e-05	
N0.HOG0007557	0.0798274	0.0793239	0.073089	0.0480218	0.0108988	5.62191e-05	
N0.HOG0007558	2.72038e-05	2.78602e-05	3.60648e-05	6.87383e-05	8.15337e-05	3.47346e-06	
N0.HOG0007559	0.00147358	0.0014694	0.00141509	0.00113912	0.000436192	6.27445e-06	
N0.HOG0007560	0.00147361	0.00147831	0.00152904	0.00156859	0.00081217	1.2892e-05	
N0.HOG0007561	0.0798274	0.0793239	0.073089	0.0480218	0.0108988	5.62191e-05	
N0.HOG0007562	0.00147358	0.0014694	0.00141509	0.00113912	0.000436192	6.27445e-06	
N0.HOG0007563	2.7202e-05	2.73545e-05	2.9174e-05	3.46273e-05	2.69743e-05	1.04573e-06	
N0.HOG0007564	0.0798274	0.0793239	0.073089	0.0480218	0.0108988	5.62191e-05	
N0.HOG0007565	2.72021e-05	2.73594e-05	2.92513e-05	3.5244e-05	2.91756e-05	1.41477e-06	
N0.HOG0007566	2.72036e-05	2.78084e-05	3.52356e-05	6.27848e-05	7.26879e-05	4.71866e-06	
N0.HOG0007567	0.00147369	0.00150211	0.00183197	0.00268218	0.00169918	2.34139e-05	
N0.HOG0007568	0.00147361	0.00147857	0.00153306	0.00159638	0.000878332	1.74358e-05	
N0.HOG0007573	0.0798274	0.0793239	0.073089	0.0480218	0.0108988	5.62191e-05	
N0.HOG0007574	9.95615e-19	8.55997e-14	1.70767e-11	6.21955e-10	7.64691e-09	6.11944e-09	
N0.HOG0007575	2.72035e-05	2.77896e-05	3.49152e-05	5.99022e-05	6.35644e-05	3.65643e-06	
N0.HOG0007576	0.0798274	0.0793239	0.073089	0.0480218	0.0108988	5.62191e-05	
N0.HOG0007577	0.0798274	0.0793239	0.073089	0.0480218	0.0108988	5.62191e-05	
N0.HOG0007578	2.72017e-05	2.72646e-05	2.79701e-05	2.90472e-05	1.87566e-05	6.71292e-07	
N0.HOG0007579	0.0798274	0.0793239	0.073089	0.0480218	0.0108988	5.62191e-05	
N0.HOG0007580	0.0798274	0.0793239	0.073089	0.0480218	0.0108988	5.62191e-05	
N0.HOG0007581	0.00147358	0.00147125	0.00143885	0.00123069	0.000522969	8.34011e-06	
N0.HOG0007582	2.72037e-05	2.78521e-05	3.59852e-05	6.95409e-05	9.42333e-05	7.2929e-06	
N0.HOG0007583	0.0798274	0.0793239	0.073089	0.0480218	0.0108988	5.62191e-05	
N0.HOG0007584	0.00147368	0.00149809	0.00178514	0.00259529	0.00191527	4.87343e-05	
N0.HOG0007585	0.00147358	0.0014694	0.00141509	0.00113912	0.000436192	6.27445e-06	
N0.HOG0007586	2.72038e-05	2.78602e-05	3.60648e-05	6.87383e-05	8.15337e-05	3.47346e-06	
N0.HOG0007587	0.0798274	0.0793239	0.073089	0.0480218	0.0108988	5.62191e-05	
N0.HOG0007588	0.0798274	0.0793239	0.073089	0.0480218	0.0108988	5.62191e-05	
N0.HOG0007589	0.0798274	0.0793239	0.073089	0.0480218	0.0108988	5.62191e-05	
N0.HOG0007590	0.00147361	0.00147857	0.00153306	0.00159638	0.000878332	1.74358e-05	
N0.HOG0007591	0.00147357	0.0014678	0.00139453	0.00106011	0.000361979	4.56087e-06	
N0.HOG0007592	2.7204e-05	2.79239e-05	3.74436e-05	8.62748e-05	0.000154351	1.51184e-05	
N0.HOG0007593	0.0798274	0.0793239	0.073089	0.0480218	0.0108988	5.62191e-05	
N0.HOG0007594	0.0798274	0.0793239	0.073089	0.0480218	0.0108988	5.62191e-05	
N0.HOG0007595	2.72036e-05	2.78251e-05	3.54691e-05	6.36236e-05	6.80048e-05	2.61316e-06	
N0.HOG0007596	0.0798274	0.0793239	0.073089	0.0480218	0.0108988	5.62191e-05	
N0.HOG0007597	0.00147361	0.00147857	0.00153306	0.00159638	0.000878332	1.74358e-05	
N0.HOG0007598	0.0798274	0.0793239	0.073089	0.0480218	0.0108988	5.62191e-05	
N0.HOG0007599	0.0798274	0.0793239	0.073089	0.0480218	0.0108988	5.62191e-05	
N0.HOG0007600	0.0798274	0.0793239	0.073089	0.0480218	0.0108988	5.62191e-05	
N0.HOG0007601	0.0798274	0.0793239	0.073089	0.0480218	0.0108988	5.62191e-05	
N0.HOG0007602	0.0798274	0.0793239	0.073089	0.0480218	0.0108988	5.62191e-05	
N0.HOG0007604	0.00147368	0.00149809	0.00178514	0.00259529	0.00191527	4.87343e-05	
N0.HOG0007605	0.0798274	0.0793239	0.073089	0.0480218	0.0108988	5.62191e-05	
N0.HOG0007606	0.00147369	0.00150284	0.00184674	0.00284409	0.00218856	5.81642e-05	
N0.HOG0007607	0.0798274	0.0793239	0.073089	0.0480218	0.0108988	5.62191e-05	
N0.HOG0007608	0.00147358	0.00147125	0.00143885	0.00123069	0.000522969	8.34011e-06	
N0.HOG0007609	0.00147368	0.00149809	0.00178514	0.00259529	0.00191527	4.87343e-05	
N0.HOG0007610	0.0798274	0.0793239	0.073089	0.0480218	0.0108988	5.62191e-05	
N0.HOG0007611	0.0798274	0.0793239	0.073089	0.0480218	0.0108988	5.62191e-05	
N0.HOG0007612	0.0798274	0.0793239	0.073089	0.0480218	0.0108988	5.62191e-05	
N0.HOG0007613	0.00147368	0.00149809	0.00178514	0.00259529	0.00191527	4.87343e-05	
N0.HOG0007614	0.00147368	0.00149809	0.00178514	0.00259529	0.00191527	4.87343e-05	
N0.HOG0007615	0.0798274	0.0793239	0.073089	0.0480218	0.0108988	5.62191e-05	
N0.HOG0007616	0.0798274	0.0793239	0.073089	0.0480218	0.0108988	5.62191e-05	
N0.HOG0007617	2.72043e-05	2.80125e-05	3.87357e-05	9.45458e-05	0.000176375	1.80391e-05	
N0.HOG0007618	2.72037e-05	2.78387e-05	3.5755e-05	6.74644e-05	8.75904e-05	6.49154e-06	
N0.HOG0007619	0.0798274	0.0793239	0.073089	0.0480218	0.0108988	5.62191e-05	
N0.HOG0007620	5.02177e-07	5.18341e-07	7.39093e-07	2.08733e-06	5.85865e-06	1.46372e-06	
N0.HOG0007621	0.0798274	0.0793239	0.073089	0.0480218	0.0108988	5.62191e-05	
N0.HOG0007622	0.0798274	0.0793239	0.073089	0.0480218	0.0108988	5.62191e-05	
N0.HOG0007623	2.72021e-05	2.73594e-05	2.92513e-05	3.5244e-05	2.91756e-05	1.41477e-06	
N0.HOG0007624	0.00147358	0.00147011	0.0014242	0.00117418	0.000469273	7.04902e-06	
N0.HOG0007625	0.0798274	0.0793239	0.073089	0.0480218	0.0108988	5.62191e-05	
N0.HOG0007626	0.00147368	0.00149809	0.00178514	0.00259529	0.00191527	4.87343e-05	
N0.HOG0007627	5.02138e-07	5.06808e-07	5.6634e-07	8.36018e-07	1.16766e-06	1.57898e-07	
N0.HOG0007628	0.0798274	0.0793239	0.073089	0.0480218	0.0108988	5.62191e-05	
N0.HOG0007629	0.00147356	0.00146575	0.00136818	0.000959113	0.000268125	2.47615e-06	
N0.HOG0007630	0.00147369	0.00150211	0.00183197	0.00268218	0.00169918	2.34139e-05	
N0.HOG0007631	0.0798274	0.0793239	0.073089	0.0480218	0.0108988	5.62191e-05	
N0.HOG0007632	2.72021e-05	2.73594e-05	2.92513e-05	3.5244e-05	2.91756e-05	1.41477e-06	
N0.HOG0007633	0.0798274	0.0793239	0.073089	0.0480218	0.0108988	5.62191e-05	
N0.HOG0007634	0.0798274	0.0793239	0.073089	0.0480218	0.0108988	5.62191e-05	
N0.HOG0007635	0.00147369	0.00150284	0.00184674	0.00284409	0.00218856	5.81642e-05	
N0.HOG0007636	0.0798274	0.0793239	0.073089	0.0480218	0.0108988	5.62191e-05	
N0.HOG0007637	0.00147369	0.00150284	0.00184674	0.00284409	0.00218856	5.81642e-05	
N0.HOG0007638	0.0798274	0.0793239	0.073089	0.0480218	0.0108988	5.62191e-05	
N0.HOG0007639	0.0798274	0.0793239	0.073089	0.0480218	0.0108988	5.62191e-05	
N0.HOG0007640	9.27039e-09	9.73418e-09	1.6788e-08	8.29662e-08	5.35996e-07	4.70218e-07	
N0.HOG0007641	2.72036e-05	2.78072e-05	3.52144e-05	6.25756e-05	7.18324e-05	4.56758e-06	
N0.HOG0007642	0.00147369	0.00150284	0.00184674	0.00284409	0.00218856	5.81642e-05	
N0.HOG0007643	0.00147368	0.00149809	0.00178514	0.00259529	0.00191527	4.87343e-05	
N0.HOG0007644	5.31061e-07	8.92565e-06	0.000108884	0.000421566	0.000411597	1.11256e-05	
N0.HOG0007645	0.0798274	0.0793239	0.073089	0.0480218	0.0108988	5.62191e-05	
N0.HOG0007646	0.00147357	0.0014678	0.00139453	0.00106011	0.000361979	4.56087e-06	
N0.HOG0007647	0.0798274	0.0793239	0.073089	0.0480218	0.0108988	5.62191e-05	
N0.HOG0007648	0.0798274	0.0793239	0.073089	0.0480218	0.0108988	5.62191e-05	
N0.HOG0007649	0.0798274	0.0793239	0.073089	0.0480218	0.0108988	5.62191e-05	
N0.HOG0007650	5.02173e-07	5.1728e-07	7.17602e-07	1.75209e-06	3.12777e-06	2.38209e-07	
N0.HOG0007651	0.00147368	0.00149809	0.00178514	0.00259529	0.00191527	4.87343e-05	
N0.HOG0007652	0.0798274	0.0793239	0.073089	0.0480218	0.0108988	5.62191e-05	
N0.HOG0007653	0.00147359	0.0014733	0.00146512	0.00133226	0.000620288	1.07329e-05	
N0.HOG0007654	9.27008e-09	9.63988e-09	1.50365e-08	5.93506e-08	2.95237e-07	1.63652e-07	
N0.HOG0007655	0.0798274	0.0793239	0.073089	0.0480218	0.0108988	5.62191e-05	
N0.HOG0007656	0.0798274	0.0793239	0.073089	0.0480218	0.0108988	5.62191e-05	
N0.HOG0007657	0.0798274	0.0793239	0.073089	0.0480218	0.0108988	5.62191e-05	
N0.HOG0007658	0.00147369	0.00150211	0.00183197	0.00268218	0.00169918	2.34139e-05	
N0.HOG0007659	5.02172e-07	5.1692e-07	7.17399e-07	1.90188e-06	4.49727e-06	5.19797e-07	
N0.HOG0007660	1.00745e-08	2.44597e-07	3.1718e-06	1.50913e-05	2.5986e-05	2.58125e-06	
N0.HOG0007661	0.0798274	0.0793239	0.073089	0.0480218	0.0108988	5.62191e-05	
N0.HOG0007662	0.00147361	0.00147857	0.00153306	0.00159638	0.000878332	1.74358e-05	
N0.HOG0007663	0.00147369	0.00150284	0.00184674	0.00284409	0.00218856	5.81642e-05	
N0.HOG0007664	0.0798274	0.0793239	0.073089	0.0480218	0.0108988	5.62191e-05	
N0.HOG0007665	0.00147367	0.00149745	0.00177273	0.00246548	0.00153231	2.18671e-05	
N0.HOG0007666	0.0798274	0.0793239	0.073089	0.0480218	0.0108988	5.62191e-05	
N0.HOG0007668	2.72035e-05	2.77856e-05	3.51428e-05	6.65115e-05	9.19023e-05	7.22976e-06	
N0.HOG0007669	0.00147369	0.00150211	0.00183197	0.00268218	0.00169918	2.34139e-05	
N0.HOG0007670	3.0387e-13	9.21686e-11	1.90727e-09	3.66401e-08	5.20659e-07	5.31894e-07	
N0.HOG0007671	0.0798274	0.0793239	0.073089	0.0480218	0.0108988	5.62191e-05	
N0.HOG0007672	0.0798274	0.0793239	0.073089	0.0480218	0.0108988	5.62191e-05	
N0.HOG0007673	0.00147357	0.0014678	0.00139453	0.00106011	0.000361979	4.56087e-06	
N0.HOG0007674	2.72023e-05	2.74188e-05	3.01012e-05	4.01994e-05	3.89711e-05	1.91248e-06	
N0.HOG0007675	0.00147369	0.00150284	0.00184674	0.00284409	0.00218856	5.81642e-05	
N0.HOG0007676	0.00147358	0.0014694	0.00141509	0.00113912	0.000436192	6.27445e-06	
N0.HOG0007677	0.0798274	0.0793239	0.073089	0.0480218	0.0108988	5.62191e-05	
N0.HOG0007678	5.0214e-07	5.07446e-07	5.75851e-07	9.03226e-07	1.39996e-06	2.09881e-07	
N0.HOG0007679	1.71119e-10	1.77885e-10	2.77668e-10	1.19668e-09	9.82249e-09	1.74684e-08	
N0.HOG0007680	0.00147358	0.00147125	0.00143885	0.00123069	0.000522969	8.34011e-06	
N0.HOG0007681	0.0798274	0.0793239	0.073089	0.0480218	0.0108988	5.62191e-05	
N0.HOG0007682	2.72055e-05	2.83822e-05	4.5105e-05	0.000153706	0.000384599	5.04204e-05	
N0.HOG0007683	0.00147358	0.00147125	0.00143885	0.00123069	0.000522969	8.34011e-06	
N0.HOG0007684	5.02176e-07	5.18226e-07	7.3672e-07	2.04462e-06	5.36971e-06	1.07488e-06	
N0.HOG0007685	9.26928e-09	9.40098e-09	1.11389e-08	2.04283e-08	4.08031e-08	8.97499e-09	
N0.HOG0007686	0.0798274	0.0793239	0.073089	0.0480218	0.0108988	5.62191e-05	
N0.HOG0007687	0.0798274	0.0793239	0.073089	0.0480218	0.0108988	5.62191e-05	
N0.HOG0007688	0.0798274	0.0793239	0.073089	0.0480218	0.0108988	5.62191e-05	
N0.HOG0007689	0.00147361	0.00147857	0.00153306	0.00159638	0.000878332	1.74358e-05	
N0.HOG0007690	0.00147369	0.00150284	0.00184674	0.00284409	0.00218856	5.81642e-05	
N0.HOG0007691	0.00147361	0.00147831	0.00152904	0.00156859	0.00081217	1.2892e-05	
N0.HOG0007692	0.0798274	0.0793239	0.073089	0.0480218	0.0108988	5.62191e-05	
N0.HOG0007693	0.0798274	0.0793239	0.073089	0.0480218	0.0108988	5.62191e-05	
N0.HOG0007694	0.0798274	0.0793239	0.073089	0.0480218	0.0108988	5.62191e-05	
N0.HOG0007695	0.00147358	0.0014694	0.00141509	0.00113912	0.000436192	6.27445e-06	
N0.HOG0007696	2.72035e-05	2.77896e-05	3.49152e-05	5.99022e-05	6.35644e-05	3.65643e-06	
N0.HOG0007697	5.02146e-07	5.0928e-07	6.02939e-07	1.08695e-06	1.97927e-06	3.26865e-07	
N0.HOG0007698	0.00147369	0.00150284	0.00184674	0.00284409	0.00218856	5.81642e-05	
N0.HOG0007699	0.0798274	0.0793239	0.073089	0.0480218	0.0108988	5.62191e-05	
N0.HOG0007700	0.0798274	0.0793239	0.073089	0.0480218	0.0108988	5.62191e-05	
N0.HOG0007701	0.0798274	0.0793239	0.073089	0.0480218	0.0108988	5.62191e-05	
N0.HOG0007702	5.02179e-07	5.19045e-07	7.52659e-07	2.28115e-06	7.35625e-06	2.14861e-06	
N0.HOG0007703	2.72016e-05	2.72239e-05	2.74532e-05	2.71682e-05	1.73692e-05	6.76605e-07	
N0.HOG0007704	0.00147358	0.00147011	0.0014242	0.00117418	0.000469273	7.04902e-06	
N0.HOG0007705	0.00147357	0.0014678	0.00139453	0.00106011	0.000361979	4.56087e-06	
N0.HOG0007706	0.00147367	0.00149745	0.00177273	0.00246548	0.00153231	2.18671e-05	
N0.HOG0007707	0.0798274	0.0793239	0.073089	0.0480218	0.0108988	5.62191e-05	
N0.HOG0007708	5.02208e-07	5.27776e-07	9.1027e-07	4.05345e-06	1.61586e-05	3.48918e-06	
N0.HOG0007709	0.0798274	0.0793239	0.073089	0.0480218	0.0108988	5.62191e-05	
N0.HOG0007710	0.00147361	0.00147857	0.00153306	0.00159638	0.000878332	1.74358e-05	
N0.HOG0007711	0.0798274	0.0793239	0.073089	0.0480218	0.0108988	5.62191e-05	
N0.HOG0007712	5.02202e-07	5.25895e-07	8.76419e-07	3.70853e-06	1.60409e-05	6.00554e-06	
N0.HOG0007713	0.0798274	0.0793239	0.073089	0.0480218	0.0108988	5.62191e-05	
N0.HOG0007714	2.72021e-05	2.73594e-05	2.92513e-05	3.5244e-05	2.91756e-05	1.41477e-06	
N0.HOG0007715	2.72037e-05	2.78326e-05	3.55964e-05	6.47141e-05	7.08695e-05	2.7888e-06	
N0.HOG0007716	0.00147369	0.00150284	0.00184674	0.00284409	0.00218856	5.81642e-05	
N0.HOG0007717	2.72037e-05	2.78369e-05	3.57231e-05	6.71016e-05	8.56179e-05	5.94996e-06	
N0.HOG0007718	2.72055e-05	2.83822e-05	4.5105e-05	0.000153706	0.000384599	5.04204e-05	
N0.HOG0007719	2.72038e-05	2.78737e-05	3.63555e-05	7.28879e-05	0.000105016	8.62867e-06	
N0.HOG0007720	0.00147369	0.00150284	0.00184674	0.00284409	0.00218856	5.81642e-05	
N0.HOG0007721	0.00147369	0.00150284	0.00184674	0.00284409	0.00218856	5.81642e-05	
N0.HOG0007722	5.02136e-07	5.06257e-07	5.5854e-07	7.88904e-07	1.02434e-06	1.25532e-07	
N0.HOG0007723	0.0798274	0.0793239	0.073089	0.0480218	0.0108988	5.62191e-05	
N0.HOG0007724	0.0798274	0.0793239	0.073089	0.0480218	0.0108988	5.62191e-05	
N0.HOG0007725	0.00147358	0.0014694	0.00141509	0.00113912	0.000436192	6.27445e-06	
N0.HOG0007726	0.00147368	0.00149809	0.00178514	0.00259529	0.00191527	4.87343e-05	
N0.HOG0007727	0.00147358	0.00147112	0.00143705	0.00122055	0.000503005	7.10707e-06	
N0.HOG0007728	5.0217e-07	5.16391e-07	7.03237e-07	1.64851e-06	3.06078e-06	3.68978e-07	
N0.HOG0007729	5.02201e-07	5.25754e-07	8.73286e-07	3.64604e-06	1.53924e-05	5.62729e-06	
N0.HOG0007730	9.26955e-09	9.48294e-09	1.23474e-08	2.94295e-08	9.00227e-08	4.22944e-08	
N0.HOG0007731	0.0798274	0.0793239	0.073089	0.0480218	0.0108988	5.62191e-05	
N0.HOG0007732	2.72015e-05	2.71858e-05	2.69344e-05	2.458e-05	1.28657e-05	3.67337e-07	
N0.HOG0007733	2.72043e-05	2.80125e-05	3.87357e-05	9.45458e-05	0.000176375	1.80391e-05	
N0.HOG0007734	0.0798274	0.0793239	0.073089	0.0480218	0.0108988	5.62191e-05	
N0.HOG0007735	5.02212e-07	5.29036e-07	9.46087e-07	5.10962e-06	3.09948e-05	1.56415e-05	
N0.HOG0007736	0.0798274	0.0793239	0.073089	0.0480218	0.0108988	5.62191e-05	
N0.HOG0007737	2.72035e-05	2.77695e-05	3.45698e-05	5.68035e-05	5.38413e-05	2.56182e-06	
N0.HOG0007738	2.72036e-05	2.78084e-05	3.52356e-05	6.27848e-05	7.26879e-05	4.71866e-06	
N0.HOG0007739	0.00147357	0.0014678	0.00139453	0.00106011	0.000361979	4.56087e-06	
N0.HOG0007740	0.0798274	0.0793239	0.073089	0.0480218	0.0108988	5.62191e-05	
N0.HOG0007741	5.02212e-07	5.29036e-07	9.46087e-07	5.10962e-06	3.09948e-05	1.56415e-05	
N0.HOG0007742	0.00147357	0.0014678	0.00139453	0.00106011	0.000361979	4.56087e-06	
N0.HOG0007743	0.00147358	0.00147125	0.00143885	0.00123069	0.000522969	8.34011e-06	
N0.HOG0007744	1.71131e-10	1.81551e-10	3.54986e-10	2.87344e-09	4.78331e-08	1.53092e-07	
N0.HOG0007745	2.72034e-05	2.77563e-05	3.46549e-05	6.23512e-05	7.90134e-05	5.61224e-06	
N0.HOG0007746	9.26932e-09	9.41516e-09	1.13548e-08	2.21242e-08	4.88375e-08	1.28349e-08	
N0.HOG0007747	0.0798274	0.0793239	0.073089	0.0480218	0.0108988	5.62191e-05	
N0.HOG0007748	0.00147361	0.00147831	0.00152904	0.00156859	0.00081217	1.2892e-05	
N0.HOG0007749	9.26965e-09	9.51097e-09	1.2748e-08	3.19609e-08	9.85911e-08	4.34377e-08	
N0.HOG0007750	0.00147361	0.00147857	0.00153306	0.00159638	0.000878332	1.74358e-05	
N0.HOG0007751	2.72015e-05	2.71867e-05	2.69594e-05	2.49281e-05	1.39942e-05	4.51636e-07	
N0.HOG0007752	0.00147361	0.00147857	0.00153306	0.00159638	0.000878332	1.74358e-05	
N0.HOG0007753	0.0798274	0.0793239	0.073089	0.0480218	0.0108988	5.62191e-05	
N0.HOG0007754	9.26944e-09	9.44796e-09	1.17403e-08	2.26586e-08	4.24557e-08	9.83742e-09	
N0.HOG0007755	1.80974e-10	3.12406e-09	5.18205e-08	5.57068e-07	3.11436e-06	1.20929e-06	
N0.HOG0007756	1.71131e-10	1.81436e-10	3.51636e-10	2.70788e-09	3.8432e-08	7.70407e-08	
N0.HOG0007757	0.00147358	0.00147125	0.00143885	0.00123069	0.000522969	8.34011e-06	
N0.HOG0007758	0.0798274	0.0793239	0.073089	0.0480218	0.0108988	5.62191e-05	
N0.HOG0007759	0.0798274	0.0793239	0.073089	0.0480218	0.0108988	5.62191e-05	
N0.HOG0007760	2.72016e-05	2.72266e-05	2.74961e-05	2.74841e-05	1.81927e-05	7.47342e-07	
N0.HOG0007761	0.00147368	0.00149809	0.00178514	0.00259529	0.00191527	4.87343e-05	
N0.HOG0007762	0.0798274	0.0793239	0.073089	0.0480218	0.0108988	5.62191e-05	
N0.HOG0007763	0.0798274	0.0793239	0.073089	0.0480218	0.0108988	5.62191e-05	
N0.HOG0007764	0.00147369	0.00150284	0.00184674	0.00284409	0.00218856	5.81642e-05	
N0.HOG0007765	0.00147369	0.00150284	0.00184674	0.00284409	0.00218856	5.81642e-05	
N0.HOG0007766	0.00147368	0.00149809	0.00178514	0.00259529	0.00191527	4.87343e-05	
N0.HOG0007767	0.00147368	0.00149809	0.00178514	0.00259529	0.00191527	4.87343e-05	
N0.HOG0007768	0.0798274	0.0793239	0.073089	0.0480218	0.0108988	5.62191e-05	
N0.HOG0007769	2.72033e-05	2.77205e-05	3.40603e-05	5.72922e-05	6.36113e-05	3.95365e-06	
N0.HOG0007770	0.00147357	0.0014678	0.00139453	0.00106011	0.000361979	4.56087e-06	
N0.HOG0007771	0.00147369	0.00150284	0.00184674	0.00284409	0.00218856	5.81642e-05	
N0.HOG0007772	2.72014e-05	2.71705e-05	2.67429e-05	2.3944e-05	1.26178e-05	3.95497e-07	
N0.HOG0007773	0.00147356	0.00146577	0.00136851	0.000960367	0.000269219	2.49419e-06	
N0.HOG0007775	0.0798274	0.0793239	0.073089	0.0480218	0.0108988	5.62191e-05	
N0.HOG0007776	0.0798274	0.0793239	0.073089	0.0480218	0.0108988	5.62191e-05	
N0.HOG0007777	2.72021e-05	2.73875e-05	2.96552e-05	3.7664e-05	3.4361e-05	1.78351e-06	
N0.HOG0007778	0.0798274	0.0793239	0.073089	0.0480218	0.0108988	5.62191e-05	
N0.HOG0007779	0.0798274	0.0793239	0.073089	0.0480218	0.0108988	5.62191e-05	
N0.HOG0007780	2.72037e-05	2.78387e-05	3.5755e-05	6.74644e-05	8.75904e-05	6.49154e-06	
N0.HOG0007781	5.61033e-15	1.69623e-12	3.40567e-11	6.37798e-10	1.09359e-08	2.25406e-08	
N0.HOG0007782	0.0798274	0.0793239	0.073089	0.0480218	0.0108988	5.62191e-05	
N0.HOG0007783	2.72043e-05	2.80125e-05	3.87357e-05	9.45458e-05	0.000176375	1.80391e-05	
N0.HOG0007784	0.00147369	0.00150284	0.00184674	0.00284409	0.00218856	5.81642e-05	
N0.HOG0007785	0.00147357	0.0014678	0.00139453	0.00106011	0.000361979	4.56087e-06	
N0.HOG0007786	0.00147369	0.00150284	0.00184674	0.00284409	0.00218856	5.81642e-05	
N0.HOG0007787	5.02138e-07	5.0691e-07	5.67857e-07	8.46729e-07	1.20362e-06	1.6296e-07	
N0.HOG0007788	0.0798274	0.0793239	0.073089	0.0480218	0.0108988	5.62191e-05	
N0.HOG0007789	5.02166e-07	5.15124e-07	6.82203e-07	1.48931e-06	2.90912e-06	5.26637e-07	
N0.HOG0007790	5.02201e-07	5.25754e-07	8.73286e-07	3.64604e-06	1.53924e-05	5.62729e-06	
N0.HOG0007791	0.0798274	0.0793239	0.073089	0.0480218	0.0108988	5.62191e-05	
N0.HOG0007792	0.00147357	0.00146774	0.00139369	0.00105657	0.000357719	4.41484e-06	
N0.HOG0007793	0.00147369	0.00150284	0.00184674	0.00284409	0.00218856	5.81642e-05	
N0.HOG0007794	0.0798274	0.0793239	0.073089	0.0480218	0.0108988	5.62191e-05	
N0.HOG0007795	0.0798274	0.0793239	0.073089	0.0480218	0.0108988	5.62191e-05	
N0.HOG0007796	0.0798274	0.0793239	0.073089	0.0480218	0.0108988	5.62191e-05	
N0.HOG0007797	2.72037e-05	2.78369e-05	3.57231e-05	6.71016e-05	8.56179e-05	5.94996e-06	
N0.HOG0007798	0.00147369	0.00150284	0.00184674	0.00284409	0.00218856	5.81642e-05	
N0.HOG0007799	2.72035e-05	2.777e-05	3.45782e-05	5.68777e-05	5.40611e-05	2.58049e-06	
N0.HOG0007800	0.0798274	0.0793239	0.073089	0.0480218	0.0108988	5.62191e-05	
N0.HOG0007801	0.0798274	0.0793239	0.073089	0.0480218	0.0108988	5.62191e-05	
N0.HOG0007802	2.72034e-05	2.77489e-05	3.45314e-05	6.12314e-05	7.49267e-05	4.98484e-06	
N0.HOG0007804	2.72037e-05	2.78387e-05	3.5755e-05	6.74644e-05	8.75904e-05	6.49154e-06	
N0.HOG0007805	1.71123e-10	1.78997e-10	2.96642e-10	1.34196e-09	8.52539e-09	1.01778e-08	
N0.HOG0007806	2.72021e-05	2.73594e-05	2.92513e-05	3.5244e-05	2.91756e-05	1.41477e-06	
N0.HOG0007807	0.00147357	0.00146681	0.00138185	0.00101143	0.000316545	3.53415e-06	
N0.HOG0007808	0.0798274	0.0793239	0.073089	0.0480218	0.0108988	5.62191e-05	
N0.HOG0007809	0.0798274	0.0793239	0.073089	0.0480218	0.0108988	5.62191e-05	
N0.HOG0007810	0.0798274	0.0793239	0.073089	0.0480218	0.0108988	5.62191e-05	
N0.HOG0007811	0.0798274	0.0793239	0.073089	0.0480218	0.0108988	5.62191e-05	
N0.HOG0007812	0.0798274	0.0793239	0.073089	0.0480218	0.0108988	5.62191e-05	
N0.HOG0007813	0.00147361	0.00147857	0.00153306	0.00159638	0.000878332	1.74358e-05	
N0.HOG0007814	0.0798274	0.0793239	0.073089	0.0480218	0.0108988	5.62191e-05	
N0.HOG0007815	0.00147361	0.00147831	0.00152904	0.00156859	0.00081217	1.2892e-05	
N0.HOG0007816	5.02212e-07	5.28941e-07	9.43611e-07	5.02064e-06	2.86557e-05	1.1517e-05	
N0.HOG0007817	2.72032e-05	2.76817e-05	3.34166e-05	5.18342e-05	4.71181e-05	2.14648e-06	
N0.HOG0007818	5.02153e-07	5.11281e-07	6.27207e-07	1.14834e-06	1.8761e-06	2.85098e-07	
N0.HOG0007819	2.72035e-05	2.77948e-05	3.49539e-05	5.92104e-05	5.64345e-05	1.89949e-06	
N0.HOG0007820	3.159e-12	3.36204e-12	6.81911e-12	6.16635e-11	1.11791e-09	3.24112e-09	
N0.HOG0007821	2.72016e-05	2.72307e-05	2.75495e-05	2.77028e-05	1.83583e-05	7.21086e-07	
N0.HOG0007822	5.02166e-07	5.15092e-07	6.81593e-07	1.4813e-06	2.8436e-06	4.82701e-07	
N0.HOG0007823	2.7202e-05	2.73361e-05	2.89087e-05	3.30375e-05	2.35887e-05	8.10442e-07	
N0.HOG0007824	0.0798274	0.0793239	0.073089	0.0480218	0.0108988	5.62191e-05	
N0.HOG0007825	0.0798274	0.0793239	0.073089	0.0480218	0.0108988	5.62191e-05	
N0.HOG0007826	0.00147361	0.00147857	0.00153306	0.00159638	0.000878332	1.74358e-05	
N0.HOG0007827	0.00147358	0.00147125	0.00143885	0.00123069	0.000522969	8.34011e-06	
N0.HOG0007828	0.0798274	0.0793239	0.073089	0.0480218	0.0108988	5.62191e-05	
N0.HOG0007829	2.72015e-05	2.71897e-05	2.69998e-05	2.51466e-05	1.44871e-05	5.09025e-07	
N0.HOG0007830	0.00147357	0.0014678	0.00139453	0.00106011	0.000361979	4.56087e-06	
N0.HOG0007831	2.72035e-05	2.77856e-05	3.51428e-05	6.65115e-05	9.19023e-05	7.22976e-06	
N0.HOG0007832	0.00147358	0.00147125	0.00143885	0.00123069	0.000522969	8.34011e-06	
N0.HOG0007833	0.0798274	0.0793239	0.073089	0.0480218	0.0108988	5.62191e-05	
N0.HOG0007834	0.0798274	0.0793239	0.073089	0.0480218	0.0108988	5.62191e-05	
N0.HOG0007835	0.00147368	0.00149809	0.00178514	0.00259529	0.00191527	4.87343e-05	
N0.HOG0007836	0.00147361	0.00147857	0.00153306	0.00159638	0.000878332	1.74358e-05	
N0.HOG0007837	2.72036e-05	2.78084e-05	3.52356e-05	6.27848e-05	7.26879e-05	4.71866e-06	
N0.HOG0007838	0.00147356	0.00146577	0.00136851	0.000960367	0.000269219	2.49419e-06	
N0.HOG0007839	0.00147357	0.0014678	0.00139453	0.00106011	0.000361979	4.56087e-06	
N0.HOG0007840	0.00147357	0.0014678	0.00139453	0.00106011	0.000361979	4.56087e-06	
N0.HOG0007841	5.02302e-07	5.55182e-07	1.2615e-06	5.01157e-06	1.06644e-05	1.06156e-06	
N0.HOG0007842	0.00147357	0.0014678	0.00139453	0.00106011	0.000361979	4.56087e-06	
N0.HOG0007843	0.0798274	0.0793239	0.073089	0.0480218	0.0108988	5.62191e-05	
N0.HOG0007844	1.71128e-10	1.80615e-10	3.32335e-10	2.19731e-09	2.85884e-08	8.17082e-08	
N0.HOG0007845	0.0798274	0.0793239	0.073089	0.0480218	0.0108988	5.62191e-05	
N0.HOG0007846	0.00147369	0.00150284	0.00184674	0.00284409	0.00218856	5.81642e-05	
N0.HOG0007847	2.72024e-05	2.74619e-05	3.0732e-05	4.4291e-05	4.99927e-05	3.33035e-06	
N0.HOG0007848	1.64052e-23	2.22592e-17	6.34511e-14	1.78168e-11	1.24679e-09	4.3195e-09	
N0.HOG0007849	0.00147359	0.0014733	0.00146512	0.00133226	0.000620288	1.07329e-05	
N0.HOG0007850	9.26995e-09	9.60074e-09	1.42879e-08	4.90786e-08	2.26464e-07	1.44652e-07	
N0.HOG0007851	5.02194e-07	5.23213e-07	7.75409e-07	1.59672e-06	1.56881e-06	6.36559e-08	
N0.HOG0007852	2.72053e-05	2.83155e-05	4.14228e-05	7.99462e-05	6.37695e-05	1.44526e-06	
N0.HOG0007853	0.0798274	0.0793239	0.073089	0.0480218	0.0108988	5.62191e-05	
N0.HOG0007854	3.15891e-12	3.33294e-12	6.15258e-12	4.47542e-11	8.77808e-10	6.27223e-09	
N0.HOG0007855	0.0798274	0.0793239	0.073089	0.0480218	0.0108988	5.62191e-05	
N0.HOG0007856	0.00147358	0.00146931	0.00141382	0.00113299	0.000426369	5.75099e-06	
N0.HOG0007857	0.00147357	0.0014678	0.00139453	0.00106011	0.000361979	4.56087e-06	
N0.HOG0007858	0.0798274	0.0793239	0.073089	0.0480218	0.0108988	5.62191e-05	
N0.HOG0007859	0.0798274	0.0793239	0.073089	0.0480218	0.0108988	5.62191e-05	
N0.HOG0007860	0.00147369	0.00150284	0.00184674	0.00284409	0.00218856	5.81642e-05	
N0.HOG0007861	0.00147358	0.00147112	0.00143705	0.00122055	0.000503005	7.10707e-06	
N0.HOG0007862	0.00147357	0.00146774	0.00139369	0.00105657	0.000357719	4.41484e-06	
N0.HOG0007863	5.0217e-07	5.16391e-07	7.03237e-07	1.64851e-06	3.06078e-06	3.68978e-07	
N0.HOG0007864	9.27061e-09	9.79927e-09	1.8301e-08	1.20553e-07	1.21254e-06	1.59983e-06	
N0.HOG0007865	0.00147369	0.00150284	0.00184674	0.00284409	0.00218856	5.81642e-05	
N0.HOG0007866	0.0798274	0.0793239	0.073089	0.0480218	0.0108988	5.62191e-05	
N0.HOG0007867	5.15291e-07	4.33651e-06	5.00234e-05	0.000196664	0.000205919	7.30044e-06	
N0.HOG0007868	0.00147357	0.0014678	0.00139453	0.00106011	0.000361979	4.56087e-06	
N0.HOG0007869	0.0798274	0.0793239	0.073089	0.0480218	0.0108988	5.62191e-05	
N0.HOG0007870	0.00147357	0.0014678	0.00139453	0.00106011	0.000361979	4.56087e-06	
N0.HOG0007871	2.72034e-05	2.77507e-05	3.45624e-05	6.15624e-05	7.66529e-05	5.4391e-06	
N0.HOG0007872	0.0798274	0.0793239	0.073089	0.0480218	0.0108988	5.62191e-05	
N0.HOG0007873	0.00147368	0.00149809	0.00178514	0.00259529	0.00191527	4.87343e-05	
N0.HOG0007874	0.00147358	0.0014698	0.00142017	0.00115864	0.000454567	6.69617e-06	
N0.HOG0007875	0.0798274	0.0793239	0.073089	0.0480218	0.0108988	5.62191e-05	
N0.HOG0007876	0.0798274	0.0793239	0.073089	0.0480218	0.0108988	5.62191e-05	
N0.HOG0007877	0.00147369	0.00150284	0.00184674	0.00284409	0.00218856	5.81642e-05	
N0.HOG0007878	5.02174e-07	5.17521e-07	7.25756e-07	1.9951e-06	5.68622e-06	1.21793e-06	
N0.HOG0007879	0.00147369	0.00150284	0.00184674	0.00284409	0.00218856	5.81642e-05	
N0.HOG0007880	0.00147361	0.00147857	0.00153306	0.00159638	0.000878332	1.74358e-05	
N0.HOG0007881	0.0798274	0.0793239	0.073089	0.0480218	0.0108988	5.62191e-05	
N0.HOG0007882	0.00147358	0.0014694	0.00141509	0.00113912	0.000436192	6.27445e-06	
N0.HOG0007883	0.00147369	0.00150284	0.00184674	0.00284409	0.00218856	5.81642e-05	
N0.HOG0007884	0.00147358	0.00147125	0.00143885	0.00123069	0.000522969	8.34011e-06	
N0.HOG0007885	2.72021e-05	2.73843e-05	2.96041e-05	3.72082e-05	3.25047e-05	1.43883e-06	
N0.HOG0007886	0.0798274	0.0793239	0.073089	0.0480218	0.0108988	5.62191e-05	
N0.HOG0007887	0.00147357	0.00146681	0.00138185	0.00101143	0.000316545	3.53415e-06	
N0.HOG0007888	0.0798274	0.0793239	0.073089	0.0480218	0.0108988	5.62191e-05	
N0.HOG0007889	0.0798274	0.0793239	0.073089	0.0480218	0.0108988	5.62191e-05	
N0.HOG0007890	0.00147357	0.00146681	0.00138185	0.00101143	0.000316545	3.53415e-06	
N0.HOG0007891	0.0798274	0.0793239	0.073089	0.0480218	0.0108988	5.62191e-05	
N0.HOG0007892	2.72055e-05	2.83822e-05	4.5105e-05	0.000153706	0.000384599	5.04204e-05	
N0.HOG0007893	2.72055e-05	2.83822e-05	4.5105e-05	0.000153706	0.000384599	5.04204e-05	
N0.HOG0007894	0.0798274	0.0793239	0.073089	0.0480218	0.0108988	5.62191e-05	
N0.HOG0007895	0.0798274	0.0793239	0.073089	0.0480218	0.0108988	5.62191e-05	
N0.HOG0007897	0.0798274	0.0793239	0.073089	0.0480218	0.0108988	5.62191e-05	
N0.HOG0007898	8.91677e-10	2.61932e-07	3.76566e-06	2.23026e-05	4.56077e-05	2.72808e-06	
N0.HOG0007899	5.02166e-07	5.15124e-07	6.82203e-07	1.48931e-06	2.90912e-06	5.26637e-07	
N0.HOG0007900	5.0217e-07	5.16474e-07	7.0641e-07	1.7586e-06	4.37999e-06	1.02775e-06	
N0.HOG0007901	0.00147358	0.0014694	0.00141509	0.00113912	0.000436192	6.27445e-06	
N0.HOG0007903	2.72035e-05	2.77896e-05	3.49152e-05	5.99022e-05	6.35644e-05	3.65643e-06	
N0.HOG0007904	0.00147357	0.0014678	0.00139453	0.00106011	0.000361979	4.56087e-06	
N0.HOG0007905	0.0798274	0.0793239	0.073089	0.0480218	0.0108988	5.62191e-05	
N0.HOG0007906	0.0798274	0.0793239	0.073089	0.0480218	0.0108988	5.62191e-05	
N0.HOG0007907	1.623e-11	4.98773e-09	1.17739e-07	2.9201e-06	5.57975e-05	0.000329183	
N0.HOG0007908	5.02174e-07	5.17521e-07	7.25756e-07	1.9951e-06	5.68622e-06	1.21793e-06	
N0.HOG0007909	2.72039e-05	2.7912e-05	3.71833e-05	8.19596e-05	0.000123484	6.77654e-06	
N0.HOG0007910	0.00147358	0.00146931	0.00141382	0.00113299	0.000426369	5.75099e-06	
N0.HOG0007911	0.00147361	0.00147831	0.00152904	0.00156859	0.00081217	1.2892e-05	
N0.HOG0007912	0.0798274	0.0793239	0.073089	0.0480218	0.0108988	5.62191e-05	
N0.HOG0007913	2.72023e-05	2.74237e-05	3.01802e-05	4.09118e-05	4.21459e-05	2.58661e-06	
N0.HOG0007914	0.00147369	0.00150284	0.00184674	0.00284409	0.00218856	5.81642e-05	
N0.HOG0007915	0.0798274	0.0793239	0.073089	0.0480218	0.0108988	5.62191e-05	
N0.HOG0007917	2.72012e-05	2.71225e-05	2.61111e-05	2.12006e-05	8.9415e-06	2.02346e-07	
N0.HOG0007918	5.02179e-07	5.18905e-07	7.49969e-07	2.24271e-06	7.05889e-06	2.01329e-06	
N0.HOG0007919	0.0798274	0.0793239	0.073089	0.0480218	0.0108988	5.62191e-05	
N0.HOG0007920	0.00147358	0.0014694	0.00141509	0.00113912	0.000436192	6.27445e-06	
N0.HOG0007921	0.00147358	0.0014694	0.00141509	0.00113912	0.000436192	6.27445e-06	
N0.HOG0007922	0.00147358	0.0014698	0.00142017	0.00115864	0.000454567	6.69617e-06	
N0.HOG0007923	0.0798274	0.0793239	0.073089	0.0480218	0.0108988	5.62191e-05	
N0.HOG0007924	0.00147358	0.00146931	0.00141382	0.00113299	0.000426369	5.75099e-06	
N0.HOG0007927	5.83255e-14	6.57867e-14	1.96037e-13	2.14223e-12	3.13029e-11	1.12166e-10	
N0.HOG0007929	5.02253e-07	5.40457e-07	1.01099e-06	2.79316e-06	3.81826e-06	2.73235e-07	
N0.HOG0007930	0.00147358	0.0014694	0.00141509	0.00113912	0.000436192	6.27445e-06	
N0.HOG0007931	0.0798274	0.0793239	0.073089	0.0480218	0.0108988	5.62191e-05	
N0.HOG0007932	2.72032e-05	2.77018e-05	3.37505e-05	5.46618e-05	5.56271e-05	3.06363e-06	
N0.HOG0007933	2.7202e-05	2.7341e-05	2.89845e-05	3.3623e-05	2.55103e-05	1.09608e-06	
N0.HOG0007934	0.0798274	0.0793239	0.073089	0.0480218	0.0108988	5.62191e-05	
N0.HOG0007935	0.0798274	0.0793239	0.073089	0.0480218	0.0108988	5.62191e-05	
N0.HOG0007936	2.72011e-05	2.70841e-05	2.56111e-05	1.91538e-05	6.59247e-06	1.09208e-07	
N0.HOG0007937	0.0798274	0.0793239	0.073089	0.0480218	0.0108988	5.62191e-05	
N0.HOG0007938	0.00147368	0.00149809	0.00178514	0.00259529	0.00191527	4.87343e-05	
N0.HOG0007939	5.02132e-07	5.05207e-07	5.42572e-07	6.71533e-07	6.27585e-07	4.82766e-08	
N0.HOG0007940	0.0798274	0.0793239	0.073089	0.0480218	0.0108988	5.62191e-05	
N0.HOG0007941	0.0798274	0.0793239	0.073089	0.0480218	0.0108988	5.62191e-05	
N0.HOG0007942	9.27061e-09	9.80123e-09	1.81853e-08	1.07693e-07	7.58848e-07	4.40921e-07	
N0.HOG0007943	0.00147358	0.00147125	0.00143885	0.00123069	0.000522969	8.34011e-06	
N0.HOG0007944	0.0798274	0.0793239	0.073089	0.0480218	0.0108988	5.62191e-05	
N0.HOG0007945	0.00147357	0.0014678	0.00139453	0.00106011	0.000361979	4.56087e-06	
N0.HOG0007946	9.26916e-09	9.36805e-09	1.06544e-08	1.71038e-08	2.89626e-08	5.5527e-09	
N0.HOG0007947	0.0798274	0.0793239	0.073089	0.0480218	0.0108988	5.62191e-05	
N0.HOG0007948	0.00147358	0.00147011	0.0014242	0.00117418	0.000469273	7.04902e-06	
N0.HOG0007949	5.02168e-07	5.15825e-07	6.94743e-07	1.62774e-06	3.65322e-06	7.73199e-07	
N0.HOG0007950	0.00147358	0.0014698	0.00142017	0.00115864	0.000454567	6.69617e-06	
N0.HOG0007951	0.00147369	0.00150211	0.00183197	0.00268218	0.00169918	2.34139e-05	
N0.HOG0007952	5.02164e-07	5.14494e-07	6.69993e-07	1.33283e-06	1.93065e-06	1.50564e-07	
N0.HOG0007953	0.0798274	0.0793239	0.073089	0.0480218	0.0108988	5.62191e-05	
N0.HOG0007954	2.72035e-05	2.77695e-05	3.45698e-05	5.68035e-05	5.38413e-05	2.56182e-06	
N0.HOG0007956	0.00147357	0.0014678	0.00139453	0.00106011	0.000361979	4.56087e-06	
N0.HOG0007957	0.0798274	0.0793239	0.073089	0.0480218	0.0108988	5.62191e-05	
N0.HOG0007958	0.0798274	0.0793239	0.073089	0.0480218	0.0108988	5.62191e-05	
N0.HOG0007959	2.72098e-05	2.96188e-05	5.82192e-05	0.00014572	0.000129759	3.37901e-06	
N0.HOG0007960	0.00147368	0.00149809	0.00178514	0.00259529	0.00191527	4.87343e-05	
N0.HOG0007961	0.0798274	0.0793239	0.073089	0.0480218	0.0108988	5.62191e-05	
N0.HOG0007962	9.26974e-09	9.53614e-09	1.30903e-08	3.34981e-08	9.62875e-08	3.62993e-08	
N0.HOG0007963	2.72098e-05	2.96188e-05	5.82192e-05	0.00014572	0.000129759	3.37901e-06	
N0.HOG0007964	5.02163e-07	5.14146e-07	6.70024e-07	1.4399e-06	2.69259e-06	4.12789e-07	
N0.HOG0007965	0.00147369	0.00150284	0.00184674	0.00284409	0.00218856	5.81642e-05	
N0.HOG0007966	0.0798274	0.0793239	0.073089	0.0480218	0.0108988	5.62191e-05	
N0.HOG0007967	0.0798274	0.0793239	0.073089	0.0480218	0.0108988	5.62191e-05	
N0.HOG0007968	1.71108e-10	1.74469e-10	2.21002e-10	5.43398e-10	2.21994e-09	1.81074e-09	
N0.HOG0007969	0.00147357	0.0014678	0.00139453	0.00106011	0.000361979	4.56087e-06	
N0.HOG0007970	2.72033e-05	2.77205e-05	3.40603e-05	5.72922e-05	6.36113e-05	3.95365e-06	
N0.HOG0007971	0.00147361	0.00147857	0.00153306	0.00159638	0.000878332	1.74358e-05	
N0.HOG0007972	0.0798274	0.0793239	0.073089	0.0480218	0.0108988	5.62191e-05	
N0.HOG0007973	0.00147368	0.00149809	0.00178514	0.00259529	0.00191527	4.87343e-05	
N0.HOG0007974	0.00147369	0.00150284	0.00184674	0.00284409	0.00218856	5.81642e-05	
N0.HOG0007975	0.00147357	0.0014678	0.00139453	0.00106011	0.000361979	4.56087e-06	
N0.HOG0007976	2.72037e-05	2.78387e-05	3.5755e-05	6.74644e-05	8.75904e-05	6.49154e-06	
N0.HOG0007977	0.0798274	0.0793239	0.073089	0.0480218	0.0108988	5.62191e-05	
N0.HOG0007978	0.00147369	0.00150211	0.00183197	0.00268218	0.00169918	2.34139e-05	
N0.HOG0007979	0.00147358	0.0014694	0.00141509	0.00113912	0.000436192	6.27445e-06	
N0.HOG0007980	0.0798274	0.0793239	0.073089	0.0480218	0.0108988	5.62191e-05	
N0.HOG0007981	0.0798274	0.0793239	0.073089	0.0480218	0.0108988	5.62191e-05	
N0.HOG0007982	0.00147368	0.00149809	0.00178514	0.00259529	0.00191527	4.87343e-05	
N0.HOG0007983	0.0798274	0.0793239	0.073089	0.0480218	0.0108988	5.62191e-05	
N0.HOG0007984	5.02123e-07	5.02607e-07	5.08015e-07	5.13757e-07	3.72487e-07	2.34301e-08	
N0.HOG0007985	0.0798274	0.0793239	0.073089	0.0480218	0.0108988	5.62191e-05	
N0.HOG0007986	5.0216e-07	5.13382e-07	6.57379e-07	1.33386e-06	2.38551e-06	3.85166e-07	
N0.HOG0007987	2.72021e-05	2.73594e-05	2.92513e-05	3.5244e-05	2.91756e-05	1.41477e-06	
N0.HOG0007989	0.00147361	0.00147857	0.00153306	0.00159638	0.000878332	1.74358e-05	
N0.HOG0007990	0.00147357	0.0014678	0.00139453	0.00106011	0.000361979	4.56087e-06	
N0.HOG0007991	0.0798274	0.0793239	0.073089	0.0480218	0.0108988	5.62191e-05	
N0.HOG0007992	2.72021e-05	2.73594e-05	2.92513e-05	3.5244e-05	2.91756e-05	1.41477e-06	
N0.HOG0007993	2.72015e-05	2.71885e-05	2.69835e-05	2.50629e-05	1.43166e-05	4.92728e-07	
N0.HOG0007994	2.72038e-05	2.78737e-05	3.63555e-05	7.28879e-05	0.000105016	8.62867e-06	
N0.HOG0007995	0.00147358	0.00147125	0.00143885	0.00123069	0.000522969	8.34011e-06	
N0.HOG0007996	0.00147369	0.00150284	0.00184674	0.00284409	0.00218856	5.81642e-05	
N0.HOG0007997	0.00147361	0.00147831	0.00152904	0.00156859	0.00081217	1.2892e-05	
N0.HOG0007998	0.0798274	0.0793239	0.073089	0.0480218	0.0108988	5.62191e-05	
N0.HOG0007999	0.00147368	0.00149809	0.00178514	0.00259529	0.00191527	4.87343e-05	
N0.HOG0008000	0.00147358	0.0014694	0.00141509	0.00113912	0.000436192	6.27445e-06	
N0.HOG0008001	0.00147357	0.0014678	0.00139453	0.00106011	0.000361979	4.56087e-06	
N0.HOG0008002	2.72016e-05	2.7221e-05	2.73884e-05	2.63614e-05	1.46074e-05	3.97563e-07	
N0.HOG0008003	0.00147357	0.00146774	0.00139369	0.00105657	0.000357719	4.41484e-06	
N0.HOG0008004	0.00147358	0.0014694	0.00141509	0.00113912	0.000436192	6.27445e-06	
N0.HOG0008005	2.72019e-05	2.73216e-05	2.87048e-05	3.19253e-05	2.16963e-05	7.7355e-07	
N0.HOG0008006	2.72021e-05	2.73594e-05	2.92513e-05	3.5244e-05	2.91756e-05	1.41477e-06	
N0.HOG0008007	0.00147358	0.0014694	0.00141509	0.00113912	0.000436192	6.27445e-06	
N0.HOG0008008	2.72032e-05	2.76817e-05	3.34166e-05	5.18342e-05	4.71181e-05	2.14648e-06	
N0.HOG0008009	0.00147358	0.0014694	0.00141509	0.00113912	0.000436192	6.27445e-06	
N0.HOG0008010	2.7204e-05	2.79239e-05	3.74436e-05	8.62748e-05	0.000154351	1.51184e-05	
N0.HOG0008011	2.72043e-05	2.80125e-05	3.87357e-05	9.45458e-05	0.000176375	1.80391e-05	
N0.HOG0008012	0.0798274	0.0793239	0.073089	0.0480218	0.0108988	5.62191e-05	
N0.HOG0008013	5.0216e-07	5.13288e-07	6.55793e-07	1.31885e-06	2.32009e-06	3.64907e-07	
N0.HOG0008014	0.00147369	0.00150284	0.00184674	0.00284409	0.00218856	5.81642e-05	
N0.HOG0008015	9.27416e-09	1.08386e-08	3.25625e-08	1.71588e-07	5.60722e-07	1.24202e-07	
N0.HOG0008016	0.00147358	0.0014694	0.00141509	0.00113912	0.000436192	6.27445e-06	
N0.HOG0008017	2.72021e-05	2.73843e-05	2.96041e-05	3.72082e-05	3.25047e-05	1.43883e-06	
N0.HOG0008018	2.72036e-05	2.78084e-05	3.52356e-05	6.27848e-05	7.26879e-05	4.71866e-06	
N0.HOG0008019	0.00147369	0.00150284	0.00184674	0.00284409	0.00218856	5.81642e-05	
N0.HOG0008020	3.15902e-12	3.36719e-12	6.97924e-12	7.18801e-11	1.99137e-09	1.61445e-08	
N0.HOG0008021	0.00147368	0.00149809	0.00178514	0.00259529	0.00191527	4.87343e-05	
N0.HOG0008022	2.72039e-05	2.79093e-05	3.69592e-05	7.80684e-05	0.000118747	9.27111e-06	
N0.HOG0008023	0.00147358	0.0014694	0.00141509	0.00113912	0.000436192	6.27445e-06	
N0.HOG0008024	0.0798274	0.0793239	0.073089	0.0480218	0.0108988	5.62191e-05	
N0.HOG0008025	0.0798274	0.0793239	0.073089	0.0480218	0.0108988	5.62191e-05	
N0.HOG0008026	0.0798274	0.0793239	0.073089	0.0480218	0.0108988	5.62191e-05	
N0.HOG0008027	2.72021e-05	2.73594e-05	2.92513e-05	3.5244e-05	2.91756e-05	1.41477e-06	
N0.HOG0008028	0.00147369	0.00150284	0.00184674	0.00284409	0.00218856	5.81642e-05	
N0.HOG0008029	0.00147369	0.00150284	0.00184674	0.00284409	0.00218856	5.81642e-05	
N0.HOG0008030	0.0798274	0.0793239	0.073089	0.0480218	0.0108988	5.62191e-05	
N0.HOG0008031	0.00147358	0.0014694	0.00141509	0.00113912	0.000436192	6.27445e-06	
N0.HOG0008032	9.27053e-09	9.77596e-09	1.77395e-08	1.04656e-07	8.66674e-07	9.45223e-07	
N0.HOG0008033	0.00147369	0.00150284	0.00184674	0.00284409	0.00218856	5.81642e-05	
N0.HOG0008034	0.00147361	0.00147857	0.00153306	0.00159638	0.000878332	1.74358e-05	
N0.HOG0008035	0.0798274	0.0793239	0.073089	0.0480218	0.0108988	5.62191e-05	
N0.HOG0008036	0.0798274	0.0793239	0.073089	0.0480218	0.0108988	5.62191e-05	
N0.HOG0008037	0.00147356	0.00146575	0.00136818	0.000959113	0.000268125	2.47615e-06	
N0.HOG0008038	0.00147369	0.00150284	0.00184674	0.00284409	0.00218856	5.81642e-05	
N0.HOG0008039	1.71133e-10	1.82189e-10	3.71114e-10	3.41848e-09	6.45741e-08	2.15897e-07	
N0.HOG0008040	5.02129e-07	5.04329e-07	5.30717e-07	6.12418e-07	5.00284e-07	2.80065e-08	
N0.HOG0008041	9.51204e-09	8.03514e-08	9.71986e-07	4.74501e-06	8.58846e-06	8.69568e-07	
N0.HOG0008042	2.72038e-05	2.78737e-05	3.63555e-05	7.28879e-05	0.000105016	8.62867e-06	
N0.HOG0008043	0.0798274	0.0793239	0.073089	0.0480218	0.0108988	5.62191e-05	
N0.HOG0008044	0.00147358	0.00147125	0.00143885	0.00123069	0.000522969	8.34011e-06	
N0.HOG0008045	0.0798274	0.0793239	0.073089	0.0480218	0.0108988	5.62191e-05	
N0.HOG0008046	0.00147361	0.00147831	0.00152904	0.00156859	0.00081217	1.2892e-05	
N0.HOG0008048	2.72036e-05	2.78084e-05	3.52356e-05	6.27848e-05	7.26879e-05	4.71866e-06	
N0.HOG0008049	2.72055e-05	2.83822e-05	4.5105e-05	0.000153706	0.000384599	5.04204e-05	
N0.HOG0008050	0.00147358	0.0014698	0.00142017	0.00115864	0.000454567	6.69617e-06	
N0.HOG0008051	0.00147357	0.00146681	0.00138185	0.00101143	0.000316545	3.53415e-06	
N0.HOG0008052	0.0798274	0.0793239	0.073089	0.0480218	0.0108988	5.62191e-05	
N0.HOG0008053	5.02165e-07	5.14907e-07	6.83927e-07	1.61286e-06	3.80601e-06	7.72338e-07	
N0.HOG0008054	1.71143e-10	1.85061e-10	4.43824e-10	5.99626e-09	1.5375e-07	4.26111e-07	
N0.HOG0008055	0.00147361	0.00147857	0.00153306	0.00159638	0.000878332	1.74358e-05	
N0.HOG0008056	2.72037e-05	2.78387e-05	3.5755e-05	6.74644e-05	8.75904e-05	6.49154e-06	
N0.HOG0008057	0.00147361	0.00147857	0.00153306	0.00159638	0.000878332	1.74358e-05	
N0.HOG0008058	2.72035e-05	2.77896e-05	3.49152e-05	5.99022e-05	6.35644e-05	3.65643e-06	
N0.HOG0008059	1.71223e-10	2.0933e-10	9.24616e-10	1.00493e-08	5.89203e-08	1.88357e-08	
N0.HOG0008060	0.00147369	0.00150284	0.00184674	0.00284409	0.00218856	5.81642e-05	
N0.HOG0008061	0.0798274	0.0793239	0.073089	0.0480218	0.0108988	5.62191e-05	
N0.HOG0008062	0.0798274	0.0793239	0.073089	0.0480218	0.0108988	5.62191e-05	
N0.HOG0008063	9.51267e-09	8.1898e-08	1.22178e-06	1.06285e-05	3.61865e-05	6.32866e-06	
N0.HOG0008064	2.72037e-05	2.78387e-05	3.5755e-05	6.74644e-05	8.75904e-05	6.49154e-06	
N0.HOG0008065	0.0798274	0.0793239	0.073089	0.0480218	0.0108988	5.62191e-05	
N0.HOG0008066	5.02166e-07	5.15263e-07	6.84651e-07	1.51484e-06	3.03167e-06	5.62033e-07	
N0.HOG0008067	9.27115e-09	9.96742e-09	2.22326e-08	2.19064e-07	2.83958e-06	3.02465e-06	
N0.HOG0008069	0.0798274	0.0793239	0.073089	0.0480218	0.0108988	5.62191e-05	
N0.HOG0008070	1.99962e-15	6.07017e-13	1.27225e-11	2.68136e-10	5.2844e-09	1.1411e-08	
N0.HOG0008071	7.23679e-17	1.86467e-13	5.25395e-11	6.81197e-09	4.38607e-07	5.34381e-06	
N0.HOG0008076	0.00147369	0.00150284	0.00184674	0.00284409	0.00218856	5.81642e-05	
N0.HOG0008078	5.02172e-07	5.17045e-07	7.19912e-07	1.94415e-06	4.94208e-06	7.56309e-07	
N0.HOG0008079	0.00147357	0.0014678	0.00139453	0.00106011	0.000361979	4.56087e-06	
N0.HOG0008080	5.02201e-07	5.25754e-07	8.73286e-07	3.64604e-06	1.53924e-05	5.62729e-06	
N0.HOG0008081	0.00147358	0.0014698	0.00142017	0.00115864	0.000454567	6.69617e-06	
N0.HOG0008082	0.00147358	0.0014694	0.00141509	0.00113912	0.000436192	6.27445e-06	
N0.HOG0008083	2.72024e-05	2.74619e-05	3.0732e-05	4.4291e-05	4.99927e-05	3.33035e-06	
N0.HOG0008084	2.72053e-05	2.83155e-05	4.14228e-05	7.99462e-05	6.37695e-05	1.44526e-06	
N0.HOG0008085	5.02201e-07	5.2572e-07	8.72505e-07	3.62643e-06	1.50458e-05	5.1573e-06	
N0.HOG0008086	2.72037e-05	2.78387e-05	3.5755e-05	6.74644e-05	8.75904e-05	6.49154e-06	
N0.HOG0008087	0.00147368	0.00149809	0.00178514	0.00259529	0.00191527	4.87343e-05	
N0.HOG0008088	9.80335e-09	1.66371e-07	2.28386e-06	1.40141e-05	3.31705e-05	3.45054e-06	
N0.HOG0008089	0.0798274	0.0793239	0.073089	0.0480218	0.0108988	5.62191e-05	
N0.HOG0008090	0.00147369	0.00150284	0.00184674	0.00284409	0.00218856	5.81642e-05	
N0.HOG0008091	0.0798274	0.0793239	0.073089	0.0480218	0.0108988	5.62191e-05	
N0.HOG0008092	0.0798274	0.0793239	0.073089	0.0480218	0.0108988	5.62191e-05	
N0.HOG0008093	0.0798274	0.0793239	0.073089	0.0480218	0.0108988	5.62191e-05	
N0.HOG0008094	0.00147361	0.00147831	0.00152904	0.00156859	0.00081217	1.2892e-05	
N0.HOG0008095	0.0798274	0.0793239	0.073089	0.0480218	0.0108988	5.62191e-05	
N0.HOG0008096	0.00147361	0.00147857	0.00153306	0.00159638	0.000878332	1.74358e-05	
N0.HOG0008097	0.00147358	0.0014694	0.00141509	0.00113912	0.000436192	6.27445e-06	
N0.HOG0008098	0.0798274	0.0793239	0.073089	0.0480218	0.0108988	5.62191e-05	
N0.HOG0008099	0.00147358	0.0014694	0.00141509	0.00113912	0.000436192	6.27445e-06	
N0.HOG0008100	0.0798274	0.0793239	0.073089	0.0480218	0.0108988	5.62191e-05	
N0.HOG0008101	0.00147369	0.00150284	0.00184674	0.00284409	0.00218856	5.81642e-05	
N0.HOG0008102	5.02174e-07	5.17638e-07	7.26308e-07	1.9365e-06	4.9318e-06	1.09039e-06	
N0.HOG0008103	9.27064e-09	9.81049e-09	1.85762e-08	1.28668e-07	1.37502e-06	1.70851e-06	
N0.HOG0008104	0.0798274	0.0793239	0.073089	0.0480218	0.0108988	5.62191e-05	
N0.HOG0008105	0.0798274	0.0793239	0.073089	0.0480218	0.0108988	5.62191e-05	
N0.HOG0008106	0.0798274	0.0793239	0.073089	0.0480218	0.0108988	5.62191e-05	
N0.HOG0008107	2.72021e-05	2.73594e-05	2.92513e-05	3.5244e-05	2.91756e-05	1.41477e-06	
N0.HOG0008108	0.00147357	0.00146681	0.00138185	0.00101143	0.000316545	3.53415e-06	
N0.HOG0008109	9.26984e-09	9.56632e-09	1.36498e-08	4.07562e-08	1.56395e-07	8.78332e-08	
N0.HOG0008110	2.72034e-05	2.77444e-05	3.4414e-05	5.92329e-05	6.32255e-05	2.52374e-06	
N0.HOG0008111	0.00147369	0.00150284	0.00184674	0.00284409	0.00218856	5.81642e-05	
N0.HOG0008112	0.00147369	0.00150284	0.00184674	0.00284409	0.00218856	5.81642e-05	
N0.HOG0008113	3.89038e-11	1.18764e-08	2.59774e-07	4.80776e-06	3.77141e-05	8.51719e-06	
N0.HOG0008116	2.72034e-05	2.77489e-05	3.45314e-05	6.12314e-05	7.49267e-05	4.98484e-06	
N0.HOG0008117	3.71749e-17	1.15086e-14	3.00538e-13	1.24188e-11	7.31021e-10	9.6809e-09	
N0.HOG0008118	0.0798274	0.0793239	0.073089	0.0480218	0.0108988	5.62191e-05	
N0.HOG0008119	5.02136e-07	5.06257e-07	5.5854e-07	7.88904e-07	1.02434e-06	1.25532e-07	
N0.HOG0008120	0.00147369	0.00150284	0.00184674	0.00284409	0.00218856	5.81642e-05	
N0.HOG0008121	6.1672e-14	1.09319e-12	2.43398e-11	6.25981e-10	1.23089e-08	2.4723e-08	
N0.HOG0008122	5.02169e-07	5.16002e-07	7.0208e-07	1.76709e-06	4.31596e-06	9.13614e-07	
N0.HOG0008123	0.00147369	0.00150284	0.00184674	0.00284409	0.00218856	5.81642e-05	
N0.HOG0008124	2.72037e-05	2.78387e-05	3.5755e-05	6.74644e-05	8.75904e-05	6.49154e-06	
N0.HOG0008126	0.00147357	0.0014678	0.00139453	0.00106011	0.000361979	4.56087e-06	
N0.HOG0008127	5.83136e-14	6.22407e-14	1.31069e-13	1.42113e-12	4.24502e-11	4.03118e-10	
N0.HOG0008128	0.00147368	0.00149809	0.00178514	0.00259529	0.00191527	4.87343e-05	
N0.HOG0008129	2.72037e-05	2.78387e-05	3.5755e-05	6.74644e-05	8.75904e-05	6.49154e-06	
N0.HOG0008130	0.00147358	0.00147125	0.00143885	0.00123069	0.000522969	8.34011e-06	
N0.HOG0008131	0.00147368	0.00149809	0.00178514	0.00259529	0.00191527	4.87343e-05	
N0.HOG0008132	0.0798274	0.0793239	0.073089	0.0480218	0.0108988	5.62191e-05	
N0.HOG0008133	0.0798274	0.0793239	0.073089	0.0480218	0.0108988	5.62191e-05	
N0.HOG0008134	0.00147369	0.00150284	0.00184674	0.00284409	0.00218856	5.81642e-05	
N0.HOG0008135	2.72043e-05	2.80125e-05	3.87357e-05	9.45458e-05	0.000176375	1.80391e-05	
N0.HOG0008136	9.27274e-09	1.04506e-08	3.26995e-08	4.04983e-07	4.05687e-06	3.02063e-06	
N0.HOG0008137	2.72043e-05	2.80125e-05	3.87357e-05	9.45458e-05	0.000176375	1.80391e-05	
N0.HOG0008138	0.0798274	0.0793239	0.073089	0.0480218	0.0108988	5.62191e-05	
N0.HOG0008139	0.0798274	0.0793239	0.073089	0.0480218	0.0108988	5.62191e-05	
N0.HOG0008140	0.00147361	0.00147857	0.00153306	0.00159638	0.000878332	1.74358e-05	
N0.HOG0008141	1.71143e-10	1.85103e-10	4.44161e-10	5.82015e-09	1.33354e-07	3.82221e-07	
N0.HOG0008142	0.00147357	0.00146681	0.00138185	0.00101143	0.000316545	3.53415e-06	
N0.HOG0008143	0.0798274	0.0793239	0.073089	0.0480218	0.0108988	5.62191e-05	
N0.HOG0008144	0.0798274	0.0793239	0.073089	0.0480218	0.0108988	5.62191e-05	
N0.HOG0008145	2.72037e-05	2.78369e-05	3.57231e-05	6.71016e-05	8.56179e-05	5.94996e-06	
N0.HOG0008146	5.02212e-07	5.28941e-07	9.43611e-07	5.02064e-06	2.86557e-05	1.1517e-05	
N0.HOG0008147	0.0798274	0.0793239	0.073089	0.0480218	0.0108988	5.62191e-05	
N0.HOG0008148	0.0798274	0.0793239	0.073089	0.0480218	0.0108988	5.62191e-05	
N0.HOG0008149	0.00147369	0.00150284	0.00184674	0.00284409	0.00218856	5.81642e-05	
N0.HOG0008150	0.00147368	0.00149809	0.00178514	0.00259529	0.00191527	4.87343e-05	
N0.HOG0008151	9.27042e-09	9.74172e-09	1.69685e-08	8.79696e-08	6.41987e-07	6.70263e-07	
N0.HOG0008152	0.0798274	0.0793239	0.073089	0.0480218	0.0108988	5.62191e-05	
N0.HOG0008153	0.0798274	0.0793239	0.073089	0.0480218	0.0108988	5.62191e-05	
N0.HOG0008154	2.72037e-05	2.78387e-05	3.5755e-05	6.74644e-05	8.75904e-05	6.49154e-06	
N0.HOG0008155	1.75602e-10	1.52231e-09	2.45591e-08	2.81024e-07	1.72462e-06	8.99654e-07	
N0.HOG0008156	0.00147369	0.00150284	0.00184674	0.00284409	0.00218856	5.81642e-05	
N0.HOG0008157	9.26992e-09	9.59135e-09	1.41126e-08	4.67228e-08	2.05695e-07	1.29875e-07	
N0.HOG0008158	0.00147369	0.00150284	0.00184674	0.00284409	0.00218856	5.81642e-05	
N0.HOG0008159	0.00147357	0.00146681	0.00138185	0.00101143	0.000316545	3.53415e-06	
N0.HOG0008160	0.00147369	0.00150284	0.00184674	0.00284409	0.00218856	5.81642e-05	
N0.HOG0008161	0.00147358	0.0014694	0.00141509	0.00113912	0.000436192	6.27445e-06	
N0.HOG0008162	5.02163e-07	5.14195e-07	6.71568e-07	1.48535e-06	3.19704e-06	6.47849e-07	
N0.HOG0008163	2.72019e-05	2.73223e-05	2.87453e-05	3.26974e-05	2.45599e-05	1.05392e-06	
N0.HOG0008164	2.72034e-05	2.77444e-05	3.4414e-05	5.92329e-05	6.32255e-05	2.52374e-06	
N0.HOG0008165	2.72058e-05	2.84555e-05	4.62387e-05	0.000158166	0.00033675	2.35199e-05	
N0.HOG0008166	9.27038e-09	9.72849e-09	1.66622e-08	8.04881e-08	5.11225e-07	4.56523e-07	
N0.HOG0008167	2.72015e-05	2.71897e-05	2.69998e-05	2.51466e-05	1.44871e-05	5.09025e-07	
N0.HOG0008168	0.0798274	0.0793239	0.073089	0.0480218	0.0108988	5.62191e-05	
N0.HOG0008169	1.07711e-15	1.36158e-15	8.79845e-15	3.33449e-13	1.69899e-11	1.75097e-10	
N0.HOG0008170	0.0798274	0.0793239	0.073089	0.0480218	0.0108988	5.62191e-05	
N0.HOG0008171	0.00147369	0.00150284	0.00184674	0.00284409	0.00218856	5.81642e-05	
N0.HOG0008172	0.00147357	0.0014678	0.00139453	0.00106011	0.000361979	4.56087e-06	
N0.HOG0008173	0.00147358	0.0014694	0.00141509	0.00113912	0.000436192	6.27445e-06	
N0.HOG0008174	5.02288e-07	5.5161e-07	1.29416e-06	6.83803e-06	2.02028e-05	2.91961e-06	
N0.HOG0008175	2.72037e-05	2.78521e-05	3.59852e-05	6.95409e-05	9.42333e-05	7.2929e-06	
N0.HOG0008176	0.00147358	0.0014694	0.00141509	0.00113912	0.000436192	6.27445e-06	
N0.HOG0008177	0.00147361	0.00147857	0.00153306	0.00159638	0.000878332	1.74358e-05	
N0.HOG0008178	0.00147357	0.0014678	0.00139453	0.00106011	0.000361979	4.56087e-06	
N0.HOG0008179	2.72055e-05	2.83822e-05	4.5105e-05	0.000153706	0.000384599	5.04204e-05	
N0.HOG0008180	0.0798274	0.0793239	0.073089	0.0480218	0.0108988	5.62191e-05	
N0.HOG0008181	0.00147369	0.00150211	0.00183197	0.00268218	0.00169918	2.34139e-05	
N0.HOG0008182	0.0798274	0.0793239	0.073089	0.0480218	0.0108988	5.62191e-05	
N0.HOG0008183	2.72037e-05	2.78387e-05	3.5755e-05	6.74644e-05	8.75904e-05	6.49154e-06	
N0.HOG0008184	2.72034e-05	2.77582e-05	3.46863e-05	6.26177e-05	7.9882e-05	5.80471e-06	
N0.HOG0008185	0.00147358	0.0014698	0.00142017	0.00115864	0.000454567	6.69617e-06	
N0.HOG0008186	0.0798274	0.0793239	0.073089	0.0480218	0.0108988	5.62191e-05	
N0.HOG0008187	1.1207e-11	3.41074e-09	7.67651e-08	1.66336e-06	2.32144e-05	4.1147e-05	
N0.HOG0008188	2.72022e-05	2.73966e-05	2.97882e-05	3.85167e-05	3.66334e-05	2.07676e-06	
N0.HOG0008189	2.72033e-05	2.77205e-05	3.40603e-05	5.72922e-05	6.36113e-05	3.95365e-06	
N0.HOG0008190	2.72043e-05	2.80125e-05	3.87357e-05	9.45458e-05	0.000176375	1.80391e-05	
N0.HOG0008191	0.00147357	0.00146681	0.00138185	0.00101143	0.000316545	3.53415e-06	
N0.HOG0008192	9.26995e-09	9.59995e-09	1.42708e-08	4.86935e-08	2.20589e-07	1.42211e-07	
N0.HOG0008193	9.27274e-09	1.04506e-08	3.26995e-08	4.04983e-07	4.05687e-06	3.02063e-06	
N0.HOG0008194	0.00147369	0.00150284	0.00184674	0.00284409	0.00218856	5.81642e-05	
N0.HOG0008195	2.72016e-05	2.72239e-05	2.74532e-05	2.71682e-05	1.73692e-05	6.76605e-07	
N0.HOG0008196	0.00147368	0.00149809	0.00178514	0.00259529	0.00191527	4.87343e-05	
N0.HOG0008197	5.02201e-07	5.2572e-07	8.72505e-07	3.62643e-06	1.50458e-05	5.1573e-06	
N0.HOG0008198	0.0798274	0.0793239	0.073089	0.0480218	0.0108988	5.62191e-05	
N0.HOG0008199	0.00147368	0.00149809	0.00178514	0.00259529	0.00191527	4.87343e-05	
N0.HOG0008200	5.02137e-07	5.06776e-07	5.65833e-07	8.31522e-07	1.14137e-06	1.44717e-07	
N0.HOG0008201	9.2698e-09	9.55489e-09	1.341e-08	3.64953e-08	1.0327e-07	2.49529e-08	
N0.HOG0008202	2.72034e-05	2.77507e-05	3.45624e-05	6.15624e-05	7.66529e-05	5.4391e-06	
N0.HOG0008203	0.0798274	0.0793239	0.073089	0.0480218	0.0108988	5.62191e-05	
N0.HOG0008204	2.72055e-05	2.83684e-05	4.47444e-05	0.000144955	0.000298601	2.02967e-05	
N0.HOG0008205	9.2716e-09	1.00877e-08	2.15954e-08	1.01483e-07	3.8642e-07	1.24417e-07	
N0.HOG0008206	5.02171e-07	5.16703e-07	7.14439e-07	1.90472e-06	5.12708e-06	1.22673e-06	
N0.HOG0008207	0.00147368	0.00149809	0.00178514	0.00259529	0.00191527	4.87343e-05	
N0.HOG0008208	0.0798274	0.0793239	0.073089	0.0480218	0.0108988	5.62191e-05	
N0.HOG0008209	0.00147358	0.0014694	0.00141509	0.00113912	0.000436192	6.27445e-06	
N0.HOG0008210	0.00147357	0.0014678	0.00139453	0.00106011	0.000361979	4.56087e-06	
N0.HOG0008211	0.00147368	0.00149809	0.00178514	0.00259529	0.00191527	4.87343e-05	
N0.HOG0008212	2.72037e-05	2.78387e-05	3.5755e-05	6.74644e-05	8.75904e-05	6.49154e-06	
N0.HOG0008213	0.00147369	0.00150284	0.00184674	0.00284409	0.00218856	5.81642e-05	
N0.HOG0008214	2.72055e-05	2.83822e-05	4.5105e-05	0.000153706	0.000384599	5.04204e-05	
N0.HOG0008216	9.27111e-09	9.95264e-09	2.17715e-08	1.95091e-07	1.95353e-06	1.05584e-06	
N0.HOG0008217	0.0798274	0.0793239	0.073089	0.0480218	0.0108988	5.62191e-05	
N0.HOG0008219	1.71126e-10	1.79811e-10	3.12701e-10	1.60722e-09	1.18314e-08	1.29151e-08	
N0.HOG0008220	2.72043e-05	2.80125e-05	3.87357e-05	9.45458e-05	0.000176375	1.80391e-05	
N0.HOG0008221	2.72012e-05	2.7122e-05	2.61048e-05	2.11729e-05	8.90515e-06	2.00881e-07	
N0.HOG0008222	0.0798274	0.0793239	0.073089	0.0480218	0.0108988	5.62191e-05	
N0.HOG0008223	5.02178e-07	5.18813e-07	7.48006e-07	2.20366e-06	6.52716e-06	1.48861e-06	
N0.HOG0008224	0.0798274	0.0793239	0.073089	0.0480218	0.0108988	5.62191e-05	
N0.HOG0008225	0.0798274	0.0793239	0.073089	0.0480218	0.0108988	5.62191e-05	
N0.HOG0008226	0.0798274	0.0793239	0.073089	0.0480218	0.0108988	5.62191e-05	
N0.HOG0008227	0.0798274	0.0793239	0.073089	0.0480218	0.0108988	5.62191e-05	
N0.HOG0008228	1.71126e-10	1.79837e-10	3.13583e-10	1.64601e-09	1.31316e-08	2.01079e-08	
N0.HOG0008229	2.72022e-05	2.73976e-05	2.97947e-05	3.83534e-05	3.4969e-05	1.61511e-06	
N0.HOG0008230	0.00147361	0.00147831	0.00152904	0.00156859	0.00081217	1.2892e-05	
N0.HOG0008231	9.2718e-09	1.01384e-08	2.11054e-08	6.91273e-08	1.28281e-07	1.67313e-08	
N0.HOG0008232	2.7204e-05	2.79239e-05	3.74436e-05	8.62748e-05	0.000154351	1.51184e-05	
N0.HOG0008233	1.71131e-10	1.81385e-10	3.50756e-10	2.72175e-09	4.29406e-08	1.51171e-07	
N0.HOG0008234	0.00147369	0.00150284	0.00184674	0.00284409	0.00218856	5.81642e-05	
N0.HOG0008235	2.72035e-05	2.77695e-05	3.45698e-05	5.68035e-05	5.38413e-05	2.56182e-06	
N0.HOG0008236	0.0798274	0.0793239	0.073089	0.0480218	0.0108988	5.62191e-05	
N0.HOG0008237	5.02178e-07	5.18813e-07	7.48006e-07	2.20366e-06	6.52716e-06	1.48861e-06	
N0.HOG0008238	0.00147368	0.00149809	0.00178514	0.00259529	0.00191527	4.87343e-05	
N0.HOG0008239	0.00147369	0.00150284	0.00184674	0.00284409	0.00218856	5.81642e-05	
N0.HOG0008240	2.72037e-05	2.78387e-05	3.5755e-05	6.74644e-05	8.75904e-05	6.49154e-06	
N0.HOG0008241	0.00147368	0.00149809	0.00178514	0.00259529	0.00191527	4.87343e-05	
N0.HOG0008242	0.00147359	0.0014733	0.00146512	0.00133226	0.000620288	1.07329e-05	
N0.HOG0008243	2.72055e-05	2.83822e-05	4.5105e-05	0.000153706	0.000384599	5.04204e-05	
N0.HOG0008244	3.1587e-12	3.27075e-12	4.86484e-12	1.72631e-11	1.00249e-10	1.47332e-10	
N0.HOG0008245	0.00147357	0.0014678	0.00139453	0.00106011	0.000361979	4.56087e-06	
N0.HOG0008246	0.00147361	0.00147831	0.00152904	0.00156859	0.00081217	1.2892e-05	
N0.HOG0008247	0.00147361	0.00147857	0.00153306	0.00159638	0.000878332	1.74358e-05	
N0.HOG0008248	0.00147369	0.00150284	0.00184674	0.00284409	0.00218856	5.81642e-05	
N0.HOG0008249	0.00147358	0.00146931	0.00141382	0.00113299	0.000426369	5.75099e-06	
N0.HOG0008250	0.00147369	0.00150284	0.00184674	0.00284409	0.00218856	5.81642e-05	
N0.HOG0008251	2.72021e-05	2.73594e-05	2.92513e-05	3.5244e-05	2.91756e-05	1.41477e-06	
N0.HOG0008252	0.0798274	0.0793239	0.073089	0.0480218	0.0108988	5.62191e-05	
N0.HOG0008253	0.0798274	0.0793239	0.073089	0.0480218	0.0108988	5.62191e-05	
N0.HOG0008254	0.0798274	0.0793239	0.073089	0.0480218	0.0108988	5.62191e-05	
N0.HOG0008257	2.5588e-17	7.90165e-15	1.9963e-13	6.94924e-12	2.53756e-10	1.50804e-09	
N0.HOG0008258	9.27049e-09	9.76491e-09	1.75057e-08	1.01151e-07	8.76035e-07	1.07435e-06	
N0.HOG0008259	5.02173e-07	5.17265e-07	7.24952e-07	2.04651e-06	6.17744e-06	1.68733e-06	
N0.HOG0008264	9.2692e-09	9.37975e-09	1.08043e-08	1.74744e-08	2.55163e-08	3.23584e-09	
N0.HOG0008265	0.00147369	0.00150211	0.00183197	0.00268218	0.00169918	2.34139e-05	
N0.HOG0008266	0.0798274	0.0793239	0.073089	0.0480218	0.0108988	5.62191e-05	
N0.HOG0008267	0.00147369	0.00150284	0.00184674	0.00284409	0.00218856	5.81642e-05	
N0.HOG0008268	5.02142e-07	5.08136e-07	5.8642e-07	9.87098e-07	1.75782e-06	3.0809e-07	
N0.HOG0008269	5.02126e-07	5.0346e-07	5.19851e-07	5.78869e-07	5.28389e-07	4.6981e-08	
N0.HOG0008270	0.00147358	0.0014694	0.00141509	0.00113912	0.000436192	6.27445e-06	
N0.HOG0008271	5.0217e-07	5.16391e-07	7.03237e-07	1.64851e-06	3.06078e-06	3.68978e-07	
N0.HOG0008272	0.00147361	0.00147831	0.00152904	0.00156859	0.00081217	1.2892e-05	
N0.HOG0008273	0.0798274	0.0793239	0.073089	0.0480218	0.0108988	5.62191e-05	
N0.HOG0008274	6.07072e-10	1.80599e-07	3.143e-06	3.07779e-05	0.0001321	4.73894e-05	
N0.HOG0008275	0.00147368	0.00149809	0.00178514	0.00259529	0.00191527	4.87343e-05	
N0.HOG0008276	2.7202e-05	2.73545e-05	2.9174e-05	3.46273e-05	2.69743e-05	1.04573e-06	
N0.HOG0008277	5.02123e-07	5.02411e-07	5.05419e-07	5.02239e-07	3.56402e-07	2.24198e-08	
N0.HOG0008278	0.00147369	0.00150284	0.00184674	0.00284409	0.00218856	5.81642e-05	
N0.HOG0008279	5.02265e-07	5.44327e-07	1.1085e-06	4.1329e-06	8.567e-06	7.72311e-07	
N0.HOG0008280	5.02204e-07	5.26416e-07	8.87952e-07	3.93914e-06	1.84546e-05	7.4799e-06	
N0.HOG0008282	5.02136e-07	5.06257e-07	5.5854e-07	7.88904e-07	1.02434e-06	1.25532e-07	
N0.HOG0008283	0.00147361	0.00147857	0.00153306	0.00159638	0.000878332	1.74358e-05	
N0.HOG0008284	0.0798274	0.0793239	0.073089	0.0480218	0.0108988	5.62191e-05	
N0.HOG0008285	9.26987e-09	9.57635e-09	1.38021e-08	4.10131e-08	1.338e-07	4.79996e-08	
N0.HOG0008286	5.02174e-07	5.17532e-07	7.23386e-07	1.85786e-06	4.02858e-06	5.91751e-07	
N0.HOG0008287	0.0798274	0.0793239	0.073089	0.0480218	0.0108988	5.62191e-05	
N0.HOG0008288	0.0798274	0.0793239	0.073089	0.0480218	0.0108988	5.62191e-05	
N0.HOG0008289	2.72036e-05	2.78084e-05	3.52356e-05	6.27848e-05	7.26879e-05	4.71866e-06	
N0.HOG0008290	0.00147357	0.00146774	0.00139369	0.00105657	0.000357719	4.41484e-06	
N0.HOG0008291	0.00147358	0.0014694	0.00141509	0.00113912	0.000436192	6.27445e-06	
N0.HOG0008292	1.51166e-14	4.56431e-12	8.93235e-11	1.38261e-09	1.31434e-08	6.73463e-09	
N0.HOG0008293	0.0798274	0.0793239	0.073089	0.0480218	0.0108988	5.62191e-05	
N0.HOG0008294	1.75605e-10	1.5314e-09	2.65114e-08	3.87195e-07	3.33238e-06	2.34253e-06	
N0.HOG0008296	9.2706e-09	9.79815e-09	1.82694e-08	1.19094e-07	1.14686e-06	1.28537e-06	
N0.HOG0008297	5.02169e-07	5.16002e-07	7.0208e-07	1.76709e-06	4.31596e-06	9.13614e-07	
N0.HOG0008298	0.00147369	0.00150284	0.00184674	0.00284409	0.00218856	5.81642e-05	
N0.HOG0008300	2.72019e-05	2.73258e-05	2.88429e-05	3.41428e-05	2.97639e-05	1.59222e-06	
N0.HOG0008301	0.00147368	0.00149809	0.00178514	0.00259529	0.00191527	4.87343e-05	
N0.HOG0008302	0.00147358	0.0014694	0.00141509	0.00113912	0.000436192	6.27445e-06	
N0.HOG0008303	5.02131e-07	5.05019e-07	5.4105e-07	6.8532e-07	7.3377e-07	6.86703e-08	
N0.HOG0008304	5.02169e-07	5.15935e-07	6.96716e-07	1.64957e-06	3.77141e-06	8.1394e-07	
N0.HOG0008305	0.0798274	0.0793239	0.073089	0.0480218	0.0108988	5.62191e-05	
N0.HOG0008306	0.0798274	0.0793239	0.073089	0.0480218	0.0108988	5.62191e-05	
N0.HOG0008308	2.72021e-05	2.73826e-05	2.95776e-05	3.70082e-05	3.17729e-05	1.31996e-06	
N0.HOG0008310	9.80306e-09	1.64928e-07	2.03824e-06	8.4197e-06	1.01258e-05	4.90023e-07	
N0.HOG0008311	0.00147368	0.00149809	0.00178514	0.00259529	0.00191527	4.87343e-05	
N0.HOG0008312	9.27053e-09	9.77596e-09	1.77395e-08	1.04656e-07	8.66674e-07	9.45223e-07	
N0.HOG0008313	1.71163e-10	1.91117e-10	5.4565e-10	6.01035e-09	7.75959e-08	1.28721e-07	
N0.HOG0008314	2.72022e-05	2.73892e-05	2.96818e-05	3.78676e-05	3.51526e-05	1.94596e-06	
N0.HOG0008315	0.0798274	0.0793239	0.073089	0.0480218	0.0108988	5.62191e-05	
N0.HOG0008316	0.00147368	0.00149809	0.00178514	0.00259529	0.00191527	4.87343e-05	
N0.HOG0008317	2.72033e-05	2.77205e-05	3.40603e-05	5.72922e-05	6.36113e-05	3.95365e-06	
N0.HOG0008318	5.0214e-07	5.07497e-07	5.76735e-07	9.13649e-07	1.46614e-06	2.31782e-07	
N0.HOG0008319	0.0798274	0.0793239	0.073089	0.0480218	0.0108988	5.62191e-05	
N0.HOG0008320	0.00147356	0.00146575	0.00136818	0.000959113	0.000268125	2.47615e-06	
N0.HOG0008321	2.72011e-05	2.70846e-05	2.56177e-05	1.91809e-05	6.62313e-06	1.09856e-07	
N0.HOG0008322	2.72015e-05	2.72056e-05	2.72035e-05	2.59209e-05	1.51891e-05	5.24294e-07	
N0.HOG0008323	0.00147357	0.0014678	0.00139453	0.00106011	0.000361979	4.56087e-06	
N0.HOG0008324	5.02136e-07	5.06257e-07	5.5854e-07	7.88904e-07	1.02434e-06	1.25532e-07	
N0.HOG0008325	0.0798274	0.0793239	0.073089	0.0480218	0.0108988	5.62191e-05	
N0.HOG0008326	5.0214e-07	5.07497e-07	5.76735e-07	9.13649e-07	1.46614e-06	2.31782e-07	
N0.HOG0008328	0.00147361	0.00147831	0.00152904	0.00156859	0.00081217	1.2892e-05	
N0.HOG0008329	9.26924e-09	9.39101e-09	1.10004e-08	1.97778e-08	4.22669e-08	1.25845e-08	
N0.HOG0008330	0.0798274	0.0793239	0.073089	0.0480218	0.0108988	5.62191e-05	
N0.HOG0008332	0.0798274	0.0793239	0.073089	0.0480218	0.0108988	5.62191e-05	
N0.HOG0008333	0.00147358	0.0014698	0.00142017	0.00115864	0.000454567	6.69617e-06	
N0.HOG0008334	2.72013e-05	2.71516e-05	2.64896e-05	2.2751e-05	1.07309e-05	2.76356e-07	
N0.HOG0008335	0.00147369	0.00150284	0.00184674	0.00284409	0.00218856	5.81642e-05	
N0.HOG0008336	2.72034e-05	2.77582e-05	3.46863e-05	6.26177e-05	7.9882e-05	5.80471e-06	
N0.HOG0008337	0.0798274	0.0793239	0.073089	0.0480218	0.0108988	5.62191e-05	
N0.HOG0008338	2.92389e-08	5.82524e-06	7.53725e-05	0.000303694	0.000338349	1.50376e-05	
N0.HOG0008340	0.00147369	0.00150284	0.00184674	0.00284409	0.00218856	5.81642e-05	
N0.HOG0008341	0.00147369	0.00150284	0.00184674	0.00284409	0.00218856	5.81642e-05	
N0.HOG0008342	0.00147358	0.0014694	0.00141509	0.00113912	0.000436192	6.27445e-06	
N0.HOG0008343	9.26995e-09	9.60006e-09	1.42719e-08	4.86468e-08	2.16784e-07	1.20748e-07	
N0.HOG0008344	5.02201e-07	5.25754e-07	8.73286e-07	3.64604e-06	1.53924e-05	5.62729e-06	
N0.HOG0008345	0.00147368	0.00149809	0.00178514	0.00259529	0.00191527	4.87343e-05	
N0.HOG0008346	0.00147368	0.00149809	0.00178514	0.00259529	0.00191527	4.87343e-05	
N0.HOG0008347	0.00147369	0.00150284	0.00184674	0.00284409	0.00218856	5.81642e-05	
N0.HOG0008348	1.14524e-15	2.19985e-14	4.29364e-13	8.31658e-12	1.6183e-10	8.41682e-10	
N0.HOG0008349	0.00147369	0.00150284	0.00184674	0.00284409	0.00218856	5.81642e-05	
N0.HOG0008350	0.00147358	0.0014694	0.00141509	0.00113912	0.000436192	6.27445e-06	
N0.HOG0008352	0.00147359	0.0014733	0.00146512	0.00133226	0.000620288	1.07329e-05	
N0.HOG0008353	0.0798274	0.0793239	0.073089	0.0480218	0.0108988	5.62191e-05	
N0.HOG0008354	5.02166e-07	5.15092e-07	6.81593e-07	1.4813e-06	2.8436e-06	4.82701e-07	
N0.HOG0008355	5.02133e-07	5.05548e-07	5.47566e-07	7.03908e-07	7.17756e-07	6.23128e-08	
N0.HOG0008356	0.0798274	0.0793239	0.073089	0.0480218	0.0108988	5.62191e-05	
N0.HOG0008357	3.1587e-12	3.27119e-12	4.93531e-12	2.12634e-11	2.23875e-10	6.33652e-10	
N0.HOG0008358	0.00147369	0.00150284	0.00184674	0.00284409	0.00218856	5.81642e-05	
N0.HOG0008359	2.72021e-05	2.73843e-05	2.96041e-05	3.72082e-05	3.25047e-05	1.43883e-06	
N0.HOG0008360	0.0798274	0.0793239	0.073089	0.0480218	0.0108988	5.62191e-05	
N0.HOG0008361	0.00147358	0.0014694	0.00141509	0.00113912	0.000436192	6.27445e-06	
N0.HOG0008362	0.0798274	0.0793239	0.073089	0.0480218	0.0108988	5.62191e-05	
N0.HOG0008363	2.72043e-05	2.80075e-05	3.86343e-05	9.28996e-05	0.000163089	1.33381e-05	
N0.HOG0008364	0.00147361	0.00147857	0.00153306	0.00159638	0.000878332	1.74358e-05	
N0.HOG0008365	2.72084e-05	2.92078e-05	5.29869e-05	0.000126527	0.000114964	3.368e-06	
N0.HOG0008366	0.0798274	0.0793239	0.073089	0.0480218	0.0108988	5.62191e-05	
N0.HOG0008367	2.72036e-05	2.78084e-05	3.52356e-05	6.27848e-05	7.26879e-05	4.71866e-06	
N0.HOG0008368	0.00147369	0.00150284	0.00184674	0.00284409	0.00218856	5.81642e-05	
N0.HOG0008369	2.06876e-13	6.31499e-11	1.47461e-09	3.72802e-08	7.26191e-07	1.87597e-06	
N0.HOG0008370	0.00147358	0.00147011	0.0014242	0.00117418	0.000469273	7.04902e-06	
N0.HOG0008371	0.00147369	0.00150284	0.00184674	0.00284409	0.00218856	5.81642e-05	
N0.HOG0008372	2.7202e-05	2.73545e-05	2.9174e-05	3.46273e-05	2.69743e-05	1.04573e-06	
N0.HOG0008373	0.0798274	0.0793239	0.073089	0.0480218	0.0108988	5.62191e-05	
N0.HOG0008375	0.0798274	0.0793239	0.073089	0.0480218	0.0108988	5.62191e-05	
N0.HOG0008376	0.0798274	0.0793239	0.073089	0.0480218	0.0108988	5.62191e-05	
N0.HOG0008377	0.0798274	0.0793239	0.073089	0.0480218	0.0108988	5.62191e-05	
N0.HOG0008378	0.0798274	0.0793239	0.073089	0.0480218	0.0108988	5.62191e-05	
N0.HOG0008379	0.00147358	0.00146931	0.00141382	0.00113299	0.000426369	5.75099e-06	
N0.HOG0008381	4.57266e-31	2.86249e-26	1.15592e-23	4.08089e-21	2.51345e-18	1.74268e-15	
N0.HOG0008382	0.0798274	0.0793239	0.073089	0.0480218	0.0108988	5.62191e-05	
N0.HOG0008383	2.36036e-25	2.14567e-20	8.06465e-18	2.26949e-15	9.02185e-13	2.48608e-10	
N0.HOG0008384	5.27925e-22	1.78933e-19	1.06064e-17	2.32772e-15	1.39344e-12	6.93966e-10	
N0.HOG0008388	2.72055e-05	2.83822e-05	4.5105e-05	0.000153706	0.000384599	5.04204e-05	
N0.HOG0008389	0.0798274	0.0793239	0.073089	0.0480218	0.0108988	5.62191e-05	
N0.HOG0008390	0.00147358	0.0014698	0.00142017	0.00115864	0.000454567	6.69617e-06	
N0.HOG0008392	0.00147369	0.00150284	0.00184674	0.00284409	0.00218856	5.81642e-05	
N0.HOG0008393	2.72013e-05	2.71504e-05	2.64723e-05	2.26582e-05	1.0532e-05	2.55144e-07	
N0.HOG0008394	2.72035e-05	2.77896e-05	3.49152e-05	5.99022e-05	6.35644e-05	3.65643e-06	
N0.HOG0008395	5.02169e-07	5.16002e-07	7.0208e-07	1.76709e-06	4.31596e-06	9.13614e-07	
N0.HOG0008396	0.00147369	0.00150284	0.00184674	0.00284409	0.00218856	5.81642e-05	
N0.HOG0008397	9.27404e-09	1.07979e-08	3.09831e-08	1.35517e-07	2.92944e-07	3.131e-08	
N0.HOG0008398	1.75602e-10	1.52231e-09	2.45591e-08	2.81024e-07	1.72462e-06	8.99654e-07	
N0.HOG0008399	5.02138e-07	5.06808e-07	5.6634e-07	8.36018e-07	1.16766e-06	1.57898e-07	
N0.HOG0008400	9.26961e-09	9.50033e-09	1.25517e-08	2.9325e-08	7.50911e-08	2.58334e-08	
N0.HOG0008401	2.72038e-05	2.78737e-05	3.63555e-05	7.28879e-05	0.000105016	8.62867e-06	
N0.HOG0008402	2.72016e-05	2.72266e-05	2.74961e-05	2.74841e-05	1.81927e-05	7.47342e-07	
N0.HOG0008404	5.02163e-07	5.14195e-07	6.71568e-07	1.48535e-06	3.19704e-06	6.47849e-07	
N0.HOG0008405	0.00147358	0.0014694	0.00141509	0.00113912	0.000436192	6.27445e-06	
N0.HOG0008406	2.72037e-05	2.78387e-05	3.5755e-05	6.74644e-05	8.75904e-05	6.49154e-06	
N0.HOG0008407	2.72055e-05	2.83822e-05	4.5105e-05	0.000153706	0.000384599	5.04204e-05	
N0.HOG0008408	5.83143e-14	6.24345e-14	1.36663e-13	1.75694e-12	8.04264e-11	1.70498e-09	
N0.HOG0008409	5.98424e-14	5.35793e-13	1.25487e-11	4.96087e-10	2.25812e-08	1.78102e-07	
N0.HOG0008410	0.00147369	0.00150284	0.00184674	0.00284409	0.00218856	5.81642e-05	
N0.HOG0008411	0.0798274	0.0793239	0.073089	0.0480218	0.0108988	5.62191e-05	
N0.HOG0008412	0.00147358	0.00146931	0.00141382	0.00113299	0.000426369	5.75099e-06	
N0.HOG0008413	0.00147361	0.00147857	0.00153306	0.00159638	0.000878332	1.74358e-05	
N0.HOG0008414	2.72013e-05	2.71499e-05	2.64659e-05	2.26286e-05	1.04892e-05	2.53298e-07	
N0.HOG0008415	0.0798274	0.0793239	0.073089	0.0480218	0.0108988	5.62191e-05	
N0.HOG0008416	1.20214e-15	2.47575e-13	4.06432e-11	1.2344e-09	1.20786e-08	1.47641e-08	
N0.HOG0008417	1.12062e-11	3.33717e-09	5.88493e-08	6.15513e-07	3.26309e-06	2.10246e-06	
N0.HOG0008418	2.72016e-05	2.72398e-05	2.76731e-05	2.833e-05	1.95724e-05	8.39598e-07	
N0.HOG0008419	0.0798274	0.0793239	0.073089	0.0480218	0.0108988	5.62191e-05	
N0.HOG0008420	9.512e-09	8.02422e-08	9.54442e-07	4.34147e-06	6.83913e-06	5.9226e-07	
N0.HOG0008421	9.512e-09	8.02422e-08	9.54442e-07	4.34147e-06	6.83913e-06	5.9226e-07	
N0.HOG0008422	0.0798274	0.0793239	0.073089	0.0480218	0.0108988	5.62191e-05	
N0.HOG0008423	5.02204e-07	5.26416e-07	8.87952e-07	3.93914e-06	1.84546e-05	7.4799e-06	
N0.HOG0008424	0.0798274	0.0793239	0.073089	0.0480218	0.0108988	5.62191e-05	
N0.HOG0008425	2.72015e-05	2.71863e-05	2.6941e-05	2.46121e-05	1.29182e-05	3.70015e-07	
N0.HOG0008426	0.0798274	0.0793239	0.073089	0.0480218	0.0108988	5.62191e-05	
N0.HOG0008427	0.0798274	0.0793239	0.073089	0.0480218	0.0108988	5.62191e-05	
N0.HOG0008428	0.0798274	0.0793239	0.073089	0.0480218	0.0108988	5.62191e-05	
N0.HOG0008429	0.0798274	0.0793239	0.073089	0.0480218	0.0108988	5.62191e-05	
N0.HOG0008430	9.26982e-09	9.56103e-09	1.36419e-08	4.26354e-08	1.8001e-07	1.08821e-07	
N0.HOG0008431	0.00147357	0.0014678	0.00139453	0.00106011	0.000361979	4.56087e-06	
N0.HOG0008432	5.02173e-07	5.17173e-07	7.23054e-07	2.01087e-06	5.71126e-06	1.24239e-06	
N0.HOG0008434	9.27057e-09	9.78924e-09	1.80517e-08	1.12807e-07	1.02955e-06	1.26918e-06	
N0.HOG0008435	9.26992e-09	9.59135e-09	1.41126e-08	4.67228e-08	2.05695e-07	1.29875e-07	
N0.HOG0008436	0.00147358	0.00147011	0.0014242	0.00117418	0.000469273	7.04902e-06	
N0.HOG0008437	2.72055e-05	2.83822e-05	4.5105e-05	0.000153706	0.000384599	5.04204e-05	
N0.HOG0008438	3.15905e-12	3.37578e-12	7.21099e-12	8.24793e-11	2.69325e-09	2.57142e-08	
N0.HOG0008439	0.00147361	0.00147857	0.00153306	0.00159638	0.000878332	1.74358e-05	
N0.HOG0008440	5.02131e-07	5.04976e-07	5.40905e-07	6.95308e-07	8.14735e-07	9.36809e-08	
N0.HOG0008441	0.00147358	0.00147011	0.0014242	0.00117418	0.000469273	7.04902e-06	
N0.HOG0008442	0.0798274	0.0793239	0.073089	0.0480218	0.0108988	5.62191e-05	
N0.HOG0008443	5.02178e-07	5.18813e-07	7.48006e-07	2.20366e-06	6.52716e-06	1.48861e-06	
N0.HOG0008444	0.00147369	0.00150284	0.00184674	0.00284409	0.00218856	5.81642e-05	
N0.HOG0008445	5.02171e-07	5.16703e-07	7.14439e-07	1.90472e-06	5.12708e-06	1.22673e-06	
N0.HOG0008446	0.00147368	0.00149809	0.00178514	0.00259529	0.00191527	4.87343e-05	
N0.HOG0008447	2.72036e-05	2.78084e-05	3.52356e-05	6.27848e-05	7.26879e-05	4.71866e-06	
N0.HOG0008448	9.26978e-09	9.5498e-09	1.34165e-08	3.86455e-08	1.28311e-07	4.93451e-08	
N0.HOG0008449	2.72035e-05	2.777e-05	3.45782e-05	5.68777e-05	5.40611e-05	2.58049e-06	
N0.HOG0008450	2.72043e-05	2.80075e-05	3.86343e-05	9.28996e-05	0.000163089	1.33381e-05	
N0.HOG0008451	1.0771e-15	1.36273e-15	9.45258e-15	4.83073e-13	3.50097e-11	2.88977e-10	
N0.HOG0008452	5.02166e-07	5.15092e-07	6.81593e-07	1.4813e-06	2.8436e-06	4.82701e-07	
N0.HOG0008453	0.0798274	0.0793239	0.073089	0.0480218	0.0108988	5.62191e-05	
N0.HOG0008454	5.02163e-07	5.14195e-07	6.71568e-07	1.48535e-06	3.19704e-06	6.47849e-07	
N0.HOG0008455	0.0798274	0.0793239	0.073089	0.0480218	0.0108988	5.62191e-05	
N0.HOG0008456	0.0798274	0.0793239	0.073089	0.0480218	0.0108988	5.62191e-05	
N0.HOG0008457	0.00147368	0.00149809	0.00178514	0.00259529	0.00191527	4.87343e-05	
N0.HOG0008458	5.02125e-07	5.03046e-07	5.13526e-07	5.32129e-07	3.76945e-07	2.09727e-08	
N0.HOG0008459	0.0798274	0.0793239	0.073089	0.0480218	0.0108988	5.62191e-05	
N0.HOG0008460	0.00147357	0.0014678	0.00139453	0.00106011	0.000361979	4.56087e-06	
N0.HOG0008461	0.00147358	0.00147011	0.0014242	0.00117418	0.000469273	7.04902e-06	
N0.HOG0008462	0.00147369	0.00150284	0.00184674	0.00284409	0.00218856	5.81642e-05	
N0.HOG0008463	0.00147369	0.00150284	0.00184674	0.00284409	0.00218856	5.81642e-05	
N0.HOG0008464	2.72034e-05	2.77507e-05	3.45624e-05	6.15624e-05	7.66529e-05	5.4391e-06	
N0.HOG0008465	5.83391e-14	7.00768e-14	3.22881e-13	7.57878e-12	2.85146e-10	2.98128e-09	
N0.HOG0008466	9.27053e-09	9.77596e-09	1.77395e-08	1.04656e-07	8.66674e-07	9.45223e-07	
N0.HOG0008467	5.0214e-07	5.07497e-07	5.76735e-07	9.13649e-07	1.46614e-06	2.31782e-07	
N0.HOG0008468	5.31061e-07	8.92565e-06	0.000108884	0.000421566	0.000411597	1.11256e-05	
N0.HOG0008470	2.72022e-05	2.73892e-05	2.96818e-05	3.78676e-05	3.51526e-05	1.94596e-06	
N0.HOG0008471	2.72036e-05	2.78084e-05	3.52356e-05	6.27848e-05	7.26879e-05	4.71866e-06	
N0.HOG0008472	3.15905e-12	3.37578e-12	7.21099e-12	8.24793e-11	2.69325e-09	2.57142e-08	
N0.HOG0008473	2.72037e-05	2.78387e-05	3.5755e-05	6.74644e-05	8.75904e-05	6.49154e-06	
N0.HOG0008475	2.72035e-05	2.777e-05	3.45782e-05	5.68777e-05	5.40611e-05	2.58049e-06	
N0.HOG0008476	0.00147369	0.00150211	0.00183197	0.00268218	0.00169918	2.34139e-05	
N0.HOG0008478	9.27064e-09	9.81049e-09	1.85762e-08	1.28668e-07	1.37502e-06	1.70851e-06	
N0.HOG0008479	2.72055e-05	2.83822e-05	4.5105e-05	0.000153706	0.000384599	5.04204e-05	
N0.HOG0008480	2.18767e-13	1.07261e-09	1.85312e-07	4.56205e-06	2.48437e-05	9.06543e-06	
N0.HOG0008481	0.00147369	0.00150284	0.00184674	0.00284409	0.00218856	5.81642e-05	
N0.HOG0008482	0.0798274	0.0793239	0.073089	0.0480218	0.0108988	5.62191e-05	
N0.HOG0008483	0.00147361	0.00147857	0.00153306	0.00159638	0.000878332	1.74358e-05	
N0.HOG0008484	9.27523e-09	1.11546e-08	3.74327e-08	2.14499e-07	8.1579e-07	1.91911e-07	
N0.HOG0008485	1.71127e-10	1.80111e-10	3.0314e-10	1.08638e-09	3.85992e-09	1.52912e-09	
N0.HOG0008487	0.00147361	0.00147857	0.00153306	0.00159638	0.000878332	1.74358e-05	
N0.HOG0008488	0.0798274	0.0793239	0.073089	0.0480218	0.0108988	5.62191e-05	
N0.HOG0008489	0.0798274	0.0793239	0.073089	0.0480218	0.0108988	5.62191e-05	
N0.HOG0008492	0.0798274	0.0793239	0.073089	0.0480218	0.0108988	5.62191e-05	
N0.HOG0008493	0.00147358	0.0014694	0.00141509	0.00113912	0.000436192	6.27445e-06	
N0.HOG0008497	0.0798274	0.0793239	0.073089	0.0480218	0.0108988	5.62191e-05	
N0.HOG0008499	9.26991e-09	9.5885e-09	1.40424e-08	4.48509e-08	1.74367e-07	8.93211e-08	
N0.HOG0008501	5.02212e-07	5.29036e-07	9.46087e-07	5.10962e-06	3.09948e-05	1.56415e-05	
N0.HOG0008502	0.0798274	0.0793239	0.073089	0.0480218	0.0108988	5.62191e-05	
N0.HOG0008503	0.0798274	0.0793239	0.073089	0.0480218	0.0108988	5.62191e-05	
N0.HOG0008504	5.02201e-07	5.25754e-07	8.73286e-07	3.64604e-06	1.53924e-05	5.62729e-06	
N0.HOG0008505	0.0798274	0.0793239	0.073089	0.0480218	0.0108988	5.62191e-05	
N0.HOG0008506	1.71117e-10	1.77207e-10	2.63534e-10	9.12442e-10	4.67192e-09	5.03837e-09	
N0.HOG0008507	5.02139e-07	5.07303e-07	5.73787e-07	8.90555e-07	1.36133e-06	1.91567e-07	
N0.HOG0008508	9.27024e-09	9.68687e-09	1.5843e-08	6.71027e-08	3.45134e-07	2.29407e-07	
N0.HOG0008509	9.27042e-09	9.74172e-09	1.69685e-08	8.79696e-08	6.41987e-07	6.70263e-07	
N0.HOG0008510	5.02171e-07	5.16703e-07	7.14439e-07	1.90472e-06	5.12708e-06	1.22673e-06	
N0.HOG0008511	0.0798274	0.0793239	0.073089	0.0480218	0.0108988	5.62191e-05	
N0.HOG0008512	5.02212e-07	5.29036e-07	9.46087e-07	5.10962e-06	3.09948e-05	1.56415e-05	
N0.HOG0008513	2.72043e-05	2.80125e-05	3.87357e-05	9.45458e-05	0.000176375	1.80391e-05	
N0.HOG0008514	2.72037e-05	2.78462e-05	3.58833e-05	6.86207e-05	9.12803e-05	6.92785e-06	
N0.HOG0008516	1.71171e-10	1.93639e-10	6.35372e-10	9.7712e-09	1.69204e-07	3.59786e-07	
N0.HOG0008518	9.27221e-09	1.02818e-08	2.71452e-08	2.27316e-07	1.62814e-06	9.05729e-07	
N0.HOG0008519	2.72035e-05	2.777e-05	3.45782e-05	5.68777e-05	5.40611e-05	2.58049e-06	
N0.HOG0008520	0.00147361	0.00147857	0.00153306	0.00159638	0.000878332	1.74358e-05	
N0.HOG0008521	2.72019e-05	2.73223e-05	2.87453e-05	3.26974e-05	2.45599e-05	1.05392e-06	
N0.HOG0008522	5.02494e-07	6.10638e-07	1.91041e-06	6.22165e-06	7.01367e-06	3.80255e-07	
N0.HOG0008523	0.00147358	0.0014694	0.00141509	0.00113912	0.000436192	6.27445e-06	
N0.HOG0008524	2.72015e-05	2.71885e-05	2.69835e-05	2.50629e-05	1.43166e-05	4.92728e-07	
N0.HOG0008525	9.27033e-09	9.71488e-09	1.63474e-08	7.28202e-08	3.78673e-07	2.47852e-07	
N0.HOG0008526	9.27416e-09	1.08386e-08	3.25625e-08	1.71588e-07	5.60722e-07	1.24202e-07	
N0.HOG0008528	9.26976e-09	9.54477e-09	1.32556e-08	3.59332e-08	1.21333e-07	6.2727e-08	
N0.HOG0008529	9.27069e-09	9.82588e-09	1.89655e-08	1.41764e-07	1.76415e-06	2.98768e-06	
N0.HOG0008531	0.0798274	0.0793239	0.073089	0.0480218	0.0108988	5.62191e-05	
N0.HOG0008532	5.02178e-07	5.18637e-07	7.50603e-07	2.39366e-06	8.78532e-06	2.88777e-06	
N0.HOG0008533	5.02202e-07	5.25895e-07	8.76419e-07	3.70853e-06	1.60409e-05	6.00554e-06	
N0.HOG0008535	0.00147368	0.00149809	0.00178514	0.00259529	0.00191527	4.87343e-05	
N0.HOG0008536	5.02197e-07	5.24455e-07	8.44543e-07	3.07389e-06	9.50026e-06	2.23693e-06	
N0.HOG0008538	2.72015e-05	2.71897e-05	2.69998e-05	2.51466e-05	1.44871e-05	5.09025e-07	
N0.HOG0008539	1.33544e-18	1.18193e-13	3.2515e-11	2.96586e-09	1.04343e-07	1.33386e-07	
N0.HOG0008540	2.72034e-05	2.77507e-05	3.45624e-05	6.15624e-05	7.66529e-05	5.4391e-06	
N0.HOG0008541	2.72055e-05	2.83822e-05	4.5105e-05	0.000153706	0.000384599	5.04204e-05	
N0.HOG0008543	0.0798274	0.0793239	0.073089	0.0480218	0.0108988	5.62191e-05	
N0.HOG0008544	5.02138e-07	5.06808e-07	5.6634e-07	8.36018e-07	1.16766e-06	1.57898e-07	
N0.HOG0008545	9.26993e-09	9.595e-09	1.41732e-08	4.71411e-08	2.04193e-07	1.26897e-07	
N0.HOG0008546	2.72037e-05	2.78387e-05	3.5755e-05	6.74644e-05	8.75904e-05	6.49154e-06	
N0.HOG0008547	2.72019e-05	2.73216e-05	2.87048e-05	3.19253e-05	2.16963e-05	7.7355e-07	
N0.HOG0008548	0.0798274	0.0793239	0.073089	0.0480218	0.0108988	5.62191e-05	
N0.HOG0008549	9.27468e-09	1.10165e-08	3.92243e-08	3.05673e-07	1.39698e-06	4.14248e-07	
N0.HOG0008550	0.00147357	0.00146681	0.00138185	0.00101143	0.000316545	3.53415e-06	
N0.HOG0008551	9.27202e-09	1.02208e-08	2.51463e-08	1.64984e-07	8.42619e-07	3.47755e-07	
N0.HOG0008552	0.0798274	0.0793239	0.073089	0.0480218	0.0108988	5.62191e-05	
N0.HOG0008553	2.72037e-05	2.78387e-05	3.5755e-05	6.74644e-05	8.75904e-05	6.49154e-06	
N0.HOG0008554	3.34077e-12	5.82117e-11	1.07555e-09	1.69872e-08	2.03357e-07	2.76501e-07	
N0.HOG0008555	0.0798274	0.0793239	0.073089	0.0480218	0.0108988	5.62191e-05	
N0.HOG0008556	3.15869e-12	3.26818e-12	4.88838e-12	2.05933e-11	2.22581e-10	9.65832e-10	
N0.HOG0008557	0.00147358	0.00147125	0.00143885	0.00123069	0.000522969	8.34011e-06	
N0.HOG0008559	2.72084e-05	2.92078e-05	5.29869e-05	0.000126527	0.000114964	3.368e-06	
N0.HOG0008560	9.27049e-09	9.76491e-09	1.75057e-08	1.01151e-07	8.76035e-07	1.07435e-06	
N0.HOG0008562	3.34102e-12	5.95279e-11	1.40943e-09	4.48555e-08	1.17053e-06	3.09552e-06	
N0.HOG0008563	2.72021e-05	2.73594e-05	2.92513e-05	3.5244e-05	2.91756e-05	1.41477e-06	
N0.HOG0008564	2.72037e-05	2.78521e-05	3.59852e-05	6.95409e-05	9.42333e-05	7.2929e-06	
N0.HOG0008565	0.00147369	0.00150284	0.00184674	0.00284409	0.00218856	5.81642e-05	
N0.HOG0008566	2.72017e-05	2.72636e-05	2.79789e-05	2.95083e-05	2.07092e-05	8.75302e-07	
N0.HOG0008567	0.00147369	0.00150211	0.00183197	0.00268218	0.00169918	2.34139e-05	
N0.HOG0008568	2.72016e-05	2.72241e-05	2.74329e-05	2.66432e-05	1.53222e-05	4.76169e-07	
N0.HOG0008569	0.0798274	0.0793239	0.073089	0.0480218	0.0108988	5.62191e-05	
N0.HOG0008570	5.02173e-07	5.17244e-07	7.20179e-07	1.9088e-06	5.11151e-06	1.15691e-06	
N0.HOG0008573	5.02173e-07	5.17265e-07	7.24952e-07	2.04651e-06	6.17744e-06	1.68733e-06	
N0.HOG0008576	7.07663e-19	1.05905e-16	2.75432e-15	1.16054e-13	8.51027e-12	3.40573e-10	
N0.HOG0008578	2.72032e-05	2.76817e-05	3.34166e-05	5.18342e-05	4.71181e-05	2.14648e-06	
N0.HOG0008579	0.00147368	0.00149809	0.00178514	0.00259529	0.00191527	4.87343e-05	
N0.HOG0008580	0.0798274	0.0793239	0.073089	0.0480218	0.0108988	5.62191e-05	
N0.HOG0008581	2.72037e-05	2.78387e-05	3.5755e-05	6.74644e-05	8.75904e-05	6.49154e-06	
N0.HOG0008582	1.71129e-10	1.80738e-10	3.35195e-10	2.26911e-09	3.01483e-08	9.04027e-08	
N0.HOG0008583	0.00147358	0.0014698	0.00142017	0.00115864	0.000454567	6.69617e-06	
N0.HOG0008584	9.27057e-09	9.78924e-09	1.80517e-08	1.12807e-07	1.02955e-06	1.26918e-06	
N0.HOG0008585	9.26995e-09	9.60179e-09	1.43097e-08	4.95132e-08	2.34475e-07	1.63361e-07	
N0.HOG0008587	2.72055e-05	2.83822e-05	4.5105e-05	0.000153706	0.000384599	5.04204e-05	
N0.HOG0008588	5.02201e-07	5.25754e-07	8.73286e-07	3.64604e-06	1.53924e-05	5.62729e-06	
N0.HOG0008589	9.27272e-09	1.04455e-08	3.2438e-08	3.81927e-07	3.14973e-06	1.21595e-06	
N0.HOG0008590	9.27042e-09	9.74172e-09	1.69685e-08	8.79696e-08	6.41987e-07	6.70263e-07	
N0.HOG0008592	5.02198e-07	5.24532e-07	8.02186e-07	1.89717e-06	2.55308e-06	1.61348e-07	
N0.HOG0008593	0.0798274	0.0793239	0.073089	0.0480218	0.0108988	5.62191e-05	
N0.HOG0008594	1.71141e-10	1.84625e-10	4.30054e-10	5.16773e-09	1.10991e-07	3.06146e-07	
N0.HOG0008595	5.02166e-07	5.15124e-07	6.82203e-07	1.48931e-06	2.90912e-06	5.26637e-07	
N0.HOG0008596	0.00147358	0.00147125	0.00143885	0.00123069	0.000522969	8.34011e-06	
N0.HOG0008598	5.02294e-07	5.53359e-07	1.33882e-06	7.49359e-06	2.30855e-05	3.48453e-06	
N0.HOG0008600	0.0798274	0.0793239	0.073089	0.0480218	0.0108988	5.62191e-05	
N0.HOG0008601	9.27053e-09	9.77596e-09	1.77395e-08	1.04656e-07	8.66674e-07	9.45223e-07	
N0.HOG0008602	3.78519e-13	4.22765e-13	1.31318e-12	2.2474e-11	5.27282e-10	4.56606e-10	
N0.HOG0008603	2.72043e-05	2.80125e-05	3.87357e-05	9.45458e-05	0.000176375	1.80391e-05	
N0.HOG0008604	3.15886e-12	3.31938e-12	5.78435e-12	3.05939e-11	2.69108e-10	6.68575e-10	
N0.HOG0008605	0.00147358	0.00147125	0.00143885	0.00123069	0.000522969	8.34011e-06	
N0.HOG0008606	2.72037e-05	2.78387e-05	3.5755e-05	6.74644e-05	8.75904e-05	6.49154e-06	
N0.HOG0008607	2.72033e-05	2.77205e-05	3.40603e-05	5.72922e-05	6.36113e-05	3.95365e-06	
N0.HOG0008608	2.72033e-05	2.77205e-05	3.40603e-05	5.72922e-05	6.36113e-05	3.95365e-06	
N0.HOG0008610	2.54239e-13	7.81065e-11	1.85416e-09	5.12661e-08	1.34457e-06	9.41153e-06	
N0.HOG0008611	0.00147358	0.00147125	0.00143885	0.00123069	0.000522969	8.34011e-06	
N0.HOG0008612	1.75603e-10	1.52655e-09	2.5627e-08	3.53322e-07	2.91626e-06	1.96331e-06	
N0.HOG0008613	0.0798274	0.0793239	0.073089	0.0480218	0.0108988	5.62191e-05	
N0.HOG0008614	1.7112e-10	1.78183e-10	2.85392e-10	1.39264e-09	1.34122e-08	2.48543e-08	
N0.HOG0008616	5.02201e-07	5.25754e-07	8.73286e-07	3.64604e-06	1.53924e-05	5.62729e-06	
N0.HOG0008618	5.02201e-07	5.25754e-07	8.73286e-07	3.64604e-06	1.53924e-05	5.62729e-06	
N0.HOG0008619	0.00147358	0.0014694	0.00141509	0.00113912	0.000436192	6.27445e-06	
N0.HOG0008620	1.7113e-10	1.81139e-10	3.44689e-10	2.52508e-09	3.61472e-08	1.12586e-07	
N0.HOG0008621	9.27042e-09	9.74172e-09	1.69685e-08	8.79696e-08	6.41987e-07	6.70263e-07	
N0.HOG0008622	9.26961e-09	9.50069e-09	1.25644e-08	2.97762e-08	8.24535e-08	3.30515e-08	
N0.HOG0008624	9.27231e-09	1.03126e-08	2.80085e-08	2.44771e-07	1.72031e-06	7.99032e-07	
N0.HOG0008625	5.02206e-07	5.27112e-07	8.95236e-07	3.75184e-06	1.34774e-05	2.62499e-06	
N0.HOG0008626	2.72037e-05	2.78387e-05	3.5755e-05	6.74644e-05	8.75904e-05	6.49154e-06	
N0.HOG0008627	9.26905e-09	9.33407e-09	1.01521e-08	1.3593e-08	1.61457e-08	1.96955e-09	
N0.HOG0008628	0.00147369	0.00150284	0.00184674	0.00284409	0.00218856	5.81642e-05	
N0.HOG0008629	1.71163e-10	1.91124e-10	5.45768e-10	5.98488e-09	7.40702e-08	1.00102e-07	
N0.HOG0008630	1.7113e-10	1.81139e-10	3.44689e-10	2.52508e-09	3.61472e-08	1.12586e-07	
N0.HOG0008631	2.72055e-05	2.83822e-05	4.5105e-05	0.000153706	0.000384599	5.04204e-05	
N0.HOG0008632	1.71129e-10	1.80893e-10	3.38467e-10	2.31033e-09	2.87846e-08	7.66829e-08	
N0.HOG0008633	2.72036e-05	2.78251e-05	3.54691e-05	6.36236e-05	6.80048e-05	2.61316e-06	
N0.HOG0008634	1.7113e-10	1.81139e-10	3.44689e-10	2.52508e-09	3.61472e-08	1.12586e-07	
N0.HOG0008635	5.0218e-07	5.19421e-07	7.59614e-07	2.36118e-06	7.52717e-06	1.68896e-06	
N0.HOG0008636	5.02179e-07	5.19045e-07	7.52659e-07	2.28115e-06	7.35625e-06	2.14861e-06	
N0.HOG0008637	5.02129e-07	5.04265e-07	5.31039e-07	6.40898e-07	6.7891e-07	6.84874e-08	
N0.HOG0008638	2.72021e-05	2.73594e-05	2.92513e-05	3.5244e-05	2.91756e-05	1.41477e-06	
N0.HOG0008639	9.27548e-09	1.12416e-08	4.0617e-08	2.53683e-07	7.22224e-07	8.91283e-08	
N0.HOG0008641	0.00147368	0.00149809	0.00178514	0.00259529	0.00191527	4.87343e-05	
N0.HOG0008642	5.02202e-07	5.25859e-07	8.75626e-07	3.69275e-06	1.58664e-05	5.80642e-06	
N0.HOG0008645	0.00147369	0.00150284	0.00184674	0.00284409	0.00218856	5.81642e-05	
N0.HOG0008646	9.26968e-09	9.5183e-09	1.27674e-08	2.97163e-08	7.16378e-08	2.42283e-08	
N0.HOG0008647	5.83139e-14	6.23072e-14	1.3298e-13	1.5379e-12	5.73938e-11	1.05664e-09	
N0.HOG0008649	0.0798274	0.0793239	0.073089	0.0480218	0.0108988	5.62191e-05	
N0.HOG0008650	2.72039e-05	2.79125e-05	3.70193e-05	7.89028e-05	0.000124558	1.11042e-05	
N0.HOG0008651	0.0798274	0.0793239	0.073089	0.0480218	0.0108988	5.62191e-05	
N0.HOG0008653	2.7202e-05	2.73545e-05	2.9174e-05	3.46273e-05	2.69743e-05	1.04573e-06	
N0.HOG0008654	0.00147369	0.00150284	0.00184674	0.00284409	0.00218856	5.81642e-05	
N0.HOG0008655	0.00147358	0.0014694	0.00141509	0.00113912	0.000436192	6.27445e-06	
N0.HOG0008656	0.0798274	0.0793239	0.073089	0.0480218	0.0108988	5.62191e-05	
N0.HOG0008657	0.00147356	0.00146575	0.00136818	0.000959113	0.000268125	2.47615e-06	
N0.HOG0008658	5.02171e-07	5.16525e-07	7.06943e-07	1.74763e-06	4.15854e-06	9.05586e-07	
N0.HOG0008659	5.02281e-07	5.48662e-07	1.12719e-06	3.45662e-06	5.19321e-06	3.77122e-07	
N0.HOG0008660	5.02178e-07	5.18813e-07	7.48006e-07	2.20366e-06	6.52716e-06	1.48861e-06	
N0.HOG0008661	5.0216e-07	5.13474e-07	6.5905e-07	1.35449e-06	2.51589e-06	4.27063e-07	
N0.HOG0008663	5.02136e-07	5.06257e-07	5.5854e-07	7.88904e-07	1.02434e-06	1.25532e-07	
N0.HOG0008664	3.36174e-12	6.38639e-11	1.04209e-09	1.03221e-08	5.42765e-08	3.94373e-08	
N0.HOG0008665	9.26996e-09	9.60437e-09	1.4361e-08	5.03618e-08	2.44352e-07	1.74342e-07	
N0.HOG0008666	9.27219e-09	1.02588e-08	2.36203e-08	1.00224e-07	2.63428e-07	4.70968e-08	
N0.HOG0008667	0.00147368	0.00149809	0.00178514	0.00259529	0.00191527	4.87343e-05	
N0.HOG0008668	3.15905e-12	3.37578e-12	7.21099e-12	8.24793e-11	2.69325e-09	2.57142e-08	
N0.HOG0008670	1.71207e-10	2.04391e-10	7.75583e-10	8.03106e-09	7.24822e-08	7.14553e-08	
N0.HOG0008671	2.72014e-05	2.71652e-05	2.66666e-05	2.34819e-05	1.15918e-05	3.12734e-07	
N0.HOG0008673	5.02199e-07	5.24925e-07	8.53719e-07	3.19996e-06	9.91735e-06	1.6466e-06	
N0.HOG0008674	9.27053e-09	9.77596e-09	1.77395e-08	1.04656e-07	8.66674e-07	9.45223e-07	
N0.HOG0008675	9.27045e-09	9.74983e-09	1.71335e-08	9.0288e-08	6.15799e-07	3.99745e-07	
N0.HOG0008676	1.71117e-10	1.7723e-10	2.64238e-10	9.33659e-10	4.88389e-09	4.44476e-09	
N0.HOG0008677	5.02168e-07	5.15825e-07	6.94743e-07	1.62774e-06	3.65322e-06	7.73199e-07	
N0.HOG0008678	0.00147358	0.0014698	0.00142017	0.00115864	0.000454567	6.69617e-06	
N0.HOG0008680	0.0798274	0.0793239	0.073089	0.0480218	0.0108988	5.62191e-05	
N0.HOG0008681	1.71131e-10	1.81337e-10	3.49502e-10	2.67588e-09	4.12048e-08	1.41649e-07	
N0.HOG0008683	0.00147358	0.00147	0.00142273	0.00116651	0.000455683	6.30792e-06	
N0.HOG0008685	9.51267e-09	8.1898e-08	1.22178e-06	1.06285e-05	3.61865e-05	6.32866e-06	
N0.HOG0008686	1.57427e-10	4.70481e-08	8.16175e-07	7.86202e-06	3.18591e-05	9.50629e-06	
N0.HOG0008687	2.72035e-05	2.777e-05	3.45782e-05	5.68777e-05	5.40611e-05	2.58049e-06	
N0.HOG0008688	0.0798274	0.0793239	0.073089	0.0480218	0.0108988	5.62191e-05	
N0.HOG0008689	1.43355e-18	4.29227e-16	8.89927e-15	7.62965e-13	1.71975e-10	9.83334e-09	
N0.HOG0008690	9.26944e-09	9.44763e-09	1.17438e-08	2.29652e-08	4.63428e-08	1.26485e-08	
N0.HOG0008691	0.00147369	0.00150284	0.00184674	0.00284409	0.00218856	5.81642e-05	
N0.HOG0008692	5.02171e-07	5.16525e-07	7.06943e-07	1.74763e-06	4.15854e-06	9.05586e-07	
N0.HOG0008693	9.27053e-09	9.77596e-09	1.77395e-08	1.04656e-07	8.66674e-07	9.45223e-07	
N0.HOG0008696	5.02406e-07	5.85748e-07	1.7066e-06	7.77211e-06	1.68806e-05	1.53068e-06	
N0.HOG0008698	2.35089e-13	6.87367e-11	9.39959e-10	5.83612e-09	9.33882e-08	1.16034e-06	
N0.HOG0008699	0.00147368	0.00149809	0.00178514	0.00259529	0.00191527	4.87343e-05	
N0.HOG0008701	2.72035e-05	2.77888e-05	3.49005e-05	5.97821e-05	6.33085e-05	3.66658e-06	
N0.HOG0008702	5.02127e-07	5.03786e-07	5.23875e-07	5.90124e-07	5.11552e-07	3.88333e-08	
N0.HOG0008703	1.32112e-11	3.96441e-09	7.21725e-08	8.95644e-07	9.20622e-06	6.46777e-05	
N0.HOG0008704	1.72267e-20	5.39935e-18	1.64134e-16	1.24264e-14	2.26482e-12	1.39514e-10	
N0.HOG0008705	9.27057e-09	9.78924e-09	1.80517e-08	1.12807e-07	1.02955e-06	1.26918e-06	
N0.HOG0008706	9.27053e-09	9.77596e-09	1.77395e-08	1.04656e-07	8.66674e-07	9.45223e-07	
N0.HOG0008708	5.022e-07	5.25181e-07	8.60601e-07	3.39313e-06	1.27736e-05	4.09044e-06	
N0.HOG0008710	3.24268e-12	2.89832e-11	5.90183e-10	1.33957e-08	2.12796e-07	4.13891e-07	
N0.HOG0008711	3.15922e-12	3.42979e-12	8.63032e-12	1.40425e-10	5.56191e-09	4.55264e-08	
N0.HOG0008712	5.83072e-14	6.0296e-14	8.9671e-14	3.71292e-13	3.97275e-12	2.2487e-11	
N0.HOG0008713	1.75953e-16	1.57927e-11	4.74544e-09	3.87744e-07	1.07666e-05	6.09345e-05	
N0.HOG0008714	0.00147358	0.00146931	0.00141382	0.00113299	0.000426369	5.75099e-06	
N0.HOG0008715	5.02178e-07	5.18813e-07	7.48006e-07	2.20366e-06	6.52716e-06	1.48861e-06	
N0.HOG0008716	0.00147369	0.00150284	0.00184674	0.00284409	0.00218856	5.81642e-05	
N0.HOG0008717	9.27475e-09	1.10424e-08	4.04709e-08	3.5486e-07	2.01829e-06	7.57507e-07	
N0.HOG0008719	0.00147368	0.00149809	0.00178514	0.00259529	0.00191527	4.87343e-05	
N0.HOG0008720	2.72055e-05	2.83822e-05	4.5105e-05	0.000153706	0.000384599	5.04204e-05	
N0.HOG0008724	1.71123e-10	1.79147e-10	3.02492e-10	1.60701e-09	1.6656e-08	4.18613e-08	
N0.HOG0008725	0.00147361	0.00147857	0.00153306	0.00159638	0.000878332	1.74358e-05	
N0.HOG0008727	0.0798274	0.0793239	0.073089	0.0480218	0.0108988	5.62191e-05	
N0.HOG0008731	2.72013e-05	2.71516e-05	2.64896e-05	2.2751e-05	1.07309e-05	2.76356e-07	
N0.HOG0008733	0.00147358	0.0014694	0.00141509	0.00113912	0.000436192	6.27445e-06	
N0.HOG0008734	5.02288e-07	5.5161e-07	1.29416e-06	6.83803e-06	2.02028e-05	2.91961e-06	
N0.HOG0008735	9.51278e-09	8.21577e-08	1.26394e-06	1.16475e-05	4.13499e-05	7.55302e-06	
N0.HOG0008737	2.72019e-05	2.73223e-05	2.87453e-05	3.26974e-05	2.45599e-05	1.05392e-06	
N0.HOG0008739	9.27053e-09	9.77596e-09	1.77395e-08	1.04656e-07	8.66674e-07	9.45223e-07	
N0.HOG0008742	1.71196e-10	2.00498e-10	6.18676e-10	3.687e-09	1.66885e-08	7.5793e-09	
N0.HOG0008743	9.51267e-09	8.1898e-08	1.22178e-06	1.06285e-05	3.61865e-05	6.32866e-06	
N0.HOG0008744	0.00147356	0.00146577	0.00136851	0.000960367	0.000269219	2.49419e-06	
N0.HOG0008745	9.27053e-09	9.77596e-09	1.77395e-08	1.04656e-07	8.66674e-07	9.45223e-07	
N0.HOG0008746	9.51278e-09	8.21577e-08	1.26394e-06	1.16475e-05	4.13499e-05	7.55302e-06	
N0.HOG0008748	3.28841e-08	9.5325e-06	0.000124392	0.000519677	0.000657846	4.58047e-05	
N0.HOG0008753	1.71139e-10	1.8388e-10	4.0739e-10	3.97438e-09	5.70846e-08	1.03981e-07	
N0.HOG0008754	2.72055e-05	2.83822e-05	4.5105e-05	0.000153706	0.000384599	5.04204e-05	
N0.HOG0008755	2.72023e-05	2.74237e-05	3.01802e-05	4.09118e-05	4.21459e-05	2.58661e-06	
N0.HOG0008756	5.02494e-07	6.10638e-07	1.91041e-06	6.22165e-06	7.01367e-06	3.80255e-07	
N0.HOG0008757	5.83165e-14	6.3087e-14	1.45738e-13	1.52015e-12	3.5557e-11	2.59394e-10	
N0.HOG0008760	0.00147361	0.00147857	0.00153306	0.00159638	0.000878332	1.74358e-05	
N0.HOG0008761	0.00147369	0.00150284	0.00184674	0.00284409	0.00218856	5.81642e-05	
N0.HOG0008762	2.72055e-05	2.83822e-05	4.5105e-05	0.000153706	0.000384599	5.04204e-05	
N0.HOG0008764	5.02179e-07	5.18905e-07	7.49969e-07	2.24271e-06	7.05889e-06	2.01329e-06	
N0.HOG0008766	9.51278e-09	8.21577e-08	1.26394e-06	1.16475e-05	4.13499e-05	7.55302e-06	
N0.HOG0008767	5.02164e-07	5.14413e-07	6.69475e-07	1.34919e-06	2.16364e-06	2.88002e-07	
N0.HOG0008769	0.0798274	0.0793239	0.073089	0.0480218	0.0108988	5.62191e-05	
N0.HOG0008770	0.0798274	0.0793239	0.073089	0.0480218	0.0108988	5.62191e-05	
N0.HOG0008771	0.00147358	0.0014694	0.00141509	0.00113912	0.000436192	6.27445e-06	
N0.HOG0008772	1.71206e-10	2.03887e-10	7.50056e-10	6.77081e-09	4.47362e-08	2.84045e-08	
N0.HOG0008774	9.27061e-09	9.7999e-09	1.83173e-08	1.21205e-07	1.24047e-06	1.74571e-06	
N0.HOG0008777	9.26991e-09	9.5885e-09	1.40424e-08	4.48509e-08	1.74367e-07	8.93211e-08	
N0.HOG0008778	2.72037e-05	2.78462e-05	3.58833e-05	6.86207e-05	9.12803e-05	6.92785e-06	
N0.HOG0008779	2.72017e-05	2.72609e-05	2.79578e-05	2.96935e-05	2.1812e-05	9.93382e-07	
N0.HOG0008780	1.71121e-10	1.78306e-10	2.85689e-10	1.30147e-09	9.88665e-09	1.27868e-08	
N0.HOG0008782	9.27051e-09	9.7703e-09	1.76335e-08	1.04578e-07	9.46275e-07	1.21123e-06	
N0.HOG0008783	9.27001e-09	9.61812e-09	1.47263e-08	5.87432e-08	3.47822e-07	2.83424e-07	
N0.HOG0008784	2.72042e-05	2.79988e-05	3.8426e-05	8.91632e-05	0.000136937	7.26159e-06	
N0.HOG0008785	1.82051e-10	3.36893e-09	4.28415e-08	1.98885e-07	3.48363e-07	5.42904e-08	
N0.HOG0008787	1.71128e-10	1.80389e-10	3.26344e-10	1.95819e-09	1.92238e-08	3.78479e-08	
N0.HOG0008788	1.82102e-10	3.3816e-09	4.26662e-08	1.90995e-07	3.08856e-07	4.54319e-08	
N0.HOG0008789	1.7113e-10	1.81138e-10	3.44193e-10	2.45181e-09	3.03532e-08	6.35516e-08	
N0.HOG0008791	2.72032e-05	2.76822e-05	3.34248e-05	5.1902e-05	4.73104e-05	2.16213e-06	
N0.HOG0008794	5.02181e-07	5.19558e-07	7.62563e-07	2.423e-06	8.46318e-06	2.6761e-06	
N0.HOG0008795	2.72021e-05	2.73875e-05	2.96552e-05	3.7664e-05	3.4361e-05	1.78351e-06	
N0.HOG0008796	9.76149e-20	2.57543e-16	8.01988e-14	1.46803e-11	1.44677e-09	1.09215e-08	
N0.HOG0008797	5.02201e-07	5.25754e-07	8.73286e-07	3.64604e-06	1.53924e-05	5.62729e-06	
N0.HOG0008798	9.27053e-09	9.77596e-09	1.77395e-08	1.04656e-07	8.66674e-07	9.45223e-07	
N0.HOG0008799	0.0798274	0.0793239	0.073089	0.0480218	0.0108988	5.62191e-05	
N0.HOG0008800	3.15901e-12	3.36419e-12	6.88632e-12	6.57013e-11	1.4508e-09	8.57579e-09	
N0.HOG0008801	0.00147368	0.00149809	0.00178514	0.00259529	0.00191527	4.87343e-05	
N0.HOG0008802	2.72037e-05	2.78387e-05	3.5755e-05	6.74644e-05	8.75904e-05	6.49154e-06	
N0.HOG0008803	0.00147357	0.00146774	0.00139369	0.00105657	0.000357719	4.41484e-06	
N0.HOG0008804	5.02146e-07	5.0928e-07	6.02939e-07	1.08695e-06	1.97927e-06	3.26865e-07	
N0.HOG0008806	5.02165e-07	5.14842e-07	6.82846e-07	1.60475e-06	3.83306e-06	8.61135e-07	
N0.HOG0008808	2.72037e-05	2.78387e-05	3.5755e-05	6.74644e-05	8.75904e-05	6.49154e-06	
N0.HOG0008810	5.02183e-07	5.20281e-07	7.76505e-07	2.62314e-06	1.00389e-05	3.44558e-06	
N0.HOG0008811	1.7113e-10	1.81139e-10	3.44689e-10	2.52508e-09	3.61472e-08	1.12586e-07	
N0.HOG0008812	5.38699e-17	4.61642e-12	8.87748e-10	2.70039e-08	1.97579e-07	4.34917e-08	
N0.HOG0008813	9.26992e-09	9.59135e-09	1.41126e-08	4.67228e-08	2.05695e-07	1.29875e-07	
N0.HOG0008814	2.72055e-05	2.83822e-05	4.5105e-05	0.000153706	0.000384599	5.04204e-05	
N0.HOG0008815	5.02201e-07	5.25754e-07	8.73286e-07	3.64604e-06	1.53924e-05	5.62729e-06	
N0.HOG0008816	1.7117e-10	1.93376e-10	6.23904e-10	8.94019e-09	1.3474e-07	2.45053e-07	
N0.HOG0008817	1.7113e-10	1.81139e-10	3.44689e-10	2.52508e-09	3.61472e-08	1.12586e-07	
N0.HOG0008819	1.75602e-10	1.52231e-09	2.45591e-08	2.81024e-07	1.72462e-06	8.99654e-07	
N0.HOG0008821	9.27045e-09	9.7505e-09	1.71698e-08	9.26571e-08	7.09918e-07	7.06665e-07	
N0.HOG0008822	2.72033e-05	2.77205e-05	3.40603e-05	5.72922e-05	6.36113e-05	3.95365e-06	
N0.HOG0008823	0.00147368	0.00149809	0.00178514	0.00259529	0.00191527	4.87343e-05	
N0.HOG0008824	2.72015e-05	2.71897e-05	2.69998e-05	2.51466e-05	1.44871e-05	5.09025e-07	
N0.HOG0008828	9.27033e-09	9.71505e-09	1.63513e-08	7.29155e-08	3.8022e-07	2.49659e-07	
N0.HOG0008829	3.15897e-12	3.35178e-12	6.57663e-12	5.57425e-11	1.20055e-09	9.1337e-09	
N0.HOG0008830	4.76222e-08	1.3904e-05	0.000186108	0.00088659	0.00180587	0.000786838	
N0.HOG0008831	3.24222e-12	2.78214e-11	3.626e-10	2.44318e-09	9.75924e-09	5.08237e-09	
N0.HOG0008832	5.02277e-07	5.47307e-07	1.09009e-06	2.9142e-06	3.20526e-06	1.49912e-07	
N0.HOG0008834	2.72036e-05	2.78251e-05	3.54691e-05	6.36236e-05	6.80048e-05	2.61316e-06	
N0.HOG0008835	3.36178e-12	6.40664e-11	1.07805e-09	1.13117e-08	6.20204e-08	4.70037e-08	
N0.HOG0008836	5.02201e-07	5.25754e-07	8.73286e-07	3.64604e-06	1.53924e-05	5.62729e-06	
N0.HOG0008837	1.07778e-15	1.60537e-15	2.58366e-14	2.48468e-12	2.28244e-10	4.44279e-09	
N0.HOG0008840	2.72037e-05	2.78387e-05	3.5755e-05	6.74644e-05	8.75904e-05	6.49154e-06	
N0.HOG0008843	1.71133e-10	1.82221e-10	3.72088e-10	3.47907e-09	6.9845e-08	2.9323e-07	
N0.HOG0008844	9.27111e-09	9.95489e-09	2.18654e-08	2.02764e-07	2.36841e-06	2.27551e-06	
N0.HOG0008848	2.7204e-05	2.79239e-05	3.74436e-05	8.62748e-05	0.000154351	1.51184e-05	
N0.HOG0008849	2.72015e-05	2.71897e-05	2.69998e-05	2.51466e-05	1.44871e-05	5.09025e-07	
N0.HOG0008850	0.00147369	0.00150284	0.00184674	0.00284409	0.00218856	5.81642e-05	
N0.HOG0008851	9.26982e-09	9.56103e-09	1.36419e-08	4.26354e-08	1.8001e-07	1.08821e-07	
N0.HOG0008853	2.72038e-05	2.78737e-05	3.63555e-05	7.28879e-05	0.000105016	8.62867e-06	
N0.HOG0008854	2.11834e-17	4.81535e-16	2.42658e-14	1.35719e-12	4.64971e-11	3.80077e-10	
N0.HOG0008855	2.72033e-05	2.77205e-05	3.40603e-05	5.72922e-05	6.36113e-05	3.95365e-06	
N0.HOG0008857	0.00147368	0.00149809	0.00178514	0.00259529	0.00191527	4.87343e-05	
N0.HOG0008858	9.26921e-09	9.38224e-09	1.08685e-08	1.88355e-08	3.89667e-08	1.15545e-08	
N0.HOG0008859	0.0798274	0.0793239	0.073089	0.0480218	0.0108988	5.62191e-05	
N0.HOG0008860	6.07072e-10	1.80599e-07	3.143e-06	3.07779e-05	0.0001321	4.73894e-05	
N0.HOG0008861	8.58751e-29	1.23004e-24	2.66396e-21	9.85147e-18	2.91474e-14	2.86839e-11	
N0.HOG0008862	2.03759e-17	2.05553e-16	1.51291e-14	2.52472e-12	2.35084e-10	1.55913e-09	
N0.HOG0008864	2.06863e-13	6.19397e-11	1.16981e-09	1.6613e-08	1.84101e-07	4.41955e-07	
N0.HOG0008865	3.24181e-12	2.89163e-11	6.45823e-10	2.05611e-08	5.41412e-07	1.4953e-06	
N0.HOG0008868	9.27057e-09	9.78924e-09	1.80517e-08	1.12807e-07	1.02955e-06	1.26918e-06	
N0.HOG0008870	1.71105e-10	1.73539e-10	2.06354e-10	4.06196e-10	1.16085e-09	6.20446e-10	
N0.HOG0008871	3.24159e-12	2.83479e-11	5.12368e-10	9.63107e-09	1.53376e-07	2.7425e-07	
N0.HOG0008873	1.59345e-11	4.77445e-09	8.52304e-08	9.51719e-07	6.57377e-06	1.48061e-05	
N0.HOG0008877	5.02133e-07	5.05557e-07	5.47699e-07	7.04829e-07	7.20686e-07	6.2767e-08	
N0.HOG0008878	2.72037e-05	2.78387e-05	3.5755e-05	6.74644e-05	8.75904e-05	6.49154e-06	
N0.HOG0008879	1.71129e-10	1.80893e-10	3.38467e-10	2.31033e-09	2.87846e-08	7.66829e-08	
N0.HOG0008882	4.76222e-08	1.3904e-05	0.000186108	0.00088659	0.00180587	0.000786838	
N0.HOG0008883	2.32332e-22	8.49651e-20	6.80737e-18	1.42519e-15	3.96819e-13	2.20445e-11	
N0.HOG0008884	0.0798274	0.0793239	0.073089	0.0480218	0.0108988	5.62191e-05	
N0.HOG0008885	3.67096e-19	4.91352e-19	5.11324e-18	5.26332e-16	1.19897e-13	9.86553e-12	
N0.HOG0008888	5.02171e-07	5.16525e-07	7.06943e-07	1.74763e-06	4.15854e-06	9.05586e-07	
N0.HOG0008890	0.0798274	0.0793239	0.073089	0.0480218	0.0108988	5.62191e-05	
N0.HOG0008893	1.15605e-16	2.82212e-14	4.33617e-13	5.78452e-12	1.46712e-10	7.68034e-10	
N0.HOG0008894	9.26995e-09	9.60179e-09	1.43097e-08	4.95132e-08	2.34475e-07	1.63361e-07	
N0.HOG0008895	5.02494e-07	6.10638e-07	1.91041e-06	6.22165e-06	7.01367e-06	3.80255e-07	
N0.HOG0008896	1.75613e-10	1.55161e-09	3.08707e-08	6.29474e-07	7.2665e-06	6.54762e-06	
N0.HOG0008898	0.0798274	0.0793239	0.073089	0.0480218	0.0108988	5.62191e-05	
N0.HOG0008901	9.26903e-09	9.32769e-09	1.00853e-08	1.38061e-08	2.10405e-08	5.0662e-09	
N0.HOG0008902	1.71171e-10	1.93639e-10	6.35372e-10	9.7712e-09	1.69204e-07	3.59786e-07	
N0.HOG0008903	0.00147369	0.00150284	0.00184674	0.00284409	0.00218856	5.81642e-05	
N0.HOG0008904	2.72012e-05	2.71038e-05	2.58673e-05	2.02008e-05	7.78741e-06	1.5566e-07	
N0.HOG0008905	5.02179e-07	5.18905e-07	7.49969e-07	2.24271e-06	7.05889e-06	2.01329e-06	
N0.HOG0008906	5.02132e-07	5.05169e-07	5.43648e-07	7.11961e-07	8.63737e-07	1.04256e-07	
N0.HOG0008907	2.72024e-05	2.74587e-05	3.06814e-05	4.38174e-05	4.76104e-05	2.73627e-06	
N0.HOG0008908	0.0798274	0.0793239	0.073089	0.0480218	0.0108988	5.62191e-05	
N0.HOG0008909	0.0798274	0.0793239	0.073089	0.0480218	0.0108988	5.62191e-05	
N0.HOG0008910	0.0798274	0.0793239	0.073089	0.0480218	0.0108988	5.62191e-05	
N0.HOG0008911	2.72034e-05	2.77641e-05	3.47848e-05	6.34573e-05	8.24663e-05	6.11057e-06	
N0.HOG0008915	9.26992e-09	9.59135e-09	1.41126e-08	4.67228e-08	2.05695e-07	1.29875e-07	
N0.HOG0008918	1.7113e-10	1.81139e-10	3.44689e-10	2.52508e-09	3.61472e-08	1.12586e-07	
N0.HOG0008919	1.71114e-10	1.76467e-10	2.5189e-10	8.17337e-10	4.31357e-09	4.99416e-09	
N0.HOG0008921	9.27053e-09	9.7757e-09	1.77144e-08	1.02185e-07	7.65623e-07	6.93945e-07	
N0.HOG0008923	2.03979e-17	1.85374e-16	4.59074e-15	2.36559e-13	2.34846e-11	1.19902e-09	
N0.HOG0008925	2.72036e-05	2.78084e-05	3.52356e-05	6.27848e-05	7.26879e-05	4.71866e-06	
N0.HOG0008926	2.72012e-05	2.71038e-05	2.58673e-05	2.02008e-05	7.78741e-06	1.5566e-07	
N0.HOG0008930	0.0798274	0.0793239	0.073089	0.0480218	0.0108988	5.62191e-05	
N0.HOG0008933	1.71198e-10	2.01269e-10	6.49877e-10	4.50496e-09	2.36083e-08	9.71062e-09	
N0.HOG0008934	5.02142e-07	5.08136e-07	5.8642e-07	9.87098e-07	1.75782e-06	3.0809e-07	
N0.HOG0008939	9.27581e-09	1.13115e-08	3.69877e-08	1.47583e-07	2.80701e-07	4.24392e-08	
N0.HOG0008941	5.02179e-07	5.18905e-07	7.49969e-07	2.24271e-06	7.05889e-06	2.01329e-06	
N0.HOG0008942	0.00147368	0.00149809	0.00178514	0.00259529	0.00191527	4.87343e-05	
N0.HOG0008943	3.1598e-12	3.60938e-12	1.3327e-11	3.24823e-10	1.36361e-08	1.11614e-07	
N0.HOG0008946	1.75602e-10	1.52231e-09	2.45591e-08	2.81024e-07	1.72462e-06	8.99654e-07	
N0.HOG0008948	6.16682e-14	1.07398e-12	1.97084e-11	3.01625e-10	3.49931e-09	6.05364e-09	
N0.HOG0008949	5.02164e-07	5.14413e-07	6.69475e-07	1.34919e-06	2.16364e-06	2.88002e-07	
N0.HOG0008950	0.00147358	0.00146931	0.00141382	0.00113299	0.000426369	5.75099e-06	
N0.HOG0008952	1.7113e-10	1.81139e-10	3.44689e-10	2.52508e-09	3.61472e-08	1.12586e-07	
N0.HOG0008954	9.27042e-09	9.74172e-09	1.69685e-08	8.79696e-08	6.41987e-07	6.70263e-07	
N0.HOG0008955	5.21345e-15	1.84055e-12	8.50367e-11	2.55601e-09	3.3832e-08	6.45381e-08	
N0.HOG0008956	9.26918e-09	9.37162e-09	1.07074e-08	1.76082e-08	3.39137e-08	9.92614e-09	
N0.HOG0008959	0.0798274	0.0793239	0.073089	0.0480218	0.0108988	5.62191e-05	
N0.HOG0008960	0.00147369	0.00150284	0.00184674	0.00284409	0.00218856	5.81642e-05	
N0.HOG0008961	0.0798274	0.0793239	0.073089	0.0480218	0.0108988	5.62191e-05	
N0.HOG0008962	0.00147369	0.00150284	0.00184674	0.00284409	0.00218856	5.81642e-05	
N0.HOG0008964	0.00147369	0.00150284	0.00184674	0.00284409	0.00218856	5.81642e-05	
N0.HOG0008967	1.71184e-10	1.97876e-10	8.18731e-10	2.2522e-08	6.24224e-07	1.22145e-06	
N0.HOG0008969	5.02281e-07	5.48662e-07	1.12719e-06	3.45662e-06	5.19321e-06	3.77122e-07	
N0.HOG0008973	2.72019e-05	2.73211e-05	2.86978e-05	3.18837e-05	2.16081e-05	7.67953e-07	
N0.HOG0008974	3.24174e-12	2.87498e-11	5.99836e-10	1.51876e-08	3.03071e-07	7.79902e-07	
N0.HOG0008975	1.75603e-10	1.52655e-09	2.5627e-08	3.53322e-07	2.91626e-06	1.96331e-06	
N0.HOG0008979	5.98592e-14	5.79356e-13	2.45901e-11	1.91011e-09	8.65133e-08	3.93543e-07	
N0.HOG0008984	5.98389e-14	5.23602e-13	9.36936e-12	1.615e-10	2.2995e-09	5.56051e-09	
N0.HOG0008986	5.02173e-07	5.17404e-07	7.27552e-07	2.08159e-06	6.43767e-06	1.80075e-06	
N0.HOG0008989	3.16026e-12	3.73064e-12	1.20171e-11	8.0417e-11	5.09637e-10	4.39761e-10	
N0.HOG0008990	4.76222e-08	1.3904e-05	0.000186108	0.00088659	0.00180587	0.000786838	
N0.HOG0008993	1.71121e-10	1.78425e-10	2.86832e-10	1.24113e-09	8.14393e-09	1.09684e-08	
N0.HOG0008995	1.71128e-10	1.80457e-10	3.27716e-10	1.96675e-09	1.78644e-08	2.59491e-08	
N0.HOG0008997	9.26995e-09	9.60179e-09	1.43097e-08	4.95132e-08	2.34475e-07	1.63361e-07	
N0.HOG0008998	5.98417e-14	5.33898e-13	1.19847e-11	4.0686e-10	1.43037e-08	7.05577e-08	
N0.HOG0009000	5.02125e-07	5.03103e-07	5.14834e-07	5.49641e-07	4.49391e-07	3.31564e-08	
N0.HOG0009001	5.02174e-07	5.17521e-07	7.25756e-07	1.9951e-06	5.68622e-06	1.21793e-06	
N0.HOG0009002	1.98764e-17	2.3165e-17	1.07883e-16	5.74166e-15	9.3363e-13	5.75621e-11	
N0.HOG0009005	9.26916e-09	9.36805e-09	1.06544e-08	1.71038e-08	2.89626e-08	5.5527e-09	
N0.HOG0009006	1.623e-11	4.98773e-09	1.17739e-07	2.9201e-06	5.57975e-05	0.000329183	
N0.HOG0009007	2.07675e-15	3.08672e-13	7.36501e-12	2.11474e-10	5.98569e-09	3.68901e-08	
N0.HOG0009009	5.02158e-07	5.12787e-07	6.47143e-07	1.23116e-06	1.89346e-06	2.4131e-07	
N0.HOG0009010	5.02206e-07	5.27147e-07	9.04164e-07	4.26422e-06	2.18888e-05	9.62618e-06	
N0.HOG0009013	3.24174e-12	2.87498e-11	5.99836e-10	1.51876e-08	3.03071e-07	7.79902e-07	
N0.HOG0009015	1.37617e-18	6.96048e-15	1.70954e-12	1.29346e-10	4.39712e-09	2.0918e-08	
N0.HOG0009016	0.0798274	0.0793239	0.073089	0.0480218	0.0108988	5.62191e-05	
N0.HOG0009021	1.99019e-17	3.07253e-17	2.15822e-16	2.54998e-15	5.3339e-14	2.51683e-12	
N0.HOG0009023	5.02174e-07	5.17638e-07	7.26308e-07	1.9365e-06	4.9318e-06	1.09039e-06	
N0.HOG0009032	3.49941e-22	3.17056e-17	1.14027e-14	2.52815e-12	4.14103e-10	3.86509e-09	
N0.HOG0009033	1.10466e-15	9.91604e-15	2.40063e-13	1.11464e-11	8.11306e-10	1.96319e-08	
N0.HOG0009034	4.04e-08	1.17752e-05	0.000154154	0.000654995	0.000884886	8.35614e-05	
N0.HOG0009037	1.71225e-10	2.09541e-10	8.51949e-10	8.43315e-09	5.82038e-08	2.76425e-08	
N0.HOG0009041	9.26968e-09	9.52055e-09	1.28077e-08	3.01656e-08	7.40733e-08	2.41214e-08	
N0.HOG0009042	1.71129e-10	1.80701e-10	3.34299e-10	2.24041e-09	2.92476e-08	8.76174e-08	
N0.HOG0009045	4.33998e-15	1.30228e-12	2.36907e-11	2.92229e-10	3.04232e-09	4.54279e-08	
N0.HOG0009047	3.24158e-12	2.83368e-11	5.05847e-10	8.54825e-09	1.10692e-07	1.90077e-07	
N0.HOG0009049	5.02201e-07	5.25754e-07	8.73286e-07	3.64604e-06	1.53924e-05	5.62729e-06	
N0.HOG0009050	1.83867e-19	1.62325e-14	4.36812e-12	3.93441e-10	1.52949e-08	2.73118e-08	
N0.HOG0009051	5.02162e-07	5.13843e-07	6.59589e-07	1.25396e-06	1.78822e-06	2.07832e-07	
N0.HOG0009054	0.00147358	0.00147125	0.00143885	0.00123069	0.000522969	8.34011e-06	
N0.HOG0009058	3.24267e-12	2.89628e-11	5.84551e-10	1.27263e-08	1.81243e-07	2.92769e-07	
N0.HOG0009059	2.11492e-17	4.24353e-16	1.27526e-14	8.02109e-13	6.56064e-11	1.68717e-09	
N0.HOG0009060	3.8189e-15	1.17453e-12	3.01682e-11	1.16682e-09	6.03065e-08	8.54741e-07	
N0.HOG0009066	5.0214e-07	5.07497e-07	5.76735e-07	9.13649e-07	1.46614e-06	2.31782e-07	
N0.HOG0009067	3.34172e-12	5.84801e-11	1.08257e-09	1.77287e-08	2.16335e-07	2.46333e-07	
N0.HOG0009068	1.98722e-17	2.18244e-17	6.16494e-17	1.60239e-15	2.5003e-13	4.35078e-11	
N0.HOG0009070	9.27274e-09	1.04506e-08	3.26995e-08	4.04983e-07	4.05687e-06	3.02063e-06	
N0.HOG0009073	5.02201e-07	5.25754e-07	8.73286e-07	3.64604e-06	1.53924e-05	5.62729e-06	
N0.HOG0009074	9.51278e-09	8.21577e-08	1.26394e-06	1.16475e-05	4.13499e-05	7.55302e-06	
N0.HOG0009077	5.02201e-07	5.25754e-07	8.73286e-07	3.64604e-06	1.53924e-05	5.62729e-06	
N0.HOG0009081	1.98804e-17	2.43787e-17	1.29861e-16	4.79559e-15	5.47137e-13	4.9422e-11	
N0.HOG0009082	9.27003e-09	9.62537e-09	1.47505e-08	5.48012e-08	2.46667e-07	1.14436e-07	
N0.HOG0009083	9.26986e-09	9.57215e-09	1.37367e-08	4.08327e-08	1.43419e-07	6.85938e-08	
N0.HOG0009084	3.24251e-12	2.83815e-11	4.52753e-10	4.95468e-09	2.98091e-08	2.1038e-08	
N0.HOG0009086	3.15972e-12	3.58308e-12	1.21228e-11	2.15704e-10	5.61971e-09	2.91883e-08	
N0.HOG0009088	0.0798274	0.0793239	0.073089	0.0480218	0.0108988	5.62191e-05	
N0.HOG0009090	9.26985e-09	9.57072e-09	1.37363e-08	4.21659e-08	1.73444e-07	1.07863e-07	
N0.HOG0009091	4.76222e-08	1.3904e-05	0.000186108	0.00088659	0.00180587	0.000786838	
N0.HOG0009092	0.00147369	0.00150284	0.00184674	0.00284409	0.00218856	5.81642e-05	
N0.HOG0009093	4.57028e-24	3.2074e-20	5.42459e-17	3.22335e-14	4.11827e-12	5.64031e-11	
N0.HOG0009095	2.72033e-05	2.77205e-05	3.40603e-05	5.72922e-05	6.36113e-05	3.95365e-06	
N0.HOG0009096	3.24174e-12	2.87498e-11	5.99836e-10	1.51876e-08	3.03071e-07	7.79902e-07	
N0.HOG0009099	9.51267e-09	8.1898e-08	1.22178e-06	1.06285e-05	3.61865e-05	6.32866e-06	
N0.HOG0009109	3.15871e-12	3.27456e-12	4.98508e-12	2.10775e-11	1.92813e-10	5.15941e-10	
N0.HOG0009110	5.02175e-07	5.17916e-07	7.37126e-07	2.21103e-06	7.40638e-06	2.24283e-06	
N0.HOG0009111	6.6524e-24	2.10629e-21	6.87596e-20	4.917e-18	7.1613e-16	5.11816e-14	
N0.HOG0009118	9.26989e-09	9.58379e-09	1.40737e-08	4.90239e-08	2.45636e-07	1.74426e-07	
N0.HOG0009122	3.16044e-12	3.79657e-12	1.56568e-11	2.37654e-10	4.72819e-09	1.59768e-08	
N0.HOG0009125	1.10466e-15	9.91604e-15	2.40063e-13	1.11464e-11	8.11306e-10	1.96319e-08	
N0.HOG0009127	5.22349e-15	1.53023e-12	2.13855e-11	1.2296e-10	3.78907e-10	2.80258e-10	
N0.HOG0009129	1.71118e-10	1.77659e-10	2.72706e-10	1.07568e-09	6.94366e-09	9.24456e-09	
N0.HOG0009130	5.98523e-14	5.18126e-13	7.44371e-12	7.41612e-11	6.73532e-10	1.38352e-09	
N0.HOG0009132	0.00147368	0.00149809	0.00178514	0.00259529	0.00191527	4.87343e-05	
N0.HOG0009136	0.0798274	0.0793239	0.073089	0.0480218	0.0108988	5.62191e-05	
N0.HOG0009139	0.0798274	0.0793239	0.073089	0.0480218	0.0108988	5.62191e-05	
N0.HOG0009140	1.12755e-59	1.90654e-37	7.52506e-27	3.76032e-19	6.43373e-13	5.79626e-08	
N0.HOG0009141	5.02164e-07	5.14438e-07	6.74813e-07	1.48624e-06	2.82847e-06	3.0667e-07	
N0.HOG0009142	1.75613e-10	1.55161e-09	3.08707e-08	6.29474e-07	7.2665e-06	6.54762e-06	
N0.HOG0009153	3.1604e-12	3.78446e-12	1.50414e-11	2.03924e-10	3.62465e-09	1.14708e-08	
N0.HOG0009154	0.0798274	0.0793239	0.073089	0.0480218	0.0108988	5.62191e-05	
N0.HOG0009158	3.34148e-12	5.69055e-11	7.69687e-10	4.78394e-09	1.61809e-08	5.90773e-09	
N0.HOG0009160	2.03981e-17	1.84881e-16	4.39498e-15	1.95665e-13	1.52802e-11	5.88773e-10	
N0.HOG0009162	5.0224e-07	5.37403e-07	1.12934e-06	8.54792e-06	5.91777e-05	2.03886e-05	
N0.HOG0009169	4.42036e-19	2.45917e-17	9.91078e-16	1.57561e-13	5.2263e-11	5.83153e-09	
N0.HOG0009172	0.0798274	0.0793239	0.073089	0.0480218	0.0108988	5.62191e-05	
N0.HOG0009178	2.72055e-05	2.83822e-05	4.5105e-05	0.000153706	0.000384599	5.04204e-05	
N0.HOG0009181	1.75613e-10	1.55161e-09	3.08707e-08	6.29474e-07	7.2665e-06	6.54762e-06	
N0.HOG0009189	9.27057e-09	9.78924e-09	1.80517e-08	1.12807e-07	1.02955e-06	1.26918e-06	
N0.HOG0009192	2.9439e-18	5.4365e-15	3.1679e-12	7.68851e-10	4.93147e-08	2.70313e-07	
N0.HOG0009195	5.98414e-14	5.33306e-13	1.18138e-11	3.80753e-10	1.25055e-08	7.81839e-08	
N0.HOG0009196	2.72022e-05	2.74164e-05	3.00635e-05	3.9868e-05	3.74846e-05	1.63248e-06	
N0.HOG0009198	1.14524e-15	2.19709e-14	4.22275e-13	7.69843e-12	1.3501e-10	6.33376e-10	
N0.HOG0009204	3.15906e-12	3.37764e-12	6.78643e-12	4.16803e-11	3.40889e-10	4.89759e-10	
N0.HOG0009207	3.15899e-12	3.35886e-12	6.77559e-12	6.5814e-11	1.8664e-09	1.57351e-08	
N0.HOG0009209	3.15903e-12	3.37181e-12	7.09959e-12	7.68087e-11	2.32004e-09	2.37931e-08	
N0.HOG0009210	9.26993e-09	9.5965e-09	1.43228e-08	5.33466e-08	3.08905e-07	2.67144e-07	
N0.HOG0009211	5.02158e-07	5.12778e-07	6.46985e-07	1.22955e-06	1.88576e-06	2.39563e-07	
N0.HOG0009216	6.62919e-17	2.34526e-13	6.92943e-11	8.53324e-09	4.50908e-07	2.67004e-06	
N0.HOG0009219	2.35089e-13	6.87358e-11	9.37207e-10	4.92754e-09	1.75667e-08	1.17186e-07	
N0.HOG0009220	6.16982e-14	1.2158e-12	4.63916e-11	1.2415e-09	1.36138e-08	1.16631e-08	
N0.HOG0009224	1.13338e-15	1.88509e-14	4.86933e-13	2.31568e-11	1.59324e-09	2.93896e-08	
N0.HOG0009228	2.72032e-05	2.76817e-05	3.34166e-05	5.18342e-05	4.71181e-05	2.14648e-06	
N0.HOG0009229	5.48808e-48	1.08531e-30	2.31922e-22	3.95997e-16	4.90723e-11	4.68718e-07	
N0.HOG0009231	2.72015e-05	2.71951e-05	2.70721e-05	2.54688e-05	1.49333e-05	5.25517e-07	
N0.HOG0009232	3.15901e-12	3.36433e-12	6.90954e-12	7.00527e-11	2.05726e-09	2.14947e-08	
N0.HOG0009236	8.79153e-10	2.6342e-07	4.70239e-06	5.25083e-05	0.000362632	0.000814061	
N0.HOG0009237	5.83682e-14	7.87134e-14	4.53298e-13	6.48494e-12	9.2104e-11	2.59377e-10	
N0.HOG0009240	8.87022e-28	9.0862e-23	1.01044e-19	2.89093e-16	1.45393e-12	4.51162e-09	
N0.HOG0009243	1.71143e-10	1.85103e-10	4.44161e-10	5.82015e-09	1.33354e-07	3.82221e-07	
N0.HOG0009244	4.26449e-19	7.38979e-17	1.81576e-14	2.50204e-12	2.05103e-10	5.26067e-09	
N0.HOG0009245	7.15629e-10	2.09237e-07	2.85263e-06	1.49058e-05	4.11891e-05	4.41851e-05	
N0.HOG0009259	3.2424e-12	2.82876e-11	4.41413e-10	4.74359e-09	2.9977e-08	2.29571e-08	
N0.HOG0009261	9.26972e-09	9.53062e-09	1.2988e-08	3.21784e-08	8.61561e-08	3.10566e-08	
N0.HOG0009262	1.30153e-18	4.22762e-16	1.67737e-14	1.16118e-12	8.6832e-11	2.14011e-09	
N0.HOG0009263	1.16787e-11	3.57243e-09	7.94155e-08	1.44607e-06	9.15127e-06	8.85979e-07	
N0.HOG0009264	1.24504e-15	1.86179e-13	4.28969e-11	5.15396e-09	2.65857e-07	1.45264e-06	
N0.HOG0009266	2.72012e-05	2.71225e-05	2.61111e-05	2.12006e-05	8.9415e-06	2.02346e-07	
N0.HOG0009267	0.0798274	0.0793239	0.073089	0.0480218	0.0108988	5.62191e-05	
N0.HOG0009268	2.72037e-05	2.78443e-05	3.58508e-05	6.83287e-05	9.0288e-05	6.70186e-06	
N0.HOG0009271	0.0798274	0.0793239	0.073089	0.0480218	0.0108988	5.62191e-05	
N0.HOG0009275	3.34075e-12	5.81402e-11	1.06433e-09	1.67208e-08	1.93626e-07	2.42776e-07	
N0.HOG0009276	3.159e-12	3.36e-12	6.79077e-12	6.43088e-11	1.64679e-09	1.47172e-08	
N0.HOG0009277	1.49585e-16	2.06291e-13	3.96817e-11	2.32697e-09	5.44839e-08	2.30957e-07	
N0.HOG0009285	1.71117e-10	1.77089e-10	2.63451e-10	9.79127e-10	6.04295e-09	7.68251e-09	
N0.HOG0009288	5.83149e-14	6.26183e-14	1.40318e-13	1.74362e-12	6.54504e-11	1.26651e-09	
N0.HOG0009291	1.10496e-15	9.96186e-15	2.25855e-13	8.1027e-12	3.66217e-10	4.9422e-09	
N0.HOG0009293	2.19109e-17	6.4874e-16	1.51363e-14	4.51493e-13	1.62112e-11	2.50889e-10	
N0.HOG0009295	1.16153e-93	4.8369e-64	4.35291e-50	4.18513e-40	1.93708e-31	9.89109e-23	
N0.HOG0009296	8.79153e-10	2.6342e-07	4.70239e-06	5.25083e-05	0.000362632	0.000814061	
N0.HOG0009297	0.0798274	0.0793239	0.073089	0.0480218	0.0108988	5.62191e-05	
N0.HOG0009299	5.02168e-07	5.15825e-07	6.94743e-07	1.62774e-06	3.65322e-06	7.73199e-07	
N0.HOG0009302	2.71378e-22	2.49068e-17	1.05185e-14	4.61093e-12	3.06265e-09	7.17145e-07	
N0.HOG0009303	1.07642e-15	1.14712e-15	2.38131e-15	2.658e-14	1.21532e-12	4.32857e-11	
N0.HOG0009318	1.13854e-15	2.0784e-14	6.43841e-13	4.53892e-11	3.84614e-09	4.81804e-08	
N0.HOG0009319	1.35786e-20	2.12178e-18	5.76433e-17	2.96724e-15	3.66245e-13	4.10715e-11	
N0.HOG0009322	0.00147358	0.0014694	0.00141509	0.00113912	0.000436192	6.27445e-06	
N0.HOG0009325	0.00147369	0.00150284	0.00184674	0.00284409	0.00218856	5.81642e-05	
N0.HOG0009331	2.17658e-58	9.94635e-45	4.66933e-37	1.56314e-30	3.51282e-24	6.64741e-18	
N0.HOG0009349	7.79643e-17	2.27152e-14	3.15627e-13	1.98312e-12	1.34275e-11	5.5726e-11	
N0.HOG0009350	8.01201e-17	2.46573e-14	5.92909e-13	1.6222e-11	5.22131e-10	3.84001e-08	
N0.HOG0009351	7.68275e-21	3.11545e-19	1.61857e-17	3.3379e-15	1.45997e-12	2.67668e-10	
N0.HOG0009352	1.43951e-18	4.3044e-16	7.98932e-15	1.2347e-13	4.47624e-12	2.59982e-10	
N0.HOG0009357	1.75602e-10	1.52231e-09	2.45591e-08	2.81024e-07	1.72462e-06	8.99654e-07	
N0.HOG0009360	2.72012e-05	2.71038e-05	2.58673e-05	2.02008e-05	7.78741e-06	1.5566e-07	
N0.HOG0009367	1.59913e-11	4.89959e-09	1.12342e-07	2.64854e-06	4.95539e-05	0.000295564	
N0.HOG0009368	9.26905e-09	9.33384e-09	1.01671e-08	1.41555e-08	2.09967e-08	4.4194e-09	
N0.HOG0009369	5.02134e-07	5.05828e-07	5.53218e-07	7.75033e-07	1.07322e-06	1.50722e-07	
N0.HOG0009370	2.72037e-05	2.78387e-05	3.5755e-05	6.74644e-05	8.75904e-05	6.49154e-06	
N0.HOG0009378	1.75613e-10	1.55161e-09	3.08707e-08	6.29474e-07	7.2665e-06	6.54762e-06	
N0.HOG0009380	5.98457e-14	5.44364e-13	1.50187e-11	8.44616e-10	4.66331e-08	3.1537e-07	
N0.HOG0009384	2.72016e-05	2.72215e-05	2.74188e-05	2.69442e-05	1.67062e-05	5.76573e-07	
N0.HOG0009385	2.46207e-13	7.36111e-11	1.35258e-09	1.75806e-08	1.79294e-07	3.13196e-07	
N0.HOG0009388	3.24174e-12	2.87498e-11	5.99836e-10	1.51876e-08	3.03071e-07	7.79902e-07	
N0.HOG0009391	1.98702e-17	2.12268e-17	4.53807e-17	5.67096e-16	3.24716e-14	1.82238e-12	
N0.HOG0009397	7.28893e-21	1.68342e-19	4.44173e-18	2.21162e-16	1.99687e-14	1.13853e-12	
N0.HOG0009398	9.27208e-09	1.02393e-08	2.55445e-08	1.65425e-07	7.66734e-07	2.82688e-07	
N0.HOG0009401	3.81868e-15	1.15262e-12	2.40187e-11	5.05621e-10	1.24157e-08	1.05821e-07	
N0.HOG0009412	2.03917e-17	1.84158e-16	4.8021e-15	3.00037e-13	3.88474e-11	2.12143e-09	
N0.HOG0009413	1.07701e-15	1.32788e-15	7.31947e-15	2.66533e-13	1.96425e-11	4.37228e-10	
N0.HOG0009415	0.0798274	0.0793239	0.073089	0.0480218	0.0108988	5.62191e-05	
N0.HOG0009423	2.72038e-05	2.78737e-05	3.63555e-05	7.28879e-05	0.000105016	8.62867e-06	
N0.HOG0009428	3.15897e-12	3.35178e-12	6.57663e-12	5.57425e-11	1.20055e-09	9.1337e-09	
N0.HOG0009429	0.0798274	0.0793239	0.073089	0.0480218	0.0108988	5.62191e-05	
N0.HOG0009430	3.16097e-12	3.95011e-12	1.69187e-11	1.47177e-10	8.55871e-10	7.68751e-10	
N0.HOG0009431	2.83549e-13	8.27865e-11	1.10815e-09	5.28204e-09	1.08476e-08	5.33536e-09	
N0.HOG0009435	7.45815e-10	2.22383e-07	3.76509e-06	3.53985e-05	0.000155505	7.25476e-05	
N0.HOG0009436	1.71129e-10	1.80984e-10	3.40391e-10	2.33437e-09	2.76421e-08	5.87275e-08	
N0.HOG0009441	9.48835e-17	2.84305e-14	5.09349e-13	6.28156e-12	1.23226e-10	2.39489e-09	
N0.HOG0009444	6.07072e-10	1.80599e-07	3.143e-06	3.07779e-05	0.0001321	4.73894e-05	
N0.HOG0009445	2.14134e-18	6.95342e-16	5.50975e-14	4.97407e-12	3.96113e-10	9.35605e-09	
N0.HOG0009450	1.10466e-15	9.91604e-15	2.40063e-13	1.11464e-11	8.11306e-10	1.96319e-08	
N0.HOG0009457	9.6411e-17	1.35901e-13	3.43588e-11	4.38361e-09	2.70507e-07	3.00021e-06	
N0.HOG0009459	1.13902e-15	2.29684e-14	1.13317e-12	6.70962e-11	2.39238e-09	1.01108e-08	
N0.HOG0009465	8.79153e-10	2.6342e-07	4.70239e-06	5.25083e-05	0.000362632	0.000814061	
N0.HOG0009467	3.83365e-17	5.72454e-15	1.44691e-13	5.31457e-12	2.64151e-10	4.58096e-09	
N0.HOG0009468	2.72037e-05	2.78386e-05	3.56975e-05	6.55818e-05	7.31623e-05	2.93575e-06	
N0.HOG0009474	0.00147368	0.00149809	0.00178514	0.00259529	0.00191527	4.87343e-05	
N0.HOG0009479	5.0216e-07	5.13441e-07	6.5846e-07	1.34721e-06	2.45923e-06	3.91407e-07	
N0.HOG0009481	1.98704e-17	2.12899e-17	4.72369e-17	6.94145e-16	5.68031e-14	5.16402e-12	
N0.HOG0009484	2.72055e-05	2.83701e-05	4.47915e-05	0.000146018	0.000307698	2.26237e-05	
N0.HOG0009486	1.98761e-17	2.30624e-17	1.02064e-16	4.66622e-15	7.1614e-13	8.04867e-11	
N0.HOG0009494	2.72037e-05	2.78443e-05	3.58508e-05	6.83287e-05	9.0288e-05	6.70186e-06	
N0.HOG0009497	2.72038e-05	2.78713e-05	3.63099e-05	7.2287e-05	0.000101007	7.35297e-06	
N0.HOG0009498	2.72015e-05	2.71897e-05	2.69998e-05	2.51466e-05	1.44871e-05	5.09025e-07	
N0.HOG0009504	2.72035e-05	2.77714e-05	3.48547e-05	6.2664e-05	7.07205e-05	2.76592e-06	
N0.HOG0009505	4.76222e-08	1.3904e-05	0.000186108	0.00088659	0.00180587	0.000786838	
N0.HOG0009520	1.7565e-10	1.52981e-09	2.33579e-08	2.26183e-07	1.05971e-06	4.0005e-07	
N0.HOG0009523	8.39273e-17	2.57318e-14	6.30457e-13	2.09762e-11	1.04647e-09	2.20309e-08	
N0.HOG0009525	6.16667e-14	1.06637e-12	1.80972e-11	2.20088e-10	1.91408e-09	2.58131e-09	
N0.HOG0009529	0.0798274	0.0793239	0.073089	0.0480218	0.0108988	5.62191e-05	
N0.HOG0009533	5.83545e-14	7.47853e-14	4.27282e-13	9.4335e-12	2.43548e-10	1.67905e-09	
N0.HOG0009534	4.87266e-52	3.27592e-37	5.22102e-30	2.42211e-24	3.9523e-19	2.98909e-14	
N0.HOG0009535	5.83886e-14	3.65999e-13	1.63439e-11	3.40256e-10	1.7951e-09	3.40327e-09	
N0.HOG0009537	5.2346e-15	1.56844e-12	2.79996e-11	3.12829e-10	2.17828e-09	5.51996e-09	
N0.HOG0009546	2.7615e-18	3.91076e-15	1.01222e-12	1.45059e-10	1.28453e-08	3.37801e-07	
N0.HOG0009548	3.66805e-19	3.96285e-19	9.71269e-19	2.03927e-17	2.85996e-15	4.84266e-13	
N0.HOG0009549	7.47016e-19	1.15943e-16	2.4741e-15	6.09142e-14	2.1471e-12	3.73658e-11	
N0.HOG0009555	4.76222e-08	1.3904e-05	0.000186108	0.00088659	0.00180587	0.000786838	
N0.HOG0009556	3.16009e-12	3.7038e-12	1.6908e-11	5.55595e-10	2.01205e-08	4.49478e-08	
N0.HOG0009558	3.15896e-12	3.34817e-12	6.48225e-12	5.17342e-11	9.28255e-10	4.48131e-09	
N0.HOG0009559	6.07072e-10	1.80599e-07	3.143e-06	3.07779e-05	0.0001321	4.73894e-05	
N0.HOG0009560	8.79153e-10	2.6342e-07	4.70239e-06	5.25083e-05	0.000362632	0.000814061	
N0.HOG0009561	2.1037e-17	4.57791e-16	3.41782e-14	4.16469e-12	3.75207e-10	7.55024e-09	
N0.HOG0009562	0.00147356	0.00146575	0.00136818	0.000959113	0.000268125	2.47615e-06	
N0.HOG0009564	0.0798274	0.0793239	0.073089	0.0480218	0.0108988	5.62191e-05	
N0.HOG0009565	9.76442e-12	1.99643e-09	3.86617e-08	5.6881e-07	4.84193e-06	3.2205e-06	
N0.HOG0009566	9.26919e-09	9.37676e-09	1.07822e-08	1.80632e-08	3.45814e-08	9.31154e-09	
N0.HOG0009567	2.11486e-17	4.18036e-16	1.07489e-14	5.02214e-13	4.14699e-11	2.05364e-09	
N0.HOG0009574	3.16124e-12	4.04727e-12	2.2826e-11	4.72376e-10	9.90544e-09	3.80722e-08	
N0.HOG0009581	5.98562e-14	5.31298e-13	1.01603e-11	2.2861e-10	5.55445e-09	2.82838e-08	
N0.HOG0009582	0.00147361	0.00147857	0.00153306	0.00159638	0.000878332	1.74358e-05	
N0.HOG0009583	2.72043e-05	2.80075e-05	3.86343e-05	9.28996e-05	0.000163089	1.33381e-05	
N0.HOG0009588	1.71177e-10	1.95707e-10	6.80625e-10	1.05728e-08	1.67088e-07	2.68079e-07	
N0.HOG0009591	0.0798274	0.0793239	0.073089	0.0480218	0.0108988	5.62191e-05	
N0.HOG0009592	0.00147357	0.00146774	0.00139369	0.00105657	0.000357719	4.41484e-06	
N0.HOG0009593	9.26975e-09	9.54187e-09	1.31642e-08	3.29248e-08	7.52991e-08	1.62515e-08	
N0.HOG0009599	5.02211e-07	5.28716e-07	9.37068e-07	4.7742e-06	2.30836e-05	5.24903e-06	
N0.HOG0009601	1.10544e-15	1.19443e-14	8.06899e-13	8.15539e-11	4.67619e-09	4.42994e-08	
N0.HOG0009604	1.41762e-22	5.52671e-21	2.1701e-19	3.82308e-17	2.94765e-14	1.9826e-11	
N0.HOG0009614	0.00147358	0.00146931	0.00141382	0.00113299	0.000426369	5.75099e-06	
N0.HOG0009617	1.32112e-11	3.96411e-09	7.20773e-08	8.82818e-07	8.27723e-06	4.62512e-05	
N0.HOG0009618	9.90339e-16	3.05409e-13	7.62874e-12	2.57009e-10	9.63516e-09	9.84102e-08	
N0.HOG0009620	2.16701e-13	6.5133e-11	1.28096e-09	2.00486e-08	1.83437e-07	7.14726e-08	
N0.HOG0009622	2.72035e-05	2.77896e-05	3.49152e-05	5.99022e-05	6.35644e-05	3.65643e-06	
N0.HOG0009626	0.0798274	0.0793239	0.073089	0.0480218	0.0108988	5.62191e-05	
N0.HOG0009627	0.00147357	0.00146774	0.00139369	0.00105657	0.000357719	4.41484e-06	
N0.HOG0009635	5.02202e-07	5.26007e-07	8.78908e-07	3.75826e-06	1.65598e-05	6.32198e-06	
N0.HOG0009637	3.96616e-22	7.11552e-19	2.29296e-16	5.08793e-14	9.87129e-12	7.13189e-10	
N0.HOG0009638	2.43892e-13	7.50586e-11	1.80467e-09	4.90943e-08	1.27269e-06	1.85168e-05	
N0.HOG0009639	2.98004e-18	9.05765e-16	1.98927e-14	5.34574e-13	2.19548e-11	4.67596e-10	
N0.HOG0009648	2.10735e-09	6.26868e-07	1.02812e-05	8.11779e-05	0.000187813	8.23236e-06	
N0.HOG0009649	0.0798274	0.0793239	0.073089	0.0480218	0.0108988	5.62191e-05	
N0.HOG0009651	0.00147369	0.00150284	0.00184674	0.00284409	0.00218856	5.81642e-05	
N0.HOG0009654	0.00147369	0.00150284	0.00184674	0.00284409	0.00218856	5.81642e-05	
N0.HOG0009655	5.02173e-07	5.1714e-07	7.22408e-07	2.00006e-06	5.58268e-06	1.13949e-06	
N0.HOG0009657	1.32112e-11	3.96412e-09	7.20785e-08	8.83044e-07	8.31125e-06	4.8028e-05	
N0.HOG0009659	9.27043e-09	9.7438e-09	1.70167e-08	8.91491e-08	6.62756e-07	7.0558e-07	
N0.HOG0009661	1.43336e-18	4.28131e-16	7.80475e-15	9.90777e-14	1.51498e-12	6.13873e-11	
N0.HOG0009663	4.26455e-19	7.42745e-17	1.82638e-14	2.50418e-12	1.99479e-10	4.50494e-09	
N0.HOG0009664	0.0798274	0.0793239	0.073089	0.0480218	0.0108988	5.62191e-05	
N0.HOG0009666	5.02176e-07	5.18248e-07	7.3714e-07	2.0508e-06	5.41662e-06	1.08191e-06	
N0.HOG0009667	5.2346e-15	1.56858e-12	2.81e-11	3.43973e-10	6.00754e-09	9.69293e-08	
N0.HOG0009672	3.15901e-12	3.36433e-12	6.90954e-12	7.00527e-11	2.05726e-09	2.14947e-08	
N0.HOG0009680	1.13902e-15	2.29676e-14	1.13353e-12	6.81613e-11	2.64143e-09	1.31839e-08	
N0.HOG0009692	1.71292e-10	2.29649e-10	1.2312e-09	1.32879e-08	1.07138e-07	1.03606e-07	
N0.HOG0009694	4.00465e-19	6.44005e-17	1.37737e-14	1.00588e-12	4.08491e-11	5.26612e-10	
N0.HOG0009697	0.00147357	0.0014678	0.00139453	0.00106011	0.000361979	4.56087e-06	
N0.HOG0009698	0.00147361	0.00147831	0.00152904	0.00156859	0.00081217	1.2892e-05	
N0.HOG0009701	5.23459e-15	1.56782e-12	2.7877e-11	3.26756e-10	5.25691e-09	5.12012e-08	
N0.HOG0009708	6.14235e-17	1.29056e-14	3.42234e-13	1.45638e-11	8.37711e-10	1.37009e-08	
N0.HOG0009716	2.76111e-18	3.88271e-15	1.02865e-12	1.64451e-10	1.82943e-08	6.3653e-07	
N0.HOG0009717	1.18745e-15	3.57141e-14	9.19088e-13	2.77401e-11	6.06675e-10	2.04968e-09	
N0.HOG0009718	1.29706e-11	3.79237e-09	5.17032e-08	2.70171e-07	7.47122e-07	8.11438e-07	
N0.HOG0009720	7.15629e-10	2.09237e-07	2.85263e-06	1.49058e-05	4.11887e-05	4.41629e-05	
N0.HOG0009730	9.27044e-09	9.74898e-09	1.7112e-08	8.95436e-08	5.92301e-07	3.40765e-07	
N0.HOG0009731	0.00147369	0.00150284	0.00184674	0.00284409	0.00218856	5.81642e-05	
N0.HOG0009732	1.32112e-11	3.96412e-09	7.20785e-08	8.83044e-07	8.31125e-06	4.8028e-05	
N0.HOG0009734	0.00147357	0.00146774	0.00139369	0.00105657	0.000357719	4.41484e-06	
N0.HOG0009735	2.15855e-15	3.33299e-13	7.79869e-12	2.04651e-10	4.63327e-09	2.03788e-08	
N0.HOG0009737	2.44733e-16	7.74396e-14	2.54802e-12	1.75091e-10	1.08357e-08	3.58704e-08	
N0.HOG0009738	5.02176e-07	5.18089e-07	7.33183e-07	1.96849e-06	4.54863e-06	5.89217e-07	
N0.HOG0009752	4.34155e-15	1.30283e-12	2.37225e-11	2.95052e-10	3.13692e-09	2.85251e-08	
N0.HOG0009755	2.72036e-05	2.78084e-05	3.52356e-05	6.27848e-05	7.26879e-05	4.71866e-06	
N0.HOG0009756	9.2712e-09	9.98127e-09	2.26385e-08	2.37142e-07	3.368e-06	3.89255e-06	
N0.HOG0009761	5.02166e-07	5.15124e-07	6.82203e-07	1.48931e-06	2.90912e-06	5.26637e-07	
N0.HOG0009764	5.02171e-07	5.16525e-07	7.06943e-07	1.74763e-06	4.15854e-06	9.05586e-07	
N0.HOG0009766	5.0216e-07	5.13497e-07	6.53589e-07	1.19639e-06	1.56377e-06	1.61046e-07	
N0.HOG0009767	9.27408e-09	1.08117e-08	3.15776e-08	1.53858e-07	4.77112e-07	1.0516e-07	
N0.HOG0009777	2.3945e-13	7.18486e-11	1.30638e-09	1.60005e-08	1.49912e-07	8.29085e-07	
N0.HOG0009786	2.72039e-05	2.79125e-05	3.70193e-05	7.89028e-05	0.000124558	1.11042e-05	
N0.HOG0009789	1.42828e-31	3.82487e-24	2.14974e-20	4.57429e-17	1.13308e-13	2.38356e-10	
N0.HOG0009791	0.00147368	0.00149809	0.00178514	0.00259529	0.00191527	4.87343e-05	
N0.HOG0009793	4.76222e-08	1.3904e-05	0.000186108	0.00088659	0.00180587	0.000786838	
N0.HOG0009794	7.05299e-17	2.25614e-14	8.42674e-13	6.57151e-11	5.43807e-09	1.18094e-07	
N0.HOG0009823	4.42048e-15	1.36042e-12	3.27093e-11	8.89845e-10	2.30887e-08	3.43721e-07	
N0.HOG0009825	9.26984e-09	9.56788e-09	1.36707e-08	4.05881e-08	1.47346e-07	7.10462e-08	
N0.HOG0009832	1.59344e-11	4.77443e-09	8.52313e-08	9.52101e-07	6.60829e-06	1.54038e-05	
N0.HOG0009833	2.88808e-13	8.65353e-11	1.5448e-09	1.726e-08	1.20752e-07	3.26587e-07	
N0.HOG0009834	1.14321e-13	1.69743e-11	3.31395e-10	5.14928e-09	5.47996e-08	8.27406e-08	
N0.HOG0009835	2.39537e-13	7.18756e-11	1.30715e-09	1.60432e-08	1.54665e-07	1.18902e-06	
N0.HOG0009838	9.27274e-09	1.04506e-08	3.26995e-08	4.04983e-07	4.05687e-06	3.02063e-06	
N0.HOG0009844	4.42036e-19	2.45917e-17	9.91078e-16	1.57561e-13	5.2263e-11	5.83153e-09	
N0.HOG0009857	1.4334e-18	4.28195e-16	7.84765e-15	1.28503e-13	1.48211e-11	1.57567e-09	
N0.HOG0009862	2.72033e-05	2.77205e-05	3.40603e-05	5.72922e-05	6.36113e-05	3.95365e-06	
N0.HOG0009866	0.0798274	0.0793239	0.073089	0.0480218	0.0108988	5.62191e-05	
N0.HOG0009867	9.26987e-09	9.57773e-09	1.3832e-08	4.16485e-08	1.44271e-07	6.73357e-08	
N0.HOG0009873	2.72055e-05	2.83701e-05	4.47915e-05	0.000146018	0.000307698	2.26237e-05	
N0.HOG0009875	2.39537e-13	7.18809e-11	1.30882e-09	1.62646e-08	1.69385e-07	1.31608e-06	
N0.HOG0009878	2.35174e-13	6.87688e-11	9.39419e-10	5.02084e-09	1.69554e-08	3.71155e-08	
N0.HOG0009898	1.99287e-17	3.9818e-17	6.79592e-16	4.12651e-14	2.32074e-12	2.75589e-11	
N0.HOG0009900	0.0798274	0.0793239	0.073089	0.0480218	0.0108988	5.62191e-05	
N0.HOG0009902	2.72043e-05	2.80125e-05	3.87357e-05	9.45458e-05	0.000176375	1.80391e-05	
N0.HOG0009903	6.86138e-19	2.04974e-16	3.6428e-15	5.61299e-14	1.27301e-12	9.01103e-12	
N0.HOG0009904	2.72021e-05	2.73594e-05	2.92513e-05	3.5244e-05	2.91756e-05	1.41477e-06	
N0.HOG0009905	0.00147358	0.00146931	0.00141382	0.00113299	0.000426369	5.75099e-06	
N0.HOG0009906	3.15889e-12	3.3259e-12	5.93819e-12	3.4733e-11	3.72473e-10	1.18577e-09	
N0.HOG0009907	1.71129e-10	1.80986e-10	3.41404e-10	2.48069e-09	3.78718e-08	1.35182e-07	
N0.HOG0009915	4.26095e-15	1.24586e-12	1.69937e-11	8.93157e-11	2.62664e-10	4.68052e-10	
N0.HOG0009937	2.90589e-12	8.59726e-10	1.35822e-08	1.22435e-07	7.2775e-07	5.44343e-07	
N0.HOG0009942	2.83549e-13	8.2794e-11	1.11212e-09	5.8079e-09	2.9917e-08	9.36879e-08	
N0.HOG0009943	0.0798274	0.0793239	0.073089	0.0480218	0.0108988	5.62191e-05	
N0.HOG0009944	5.02216e-07	5.30308e-07	9.67327e-07	5.16635e-06	2.50943e-05	5.39353e-06	
N0.HOG0009945	1.14066e-15	2.32928e-14	1.04657e-12	4.84572e-11	1.24755e-09	3.85258e-09	
N0.HOG0009946	2.06866e-13	6.22055e-11	1.23612e-09	2.09562e-08	2.9768e-07	8.88417e-07	
N0.HOG0009952	2.72055e-05	2.83822e-05	4.5105e-05	0.000153706	0.000384599	5.04204e-05	
N0.HOG0009953	1.30439e-22	1.27114e-17	9.51517e-15	1.01364e-11	7.14853e-09	1.0827e-06	
N0.HOG0009977	1.43301e-18	4.27998e-16	7.79322e-15	9.69639e-14	1.04437e-12	1.26797e-11	
N0.HOG0009980	5.2346e-15	1.57054e-12	3.4419e-11	2.51951e-09	1.84555e-07	2.08541e-06	
N0.HOG0009993	2.98025e-18	9.05835e-16	1.99123e-14	5.51093e-13	2.93717e-11	1.36873e-09	
N0.HOG0009999	1.50896e-14	4.74307e-12	1.44253e-10	7.56098e-09	3.23018e-07	9.03634e-07	
N0.HOG0010002	1.12062e-11	3.33711e-09	5.8835e-08	6.14709e-07	3.24983e-06	2.08725e-06	
N0.HOG0010006	4.33998e-15	1.30234e-12	2.37096e-11	2.9448e-10	3.09932e-09	2.84389e-08	
N0.HOG0010011	5.96868e-14	4.77403e-13	8.40369e-12	1.43596e-10	2.0332e-09	4.33847e-09	
N0.HOG0010012	9.64309e-17	2.89915e-14	5.40674e-13	7.39972e-12	9.2869e-11	7.63557e-10	
N0.HOG0010013	0.0798274	0.0793239	0.073089	0.0480218	0.0108988	5.62191e-05	
N0.HOG0010016	3.92869e-19	8.22031e-18	1.44228e-16	1.94329e-15	6.54602e-14	1.01969e-11	
N0.HOG0010017	2.3945e-13	7.18486e-11	1.30639e-09	1.60033e-08	1.51192e-07	1.02963e-06	
N0.HOG0010019	1.38639e-28	2.43958e-22	3.01154e-18	1.25809e-14	2.15532e-11	9.67584e-09	
N0.HOG0010020	7.86897e-17	2.36134e-14	4.29959e-13	5.34359e-12	5.57401e-11	4.47492e-10	
N0.HOG0010022	2.32775e-27	7.39254e-24	1.03568e-20	2.91684e-17	7.55793e-14	4.43197e-11	
N0.HOG0010028	3.05248e-23	1.92078e-18	9.03828e-16	4.22692e-13	1.92912e-10	3.10718e-08	
N0.HOG0010041	1.98825e-17	2.51037e-17	1.71969e-16	1.2053e-14	2.62703e-12	3.27416e-10	
N0.HOG0010045	2.16965e-17	3.56382e-15	9.57087e-13	1.23778e-10	7.99699e-09	1.00748e-07	
N0.HOG0010046	2.06851e-13	6.08384e-11	9.50596e-10	8.5373e-09	6.18288e-08	1.02282e-07	
N0.HOG0010049	5.21382e-15	1.9254e-12	2.26373e-10	2.23064e-08	4.77664e-07	7.9599e-07	
N0.HOG0010050	5.21382e-15	1.9254e-12	2.26373e-10	2.23064e-08	4.77664e-07	7.9599e-07	
N0.HOG0010051	5.21382e-15	1.9254e-12	2.26373e-10	2.23064e-08	4.77664e-07	7.9599e-07	
N0.HOG0010052	5.02201e-07	5.25783e-07	8.72798e-07	3.57029e-06	1.32486e-05	2.83662e-06	
N0.HOG0010064	1.59875e-18	4.99306e-16	1.45182e-14	9.26773e-13	1.49022e-10	2.3536e-08	
N0.HOG0010065	4.33997e-15	1.30224e-12	2.36804e-11	2.91698e-10	3.39336e-09	9.49626e-08	
N0.HOG0010066	5.02201e-07	5.25754e-07	8.73286e-07	3.64604e-06	1.53924e-05	5.62729e-06	
N0.HOG0010095	1.47701e-22	1.40317e-18	4.28789e-15	1.55503e-12	1.49504e-10	1.35477e-09	
N0.HOG0010096	2.03897e-17	1.78976e-16	3.39814e-15	8.34493e-14	3.32147e-12	6.54837e-11	
N0.HOG0010116	3.24175e-12	2.8756e-11	6.0154e-10	1.53912e-08	3.12876e-07	8.20976e-07	
N0.HOG0010120	2.93499e-13	8.79644e-11	1.57602e-09	1.80391e-08	1.46191e-07	6.83111e-07	
N0.HOG0010121	0.0798274	0.0793239	0.073089	0.0480218	0.0108988	5.62191e-05	
N0.HOG0010123	0.00147369	0.00150284	0.00184674	0.00284409	0.00218856	5.81642e-05	
N0.HOG0010124	1.13331e-15	1.83937e-14	3.59052e-13	7.50071e-12	1.94678e-10	1.53399e-09	
N0.HOG0010133	7.86611e-17	2.36028e-14	4.29201e-13	5.28704e-12	6.1578e-11	1.77969e-09	
N0.HOG0010164	2.39537e-13	7.18756e-11	1.30715e-09	1.60425e-08	1.54214e-07	1.10432e-06	
N0.HOG0010168	5.83557e-14	7.52556e-14	4.63675e-13	1.35591e-11	5.57728e-10	6.39506e-09	
N0.HOG0010169	2.83549e-13	8.28974e-11	1.36221e-09	4.25413e-08	9.19067e-07	2.01567e-06	
N0.HOG0010171	1.71198e-10	2.01269e-10	6.49877e-10	4.50496e-09	2.36083e-08	9.71062e-09	
N0.HOG0010173	0.00147369	0.00150284	0.00184674	0.00284409	0.00218856	5.81642e-05	
N0.HOG0010174	2.72043e-05	2.80125e-05	3.87357e-05	9.45458e-05	0.000176375	1.80391e-05	
N0.HOG0010179	1.57538e-113	4.92753e-74	2.1008e-55	4.39354e-42	1.02778e-30	1.23837e-19	
N0.HOG0010180	2.3945e-13	7.18486e-11	1.30638e-09	1.60005e-08	1.49913e-07	8.28948e-07	
N0.HOG0010181	4.14137e-19	1.5089e-17	3.98507e-16	1.98509e-14	2.2621e-12	1.93486e-10	
N0.HOG0010182	5.02168e-07	5.15703e-07	6.97886e-07	1.76578e-06	4.71236e-06	1.17072e-06	
N0.HOG0010189	4.33998e-15	1.30234e-12	2.3711e-11	2.95878e-10	3.68399e-09	8.73182e-08	
N0.HOG0010219	8.59272e-17	2.58284e-14	5.05842e-13	8.40522e-12	1.47486e-10	1.20749e-09	
N0.HOG0010220	0.00147369	0.00150284	0.00184674	0.00284409	0.00218856	5.81642e-05	
N0.HOG0010222	0.0798274	0.0793239	0.073089	0.0480218	0.0108988	5.62191e-05	
N0.HOG0010226	4.33997e-15	1.30224e-12	2.36804e-11	2.91834e-10	3.52751e-09	1.2124e-07	
N0.HOG0010279	8.6609e-17	2.70292e-14	7.78032e-13	4.6584e-11	5.71559e-09	4.04608e-07	
N0.HOG0010283	8.79153e-10	2.6342e-07	4.70239e-06	5.25083e-05	0.000362632	0.000814061	
N0.HOG0010286	2.35089e-13	6.87358e-11	9.37205e-10	4.92525e-09	1.68986e-08	9.17869e-08	
N0.HOG0010293	1.97353e-39	4.53298e-27	4.84696e-21	2.51794e-16	2.35268e-12	8.77137e-10	
N0.HOG0010294	8.01201e-17	2.46573e-14	5.92909e-13	1.6222e-11	5.22131e-10	3.84001e-08	
N0.HOG0010331	5.21382e-15	1.9254e-12	2.26373e-10	2.23064e-08	4.77664e-07	7.9599e-07	
N0.HOG0010332	2.72035e-05	2.77695e-05	3.45698e-05	5.68035e-05	5.38413e-05	2.56182e-06	
N0.HOG0010338	2.3945e-13	7.18487e-11	1.30641e-09	1.6005e-08	1.50653e-07	8.72411e-07	
N0.HOG0010346	1.32112e-11	3.96412e-09	7.20773e-08	8.82798e-07	8.27117e-06	4.57323e-05	
N0.HOG0010383	8.79153e-10	2.6342e-07	4.70239e-06	5.25083e-05	0.000362632	0.000814061	
N0.HOG0010392	1.75115e-18	6.80721e-16	1.38544e-13	6.78192e-11	1.34784e-08	3.18743e-07	
N0.HOG0010397	4.76222e-08	1.3904e-05	0.000186108	0.00088659	0.00180587	0.000786838	
N0.HOG0010401	2.727e-18	8.28955e-16	1.83767e-14	5.52575e-13	3.29057e-11	1.28963e-09	
N0.HOG0010404	2.3945e-13	7.18486e-11	1.30639e-09	1.60035e-08	1.51447e-07	1.09603e-06	
N0.HOG0010407	1.71159e-10	1.89988e-10	5.08141e-10	4.54005e-09	4.00543e-08	3.98925e-08	
N0.HOG0010449	1.59988e-18	6.01371e-16	5.09185e-14	8.62214e-12	1.43935e-09	1.07112e-07	
N0.HOG0010451	1.75171e-10	1.41585e-09	2.76361e-08	5.35568e-07	5.09957e-06	2.38027e-06	
N0.HOG0010452	1.12062e-11	3.33711e-09	5.8835e-08	6.14709e-07	3.24983e-06	2.08725e-06	
N0.HOG0010455	1.623e-11	4.98773e-09	1.17739e-07	2.9201e-06	5.57975e-05	0.000329183	
N0.HOG0010464	1.43354e-18	4.28995e-16	8.15346e-15	2.29761e-13	5.86573e-11	1.11855e-08	
N0.HOG0010465	2.03981e-17	1.84745e-16	4.35446e-15	1.88847e-13	1.43703e-11	5.43093e-10	
N0.HOG0010466	2.72034e-05	2.77641e-05	3.47848e-05	6.34573e-05	8.24663e-05	6.11057e-06	
N0.HOG0010467	4.33997e-15	1.30224e-12	2.36787e-11	2.90191e-10	2.76457e-09	2.14697e-08	
N0.HOG0010468	9.27053e-09	9.77596e-09	1.77395e-08	1.04656e-07	8.66674e-07	9.45223e-07	
N0.HOG0010524	4.34155e-15	1.30282e-12	2.3722e-11	2.94793e-10	3.07072e-09	2.40991e-08	
N0.HOG0010528	1.29706e-11	3.79237e-09	5.17033e-08	2.70212e-07	7.52921e-07	9.95201e-07	
N0.HOG0010533	1.32112e-11	3.96441e-09	7.21725e-08	8.95644e-07	9.20622e-06	6.46777e-05	
N0.HOG0010534	6.17067e-14	1.26562e-12	7.48116e-11	6.56953e-09	2.79148e-07	8.76038e-07	
N0.HOG0010535	5.02202e-07	5.25895e-07	8.76419e-07	3.70853e-06	1.60409e-05	6.00554e-06	
N0.HOG0010546	7.86897e-17	2.36134e-14	4.29966e-13	5.34792e-12	5.692e-11	5.27733e-10	
N0.HOG0010547	7.86897e-17	2.36134e-14	4.29966e-13	5.34827e-12	5.71992e-11	6.14182e-10	
N0.HOG0010566	9.22421e-21	4.81682e-17	1.51966e-14	2.50733e-12	2.75067e-10	5.26136e-09	
N0.HOG0010603	1.12055e-11	3.2749e-09	4.73684e-08	3.14176e-07	1.23382e-06	6.87692e-07	
N0.HOG0010604	9.26985e-09	9.57028e-09	1.37031e-08	4.03077e-08	1.31789e-07	4.62643e-08	
N0.HOG0010619	2.12363e-37	5.70765e-30	3.55437e-26	1.24655e-22	1.23561e-18	2.92274e-14	
N0.HOG0010620	6.07066e-10	1.80028e-07	3.03816e-06	2.80854e-05	0.000115606	3.9771e-05	
N0.HOG0010621	7.86896e-17	2.36134e-14	4.30002e-13	5.37691e-12	6.93189e-11	2.10289e-09	
N0.HOG0010672	8.79153e-10	2.6342e-07	4.70239e-06	5.25083e-05	0.000362632	0.000814061	
N0.HOG0010673	2.93502e-13	8.82438e-11	1.6444e-09	2.21373e-08	2.29953e-07	8.29456e-07	
N0.HOG0010675	8.79153e-10	2.6342e-07	4.70239e-06	5.25083e-05	0.000362632	0.000814061	
N0.HOG0010676	4.76222e-08	1.3904e-05	0.000186108	0.00088659	0.00180587	0.000786838	
N0.HOG0010685	1.0193e-28	1.79151e-22	2.17974e-18	8.6176e-15	1.3631e-11	6.10189e-09	
N0.HOG0010696	2.3945e-13	7.18486e-11	1.30638e-09	1.60009e-08	1.50055e-07	8.50014e-07	
N0.HOG0010765	5.33176e-15	1.64398e-12	4.04692e-11	1.21193e-09	3.59958e-08	3.54573e-07	
N0.HOG0010769	6.0702e-10	1.76145e-07	2.3291e-06	1.03928e-05	1.62499e-05	2.03215e-06	
N0.HOG0010770	1.59347e-11	4.79032e-09	8.91263e-08	1.18942e-06	1.18946e-05	3.66246e-05	
N0.HOG0010772	2.88808e-13	8.65353e-11	1.54489e-09	1.73017e-08	1.26426e-07	4.99549e-07	
N0.HOG0010790	1.30726e-20	2.3773e-18	2.02303e-16	3.55708e-14	6.41103e-12	4.22566e-10	
N0.HOG0010791	4.34154e-15	1.30273e-12	2.3692e-11	2.90862e-10	2.82905e-09	2.54019e-08	
N0.HOG0010810	1.32112e-11	3.96412e-09	7.20773e-08	8.82798e-07	8.27117e-06	4.57323e-05	
N0.HOG0010817	1.32112e-11	3.96411e-09	7.20773e-08	8.82797e-07	8.27102e-06	4.57172e-05	
N0.HOG0010866	1.71129e-10	1.80986e-10	3.41404e-10	2.48069e-09	3.78718e-08	1.35182e-07	
N0.HOG0010896	4.35721e-27	4.00142e-22	1.70521e-19	7.99987e-17	9.36468e-14	1.91711e-10	
N0.HOG0010911	8.79153e-10	2.6342e-07	4.70239e-06	5.25083e-05	0.000362632	0.000814061	
N0.HOG0010930	1.13368e-15	2.01606e-14	8.99024e-13	9.17754e-11	8.44179e-09	1.2787e-07	
N0.HOG0010971	4.33997e-15	1.30224e-12	2.36804e-11	2.91698e-10	3.39336e-09	9.49626e-08	
N0.HOG0010975	1.32112e-11	3.96411e-09	7.20773e-08	8.82818e-07	8.27723e-06	4.62512e-05	
N0.HOG0011013	3.34191e-12	5.94503e-11	1.3075e-09	3.21449e-08	5.83047e-07	1.11595e-06	
N0.HOG0011057	8.79153e-10	2.6342e-07	4.70239e-06	5.25083e-05	0.000362632	0.000814061	
N0.HOG0011058	5.29942e-15	7.22214e-12	1.41702e-09	8.53904e-08	1.92509e-06	7.75253e-06	
N0.HOG0011073	2.3945e-13	7.18486e-11	1.30639e-09	1.60033e-08	1.51192e-07	1.02963e-06	
N0.HOG0011094	1.32112e-11	3.96412e-09	7.20785e-08	8.83044e-07	8.31125e-06	4.8028e-05	
N0.HOG0011217	8.79153e-10	2.6342e-07	4.70239e-06	5.25083e-05	0.000362632	0.000814061	
N0.HOG0011218	1.59344e-11	4.77442e-09	8.52298e-08	9.51701e-07	6.57296e-06	1.47888e-05	
N0.HOG0011236	7.15629e-10	2.09237e-07	2.85263e-06	1.49058e-05	4.11903e-05	4.42603e-05	
N0.HOG0011243	1.97196e-17	7.26778e-15	5.28824e-13	5.5144e-11	3.60378e-09	5.57665e-08	
N0.HOG0011244	2.3945e-13	7.18486e-11	1.30638e-09	1.60009e-08	1.50055e-07	8.50014e-07	
N0.HOG0011245	1.32112e-11	3.96412e-09	7.20773e-08	8.82798e-07	8.27117e-06	4.57323e-05	
N0.HOG0011366	1.32112e-11	3.96411e-09	7.20773e-08	8.82799e-07	8.2713e-06	4.57216e-05	
N0.HOG0011457	8.79153e-10	2.6342e-07	4.70239e-06	5.25083e-05	0.000362632	0.000814061	
N0.HOG0011464	4.03865e-15	2.03213e-11	4.68227e-09	2.70187e-07	4.98879e-06	9.37908e-06	
N0.HOG0011472	1.32112e-11	3.96411e-09	7.20773e-08	8.82797e-07	8.27102e-06	4.57172e-05	
N0.HOG0011475	4.33998e-15	1.30224e-12	2.36779e-11	2.90013e-10	2.71979e-09	1.5437e-08	
N0.HOG0011485	1.32112e-11	3.96441e-09	7.21725e-08	8.95644e-07	9.20622e-06	6.46777e-05	
N0.HOG0011493	7.86864e-17	2.37548e-14	5.56462e-13	7.63471e-11	1.68984e-08	7.15257e-07	
N0.HOG0011499	1.32112e-11	3.96412e-09	7.20773e-08	8.82802e-07	8.27262e-06	4.59467e-05	
N0.HOG0011508	2.72701e-18	8.30325e-16	1.88733e-14	6.71452e-13	6.43419e-11	5.78505e-09	
N0.HOG0011661	2.3945e-13	7.18541e-11	1.30811e-09	1.62334e-08	1.66892e-07	1.18198e-06	
N0.HOG0011775	2.93502e-13	8.82438e-11	1.6444e-09	2.21373e-08	2.29953e-07	8.29456e-07	
N0.HOG0011808	1.32112e-11	3.96412e-09	7.20773e-08	8.82798e-07	8.27117e-06	4.57323e-05	
N0.HOG0011809	4.33997e-15	1.30228e-12	2.38347e-11	4.09272e-10	3.47702e-08	1.82159e-06	
N0.HOG0011813	2.89974e-20	1.08997e-17	9.22898e-16	1.56306e-13	2.61511e-11	1.9875e-09	
N0.HOG0011814	1.97196e-17	7.26778e-15	5.28824e-13	5.5144e-11	3.60378e-09	5.57665e-08	
N0.HOG0011956	2.3945e-13	7.18486e-11	1.30639e-09	1.60033e-08	1.51192e-07	1.02963e-06	
N0.HOG0012178	8.79153e-10	2.6342e-07	4.70239e-06	5.25083e-05	0.000362632	0.000814061	
N0.HOG0012187	8.79153e-10	2.6342e-07	4.70239e-06	5.25083e-05	0.000362632	0.000814061	
N0.HOG0012216	1.32112e-11	3.96411e-09	7.20773e-08	8.82797e-07	8.27129e-06	4.57916e-05	
N0.HOG0012230	7.86618e-17	2.36271e-14	4.37018e-13	6.42501e-12	1.60947e-10	3.8497e-09	
N0.HOG0012234	7.86864e-17	2.37548e-14	5.56462e-13	7.63471e-11	1.68984e-08	7.15257e-07	
N0.HOG0012236	1.43319e-18	4.28075e-16	7.80984e-15	1.04866e-13	3.24934e-12	1.81665e-10	
N0.HOG0012240	7.90271e-17	2.37401e-14	4.40079e-13	6.67104e-12	2.05865e-10	7.07032e-09	
N0.HOG0012643	7.86864e-17	2.37548e-14	5.56462e-13	7.63471e-11	1.68984e-08	7.15257e-07	
N0.HOG0012652	2.3945e-13	7.18486e-11	1.30638e-09	1.60005e-08	1.49914e-07	8.29445e-07	
N0.HOG0012687	4.34155e-15	1.30283e-12	2.37225e-11	2.95052e-10	3.13692e-09	2.85251e-08	
N0.HOG0012808	1.59345e-11	4.77445e-09	8.52304e-08	9.51719e-07	6.57377e-06	1.48061e-05	
N0.HOG0012813	8.63156e-10	2.52846e-07	3.52738e-06	2.0083e-05	5.9234e-05	3.53999e-05	
N0.HOG0012856	1.32112e-11	3.96411e-09	7.20773e-08	8.82797e-07	8.27102e-06	4.57172e-05	
N0.HOG0013281	1.32112e-11	3.96411e-09	7.20773e-08	8.82797e-07	8.27102e-06	4.57172e-05	
N0.HOG0013479	4.33997e-15	1.30224e-12	2.36804e-11	2.91698e-10	3.39336e-09	9.49626e-08	
N0.HOG0013775	8.79153e-10	2.6342e-07	4.70239e-06	5.25083e-05	0.000362632	0.000814061	
N0.HOG0013842	7.15629e-10	2.09237e-07	2.85263e-06	1.49062e-05	4.12199e-05	4.47045e-05	
N0.HOG0013844	1.32112e-11	3.96411e-09	7.20773e-08	8.82797e-07	8.27129e-06	4.57916e-05	
N0.HOG0013846	1.32112e-11	3.96411e-09	7.20773e-08	8.82818e-07	8.27723e-06	4.62512e-05	
N0.HOG0013848	9.12275e-20	5.59695e-15	1.99161e-12	4.19281e-10	6.90491e-08	4.12887e-06	
N0.HOG0013853	1.32112e-11	3.96411e-09	7.20773e-08	8.82818e-07	8.27723e-06	4.62512e-05	
N0.HOG0015152	1.623e-11	4.98773e-09	1.17739e-07	2.9201e-06	5.57975e-05	0.000329183	
N0.HOG0015154	1.59344e-11	4.77442e-09	8.52298e-08	9.51705e-07	6.57447e-06	1.48744e-05	
N0.HOG0015155	8.79153e-10	2.6342e-07	4.70239e-06	5.25083e-05	0.000362632	0.000814061	
N0.HOG0015156	8.79153e-10	2.6342e-07	4.70239e-06	5.25083e-05	0.000362632	0.000814061	
N0.HOG0015161	1.59344e-11	4.77442e-09	8.52298e-08	9.51705e-07	6.57447e-06	1.48744e-05	
N0.HOG0015164	1.623e-11	4.98773e-09	1.17739e-07	2.9201e-06	5.57975e-05	0.000329183	
N0.HOG0015301	1.32112e-11	3.96412e-09	7.20773e-08	8.82798e-07	8.27117e-06	4.57323e-05	
N0.HOG0015305	1.32112e-11	3.96411e-09	7.20773e-08	8.82818e-07	8.27723e-06	4.62512e-05	
N0.HOG0015307	1.32112e-11	3.96412e-09	7.20785e-08	8.83044e-07	8.31125e-06	4.8028e-05	
N0.HOG0015316	1.32112e-11	3.96411e-09	7.20773e-08	8.82797e-07	8.27102e-06	4.57172e-05	
N0.HOG0016956	2.3945e-13	7.18541e-11	1.30811e-09	1.62334e-08	1.66892e-07	1.18198e-06	
N0.HOG0016968	1.32112e-11	3.96411e-09	7.20773e-08	8.82797e-07	8.27102e-06	4.57172e-05	
N0.HOG0017441	1.32112e-11	3.96411e-09	7.20773e-08	8.82818e-07	8.27723e-06	4.62512e-05	
N0.HOG0017857	8.79153e-10	2.6342e-07	4.70239e-06	5.25083e-05	0.000362632	0.000814061	
N0.HOG0017860	8.79153e-10	2.6342e-07	4.70239e-06	5.25083e-05	0.000362632	0.000814061	
N0.HOG0018176	1.32112e-11	3.96441e-09	7.21725e-08	8.95644e-07	9.20622e-06	6.46777e-05	
N0.HOG0018187	1.32112e-11	3.96411e-09	7.20773e-08	8.82797e-07	8.27102e-06	4.57172e-05	
N0.HOG0023697	1.32112e-11	3.96441e-09	7.21725e-08	8.95644e-07	9.20622e-06	6.46777e-05	
