task_id	hash	native_id	name	status	exit	submit	duration	realtime	%cpu	peak_rss	peak_vmem	rchar	wchar
1	c2/49764c	832247	NFCORE_RNASEQ:RNASEQ:PREPARE_GENOME:CUSTOM_GETCHROMSIZES (GCF_001465965.1_Pdom_r1.2_genomic.fna)	COMPLETED	0	2025-08-27 15:28:35.026	2.8s	2s	56.2%	5 MB	12 MB	201.2 MB	87.2 KB
2	f8/b195b5	832225	NFCORE_RNASEQ:RNASEQ:PREPARE_GENOME:GTF_FILTER (GCF_001465965.1_Pdom_r1.2_genomic.fna)	COMPLETED	0	2025-08-27 15:28:35.017	5.4s	5s	51.9%	14.4 MB	20 MB	354.8 MB	150.9 MB
157	eb/afe054	834171	NFCORE_RNASEQ:RNASEQ:PREPARE_GENOME:GTF2BED (GCF_001465965.1_Pdom_r1.2_genomic.filtered.gtf)	COMPLETED	0	2025-08-27 15:28:41.410	5.5s	4s	100.6%	457.2 MB	478.7 MB	151.1 MB	3.3 MB
56	49/ff52a7	832011	NFCORE_RNASEQ:RNASEQ:FASTQ_FASTQC_UMITOOLS_TRIMGALORE:FASTQC (Pd32)	COMPLETED	0	2025-08-27 15:28:34.821	4m 11s	4m 10s	177.8%	1.4 GB	6 GB	4.8 GB	3.5 MB
32	41/bbba27	854399	NFCORE_RNASEQ:RNASEQ:FASTQ_FASTQC_UMITOOLS_TRIMGALORE:FASTQC (Pd19)	COMPLETED	0	2025-08-27 15:32:45.348	4m 5s	4m 5s	177.2%	1.4 GB	6 GB	4.8 GB	3.4 MB
63	1e/daa3e5	867079	NFCORE_RNASEQ:RNASEQ:FASTQ_FASTQC_UMITOOLS_TRIMGALORE:FASTQC (Pd36)	COMPLETED	0	2025-08-27 15:36:50.594	3m 27s	3m 26s	194.2%	1.4 GB	6 GB	4.9 GB	3.4 MB
14	78/5fea24	832016	NFCORE_RNASEQ:RNASEQ:FASTQ_FASTQC_UMITOOLS_TRIMGALORE:TRIMGALORE (Pd8)	COMPLETED	0	2025-08-27 15:28:34.830	13m 12s	13m 11s	730.2%	4.9 GB	6.3 GB	107.7 GB	102.9 GB
50	7d/23a9c3	873417	NFCORE_RNASEQ:RNASEQ:FASTQ_FASTQC_UMITOOLS_TRIMGALORE:FASTQC (Pd28)	COMPLETED	0	2025-08-27 15:40:18.003	3m 45s	3m 45s	185.7%	1.5 GB	6 GB	4.8 GB	3.5 MB
160	35/fa73a6	875751	NFCORE_RNASEQ:RNASEQ:FASTQ_SUBSAMPLE_FQ_SALMON:FQ_SUBSAMPLE (Pd8)	COMPLETED	0	2025-08-27 15:41:48.217	2m 17s	2m 16s	100.2%	10 MB	15.6 MB	5.9 GB	116.4 MB
13	7d/b2e106	889802	NFCORE_RNASEQ:RNASEQ:FASTQ_FASTQC_UMITOOLS_TRIMGALORE:FASTQC (Pd8)	COMPLETED	0	2025-08-27 15:44:03.338	4m 4s	4m 4s	180.1%	1.4 GB	6.1 GB	4.7 GB	3.4 MB
9	3c/0159c8	906747	NFCORE_RNASEQ:RNASEQ:FASTQ_FASTQC_UMITOOLS_TRIMGALORE:FASTQC (Pd6)	COMPLETED	0	2025-08-27 15:48:07.638	3m 39s	3m 38s	185.4%	1.3 GB	6.1 GB	4.7 GB	3.4 MB
7	ae/03311f	916112	NFCORE_RNASEQ:RNASEQ:FASTQ_FASTQC_UMITOOLS_TRIMGALORE:FASTQC (Pd5)	COMPLETED	0	2025-08-27 15:51:46.882	3m 20s	3m 19s	193.0%	1.3 GB	6 GB	4.9 GB	3.4 MB
37	ee/c5083c	875480	NFCORE_RNASEQ:RNASEQ:FASTQ_FASTQC_UMITOOLS_TRIMGALORE:TRIMGALORE (Pd23)	COMPLETED	0	2025-08-27 15:41:47.201	13m 32s	13m 32s	737.8%	4.9 GB	6.2 GB	108.5 GB	103.5 GB
161	24/ac1bf3	921368	NFCORE_RNASEQ:RNASEQ:FASTQ_SUBSAMPLE_FQ_SALMON:FQ_SUBSAMPLE (Pd23)	COMPLETED	0	2025-08-27 15:55:20.326	2m 24s	2m 23s	100.2%	10 MB	15.6 MB	6.3 GB	121.3 MB
71	b6/9fb6fe	920201	NFCORE_RNASEQ:RNASEQ:FASTQ_FASTQC_UMITOOLS_TRIMGALORE:FASTQC (Pd45)	COMPLETED	0	2025-08-27 15:55:07.152	4m 11s	4m 11s	176.2%	1.3 GB	6 GB	4.9 GB	3.4 MB
34	3d/10cd5c	943364	NFCORE_RNASEQ:RNASEQ:FASTQ_FASTQC_UMITOOLS_TRIMGALORE:FASTQC (Pd20)	COMPLETED	0	2025-08-27 15:59:18.569	4m 5s	4m 4s	176.6%	1.3 GB	6.1 GB	4.8 GB	3.4 MB
23	ea/4c2612	957282	NFCORE_RNASEQ:RNASEQ:FASTQ_FASTQC_UMITOOLS_TRIMGALORE:FASTQC (Pd14)	COMPLETED	0	2025-08-27 16:03:24.010	3m 23s	3m 23s	191.4%	1.5 GB	6 GB	4.8 GB	3.4 MB
31	dc/acb701	921091	NFCORE_RNASEQ:RNASEQ:FASTQ_FASTQC_UMITOOLS_TRIMGALORE:TRIMGALORE (Pd19)	COMPLETED	0	2025-08-27 15:55:19.311	13m 27s	13m 26s	742.8%	4.9 GB	6.2 GB	108 GB	103.1 GB
19	34/dad1ef	963807	NFCORE_RNASEQ:RNASEQ:FASTQ_FASTQC_UMITOOLS_TRIMGALORE:FASTQC (Pd12)	COMPLETED	0	2025-08-27 16:06:47.354	3m 35s	3m 35s	185.8%	1.4 GB	6 GB	4.8 GB	3.4 MB
162	a3/664d00	966637	NFCORE_RNASEQ:RNASEQ:FASTQ_SUBSAMPLE_FQ_SALMON:FQ_SUBSAMPLE (Pd19)	COMPLETED	0	2025-08-27 16:08:46.905	2m 21s	2m 20s	100.1%	10.3 MB	15.6 MB	6.1 GB	119.9 MB
69	36/a2e7c1	977325	NFCORE_RNASEQ:RNASEQ:FASTQ_FASTQC_UMITOOLS_TRIMGALORE:FASTQC (Pd43)	COMPLETED	0	2025-08-27 16:10:22.742	4m 14s	4m 13s	172.2%	1.5 GB	6 GB	4.9 GB	3.4 MB
78	b3/ad2cfd	996553	NFCORE_RNASEQ:RNASEQ:FASTQ_FASTQC_UMITOOLS_TRIMGALORE:FASTQC (Pd51)	COMPLETED	0	2025-08-27 16:14:37.193	3m 47s	3m 47s	183.6%	1.3 GB	6.1 GB	4.9 GB	3.4 MB
46	45/566a82	1006622	NFCORE_RNASEQ:RNASEQ:FASTQ_FASTQC_UMITOOLS_TRIMGALORE:FASTQC (Pd26)	COMPLETED	0	2025-08-27 16:18:24.444	3m 22s	3m 22s	191.2%	1.5 GB	6 GB	5 GB	3.4 MB
30	f5/5ffb7a	966336	NFCORE_RNASEQ:RNASEQ:FASTQ_FASTQC_UMITOOLS_TRIMGALORE:TRIMGALORE (Pd17)	COMPLETED	0	2025-08-27 16:08:45.891	13m 26s	13m 25s	743.5%	5 GB	6.3 GB	107.8 GB	103 GB
163	e3/2cfa5c	1012550	NFCORE_RNASEQ:RNASEQ:FASTQ_SUBSAMPLE_FQ_SALMON:FQ_SUBSAMPLE (Pd17)	COMPLETED	0	2025-08-27 16:22:12.729	2m 20s	2m 19s	100.2%	10.3 MB	15.6 MB	6 GB	118.2 MB
29	44/4a4b45	1011162	NFCORE_RNASEQ:RNASEQ:FASTQ_FASTQC_UMITOOLS_TRIMGALORE:FASTQC (Pd17)	COMPLETED	0	2025-08-27 16:21:46.740	3m 27s	3m 26s	199.9%	1.5 GB	6 GB	4.7 GB	3.4 MB
59	73/72b12a	1030223	NFCORE_RNASEQ:RNASEQ:FASTQ_FASTQC_UMITOOLS_TRIMGALORE:FASTQC (Pd33)	COMPLETED	0	2025-08-27 16:25:13.910	4m 18s	4m 18s	174.9%	1.3 GB	6.1 GB	4.9 GB	3.4 MB
41	36/7f3c59	1046573	NFCORE_RNASEQ:RNASEQ:FASTQ_FASTQC_UMITOOLS_TRIMGALORE:FASTQC (Pd23)	COMPLETED	0	2025-08-27 16:29:32.291	3m 29s	3m 29s	190.6%	985.6 MB	6 GB	4.9 GB	3.4 MB
26	26/14425b	1012283	NFCORE_RNASEQ:RNASEQ:FASTQ_FASTQC_UMITOOLS_TRIMGALORE:TRIMGALORE (Pd15)	COMPLETED	0	2025-08-27 16:22:11.716	13m 30s	13m 29s	747.2%	4.9 GB	6.2 GB	108.3 GB	103.4 GB
39	ab/841ba9	1054194	NFCORE_RNASEQ:RNASEQ:FASTQ_FASTQC_UMITOOLS_TRIMGALORE:FASTQC (Pd22)	COMPLETED	0	2025-08-27 16:33:01.616	3m 29s	3m 28s	191.4%	1.5 GB	6.1 GB	4.9 GB	3.4 MB
164	3e/cce9d3	1057598	NFCORE_RNASEQ:RNASEQ:FASTQ_SUBSAMPLE_FQ_SALMON:FQ_SUBSAMPLE (Pd15)	COMPLETED	0	2025-08-27 16:35:42.673	2m 22s	2m 21s	100.1%	10.6 MB	15.6 MB	6.2 GB	121.8 MB
51	35/c2ccfb	1064296	NFCORE_RNASEQ:RNASEQ:FASTQ_FASTQC_UMITOOLS_TRIMGALORE:FASTQC (Pd29)	COMPLETED	0	2025-08-27 16:36:31.038	4m 19s	4m 18s	173.2%	1.4 GB	6.1 GB	5 GB	3.5 MB
22	97/87d7b0	1085268	NFCORE_RNASEQ:RNASEQ:FASTQ_FASTQC_UMITOOLS_TRIMGALORE:FASTQC (Pd13)	COMPLETED	0	2025-08-27 16:40:49.837	4m 7s	4m 6s	174.6%	1.3 GB	6.1 GB	4.8 GB	3.5 MB
60	b9/74d5d6	1096602	NFCORE_RNASEQ:RNASEQ:FASTQ_FASTQC_UMITOOLS_TRIMGALORE:FASTQC (Pd34)	COMPLETED	0	2025-08-27 16:44:57.180	3m 26s	3m 26s	193.0%	1.3 GB	6 GB	4.9 GB	3.4 MB
40	fd/064143	1057323	NFCORE_RNASEQ:RNASEQ:FASTQ_FASTQC_UMITOOLS_TRIMGALORE:TRIMGALORE (Pd24)	COMPLETED	0	2025-08-27 16:35:41.662	13m 36s	13m 35s	741.4%	4.9 GB	6.2 GB	108.6 GB	103.6 GB
165	6a/0bf096	1103582	NFCORE_RNASEQ:RNASEQ:FASTQ_SUBSAMPLE_FQ_SALMON:FQ_SUBSAMPLE (Pd24)	COMPLETED	0	2025-08-27 16:49:19.093	2m 23s	2m 23s	100.2%	10.6 MB	15.6 MB	6.3 GB	121.9 MB
65	25/5884fc	1101726	NFCORE_RNASEQ:RNASEQ:FASTQ_FASTQC_UMITOOLS_TRIMGALORE:FASTQC (Pd37)	COMPLETED	0	2025-08-27 16:48:23.436	4m 1s	4m 1s	180.8%	1.5 GB	6 GB	4.9 GB	3.5 MB
38	3f/cd99b6	1121675	NFCORE_RNASEQ:RNASEQ:FASTQ_FASTQC_UMITOOLS_TRIMGALORE:FASTQC (Pd21)	COMPLETED	0	2025-08-27 16:52:24.850	4m 18s	4m 17s	177.7%	1.4 GB	6.1 GB	4.7 GB	3.4 MB
45	cc/05beaf	1138188	NFCORE_RNASEQ:RNASEQ:FASTQ_FASTQC_UMITOOLS_TRIMGALORE:FASTQC (Pd25)	COMPLETED	0	2025-08-27 16:56:43.190	3m 32s	3m 31s	191.0%	1.2 GB	6 GB	5.1 GB	3.5 MB
77	69/4703ae	1103314	NFCORE_RNASEQ:RNASEQ:FASTQ_FASTQC_UMITOOLS_TRIMGALORE:TRIMGALORE (Pd43)	COMPLETED	0	2025-08-27 16:49:18.081	13m 39s	13m 38s	747.0%	4.9 GB	6.2 GB	108.5 GB	103.5 GB
66	e7/f33f5e	1145736	NFCORE_RNASEQ:RNASEQ:FASTQ_FASTQC_UMITOOLS_TRIMGALORE:FASTQC (Pd38)	COMPLETED	0	2025-08-27 17:00:15.016	3m 37s	3m 37s	187.6%	1.3 GB	6.1 GB	5 GB	3.4 MB
166	6c/83767a	1149114	NFCORE_RNASEQ:RNASEQ:FASTQ_SUBSAMPLE_FQ_SALMON:FQ_SUBSAMPLE (Pd43)	COMPLETED	0	2025-08-27 17:02:57.636	2m 26s	2m 25s	99.8%	10 MB	15.6 MB	6.3 GB	124.9 MB
5	d1/560faf	1156351	NFCORE_RNASEQ:RNASEQ:FASTQ_FASTQC_UMITOOLS_TRIMGALORE:FASTQC (Pd3)	COMPLETED	0	2025-08-27 17:03:52.357	4m 19s	4m 19s	170.8%	1.3 GB	6.1 GB	4.9 GB	3.4 MB
53	81/4131b5	1177177	NFCORE_RNASEQ:RNASEQ:FASTQ_FASTQC_UMITOOLS_TRIMGALORE:FASTQC (Pd30)	COMPLETED	0	2025-08-27 17:08:11.701	3m 54s	3m 53s	175.5%	1.3 GB	6.1 GB	4.8 GB	3.5 MB
43	03/23ef5e	1188001	NFCORE_RNASEQ:RNASEQ:FASTQ_FASTQC_UMITOOLS_TRIMGALORE:FASTQC (Pd24)	COMPLETED	0	2025-08-27 17:12:05.889	3m 24s	3m 23s	193.1%	1.3 GB	6 GB	4.9 GB	3.4 MB
80	02/7a1380	1148843	NFCORE_RNASEQ:RNASEQ:FASTQ_FASTQC_UMITOOLS_TRIMGALORE:TRIMGALORE (Pd45)	COMPLETED	0	2025-08-27 17:02:56.623	13m 34s	13m 33s	742.7%	4.7 GB	6.2 GB	108.5 GB	103.6 GB
167	14/000949	1195111	NFCORE_RNASEQ:RNASEQ:FASTQ_SUBSAMPLE_FQ_SALMON:FQ_SUBSAMPLE (Pd45)	COMPLETED	0	2025-08-27 17:16:31.817	2m 22s	2m 21s	100.2%	10.9 MB	15.6 MB	6.2 GB	121.8 MB
76	e0/f854cc	1193192	NFCORE_RNASEQ:RNASEQ:FASTQ_FASTQC_UMITOOLS_TRIMGALORE:FASTQC (Pd49)	COMPLETED	0	2025-08-27 17:15:30.123	3m 58s	3m 58s	181.2%	1.5 GB	6.1 GB	4.9 GB	3.4 MB
15	6b/1e5e55	1212364	NFCORE_RNASEQ:RNASEQ:FASTQ_FASTQC_UMITOOLS_TRIMGALORE:FASTQC (Pd9)	COMPLETED	0	2025-08-27 17:19:28.486	4m 17s	4m 17s	173.5%	1.4 GB	6.1 GB	4.8 GB	3.4 MB
61	4c/0b104a	1229080	NFCORE_RNASEQ:RNASEQ:FASTQ_FASTQC_UMITOOLS_TRIMGALORE:FASTQC (Pd35)	COMPLETED	0	2025-08-27 17:23:45.795	3m 33s	3m 32s	190.4%	1.5 GB	6 GB	5 GB	3.4 MB
18	f7/af40a2	1194838	NFCORE_RNASEQ:RNASEQ:FASTQ_FASTQC_UMITOOLS_TRIMGALORE:TRIMGALORE (Pd11)	COMPLETED	0	2025-08-27 17:16:30.803	13m 29s	13m 28s	742.2%	5 GB	6.3 GB	108.2 GB	103.3 GB
55	64/450fa8	1236894	NFCORE_RNASEQ:RNASEQ:FASTQ_FASTQC_UMITOOLS_TRIMGALORE:FASTQC (Pd31)	COMPLETED	0	2025-08-27 17:27:19.118	3m 35s	3m 35s	187.5%	1.4 GB	6.1 GB	5 GB	3.4 MB
168	ef/74bcf8	1240288	NFCORE_RNASEQ:RNASEQ:FASTQ_SUBSAMPLE_FQ_SALMON:FQ_SUBSAMPLE (Pd11)	COMPLETED	0	2025-08-27 17:30:00.738	2m 20s	2m 19s	100.2%	10.6 MB	15.6 MB	6.1 GB	119.9 MB
28	b2/c85c69	1247323	NFCORE_RNASEQ:RNASEQ:FASTQ_FASTQC_UMITOOLS_TRIMGALORE:FASTQC (Pd16)	COMPLETED	0	2025-08-27 17:30:54.425	4m 14s	4m 14s	172.6%	1.3 GB	6.1 GB	4.6 GB	3.4 MB
11	44/2b0853	1267508	NFCORE_RNASEQ:RNASEQ:FASTQ_FASTQC_UMITOOLS_TRIMGALORE:FASTQC (Pd7)	COMPLETED	0	2025-08-27 17:35:08.746	3m 53s	3m 52s	179.7%	1.4 GB	6.1 GB	4.7 GB	3.4 MB
25	79/4258c4	1278033	NFCORE_RNASEQ:RNASEQ:FASTQ_FASTQC_UMITOOLS_TRIMGALORE:FASTQC (Pd15)	COMPLETED	0	2025-08-27 17:39:01.970	3m 25s	3m 24s	189.0%	1.1 GB	6.1 GB	4.9 GB	3.4 MB
58	4a/9a0aef	1240019	NFCORE_RNASEQ:RNASEQ:FASTQ_FASTQC_UMITOOLS_TRIMGALORE:TRIMGALORE (Pd32)	COMPLETED	0	2025-08-27 17:29:59.728	13m 3s	13m 2s	731.6%	4.7 GB	6.2 GB	107.9 GB	103 GB
169	1a/427689	1284851	NFCORE_RNASEQ:RNASEQ:FASTQ_SUBSAMPLE_FQ_SALMON:FQ_SUBSAMPLE (Pd32)	COMPLETED	0	2025-08-27 17:43:03.959	2m 20s	2m 19s	100.2%	10.3 MB	15.6 MB	5.9 GB	115.9 MB
48	d3/e24a83	1283356	NFCORE_RNASEQ:RNASEQ:FASTQ_FASTQC_UMITOOLS_TRIMGALORE:FASTQC (Pd27)	COMPLETED	0	2025-08-27 17:42:27.188	4m 2s	4m 2s	180.1%	1.3 GB	6 GB	4.9 GB	3.5 MB
3	2f/a8f498	1304268	NFCORE_RNASEQ:RNASEQ:FASTQ_FASTQC_UMITOOLS_TRIMGALORE:FASTQC (Pd2)	COMPLETED	0	2025-08-27 17:46:29.475	4m 13s	4m 13s	172.1%	1.4 GB	6 GB	4.7 GB	3.5 MB
72	35/efdd6e	1319858	NFCORE_RNASEQ:RNASEQ:FASTQ_FASTQC_UMITOOLS_TRIMGALORE:FASTQC (Pd46)	COMPLETED	0	2025-08-27 17:50:42.784	3m 28s	3m 27s	190.9%	1.5 GB	6.1 GB	4.9 GB	3.4 MB
8	ce/882e0e	1284586	NFCORE_RNASEQ:RNASEQ:FASTQ_FASTQC_UMITOOLS_TRIMGALORE:TRIMGALORE (Pd5)	COMPLETED	0	2025-08-27 17:43:02.949	13m 37s	13m 36s	743.1%	4.6 GB	6.2 GB	108.5 GB	103.5 GB
68	ca/19442a	1326942	NFCORE_RNASEQ:RNASEQ:FASTQ_FASTQC_UMITOOLS_TRIMGALORE:FASTQC (Pd40)	COMPLETED	0	2025-08-27 17:54:11.109	3m 33s	3m 33s	186.4%	1.5 GB	6.1 GB	4.9 GB	3.4 MB
170	4c/8aceea	1330241	NFCORE_RNASEQ:RNASEQ:FASTQ_SUBSAMPLE_FQ_SALMON:FQ_SUBSAMPLE (Pd5)	COMPLETED	0	2025-08-27 17:56:40.925	2m 24s	2m 23s	100.2%	10.6 MB	15.6 MB	6.2 GB	122.3 MB
17	dc/8e3cda	1337993	NFCORE_RNASEQ:RNASEQ:FASTQ_FASTQC_UMITOOLS_TRIMGALORE:FASTQC (Pd11)	COMPLETED	0	2025-08-27 17:57:44.434	4m 8s	4m 8s	176.7%	1.4 GB	6.1 GB	4.8 GB	3.4 MB
79	97/338cfd	1357803	NFCORE_RNASEQ:RNASEQ:FASTQ_FASTQC_UMITOOLS_TRIMGALORE:FASTQC (Pd52)	COMPLETED	0	2025-08-27 18:01:52.703	3m 58s	3m 57s	178.0%	1 GB	6.1 GB	4.9 GB	3.4 MB
85	e4/448cdc	1368732	NFCORE_RNASEQ:RNASEQ:FASTQ_FASTQC_UMITOOLS_TRIMGALORE:FASTQC (Pd55)	COMPLETED	0	2025-08-27 18:05:50.963	3m 28s	3m 28s	192.5%	1.5 GB	6.1 GB	5 GB	3.4 MB
12	0e/40e3e4	1329911	NFCORE_RNASEQ:RNASEQ:FASTQ_FASTQC_UMITOOLS_TRIMGALORE:TRIMGALORE (Pd7)	COMPLETED	0	2025-08-27 17:56:39.915	13m 19s	13m 18s	735.4%	4.8 GB	6.3 GB	107.7 GB	103 GB
171	ae/09e0e9	1375677	NFCORE_RNASEQ:RNASEQ:FASTQ_SUBSAMPLE_FQ_SALMON:FQ_SUBSAMPLE (Pd7)	COMPLETED	0	2025-08-27 18:09:59.993	2m 17s	2m 16s	100.3%	10 MB	15.6 MB	6 GB	116.7 MB
88	2f/787d1b	1373980	NFCORE_RNASEQ:RNASEQ:FASTQ_FASTQC_UMITOOLS_TRIMGALORE:FASTQC (Pd56)	COMPLETED	0	2025-08-27 18:09:19.325	4m 9s	4m 9s	182.2%	1.5 GB	6.1 GB	4.8 GB	3.4 MB
90	6b/136e83	1395388	NFCORE_RNASEQ:RNASEQ:FASTQ_FASTQC_UMITOOLS_TRIMGALORE:FASTQC (Pd57)	COMPLETED	0	2025-08-27 18:13:28.725	4m 24s	4m 23s	175.9%	1.5 GB	6.1 GB	4.8 GB	3.4 MB
96	03/2bb0e1	1411092	NFCORE_RNASEQ:RNASEQ:FASTQ_FASTQC_UMITOOLS_TRIMGALORE:FASTQC (Pd63)	COMPLETED	0	2025-08-27 18:17:52.350	3m 32s	3m 32s	196.7%	1.4 GB	6 GB	4.8 GB	3.4 MB
20	9c/1edd98	1375407	NFCORE_RNASEQ:RNASEQ:FASTQ_FASTQC_UMITOOLS_TRIMGALORE:TRIMGALORE (Pd12)	COMPLETED	0	2025-08-27 18:09:58.983	13m 34s	13m 33s	745.4%	4.8 GB	6.3 GB	108.2 GB	103.3 GB
92	37/63741f	1417972	NFCORE_RNASEQ:RNASEQ:FASTQ_FASTQC_UMITOOLS_TRIMGALORE:FASTQC (Pd58)	COMPLETED	0	2025-08-27 18:21:24.760	3m 49s	3m 48s	187.9%	1.5 GB	6 GB	4.8 GB	3.4 MB
172	2a/6d0f95	1420898	NFCORE_RNASEQ:RNASEQ:FASTQ_SUBSAMPLE_FQ_SALMON:FQ_SUBSAMPLE (Pd12)	COMPLETED	0	2025-08-27 18:23:33.543	2m 25s	2m 24s	100.2%	10.3 MB	15.6 MB	6.2 GB	122.3 MB
98	46/b2ce36	1431986	NFCORE_RNASEQ:RNASEQ:FASTQ_FASTQC_UMITOOLS_TRIMGALORE:FASTQC (Pd66)	COMPLETED	0	2025-08-27 18:25:14.036	4m 22s	4m 22s	177.7%	1.4 GB	6.1 GB	4.8 GB	3.4 MB
99	1e/b0d477	1451348	NFCORE_RNASEQ:RNASEQ:FASTQ_FASTQC_UMITOOLS_TRIMGALORE:FASTQC (Pd69)	COMPLETED	0	2025-08-27 18:29:36.434	3m 46s	3m 46s	179.2%	1.3 GB	6 GB	4.9 GB	3.4 MB
102	d2/3e9f33	1461204	NFCORE_RNASEQ:RNASEQ:FASTQ_FASTQC_UMITOOLS_TRIMGALORE:FASTQC (Pd72)	COMPLETED	0	2025-08-27 18:33:22.451	3m 24s	3m 24s	188.8%	1.3 GB	6.1 GB	5.1 GB	3.4 MB
64	34/2c15f7	1420583	NFCORE_RNASEQ:RNASEQ:FASTQ_FASTQC_UMITOOLS_TRIMGALORE:TRIMGALORE (Pd34)	COMPLETED	0	2025-08-27 18:23:32.533	13m 31s	13m 30s	735.0%	4.7 GB	6.2 GB	108.4 GB	103.4 GB
173	e8/49dfd5	1466812	NFCORE_RNASEQ:RNASEQ:FASTQ_SUBSAMPLE_FQ_SALMON:FQ_SUBSAMPLE (Pd34)	COMPLETED	0	2025-08-27 18:37:04.266	2m 22s	2m 21s	100.3%	10.3 MB	15.6 MB	6.2 GB	121.3 MB
103	4b/c1d8d1	1465470	NFCORE_RNASEQ:RNASEQ:FASTQ_FASTQC_UMITOOLS_TRIMGALORE:FASTQC (Pd75)	COMPLETED	0	2025-08-27 18:36:46.710	4m 9s	4m 8s	176.4%	1.1 GB	6 GB	4.7 GB	3.4 MB
104	e1/2b305e	1488273	NFCORE_RNASEQ:RNASEQ:FASTQ_FASTQC_UMITOOLS_TRIMGALORE:FASTQC (Pd77)	COMPLETED	0	2025-08-27 18:40:56.033	4m 14s	4m 14s	173.5%	1.5 GB	6.1 GB	4.7 GB	3.4 MB
105	02/b00fc0	1502510	NFCORE_RNASEQ:RNASEQ:FASTQ_FASTQC_UMITOOLS_TRIMGALORE:FASTQC (Pd80)	COMPLETED	0	2025-08-27 18:45:10.298	3m 24s	3m 24s	190.7%	1.1 GB	6 GB	4.8 GB	3.4 MB
42	1e/706e9f	1466511	NFCORE_RNASEQ:RNASEQ:FASTQ_FASTQC_UMITOOLS_TRIMGALORE:TRIMGALORE (Pd25)	COMPLETED	0	2025-08-27 18:37:03.256	13m 27s	13m 26s	731.0%	4.8 GB	6.2 GB	108.6 GB	103.4 GB
108	55/d53af8	1509011	NFCORE_RNASEQ:RNASEQ:FASTQ_FASTQC_UMITOOLS_TRIMGALORE:FASTQC (Pd86)	COMPLETED	0	2025-08-27 18:48:34.567	3m 50s	3m 49s	184.6%	1.5 GB	6.1 GB	4.9 GB	3.4 MB
174	d4/d7ac93	1511783	NFCORE_RNASEQ:RNASEQ:FASTQ_SUBSAMPLE_FQ_SALMON:FQ_SUBSAMPLE (Pd25)	COMPLETED	0	2025-08-27 18:50:31.160	2m 25s	2m 25s	100.1%	10.3 MB	15.6 MB	6.3 GB	123.8 MB
109	4b/553903	1523924	NFCORE_RNASEQ:RNASEQ:FASTQ_FASTQC_UMITOOLS_TRIMGALORE:FASTQC (Pd87)	COMPLETED	0	2025-08-27 18:52:24.909	4m 27s	4m 26s	170.4%	1.4 GB	6.1 GB	5 GB	3.4 MB
107	6a/2de909	1542664	NFCORE_RNASEQ:RNASEQ:FASTQ_FASTQC_UMITOOLS_TRIMGALORE:FASTQC (Pd84)	COMPLETED	0	2025-08-27 18:56:52.198	3m 36s	3m 36s	187.0%	1.2 GB	6 GB	4.8 GB	3.4 MB
49	85/67b934	1511512	NFCORE_RNASEQ:RNASEQ:FASTQ_FASTQC_UMITOOLS_TRIMGALORE:TRIMGALORE (Pd28)	COMPLETED	0	2025-08-27 18:50:30.150	12m 57s	12m 56s	727.1%	5.1 GB	6.4 GB	107.9 GB	102.9 GB
110	61/9449ba	1551503	NFCORE_RNASEQ:RNASEQ:FASTQ_FASTQC_UMITOOLS_TRIMGALORE:FASTQC (Pd93)	COMPLETED	0	2025-08-27 19:00:28.559	3m 41s	3m 40s	188.7%	1.4 GB	6.1 GB	5.1 GB	3.4 MB
175	13/7639dc	1555451	NFCORE_RNASEQ:RNASEQ:FASTQ_SUBSAMPLE_FQ_SALMON:FQ_SUBSAMPLE (Pd28)	COMPLETED	0	2025-08-27 19:03:28.183	2m 21s	2m 20s	100.2%	10.6 MB	15.6 MB	5.9 GB	116.1 MB
111	7b/13bae3	1561306	NFCORE_RNASEQ:RNASEQ:FASTQ_FASTQC_UMITOOLS_TRIMGALORE:FASTQC (Pd95)	COMPLETED	0	2025-08-27 19:04:09.897	4m 27s	4m 26s	173.5%	1.4 GB	6.1 GB	5 GB	3.4 MB
112	0d/828385	1583411	NFCORE_RNASEQ:RNASEQ:FASTQ_FASTQC_UMITOOLS_TRIMGALORE:FASTQC (Pd98)	COMPLETED	0	2025-08-27 19:08:37.208	4m 5s	4m 5s	177.1%	1.4 GB	6 GB	4.9 GB	3.4 MB
113	0e/6e438c	1594754	NFCORE_RNASEQ:RNASEQ:FASTQ_FASTQC_UMITOOLS_TRIMGALORE:FASTQC (Pd103)	COMPLETED	0	2025-08-27 19:12:42.423	3m 26s	3m 26s	192.8%	1.4 GB	6.1 GB	5 GB	3.4 MB
6	c1/c1d0f1	1555183	NFCORE_RNASEQ:RNASEQ:FASTQ_FASTQC_UMITOOLS_TRIMGALORE:TRIMGALORE (Pd3)	COMPLETED	0	2025-08-27 19:03:27.163	13m 30s	13m 30s	747.4%	4.8 GB	6.2 GB	108.6 GB	103.6 GB
176	e6/c12a71	1601664	NFCORE_RNASEQ:RNASEQ:FASTQ_SUBSAMPLE_FQ_SALMON:FQ_SUBSAMPLE (Pd3)	COMPLETED	0	2025-08-27 19:16:58.334	2m 27s	2m 26s	100.0%	10.3 MB	15.6 MB	6.3 GB	123.9 MB
114	0a/a0f261	1599865	NFCORE_RNASEQ:RNASEQ:FASTQ_FASTQC_UMITOOLS_TRIMGALORE:FASTQC (Pd105)	COMPLETED	0	2025-08-27 19:16:08.669	4m 9s	4m 8s	176.7%	1.5 GB	6 GB	5.1 GB	3.4 MB
115	64/1bbaed	1620690	NFCORE_RNASEQ:RNASEQ:FASTQ_FASTQC_UMITOOLS_TRIMGALORE:FASTQC (Pd106)	COMPLETED	0	2025-08-27 19:20:17.948	4m 18s	4m 17s	171.4%	1.4 GB	6 GB	4.8 GB	3.4 MB
119	73/446f2b	1636617	NFCORE_RNASEQ:RNASEQ:FASTQ_FASTQC_UMITOOLS_TRIMGALORE:FASTQC (Pd115)	COMPLETED	0	2025-08-27 19:24:36.186	3m 24s	3m 24s	190.1%	1.5 GB	6.1 GB	4.8 GB	3.4 MB
10	c9/ba73a3	1601395	NFCORE_RNASEQ:RNASEQ:FASTQ_FASTQC_UMITOOLS_TRIMGALORE:TRIMGALORE (Pd6)	COMPLETED	0	2025-08-27 19:16:57.324	13m 27s	13m 27s	735.0%	4.8 GB	6.3 GB	107.9 GB	103.1 GB
118	ce/adae61	1643649	NFCORE_RNASEQ:RNASEQ:FASTQ_FASTQC_UMITOOLS_TRIMGALORE:FASTQC (Pd112)	COMPLETED	0	2025-08-27 19:28:00.457	3m 39s	3m 39s	185.9%	1.3 GB	6.1 GB	4.8 GB	3.4 MB
177	c9/dcc70a	1646879	NFCORE_RNASEQ:RNASEQ:FASTQ_SUBSAMPLE_FQ_SALMON:FQ_SUBSAMPLE (Pd6)	COMPLETED	0	2025-08-27 19:30:25.746	2m 19s	2m 18s	100.3%	10.3 MB	15.6 MB	6 GB	118.1 MB
116	14/050eba	1655586	NFCORE_RNASEQ:RNASEQ:FASTQ_FASTQC_UMITOOLS_TRIMGALORE:FASTQC (Pd110)	COMPLETED	0	2025-08-27 19:31:39.783	4m 19s	4m 18s	170.3%	1.4 GB	6.1 GB	4.8 GB	3.4 MB
120	7f/950a4f	1675444	NFCORE_RNASEQ:RNASEQ:FASTQ_FASTQC_UMITOOLS_TRIMGALORE:FASTQC (Pd119)	COMPLETED	0	2025-08-27 19:35:59.056	3m 45s	3m 45s	181.9%	1.3 GB	6.1 GB	4.8 GB	3.4 MB
122	d9/a4ff44	1685293	NFCORE_RNASEQ:RNASEQ:FASTQ_FASTQC_UMITOOLS_TRIMGALORE:FASTQC (Pd120)	COMPLETED	0	2025-08-27 19:39:44.361	3m 27s	3m 27s	189.5%	1.5 GB	6 GB	4.9 GB	3.4 MB
35	b5/d1556e	1646608	NFCORE_RNASEQ:RNASEQ:FASTQ_FASTQC_UMITOOLS_TRIMGALORE:TRIMGALORE (Pd21)	COMPLETED	0	2025-08-27 19:30:24.735	13m 5s	13m 4s	730.8%	5 GB	6.3 GB	107.6 GB	102.9 GB
178	64/858a4b	1691623	NFCORE_RNASEQ:RNASEQ:FASTQ_SUBSAMPLE_FQ_SALMON:FQ_SUBSAMPLE (Pd21)	COMPLETED	0	2025-08-27 19:43:30.973	2m 19s	2m 18s	100.2%	10.3 MB	15.6 MB	5.8 GB	114.2 MB
124	56/d7119a	1690413	NFCORE_RNASEQ:RNASEQ:FASTQ_FASTQC_UMITOOLS_TRIMGALORE:FASTQC (Pd122)	COMPLETED	0	2025-08-27 19:43:11.621	4m 10s	4m 9s	174.9%	1.3 GB	6 GB	4.9 GB	3.4 MB
125	e4/64fde4	1713012	NFCORE_RNASEQ:RNASEQ:FASTQ_FASTQC_UMITOOLS_TRIMGALORE:FASTQC (Pd123)	COMPLETED	0	2025-08-27 19:47:21.862	4m 11s	4m 10s	175.5%	1.4 GB	6.1 GB	4.8 GB	3.4 MB
128	1f/f7ddf4	1726796	NFCORE_RNASEQ:RNASEQ:FASTQ_FASTQC_UMITOOLS_TRIMGALORE:FASTQC (Pd128)	COMPLETED	0	2025-08-27 19:51:33.087	3m 27s	3m 27s	195.1%	1.3 GB	6 GB	4.8 GB	3.4 MB
73	e1/c05690	1691347	NFCORE_RNASEQ:RNASEQ:FASTQ_FASTQC_UMITOOLS_TRIMGALORE:TRIMGALORE (Pd37)	COMPLETED	0	2025-08-27 19:43:29.964	13m 14s	13m 13s	724.8%	5 GB	6.3 GB	108.1 GB	103.1 GB
137	0c/36c576	1733365	NFCORE_RNASEQ:RNASEQ:FASTQ_FASTQC_UMITOOLS_TRIMGALORE:FASTQC (Pd142)	COMPLETED	0	2025-08-27 19:55:00.323	3m 2s	3m 2s	186.5%	1.4 GB	6 GB	3.9 GB	3.5 MB
179	9b/569268	1735886	NFCORE_RNASEQ:RNASEQ:FASTQ_SUBSAMPLE_FQ_SALMON:FQ_SUBSAMPLE (Pd37)	COMPLETED	0	2025-08-27 19:56:45.189	2m 24s	2m 23s	100.2%	10.9 MB	15.6 MB	6.1 GB	119.4 MB
132	a5/c7e6b3	1745015	NFCORE_RNASEQ:RNASEQ:FASTQ_FASTQC_UMITOOLS_TRIMGALORE:FASTQC (Pd130)	COMPLETED	0	2025-08-27 19:58:02.648	4m 24s	4m 23s	177.0%	1.5 GB	6.1 GB	4.7 GB	3.4 MB
134	93/4b4b60	1764595	NFCORE_RNASEQ:RNASEQ:FASTQ_FASTQC_UMITOOLS_TRIMGALORE:FASTQC (Pd137)	COMPLETED	0	2025-08-27 20:02:26.999	3m 47s	3m 47s	185.8%	1.2 GB	6.1 GB	4.7 GB	3.4 MB
138	4d/ca6243	1774352	NFCORE_RNASEQ:RNASEQ:FASTQ_FASTQC_UMITOOLS_TRIMGALORE:FASTQC (Pd143)	COMPLETED	0	2025-08-27 20:06:14.477	3m 16s	3m 16s	189.1%	1.5 GB	6.1 GB	4.8 GB	3.4 MB
21	42/b0a676	1735615	NFCORE_RNASEQ:RNASEQ:FASTQ_FASTQC_UMITOOLS_TRIMGALORE:TRIMGALORE (Pd13)	COMPLETED	0	2025-08-27 19:56:44.178	12m 55s	12m 55s	731.0%	4.9 GB	6.2 GB	107.9 GB	103 GB
180	5d/beb8e6	1780132	NFCORE_RNASEQ:RNASEQ:FASTQ_SUBSAMPLE_FQ_SALMON:FQ_SUBSAMPLE (Pd13)	COMPLETED	0	2025-08-27 20:09:40.442	2m 17s	2m 17s	100.2%	10.3 MB	15.6 MB	5.9 GB	116 MB
133	c3/ecdddc	1779091	NFCORE_RNASEQ:RNASEQ:FASTQ_FASTQC_UMITOOLS_TRIMGALORE:FASTQC (Pd134)	COMPLETED	0	2025-08-27 20:09:30.782	4m 11s	4m 10s	174.6%	1.5 GB	6.1 GB	4.8 GB	3.4 MB
141	79/7afc09	1802543	NFCORE_RNASEQ:RNASEQ:FASTQ_FASTQC_UMITOOLS_TRIMGALORE:FASTQC (Pd149)	COMPLETED	0	2025-08-27 20:13:42.155	4m 11s	4m 11s	172.6%	1.4 GB	6.1 GB	4.7 GB	3.4 MB
145	d3/5ef4ac	1816633	NFCORE_RNASEQ:RNASEQ:FASTQ_FASTQC_UMITOOLS_TRIMGALORE:FASTQC (Pd150)	COMPLETED	0	2025-08-27 20:17:53.457	3m 18s	3m 18s	189.5%	1.4 GB	6 GB	4.5 GB	3.5 MB
36	18/af30f0	1779806	NFCORE_RNASEQ:RNASEQ:FASTQ_FASTQC_UMITOOLS_TRIMGALORE:TRIMGALORE (Pd22)	COMPLETED	0	2025-08-27 20:09:39.432	13m 42s	13m 42s	739.6%	4.6 GB	6.2 GB	108.2 GB	103.3 GB
151	47/6f7041	1822934	NFCORE_RNASEQ:RNASEQ:FASTQ_FASTQC_UMITOOLS_TRIMGALORE:FASTQC (Pd152)	COMPLETED	0	2025-08-27 20:21:11.773	3m 41s	3m 40s	185.9%	1.5 GB	6.1 GB	4.6 GB	3.4 MB
181	30/fbb1dc	1825872	NFCORE_RNASEQ:RNASEQ:FASTQ_SUBSAMPLE_FQ_SALMON:FQ_SUBSAMPLE (Pd22)	COMPLETED	0	2025-08-27 20:23:22.521	2m 23s	2m 23s	100.2%	10.6 MB	15.6 MB	6.2 GB	122.1 MB
67	ee/14cd85	1825599	NFCORE_RNASEQ:RNASEQ:FASTQ_FASTQC_UMITOOLS_TRIMGALORE:TRIMGALORE (Pd35)	COMPLETED	0	2025-08-27 20:23:21.511	13m 1s	13m 1s	758.0%	4.6 GB	6.2 GB	108.8 GB	103.8 GB
182	f8/04be1a	1860799	NFCORE_RNASEQ:RNASEQ:FASTQ_SUBSAMPLE_FQ_SALMON:FQ_SUBSAMPLE (Pd35)	COMPLETED	0	2025-08-27 20:36:23.609	2m 22s	2m 21s	100.2%	10.3 MB	15.6 MB	6.3 GB	122.6 MB
54	16/a085d5	1860525	NFCORE_RNASEQ:RNASEQ:FASTQ_FASTQC_UMITOOLS_TRIMGALORE:TRIMGALORE (Pd30)	COMPLETED	0	2025-08-27 20:36:22.598	11m 25s	11m 24s	720.3%	4.7 GB	6.2 GB	107.3 GB	102.4 GB
183	55/d56230	1891788	NFCORE_RNASEQ:RNASEQ:FASTQ_SUBSAMPLE_FQ_SALMON:FQ_SUBSAMPLE (Pd30)	COMPLETED	0	2025-08-27 20:47:48.950	2m 7s	2m 6s	100.2%	10 MB	15.6 MB	5.5 GB	109 MB
33	88/73de53	1891516	NFCORE_RNASEQ:RNASEQ:FASTQ_FASTQC_UMITOOLS_TRIMGALORE:TRIMGALORE (Pd20)	COMPLETED	0	2025-08-27 20:47:47.938	12m 50s	12m 50s	771.0%	4.9 GB	6.2 GB	108.2 GB	103.4 GB
184	f8/7f1d09	1925340	NFCORE_RNASEQ:RNASEQ:FASTQ_SUBSAMPLE_FQ_SALMON:FQ_SUBSAMPLE (Pd20)	COMPLETED	0	2025-08-27 21:00:39.381	2m 21s	2m 21s	100.2%	10.3 MB	15.6 MB	6.1 GB	119.7 MB
70	3b/9e4807	1925059	NFCORE_RNASEQ:RNASEQ:FASTQ_FASTQC_UMITOOLS_TRIMGALORE:TRIMGALORE (Pd36)	COMPLETED	0	2025-08-27 21:00:38.370	12m 43s	12m 43s	759.6%	5 GB	6.3 GB	108.2 GB	103.3 GB
185	38/84c4c5	1958574	NFCORE_RNASEQ:RNASEQ:FASTQ_SUBSAMPLE_FQ_SALMON:FQ_SUBSAMPLE (Pd36)	COMPLETED	0	2025-08-27 21:13:21.796	2m 17s	2m 16s	100.2%	10.6 MB	15.6 MB	6.1 GB	119.7 MB
74	59/4743b6	1958565	NFCORE_RNASEQ:RNASEQ:FASTQ_FASTQC_UMITOOLS_TRIMGALORE:TRIMGALORE (Pd38)	COMPLETED	0	2025-08-27 21:13:21.781	12m 55s	12m 54s	762.6%	4.7 GB	6.3 GB	108.5 GB	103.5 GB
186	64/705cd6	1992431	NFCORE_RNASEQ:RNASEQ:FASTQ_SUBSAMPLE_FQ_SALMON:FQ_SUBSAMPLE (Pd38)	COMPLETED	0	2025-08-27 21:26:17.447	2m 22s	2m 21s	100.3%	10.3 MB	15.6 MB	6.3 GB	123.5 MB
82	9c/9e0dba	1992155	NFCORE_RNASEQ:RNASEQ:FASTQ_FASTQC_UMITOOLS_TRIMGALORE:TRIMGALORE (Pd49)	COMPLETED	0	2025-08-27 21:26:16.436	13m	13m	772.6%	4.9 GB	6.3 GB	108.7 GB	103.7 GB
187	d5/7a7eba	2026625	NFCORE_RNASEQ:RNASEQ:FASTQ_SUBSAMPLE_FQ_SALMON:FQ_SUBSAMPLE (Pd49)	COMPLETED	0	2025-08-27 21:39:17.352	2m 22s	2m 21s	100.3%	10.6 MB	15.6 MB	6.3 GB	123.4 MB
16	ed/ab0d8e	2026351	NFCORE_RNASEQ:RNASEQ:FASTQ_FASTQC_UMITOOLS_TRIMGALORE:TRIMGALORE (Pd9)	COMPLETED	0	2025-08-27 21:39:16.342	12m 53s	12m 52s	770.7%	4.9 GB	6.2 GB	108.2 GB	103.3 GB
188	00/6a5ded	2060585	NFCORE_RNASEQ:RNASEQ:FASTQ_SUBSAMPLE_FQ_SALMON:FQ_SUBSAMPLE (Pd9)	COMPLETED	0	2025-08-27 21:52:10.141	2m 19s	2m 18s	100.2%	10.3 MB	15.6 MB	6.2 GB	121.5 MB
62	5a/c7bd46	2060312	NFCORE_RNASEQ:RNASEQ:FASTQ_FASTQC_UMITOOLS_TRIMGALORE:TRIMGALORE (Pd33)	COMPLETED	0	2025-08-27 21:52:09.130	13m 2s	13m 2s	762.0%	4.9 GB	6.2 GB	108.4 GB	103.5 GB
189	83/bf25de	2094490	NFCORE_RNASEQ:RNASEQ:FASTQ_SUBSAMPLE_FQ_SALMON:FQ_SUBSAMPLE (Pd33)	COMPLETED	0	2025-08-27 22:05:12.347	2m 21s	2m 21s	100.0%	10.3 MB	15.6 MB	6.3 GB	122.5 MB
81	32/233e8e	2094210	NFCORE_RNASEQ:RNASEQ:FASTQ_FASTQC_UMITOOLS_TRIMGALORE:TRIMGALORE (Pd46)	COMPLETED	0	2025-08-27 22:05:11.337	13m 5s	13m 5s	769.4%	4.9 GB	6.2 GB	108.7 GB	103.7 GB
190	24/4a32cc	2128684	NFCORE_RNASEQ:RNASEQ:FASTQ_SUBSAMPLE_FQ_SALMON:FQ_SUBSAMPLE (Pd46)	COMPLETED	0	2025-08-27 22:18:17.373	2m 22s	2m 22s	100.2%	10.3 MB	15.6 MB	6.3 GB	123.7 MB
44	3e/a65043	2128409	NFCORE_RNASEQ:RNASEQ:FASTQ_FASTQC_UMITOOLS_TRIMGALORE:TRIMGALORE (Pd26)	COMPLETED	0	2025-08-27 22:18:16.363	13m 10s	13m 10s	776.1%	4.7 GB	6.3 GB	108.9 GB	103.8 GB
191	b1/142f75	2163177	NFCORE_RNASEQ:RNASEQ:FASTQ_SUBSAMPLE_FQ_SALMON:FQ_SUBSAMPLE (Pd26)	COMPLETED	0	2025-08-27 22:31:27.757	2m 25s	2m 24s	100.3%	10.3 MB	15.6 MB	6.5 GB	126.7 MB
57	db/761b6e	2162898	NFCORE_RNASEQ:RNASEQ:FASTQ_FASTQC_UMITOOLS_TRIMGALORE:TRIMGALORE (Pd31)	COMPLETED	0	2025-08-27 22:31:26.746	13m 10s	13m 9s	772.0%	4.6 GB	6.2 GB	109.1 GB	104 GB
192	99/b89a9c	2197656	NFCORE_RNASEQ:RNASEQ:FASTQ_SUBSAMPLE_FQ_SALMON:FQ_SUBSAMPLE (Pd31)	COMPLETED	0	2025-08-27 22:44:37.328	2m 31s	2m 31s	100.2%	10.3 MB	15.6 MB	6.5 GB	126.3 MB
52	32/afab7a	2197375	NFCORE_RNASEQ:RNASEQ:FASTQ_FASTQC_UMITOOLS_TRIMGALORE:TRIMGALORE (Pd29)	COMPLETED	0	2025-08-27 22:44:36.317	12m 56s	12m 56s	762.9%	5 GB	6.3 GB	108.7 GB	103.6 GB
193	05/0dcb6f	2231709	NFCORE_RNASEQ:RNASEQ:FASTQ_SUBSAMPLE_FQ_SALMON:FQ_SUBSAMPLE (Pd29)	COMPLETED	0	2025-08-27 22:57:33.290	2m 22s	2m 21s	100.2%	10 MB	15.6 MB	6.3 GB	122.6 MB
75	c7/132220	2231427	NFCORE_RNASEQ:RNASEQ:FASTQ_FASTQC_UMITOOLS_TRIMGALORE:TRIMGALORE (Pd40)	COMPLETED	0	2025-08-27 22:57:32.279	12m 51s	12m 51s	767.4%	4.6 GB	6.2 GB	106.6 GB	101.7 GB
194	ba/8ed39d	2265671	NFCORE_RNASEQ:RNASEQ:FASTQ_SUBSAMPLE_FQ_SALMON:FQ_SUBSAMPLE (Pd40)	COMPLETED	0	2025-08-27 23:10:24.365	2m 21s	2m 21s	100.2%	9.7 MB	15.5 MB	6.3 GB	125.3 MB
4	fc/3e812a	2265395	NFCORE_RNASEQ:RNASEQ:FASTQ_FASTQC_UMITOOLS_TRIMGALORE:TRIMGALORE (Pd2)	COMPLETED	0	2025-08-27 23:10:23.354	11m 59s	11m 59s	750.8%	5 GB	6.3 GB	107.3 GB	102.6 GB
195	b4/a118e9	2297708	NFCORE_RNASEQ:RNASEQ:FASTQ_SUBSAMPLE_FQ_SALMON:FQ_SUBSAMPLE (Pd2)	COMPLETED	0	2025-08-27 23:22:23.713	2m 8s	2m 7s	100.3%	10.3 MB	15.6 MB	5.6 GB	111.3 MB
83	64/3598bf	2297431	NFCORE_RNASEQ:RNASEQ:FASTQ_FASTQC_UMITOOLS_TRIMGALORE:TRIMGALORE (Pd51)	COMPLETED	0	2025-08-27 23:22:22.703	12m 57s	12m 56s	767.8%	4.6 GB	6.2 GB	108.6 GB	103.6 GB
196	0f/4c7ebb	2331491	NFCORE_RNASEQ:RNASEQ:FASTQ_SUBSAMPLE_FQ_SALMON:FQ_SUBSAMPLE (Pd51)	COMPLETED	0	2025-08-27 23:35:20.500	2m 23s	2m 22s	100.2%	10.3 MB	15.6 MB	6.3 GB	123.5 MB
47	d6/9e3a50	2331210	NFCORE_RNASEQ:RNASEQ:FASTQ_FASTQC_UMITOOLS_TRIMGALORE:TRIMGALORE (Pd27)	COMPLETED	0	2025-08-27 23:35:19.489	12m 51s	12m 51s	760.1%	5 GB	6.4 GB	108.5 GB	103.5 GB
197	c0/d74667	2365189	NFCORE_RNASEQ:RNASEQ:FASTQ_SUBSAMPLE_FQ_SALMON:FQ_SUBSAMPLE (Pd27)	COMPLETED	0	2025-08-27 23:48:11.576	2m 19s	2m 18s	100.3%	10.3 MB	15.6 MB	6.1 GB	120 MB
27	1f/f68f15	2364912	NFCORE_RNASEQ:RNASEQ:FASTQ_FASTQC_UMITOOLS_TRIMGALORE:TRIMGALORE (Pd16)	COMPLETED	0	2025-08-27 23:48:10.567	12m 47s	12m 46s	766.8%	5 GB	6.3 GB	107.7 GB	103 GB
198	c3/17084a	2398942	NFCORE_RNASEQ:RNASEQ:FASTQ_SUBSAMPLE_FQ_SALMON:FQ_SUBSAMPLE (Pd16)	COMPLETED	0	2025-08-28 00:00:58.865	2m 15s	2m 14s	100.3%	10 MB	15.6 MB	6 GB	117 MB
24	8f/1770fb	2398663	NFCORE_RNASEQ:RNASEQ:FASTQ_FASTQC_UMITOOLS_TRIMGALORE:TRIMGALORE (Pd14)	COMPLETED	0	2025-08-28 00:00:57.855	12m 46s	12m 45s	769.1%	4.6 GB	6.2 GB	108.4 GB	103.5 GB
199	8e/2a0f05	2432576	NFCORE_RNASEQ:RNASEQ:FASTQ_SUBSAMPLE_FQ_SALMON:FQ_SUBSAMPLE (Pd14)	COMPLETED	0	2025-08-28 00:13:45.094	2m 19s	2m 18s	100.3%	10.3 MB	15.6 MB	6.1 GB	120.6 MB
84	e9/bca67c	2432293	NFCORE_RNASEQ:RNASEQ:FASTQ_FASTQC_UMITOOLS_TRIMGALORE:TRIMGALORE (Pd52)	COMPLETED	0	2025-08-28 00:13:44.083	12m 53s	12m 52s	761.9%	4.7 GB	6.2 GB	108.5 GB	103.5 GB
200	12/085c96	2466231	NFCORE_RNASEQ:RNASEQ:FASTQ_SUBSAMPLE_FQ_SALMON:FQ_SUBSAMPLE (Pd52)	COMPLETED	0	2025-08-28 00:26:37.705	2m 20s	2m 19s	100.1%	10.3 MB	15.6 MB	6.2 GB	121.7 MB
86	1a/8fd30e	2465956	NFCORE_RNASEQ:RNASEQ:FASTQ_FASTQC_UMITOOLS_TRIMGALORE:TRIMGALORE (Pd55)	COMPLETED	0	2025-08-28 00:26:36.695	12m 56s	12m 55s	762.8%	4.7 GB	6.2 GB	108.7 GB	103.6 GB
201	32/8f8a1d	2500082	NFCORE_RNASEQ:RNASEQ:FASTQ_SUBSAMPLE_FQ_SALMON:FQ_SUBSAMPLE (Pd55)	COMPLETED	0	2025-08-28 00:39:33.557	2m 22s	2m 20s	100.3%	10 MB	15.6 MB	6.3 GB	124.1 MB
87	25/f13322	2499813	NFCORE_RNASEQ:RNASEQ:FASTQ_FASTQC_UMITOOLS_TRIMGALORE:TRIMGALORE (Pd56)	COMPLETED	0	2025-08-28 00:39:32.546	12m 40s	12m 38s	751.5%	5 GB	6.3 GB	107.8 GB	103 GB
202	d6/efd3fd	2533108	NFCORE_RNASEQ:RNASEQ:FASTQ_SUBSAMPLE_FQ_SALMON:FQ_SUBSAMPLE (Pd56)	COMPLETED	0	2025-08-28 00:52:13.084	2m 15s	2m 14s	100.3%	10 MB	15.6 MB	6 GB	116.6 MB
89	11/ed44fb	2532834	NFCORE_RNASEQ:RNASEQ:FASTQ_FASTQC_UMITOOLS_TRIMGALORE:TRIMGALORE (Pd57)	COMPLETED	0	2025-08-28 00:52:12.074	12m 40s	12m 39s	748.9%	5 GB	6.3 GB	107.9 GB	103 GB
203	52/4523b5	2566243	NFCORE_RNASEQ:RNASEQ:FASTQ_SUBSAMPLE_FQ_SALMON:FQ_SUBSAMPLE (Pd57)	COMPLETED	0	2025-08-28 01:04:53.235	2m 15s	2m 14s	100.2%	10.6 MB	15.6 MB	6 GB	117.4 MB
91	3a/666d21	2565960	NFCORE_RNASEQ:RNASEQ:FASTQ_FASTQC_UMITOOLS_TRIMGALORE:TRIMGALORE (Pd58)	COMPLETED	0	2025-08-28 01:04:52.223	12m 45s	12m 45s	758.0%	5 GB	6.3 GB	108.3 GB	103.3 GB
204	6c/18fa68	2599566	NFCORE_RNASEQ:RNASEQ:FASTQ_SUBSAMPLE_FQ_SALMON:FQ_SUBSAMPLE (Pd58)	COMPLETED	0	2025-08-28 01:17:38.372	2m 17s	2m 16s	100.2%	10.3 MB	15.6 MB	6.1 GB	117.8 MB
94	25/5f9e37	2599285	NFCORE_RNASEQ:RNASEQ:FASTQ_FASTQC_UMITOOLS_TRIMGALORE:TRIMGALORE (Pd66)	COMPLETED	0	2025-08-28 01:17:37.361	12m 41s	12m 41s	759.7%	4.7 GB	6.3 GB	108.1 GB	103.1 GB
205	10/961912	2632773	NFCORE_RNASEQ:RNASEQ:FASTQ_SUBSAMPLE_FQ_SALMON:FQ_SUBSAMPLE (Pd66)	COMPLETED	0	2025-08-28 01:30:19.579	2m 17s	2m 16s	100.3%	10.3 MB	15.6 MB	6.1 GB	118.8 MB
93	e3/6f5f21	2632501	NFCORE_RNASEQ:RNASEQ:FASTQ_FASTQC_UMITOOLS_TRIMGALORE:TRIMGALORE (Pd63)	COMPLETED	0	2025-08-28 01:30:18.569	12m 20s	12m 19s	741.0%	5.1 GB	6.4 GB	107.6 GB	102.8 GB
206	a8/7e9853	2665117	NFCORE_RNASEQ:RNASEQ:FASTQ_SUBSAMPLE_FQ_SALMON:FQ_SUBSAMPLE (Pd63)	COMPLETED	0	2025-08-28 01:42:39.895	2m 12s	2m 11s	100.3%	10.3 MB	15.6 MB	5.8 GB	111.9 MB
95	fd/08f903	2664838	NFCORE_RNASEQ:RNASEQ:FASTQ_FASTQC_UMITOOLS_TRIMGALORE:TRIMGALORE (Pd69)	COMPLETED	0	2025-08-28 01:42:38.885	13m 6s	13m 5s	769.4%	4.7 GB	6.2 GB	108.9 GB	103.8 GB
207	50/114551	2699275	NFCORE_RNASEQ:RNASEQ:FASTQ_SUBSAMPLE_FQ_SALMON:FQ_SUBSAMPLE (Pd69)	COMPLETED	0	2025-08-28 01:55:45.976	2m 23s	2m 22s	100.3%	10.3 MB	15.6 MB	6.4 GB	125.4 MB
97	b4/ef503a	2698995	NFCORE_RNASEQ:RNASEQ:FASTQ_FASTQC_UMITOOLS_TRIMGALORE:TRIMGALORE (Pd72)	COMPLETED	0	2025-08-28 01:55:44.966	13m 11s	13m 10s	771.8%	4.6 GB	6.2 GB	109 GB	103.8 GB
208	9c/d3ea62	2733760	NFCORE_RNASEQ:RNASEQ:FASTQ_SUBSAMPLE_FQ_SALMON:FQ_SUBSAMPLE (Pd72)	COMPLETED	0	2025-08-28 02:08:57.232	2m 26s	2m 25s	100.2%	10.3 MB	15.6 MB	6.5 GB	128.2 MB
100	5c/9e5726	2733489	NFCORE_RNASEQ:RNASEQ:FASTQ_FASTQC_UMITOOLS_TRIMGALORE:TRIMGALORE (Pd75)	COMPLETED	0	2025-08-28 02:08:56.222	12m 41s	12m 40s	769.7%	4.8 GB	6.2 GB	108.2 GB	103.3 GB
209	87/264e7f	2767321	NFCORE_RNASEQ:RNASEQ:FASTQ_SUBSAMPLE_FQ_SALMON:FQ_SUBSAMPLE (Pd75)	COMPLETED	0	2025-08-28 02:21:37.899	2m 18s	2m 17s	100.3%	10.3 MB	15.6 MB	6 GB	118.2 MB
101	0b/717d16	2767042	NFCORE_RNASEQ:RNASEQ:FASTQ_FASTQC_UMITOOLS_TRIMGALORE:TRIMGALORE (Pd77)	COMPLETED	0	2025-08-28 02:21:36.889	12m 42s	12m 41s	764.3%	4.8 GB	6.2 GB	107.8 GB	103 GB
210	ab/fb2b06	2800625	NFCORE_RNASEQ:RNASEQ:FASTQ_SUBSAMPLE_FQ_SALMON:FQ_SUBSAMPLE (Pd77)	COMPLETED	0	2025-08-28 02:34:19.559	2m 16s	2m 15s	100.2%	10.3 MB	15.6 MB	6 GB	117.1 MB
106	bf/8eb6a2	2800349	NFCORE_RNASEQ:RNASEQ:FASTQ_FASTQC_UMITOOLS_TRIMGALORE:TRIMGALORE (Pd80)	COMPLETED	0	2025-08-28 02:34:18.549	12m 57s	12m 55s	764.6%	5 GB	6.3 GB	108.3 GB	103.4 GB
211	22/22eda4	2834524	NFCORE_RNASEQ:RNASEQ:FASTQ_SUBSAMPLE_FQ_SALMON:FQ_SUBSAMPLE (Pd80)	COMPLETED	0	2025-08-28 02:47:16.168	2m 20s	2m 19s	100.3%	10.3 MB	15.6 MB	6.2 GB	121.4 MB
117	8b/b45557	2834249	NFCORE_RNASEQ:RNASEQ:FASTQ_FASTQC_UMITOOLS_TRIMGALORE:TRIMGALORE (Pd84)	COMPLETED	0	2025-08-28 02:47:15.158	12m 31s	12m 30s	753.6%	5.1 GB	6.4 GB	108 GB	103.1 GB
212	25/dfe743	2867468	NFCORE_RNASEQ:RNASEQ:FASTQ_SUBSAMPLE_FQ_SALMON:FQ_SUBSAMPLE (Pd84)	COMPLETED	0	2025-08-28 02:59:46.759	2m 13s	2m 12s	100.2%	10.3 MB	15.6 MB	5.9 GB	115.1 MB
121	d5/2dae8b	2867190	NFCORE_RNASEQ:RNASEQ:FASTQ_FASTQC_UMITOOLS_TRIMGALORE:TRIMGALORE (Pd86)	COMPLETED	0	2025-08-28 02:59:45.750	12m 58s	12m 57s	765.1%	4.9 GB	6.2 GB	108.5 GB	103.5 GB
213	3f/88708b	2901296	NFCORE_RNASEQ:RNASEQ:FASTQ_SUBSAMPLE_FQ_SALMON:FQ_SUBSAMPLE (Pd86)	COMPLETED	0	2025-08-28 03:12:44.808	2m 21s	2m 20s	100.2%	10 MB	15.6 MB	6.3 GB	122.5 MB
126	60/43b80d	2901024	NFCORE_RNASEQ:RNASEQ:FASTQ_FASTQC_UMITOOLS_TRIMGALORE:TRIMGALORE (Pd93)	COMPLETED	0	2025-08-28 03:12:43.799	13m 2s	13m 1s	766.2%	4.9 GB	6.3 GB	108.9 GB	103.8 GB
214	4c/b2aaa0	2935483	NFCORE_RNASEQ:RNASEQ:FASTQ_SUBSAMPLE_FQ_SALMON:FQ_SUBSAMPLE (Pd93)	COMPLETED	0	2025-08-28 03:25:46.879	2m 23s	2m 22s	100.2%	10.6 MB	15.6 MB	6.4 GB	125.2 MB
123	39/dd7c63	2935209	NFCORE_RNASEQ:RNASEQ:FASTQ_FASTQC_UMITOOLS_TRIMGALORE:TRIMGALORE (Pd87)	COMPLETED	0	2025-08-28 03:25:45.866	13m 6s	13m 5s	770.4%	4.9 GB	6.2 GB	108.8 GB	103.8 GB
215	c6/959b75	2969738	NFCORE_RNASEQ:RNASEQ:FASTQ_SUBSAMPLE_FQ_SALMON:FQ_SUBSAMPLE (Pd87)	COMPLETED	0	2025-08-28 03:38:52.554	2m 23s	2m 22s	100.1%	10.3 MB	15.6 MB	6.4 GB	124.3 MB
127	05/7f34d4	2969456	NFCORE_RNASEQ:RNASEQ:FASTQ_FASTQC_UMITOOLS_TRIMGALORE:TRIMGALORE (Pd95)	COMPLETED	0	2025-08-28 03:38:51.544	12m 50s	12m 49s	754.8%	5 GB	6.3 GB	108.6 GB	103.5 GB
216	cd/3b5a1c	3003371	NFCORE_RNASEQ:RNASEQ:FASTQ_SUBSAMPLE_FQ_SALMON:FQ_SUBSAMPLE (Pd95)	COMPLETED	0	2025-08-28 03:51:42.480	2m 26s	2m 25s	100.3%	10.3 MB	15.6 MB	6.2 GB	121.4 MB
129	9b/924822	3003093	NFCORE_RNASEQ:RNASEQ:FASTQ_FASTQC_UMITOOLS_TRIMGALORE:TRIMGALORE (Pd98)	COMPLETED	0	2025-08-28 03:51:41.470	12m 55s	12m 55s	766.7%	5 GB	6.3 GB	108.3 GB	103.3 GB
217	17/7ea6b9	3037362	NFCORE_RNASEQ:RNASEQ:FASTQ_SUBSAMPLE_FQ_SALMON:FQ_SUBSAMPLE (Pd98)	COMPLETED	0	2025-08-28 04:04:37.682	2m 21s	2m 20s	100.2%	10 MB	15.6 MB	6.3 GB	122.8 MB
139	5f/4417e0	3037081	NFCORE_RNASEQ:RNASEQ:FASTQ_FASTQC_UMITOOLS_TRIMGALORE:TRIMGALORE (Pd112)	COMPLETED	0	2025-08-28 04:04:36.672	12m 48s	12m 47s	773.2%	4.6 GB	6.2 GB	108.2 GB	103.3 GB
218	ff/dfb541	3070986	NFCORE_RNASEQ:RNASEQ:FASTQ_SUBSAMPLE_FQ_SALMON:FQ_SUBSAMPLE (Pd112)	COMPLETED	0	2025-08-28 04:17:25.583	2m 23s	2m 22s	100.3%	10 MB	15.6 MB	6.2 GB	121 MB
142	3f/3f411d	3070708	NFCORE_RNASEQ:RNASEQ:FASTQ_FASTQC_UMITOOLS_TRIMGALORE:TRIMGALORE (Pd119)	COMPLETED	0	2025-08-28 04:17:24.572	12m 54s	12m 53s	766.3%	4.9 GB	6.2 GB	108.1 GB	103.3 GB
219	14/810053	3104934	NFCORE_RNASEQ:RNASEQ:FASTQ_SUBSAMPLE_FQ_SALMON:FQ_SUBSAMPLE (Pd119)	COMPLETED	0	2025-08-28 04:30:19.652	2m 18s	2m 17s	100.2%	10 MB	15.6 MB	6.1 GB	120.4 MB
136	48/3a25e4	3104653	NFCORE_RNASEQ:RNASEQ:FASTQ_FASTQC_UMITOOLS_TRIMGALORE:TRIMGALORE (Pd110)	COMPLETED	0	2025-08-28 04:30:18.642	12m 45s	12m 43s	761.9%	4.7 GB	6.2 GB	108.2 GB	103.4 GB
220	d0/e8bc21	3138415	NFCORE_RNASEQ:RNASEQ:FASTQ_SUBSAMPLE_FQ_SALMON:FQ_SUBSAMPLE (Pd110)	COMPLETED	0	2025-08-28 04:43:04.243	2m 18s	2m 17s	100.3%	10 MB	15.6 MB	6.1 GB	118.8 MB
135	da/c31859	3138139	NFCORE_RNASEQ:RNASEQ:FASTQ_FASTQC_UMITOOLS_TRIMGALORE:TRIMGALORE (Pd106)	COMPLETED	0	2025-08-28 04:43:03.234	12m 30s	12m 30s	789.0%	4.8 GB	6.2 GB	108.3 GB	103.4 GB
221	da/713807	3171402	NFCORE_RNASEQ:RNASEQ:FASTQ_SUBSAMPLE_FQ_SALMON:FQ_SUBSAMPLE (Pd106)	COMPLETED	0	2025-08-28 04:55:34.732	2m 18s	2m 17s	100.3%	10 MB	15.6 MB	6.2 GB	120.3 MB
130	4c/2c5137	3171126	NFCORE_RNASEQ:RNASEQ:FASTQ_FASTQC_UMITOOLS_TRIMGALORE:TRIMGALORE (Pd103)	COMPLETED	0	2025-08-28 04:55:33.722	13m 3s	13m 2s	765.0%	4.7 GB	6.2 GB	108.7 GB	103.6 GB
222	cb/69628c	3205534	NFCORE_RNASEQ:RNASEQ:FASTQ_SUBSAMPLE_FQ_SALMON:FQ_SUBSAMPLE (Pd103)	COMPLETED	0	2025-08-28 05:08:38.003	2m 24s	2m 23s	100.1%	10.6 MB	15.6 MB	6.4 GB	124.8 MB
131	a4/3e1f26	3205254	NFCORE_RNASEQ:RNASEQ:FASTQ_FASTQC_UMITOOLS_TRIMGALORE:TRIMGALORE (Pd105)	COMPLETED	0	2025-08-28 05:08:36.993	13m 16s	13m 15s	770.4%	4.7 GB	6.3 GB	109.4 GB	104.2 GB
223	f6/4529e4	3240009	NFCORE_RNASEQ:RNASEQ:FASTQ_SUBSAMPLE_FQ_SALMON:FQ_SUBSAMPLE (Pd105)	COMPLETED	0	2025-08-28 05:21:54.018	2m 27s	2m 26s	100.3%	10.3 MB	15.6 MB	6.6 GB	129 MB
140	84/ec21ab	3239735	NFCORE_RNASEQ:RNASEQ:FASTQ_FASTQC_UMITOOLS_TRIMGALORE:TRIMGALORE (Pd115)	COMPLETED	0	2025-08-28 05:21:53.009	12m 50s	12m 50s	774.3%	5 GB	6.3 GB	108.3 GB	103.4 GB
224	22/84b354	3274018	NFCORE_RNASEQ:RNASEQ:FASTQ_SUBSAMPLE_FQ_SALMON:FQ_SUBSAMPLE (Pd115)	COMPLETED	0	2025-08-28 05:34:44.524	2m 20s	2m 19s	100.2%	10.3 MB	15.6 MB	6.2 GB	122.1 MB
143	a4/b7c6fc	3273737	NFCORE_RNASEQ:RNASEQ:FASTQ_FASTQC_UMITOOLS_TRIMGALORE:TRIMGALORE (Pd120)	COMPLETED	0	2025-08-28 05:34:43.515	12m 54s	12m 54s	769.8%	4.9 GB	6.2 GB	108.3 GB	103.4 GB
225	9b/2ba177	3307728	NFCORE_RNASEQ:RNASEQ:FASTQ_SUBSAMPLE_FQ_SALMON:FQ_SUBSAMPLE (Pd120)	COMPLETED	0	2025-08-28 05:47:38.792	2m 22s	2m 21s	100.2%	10.6 MB	15.6 MB	6.3 GB	122.7 MB
146	a3/428984	3307452	NFCORE_RNASEQ:RNASEQ:FASTQ_FASTQC_UMITOOLS_TRIMGALORE:TRIMGALORE (Pd123)	COMPLETED	0	2025-08-28 05:47:37.782	12m 50s	12m 49s	772.8%	4.8 GB	6.2 GB	108.3 GB	103.4 GB
226	f4/b9ce69	3341676	NFCORE_RNASEQ:RNASEQ:FASTQ_SUBSAMPLE_FQ_SALMON:FQ_SUBSAMPLE (Pd123)	COMPLETED	0	2025-08-28 06:00:29.100	2m 17s	2m 16s	100.3%	10 MB	15.6 MB	6.1 GB	119.2 MB
144	78/f1ef72	3341401	NFCORE_RNASEQ:RNASEQ:FASTQ_FASTQC_UMITOOLS_TRIMGALORE:TRIMGALORE (Pd122)	COMPLETED	0	2025-08-28 06:00:28.090	12m 54s	12m 54s	764.3%	4.6 GB	6.2 GB	108.4 GB	103.4 GB
227	04/7142d1	3375575	NFCORE_RNASEQ:RNASEQ:FASTQ_SUBSAMPLE_FQ_SALMON:FQ_SUBSAMPLE (Pd122)	COMPLETED	0	2025-08-28 06:13:23.316	2m 20s	2m 20s	100.3%	10.3 MB	15.6 MB	6.2 GB	122.4 MB
148	6e/e190d8	3375296	NFCORE_RNASEQ:RNASEQ:FASTQ_FASTQC_UMITOOLS_TRIMGALORE:TRIMGALORE (Pd130)	COMPLETED	0	2025-08-28 06:13:22.306	12m 33s	12m 33s	748.0%	4.6 GB	6.2 GB	107.7 GB	102.9 GB
228	8f/dd5e4b	3408537	NFCORE_RNASEQ:RNASEQ:FASTQ_SUBSAMPLE_FQ_SALMON:FQ_SUBSAMPLE (Pd130)	COMPLETED	0	2025-08-28 06:25:56.668	2m 16s	2m 15s	100.3%	10.3 MB	15.6 MB	5.9 GB	114.8 MB
147	bd/76208b	3408262	NFCORE_RNASEQ:RNASEQ:FASTQ_FASTQC_UMITOOLS_TRIMGALORE:TRIMGALORE (Pd128)	COMPLETED	0	2025-08-28 06:25:55.659	12m 37s	12m 36s	746.7%	5 GB	6.3 GB	108.3 GB	103.3 GB
229	15/c8dbd4	3443975	NFCORE_RNASEQ:RNASEQ:FASTQ_SUBSAMPLE_FQ_SALMON:FQ_SUBSAMPLE (Pd128)	COMPLETED	0	2025-08-28 06:38:33.998	2m 15s	2m 14s	100.2%	10.3 MB	15.6 MB	6 GB	117.3 MB
149	77/24fd7e	3443694	NFCORE_RNASEQ:RNASEQ:FASTQ_FASTQC_UMITOOLS_TRIMGALORE:TRIMGALORE (Pd134)	COMPLETED	0	2025-08-28 06:38:32.987	12m 51s	12m 50s	761.7%	4.8 GB	6.2 GB	108 GB	103.1 GB
230	bf/134900	3477797	NFCORE_RNASEQ:RNASEQ:FASTQ_SUBSAMPLE_FQ_SALMON:FQ_SUBSAMPLE (Pd134)	COMPLETED	0	2025-08-28 06:51:25.252	2m 18s	2m 18s	100.3%	10.6 MB	15.6 MB	6.2 GB	120.5 MB
150	60/f6473a	3477521	NFCORE_RNASEQ:RNASEQ:FASTQ_FASTQC_UMITOOLS_TRIMGALORE:TRIMGALORE (Pd137)	COMPLETED	0	2025-08-28 06:51:24.242	12m 31s	12m 30s	754.9%	5 GB	6.3 GB	107.4 GB	102.7 GB
231	0d/7891a6	3510766	NFCORE_RNASEQ:RNASEQ:FASTQ_SUBSAMPLE_FQ_SALMON:FQ_SUBSAMPLE (Pd137)	COMPLETED	0	2025-08-28 07:03:56.199	2m 11s	2m 11s	100.3%	10.9 MB	15.6 MB	5.8 GB	113.4 MB
152	5a/1d5464	3510489	NFCORE_RNASEQ:RNASEQ:FASTQ_FASTQC_UMITOOLS_TRIMGALORE:TRIMGALORE (Pd142)	COMPLETED	0	2025-08-28 07:03:55.190	9m 56s	9m 56s	751.2%	4.9 GB	6.2 GB	86.1 GB	82.1 GB
232	d9/52d5f9	3540199	NFCORE_RNASEQ:RNASEQ:FASTQ_SUBSAMPLE_FQ_SALMON:FQ_SUBSAMPLE (Pd142)	COMPLETED	0	2025-08-28 07:13:52.602	1m 55s	1m 54s	100.3%	9.4 MB	14.7 MB	4.8 GB	118 MB
154	77/960494	3539921	NFCORE_RNASEQ:RNASEQ:FASTQ_FASTQC_UMITOOLS_TRIMGALORE:TRIMGALORE (Pd149)	COMPLETED	0	2025-08-28 07:13:51.593	12m 49s	12m 48s	772.9%	4.6 GB	6.2 GB	108.1 GB	103.3 GB
233	ae/ce440d	3573646	NFCORE_RNASEQ:RNASEQ:FASTQ_SUBSAMPLE_FQ_SALMON:FQ_SUBSAMPLE (Pd149)	COMPLETED	0	2025-08-28 07:26:41.768	2m 18s	2m 17s	100.3%	10.3 MB	15.6 MB	6.1 GB	119 MB
153	0a/0433b7	3573367	NFCORE_RNASEQ:RNASEQ:FASTQ_FASTQC_UMITOOLS_TRIMGALORE:TRIMGALORE (Pd143)	COMPLETED	0	2025-08-28 07:26:40.758	12m 34s	12m 33s	774.1%	4.7 GB	6.2 GB	104.8 GB	99.9 GB
234	df/fa845c	3607126	NFCORE_RNASEQ:RNASEQ:FASTQ_SUBSAMPLE_FQ_SALMON:FQ_SUBSAMPLE (Pd143)	COMPLETED	0	2025-08-28 07:39:15.731	2m 20s	2m 19s	100.1%	10 MB	15.4 MB	6.2 GB	125.9 MB
155	3b/722137	3606846	NFCORE_RNASEQ:RNASEQ:FASTQ_FASTQC_UMITOOLS_TRIMGALORE:TRIMGALORE (Pd150)	COMPLETED	0	2025-08-28 07:39:14.721	12m 4s	12m 3s	755.7%	4.9 GB	6.3 GB	107 GB	102.4 GB
235	0f/c5f778	3639492	NFCORE_RNASEQ:RNASEQ:FASTQ_SUBSAMPLE_FQ_SALMON:FQ_SUBSAMPLE (Pd150)	COMPLETED	0	2025-08-28 07:51:20.214	2m 8s	2m 7s	100.2%	10 MB	15.6 MB	5.6 GB	109.9 MB
156	7f/d45024	3639215	NFCORE_RNASEQ:RNASEQ:FASTQ_FASTQC_UMITOOLS_TRIMGALORE:TRIMGALORE (Pd152)	COMPLETED	0	2025-08-28 07:51:19.204	12m 23s	12m 22s	760.5%	5 GB	6.3 GB	107.3 GB	102.6 GB
159	64/cfeba3	3672010	NFCORE_RNASEQ:RNASEQ:PREPARE_GENOME:MAKE_TRANSCRIPTS_FASTA (rsem/GCF_001465965.1_Pdom_r1.2_genomic.fna)	COMPLETED	0	2025-08-28 08:03:41.778	6.1s	5s	92.7%	186.6 MB	215.5 MB	477.7 MB	328 MB
158	af/25c5ca	3673071	NFCORE_RNASEQ:RNASEQ:PREPARE_GENOME:STAR_GENOMEGENERATE (GCF_001465965.1_Pdom_r1.2_genomic.fna)	COMPLETED	0	2025-08-28 08:03:47.901	1m 36s	1m 35s	451.8%	5.5 GB	7.9 GB	3.9 GB	5.6 GB
237	8d/a3d06a	3673082	NFCORE_RNASEQ:RNASEQ:FASTQ_SUBSAMPLE_FQ_SALMON:SALMON_INDEX (genome.transcripts.fa)	COMPLETED	0	2025-08-28 08:03:47.920	1m 48s	1m 48s	467.5%	1 GB	4.8 GB	4.3 GB	2.2 GB
236	ba/458b8d	3672287	NFCORE_RNASEQ:RNASEQ:FASTQ_SUBSAMPLE_FQ_SALMON:FQ_SUBSAMPLE (Pd152)	COMPLETED	0	2025-08-28 08:03:42.787	2m 9s	2m 8s	100.0%	10.9 MB	15.6 MB	5.7 GB	112.5 MB
257	9b/a521b9	3678271	NFCORE_RNASEQ:RNASEQ:FASTQ_SUBSAMPLE_FQ_SALMON:SALMON_QUANT (Pd37)	COMPLETED	0	2025-08-28 08:05:37.044	19.9s	19s	199.6%	1.4 GB	1.8 GB	1.1 GB	127.5 KB
254	db/1bcecc	3678306	NFCORE_RNASEQ:RNASEQ:FASTQ_SUBSAMPLE_FQ_SALMON:SALMON_QUANT (Pd3)	COMPLETED	0	2025-08-28 08:05:37.124	19.8s	19s	219.2%	1.4 GB	1.9 GB	1.1 GB	129.3 KB
274	c2/175bcd	3678315	NFCORE_RNASEQ:RNASEQ:FASTQ_SUBSAMPLE_FQ_SALMON:SALMON_QUANT (Pd51)	COMPLETED	0	2025-08-28 08:05:37.131	19.9s	19s	211.7%	1.4 GB	1.8 GB	1.1 GB	127.7 KB
240	ee/893656	3681163	NFCORE_RNASEQ:RNASEQ:FASTQ_SUBSAMPLE_FQ_SALMON:SALMON_QUANT (Pd19)	COMPLETED	0	2025-08-28 08:05:56.919	8.9s	8s	389.5%	1.4 GB	1.9 GB	1.1 GB	129.3 KB
241	bf/58ab41	3681197	NFCORE_RNASEQ:RNASEQ:FASTQ_SUBSAMPLE_FQ_SALMON:SALMON_QUANT (Pd17)	COMPLETED	0	2025-08-28 08:05:56.970	8.9s	8s	398.1%	1.4 GB	1.9 GB	1.1 GB	130.2 KB
238	c0/dafc87	3681259	NFCORE_RNASEQ:RNASEQ:FASTQ_SUBSAMPLE_FQ_SALMON:SALMON_QUANT (Pd8)	COMPLETED	0	2025-08-28 08:05:57.056	8.8s	8s	390.4%	1.4 GB	1.9 GB	1.1 GB	126.6 KB
261	0d/b7c5d2	3683286	NFCORE_RNASEQ:RNASEQ:FASTQ_SUBSAMPLE_FQ_SALMON:SALMON_QUANT (Pd30)	COMPLETED	0	2025-08-28 08:06:05.904	7.8s	7s	396.3%	1.4 GB	1.8 GB	1.1 GB	121 KB
239	6b/68f82b	3683241	NFCORE_RNASEQ:RNASEQ:FASTQ_SUBSAMPLE_FQ_SALMON:SALMON_QUANT (Pd23)	COMPLETED	0	2025-08-28 08:06:05.857	8s	7s	420.4%	1.4 GB	1.9 GB	1.1 GB	128.3 KB
243	57/3d501c	3683192	NFCORE_RNASEQ:RNASEQ:FASTQ_SUBSAMPLE_FQ_SALMON:SALMON_QUANT (Pd24)	COMPLETED	0	2025-08-28 08:06:05.787	8.3s	7s	409.4%	1.4 GB	1.9 GB	1.1 GB	127.5 KB
248	2f/2cd5bb	3685019	NFCORE_RNASEQ:RNASEQ:FASTQ_SUBSAMPLE_FQ_SALMON:SALMON_QUANT (Pd5)	COMPLETED	0	2025-08-28 08:06:13.719	8s	7s	429.0%	1.4 GB	1.9 GB	1.1 GB	128.4 KB
263	d0/e3d95b	3685104	NFCORE_RNASEQ:RNASEQ:FASTQ_SUBSAMPLE_FQ_SALMON:SALMON_QUANT (Pd36)	COMPLETED	0	2025-08-28 08:06:13.855	8s	7s	412.7%	1.4 GB	1.9 GB	1.1 GB	125.3 KB
282	ab/d037ea	3685317	NFCORE_RNASEQ:RNASEQ:FASTQ_SUBSAMPLE_FQ_SALMON:SALMON_QUANT (Pd58)	COMPLETED	0	2025-08-28 08:06:14.065	8.7s	8s	381.6%	1.4 GB	1.9 GB	1.1 GB	124 KB
258	0d/50da08	3686889	NFCORE_RNASEQ:RNASEQ:FASTQ_SUBSAMPLE_FQ_SALMON:SALMON_QUANT (Pd13)	COMPLETED	0	2025-08-28 08:06:21.687	7.7s	7s	396.9%	1.4 GB	1.9 GB	1.1 GB	128.7 KB
252	9c/90bb89	3686964	NFCORE_RNASEQ:RNASEQ:FASTQ_SUBSAMPLE_FQ_SALMON:SALMON_QUANT (Pd25)	COMPLETED	0	2025-08-28 08:06:21.863	8.2s	7s	377.7%	1.4 GB	1.9 GB	1.1 GB	128.7 KB
244	e1/9d9419	3687467	NFCORE_RNASEQ:RNASEQ:FASTQ_SUBSAMPLE_FQ_SALMON:SALMON_QUANT (Pd43)	COMPLETED	0	2025-08-28 08:06:22.783	8.2s	7s	410.8%	1.4 GB	1.9 GB	1.1 GB	131.1 KB
251	44/f03e70	3688714	NFCORE_RNASEQ:RNASEQ:FASTQ_SUBSAMPLE_FQ_SALMON:SALMON_QUANT (Pd34)	COMPLETED	0	2025-08-28 08:06:29.398	7.5s	7s	422.4%	1.4 GB	1.8 GB	1.1 GB	125.3 KB
246	94/248f7e	3689092	NFCORE_RNASEQ:RNASEQ:FASTQ_SUBSAMPLE_FQ_SALMON:SALMON_QUANT (Pd11)	COMPLETED	0	2025-08-28 08:06:30.025	8.2s	7s	406.8%	1.4 GB	1.9 GB	1.1 GB	130.4 KB
272	eb/d33a0c	3689329	NFCORE_RNASEQ:RNASEQ:FASTQ_SUBSAMPLE_FQ_SALMON:SALMON_QUANT (Pd40)	COMPLETED	0	2025-08-28 08:06:30.993	8.2s	7s	404.8%	1.4 GB	1.9 GB	1.1 GB	129.8 KB
270	e9/999295	3690463	NFCORE_RNASEQ:RNASEQ:FASTQ_SUBSAMPLE_FQ_SALMON:SALMON_QUANT (Pd31)	COMPLETED	0	2025-08-28 08:06:36.927	7.7s	7s	419.9%	1.4 GB	1.9 GB	1.1 GB	129.5 KB
269	3c/e09ad4	3690965	NFCORE_RNASEQ:RNASEQ:FASTQ_SUBSAMPLE_FQ_SALMON:SALMON_QUANT (Pd26)	COMPLETED	0	2025-08-28 08:06:38.254	7.7s	7s	417.9%	1.4 GB	1.9 GB	1.1 GB	132.5 KB
278	0f/9620aa	3691278	NFCORE_RNASEQ:RNASEQ:FASTQ_SUBSAMPLE_FQ_SALMON:SALMON_QUANT (Pd52)	COMPLETED	0	2025-08-28 08:06:39.219	7.8s	7s	405.6%	1.4 GB	1.9 GB	1.1 GB	127.5 KB
271	b2/cdda72	3692334	NFCORE_RNASEQ:RNASEQ:FASTQ_SUBSAMPLE_FQ_SALMON:SALMON_QUANT (Pd29)	COMPLETED	0	2025-08-28 08:06:44.608	7.3s	6s	426.7%	1.4 GB	1.9 GB	1.1 GB	125.4 KB
265	1a/daa38c	3692768	NFCORE_RNASEQ:RNASEQ:FASTQ_SUBSAMPLE_FQ_SALMON:SALMON_QUANT (Pd49)	COMPLETED	0	2025-08-28 08:06:45.941	7.7s	7s	411.2%	1.4 GB	1.9 GB	1.1 GB	128.1 KB
255	02/347feb	3693140	NFCORE_RNASEQ:RNASEQ:FASTQ_SUBSAMPLE_FQ_SALMON:SALMON_QUANT (Pd6)	COMPLETED	0	2025-08-28 08:06:47.004	7.4s	7s	440.9%	1.4 GB	1.8 GB	1.1 GB	127.7 KB
245	bb/6e8184	3694093	NFCORE_RNASEQ:RNASEQ:FASTQ_SUBSAMPLE_FQ_SALMON:SALMON_QUANT (Pd45)	COMPLETED	0	2025-08-28 08:06:51.868	7.1s	6s	422.1%	1.4 GB	1.9 GB	1.1 GB	127.7 KB
260	a2/0911fa	3694690	NFCORE_RNASEQ:RNASEQ:FASTQ_SUBSAMPLE_FQ_SALMON:SALMON_QUANT (Pd35)	COMPLETED	0	2025-08-28 08:06:53.689	7.1s	6s	431.0%	1.4 GB	1.8 GB	1.1 GB	125.8 KB
276	f8/c13619	3694991	NFCORE_RNASEQ:RNASEQ:FASTQ_SUBSAMPLE_FQ_SALMON:SALMON_QUANT (Pd16)	COMPLETED	0	2025-08-28 08:06:54.380	7.6s	7s	456.0%	1.4 GB	1.9 GB	1.1 GB	130.2 KB
283	2b/1805fa	3695882	NFCORE_RNASEQ:RNASEQ:FASTQ_SUBSAMPLE_FQ_SALMON:SALMON_QUANT (Pd66)	COMPLETED	0	2025-08-28 08:06:59.010	6.7s	6s	396.2%	1.4 GB	1.8 GB	1.1 GB	124.2 KB
247	83/b30c7b	3696418	NFCORE_RNASEQ:RNASEQ:FASTQ_SUBSAMPLE_FQ_SALMON:SALMON_QUANT (Pd32)	COMPLETED	0	2025-08-28 08:07:00.780	7.1s	6s	456.5%	1.4 GB	1.9 GB	1.1 GB	125.5 KB
279	d9/305f25	3696794	NFCORE_RNASEQ:RNASEQ:FASTQ_SUBSAMPLE_FQ_SALMON:SALMON_QUANT (Pd55)	COMPLETED	0	2025-08-28 08:07:01.973	7.2s	6s	417.8%	1.4 GB	1.8 GB	1.1 GB	126.5 KB
259	d9/41c530	3697547	NFCORE_RNASEQ:RNASEQ:FASTQ_SUBSAMPLE_FQ_SALMON:SALMON_QUANT (Pd22)	COMPLETED	0	2025-08-28 08:07:05.720	7.2s	6s	424.7%	1.4 GB	1.9 GB	1.1 GB	128.3 KB
266	f0/7f071c	3698063	NFCORE_RNASEQ:RNASEQ:FASTQ_SUBSAMPLE_FQ_SALMON:SALMON_QUANT (Pd9)	COMPLETED	0	2025-08-28 08:07:07.851	7.2s	6s	425.8%	1.4 GB	1.9 GB	1.1 GB	130.5 KB
264	8a/6560a9	3698410	NFCORE_RNASEQ:RNASEQ:FASTQ_SUBSAMPLE_FQ_SALMON:SALMON_QUANT (Pd38)	COMPLETED	0	2025-08-28 08:07:09.178	7.2s	7s	395.8%	1.4 GB	1.9 GB	1.1 GB	130.1 KB
250	51/f2c233	3699191	NFCORE_RNASEQ:RNASEQ:FASTQ_SUBSAMPLE_FQ_SALMON:SALMON_QUANT (Pd12)	COMPLETED	0	2025-08-28 08:07:12.939	7.1s	6s	449.4%	1.4 GB	1.9 GB	1.1 GB	132.5 KB
273	51/e8d5d2	3699681	NFCORE_RNASEQ:RNASEQ:FASTQ_SUBSAMPLE_FQ_SALMON:SALMON_QUANT (Pd2)	COMPLETED	0	2025-08-28 08:07:15.020	6.7s	6s	428.8%	1.4 GB	1.9 GB	1.1 GB	123.5 KB
253	0f/2dde3d	3700021	NFCORE_RNASEQ:RNASEQ:FASTQ_SUBSAMPLE_FQ_SALMON:SALMON_QUANT (Pd28)	COMPLETED	0	2025-08-28 08:07:16.402	6.8s	6s	441.5%	1.4 GB	1.9 GB	1.1 GB	121.7 KB
256	94/2de328	3700799	NFCORE_RNASEQ:RNASEQ:FASTQ_SUBSAMPLE_FQ_SALMON:SALMON_QUANT (Pd21)	COMPLETED	0	2025-08-28 08:07:20.005	6.5s	6s	431.8%	1.4 GB	1.9 GB	1.1 GB	125.2 KB
285	b3/7a4b81	3701258	NFCORE_RNASEQ:RNASEQ:FASTQ_SUBSAMPLE_FQ_SALMON:SALMON_QUANT (Pd69)	COMPLETED	0	2025-08-28 08:07:21.692	7.7s	7s	416.7%	1.4 GB	1.9 GB	1.1 GB	132.4 KB
281	19/fa8a2c	3701630	NFCORE_RNASEQ:RNASEQ:FASTQ_SUBSAMPLE_FQ_SALMON:SALMON_QUANT (Pd57)	COMPLETED	0	2025-08-28 08:07:23.202	6.6s	6s	425.8%	1.4 GB	1.8 GB	1.1 GB	122.1 KB
280	57/7227bc	3702353	NFCORE_RNASEQ:RNASEQ:FASTQ_SUBSAMPLE_FQ_SALMON:SALMON_QUANT (Pd56)	COMPLETED	0	2025-08-28 08:07:26.540	6.4s	5s	439.9%	1.4 GB	1.8 GB	1.1 GB	122.8 KB
268	3a/f27bd2	3703054	NFCORE_RNASEQ:RNASEQ:FASTQ_SUBSAMPLE_FQ_SALMON:SALMON_QUANT (Pd46)	COMPLETED	0	2025-08-28 08:07:29.422	7.7s	7s	409.4%	1.4 GB	1.9 GB	1.1 GB	128.5 KB
242	b6/088720	3703199	NFCORE_RNASEQ:RNASEQ:FASTQ_SUBSAMPLE_FQ_SALMON:SALMON_QUANT (Pd15)	COMPLETED	0	2025-08-28 08:07:29.800	7.5s	7s	417.6%	1.4 GB	1.9 GB	1.1 GB	129.8 KB
287	26/e95cb2	3703958	NFCORE_RNASEQ:RNASEQ:FASTQ_SUBSAMPLE_FQ_SALMON:SALMON_QUANT (Pd75)	COMPLETED	0	2025-08-28 08:07:32.963	7.1s	6s	422.7%	1.4 GB	1.9 GB	1.1 GB	128.2 KB
286	e3/31df2a	3704868	NFCORE_RNASEQ:RNASEQ:FASTQ_SUBSAMPLE_FQ_SALMON:SALMON_QUANT (Pd72)	COMPLETED	0	2025-08-28 08:07:37.159	7.7s	7s	422.2%	1.4 GB	1.9 GB	1.1 GB	131.7 KB
262	99/dae4ad	3704966	NFCORE_RNASEQ:RNASEQ:FASTQ_SUBSAMPLE_FQ_SALMON:SALMON_QUANT (Pd20)	COMPLETED	0	2025-08-28 08:07:37.341	7.8s	7s	402.6%	1.4 GB	1.9 GB	1.1 GB	130.1 KB
275	25/9eb2df	3705769	NFCORE_RNASEQ:RNASEQ:FASTQ_SUBSAMPLE_FQ_SALMON:SALMON_QUANT (Pd27)	COMPLETED	0	2025-08-28 08:07:40.106	6.8s	6s	438.1%	1.4 GB	1.9 GB	1.1 GB	124.1 KB
284	5b/9c79b7	3706901	NFCORE_RNASEQ:RNASEQ:FASTQ_SUBSAMPLE_FQ_SALMON:SALMON_QUANT (Pd63)	COMPLETED	0	2025-08-28 08:07:45.124	7.1s	6s	412.3%	1.4 GB	1.8 GB	1.1 GB	120.6 KB
249	fe/058c32	3706654	NFCORE_RNASEQ:RNASEQ:FASTQ_SUBSAMPLE_FQ_SALMON:SALMON_QUANT (Pd7)	COMPLETED	0	2025-08-28 08:07:44.869	7.5s	7s	432.8%	1.4 GB	1.9 GB	1.1 GB	127.1 KB
277	19/8c0f3a	3707434	NFCORE_RNASEQ:RNASEQ:FASTQ_SUBSAMPLE_FQ_SALMON:SALMON_QUANT (Pd14)	COMPLETED	0	2025-08-28 08:07:46.903	8.3s	7s	387.9%	1.4 GB	1.9 GB	1.1 GB	130.1 KB
267	c8/5308e0	3708483	NFCORE_RNASEQ:RNASEQ:FASTQ_SUBSAMPLE_FQ_SALMON:SALMON_QUANT (Pd33)	COMPLETED	0	2025-08-28 08:07:52.212	7.2s	7s	425.9%	1.4 GB	1.9 GB	1.1 GB	128 KB
288	08/042401	3708643	NFCORE_RNASEQ:RNASEQ:FASTQ_SUBSAMPLE_FQ_SALMON:SALMON_QUANT (Pd77)	COMPLETED	0	2025-08-28 08:07:52.419	7.2s	7s	400.9%	1.4 GB	1.8 GB	1.1 GB	124 KB
289	d6/43c752	3709402	NFCORE_RNASEQ:RNASEQ:FASTQ_SUBSAMPLE_FQ_SALMON:SALMON_QUANT (Pd80)	COMPLETED	0	2025-08-28 08:07:55.224	7.2s	7s	409.4%	1.4 GB	1.9 GB	1.1 GB	128.4 KB
290	df/7f9917	3710202	NFCORE_RNASEQ:RNASEQ:FASTQ_SUBSAMPLE_FQ_SALMON:SALMON_QUANT (Pd84)	COMPLETED	0	2025-08-28 08:07:59.443	7.1s	7s	411.7%	1.4 GB	1.9 GB	1.1 GB	121.1 KB
293	55/150814	3710257	NFCORE_RNASEQ:RNASEQ:FASTQ_SUBSAMPLE_FQ_SALMON:SALMON_QUANT (Pd87)	COMPLETED	0	2025-08-28 08:07:59.586	7.7s	6s	426.4%	1.4 GB	1.9 GB	1.1 GB	128.2 KB
291	75/df4344	3711102	NFCORE_RNASEQ:RNASEQ:FASTQ_SUBSAMPLE_FQ_SALMON:SALMON_QUANT (Pd86)	COMPLETED	0	2025-08-28 08:08:02.473	7.1s	7s	443.5%	1.4 GB	1.9 GB	1.1 GB	127 KB
292	e4/1e8f6d	3711864	NFCORE_RNASEQ:RNASEQ:FASTQ_SUBSAMPLE_FQ_SALMON:SALMON_QUANT (Pd93)	COMPLETED	0	2025-08-28 08:08:06.585	7s	6s	436.7%	1.4 GB	1.9 GB	1.1 GB	126.3 KB
294	31/934eb3	3712228	NFCORE_RNASEQ:RNASEQ:FASTQ_SUBSAMPLE_FQ_SALMON:SALMON_QUANT (Pd95)	COMPLETED	0	2025-08-28 08:08:07.245	7.2s	7s	399.8%	1.4 GB	1.8 GB	1.1 GB	124.6 KB
295	cb/0b719e	3712801	NFCORE_RNASEQ:RNASEQ:FASTQ_SUBSAMPLE_FQ_SALMON:SALMON_QUANT (Pd98)	COMPLETED	0	2025-08-28 08:08:09.527	7.2s	7s	413.2%	1.4 GB	1.9 GB	1.1 GB	127.5 KB
298	21/a9b4a6	3713619	NFCORE_RNASEQ:RNASEQ:FASTQ_SUBSAMPLE_FQ_SALMON:SALMON_QUANT (Pd110)	COMPLETED	0	2025-08-28 08:08:13.622	7s	6s	465.3%	1.4 GB	1.9 GB	1.1 GB	128.6 KB
296	74/f83a46	3713990	NFCORE_RNASEQ:RNASEQ:FASTQ_SUBSAMPLE_FQ_SALMON:SALMON_QUANT (Pd112)	COMPLETED	0	2025-08-28 08:08:14.447	7s	7s	455.9%	1.4 GB	1.9 GB	1.1 GB	129.6 KB
297	47/f76224	3714509	NFCORE_RNASEQ:RNASEQ:FASTQ_SUBSAMPLE_FQ_SALMON:SALMON_QUANT (Pd119)	COMPLETED	0	2025-08-28 08:08:16.719	7s	6s	448.3%	1.4 GB	1.9 GB	1.1 GB	129.6 KB
299	9a/29e4c0	3715314	NFCORE_RNASEQ:RNASEQ:FASTQ_SUBSAMPLE_FQ_SALMON:SALMON_QUANT (Pd106)	COMPLETED	0	2025-08-28 08:08:20.596	7.7s	7s	429.9%	1.4 GB	1.9 GB	1.1 GB	131.7 KB
300	ce/658510	3715554	NFCORE_RNASEQ:RNASEQ:FASTQ_SUBSAMPLE_FQ_SALMON:SALMON_QUANT (Pd103)	COMPLETED	0	2025-08-28 08:08:21.494	7.2s	7s	419.0%	1.4 GB	1.8 GB	1.1 GB	128.7 KB
302	e2/0a31f3	3716110	NFCORE_RNASEQ:RNASEQ:FASTQ_SUBSAMPLE_FQ_SALMON:SALMON_QUANT (Pd115)	COMPLETED	0	2025-08-28 08:08:23.679	7.7s	7s	413.8%	1.4 GB	1.9 GB	1.1 GB	130.1 KB
303	b1/7cb4cf	3717268	NFCORE_RNASEQ:RNASEQ:FASTQ_SUBSAMPLE_FQ_SALMON:SALMON_QUANT (Pd120)	COMPLETED	0	2025-08-28 08:08:28.717	6.9s	6s	457.3%	1.4 GB	1.9 GB	1.1 GB	129.2 KB
301	71/071ac0	3716984	NFCORE_RNASEQ:RNASEQ:FASTQ_SUBSAMPLE_FQ_SALMON:SALMON_QUANT (Pd105)	COMPLETED	0	2025-08-28 08:08:28.349	7.7s	7s	445.7%	1.4 GB	1.9 GB	1.1 GB	131.9 KB
304	d4/6602c8	3717914	NFCORE_RNASEQ:RNASEQ:FASTQ_SUBSAMPLE_FQ_SALMON:SALMON_QUANT (Pd123)	COMPLETED	0	2025-08-28 08:08:31.388	7s	7s	447.3%	1.4 GB	1.9 GB	1.1 GB	127.4 KB
305	d8/e5990e	3718793	NFCORE_RNASEQ:RNASEQ:FASTQ_SUBSAMPLE_FQ_SALMON:SALMON_QUANT (Pd122)	COMPLETED	0	2025-08-28 08:08:35.662	7s	6s	454.3%	1.4 GB	1.9 GB	1.1 GB	128.9 KB
306	91/c552ec	3719024	NFCORE_RNASEQ:RNASEQ:FASTQ_SUBSAMPLE_FQ_SALMON:SALMON_QUANT (Pd130)	COMPLETED	0	2025-08-28 08:08:36.089	7.2s	7s	408.1%	1.4 GB	1.9 GB	1.1 GB	122.8 KB
307	30/828e9c	3719622	NFCORE_RNASEQ:RNASEQ:FASTQ_SUBSAMPLE_FQ_SALMON:SALMON_QUANT (Pd128)	COMPLETED	0	2025-08-28 08:08:38.351	6.8s	6s	444.8%	1.4 GB	1.9 GB	1.1 GB	123.1 KB
308	3a/d4cddb	3720496	NFCORE_RNASEQ:RNASEQ:FASTQ_SUBSAMPLE_FQ_SALMON:SALMON_QUANT (Pd134)	COMPLETED	0	2025-08-28 08:08:42.637	7.1s	6s	445.4%	1.4 GB	1.9 GB	1.1 GB	130.3 KB
309	90/f65f51	3720855	NFCORE_RNASEQ:RNASEQ:FASTQ_SUBSAMPLE_FQ_SALMON:SALMON_QUANT (Pd137)	COMPLETED	0	2025-08-28 08:08:43.310	7.3s	7s	385.7%	1.4 GB	1.8 GB	1.1 GB	123 KB
310	49/89f5d9	3721306	NFCORE_RNASEQ:RNASEQ:FASTQ_SUBSAMPLE_FQ_SALMON:SALMON_QUANT (Pd142)	COMPLETED	0	2025-08-28 08:08:45.119	6.7s	6s	437.4%	1.4 GB	1.9 GB	1.1 GB	128.9 KB
311	8d/bed3a2	3722212	NFCORE_RNASEQ:RNASEQ:FASTQ_SUBSAMPLE_FQ_SALMON:SALMON_QUANT (Pd149)	COMPLETED	0	2025-08-28 08:08:49.734	7s	6s	447.5%	1.4 GB	1.9 GB	1.1 GB	131.1 KB
312	ed/d74550	3722584	NFCORE_RNASEQ:RNASEQ:FASTQ_SUBSAMPLE_FQ_SALMON:SALMON_QUANT (Pd143)	COMPLETED	0	2025-08-28 08:08:50.571	7.3s	6s	451.3%	1.4 GB	1.9 GB	1.1 GB	132.6 KB
313	ea/195347	3722959	NFCORE_RNASEQ:RNASEQ:FASTQ_SUBSAMPLE_FQ_SALMON:SALMON_QUANT (Pd150)	COMPLETED	0	2025-08-28 08:08:51.868	7.3s	6s	483.7%	1.4 GB	1.9 GB	1.1 GB	128.1 KB
314	38/d2e3ba	3723960	NFCORE_RNASEQ:RNASEQ:FASTQ_SUBSAMPLE_FQ_SALMON:SALMON_QUANT (Pd152)	COMPLETED	0	2025-08-28 08:08:56.781	11.1s	10s	298.2%	1.4 GB	1.9 GB	1.1 GB	125.6 KB
315	86/b47067	3724569	NFCORE_RNASEQ:RNASEQ:ALIGN_STAR:STAR_ALIGN (Pd37)	COMPLETED	0	2025-08-28 08:08:59.220	15m 3s	15m 3s	1044.7%	9.8 GB	11.5 GB	34.4 GB	10.8 GB
392	19/013fd0	3755350	NFCORE_RNASEQ:RNASEQ:ALIGN_STAR:BAM_SORT_STATS_SAMTOOLS:SAMTOOLS_SORT (Pd37)	COMPLETED	0	2025-08-28 08:24:03.623	3m 48s	3m 47s	312.7%	5.2 GB	6.2 GB	9.8 GB	6.8 GB
394	ef/7390bb	3769079	NFCORE_RNASEQ:RNASEQ:ALIGN_STAR:BAM_SORT_STATS_SAMTOOLS:SAMTOOLS_INDEX (Pd37)	COMPLETED	0	2025-08-28 08:27:52.533	32.4s	32s	165.3%	12.8 MB	220.9 MB	3.4 GB	736.2 KB
393	4e/373a73	3768780	NFCORE_RNASEQ:RNASEQ:QUANTIFY_STAR_SALMON:SALMON_QUANT (Pd37)	COMPLETED	0	2025-08-28 08:27:51.524	1m 51s	1m 50s	549.8%	3.4 GB	4.2 GB	4.6 GB	11.9 MB
316	ca/f82b44	3755029	NFCORE_RNASEQ:RNASEQ:ALIGN_STAR:STAR_ALIGN (Pd3)	COMPLETED	0	2025-08-28 08:24:02.612	21m 7s	21m 6s	1085.9%	9.8 GB	11.5 GB	34.4 GB	11.3 GB
395	88/bc1f5b	3776147	NFCORE_RNASEQ:RNASEQ:BAM_MARKDUPLICATES_PICARD:PICARD_MARKDUPLICATES (Pd37)	COMPLETED	0	2025-08-28 08:29:42.533	16m 19s	16m 17s	106.6%	21.2 GB	33.6 GB	6.9 GB	3.7 GB
398	71/bfe68f	3807747	NFCORE_RNASEQ:RNASEQ:BAM_MARKDUPLICATES_PICARD:SAMTOOLS_INDEX (Pd37)	COMPLETED	0	2025-08-28 08:46:02.469	34.1s	34s	168.0%	12.8 MB	220.9 MB	3.7 GB	746.9 KB
396	37/78e384	3807401	NFCORE_RNASEQ:RNASEQ:ALIGN_STAR:BAM_SORT_STATS_SAMTOOLS:SAMTOOLS_SORT (Pd3)	COMPLETED	0	2025-08-28 08:46:01.460	5m 36s	5m 36s	214.4%	5.2 GB	6.2 GB	9.9 GB	6.9 GB
397	17/173097	3829693	NFCORE_RNASEQ:RNASEQ:QUANTIFY_STAR_SALMON:SALMON_QUANT (Pd3)	COMPLETED	0	2025-08-28 08:51:37.771	2m 1s	2m	535.3%	3.6 GB	4.7 GB	5 GB	11.9 MB
401	5a/d50098	3837887	NFCORE_RNASEQ:RNASEQ:STRINGTIE_STRINGTIE (Pd37)	COMPLETED	0	2025-08-28 08:53:38.715	2m 28s	2m 27s	122.4%	854 MB	1 GB	3.8 GB	107.2 MB
400	88/fdca87	3845851	NFCORE_RNASEQ:RNASEQ:BEDTOOLS_GENOMECOV (Pd37)	COMPLETED	0	2025-08-28 08:56:06.896	6m 29s	6m 27s	111.1%	3.6 GB	4.7 GB	8 GB	1.3 GB
403	27/b0c302	3856938	NFCORE_RNASEQ:RNASEQ:SUBREAD_FEATURECOUNTS (Pd37)	COMPLETED	0	2025-08-28 09:02:36.186	2m 11s	2m 10s	189.5%	938.7 MB	1.5 GB	14.5 GB	8.2 GB
415	92/da9313	3860684	NFCORE_RNASEQ:RNASEQ:MULTIQC_CUSTOM_BIOTYPE (Pd37)	COMPLETED	0	2025-08-28 09:04:48.629	1s	0ms	75.6%	4.4 MB	10.2 MB	8.7 MB	1.1 MB
402	f0/5dc06f	3810915	NFCORE_RNASEQ:RNASEQ:DUPRADAR (Pd37)	COMPLETED	0	2025-08-28 08:46:36.550	21m 54s	21m 53s	75.8%	410.6 MB	5.6 GB	56.9 GB	31.8 GB
411	eb/d8a7c4	3867548	NFCORE_RNASEQ:RNASEQ:ALIGN_STAR:BAM_SORT_STATS_SAMTOOLS:SAMTOOLS_INDEX (Pd3)	COMPLETED	0	2025-08-28 09:08:30.518	43.2s	43s	127.8%	11.9 MB	220.9 MB	3.4 GB	700.5 KB
399	90/6c316d	3860399	NFCORE_RNASEQ:RNASEQ:QUALIMAP_RNASEQ (Pd37)	COMPLETED	0	2025-08-28 09:04:47.618	26m 14s	26m 12s	108.7%	3.6 GB	34.8 GB	28.7 GB	24.9 GB
407	c6/811f93	3888540	NFCORE_RNASEQ:RNASEQ:BAM_RSEQC:RSEQC_INNERDISTANCE (Pd37)	COMPLETED	0	2025-08-28 09:31:01.444	44.6s	43s	119.8%	311.5 MB	5.5 GB	159.6 MB	62 MB
404	85/2018ae	3890161	NFCORE_RNASEQ:RNASEQ:BAM_RSEQC:RSEQC_READDUPLICATION (Pd37)	COMPLETED	0	2025-08-28 09:31:46.064	5m 12s	5m 12s	100.4%	6.1 GB	11.3 GB	3.7 GB	928.2 KB
317	4c/b256ca	3803444	NFCORE_RNASEQ:RNASEQ:ALIGN_STAR:STAR_ALIGN (Pd51)	COMPLETED	0	2025-08-28 08:45:09.845	52m 39s	52m 38s	1113.0%	9.8 GB	11.5 GB	34.5 GB	11.8 GB
408	db/9610e0	3896962	NFCORE_RNASEQ:RNASEQ:BAM_RSEQC:RSEQC_READDISTRIBUTION (Pd37)	COMPLETED	0	2025-08-28 09:36:58.479	3m 30s	3m 29s	103.0%	214 MB	5.4 GB	3.7 GB	1.7 KB
405	56/52d90f	3908391	NFCORE_RNASEQ:RNASEQ:BAM_RSEQC:RSEQC_JUNCTIONSATURATION (Pd37)	COMPLETED	0	2025-08-28 09:40:28.496	2m 46s	2m 44s	105.7%	905.5 MB	11.4 GB	3.7 GB	28 KB
406	3f/fe7577	3917593	NFCORE_RNASEQ:RNASEQ:BAM_RSEQC:RSEQC_JUNCTIONANNOTATION (Pd37)	COMPLETED	0	2025-08-28 09:43:14.205	2m 17s	2m 17s	106.9%	67.2 MB	5.3 GB	3.7 GB	37.7 MB
409	22/2db73d	3925352	NFCORE_RNASEQ:RNASEQ:BAM_RSEQC:RSEQC_BAMSTAT (Pd37)	COMPLETED	0	2025-08-28 09:45:31.703	2m 45s	2m 44s	103.9%	46.2 MB	5.3 GB	3.7 GB	1.3 KB
410	95/becde6	3935251	NFCORE_RNASEQ:RNASEQ:BAM_RSEQC:RSEQC_INFEREXPERIMENT (Pd37)	COMPLETED	0	2025-08-28 09:48:16.254	2.9s	2s	389.9%	49.4 MB	5.3 GB	34.2 MB	800 B
412	8b/13bd8f	3935729	NFCORE_RNASEQ:RNASEQ:BAM_MARKDUPLICATES_PICARD:PICARD_MARKDUPLICATES (Pd3)	COMPLETED	0	2025-08-28 09:48:19.160	14m 54s	14m 52s	107.7%	21 GB	33.6 GB	6.8 GB	3.6 GB
414	ef/c9a7bb	3954461	NFCORE_RNASEQ:RNASEQ:BEDGRAPH_BEDCLIP_BEDGRAPHTOBIGWIG_FORWARD:UCSC_BEDCLIP (Pd37)	COMPLETED	0	2025-08-28 10:03:13.594	6.1s	5s	88.9%	7.2 MB	18.7 MB	336.8 MB	336.7 MB
413	bf/28beea	3955770	NFCORE_RNASEQ:RNASEQ:BEDGRAPH_BEDCLIP_BEDGRAPHTOBIGWIG_REVERSE:UCSC_BEDCLIP (Pd37)	COMPLETED	0	2025-08-28 10:03:19.696	10.8s	10s	55.7%	7.2 MB	18.7 MB	336.4 MB	336.3 MB
424	f2/a3830c	3955780	NFCORE_RNASEQ:RNASEQ:BEDGRAPH_BEDCLIP_BEDGRAPHTOBIGWIG_FORWARD:UCSC_BEDGRAPHTOBIGWIG (Pd37)	COMPLETED	0	2025-08-28 10:03:19.705	21.9s	21s	99.8%	44.4 MB	59.9 MB	1010.1 MB	63.9 MB
425	15/256eb3	3958710	NFCORE_RNASEQ:RNASEQ:BEDGRAPH_BEDCLIP_BEDGRAPHTOBIGWIG_REVERSE:UCSC_BEDGRAPHTOBIGWIG (Pd37)	COMPLETED	0	2025-08-28 10:03:41.624	21.9s	21s	99.4%	57.2 MB	72.2 MB	1008.9 MB	63.9 MB
416	5e/29fc41	3957580	NFCORE_RNASEQ:RNASEQ:ALIGN_STAR:BAM_SORT_STATS_SAMTOOLS:SAMTOOLS_SORT (Pd51)	COMPLETED	0	2025-08-28 10:03:30.533	4m 7s	4m 7s	292.0%	5.2 GB	6.2 GB	9.8 GB	6.7 GB
417	91/84bc11	3966912	NFCORE_RNASEQ:RNASEQ:QUANTIFY_STAR_SALMON:SALMON_QUANT (Pd51)	COMPLETED	0	2025-08-28 10:07:37.479	2m 11s	2m 11s	562.8%	3.9 GB	4.7 GB	5.5 GB	11.9 MB
418	ba/833e95	3954733	NFCORE_RNASEQ:RNASEQ:DUPRADAR (Pd3)	COMPLETED	0	2025-08-28 10:03:14.604	9m 55s	9m 53s	102.5%	398.2 MB	5.6 GB	23.5 GB	6.5 GB
419	68/b29985	3979513	NFCORE_RNASEQ:RNASEQ:BAM_MARKDUPLICATES_PICARD:SAMTOOLS_INDEX (Pd3)	COMPLETED	0	2025-08-28 10:13:09.120	31.2s	31s	174.4%	12.2 MB	220.9 MB	3.6 GB	708.5 KB
426	a6/fa75c7	3981287	NFCORE_RNASEQ:RNASEQ:ALIGN_STAR:BAM_SORT_STATS_SAMTOOLS:SAMTOOLS_INDEX (Pd51)	COMPLETED	0	2025-08-28 10:13:40.332	29.3s	29s	169.7%	10 MB	220.9 MB	3.3 GB	669.4 KB
420	5a/125eef	3971543	NFCORE_RNASEQ:RNASEQ:BEDTOOLS_GENOMECOV (Pd3)	COMPLETED	0	2025-08-28 10:09:48.434	6m 26s	6m 25s	111.9%	3.8 GB	4.9 GB	7.9 GB	1.4 GB
318	73/974818	3898712	NFCORE_RNASEQ:RNASEQ:ALIGN_STAR:STAR_ALIGN (Pd19)	COMPLETED	0	2025-08-28 09:37:48.772	46m 2s	46m 2s	1165.9%	9.8 GB	11.5 GB	34.4 GB	11.3 GB
422	2e/bf5ea8	3986064	NFCORE_RNASEQ:RNASEQ:QUALIMAP_RNASEQ (Pd3)	COMPLETED	0	2025-08-28 10:16:14.239	26m 13s	26m 11s	112.4%	3.3 GB	34.6 GB	27.9 GB	24.2 GB
319	32/f374bd	3998685	NFCORE_RNASEQ:RNASEQ:ALIGN_STAR:STAR_ALIGN (Pd17)	COMPLETED	0	2025-08-28 10:23:51.273	20m 28s	20m 28s	1109.4%	9.8 GB	11.5 GB	34.4 GB	11 GB
421	fe/251360	4034088	NFCORE_RNASEQ:RNASEQ:STRINGTIE_STRINGTIE (Pd3)	COMPLETED	0	2025-08-28 10:42:27.254	2m 24s	2m 23s	124.4%	737.5 MB	1 GB	3.8 GB	106.4 MB
423	1c/8a1f2f	4040513	NFCORE_RNASEQ:RNASEQ:SUBREAD_FEATURECOUNTS (Pd3)	COMPLETED	0	2025-08-28 10:44:50.870	42.4s	41s	381.8%	843.6 MB	1.4 GB	6.6 GB	2.2 GB
441	9c/1d661d	4043640	NFCORE_RNASEQ:RNASEQ:MULTIQC_CUSTOM_BIOTYPE (Pd3)	COMPLETED	0	2025-08-28 10:45:34.298	923ms	0ms	80.4%	6.6 MB	14.7 MB	8.7 MB	1.1 MB
427	c1/d2cfcd	4043140	NFCORE_RNASEQ:RNASEQ:BAM_MARKDUPLICATES_PICARD:PICARD_MARKDUPLICATES (Pd51)	COMPLETED	0	2025-08-28 10:45:33.288	15m 3s	15m	109.1%	21.1 GB	33.6 GB	6.7 GB	3.5 GB
446	73/c6d56a	4080223	NFCORE_RNASEQ:RNASEQ:BAM_MARKDUPLICATES_PICARD:SAMTOOLS_INDEX (Pd51)	COMPLETED	0	2025-08-28 11:00:36.820	30.8s	30s	173.6%	10.3 MB	220.9 MB	3.5 GB	677 KB
431	94/6bc4a8	4079872	NFCORE_RNASEQ:RNASEQ:BAM_RSEQC:RSEQC_READDUPLICATION (Pd3)	COMPLETED	0	2025-08-28 11:00:35.815	5m 1s	5m	102.4%	8 GB	13.2 GB	3.6 GB	649.2 KB
434	02/4d151f	4091133	NFCORE_RNASEQ:RNASEQ:BAM_RSEQC:RSEQC_INFEREXPERIMENT (Pd3)	COMPLETED	0	2025-08-28 11:05:36.579	3.1s	2s	367.1%	49.5 MB	5.3 GB	37 MB	799 B
430	c9/241967	4091696	NFCORE_RNASEQ:RNASEQ:BAM_RSEQC:RSEQC_JUNCTIONANNOTATION (Pd3)	COMPLETED	0	2025-08-28 11:05:39.673	2m 26s	2m 25s	106.2%	68.3 MB	5.3 GB	3.6 GB	38.8 MB
433	4a/c27017	4096881	NFCORE_RNASEQ:RNASEQ:BAM_RSEQC:RSEQC_BAMSTAT (Pd3)	COMPLETED	0	2025-08-28 11:08:05.549	3m 5s	3m 3s	103.3%	45.6 MB	5.3 GB	3.6 GB	1.3 KB
444	eb/b0ebac	4082131	NFCORE_RNASEQ:RNASEQ:DUPRADAR (Pd51)	COMPLETED	0	2025-08-28 11:01:07.642	11m	10m 59s	102.2%	405.3 MB	5.6 GB	32.2 GB	13.4 GB
428	4e/27dcf6	4102917	NFCORE_RNASEQ:RNASEQ:BAM_RSEQC:RSEQC_READDISTRIBUTION (Pd3)	COMPLETED	0	2025-08-28 11:11:10.080	4m 6s	4m 5s	102.5%	214.8 MB	5.4 GB	3.6 GB	1.7 KB
432	a4/58ccca	4108749	NFCORE_RNASEQ:RNASEQ:BAM_RSEQC:RSEQC_INNERDISTANCE (Pd3)	COMPLETED	0	2025-08-28 11:15:15.658	43.2s	42s	121.7%	312.3 MB	5.5 GB	185 MB	61.4 MB
429	3c/02ff44	4110629	NFCORE_RNASEQ:RNASEQ:BAM_RSEQC:RSEQC_JUNCTIONSATURATION (Pd3)	COMPLETED	0	2025-08-28 11:15:58.867	2m 53s	2m 52s	105.4%	1.1 GB	6.3 GB	3.6 GB	28.1 KB
435	f8/485bdc	4114651	NFCORE_RNASEQ:RNASEQ:BEDGRAPH_BEDCLIP_BEDGRAPHTOBIGWIG_FORWARD:UCSC_BEDCLIP (Pd3)	COMPLETED	0	2025-08-28 11:18:52.246	5.8s	5s	92.5%	7.2 MB	18.7 MB	356 MB	355.9 MB
436	c5/d33e6c	4115194	NFCORE_RNASEQ:RNASEQ:BEDGRAPH_BEDCLIP_BEDGRAPHTOBIGWIG_REVERSE:UCSC_BEDCLIP (Pd3)	COMPLETED	0	2025-08-28 11:18:58.024	9.3s	9s	59.2%	7.2 MB	18.7 MB	356.7 MB	356.6 MB
455	fd/533083	4115727	NFCORE_RNASEQ:RNASEQ:BEDGRAPH_BEDCLIP_BEDGRAPHTOBIGWIG_FORWARD:UCSC_BEDGRAPHTOBIGWIG (Pd3)	COMPLETED	0	2025-08-28 11:18:59.033	22.9s	22s	99.9%	54.4 MB	70.1 MB	1 GB	66 MB
456	a2/bb2c12	4116719	NFCORE_RNASEQ:RNASEQ:BEDGRAPH_BEDCLIP_BEDGRAPHTOBIGWIG_REVERSE:UCSC_BEDGRAPHTOBIGWIG (Pd3)	COMPLETED	0	2025-08-28 11:19:07.295	23s	23s	98.7%	54.1 MB	69.9 MB	1 GB	66.1 MB
437	a9/ccb9a0	4116717	NFCORE_RNASEQ:RNASEQ:ALIGN_STAR:BAM_SORT_STATS_SAMTOOLS:SAMTOOLS_SORT (Pd19)	COMPLETED	0	2025-08-28 11:19:07.289	3m 40s	3m 39s	313.5%	5.2 GB	6.2 GB	9.7 GB	6.5 GB
457	20/2fadbe	4123146	NFCORE_RNASEQ:RNASEQ:ALIGN_STAR:BAM_SORT_STATS_SAMTOOLS:SAMTOOLS_INDEX (Pd19)	COMPLETED	0	2025-08-28 11:22:47.992	30.6s	30s	168.4%	10.6 MB	220.9 MB	3.3 GB	701.7 KB
438	3b/43acae	4122849	NFCORE_RNASEQ:RNASEQ:QUANTIFY_STAR_SALMON:SALMON_QUANT (Pd19)	COMPLETED	0	2025-08-28 11:22:46.983	2m 1s	2m 1s	555.3%	3.7 GB	4.7 GB	5.1 GB	11.9 MB
439	38/80b6a1	4126910	NFCORE_RNASEQ:RNASEQ:ALIGN_STAR:BAM_SORT_STATS_SAMTOOLS:SAMTOOLS_SORT (Pd17)	COMPLETED	0	2025-08-28 11:24:48.388	3m 34s	3m 34s	317.1%	5.2 GB	6.2 GB	9.6 GB	6.5 GB
459	62/d98e90	4132075	NFCORE_RNASEQ:RNASEQ:ALIGN_STAR:BAM_SORT_STATS_SAMTOOLS:SAMTOOLS_INDEX (Pd17)	COMPLETED	0	2025-08-28 11:28:23.749	30.5s	30s	166.0%	9.7 MB	220.9 MB	3.2 GB	711 KB
440	09/17bdd3	4131780	NFCORE_RNASEQ:RNASEQ:QUANTIFY_STAR_SALMON:SALMON_QUANT (Pd17)	COMPLETED	0	2025-08-28 11:28:22.740	1m 58s	1m 57s	556.9%	3.6 GB	4.7 GB	4.9 GB	11.9 MB
320	f1/7f7739	4036958	NFCORE_RNASEQ:RNASEQ:ALIGN_STAR:STAR_ALIGN (Pd8)	COMPLETED	0	2025-08-28 10:44:19.466	47m 43s	47m 43s	1166.0%	9.8 GB	11.5 GB	34.4 GB	11.1 GB
445	f9/fc7f9d	4135782	NFCORE_RNASEQ:RNASEQ:BEDTOOLS_GENOMECOV (Pd51)	COMPLETED	0	2025-08-28 11:30:21.050	6m 18s	6m 16s	110.6%	3.3 GB	4.1 GB	7.7 GB	1.2 GB
443	9e/9aafe7	4155858	NFCORE_RNASEQ:RNASEQ:STRINGTIE_STRINGTIE (Pd51)	COMPLETED	0	2025-08-28 11:36:38.744	2m 32s	2m 31s	123.8%	727.3 MB	1011.6 MB	3.7 GB	106.4 MB
447	3c/eed4d4	4164093	NFCORE_RNASEQ:RNASEQ:SUBREAD_FEATURECOUNTS (Pd51)	COMPLETED	0	2025-08-28 11:39:10.909	56.8s	55s	319.5%	935.8 MB	1.5 GB	8.7 GB	3.8 GB
465	ee/7bc7cd	4167993	NFCORE_RNASEQ:RNASEQ:MULTIQC_CUSTOM_BIOTYPE (Pd51)	COMPLETED	0	2025-08-28 11:40:08.733	919ms	0ms	86.1%	6.9 MB	14.7 MB	8.7 MB	1.1 MB
442	a5/654e59	4167513	NFCORE_RNASEQ:RNASEQ:QUALIMAP_RNASEQ (Pd51)	COMPLETED	0	2025-08-28 11:40:07.726	27m 8s	27m 6s	96.9%	3.8 GB	34.8 GB	28.5 GB	24.7 GB
452	d4/3cba6f	3180	NFCORE_RNASEQ:RNASEQ:BAM_RSEQC:RSEQC_BAMSTAT (Pd51)	COMPLETED	0	2025-08-28 12:07:15.323	2m 57s	2m 57s	103.5%	45.4 MB	5.3 GB	3.6 GB	1.3 KB
448	23/e0319f	7734	NFCORE_RNASEQ:RNASEQ:BAM_RSEQC:RSEQC_INFEREXPERIMENT (Pd51)	COMPLETED	0	2025-08-28 12:10:12.833	3.1s	2s	374.9%	49.6 MB	5.3 GB	35.9 MB	800 B
451	49/5559fd	8270	NFCORE_RNASEQ:RNASEQ:BAM_RSEQC:RSEQC_READDUPLICATION (Pd51)	COMPLETED	0	2025-08-28 12:10:15.931	4m 49s	4m 48s	103.3%	5.9 GB	11.1 GB	3.6 GB	835.7 KB
453	49/f5a9ad	14516	NFCORE_RNASEQ:RNASEQ:BAM_RSEQC:RSEQC_JUNCTIONANNOTATION (Pd51)	COMPLETED	0	2025-08-28 12:15:05.209	2m 25s	2m 25s	106.4%	67.8 MB	5.3 GB	3.6 GB	37.8 MB
449	50/6188ce	18273	NFCORE_RNASEQ:RNASEQ:BAM_RSEQC:RSEQC_INNERDISTANCE (Pd51)	COMPLETED	0	2025-08-28 12:17:30.618	49.8s	49s	118.7%	312.1 MB	5.5 GB	364.5 MB	62.1 MB
450	cb/1e5e9e	20198	NFCORE_RNASEQ:RNASEQ:BAM_RSEQC:RSEQC_READDISTRIBUTION (Pd51)	COMPLETED	0	2025-08-28 12:18:20.465	3m 42s	3m 41s	102.8%	214.8 MB	5.4 GB	3.6 GB	1.7 KB
321	80/e0c40c	4138986	NFCORE_RNASEQ:RNASEQ:ALIGN_STAR:STAR_ALIGN (Pd30)	COMPLETED	0	2025-08-28 11:32:02.332	50m 52s	50m 52s	1167.3%	9.7 GB	11.5 GB	34.4 GB	6.9 GB
454	ef/f5269e	25234	NFCORE_RNASEQ:RNASEQ:BAM_RSEQC:RSEQC_JUNCTIONSATURATION (Pd51)	COMPLETED	0	2025-08-28 12:22:02.521	2m 52s	2m 51s	105.5%	1.1 GB	6.3 GB	3.6 GB	28 KB
458	54/a3a868	34757	NFCORE_RNASEQ:RNASEQ:BAM_MARKDUPLICATES_PICARD:PICARD_MARKDUPLICATES (Pd19)	COMPLETED	0	2025-08-28 12:24:55.025	15m 27s	15m 24s	106.6%	21.1 GB	33.6 GB	6.5 GB	3.5 GB
470	55/a9d0f2	70738	NFCORE_RNASEQ:RNASEQ:BAM_MARKDUPLICATES_PICARD:SAMTOOLS_INDEX (Pd19)	COMPLETED	0	2025-08-28 12:40:22.545	30.9s	31s	174.9%	10.6 MB	220.9 MB	3.5 GB	710.5 KB
468	e3/3b81f9	73348	NFCORE_RNASEQ:RNASEQ:DUPRADAR (Pd19)	COMPLETED	0	2025-08-28 12:40:53.498	10m 49s	10m 48s	102.3%	413.1 MB	5.6 GB	31.2 GB	12.9 GB
322	53/e0fd57	26872	NFCORE_RNASEQ:RNASEQ:ALIGN_STAR:STAR_ALIGN (Pd23)	COMPLETED	0	2025-08-28 12:22:54.440	32m 12s	32m 12s	1147.1%	9.8 GB	11.5 GB	34.5 GB	11.3 GB
460	3c/e645b3	70444	NFCORE_RNASEQ:RNASEQ:BAM_MARKDUPLICATES_PICARD:PICARD_MARKDUPLICATES (Pd17)	COMPLETED	0	2025-08-28 12:40:21.537	15m 12s	15m 9s	105.9%	21.1 GB	33.6 GB	6.4 GB	3.4 GB
461	74/582464	100418	NFCORE_RNASEQ:RNASEQ:ALIGN_STAR:BAM_SORT_STATS_SAMTOOLS:SAMTOOLS_SORT (Pd8)	COMPLETED	0	2025-08-28 12:55:33.236	4m 33s	4m 32s	289.5%	5.2 GB	6.2 GB	9.5 GB	6.4 GB
462	80/63a535	118178	NFCORE_RNASEQ:RNASEQ:QUANTIFY_STAR_SALMON:SALMON_QUANT (Pd8)	COMPLETED	0	2025-08-28 13:00:05.907	1m 57s	1m 56s	543.0%	3.3 GB	4.2 GB	4.9 GB	11.9 MB
464	1a/cbd2ad	126031	NFCORE_RNASEQ:RNASEQ:BEDGRAPH_BEDCLIP_BEDGRAPHTOBIGWIG_REVERSE:UCSC_BEDCLIP (Pd51)	COMPLETED	0	2025-08-28 13:02:02.833	6s	5s	83.2%	7.2 MB	18.7 MB	314 MB	313.9 MB
463	0a/673149	126827	NFCORE_RNASEQ:RNASEQ:BEDGRAPH_BEDCLIP_BEDGRAPHTOBIGWIG_FORWARD:UCSC_BEDCLIP (Pd51)	COMPLETED	0	2025-08-28 13:02:08.795	9.4s	8s	56.7%	7.2 MB	18.7 MB	313.9 MB	313.8 MB
491	71/45364e	127098	NFCORE_RNASEQ:RNASEQ:BEDGRAPH_BEDCLIP_BEDGRAPHTOBIGWIG_REVERSE:UCSC_BEDGRAPHTOBIGWIG (Pd51)	COMPLETED	0	2025-08-28 13:02:09.804	20.1s	19s	100.3%	47.2 MB	63 MB	941.7 MB	60.8 MB
492	df/611fdb	130033	NFCORE_RNASEQ:RNASEQ:BEDGRAPH_BEDCLIP_BEDGRAPHTOBIGWIG_FORWARD:UCSC_BEDGRAPHTOBIGWIG (Pd51)	COMPLETED	0	2025-08-28 13:02:29.873	29.7s	29s	75.7%	50.3 MB	65.4 MB	941.6 MB	60.8 MB
486	99/6e86a3	100690	NFCORE_RNASEQ:RNASEQ:DUPRADAR (Pd17)	COMPLETED	0	2025-08-28 12:55:34.244	9m 25s	9m 24s	103.2%	363.8 MB	5.5 GB	18.6 GB	3.4 GB
466	ad/4bd787	128616	NFCORE_RNASEQ:RNASEQ:ALIGN_STAR:BAM_SORT_STATS_SAMTOOLS:SAMTOOLS_SORT (Pd30)	COMPLETED	0	2025-08-28 13:02:18.172	2m 47s	2m 46s	314.0%	5.2 GB	6.2 GB	6.9 GB	4.8 GB
485	34/2eb143	141052	NFCORE_RNASEQ:RNASEQ:BAM_MARKDUPLICATES_PICARD:SAMTOOLS_INDEX (Pd17)	COMPLETED	0	2025-08-28 13:04:59.051	31.8s	31s	165.9%	8.6 MB	162.8 MB	3.4 GB	718.8 KB
489	74/dd37a2	144182	NFCORE_RNASEQ:RNASEQ:ALIGN_STAR:BAM_SORT_STATS_SAMTOOLS:SAMTOOLS_INDEX (Pd8)	COMPLETED	0	2025-08-28 13:05:30.846	31.2s	30s	173.0%	10.6 MB	220.9 MB	3.3 GB	681.6 KB
493	4e/f337d5	145788	NFCORE_RNASEQ:RNASEQ:ALIGN_STAR:BAM_SORT_STATS_SAMTOOLS:SAMTOOLS_INDEX (Pd30)	COMPLETED	0	2025-08-28 13:06:02.058	23.3s	23s	166.0%	10 MB	220.9 MB	2.4 GB	507.9 KB
467	5c/226680	141954	NFCORE_RNASEQ:RNASEQ:QUANTIFY_STAR_SALMON:SALMON_QUANT (Pd30)	COMPLETED	0	2025-08-28 13:05:05.057	1m 28s	1m 28s	517.4%	3.3 GB	4.2 GB	2.5 GB	11.9 MB
469	7e/8973f5	147470	NFCORE_RNASEQ:RNASEQ:BEDTOOLS_GENOMECOV (Pd19)	COMPLETED	0	2025-08-28 13:06:33.290	6m 21s	6m 20s	111.7%	3.9 GB	5 GB	7.6 GB	1.4 GB
472	45/5f0435	157774	NFCORE_RNASEQ:RNASEQ:QUALIMAP_RNASEQ (Pd19)	COMPLETED	0	2025-08-28 13:12:54.457	25m 32s	25m 30s	95.5%	3 GB	34.6 GB	28.1 GB	24.5 GB
471	b4/7082c6	183183	NFCORE_RNASEQ:RNASEQ:STRINGTIE_STRINGTIE (Pd19)	COMPLETED	0	2025-08-28 13:38:26.276	2m 28s	2m 28s	125.2%	822.9 MB	1017.1 MB	3.6 GB	107.1 MB
473	8f/f2f8ac	186783	NFCORE_RNASEQ:RNASEQ:SUBREAD_FEATURECOUNTS (Pd19)	COMPLETED	0	2025-08-28 13:40:54.629	55.1s	53s	323.8%	949.9 MB	1.6 GB	8.4 GB	3.7 GB
504	39/989a70	188686	NFCORE_RNASEQ:RNASEQ:MULTIQC_CUSTOM_BIOTYPE (Pd19)	COMPLETED	0	2025-08-28 13:41:50.708	857ms	0ms	108.7%	2.5 MB	5.4 MB	8.7 MB	1.1 MB
323	b9/53fc28	97227	NFCORE_RNASEQ:RNASEQ:ALIGN_STAR:STAR_ALIGN (Pd24)	COMPLETED	0	2025-08-28 12:55:06.352	50m 24s	50m 23s	1162.3%	9.8 GB	11.5 GB	34.5 GB	11.5 GB
479	75/d005ea	188359	NFCORE_RNASEQ:RNASEQ:BAM_RSEQC:RSEQC_READDUPLICATION (Pd19)	COMPLETED	0	2025-08-28 13:41:49.703	4m 55s	4m 54s	103.2%	7.5 GB	12.7 GB	3.5 GB	812 KB
475	b0/ed1c1e	199356	NFCORE_RNASEQ:RNASEQ:BAM_RSEQC:RSEQC_JUNCTIONANNOTATION (Pd19)	COMPLETED	0	2025-08-28 13:46:44.828	2m 36s	2m 35s	106.0%	68.2 MB	5.3 GB	3.5 GB	39.6 MB
476	a7/4992c7	207788	NFCORE_RNASEQ:RNASEQ:BAM_RSEQC:RSEQC_READDISTRIBUTION (Pd19)	COMPLETED	0	2025-08-28 13:49:20.782	3m 59s	3m 58s	102.6%	214.4 MB	5.4 GB	3.5 GB	1.7 KB
477	b1/842338	220266	NFCORE_RNASEQ:RNASEQ:BAM_RSEQC:RSEQC_INFEREXPERIMENT (Pd19)	COMPLETED	0	2025-08-28 13:53:19.732	2.9s	2s	393.8%	49.9 MB	5.3 GB	33.5 MB	801 B
478	21/bbd519	221000	NFCORE_RNASEQ:RNASEQ:BAM_RSEQC:RSEQC_JUNCTIONSATURATION (Pd19)	COMPLETED	0	2025-08-28 13:53:22.652	2m 56s	2m 55s	105.4%	1.1 GB	6.4 GB	3.5 GB	28.1 KB
474	b3/48ebee	230762	NFCORE_RNASEQ:RNASEQ:BAM_RSEQC:RSEQC_BAMSTAT (Pd19)	COMPLETED	0	2025-08-28 13:56:18.317	3m 5s	3m 4s	103.4%	45.3 MB	5.3 GB	3.5 GB	1.3 KB
480	20/2d6242	235105	NFCORE_RNASEQ:RNASEQ:BAM_RSEQC:RSEQC_INNERDISTANCE (Pd19)	COMPLETED	0	2025-08-28 13:59:22.969	47.5s	47s	119.7%	312.4 MB	5.5 GB	288.8 MB	62.6 MB
481	2b/dd5cd0	236738	NFCORE_RNASEQ:RNASEQ:ALIGN_STAR:BAM_SORT_STATS_SAMTOOLS:SAMTOOLS_SORT (Pd23)	COMPLETED	0	2025-08-28 14:00:10.505	3m 48s	3m 48s	314.0%	5.2 GB	6.2 GB	9.9 GB	6.8 GB
507	1e/707d24	242317	NFCORE_RNASEQ:RNASEQ:ALIGN_STAR:BAM_SORT_STATS_SAMTOOLS:SAMTOOLS_INDEX (Pd23)	COMPLETED	0	2025-08-28 14:03:59.915	32.3s	31s	168.5%	8.8 MB	220.9 MB	3.5 GB	666.3 KB
482	05/0fdd7e	242033	NFCORE_RNASEQ:RNASEQ:QUANTIFY_STAR_SALMON:SALMON_QUANT (Pd23)	COMPLETED	0	2025-08-28 14:03:58.905	1m 51s	1m 50s	554.8%	3.3 GB	4.2 GB	4.9 GB	11.9 MB
483	16/729293	245781	NFCORE_RNASEQ:RNASEQ:BEDTOOLS_GENOMECOV (Pd17)	COMPLETED	0	2025-08-28 14:05:49.784	6m 35s	6m 33s	110.9%	4.3 GB	5.3 GB	7.6 GB	1.6 GB
488	a0/613c41	256255	NFCORE_RNASEQ:RNASEQ:SUBREAD_FEATURECOUNTS (Pd17)	COMPLETED	0	2025-08-28 14:12:25.068	40.3s	39s	363.7%	620.9 MB	1.1 GB	5.3 GB	1.4 GB
511	f1/d40783	257942	NFCORE_RNASEQ:RNASEQ:MULTIQC_CUSTOM_BIOTYPE (Pd17)	COMPLETED	0	2025-08-28 14:13:05.384	850ms	0ms	114.1%	2.8 MB	5.4 MB	8.8 MB	1.1 MB
484	36/8c0a71	257940	NFCORE_RNASEQ:RNASEQ:STRINGTIE_STRINGTIE (Pd17)	COMPLETED	0	2025-08-28 14:13:05.377	2m 16s	2m 15s	128.3%	788.2 MB	1012.2 MB	3.6 GB	107.6 MB
324	01/33f187	193646	NFCORE_RNASEQ:RNASEQ:ALIGN_STAR:STAR_ALIGN (Pd5)	COMPLETED	0	2025-08-28 13:45:30.151	32m 5s	32m 5s	1144.0%	9.8 GB	11.5 GB	34.5 GB	12.1 GB
487	05/47baec	261446	NFCORE_RNASEQ:RNASEQ:QUALIMAP_RNASEQ (Pd17)	COMPLETED	0	2025-08-28 14:15:20.933	26m 4s	26m 2s	112.9%	3.6 GB	34.8 GB	27.5 GB	24 GB
490	93/5340a3	308786	NFCORE_RNASEQ:RNASEQ:BAM_MARKDUPLICATES_PICARD:PICARD_MARKDUPLICATES (Pd8)	COMPLETED	0	2025-08-28 14:41:25.293	15m 10s	15m 8s	110.1%	21.1 GB	33.6 GB	6.6 GB	3.5 GB
515	f9/dc3841	328188	NFCORE_RNASEQ:RNASEQ:BAM_MARKDUPLICATES_PICARD:SAMTOOLS_INDEX (Pd8)	COMPLETED	0	2025-08-28 14:56:36.752	31.6s	31s	173.1%	10.9 MB	220.9 MB	3.5 GB	690 KB
494	64/048a88	327890	NFCORE_RNASEQ:RNASEQ:BAM_MARKDUPLICATES_PICARD:PICARD_MARKDUPLICATES (Pd30)	COMPLETED	0	2025-08-28 14:56:35.743	16m 34s	16m 32s	100.7%	22.7 GB	33.6 GB	4.8 GB	2.5 GB
499	25/fc4e1f	356426	NFCORE_RNASEQ:RNASEQ:BAM_RSEQC:RSEQC_READDISTRIBUTION (Pd17)	COMPLETED	0	2025-08-28 15:13:09.629	6m 44s	6m 43s	68.3%	213.9 MB	5.4 GB	3.4 GB	1.7 KB
497	d4/a8cadb	370632	NFCORE_RNASEQ:RNASEQ:BAM_RSEQC:RSEQC_INNERDISTANCE (Pd17)	COMPLETED	0	2025-08-28 15:19:53.816	44.5s	44s	119.5%	311.6 MB	5.5 GB	173.8 MB	61.6 MB
498	f5/4b0138	372786	NFCORE_RNASEQ:RNASEQ:BAM_RSEQC:RSEQC_INFEREXPERIMENT (Pd17)	COMPLETED	0	2025-08-28 15:20:38.277	3s	3s	362.5%	49.4 MB	5.3 GB	34.4 MB	801 B
514	c1/a6fd3d	330794	NFCORE_RNASEQ:RNASEQ:DUPRADAR (Pd8)	COMPLETED	0	2025-08-28 14:57:08.366	27m 30s	27m 30s	61.3%	462.7 MB	5.6 GB	56.4 GB	31.7 GB
496	a1/12c726	373321	NFCORE_RNASEQ:RNASEQ:BAM_RSEQC:RSEQC_READDUPLICATION (Pd17)	COMPLETED	0	2025-08-28 15:20:41.277	4m 59s	4m 58s	103.0%	8.1 GB	13.3 GB	3.4 GB	584.2 KB
528	bd/861a7f	356773	NFCORE_RNASEQ:RNASEQ:DUPRADAR (Pd30)	COMPLETED	0	2025-08-28 15:13:10.639	14m 33s	14m 32s	81.6%	439.4 MB	5.6 GB	45 GB	26.2 GB
531	a4/26a207	385602	NFCORE_RNASEQ:RNASEQ:BAM_MARKDUPLICATES_PICARD:SAMTOOLS_INDEX (Pd30)	COMPLETED	0	2025-08-28 15:27:44.020	22.5s	22s	172.9%	11.2 MB	220.9 MB	2.5 GB	513.5 KB
500	5f/1ef1fd	382119	NFCORE_RNASEQ:RNASEQ:BAM_RSEQC:RSEQC_BAMSTAT (Pd17)	COMPLETED	0	2025-08-28 15:25:40.200	3m 10s	3m 9s	103.3%	45.5 MB	5.3 GB	3.4 GB	1.3 KB
495	bf/7f9b30	387903	NFCORE_RNASEQ:RNASEQ:BAM_RSEQC:RSEQC_JUNCTIONSATURATION (Pd17)	COMPLETED	0	2025-08-28 15:28:49.787	2m 54s	2m 53s	105.4%	1.1 GB	6.3 GB	3.4 GB	28.1 KB
501	fa/043fc0	392193	NFCORE_RNASEQ:RNASEQ:BAM_RSEQC:RSEQC_JUNCTIONANNOTATION (Pd17)	COMPLETED	0	2025-08-28 15:31:43.886	2m 32s	2m 31s	106.2%	142.4 MB	10.6 GB	3.4 GB	40.4 MB
502	40/8c918e	396022	NFCORE_RNASEQ:RNASEQ:BEDGRAPH_BEDCLIP_BEDGRAPHTOBIGWIG_REVERSE:UCSC_BEDCLIP (Pd19)	COMPLETED	0	2025-08-28 15:34:15.473	6.3s	6s	87.7%	7.2 MB	18.7 MB	361.6 MB	361.5 MB
503	0d/01d7ee	396624	NFCORE_RNASEQ:RNASEQ:BEDGRAPH_BEDCLIP_BEDGRAPHTOBIGWIG_FORWARD:UCSC_BEDCLIP (Pd19)	COMPLETED	0	2025-08-28 15:34:21.734	8.9s	8s	65.7%	7.2 MB	18.7 MB	361.1 MB	361 MB
540	18/e5c644	396897	NFCORE_RNASEQ:RNASEQ:BEDGRAPH_BEDCLIP_BEDGRAPHTOBIGWIG_REVERSE:UCSC_BEDGRAPHTOBIGWIG (Pd19)	COMPLETED	0	2025-08-28 15:34:22.744	23.9s	23s	100.0%	57.2 MB	72.6 MB	1.1 GB	68.1 MB
541	e7/72b511	398439	NFCORE_RNASEQ:RNASEQ:BEDGRAPH_BEDCLIP_BEDGRAPHTOBIGWIG_FORWARD:UCSC_BEDGRAPHTOBIGWIG (Pd19)	COMPLETED	0	2025-08-28 15:34:31.681	24.4s	23s	100.1%	54.7 MB	70.5 MB	1.1 GB	68.1 MB
506	82/e7cf33	398096	NFCORE_RNASEQ:RNASEQ:QUANTIFY_STAR_SALMON:SALMON_QUANT (Pd24)	COMPLETED	0	2025-08-28 15:34:30.673	2m 1s	2m	553.7%	3.8 GB	4.7 GB	5.1 GB	11.9 MB
325	1f/b824c1	265626	NFCORE_RNASEQ:RNASEQ:ALIGN_STAR:STAR_ALIGN (Pd36)	COMPLETED	0	2025-08-28 14:17:35.655	1h 22m 57s	1h 22m 56s	1175.6%	9.8 GB	11.5 GB	34.4 GB	11.3 GB
505	72/4034e0	402559	NFCORE_RNASEQ:RNASEQ:ALIGN_STAR:BAM_SORT_STATS_SAMTOOLS:SAMTOOLS_SORT (Pd24)	COMPLETED	0	2025-08-28 15:36:32.148	4m 3s	4m 3s	323.2%	5.2 GB	6.2 GB	9.9 GB	6.7 GB
544	d5/317343	408135	NFCORE_RNASEQ:RNASEQ:ALIGN_STAR:BAM_SORT_STATS_SAMTOOLS:SAMTOOLS_INDEX (Pd24)	COMPLETED	0	2025-08-28 15:40:35.527	29.3s	28s	180.7%	12.5 MB	220.9 MB	3.4 GB	689.6 KB
508	b5/51b49b	408129	NFCORE_RNASEQ:RNASEQ:BAM_MARKDUPLICATES_PICARD:PICARD_MARKDUPLICATES (Pd23)	COMPLETED	0	2025-08-28 15:40:35.518	16m 23s	16m 21s	108.8%	21.3 GB	33.6 GB	6.9 GB	3.7 GB
510	0a/9219b7	448026	NFCORE_RNASEQ:RNASEQ:BEDGRAPH_BEDCLIP_BEDGRAPHTOBIGWIG_FORWARD:UCSC_BEDCLIP (Pd17)	COMPLETED	0	2025-08-28 15:56:58.279	7.6s	7s	83.1%	7.5 MB	18.7 MB	402.8 MB	402.8 MB
509	1d/cd6918	449215	NFCORE_RNASEQ:RNASEQ:BEDGRAPH_BEDCLIP_BEDGRAPHTOBIGWIG_REVERSE:UCSC_BEDCLIP (Pd17)	COMPLETED	0	2025-08-28 15:57:05.853	9.6s	9s	64.6%	7.2 MB	18.7 MB	403.3 MB	403.2 MB
552	78/0fd0f2	449221	NFCORE_RNASEQ:RNASEQ:BEDGRAPH_BEDCLIP_BEDGRAPHTOBIGWIG_FORWARD:UCSC_BEDGRAPHTOBIGWIG (Pd17)	COMPLETED	0	2025-08-28 15:57:05.862	25.5s	25s	100.1%	55.3 MB	70.7 MB	1.2 GB	74.8 MB
553	17/ff1dcb	452367	NFCORE_RNASEQ:RNASEQ:BEDGRAPH_BEDCLIP_BEDGRAPHTOBIGWIG_REVERSE:UCSC_BEDGRAPHTOBIGWIG (Pd17)	COMPLETED	0	2025-08-28 15:57:31.348	28.9s	29s	88.0%	60.9 MB	76.2 MB	1.2 GB	74.8 MB
512	2a/62392f	450856	NFCORE_RNASEQ:RNASEQ:ALIGN_STAR:BAM_SORT_STATS_SAMTOOLS:SAMTOOLS_SORT (Pd5)	COMPLETED	0	2025-08-28 15:57:15.487	5m 17s	5m 17s	227.8%	5.2 GB	6.2 GB	9.8 GB	6.6 GB
513	9a/1863d2	462053	NFCORE_RNASEQ:RNASEQ:QUANTIFY_STAR_SALMON:SALMON_QUANT (Pd5)	COMPLETED	0	2025-08-28 16:02:32.827	2m 20s	2m 19s	563.0%	4.2 GB	5.3 GB	5.8 GB	11.9 MB
518	ac/7b2614	466840	NFCORE_RNASEQ:RNASEQ:STRINGTIE_STRINGTIE (Pd8)	COMPLETED	0	2025-08-28 16:04:52.466	3m 33s	3m 33s	98.0%	677.8 MB	836.8 MB	3.7 GB	105.8 MB
548	d5/82bf68	448288	NFCORE_RNASEQ:RNASEQ:DUPRADAR (Pd23)	COMPLETED	0	2025-08-28 15:56:59.289	14m 47s	14m 46s	99.7%	468.5 MB	5.6 GB	48.7 GB	25.3 GB
546	13/859139	479363	NFCORE_RNASEQ:RNASEQ:BAM_MARKDUPLICATES_PICARD:SAMTOOLS_INDEX (Pd23)	COMPLETED	0	2025-08-28 16:11:46.184	32.1s	32s	173.0%	10.3 MB	220.9 MB	3.7 GB	673.2 KB
554	c4/4c0fca	481194	NFCORE_RNASEQ:RNASEQ:ALIGN_STAR:BAM_SORT_STATS_SAMTOOLS:SAMTOOLS_INDEX (Pd5)	COMPLETED	0	2025-08-28 16:12:18.323	29.6s	29s	171.7%	12.2 MB	220.9 MB	3.3 GB	675.8 KB
517	bf/b1ea4d	472914	NFCORE_RNASEQ:RNASEQ:BEDTOOLS_GENOMECOV (Pd8)	COMPLETED	0	2025-08-28 16:08:25.267	6m 40s	6m 39s	110.2%	3.3 GB	4.2 GB	7.6 GB	1.2 GB
516	97/efe64b	486187	NFCORE_RNASEQ:RNASEQ:QUALIMAP_RNASEQ (Pd8)	COMPLETED	0	2025-08-28 16:15:05.359	26m 30s	26m 28s	107.6%	3.3 GB	34.6 GB	29.4 GB	25.8 GB
519	6d/5580f4	512584	NFCORE_RNASEQ:RNASEQ:SUBREAD_FEATURECOUNTS (Pd8)	COMPLETED	0	2025-08-28 16:41:35.251	1m 38s	1m 36s	254.2%	1.2 GB	1.6 GB	14.6 GB	8.3 GB
565	5b/4b6dd3	515475	NFCORE_RNASEQ:RNASEQ:MULTIQC_CUSTOM_BIOTYPE (Pd8)	COMPLETED	0	2025-08-28 16:43:14.067	871ms	0ms	114.1%	2.8 MB	5.4 MB	8.7 MB	1.1 MB
525	d2/3a3138	515133	NFCORE_RNASEQ:RNASEQ:BAM_RSEQC:RSEQC_READDUPLICATION (Pd8)	COMPLETED	0	2025-08-28 16:43:13.058	4m 52s	4m 51s	103.2%	6.1 GB	11.4 GB	3.5 GB	990.9 KB
522	d8/fc6586	521743	NFCORE_RNASEQ:RNASEQ:BAM_RSEQC:RSEQC_JUNCTIONANNOTATION (Pd8)	COMPLETED	0	2025-08-28 16:48:04.749	2m 16s	2m 15s	106.9%	135 MB	10.6 GB	3.6 GB	35.6 MB
520	33/601395	525417	NFCORE_RNASEQ:RNASEQ:BAM_RSEQC:RSEQC_BAMSTAT (Pd8)	COMPLETED	0	2025-08-28 16:50:20.880	2m 48s	2m 47s	103.7%	46.1 MB	5.3 GB	3.5 GB	1.3 KB
521	bb/5120df	529338	NFCORE_RNASEQ:RNASEQ:BAM_RSEQC:RSEQC_READDISTRIBUTION (Pd8)	COMPLETED	0	2025-08-28 16:53:08.667	3m 32s	3m 31s	102.9%	214.5 MB	5.4 GB	3.6 GB	1.7 KB
524	53/055721	534264	NFCORE_RNASEQ:RNASEQ:BAM_RSEQC:RSEQC_INNERDISTANCE (Pd8)	COMPLETED	0	2025-08-28 16:56:40.309	45s	45s	120.7%	311.9 MB	5.5 GB	214.1 MB	61.3 MB
523	66/a56639	536144	NFCORE_RNASEQ:RNASEQ:BAM_RSEQC:RSEQC_JUNCTIONSATURATION (Pd8)	COMPLETED	0	2025-08-28 16:57:25.293	2m 55s	2m 55s	105.3%	932.4 MB	6.1 GB	3.5 GB	28 KB
526	5e/c6cdaf	540297	NFCORE_RNASEQ:RNASEQ:BAM_RSEQC:RSEQC_INFEREXPERIMENT (Pd8)	COMPLETED	0	2025-08-28 17:00:20.459	3s	2s	384.0%	49.1 MB	5.3 GB	35.5 MB	801 B
527	fe/1a7263	541043	NFCORE_RNASEQ:RNASEQ:BEDTOOLS_GENOMECOV (Pd30)	COMPLETED	0	2025-08-28 17:00:23.438	4m 36s	4m 35s	108.2%	2.2 GB	2.7 GB	5.5 GB	797.3 MB
326	13/701d5a	407499	NFCORE_RNASEQ:RNASEQ:ALIGN_STAR:STAR_ALIGN (Pd58)	COMPLETED	0	2025-08-28 15:40:32.438	1h 41m 11s	1h 41m 11s	1179.3%	9.8 GB	11.5 GB	34.5 GB	10.3 GB
530	04/f559ab	548549	NFCORE_RNASEQ:RNASEQ:QUALIMAP_RNASEQ (Pd30)	COMPLETED	0	2025-08-28 17:04:59.888	17m 25s	17m 22s	113.7%	3.1 GB	34.8 GB	20.9 GB	18.2 GB
529	92/1b135b	571172	NFCORE_RNASEQ:RNASEQ:STRINGTIE_STRINGTIE (Pd30)	COMPLETED	0	2025-08-28 17:22:24.436	1m 29s	1m 29s	125.5%	579.6 MB	849.9 MB	2.7 GB	101.4 MB
532	5a/10402d	576431	NFCORE_RNASEQ:RNASEQ:SUBREAD_FEATURECOUNTS (Pd30)	COMPLETED	0	2025-08-28 17:23:53.644	1m 16s	1m 14s	244.9%	1.1 GB	1.5 GB	11.7 GB	6.9 GB
570	2d/917be7	581246	NFCORE_RNASEQ:RNASEQ:MULTIQC_CUSTOM_BIOTYPE (Pd30)	COMPLETED	0	2025-08-28 17:25:10.919	875ms	0ms	108.7%	2.5 MB	5.4 MB	8.7 MB	1.1 MB
536	b6/bf8605	580906	NFCORE_RNASEQ:RNASEQ:BAM_RSEQC:RSEQC_READDUPLICATION (Pd30)	COMPLETED	0	2025-08-28 17:25:09.909	3m 36s	3m 35s	104.4%	3.9 GB	9.2 GB	2.6 GB	720.2 KB
537	39/1cfb7d	592527	NFCORE_RNASEQ:RNASEQ:BAM_RSEQC:RSEQC_INNERDISTANCE (Pd30)	COMPLETED	0	2025-08-28 17:28:46.138	44s	43s	124.4%	312.9 MB	5.5 GB	200.7 MB	60.9 MB
533	97/3d61f3	595980	NFCORE_RNASEQ:RNASEQ:BAM_RSEQC:RSEQC_JUNCTIONSATURATION (Pd30)	COMPLETED	0	2025-08-28 17:29:30.109	1m 51s	1m 50s	108.8%	523.7 MB	5.7 GB	2.6 GB	27.9 KB
534	4c/a3067a	603293	NFCORE_RNASEQ:RNASEQ:BAM_RSEQC:RSEQC_READDISTRIBUTION (Pd30)	COMPLETED	0	2025-08-28 17:31:20.727	2m 18s	2m 17s	104.6%	214.5 MB	5.4 GB	2.6 GB	1.7 KB
538	01/6a857b	608179	NFCORE_RNASEQ:RNASEQ:BAM_RSEQC:RSEQC_BAMSTAT (Pd30)	COMPLETED	0	2025-08-28 17:33:38.658	1m 45s	1m 44s	106.1%	45.2 MB	5.3 GB	2.6 GB	1.3 KB
539	8f/54aa99	611007	NFCORE_RNASEQ:RNASEQ:BAM_RSEQC:RSEQC_JUNCTIONANNOTATION (Pd30)	COMPLETED	0	2025-08-28 17:35:23.668	1m 27s	1m 26s	111.7%	62.1 MB	5.3 GB	2.6 GB	28.3 MB
535	15/df5ebe	613576	NFCORE_RNASEQ:RNASEQ:BAM_RSEQC:RSEQC_INFEREXPERIMENT (Pd30)	COMPLETED	0	2025-08-28 17:36:50.577	2.9s	2s	392.2%	49.5 MB	5.3 GB	36.1 MB	802 B
327	04/9d6428	567703	NFCORE_RNASEQ:RNASEQ:ALIGN_STAR:STAR_ALIGN (Pd13)	COMPLETED	0	2025-08-28 17:21:43.493	15m 29s	15m 29s	1008.0%	9.8 GB	11.5 GB	34.4 GB	10.2 GB
542	ef/1a6eb2	614060	NFCORE_RNASEQ:RNASEQ:ALIGN_STAR:BAM_SORT_STATS_SAMTOOLS:SAMTOOLS_SORT (Pd36)	COMPLETED	0	2025-08-28 17:36:53.513	3m 55s	3m 55s	303.1%	5.2 GB	6.2 GB	9.6 GB	6.5 GB
573	04/c597a2	627961	NFCORE_RNASEQ:RNASEQ:ALIGN_STAR:BAM_SORT_STATS_SAMTOOLS:SAMTOOLS_INDEX (Pd36)	COMPLETED	0	2025-08-28 17:40:49.423	31.7s	31s	169.4%	10.3 MB	220.9 MB	3.3 GB	688 KB
543	05/68aeac	627669	NFCORE_RNASEQ:RNASEQ:QUANTIFY_STAR_SALMON:SALMON_QUANT (Pd36)	COMPLETED	0	2025-08-28 17:40:48.417	2m	2m	553.7%	3.6 GB	4.7 GB	5 GB	11.9 MB
328	f6/46b61c	615082	NFCORE_RNASEQ:RNASEQ:ALIGN_STAR:STAR_ALIGN (Pd25)	COMPLETED	0	2025-08-28 17:37:12.742	16m 8s	16m 7s	920.3%	9.8 GB	11.5 GB	34.4 GB	11.5 GB
545	cc/e69df5	635302	NFCORE_RNASEQ:RNASEQ:BAM_MARKDUPLICATES_PICARD:PICARD_MARKDUPLICATES (Pd24)	COMPLETED	0	2025-08-28 17:42:48.855	15m 34s	15m 32s	106.9%	21.2 GB	33.6 GB	6.8 GB	3.6 GB
577	ec/e28c67	675754	NFCORE_RNASEQ:RNASEQ:DUPRADAR (Pd24)	COMPLETED	0	2025-08-28 17:58:23.406	13m 13s	13m 13s	101.4%	464.7 MB	5.6 GB	43.5 GB	21.7 GB
581	59/300096	710222	NFCORE_RNASEQ:RNASEQ:BAM_MARKDUPLICATES_PICARD:SAMTOOLS_INDEX (Pd24)	COMPLETED	0	2025-08-28 18:11:36.571	32.1s	31s	176.7%	12.8 MB	220.9 MB	3.6 GB	698.8 KB
329	90/514fc6	660948	NFCORE_RNASEQ:RNASEQ:ALIGN_STAR:STAR_ALIGN (Pd43)	COMPLETED	0	2025-08-28 17:53:20.614	30m 42s	30m 41s	1131.4%	9.8 GB	11.5 GB	34.4 GB	11.9 GB
549	2c/6d59bf	675354	NFCORE_RNASEQ:RNASEQ:QUALIMAP_RNASEQ (Pd23)	COMPLETED	0	2025-08-28 17:58:22.400	28m 17s	28m 14s	105.4%	3.1 GB	34.8 GB	29.7 GB	25.9 GB
550	3c/97b7c7	728193	NFCORE_RNASEQ:RNASEQ:STRINGTIE_STRINGTIE (Pd23)	COMPLETED	0	2025-08-28 18:26:38.912	2m 46s	2m 45s	121.7%	736.5 MB	1 GB	3.9 GB	107.3 MB
551	be/cd415a	736997	NFCORE_RNASEQ:RNASEQ:SUBREAD_FEATURECOUNTS (Pd23)	COMPLETED	0	2025-08-28 18:29:24.498	1m 21s	1m 20s	273.8%	1.2 GB	1.7 GB	12.6 GB	6.7 GB
592	fc/ed3184	742031	NFCORE_RNASEQ:RNASEQ:MULTIQC_CUSTOM_BIOTYPE (Pd23)	COMPLETED	0	2025-08-28 18:30:46.279	848ms	0ms	106.3%	2.8 MB	5.4 MB	8.7 MB	1.1 MB
547	95/5fdccd	741739	NFCORE_RNASEQ:RNASEQ:BEDTOOLS_GENOMECOV (Pd23)	COMPLETED	0	2025-08-28 18:30:45.270	6m 42s	6m 41s	111.0%	3.8 GB	4.8 GB	8 GB	1.4 GB
555	22/59ea5c	760130	NFCORE_RNASEQ:RNASEQ:BAM_MARKDUPLICATES_PICARD:PICARD_MARKDUPLICATES (Pd5)	COMPLETED	0	2025-08-28 18:37:27.733	14m 58s	14m 56s	108.7%	21.1 GB	33.6 GB	6.7 GB	3.5 GB
598	18/2e0ac6	779293	NFCORE_RNASEQ:RNASEQ:BAM_MARKDUPLICATES_PICARD:SAMTOOLS_INDEX (Pd5)	COMPLETED	0	2025-08-28 18:52:26.919	30.8s	30s	174.4%	11.2 MB	220.9 MB	3.5 GB	682.6 KB
558	3b/31453b	778952	NFCORE_RNASEQ:RNASEQ:BAM_RSEQC:RSEQC_BAMSTAT (Pd23)	COMPLETED	0	2025-08-28 18:52:25.914	2m 55s	2m 54s	103.7%	45.9 MB	5.3 GB	3.7 GB	1.3 KB
556	6d/9ff5e0	786375	NFCORE_RNASEQ:RNASEQ:BAM_RSEQC:RSEQC_JUNCTIONANNOTATION (Pd23)	COMPLETED	0	2025-08-28 18:55:20.429	2m 25s	2m 24s	106.2%	67.7 MB	5.3 GB	3.7 GB	42.2 MB
559	56/e21b61	791702	NFCORE_RNASEQ:RNASEQ:BAM_RSEQC:RSEQC_INNERDISTANCE (Pd23)	COMPLETED	0	2025-08-28 18:57:45.830	44.4s	43s	120.4%	311.8 MB	5.5 GB	177.9 MB	61.2 MB
557	1c/9a8878	793752	NFCORE_RNASEQ:RNASEQ:BAM_RSEQC:RSEQC_INFEREXPERIMENT (Pd23)	COMPLETED	0	2025-08-28 18:58:30.191	3s	2s	373.3%	49.1 MB	5.3 GB	35.3 MB	802 B
562	72/058c7b	794292	NFCORE_RNASEQ:RNASEQ:BAM_RSEQC:RSEQC_READDISTRIBUTION (Pd23)	COMPLETED	0	2025-08-28 18:58:33.185	3m 41s	3m 41s	102.7%	214.2 MB	5.4 GB	3.7 GB	1.7 KB
599	46/561616	781209	NFCORE_RNASEQ:RNASEQ:DUPRADAR (Pd5)	COMPLETED	0	2025-08-28 18:52:57.742	10m 32s	10m 31s	102.3%	375.7 MB	5.5 GB	29.3 GB	11.2 GB
560	ff/e4ddfc	801903	NFCORE_RNASEQ:RNASEQ:BAM_RSEQC:RSEQC_READDUPLICATION (Pd23)	COMPLETED	0	2025-08-28 19:02:14.567	4m 58s	4m 56s	103.1%	7.4 GB	12.7 GB	3.7 GB	933.5 KB
561	01/c165bd	808871	NFCORE_RNASEQ:RNASEQ:BAM_RSEQC:RSEQC_JUNCTIONSATURATION (Pd23)	COMPLETED	0	2025-08-28 19:07:12.261	2m 51s	2m 50s	105.5%	943.3 MB	6.2 GB	3.7 GB	28.1 KB
564	74/8a672c	813180	NFCORE_RNASEQ:RNASEQ:BEDGRAPH_BEDCLIP_BEDGRAPHTOBIGWIG_REVERSE:UCSC_BEDCLIP (Pd8)	COMPLETED	0	2025-08-28 19:10:03.022	4.8s	4s	96.6%	7.2 MB	18.7 MB	309.4 MB	309.3 MB
563	c1/89fa4c	813665	NFCORE_RNASEQ:RNASEQ:BEDGRAPH_BEDCLIP_BEDGRAPHTOBIGWIG_FORWARD:UCSC_BEDCLIP (Pd8)	COMPLETED	0	2025-08-28 19:10:07.849	5.5s	5s	85.2%	7.2 MB	18.7 MB	308.8 MB	308.7 MB
567	0a/571f89	814551	NFCORE_RNASEQ:RNASEQ:BEDGRAPH_BEDCLIP_BEDGRAPHTOBIGWIG_REVERSE:UCSC_BEDCLIP (Pd30)	COMPLETED	0	2025-08-28 19:10:13.405	6s	6s	64.1%	7.2 MB	18.7 MB	199.5 MB	199.4 MB
566	d4/a1b38d	815867	NFCORE_RNASEQ:RNASEQ:BEDGRAPH_BEDCLIP_BEDGRAPHTOBIGWIG_FORWARD:UCSC_BEDCLIP (Pd30)	COMPLETED	0	2025-08-28 19:10:19.458	5.5s	5s	63.9%	7.2 MB	18.7 MB	199.3 MB	199.2 MB
608	98/b2f312	813937	NFCORE_RNASEQ:RNASEQ:BEDGRAPH_BEDCLIP_BEDGRAPHTOBIGWIG_REVERSE:UCSC_BEDGRAPHTOBIGWIG (Pd8)	COMPLETED	0	2025-08-28 19:10:08.859	17s	16s	100.2%	25 MB	40.3 MB	928.1 MB	46.5 MB
609	85/5a16a8	814552	NFCORE_RNASEQ:RNASEQ:BEDGRAPH_BEDCLIP_BEDGRAPHTOBIGWIG_FORWARD:UCSC_BEDGRAPHTOBIGWIG (Pd8)	COMPLETED	0	2025-08-28 19:10:13.414	17.3s	17s	99.9%	24.7 MB	40.2 MB	926.2 MB	46.4 MB
610	71/42a9c0	817368	NFCORE_RNASEQ:RNASEQ:BEDGRAPH_BEDCLIP_BEDGRAPHTOBIGWIG_REVERSE:UCSC_BEDGRAPHTOBIGWIG (Pd30)	COMPLETED	0	2025-08-28 19:10:25.838	11.9s	11s	99.7%	21.2 MB	36.7 MB	598.4 MB	31.7 MB
611	b1/e1df9d	818036	NFCORE_RNASEQ:RNASEQ:BEDGRAPH_BEDCLIP_BEDGRAPHTOBIGWIG_FORWARD:UCSC_BEDGRAPHTOBIGWIG (Pd30)	COMPLETED	0	2025-08-28 19:10:30.703	11.6s	11s	100.0%	20 MB	35 MB	597.7 MB	31.7 MB
568	ff/c3cac6	816998	NFCORE_RNASEQ:RNASEQ:ALIGN_STAR:BAM_SORT_STATS_SAMTOOLS:SAMTOOLS_SORT (Pd58)	COMPLETED	0	2025-08-28 19:10:24.980	4m 8s	4m 7s	308.5%	5.2 GB	6.2 GB	9.2 GB	6.2 GB
612	a6/036911	824588	NFCORE_RNASEQ:RNASEQ:ALIGN_STAR:BAM_SORT_STATS_SAMTOOLS:SAMTOOLS_INDEX (Pd58)	COMPLETED	0	2025-08-28 19:14:34.163	29.7s	29s	168.9%	9.7 MB	163.1 MB	3.2 GB	614.8 KB
569	66/517de2	824305	NFCORE_RNASEQ:RNASEQ:QUANTIFY_STAR_SALMON:SALMON_QUANT (Pd58)	COMPLETED	0	2025-08-28 19:14:33.152	1m 51s	1m 51s	544.4%	3.8 GB	4.7 GB	4.3 GB	11.9 MB
571	d5/114586	827980	NFCORE_RNASEQ:RNASEQ:ALIGN_STAR:BAM_SORT_STATS_SAMTOOLS:SAMTOOLS_SORT (Pd13)	COMPLETED	0	2025-08-28 19:16:24.576	4m 6s	4m 5s	315.6%	5.2 GB	6.2 GB	9.5 GB	6.6 GB
614	88/033bb8	833915	NFCORE_RNASEQ:RNASEQ:ALIGN_STAR:BAM_SORT_STATS_SAMTOOLS:SAMTOOLS_INDEX (Pd13)	COMPLETED	0	2025-08-28 19:20:32.024	30.8s	30s	164.1%	12.5 MB	220.9 MB	3.3 GB	759.5 KB
572	35/14a46a	833614	NFCORE_RNASEQ:RNASEQ:QUANTIFY_STAR_SALMON:SALMON_QUANT (Pd13)	COMPLETED	0	2025-08-28 19:20:31.015	1m 47s	1m 47s	542.4%	3.5 GB	4.2 GB	4.1 GB	11.9 MB
330	64/88d314	719718	NFCORE_RNASEQ:RNASEQ:ALIGN_STAR:STAR_ALIGN (Pd34)	COMPLETED	0	2025-08-28 18:24:02.757	1h 6m 25s	1h 6m 24s	1166.9%	9.8 GB	11.5 GB	34.4 GB	11.4 GB
574	f5/14ef3a	837506	NFCORE_RNASEQ:RNASEQ:BAM_MARKDUPLICATES_PICARD:PICARD_MARKDUPLICATES (Pd36)	COMPLETED	0	2025-08-28 19:22:18.323	15m 23s	15m 21s	109.3%	21 GB	33.6 GB	6.7 GB	3.6 GB
621	1f/e2f7b9	871732	NFCORE_RNASEQ:RNASEQ:BAM_MARKDUPLICATES_PICARD:SAMTOOLS_INDEX (Pd36)	COMPLETED	0	2025-08-28 19:37:42.522	32.1s	32s	177.6%	10 MB	220.9 MB	3.6 GB	697 KB
331	6b/8088c1	850411	NFCORE_RNASEQ:RNASEQ:ALIGN_STAR:STAR_ALIGN (Pd11)	COMPLETED	0	2025-08-28 19:30:28.250	17m 1s	17m 1s	1017.6%	9.8 GB	11.5 GB	34.4 GB	11.4 GB
575	07/3fae47	871455	NFCORE_RNASEQ:RNASEQ:ALIGN_STAR:BAM_SORT_STATS_SAMTOOLS:SAMTOOLS_SORT (Pd25)	COMPLETED	0	2025-08-28 19:37:41.515	10m 2s	10m 1s	139.6%	5.2 GB	6.2 GB	10.1 GB	7.1 GB
576	a3/61bb18	900355	NFCORE_RNASEQ:RNASEQ:QUANTIFY_STAR_SALMON:SALMON_QUANT (Pd25)	COMPLETED	0	2025-08-28 19:47:43.613	3m 7s	3m 6s	362.4%	3.9 GB	4.7 GB	5.1 GB	11.9 MB
620	94/479ff8	875053	NFCORE_RNASEQ:RNASEQ:DUPRADAR (Pd36)	COMPLETED	0	2025-08-28 19:38:14.608	31m 34s	31m 33s	58.5%	460.4 MB	5.6 GB	62.7 GB	36.5 GB
633	65/269844	945083	NFCORE_RNASEQ:RNASEQ:ALIGN_STAR:BAM_SORT_STATS_SAMTOOLS:SAMTOOLS_INDEX (Pd25)	COMPLETED	0	2025-08-28 20:09:48.302	30.2s	30s	178.0%	13.8 MB	220.9 MB	3.6 GB	754.4 KB
580	86/d13e9d	910881	NFCORE_RNASEQ:RNASEQ:QUALIMAP_RNASEQ (Pd24)	COMPLETED	0	2025-08-28 19:50:51.103	34m 34s	34m 31s	91.8%	2.8 GB	34.8 GB	29.3 GB	25.5 GB
332	c1/d2a833	897921	NFCORE_RNASEQ:RNASEQ:ALIGN_STAR:STAR_ALIGN (Pd40)	COMPLETED	0	2025-08-28 19:47:29.580	38m 51s	38m 50s	697.6%	9.8 GB	11.5 GB	33.8 GB	11.4 GB
578	5f/64557f	956583	NFCORE_RNASEQ:RNASEQ:STRINGTIE_STRINGTIE (Pd24)	COMPLETED	0	2025-08-28 20:25:24.868	2m 39s	2m 38s	122.1%	800.3 MB	1.1 GB	3.8 GB	106.7 MB
582	ca/b35d67	965274	NFCORE_RNASEQ:RNASEQ:SUBREAD_FEATURECOUNTS (Pd24)	COMPLETED	0	2025-08-28 20:28:04.013	1m 13s	1m 11s	285.8%	1.1 GB	1.5 GB	11.4 GB	5.8 GB
637	c4/d9daa3	969995	NFCORE_RNASEQ:RNASEQ:MULTIQC_CUSTOM_BIOTYPE (Pd24)	COMPLETED	0	2025-08-28 20:29:17.941	884ms	0ms	105.9%	2.8 MB	5.4 MB	8.7 MB	1.1 MB
579	b3/d124d5	969500	NFCORE_RNASEQ:RNASEQ:BEDTOOLS_GENOMECOV (Pd24)	COMPLETED	0	2025-08-28 20:29:16.931	6m 40s	6m 38s	110.7%	3.6 GB	4.7 GB	7.9 GB	1.3 GB
586	09/251e1a	992748	NFCORE_RNASEQ:RNASEQ:BAM_RSEQC:RSEQC_BAMSTAT (Pd24)	COMPLETED	0	2025-08-28 20:35:56.637	2m 49s	2m 48s	103.7%	46.1 MB	5.3 GB	3.6 GB	1.3 KB
588	2b/1bb747	998239	NFCORE_RNASEQ:RNASEQ:BAM_RSEQC:RSEQC_INFEREXPERIMENT (Pd24)	COMPLETED	0	2025-08-28 20:38:45.633	3s	2s	386.3%	50 MB	5.3 GB	34.7 MB	802 B
589	41/3c9ae5	998723	NFCORE_RNASEQ:RNASEQ:BAM_RSEQC:RSEQC_JUNCTIONANNOTATION (Pd24)	COMPLETED	0	2025-08-28 20:38:48.605	2m 20s	2m 19s	106.6%	67.6 MB	5.3 GB	3.7 GB	38.4 MB
587	89/6abb07	1002417	NFCORE_RNASEQ:RNASEQ:BAM_RSEQC:RSEQC_READDISTRIBUTION (Pd24)	COMPLETED	0	2025-08-28 20:41:08.390	3m 41s	3m 41s	102.8%	214.2 MB	5.4 GB	3.7 GB	1.7 KB
583	ba/e918ba	1007538	NFCORE_RNASEQ:RNASEQ:BAM_RSEQC:RSEQC_JUNCTIONSATURATION (Pd24)	COMPLETED	0	2025-08-28 20:44:49.467	2m 53s	2m 51s	105.4%	986.7 MB	6.2 GB	3.7 GB	28 KB
584	6f/ef4d8c	1011559	NFCORE_RNASEQ:RNASEQ:BAM_RSEQC:RSEQC_READDUPLICATION (Pd24)	COMPLETED	0	2025-08-28 20:47:42.197	4m 56s	4m 56s	103.2%	7.4 GB	12.6 GB	3.6 GB	941.1 KB
585	85/4485c5	1018191	NFCORE_RNASEQ:RNASEQ:BAM_RSEQC:RSEQC_INNERDISTANCE (Pd24)	COMPLETED	0	2025-08-28 20:52:38.626	46.6s	45s	119.9%	312.7 MB	5.5 GB	291 MB	60.8 MB
590	00/d36d0f	1020064	NFCORE_RNASEQ:RNASEQ:ALIGN_STAR:BAM_SORT_STATS_SAMTOOLS:SAMTOOLS_SORT (Pd43)	COMPLETED	0	2025-08-28 20:53:25.199	4m 12s	4m 12s	311.6%	5.2 GB	6.2 GB	10 GB	7 GB
640	f0/f11647	1025638	NFCORE_RNASEQ:RNASEQ:ALIGN_STAR:BAM_SORT_STATS_SAMTOOLS:SAMTOOLS_INDEX (Pd43)	COMPLETED	0	2025-08-28 20:57:37.551	32.6s	31s	165.5%	10.9 MB	220.9 MB	3.5 GB	735.3 KB
591	ea/fb82fe	1025636	NFCORE_RNASEQ:RNASEQ:QUANTIFY_STAR_SALMON:SALMON_QUANT (Pd43)	COMPLETED	0	2025-08-28 20:57:37.543	2m 12s	2m 11s	557.4%	4.1 GB	5.3 GB	5.6 GB	11.9 MB
593	56/59847b	1029859	NFCORE_RNASEQ:RNASEQ:BEDGRAPH_BEDCLIP_BEDGRAPHTOBIGWIG_FORWARD:UCSC_BEDCLIP (Pd23)	COMPLETED	0	2025-08-28 20:59:49.544	5.8s	5s	91.5%	7.2 MB	18.7 MB	350.6 MB	350.5 MB
594	68/1a3a33	1030404	NFCORE_RNASEQ:RNASEQ:BEDGRAPH_BEDCLIP_BEDGRAPHTOBIGWIG_REVERSE:UCSC_BEDCLIP (Pd23)	COMPLETED	0	2025-08-28 20:59:55.363	6s	6s	91.2%	7.2 MB	18.7 MB	351.2 MB	351.1 MB
642	a4/ef852b	1030733	NFCORE_RNASEQ:RNASEQ:BEDGRAPH_BEDCLIP_BEDGRAPHTOBIGWIG_FORWARD:UCSC_BEDGRAPHTOBIGWIG (Pd23)	COMPLETED	0	2025-08-28 20:59:56.372	19s	19s	99.5%	21.6 MB	37.2 MB	1 GB	52.1 MB
643	31/d518e8	1031884	NFCORE_RNASEQ:RNASEQ:BEDGRAPH_BEDCLIP_BEDGRAPHTOBIGWIG_REVERSE:UCSC_BEDGRAPHTOBIGWIG (Pd23)	COMPLETED	0	2025-08-28 21:00:02.367	18.8s	18s	99.5%	21.9 MB	37.6 MB	1 GB	52.1 MB
597	6a/099b2b	1031601	NFCORE_RNASEQ:RNASEQ:STRINGTIE_STRINGTIE (Pd5)	COMPLETED	0	2025-08-28 21:00:01.358	2m 43s	2m 43s	119.5%	820.5 MB	1 GB	3.7 GB	106 MB
600	d7/8fd3ae	1036629	NFCORE_RNASEQ:RNASEQ:SUBREAD_FEATURECOUNTS (Pd5)	COMPLETED	0	2025-08-28 21:02:44.849	54.6s	53s	326.5%	756.5 MB	1.2 GB	8.1 GB	3.4 GB
644	15/867a22	1038761	NFCORE_RNASEQ:RNASEQ:MULTIQC_CUSTOM_BIOTYPE (Pd5)	COMPLETED	0	2025-08-28 21:03:40.440	933ms	1s	78.4%	2.5 MB	5.4 MB	8.7 MB	1.1 MB
333	f7/e74e26	958334	NFCORE_RNASEQ:RNASEQ:ALIGN_STAR:STAR_ALIGN (Pd31)	COMPLETED	0	2025-08-28 20:26:20.258	41m 44s	41m 44s	1152.4%	9.8 GB	11.5 GB	34.5 GB	11.7 GB
334	a5/f01c66	1045888	NFCORE_RNASEQ:RNASEQ:ALIGN_STAR:STAR_ALIGN (Pd26)	COMPLETED	0	2025-08-28 21:08:04.454	16m 21s	16m 20s	928.3%	9.8 GB	11.5 GB	34.4 GB	11.9 GB
596	d9/b718ad	1038471	NFCORE_RNASEQ:RNASEQ:QUALIMAP_RNASEQ (Pd5)	COMPLETED	0	2025-08-28 21:03:39.435	27m 43s	27m 40s	110.3%	2.8 GB	34.6 GB	28.4 GB	24.7 GB
595	ec/0e9bf5	1101662	NFCORE_RNASEQ:RNASEQ:BEDTOOLS_GENOMECOV (Pd5)	COMPLETED	0	2025-08-28 21:31:22.222	6m 18s	6m 16s	110.3%	3.3 GB	4.2 GB	7.7 GB	1.2 GB
602	a2/9b7650	1118369	NFCORE_RNASEQ:RNASEQ:BAM_RSEQC:RSEQC_READDISTRIBUTION (Pd5)	COMPLETED	0	2025-08-28 21:37:39.869	3m 47s	3m 46s	102.7%	214.3 MB	5.4 GB	3.6 GB	1.7 KB
603	23/bac498	1123811	NFCORE_RNASEQ:RNASEQ:BAM_RSEQC:RSEQC_INNERDISTANCE (Pd5)	COMPLETED	0	2025-08-28 21:41:26.522	45.4s	44s	120.7%	311.9 MB	5.5 GB	230.2 MB	61.8 MB
604	7a/c23429	1125417	NFCORE_RNASEQ:RNASEQ:BAM_RSEQC:RSEQC_INFEREXPERIMENT (Pd5)	COMPLETED	0	2025-08-28 21:42:11.934	3s	2s	379.4%	49.6 MB	5.3 GB	36.3 MB	801 B
607	d7/5e7494	1125887	NFCORE_RNASEQ:RNASEQ:BAM_RSEQC:RSEQC_JUNCTIONSATURATION (Pd5)	COMPLETED	0	2025-08-28 21:42:14.955	2m 57s	2m 56s	105.2%	1.2 GB	6.4 GB	3.6 GB	28 KB
605	23/b21d0c	1130145	NFCORE_RNASEQ:RNASEQ:BAM_RSEQC:RSEQC_READDUPLICATION (Pd5)	COMPLETED	0	2025-08-28 21:45:11.696	5m	4m 59s	103.1%	7.5 GB	12.7 GB	3.5 GB	768.6 KB
606	ff/be824c	1136830	NFCORE_RNASEQ:RNASEQ:BAM_RSEQC:RSEQC_BAMSTAT (Pd5)	COMPLETED	0	2025-08-28 21:50:11.804	3m 1s	3m	103.4%	45.8 MB	5.3 GB	3.5 GB	1.3 KB
601	57/787199	1141254	NFCORE_RNASEQ:RNASEQ:BAM_RSEQC:RSEQC_JUNCTIONANNOTATION (Pd5)	COMPLETED	0	2025-08-28 21:53:12.413	2m 24s	2m 23s	106.4%	67.6 MB	5.3 GB	3.6 GB	37.6 MB
613	e9/50394f	1144985	NFCORE_RNASEQ:RNASEQ:BAM_MARKDUPLICATES_PICARD:PICARD_MARKDUPLICATES (Pd58)	COMPLETED	0	2025-08-28 21:55:36.857	14m 36s	14m 34s	110.1%	20.3 GB	33.6 GB	6.3 GB	3.4 GB
653	41/851bf0	1163751	NFCORE_RNASEQ:RNASEQ:BAM_MARKDUPLICATES_PICARD:SAMTOOLS_INDEX (Pd58)	COMPLETED	0	2025-08-28 22:10:13.788	30s	29s	175.5%	9.7 MB	220.9 MB	3.4 GB	621.8 KB
615	eb/2d66de	1163443	NFCORE_RNASEQ:RNASEQ:BAM_MARKDUPLICATES_PICARD:PICARD_MARKDUPLICATES (Pd13)	COMPLETED	0	2025-08-28 22:10:12.779	20m	19m 58s	85.1%	21.1 GB	33.6 GB	6.6 GB	3.5 GB
335	90/2e058d	1082559	NFCORE_RNASEQ:RNASEQ:ALIGN_STAR:STAR_ALIGN (Pd52)	COMPLETED	0	2025-08-28 21:24:25.180	1h 9m 5s	1h 9m 4s	1173.5%	9.8 GB	11.5 GB	34.5 GB	11.6 GB
654	b0/044498	1166365	NFCORE_RNASEQ:RNASEQ:DUPRADAR (Pd58)	COMPLETED	0	2025-08-28 22:10:43.833	31m 22s	31m 21s	59.1%	467.1 MB	5.6 GB	63.1 GB	37.6 GB
616	28/7d69bb	1194796	NFCORE_RNASEQ:RNASEQ:ALIGN_STAR:BAM_SORT_STATS_SAMTOOLS:SAMTOOLS_SORT (Pd34)	COMPLETED	0	2025-08-28 22:30:12.964	13m 48s	13m 47s	101.4%	5.2 GB	6.2 GB	9.7 GB	6.6 GB
617	40/7af83c	1237822	NFCORE_RNASEQ:RNASEQ:QUANTIFY_STAR_SALMON:SALMON_QUANT (Pd34)	COMPLETED	0	2025-08-28 22:44:01.155	2m 11s	2m 10s	488.8%	3.5 GB	4.7 GB	5.1 GB	11.9 MB
665	d9/4a53fe	1195084	NFCORE_RNASEQ:RNASEQ:DUPRADAR (Pd13)	COMPLETED	0	2025-08-28 22:30:13.973	21m 25s	21m 24s	72.0%	415.4 MB	5.6 GB	51 GB	27.8 GB
666	6e/db7802	1250139	NFCORE_RNASEQ:RNASEQ:BAM_MARKDUPLICATES_PICARD:SAMTOOLS_INDEX (Pd13)	COMPLETED	0	2025-08-28 22:51:38.540	30.2s	30s	174.8%	12.2 MB	220.9 MB	3.5 GB	770 KB
672	69/bd798d	1251867	NFCORE_RNASEQ:RNASEQ:ALIGN_STAR:BAM_SORT_STATS_SAMTOOLS:SAMTOOLS_INDEX (Pd34)	COMPLETED	0	2025-08-28 22:52:08.796	29.4s	29s	177.2%	10.3 MB	220.9 MB	3.4 GB	638.8 KB
622	b2/889e1b	1241054	NFCORE_RNASEQ:RNASEQ:BEDTOOLS_GENOMECOV (Pd36)	COMPLETED	0	2025-08-28 22:46:12.148	7m 39s	7m 38s	95.0%	2.9 GB	3.7 GB	7.7 GB	1.1 GB
618	a2/e70148	1255387	NFCORE_RNASEQ:RNASEQ:QUALIMAP_RNASEQ (Pd36)	COMPLETED	0	2025-08-28 22:53:51.366	27m 13s	27m 11s	108.6%	4 GB	34.6 GB	29.6 GB	25.9 GB
619	53/ef5ce8	1281787	NFCORE_RNASEQ:RNASEQ:STRINGTIE_STRINGTIE (Pd36)	COMPLETED	0	2025-08-28 23:21:04.488	2m 43s	2m 42s	119.9%	692 MB	862.5 MB	3.7 GB	105.4 MB
623	5f/4448ae	1285564	NFCORE_RNASEQ:RNASEQ:SUBREAD_FEATURECOUNTS (Pd36)	COMPLETED	0	2025-08-28 23:23:47.166	1m 54s	1m 53s	235.1%	1.1 GB	1.6 GB	16.1 GB	9.5 GB
683	12/ab04b6	1288920	NFCORE_RNASEQ:RNASEQ:MULTIQC_CUSTOM_BIOTYPE (Pd36)	COMPLETED	0	2025-08-28 23:25:42.308	874ms	0ms	113.4%	2.5 MB	5.4 MB	8.7 MB	1.1 MB
625	2b/0ec060	1288590	NFCORE_RNASEQ:RNASEQ:BAM_RSEQC:RSEQC_READDUPLICATION (Pd36)	COMPLETED	0	2025-08-28 23:25:41.299	4m 45s	4m 45s	103.9%	5.3 GB	10.5 GB	3.6 GB	1.1 MB
336	32/3487fc	1202164	NFCORE_RNASEQ:RNASEQ:ALIGN_STAR:STAR_ALIGN (Pd29)	COMPLETED	0	2025-08-28 22:33:30.162	57m 3s	57m 2s	973.2%	9.8 GB	11.5 GB	34.5 GB	10.6 GB
629	85/f74032	1295044	NFCORE_RNASEQ:RNASEQ:BAM_RSEQC:RSEQC_BAMSTAT (Pd36)	COMPLETED	0	2025-08-28 23:30:26.788	2m 42s	2m 41s	104.5%	45.9 MB	5.3 GB	3.6 GB	1.3 KB
627	7e/42c2ef	1305514	NFCORE_RNASEQ:RNASEQ:BAM_RSEQC:RSEQC_INNERDISTANCE (Pd36)	COMPLETED	0	2025-08-28 23:33:08.578	50.6s	49s	118.4%	312.3 MB	5.5 GB	381.1 MB	61.2 MB
628	5e/96b71b	1309027	NFCORE_RNASEQ:RNASEQ:BAM_RSEQC:RSEQC_JUNCTIONSATURATION (Pd36)	COMPLETED	0	2025-08-28 23:33:59.169	2m 51s	2m 51s	105.4%	931.5 MB	6.1 GB	3.6 GB	28 KB
624	9c/a3dff9	1318250	NFCORE_RNASEQ:RNASEQ:BAM_RSEQC:RSEQC_INFEREXPERIMENT (Pd36)	COMPLETED	0	2025-08-28 23:36:50.318	3s	3s	378.2%	49.4 MB	5.3 GB	34.8 MB	803 B
630	5e/e51c30	1318949	NFCORE_RNASEQ:RNASEQ:BAM_RSEQC:RSEQC_READDISTRIBUTION (Pd36)	COMPLETED	0	2025-08-28 23:36:53.289	3m 22s	3m 21s	103.0%	213.7 MB	5.4 GB	3.6 GB	1.7 KB
626	b0/51aef7	1330838	NFCORE_RNASEQ:RNASEQ:BAM_RSEQC:RSEQC_JUNCTIONANNOTATION (Pd36)	COMPLETED	0	2025-08-28 23:40:14.852	2m 13s	2m 12s	107.0%	69.1 MB	5.3 GB	3.6 GB	34.7 MB
631	0a/f9df69	1335475	NFCORE_RNASEQ:RNASEQ:ALIGN_STAR:BAM_SORT_STATS_SAMTOOLS:SAMTOOLS_SORT (Pd11)	COMPLETED	0	2025-08-28 23:42:28.114	4m 9s	4m 8s	317.8%	5.2 GB	6.2 GB	9.7 GB	6.6 GB
686	4c/34ec08	1341286	NFCORE_RNASEQ:RNASEQ:ALIGN_STAR:BAM_SORT_STATS_SAMTOOLS:SAMTOOLS_INDEX (Pd11)	COMPLETED	0	2025-08-28 23:46:38.045	31.4s	31s	165.3%	9.1 MB	220.9 MB	3.3 GB	718.2 KB
632	85/8076e3	1340993	NFCORE_RNASEQ:RNASEQ:QUANTIFY_STAR_SALMON:SALMON_QUANT (Pd11)	COMPLETED	0	2025-08-28 23:46:37.036	2m	2m	549.9%	3.5 GB	4.2 GB	5.2 GB	11.9 MB
634	2a/c7333b	1345043	NFCORE_RNASEQ:RNASEQ:BAM_MARKDUPLICATES_PICARD:PICARD_MARKDUPLICATES (Pd25)	COMPLETED	0	2025-08-28 23:48:37.452	15m 53s	15m 51s	110.1%	21.2 GB	33.6 GB	7.2 GB	3.8 GB
690	e3/6bb783	1364923	NFCORE_RNASEQ:RNASEQ:BAM_MARKDUPLICATES_PICARD:SAMTOOLS_INDEX (Pd25)	COMPLETED	0	2025-08-29 00:04:31.701	34.5s	33s	168.5%	12.2 MB	220.9 MB	3.8 GB	764.8 KB
337	cf/af155d	1295870	NFCORE_RNASEQ:RNASEQ:ALIGN_STAR:STAR_ALIGN (Pd49)	COMPLETED	0	2025-08-28 23:30:33.222	36m 6s	36m 6s	1156.3%	9.8 GB	11.5 GB	34.5 GB	11.3 GB
635	67/798db6	1364643	NFCORE_RNASEQ:RNASEQ:ALIGN_STAR:BAM_SORT_STATS_SAMTOOLS:SAMTOOLS_SORT (Pd40)	COMPLETED	0	2025-08-29 00:04:30.690	6m 38s	6m 37s	197.9%	5.2 GB	6.2 GB	9.8 GB	6.8 GB
636	6a/c09e10	1388519	NFCORE_RNASEQ:RNASEQ:QUANTIFY_STAR_SALMON:SALMON_QUANT (Pd40)	COMPLETED	0	2025-08-29 00:11:08.798	4m 3s	4m 2s	326.3%	3.8 GB	4.7 GB	5.2 GB	11.9 MB
639	d8/132a26	1403573	NFCORE_RNASEQ:RNASEQ:BEDGRAPH_BEDCLIP_BEDGRAPHTOBIGWIG_REVERSE:UCSC_BEDCLIP (Pd24)	COMPLETED	0	2025-08-29 00:15:12.037	18.6s	18s	32.6%	7.2 MB	18.7 MB	331.3 MB	331.2 MB
638	73/c0ac90	1405208	NFCORE_RNASEQ:RNASEQ:BEDGRAPH_BEDCLIP_BEDGRAPHTOBIGWIG_FORWARD:UCSC_BEDCLIP (Pd24)	COMPLETED	0	2025-08-29 00:15:30.605	10.3s	9s	55.4%	7.2 MB	18.7 MB	331 MB	330.9 MB
705	4b/e4f771	1405213	NFCORE_RNASEQ:RNASEQ:BEDGRAPH_BEDCLIP_BEDGRAPHTOBIGWIG_REVERSE:UCSC_BEDGRAPHTOBIGWIG (Pd24)	COMPLETED	0	2025-08-29 00:15:30.613	18.3s	17s	99.7%	22.5 MB	37.7 MB	993.8 MB	49.4 MB
706	a0/30d309	1408529	NFCORE_RNASEQ:RNASEQ:BEDGRAPH_BEDCLIP_BEDGRAPHTOBIGWIG_FORWARD:UCSC_BEDGRAPHTOBIGWIG (Pd24)	COMPLETED	0	2025-08-29 00:15:48.955	18.3s	17s	99.1%	22.5 MB	38.3 MB	992.8 MB	49.4 MB
689	0a/3da770	1366957	NFCORE_RNASEQ:RNASEQ:DUPRADAR (Pd25)	COMPLETED	0	2025-08-29 00:05:06.183	18m 38s	18m 38s	86.4%	404.5 MB	5.6 GB	54.7 GB	29.7 GB
703	f8/79d7a7	1423470	NFCORE_RNASEQ:RNASEQ:ALIGN_STAR:BAM_SORT_STATS_SAMTOOLS:SAMTOOLS_INDEX (Pd40)	COMPLETED	0	2025-08-29 00:23:44.689	29s	28s	172.8%	13.4 MB	220.9 MB	3.3 GB	737.8 KB
641	53/9fe63a	1407055	NFCORE_RNASEQ:RNASEQ:BAM_MARKDUPLICATES_PICARD:PICARD_MARKDUPLICATES (Pd43)	COMPLETED	0	2025-08-29 00:15:40.947	19m 41s	19m 38s	87.3%	24 GB	33.6 GB	7 GB	3.7 GB
709	c7/d2aadd	1433688	NFCORE_RNASEQ:RNASEQ:BAM_MARKDUPLICATES_PICARD:SAMTOOLS_INDEX (Pd43)	COMPLETED	0	2025-08-29 00:35:22.624	34.5s	33s	163.6%	10.6 MB	220.9 MB	3.7 GB	744.2 KB
646	2a/56119e	1433392	NFCORE_RNASEQ:RNASEQ:QUANTIFY_STAR_SALMON:SALMON_QUANT (Pd31)	COMPLETED	0	2025-08-29 00:35:21.614	2m 11s	2m 10s	550.8%	4 GB	5.3 GB	5.3 GB	11.9 MB
645	ce/794abd	1439348	NFCORE_RNASEQ:RNASEQ:ALIGN_STAR:BAM_SORT_STATS_SAMTOOLS:SAMTOOLS_SORT (Pd31)	COMPLETED	0	2025-08-29 00:37:33.100	4m 37s	4m 37s	300.4%	5.2 GB	6.2 GB	10.2 GB	7.1 GB
708	c4/7afa32	1435718	NFCORE_RNASEQ:RNASEQ:DUPRADAR (Pd43)	COMPLETED	0	2025-08-29 00:35:57.167	9m 50s	9m 49s	102.5%	385.8 MB	5.6 GB	21.5 GB	4.8 GB
720	d4/17c3db	1456584	NFCORE_RNASEQ:RNASEQ:ALIGN_STAR:BAM_SORT_STATS_SAMTOOLS:SAMTOOLS_INDEX (Pd31)	COMPLETED	0	2025-08-29 00:45:47.005	31.9s	31s	167.7%	9.7 MB	220.9 MB	3.6 GB	719.1 KB
647	8a/311e5e	1448427	NFCORE_RNASEQ:RNASEQ:ALIGN_STAR:BAM_SORT_STATS_SAMTOOLS:SAMTOOLS_SORT (Pd26)	COMPLETED	0	2025-08-29 00:42:10.583	4m 36s	4m 35s	305.2%	5.2 GB	6.2 GB	10.2 GB	7.2 GB
722	f1/577d12	1459291	NFCORE_RNASEQ:RNASEQ:ALIGN_STAR:BAM_SORT_STATS_SAMTOOLS:SAMTOOLS_INDEX (Pd26)	COMPLETED	0	2025-08-29 00:46:47.970	32.6s	32s	163.9%	8.1 MB	220.9 MB	3.5 GB	724.8 KB
648	82/5f0f4f	1458741	NFCORE_RNASEQ:RNASEQ:QUANTIFY_STAR_SALMON:SALMON_QUANT (Pd26)	COMPLETED	0	2025-08-29 00:46:46.964	2m 5s	2m 4s	558.5%	3.7 GB	4.7 GB	5.5 GB	11.9 MB
650	a4/359e9e	1463159	NFCORE_RNASEQ:RNASEQ:BEDGRAPH_BEDCLIP_BEDGRAPHTOBIGWIG_REVERSE:UCSC_BEDCLIP (Pd5)	COMPLETED	0	2025-08-29 00:48:51.866	4.9s	4s	96.4%	7.5 MB	18.7 MB	311.6 MB	311.5 MB
649	99/d02b12	1463649	NFCORE_RNASEQ:RNASEQ:BEDGRAPH_BEDCLIP_BEDGRAPHTOBIGWIG_FORWARD:UCSC_BEDCLIP (Pd5)	COMPLETED	0	2025-08-29 00:48:56.761	5.3s	4s	90.7%	7.2 MB	18.7 MB	311.1 MB	311 MB
724	2e/876747	1463916	NFCORE_RNASEQ:RNASEQ:BEDGRAPH_BEDCLIP_BEDGRAPHTOBIGWIG_REVERSE:UCSC_BEDGRAPHTOBIGWIG (Pd5)	COMPLETED	0	2025-08-29 00:48:57.770	20.7s	20s	100.0%	39.4 MB	55.4 MB	934.7 MB	58.1 MB
725	08/4350c6	1464779	NFCORE_RNASEQ:RNASEQ:BEDGRAPH_BEDCLIP_BEDGRAPHTOBIGWIG_FORWARD:UCSC_BEDGRAPHTOBIGWIG (Pd5)	COMPLETED	0	2025-08-29 00:49:03.042	19.6s	19s	100.0%	43.4 MB	58.2 MB	933 MB	58 MB
655	24/3b6a67	1464524	NFCORE_RNASEQ:RNASEQ:QUALIMAP_RNASEQ (Pd58)	COMPLETED	0	2025-08-29 00:49:02.031	25m 41s	25m 39s	95.1%	1.5 GB	34.5 GB	28.2 GB	24.7 GB
338	69/6abbc6	1370493	NFCORE_RNASEQ:RNASEQ:ALIGN_STAR:STAR_ALIGN (Pd6)	COMPLETED	0	2025-08-29 00:06:39.626	1h 9m 56s	1h 9m 55s	1078.4%	9.8 GB	11.5 GB	34.4 GB	10.9 GB
651	d7/3b65a7	1491187	NFCORE_RNASEQ:RNASEQ:BEDTOOLS_GENOMECOV (Pd58)	COMPLETED	0	2025-08-29 01:14:43.333	6m 15s	6m 14s	109.3%	2.9 GB	3.6 GB	7.2 GB	1 GB
656	9e/b2a03a	1510754	NFCORE_RNASEQ:RNASEQ:SUBREAD_FEATURECOUNTS (Pd58)	COMPLETED	0	2025-08-29 01:20:58.735	1m 52s	1m 50s	229.0%	1.2 GB	1.7 GB	16.3 GB	9.8 GB
730	3f/0f6d06	1517348	NFCORE_RNASEQ:RNASEQ:MULTIQC_CUSTOM_BIOTYPE (Pd58)	COMPLETED	0	2025-08-29 01:22:52.002	854ms	0ms	103.7%	2.8 MB	5.4 MB	8.7 MB	1.1 MB
652	e5/abefd1	1517084	NFCORE_RNASEQ:RNASEQ:STRINGTIE_STRINGTIE (Pd58)	COMPLETED	0	2025-08-29 01:22:50.996	2m 32s	2m 31s	119.4%	685.1 MB	849.7 MB	3.5 GB	105.6 MB
660	d8/20bfd3	1525465	NFCORE_RNASEQ:RNASEQ:BAM_RSEQC:RSEQC_JUNCTIONSATURATION (Pd58)	COMPLETED	0	2025-08-29 01:25:22.804	2m 35s	2m 34s	106.1%	799.8 MB	6 GB	3.4 GB	28 KB
663	dd/cb6fd4	1532812	NFCORE_RNASEQ:RNASEQ:BAM_RSEQC:RSEQC_READDUPLICATION (Pd58)	COMPLETED	0	2025-08-29 01:27:57.585	4m 29s	4m 28s	103.5%	5.1 GB	10.4 GB	3.4 GB	1 MB
657	5a/c1bee9	1538915	NFCORE_RNASEQ:RNASEQ:BAM_RSEQC:RSEQC_READDISTRIBUTION (Pd58)	COMPLETED	0	2025-08-29 01:32:27.010	3m 9s	3m 9s	103.4%	214.9 MB	5.4 GB	3.4 GB	1.7 KB
659	dc/ff1e86	1543323	NFCORE_RNASEQ:RNASEQ:BAM_RSEQC:RSEQC_INFEREXPERIMENT (Pd58)	COMPLETED	0	2025-08-29 01:35:36.261	2.9s	2s	393.1%	49.3 MB	5.3 GB	33.7 MB	803 B
662	02/6c1c17	1543808	NFCORE_RNASEQ:RNASEQ:BAM_RSEQC:RSEQC_INNERDISTANCE (Pd58)	COMPLETED	0	2025-08-29 01:35:39.148	50.4s	50s	118.3%	312.3 MB	5.5 GB	424.4 MB	62.3 MB
661	e9/706daf	1545647	NFCORE_RNASEQ:RNASEQ:BAM_RSEQC:RSEQC_BAMSTAT (Pd58)	COMPLETED	0	2025-08-29 01:36:29.509	2m 26s	2m 25s	104.3%	45.6 MB	5.3 GB	3.4 GB	1.3 KB
658	71/545363	1549082	NFCORE_RNASEQ:RNASEQ:BAM_RSEQC:RSEQC_JUNCTIONANNOTATION (Pd58)	COMPLETED	0	2025-08-29 01:38:55.280	2m 8s	2m 7s	107.3%	67.6 MB	5.3 GB	3.4 GB	33.3 MB
664	ef/81b288	1552611	NFCORE_RNASEQ:RNASEQ:STRINGTIE_STRINGTIE (Pd13)	COMPLETED	0	2025-08-29 01:41:02.987	2m 28s	2m 27s	116.4%	795.3 MB	1.1 GB	3.7 GB	108.2 MB
668	b5/259a00	1555955	NFCORE_RNASEQ:RNASEQ:BEDTOOLS_GENOMECOV (Pd13)	COMPLETED	0	2025-08-29 01:43:31.133	6m 23s	6m 21s	112.0%	3.9 GB	5 GB	7.7 GB	1.4 GB
339	c6/c04f8e	1494721	NFCORE_RNASEQ:RNASEQ:ALIGN_STAR:STAR_ALIGN (Pd45)	COMPLETED	0	2025-08-29 01:16:35.317	57m 17s	57m 17s	1152.0%	9.8 GB	11.5 GB	34.5 GB	11.6 GB
667	70/684586	1566263	NFCORE_RNASEQ:RNASEQ:QUALIMAP_RNASEQ (Pd13)	COMPLETED	0	2025-08-29 01:49:54.026	25m 26s	25m 23s	111.4%	3.1 GB	34.8 GB	28 GB	24.4 GB
669	b9/ad036b	1595945	NFCORE_RNASEQ:RNASEQ:SUBREAD_FEATURECOUNTS (Pd13)	COMPLETED	0	2025-08-29 02:15:20.029	2m 1s	1m 59s	188.3%	985.7 MB	1.5 GB	13 GB	7.2 GB
735	5b/9e7857	1602883	NFCORE_RNASEQ:RNASEQ:MULTIQC_CUSTOM_BIOTYPE (Pd13)	COMPLETED	0	2025-08-29 02:17:21.586	896ms	0ms	105.4%	5 MB	10.2 MB	8.8 MB	1.1 MB
671	c2/e39d6a	1602595	NFCORE_RNASEQ:RNASEQ:QUANTIFY_STAR_SALMON:SALMON_QUANT (Pd52)	COMPLETED	0	2025-08-29 02:17:20.580	2m 7s	2m 6s	549.5%	4 GB	4.7 GB	5.4 GB	11.9 MB
670	f0/82e854	1610045	NFCORE_RNASEQ:RNASEQ:ALIGN_STAR:BAM_SORT_STATS_SAMTOOLS:SAMTOOLS_SORT (Pd52)	COMPLETED	0	2025-08-29 02:19:28.026	4m 19s	4m 19s	305.3%	5.2 GB	6.2 GB	9.7 GB	6.6 GB
736	17/3aa003	1623668	NFCORE_RNASEQ:RNASEQ:ALIGN_STAR:BAM_SORT_STATS_SAMTOOLS:SAMTOOLS_INDEX (Pd52)	COMPLETED	0	2025-08-29 02:23:48.268	29.8s	29s	173.1%	11.6 MB	165.4 MB	3.3 GB	699.3 KB
673	4a/7e5f5e	1623366	NFCORE_RNASEQ:RNASEQ:BAM_MARKDUPLICATES_PICARD:PICARD_MARKDUPLICATES (Pd34)	COMPLETED	0	2025-08-29 02:23:47.259	15m 52s	15m 50s	110.3%	24.9 GB	33.6 GB	6.8 GB	3.6 GB
742	c9/806fe0	1644714	NFCORE_RNASEQ:RNASEQ:BAM_MARKDUPLICATES_PICARD:SAMTOOLS_INDEX (Pd34)	COMPLETED	0	2025-08-29 02:39:40.551	31.7s	31s	175.0%	10.6 MB	220.9 MB	3.6 GB	646.7 KB
677	c9/c6650d	1644374	NFCORE_RNASEQ:RNASEQ:BAM_RSEQC:RSEQC_BAMSTAT (Pd13)	COMPLETED	0	2025-08-29 02:39:39.543	3m 29s	3m 28s	86.3%	44.7 MB	5.3 GB	3.5 GB	1.3 KB
676	51/190944	1652803	NFCORE_RNASEQ:RNASEQ:BAM_RSEQC:RSEQC_JUNCTIONANNOTATION (Pd13)	COMPLETED	0	2025-08-29 02:43:08.381	2m 18s	2m 16s	106.6%	68.3 MB	5.3 GB	3.5 GB	43.4 MB
678	f9/cab123	1657924	NFCORE_RNASEQ:RNASEQ:BAM_RSEQC:RSEQC_INNERDISTANCE (Pd13)	COMPLETED	0	2025-08-29 02:45:25.893	45.2s	44s	119.1%	312 MB	5.5 GB	158.3 MB	63.1 MB
674	4f/996f6b	1660032	NFCORE_RNASEQ:RNASEQ:BAM_RSEQC:RSEQC_INFEREXPERIMENT (Pd13)	COMPLETED	0	2025-08-29 02:46:11.150	3.1s	2s	369.3%	49.9 MB	5.3 GB	34.3 MB	803 B
680	46/828b57	1660538	NFCORE_RNASEQ:RNASEQ:BAM_RSEQC:RSEQC_JUNCTIONSATURATION (Pd13)	COMPLETED	0	2025-08-29 02:46:14.288	2m 38s	2m 37s	105.8%	813 MB	6 GB	3.5 GB	28.1 KB
675	83/b13788	1665984	NFCORE_RNASEQ:RNASEQ:BAM_RSEQC:RSEQC_READDUPLICATION (Pd13)	COMPLETED	0	2025-08-29 02:48:52.123	4m 50s	4m 49s	103.2%	6.2 GB	11.4 GB	3.5 GB	871.8 KB
679	5d/a139fe	1673537	NFCORE_RNASEQ:RNASEQ:BAM_RSEQC:RSEQC_READDISTRIBUTION (Pd13)	COMPLETED	0	2025-08-29 02:53:41.929	3m 41s	3m 40s	102.8%	214.7 MB	5.4 GB	3.5 GB	1.7 KB
738	36/e6a1c3	1646675	NFCORE_RNASEQ:RNASEQ:DUPRADAR (Pd34)	COMPLETED	0	2025-08-29 02:40:12.239	17m 37s	17m 36s	89.1%	443.6 MB	5.6 GB	53.5 GB	29.5 GB
682	5e/345e54	1679083	NFCORE_RNASEQ:RNASEQ:BEDGRAPH_BEDCLIP_BEDGRAPHTOBIGWIG_REVERSE:UCSC_BEDCLIP (Pd36)	COMPLETED	0	2025-08-29 02:57:23.068	26.1s	25s	19.4%	7.5 MB	18.7 MB	271.1 MB	271 MB
681	8d/4d7b90	1680563	NFCORE_RNASEQ:RNASEQ:BEDGRAPH_BEDCLIP_BEDGRAPHTOBIGWIG_FORWARD:UCSC_BEDCLIP (Pd36)	COMPLETED	0	2025-08-29 02:57:49.129	4.4s	4s	95.4%	7.2 MB	18.7 MB	271.1 MB	271 MB
751	39/302ecb	1680827	NFCORE_RNASEQ:RNASEQ:BEDGRAPH_BEDCLIP_BEDGRAPHTOBIGWIG_REVERSE:UCSC_BEDGRAPHTOBIGWIG (Pd36)	COMPLETED	0	2025-08-29 02:57:50.138	15.6s	15s	97.6%	9.4 MB	24.9 MB	813 MB	41.3 MB
752	c4/06554b	1681563	NFCORE_RNASEQ:RNASEQ:BEDGRAPH_BEDCLIP_BEDGRAPHTOBIGWIG_FORWARD:UCSC_BEDGRAPHTOBIGWIG (Pd36)	COMPLETED	0	2025-08-29 02:57:54.578	15.6s	14s	97.5%	9.4 MB	24.9 MB	813.1 MB	41.3 MB
684	bd/49126c	1681320	NFCORE_RNASEQ:RNASEQ:ALIGN_STAR:BAM_SORT_STATS_SAMTOOLS:SAMTOOLS_SORT (Pd29)	COMPLETED	0	2025-08-29 02:57:53.573	3m 52s	3m 51s	311.9%	5.2 GB	6.2 GB	9.6 GB	6.6 GB
753	67/d448ed	1688145	NFCORE_RNASEQ:RNASEQ:ALIGN_STAR:BAM_SORT_STATS_SAMTOOLS:SAMTOOLS_INDEX (Pd29)	COMPLETED	0	2025-08-29 03:01:46.763	30.2s	29s	166.3%	12.2 MB	220.9 MB	3.2 GB	650.2 KB
685	fd/c4c2e9	1687855	NFCORE_RNASEQ:RNASEQ:QUANTIFY_STAR_SALMON:SALMON_QUANT (Pd29)	COMPLETED	0	2025-08-29 03:01:45.755	1m 52s	1m 51s	546.8%	3.6 GB	4.7 GB	4.6 GB	11.9 MB
340	13/f528f1	1590439	NFCORE_RNASEQ:RNASEQ:ALIGN_STAR:STAR_ALIGN (Pd35)	COMPLETED	0	2025-08-29 02:13:52.270	1h 1m 15s	1h 1m 14s	1161.7%	9.8 GB	11.5 GB	34.5 GB	11.4 GB
687	0b/1e7aa1	1691530	NFCORE_RNASEQ:RNASEQ:BAM_MARKDUPLICATES_PICARD:PICARD_MARKDUPLICATES (Pd11)	COMPLETED	0	2025-08-29 03:03:37.662	14m 43s	14m 41s	108.8%	21.2 GB	33.6 GB	6.6 GB	3.5 GB
760	e8/84de82	1717806	NFCORE_RNASEQ:RNASEQ:BAM_MARKDUPLICATES_PICARD:SAMTOOLS_INDEX (Pd11)	COMPLETED	0	2025-08-29 03:18:20.629	31.1s	30s	173.0%	10.6 MB	220.9 MB	3.5 GB	727.3 KB
691	24/895271	1717798	NFCORE_RNASEQ:RNASEQ:BEDTOOLS_GENOMECOV (Pd25)	COMPLETED	0	2025-08-29 03:18:20.619	7m 18s	7m 15s	103.9%	3.7 GB	4.8 GB	8.3 GB	1.4 GB
758	f0/31881d	1721338	NFCORE_RNASEQ:RNASEQ:DUPRADAR (Pd11)	COMPLETED	0	2025-08-29 03:18:51.738	10m 14s	10m 13s	102.4%	386.9 MB	5.6 GB	27.2 GB	9.6 GB
341	6c/f7f9e8	1707960	NFCORE_RNASEQ:RNASEQ:ALIGN_STAR:STAR_ALIGN (Pd16)	COMPLETED	0	2025-08-29 03:15:07.165	33m 22s	33m 21s	1151.2%	9.8 GB	11.5 GB	34.4 GB	11.2 GB
692	40/756e44	1749392	NFCORE_RNASEQ:RNASEQ:QUALIMAP_RNASEQ (Pd25)	COMPLETED	0	2025-08-29 03:25:38.124	28m 10s	28m 8s	105.9%	3.2 GB	34.7 GB	29.2 GB	25.2 GB
688	ca/7fcacd	1790116	NFCORE_RNASEQ:RNASEQ:STRINGTIE_STRINGTIE (Pd25)	COMPLETED	0	2025-08-29 03:53:48.364	2m 30s	2m 30s	123.4%	767.8 MB	1.1 GB	4 GB	108.1 MB
693	29/49f734	1798132	NFCORE_RNASEQ:RNASEQ:SUBREAD_FEATURECOUNTS (Pd25)	COMPLETED	0	2025-08-29 03:56:18.335	1m 33s	1m 31s	255.7%	895.5 MB	1.3 GB	14 GB	7.6 GB
774	b5/5af177	1803908	NFCORE_RNASEQ:RNASEQ:MULTIQC_CUSTOM_BIOTYPE (Pd25)	COMPLETED	0	2025-08-29 03:57:51.921	875ms	0ms	104.4%	2.5 MB	5.4 MB	8.7 MB	1.1 MB
700	59/0ee15a	1803405	NFCORE_RNASEQ:RNASEQ:BAM_RSEQC:RSEQC_READDUPLICATION (Pd25)	COMPLETED	0	2025-08-29 03:57:50.910	4m 54s	4m 53s	103.9%	6.2 GB	11.5 GB	3.8 GB	887.4 KB
698	f0/e94b06	1811457	NFCORE_RNASEQ:RNASEQ:BAM_RSEQC:RSEQC_JUNCTIONANNOTATION (Pd25)	COMPLETED	0	2025-08-29 04:02:44.503	2m 20s	2m 19s	106.7%	68.4 MB	5.3 GB	3.8 GB	42 MB
694	d4/ec2f41	1814894	NFCORE_RNASEQ:RNASEQ:BAM_RSEQC:RSEQC_READDISTRIBUTION (Pd25)	COMPLETED	0	2025-08-29 04:05:04.785	3m 37s	3m 36s	102.9%	215 MB	5.4 GB	3.9 GB	1.7 KB
699	58/388ddc	1819879	NFCORE_RNASEQ:RNASEQ:BAM_RSEQC:RSEQC_INFEREXPERIMENT (Pd25)	COMPLETED	0	2025-08-29 04:08:41.745	2.9s	2s	386.8%	50.3 MB	5.3 GB	34.3 MB	803 B
695	e5/5e1fff	1820371	NFCORE_RNASEQ:RNASEQ:BAM_RSEQC:RSEQC_BAMSTAT (Pd25)	COMPLETED	0	2025-08-29 04:08:44.694	2m 51s	2m 50s	103.7%	45.8 MB	5.3 GB	3.8 GB	1.3 KB
697	a2/787b7d	1824506	NFCORE_RNASEQ:RNASEQ:BAM_RSEQC:RSEQC_JUNCTIONSATURATION (Pd25)	COMPLETED	0	2025-08-29 04:11:35.659	2m 54s	2m 53s	105.4%	983 MB	6.2 GB	3.8 GB	28.1 KB
696	b5/9c0f81	1828804	NFCORE_RNASEQ:RNASEQ:BAM_RSEQC:RSEQC_INNERDISTANCE (Pd25)	COMPLETED	0	2025-08-29 04:14:30.037	45s	44s	120.5%	312 MB	5.5 GB	157.3 MB	62.9 MB
701	96/71110e	1830418	NFCORE_RNASEQ:RNASEQ:ALIGN_STAR:BAM_SORT_STATS_SAMTOOLS:SAMTOOLS_SORT (Pd49)	COMPLETED	0	2025-08-29 04:15:15.040	4m 16s	4m 15s	314.9%	5.2 GB	6.2 GB	9.9 GB	6.8 GB
775	d4/d6fefc	1836534	NFCORE_RNASEQ:RNASEQ:ALIGN_STAR:BAM_SORT_STATS_SAMTOOLS:SAMTOOLS_INDEX (Pd49)	COMPLETED	0	2025-08-29 04:19:31.859	31.4s	30s	166.4%	9.4 MB	220.9 MB	3.4 GB	679.4 KB
702	c6/078071	1835981	NFCORE_RNASEQ:RNASEQ:QUANTIFY_STAR_SALMON:SALMON_QUANT (Pd49)	COMPLETED	0	2025-08-29 04:19:30.849	1m 58s	1m 57s	549.6%	3.5 GB	4.2 GB	5 GB	11.9 MB
342	68/11d357	1775015	NFCORE_RNASEQ:RNASEQ:ALIGN_STAR:STAR_ALIGN (Pd66)	COMPLETED	0	2025-08-29 03:48:29.246	47m 1s	47m 1s	1160.6%	9.8 GB	11.5 GB	34.4 GB	10.5 GB
704	88/d72d4c	1839975	NFCORE_RNASEQ:RNASEQ:BAM_MARKDUPLICATES_PICARD:PICARD_MARKDUPLICATES (Pd40)	COMPLETED	0	2025-08-29 04:21:28.768	14m 45s	14m 43s	108.3%	20.7 GB	33.6 GB	6.7 GB	3.5 GB
707	ff/49ab00	1861952	NFCORE_RNASEQ:RNASEQ:BEDTOOLS_GENOMECOV (Pd43)	COMPLETED	0	2025-08-29 04:36:13.995	7m 19s	7m 17s	106.6%	4.5 GB	5.6 GB	8.2 GB	1.6 GB
711	5c/efdcb0	1892049	NFCORE_RNASEQ:RNASEQ:STRINGTIE_STRINGTIE (Pd43)	COMPLETED	0	2025-08-29 04:43:32.613	2m 32s	2m 31s	128.0%	874.4 MB	1.1 GB	3.8 GB	108.3 MB
782	c9/59f283	1861959	NFCORE_RNASEQ:RNASEQ:DUPRADAR (Pd40)	COMPLETED	0	2025-08-29 04:36:14.010	10m 3s	10m 2s	103.1%	378.8 MB	5.5 GB	25.3 GB	8.1 GB
779	36/e23172	1902715	NFCORE_RNASEQ:RNASEQ:BAM_MARKDUPLICATES_PICARD:SAMTOOLS_INDEX (Pd40)	COMPLETED	0	2025-08-29 04:46:16.778	31.5s	31s	173.7%	12.8 MB	220.9 MB	3.5 GB	747.4 KB
710	91/31f6f4	1900898	NFCORE_RNASEQ:RNASEQ:QUALIMAP_RNASEQ (Pd43)	COMPLETED	0	2025-08-29 04:46:04.380	27m 31s	27m 28s	97.3%	3.7 GB	34.8 GB	28.4 GB	24.6 GB
712	9d/4aa188	1928700	NFCORE_RNASEQ:RNASEQ:SUBREAD_FEATURECOUNTS (Pd43)	COMPLETED	0	2025-08-29 05:13:34.911	45.3s	43s	347.3%	729.2 MB	1.2 GB	6.1 GB	1.7 GB
794	24/c1f38c	1930443	NFCORE_RNASEQ:RNASEQ:MULTIQC_CUSTOM_BIOTYPE (Pd43)	COMPLETED	0	2025-08-29 05:14:20.190	835ms	0ms	112.8%	2.8 MB	5.4 MB	8.8 MB	1.1 MB
718	ec/3a9733	1930437	NFCORE_RNASEQ:RNASEQ:BAM_RSEQC:RSEQC_BAMSTAT (Pd43)	COMPLETED	0	2025-08-29 05:14:20.182	3m 13s	3m 13s	103.1%	45.6 MB	5.3 GB	3.7 GB	1.3 KB
719	22/dfa9bd	1935169	NFCORE_RNASEQ:RNASEQ:BAM_RSEQC:RSEQC_INNERDISTANCE (Pd43)	COMPLETED	0	2025-08-29 05:17:33.461	45.4s	44s	120.6%	312.4 MB	5.5 GB	231.1 MB	62.1 MB
716	f4/1a7ec6	1937046	NFCORE_RNASEQ:RNASEQ:BAM_RSEQC:RSEQC_JUNCTIONANNOTATION (Pd43)	COMPLETED	0	2025-08-29 05:18:18.889	2m 38s	2m 37s	105.9%	69.2 MB	5.3 GB	3.7 GB	41.2 MB
715	d5/607fa2	1940892	NFCORE_RNASEQ:RNASEQ:BAM_RSEQC:RSEQC_JUNCTIONSATURATION (Pd43)	COMPLETED	0	2025-08-29 05:20:57.182	3m 7s	3m 6s	105.0%	1.2 GB	6.4 GB	3.7 GB	28.1 KB
714	79/f6bdda	1945348	NFCORE_RNASEQ:RNASEQ:BAM_RSEQC:RSEQC_INFEREXPERIMENT (Pd43)	COMPLETED	0	2025-08-29 05:24:03.886	3s	2s	384.2%	50 MB	5.3 GB	35.4 MB	803 B
713	27/9209ba	1945830	NFCORE_RNASEQ:RNASEQ:BAM_RSEQC:RSEQC_READDUPLICATION (Pd43)	COMPLETED	0	2025-08-29 05:24:06.865	5m 7s	5m 6s	103.0%	8 GB	13.3 GB	3.7 GB	614.6 KB
717	d8/33cf26	1952478	NFCORE_RNASEQ:RNASEQ:BAM_RSEQC:RSEQC_READDISTRIBUTION (Pd43)	COMPLETED	0	2025-08-29 05:29:13.503	4m 16s	4m 14s	102.4%	214.4 MB	5.4 GB	3.7 GB	1.7 KB
343	b0/4171c8	1858204	NFCORE_RNASEQ:RNASEQ:ALIGN_STAR:STAR_ALIGN (Pd32)	COMPLETED	0	2025-08-29 04:35:30.515	1h 8m 23s	1h 8m 21s	1177.9%	9.8 GB	11.5 GB	34.4 GB	10.2 GB
721	b0/9a5406	1958104	NFCORE_RNASEQ:RNASEQ:BAM_MARKDUPLICATES_PICARD:PICARD_MARKDUPLICATES (Pd31)	COMPLETED	0	2025-08-29 05:33:29.014	15m 24s	15m 22s	110.3%	21.1 GB	33.6 GB	7.1 GB	3.8 GB
801	e5/570798	1988154	NFCORE_RNASEQ:RNASEQ:BAM_MARKDUPLICATES_PICARD:SAMTOOLS_INDEX (Pd31)	COMPLETED	0	2025-08-29 05:48:53.448	32.7s	32s	171.9%	10.9 MB	220.9 MB	3.8 GB	727.3 KB
798	6c/02d60d	1992118	NFCORE_RNASEQ:RNASEQ:DUPRADAR (Pd31)	COMPLETED	0	2025-08-29 05:49:26.200	10m 18s	10m 17s	102.5%	398.2 MB	5.6 GB	26.6 GB	8.4 GB
723	8b/266881	1988153	NFCORE_RNASEQ:RNASEQ:BAM_MARKDUPLICATES_PICARD:PICARD_MARKDUPLICATES (Pd26)	COMPLETED	0	2025-08-29 05:48:53.444	15m 51s	15m 49s	105.7%	21.2 GB	33.6 GB	7.1 GB	3.7 GB
812	11/e19dd6	2025495	NFCORE_RNASEQ:RNASEQ:BAM_MARKDUPLICATES_PICARD:SAMTOOLS_INDEX (Pd26)	COMPLETED	0	2025-08-29 06:04:45.755	33.5s	33s	168.1%	9.1 MB	220.9 MB	3.7 GB	734.7 KB
726	52/e0690f	2025083	NFCORE_RNASEQ:RNASEQ:ALIGN_STAR:BAM_SORT_STATS_SAMTOOLS:SAMTOOLS_SORT (Pd6)	COMPLETED	0	2025-08-29 06:04:44.749	4m 6s	4m 5s	314.1%	5.2 GB	6.2 GB	9.4 GB	6.3 GB
727	fd/14c4ef	2034866	NFCORE_RNASEQ:RNASEQ:QUANTIFY_STAR_SALMON:SALMON_QUANT (Pd6)	COMPLETED	0	2025-08-29 06:08:50.905	2m 6s	2m 5s	550.6%	4 GB	5.3 GB	5 GB	11.9 MB
729	db/887646	2039384	NFCORE_RNASEQ:RNASEQ:BEDGRAPH_BEDCLIP_BEDGRAPHTOBIGWIG_REVERSE:UCSC_BEDCLIP (Pd58)	COMPLETED	0	2025-08-29 06:10:56.911	4.6s	4s	91.0%	7.2 MB	18.7 MB	263.1 MB	263.1 MB
728	1b/a3179c	2039927	NFCORE_RNASEQ:RNASEQ:BEDGRAPH_BEDCLIP_BEDGRAPHTOBIGWIG_FORWARD:UCSC_BEDCLIP (Pd58)	COMPLETED	0	2025-08-29 06:11:01.499	4.9s	5s	86.5%	6.9 MB	18.7 MB	263 MB	263 MB
825	b6/76d8ab	2040188	NFCORE_RNASEQ:RNASEQ:BEDGRAPH_BEDCLIP_BEDGRAPHTOBIGWIG_REVERSE:UCSC_BEDGRAPHTOBIGWIG (Pd58)	COMPLETED	0	2025-08-29 06:11:02.508	14.7s	14s	99.7%	9.4 MB	24.9 MB	789.3 MB	40.9 MB
732	85/2b5e97	2040748	NFCORE_RNASEQ:RNASEQ:BEDGRAPH_BEDCLIP_BEDGRAPHTOBIGWIG_REVERSE:UCSC_BEDCLIP (Pd13)	COMPLETED	0	2025-08-29 06:11:06.359	11.4s	11s	58.2%	7.2 MB	18.7 MB	368 MB	368 MB
731	7f/675d00	2042420	NFCORE_RNASEQ:RNASEQ:BEDGRAPH_BEDCLIP_BEDGRAPHTOBIGWIG_FORWARD:UCSC_BEDCLIP (Pd13)	COMPLETED	0	2025-08-29 06:11:17.801	8.5s	7s	67.8%	7.2 MB	18.7 MB	368 MB	367.9 MB
826	eb/c06a20	2042103	NFCORE_RNASEQ:RNASEQ:BEDGRAPH_BEDCLIP_BEDGRAPHTOBIGWIG_FORWARD:UCSC_BEDGRAPHTOBIGWIG (Pd58)	COMPLETED	0	2025-08-29 06:11:17.173	14.9s	14s	99.9%	9.1 MB	24.9 MB	789 MB	40.9 MB
827	e0/04450a	2044540	NFCORE_RNASEQ:RNASEQ:BEDGRAPH_BEDCLIP_BEDGRAPHTOBIGWIG_REVERSE:UCSC_BEDGRAPHTOBIGWIG (Pd13)	COMPLETED	0	2025-08-29 06:11:32.042	24s	23s	92.0%	20.9 MB	36.8 MB	1.1 GB	54 MB
828	3e/7f1a36	2046464	NFCORE_RNASEQ:RNASEQ:BEDGRAPH_BEDCLIP_BEDGRAPHTOBIGWIG_FORWARD:UCSC_BEDGRAPHTOBIGWIG (Pd13)	COMPLETED	0	2025-08-29 06:11:56.071	21s	20s	99.4%	9.1 MB	24.9 MB	1.1 GB	54 MB
734	9e/337d58	2043700	NFCORE_RNASEQ:RNASEQ:QUANTIFY_STAR_SALMON:SALMON_QUANT (Pd45)	COMPLETED	0	2025-08-29 06:11:26.285	2m 8s	2m 7s	549.0%	3.7 GB	4.7 GB	5.4 GB	11.9 MB
813	ca/56f9aa	2027650	NFCORE_RNASEQ:RNASEQ:DUPRADAR (Pd26)	COMPLETED	0	2025-08-29 06:05:19.218	9m 20s	9m 19s	102.7%	335.4 MB	5.5 GB	17.6 GB	1.6 GB
823	23/3f6678	2053090	NFCORE_RNASEQ:RNASEQ:ALIGN_STAR:BAM_SORT_STATS_SAMTOOLS:SAMTOOLS_INDEX (Pd6)	COMPLETED	0	2025-08-29 06:14:39.191	29s	28s	173.4%	11.2 MB	220.9 MB	3.1 GB	687 KB
733	52/d379c5	2050358	NFCORE_RNASEQ:RNASEQ:ALIGN_STAR:BAM_SORT_STATS_SAMTOOLS:SAMTOOLS_SORT (Pd45)	COMPLETED	0	2025-08-29 06:13:34.127	4m 10s	4m 9s	321.5%	5.2 GB	6.2 GB	9.8 GB	6.6 GB
829	12/df9ab3	2058038	NFCORE_RNASEQ:RNASEQ:ALIGN_STAR:BAM_SORT_STATS_SAMTOOLS:SAMTOOLS_INDEX (Pd45)	COMPLETED	0	2025-08-29 06:17:44.769	29.7s	29s	174.8%	11.6 MB	220.9 MB	3.3 GB	676.1 KB
737	57/e2b387	2057746	NFCORE_RNASEQ:RNASEQ:BAM_MARKDUPLICATES_PICARD:PICARD_MARKDUPLICATES (Pd52)	COMPLETED	0	2025-08-29 06:17:43.763	15m 2s	15m	108.9%	20.9 GB	33.6 GB	6.7 GB	3.5 GB
833	59/f0ea6c	2077788	NFCORE_RNASEQ:RNASEQ:BAM_MARKDUPLICATES_PICARD:SAMTOOLS_INDEX (Pd52)	COMPLETED	0	2025-08-29 06:32:46.115	31.3s	31s	171.9%	10 MB	220.9 MB	3.5 GB	706.9 KB
740	39/ef7e8a	2077786	NFCORE_RNASEQ:RNASEQ:BEDTOOLS_GENOMECOV (Pd34)	COMPLETED	0	2025-08-29 06:32:46.108	7m 12s	7m 10s	99.6%	2.8 GB	3.6 GB	7.7 GB	1 GB
743	91/29e362	2095108	NFCORE_RNASEQ:RNASEQ:SUBREAD_FEATURECOUNTS (Pd34)	COMPLETED	0	2025-08-29 06:39:57.998	1m 35s	1m 34s	259.0%	1.1 GB	1.5 GB	14.1 GB	7.9 GB
846	a9/4b3592	2098990	NFCORE_RNASEQ:RNASEQ:MULTIQC_CUSTOM_BIOTYPE (Pd34)	COMPLETED	0	2025-08-29 06:41:34.518	922ms	1s	87.3%	8.1 MB	19.2 MB	8.7 MB	1.1 MB
344	8f/3423d6	1973867	NFCORE_RNASEQ:RNASEQ:ALIGN_STAR:STAR_ALIGN (Pd55)	COMPLETED	0	2025-08-29 05:43:53.189	1h 53s	1h 53s	1172.2%	9.8 GB	11.5 GB	34.5 GB	11.1 GB
834	de/9b9775	2080338	NFCORE_RNASEQ:RNASEQ:DUPRADAR (Pd52)	COMPLETED	0	2025-08-29 06:33:17.408	12m 10s	12m 8s	101.9%	423.2 MB	5.6 GB	38.2 GB	18.2 GB
345	d2/18d5f2	2105402	NFCORE_RNASEQ:RNASEQ:ALIGN_STAR:STAR_ALIGN (Pd22)	COMPLETED	0	2025-08-29 06:44:46.280	19m 47s	19m 47s	1090.4%	9.8 GB	11.5 GB	34.4 GB	11.3 GB
739	35/c3c164	2098690	NFCORE_RNASEQ:RNASEQ:QUALIMAP_RNASEQ (Pd34)	COMPLETED	0	2025-08-29 06:41:33.506	27m 8s	27m 6s	95.1%	2.9 GB	34.8 GB	29.4 GB	25.7 GB
741	d2/b2102e	2179962	NFCORE_RNASEQ:RNASEQ:STRINGTIE_STRINGTIE (Pd34)	COMPLETED	0	2025-08-29 07:08:41.296	2m 49s	2m 48s	120.8%	797.5 MB	1 GB	3.8 GB	104.8 MB
747	55/a961e4	2188750	NFCORE_RNASEQ:RNASEQ:BAM_RSEQC:RSEQC_BAMSTAT (Pd34)	COMPLETED	0	2025-08-29 07:11:29.987	2m 44s	2m 43s	103.8%	45.8 MB	5.3 GB	3.6 GB	1.3 KB
749	a1/df5ad2	2198891	NFCORE_RNASEQ:RNASEQ:BAM_RSEQC:RSEQC_READDISTRIBUTION (Pd34)	COMPLETED	0	2025-08-29 07:14:13.595	3m 27s	3m 26s	103.2%	214.5 MB	5.4 GB	3.6 GB	1.7 KB
748	24/e5e37c	2205086	NFCORE_RNASEQ:RNASEQ:BAM_RSEQC:RSEQC_INNERDISTANCE (Pd34)	COMPLETED	0	2025-08-29 07:17:40.756	50.5s	50s	118.7%	312 MB	5.5 GB	389.3 MB	62.3 MB
744	b9/9e97aa	2207012	NFCORE_RNASEQ:RNASEQ:BAM_RSEQC:RSEQC_JUNCTIONANNOTATION (Pd34)	COMPLETED	0	2025-08-29 07:18:31.284	2m 17s	2m 17s	106.9%	68.6 MB	5.3 GB	3.6 GB	35 MB
745	a1/04b4c6	2210397	NFCORE_RNASEQ:RNASEQ:BAM_RSEQC:RSEQC_JUNCTIONSATURATION (Pd34)	COMPLETED	0	2025-08-29 07:20:48.318	2m 50s	2m 50s	105.5%	970.9 MB	6.2 GB	3.6 GB	28 KB
750	fc/b5ce8e	2214770	NFCORE_RNASEQ:RNASEQ:BAM_RSEQC:RSEQC_INFEREXPERIMENT (Pd34)	COMPLETED	0	2025-08-29 07:23:38.500	3s	2s	382.3%	49.6 MB	5.3 GB	36.3 MB	803 B
346	07/4c35f8	2167977	NFCORE_RNASEQ:RNASEQ:ALIGN_STAR:STAR_ALIGN (Pd9)	COMPLETED	0	2025-08-29 07:04:33.743	19m 35s	19m 34s	1101.2%	9.8 GB	11.5 GB	34.4 GB	11.3 GB
746	db/e724ed	2215260	NFCORE_RNASEQ:RNASEQ:BAM_RSEQC:RSEQC_READDUPLICATION (Pd34)	COMPLETED	0	2025-08-29 07:23:41.481	4m 54s	4m 53s	103.2%	5.6 GB	10.8 GB	3.6 GB	1002.1 KB
347	91/a3516b	2216435	NFCORE_RNASEQ:RNASEQ:ALIGN_STAR:STAR_ALIGN (Pd38)	COMPLETED	0	2025-08-29 07:24:08.469	15m 14s	15m 14s	947.0%	9.8 GB	11.5 GB	34.4 GB	11.3 GB
754	47/a9b1ac	2231515	NFCORE_RNASEQ:RNASEQ:BAM_MARKDUPLICATES_PICARD:PICARD_MARKDUPLICATES (Pd29)	COMPLETED	0	2025-08-29 07:28:35.924	14m 55s	14m 52s	108.2%	22.8 GB	33.6 GB	6.4 GB	3.4 GB
859	c8/f1d707	2272597	NFCORE_RNASEQ:RNASEQ:BAM_MARKDUPLICATES_PICARD:SAMTOOLS_INDEX (Pd29)	COMPLETED	0	2025-08-29 07:43:31.478	31s	31s	172.3%	12.2 MB	220.9 MB	3.4 GB	656.2 KB
755	42/7f00f0	2272140	NFCORE_RNASEQ:RNASEQ:ALIGN_STAR:BAM_SORT_STATS_SAMTOOLS:SAMTOOLS_SORT (Pd35)	COMPLETED	0	2025-08-29 07:43:30.472	5m 48s	5m 48s	232.7%	5.2 GB	6.2 GB	9.8 GB	6.7 GB
756	2a/ecfbdd	2295995	NFCORE_RNASEQ:RNASEQ:QUANTIFY_STAR_SALMON:SALMON_QUANT (Pd35)	COMPLETED	0	2025-08-29 07:49:18.372	2m 11s	2m 10s	462.2%	3.6 GB	4.7 GB	5 GB	11.9 MB
348	cd/506698	2260090	NFCORE_RNASEQ:RNASEQ:ALIGN_STAR:STAR_ALIGN (Pd12)	COMPLETED	0	2025-08-29 07:39:22.625	17m 26s	17m 24s	947.9%	9.8 GB	11.5 GB	34.4 GB	11.3 GB
857	7a/b9d2ec	2275366	NFCORE_RNASEQ:RNASEQ:DUPRADAR (Pd29)	COMPLETED	0	2025-08-29 07:44:02.479	18m 34s	18m 32s	69.3%	415.3 MB	5.6 GB	37.6 GB	17.9 GB
868	4e/8a0b9f	2331948	NFCORE_RNASEQ:RNASEQ:ALIGN_STAR:BAM_SORT_STATS_SAMTOOLS:SAMTOOLS_INDEX (Pd35)	COMPLETED	0	2025-08-29 08:02:36.008	39.1s	38s	147.0%	10.3 MB	220.9 MB	3.4 GB	673 KB
759	dc/b85565	2301399	NFCORE_RNASEQ:RNASEQ:QUALIMAP_RNASEQ (Pd11)	COMPLETED	0	2025-08-29 07:51:28.951	30m 3s	30m	99.7%	2.2 GB	34.8 GB	28.1 GB	24.4 GB
761	dc/266d67	2353261	NFCORE_RNASEQ:RNASEQ:STRINGTIE_STRINGTIE (Pd11)	COMPLETED	0	2025-08-29 08:21:31.824	2m 23s	2m 22s	126.8%	755 MB	1 GB	3.7 GB	108.1 MB
349	9d/c54ccc	2311850	NFCORE_RNASEQ:RNASEQ:ALIGN_STAR:STAR_ALIGN (Pd2)	COMPLETED	0	2025-08-29 07:56:48.141	29m 16s	29m 16s	1133.9%	9.8 GB	11.5 GB	34.4 GB	8.7 GB
757	27/04a003	2356831	NFCORE_RNASEQ:RNASEQ:BEDTOOLS_GENOMECOV (Pd11)	COMPLETED	0	2025-08-29 08:23:54.479	6m 26s	6m 25s	112.6%	4.1 GB	5.2 GB	7.7 GB	1.5 GB
762	3f/624d61	2376470	NFCORE_RNASEQ:RNASEQ:SUBREAD_FEATURECOUNTS (Pd11)	COMPLETED	0	2025-08-29 08:30:20.563	46.7s	46s	360.7%	785.3 MB	1.3 GB	7.3 GB	2.8 GB
876	b0/b7eb4d	2379917	NFCORE_RNASEQ:RNASEQ:MULTIQC_CUSTOM_BIOTYPE (Pd11)	COMPLETED	0	2025-08-29 08:31:08.314	866ms	0ms	106.1%	2.8 MB	5.4 MB	8.8 MB	1.1 MB
769	e0/dbb4d3	2379583	NFCORE_RNASEQ:RNASEQ:BAM_RSEQC:RSEQC_BAMSTAT (Pd11)	COMPLETED	0	2025-08-29 08:31:07.304	3m 4s	3m 3s	103.4%	45.8 MB	5.3 GB	3.5 GB	1.3 KB
764	7e/dfec5f	2389621	NFCORE_RNASEQ:RNASEQ:BAM_RSEQC:RSEQC_READDUPLICATION (Pd11)	COMPLETED	0	2025-08-29 08:34:11.207	5m 2s	5m 1s	103.1%	7.7 GB	12.9 GB	3.5 GB	813.4 KB
768	52/0d0e39	2399726	NFCORE_RNASEQ:RNASEQ:BAM_RSEQC:RSEQC_READDISTRIBUTION (Pd11)	COMPLETED	0	2025-08-29 08:39:12.876	4m 3s	4m 2s	102.5%	214.7 MB	5.4 GB	3.5 GB	1.7 KB
767	df/03c79c	2404834	NFCORE_RNASEQ:RNASEQ:BAM_RSEQC:RSEQC_INNERDISTANCE (Pd11)	COMPLETED	0	2025-08-29 08:43:15.713	43.8s	43s	121.5%	312.1 MB	5.5 GB	152.3 MB	61.4 MB
765	ab/6e75ba	2406603	NFCORE_RNASEQ:RNASEQ:BAM_RSEQC:RSEQC_JUNCTIONSATURATION (Pd11)	COMPLETED	0	2025-08-29 08:43:59.504	2m 59s	2m 57s	105.2%	1.1 GB	6.3 GB	3.5 GB	28.1 KB
766	a4/49b20f	2410706	NFCORE_RNASEQ:RNASEQ:BAM_RSEQC:RSEQC_INFEREXPERIMENT (Pd11)	COMPLETED	0	2025-08-29 08:46:58.037	2.9s	2s	393.8%	50 MB	5.3 GB	33.3 MB	803 B
763	b5/b1e8cd	2411183	NFCORE_RNASEQ:RNASEQ:BAM_RSEQC:RSEQC_JUNCTIONANNOTATION (Pd11)	COMPLETED	0	2025-08-29 08:47:00.941	2m 30s	2m 29s	106.2%	67.6 MB	5.3 GB	3.5 GB	40 MB
770	64/cd6644	2414985	NFCORE_RNASEQ:RNASEQ:BEDGRAPH_BEDCLIP_BEDGRAPHTOBIGWIG_FORWARD:UCSC_BEDCLIP (Pd25)	COMPLETED	0	2025-08-29 08:49:30.802	7.1s	6s	74.9%	7.5 MB	18.7 MB	347.8 MB	347.8 MB
771	60/1bf3e7	2415569	NFCORE_RNASEQ:RNASEQ:BEDGRAPH_BEDCLIP_BEDGRAPHTOBIGWIG_REVERSE:UCSC_BEDCLIP (Pd25)	COMPLETED	0	2025-08-29 08:49:37.881	8.9s	8s	61.2%	7.5 MB	18.7 MB	348 MB	347.9 MB
877	38/51f062	2415827	NFCORE_RNASEQ:RNASEQ:BEDGRAPH_BEDCLIP_BEDGRAPHTOBIGWIG_FORWARD:UCSC_BEDGRAPHTOBIGWIG (Pd25)	COMPLETED	0	2025-08-29 08:49:38.890	22.3s	21s	99.8%	56.9 MB	72.2 MB	1 GB	65.4 MB
878	2a/b14327	2417109	NFCORE_RNASEQ:RNASEQ:BEDGRAPH_BEDCLIP_BEDGRAPHTOBIGWIG_REVERSE:UCSC_BEDGRAPHTOBIGWIG (Pd25)	COMPLETED	0	2025-08-29 08:49:47.830	22.3s	21s	100.0%	56.9 MB	72.2 MB	1 GB	65.4 MB
772	f7/466f31	2416782	NFCORE_RNASEQ:RNASEQ:ALIGN_STAR:BAM_SORT_STATS_SAMTOOLS:SAMTOOLS_SORT (Pd16)	COMPLETED	0	2025-08-29 08:49:46.824	4m 11s	4m 10s	306.2%	5.2 GB	6.2 GB	9.4 GB	6.4 GB
879	86/0bc7e9	2424022	NFCORE_RNASEQ:RNASEQ:ALIGN_STAR:BAM_SORT_STATS_SAMTOOLS:SAMTOOLS_INDEX (Pd16)	COMPLETED	0	2025-08-29 08:53:58.973	30.2s	29s	165.5%	11.2 MB	220.9 MB	3.1 GB	767 KB
773	c8/69f300	2423743	NFCORE_RNASEQ:RNASEQ:QUANTIFY_STAR_SALMON:SALMON_QUANT (Pd16)	COMPLETED	0	2025-08-29 08:53:57.963	2m 9s	2m 8s	554.0%	3.9 GB	4.7 GB	5.2 GB	11.9 MB
350	38/19b493	2360781	NFCORE_RNASEQ:RNASEQ:ALIGN_STAR:STAR_ALIGN (Pd28)	COMPLETED	0	2025-08-29 08:26:04.631	44m 45s	44m 44s	1166.4%	9.8 GB	11.5 GB	34.4 GB	8.5 GB
776	7b/dd134d	2428161	NFCORE_RNASEQ:RNASEQ:BAM_MARKDUPLICATES_PICARD:PICARD_MARKDUPLICATES (Pd49)	COMPLETED	0	2025-08-29 08:56:06.947	15m 4s	15m 1s	108.3%	21.1 GB	33.6 GB	6.8 GB	3.6 GB
778	44/def65e	2449436	NFCORE_RNASEQ:RNASEQ:QUANTIFY_STAR_SALMON:SALMON_QUANT (Pd66)	COMPLETED	0	2025-08-29 09:11:10.973	1m 51s	1m 50s	491.5%	2.9 GB	3.7 GB	4.4 GB	11.9 MB
777	f4/ca9448	2457411	NFCORE_RNASEQ:RNASEQ:ALIGN_STAR:BAM_SORT_STATS_SAMTOOLS:SAMTOOLS_SORT (Pd66)	COMPLETED	0	2025-08-29 09:13:01.792	5m 18s	5m 17s	247.4%	5.2 GB	6.2 GB	9.4 GB	6.4 GB
887	eb/4d21d9	2449738	NFCORE_RNASEQ:RNASEQ:DUPRADAR (Pd49)	COMPLETED	0	2025-08-29 09:11:11.988	11m 2s	11m 1s	102.3%	412.7 MB	5.6 GB	29.3 GB	11 GB
886	96/a3ba14	2492158	NFCORE_RNASEQ:RNASEQ:BAM_MARKDUPLICATES_PICARD:SAMTOOLS_INDEX (Pd49)	COMPLETED	0	2025-08-29 09:22:13.582	31.7s	31s	171.3%	9.4 MB	220.9 MB	3.6 GB	686.2 KB
889	af/742a2b	2493943	NFCORE_RNASEQ:RNASEQ:ALIGN_STAR:BAM_SORT_STATS_SAMTOOLS:SAMTOOLS_INDEX (Pd66)	COMPLETED	0	2025-08-29 09:22:45.247	28.3s	28s	172.5%	9.7 MB	220.9 MB	3.2 GB	595.2 KB
783	6d/57476d	2477374	NFCORE_RNASEQ:RNASEQ:BEDTOOLS_GENOMECOV (Pd40)	COMPLETED	0	2025-08-29 09:18:20.144	6m 55s	6m 53s	105.5%	4 GB	5.1 GB	7.8 GB	1.5 GB
780	7e/73ff16	2498653	NFCORE_RNASEQ:RNASEQ:QUALIMAP_RNASEQ (Pd40)	COMPLETED	0	2025-08-29 09:25:15.212	26m 6s	26m 3s	95.8%	1.6 GB	34.3 GB	27.5 GB	23.8 GB
781	57/7c590e	2524418	NFCORE_RNASEQ:RNASEQ:STRINGTIE_STRINGTIE (Pd40)	COMPLETED	0	2025-08-29 09:51:20.812	2m 19s	2m 19s	124.4%	669 MB	1 GB	3.7 GB	107.5 MB
784	6a/a5d70a	2527973	NFCORE_RNASEQ:RNASEQ:SUBREAD_FEATURECOUNTS (Pd40)	COMPLETED	0	2025-08-29 09:53:40.298	43.5s	42s	368.6%	769 MB	1.2 GB	6.8 GB	2.4 GB
900	8f/f13caf	2529460	NFCORE_RNASEQ:RNASEQ:MULTIQC_CUSTOM_BIOTYPE (Pd40)	COMPLETED	0	2025-08-29 09:54:23.812	857ms	0ms	114.3%	2.5 MB	5.4 MB	8.8 MB	1.1 MB
785	a3/edb7e1	2529452	NFCORE_RNASEQ:RNASEQ:BEDGRAPH_BEDCLIP_BEDGRAPHTOBIGWIG_FORWARD:UCSC_BEDCLIP (Pd43)	COMPLETED	0	2025-08-29 09:54:23.805	8s	7s	79.0%	7.2 MB	18.7 MB	422.2 MB	422.1 MB
786	77/7f5c86	2530378	NFCORE_RNASEQ:RNASEQ:BEDGRAPH_BEDCLIP_BEDGRAPHTOBIGWIG_REVERSE:UCSC_BEDCLIP (Pd43)	COMPLETED	0	2025-08-29 09:54:31.833	9.9s	9s	63.8%	7.5 MB	18.7 MB	422.3 MB	422.2 MB
901	df/749f22	2530634	NFCORE_RNASEQ:RNASEQ:BEDGRAPH_BEDCLIP_BEDGRAPHTOBIGWIG_FORWARD:UCSC_BEDGRAPHTOBIGWIG (Pd43)	COMPLETED	0	2025-08-29 09:54:32.845	26.6s	26s	99.9%	56.6 MB	72.4 MB	1.2 GB	79.2 MB
902	9f/0f4ea4	2531947	NFCORE_RNASEQ:RNASEQ:BEDGRAPH_BEDCLIP_BEDGRAPHTOBIGWIG_REVERSE:UCSC_BEDGRAPHTOBIGWIG (Pd43)	COMPLETED	0	2025-08-29 09:54:41.732	26.5s	26s	100.0%	56.9 MB	72.4 MB	1.2 GB	79.2 MB
787	c8/14f10d	2531941	NFCORE_RNASEQ:RNASEQ:BAM_RSEQC:RSEQC_BAMSTAT (Pd40)	COMPLETED	0	2025-08-29 09:54:41.721	2m 57s	2m 56s	103.4%	45.8 MB	5.3 GB	3.6 GB	1.3 KB
788	08/ca5a86	2537163	NFCORE_RNASEQ:RNASEQ:BAM_RSEQC:RSEQC_JUNCTIONSATURATION (Pd40)	COMPLETED	0	2025-08-29 09:57:39.076	2m 49s	2m 48s	105.5%	1.1 GB	6.3 GB	3.6 GB	28.1 KB
792	34/60b459	2541389	NFCORE_RNASEQ:RNASEQ:BAM_RSEQC:RSEQC_INFEREXPERIMENT (Pd40)	COMPLETED	0	2025-08-29 10:00:27.982	3s	2s	388.6%	49.6 MB	5.3 GB	36.7 MB	803 B
789	9e/389de4	2541871	NFCORE_RNASEQ:RNASEQ:BAM_RSEQC:RSEQC_READDUPLICATION (Pd40)	COMPLETED	0	2025-08-29 10:00:30.940	4m 59s	4m 59s	103.1%	7.5 GB	12.8 GB	3.6 GB	753.8 KB
791	cb/61d5a6	2548477	NFCORE_RNASEQ:RNASEQ:BAM_RSEQC:RSEQC_JUNCTIONANNOTATION (Pd40)	COMPLETED	0	2025-08-29 10:05:30.351	2m 32s	2m 32s	106.1%	68.9 MB	5.3 GB	3.6 GB	41.2 MB
793	da/9aab6a	2552268	NFCORE_RNASEQ:RNASEQ:BAM_RSEQC:RSEQC_READDISTRIBUTION (Pd40)	COMPLETED	0	2025-08-29 10:08:02.390	4m 1s	4m 1s	102.7%	213.8 MB	5.4 GB	3.6 GB	1.7 KB
790	40/ec66d1	2557741	NFCORE_RNASEQ:RNASEQ:BAM_RSEQC:RSEQC_INNERDISTANCE (Pd40)	COMPLETED	0	2025-08-29 10:12:03.292	44.2s	44s	121.0%	312.3 MB	5.5 GB	206 MB	61.3 MB
795	a8/753c0f	2559360	NFCORE_RNASEQ:RNASEQ:ALIGN_STAR:BAM_SORT_STATS_SAMTOOLS:SAMTOOLS_SORT (Pd32)	COMPLETED	0	2025-08-29 10:12:47.547	3m 53s	3m 53s	326.6%	5.2 GB	6.2 GB	9.2 GB	6.3 GB
903	69/e15b32	2565008	NFCORE_RNASEQ:RNASEQ:ALIGN_STAR:BAM_SORT_STATS_SAMTOOLS:SAMTOOLS_INDEX (Pd32)	COMPLETED	0	2025-08-29 10:16:41.400	29.7s	29s	165.2%	13.4 MB	220.9 MB	3.1 GB	672.6 KB
796	15/4801ee	2564709	NFCORE_RNASEQ:RNASEQ:QUANTIFY_STAR_SALMON:SALMON_QUANT (Pd32)	COMPLETED	0	2025-08-29 10:16:40.390	2m 2s	2m 2s	553.1%	4.9 GB	6.1 GB	4.3 GB	11.9 MB
351	6e/934cd2	2446672	NFCORE_RNASEQ:RNASEQ:ALIGN_STAR:STAR_ALIGN (Pd21)	COMPLETED	0	2025-08-29 09:10:49.592	1h 9m 16s	1h 9m 14s	1169.4%	9.8 GB	11.5 GB	34.4 GB	10.8 GB
800	4c/01fb69	2568826	NFCORE_RNASEQ:RNASEQ:STRINGTIE_STRINGTIE (Pd31)	COMPLETED	0	2025-08-29 10:18:42.889	2m 52s	2m 51s	112.3%	809 MB	1.1 GB	3.9 GB	107.3 MB
352	67/c28da7	2570911	NFCORE_RNASEQ:RNASEQ:ALIGN_STAR:STAR_ALIGN (Pd69)	COMPLETED	0	2025-08-29 10:20:05.221	16m 56s	16m 55s	959.1%	9.8 GB	11.5 GB	34.5 GB	11.7 GB
799	06/16aeea	2577110	NFCORE_RNASEQ:RNASEQ:QUALIMAP_RNASEQ (Pd31)	COMPLETED	0	2025-08-29 10:21:34.930	28m 59s	28m 56s	110.0%	3 GB	34.6 GB	28.7 GB	24.8 GB
802	2d/ae9de3	2641944	NFCORE_RNASEQ:RNASEQ:SUBREAD_FEATURECOUNTS (Pd31)	COMPLETED	0	2025-08-29 10:50:33.949	58.9s	57s	298.4%	855 MB	1.4 GB	7.4 GB	2.7 GB
909	d0/33bab2	2644056	NFCORE_RNASEQ:RNASEQ:MULTIQC_CUSTOM_BIOTYPE (Pd31)	COMPLETED	0	2025-08-29 10:51:33.849	864ms	0ms	107.0%	2.8 MB	5.4 MB	8.8 MB	1.1 MB
797	ad/f5f741	2643757	NFCORE_RNASEQ:RNASEQ:BEDTOOLS_GENOMECOV (Pd31)	COMPLETED	0	2025-08-29 10:51:32.843	6m 38s	6m 36s	112.5%	4.3 GB	5.4 GB	8.3 GB	1.6 GB
807	d5/49d235	2654305	NFCORE_RNASEQ:RNASEQ:BAM_RSEQC:RSEQC_JUNCTIONSATURATION (Pd31)	COMPLETED	0	2025-08-29 10:58:10.474	3m	2m 59s	105.2%	1.1 GB	6.3 GB	3.8 GB	28.1 KB
804	0c/d52ae6	2658788	NFCORE_RNASEQ:RNASEQ:BAM_RSEQC:RSEQC_INNERDISTANCE (Pd31)	COMPLETED	0	2025-08-29 11:01:10.762	46.6s	46s	120.1%	312 MB	5.5 GB	287.5 MB	62.1 MB
805	2c/ed6af4	2660660	NFCORE_RNASEQ:RNASEQ:BAM_RSEQC:RSEQC_READDUPLICATION (Pd31)	COMPLETED	0	2025-08-29 11:01:57.339	4m 59s	4m 58s	103.2%	8.4 GB	13.6 GB	3.8 GB	688.3 KB
809	41/d82ab2	2667089	NFCORE_RNASEQ:RNASEQ:BAM_RSEQC:RSEQC_JUNCTIONANNOTATION (Pd31)	COMPLETED	0	2025-08-29 11:06:56.192	2m 31s	2m 31s	106.2%	68.3 MB	5.3 GB	3.8 GB	41.2 MB
803	f1/bc7f7e	2670894	NFCORE_RNASEQ:RNASEQ:BAM_RSEQC:RSEQC_BAMSTAT (Pd31)	COMPLETED	0	2025-08-29 11:09:27.433	3m 3s	3m 1s	103.4%	45.2 MB	5.3 GB	3.8 GB	1.3 KB
808	3d/c18e4a	2675231	NFCORE_RNASEQ:RNASEQ:BAM_RSEQC:RSEQC_READDISTRIBUTION (Pd31)	COMPLETED	0	2025-08-29 11:12:30.203	4m 11s	4m 10s	102.5%	215 MB	5.4 GB	3.8 GB	1.7 KB
806	e9/e3b18d	2680801	NFCORE_RNASEQ:RNASEQ:BAM_RSEQC:RSEQC_INFEREXPERIMENT (Pd31)	COMPLETED	0	2025-08-29 11:16:41.131	3s	2s	379.3%	49.5 MB	5.3 GB	35.7 MB	803 B
810	e1/0a25f4	2681548	NFCORE_RNASEQ:RNASEQ:BEDTOOLS_GENOMECOV (Pd26)	COMPLETED	0	2025-08-29 11:16:44.153	6m 46s	6m 45s	112.4%	4.7 GB	5.8 GB	8.3 GB	1.7 GB
815	6c/e14809	2692119	NFCORE_RNASEQ:RNASEQ:SUBREAD_FEATURECOUNTS (Pd26)	COMPLETED	0	2025-08-29 11:23:30.595	30.9s	29s	468.0%	444.7 MB	974.5 MB	5 GB	903.6 MB
914	2d/c6bcfb	2693737	NFCORE_RNASEQ:RNASEQ:MULTIQC_CUSTOM_BIOTYPE (Pd26)	COMPLETED	0	2025-08-29 11:24:02.523	901ms	1s	106.2%	5 MB	10.2 MB	8.8 MB	1.1 MB
814	01/b50f59	2693449	NFCORE_RNASEQ:RNASEQ:QUALIMAP_RNASEQ (Pd26)	COMPLETED	0	2025-08-29 11:24:01.514	27m 7s	27m 5s	109.7%	3.5 GB	34.9 GB	28.1 GB	24.2 GB
811	74/bef90f	2720247	NFCORE_RNASEQ:RNASEQ:STRINGTIE_STRINGTIE (Pd26)	COMPLETED	0	2025-08-29 11:51:08.645	2m 22s	2m 21s	131.0%	829.8 MB	1.2 GB	3.9 GB	109.4 MB
819	e9/e82ca9	2723796	NFCORE_RNASEQ:RNASEQ:BAM_RSEQC:RSEQC_INFEREXPERIMENT (Pd26)	COMPLETED	0	2025-08-29 11:53:30.552	2.9s	2s	390.9%	49.7 MB	5.3 GB	33.9 MB	803 B
816	0e/d5f442	2724271	NFCORE_RNASEQ:RNASEQ:BAM_RSEQC:RSEQC_READDUPLICATION (Pd26)	COMPLETED	0	2025-08-29 11:53:33.479	5m 6s	5m 5s	103.1%	9.7 GB	14.9 GB	3.8 GB	498.2 KB
822	03/4abfc7	2730932	NFCORE_RNASEQ:RNASEQ:BAM_RSEQC:RSEQC_BAMSTAT (Pd26)	COMPLETED	0	2025-08-29 11:58:39.312	3m 18s	3m 17s	103.2%	45.5 MB	5.3 GB	3.7 GB	1.3 KB
821	52/0158c7	2735431	NFCORE_RNASEQ:RNASEQ:BAM_RSEQC:RSEQC_READDISTRIBUTION (Pd26)	COMPLETED	0	2025-08-29 12:01:56.825	4m 27s	4m 26s	102.3%	215.2 MB	5.4 GB	3.8 GB	1.7 KB
820	8d/d8ea42	2741570	NFCORE_RNASEQ:RNASEQ:BAM_RSEQC:RSEQC_JUNCTIONSATURATION (Pd26)	COMPLETED	0	2025-08-29 12:06:24.119	3m 3s	3m 2s	105.1%	1.2 GB	6.4 GB	3.8 GB	28.3 KB
818	ca/ca55e3	2745969	NFCORE_RNASEQ:RNASEQ:BAM_RSEQC:RSEQC_INNERDISTANCE (Pd26)	COMPLETED	0	2025-08-29 12:09:26.898	43.9s	43s	121.3%	312.2 MB	5.5 GB	160.6 MB	62 MB
817	73/d9bab3	2747843	NFCORE_RNASEQ:RNASEQ:BAM_RSEQC:RSEQC_JUNCTIONANNOTATION (Pd26)	COMPLETED	0	2025-08-29 12:10:10.811	2m 41s	2m 40s	105.9%	69.6 MB	5.3 GB	3.8 GB	47 MB
353	1e/997c62	2612874	NFCORE_RNASEQ:RNASEQ:ALIGN_STAR:STAR_ALIGN (Pd57)	COMPLETED	0	2025-08-29 10:37:00.892	1h 37m 5s	1h 37m 4s	1184.0%	9.8 GB	11.5 GB	34.4 GB	10.3 GB
824	23/8ecda7	2751635	NFCORE_RNASEQ:RNASEQ:BAM_MARKDUPLICATES_PICARD:PICARD_MARKDUPLICATES (Pd6)	COMPLETED	0	2025-08-29 12:12:52.255	15m 3s	15m 1s	108.1%	20.7 GB	33.6 GB	6.3 GB	3.4 GB
920	7d/ea56b7	2790557	NFCORE_RNASEQ:RNASEQ:BAM_MARKDUPLICATES_PICARD:SAMTOOLS_INDEX (Pd6)	COMPLETED	0	2025-08-29 12:27:56.445	30s	30s	172.6%	10.6 MB	220.9 MB	3.4 GB	697.1 KB
919	67/3a6a6c	2793116	NFCORE_RNASEQ:RNASEQ:DUPRADAR (Pd6)	COMPLETED	0	2025-08-29 12:28:26.464	12m 17s	12m 16s	101.8%	414.4 MB	5.6 GB	37.6 GB	18.1 GB
830	9b/11ffc3	2790251	NFCORE_RNASEQ:RNASEQ:BAM_MARKDUPLICATES_PICARD:PICARD_MARKDUPLICATES (Pd45)	COMPLETED	0	2025-08-29 12:27:55.436	15m 53s	15m 50s	103.8%	21.1 GB	33.6 GB	6.7 GB	3.6 GB
934	42/9f148c	2816760	NFCORE_RNASEQ:RNASEQ:BAM_MARKDUPLICATES_PICARD:SAMTOOLS_INDEX (Pd45)	COMPLETED	0	2025-08-29 12:43:49.180	31.4s	31s	175.8%	11.2 MB	220.9 MB	3.6 GB	684.4 KB
832	dc/826a4f	2816484	NFCORE_RNASEQ:RNASEQ:STRINGTIE_STRINGTIE (Pd52)	COMPLETED	0	2025-08-29 12:43:48.171	3m 16s	3m 15s	104.9%	762.1 MB	1 GB	3.7 GB	106 MB
835	65/38b15f	2824291	NFCORE_RNASEQ:RNASEQ:BEDTOOLS_GENOMECOV (Pd52)	COMPLETED	0	2025-08-29 12:47:03.906	6m 26s	6m 24s	110.1%	3.2 GB	4 GB	7.7 GB	1.2 GB
931	a5/3e529d	2818734	NFCORE_RNASEQ:RNASEQ:DUPRADAR (Pd45)	COMPLETED	0	2025-08-29 12:44:20.574	11m 37s	11m 36s	102.1%	418.6 MB	5.6 GB	34 GB	14.8 GB
831	49/e59b3f	2838791	NFCORE_RNASEQ:RNASEQ:QUALIMAP_RNASEQ (Pd52)	COMPLETED	0	2025-08-29 12:53:30.224	27m 12s	27m 10s	106.0%	3.6 GB	34.6 GB	28.8 GB	25.1 GB
836	21/d2a81b	2866169	NFCORE_RNASEQ:RNASEQ:SUBREAD_FEATURECOUNTS (Pd52)	COMPLETED	0	2025-08-29 13:20:42.682	1m 8s	1m 6s	296.4%	987.1 MB	1.6 GB	10.3 GB	5.1 GB
945	a2/cce41c	2868472	NFCORE_RNASEQ:RNASEQ:MULTIQC_CUSTOM_BIOTYPE (Pd52)	COMPLETED	0	2025-08-29 13:21:51.552	854ms	0ms	106.4%	2.8 MB	5.4 MB	8.7 MB	1.1 MB
843	1d/c29039	2868133	NFCORE_RNASEQ:RNASEQ:BAM_RSEQC:RSEQC_INFEREXPERIMENT (Pd52)	COMPLETED	0	2025-08-29 13:21:50.542	3.3s	2s	370.7%	49.7 MB	5.3 GB	36.2 MB	803 B
841	df/791865	2869030	NFCORE_RNASEQ:RNASEQ:BAM_RSEQC:RSEQC_JUNCTIONSATURATION (Pd52)	COMPLETED	0	2025-08-29 13:21:53.806	2m 55s	2m 54s	105.3%	1.1 GB	6.3 GB	3.6 GB	28 KB
839	64/55a793	2873221	NFCORE_RNASEQ:RNASEQ:BAM_RSEQC:RSEQC_INNERDISTANCE (Pd52)	COMPLETED	0	2025-08-29 13:24:48.655	52s	51s	117.9%	312.6 MB	5.5 GB	497.7 MB	61.7 MB
840	af/160d89	2874889	NFCORE_RNASEQ:RNASEQ:BAM_RSEQC:RSEQC_JUNCTIONANNOTATION (Pd52)	COMPLETED	0	2025-08-29 13:25:40.698	2m 23s	2m 22s	106.5%	67.6 MB	5.3 GB	3.6 GB	36.8 MB
842	71/b1d237	2878587	NFCORE_RNASEQ:RNASEQ:BAM_RSEQC:RSEQC_READDISTRIBUTION (Pd52)	COMPLETED	0	2025-08-29 13:28:03.707	3m 36s	3m 35s	102.9%	214.8 MB	5.4 GB	3.6 GB	1.7 KB
837	87/3ef478	2883533	NFCORE_RNASEQ:RNASEQ:BAM_RSEQC:RSEQC_BAMSTAT (Pd52)	COMPLETED	0	2025-08-29 13:31:39.431	2m 53s	2m 52s	103.6%	46.4 MB	5.3 GB	3.5 GB	1.3 KB
838	6f/add348	2887756	NFCORE_RNASEQ:RNASEQ:BAM_RSEQC:RSEQC_READDUPLICATION (Pd52)	COMPLETED	0	2025-08-29 13:34:32.109	4m 50s	4m 49s	103.2%	5.7 GB	11 GB	3.6 GB	865.3 KB
844	2f/05df90	2894067	NFCORE_RNASEQ:RNASEQ:BEDGRAPH_BEDCLIP_BEDGRAPHTOBIGWIG_REVERSE:UCSC_BEDCLIP (Pd34)	COMPLETED	0	2025-08-29 13:39:21.873	4.7s	4s	87.9%	7.5 MB	18.7 MB	261.8 MB	261.7 MB
845	81/6f05a2	2894539	NFCORE_RNASEQ:RNASEQ:BEDGRAPH_BEDCLIP_BEDGRAPHTOBIGWIG_FORWARD:UCSC_BEDCLIP (Pd34)	COMPLETED	0	2025-08-29 13:39:26.547	4.9s	5s	84.6%	7.2 MB	18.7 MB	261.5 MB	261.5 MB
946	ac/365b80	2894810	NFCORE_RNASEQ:RNASEQ:BEDGRAPH_BEDCLIP_BEDGRAPHTOBIGWIG_REVERSE:UCSC_BEDGRAPHTOBIGWIG (Pd34)	COMPLETED	0	2025-08-29 13:39:27.557	14.4s	13s	99.9%	9.4 MB	24.8 MB	785.2 MB	39.4 MB
947	0b/8fe099	2895377	NFCORE_RNASEQ:RNASEQ:BEDGRAPH_BEDCLIP_BEDGRAPHTOBIGWIG_FORWARD:UCSC_BEDGRAPHTOBIGWIG (Pd34)	COMPLETED	0	2025-08-29 13:39:31.430	14.6s	14s	99.8%	9.4 MB	24.8 MB	784.5 MB	39.4 MB
847	25/232be8	2895371	NFCORE_RNASEQ:RNASEQ:ALIGN_STAR:BAM_SORT_STATS_SAMTOOLS:SAMTOOLS_SORT (Pd55)	COMPLETED	0	2025-08-29 13:39:31.422	4m 12s	4m 12s	310.1%	5.2 GB	6.2 GB	9.7 GB	6.6 GB
948	63/c9b4a4	2902700	NFCORE_RNASEQ:RNASEQ:ALIGN_STAR:BAM_SORT_STATS_SAMTOOLS:SAMTOOLS_INDEX (Pd55)	COMPLETED	0	2025-08-29 13:43:44.822	30.7s	30s	168.4%	10.3 MB	220.9 MB	3.3 GB	663.5 KB
848	d2/872537	2902401	NFCORE_RNASEQ:RNASEQ:QUANTIFY_STAR_SALMON:SALMON_QUANT (Pd55)	COMPLETED	0	2025-08-29 13:43:43.813	1m 55s	1m 54s	550.8%	3.5 GB	4.2 GB	4.9 GB	11.9 MB
849	0b/72ae30	2906408	NFCORE_RNASEQ:RNASEQ:ALIGN_STAR:BAM_SORT_STATS_SAMTOOLS:SAMTOOLS_SORT (Pd22)	COMPLETED	0	2025-08-29 13:45:38.782	4m 7s	4m 6s	322.9%	5.2 GB	6.2 GB	9.8 GB	6.7 GB
950	da/174ec8	2911927	NFCORE_RNASEQ:RNASEQ:ALIGN_STAR:BAM_SORT_STATS_SAMTOOLS:SAMTOOLS_INDEX (Pd22)	COMPLETED	0	2025-08-29 13:49:46.242	31.3s	31s	164.9%	13.8 MB	220.9 MB	3.3 GB	725.3 KB
850	a9/28988d	2911925	NFCORE_RNASEQ:RNASEQ:QUANTIFY_STAR_SALMON:SALMON_QUANT (Pd22)	COMPLETED	0	2025-08-29 13:49:46.235	2m 4s	2m 3s	554.3%	3.9 GB	4.7 GB	5.1 GB	11.9 MB
851	9b/9c0726	2916037	NFCORE_RNASEQ:RNASEQ:ALIGN_STAR:BAM_SORT_STATS_SAMTOOLS:SAMTOOLS_SORT (Pd9)	COMPLETED	0	2025-08-29 13:51:50.065	4m 7s	4m 6s	325.9%	5.2 GB	6.2 GB	9.8 GB	6.8 GB
952	8b/a70667	2921844	NFCORE_RNASEQ:RNASEQ:ALIGN_STAR:BAM_SORT_STATS_SAMTOOLS:SAMTOOLS_INDEX (Pd9)	COMPLETED	0	2025-08-29 13:55:58.045	31.2s	31s	166.2%	8.8 MB	220.9 MB	3.4 GB	669.3 KB
852	31/fcaac8	2921555	NFCORE_RNASEQ:RNASEQ:QUANTIFY_STAR_SALMON:SALMON_QUANT (Pd9)	COMPLETED	0	2025-08-29 13:55:57.036	1m 56s	1m 55s	554.5%	3.3 GB	4.2 GB	5 GB	11.9 MB
354	c1/304f52	2754361	NFCORE_RNASEQ:RNASEQ:ALIGN_STAR:STAR_ALIGN (Pd56)	COMPLETED	0	2025-08-29 12:14:06.011	1h 45m 29s	1h 45m 29s	1183.1%	9.8 GB	11.5 GB	34.4 GB	9.6 GB
853	45/54a031	2925541	NFCORE_RNASEQ:RNASEQ:ALIGN_STAR:BAM_SORT_STATS_SAMTOOLS:SAMTOOLS_SORT (Pd38)	COMPLETED	0	2025-08-29 13:57:52.954	4m 37s	4m 36s	296.8%	5.2 GB	6.2 GB	10 GB	7 GB
956	3b/1e43cd	2938348	NFCORE_RNASEQ:RNASEQ:ALIGN_STAR:BAM_SORT_STATS_SAMTOOLS:SAMTOOLS_INDEX (Pd38)	COMPLETED	0	2025-08-29 14:02:30.144	32.2s	32s	163.2%	10.3 MB	220.9 MB	3.5 GB	710.1 KB
854	d8/974baf	2938344	NFCORE_RNASEQ:RNASEQ:QUANTIFY_STAR_SALMON:SALMON_QUANT (Pd38)	COMPLETED	0	2025-08-29 14:02:30.135	1m 56s	1m 56s	543.2%	3.5 GB	4.2 GB	5 GB	11.9 MB
855	99/98bd2e	2945967	NFCORE_RNASEQ:RNASEQ:BEDTOOLS_GENOMECOV (Pd29)	COMPLETED	0	2025-08-29 14:04:26.504	6m 18s	6m 17s	106.3%	2.9 GB	3.7 GB	7.4 GB	1.1 GB
858	b4/783bef	2965786	NFCORE_RNASEQ:RNASEQ:STRINGTIE_STRINGTIE (Pd29)	COMPLETED	0	2025-08-29 14:10:44.758	2m 15s	2m 14s	121.6%	629.7 MB	1 GB	3.6 GB	103.6 MB
355	40/16f9ae	2927837	NFCORE_RNASEQ:RNASEQ:ALIGN_STAR:STAR_ALIGN (Pd46)	COMPLETED	0	2025-08-29 13:59:35.387	37m 41s	37m 41s	1138.0%	9.8 GB	11.5 GB	34.5 GB	11.8 GB
856	09/3972a7	2969279	NFCORE_RNASEQ:RNASEQ:QUALIMAP_RNASEQ (Pd29)	COMPLETED	0	2025-08-29 14:12:59.279	25m 21s	25m 18s	107.7%	3.3 GB	34.6 GB	27.2 GB	23.6 GB
860	86/f55e48	2998437	NFCORE_RNASEQ:RNASEQ:SUBREAD_FEATURECOUNTS (Pd29)	COMPLETED	0	2025-08-29 14:38:20.176	1m 25s	1m 24s	232.4%	993.3 MB	1.6 GB	10.2 GB	5.1 GB
962	75/27e29f	3003249	NFCORE_RNASEQ:RNASEQ:MULTIQC_CUSTOM_BIOTYPE (Pd29)	COMPLETED	0	2025-08-29 14:39:45.551	877ms	0ms	111.9%	2.8 MB	5.4 MB	8.7 MB	1.1 MB
862	8a/9cea47	3003243	NFCORE_RNASEQ:RNASEQ:BAM_RSEQC:RSEQC_JUNCTIONSATURATION (Pd29)	COMPLETED	0	2025-08-29 14:39:45.543	2m 37s	2m 36s	105.8%	877.5 MB	6.1 GB	3.4 GB	28 KB
866	64/98cea5	3012156	NFCORE_RNASEQ:RNASEQ:BAM_RSEQC:RSEQC_READDISTRIBUTION (Pd29)	COMPLETED	0	2025-08-29 14:42:22.359	3m 28s	3m 27s	103.1%	214.2 MB	5.4 GB	3.5 GB	1.7 KB
865	31/72689b	3023452	NFCORE_RNASEQ:RNASEQ:BAM_RSEQC:RSEQC_INFEREXPERIMENT (Pd29)	COMPLETED	0	2025-08-29 14:45:50.112	3.3s	2s	365.8%	50.1 MB	5.3 GB	40.8 MB	803 B
861	52/ed7b7b	3024138	NFCORE_RNASEQ:RNASEQ:BAM_RSEQC:RSEQC_INNERDISTANCE (Pd29)	COMPLETED	0	2025-08-29 14:45:53.407	46.2s	45s	120.4%	312.3 MB	5.5 GB	281.8 MB	61.3 MB
867	a2/0c70ba	3027598	NFCORE_RNASEQ:RNASEQ:BAM_RSEQC:RSEQC_READDUPLICATION (Pd29)	COMPLETED	0	2025-08-29 14:46:39.661	4m 45s	4m 44s	103.3%	5.6 GB	10.8 GB	3.4 GB	877.4 KB
863	5d/6c3546	3035863	NFCORE_RNASEQ:RNASEQ:BAM_RSEQC:RSEQC_BAMSTAT (Pd29)	COMPLETED	0	2025-08-29 14:51:24.764	2m 38s	2m 37s	104.0%	46 MB	5.3 GB	3.4 GB	1.3 KB
864	a1/22aaf0	3039668	NFCORE_RNASEQ:RNASEQ:BAM_RSEQC:RSEQC_JUNCTIONANNOTATION (Pd29)	COMPLETED	0	2025-08-29 14:54:02.338	2m 10s	2m 9s	107.1%	67.4 MB	5.3 GB	3.4 GB	33.2 MB
356	8e/aa2575	2993845	NFCORE_RNASEQ:RNASEQ:ALIGN_STAR:STAR_ALIGN (Pd15)	COMPLETED	0	2025-08-29 14:37:16.263	33m 22s	33m 21s	1140.7%	9.8 GB	11.5 GB	34.4 GB	11.4 GB
869	60/9d3b7d	3043341	NFCORE_RNASEQ:RNASEQ:BAM_MARKDUPLICATES_PICARD:PICARD_MARKDUPLICATES (Pd35)	COMPLETED	0	2025-08-29 14:56:11.948	16m 8s	16m 6s	108.6%	21 GB	33.6 GB	6.9 GB	3.7 GB
870	11/56cbea	3067813	NFCORE_RNASEQ:RNASEQ:ALIGN_STAR:BAM_SORT_STATS_SAMTOOLS:SAMTOOLS_SORT (Pd12)	COMPLETED	0	2025-08-29 15:12:19.767	11m 25s	11m 24s	118.7%	5.2 GB	6.2 GB	9.9 GB	6.8 GB
871	0c/c80b79	3102625	NFCORE_RNASEQ:RNASEQ:QUANTIFY_STAR_SALMON:SALMON_QUANT (Pd12)	COMPLETED	0	2025-08-29 15:23:45.543	4m 6s	4m 5s	266.0%	3.6 GB	4.7 GB	5.1 GB	11.9 MB
872	f7/5575a2	3108269	NFCORE_RNASEQ:RNASEQ:ALIGN_STAR:BAM_SORT_STATS_SAMTOOLS:SAMTOOLS_SORT (Pd2)	COMPLETED	0	2025-08-29 15:27:51.767	10m 30s	10m 29s	114.4%	5.2 GB	6.2 GB	8.6 GB	5.8 GB
357	d5/2dd205	3061695	NFCORE_RNASEQ:RNASEQ:ALIGN_STAR:STAR_ALIGN (Pd75)	COMPLETED	0	2025-08-29 15:10:38.169	29m 22s	29m 21s	818.0%	9.8 GB	11.5 GB	34.5 GB	10.7 GB
965	3d/8c3ffe	3068118	NFCORE_RNASEQ:RNASEQ:DUPRADAR (Pd35)	COMPLETED	0	2025-08-29 15:12:20.777	28m 30s	28m 29s	66.4%	443.2 MB	5.6 GB	62.8 GB	36.2 GB
969	03/cbf516	3129060	NFCORE_RNASEQ:RNASEQ:BAM_MARKDUPLICATES_PICARD:SAMTOOLS_INDEX (Pd35)	COMPLETED	0	2025-08-29 15:40:50.965	1m 5s	1m 4s	102.7%	9.4 MB	220.9 MB	3.7 GB	681.1 KB
873	de/6b9abd	3121732	NFCORE_RNASEQ:RNASEQ:QUANTIFY_STAR_SALMON:SALMON_QUANT (Pd2)	COMPLETED	0	2025-08-29 15:38:21.712	3m 59s	3m 57s	256.5%	2.9 GB	3.7 GB	3.4 GB	11.9 MB
971	50/bf9f2b	3133642	NFCORE_RNASEQ:RNASEQ:ALIGN_STAR:BAM_SORT_STATS_SAMTOOLS:SAMTOOLS_INDEX (Pd12)	COMPLETED	0	2025-08-29 15:41:56.186	31.5s	31s	166.3%	8.8 MB	220.9 MB	3.4 GB	740.9 KB
874	fa/2cd352	3135956	NFCORE_RNASEQ:RNASEQ:BEDGRAPH_BEDCLIP_BEDGRAPHTOBIGWIG_FORWARD:UCSC_BEDCLIP (Pd11)	COMPLETED	0	2025-08-29 15:42:20.247	8.3s	8s	77.3%	7.5 MB	18.7 MB	387.7 MB	387.6 MB
875	d7/6ceb40	3137178	NFCORE_RNASEQ:RNASEQ:BEDGRAPH_BEDCLIP_BEDGRAPHTOBIGWIG_REVERSE:UCSC_BEDCLIP (Pd11)	COMPLETED	0	2025-08-29 15:42:28.555	11.3s	11s	58.4%	6.9 MB	18.7 MB	387.9 MB	387.8 MB
973	14/168550	3136861	NFCORE_RNASEQ:RNASEQ:ALIGN_STAR:BAM_SORT_STATS_SAMTOOLS:SAMTOOLS_INDEX (Pd2)	COMPLETED	0	2025-08-29 15:42:27.675	25.3s	24s	175.4%	9.1 MB	220.9 MB	2.7 GB	551.4 KB
985	75/e96b54	3141033	NFCORE_RNASEQ:RNASEQ:BEDGRAPH_BEDCLIP_BEDGRAPHTOBIGWIG_REVERSE:UCSC_BEDGRAPHTOBIGWIG (Pd11)	COMPLETED	0	2025-08-29 15:42:53.015	24.1s	23s	100.1%	54.1 MB	70 MB	1.1 GB	71.1 MB
984	32/77bf6d	3141032	NFCORE_RNASEQ:RNASEQ:BEDGRAPH_BEDCLIP_BEDGRAPHTOBIGWIG_FORWARD:UCSC_BEDGRAPHTOBIGWIG (Pd11)	COMPLETED	0	2025-08-29 15:42:53.011	24.2s	23s	100.2%	54.1 MB	69.8 MB	1.1 GB	71 MB
358	d8/4d7449	3124572	NFCORE_RNASEQ:RNASEQ:ALIGN_STAR:STAR_ALIGN (Pd72)	COMPLETED	0	2025-08-29 15:40:00.149	16m 54s	16m 53s	927.6%	9.8 GB	11.5 GB	34.4 GB	12.1 GB
880	82/35a013	3138856	NFCORE_RNASEQ:RNASEQ:BAM_MARKDUPLICATES_PICARD:PICARD_MARKDUPLICATES (Pd16)	COMPLETED	0	2025-08-29 15:42:39.855	14m 40s	14m 38s	107.7%	21.1 GB	33.6 GB	6.3 GB	3.3 GB
992	46/269f70	3177798	NFCORE_RNASEQ:RNASEQ:BAM_MARKDUPLICATES_PICARD:SAMTOOLS_INDEX (Pd16)	COMPLETED	0	2025-08-29 15:57:21.208	30.7s	30s	175.5%	11.6 MB	220.9 MB	3.3 GB	778.5 KB
881	d5/309bb4	3177529	NFCORE_RNASEQ:RNASEQ:ALIGN_STAR:BAM_SORT_STATS_SAMTOOLS:SAMTOOLS_SORT (Pd28)	COMPLETED	0	2025-08-29 15:57:20.201	4m 25s	4m 25s	248.7%	5.2 GB	6.2 GB	7.7 GB	5.1 GB
882	c1/fd45e0	3195627	NFCORE_RNASEQ:RNASEQ:QUANTIFY_STAR_SALMON:SALMON_QUANT (Pd28)	COMPLETED	0	2025-08-29 16:01:45.405	1m 32s	1m 31s	510.8%	2.9 GB	3.7 GB	3.3 GB	11.9 MB
988	52/6bdf9a	3180617	NFCORE_RNASEQ:RNASEQ:DUPRADAR (Pd16)	COMPLETED	0	2025-08-29 15:57:51.872	10m 1s	10m	102.7%	378.6 MB	5.5 GB	23.9 GB	7.6 GB
1001	78/4974c1	3219978	NFCORE_RNASEQ:RNASEQ:ALIGN_STAR:BAM_SORT_STATS_SAMTOOLS:SAMTOOLS_INDEX (Pd28)	COMPLETED	0	2025-08-29 16:07:52.806	24.1s	23s	176.3%	13.1 MB	220.9 MB	2.7 GB	575.8 KB
884	ee/cfa61c	3201904	NFCORE_RNASEQ:RNASEQ:BEDTOOLS_GENOMECOV (Pd49)	COMPLETED	0	2025-08-29 16:03:17.262	7m 11s	7m 9s	102.9%	3.7 GB	4.8 GB	7.8 GB	1.4 GB
359	aa/8994b8	3174563	NFCORE_RNASEQ:RNASEQ:ALIGN_STAR:STAR_ALIGN (Pd20)	COMPLETED	0	2025-08-29 15:56:53.841	26m 51s	26m 50s	1111.7%	9.8 GB	11.5 GB	34.5 GB	11.3 GB
883	03/a3065c	3224734	NFCORE_RNASEQ:RNASEQ:QUALIMAP_RNASEQ (Pd49)	COMPLETED	0	2025-08-29 16:10:28.002	27m 47s	27m 44s	105.5%	3.5 GB	34.6 GB	28.4 GB	24.7 GB
885	50/7281b1	3271683	NFCORE_RNASEQ:RNASEQ:STRINGTIE_STRINGTIE (Pd49)	COMPLETED	0	2025-08-29 16:38:15.215	2m 29s	2m 29s	121.0%	739.6 MB	1 GB	3.8 GB	106.5 MB
888	1b/fec4df	3275339	NFCORE_RNASEQ:RNASEQ:SUBREAD_FEATURECOUNTS (Pd49)	COMPLETED	0	2025-08-29 16:40:44.642	53.1s	51s	334.8%	922.4 MB	1.4 GB	8 GB	3.3 GB
1007	af/457d43	3277480	NFCORE_RNASEQ:RNASEQ:MULTIQC_CUSTOM_BIOTYPE (Pd49)	COMPLETED	0	2025-08-29 16:41:38.716	845ms	0ms	106.3%	4.7 MB	10.2 MB	8.7 MB	1.1 MB
890	18/9ebd68	3277179	NFCORE_RNASEQ:RNASEQ:BAM_MARKDUPLICATES_PICARD:PICARD_MARKDUPLICATES (Pd66)	COMPLETED	0	2025-08-29 16:41:37.706	15m 30s	15m 28s	110.2%	23.5 GB	33.6 GB	6.5 GB	3.5 GB
360	78/cd816f	3241892	NFCORE_RNASEQ:RNASEQ:ALIGN_STAR:STAR_ALIGN (Pd27)	COMPLETED	0	2025-08-29 16:23:44.889	39m	38m 59s	1162.1%	9.8 GB	11.5 GB	34.5 GB	9.9 GB
893	da/322665	3296722	NFCORE_RNASEQ:RNASEQ:BAM_RSEQC:RSEQC_JUNCTIONSATURATION (Pd49)	COMPLETED	0	2025-08-29 16:57:07.394	9m 19s	9m 18s	36.7%	1 GB	6.2 GB	3.6 GB	28 KB
895	60/cbbf94	3323233	NFCORE_RNASEQ:RNASEQ:BAM_RSEQC:RSEQC_READDISTRIBUTION (Pd49)	COMPLETED	0	2025-08-29 17:06:26.471	3m 52s	3m 51s	103.2%	214.6 MB	5.4 GB	3.6 GB	1.7 KB
896	e6/dd99b5	3336077	NFCORE_RNASEQ:RNASEQ:BAM_RSEQC:RSEQC_JUNCTIONANNOTATION (Pd49)	COMPLETED	0	2025-08-29 17:10:18.660	2m 26s	2m 25s	106.9%	69 MB	5.3 GB	3.6 GB	38.3 MB
897	d8/7882d6	3344460	NFCORE_RNASEQ:RNASEQ:BAM_RSEQC:RSEQC_INFEREXPERIMENT (Pd49)	COMPLETED	0	2025-08-29 17:12:44.620	3.1s	2s	368.8%	49.9 MB	5.3 GB	36.3 MB	803 B
894	34/b16b24	3345190	NFCORE_RNASEQ:RNASEQ:BAM_RSEQC:RSEQC_BAMSTAT (Pd49)	COMPLETED	0	2025-08-29 17:12:47.721	3m	2m 59s	104.0%	45.6 MB	5.3 GB	3.6 GB	1.3 KB
891	d6/6c720c	3349608	NFCORE_RNASEQ:RNASEQ:BAM_RSEQC:RSEQC_READDUPLICATION (Pd49)	COMPLETED	0	2025-08-29 17:15:47.332	4m 58s	4m 58s	103.4%	7.5 GB	12.7 GB	3.6 GB	816.5 KB
892	4e/9126fc	3356410	NFCORE_RNASEQ:RNASEQ:BAM_RSEQC:RSEQC_INNERDISTANCE (Pd49)	COMPLETED	0	2025-08-29 17:20:45.495	46.6s	45s	120.7%	312 MB	5.5 GB	253.7 MB	61.7 MB
1010	7e/b5266c	3297066	NFCORE_RNASEQ:RNASEQ:DUPRADAR (Pd66)	COMPLETED	0	2025-08-29 16:57:08.399	28m 23s	28m 22s	67.8%	494.5 MB	5.6 GB	66.3 GB	39.4 GB
899	a9/54dab2	3358029	NFCORE_RNASEQ:RNASEQ:BEDGRAPH_BEDCLIP_BEDGRAPHTOBIGWIG_REVERSE:UCSC_BEDCLIP (Pd40)	COMPLETED	0	2025-08-29 17:21:32.143	4m 2s	4m 1s	3.2%	7.2 MB	18.7 MB	375.9 MB	375.8 MB
898	87/b1950b	3363969	NFCORE_RNASEQ:RNASEQ:BEDGRAPH_BEDCLIP_BEDGRAPHTOBIGWIG_FORWARD:UCSC_BEDCLIP (Pd40)	COMPLETED	0	2025-08-29 17:25:33.906	8.7s	8s	66.2%	7.5 MB	18.7 MB	376 MB	376 MB
1012	c2/627b51	3363542	NFCORE_RNASEQ:RNASEQ:BAM_MARKDUPLICATES_PICARD:SAMTOOLS_INDEX (Pd66)	COMPLETED	0	2025-08-29 17:25:31.741	31s	30s	170.8%	8.4 MB	220.9 MB	3.5 GB	601.1 KB
1016	7b/3358f5	3367024	NFCORE_RNASEQ:RNASEQ:BEDGRAPH_BEDCLIP_BEDGRAPHTOBIGWIG_REVERSE:UCSC_BEDGRAPHTOBIGWIG (Pd40)	COMPLETED	0	2025-08-29 17:26:02.758	20.2s	19s	100.0%	19.7 MB	35.3 MB	1.1 GB	55.6 MB
1017	68/668a15	3367026	NFCORE_RNASEQ:RNASEQ:BEDGRAPH_BEDCLIP_BEDGRAPHTOBIGWIG_FORWARD:UCSC_BEDGRAPHTOBIGWIG (Pd40)	COMPLETED	0	2025-08-29 17:26:02.765	20.2s	19s	100.0%	19.7 MB	35.1 MB	1.1 GB	55.6 MB
904	6f/04257d	3365224	NFCORE_RNASEQ:RNASEQ:BAM_MARKDUPLICATES_PICARD:PICARD_MARKDUPLICATES (Pd32)	COMPLETED	0	2025-08-29 17:25:42.626	14m 36s	14m 34s	109.6%	20.4 GB	33.6 GB	6.2 GB	3.3 GB
1027	8b/81e813	3384553	NFCORE_RNASEQ:RNASEQ:BAM_MARKDUPLICATES_PICARD:SAMTOOLS_INDEX (Pd32)	COMPLETED	0	2025-08-29 17:40:19.305	30.1s	30s	173.5%	14.4 MB	220.9 MB	3.3 GB	682.1 KB
905	cc/6e2ccf	3384268	NFCORE_RNASEQ:RNASEQ:ALIGN_STAR:BAM_SORT_STATS_SAMTOOLS:SAMTOOLS_SORT (Pd21)	COMPLETED	0	2025-08-29 17:40:18.296	6m 21s	6m 21s	223.3%	5.2 GB	6.2 GB	10 GB	6.8 GB
906	6a/2e7629	3397256	NFCORE_RNASEQ:RNASEQ:QUANTIFY_STAR_SALMON:SALMON_QUANT (Pd21)	COMPLETED	0	2025-08-29 17:46:39.576	1m 57s	1m 56s	507.3%	3.4 GB	4.2 GB	4.6 GB	11.9 MB
907	a7/3bfec7	3401348	NFCORE_RNASEQ:RNASEQ:ALIGN_STAR:BAM_SORT_STATS_SAMTOOLS:SAMTOOLS_SORT (Pd69)	COMPLETED	0	2025-08-29 17:48:36.581	6m 16s	6m 15s	222.2%	5.2 GB	6.2 GB	10.1 GB	7.1 GB
1028	5b/940b4c	3386417	NFCORE_RNASEQ:RNASEQ:DUPRADAR (Pd32)	COMPLETED	0	2025-08-29 17:40:49.452	14m 47s	14m 46s	96.0%	434.6 MB	5.6 GB	45.7 GB	24.6 GB
1038	7c/d48c46	3412128	NFCORE_RNASEQ:RNASEQ:ALIGN_STAR:BAM_SORT_STATS_SAMTOOLS:SAMTOOLS_INDEX (Pd21)	COMPLETED	0	2025-08-29 17:55:36.578	31.3s	31s	167.0%	11.6 MB	220.9 MB	3.2 GB	681.2 KB
1040	69/7fc78b	3413701	NFCORE_RNASEQ:RNASEQ:ALIGN_STAR:BAM_SORT_STATS_SAMTOOLS:SAMTOOLS_INDEX (Pd69)	COMPLETED	0	2025-08-29 17:56:07.845	33.8s	33s	160.4%	9.1 MB	220.9 MB	3.5 GB	744.4 KB
908	be/be3aee	3410280	NFCORE_RNASEQ:RNASEQ:QUANTIFY_STAR_SALMON:SALMON_QUANT (Pd69)	COMPLETED	0	2025-08-29 17:54:52.415	2m 9s	2m 8s	547.0%	3.7 GB	4.7 GB	5.3 GB	11.9 MB
911	87/87923e	3415663	NFCORE_RNASEQ:RNASEQ:BEDGRAPH_BEDCLIP_BEDGRAPHTOBIGWIG_FORWARD:UCSC_BEDCLIP (Pd31)	COMPLETED	0	2025-08-29 17:57:01.294	6.6s	6s	88.8%	7.2 MB	18.7 MB	402.6 MB	402.5 MB
910	23/f69375	3416462	NFCORE_RNASEQ:RNASEQ:BEDGRAPH_BEDCLIP_BEDGRAPHTOBIGWIG_REVERSE:UCSC_BEDCLIP (Pd31)	COMPLETED	0	2025-08-29 17:57:07.934	10.4s	10s	63.4%	6.9 MB	18.7 MB	402.8 MB	402.7 MB
913	0f/7f4a19	3417845	NFCORE_RNASEQ:RNASEQ:BEDGRAPH_BEDCLIP_BEDGRAPHTOBIGWIG_REVERSE:UCSC_BEDCLIP (Pd26)	COMPLETED	0	2025-08-29 17:57:18.352	11s	11s	62.0%	6.9 MB	18.7 MB	447.3 MB	447.2 MB
1042	6a/fea191	3416465	NFCORE_RNASEQ:RNASEQ:BEDGRAPH_BEDCLIP_BEDGRAPHTOBIGWIG_FORWARD:UCSC_BEDGRAPHTOBIGWIG (Pd31)	COMPLETED	0	2025-08-29 17:57:07.942	21.6s	21s	100.1%	9.7 MB	25 MB	1.2 GB	59.1 MB
1043	0b/768c43	3417853	NFCORE_RNASEQ:RNASEQ:BEDGRAPH_BEDCLIP_BEDGRAPHTOBIGWIG_REVERSE:UCSC_BEDGRAPHTOBIGWIG (Pd31)	COMPLETED	0	2025-08-29 17:57:18.360	21.7s	21s	100.0%	9.4 MB	25 MB	1.2 GB	59.1 MB
912	3f/6efa06	3419450	NFCORE_RNASEQ:RNASEQ:BEDGRAPH_BEDCLIP_BEDGRAPHTOBIGWIG_FORWARD:UCSC_BEDCLIP (Pd26)	COMPLETED	0	2025-08-29 17:57:29.309	11.6s	11s	57.6%	7.5 MB	18.7 MB	446.7 MB	446.6 MB
1044	ac/f7b2f4	3419639	NFCORE_RNASEQ:RNASEQ:BEDGRAPH_BEDCLIP_BEDGRAPHTOBIGWIG_REVERSE:UCSC_BEDGRAPHTOBIGWIG (Pd26)	COMPLETED	0	2025-08-29 17:57:29.567	28.3s	27s	100.1%	65.3 MB	80.9 MB	1.3 GB	81.7 MB
1045	9a/63eeaa	3421642	NFCORE_RNASEQ:RNASEQ:BEDGRAPH_BEDCLIP_BEDGRAPHTOBIGWIG_FORWARD:UCSC_BEDGRAPHTOBIGWIG (Pd26)	COMPLETED	0	2025-08-29 17:57:41.870	51.1s	50s	65.6%	61.6 MB	77.5 MB	1.3 GB	81.7 MB
915	4a/b6f24b	3421323	NFCORE_RNASEQ:RNASEQ:ALIGN_STAR:BAM_SORT_STATS_SAMTOOLS:SAMTOOLS_SORT (Pd57)	COMPLETED	0	2025-08-29 17:57:40.864	4m 18s	4m 17s	294.0%	5.2 GB	6.2 GB	9.2 GB	6.1 GB
1046	3b/ac4759	3427955	NFCORE_RNASEQ:RNASEQ:ALIGN_STAR:BAM_SORT_STATS_SAMTOOLS:SAMTOOLS_INDEX (Pd57)	COMPLETED	0	2025-08-29 18:02:00.199	30.3s	30s	168.4%	9.4 MB	220.9 MB	3.1 GB	558.4 KB
916	46/e5ede7	3427666	NFCORE_RNASEQ:RNASEQ:QUANTIFY_STAR_SALMON:SALMON_QUANT (Pd57)	COMPLETED	0	2025-08-29 18:01:59.189	1m 49s	1m 49s	546.4%	3.6 GB	4.7 GB	4.3 GB	11.9 MB
917	5e/d4c001	3431609	NFCORE_RNASEQ:RNASEQ:STRINGTIE_STRINGTIE (Pd6)	COMPLETED	0	2025-08-29 18:03:48.616	2m 29s	2m 28s	119.9%	733.5 MB	1.1 GB	3.5 GB	106.4 MB
921	72/2817a6	3435255	NFCORE_RNASEQ:RNASEQ:BEDTOOLS_GENOMECOV (Pd6)	COMPLETED	0	2025-08-29 18:06:17.965	6m 24s	6m 22s	109.7%	3.6 GB	4.6 GB	7.4 GB	1.3 GB
922	f8/9a2bab	3445314	NFCORE_RNASEQ:RNASEQ:SUBREAD_FEATURECOUNTS (Pd6)	COMPLETED	0	2025-08-29 18:12:41.542	1m 11s	1m 10s	273.0%	998.6 MB	1.5 GB	9.8 GB	4.8 GB
1050	f2/f70888	3447889	NFCORE_RNASEQ:RNASEQ:MULTIQC_CUSTOM_BIOTYPE (Pd6)	COMPLETED	0	2025-08-29 18:13:53.520	919ms	1s	96.9%	4.7 MB	10.2 MB	8.7 MB	1.1 MB
918	50/a0082b	3447590	NFCORE_RNASEQ:RNASEQ:QUALIMAP_RNASEQ (Pd6)	COMPLETED	0	2025-08-29 18:13:52.512	27m 17s	27m 15s	94.0%	3.1 GB	34.7 GB	27.8 GB	24.3 GB
925	28/acebf8	3474407	NFCORE_RNASEQ:RNASEQ:BAM_RSEQC:RSEQC_INFEREXPERIMENT (Pd6)	COMPLETED	0	2025-08-29 18:41:09.465	3.1s	2s	376.9%	50.3 MB	5.3 GB	34.9 MB	802 B
926	3b/3d4285	3474916	NFCORE_RNASEQ:RNASEQ:BAM_RSEQC:RSEQC_BAMSTAT (Pd6)	COMPLETED	0	2025-08-29 18:41:12.563	2m 50s	2m 49s	103.3%	45.9 MB	5.3 GB	3.4 GB	1.3 KB
923	35/71e2ba	3479150	NFCORE_RNASEQ:RNASEQ:BAM_RSEQC:RSEQC_READDISTRIBUTION (Pd6)	COMPLETED	0	2025-08-29 18:44:02.704	3m 37s	3m 36s	102.9%	215 MB	5.4 GB	3.4 GB	1.7 KB
928	af/5dbf3c	3484133	NFCORE_RNASEQ:RNASEQ:BAM_RSEQC:RSEQC_JUNCTIONSATURATION (Pd6)	COMPLETED	0	2025-08-29 18:47:39.523	2m 45s	2m 43s	105.7%	1 GB	6.2 GB	3.4 GB	28 KB
924	e7/3fa230	3488044	NFCORE_RNASEQ:RNASEQ:BAM_RSEQC:RSEQC_JUNCTIONANNOTATION (Pd6)	COMPLETED	0	2025-08-29 18:50:24.266	2m 23s	2m 23s	106.5%	68.6 MB	5.3 GB	3.4 GB	37 MB
927	ed/531292	3491735	NFCORE_RNASEQ:RNASEQ:BAM_RSEQC:RSEQC_READDUPLICATION (Pd6)	COMPLETED	0	2025-08-29 18:52:47.351	4m 40s	4m 40s	103.3%	6.3 GB	11.6 GB	3.4 GB	855.6 KB
929	a4/acb504	3497946	NFCORE_RNASEQ:RNASEQ:BAM_RSEQC:RSEQC_INNERDISTANCE (Pd6)	COMPLETED	0	2025-08-29 18:57:27.586	48.5s	47s	119.3%	312.4 MB	5.5 GB	334 MB	61.4 MB
933	f8/317311	3499872	NFCORE_RNASEQ:RNASEQ:STRINGTIE_STRINGTIE (Pd45)	COMPLETED	0	2025-08-29 18:58:16.093	2m 41s	2m 41s	120.0%	616.7 MB	976 MB	3.7 GB	106.5 MB
932	85/1ff2ad	3503633	NFCORE_RNASEQ:RNASEQ:BEDTOOLS_GENOMECOV (Pd45)	COMPLETED	0	2025-08-29 19:00:57.273	6m 24s	6m 23s	110.2%	3.4 GB	4.2 GB	7.7 GB	1.2 GB
361	72/97e21d	3308097	NFCORE_RNASEQ:RNASEQ:ALIGN_STAR:STAR_ALIGN (Pd63)	COMPLETED	0	2025-08-29 17:02:45.216	2h 19m 29s	2h 19m 29s	1099.3%	9.8 GB	11.5 GB	34.4 GB	8 GB
930	d8/31041e	3513938	NFCORE_RNASEQ:RNASEQ:QUALIMAP_RNASEQ (Pd45)	COMPLETED	0	2025-08-29 19:07:21.672	27m 22s	27m 20s	107.2%	3.3 GB	34.7 GB	28.7 GB	24.9 GB
935	3a/53703a	3561457	NFCORE_RNASEQ:RNASEQ:SUBREAD_FEATURECOUNTS (Pd45)	COMPLETED	0	2025-08-29 19:34:43.471	1m 31s	1m 30s	211.5%	938.2 MB	1.6 GB	9.3 GB	4.3 GB
1055	08/f8eb25	3564288	NFCORE_RNASEQ:RNASEQ:MULTIQC_CUSTOM_BIOTYPE (Pd45)	COMPLETED	0	2025-08-29 19:36:15.516	884ms	1s	112.7%	2.5 MB	5.4 MB	8.7 MB	1.1 MB
939	14/460b60	3563949	NFCORE_RNASEQ:RNASEQ:BAM_RSEQC:RSEQC_READDUPLICATION (Pd45)	COMPLETED	0	2025-08-29 19:36:14.510	5m 1s	5m	103.1%	6.4 GB	11.6 GB	3.6 GB	800.5 KB
938	52/dee18b	3570934	NFCORE_RNASEQ:RNASEQ:BAM_RSEQC:RSEQC_JUNCTIONSATURATION (Pd45)	COMPLETED	0	2025-08-29 19:41:15.866	2m 54s	2m 53s	105.4%	1.1 GB	6.4 GB	3.6 GB	28 KB
941	fe/4e20c7	3575207	NFCORE_RNASEQ:RNASEQ:BAM_RSEQC:RSEQC_INNERDISTANCE (Pd45)	COMPLETED	0	2025-08-29 19:44:09.975	48.7s	48s	119.2%	312 MB	5.5 GB	374 MB	61.4 MB
936	67/1c4263	3576872	NFCORE_RNASEQ:RNASEQ:BAM_RSEQC:RSEQC_READDISTRIBUTION (Pd45)	COMPLETED	0	2025-08-29 19:44:58.712	3m 54s	3m 53s	102.7%	214.7 MB	5.4 GB	3.6 GB	1.7 KB
940	b1/7314c1	3582275	NFCORE_RNASEQ:RNASEQ:BAM_RSEQC:RSEQC_JUNCTIONANNOTATION (Pd45)	COMPLETED	0	2025-08-29 19:48:52.435	2m 26s	2m 25s	106.4%	69.1 MB	5.3 GB	3.6 GB	37.5 MB
937	f4/146443	3586043	NFCORE_RNASEQ:RNASEQ:BAM_RSEQC:RSEQC_BAMSTAT (Pd45)	COMPLETED	0	2025-08-29 19:51:18.287	2m 59s	2m 59s	103.5%	44.7 MB	5.3 GB	3.6 GB	1.3 KB
942	66/bf09fb	3590073	NFCORE_RNASEQ:RNASEQ:BAM_RSEQC:RSEQC_INFEREXPERIMENT (Pd45)	COMPLETED	0	2025-08-29 19:54:17.502	3.2s	2s	367.7%	50.1 MB	5.3 GB	36.3 MB	803 B
944	55/a55d66	3590952	NFCORE_RNASEQ:RNASEQ:BEDGRAPH_BEDCLIP_BEDGRAPHTOBIGWIG_REVERSE:UCSC_BEDCLIP (Pd52)	COMPLETED	0	2025-08-29 19:54:20.703	5s	4s	91.8%	7.2 MB	18.7 MB	299.4 MB	299.3 MB
943	4f/36072a	3591349	NFCORE_RNASEQ:RNASEQ:BEDGRAPH_BEDCLIP_BEDGRAPHTOBIGWIG_FORWARD:UCSC_BEDCLIP (Pd52)	COMPLETED	0	2025-08-29 19:54:25.671	5.7s	5s	81.6%	7.2 MB	18.7 MB	299.3 MB	299.2 MB
1056	ca/701441	3591604	NFCORE_RNASEQ:RNASEQ:BEDGRAPH_BEDCLIP_BEDGRAPHTOBIGWIG_REVERSE:UCSC_BEDGRAPHTOBIGWIG (Pd52)	COMPLETED	0	2025-08-29 19:54:26.679	19.3s	18s	100.2%	46.2 MB	61.7 MB	897.9 MB	57.4 MB
1057	65/659b03	3592235	NFCORE_RNASEQ:RNASEQ:BEDGRAPH_BEDCLIP_BEDGRAPHTOBIGWIG_FORWARD:UCSC_BEDGRAPHTOBIGWIG (Pd52)	COMPLETED	0	2025-08-29 19:54:31.405	19.1s	19s	100.1%	47.2 MB	62.4 MB	897.8 MB	57.4 MB
949	48/a0b2e9	3592229	NFCORE_RNASEQ:RNASEQ:BAM_MARKDUPLICATES_PICARD:PICARD_MARKDUPLICATES (Pd55)	COMPLETED	0	2025-08-29 19:54:31.397	14m 51s	14m 49s	109.3%	20.7 GB	33.6 GB	6.6 GB	3.5 GB
1061	32/151130	3612643	NFCORE_RNASEQ:RNASEQ:BAM_MARKDUPLICATES_PICARD:SAMTOOLS_INDEX (Pd55)	COMPLETED	0	2025-08-29 20:09:23.335	31s	31s	171.5%	10 MB	220.9 MB	3.5 GB	673.3 KB
362	92/916928	3532006	NFCORE_RNASEQ:RNASEQ:ALIGN_STAR:STAR_ALIGN (Pd7)	COMPLETED	0	2025-08-29 19:22:14.530	52m 59s	52m 58s	1171.9%	9.8 GB	11.5 GB	34.4 GB	11.2 GB
1059	ae/d844aa	3615274	NFCORE_RNASEQ:RNASEQ:DUPRADAR (Pd55)	COMPLETED	0	2025-08-29 20:09:54.321	12m 57s	12m 56s	94.9%	412.8 MB	5.6 GB	37.8 GB	17.8 GB
951	dc/dd655d	3612348	NFCORE_RNASEQ:RNASEQ:BAM_MARKDUPLICATES_PICARD:PICARD_MARKDUPLICATES (Pd22)	COMPLETED	0	2025-08-29 20:09:22.327	16m 36s	16m 34s	101.3%	21 GB	33.6 GB	6.6 GB	3.5 GB
1073	e9/5f4c7b	3660909	NFCORE_RNASEQ:RNASEQ:BAM_MARKDUPLICATES_PICARD:SAMTOOLS_INDEX (Pd22)	COMPLETED	0	2025-08-29 20:25:58.432	31.2s	31s	169.7%	12.8 MB	220.9 MB	3.5 GB	736.5 KB
1077	b1/d10f28	3663793	NFCORE_RNASEQ:RNASEQ:DUPRADAR (Pd22)	COMPLETED	0	2025-08-29 20:26:29.597	10m 49s	10m 47s	96.4%	394.4 MB	5.6 GB	26.6 GB	9.1 GB
953	56/fbe13f	3660902	NFCORE_RNASEQ:RNASEQ:BAM_MARKDUPLICATES_PICARD:PICARD_MARKDUPLICATES (Pd9)	COMPLETED	0	2025-08-29 20:25:58.423	15m 25s	15m 22s	107.7%	21.1 GB	33.6 GB	6.8 GB	3.6 GB
1087	8e/bba81b	3688452	NFCORE_RNASEQ:RNASEQ:BAM_MARKDUPLICATES_PICARD:SAMTOOLS_INDEX (Pd9)	COMPLETED	0	2025-08-29 20:41:24.151	31.5s	31s	171.9%	8.4 MB	220.9 MB	3.6 GB	676.8 KB
954	da/730edd	3688184	NFCORE_RNASEQ:RNASEQ:ALIGN_STAR:BAM_SORT_STATS_SAMTOOLS:SAMTOOLS_SORT (Pd56)	COMPLETED	0	2025-08-29 20:41:23.142	5m 12s	5m 12s	239.5%	5.2 GB	6.2 GB	8.9 GB	6 GB
955	6c/2864e7	3699581	NFCORE_RNASEQ:RNASEQ:QUANTIFY_STAR_SALMON:SALMON_QUANT (Pd56)	COMPLETED	0	2025-08-29 20:46:35.374	1m 59s	1m 59s	494.3%	3.7 GB	4.7 GB	4 GB	11.9 MB
1086	51/14e210	3690433	NFCORE_RNASEQ:RNASEQ:DUPRADAR (Pd9)	COMPLETED	0	2025-08-29 20:41:55.633	10m 45s	10m 44s	102.1%	450.8 MB	5.6 GB	28.7 GB	10.5 GB
1099	21/31feba	3713315	NFCORE_RNASEQ:RNASEQ:ALIGN_STAR:BAM_SORT_STATS_SAMTOOLS:SAMTOOLS_INDEX (Pd56)	COMPLETED	0	2025-08-29 20:52:40.401	26.4s	26s	174.4%	10.3 MB	220.9 MB	2.9 GB	569.4 KB
363	f7/42f6fe	3627140	NFCORE_RNASEQ:RNASEQ:ALIGN_STAR:STAR_ALIGN (Pd14)	COMPLETED	0	2025-08-29 20:15:13.494	43m 25s	43m 25s	1148.5%	9.8 GB	11.5 GB	34.5 GB	10.8 GB
957	cf/656bdc	3703993	NFCORE_RNASEQ:RNASEQ:BAM_MARKDUPLICATES_PICARD:PICARD_MARKDUPLICATES (Pd38)	COMPLETED	0	2025-08-29 20:48:34.357	15m 52s	15m 50s	106.6%	21.2 GB	33.6 GB	7 GB	3.7 GB
959	13/c60a05	3739030	NFCORE_RNASEQ:RNASEQ:BEDGRAPH_BEDCLIP_BEDGRAPHTOBIGWIG_REVERSE:UCSC_BEDCLIP (Pd29)	COMPLETED	0	2025-08-29 21:04:26.388	5.9s	6s	81.7%	7.5 MB	18.7 MB	271.8 MB	271.7 MB
958	54/889b25	3740172	NFCORE_RNASEQ:RNASEQ:BEDGRAPH_BEDCLIP_BEDGRAPHTOBIGWIG_FORWARD:UCSC_BEDCLIP (Pd29)	COMPLETED	0	2025-08-29 21:04:32.261	5.8s	5s	80.4%	7.5 MB	18.7 MB	271.7 MB	271.6 MB
1104	9a/fb8e5c	3739296	NFCORE_RNASEQ:RNASEQ:BAM_MARKDUPLICATES_PICARD:SAMTOOLS_INDEX (Pd38)	COMPLETED	0	2025-08-29 21:04:27.394	32.7s	32s	172.8%	9.4 MB	220.9 MB	3.7 GB	719.4 KB
1109	99/cbfdb3	3743302	NFCORE_RNASEQ:RNASEQ:BEDGRAPH_BEDCLIP_BEDGRAPHTOBIGWIG_REVERSE:UCSC_BEDGRAPHTOBIGWIG (Pd29)	COMPLETED	0	2025-08-29 21:05:00.145	15.1s	15s	100.0%	9.7 MB	24.9 MB	815.1 MB	41.1 MB
1110	a3/861f1e	3745750	NFCORE_RNASEQ:RNASEQ:BEDGRAPH_BEDCLIP_BEDGRAPHTOBIGWIG_FORWARD:UCSC_BEDGRAPHTOBIGWIG (Pd29)	COMPLETED	0	2025-08-29 21:05:15.256	14.7s	14s	99.9%	9.7 MB	24.8 MB	815 MB	41.1 MB
960	e2/eff4ae	3741196	NFCORE_RNASEQ:RNASEQ:ALIGN_STAR:BAM_SORT_STATS_SAMTOOLS:SAMTOOLS_SORT (Pd46)	COMPLETED	0	2025-08-29 21:04:38.062	6m 21s	6m 20s	213.0%	5.2 GB	6.2 GB	9.8 GB	6.7 GB
961	e5/2ab166	3764226	NFCORE_RNASEQ:RNASEQ:QUANTIFY_STAR_SALMON:SALMON_QUANT (Pd46)	COMPLETED	0	2025-08-29 21:10:58.689	2m 24s	2m 23s	499.6%	3.8 GB	4.7 GB	5.5 GB	11.9 MB
1106	68/c0f39f	3743301	NFCORE_RNASEQ:RNASEQ:DUPRADAR (Pd38)	COMPLETED	0	2025-08-29 21:05:00.140	13m 49s	13m 48s	96.2%	389.1 MB	5.6 GB	42.2 GB	20.5 GB
963	67/762fa5	3769117	NFCORE_RNASEQ:RNASEQ:ALIGN_STAR:BAM_SORT_STATS_SAMTOOLS:SAMTOOLS_SORT (Pd15)	COMPLETED	0	2025-08-29 21:13:22.673	5m 45s	5m 44s	234.8%	5.2 GB	6.2 GB	9.7 GB	6.7 GB
1118	ab/cbdc47	3777566	NFCORE_RNASEQ:RNASEQ:ALIGN_STAR:BAM_SORT_STATS_SAMTOOLS:SAMTOOLS_INDEX (Pd46)	COMPLETED	0	2025-08-29 21:18:48.887	57.3s	56s	104.5%	9.7 MB	220.9 MB	3.3 GB	673.8 KB
1120	0a/2e110d	3780844	NFCORE_RNASEQ:RNASEQ:ALIGN_STAR:BAM_SORT_STATS_SAMTOOLS:SAMTOOLS_INDEX (Pd15)	COMPLETED	0	2025-08-29 21:19:46.228	30.7s	30s	168.3%	10.9 MB	220.9 MB	3.3 GB	677.7 KB
964	f9/b83163	3778971	NFCORE_RNASEQ:RNASEQ:QUANTIFY_STAR_SALMON:SALMON_QUANT (Pd15)	COMPLETED	0	2025-08-29 21:19:08.005	2m 5s	2m 5s	540.2%	3.6 GB	4.7 GB	5.2 GB	11.9 MB
968	12/aa4e80	3783657	NFCORE_RNASEQ:RNASEQ:BEDTOOLS_GENOMECOV (Pd35)	COMPLETED	0	2025-08-29 21:21:13.296	6m 47s	6m 45s	107.2%	3.2 GB	4 GB	7.9 GB	1.2 GB
967	29/6702eb	3794354	NFCORE_RNASEQ:RNASEQ:QUALIMAP_RNASEQ (Pd35)	COMPLETED	0	2025-08-29 21:28:00.221	27m 56s	27m 54s	109.3%	3 GB	34.8 GB	29.7 GB	25.8 GB
966	d5/6e3468	3821481	NFCORE_RNASEQ:RNASEQ:STRINGTIE_STRINGTIE (Pd35)	COMPLETED	0	2025-08-29 21:55:56.347	2m 55s	2m 55s	115.8%	731.6 MB	912.5 MB	3.9 GB	106.4 MB
364	48/df297d	3722692	NFCORE_RNASEQ:RNASEQ:ALIGN_STAR:STAR_ALIGN (Pd33)	COMPLETED	0	2025-08-29 20:58:38.491	1h 1m 24s	1h 1m 24s	1167.3%	9.8 GB	11.5 GB	34.4 GB	11.3 GB
970	a7/5fbd88	3825683	NFCORE_RNASEQ:RNASEQ:SUBREAD_FEATURECOUNTS (Pd35)	COMPLETED	0	2025-08-29 21:58:51.453	1m 53s	1m 52s	229.6%	1.1 GB	1.5 GB	16.1 GB	9.4 GB
1126	bd/948801	3831742	NFCORE_RNASEQ:RNASEQ:MULTIQC_CUSTOM_BIOTYPE (Pd35)	COMPLETED	0	2025-08-29 22:00:45.711	898ms	0ms	93.5%	4.7 MB	10.1 MB	8.7 MB	1.1 MB
972	da/7e3795	3831453	NFCORE_RNASEQ:RNASEQ:BAM_MARKDUPLICATES_PICARD:PICARD_MARKDUPLICATES (Pd12)	COMPLETED	0	2025-08-29 22:00:44.701	14m 49s	14m 47s	107.8%	21 GB	33.6 GB	6.7 GB	3.5 GB
1131	b8/639cd7	3867704	NFCORE_RNASEQ:RNASEQ:BAM_MARKDUPLICATES_PICARD:SAMTOOLS_INDEX (Pd12)	COMPLETED	0	2025-08-29 22:15:34.347	31s	31s	170.5%	8.4 MB	220.9 MB	3.5 GB	749.6 KB
365	72/2254d9	3827490	NFCORE_RNASEQ:RNASEQ:ALIGN_STAR:STAR_ALIGN (Pd77)	COMPLETED	0	2025-08-29 22:00:02.413	22m 3s	22m 3s	1076.6%	9.8 GB	11.5 GB	34.4 GB	10.9 GB
1127	80/068379	3870317	NFCORE_RNASEQ:RNASEQ:DUPRADAR (Pd12)	COMPLETED	0	2025-08-29 22:16:05.350	9m 9s	9m 9s	99.4%	359.4 MB	5.5 GB	17.9 GB	2.4 GB
974	47/451ea3	3867408	NFCORE_RNASEQ:RNASEQ:BAM_MARKDUPLICATES_PICARD:PICARD_MARKDUPLICATES (Pd2)	COMPLETED	0	2025-08-29 22:15:33.340	15m 5s	15m 2s	106.5%	19.9 GB	33.6 GB	5.5 GB	2.9 GB
975	79/c92113	3911763	NFCORE_RNASEQ:RNASEQ:ALIGN_STAR:BAM_SORT_STATS_SAMTOOLS:SAMTOOLS_SORT (Pd75)	COMPLETED	0	2025-08-29 22:30:38.156	6m 6s	6m 6s	213.7%	5.2 GB	6.2 GB	9.4 GB	6.4 GB
976	26/0dc3d9	3928053	NFCORE_RNASEQ:RNASEQ:QUANTIFY_STAR_SALMON:SALMON_QUANT (Pd75)	COMPLETED	0	2025-08-29 22:36:44.597	2m 26s	2m 25s	432.6%	3 GB	3.7 GB	4.7 GB	11.9 MB
979	d0/e1b167	3933270	NFCORE_RNASEQ:RNASEQ:BAM_RSEQC:RSEQC_INNERDISTANCE (Pd35)	COMPLETED	0	2025-08-29 22:39:10.476	50.2s	49s	115.4%	312 MB	5.5 GB	297.4 MB	62.7 MB
1145	01/4f2b16	3912037	NFCORE_RNASEQ:RNASEQ:DUPRADAR (Pd2)	COMPLETED	0	2025-08-29 22:30:39.166	11m 24s	11m 23s	100.5%	437.6 MB	5.6 GB	35 GB	17.3 GB
1143	25/a2fd11	3939274	NFCORE_RNASEQ:RNASEQ:BAM_MARKDUPLICATES_PICARD:SAMTOOLS_INDEX (Pd2)	COMPLETED	0	2025-08-29 22:42:03.078	26.4s	26s	173.2%	10.6 MB	220.9 MB	2.9 GB	558.2 KB
1148	bc/dbea1f	3940518	NFCORE_RNASEQ:RNASEQ:ALIGN_STAR:BAM_SORT_STATS_SAMTOOLS:SAMTOOLS_INDEX (Pd75)	COMPLETED	0	2025-08-29 22:42:29.522	27.6s	27s	176.2%	11.6 MB	220.9 MB	3.1 GB	633.7 KB
977	15/ed37ae	3935721	NFCORE_RNASEQ:RNASEQ:BAM_RSEQC:RSEQC_JUNCTIONANNOTATION (Pd35)	COMPLETED	0	2025-08-29 22:40:00.692	3m 11s	3m 10s	82.4%	68.4 MB	5.3 GB	3.7 GB	36.5 MB
981	99/0aa672	3942783	NFCORE_RNASEQ:RNASEQ:BAM_RSEQC:RSEQC_INFEREXPERIMENT (Pd35)	COMPLETED	0	2025-08-29 22:43:11.633	3.3s	2s	346.2%	49.6 MB	5.3 GB	33.2 MB	803 B
982	88/68291c	3943390	NFCORE_RNASEQ:RNASEQ:BAM_RSEQC:RSEQC_BAMSTAT (Pd35)	COMPLETED	0	2025-08-29 22:43:14.913	2m 40s	2m 40s	103.8%	45.2 MB	5.3 GB	3.7 GB	1.3 KB
980	a5/26e033	3947158	NFCORE_RNASEQ:RNASEQ:BAM_RSEQC:RSEQC_READDISTRIBUTION (Pd35)	COMPLETED	0	2025-08-29 22:45:55.306	3m 24s	3m 23s	103.1%	214.7 MB	5.4 GB	3.7 GB	1.7 KB
366	0a/d4ec13	3883627	NFCORE_RNASEQ:RNASEQ:ALIGN_STAR:STAR_ALIGN (Pd80)	COMPLETED	0	2025-08-29 22:22:05.759	29m 56s	29m 55s	1149.2%	9.8 GB	11.5 GB	34.4 GB	11.3 GB
978	df/c6ae18	3951970	NFCORE_RNASEQ:RNASEQ:BAM_RSEQC:RSEQC_JUNCTIONSATURATION (Pd35)	COMPLETED	0	2025-08-29 22:49:18.861	2m 53s	2m 52s	106.1%	893 MB	6.1 GB	3.7 GB	28 KB
983	f1/1fe9d9	3957551	NFCORE_RNASEQ:RNASEQ:BAM_RSEQC:RSEQC_READDUPLICATION (Pd35)	COMPLETED	0	2025-08-29 22:52:11.695	4m 52s	4m 51s	103.7%	5.6 GB	10.9 GB	3.7 GB	1 MB
986	03/49fba5	3973411	NFCORE_RNASEQ:RNASEQ:ALIGN_STAR:BAM_SORT_STATS_SAMTOOLS:SAMTOOLS_SORT (Pd72)	COMPLETED	0	2025-08-29 22:57:03.778	4m 58s	4m 57s	283.6%	5.2 GB	6.2 GB	10.3 GB	7.2 GB
1159	9f/d8d3c5	3988771	NFCORE_RNASEQ:RNASEQ:ALIGN_STAR:BAM_SORT_STATS_SAMTOOLS:SAMTOOLS_INDEX (Pd72)	COMPLETED	0	2025-08-29 23:02:02.313	32.8s	32s	165.7%	9.4 MB	220.9 MB	3.6 GB	750 KB
987	0a/a5de44	3988488	NFCORE_RNASEQ:RNASEQ:QUANTIFY_STAR_SALMON:SALMON_QUANT (Pd72)	COMPLETED	0	2025-08-29 23:02:01.304	2m 4s	2m 3s	559.5%	3.7 GB	4.7 GB	5.6 GB	11.9 MB
991	c1/cb04fb	3992930	NFCORE_RNASEQ:RNASEQ:BEDTOOLS_GENOMECOV (Pd16)	COMPLETED	0	2025-08-29 23:04:05.047	6m 44s	6m 42s	108.5%	4.2 GB	5.2 GB	7.4 GB	1.5 GB
993	61/2a3aae	4003565	NFCORE_RNASEQ:RNASEQ:SUBREAD_FEATURECOUNTS (Pd16)	COMPLETED	0	2025-08-29 23:10:49.010	42.9s	41s	371.5%	773.4 MB	1.2 GB	6.5 GB	2.3 GB
1163	48/de93b0	4005569	NFCORE_RNASEQ:RNASEQ:MULTIQC_CUSTOM_BIOTYPE (Pd16)	COMPLETED	0	2025-08-29 23:11:32.891	891ms	0ms	105.7%	2.5 MB	5.4 MB	8.8 MB	1.1 MB
989	c1/a7d755	4005312	NFCORE_RNASEQ:RNASEQ:STRINGTIE_STRINGTIE (Pd16)	COMPLETED	0	2025-08-29 23:11:31.884	2m 24s	2m 23s	126.3%	821.8 MB	1 GB	3.5 GB	107.1 MB
367	b7/e3c0e4	3955720	NFCORE_RNASEQ:RNASEQ:ALIGN_STAR:STAR_ALIGN (Pd84)	COMPLETED	0	2025-08-29 22:52:01.731	36m 2s	36m 1s	1154.9%	9.8 GB	11.5 GB	34.5 GB	11.1 GB
990	29/891231	4009194	NFCORE_RNASEQ:RNASEQ:QUALIMAP_RNASEQ (Pd16)	COMPLETED	0	2025-08-29 23:13:56.141	27m 19s	27m 16s	92.3%	3.6 GB	35 GB	27.6 GB	24.1 GB
999	f0/97bdd0	4055858	NFCORE_RNASEQ:RNASEQ:BAM_RSEQC:RSEQC_JUNCTIONSATURATION (Pd16)	COMPLETED	0	2025-08-29 23:41:14.952	2m 58s	2m 58s	103.6%	1.1 GB	6.4 GB	3.4 GB	28.1 KB
997	ab/6121ce	4060202	NFCORE_RNASEQ:RNASEQ:BAM_RSEQC:RSEQC_INNERDISTANCE (Pd16)	COMPLETED	0	2025-08-29 23:44:13.418	45s	44s	120.6%	312.1 MB	5.5 GB	228.1 MB	60.8 MB
998	a7/0849b0	4062068	NFCORE_RNASEQ:RNASEQ:BAM_RSEQC:RSEQC_BAMSTAT (Pd16)	COMPLETED	0	2025-08-29 23:44:58.377	3m 3s	3m 3s	103.4%	45.3 MB	5.3 GB	3.4 GB	1.3 KB
996	81/d115a3	4066417	NFCORE_RNASEQ:RNASEQ:BAM_RSEQC:RSEQC_INFEREXPERIMENT (Pd16)	COMPLETED	0	2025-08-29 23:48:01.527	3s	2s	375.0%	49.3 MB	5.3 GB	34.7 MB	803 B
994	16/db6fb4	4066902	NFCORE_RNASEQ:RNASEQ:BAM_RSEQC:RSEQC_JUNCTIONANNOTATION (Pd16)	COMPLETED	0	2025-08-29 23:48:04.533	2m 29s	2m 28s	106.3%	67.8 MB	5.3 GB	3.4 GB	41 MB
995	f1/859954	4070561	NFCORE_RNASEQ:RNASEQ:BAM_RSEQC:RSEQC_READDUPLICATION (Pd16)	COMPLETED	0	2025-08-29 23:50:33.838	5m 5s	5m 4s	103.0%	7.6 GB	12.8 GB	3.4 GB	740.6 KB
368	cd/8be0cf	4026770	NFCORE_RNASEQ:RNASEQ:ALIGN_STAR:STAR_ALIGN (Pd87)	COMPLETED	0	2025-08-29 23:28:03.966	31m 30s	31m 29s	1148.2%	9.8 GB	11.5 GB	34.5 GB	12.5 GB
1000	5e/d9d9a6	4077299	NFCORE_RNASEQ:RNASEQ:BAM_RSEQC:RSEQC_READDISTRIBUTION (Pd16)	COMPLETED	0	2025-08-29 23:55:38.971	4m 3s	4m 2s	103.1%	214.4 MB	5.4 GB	3.4 GB	1.7 KB
1002	13/66b3cb	4083895	NFCORE_RNASEQ:RNASEQ:BAM_MARKDUPLICATES_PICARD:PICARD_MARKDUPLICATES (Pd28)	COMPLETED	0	2025-08-29 23:59:41.841	13m 40s	13m 38s	109.3%	20.7 GB	33.6 GB	5.4 GB	2.9 GB
1003	a7/bb743f	4121980	NFCORE_RNASEQ:RNASEQ:BEDGRAPH_BEDCLIP_BEDGRAPHTOBIGWIG_FORWARD:UCSC_BEDCLIP (Pd49)	COMPLETED	0	2025-08-30 00:13:22.067	7.1s	6s	79.1%	7.2 MB	18.7 MB	348.1 MB	348 MB
1004	2d/d0b5f4	4123029	NFCORE_RNASEQ:RNASEQ:BEDGRAPH_BEDCLIP_BEDGRAPHTOBIGWIG_REVERSE:UCSC_BEDCLIP (Pd49)	COMPLETED	0	2025-08-30 00:13:29.213	9.6s	9s	56.8%	7.5 MB	18.7 MB	348.4 MB	348.3 MB
1169	11/d9f3f2	4122250	NFCORE_RNASEQ:RNASEQ:BAM_MARKDUPLICATES_PICARD:SAMTOOLS_INDEX (Pd28)	COMPLETED	0	2025-08-30 00:13:23.077	26.9s	26s	169.6%	11.6 MB	220.9 MB	2.9 GB	582.8 KB
1174	39/be4c89	4124975	NFCORE_RNASEQ:RNASEQ:BEDGRAPH_BEDCLIP_BEDGRAPHTOBIGWIG_FORWARD:UCSC_BEDGRAPHTOBIGWIG (Pd49)	COMPLETED	0	2025-08-30 00:13:49.999	19.6s	19s	98.8%	19.7 MB	35 MB	1 GB	51.5 MB
1175	17/8888b9	4127228	NFCORE_RNASEQ:RNASEQ:BEDGRAPH_BEDCLIP_BEDGRAPHTOBIGWIG_REVERSE:UCSC_BEDGRAPHTOBIGWIG (Pd49)	COMPLETED	0	2025-08-30 00:14:09.647	18.9s	18s	99.8%	20.9 MB	36.6 MB	1 GB	51.5 MB
1005	70/9c2d08	4124043	NFCORE_RNASEQ:RNASEQ:ALIGN_STAR:BAM_SORT_STATS_SAMTOOLS:SAMTOOLS_SORT (Pd20)	COMPLETED	0	2025-08-30 00:13:38.791	5m 51s	5m 50s	226.9%	5.2 GB	6.2 GB	9.7 GB	6.5 GB
1006	bd/e0e8d1	4137962	NFCORE_RNASEQ:RNASEQ:QUANTIFY_STAR_SALMON:SALMON_QUANT (Pd20)	COMPLETED	0	2025-08-30 00:19:29.813	2m 19s	2m 18s	486.8%	3.5 GB	4.2 GB	5.1 GB	11.9 MB
1170	41/4bd93c	4124974	NFCORE_RNASEQ:RNASEQ:DUPRADAR (Pd28)	COMPLETED	0	2025-08-30 00:13:49.994	10m 45s	10m 45s	101.9%	437.8 MB	5.6 GB	34.6 GB	17.2 GB
1183	0a/2b8097	4149165	NFCORE_RNASEQ:RNASEQ:ALIGN_STAR:BAM_SORT_STATS_SAMTOOLS:SAMTOOLS_INDEX (Pd20)	COMPLETED	0	2025-08-30 00:24:35.429	28.9s	29s	174.8%	14.1 MB	220.9 MB	3.2 GB	704.9 KB
1008	64/cdc3c1	4142745	NFCORE_RNASEQ:RNASEQ:BEDTOOLS_GENOMECOV (Pd66)	COMPLETED	0	2025-08-30 00:21:48.667	6m 59s	6m 57s	100.7%	2.8 GB	3.5 GB	7.4 GB	1 GB
369	3d/8179df	4082321	NFCORE_RNASEQ:RNASEQ:ALIGN_STAR:STAR_ALIGN (Pd86)	COMPLETED	0	2025-08-29 23:59:33.906	52m 24s	52m 23s	1172.8%	9.8 GB	11.5 GB	34.4 GB	11.1 GB
1011	be/25ba61	4156262	NFCORE_RNASEQ:RNASEQ:QUALIMAP_RNASEQ (Pd66)	COMPLETED	0	2025-08-30 00:28:47.277	25m 36s	25m 33s	93.9%	3.9 GB	34.8 GB	28.6 GB	25 GB
1013	41/09987e	4187803	NFCORE_RNASEQ:RNASEQ:SUBREAD_FEATURECOUNTS (Pd66)	COMPLETED	0	2025-08-30 00:54:23.006	2m 41s	2m 40s	167.4%	1.2 GB	1.7 GB	16.9 GB	10.1 GB
1189	0a/d66b94	3277	NFCORE_RNASEQ:RNASEQ:MULTIQC_CUSTOM_BIOTYPE (Pd66)	COMPLETED	0	2025-08-30 00:57:05.254	911ms	0ms	111.5%	2.5 MB	5.4 MB	8.7 MB	1.1 MB
1009	04/b22c1d	2797	NFCORE_RNASEQ:RNASEQ:STRINGTIE_STRINGTIE (Pd66)	COMPLETED	0	2025-08-30 00:57:04.244	2m 48s	2m 47s	118.6%	776.7 MB	1 GB	3.6 GB	105.4 MB
1014	c6/aeac0b	12375	NFCORE_RNASEQ:RNASEQ:ALIGN_STAR:BAM_SORT_STATS_SAMTOOLS:SAMTOOLS_SORT (Pd27)	COMPLETED	0	2025-08-30 00:59:52.031	4m 10s	4m 9s	301.2%	5.2 GB	6.2 GB	9.2 GB	6.3 GB
1190	71/089191	22844	NFCORE_RNASEQ:RNASEQ:ALIGN_STAR:BAM_SORT_STATS_SAMTOOLS:SAMTOOLS_INDEX (Pd27)	COMPLETED	0	2025-08-30 01:04:02.562	28.6s	27s	165.7%	11.9 MB	220.9 MB	3 GB	640.2 KB
1015	ec/a491c2	22554	NFCORE_RNASEQ:RNASEQ:QUANTIFY_STAR_SALMON:SALMON_QUANT (Pd27)	COMPLETED	0	2025-08-30 01:04:01.551	1m 41s	1m 39s	533.5%	3.1 GB	3.7 GB	4.1 GB	11.9 MB
1022	c8/2ecdfe	26135	NFCORE_RNASEQ:RNASEQ:BAM_RSEQC:RSEQC_INFEREXPERIMENT (Pd66)	COMPLETED	0	2025-08-30 01:05:42.239	3s	2s	378.2%	50.1 MB	5.3 GB	33.2 MB	803 B
1023	a8/0f85be	26885	NFCORE_RNASEQ:RNASEQ:BAM_RSEQC:RSEQC_READDUPLICATION (Pd66)	COMPLETED	0	2025-08-30 01:05:45.208	4m 36s	4m 35s	103.4%	5.2 GB	10.5 GB	3.5 GB	1.1 MB
1024	2c/262e20	32954	NFCORE_RNASEQ:RNASEQ:BAM_RSEQC:RSEQC_BAMSTAT (Pd66)	COMPLETED	0	2025-08-30 01:10:20.893	2m 28s	2m 27s	104.2%	45.4 MB	5.3 GB	3.5 GB	1.3 KB
1019	21/0e0732	36405	NFCORE_RNASEQ:RNASEQ:BAM_RSEQC:RSEQC_READDISTRIBUTION (Pd66)	COMPLETED	0	2025-08-30 01:12:48.536	3m 8s	3m 7s	103.3%	214.5 MB	5.4 GB	3.5 GB	1.7 KB
1020	f0/1626d1	41075	NFCORE_RNASEQ:RNASEQ:BAM_RSEQC:RSEQC_INNERDISTANCE (Pd66)	COMPLETED	0	2025-08-30 01:15:56.378	44.2s	44s	121.2%	311.8 MB	5.5 GB	162.8 MB	62.5 MB
1021	69/6ee84e	42694	NFCORE_RNASEQ:RNASEQ:BAM_RSEQC:RSEQC_JUNCTIONANNOTATION (Pd66)	COMPLETED	0	2025-08-30 01:16:40.627	2m 5s	2m 4s	107.4%	67.4 MB	5.3 GB	3.5 GB	33.2 MB
1018	7a/06c0dd	45980	NFCORE_RNASEQ:RNASEQ:BAM_RSEQC:RSEQC_JUNCTIONSATURATION (Pd66)	COMPLETED	0	2025-08-30 01:18:45.791	2m 34s	2m 33s	106.2%	743.1 MB	6 GB	3.5 GB	28 KB
1029	29/c41d00	49784	NFCORE_RNASEQ:RNASEQ:BEDTOOLS_GENOMECOV (Pd32)	COMPLETED	0	2025-08-30 01:21:19.886	6m 9s	6m 8s	108.7%	3.2 GB	3.9 GB	7.1 GB	1.2 GB
370	b0/178aa4	4179845	NFCORE_RNASEQ:RNASEQ:ALIGN_STAR:STAR_ALIGN (Pd93)	COMPLETED	0	2025-08-30 00:51:57.531	58m 19s	58m 18s	1154.8%	9.8 GB	11.5 GB	34.5 GB	11.6 GB
1026	1d/b64f56	59576	NFCORE_RNASEQ:RNASEQ:QUALIMAP_RNASEQ (Pd32)	COMPLETED	0	2025-08-30 01:27:29.344	25m 22s	25m 20s	106.6%	3.6 GB	34.8 GB	27.1 GB	23.7 GB
1025	28/07c751	91264	NFCORE_RNASEQ:RNASEQ:STRINGTIE_STRINGTIE (Pd32)	COMPLETED	0	2025-08-30 01:52:51.807	2m 19s	2m 18s	120.9%	611.9 MB	891 MB	3.5 GB	104.8 MB
1030	ac/cda731	98904	NFCORE_RNASEQ:RNASEQ:SUBREAD_FEATURECOUNTS (Pd32)	COMPLETED	0	2025-08-30 01:55:10.673	1m 18s	1m 16s	264.9%	1.1 GB	1.6 GB	11.9 GB	6.5 GB
1196	62/5561da	103818	NFCORE_RNASEQ:RNASEQ:MULTIQC_CUSTOM_BIOTYPE (Pd32)	COMPLETED	0	2025-08-30 01:56:29.387	868ms	0ms	109.9%	2.5 MB	5.4 MB	8.7 MB	1.1 MB
1035	ae/6bffbf	103394	NFCORE_RNASEQ:RNASEQ:BAM_RSEQC:RSEQC_JUNCTIONSATURATION (Pd32)	COMPLETED	0	2025-08-30 01:56:28.377	2m 29s	2m 29s	106.2%	762.4 MB	6 GB	3.3 GB	28 KB
1034	cc/2eb51c	112652	NFCORE_RNASEQ:RNASEQ:BAM_RSEQC:RSEQC_READDISTRIBUTION (Pd32)	COMPLETED	0	2025-08-30 01:58:57.519	3m 23s	3m 22s	103.1%	214.5 MB	5.4 GB	3.3 GB	1.7 KB
1033	62/f151e1	120891	NFCORE_RNASEQ:RNASEQ:BAM_RSEQC:RSEQC_BAMSTAT (Pd32)	COMPLETED	0	2025-08-30 02:02:20.396	2m 29s	2m 29s	104.2%	45.6 MB	5.3 GB	3.3 GB	1.3 KB
1031	eb/7ad604	124580	NFCORE_RNASEQ:RNASEQ:BAM_RSEQC:RSEQC_INFEREXPERIMENT (Pd32)	COMPLETED	0	2025-08-30 02:04:49.579	3s	2s	384.1%	50 MB	5.3 GB	35.3 MB	803 B
1032	a7/ae7dd7	125067	NFCORE_RNASEQ:RNASEQ:BAM_RSEQC:RSEQC_READDUPLICATION (Pd32)	COMPLETED	0	2025-08-30 02:04:52.538	4m 40s	4m 38s	103.4%	6.1 GB	11.3 GB	3.3 GB	884.2 KB
1037	84/9948ec	131193	NFCORE_RNASEQ:RNASEQ:BAM_RSEQC:RSEQC_INNERDISTANCE (Pd32)	COMPLETED	0	2025-08-30 02:09:32.229	48s	48s	119.4%	312.3 MB	5.5 GB	382.8 MB	60.9 MB
1036	9a/9b666f	133219	NFCORE_RNASEQ:RNASEQ:BAM_RSEQC:RSEQC_JUNCTIONANNOTATION (Pd32)	COMPLETED	0	2025-08-30 02:10:20.278	2m 6s	2m 6s	107.3%	86.6 MB	10.6 GB	3.3 GB	34.4 MB
1039	57/e96ec0	136596	NFCORE_RNASEQ:RNASEQ:BAM_MARKDUPLICATES_PICARD:PICARD_MARKDUPLICATES (Pd21)	COMPLETED	0	2025-08-30 02:12:26.456	15m 43s	15m 40s	109.5%	21.1 GB	33.6 GB	6.4 GB	3.4 GB
1197	60/aff028	156398	NFCORE_RNASEQ:RNASEQ:BAM_MARKDUPLICATES_PICARD:SAMTOOLS_INDEX (Pd21)	COMPLETED	0	2025-08-30 02:28:10.175	31s	30s	175.6%	11.6 MB	220.9 MB	3.4 GB	690.9 KB
371	0f/2d6567	83075	NFCORE_RNASEQ:RNASEQ:ALIGN_STAR:STAR_ALIGN (Pd95)	COMPLETED	0	2025-08-30 01:50:16.794	52m 1s	52m	1155.1%	9.8 GB	11.5 GB	34.5 GB	11.6 GB
1041	fe/8f11ef	156098	NFCORE_RNASEQ:RNASEQ:BAM_MARKDUPLICATES_PICARD:PICARD_MARKDUPLICATES (Pd69)	COMPLETED	0	2025-08-30 02:28:09.164	24m 55s	24m 52s	68.2%	21.2 GB	33.6 GB	7 GB	3.7 GB
1201	6f/85322c	159016	NFCORE_RNASEQ:RNASEQ:DUPRADAR (Pd21)	COMPLETED	0	2025-08-30 02:28:41.173	27m 53s	27m 53s	65.9%	478.6 MB	5.6 GB	64.7 GB	38.6 GB
1212	f6/ed573e	211538	NFCORE_RNASEQ:RNASEQ:DUPRADAR (Pd69)	COMPLETED	0	2025-08-30 02:53:05.001	8m 44s	8m 43s	102.8%	366.6 MB	5.5 GB	19.1 GB	2.8 GB
1213	bc/e7e201	231607	NFCORE_RNASEQ:RNASEQ:BAM_MARKDUPLICATES_PICARD:SAMTOOLS_INDEX (Pd69)	COMPLETED	0	2025-08-30 03:01:48.798	31.8s	31s	172.8%	9.4 MB	220.9 MB	3.7 GB	750.8 KB
1047	ce/b518b4	211236	NFCORE_RNASEQ:RNASEQ:BAM_MARKDUPLICATES_PICARD:PICARD_MARKDUPLICATES (Pd57)	COMPLETED	0	2025-08-30 02:53:03.992	18m 27s	18m 25s	91.2%	20.4 GB	33.6 GB	6.3 GB	3.4 GB
1049	95/0da00f	239985	NFCORE_RNASEQ:RNASEQ:BEDGRAPH_BEDCLIP_BEDGRAPHTOBIGWIG_REVERSE:UCSC_BEDCLIP (Pd6)	COMPLETED	0	2025-08-30 03:11:31.277	6s	6s	89.0%	7.5 MB	18.7 MB	336.6 MB	336.6 MB
1048	b1/00e21d	240970	NFCORE_RNASEQ:RNASEQ:BEDGRAPH_BEDCLIP_BEDGRAPHTOBIGWIG_FORWARD:UCSC_BEDCLIP (Pd6)	COMPLETED	0	2025-08-30 03:11:37.315	11.4s	11s	51.6%	7.5 MB	18.7 MB	336.1 MB	336.1 MB
1052	f1/3eff4d	242378	NFCORE_RNASEQ:RNASEQ:BEDGRAPH_BEDCLIP_BEDGRAPHTOBIGWIG_REVERSE:UCSC_BEDCLIP (Pd45)	COMPLETED	0	2025-08-30 03:11:48.737	7.8s	7s	64.4%	7.2 MB	18.7 MB	313.3 MB	313.2 MB
1225	66/ef0766	239988	NFCORE_RNASEQ:RNASEQ:BAM_MARKDUPLICATES_PICARD:SAMTOOLS_INDEX (Pd57)	COMPLETED	0	2025-08-30 03:11:31.284	30.7s	30s	173.8%	8.8 MB	220.9 MB	3.4 GB	564 KB
1051	7d/681f47	243082	NFCORE_RNASEQ:RNASEQ:BEDGRAPH_BEDCLIP_BEDGRAPHTOBIGWIG_FORWARD:UCSC_BEDCLIP (Pd45)	COMPLETED	0	2025-08-30 03:11:56.529	7.9s	8s	61.9%	6.9 MB	18.7 MB	313 MB	312.9 MB
1231	64/68ef35	243669	NFCORE_RNASEQ:RNASEQ:BEDGRAPH_BEDCLIP_BEDGRAPHTOBIGWIG_REVERSE:UCSC_BEDGRAPHTOBIGWIG (Pd6)	COMPLETED	0	2025-08-30 03:12:02.012	18.7s	18s	99.6%	23.8 MB	39.1 MB	1009.7 MB	50.8 MB
1232	64/4c4b00	246573	NFCORE_RNASEQ:RNASEQ:BEDGRAPH_BEDCLIP_BEDGRAPHTOBIGWIG_FORWARD:UCSC_BEDGRAPHTOBIGWIG (Pd6)	COMPLETED	0	2025-08-30 03:12:20.734	18.6s	18s	98.5%	24.1 MB	39.3 MB	1008.2 MB	50.8 MB
1233	34/124ec3	247913	NFCORE_RNASEQ:RNASEQ:BEDGRAPH_BEDCLIP_BEDGRAPHTOBIGWIG_REVERSE:UCSC_BEDGRAPHTOBIGWIG (Pd45)	COMPLETED	0	2025-08-30 03:12:39.303	20.6s	20s	97.7%	44.4 MB	59.8 MB	939.7 MB	59.7 MB
1241	be/0eae1b	249527	NFCORE_RNASEQ:RNASEQ:BEDGRAPH_BEDCLIP_BEDGRAPHTOBIGWIG_FORWARD:UCSC_BEDGRAPHTOBIGWIG (Pd45)	COMPLETED	0	2025-08-30 03:12:59.951	22.3s	21s	89.6%	53.1 MB	68.2 MB	938.7 MB	59.7 MB
1053	14/a38db8	244445	NFCORE_RNASEQ:RNASEQ:ALIGN_STAR:BAM_SORT_STATS_SAMTOOLS:SAMTOOLS_SORT (Pd63)	COMPLETED	0	2025-08-30 03:12:04.449	11m 40s	11m 39s	93.2%	5.2 GB	6.2 GB	7.5 GB	4.9 GB
372	6e/599423	182487	NFCORE_RNASEQ:RNASEQ:ALIGN_STAR:STAR_ALIGN (Pd98)	COMPLETED	0	2025-08-30 02:42:17.687	43m	42m 59s	885.0%	9.8 GB	11.5 GB	34.4 GB	11.6 GB
1054	7d/41bb1c	267536	NFCORE_RNASEQ:RNASEQ:QUANTIFY_STAR_SALMON:SALMON_QUANT (Pd63)	COMPLETED	0	2025-08-30 03:23:44.064	2m 30s	2m 30s	334.4%	3.5 GB	4.2 GB	3 GB	11.9 MB
1060	d6/8ebf0d	274854	NFCORE_RNASEQ:RNASEQ:BEDTOOLS_GENOMECOV (Pd55)	COMPLETED	0	2025-08-30 03:26:14.480	21m 56s	21m 55s	34.5%	2.9 GB	3.7 GB	7.6 GB	1.1 GB
1226	c7/431bbd	243668	NFCORE_RNASEQ:RNASEQ:DUPRADAR (Pd57)	COMPLETED	0	2025-08-30 03:12:02.006	39m 51s	39m 50s	55.8%	473.7 MB	5.6 GB	75.3 GB	46.8 GB
1242	cf/2ac0ec	322626	NFCORE_RNASEQ:RNASEQ:ALIGN_STAR:BAM_SORT_STATS_SAMTOOLS:SAMTOOLS_INDEX (Pd63)	COMPLETED	0	2025-08-30 03:51:52.965	23.6s	23s	176.7%	9.7 MB	220.9 MB	2.6 GB	513.3 KB
373	66/b42038	270172	NFCORE_RNASEQ:RNASEQ:ALIGN_STAR:STAR_ALIGN (Pd110)	COMPLETED	0	2025-08-30 03:25:17.802	41m 54s	41m 53s	590.9%	9.8 GB	11.5 GB	34.5 GB	11.5 GB
1062	fb/d7b6cf	315893	NFCORE_RNASEQ:RNASEQ:QUALIMAP_RNASEQ (Pd55)	COMPLETED	0	2025-08-30 03:48:10.516	29m 56s	29m 54s	83.6%	2.8 GB	34.6 GB	28 GB	24.3 GB
1063	6a/4c72ad	366420	NFCORE_RNASEQ:RNASEQ:SUBREAD_FEATURECOUNTS (Pd55)	COMPLETED	0	2025-08-30 04:18:06.434	1m 7s	1m 6s	288.4%	990.9 MB	1.6 GB	10 GB	4.9 GB
1250	33/aefafe	368649	NFCORE_RNASEQ:RNASEQ:MULTIQC_CUSTOM_BIOTYPE (Pd55)	COMPLETED	0	2025-08-30 04:19:14.795	850ms	0ms	108.6%	2.5 MB	5.4 MB	8.7 MB	1.1 MB
1058	d6/8f7067	368386	NFCORE_RNASEQ:RNASEQ:STRINGTIE_STRINGTIE (Pd55)	COMPLETED	0	2025-08-30 04:19:13.785	2m 26s	2m 25s	121.7%	691.2 MB	1.1 GB	3.7 GB	105.4 MB
1068	14/884733	372267	NFCORE_RNASEQ:RNASEQ:BAM_RSEQC:RSEQC_INNERDISTANCE (Pd55)	COMPLETED	0	2025-08-30 04:21:40.210	49.9s	49s	119.1%	312.7 MB	5.5 GB	397.9 MB	62.5 MB
1069	52/8a2492	374080	NFCORE_RNASEQ:RNASEQ:BAM_RSEQC:RSEQC_INFEREXPERIMENT (Pd55)	COMPLETED	0	2025-08-30 04:22:30.111	3s	2s	382.5%	50.1 MB	5.3 GB	36.7 MB	803 B
1067	88/40f952	374659	NFCORE_RNASEQ:RNASEQ:BAM_RSEQC:RSEQC_READDUPLICATION (Pd55)	COMPLETED	0	2025-08-30 04:22:33.092	4m 50s	4m 50s	103.2%	5.6 GB	10.8 GB	3.5 GB	897.7 KB
1065	02/81fdd2	380897	NFCORE_RNASEQ:RNASEQ:BAM_RSEQC:RSEQC_JUNCTIONANNOTATION (Pd55)	COMPLETED	0	2025-08-30 04:27:23.515	2m 17s	2m 15s	106.8%	68.6 MB	5.3 GB	3.5 GB	36.4 MB
1064	4e/13e2b3	384538	NFCORE_RNASEQ:RNASEQ:BAM_RSEQC:RSEQC_JUNCTIONSATURATION (Pd55)	COMPLETED	0	2025-08-30 04:29:40.108	2m 46s	2m 45s	105.7%	1 GB	11.5 GB	3.5 GB	28 KB
1070	05/f8b6b2	388555	NFCORE_RNASEQ:RNASEQ:BAM_RSEQC:RSEQC_BAMSTAT (Pd55)	COMPLETED	0	2025-08-30 04:32:25.717	2m 46s	2m 45s	103.8%	45.3 MB	5.3 GB	3.5 GB	1.3 KB
1066	b9/050264	392469	NFCORE_RNASEQ:RNASEQ:BAM_RSEQC:RSEQC_READDISTRIBUTION (Pd55)	COMPLETED	0	2025-08-30 04:35:11.806	3m 36s	3m 35s	102.9%	214.6 MB	5.4 GB	3.6 GB	1.7 KB
1072	a5/63847f	397785	NFCORE_RNASEQ:RNASEQ:QUANTIFY_STAR_SALMON:SALMON_QUANT (Pd7)	COMPLETED	0	2025-08-30 04:38:48.003	2m	2m	552.6%	3.7 GB	4.7 GB	5.1 GB	11.9 MB
1071	ea/09628f	400632	NFCORE_RNASEQ:RNASEQ:ALIGN_STAR:BAM_SORT_STATS_SAMTOOLS:SAMTOOLS_SORT (Pd7)	COMPLETED	0	2025-08-30 04:40:48.422	4m 43s	4m 42s	277.8%	5.2 GB	6.2 GB	9.5 GB	6.4 GB
1251	f0/968dfc	407329	NFCORE_RNASEQ:RNASEQ:ALIGN_STAR:BAM_SORT_STATS_SAMTOOLS:SAMTOOLS_INDEX (Pd7)	COMPLETED	0	2025-08-30 04:45:31.991	29.7s	29s	172.6%	11.9 MB	220.9 MB	3.2 GB	687.7 KB
374	eb/727e70	338035	NFCORE_RNASEQ:RNASEQ:ALIGN_STAR:STAR_ALIGN (Pd112)	COMPLETED	0	2025-08-30 04:07:12.125	50m 16s	50m 16s	1164.9%	9.8 GB	11.5 GB	34.4 GB	11.8 GB
1075	39/eb67f5	407038	NFCORE_RNASEQ:RNASEQ:QUALIMAP_RNASEQ (Pd22)	COMPLETED	0	2025-08-30 04:45:30.982	27m 12s	27m 9s	93.1%	1.6 GB	34.4 GB	27.9 GB	24.2 GB
1074	70/b4c9df	456052	NFCORE_RNASEQ:RNASEQ:BEDTOOLS_GENOMECOV (Pd22)	COMPLETED	0	2025-08-30 05:12:42.972	6m 26s	6m 24s	111.1%	3.6 GB	4.6 GB	7.7 GB	1.3 GB
1076	f5/f0673f	466363	NFCORE_RNASEQ:RNASEQ:STRINGTIE_STRINGTIE (Pd22)	COMPLETED	0	2025-08-30 05:19:08.527	2m 18s	2m 18s	126.4%	638.4 MB	832.3 MB	3.7 GB	106.3 MB
1078	ae/133b2b	469608	NFCORE_RNASEQ:RNASEQ:SUBREAD_FEATURECOUNTS (Pd22)	COMPLETED	0	2025-08-30 05:21:26.329	48.7s	47s	346.8%	751.9 MB	1.2 GB	7.4 GB	2.9 GB
1257	0a/c74418	471744	NFCORE_RNASEQ:RNASEQ:MULTIQC_CUSTOM_BIOTYPE (Pd22)	COMPLETED	0	2025-08-30 05:22:16.075	864ms	0ms	105.1%	2.8 MB	5.4 MB	8.7 MB	1.1 MB
1080	69/293249	471405	NFCORE_RNASEQ:RNASEQ:BAM_RSEQC:RSEQC_INNERDISTANCE (Pd22)	COMPLETED	0	2025-08-30 05:22:15.067	44.3s	44s	121.0%	312.3 MB	5.5 GB	185.4 MB	61.5 MB
1084	6d/18b150	473570	NFCORE_RNASEQ:RNASEQ:BAM_RSEQC:RSEQC_INFEREXPERIMENT (Pd22)	COMPLETED	0	2025-08-30 05:22:59.398	2.9s	3s	393.3%	49.5 MB	5.3 GB	35.7 MB	803 B
1085	30/f4c1dd	474036	NFCORE_RNASEQ:RNASEQ:BAM_RSEQC:RSEQC_JUNCTIONANNOTATION (Pd22)	COMPLETED	0	2025-08-30 05:23:02.321	2m 20s	2m 20s	106.7%	68.1 MB	5.3 GB	3.5 GB	38.2 MB
1081	0b/2fae7a	477391	NFCORE_RNASEQ:RNASEQ:BAM_RSEQC:RSEQC_READDUPLICATION (Pd22)	COMPLETED	0	2025-08-30 05:25:22.597	4m 59s	4m 58s	103.1%	7.5 GB	12.7 GB	3.5 GB	775.9 KB
375	47/069b25	424111	NFCORE_RNASEQ:RNASEQ:ALIGN_STAR:STAR_ALIGN (Pd119)	COMPLETED	0	2025-08-30 04:57:28.581	33m 44s	33m 42s	1146.5%	9.8 GB	11.5 GB	34.4 GB	11.7 GB
1079	4e/d453b3	484081	NFCORE_RNASEQ:RNASEQ:BAM_RSEQC:RSEQC_BAMSTAT (Pd22)	COMPLETED	0	2025-08-30 05:30:21.705	2m 54s	2m 53s	103.6%	45.4 MB	5.3 GB	3.5 GB	1.3 KB
1083	5e/9d1f95	493862	NFCORE_RNASEQ:RNASEQ:BAM_RSEQC:RSEQC_READDISTRIBUTION (Pd22)	COMPLETED	0	2025-08-30 05:33:15.637	3m 45s	3m 44s	103.0%	214.6 MB	5.4 GB	3.6 GB	1.7 KB
1082	aa/9e013c	505621	NFCORE_RNASEQ:RNASEQ:BAM_RSEQC:RSEQC_JUNCTIONSATURATION (Pd22)	COMPLETED	0	2025-08-30 05:37:00.675	2m 51s	2m 50s	106.0%	1 GB	6.2 GB	3.5 GB	28 KB
1090	dc/754304	515873	NFCORE_RNASEQ:RNASEQ:BEDTOOLS_GENOMECOV (Pd9)	COMPLETED	0	2025-08-30 05:39:51.896	7m 14s	7m 13s	102.6%	4.3 GB	5.3 GB	7.9 GB	1.6 GB
376	a8/51cd63	485824	NFCORE_RNASEQ:RNASEQ:ALIGN_STAR:STAR_ALIGN (Pd106)	COMPLETED	0	2025-08-30 05:31:12.135	16m 11s	16m 11s	1041.3%	9.8 GB	11.5 GB	34.5 GB	11.4 GB
1089	cc/d235e0	531157	NFCORE_RNASEQ:RNASEQ:STRINGTIE_STRINGTIE (Pd9)	COMPLETED	0	2025-08-30 05:47:06.302	2m 24s	2m 23s	127.4%	798.3 MB	969.5 MB	3.8 GB	107.4 MB
377	7e/52f464	532107	NFCORE_RNASEQ:RNASEQ:ALIGN_STAR:STAR_ALIGN (Pd103)	COMPLETED	0	2025-08-30 05:47:23.585	23m 23s	23m 22s	1116.2%	9.8 GB	11.5 GB	34.4 GB	11.7 GB
1088	26/067a66	540100	NFCORE_RNASEQ:RNASEQ:QUALIMAP_RNASEQ (Pd9)	COMPLETED	0	2025-08-30 05:49:30.093	27m 41s	27m 38s	103.8%	3.2 GB	34.8 GB	28.2 GB	24.5 GB
1091	54/9498fd	596624	NFCORE_RNASEQ:RNASEQ:SUBREAD_FEATURECOUNTS (Pd9)	COMPLETED	0	2025-08-30 06:17:11.233	1m 9s	1m 8s	248.6%	1 GB	1.6 GB	7.6 GB	3 GB
1266	74/36a36a	601187	NFCORE_RNASEQ:RNASEQ:MULTIQC_CUSTOM_BIOTYPE (Pd9)	COMPLETED	0	2025-08-30 06:18:21.257	856ms	0ms	107.2%	2.8 MB	5.4 MB	8.8 MB	1.1 MB
1098	9a/c565ac	600657	NFCORE_RNASEQ:RNASEQ:BAM_RSEQC:RSEQC_BAMSTAT (Pd9)	COMPLETED	0	2025-08-30 06:18:20.251	3m 6s	3m 6s	103.3%	45.9 MB	5.3 GB	3.6 GB	1.3 KB
1095	25/57ca44	610278	NFCORE_RNASEQ:RNASEQ:BAM_RSEQC:RSEQC_READDUPLICATION (Pd9)	COMPLETED	0	2025-08-30 06:21:26.755	5m 1s	5m	103.1%	7.9 GB	13.1 GB	3.6 GB	789.5 KB
1096	54/8e4417	616975	NFCORE_RNASEQ:RNASEQ:BAM_RSEQC:RSEQC_READDISTRIBUTION (Pd9)	COMPLETED	0	2025-08-30 06:26:27.934	4m 11s	4m 10s	102.5%	214.4 MB	5.4 GB	3.6 GB	1.7 KB
1097	ce/ff5c10	622804	NFCORE_RNASEQ:RNASEQ:BAM_RSEQC:RSEQC_JUNCTIONSATURATION (Pd9)	COMPLETED	0	2025-08-30 06:30:39.062	2m 56s	2m 56s	105.3%	1.1 GB	6.3 GB	3.6 GB	28.1 KB
1092	06/62f75b	626879	NFCORE_RNASEQ:RNASEQ:BAM_RSEQC:RSEQC_JUNCTIONANNOTATION (Pd9)	COMPLETED	0	2025-08-30 06:33:35.342	2m 31s	2m 31s	106.2%	69.4 MB	5.3 GB	3.6 GB	39.8 MB
1093	08/e1a28a	630679	NFCORE_RNASEQ:RNASEQ:BAM_RSEQC:RSEQC_INFEREXPERIMENT (Pd9)	COMPLETED	0	2025-08-30 06:36:06.724	3.1s	2s	388.8%	50.4 MB	5.3 GB	33.8 MB	802 B
1094	26/7a58dc	631189	NFCORE_RNASEQ:RNASEQ:BAM_RSEQC:RSEQC_INNERDISTANCE (Pd9)	COMPLETED	0	2025-08-30 06:36:09.781	43.2s	42s	121.1%	311.7 MB	5.5 GB	162.6 MB	62 MB
378	24/a6cac3	578854	NFCORE_RNASEQ:RNASEQ:ALIGN_STAR:STAR_ALIGN (Pd115)	COMPLETED	0	2025-08-30 06:10:47.008	40m 2s	40m 2s	1159.5%	9.8 GB	11.5 GB	34.4 GB	11.7 GB
1100	d5/1bf625	633059	NFCORE_RNASEQ:RNASEQ:BAM_MARKDUPLICATES_PICARD:PICARD_MARKDUPLICATES (Pd56)	COMPLETED	0	2025-08-30 06:36:52.945	14m 1s	13m 58s	108.6%	19.7 GB	33.6 GB	5.9 GB	3.1 GB
1270	5a/fb9976	652434	NFCORE_RNASEQ:RNASEQ:BAM_MARKDUPLICATES_PICARD:SAMTOOLS_INDEX (Pd56)	COMPLETED	0	2025-08-30 06:50:54.500	27s	26s	181.7%	10.3 MB	220.9 MB	3.1 GB	576.4 KB
1101	fc/bbafa4	651948	NFCORE_RNASEQ:RNASEQ:ALIGN_STAR:BAM_SORT_STATS_SAMTOOLS:SAMTOOLS_SORT (Pd14)	COMPLETED	0	2025-08-30 06:50:53.490	16m 16s	16m 16s	82.2%	5.2 GB	6.2 GB	9.6 GB	6.7 GB
1102	90/62dc7e	695275	NFCORE_RNASEQ:RNASEQ:QUANTIFY_STAR_SALMON:SALMON_QUANT (Pd14)	COMPLETED	0	2025-08-30 07:07:09.845	7m 48s	7m 47s	203.0%	3.7 GB	4.7 GB	4.8 GB	11.9 MB
1272	d7/708094	656123	NFCORE_RNASEQ:RNASEQ:DUPRADAR (Pd56)	COMPLETED	0	2025-08-30 06:51:21.495	29m 5s	29m 4s	61.7%	450.5 MB	5.6 GB	62.6 GB	37.9 GB
1282	0f/406520	714728	NFCORE_RNASEQ:RNASEQ:ALIGN_STAR:BAM_SORT_STATS_SAMTOOLS:SAMTOOLS_INDEX (Pd14)	COMPLETED	0	2025-08-30 07:20:26.403	29.8s	29s	172.0%	11.6 MB	220.9 MB	3.3 GB	727.9 KB
1105	a7/049603	705032	NFCORE_RNASEQ:RNASEQ:QUALIMAP_RNASEQ (Pd38)	COMPLETED	0	2025-08-30 07:14:57.399	31m 55s	31m 53s	93.3%	3.3 GB	34.8 GB	28.3 GB	24.4 GB
379	c7/729e2b	651108	NFCORE_RNASEQ:RNASEQ:ALIGN_STAR:STAR_ALIGN (Pd120)	COMPLETED	0	2025-08-30 06:50:49.418	58m 36s	58m 35s	832.7%	9.8 GB	11.5 GB	34.4 GB	11.8 GB
1103	3b/3205cb	736720	NFCORE_RNASEQ:RNASEQ:BEDTOOLS_GENOMECOV (Pd38)	COMPLETED	0	2025-08-30 07:46:52.596	6m 32s	6m 30s	112.7%	4.2 GB	5.3 GB	8.2 GB	1.5 GB
1107	35/086ada	756013	NFCORE_RNASEQ:RNASEQ:STRINGTIE_STRINGTIE (Pd38)	COMPLETED	0	2025-08-30 07:53:24.267	2m 25s	2m 25s	127.6%	863 MB	1.1 GB	3.9 GB	108.8 MB
1108	c8/4df6f5	763757	NFCORE_RNASEQ:RNASEQ:SUBREAD_FEATURECOUNTS (Pd38)	COMPLETED	0	2025-08-30 07:55:49.703	1m 9s	1m 7s	280.6%	835.2 MB	1.3 GB	11 GB	5.5 GB
1288	dc/6b281b	768615	NFCORE_RNASEQ:RNASEQ:MULTIQC_CUSTOM_BIOTYPE (Pd38)	COMPLETED	0	2025-08-30 07:56:59.576	830ms	0ms	106.0%	2.8 MB	5.4 MB	8.8 MB	1.1 MB
1113	7a/e4e0c0	768125	NFCORE_RNASEQ:RNASEQ:BAM_RSEQC:RSEQC_INFEREXPERIMENT (Pd38)	COMPLETED	0	2025-08-30 07:56:58.570	3.2s	2s	372.1%	50.6 MB	5.3 GB	34.2 MB	803 B
1112	8a/d0a2c4	769183	NFCORE_RNASEQ:RNASEQ:BAM_RSEQC:RSEQC_READDISTRIBUTION (Pd38)	COMPLETED	0	2025-08-30 07:57:01.822	3m 47s	3m 46s	102.8%	214.5 MB	5.4 GB	3.7 GB	1.7 KB
1115	25/77e609	780483	NFCORE_RNASEQ:RNASEQ:BAM_RSEQC:RSEQC_BAMSTAT (Pd38)	COMPLETED	0	2025-08-30 08:00:48.753	2m 53s	2m 52s	103.6%	45.5 MB	5.3 GB	3.7 GB	1.3 KB
1114	64/1b640c	784445	NFCORE_RNASEQ:RNASEQ:BAM_RSEQC:RSEQC_INNERDISTANCE (Pd38)	COMPLETED	0	2025-08-30 08:03:42.047	45.1s	44s	119.9%	312 MB	5.5 GB	158.1 MB	63 MB
380	59/6535ed	741163	NFCORE_RNASEQ:RNASEQ:ALIGN_STAR:STAR_ALIGN (Pd105)	COMPLETED	0	2025-08-30 07:49:24.968	17m 35s	17m 34s	1060.2%	9.8 GB	11.5 GB	34.5 GB	12 GB
1117	c5/15da05	786312	NFCORE_RNASEQ:RNASEQ:BAM_RSEQC:RSEQC_READDUPLICATION (Pd38)	COMPLETED	0	2025-08-30 08:04:27.170	5m 5s	5m 4s	103.1%	8 GB	13.2 GB	3.7 GB	922.3 KB
1116	6c/610b38	799397	NFCORE_RNASEQ:RNASEQ:BAM_RSEQC:RSEQC_JUNCTIONANNOTATION (Pd38)	COMPLETED	0	2025-08-30 08:09:32.255	2m 25s	2m 24s	106.5%	68.9 MB	5.3 GB	3.7 GB	40.7 MB
1111	98/0974f6	807578	NFCORE_RNASEQ:RNASEQ:BAM_RSEQC:RSEQC_JUNCTIONSATURATION (Pd38)	COMPLETED	0	2025-08-30 08:11:57.122	2m 52s	2m 51s	105.5%	987.1 MB	6.2 GB	3.7 GB	28.2 KB
1119	ec/802349	816804	NFCORE_RNASEQ:RNASEQ:BAM_MARKDUPLICATES_PICARD:PICARD_MARKDUPLICATES (Pd46)	COMPLETED	0	2025-08-30 08:14:49.018	14m 52s	14m 49s	110.0%	21.5 GB	33.6 GB	6.7 GB	3.5 GB
1294	10/9a4258	839515	NFCORE_RNASEQ:RNASEQ:BAM_MARKDUPLICATES_PICARD:SAMTOOLS_INDEX (Pd46)	COMPLETED	0	2025-08-30 08:29:41.713	31.5s	31s	171.8%	9.1 MB	220.9 MB	3.5 GB	681.5 KB
1293	47/a8a967	842074	NFCORE_RNASEQ:RNASEQ:DUPRADAR (Pd46)	COMPLETED	0	2025-08-30 08:30:13.260	10m 19s	10m 19s	102.4%	398.4 MB	5.6 GB	26.2 GB	8.8 GB
1121	eb/e54102	839212	NFCORE_RNASEQ:RNASEQ:BAM_MARKDUPLICATES_PICARD:PICARD_MARKDUPLICATES (Pd15)	COMPLETED	0	2025-08-30 08:29:40.704	15m 38s	15m 36s	104.0%	20.9 GB	33.6 GB	6.6 GB	3.5 GB
1122	08/849cc1	866660	NFCORE_RNASEQ:RNASEQ:BEDGRAPH_BEDCLIP_BEDGRAPHTOBIGWIG_FORWARD:UCSC_BEDCLIP (Pd35)	COMPLETED	0	2025-08-30 08:45:18.472	5.7s	5s	78.7%	7.5 MB	18.7 MB	294.6 MB	294.5 MB
1123	e7/46dce7	867684	NFCORE_RNASEQ:RNASEQ:BEDGRAPH_BEDCLIP_BEDGRAPHTOBIGWIG_REVERSE:UCSC_BEDCLIP (Pd35)	COMPLETED	0	2025-08-30 08:45:24.227	5.9s	5s	80.7%	7.5 MB	18.7 MB	294.9 MB	294.8 MB
1310	0d/354e3f	867687	NFCORE_RNASEQ:RNASEQ:BEDGRAPH_BEDCLIP_BEDGRAPHTOBIGWIG_FORWARD:UCSC_BEDGRAPHTOBIGWIG (Pd35)	COMPLETED	0	2025-08-30 08:45:24.234	17s	17s	96.4%	26.2 MB	41.7 MB	883.7 MB	45.1 MB
1311	39/77cca7	870503	NFCORE_RNASEQ:RNASEQ:BEDGRAPH_BEDCLIP_BEDGRAPHTOBIGWIG_REVERSE:UCSC_BEDGRAPHTOBIGWIG (Pd35)	COMPLETED	0	2025-08-30 08:45:41.288	17.1s	17s	94.9%	25.9 MB	41.7 MB	884.4 MB	45.2 MB
1124	bc/a676b5	868894	NFCORE_RNASEQ:RNASEQ:ALIGN_STAR:BAM_SORT_STATS_SAMTOOLS:SAMTOOLS_SORT (Pd33)	COMPLETED	0	2025-08-30 08:45:30.104	6m 16s	6m 15s	214.8%	5.2 GB	6.2 GB	9.8 GB	6.7 GB
1125	9d/b20bc2	882430	NFCORE_RNASEQ:RNASEQ:QUANTIFY_STAR_SALMON:SALMON_QUANT (Pd33)	COMPLETED	0	2025-08-30 08:51:46.025	2m 3s	2m 2s	534.0%	3.7 GB	4.7 GB	5.1 GB	11.9 MB
1307	72/b51dbf	866667	NFCORE_RNASEQ:RNASEQ:DUPRADAR (Pd15)	COMPLETED	0	2025-08-30 08:45:18.485	10m 40s	10m 38s	102.3%	400 MB	5.6 GB	27.5 GB	9.9 GB
1308	2b/9a662d	891769	NFCORE_RNASEQ:RNASEQ:BAM_MARKDUPLICATES_PICARD:SAMTOOLS_INDEX (Pd15)	COMPLETED	0	2025-08-30 08:55:58.112	30.5s	30s	174.0%	12.2 MB	220.9 MB	3.5 GB	684.2 KB
1312	82/c8d858	893547	NFCORE_RNASEQ:RNASEQ:ALIGN_STAR:BAM_SORT_STATS_SAMTOOLS:SAMTOOLS_INDEX (Pd33)	COMPLETED	0	2025-08-30 08:56:28.622	29.3s	28s	175.0%	11.9 MB	220.9 MB	3.4 GB	684.2 KB
1128	a1/3bf213	886901	NFCORE_RNASEQ:RNASEQ:BEDTOOLS_GENOMECOV (Pd12)	COMPLETED	0	2025-08-30 08:53:49.322	7m 6s	7m 4s	108.5%	4.8 GB	6 GB	8 GB	1.8 GB
381	da/be9c3e	789925	NFCORE_RNASEQ:RNASEQ:ALIGN_STAR:STAR_ALIGN (Pd123)	COMPLETED	0	2025-08-30 08:07:00.180	56m 20s	56m 20s	1175.8%	9.8 GB	11.5 GB	34.5 GB	10.9 GB
1130	21/3a6298	901833	NFCORE_RNASEQ:RNASEQ:QUALIMAP_RNASEQ (Pd12)	COMPLETED	0	2025-08-30 09:00:55.224	28m 4s	28m 2s	92.2%	4.4 GB	34.7 GB	27.6 GB	23.9 GB
1129	b3/1f1c46	950249	NFCORE_RNASEQ:RNASEQ:STRINGTIE_STRINGTIE (Pd12)	COMPLETED	0	2025-08-30 09:28:59.314	2m 18s	2m 18s	126.1%	870.1 MB	1.2 GB	3.7 GB	108.9 MB
1132	b2/8e217a	953484	NFCORE_RNASEQ:RNASEQ:SUBREAD_FEATURECOUNTS (Pd12)	COMPLETED	0	2025-08-30 09:31:17.668	30.5s	28s	463.7%	534.7 MB	1 GB	4.9 GB	927.4 MB
1325	ec/7eb097	955145	NFCORE_RNASEQ:RNASEQ:MULTIQC_CUSTOM_BIOTYPE (Pd12)	COMPLETED	0	2025-08-30 09:31:49.131	890ms	0ms	107.5%	2.5 MB	5.4 MB	8.8 MB	1.1 MB
1133	d9/4adb8d	954802	NFCORE_RNASEQ:RNASEQ:BAM_RSEQC:RSEQC_INNERDISTANCE (Pd12)	COMPLETED	0	2025-08-30 09:31:48.126	44s	43s	120.9%	312 MB	5.5 GB	166.6 MB	61.8 MB
1134	8c/156917	956967	NFCORE_RNASEQ:RNASEQ:BAM_RSEQC:RSEQC_INFEREXPERIMENT (Pd12)	COMPLETED	0	2025-08-30 09:32:32.110	2.9s	2s	399.0%	50.1 MB	5.3 GB	33.5 MB	803 B
1135	2f/85bd2d	957441	NFCORE_RNASEQ:RNASEQ:BAM_RSEQC:RSEQC_READDISTRIBUTION (Pd12)	COMPLETED	0	2025-08-30 09:32:35.047	4m 30s	4m 29s	102.3%	215 MB	5.4 GB	3.6 GB	1.7 KB
1139	09/04174d	963415	NFCORE_RNASEQ:RNASEQ:BAM_RSEQC:RSEQC_JUNCTIONSATURATION (Pd12)	COMPLETED	0	2025-08-30 09:37:04.746	2m 57s	2m 56s	105.3%	1.1 GB	6.4 GB	3.6 GB	28.1 KB
1138	51/775372	967669	NFCORE_RNASEQ:RNASEQ:BAM_RSEQC:RSEQC_JUNCTIONANNOTATION (Pd12)	COMPLETED	0	2025-08-30 09:40:01.561	2m 33s	2m 32s	106.0%	69.4 MB	5.3 GB	3.6 GB	43.7 MB
1137	d8/5cf0de	971565	NFCORE_RNASEQ:RNASEQ:BAM_RSEQC:RSEQC_READDUPLICATION (Pd12)	COMPLETED	0	2025-08-30 09:42:34.931	5m 4s	5m 3s	103.1%	8.4 GB	13.7 GB	3.6 GB	573 KB
382	bb/a2a073	906273	NFCORE_RNASEQ:RNASEQ:ALIGN_STAR:STAR_ALIGN (Pd122)	COMPLETED	0	2025-08-30 09:03:20.417	46m 34s	46m 34s	1155.9%	9.8 GB	11.5 GB	34.4 GB	12.1 GB
1136	91/5f5306	978160	NFCORE_RNASEQ:RNASEQ:BAM_RSEQC:RSEQC_BAMSTAT (Pd12)	COMPLETED	0	2025-08-30 09:47:39.259	3m 19s	3m 18s	103.2%	46 MB	5.3 GB	3.6 GB	1.3 KB
1140	6c/9d7015	986362	NFCORE_RNASEQ:RNASEQ:ALIGN_STAR:BAM_SORT_STATS_SAMTOOLS:SAMTOOLS_SORT (Pd77)	COMPLETED	0	2025-08-30 09:50:57.909	4m 4s	4m 4s	311.1%	5.2 GB	6.2 GB	9.2 GB	6.1 GB
1328	90/f2f360	999588	NFCORE_RNASEQ:RNASEQ:ALIGN_STAR:BAM_SORT_STATS_SAMTOOLS:SAMTOOLS_INDEX (Pd77)	COMPLETED	0	2025-08-30 09:55:03.383	28.7s	28s	165.9%	9.1 MB	220.9 MB	3 GB	534.6 KB
1141	c6/b7f2ec	999298	NFCORE_RNASEQ:RNASEQ:QUANTIFY_STAR_SALMON:SALMON_QUANT (Pd77)	COMPLETED	0	2025-08-30 09:55:02.377	1m 51s	1m 51s	550.6%	3.1 GB	3.7 GB	5 GB	11.9 MB
1147	61/dfabb5	1006391	NFCORE_RNASEQ:RNASEQ:SUBREAD_FEATURECOUNTS (Pd2)	COMPLETED	0	2025-08-30 09:56:53.805	1m 14s	1m 12s	251.1%	1.1 GB	1.6 GB	9.4 GB	4.8 GB
1330	91/e078ca	1011159	NFCORE_RNASEQ:RNASEQ:MULTIQC_CUSTOM_BIOTYPE (Pd2)	COMPLETED	0	2025-08-30 09:58:09.108	902ms	0ms	73.6%	5.9 MB	14.7 MB	8.7 MB	1.1 MB
1144	9c/7988da	1010868	NFCORE_RNASEQ:RNASEQ:QUALIMAP_RNASEQ (Pd2)	COMPLETED	0	2025-08-30 09:58:08.099	22m 2s	21m 59s	113.1%	3 GB	34.8 GB	24.8 GB	21.7 GB
1146	36/7e00a5	1035656	NFCORE_RNASEQ:RNASEQ:BEDTOOLS_GENOMECOV (Pd2)	COMPLETED	0	2025-08-30 10:20:09.735	5m 25s	5m 23s	107.7%	2.5 GB	3.1 GB	6.3 GB	914.7 MB
1142	72/2fdb7d	1044554	NFCORE_RNASEQ:RNASEQ:STRINGTIE_STRINGTIE (Pd2)	COMPLETED	0	2025-08-30 10:25:34.308	1m 51s	1m 50s	121.9%	600.8 MB	930.7 MB	3.1 GB	100.9 MB
1149	6f/97544d	1047235	NFCORE_RNASEQ:RNASEQ:BAM_MARKDUPLICATES_PICARD:PICARD_MARKDUPLICATES (Pd75)	COMPLETED	0	2025-08-30 10:27:25.055	14m 28s	14m 26s	109.4%	20.8 GB	33.6 GB	6.2 GB	3.3 GB
1334	55/f19fc8	1066327	NFCORE_RNASEQ:RNASEQ:BAM_MARKDUPLICATES_PICARD:SAMTOOLS_INDEX (Pd75)	COMPLETED	0	2025-08-30 10:41:54.347	29.3s	29s	175.1%	10.6 MB	220.9 MB	3.3 GB	640.8 KB
1154	a1/ff6c1d	1065977	NFCORE_RNASEQ:RNASEQ:BAM_RSEQC:RSEQC_READDUPLICATION (Pd2)	COMPLETED	0	2025-08-30 10:41:53.333	4m 31s	4m 31s	98.8%	4.7 GB	9.9 GB	3 GB	695.8 KB
1150	c1/43e5eb	1076309	NFCORE_RNASEQ:RNASEQ:BAM_RSEQC:RSEQC_JUNCTIONSATURATION (Pd2)	COMPLETED	0	2025-08-30 10:46:24.599	2m 18s	2m 17s	106.5%	669.9 MB	5.9 GB	3 GB	27.9 KB
1151	cb/94f829	1081216	NFCORE_RNASEQ:RNASEQ:BAM_RSEQC:RSEQC_BAMSTAT (Pd2)	COMPLETED	0	2025-08-30 10:48:42.544	2m 14s	2m 13s	104.5%	46.2 MB	5.3 GB	3 GB	1.3 KB
1156	66/409343	1086158	NFCORE_RNASEQ:RNASEQ:BAM_RSEQC:RSEQC_INFEREXPERIMENT (Pd2)	COMPLETED	0	2025-08-30 10:50:56.512	3.2s	2s	356.4%	50.4 MB	5.3 GB	39.8 MB	802 B
1336	fb/fb50bb	1068235	NFCORE_RNASEQ:RNASEQ:DUPRADAR (Pd75)	COMPLETED	0	2025-08-30 10:42:23.623	9m 30s	9m 29s	102.4%	426.2 MB	5.6 GB	23.3 GB	7.2 GB
1153	60/97a40d	1086762	NFCORE_RNASEQ:RNASEQ:BAM_RSEQC:RSEQC_JUNCTIONANNOTATION (Pd2)	COMPLETED	0	2025-08-30 10:50:59.758	1m 50s	1m 49s	108.4%	63.7 MB	5.3 GB	3 GB	28.7 MB
1155	8f/082b7d	1090315	NFCORE_RNASEQ:RNASEQ:BAM_RSEQC:RSEQC_INNERDISTANCE (Pd2)	COMPLETED	0	2025-08-30 10:52:49.563	43.2s	42s	121.6%	312.1 MB	5.5 GB	201.7 MB	60.5 MB
1152	f8/6c6274	1092193	NFCORE_RNASEQ:RNASEQ:BAM_RSEQC:RSEQC_READDISTRIBUTION (Pd2)	COMPLETED	0	2025-08-30 10:53:32.807	2m 59s	2m 58s	103.5%	214.1 MB	5.4 GB	3 GB	1.7 KB
1157	2f/74b4bb	1096484	NFCORE_RNASEQ:RNASEQ:ALIGN_STAR:BAM_SORT_STATS_SAMTOOLS:SAMTOOLS_SORT (Pd80)	COMPLETED	0	2025-08-30 10:56:31.444	4m 24s	4m 23s	301.4%	5.2 GB	6.2 GB	9.6 GB	6.5 GB
1346	eb/0e130f	1102450	NFCORE_RNASEQ:RNASEQ:ALIGN_STAR:BAM_SORT_STATS_SAMTOOLS:SAMTOOLS_INDEX (Pd80)	COMPLETED	0	2025-08-30 11:00:56.177	30.5s	30s	167.8%	12.5 MB	220.9 MB	3.2 GB	692.2 KB
1158	13/1f5715	1102155	NFCORE_RNASEQ:RNASEQ:QUANTIFY_STAR_SALMON:SALMON_QUANT (Pd80)	COMPLETED	0	2025-08-30 11:00:55.168	2m 1s	2m 1s	554.7%	3.5 GB	4.2 GB	5.2 GB	11.9 MB
1160	c8/10ecc6	1106218	NFCORE_RNASEQ:RNASEQ:BAM_MARKDUPLICATES_PICARD:PICARD_MARKDUPLICATES (Pd72)	COMPLETED	0	2025-08-30 11:02:56.591	15m 21s	15m 19s	110.7%	22.2 GB	33.6 GB	7.2 GB	3.8 GB
1162	72/22593d	1125386	NFCORE_RNASEQ:RNASEQ:BEDGRAPH_BEDCLIP_BEDGRAPHTOBIGWIG_REVERSE:UCSC_BEDCLIP (Pd16)	COMPLETED	0	2025-08-30 11:18:17.839	7s	6s	87.5%	7.5 MB	18.7 MB	390.9 MB	390.8 MB
1161	2d/370088	1126682	NFCORE_RNASEQ:RNASEQ:BEDGRAPH_BEDCLIP_BEDGRAPHTOBIGWIG_FORWARD:UCSC_BEDCLIP (Pd16)	COMPLETED	0	2025-08-30 11:18:24.828	10.2s	9s	59.6%	7.2 MB	18.7 MB	390.2 MB	390.2 MB
1352	59/6f26dd	1125669	NFCORE_RNASEQ:RNASEQ:BAM_MARKDUPLICATES_PICARD:SAMTOOLS_INDEX (Pd72)	COMPLETED	0	2025-08-30 11:18:18.849	33.4s	33s	167.9%	9.1 MB	220.9 MB	3.8 GB	758 KB
1354	ab/d1f5b0	1129134	NFCORE_RNASEQ:RNASEQ:BEDGRAPH_BEDCLIP_BEDGRAPHTOBIGWIG_REVERSE:UCSC_BEDGRAPHTOBIGWIG (Pd16)	COMPLETED	0	2025-08-30 11:18:52.249	25s	24s	99.7%	54.4 MB	69.8 MB	1.1 GB	72.4 MB
1355	c3/8fb559	1131284	NFCORE_RNASEQ:RNASEQ:BEDGRAPH_BEDCLIP_BEDGRAPHTOBIGWIG_FORWARD:UCSC_BEDGRAPHTOBIGWIG (Pd16)	COMPLETED	0	2025-08-30 11:19:17.209	25.1s	25s	98.4%	53.4 MB	69.1 MB	1.1 GB	72.4 MB
1164	ce/b5e489	1127735	NFCORE_RNASEQ:RNASEQ:ALIGN_STAR:BAM_SORT_STATS_SAMTOOLS:SAMTOOLS_SORT (Pd84)	COMPLETED	0	2025-08-30 11:18:35.042	4m 44s	4m 43s	264.2%	5.2 GB	6.2 GB	9.2 GB	6.1 GB
1165	7c/127a75	1139592	NFCORE_RNASEQ:RNASEQ:QUANTIFY_STAR_SALMON:SALMON_QUANT (Pd84)	COMPLETED	0	2025-08-30 11:23:19.245	2m 8s	2m 8s	536.9%	4 GB	5.3 GB	5.1 GB	11.9 MB
1348	a0/aec65c	1129133	NFCORE_RNASEQ:RNASEQ:DUPRADAR (Pd72)	COMPLETED	0	2025-08-30 11:18:52.245	10m 6s	10m 6s	102.0%	385.8 MB	5.6 GB	22.5 GB	5.1 GB
1363	1b/f56bcb	1151069	NFCORE_RNASEQ:RNASEQ:ALIGN_STAR:BAM_SORT_STATS_SAMTOOLS:SAMTOOLS_INDEX (Pd84)	COMPLETED	0	2025-08-30 11:28:58.435	41.9s	42s	125.2%	12.2 MB	166.9 MB	3 GB	555.8 KB
1166	e1/84500c	1144114	NFCORE_RNASEQ:RNASEQ:ALIGN_STAR:BAM_SORT_STATS_SAMTOOLS:SAMTOOLS_SORT (Pd87)	COMPLETED	0	2025-08-30 11:25:27.736	4m 53s	4m 52s	276.6%	5.2 GB	6.2 GB	9.9 GB	6.8 GB
1365	b4/dd6f6a	1153934	NFCORE_RNASEQ:RNASEQ:ALIGN_STAR:BAM_SORT_STATS_SAMTOOLS:SAMTOOLS_INDEX (Pd87)	COMPLETED	0	2025-08-30 11:30:20.977	31s	30s	164.9%	11.6 MB	220.9 MB	3.3 GB	682.8 KB
1167	0c/f4c244	1153931	NFCORE_RNASEQ:RNASEQ:QUANTIFY_STAR_SALMON:SALMON_QUANT (Pd87)	COMPLETED	0	2025-08-30 11:30:20.969	2m 33s	2m 32s	573.1%	5.2 GB	6.1 GB	6.2 GB	11.9 MB
1168	f0/84e49e	1158553	NFCORE_RNASEQ:RNASEQ:STRINGTIE_STRINGTIE (Pd28)	COMPLETED	0	2025-08-30 11:32:53.901	1m 54s	1m 53s	116.3%	604.6 MB	862.1 MB	3.1 GB	99.9 MB
1171	06/2a456b	1161562	NFCORE_RNASEQ:RNASEQ:BEDTOOLS_GENOMECOV (Pd28)	COMPLETED	0	2025-08-30 11:34:48.117	5m 7s	5m 5s	108.8%	2.2 GB	2.8 GB	6.1 GB	816.8 MB
383	40/328d86	981409	NFCORE_RNASEQ:RNASEQ:ALIGN_STAR:STAR_ALIGN (Pd130)	COMPLETED	0	2025-08-30 09:49:54.465	1h 52m 11s	1h 52m 11s	1181.4%	9.8 GB	11.5 GB	34.4 GB	9.1 GB
1172	e4/1c0920	1169900	NFCORE_RNASEQ:RNASEQ:QUALIMAP_RNASEQ (Pd28)	COMPLETED	0	2025-08-30 11:39:54.960	21m 25s	21m 23s	110.5%	2.9 GB	34.6 GB	23.8 GB	20.8 GB
1173	c9/6e35ac	1211538	NFCORE_RNASEQ:RNASEQ:SUBREAD_FEATURECOUNTS (Pd28)	COMPLETED	0	2025-08-30 12:01:20.433	1m 4s	1m 3s	279.4%	1 GB	1.6 GB	9.4 GB	4.9 GB
1371	35/1c9fe3	1213750	NFCORE_RNASEQ:RNASEQ:MULTIQC_CUSTOM_BIOTYPE (Pd28)	COMPLETED	0	2025-08-30 12:02:25.365	894ms	1s	108.3%	2.5 MB	5.4 MB	8.7 MB	1.1 MB
1176	f8/0610cf	1213403	NFCORE_RNASEQ:RNASEQ:BAM_RSEQC:RSEQC_READDUPLICATION (Pd28)	COMPLETED	0	2025-08-30 12:02:24.359	4m 1s	4m 1s	103.9%	4.2 GB	9.4 GB	2.9 GB	817.7 KB
1180	84/7c31d7	1218759	NFCORE_RNASEQ:RNASEQ:BAM_RSEQC:RSEQC_JUNCTIONANNOTATION (Pd28)	COMPLETED	0	2025-08-30 12:06:25.536	1m 43s	1m 42s	109.1%	63.2 MB	5.3 GB	2.9 GB	26.2 MB
1178	cc/0224af	1221747	NFCORE_RNASEQ:RNASEQ:BAM_RSEQC:RSEQC_INFEREXPERIMENT (Pd28)	COMPLETED	0	2025-08-30 12:08:08.393	3.1s	2s	374.5%	50.1 MB	5.3 GB	39.7 MB	804 B
1177	c1/ddcb3d	1222249	NFCORE_RNASEQ:RNASEQ:BAM_RSEQC:RSEQC_INNERDISTANCE (Pd28)	COMPLETED	0	2025-08-30 12:08:11.506	43.8s	43s	121.2%	312 MB	5.5 GB	224 MB	60.2 MB
1181	e5/d3f130	1223778	NFCORE_RNASEQ:RNASEQ:BAM_RSEQC:RSEQC_READDISTRIBUTION (Pd28)	COMPLETED	0	2025-08-30 12:08:55.354	2m 48s	2m 47s	103.7%	214.7 MB	5.4 GB	2.9 GB	1.7 KB
1179	45/0a5fc8	1227996	NFCORE_RNASEQ:RNASEQ:BAM_RSEQC:RSEQC_BAMSTAT (Pd28)	COMPLETED	0	2025-08-30 12:11:42.882	2m 4s	2m 3s	105.0%	50.2 MB	5.3 GB	2.9 GB	1.3 KB
1182	14/792c51	1231300	NFCORE_RNASEQ:RNASEQ:BAM_RSEQC:RSEQC_JUNCTIONSATURATION (Pd28)	COMPLETED	0	2025-08-30 12:13:47.119	2m 9s	2m 9s	107.2%	605.2 MB	5.8 GB	2.9 GB	27.9 KB
1184	6e/6bf7ec	1234709	NFCORE_RNASEQ:RNASEQ:BAM_MARKDUPLICATES_PICARD:PICARD_MARKDUPLICATES (Pd20)	COMPLETED	0	2025-08-30 12:15:56.451	14m 55s	14m 52s	108.7%	21.1 GB	33.6 GB	6.5 GB	3.4 GB
1186	9d/e88a95	1253532	NFCORE_RNASEQ:RNASEQ:BEDGRAPH_BEDCLIP_BEDGRAPHTOBIGWIG_REVERSE:UCSC_BEDCLIP (Pd66)	COMPLETED	0	2025-08-30 12:30:51.083	4.3s	4s	99.2%	7.5 MB	18.7 MB	257.7 MB	257.6 MB
1185	2e/fa5e77	1254656	NFCORE_RNASEQ:RNASEQ:BEDGRAPH_BEDCLIP_BEDGRAPHTOBIGWIG_FORWARD:UCSC_BEDCLIP (Pd66)	COMPLETED	0	2025-08-30 12:30:55.355	4.8s	4s	88.8%	7.5 MB	18.7 MB	257.6 MB	257.6 MB
1378	f4/1855d2	1254886	NFCORE_RNASEQ:RNASEQ:BEDGRAPH_BEDCLIP_BEDGRAPHTOBIGWIG_REVERSE:UCSC_BEDGRAPHTOBIGWIG (Pd66)	COMPLETED	0	2025-08-30 12:30:56.361	15.7s	15s	98.5%	9.7 MB	24.9 MB	772.9 MB	40.4 MB
1379	5a/70e6a5	1257126	NFCORE_RNASEQ:RNASEQ:BEDGRAPH_BEDCLIP_BEDGRAPHTOBIGWIG_FORWARD:UCSC_BEDGRAPHTOBIGWIG (Pd66)	COMPLETED	0	2025-08-30 12:31:12.062	14.5s	14s	99.7%	19.4 MB	34.6 MB	772.8 MB	40.4 MB
1187	bd/e254ea	1255581	NFCORE_RNASEQ:RNASEQ:ALIGN_STAR:BAM_SORT_STATS_SAMTOOLS:SAMTOOLS_SORT (Pd86)	COMPLETED	0	2025-08-30 12:31:00.196	5m 24s	5m 24s	250.8%	5.2 GB	6.2 GB	9.8 GB	6.7 GB
1188	3c/c74eb8	1267341	NFCORE_RNASEQ:RNASEQ:QUANTIFY_STAR_SALMON:SALMON_QUANT (Pd86)	COMPLETED	0	2025-08-30 12:36:24.304	2m 4s	2m 4s	538.4%	3.9 GB	4.7 GB	4.9 GB	11.9 MB
1375	00/0f6fa1	1253815	NFCORE_RNASEQ:RNASEQ:DUPRADAR (Pd20)	COMPLETED	0	2025-08-30 12:30:52.093	10m 6s	10m 6s	102.5%	389.8 MB	5.6 GB	24.2 GB	7.6 GB
1372	96/f052b1	1278195	NFCORE_RNASEQ:RNASEQ:BAM_MARKDUPLICATES_PICARD:SAMTOOLS_INDEX (Pd20)	COMPLETED	0	2025-08-30 12:40:58.541	30.3s	30s	171.5%	12.5 MB	220.9 MB	3.4 GB	714.9 KB
1380	2b/26a754	1279969	NFCORE_RNASEQ:RNASEQ:ALIGN_STAR:BAM_SORT_STATS_SAMTOOLS:SAMTOOLS_INDEX (Pd86)	COMPLETED	0	2025-08-30 12:41:28.855	32.6s	32s	158.2%	13.8 MB	220.9 MB	3.4 GB	736 KB
1191	5e/8fad37	1271847	NFCORE_RNASEQ:RNASEQ:BAM_MARKDUPLICATES_PICARD:PICARD_MARKDUPLICATES (Pd27)	COMPLETED	0	2025-08-30 12:38:28.310	14m 30s	14m 27s	107.6%	20.4 GB	33.6 GB	6.1 GB	3.2 GB
1192	14/7857ff	1294185	NFCORE_RNASEQ:RNASEQ:BEDGRAPH_BEDCLIP_BEDGRAPHTOBIGWIG_FORWARD:UCSC_BEDCLIP (Pd32)	COMPLETED	0	2025-08-30 12:52:58.187	5.3s	5s	87.6%	7.5 MB	18.7 MB	296.5 MB	296.4 MB
1193	01/3a2d6d	1295084	NFCORE_RNASEQ:RNASEQ:BEDGRAPH_BEDCLIP_BEDGRAPHTOBIGWIG_REVERSE:UCSC_BEDCLIP (Pd32)	COMPLETED	0	2025-08-30 12:53:03.474	5.9s	6s	82.9%	7.5 MB	18.7 MB	296.8 MB	296.7 MB
1393	38/ac4e1d	1294459	NFCORE_RNASEQ:RNASEQ:BAM_MARKDUPLICATES_PICARD:SAMTOOLS_INDEX (Pd27)	COMPLETED	0	2025-08-30 12:52:59.198	29.4s	29s	173.1%	11.6 MB	220.9 MB	3.2 GB	648.8 KB
1395	c3/4ccb68	1297370	NFCORE_RNASEQ:RNASEQ:BEDGRAPH_BEDCLIP_BEDGRAPHTOBIGWIG_FORWARD:UCSC_BEDGRAPHTOBIGWIG (Pd32)	COMPLETED	0	2025-08-30 12:53:28.643	18.2s	17s	96.4%	21.9 MB	37.1 MB	889.3 MB	44.5 MB
1396	57/137353	1299351	NFCORE_RNASEQ:RNASEQ:BEDGRAPH_BEDCLIP_BEDGRAPHTOBIGWIG_REVERSE:UCSC_BEDGRAPHTOBIGWIG (Pd32)	COMPLETED	0	2025-08-30 12:53:46.878	16.9s	16s	99.4%	23.8 MB	39.4 MB	890.2 MB	44.6 MB
1194	f2/c09e7e	1295902	NFCORE_RNASEQ:RNASEQ:ALIGN_STAR:BAM_SORT_STATS_SAMTOOLS:SAMTOOLS_SORT (Pd93)	COMPLETED	0	2025-08-30 12:53:09.405	6m 12s	6m 12s	228.1%	5.2 GB	6.2 GB	10 GB	6.9 GB
1195	09/97743e	1310356	NFCORE_RNASEQ:RNASEQ:QUANTIFY_STAR_SALMON:SALMON_QUANT (Pd93)	COMPLETED	0	2025-08-30 12:59:21.868	2m 3s	2m 2s	534.6%	3.8 GB	4.7 GB	5.1 GB	11.9 MB
1389	df/72dafa	1297364	NFCORE_RNASEQ:RNASEQ:DUPRADAR (Pd27)	COMPLETED	0	2025-08-30 12:53:28.637	11m 44s	11m 43s	99.3%	436.7 MB	5.6 GB	34.3 GB	15.8 GB
1404	ce/3c0083	1322854	NFCORE_RNASEQ:RNASEQ:ALIGN_STAR:BAM_SORT_STATS_SAMTOOLS:SAMTOOLS_INDEX (Pd93)	COMPLETED	0	2025-08-30 13:05:12.702	30.6s	30s	174.0%	10.3 MB	220.9 MB	3.6 GB	678.8 KB
1198	8d/5e079a	1314863	NFCORE_RNASEQ:RNASEQ:QUALIMAP_RNASEQ (Pd21)	COMPLETED	0	2025-08-30 13:01:24.885	27m 46s	27m 43s	90.3%	2.7 GB	34.8 GB	29.7 GB	26.1 GB
384	36/bb0226	1173806	NFCORE_RNASEQ:RNASEQ:ALIGN_STAR:STAR_ALIGN (Pd128)	COMPLETED	0	2025-08-30 11:42:05.386	1h 48m 40s	1h 48m 40s	1177.3%	9.8 GB	11.5 GB	34.5 GB	9.8 GB
1200	f4/1d2ebc	1344363	NFCORE_RNASEQ:RNASEQ:STRINGTIE_STRINGTIE (Pd21)	COMPLETED	0	2025-08-30 13:29:11.173	2m 39s	2m 38s	118.3%	733.7 MB	1 GB	3.6 GB	104.5 MB
1199	6d/f0dffe	1351638	NFCORE_RNASEQ:RNASEQ:BEDTOOLS_GENOMECOV (Pd21)	COMPLETED	0	2025-08-30 13:31:50.156	6m 33s	6m 31s	108.7%	2.8 GB	3.5 GB	7.3 GB	1020.5 MB
1202	62/35f517	1374155	NFCORE_RNASEQ:RNASEQ:SUBREAD_FEATURECOUNTS (Pd21)	COMPLETED	0	2025-08-30 13:38:22.818	2m 11s	2m 9s	207.3%	1.2 GB	1.7 GB	16.5 GB	9.9 GB
1410	bb/c34825	1382908	NFCORE_RNASEQ:RNASEQ:MULTIQC_CUSTOM_BIOTYPE (Pd21)	COMPLETED	0	2025-08-30 13:40:34.542	876ms	0ms	113.0%	2.5 MB	5.4 MB	8.7 MB	1.1 MB
1204	df/64b327	1382577	NFCORE_RNASEQ:RNASEQ:BAM_RSEQC:RSEQC_READDISTRIBUTION (Pd21)	COMPLETED	0	2025-08-30 13:40:33.533	3m 22s	3m 20s	103.1%	214.8 MB	5.4 GB	3.4 GB	1.7 KB
1208	7e/075dfd	1388466	NFCORE_RNASEQ:RNASEQ:BAM_RSEQC:RSEQC_INFEREXPERIMENT (Pd21)	COMPLETED	0	2025-08-30 13:43:55.058	3s	2s	382.0%	50.1 MB	5.3 GB	33.5 MB	804 B
1207	d9/a9ec78	1388952	NFCORE_RNASEQ:RNASEQ:BAM_RSEQC:RSEQC_READDUPLICATION (Pd21)	COMPLETED	0	2025-08-30 13:43:58.062	4m 51s	4m 50s	103.2%	5.3 GB	10.5 GB	3.4 GB	1.1 MB
1206	18/0d07e3	1395438	NFCORE_RNASEQ:RNASEQ:BAM_RSEQC:RSEQC_INNERDISTANCE (Pd21)	COMPLETED	0	2025-08-30 13:48:48.884	47.8s	47s	119.6%	363.9 MB	10.8 GB	322.6 MB	61.3 MB
1203	5a/70d1de	1397213	NFCORE_RNASEQ:RNASEQ:BAM_RSEQC:RSEQC_BAMSTAT (Pd21)	COMPLETED	0	2025-08-30 13:49:36.674	2m 37s	2m 36s	104.1%	46.2 MB	5.3 GB	3.4 GB	1.3 KB
385	13/f06eb7	1346598	NFCORE_RNASEQ:RNASEQ:ALIGN_STAR:STAR_ALIGN (Pd134)	COMPLETED	0	2025-08-30 13:30:45.527	21m 48s	21m 47s	1120.1%	9.8 GB	11.5 GB	34.4 GB	11.5 GB
1205	29/35834f	1401168	NFCORE_RNASEQ:RNASEQ:BAM_RSEQC:RSEQC_JUNCTIONSATURATION (Pd21)	COMPLETED	0	2025-08-30 13:52:14.017	2m 47s	2m 47s	105.8%	855.5 MB	6.1 GB	3.4 GB	28 KB
1209	a7/e03d9e	1411376	NFCORE_RNASEQ:RNASEQ:BAM_RSEQC:RSEQC_JUNCTIONANNOTATION (Pd21)	COMPLETED	0	2025-08-30 13:55:01.364	2m 10s	2m 9s	107.1%	67.2 MB	5.3 GB	3.4 GB	34.6 MB
1210	eb/95f3e2	1418779	NFCORE_RNASEQ:RNASEQ:ALIGN_STAR:BAM_SORT_STATS_SAMTOOLS:SAMTOOLS_SORT (Pd95)	COMPLETED	0	2025-08-30 13:57:11.031	5m 27s	5m 26s	273.9%	5.2 GB	6.2 GB	10.6 GB	7.5 GB
1413	73/26fdbe	1435624	NFCORE_RNASEQ:RNASEQ:ALIGN_STAR:BAM_SORT_STATS_SAMTOOLS:SAMTOOLS_INDEX (Pd95)	COMPLETED	0	2025-08-30 14:02:37.998	33.5s	33s	167.5%	9.7 MB	220.9 MB	3.5 GB	617.5 KB
1211	24/8f999a	1435621	NFCORE_RNASEQ:RNASEQ:QUANTIFY_STAR_SALMON:SALMON_QUANT (Pd95)	COMPLETED	0	2025-08-30 14:02:37.990	1m 58s	1m 57s	548.1%	3.5 GB	4.2 GB	5.1 GB	11.9 MB
1215	24/a65b58	1439677	NFCORE_RNASEQ:RNASEQ:BEDTOOLS_GENOMECOV (Pd69)	COMPLETED	0	2025-08-30 14:04:35.967	6m 54s	6m 52s	111.7%	4.9 GB	6 GB	8.3 GB	1.8 GB
1214	74/dad741	1449996	NFCORE_RNASEQ:RNASEQ:QUALIMAP_RNASEQ (Pd69)	COMPLETED	0	2025-08-30 14:11:29.503	28m 15s	28m 13s	93.5%	1.6 GB	34.2 GB	28.2 GB	24.4 GB
1216	e0/453829	1476519	NFCORE_RNASEQ:RNASEQ:STRINGTIE_STRINGTIE (Pd69)	COMPLETED	0	2025-08-30 14:39:44.517	2m 20s	2m 20s	130.0%	872 MB	1.1 GB	3.9 GB	109.2 MB
1217	cc/863931	1480069	NFCORE_RNASEQ:RNASEQ:SUBREAD_FEATURECOUNTS (Pd69)	COMPLETED	0	2025-08-30 14:42:04.363	32.5s	31s	457.6%	666.6 MB	1.1 GB	5.2 GB	1.1 GB
1417	d6/2ab740	1481724	NFCORE_RNASEQ:RNASEQ:MULTIQC_CUSTOM_BIOTYPE (Pd69)	COMPLETED	0	2025-08-30 14:42:37.823	920ms	0ms	107.2%	5 MB	10.2 MB	8.8 MB	1.1 MB
1224	48/a05d06	1481387	NFCORE_RNASEQ:RNASEQ:BAM_RSEQC:RSEQC_READDISTRIBUTION (Pd69)	COMPLETED	0	2025-08-30 14:42:36.817	4m 34s	4m 33s	102.3%	214.4 MB	5.4 GB	3.8 GB	1.7 KB
1222	05/102ec5	1487781	NFCORE_RNASEQ:RNASEQ:BAM_RSEQC:RSEQC_INFEREXPERIMENT (Pd69)	COMPLETED	0	2025-08-30 14:47:10.972	3s	2s	382.3%	50 MB	5.3 GB	33.6 MB	804 B
1223	5a/c4a901	1488259	NFCORE_RNASEQ:RNASEQ:BAM_RSEQC:RSEQC_JUNCTIONSATURATION (Pd69)	COMPLETED	0	2025-08-30 14:47:13.977	3m 8s	3m 7s	105.0%	1.1 GB	6.4 GB	3.7 GB	28.1 KB
1221	20/9eeb18	1492628	NFCORE_RNASEQ:RNASEQ:BAM_RSEQC:RSEQC_JUNCTIONANNOTATION (Pd69)	COMPLETED	0	2025-08-30 14:50:21.636	2m 40s	2m 39s	105.8%	68.9 MB	5.3 GB	3.7 GB	43.3 MB
1220	4b/0cdc58	1496616	NFCORE_RNASEQ:RNASEQ:BAM_RSEQC:RSEQC_BAMSTAT (Pd69)	COMPLETED	0	2025-08-30 14:53:01.776	3m 18s	3m 17s	103.1%	45.5 MB	5.3 GB	3.7 GB	1.3 KB
1219	d7/368133	1501394	NFCORE_RNASEQ:RNASEQ:BAM_RSEQC:RSEQC_INNERDISTANCE (Pd69)	COMPLETED	0	2025-08-30 14:56:19.635	44s	43s	123.8%	311.9 MB	5.5 GB	158.9 MB	62 MB
386	fb/3949a6	1402167	NFCORE_RNASEQ:RNASEQ:ALIGN_STAR:STAR_ALIGN (Pd137)	COMPLETED	0	2025-08-30 13:52:33.336	1h 4m 50s	1h 4m 49s	1177.2%	9.8 GB	11.5 GB	34.4 GB	9.3 GB
1218	10/90fe5f	1503013	NFCORE_RNASEQ:RNASEQ:BAM_RSEQC:RSEQC_READDUPLICATION (Pd69)	COMPLETED	0	2025-08-30 14:57:03.613	5m 20s	5m 19s	103.2%	8.5 GB	13.8 GB	3.7 GB	541 KB
387	68/489a31	1504161	NFCORE_RNASEQ:RNASEQ:ALIGN_STAR:STAR_ALIGN (Pd142)	COMPLETED	0	2025-08-30 14:57:23.059	12m 15s	12m 15s	959.0%	9.8 GB	11.5 GB	28 GB	8.6 GB
1228	b2/32145a	1520538	NFCORE_RNASEQ:RNASEQ:QUALIMAP_RNASEQ (Pd57)	COMPLETED	0	2025-08-30 15:02:23.629	29m 4s	29m 2s	98.9%	3.4 GB	34.6 GB	28.8 GB	25.3 GB
388	46/2b439a	1544251	NFCORE_RNASEQ:RNASEQ:ALIGN_STAR:STAR_ALIGN (Pd149)	COMPLETED	0	2025-08-30 15:09:38.396	22m 55s	22m 54s	1116.8%	9.8 GB	11.5 GB	34.5 GB	11.3 GB
1227	b2/4b7c39	1581873	NFCORE_RNASEQ:RNASEQ:BEDTOOLS_GENOMECOV (Pd57)	COMPLETED	0	2025-08-30 15:31:27.632	6m 34s	6m 32s	101.8%	2.1 GB	2.7 GB	7.1 GB	767.9 MB
1229	20/a86ffc	1604000	NFCORE_RNASEQ:RNASEQ:STRINGTIE_STRINGTIE (Pd57)	COMPLETED	0	2025-08-30 15:38:01.423	2m 33s	2m 33s	117.1%	671.4 MB	896.4 MB	3.5 GB	103.9 MB
1230	79/f4aa15	1612772	NFCORE_RNASEQ:RNASEQ:SUBREAD_FEATURECOUNTS (Pd57)	COMPLETED	0	2025-08-30 15:40:34.827	4m 7s	4m 5s	120.4%	1.2 GB	1.7 GB	19.2 GB	12 GB
1426	f4/66f36b	1623819	NFCORE_RNASEQ:RNASEQ:MULTIQC_CUSTOM_BIOTYPE (Pd57)	COMPLETED	0	2025-08-30 15:44:42.656	897ms	0ms	106.3%	2.5 MB	5.4 MB	8.7 MB	1.1 MB
1234	c3/158d90	1623491	NFCORE_RNASEQ:RNASEQ:BAM_RSEQC:RSEQC_READDISTRIBUTION (Pd57)	COMPLETED	0	2025-08-30 15:44:41.650	3m 18s	3m 17s	90.0%	213.9 MB	5.4 GB	3.4 GB	1.7 KB
389	2a/8ef47e	1584373	NFCORE_RNASEQ:RNASEQ:ALIGN_STAR:STAR_ALIGN (Pd143)	COMPLETED	0	2025-08-30 15:32:33.009	15m 59s	15m 58s	931.9%	9.8 GB	11.5 GB	33.3 GB	11.5 GB
1235	c9/ece152	1628551	NFCORE_RNASEQ:RNASEQ:BAM_RSEQC:RSEQC_JUNCTIONANNOTATION (Pd57)	COMPLETED	0	2025-08-30 15:47:59.789	1m 55s	1m 54s	108.3%	67.6 MB	5.3 GB	3.4 GB	30 MB
1237	15/2db607	1635836	NFCORE_RNASEQ:RNASEQ:BAM_RSEQC:RSEQC_INNERDISTANCE (Pd57)	COMPLETED	0	2025-08-30 15:49:54.604	53.5s	52s	117.4%	312.3 MB	5.5 GB	498.9 MB	62.8 MB
1236	dc/eb5c9e	1639385	NFCORE_RNASEQ:RNASEQ:BAM_RSEQC:RSEQC_JUNCTIONSATURATION (Pd57)	COMPLETED	0	2025-08-30 15:50:48.148	2m 30s	2m 30s	106.1%	718.2 MB	5.9 GB	3.4 GB	27.9 KB
1239	2d/245619	1647840	NFCORE_RNASEQ:RNASEQ:BAM_RSEQC:RSEQC_BAMSTAT (Pd57)	COMPLETED	0	2025-08-30 15:53:18.384	2m 19s	2m 19s	104.5%	44.7 MB	5.3 GB	3.4 GB	1.3 KB
1240	41/d7056c	1655378	NFCORE_RNASEQ:RNASEQ:BAM_RSEQC:RSEQC_READDUPLICATION (Pd57)	COMPLETED	0	2025-08-30 15:55:37.488	4m 24s	4m 23s	103.6%	3.9 GB	9.1 GB	3.4 GB	1.1 MB
1238	61/eb65f8	1666836	NFCORE_RNASEQ:RNASEQ:BAM_RSEQC:RSEQC_INFEREXPERIMENT (Pd57)	COMPLETED	0	2025-08-30 16:00:01.876	3s	2s	388.1%	50.3 MB	5.3 GB	33.6 MB	804 B
1243	00/401c33	1667318	NFCORE_RNASEQ:RNASEQ:BAM_MARKDUPLICATES_PICARD:PICARD_MARKDUPLICATES (Pd63)	COMPLETED	0	2025-08-30 16:00:04.848	12m 27s	12m 25s	109.3%	18.6 GB	33.6 GB	5.3 GB	2.8 GB
1433	b1/8d31cb	1684478	NFCORE_RNASEQ:RNASEQ:BAM_MARKDUPLICATES_PICARD:SAMTOOLS_INDEX (Pd63)	COMPLETED	0	2025-08-30 16:12:32.507	26.8s	27s	168.6%	9.1 MB	220.9 MB	2.8 GB	520.2 KB
390	9e/ecf748	1629867	NFCORE_RNASEQ:RNASEQ:ALIGN_STAR:STAR_ALIGN (Pd150)	COMPLETED	0	2025-08-30 15:48:32.040	29m 56s	29m 55s	1153.2%	9.7 GB	11.5 GB	34.4 GB	8.7 GB
1244	80/c9581b	1684190	NFCORE_RNASEQ:RNASEQ:ALIGN_STAR:BAM_SORT_STATS_SAMTOOLS:SAMTOOLS_SORT (Pd98)	COMPLETED	0	2025-08-30 16:12:31.495	14m 51s	14m 51s	94.0%	5.2 GB	6.2 GB	9.9 GB	6.8 GB
1245	80/900281	1725175	NFCORE_RNASEQ:RNASEQ:QUANTIFY_STAR_SALMON:SALMON_QUANT (Pd98)	COMPLETED	0	2025-08-30 16:27:22.903	2m 4s	2m 4s	478.9%	3.4 GB	4.2 GB	5.1 GB	11.9 MB
1246	d9/47e131	1730871	NFCORE_RNASEQ:RNASEQ:BEDGRAPH_BEDCLIP_BEDGRAPHTOBIGWIG_FORWARD:UCSC_BEDCLIP (Pd55)	COMPLETED	0	2025-08-30 16:29:27.346	4m 4s	4m 3s	3.9%	7.2 MB	18.7 MB	286.4 MB	286.3 MB
1247	bb/f05faf	1736291	NFCORE_RNASEQ:RNASEQ:BEDGRAPH_BEDCLIP_BEDGRAPHTOBIGWIG_REVERSE:UCSC_BEDCLIP (Pd55)	COMPLETED	0	2025-08-30 16:33:31.102	5.3s	5s	86.8%	7.2 MB	18.7 MB	286.8 MB	286.7 MB
1446	43/1069e1	1736564	NFCORE_RNASEQ:RNASEQ:BEDGRAPH_BEDCLIP_BEDGRAPHTOBIGWIG_FORWARD:UCSC_BEDGRAPHTOBIGWIG (Pd55)	COMPLETED	0	2025-08-30 16:33:32.109	16.1s	15s	97.2%	9.1 MB	24.9 MB	859 MB	43.8 MB
1447	1f/731ce5	1738673	NFCORE_RNASEQ:RNASEQ:BEDGRAPH_BEDCLIP_BEDGRAPHTOBIGWIG_REVERSE:UCSC_BEDGRAPHTOBIGWIG (Pd55)	COMPLETED	0	2025-08-30 16:33:48.225	16.1s	16s	93.8%	9.4 MB	24.9 MB	860.1 MB	43.8 MB
1431	fa/a247e2	1686344	NFCORE_RNASEQ:RNASEQ:DUPRADAR (Pd63)	COMPLETED	0	2025-08-30 16:12:59.317	27m 7s	27m 7s	60.9%	418.9 MB	5.6 GB	56.2 GB	34 GB
1444	65/575935	1747029	NFCORE_RNASEQ:RNASEQ:ALIGN_STAR:BAM_SORT_STATS_SAMTOOLS:SAMTOOLS_INDEX (Pd98)	COMPLETED	0	2025-08-30 16:40:06.475	31.4s	31s	173.6%	8.1 MB	220.9 MB	3.5 GB	653.7 KB
1248	6c/055de1	1737228	NFCORE_RNASEQ:RNASEQ:ALIGN_STAR:BAM_SORT_STATS_SAMTOOLS:SAMTOOLS_SORT (Pd110)	COMPLETED	0	2025-08-30 16:33:36.440	10m 7s	10m 7s	129.5%	5.2 GB	6.2 GB	9.5 GB	6.5 GB
1448	49/39362b	1751546	NFCORE_RNASEQ:RNASEQ:ALIGN_STAR:BAM_SORT_STATS_SAMTOOLS:SAMTOOLS_INDEX (Pd110)	COMPLETED	0	2025-08-30 16:43:43.510	30.5s	30s	164.7%	12.5 MB	220.9 MB	3.2 GB	710.4 KB
1249	8c/fdb039	1751545	NFCORE_RNASEQ:RNASEQ:QUANTIFY_STAR_SALMON:SALMON_QUANT (Pd110)	COMPLETED	0	2025-08-30 16:43:43.506	2m 19s	2m 18s	564.2%	5 GB	6.1 GB	5.4 GB	11.9 MB
1252	22/36624e	1756080	NFCORE_RNASEQ:RNASEQ:BAM_MARKDUPLICATES_PICARD:PICARD_MARKDUPLICATES (Pd7)	COMPLETED	0	2025-08-30 16:46:02.638	15m 14s	15m 12s	111.0%	23.4 GB	33.6 GB	6.5 GB	3.5 GB
1454	e8/15e1a9	1775527	NFCORE_RNASEQ:RNASEQ:BAM_MARKDUPLICATES_PICARD:SAMTOOLS_INDEX (Pd7)	COMPLETED	0	2025-08-30 17:01:17.670	31.9s	31s	172.3%	10 MB	220.9 MB	3.5 GB	696.9 KB
1253	01/468811	1775239	NFCORE_RNASEQ:RNASEQ:ALIGN_STAR:BAM_SORT_STATS_SAMTOOLS:SAMTOOLS_SORT (Pd112)	COMPLETED	0	2025-08-30 17:01:16.659	7m 40s	7m 39s	178.3%	5.2 GB	6.2 GB	9.8 GB	6.7 GB
1254	b8/c0a958	1791097	NFCORE_RNASEQ:RNASEQ:QUANTIFY_STAR_SALMON:SALMON_QUANT (Pd112)	COMPLETED	0	2025-08-30 17:08:56.588	2m 51s	2m 50s	446.1%	4.4 GB	5.3 GB	5.5 GB	11.9 MB
1256	c5/ffd6c1	1796578	NFCORE_RNASEQ:RNASEQ:BEDGRAPH_BEDCLIP_BEDGRAPHTOBIGWIG_REVERSE:UCSC_BEDCLIP (Pd22)	COMPLETED	0	2025-08-30 17:11:47.697	10.2s	9s	53.1%	7.2 MB	18.7 MB	337.2 MB	337.1 MB
1255	10/81fa25	1797653	NFCORE_RNASEQ:RNASEQ:BEDGRAPH_BEDCLIP_BEDGRAPHTOBIGWIG_FORWARD:UCSC_BEDCLIP (Pd22)	COMPLETED	0	2025-08-30 17:11:57.935	5.3s	4s	97.1%	7.2 MB	18.7 MB	336.5 MB	336.5 MB
1465	07/1c5de6	1797654	NFCORE_RNASEQ:RNASEQ:BEDGRAPH_BEDCLIP_BEDGRAPHTOBIGWIG_REVERSE:UCSC_BEDGRAPHTOBIGWIG (Pd22)	COMPLETED	0	2025-08-30 17:11:57.941	21.7s	21s	98.0%	43.1 MB	58.6 MB	1011.3 MB	63.7 MB
1466	78/6521d7	1799825	NFCORE_RNASEQ:RNASEQ:BEDGRAPH_BEDCLIP_BEDGRAPHTOBIGWIG_FORWARD:UCSC_BEDGRAPHTOBIGWIG (Pd22)	COMPLETED	0	2025-08-30 17:12:19.692	42s	41s	61.3%	44.7 MB	60.1 MB	1009.5 MB	63.7 MB
1258	c0/676939	1798591	NFCORE_RNASEQ:RNASEQ:ALIGN_STAR:BAM_SORT_STATS_SAMTOOLS:SAMTOOLS_SORT (Pd119)	COMPLETED	0	2025-08-30 17:12:03.243	7m 45s	7m 44s	177.4%	5.2 GB	6.2 GB	9.6 GB	6.5 GB
1450	e1/a4deb4	1777496	NFCORE_RNASEQ:RNASEQ:DUPRADAR (Pd7)	COMPLETED	0	2025-08-30 17:01:49.613	19m 20s	19m 18s	76.2%	453.5 MB	5.6 GB	45.4 GB	23.6 GB
1463	6b/9c869f	1813279	NFCORE_RNASEQ:RNASEQ:ALIGN_STAR:BAM_SORT_STATS_SAMTOOLS:SAMTOOLS_INDEX (Pd112)	COMPLETED	0	2025-08-30 17:21:09.203	58.4s	58s	103.5%	11.9 MB	220.9 MB	3.4 GB	728.5 KB
1467	c2/aec62b	1815812	NFCORE_RNASEQ:RNASEQ:ALIGN_STAR:BAM_SORT_STATS_SAMTOOLS:SAMTOOLS_INDEX (Pd119)	COMPLETED	0	2025-08-30 17:22:07.587	31.3s	31s	164.0%	12.2 MB	220.9 MB	3.3 GB	735.9 KB
1259	27/06bdb0	1810587	NFCORE_RNASEQ:RNASEQ:QUANTIFY_STAR_SALMON:SALMON_QUANT (Pd119)	COMPLETED	0	2025-08-30 17:19:47.870	3m 27s	3m 26s	372.6%	3.9 GB	4.7 GB	5.5 GB	11.9 MB
1261	ee/c283b3	1818153	NFCORE_RNASEQ:RNASEQ:BEDGRAPH_BEDCLIP_BEDGRAPHTOBIGWIG_REVERSE:UCSC_BEDCLIP (Pd9)	COMPLETED	0	2025-08-30 17:23:14.876	6.1s	5s	94.6%	7.5 MB	18.7 MB	398.7 MB	398.7 MB
1260	7a/e70d3f	1818691	NFCORE_RNASEQ:RNASEQ:BEDGRAPH_BEDCLIP_BEDGRAPHTOBIGWIG_FORWARD:UCSC_BEDCLIP (Pd9)	COMPLETED	0	2025-08-30 17:23:20.962	11.8s	11s	53.7%	6.9 MB	18.7 MB	398.4 MB	398.3 MB
1469	54/87a1f8	1818953	NFCORE_RNASEQ:RNASEQ:BEDGRAPH_BEDCLIP_BEDGRAPHTOBIGWIG_REVERSE:UCSC_BEDGRAPHTOBIGWIG (Pd9)	COMPLETED	0	2025-08-30 17:23:21.971	25.2s	24s	99.4%	51.2 MB	66.9 MB	1.2 GB	72.4 MB
1470	e9/b94e3d	1820790	NFCORE_RNASEQ:RNASEQ:BEDGRAPH_BEDCLIP_BEDGRAPHTOBIGWIG_FORWARD:UCSC_BEDGRAPHTOBIGWIG (Pd9)	COMPLETED	0	2025-08-30 17:23:33.774	25.3s	24s	98.9%	51.2 MB	66.5 MB	1.2 GB	72.4 MB
1262	05/b74574	1820475	NFCORE_RNASEQ:RNASEQ:ALIGN_STAR:BAM_SORT_STATS_SAMTOOLS:SAMTOOLS_SORT (Pd106)	COMPLETED	0	2025-08-30 17:23:32.765	5m 10s	5m 9s	255.2%	5.2 GB	6.2 GB	9.7 GB	6.7 GB
1471	c7/ea7226	1828554	NFCORE_RNASEQ:RNASEQ:ALIGN_STAR:BAM_SORT_STATS_SAMTOOLS:SAMTOOLS_INDEX (Pd106)	COMPLETED	0	2025-08-30 17:28:43.724	30.8s	30s	165.9%	9.4 MB	220.9 MB	3.3 GB	796.4 KB
1263	14/f1700b	1828267	NFCORE_RNASEQ:RNASEQ:QUANTIFY_STAR_SALMON:SALMON_QUANT (Pd106)	COMPLETED	0	2025-08-30 17:28:42.715	2m 3s	2m 2s	555.7%	3.6 GB	4.7 GB	5.3 GB	11.9 MB
1264	f0/bc9dac	1832333	NFCORE_RNASEQ:RNASEQ:ALIGN_STAR:BAM_SORT_STATS_SAMTOOLS:SAMTOOLS_SORT (Pd103)	COMPLETED	0	2025-08-30 17:30:46.089	5m 18s	5m 17s	271.2%	5.2 GB	6.2 GB	10.1 GB	7 GB
1473	29/420a65	1839433	NFCORE_RNASEQ:RNASEQ:ALIGN_STAR:BAM_SORT_STATS_SAMTOOLS:SAMTOOLS_INDEX (Pd103)	COMPLETED	0	2025-08-30 17:36:05.151	32.8s	32s	167.9%	9.7 MB	220.9 MB	3.6 GB	673.3 KB
1265	f1/7c1ca6	1839143	NFCORE_RNASEQ:RNASEQ:QUANTIFY_STAR_SALMON:SALMON_QUANT (Pd103)	COMPLETED	0	2025-08-30 17:36:04.142	1m 53s	1m 53s	551.2%	3.2 GB	4.2 GB	5.2 GB	11.9 MB
1267	76/714a73	1843202	NFCORE_RNASEQ:RNASEQ:ALIGN_STAR:BAM_SORT_STATS_SAMTOOLS:SAMTOOLS_SORT (Pd115)	COMPLETED	0	2025-08-30 17:37:57.611	5m 4s	5m 3s	263.5%	5.2 GB	6.2 GB	9.7 GB	6.7 GB
1475	44/6424e7	1850033	NFCORE_RNASEQ:RNASEQ:ALIGN_STAR:BAM_SORT_STATS_SAMTOOLS:SAMTOOLS_INDEX (Pd115)	COMPLETED	0	2025-08-30 17:43:02.969	28.9s	28s	175.6%	11.5 MB	220.9 MB	3.3 GB	734.1 KB
391	e4/8c2e21	1696776	NFCORE_RNASEQ:RNASEQ:ALIGN_STAR:STAR_ALIGN (Pd152)	COMPLETED	0	2025-08-30 16:18:28.033	1h 25m 15s	1h 25m 14s	981.7%	9.8 GB	11.5 GB	34.4 GB	10.5 GB
1268	f2/aa1580	1849740	NFCORE_RNASEQ:RNASEQ:QUANTIFY_STAR_SALMON:SALMON_QUANT (Pd115)	COMPLETED	0	2025-08-30 17:43:01.960	2m 29s	2m 28s	458.6%	4.2 GB	5.3 GB	5.5 GB	11.9 MB
1269	18/125b0b	1858467	NFCORE_RNASEQ:RNASEQ:STRINGTIE_STRINGTIE (Pd56)	COMPLETED	0	2025-08-30 17:45:30.697	2m 46s	2m 45s	99.6%	684.9 MB	1.1 GB	3.3 GB	104.5 MB
1271	94/8e4522	1852037	NFCORE_RNASEQ:RNASEQ:BEDTOOLS_GENOMECOV (Pd56)	COMPLETED	0	2025-08-30 17:43:42.829	7m 23s	7m 21s	84.2%	2.4 GB	2.9 GB	6.7 GB	870.8 MB
1274	08/09058d	1866049	NFCORE_RNASEQ:RNASEQ:SUBREAD_FEATURECOUNTS (Pd56)	COMPLETED	0	2025-08-30 17:48:16.774	3m 43s	3m 41s	105.5%	1 GB	1.5 GB	16.1 GB	9.8 GB
1481	dd/944609	1876824	NFCORE_RNASEQ:RNASEQ:MULTIQC_CUSTOM_BIOTYPE (Pd56)	COMPLETED	0	2025-08-30 17:52:00.768	915ms	0ms	107.6%	2.8 MB	5.4 MB	8.7 MB	1.1 MB
1279	90/614cb3	1873740	NFCORE_RNASEQ:RNASEQ:BAM_RSEQC:RSEQC_BAMSTAT (Pd56)	COMPLETED	0	2025-08-30 17:51:05.557	2m 10s	2m 8s	106.6%	45.6 MB	5.3 GB	3.2 GB	1.3 KB
1280	c6/0eabd6	1880357	NFCORE_RNASEQ:RNASEQ:BAM_RSEQC:RSEQC_INNERDISTANCE (Pd56)	COMPLETED	0	2025-08-30 17:53:15.132	48.3s	48s	125.2%	312.6 MB	5.5 GB	399.7 MB	62.5 MB
1277	a1/8a4325	1882484	NFCORE_RNASEQ:RNASEQ:BAM_RSEQC:RSEQC_INFEREXPERIMENT (Pd56)	COMPLETED	0	2025-08-30 17:54:03.399	2.8s	2s	522.9%	50 MB	5.3 GB	33.6 MB	806 B
1275	81/a79c09	1876494	NFCORE_RNASEQ:RNASEQ:BAM_RSEQC:RSEQC_READDUPLICATION (Pd56)	COMPLETED	0	2025-08-30 17:51:59.757	4m 2s	4m 1s	105.3%	4.1 GB	9.3 GB	3.2 GB	1.1 MB
1276	89/7c8c58	1883010	NFCORE_RNASEQ:RNASEQ:BAM_RSEQC:RSEQC_JUNCTIONSATURATION (Pd56)	COMPLETED	0	2025-08-30 17:54:06.240	2m 13s	2m 12s	109.5%	712.3 MB	5.9 GB	3.2 GB	27.9 KB
1281	4e/fd040e	1886657	NFCORE_RNASEQ:RNASEQ:BAM_RSEQC:RSEQC_JUNCTIONANNOTATION (Pd56)	COMPLETED	0	2025-08-30 17:56:01.339	1m 50s	1m 49s	111.5%	67.8 MB	5.3 GB	3.2 GB	31.4 MB
1278	e9/fe4aa2	1887898	NFCORE_RNASEQ:RNASEQ:BAM_RSEQC:RSEQC_READDISTRIBUTION (Pd56)	COMPLETED	0	2025-08-30 17:56:18.758	2m 42s	2m 41s	105.3%	215.2 MB	5.4 GB	3.2 GB	1.7 KB
1285	3a/b587ae	1894286	NFCORE_RNASEQ:RNASEQ:ALIGN_STAR:BAM_SORT_STATS_SAMTOOLS:SAMTOOLS_SORT (Pd120)	COMPLETED	0	2025-08-30 17:59:00.711	6m 8s	6m 7s	215.0%	5.2 GB	6.2 GB	9.8 GB	6.7 GB
1482	26/6c29ca	1905942	NFCORE_RNASEQ:RNASEQ:ALIGN_STAR:BAM_SORT_STATS_SAMTOOLS:SAMTOOLS_INDEX (Pd120)	COMPLETED	0	2025-08-30 18:05:09.926	28.7s	28s	179.4%	12.2 MB	220.9 MB	3.3 GB	700.9 KB
1284	86/2bd290	1905635	NFCORE_RNASEQ:RNASEQ:QUANTIFY_STAR_SALMON:SALMON_QUANT (Pd120)	COMPLETED	0	2025-08-30 18:05:08.917	1m 55s	1m 54s	563.4%	3.9 GB	4.7 GB	5.5 GB	11.9 MB
1287	15/c54809	1910670	NFCORE_RNASEQ:RNASEQ:BEDGRAPH_BEDCLIP_BEDGRAPHTOBIGWIG_REVERSE:UCSC_BEDCLIP (Pd38)	COMPLETED	0	2025-08-30 18:07:03.985	6.1s	5s	93.2%	7.5 MB	18.7 MB	394 MB	393.9 MB
1286	22/64b9bb	1911281	NFCORE_RNASEQ:RNASEQ:BEDGRAPH_BEDCLIP_BEDGRAPHTOBIGWIG_FORWARD:UCSC_BEDCLIP (Pd38)	COMPLETED	0	2025-08-30 18:07:10.105	10.7s	10s	56.4%	7.5 MB	18.7 MB	393.6 MB	393.5 MB
1484	6d/ddd07f	1911627	NFCORE_RNASEQ:RNASEQ:BEDGRAPH_BEDCLIP_BEDGRAPHTOBIGWIG_REVERSE:UCSC_BEDGRAPHTOBIGWIG (Pd38)	COMPLETED	0	2025-08-30 18:07:11.114	24.2s	24s	98.4%	58.4 MB	73.6 MB	1.2 GB	73 MB
1485	45/21c57c	1913269	NFCORE_RNASEQ:RNASEQ:BEDGRAPH_BEDCLIP_BEDGRAPHTOBIGWIG_FORWARD:UCSC_BEDGRAPHTOBIGWIG (Pd38)	COMPLETED	0	2025-08-30 18:07:21.859	24.2s	23s	98.1%	58.7 MB	74.1 MB	1.2 GB	73 MB
1273	4a/319c52	1852041	NFCORE_RNASEQ:RNASEQ:QUALIMAP_RNASEQ (Pd56)	COMPLETED	0	2025-08-30 17:43:42.837	25m 30s	25m 28s	98.3%	4.3 GB	34.6 GB	26.5 GB	23.2 GB
1290	c4/1a8944	1916761	NFCORE_RNASEQ:RNASEQ:QUANTIFY_STAR_SALMON:SALMON_QUANT (Pd105)	COMPLETED	0	2025-08-30 18:09:13.272	3m 6s	3m 6s	373.1%	3.3 GB	4.2 GB	5.5 GB	11.9 MB
1289	57/3626a1	1912942	NFCORE_RNASEQ:RNASEQ:ALIGN_STAR:BAM_SORT_STATS_SAMTOOLS:SAMTOOLS_SORT (Pd105)	COMPLETED	0	2025-08-30 18:07:20.850	5m 48s	5m 48s	243.3%	5.2 GB	6.2 GB	10.3 GB	7.3 GB
1486	45/43eaa1	1924269	NFCORE_RNASEQ:RNASEQ:ALIGN_STAR:BAM_SORT_STATS_SAMTOOLS:SAMTOOLS_INDEX (Pd105)	COMPLETED	0	2025-08-30 18:13:10.345	29.9s	29s	180.5%	10.9 MB	220.9 MB	3.6 GB	845.2 KB
1283	8c/c4fb7a	1890945	NFCORE_RNASEQ:RNASEQ:BAM_MARKDUPLICATES_PICARD:PICARD_MARKDUPLICATES (Pd14)	COMPLETED	0	2025-08-30 17:57:51.106	17m 34s	17m 31s	93.1%	20.8 GB	33.6 GB	6.6 GB	3.5 GB
1489	59/167603	1930269	NFCORE_RNASEQ:RNASEQ:BAM_MARKDUPLICATES_PICARD:SAMTOOLS_INDEX (Pd14)	COMPLETED	0	2025-08-30 18:15:25.706	29.4s	28s	180.0%	12.5 MB	220.9 MB	3.5 GB	736.2 KB
1291	7d/2f6316	1922023	NFCORE_RNASEQ:RNASEQ:STRINGTIE_STRINGTIE (Pd46)	COMPLETED	0	2025-08-30 18:12:19.634	4m 14s	4m 13s	80.4%	773.5 MB	1.1 GB	3.7 GB	107.1 MB
1296	2b/409680	1935872	NFCORE_RNASEQ:RNASEQ:SUBREAD_FEATURECOUNTS (Pd46)	COMPLETED	0	2025-08-30 18:16:33.739	46.1s	44s	338.6%	838.6 MB	1.3 GB	7.4 GB	2.8 GB
1501	1e/b6212b	1939309	NFCORE_RNASEQ:RNASEQ:MULTIQC_CUSTOM_BIOTYPE (Pd46)	COMPLETED	0	2025-08-30 18:17:20.899	867ms	0ms	98.5%	5 MB	10.2 MB	8.7 MB	1.1 MB
1301	b7/1caf1e	1938975	NFCORE_RNASEQ:RNASEQ:BAM_RSEQC:RSEQC_BAMSTAT (Pd46)	COMPLETED	0	2025-08-30 18:17:19.890	3m 5s	3m 4s	104.5%	45.8 MB	5.3 GB	3.6 GB	1.3 KB
1292	e8/b108eb	1929969	NFCORE_RNASEQ:RNASEQ:BEDTOOLS_GENOMECOV (Pd46)	COMPLETED	0	2025-08-30 18:15:24.697	6m 14s	6m 12s	111.6%	3.7 GB	4.7 GB	7.8 GB	1.3 GB
1303	ed/144317	1954157	NFCORE_RNASEQ:RNASEQ:BAM_RSEQC:RSEQC_INFEREXPERIMENT (Pd46)	COMPLETED	0	2025-08-30 18:21:38.941	2.9s	2s	489.8%	49.6 MB	5.3 GB	35.6 MB	806 B
1300	10/948d54	1954709	NFCORE_RNASEQ:RNASEQ:BAM_RSEQC:RSEQC_INNERDISTANCE (Pd46)	COMPLETED	0	2025-08-30 18:21:41.844	45.8s	45s	126.8%	312.1 MB	5.5 GB	260.9 MB	62.1 MB
1302	17/aa07a8	1949581	NFCORE_RNASEQ:RNASEQ:BAM_RSEQC:RSEQC_READDISTRIBUTION (Pd46)	COMPLETED	0	2025-08-30 18:20:24.511	3m 50s	3m 49s	103.7%	215.1 MB	5.4 GB	3.6 GB	1.7 KB
1299	db/0675c0	1957629	NFCORE_RNASEQ:RNASEQ:BAM_RSEQC:RSEQC_JUNCTIONANNOTATION (Pd46)	COMPLETED	0	2025-08-30 18:22:27.613	2m 24s	2m 23s	108.5%	68.2 MB	5.3 GB	3.6 GB	39.2 MB
1488	94/43b242	1933031	NFCORE_RNASEQ:RNASEQ:DUPRADAR (Pd14)	COMPLETED	0	2025-08-30 18:15:55.084	9m 49s	9m 48s	103.4%	418.3 MB	5.6 GB	28.5 GB	10.8 GB
1298	47/391916	1962303	NFCORE_RNASEQ:RNASEQ:BAM_RSEQC:RSEQC_JUNCTIONSATURATION (Pd46)	COMPLETED	0	2025-08-30 18:24:14.437	2m 49s	2m 47s	107.5%	1.1 GB	6.4 GB	3.6 GB	28.1 KB
1297	0d/111c8b	1964511	NFCORE_RNASEQ:RNASEQ:BAM_RSEQC:RSEQC_READDUPLICATION (Pd46)	COMPLETED	0	2025-08-30 18:24:51.923	4m 47s	4m 47s	104.3%	6.3 GB	11.5 GB	3.6 GB	776 KB
1309	be/21b2be	1974691	NFCORE_RNASEQ:RNASEQ:SUBREAD_FEATURECOUNTS (Pd15)	COMPLETED	0	2025-08-30 18:29:39.384	55.5s	54s	278.9%	884.3 MB	1.4 GB	7.5 GB	2.9 GB
1504	9e/b42ed4	1977310	NFCORE_RNASEQ:RNASEQ:MULTIQC_CUSTOM_BIOTYPE (Pd15)	COMPLETED	0	2025-08-30 18:30:35.878	953ms	0ms	84.8%	4.7 MB	10.1 MB	8.8 MB	1.1 MB
1304	dc/3f0fb2	1969068	NFCORE_RNASEQ:RNASEQ:BEDTOOLS_GENOMECOV (Pd15)	COMPLETED	0	2025-08-30 18:27:02.973	6m 47s	6m 45s	103.6%	3.9 GB	5 GB	7.7 GB	1.4 GB
1305	76/05fb7b	1984930	NFCORE_RNASEQ:RNASEQ:STRINGTIE_STRINGTIE (Pd15)	COMPLETED	0	2025-08-30 18:33:49.720	2m 18s	2m 17s	126.3%	786.6 MB	1.1 GB	3.7 GB	107.2 MB
1295	18/081472	1923970	NFCORE_RNASEQ:RNASEQ:QUALIMAP_RNASEQ (Pd46)	COMPLETED	0	2025-08-30 18:13:09.337	26m 55s	26m 53s	93.0%	4.5 GB	34.8 GB	28.1 GB	24.4 GB
1314	90/0b776a	1998671	NFCORE_RNASEQ:RNASEQ:BAM_RSEQC:RSEQC_READDUPLICATION (Pd15)	COMPLETED	0	2025-08-30 18:40:04.537	4m 51s	4m 50s	100.7%	7.5 GB	12.7 GB	3.5 GB	728.3 KB
1315	4f/97b74f	2008016	NFCORE_RNASEQ:RNASEQ:BAM_RSEQC:RSEQC_JUNCTIONSATURATION (Pd15)	COMPLETED	0	2025-08-30 18:44:56.026	2m 59s	2m 59s	103.0%	1.2 GB	6.4 GB	3.5 GB	28.2 KB
1318	b7/4f88d1	2012380	NFCORE_RNASEQ:RNASEQ:BAM_RSEQC:RSEQC_INNERDISTANCE (Pd15)	COMPLETED	0	2025-08-30 18:47:55.263	44.3s	44s	128.5%	312.6 MB	5.5 GB	243.1 MB	62.8 MB
1313	f0/6aa657	1989552	NFCORE_RNASEQ:RNASEQ:BAM_MARKDUPLICATES_PICARD:PICARD_MARKDUPLICATES (Pd33)	COMPLETED	0	2025-08-30 18:36:07.532	15m 26s	15m 23s	105.8%	24.3 GB	33.6 GB	6.7 GB	3.6 GB
1316	cd/7dc0bd	2013891	NFCORE_RNASEQ:RNASEQ:BAM_RSEQC:RSEQC_BAMSTAT (Pd15)	COMPLETED	0	2025-08-30 18:48:39.562	2m 57s	2m 56s	104.7%	45.4 MB	5.3 GB	3.5 GB	1.3 KB
1320	46/6d2659	2018317	NFCORE_RNASEQ:RNASEQ:BAM_RSEQC:RSEQC_INFEREXPERIMENT (Pd15)	COMPLETED	0	2025-08-30 18:51:36.374	3s	2s	483.0%	50 MB	5.3 GB	35.3 MB	806 B
1511	f9/a915b7	2017830	NFCORE_RNASEQ:RNASEQ:BAM_MARKDUPLICATES_PICARD:SAMTOOLS_INDEX (Pd33)	COMPLETED	0	2025-08-30 18:51:34.189	30.4s	30s	180.5%	12.2 MB	220.9 MB	3.6 GB	692.5 KB
1319	54/524472	2018984	NFCORE_RNASEQ:RNASEQ:BAM_RSEQC:RSEQC_JUNCTIONANNOTATION (Pd15)	COMPLETED	0	2025-08-30 18:51:39.336	2m 28s	2m 28s	108.3%	68.7 MB	5.3 GB	3.5 GB	39.8 MB
1321	5a/0bf4cc	2026054	NFCORE_RNASEQ:RNASEQ:BEDGRAPH_BEDCLIP_BEDGRAPHTOBIGWIG_REVERSE:UCSC_BEDCLIP (Pd12)	COMPLETED	0	2025-08-30 18:54:07.409	7.3s	7s	88.1%	7.2 MB	18.7 MB	456.3 MB	456.2 MB
1322	c6/aa0014	2026885	NFCORE_RNASEQ:RNASEQ:BEDGRAPH_BEDCLIP_BEDGRAPHTOBIGWIG_FORWARD:UCSC_BEDCLIP (Pd12)	COMPLETED	0	2025-08-30 18:54:14.761	18.1s	17s	42.5%	7.2 MB	18.7 MB	455.8 MB	455.7 MB
1520	a9/7ed882	2027155	NFCORE_RNASEQ:RNASEQ:BEDGRAPH_BEDCLIP_BEDGRAPHTOBIGWIG_REVERSE:UCSC_BEDGRAPHTOBIGWIG (Pd12)	COMPLETED	0	2025-08-30 18:54:15.769	27.3s	26s	99.1%	63.7 MB	79.7 MB	1.3 GB	82.3 MB
1521	d0/620e43	2030061	NFCORE_RNASEQ:RNASEQ:BEDGRAPH_BEDCLIP_BEDGRAPHTOBIGWIG_FORWARD:UCSC_BEDGRAPHTOBIGWIG (Pd12)	COMPLETED	0	2025-08-30 18:54:43.065	28.5s	28s	94.1%	64.4 MB	79.7 MB	1.3 GB	82.3 MB
1317	1c/2e3836	2017497	NFCORE_RNASEQ:RNASEQ:BAM_RSEQC:RSEQC_READDISTRIBUTION (Pd15)	COMPLETED	0	2025-08-30 18:51:33.180	3m 55s	3m 55s	103.7%	214.5 MB	5.4 GB	3.5 GB	1.7 KB
1306	47/07c9b1	1977019	NFCORE_RNASEQ:RNASEQ:QUALIMAP_RNASEQ (Pd15)	COMPLETED	0	2025-08-30 18:30:34.869	26m 15s	26m 12s	94.4%	2.7 GB	34.6 GB	28 GB	24.4 GB
1509	f0/b8d9d1	2020974	NFCORE_RNASEQ:RNASEQ:DUPRADAR (Pd33)	COMPLETED	0	2025-08-30 18:52:04.578	11m	10m 59s	102.6%	430.7 MB	5.6 GB	33.9 GB	14.7 GB
1323	c6/a2e7a0	2028977	NFCORE_RNASEQ:RNASEQ:ALIGN_STAR:BAM_SORT_STATS_SAMTOOLS:SAMTOOLS_SORT (Pd123)	COMPLETED	0	2025-08-30 18:54:32.890	9m 29s	9m 28s	136.7%	5.2 GB	6.2 GB	9.3 GB	6.4 GB
1522	96/7d9b4a	2054734	NFCORE_RNASEQ:RNASEQ:ALIGN_STAR:BAM_SORT_STATS_SAMTOOLS:SAMTOOLS_INDEX (Pd123)	COMPLETED	0	2025-08-30 19:04:02.670	27.4s	26s	174.9%	10.3 MB	220.9 MB	3.1 GB	729.7 KB
1324	d7/b4c06b	2032855	NFCORE_RNASEQ:RNASEQ:QUANTIFY_STAR_SALMON:SALMON_QUANT (Pd123)	COMPLETED	0	2025-08-30 18:55:28.426	10m 27s	10m 27s	214.6%	1.9 GB	2.6 GB	5.1 GB	11.9 MB
1326	7e/870f34	2036477	NFCORE_RNASEQ:RNASEQ:ALIGN_STAR:BAM_SORT_STATS_SAMTOOLS:SAMTOOLS_SORT (Pd122)	COMPLETED	0	2025-08-30 18:56:49.669	9m 58s	9m 57s	139.3%	5.2 GB	6.2 GB	9.8 GB	6.7 GB
1331	6d/40cab9	2062253	NFCORE_RNASEQ:RNASEQ:BEDGRAPH_BEDCLIP_BEDGRAPHTOBIGWIG_REVERSE:UCSC_BEDCLIP (Pd2)	COMPLETED	0	2025-08-30 19:06:48.327	9.5s	9s	48.6%	7.5 MB	18.7 MB	229 MB	228.9 MB
1332	2d/f14c93	2063831	NFCORE_RNASEQ:RNASEQ:BEDGRAPH_BEDCLIP_BEDGRAPHTOBIGWIG_FORWARD:UCSC_BEDCLIP (Pd2)	COMPLETED	0	2025-08-30 19:06:57.824	10.2s	9s	43.6%	7.2 MB	18.7 MB	228.5 MB	228.4 MB
1524	ff/a3e059	2062255	NFCORE_RNASEQ:RNASEQ:ALIGN_STAR:BAM_SORT_STATS_SAMTOOLS:SAMTOOLS_INDEX (Pd122)	COMPLETED	0	2025-08-30 19:06:48.335	28.7s	28s	177.7%	10.9 MB	220.9 MB	3.4 GB	699.5 KB
1327	f9/078792	2054444	NFCORE_RNASEQ:RNASEQ:QUANTIFY_STAR_SALMON:SALMON_QUANT (Pd122)	COMPLETED	0	2025-08-30 19:04:01.661	3m 17s	3m 16s	415.5%	2 GB	3 GB	5.9 GB	11.9 MB
1526	d0/af88e9	2066306	NFCORE_RNASEQ:RNASEQ:BEDGRAPH_BEDCLIP_BEDGRAPHTOBIGWIG_REVERSE:UCSC_BEDGRAPHTOBIGWIG (Pd2)	COMPLETED	0	2025-08-30 19:07:17.005	12.4s	12s	100.3%	20.6 MB	35.6 MB	686.8 MB	35.5 MB
1527	44/bca3b5	2066308	NFCORE_RNASEQ:RNASEQ:BEDGRAPH_BEDCLIP_BEDGRAPHTOBIGWIG_FORWARD:UCSC_BEDGRAPHTOBIGWIG (Pd2)	COMPLETED	0	2025-08-30 19:07:17.012	12.4s	12s	100.2%	20.3 MB	35.6 MB	685.4 MB	35.4 MB
1337	2b/953b34	2066949	NFCORE_RNASEQ:RNASEQ:STRINGTIE_STRINGTIE (Pd75)	COMPLETED	0	2025-08-30 19:07:18.491	2m 26s	2m 26s	116.4%	711 MB	1014.2 MB	3.5 GB	104.5 MB
1335	6b/f62b25	2065009	NFCORE_RNASEQ:RNASEQ:BEDTOOLS_GENOMECOV (Pd75)	COMPLETED	0	2025-08-30 19:07:08.022	7m 34s	7m 32s	89.5%	3.3 GB	4.2 GB	7.2 GB	1.2 GB
1338	17/971d92	2089827	NFCORE_RNASEQ:RNASEQ:SUBREAD_FEATURECOUNTS (Pd75)	COMPLETED	0	2025-08-30 19:14:41.639	43.6s	41s	340.7%	1005.1 MB	1.6 GB	6.8 GB	2.5 GB
1530	4e/dfb996	2092709	NFCORE_RNASEQ:RNASEQ:MULTIQC_CUSTOM_BIOTYPE (Pd75)	COMPLETED	0	2025-08-30 19:15:26.241	914ms	0ms	110.8%	2.8 MB	5.4 MB	8.7 MB	1.1 MB
1344	c1/06b64c	2092372	NFCORE_RNASEQ:RNASEQ:BAM_RSEQC:RSEQC_READDUPLICATION (Pd75)	COMPLETED	0	2025-08-30 19:15:25.235	4m 40s	4m 39s	104.0%	7.5 GB	12.7 GB	3.3 GB	624.9 KB
1329	b8/9000e2	2059302	NFCORE_RNASEQ:RNASEQ:BAM_MARKDUPLICATES_PICARD:PICARD_MARKDUPLICATES (Pd77)	COMPLETED	0	2025-08-30 19:05:55.431	14m 52s	14m 49s	102.3%	21 GB	33.6 GB	6 GB	3.2 GB
1532	70/743fd2	2102850	NFCORE_RNASEQ:RNASEQ:BAM_MARKDUPLICATES_PICARD:SAMTOOLS_INDEX (Pd77)	COMPLETED	0	2025-08-30 19:20:47.987	27.3s	26s	182.8%	10.6 MB	220.9 MB	3.2 GB	540.5 KB
1342	47/d53cc3	2100973	NFCORE_RNASEQ:RNASEQ:BAM_RSEQC:RSEQC_JUNCTIONANNOTATION (Pd75)	COMPLETED	0	2025-08-30 19:20:04.919	2m 11s	2m 10s	109.6%	97.1 MB	10.6 GB	3.3 GB	35.7 MB
1339	65/4c0d0f	2107841	NFCORE_RNASEQ:RNASEQ:BAM_RSEQC:RSEQC_INFEREXPERIMENT (Pd75)	COMPLETED	0	2025-08-30 19:22:16.159	3s	2s	478.9%	49.8 MB	5.3 GB	39.1 MB	806 B
1340	e1/eef04d	2102461	NFCORE_RNASEQ:RNASEQ:BAM_RSEQC:RSEQC_JUNCTIONSATURATION (Pd75)	COMPLETED	0	2025-08-30 19:20:46.978	2m 43s	2m 42s	107.7%	1 GB	6.3 GB	3.3 GB	28 KB
1345	16/6eba8c	2108374	NFCORE_RNASEQ:RNASEQ:BAM_RSEQC:RSEQC_READDISTRIBUTION (Pd75)	COMPLETED	0	2025-08-30 19:22:19.158	3m 35s	3m 34s	103.9%	214.4 MB	5.4 GB	3.4 GB	1.7 KB
1341	61/8f7bba	2111650	NFCORE_RNASEQ:RNASEQ:BAM_RSEQC:RSEQC_BAMSTAT (Pd75)	COMPLETED	0	2025-08-30 19:23:29.581	2m 48s	2m 47s	104.9%	45.9 MB	5.3 GB	3.3 GB	1.3 KB
1343	5a/b941a5	2117363	NFCORE_RNASEQ:RNASEQ:BAM_RSEQC:RSEQC_INNERDISTANCE (Pd75)	COMPLETED	0	2025-08-30 19:25:53.913	43.2s	42s	128.3%	312.6 MB	5.5 GB	191.7 MB	59.4 MB
1534	85/a0dfe9	2104845	NFCORE_RNASEQ:RNASEQ:DUPRADAR (Pd77)	COMPLETED	0	2025-08-30 19:21:15.254	9m 42s	9m 42s	103.9%	413.8 MB	5.6 GB	28.3 GB	11.4 GB
1350	d6/0e5dca	2121154	NFCORE_RNASEQ:RNASEQ:BEDTOOLS_GENOMECOV (Pd72)	COMPLETED	0	2025-08-30 19:26:37.090	8m 10s	8m 9s	92.9%	4.6 GB	5.7 GB	8.4 GB	1.7 GB
1333	9e/f1bc02	2074902	NFCORE_RNASEQ:RNASEQ:QUALIMAP_RNASEQ (Pd75)	COMPLETED	0	2025-08-30 19:09:44.516	25m 24s	25m 22s	101.8%	3.1 GB	34.6 GB	27.1 GB	23.7 GB
1351	a2/70c0b6	2143436	NFCORE_RNASEQ:RNASEQ:STRINGTIE_STRINGTIE (Pd72)	COMPLETED	0	2025-08-30 19:35:08.359	2m 16s	2m 16s	128.9%	868.8 MB	1.1 GB	4 GB	108.8 MB
1353	dd/5450f9	2148558	NFCORE_RNASEQ:RNASEQ:SUBREAD_FEATURECOUNTS (Pd72)	COMPLETED	0	2025-08-30 19:37:24.278	36.1s	35s	399.8%	791.2 MB	1.3 GB	6.3 GB	1.8 GB
1546	fa/1ab4b7	2150766	NFCORE_RNASEQ:RNASEQ:MULTIQC_CUSTOM_BIOTYPE (Pd72)	COMPLETED	0	2025-08-30 19:38:01.425	894ms	1s	108.6%	2.5 MB	5.4 MB	8.8 MB	1.1 MB
1359	36/2390bb	2150351	NFCORE_RNASEQ:RNASEQ:BAM_RSEQC:RSEQC_JUNCTIONANNOTATION (Pd72)	COMPLETED	0	2025-08-30 19:38:00.418	2m 29s	2m 27s	108.5%	69.7 MB	5.3 GB	3.8 GB	42.5 MB
1357	08/fdc61b	2155601	NFCORE_RNASEQ:RNASEQ:BAM_RSEQC:RSEQC_INNERDISTANCE (Pd72)	COMPLETED	0	2025-08-30 19:40:28.981	43.4s	43s	128.3%	312.3 MB	5.5 GB	159.3 MB	63.1 MB
1347	4c/4bab40	2119024	NFCORE_RNASEQ:RNASEQ:BAM_MARKDUPLICATES_PICARD:PICARD_MARKDUPLICATES (Pd80)	COMPLETED	0	2025-08-30 19:26:17.782	15m 43s	15m 41s	99.7%	23.7 GB	33.6 GB	6.5 GB	3.4 GB
1362	73/4be6b1	2157793	NFCORE_RNASEQ:RNASEQ:BAM_RSEQC:RSEQC_BAMSTAT (Pd72)	COMPLETED	0	2025-08-30 19:41:12.340	3m 14s	3m 14s	104.3%	45.3 MB	5.3 GB	3.8 GB	1.3 KB
1361	8b/dc375f	2168311	NFCORE_RNASEQ:RNASEQ:BAM_RSEQC:RSEQC_INFEREXPERIMENT (Pd72)	COMPLETED	0	2025-08-30 19:44:26.760	2.9s	2s	501.4%	49.6 MB	5.3 GB	33.3 MB	806 B
1360	8b/dcc49f	2159989	NFCORE_RNASEQ:RNASEQ:BAM_RSEQC:RSEQC_JUNCTIONSATURATION (Pd72)	COMPLETED	0	2025-08-30 19:42:00.794	3m	2m 59s	107.0%	1.2 GB	6.4 GB	3.8 GB	28.1 KB
1358	08/764e2c	2170613	NFCORE_RNASEQ:RNASEQ:BAM_RSEQC:RSEQC_READDISTRIBUTION (Pd72)	COMPLETED	0	2025-08-30 19:45:00.613	4m 14s	4m 13s	103.3%	214.3 MB	5.4 GB	3.8 GB	1.7 KB
1356	3d/555824	2168788	NFCORE_RNASEQ:RNASEQ:BAM_RSEQC:RSEQC_READDUPLICATION (Pd72)	COMPLETED	0	2025-08-30 19:44:29.641	4m 55s	4m 54s	104.2%	8.2 GB	13.4 GB	3.8 GB	636.7 KB
1549	6e/c0be75	2160325	NFCORE_RNASEQ:RNASEQ:DUPRADAR (Pd80)	COMPLETED	0	2025-08-30 19:42:01.802	10m 2s	10m 1s	102.6%	398.4 MB	5.6 GB	28.8 GB	11.1 GB
1548	98/8fcf1e	2190141	NFCORE_RNASEQ:RNASEQ:BAM_MARKDUPLICATES_PICARD:SAMTOOLS_INDEX (Pd80)	COMPLETED	0	2025-08-30 19:52:04.028	29.4s	29s	179.3%	12.8 MB	220.9 MB	3.4 GB	702.2 KB
1349	65/c1352d	2141460	NFCORE_RNASEQ:RNASEQ:QUALIMAP_RNASEQ (Pd72)	COMPLETED	0	2025-08-30 19:34:47.340	27m 54s	27m 51s	103.6%	3 GB	34.6 GB	28.5 GB	24.6 GB
1368	64/324f45	2207018	NFCORE_RNASEQ:RNASEQ:BEDGRAPH_BEDCLIP_BEDGRAPHTOBIGWIG_FORWARD:UCSC_BEDCLIP (Pd28)	COMPLETED	0	2025-08-30 20:02:40.995	5s	4s	59.7%	6.9 MB	18.7 MB	204.2 MB	204.1 MB
1367	ff/f1d47d	2207512	NFCORE_RNASEQ:RNASEQ:BEDGRAPH_BEDCLIP_BEDGRAPHTOBIGWIG_REVERSE:UCSC_BEDCLIP (Pd28)	COMPLETED	0	2025-08-30 20:02:46.030	4.5s	4s	75.3%	7.2 MB	18.7 MB	204.4 MB	204.3 MB
1560	a7/89c67f	2207784	NFCORE_RNASEQ:RNASEQ:BEDGRAPH_BEDCLIP_BEDGRAPHTOBIGWIG_FORWARD:UCSC_BEDGRAPHTOBIGWIG (Pd28)	COMPLETED	0	2025-08-30 20:02:47.041	11.5s	11s	97.7%	19.1 MB	34.9 MB	612.3 MB	32.4 MB
1561	90/754ef7	2208280	NFCORE_RNASEQ:RNASEQ:BEDGRAPH_BEDCLIP_BEDGRAPHTOBIGWIG_REVERSE:UCSC_BEDGRAPHTOBIGWIG (Pd28)	COMPLETED	0	2025-08-30 20:02:50.536	11.9s	10s	97.1%	19.4 MB	35.1 MB	613 MB	32.4 MB
1364	21/c1ddbe	2180157	NFCORE_RNASEQ:RNASEQ:BAM_MARKDUPLICATES_PICARD:PICARD_MARKDUPLICATES (Pd84)	COMPLETED	0	2025-08-30 19:49:14.324	14m 48s	14m 46s	103.9%	20.9 GB	33.6 GB	6.1 GB	3.2 GB
1564	8c/95a6fa	2211306	NFCORE_RNASEQ:RNASEQ:BAM_MARKDUPLICATES_PICARD:SAMTOOLS_INDEX (Pd84)	COMPLETED	0	2025-08-30 20:04:02.904	29.1s	28s	178.6%	12.5 MB	220.9 MB	3.2 GB	564.5 KB
1366	f8/199189	2181736	NFCORE_RNASEQ:RNASEQ:BAM_MARKDUPLICATES_PICARD:PICARD_MARKDUPLICATES (Pd87)	COMPLETED	0	2025-08-30 19:49:25.085	15m 28s	15m 25s	102.8%	21.1 GB	33.6 GB	6.7 GB	3.6 GB
1369	5e/705543	2208278	NFCORE_RNASEQ:RNASEQ:ALIGN_STAR:BAM_SORT_STATS_SAMTOOLS:SAMTOOLS_SORT (Pd130)	COMPLETED	0	2025-08-30 20:02:50.529	13m 10s	13m 9s	93.8%	5.2 GB	6.2 GB	8.7 GB	5.9 GB
1579	6f/658fa4	2215487	NFCORE_RNASEQ:RNASEQ:DUPRADAR (Pd87)	COMPLETED	0	2025-08-30 20:04:53.616	11m 10s	11m 9s	98.4%	380.8 MB	5.5 GB	33.7 GB	14.4 GB
1370	7a/77bc7e	2211304	NFCORE_RNASEQ:RNASEQ:QUANTIFY_STAR_SALMON:SALMON_QUANT (Pd130)	COMPLETED	0	2025-08-30 20:04:02.897	14m 37s	14m 36s	160.7%	1.8 GB	2.8 GB	3.6 GB	11.9 MB
1377	18/ee4e2d	2249399	NFCORE_RNASEQ:RNASEQ:SUBREAD_FEATURECOUNTS (Pd20)	COMPLETED	0	2025-08-30 20:16:00.331	2m 49s	2m 48s	88.9%	815.7 MB	1.3 GB	6.8 GB	2.5 GB
1583	ba/93c9e4	2254679	NFCORE_RNASEQ:RNASEQ:MULTIQC_CUSTOM_BIOTYPE (Pd20)	COMPLETED	0	2025-08-30 20:18:50.419	977ms	1s	103.4%	2.5 MB	5.4 MB	8.8 MB	1.1 MB
1373	57/0bc1a0	2254340	NFCORE_RNASEQ:RNASEQ:STRINGTIE_STRINGTIE (Pd20)	COMPLETED	0	2025-08-30 20:18:49.407	2m 15s	2m 15s	127.5%	693.6 MB	922.8 MB	3.6 GB	107.1 MB
1374	74/6cfaaf	2215207	NFCORE_RNASEQ:RNASEQ:BEDTOOLS_GENOMECOV (Pd20)	COMPLETED	0	2025-08-30 20:04:52.611	17m 32s	17m 29s	47.0%	3.6 GB	4.6 GB	7.6 GB	1.5 GB
1385	ae/fe05ca	2263647	NFCORE_RNASEQ:RNASEQ:BAM_RSEQC:RSEQC_BAMSTAT (Pd20)	COMPLETED	0	2025-08-30 20:22:24.222	2m 56s	2m 55s	104.8%	45.6 MB	5.3 GB	3.4 GB	1.3 KB
1386	c9/f5b752	2272079	NFCORE_RNASEQ:RNASEQ:BAM_RSEQC:RSEQC_READDISTRIBUTION (Pd20)	COMPLETED	0	2025-08-30 20:25:19.829	3m 51s	3m 50s	103.7%	214.2 MB	5.4 GB	3.5 GB	1.7 KB
1562	8c/936536	2213654	NFCORE_RNASEQ:RNASEQ:DUPRADAR (Pd84)	COMPLETED	0	2025-08-30 20:04:31.965	25m 15s	25m 14s	60.1%	428.4 MB	5.6 GB	52.1 GB	29.5 GB
1576	9e/bed11c	2284101	NFCORE_RNASEQ:RNASEQ:BAM_MARKDUPLICATES_PICARD:SAMTOOLS_INDEX (Pd87)	COMPLETED	0	2025-08-30 20:29:47.065	30.2s	30s	177.2%	12.8 MB	220.9 MB	3.6 GB	692.9 KB
1581	ce/d3b693	2286014	NFCORE_RNASEQ:RNASEQ:ALIGN_STAR:BAM_SORT_STATS_SAMTOOLS:SAMTOOLS_INDEX (Pd130)	COMPLETED	0	2025-08-30 20:30:17.245	24.8s	24s	183.3%	11.2 MB	220.9 MB	2.9 GB	654.4 KB
1384	3d/17dbb1	2282119	NFCORE_RNASEQ:RNASEQ:BAM_RSEQC:RSEQC_JUNCTIONSATURATION (Pd20)	COMPLETED	0	2025-08-30 20:29:10.854	2m 56s	2m 55s	107.3%	1.2 GB	6.4 GB	3.4 GB	28.1 KB
1382	91/206df1	2289287	NFCORE_RNASEQ:RNASEQ:BAM_RSEQC:RSEQC_JUNCTIONANNOTATION (Pd20)	COMPLETED	0	2025-08-30 20:32:06.552	2m 24s	2m 23s	108.3%	68.3 MB	5.3 GB	3.5 GB	41.7 MB
1387	85/e201a8	2292463	NFCORE_RNASEQ:RNASEQ:BAM_RSEQC:RSEQC_INFEREXPERIMENT (Pd20)	COMPLETED	0	2025-08-30 20:34:30.876	2.9s	2s	511.3%	50.3 MB	5.3 GB	34.8 MB	806 B
1383	3b/6247e0	2292937	NFCORE_RNASEQ:RNASEQ:BAM_RSEQC:RSEQC_INNERDISTANCE (Pd20)	COMPLETED	0	2025-08-30 20:34:33.743	43s	42s	129.2%	312.3 MB	5.5 GB	213.9 MB	61.5 MB
1388	89/d72139	2294509	NFCORE_RNASEQ:RNASEQ:BAM_RSEQC:RSEQC_READDUPLICATION (Pd20)	COMPLETED	0	2025-08-30 20:35:16.706	4m 55s	4m 54s	103.7%	7.5 GB	12.7 GB	3.4 GB	747.9 KB
1381	b6/b8183f	2259643	NFCORE_RNASEQ:RNASEQ:BAM_MARKDUPLICATES_PICARD:PICARD_MARKDUPLICATES (Pd86)	COMPLETED	0	2025-08-30 20:21:04.683	21m 19s	21m 17s	78.9%	23 GB	33.6 GB	6.8 GB	3.6 GB
1391	af/5f97d8	2300019	NFCORE_RNASEQ:RNASEQ:STRINGTIE_STRINGTIE (Pd27)	COMPLETED	0	2025-08-30 20:40:11.382	2m 15s	2m 15s	113.3%	620.2 MB	902.2 MB	3.4 GB	102.6 MB
1597	64/7b7962	2303269	NFCORE_RNASEQ:RNASEQ:BAM_MARKDUPLICATES_PICARD:SAMTOOLS_INDEX (Pd86)	COMPLETED	0	2025-08-30 20:42:24.818	30.9s	30s	179.4%	13.1 MB	220.9 MB	3.6 GB	745.8 KB
1376	39/635689	2253118	NFCORE_RNASEQ:RNASEQ:QUALIMAP_RNASEQ (Pd20)	COMPLETED	0	2025-08-30 20:18:39.741	26m 42s	26m 40s	101.0%	3.2 GB	34.8 GB	27.8 GB	24.3 GB
1394	ba/c5bc35	2314026	NFCORE_RNASEQ:RNASEQ:SUBREAD_FEATURECOUNTS (Pd27)	COMPLETED	0	2025-08-30 20:45:21.537	58.2s	56s	292.4%	1 GB	1.5 GB	9.3 GB	4.5 GB
1606	a8/afb75b	2318195	NFCORE_RNASEQ:RNASEQ:MULTIQC_CUSTOM_BIOTYPE (Pd27)	COMPLETED	0	2025-08-30 20:46:20.793	977ms	0ms	105.7%	2.5 MB	5.4 MB	8.7 MB	1.1 MB
1403	9f/201095	2317861	NFCORE_RNASEQ:RNASEQ:BAM_RSEQC:RSEQC_INFEREXPERIMENT (Pd27)	COMPLETED	0	2025-08-30 20:46:19.787	3.3s	2s	460.3%	50.5 MB	5.3 GB	39.3 MB	806 B
1392	7d/7aa67d	2303918	NFCORE_RNASEQ:RNASEQ:BEDTOOLS_GENOMECOV (Pd27)	COMPLETED	0	2025-08-30 20:42:26.868	5m 35s	5m 33s	109.7%	2.7 GB	3.4 GB	7 GB	1012.3 MB
1397	f4/e35502	2318814	NFCORE_RNASEQ:RNASEQ:BAM_RSEQC:RSEQC_BAMSTAT (Pd27)	COMPLETED	0	2025-08-30 20:46:23.080	2m 27s	2m 26s	105.7%	45.1 MB	5.3 GB	3.3 GB	1.3 KB
1401	f9/0078af	2324707	NFCORE_RNASEQ:RNASEQ:BAM_RSEQC:RSEQC_JUNCTIONANNOTATION (Pd27)	COMPLETED	0	2025-08-30 20:48:01.808	1m 59s	1m 58s	110.5%	69.3 MB	5.3 GB	3.3 GB	31.8 MB
1402	f1/972af4	2331923	NFCORE_RNASEQ:RNASEQ:BAM_RSEQC:RSEQC_READDISTRIBUTION (Pd27)	COMPLETED	0	2025-08-30 20:50:00.480	3m 11s	3m 10s	104.3%	214.7 MB	5.4 GB	3.3 GB	1.7 KB
1399	97/1b554b	2327775	NFCORE_RNASEQ:RNASEQ:BAM_RSEQC:RSEQC_READDUPLICATION (Pd27)	COMPLETED	0	2025-08-30 20:48:49.596	4m 24s	4m 22s	104.4%	5.4 GB	10.6 GB	3.3 GB	883.8 KB
1400	7f/d1a509	2340937	NFCORE_RNASEQ:RNASEQ:BAM_RSEQC:RSEQC_INNERDISTANCE (Pd27)	COMPLETED	0	2025-08-30 20:53:13.207	44.2s	44s	127.8%	312.3 MB	5.5 GB	239.9 MB	61.2 MB
1593	f2/16aa0e	2306975	NFCORE_RNASEQ:RNASEQ:DUPRADAR (Pd86)	COMPLETED	0	2025-08-30 20:42:55.727	11m 25s	11m 24s	102.8%	407.7 MB	5.6 GB	36.5 GB	16.6 GB
1398	fc/d26154	2340454	NFCORE_RNASEQ:RNASEQ:BAM_RSEQC:RSEQC_JUNCTIONSATURATION (Pd27)	COMPLETED	0	2025-08-30 20:53:11.636	2m 26s	2m 25s	108.0%	792.1 MB	6 GB	3.3 GB	27.9 KB
1406	d6/031388	2347714	NFCORE_RNASEQ:RNASEQ:ALIGN_STAR:BAM_SORT_STATS_SAMTOOLS:SAMTOOLS_SORT (Pd128)	COMPLETED	0	2025-08-30 20:55:37.265	5m 27s	5m 26s	227.7%	5.2 GB	6.2 GB	9 GB	6.1 GB
1609	c0/df4f65	2358131	NFCORE_RNASEQ:RNASEQ:ALIGN_STAR:BAM_SORT_STATS_SAMTOOLS:SAMTOOLS_INDEX (Pd128)	COMPLETED	0	2025-08-30 21:01:05.025	27.5s	27s	181.3%	12.8 MB	220.9 MB	3.1 GB	723.8 KB
1407	cc/b9d4fe	2357832	NFCORE_RNASEQ:RNASEQ:QUANTIFY_STAR_SALMON:SALMON_QUANT (Pd128)	COMPLETED	0	2025-08-30 21:01:04.020	1m 32s	1m 31s	534.6%	3.4 GB	4.2 GB	3.9 GB	11.9 MB
1408	70/c4af0f	2362269	NFCORE_RNASEQ:RNASEQ:BEDGRAPH_BEDCLIP_BEDGRAPHTOBIGWIG_REVERSE:UCSC_BEDCLIP (Pd21)	COMPLETED	0	2025-08-30 21:02:36.119	4.3s	4s	90.5%	6.9 MB	18.7 MB	255.4 MB	255.3 MB
1409	a4/99d76a	2362747	NFCORE_RNASEQ:RNASEQ:BEDGRAPH_BEDCLIP_BEDGRAPHTOBIGWIG_FORWARD:UCSC_BEDCLIP (Pd21)	COMPLETED	0	2025-08-30 21:02:40.396	5.5s	5s	75.2%	6.9 MB	18.7 MB	255 MB	255 MB
1611	17/8a694b	2363093	NFCORE_RNASEQ:RNASEQ:BEDGRAPH_BEDCLIP_BEDGRAPHTOBIGWIG_REVERSE:UCSC_BEDGRAPHTOBIGWIG (Pd21)	COMPLETED	0	2025-08-30 21:02:41.405	13.9s	14s	98.4%	17.8 MB	33 MB	766 MB	38.5 MB
1612	a7/a759ac	2364103	NFCORE_RNASEQ:RNASEQ:BEDGRAPH_BEDCLIP_BEDGRAPHTOBIGWIG_FORWARD:UCSC_BEDGRAPHTOBIGWIG (Pd21)	COMPLETED	0	2025-08-30 21:02:46.873	14s	13s	96.1%	17.2 MB	32.5 MB	765 MB	38.4 MB
1390	d3/fe3db2	2302974	NFCORE_RNASEQ:RNASEQ:QUALIMAP_RNASEQ (Pd27)	COMPLETED	0	2025-08-30 20:42:23.808	24m 25s	24m 22s	99.7%	3 GB	34.7 GB	26.4 GB	23 GB
1411	07/f72dd9	2363783	NFCORE_RNASEQ:RNASEQ:ALIGN_STAR:BAM_SORT_STATS_SAMTOOLS:SAMTOOLS_SORT (Pd134)	COMPLETED	0	2025-08-30 21:02:45.868	5m 24s	5m 23s	248.0%	5.2 GB	6.2 GB	9.7 GB	6.6 GB
1613	7d/3a0cbd	2373278	NFCORE_RNASEQ:RNASEQ:ALIGN_STAR:BAM_SORT_STATS_SAMTOOLS:SAMTOOLS_INDEX (Pd134)	COMPLETED	0	2025-08-30 21:08:10.705	28.9s	28s	179.7%	10.9 MB	220.9 MB	3.3 GB	730.3 KB
1412	51/a8dfe0	2370272	NFCORE_RNASEQ:RNASEQ:QUANTIFY_STAR_SALMON:SALMON_QUANT (Pd134)	COMPLETED	0	2025-08-30 21:06:48.894	1m 59s	1m 58s	484.8%	3.2 GB	4.2 GB	5.3 GB	11.9 MB
1416	a6/36896b	2376290	NFCORE_RNASEQ:RNASEQ:BEDGRAPH_BEDCLIP_BEDGRAPHTOBIGWIG_REVERSE:UCSC_BEDCLIP (Pd69)	COMPLETED	0	2025-08-30 21:08:47.771	8.1s	7s	82.0%	7.2 MB	18.7 MB	456.2 MB	456.1 MB
1415	d9/1da6cb	2377094	NFCORE_RNASEQ:RNASEQ:BEDGRAPH_BEDCLIP_BEDGRAPHTOBIGWIG_FORWARD:UCSC_BEDCLIP (Pd69)	COMPLETED	0	2025-08-30 21:08:55.838	19.4s	18s	39.9%	7.2 MB	18.7 MB	455.7 MB	455.6 MB
1615	f8/8feb5f	2377359	NFCORE_RNASEQ:RNASEQ:BEDGRAPH_BEDCLIP_BEDGRAPHTOBIGWIG_REVERSE:UCSC_BEDGRAPHTOBIGWIG (Pd69)	COMPLETED	0	2025-08-30 21:08:56.847	1m 2s	1m 1s	51.8%	64.1 MB	79.7 MB	1.3 GB	82.9 MB
1616	32/fb457d	2379185	NFCORE_RNASEQ:RNASEQ:BEDGRAPH_BEDCLIP_BEDGRAPHTOBIGWIG_FORWARD:UCSC_BEDGRAPHTOBIGWIG (Pd69)	COMPLETED	0	2025-08-30 21:09:15.268	56.2s	56s	55.3%	58.1 MB	73.9 MB	1.3 GB	82.9 MB
1405	6d/ce52ad	2343191	NFCORE_RNASEQ:RNASEQ:BAM_MARKDUPLICATES_PICARD:PICARD_MARKDUPLICATES (Pd93)	COMPLETED	0	2025-08-30 20:53:57.382	18m 16s	18m 14s	95.8%	21.9 GB	33.6 GB	7.1 GB	3.8 GB
1418	39/5f6f16	2379183	NFCORE_RNASEQ:RNASEQ:ALIGN_STAR:BAM_SORT_STATS_SAMTOOLS:SAMTOOLS_SORT (Pd137)	COMPLETED	0	2025-08-30 21:09:15.260	7m 36s	7m 36s	161.3%	5.2 GB	6.2 GB	8.7 GB	5.8 GB
1419	6a/aff421	2386757	NFCORE_RNASEQ:RNASEQ:QUANTIFY_STAR_SALMON:SALMON_QUANT (Pd137)	COMPLETED	0	2025-08-30 21:12:13.675	10m 17s	10m 16s	173.5%	1.9 GB	2.7 GB	3.8 GB	11.9 MB
1420	c4/44d693	2401405	NFCORE_RNASEQ:RNASEQ:ALIGN_STAR:BAM_SORT_STATS_SAMTOOLS:SAMTOOLS_SORT (Pd142)	COMPLETED	0	2025-08-30 21:16:51.602	11m 14s	11m 13s	96.3%	5.2 GB	6.2 GB	7.6 GB	5.2 GB
1421	7b/fcb422	2413861	NFCORE_RNASEQ:RNASEQ:QUANTIFY_STAR_SALMON:SALMON_QUANT (Pd142)	COMPLETED	0	2025-08-30 21:22:30.749	10m 57s	10m 55s	173.7%	1.9 GB	2.6 GB	3.7 GB	11.9 MB
1423	75/af7461	2422330	NFCORE_RNASEQ:RNASEQ:QUANTIFY_STAR_SALMON:SALMON_QUANT (Pd149)	COMPLETED	0	2025-08-30 21:28:05.864	8m 41s	8m 40s	216.8%	3.9 GB	4.7 GB	5.3 GB	11.9 MB
1414	56/f34732	2372983	NFCORE_RNASEQ:RNASEQ:BAM_MARKDUPLICATES_PICARD:PICARD_MARKDUPLICATES (Pd95)	COMPLETED	0	2025-08-30 21:08:09.696	29m 14s	29m 12s	63.9%	21.3 GB	33.6 GB	7 GB	3.7 GB
1424	42/4d53be	2436417	NFCORE_RNASEQ:RNASEQ:BEDGRAPH_BEDCLIP_BEDGRAPHTOBIGWIG_REVERSE:UCSC_BEDCLIP (Pd57)	COMPLETED	0	2025-08-30 21:36:46.414	2m 36s	2m 36s	5.0%	7.2 MB	18.7 MB	192.1 MB	192 MB
1425	ed/ddd853	2438223	NFCORE_RNASEQ:RNASEQ:BEDGRAPH_BEDCLIP_BEDGRAPHTOBIGWIG_FORWARD:UCSC_BEDCLIP (Pd57)	COMPLETED	0	2025-08-30 21:37:24.326	3m 19s	3m 19s	3.8%	7.2 MB	18.7 MB	192 MB	191.9 MB
1618	57/755d1e	2387054	NFCORE_RNASEQ:RNASEQ:DUPRADAR (Pd93)	COMPLETED	0	2025-08-30 21:12:14.685	31m 53s	31m 52s	52.9%	450.2 MB	5.6 GB	55.7 GB	30.5 GB
1633	f8/cc3c0b	2458383	NFCORE_RNASEQ:RNASEQ:BEDGRAPH_BEDCLIP_BEDGRAPHTOBIGWIG_REVERSE:UCSC_BEDGRAPHTOBIGWIG (Pd57)	COMPLETED	0	2025-08-30 21:44:07.506	11.1s	11s	95.1%	20.9 MB	36.7 MB	576.2 MB	30.5 MB
1634	43/127aa0	2459519	NFCORE_RNASEQ:RNASEQ:BEDGRAPH_BEDCLIP_BEDGRAPHTOBIGWIG_FORWARD:UCSC_BEDGRAPHTOBIGWIG (Pd57)	COMPLETED	0	2025-08-30 21:44:18.575	11s	10s	96.0%	21.6 MB	36.8 MB	575.8 MB	30.5 MB
1422	ab/0fb262	2430640	NFCORE_RNASEQ:RNASEQ:ALIGN_STAR:BAM_SORT_STATS_SAMTOOLS:SAMTOOLS_SORT (Pd149)	COMPLETED	0	2025-08-30 21:33:27.385	19m 23s	19m 23s	69.3%	5.2 GB	6.2 GB	9.5 GB	6.4 GB
1427	6f/5eca06	2444764	NFCORE_RNASEQ:RNASEQ:ALIGN_STAR:BAM_SORT_STATS_SAMTOOLS:SAMTOOLS_SORT (Pd143)	COMPLETED	0	2025-08-30 21:39:22.828	24m 39s	24m 38s	55.1%	5.2 GB	6.2 GB	9.9 GB	7 GB
1428	46/059470	2449051	NFCORE_RNASEQ:RNASEQ:QUANTIFY_STAR_SALMON:SALMON_QUANT (Pd143)	COMPLETED	0	2025-08-30 21:40:43.507	35m 11s	35m 11s	131.4%	1.8 GB	2.7 GB	5.4 GB	11.9 MB
1429	03/97ad24	2499664	NFCORE_RNASEQ:RNASEQ:STRINGTIE_STRINGTIE (Pd63)	COMPLETED	0	2025-08-30 22:15:54.409	2m 29s	2m 29s	86.7%	601 MB	921.2 MB	3 GB	104.1 MB
1434	b2/dc3f30	2503010	NFCORE_RNASEQ:RNASEQ:SUBREAD_FEATURECOUNTS (Pd63)	COMPLETED	0	2025-08-30 22:18:23.788	2m 15s	2m 13s	161.3%	975.9 MB	1.6 GB	14.6 GB	8.9 GB
1639	fc/09403e	2506521	NFCORE_RNASEQ:RNASEQ:MULTIQC_CUSTOM_BIOTYPE (Pd63)	COMPLETED	0	2025-08-30 22:20:40.139	907ms	0ms	99.6%	2.8 MB	5.4 MB	8.7 MB	1.1 MB
1432	3b/b7dd07	2471150	NFCORE_RNASEQ:RNASEQ:BEDTOOLS_GENOMECOV (Pd63)	COMPLETED	0	2025-08-30 21:52:50.473	28m	27m 58s	24.8%	2.3 GB	2.8 GB	6 GB	821 MB
1439	fa/87522f	2507437	NFCORE_RNASEQ:RNASEQ:BAM_RSEQC:RSEQC_INFEREXPERIMENT (Pd63)	COMPLETED	0	2025-08-30 22:20:50.188	21.3s	21s	53.3%	50.1 MB	5.3 GB	33.1 MB	805 B
1440	b7/0e07fe	2508792	NFCORE_RNASEQ:RNASEQ:BAM_RSEQC:RSEQC_INNERDISTANCE (Pd63)	COMPLETED	0	2025-08-30 22:21:11.492	1m 46s	1m 45s	56.4%	311.4 MB	5.5 GB	315.8 MB	61.5 MB
1436	35/e255e6	2506191	NFCORE_RNASEQ:RNASEQ:BAM_RSEQC:RSEQC_READDISTRIBUTION (Pd63)	COMPLETED	0	2025-08-30 22:20:39.130	3m 59s	3m 59s	64.4%	214.3 MB	5.4 GB	2.9 GB	1.7 KB
1441	84/0824e5	2512340	NFCORE_RNASEQ:RNASEQ:BAM_RSEQC:RSEQC_BAMSTAT (Pd63)	COMPLETED	0	2025-08-30 22:22:57.807	1m 50s	1m 49s	107.7%	46.1 MB	5.3 GB	2.8 GB	1.3 KB
1438	c3/614443	2516777	NFCORE_RNASEQ:RNASEQ:BAM_RSEQC:RSEQC_JUNCTIONANNOTATION (Pd63)	COMPLETED	0	2025-08-30 22:24:47.976	1m 35s	1m 34s	113.2%	135.2 MB	10.6 GB	2.8 GB	29.5 MB
1435	86/b3a8d0	2515755	NFCORE_RNASEQ:RNASEQ:BAM_RSEQC:RSEQC_JUNCTIONSATURATION (Pd63)	COMPLETED	0	2025-08-30 22:24:38.513	1m 58s	1m 57s	110.7%	552.4 MB	5.8 GB	2.8 GB	27.9 KB
1627	17/da1d67	2438233	NFCORE_RNASEQ:RNASEQ:DUPRADAR (Pd95)	COMPLETED	0	2025-08-30 21:37:24.342	51m 49s	51m 49s	42.8%	467.1 MB	5.6 GB	74.4 GB	44.8 GB
1437	25/8d104e	2520184	NFCORE_RNASEQ:RNASEQ:BAM_RSEQC:RSEQC_READDUPLICATION (Pd63)	COMPLETED	0	2025-08-30 22:26:23.123	3m 30s	3m 29s	105.9%	3.8 GB	9 GB	2.8 GB	1020.6 KB
1443	36/4a9f4a	2528439	NFCORE_RNASEQ:RNASEQ:QUANTIFY_STAR_SALMON:SALMON_QUANT (Pd150)	COMPLETED	0	2025-08-30 22:29:53.171	4m 41s	4m 40s	262.6%	1.8 GB	2.8 GB	3.4 GB	11.9 MB
1617	1a/4b4d80	2526235	NFCORE_RNASEQ:RNASEQ:BAM_MARKDUPLICATES_PICARD:SAMTOOLS_INDEX (Pd93)	COMPLETED	0	2025-08-30 22:29:13.699	5m 32s	5m 31s	31.6%	8.4 MB	220.9 MB	3.8 GB	686.3 KB
1442	dd/64494c	2521373	NFCORE_RNASEQ:RNASEQ:ALIGN_STAR:BAM_SORT_STATS_SAMTOOLS:SAMTOOLS_SORT (Pd150)	COMPLETED	0	2025-08-30 22:26:36.428	8m 56s	8m 56s	137.6%	5.2 GB	6.2 GB	8.7 GB	6 GB
1623	52/28c21a	2540432	NFCORE_RNASEQ:RNASEQ:ALIGN_STAR:BAM_SORT_STATS_SAMTOOLS:SAMTOOLS_INDEX (Pd137)	COMPLETED	0	2025-08-30 22:34:45.882	1m 10s	1m 9s	84.4%	10.9 MB	220.9 MB	2.8 GB	606.3 KB
1625	a4/403077	2545400	NFCORE_RNASEQ:RNASEQ:ALIGN_STAR:BAM_SORT_STATS_SAMTOOLS:SAMTOOLS_INDEX (Pd142)	COMPLETED	0	2025-08-30 22:35:55.700	22.8s	22s	181.7%	15 MB	220.9 MB	2.7 GB	761.5 KB
1628	7e/97026b	2547170	NFCORE_RNASEQ:RNASEQ:BAM_MARKDUPLICATES_PICARD:SAMTOOLS_INDEX (Pd95)	COMPLETED	0	2025-08-30 22:36:18.539	31.8s	31s	182.3%	10.2 MB	220.9 MB	3.7 GB	623.7 KB
1430	7d/86867b	2485086	NFCORE_RNASEQ:RNASEQ:QUALIMAP_RNASEQ (Pd63)	COMPLETED	0	2025-08-30 22:04:01.845	33m 2s	32m 59s	68.9%	2.7 GB	34.9 GB	23.6 GB	20.6 GB
1635	89/895a79	2549241	NFCORE_RNASEQ:RNASEQ:ALIGN_STAR:BAM_SORT_STATS_SAMTOOLS:SAMTOOLS_INDEX (Pd149)	COMPLETED	0	2025-08-30 22:36:50.297	27.2s	27s	182.9%	13.1 MB	220.9 MB	3.2 GB	783 KB
1637	fc/3f1734	2552060	NFCORE_RNASEQ:RNASEQ:ALIGN_STAR:BAM_SORT_STATS_SAMTOOLS:SAMTOOLS_INDEX (Pd143)	COMPLETED	0	2025-08-30 22:37:17.484	34s	34s	150.6%	10.3 MB	220.9 MB	3.4 GB	740.5 KB
1649	b9/7be2dc	2554563	NFCORE_RNASEQ:RNASEQ:ALIGN_STAR:BAM_SORT_STATS_SAMTOOLS:SAMTOOLS_INDEX (Pd150)	COMPLETED	0	2025-08-30 22:37:51.529	24s	23s	181.7%	10.3 MB	220.9 MB	2.8 GB	663.2 KB
1452	07/cda135	2550628	NFCORE_RNASEQ:RNASEQ:STRINGTIE_STRINGTIE (Pd7)	COMPLETED	0	2025-08-30 22:37:03.942	3m 17s	3m 17s	105.6%	729.7 MB	1 GB	3.6 GB	106 MB
1451	cc/bd3284	2561811	NFCORE_RNASEQ:RNASEQ:BEDTOOLS_GENOMECOV (Pd7)	COMPLETED	0	2025-08-30 22:40:21.258	6m 39s	6m 37s	104.9%	3.4 GB	4.3 GB	7.5 GB	1.2 GB
1449	d1/5126d6	2543065	NFCORE_RNASEQ:RNASEQ:BAM_MARKDUPLICATES_PICARD:PICARD_MARKDUPLICATES (Pd110)	COMPLETED	0	2025-08-30 22:35:32.435	14m 24s	14m 22s	106.1%	21 GB	33.6 GB	6.4 GB	3.4 GB
1661	3a/69bb38	2582958	NFCORE_RNASEQ:RNASEQ:BAM_MARKDUPLICATES_PICARD:SAMTOOLS_INDEX (Pd110)	COMPLETED	0	2025-08-30 22:49:57.292	29.5s	29s	177.5%	13.8 MB	220.9 MB	3.4 GB	720.3 KB
1445	dc/465a4d	2538856	NFCORE_RNASEQ:RNASEQ:BAM_MARKDUPLICATES_PICARD:PICARD_MARKDUPLICATES (Pd98)	COMPLETED	0	2025-08-30 22:34:34.072	16m 15s	16m 12s	104.3%	21.3 GB	33.6 GB	7 GB	3.7 GB
1457	99/ea52d4	2586898	NFCORE_RNASEQ:RNASEQ:BAM_RSEQC:RSEQC_INNERDISTANCE (Pd7)	COMPLETED	0	2025-08-30 22:50:48.800	47.9s	47s	121.5%	343.6 MB	10.8 GB	272.9 MB	60.9 MB
1459	d2/a9ba5d	2591260	NFCORE_RNASEQ:RNASEQ:BAM_RSEQC:RSEQC_INFEREXPERIMENT (Pd7)	COMPLETED	0	2025-08-30 22:51:36.676	2.9s	2s	515.5%	50 MB	5.3 GB	35.1 MB	805 B
1456	2c/c119a3	2591854	NFCORE_RNASEQ:RNASEQ:BAM_RSEQC:RSEQC_READDUPLICATION (Pd7)	COMPLETED	0	2025-08-30 22:51:39.574	5m 26s	5m 24s	93.6%	7.5 GB	12.7 GB	3.5 GB	932.2 KB
1455	13/adfffe	2582689	NFCORE_RNASEQ:RNASEQ:SUBREAD_FEATURECOUNTS (Pd7)	COMPLETED	0	2025-08-30 22:49:56.283	7m 33s	7m 32s	45.2%	1.1 GB	1.6 GB	12 GB	6.4 GB
1462	e3/698f6c	2610988	NFCORE_RNASEQ:RNASEQ:BAM_RSEQC:RSEQC_JUNCTIONSATURATION (Pd7)	COMPLETED	0	2025-08-30 22:57:05.129	2m 47s	2m 47s	107.3%	1 GB	6.2 GB	3.5 GB	28 KB
1461	58/3844c4	2612876	NFCORE_RNASEQ:RNASEQ:BAM_RSEQC:RSEQC_BAMSTAT (Pd7)	COMPLETED	0	2025-08-30 22:57:29.572	2m 49s	2m 47s	104.9%	45.8 MB	5.3 GB	3.5 GB	1.3 KB
1663	81/690097	2585149	NFCORE_RNASEQ:RNASEQ:DUPRADAR (Pd110)	COMPLETED	0	2025-08-30 22:50:26.782	10m 8s	10m 7s	102.7%	418.2 MB	5.6 GB	30.7 GB	12.7 GB
1679	54/4af8f4	2623381	NFCORE_RNASEQ:RNASEQ:MULTIQC_CUSTOM_BIOTYPE (Pd7)	COMPLETED	0	2025-08-30 23:00:34.743	907ms	0ms	109.0%	2.5 MB	5.4 MB	8.7 MB	1.1 MB
1460	47/ab809c	2620185	NFCORE_RNASEQ:RNASEQ:BAM_RSEQC:RSEQC_JUNCTIONANNOTATION (Pd7)	COMPLETED	0	2025-08-30 22:59:52.395	2m 17s	2m 16s	108.9%	68.9 MB	5.3 GB	3.5 GB	36 MB
1458	38/0e6bad	2621988	NFCORE_RNASEQ:RNASEQ:BAM_RSEQC:RSEQC_READDISTRIBUTION (Pd7)	COMPLETED	0	2025-08-30 23:00:18.196	3m 32s	3m 31s	103.9%	214.8 MB	5.4 GB	3.5 GB	1.7 KB
1674	1f/90bcea	2587308	NFCORE_RNASEQ:RNASEQ:DUPRADAR (Pd98)	COMPLETED	0	2025-08-30 22:50:49.807	20m 53s	20m 52s	71.2%	455.9 MB	5.6 GB	50.5 GB	26.7 GB
1673	d9/b386d0	2648856	NFCORE_RNASEQ:RNASEQ:BAM_MARKDUPLICATES_PICARD:SAMTOOLS_INDEX (Pd98)	COMPLETED	0	2025-08-30 23:11:42.519	30.9s	30s	180.9%	8.8 MB	220.9 MB	3.7 GB	659.5 KB
1453	4b/dbfced	2577839	NFCORE_RNASEQ:RNASEQ:QUALIMAP_RNASEQ (Pd7)	COMPLETED	0	2025-08-30 22:46:59.940	31m 19s	31m 16s	89.5%	2.7 GB	34.6 GB	28.9 GB	25.3 GB
1464	16/50e33f	2626301	NFCORE_RNASEQ:RNASEQ:BAM_MARKDUPLICATES_PICARD:PICARD_MARKDUPLICATES (Pd112)	COMPLETED	0	2025-08-30 23:02:09.705	19m 45s	19m 43s	82.9%	21 GB	33.6 GB	6.7 GB	3.6 GB
1691	d9/d79b2b	2660837	NFCORE_RNASEQ:RNASEQ:BAM_MARKDUPLICATES_PICARD:SAMTOOLS_INDEX (Pd112)	COMPLETED	0	2025-08-30 23:21:55.648	30s	29s	179.2%	11.6 MB	220.9 MB	3.6 GB	736.4 KB
1468	a4/2d1bc6	2630684	NFCORE_RNASEQ:RNASEQ:BAM_MARKDUPLICATES_PICARD:PICARD_MARKDUPLICATES (Pd119)	COMPLETED	0	2025-08-30 23:03:50.213	18m 41s	18m 39s	87.0%	21.1 GB	33.6 GB	6.5 GB	3.5 GB
1704	85/3c1d76	2664899	NFCORE_RNASEQ:RNASEQ:DUPRADAR (Pd119)	COMPLETED	0	2025-08-30 23:22:32.292	9m 58s	9m 58s	101.8%	391.1 MB	5.6 GB	27.1 GB	9.7 GB
1687	88/ef3956	2663739	NFCORE_RNASEQ:RNASEQ:DUPRADAR (Pd112)	COMPLETED	0	2025-08-30 23:22:25.675	10m 57s	10m 56s	101.0%	410.8 MB	5.6 GB	32.1 GB	13.3 GB
1472	1d/8e4ef6	2654639	NFCORE_RNASEQ:RNASEQ:BAM_MARKDUPLICATES_PICARD:PICARD_MARKDUPLICATES (Pd106)	COMPLETED	0	2025-08-30 23:18:18.921	15m 5s	15m 2s	103.9%	21.2 GB	33.6 GB	6.6 GB	3.5 GB
1703	57/b7c4af	2703231	NFCORE_RNASEQ:RNASEQ:BAM_MARKDUPLICATES_PICARD:SAMTOOLS_INDEX (Pd119)	COMPLETED	0	2025-08-30 23:33:22.455	29.7s	29s	180.3%	12.5 MB	220.9 MB	3.5 GB	744.4 KB
1477	3b/f29f9f	2703591	NFCORE_RNASEQ:RNASEQ:ALIGN_STAR:BAM_SORT_STATS_SAMTOOLS:SAMTOOLS_SORT (Pd152)	COMPLETED	0	2025-08-30 23:33:23.878	5m 50s	5m 49s	214.2%	5.2 GB	6.2 GB	9 GB	5.9 GB
1476	43/6fb28a	2664554	NFCORE_RNASEQ:RNASEQ:BAM_MARKDUPLICATES_PICARD:PICARD_MARKDUPLICATES (Pd115)	COMPLETED	0	2025-08-30 23:22:31.282	17m 36s	17m 33s	91.6%	21 GB	33.6 GB	6.7 GB	3.5 GB
1480	20/8e5918	2717025	NFCORE_RNASEQ:RNASEQ:BEDGRAPH_BEDCLIP_BEDGRAPHTOBIGWIG_REVERSE:UCSC_BEDCLIP (Pd56)	COMPLETED	0	2025-08-30 23:40:07.239	9.8s	9s	53.0%	7.2 MB	18.7 MB	217.8 MB	217.7 MB
1474	f4/2ac695	2660533	NFCORE_RNASEQ:RNASEQ:BAM_MARKDUPLICATES_PICARD:PICARD_MARKDUPLICATES (Pd103)	COMPLETED	0	2025-08-30 23:21:54.639	18m 35s	18m 33s	92.2%	21.3 GB	33.6 GB	7.1 GB	3.8 GB
1479	17/c42b6c	2718706	NFCORE_RNASEQ:RNASEQ:BEDGRAPH_BEDCLIP_BEDGRAPHTOBIGWIG_FORWARD:UCSC_BEDCLIP (Pd56)	COMPLETED	0	2025-08-30 23:40:17.061	30.2s	29s	25.4%	7.2 MB	18.7 MB	217.8 MB	217.7 MB
1478	97/81b62a	2714786	NFCORE_RNASEQ:RNASEQ:QUANTIFY_STAR_SALMON:SALMON_QUANT (Pd152)	COMPLETED	0	2025-08-30 23:39:13.524	3m 16s	3m 16s	379.5%	4.3 GB	5.3 GB	4.7 GB	11.9 MB
1708	87/88373e	2705405	NFCORE_RNASEQ:RNASEQ:DUPRADAR (Pd106)	COMPLETED	0	2025-08-30 23:33:52.191	8m 55s	8m 54s	103.8%	402.6 MB	5.6 GB	22 GB	5.7 GB
1727	70/cf7127	2732586	NFCORE_RNASEQ:RNASEQ:BEDGRAPH_BEDCLIP_BEDGRAPHTOBIGWIG_REVERSE:UCSC_BEDGRAPHTOBIGWIG (Pd56)	COMPLETED	0	2025-08-30 23:42:47.077	12s	11s	98.2%	23.1 MB	38.4 MB	653.2 MB	34.2 MB
1725	e0/e53908	2717032	NFCORE_RNASEQ:RNASEQ:DUPRADAR (Pd115)	COMPLETED	0	2025-08-30 23:40:07.247	9m 21s	9m 21s	103.4%	386 MB	5.6 GB	24.3 GB	7.4 GB
1734	b9/867979	2761193	NFCORE_RNASEQ:RNASEQ:BEDGRAPH_BEDCLIP_BEDGRAPHTOBIGWIG_FORWARD:UCSC_BEDGRAPHTOBIGWIG (Pd56)	COMPLETED	0	2025-08-30 23:49:28.605	11.8s	11s	99.2%	23.1 MB	38.4 MB	653.2 MB	34.2 MB
1728	6e/2cd498	2734101	NFCORE_RNASEQ:RNASEQ:DUPRADAR (Pd103)	COMPLETED	0	2025-08-30 23:42:59.095	14m 39s	14m 39s	90.7%	451.6 MB	5.6 GB	44.8 GB	22.2 GB
1706	84/7cbd11	2771837	NFCORE_RNASEQ:RNASEQ:BAM_MARKDUPLICATES_PICARD:SAMTOOLS_INDEX (Pd106)	COMPLETED	0	2025-08-30 23:57:38.329	29.2s	29s	180.4%	10.6 MB	220.9 MB	3.5 GB	806.8 KB
1719	5b/6fc63f	2773107	NFCORE_RNASEQ:RNASEQ:ALIGN_STAR:BAM_SORT_STATS_SAMTOOLS:SAMTOOLS_INDEX (Pd152)	COMPLETED	0	2025-08-30 23:58:07.544	52.1s	51s	103.5%	14.9 MB	220.9 MB	2.9 GB	673.5 KB
1722	69/916d5c	2774821	NFCORE_RNASEQ:RNASEQ:BAM_MARKDUPLICATES_PICARD:SAMTOOLS_INDEX (Pd115)	COMPLETED	0	2025-08-30 23:58:59.654	58.6s	58s	105.2%	12.8 MB	220.9 MB	3.5 GB	745.8 KB
1483	d4/fd5eb1	2720046	NFCORE_RNASEQ:RNASEQ:BAM_MARKDUPLICATES_PICARD:PICARD_MARKDUPLICATES (Pd120)	COMPLETED	0	2025-08-30 23:40:29.680	20m 12s	20m 10s	82.4%	21.1 GB	33.6 GB	6.7 GB	3.5 GB
1730	fd/b6be48	2776669	NFCORE_RNASEQ:RNASEQ:BAM_MARKDUPLICATES_PICARD:SAMTOOLS_INDEX (Pd103)	COMPLETED	0	2025-08-30 23:59:58.290	47.3s	47s	128.8%	11.9 MB	220.9 MB	3.8 GB	679.7 KB
1735	3f/dd454e	2778917	NFCORE_RNASEQ:RNASEQ:QUANTIFY_STAR_SALMON:TX2GENE (GCF_001465965.1_Pdom_r1.2_genomic.filtered.gtf)	COMPLETED	0	2025-08-31 00:00:45.558	9.2s	8s	99.9%	19.4 MB	25.3 MB	303.7 MB	904.3 KB
1487	98/fa404d	2722308	NFCORE_RNASEQ:RNASEQ:BAM_MARKDUPLICATES_PICARD:PICARD_MARKDUPLICATES (Pd105)	COMPLETED	0	2025-08-30 23:40:47.274	22m 6s	22m 3s	78.1%	21.2 GB	33.6 GB	7.3 GB	3.8 GB
1493	57/1d732d	2786675	NFCORE_RNASEQ:RNASEQ:SUBREAD_FEATURECOUNTS (Pd14)	COMPLETED	0	2025-08-31 00:02:52.910	47.7s	46s	329.4%	974.2 MB	1.6 GB	7.7 GB	3.1 GB
1755	97/a390d3	2780406	NFCORE_RNASEQ:RNASEQ:ALIGN_STAR:BAM_SORT_STATS_SAMTOOLS:BAM_STATS_SAMTOOLS:SAMTOOLS_STATS (Pd17)	COMPLETED	0	2025-08-31 00:00:54.797	3m 28s	3m 27s	94.5%	7.2 MB	222.2 MB	3.2 GB	264.7 KB
1746	62/3b3c32	2780408	NFCORE_RNASEQ:RNASEQ:ALIGN_STAR:BAM_SORT_STATS_SAMTOOLS:BAM_STATS_SAMTOOLS:SAMTOOLS_STATS (Pd3)	COMPLETED	0	2025-08-31 00:00:54.803	3m 34s	3m 33s	92.0%	7.2 MB	222.2 MB	3.4 GB	265.8 KB
1789	29/cd874c	2793463	NFCORE_RNASEQ:RNASEQ:ALIGN_STAR:BAM_SORT_STATS_SAMTOOLS:BAM_STATS_SAMTOOLS:SAMTOOLS_IDXSTATS (Pd31)	COMPLETED	0	2025-08-31 00:04:29.212	816ms	0ms	78.9%	5.9 MB	12.8 MB	837.7 KB	42.3 KB
1492	18/9b91fd	2789766	NFCORE_RNASEQ:RNASEQ:STRINGTIE_STRINGTIE (Pd14)	COMPLETED	0	2025-08-31 00:03:40.624	2m 21s	2m 20s	127.3%	771.6 MB	1.1 GB	3.7 GB	107.7 MB
1490	33/6c63a4	2778327	NFCORE_RNASEQ:RNASEQ:BEDTOOLS_GENOMECOV (Pd14)	COMPLETED	0	2025-08-31 00:00:41.380	6m 36s	6m 35s	108.3%	4.2 GB	5.3 GB	7.7 GB	1.5 GB
1772	41/285fc1	2792678	NFCORE_RNASEQ:RNASEQ:ALIGN_STAR:BAM_SORT_STATS_SAMTOOLS:BAM_STATS_SAMTOOLS:SAMTOOLS_STATS (Pd5)	COMPLETED	0	2025-08-31 00:04:22.974	3m	3m	110.7%	6.9 MB	222.4 MB	3.3 GB	266.4 KB
1749	37/dae006	2793774	NFCORE_RNASEQ:RNASEQ:ALIGN_STAR:BAM_SORT_STATS_SAMTOOLS:BAM_STATS_SAMTOOLS:SAMTOOLS_STATS (Pd51)	COMPLETED	0	2025-08-31 00:04:30.035	3m 9s	3m 9s	104.5%	6.6 MB	222.4 MB	3.3 GB	266.7 KB
1497	b8/299b3d	2799208	NFCORE_RNASEQ:RNASEQ:BAM_RSEQC:RSEQC_JUNCTIONANNOTATION (Pd14)	COMPLETED	0	2025-08-31 00:06:01.464	2m 27s	2m 26s	108.4%	68.3 MB	5.3 GB	3.5 GB	41.1 MB
1499	07/ed48e5	2809263	NFCORE_RNASEQ:RNASEQ:BAM_RSEQC:RSEQC_INFEREXPERIMENT (Pd14)	COMPLETED	0	2025-08-31 00:08:28.292	2.9s	2s	494.5%	50.1 MB	5.3 GB	34.4 MB	805 B
1774	e6/5b058e	2804573	NFCORE_RNASEQ:RNASEQ:ALIGN_STAR:BAM_SORT_STATS_SAMTOOLS:BAM_STATS_SAMTOOLS:SAMTOOLS_FLAGSTAT (Pd36)	COMPLETED	0	2025-08-31 00:07:23.371	1m 34s	1m 34s	73.7%	5.9 MB	220.9 MB	3.3 GB	5.4 KB
1767	05/6e87e8	2806202	NFCORE_RNASEQ:RNASEQ:ALIGN_STAR:BAM_SORT_STATS_SAMTOOLS:BAM_STATS_SAMTOOLS:SAMTOOLS_FLAGSTAT (Pd24)	COMPLETED	0	2025-08-31 00:07:39.503	1m 20s	1m 19s	83.2%	6.2 MB	220.9 MB	3.4 GB	5.4 KB
1498	0a/1d33f3	2803746	NFCORE_RNASEQ:RNASEQ:BAM_RSEQC:RSEQC_BAMSTAT (Pd14)	COMPLETED	0	2025-08-31 00:07:17.540	3m	2m 59s	104.6%	45.3 MB	5.3 GB	3.5 GB	1.3 KB
1776	fc/d3b3e3	2811739	NFCORE_RNASEQ:RNASEQ:ALIGN_STAR:BAM_SORT_STATS_SAMTOOLS:BAM_STATS_SAMTOOLS:SAMTOOLS_STATS (Pd58)	COMPLETED	0	2025-08-31 00:08:57.520	2m 1s	2m	140.8%	7.2 MB	222.4 MB	3.2 GB	262.7 KB
1766	ce/17c550	2812107	NFCORE_RNASEQ:RNASEQ:ALIGN_STAR:BAM_SORT_STATS_SAMTOOLS:BAM_STATS_SAMTOOLS:SAMTOOLS_STATS (Pd23)	COMPLETED	0	2025-08-31 00:08:59.114	2m 6s	2m 6s	141.6%	6.6 MB	222.4 MB	3.5 GB	255.2 KB
1765	f6/0c65c0	2820146	NFCORE_RNASEQ:RNASEQ:ALIGN_STAR:BAM_SORT_STATS_SAMTOOLS:BAM_STATS_SAMTOOLS:SAMTOOLS_FLAGSTAT (Pd23)	COMPLETED	0	2025-08-31 00:11:05.544	28.9s	28s	179.9%	6.2 MB	220.9 MB	3.5 GB	5.4 KB
1771	55/5ed772	2822329	NFCORE_RNASEQ:RNASEQ:ALIGN_STAR:BAM_SORT_STATS_SAMTOOLS:BAM_STATS_SAMTOOLS:SAMTOOLS_FLAGSTAT (Pd5)	COMPLETED	0	2025-08-31 00:11:34.495	27.9s	28s	182.0%	6.2 MB	220.9 MB	3.3 GB	5.4 KB
1757	30/c42833	2824408	NFCORE_RNASEQ:RNASEQ:ALIGN_STAR:BAM_SORT_STATS_SAMTOOLS:BAM_STATS_SAMTOOLS:SAMTOOLS_IDXSTATS (Pd17)	COMPLETED	0	2025-08-31 00:12:02.360	827ms	0ms	93.0%	2.5 MB	5.4 MB	829.7 KB	42.2 KB
1780	83/b98376	2824728	NFCORE_RNASEQ:RNASEQ:ALIGN_STAR:BAM_SORT_STATS_SAMTOOLS:BAM_STATS_SAMTOOLS:SAMTOOLS_IDXSTATS (Pd13)	COMPLETED	0	2025-08-31 00:12:03.193	851ms	0ms	77.4%	2.5 MB	5.4 MB	878.1 KB	42.1 KB
1744	96/dd0871	2824954	NFCORE_RNASEQ:RNASEQ:ALIGN_STAR:BAM_SORT_STATS_SAMTOOLS:BAM_STATS_SAMTOOLS:SAMTOOLS_IDXSTATS (Pd37)	COMPLETED	0	2025-08-31 00:12:04.051	825ms	0ms	83.9%	2.8 MB	5.4 MB	854.8 KB	42 KB
1761	bf/4eb1d5	2825177	NFCORE_RNASEQ:RNASEQ:ALIGN_STAR:BAM_SORT_STATS_SAMTOOLS:BAM_STATS_SAMTOOLS:SAMTOOLS_IDXSTATS (Pd30)	COMPLETED	0	2025-08-31 00:12:04.883	838ms	0ms	69.4%	5.3 MB	12 MB	626.5 KB	41.9 KB
1769	ff/149276	2819326	NFCORE_RNASEQ:RNASEQ:ALIGN_STAR:BAM_SORT_STATS_SAMTOOLS:BAM_STATS_SAMTOOLS:SAMTOOLS_STATS (Pd24)	COMPLETED	0	2025-08-31 00:10:58.853	1m 35s	1m 34s	168.8%	7.2 MB	222.2 MB	3.4 GB	265 KB
1494	5d/a5664d	2816738	NFCORE_RNASEQ:RNASEQ:BAM_RSEQC:RSEQC_JUNCTIONSATURATION (Pd14)	COMPLETED	0	2025-08-31 00:10:17.602	2m 53s	2m 52s	107.2%	1.1 GB	6.3 GB	3.5 GB	28.1 KB
1500	fb/5e73de	2809844	NFCORE_RNASEQ:RNASEQ:BAM_RSEQC:RSEQC_READDUPLICATION (Pd14)	COMPLETED	0	2025-08-31 00:08:31.176	4m 56s	4m 55s	104.3%	8.2 GB	13.4 GB	3.5 GB	660.3 KB
1836	64/4add33	2825400	NFCORE_RNASEQ:RNASEQ:ALIGN_STAR:BAM_SORT_STATS_SAMTOOLS:BAM_STATS_SAMTOOLS:SAMTOOLS_STATS (Pd55)	COMPLETED	0	2025-08-31 00:12:05.728	1m 35s	1m 34s	166.1%	6.6 MB	222.2 MB	3.3 GB	265.4 KB
1496	7b/c86005	2829775	NFCORE_RNASEQ:RNASEQ:BAM_RSEQC:RSEQC_INNERDISTANCE (Pd14)	COMPLETED	0	2025-08-31 00:13:10.503	45.8s	45s	126.1%	312.6 MB	5.5 GB	255.7 MB	62.2 MB
1502	04/8b89a2	2834277	NFCORE_RNASEQ:RNASEQ:BEDGRAPH_BEDCLIP_BEDGRAPHTOBIGWIG_FORWARD:UCSC_BEDCLIP (Pd46)	COMPLETED	0	2025-08-31 00:13:56.269	9.4s	9s	61.1%	7.2 MB	18.7 MB	343.3 MB	343.2 MB
1773	a6/3fc619	2827393	NFCORE_RNASEQ:RNASEQ:ALIGN_STAR:BAM_SORT_STATS_SAMTOOLS:BAM_STATS_SAMTOOLS:SAMTOOLS_STATS (Pd36)	COMPLETED	0	2025-08-31 00:12:34.012	1m 35s	1m 34s	168.2%	6.6 MB	222.2 MB	3.3 GB	253.1 KB
1748	a6/cda474	2835887	NFCORE_RNASEQ:RNASEQ:ALIGN_STAR:BAM_SORT_STATS_SAMTOOLS:BAM_STATS_SAMTOOLS:SAMTOOLS_IDXSTATS (Pd3)	COMPLETED	0	2025-08-31 00:14:09.342	1.5s	1s	14.0%	5.3 MB	12 MB	819.1 KB	42 KB
1778	fe/61e4b7	2836221	NFCORE_RNASEQ:RNASEQ:ALIGN_STAR:BAM_SORT_STATS_SAMTOOLS:BAM_STATS_SAMTOOLS:SAMTOOLS_IDXSTATS (Pd58)	COMPLETED	0	2025-08-31 00:14:10.846	813ms	0ms	92.6%	2.5 MB	5.4 MB	733.5 KB	42.1 KB
1775	d6/0868c1	2836470	NFCORE_RNASEQ:RNASEQ:ALIGN_STAR:BAM_SORT_STATS_SAMTOOLS:BAM_STATS_SAMTOOLS:SAMTOOLS_IDXSTATS (Pd36)	COMPLETED	0	2025-08-31 00:14:11.666	978ms	0ms	44.2%	5.9 MB	12 MB	806.7 KB	42 KB
1503	30/b2f9f6	2835299	NFCORE_RNASEQ:RNASEQ:BEDGRAPH_BEDCLIP_BEDGRAPHTOBIGWIG_REVERSE:UCSC_BEDCLIP (Pd46)	COMPLETED	0	2025-08-31 00:14:05.654	17.2s	16s	39.8%	7.2 MB	18.7 MB	343.7 MB	343.7 MB
1505	50/4bf9e5	2838075	NFCORE_RNASEQ:RNASEQ:BEDGRAPH_BEDCLIP_BEDGRAPHTOBIGWIG_FORWARD:UCSC_BEDCLIP (Pd15)	COMPLETED	0	2025-08-31 00:14:22.918	15.9s	15s	45.6%	7.2 MB	18.7 MB	364.8 MB	364.7 MB
1506	c9/3f968a	2839478	NFCORE_RNASEQ:RNASEQ:BEDGRAPH_BEDCLIP_BEDGRAPHTOBIGWIG_REVERSE:UCSC_BEDCLIP (Pd15)	COMPLETED	0	2025-08-31 00:14:38.777	16.5s	16s	42.5%	7.2 MB	18.7 MB	365.2 MB	365.1 MB
1491	c2/decd73	2730041	NFCORE_RNASEQ:RNASEQ:QUALIMAP_RNASEQ (Pd14)	COMPLETED	0	2025-08-30 23:42:29.630	33m 21s	33m 19s	88.7%	2.6 GB	34.8 GB	27.7 GB	24.1 GB
1752	e7/690c21	2832764	NFCORE_RNASEQ:RNASEQ:ALIGN_STAR:BAM_SORT_STATS_SAMTOOLS:BAM_STATS_SAMTOOLS:SAMTOOLS_STATS (Pd19)	COMPLETED	0	2025-08-31 00:13:40.714	2m 39s	2m 38s	118.8%	6.9 MB	222.2 MB	3.3 GB	265.5 KB
1768	22/6c6a2d	2847103	NFCORE_RNASEQ:RNASEQ:ALIGN_STAR:BAM_SORT_STATS_SAMTOOLS:BAM_STATS_SAMTOOLS:SAMTOOLS_IDXSTATS (Pd24)	COMPLETED	0	2025-08-31 00:16:19.345	853ms	0ms	63.3%	6.2 MB	13 MB	808.2 KB	42.2 KB
1784	4d/ea7cae	2847422	NFCORE_RNASEQ:RNASEQ:ALIGN_STAR:BAM_SORT_STATS_SAMTOOLS:BAM_STATS_SAMTOOLS:SAMTOOLS_IDXSTATS (Pd34)	COMPLETED	0	2025-08-31 00:16:20.205	855ms	0ms	67.5%	5.6 MB	12 MB	757.4 KB	41.9 KB
1786	40/39d5f1	2847648	NFCORE_RNASEQ:RNASEQ:ALIGN_STAR:BAM_SORT_STATS_SAMTOOLS:BAM_STATS_SAMTOOLS:SAMTOOLS_IDXSTATS (Pd40)	COMPLETED	0	2025-08-31 00:16:21.067	882ms	0ms	87.3%	6.6 MB	13.2 MB	856.4 KB	42.2 KB
1764	ce/732bee	2847978	NFCORE_RNASEQ:RNASEQ:ALIGN_STAR:BAM_SORT_STATS_SAMTOOLS:BAM_STATS_SAMTOOLS:SAMTOOLS_IDXSTATS (Pd23)	COMPLETED	0	2025-08-31 00:16:21.956	856ms	0ms	96.0%	2.8 MB	5.4 MB	784.9 KB	42.2 KB
1770	b9/89ed92	2848255	NFCORE_RNASEQ:RNASEQ:ALIGN_STAR:BAM_SORT_STATS_SAMTOOLS:BAM_STATS_SAMTOOLS:SAMTOOLS_IDXSTATS (Pd5)	COMPLETED	0	2025-08-31 00:16:22.819	835ms	0ms	85.9%	2.5 MB	5.4 MB	794.5 KB	41.9 KB
1750	2d/0073d6	2848558	NFCORE_RNASEQ:RNASEQ:ALIGN_STAR:BAM_SORT_STATS_SAMTOOLS:BAM_STATS_SAMTOOLS:SAMTOOLS_IDXSTATS (Pd51)	COMPLETED	0	2025-08-31 00:16:23.661	852ms	0ms	76.9%	2.5 MB	5.4 MB	788.1 KB	42.1 KB
1782	31/ff03ac	2848780	NFCORE_RNASEQ:RNASEQ:ALIGN_STAR:BAM_SORT_STATS_SAMTOOLS:BAM_STATS_SAMTOOLS:SAMTOOLS_IDXSTATS (Pd25)	COMPLETED	0	2025-08-31 00:16:24.520	927ms	0ms	51.5%	5 MB	12 MB	873 KB	42 KB
1783	f4/84f82d	2849010	NFCORE_RNASEQ:RNASEQ:ALIGN_STAR:BAM_SORT_STATS_SAMTOOLS:BAM_STATS_SAMTOOLS:SAMTOOLS_IDXSTATS (Pd43)	COMPLETED	0	2025-08-31 00:16:25.454	917ms	1s	48.1%	5.3 MB	11.9 MB	853.9 KB	42.3 KB
1758	b4/0a0dc8	2849236	NFCORE_RNASEQ:RNASEQ:ALIGN_STAR:BAM_SORT_STATS_SAMTOOLS:BAM_STATS_SAMTOOLS:SAMTOOLS_IDXSTATS (Pd8)	COMPLETED	0	2025-08-31 00:16:26.377	901ms	1s	61.1%	5 MB	11.9 MB	800.2 KB	42 KB
1754	76/a9a578	2849566	NFCORE_RNASEQ:RNASEQ:ALIGN_STAR:BAM_SORT_STATS_SAMTOOLS:BAM_STATS_SAMTOOLS:SAMTOOLS_IDXSTATS (Pd19)	COMPLETED	0	2025-08-31 00:16:27.287	823ms	0ms	90.5%	2.5 MB	5.4 MB	820.3 KB	42.1 KB
1779	97/6f8b3c	2836773	NFCORE_RNASEQ:RNASEQ:ALIGN_STAR:BAM_SORT_STATS_SAMTOOLS:BAM_STATS_SAMTOOLS:SAMTOOLS_STATS (Pd13)	COMPLETED	0	2025-08-31 00:14:12.651	2m 48s	2m 47s	113.7%	6.9 MB	222.4 MB	3.3 GB	264.9 KB
1785	d9/62cc69	2852370	NFCORE_RNASEQ:RNASEQ:ALIGN_STAR:BAM_SORT_STATS_SAMTOOLS:BAM_STATS_SAMTOOLS:SAMTOOLS_IDXSTATS (Pd11)	COMPLETED	0	2025-08-31 00:17:00.597	879ms	0ms	39.4%	5.3 MB	11.9 MB	836.8 KB	42.1 KB
1790	10/809380	2852682	NFCORE_RNASEQ:RNASEQ:ALIGN_STAR:BAM_SORT_STATS_SAMTOOLS:BAM_STATS_SAMTOOLS:SAMTOOLS_IDXSTATS (Pd26)	COMPLETED	0	2025-08-31 00:17:01.483	1s	1s	31.9%	5 MB	12 MB	843.4 KB	42.2 KB
1762	33/c958ab	2849841	NFCORE_RNASEQ:RNASEQ:ALIGN_STAR:BAM_SORT_STATS_SAMTOOLS:BAM_STATS_SAMTOOLS:SAMTOOLS_FLAGSTAT (Pd30)	COMPLETED	0	2025-08-31 00:16:28.117	43.4s	43s	106.6%	5.9 MB	220.9 MB	2.4 GB	5.4 KB
1495	0b/805c1f	2831404	NFCORE_RNASEQ:RNASEQ:BAM_RSEQC:RSEQC_READDISTRIBUTION (Pd14)	COMPLETED	0	2025-08-31 00:13:26.875	4m 4s	4m 3s	103.5%	215 MB	5.4 GB	3.5 GB	1.7 KB
1747	12/6b0aba	2854024	NFCORE_RNASEQ:RNASEQ:ALIGN_STAR:BAM_SORT_STATS_SAMTOOLS:BAM_STATS_SAMTOOLS:SAMTOOLS_FLAGSTAT (Pd3)	COMPLETED	0	2025-08-31 00:17:11.518	28.6s	27s	178.7%	5.9 MB	220.9 MB	3.4 GB	5.4 KB
1756	45/ea0772	2857688	NFCORE_RNASEQ:RNASEQ:ALIGN_STAR:BAM_SORT_STATS_SAMTOOLS:BAM_STATS_SAMTOOLS:SAMTOOLS_FLAGSTAT (Pd17)	COMPLETED	0	2025-08-31 00:17:40.100	27s	26s	179.8%	5.9 MB	220.9 MB	3.2 GB	5.4 KB
1777	1c/399fb9	2860256	NFCORE_RNASEQ:RNASEQ:ALIGN_STAR:BAM_SORT_STATS_SAMTOOLS:BAM_STATS_SAMTOOLS:SAMTOOLS_FLAGSTAT (Pd58)	COMPLETED	0	2025-08-31 00:18:07.090	26.8s	26s	180.3%	5.9 MB	220.9 MB	3.2 GB	5.4 KB
1510	d3/57222d	2844667	NFCORE_RNASEQ:RNASEQ:STRINGTIE_STRINGTIE (Pd33)	COMPLETED	0	2025-08-31 00:15:50.713	4m 18s	4m 17s	81.7%	809 MB	1.1 GB	3.7 GB	106.6 MB
1800	4f/cb9e0f	2862552	NFCORE_RNASEQ:RNASEQ:ALIGN_STAR:BAM_SORT_STATS_SAMTOOLS:BAM_STATS_SAMTOOLS:SAMTOOLS_FLAGSTAT (Pd43)	COMPLETED	0	2025-08-31 00:18:33.851	3m 45s	3m 44s	33.9%	5.9 MB	220.9 MB	3.5 GB	5.4 KB
1781	da/3bfd4d	2852923	NFCORE_RNASEQ:RNASEQ:ALIGN_STAR:BAM_SORT_STATS_SAMTOOLS:BAM_STATS_SAMTOOLS:SAMTOOLS_STATS (Pd25)	COMPLETED	0	2025-08-31 00:17:02.493	5m 27s	5m 27s	67.1%	6.9 MB	222.4 MB	3.6 GB	267.3 KB
1512	df/09b6e5	2869286	NFCORE_RNASEQ:RNASEQ:SUBREAD_FEATURECOUNTS (Pd33)	COMPLETED	0	2025-08-31 00:20:09.143	2m 28s	2m 26s	117.3%	964.1 MB	1.6 GB	9.1 GB	4.2 GB
1508	86/d615e5	2841011	NFCORE_RNASEQ:RNASEQ:BEDTOOLS_GENOMECOV (Pd33)	COMPLETED	0	2025-08-31 00:14:55.280	8m 25s	8m 23s	88.8%	3.6 GB	4.6 GB	7.8 GB	1.3 GB
1760	c8/da9443	2879370	NFCORE_RNASEQ:RNASEQ:ALIGN_STAR:BAM_SORT_STATS_SAMTOOLS:BAM_STATS_SAMTOOLS:SAMTOOLS_FLAGSTAT (Pd8)	COMPLETED	0	2025-08-31 00:22:29.574	1m 1s	1m	91.5%	5.9 MB	220.9 MB	3.3 GB	5.4 KB
1791	f1/24858d	2885368	NFCORE_RNASEQ:RNASEQ:ALIGN_STAR:BAM_SORT_STATS_SAMTOOLS:BAM_STATS_SAMTOOLS:SAMTOOLS_IDXSTATS (Pd52)	COMPLETED	0	2025-08-31 00:23:30.990	855ms	0ms	90.7%	2.8 MB	5.4 MB	817.9 KB	42 KB
1787	fc/ee4279	2878023	NFCORE_RNASEQ:RNASEQ:ALIGN_STAR:BAM_SORT_STATS_SAMTOOLS:BAM_STATS_SAMTOOLS:SAMTOOLS_STATS (Pd43)	COMPLETED	0	2025-08-31 00:22:18.915	1m 36s	1m 35s	168.7%	6.9 MB	222.4 MB	3.5 GB	267.2 KB
1751	09/d10696	2885768	NFCORE_RNASEQ:RNASEQ:ALIGN_STAR:BAM_SORT_STATS_SAMTOOLS:BAM_STATS_SAMTOOLS:SAMTOOLS_FLAGSTAT (Pd51)	COMPLETED	0	2025-08-31 00:23:31.852	28.1s	27s	180.7%	5.9 MB	220.9 MB	3.3 GB	5.4 KB
1753	ae/7ea1be	2888526	NFCORE_RNASEQ:RNASEQ:ALIGN_STAR:BAM_SORT_STATS_SAMTOOLS:BAM_STATS_SAMTOOLS:SAMTOOLS_FLAGSTAT (Pd19)	COMPLETED	0	2025-08-31 00:24:00.003	27.6s	27s	182.2%	6.2 MB	220.9 MB	3.3 GB	5.4 KB
1793	15/7ddbc1	2891012	NFCORE_RNASEQ:RNASEQ:ALIGN_STAR:BAM_SORT_STATS_SAMTOOLS:BAM_STATS_SAMTOOLS:SAMTOOLS_FLAGSTAT (Pd13)	COMPLETED	0	2025-08-31 00:24:27.566	54.3s	53s	103.7%	6.2 MB	220.9 MB	3.3 GB	5.4 KB
1516	ea/b3e76d	2884016	NFCORE_RNASEQ:RNASEQ:BAM_RSEQC:RSEQC_READDISTRIBUTION (Pd33)	COMPLETED	0	2025-08-31 00:23:20.159	3m 42s	3m 42s	103.8%	215 MB	5.4 GB	3.6 GB	1.7 KB
1795	9f/bd8423	2887694	NFCORE_RNASEQ:RNASEQ:ALIGN_STAR:BAM_SORT_STATS_SAMTOOLS:BAM_STATS_SAMTOOLS:SAMTOOLS_STATS (Pd31)	COMPLETED	0	2025-08-31 00:23:54.552	3m 9s	3m 7s	102.2%	6.6 MB	222.4 MB	3.6 GB	265.9 KB
1802	01/0eed88	2901649	NFCORE_RNASEQ:RNASEQ:ALIGN_STAR:BAM_SORT_STATS_SAMTOOLS:BAM_STATS_SAMTOOLS:SAMTOOLS_IDXSTATS (Pd45)	COMPLETED	0	2025-08-31 00:27:03.173	912ms	0ms	64.4%	5 MB	12 MB	794.7 KB	42.1 KB
1513	e8/bd7985	2880432	NFCORE_RNASEQ:RNASEQ:BAM_RSEQC:RSEQC_READDUPLICATION (Pd33)	COMPLETED	0	2025-08-31 00:22:36.821	4m 58s	4m 57s	100.3%	6.2 GB	11.4 GB	3.6 GB	859 KB
1514	38/86f6c8	2904649	NFCORE_RNASEQ:RNASEQ:BAM_RSEQC:RSEQC_INFEREXPERIMENT (Pd33)	COMPLETED	0	2025-08-31 00:27:34.534	3s	2s	463.2%	49.7 MB	5.3 GB	36.5 MB	805 B
1792	61/07b2c0	2894876	NFCORE_RNASEQ:RNASEQ:ALIGN_STAR:BAM_SORT_STATS_SAMTOOLS:BAM_STATS_SAMTOOLS:SAMTOOLS_STATS (Pd11)	COMPLETED	0	2025-08-31 00:25:21.880	2m 31s	2m 30s	122.7%	6.6 MB	222.4 MB	3.3 GB	265.2 KB
1518	c2/157718	2905265	NFCORE_RNASEQ:RNASEQ:BAM_RSEQC:RSEQC_INNERDISTANCE (Pd33)	COMPLETED	0	2025-08-31 00:27:37.573	47.6s	46s	125.0%	421.8 MB	10.8 GB	361.5 MB	61.7 MB
1763	3b/cf900b	2902013	NFCORE_RNASEQ:RNASEQ:ALIGN_STAR:BAM_SORT_STATS_SAMTOOLS:BAM_STATS_SAMTOOLS:SAMTOOLS_STATS (Pd30)	COMPLETED	0	2025-08-31 00:27:04.092	1m 34s	1m 33s	139.8%	6.9 MB	222.2 MB	2.4 GB	218.5 KB
1745	b6/b75e17	2910295	NFCORE_RNASEQ:RNASEQ:ALIGN_STAR:BAM_SORT_STATS_SAMTOOLS:BAM_STATS_SAMTOOLS:SAMTOOLS_FLAGSTAT (Pd37)	COMPLETED	0	2025-08-31 00:28:38.154	47.4s	47s	128.1%	6.2 MB	220.9 MB	3.4 GB	5.4 KB
1519	bd/de37c3	2901346	NFCORE_RNASEQ:RNASEQ:BAM_RSEQC:RSEQC_JUNCTIONSATURATION (Pd33)	COMPLETED	0	2025-08-31 00:27:02.535	2m 52s	2m 51s	106.8%	1 GB	6.3 GB	3.6 GB	28 KB
1794	c3/c0cd96	2906677	NFCORE_RNASEQ:RNASEQ:ALIGN_STAR:BAM_SORT_STATS_SAMTOOLS:BAM_STATS_SAMTOOLS:SAMTOOLS_STATS (Pd40)	COMPLETED	0	2025-08-31 00:27:52.667	2m 8s	2m 7s	134.2%	6.6 MB	222.2 MB	3.3 GB	266.2 KB
1743	90/bc6320	2913134	NFCORE_RNASEQ:RNASEQ:ALIGN_STAR:BAM_SORT_STATS_SAMTOOLS:BAM_STATS_SAMTOOLS:SAMTOOLS_STATS (Pd37)	COMPLETED	0	2025-08-31 00:29:25.577	1m 34s	1m 33s	169.0%	6.9 MB	222.2 MB	3.4 GB	265.4 KB
1798	32/6d6892	2919747	NFCORE_RNASEQ:RNASEQ:ALIGN_STAR:BAM_SORT_STATS_SAMTOOLS:BAM_STATS_SAMTOOLS:SAMTOOLS_IDXSTATS (Pd49)	COMPLETED	0	2025-08-31 00:30:59.969	833ms	0ms	69.4%	5.6 MB	12.6 MB	798 KB	42.2 KB
1517	81/6793bd	2908930	NFCORE_RNASEQ:RNASEQ:BAM_RSEQC:RSEQC_BAMSTAT (Pd33)	COMPLETED	0	2025-08-31 00:28:25.150	2m 55s	2m 55s	104.7%	45.9 MB	5.3 GB	3.6 GB	1.3 KB
1759	ed/7dc78e	2916130	NFCORE_RNASEQ:RNASEQ:ALIGN_STAR:BAM_SORT_STATS_SAMTOOLS:BAM_STATS_SAMTOOLS:SAMTOOLS_STATS (Pd8)	COMPLETED	0	2025-08-31 00:30:01.095	1m 51s	1m 50s	154.2%	6.6 MB	222.4 MB	3.3 GB	263.9 KB
1796	1e/c6c649	2924526	NFCORE_RNASEQ:RNASEQ:ALIGN_STAR:BAM_SORT_STATS_SAMTOOLS:BAM_STATS_SAMTOOLS:SAMTOOLS_IDXSTATS (Pd29)	COMPLETED	0	2025-08-31 00:31:51.621	956ms	0ms	36.2%	5.6 MB	12 MB	768.8 KB	42 KB
1515	82/141ba3	2915308	NFCORE_RNASEQ:RNASEQ:BAM_RSEQC:RSEQC_JUNCTIONANNOTATION (Pd33)	COMPLETED	0	2025-08-31 00:29:54.846	2m 24s	2m 23s	108.1%	68.3 MB	5.3 GB	3.6 GB	38.7 MB
1797	de/f3acd6	2924837	NFCORE_RNASEQ:RNASEQ:ALIGN_STAR:BAM_SORT_STATS_SAMTOOLS:BAM_STATS_SAMTOOLS:SAMTOOLS_FLAGSTAT (Pd25)	COMPLETED	0	2025-08-31 00:31:52.583	1m 38s	1m 37s	74.5%	5.9 MB	220.9 MB	3.6 GB	5.4 KB
1799	fb/c6f603	2932077	NFCORE_RNASEQ:RNASEQ:ALIGN_STAR:BAM_SORT_STATS_SAMTOOLS:BAM_STATS_SAMTOOLS:SAMTOOLS_IDXSTATS (Pd6)	COMPLETED	0	2025-08-31 00:33:30.885	873ms	0ms	61.2%	5 MB	12 MB	805.6 KB	42.1 KB
1806	c8/139875	2932390	NFCORE_RNASEQ:RNASEQ:ALIGN_STAR:BAM_SORT_STATS_SAMTOOLS:BAM_STATS_SAMTOOLS:SAMTOOLS_IDXSTATS (Pd66)	COMPLETED	0	2025-08-31 00:33:31.764	875ms	0ms	79.5%	2.5 MB	5.4 MB	713.8 KB	42.1 KB
1810	91/5a2616	2932704	NFCORE_RNASEQ:RNASEQ:ALIGN_STAR:BAM_SORT_STATS_SAMTOOLS:BAM_STATS_SAMTOOLS:SAMTOOLS_IDXSTATS (Pd55)	COMPLETED	0	2025-08-31 00:33:32.646	955ms	0ms	56.6%	5.6 MB	12 MB	782.1 KB	42.1 KB
1805	2a/4f2125	2932929	NFCORE_RNASEQ:RNASEQ:ALIGN_STAR:BAM_SORT_STATS_SAMTOOLS:BAM_STATS_SAMTOOLS:SAMTOOLS_IDXSTATS (Pd16)	COMPLETED	0	2025-08-31 00:33:33.607	1s	0ms	38.9%	5.3 MB	12 MB	885.6 KB	42.2 KB
1788	01/897e33	2920056	NFCORE_RNASEQ:RNASEQ:ALIGN_STAR:BAM_SORT_STATS_SAMTOOLS:BAM_STATS_SAMTOOLS:SAMTOOLS_STATS (Pd34)	COMPLETED	0	2025-08-31 00:31:00.809	2m 55s	2m 54s	111.2%	6.6 MB	222.4 MB	3.4 GB	236.8 KB
1801	a6/2e7a5e	2933234	NFCORE_RNASEQ:RNASEQ:ALIGN_STAR:BAM_SORT_STATS_SAMTOOLS:BAM_STATS_SAMTOOLS:SAMTOOLS_FLAGSTAT (Pd34)	COMPLETED	0	2025-08-31 00:33:34.629	29.2s	28s	177.7%	5.9 MB	220.9 MB	3.4 GB	5.4 KB
1807	18/7412da	2936052	NFCORE_RNASEQ:RNASEQ:ALIGN_STAR:BAM_SORT_STATS_SAMTOOLS:BAM_STATS_SAMTOOLS:SAMTOOLS_IDXSTATS (Pd32)	COMPLETED	0	2025-08-31 00:34:03.799	916ms	0ms	50.1%	5 MB	12 MB	791.3 KB	42.1 KB
1809	20/23dfca	2936388	NFCORE_RNASEQ:RNASEQ:ALIGN_STAR:BAM_SORT_STATS_SAMTOOLS:BAM_STATS_SAMTOOLS:SAMTOOLS_STATS (Pd52)	COMPLETED	0	2025-08-31 00:34:04.722	2m 50s	2m 49s	115.1%	6.9 MB	222.4 MB	3.3 GB	266 KB
1804	0f/23e8e3	2935000	NFCORE_RNASEQ:RNASEQ:ALIGN_STAR:BAM_SORT_STATS_SAMTOOLS:BAM_STATS_SAMTOOLS:SAMTOOLS_STATS (Pd26)	COMPLETED	0	2025-08-31 00:33:55.421	3m 1s	3m 1s	110.5%	7.2 MB	222.4 MB	3.5 GB	266.8 KB
1816	ad/ca6cbb	2946945	NFCORE_RNASEQ:RNASEQ:ALIGN_STAR:BAM_SORT_STATS_SAMTOOLS:BAM_STATS_SAMTOOLS:SAMTOOLS_FLAGSTAT (Pd31)	COMPLETED	0	2025-08-31 00:36:56.641	1m 20s	1m 19s	85.5%	6.2 MB	156.9 MB	3.6 GB	5.4 KB
1808	dd/e877ff	2952389	NFCORE_RNASEQ:RNASEQ:ALIGN_STAR:BAM_SORT_STATS_SAMTOOLS:BAM_STATS_SAMTOOLS:SAMTOOLS_FLAGSTAT (Pd11)	COMPLETED	0	2025-08-31 00:38:16.882	1m	59s	101.5%	5.9 MB	220.9 MB	3.3 GB	5.4 KB
1815	0b/851c60	2956404	NFCORE_RNASEQ:RNASEQ:ALIGN_STAR:BAM_SORT_STATS_SAMTOOLS:BAM_STATS_SAMTOOLS:SAMTOOLS_FLAGSTAT (Pd40)	COMPLETED	0	2025-08-31 00:39:16.959	49.9s	49s	116.8%	6.2 MB	220.9 MB	3.3 GB	5.4 KB
1817	4b/c1f52a	2959888	NFCORE_RNASEQ:RNASEQ:ALIGN_STAR:BAM_SORT_STATS_SAMTOOLS:BAM_STATS_SAMTOOLS:SAMTOOLS_IDXSTATS (Pd9)	COMPLETED	0	2025-08-31 00:40:06.881	866ms	0ms	70.7%	6.6 MB	13 MB	787.9 KB	42.1 KB
1812	7f/c4eaef	2946558	NFCORE_RNASEQ:RNASEQ:ALIGN_STAR:BAM_SORT_STATS_SAMTOOLS:BAM_STATS_SAMTOOLS:SAMTOOLS_STATS (Pd49)	COMPLETED	0	2025-08-31 00:36:55.028	3m 25s	3m 24s	96.5%	6.9 MB	222.4 MB	3.4 GB	265.1 KB
1934	b9/b89a27	2961566	NFCORE_RNASEQ:RNASEQ:ALIGN_STAR:BAM_SORT_STATS_SAMTOOLS:BAM_STATS_SAMTOOLS:SAMTOOLS_FLAGSTAT (Pd98)	COMPLETED	0	2025-08-31 00:40:19.786	1m 19s	1m 18s	81.9%	5.9 MB	220.9 MB	3.5 GB	5.4 KB
1814	fb/6d862b	2966100	NFCORE_RNASEQ:RNASEQ:ALIGN_STAR:BAM_SORT_STATS_SAMTOOLS:BAM_STATS_SAMTOOLS:SAMTOOLS_IDXSTATS (Pd22)	COMPLETED	0	2025-08-31 00:41:39.028	823ms	0ms	91.7%	2.8 MB	5.4 MB	844 KB	42.1 KB
1818	ca/671227	2960201	NFCORE_RNASEQ:RNASEQ:ALIGN_STAR:BAM_SORT_STATS_SAMTOOLS:BAM_STATS_SAMTOOLS:SAMTOOLS_FLAGSTAT (Pd26)	COMPLETED	0	2025-08-31 00:40:07.754	1m 36s	1m 35s	66.1%	6.2 MB	220.9 MB	3.5 GB	5.4 KB
1824	b3/7d0016	2966951	NFCORE_RNASEQ:RNASEQ:ALIGN_STAR:BAM_SORT_STATS_SAMTOOLS:BAM_STATS_SAMTOOLS:SAMTOOLS_IDXSTATS (Pd12)	COMPLETED	0	2025-08-31 00:41:44.238	803ms	0ms	84.9%	2.8 MB	5.4 MB	859.5 KB	42.2 KB
1822	4f/c19211	2966415	NFCORE_RNASEQ:RNASEQ:ALIGN_STAR:BAM_SORT_STATS_SAMTOOLS:BAM_STATS_SAMTOOLS:SAMTOOLS_FLAGSTAT (Pd52)	COMPLETED	0	2025-08-31 00:41:39.858	49.6s	49s	118.8%	5.9 MB	220.9 MB	3.3 GB	5.4 KB
1823	4f/964fff	2967392	NFCORE_RNASEQ:RNASEQ:ALIGN_STAR:BAM_SORT_STATS_SAMTOOLS:BAM_STATS_SAMTOOLS:SAMTOOLS_FLAGSTAT (Pd29)	COMPLETED	0	2025-08-31 00:41:45.048	1m 8s	1m 7s	86.0%	5.9 MB	220.9 MB	3.2 GB	5.4 KB
1811	9d/5ef2d9	2971084	NFCORE_RNASEQ:RNASEQ:ALIGN_STAR:BAM_SORT_STATS_SAMTOOLS:BAM_STATS_SAMTOOLS:SAMTOOLS_STATS (Pd29)	COMPLETED	0	2025-08-31 00:42:52.960	1m 37s	1m 36s	158.3%	6.9 MB	222.4 MB	3.2 GB	227.3 KB
1819	4c/0cbc7c	2969680	NFCORE_RNASEQ:RNASEQ:ALIGN_STAR:BAM_SORT_STATS_SAMTOOLS:BAM_STATS_SAMTOOLS:SAMTOOLS_STATS (Pd45)	COMPLETED	0	2025-08-31 00:42:29.424	2m 3s	2m 3s	139.1%	7.2 MB	222.2 MB	3.3 GB	266.1 KB
1821	55/0f0b1f	2975160	NFCORE_RNASEQ:RNASEQ:ALIGN_STAR:BAM_SORT_STATS_SAMTOOLS:BAM_STATS_SAMTOOLS:SAMTOOLS_IDXSTATS (Pd38)	COMPLETED	0	2025-08-31 00:44:32.708	876ms	0ms	87.3%	2.5 MB	5.4 MB	828.7 KB	42.1 KB
1830	f6/5a67dc	2975405	NFCORE_RNASEQ:RNASEQ:ALIGN_STAR:BAM_SORT_STATS_SAMTOOLS:BAM_STATS_SAMTOOLS:SAMTOOLS_IDXSTATS (Pd28)	COMPLETED	0	2025-08-31 00:44:33.591	911ms	0ms	67.5%	5.3 MB	11.9 MB	694.4 KB	41.8 KB
1833	bc/4a4299	2975667	NFCORE_RNASEQ:RNASEQ:ALIGN_STAR:BAM_SORT_STATS_SAMTOOLS:BAM_STATS_SAMTOOLS:SAMTOOLS_FLAGSTAT (Pd45)	COMPLETED	0	2025-08-31 00:44:34.508	28s	27s	181.1%	6.2 MB	220.9 MB	3.3 GB	5.4 KB
1825	38/c2ea93	2977439	NFCORE_RNASEQ:RNASEQ:ALIGN_STAR:BAM_SORT_STATS_SAMTOOLS:BAM_STATS_SAMTOOLS:SAMTOOLS_IDXSTATS (Pd2)	COMPLETED	0	2025-08-31 00:45:02.555	871ms	0ms	84.4%	2.8 MB	5.4 MB	670 KB	41.8 KB
1826	de/b9fa9c	2977752	NFCORE_RNASEQ:RNASEQ:ALIGN_STAR:BAM_SORT_STATS_SAMTOOLS:BAM_STATS_SAMTOOLS:SAMTOOLS_FLAGSTAT (Pd49)	COMPLETED	0	2025-08-31 00:45:03.433	29.3s	29s	176.1%	6.2 MB	220.9 MB	3.4 GB	5.4 KB
1831	ac/955d24	2979253	NFCORE_RNASEQ:RNASEQ:ALIGN_STAR:BAM_SORT_STATS_SAMTOOLS:BAM_STATS_SAMTOOLS:SAMTOOLS_IDXSTATS (Pd21)	COMPLETED	0	2025-08-31 00:45:32.713	854ms	0ms	72.0%	7.2 MB	13.5 MB	799.9 KB	41.9 KB
1507	f4/24e290	2856062	NFCORE_RNASEQ:RNASEQ:QUALIMAP_RNASEQ (Pd33)	COMPLETED	0	2025-08-31 00:17:30.820	28m 21s	28m 18s	90.3%	2.8 GB	34.7 GB	28.5 GB	24.8 GB
1528	bd/f142d6	2980677	NFCORE_RNASEQ:RNASEQ:BEDGRAPH_BEDCLIP_BEDGRAPHTOBIGWIG_REVERSE:UCSC_BEDCLIP (Pd75)	COMPLETED	0	2025-08-31 00:45:51.900	17.3s	16s	38.3%	6.9 MB	18.7 MB	306.2 MB	306.1 MB
1829	61/f34ebe	2979574	NFCORE_RNASEQ:RNASEQ:ALIGN_STAR:BAM_SORT_STATS_SAMTOOLS:BAM_STATS_SAMTOOLS:SAMTOOLS_FLAGSTAT (Pd6)	COMPLETED	0	2025-08-31 00:45:33.574	40s	39s	129.2%	5.9 MB	220.9 MB	3.1 GB	5.4 KB
1813	d3/52d2a1	2974641	NFCORE_RNASEQ:RNASEQ:ALIGN_STAR:BAM_SORT_STATS_SAMTOOLS:BAM_STATS_SAMTOOLS:SAMTOOLS_STATS (Pd6)	COMPLETED	0	2025-08-31 00:44:29.765	1m 46s	1m 45s	153.1%	6.9 MB	222.4 MB	3.1 GB	264.6 KB
1529	a8/0cdcc6	2982123	NFCORE_RNASEQ:RNASEQ:BEDGRAPH_BEDCLIP_BEDGRAPHTOBIGWIG_FORWARD:UCSC_BEDCLIP (Pd75)	COMPLETED	0	2025-08-31 00:46:09.209	17.5s	17s	38.4%	7.2 MB	18.7 MB	305.7 MB	305.6 MB
1523	8a/93a4f9	2921730	NFCORE_RNASEQ:RNASEQ:BAM_MARKDUPLICATES_PICARD:PICARD_MARKDUPLICATES (Pd123)	COMPLETED	0	2025-08-31 00:31:20.405	15m 54s	15m 52s	96.4%	20.5 GB	33.6 GB	6.2 GB	3.3 GB
1525	82/c95d0b	2926836	NFCORE_RNASEQ:RNASEQ:BAM_MARKDUPLICATES_PICARD:PICARD_MARKDUPLICATES (Pd122)	COMPLETED	0	2025-08-31 00:32:18.578	16m 50s	16m 48s	98.1%	21.2 GB	33.6 GB	6.7 GB	3.6 GB
1536	a1/ccc5f8	2987813	NFCORE_RNASEQ:RNASEQ:SUBREAD_FEATURECOUNTS (Pd77)	COMPLETED	0	2025-08-31 00:47:14.626	1m 58s	1m 56s	138.5%	914.6 MB	1.5 GB	8 GB	3.6 GB
1827	10/afa8e1	2983178	NFCORE_RNASEQ:RNASEQ:ALIGN_STAR:BAM_SORT_STATS_SAMTOOLS:BAM_STATS_SAMTOOLS:SAMTOOLS_STATS (Pd16)	COMPLETED	0	2025-08-31 00:46:15.996	4m 6s	4m 6s	82.3%	6.9 MB	222.4 MB	3.1 GB	265.2 KB
1820	e4/f8917a	2982704	NFCORE_RNASEQ:RNASEQ:ALIGN_STAR:BAM_SORT_STATS_SAMTOOLS:BAM_STATS_SAMTOOLS:SAMTOOLS_STATS (Pd35)	COMPLETED	0	2025-08-31 00:46:13.619	4m 26s	4m 24s	78.2%	6.6 MB	222.4 MB	3.4 GB	264.6 KB
1950	99/6d4824	3002576	NFCORE_RNASEQ:RNASEQ:ALIGN_STAR:BAM_SORT_STATS_SAMTOOLS:BAM_STATS_SAMTOOLS:SAMTOOLS_IDXSTATS (Pd150)	COMPLETED	0	2025-08-31 00:50:39.228	1.6s	1s	10.9%	5.3 MB	11.9 MB	781.8 KB	42.3 KB
1832	fe/3d2157	3002896	NFCORE_RNASEQ:RNASEQ:ALIGN_STAR:BAM_SORT_STATS_SAMTOOLS:BAM_STATS_SAMTOOLS:SAMTOOLS_IDXSTATS (Pd69)	COMPLETED	0	2025-08-31 00:50:40.815	905ms	0ms	74.8%	2.8 MB	5.4 MB	863 KB	42.2 KB
1531	1f/c5383e	2994331	NFCORE_RNASEQ:RNASEQ:STRINGTIE_STRINGTIE (Pd77)	COMPLETED	0	2025-08-31 00:49:08.988	2m 21s	2m 20s	122.0%	607.1 MB	964.6 MB	3.4 GB	101.4 MB
1533	85/64d3c1	2984716	NFCORE_RNASEQ:RNASEQ:BEDTOOLS_GENOMECOV (Pd77)	COMPLETED	0	2025-08-31 00:46:26.673	6m 1s	5m 58s	103.3%	2.4 GB	3 GB	6.8 GB	883.8 MB
1828	23/9f0b5a	3000741	NFCORE_RNASEQ:RNASEQ:ALIGN_STAR:BAM_SORT_STATS_SAMTOOLS:BAM_STATS_SAMTOOLS:SAMTOOLS_STATS (Pd66)	COMPLETED	0	2025-08-31 00:50:22.336	3m 36s	3m 35s	88.4%	6.9 MB	222.4 MB	3.2 GB	251.6 KB
1540	d3/b5c2e1	3006932	NFCORE_RNASEQ:RNASEQ:BAM_RSEQC:RSEQC_JUNCTIONSATURATION (Pd77)	COMPLETED	0	2025-08-31 00:51:30.152	2m 40s	2m 39s	107.7%	1 GB	6.3 GB	3.2 GB	27.9 KB
1837	8b/e41fb7	3003129	NFCORE_RNASEQ:RNASEQ:ALIGN_STAR:BAM_SORT_STATS_SAMTOOLS:BAM_STATS_SAMTOOLS:SAMTOOLS_STATS (Pd22)	COMPLETED	0	2025-08-31 00:50:41.727	3m 30s	3m 29s	91.5%	6.9 MB	222.4 MB	3.3 GB	265.6 KB
1834	1d/33d7dc	3017221	NFCORE_RNASEQ:RNASEQ:ALIGN_STAR:BAM_SORT_STATS_SAMTOOLS:BAM_STATS_SAMTOOLS:SAMTOOLS_FLAGSTAT (Pd35)	COMPLETED	0	2025-08-31 00:53:58.120	29.6s	29s	177.7%	5.9 MB	220.9 MB	3.4 GB	5.4 KB
1843	e7/53304b	3019086	NFCORE_RNASEQ:RNASEQ:ALIGN_STAR:BAM_SORT_STATS_SAMTOOLS:BAM_STATS_SAMTOOLS:SAMTOOLS_FLAGSTAT (Pd66)	COMPLETED	0	2025-08-31 00:54:11.303	27.9s	27s	180.3%	6.2 MB	220.9 MB	3.2 GB	5.4 KB
1541	b3/4eeb2f	3011181	NFCORE_RNASEQ:RNASEQ:BAM_RSEQC:RSEQC_READDUPLICATION (Pd77)	COMPLETED	0	2025-08-31 00:52:27.227	4m 51s	4m 51s	104.3%	5.3 GB	10.6 GB	3.2 GB	866.8 KB
1542	d1/7cf25d	3032371	NFCORE_RNASEQ:RNASEQ:BAM_RSEQC:RSEQC_INFEREXPERIMENT (Pd77)	COMPLETED	0	2025-08-31 00:57:18.505	3.1s	2s	453.4%	50 MB	5.3 GB	38.5 MB	805 B
1543	6a/d50e5f	3018652	NFCORE_RNASEQ:RNASEQ:BAM_RSEQC:RSEQC_READDISTRIBUTION (Pd77)	COMPLETED	0	2025-08-31 00:54:09.822	3m 16s	3m 15s	104.2%	213.7 MB	5.4 GB	3.2 GB	1.7 KB
1840	33/83449e	3021013	NFCORE_RNASEQ:RNASEQ:ALIGN_STAR:BAM_SORT_STATS_SAMTOOLS:BAM_STATS_SAMTOOLS:SAMTOOLS_STATS (Pd38)	COMPLETED	0	2025-08-31 00:54:27.723	3m	2m 59s	104.3%	7.2 MB	222.2 MB	3.5 GB	266.3 KB
1835	41/afbae1	3022460	NFCORE_RNASEQ:RNASEQ:ALIGN_STAR:BAM_SORT_STATS_SAMTOOLS:BAM_STATS_SAMTOOLS:SAMTOOLS_STATS (Pd32)	COMPLETED	0	2025-08-31 00:54:39.221	2m 49s	2m 48s	105.2%	6.6 MB	222.4 MB	3.1 GB	231.6 KB
1839	e5/0c988c	3034476	NFCORE_RNASEQ:RNASEQ:ALIGN_STAR:BAM_SORT_STATS_SAMTOOLS:BAM_STATS_SAMTOOLS:SAMTOOLS_FLAGSTAT (Pd16)	COMPLETED	0	2025-08-31 00:57:27.951	32.5s	32s	155.7%	5.9 MB	220.9 MB	3.1 GB	5.4 KB
1846	cb/61d213	3038252	NFCORE_RNASEQ:RNASEQ:ALIGN_STAR:BAM_SORT_STATS_SAMTOOLS:BAM_STATS_SAMTOOLS:SAMTOOLS_IDXSTATS (Pd56)	COMPLETED	0	2025-08-31 00:58:00.459	888ms	1s	73.7%	5.9 MB	12.2 MB	688 KB	41.9 KB
1538	8e/f7f5d2	3032960	NFCORE_RNASEQ:RNASEQ:BAM_RSEQC:RSEQC_INNERDISTANCE (Pd77)	COMPLETED	0	2025-08-31 00:57:21.565	44s	43s	128.1%	312.2 MB	5.5 GB	197.4 MB	59.2 MB
1838	6e/f37a23	3034527	NFCORE_RNASEQ:RNASEQ:ALIGN_STAR:BAM_SORT_STATS_SAMTOOLS:BAM_STATS_SAMTOOLS:SAMTOOLS_STATS (Pd9)	COMPLETED	0	2025-08-31 00:57:28.155	2m 6s	2m 5s	141.6%	6.9 MB	222.4 MB	3.4 GB	264.9 KB
1537	97/65d616	3033711	NFCORE_RNASEQ:RNASEQ:BAM_RSEQC:RSEQC_BAMSTAT (Pd77)	COMPLETED	0	2025-08-31 00:57:25.856	2m 35s	2m 34s	105.3%	45.2 MB	5.3 GB	3.2 GB	1.3 KB
1539	a1/4f7ecc	3039244	NFCORE_RNASEQ:RNASEQ:BAM_RSEQC:RSEQC_JUNCTIONANNOTATION (Pd77)	COMPLETED	0	2025-08-31 00:58:05.595	2m 9s	2m 8s	109.8%	63.4 MB	5.3 GB	3.2 GB	28.4 MB
1848	f0/9bb253	3044781	NFCORE_RNASEQ:RNASEQ:ALIGN_STAR:BAM_SORT_STATS_SAMTOOLS:BAM_STATS_SAMTOOLS:SAMTOOLS_FLAGSTAT (Pd55)	COMPLETED	0	2025-08-31 00:59:34.253	49.4s	49s	114.4%	5.9 MB	220.9 MB	3.3 GB	5.4 KB
1841	fa/399f5f	3038563	NFCORE_RNASEQ:RNASEQ:ALIGN_STAR:BAM_SORT_STATS_SAMTOOLS:BAM_STATS_SAMTOOLS:SAMTOOLS_STATS (Pd12)	COMPLETED	0	2025-08-31 00:58:01.353	2m 36s	2m 36s	116.3%	6.9 MB	222.4 MB	3.4 GB	266 KB
1842	02/3b8da6	3050702	NFCORE_RNASEQ:RNASEQ:ALIGN_STAR:BAM_SORT_STATS_SAMTOOLS:BAM_STATS_SAMTOOLS:SAMTOOLS_IDXSTATS (Pd57)	COMPLETED	0	2025-08-31 01:00:37.523	1.2s	0ms	23.2%	5.3 MB	11.9 MB	677 KB	41.9 KB
1544	3e/995735	3046857	NFCORE_RNASEQ:RNASEQ:BEDGRAPH_BEDCLIP_BEDGRAPHTOBIGWIG_FORWARD:UCSC_BEDCLIP (Pd72)	COMPLETED	0	2025-08-31 01:00:01.012	39.2s	38s	25.9%	7.2 MB	18.7 MB	432.9 MB	432.8 MB
1545	c2/d9d56a	3048194	NFCORE_RNASEQ:RNASEQ:BEDGRAPH_BEDCLIP_BEDGRAPHTOBIGWIG_REVERSE:UCSC_BEDCLIP (Pd72)	COMPLETED	0	2025-08-31 01:00:14.505	33.5s	32s	29.6%	6.9 MB	18.7 MB	432.8 MB	432.7 MB
1844	95/c23a17	3049296	NFCORE_RNASEQ:RNASEQ:ALIGN_STAR:BAM_SORT_STATS_SAMTOOLS:BAM_STATS_SAMTOOLS:SAMTOOLS_FLAGSTAT (Pd32)	COMPLETED	0	2025-08-31 01:00:23.617	55.7s	55s	93.7%	5.9 MB	220.9 MB	3.1 GB	5.4 KB
1850	32/a09a4d	3055207	NFCORE_RNASEQ:RNASEQ:ALIGN_STAR:BAM_SORT_STATS_SAMTOOLS:BAM_STATS_SAMTOOLS:SAMTOOLS_FLAGSTAT (Pd22)	COMPLETED	0	2025-08-31 01:01:19.333	27.8s	27s	179.6%	5.9 MB	220.9 MB	3.3 GB	5.4 KB
1847	9b/dc1561	3057357	NFCORE_RNASEQ:RNASEQ:ALIGN_STAR:BAM_SORT_STATS_SAMTOOLS:BAM_STATS_SAMTOOLS:SAMTOOLS_IDXSTATS (Pd46)	COMPLETED	0	2025-08-31 01:01:47.128	1.5s	1s	21.8%	5.3 MB	11.9 MB	792.5 KB	42.2 KB
1552	fd/257377	3052626	NFCORE_RNASEQ:RNASEQ:SUBREAD_FEATURECOUNTS (Pd80)	COMPLETED	0	2025-08-31 01:00:47.982	2m 3s	2m 2s	134.0%	902.4 MB	1.4 GB	7.9 GB	3.3 GB
1852	58/3540cf	3057747	NFCORE_RNASEQ:RNASEQ:ALIGN_STAR:BAM_SORT_STATS_SAMTOOLS:BAM_STATS_SAMTOOLS:SAMTOOLS_FLAGSTAT (Pd9)	COMPLETED	0	2025-08-31 01:01:48.615	1m 19s	1m 18s	73.1%	5.9 MB	220.9 MB	3.4 GB	5.4 KB
1851	a4/761be5	3063601	NFCORE_RNASEQ:RNASEQ:ALIGN_STAR:BAM_SORT_STATS_SAMTOOLS:BAM_STATS_SAMTOOLS:SAMTOOLS_IDXSTATS (Pd15)	COMPLETED	0	2025-08-31 01:03:07.844	917ms	0ms	51.4%	5 MB	12 MB	796.3 KB	42.1 KB
1845	0a/90f9e3	3051066	NFCORE_RNASEQ:RNASEQ:ALIGN_STAR:BAM_SORT_STATS_SAMTOOLS:BAM_STATS_SAMTOOLS:SAMTOOLS_STATS (Pd2)	COMPLETED	0	2025-08-31 01:00:38.691	4m 15s	4m 14s	72.6%	6.6 MB	222.2 MB	2.7 GB	220.8 KB
1855	ed/e1889d	3070380	NFCORE_RNASEQ:RNASEQ:ALIGN_STAR:BAM_SORT_STATS_SAMTOOLS:BAM_STATS_SAMTOOLS:SAMTOOLS_FLAGSTAT (Pd38)	COMPLETED	0	2025-08-31 01:04:53.359	1m 7s	1m 7s	90.6%	5.9 MB	220.9 MB	3.5 GB	5.4 KB
1857	d4/034ae1	3074686	NFCORE_RNASEQ:RNASEQ:ALIGN_STAR:BAM_SORT_STATS_SAMTOOLS:BAM_STATS_SAMTOOLS:SAMTOOLS_IDXSTATS (Pd75)	COMPLETED	0	2025-08-31 01:06:00.714	915ms	0ms	51.7%	5 MB	11.9 MB	752.3 KB	42 KB
1849	52/126b8a	3063978	NFCORE_RNASEQ:RNASEQ:ALIGN_STAR:BAM_SORT_STATS_SAMTOOLS:BAM_STATS_SAMTOOLS:SAMTOOLS_STATS (Pd28)	COMPLETED	0	2025-08-31 01:03:08.767	3m 27s	3m 26s	83.4%	6.9 MB	222.2 MB	2.7 GB	223.2 KB
1856	87/d74278	3077545	NFCORE_RNASEQ:RNASEQ:ALIGN_STAR:BAM_SORT_STATS_SAMTOOLS:BAM_STATS_SAMTOOLS:SAMTOOLS_FLAGSTAT (Pd12)	COMPLETED	0	2025-08-31 01:06:35.729	1m 12s	1m 11s	79.4%	6.2 MB	220.9 MB	3.4 GB	5.4 KB
1853	0f/1808fb	3075000	NFCORE_RNASEQ:RNASEQ:ALIGN_STAR:BAM_SORT_STATS_SAMTOOLS:BAM_STATS_SAMTOOLS:SAMTOOLS_STATS (Pd21)	COMPLETED	0	2025-08-31 01:06:01.639	4m 51s	4m 49s	74.0%	6.9 MB	222.4 MB	3.2 GB	251 KB
1550	9c/889252	3051297	NFCORE_RNASEQ:RNASEQ:BEDTOOLS_GENOMECOV (Pd80)	COMPLETED	0	2025-08-31 01:00:40.182	10m 48s	10m 46s	70.5%	3.5 GB	4.5 GB	7.5 GB	1.3 GB
1967	48/4376af	3082100	NFCORE_RNASEQ:RNASEQ:ALIGN_STAR:BAM_SORT_STATS_SAMTOOLS:BAM_STATS_SAMTOOLS:SAMTOOLS_STATS (Pd150)	COMPLETED	0	2025-08-31 01:07:47.774	4m 3s	4m 2s	76.8%	6.9 MB	222.4 MB	2.8 GB	233.9 KB
1854	e0/829428	3092238	NFCORE_RNASEQ:RNASEQ:ALIGN_STAR:BAM_SORT_STATS_SAMTOOLS:BAM_STATS_SAMTOOLS:SAMTOOLS_STATS (Pd69)	COMPLETED	0	2025-08-31 01:10:52.206	2m 36s	2m 36s	118.5%	6.9 MB	222.4 MB	3.5 GB	267 KB
1859	ae/bb62bd	3096382	NFCORE_RNASEQ:RNASEQ:ALIGN_STAR:BAM_SORT_STATS_SAMTOOLS:BAM_STATS_SAMTOOLS:SAMTOOLS_STATS (Pd57)	COMPLETED	0	2025-08-31 01:11:50.863	1m 56s	1m 55s	141.1%	6.9 MB	222.4 MB	3.1 GB	241 KB
1551	03/22e3e0	3094472	NFCORE_RNASEQ:RNASEQ:STRINGTIE_STRINGTIE (Pd80)	COMPLETED	0	2025-08-31 01:11:27.778	2m 22s	2m 21s	124.7%	729.1 MB	1022.8 MB	3.6 GB	106.1 MB
1862	4c/55961a	3101167	NFCORE_RNASEQ:RNASEQ:ALIGN_STAR:BAM_SORT_STATS_SAMTOOLS:BAM_STATS_SAMTOOLS:SAMTOOLS_FLAGSTAT (Pd2)	COMPLETED	0	2025-08-31 01:13:28.368	41.5s	41s	120.1%	5.6 MB	220.9 MB	2.7 GB	5.4 KB
1863	c9/a9afe3	3104829	NFCORE_RNASEQ:RNASEQ:ALIGN_STAR:BAM_SORT_STATS_SAMTOOLS:BAM_STATS_SAMTOOLS:SAMTOOLS_FLAGSTAT (Pd28)	COMPLETED	0	2025-08-31 01:14:09.898	26.3s	25s	165.5%	5.9 MB	220.9 MB	2.7 GB	5.4 KB
1535	38/3ff87f	2994906	NFCORE_RNASEQ:RNASEQ:QUALIMAP_RNASEQ (Pd77)	COMPLETED	0	2025-08-31 00:49:12.315	25m 30s	25m 27s	100.9%	3.9 GB	34.8 GB	26.9 GB	23.6 GB
1868	91/4d4d98	3106491	NFCORE_RNASEQ:RNASEQ:ALIGN_STAR:BAM_SORT_STATS_SAMTOOLS:BAM_STATS_SAMTOOLS:SAMTOOLS_FLAGSTAT (Pd21)	COMPLETED	0	2025-08-31 01:14:36.197	30.8s	30s	167.9%	6.2 MB	220.9 MB	3.2 GB	5.4 KB
1869	5a/aca47d	3109316	NFCORE_RNASEQ:RNASEQ:ALIGN_STAR:BAM_SORT_STATS_SAMTOOLS:BAM_STATS_SAMTOOLS:SAMTOOLS_FLAGSTAT (Pd69)	COMPLETED	0	2025-08-31 01:15:06.974	32.3s	31s	163.6%	5.9 MB	220.9 MB	3.5 GB	5.4 KB
1860	c7/6bed64	3102602	NFCORE_RNASEQ:RNASEQ:ALIGN_STAR:BAM_SORT_STATS_SAMTOOLS:BAM_STATS_SAMTOOLS:SAMTOOLS_STATS (Pd56)	COMPLETED	0	2025-08-31 01:13:47.246	1m 55s	1m 54s	133.6%	6.6 MB	222.4 MB	2.9 GB	250.4 KB
1870	49/a32209	3112031	NFCORE_RNASEQ:RNASEQ:ALIGN_STAR:BAM_SORT_STATS_SAMTOOLS:BAM_STATS_SAMTOOLS:SAMTOOLS_FLAGSTAT (Pd57)	COMPLETED	0	2025-08-31 01:15:42.120	26.8s	26s	183.9%	6.2 MB	220.9 MB	3.1 GB	5.4 KB
1555	aa/a82fa1	3102972	NFCORE_RNASEQ:RNASEQ:BAM_RSEQC:RSEQC_JUNCTIONANNOTATION (Pd80)	COMPLETED	0	2025-08-31 01:13:49.622	2m 22s	2m 21s	108.6%	68 MB	5.3 GB	3.5 GB	37.6 MB
1861	bb/d077f6	3111500	NFCORE_RNASEQ:RNASEQ:ALIGN_STAR:BAM_SORT_STATS_SAMTOOLS:BAM_STATS_SAMTOOLS:SAMTOOLS_STATS (Pd46)	COMPLETED	0	2025-08-31 01:15:39.260	2m 5s	2m 5s	137.7%	6.6 MB	222.4 MB	3.3 GB	266 KB
1864	96/a62a7e	3114197	NFCORE_RNASEQ:RNASEQ:ALIGN_STAR:BAM_SORT_STATS_SAMTOOLS:BAM_STATS_SAMTOOLS:SAMTOOLS_STATS (Pd15)	COMPLETED	0	2025-08-31 01:16:08.964	2m 16s	2m 15s	130.8%	6.6 MB	222.4 MB	3.3 GB	265.8 KB
1553	f8/052cc5	3114764	NFCORE_RNASEQ:RNASEQ:BAM_RSEQC:RSEQC_BAMSTAT (Pd80)	COMPLETED	0	2025-08-31 01:16:11.505	3m 31s	3m 29s	86.1%	46.2 MB	5.3 GB	3.5 GB	1.3 KB
1556	f7/65683a	3107178	NFCORE_RNASEQ:RNASEQ:BAM_RSEQC:RSEQC_READDUPLICATION (Pd80)	COMPLETED	0	2025-08-31 01:14:41.834	5m 11s	5m 10s	99.5%	6.1 GB	11.3 GB	3.5 GB	800.7 KB
1866	6c/534340	3119964	NFCORE_RNASEQ:RNASEQ:ALIGN_STAR:BAM_SORT_STATS_SAMTOOLS:BAM_STATS_SAMTOOLS:SAMTOOLS_STATS (Pd72)	COMPLETED	0	2025-08-31 01:17:44.452	2m 25s	2m 25s	128.6%	6.9 MB	222.2 MB	3.6 GB	267.8 KB
1873	d3/a62435	3129649	NFCORE_RNASEQ:RNASEQ:ALIGN_STAR:BAM_SORT_STATS_SAMTOOLS:BAM_STATS_SAMTOOLS:SAMTOOLS_FLAGSTAT (Pd56)	COMPLETED	0	2025-08-31 01:20:09.626	37.8s	37s	134.7%	5.9 MB	220.9 MB	2.9 GB	5.4 KB
1858	3f/e24d3c	3132049	NFCORE_RNASEQ:RNASEQ:ALIGN_STAR:BAM_SORT_STATS_SAMTOOLS:BAM_STATS_SAMTOOLS:SAMTOOLS_IDXSTATS (Pd72)	COMPLETED	0	2025-08-31 01:20:47.421	1.6s	1s	10.9%	5.3 MB	12 MB	868.6 KB	42.2 KB
1865	08/9451c2	3122481	NFCORE_RNASEQ:RNASEQ:ALIGN_STAR:BAM_SORT_STATS_SAMTOOLS:BAM_STATS_SAMTOOLS:SAMTOOLS_STATS (Pd75)	COMPLETED	0	2025-08-31 01:18:24.648	2m 38s	2m 37s	115.2%	6.6 MB	222.4 MB	3.1 GB	224.5 KB
1874	06/9d53df	3132420	NFCORE_RNASEQ:RNASEQ:ALIGN_STAR:BAM_SORT_STATS_SAMTOOLS:BAM_STATS_SAMTOOLS:SAMTOOLS_FLAGSTAT (Pd46)	COMPLETED	0	2025-08-31 01:20:49.037	50.7s	50s	111.1%	6.2 MB	220.9 MB	3.3 GB	5.4 KB
1877	e2/b97b6f	3133713	NFCORE_RNASEQ:RNASEQ:ALIGN_STAR:BAM_SORT_STATS_SAMTOOLS:BAM_STATS_SAMTOOLS:SAMTOOLS_FLAGSTAT (Pd15)	COMPLETED	0	2025-08-31 01:21:02.946	42.3s	41s	127.2%	6.2 MB	220.9 MB	3.3 GB	5.4 KB
1554	7e/c6cf2c	3128047	NFCORE_RNASEQ:RNASEQ:BAM_RSEQC:RSEQC_JUNCTIONSATURATION (Pd80)	COMPLETED	0	2025-08-31 01:19:53.135	3m 55s	3m 54s	82.1%	1.1 GB	6.3 GB	3.5 GB	28 KB
1559	46/b3cab1	3143223	NFCORE_RNASEQ:RNASEQ:BAM_RSEQC:RSEQC_INFEREXPERIMENT (Pd80)	COMPLETED	0	2025-08-31 01:23:48.301	3.6s	3s	372.4%	49.4 MB	5.3 GB	37.9 MB	805 B
1871	97/51b934	3136004	NFCORE_RNASEQ:RNASEQ:ALIGN_STAR:BAM_SORT_STATS_SAMTOOLS:BAM_STATS_SAMTOOLS:SAMTOOLS_STATS (Pd27)	COMPLETED	0	2025-08-31 01:21:39.717	2m 15s	2m 14s	129.8%	6.6 MB	222.4 MB	3 GB	229.2 KB
1558	69/79a397	3126694	NFCORE_RNASEQ:RNASEQ:BAM_RSEQC:RSEQC_READDISTRIBUTION (Pd80)	COMPLETED	0	2025-08-31 01:19:42.090	4m 13s	4m 12s	95.3%	214.8 MB	5.4 GB	3.5 GB	1.7 KB
1875	72/839bba	3144569	NFCORE_RNASEQ:RNASEQ:ALIGN_STAR:BAM_SORT_STATS_SAMTOOLS:BAM_STATS_SAMTOOLS:SAMTOOLS_IDXSTATS (Pd20)	COMPLETED	0	2025-08-31 01:23:54.711	880ms	0ms	92.2%	2.5 MB	5.4 MB	823.5 KB	42.1 KB
1867	83/0ef5d6	3136705	NFCORE_RNASEQ:RNASEQ:ALIGN_STAR:BAM_SORT_STATS_SAMTOOLS:BAM_STATS_SAMTOOLS:SAMTOOLS_STATS (Pd20)	COMPLETED	0	2025-08-31 01:21:45.218	2m 33s	2m 33s	123.1%	6.6 MB	222.2 MB	3.2 GB	265.4 KB
1557	31/912db5	3143995	NFCORE_RNASEQ:RNASEQ:BAM_RSEQC:RSEQC_INNERDISTANCE (Pd80)	COMPLETED	0	2025-08-31 01:23:51.868	45.7s	45s	125.4%	311.6 MB	5.5 GB	227.4 MB	60.8 MB
1878	c3/f2c808	3147432	NFCORE_RNASEQ:RNASEQ:ALIGN_STAR:BAM_SORT_STATS_SAMTOOLS:BAM_STATS_SAMTOOLS:SAMTOOLS_FLAGSTAT (Pd75)	COMPLETED	0	2025-08-31 01:24:18.585	45.3s	44s	119.3%	6.2 MB	220.9 MB	3.1 GB	5.4 KB
1872	96/818b73	3145055	NFCORE_RNASEQ:RNASEQ:ALIGN_STAR:BAM_SORT_STATS_SAMTOOLS:BAM_STATS_SAMTOOLS:SAMTOOLS_STATS (Pd63)	COMPLETED	0	2025-08-31 01:23:55.598	2m 20s	2m 19s	110.0%	6.6 MB	222.4 MB	2.6 GB	219.6 KB
1879	b4/4b3a5f	3151288	NFCORE_RNASEQ:RNASEQ:ALIGN_STAR:BAM_SORT_STATS_SAMTOOLS:BAM_STATS_SAMTOOLS:SAMTOOLS_STATS (Pd14)	COMPLETED	0	2025-08-31 01:25:03.881	2m 18s	2m 18s	130.1%	6.6 MB	222.4 MB	3.3 GB	265.5 KB
1565	87/eb4ce4	3144690	NFCORE_RNASEQ:RNASEQ:STRINGTIE_STRINGTIE (Pd84)	COMPLETED	0	2025-08-31 01:23:54.938	3m 53s	3m 52s	81.8%	485.7 MB	738.7 MB	3.4 GB	101.1 MB
1882	d6/356fb4	3159658	NFCORE_RNASEQ:RNASEQ:ALIGN_STAR:BAM_SORT_STATS_SAMTOOLS:BAM_STATS_SAMTOOLS:SAMTOOLS_FLAGSTAT (Pd72)	COMPLETED	0	2025-08-31 01:27:22.286	40.2s	40s	140.9%	5.9 MB	220.9 MB	3.6 GB	5.4 KB
1880	10/abd9f7	3163642	NFCORE_RNASEQ:RNASEQ:ALIGN_STAR:BAM_SORT_STATS_SAMTOOLS:BAM_STATS_SAMTOOLS:SAMTOOLS_IDXSTATS (Pd27)	COMPLETED	0	2025-08-31 01:28:02.461	1.2s	1s	22.0%	5 MB	11.9 MB	758.8 KB	42 KB
1876	2d/e63aa0	3155704	NFCORE_RNASEQ:RNASEQ:ALIGN_STAR:BAM_SORT_STATS_SAMTOOLS:BAM_STATS_SAMTOOLS:SAMTOOLS_STATS (Pd7)	COMPLETED	0	2025-08-31 01:26:16.014	2m 56s	2m 55s	109.2%	6.6 MB	222.2 MB	3.2 GB	264.7 KB
1886	8e/bbac4f	3168440	NFCORE_RNASEQ:RNASEQ:ALIGN_STAR:BAM_SORT_STATS_SAMTOOLS:BAM_STATS_SAMTOOLS:SAMTOOLS_IDXSTATS (Pd7)	COMPLETED	0	2025-08-31 01:29:11.910	1.3s	0ms	20.3%	5.3 MB	12 MB	806.3 KB	42.1 KB
1887	43/f5e4bc	3168827	NFCORE_RNASEQ:RNASEQ:ALIGN_STAR:BAM_SORT_STATS_SAMTOOLS:BAM_STATS_SAMTOOLS:SAMTOOLS_IDXSTATS (Pd14)	COMPLETED	0	2025-08-31 01:29:13.175	884ms	0ms	58.5%	5.6 MB	12.2 MB	846.5 KB	42.2 KB
1547	85/e489d7	3061510	NFCORE_RNASEQ:RNASEQ:QUALIMAP_RNASEQ (Pd80)	COMPLETED	0	2025-08-31 01:02:51.477	27m 56s	27m 54s	96.6%	3 GB	34.9 GB	27.9 GB	24.3 GB
1566	1f/26ddc0	3149105	NFCORE_RNASEQ:RNASEQ:BEDTOOLS_GENOMECOV (Pd84)	COMPLETED	0	2025-08-31 01:24:37.539	8m 55s	8m 54s	73.8%	2.1 GB	2.6 GB	6.8 GB	759.9 MB
1881	9f/964530	3164038	NFCORE_RNASEQ:RNASEQ:ALIGN_STAR:BAM_SORT_STATS_SAMTOOLS:BAM_STATS_SAMTOOLS:SAMTOOLS_STATS (Pd33)	COMPLETED	0	2025-08-31 01:28:03.668	6m 6s	6m 5s	60.1%	6.6 MB	222.2 MB	3.4 GB	265.2 KB
1891	e2/9a6474	3188653	NFCORE_RNASEQ:RNASEQ:ALIGN_STAR:BAM_SORT_STATS_SAMTOOLS:BAM_STATS_SAMTOOLS:SAMTOOLS_IDXSTATS (Pd80)	COMPLETED	0	2025-08-31 01:34:09.602	854ms	0ms	74.4%	6.6 MB	13.5 MB	810.8 KB	42 KB
1889	be/41d879	3189024	NFCORE_RNASEQ:RNASEQ:ALIGN_STAR:BAM_SORT_STATS_SAMTOOLS:BAM_STATS_SAMTOOLS:SAMTOOLS_IDXSTATS (Pd33)	COMPLETED	0	2025-08-31 01:34:10.530	1.1s	1s	29.0%	5.3 MB	12 MB	802.8 KB	42.2 KB
1890	07/e37d70	3189379	NFCORE_RNASEQ:RNASEQ:ALIGN_STAR:BAM_SORT_STATS_SAMTOOLS:BAM_STATS_SAMTOOLS:SAMTOOLS_IDXSTATS (Pd77)	COMPLETED	0	2025-08-31 01:34:11.599	753ms	0ms	92.2%	2.8 MB	5.4 MB	653.2 KB	41.7 KB
1892	3a/32ef29	3189659	NFCORE_RNASEQ:RNASEQ:ALIGN_STAR:BAM_SORT_STATS_SAMTOOLS:BAM_STATS_SAMTOOLS:SAMTOOLS_IDXSTATS (Pd84)	COMPLETED	0	2025-08-31 01:34:12.356	813ms	0ms	85.9%	2.8 MB	5.4 MB	674.4 KB	41.8 KB
1893	fe/c15a1a	3189887	NFCORE_RNASEQ:RNASEQ:ALIGN_STAR:BAM_SORT_STATS_SAMTOOLS:BAM_STATS_SAMTOOLS:SAMTOOLS_IDXSTATS (Pd87)	COMPLETED	0	2025-08-31 01:34:13.173	1.2s	1s	18.5%	5 MB	11.9 MB	801.4 KB	42.1 KB
1803	8c/4d09cb	3190111	NFCORE_RNASEQ:RNASEQ:ALIGN_STAR:BAM_SORT_STATS_SAMTOOLS:BAM_STATS_SAMTOOLS:SAMTOOLS_IDXSTATS (Pd35)	COMPLETED	0	2025-08-31 01:34:14.406	848ms	1s	76.8%	2.5 MB	5.4 MB	791.6 KB	42.1 KB
1885	8c/37f636	3190394	NFCORE_RNASEQ:RNASEQ:ALIGN_STAR:BAM_SORT_STATS_SAMTOOLS:BAM_STATS_SAMTOOLS:SAMTOOLS_IDXSTATS (Pd63)	COMPLETED	0	2025-08-31 01:34:15.258	828ms	0ms	70.3%	5.9 MB	12.8 MB	631.9 KB	42 KB
1894	f0/51bfa7	3190618	NFCORE_RNASEQ:RNASEQ:ALIGN_STAR:BAM_SORT_STATS_SAMTOOLS:BAM_STATS_SAMTOOLS:SAMTOOLS_IDXSTATS (Pd86)	COMPLETED	0	2025-08-31 01:34:16.090	1.8s	1s	9.4%	5.3 MB	11.9 MB	854.6 KB	42.1 KB
1895	6c/1927b2	3191025	NFCORE_RNASEQ:RNASEQ:ALIGN_STAR:BAM_SORT_STATS_SAMTOOLS:BAM_STATS_SAMTOOLS:SAMTOOLS_IDXSTATS (Pd93)	COMPLETED	0	2025-08-31 01:34:17.899	813ms	0ms	75.3%	2.5 MB	5.4 MB	797.4 KB	42.1 KB
1896	50/406912	3191257	NFCORE_RNASEQ:RNASEQ:ALIGN_STAR:BAM_SORT_STATS_SAMTOOLS:BAM_STATS_SAMTOOLS:SAMTOOLS_IDXSTATS (Pd95)	COMPLETED	0	2025-08-31 01:34:18.717	829ms	0ms	78.9%	2.8 MB	5.4 MB	736.1 KB	41.8 KB
1897	14/acfefe	3191480	NFCORE_RNASEQ:RNASEQ:ALIGN_STAR:BAM_SORT_STATS_SAMTOOLS:BAM_STATS_SAMTOOLS:SAMTOOLS_IDXSTATS (Pd98)	COMPLETED	0	2025-08-31 01:34:19.550	1.2s	0ms	22.1%	5.6 MB	12 MB	772.4 KB	42.1 KB
1567	b6/4059e5	3174839	NFCORE_RNASEQ:RNASEQ:SUBREAD_FEATURECOUNTS (Pd84)	COMPLETED	0	2025-08-31 01:30:47.854	3m 33s	3m 31s	101.3%	957.7 MB	1.5 GB	13.6 GB	7.8 GB
1884	d0/560cbb	3169055	NFCORE_RNASEQ:RNASEQ:ALIGN_STAR:BAM_SORT_STATS_SAMTOOLS:BAM_STATS_SAMTOOLS:SAMTOOLS_STATS (Pd77)	COMPLETED	0	2025-08-31 01:29:14.066	6m 7s	6m 6s	58.5%	6.6 MB	222.2 MB	3 GB	208.6 KB
1900	52/8f6e5d	3196499	NFCORE_RNASEQ:RNASEQ:ALIGN_STAR:BAM_SORT_STATS_SAMTOOLS:BAM_STATS_SAMTOOLS:SAMTOOLS_IDXSTATS (Pd112)	COMPLETED	0	2025-08-31 01:35:21.046	802ms	0ms	72.9%	6.2 MB	13.1 MB	847.1 KB	42.2 KB
1898	e2/76b567	3196873	NFCORE_RNASEQ:RNASEQ:ALIGN_STAR:BAM_SORT_STATS_SAMTOOLS:BAM_STATS_SAMTOOLS:SAMTOOLS_IDXSTATS (Pd110)	COMPLETED	0	2025-08-31 01:35:21.855	934ms	0ms	37.7%	5 MB	12 MB	829 KB	42.1 KB
1574	8f/a01b77	3185838	NFCORE_RNASEQ:RNASEQ:BAM_RSEQC:RSEQC_BAMSTAT (Pd84)	COMPLETED	0	2025-08-31 01:33:32.905	2m 18s	2m 17s	106.3%	45.8 MB	5.3 GB	3.2 GB	1.3 KB
1883	cd/d3c0b9	3191784	NFCORE_RNASEQ:RNASEQ:ALIGN_STAR:BAM_SORT_STATS_SAMTOOLS:BAM_STATS_SAMTOOLS:SAMTOOLS_FLAGSTAT (Pd20)	COMPLETED	0	2025-08-31 01:34:20.744	1m 41s	1m 40s	62.1%	6.2 MB	220.9 MB	3.2 GB	5.4 KB
1571	c4/bfff9d	3199448	NFCORE_RNASEQ:RNASEQ:BAM_RSEQC:RSEQC_INNERDISTANCE (Pd84)	COMPLETED	0	2025-08-31 01:35:50.425	44.9s	44s	128.0%	312.5 MB	5.5 GB	241.5 MB	60.7 MB
1899	4a/a65380	3197096	NFCORE_RNASEQ:RNASEQ:ALIGN_STAR:BAM_SORT_STATS_SAMTOOLS:BAM_STATS_SAMTOOLS:SAMTOOLS_FLAGSTAT (Pd27)	COMPLETED	0	2025-08-31 01:35:22.795	1m 16s	1m 15s	74.7%	6.2 MB	220.9 MB	3 GB	5.4 KB
1903	ad/bc7188	3204116	NFCORE_RNASEQ:RNASEQ:ALIGN_STAR:BAM_SORT_STATS_SAMTOOLS:BAM_STATS_SAMTOOLS:SAMTOOLS_FLAGSTAT (Pd63)	COMPLETED	0	2025-08-31 01:36:38.471	42.9s	43s	114.7%	5.6 MB	220.9 MB	2.6 GB	5.4 KB
1904	bd/c89ffd	3207654	NFCORE_RNASEQ:RNASEQ:ALIGN_STAR:BAM_SORT_STATS_SAMTOOLS:BAM_STATS_SAMTOOLS:SAMTOOLS_FLAGSTAT (Pd7)	COMPLETED	0	2025-08-31 01:37:21.395	42.4s	42s	132.3%	5.9 MB	220.9 MB	3.2 GB	5.4 KB
1905	a2/f0d2e6	3210359	NFCORE_RNASEQ:RNASEQ:ALIGN_STAR:BAM_SORT_STATS_SAMTOOLS:BAM_STATS_SAMTOOLS:SAMTOOLS_FLAGSTAT (Pd14)	COMPLETED	0	2025-08-31 01:38:03.795	46.1s	45s	120.6%	5.9 MB	220.9 MB	3.3 GB	5.4 KB
1573	29/1a9ddd	3191854	NFCORE_RNASEQ:RNASEQ:BAM_RSEQC:RSEQC_READDUPLICATION (Pd84)	COMPLETED	0	2025-08-31 01:34:20.973	4m 38s	4m 37s	104.6%	4.2 GB	9.4 GB	3.2 GB	1021 KB
1569	98/42f5e9	3203584	NFCORE_RNASEQ:RNASEQ:BAM_RSEQC:RSEQC_JUNCTIONSATURATION (Pd84)	COMPLETED	0	2025-08-31 01:36:35.336	2m 28s	2m 27s	108.2%	828.6 MB	6 GB	3.3 GB	27.9 KB
1888	30/4328ab	3200796	NFCORE_RNASEQ:RNASEQ:ALIGN_STAR:BAM_SORT_STATS_SAMTOOLS:BAM_STATS_SAMTOOLS:SAMTOOLS_STATS (Pd80)	COMPLETED	0	2025-08-31 01:36:01.687	3m 35s	3m 34s	87.6%	6.9 MB	222.4 MB	3.2 GB	265.5 KB
1906	52/556bc2	3217686	NFCORE_RNASEQ:RNASEQ:ALIGN_STAR:BAM_SORT_STATS_SAMTOOLS:BAM_STATS_SAMTOOLS:SAMTOOLS_FLAGSTAT (Pd33)	COMPLETED	0	2025-08-31 01:39:36.567	41.2s	40s	134.0%	5.9 MB	220.9 MB	3.4 GB	5.4 KB
1908	52/81824f	3220194	NFCORE_RNASEQ:RNASEQ:ALIGN_STAR:BAM_SORT_STATS_SAMTOOLS:BAM_STATS_SAMTOOLS:SAMTOOLS_FLAGSTAT (Pd77)	COMPLETED	0	2025-08-31 01:40:17.744	27.5s	26s	172.2%	5.9 MB	220.9 MB	3 GB	5.4 KB
1901	71/14c933	3222164	NFCORE_RNASEQ:RNASEQ:ALIGN_STAR:BAM_SORT_STATS_SAMTOOLS:BAM_STATS_SAMTOOLS:SAMTOOLS_IDXSTATS (Pd119)	COMPLETED	0	2025-08-31 01:40:45.208	763ms	0ms	80.6%	6.2 MB	13.2 MB	854.5 KB	42.2 KB
1902	c9/cfe5d9	3213091	NFCORE_RNASEQ:RNASEQ:ALIGN_STAR:BAM_SORT_STATS_SAMTOOLS:BAM_STATS_SAMTOOLS:SAMTOOLS_STATS (Pd84)	COMPLETED	0	2025-08-31 01:38:49.896	2m 9s	2m 8s	130.4%	7.2 MB	222.4 MB	3 GB	224 KB
1568	a1/f6e915	3215161	NFCORE_RNASEQ:RNASEQ:BAM_RSEQC:RSEQC_JUNCTIONANNOTATION (Pd84)	COMPLETED	0	2025-08-31 01:39:03.186	1m 56s	1m 56s	110.4%	63.3 MB	5.3 GB	3.3 GB	27 MB
1570	a6/821234	3224168	NFCORE_RNASEQ:RNASEQ:BAM_RSEQC:RSEQC_INFEREXPERIMENT (Pd84)	COMPLETED	0	2025-08-31 01:40:59.592	3s	2s	464.8%	49.2 MB	5.3 GB	37.8 MB	805 B
1910	02/a5c4e1	3223922	NFCORE_RNASEQ:RNASEQ:ALIGN_STAR:BAM_SORT_STATS_SAMTOOLS:BAM_STATS_SAMTOOLS:SAMTOOLS_FLAGSTAT (Pd80)	COMPLETED	0	2025-08-31 01:40:59.087	27.6s	27s	180.1%	5.9 MB	220.9 MB	3.2 GB	5.4 KB
1912	7a/c354c2	3227090	NFCORE_RNASEQ:RNASEQ:ALIGN_STAR:BAM_SORT_STATS_SAMTOOLS:BAM_STATS_SAMTOOLS:SAMTOOLS_FLAGSTAT (Pd84)	COMPLETED	0	2025-08-31 01:41:26.703	26s	25s	179.6%	6.2 MB	220.9 MB	3 GB	5.4 KB
1572	97/b0e3b7	3214253	NFCORE_RNASEQ:RNASEQ:BAM_RSEQC:RSEQC_READDISTRIBUTION (Pd84)	COMPLETED	0	2025-08-31 01:38:58.708	2m 59s	2m 58s	104.9%	214.6 MB	5.4 GB	3.3 GB	1.7 KB
1907	a1/45d066	3222481	NFCORE_RNASEQ:RNASEQ:ALIGN_STAR:BAM_SORT_STATS_SAMTOOLS:BAM_STATS_SAMTOOLS:SAMTOOLS_STATS (Pd87)	COMPLETED	0	2025-08-31 01:40:45.977	2m 33s	2m 32s	121.4%	6.6 MB	222.2 MB	3.3 GB	265.2 KB
1909	a5/15c42a	3234875	NFCORE_RNASEQ:RNASEQ:ALIGN_STAR:BAM_SORT_STATS_SAMTOOLS:BAM_STATS_SAMTOOLS:SAMTOOLS_IDXSTATS (Pd106)	COMPLETED	0	2025-08-31 01:43:18.697	790ms	0ms	78.8%	2.5 MB	5.4 MB	915 KB	42.2 KB
1913	e9/edba70	3235188	NFCORE_RNASEQ:RNASEQ:ALIGN_STAR:BAM_SORT_STATS_SAMTOOLS:BAM_STATS_SAMTOOLS:SAMTOOLS_FLAGSTAT (Pd87)	COMPLETED	0	2025-08-31 01:43:19.516	28s	28s	179.3%	6.2 MB	220.9 MB	3.3 GB	5.4 KB
1911	2d/92dad0	3229076	NFCORE_RNASEQ:RNASEQ:ALIGN_STAR:BAM_SORT_STATS_SAMTOOLS:BAM_STATS_SAMTOOLS:SAMTOOLS_STATS (Pd86)	COMPLETED	0	2025-08-31 01:41:52.714	2m 49s	2m 48s	115.3%	6.6 MB	222.2 MB	3.4 GB	264.9 KB
1575	66/4ef7ce	3229823	NFCORE_RNASEQ:RNASEQ:STRINGTIE_STRINGTIE (Pd87)	COMPLETED	0	2025-08-31 01:41:57.608	3m 15s	3m 14s	100.1%	684.9 MB	981 MB	3.7 GB	105.9 MB
1580	bc/f3d2ba	3242937	NFCORE_RNASEQ:RNASEQ:SUBREAD_FEATURECOUNTS (Pd87)	COMPLETED	0	2025-08-31 01:45:12.870	1m 13s	1m 11s	234.1%	801.3 MB	1.2 GB	8.9 GB	4 GB
1914	97/b7e6c1	3237336	NFCORE_RNASEQ:RNASEQ:ALIGN_STAR:BAM_SORT_STATS_SAMTOOLS:BAM_STATS_SAMTOOLS:SAMTOOLS_STATS (Pd93)	COMPLETED	0	2025-08-31 01:43:47.542	4m 14s	4m 13s	82.9%	6.9 MB	222.4 MB	3.6 GB	253.1 KB
1577	23/981486	3224803	NFCORE_RNASEQ:RNASEQ:BEDTOOLS_GENOMECOV (Pd87)	COMPLETED	0	2025-08-31 01:41:02.587	7m 32s	7m 30s	94.5%	3.4 GB	4.2 GB	7.7 GB	1.2 GB
1916	77/aaaabc	3240676	NFCORE_RNASEQ:RNASEQ:ALIGN_STAR:BAM_SORT_STATS_SAMTOOLS:BAM_STATS_SAMTOOLS:SAMTOOLS_STATS (Pd95)	COMPLETED	0	2025-08-31 01:44:41.702	4m 25s	4m 23s	80.2%	6.9 MB	222.2 MB	3.5 GB	229.5 KB
1917	8a/be9898	3259274	NFCORE_RNASEQ:RNASEQ:ALIGN_STAR:BAM_SORT_STATS_SAMTOOLS:BAM_STATS_SAMTOOLS:SAMTOOLS_STATS (Pd98)	COMPLETED	0	2025-08-31 01:49:06.275	1m 36s	1m 35s	169.1%	6.6 MB	222.2 MB	3.5 GB	258.8 KB
1915	09/3a1f4c	3265217	NFCORE_RNASEQ:RNASEQ:ALIGN_STAR:BAM_SORT_STATS_SAMTOOLS:BAM_STATS_SAMTOOLS:SAMTOOLS_IDXSTATS (Pd103)	COMPLETED	0	2025-08-31 01:50:42.016	783ms	0ms	88.9%	2.8 MB	5.4 MB	791.9 KB	42.2 KB
1919	e9/862183	3253710	NFCORE_RNASEQ:RNASEQ:ALIGN_STAR:BAM_SORT_STATS_SAMTOOLS:BAM_STATS_SAMTOOLS:SAMTOOLS_STATS (Pd110)	COMPLETED	0	2025-08-31 01:48:01.584	3m 33s	3m 32s	88.0%	6.6 MB	222.2 MB	3.2 GB	265.9 KB
1921	df/3f9ace	3268990	NFCORE_RNASEQ:RNASEQ:ALIGN_STAR:BAM_SORT_STATS_SAMTOOLS:BAM_STATS_SAMTOOLS:SAMTOOLS_IDXSTATS (Pd115)	COMPLETED	0	2025-08-31 01:51:34.628	1.6s	1s	10.3%	5.3 MB	11.9 MB	852.7 KB	42.2 KB
1918	4a/907818	3269361	NFCORE_RNASEQ:RNASEQ:ALIGN_STAR:BAM_SORT_STATS_SAMTOOLS:BAM_STATS_SAMTOOLS:SAMTOOLS_FLAGSTAT (Pd86)	COMPLETED	0	2025-08-31 01:51:36.284	2m 19s	2m 19s	51.4%	5.9 MB	220.9 MB	3.4 GB	5.4 KB
1923	c3/dd184a	3277458	NFCORE_RNASEQ:RNASEQ:ALIGN_STAR:BAM_SORT_STATS_SAMTOOLS:BAM_STATS_SAMTOOLS:SAMTOOLS_IDXSTATS (Pd120)	COMPLETED	0	2025-08-31 01:53:55.431	809ms	1s	69.8%	5.3 MB	12.3 MB	819.5 KB	42.1 KB
1925	32/602ce6	3277851	NFCORE_RNASEQ:RNASEQ:ALIGN_STAR:BAM_SORT_STATS_SAMTOOLS:BAM_STATS_SAMTOOLS:SAMTOOLS_IDXSTATS (Pd105)	COMPLETED	0	2025-08-31 01:53:56.247	986ms	0ms	40.2%	5.3 MB	12 MB	963.8 KB	42.2 KB
1926	ea/b4f456	3278074	NFCORE_RNASEQ:RNASEQ:ALIGN_STAR:BAM_SORT_STATS_SAMTOOLS:BAM_STATS_SAMTOOLS:SAMTOOLS_IDXSTATS (Pd123)	COMPLETED	0	2025-08-31 01:53:57.240	1.9s	1s	8.5%	5.3 MB	12 MB	848.3 KB	42.3 KB
1927	18/61d9e8	3278494	NFCORE_RNASEQ:RNASEQ:ALIGN_STAR:BAM_SORT_STATS_SAMTOOLS:BAM_STATS_SAMTOOLS:SAMTOOLS_IDXSTATS (Pd122)	COMPLETED	0	2025-08-31 01:53:59.184	838ms	0ms	76.5%	5.9 MB	12.5 MB	818.1 KB	42 KB
1563	2d/be1e83	3161630	NFCORE_RNASEQ:RNASEQ:QUALIMAP_RNASEQ (Pd84)	COMPLETED	0	2025-08-31 01:27:47.566	26m 57s	26m 54s	97.7%	3.3 GB	34.6 GB	27.2 GB	23.8 GB
1924	a4/4096cf	3278724	NFCORE_RNASEQ:RNASEQ:ALIGN_STAR:BAM_SORT_STATS_SAMTOOLS:BAM_STATS_SAMTOOLS:SAMTOOLS_FLAGSTAT (Pd93)	COMPLETED	0	2025-08-31 01:54:00.029	1m 23s	1m 23s	76.7%	5.9 MB	220.9 MB	3.6 GB	5.4 KB
1585	aa/488b5d	3281909	NFCORE_RNASEQ:RNASEQ:BEDGRAPH_BEDCLIP_BEDGRAPHTOBIGWIG_FORWARD:UCSC_BEDCLIP (Pd20)	COMPLETED	0	2025-08-31 01:54:44.354	43.7s	43s	24.2%	7.2 MB	18.7 MB	374.6 MB	374.5 MB
1920	25/926e02	3265568	NFCORE_RNASEQ:RNASEQ:ALIGN_STAR:BAM_SORT_STATS_SAMTOOLS:BAM_STATS_SAMTOOLS:SAMTOOLS_STATS (Pd112)	COMPLETED	0	2025-08-31 01:50:42.803	5m 5s	5m 4s	71.4%	7.2 MB	222.2 MB	3.4 GB	265.9 KB
1928	66/ef373c	3287939	NFCORE_RNASEQ:RNASEQ:ALIGN_STAR:BAM_SORT_STATS_SAMTOOLS:BAM_STATS_SAMTOOLS:SAMTOOLS_IDXSTATS (Pd130)	COMPLETED	0	2025-08-31 01:55:47.946	804ms	0ms	74.4%	2.5 MB	5.4 MB	773.1 KB	42.2 KB
1584	84/08fcb9	3285691	NFCORE_RNASEQ:RNASEQ:BEDGRAPH_BEDCLIP_BEDGRAPHTOBIGWIG_REVERSE:UCSC_BEDCLIP (Pd20)	COMPLETED	0	2025-08-31 01:55:28.080	34.3s	34s	31.4%	7.2 MB	18.7 MB	375.4 MB	375.3 MB
1922	e2/7a6a7d	3285022	NFCORE_RNASEQ:RNASEQ:ALIGN_STAR:BAM_SORT_STATS_SAMTOOLS:BAM_STATS_SAMTOOLS:SAMTOOLS_STATS (Pd119)	COMPLETED	0	2025-08-31 01:55:23.457	3m 10s	3m 10s	102.2%	5.9 MB	222.4 MB	3.3 GB	266.6 KB
1930	d6/fa70a5	3288250	NFCORE_RNASEQ:RNASEQ:ALIGN_STAR:BAM_SORT_STATS_SAMTOOLS:BAM_STATS_SAMTOOLS:SAMTOOLS_STATS (Pd106)	COMPLETED	0	2025-08-31 01:55:48.755	2m 59s	2m 58s	106.8%	6.9 MB	222.4 MB	3.3 GB	266.4 KB
1929	a7/6307e5	3299234	NFCORE_RNASEQ:RNASEQ:ALIGN_STAR:BAM_SORT_STATS_SAMTOOLS:BAM_STATS_SAMTOOLS:SAMTOOLS_FLAGSTAT (Pd95)	COMPLETED	0	2025-08-31 01:58:47.663	54.8s	54s	107.3%	5.9 MB	220.9 MB	3.5 GB	5.4 KB
1935	2a/3a0692	3301904	NFCORE_RNASEQ:RNASEQ:ALIGN_STAR:BAM_SORT_STATS_SAMTOOLS:BAM_STATS_SAMTOOLS:SAMTOOLS_FLAGSTAT (Pd110)	COMPLETED	0	2025-08-31 01:59:42.455	48.5s	48s	115.5%	6.2 MB	220.9 MB	3.2 GB	5.4 KB
1931	ac/046769	3304405	NFCORE_RNASEQ:RNASEQ:ALIGN_STAR:BAM_SORT_STATS_SAMTOOLS:BAM_STATS_SAMTOOLS:SAMTOOLS_IDXSTATS (Pd128)	COMPLETED	0	2025-08-31 02:00:30.982	833ms	0ms	46.4%	5 MB	12 MB	842.5 KB	42.1 KB
1936	22/5fe080	3304723	NFCORE_RNASEQ:RNASEQ:ALIGN_STAR:BAM_SORT_STATS_SAMTOOLS:BAM_STATS_SAMTOOLS:SAMTOOLS_FLAGSTAT (Pd112)	COMPLETED	0	2025-08-31 02:00:31.821	1m 35s	1m 35s	70.0%	6.2 MB	220.9 MB	3.4 GB	5.4 KB
1586	7a/b12273	3289820	NFCORE_RNASEQ:RNASEQ:BAM_RSEQC:RSEQC_BAMSTAT (Pd87)	COMPLETED	0	2025-08-31 01:56:02.418	6m 26s	6m 24s	50.7%	45.8 MB	5.3 GB	3.6 GB	1.3 KB
1938	54/c8de67	3308975	NFCORE_RNASEQ:RNASEQ:ALIGN_STAR:BAM_SORT_STATS_SAMTOOLS:BAM_STATS_SAMTOOLS:SAMTOOLS_FLAGSTAT (Pd119)	COMPLETED	0	2025-08-31 02:02:07.281	59.6s	59s	95.8%	5.9 MB	220.9 MB	3.3 GB	5.4 KB
1937	96/5db4cb	3312748	NFCORE_RNASEQ:RNASEQ:ALIGN_STAR:BAM_SORT_STATS_SAMTOOLS:BAM_STATS_SAMTOOLS:SAMTOOLS_IDXSTATS (Pd134)	COMPLETED	0	2025-08-31 02:03:06.875	874ms	0ms	46.2%	5 MB	12 MB	848.9 KB	42.2 KB
1932	91/11b76a	3297940	NFCORE_RNASEQ:RNASEQ:ALIGN_STAR:BAM_SORT_STATS_SAMTOOLS:BAM_STATS_SAMTOOLS:SAMTOOLS_STATS (Pd103)	COMPLETED	0	2025-08-31 01:58:33.849	5m 29s	5m 28s	64.4%	6.6 MB	222.4 MB	3.6 GB	263.9 KB
1940	3a/bb24d5	3315708	NFCORE_RNASEQ:RNASEQ:ALIGN_STAR:BAM_SORT_STATS_SAMTOOLS:BAM_STATS_SAMTOOLS:SAMTOOLS_IDXSTATS (Pd137)	COMPLETED	0	2025-08-31 02:04:02.801	2.6s	2s	5.2%	5.3 MB	11.9 MB	724.9 KB	42.1 KB
1939	39/b2add8	3313074	NFCORE_RNASEQ:RNASEQ:ALIGN_STAR:BAM_SORT_STATS_SAMTOOLS:BAM_STATS_SAMTOOLS:SAMTOOLS_FLAGSTAT (Pd106)	COMPLETED	0	2025-08-31 02:03:07.755	1m 18s	1m 17s	78.6%	6.2 MB	220.9 MB	3.3 GB	5.4 KB
1941	58/8927d2	3316129	NFCORE_RNASEQ:RNASEQ:ALIGN_STAR:BAM_SORT_STATS_SAMTOOLS:BAM_STATS_SAMTOOLS:SAMTOOLS_FLAGSTAT (Pd103)	COMPLETED	0	2025-08-31 02:04:05.450	39.3s	39s	137.7%	5.9 MB	220.9 MB	3.6 GB	5.4 KB
1582	39/aa8b92	3256323	NFCORE_RNASEQ:RNASEQ:BAM_MARKDUPLICATES_PICARD:PICARD_MARKDUPLICATES (Pd130)	COMPLETED	0	2025-08-31 01:48:35.088	18m 1s	17m 58s	86.2%	19.6 GB	33.6 GB	5.8 GB	3.1 GB
1933	85/7f1746	3317558	NFCORE_RNASEQ:RNASEQ:ALIGN_STAR:BAM_SORT_STATS_SAMTOOLS:BAM_STATS_SAMTOOLS:SAMTOOLS_STATS (Pd115)	COMPLETED	0	2025-08-31 02:04:25.840	3m 33s	3m 32s	95.2%	6.6 MB	222.4 MB	3.3 GB	265.6 KB
1944	37/8c627f	3318990	NFCORE_RNASEQ:RNASEQ:ALIGN_STAR:BAM_SORT_STATS_SAMTOOLS:BAM_STATS_SAMTOOLS:SAMTOOLS_STATS (Pd120)	COMPLETED	0	2025-08-31 02:04:44.712	4m 20s	4m 19s	82.5%	6.6 MB	222.2 MB	3.3 GB	266.3 KB
1943	ad/037072	3332041	NFCORE_RNASEQ:RNASEQ:ALIGN_STAR:BAM_SORT_STATS_SAMTOOLS:BAM_STATS_SAMTOOLS:SAMTOOLS_FLAGSTAT (Pd115)	COMPLETED	0	2025-08-31 02:09:04.908	27.6s	27s	180.3%	5.9 MB	220.9 MB	3.3 GB	5.4 KB
1942	be/bbc90d	3334029	NFCORE_RNASEQ:RNASEQ:ALIGN_STAR:BAM_SORT_STATS_SAMTOOLS:BAM_STATS_SAMTOOLS:SAMTOOLS_IDXSTATS (Pd142)	COMPLETED	0	2025-08-31 02:09:32.508	921ms	1s	35.3%	5.3 MB	11.9 MB	880.1 KB	42 KB
1947	6c/06485e	3334405	NFCORE_RNASEQ:RNASEQ:ALIGN_STAR:BAM_SORT_STATS_SAMTOOLS:BAM_STATS_SAMTOOLS:SAMTOOLS_IDXSTATS (Pd149)	COMPLETED	0	2025-08-31 02:09:33.436	912ms	1s	44.4%	5.6 MB	12.2 MB	901.6 KB	42.3 KB
1590	38/86e28e	3310450	NFCORE_RNASEQ:RNASEQ:BAM_RSEQC:RSEQC_READDISTRIBUTION (Pd87)	COMPLETED	0	2025-08-31 02:02:28.160	7m 15s	7m 14s	55.2%	214.4 MB	5.4 GB	3.6 GB	1.7 KB
1591	fa/f60362	3323857	NFCORE_RNASEQ:RNASEQ:BAM_RSEQC:RSEQC_JUNCTIONSATURATION (Pd87)	COMPLETED	0	2025-08-31 02:06:35.636	3m 17s	3m 16s	87.4%	872.3 MB	6.1 GB	3.6 GB	28 KB
1592	d8/933459	3336978	NFCORE_RNASEQ:RNASEQ:BAM_RSEQC:RSEQC_INFEREXPERIMENT (Pd87)	COMPLETED	0	2025-08-31 02:09:52.864	3s	2s	466.9%	49.9 MB	5.3 GB	39.2 MB	805 B
1949	da/28b159	3334634	NFCORE_RNASEQ:RNASEQ:ALIGN_STAR:BAM_SORT_STATS_SAMTOOLS:BAM_STATS_SAMTOOLS:SAMTOOLS_FLAGSTAT (Pd120)	COMPLETED	0	2025-08-31 02:09:34.354	28.8s	28s	178.2%	5.9 MB	220.9 MB	3.3 GB	5.4 KB
1588	76/16a04e	3335635	NFCORE_RNASEQ:RNASEQ:BAM_RSEQC:RSEQC_INNERDISTANCE (Pd87)	COMPLETED	0	2025-08-31 02:09:42.945	45.1s	44s	126.6%	311.4 MB	5.5 GB	247.9 MB	60.1 MB
1951	56/172732	3338464	NFCORE_RNASEQ:RNASEQ:ALIGN_STAR:BAM_SORT_STATS_SAMTOOLS:BAM_STATS_SAMTOOLS:SAMTOOLS_FLAGSTAT (Pd105)	COMPLETED	0	2025-08-31 02:10:03.147	43.3s	43s	135.8%	6.2 MB	220.9 MB	3.6 GB	5.4 KB
1948	e7/e51981	3342175	NFCORE_RNASEQ:RNASEQ:ALIGN_STAR:BAM_SORT_STATS_SAMTOOLS:BAM_STATS_SAMTOOLS:SAMTOOLS_IDXSTATS (Pd143)	COMPLETED	0	2025-08-31 02:10:46.436	823ms	1s	61.4%	6.6 MB	12.7 MB	859.1 KB	42.1 KB
1945	c2/7a59a4	3328328	NFCORE_RNASEQ:RNASEQ:ALIGN_STAR:BAM_SORT_STATS_SAMTOOLS:BAM_STATS_SAMTOOLS:SAMTOOLS_STATS (Pd105)	COMPLETED	0	2025-08-31 02:07:58.482	3m 1s	3m 1s	105.8%	6.9 MB	222.4 MB	3.6 GB	267 KB
1589	f2/e0e2ce	3337566	NFCORE_RNASEQ:RNASEQ:BAM_RSEQC:RSEQC_JUNCTIONANNOTATION (Pd87)	COMPLETED	0	2025-08-31 02:09:55.829	2m 6s	2m 5s	109.6%	95.7 MB	10.6 GB	3.6 GB	35.5 MB
1946	f1/c6885c	3342494	NFCORE_RNASEQ:RNASEQ:ALIGN_STAR:BAM_SORT_STATS_SAMTOOLS:BAM_STATS_SAMTOOLS:SAMTOOLS_STATS (Pd123)	COMPLETED	0	2025-08-31 02:10:47.265	1m 29s	1m 29s	167.6%	6.6 MB	222.2 MB	3.1 GB	264.5 KB
1952	c0/b5119d	3349064	NFCORE_RNASEQ:RNASEQ:ALIGN_STAR:BAM_SORT_STATS_SAMTOOLS:BAM_STATS_SAMTOOLS:SAMTOOLS_IDXSTATS (Pd152)	COMPLETED	0	2025-08-31 02:12:16.595	771ms	0ms	83.9%	2.8 MB	5.4 MB	792.1 KB	42 KB
1954	ca/9a1775	3343708	NFCORE_RNASEQ:RNASEQ:ALIGN_STAR:BAM_SORT_STATS_SAMTOOLS:BAM_STATS_SAMTOOLS:SAMTOOLS_STATS (Pd122)	COMPLETED	0	2025-08-31 02:10:59.753	1m 51s	1m 50s	152.4%	6.9 MB	222.2 MB	3.4 GB	266.6 KB
1953	e9/973760	3351717	NFCORE_RNASEQ:RNASEQ:ALIGN_STAR:BAM_SORT_STATS_SAMTOOLS:BAM_STATS_SAMTOOLS:SAMTOOLS_FLAGSTAT (Pd123)	COMPLETED	0	2025-08-31 02:12:50.653	25.9s	25s	180.9%	6.2 MB	220.9 MB	3.1 GB	5.4 KB
1955	b1/7d34a4	3349378	NFCORE_RNASEQ:RNASEQ:ALIGN_STAR:BAM_SORT_STATS_SAMTOOLS:BAM_STATS_SAMTOOLS:SAMTOOLS_STATS (Pd130)	COMPLETED	0	2025-08-31 02:12:17.372	1m 23s	1m 22s	169.6%	6.6 MB	222.2 MB	2.9 GB	227.7 KB
1958	f8/4d388f	3353712	NFCORE_RNASEQ:RNASEQ:ALIGN_STAR:BAM_SORT_STATS_SAMTOOLS:BAM_STATS_SAMTOOLS:SAMTOOLS_FLAGSTAT (Pd122)	COMPLETED	0	2025-08-31 02:13:16.559	28s	28s	181.1%	5.9 MB	220.9 MB	3.4 GB	5.4 KB
1587	f6/b0ffa6	3340583	NFCORE_RNASEQ:RNASEQ:BAM_RSEQC:RSEQC_READDUPLICATION (Pd87)	COMPLETED	0	2025-08-31 02:10:28.050	4m 50s	4m 49s	104.4%	6.1 GB	11.3 GB	3.6 GB	907.1 KB
1956	0b/171251	3355569	NFCORE_RNASEQ:RNASEQ:ALIGN_STAR:BAM_SORT_STATS_SAMTOOLS:BAM_STATS_SAMTOOLS:SAMTOOLS_STATS (Pd128)	COMPLETED	0	2025-08-31 02:13:40.205	2m 10s	2m 9s	133.4%	6.9 MB	222.4 MB	3.1 GB	253.5 KB
1957	12/a2dc6f	3356234	NFCORE_RNASEQ:RNASEQ:ALIGN_STAR:BAM_SORT_STATS_SAMTOOLS:BAM_STATS_SAMTOOLS:SAMTOOLS_STATS (Pd134)	COMPLETED	0	2025-08-31 02:13:44.610	2m 28s	2m 27s	125.0%	7.2 MB	222.4 MB	3.3 GB	264.7 KB
1959	96/1bc1a9	3366161	NFCORE_RNASEQ:RNASEQ:ALIGN_STAR:BAM_SORT_STATS_SAMTOOLS:BAM_STATS_SAMTOOLS:SAMTOOLS_FLAGSTAT (Pd130)	COMPLETED	0	2025-08-31 02:16:12.960	24.7s	24s	181.0%	6.2 MB	220.9 MB	2.9 GB	5.4 KB
1960	f4/7ffa8f	3364379	NFCORE_RNASEQ:RNASEQ:ALIGN_STAR:BAM_SORT_STATS_SAMTOOLS:BAM_STATS_SAMTOOLS:SAMTOOLS_STATS (Pd137)	COMPLETED	0	2025-08-31 02:15:50.133	1m 49s	1m 49s	142.5%	6.6 MB	158.5 MB	2.8 GB	242.8 KB
1595	dc/224802	3361997	NFCORE_RNASEQ:RNASEQ:STRINGTIE_STRINGTIE (Pd86)	COMPLETED	0	2025-08-31 02:15:17.707	2m 23s	2m 22s	122.8%	681.7 MB	1018.6 MB	3.8 GB	105.9 MB
1962	51/2147e2	3371854	NFCORE_RNASEQ:RNASEQ:ALIGN_STAR:BAM_SORT_STATS_SAMTOOLS:BAM_STATS_SAMTOOLS:SAMTOOLS_FLAGSTAT (Pd128)	COMPLETED	0	2025-08-31 02:17:39.612	27.2s	26s	181.3%	5.9 MB	220.9 MB	3.1 GB	5.4 KB
1578	69/85a423	3247349	NFCORE_RNASEQ:RNASEQ:QUALIMAP_RNASEQ (Pd87)	COMPLETED	0	2025-08-31 01:46:26.075	31m 52s	31m 49s	92.7%	3 GB	34.6 GB	28.1 GB	24.4 GB
1961	12/0f2a64	3368073	NFCORE_RNASEQ:RNASEQ:ALIGN_STAR:BAM_SORT_STATS_SAMTOOLS:BAM_STATS_SAMTOOLS:SAMTOOLS_STATS (Pd142)	COMPLETED	0	2025-08-31 02:16:37.656	1m 49s	1m 48s	128.8%	6.6 MB	222.4 MB	2.7 GB	263.6 KB
1965	b3/aa59d4	3375292	NFCORE_RNASEQ:RNASEQ:ALIGN_STAR:BAM_SORT_STATS_SAMTOOLS:BAM_STATS_SAMTOOLS:SAMTOOLS_FLAGSTAT (Pd134)	COMPLETED	0	2025-08-31 02:18:06.786	28.9s	28s	179.9%	6.2 MB	220.9 MB	3.3 GB	5.4 KB
1596	c5/cb32ff	3347343	NFCORE_RNASEQ:RNASEQ:BEDTOOLS_GENOMECOV (Pd86)	COMPLETED	0	2025-08-31 02:12:01.924	7m 18s	7m 16s	99.3%	3.4 GB	4.3 GB	7.8 GB	1.2 GB
1598	d1/5a369c	3376635	NFCORE_RNASEQ:RNASEQ:SUBREAD_FEATURECOUNTS (Pd86)	COMPLETED	0	2025-08-31 02:18:18.199	1m 5s	1m 3s	284.8%	916.1 MB	1.4 GB	9.8 GB	4.7 GB
1600	d8/42022a	3382665	NFCORE_RNASEQ:RNASEQ:BAM_RSEQC:RSEQC_JUNCTIONANNOTATION (Pd86)	COMPLETED	0	2025-08-31 02:19:19.670	2m 15s	2m 14s	109.1%	68 MB	5.3 GB	3.6 GB	36.6 MB
1605	61/dd72f9	3391931	NFCORE_RNASEQ:RNASEQ:BAM_RSEQC:RSEQC_INFEREXPERIMENT (Pd86)	COMPLETED	0	2025-08-31 02:21:34.825	3s	2s	468.3%	49.7 MB	5.3 GB	36.4 MB	806 B
1604	9d/27bb0d	3383345	NFCORE_RNASEQ:RNASEQ:BAM_RSEQC:RSEQC_BAMSTAT (Pd86)	COMPLETED	0	2025-08-31 02:19:23.083	2m 44s	2m 44s	105.2%	46.1 MB	5.3 GB	3.6 GB	1.3 KB
1963	6a/a29a98	3377871	NFCORE_RNASEQ:RNASEQ:ALIGN_STAR:BAM_SORT_STATS_SAMTOOLS:BAM_STATS_SAMTOOLS:SAMTOOLS_STATS (Pd149)	COMPLETED	0	2025-08-31 02:18:26.715	3m 54s	3m 53s	82.1%	6.9 MB	222.4 MB	3.2 GB	266 KB
1964	5d/34f70a	3379129	NFCORE_RNASEQ:RNASEQ:ALIGN_STAR:BAM_SORT_STATS_SAMTOOLS:BAM_STATS_SAMTOOLS:SAMTOOLS_STATS (Pd143)	COMPLETED	0	2025-08-31 02:18:35.689	4m	3m 59s	80.3%	7.2 MB	222.4 MB	3.4 GB	266.9 KB
1968	38/1bcc21	3398103	NFCORE_RNASEQ:RNASEQ:ALIGN_STAR:BAM_SORT_STATS_SAMTOOLS:BAM_STATS_SAMTOOLS:SAMTOOLS_FLAGSTAT (Pd142)	COMPLETED	0	2025-08-31 02:22:35.477	33.2s	33s	130.3%	5.9 MB	220.9 MB	2.7 GB	5.4 KB
1966	d7/1f83ea	3396529	NFCORE_RNASEQ:RNASEQ:ALIGN_STAR:BAM_SORT_STATS_SAMTOOLS:BAM_STATS_SAMTOOLS:SAMTOOLS_FLAGSTAT (Pd137)	COMPLETED	0	2025-08-31 02:22:20.873	1m 25s	1m 24s	64.5%	6.2 MB	220.9 MB	2.8 GB	5.4 KB
1969	ee/8a46bb	3400746	NFCORE_RNASEQ:RNASEQ:ALIGN_STAR:BAM_SORT_STATS_SAMTOOLS:BAM_STATS_SAMTOOLS:SAMTOOLS_FLAGSTAT (Pd149)	COMPLETED	0	2025-08-31 02:23:08.642	1m 11s	1m 10s	76.6%	5.9 MB	220.9 MB	3.2 GB	5.4 KB
1971	b7/d1477d	3403616	NFCORE_RNASEQ:RNASEQ:ALIGN_STAR:BAM_SORT_STATS_SAMTOOLS:BAM_STATS_SAMTOOLS:SAMTOOLS_FLAGSTAT (Pd143)	COMPLETED	0	2025-08-31 02:23:45.906	35.9s	35s	143.4%	5.9 MB	220.9 MB	3.4 GB	5.4 KB
1602	2d/1a3dda	3392641	NFCORE_RNASEQ:RNASEQ:BAM_RSEQC:RSEQC_READDISTRIBUTION (Pd86)	COMPLETED	0	2025-08-31 02:21:37.798	3m 36s	3m 35s	104.2%	214.2 MB	5.4 GB	3.6 GB	1.7 KB
1972	4d/7ccb01	3406692	NFCORE_RNASEQ:RNASEQ:ALIGN_STAR:BAM_SORT_STATS_SAMTOOLS:BAM_STATS_SAMTOOLS:SAMTOOLS_FLAGSTAT (Pd150)	COMPLETED	0	2025-08-31 02:24:21.834	1m 3s	1m 2s	83.9%	5.3 MB	220.9 MB	2.8 GB	5.4 KB
1973	78/266ae4	3411999	NFCORE_RNASEQ:RNASEQ:ALIGN_STAR:BAM_SORT_STATS_SAMTOOLS:BAM_STATS_SAMTOOLS:SAMTOOLS_FLAGSTAT (Pd152)	COMPLETED	0	2025-08-31 02:25:24.388	25.4s	25s	182.8%	5.9 MB	220.9 MB	2.9 GB	5.4 KB
1603	9c/ec6154	3410646	NFCORE_RNASEQ:RNASEQ:BAM_RSEQC:RSEQC_INNERDISTANCE (Pd86)	COMPLETED	0	2025-08-31 02:25:13.386	47.2s	47s	126.3%	312.1 MB	5.5 GB	328.7 MB	59.5 MB
1970	01/d9fd46	3406265	NFCORE_RNASEQ:RNASEQ:ALIGN_STAR:BAM_SORT_STATS_SAMTOOLS:BAM_STATS_SAMTOOLS:SAMTOOLS_STATS (Pd152)	COMPLETED	0	2025-08-31 02:24:19.385	2m 22s	2m 21s	116.0%	6.6 MB	222.4 MB	2.9 GB	228 KB
1601	e2/f42540	3395072	NFCORE_RNASEQ:RNASEQ:BAM_RSEQC:RSEQC_READDUPLICATION (Pd86)	COMPLETED	0	2025-08-31 02:22:07.281	4m 51s	4m 50s	104.4%	6.1 GB	11.3 GB	3.6 GB	885.3 KB
1608	19/0693a0	3420651	NFCORE_RNASEQ:RNASEQ:BEDGRAPH_BEDCLIP_BEDGRAPHTOBIGWIG_REVERSE:UCSC_BEDCLIP (Pd27)	COMPLETED	0	2025-08-31 02:26:58.155	15.7s	15s	32.3%	6.9 MB	18.7 MB	253.4 MB	253.3 MB
1607	6a/4db738	3422222	NFCORE_RNASEQ:RNASEQ:BEDGRAPH_BEDCLIP_BEDGRAPHTOBIGWIG_FORWARD:UCSC_BEDCLIP (Pd27)	COMPLETED	0	2025-08-31 02:27:13.847	11.8s	11s	42.2%	7.2 MB	18.7 MB	252.9 MB	252.9 MB
1599	89/3fd1ef	3415628	NFCORE_RNASEQ:RNASEQ:BAM_RSEQC:RSEQC_JUNCTIONSATURATION (Pd86)	COMPLETED	0	2025-08-31 02:26:00.545	2m 47s	2m 46s	107.5%	943.6 MB	6.2 GB	3.6 GB	28 KB
1996	cd/f7af86	3418744	NFCORE_RNASEQ:RNASEQ:DUPRADAR (Pd105)	COMPLETED	0	2025-08-31 02:26:41.077	17m 35s	17m 34s	57.7%	403.8 MB	5.6 GB	24.9 GB	6.8 GB
2001	df/d5455a	3462421	NFCORE_RNASEQ:RNASEQ:MULTIQC_CUSTOM_BIOTYPE (Pd14)	COMPLETED	0	2025-08-31 02:44:15.980	883ms	0ms	87.7%	4.7 MB	10.1 MB	8.8 MB	1.1 MB
1610	0c/0e79ea	3423556	NFCORE_RNASEQ:RNASEQ:BAM_MARKDUPLICATES_PICARD:PICARD_MARKDUPLICATES (Pd128)	COMPLETED	0	2025-08-31 02:27:25.632	16m 59s	16m 57s	93.0%	20.1 GB	33.6 GB	6.3 GB	3.3 GB
2004	9d/464de4	3462804	NFCORE_RNASEQ:RNASEQ:BEDGRAPH_BEDCLIP_BEDGRAPHTOBIGWIG_FORWARD:UCSC_BEDGRAPHTOBIGWIG (Pd46)	COMPLETED	0	2025-08-31 02:44:16.869	21.7s	21s	85.0%	9.7 MB	24.9 MB	1 GB	51 MB
1983	10/d2ae3b	3414169	NFCORE_RNASEQ:RNASEQ:DUPRADAR (Pd120)	COMPLETED	0	2025-08-31 02:25:49.824	19m 32s	19m 31s	57.4%	394.5 MB	5.6 GB	29.7 GB	11.5 GB
2005	03/a9c75a	3464748	NFCORE_RNASEQ:RNASEQ:BEDGRAPH_BEDCLIP_BEDGRAPHTOBIGWIG_REVERSE:UCSC_BEDGRAPHTOBIGWIG (Pd46)	COMPLETED	0	2025-08-31 02:44:38.576	1m 7s	1m 6s	29.0%	9.1 MB	24.9 MB	1 GB	51 MB
2006	51/07e4b4	3466716	NFCORE_RNASEQ:RNASEQ:BEDGRAPH_BEDCLIP_BEDGRAPHTOBIGWIG_FORWARD:UCSC_BEDGRAPHTOBIGWIG (Pd15)	COMPLETED	0	2025-08-31 02:45:21.671	30.6s	30s	76.0%	49.1 MB	64.6 MB	1.1 GB	68.1 MB
2008	ac/33e7f4	3469031	NFCORE_RNASEQ:RNASEQ:MULTIQC_CUSTOM_BIOTYPE (Pd33)	COMPLETED	0	2025-08-31 02:45:52.315	877ms	0ms	106.8%	4.4 MB	10.1 MB	8.7 MB	1.1 MB
2007	3e/0be680	3468330	NFCORE_RNASEQ:RNASEQ:BEDGRAPH_BEDCLIP_BEDGRAPHTOBIGWIG_REVERSE:UCSC_BEDGRAPHTOBIGWIG (Pd15)	COMPLETED	0	2025-08-31 02:45:45.496	24.5s	24s	92.8%	52.5 MB	68.2 MB	1.1 GB	68.1 MB
2011	09/030ea0	3469503	NFCORE_RNASEQ:RNASEQ:BEDGRAPH_BEDCLIP_BEDGRAPHTOBIGWIG_REVERSE:UCSC_BEDGRAPHTOBIGWIG (Pd75)	COMPLETED	0	2025-08-31 02:45:53.198	18.8s	18s	99.8%	49.7 MB	65 MB	918.4 MB	59.4 MB
2012	8a/af3588	3470970	NFCORE_RNASEQ:RNASEQ:BEDGRAPH_BEDCLIP_BEDGRAPHTOBIGWIG_FORWARD:UCSC_BEDGRAPHTOBIGWIG (Pd75)	COMPLETED	0	2025-08-31 02:46:10.036	23s	22s	84.7%	52.2 MB	67.9 MB	916.9 MB	59.3 MB
1594	b7/e2c448	3372301	NFCORE_RNASEQ:RNASEQ:QUALIMAP_RNASEQ (Pd86)	COMPLETED	0	2025-08-31 02:17:40.556	30m 1s	29m 59s	94.3%	3 GB	34.8 GB	28.6 GB	24.9 GB
1614	5b/9f60e3	3428949	NFCORE_RNASEQ:RNASEQ:BAM_MARKDUPLICATES_PICARD:PICARD_MARKDUPLICATES (Pd134)	COMPLETED	0	2025-08-31 02:28:47.744	19m 32s	19m 30s	85.1%	21.2 GB	33.6 GB	6.7 GB	3.5 GB
1621	8d/428976	3463535	NFCORE_RNASEQ:RNASEQ:STRINGTIE_STRINGTIE (Pd93)	COMPLETED	0	2025-08-31 02:44:24.615	7m 36s	7m 35s	51.5%	751.6 MB	1 GB	4 GB	106.1 MB
1622	07/c09550	3476610	NFCORE_RNASEQ:RNASEQ:SUBREAD_FEATURECOUNTS (Pd93)	COMPLETED	0	2025-08-31 02:47:41.493	5m 19s	5m 18s	72.9%	1.1 GB	1.6 GB	14.6 GB	8.2 GB
1619	15/2ca992	3492938	NFCORE_RNASEQ:RNASEQ:BEDTOOLS_GENOMECOV (Pd93)	COMPLETED	0	2025-08-31 02:52:00.832	6m 23s	6m 21s	109.7%	3.2 GB	4 GB	8.1 GB	1.2 GB
2013	73/a16e33	3471332	NFCORE_RNASEQ:RNASEQ:DUPRADAR (Pd123)	COMPLETED	0	2025-08-31 02:46:12.028	16m 42s	16m 41s	60.0%	372.6 MB	5.5 GB	26.7 GB	10 GB
2025	ea/8ce3eb	3528919	NFCORE_RNASEQ:RNASEQ:MULTIQC_CUSTOM_BIOTYPE (Pd77)	COMPLETED	0	2025-08-31 03:02:53.880	934ms	0ms	79.2%	7.8 MB	19.2 MB	8.7 MB	1.1 MB
2028	88/523075	3529317	NFCORE_RNASEQ:RNASEQ:BEDGRAPH_BEDCLIP_BEDGRAPHTOBIGWIG_FORWARD:UCSC_BEDGRAPHTOBIGWIG (Pd72)	COMPLETED	0	2025-08-31 03:02:54.821	39.7s	39s	70.2%	57.8 MB	73.6 MB	1.3 GB	78.6 MB
2029	d2/1eea1f	3531280	NFCORE_RNASEQ:RNASEQ:BEDGRAPH_BEDCLIP_BEDGRAPHTOBIGWIG_REVERSE:UCSC_BEDGRAPHTOBIGWIG (Pd72)	COMPLETED	0	2025-08-31 03:03:34.557	1m 40s	1m 39s	28.7%	62.2 MB	77.6 MB	1.3 GB	78.5 MB
2030	82/580215	3535429	NFCORE_RNASEQ:RNASEQ:MULTIQC_CUSTOM_BIOTYPE (Pd80)	COMPLETED	0	2025-08-31 03:05:14.281	2.4s	2s	14.4%	8.1 MB	19.2 MB	8.7 MB	1.1 MB
2035	59/d67dd1	3535906	NFCORE_RNASEQ:RNASEQ:MULTIQC_CUSTOM_BIOTYPE (Pd84)	COMPLETED	0	2025-08-31 03:05:16.715	881ms	0ms	94.9%	4.7 MB	10.1 MB	8.7 MB	1.1 MB
2036	93/225e3c	3536189	NFCORE_RNASEQ:RNASEQ:MULTIQC_CUSTOM_BIOTYPE (Pd87)	COMPLETED	0	2025-08-31 03:05:17.603	3.6s	2s	8.8%	7.8 MB	19.3 MB	8.7 MB	1.1 MB
2039	44/2e0f05	3536771	NFCORE_RNASEQ:RNASEQ:BEDGRAPH_BEDCLIP_BEDGRAPHTOBIGWIG_FORWARD:UCSC_BEDGRAPHTOBIGWIG (Pd20)	COMPLETED	0	2025-08-31 03:05:21.207	42.4s	42s	55.0%	60 MB	75.7 MB	1.1 GB	70.4 MB
2040	f2/0b3dae	3538878	NFCORE_RNASEQ:RNASEQ:BEDGRAPH_BEDCLIP_BEDGRAPHTOBIGWIG_REVERSE:UCSC_BEDGRAPHTOBIGWIG (Pd20)	COMPLETED	0	2025-08-31 03:06:03.648	36.3s	35s	65.0%	49.7 MB	65.5 MB	1.1 GB	70.5 MB
1624	61/8c598e	3497558	NFCORE_RNASEQ:RNASEQ:BAM_MARKDUPLICATES_PICARD:PICARD_MARKDUPLICATES (Pd137)	COMPLETED	0	2025-08-31 02:53:00.652	19m 10s	19m 8s	79.2%	20.1 GB	33.6 GB	5.7 GB	3 GB
1626	90/2c136d	3517664	NFCORE_RNASEQ:RNASEQ:BAM_MARKDUPLICATES_PICARD:PICARD_MARKDUPLICATES (Pd142)	COMPLETED	0	2025-08-31 02:58:23.825	16m 6s	16m 4s	84.4%	18.7 GB	33.6 GB	5.4 GB	2.9 GB
1620	5e/be6a0a	3479011	NFCORE_RNASEQ:RNASEQ:QUALIMAP_RNASEQ (Pd93)	COMPLETED	0	2025-08-31 02:48:20.014	31m 41s	31m 38s	90.0%	3.8 GB	34.7 GB	30 GB	26 GB
1631	11/9737e0	3554891	NFCORE_RNASEQ:RNASEQ:STRINGTIE_STRINGTIE (Pd95)	COMPLETED	0	2025-08-31 03:14:29.604	17m 28s	17m 27s	27.2%	596 MB	873 MB	3.9 GB	104.6 MB
2022	a4/bfa020	3473206	NFCORE_RNASEQ:RNASEQ:DUPRADAR (Pd122)	COMPLETED	0	2025-08-31 02:46:33.064	45m 38s	45m 37s	28.4%	412.7 MB	5.6 GB	34.1 GB	14.8 GB
2049	b8/640b95	3587903	NFCORE_RNASEQ:RNASEQ:MULTIQC_CUSTOM_BIOTYPE (Pd86)	COMPLETED	0	2025-08-31 03:32:11.097	4.3s	4s	7.7%	8.4 MB	19.2 MB	8.7 MB	1.1 MB
2050	ae/5b6748	3588545	NFCORE_RNASEQ:RNASEQ:BEDGRAPH_BEDCLIP_BEDGRAPHTOBIGWIG_REVERSE:UCSC_BEDGRAPHTOBIGWIG (Pd27)	COMPLETED	0	2025-08-31 03:32:15.375	1m 34s	1m 33s	16.2%	22.5 MB	37.7 MB	760 MB	39 MB
2051	b2/648ffe	3592005	NFCORE_RNASEQ:RNASEQ:BEDGRAPH_BEDCLIP_BEDGRAPHTOBIGWIG_FORWARD:UCSC_BEDGRAPHTOBIGWIG (Pd27)	COMPLETED	0	2025-08-31 03:33:49.121	39.4s	39s	35.4%	17.8 MB	33.2 MB	758.6 MB	38.9 MB
1632	bf/a4b87a	3586795	NFCORE_RNASEQ:RNASEQ:SUBREAD_FEATURECOUNTS (Pd95)	COMPLETED	0	2025-08-31 03:31:57.748	2m 59s	2m 57s	163.9%	1.2 GB	1.7 GB	18.9 GB	11.4 GB
1630	3b/51a402	3549458	NFCORE_RNASEQ:RNASEQ:BEDTOOLS_GENOMECOV (Pd95)	COMPLETED	0	2025-08-31 03:12:10.881	23m 3s	23m 1s	38.2%	2.6 GB	3.3 GB	7.9 GB	959.2 MB
1629	f7/a311e7	3567334	NFCORE_RNASEQ:RNASEQ:QUALIMAP_RNASEQ (Pd95)	COMPLETED	0	2025-08-31 03:20:00.557	30m 53s	30m 51s	92.6%	2.8 GB	34.9 GB	30.6 GB	26.8 GB
1640	07/95182d	3628717	NFCORE_RNASEQ:RNASEQ:BEDGRAPH_BEDCLIP_BEDGRAPHTOBIGWIG_REVERSE:UCSC_BEDCLIP (Pd63)	COMPLETED	0	2025-08-31 03:50:55.515	2m	2m	7.1%	7.2 MB	18.7 MB	205.4 MB	205.3 MB
1641	cf/60b222	3631723	NFCORE_RNASEQ:RNASEQ:BEDGRAPH_BEDCLIP_BEDGRAPHTOBIGWIG_FORWARD:UCSC_BEDCLIP (Pd63)	COMPLETED	0	2025-08-31 03:52:55.774	2m 52s	2m 51s	5.0%	6.9 MB	18.7 MB	205.3 MB	205.2 MB
1638	12/3fcbda	3597137	NFCORE_RNASEQ:RNASEQ:BAM_MARKDUPLICATES_PICARD:PICARD_MARKDUPLICATES (Pd143)	COMPLETED	0	2025-08-31 03:35:13.614	37m 58s	37m 56s	47.7%	25.4 GB	33.6 GB	6.8 GB	3.6 GB
1636	6c/8d9bf1	3595382	NFCORE_RNASEQ:RNASEQ:BAM_MARKDUPLICATES_PICARD:PICARD_MARKDUPLICATES (Pd149)	COMPLETED	0	2025-08-31 03:34:56.366	39m	38m 58s	46.0%	25.6 GB	33.7 GB	6.4 GB	3.4 GB
1642	ed/41213a	3654681	NFCORE_RNASEQ:RNASEQ:BAM_RSEQC:RSEQC_BAMSTAT (Pd93)	COMPLETED	0	2025-08-31 04:13:56.424	2m 58s	2m 57s	89.4%	45.9 MB	5.3 GB	3.8 GB	1.3 KB
1644	a5/9549ba	3635832	NFCORE_RNASEQ:RNASEQ:BAM_RSEQC:RSEQC_READDISTRIBUTION (Pd93)	COMPLETED	0	2025-08-31 03:55:47.683	21m 8s	21m 6s	22.6%	214.6 MB	5.4 GB	3.8 GB	1.7 KB
1648	92/4b0911	3652940	NFCORE_RNASEQ:RNASEQ:BAM_RSEQC:RSEQC_JUNCTIONANNOTATION (Pd93)	COMPLETED	0	2025-08-31 04:13:11.518	3m 45s	3m 44s	65.6%	67.8 MB	5.3 GB	3.8 GB	35.7 MB
1647	38/07ac65	3660294	NFCORE_RNASEQ:RNASEQ:BAM_RSEQC:RSEQC_INFEREXPERIMENT (Pd93)	COMPLETED	0	2025-08-31 04:16:54.525	3.3s	2s	429.3%	49.7 MB	5.3 GB	34.7 MB	806 B
1643	7d/bb3108	3661116	NFCORE_RNASEQ:RNASEQ:BAM_RSEQC:RSEQC_INNERDISTANCE (Pd93)	COMPLETED	0	2025-08-31 04:16:56.509	46.8s	46s	124.6%	312.1 MB	5.5 GB	342.2 MB	60.2 MB
1645	b1/ead067	3660638	NFCORE_RNASEQ:RNASEQ:BAM_RSEQC:RSEQC_JUNCTIONSATURATION (Pd93)	COMPLETED	0	2025-08-31 04:16:55.258	2m 42s	2m 42s	107.8%	875.5 MB	6.1 GB	3.8 GB	28 KB
1646	7c/4d5c31	3661632	NFCORE_RNASEQ:RNASEQ:BAM_RSEQC:RSEQC_READDUPLICATION (Pd93)	COMPLETED	0	2025-08-31 04:16:57.813	4m 40s	4m 39s	104.7%	5.9 GB	11.1 GB	3.8 GB	1020.3 KB
2044	fe/fa5a48	3540782	NFCORE_RNASEQ:RNASEQ:DUPRADAR (Pd130)	COMPLETED	0	2025-08-31 03:06:39.999	1h 28m 44s	1h 28m 43s	20.7%	455.1 MB	5.6 GB	61.9 GB	37.5 GB
1653	5f/0785ea	3670732	NFCORE_RNASEQ:RNASEQ:BAM_RSEQC:RSEQC_BAMSTAT (Pd95)	COMPLETED	0	2025-08-31 04:19:37.568	19m 15s	19m 14s	19.9%	46.1 MB	5.3 GB	3.8 GB	1.3 KB
1654	06/abc588	3703736	NFCORE_RNASEQ:RNASEQ:BAM_RSEQC:RSEQC_INFEREXPERIMENT (Pd95)	COMPLETED	0	2025-08-31 04:38:52.696	2.8s	2s	530.7%	50.3 MB	5.3 GB	33.9 MB	806 B
1651	5d/100f5c	3676417	NFCORE_RNASEQ:RNASEQ:BAM_RSEQC:RSEQC_READDUPLICATION (Pd95)	COMPLETED	0	2025-08-31 04:21:37.417	17m 20s	17m 18s	33.2%	5.3 GB	10.5 GB	3.8 GB	1.1 MB
1657	52/834012	3704266	NFCORE_RNASEQ:RNASEQ:BAM_RSEQC:RSEQC_JUNCTIONSATURATION (Pd95)	COMPLETED	0	2025-08-31 04:38:55.520	2m 41s	2m 39s	107.9%	908.1 MB	11.4 GB	3.8 GB	28 KB
1656	ad/98983b	3704651	NFCORE_RNASEQ:RNASEQ:BAM_RSEQC:RSEQC_READDISTRIBUTION (Pd95)	COMPLETED	0	2025-08-31 04:38:57.124	3m 7s	3m 6s	104.7%	215.2 MB	5.4 GB	3.8 GB	1.7 KB
1655	f4/dcd17c	3711688	NFCORE_RNASEQ:RNASEQ:BAM_RSEQC:RSEQC_INNERDISTANCE (Pd95)	COMPLETED	0	2025-08-31 04:41:36.028	45.1s	44s	126.8%	312.6 MB	5.5 GB	268 MB	60.6 MB
1652	b1/dc7a59	3713608	NFCORE_RNASEQ:RNASEQ:BAM_RSEQC:RSEQC_JUNCTIONANNOTATION (Pd95)	COMPLETED	0	2025-08-31 04:42:03.780	2m 5s	2m 4s	110.3%	68.4 MB	5.3 GB	3.8 GB	33.5 MB
1658	2e/5b3462	3715059	NFCORE_RNASEQ:RNASEQ:BEDGRAPH_BEDCLIP_BEDGRAPHTOBIGWIG_FORWARD:UCSC_BEDCLIP (Pd7)	COMPLETED	0	2025-08-31 04:42:21.123	3m 39s	3m 38s	5.9%	6.9 MB	18.7 MB	318.4 MB	318.3 MB
1659	a1/adeb7f	3719743	NFCORE_RNASEQ:RNASEQ:BEDGRAPH_BEDCLIP_BEDGRAPHTOBIGWIG_REVERSE:UCSC_BEDCLIP (Pd7)	COMPLETED	0	2025-08-31 04:44:08.840	4m	3m 59s	5.3%	7.2 MB	18.7 MB	319 MB	318.9 MB
1650	0f/a5c122	3664780	NFCORE_RNASEQ:RNASEQ:BAM_MARKDUPLICATES_PICARD:PICARD_MARKDUPLICATES (Pd150)	COMPLETED	0	2025-08-31 04:17:43.272	31m 44s	31m 41s	53.4%	22.6 GB	33.6 GB	5.6 GB	3 GB
1662	4b/441d29	3724011	NFCORE_RNASEQ:RNASEQ:STRINGTIE_STRINGTIE (Pd110)	COMPLETED	0	2025-08-31 04:45:59.807	16m 12s	16m 11s	25.5%	689.4 MB	1022.9 MB	3.6 GB	106.2 MB
1665	31/18815a	3758654	NFCORE_RNASEQ:RNASEQ:SUBREAD_FEATURECOUNTS (Pd110)	COMPLETED	0	2025-08-31 05:02:11.630	52.7s	51s	307.5%	981.3 MB	1.5 GB	8.4 GB	3.7 GB
1664	f3/ef232b	3728240	NFCORE_RNASEQ:RNASEQ:BEDTOOLS_GENOMECOV (Pd110)	COMPLETED	0	2025-08-31 04:48:09.065	17m 9s	17m 7s	46.8%	3.8 GB	4.9 GB	7.5 GB	1.4 GB
1671	09/99eafd	3760352	NFCORE_RNASEQ:RNASEQ:BAM_RSEQC:RSEQC_JUNCTIONANNOTATION (Pd110)	COMPLETED	0	2025-08-31 05:03:04.512	2m 14s	2m 13s	109.0%	68.2 MB	5.3 GB	3.4 GB	37.3 MB
1670	7a/9f7cdb	3763782	NFCORE_RNASEQ:RNASEQ:BAM_RSEQC:RSEQC_BAMSTAT (Pd110)	COMPLETED	0	2025-08-31 05:05:18.061	2m 48s	2m 47s	105.1%	45.8 MB	5.3 GB	3.4 GB	1.3 KB
1672	25/6f02c5	3764396	NFCORE_RNASEQ:RNASEQ:BAM_RSEQC:RSEQC_READDUPLICATION (Pd110)	COMPLETED	0	2025-08-31 05:05:18.964	4m 49s	4m 48s	104.4%	7.5 GB	12.7 GB	3.4 GB	822.6 KB
1669	cf/f88ba7	3774244	NFCORE_RNASEQ:RNASEQ:BAM_RSEQC:RSEQC_INNERDISTANCE (Pd110)	COMPLETED	0	2025-08-31 05:10:07.546	43.7s	43s	125.5%	312.6 MB	5.5 GB	175.8 MB	60.7 MB
1668	05/59ddfa	3770042	NFCORE_RNASEQ:RNASEQ:BAM_RSEQC:RSEQC_READDISTRIBUTION (Pd110)	COMPLETED	0	2025-08-31 05:08:05.718	3m 42s	3m 41s	103.7%	214.5 MB	5.4 GB	3.4 GB	1.7 KB
1667	33/c127e1	3778708	NFCORE_RNASEQ:RNASEQ:BAM_RSEQC:RSEQC_INFEREXPERIMENT (Pd110)	COMPLETED	0	2025-08-31 05:11:48.201	2.9s	2s	508.5%	50 MB	5.3 GB	35.1 MB	807 B
2056	99/cd7f53	3593786	NFCORE_RNASEQ:RNASEQ:DUPRADAR (Pd128)	COMPLETED	0	2025-08-31 03:34:28.479	1h 38m 31s	1h 38m 30s	22.1%	469.4 MB	5.6 GB	72 GB	44.3 GB
2064	57/817b63	3781882	NFCORE_RNASEQ:RNASEQ:MULTIQC_CUSTOM_BIOTYPE (Pd93)	COMPLETED	0	2025-08-31 05:12:59.551	2.4s	1s	14.5%	7.8 MB	19.2 MB	8.7 MB	1.1 MB
1666	1b/207d99	3776394	NFCORE_RNASEQ:RNASEQ:BAM_RSEQC:RSEQC_JUNCTIONSATURATION (Pd110)	COMPLETED	0	2025-08-31 05:10:51.288	2m 45s	2m 45s	107.6%	1 GB	6.3 GB	3.4 GB	28 KB
1660	ed/2c8fb0	3731649	NFCORE_RNASEQ:RNASEQ:QUALIMAP_RNASEQ (Pd110)	COMPLETED	0	2025-08-31 04:49:26.819	31m 41s	31m 39s	77.4%	5.1 GB	34.9 GB	27.5 GB	24 GB
1676	bd/d757bd	3779292	NFCORE_RNASEQ:RNASEQ:STRINGTIE_STRINGTIE (Pd98)	COMPLETED	0	2025-08-31 05:11:51.089	23m 37s	23m 36s	22.0%	603.1 MB	897.6 MB	3.9 GB	106.9 MB
1678	05/3733f0	3824147	NFCORE_RNASEQ:RNASEQ:SUBREAD_FEATURECOUNTS (Pd98)	COMPLETED	0	2025-08-31 05:35:28.088	1m 25s	1m 23s	251.7%	1.1 GB	1.6 GB	13.1 GB	7.1 GB
1682	3a/3aa4f1	3826603	NFCORE_RNASEQ:RNASEQ:BAM_RSEQC:RSEQC_INNERDISTANCE (Pd98)	COMPLETED	0	2025-08-31 05:36:53.074	42.9s	42s	128.2%	312.1 MB	5.5 GB	218.3 MB	60.3 MB
1675	72/260226	3784593	NFCORE_RNASEQ:RNASEQ:BEDTOOLS_GENOMECOV (Pd98)	COMPLETED	0	2025-08-31 05:13:36.488	25m 7s	25m 5s	35.7%	3.5 GB	4.4 GB	8 GB	1.3 GB
1680	ac/8bf44d	3830407	NFCORE_RNASEQ:RNASEQ:BAM_RSEQC:RSEQC_INFEREXPERIMENT (Pd98)	COMPLETED	0	2025-08-31 05:38:43.070	2.9s	2s	511.2%	49.3 MB	5.3 GB	33.7 MB	806 B
1683	69/d28b3d	3828297	NFCORE_RNASEQ:RNASEQ:BAM_RSEQC:RSEQC_BAMSTAT (Pd98)	COMPLETED	0	2025-08-31 05:37:36.021	2m 44s	2m 44s	105.2%	46.2 MB	5.3 GB	3.7 GB	1.3 KB
1684	fe/87d3c6	3830934	NFCORE_RNASEQ:RNASEQ:BAM_RSEQC:RSEQC_JUNCTIONANNOTATION (Pd98)	COMPLETED	0	2025-08-31 05:38:45.928	2m 18s	2m 17s	109.1%	68.6 MB	5.3 GB	3.7 GB	36.9 MB
1685	3c/b80600	3836258	NFCORE_RNASEQ:RNASEQ:BAM_RSEQC:RSEQC_READDISTRIBUTION (Pd98)	COMPLETED	0	2025-08-31 05:41:04.082	3m 29s	3m 29s	104.1%	214.4 MB	5.4 GB	3.7 GB	1.7 KB
1681	3d/cfff5e	3834294	NFCORE_RNASEQ:RNASEQ:BAM_RSEQC:RSEQC_READDUPLICATION (Pd98)	COMPLETED	0	2025-08-31 05:40:20.263	4m 49s	4m 49s	104.4%	6.3 GB	11.5 GB	3.7 GB	999.8 KB
1686	06/24d056	3842809	NFCORE_RNASEQ:RNASEQ:BAM_RSEQC:RSEQC_JUNCTIONSATURATION (Pd98)	COMPLETED	0	2025-08-31 05:44:33.530	2m 43s	2m 42s	107.8%	949.6 MB	6.2 GB	3.7 GB	28 KB
2067	cb/1dd12b	3782412	NFCORE_RNASEQ:RNASEQ:DUPRADAR (Pd137)	COMPLETED	0	2025-08-31 05:13:01.986	37m 29s	37m 28s	43.5%	445.2 MB	5.6 GB	56.2 GB	33.1 GB
2062	35/8066a0	3698975	NFCORE_RNASEQ:RNASEQ:DUPRADAR (Pd134)	COMPLETED	0	2025-08-31 04:35:24.208	1h 19m 11s	1h 19m 10s	18.1%	457.9 MB	5.6 GB	39.8 GB	19 GB
2079	b2/a9a02c	3867988	NFCORE_RNASEQ:RNASEQ:MULTIQC_CUSTOM_BIOTYPE (Pd95)	COMPLETED	0	2025-08-31 05:54:35.044	890ms	0ms	106.0%	5 MB	10.1 MB	8.7 MB	1.1 MB
2082	05/957fd9	3868370	NFCORE_RNASEQ:RNASEQ:BEDGRAPH_BEDCLIP_BEDGRAPHTOBIGWIG_REVERSE:UCSC_BEDGRAPHTOBIGWIG (Pd63)	COMPLETED	0	2025-08-31 05:54:35.940	14.4s	14s	84.7%	8.4 MB	24.8 MB	616.1 MB	34 MB
1677	50/80513a	3804288	NFCORE_RNASEQ:RNASEQ:QUALIMAP_RNASEQ (Pd98)	COMPLETED	0	2025-08-31 05:21:08.246	33m 43s	33m 41s	83.7%	3 GB	34.8 GB	29.5 GB	25.6 GB
2083	82/550cfa	3869637	NFCORE_RNASEQ:RNASEQ:BEDGRAPH_BEDCLIP_BEDGRAPHTOBIGWIG_FORWARD:UCSC_BEDGRAPHTOBIGWIG (Pd63)	COMPLETED	0	2025-08-31 05:54:50.303	13.8s	13s	87.2%	20.3 MB	35.8 MB	615.6 MB	34 MB
1688	7b/8babfa	3849833	NFCORE_RNASEQ:RNASEQ:STRINGTIE_STRINGTIE (Pd112)	COMPLETED	0	2025-08-31 05:47:16.534	9m 44s	9m 44s	38.9%	750.9 MB	1.1 GB	3.7 GB	107.8 MB
1692	ac/4af89a	3870031	NFCORE_RNASEQ:RNASEQ:SUBREAD_FEATURECOUNTS (Pd112)	COMPLETED	0	2025-08-31 05:54:51.708	2m 25s	2m 23s	117.9%	908.6 MB	1.5 GB	8.8 GB	3.9 GB
1695	19/22f50f	3879644	NFCORE_RNASEQ:RNASEQ:BAM_RSEQC:RSEQC_JUNCTIONANNOTATION (Pd112)	COMPLETED	0	2025-08-31 05:57:17.190	2m 24s	2m 23s	108.4%	68 MB	5.3 GB	3.6 GB	39 MB
1689	ef/d065df	3844734	NFCORE_RNASEQ:RNASEQ:BEDTOOLS_GENOMECOV (Pd112)	COMPLETED	0	2025-08-31 05:45:09.665	15m 23s	15m 21s	52.2%	4.1 GB	5.1 GB	7.9 GB	1.5 GB
1698	38/f08a50	3890620	NFCORE_RNASEQ:RNASEQ:BAM_RSEQC:RSEQC_INFEREXPERIMENT (Pd112)	COMPLETED	0	2025-08-31 06:00:33.071	2.9s	2s	485.7%	49.6 MB	5.3 GB	35.6 MB	807 B
2076	44/9dc8fa	3856975	NFCORE_RNASEQ:RNASEQ:DUPRADAR (Pd142)	COMPLETED	0	2025-08-31 05:50:30.862	11m 49s	11m 48s	95.0%	413.9 MB	5.6 GB	40.6 GB	21.8 GB
2087	82/6c723c	3871621	NFCORE_RNASEQ:RNASEQ:DUPRADAR (Pd143)	COMPLETED	0	2025-08-31 05:55:04.120	8m 15s	8m 14s	103.8%	373.9 MB	5.5 GB	18.6 GB	2.8 GB
2096	9c/f7a54d	3901411	NFCORE_RNASEQ:RNASEQ:BEDGRAPH_BEDCLIP_BEDGRAPHTOBIGWIG_FORWARD:UCSC_BEDGRAPHTOBIGWIG (Pd7)	COMPLETED	0	2025-08-31 06:03:18.676	16.7s	16s	99.8%	9.1 MB	24.9 MB	955.1 MB	48.3 MB
1696	c7/759e8b	3891283	NFCORE_RNASEQ:RNASEQ:BAM_RSEQC:RSEQC_BAMSTAT (Pd112)	COMPLETED	0	2025-08-31 06:00:35.969	3m	2m 59s	104.6%	45.5 MB	5.3 GB	3.6 GB	1.3 KB
2097	c9/56a193	3903070	NFCORE_RNASEQ:RNASEQ:BEDGRAPH_BEDCLIP_BEDGRAPHTOBIGWIG_REVERSE:UCSC_BEDGRAPHTOBIGWIG (Pd7)	COMPLETED	0	2025-08-31 06:03:35.383	16.8s	16s	100.2%	9.1 MB	24.9 MB	956.9 MB	48.4 MB
1699	db/ca57e6	3887545	NFCORE_RNASEQ:RNASEQ:BAM_RSEQC:RSEQC_READDUPLICATION (Pd112)	COMPLETED	0	2025-08-31 05:59:40.865	4m 58s	4m 57s	104.1%	8 GB	13.2 GB	3.6 GB	761 KB
1697	45/139839	3909082	NFCORE_RNASEQ:RNASEQ:BAM_RSEQC:RSEQC_INNERDISTANCE (Pd112)	COMPLETED	0	2025-08-31 06:04:38.788	47s	46s	125.5%	312 MB	5.5 GB	335.3 MB	61.2 MB
1693	2e/c0e7f9	3903378	NFCORE_RNASEQ:RNASEQ:BAM_RSEQC:RSEQC_JUNCTIONSATURATION (Pd112)	COMPLETED	0	2025-08-31 06:03:36.022	2m 51s	2m 50s	107.0%	1.1 GB	6.4 GB	3.6 GB	28.1 KB
1694	c4/7ae2e5	3912628	NFCORE_RNASEQ:RNASEQ:BAM_RSEQC:RSEQC_READDISTRIBUTION (Pd112)	COMPLETED	0	2025-08-31 06:05:25.794	3m 59s	3m 58s	103.4%	215.5 MB	5.4 GB	3.6 GB	1.7 KB
1702	69/e46a9b	3917022	NFCORE_RNASEQ:RNASEQ:STRINGTIE_STRINGTIE (Pd119)	COMPLETED	0	2025-08-31 06:06:27.144	3m 48s	3m 47s	86.9%	686.3 MB	909.7 MB	3.6 GB	107 MB
2090	19/1cd331	3897142	NFCORE_RNASEQ:RNASEQ:DUPRADAR (Pd149)	COMPLETED	0	2025-08-31 06:02:19.600	8m 23s	8m 22s	103.7%	351.5 MB	5.8 GB	18.1 GB	3.1 GB
2104	9e/5310fb	3932267	NFCORE_RNASEQ:RNASEQ:MULTIQC_CUSTOM_BIOTYPE (Pd110)	COMPLETED	0	2025-08-31 06:10:42.979	945ms	0ms	113.7%	2.5 MB	5.4 MB	8.7 MB	1.1 MB
2107	17/f4e1af	3932638	NFCORE_RNASEQ:RNASEQ:MULTIQC_CUSTOM_BIOTYPE (Pd98)	COMPLETED	0	2025-08-31 06:10:43.930	907ms	0ms	103.6%	2.5 MB	5.4 MB	8.7 MB	1.1 MB
2110	61/1288e5	3932915	NFCORE_RNASEQ:RNASEQ:MULTIQC_CUSTOM_BIOTYPE (Pd112)	COMPLETED	0	2025-08-31 06:10:44.843	4.5s	4s	7.0%	8.4 MB	19.2 MB	8.7 MB	1.1 MB
2101	3a/4635c4	3905392	NFCORE_RNASEQ:RNASEQ:DUPRADAR (Pd150)	COMPLETED	0	2025-08-31 06:03:52.232	9m 51s	9m 50s	99.2%	460.1 MB	5.6 GB	28.2 GB	12 GB
1984	71/76a6ab	3941362	NFCORE_RNASEQ:RNASEQ:BAM_MARKDUPLICATES_PICARD:SAMTOOLS_INDEX (Pd120)	COMPLETED	0	2025-08-31 06:13:43.295	1m 24s	1m 23s	76.6%	12.5 MB	220.9 MB	3.5 GB	709.4 KB
1998	89/0b6e70	3945659	NFCORE_RNASEQ:RNASEQ:BAM_MARKDUPLICATES_PICARD:SAMTOOLS_INDEX (Pd105)	COMPLETED	0	2025-08-31 06:15:07.063	1m 51s	1m 50s	64.0%	10.3 MB	220.9 MB	3.8 GB	854.5 KB
2014	e5/11cf2e	3951281	NFCORE_RNASEQ:RNASEQ:BAM_MARKDUPLICATES_PICARD:SAMTOOLS_INDEX (Pd123)	COMPLETED	0	2025-08-31 06:16:57.730	1m 7s	1m 6s	86.2%	11.2 MB	220.9 MB	3.3 GB	739.5 KB
1701	99/d74515	3929630	NFCORE_RNASEQ:RNASEQ:BEDTOOLS_GENOMECOV (Pd119)	COMPLETED	0	2025-08-31 06:10:14.825	8m 24s	8m 22s	87.1%	3.9 GB	4.9 GB	7.6 GB	1.4 GB
1705	fd/8f9eaf	3957078	NFCORE_RNASEQ:RNASEQ:SUBREAD_FEATURECOUNTS (Pd119)	COMPLETED	0	2025-08-31 06:18:38.339	45.4s	44s	345.7%	877 MB	1.4 GB	7.4 GB	2.9 GB
2021	35/6d9e80	3954877	NFCORE_RNASEQ:RNASEQ:BAM_MARKDUPLICATES_PICARD:SAMTOOLS_INDEX (Pd122)	COMPLETED	0	2025-08-31 06:18:05.075	1m 33s	1m 32s	72.6%	10.3 MB	220.9 MB	3.6 GB	708.4 KB
2045	86/9d63e6	3960661	NFCORE_RNASEQ:RNASEQ:BAM_MARKDUPLICATES_PICARD:SAMTOOLS_INDEX (Pd130)	COMPLETED	0	2025-08-31 06:19:38.039	53.5s	53s	109.5%	11.2 MB	220.9 MB	3.1 GB	662.9 KB
2054	fc/557ebb	3963065	NFCORE_RNASEQ:RNASEQ:BAM_MARKDUPLICATES_PICARD:SAMTOOLS_INDEX (Pd128)	COMPLETED	0	2025-08-31 06:20:31.587	1m	59s	103.8%	13.8 MB	220.9 MB	3.3 GB	735.2 KB
2061	14/9a1934	3965604	NFCORE_RNASEQ:RNASEQ:BAM_MARKDUPLICATES_PICARD:SAMTOOLS_INDEX (Pd134)	COMPLETED	0	2025-08-31 06:21:31.947	1m 3s	1m 3s	105.0%	11.9 MB	220.9 MB	3.5 GB	738.1 KB
2068	44/f21178	3968438	NFCORE_RNASEQ:RNASEQ:BAM_MARKDUPLICATES_PICARD:SAMTOOLS_INDEX (Pd137)	COMPLETED	0	2025-08-31 06:22:35.268	1m 2s	1m 1s	100.2%	11.6 MB	220.9 MB	3 GB	614.1 KB
2074	77/c22158	3971135	NFCORE_RNASEQ:RNASEQ:BAM_MARKDUPLICATES_PICARD:SAMTOOLS_INDEX (Pd142)	COMPLETED	0	2025-08-31 06:23:36.896	24.4s	24s	177.6%	15 MB	220.9 MB	2.9 GB	774.1 KB
2088	20/bc35ed	3972589	NFCORE_RNASEQ:RNASEQ:BAM_MARKDUPLICATES_PICARD:SAMTOOLS_INDEX (Pd143)	COMPLETED	0	2025-08-31 06:24:01.262	29.3s	29s	178.5%	10.9 MB	220.9 MB	3.6 GB	747.8 KB
2091	87/de1468	3974176	NFCORE_RNASEQ:RNASEQ:BAM_MARKDUPLICATES_PICARD:SAMTOOLS_INDEX (Pd149)	COMPLETED	0	2025-08-31 06:24:30.579	28.4s	27s	182.6%	12.5 MB	220.9 MB	3.4 GB	793.3 KB
2102	e8/8d0ee8	3975789	NFCORE_RNASEQ:RNASEQ:BAM_MARKDUPLICATES_PICARD:SAMTOOLS_INDEX (Pd150)	COMPLETED	0	2025-08-31 06:24:59.007	25.8s	25s	180.2%	10.3 MB	220.9 MB	3 GB	670.6 KB
2136	ef/061dd0	3977314	NFCORE_RNASEQ:RNASEQ:MULTIQC_CUSTOM_BIOTYPE (Pd119)	COMPLETED	0	2025-08-31 06:25:24.822	859ms	0ms	115.9%	2.8 MB	5.4 MB	8.8 MB	1.1 MB
1690	b0/467bda	3877594	NFCORE_RNASEQ:RNASEQ:QUALIMAP_RNASEQ (Pd112)	COMPLETED	0	2025-08-31 05:57:00.521	28m 43s	28m 41s	89.1%	5.5 GB	34.6 GB	28.6 GB	24.9 GB
1709	7e/5edca2	3959324	NFCORE_RNASEQ:RNASEQ:BEDTOOLS_GENOMECOV (Pd106)	COMPLETED	0	2025-08-31 06:19:23.749	8m 30s	8m 28s	90.9%	4.6 GB	5.6 GB	7.8 GB	1.7 GB
1711	73/80c776	3983595	NFCORE_RNASEQ:RNASEQ:SUBREAD_FEATURECOUNTS (Pd106)	COMPLETED	0	2025-08-31 06:27:53.800	35.2s	33s	393.5%	838.8 MB	1.3 GB	5.8 GB	1.7 GB
2202	47/2f285b	3985567	NFCORE_RNASEQ:RNASEQ:MULTIQC_CUSTOM_BIOTYPE (Pd106)	COMPLETED	0	2025-08-31 06:28:30.015	866ms	0ms	114.6%	2.5 MB	5.4 MB	8.8 MB	1.1 MB
1710	29/fbc4c6	3985302	NFCORE_RNASEQ:RNASEQ:STRINGTIE_STRINGTIE (Pd106)	COMPLETED	0	2025-08-31 06:28:29.006	2m 13s	2m 12s	127.8%	827.8 MB	1.2 GB	3.7 GB	108.7 MB
1718	a2/b8e4da	3990070	NFCORE_RNASEQ:RNASEQ:BAM_RSEQC:RSEQC_JUNCTIONSATURATION (Pd119)	COMPLETED	0	2025-08-31 06:30:41.960	2m 54s	2m 53s	106.7%	1.2 GB	6.4 GB	3.5 GB	28.1 KB
1700	0c/d1df08	3925911	NFCORE_RNASEQ:RNASEQ:QUALIMAP_RNASEQ (Pd119)	COMPLETED	0	2025-08-31 06:09:24.778	28m 38s	28m 37s	100.9%	2.7 GB	34.6 GB	28.2 GB	24.5 GB
1712	90/551e6f	3995763	NFCORE_RNASEQ:RNASEQ:BAM_RSEQC:RSEQC_READDUPLICATION (Pd119)	COMPLETED	0	2025-08-31 06:33:35.609	4m 40s	4m 39s	104.5%	7.5 GB	12.7 GB	3.5 GB	776.2 KB
1714	96/fa7f24	4003250	NFCORE_RNASEQ:RNASEQ:BAM_RSEQC:RSEQC_INFEREXPERIMENT (Pd119)	COMPLETED	0	2025-08-31 06:38:15.848	2.8s	2s	511.9%	50 MB	5.3 GB	35.5 MB	807 B
1713	91/46cf33	4002113	NFCORE_RNASEQ:RNASEQ:BAM_RSEQC:RSEQC_BAMSTAT (Pd119)	COMPLETED	0	2025-08-31 06:38:03.242	2m 55s	2m 54s	104.9%	45.5 MB	5.3 GB	3.5 GB	1.3 KB
1715	fe/9a7b5b	4008274	NFCORE_RNASEQ:RNASEQ:BAM_RSEQC:RSEQC_INNERDISTANCE (Pd119)	COMPLETED	0	2025-08-31 06:40:58.051	43.9s	43s	128.9%	312.3 MB	5.5 GB	264.1 MB	60.8 MB
1716	8a/0540e7	4003728	NFCORE_RNASEQ:RNASEQ:BAM_RSEQC:RSEQC_READDISTRIBUTION (Pd119)	COMPLETED	0	2025-08-31 06:38:18.676	3m 41s	3m 40s	103.9%	215.2 MB	5.4 GB	3.5 GB	1.7 KB
1717	d2/a4cffd	4010183	NFCORE_RNASEQ:RNASEQ:BAM_RSEQC:RSEQC_JUNCTIONANNOTATION (Pd119)	COMPLETED	0	2025-08-31 06:41:41.949	2m 25s	2m 25s	108.7%	67.8 MB	5.3 GB	3.5 GB	40.1 MB
1724	2b/be9695	4016600	NFCORE_RNASEQ:RNASEQ:BEDTOOLS_GENOMECOV (Pd115)	COMPLETED	0	2025-08-31 06:44:07.436	6m 48s	6m 47s	105.7%	4.3 GB	5.3 GB	7.8 GB	1.6 GB
1707	f4/d79d22	3978170	NFCORE_RNASEQ:RNASEQ:QUALIMAP_RNASEQ (Pd106)	COMPLETED	0	2025-08-31 06:25:43.370	26m 39s	26m 37s	103.4%	2.7 GB	34.8 GB	27.9 GB	24.2 GB
1726	2a/facae1	4034833	NFCORE_RNASEQ:RNASEQ:SUBREAD_FEATURECOUNTS (Pd115)	COMPLETED	0	2025-08-31 06:52:22.448	39.9s	39s	368.5%	751 MB	1.2 GB	6.6 GB	2.3 GB
2205	9f/93a897	4036949	NFCORE_RNASEQ:RNASEQ:MULTIQC_CUSTOM_BIOTYPE (Pd115)	COMPLETED	0	2025-08-31 06:53:03.324	910ms	0ms	113.1%	2.5 MB	5.4 MB	8.8 MB	1.1 MB
1723	73/685437	4036679	NFCORE_RNASEQ:RNASEQ:STRINGTIE_STRINGTIE (Pd115)	COMPLETED	0	2025-08-31 06:53:02.314	2m 21s	2m 20s	126.2%	857 MB	1.1 GB	3.7 GB	107.9 MB
1720	e4/23c687	4011576	NFCORE_RNASEQ:RNASEQ:BAM_MARKDUPLICATES_PICARD:PICARD_MARKDUPLICATES (Pd152)	COMPLETED	0	2025-08-31 06:41:59.831	13m 54s	13m 52s	106.7%	20.6 GB	33.6 GB	5.9 GB	3.1 GB
2208	b0/a49fd8	4043550	NFCORE_RNASEQ:RNASEQ:BAM_MARKDUPLICATES_PICARD:SAMTOOLS_INDEX (Pd152)	COMPLETED	0	2025-08-31 06:55:54.538	27.2s	26s	181.5%	15.9 MB	220.9 MB	3.1 GB	684.2 KB
2231	13/c225ae	4046745	NFCORE_RNASEQ:RNASEQ:BAM_MARKDUPLICATES_PICARD:BAM_STATS_SAMTOOLS:SAMTOOLS_STATS (Pd19)	COMPLETED	0	2025-08-31 06:56:22.724	5m 59s	5m 58s	62.3%	6.6 MB	222.2 MB	3.5 GB	265.5 KB
2232	f2/f82f2e	4068816	NFCORE_RNASEQ:RNASEQ:BAM_MARKDUPLICATES_PICARD:BAM_STATS_SAMTOOLS:SAMTOOLS_IDXSTATS (Pd17)	COMPLETED	0	2025-08-31 07:02:21.835	1s	0ms	28.2%	5 MB	11.9 MB	851.2 KB	42.2 KB
1732	20/3bdc96	4041651	NFCORE_RNASEQ:RNASEQ:STRINGTIE_STRINGTIE (Pd103)	COMPLETED	0	2025-08-31 06:55:23.165	7m 39s	7m 39s	52.7%	737.4 MB	1.1 GB	3.9 GB	106.8 MB
2219	15/58c1cd	4069190	NFCORE_RNASEQ:RNASEQ:BAM_MARKDUPLICATES_PICARD:BAM_STATS_SAMTOOLS:SAMTOOLS_FLAGSTAT (Pd37)	COMPLETED	0	2025-08-31 07:02:22.859	3m 6s	3m 5s	40.6%	5.9 MB	220.9 MB	3.7 GB	5.4 KB
1729	d0/db7ab5	4043261	NFCORE_RNASEQ:RNASEQ:BEDTOOLS_GENOMECOV (Pd103)	COMPLETED	0	2025-08-31 06:55:53.527	13m 11s	13m 10s	62.5%	3.9 GB	4.9 GB	8.2 GB	1.4 GB
2206	2f/ec491a	4046235	NFCORE_RNASEQ:RNASEQ:DUPRADAR (Pd152)	COMPLETED	0	2025-08-31 06:56:21.715	15m 42s	15m 41s	81.3%	430.6 MB	5.6 GB	43.3 GB	23.3 GB
2278	bb/d92457	4080947	NFCORE_RNASEQ:RNASEQ:BAM_MARKDUPLICATES_PICARD:BAM_STATS_SAMTOOLS:SAMTOOLS_FLAGSTAT (Pd31)	COMPLETED	0	2025-08-31 07:05:28.654	6m 39s	6m 38s	22.2%	6.2 MB	220.9 MB	3.8 GB	5.4 KB
1733	63/6c2794	4088881	NFCORE_RNASEQ:RNASEQ:SUBREAD_FEATURECOUNTS (Pd103)	COMPLETED	0	2025-08-31 07:09:04.736	3m 26s	3m 24s	97.5%	1.1 GB	1.6 GB	11.9 GB	6.1 GB
2236	45/03caef	4097718	NFCORE_RNASEQ:RNASEQ:BAM_MARKDUPLICATES_PICARD:BAM_STATS_SAMTOOLS:SAMTOOLS_FLAGSTAT (Pd30)	COMPLETED	0	2025-08-31 07:12:07.946	1m 24s	1m 23s	63.5%	6.2 MB	220.9 MB	2.5 GB	5.4 KB
2228	39/b95532	4103007	NFCORE_RNASEQ:RNASEQ:BAM_MARKDUPLICATES_PICARD:BAM_STATS_SAMTOOLS:SAMTOOLS_FLAGSTAT (Pd19)	COMPLETED	0	2025-08-31 07:13:31.945	2m 23s	2m 23s	55.4%	5.9 MB	220.9 MB	3.5 GB	5.4 KB
2286	1a/048f45	4097019	NFCORE_RNASEQ:RNASEQ:BAM_MARKDUPLICATES_PICARD:BAM_STATS_SAMTOOLS:SAMTOOLS_STATS (Pd11)	COMPLETED	0	2025-08-31 07:12:03.637	4m 31s	4m 29s	81.8%	6.9 MB	222.2 MB	3.5 GB	265.2 KB
2222	95/ec56dc	4111151	NFCORE_RNASEQ:RNASEQ:BAM_MARKDUPLICATES_PICARD:BAM_STATS_SAMTOOLS:SAMTOOLS_FLAGSTAT (Pd3)	COMPLETED	0	2025-08-31 07:16:34.220	1m 13s	1m 12s	93.6%	5.9 MB	220.9 MB	3.6 GB	5.4 KB
1736	bc/dfac7f	4099820	NFCORE_RNASEQ:RNASEQ:BAM_RSEQC:RSEQC_JUNCTIONSATURATION (Pd106)	COMPLETED	0	2025-08-31 07:12:30.673	5m 36s	5m 35s	63.4%	1.1 GB	6.3 GB	3.5 GB	28.1 KB
2225	3b/c88fc5	4114595	NFCORE_RNASEQ:RNASEQ:BAM_MARKDUPLICATES_PICARD:BAM_STATS_SAMTOOLS:SAMTOOLS_FLAGSTAT (Pd51)	COMPLETED	0	2025-08-31 07:17:47.004	58.1s	57s	111.4%	5.9 MB	220.9 MB	3.5 GB	5.4 KB
2275	d6/f6088b	4109037	NFCORE_RNASEQ:RNASEQ:BAM_MARKDUPLICATES_PICARD:BAM_STATS_SAMTOOLS:SAMTOOLS_STATS (Pd13)	COMPLETED	0	2025-08-31 07:15:55.323	3m 5s	3m 5s	109.0%	6.6 MB	222.4 MB	3.5 GB	264.9 KB
1721	85/e3b691	4031234	NFCORE_RNASEQ:RNASEQ:QUALIMAP_RNASEQ (Pd115)	COMPLETED	0	2025-08-31 06:50:55.492	28m 42s	28m 40s	96.2%	4.7 GB	34.8 GB	28.1 GB	24.4 GB
1740	c5/e7bc04	4121745	NFCORE_RNASEQ:RNASEQ:BAM_RSEQC:RSEQC_INFEREXPERIMENT (Pd106)	COMPLETED	0	2025-08-31 07:19:37.948	2.8s	2s	491.8%	50.3 MB	5.3 GB	33.9 MB	807 B
2230	97/efc479	4118413	NFCORE_RNASEQ:RNASEQ:BAM_MARKDUPLICATES_PICARD:BAM_STATS_SAMTOOLS:SAMTOOLS_FLAGSTAT (Pd17)	COMPLETED	0	2025-08-31 07:18:45.147	1m 13s	1m 12s	90.4%	5.6 MB	220.9 MB	3.4 GB	5.4 KB
2233	f2/9fd7d8	4119605	NFCORE_RNASEQ:RNASEQ:BAM_MARKDUPLICATES_PICARD:BAM_STATS_SAMTOOLS:SAMTOOLS_FLAGSTAT (Pd8)	COMPLETED	0	2025-08-31 07:19:00.597	1m 2s	1m 1s	108.3%	6.2 MB	220.9 MB	3.5 GB	5.4 KB
2239	89/87b008	4123748	NFCORE_RNASEQ:RNASEQ:BAM_MARKDUPLICATES_PICARD:BAM_STATS_SAMTOOLS:SAMTOOLS_FLAGSTAT (Pd23)	COMPLETED	0	2025-08-31 07:19:57.935	1m 3s	1m 2s	106.9%	5.9 MB	220.9 MB	3.7 GB	5.4 KB
2251	ba/56c210	4124336	NFCORE_RNASEQ:RNASEQ:BAM_MARKDUPLICATES_PICARD:BAM_STATS_SAMTOOLS:SAMTOOLS_FLAGSTAT (Pd24)	COMPLETED	0	2025-08-31 07:20:02.633	1m 9s	1m 8s	95.5%	5.9 MB	220.9 MB	3.6 GB	5.4 KB
1738	67/dc0ae3	4116042	NFCORE_RNASEQ:RNASEQ:BAM_RSEQC:RSEQC_READDISTRIBUTION (Pd106)	COMPLETED	0	2025-08-31 07:18:07.016	4m	3m 59s	103.7%	214.2 MB	5.4 GB	3.5 GB	1.7 KB
2224	d8/b253aa	4127998	NFCORE_RNASEQ:RNASEQ:BAM_MARKDUPLICATES_PICARD:BAM_STATS_SAMTOOLS:SAMTOOLS_STATS (Pd3)	COMPLETED	0	2025-08-31 07:21:00.677	1m 42s	1m 41s	158.7%	6.6 MB	222.2 MB	3.6 GB	265.8 KB
1742	4f/4a76a5	4122272	NFCORE_RNASEQ:RNASEQ:BAM_RSEQC:RSEQC_BAMSTAT (Pd106)	COMPLETED	0	2025-08-31 07:19:40.803	3m 4s	3m 3s	104.6%	45.4 MB	5.3 GB	3.5 GB	1.3 KB
1737	c0/5146f8	4132400	NFCORE_RNASEQ:RNASEQ:BAM_RSEQC:RSEQC_INNERDISTANCE (Pd106)	COMPLETED	0	2025-08-31 07:22:06.662	42.8s	42s	127.9%	359.5 MB	10.8 GB	159.9 MB	60.4 MB
2221	95/829de4	4129134	NFCORE_RNASEQ:RNASEQ:BAM_MARKDUPLICATES_PICARD:BAM_STATS_SAMTOOLS:SAMTOOLS_STATS (Pd37)	COMPLETED	0	2025-08-31 07:21:11.969	1m 51s	1m 51s	153.7%	6.6 MB	222.2 MB	3.7 GB	265.4 KB
2243	e6/8ba0cc	4138130	NFCORE_RNASEQ:RNASEQ:BAM_MARKDUPLICATES_PICARD:BAM_STATS_SAMTOOLS:SAMTOOLS_IDXSTATS (Pd36)	COMPLETED	0	2025-08-31 07:23:03.369	775ms	0ms	90.5%	2.5 MB	5.4 MB	830.1 KB	41.9 KB
2253	a7/d18ba9	4134763	NFCORE_RNASEQ:RNASEQ:BAM_MARKDUPLICATES_PICARD:BAM_STATS_SAMTOOLS:SAMTOOLS_STATS (Pd23)	COMPLETED	0	2025-08-31 07:22:42.759	1m 38s	1m 37s	169.0%	6.9 MB	222.2 MB	3.7 GB	255.2 KB
2265	0c/97c10c	4142552	NFCORE_RNASEQ:RNASEQ:BAM_MARKDUPLICATES_PICARD:BAM_STATS_SAMTOOLS:SAMTOOLS_IDXSTATS (Pd45)	COMPLETED	0	2025-08-31 07:24:20.409	813ms	0ms	84.2%	2.8 MB	5.4 MB	817.4 KB	42.1 KB
2331	d0/f23e33	4138441	NFCORE_RNASEQ:RNASEQ:BAM_MARKDUPLICATES_PICARD:BAM_STATS_SAMTOOLS:SAMTOOLS_STATS (Pd9)	COMPLETED	0	2025-08-31 07:23:04.149	2m 9s	2m 8s	143.3%	7.2 MB	222.2 MB	3.6 GB	264.9 KB
1739	c8/4f323e	4136285	NFCORE_RNASEQ:RNASEQ:BAM_RSEQC:RSEQC_JUNCTIONANNOTATION (Pd106)	COMPLETED	0	2025-08-31 07:22:49.515	2m 24s	2m 23s	108.4%	68.1 MB	5.3 GB	3.5 GB	41.9 MB
2227	79/8ce08e	4142868	NFCORE_RNASEQ:RNASEQ:BAM_MARKDUPLICATES_PICARD:BAM_STATS_SAMTOOLS:SAMTOOLS_STATS (Pd51)	COMPLETED	0	2025-08-31 07:24:21.231	2m 25s	2m 25s	128.5%	6.9 MB	222.2 MB	3.5 GB	266.7 KB
2226	4d/b0db7d	4151615	NFCORE_RNASEQ:RNASEQ:BAM_MARKDUPLICATES_PICARD:BAM_STATS_SAMTOOLS:SAMTOOLS_IDXSTATS (Pd51)	COMPLETED	0	2025-08-31 07:26:46.294	857ms	0ms	52.8%	5.6 MB	12 MB	809.7 KB	42.1 KB
2262	af/cbcfe6	4151931	NFCORE_RNASEQ:RNASEQ:BAM_MARKDUPLICATES_PICARD:BAM_STATS_SAMTOOLS:SAMTOOLS_IDXSTATS (Pd29)	COMPLETED	0	2025-08-31 07:26:47.158	802ms	0ms	71.9%	5.9 MB	12.7 MB	788.5 KB	42 KB
2242	82/5ffdd1	4152214	NFCORE_RNASEQ:RNASEQ:BAM_MARKDUPLICATES_PICARD:BAM_STATS_SAMTOOLS:SAMTOOLS_IDXSTATS (Pd5)	COMPLETED	0	2025-08-31 07:26:47.967	820ms	0ms	76.3%	5.6 MB	12.5 MB	815.5 KB	41.9 KB
2235	90/941f47	4152438	NFCORE_RNASEQ:RNASEQ:BAM_MARKDUPLICATES_PICARD:BAM_STATS_SAMTOOLS:SAMTOOLS_IDXSTATS (Pd8)	COMPLETED	0	2025-08-31 07:26:48.794	790ms	0ms	93.8%	2.8 MB	5.4 MB	823 KB	42 KB
2254	ce/3af317	4152665	NFCORE_RNASEQ:RNASEQ:BAM_MARKDUPLICATES_PICARD:BAM_STATS_SAMTOOLS:SAMTOOLS_IDXSTATS (Pd31)	COMPLETED	0	2025-08-31 07:26:49.591	838ms	0ms	64.2%	5.6 MB	12 MB	861.5 KB	42.3 KB
2240	4e/c91249	4152892	NFCORE_RNASEQ:RNASEQ:BAM_MARKDUPLICATES_PICARD:BAM_STATS_SAMTOOLS:SAMTOOLS_IDXSTATS (Pd23)	COMPLETED	0	2025-08-31 07:26:50.436	1s	1s	30.3%	5.6 MB	12 MB	806.6 KB	42.2 KB
2241	c1/050bd4	4153228	NFCORE_RNASEQ:RNASEQ:BAM_MARKDUPLICATES_PICARD:BAM_STATS_SAMTOOLS:SAMTOOLS_IDXSTATS (Pd24)	COMPLETED	0	2025-08-31 07:26:51.479	813ms	1s	73.9%	2.5 MB	5.4 MB	833 KB	42.1 KB
2247	39/ef740d	4145791	NFCORE_RNASEQ:RNASEQ:BAM_MARKDUPLICATES_PICARD:BAM_STATS_SAMTOOLS:SAMTOOLS_STATS (Pd30)	COMPLETED	0	2025-08-31 07:25:12.972	1m 41s	1m 40s	135.9%	6.6 MB	222.2 MB	2.5 GB	218.5 KB
2252	b0/8bb43d	4153754	NFCORE_RNASEQ:RNASEQ:BAM_MARKDUPLICATES_PICARD:BAM_STATS_SAMTOOLS:SAMTOOLS_IDXSTATS (Pd40)	COMPLETED	0	2025-08-31 07:26:53.933	872ms	0ms	68.5%	5.3 MB	12 MB	880.9 KB	42.2 KB
2323	93/c9c73b	4154013	NFCORE_RNASEQ:RNASEQ:BAM_MARKDUPLICATES_PICARD:BAM_STATS_SAMTOOLS:SAMTOOLS_FLAGSTAT (Pd2)	COMPLETED	0	2025-08-31 07:26:54.811	35s	34s	145.4%	5.9 MB	220.9 MB	2.9 GB	5.4 KB
2220	7d/34d269	4156598	NFCORE_RNASEQ:RNASEQ:BAM_MARKDUPLICATES_PICARD:BAM_STATS_SAMTOOLS:SAMTOOLS_IDXSTATS (Pd37)	COMPLETED	0	2025-08-31 07:27:29.819	1s	0ms	27.4%	5.3 MB	11.9 MB	880.8 KB	42 KB
2263	9a/5e635d	4156917	NFCORE_RNASEQ:RNASEQ:BAM_MARKDUPLICATES_PICARD:BAM_STATS_SAMTOOLS:SAMTOOLS_IDXSTATS (Pd49)	COMPLETED	0	2025-08-31 07:27:30.864	853ms	0ms	68.3%	5.6 MB	12 MB	819.6 KB	42.2 KB
1741	63/59cb72	4135382	NFCORE_RNASEQ:RNASEQ:BAM_RSEQC:RSEQC_READDUPLICATION (Pd106)	COMPLETED	0	2025-08-31 07:22:44.546	4m 59s	4m 58s	104.2%	8.1 GB	13.3 GB	3.5 GB	687.7 KB
2234	d3/f26d46	4153457	NFCORE_RNASEQ:RNASEQ:BAM_MARKDUPLICATES_PICARD:BAM_STATS_SAMTOOLS:SAMTOOLS_STATS (Pd17)	COMPLETED	0	2025-08-31 07:26:52.300	2m 1s	2m	135.8%	6.6 MB	222.4 MB	3.4 GB	264.7 KB
2248	da/a312db	4162371	NFCORE_RNASEQ:RNASEQ:BAM_MARKDUPLICATES_PICARD:BAM_STATS_SAMTOOLS:SAMTOOLS_IDXSTATS (Pd43)	COMPLETED	0	2025-08-31 07:28:53.095	782ms	0ms	76.8%	2.8 MB	5.4 MB	877.3 KB	42.2 KB
1977	2a/084149	4146287	NFCORE_RNASEQ:RNASEQ:BAM_RSEQC:RSEQC_READDISTRIBUTION (Pd115)	COMPLETED	0	2025-08-31 07:25:13.987	4m 7s	4m 6s	103.5%	214.2 MB	5.4 GB	3.6 GB	1.7 KB
2353	46/4c7c3a	4162684	NFCORE_RNASEQ:RNASEQ:BAM_MARKDUPLICATES_PICARD:BAM_STATS_SAMTOOLS:SAMTOOLS_FLAGSTAT (Pd77)	COMPLETED	0	2025-08-31 07:28:53.882	56.9s	56s	104.1%	6.2 MB	220.9 MB	3.2 GB	5.4 KB
2237	6c/73511b	4157198	NFCORE_RNASEQ:RNASEQ:BAM_MARKDUPLICATES_PICARD:BAM_STATS_SAMTOOLS:SAMTOOLS_STATS (Pd8)	COMPLETED	0	2025-08-31 07:27:31.724	2m 22s	2m 21s	127.5%	6.9 MB	222.2 MB	3.5 GB	263.9 KB
2257	e1/621de2	4167371	NFCORE_RNASEQ:RNASEQ:BAM_MARKDUPLICATES_PICARD:BAM_STATS_SAMTOOLS:SAMTOOLS_IDXSTATS (Pd52)	COMPLETED	0	2025-08-31 07:29:54.000	829ms	0ms	81.3%	2.5 MB	5.4 MB	840 KB	42 KB
2255	3a/74a960	4167659	NFCORE_RNASEQ:RNASEQ:BAM_MARKDUPLICATES_PICARD:BAM_STATS_SAMTOOLS:SAMTOOLS_IDXSTATS (Pd26)	COMPLETED	0	2025-08-31 07:29:54.836	790ms	0ms	91.1%	2.8 MB	5.4 MB	867.2 KB	42.2 KB
2374	8b/7fe743	4167905	NFCORE_RNASEQ:RNASEQ:BAM_MARKDUPLICATES_PICARD:BAM_STATS_SAMTOOLS:SAMTOOLS_IDXSTATS (Pd84)	COMPLETED	0	2025-08-31 07:29:55.634	873ms	0ms	58.7%	6.2 MB	13 MB	698.2 KB	41.7 KB
2223	82/41c26d	4168164	NFCORE_RNASEQ:RNASEQ:BAM_MARKDUPLICATES_PICARD:BAM_STATS_SAMTOOLS:SAMTOOLS_IDXSTATS (Pd3)	COMPLETED	0	2025-08-31 07:29:56.514	841ms	0ms	72.1%	6.6 MB	13.4 MB	842 KB	42 KB
2258	64/2887d9	4168441	NFCORE_RNASEQ:RNASEQ:BAM_MARKDUPLICATES_PICARD:BAM_STATS_SAMTOOLS:SAMTOOLS_FLAGSTAT (Pd5)	COMPLETED	0	2025-08-31 07:29:57.359	30.9s	31s	182.8%	5.9 MB	220.9 MB	3.5 GB	5.4 KB
2246	24/3edfea	4170645	NFCORE_RNASEQ:RNASEQ:BAM_MARKDUPLICATES_PICARD:BAM_STATS_SAMTOOLS:SAMTOOLS_IDXSTATS (Pd25)	COMPLETED	0	2025-08-31 07:30:28.306	800ms	0ms	82.0%	7.5 MB	13.6 MB	897.9 KB	42 KB
1974	a8/a707f5	4158447	NFCORE_RNASEQ:RNASEQ:BAM_RSEQC:RSEQC_BAMSTAT (Pd115)	COMPLETED	0	2025-08-31 07:27:43.851	3m 7s	3m 6s	104.5%	45.8 MB	5.3 GB	3.5 GB	1.3 KB
2261	f1/7bdd14	4171063	NFCORE_RNASEQ:RNASEQ:BAM_MARKDUPLICATES_PICARD:BAM_STATS_SAMTOOLS:SAMTOOLS_FLAGSTAT (Pd36)	COMPLETED	0	2025-08-31 07:30:29.113	33.4s	33s	173.2%	5.9 MB	220.9 MB	3.6 GB	5.4 KB
2259	7c/2378e6	4166838	NFCORE_RNASEQ:RNASEQ:BAM_MARKDUPLICATES_PICARD:BAM_STATS_SAMTOOLS:SAMTOOLS_STATS (Pd5)	COMPLETED	0	2025-08-31 07:29:50.754	1m 41s	1m 40s	166.3%	6.9 MB	222.2 MB	3.5 GB	266.4 KB
2245	c6/4221fc	4175988	NFCORE_RNASEQ:RNASEQ:BAM_MARKDUPLICATES_PICARD:BAM_STATS_SAMTOOLS:SAMTOOLS_IDXSTATS (Pd13)	COMPLETED	0	2025-08-31 07:31:31.840	845ms	0ms	71.3%	6.2 MB	12.7 MB	902.8 KB	42.1 KB
2266	c4/44b7df	4173959	NFCORE_RNASEQ:RNASEQ:BAM_MARKDUPLICATES_PICARD:BAM_STATS_SAMTOOLS:SAMTOOLS_FLAGSTAT (Pd58)	COMPLETED	0	2025-08-31 07:31:02.526	30.3s	30s	177.3%	5.9 MB	220.9 MB	3.4 GB	5.4 KB
2377	5b/97117a	4176369	NFCORE_RNASEQ:RNASEQ:BAM_MARKDUPLICATES_PICARD:BAM_STATS_SAMTOOLS:SAMTOOLS_IDXSTATS (Pd86)	COMPLETED	0	2025-08-31 07:31:32.692	827ms	0ms	81.4%	2.8 MB	5.4 MB	878.8 KB	42.1 KB
2250	82/af3860	4176437	NFCORE_RNASEQ:RNASEQ:BAM_MARKDUPLICATES_PICARD:BAM_STATS_SAMTOOLS:SAMTOOLS_IDXSTATS (Pd11)	COMPLETED	0	2025-08-31 07:31:32.815	815ms	0ms	88.7%	2.5 MB	5.4 MB	860.5 KB	42.1 KB
2238	5f/7f69a4	4176853	NFCORE_RNASEQ:RNASEQ:BAM_MARKDUPLICATES_PICARD:BAM_STATS_SAMTOOLS:SAMTOOLS_IDXSTATS (Pd30)	COMPLETED	0	2025-08-31 07:31:33.526	949ms	0ms	53.0%	5.3 MB	11.9 MB	645.4 KB	41.9 KB
2249	34/418dcf	4176899	NFCORE_RNASEQ:RNASEQ:BAM_MARKDUPLICATES_PICARD:BAM_STATS_SAMTOOLS:SAMTOOLS_IDXSTATS (Pd34)	COMPLETED	0	2025-08-31 07:31:33.637	889ms	0ms	73.6%	6.9 MB	13.5 MB	779.2 KB	41.9 KB
1978	19/9e0f80	4164735	NFCORE_RNASEQ:RNASEQ:BAM_RSEQC:RSEQC_JUNCTIONSATURATION (Pd115)	COMPLETED	0	2025-08-31 07:29:20.890	2m 54s	2m 53s	107.3%	1.1 GB	6.4 GB	3.5 GB	28.2 KB
1980	69/3dbada	4180376	NFCORE_RNASEQ:RNASEQ:BAM_RSEQC:RSEQC_INNERDISTANCE (Pd115)	COMPLETED	0	2025-08-31 07:32:14.932	44.7s	44s	126.9%	312.6 MB	5.5 GB	241.1 MB	61 MB
2449	f3/b69334	4177338	NFCORE_RNASEQ:RNASEQ:BAM_MARKDUPLICATES_PICARD:BAM_STATS_SAMTOOLS:SAMTOOLS_STATS (Pd152)	COMPLETED	0	2025-08-31 07:31:34.531	2m 1s	2m	140.5%	6.9 MB	222.2 MB	3.1 GB	228 KB
2256	d0/341ba1	4177298	NFCORE_RNASEQ:RNASEQ:BAM_MARKDUPLICATES_PICARD:BAM_STATS_SAMTOOLS:SAMTOOLS_STATS (Pd24)	COMPLETED	0	2025-08-31 07:31:34.483	2m 10s	2m 10s	141.0%	6.6 MB	222.2 MB	3.6 GB	265 KB
2270	d4/6f9aa1	4185722	NFCORE_RNASEQ:RNASEQ:BAM_MARKDUPLICATES_PICARD:BAM_STATS_SAMTOOLS:SAMTOOLS_FLAGSTAT (Pd43)	COMPLETED	0	2025-08-31 07:33:35.924	57.9s	57s	109.0%	5.9 MB	220.9 MB	3.7 GB	5.4 KB
2244	68/80ff1a	4189822	NFCORE_RNASEQ:RNASEQ:BAM_MARKDUPLICATES_PICARD:BAM_STATS_SAMTOOLS:SAMTOOLS_IDXSTATS (Pd58)	COMPLETED	0	2025-08-31 07:34:33.856	797ms	0ms	86.3%	2.8 MB	5.4 MB	755.7 KB	42.1 KB
2229	f6/0d48fc	4190134	NFCORE_RNASEQ:RNASEQ:BAM_MARKDUPLICATES_PICARD:BAM_STATS_SAMTOOLS:SAMTOOLS_IDXSTATS (Pd19)	COMPLETED	0	2025-08-31 07:34:34.660	806ms	0ms	87.3%	2.5 MB	5.4 MB	843.8 KB	42.1 KB
2267	ea/9ca498	4190362	NFCORE_RNASEQ:RNASEQ:BAM_MARKDUPLICATES_PICARD:BAM_STATS_SAMTOOLS:SAMTOOLS_IDXSTATS (Pd35)	COMPLETED	0	2025-08-31 07:34:35.473	826ms	1s	87.3%	2.5 MB	5.4 MB	814.3 KB	42.1 KB
2269	0c/7fb9d2	4186693	NFCORE_RNASEQ:RNASEQ:BAM_MARKDUPLICATES_PICARD:BAM_STATS_SAMTOOLS:SAMTOOLS_FLAGSTAT (Pd25)	COMPLETED	0	2025-08-31 07:33:44.342	1m 1s	1m 1s	109.7%	5.9 MB	220.9 MB	3.8 GB	5.4 KB
2271	37/f8a6d8	4191523	NFCORE_RNASEQ:RNASEQ:BAM_MARKDUPLICATES_PICARD:BAM_STATS_SAMTOOLS:SAMTOOLS_IDXSTATS (Pd16)	COMPLETED	0	2025-08-31 07:34:45.427	820ms	1s	68.3%	5.6 MB	12 MB	910.5 KB	42.2 KB
1979	7e/cc987f	4183339	NFCORE_RNASEQ:RNASEQ:BAM_RSEQC:RSEQC_JUNCTIONANNOTATION (Pd115)	COMPLETED	0	2025-08-31 07:32:59.683	2m 26s	2m 25s	108.6%	68.9 MB	5.3 GB	3.6 GB	40.4 MB
1976	62/b4aa98	615	NFCORE_RNASEQ:RNASEQ:BAM_RSEQC:RSEQC_INFEREXPERIMENT (Pd115)	COMPLETED	0	2025-08-31 07:35:25.298	3s	3s	462.2%	50.3 MB	5.3 GB	35.9 MB	806 B
1731	51/004489	4071780	NFCORE_RNASEQ:RNASEQ:QUALIMAP_RNASEQ (Pd103)	COMPLETED	0	2025-08-31 07:03:02.539	32m 47s	32m 45s	89.0%	3.1 GB	34.7 GB	29.3 GB	25.4 GB
1975	0d/d58587	4172662	NFCORE_RNASEQ:RNASEQ:BAM_RSEQC:RSEQC_READDUPLICATION (Pd115)	COMPLETED	0	2025-08-31 07:30:50.444	5m 1s	4m 59s	104.2%	7.8 GB	13 GB	3.5 GB	714.1 KB
2274	ae/b8b5fe	4190616	NFCORE_RNASEQ:RNASEQ:BAM_MARKDUPLICATES_PICARD:BAM_STATS_SAMTOOLS:SAMTOOLS_STATS (Pd58)	COMPLETED	0	2025-08-31 07:34:36.306	1m 36s	1m 35s	164.8%	6.9 MB	222.2 MB	3.4 GB	262.7 KB
2392	27/e8ce4d	6347	NFCORE_RNASEQ:RNASEQ:BAM_MARKDUPLICATES_PICARD:BAM_STATS_SAMTOOLS:SAMTOOLS_IDXSTATS (Pd120)	COMPLETED	0	2025-08-31 07:36:11.895	1.3s	0ms	17.4%	5.6 MB	12 MB	842.6 KB	42.1 KB
2260	a1/10abd0	4191895	NFCORE_RNASEQ:RNASEQ:BAM_MARKDUPLICATES_PICARD:BAM_STATS_SAMTOOLS:SAMTOOLS_STATS (Pd36)	COMPLETED	0	2025-08-31 07:34:46.254	1m 41s	1m 41s	168.0%	6.6 MB	222.2 MB	3.6 GB	253.1 KB
2264	d7/89efee	8200	NFCORE_RNASEQ:RNASEQ:BAM_MARKDUPLICATES_PICARD:BAM_STATS_SAMTOOLS:SAMTOOLS_IDXSTATS (Pd6)	COMPLETED	0	2025-08-31 07:36:27.667	787ms	0ms	77.4%	2.5 MB	5.4 MB	829.7 KB	42.1 KB
1986	77/079e06	1149	NFCORE_RNASEQ:RNASEQ:SUBREAD_FEATURECOUNTS (Pd120)	COMPLETED	0	2025-08-31 07:35:28.293	1m 24s	1m 22s	206.0%	896 MB	1.4 GB	8 GB	3.3 GB
2276	29/da4246	8609	NFCORE_RNASEQ:RNASEQ:BAM_MARKDUPLICATES_PICARD:BAM_STATS_SAMTOOLS:SAMTOOLS_FLAGSTAT (Pd11)	COMPLETED	0	2025-08-31 07:36:28.461	30s	30s	176.5%	5.9 MB	220.9 MB	3.5 GB	5.4 KB
2268	8a/91cd2e	6746	NFCORE_RNASEQ:RNASEQ:BAM_MARKDUPLICATES_PICARD:BAM_STATS_SAMTOOLS:SAMTOOLS_FLAGSTAT (Pd13)	COMPLETED	0	2025-08-31 07:36:13.166	1m 38s	1m 37s	66.0%	5.6 MB	220.9 MB	3.5 GB	5.4 KB
2273	44/c2f479	16216	NFCORE_RNASEQ:RNASEQ:BAM_MARKDUPLICATES_PICARD:BAM_STATS_SAMTOOLS:SAMTOOLS_IDXSTATS (Pd66)	COMPLETED	0	2025-08-31 07:37:51.245	1.1s	1s	19.4%	5.3 MB	12 MB	734.2 KB	42.1 KB
1981	d1/a8de8a	3305	NFCORE_RNASEQ:RNASEQ:STRINGTIE_STRINGTIE (Pd120)	COMPLETED	0	2025-08-31 07:35:49.679	2m 34s	2m 33s	125.6%	867 MB	1 GB	3.7 GB	107.1 MB
1993	3a/27c856	19228	NFCORE_RNASEQ:RNASEQ:BAM_RSEQC:RSEQC_INFEREXPERIMENT (Pd103)	COMPLETED	0	2025-08-31 07:38:24.183	2.9s	2s	472.7%	49.4 MB	5.3 GB	34 MB	806 B
2272	51/b2414d	16613	NFCORE_RNASEQ:RNASEQ:BAM_MARKDUPLICATES_PICARD:BAM_STATS_SAMTOOLS:SAMTOOLS_FLAGSTAT (Pd34)	COMPLETED	0	2025-08-31 07:37:52.397	1m 1s	1m 1s	101.4%	5.9 MB	220.9 MB	3.6 GB	5.4 KB
2281	ef/3fa8fb	11781	NFCORE_RNASEQ:RNASEQ:BAM_MARKDUPLICATES_PICARD:BAM_STATS_SAMTOOLS:SAMTOOLS_STATS (Pd43)	COMPLETED	0	2025-08-31 07:36:58.428	2m 7s	2m 7s	134.8%	6.9 MB	222.2 MB	3.7 GB	267.2 KB
2284	c8/d210d0	22242	NFCORE_RNASEQ:RNASEQ:BAM_MARKDUPLICATES_PICARD:BAM_STATS_SAMTOOLS:SAMTOOLS_FLAGSTAT (Pd29)	COMPLETED	0	2025-08-31 07:38:53.564	2m 31s	2m 30s	48.9%	6.2 MB	220.9 MB	3.4 GB	5.4 KB
2280	01/c7eb79	23676	NFCORE_RNASEQ:RNASEQ:BAM_MARKDUPLICATES_PICARD:BAM_STATS_SAMTOOLS:SAMTOOLS_FLAGSTAT (Pd26)	COMPLETED	0	2025-08-31 07:39:05.485	3m 1s	3m 1s	43.9%	5.9 MB	220.9 MB	3.7 GB	5.4 KB
1982	e4/7774b2	3765	NFCORE_RNASEQ:RNASEQ:BEDTOOLS_GENOMECOV (Pd120)	COMPLETED	0	2025-08-31 07:35:51.029	6m 22s	6m 20s	112.1%	3.8 GB	4.9 GB	7.8 GB	1.4 GB
2287	77/e470b6	36382	NFCORE_RNASEQ:RNASEQ:BAM_MARKDUPLICATES_PICARD:BAM_STATS_SAMTOOLS:SAMTOOLS_FLAGSTAT (Pd6)	COMPLETED	0	2025-08-31 07:42:06.795	2m 3s	2m 2s	56.9%	5.9 MB	220.9 MB	3.4 GB	5.4 KB
2279	e2/3b3a03	33134	NFCORE_RNASEQ:RNASEQ:BAM_MARKDUPLICATES_PICARD:BAM_STATS_SAMTOOLS:SAMTOOLS_STATS (Pd25)	COMPLETED	0	2025-08-31 07:41:24.915	4m 17s	4m 16s	79.2%	6.9 MB	222.4 MB	3.8 GB	267.3 KB
1991	c4/87d87d	19895	NFCORE_RNASEQ:RNASEQ:BAM_RSEQC:RSEQC_BAMSTAT (Pd103)	COMPLETED	0	2025-08-31 07:38:27.093	7m 32s	7m 32s	48.8%	45.2 MB	5.3 GB	3.8 GB	1.3 KB
2277	c8/55e2e6	44938	NFCORE_RNASEQ:RNASEQ:BAM_MARKDUPLICATES_PICARD:BAM_STATS_SAMTOOLS:SAMTOOLS_FLAGSTAT (Pd40)	COMPLETED	0	2025-08-31 07:44:10.196	1m 55s	1m 54s	62.8%	5.9 MB	156.9 MB	3.5 GB	5.4 KB
2288	78/72813b	53605	NFCORE_RNASEQ:RNASEQ:BAM_MARKDUPLICATES_PICARD:BAM_STATS_SAMTOOLS:SAMTOOLS_IDXSTATS (Pd32)	COMPLETED	0	2025-08-31 07:46:04.746	886ms	0ms	49.4%	5.6 MB	12 MB	815 KB	42.1 KB
2290	e0/7d67db	54051	NFCORE_RNASEQ:RNASEQ:BAM_MARKDUPLICATES_PICARD:BAM_STATS_SAMTOOLS:SAMTOOLS_IDXSTATS (Pd55)	COMPLETED	0	2025-08-31 07:46:05.639	851ms	0ms	78.3%	6.2 MB	12.6 MB	806.8 KB	42.1 KB
2282	c9/6fedd5	50927	NFCORE_RNASEQ:RNASEQ:BAM_MARKDUPLICATES_PICARD:BAM_STATS_SAMTOOLS:SAMTOOLS_FLAGSTAT (Pd52)	COMPLETED	0	2025-08-31 07:45:42.058	1m 55s	1m 54s	68.4%	5.9 MB	220.9 MB	3.5 GB	5.4 KB
2292	71/ad6e70	59486	NFCORE_RNASEQ:RNASEQ:BAM_MARKDUPLICATES_PICARD:BAM_STATS_SAMTOOLS:SAMTOOLS_IDXSTATS (Pd22)	COMPLETED	0	2025-08-31 07:47:36.825	945ms	0ms	37.3%	5 MB	12 MB	869.9 KB	42.1 KB
2296	db/7b8aa6	54282	NFCORE_RNASEQ:RNASEQ:BAM_MARKDUPLICATES_PICARD:BAM_STATS_SAMTOOLS:SAMTOOLS_FLAGSTAT (Pd45)	COMPLETED	0	2025-08-31 07:46:06.497	1m 56s	1m 55s	66.9%	5.9 MB	220.9 MB	3.6 GB	5.4 KB
2412	3b/22a0c9	59857	NFCORE_RNASEQ:RNASEQ:BAM_MARKDUPLICATES_PICARD:BAM_STATS_SAMTOOLS:SAMTOOLS_FLAGSTAT (Pd103)	COMPLETED	0	2025-08-31 07:47:37.774	51.4s	50s	118.7%	5.9 MB	220.9 MB	3.8 GB	5.4 KB
1992	d6/ac1d32	37318	NFCORE_RNASEQ:RNASEQ:BAM_RSEQC:RSEQC_READDUPLICATION (Pd103)	COMPLETED	0	2025-08-31 07:42:12.959	7m 56s	7m 56s	70.5%	7.5 GB	12.7 GB	3.8 GB	981.1 KB
1987	02/00ecc3	52757	NFCORE_RNASEQ:RNASEQ:BAM_RSEQC:RSEQC_READDISTRIBUTION (Pd103)	COMPLETED	0	2025-08-31 07:45:59.320	4m 32s	4m 32s	87.5%	214.5 MB	5.4 GB	3.8 GB	1.7 KB
1989	a1/14a3b0	68893	NFCORE_RNASEQ:RNASEQ:BAM_RSEQC:RSEQC_INNERDISTANCE (Pd103)	COMPLETED	0	2025-08-31 07:50:09.418	42.8s	41s	127.7%	341.4 MB	10.8 GB	164.2 MB	60.4 MB
2283	58/0463b8	61583	NFCORE_RNASEQ:RNASEQ:BAM_MARKDUPLICATES_PICARD:BAM_STATS_SAMTOOLS:SAMTOOLS_STATS (Pd34)	COMPLETED	0	2025-08-31 07:48:02.030	3m 1s	3m	111.4%	6.9 MB	222.2 MB	3.6 GB	236.8 KB
2298	3c/179f71	73984	NFCORE_RNASEQ:RNASEQ:BAM_MARKDUPLICATES_PICARD:BAM_STATS_SAMTOOLS:SAMTOOLS_IDXSTATS (Pd9)	COMPLETED	0	2025-08-31 07:51:03.002	849ms	0ms	64.4%	5 MB	11.9 MB	809.9 KB	42.1 KB
2289	67/e78dc4	63487	NFCORE_RNASEQ:RNASEQ:BAM_MARKDUPLICATES_PICARD:BAM_STATS_SAMTOOLS:SAMTOOLS_STATS (Pd40)	COMPLETED	0	2025-08-31 07:48:29.142	2m 52s	2m 52s	114.1%	6.6 MB	222.2 MB	3.5 GB	266.2 KB
1988	10/c599d4	72706	NFCORE_RNASEQ:RNASEQ:BAM_RSEQC:RSEQC_JUNCTIONANNOTATION (Pd103)	COMPLETED	0	2025-08-31 07:50:52.226	2m 52s	2m 51s	92.1%	67.8 MB	5.3 GB	3.8 GB	37.9 MB
2295	36/0e3498	74417	NFCORE_RNASEQ:RNASEQ:BAM_MARKDUPLICATES_PICARD:BAM_STATS_SAMTOOLS:SAMTOOLS_STATS (Pd29)	COMPLETED	0	2025-08-31 07:51:03.858	2m 45s	2m 44s	115.1%	7.2 MB	222.2 MB	3.4 GB	227.3 KB
1990	29/954d4d	70827	NFCORE_RNASEQ:RNASEQ:BAM_RSEQC:RSEQC_JUNCTIONSATURATION (Pd103)	COMPLETED	0	2025-08-31 07:50:31.743	3m 24s	3m 23s	91.7%	952.2 MB	6.2 GB	3.8 GB	28 KB
2291	3b/a176bd	75779	NFCORE_RNASEQ:RNASEQ:BAM_MARKDUPLICATES_PICARD:BAM_STATS_SAMTOOLS:SAMTOOLS_STATS (Pd31)	COMPLETED	0	2025-08-31 07:51:21.639	3m 6s	3m 5s	112.6%	6.9 MB	222.2 MB	3.8 GB	265.9 KB
2416	7b/c0e34c	88176	NFCORE_RNASEQ:RNASEQ:BAM_MARKDUPLICATES_PICARD:BAM_STATS_SAMTOOLS:SAMTOOLS_IDXSTATS (Pd143)	COMPLETED	0	2025-08-31 07:54:28.055	857ms	0ms	57.1%	5 MB	12 MB	881.3 KB	42.1 KB
1994	b9/03e7f2	83019	NFCORE_RNASEQ:RNASEQ:QUANTIFY_STAR_SALMON:TXIMPORT	COMPLETED	0	2025-08-31 07:53:43.810	47.6s	45s	96.3%	759.8 MB	5.8 GB	145.6 MB	101.8 MB
2294	32/507511	84402	NFCORE_RNASEQ:RNASEQ:BAM_MARKDUPLICATES_PICARD:BAM_STATS_SAMTOOLS:SAMTOOLS_STATS (Pd52)	COMPLETED	0	2025-08-31 07:53:48.641	2m 33s	2m 32s	124.7%	6.9 MB	222.2 MB	3.5 GB	266 KB
2293	39/c58fc3	88491	NFCORE_RNASEQ:RNASEQ:BAM_MARKDUPLICATES_PICARD:BAM_STATS_SAMTOOLS:SAMTOOLS_STATS (Pd26)	COMPLETED	0	2025-08-31 07:54:28.918	3m 24s	3m 23s	103.9%	6.9 MB	222.2 MB	3.7 GB	266.9 KB
2305	38/d58741	100870	NFCORE_RNASEQ:RNASEQ:BAM_MARKDUPLICATES_PICARD:BAM_STATS_SAMTOOLS:SAMTOOLS_IDXSTATS (Pd2)	COMPLETED	0	2025-08-31 07:57:53.028	811ms	0ms	89.5%	2.8 MB	5.4 MB	691.5 KB	41.8 KB
1997	18/7ebc09	85630	NFCORE_RNASEQ:RNASEQ:STRINGTIE_STRINGTIE (Pd105)	COMPLETED	0	2025-08-31 07:53:56.089	5m 6s	5m 6s	70.8%	870.1 MB	1.1 GB	4 GB	108.3 MB
2302	48/199e07	101187	NFCORE_RNASEQ:RNASEQ:BAM_MARKDUPLICATES_PICARD:BAM_STATS_SAMTOOLS:SAMTOOLS_FLAGSTAT (Pd16)	COMPLETED	0	2025-08-31 07:57:53.846	1m 39s	1m 38s	72.0%	6.2 MB	220.9 MB	3.3 GB	5.4 KB
2285	98/c83fd4	108116	NFCORE_RNASEQ:RNASEQ:BAM_MARKDUPLICATES_PICARD:BAM_STATS_SAMTOOLS:SAMTOOLS_FLAGSTAT (Pd49)	COMPLETED	0	2025-08-31 07:59:32.638	33.4s	32s	164.6%	5.9 MB	220.9 MB	3.6 GB	5.4 KB
2311	8b/02c31f	110689	NFCORE_RNASEQ:RNASEQ:BAM_MARKDUPLICATES_PICARD:BAM_STATS_SAMTOOLS:SAMTOOLS_IDXSTATS (Pd21)	COMPLETED	0	2025-08-31 08:00:06.089	803ms	0ms	75.0%	2.8 MB	5.4 MB	823.8 KB	41.9 KB
2297	6e/d468fa	95561	NFCORE_RNASEQ:RNASEQ:BAM_MARKDUPLICATES_PICARD:BAM_STATS_SAMTOOLS:SAMTOOLS_STATS (Pd49)	COMPLETED	0	2025-08-31 07:56:21.645	3m 48s	3m 47s	92.8%	6.9 MB	222.2 MB	3.6 GB	265.1 KB
2307	3b/7b68b1	111003	NFCORE_RNASEQ:RNASEQ:BAM_MARKDUPLICATES_PICARD:BAM_STATS_SAMTOOLS:SAMTOOLS_FLAGSTAT (Pd66)	COMPLETED	0	2025-08-31 08:00:06.898	1m 15s	1m 14s	81.7%	6.2 MB	220.9 MB	3.5 GB	5.4 KB
2321	39/16f335	116281	NFCORE_RNASEQ:RNASEQ:BAM_MARKDUPLICATES_PICARD:BAM_STATS_SAMTOOLS:SAMTOOLS_IDXSTATS (Pd56)	COMPLETED	0	2025-08-31 08:01:21.598	1.4s	0ms	16.2%	5 MB	11.9 MB	708.8 KB	41.9 KB
1995	c3/ccd002	88833	NFCORE_RNASEQ:RNASEQ:BEDTOOLS_GENOMECOV (Pd105)	COMPLETED	0	2025-08-31 07:54:31.443	7m 53s	7m 52s	97.3%	4.5 GB	5.5 GB	8.5 GB	1.7 GB
2000	58/e449fc	120622	NFCORE_RNASEQ:RNASEQ:SUBREAD_FEATURECOUNTS (Pd105)	COMPLETED	0	2025-08-31 08:02:24.934	39.9s	38s	374.7%	826.1 MB	1.3 GB	6.7 GB	2.1 GB
2002	51/d291b2	123328	NFCORE_RNASEQ:RNASEQ:BEDGRAPH_BEDCLIP_BEDGRAPHTOBIGWIG_FORWARD:UCSC_BEDCLIP (Pd14)	COMPLETED	0	2025-08-31 08:03:04.878	25.5s	25s	31.1%	7.2 MB	18.7 MB	395.4 MB	395.3 MB
2003	88/b3e5e8	125289	NFCORE_RNASEQ:RNASEQ:BEDGRAPH_BEDCLIP_BEDGRAPHTOBIGWIG_REVERSE:UCSC_BEDCLIP (Pd14)	COMPLETED	0	2025-08-31 08:03:30.428	37.5s	37s	24.5%	6.9 MB	18.7 MB	395.7 MB	395.7 MB
2010	92/46846c	127911	NFCORE_RNASEQ:RNASEQ:BEDGRAPH_BEDCLIP_BEDGRAPHTOBIGWIG_REVERSE:UCSC_BEDCLIP (Pd33)	COMPLETED	0	2025-08-31 08:04:07.886	22.4s	22s	30.8%	7.2 MB	18.7 MB	337.3 MB	337.2 MB
2009	b1/3dd90b	129690	NFCORE_RNASEQ:RNASEQ:BEDGRAPH_BEDCLIP_BEDGRAPHTOBIGWIG_FORWARD:UCSC_BEDCLIP (Pd33)	COMPLETED	0	2025-08-31 08:04:30.280	29.9s	29s	28.2%	7.2 MB	18.7 MB	337.2 MB	337.1 MB
2303	4d/878c93	111480	NFCORE_RNASEQ:RNASEQ:BAM_MARKDUPLICATES_PICARD:BAM_STATS_SAMTOOLS:SAMTOOLS_STATS (Pd6)	COMPLETED	0	2025-08-31 08:00:09.859	4m 54s	4m 53s	72.6%	6.9 MB	222.2 MB	3.4 GB	264.6 KB
2322	f8/3c835d	132444	NFCORE_RNASEQ:RNASEQ:BAM_MARKDUPLICATES_PICARD:BAM_STATS_SAMTOOLS:SAMTOOLS_IDXSTATS (Pd46)	COMPLETED	0	2025-08-31 08:05:03.402	874ms	1s	57.4%	5.6 MB	12 MB	813.8 KB	42.2 KB
1985	c4/adb58a	10599	NFCORE_RNASEQ:RNASEQ:QUALIMAP_RNASEQ (Pd120)	COMPLETED	0	2025-08-31 07:36:52.105	28m 16s	28m 13s	101.8%	2.6 GB	34.6 GB	28.4 GB	24.7 GB
2324	9b/f28fca	132817	NFCORE_RNASEQ:RNASEQ:BAM_MARKDUPLICATES_PICARD:BAM_STATS_SAMTOOLS:SAMTOOLS_FLAGSTAT (Pd28)	COMPLETED	0	2025-08-31 08:05:04.279	1m 10s	1m 10s	75.0%	5.9 MB	220.9 MB	2.9 GB	5.4 KB
2325	d0/1bab6a	116730	NFCORE_RNASEQ:RNASEQ:BAM_MARKDUPLICATES_PICARD:BAM_STATS_SAMTOOLS:SAMTOOLS_STATS (Pd55)	COMPLETED	0	2025-08-31 08:01:22.957	5m 37s	5m 36s	65.2%	6.6 MB	222.2 MB	3.5 GB	265.4 KB
2330	f7/1f8f30	138912	NFCORE_RNASEQ:RNASEQ:BAM_MARKDUPLICATES_PICARD:BAM_STATS_SAMTOOLS:SAMTOOLS_FLAGSTAT (Pd57)	COMPLETED	0	2025-08-31 08:06:14.478	2m 7s	2m 6s	55.2%	6.2 MB	220.9 MB	3.4 GB	5.4 KB
2329	8e/50e0b2	142488	NFCORE_RNASEQ:RNASEQ:BAM_MARKDUPLICATES_PICARD:BAM_STATS_SAMTOOLS:SAMTOOLS_FLAGSTAT (Pd69)	COMPLETED	0	2025-08-31 08:07:00.183	2m 10s	2m 10s	58.4%	6.2 MB	220.9 MB	3.7 GB	5.4 KB
2327	72/796ab6	148304	NFCORE_RNASEQ:RNASEQ:BAM_MARKDUPLICATES_PICARD:BAM_STATS_SAMTOOLS:SAMTOOLS_FLAGSTAT (Pd21)	COMPLETED	0	2025-08-31 08:08:21.163	1m 32s	1m 31s	76.9%	5.9 MB	220.9 MB	3.4 GB	5.4 KB
2333	4e/812a9f	151659	NFCORE_RNASEQ:RNASEQ:BAM_MARKDUPLICATES_PICARD:BAM_STATS_SAMTOOLS:SAMTOOLS_FLAGSTAT (Pd56)	COMPLETED	0	2025-08-31 08:09:10.589	1m 9s	1m 8s	85.9%	6.2 MB	220.9 MB	3.1 GB	5.4 KB
2016	0f/3f5f78	133589	NFCORE_RNASEQ:RNASEQ:STRINGTIE_STRINGTIE (Pd123)	COMPLETED	0	2025-08-31 08:05:07.956	6m 4s	6m 4s	54.1%	670 MB	918.7 MB	3.5 GB	107 MB
2326	de/5d16ab	154570	NFCORE_RNASEQ:RNASEQ:BAM_MARKDUPLICATES_PICARD:BAM_STATS_SAMTOOLS:SAMTOOLS_STATS (Pd22)	COMPLETED	0	2025-08-31 08:09:52.831	3m 46s	3m 45s	89.3%	6.6 MB	222.2 MB	3.5 GB	265.6 KB
2332	7c/173f31	156653	NFCORE_RNASEQ:RNASEQ:BAM_MARKDUPLICATES_PICARD:BAM_STATS_SAMTOOLS:SAMTOOLS_STATS (Pd38)	COMPLETED	0	2025-08-31 08:10:19.760	3m 34s	3m 33s	95.4%	6.9 MB	222.2 MB	3.7 GB	266.3 KB
2344	a3/7ece8c	170647	NFCORE_RNASEQ:RNASEQ:BAM_MARKDUPLICATES_PICARD:BAM_STATS_SAMTOOLS:SAMTOOLS_FLAGSTAT (Pd27)	COMPLETED	0	2025-08-31 08:13:53.822	1m 33s	1m 32s	66.9%	5.9 MB	220.9 MB	3.2 GB	5.4 KB
2337	09/31da31	169073	NFCORE_RNASEQ:RNASEQ:BAM_MARKDUPLICATES_PICARD:BAM_STATS_SAMTOOLS:SAMTOOLS_FLAGSTAT (Pd15)	COMPLETED	0	2025-08-31 08:13:38.474	1m 57s	1m 57s	52.2%	5.9 MB	220.9 MB	3.5 GB	5.4 KB
2017	04/93a380	131815	NFCORE_RNASEQ:RNASEQ:BEDTOOLS_GENOMECOV (Pd123)	COMPLETED	0	2025-08-31 08:05:00.139	11m 16s	11m 15s	65.9%	3.8 GB	4.8 GB	7.2 GB	1.4 GB
2018	99/bee598	179256	NFCORE_RNASEQ:RNASEQ:SUBREAD_FEATURECOUNTS (Pd123)	COMPLETED	0	2025-08-31 08:16:16.299	47.1s	46s	326.4%	727.1 MB	1.1 GB	7.4 GB	3 GB
2336	64/809d08	176725	NFCORE_RNASEQ:RNASEQ:BAM_MARKDUPLICATES_PICARD:BAM_STATS_SAMTOOLS:SAMTOOLS_STATS (Pd2)	COMPLETED	0	2025-08-31 08:15:35.913	3m 44s	3m 43s	82.9%	5.9 MB	222.2 MB	2.9 GB	220.8 KB
2341	5c/2e5caa	175730	NFCORE_RNASEQ:RNASEQ:BAM_MARKDUPLICATES_PICARD:BAM_STATS_SAMTOOLS:SAMTOOLS_STATS (Pd21)	COMPLETED	0	2025-08-31 08:15:27.093	4m 13s	4m 12s	83.0%	6.6 MB	222.4 MB	3.4 GB	251 KB
2334	cc/d4502e	190648	NFCORE_RNASEQ:RNASEQ:BAM_MARKDUPLICATES_PICARD:BAM_STATS_SAMTOOLS:SAMTOOLS_STATS (Pd12)	COMPLETED	0	2025-08-31 08:19:19.651	2m 40s	2m 39s	120.3%	6.9 MB	222.2 MB	3.5 GB	266 KB
2361	34/5202f7	199933	NFCORE_RNASEQ:RNASEQ:BAM_MARKDUPLICATES_PICARD:BAM_STATS_SAMTOOLS:SAMTOOLS_IDXSTATS (Pd72)	COMPLETED	0	2025-08-31 08:21:59.372	832ms	0ms	64.7%	5.3 MB	12.2 MB	890.8 KB	42.2 KB
2362	41/477588	192417	NFCORE_RNASEQ:RNASEQ:BAM_MARKDUPLICATES_PICARD:BAM_STATS_SAMTOOLS:SAMTOOLS_STATS (Pd14)	COMPLETED	0	2025-08-31 08:19:39.905	3m	2m 59s	109.5%	7.2 MB	222.2 MB	3.5 GB	265.5 KB
2365	d9/e186f1	202528	NFCORE_RNASEQ:RNASEQ:BAM_MARKDUPLICATES_PICARD:BAM_STATS_SAMTOOLS:SAMTOOLS_IDXSTATS (Pd27)	COMPLETED	0	2025-08-31 08:22:40.121	865ms	0ms	59.1%	5 MB	11.9 MB	780.8 KB	41.9 KB
2366	07/02bde9	202843	NFCORE_RNASEQ:RNASEQ:BAM_MARKDUPLICATES_PICARD:BAM_STATS_SAMTOOLS:SAMTOOLS_IDXSTATS (Pd63)	COMPLETED	0	2025-08-31 08:22:40.991	833ms	0ms	78.0%	6.2 MB	13 MB	652.7 KB	42 KB
2314	0e/e77524	203082	NFCORE_RNASEQ:RNASEQ:BAM_MARKDUPLICATES_PICARD:BAM_STATS_SAMTOOLS:SAMTOOLS_FLAGSTAT (Pd22)	COMPLETED	0	2025-08-31 08:22:41.835	1m	59s	102.3%	6.2 MB	220.9 MB	3.5 GB	5.4 KB
2318	b7/6ead60	206231	NFCORE_RNASEQ:RNASEQ:BAM_MARKDUPLICATES_PICARD:BAM_STATS_SAMTOOLS:SAMTOOLS_FLAGSTAT (Pd9)	COMPLETED	0	2025-08-31 08:23:41.965	52.2s	51s	119.6%	6.2 MB	220.9 MB	3.6 GB	5.4 KB
2308	f5/1cacc5	209130	NFCORE_RNASEQ:RNASEQ:BAM_MARKDUPLICATES_PICARD:BAM_STATS_SAMTOOLS:SAMTOOLS_FLAGSTAT (Pd32)	COMPLETED	0	2025-08-31 08:24:34.203	40.8s	40s	137.9%	6.2 MB	220.9 MB	3.3 GB	5.4 KB
2300	3e/ae82d9	211491	NFCORE_RNASEQ:RNASEQ:BAM_MARKDUPLICATES_PICARD:BAM_STATS_SAMTOOLS:SAMTOOLS_IDXSTATS (Pd12)	COMPLETED	0	2025-08-31 08:25:15.037	797ms	0ms	98.8%	2.8 MB	5.4 MB	882.5 KB	42.2 KB
2360	cb/956033	200251	NFCORE_RNASEQ:RNASEQ:BAM_MARKDUPLICATES_PICARD:BAM_STATS_SAMTOOLS:SAMTOOLS_STATS (Pd7)	COMPLETED	0	2025-08-31 08:22:00.211	3m 42s	3m 41s	88.9%	6.6 MB	222.2 MB	3.5 GB	264.7 KB
2020	24/a293c7	182196	NFCORE_RNASEQ:RNASEQ:BEDTOOLS_GENOMECOV (Pd122)	COMPLETED	0	2025-08-31 08:17:03.378	8m 51s	8m 49s	85.6%	3.7 GB	4.8 GB	7.8 GB	1.4 GB
2319	0e/98a35e	213645	NFCORE_RNASEQ:RNASEQ:BAM_MARKDUPLICATES_PICARD:BAM_STATS_SAMTOOLS:SAMTOOLS_FLAGSTAT (Pd38)	COMPLETED	0	2025-08-31 08:25:42.177	55.9s	55s	107.3%	6.2 MB	220.9 MB	3.7 GB	5.4 KB
1999	2e/0c40ad	105228	NFCORE_RNASEQ:RNASEQ:QUALIMAP_RNASEQ (Pd105)	COMPLETED	0	2025-08-31 07:59:02.409	28m 38s	28m 35s	89.7%	3.1 GB	34.6 GB	28.7 GB	24.7 GB
2024	9c/0e77ea	221139	NFCORE_RNASEQ:RNASEQ:SUBREAD_FEATURECOUNTS (Pd122)	COMPLETED	0	2025-08-31 08:27:40.119	2m 19s	2m 17s	124.9%	905.2 MB	1.4 GB	9.1 GB	4.1 GB
2347	37/593c18	211938	NFCORE_RNASEQ:RNASEQ:BAM_MARKDUPLICATES_PICARD:BAM_STATS_SAMTOOLS:SAMTOOLS_STATS (Pd56)	COMPLETED	0	2025-08-31 08:25:15.841	5m 17s	5m 16s	63.3%	6.9 MB	222.2 MB	3.1 GB	250.4 KB
2351	24/8236e4	217824	NFCORE_RNASEQ:RNASEQ:BAM_MARKDUPLICATES_PICARD:BAM_STATS_SAMTOOLS:SAMTOOLS_STATS (Pd46)	COMPLETED	0	2025-08-31 08:26:38.119	5m 17s	5m 17s	69.4%	6.9 MB	222.2 MB	3.5 GB	266 KB
2306	db/db29d0	235928	NFCORE_RNASEQ:RNASEQ:BAM_MARKDUPLICATES_PICARD:BAM_STATS_SAMTOOLS:SAMTOOLS_IDXSTATS (Pd28)	COMPLETED	0	2025-08-31 08:31:55.541	816ms	0ms	78.6%	6.6 MB	13 MB	714.7 KB	41.8 KB
2019	c9/774351	228774	NFCORE_RNASEQ:RNASEQ:STRINGTIE_STRINGTIE (Pd122)	COMPLETED	0	2025-08-31 08:29:58.901	2m 33s	2m 32s	124.6%	762.6 MB	1019.7 MB	3.7 GB	106.9 MB
2026	6d/df3ed8	238616	NFCORE_RNASEQ:RNASEQ:BEDGRAPH_BEDCLIP_BEDGRAPHTOBIGWIG_FORWARD:UCSC_BEDCLIP (Pd77)	COMPLETED	0	2025-08-31 08:32:32.220	33.2s	33s	20.4%	7.2 MB	18.7 MB	221 MB	220.9 MB
2027	ad/a1cc0a	241005	NFCORE_RNASEQ:RNASEQ:BEDGRAPH_BEDCLIP_BEDGRAPHTOBIGWIG_REVERSE:UCSC_BEDCLIP (Pd77)	COMPLETED	0	2025-08-31 08:33:05.412	39.4s	39s	18.2%	6.9 MB	18.7 MB	221 MB	221 MB
2346	5b/5432b9	236250	NFCORE_RNASEQ:RNASEQ:BAM_MARKDUPLICATES_PICARD:BAM_STATS_SAMTOOLS:SAMTOOLS_FLAGSTAT (Pd63)	COMPLETED	0	2025-08-31 08:31:56.362	2m 6s	2m 6s	47.4%	5.9 MB	220.9 MB	2.8 GB	5.4 KB
2032	e8/d1200c	243608	NFCORE_RNASEQ:RNASEQ:BEDGRAPH_BEDCLIP_BEDGRAPHTOBIGWIG_FORWARD:UCSC_BEDCLIP (Pd80)	COMPLETED	0	2025-08-31 08:33:44.821	29.5s	29s	26.9%	7.2 MB	18.7 MB	328 MB	327.9 MB
2031	59/2d878f	246458	NFCORE_RNASEQ:RNASEQ:BEDGRAPH_BEDCLIP_BEDGRAPHTOBIGWIG_REVERSE:UCSC_BEDCLIP (Pd80)	COMPLETED	0	2025-08-31 08:34:14.313	21.4s	21s	31.5%	7.2 MB	18.7 MB	327.6 MB	327.6 MB
2338	a6/ccabba	245286	NFCORE_RNASEQ:RNASEQ:BAM_MARKDUPLICATES_PICARD:BAM_STATS_SAMTOOLS:SAMTOOLS_FLAGSTAT (Pd75)	COMPLETED	0	2025-08-31 08:34:02.861	36s	35s	143.1%	6.2 MB	220.9 MB	3.3 GB	5.4 KB
2033	0e/dd53b8	248234	NFCORE_RNASEQ:RNASEQ:BEDGRAPH_BEDCLIP_BEDGRAPHTOBIGWIG_FORWARD:UCSC_BEDCLIP (Pd84)	COMPLETED	0	2025-08-31 08:34:35.749	22.1s	21s	23.5%	7.2 MB	18.7 MB	190.1 MB	190 MB
2034	34/d920a8	250694	NFCORE_RNASEQ:RNASEQ:BEDGRAPH_BEDCLIP_BEDGRAPHTOBIGWIG_REVERSE:UCSC_BEDCLIP (Pd84)	COMPLETED	0	2025-08-31 08:34:57.875	10.5s	10s	33.2%	6.9 MB	18.7 MB	190.1 MB	190 MB
2349	02/cecd93	248784	NFCORE_RNASEQ:RNASEQ:BAM_MARKDUPLICATES_PICARD:BAM_STATS_SAMTOOLS:SAMTOOLS_FLAGSTAT (Pd14)	COMPLETED	0	2025-08-31 08:34:38.889	45.7s	45s	119.6%	6.2 MB	220.9 MB	3.5 GB	5.4 KB
2038	ae/690db2	251814	NFCORE_RNASEQ:RNASEQ:BEDGRAPH_BEDCLIP_BEDGRAPHTOBIGWIG_REVERSE:UCSC_BEDCLIP (Pd87)	COMPLETED	0	2025-08-31 08:35:08.368	17.6s	17s	32.5%	7.2 MB	18.7 MB	312 MB	311.9 MB
2037	3b/a886d4	253738	NFCORE_RNASEQ:RNASEQ:BEDGRAPH_BEDCLIP_BEDGRAPHTOBIGWIG_FORWARD:UCSC_BEDCLIP (Pd87)	COMPLETED	0	2025-08-31 08:35:25.954	11s	10s	50.5%	6.9 MB	18.7 MB	311.8 MB	311.7 MB
2315	24/f210ff	231101	NFCORE_RNASEQ:RNASEQ:BAM_MARKDUPLICATES_PICARD:BAM_STATS_SAMTOOLS:SAMTOOLS_STATS (Pd16)	COMPLETED	0	2025-08-31 08:30:32.430	6m 44s	6m 43s	57.3%	6.9 MB	222.2 MB	3.3 GB	265.2 KB
2350	71/e0230e	253291	NFCORE_RNASEQ:RNASEQ:BAM_MARKDUPLICATES_PICARD:BAM_STATS_SAMTOOLS:SAMTOOLS_FLAGSTAT (Pd33)	COMPLETED	0	2025-08-31 08:35:24.566	2m 13s	2m 12s	46.9%	5.9 MB	220.9 MB	3.6 GB	5.4 KB
2015	d3/c96b68	160050	NFCORE_RNASEQ:RNASEQ:QUALIMAP_RNASEQ (Pd123)	COMPLETED	0	2025-08-31 08:11:12.419	27m 24s	27m 21s	102.5%	2.7 GB	34.8 GB	26.7 GB	23.3 GB
2335	0e/592034	259550	NFCORE_RNASEQ:RNASEQ:BAM_MARKDUPLICATES_PICARD:BAM_STATS_SAMTOOLS:SAMTOOLS_FLAGSTAT (Pd46)	COMPLETED	0	2025-08-31 08:37:16.031	2m	2m	53.3%	6.2 MB	220.9 MB	3.5 GB	5.4 KB
2046	a7/550f1f	255256	NFCORE_RNASEQ:RNASEQ:SUBREAD_FEATURECOUNTS (Pd130)	COMPLETED	0	2025-08-31 08:35:36.922	4m 4s	4m 2s	98.0%	1.1 GB	1.6 GB	15.9 GB	9.7 GB
2348	31/4b3c2f	267000	NFCORE_RNASEQ:RNASEQ:BAM_MARKDUPLICATES_PICARD:BAM_STATS_SAMTOOLS:SAMTOOLS_FLAGSTAT (Pd7)	COMPLETED	0	2025-08-31 08:39:16.467	42.5s	42s	136.3%	6.2 MB	220.9 MB	3.5 GB	5.4 KB
2352	cc/d1a362	261068	NFCORE_RNASEQ:RNASEQ:BAM_MARKDUPLICATES_PICARD:BAM_STATS_SAMTOOLS:SAMTOOLS_STATS (Pd15)	COMPLETED	0	2025-08-31 08:37:37.484	3m 1s	3m 1s	96.4%	6.9 MB	222.2 MB	3.5 GB	265.8 KB
2354	ef/d62df4	270505	NFCORE_RNASEQ:RNASEQ:BAM_MARKDUPLICATES_PICARD:BAM_STATS_SAMTOOLS:SAMTOOLS_STATS (Pd75)	COMPLETED	0	2025-08-31 08:39:58.946	1m 40s	1m 40s	164.8%	6.6 MB	222.2 MB	3.3 GB	224.5 KB
2043	8d/f3c453	268907	NFCORE_RNASEQ:RNASEQ:STRINGTIE_STRINGTIE (Pd130)	COMPLETED	0	2025-08-31 08:39:41.093	2m 14s	2m 13s	120.0%	719.4 MB	907.6 MB	3.3 GB	105.2 MB
2355	8a/76c47d	273291	NFCORE_RNASEQ:RNASEQ:BAM_MARKDUPLICATES_PICARD:BAM_STATS_SAMTOOLS:SAMTOOLS_STATS (Pd72)	COMPLETED	0	2025-08-31 08:40:38.502	1m 58s	1m 58s	143.6%	6.9 MB	222.2 MB	3.8 GB	267.8 KB
2313	12/3733fd	281952	NFCORE_RNASEQ:RNASEQ:BAM_MARKDUPLICATES_PICARD:BAM_STATS_SAMTOOLS:SAMTOOLS_IDXSTATS (Pd57)	COMPLETED	0	2025-08-31 08:42:36.682	813ms	0ms	94.0%	2.5 MB	5.4 MB	696.4 KB	41.9 KB
2364	49/7dc94a	282364	NFCORE_RNASEQ:RNASEQ:BAM_MARKDUPLICATES_PICARD:BAM_STATS_SAMTOOLS:SAMTOOLS_IDXSTATS (Pd20)	COMPLETED	0	2025-08-31 08:42:37.501	798ms	1s	91.3%	2.5 MB	5.4 MB	847.8 KB	42.1 KB
2339	a5/d4818b	282593	NFCORE_RNASEQ:RNASEQ:BAM_MARKDUPLICATES_PICARD:BAM_STATS_SAMTOOLS:SAMTOOLS_FLAGSTAT (Pd72)	COMPLETED	0	2025-08-31 08:42:38.306	31.4s	31s	179.9%	5.9 MB	220.9 MB	3.8 GB	5.4 KB
2299	7a/1cb6a1	284870	NFCORE_RNASEQ:RNASEQ:BAM_MARKDUPLICATES_PICARD:BAM_STATS_SAMTOOLS:SAMTOOLS_IDXSTATS (Pd38)	COMPLETED	0	2025-08-31 08:43:09.692	785ms	0ms	89.9%	2.8 MB	5.4 MB	853.1 KB	42.1 KB
2042	5b/b1e5e1	264072	NFCORE_RNASEQ:RNASEQ:BEDTOOLS_GENOMECOV (Pd130)	COMPLETED	0	2025-08-31 08:38:36.017	5m 47s	5m 45s	110.0%	2.8 GB	3.6 GB	6.7 GB	1 GB
2301	2c/7379f8	285261	NFCORE_RNASEQ:RNASEQ:BAM_MARKDUPLICATES_PICARD:BAM_STATS_SAMTOOLS:SAMTOOLS_FLAGSTAT (Pd35)	COMPLETED	0	2025-08-31 08:43:10.483	1m 56s	1m 56s	59.8%	5.9 MB	220.9 MB	3.7 GB	5.4 KB
2048	06/10f560	289718	NFCORE_RNASEQ:RNASEQ:BEDGRAPH_BEDCLIP_BEDGRAPHTOBIGWIG_REVERSE:UCSC_BEDCLIP (Pd86)	COMPLETED	0	2025-08-31 08:44:22.722	55.6s	55s	17.7%	6.6 MB	18.7 MB	318.7 MB	318.6 MB
2047	f0/34795c	293874	NFCORE_RNASEQ:RNASEQ:BEDGRAPH_BEDCLIP_BEDGRAPHTOBIGWIG_FORWARD:UCSC_BEDCLIP (Pd86)	COMPLETED	0	2025-08-31 08:45:18.330	52.7s	52s	18.0%	7.2 MB	18.7 MB	318.5 MB	318.4 MB
2345	49/51a91d	276992	NFCORE_RNASEQ:RNASEQ:BAM_MARKDUPLICATES_PICARD:BAM_STATS_SAMTOOLS:SAMTOOLS_STATS (Pd57)	COMPLETED	0	2025-08-31 08:41:39.293	4m 53s	4m 53s	69.1%	6.6 MB	222.2 MB	3.4 GB	241 KB
2328	09/bc7a94	299575	NFCORE_RNASEQ:RNASEQ:BAM_MARKDUPLICATES_PICARD:BAM_STATS_SAMTOOLS:SAMTOOLS_IDXSTATS (Pd15)	COMPLETED	0	2025-08-31 08:46:32.472	1.2s	1s	22.8%	5.6 MB	12 MB	816.8 KB	42.1 KB
2343	84/fe50f0	292647	NFCORE_RNASEQ:RNASEQ:BAM_MARKDUPLICATES_PICARD:BAM_STATS_SAMTOOLS:SAMTOOLS_FLAGSTAT (Pd20)	COMPLETED	0	2025-08-31 08:45:06.472	2m 24s	2m 24s	48.4%	6.2 MB	220.9 MB	3.4 GB	5.4 KB
2309	49/559a24	299886	NFCORE_RNASEQ:RNASEQ:BAM_MARKDUPLICATES_PICARD:BAM_STATS_SAMTOOLS:SAMTOOLS_STATS (Pd35)	COMPLETED	0	2025-08-31 08:46:33.639	2m 40s	2m 39s	110.3%	6.9 MB	222.2 MB	3.7 GB	264.6 KB
2342	d0/be6abc	303589	NFCORE_RNASEQ:RNASEQ:BAM_MARKDUPLICATES_PICARD:BAM_STATS_SAMTOOLS:SAMTOOLS_STATS (Pd69)	COMPLETED	0	2025-08-31 08:47:30.802	5m 32s	5m 31s	70.3%	6.9 MB	222.4 MB	3.7 GB	267 KB
2359	39/284622	321749	NFCORE_RNASEQ:RNASEQ:BAM_MARKDUPLICATES_PICARD:BAM_STATS_SAMTOOLS:SAMTOOLS_IDXSTATS (Pd75)	COMPLETED	0	2025-08-31 08:53:02.329	1.1s	1s	28.8%	5.6 MB	12 MB	773.4 KB	42 KB
2304	81/dcf024	309902	NFCORE_RNASEQ:RNASEQ:BAM_MARKDUPLICATES_PICARD:BAM_STATS_SAMTOOLS:SAMTOOLS_STATS (Pd45)	COMPLETED	0	2025-08-31 08:49:13.428	5m 12s	5m 12s	72.3%	6.9 MB	158.5 MB	3.6 GB	266.1 KB
2312	e4/bbc544	326104	NFCORE_RNASEQ:RNASEQ:BAM_MARKDUPLICATES_PICARD:BAM_STATS_SAMTOOLS:SAMTOOLS_IDXSTATS (Pd69)	COMPLETED	0	2025-08-31 08:54:25.587	844ms	0ms	62.3%	5.3 MB	12 MB	883.8 KB	42.2 KB
2023	e8/c951cd	214962	NFCORE_RNASEQ:RNASEQ:QUALIMAP_RNASEQ (Pd122)	COMPLETED	0	2025-08-31 08:25:54.227	29m 59s	29m 56s	96.1%	3.7 GB	34.6 GB	28.6 GB	24.9 GB
2317	f5/1d0f83	322071	NFCORE_RNASEQ:RNASEQ:BAM_MARKDUPLICATES_PICARD:BAM_STATS_SAMTOOLS:SAMTOOLS_STATS (Pd32)	COMPLETED	0	2025-08-31 08:53:03.400	4m 4s	4m 4s	84.0%	6.6 MB	222.2 MB	3.3 GB	231.6 KB
2358	32/50b7f1	326475	NFCORE_RNASEQ:RNASEQ:BAM_MARKDUPLICATES_PICARD:BAM_STATS_SAMTOOLS:SAMTOOLS_STATS (Pd63)	COMPLETED	0	2025-08-31 08:54:26.437	3m 28s	3m 28s	80.6%	6.6 MB	222.2 MB	2.8 GB	219.7 KB
2356	9e/0cea1b	334794	NFCORE_RNASEQ:RNASEQ:BAM_MARKDUPLICATES_PICARD:BAM_STATS_SAMTOOLS:SAMTOOLS_STATS (Pd20)	COMPLETED	0	2025-08-31 08:57:07.725	2m 54s	2m 53s	108.9%	6.9 MB	222.2 MB	3.4 GB	265.4 KB
2340	b1/5fabc1	337429	NFCORE_RNASEQ:RNASEQ:BAM_MARKDUPLICATES_PICARD:BAM_STATS_SAMTOOLS:SAMTOOLS_STATS (Pd28)	COMPLETED	0	2025-08-31 08:57:54.766	2m 10s	2m 9s	120.4%	6.9 MB	222.2 MB	2.9 GB	223.2 KB
2310	37/3dae78	343482	NFCORE_RNASEQ:RNASEQ:BAM_MARKDUPLICATES_PICARD:BAM_STATS_SAMTOOLS:SAMTOOLS_FLAGSTAT (Pd55)	COMPLETED	0	2025-08-31 09:00:01.453	52.2s	52s	117.3%	5.9 MB	220.9 MB	3.5 GB	5.4 KB
2320	60/d0483e	347142	NFCORE_RNASEQ:RNASEQ:BAM_MARKDUPLICATES_PICARD:BAM_STATS_SAMTOOLS:SAMTOOLS_FLAGSTAT (Pd12)	COMPLETED	0	2025-08-31 09:00:53.692	58s	57s	105.8%	6.2 MB	220.9 MB	3.5 GB	5.4 KB
2055	81/191fc0	330669	NFCORE_RNASEQ:RNASEQ:BEDTOOLS_GENOMECOV (Pd128)	COMPLETED	0	2025-08-31 08:55:52.776	6m 6s	6m 4s	108.9%	2.7 GB	3.5 GB	7.2 GB	999 MB
2316	a6/39cef9	344071	NFCORE_RNASEQ:RNASEQ:BAM_MARKDUPLICATES_PICARD:BAM_STATS_SAMTOOLS:SAMTOOLS_STATS (Pd66)	COMPLETED	0	2025-08-31 09:00:05.240	3m 24s	3m 23s	95.4%	6.6 MB	222.2 MB	3.5 GB	251.6 KB
2368	9a/344d57	355330	NFCORE_RNASEQ:RNASEQ:BAM_MARKDUPLICATES_PICARD:BAM_STATS_SAMTOOLS:SAMTOOLS_IDXSTATS (Pd14)	COMPLETED	0	2025-08-31 09:03:28.951	814ms	0ms	67.4%	5.6 MB	12 MB	869.2 KB	42.2 KB
2367	8f/87d2cc	355639	NFCORE_RNASEQ:RNASEQ:BAM_MARKDUPLICATES_PICARD:BAM_STATS_SAMTOOLS:SAMTOOLS_IDXSTATS (Pd7)	COMPLETED	0	2025-08-31 09:03:29.771	844ms	0ms	72.7%	6.6 MB	13.5 MB	829.6 KB	42.1 KB
2357	44/d838b9	350281	NFCORE_RNASEQ:RNASEQ:BAM_MARKDUPLICATES_PICARD:BAM_STATS_SAMTOOLS:SAMTOOLS_STATS (Pd27)	COMPLETED	0	2025-08-31 09:01:51.656	2m 11s	2m 10s	129.1%	6.9 MB	222.2 MB	3.2 GB	229.2 KB
2369	5c/2848b5	357684	NFCORE_RNASEQ:RNASEQ:BAM_MARKDUPLICATES_PICARD:BAM_STATS_SAMTOOLS:SAMTOOLS_IDXSTATS (Pd33)	COMPLETED	0	2025-08-31 09:04:02.501	832ms	1s	79.3%	2.8 MB	5.4 MB	825.3 KB	42.2 KB
2370	1e/17d107	358102	NFCORE_RNASEQ:RNASEQ:BAM_MARKDUPLICATES_PICARD:BAM_STATS_SAMTOOLS:SAMTOOLS_IDXSTATS (Pd77)	COMPLETED	0	2025-08-31 09:04:03.340	850ms	0ms	62.9%	5.3 MB	12 MB	672.2 KB	41.7 KB
2372	4d/ac5c35	358332	NFCORE_RNASEQ:RNASEQ:BAM_MARKDUPLICATES_PICARD:BAM_STATS_SAMTOOLS:SAMTOOLS_IDXSTATS (Pd80)	COMPLETED	0	2025-08-31 09:04:04.196	817ms	0ms	74.4%	6.2 MB	13.6 MB	834.8 KB	42 KB
2052	5d/0dffae	351182	NFCORE_RNASEQ:RNASEQ:STRINGTIE_STRINGTIE (Pd128)	COMPLETED	0	2025-08-31 09:01:59.132	2m 37s	2m 37s	116.6%	750.2 MB	1 GB	3.5 GB	104.9 MB
2363	6f/221059	355918	NFCORE_RNASEQ:RNASEQ:BAM_MARKDUPLICATES_PICARD:BAM_STATS_SAMTOOLS:SAMTOOLS_STATS (Pd33)	COMPLETED	0	2025-08-31 09:03:30.621	3m 16s	3m 15s	89.7%	6.9 MB	222.2 MB	3.6 GB	265.2 KB
2375	3c/aa0144	365930	NFCORE_RNASEQ:RNASEQ:BAM_MARKDUPLICATES_PICARD:BAM_STATS_SAMTOOLS:SAMTOOLS_IDXSTATS (Pd87)	COMPLETED	0	2025-08-31 09:06:46.375	1.4s	1s	14.2%	5.3 MB	12 MB	825.2 KB	42 KB
2041	b1/b13e22	278423	NFCORE_RNASEQ:RNASEQ:QUALIMAP_RNASEQ (Pd130)	COMPLETED	0	2025-08-31 08:41:54.843	25m 20s	25m 17s	101.9%	3.4 GB	34.6 GB	26.4 GB	23.2 GB
2057	27/79f111	360294	NFCORE_RNASEQ:RNASEQ:SUBREAD_FEATURECOUNTS (Pd128)	COMPLETED	0	2025-08-31 09:04:36.590	2m 49s	2m 47s	166.7%	1.2 GB	1.7 GB	18.4 GB	11.4 GB
2373	32/8efd89	366246	NFCORE_RNASEQ:RNASEQ:BAM_MARKDUPLICATES_PICARD:BAM_STATS_SAMTOOLS:SAMTOOLS_FLAGSTAT (Pd80)	COMPLETED	0	2025-08-31 09:06:47.739	2m 6s	2m 5s	58.3%	5.9 MB	220.9 MB	3.4 GB	5.4 KB
2371	12/60e829	358556	NFCORE_RNASEQ:RNASEQ:BAM_MARKDUPLICATES_PICARD:BAM_STATS_SAMTOOLS:SAMTOOLS_STATS (Pd77)	COMPLETED	0	2025-08-31 09:04:05.019	4m 49s	4m 49s	68.7%	6.9 MB	222.2 MB	3.2 GB	208.6 KB
2380	ac/55f56b	374609	NFCORE_RNASEQ:RNASEQ:BAM_MARKDUPLICATES_PICARD:BAM_STATS_SAMTOOLS:SAMTOOLS_IDXSTATS (Pd93)	COMPLETED	0	2025-08-31 09:08:53.637	809ms	0ms	69.1%	5.6 MB	12.2 MB	819.8 KB	42 KB
2381	3b/00ba6d	375014	NFCORE_RNASEQ:RNASEQ:BAM_MARKDUPLICATES_PICARD:BAM_STATS_SAMTOOLS:SAMTOOLS_IDXSTATS (Pd95)	COMPLETED	0	2025-08-31 09:08:54.460	829ms	1s	82.4%	2.8 MB	5.4 MB	756.8 KB	41.8 KB
2378	16/7214eb	375383	NFCORE_RNASEQ:RNASEQ:BAM_MARKDUPLICATES_PICARD:BAM_STATS_SAMTOOLS:SAMTOOLS_FLAGSTAT (Pd84)	COMPLETED	0	2025-08-31 09:08:55.295	47.8s	47s	119.3%	5.9 MB	220.9 MB	3.2 GB	5.4 KB
2382	e1/3b041c	378750	NFCORE_RNASEQ:RNASEQ:BAM_MARKDUPLICATES_PICARD:BAM_STATS_SAMTOOLS:SAMTOOLS_IDXSTATS (Pd110)	COMPLETED	0	2025-08-31 09:09:43.087	793ms	0ms	70.7%	5.3 MB	12 MB	852.8 KB	42.1 KB
2383	f8/32c0de	379116	NFCORE_RNASEQ:RNASEQ:BAM_MARKDUPLICATES_PICARD:BAM_STATS_SAMTOOLS:SAMTOOLS_IDXSTATS (Pd98)	COMPLETED	0	2025-08-31 09:09:43.884	826ms	0ms	77.4%	6.2 MB	12.7 MB	792.2 KB	42.1 KB
2376	e9/01ca29	374960	NFCORE_RNASEQ:RNASEQ:BAM_MARKDUPLICATES_PICARD:BAM_STATS_SAMTOOLS:SAMTOOLS_STATS (Pd80)	COMPLETED	0	2025-08-31 09:08:54.296	1m 34s	1m 34s	169.4%	6.6 MB	222.2 MB	3.4 GB	265.5 KB
2384	5d/bb9925	379426	NFCORE_RNASEQ:RNASEQ:BAM_MARKDUPLICATES_PICARD:BAM_STATS_SAMTOOLS:SAMTOOLS_FLAGSTAT (Pd87)	COMPLETED	0	2025-08-31 09:09:44.716	1m 4s	1m 3s	100.2%	6.2 MB	220.9 MB	3.6 GB	5.4 KB
2385	ae/4e0c13	383923	NFCORE_RNASEQ:RNASEQ:BAM_MARKDUPLICATES_PICARD:BAM_STATS_SAMTOOLS:SAMTOOLS_IDXSTATS (Pd112)	COMPLETED	0	2025-08-31 09:10:48.911	792ms	0ms	96.2%	2.8 MB	5.4 MB	870.3 KB	42.2 KB
2389	82/8d8e91	384245	NFCORE_RNASEQ:RNASEQ:BAM_MARKDUPLICATES_PICARD:BAM_STATS_SAMTOOLS:SAMTOOLS_IDXSTATS (Pd106)	COMPLETED	0	2025-08-31 09:10:49.710	853ms	0ms	57.4%	5.6 MB	12.2 MB	939.6 KB	42.2 KB
2388	46/182895	384579	NFCORE_RNASEQ:RNASEQ:BAM_MARKDUPLICATES_PICARD:BAM_STATS_SAMTOOLS:SAMTOOLS_IDXSTATS (Pd119)	COMPLETED	0	2025-08-31 09:10:50.570	782ms	0ms	89.1%	2.8 MB	5.4 MB	876.4 KB	42.2 KB
2391	57/c174f4	384885	NFCORE_RNASEQ:RNASEQ:BAM_MARKDUPLICATES_PICARD:BAM_STATS_SAMTOOLS:SAMTOOLS_IDXSTATS (Pd103)	COMPLETED	0	2025-08-31 09:10:51.360	791ms	0ms	108.1%	2.5 MB	5.4 MB	813 KB	42.2 KB
2390	eb/cdad92	385110	NFCORE_RNASEQ:RNASEQ:BAM_MARKDUPLICATES_PICARD:BAM_STATS_SAMTOOLS:SAMTOOLS_IDXSTATS (Pd115)	COMPLETED	0	2025-08-31 09:10:52.158	800ms	0ms	102.3%	2.8 MB	5.4 MB	879 KB	42.2 KB
2386	44/1143b6	382240	NFCORE_RNASEQ:RNASEQ:BAM_MARKDUPLICATES_PICARD:BAM_STATS_SAMTOOLS:SAMTOOLS_FLAGSTAT (Pd86)	COMPLETED	0	2025-08-31 09:10:28.508	45.4s	45s	127.1%	6.2 MB	220.9 MB	3.6 GB	5.4 KB
2059	e1/a16b39	367877	NFCORE_RNASEQ:RNASEQ:STRINGTIE_STRINGTIE (Pd134)	COMPLETED	0	2025-08-31 09:07:14.438	4m 59s	4m 59s	71.1%	793.8 MB	1.1 GB	3.7 GB	107.2 MB
2387	4a/59dc21	386995	NFCORE_RNASEQ:RNASEQ:BAM_MARKDUPLICATES_PICARD:BAM_STATS_SAMTOOLS:SAMTOOLS_FLAGSTAT (Pd93)	COMPLETED	0	2025-08-31 09:11:13.902	1m 4s	1m 3s	109.6%	6.2 MB	220.9 MB	3.8 GB	5.4 KB
2379	32/e43a1c	385333	NFCORE_RNASEQ:RNASEQ:BAM_MARKDUPLICATES_PICARD:BAM_STATS_SAMTOOLS:SAMTOOLS_STATS (Pd84)	COMPLETED	0	2025-08-31 09:10:52.964	1m 31s	1m 31s	169.1%	6.9 MB	222.2 MB	3.2 GB	224 KB
2397	17/119431	392356	NFCORE_RNASEQ:RNASEQ:BAM_MARKDUPLICATES_PICARD:BAM_STATS_SAMTOOLS:SAMTOOLS_IDXSTATS (Pd123)	COMPLETED	0	2025-08-31 09:12:24.272	1.1s	1s	23.4%	5.9 MB	12 MB	872.2 KB	42.2 KB
2063	a9/b98ff2	390742	NFCORE_RNASEQ:RNASEQ:SUBREAD_FEATURECOUNTS (Pd134)	COMPLETED	0	2025-08-31 09:12:13.717	1m 4s	1m 2s	292.5%	1.1 GB	1.6 GB	10.2 GB	5 GB
2394	39/e714a7	391336	NFCORE_RNASEQ:RNASEQ:BAM_MARKDUPLICATES_PICARD:BAM_STATS_SAMTOOLS:SAMTOOLS_FLAGSTAT (Pd95)	COMPLETED	0	2025-08-31 09:12:17.858	1m 38s	1m 37s	67.5%	5.9 MB	220.9 MB	3.7 GB	5.4 KB
2396	3d/8fdd81	399510	NFCORE_RNASEQ:RNASEQ:BAM_MARKDUPLICATES_PICARD:BAM_STATS_SAMTOOLS:SAMTOOLS_IDXSTATS (Pd105)	COMPLETED	0	2025-08-31 09:13:56.085	1.6s	1s	11.7%	5.3 MB	11.9 MB	988.1 KB	42.2 KB
2393	b8/abfafd	392849	NFCORE_RNASEQ:RNASEQ:BAM_MARKDUPLICATES_PICARD:BAM_STATS_SAMTOOLS:SAMTOOLS_STATS (Pd87)	COMPLETED	0	2025-08-31 09:12:25.357	1m 34s	1m 34s	168.6%	6.6 MB	222.2 MB	3.6 GB	265.2 KB
2400	2b/df48a2	400240	NFCORE_RNASEQ:RNASEQ:BAM_MARKDUPLICATES_PICARD:BAM_STATS_SAMTOOLS:SAMTOOLS_IDXSTATS (Pd130)	COMPLETED	0	2025-08-31 09:13:59.824	813ms	0ms	60.8%	5.6 MB	12 MB	796.1 KB	42.2 KB
2398	b9/9bcfdb	400600	NFCORE_RNASEQ:RNASEQ:BAM_MARKDUPLICATES_PICARD:BAM_STATS_SAMTOOLS:SAMTOOLS_IDXSTATS (Pd122)	COMPLETED	0	2025-08-31 09:14:00.643	823ms	0ms	102.8%	2.8 MB	5.4 MB	841.9 KB	42 KB
2402	e2/7967af	400836	NFCORE_RNASEQ:RNASEQ:BAM_MARKDUPLICATES_PICARD:BAM_STATS_SAMTOOLS:SAMTOOLS_IDXSTATS (Pd128)	COMPLETED	0	2025-08-31 09:14:01.472	809ms	1s	87.1%	2.5 MB	5.4 MB	868.8 KB	42.1 KB
2395	87/0ad444	401180	NFCORE_RNASEQ:RNASEQ:BAM_MARKDUPLICATES_PICARD:BAM_STATS_SAMTOOLS:SAMTOOLS_FLAGSTAT (Pd110)	COMPLETED	0	2025-08-31 09:14:02.288	1m 3s	1m 3s	91.1%	5.9 MB	220.9 MB	3.4 GB	5.4 KB
2399	27/ccb6b3	399906	NFCORE_RNASEQ:RNASEQ:BAM_MARKDUPLICATES_PICARD:BAM_STATS_SAMTOOLS:SAMTOOLS_STATS (Pd86)	COMPLETED	0	2025-08-31 09:13:57.652	1m 37s	1m 36s	169.0%	6.6 MB	222.2 MB	3.6 GB	264.9 KB
2060	8c/aaad30	369208	NFCORE_RNASEQ:RNASEQ:BEDTOOLS_GENOMECOV (Pd134)	COMPLETED	0	2025-08-31 09:07:25.379	8m 11s	8m 9s	93.6%	4 GB	5.1 GB	7.8 GB	1.5 GB
2053	58/f813f4	297298	NFCORE_RNASEQ:RNASEQ:QUALIMAP_RNASEQ (Pd128)	COMPLETED	0	2025-08-31 08:46:11.001	29m 42s	29m 39s	94.3%	2.9 GB	34.6 GB	28.6 GB	25.1 GB
2065	48/ead1a7	408110	NFCORE_RNASEQ:RNASEQ:BEDGRAPH_BEDCLIP_BEDGRAPHTOBIGWIG_REVERSE:UCSC_BEDCLIP (Pd93)	COMPLETED	0	2025-08-31 09:15:36.014	36.9s	36s	24.0%	6.9 MB	18.7 MB	298.4 MB	298.4 MB
2066	67/cc3d00	410022	NFCORE_RNASEQ:RNASEQ:BEDGRAPH_BEDCLIP_BEDGRAPHTOBIGWIG_FORWARD:UCSC_BEDCLIP (Pd93)	COMPLETED	0	2025-08-31 09:15:52.725	39.2s	38s	23.7%	7.2 MB	18.7 MB	297.8 MB	297.7 MB
2401	b0/e28ab8	405490	NFCORE_RNASEQ:RNASEQ:BAM_MARKDUPLICATES_PICARD:BAM_STATS_SAMTOOLS:SAMTOOLS_STATS (Pd93)	COMPLETED	0	2025-08-31 09:15:05.270	1m 38s	1m 37s	169.0%	6.6 MB	222.2 MB	3.8 GB	253.1 KB
2403	eb/0f4720	407790	NFCORE_RNASEQ:RNASEQ:BAM_MARKDUPLICATES_PICARD:BAM_STATS_SAMTOOLS:SAMTOOLS_FLAGSTAT (Pd98)	COMPLETED	0	2025-08-31 09:15:34.451	5m 49s	5m 48s	27.6%	6.2 MB	220.9 MB	3.7 GB	5.4 KB
2404	81/f05a9e	435201	NFCORE_RNASEQ:RNASEQ:BAM_MARKDUPLICATES_PICARD:BAM_STATS_SAMTOOLS:SAMTOOLS_IDXSTATS (Pd134)	COMPLETED	0	2025-08-31 09:21:23.136	1.9s	1s	9.1%	5.3 MB	12 MB	871.2 KB	42.2 KB
2408	22/556f3c	415885	NFCORE_RNASEQ:RNASEQ:BAM_MARKDUPLICATES_PICARD:BAM_STATS_SAMTOOLS:SAMTOOLS_FLAGSTAT (Pd119)	COMPLETED	0	2025-08-31 09:16:42.999	5m 23s	5m 22s	26.4%	6.2 MB	220.9 MB	3.5 GB	5.4 KB
2405	70/378685	435835	NFCORE_RNASEQ:RNASEQ:BAM_MARKDUPLICATES_PICARD:BAM_STATS_SAMTOOLS:SAMTOOLS_FLAGSTAT (Pd112)	COMPLETED	0	2025-08-31 09:21:25.005	4m 36s	4m 36s	32.6%	6.2 MB	220.9 MB	3.6 GB	5.4 KB
2409	f9/c7e224	439189	NFCORE_RNASEQ:RNASEQ:BAM_MARKDUPLICATES_PICARD:BAM_STATS_SAMTOOLS:SAMTOOLS_FLAGSTAT (Pd106)	COMPLETED	0	2025-08-31 09:22:05.991	4m 13s	4m 12s	31.5%	6.2 MB	220.9 MB	3.5 GB	5.4 KB
2410	b3/9a97d2	454352	NFCORE_RNASEQ:RNASEQ:BAM_MARKDUPLICATES_PICARD:BAM_STATS_SAMTOOLS:SAMTOOLS_FLAGSTAT (Pd115)	COMPLETED	0	2025-08-31 09:26:18.751	29.4s	28s	179.1%	5.9 MB	220.9 MB	3.5 GB	5.4 KB
2413	9a/8f9f3b	455894	NFCORE_RNASEQ:RNASEQ:BAM_MARKDUPLICATES_PICARD:BAM_STATS_SAMTOOLS:SAMTOOLS_FLAGSTAT (Pd120)	COMPLETED	0	2025-08-31 09:26:48.144	2m 31s	2m 31s	53.2%	6.2 MB	220.9 MB	3.5 GB	5.4 KB
2407	bc/bd54c8	461005	NFCORE_RNASEQ:RNASEQ:BAM_MARKDUPLICATES_PICARD:BAM_STATS_SAMTOOLS:SAMTOOLS_IDXSTATS (Pd137)	COMPLETED	0	2025-08-31 09:29:19.641	934ms	0ms	39.3%	5.6 MB	12.2 MB	747.2 KB	42 KB
2415	3b/0274ae	461327	NFCORE_RNASEQ:RNASEQ:BAM_MARKDUPLICATES_PICARD:BAM_STATS_SAMTOOLS:SAMTOOLS_IDXSTATS (Pd142)	COMPLETED	0	2025-08-31 09:29:20.581	822ms	0ms	69.3%	5.6 MB	12 MB	906.8 KB	42 KB
2071	5e/ae70e2	414297	NFCORE_RNASEQ:RNASEQ:BEDTOOLS_GENOMECOV (Pd137)	COMPLETED	0	2025-08-31 09:16:31.886	13m 52s	13m 50s	53.3%	2.6 GB	3.2 GB	6.5 GB	939.2 MB
2406	74/70191b	453130	NFCORE_RNASEQ:RNASEQ:BAM_MARKDUPLICATES_PICARD:BAM_STATS_SAMTOOLS:SAMTOOLS_STATS (Pd95)	COMPLETED	0	2025-08-31 09:26:01.472	4m 29s	4m 29s	79.0%	6.6 MB	222.2 MB	3.7 GB	229.5 KB
2070	e7/ee8700	464076	NFCORE_RNASEQ:RNASEQ:STRINGTIE_STRINGTIE (Pd137)	COMPLETED	0	2025-08-31 09:30:23.876	2m 8s	2m 7s	119.6%	676.4 MB	977.3 MB	3.2 GB	104.9 MB
2072	5a/f4913d	470308	NFCORE_RNASEQ:RNASEQ:SUBREAD_FEATURECOUNTS (Pd137)	COMPLETED	0	2025-08-31 09:32:31.725	2m 33s	2m 31s	146.0%	1.1 GB	1.6 GB	14.5 GB	8.6 GB
2414	37/496eff	464920	NFCORE_RNASEQ:RNASEQ:BAM_MARKDUPLICATES_PICARD:BAM_STATS_SAMTOOLS:SAMTOOLS_FLAGSTAT (Pd105)	COMPLETED	0	2025-08-31 09:30:30.472	4m 53s	4m 53s	30.6%	6.2 MB	220.9 MB	3.8 GB	5.4 KB
2411	e4/a39f28	461554	NFCORE_RNASEQ:RNASEQ:BAM_MARKDUPLICATES_PICARD:BAM_STATS_SAMTOOLS:SAMTOOLS_STATS (Pd110)	COMPLETED	0	2025-08-31 09:29:21.410	6m 25s	6m 25s	57.9%	6.9 MB	222.4 MB	3.4 GB	265.9 KB
2418	00/f7d309	480003	NFCORE_RNASEQ:RNASEQ:BAM_MARKDUPLICATES_PICARD:BAM_STATS_SAMTOOLS:SAMTOOLS_IDXSTATS (Pd149)	COMPLETED	0	2025-08-31 09:35:46.348	1.1s	1s	23.4%	5 MB	11.9 MB	925.1 KB	42.3 KB
2417	43/7e85ac	478277	NFCORE_RNASEQ:RNASEQ:BAM_MARKDUPLICATES_PICARD:BAM_STATS_SAMTOOLS:SAMTOOLS_FLAGSTAT (Pd123)	COMPLETED	0	2025-08-31 09:35:23.626	4m 39s	4m 38s	32.0%	6.2 MB	220.9 MB	3.3 GB	5.4 KB
2420	ba/aa6d5b	480397	NFCORE_RNASEQ:RNASEQ:BAM_MARKDUPLICATES_PICARD:BAM_STATS_SAMTOOLS:SAMTOOLS_STATS (Pd98)	COMPLETED	0	2025-08-31 09:35:47.486	6m 18s	6m 18s	66.8%	6.9 MB	222.4 MB	3.7 GB	258.8 KB
2423	74/83ee4f	491844	NFCORE_RNASEQ:RNASEQ:BAM_MARKDUPLICATES_PICARD:BAM_STATS_SAMTOOLS:SAMTOOLS_STATS (Pd119)	COMPLETED	0	2025-08-31 09:40:02.846	3m 5s	3m 4s	106.3%	7.2 MB	222.2 MB	3.5 GB	266.6 KB
2422	21/8b3190	501017	NFCORE_RNASEQ:RNASEQ:BAM_MARKDUPLICATES_PICARD:BAM_STATS_SAMTOOLS:SAMTOOLS_IDXSTATS (Pd150)	COMPLETED	0	2025-08-31 09:43:08.053	840ms	0ms	61.7%	5.3 MB	12 MB	802.2 KB	42.2 KB
2069	1f/4da4a2	411835	NFCORE_RNASEQ:RNASEQ:QUALIMAP_RNASEQ (Pd137)	COMPLETED	0	2025-08-31 09:16:12.933	27m 52s	27m 49s	89.5%	2.6 GB	34.6 GB	26.3 GB	23.1 GB
2424	0a/aee3e3	497712	NFCORE_RNASEQ:RNASEQ:BAM_MARKDUPLICATES_PICARD:BAM_STATS_SAMTOOLS:SAMTOOLS_STATS (Pd106)	COMPLETED	0	2025-08-31 09:42:05.897	2m 4s	2m 3s	144.9%	7.2 MB	222.2 MB	3.5 GB	266.4 KB
2419	39/c34036	505139	NFCORE_RNASEQ:RNASEQ:BAM_MARKDUPLICATES_PICARD:BAM_STATS_SAMTOOLS:SAMTOOLS_FLAGSTAT (Pd122)	COMPLETED	0	2025-08-31 09:44:09.726	33.4s	32s	174.2%	6.2 MB	220.9 MB	3.6 GB	5.4 KB
2426	08/31b8bc	507751	NFCORE_RNASEQ:RNASEQ:BAM_MARKDUPLICATES_PICARD:BAM_STATS_SAMTOOLS:SAMTOOLS_IDXSTATS (Pd152)	COMPLETED	0	2025-08-31 09:44:43.114	798ms	0ms	71.6%	5.9 MB	12.8 MB	816.1 KB	42 KB
2421	4e/c99cf5	501390	NFCORE_RNASEQ:RNASEQ:BAM_MARKDUPLICATES_PICARD:BAM_STATS_SAMTOOLS:SAMTOOLS_STATS (Pd112)	COMPLETED	0	2025-08-31 09:43:08.899	1m 46s	1m 45s	160.7%	6.6 MB	222.4 MB	3.6 GB	265.9 KB
2073	1a/fc8a19	476668	NFCORE_RNASEQ:RNASEQ:BEDTOOLS_GENOMECOV (Pd142)	COMPLETED	0	2025-08-31 09:35:04.766	10m 11s	10m 10s	66.6%	3.4 GB	4.4 GB	6.4 GB	1.2 GB
2077	d9/32fa5a	504459	NFCORE_RNASEQ:RNASEQ:STRINGTIE_STRINGTIE (Pd142)	COMPLETED	0	2025-08-31 09:44:04.633	1m 52s	1m 51s	126.2%	798.2 MB	1 GB	3.1 GB	107.4 MB
2425	60/7f70eb	509033	NFCORE_RNASEQ:RNASEQ:BAM_MARKDUPLICATES_PICARD:BAM_STATS_SAMTOOLS:SAMTOOLS_STATS (Pd115)	COMPLETED	0	2025-08-31 09:44:55.189	1m 37s	1m 36s	168.8%	6.6 MB	222.2 MB	3.5 GB	265.6 KB
2078	11/ebb6d4	513759	NFCORE_RNASEQ:RNASEQ:SUBREAD_FEATURECOUNTS (Pd142)	COMPLETED	0	2025-08-31 09:45:56.314	1m 5s	1m 3s	259.6%	920.5 MB	1.4 GB	10.3 GB	5.6 GB
2081	b2/3ce276	518350	NFCORE_RNASEQ:RNASEQ:BEDGRAPH_BEDCLIP_BEDGRAPHTOBIGWIG_REVERSE:UCSC_BEDCLIP (Pd95)	COMPLETED	0	2025-08-31 09:47:00.903	27s	26s	23.7%	7.2 MB	18.7 MB	240 MB	239.9 MB
2058	d2/9092be	396135	NFCORE_RNASEQ:RNASEQ:QUALIMAP_RNASEQ (Pd134)	COMPLETED	0	2025-08-31 09:13:17.521	34m 16s	34m 14s	86.0%	4.1 GB	34.6 GB	28.8 GB	25.1 GB
2080	41/af81f7	520401	NFCORE_RNASEQ:RNASEQ:BEDGRAPH_BEDCLIP_BEDGRAPHTOBIGWIG_FORWARD:UCSC_BEDCLIP (Pd95)	COMPLETED	0	2025-08-31 09:47:27.944	29.1s	28s	23.6%	7.2 MB	18.7 MB	239.8 MB	239.8 MB
2429	94/01b039	516204	NFCORE_RNASEQ:RNASEQ:BAM_MARKDUPLICATES_PICARD:BAM_STATS_SAMTOOLS:SAMTOOLS_FLAGSTAT (Pd130)	COMPLETED	0	2025-08-31 09:46:32.254	1m 52s	1m 52s	49.5%	5.9 MB	220.9 MB	3.1 GB	5.4 KB
2430	6e/55abdd	526879	NFCORE_RNASEQ:RNASEQ:BAM_MARKDUPLICATES_PICARD:BAM_STATS_SAMTOOLS:SAMTOOLS_FLAGSTAT (Pd128)	COMPLETED	0	2025-08-31 09:48:24.660	28.6s	27s	182.2%	5.9 MB	220.9 MB	3.3 GB	5.4 KB
2427	d3/136dcd	508066	NFCORE_RNASEQ:RNASEQ:BAM_MARKDUPLICATES_PICARD:BAM_STATS_SAMTOOLS:SAMTOOLS_STATS (Pd103)	COMPLETED	0	2025-08-31 09:44:43.918	5m 20s	5m 19s	66.9%	6.6 MB	222.2 MB	3.8 GB	263.9 KB
2431	d3/e1c901	534922	NFCORE_RNASEQ:RNASEQ:BAM_MARKDUPLICATES_PICARD:BAM_STATS_SAMTOOLS:SAMTOOLS_FLAGSTAT (Pd134)	COMPLETED	0	2025-08-31 09:50:03.432	4m 9s	4m 8s	33.1%	5.9 MB	220.9 MB	3.5 GB	5.4 KB
2434	32/9aeadd	552152	NFCORE_RNASEQ:RNASEQ:BAM_MARKDUPLICATES_PICARD:BAM_STATS_SAMTOOLS:SAMTOOLS_FLAGSTAT (Pd137)	COMPLETED	0	2025-08-31 09:54:12.012	1m 55s	1m 55s	53.1%	5.9 MB	220.9 MB	3 GB	5.4 KB
2435	bd/e0a72a	559651	NFCORE_RNASEQ:RNASEQ:BAM_MARKDUPLICATES_PICARD:BAM_STATS_SAMTOOLS:SAMTOOLS_FLAGSTAT (Pd142)	COMPLETED	0	2025-08-31 09:56:07.497	24.4s	24s	179.4%	6.2 MB	220.9 MB	2.9 GB	5.4 KB
2428	a2/7ca373	529497	NFCORE_RNASEQ:RNASEQ:BAM_MARKDUPLICATES_PICARD:BAM_STATS_SAMTOOLS:SAMTOOLS_STATS (Pd120)	COMPLETED	0	2025-08-31 09:48:53.251	7m 45s	7m 45s	53.6%	6.9 MB	222.4 MB	3.5 GB	266.3 KB
2436	b7/bbe01d	561758	NFCORE_RNASEQ:RNASEQ:BAM_MARKDUPLICATES_PICARD:BAM_STATS_SAMTOOLS:SAMTOOLS_FLAGSTAT (Pd143)	COMPLETED	0	2025-08-31 09:56:31.873	40.2s	39s	132.9%	5.9 MB	220.9 MB	3.6 GB	5.4 KB
2432	ca/e91206	562568	NFCORE_RNASEQ:RNASEQ:BAM_MARKDUPLICATES_PICARD:BAM_STATS_SAMTOOLS:SAMTOOLS_STATS (Pd105)	COMPLETED	0	2025-08-31 09:56:38.455	2m 51s	2m 51s	107.0%	6.6 MB	222.4 MB	3.8 GB	267 KB
2433	da/c7e51d	565275	NFCORE_RNASEQ:RNASEQ:BAM_MARKDUPLICATES_PICARD:BAM_STATS_SAMTOOLS:SAMTOOLS_STATS (Pd123)	COMPLETED	0	2025-08-31 09:57:12.093	2m 19s	2m 19s	119.0%	6.9 MB	222.2 MB	3.3 GB	264.5 KB
2437	85/5f8f63	570226	NFCORE_RNASEQ:RNASEQ:BAM_MARKDUPLICATES_PICARD:BAM_STATS_SAMTOOLS:SAMTOOLS_FLAGSTAT (Pd149)	COMPLETED	0	2025-08-31 09:59:29.804	47.2s	46s	124.6%	6.2 MB	220.9 MB	3.4 GB	5.4 KB
2085	45/f5e675	521189	NFCORE_RNASEQ:RNASEQ:BEDTOOLS_GENOMECOV (Pd143)	COMPLETED	0	2025-08-31 09:47:33.280	13m 13s	13m 12s	63.7%	4.6 GB	5.6 GB	8 GB	1.7 GB
2439	30/e5b109	570617	NFCORE_RNASEQ:RNASEQ:BAM_MARKDUPLICATES_PICARD:BAM_STATS_SAMTOOLS:SAMTOOLS_STATS (Pd122)	COMPLETED	0	2025-08-31 09:59:31.394	1m 39s	1m 39s	166.2%	6.6 MB	222.4 MB	3.6 GB	266.7 KB
2089	9b/647fff	574564	NFCORE_RNASEQ:RNASEQ:SUBREAD_FEATURECOUNTS (Pd143)	COMPLETED	0	2025-08-31 10:00:46.565	29.3s	27s	454.1%	681.7 MB	1.2 GB	5 GB	1 GB
2438	f5/38cb0f	572970	NFCORE_RNASEQ:RNASEQ:BAM_MARKDUPLICATES_PICARD:BAM_STATS_SAMTOOLS:SAMTOOLS_FLAGSTAT (Pd150)	COMPLETED	0	2025-08-31 10:00:17.006	1m 2s	1m 1s	90.9%	6.2 MB	220.9 MB	3 GB	5.4 KB
2441	17/1b7878	576239	NFCORE_RNASEQ:RNASEQ:BAM_MARKDUPLICATES_PICARD:BAM_STATS_SAMTOOLS:SAMTOOLS_FLAGSTAT (Pd152)	COMPLETED	0	2025-08-31 10:01:10.370	1m 44s	1m 43s	69.6%	6.2 MB	220.9 MB	3.1 GB	5.4 KB
2440	f5/319f74	577485	NFCORE_RNASEQ:RNASEQ:BAM_MARKDUPLICATES_PICARD:BAM_STATS_SAMTOOLS:SAMTOOLS_STATS (Pd130)	COMPLETED	0	2025-08-31 10:01:19.092	2m 55s	2m 55s	103.1%	6.6 MB	222.4 MB	3.1 GB	227.7 KB
2084	2e/ff3324	576896	NFCORE_RNASEQ:RNASEQ:STRINGTIE_STRINGTIE (Pd143)	COMPLETED	0	2025-08-31 10:01:15.822	3m 1s	3m	102.3%	857.7 MB	1.1 GB	3.8 GB	108.8 MB
2442	1d/1a8bdf	582069	NFCORE_RNASEQ:RNASEQ:BAM_MARKDUPLICATES_PICARD:BAM_STATS_SAMTOOLS:SAMTOOLS_STATS (Pd128)	COMPLETED	0	2025-08-31 10:02:54.014	1m 30s	1m 29s	169.9%	6.9 MB	222.2 MB	3.3 GB	253.5 KB
2444	80/2265bf	587459	NFCORE_RNASEQ:RNASEQ:BAM_MARKDUPLICATES_PICARD:BAM_STATS_SAMTOOLS:SAMTOOLS_STATS (Pd137)	COMPLETED	0	2025-08-31 10:04:23.826	2m 13s	2m 13s	125.0%	6.6 MB	222.2 MB	3 GB	242.8 KB
2443	92/887c54	585805	NFCORE_RNASEQ:RNASEQ:BAM_MARKDUPLICATES_PICARD:BAM_STATS_SAMTOOLS:SAMTOOLS_STATS (Pd134)	COMPLETED	0	2025-08-31 10:04:14.345	2m 42s	2m 41s	122.2%	6.6 MB	222.4 MB	3.5 GB	264.7 KB
2445	07/f0f5c2	594051	NFCORE_RNASEQ:RNASEQ:BAM_MARKDUPLICATES_PICARD:BAM_STATS_SAMTOOLS:SAMTOOLS_STATS (Pd142)	COMPLETED	0	2025-08-31 10:06:37.283	1m 19s	1m 19s	165.6%	6.9 MB	222.2 MB	2.9 GB	263.6 KB
2447	b6/1bd068	595503	NFCORE_RNASEQ:RNASEQ:BAM_MARKDUPLICATES_PICARD:BAM_STATS_SAMTOOLS:SAMTOOLS_STATS (Pd149)	COMPLETED	0	2025-08-31 10:06:56.019	1m 36s	1m 35s	169.3%	7.2 MB	222.2 MB	3.4 GB	266 KB
2075	43/46d91b	510597	NFCORE_RNASEQ:RNASEQ:QUALIMAP_RNASEQ (Pd142)	COMPLETED	0	2025-08-31 09:45:16.240	23m 18s	23m 16s	95.0%	2.6 GB	34.8 GB	22.7 GB	19.7 GB
2446	7c/e9c81c	598775	NFCORE_RNASEQ:RNASEQ:BAM_MARKDUPLICATES_PICARD:BAM_STATS_SAMTOOLS:SAMTOOLS_STATS (Pd143)	COMPLETED	0	2025-08-31 10:07:56.784	1m 44s	1m 43s	157.0%	6.6 MB	222.2 MB	3.6 GB	266.9 KB
2452	fb/ffd819	606745	NFCORE_RNASEQ:RNASEQ:MULTIQC_CUSTOM_BIOTYPE (Pd103)	COMPLETED	0	2025-08-31 10:09:40.478	991ms	1s	65.3%	8.1 MB	19.1 MB	8.7 MB	1.1 MB
2453	0e/f55234	607119	NFCORE_RNASEQ:RNASEQ:MULTIQC_CUSTOM_BIOTYPE (Pd120)	COMPLETED	0	2025-08-31 10:09:41.473	2.2s	2s	15.7%	7.8 MB	19.2 MB	8.7 MB	1.1 MB
2463	94/a7150c	607507	NFCORE_RNASEQ:RNASEQ:MULTIQC_CUSTOM_BIOTYPE (Pd105)	COMPLETED	0	2025-08-31 10:09:43.680	1.1s	0ms	57.0%	7.5 MB	19.1 MB	8.8 MB	1.1 MB
2464	cc/27380a	607951	NFCORE_RNASEQ:RNASEQ:BEDGRAPH_BEDCLIP_BEDGRAPHTOBIGWIG_FORWARD:UCSC_BEDGRAPHTOBIGWIG (Pd14)	COMPLETED	0	2025-08-31 10:09:44.828	37.6s	37s	66.7%	62.5 MB	78.2 MB	1.2 GB	73.9 MB
2465	00/f62d13	610589	NFCORE_RNASEQ:RNASEQ:BEDGRAPH_BEDCLIP_BEDGRAPHTOBIGWIG_REVERSE:UCSC_BEDGRAPHTOBIGWIG (Pd14)	COMPLETED	0	2025-08-31 10:10:22.411	31.8s	31s	78.6%	51.2 MB	66.9 MB	1.2 GB	74 MB
2448	0c/2dd608	601011	NFCORE_RNASEQ:RNASEQ:BAM_MARKDUPLICATES_PICARD:BAM_STATS_SAMTOOLS:SAMTOOLS_STATS (Pd150)	COMPLETED	0	2025-08-31 10:08:32.076	2m 30s	2m 30s	110.4%	6.6 MB	158.5 MB	3 GB	233.9 KB
2094	d7/1c526b	586231	NFCORE_RNASEQ:RNASEQ:BEDTOOLS_GENOMECOV (Pd149)	COMPLETED	0	2025-08-31 10:04:16.636	7m 4s	7m 1s	105.2%	4.4 GB	5.5 GB	7.5 GB	1.6 GB
2466	8d/d6ee1a	612961	NFCORE_RNASEQ:RNASEQ:BEDGRAPH_BEDCLIP_BEDGRAPHTOBIGWIG_REVERSE:UCSC_BEDGRAPHTOBIGWIG (Pd33)	COMPLETED	0	2025-08-31 10:10:54.174	26s	25s	71.3%	9.4 MB	24.9 MB	1011.6 MB	50.1 MB
2470	c0/3119f5	615848	NFCORE_RNASEQ:RNASEQ:MULTIQC_CUSTOM_BIOTYPE (Pd123)	COMPLETED	0	2025-08-31 10:11:20.201	873ms	0ms	102.6%	4.7 MB	10.1 MB	8.7 MB	1.1 MB
2473	d0/ccd408	616381	NFCORE_RNASEQ:RNASEQ:MULTIQC_CUSTOM_BIOTYPE (Pd122)	COMPLETED	0	2025-08-31 10:11:21.089	2s	1s	21.9%	7.5 MB	19.1 MB	8.7 MB	1.1 MB
2467	8c/d081aa	614090	NFCORE_RNASEQ:RNASEQ:BEDGRAPH_BEDCLIP_BEDGRAPHTOBIGWIG_FORWARD:UCSC_BEDGRAPHTOBIGWIG (Pd33)	COMPLETED	0	2025-08-31 10:11:02.407	22.2s	22s	83.4%	24.4 MB	40.1 MB	1011.4 MB	50 MB
2095	9a/85bd48	615837	NFCORE_RNASEQ:RNASEQ:SUBREAD_FEATURECOUNTS (Pd149)	COMPLETED	0	2025-08-31 10:11:20.175	32.2s	31s	430.6%	600.2 MB	1.1 GB	5.2 GB	1.3 GB
2474	c3/593650	616880	NFCORE_RNASEQ:RNASEQ:BEDGRAPH_BEDCLIP_BEDGRAPHTOBIGWIG_FORWARD:UCSC_BEDGRAPHTOBIGWIG (Pd77)	COMPLETED	0	2025-08-31 10:11:23.086	34.9s	34s	44.5%	34.1 MB	49.8 MB	662.9 MB	43.3 MB
2475	95/d14fdf	617211	NFCORE_RNASEQ:RNASEQ:BEDGRAPH_BEDCLIP_BEDGRAPHTOBIGWIG_REVERSE:UCSC_BEDGRAPHTOBIGWIG (Pd77)	COMPLETED	0	2025-08-31 10:11:24.639	35.5s	34s	41.6%	31.9 MB	47.1 MB	663 MB	43.3 MB
2476	55/0fbe68	620593	NFCORE_RNASEQ:RNASEQ:BEDGRAPH_BEDCLIP_BEDGRAPHTOBIGWIG_FORWARD:UCSC_BEDGRAPHTOBIGWIG (Pd80)	COMPLETED	0	2025-08-31 10:11:57.977	32.7s	32s	65.4%	53.4 MB	69.1 MB	983.7 MB	62.3 MB
2477	fb/2d8eae	621138	NFCORE_RNASEQ:RNASEQ:BEDGRAPH_BEDCLIP_BEDGRAPHTOBIGWIG_REVERSE:UCSC_BEDGRAPHTOBIGWIG (Pd80)	COMPLETED	0	2025-08-31 10:12:00.115	33.4s	33s	63.8%	52.8 MB	68.5 MB	982.8 MB	62.2 MB
2478	e0/3a86b0	623802	NFCORE_RNASEQ:RNASEQ:BEDGRAPH_BEDCLIP_BEDGRAPHTOBIGWIG_FORWARD:UCSC_BEDGRAPHTOBIGWIG (Pd84)	COMPLETED	0	2025-08-31 10:12:30.656	15.5s	14s	70.4%	9.1 MB	24.8 MB	570 MB	30.2 MB
2479	fb/85582e	624269	NFCORE_RNASEQ:RNASEQ:BEDGRAPH_BEDCLIP_BEDGRAPHTOBIGWIG_REVERSE:UCSC_BEDGRAPHTOBIGWIG (Pd84)	COMPLETED	0	2025-08-31 10:12:33.547	15.4s	14s	69.4%	9.4 MB	24.7 MB	570 MB	30.2 MB
2480	c9/c94ce4	625937	NFCORE_RNASEQ:RNASEQ:BEDGRAPH_BEDCLIP_BEDGRAPHTOBIGWIG_REVERSE:UCSC_BEDGRAPHTOBIGWIG (Pd87)	COMPLETED	0	2025-08-31 10:12:46.173	31.6s	31s	64.4%	40.6 MB	56 MB	935.8 MB	60.3 MB
2482	4c/e40197	628738	NFCORE_RNASEQ:RNASEQ:MULTIQC_CUSTOM_BIOTYPE (Pd130)	COMPLETED	0	2025-08-31 10:13:17.770	876ms	0ms	97.9%	6.2 MB	14.7 MB	8.7 MB	1.1 MB
2481	81/536737	626347	NFCORE_RNASEQ:RNASEQ:BEDGRAPH_BEDCLIP_BEDGRAPHTOBIGWIG_FORWARD:UCSC_BEDGRAPHTOBIGWIG (Pd87)	COMPLETED	0	2025-08-31 10:12:48.989	31.9s	31s	64.6%	39.7 MB	55.4 MB	935.1 MB	60.2 MB
2486	1b/2cd34b	629511	NFCORE_RNASEQ:RNASEQ:BEDGRAPH_BEDCLIP_BEDGRAPHTOBIGWIG_FORWARD:UCSC_BEDGRAPHTOBIGWIG (Pd86)	COMPLETED	0	2025-08-31 10:13:20.850	26.9s	26s	65.1%	9.1 MB	24.9 MB	955.3 MB	47.5 MB
2489	6e/cc40ac	631764	NFCORE_RNASEQ:RNASEQ:MULTIQC_CUSTOM_BIOTYPE (Pd128)	COMPLETED	0	2025-08-31 10:13:47.751	884ms	0ms	92.8%	4.7 MB	10.1 MB	8.7 MB	1.1 MB
2490	b4/31aae3	632129	NFCORE_RNASEQ:RNASEQ:MULTIQC_CUSTOM_BIOTYPE (Pd134)	COMPLETED	0	2025-08-31 10:13:48.641	901ms	0ms	100.0%	4.4 MB	10.1 MB	8.8 MB	1.1 MB
2485	40/75f3d0	629099	NFCORE_RNASEQ:RNASEQ:BEDGRAPH_BEDCLIP_BEDGRAPHTOBIGWIG_REVERSE:UCSC_BEDGRAPHTOBIGWIG (Pd86)	COMPLETED	0	2025-08-31 10:13:18.652	31.9s	31s	56.3%	9.1 MB	24.9 MB	955.8 MB	47.5 MB
2093	8a/e7e7e9	619862	NFCORE_RNASEQ:RNASEQ:STRINGTIE_STRINGTIE (Pd149)	COMPLETED	0	2025-08-31 10:11:52.364	2m 22s	2m 21s	127.2%	833.2 MB	1.1 GB	3.6 GB	107.6 MB
2494	f1/9a2e8f	632634	NFCORE_RNASEQ:RNASEQ:BEDGRAPH_BEDCLIP_BEDGRAPHTOBIGWIG_FORWARD:UCSC_BEDGRAPHTOBIGWIG (Pd93)	COMPLETED	0	2025-08-31 10:13:50.536	26.1s	25s	65.2%	9.7 MB	24.9 MB	893.1 MB	45.6 MB
2497	da/dedb63	635363	NFCORE_RNASEQ:RNASEQ:MULTIQC_CUSTOM_BIOTYPE (Pd137)	COMPLETED	0	2025-08-31 10:14:16.599	899ms	0ms	112.9%	2.8 MB	5.4 MB	8.7 MB	1.1 MB
2493	41/bc6aa9	632415	NFCORE_RNASEQ:RNASEQ:BEDGRAPH_BEDCLIP_BEDGRAPHTOBIGWIG_REVERSE:UCSC_BEDGRAPHTOBIGWIG (Pd93)	COMPLETED	0	2025-08-31 10:13:49.548	29s	28s	59.1%	22.2 MB	37.5 MB	895.2 MB	45.6 MB
2500	ac/f9915d	635797	NFCORE_RNASEQ:RNASEQ:MULTIQC_CUSTOM_BIOTYPE (Pd142)	COMPLETED	0	2025-08-31 10:14:17.504	2.5s	2s	14.8%	8.4 MB	19.2 MB	8.7 MB	1.1 MB
2501	c2/a7cae5	636156	NFCORE_RNASEQ:RNASEQ:BEDGRAPH_BEDCLIP_BEDGRAPHTOBIGWIG_REVERSE:UCSC_BEDGRAPHTOBIGWIG (Pd95)	COMPLETED	0	2025-08-31 10:14:18.601	17.1s	16s	77.3%	20.6 MB	35.9 MB	719.7 MB	35.9 MB
2505	39/882482	638716	NFCORE_RNASEQ:RNASEQ:MULTIQC_CUSTOM_BIOTYPE (Pd143)	COMPLETED	0	2025-08-31 10:14:35.682	867ms	0ms	94.9%	5 MB	10.1 MB	8.8 MB	1.1 MB
2508	f1/e67372	639176	NFCORE_RNASEQ:RNASEQ:MULTIQC_CUSTOM_BIOTYPE (Pd149)	COMPLETED	0	2025-08-31 10:14:36.555	907ms	0ms	114.5%	2.5 MB	5.4 MB	8.8 MB	1.1 MB
2502	b4/1ecebb	636565	NFCORE_RNASEQ:RNASEQ:BEDGRAPH_BEDCLIP_BEDGRAPHTOBIGWIG_FORWARD:UCSC_BEDGRAPHTOBIGWIG (Pd95)	COMPLETED	0	2025-08-31 10:14:20.039	18.7s	18s	71.2%	16.9 MB	32.2 MB	719.3 MB	35.9 MB
2086	87/dc6348	523819	NFCORE_RNASEQ:RNASEQ:QUALIMAP_RNASEQ (Pd143)	COMPLETED	0	2025-08-31 09:47:57.010	29m 36s	29m 33s	95.3%	2.7 GB	34.6 GB	27.2 GB	23.5 GB
2098	c0/31af66	634894	NFCORE_RNASEQ:RNASEQ:BEDTOOLS_GENOMECOV (Pd150)	COMPLETED	0	2025-08-31 10:14:14.224	6m 50s	6m 49s	95.6%	4.1 GB	5.1 GB	6.7 GB	1.5 GB
2103	89/350bac	654107	NFCORE_RNASEQ:RNASEQ:SUBREAD_FEATURECOUNTS (Pd150)	COMPLETED	0	2025-08-31 10:21:04.713	50.7s	49s	288.6%	1.1 GB	1.5 GB	7.4 GB	3.3 GB
2511	c2/39a2ae	656557	NFCORE_RNASEQ:RNASEQ:MULTIQC_CUSTOM_BIOTYPE (Pd150)	COMPLETED	0	2025-08-31 10:21:56.407	879ms	1s	113.5%	2.8 MB	5.4 MB	8.7 MB	1.1 MB
2100	a1/7a8410	656291	NFCORE_RNASEQ:RNASEQ:STRINGTIE_STRINGTIE (Pd150)	COMPLETED	0	2025-08-31 10:21:55.399	2m 3s	2m 3s	109.3%	539.9 MB	859.6 MB	3.2 GB	106.3 MB
2106	49/9c2a27	660725	NFCORE_RNASEQ:RNASEQ:BEDGRAPH_BEDCLIP_BEDGRAPHTOBIGWIG_REVERSE:UCSC_BEDCLIP (Pd110)	COMPLETED	0	2025-08-31 10:23:58.346	21s	21s	32.6%	7.2 MB	18.7 MB	357.7 MB	357.6 MB
2105	8b/dd60cc	662024	NFCORE_RNASEQ:RNASEQ:BEDGRAPH_BEDCLIP_BEDGRAPHTOBIGWIG_FORWARD:UCSC_BEDCLIP (Pd110)	COMPLETED	0	2025-08-31 10:24:19.313	7.6s	7s	73.6%	6.9 MB	18.7 MB	357.9 MB	357.8 MB
2109	34/2e1701	663212	NFCORE_RNASEQ:RNASEQ:BEDGRAPH_BEDCLIP_BEDGRAPHTOBIGWIG_REVERSE:UCSC_BEDCLIP (Pd98)	COMPLETED	0	2025-08-31 10:24:26.901	11.7s	11s	46.3%	7.2 MB	18.7 MB	323.4 MB	323.3 MB
2512	1d/cf3d89	662290	NFCORE_RNASEQ:RNASEQ:BEDGRAPH_BEDCLIP_BEDGRAPHTOBIGWIG_REVERSE:UCSC_BEDGRAPHTOBIGWIG (Pd110)	COMPLETED	0	2025-08-31 10:24:20.322	22s	22s	99.5%	45 MB	60.8 MB	1 GB	67.7 MB
2513	9a/397ef3	663217	NFCORE_RNASEQ:RNASEQ:BEDGRAPH_BEDCLIP_BEDGRAPHTOBIGWIG_FORWARD:UCSC_BEDGRAPHTOBIGWIG (Pd110)	COMPLETED	0	2025-08-31 10:24:26.907	22.3s	21s	98.1%	58.4 MB	74.3 MB	1 GB	67.7 MB
2108	37/2c8624	665269	NFCORE_RNASEQ:RNASEQ:BEDGRAPH_BEDCLIP_BEDGRAPHTOBIGWIG_FORWARD:UCSC_BEDCLIP (Pd98)	COMPLETED	0	2025-08-31 10:24:38.631	13.7s	13s	41.1%	7.2 MB	18.7 MB	323.2 MB	323.1 MB
2514	e2/16bf11	665766	NFCORE_RNASEQ:RNASEQ:BEDGRAPH_BEDCLIP_BEDGRAPHTOBIGWIG_REVERSE:UCSC_BEDGRAPHTOBIGWIG (Pd98)	COMPLETED	0	2025-08-31 10:24:42.304	25.7s	25s	70.4%	19.7 MB	35.4 MB	969.9 MB	48.2 MB
2515	86/ad896c	667701	NFCORE_RNASEQ:RNASEQ:BEDGRAPH_BEDCLIP_BEDGRAPHTOBIGWIG_FORWARD:UCSC_BEDGRAPHTOBIGWIG (Pd98)	COMPLETED	0	2025-08-31 10:24:53.336	17.2s	17s	97.4%	25 MB	40.2 MB	969.5 MB	48.2 MB
2112	94/d7ec64	667312	NFCORE_RNASEQ:RNASEQ:BEDGRAPH_BEDCLIP_BEDGRAPHTOBIGWIG_REVERSE:UCSC_BEDCLIP (Pd112)	COMPLETED	0	2025-08-31 10:24:52.328	19.1s	19s	37.4%	7.2 MB	18.7 MB	380.1 MB	380.1 MB
2111	88/b47083	669601	NFCORE_RNASEQ:RNASEQ:BEDGRAPH_BEDCLIP_BEDGRAPHTOBIGWIG_FORWARD:UCSC_BEDCLIP (Pd112)	COMPLETED	0	2025-08-31 10:25:11.460	21.5s	21s	33.3%	7.2 MB	18.7 MB	379.6 MB	379.5 MB
2516	a0/eef283	669863	NFCORE_RNASEQ:RNASEQ:BEDGRAPH_BEDCLIP_BEDGRAPHTOBIGWIG_REVERSE:UCSC_BEDGRAPHTOBIGWIG (Pd112)	COMPLETED	0	2025-08-31 10:25:12.471	22.5s	22s	89.5%	26.9 MB	41.9 MB	1.1 GB	56.1 MB
2517	20/e914a9	672064	NFCORE_RNASEQ:RNASEQ:BEDGRAPH_BEDCLIP_BEDGRAPHTOBIGWIG_FORWARD:UCSC_BEDGRAPHTOBIGWIG (Pd112)	COMPLETED	0	2025-08-31 10:25:33.962	19.5s	19s	99.7%	21.9 MB	36.6 MB	1.1 GB	56 MB
2119	09/bed060	671662	NFCORE_RNASEQ:RNASEQ:BAM_RSEQC:RSEQC_BAMSTAT (Pd120)	COMPLETED	0	2025-08-31 10:25:32.954	3m 13s	3m 12s	95.9%	46.2 MB	5.3 GB	3.6 GB	1.3 KB
2117	7e/88aadc	677652	NFCORE_RNASEQ:RNASEQ:BAM_RSEQC:RSEQC_READDUPLICATION (Pd120)	COMPLETED	0	2025-08-31 10:28:46.175	4m 41s	4m 41s	104.5%	7.5 GB	12.7 GB	3.6 GB	780.5 KB
2113	df/e6931d	682953	NFCORE_RNASEQ:RNASEQ:BAM_RSEQC:RSEQC_INFEREXPERIMENT (Pd120)	COMPLETED	0	2025-08-31 10:33:27.536	2.9s	2s	513.8%	50 MB	5.3 GB	35.8 MB	807 B
2092	cf/9272c0	601548	NFCORE_RNASEQ:RNASEQ:QUALIMAP_RNASEQ (Pd149)	COMPLETED	0	2025-08-31 10:08:34.680	26m 49s	26m 47s	108.1%	3.2 GB	34.6 GB	27.6 GB	24.1 GB
2114	8a/62af90	683429	NFCORE_RNASEQ:RNASEQ:BAM_RSEQC:RSEQC_JUNCTIONANNOTATION (Pd120)	COMPLETED	0	2025-08-31 10:33:30.416	2m 22s	2m 21s	108.9%	68.3 MB	5.3 GB	3.6 GB	39.4 MB
2116	2f/c67e58	687558	NFCORE_RNASEQ:RNASEQ:BAM_RSEQC:RSEQC_JUNCTIONSATURATION (Pd120)	COMPLETED	0	2025-08-31 10:35:52.779	2m 46s	2m 45s	107.6%	1.2 GB	6.4 GB	3.6 GB	28.1 KB
2118	b6/9ba74d	685973	NFCORE_RNASEQ:RNASEQ:BAM_RSEQC:RSEQC_READDISTRIBUTION (Pd120)	COMPLETED	0	2025-08-31 10:35:23.915	3m 41s	3m 40s	103.9%	214.3 MB	5.4 GB	3.6 GB	1.7 KB
2115	17/6a5bc3	692323	NFCORE_RNASEQ:RNASEQ:BAM_RSEQC:RSEQC_INNERDISTANCE (Pd120)	COMPLETED	0	2025-08-31 10:38:38.999	45.8s	45s	127.5%	312.7 MB	5.5 GB	291.4 MB	61.7 MB
2126	2a/1a80fa	695260	NFCORE_RNASEQ:RNASEQ:BAM_RSEQC:RSEQC_INFEREXPERIMENT (Pd105)	COMPLETED	0	2025-08-31 10:39:24.834	2.8s	2s	519.3%	50 MB	5.3 GB	34.7 MB	807 B
2099	76/098c10	645480	NFCORE_RNASEQ:RNASEQ:QUALIMAP_RNASEQ (Pd150)	COMPLETED	0	2025-08-31 10:17:32.817	22m 29s	22m 27s	102.6%	4 GB	34.8 GB	25.1 GB	22 GB
2124	2d/4e886a	697292	NFCORE_RNASEQ:RNASEQ:BAM_RSEQC:RSEQC_JUNCTIONSATURATION (Pd105)	COMPLETED	0	2025-08-31 10:40:01.926	2m 50s	2m 49s	106.8%	1.1 GB	6.3 GB	3.9 GB	28.2 KB
2122	b2/6c0edf	693892	NFCORE_RNASEQ:RNASEQ:BAM_RSEQC:RSEQC_READDISTRIBUTION (Pd105)	COMPLETED	0	2025-08-31 10:39:05.045	3m 57s	3m 57s	102.4%	214.8 MB	5.4 GB	3.9 GB	1.7 KB
2123	c6/dba214	703571	NFCORE_RNASEQ:RNASEQ:BAM_RSEQC:RSEQC_INNERDISTANCE (Pd105)	COMPLETED	0	2025-08-31 10:42:51.574	40.8s	40s	131.0%	312.3 MB	5.5 GB	169.6 MB	60.2 MB
2121	ce/5005f9	695786	NFCORE_RNASEQ:RNASEQ:BAM_RSEQC:RSEQC_READDUPLICATION (Pd105)	COMPLETED	0	2025-08-31 10:39:27.639	4m 57s	4m 56s	104.3%	8.3 GB	13.5 GB	3.9 GB	718.9 KB
2125	3f/9fbad8	706547	NFCORE_RNASEQ:RNASEQ:BAM_RSEQC:RSEQC_JUNCTIONANNOTATION (Pd105)	COMPLETED	0	2025-08-31 10:43:32.429	2m 23s	2m 21s	108.9%	69.8 MB	5.3 GB	3.9 GB	42.5 MB
2120	05/6ec928	704713	NFCORE_RNASEQ:RNASEQ:BAM_RSEQC:RSEQC_BAMSTAT (Pd105)	COMPLETED	0	2025-08-31 10:43:02.438	3m 2s	3m	104.6%	45.9 MB	5.3 GB	3.8 GB	1.3 KB
2133	e0/6e2768	709028	NFCORE_RNASEQ:RNASEQ:BAM_RSEQC:RSEQC_BAMSTAT (Pd123)	COMPLETED	0	2025-08-31 10:44:24.777	2m 48s	2m 47s	102.6%	46.2 MB	5.3 GB	3.3 GB	1.3 KB
2127	c6/142482	716932	NFCORE_RNASEQ:RNASEQ:BAM_RSEQC:RSEQC_INFEREXPERIMENT (Pd123)	COMPLETED	0	2025-08-31 10:47:12.636	2.8s	2s	517.2%	50.1 MB	5.3 GB	34.1 MB	807 B
2132	15/0b24fd	717462	NFCORE_RNASEQ:RNASEQ:BAM_RSEQC:RSEQC_INNERDISTANCE (Pd123)	COMPLETED	0	2025-08-31 10:47:15.475	42.7s	41s	129.3%	332 MB	10.8 GB	222.4 MB	60.5 MB
2128	bc/bdbab4	713841	NFCORE_RNASEQ:RNASEQ:BAM_RSEQC:RSEQC_READDISTRIBUTION (Pd123)	COMPLETED	0	2025-08-31 10:46:04.063	3m 30s	3m 29s	104.1%	215 MB	5.4 GB	3.3 GB	1.7 KB
2129	5d/9983a1	719753	NFCORE_RNASEQ:RNASEQ:BAM_RSEQC:RSEQC_JUNCTIONANNOTATION (Pd123)	COMPLETED	0	2025-08-31 10:47:58.157	2m 14s	2m 13s	109.3%	68.9 MB	5.3 GB	3.3 GB	36.3 MB
2135	cb/7b6f8a	725698	NFCORE_RNASEQ:RNASEQ:BEDGRAPH_BEDCLIP_BEDGRAPHTOBIGWIG_FORWARD:UCSC_BEDCLIP (Pd119)	COMPLETED	0	2025-08-31 10:50:12.208	6.1s	6s	86.6%	6.9 MB	18.7 MB	362.8 MB	362.7 MB
2130	d2/7a29d9	712814	NFCORE_RNASEQ:RNASEQ:BAM_RSEQC:RSEQC_READDUPLICATION (Pd123)	COMPLETED	0	2025-08-31 10:45:55.143	4m 30s	4m 29s	104.7%	7.5 GB	12.7 GB	3.3 GB	817 KB
2134	f0/9e3971	726343	NFCORE_RNASEQ:RNASEQ:BEDGRAPH_BEDCLIP_BEDGRAPHTOBIGWIG_REVERSE:UCSC_BEDCLIP (Pd119)	COMPLETED	0	2025-08-31 10:50:18.348	10.6s	10s	53.1%	6.9 MB	18.7 MB	362.6 MB	362.5 MB
2143	ff/44ea50	727581	NFCORE_RNASEQ:RNASEQ:BAM_RSEQC:RSEQC_INFEREXPERIMENT (Pd122)	COMPLETED	0	2025-08-31 10:50:24.894	4.9s	4s	239.0%	50.3 MB	5.3 GB	34.5 MB	806 B
2518	3d/9bbda7	726346	NFCORE_RNASEQ:RNASEQ:BEDGRAPH_BEDCLIP_BEDGRAPHTOBIGWIG_FORWARD:UCSC_BEDGRAPHTOBIGWIG (Pd119)	COMPLETED	0	2025-08-31 10:50:18.355	22.4s	22s	99.6%	56.9 MB	72.1 MB	1.1 GB	67.8 MB
2519	1c/0bf5db	728893	NFCORE_RNASEQ:RNASEQ:BEDGRAPH_BEDCLIP_BEDGRAPHTOBIGWIG_REVERSE:UCSC_BEDGRAPHTOBIGWIG (Pd119)	COMPLETED	0	2025-08-31 10:50:29.840	21.8s	21s	100.1%	43.7 MB	58.9 MB	1.1 GB	67.7 MB
2131	a1/e3eae1	723591	NFCORE_RNASEQ:RNASEQ:BAM_RSEQC:RSEQC_JUNCTIONSATURATION (Pd123)	COMPLETED	0	2025-08-31 10:49:33.949	2m 34s	2m 34s	108.2%	953 MB	6.2 GB	3.3 GB	28 KB
2140	5a/07833f	728554	NFCORE_RNASEQ:RNASEQ:BAM_RSEQC:RSEQC_JUNCTIONSATURATION (Pd122)	COMPLETED	0	2025-08-31 10:50:28.954	2m 48s	2m 47s	105.7%	1.2 GB	6.4 GB	3.6 GB	28 KB
2139	ca/dc189f	728888	NFCORE_RNASEQ:RNASEQ:BAM_RSEQC:RSEQC_BAMSTAT (Pd122)	COMPLETED	0	2025-08-31 10:50:29.834	2m 56s	2m 55s	103.3%	46.1 MB	5.3 GB	3.6 GB	1.3 KB
2142	63/bcc94a	738272	NFCORE_RNASEQ:RNASEQ:BAM_RSEQC:RSEQC_INNERDISTANCE (Pd122)	COMPLETED	0	2025-08-31 10:53:25.609	45.5s	44s	127.6%	312.3 MB	5.5 GB	309.7 MB	62.4 MB
2138	e0/beef9b	740705	NFCORE_RNASEQ:RNASEQ:BAM_RSEQC:RSEQC_JUNCTIONANNOTATION (Pd122)	COMPLETED	0	2025-08-31 10:54:11.129	2m 22s	2m 22s	108.9%	67.7 MB	5.3 GB	3.6 GB	38.5 MB
2137	dc/91b20e	734272	NFCORE_RNASEQ:RNASEQ:BAM_RSEQC:RSEQC_READDUPLICATION (Pd122)	COMPLETED	0	2025-08-31 10:52:08.307	4m 40s	4m 39s	104.6%	7.5 GB	12.7 GB	3.6 GB	790.7 KB
2141	ff/740223	737301	NFCORE_RNASEQ:RNASEQ:BAM_RSEQC:RSEQC_READDISTRIBUTION (Pd122)	COMPLETED	0	2025-08-31 10:53:16.547	3m 43s	3m 41s	103.8%	214.6 MB	5.4 GB	3.6 GB	1.7 KB
2148	b4/b73f30	748601	NFCORE_RNASEQ:RNASEQ:BAM_RSEQC:RSEQC_INFEREXPERIMENT (Pd130)	COMPLETED	0	2025-08-31 10:56:59.245	2.8s	2s	515.6%	50.3 MB	5.3 GB	33.4 MB	807 B
2150	a3/15edc4	749184	NFCORE_RNASEQ:RNASEQ:BAM_RSEQC:RSEQC_INNERDISTANCE (Pd130)	COMPLETED	0	2025-08-31 10:57:02.070	45.1s	44s	128.3%	312.7 MB	5.5 GB	375.9 MB	60.3 MB
2146	6a/26b4e5	746123	NFCORE_RNASEQ:RNASEQ:BAM_RSEQC:RSEQC_BAMSTAT (Pd130)	COMPLETED	0	2025-08-31 10:56:33.311	2m 11s	2m 11s	105.6%	45 MB	5.3 GB	3.1 GB	1.3 KB
2144	df/6285b9	747465	NFCORE_RNASEQ:RNASEQ:BAM_RSEQC:RSEQC_READDISTRIBUTION (Pd130)	COMPLETED	0	2025-08-31 10:56:48.184	2m 39s	2m 39s	105.3%	214.8 MB	5.4 GB	3.1 GB	1.7 KB
2147	dd/39109f	751419	NFCORE_RNASEQ:RNASEQ:BAM_RSEQC:RSEQC_JUNCTIONANNOTATION (Pd130)	COMPLETED	0	2025-08-31 10:57:47.143	1m 45s	1m 45s	112.0%	136.3 MB	10.6 GB	3.1 GB	32.1 MB
2149	7a/b20758	754016	NFCORE_RNASEQ:RNASEQ:BAM_RSEQC:RSEQC_JUNCTIONSATURATION (Pd130)	COMPLETED	0	2025-08-31 10:58:44.585	2m 10s	2m 9s	109.8%	619.9 MB	5.8 GB	3.1 GB	27.9 KB
2155	ea/670f2c	760755	NFCORE_RNASEQ:RNASEQ:BAM_RSEQC:RSEQC_BAMSTAT (Pd128)	COMPLETED	0	2025-08-31 11:00:54.407	2m 14s	2m 12s	106.3%	45.8 MB	5.3 GB	3.4 GB	1.3 KB
2145	60/159053	756234	NFCORE_RNASEQ:RNASEQ:BAM_RSEQC:RSEQC_READDUPLICATION (Pd130)	COMPLETED	0	2025-08-31 10:59:27.616	3m 54s	3m 53s	105.4%	5.1 GB	10.3 GB	3.1 GB	1 MB
2152	28/3d3094	757006	NFCORE_RNASEQ:RNASEQ:BAM_RSEQC:RSEQC_READDUPLICATION (Pd128)	COMPLETED	0	2025-08-31 10:59:32.552	4m 9s	4m 8s	105.1%	4.5 GB	9.7 GB	3.4 GB	1.1 MB
2156	ff/62e5ca	768653	NFCORE_RNASEQ:RNASEQ:BAM_RSEQC:RSEQC_INFEREXPERIMENT (Pd128)	COMPLETED	0	2025-08-31 11:03:41.773	2.8s	2s	520.6%	49.7 MB	5.3 GB	33.7 MB	807 B
2153	67/f9c902	765797	NFCORE_RNASEQ:RNASEQ:BAM_RSEQC:RSEQC_JUNCTIONSATURATION (Pd128)	COMPLETED	0	2025-08-31 11:03:08.174	2m 22s	2m 21s	109.0%	665.1 MB	5.9 GB	3.4 GB	28 KB
2154	a5/82b154	769184	NFCORE_RNASEQ:RNASEQ:BAM_RSEQC:RSEQC_JUNCTIONANNOTATION (Pd128)	COMPLETED	0	2025-08-31 11:03:44.553	1m 52s	1m 51s	111.3%	69.1 MB	5.3 GB	3.4 GB	32.5 MB
2161	4f/1ed109	774243	NFCORE_RNASEQ:RNASEQ:BAM_RSEQC:RSEQC_INFEREXPERIMENT (Pd134)	COMPLETED	0	2025-08-31 11:05:36.374	2.9s	3s	507.4%	49.7 MB	5.3 GB	34.5 MB	807 B
2157	d5/7469be	767140	NFCORE_RNASEQ:RNASEQ:BAM_RSEQC:RSEQC_READDISTRIBUTION (Pd128)	COMPLETED	0	2025-08-31 11:03:22.044	2m 46s	2m 45s	105.1%	214.6 MB	5.4 GB	3.4 GB	1.7 KB
2151	68/04530a	773327	NFCORE_RNASEQ:RNASEQ:BAM_RSEQC:RSEQC_INNERDISTANCE (Pd128)	COMPLETED	0	2025-08-31 11:05:29.813	46.9s	46s	127.1%	312.3 MB	5.5 GB	394.6 MB	60.6 MB
2162	52/4a2516	774847	NFCORE_RNASEQ:RNASEQ:BAM_RSEQC:RSEQC_BAMSTAT (Pd134)	COMPLETED	0	2025-08-31 11:05:39.247	2m 51s	2m 50s	102.1%	45.8 MB	5.3 GB	3.6 GB	1.3 KB
2160	6d/e370e1	777643	NFCORE_RNASEQ:RNASEQ:BAM_RSEQC:RSEQC_JUNCTIONSATURATION (Pd134)	COMPLETED	0	2025-08-31 11:06:16.730	2m 41s	2m 40s	107.7%	1 GB	11.5 GB	3.6 GB	28.1 KB
2159	88/5112cf	776623	NFCORE_RNASEQ:RNASEQ:BAM_RSEQC:RSEQC_READDUPLICATION (Pd134)	COMPLETED	0	2025-08-31 11:06:08.132	4m 43s	4m 43s	104.4%	7.5 GB	18 GB	3.6 GB	929.1 KB
2163	36/77a573	784588	NFCORE_RNASEQ:RNASEQ:BAM_RSEQC:RSEQC_JUNCTIONANNOTATION (Pd134)	COMPLETED	0	2025-08-31 11:08:57.509	2m 13s	2m 12s	109.5%	67.7 MB	5.3 GB	3.6 GB	38.9 MB
2164	0c/b358e5	789158	NFCORE_RNASEQ:RNASEQ:BAM_RSEQC:RSEQC_INNERDISTANCE (Pd134)	COMPLETED	0	2025-08-31 11:10:51.572	41.6s	40s	130.5%	312.3 MB	5.5 GB	167.9 MB	60.4 MB
2158	23/2f3adb	782786	NFCORE_RNASEQ:RNASEQ:BAM_RSEQC:RSEQC_READDISTRIBUTION (Pd134)	COMPLETED	0	2025-08-31 11:08:30.169	3m 38s	3m 37s	103.9%	214.4 MB	5.4 GB	3.6 GB	1.7 KB
2167	4a/646a38	790620	NFCORE_RNASEQ:RNASEQ:BAM_RSEQC:RSEQC_JUNCTIONANNOTATION (Pd137)	COMPLETED	0	2025-08-31 11:11:10.563	1m 49s	1m 47s	107.3%	68 MB	5.3 GB	3.1 GB	31.1 MB
2166	1d/c95a9c	792180	NFCORE_RNASEQ:RNASEQ:BAM_RSEQC:RSEQC_BAMSTAT (Pd137)	COMPLETED	0	2025-08-31 11:11:33.179	2m 3s	2m 3s	106.9%	46.1 MB	5.3 GB	3.1 GB	1.3 KB
2169	c7/6ecbf0	796538	NFCORE_RNASEQ:RNASEQ:BAM_RSEQC:RSEQC_READDISTRIBUTION (Pd137)	COMPLETED	0	2025-08-31 11:12:59.249	2m 34s	2m 34s	105.5%	214.8 MB	5.4 GB	3.1 GB	1.7 KB
2170	88/9e4ca9	798553	NFCORE_RNASEQ:RNASEQ:BAM_RSEQC:RSEQC_JUNCTIONSATURATION (Pd137)	COMPLETED	0	2025-08-31 11:13:36.385	2m 10s	2m 9s	109.8%	599.5 MB	5.8 GB	3.1 GB	27.9 KB
2168	f7/b091c7	804432	NFCORE_RNASEQ:RNASEQ:BAM_RSEQC:RSEQC_INFEREXPERIMENT (Pd137)	COMPLETED	0	2025-08-31 11:15:46.199	2.8s	2s	519.4%	50.3 MB	5.3 GB	33.5 MB	807 B
2171	b7/eda9dd	794064	NFCORE_RNASEQ:RNASEQ:BAM_RSEQC:RSEQC_READDUPLICATION (Pd137)	COMPLETED	0	2025-08-31 11:12:07.954	4m 8s	4m 7s	105.1%	4.5 GB	15 GB	3.1 GB	1.1 MB
2165	be/d0e152	803087	NFCORE_RNASEQ:RNASEQ:BAM_RSEQC:RSEQC_INNERDISTANCE (Pd137)	COMPLETED	0	2025-08-31 11:15:33.756	45.5s	45s	128.2%	311.7 MB	5.5 GB	260.7 MB	60 MB
2174	d1/989392	804962	NFCORE_RNASEQ:RNASEQ:BAM_RSEQC:RSEQC_JUNCTIONANNOTATION (Pd142)	COMPLETED	0	2025-08-31 11:15:49.029	1m 53s	1m 52s	106.7%	67.6 MB	5.3 GB	2.9 GB	36.6 MB
2172	60/df5967	811039	NFCORE_RNASEQ:RNASEQ:BAM_RSEQC:RSEQC_INFEREXPERIMENT (Pd142)	COMPLETED	0	2025-08-31 11:17:41.986	2.8s	2s	520.2%	50.1 MB	5.3 GB	33.5 MB	807 B
2178	9f/e3f5da	806618	NFCORE_RNASEQ:RNASEQ:BAM_RSEQC:RSEQC_BAMSTAT (Pd142)	COMPLETED	0	2025-08-31 11:16:15.518	2m 8s	2m 7s	106.6%	46.1 MB	5.3 GB	2.9 GB	1.3 KB
2173	83/21c4d3	807262	NFCORE_RNASEQ:RNASEQ:BAM_RSEQC:RSEQC_JUNCTIONSATURATION (Pd142)	COMPLETED	0	2025-08-31 11:16:19.255	2m 5s	2m 5s	110.1%	725.1 MB	5.9 GB	2.9 GB	28 KB
2176	d9/c050ec	813693	NFCORE_RNASEQ:RNASEQ:BAM_RSEQC:RSEQC_INNERDISTANCE (Pd142)	COMPLETED	0	2025-08-31 11:18:23.816	40.8s	40s	130.2%	312.2 MB	5.5 GB	155.7 MB	60.5 MB
2175	80/f9dd73	814028	NFCORE_RNASEQ:RNASEQ:BAM_RSEQC:RSEQC_READDISTRIBUTION (Pd142)	COMPLETED	0	2025-08-31 11:18:24.497	2m 44s	2m 43s	105.2%	214.4 MB	5.4 GB	2.9 GB	1.7 KB
2177	2d/43b5b7	811622	NFCORE_RNASEQ:RNASEQ:BAM_RSEQC:RSEQC_READDUPLICATION (Pd142)	COMPLETED	0	2025-08-31 11:17:44.809	3m 42s	3m 41s	105.7%	5.4 GB	10.7 GB	2.9 GB	824.7 KB
2182	50/55949b	816520	NFCORE_RNASEQ:RNASEQ:BAM_RSEQC:RSEQC_BAMSTAT (Pd143)	COMPLETED	0	2025-08-31 11:19:04.617	3m 9s	3m 8s	101.8%	46.4 MB	5.3 GB	3.6 GB	1.3 KB
2184	07/be17d8	821298	NFCORE_RNASEQ:RNASEQ:BAM_RSEQC:RSEQC_JUNCTIONSATURATION (Pd143)	COMPLETED	0	2025-08-31 11:21:08.788	2m 48s	2m 47s	107.6%	1.2 GB	6.4 GB	3.6 GB	28.1 KB
2181	52/008313	822832	NFCORE_RNASEQ:RNASEQ:BAM_RSEQC:RSEQC_READDISTRIBUTION (Pd143)	COMPLETED	0	2025-08-31 11:21:26.328	3m 57s	3m 57s	103.6%	214.2 MB	5.4 GB	3.6 GB	1.7 KB
2180	62/3d6e5b	832895	NFCORE_RNASEQ:RNASEQ:BAM_RSEQC:RSEQC_INNERDISTANCE (Pd143)	COMPLETED	0	2025-08-31 11:25:23.434	41.6s	40s	130.7%	312.1 MB	5.5 GB	160.5 MB	61.9 MB
2183	c4/ca9dc6	835095	NFCORE_RNASEQ:RNASEQ:BAM_RSEQC:RSEQC_INFEREXPERIMENT (Pd143)	COMPLETED	0	2025-08-31 11:26:05.037	2.8s	2s	522.4%	50 MB	5.3 GB	34 MB	807 B
2185	8a/c17ebb	829264	NFCORE_RNASEQ:RNASEQ:BAM_RSEQC:RSEQC_JUNCTIONANNOTATION (Pd143)	COMPLETED	0	2025-08-31 11:23:56.697	2m 28s	2m 27s	108.5%	68.4 MB	5.3 GB	3.6 GB	42.1 MB
2179	5a/c74326	825156	NFCORE_RNASEQ:RNASEQ:BAM_RSEQC:RSEQC_READDUPLICATION (Pd143)	COMPLETED	0	2025-08-31 11:22:13.995	4m 40s	4m 40s	104.6%	8.3 GB	13.5 GB	3.6 GB	553.8 KB
2192	04/c653ba	836905	NFCORE_RNASEQ:RNASEQ:BAM_RSEQC:RSEQC_BAMSTAT (Pd149)	COMPLETED	0	2025-08-31 11:26:24.313	3m 1s	3m 1s	104.1%	45.8 MB	5.3 GB	3.4 GB	1.3 KB
2191	bc/7ac2fe	838737	NFCORE_RNASEQ:RNASEQ:BAM_RSEQC:RSEQC_JUNCTIONSATURATION (Pd149)	COMPLETED	0	2025-08-31 11:26:54.436	2m 47s	2m 45s	107.6%	1.2 GB	6.4 GB	3.4 GB	28.1 KB
2188	9e/4e6ca4	845783	NFCORE_RNASEQ:RNASEQ:BAM_RSEQC:RSEQC_INFEREXPERIMENT (Pd149)	COMPLETED	0	2025-08-31 11:29:41.099	2.9s	2s	504.8%	50.3 MB	5.3 GB	35.5 MB	807 B
2189	cd/e7a1bf	846365	NFCORE_RNASEQ:RNASEQ:BAM_RSEQC:RSEQC_INNERDISTANCE (Pd149)	COMPLETED	0	2025-08-31 11:29:44.017	41.8s	41s	130.5%	311.6 MB	5.5 GB	183.4 MB	59.9 MB
2190	d1/2d97bc	835645	NFCORE_RNASEQ:RNASEQ:BAM_RSEQC:RSEQC_READDUPLICATION (Pd149)	COMPLETED	0	2025-08-31 11:26:07.848	4m 53s	4m 51s	104.1%	7.8 GB	13 GB	3.4 GB	626 KB
2186	d8/aedda2	848434	NFCORE_RNASEQ:RNASEQ:BAM_RSEQC:RSEQC_JUNCTIONANNOTATION (Pd149)	COMPLETED	0	2025-08-31 11:30:25.784	2m 28s	2m 27s	108.6%	68.7 MB	5.3 GB	3.4 GB	41.4 MB
2187	c2/4208e0	844437	NFCORE_RNASEQ:RNASEQ:BAM_RSEQC:RSEQC_READDISTRIBUTION (Pd149)	COMPLETED	0	2025-08-31 11:29:25.528	3m 58s	3m 56s	103.6%	215.3 MB	5.4 GB	3.4 GB	1.7 KB
2196	34/73d68a	850507	NFCORE_RNASEQ:RNASEQ:BAM_RSEQC:RSEQC_BAMSTAT (Pd150)	COMPLETED	0	2025-08-31 11:31:00.354	2m 30s	2m 30s	103.4%	45.9 MB	5.3 GB	3 GB	1.3 KB
2193	ca/3b87dc	857656	NFCORE_RNASEQ:RNASEQ:BAM_RSEQC:RSEQC_JUNCTIONSATURATION (Pd150)	COMPLETED	0	2025-08-31 11:33:30.256	2m 16s	2m 15s	109.3%	698.9 MB	5.9 GB	3 GB	28 KB
2197	db/8da0cd	863074	NFCORE_RNASEQ:RNASEQ:BAM_RSEQC:RSEQC_INNERDISTANCE (Pd150)	COMPLETED	0	2025-08-31 11:35:45.958	39.3s	39s	132.5%	312.1 MB	5.5 GB	175.1 MB	59.4 MB
2194	8d/444b25	856718	NFCORE_RNASEQ:RNASEQ:BAM_RSEQC:RSEQC_READDISTRIBUTION (Pd150)	COMPLETED	0	2025-08-31 11:33:23.133	3m 33s	3m 33s	104.0%	214.1 MB	5.4 GB	3 GB	1.7 KB
2199	77/d7cda2	867020	NFCORE_RNASEQ:RNASEQ:BAM_RSEQC:RSEQC_INFEREXPERIMENT (Pd150)	COMPLETED	0	2025-08-31 11:36:56.304	2.9s	2s	496.7%	50 MB	5.3 GB	36.4 MB	807 B
2200	57/7cbc67	867557	NFCORE_RNASEQ:RNASEQ:BEDGRAPH_BEDCLIP_BEDGRAPHTOBIGWIG_REVERSE:UCSC_BEDCLIP (Pd106)	COMPLETED	0	2025-08-31 11:36:59.226	7.7s	7s	80.3%	6.9 MB	18.7 MB	432.7 MB	432.6 MB
2195	21/e48b49	854937	NFCORE_RNASEQ:RNASEQ:BAM_RSEQC:RSEQC_READDUPLICATION (Pd150)	COMPLETED	0	2025-08-31 11:32:53.571	4m 21s	4m 19s	104.8%	7.5 GB	12.8 GB	3 GB	503.2 KB
2201	d5/cb7847	868272	NFCORE_RNASEQ:RNASEQ:BEDGRAPH_BEDCLIP_BEDGRAPHTOBIGWIG_FORWARD:UCSC_BEDCLIP (Pd106)	COMPLETED	0	2025-08-31 11:37:06.903	18.9s	18s	39.1%	7.2 MB	18.7 MB	432.5 MB	432.4 MB
2204	76/de320f	869614	NFCORE_RNASEQ:RNASEQ:BEDGRAPH_BEDCLIP_BEDGRAPHTOBIGWIG_REVERSE:UCSC_BEDCLIP (Pd115)	COMPLETED	0	2025-08-31 11:37:14.198	19s	18s	39.4%	7.2 MB	18.7 MB	399.8 MB	399.8 MB
2520	cc/7cfa15	868589	NFCORE_RNASEQ:RNASEQ:BEDGRAPH_BEDCLIP_BEDGRAPHTOBIGWIG_REVERSE:UCSC_BEDGRAPHTOBIGWIG (Pd106)	COMPLETED	0	2025-08-31 11:37:07.910	25.6s	25s	100.2%	53.8 MB	69.6 MB	1.3 GB	79 MB
2203	4e/aaf47d	871178	NFCORE_RNASEQ:RNASEQ:BEDGRAPH_BEDCLIP_BEDGRAPHTOBIGWIG_FORWARD:UCSC_BEDCLIP (Pd115)	COMPLETED	0	2025-08-31 11:37:25.784	16.5s	15s	43.3%	7.2 MB	18.7 MB	399.6 MB	399.5 MB
2521	2d/d0db14	871444	NFCORE_RNASEQ:RNASEQ:BEDGRAPH_BEDCLIP_BEDGRAPHTOBIGWIG_FORWARD:UCSC_BEDGRAPHTOBIGWIG (Pd106)	COMPLETED	0	2025-08-31 11:37:26.791	26.1s	25s	99.6%	52.8 MB	68.3 MB	1.3 GB	79 MB
2522	a0/ba9b3f	872674	NFCORE_RNASEQ:RNASEQ:BEDGRAPH_BEDCLIP_BEDGRAPHTOBIGWIG_REVERSE:UCSC_BEDGRAPHTOBIGWIG (Pd115)	COMPLETED	0	2025-08-31 11:37:33.479	21.1s	21s	99.5%	9.1 MB	25 MB	1.2 GB	59.2 MB
2523	26/9011a8	876495	NFCORE_RNASEQ:RNASEQ:BEDGRAPH_BEDCLIP_BEDGRAPHTOBIGWIG_FORWARD:UCSC_BEDGRAPHTOBIGWIG (Pd115)	COMPLETED	0	2025-08-31 11:37:52.873	20.4s	20s	100.0%	9.1 MB	25 MB	1.2 GB	59.2 MB
2198	5b/e61bf9	865232	NFCORE_RNASEQ:RNASEQ:BAM_RSEQC:RSEQC_JUNCTIONANNOTATION (Pd150)	COMPLETED	0	2025-08-31 11:36:25.245	1m 59s	1m 58s	110.9%	68 MB	5.3 GB	3 GB	36.9 MB
2211	87/6df7a9	879035	NFCORE_RNASEQ:RNASEQ:SUBREAD_FEATURECOUNTS (Pd152)	COMPLETED	0	2025-08-31 11:38:23.875	3m 13s	3m 11s	101.1%	1023.7 MB	1.6 GB	11.4 GB	6.3 GB
2524	7f/dbd290	888009	NFCORE_RNASEQ:RNASEQ:MULTIQC_CUSTOM_BIOTYPE (Pd152)	COMPLETED	0	2025-08-31 11:41:37.617	869ms	0ms	108.3%	2.8 MB	5.4 MB	8.7 MB	1.1 MB
2207	23/4ff787	887727	NFCORE_RNASEQ:RNASEQ:STRINGTIE_STRINGTIE (Pd152)	COMPLETED	0	2025-08-31 11:41:36.610	2m 23s	2m 22s	118.9%	628.7 MB	979.1 MB	3.3 GB	104.2 MB
2210	48/012245	872496	NFCORE_RNASEQ:RNASEQ:BEDTOOLS_GENOMECOV (Pd152)	COMPLETED	0	2025-08-31 11:37:33.244	6m 44s	6m 43s	96.3%	2.9 GB	3.7 GB	6.8 GB	1.1 GB
2213	27/ccd276	896070	NFCORE_RNASEQ:RNASEQ:BAM_RSEQC:RSEQC_BAMSTAT (Pd152)	COMPLETED	0	2025-08-31 11:44:17.719	2m 19s	2m 18s	106.2%	45.9 MB	5.3 GB	3.1 GB	1.3 KB
2212	36/66225b	901872	NFCORE_RNASEQ:RNASEQ:BAM_RSEQC:RSEQC_INFEREXPERIMENT (Pd152)	COMPLETED	0	2025-08-31 11:46:36.791	2.9s	2s	498.7%	50.3 MB	5.3 GB	37.8 MB	807 B
2217	82/42fd3d	902473	NFCORE_RNASEQ:RNASEQ:BAM_RSEQC:RSEQC_INNERDISTANCE (Pd152)	COMPLETED	0	2025-08-31 11:46:39.719	45.5s	44s	128.1%	312.6 MB	5.5 GB	380.3 MB	59.4 MB
2218	b9/a0346c	894559	NFCORE_RNASEQ:RNASEQ:BAM_RSEQC:RSEQC_READDUPLICATION (Pd152)	COMPLETED	0	2025-08-31 11:43:59.924	4m 28s	4m 27s	103.8%	5.4 GB	15.9 GB	3.1 GB	939.8 KB
2216	e7/432086	904770	NFCORE_RNASEQ:RNASEQ:BAM_RSEQC:RSEQC_JUNCTIONSATURATION (Pd152)	COMPLETED	0	2025-08-31 11:47:25.205	2m 27s	2m 27s	107.5%	846.8 MB	6.1 GB	3.1 GB	28 KB
2215	2e/ec0f07	907164	NFCORE_RNASEQ:RNASEQ:BAM_RSEQC:RSEQC_READDISTRIBUTION (Pd152)	COMPLETED	0	2025-08-31 11:48:27.761	3m 1s	3m	104.7%	214.2 MB	5.4 GB	3.2 GB	1.7 KB
2450	49/3351a4	913208	NFCORE_RNASEQ:RNASEQ:BEDGRAPH_BEDCLIP_BEDGRAPHTOBIGWIG_FORWARD:UCSC_BEDCLIP (Pd103)	COMPLETED	0	2025-08-31 11:51:29.005	6.7s	6s	76.1%	6.9 MB	18.7 MB	359.7 MB	359.6 MB
2451	21/53ec99	913852	NFCORE_RNASEQ:RNASEQ:BEDGRAPH_BEDCLIP_BEDGRAPHTOBIGWIG_REVERSE:UCSC_BEDCLIP (Pd103)	COMPLETED	0	2025-08-31 11:51:35.749	5.2s	4s	98.8%	7.2 MB	18.7 MB	360.2 MB	360.1 MB
2214	a0/786eae	910108	NFCORE_RNASEQ:RNASEQ:BAM_RSEQC:RSEQC_JUNCTIONANNOTATION (Pd152)	COMPLETED	0	2025-08-31 11:49:52.397	2m	1m 59s	110.3%	68.9 MB	5.3 GB	3.2 GB	32.6 MB
2527	9a/2d9e1f	914172	NFCORE_RNASEQ:RNASEQ:BEDGRAPH_BEDCLIP_BEDGRAPHTOBIGWIG_FORWARD:UCSC_BEDGRAPHTOBIGWIG (Pd103)	COMPLETED	0	2025-08-31 11:51:36.756	22.3s	21s	99.0%	60.3 MB	75.6 MB	1.1 GB	68.2 MB
2528	95/f47ab1	914832	NFCORE_RNASEQ:RNASEQ:BEDGRAPH_BEDCLIP_BEDGRAPHTOBIGWIG_REVERSE:UCSC_BEDGRAPHTOBIGWIG (Pd103)	COMPLETED	0	2025-08-31 11:51:41.034	22.2s	22s	98.8%	60.3 MB	75.7 MB	1.1 GB	68.3 MB
2455	1d/b58e5b	914831	NFCORE_RNASEQ:RNASEQ:BEDGRAPH_BEDCLIP_BEDGRAPHTOBIGWIG_REVERSE:UCSC_BEDCLIP (Pd120)	COMPLETED	0	2025-08-31 11:51:41.028	23.2s	22s	31.7%	7.2 MB	18.7 MB	358 MB	357.9 MB
2454	8a/e40997	916869	NFCORE_RNASEQ:RNASEQ:BEDGRAPH_BEDCLIP_BEDGRAPHTOBIGWIG_FORWARD:UCSC_BEDCLIP (Pd120)	COMPLETED	0	2025-08-31 11:51:52.146	15.9s	15s	41.7%	7.2 MB	18.7 MB	357.7 MB	357.6 MB
2460	3a/54e5c3	918254	NFCORE_RNASEQ:RNASEQ:QUANTIFY_STAR_SALMON:SE_TRANSCRIPT (tx2gene.tsv)	COMPLETED	0	2025-08-31 11:52:04.193	16.7s	15s	150.8%	566.8 MB	5.6 GB	72.2 MB	14.8 MB
2457	c5/f33f80	919470	NFCORE_RNASEQ:RNASEQ:QUANTIFY_STAR_SALMON:SE_GENE (tx2gene.tsv)	COMPLETED	0	2025-08-31 11:52:08.079	13.7s	12s	161.0%	498.7 MB	5.5 GB	61.1 MB	7.7 MB
2529	cc/29867c	918717	NFCORE_RNASEQ:RNASEQ:BEDGRAPH_BEDCLIP_BEDGRAPHTOBIGWIG_REVERSE:UCSC_BEDGRAPHTOBIGWIG (Pd120)	COMPLETED	0	2025-08-31 11:52:05.199	22.6s	22s	99.0%	58.8 MB	74.3 MB	1 GB	67.8 MB
2530	bb/8d8538	919914	NFCORE_RNASEQ:RNASEQ:BEDGRAPH_BEDCLIP_BEDGRAPHTOBIGWIG_FORWARD:UCSC_BEDGRAPHTOBIGWIG (Pd120)	COMPLETED	0	2025-08-31 11:52:09.086	22.5s	22s	99.0%	59.4 MB	74.4 MB	1 GB	67.8 MB
2458	cc/103287	922606	NFCORE_RNASEQ:RNASEQ:QUANTIFY_STAR_SALMON:SE_GENE_LENGTH_SCALED (tx2gene.tsv)	COMPLETED	0	2025-08-31 11:52:20.849	14.1s	12s	163.7%	559.9 MB	5.6 GB	70.5 MB	11.4 MB
2456	26/c0f53e	923175	NFCORE_RNASEQ:RNASEQ:QUANTIFY_STAR_SALMON:SE_GENE_SCALED (tx2gene.tsv)	COMPLETED	0	2025-08-31 11:52:21.788	13.9s	12s	170.8%	560.7 MB	5.6 GB	70.5 MB	11.3 MB
2461	85/4837b0	926505	NFCORE_RNASEQ:RNASEQ:BEDGRAPH_BEDCLIP_BEDGRAPHTOBIGWIG_FORWARD:UCSC_BEDCLIP (Pd105)	COMPLETED	0	2025-08-31 11:52:35.671	8.9s	8s	70.8%	7.2 MB	18.7 MB	422.8 MB	422.7 MB
2459	b5/016e21	926118	NFCORE_RNASEQ:RNASEQ:DESEQ2_QC_STAR_SALMON	COMPLETED	0	2025-08-31 11:52:34.952	25.8s	24s	317.6%	749.5 MB	6.2 GB	82.2 MB	10.6 MB
2462	9d/7c102e	927546	NFCORE_RNASEQ:RNASEQ:BEDGRAPH_BEDCLIP_BEDGRAPHTOBIGWIG_REVERSE:UCSC_BEDCLIP (Pd105)	COMPLETED	0	2025-08-31 11:52:44.528	27.4s	27s	34.3%	7.2 MB	18.7 MB	423 MB	422.9 MB
2531	54/23a343	927901	NFCORE_RNASEQ:RNASEQ:BEDGRAPH_BEDCLIP_BEDGRAPHTOBIGWIG_FORWARD:UCSC_BEDGRAPHTOBIGWIG (Pd105)	COMPLETED	0	2025-08-31 11:52:45.535	29.1s	28s	89.0%	57.8 MB	73.6 MB	1.2 GB	77.3 MB
2533	20/aee138	931977	NFCORE_RNASEQ:RNASEQ:CUSTOM_DUMPSOFTWAREVERSIONS (1)	COMPLETED	0	2025-08-31 11:53:19.678	941ms	198ms	99.3%	7.8 MB	15.4 MB	1.2 MB	9.5 KB
2469	25/1525c6	929593	NFCORE_RNASEQ:RNASEQ:BEDGRAPH_BEDCLIP_BEDGRAPHTOBIGWIG_REVERSE:UCSC_BEDCLIP (Pd123)	COMPLETED	0	2025-08-31 11:53:00.772	33.7s	33s	29.3%	7.2 MB	18.7 MB	350.6 MB	350.6 MB
2532	4d/3dcf44	930684	NFCORE_RNASEQ:RNASEQ:BEDGRAPH_BEDCLIP_BEDGRAPHTOBIGWIG_REVERSE:UCSC_BEDGRAPHTOBIGWIG (Pd105)	COMPLETED	0	2025-08-31 11:53:11.976	24.9s	24s	99.4%	55.9 MB	71.2 MB	1.2 GB	77.4 MB
2468	15/b70b55	930674	NFCORE_RNASEQ:RNASEQ:BEDGRAPH_BEDCLIP_BEDGRAPHTOBIGWIG_FORWARD:UCSC_BEDCLIP (Pd123)	COMPLETED	0	2025-08-31 11:53:11.962	27.7s	27s	30.3%	6.9 MB	18.7 MB	350.1 MB	350 MB
2534	89/d5c87f	933452	NFCORE_RNASEQ:RNASEQ:BEDGRAPH_BEDCLIP_BEDGRAPHTOBIGWIG_REVERSE:UCSC_BEDGRAPHTOBIGWIG (Pd123)	COMPLETED	0	2025-08-31 11:53:35.484	19.1s	19s	96.5%	23.4 MB	39.3 MB	1 GB	53.3 MB
2535	31/73b4c1	934436	NFCORE_RNASEQ:RNASEQ:BEDGRAPH_BEDCLIP_BEDGRAPHTOBIGWIG_FORWARD:UCSC_BEDGRAPHTOBIGWIG (Pd123)	COMPLETED	0	2025-08-31 11:53:40.672	18.3s	17s	99.6%	25.9 MB	41.3 MB	1 GB	53.3 MB
2472	ae/240320	933188	NFCORE_RNASEQ:RNASEQ:BEDGRAPH_BEDCLIP_BEDGRAPHTOBIGWIG_FORWARD:UCSC_BEDCLIP (Pd122)	COMPLETED	0	2025-08-31 11:53:34.477	24.8s	25s	31.1%	7.2 MB	18.7 MB	349.1 MB	349.1 MB
2471	04/0bd112	934151	NFCORE_RNASEQ:RNASEQ:BEDGRAPH_BEDCLIP_BEDGRAPHTOBIGWIG_REVERSE:UCSC_BEDCLIP (Pd122)	COMPLETED	0	2025-08-31 11:53:39.665	20.4s	19s	36.4%	7.2 MB	18.7 MB	349.3 MB	349.2 MB
2484	38/9caf77	936787	NFCORE_RNASEQ:RNASEQ:BEDGRAPH_BEDCLIP_BEDGRAPHTOBIGWIG_REVERSE:UCSC_BEDCLIP (Pd130)	COMPLETED	0	2025-08-31 11:53:59.282	19.8s	19s	31.7%	7.2 MB	18.7 MB	256.6 MB	256.5 MB
2483	c4/b28986	937089	NFCORE_RNASEQ:RNASEQ:BEDGRAPH_BEDCLIP_BEDGRAPHTOBIGWIG_FORWARD:UCSC_BEDCLIP (Pd130)	COMPLETED	0	2025-08-31 11:54:00.116	19.9s	19s	31.9%	7.2 MB	18.7 MB	256.1 MB	256 MB
2536	51/60323b	937090	NFCORE_RNASEQ:RNASEQ:BEDGRAPH_BEDCLIP_BEDGRAPHTOBIGWIG_FORWARD:UCSC_BEDGRAPHTOBIGWIG (Pd122)	COMPLETED	0	2025-08-31 11:54:00.122	21.3s	21s	98.9%	43.7 MB	59.3 MB	1 GB	65 MB
2537	f0/157ba7	937096	NFCORE_RNASEQ:RNASEQ:BEDGRAPH_BEDCLIP_BEDGRAPHTOBIGWIG_REVERSE:UCSC_BEDGRAPHTOBIGWIG (Pd122)	COMPLETED	0	2025-08-31 11:54:00.127	21.3s	21s	98.9%	44.1 MB	59.3 MB	1 GB	65 MB
2487	7e/2fb35b	940365	NFCORE_RNASEQ:RNASEQ:BEDGRAPH_BEDCLIP_BEDGRAPHTOBIGWIG_FORWARD:UCSC_BEDCLIP (Pd128)	COMPLETED	0	2025-08-31 11:54:20.042	7.6s	7s	56.0%	7.2 MB	18.7 MB	249.5 MB	249.4 MB
2488	ad/da709f	940049	NFCORE_RNASEQ:RNASEQ:BEDGRAPH_BEDCLIP_BEDGRAPHTOBIGWIG_REVERSE:UCSC_BEDCLIP (Pd128)	COMPLETED	0	2025-08-31 11:54:19.062	10.5s	10s	45.3%	7.2 MB	18.7 MB	250.1 MB	250.1 MB
2538	20/a56536	940679	NFCORE_RNASEQ:RNASEQ:BEDGRAPH_BEDCLIP_BEDGRAPHTOBIGWIG_REVERSE:UCSC_BEDGRAPHTOBIGWIG (Pd130)	COMPLETED	0	2025-08-31 11:54:21.417	14.3s	14s	100.2%	22.8 MB	38.2 MB	769.6 MB	41.7 MB
2539	5f/68cbd4	940704	NFCORE_RNASEQ:RNASEQ:BEDGRAPH_BEDCLIP_BEDGRAPHTOBIGWIG_FORWARD:UCSC_BEDGRAPHTOBIGWIG (Pd130)	COMPLETED	0	2025-08-31 11:54:21.454	14.3s	14s	100.1%	23.1 MB	38.1 MB	768.1 MB	41.6 MB
2541	45/278aef	944132	NFCORE_RNASEQ:RNASEQ:BEDGRAPH_BEDCLIP_BEDGRAPHTOBIGWIG_REVERSE:UCSC_BEDGRAPHTOBIGWIG (Pd128)	COMPLETED	0	2025-08-31 11:54:35.771	13.4s	12s	100.2%	24.4 MB	39.8 MB	750.3 MB	40.7 MB
2492	5d/ede687	942349	NFCORE_RNASEQ:RNASEQ:BEDGRAPH_BEDCLIP_BEDGRAPHTOBIGWIG_REVERSE:UCSC_BEDCLIP (Pd134)	COMPLETED	0	2025-08-31 11:54:27.651	27.6s	27s	30.0%	7.2 MB	18.7 MB	374.3 MB	374.2 MB
2491	09/566326	942873	NFCORE_RNASEQ:RNASEQ:BEDGRAPH_BEDCLIP_BEDGRAPHTOBIGWIG_FORWARD:UCSC_BEDCLIP (Pd134)	COMPLETED	0	2025-08-31 11:54:29.542	28.2s	27s	29.2%	7.2 MB	18.7 MB	373.6 MB	373.5 MB
2540	e8/190817	944121	NFCORE_RNASEQ:RNASEQ:BEDGRAPH_BEDCLIP_BEDGRAPHTOBIGWIG_FORWARD:UCSC_BEDGRAPHTOBIGWIG (Pd128)	COMPLETED	0	2025-08-31 11:54:35.746	23s	22s	59.5%	25.9 MB	41.8 MB	748.4 MB	40.6 MB
2496	03/751e98	946641	NFCORE_RNASEQ:RNASEQ:BEDGRAPH_BEDCLIP_BEDGRAPHTOBIGWIG_REVERSE:UCSC_BEDCLIP (Pd137)	COMPLETED	0	2025-08-31 11:54:55.271	21.3s	21s	25.4%	7.2 MB	18.7 MB	235.1 MB	235 MB
2495	98/2a8887	947344	NFCORE_RNASEQ:RNASEQ:BEDGRAPH_BEDCLIP_BEDGRAPHTOBIGWIG_FORWARD:UCSC_BEDCLIP (Pd137)	COMPLETED	0	2025-08-31 11:54:57.726	19.7s	19s	27.6%	7.2 MB	18.7 MB	234.7 MB	234.6 MB
2543	3b/a778a0	947672	NFCORE_RNASEQ:RNASEQ:BEDGRAPH_BEDCLIP_BEDGRAPHTOBIGWIG_FORWARD:UCSC_BEDGRAPHTOBIGWIG (Pd134)	COMPLETED	0	2025-08-31 11:54:58.735	22.7s	22s	98.0%	57.2 MB	72.5 MB	1.1 GB	69.4 MB
2498	95/0cef47	950062	NFCORE_RNASEQ:RNASEQ:BEDGRAPH_BEDCLIP_BEDGRAPHTOBIGWIG_FORWARD:UCSC_BEDCLIP (Pd142)	COMPLETED	0	2025-08-31 11:55:16.588	9.9s	9s	53.8%	7.2 MB	18.7 MB	319.5 MB	319.4 MB
2499	9f/13c6e7	950420	NFCORE_RNASEQ:RNASEQ:BEDGRAPH_BEDCLIP_BEDGRAPHTOBIGWIG_REVERSE:UCSC_BEDCLIP (Pd142)	COMPLETED	0	2025-08-31 11:55:17.453	14.2s	14s	39.8%	7.2 MB	18.7 MB	320 MB	319.9 MB
2542	90/79563a	946643	NFCORE_RNASEQ:RNASEQ:BEDGRAPH_BEDCLIP_BEDGRAPHTOBIGWIG_REVERSE:UCSC_BEDGRAPHTOBIGWIG (Pd134)	COMPLETED	0	2025-08-31 11:54:55.278	38.9s	38s	64.9%	56.9 MB	72 MB	1.1 GB	69.5 MB
2544	c7/898e66	951033	NFCORE_RNASEQ:RNASEQ:BEDGRAPH_BEDCLIP_BEDGRAPHTOBIGWIG_REVERSE:UCSC_BEDGRAPHTOBIGWIG (Pd137)	COMPLETED	0	2025-08-31 11:55:21.446	35.4s	35s	37.4%	9.4 MB	24.8 MB	705.1 MB	37.8 MB
2545	f1/eaabca	953778	NFCORE_RNASEQ:RNASEQ:BEDGRAPH_BEDCLIP_BEDGRAPHTOBIGWIG_FORWARD:UCSC_BEDGRAPHTOBIGWIG (Pd137)	COMPLETED	0	2025-08-31 11:55:34.136	27.6s	27s	48.5%	25.3 MB	40.8 MB	703.9 MB	37.8 MB
2503	4f/389aeb	952184	NFCORE_RNASEQ:RNASEQ:BEDGRAPH_BEDCLIP_BEDGRAPHTOBIGWIG_FORWARD:UCSC_BEDCLIP (Pd143)	COMPLETED	0	2025-08-31 11:55:26.484	46s	46s	22.9%	7.2 MB	18.7 MB	431.1 MB	431.1 MB
2504	f6/448a24	953146	NFCORE_RNASEQ:RNASEQ:BEDGRAPH_BEDCLIP_BEDGRAPHTOBIGWIG_REVERSE:UCSC_BEDCLIP (Pd143)	COMPLETED	0	2025-08-31 11:55:31.662	41.1s	40s	24.3%	6.9 MB	18.7 MB	432 MB	431.9 MB
2546	e6/d1bcba	955927	NFCORE_RNASEQ:RNASEQ:BEDGRAPH_BEDCLIP_BEDGRAPHTOBIGWIG_FORWARD:UCSC_BEDGRAPHTOBIGWIG (Pd142)	COMPLETED	0	2025-08-31 11:55:56.806	16.4s	15s	100.2%	9.4 MB	24.9 MB	958.3 MB	47.2 MB
2547	ca/15b623	956586	NFCORE_RNASEQ:RNASEQ:BEDGRAPH_BEDCLIP_BEDGRAPHTOBIGWIG_REVERSE:UCSC_BEDGRAPHTOBIGWIG (Pd142)	COMPLETED	0	2025-08-31 11:56:01.751	44.9s	44s	41.5%	18.8 MB	34 MB	959.7 MB	47.3 MB
2507	bb/ee5af7	957960	NFCORE_RNASEQ:RNASEQ:BEDGRAPH_BEDCLIP_BEDGRAPHTOBIGWIG_REVERSE:UCSC_BEDCLIP (Pd149)	COMPLETED	0	2025-08-31 11:56:12.488	39.4s	39s	29.1%	7.2 MB	18.7 MB	413.6 MB	413.5 MB
2506	bd/ce5504	958133	NFCORE_RNASEQ:RNASEQ:BEDGRAPH_BEDCLIP_BEDGRAPHTOBIGWIG_FORWARD:UCSC_BEDCLIP (Pd149)	COMPLETED	0	2025-08-31 11:56:12.717	45.4s	44s	26.8%	7.2 MB	18.7 MB	413 MB	412.9 MB
2548	00/3d2adc	958453	NFCORE_RNASEQ:RNASEQ:BEDGRAPH_BEDCLIP_BEDGRAPHTOBIGWIG_FORWARD:UCSC_BEDGRAPHTOBIGWIG (Pd143)	COMPLETED	0	2025-08-31 11:56:13.229	47s	46s	61.4%	49.4 MB	64.9 MB	1.3 GB	77.9 MB
2549	8b/bd2376	961425	NFCORE_RNASEQ:RNASEQ:BEDGRAPH_BEDCLIP_BEDGRAPHTOBIGWIG_REVERSE:UCSC_BEDGRAPHTOBIGWIG (Pd143)	COMPLETED	0	2025-08-31 11:56:46.698	25.6s	25s	99.7%	53.1 MB	68.2 MB	1.3 GB	78 MB
2510	ec/ba9b4c	963110	NFCORE_RNASEQ:RNASEQ:BEDGRAPH_BEDCLIP_BEDGRAPHTOBIGWIG_REVERSE:UCSC_BEDCLIP (Pd150)	COMPLETED	0	2025-08-31 11:56:58.078	20.8s	20s	36.5%	7.2 MB	18.7 MB	379.9 MB	379.8 MB
2509	cf/14652e	962173	NFCORE_RNASEQ:RNASEQ:BEDGRAPH_BEDCLIP_BEDGRAPHTOBIGWIG_FORWARD:UCSC_BEDCLIP (Pd150)	COMPLETED	0	2025-08-31 11:56:53.086	26.5s	26s	32.4%	6.6 MB	18.7 MB	379.3 MB	379.2 MB
2550	79/688e20	963613	NFCORE_RNASEQ:RNASEQ:BEDGRAPH_BEDCLIP_BEDGRAPHTOBIGWIG_REVERSE:UCSC_BEDGRAPHTOBIGWIG (Pd149)	COMPLETED	0	2025-08-31 11:57:00.222	21.4s	21s	99.9%	9.4 MB	25 MB	1.2 GB	61.3 MB
2552	7b/4a7c8f	966876	NFCORE_RNASEQ:RNASEQ:BEDGRAPH_BEDCLIP_BEDGRAPHTOBIGWIG_REVERSE:UCSC_BEDGRAPHTOBIGWIG (Pd150)	COMPLETED	0	2025-08-31 11:57:21.672	20s	19s	97.4%	22.2 MB	37.4 MB	1.1 GB	57.6 MB
2525	38/cbc121	966024	NFCORE_RNASEQ:RNASEQ:BEDGRAPH_BEDCLIP_BEDGRAPHTOBIGWIG_FORWARD:UCSC_BEDCLIP (Pd152)	COMPLETED	0	2025-08-31 11:57:18.918	27.3s	26s	27.1%	7.2 MB	18.7 MB	268.8 MB	268.7 MB
2551	6f/22a7a1	965272	NFCORE_RNASEQ:RNASEQ:BEDGRAPH_BEDCLIP_BEDGRAPHTOBIGWIG_FORWARD:UCSC_BEDGRAPHTOBIGWIG (Pd149)	COMPLETED	0	2025-08-31 11:57:12.265	36.3s	36s	62.7%	21.6 MB	37.4 MB	1.2 GB	61.3 MB
2526	7c/bf982f	966391	NFCORE_RNASEQ:RNASEQ:BEDGRAPH_BEDCLIP_BEDGRAPHTOBIGWIG_REVERSE:UCSC_BEDCLIP (Pd152)	COMPLETED	0	2025-08-31 11:57:19.629	30.5s	29s	26.2%	7.2 MB	18.7 MB	269.1 MB	269 MB
2554	13/218865	969783	NFCORE_RNASEQ:RNASEQ:BEDGRAPH_BEDCLIP_BEDGRAPHTOBIGWIG_FORWARD:UCSC_BEDGRAPHTOBIGWIG (Pd152)	COMPLETED	0	2025-08-31 11:57:46.217	14.3s	14s	99.7%	17.2 MB	32.9 MB	806.3 MB	41 MB
2555	17/3d1619	970569	NFCORE_RNASEQ:RNASEQ:BEDGRAPH_BEDCLIP_BEDGRAPHTOBIGWIG_REVERSE:UCSC_BEDGRAPHTOBIGWIG (Pd152)	COMPLETED	0	2025-08-31 11:57:50.160	14.2s	14s	99.6%	17.5 MB	32.9 MB	807.1 MB	41 MB
2553	cd/10c8d9	969188	NFCORE_RNASEQ:RNASEQ:BEDGRAPH_BEDCLIP_BEDGRAPHTOBIGWIG_FORWARD:UCSC_BEDGRAPHTOBIGWIG (Pd150)	COMPLETED	0	2025-08-31 11:57:41.714	26.6s	26s	77.5%	9.1 MB	24.9 MB	1.1 GB	57.5 MB
2209	d7/459f3d	874528	NFCORE_RNASEQ:RNASEQ:QUALIMAP_RNASEQ (Pd152)	COMPLETED	0	2025-08-31 11:37:42.240	25m 19s	25m 17s	101.2%	2.8 GB	34.8 GB	27.2 GB	23.9 GB
2556	3b/d3e594	973070	NFCORE_RNASEQ:RNASEQ:MULTIQC (1)	COMPLETED	0	2025-08-31 12:03:01.829	1h 16m 6s	1h 15m 52s	101.0%	24.2 GB	29.8 GB	208.5 GB	1.4 GB
