Node	HOG	change	pvalue	direction	significant
19	N0.HOG0000109	1		expansion	FALSE
19	N0.HOG0000130	1		expansion	FALSE
19	N0.HOG0000138	1		expansion	FALSE
19	N0.HOG0000221	1		expansion	FALSE
19	N0.HOG0000297	1		expansion	FALSE
19	N0.HOG0000335	1		expansion	FALSE
19	N0.HOG0000368	1		expansion	FALSE
19	N0.HOG0000445	1		expansion	FALSE
19	N0.HOG0000505	1		expansion	FALSE
19	N0.HOG0000506	1		expansion	FALSE
19	N0.HOG0000507	1		expansion	FALSE
19	N0.HOG0000514	1		expansion	FALSE
19	N0.HOG0000519	1		expansion	FALSE
19	N0.HOG0000532	1		expansion	FALSE
19	N0.HOG0000551	1		expansion	FALSE
19	N0.HOG0000558	1		expansion	FALSE
19	N0.HOG0000571	1		expansion	FALSE
19	N0.HOG0000577	1		expansion	FALSE
19	N0.HOG0000610	1		expansion	FALSE
19	N0.HOG0000627	1		expansion	FALSE
19	N0.HOG0000634	1		expansion	FALSE
19	N0.HOG0000642	1		expansion	FALSE
19	N0.HOG0000648	1		expansion	FALSE
19	N0.HOG0000682	1		expansion	FALSE
19	N0.HOG0000908	1		expansion	FALSE
19	N0.HOG0000966	1		expansion	FALSE
19	N0.HOG0001003	1		expansion	FALSE
19	N0.HOG0001350	1		expansion	FALSE
19	N0.HOG0001368	1		expansion	FALSE
19	N0.HOG0005781	1		expansion	FALSE
19	N0.HOG0000192	-1		contraction	FALSE
19	N0.HOG0000263	2	0.000463854	expansion	TRUE
19	N0.HOG0000029	3	0.00111311	expansion	TRUE
19	N0.HOG0000099	2	0.00226407	expansion	TRUE
19	N0.HOG0000097	2	0.00521162	expansion	TRUE
19	N0.HOG0000269	1	0.0152221	expansion	TRUE
19	N0.HOG0000274	1	0.0152221	expansion	TRUE
19	N0.HOG0000486	1	0.0152221	expansion	TRUE
19	N0.HOG0000670	1	0.0152221	expansion	TRUE
19	N0.HOG0000792	1	0.0152221	expansion	TRUE
19	N0.HOG0000834	1	0.0152221	expansion	TRUE
19	N0.HOG0001133	1	0.0152221	expansion	TRUE
19	N0.HOG0000068	1	0.0304467	expansion	TRUE
19	N0.HOG0000322	1	0.0304467	expansion	TRUE
19	N0.HOG0000052	1	0.0606408	expansion	FALSE
19	N0.HOG0000100	1	0.0606408	expansion	FALSE
19	N0.HOG0000019	1	0.0755058	expansion	FALSE
19	N0.HOG0000057	1	0.0755058	expansion	FALSE
19	N0.HOG0000069	1	0.0755058	expansion	FALSE
19	N0.HOG0000040	1	0.0901618	expansion	FALSE
20	N0.HOG0000021	2		expansion	FALSE
20	N0.HOG0000156	2		expansion	FALSE
20	N0.HOG0000035	1		expansion	FALSE
20	N0.HOG0000116	1		expansion	FALSE
20	N0.HOG0000124	1		expansion	FALSE
20	N0.HOG0000174	1		expansion	FALSE
20	N0.HOG0000190	1		expansion	FALSE
20	N0.HOG0000206	1		expansion	FALSE
20	N0.HOG0000210	1		expansion	FALSE
20	N0.HOG0000238	1		expansion	FALSE
20	N0.HOG0000315	1		expansion	FALSE
20	N0.HOG0000361	1		expansion	FALSE
20	N0.HOG0000415	1		expansion	FALSE
20	N0.HOG0000473	1		expansion	FALSE
20	N0.HOG0000475	1		expansion	FALSE
20	N0.HOG0000476	1		expansion	FALSE
20	N0.HOG0000493	1		expansion	FALSE
20	N0.HOG0000495	1		expansion	FALSE
20	N0.HOG0000513	1		expansion	FALSE
20	N0.HOG0000515	1		expansion	FALSE
20	N0.HOG0000516	1		expansion	FALSE
20	N0.HOG0000523	1		expansion	FALSE
20	N0.HOG0000540	1		expansion	FALSE
20	N0.HOG0000543	1		expansion	FALSE
20	N0.HOG0000562	1		expansion	FALSE
20	N0.HOG0000567	1		expansion	FALSE
20	N0.HOG0000569	1		expansion	FALSE
20	N0.HOG0000587	1		expansion	FALSE
20	N0.HOG0000608	1		expansion	FALSE
20	N0.HOG0000615	1		expansion	FALSE
20	N0.HOG0000621	1		expansion	FALSE
20	N0.HOG0000626	1		expansion	FALSE
20	N0.HOG0000628	1		expansion	FALSE
20	N0.HOG0000638	1		expansion	FALSE
20	N0.HOG0000645	1		expansion	FALSE
20	N0.HOG0000649	1		expansion	FALSE
20	N0.HOG0000653	1		expansion	FALSE
20	N0.HOG0000672	1		expansion	FALSE
20	N0.HOG0000678	1		expansion	FALSE
20	N0.HOG0000683	1		expansion	FALSE
20	N0.HOG0000700	1		expansion	FALSE
20	N0.HOG0000710	1		expansion	FALSE
20	N0.HOG0000712	1		expansion	FALSE
20	N0.HOG0000713	1		expansion	FALSE
20	N0.HOG0000734	1		expansion	FALSE
20	N0.HOG0000746	1		expansion	FALSE
20	N0.HOG0000749	1		expansion	FALSE
20	N0.HOG0000753	1		expansion	FALSE
20	N0.HOG0000760	1		expansion	FALSE
20	N0.HOG0000789	1		expansion	FALSE
20	N0.HOG0000837	1		expansion	FALSE
20	N0.HOG0000875	1		expansion	FALSE
20	N0.HOG0001007	1		expansion	FALSE
20	N0.HOG0001017	1		expansion	FALSE
20	N0.HOG0001037	1		expansion	FALSE
20	N0.HOG0001089	1		expansion	FALSE
20	N0.HOG0001125	1		expansion	FALSE
20	N0.HOG0001177	1		expansion	FALSE
20	N0.HOG0001293	1		expansion	FALSE
20	N0.HOG0001357	1		expansion	FALSE
20	N0.HOG0001391	1		expansion	FALSE
20	N0.HOG0001397	1		expansion	FALSE
20	N0.HOG0001431	1		expansion	FALSE
20	N0.HOG0001516	1		expansion	FALSE
20	N0.HOG0008602	1		expansion	FALSE
20	N0.HOG0000088	-1		contraction	FALSE
20	N0.HOG0000151	-1		contraction	FALSE
20	N0.HOG0000254	-1		contraction	FALSE
20	N0.HOG0000268	-1		contraction	FALSE
20	N0.HOG0000280	-1		contraction	FALSE
20	N0.HOG0000311	-1		contraction	FALSE
20	N0.HOG0000416	-1		contraction	FALSE
20	N0.HOG0000624	-1		contraction	FALSE
20	N0.HOG0000697	-1		contraction	FALSE
20	N0.HOG0000715	-1		contraction	FALSE
20	N0.HOG0000723	-1		contraction	FALSE
20	N0.HOG0000757	-1		contraction	FALSE
20	N0.HOG0000821	-1		contraction	FALSE
20	N0.HOG0000917	-1		contraction	FALSE
20	N0.HOG0001000	-1		contraction	FALSE
20	N0.HOG0001018	-1		contraction	FALSE
20	N0.HOG0001100	-1		contraction	FALSE
20	N0.HOG0001162	-1		contraction	FALSE
20	N0.HOG0001491	-1		contraction	FALSE
20	N0.HOG0001663	-1		contraction	FALSE
20	N0.HOG0001780	-1		contraction	FALSE
20	N0.HOG0001875	-1		contraction	FALSE
20	N0.HOG0002334	-1		contraction	FALSE
20	N0.HOG0007907	-1		contraction	FALSE
20	N0.HOG0008713	-1		contraction	FALSE
20	N0.HOG0008830	-1		contraction	FALSE
20	N0.HOG0008882	-1		contraction	FALSE
20	N0.HOG0008990	-1		contraction	FALSE
20	N0.HOG0009006	-1		contraction	FALSE
20	N0.HOG0009091	-1		contraction	FALSE
20	N0.HOG0009236	-1		contraction	FALSE
20	N0.HOG0009296	-1		contraction	FALSE
20	N0.HOG0009367	-1		contraction	FALSE
20	N0.HOG0009465	-1		contraction	FALSE
20	N0.HOG0009505	-1		contraction	FALSE
20	N0.HOG0009555	-1		contraction	FALSE
20	N0.HOG0009560	-1		contraction	FALSE
20	N0.HOG0009793	-1		contraction	FALSE
20	N0.HOG0010283	-1		contraction	FALSE
20	N0.HOG0010383	-1		contraction	FALSE
20	N0.HOG0010397	-1		contraction	FALSE
20	N0.HOG0010455	-1		contraction	FALSE
20	N0.HOG0010672	-1		contraction	FALSE
20	N0.HOG0010675	-1		contraction	FALSE
20	N0.HOG0010676	-1		contraction	FALSE
20	N0.HOG0010911	-1		contraction	FALSE
20	N0.HOG0011057	-1		contraction	FALSE
20	N0.HOG0011217	-1		contraction	FALSE
20	N0.HOG0011457	-1		contraction	FALSE
20	N0.HOG0012178	-1		contraction	FALSE
20	N0.HOG0012187	-1		contraction	FALSE
20	N0.HOG0013775	-1		contraction	FALSE
20	N0.HOG0015152	-1		contraction	FALSE
20	N0.HOG0015155	-1		contraction	FALSE
20	N0.HOG0015156	-1		contraction	FALSE
20	N0.HOG0015164	-1		contraction	FALSE
20	N0.HOG0017857	-1		contraction	FALSE
20	N0.HOG0017860	-1		contraction	FALSE
20	N0.HOG0000058	3	0.000638988	expansion	TRUE
20	N0.HOG0000103	2	0.000699837	expansion	TRUE
20	N0.HOG0000299	2	0.000699837	expansion	TRUE
20	N0.HOG0000470	2	0.000699837	expansion	TRUE
20	N0.HOG0000518	2	0.000699837	expansion	TRUE
20	N0.HOG0000592	2	0.000699837	expansion	TRUE
20	N0.HOG0000639	2	0.000699837	expansion	TRUE
20	N0.HOG0000166	-2	0.00244355	contraction	TRUE
20	N0.HOG0000159	-2	0.00741577	contraction	TRUE
20	N0.HOG0000028	2	0.00774613	expansion	TRUE
20	N0.HOG0000066	1	0.018693	expansion	TRUE
20	N0.HOG0000351	1	0.018693	expansion	TRUE
20	N0.HOG0000382	1	0.018693	expansion	TRUE
20	N0.HOG0000465	1	0.018693	expansion	TRUE
20	N0.HOG0000496	1	0.018693	expansion	TRUE
20	N0.HOG0000504	1	0.018693	expansion	TRUE
20	N0.HOG0000550	1	0.018693	expansion	TRUE
20	N0.HOG0000589	1	0.018693	expansion	TRUE
20	N0.HOG0000633	1	0.018693	expansion	TRUE
20	N0.HOG0000643	1	0.018693	expansion	TRUE
20	N0.HOG0000658	1	0.018693	expansion	TRUE
20	N0.HOG0000666	1	0.018693	expansion	TRUE
20	N0.HOG0000668	1	0.018693	expansion	TRUE
20	N0.HOG0000679	1	0.018693	expansion	TRUE
20	N0.HOG0000690	1	0.018693	expansion	TRUE
20	N0.HOG0000765	1	0.018693	expansion	TRUE
20	N0.HOG0000769	1	0.018693	expansion	TRUE
20	N0.HOG0000770	1	0.018693	expansion	TRUE
20	N0.HOG0000814	1	0.018693	expansion	TRUE
20	N0.HOG0000815	1	0.018693	expansion	TRUE
20	N0.HOG0000841	1	0.018693	expansion	TRUE
20	N0.HOG0000858	1	0.018693	expansion	TRUE
20	N0.HOG0000865	1	0.018693	expansion	TRUE
20	N0.HOG0000881	1	0.018693	expansion	TRUE
20	N0.HOG0000894	1	0.018693	expansion	TRUE
20	N0.HOG0000895	1	0.018693	expansion	TRUE
20	N0.HOG0000901	1	0.018693	expansion	TRUE
20	N0.HOG0000947	1	0.018693	expansion	TRUE
20	N0.HOG0000957	1	0.018693	expansion	TRUE
20	N0.HOG0001035	1	0.018693	expansion	TRUE
20	N0.HOG0001062	1	0.018693	expansion	TRUE
20	N0.HOG0001071	1	0.018693	expansion	TRUE
20	N0.HOG0001142	1	0.018693	expansion	TRUE
20	N0.HOG0001238	1	0.018693	expansion	TRUE
20	N0.HOG0001313	1	0.018693	expansion	TRUE
20	N0.HOG0001360	1	0.018693	expansion	TRUE
20	N0.HOG0001531	1	0.018693	expansion	TRUE
20	N0.HOG0001978	1	0.018693	expansion	TRUE
20	N0.HOG0000019	2	0.0279526	expansion	TRUE
20	N0.HOG0000163	1	0.0373917	expansion	TRUE
20	N0.HOG0000179	1	0.0373917	expansion	TRUE
20	N0.HOG0000203	1	0.0373917	expansion	TRUE
20	N0.HOG0000207	1	0.0373917	expansion	TRUE
20	N0.HOG0000222	1	0.0373917	expansion	TRUE
20	N0.HOG0000262	1	0.0373917	expansion	TRUE
20	N0.HOG0000269	1	0.0373917	expansion	TRUE
20	N0.HOG0000295	1	0.0373917	expansion	TRUE
20	N0.HOG0000499	1	0.0373917	expansion	TRUE
20	N0.HOG0001179	1	0.0373917	expansion	TRUE
20	N0.HOG0000154	-1	0.0547561	contraction	FALSE
20	N0.HOG0000372	-1	0.0547561	contraction	FALSE
20	N0.HOG0009140	-1	0.0547561	contraction	FALSE
20	N0.HOG0009229	-1	0.0547561	contraction	FALSE
20	N0.HOG0000043	1	0.0559699	expansion	FALSE
20	N0.HOG0000090	1	0.0559699	expansion	FALSE
20	N0.HOG0000059	1	0.0743267	expansion	FALSE
20	N0.HOG0000106	1	0.0743267	expansion	FALSE
20	N0.HOG0000148	1	0.0743267	expansion	FALSE
20	N0.HOG0000039	1	0.0923831	expansion	FALSE
20	N0.HOG0000062	1	0.0923831	expansion	FALSE
20	N0.HOG0000100	1	0.0923831	expansion	FALSE
20	N0.HOG0000051	-1	0.104267	contraction	FALSE
20	N0.HOG0000304	-1	0.104267	contraction	FALSE
20	N0.HOG0000425	-1	0.104267	contraction	FALSE
20	N0.HOG0000432	-1	0.104267	contraction	FALSE
20	N0.HOG0000534	-1	0.104267	contraction	FALSE
20	N0.HOG0000867	-1	0.104267	contraction	FALSE
20	N0.HOG0000900	-1	0.104267	contraction	FALSE
20	N0.HOG0001260	-1	0.104267	contraction	FALSE
20	N0.HOG0009535	-1	0.104267	contraction	FALSE
20	N0.HOG0000069	1	0.110078	expansion	FALSE
20	N0.HOG0000040	1	0.127364	expansion	FALSE
20	N0.HOG0000045	-1	0.14912	contraction	FALSE
20	N0.HOG0000048	-1	0.14912	contraction	FALSE
20	N0.HOG0000147	-1	0.14912	contraction	FALSE
20	N0.HOG0000029	1	0.160586	expansion	FALSE
20	N0.HOG0000369	-1	0.189833	contraction	FALSE
21	N0.HOG0000157	1		expansion	FALSE
21	N0.HOG0000168	1		expansion	FALSE
21	N0.HOG0000176	1		expansion	FALSE
21	N0.HOG0000473	1		expansion	FALSE
21	N0.HOG0000731	1		expansion	FALSE
21	N0.HOG0000741	1		expansion	FALSE
21	N0.HOG0000877	1		expansion	FALSE
21	N0.HOG0001033	1		expansion	FALSE
21	N0.HOG0001074	1		expansion	FALSE
21	N0.HOG0001090	1		expansion	FALSE
21	N0.HOG0001104	1		expansion	FALSE
21	N0.HOG0001175	1		expansion	FALSE
21	N0.HOG0001186	1		expansion	FALSE
21	N0.HOG0001232	1		expansion	FALSE
21	N0.HOG0001298	1		expansion	FALSE
21	N0.HOG0001341	1		expansion	FALSE
21	N0.HOG0001461	1		expansion	FALSE
21	N0.HOG0001466	1		expansion	FALSE
21	N0.HOG0001716	1		expansion	FALSE
21	N0.HOG0001730	1		expansion	FALSE
21	N0.HOG0001835	1		expansion	FALSE
21	N0.HOG0002229	1		expansion	FALSE
21	N0.HOG0002258	1		expansion	FALSE
21	N0.HOG0002530	1		expansion	FALSE
21	N0.HOG0003550	1		expansion	FALSE
21	N0.HOG0000226	-1		contraction	FALSE
21	N0.HOG0000250	-1		contraction	FALSE
21	N0.HOG0000321	-1		contraction	FALSE
21	N0.HOG0000616	-1		contraction	FALSE
21	N0.HOG0000647	-1		contraction	FALSE
21	N0.HOG0000686	-1		contraction	FALSE
21	N0.HOG0000706	-1		contraction	FALSE
21	N0.HOG0000764	-1		contraction	FALSE
21	N0.HOG0000775	-1		contraction	FALSE
21	N0.HOG0000892	-1		contraction	FALSE
21	N0.HOG0001252	-1		contraction	FALSE
21	N0.HOG0001411	-1		contraction	FALSE
21	N0.HOG0002533	-1		contraction	FALSE
21	N0.HOG0003831	-1		contraction	FALSE
21	N0.HOG0005811	-1		contraction	FALSE
21	N0.HOG0007180	-1		contraction	FALSE
21	N0.HOG0008071	-1		contraction	FALSE
21	N0.HOG0008187	-1		contraction	FALSE
21	N0.HOG0008274	-1		contraction	FALSE
21	N0.HOG0008369	-1		contraction	FALSE
21	N0.HOG0008417	-1		contraction	FALSE
21	N0.HOG0008480	-1		contraction	FALSE
21	N0.HOG0008698	-1		contraction	FALSE
21	N0.HOG0008748	-1		contraction	FALSE
21	N0.HOG0008860	-1		contraction	FALSE
21	N0.HOG0009444	-1		contraction	FALSE
21	N0.HOG0009457	-1		contraction	FALSE
21	N0.HOG0009559	-1		contraction	FALSE
21	N0.HOG0009946	-1		contraction	FALSE
21	N0.HOG0009980	-1		contraction	FALSE
21	N0.HOG0010002	-1		contraction	FALSE
21	N0.HOG0010049	-1		contraction	FALSE
21	N0.HOG0010050	-1		contraction	FALSE
21	N0.HOG0010051	-1		contraction	FALSE
21	N0.HOG0010169	-1		contraction	FALSE
21	N0.HOG0010331	-1		contraction	FALSE
21	N0.HOG0010452	-1		contraction	FALSE
21	N0.HOG0010603	-1		contraction	FALSE
21	N0.HOG0010620	-1		contraction	FALSE
21	N0.HOG0010769	-1		contraction	FALSE
21	N0.HOG0011058	-1		contraction	FALSE
21	N0.HOG0011464	-1		contraction	FALSE
21	N0.HOG0000098	6	2.74863e-09	expansion	TRUE
21	N0.HOG0000175	5	1.35118e-08	expansion	TRUE
21	N0.HOG0000228	4	4.40842e-07	expansion	TRUE
21	N0.HOG0000046	4	2.09741e-06	expansion	TRUE
21	N0.HOG0000770	4	2.09741e-06	expansion	TRUE
21	N0.HOG0000733	2	0.000469269	expansion	TRUE
21	N0.HOG0001419	2	0.000469269	expansion	TRUE
21	N0.HOG0000275	-2	0.00160359	contraction	TRUE
21	N0.HOG0000201	2	0.00229019	expansion	TRUE
21	N0.HOG0000061	2	0.00527046	expansion	TRUE
21	N0.HOG0000179	2	0.00527046	expansion	TRUE
21	N0.HOG0000053	1	0.0153106	expansion	TRUE
21	N0.HOG0000145	1	0.0153106	expansion	TRUE
21	N0.HOG0000266	1	0.0153106	expansion	TRUE
21	N0.HOG0000353	1	0.0153106	expansion	TRUE
21	N0.HOG0000354	1	0.0153106	expansion	TRUE
21	N0.HOG0000594	1	0.0153106	expansion	TRUE
21	N0.HOG0000849	1	0.0153106	expansion	TRUE
21	N0.HOG0000898	1	0.0153106	expansion	TRUE
21	N0.HOG0000920	1	0.0153106	expansion	TRUE
21	N0.HOG0000922	1	0.0153106	expansion	TRUE
21	N0.HOG0000935	1	0.0153106	expansion	TRUE
21	N0.HOG0000942	1	0.0153106	expansion	TRUE
21	N0.HOG0000998	1	0.0153106	expansion	TRUE
21	N0.HOG0001107	1	0.0153106	expansion	TRUE
21	N0.HOG0001115	1	0.0153106	expansion	TRUE
21	N0.HOG0001150	1	0.0153106	expansion	TRUE
21	N0.HOG0001159	1	0.0153106	expansion	TRUE
21	N0.HOG0001160	1	0.0153106	expansion	TRUE
21	N0.HOG0001161	1	0.0153106	expansion	TRUE
21	N0.HOG0001200	1	0.0153106	expansion	TRUE
21	N0.HOG0001230	1	0.0153106	expansion	TRUE
21	N0.HOG0001322	1	0.0153106	expansion	TRUE
21	N0.HOG0001423	1	0.0153106	expansion	TRUE
21	N0.HOG0001481	1	0.0153106	expansion	TRUE
21	N0.HOG0001566	1	0.0153106	expansion	TRUE
21	N0.HOG0001589	1	0.0153106	expansion	TRUE
21	N0.HOG0001933	1	0.0153106	expansion	TRUE
21	N0.HOG0002239	1	0.0153106	expansion	TRUE
21	N0.HOG0006059	1	0.0153106	expansion	TRUE
21	N0.HOG0000125	1	0.0306238	expansion	TRUE
21	N0.HOG0000235	1	0.0306238	expansion	TRUE
21	N0.HOG0000274	1	0.0306238	expansion	TRUE
21	N0.HOG0000350	1	0.0306238	expansion	TRUE
21	N0.HOG0000382	1	0.0306238	expansion	TRUE
21	N0.HOG0000947	1	0.0306238	expansion	TRUE
21	N0.HOG0000087	-1	0.0450356	contraction	TRUE
21	N0.HOG0000435	-1	0.0450356	contraction	TRUE
21	N0.HOG0000747	-1	0.0450356	contraction	TRUE
21	N0.HOG0000949	-1	0.0450356	contraction	TRUE
21	N0.HOG0001047	-1	0.0450356	contraction	TRUE
21	N0.HOG0001118	-1	0.0450356	contraction	TRUE
21	N0.HOG0001779	-1	0.0450356	contraction	TRUE
21	N0.HOG0002822	-1	0.0450356	contraction	TRUE
21	N0.HOG0006369	-1	0.0450356	contraction	TRUE
21	N0.HOG0008864	-1	0.0450356	contraction	TRUE
21	N0.HOG0008955	-1	0.0450356	contraction	TRUE
21	N0.HOG0009015	-1	0.0450356	contraction	TRUE
21	N0.HOG0009045	-1	0.0450356	contraction	TRUE
21	N0.HOG0009060	-1	0.0450356	contraction	TRUE
21	N0.HOG0009219	-1	0.0450356	contraction	TRUE
21	N0.HOG0009245	-1	0.0450356	contraction	TRUE
21	N0.HOG0009262	-1	0.0450356	contraction	TRUE
21	N0.HOG0009277	-1	0.0450356	contraction	TRUE
21	N0.HOG0009350	-1	0.0450356	contraction	TRUE
21	N0.HOG0009401	-1	0.0450356	contraction	TRUE
21	N0.HOG0009431	-1	0.0450356	contraction	TRUE
21	N0.HOG0009534	-1	0.0450356	contraction	TRUE
21	N0.HOG0009537	-1	0.0450356	contraction	TRUE
21	N0.HOG0009546	-1	0.0450356	contraction	TRUE
21	N0.HOG0009617	-1	0.0450356	contraction	TRUE
21	N0.HOG0009638	-1	0.0450356	contraction	TRUE
21	N0.HOG0009667	-1	0.0450356	contraction	TRUE
21	N0.HOG0009701	-1	0.0450356	contraction	TRUE
21	N0.HOG0009716	-1	0.0450356	contraction	TRUE
21	N0.HOG0009720	-1	0.0450356	contraction	TRUE
21	N0.HOG0009777	-1	0.0450356	contraction	TRUE
21	N0.HOG0009794	-1	0.0450356	contraction	TRUE
21	N0.HOG0009823	-1	0.0450356	contraction	TRUE
21	N0.HOG0009832	-1	0.0450356	contraction	TRUE
21	N0.HOG0009833	-1	0.0450356	contraction	TRUE
21	N0.HOG0009942	-1	0.0450356	contraction	TRUE
21	N0.HOG0009953	-1	0.0450356	contraction	TRUE
21	N0.HOG0010017	-1	0.0450356	contraction	TRUE
21	N0.HOG0010019	-1	0.0450356	contraction	TRUE
21	N0.HOG0010046	-1	0.0450356	contraction	TRUE
21	N0.HOG0010065	-1	0.0450356	contraction	TRUE
21	N0.HOG0010226	-1	0.0450356	contraction	TRUE
21	N0.HOG0010286	-1	0.0450356	contraction	TRUE
21	N0.HOG0010294	-1	0.0450356	contraction	TRUE
21	N0.HOG0010392	-1	0.0450356	contraction	TRUE
21	N0.HOG0010401	-1	0.0450356	contraction	TRUE
21	N0.HOG0010404	-1	0.0450356	contraction	TRUE
21	N0.HOG0010467	-1	0.0450356	contraction	TRUE
21	N0.HOG0010528	-1	0.0450356	contraction	TRUE
21	N0.HOG0010685	-1	0.0450356	contraction	TRUE
21	N0.HOG0010696	-1	0.0450356	contraction	TRUE
21	N0.HOG0010772	-1	0.0450356	contraction	TRUE
21	N0.HOG0010817	-1	0.0450356	contraction	TRUE
21	N0.HOG0010971	-1	0.0450356	contraction	TRUE
21	N0.HOG0010975	-1	0.0450356	contraction	TRUE
21	N0.HOG0011073	-1	0.0450356	contraction	TRUE
21	N0.HOG0011218	-1	0.0450356	contraction	TRUE
21	N0.HOG0011236	-1	0.0450356	contraction	TRUE
21	N0.HOG0011244	-1	0.0450356	contraction	TRUE
21	N0.HOG0011366	-1	0.0450356	contraction	TRUE
21	N0.HOG0011472	-1	0.0450356	contraction	TRUE
21	N0.HOG0011493	-1	0.0450356	contraction	TRUE
21	N0.HOG0011508	-1	0.0450356	contraction	TRUE
21	N0.HOG0011809	-1	0.0450356	contraction	TRUE
21	N0.HOG0011956	-1	0.0450356	contraction	TRUE
21	N0.HOG0012216	-1	0.0450356	contraction	TRUE
21	N0.HOG0012234	-1	0.0450356	contraction	TRUE
21	N0.HOG0012643	-1	0.0450356	contraction	TRUE
21	N0.HOG0012856	-1	0.0450356	contraction	TRUE
21	N0.HOG0013281	-1	0.0450356	contraction	TRUE
21	N0.HOG0013479	-1	0.0450356	contraction	TRUE
21	N0.HOG0013842	-1	0.0450356	contraction	TRUE
21	N0.HOG0013844	-1	0.0450356	contraction	TRUE
21	N0.HOG0013846	-1	0.0450356	contraction	TRUE
21	N0.HOG0013853	-1	0.0450356	contraction	TRUE
21	N0.HOG0015154	-1	0.0450356	contraction	TRUE
21	N0.HOG0015161	-1	0.0450356	contraction	TRUE
21	N0.HOG0015305	-1	0.0450356	contraction	TRUE
21	N0.HOG0015316	-1	0.0450356	contraction	TRUE
21	N0.HOG0016968	-1	0.0450356	contraction	TRUE
21	N0.HOG0017441	-1	0.0450356	contraction	TRUE
21	N0.HOG0018187	-1	0.0450356	contraction	TRUE
21	N0.HOG0000236	1	0.0458698	expansion	TRUE
21	N0.HOG0000373	1	0.0458698	expansion	TRUE
21	N0.HOG0000036	1	0.0609907	expansion	FALSE
21	N0.HOG0000028	1	0.0759384	expansion	FALSE
21	N0.HOG0000048	-1	0.0865123	contraction	FALSE
21	N0.HOG0000171	-1	0.0865123	contraction	FALSE
21	N0.HOG0000728	-1	0.0865123	contraction	FALSE
21	N0.HOG0000851	-1	0.0865123	contraction	FALSE
21	N0.HOG0000883	-1	0.0865123	contraction	FALSE
21	N0.HOG0009032	-1	0.0865123	contraction	FALSE
21	N0.HOG0000114	-1	0.124759	contraction	FALSE
21	N0.HOG0000331	-1	0.124759	contraction	FALSE
21	N0.HOG0000104	-1	0.160073	contraction	FALSE
22	N0.HOG0000217	1		expansion	FALSE
22	N0.HOG0000458	1		expansion	FALSE
22	N0.HOG0000560	1		expansion	FALSE
22	N0.HOG0000635	1		expansion	FALSE
22	N0.HOG0001093	1		expansion	FALSE
22	N0.HOG0001164	1		expansion	FALSE
22	N0.HOG0001184	1		expansion	FALSE
22	N0.HOG0001298	1		expansion	FALSE
22	N0.HOG0001469	1		expansion	FALSE
22	N0.HOG0001473	1		expansion	FALSE
22	N0.HOG0002160	1		expansion	FALSE
22	N0.HOG0002631	1		expansion	FALSE
22	N0.HOG0000130	-1		contraction	FALSE
22	N0.HOG0000180	-1		contraction	FALSE
22	N0.HOG0000680	-1		contraction	FALSE
22	N0.HOG0000716	-1		contraction	FALSE
22	N0.HOG0000852	-1		contraction	FALSE
22	N0.HOG0008338	-1		contraction	FALSE
22	N0.HOG0008703	-1		contraction	FALSE
22	N0.HOG0009216	-1		contraction	FALSE
22	N0.HOG0009565	-1		contraction	FALSE
22	N0.HOG0010533	-1		contraction	FALSE
22	N0.HOG0010770	-1		contraction	FALSE
22	N0.HOG0011485	-1		contraction	FALSE
22	N0.HOG0012813	-1		contraction	FALSE
22	N0.HOG0018176	-1		contraction	FALSE
22	N0.HOG0023697	-1		contraction	FALSE
22	N0.HOG0000236	4	2.08742e-06	expansion	TRUE
22	N0.HOG0000053	3	1.27567e-05	expansion	TRUE
22	N0.HOG0000346	2	0.00017522	expansion	TRUE
22	N0.HOG0000175	3	0.000278725	expansion	TRUE
22	N0.HOG0000159	-2	0.000573225	contraction	TRUE
22	N0.HOG0000059	2	0.00557313	expansion	TRUE
22	N0.HOG0000149	1	0.00935839	expansion	TRUE
22	N0.HOG0000738	1	0.00935839	expansion	TRUE
22	N0.HOG0000780	1	0.00935839	expansion	TRUE
22	N0.HOG0000803	1	0.00935839	expansion	TRUE
22	N0.HOG0001447	1	0.00935839	expansion	TRUE
22	N0.HOG0001532	1	0.00935839	expansion	TRUE
22	N0.HOG0001831	1	0.00935839	expansion	TRUE
22	N0.HOG0005916	1	0.00935839	expansion	TRUE
22	N0.HOG0009111	1	0.00935839	expansion	TRUE
22	N0.HOG0010022	1	0.00935839	expansion	TRUE
22	N0.HOG0000186	-1	0.0277344	contraction	TRUE
22	N0.HOG0000264	-1	0.0277344	contraction	TRUE
22	N0.HOG0000984	-1	0.0277344	contraction	TRUE
22	N0.HOG0001758	-1	0.0277344	contraction	TRUE
22	N0.HOG0008381	-1	0.0277344	contraction	TRUE
22	N0.HOG0009192	-1	0.0277344	contraction	TRUE
22	N0.HOG0009637	-1	0.0277344	contraction	TRUE
22	N0.HOG0009708	-1	0.0277344	contraction	TRUE
22	N0.HOG0010006	-1	0.0277344	contraction	TRUE
22	N0.HOG0010028	-1	0.0277344	contraction	TRUE
22	N0.HOG0010189	-1	0.0277344	contraction	TRUE
22	N0.HOG0010765	-1	0.0277344	contraction	TRUE
22	N0.HOG0011661	-1	0.0277344	contraction	TRUE
22	N0.HOG0012230	-1	0.0277344	contraction	TRUE
22	N0.HOG0013848	-1	0.0277344	contraction	TRUE
22	N0.HOG0016956	-1	0.0277344	contraction	TRUE
22	N0.HOG0000263	1	0.0280602	expansion	TRUE
22	N0.HOG0001179	1	0.0280602	expansion	TRUE
22	N0.HOG0000055	1	0.046643	expansion	TRUE
22	N0.HOG0000063	1	0.046643	expansion	TRUE
22	N0.HOG0000045	-1	0.0541122	contraction	FALSE
22	N0.HOG0000244	-1	0.0541122	contraction	FALSE
22	N0.HOG0000503	-1	0.0541122	contraction	FALSE
22	N0.HOG0000590	-1	0.0541122	contraction	FALSE
22	N0.HOG0000619	-1	0.0541122	contraction	FALSE
22	N0.HOG0000651	-1	0.0541122	contraction	FALSE
22	N0.HOG0000709	-1	0.0541122	contraction	FALSE
22	N0.HOG0000711	-1	0.0541122	contraction	FALSE
22	N0.HOG0000742	-1	0.0541122	contraction	FALSE
22	N0.HOG0000791	-1	0.0541122	contraction	FALSE
22	N0.HOG0000796	-1	0.0541122	contraction	FALSE
22	N0.HOG0000809	-1	0.0541122	contraction	FALSE
22	N0.HOG0000826	-1	0.0541122	contraction	FALSE
22	N0.HOG0000886	-1	0.0541122	contraction	FALSE
22	N0.HOG0000889	-1	0.0541122	contraction	FALSE
22	N0.HOG0000906	-1	0.0541122	contraction	FALSE
22	N0.HOG0000909	-1	0.0541122	contraction	FALSE
22	N0.HOG0001043	-1	0.0541122	contraction	FALSE
22	N0.HOG0001238	-1	0.0541122	contraction	FALSE
22	N0.HOG0000163	-1	0.079211	contraction	FALSE
22	N0.HOG0000322	-1	0.079211	contraction	FALSE
22	N0.HOG0000161	-1	0.103104	contraction	FALSE
22	N0.HOG0000069	-1	0.168209	contraction	FALSE
22	N0.HOG0000029	-1	0.224686	contraction	FALSE
23	N0.HOG0000206	1		expansion	FALSE
23	N0.HOG0000654	1		expansion	FALSE
23	N0.HOG0001244	1		expansion	FALSE
23	N0.HOG0001268	1		expansion	FALSE
23	N0.HOG0001370	1		expansion	FALSE
23	N0.HOG0002038	1		expansion	FALSE
23	N0.HOG0002057	1		expansion	FALSE
23	N0.HOG0002556	1		expansion	FALSE
23	N0.HOG0001000	-1		contraction	FALSE
23	N0.HOG0001086	-1		contraction	FALSE
23	N0.HOG0001089	-1		contraction	FALSE
23	N0.HOG0001474	-1		contraction	FALSE
23	N0.HOG0007660	-1		contraction	FALSE
23	N0.HOG0010451	-1		contraction	FALSE
23	N0.HOG0000236	3	0.000153357	expansion	TRUE
23	N0.HOG0000007	1	0.00569069	expansion	TRUE
23	N0.HOG0000123	1	0.00569069	expansion	TRUE
23	N0.HOG0000260	1	0.00569069	expansion	TRUE
23	N0.HOG0000333	1	0.00569069	expansion	TRUE
23	N0.HOG0000667	1	0.00569069	expansion	TRUE
23	N0.HOG0000703	1	0.00569069	expansion	TRUE
23	N0.HOG0000817	1	0.00569069	expansion	TRUE
23	N0.HOG0000955	1	0.00569069	expansion	TRUE
23	N0.HOG0000962	1	0.00569069	expansion	TRUE
23	N0.HOG0001127	1	0.00569069	expansion	TRUE
23	N0.HOG0001166	1	0.00569069	expansion	TRUE
23	N0.HOG0001284	1	0.00569069	expansion	TRUE
23	N0.HOG0002557	1	0.00569069	expansion	TRUE
23	N0.HOG0002857	1	0.00569069	expansion	TRUE
23	N0.HOG0007679	1	0.00569069	expansion	TRUE
23	N0.HOG0000465	1	0.0113814	expansion	TRUE
23	N0.HOG0000858	1	0.0113814	expansion	TRUE
23	N0.HOG0000031	-1	0.0169447	contraction	TRUE
23	N0.HOG0000189	-1	0.0169447	contraction	TRUE
23	N0.HOG0000289	-1	0.0169447	contraction	TRUE
23	N0.HOG0000708	-1	0.0169447	contraction	TRUE
23	N0.HOG0000732	-1	0.0169447	contraction	TRUE
23	N0.HOG0000832	-1	0.0169447	contraction	TRUE
23	N0.HOG0001030	-1	0.0169447	contraction	TRUE
23	N0.HOG0001383	-1	0.0169447	contraction	TRUE
23	N0.HOG0001739	-1	0.0169447	contraction	TRUE
23	N0.HOG0002072	-1	0.0169447	contraction	TRUE
23	N0.HOG0008416	-1	0.0169447	contraction	TRUE
23	N0.HOG0009445	-1	0.0169447	contraction	TRUE
23	N0.HOG0009657	-1	0.0169447	contraction	TRUE
23	N0.HOG0009732	-1	0.0169447	contraction	TRUE
23	N0.HOG0010011	-1	0.0169447	contraction	TRUE
23	N0.HOG0010338	-1	0.0169447	contraction	TRUE
23	N0.HOG0011094	-1	0.0169447	contraction	TRUE
23	N0.HOG0015307	-1	0.0169447	contraction	TRUE
23	N0.HOG0001419	1	0.0170686	expansion	TRUE
23	N0.HOG0000099	1	0.0227487	expansion	TRUE
23	N0.HOG0000201	1	0.0227487	expansion	TRUE
23	N0.HOG0000228	1	0.0284187	expansion	TRUE
23	N0.HOG0000531	-1	0.0333814	contraction	TRUE
23	N0.HOG0001150	-1	0.0333814	contraction	TRUE
23	N0.HOG0002239	-1	0.0333814	contraction	TRUE
23	N0.HOG0000770	1	0.0340755	expansion	TRUE
24	N0.HOG0000064	1		expansion	FALSE
24	N0.HOG0000190	1		expansion	FALSE
24	N0.HOG0000325	1		expansion	FALSE
24	N0.HOG0000410	1		expansion	FALSE
24	N0.HOG0000855	1		expansion	FALSE
24	N0.HOG0001028	1		expansion	FALSE
24	N0.HOG0001189	1		expansion	FALSE
24	N0.HOG0001191	1		expansion	FALSE
24	N0.HOG0001231	1		expansion	FALSE
24	N0.HOG0001511	1		expansion	FALSE
24	N0.HOG0001611	1		expansion	FALSE
24	N0.HOG0001691	1		expansion	FALSE
24	N0.HOG0001706	1		expansion	FALSE
24	N0.HOG0001913	1		expansion	FALSE
24	N0.HOG0003758	1		expansion	FALSE
24	N0.HOG0003770	1		expansion	FALSE
24	N0.HOG0009556	1		expansion	FALSE
24	N0.HOG0009588	1		expansion	FALSE
24	N0.HOG0000259	-1		contraction	FALSE
24	N0.HOG0000580	-1		contraction	FALSE
24	N0.HOG0000789	-1		contraction	FALSE
24	N0.HOG0001103	-1		contraction	FALSE
24	N0.HOG0001104	-1		contraction	FALSE
24	N0.HOG0007067	-1		contraction	FALSE
24	N0.HOG0007841	-1		contraction	FALSE
24	N0.HOG0007959	-1		contraction	FALSE
24	N0.HOG0007963	-1		contraction	FALSE
24	N0.HOG0008659	-1		contraction	FALSE
24	N0.HOG0008666	-1		contraction	FALSE
24	N0.HOG0008832	-1		contraction	FALSE
24	N0.HOG0008969	-1		contraction	FALSE
24	N0.HOG0008979	-1		contraction	FALSE
24	N0.HOG0000053	-4	1.75106e-08	contraction	TRUE
24	N0.HOG0001203	3	3.00173e-07	expansion	TRUE
24	N0.HOG0000283	2	3.55818e-05	expansion	TRUE
24	N0.HOG0001114	2	3.55818e-05	expansion	TRUE
24	N0.HOG0001414	2	3.55818e-05	expansion	TRUE
24	N0.HOG0001933	2	0.000176716	expansion	TRUE
24	N0.HOG0000048	1	0.00421777	expansion	TRUE
24	N0.HOG0000292	1	0.00421777	expansion	TRUE
24	N0.HOG0000422	1	0.00421777	expansion	TRUE
24	N0.HOG0000425	1	0.00421777	expansion	TRUE
24	N0.HOG0000761	1	0.00421777	expansion	TRUE
24	N0.HOG0000787	1	0.00421777	expansion	TRUE
24	N0.HOG0000790	1	0.00421777	expansion	TRUE
24	N0.HOG0000938	1	0.00421777	expansion	TRUE
24	N0.HOG0001036	1	0.00421777	expansion	TRUE
24	N0.HOG0001099	1	0.00421777	expansion	TRUE
24	N0.HOG0001240	1	0.00421777	expansion	TRUE
24	N0.HOG0001452	1	0.00421777	expansion	TRUE
24	N0.HOG0001729	1	0.00421777	expansion	TRUE
24	N0.HOG0002034	1	0.00421777	expansion	TRUE
24	N0.HOG0002710	1	0.00421777	expansion	TRUE
24	N0.HOG0008885	1	0.00421777	expansion	TRUE
24	N0.HOG0000354	1	0.00843556	expansion	TRUE
24	N0.HOG0000834	1	0.00843556	expansion	TRUE
24	N0.HOG0000008	-1	0.0125831	contraction	TRUE
24	N0.HOG0000015	-1	0.0125831	contraction	TRUE
24	N0.HOG0000258	-1	0.0125831	contraction	TRUE
24	N0.HOG0000272	-1	0.0125831	contraction	TRUE
24	N0.HOG0000304	-1	0.0125831	contraction	TRUE
24	N0.HOG0000534	-1	0.0125831	contraction	TRUE
24	N0.HOG0000742	-1	0.0125831	contraction	TRUE
24	N0.HOG0000811	-1	0.0125831	contraction	TRUE
24	N0.HOG0001400	-1	0.0125831	contraction	TRUE
24	N0.HOG0001608	-1	0.0125831	contraction	TRUE
24	N0.HOG0002065	-1	0.0125831	contraction	TRUE
24	N0.HOG0004813	-1	0.0125831	contraction	TRUE
24	N0.HOG0007927	-1	0.0125831	contraction	TRUE
24	N0.HOG0008231	-1	0.0125831	contraction	TRUE
24	N0.HOG0008384	-1	0.0125831	contraction	TRUE
24	N0.HOG0008664	-1	0.0125831	contraction	TRUE
24	N0.HOG0008788	-1	0.0125831	contraction	TRUE
24	N0.HOG0008835	-1	0.0125831	contraction	TRUE
24	N0.HOG0008893	-1	0.0125831	contraction	TRUE
24	N0.HOG0009059	-1	0.0125831	contraction	TRUE
24	N0.HOG0009237	-1	0.0125831	contraction	TRUE
24	N0.HOG0009240	-1	0.0125831	contraction	TRUE
24	N0.HOG0009244	-1	0.0125831	contraction	TRUE
24	N0.HOG0009567	-1	0.0125831	contraction	TRUE
24	N0.HOG0009692	-1	0.0125831	contraction	TRUE
24	N0.HOG0009857	-1	0.0125831	contraction	TRUE
24	N0.HOG0009878	-1	0.0125831	contraction	TRUE
24	N0.HOG0011499	-1	0.0125831	contraction	TRUE
24	N0.HOG0000242	1	0.0126519	expansion	TRUE
24	N0.HOG0000211	1	0.0168653	expansion	TRUE
24	N0.HOG0001179	1	0.0168653	expansion	TRUE
24	N0.HOG0000155	-1	0.0248856	contraction	TRUE
24	N0.HOG0000322	-1	0.0248856	contraction	TRUE
24	N0.HOG0000396	-1	0.0248856	contraction	TRUE
24	N0.HOG0000496	-1	0.0248856	contraction	TRUE
24	N0.HOG0000527	-1	0.0248856	contraction	TRUE
24	N0.HOG0000573	-1	0.0248856	contraction	TRUE
24	N0.HOG0000595	-1	0.0248856	contraction	TRUE
24	N0.HOG0001071	-1	0.0248856	contraction	TRUE
24	N0.HOG0001531	-1	0.0248856	contraction	TRUE
24	N0.HOG0000054	-1	0.036915	contraction	TRUE
24	N0.HOG0000207	-1	0.036915	contraction	TRUE
24	N0.HOG0000042	-1	0.0601826	contraction	FALSE
24	N0.HOG0000106	-1	0.0601826	contraction	FALSE
24	N0.HOG0000058	-1	0.0824404	contraction	FALSE
25	N0.HOG0000221	1		expansion	FALSE
25	N0.HOG0000286	1		expansion	FALSE
25	N0.HOG0000371	1		expansion	FALSE
25	N0.HOG0000607	1		expansion	FALSE
25	N0.HOG0000654	1		expansion	FALSE
25	N0.HOG0000739	1		expansion	FALSE
25	N0.HOG0000804	1		expansion	FALSE
25	N0.HOG0000848	1		expansion	FALSE
25	N0.HOG0000953	1		expansion	FALSE
25	N0.HOG0000954	1		expansion	FALSE
25	N0.HOG0000963	1		expansion	FALSE
25	N0.HOG0001065	1		expansion	FALSE
25	N0.HOG0001121	1		expansion	FALSE
25	N0.HOG0001125	1		expansion	FALSE
25	N0.HOG0001244	1		expansion	FALSE
25	N0.HOG0001252	1		expansion	FALSE
25	N0.HOG0001334	1		expansion	FALSE
25	N0.HOG0001370	1		expansion	FALSE
25	N0.HOG0001468	1		expansion	FALSE
25	N0.HOG0001653	1		expansion	FALSE
25	N0.HOG0002803	1		expansion	FALSE
25	N0.HOG0006317	1		expansion	FALSE
25	N0.HOG0009263	1		expansion	FALSE
25	N0.HOG0009620	1		expansion	FALSE
25	N0.HOG0000085	-1		contraction	FALSE
25	N0.HOG0000297	-1		contraction	FALSE
25	N0.HOG0000656	-1		contraction	FALSE
25	N0.HOG0000943	-1		contraction	FALSE
25	N0.HOG0001000	-1		contraction	FALSE
25	N0.HOG0001086	-1		contraction	FALSE
25	N0.HOG0001103	-1		contraction	FALSE
25	N0.HOG0008610	-1		contraction	FALSE
25	N0.HOG0008703	-1		contraction	FALSE
25	N0.HOG0009034	-1		contraction	FALSE
25	N0.HOG0009435	-1		contraction	FALSE
25	N0.HOG0010533	-1		contraction	FALSE
25	N0.HOG0010770	-1		contraction	FALSE
25	N0.HOG0011485	-1		contraction	FALSE
25	N0.HOG0012813	-1		contraction	FALSE
25	N0.HOG0018176	-1		contraction	FALSE
25	N0.HOG0023697	-1		contraction	FALSE
25	N0.HOG0000114	6	2.43212e-08	expansion	TRUE
25	N0.HOG0000504	3	8.39423e-05	expansion	TRUE
25	N0.HOG0000742	-2	0.000787241	contraction	TRUE
25	N0.HOG0000042	3	0.00101874	expansion	TRUE
25	N0.HOG0000061	-2	0.00217099	contraction	TRUE
25	N0.HOG0000373	-2	0.00217099	contraction	TRUE
25	N0.HOG0000155	2	0.00304223	expansion	TRUE
25	N0.HOG0000814	2	0.00304223	expansion	TRUE
25	N0.HOG0000162	2	0.00695568	expansion	TRUE
25	N0.HOG0000442	1	0.0176761	expansion	TRUE
25	N0.HOG0000484	1	0.0176761	expansion	TRUE
25	N0.HOG0000744	1	0.0176761	expansion	TRUE
25	N0.HOG0000794	1	0.0176761	expansion	TRUE
25	N0.HOG0000808	1	0.0176761	expansion	TRUE
25	N0.HOG0000817	1	0.0176761	expansion	TRUE
25	N0.HOG0000854	1	0.0176761	expansion	TRUE
25	N0.HOG0001139	1	0.0176761	expansion	TRUE
25	N0.HOG0001157	1	0.0176761	expansion	TRUE
25	N0.HOG0001246	1	0.0176761	expansion	TRUE
25	N0.HOG0001284	1	0.0176761	expansion	TRUE
25	N0.HOG0001351	1	0.0176761	expansion	TRUE
25	N0.HOG0001384	1	0.0176761	expansion	TRUE
25	N0.HOG0010095	1	0.0176761	expansion	TRUE
25	N0.HOG0000069	2	0.0330191	expansion	TRUE
25	N0.HOG0000094	1	0.0353568	expansion	TRUE
25	N0.HOG0000223	1	0.0353568	expansion	TRUE
25	N0.HOG0000015	-1	0.0518419	contraction	FALSE
25	N0.HOG0000123	-1	0.0518419	contraction	FALSE
25	N0.HOG0000149	-1	0.0518419	contraction	FALSE
25	N0.HOG0000189	-1	0.0518419	contraction	FALSE
25	N0.HOG0000258	-1	0.0518419	contraction	FALSE
25	N0.HOG0000260	-1	0.0518419	contraction	FALSE
25	N0.HOG0000272	-1	0.0518419	contraction	FALSE
25	N0.HOG0000289	-1	0.0518419	contraction	FALSE
25	N0.HOG0000429	-1	0.0518419	contraction	FALSE
25	N0.HOG0000832	-1	0.0518419	contraction	FALSE
25	N0.HOG0001030	-1	0.0518419	contraction	FALSE
25	N0.HOG0001395	-1	0.0518419	contraction	FALSE
25	N0.HOG0001739	-1	0.0518419	contraction	FALSE
25	N0.HOG0002072	-1	0.0518419	contraction	FALSE
25	N0.HOG0002945	-1	0.0518419	contraction	FALSE
25	N0.HOG0008383	-1	0.0518419	contraction	FALSE
25	N0.HOG0008873	-1	0.0518419	contraction	FALSE
25	N0.HOG0009240	-1	0.0518419	contraction	FALSE
25	N0.HOG0009295	-1	0.0518419	contraction	FALSE
25	N0.HOG0009302	-1	0.0518419	contraction	FALSE
25	N0.HOG0009657	-1	0.0518419	contraction	FALSE
25	N0.HOG0009732	-1	0.0518419	contraction	FALSE
25	N0.HOG0009789	-1	0.0518419	contraction	FALSE
25	N0.HOG0009835	-1	0.0518419	contraction	FALSE
25	N0.HOG0009875	-1	0.0518419	contraction	FALSE
25	N0.HOG0010064	-1	0.0518419	contraction	FALSE
25	N0.HOG0010120	-1	0.0518419	contraction	FALSE
25	N0.HOG0010164	-1	0.0518419	contraction	FALSE
25	N0.HOG0010179	-1	0.0518419	contraction	FALSE
25	N0.HOG0010279	-1	0.0518419	contraction	FALSE
25	N0.HOG0010346	-1	0.0518419	contraction	FALSE
25	N0.HOG0010449	-1	0.0518419	contraction	FALSE
25	N0.HOG0010673	-1	0.0518419	contraction	FALSE
25	N0.HOG0010810	-1	0.0518419	contraction	FALSE
25	N0.HOG0010896	-1	0.0518419	contraction	FALSE
25	N0.HOG0011094	-1	0.0518419	contraction	FALSE
25	N0.HOG0011245	-1	0.0518419	contraction	FALSE
25	N0.HOG0011499	-1	0.0518419	contraction	FALSE
25	N0.HOG0011775	-1	0.0518419	contraction	FALSE
25	N0.HOG0011808	-1	0.0518419	contraction	FALSE
25	N0.HOG0012808	-1	0.0518419	contraction	FALSE
25	N0.HOG0013848	-1	0.0518419	contraction	FALSE
25	N0.HOG0015301	-1	0.0518419	contraction	FALSE
25	N0.HOG0015307	-1	0.0518419	contraction	FALSE
25	N0.HOG0000163	1	0.0529351	expansion	FALSE
25	N0.HOG0000331	1	0.0529351	expansion	FALSE
25	N0.HOG0000044	1	0.0703247	expansion	FALSE
25	N0.HOG0000055	1	0.0874565	expansion	FALSE
25	N0.HOG0000046	-1	0.0989778	contraction	FALSE
25	N0.HOG0000089	-1	0.0989778	contraction	FALSE
25	N0.HOG0000098	-1	0.0989778	contraction	FALSE
25	N0.HOG0000183	-1	0.0989778	contraction	FALSE
25	N0.HOG0000402	-1	0.0989778	contraction	FALSE
25	N0.HOG0000590	-1	0.0989778	contraction	FALSE
25	N0.HOG0000740	-1	0.0989778	contraction	FALSE
25	N0.HOG0000826	-1	0.0989778	contraction	FALSE
25	N0.HOG0000932	-1	0.0989778	contraction	FALSE
25	N0.HOG0000019	1	0.136822	expansion	FALSE
25	N0.HOG0000159	-1	0.141907	contraction	FALSE
25	N0.HOG0000369	-1	0.141907	contraction	FALSE
25	N0.HOG0000161	-1	0.181074	contraction	FALSE
25	N0.HOG0000211	-1	0.181074	contraction	FALSE
25	N0.HOG0000148	-1	0.216868	contraction	FALSE
26	N0.HOG0000287	1		expansion	FALSE
26	N0.HOG0000751	1		expansion	FALSE
26	N0.HOG0000902	1		expansion	FALSE
26	N0.HOG0001008	1		expansion	FALSE
26	N0.HOG0002095	1		expansion	FALSE
26	N0.HOG0002164	1		expansion	FALSE
26	N0.HOG0002513	1		expansion	FALSE
26	N0.HOG0002937	1		expansion	FALSE
26	N0.HOG0004843	1		expansion	FALSE
26	N0.HOG0000210	-1		contraction	FALSE
26	N0.HOG0002533	-1		contraction	FALSE
26	N0.HOG0008698	-1		contraction	FALSE
26	N0.HOG0009264	-1		contraction	FALSE
26	N0.HOG0009385	-1		contraction	FALSE
26	N0.HOG0009980	-1		contraction	FALSE
26	N0.HOG0010169	-1		contraction	FALSE
26	N0.HOG0003653	2	0.000336893	expansion	TRUE
26	N0.HOG0000162	2	0.0103297	expansion	TRUE
26	N0.HOG0000333	1	0.0129743	expansion	TRUE
26	N0.HOG0000882	1	0.0129743	expansion	TRUE
26	N0.HOG0000955	1	0.0129743	expansion	TRUE
26	N0.HOG0001199	1	0.0129743	expansion	TRUE
26	N0.HOG0001221	1	0.0129743	expansion	TRUE
26	N0.HOG0001236	1	0.0129743	expansion	TRUE
26	N0.HOG0001295	1	0.0129743	expansion	TRUE
26	N0.HOG0001480	1	0.0129743	expansion	TRUE
26	N0.HOG0001605	1	0.0129743	expansion	TRUE
26	N0.HOG0009002	1	0.0129743	expansion	TRUE
26	N0.HOG0000382	1	0.02595	expansion	TRUE
26	N0.HOG0000464	1	0.02595	expansion	TRUE
26	N0.HOG0000602	1	0.02595	expansion	TRUE
26	N0.HOG0000614	1	0.02595	expansion	TRUE
26	N0.HOG0000005	-1	0.038275	contraction	TRUE
26	N0.HOG0000008	-1	0.038275	contraction	TRUE
26	N0.HOG0000046	-1	0.038275	contraction	TRUE
26	N0.HOG0000051	-1	0.038275	contraction	TRUE
26	N0.HOG0000053	-1	0.038275	contraction	TRUE
26	N0.HOG0000061	-1	0.038275	contraction	TRUE
26	N0.HOG0000087	-1	0.038275	contraction	TRUE
26	N0.HOG0000098	-1	0.038275	contraction	TRUE
26	N0.HOG0000186	-1	0.038275	contraction	TRUE
26	N0.HOG0000228	-1	0.038275	contraction	TRUE
26	N0.HOG0000233	-1	0.038275	contraction	TRUE
26	N0.HOG0000264	-1	0.038275	contraction	TRUE
26	N0.HOG0000373	-1	0.038275	contraction	TRUE
26	N0.HOG0000435	-1	0.038275	contraction	TRUE
26	N0.HOG0000708	-1	0.038275	contraction	TRUE
26	N0.HOG0000732	-1	0.038275	contraction	TRUE
26	N0.HOG0000766	-1	0.038275	contraction	TRUE
26	N0.HOG0000863	-1	0.038275	contraction	TRUE
26	N0.HOG0000872	-1	0.038275	contraction	TRUE
26	N0.HOG0001319	-1	0.038275	contraction	TRUE
26	N0.HOG0001779	-1	0.038275	contraction	TRUE
26	N0.HOG0001933	-1	0.038275	contraction	TRUE
26	N0.HOG0007848	-1	0.038275	contraction	TRUE
26	N0.HOG0008384	-1	0.038275	contraction	TRUE
26	N0.HOG0008689	-1	0.038275	contraction	TRUE
26	N0.HOG0008893	-1	0.038275	contraction	TRUE
26	N0.HOG0008955	-1	0.038275	contraction	TRUE
26	N0.HOG0009224	-1	0.038275	contraction	TRUE
26	N0.HOG0009245	-1	0.038275	contraction	TRUE
26	N0.HOG0009523	-1	0.038275	contraction	TRUE
26	N0.HOG0009638	-1	0.038275	contraction	TRUE
26	N0.HOG0009661	-1	0.038275	contraction	TRUE
26	N0.HOG0009720	-1	0.038275	contraction	TRUE
26	N0.HOG0009777	-1	0.038275	contraction	TRUE
26	N0.HOG0009878	-1	0.038275	contraction	TRUE
26	N0.HOG0010017	-1	0.038275	contraction	TRUE
26	N0.HOG0010028	-1	0.038275	contraction	TRUE
26	N0.HOG0010124	-1	0.038275	contraction	TRUE
26	N0.HOG0010180	-1	0.038275	contraction	TRUE
26	N0.HOG0010181	-1	0.038275	contraction	TRUE
26	N0.HOG0010189	-1	0.038275	contraction	TRUE
26	N0.HOG0010404	-1	0.038275	contraction	TRUE
26	N0.HOG0010464	-1	0.038275	contraction	TRUE
26	N0.HOG0010467	-1	0.038275	contraction	TRUE
26	N0.HOG0010524	-1	0.038275	contraction	TRUE
26	N0.HOG0010528	-1	0.038275	contraction	TRUE
26	N0.HOG0010619	-1	0.038275	contraction	TRUE
26	N0.HOG0010621	-1	0.038275	contraction	TRUE
26	N0.HOG0010772	-1	0.038275	contraction	TRUE
26	N0.HOG0010791	-1	0.038275	contraction	TRUE
26	N0.HOG0010817	-1	0.038275	contraction	TRUE
26	N0.HOG0010930	-1	0.038275	contraction	TRUE
26	N0.HOG0011073	-1	0.038275	contraction	TRUE
26	N0.HOG0011218	-1	0.038275	contraction	TRUE
26	N0.HOG0011236	-1	0.038275	contraction	TRUE
26	N0.HOG0011472	-1	0.038275	contraction	TRUE
26	N0.HOG0011661	-1	0.038275	contraction	TRUE
26	N0.HOG0011809	-1	0.038275	contraction	TRUE
26	N0.HOG0011813	-1	0.038275	contraction	TRUE
26	N0.HOG0011956	-1	0.038275	contraction	TRUE
26	N0.HOG0012216	-1	0.038275	contraction	TRUE
26	N0.HOG0012652	-1	0.038275	contraction	TRUE
26	N0.HOG0012856	-1	0.038275	contraction	TRUE
26	N0.HOG0013281	-1	0.038275	contraction	TRUE
26	N0.HOG0013844	-1	0.038275	contraction	TRUE
26	N0.HOG0015154	-1	0.038275	contraction	TRUE
26	N0.HOG0015161	-1	0.038275	contraction	TRUE
26	N0.HOG0015316	-1	0.038275	contraction	TRUE
26	N0.HOG0016956	-1	0.038275	contraction	TRUE
26	N0.HOG0016968	-1	0.038275	contraction	TRUE
26	N0.HOG0018187	-1	0.038275	contraction	TRUE
26	N0.HOG0000103	1	0.0388844	expansion	TRUE
26	N0.HOG0000099	1	0.0517411	expansion	FALSE
26	N0.HOG0000028	1	0.0644889	expansion	FALSE
26	N0.HOG0000044	1	0.0644889	expansion	FALSE
26	N0.HOG0000063	1	0.0644889	expansion	FALSE
26	N0.HOG0000106	1	0.0644889	expansion	FALSE
26	N0.HOG0000159	-1	0.0739742	contraction	FALSE
26	N0.HOG0000646	-1	0.0739742	contraction	FALSE
26	N0.HOG0000859	-1	0.0739742	contraction	FALSE
26	N0.HOG0000886	-1	0.0739742	contraction	FALSE
26	N0.HOG0001313	-1	0.0739742	contraction	FALSE
26	N0.HOG0000058	1	0.0895563	expansion	FALSE
27	N0.HOG0000134	1		expansion	FALSE
27	N0.HOG0000635	1		expansion	FALSE
27	N0.HOG0000741	1		expansion	FALSE
27	N0.HOG0000825	1		expansion	FALSE
27	N0.HOG0000885	1		expansion	FALSE
27	N0.HOG0001112	1		expansion	FALSE
27	N0.HOG0003228	1		expansion	FALSE
27	N0.HOG0003695	1		expansion	FALSE
27	N0.HOG0000315	-1		contraction	FALSE
27	N0.HOG0000321	-1		contraction	FALSE
27	N0.HOG0000491	-1		contraction	FALSE
27	N0.HOG0000609	-1		contraction	FALSE
27	N0.HOG0000616	-1		contraction	FALSE
27	N0.HOG0000620	-1		contraction	FALSE
27	N0.HOG0000641	-1		contraction	FALSE
27	N0.HOG0000657	-1		contraction	FALSE
27	N0.HOG0000662	-1		contraction	FALSE
27	N0.HOG0000678	-1		contraction	FALSE
27	N0.HOG0000682	-1		contraction	FALSE
27	N0.HOG0000686	-1		contraction	FALSE
27	N0.HOG0000716	-1		contraction	FALSE
27	N0.HOG0000737	-1		contraction	FALSE
27	N0.HOG0000773	-1		contraction	FALSE
27	N0.HOG0000775	-1		contraction	FALSE
27	N0.HOG0000837	-1		contraction	FALSE
27	N0.HOG0000852	-1		contraction	FALSE
27	N0.HOG0000892	-1		contraction	FALSE
27	N0.HOG0000956	-1		contraction	FALSE
27	N0.HOG0001357	-1		contraction	FALSE
27	N0.HOG0001411	-1		contraction	FALSE
27	N0.HOG0001468	-1		contraction	FALSE
27	N0.HOG0002339	-1		contraction	FALSE
27	N0.HOG0002497	-1		contraction	FALSE
27	N0.HOG0005171	-1		contraction	FALSE
27	N0.HOG0005751	-1		contraction	FALSE
27	N0.HOG0006602	-1		contraction	FALSE
27	N0.HOG0006718	-1		contraction	FALSE
27	N0.HOG0006809	-1		contraction	FALSE
27	N0.HOG0007402	-1		contraction	FALSE
27	N0.HOG0008015	-1		contraction	FALSE
27	N0.HOG0008526	-1		contraction	FALSE
27	N0.HOG0008549	-1		contraction	FALSE
27	N0.HOG0008696	-1		contraction	FALSE
27	N0.HOG0008717	-1		contraction	FALSE
27	N0.HOG0009767	-1		contraction	FALSE
27	N0.HOG0010049	-1		contraction	FALSE
27	N0.HOG0010050	-1		contraction	FALSE
27	N0.HOG0010051	-1		contraction	FALSE
27	N0.HOG0010331	-1		contraction	FALSE
27	N0.HOG0010534	-1		contraction	FALSE
27	N0.HOG0000090	5	1.78273e-08	expansion	TRUE
27	N0.HOG0000103	4	8.07083e-07	expansion	TRUE
27	N0.HOG0000045	-2	0.000120183	contraction	TRUE
27	N0.HOG0000048	-2	0.000120183	contraction	TRUE
27	N0.HOG0000163	-2	0.000681067	contraction	TRUE
27	N0.HOG0000039	2	0.00499623	expansion	TRUE
27	N0.HOG0000062	2	0.00499623	expansion	TRUE
27	N0.HOG0000594	1	0.00734658	expansion	TRUE
27	N0.HOG0000738	1	0.00734658	expansion	TRUE
27	N0.HOG0000780	1	0.00734658	expansion	TRUE
27	N0.HOG0000803	1	0.00734658	expansion	TRUE
27	N0.HOG0000884	1	0.00734658	expansion	TRUE
27	N0.HOG0001930	1	0.00734658	expansion	TRUE
27	N0.HOG0002800	1	0.00734658	expansion	TRUE
27	N0.HOG0010022	1	0.00734658	expansion	TRUE
27	N0.HOG0000091	1	0.0146933	expansion	TRUE
27	N0.HOG0000350	1	0.0146933	expansion	TRUE
27	N0.HOG0000465	1	0.0146933	expansion	TRUE
27	N0.HOG0000007	-1	0.0218285	contraction	TRUE
27	N0.HOG0000031	-1	0.0218285	contraction	TRUE
27	N0.HOG0000159	-1	0.0218285	contraction	TRUE
27	N0.HOG0000166	-1	0.0218285	contraction	TRUE
27	N0.HOG0000187	-1	0.0218285	contraction	TRUE
27	N0.HOG0000249	-1	0.0218285	contraction	TRUE
27	N0.HOG0000555	-1	0.0218285	contraction	TRUE
27	N0.HOG0000685	-1	0.0218285	contraction	TRUE
27	N0.HOG0000747	-1	0.0218285	contraction	TRUE
27	N0.HOG0000788	-1	0.0218285	contraction	TRUE
27	N0.HOG0000800	-1	0.0218285	contraction	TRUE
27	N0.HOG0000806	-1	0.0218285	contraction	TRUE
27	N0.HOG0000843	-1	0.0218285	contraction	TRUE
27	N0.HOG0000972	-1	0.0218285	contraction	TRUE
27	N0.HOG0000984	-1	0.0218285	contraction	TRUE
27	N0.HOG0001118	-1	0.0218285	contraction	TRUE
27	N0.HOG0001241	-1	0.0218285	contraction	TRUE
27	N0.HOG0001303	-1	0.0218285	contraction	TRUE
27	N0.HOG0001401	-1	0.0218285	contraction	TRUE
27	N0.HOG0001675	-1	0.0218285	contraction	TRUE
27	N0.HOG0001758	-1	0.0218285	contraction	TRUE
27	N0.HOG0002822	-1	0.0218285	contraction	TRUE
27	N0.HOG0004299	-1	0.0218285	contraction	TRUE
27	N0.HOG0004600	-1	0.0218285	contraction	TRUE
27	N0.HOG0006369	-1	0.0218285	contraction	TRUE
27	N0.HOG0006458	-1	0.0218285	contraction	TRUE
27	N0.HOG0008059	-1	0.0218285	contraction	TRUE
27	N0.HOG0008169	-1	0.0218285	contraction	TRUE
27	N0.HOG0008397	-1	0.0218285	contraction	TRUE
27	N0.HOG0008451	-1	0.0218285	contraction	TRUE
27	N0.HOG0008670	-1	0.0218285	contraction	TRUE
27	N0.HOG0008742	-1	0.0218285	contraction	TRUE
27	N0.HOG0008772	-1	0.0218285	contraction	TRUE
27	N0.HOG0008837	-1	0.0218285	contraction	TRUE
27	N0.HOG0008861	-1	0.0218285	contraction	TRUE
27	N0.HOG0008862	-1	0.0218285	contraction	TRUE
27	N0.HOG0008885	-1	0.0218285	contraction	TRUE
27	N0.HOG0008933	-1	0.0218285	contraction	TRUE
27	N0.HOG0008989	-1	0.0218285	contraction	TRUE
27	N0.HOG0009093	-1	0.0218285	contraction	TRUE
27	N0.HOG0009122	-1	0.0218285	contraction	TRUE
27	N0.HOG0009153	-1	0.0218285	contraction	TRUE
27	N0.HOG0009169	-1	0.0218285	contraction	TRUE
27	N0.HOG0009192	-1	0.0218285	contraction	TRUE
27	N0.HOG0009219	-1	0.0218285	contraction	TRUE
27	N0.HOG0009220	-1	0.0218285	contraction	TRUE
27	N0.HOG0009331	-1	0.0218285	contraction	TRUE
27	N0.HOG0009350	-1	0.0218285	contraction	TRUE
27	N0.HOG0009351	-1	0.0218285	contraction	TRUE
27	N0.HOG0009413	-1	0.0218285	contraction	TRUE
27	N0.HOG0009431	-1	0.0218285	contraction	TRUE
27	N0.HOG0009441	-1	0.0218285	contraction	TRUE
27	N0.HOG0009459	-1	0.0218285	contraction	TRUE
27	N0.HOG0009537	-1	0.0218285	contraction	TRUE
27	N0.HOG0009617	-1	0.0218285	contraction	TRUE
27	N0.HOG0009639	-1	0.0218285	contraction	TRUE
27	N0.HOG0009667	-1	0.0218285	contraction	TRUE
27	N0.HOG0009680	-1	0.0218285	contraction	TRUE
27	N0.HOG0009701	-1	0.0218285	contraction	TRUE
27	N0.HOG0009717	-1	0.0218285	contraction	TRUE
27	N0.HOG0009718	-1	0.0218285	contraction	TRUE
27	N0.HOG0009752	-1	0.0218285	contraction	TRUE
27	N0.HOG0009823	-1	0.0218285	contraction	TRUE
27	N0.HOG0009832	-1	0.0218285	contraction	TRUE
27	N0.HOG0009833	-1	0.0218285	contraction	TRUE
27	N0.HOG0009844	-1	0.0218285	contraction	TRUE
27	N0.HOG0009857	-1	0.0218285	contraction	TRUE
27	N0.HOG0009942	-1	0.0218285	contraction	TRUE
27	N0.HOG0009945	-1	0.0218285	contraction	TRUE
27	N0.HOG0009977	-1	0.0218285	contraction	TRUE
27	N0.HOG0009993	-1	0.0218285	contraction	TRUE
27	N0.HOG0010006	-1	0.0218285	contraction	TRUE
27	N0.HOG0010012	-1	0.0218285	contraction	TRUE
27	N0.HOG0010019	-1	0.0218285	contraction	TRUE
27	N0.HOG0010041	-1	0.0218285	contraction	TRUE
27	N0.HOG0010065	-1	0.0218285	contraction	TRUE
27	N0.HOG0010133	-1	0.0218285	contraction	TRUE
27	N0.HOG0010171	-1	0.0218285	contraction	TRUE
27	N0.HOG0010219	-1	0.0218285	contraction	TRUE
27	N0.HOG0010226	-1	0.0218285	contraction	TRUE
27	N0.HOG0010286	-1	0.0218285	contraction	TRUE
27	N0.HOG0010294	-1	0.0218285	contraction	TRUE
27	N0.HOG0010392	-1	0.0218285	contraction	TRUE
27	N0.HOG0010546	-1	0.0218285	contraction	TRUE
27	N0.HOG0010547	-1	0.0218285	contraction	TRUE
27	N0.HOG0010685	-1	0.0218285	contraction	TRUE
27	N0.HOG0010696	-1	0.0218285	contraction	TRUE
27	N0.HOG0010765	-1	0.0218285	contraction	TRUE
27	N0.HOG0010971	-1	0.0218285	contraction	TRUE
27	N0.HOG0010975	-1	0.0218285	contraction	TRUE
27	N0.HOG0011244	-1	0.0218285	contraction	TRUE
27	N0.HOG0011475	-1	0.0218285	contraction	TRUE
27	N0.HOG0011493	-1	0.0218285	contraction	TRUE
27	N0.HOG0012234	-1	0.0218285	contraction	TRUE
27	N0.HOG0012236	-1	0.0218285	contraction	TRUE
27	N0.HOG0012643	-1	0.0218285	contraction	TRUE
27	N0.HOG0012687	-1	0.0218285	contraction	TRUE
27	N0.HOG0013479	-1	0.0218285	contraction	TRUE
27	N0.HOG0013842	-1	0.0218285	contraction	TRUE
27	N0.HOG0013846	-1	0.0218285	contraction	TRUE
27	N0.HOG0013853	-1	0.0218285	contraction	TRUE
27	N0.HOG0015305	-1	0.0218285	contraction	TRUE
27	N0.HOG0017441	-1	0.0218285	contraction	TRUE
27	N0.HOG0000155	1	0.0293566	expansion	TRUE
27	N0.HOG0000147	-1	0.0428152	contraction	TRUE
27	N0.HOG0000160	-1	0.0428152	contraction	TRUE
27	N0.HOG0000241	-1	0.0428152	contraction	TRUE
27	N0.HOG0000442	-1	0.0428152	contraction	TRUE
27	N0.HOG0000478	-1	0.0428152	contraction	TRUE
27	N0.HOG0000502	-1	0.0428152	contraction	TRUE
27	N0.HOG0000531	-1	0.0428152	contraction	TRUE
27	N0.HOG0000554	-1	0.0428152	contraction	TRUE
27	N0.HOG0000574	-1	0.0428152	contraction	TRUE
27	N0.HOG0000591	-1	0.0428152	contraction	TRUE
27	N0.HOG0000595	-1	0.0428152	contraction	TRUE
27	N0.HOG0000619	-1	0.0428152	contraction	TRUE
27	N0.HOG0000631	-1	0.0428152	contraction	TRUE
27	N0.HOG0000644	-1	0.0428152	contraction	TRUE
27	N0.HOG0000651	-1	0.0428152	contraction	TRUE
27	N0.HOG0000681	-1	0.0428152	contraction	TRUE
27	N0.HOG0000695	-1	0.0428152	contraction	TRUE
27	N0.HOG0000709	-1	0.0428152	contraction	TRUE
27	N0.HOG0000711	-1	0.0428152	contraction	TRUE
27	N0.HOG0000765	-1	0.0428152	contraction	TRUE
27	N0.HOG0000771	-1	0.0428152	contraction	TRUE
27	N0.HOG0000791	-1	0.0428152	contraction	TRUE
27	N0.HOG0000792	-1	0.0428152	contraction	TRUE
27	N0.HOG0000796	-1	0.0428152	contraction	TRUE
27	N0.HOG0000808	-1	0.0428152	contraction	TRUE
27	N0.HOG0000809	-1	0.0428152	contraction	TRUE
27	N0.HOG0000834	-1	0.0428152	contraction	TRUE
27	N0.HOG0000851	-1	0.0428152	contraction	TRUE
27	N0.HOG0000883	-1	0.0428152	contraction	TRUE
27	N0.HOG0000889	-1	0.0428152	contraction	TRUE
27	N0.HOG0000894	-1	0.0428152	contraction	TRUE
27	N0.HOG0000895	-1	0.0428152	contraction	TRUE
27	N0.HOG0000906	-1	0.0428152	contraction	TRUE
27	N0.HOG0000909	-1	0.0428152	contraction	TRUE
27	N0.HOG0000957	-1	0.0428152	contraction	TRUE
27	N0.HOG0001043	-1	0.0428152	contraction	TRUE
27	N0.HOG0001142	-1	0.0428152	contraction	TRUE
27	N0.HOG0001238	-1	0.0428152	contraction	TRUE
27	N0.HOG0009032	-1	0.0428152	contraction	TRUE
27	N0.HOG0000239	-1	0.062998	contraction	FALSE
27	N0.HOG0000242	-1	0.062998	contraction	FALSE
27	N0.HOG0000263	-1	0.062998	contraction	FALSE
27	N0.HOG0000277	-1	0.062998	contraction	FALSE
27	N0.HOG0000295	-1	0.062998	contraction	FALSE
27	N0.HOG0000299	-1	0.062998	contraction	FALSE
27	N0.HOG0000322	-1	0.062998	contraction	FALSE
27	N0.HOG0000043	-1	0.0824132	contraction	FALSE
27	N0.HOG0000113	-1	0.0824132	contraction	FALSE
27	N0.HOG0000148	-1	0.0824132	contraction	FALSE
27	N0.HOG0000052	-1	0.101095	contraction	FALSE
27	N0.HOG0000040	-1	0.153061	contraction	FALSE
27	N0.HOG0000042	-1	0.153061	contraction	FALSE
28	N0.HOG0000300	1		expansion	FALSE
28	N0.HOG0001152	1		expansion	FALSE
28	N0.HOG0001571	1		expansion	FALSE
28	N0.HOG0002096	1		expansion	FALSE
28	N0.HOG0002194	1		expansion	FALSE
28	N0.HOG0002394	1		expansion	FALSE
28	N0.HOG0008812	1		expansion	FALSE
28	N0.HOG0000572	-1		contraction	FALSE
28	N0.HOG0000706	-1		contraction	FALSE
28	N0.HOG0000750	-1		contraction	FALSE
28	N0.HOG0008686	-1		contraction	FALSE
28	N0.HOG0009457	-1		contraction	FALSE
28	N0.HOG0009937	-1		contraction	FALSE
28	N0.HOG0011058	-1		contraction	FALSE
28	N0.HOG0000442	2	0.000163465	expansion	TRUE
28	N0.HOG0000667	1	0.00405605	expansion	TRUE
28	N0.HOG0001275	1	0.00405605	expansion	TRUE
28	N0.HOG0001383	1	0.00405605	expansion	TRUE
28	N0.HOG0001837	1	0.00405605	expansion	TRUE
28	N0.HOG0008883	1	0.00405605	expansion	TRUE
28	N0.HOG0000858	1	0.00811211	expansion	TRUE
28	N0.HOG0000031	-1	0.0121031	contraction	TRUE
28	N0.HOG0000402	-1	0.0121031	contraction	TRUE
28	N0.HOG0000747	-1	0.0121031	contraction	TRUE
28	N0.HOG0000788	-1	0.0121031	contraction	TRUE
28	N0.HOG0002822	-1	0.0121031	contraction	TRUE
28	N0.HOG0004299	-1	0.0121031	contraction	TRUE
28	N0.HOG0006369	-1	0.0121031	contraction	TRUE
28	N0.HOG0009617	-1	0.0121031	contraction	TRUE
28	N0.HOG0009618	-1	0.0121031	contraction	TRUE
28	N0.HOG0009718	-1	0.0121031	contraction	TRUE
28	N0.HOG0009752	-1	0.0121031	contraction	TRUE
28	N0.HOG0009832	-1	0.0121031	contraction	TRUE
28	N0.HOG0009953	-1	0.0121031	contraction	TRUE
28	N0.HOG0010338	-1	0.0121031	contraction	TRUE
28	N0.HOG0010765	-1	0.0121031	contraction	TRUE
28	N0.HOG0010975	-1	0.0121031	contraction	TRUE
28	N0.HOG0011243	-1	0.0121031	contraction	TRUE
28	N0.HOG0011366	-1	0.0121031	contraction	TRUE
28	N0.HOG0011814	-1	0.0121031	contraction	TRUE
28	N0.HOG0012240	-1	0.0121031	contraction	TRUE
28	N0.HOG0012687	-1	0.0121031	contraction	TRUE
28	N0.HOG0013842	-1	0.0121031	contraction	TRUE
28	N0.HOG0013846	-1	0.0121031	contraction	TRUE
28	N0.HOG0013853	-1	0.0121031	contraction	TRUE
28	N0.HOG0015305	-1	0.0121031	contraction	TRUE
28	N0.HOG0017441	-1	0.0121031	contraction	TRUE
28	N0.HOG0000592	1	0.0121669	expansion	TRUE
28	N0.HOG0000486	-1	0.0239467	contraction	TRUE
28	N0.HOG0000114	1	0.0364011	expansion	TRUE
28	N0.HOG0000057	-1	0.0688535	contraction	FALSE
29	N0.HOG0000172	1		expansion	FALSE
29	N0.HOG0000731	1		expansion	FALSE
29	N0.HOG0000885	1		expansion	FALSE
29	N0.HOG0000986	1		expansion	FALSE
29	N0.HOG0001049	1		expansion	FALSE
29	N0.HOG0001093	1		expansion	FALSE
29	N0.HOG0001256	1		expansion	FALSE
29	N0.HOG0001496	1		expansion	FALSE
29	N0.HOG0001610	1		expansion	FALSE
29	N0.HOG0002152	1		expansion	FALSE
29	N0.HOG0002333	1		expansion	FALSE
29	N0.HOG0002541	1		expansion	FALSE
29	N0.HOG0002826	1		expansion	FALSE
29	N0.HOG0002830	1		expansion	FALSE
29	N0.HOG0003210	1		expansion	FALSE
29	N0.HOG0003400	1		expansion	FALSE
29	N0.HOG0003422	1		expansion	FALSE
29	N0.HOG0004212	1		expansion	FALSE
29	N0.HOG0000180	-1		contraction	FALSE
29	N0.HOG0000206	-1		contraction	FALSE
29	N0.HOG0000226	-1		contraction	FALSE
29	N0.HOG0000265	-1		contraction	FALSE
29	N0.HOG0000286	-1		contraction	FALSE
29	N0.HOG0000321	-1		contraction	FALSE
29	N0.HOG0000548	-1		contraction	FALSE
29	N0.HOG0000566	-1		contraction	FALSE
29	N0.HOG0000609	-1		contraction	FALSE
29	N0.HOG0000620	-1		contraction	FALSE
29	N0.HOG0000641	-1		contraction	FALSE
29	N0.HOG0000645	-1		contraction	FALSE
29	N0.HOG0000657	-1		contraction	FALSE
29	N0.HOG0000662	-1		contraction	FALSE
29	N0.HOG0000678	-1		contraction	FALSE
29	N0.HOG0000686	-1		contraction	FALSE
29	N0.HOG0000716	-1		contraction	FALSE
29	N0.HOG0000737	-1		contraction	FALSE
29	N0.HOG0000773	-1		contraction	FALSE
29	N0.HOG0000775	-1		contraction	FALSE
29	N0.HOG0000837	-1		contraction	FALSE
29	N0.HOG0000852	-1		contraction	FALSE
29	N0.HOG0000892	-1		contraction	FALSE
29	N0.HOG0000956	-1		contraction	FALSE
29	N0.HOG0000963	-1		contraction	FALSE
29	N0.HOG0001022	-1		contraction	FALSE
29	N0.HOG0001125	-1		contraction	FALSE
29	N0.HOG0001370	-1		contraction	FALSE
29	N0.HOG0001411	-1		contraction	FALSE
29	N0.HOG0005436	-1		contraction	FALSE
29	N0.HOG0005781	-1		contraction	FALSE
29	N0.HOG0007041	-1		contraction	FALSE
29	N0.HOG0007382	-1		contraction	FALSE
29	N0.HOG0007644	-1		contraction	FALSE
29	N0.HOG0007755	-1		contraction	FALSE
29	N0.HOG0008088	-1		contraction	FALSE
29	N0.HOG0008310	-1		contraction	FALSE
29	N0.HOG0008468	-1		contraction	FALSE
29	N0.HOG0008480	-1		contraction	FALSE
29	N0.HOG0008554	-1		contraction	FALSE
29	N0.HOG0008562	-1		contraction	FALSE
29	N0.HOG0009067	-1		contraction	FALSE
29	N0.HOG0009216	-1		contraction	FALSE
29	N0.HOG0009275	-1		contraction	FALSE
29	N0.HOG0009385	-1		contraction	FALSE
29	N0.HOG0009980	-1		contraction	FALSE
29	N0.HOG0010049	-1		contraction	FALSE
29	N0.HOG0010050	-1		contraction	FALSE
29	N0.HOG0010051	-1		contraction	FALSE
29	N0.HOG0010169	-1		contraction	FALSE
29	N0.HOG0010331	-1		contraction	FALSE
29	N0.HOG0010534	-1		contraction	FALSE
29	N0.HOG0011013	-1		contraction	FALSE
29	N0.HOG0011464	-1		contraction	FALSE
29	N0.HOG0000064	-2		contraction	FALSE
29	N0.HOG0000592	7	7.75622e-10	expansion	TRUE
29	N0.HOG0000103	6	6.70435e-09	expansion	TRUE
29	N0.HOG0000090	5	1.10492e-06	expansion	TRUE
29	N0.HOG0000005	3	1.14893e-05	expansion	TRUE
29	N0.HOG0000228	3	1.14893e-05	expansion	TRUE
29	N0.HOG0000008	2	0.000404019	expansion	TRUE
29	N0.HOG0000629	2	0.000404019	expansion	TRUE
29	N0.HOG0002071	2	0.000404019	expansion	TRUE
29	N0.HOG0000048	-2	0.000489361	contraction	TRUE
29	N0.HOG0000275	-2	0.00137029	contraction	TRUE
29	N0.HOG0000322	-2	0.00137029	contraction	TRUE
29	N0.HOG0001133	2	0.00197515	expansion	TRUE
29	N0.HOG0000148	-2	0.00263554	contraction	TRUE
29	N0.HOG0000054	2	0.00455928	expansion	TRUE
29	N0.HOG0000263	2	0.00455928	expansion	TRUE
29	N0.HOG0000504	2	0.0122345	expansion	TRUE
29	N0.HOG0000037	1	0.0142073	expansion	TRUE
29	N0.HOG0000053	1	0.0142073	expansion	TRUE
29	N0.HOG0000345	1	0.0142073	expansion	TRUE
29	N0.HOG0000534	1	0.0142073	expansion	TRUE
29	N0.HOG0000703	1	0.0142073	expansion	TRUE
29	N0.HOG0000705	1	0.0142073	expansion	TRUE
29	N0.HOG0000738	1	0.0142073	expansion	TRUE
29	N0.HOG0000780	1	0.0142073	expansion	TRUE
29	N0.HOG0000803	1	0.0142073	expansion	TRUE
29	N0.HOG0000844	1	0.0142073	expansion	TRUE
29	N0.HOG0000884	1	0.0142073	expansion	TRUE
29	N0.HOG0000920	1	0.0142073	expansion	TRUE
29	N0.HOG0000928	1	0.0142073	expansion	TRUE
29	N0.HOG0001056	1	0.0142073	expansion	TRUE
29	N0.HOG0001107	1	0.0142073	expansion	TRUE
29	N0.HOG0001127	1	0.0142073	expansion	TRUE
29	N0.HOG0001424	1	0.0142073	expansion	TRUE
29	N0.HOG0001566	1	0.0142073	expansion	TRUE
29	N0.HOG0001930	1	0.0142073	expansion	TRUE
29	N0.HOG0002403	1	0.0142073	expansion	TRUE
29	N0.HOG0002800	1	0.0142073	expansion	TRUE
29	N0.HOG0003840	1	0.0142073	expansion	TRUE
29	N0.HOG0000091	1	0.0284164	expansion	TRUE
29	N0.HOG0000125	1	0.0284164	expansion	TRUE
29	N0.HOG0000244	1	0.0284164	expansion	TRUE
29	N0.HOG0000550	1	0.0284164	expansion	TRUE
29	N0.HOG0001275	1	0.0284164	expansion	TRUE
29	N0.HOG0000051	-1	0.0418476	contraction	TRUE
29	N0.HOG0000087	-1	0.0418476	contraction	TRUE
29	N0.HOG0000089	-1	0.0418476	contraction	TRUE
29	N0.HOG0000166	-1	0.0418476	contraction	TRUE
29	N0.HOG0000186	-1	0.0418476	contraction	TRUE
29	N0.HOG0000187	-1	0.0418476	contraction	TRUE
29	N0.HOG0000249	-1	0.0418476	contraction	TRUE
29	N0.HOG0000264	-1	0.0418476	contraction	TRUE
29	N0.HOG0000373	-1	0.0418476	contraction	TRUE
29	N0.HOG0000435	-1	0.0418476	contraction	TRUE
29	N0.HOG0000660	-1	0.0418476	contraction	TRUE
29	N0.HOG0000685	-1	0.0418476	contraction	TRUE
29	N0.HOG0000708	-1	0.0418476	contraction	TRUE
29	N0.HOG0000732	-1	0.0418476	contraction	TRUE
29	N0.HOG0000766	-1	0.0418476	contraction	TRUE
29	N0.HOG0000800	-1	0.0418476	contraction	TRUE
29	N0.HOG0000806	-1	0.0418476	contraction	TRUE
29	N0.HOG0000863	-1	0.0418476	contraction	TRUE
29	N0.HOG0000872	-1	0.0418476	contraction	TRUE
29	N0.HOG0000949	-1	0.0418476	contraction	TRUE
29	N0.HOG0000972	-1	0.0418476	contraction	TRUE
29	N0.HOG0000984	-1	0.0418476	contraction	TRUE
29	N0.HOG0001047	-1	0.0418476	contraction	TRUE
29	N0.HOG0001118	-1	0.0418476	contraction	TRUE
29	N0.HOG0001241	-1	0.0418476	contraction	TRUE
29	N0.HOG0001319	-1	0.0418476	contraction	TRUE
29	N0.HOG0001675	-1	0.0418476	contraction	TRUE
29	N0.HOG0001758	-1	0.0418476	contraction	TRUE
29	N0.HOG0001933	-1	0.0418476	contraction	TRUE
29	N0.HOG0004813	-1	0.0418476	contraction	TRUE
29	N0.HOG0008121	-1	0.0418476	contraction	TRUE
29	N0.HOG0008384	-1	0.0418476	contraction	TRUE
29	N0.HOG0008861	-1	0.0418476	contraction	TRUE
29	N0.HOG0008948	-1	0.0418476	contraction	TRUE
29	N0.HOG0009015	-1	0.0418476	contraction	TRUE
29	N0.HOG0009045	-1	0.0418476	contraction	TRUE
29	N0.HOG0009093	-1	0.0418476	contraction	TRUE
29	N0.HOG0009127	-1	0.0418476	contraction	TRUE
29	N0.HOG0009158	-1	0.0418476	contraction	TRUE
29	N0.HOG0009169	-1	0.0418476	contraction	TRUE
29	N0.HOG0009192	-1	0.0418476	contraction	TRUE
29	N0.HOG0009219	-1	0.0418476	contraction	TRUE
29	N0.HOG0009220	-1	0.0418476	contraction	TRUE
29	N0.HOG0009318	-1	0.0418476	contraction	TRUE
29	N0.HOG0009331	-1	0.0418476	contraction	TRUE
29	N0.HOG0009350	-1	0.0418476	contraction	TRUE
29	N0.HOG0009351	-1	0.0418476	contraction	TRUE
29	N0.HOG0009352	-1	0.0418476	contraction	TRUE
29	N0.HOG0009441	-1	0.0418476	contraction	TRUE
29	N0.HOG0009445	-1	0.0418476	contraction	TRUE
29	N0.HOG0009459	-1	0.0418476	contraction	TRUE
29	N0.HOG0009523	-1	0.0418476	contraction	TRUE
29	N0.HOG0009525	-1	0.0418476	contraction	TRUE
29	N0.HOG0009549	-1	0.0418476	contraction	TRUE
29	N0.HOG0009561	-1	0.0418476	contraction	TRUE
29	N0.HOG0009604	-1	0.0418476	contraction	TRUE
29	N0.HOG0009638	-1	0.0418476	contraction	TRUE
29	N0.HOG0009667	-1	0.0418476	contraction	TRUE
29	N0.HOG0009680	-1	0.0418476	contraction	TRUE
29	N0.HOG0009701	-1	0.0418476	contraction	TRUE
29	N0.HOG0009823	-1	0.0418476	contraction	TRUE
29	N0.HOG0009833	-1	0.0418476	contraction	TRUE
29	N0.HOG0009834	-1	0.0418476	contraction	TRUE
29	N0.HOG0009844	-1	0.0418476	contraction	TRUE
29	N0.HOG0009857	-1	0.0418476	contraction	TRUE
29	N0.HOG0009878	-1	0.0418476	contraction	TRUE
29	N0.HOG0009915	-1	0.0418476	contraction	TRUE
29	N0.HOG0009942	-1	0.0418476	contraction	TRUE
29	N0.HOG0009945	-1	0.0418476	contraction	TRUE
29	N0.HOG0009993	-1	0.0418476	contraction	TRUE
29	N0.HOG0010006	-1	0.0418476	contraction	TRUE
29	N0.HOG0010012	-1	0.0418476	contraction	TRUE
29	N0.HOG0010017	-1	0.0418476	contraction	TRUE
29	N0.HOG0010019	-1	0.0418476	contraction	TRUE
29	N0.HOG0010020	-1	0.0418476	contraction	TRUE
29	N0.HOG0010028	-1	0.0418476	contraction	TRUE
29	N0.HOG0010065	-1	0.0418476	contraction	TRUE
29	N0.HOG0010133	-1	0.0418476	contraction	TRUE
29	N0.HOG0010189	-1	0.0418476	contraction	TRUE
29	N0.HOG0010219	-1	0.0418476	contraction	TRUE
29	N0.HOG0010226	-1	0.0418476	contraction	TRUE
29	N0.HOG0010286	-1	0.0418476	contraction	TRUE
29	N0.HOG0010294	-1	0.0418476	contraction	TRUE
29	N0.HOG0010392	-1	0.0418476	contraction	TRUE
29	N0.HOG0010404	-1	0.0418476	contraction	TRUE
29	N0.HOG0010524	-1	0.0418476	contraction	TRUE
29	N0.HOG0010528	-1	0.0418476	contraction	TRUE
29	N0.HOG0010547	-1	0.0418476	contraction	TRUE
29	N0.HOG0010566	-1	0.0418476	contraction	TRUE
29	N0.HOG0010619	-1	0.0418476	contraction	TRUE
29	N0.HOG0010621	-1	0.0418476	contraction	TRUE
29	N0.HOG0010685	-1	0.0418476	contraction	TRUE
29	N0.HOG0010696	-1	0.0418476	contraction	TRUE
29	N0.HOG0010772	-1	0.0418476	contraction	TRUE
29	N0.HOG0010791	-1	0.0418476	contraction	TRUE
29	N0.HOG0010817	-1	0.0418476	contraction	TRUE
29	N0.HOG0010971	-1	0.0418476	contraction	TRUE
29	N0.HOG0011073	-1	0.0418476	contraction	TRUE
29	N0.HOG0011218	-1	0.0418476	contraction	TRUE
29	N0.HOG0011236	-1	0.0418476	contraction	TRUE
29	N0.HOG0011244	-1	0.0418476	contraction	TRUE
29	N0.HOG0011472	-1	0.0418476	contraction	TRUE
29	N0.HOG0011475	-1	0.0418476	contraction	TRUE
29	N0.HOG0011493	-1	0.0418476	contraction	TRUE
29	N0.HOG0011661	-1	0.0418476	contraction	TRUE
29	N0.HOG0011809	-1	0.0418476	contraction	TRUE
29	N0.HOG0011956	-1	0.0418476	contraction	TRUE
29	N0.HOG0012216	-1	0.0418476	contraction	TRUE
29	N0.HOG0012234	-1	0.0418476	contraction	TRUE
29	N0.HOG0012643	-1	0.0418476	contraction	TRUE
29	N0.HOG0012652	-1	0.0418476	contraction	TRUE
29	N0.HOG0012856	-1	0.0418476	contraction	TRUE
29	N0.HOG0013281	-1	0.0418476	contraction	TRUE
29	N0.HOG0013479	-1	0.0418476	contraction	TRUE
29	N0.HOG0013844	-1	0.0418476	contraction	TRUE
29	N0.HOG0015154	-1	0.0418476	contraction	TRUE
29	N0.HOG0015161	-1	0.0418476	contraction	TRUE
29	N0.HOG0015316	-1	0.0418476	contraction	TRUE
29	N0.HOG0016956	-1	0.0418476	contraction	TRUE
29	N0.HOG0016968	-1	0.0418476	contraction	TRUE
29	N0.HOG0018187	-1	0.0418476	contraction	TRUE
29	N0.HOG0000068	1	0.0425717	expansion	TRUE
29	N0.HOG0000121	1	0.0425717	expansion	TRUE
29	N0.HOG0000203	1	0.0425717	expansion	TRUE
29	N0.HOG0001179	1	0.0425717	expansion	TRUE
29	N0.HOG0000155	1	0.0566261	expansion	FALSE
29	N0.HOG0000106	1	0.0705398	expansion	FALSE
29	N0.HOG0000045	-1	0.0806194	contraction	FALSE
29	N0.HOG0000147	-1	0.0806194	contraction	FALSE
29	N0.HOG0000159	-1	0.0806194	contraction	FALSE
29	N0.HOG0000160	-1	0.0806194	contraction	FALSE
29	N0.HOG0000241	-1	0.0806194	contraction	FALSE
29	N0.HOG0000478	-1	0.0806194	contraction	FALSE
29	N0.HOG0000502	-1	0.0806194	contraction	FALSE
29	N0.HOG0000554	-1	0.0806194	contraction	FALSE
29	N0.HOG0000574	-1	0.0806194	contraction	FALSE
29	N0.HOG0000591	-1	0.0806194	contraction	FALSE
29	N0.HOG0000595	-1	0.0806194	contraction	FALSE
29	N0.HOG0000619	-1	0.0806194	contraction	FALSE
29	N0.HOG0000631	-1	0.0806194	contraction	FALSE
29	N0.HOG0000644	-1	0.0806194	contraction	FALSE
29	N0.HOG0000646	-1	0.0806194	contraction	FALSE
29	N0.HOG0000651	-1	0.0806194	contraction	FALSE
29	N0.HOG0000668	-1	0.0806194	contraction	FALSE
29	N0.HOG0000681	-1	0.0806194	contraction	FALSE
29	N0.HOG0000695	-1	0.0806194	contraction	FALSE
29	N0.HOG0000709	-1	0.0806194	contraction	FALSE
29	N0.HOG0000711	-1	0.0806194	contraction	FALSE
29	N0.HOG0000763	-1	0.0806194	contraction	FALSE
29	N0.HOG0000765	-1	0.0806194	contraction	FALSE
29	N0.HOG0000768	-1	0.0806194	contraction	FALSE
29	N0.HOG0000771	-1	0.0806194	contraction	FALSE
29	N0.HOG0000791	-1	0.0806194	contraction	FALSE
29	N0.HOG0000796	-1	0.0806194	contraction	FALSE
29	N0.HOG0000809	-1	0.0806194	contraction	FALSE
29	N0.HOG0000834	-1	0.0806194	contraction	FALSE
29	N0.HOG0000836	-1	0.0806194	contraction	FALSE
29	N0.HOG0000851	-1	0.0806194	contraction	FALSE
29	N0.HOG0000859	-1	0.0806194	contraction	FALSE
29	N0.HOG0000886	-1	0.0806194	contraction	FALSE
29	N0.HOG0000889	-1	0.0806194	contraction	FALSE
29	N0.HOG0000895	-1	0.0806194	contraction	FALSE
29	N0.HOG0000906	-1	0.0806194	contraction	FALSE
29	N0.HOG0000909	-1	0.0806194	contraction	FALSE
29	N0.HOG0000957	-1	0.0806194	contraction	FALSE
29	N0.HOG0001043	-1	0.0806194	contraction	FALSE
29	N0.HOG0001142	-1	0.0806194	contraction	FALSE
29	N0.HOG0001246	-1	0.0806194	contraction	FALSE
29	N0.HOG0001360	-1	0.0806194	contraction	FALSE
29	N0.HOG0001531	-1	0.0806194	contraction	FALSE
29	N0.HOG0009032	-1	0.0806194	contraction	FALSE
29	N0.HOG0000039	1	0.0842802	expansion	FALSE
29	N0.HOG0000055	1	0.0842802	expansion	FALSE
29	N0.HOG0000062	1	0.0842802	expansion	FALSE
29	N0.HOG0000211	-1	0.11658	contraction	FALSE
29	N0.HOG0000224	-1	0.11658	contraction	FALSE
29	N0.HOG0000262	-1	0.11658	contraction	FALSE
29	N0.HOG0000277	-1	0.11658	contraction	FALSE
29	N0.HOG0000295	-1	0.11658	contraction	FALSE
29	N0.HOG0000299	-1	0.11658	contraction	FALSE
29	N0.HOG0000639	-1	0.11658	contraction	FALSE
29	N0.HOG0000069	1	0.124214	expansion	FALSE
29	N0.HOG0000104	-1	0.149969	contraction	FALSE
29	N0.HOG0000113	-1	0.149969	contraction	FALSE
29	N0.HOG0000177	-1	0.149969	contraction	FALSE
29	N0.HOG0000044	-1	0.181006	contraction	FALSE
29	N0.HOG0000057	-1	0.181006	contraction	FALSE
29	N0.HOG0000059	-1	0.181006	contraction	FALSE
29	N0.HOG0000029	-1	0.30722	contraction	FALSE
30	N0.HOG0001049	1		expansion	FALSE
30	N0.HOG0003149	1		expansion	FALSE
30	N0.HOG0000130	-1		contraction	FALSE
30	N0.HOG0000723	-1		contraction	FALSE
30	N0.HOG0000746	-1		contraction	FALSE
30	N0.HOG0000896	-1		contraction	FALSE
30	N0.HOG0006205	-1		contraction	FALSE
30	N0.HOG0006981	-1		contraction	FALSE
30	N0.HOG0007064	-1		contraction	FALSE
30	N0.HOG0007330	-1		contraction	FALSE
30	N0.HOG0007552	-1		contraction	FALSE
30	N0.HOG0007851	-1		contraction	FALSE
30	N0.HOG0007852	-1		contraction	FALSE
30	N0.HOG0008084	-1		contraction	FALSE
30	N0.HOG0008592	-1		contraction	FALSE
30	N0.HOG0008639	-1		contraction	FALSE
30	N0.HOG0000008	2	8.64987e-05	expansion	TRUE
30	N0.HOG0000354	1	0.00190629	expansion	TRUE
30	N0.HOG0000422	1	0.00190629	expansion	TRUE
30	N0.HOG0000934	1	0.00190629	expansion	TRUE
30	N0.HOG0000955	1	0.00190629	expansion	TRUE
30	N0.HOG0000968	1	0.00190629	expansion	TRUE
30	N0.HOG0004363	1	0.00190629	expansion	TRUE
30	N0.HOG0009111	1	0.00190629	expansion	TRUE
30	N0.HOG0010022	1	0.00190629	expansion	TRUE
30	N0.HOG0000159	-1	0.00570442	contraction	TRUE
30	N0.HOG0000867	-1	0.00570442	contraction	TRUE
30	N0.HOG0002852	-1	0.00570442	contraction	TRUE
30	N0.HOG0008059	-1	0.00570442	contraction	TRUE
30	N0.HOG0008169	-1	0.00570442	contraction	TRUE
30	N0.HOG0008451	-1	0.00570442	contraction	TRUE
30	N0.HOG0008465	-1	0.00570442	contraction	TRUE
30	N0.HOG0008485	-1	0.00570442	contraction	TRUE
30	N0.HOG0008576	-1	0.00570442	contraction	TRUE
30	N0.HOG0008757	-1	0.00570442	contraction	TRUE
30	N0.HOG0008862	-1	0.00570442	contraction	TRUE
30	N0.HOG0008893	-1	0.00570442	contraction	TRUE
30	N0.HOG0009007	-1	0.00570442	contraction	TRUE
30	N0.HOG0009037	-1	0.00570442	contraction	TRUE
30	N0.HOG0009081	-1	0.00570442	contraction	TRUE
30	N0.HOG0009204	-1	0.00570442	contraction	TRUE
30	N0.HOG0009245	-1	0.00570442	contraction	TRUE
30	N0.HOG0009319	-1	0.00570442	contraction	TRUE
30	N0.HOG0009467	-1	0.00570442	contraction	TRUE
30	N0.HOG0009794	-1	0.00570442	contraction	TRUE
30	N0.HOG0009898	-1	0.00570442	contraction	TRUE
30	N0.HOG0010790	-1	0.00570442	contraction	TRUE
30	N0.HOG0011813	-1	0.00570442	contraction	TRUE
30	N0.HOG0012230	-1	0.00570442	contraction	TRUE
30	N0.HOG0000125	1	0.00571874	expansion	TRUE
30	N0.HOG0000814	1	0.00762462	expansion	TRUE
30	N0.HOG0000028	1	0.0095301	expansion	TRUE
30	N0.HOG0000063	1	0.0095301	expansion	TRUE
30	N0.HOG0000369	-1	0.0113511	contraction	TRUE
30	N0.HOG0000769	-1	0.0113511	contraction	TRUE
30	N0.HOG0000808	-1	0.0113511	contraction	TRUE
30	N0.HOG0000854	-1	0.0113511	contraction	TRUE
30	N0.HOG0000894	-1	0.0113511	contraction	TRUE
30	N0.HOG0000106	1	0.011435	expansion	TRUE
30	N0.HOG0000039	1	0.0133393	expansion	TRUE
30	N0.HOG0000104	-1	0.0169407	contraction	TRUE
30	N0.HOG0000239	-1	0.0169407	contraction	TRUE
31	N0.HOG0000174	2		expansion	FALSE
31	N0.HOG0000208	1		expansion	FALSE
31	N0.HOG0000219	1		expansion	FALSE
31	N0.HOG0000389	1		expansion	FALSE
31	N0.HOG0000697	1		expansion	FALSE
31	N0.HOG0000776	1		expansion	FALSE
31	N0.HOG0000793	1		expansion	FALSE
31	N0.HOG0000825	1		expansion	FALSE
31	N0.HOG0000853	1		expansion	FALSE
31	N0.HOG0000913	1		expansion	FALSE
31	N0.HOG0001006	1		expansion	FALSE
31	N0.HOG0001174	1		expansion	FALSE
31	N0.HOG0001202	1		expansion	FALSE
31	N0.HOG0001239	1		expansion	FALSE
31	N0.HOG0001273	1		expansion	FALSE
31	N0.HOG0001276	1		expansion	FALSE
31	N0.HOG0001290	1		expansion	FALSE
31	N0.HOG0001296	1		expansion	FALSE
31	N0.HOG0001311	1		expansion	FALSE
31	N0.HOG0001340	1		expansion	FALSE
31	N0.HOG0001369	1		expansion	FALSE
31	N0.HOG0001371	1		expansion	FALSE
31	N0.HOG0001425	1		expansion	FALSE
31	N0.HOG0001430	1		expansion	FALSE
31	N0.HOG0001434	1		expansion	FALSE
31	N0.HOG0001483	1		expansion	FALSE
31	N0.HOG0001511	1		expansion	FALSE
31	N0.HOG0001561	1		expansion	FALSE
31	N0.HOG0001593	1		expansion	FALSE
31	N0.HOG0001631	1		expansion	FALSE
31	N0.HOG0001637	1		expansion	FALSE
31	N0.HOG0001646	1		expansion	FALSE
31	N0.HOG0001648	1		expansion	FALSE
31	N0.HOG0001706	1		expansion	FALSE
31	N0.HOG0001773	1		expansion	FALSE
31	N0.HOG0001788	1		expansion	FALSE
31	N0.HOG0001883	1		expansion	FALSE
31	N0.HOG0001936	1		expansion	FALSE
31	N0.HOG0001988	1		expansion	FALSE
31	N0.HOG0002005	1		expansion	FALSE
31	N0.HOG0002022	1		expansion	FALSE
31	N0.HOG0002157	1		expansion	FALSE
31	N0.HOG0002285	1		expansion	FALSE
31	N0.HOG0002318	1		expansion	FALSE
31	N0.HOG0002393	1		expansion	FALSE
31	N0.HOG0002447	1		expansion	FALSE
31	N0.HOG0002804	1		expansion	FALSE
31	N0.HOG0003058	1		expansion	FALSE
31	N0.HOG0003239	1		expansion	FALSE
31	N0.HOG0003241	1		expansion	FALSE
31	N0.HOG0003279	1		expansion	FALSE
31	N0.HOG0003387	1		expansion	FALSE
31	N0.HOG0003416	1		expansion	FALSE
31	N0.HOG0004430	1		expansion	FALSE
31	N0.HOG0005656	1		expansion	FALSE
31	N0.HOG0006482	1		expansion	FALSE
31	N0.HOG0007878	1		expansion	FALSE
31	N0.HOG0007908	1		expansion	FALSE
31	N0.HOG0008054	1		expansion	FALSE
31	N0.HOG0009001	1		expansion	FALSE
31	N0.HOG0000021	-1		contraction	FALSE
31	N0.HOG0000070	-1		contraction	FALSE
31	N0.HOG0000116	-1		contraction	FALSE
31	N0.HOG0000157	-1		contraction	FALSE
31	N0.HOG0000168	-1		contraction	FALSE
31	N0.HOG0000388	-1		contraction	FALSE
31	N0.HOG0000474	-1		contraction	FALSE
31	N0.HOG0000513	-1		contraction	FALSE
31	N0.HOG0000528	-1		contraction	FALSE
31	N0.HOG0000530	-1		contraction	FALSE
31	N0.HOG0000565	-1		contraction	FALSE
31	N0.HOG0000567	-1		contraction	FALSE
31	N0.HOG0000583	-1		contraction	FALSE
31	N0.HOG0000596	-1		contraction	FALSE
31	N0.HOG0000600	-1		contraction	FALSE
31	N0.HOG0000626	-1		contraction	FALSE
31	N0.HOG0000634	-1		contraction	FALSE
31	N0.HOG0000638	-1		contraction	FALSE
31	N0.HOG0000653	-1		contraction	FALSE
31	N0.HOG0000672	-1		contraction	FALSE
31	N0.HOG0000683	-1		contraction	FALSE
31	N0.HOG0000700	-1		contraction	FALSE
31	N0.HOG0000749	-1		contraction	FALSE
31	N0.HOG0000805	-1		contraction	FALSE
31	N0.HOG0000903	-1		contraction	FALSE
31	N0.HOG0000927	-1		contraction	FALSE
31	N0.HOG0001167	-1		contraction	FALSE
31	N0.HOG0001368	-1		contraction	FALSE
31	N0.HOG0001653	-1		contraction	FALSE
31	N0.HOG0001942	-1		contraction	FALSE
31	N0.HOG0002496	-1		contraction	FALSE
31	N0.HOG0002803	-1		contraction	FALSE
31	N0.HOG0002911	-1		contraction	FALSE
31	N0.HOG0004039	-1		contraction	FALSE
31	N0.HOG0005217	-1		contraction	FALSE
31	N0.HOG0006173	-1		contraction	FALSE
31	N0.HOG0006317	-1		contraction	FALSE
31	N0.HOG0007867	-1		contraction	FALSE
31	N0.HOG0008041	-1		contraction	FALSE
31	N0.HOG0008063	-1		contraction	FALSE
31	N0.HOG0008071	-1		contraction	FALSE
31	N0.HOG0008155	-1		contraction	FALSE
31	N0.HOG0008294	-1		contraction	FALSE
31	N0.HOG0008398	-1		contraction	FALSE
31	N0.HOG0008420	-1		contraction	FALSE
31	N0.HOG0008421	-1		contraction	FALSE
31	N0.HOG0008612	-1		contraction	FALSE
31	N0.HOG0008685	-1		contraction	FALSE
31	N0.HOG0008698	-1		contraction	FALSE
31	N0.HOG0008710	-1		contraction	FALSE
31	N0.HOG0008735	-1		contraction	FALSE
31	N0.HOG0008743	-1		contraction	FALSE
31	N0.HOG0008746	-1		contraction	FALSE
31	N0.HOG0008766	-1		contraction	FALSE
31	N0.HOG0008819	-1		contraction	FALSE
31	N0.HOG0008865	-1		contraction	FALSE
31	N0.HOG0008871	-1		contraction	FALSE
31	N0.HOG0008896	-1		contraction	FALSE
31	N0.HOG0008946	-1		contraction	FALSE
31	N0.HOG0008974	-1		contraction	FALSE
31	N0.HOG0008975	-1		contraction	FALSE
31	N0.HOG0008979	-1		contraction	FALSE
31	N0.HOG0009013	-1		contraction	FALSE
31	N0.HOG0009074	-1		contraction	FALSE
31	N0.HOG0009096	-1		contraction	FALSE
31	N0.HOG0009099	-1		contraction	FALSE
31	N0.HOG0009142	-1		contraction	FALSE
31	N0.HOG0009181	-1		contraction	FALSE
31	N0.HOG0009264	-1		contraction	FALSE
31	N0.HOG0009357	-1		contraction	FALSE
31	N0.HOG0009378	-1		contraction	FALSE
31	N0.HOG0009380	-1		contraction	FALSE
31	N0.HOG0009388	-1		contraction	FALSE
31	N0.HOG0009520	-1		contraction	FALSE
31	N0.HOG0010116	-1		contraction	FALSE
31	N0.HOG0001482	3	1.1095e-06	expansion	TRUE
31	N0.HOG0009534	3	1.1095e-06	expansion	TRUE
31	N0.HOG0001410	2	8.50585e-05	expansion	TRUE
31	N0.HOG0001667	2	8.50585e-05	expansion	TRUE
31	N0.HOG0000054	-2	0.00027175	contraction	TRUE
31	N0.HOG0000236	-2	0.00027175	contraction	TRUE
31	N0.HOG0000470	-2	0.00027175	contraction	TRUE
31	N0.HOG0000499	-2	0.00027175	contraction	TRUE
31	N0.HOG0000039	-2	0.00130062	contraction	TRUE
31	N0.HOG0000249	1	0.00652089	expansion	TRUE
31	N0.HOG0000283	1	0.00652089	expansion	TRUE
31	N0.HOG0000346	1	0.00652089	expansion	TRUE
31	N0.HOG0000393	1	0.00652089	expansion	TRUE
31	N0.HOG0000694	1	0.00652089	expansion	TRUE
31	N0.HOG0000732	1	0.00652089	expansion	TRUE
31	N0.HOG0000735	1	0.00652089	expansion	TRUE
31	N0.HOG0000761	1	0.00652089	expansion	TRUE
31	N0.HOG0000785	1	0.00652089	expansion	TRUE
31	N0.HOG0000790	1	0.00652089	expansion	TRUE
31	N0.HOG0000849	1	0.00652089	expansion	TRUE
31	N0.HOG0000899	1	0.00652089	expansion	TRUE
31	N0.HOG0000945	1	0.00652089	expansion	TRUE
31	N0.HOG0000992	1	0.00652089	expansion	TRUE
31	N0.HOG0000999	1	0.00652089	expansion	TRUE
31	N0.HOG0001002	1	0.00652089	expansion	TRUE
31	N0.HOG0001011	1	0.00652089	expansion	TRUE
31	N0.HOG0001026	1	0.00652089	expansion	TRUE
31	N0.HOG0001027	1	0.00652089	expansion	TRUE
31	N0.HOG0001036	1	0.00652089	expansion	TRUE
31	N0.HOG0001039	1	0.00652089	expansion	TRUE
31	N0.HOG0001059	1	0.00652089	expansion	TRUE
31	N0.HOG0001069	1	0.00652089	expansion	TRUE
31	N0.HOG0001099	1	0.00652089	expansion	TRUE
31	N0.HOG0001126	1	0.00652089	expansion	TRUE
31	N0.HOG0001143	1	0.00652089	expansion	TRUE
31	N0.HOG0001159	1	0.00652089	expansion	TRUE
31	N0.HOG0001161	1	0.00652089	expansion	TRUE
31	N0.HOG0001173	1	0.00652089	expansion	TRUE
31	N0.HOG0001187	1	0.00652089	expansion	TRUE
31	N0.HOG0001194	1	0.00652089	expansion	TRUE
31	N0.HOG0001259	1	0.00652089	expansion	TRUE
31	N0.HOG0001274	1	0.00652089	expansion	TRUE
31	N0.HOG0001346	1	0.00652089	expansion	TRUE
31	N0.HOG0001352	1	0.00652089	expansion	TRUE
31	N0.HOG0001478	1	0.00652089	expansion	TRUE
31	N0.HOG0001560	1	0.00652089	expansion	TRUE
31	N0.HOG0001592	1	0.00652089	expansion	TRUE
31	N0.HOG0001613	1	0.00652089	expansion	TRUE
31	N0.HOG0001741	1	0.00652089	expansion	TRUE
31	N0.HOG0001887	1	0.00652089	expansion	TRUE
31	N0.HOG0002177	1	0.00652089	expansion	TRUE
31	N0.HOG0002326	1	0.00652089	expansion	TRUE
31	N0.HOG0002342	1	0.00652089	expansion	TRUE
31	N0.HOG0003788	1	0.00652089	expansion	TRUE
31	N0.HOG0003855	1	0.00652089	expansion	TRUE
31	N0.HOG0006183	1	0.00652089	expansion	TRUE
31	N0.HOG0007166	1	0.00652089	expansion	TRUE
31	N0.HOG0007194	1	0.00652089	expansion	TRUE
31	N0.HOG0007848	1	0.00652089	expansion	TRUE
31	N0.HOG0008070	1	0.00652089	expansion	TRUE
31	N0.HOG0008704	1	0.00652089	expansion	TRUE
31	N0.HOG0008862	1	0.00652089	expansion	TRUE
31	N0.HOG0009060	1	0.00652089	expansion	TRUE
31	N0.HOG0009207	1	0.00652089	expansion	TRUE
31	N0.HOG0000114	2	0.0104642	expansion	TRUE
31	N0.HOG0000147	1	0.0130419	expansion	TRUE
31	N0.HOG0000235	1	0.0130419	expansion	TRUE
31	N0.HOG0000301	1	0.0130419	expansion	TRUE
31	N0.HOG0000574	1	0.0130419	expansion	TRUE
31	N0.HOG0000667	1	0.0130419	expansion	TRUE
31	N0.HOG0001250	1	0.0130419	expansion	TRUE
31	N0.HOG0000005	-1	0.0193959	contraction	TRUE
31	N0.HOG0000061	-1	0.0193959	contraction	TRUE
31	N0.HOG0000098	-1	0.0193959	contraction	TRUE
31	N0.HOG0000795	-1	0.0193959	contraction	TRUE
31	N0.HOG0000811	-1	0.0193959	contraction	TRUE
31	N0.HOG0001303	-1	0.0193959	contraction	TRUE
31	N0.HOG0001641	-1	0.0193959	contraction	TRUE
31	N0.HOG0001676	-1	0.0193959	contraction	TRUE
31	N0.HOG0001779	-1	0.0193959	contraction	TRUE
31	N0.HOG0008409	-1	0.0193959	contraction	TRUE
31	N0.HOG0008416	-1	0.0193959	contraction	TRUE
31	N0.HOG0008576	-1	0.0193959	contraction	TRUE
31	N0.HOG0008689	-1	0.0193959	contraction	TRUE
31	N0.HOG0008796	-1	0.0193959	contraction	TRUE
31	N0.HOG0008831	-1	0.0193959	contraction	TRUE
31	N0.HOG0008923	-1	0.0193959	contraction	TRUE
31	N0.HOG0008984	-1	0.0193959	contraction	TRUE
31	N0.HOG0008998	-1	0.0193959	contraction	TRUE
31	N0.HOG0009007	-1	0.0193959	contraction	TRUE
31	N0.HOG0009033	-1	0.0193959	contraction	TRUE
31	N0.HOG0009047	-1	0.0193959	contraction	TRUE
31	N0.HOG0009058	-1	0.0193959	contraction	TRUE
31	N0.HOG0009084	-1	0.0193959	contraction	TRUE
31	N0.HOG0009125	-1	0.0193959	contraction	TRUE
31	N0.HOG0009130	-1	0.0193959	contraction	TRUE
31	N0.HOG0009160	-1	0.0193959	contraction	TRUE
31	N0.HOG0009195	-1	0.0193959	contraction	TRUE
31	N0.HOG0009244	-1	0.0193959	contraction	TRUE
31	N0.HOG0009245	-1	0.0193959	contraction	TRUE
31	N0.HOG0009259	-1	0.0193959	contraction	TRUE
31	N0.HOG0009277	-1	0.0193959	contraction	TRUE
31	N0.HOG0009291	-1	0.0193959	contraction	TRUE
31	N0.HOG0009293	-1	0.0193959	contraction	TRUE
31	N0.HOG0009319	-1	0.0193959	contraction	TRUE
31	N0.HOG0009349	-1	0.0193959	contraction	TRUE
31	N0.HOG0009412	-1	0.0193959	contraction	TRUE
31	N0.HOG0009450	-1	0.0193959	contraction	TRUE
31	N0.HOG0009467	-1	0.0193959	contraction	TRUE
31	N0.HOG0009546	-1	0.0193959	contraction	TRUE
31	N0.HOG0009581	-1	0.0193959	contraction	TRUE
31	N0.HOG0009601	-1	0.0193959	contraction	TRUE
31	N0.HOG0009637	-1	0.0193959	contraction	TRUE
31	N0.HOG0009639	-1	0.0193959	contraction	TRUE
31	N0.HOG0009663	-1	0.0193959	contraction	TRUE
31	N0.HOG0009694	-1	0.0193959	contraction	TRUE
31	N0.HOG0009716	-1	0.0193959	contraction	TRUE
31	N0.HOG0009717	-1	0.0193959	contraction	TRUE
31	N0.HOG0009720	-1	0.0193959	contraction	TRUE
31	N0.HOG0009735	-1	0.0193959	contraction	TRUE
31	N0.HOG0010022	-1	0.0193959	contraction	TRUE
31	N0.HOG0010045	-1	0.0193959	contraction	TRUE
31	N0.HOG0010096	-1	0.0193959	contraction	TRUE
31	N0.HOG0010180	-1	0.0193959	contraction	TRUE
31	N0.HOG0010464	-1	0.0193959	contraction	TRUE
31	N0.HOG0010465	-1	0.0193959	contraction	TRUE
31	N0.HOG0010546	-1	0.0193959	contraction	TRUE
31	N0.HOG0010790	-1	0.0193959	contraction	TRUE
31	N0.HOG0011813	-1	0.0193959	contraction	TRUE
31	N0.HOG0012230	-1	0.0193959	contraction	TRUE
31	N0.HOG0012236	-1	0.0193959	contraction	TRUE
31	N0.HOG0000207	1	0.0195575	expansion	TRUE
31	N0.HOG0000223	1	0.0195575	expansion	TRUE
31	N0.HOG0000858	1	0.0195575	expansion	TRUE
31	N0.HOG0000163	1	0.0260626	expansion	TRUE
31	N0.HOG0000052	1	0.0325526	expansion	TRUE
31	N0.HOG0000059	1	0.0325526	expansion	TRUE
31	N0.HOG0000253	-1	0.0381266	contraction	TRUE
31	N0.HOG0000369	-1	0.0381266	contraction	TRUE
31	N0.HOG0000614	-1	0.0381266	contraction	TRUE
31	N0.HOG0000792	-1	0.0381266	contraction	TRUE
31	N0.HOG0000794	-1	0.0381266	contraction	TRUE
31	N0.HOG0000815	-1	0.0381266	contraction	TRUE
31	N0.HOG0000865	-1	0.0381266	contraction	TRUE
31	N0.HOG0000901	-1	0.0381266	contraction	TRUE
31	N0.HOG0001035	-1	0.0381266	contraction	TRUE
31	N0.HOG0001157	-1	0.0381266	contraction	TRUE
31	N0.HOG0010095	-1	0.0381266	contraction	TRUE
31	N0.HOG0000103	-1	0.0562189	contraction	FALSE
31	N0.HOG0000263	-1	0.0562189	contraction	FALSE
31	N0.HOG0000029	1	0.0646342	expansion	FALSE
31	N0.HOG0000100	-1	0.106915	contraction	FALSE
32	N0.HOG0000383	1		expansion	FALSE
32	N0.HOG0000508	1		expansion	FALSE
32	N0.HOG0000943	1		expansion	FALSE
32	N0.HOG0001017	1		expansion	FALSE
32	N0.HOG0001055	1		expansion	FALSE
32	N0.HOG0001386	1		expansion	FALSE
32	N0.HOG0001388	1		expansion	FALSE
32	N0.HOG0001564	1		expansion	FALSE
32	N0.HOG0002012	1		expansion	FALSE
32	N0.HOG0002151	1		expansion	FALSE
32	N0.HOG0002850	1		expansion	FALSE
32	N0.HOG0002960	1		expansion	FALSE
32	N0.HOG0002972	1		expansion	FALSE
32	N0.HOG0002983	1		expansion	FALSE
32	N0.HOG0003626	1		expansion	FALSE
32	N0.HOG0004433	1		expansion	FALSE
32	N0.HOG0004768	1		expansion	FALSE
32	N0.HOG0000202	-1		contraction	FALSE
32	N0.HOG0000461	-1		contraction	FALSE
32	N0.HOG0000546	-1		contraction	FALSE
32	N0.HOG0000571	-1		contraction	FALSE
32	N0.HOG0000578	-1		contraction	FALSE
32	N0.HOG0000680	-1		contraction	FALSE
32	N0.HOG0001350	-1		contraction	FALSE
32	N0.HOG0001431	-1		contraction	FALSE
32	N0.HOG0002268	-1		contraction	FALSE
32	N0.HOG0002957	-1		contraction	FALSE
32	N0.HOG0006771	-1		contraction	FALSE
32	N0.HOG0007498	-1		contraction	FALSE
32	N0.HOG0007929	-1		contraction	FALSE
32	N0.HOG0008136	-1		contraction	FALSE
32	N0.HOG0008174	-1		contraction	FALSE
32	N0.HOG0008193	-1		contraction	FALSE
32	N0.HOG0008205	-1		contraction	FALSE
32	N0.HOG0008279	-1		contraction	FALSE
32	N0.HOG0008365	-1		contraction	FALSE
32	N0.HOG0008516	-1		contraction	FALSE
32	N0.HOG0008518	-1		contraction	FALSE
32	N0.HOG0008551	-1		contraction	FALSE
32	N0.HOG0008559	-1		contraction	FALSE
32	N0.HOG0008589	-1		contraction	FALSE
32	N0.HOG0008598	-1		contraction	FALSE
32	N0.HOG0008624	-1		contraction	FALSE
32	N0.HOG0008639	-1		contraction	FALSE
32	N0.HOG0008734	-1		contraction	FALSE
32	N0.HOG0008902	-1		contraction	FALSE
32	N0.HOG0008967	-1		contraction	FALSE
32	N0.HOG0009070	-1		contraction	FALSE
32	N0.HOG0009398	-1		contraction	FALSE
32	N0.HOG0009838	-1		contraction	FALSE
32	N0.HOG0000435	11	6.81387e-25	expansion	TRUE
32	N0.HOG0001050	5	7.09529e-12	expansion	TRUE
32	N0.HOG0000602	4	5.18585e-09	expansion	TRUE
32	N0.HOG0000048	3	6.13481e-07	expansion	TRUE
32	N0.HOG0000058	3	2.25926e-05	expansion	TRUE
32	N0.HOG0000769	-2	2.41136e-05	contraction	TRUE
32	N0.HOG0000292	1	0.00338341	expansion	TRUE
32	N0.HOG0000353	1	0.00338341	expansion	TRUE
32	N0.HOG0000774	1	0.00338341	expansion	TRUE
32	N0.HOG0000888	1	0.00338341	expansion	TRUE
32	N0.HOG0000934	1	0.00338341	expansion	TRUE
32	N0.HOG0001024	1	0.00338341	expansion	TRUE
32	N0.HOG0001067	1	0.00338341	expansion	TRUE
32	N0.HOG0001208	1	0.00338341	expansion	TRUE
32	N0.HOG0001578	1	0.00338341	expansion	TRUE
32	N0.HOG0001781	1	0.00338341	expansion	TRUE
32	N0.HOG0002039	1	0.00338341	expansion	TRUE
32	N0.HOG0003653	1	0.00338341	expansion	TRUE
32	N0.HOG0005904	1	0.00338341	expansion	TRUE
32	N0.HOG0006455	1	0.00338341	expansion	TRUE
32	N0.HOG0007574	1	0.00338341	expansion	TRUE
32	N0.HOG0000089	-1	0.0101049	contraction	TRUE
32	N0.HOG0000175	-1	0.0101049	contraction	TRUE
32	N0.HOG0000228	-1	0.0101049	contraction	TRUE
32	N0.HOG0000708	-1	0.0101049	contraction	TRUE
32	N0.HOG0001319	-1	0.0101049	contraction	TRUE
32	N0.HOG0001566	-1	0.0101049	contraction	TRUE
32	N0.HOG0001758	-1	0.0101049	contraction	TRUE
32	N0.HOG0004813	-1	0.0101049	contraction	TRUE
32	N0.HOG0007269	-1	0.0101049	contraction	TRUE
32	N0.HOG0008313	-1	0.0101049	contraction	TRUE
32	N0.HOG0008629	-1	0.0101049	contraction	TRUE
32	N0.HOG0008816	-1	0.0101049	contraction	TRUE
32	N0.HOG0008854	-1	0.0101049	contraction	TRUE
32	N0.HOG0008943	-1	0.0101049	contraction	TRUE
32	N0.HOG0009002	-1	0.0101049	contraction	TRUE
32	N0.HOG0009037	-1	0.0101049	contraction	TRUE
32	N0.HOG0009086	-1	0.0101049	contraction	TRUE
32	N0.HOG0009262	-1	0.0101049	contraction	TRUE
32	N0.HOG0009486	-1	0.0101049	contraction	TRUE
32	N0.HOG0009638	-1	0.0101049	contraction	TRUE
32	N0.HOG0009833	-1	0.0101049	contraction	TRUE
32	N0.HOG0009878	-1	0.0101049	contraction	TRUE
32	N0.HOG0009898	-1	0.0101049	contraction	TRUE
32	N0.HOG0009993	-1	0.0101049	contraction	TRUE
32	N0.HOG0010012	-1	0.0101049	contraction	TRUE
32	N0.HOG0010016	-1	0.0101049	contraction	TRUE
32	N0.HOG0010219	-1	0.0101049	contraction	TRUE
32	N0.HOG0010407	-1	0.0101049	contraction	TRUE
32	N0.HOG0010930	-1	0.0101049	contraction	TRUE
32	N0.HOG0011236	-1	0.0101049	contraction	TRUE
32	N0.HOG0012216	-1	0.0101049	contraction	TRUE
32	N0.HOG0013844	-1	0.0101049	contraction	TRUE
32	N0.HOG0015154	-1	0.0101049	contraction	TRUE
32	N0.HOG0015161	-1	0.0101049	contraction	TRUE
32	N0.HOG0000094	1	0.0101495	expansion	TRUE
32	N0.HOG0000121	1	0.0101495	expansion	TRUE
32	N0.HOG0009534	1	0.0135306	expansion	TRUE
32	N0.HOG0000643	-1	0.0200288	contraction	TRUE
32	N0.HOG0000690	-1	0.0200288	contraction	TRUE
32	N0.HOG0000768	-1	0.0200288	contraction	TRUE
32	N0.HOG0001238	-1	0.0200288	contraction	TRUE
32	N0.HOG0001313	-1	0.0200288	contraction	TRUE
32	N0.HOG0000222	-1	0.0297754	contraction	TRUE
32	N0.HOG0000639	-1	0.0297754	contraction	TRUE
32	N0.HOG0001179	-1	0.0297754	contraction	TRUE
32	N0.HOG0000043	-1	0.0393486	contraction	TRUE
32	N0.HOG0000099	-1	0.0393486	contraction	TRUE
32	N0.HOG0000814	-1	0.0393486	contraction	TRUE
32	N0.HOG0000106	-1	0.0487519	contraction	TRUE
32	N0.HOG0000504	-1	0.0487519	contraction	TRUE
32	N0.HOG0000040	-1	0.0759776	contraction	FALSE
33	N0.HOG0000117	3		expansion	FALSE
33	N0.HOG0000192	3		expansion	FALSE
33	N0.HOG0000165	1		expansion	FALSE
33	N0.HOG0000168	1		expansion	FALSE
33	N0.HOG0000217	1		expansion	FALSE
33	N0.HOG0000288	1		expansion	FALSE
33	N0.HOG0000306	1		expansion	FALSE
33	N0.HOG0000352	1		expansion	FALSE
33	N0.HOG0000545	1		expansion	FALSE
33	N0.HOG0000584	1		expansion	FALSE
33	N0.HOG0000588	1		expansion	FALSE
33	N0.HOG0000776	1		expansion	FALSE
33	N0.HOG0000812	1		expansion	FALSE
33	N0.HOG0000822	1		expansion	FALSE
33	N0.HOG0000853	1		expansion	FALSE
33	N0.HOG0000915	1		expansion	FALSE
33	N0.HOG0000917	1		expansion	FALSE
33	N0.HOG0001008	1		expansion	FALSE
33	N0.HOG0001138	1		expansion	FALSE
33	N0.HOG0001268	1		expansion	FALSE
33	N0.HOG0001425	1		expansion	FALSE
33	N0.HOG0001655	1		expansion	FALSE
33	N0.HOG0001776	1		expansion	FALSE
33	N0.HOG0001948	1		expansion	FALSE
33	N0.HOG0001994	1		expansion	FALSE
33	N0.HOG0002824	1		expansion	FALSE
33	N0.HOG0002867	1		expansion	FALSE
33	N0.HOG0002992	1		expansion	FALSE
33	N0.HOG0003362	1		expansion	FALSE
33	N0.HOG0008484	1		expansion	FALSE
33	N0.HOG0008713	1		expansion	FALSE
33	N0.HOG0000054	5	6.04723e-09	expansion	TRUE
33	N0.HOG0000057	5	3.51967e-08	expansion	TRUE
33	N0.HOG0000304	2	0.00050748	expansion	TRUE
33	N0.HOG0000007	1	0.00716376	expansion	TRUE
33	N0.HOG0000123	1	0.00716376	expansion	TRUE
33	N0.HOG0000260	1	0.00716376	expansion	TRUE
33	N0.HOG0000442	1	0.00716376	expansion	TRUE
33	N0.HOG0000732	1	0.00716376	expansion	TRUE
33	N0.HOG0000854	1	0.00716376	expansion	TRUE
33	N0.HOG0000939	1	0.00716376	expansion	TRUE
33	N0.HOG0000955	1	0.00716376	expansion	TRUE
33	N0.HOG0001147	1	0.00716376	expansion	TRUE
33	N0.HOG0000160	1	0.0143276	expansion	TRUE
33	N0.HOG0000235	1	0.0143276	expansion	TRUE
33	N0.HOG0000502	1	0.0143276	expansion	TRUE
33	N0.HOG0000574	1	0.0143276	expansion	TRUE
33	N0.HOG0000224	1	0.0214844	expansion	TRUE
33	N0.HOG0000044	1	0.0286274	expansion	TRUE
33	N0.HOG0000039	1	0.0357505	expansion	TRUE
33	N0.HOG0000055	1	0.0357505	expansion	TRUE
33	N0.HOG0000159	1	0.0357505	expansion	TRUE
33	N0.HOG0000040	1	0.042848	expansion	TRUE
Ancistrocerus_nigricornis	N0.HOG0001012	4		expansion	FALSE
Ancistrocerus_nigricornis	N0.HOG0001491	3		expansion	FALSE
Ancistrocerus_nigricornis	N0.HOG0001790	3		expansion	FALSE
Ancistrocerus_nigricornis	N0.HOG0002319	3		expansion	FALSE
Ancistrocerus_nigricornis	N0.HOG0000088	2		expansion	FALSE
Ancistrocerus_nigricornis	N0.HOG0000181	2		expansion	FALSE
Ancistrocerus_nigricornis	N0.HOG0000303	2		expansion	FALSE
Ancistrocerus_nigricornis	N0.HOG0000876	2		expansion	FALSE
Ancistrocerus_nigricornis	N0.HOG0001239	2		expansion	FALSE
Ancistrocerus_nigricornis	N0.HOG0001377	2		expansion	FALSE
Ancistrocerus_nigricornis	N0.HOG0001875	2		expansion	FALSE
Ancistrocerus_nigricornis	N0.HOG0001944	2		expansion	FALSE
Ancistrocerus_nigricornis	N0.HOG0001961	2		expansion	FALSE
Ancistrocerus_nigricornis	N0.HOG0002030	2		expansion	FALSE
Ancistrocerus_nigricornis	N0.HOG0002167	2		expansion	FALSE
Ancistrocerus_nigricornis	N0.HOG0002199	2		expansion	FALSE
Ancistrocerus_nigricornis	N0.HOG0002293	2		expansion	FALSE
Ancistrocerus_nigricornis	N0.HOG0002518	2		expansion	FALSE
Ancistrocerus_nigricornis	N0.HOG0002603	2		expansion	FALSE
Ancistrocerus_nigricornis	N0.HOG0002967	2		expansion	FALSE
Ancistrocerus_nigricornis	N0.HOG0004013	2		expansion	FALSE
Ancistrocerus_nigricornis	N0.HOG0004289	2		expansion	FALSE
Ancistrocerus_nigricornis	N0.HOG0004975	2		expansion	FALSE
Ancistrocerus_nigricornis	N0.HOG0005023	2		expansion	FALSE
Ancistrocerus_nigricornis	N0.HOG0006232	2		expansion	FALSE
Ancistrocerus_nigricornis	N0.HOG0008113	2		expansion	FALSE
Ancistrocerus_nigricornis	N0.HOG0009648	2		expansion	FALSE
Ancistrocerus_nigricornis	N0.HOG0009737	2		expansion	FALSE
Ancistrocerus_nigricornis	N0.HOG0000064	1		expansion	FALSE
Ancistrocerus_nigricornis	N0.HOG0000134	1		expansion	FALSE
Ancistrocerus_nigricornis	N0.HOG0000188	1		expansion	FALSE
Ancistrocerus_nigricornis	N0.HOG0000202	1		expansion	FALSE
Ancistrocerus_nigricornis	N0.HOG0000229	1		expansion	FALSE
Ancistrocerus_nigricornis	N0.HOG0000278	1		expansion	FALSE
Ancistrocerus_nigricornis	N0.HOG0000293	1		expansion	FALSE
Ancistrocerus_nigricornis	N0.HOG0000355	1		expansion	FALSE
Ancistrocerus_nigricornis	N0.HOG0000391	1		expansion	FALSE
Ancistrocerus_nigricornis	N0.HOG0000412	1		expansion	FALSE
Ancistrocerus_nigricornis	N0.HOG0000423	1		expansion	FALSE
Ancistrocerus_nigricornis	N0.HOG0000487	1		expansion	FALSE
Ancistrocerus_nigricornis	N0.HOG0000489	1		expansion	FALSE
Ancistrocerus_nigricornis	N0.HOG0000506	1		expansion	FALSE
Ancistrocerus_nigricornis	N0.HOG0000530	1		expansion	FALSE
Ancistrocerus_nigricornis	N0.HOG0000571	1		expansion	FALSE
Ancistrocerus_nigricornis	N0.HOG0000630	1		expansion	FALSE
Ancistrocerus_nigricornis	N0.HOG0000641	1		expansion	FALSE
Ancistrocerus_nigricornis	N0.HOG0000647	1		expansion	FALSE
Ancistrocerus_nigricornis	N0.HOG0000688	1		expansion	FALSE
Ancistrocerus_nigricornis	N0.HOG0000726	1		expansion	FALSE
Ancistrocerus_nigricornis	N0.HOG0000750	1		expansion	FALSE
Ancistrocerus_nigricornis	N0.HOG0000751	1		expansion	FALSE
Ancistrocerus_nigricornis	N0.HOG0000786	1		expansion	FALSE
Ancistrocerus_nigricornis	N0.HOG0000825	1		expansion	FALSE
Ancistrocerus_nigricornis	N0.HOG0000835	1		expansion	FALSE
Ancistrocerus_nigricornis	N0.HOG0000908	1		expansion	FALSE
Ancistrocerus_nigricornis	N0.HOG0000913	1		expansion	FALSE
Ancistrocerus_nigricornis	N0.HOG0000950	1		expansion	FALSE
Ancistrocerus_nigricornis	N0.HOG0000958	1		expansion	FALSE
Ancistrocerus_nigricornis	N0.HOG0000982	1		expansion	FALSE
Ancistrocerus_nigricornis	N0.HOG0001000	1		expansion	FALSE
Ancistrocerus_nigricornis	N0.HOG0001183	1		expansion	FALSE
Ancistrocerus_nigricornis	N0.HOG0001213	1		expansion	FALSE
Ancistrocerus_nigricornis	N0.HOG0001228	1		expansion	FALSE
Ancistrocerus_nigricornis	N0.HOG0001262	1		expansion	FALSE
Ancistrocerus_nigricornis	N0.HOG0001265	1		expansion	FALSE
Ancistrocerus_nigricornis	N0.HOG0001272	1		expansion	FALSE
Ancistrocerus_nigricornis	N0.HOG0001280	1		expansion	FALSE
Ancistrocerus_nigricornis	N0.HOG0001281	1		expansion	FALSE
Ancistrocerus_nigricornis	N0.HOG0001290	1		expansion	FALSE
Ancistrocerus_nigricornis	N0.HOG0001309	1		expansion	FALSE
Ancistrocerus_nigricornis	N0.HOG0001311	1		expansion	FALSE
Ancistrocerus_nigricornis	N0.HOG0001323	1		expansion	FALSE
Ancistrocerus_nigricornis	N0.HOG0001331	1		expansion	FALSE
Ancistrocerus_nigricornis	N0.HOG0001340	1		expansion	FALSE
Ancistrocerus_nigricornis	N0.HOG0001392	1		expansion	FALSE
Ancistrocerus_nigricornis	N0.HOG0001429	1		expansion	FALSE
Ancistrocerus_nigricornis	N0.HOG0001453	1		expansion	FALSE
Ancistrocerus_nigricornis	N0.HOG0001461	1		expansion	FALSE
Ancistrocerus_nigricornis	N0.HOG0001477	1		expansion	FALSE
Ancistrocerus_nigricornis	N0.HOG0001548	1		expansion	FALSE
Ancistrocerus_nigricornis	N0.HOG0001553	1		expansion	FALSE
Ancistrocerus_nigricornis	N0.HOG0001562	1		expansion	FALSE
Ancistrocerus_nigricornis	N0.HOG0001580	1		expansion	FALSE
Ancistrocerus_nigricornis	N0.HOG0001582	1		expansion	FALSE
Ancistrocerus_nigricornis	N0.HOG0001614	1		expansion	FALSE
Ancistrocerus_nigricornis	N0.HOG0001694	1		expansion	FALSE
Ancistrocerus_nigricornis	N0.HOG0001700	1		expansion	FALSE
Ancistrocerus_nigricornis	N0.HOG0001722	1		expansion	FALSE
Ancistrocerus_nigricornis	N0.HOG0001751	1		expansion	FALSE
Ancistrocerus_nigricornis	N0.HOG0001769	1		expansion	FALSE
Ancistrocerus_nigricornis	N0.HOG0001795	1		expansion	FALSE
Ancistrocerus_nigricornis	N0.HOG0001797	1		expansion	FALSE
Ancistrocerus_nigricornis	N0.HOG0001836	1		expansion	FALSE
Ancistrocerus_nigricornis	N0.HOG0001843	1		expansion	FALSE
Ancistrocerus_nigricornis	N0.HOG0001853	1		expansion	FALSE
Ancistrocerus_nigricornis	N0.HOG0001864	1		expansion	FALSE
Ancistrocerus_nigricornis	N0.HOG0001885	1		expansion	FALSE
Ancistrocerus_nigricornis	N0.HOG0001904	1		expansion	FALSE
Ancistrocerus_nigricornis	N0.HOG0001964	1		expansion	FALSE
Ancistrocerus_nigricornis	N0.HOG0001965	1		expansion	FALSE
Ancistrocerus_nigricornis	N0.HOG0001976	1		expansion	FALSE
Ancistrocerus_nigricornis	N0.HOG0001982	1		expansion	FALSE
Ancistrocerus_nigricornis	N0.HOG0001983	1		expansion	FALSE
Ancistrocerus_nigricornis	N0.HOG0001986	1		expansion	FALSE
Ancistrocerus_nigricornis	N0.HOG0002004	1		expansion	FALSE
Ancistrocerus_nigricornis	N0.HOG0002006	1		expansion	FALSE
Ancistrocerus_nigricornis	N0.HOG0002078	1		expansion	FALSE
Ancistrocerus_nigricornis	N0.HOG0002119	1		expansion	FALSE
Ancistrocerus_nigricornis	N0.HOG0002120	1		expansion	FALSE
Ancistrocerus_nigricornis	N0.HOG0002134	1		expansion	FALSE
Ancistrocerus_nigricornis	N0.HOG0002144	1		expansion	FALSE
Ancistrocerus_nigricornis	N0.HOG0002154	1		expansion	FALSE
Ancistrocerus_nigricornis	N0.HOG0002178	1		expansion	FALSE
Ancistrocerus_nigricornis	N0.HOG0002184	1		expansion	FALSE
Ancistrocerus_nigricornis	N0.HOG0002196	1		expansion	FALSE
Ancistrocerus_nigricornis	N0.HOG0002198	1		expansion	FALSE
Ancistrocerus_nigricornis	N0.HOG0002219	1		expansion	FALSE
Ancistrocerus_nigricornis	N0.HOG0002225	1		expansion	FALSE
Ancistrocerus_nigricornis	N0.HOG0002232	1		expansion	FALSE
Ancistrocerus_nigricornis	N0.HOG0002306	1		expansion	FALSE
Ancistrocerus_nigricornis	N0.HOG0002315	1		expansion	FALSE
Ancistrocerus_nigricornis	N0.HOG0002345	1		expansion	FALSE
Ancistrocerus_nigricornis	N0.HOG0002362	1		expansion	FALSE
Ancistrocerus_nigricornis	N0.HOG0002379	1		expansion	FALSE
Ancistrocerus_nigricornis	N0.HOG0002383	1		expansion	FALSE
Ancistrocerus_nigricornis	N0.HOG0002412	1		expansion	FALSE
Ancistrocerus_nigricornis	N0.HOG0002511	1		expansion	FALSE
Ancistrocerus_nigricornis	N0.HOG0002526	1		expansion	FALSE
Ancistrocerus_nigricornis	N0.HOG0002537	1		expansion	FALSE
Ancistrocerus_nigricornis	N0.HOG0002574	1		expansion	FALSE
Ancistrocerus_nigricornis	N0.HOG0002614	1		expansion	FALSE
Ancistrocerus_nigricornis	N0.HOG0002708	1		expansion	FALSE
Ancistrocerus_nigricornis	N0.HOG0002766	1		expansion	FALSE
Ancistrocerus_nigricornis	N0.HOG0002784	1		expansion	FALSE
Ancistrocerus_nigricornis	N0.HOG0002813	1		expansion	FALSE
Ancistrocerus_nigricornis	N0.HOG0002830	1		expansion	FALSE
Ancistrocerus_nigricornis	N0.HOG0002886	1		expansion	FALSE
Ancistrocerus_nigricornis	N0.HOG0002925	1		expansion	FALSE
Ancistrocerus_nigricornis	N0.HOG0002930	1		expansion	FALSE
Ancistrocerus_nigricornis	N0.HOG0002973	1		expansion	FALSE
Ancistrocerus_nigricornis	N0.HOG0002999	1		expansion	FALSE
Ancistrocerus_nigricornis	N0.HOG0003000	1		expansion	FALSE
Ancistrocerus_nigricornis	N0.HOG0003135	1		expansion	FALSE
Ancistrocerus_nigricornis	N0.HOG0003143	1		expansion	FALSE
Ancistrocerus_nigricornis	N0.HOG0003146	1		expansion	FALSE
Ancistrocerus_nigricornis	N0.HOG0003151	1		expansion	FALSE
Ancistrocerus_nigricornis	N0.HOG0003165	1		expansion	FALSE
Ancistrocerus_nigricornis	N0.HOG0003188	1		expansion	FALSE
Ancistrocerus_nigricornis	N0.HOG0003197	1		expansion	FALSE
Ancistrocerus_nigricornis	N0.HOG0003217	1		expansion	FALSE
Ancistrocerus_nigricornis	N0.HOG0003242	1		expansion	FALSE
Ancistrocerus_nigricornis	N0.HOG0003260	1		expansion	FALSE
Ancistrocerus_nigricornis	N0.HOG0003301	1		expansion	FALSE
Ancistrocerus_nigricornis	N0.HOG0003350	1		expansion	FALSE
Ancistrocerus_nigricornis	N0.HOG0003451	1		expansion	FALSE
Ancistrocerus_nigricornis	N0.HOG0003469	1		expansion	FALSE
Ancistrocerus_nigricornis	N0.HOG0003546	1		expansion	FALSE
Ancistrocerus_nigricornis	N0.HOG0003569	1		expansion	FALSE
Ancistrocerus_nigricornis	N0.HOG0003584	1		expansion	FALSE
Ancistrocerus_nigricornis	N0.HOG0003637	1		expansion	FALSE
Ancistrocerus_nigricornis	N0.HOG0003667	1		expansion	FALSE
Ancistrocerus_nigricornis	N0.HOG0003850	1		expansion	FALSE
Ancistrocerus_nigricornis	N0.HOG0004008	1		expansion	FALSE
Ancistrocerus_nigricornis	N0.HOG0004017	1		expansion	FALSE
Ancistrocerus_nigricornis	N0.HOG0004054	1		expansion	FALSE
Ancistrocerus_nigricornis	N0.HOG0004114	1		expansion	FALSE
Ancistrocerus_nigricornis	N0.HOG0004133	1		expansion	FALSE
Ancistrocerus_nigricornis	N0.HOG0004171	1		expansion	FALSE
Ancistrocerus_nigricornis	N0.HOG0004207	1		expansion	FALSE
Ancistrocerus_nigricornis	N0.HOG0004303	1		expansion	FALSE
Ancistrocerus_nigricornis	N0.HOG0004319	1		expansion	FALSE
Ancistrocerus_nigricornis	N0.HOG0004325	1		expansion	FALSE
Ancistrocerus_nigricornis	N0.HOG0004438	1		expansion	FALSE
Ancistrocerus_nigricornis	N0.HOG0004448	1		expansion	FALSE
Ancistrocerus_nigricornis	N0.HOG0004449	1		expansion	FALSE
Ancistrocerus_nigricornis	N0.HOG0004469	1		expansion	FALSE
Ancistrocerus_nigricornis	N0.HOG0004481	1		expansion	FALSE
Ancistrocerus_nigricornis	N0.HOG0004539	1		expansion	FALSE
Ancistrocerus_nigricornis	N0.HOG0004558	1		expansion	FALSE
Ancistrocerus_nigricornis	N0.HOG0004580	1		expansion	FALSE
Ancistrocerus_nigricornis	N0.HOG0004629	1		expansion	FALSE
Ancistrocerus_nigricornis	N0.HOG0004774	1		expansion	FALSE
Ancistrocerus_nigricornis	N0.HOG0004812	1		expansion	FALSE
Ancistrocerus_nigricornis	N0.HOG0004843	1		expansion	FALSE
Ancistrocerus_nigricornis	N0.HOG0004990	1		expansion	FALSE
Ancistrocerus_nigricornis	N0.HOG0005155	1		expansion	FALSE
Ancistrocerus_nigricornis	N0.HOG0005157	1		expansion	FALSE
Ancistrocerus_nigricornis	N0.HOG0005263	1		expansion	FALSE
Ancistrocerus_nigricornis	N0.HOG0005365	1		expansion	FALSE
Ancistrocerus_nigricornis	N0.HOG0005391	1		expansion	FALSE
Ancistrocerus_nigricornis	N0.HOG0005544	1		expansion	FALSE
Ancistrocerus_nigricornis	N0.HOG0005566	1		expansion	FALSE
Ancistrocerus_nigricornis	N0.HOG0005673	1		expansion	FALSE
Ancistrocerus_nigricornis	N0.HOG0005745	1		expansion	FALSE
Ancistrocerus_nigricornis	N0.HOG0005821	1		expansion	FALSE
Ancistrocerus_nigricornis	N0.HOG0005822	1		expansion	FALSE
Ancistrocerus_nigricornis	N0.HOG0005939	1		expansion	FALSE
Ancistrocerus_nigricornis	N0.HOG0005949	1		expansion	FALSE
Ancistrocerus_nigricornis	N0.HOG0006205	1		expansion	FALSE
Ancistrocerus_nigricornis	N0.HOG0006261	1		expansion	FALSE
Ancistrocerus_nigricornis	N0.HOG0006327	1		expansion	FALSE
Ancistrocerus_nigricornis	N0.HOG0006378	1		expansion	FALSE
Ancistrocerus_nigricornis	N0.HOG0006416	1		expansion	FALSE
Ancistrocerus_nigricornis	N0.HOG0006449	1		expansion	FALSE
Ancistrocerus_nigricornis	N0.HOG0006675	1		expansion	FALSE
Ancistrocerus_nigricornis	N0.HOG0006711	1		expansion	FALSE
Ancistrocerus_nigricornis	N0.HOG0006718	1		expansion	FALSE
Ancistrocerus_nigricornis	N0.HOG0006799	1		expansion	FALSE
Ancistrocerus_nigricornis	N0.HOG0007031	1		expansion	FALSE
Ancistrocerus_nigricornis	N0.HOG0007064	1		expansion	FALSE
Ancistrocerus_nigricornis	N0.HOG0007156	1		expansion	FALSE
Ancistrocerus_nigricornis	N0.HOG0007266	1		expansion	FALSE
Ancistrocerus_nigricornis	N0.HOG0007430	1		expansion	FALSE
Ancistrocerus_nigricornis	N0.HOG0007448	1		expansion	FALSE
Ancistrocerus_nigricornis	N0.HOG0007522	1		expansion	FALSE
Ancistrocerus_nigricornis	N0.HOG0007550	1		expansion	FALSE
Ancistrocerus_nigricornis	N0.HOG0007659	1		expansion	FALSE
Ancistrocerus_nigricornis	N0.HOG0007665	1		expansion	FALSE
Ancistrocerus_nigricornis	N0.HOG0007706	1		expansion	FALSE
Ancistrocerus_nigricornis	N0.HOG0007909	1		expansion	FALSE
Ancistrocerus_nigricornis	N0.HOG0008078	1		expansion	FALSE
Ancistrocerus_nigricornis	N0.HOG0008110	1		expansion	FALSE
Ancistrocerus_nigricornis	N0.HOG0008164	1		expansion	FALSE
Ancistrocerus_nigricornis	N0.HOG0008216	1		expansion	FALSE
Ancistrocerus_nigricornis	N0.HOG0008369	1		expansion	FALSE
Ancistrocerus_nigricornis	N0.HOG0008675	1		expansion	FALSE
Ancistrocerus_nigricornis	N0.HOG0009050	1		expansion	FALSE
Ancistrocerus_nigricornis	N0.HOG0009141	1		expansion	FALSE
Ancistrocerus_nigricornis	N0.HOG0009367	1		expansion	FALSE
Ancistrocerus_nigricornis	N0.HOG0009457	1		expansion	FALSE
Ancistrocerus_nigricornis	N0.HOG0009484	1		expansion	FALSE
Ancistrocerus_nigricornis	N0.HOG0009504	1		expansion	FALSE
Ancistrocerus_nigricornis	N0.HOG0009556	1		expansion	FALSE
Ancistrocerus_nigricornis	N0.HOG0009599	1		expansion	FALSE
Ancistrocerus_nigricornis	N0.HOG0009730	1		expansion	FALSE
Ancistrocerus_nigricornis	N0.HOG0009873	1		expansion	FALSE
Ancistrocerus_nigricornis	N0.HOG0010052	1		expansion	FALSE
Ancistrocerus_nigricornis	N0.HOG0010451	1		expansion	FALSE
Ancistrocerus_nigricornis	N0.HOG0000085	-1		contraction	FALSE
Ancistrocerus_nigricornis	N0.HOG0000115	-1		contraction	FALSE
Ancistrocerus_nigricornis	N0.HOG0000116	-1		contraction	FALSE
Ancistrocerus_nigricornis	N0.HOG0000133	-1		contraction	FALSE
Ancistrocerus_nigricornis	N0.HOG0000135	-1		contraction	FALSE
Ancistrocerus_nigricornis	N0.HOG0000156	-1		contraction	FALSE
Ancistrocerus_nigricornis	N0.HOG0000157	-1		contraction	FALSE
Ancistrocerus_nigricornis	N0.HOG0000167	-1		contraction	FALSE
Ancistrocerus_nigricornis	N0.HOG0000172	-1		contraction	FALSE
Ancistrocerus_nigricornis	N0.HOG0000178	-1		contraction	FALSE
Ancistrocerus_nigricornis	N0.HOG0000238	-1		contraction	FALSE
Ancistrocerus_nigricornis	N0.HOG0000240	-1		contraction	FALSE
Ancistrocerus_nigricornis	N0.HOG0000282	-1		contraction	FALSE
Ancistrocerus_nigricornis	N0.HOG0000315	-1		contraction	FALSE
Ancistrocerus_nigricornis	N0.HOG0000326	-1		contraction	FALSE
Ancistrocerus_nigricornis	N0.HOG0000327	-1		contraction	FALSE
Ancistrocerus_nigricornis	N0.HOG0000363	-1		contraction	FALSE
Ancistrocerus_nigricornis	N0.HOG0000371	-1		contraction	FALSE
Ancistrocerus_nigricornis	N0.HOG0000389	-1		contraction	FALSE
Ancistrocerus_nigricornis	N0.HOG0000390	-1		contraction	FALSE
Ancistrocerus_nigricornis	N0.HOG0000400	-1		contraction	FALSE
Ancistrocerus_nigricornis	N0.HOG0000415	-1		contraction	FALSE
Ancistrocerus_nigricornis	N0.HOG0000421	-1		contraction	FALSE
Ancistrocerus_nigricornis	N0.HOG0000431	-1		contraction	FALSE
Ancistrocerus_nigricornis	N0.HOG0000454	-1		contraction	FALSE
Ancistrocerus_nigricornis	N0.HOG0000455	-1		contraction	FALSE
Ancistrocerus_nigricornis	N0.HOG0000457	-1		contraction	FALSE
Ancistrocerus_nigricornis	N0.HOG0000460	-1		contraction	FALSE
Ancistrocerus_nigricornis	N0.HOG0000467	-1		contraction	FALSE
Ancistrocerus_nigricornis	N0.HOG0000468	-1		contraction	FALSE
Ancistrocerus_nigricornis	N0.HOG0000474	-1		contraction	FALSE
Ancistrocerus_nigricornis	N0.HOG0000490	-1		contraction	FALSE
Ancistrocerus_nigricornis	N0.HOG0000521	-1		contraction	FALSE
Ancistrocerus_nigricornis	N0.HOG0000524	-1		contraction	FALSE
Ancistrocerus_nigricornis	N0.HOG0000528	-1		contraction	FALSE
Ancistrocerus_nigricornis	N0.HOG0000552	-1		contraction	FALSE
Ancistrocerus_nigricornis	N0.HOG0000561	-1		contraction	FALSE
Ancistrocerus_nigricornis	N0.HOG0000585	-1		contraction	FALSE
Ancistrocerus_nigricornis	N0.HOG0000599	-1		contraction	FALSE
Ancistrocerus_nigricornis	N0.HOG0000600	-1		contraction	FALSE
Ancistrocerus_nigricornis	N0.HOG0000617	-1		contraction	FALSE
Ancistrocerus_nigricornis	N0.HOG0000655	-1		contraction	FALSE
Ancistrocerus_nigricornis	N0.HOG0000671	-1		contraction	FALSE
Ancistrocerus_nigricornis	N0.HOG0000675	-1		contraction	FALSE
Ancistrocerus_nigricornis	N0.HOG0000746	-1		contraction	FALSE
Ancistrocerus_nigricornis	N0.HOG0000756	-1		contraction	FALSE
Ancistrocerus_nigricornis	N0.HOG0000760	-1		contraction	FALSE
Ancistrocerus_nigricornis	N0.HOG0000789	-1		contraction	FALSE
Ancistrocerus_nigricornis	N0.HOG0000805	-1		contraction	FALSE
Ancistrocerus_nigricornis	N0.HOG0000871	-1		contraction	FALSE
Ancistrocerus_nigricornis	N0.HOG0000891	-1		contraction	FALSE
Ancistrocerus_nigricornis	N0.HOG0000905	-1		contraction	FALSE
Ancistrocerus_nigricornis	N0.HOG0000915	-1		contraction	FALSE
Ancistrocerus_nigricornis	N0.HOG0000927	-1		contraction	FALSE
Ancistrocerus_nigricornis	N0.HOG0000956	-1		contraction	FALSE
Ancistrocerus_nigricornis	N0.HOG0000986	-1		contraction	FALSE
Ancistrocerus_nigricornis	N0.HOG0000990	-1		contraction	FALSE
Ancistrocerus_nigricornis	N0.HOG0001090	-1		contraction	FALSE
Ancistrocerus_nigricornis	N0.HOG0001102	-1		contraction	FALSE
Ancistrocerus_nigricornis	N0.HOG0001125	-1		contraction	FALSE
Ancistrocerus_nigricornis	N0.HOG0001177	-1		contraction	FALSE
Ancistrocerus_nigricornis	N0.HOG0001182	-1		contraction	FALSE
Ancistrocerus_nigricornis	N0.HOG0001216	-1		contraction	FALSE
Ancistrocerus_nigricornis	N0.HOG0001255	-1		contraction	FALSE
Ancistrocerus_nigricornis	N0.HOG0001326	-1		contraction	FALSE
Ancistrocerus_nigricornis	N0.HOG0001344	-1		contraction	FALSE
Ancistrocerus_nigricornis	N0.HOG0001354	-1		contraction	FALSE
Ancistrocerus_nigricornis	N0.HOG0001366	-1		contraction	FALSE
Ancistrocerus_nigricornis	N0.HOG0001394	-1		contraction	FALSE
Ancistrocerus_nigricornis	N0.HOG0001474	-1		contraction	FALSE
Ancistrocerus_nigricornis	N0.HOG0001505	-1		contraction	FALSE
Ancistrocerus_nigricornis	N0.HOG0001513	-1		contraction	FALSE
Ancistrocerus_nigricornis	N0.HOG0001524	-1		contraction	FALSE
Ancistrocerus_nigricornis	N0.HOG0001526	-1		contraction	FALSE
Ancistrocerus_nigricornis	N0.HOG0001567	-1		contraction	FALSE
Ancistrocerus_nigricornis	N0.HOG0001629	-1		contraction	FALSE
Ancistrocerus_nigricornis	N0.HOG0001637	-1		contraction	FALSE
Ancistrocerus_nigricornis	N0.HOG0001711	-1		contraction	FALSE
Ancistrocerus_nigricornis	N0.HOG0001763	-1		contraction	FALSE
Ancistrocerus_nigricornis	N0.HOG0001793	-1		contraction	FALSE
Ancistrocerus_nigricornis	N0.HOG0001805	-1		contraction	FALSE
Ancistrocerus_nigricornis	N0.HOG0001810	-1		contraction	FALSE
Ancistrocerus_nigricornis	N0.HOG0001814	-1		contraction	FALSE
Ancistrocerus_nigricornis	N0.HOG0001874	-1		contraction	FALSE
Ancistrocerus_nigricornis	N0.HOG0001876	-1		contraction	FALSE
Ancistrocerus_nigricornis	N0.HOG0001939	-1		contraction	FALSE
Ancistrocerus_nigricornis	N0.HOG0001943	-1		contraction	FALSE
Ancistrocerus_nigricornis	N0.HOG0001979	-1		contraction	FALSE
Ancistrocerus_nigricornis	N0.HOG0001981	-1		contraction	FALSE
Ancistrocerus_nigricornis	N0.HOG0002007	-1		contraction	FALSE
Ancistrocerus_nigricornis	N0.HOG0002058	-1		contraction	FALSE
Ancistrocerus_nigricornis	N0.HOG0002124	-1		contraction	FALSE
Ancistrocerus_nigricornis	N0.HOG0002151	-1		contraction	FALSE
Ancistrocerus_nigricornis	N0.HOG0002180	-1		contraction	FALSE
Ancistrocerus_nigricornis	N0.HOG0002195	-1		contraction	FALSE
Ancistrocerus_nigricornis	N0.HOG0002235	-1		contraction	FALSE
Ancistrocerus_nigricornis	N0.HOG0002256	-1		contraction	FALSE
Ancistrocerus_nigricornis	N0.HOG0002268	-1		contraction	FALSE
Ancistrocerus_nigricornis	N0.HOG0002269	-1		contraction	FALSE
Ancistrocerus_nigricornis	N0.HOG0002294	-1		contraction	FALSE
Ancistrocerus_nigricornis	N0.HOG0002317	-1		contraction	FALSE
Ancistrocerus_nigricornis	N0.HOG0002335	-1		contraction	FALSE
Ancistrocerus_nigricornis	N0.HOG0002434	-1		contraction	FALSE
Ancistrocerus_nigricornis	N0.HOG0002447	-1		contraction	FALSE
Ancistrocerus_nigricornis	N0.HOG0002457	-1		contraction	FALSE
Ancistrocerus_nigricornis	N0.HOG0002460	-1		contraction	FALSE
Ancistrocerus_nigricornis	N0.HOG0002492	-1		contraction	FALSE
Ancistrocerus_nigricornis	N0.HOG0002496	-1		contraction	FALSE
Ancistrocerus_nigricornis	N0.HOG0002515	-1		contraction	FALSE
Ancistrocerus_nigricornis	N0.HOG0002612	-1		contraction	FALSE
Ancistrocerus_nigricornis	N0.HOG0002636	-1		contraction	FALSE
Ancistrocerus_nigricornis	N0.HOG0002652	-1		contraction	FALSE
Ancistrocerus_nigricornis	N0.HOG0002694	-1		contraction	FALSE
Ancistrocerus_nigricornis	N0.HOG0002701	-1		contraction	FALSE
Ancistrocerus_nigricornis	N0.HOG0002716	-1		contraction	FALSE
Ancistrocerus_nigricornis	N0.HOG0002769	-1		contraction	FALSE
Ancistrocerus_nigricornis	N0.HOG0002799	-1		contraction	FALSE
Ancistrocerus_nigricornis	N0.HOG0002801	-1		contraction	FALSE
Ancistrocerus_nigricornis	N0.HOG0002803	-1		contraction	FALSE
Ancistrocerus_nigricornis	N0.HOG0002804	-1		contraction	FALSE
Ancistrocerus_nigricornis	N0.HOG0002845	-1		contraction	FALSE
Ancistrocerus_nigricornis	N0.HOG0002847	-1		contraction	FALSE
Ancistrocerus_nigricornis	N0.HOG0002851	-1		contraction	FALSE
Ancistrocerus_nigricornis	N0.HOG0002856	-1		contraction	FALSE
Ancistrocerus_nigricornis	N0.HOG0002859	-1		contraction	FALSE
Ancistrocerus_nigricornis	N0.HOG0002864	-1		contraction	FALSE
Ancistrocerus_nigricornis	N0.HOG0002867	-1		contraction	FALSE
Ancistrocerus_nigricornis	N0.HOG0002893	-1		contraction	FALSE
Ancistrocerus_nigricornis	N0.HOG0002911	-1		contraction	FALSE
Ancistrocerus_nigricornis	N0.HOG0002914	-1		contraction	FALSE
Ancistrocerus_nigricornis	N0.HOG0002928	-1		contraction	FALSE
Ancistrocerus_nigricornis	N0.HOG0002979	-1		contraction	FALSE
Ancistrocerus_nigricornis	N0.HOG0002981	-1		contraction	FALSE
Ancistrocerus_nigricornis	N0.HOG0003053	-1		contraction	FALSE
Ancistrocerus_nigricornis	N0.HOG0003082	-1		contraction	FALSE
Ancistrocerus_nigricornis	N0.HOG0003088	-1		contraction	FALSE
Ancistrocerus_nigricornis	N0.HOG0003149	-1		contraction	FALSE
Ancistrocerus_nigricornis	N0.HOG0003153	-1		contraction	FALSE
Ancistrocerus_nigricornis	N0.HOG0003167	-1		contraction	FALSE
Ancistrocerus_nigricornis	N0.HOG0003168	-1		contraction	FALSE
Ancistrocerus_nigricornis	N0.HOG0003202	-1		contraction	FALSE
Ancistrocerus_nigricornis	N0.HOG0003213	-1		contraction	FALSE
Ancistrocerus_nigricornis	N0.HOG0003214	-1		contraction	FALSE
Ancistrocerus_nigricornis	N0.HOG0003239	-1		contraction	FALSE
Ancistrocerus_nigricornis	N0.HOG0003269	-1		contraction	FALSE
Ancistrocerus_nigricornis	N0.HOG0003320	-1		contraction	FALSE
Ancistrocerus_nigricornis	N0.HOG0003384	-1		contraction	FALSE
Ancistrocerus_nigricornis	N0.HOG0003404	-1		contraction	FALSE
Ancistrocerus_nigricornis	N0.HOG0003418	-1		contraction	FALSE
Ancistrocerus_nigricornis	N0.HOG0003519	-1		contraction	FALSE
Ancistrocerus_nigricornis	N0.HOG0003591	-1		contraction	FALSE
Ancistrocerus_nigricornis	N0.HOG0003594	-1		contraction	FALSE
Ancistrocerus_nigricornis	N0.HOG0003665	-1		contraction	FALSE
Ancistrocerus_nigricornis	N0.HOG0003695	-1		contraction	FALSE
Ancistrocerus_nigricornis	N0.HOG0003717	-1		contraction	FALSE
Ancistrocerus_nigricornis	N0.HOG0003724	-1		contraction	FALSE
Ancistrocerus_nigricornis	N0.HOG0003762	-1		contraction	FALSE
Ancistrocerus_nigricornis	N0.HOG0003792	-1		contraction	FALSE
Ancistrocerus_nigricornis	N0.HOG0003820	-1		contraction	FALSE
Ancistrocerus_nigricornis	N0.HOG0003899	-1		contraction	FALSE
Ancistrocerus_nigricornis	N0.HOG0003902	-1		contraction	FALSE
Ancistrocerus_nigricornis	N0.HOG0003911	-1		contraction	FALSE
Ancistrocerus_nigricornis	N0.HOG0003936	-1		contraction	FALSE
Ancistrocerus_nigricornis	N0.HOG0003937	-1		contraction	FALSE
Ancistrocerus_nigricornis	N0.HOG0004038	-1		contraction	FALSE
Ancistrocerus_nigricornis	N0.HOG0004039	-1		contraction	FALSE
Ancistrocerus_nigricornis	N0.HOG0004084	-1		contraction	FALSE
Ancistrocerus_nigricornis	N0.HOG0004087	-1		contraction	FALSE
Ancistrocerus_nigricornis	N0.HOG0004091	-1		contraction	FALSE
Ancistrocerus_nigricornis	N0.HOG0004123	-1		contraction	FALSE
Ancistrocerus_nigricornis	N0.HOG0004148	-1		contraction	FALSE
Ancistrocerus_nigricornis	N0.HOG0004149	-1		contraction	FALSE
Ancistrocerus_nigricornis	N0.HOG0004155	-1		contraction	FALSE
Ancistrocerus_nigricornis	N0.HOG0004170	-1		contraction	FALSE
Ancistrocerus_nigricornis	N0.HOG0004219	-1		contraction	FALSE
Ancistrocerus_nigricornis	N0.HOG0004237	-1		contraction	FALSE
Ancistrocerus_nigricornis	N0.HOG0004242	-1		contraction	FALSE
Ancistrocerus_nigricornis	N0.HOG0004262	-1		contraction	FALSE
Ancistrocerus_nigricornis	N0.HOG0004274	-1		contraction	FALSE
Ancistrocerus_nigricornis	N0.HOG0004282	-1		contraction	FALSE
Ancistrocerus_nigricornis	N0.HOG0004295	-1		contraction	FALSE
Ancistrocerus_nigricornis	N0.HOG0004311	-1		contraction	FALSE
Ancistrocerus_nigricornis	N0.HOG0004354	-1		contraction	FALSE
Ancistrocerus_nigricornis	N0.HOG0004430	-1		contraction	FALSE
Ancistrocerus_nigricornis	N0.HOG0004567	-1		contraction	FALSE
Ancistrocerus_nigricornis	N0.HOG0004586	-1		contraction	FALSE
Ancistrocerus_nigricornis	N0.HOG0004619	-1		contraction	FALSE
Ancistrocerus_nigricornis	N0.HOG0004643	-1		contraction	FALSE
Ancistrocerus_nigricornis	N0.HOG0004680	-1		contraction	FALSE
Ancistrocerus_nigricornis	N0.HOG0004707	-1		contraction	FALSE
Ancistrocerus_nigricornis	N0.HOG0004708	-1		contraction	FALSE
Ancistrocerus_nigricornis	N0.HOG0004727	-1		contraction	FALSE
Ancistrocerus_nigricornis	N0.HOG0004745	-1		contraction	FALSE
Ancistrocerus_nigricornis	N0.HOG0004772	-1		contraction	FALSE
Ancistrocerus_nigricornis	N0.HOG0004780	-1		contraction	FALSE
Ancistrocerus_nigricornis	N0.HOG0004798	-1		contraction	FALSE
Ancistrocerus_nigricornis	N0.HOG0004878	-1		contraction	FALSE
Ancistrocerus_nigricornis	N0.HOG0004888	-1		contraction	FALSE
Ancistrocerus_nigricornis	N0.HOG0004927	-1		contraction	FALSE
Ancistrocerus_nigricornis	N0.HOG0004939	-1		contraction	FALSE
Ancistrocerus_nigricornis	N0.HOG0004953	-1		contraction	FALSE
Ancistrocerus_nigricornis	N0.HOG0004961	-1		contraction	FALSE
Ancistrocerus_nigricornis	N0.HOG0004974	-1		contraction	FALSE
Ancistrocerus_nigricornis	N0.HOG0004983	-1		contraction	FALSE
Ancistrocerus_nigricornis	N0.HOG0004995	-1		contraction	FALSE
Ancistrocerus_nigricornis	N0.HOG0005006	-1		contraction	FALSE
Ancistrocerus_nigricornis	N0.HOG0005020	-1		contraction	FALSE
Ancistrocerus_nigricornis	N0.HOG0005033	-1		contraction	FALSE
Ancistrocerus_nigricornis	N0.HOG0005034	-1		contraction	FALSE
Ancistrocerus_nigricornis	N0.HOG0005043	-1		contraction	FALSE
Ancistrocerus_nigricornis	N0.HOG0005055	-1		contraction	FALSE
Ancistrocerus_nigricornis	N0.HOG0005066	-1		contraction	FALSE
Ancistrocerus_nigricornis	N0.HOG0005098	-1		contraction	FALSE
Ancistrocerus_nigricornis	N0.HOG0005101	-1		contraction	FALSE
Ancistrocerus_nigricornis	N0.HOG0005102	-1		contraction	FALSE
Ancistrocerus_nigricornis	N0.HOG0005123	-1		contraction	FALSE
Ancistrocerus_nigricornis	N0.HOG0005124	-1		contraction	FALSE
Ancistrocerus_nigricornis	N0.HOG0005131	-1		contraction	FALSE
Ancistrocerus_nigricornis	N0.HOG0005132	-1		contraction	FALSE
Ancistrocerus_nigricornis	N0.HOG0005133	-1		contraction	FALSE
Ancistrocerus_nigricornis	N0.HOG0005169	-1		contraction	FALSE
Ancistrocerus_nigricornis	N0.HOG0005173	-1		contraction	FALSE
Ancistrocerus_nigricornis	N0.HOG0005175	-1		contraction	FALSE
Ancistrocerus_nigricornis	N0.HOG0005176	-1		contraction	FALSE
Ancistrocerus_nigricornis	N0.HOG0005182	-1		contraction	FALSE
Ancistrocerus_nigricornis	N0.HOG0005199	-1		contraction	FALSE
Ancistrocerus_nigricornis	N0.HOG0005214	-1		contraction	FALSE
Ancistrocerus_nigricornis	N0.HOG0005244	-1		contraction	FALSE
Ancistrocerus_nigricornis	N0.HOG0005246	-1		contraction	FALSE
Ancistrocerus_nigricornis	N0.HOG0005257	-1		contraction	FALSE
Ancistrocerus_nigricornis	N0.HOG0005258	-1		contraction	FALSE
Ancistrocerus_nigricornis	N0.HOG0005272	-1		contraction	FALSE
Ancistrocerus_nigricornis	N0.HOG0005322	-1		contraction	FALSE
Ancistrocerus_nigricornis	N0.HOG0005326	-1		contraction	FALSE
Ancistrocerus_nigricornis	N0.HOG0005333	-1		contraction	FALSE
Ancistrocerus_nigricornis	N0.HOG0005386	-1		contraction	FALSE
Ancistrocerus_nigricornis	N0.HOG0005410	-1		contraction	FALSE
Ancistrocerus_nigricornis	N0.HOG0005420	-1		contraction	FALSE
Ancistrocerus_nigricornis	N0.HOG0005465	-1		contraction	FALSE
Ancistrocerus_nigricornis	N0.HOG0005491	-1		contraction	FALSE
Ancistrocerus_nigricornis	N0.HOG0005518	-1		contraction	FALSE
Ancistrocerus_nigricornis	N0.HOG0005525	-1		contraction	FALSE
Ancistrocerus_nigricornis	N0.HOG0005538	-1		contraction	FALSE
Ancistrocerus_nigricornis	N0.HOG0005617	-1		contraction	FALSE
Ancistrocerus_nigricornis	N0.HOG0005621	-1		contraction	FALSE
Ancistrocerus_nigricornis	N0.HOG0005693	-1		contraction	FALSE
Ancistrocerus_nigricornis	N0.HOG0005694	-1		contraction	FALSE
Ancistrocerus_nigricornis	N0.HOG0005707	-1		contraction	FALSE
Ancistrocerus_nigricornis	N0.HOG0005708	-1		contraction	FALSE
Ancistrocerus_nigricornis	N0.HOG0005711	-1		contraction	FALSE
Ancistrocerus_nigricornis	N0.HOG0005739	-1		contraction	FALSE
Ancistrocerus_nigricornis	N0.HOG0005742	-1		contraction	FALSE
Ancistrocerus_nigricornis	N0.HOG0005783	-1		contraction	FALSE
Ancistrocerus_nigricornis	N0.HOG0005784	-1		contraction	FALSE
Ancistrocerus_nigricornis	N0.HOG0005786	-1		contraction	FALSE
Ancistrocerus_nigricornis	N0.HOG0005802	-1		contraction	FALSE
Ancistrocerus_nigricornis	N0.HOG0005805	-1		contraction	FALSE
Ancistrocerus_nigricornis	N0.HOG0005849	-1		contraction	FALSE
Ancistrocerus_nigricornis	N0.HOG0005862	-1		contraction	FALSE
Ancistrocerus_nigricornis	N0.HOG0005863	-1		contraction	FALSE
Ancistrocerus_nigricornis	N0.HOG0005869	-1		contraction	FALSE
Ancistrocerus_nigricornis	N0.HOG0005881	-1		contraction	FALSE
Ancistrocerus_nigricornis	N0.HOG0005885	-1		contraction	FALSE
Ancistrocerus_nigricornis	N0.HOG0005887	-1		contraction	FALSE
Ancistrocerus_nigricornis	N0.HOG0005890	-1		contraction	FALSE
Ancistrocerus_nigricornis	N0.HOG0005901	-1		contraction	FALSE
Ancistrocerus_nigricornis	N0.HOG0005903	-1		contraction	FALSE
Ancistrocerus_nigricornis	N0.HOG0005922	-1		contraction	FALSE
Ancistrocerus_nigricornis	N0.HOG0005936	-1		contraction	FALSE
Ancistrocerus_nigricornis	N0.HOG0005965	-1		contraction	FALSE
Ancistrocerus_nigricornis	N0.HOG0005982	-1		contraction	FALSE
Ancistrocerus_nigricornis	N0.HOG0005984	-1		contraction	FALSE
Ancistrocerus_nigricornis	N0.HOG0005989	-1		contraction	FALSE
Ancistrocerus_nigricornis	N0.HOG0006022	-1		contraction	FALSE
Ancistrocerus_nigricornis	N0.HOG0006023	-1		contraction	FALSE
Ancistrocerus_nigricornis	N0.HOG0006038	-1		contraction	FALSE
Ancistrocerus_nigricornis	N0.HOG0006039	-1		contraction	FALSE
Ancistrocerus_nigricornis	N0.HOG0006062	-1		contraction	FALSE
Ancistrocerus_nigricornis	N0.HOG0006077	-1		contraction	FALSE
Ancistrocerus_nigricornis	N0.HOG0006078	-1		contraction	FALSE
Ancistrocerus_nigricornis	N0.HOG0006079	-1		contraction	FALSE
Ancistrocerus_nigricornis	N0.HOG0006088	-1		contraction	FALSE
Ancistrocerus_nigricornis	N0.HOG0006095	-1		contraction	FALSE
Ancistrocerus_nigricornis	N0.HOG0006106	-1		contraction	FALSE
Ancistrocerus_nigricornis	N0.HOG0006107	-1		contraction	FALSE
Ancistrocerus_nigricornis	N0.HOG0006129	-1		contraction	FALSE
Ancistrocerus_nigricornis	N0.HOG0006153	-1		contraction	FALSE
Ancistrocerus_nigricornis	N0.HOG0006182	-1		contraction	FALSE
Ancistrocerus_nigricornis	N0.HOG0006186	-1		contraction	FALSE
Ancistrocerus_nigricornis	N0.HOG0006190	-1		contraction	FALSE
Ancistrocerus_nigricornis	N0.HOG0006196	-1		contraction	FALSE
Ancistrocerus_nigricornis	N0.HOG0006206	-1		contraction	FALSE
Ancistrocerus_nigricornis	N0.HOG0006208	-1		contraction	FALSE
Ancistrocerus_nigricornis	N0.HOG0006214	-1		contraction	FALSE
Ancistrocerus_nigricornis	N0.HOG0006215	-1		contraction	FALSE
Ancistrocerus_nigricornis	N0.HOG0006216	-1		contraction	FALSE
Ancistrocerus_nigricornis	N0.HOG0006219	-1		contraction	FALSE
Ancistrocerus_nigricornis	N0.HOG0006225	-1		contraction	FALSE
Ancistrocerus_nigricornis	N0.HOG0006226	-1		contraction	FALSE
Ancistrocerus_nigricornis	N0.HOG0006267	-1		contraction	FALSE
Ancistrocerus_nigricornis	N0.HOG0006282	-1		contraction	FALSE
Ancistrocerus_nigricornis	N0.HOG0006285	-1		contraction	FALSE
Ancistrocerus_nigricornis	N0.HOG0006320	-1		contraction	FALSE
Ancistrocerus_nigricornis	N0.HOG0006332	-1		contraction	FALSE
Ancistrocerus_nigricornis	N0.HOG0006353	-1		contraction	FALSE
Ancistrocerus_nigricornis	N0.HOG0006376	-1		contraction	FALSE
Ancistrocerus_nigricornis	N0.HOG0006388	-1		contraction	FALSE
Ancistrocerus_nigricornis	N0.HOG0006396	-1		contraction	FALSE
Ancistrocerus_nigricornis	N0.HOG0006401	-1		contraction	FALSE
Ancistrocerus_nigricornis	N0.HOG0006405	-1		contraction	FALSE
Ancistrocerus_nigricornis	N0.HOG0006429	-1		contraction	FALSE
Ancistrocerus_nigricornis	N0.HOG0006436	-1		contraction	FALSE
Ancistrocerus_nigricornis	N0.HOG0006437	-1		contraction	FALSE
Ancistrocerus_nigricornis	N0.HOG0006442	-1		contraction	FALSE
Ancistrocerus_nigricornis	N0.HOG0006454	-1		contraction	FALSE
Ancistrocerus_nigricornis	N0.HOG0006465	-1		contraction	FALSE
Ancistrocerus_nigricornis	N0.HOG0006468	-1		contraction	FALSE
Ancistrocerus_nigricornis	N0.HOG0006482	-1		contraction	FALSE
Ancistrocerus_nigricornis	N0.HOG0006498	-1		contraction	FALSE
Ancistrocerus_nigricornis	N0.HOG0006508	-1		contraction	FALSE
Ancistrocerus_nigricornis	N0.HOG0006509	-1		contraction	FALSE
Ancistrocerus_nigricornis	N0.HOG0006535	-1		contraction	FALSE
Ancistrocerus_nigricornis	N0.HOG0006551	-1		contraction	FALSE
Ancistrocerus_nigricornis	N0.HOG0006564	-1		contraction	FALSE
Ancistrocerus_nigricornis	N0.HOG0006576	-1		contraction	FALSE
Ancistrocerus_nigricornis	N0.HOG0006587	-1		contraction	FALSE
Ancistrocerus_nigricornis	N0.HOG0006592	-1		contraction	FALSE
Ancistrocerus_nigricornis	N0.HOG0006604	-1		contraction	FALSE
Ancistrocerus_nigricornis	N0.HOG0006608	-1		contraction	FALSE
Ancistrocerus_nigricornis	N0.HOG0006634	-1		contraction	FALSE
Ancistrocerus_nigricornis	N0.HOG0006641	-1		contraction	FALSE
Ancistrocerus_nigricornis	N0.HOG0006651	-1		contraction	FALSE
Ancistrocerus_nigricornis	N0.HOG0006656	-1		contraction	FALSE
Ancistrocerus_nigricornis	N0.HOG0006660	-1		contraction	FALSE
Ancistrocerus_nigricornis	N0.HOG0006664	-1		contraction	FALSE
Ancistrocerus_nigricornis	N0.HOG0006694	-1		contraction	FALSE
Ancistrocerus_nigricornis	N0.HOG0006695	-1		contraction	FALSE
Ancistrocerus_nigricornis	N0.HOG0006703	-1		contraction	FALSE
Ancistrocerus_nigricornis	N0.HOG0006729	-1		contraction	FALSE
Ancistrocerus_nigricornis	N0.HOG0006744	-1		contraction	FALSE
Ancistrocerus_nigricornis	N0.HOG0006745	-1		contraction	FALSE
Ancistrocerus_nigricornis	N0.HOG0006749	-1		contraction	FALSE
Ancistrocerus_nigricornis	N0.HOG0006752	-1		contraction	FALSE
Ancistrocerus_nigricornis	N0.HOG0006765	-1		contraction	FALSE
Ancistrocerus_nigricornis	N0.HOG0006770	-1		contraction	FALSE
Ancistrocerus_nigricornis	N0.HOG0006774	-1		contraction	FALSE
Ancistrocerus_nigricornis	N0.HOG0006776	-1		contraction	FALSE
Ancistrocerus_nigricornis	N0.HOG0006777	-1		contraction	FALSE
Ancistrocerus_nigricornis	N0.HOG0006781	-1		contraction	FALSE
Ancistrocerus_nigricornis	N0.HOG0006784	-1		contraction	FALSE
Ancistrocerus_nigricornis	N0.HOG0006785	-1		contraction	FALSE
Ancistrocerus_nigricornis	N0.HOG0006794	-1		contraction	FALSE
Ancistrocerus_nigricornis	N0.HOG0006800	-1		contraction	FALSE
Ancistrocerus_nigricornis	N0.HOG0006809	-1		contraction	FALSE
Ancistrocerus_nigricornis	N0.HOG0006810	-1		contraction	FALSE
Ancistrocerus_nigricornis	N0.HOG0006816	-1		contraction	FALSE
Ancistrocerus_nigricornis	N0.HOG0006825	-1		contraction	FALSE
Ancistrocerus_nigricornis	N0.HOG0006826	-1		contraction	FALSE
Ancistrocerus_nigricornis	N0.HOG0006828	-1		contraction	FALSE
Ancistrocerus_nigricornis	N0.HOG0006835	-1		contraction	FALSE
Ancistrocerus_nigricornis	N0.HOG0006838	-1		contraction	FALSE
Ancistrocerus_nigricornis	N0.HOG0006839	-1		contraction	FALSE
Ancistrocerus_nigricornis	N0.HOG0006840	-1		contraction	FALSE
Ancistrocerus_nigricornis	N0.HOG0006848	-1		contraction	FALSE
Ancistrocerus_nigricornis	N0.HOG0006849	-1		contraction	FALSE
Ancistrocerus_nigricornis	N0.HOG0006852	-1		contraction	FALSE
Ancistrocerus_nigricornis	N0.HOG0006856	-1		contraction	FALSE
Ancistrocerus_nigricornis	N0.HOG0006868	-1		contraction	FALSE
Ancistrocerus_nigricornis	N0.HOG0006871	-1		contraction	FALSE
Ancistrocerus_nigricornis	N0.HOG0006872	-1		contraction	FALSE
Ancistrocerus_nigricornis	N0.HOG0006885	-1		contraction	FALSE
Ancistrocerus_nigricornis	N0.HOG0006887	-1		contraction	FALSE
Ancistrocerus_nigricornis	N0.HOG0006893	-1		contraction	FALSE
Ancistrocerus_nigricornis	N0.HOG0006900	-1		contraction	FALSE
Ancistrocerus_nigricornis	N0.HOG0006922	-1		contraction	FALSE
Ancistrocerus_nigricornis	N0.HOG0006936	-1		contraction	FALSE
Ancistrocerus_nigricornis	N0.HOG0006940	-1		contraction	FALSE
Ancistrocerus_nigricornis	N0.HOG0006961	-1		contraction	FALSE
Ancistrocerus_nigricornis	N0.HOG0006964	-1		contraction	FALSE
Ancistrocerus_nigricornis	N0.HOG0006969	-1		contraction	FALSE
Ancistrocerus_nigricornis	N0.HOG0006981	-1		contraction	FALSE
Ancistrocerus_nigricornis	N0.HOG0006986	-1		contraction	FALSE
Ancistrocerus_nigricornis	N0.HOG0006995	-1		contraction	FALSE
Ancistrocerus_nigricornis	N0.HOG0007001	-1		contraction	FALSE
Ancistrocerus_nigricornis	N0.HOG0007008	-1		contraction	FALSE
Ancistrocerus_nigricornis	N0.HOG0007045	-1		contraction	FALSE
Ancistrocerus_nigricornis	N0.HOG0007048	-1		contraction	FALSE
Ancistrocerus_nigricornis	N0.HOG0007052	-1		contraction	FALSE
Ancistrocerus_nigricornis	N0.HOG0007066	-1		contraction	FALSE
Ancistrocerus_nigricornis	N0.HOG0007081	-1		contraction	FALSE
Ancistrocerus_nigricornis	N0.HOG0007099	-1		contraction	FALSE
Ancistrocerus_nigricornis	N0.HOG0007136	-1		contraction	FALSE
Ancistrocerus_nigricornis	N0.HOG0007137	-1		contraction	FALSE
Ancistrocerus_nigricornis	N0.HOG0007139	-1		contraction	FALSE
Ancistrocerus_nigricornis	N0.HOG0007143	-1		contraction	FALSE
Ancistrocerus_nigricornis	N0.HOG0007144	-1		contraction	FALSE
Ancistrocerus_nigricornis	N0.HOG0007150	-1		contraction	FALSE
Ancistrocerus_nigricornis	N0.HOG0007162	-1		contraction	FALSE
Ancistrocerus_nigricornis	N0.HOG0007170	-1		contraction	FALSE
Ancistrocerus_nigricornis	N0.HOG0007179	-1		contraction	FALSE
Ancistrocerus_nigricornis	N0.HOG0007185	-1		contraction	FALSE
Ancistrocerus_nigricornis	N0.HOG0007206	-1		contraction	FALSE
Ancistrocerus_nigricornis	N0.HOG0007220	-1		contraction	FALSE
Ancistrocerus_nigricornis	N0.HOG0007226	-1		contraction	FALSE
Ancistrocerus_nigricornis	N0.HOG0007256	-1		contraction	FALSE
Ancistrocerus_nigricornis	N0.HOG0007257	-1		contraction	FALSE
Ancistrocerus_nigricornis	N0.HOG0007265	-1		contraction	FALSE
Ancistrocerus_nigricornis	N0.HOG0007276	-1		contraction	FALSE
Ancistrocerus_nigricornis	N0.HOG0007277	-1		contraction	FALSE
Ancistrocerus_nigricornis	N0.HOG0007280	-1		contraction	FALSE
Ancistrocerus_nigricornis	N0.HOG0007290	-1		contraction	FALSE
Ancistrocerus_nigricornis	N0.HOG0007291	-1		contraction	FALSE
Ancistrocerus_nigricornis	N0.HOG0007307	-1		contraction	FALSE
Ancistrocerus_nigricornis	N0.HOG0007314	-1		contraction	FALSE
Ancistrocerus_nigricornis	N0.HOG0007316	-1		contraction	FALSE
Ancistrocerus_nigricornis	N0.HOG0007336	-1		contraction	FALSE
Ancistrocerus_nigricornis	N0.HOG0007339	-1		contraction	FALSE
Ancistrocerus_nigricornis	N0.HOG0007356	-1		contraction	FALSE
Ancistrocerus_nigricornis	N0.HOG0007357	-1		contraction	FALSE
Ancistrocerus_nigricornis	N0.HOG0007358	-1		contraction	FALSE
Ancistrocerus_nigricornis	N0.HOG0007372	-1		contraction	FALSE
Ancistrocerus_nigricornis	N0.HOG0007373	-1		contraction	FALSE
Ancistrocerus_nigricornis	N0.HOG0007387	-1		contraction	FALSE
Ancistrocerus_nigricornis	N0.HOG0007391	-1		contraction	FALSE
Ancistrocerus_nigricornis	N0.HOG0007393	-1		contraction	FALSE
Ancistrocerus_nigricornis	N0.HOG0007397	-1		contraction	FALSE
Ancistrocerus_nigricornis	N0.HOG0007401	-1		contraction	FALSE
Ancistrocerus_nigricornis	N0.HOG0007414	-1		contraction	FALSE
Ancistrocerus_nigricornis	N0.HOG0007416	-1		contraction	FALSE
Ancistrocerus_nigricornis	N0.HOG0007426	-1		contraction	FALSE
Ancistrocerus_nigricornis	N0.HOG0007454	-1		contraction	FALSE
Ancistrocerus_nigricornis	N0.HOG0007464	-1		contraction	FALSE
Ancistrocerus_nigricornis	N0.HOG0007465	-1		contraction	FALSE
Ancistrocerus_nigricornis	N0.HOG0007466	-1		contraction	FALSE
Ancistrocerus_nigricornis	N0.HOG0007472	-1		contraction	FALSE
Ancistrocerus_nigricornis	N0.HOG0007476	-1		contraction	FALSE
Ancistrocerus_nigricornis	N0.HOG0007504	-1		contraction	FALSE
Ancistrocerus_nigricornis	N0.HOG0007505	-1		contraction	FALSE
Ancistrocerus_nigricornis	N0.HOG0007506	-1		contraction	FALSE
Ancistrocerus_nigricornis	N0.HOG0007513	-1		contraction	FALSE
Ancistrocerus_nigricornis	N0.HOG0007521	-1		contraction	FALSE
Ancistrocerus_nigricornis	N0.HOG0007524	-1		contraction	FALSE
Ancistrocerus_nigricornis	N0.HOG0007527	-1		contraction	FALSE
Ancistrocerus_nigricornis	N0.HOG0007532	-1		contraction	FALSE
Ancistrocerus_nigricornis	N0.HOG0007538	-1		contraction	FALSE
Ancistrocerus_nigricornis	N0.HOG0007546	-1		contraction	FALSE
Ancistrocerus_nigricornis	N0.HOG0007584	-1		contraction	FALSE
Ancistrocerus_nigricornis	N0.HOG0007592	-1		contraction	FALSE
Ancistrocerus_nigricornis	N0.HOG0007604	-1		contraction	FALSE
Ancistrocerus_nigricornis	N0.HOG0007609	-1		contraction	FALSE
Ancistrocerus_nigricornis	N0.HOG0007613	-1		contraction	FALSE
Ancistrocerus_nigricornis	N0.HOG0007614	-1		contraction	FALSE
Ancistrocerus_nigricornis	N0.HOG0007626	-1		contraction	FALSE
Ancistrocerus_nigricornis	N0.HOG0007640	-1		contraction	FALSE
Ancistrocerus_nigricornis	N0.HOG0007643	-1		contraction	FALSE
Ancistrocerus_nigricornis	N0.HOG0007651	-1		contraction	FALSE
Ancistrocerus_nigricornis	N0.HOG0007668	-1		contraction	FALSE
Ancistrocerus_nigricornis	N0.HOG0007682	-1		contraction	FALSE
Ancistrocerus_nigricornis	N0.HOG0007712	-1		contraction	FALSE
Ancistrocerus_nigricornis	N0.HOG0007718	-1		contraction	FALSE
Ancistrocerus_nigricornis	N0.HOG0007726	-1		contraction	FALSE
Ancistrocerus_nigricornis	N0.HOG0007729	-1		contraction	FALSE
Ancistrocerus_nigricornis	N0.HOG0007735	-1		contraction	FALSE
Ancistrocerus_nigricornis	N0.HOG0007741	-1		contraction	FALSE
Ancistrocerus_nigricornis	N0.HOG0007745	-1		contraction	FALSE
Ancistrocerus_nigricornis	N0.HOG0007755	-1		contraction	FALSE
Ancistrocerus_nigricornis	N0.HOG0007761	-1		contraction	FALSE
Ancistrocerus_nigricornis	N0.HOG0007766	-1		contraction	FALSE
Ancistrocerus_nigricornis	N0.HOG0007767	-1		contraction	FALSE
Ancistrocerus_nigricornis	N0.HOG0007769	-1		contraction	FALSE
Ancistrocerus_nigricornis	N0.HOG0007790	-1		contraction	FALSE
Ancistrocerus_nigricornis	N0.HOG0007802	-1		contraction	FALSE
Ancistrocerus_nigricornis	N0.HOG0007816	-1		contraction	FALSE
Ancistrocerus_nigricornis	N0.HOG0007817	-1		contraction	FALSE
Ancistrocerus_nigricornis	N0.HOG0007831	-1		contraction	FALSE
Ancistrocerus_nigricornis	N0.HOG0007835	-1		contraction	FALSE
Ancistrocerus_nigricornis	N0.HOG0007864	-1		contraction	FALSE
Ancistrocerus_nigricornis	N0.HOG0007871	-1		contraction	FALSE
Ancistrocerus_nigricornis	N0.HOG0007873	-1		contraction	FALSE
Ancistrocerus_nigricornis	N0.HOG0007892	-1		contraction	FALSE
Ancistrocerus_nigricornis	N0.HOG0007893	-1		contraction	FALSE
Ancistrocerus_nigricornis	N0.HOG0007932	-1		contraction	FALSE
Ancistrocerus_nigricornis	N0.HOG0007938	-1		contraction	FALSE
Ancistrocerus_nigricornis	N0.HOG0007960	-1		contraction	FALSE
Ancistrocerus_nigricornis	N0.HOG0007964	-1		contraction	FALSE
Ancistrocerus_nigricornis	N0.HOG0007970	-1		contraction	FALSE
Ancistrocerus_nigricornis	N0.HOG0007973	-1		contraction	FALSE
Ancistrocerus_nigricornis	N0.HOG0007982	-1		contraction	FALSE
Ancistrocerus_nigricornis	N0.HOG0007986	-1		contraction	FALSE
Ancistrocerus_nigricornis	N0.HOG0007999	-1		contraction	FALSE
Ancistrocerus_nigricornis	N0.HOG0008008	-1		contraction	FALSE
Ancistrocerus_nigricornis	N0.HOG0008010	-1		contraction	FALSE
Ancistrocerus_nigricornis	N0.HOG0008013	-1		contraction	FALSE
Ancistrocerus_nigricornis	N0.HOG0008021	-1		contraction	FALSE
Ancistrocerus_nigricornis	N0.HOG0008032	-1		contraction	FALSE
Ancistrocerus_nigricornis	N0.HOG0008049	-1		contraction	FALSE
Ancistrocerus_nigricornis	N0.HOG0008053	-1		contraction	FALSE
Ancistrocerus_nigricornis	N0.HOG0008054	-1		contraction	FALSE
Ancistrocerus_nigricornis	N0.HOG0008063	-1		contraction	FALSE
Ancistrocerus_nigricornis	N0.HOG0008067	-1		contraction	FALSE
Ancistrocerus_nigricornis	N0.HOG0008071	-1		contraction	FALSE
Ancistrocerus_nigricornis	N0.HOG0008080	-1		contraction	FALSE
Ancistrocerus_nigricornis	N0.HOG0008085	-1		contraction	FALSE
Ancistrocerus_nigricornis	N0.HOG0008087	-1		contraction	FALSE
Ancistrocerus_nigricornis	N0.HOG0008103	-1		contraction	FALSE
Ancistrocerus_nigricornis	N0.HOG0008116	-1		contraction	FALSE
Ancistrocerus_nigricornis	N0.HOG0008122	-1		contraction	FALSE
Ancistrocerus_nigricornis	N0.HOG0008128	-1		contraction	FALSE
Ancistrocerus_nigricornis	N0.HOG0008131	-1		contraction	FALSE
Ancistrocerus_nigricornis	N0.HOG0008136	-1		contraction	FALSE
Ancistrocerus_nigricornis	N0.HOG0008141	-1		contraction	FALSE
Ancistrocerus_nigricornis	N0.HOG0008146	-1		contraction	FALSE
Ancistrocerus_nigricornis	N0.HOG0008150	-1		contraction	FALSE
Ancistrocerus_nigricornis	N0.HOG0008151	-1		contraction	FALSE
Ancistrocerus_nigricornis	N0.HOG0008162	-1		contraction	FALSE
Ancistrocerus_nigricornis	N0.HOG0008166	-1		contraction	FALSE
Ancistrocerus_nigricornis	N0.HOG0008174	-1		contraction	FALSE
Ancistrocerus_nigricornis	N0.HOG0008179	-1		contraction	FALSE
Ancistrocerus_nigricornis	N0.HOG0008184	-1		contraction	FALSE
Ancistrocerus_nigricornis	N0.HOG0008187	-1		contraction	FALSE
Ancistrocerus_nigricornis	N0.HOG0008189	-1		contraction	FALSE
Ancistrocerus_nigricornis	N0.HOG0008193	-1		contraction	FALSE
Ancistrocerus_nigricornis	N0.HOG0008196	-1		contraction	FALSE
Ancistrocerus_nigricornis	N0.HOG0008197	-1		contraction	FALSE
Ancistrocerus_nigricornis	N0.HOG0008199	-1		contraction	FALSE
Ancistrocerus_nigricornis	N0.HOG0008202	-1		contraction	FALSE
Ancistrocerus_nigricornis	N0.HOG0008204	-1		contraction	FALSE
Ancistrocerus_nigricornis	N0.HOG0008206	-1		contraction	FALSE
Ancistrocerus_nigricornis	N0.HOG0008207	-1		contraction	FALSE
Ancistrocerus_nigricornis	N0.HOG0008211	-1		contraction	FALSE
Ancistrocerus_nigricornis	N0.HOG0008214	-1		contraction	FALSE
Ancistrocerus_nigricornis	N0.HOG0008232	-1		contraction	FALSE
Ancistrocerus_nigricornis	N0.HOG0008238	-1		contraction	FALSE
Ancistrocerus_nigricornis	N0.HOG0008241	-1		contraction	FALSE
Ancistrocerus_nigricornis	N0.HOG0008243	-1		contraction	FALSE
Ancistrocerus_nigricornis	N0.HOG0008258	-1		contraction	FALSE
Ancistrocerus_nigricornis	N0.HOG0008259	-1		contraction	FALSE
Ancistrocerus_nigricornis	N0.HOG0008275	-1		contraction	FALSE
Ancistrocerus_nigricornis	N0.HOG0008280	-1		contraction	FALSE
Ancistrocerus_nigricornis	N0.HOG0008296	-1		contraction	FALSE
Ancistrocerus_nigricornis	N0.HOG0008297	-1		contraction	FALSE
Ancistrocerus_nigricornis	N0.HOG0008301	-1		contraction	FALSE
Ancistrocerus_nigricornis	N0.HOG0008311	-1		contraction	FALSE
Ancistrocerus_nigricornis	N0.HOG0008312	-1		contraction	FALSE
Ancistrocerus_nigricornis	N0.HOG0008316	-1		contraction	FALSE
Ancistrocerus_nigricornis	N0.HOG0008317	-1		contraction	FALSE
Ancistrocerus_nigricornis	N0.HOG0008336	-1		contraction	FALSE
Ancistrocerus_nigricornis	N0.HOG0008344	-1		contraction	FALSE
Ancistrocerus_nigricornis	N0.HOG0008345	-1		contraction	FALSE
Ancistrocerus_nigricornis	N0.HOG0008346	-1		contraction	FALSE
Ancistrocerus_nigricornis	N0.HOG0008388	-1		contraction	FALSE
Ancistrocerus_nigricornis	N0.HOG0008395	-1		contraction	FALSE
Ancistrocerus_nigricornis	N0.HOG0008404	-1		contraction	FALSE
Ancistrocerus_nigricornis	N0.HOG0008407	-1		contraction	FALSE
Ancistrocerus_nigricornis	N0.HOG0008423	-1		contraction	FALSE
Ancistrocerus_nigricornis	N0.HOG0008432	-1		contraction	FALSE
Ancistrocerus_nigricornis	N0.HOG0008434	-1		contraction	FALSE
Ancistrocerus_nigricornis	N0.HOG0008437	-1		contraction	FALSE
Ancistrocerus_nigricornis	N0.HOG0008445	-1		contraction	FALSE
Ancistrocerus_nigricornis	N0.HOG0008446	-1		contraction	FALSE
Ancistrocerus_nigricornis	N0.HOG0008454	-1		contraction	FALSE
Ancistrocerus_nigricornis	N0.HOG0008457	-1		contraction	FALSE
Ancistrocerus_nigricornis	N0.HOG0008464	-1		contraction	FALSE
Ancistrocerus_nigricornis	N0.HOG0008466	-1		contraction	FALSE
Ancistrocerus_nigricornis	N0.HOG0008478	-1		contraction	FALSE
Ancistrocerus_nigricornis	N0.HOG0008479	-1		contraction	FALSE
Ancistrocerus_nigricornis	N0.HOG0008501	-1		contraction	FALSE
Ancistrocerus_nigricornis	N0.HOG0008504	-1		contraction	FALSE
Ancistrocerus_nigricornis	N0.HOG0008509	-1		contraction	FALSE
Ancistrocerus_nigricornis	N0.HOG0008510	-1		contraction	FALSE
Ancistrocerus_nigricornis	N0.HOG0008512	-1		contraction	FALSE
Ancistrocerus_nigricornis	N0.HOG0008516	-1		contraction	FALSE
Ancistrocerus_nigricornis	N0.HOG0008518	-1		contraction	FALSE
Ancistrocerus_nigricornis	N0.HOG0008529	-1		contraction	FALSE
Ancistrocerus_nigricornis	N0.HOG0008532	-1		contraction	FALSE
Ancistrocerus_nigricornis	N0.HOG0008533	-1		contraction	FALSE
Ancistrocerus_nigricornis	N0.HOG0008535	-1		contraction	FALSE
Ancistrocerus_nigricornis	N0.HOG0008536	-1		contraction	FALSE
Ancistrocerus_nigricornis	N0.HOG0008540	-1		contraction	FALSE
Ancistrocerus_nigricornis	N0.HOG0008541	-1		contraction	FALSE
Ancistrocerus_nigricornis	N0.HOG0008551	-1		contraction	FALSE
Ancistrocerus_nigricornis	N0.HOG0008560	-1		contraction	FALSE
Ancistrocerus_nigricornis	N0.HOG0008562	-1		contraction	FALSE
Ancistrocerus_nigricornis	N0.HOG0008573	-1		contraction	FALSE
Ancistrocerus_nigricornis	N0.HOG0008578	-1		contraction	FALSE
Ancistrocerus_nigricornis	N0.HOG0008579	-1		contraction	FALSE
Ancistrocerus_nigricornis	N0.HOG0008584	-1		contraction	FALSE
Ancistrocerus_nigricornis	N0.HOG0008587	-1		contraction	FALSE
Ancistrocerus_nigricornis	N0.HOG0008588	-1		contraction	FALSE
Ancistrocerus_nigricornis	N0.HOG0008589	-1		contraction	FALSE
Ancistrocerus_nigricornis	N0.HOG0008590	-1		contraction	FALSE
Ancistrocerus_nigricornis	N0.HOG0008594	-1		contraction	FALSE
Ancistrocerus_nigricornis	N0.HOG0008601	-1		contraction	FALSE
Ancistrocerus_nigricornis	N0.HOG0008607	-1		contraction	FALSE
Ancistrocerus_nigricornis	N0.HOG0008608	-1		contraction	FALSE
Ancistrocerus_nigricornis	N0.HOG0008610	-1		contraction	FALSE
Ancistrocerus_nigricornis	N0.HOG0008612	-1		contraction	FALSE
Ancistrocerus_nigricornis	N0.HOG0008616	-1		contraction	FALSE
Ancistrocerus_nigricornis	N0.HOG0008618	-1		contraction	FALSE
Ancistrocerus_nigricornis	N0.HOG0008621	-1		contraction	FALSE
Ancistrocerus_nigricornis	N0.HOG0008631	-1		contraction	FALSE
Ancistrocerus_nigricornis	N0.HOG0008641	-1		contraction	FALSE
Ancistrocerus_nigricornis	N0.HOG0008642	-1		contraction	FALSE
Ancistrocerus_nigricornis	N0.HOG0008661	-1		contraction	FALSE
Ancistrocerus_nigricornis	N0.HOG0008667	-1		contraction	FALSE
Ancistrocerus_nigricornis	N0.HOG0008673	-1		contraction	FALSE
Ancistrocerus_nigricornis	N0.HOG0008674	-1		contraction	FALSE
Ancistrocerus_nigricornis	N0.HOG0008685	-1		contraction	FALSE
Ancistrocerus_nigricornis	N0.HOG0008693	-1		contraction	FALSE
Ancistrocerus_nigricornis	N0.HOG0008698	-1		contraction	FALSE
Ancistrocerus_nigricornis	N0.HOG0008699	-1		contraction	FALSE
Ancistrocerus_nigricornis	N0.HOG0008703	-1		contraction	FALSE
Ancistrocerus_nigricornis	N0.HOG0008705	-1		contraction	FALSE
Ancistrocerus_nigricornis	N0.HOG0008706	-1		contraction	FALSE
Ancistrocerus_nigricornis	N0.HOG0008708	-1		contraction	FALSE
Ancistrocerus_nigricornis	N0.HOG0008710	-1		contraction	FALSE
Ancistrocerus_nigricornis	N0.HOG0008719	-1		contraction	FALSE
Ancistrocerus_nigricornis	N0.HOG0008720	-1		contraction	FALSE
Ancistrocerus_nigricornis	N0.HOG0008734	-1		contraction	FALSE
Ancistrocerus_nigricornis	N0.HOG0008739	-1		contraction	FALSE
Ancistrocerus_nigricornis	N0.HOG0008743	-1		contraction	FALSE
Ancistrocerus_nigricornis	N0.HOG0008745	-1		contraction	FALSE
Ancistrocerus_nigricornis	N0.HOG0008754	-1		contraction	FALSE
Ancistrocerus_nigricornis	N0.HOG0008762	-1		contraction	FALSE
Ancistrocerus_nigricornis	N0.HOG0008774	-1		contraction	FALSE
Ancistrocerus_nigricornis	N0.HOG0008782	-1		contraction	FALSE
Ancistrocerus_nigricornis	N0.HOG0008783	-1		contraction	FALSE
Ancistrocerus_nigricornis	N0.HOG0008791	-1		contraction	FALSE
Ancistrocerus_nigricornis	N0.HOG0008797	-1		contraction	FALSE
Ancistrocerus_nigricornis	N0.HOG0008798	-1		contraction	FALSE
Ancistrocerus_nigricornis	N0.HOG0008801	-1		contraction	FALSE
Ancistrocerus_nigricornis	N0.HOG0008806	-1		contraction	FALSE
Ancistrocerus_nigricornis	N0.HOG0008814	-1		contraction	FALSE
Ancistrocerus_nigricornis	N0.HOG0008815	-1		contraction	FALSE
Ancistrocerus_nigricornis	N0.HOG0008821	-1		contraction	FALSE
Ancistrocerus_nigricornis	N0.HOG0008822	-1		contraction	FALSE
Ancistrocerus_nigricornis	N0.HOG0008823	-1		contraction	FALSE
Ancistrocerus_nigricornis	N0.HOG0008836	-1		contraction	FALSE
Ancistrocerus_nigricornis	N0.HOG0008844	-1		contraction	FALSE
Ancistrocerus_nigricornis	N0.HOG0008848	-1		contraction	FALSE
Ancistrocerus_nigricornis	N0.HOG0008855	-1		contraction	FALSE
Ancistrocerus_nigricornis	N0.HOG0008857	-1		contraction	FALSE
Ancistrocerus_nigricornis	N0.HOG0008865	-1		contraction	FALSE
Ancistrocerus_nigricornis	N0.HOG0008868	-1		contraction	FALSE
Ancistrocerus_nigricornis	N0.HOG0008871	-1		contraction	FALSE
Ancistrocerus_nigricornis	N0.HOG0008896	-1		contraction	FALSE
Ancistrocerus_nigricornis	N0.HOG0008902	-1		contraction	FALSE
Ancistrocerus_nigricornis	N0.HOG0008911	-1		contraction	FALSE
Ancistrocerus_nigricornis	N0.HOG0008921	-1		contraction	FALSE
Ancistrocerus_nigricornis	N0.HOG0008942	-1		contraction	FALSE
Ancistrocerus_nigricornis	N0.HOG0008954	-1		contraction	FALSE
Ancistrocerus_nigricornis	N0.HOG0008967	-1		contraction	FALSE
Ancistrocerus_nigricornis	N0.HOG0008974	-1		contraction	FALSE
Ancistrocerus_nigricornis	N0.HOG0008975	-1		contraction	FALSE
Ancistrocerus_nigricornis	N0.HOG0008979	-1		contraction	FALSE
Ancistrocerus_nigricornis	N0.HOG0008986	-1		contraction	FALSE
Ancistrocerus_nigricornis	N0.HOG0009009	-1		contraction	FALSE
Ancistrocerus_nigricornis	N0.HOG0009010	-1		contraction	FALSE
Ancistrocerus_nigricornis	N0.HOG0009013	-1		contraction	FALSE
Ancistrocerus_nigricornis	N0.HOG0009049	-1		contraction	FALSE
Ancistrocerus_nigricornis	N0.HOG0009067	-1		contraction	FALSE
Ancistrocerus_nigricornis	N0.HOG0009070	-1		contraction	FALSE
Ancistrocerus_nigricornis	N0.HOG0009073	-1		contraction	FALSE
Ancistrocerus_nigricornis	N0.HOG0009077	-1		contraction	FALSE
Ancistrocerus_nigricornis	N0.HOG0009095	-1		contraction	FALSE
Ancistrocerus_nigricornis	N0.HOG0009096	-1		contraction	FALSE
Ancistrocerus_nigricornis	N0.HOG0009099	-1		contraction	FALSE
Ancistrocerus_nigricornis	N0.HOG0009110	-1		contraction	FALSE
Ancistrocerus_nigricornis	N0.HOG0009132	-1		contraction	FALSE
Ancistrocerus_nigricornis	N0.HOG0009142	-1		contraction	FALSE
Ancistrocerus_nigricornis	N0.HOG0009162	-1		contraction	FALSE
Ancistrocerus_nigricornis	N0.HOG0009178	-1		contraction	FALSE
Ancistrocerus_nigricornis	N0.HOG0009181	-1		contraction	FALSE
Ancistrocerus_nigricornis	N0.HOG0009189	-1		contraction	FALSE
Ancistrocerus_nigricornis	N0.HOG0009210	-1		contraction	FALSE
Ancistrocerus_nigricornis	N0.HOG0009211	-1		contraction	FALSE
Ancistrocerus_nigricornis	N0.HOG0009216	-1		contraction	FALSE
Ancistrocerus_nigricornis	N0.HOG0009228	-1		contraction	FALSE
Ancistrocerus_nigricornis	N0.HOG0009243	-1		contraction	FALSE
Ancistrocerus_nigricornis	N0.HOG0009264	-1		contraction	FALSE
Ancistrocerus_nigricornis	N0.HOG0009275	-1		contraction	FALSE
Ancistrocerus_nigricornis	N0.HOG0009378	-1		contraction	FALSE
Ancistrocerus_nigricornis	N0.HOG0009380	-1		contraction	FALSE
Ancistrocerus_nigricornis	N0.HOG0009388	-1		contraction	FALSE
Ancistrocerus_nigricornis	N0.HOG0009435	-1		contraction	FALSE
Ancistrocerus_nigricornis	N0.HOG0009474	-1		contraction	FALSE
Ancistrocerus_nigricornis	N0.HOG0009479	-1		contraction	FALSE
Ancistrocerus_nigricornis	N0.HOG0009520	-1		contraction	FALSE
Ancistrocerus_nigricornis	N0.HOG0009588	-1		contraction	FALSE
Ancistrocerus_nigricornis	N0.HOG0009635	-1		contraction	FALSE
Ancistrocerus_nigricornis	N0.HOG0009655	-1		contraction	FALSE
Ancistrocerus_nigricornis	N0.HOG0009659	-1		contraction	FALSE
Ancistrocerus_nigricornis	N0.HOG0009756	-1		contraction	FALSE
Ancistrocerus_nigricornis	N0.HOG0009791	-1		contraction	FALSE
Ancistrocerus_nigricornis	N0.HOG0009838	-1		contraction	FALSE
Ancistrocerus_nigricornis	N0.HOG0009862	-1		contraction	FALSE
Ancistrocerus_nigricornis	N0.HOG0009952	-1		contraction	FALSE
Ancistrocerus_nigricornis	N0.HOG0009999	-1		contraction	FALSE
Ancistrocerus_nigricornis	N0.HOG0010066	-1		contraction	FALSE
Ancistrocerus_nigricornis	N0.HOG0010116	-1		contraction	FALSE
Ancistrocerus_nigricornis	N0.HOG0010182	-1		contraction	FALSE
Ancistrocerus_nigricornis	N0.HOG0010466	-1		contraction	FALSE
Ancistrocerus_nigricornis	N0.HOG0010468	-1		contraction	FALSE
Ancistrocerus_nigricornis	N0.HOG0010533	-1		contraction	FALSE
Ancistrocerus_nigricornis	N0.HOG0010534	-1		contraction	FALSE
Ancistrocerus_nigricornis	N0.HOG0010535	-1		contraction	FALSE
Ancistrocerus_nigricornis	N0.HOG0010620	-1		contraction	FALSE
Ancistrocerus_nigricornis	N0.HOG0011013	-1		contraction	FALSE
Ancistrocerus_nigricornis	N0.HOG0011485	-1		contraction	FALSE
Ancistrocerus_nigricornis	N0.HOG0018176	-1		contraction	FALSE
Ancistrocerus_nigricornis	N0.HOG0023697	-1		contraction	FALSE
Ancistrocerus_nigricornis	N0.HOG0000334	-2		contraction	FALSE
Ancistrocerus_nigricornis	N0.HOG0000508	-2		contraction	FALSE
Ancistrocerus_nigricornis	N0.HOG0000662	-2		contraction	FALSE
Ancistrocerus_nigricornis	N0.HOG0000779	10	1.16164e-10	expansion	TRUE
Ancistrocerus_nigricornis	N0.HOG0000154	5	7.5758e-06	expansion	TRUE
Ancistrocerus_nigricornis	N0.HOG0000055	-5	1.14576e-05	contraction	TRUE
Ancistrocerus_nigricornis	N0.HOG0000275	6	1.56907e-05	expansion	TRUE
Ancistrocerus_nigricornis	N0.HOG0009140	4	6.95505e-05	expansion	TRUE
Ancistrocerus_nigricornis	N0.HOG0000171	4	0.000289946	expansion	TRUE
Ancistrocerus_nigricornis	N0.HOG0000211	5	0.00038418	expansion	TRUE
Ancistrocerus_nigricornis	N0.HOG0000393	3	0.000638516	expansion	TRUE
Ancistrocerus_nigricornis	N0.HOG0000667	3	0.000638516	expansion	TRUE
Ancistrocerus_nigricornis	N0.HOG0000166	4	0.000729172	expansion	TRUE
Ancistrocerus_nigricornis	N0.HOG0000043	-3	0.00191337	contraction	TRUE
Ancistrocerus_nigricornis	N0.HOG0000114	-3	0.00191337	contraction	TRUE
Ancistrocerus_nigricornis	N0.HOG0001260	3	0.00215489	expansion	TRUE
Ancistrocerus_nigricornis	N0.HOG0000233	2	0.00586196	expansion	TRUE
Ancistrocerus_nigricornis	N0.HOG0000289	2	0.00586196	expansion	TRUE
Ancistrocerus_nigricornis	N0.HOG0001168	2	0.00586196	expansion	TRUE
Ancistrocerus_nigricornis	N0.HOG0001305	2	0.00586196	expansion	TRUE
Ancistrocerus_nigricornis	N0.HOG0001480	2	0.00586196	expansion	TRUE
Ancistrocerus_nigricornis	N0.HOG0001777	2	0.00586196	expansion	TRUE
Ancistrocerus_nigricornis	N0.HOG0007166	2	0.00586196	expansion	TRUE
Ancistrocerus_nigricornis	N0.HOG0000045	3	0.00586702	expansion	TRUE
Ancistrocerus_nigricornis	N0.HOG0000373	3	0.00586702	expansion	TRUE
Ancistrocerus_nigricornis	N0.HOG0000160	-2	0.00972898	contraction	TRUE
Ancistrocerus_nigricornis	N0.HOG0000163	-2	0.00972898	contraction	TRUE
Ancistrocerus_nigricornis	N0.HOG0000235	-2	0.00972898	contraction	TRUE
Ancistrocerus_nigricornis	N0.HOG0000241	-2	0.00972898	contraction	TRUE
Ancistrocerus_nigricornis	N0.HOG0000244	-2	0.00972898	contraction	TRUE
Ancistrocerus_nigricornis	N0.HOG0000402	-2	0.00972898	contraction	TRUE
Ancistrocerus_nigricornis	N0.HOG0000159	3	0.0205417	expansion	TRUE
Ancistrocerus_nigricornis	N0.HOG0000051	2	0.0269934	expansion	TRUE
Ancistrocerus_nigricornis	N0.HOG0000350	2	0.0269934	expansion	TRUE
Ancistrocerus_nigricornis	N0.HOG0000771	2	0.0269934	expansion	TRUE
Ancistrocerus_nigricornis	N0.HOG0009032	2	0.0269934	expansion	TRUE
Ancistrocerus_nigricornis	N0.HOG0000189	1	0.0538164	expansion	FALSE
Ancistrocerus_nigricornis	N0.HOG0000272	1	0.0538164	expansion	FALSE
Ancistrocerus_nigricornis	N0.HOG0000435	1	0.0538164	expansion	FALSE
Ancistrocerus_nigricornis	N0.HOG0000703	1	0.0538164	expansion	FALSE
Ancistrocerus_nigricornis	N0.HOG0000708	1	0.0538164	expansion	FALSE
Ancistrocerus_nigricornis	N0.HOG0000744	1	0.0538164	expansion	FALSE
Ancistrocerus_nigricornis	N0.HOG0000820	1	0.0538164	expansion	FALSE
Ancistrocerus_nigricornis	N0.HOG0000846	1	0.0538164	expansion	FALSE
Ancistrocerus_nigricornis	N0.HOG0000857	1	0.0538164	expansion	FALSE
Ancistrocerus_nigricornis	N0.HOG0000888	1	0.0538164	expansion	FALSE
Ancistrocerus_nigricornis	N0.HOG0000941	1	0.0538164	expansion	FALSE
Ancistrocerus_nigricornis	N0.HOG0000945	1	0.0538164	expansion	FALSE
Ancistrocerus_nigricornis	N0.HOG0000949	1	0.0538164	expansion	FALSE
Ancistrocerus_nigricornis	N0.HOG0000981	1	0.0538164	expansion	FALSE
Ancistrocerus_nigricornis	N0.HOG0000995	1	0.0538164	expansion	FALSE
Ancistrocerus_nigricornis	N0.HOG0001010	1	0.0538164	expansion	FALSE
Ancistrocerus_nigricornis	N0.HOG0001011	1	0.0538164	expansion	FALSE
Ancistrocerus_nigricornis	N0.HOG0001027	1	0.0538164	expansion	FALSE
Ancistrocerus_nigricornis	N0.HOG0001081	1	0.0538164	expansion	FALSE
Ancistrocerus_nigricornis	N0.HOG0001157	1	0.0538164	expansion	FALSE
Ancistrocerus_nigricornis	N0.HOG0001194	1	0.0538164	expansion	FALSE
Ancistrocerus_nigricornis	N0.HOG0001221	1	0.0538164	expansion	FALSE
Ancistrocerus_nigricornis	N0.HOG0001278	1	0.0538164	expansion	FALSE
Ancistrocerus_nigricornis	N0.HOG0001445	1	0.0538164	expansion	FALSE
Ancistrocerus_nigricornis	N0.HOG0001546	1	0.0538164	expansion	FALSE
Ancistrocerus_nigricornis	N0.HOG0001741	1	0.0538164	expansion	FALSE
Ancistrocerus_nigricornis	N0.HOG0001779	1	0.0538164	expansion	FALSE
Ancistrocerus_nigricornis	N0.HOG0002028	1	0.0538164	expansion	FALSE
Ancistrocerus_nigricornis	N0.HOG0002153	1	0.0538164	expansion	FALSE
Ancistrocerus_nigricornis	N0.HOG0002155	1	0.0538164	expansion	FALSE
Ancistrocerus_nigricornis	N0.HOG0002326	1	0.0538164	expansion	FALSE
Ancistrocerus_nigricornis	N0.HOG0002654	1	0.0538164	expansion	FALSE
Ancistrocerus_nigricornis	N0.HOG0007756	1	0.0538164	expansion	FALSE
Ancistrocerus_nigricornis	N0.HOG0008121	1	0.0538164	expansion	FALSE
Ancistrocerus_nigricornis	N0.HOG0008219	1	0.0538164	expansion	FALSE
Ancistrocerus_nigricornis	N0.HOG0008998	1	0.0538164	expansion	FALSE
Ancistrocerus_nigricornis	N0.HOG0009002	1	0.0538164	expansion	FALSE
Ancistrocerus_nigricornis	N0.HOG0009229	1	0.0538164	expansion	FALSE
Ancistrocerus_nigricornis	N0.HOG0010392	1	0.0538164	expansion	FALSE
Ancistrocerus_nigricornis	N0.HOG0000039	-2	0.0588101	contraction	FALSE
Ancistrocerus_nigricornis	N0.HOG0000148	2	0.0877655	expansion	FALSE
Ancistrocerus_nigricornis	N0.HOG0000251	1	0.108024	expansion	FALSE
Ancistrocerus_nigricornis	N0.HOG0000301	1	0.108024	expansion	FALSE
Ancistrocerus_nigricornis	N0.HOG0000396	1	0.108024	expansion	FALSE
Ancistrocerus_nigricornis	N0.HOG0000595	1	0.108024	expansion	FALSE
Ancistrocerus_nigricornis	N0.HOG0000614	1	0.108024	expansion	FALSE
Ancistrocerus_nigricornis	N0.HOG0000618	1	0.108024	expansion	FALSE
Ancistrocerus_nigricornis	N0.HOG0000631	1	0.108024	expansion	FALSE
Ancistrocerus_nigricornis	N0.HOG0000646	1	0.108024	expansion	FALSE
Ancistrocerus_nigricornis	N0.HOG0000681	1	0.108024	expansion	FALSE
Ancistrocerus_nigricornis	N0.HOG0000740	1	0.108024	expansion	FALSE
Ancistrocerus_nigricornis	N0.HOG0000742	1	0.108024	expansion	FALSE
Ancistrocerus_nigricornis	N0.HOG0000851	1	0.108024	expansion	FALSE
Ancistrocerus_nigricornis	N0.HOG0000008	-1	0.151523	contraction	FALSE
Ancistrocerus_nigricornis	N0.HOG0000015	-1	0.151523	contraction	FALSE
Ancistrocerus_nigricornis	N0.HOG0000031	-1	0.151523	contraction	FALSE
Ancistrocerus_nigricornis	N0.HOG0000037	-1	0.151523	contraction	FALSE
Ancistrocerus_nigricornis	N0.HOG0000053	-1	0.151523	contraction	FALSE
Ancistrocerus_nigricornis	N0.HOG0000066	-1	0.151523	contraction	FALSE
Ancistrocerus_nigricornis	N0.HOG0000087	-1	0.151523	contraction	FALSE
Ancistrocerus_nigricornis	N0.HOG0000103	-1	0.151523	contraction	FALSE
Ancistrocerus_nigricornis	N0.HOG0000149	-1	0.151523	contraction	FALSE
Ancistrocerus_nigricornis	N0.HOG0000175	-1	0.151523	contraction	FALSE
Ancistrocerus_nigricornis	N0.HOG0000228	-1	0.151523	contraction	FALSE
Ancistrocerus_nigricornis	N0.HOG0000258	-1	0.151523	contraction	FALSE
Ancistrocerus_nigricornis	N0.HOG0000260	-1	0.151523	contraction	FALSE
Ancistrocerus_nigricornis	N0.HOG0000264	-1	0.151523	contraction	FALSE
Ancistrocerus_nigricornis	N0.HOG0000333	-1	0.151523	contraction	FALSE
Ancistrocerus_nigricornis	N0.HOG0000345	-1	0.151523	contraction	FALSE
Ancistrocerus_nigricornis	N0.HOG0000346	-1	0.151523	contraction	FALSE
Ancistrocerus_nigricornis	N0.HOG0000442	-1	0.151523	contraction	FALSE
Ancistrocerus_nigricornis	N0.HOG0000470	-1	0.151523	contraction	FALSE
Ancistrocerus_nigricornis	N0.HOG0000496	-1	0.151523	contraction	FALSE
Ancistrocerus_nigricornis	N0.HOG0000589	-1	0.151523	contraction	FALSE
Ancistrocerus_nigricornis	N0.HOG0000633	-1	0.151523	contraction	FALSE
Ancistrocerus_nigricornis	N0.HOG0000639	-1	0.151523	contraction	FALSE
Ancistrocerus_nigricornis	N0.HOG0000660	-1	0.151523	contraction	FALSE
Ancistrocerus_nigricornis	N0.HOG0000694	-1	0.151523	contraction	FALSE
Ancistrocerus_nigricornis	N0.HOG0000733	-1	0.151523	contraction	FALSE
Ancistrocerus_nigricornis	N0.HOG0000735	-1	0.151523	contraction	FALSE
Ancistrocerus_nigricornis	N0.HOG0000747	-1	0.151523	contraction	FALSE
Ancistrocerus_nigricornis	N0.HOG0000766	-1	0.151523	contraction	FALSE
Ancistrocerus_nigricornis	N0.HOG0000770	-1	0.151523	contraction	FALSE
Ancistrocerus_nigricornis	N0.HOG0000788	-1	0.151523	contraction	FALSE
Ancistrocerus_nigricornis	N0.HOG0000795	-1	0.151523	contraction	FALSE
Ancistrocerus_nigricornis	N0.HOG0000808	-1	0.151523	contraction	FALSE
Ancistrocerus_nigricornis	N0.HOG0000811	-1	0.151523	contraction	FALSE
Ancistrocerus_nigricornis	N0.HOG0000817	-1	0.151523	contraction	FALSE
Ancistrocerus_nigricornis	N0.HOG0000843	-1	0.151523	contraction	FALSE
Ancistrocerus_nigricornis	N0.HOG0000849	-1	0.151523	contraction	FALSE
Ancistrocerus_nigricornis	N0.HOG0000854	-1	0.151523	contraction	FALSE
Ancistrocerus_nigricornis	N0.HOG0000862	-1	0.151523	contraction	FALSE
Ancistrocerus_nigricornis	N0.HOG0000863	-1	0.151523	contraction	FALSE
Ancistrocerus_nigricornis	N0.HOG0000884	-1	0.151523	contraction	FALSE
Ancistrocerus_nigricornis	N0.HOG0000944	-1	0.151523	contraction	FALSE
Ancistrocerus_nigricornis	N0.HOG0000947	-1	0.151523	contraction	FALSE
Ancistrocerus_nigricornis	N0.HOG0000992	-1	0.151523	contraction	FALSE
Ancistrocerus_nigricornis	N0.HOG0001025	-1	0.151523	contraction	FALSE
Ancistrocerus_nigricornis	N0.HOG0001035	-1	0.151523	contraction	FALSE
Ancistrocerus_nigricornis	N0.HOG0001039	-1	0.151523	contraction	FALSE
Ancistrocerus_nigricornis	N0.HOG0001062	-1	0.151523	contraction	FALSE
Ancistrocerus_nigricornis	N0.HOG0001159	-1	0.151523	contraction	FALSE
Ancistrocerus_nigricornis	N0.HOG0001190	-1	0.151523	contraction	FALSE
Ancistrocerus_nigricornis	N0.HOG0001208	-1	0.151523	contraction	FALSE
Ancistrocerus_nigricornis	N0.HOG0001275	-1	0.151523	contraction	FALSE
Ancistrocerus_nigricornis	N0.HOG0001303	-1	0.151523	contraction	FALSE
Ancistrocerus_nigricornis	N0.HOG0001351	-1	0.151523	contraction	FALSE
Ancistrocerus_nigricornis	N0.HOG0001353	-1	0.151523	contraction	FALSE
Ancistrocerus_nigricornis	N0.HOG0001400	-1	0.151523	contraction	FALSE
Ancistrocerus_nigricornis	N0.HOG0001415	-1	0.151523	contraction	FALSE
Ancistrocerus_nigricornis	N0.HOG0001527	-1	0.151523	contraction	FALSE
Ancistrocerus_nigricornis	N0.HOG0001676	-1	0.151523	contraction	FALSE
Ancistrocerus_nigricornis	N0.HOG0001699	-1	0.151523	contraction	FALSE
Ancistrocerus_nigricornis	N0.HOG0001725	-1	0.151523	contraction	FALSE
Ancistrocerus_nigricornis	N0.HOG0001739	-1	0.151523	contraction	FALSE
Ancistrocerus_nigricornis	N0.HOG0001758	-1	0.151523	contraction	FALSE
Ancistrocerus_nigricornis	N0.HOG0001815	-1	0.151523	contraction	FALSE
Ancistrocerus_nigricornis	N0.HOG0001887	-1	0.151523	contraction	FALSE
Ancistrocerus_nigricornis	N0.HOG0001931	-1	0.151523	contraction	FALSE
Ancistrocerus_nigricornis	N0.HOG0001933	-1	0.151523	contraction	FALSE
Ancistrocerus_nigricornis	N0.HOG0001989	-1	0.151523	contraction	FALSE
Ancistrocerus_nigricornis	N0.HOG0002036	-1	0.151523	contraction	FALSE
Ancistrocerus_nigricornis	N0.HOG0002039	-1	0.151523	contraction	FALSE
Ancistrocerus_nigricornis	N0.HOG0002040	-1	0.151523	contraction	FALSE
Ancistrocerus_nigricornis	N0.HOG0002071	-1	0.151523	contraction	FALSE
Ancistrocerus_nigricornis	N0.HOG0002072	-1	0.151523	contraction	FALSE
Ancistrocerus_nigricornis	N0.HOG0002177	-1	0.151523	contraction	FALSE
Ancistrocerus_nigricornis	N0.HOG0002403	-1	0.151523	contraction	FALSE
Ancistrocerus_nigricornis	N0.HOG0002505	-1	0.151523	contraction	FALSE
Ancistrocerus_nigricornis	N0.HOG0002562	-1	0.151523	contraction	FALSE
Ancistrocerus_nigricornis	N0.HOG0002661	-1	0.151523	contraction	FALSE
Ancistrocerus_nigricornis	N0.HOG0002800	-1	0.151523	contraction	FALSE
Ancistrocerus_nigricornis	N0.HOG0002822	-1	0.151523	contraction	FALSE
Ancistrocerus_nigricornis	N0.HOG0002935	-1	0.151523	contraction	FALSE
Ancistrocerus_nigricornis	N0.HOG0002945	-1	0.151523	contraction	FALSE
Ancistrocerus_nigricornis	N0.HOG0003304	-1	0.151523	contraction	FALSE
Ancistrocerus_nigricornis	N0.HOG0003712	-1	0.151523	contraction	FALSE
Ancistrocerus_nigricornis	N0.HOG0003840	-1	0.151523	contraction	FALSE
Ancistrocerus_nigricornis	N0.HOG0004299	-1	0.151523	contraction	FALSE
Ancistrocerus_nigricornis	N0.HOG0004363	-1	0.151523	contraction	FALSE
Ancistrocerus_nigricornis	N0.HOG0004813	-1	0.151523	contraction	FALSE
Ancistrocerus_nigricornis	N0.HOG0005492	-1	0.151523	contraction	FALSE
Ancistrocerus_nigricornis	N0.HOG0005762	-1	0.151523	contraction	FALSE
Ancistrocerus_nigricornis	N0.HOG0005902	-1	0.151523	contraction	FALSE
Ancistrocerus_nigricornis	N0.HOG0005904	-1	0.151523	contraction	FALSE
Ancistrocerus_nigricornis	N0.HOG0006183	-1	0.151523	contraction	FALSE
Ancistrocerus_nigricornis	N0.HOG0006369	-1	0.151523	contraction	FALSE
Ancistrocerus_nigricornis	N0.HOG0006640	-1	0.151523	contraction	FALSE
Ancistrocerus_nigricornis	N0.HOG0006793	-1	0.151523	contraction	FALSE
Ancistrocerus_nigricornis	N0.HOG0006869	-1	0.151523	contraction	FALSE
Ancistrocerus_nigricornis	N0.HOG0007194	-1	0.151523	contraction	FALSE
Ancistrocerus_nigricornis	N0.HOG0007409	-1	0.151523	contraction	FALSE
Ancistrocerus_nigricornis	N0.HOG0007446	-1	0.151523	contraction	FALSE
Ancistrocerus_nigricornis	N0.HOG0007744	-1	0.151523	contraction	FALSE
Ancistrocerus_nigricornis	N0.HOG0007749	-1	0.151523	contraction	FALSE
Ancistrocerus_nigricornis	N0.HOG0007781	-1	0.151523	contraction	FALSE
Ancistrocerus_nigricornis	N0.HOG0007820	-1	0.151523	contraction	FALSE
Ancistrocerus_nigricornis	N0.HOG0007844	-1	0.151523	contraction	FALSE
Ancistrocerus_nigricornis	N0.HOG0007927	-1	0.151523	contraction	FALSE
Ancistrocerus_nigricornis	N0.HOG0008020	-1	0.151523	contraction	FALSE
Ancistrocerus_nigricornis	N0.HOG0008039	-1	0.151523	contraction	FALSE
Ancistrocerus_nigricornis	N0.HOG0008117	-1	0.151523	contraction	FALSE
Ancistrocerus_nigricornis	N0.HOG0008127	-1	0.151523	contraction	FALSE
Ancistrocerus_nigricornis	N0.HOG0008228	-1	0.151523	contraction	FALSE
Ancistrocerus_nigricornis	N0.HOG0008233	-1	0.151523	contraction	FALSE
Ancistrocerus_nigricornis	N0.HOG0008257	-1	0.151523	contraction	FALSE
Ancistrocerus_nigricornis	N0.HOG0008357	-1	0.151523	contraction	FALSE
Ancistrocerus_nigricornis	N0.HOG0008383	-1	0.151523	contraction	FALSE
Ancistrocerus_nigricornis	N0.HOG0008384	-1	0.151523	contraction	FALSE
Ancistrocerus_nigricornis	N0.HOG0008400	-1	0.151523	contraction	FALSE
Ancistrocerus_nigricornis	N0.HOG0008408	-1	0.151523	contraction	FALSE
Ancistrocerus_nigricornis	N0.HOG0008409	-1	0.151523	contraction	FALSE
Ancistrocerus_nigricornis	N0.HOG0008430	-1	0.151523	contraction	FALSE
Ancistrocerus_nigricornis	N0.HOG0008438	-1	0.151523	contraction	FALSE
Ancistrocerus_nigricornis	N0.HOG0008448	-1	0.151523	contraction	FALSE
Ancistrocerus_nigricornis	N0.HOG0008465	-1	0.151523	contraction	FALSE
Ancistrocerus_nigricornis	N0.HOG0008472	-1	0.151523	contraction	FALSE
Ancistrocerus_nigricornis	N0.HOG0008525	-1	0.151523	contraction	FALSE
Ancistrocerus_nigricornis	N0.HOG0008576	-1	0.151523	contraction	FALSE
Ancistrocerus_nigricornis	N0.HOG0008582	-1	0.151523	contraction	FALSE
Ancistrocerus_nigricornis	N0.HOG0008604	-1	0.151523	contraction	FALSE
Ancistrocerus_nigricornis	N0.HOG0008614	-1	0.151523	contraction	FALSE
Ancistrocerus_nigricornis	N0.HOG0008620	-1	0.151523	contraction	FALSE
Ancistrocerus_nigricornis	N0.HOG0008622	-1	0.151523	contraction	FALSE
Ancistrocerus_nigricornis	N0.HOG0008630	-1	0.151523	contraction	FALSE
Ancistrocerus_nigricornis	N0.HOG0008632	-1	0.151523	contraction	FALSE
Ancistrocerus_nigricornis	N0.HOG0008634	-1	0.151523	contraction	FALSE
Ancistrocerus_nigricornis	N0.HOG0008647	-1	0.151523	contraction	FALSE
Ancistrocerus_nigricornis	N0.HOG0008664	-1	0.151523	contraction	FALSE
Ancistrocerus_nigricornis	N0.HOG0008668	-1	0.151523	contraction	FALSE
Ancistrocerus_nigricornis	N0.HOG0008681	-1	0.151523	contraction	FALSE
Ancistrocerus_nigricornis	N0.HOG0008689	-1	0.151523	contraction	FALSE
Ancistrocerus_nigricornis	N0.HOG0008704	-1	0.151523	contraction	FALSE
Ancistrocerus_nigricornis	N0.HOG0008711	-1	0.151523	contraction	FALSE
Ancistrocerus_nigricornis	N0.HOG0008724	-1	0.151523	contraction	FALSE
Ancistrocerus_nigricornis	N0.HOG0008753	-1	0.151523	contraction	FALSE
Ancistrocerus_nigricornis	N0.HOG0008757	-1	0.151523	contraction	FALSE
Ancistrocerus_nigricornis	N0.HOG0008787	-1	0.151523	contraction	FALSE
Ancistrocerus_nigricornis	N0.HOG0008789	-1	0.151523	contraction	FALSE
Ancistrocerus_nigricornis	N0.HOG0008796	-1	0.151523	contraction	FALSE
Ancistrocerus_nigricornis	N0.HOG0008800	-1	0.151523	contraction	FALSE
Ancistrocerus_nigricornis	N0.HOG0008811	-1	0.151523	contraction	FALSE
Ancistrocerus_nigricornis	N0.HOG0008816	-1	0.151523	contraction	FALSE
Ancistrocerus_nigricornis	N0.HOG0008817	-1	0.151523	contraction	FALSE
Ancistrocerus_nigricornis	N0.HOG0008828	-1	0.151523	contraction	FALSE
Ancistrocerus_nigricornis	N0.HOG0008829	-1	0.151523	contraction	FALSE
Ancistrocerus_nigricornis	N0.HOG0008837	-1	0.151523	contraction	FALSE
Ancistrocerus_nigricornis	N0.HOG0008843	-1	0.151523	contraction	FALSE
Ancistrocerus_nigricornis	N0.HOG0008851	-1	0.151523	contraction	FALSE
Ancistrocerus_nigricornis	N0.HOG0008861	-1	0.151523	contraction	FALSE
Ancistrocerus_nigricornis	N0.HOG0008862	-1	0.151523	contraction	FALSE
Ancistrocerus_nigricornis	N0.HOG0008879	-1	0.151523	contraction	FALSE
Ancistrocerus_nigricornis	N0.HOG0008883	-1	0.151523	contraction	FALSE
Ancistrocerus_nigricornis	N0.HOG0008918	-1	0.151523	contraction	FALSE
Ancistrocerus_nigricornis	N0.HOG0008919	-1	0.151523	contraction	FALSE
Ancistrocerus_nigricornis	N0.HOG0008923	-1	0.151523	contraction	FALSE
Ancistrocerus_nigricornis	N0.HOG0008943	-1	0.151523	contraction	FALSE
Ancistrocerus_nigricornis	N0.HOG0008952	-1	0.151523	contraction	FALSE
Ancistrocerus_nigricornis	N0.HOG0008993	-1	0.151523	contraction	FALSE
Ancistrocerus_nigricornis	N0.HOG0008995	-1	0.151523	contraction	FALSE
Ancistrocerus_nigricornis	N0.HOG0009007	-1	0.151523	contraction	FALSE
Ancistrocerus_nigricornis	N0.HOG0009033	-1	0.151523	contraction	FALSE
Ancistrocerus_nigricornis	N0.HOG0009042	-1	0.151523	contraction	FALSE
Ancistrocerus_nigricornis	N0.HOG0009045	-1	0.151523	contraction	FALSE
Ancistrocerus_nigricornis	N0.HOG0009058	-1	0.151523	contraction	FALSE
Ancistrocerus_nigricornis	N0.HOG0009059	-1	0.151523	contraction	FALSE
Ancistrocerus_nigricornis	N0.HOG0009060	-1	0.151523	contraction	FALSE
Ancistrocerus_nigricornis	N0.HOG0009068	-1	0.151523	contraction	FALSE
Ancistrocerus_nigricornis	N0.HOG0009081	-1	0.151523	contraction	FALSE
Ancistrocerus_nigricornis	N0.HOG0009086	-1	0.151523	contraction	FALSE
Ancistrocerus_nigricornis	N0.HOG0009109	-1	0.151523	contraction	FALSE
Ancistrocerus_nigricornis	N0.HOG0009118	-1	0.151523	contraction	FALSE
Ancistrocerus_nigricornis	N0.HOG0009122	-1	0.151523	contraction	FALSE
Ancistrocerus_nigricornis	N0.HOG0009125	-1	0.151523	contraction	FALSE
Ancistrocerus_nigricornis	N0.HOG0009153	-1	0.151523	contraction	FALSE
Ancistrocerus_nigricornis	N0.HOG0009160	-1	0.151523	contraction	FALSE
Ancistrocerus_nigricornis	N0.HOG0009169	-1	0.151523	contraction	FALSE
Ancistrocerus_nigricornis	N0.HOG0009195	-1	0.151523	contraction	FALSE
Ancistrocerus_nigricornis	N0.HOG0009207	-1	0.151523	contraction	FALSE
Ancistrocerus_nigricornis	N0.HOG0009209	-1	0.151523	contraction	FALSE
Ancistrocerus_nigricornis	N0.HOG0009219	-1	0.151523	contraction	FALSE
Ancistrocerus_nigricornis	N0.HOG0009224	-1	0.151523	contraction	FALSE
Ancistrocerus_nigricornis	N0.HOG0009232	-1	0.151523	contraction	FALSE
Ancistrocerus_nigricornis	N0.HOG0009240	-1	0.151523	contraction	FALSE
Ancistrocerus_nigricornis	N0.HOG0009244	-1	0.151523	contraction	FALSE
Ancistrocerus_nigricornis	N0.HOG0009245	-1	0.151523	contraction	FALSE
Ancistrocerus_nigricornis	N0.HOG0009259	-1	0.151523	contraction	FALSE
Ancistrocerus_nigricornis	N0.HOG0009276	-1	0.151523	contraction	FALSE
Ancistrocerus_nigricornis	N0.HOG0009277	-1	0.151523	contraction	FALSE
Ancistrocerus_nigricornis	N0.HOG0009285	-1	0.151523	contraction	FALSE
Ancistrocerus_nigricornis	N0.HOG0009288	-1	0.151523	contraction	FALSE
Ancistrocerus_nigricornis	N0.HOG0009291	-1	0.151523	contraction	FALSE
Ancistrocerus_nigricornis	N0.HOG0009293	-1	0.151523	contraction	FALSE
Ancistrocerus_nigricornis	N0.HOG0009302	-1	0.151523	contraction	FALSE
Ancistrocerus_nigricornis	N0.HOG0009303	-1	0.151523	contraction	FALSE
Ancistrocerus_nigricornis	N0.HOG0009318	-1	0.151523	contraction	FALSE
Ancistrocerus_nigricornis	N0.HOG0009319	-1	0.151523	contraction	FALSE
Ancistrocerus_nigricornis	N0.HOG0009349	-1	0.151523	contraction	FALSE
Ancistrocerus_nigricornis	N0.HOG0009350	-1	0.151523	contraction	FALSE
Ancistrocerus_nigricornis	N0.HOG0009351	-1	0.151523	contraction	FALSE
Ancistrocerus_nigricornis	N0.HOG0009352	-1	0.151523	contraction	FALSE
Ancistrocerus_nigricornis	N0.HOG0009391	-1	0.151523	contraction	FALSE
Ancistrocerus_nigricornis	N0.HOG0009397	-1	0.151523	contraction	FALSE
Ancistrocerus_nigricornis	N0.HOG0009412	-1	0.151523	contraction	FALSE
Ancistrocerus_nigricornis	N0.HOG0009413	-1	0.151523	contraction	FALSE
Ancistrocerus_nigricornis	N0.HOG0009428	-1	0.151523	contraction	FALSE
Ancistrocerus_nigricornis	N0.HOG0009436	-1	0.151523	contraction	FALSE
Ancistrocerus_nigricornis	N0.HOG0009450	-1	0.151523	contraction	FALSE
Ancistrocerus_nigricornis	N0.HOG0009459	-1	0.151523	contraction	FALSE
Ancistrocerus_nigricornis	N0.HOG0009467	-1	0.151523	contraction	FALSE
Ancistrocerus_nigricornis	N0.HOG0009481	-1	0.151523	contraction	FALSE
Ancistrocerus_nigricornis	N0.HOG0009486	-1	0.151523	contraction	FALSE
Ancistrocerus_nigricornis	N0.HOG0009523	-1	0.151523	contraction	FALSE
Ancistrocerus_nigricornis	N0.HOG0009525	-1	0.151523	contraction	FALSE
Ancistrocerus_nigricornis	N0.HOG0009533	-1	0.151523	contraction	FALSE
Ancistrocerus_nigricornis	N0.HOG0009534	-1	0.151523	contraction	FALSE
Ancistrocerus_nigricornis	N0.HOG0009546	-1	0.151523	contraction	FALSE
Ancistrocerus_nigricornis	N0.HOG0009548	-1	0.151523	contraction	FALSE
Ancistrocerus_nigricornis	N0.HOG0009549	-1	0.151523	contraction	FALSE
Ancistrocerus_nigricornis	N0.HOG0009558	-1	0.151523	contraction	FALSE
Ancistrocerus_nigricornis	N0.HOG0009561	-1	0.151523	contraction	FALSE
Ancistrocerus_nigricornis	N0.HOG0009567	-1	0.151523	contraction	FALSE
Ancistrocerus_nigricornis	N0.HOG0009574	-1	0.151523	contraction	FALSE
Ancistrocerus_nigricornis	N0.HOG0009601	-1	0.151523	contraction	FALSE
Ancistrocerus_nigricornis	N0.HOG0009604	-1	0.151523	contraction	FALSE
Ancistrocerus_nigricornis	N0.HOG0009617	-1	0.151523	contraction	FALSE
Ancistrocerus_nigricornis	N0.HOG0009618	-1	0.151523	contraction	FALSE
Ancistrocerus_nigricornis	N0.HOG0009637	-1	0.151523	contraction	FALSE
Ancistrocerus_nigricornis	N0.HOG0009638	-1	0.151523	contraction	FALSE
Ancistrocerus_nigricornis	N0.HOG0009639	-1	0.151523	contraction	FALSE
Ancistrocerus_nigricornis	N0.HOG0009657	-1	0.151523	contraction	FALSE
Ancistrocerus_nigricornis	N0.HOG0009661	-1	0.151523	contraction	FALSE
Ancistrocerus_nigricornis	N0.HOG0009663	-1	0.151523	contraction	FALSE
Ancistrocerus_nigricornis	N0.HOG0009672	-1	0.151523	contraction	FALSE
Ancistrocerus_nigricornis	N0.HOG0009680	-1	0.151523	contraction	FALSE
Ancistrocerus_nigricornis	N0.HOG0009694	-1	0.151523	contraction	FALSE
Ancistrocerus_nigricornis	N0.HOG0009708	-1	0.151523	contraction	FALSE
Ancistrocerus_nigricornis	N0.HOG0009716	-1	0.151523	contraction	FALSE
Ancistrocerus_nigricornis	N0.HOG0009717	-1	0.151523	contraction	FALSE
Ancistrocerus_nigricornis	N0.HOG0009718	-1	0.151523	contraction	FALSE
Ancistrocerus_nigricornis	N0.HOG0009720	-1	0.151523	contraction	FALSE
Ancistrocerus_nigricornis	N0.HOG0009732	-1	0.151523	contraction	FALSE
Ancistrocerus_nigricornis	N0.HOG0009735	-1	0.151523	contraction	FALSE
Ancistrocerus_nigricornis	N0.HOG0009752	-1	0.151523	contraction	FALSE
Ancistrocerus_nigricornis	N0.HOG0009777	-1	0.151523	contraction	FALSE
Ancistrocerus_nigricornis	N0.HOG0009789	-1	0.151523	contraction	FALSE
Ancistrocerus_nigricornis	N0.HOG0009794	-1	0.151523	contraction	FALSE
Ancistrocerus_nigricornis	N0.HOG0009823	-1	0.151523	contraction	FALSE
Ancistrocerus_nigricornis	N0.HOG0009835	-1	0.151523	contraction	FALSE
Ancistrocerus_nigricornis	N0.HOG0009844	-1	0.151523	contraction	FALSE
Ancistrocerus_nigricornis	N0.HOG0009857	-1	0.151523	contraction	FALSE
Ancistrocerus_nigricornis	N0.HOG0009875	-1	0.151523	contraction	FALSE
Ancistrocerus_nigricornis	N0.HOG0009878	-1	0.151523	contraction	FALSE
Ancistrocerus_nigricornis	N0.HOG0009906	-1	0.151523	contraction	FALSE
Ancistrocerus_nigricornis	N0.HOG0009907	-1	0.151523	contraction	FALSE
Ancistrocerus_nigricornis	N0.HOG0009915	-1	0.151523	contraction	FALSE
Ancistrocerus_nigricornis	N0.HOG0009953	-1	0.151523	contraction	FALSE
Ancistrocerus_nigricornis	N0.HOG0009977	-1	0.151523	contraction	FALSE
Ancistrocerus_nigricornis	N0.HOG0009993	-1	0.151523	contraction	FALSE
Ancistrocerus_nigricornis	N0.HOG0010006	-1	0.151523	contraction	FALSE
Ancistrocerus_nigricornis	N0.HOG0010016	-1	0.151523	contraction	FALSE
Ancistrocerus_nigricornis	N0.HOG0010017	-1	0.151523	contraction	FALSE
Ancistrocerus_nigricornis	N0.HOG0010019	-1	0.151523	contraction	FALSE
Ancistrocerus_nigricornis	N0.HOG0010020	-1	0.151523	contraction	FALSE
Ancistrocerus_nigricornis	N0.HOG0010022	-1	0.151523	contraction	FALSE
Ancistrocerus_nigricornis	N0.HOG0010028	-1	0.151523	contraction	FALSE
Ancistrocerus_nigricornis	N0.HOG0010041	-1	0.151523	contraction	FALSE
Ancistrocerus_nigricornis	N0.HOG0010045	-1	0.151523	contraction	FALSE
Ancistrocerus_nigricornis	N0.HOG0010064	-1	0.151523	contraction	FALSE
Ancistrocerus_nigricornis	N0.HOG0010065	-1	0.151523	contraction	FALSE
Ancistrocerus_nigricornis	N0.HOG0010095	-1	0.151523	contraction	FALSE
Ancistrocerus_nigricornis	N0.HOG0010096	-1	0.151523	contraction	FALSE
Ancistrocerus_nigricornis	N0.HOG0010133	-1	0.151523	contraction	FALSE
Ancistrocerus_nigricornis	N0.HOG0010164	-1	0.151523	contraction	FALSE
Ancistrocerus_nigricornis	N0.HOG0010168	-1	0.151523	contraction	FALSE
Ancistrocerus_nigricornis	N0.HOG0010179	-1	0.151523	contraction	FALSE
Ancistrocerus_nigricornis	N0.HOG0010180	-1	0.151523	contraction	FALSE
Ancistrocerus_nigricornis	N0.HOG0010181	-1	0.151523	contraction	FALSE
Ancistrocerus_nigricornis	N0.HOG0010189	-1	0.151523	contraction	FALSE
Ancistrocerus_nigricornis	N0.HOG0010226	-1	0.151523	contraction	FALSE
Ancistrocerus_nigricornis	N0.HOG0010279	-1	0.151523	contraction	FALSE
Ancistrocerus_nigricornis	N0.HOG0010286	-1	0.151523	contraction	FALSE
Ancistrocerus_nigricornis	N0.HOG0010293	-1	0.151523	contraction	FALSE
Ancistrocerus_nigricornis	N0.HOG0010294	-1	0.151523	contraction	FALSE
Ancistrocerus_nigricornis	N0.HOG0010338	-1	0.151523	contraction	FALSE
Ancistrocerus_nigricornis	N0.HOG0010346	-1	0.151523	contraction	FALSE
Ancistrocerus_nigricornis	N0.HOG0010401	-1	0.151523	contraction	FALSE
Ancistrocerus_nigricornis	N0.HOG0010404	-1	0.151523	contraction	FALSE
Ancistrocerus_nigricornis	N0.HOG0010407	-1	0.151523	contraction	FALSE
Ancistrocerus_nigricornis	N0.HOG0010449	-1	0.151523	contraction	FALSE
Ancistrocerus_nigricornis	N0.HOG0010464	-1	0.151523	contraction	FALSE
Ancistrocerus_nigricornis	N0.HOG0010465	-1	0.151523	contraction	FALSE
Ancistrocerus_nigricornis	N0.HOG0010467	-1	0.151523	contraction	FALSE
Ancistrocerus_nigricornis	N0.HOG0010524	-1	0.151523	contraction	FALSE
Ancistrocerus_nigricornis	N0.HOG0010528	-1	0.151523	contraction	FALSE
Ancistrocerus_nigricornis	N0.HOG0010546	-1	0.151523	contraction	FALSE
Ancistrocerus_nigricornis	N0.HOG0010547	-1	0.151523	contraction	FALSE
Ancistrocerus_nigricornis	N0.HOG0010566	-1	0.151523	contraction	FALSE
Ancistrocerus_nigricornis	N0.HOG0010619	-1	0.151523	contraction	FALSE
Ancistrocerus_nigricornis	N0.HOG0010621	-1	0.151523	contraction	FALSE
Ancistrocerus_nigricornis	N0.HOG0010685	-1	0.151523	contraction	FALSE
Ancistrocerus_nigricornis	N0.HOG0010696	-1	0.151523	contraction	FALSE
Ancistrocerus_nigricornis	N0.HOG0010790	-1	0.151523	contraction	FALSE
Ancistrocerus_nigricornis	N0.HOG0010791	-1	0.151523	contraction	FALSE
Ancistrocerus_nigricornis	N0.HOG0010810	-1	0.151523	contraction	FALSE
Ancistrocerus_nigricornis	N0.HOG0010817	-1	0.151523	contraction	FALSE
Ancistrocerus_nigricornis	N0.HOG0010866	-1	0.151523	contraction	FALSE
Ancistrocerus_nigricornis	N0.HOG0010896	-1	0.151523	contraction	FALSE
Ancistrocerus_nigricornis	N0.HOG0010930	-1	0.151523	contraction	FALSE
Ancistrocerus_nigricornis	N0.HOG0010971	-1	0.151523	contraction	FALSE
Ancistrocerus_nigricornis	N0.HOG0010975	-1	0.151523	contraction	FALSE
Ancistrocerus_nigricornis	N0.HOG0011073	-1	0.151523	contraction	FALSE
Ancistrocerus_nigricornis	N0.HOG0011094	-1	0.151523	contraction	FALSE
Ancistrocerus_nigricornis	N0.HOG0011236	-1	0.151523	contraction	FALSE
Ancistrocerus_nigricornis	N0.HOG0011243	-1	0.151523	contraction	FALSE
Ancistrocerus_nigricornis	N0.HOG0011244	-1	0.151523	contraction	FALSE
Ancistrocerus_nigricornis	N0.HOG0011245	-1	0.151523	contraction	FALSE
Ancistrocerus_nigricornis	N0.HOG0011366	-1	0.151523	contraction	FALSE
Ancistrocerus_nigricornis	N0.HOG0011472	-1	0.151523	contraction	FALSE
Ancistrocerus_nigricornis	N0.HOG0011475	-1	0.151523	contraction	FALSE
Ancistrocerus_nigricornis	N0.HOG0011493	-1	0.151523	contraction	FALSE
Ancistrocerus_nigricornis	N0.HOG0011499	-1	0.151523	contraction	FALSE
Ancistrocerus_nigricornis	N0.HOG0011508	-1	0.151523	contraction	FALSE
Ancistrocerus_nigricornis	N0.HOG0011661	-1	0.151523	contraction	FALSE
Ancistrocerus_nigricornis	N0.HOG0011808	-1	0.151523	contraction	FALSE
Ancistrocerus_nigricornis	N0.HOG0011809	-1	0.151523	contraction	FALSE
Ancistrocerus_nigricornis	N0.HOG0011813	-1	0.151523	contraction	FALSE
Ancistrocerus_nigricornis	N0.HOG0011814	-1	0.151523	contraction	FALSE
Ancistrocerus_nigricornis	N0.HOG0011956	-1	0.151523	contraction	FALSE
Ancistrocerus_nigricornis	N0.HOG0012216	-1	0.151523	contraction	FALSE
Ancistrocerus_nigricornis	N0.HOG0012230	-1	0.151523	contraction	FALSE
Ancistrocerus_nigricornis	N0.HOG0012234	-1	0.151523	contraction	FALSE
Ancistrocerus_nigricornis	N0.HOG0012236	-1	0.151523	contraction	FALSE
Ancistrocerus_nigricornis	N0.HOG0012240	-1	0.151523	contraction	FALSE
Ancistrocerus_nigricornis	N0.HOG0012643	-1	0.151523	contraction	FALSE
Ancistrocerus_nigricornis	N0.HOG0012652	-1	0.151523	contraction	FALSE
Ancistrocerus_nigricornis	N0.HOG0012687	-1	0.151523	contraction	FALSE
Ancistrocerus_nigricornis	N0.HOG0012856	-1	0.151523	contraction	FALSE
Ancistrocerus_nigricornis	N0.HOG0013281	-1	0.151523	contraction	FALSE
Ancistrocerus_nigricornis	N0.HOG0013479	-1	0.151523	contraction	FALSE
Ancistrocerus_nigricornis	N0.HOG0013842	-1	0.151523	contraction	FALSE
Ancistrocerus_nigricornis	N0.HOG0013844	-1	0.151523	contraction	FALSE
Ancistrocerus_nigricornis	N0.HOG0013846	-1	0.151523	contraction	FALSE
Ancistrocerus_nigricornis	N0.HOG0013848	-1	0.151523	contraction	FALSE
Ancistrocerus_nigricornis	N0.HOG0013853	-1	0.151523	contraction	FALSE
Ancistrocerus_nigricornis	N0.HOG0015301	-1	0.151523	contraction	FALSE
Ancistrocerus_nigricornis	N0.HOG0015305	-1	0.151523	contraction	FALSE
Ancistrocerus_nigricornis	N0.HOG0015307	-1	0.151523	contraction	FALSE
Ancistrocerus_nigricornis	N0.HOG0015316	-1	0.151523	contraction	FALSE
Ancistrocerus_nigricornis	N0.HOG0016956	-1	0.151523	contraction	FALSE
Ancistrocerus_nigricornis	N0.HOG0016968	-1	0.151523	contraction	FALSE
Ancistrocerus_nigricornis	N0.HOG0017441	-1	0.151523	contraction	FALSE
Ancistrocerus_nigricornis	N0.HOG0018187	-1	0.151523	contraction	FALSE
Ancistrocerus_nigricornis	N0.HOG0000061	1	0.159618	expansion	FALSE
Ancistrocerus_nigricornis	N0.HOG0000225	1	0.159618	expansion	FALSE
Ancistrocerus_nigricornis	N0.HOG0000263	1	0.159618	expansion	FALSE
Ancistrocerus_nigricornis	N0.HOG0000322	1	0.159618	expansion	FALSE
Ancistrocerus_nigricornis	N0.HOG0000331	1	0.159618	expansion	FALSE
Ancistrocerus_nigricornis	N0.HOG0000113	1	0.207241	expansion	FALSE
Ancistrocerus_nigricornis	N0.HOG0000369	1	0.207241	expansion	FALSE
Ancistrocerus_nigricornis	N0.HOG0000042	1	0.250459	expansion	FALSE
Ancistrocerus_nigricornis	N0.HOG0000091	-1	0.264212	contraction	FALSE
Ancistrocerus_nigricornis	N0.HOG0000094	-1	0.264212	contraction	FALSE
Ancistrocerus_nigricornis	N0.HOG0000098	-1	0.264212	contraction	FALSE
Ancistrocerus_nigricornis	N0.HOG0000203	-1	0.264212	contraction	FALSE
Ancistrocerus_nigricornis	N0.HOG0000207	-1	0.264212	contraction	FALSE
Ancistrocerus_nigricornis	N0.HOG0000222	-1	0.264212	contraction	FALSE
Ancistrocerus_nigricornis	N0.HOG0000253	-1	0.264212	contraction	FALSE
Ancistrocerus_nigricornis	N0.HOG0000262	-1	0.264212	contraction	FALSE
Ancistrocerus_nigricornis	N0.HOG0000499	-1	0.264212	contraction	FALSE
Ancistrocerus_nigricornis	N0.HOG0000502	-1	0.264212	contraction	FALSE
Ancistrocerus_nigricornis	N0.HOG0000527	-1	0.264212	contraction	FALSE
Ancistrocerus_nigricornis	N0.HOG0000591	-1	0.264212	contraction	FALSE
Ancistrocerus_nigricornis	N0.HOG0000625	-1	0.264212	contraction	FALSE
Ancistrocerus_nigricornis	N0.HOG0000695	-1	0.264212	contraction	FALSE
Ancistrocerus_nigricornis	N0.HOG0000711	-1	0.264212	contraction	FALSE
Ancistrocerus_nigricornis	N0.HOG0000809	-1	0.264212	contraction	FALSE
Ancistrocerus_nigricornis	N0.HOG0000836	-1	0.264212	contraction	FALSE
Ancistrocerus_nigricornis	N0.HOG0000909	-1	0.264212	contraction	FALSE
Ancistrocerus_nigricornis	N0.HOG0001179	-1	0.264212	contraction	FALSE
Ancistrocerus_nigricornis	N0.HOG0000019	1	0.289327	expansion	FALSE
Ancistrocerus_nigricornis	N0.HOG0000028	-1	0.349642	contraction	FALSE
Ancistrocerus_nigricornis	N0.HOG0000236	-1	0.349642	contraction	FALSE
Ancistrocerus_nigricornis	N0.HOG0000029	1	0.38319	expansion	FALSE
Ancistrocerus_nigricornis	N0.HOG0000044	-1	0.415679	contraction	FALSE
Ancistrocerus_nigricornis	N0.HOG0000059	-1	0.415679	contraction	FALSE
Ancistrocerus_nigricornis	N0.HOG0000106	-1	0.415679	contraction	FALSE
Ancistrocerus_nigricornis	N0.HOG0000177	-1	0.415679	contraction	FALSE
Ancistrocerus_nigricornis	N0.HOG0000062	-1	0.467719	contraction	FALSE
Ancistrocerus_nigricornis	N0.HOG0000069	-1	0.509503	contraction	FALSE
Anoplius_nigerrimus	N0.HOG0000887	8		expansion	FALSE
Anoplius_nigerrimus	N0.HOG0000319	6		expansion	FALSE
Anoplius_nigerrimus	N0.HOG0002148	5		expansion	FALSE
Anoplius_nigerrimus	N0.HOG0000192	4		expansion	FALSE
Anoplius_nigerrimus	N0.HOG0000624	4		expansion	FALSE
Anoplius_nigerrimus	N0.HOG0001324	4		expansion	FALSE
Anoplius_nigerrimus	N0.HOG0000902	3		expansion	FALSE
Anoplius_nigerrimus	N0.HOG0008539	3		expansion	FALSE
Anoplius_nigerrimus	N0.HOG0000124	2		expansion	FALSE
Anoplius_nigerrimus	N0.HOG0000168	2		expansion	FALSE
Anoplius_nigerrimus	N0.HOG0000198	2		expansion	FALSE
Anoplius_nigerrimus	N0.HOG0000278	2		expansion	FALSE
Anoplius_nigerrimus	N0.HOG0000490	2		expansion	FALSE
Anoplius_nigerrimus	N0.HOG0000767	2		expansion	FALSE
Anoplius_nigerrimus	N0.HOG0001079	2		expansion	FALSE
Anoplius_nigerrimus	N0.HOG0001146	2		expansion	FALSE
Anoplius_nigerrimus	N0.HOG0001183	2		expansion	FALSE
Anoplius_nigerrimus	N0.HOG0001965	2		expansion	FALSE
Anoplius_nigerrimus	N0.HOG0002061	2		expansion	FALSE
Anoplius_nigerrimus	N0.HOG0002434	2		expansion	FALSE
Anoplius_nigerrimus	N0.HOG0002484	2		expansion	FALSE
Anoplius_nigerrimus	N0.HOG0002779	2		expansion	FALSE
Anoplius_nigerrimus	N0.HOG0003598	2		expansion	FALSE
Anoplius_nigerrimus	N0.HOG0000064	1		expansion	FALSE
Anoplius_nigerrimus	N0.HOG0000117	1		expansion	FALSE
Anoplius_nigerrimus	N0.HOG0000138	1		expansion	FALSE
Anoplius_nigerrimus	N0.HOG0000146	1		expansion	FALSE
Anoplius_nigerrimus	N0.HOG0000156	1		expansion	FALSE
Anoplius_nigerrimus	N0.HOG0000217	1		expansion	FALSE
Anoplius_nigerrimus	N0.HOG0000268	1		expansion	FALSE
Anoplius_nigerrimus	N0.HOG0000270	1		expansion	FALSE
Anoplius_nigerrimus	N0.HOG0000288	1		expansion	FALSE
Anoplius_nigerrimus	N0.HOG0000315	1		expansion	FALSE
Anoplius_nigerrimus	N0.HOG0000344	1		expansion	FALSE
Anoplius_nigerrimus	N0.HOG0000361	1		expansion	FALSE
Anoplius_nigerrimus	N0.HOG0000383	1		expansion	FALSE
Anoplius_nigerrimus	N0.HOG0000387	1		expansion	FALSE
Anoplius_nigerrimus	N0.HOG0000400	1		expansion	FALSE
Anoplius_nigerrimus	N0.HOG0000424	1		expansion	FALSE
Anoplius_nigerrimus	N0.HOG0000472	1		expansion	FALSE
Anoplius_nigerrimus	N0.HOG0000473	1		expansion	FALSE
Anoplius_nigerrimus	N0.HOG0000476	1		expansion	FALSE
Anoplius_nigerrimus	N0.HOG0000493	1		expansion	FALSE
Anoplius_nigerrimus	N0.HOG0000516	1		expansion	FALSE
Anoplius_nigerrimus	N0.HOG0000541	1		expansion	FALSE
Anoplius_nigerrimus	N0.HOG0000543	1		expansion	FALSE
Anoplius_nigerrimus	N0.HOG0000549	1		expansion	FALSE
Anoplius_nigerrimus	N0.HOG0000562	1		expansion	FALSE
Anoplius_nigerrimus	N0.HOG0000587	1		expansion	FALSE
Anoplius_nigerrimus	N0.HOG0000600	1		expansion	FALSE
Anoplius_nigerrimus	N0.HOG0000607	1		expansion	FALSE
Anoplius_nigerrimus	N0.HOG0000640	1		expansion	FALSE
Anoplius_nigerrimus	N0.HOG0000645	1		expansion	FALSE
Anoplius_nigerrimus	N0.HOG0000654	1		expansion	FALSE
Anoplius_nigerrimus	N0.HOG0000688	1		expansion	FALSE
Anoplius_nigerrimus	N0.HOG0000710	1		expansion	FALSE
Anoplius_nigerrimus	N0.HOG0000714	1		expansion	FALSE
Anoplius_nigerrimus	N0.HOG0000734	1		expansion	FALSE
Anoplius_nigerrimus	N0.HOG0000743	1		expansion	FALSE
Anoplius_nigerrimus	N0.HOG0000753	1		expansion	FALSE
Anoplius_nigerrimus	N0.HOG0000786	1		expansion	FALSE
Anoplius_nigerrimus	N0.HOG0000793	1		expansion	FALSE
Anoplius_nigerrimus	N0.HOG0000837	1		expansion	FALSE
Anoplius_nigerrimus	N0.HOG0000855	1		expansion	FALSE
Anoplius_nigerrimus	N0.HOG0000856	1		expansion	FALSE
Anoplius_nigerrimus	N0.HOG0000860	1		expansion	FALSE
Anoplius_nigerrimus	N0.HOG0000864	1		expansion	FALSE
Anoplius_nigerrimus	N0.HOG0000875	1		expansion	FALSE
Anoplius_nigerrimus	N0.HOG0000910	1		expansion	FALSE
Anoplius_nigerrimus	N0.HOG0000924	1		expansion	FALSE
Anoplius_nigerrimus	N0.HOG0000929	1		expansion	FALSE
Anoplius_nigerrimus	N0.HOG0001000	1		expansion	FALSE
Anoplius_nigerrimus	N0.HOG0001007	1		expansion	FALSE
Anoplius_nigerrimus	N0.HOG0001029	1		expansion	FALSE
Anoplius_nigerrimus	N0.HOG0001033	1		expansion	FALSE
Anoplius_nigerrimus	N0.HOG0001086	1		expansion	FALSE
Anoplius_nigerrimus	N0.HOG0001113	1		expansion	FALSE
Anoplius_nigerrimus	N0.HOG0001125	1		expansion	FALSE
Anoplius_nigerrimus	N0.HOG0001140	1		expansion	FALSE
Anoplius_nigerrimus	N0.HOG0001158	1		expansion	FALSE
Anoplius_nigerrimus	N0.HOG0001219	1		expansion	FALSE
Anoplius_nigerrimus	N0.HOG0001247	1		expansion	FALSE
Anoplius_nigerrimus	N0.HOG0001263	1		expansion	FALSE
Anoplius_nigerrimus	N0.HOG0001265	1		expansion	FALSE
Anoplius_nigerrimus	N0.HOG0001273	1		expansion	FALSE
Anoplius_nigerrimus	N0.HOG0001280	1		expansion	FALSE
Anoplius_nigerrimus	N0.HOG0001281	1		expansion	FALSE
Anoplius_nigerrimus	N0.HOG0001285	1		expansion	FALSE
Anoplius_nigerrimus	N0.HOG0001291	1		expansion	FALSE
Anoplius_nigerrimus	N0.HOG0001308	1		expansion	FALSE
Anoplius_nigerrimus	N0.HOG0001309	1		expansion	FALSE
Anoplius_nigerrimus	N0.HOG0001325	1		expansion	FALSE
Anoplius_nigerrimus	N0.HOG0001326	1		expansion	FALSE
Anoplius_nigerrimus	N0.HOG0001327	1		expansion	FALSE
Anoplius_nigerrimus	N0.HOG0001329	1		expansion	FALSE
Anoplius_nigerrimus	N0.HOG0001342	1		expansion	FALSE
Anoplius_nigerrimus	N0.HOG0001388	1		expansion	FALSE
Anoplius_nigerrimus	N0.HOG0001389	1		expansion	FALSE
Anoplius_nigerrimus	N0.HOG0001407	1		expansion	FALSE
Anoplius_nigerrimus	N0.HOG0001505	1		expansion	FALSE
Anoplius_nigerrimus	N0.HOG0001511	1		expansion	FALSE
Anoplius_nigerrimus	N0.HOG0001513	1		expansion	FALSE
Anoplius_nigerrimus	N0.HOG0001519	1		expansion	FALSE
Anoplius_nigerrimus	N0.HOG0001529	1		expansion	FALSE
Anoplius_nigerrimus	N0.HOG0001549	1		expansion	FALSE
Anoplius_nigerrimus	N0.HOG0001563	1		expansion	FALSE
Anoplius_nigerrimus	N0.HOG0001570	1		expansion	FALSE
Anoplius_nigerrimus	N0.HOG0001588	1		expansion	FALSE
Anoplius_nigerrimus	N0.HOG0001604	1		expansion	FALSE
Anoplius_nigerrimus	N0.HOG0001611	1		expansion	FALSE
Anoplius_nigerrimus	N0.HOG0001621	1		expansion	FALSE
Anoplius_nigerrimus	N0.HOG0001631	1		expansion	FALSE
Anoplius_nigerrimus	N0.HOG0001638	1		expansion	FALSE
Anoplius_nigerrimus	N0.HOG0001681	1		expansion	FALSE
Anoplius_nigerrimus	N0.HOG0001691	1		expansion	FALSE
Anoplius_nigerrimus	N0.HOG0001706	1		expansion	FALSE
Anoplius_nigerrimus	N0.HOG0001707	1		expansion	FALSE
Anoplius_nigerrimus	N0.HOG0001742	1		expansion	FALSE
Anoplius_nigerrimus	N0.HOG0001770	1		expansion	FALSE
Anoplius_nigerrimus	N0.HOG0001776	1		expansion	FALSE
Anoplius_nigerrimus	N0.HOG0001788	1		expansion	FALSE
Anoplius_nigerrimus	N0.HOG0001793	1		expansion	FALSE
Anoplius_nigerrimus	N0.HOG0001817	1		expansion	FALSE
Anoplius_nigerrimus	N0.HOG0001873	1		expansion	FALSE
Anoplius_nigerrimus	N0.HOG0001878	1		expansion	FALSE
Anoplius_nigerrimus	N0.HOG0001901	1		expansion	FALSE
Anoplius_nigerrimus	N0.HOG0001919	1		expansion	FALSE
Anoplius_nigerrimus	N0.HOG0001938	1		expansion	FALSE
Anoplius_nigerrimus	N0.HOG0002127	1		expansion	FALSE
Anoplius_nigerrimus	N0.HOG0002215	1		expansion	FALSE
Anoplius_nigerrimus	N0.HOG0002251	1		expansion	FALSE
Anoplius_nigerrimus	N0.HOG0002267	1		expansion	FALSE
Anoplius_nigerrimus	N0.HOG0002303	1		expansion	FALSE
Anoplius_nigerrimus	N0.HOG0002337	1		expansion	FALSE
Anoplius_nigerrimus	N0.HOG0002362	1		expansion	FALSE
Anoplius_nigerrimus	N0.HOG0002368	1		expansion	FALSE
Anoplius_nigerrimus	N0.HOG0002370	1		expansion	FALSE
Anoplius_nigerrimus	N0.HOG0002419	1		expansion	FALSE
Anoplius_nigerrimus	N0.HOG0002448	1		expansion	FALSE
Anoplius_nigerrimus	N0.HOG0002453	1		expansion	FALSE
Anoplius_nigerrimus	N0.HOG0002456	1		expansion	FALSE
Anoplius_nigerrimus	N0.HOG0002476	1		expansion	FALSE
Anoplius_nigerrimus	N0.HOG0002477	1		expansion	FALSE
Anoplius_nigerrimus	N0.HOG0002511	1		expansion	FALSE
Anoplius_nigerrimus	N0.HOG0002537	1		expansion	FALSE
Anoplius_nigerrimus	N0.HOG0002550	1		expansion	FALSE
Anoplius_nigerrimus	N0.HOG0002594	1		expansion	FALSE
Anoplius_nigerrimus	N0.HOG0002595	1		expansion	FALSE
Anoplius_nigerrimus	N0.HOG0002608	1		expansion	FALSE
Anoplius_nigerrimus	N0.HOG0002649	1		expansion	FALSE
Anoplius_nigerrimus	N0.HOG0002683	1		expansion	FALSE
Anoplius_nigerrimus	N0.HOG0002712	1		expansion	FALSE
Anoplius_nigerrimus	N0.HOG0002817	1		expansion	FALSE
Anoplius_nigerrimus	N0.HOG0002924	1		expansion	FALSE
Anoplius_nigerrimus	N0.HOG0002944	1		expansion	FALSE
Anoplius_nigerrimus	N0.HOG0002971	1		expansion	FALSE
Anoplius_nigerrimus	N0.HOG0003008	1		expansion	FALSE
Anoplius_nigerrimus	N0.HOG0003109	1		expansion	FALSE
Anoplius_nigerrimus	N0.HOG0003130	1		expansion	FALSE
Anoplius_nigerrimus	N0.HOG0003153	1		expansion	FALSE
Anoplius_nigerrimus	N0.HOG0003300	1		expansion	FALSE
Anoplius_nigerrimus	N0.HOG0003412	1		expansion	FALSE
Anoplius_nigerrimus	N0.HOG0003413	1		expansion	FALSE
Anoplius_nigerrimus	N0.HOG0003456	1		expansion	FALSE
Anoplius_nigerrimus	N0.HOG0003559	1		expansion	FALSE
Anoplius_nigerrimus	N0.HOG0003603	1		expansion	FALSE
Anoplius_nigerrimus	N0.HOG0003617	1		expansion	FALSE
Anoplius_nigerrimus	N0.HOG0003618	1		expansion	FALSE
Anoplius_nigerrimus	N0.HOG0003849	1		expansion	FALSE
Anoplius_nigerrimus	N0.HOG0003922	1		expansion	FALSE
Anoplius_nigerrimus	N0.HOG0003930	1		expansion	FALSE
Anoplius_nigerrimus	N0.HOG0003978	1		expansion	FALSE
Anoplius_nigerrimus	N0.HOG0004014	1		expansion	FALSE
Anoplius_nigerrimus	N0.HOG0004159	1		expansion	FALSE
Anoplius_nigerrimus	N0.HOG0004325	1		expansion	FALSE
Anoplius_nigerrimus	N0.HOG0004326	1		expansion	FALSE
Anoplius_nigerrimus	N0.HOG0004447	1		expansion	FALSE
Anoplius_nigerrimus	N0.HOG0004537	1		expansion	FALSE
Anoplius_nigerrimus	N0.HOG0004584	1		expansion	FALSE
Anoplius_nigerrimus	N0.HOG0004654	1		expansion	FALSE
Anoplius_nigerrimus	N0.HOG0004802	1		expansion	FALSE
Anoplius_nigerrimus	N0.HOG0005323	1		expansion	FALSE
Anoplius_nigerrimus	N0.HOG0005350	1		expansion	FALSE
Anoplius_nigerrimus	N0.HOG0005482	1		expansion	FALSE
Anoplius_nigerrimus	N0.HOG0005569	1		expansion	FALSE
Anoplius_nigerrimus	N0.HOG0005719	1		expansion	FALSE
Anoplius_nigerrimus	N0.HOG0005811	1		expansion	FALSE
Anoplius_nigerrimus	N0.HOG0005900	1		expansion	FALSE
Anoplius_nigerrimus	N0.HOG0006163	1		expansion	FALSE
Anoplius_nigerrimus	N0.HOG0006517	1		expansion	FALSE
Anoplius_nigerrimus	N0.HOG0006572	1		expansion	FALSE
Anoplius_nigerrimus	N0.HOG0006828	1		expansion	FALSE
Anoplius_nigerrimus	N0.HOG0007500	1		expansion	FALSE
Anoplius_nigerrimus	N0.HOG0007567	1		expansion	FALSE
Anoplius_nigerrimus	N0.HOG0007595	1		expansion	FALSE
Anoplius_nigerrimus	N0.HOG0007630	1		expansion	FALSE
Anoplius_nigerrimus	N0.HOG0007708	1		expansion	FALSE
Anoplius_nigerrimus	N0.HOG0007715	1		expansion	FALSE
Anoplius_nigerrimus	N0.HOG0007819	1		expansion	FALSE
Anoplius_nigerrimus	N0.HOG0007942	1		expansion	FALSE
Anoplius_nigerrimus	N0.HOG0008054	1		expansion	FALSE
Anoplius_nigerrimus	N0.HOG0008067	1		expansion	FALSE
Anoplius_nigerrimus	N0.HOG0008141	1		expansion	FALSE
Anoplius_nigerrimus	N0.HOG0008204	1		expansion	FALSE
Anoplius_nigerrimus	N0.HOG0008594	1		expansion	FALSE
Anoplius_nigerrimus	N0.HOG0008633	1		expansion	FALSE
Anoplius_nigerrimus	N0.HOG0008844	1		expansion	FALSE
Anoplius_nigerrimus	N0.HOG0009243	1		expansion	FALSE
Anoplius_nigerrimus	N0.HOG0009468	1		expansion	FALSE
Anoplius_nigerrimus	N0.HOG0009756	1		expansion	FALSE
Anoplius_nigerrimus	N0.HOG0010455	1		expansion	FALSE
Anoplius_nigerrimus	N0.HOG0015164	1		expansion	FALSE
Anoplius_nigerrimus	N0.HOG0000070	-1		contraction	FALSE
Anoplius_nigerrimus	N0.HOG0000130	-1		contraction	FALSE
Anoplius_nigerrimus	N0.HOG0000134	-1		contraction	FALSE
Anoplius_nigerrimus	N0.HOG0000151	-1		contraction	FALSE
Anoplius_nigerrimus	N0.HOG0000210	-1		contraction	FALSE
Anoplius_nigerrimus	N0.HOG0000252	-1		contraction	FALSE
Anoplius_nigerrimus	N0.HOG0000265	-1		contraction	FALSE
Anoplius_nigerrimus	N0.HOG0000285	-1		contraction	FALSE
Anoplius_nigerrimus	N0.HOG0000297	-1		contraction	FALSE
Anoplius_nigerrimus	N0.HOG0000311	-1		contraction	FALSE
Anoplius_nigerrimus	N0.HOG0000330	-1		contraction	FALSE
Anoplius_nigerrimus	N0.HOG0000342	-1		contraction	FALSE
Anoplius_nigerrimus	N0.HOG0000388	-1		contraction	FALSE
Anoplius_nigerrimus	N0.HOG0000391	-1		contraction	FALSE
Anoplius_nigerrimus	N0.HOG0000392	-1		contraction	FALSE
Anoplius_nigerrimus	N0.HOG0000394	-1		contraction	FALSE
Anoplius_nigerrimus	N0.HOG0000398	-1		contraction	FALSE
Anoplius_nigerrimus	N0.HOG0000416	-1		contraction	FALSE
Anoplius_nigerrimus	N0.HOG0000443	-1		contraction	FALSE
Anoplius_nigerrimus	N0.HOG0000461	-1		contraction	FALSE
Anoplius_nigerrimus	N0.HOG0000489	-1		contraction	FALSE
Anoplius_nigerrimus	N0.HOG0000510	-1		contraction	FALSE
Anoplius_nigerrimus	N0.HOG0000529	-1		contraction	FALSE
Anoplius_nigerrimus	N0.HOG0000530	-1		contraction	FALSE
Anoplius_nigerrimus	N0.HOG0000536	-1		contraction	FALSE
Anoplius_nigerrimus	N0.HOG0000538	-1		contraction	FALSE
Anoplius_nigerrimus	N0.HOG0000539	-1		contraction	FALSE
Anoplius_nigerrimus	N0.HOG0000544	-1		contraction	FALSE
Anoplius_nigerrimus	N0.HOG0000546	-1		contraction	FALSE
Anoplius_nigerrimus	N0.HOG0000565	-1		contraction	FALSE
Anoplius_nigerrimus	N0.HOG0000599	-1		contraction	FALSE
Anoplius_nigerrimus	N0.HOG0000612	-1		contraction	FALSE
Anoplius_nigerrimus	N0.HOG0000636	-1		contraction	FALSE
Anoplius_nigerrimus	N0.HOG0000642	-1		contraction	FALSE
Anoplius_nigerrimus	N0.HOG0000647	-1		contraction	FALSE
Anoplius_nigerrimus	N0.HOG0000648	-1		contraction	FALSE
Anoplius_nigerrimus	N0.HOG0000664	-1		contraction	FALSE
Anoplius_nigerrimus	N0.HOG0000674	-1		contraction	FALSE
Anoplius_nigerrimus	N0.HOG0000689	-1		contraction	FALSE
Anoplius_nigerrimus	N0.HOG0000706	-1		contraction	FALSE
Anoplius_nigerrimus	N0.HOG0000757	-1		contraction	FALSE
Anoplius_nigerrimus	N0.HOG0000764	-1		contraction	FALSE
Anoplius_nigerrimus	N0.HOG0000852	-1		contraction	FALSE
Anoplius_nigerrimus	N0.HOG0000896	-1		contraction	FALSE
Anoplius_nigerrimus	N0.HOG0000903	-1		contraction	FALSE
Anoplius_nigerrimus	N0.HOG0000913	-1		contraction	FALSE
Anoplius_nigerrimus	N0.HOG0000943	-1		contraction	FALSE
Anoplius_nigerrimus	N0.HOG0000954	-1		contraction	FALSE
Anoplius_nigerrimus	N0.HOG0001103	-1		contraction	FALSE
Anoplius_nigerrimus	N0.HOG0001209	-1		contraction	FALSE
Anoplius_nigerrimus	N0.HOG0001252	-1		contraction	FALSE
Anoplius_nigerrimus	N0.HOG0001254	-1		contraction	FALSE
Anoplius_nigerrimus	N0.HOG0001256	-1		contraction	FALSE
Anoplius_nigerrimus	N0.HOG0001394	-1		contraction	FALSE
Anoplius_nigerrimus	N0.HOG0001453	-1		contraction	FALSE
Anoplius_nigerrimus	N0.HOG0001483	-1		contraction	FALSE
Anoplius_nigerrimus	N0.HOG0001491	-1		contraction	FALSE
Anoplius_nigerrimus	N0.HOG0001526	-1		contraction	FALSE
Anoplius_nigerrimus	N0.HOG0001554	-1		contraction	FALSE
Anoplius_nigerrimus	N0.HOG0001632	-1		contraction	FALSE
Anoplius_nigerrimus	N0.HOG0001680	-1		contraction	FALSE
Anoplius_nigerrimus	N0.HOG0001942	-1		contraction	FALSE
Anoplius_nigerrimus	N0.HOG0001951	-1		contraction	FALSE
Anoplius_nigerrimus	N0.HOG0002007	-1		contraction	FALSE
Anoplius_nigerrimus	N0.HOG0002025	-1		contraction	FALSE
Anoplius_nigerrimus	N0.HOG0002168	-1		contraction	FALSE
Anoplius_nigerrimus	N0.HOG0002245	-1		contraction	FALSE
Anoplius_nigerrimus	N0.HOG0002262	-1		contraction	FALSE
Anoplius_nigerrimus	N0.HOG0002310	-1		contraction	FALSE
Anoplius_nigerrimus	N0.HOG0002351	-1		contraction	FALSE
Anoplius_nigerrimus	N0.HOG0002379	-1		contraction	FALSE
Anoplius_nigerrimus	N0.HOG0002455	-1		contraction	FALSE
Anoplius_nigerrimus	N0.HOG0002583	-1		contraction	FALSE
Anoplius_nigerrimus	N0.HOG0002589	-1		contraction	FALSE
Anoplius_nigerrimus	N0.HOG0002592	-1		contraction	FALSE
Anoplius_nigerrimus	N0.HOG0002612	-1		contraction	FALSE
Anoplius_nigerrimus	N0.HOG0002616	-1		contraction	FALSE
Anoplius_nigerrimus	N0.HOG0002639	-1		contraction	FALSE
Anoplius_nigerrimus	N0.HOG0002695	-1		contraction	FALSE
Anoplius_nigerrimus	N0.HOG0003025	-1		contraction	FALSE
Anoplius_nigerrimus	N0.HOG0003040	-1		contraction	FALSE
Anoplius_nigerrimus	N0.HOG0003055	-1		contraction	FALSE
Anoplius_nigerrimus	N0.HOG0003059	-1		contraction	FALSE
Anoplius_nigerrimus	N0.HOG0003085	-1		contraction	FALSE
Anoplius_nigerrimus	N0.HOG0003087	-1		contraction	FALSE
Anoplius_nigerrimus	N0.HOG0003182	-1		contraction	FALSE
Anoplius_nigerrimus	N0.HOG0003301	-1		contraction	FALSE
Anoplius_nigerrimus	N0.HOG0003332	-1		contraction	FALSE
Anoplius_nigerrimus	N0.HOG0003358	-1		contraction	FALSE
Anoplius_nigerrimus	N0.HOG0003392	-1		contraction	FALSE
Anoplius_nigerrimus	N0.HOG0003398	-1		contraction	FALSE
Anoplius_nigerrimus	N0.HOG0003411	-1		contraction	FALSE
Anoplius_nigerrimus	N0.HOG0003453	-1		contraction	FALSE
Anoplius_nigerrimus	N0.HOG0003481	-1		contraction	FALSE
Anoplius_nigerrimus	N0.HOG0003619	-1		contraction	FALSE
Anoplius_nigerrimus	N0.HOG0003677	-1		contraction	FALSE
Anoplius_nigerrimus	N0.HOG0003678	-1		contraction	FALSE
Anoplius_nigerrimus	N0.HOG0003757	-1		contraction	FALSE
Anoplius_nigerrimus	N0.HOG0003804	-1		contraction	FALSE
Anoplius_nigerrimus	N0.HOG0003882	-1		contraction	FALSE
Anoplius_nigerrimus	N0.HOG0003918	-1		contraction	FALSE
Anoplius_nigerrimus	N0.HOG0003972	-1		contraction	FALSE
Anoplius_nigerrimus	N0.HOG0004015	-1		contraction	FALSE
Anoplius_nigerrimus	N0.HOG0004147	-1		contraction	FALSE
Anoplius_nigerrimus	N0.HOG0004227	-1		contraction	FALSE
Anoplius_nigerrimus	N0.HOG0004491	-1		contraction	FALSE
Anoplius_nigerrimus	N0.HOG0004543	-1		contraction	FALSE
Anoplius_nigerrimus	N0.HOG0004544	-1		contraction	FALSE
Anoplius_nigerrimus	N0.HOG0004737	-1		contraction	FALSE
Anoplius_nigerrimus	N0.HOG0004895	-1		contraction	FALSE
Anoplius_nigerrimus	N0.HOG0004900	-1		contraction	FALSE
Anoplius_nigerrimus	N0.HOG0005068	-1		contraction	FALSE
Anoplius_nigerrimus	N0.HOG0005217	-1		contraction	FALSE
Anoplius_nigerrimus	N0.HOG0005223	-1		contraction	FALSE
Anoplius_nigerrimus	N0.HOG0005322	-1		contraction	FALSE
Anoplius_nigerrimus	N0.HOG0005355	-1		contraction	FALSE
Anoplius_nigerrimus	N0.HOG0005413	-1		contraction	FALSE
Anoplius_nigerrimus	N0.HOG0005443	-1		contraction	FALSE
Anoplius_nigerrimus	N0.HOG0005462	-1		contraction	FALSE
Anoplius_nigerrimus	N0.HOG0005463	-1		contraction	FALSE
Anoplius_nigerrimus	N0.HOG0005470	-1		contraction	FALSE
Anoplius_nigerrimus	N0.HOG0005471	-1		contraction	FALSE
Anoplius_nigerrimus	N0.HOG0005472	-1		contraction	FALSE
Anoplius_nigerrimus	N0.HOG0005473	-1		contraction	FALSE
Anoplius_nigerrimus	N0.HOG0005474	-1		contraction	FALSE
Anoplius_nigerrimus	N0.HOG0005487	-1		contraction	FALSE
Anoplius_nigerrimus	N0.HOG0005514	-1		contraction	FALSE
Anoplius_nigerrimus	N0.HOG0005535	-1		contraction	FALSE
Anoplius_nigerrimus	N0.HOG0005543	-1		contraction	FALSE
Anoplius_nigerrimus	N0.HOG0005554	-1		contraction	FALSE
Anoplius_nigerrimus	N0.HOG0005696	-1		contraction	FALSE
Anoplius_nigerrimus	N0.HOG0005745	-1		contraction	FALSE
Anoplius_nigerrimus	N0.HOG0005778	-1		contraction	FALSE
Anoplius_nigerrimus	N0.HOG0005797	-1		contraction	FALSE
Anoplius_nigerrimus	N0.HOG0005826	-1		contraction	FALSE
Anoplius_nigerrimus	N0.HOG0005890	-1		contraction	FALSE
Anoplius_nigerrimus	N0.HOG0005898	-1		contraction	FALSE
Anoplius_nigerrimus	N0.HOG0005931	-1		contraction	FALSE
Anoplius_nigerrimus	N0.HOG0005948	-1		contraction	FALSE
Anoplius_nigerrimus	N0.HOG0005966	-1		contraction	FALSE
Anoplius_nigerrimus	N0.HOG0006031	-1		contraction	FALSE
Anoplius_nigerrimus	N0.HOG0006046	-1		contraction	FALSE
Anoplius_nigerrimus	N0.HOG0006049	-1		contraction	FALSE
Anoplius_nigerrimus	N0.HOG0006179	-1		contraction	FALSE
Anoplius_nigerrimus	N0.HOG0006254	-1		contraction	FALSE
Anoplius_nigerrimus	N0.HOG0006310	-1		contraction	FALSE
Anoplius_nigerrimus	N0.HOG0006347	-1		contraction	FALSE
Anoplius_nigerrimus	N0.HOG0006355	-1		contraction	FALSE
Anoplius_nigerrimus	N0.HOG0006358	-1		contraction	FALSE
Anoplius_nigerrimus	N0.HOG0006416	-1		contraction	FALSE
Anoplius_nigerrimus	N0.HOG0006435	-1		contraction	FALSE
Anoplius_nigerrimus	N0.HOG0006438	-1		contraction	FALSE
Anoplius_nigerrimus	N0.HOG0006439	-1		contraction	FALSE
Anoplius_nigerrimus	N0.HOG0006440	-1		contraction	FALSE
Anoplius_nigerrimus	N0.HOG0006441	-1		contraction	FALSE
Anoplius_nigerrimus	N0.HOG0006442	-1		contraction	FALSE
Anoplius_nigerrimus	N0.HOG0006445	-1		contraction	FALSE
Anoplius_nigerrimus	N0.HOG0006494	-1		contraction	FALSE
Anoplius_nigerrimus	N0.HOG0006563	-1		contraction	FALSE
Anoplius_nigerrimus	N0.HOG0006588	-1		contraction	FALSE
Anoplius_nigerrimus	N0.HOG0006601	-1		contraction	FALSE
Anoplius_nigerrimus	N0.HOG0006611	-1		contraction	FALSE
Anoplius_nigerrimus	N0.HOG0006647	-1		contraction	FALSE
Anoplius_nigerrimus	N0.HOG0006726	-1		contraction	FALSE
Anoplius_nigerrimus	N0.HOG0006755	-1		contraction	FALSE
Anoplius_nigerrimus	N0.HOG0006768	-1		contraction	FALSE
Anoplius_nigerrimus	N0.HOG0006787	-1		contraction	FALSE
Anoplius_nigerrimus	N0.HOG0006851	-1		contraction	FALSE
Anoplius_nigerrimus	N0.HOG0006858	-1		contraction	FALSE
Anoplius_nigerrimus	N0.HOG0006892	-1		contraction	FALSE
Anoplius_nigerrimus	N0.HOG0006906	-1		contraction	FALSE
Anoplius_nigerrimus	N0.HOG0006967	-1		contraction	FALSE
Anoplius_nigerrimus	N0.HOG0007004	-1		contraction	FALSE
Anoplius_nigerrimus	N0.HOG0007027	-1		contraction	FALSE
Anoplius_nigerrimus	N0.HOG0007031	-1		contraction	FALSE
Anoplius_nigerrimus	N0.HOG0007039	-1		contraction	FALSE
Anoplius_nigerrimus	N0.HOG0007064	-1		contraction	FALSE
Anoplius_nigerrimus	N0.HOG0007081	-1		contraction	FALSE
Anoplius_nigerrimus	N0.HOG0007099	-1		contraction	FALSE
Anoplius_nigerrimus	N0.HOG0007109	-1		contraction	FALSE
Anoplius_nigerrimus	N0.HOG0007133	-1		contraction	FALSE
Anoplius_nigerrimus	N0.HOG0007152	-1		contraction	FALSE
Anoplius_nigerrimus	N0.HOG0007164	-1		contraction	FALSE
Anoplius_nigerrimus	N0.HOG0007165	-1		contraction	FALSE
Anoplius_nigerrimus	N0.HOG0007180	-1		contraction	FALSE
Anoplius_nigerrimus	N0.HOG0007266	-1		contraction	FALSE
Anoplius_nigerrimus	N0.HOG0007395	-1		contraction	FALSE
Anoplius_nigerrimus	N0.HOG0007405	-1		contraction	FALSE
Anoplius_nigerrimus	N0.HOG0007483	-1		contraction	FALSE
Anoplius_nigerrimus	N0.HOG0007486	-1		contraction	FALSE
Anoplius_nigerrimus	N0.HOG0007526	-1		contraction	FALSE
Anoplius_nigerrimus	N0.HOG0007532	-1		contraction	FALSE
Anoplius_nigerrimus	N0.HOG0007546	-1		contraction	FALSE
Anoplius_nigerrimus	N0.HOG0007566	-1		contraction	FALSE
Anoplius_nigerrimus	N0.HOG0007575	-1		contraction	FALSE
Anoplius_nigerrimus	N0.HOG0007582	-1		contraction	FALSE
Anoplius_nigerrimus	N0.HOG0007635	-1		contraction	FALSE
Anoplius_nigerrimus	N0.HOG0007675	-1		contraction	FALSE
Anoplius_nigerrimus	N0.HOG0007684	-1		contraction	FALSE
Anoplius_nigerrimus	N0.HOG0007690	-1		contraction	FALSE
Anoplius_nigerrimus	N0.HOG0007696	-1		contraction	FALSE
Anoplius_nigerrimus	N0.HOG0007721	-1		contraction	FALSE
Anoplius_nigerrimus	N0.HOG0007738	-1		contraction	FALSE
Anoplius_nigerrimus	N0.HOG0007784	-1		contraction	FALSE
Anoplius_nigerrimus	N0.HOG0007790	-1		contraction	FALSE
Anoplius_nigerrimus	N0.HOG0007797	-1		contraction	FALSE
Anoplius_nigerrimus	N0.HOG0007804	-1		contraction	FALSE
Anoplius_nigerrimus	N0.HOG0007822	-1		contraction	FALSE
Anoplius_nigerrimus	N0.HOG0007837	-1		contraction	FALSE
Anoplius_nigerrimus	N0.HOG0007846	-1		contraction	FALSE
Anoplius_nigerrimus	N0.HOG0007860	-1		contraction	FALSE
Anoplius_nigerrimus	N0.HOG0007863	-1		contraction	FALSE
Anoplius_nigerrimus	N0.HOG0007879	-1		contraction	FALSE
Anoplius_nigerrimus	N0.HOG0007892	-1		contraction	FALSE
Anoplius_nigerrimus	N0.HOG0007903	-1		contraction	FALSE
Anoplius_nigerrimus	N0.HOG0007907	-1		contraction	FALSE
Anoplius_nigerrimus	N0.HOG0007918	-1		contraction	FALSE
Anoplius_nigerrimus	N0.HOG0007949	-1		contraction	FALSE
Anoplius_nigerrimus	N0.HOG0007994	-1		contraction	FALSE
Anoplius_nigerrimus	N0.HOG0007996	-1		contraction	FALSE
Anoplius_nigerrimus	N0.HOG0008014	-1		contraction	FALSE
Anoplius_nigerrimus	N0.HOG0008028	-1		contraction	FALSE
Anoplius_nigerrimus	N0.HOG0008033	-1		contraction	FALSE
Anoplius_nigerrimus	N0.HOG0008042	-1		contraction	FALSE
Anoplius_nigerrimus	N0.HOG0008048	-1		contraction	FALSE
Anoplius_nigerrimus	N0.HOG0008056	-1		contraction	FALSE
Anoplius_nigerrimus	N0.HOG0008058	-1		contraction	FALSE
Anoplius_nigerrimus	N0.HOG0008064	-1		contraction	FALSE
Anoplius_nigerrimus	N0.HOG0008066	-1		contraction	FALSE
Anoplius_nigerrimus	N0.HOG0008076	-1		contraction	FALSE
Anoplius_nigerrimus	N0.HOG0008080	-1		contraction	FALSE
Anoplius_nigerrimus	N0.HOG0008085	-1		contraction	FALSE
Anoplius_nigerrimus	N0.HOG0008090	-1		contraction	FALSE
Anoplius_nigerrimus	N0.HOG0008124	-1		contraction	FALSE
Anoplius_nigerrimus	N0.HOG0008129	-1		contraction	FALSE
Anoplius_nigerrimus	N0.HOG0008145	-1		contraction	FALSE
Anoplius_nigerrimus	N0.HOG0008146	-1		contraction	FALSE
Anoplius_nigerrimus	N0.HOG0008149	-1		contraction	FALSE
Anoplius_nigerrimus	N0.HOG0008151	-1		contraction	FALSE
Anoplius_nigerrimus	N0.HOG0008154	-1		contraction	FALSE
Anoplius_nigerrimus	N0.HOG0008155	-1		contraction	FALSE
Anoplius_nigerrimus	N0.HOG0008160	-1		contraction	FALSE
Anoplius_nigerrimus	N0.HOG0008165	-1		contraction	FALSE
Anoplius_nigerrimus	N0.HOG0008166	-1		contraction	FALSE
Anoplius_nigerrimus	N0.HOG0008175	-1		contraction	FALSE
Anoplius_nigerrimus	N0.HOG0008179	-1		contraction	FALSE
Anoplius_nigerrimus	N0.HOG0008187	-1		contraction	FALSE
Anoplius_nigerrimus	N0.HOG0008193	-1		contraction	FALSE
Anoplius_nigerrimus	N0.HOG0008197	-1		contraction	FALSE
Anoplius_nigerrimus	N0.HOG0008212	-1		contraction	FALSE
Anoplius_nigerrimus	N0.HOG0008213	-1		contraction	FALSE
Anoplius_nigerrimus	N0.HOG0008214	-1		contraction	FALSE
Anoplius_nigerrimus	N0.HOG0008216	-1		contraction	FALSE
Anoplius_nigerrimus	N0.HOG0008234	-1		contraction	FALSE
Anoplius_nigerrimus	N0.HOG0008237	-1		contraction	FALSE
Anoplius_nigerrimus	N0.HOG0008240	-1		contraction	FALSE
Anoplius_nigerrimus	N0.HOG0008250	-1		contraction	FALSE
Anoplius_nigerrimus	N0.HOG0008258	-1		contraction	FALSE
Anoplius_nigerrimus	N0.HOG0008267	-1		contraction	FALSE
Anoplius_nigerrimus	N0.HOG0008274	-1		contraction	FALSE
Anoplius_nigerrimus	N0.HOG0008286	-1		contraction	FALSE
Anoplius_nigerrimus	N0.HOG0008296	-1		contraction	FALSE
Anoplius_nigerrimus	N0.HOG0008304	-1		contraction	FALSE
Anoplius_nigerrimus	N0.HOG0008340	-1		contraction	FALSE
Anoplius_nigerrimus	N0.HOG0008341	-1		contraction	FALSE
Anoplius_nigerrimus	N0.HOG0008349	-1		contraction	FALSE
Anoplius_nigerrimus	N0.HOG0008363	-1		contraction	FALSE
Anoplius_nigerrimus	N0.HOG0008388	-1		contraction	FALSE
Anoplius_nigerrimus	N0.HOG0008392	-1		contraction	FALSE
Anoplius_nigerrimus	N0.HOG0008396	-1		contraction	FALSE
Anoplius_nigerrimus	N0.HOG0008401	-1		contraction	FALSE
Anoplius_nigerrimus	N0.HOG0008406	-1		contraction	FALSE
Anoplius_nigerrimus	N0.HOG0008410	-1		contraction	FALSE
Anoplius_nigerrimus	N0.HOG0008423	-1		contraction	FALSE
Anoplius_nigerrimus	N0.HOG0008434	-1		contraction	FALSE
Anoplius_nigerrimus	N0.HOG0008443	-1		contraction	FALSE
Anoplius_nigerrimus	N0.HOG0008449	-1		contraction	FALSE
Anoplius_nigerrimus	N0.HOG0008450	-1		contraction	FALSE
Anoplius_nigerrimus	N0.HOG0008452	-1		contraction	FALSE
Anoplius_nigerrimus	N0.HOG0008473	-1		contraction	FALSE
Anoplius_nigerrimus	N0.HOG0008475	-1		contraction	FALSE
Anoplius_nigerrimus	N0.HOG0008479	-1		contraction	FALSE
Anoplius_nigerrimus	N0.HOG0008513	-1		contraction	FALSE
Anoplius_nigerrimus	N0.HOG0008529	-1		contraction	FALSE
Anoplius_nigerrimus	N0.HOG0008541	-1		contraction	FALSE
Anoplius_nigerrimus	N0.HOG0008546	-1		contraction	FALSE
Anoplius_nigerrimus	N0.HOG0008553	-1		contraction	FALSE
Anoplius_nigerrimus	N0.HOG0008560	-1		contraction	FALSE
Anoplius_nigerrimus	N0.HOG0008565	-1		contraction	FALSE
Anoplius_nigerrimus	N0.HOG0008581	-1		contraction	FALSE
Anoplius_nigerrimus	N0.HOG0008598	-1		contraction	FALSE
Anoplius_nigerrimus	N0.HOG0008603	-1		contraction	FALSE
Anoplius_nigerrimus	N0.HOG0008616	-1		contraction	FALSE
Anoplius_nigerrimus	N0.HOG0008621	-1		contraction	FALSE
Anoplius_nigerrimus	N0.HOG0008625	-1		contraction	FALSE
Anoplius_nigerrimus	N0.HOG0008626	-1		contraction	FALSE
Anoplius_nigerrimus	N0.HOG0008628	-1		contraction	FALSE
Anoplius_nigerrimus	N0.HOG0008631	-1		contraction	FALSE
Anoplius_nigerrimus	N0.HOG0008635	-1		contraction	FALSE
Anoplius_nigerrimus	N0.HOG0008645	-1		contraction	FALSE
Anoplius_nigerrimus	N0.HOG0008654	-1		contraction	FALSE
Anoplius_nigerrimus	N0.HOG0008675	-1		contraction	FALSE
Anoplius_nigerrimus	N0.HOG0008677	-1		contraction	FALSE
Anoplius_nigerrimus	N0.HOG0008686	-1		contraction	FALSE
Anoplius_nigerrimus	N0.HOG0008691	-1		contraction	FALSE
Anoplius_nigerrimus	N0.HOG0008692	-1		contraction	FALSE
Anoplius_nigerrimus	N0.HOG0008703	-1		contraction	FALSE
Anoplius_nigerrimus	N0.HOG0008715	-1		contraction	FALSE
Anoplius_nigerrimus	N0.HOG0008716	-1		contraction	FALSE
Anoplius_nigerrimus	N0.HOG0008717	-1		contraction	FALSE
Anoplius_nigerrimus	N0.HOG0008761	-1		contraction	FALSE
Anoplius_nigerrimus	N0.HOG0008762	-1		contraction	FALSE
Anoplius_nigerrimus	N0.HOG0008764	-1		contraction	FALSE
Anoplius_nigerrimus	N0.HOG0008766	-1		contraction	FALSE
Anoplius_nigerrimus	N0.HOG0008767	-1		contraction	FALSE
Anoplius_nigerrimus	N0.HOG0008794	-1		contraction	FALSE
Anoplius_nigerrimus	N0.HOG0008797	-1		contraction	FALSE
Anoplius_nigerrimus	N0.HOG0008802	-1		contraction	FALSE
Anoplius_nigerrimus	N0.HOG0008808	-1		contraction	FALSE
Anoplius_nigerrimus	N0.HOG0008814	-1		contraction	FALSE
Anoplius_nigerrimus	N0.HOG0008815	-1		contraction	FALSE
Anoplius_nigerrimus	N0.HOG0008819	-1		contraction	FALSE
Anoplius_nigerrimus	N0.HOG0008821	-1		contraction	FALSE
Anoplius_nigerrimus	N0.HOG0008853	-1		contraction	FALSE
Anoplius_nigerrimus	N0.HOG0008878	-1		contraction	FALSE
Anoplius_nigerrimus	N0.HOG0008888	-1		contraction	FALSE
Anoplius_nigerrimus	N0.HOG0008896	-1		contraction	FALSE
Anoplius_nigerrimus	N0.HOG0008902	-1		contraction	FALSE
Anoplius_nigerrimus	N0.HOG0008905	-1		contraction	FALSE
Anoplius_nigerrimus	N0.HOG0008941	-1		contraction	FALSE
Anoplius_nigerrimus	N0.HOG0008946	-1		contraction	FALSE
Anoplius_nigerrimus	N0.HOG0008954	-1		contraction	FALSE
Anoplius_nigerrimus	N0.HOG0008964	-1		contraction	FALSE
Anoplius_nigerrimus	N0.HOG0008967	-1		contraction	FALSE
Anoplius_nigerrimus	N0.HOG0009006	-1		contraction	FALSE
Anoplius_nigerrimus	N0.HOG0009013	-1		contraction	FALSE
Anoplius_nigerrimus	N0.HOG0009023	-1		contraction	FALSE
Anoplius_nigerrimus	N0.HOG0009049	-1		contraction	FALSE
Anoplius_nigerrimus	N0.HOG0009051	-1		contraction	FALSE
Anoplius_nigerrimus	N0.HOG0009070	-1		contraction	FALSE
Anoplius_nigerrimus	N0.HOG0009073	-1		contraction	FALSE
Anoplius_nigerrimus	N0.HOG0009074	-1		contraction	FALSE
Anoplius_nigerrimus	N0.HOG0009142	-1		contraction	FALSE
Anoplius_nigerrimus	N0.HOG0009162	-1		contraction	FALSE
Anoplius_nigerrimus	N0.HOG0009236	-1		contraction	FALSE
Anoplius_nigerrimus	N0.HOG0009263	-1		contraction	FALSE
Anoplius_nigerrimus	N0.HOG0009264	-1		contraction	FALSE
Anoplius_nigerrimus	N0.HOG0009268	-1		contraction	FALSE
Anoplius_nigerrimus	N0.HOG0009296	-1		contraction	FALSE
Anoplius_nigerrimus	N0.HOG0009299	-1		contraction	FALSE
Anoplius_nigerrimus	N0.HOG0009367	-1		contraction	FALSE
Anoplius_nigerrimus	N0.HOG0009378	-1		contraction	FALSE
Anoplius_nigerrimus	N0.HOG0009380	-1		contraction	FALSE
Anoplius_nigerrimus	N0.HOG0009385	-1		contraction	FALSE
Anoplius_nigerrimus	N0.HOG0009423	-1		contraction	FALSE
Anoplius_nigerrimus	N0.HOG0009494	-1		contraction	FALSE
Anoplius_nigerrimus	N0.HOG0009556	-1		contraction	FALSE
Anoplius_nigerrimus	N0.HOG0009599	-1		contraction	FALSE
Anoplius_nigerrimus	N0.HOG0009654	-1		contraction	FALSE
Anoplius_nigerrimus	N0.HOG0009730	-1		contraction	FALSE
Anoplius_nigerrimus	N0.HOG0009737	-1		contraction	FALSE
Anoplius_nigerrimus	N0.HOG0009755	-1		contraction	FALSE
Anoplius_nigerrimus	N0.HOG0009766	-1		contraction	FALSE
Anoplius_nigerrimus	N0.HOG0009786	-1		contraction	FALSE
Anoplius_nigerrimus	N0.HOG0009873	-1		contraction	FALSE
Anoplius_nigerrimus	N0.HOG0009902	-1		contraction	FALSE
Anoplius_nigerrimus	N0.HOG0009944	-1		contraction	FALSE
Anoplius_nigerrimus	N0.HOG0009980	-1		contraction	FALSE
Anoplius_nigerrimus	N0.HOG0009999	-1		contraction	FALSE
Anoplius_nigerrimus	N0.HOG0010052	-1		contraction	FALSE
Anoplius_nigerrimus	N0.HOG0010173	-1		contraction	FALSE
Anoplius_nigerrimus	N0.HOG0010174	-1		contraction	FALSE
Anoplius_nigerrimus	N0.HOG0010283	-1		contraction	FALSE
Anoplius_nigerrimus	N0.HOG0010332	-1		contraction	FALSE
Anoplius_nigerrimus	N0.HOG0010383	-1		contraction	FALSE
Anoplius_nigerrimus	N0.HOG0010452	-1		contraction	FALSE
Anoplius_nigerrimus	N0.HOG0010672	-1		contraction	FALSE
Anoplius_nigerrimus	N0.HOG0010770	-1		contraction	FALSE
Anoplius_nigerrimus	N0.HOG0010911	-1		contraction	FALSE
Anoplius_nigerrimus	N0.HOG0011013	-1		contraction	FALSE
Anoplius_nigerrimus	N0.HOG0011057	-1		contraction	FALSE
Anoplius_nigerrimus	N0.HOG0011217	-1		contraction	FALSE
Anoplius_nigerrimus	N0.HOG0011457	-1		contraction	FALSE
Anoplius_nigerrimus	N0.HOG0011464	-1		contraction	FALSE
Anoplius_nigerrimus	N0.HOG0011485	-1		contraction	FALSE
Anoplius_nigerrimus	N0.HOG0012178	-1		contraction	FALSE
Anoplius_nigerrimus	N0.HOG0012187	-1		contraction	FALSE
Anoplius_nigerrimus	N0.HOG0013775	-1		contraction	FALSE
Anoplius_nigerrimus	N0.HOG0015152	-1		contraction	FALSE
Anoplius_nigerrimus	N0.HOG0015155	-1		contraction	FALSE
Anoplius_nigerrimus	N0.HOG0015156	-1		contraction	FALSE
Anoplius_nigerrimus	N0.HOG0017857	-1		contraction	FALSE
Anoplius_nigerrimus	N0.HOG0017860	-1		contraction	FALSE
Anoplius_nigerrimus	N0.HOG0023697	-1		contraction	FALSE
Anoplius_nigerrimus	N0.HOG0000237	-2		contraction	FALSE
Anoplius_nigerrimus	N0.HOG0000403	-2		contraction	FALSE
Anoplius_nigerrimus	N0.HOG0000045	14	6.00896e-12	expansion	TRUE
Anoplius_nigerrimus	N0.HOG0001930	7	1.99713e-07	expansion	TRUE
Anoplius_nigerrimus	N0.HOG0000442	7	1.27538e-06	expansion	TRUE
Anoplius_nigerrimus	N0.HOG0000053	6	1.63514e-06	expansion	TRUE
Anoplius_nigerrimus	N0.HOG0000054	8	3.68864e-05	expansion	TRUE
Anoplius_nigerrimus	N0.HOG0000590	4	0.000446567	expansion	TRUE
Anoplius_nigerrimus	N0.HOG0000042	-4	0.000702629	contraction	TRUE
Anoplius_nigerrimus	N0.HOG0000435	3	0.000897425	expansion	TRUE
Anoplius_nigerrimus	N0.HOG0000660	3	0.000897425	expansion	TRUE
Anoplius_nigerrimus	N0.HOG0000029	5	0.00135608	expansion	TRUE
Anoplius_nigerrimus	N0.HOG0000955	3	0.00296465	expansion	TRUE
Anoplius_nigerrimus	N0.HOG0000019	4	0.00440751	expansion	TRUE
Anoplius_nigerrimus	N0.HOG0000015	2	0.00734762	expansion	TRUE
Anoplius_nigerrimus	N0.HOG0000175	2	0.00734762	expansion	TRUE
Anoplius_nigerrimus	N0.HOG0000272	2	0.00734762	expansion	TRUE
Anoplius_nigerrimus	N0.HOG0001933	2	0.00734762	expansion	TRUE
Anoplius_nigerrimus	N0.HOG0000051	-2	0.0126086	contraction	TRUE
Anoplius_nigerrimus	N0.HOG0000106	3	0.0161996	expansion	TRUE
Anoplius_nigerrimus	N0.HOG0000369	3	0.0161996	expansion	TRUE
Anoplius_nigerrimus	N0.HOG0000044	3	0.0271424	expansion	TRUE
Anoplius_nigerrimus	N0.HOG0000182	-2	0.0295294	contraction	TRUE
Anoplius_nigerrimus	N0.HOG0000275	-2	0.0295294	contraction	TRUE
Anoplius_nigerrimus	N0.HOG0000331	-2	0.0295294	contraction	TRUE
Anoplius_nigerrimus	N0.HOG0000595	2	0.0335282	expansion	TRUE
Anoplius_nigerrimus	N0.HOG0000058	-2	0.049925	contraction	TRUE
Anoplius_nigerrimus	N0.HOG0000148	-2	0.049925	contraction	TRUE
Anoplius_nigerrimus	N0.HOG0000040	3	0.0546896	expansion	FALSE
Anoplius_nigerrimus	N0.HOG0000037	1	0.0601581	expansion	FALSE
Anoplius_nigerrimus	N0.HOG0000103	1	0.0601581	expansion	FALSE
Anoplius_nigerrimus	N0.HOG0000333	1	0.0601581	expansion	FALSE
Anoplius_nigerrimus	N0.HOG0000353	1	0.0601581	expansion	FALSE
Anoplius_nigerrimus	N0.HOG0000422	1	0.0601581	expansion	FALSE
Anoplius_nigerrimus	N0.HOG0000429	1	0.0601581	expansion	FALSE
Anoplius_nigerrimus	N0.HOG0000465	1	0.0601581	expansion	FALSE
Anoplius_nigerrimus	N0.HOG0000496	1	0.0601581	expansion	FALSE
Anoplius_nigerrimus	N0.HOG0000504	1	0.0601581	expansion	FALSE
Anoplius_nigerrimus	N0.HOG0000518	1	0.0601581	expansion	FALSE
Anoplius_nigerrimus	N0.HOG0000550	1	0.0601581	expansion	FALSE
Anoplius_nigerrimus	N0.HOG0000633	1	0.0601581	expansion	FALSE
Anoplius_nigerrimus	N0.HOG0000658	1	0.0601581	expansion	FALSE
Anoplius_nigerrimus	N0.HOG0000668	1	0.0601581	expansion	FALSE
Anoplius_nigerrimus	N0.HOG0000703	1	0.0601581	expansion	FALSE
Anoplius_nigerrimus	N0.HOG0000722	1	0.0601581	expansion	FALSE
Anoplius_nigerrimus	N0.HOG0000738	1	0.0601581	expansion	FALSE
Anoplius_nigerrimus	N0.HOG0000761	1	0.0601581	expansion	FALSE
Anoplius_nigerrimus	N0.HOG0000769	1	0.0601581	expansion	FALSE
Anoplius_nigerrimus	N0.HOG0000772	1	0.0601581	expansion	FALSE
Anoplius_nigerrimus	N0.HOG0000803	1	0.0601581	expansion	FALSE
Anoplius_nigerrimus	N0.HOG0000808	1	0.0601581	expansion	FALSE
Anoplius_nigerrimus	N0.HOG0000813	1	0.0601581	expansion	FALSE
Anoplius_nigerrimus	N0.HOG0000888	1	0.0601581	expansion	FALSE
Anoplius_nigerrimus	N0.HOG0000894	1	0.0601581	expansion	FALSE
Anoplius_nigerrimus	N0.HOG0000965	1	0.0601581	expansion	FALSE
Anoplius_nigerrimus	N0.HOG0001025	1	0.0601581	expansion	FALSE
Anoplius_nigerrimus	N0.HOG0001035	1	0.0601581	expansion	FALSE
Anoplius_nigerrimus	N0.HOG0001036	1	0.0601581	expansion	FALSE
Anoplius_nigerrimus	N0.HOG0001136	1	0.0601581	expansion	FALSE
Anoplius_nigerrimus	N0.HOG0001193	1	0.0601581	expansion	FALSE
Anoplius_nigerrimus	N0.HOG0001259	1	0.0601581	expansion	FALSE
Anoplius_nigerrimus	N0.HOG0001274	1	0.0601581	expansion	FALSE
Anoplius_nigerrimus	N0.HOG0001352	1	0.0601581	expansion	FALSE
Anoplius_nigerrimus	N0.HOG0001362	1	0.0601581	expansion	FALSE
Anoplius_nigerrimus	N0.HOG0001419	1	0.0601581	expansion	FALSE
Anoplius_nigerrimus	N0.HOG0001521	1	0.0601581	expansion	FALSE
Anoplius_nigerrimus	N0.HOG0001527	1	0.0601581	expansion	FALSE
Anoplius_nigerrimus	N0.HOG0001592	1	0.0601581	expansion	FALSE
Anoplius_nigerrimus	N0.HOG0002072	1	0.0601581	expansion	FALSE
Anoplius_nigerrimus	N0.HOG0002342	1	0.0601581	expansion	FALSE
Anoplius_nigerrimus	N0.HOG0002729	1	0.0601581	expansion	FALSE
Anoplius_nigerrimus	N0.HOG0004363	1	0.0601581	expansion	FALSE
Anoplius_nigerrimus	N0.HOG0007269	1	0.0601581	expansion	FALSE
Anoplius_nigerrimus	N0.HOG0008381	1	0.0601581	expansion	FALSE
Anoplius_nigerrimus	N0.HOG0008451	1	0.0601581	expansion	FALSE
Anoplius_nigerrimus	N0.HOG0008711	1	0.0601581	expansion	FALSE
Anoplius_nigerrimus	N0.HOG0008753	1	0.0601581	expansion	FALSE
Anoplius_nigerrimus	N0.HOG0009015	1	0.0601581	expansion	FALSE
Anoplius_nigerrimus	N0.HOG0009059	1	0.0601581	expansion	FALSE
Anoplius_nigerrimus	N0.HOG0009331	1	0.0601581	expansion	FALSE
Anoplius_nigerrimus	N0.HOG0009638	1	0.0601581	expansion	FALSE
Anoplius_nigerrimus	N0.HOG0009701	1	0.0601581	expansion	FALSE
Anoplius_nigerrimus	N0.HOG0010294	1	0.0601581	expansion	FALSE
Anoplius_nigerrimus	N0.HOG0010765	1	0.0601581	expansion	FALSE
Anoplius_nigerrimus	N0.HOG0000090	2	0.068053	expansion	FALSE
Anoplius_nigerrimus	N0.HOG0000057	3	0.102115	expansion	FALSE
Anoplius_nigerrimus	N0.HOG0000046	1	0.12093	expansion	FALSE
Anoplius_nigerrimus	N0.HOG0000091	1	0.12093	expansion	FALSE
Anoplius_nigerrimus	N0.HOG0000203	1	0.12093	expansion	FALSE
Anoplius_nigerrimus	N0.HOG0000207	1	0.12093	expansion	FALSE
Anoplius_nigerrimus	N0.HOG0000251	1	0.12093	expansion	FALSE
Anoplius_nigerrimus	N0.HOG0000396	1	0.12093	expansion	FALSE
Anoplius_nigerrimus	N0.HOG0000402	1	0.12093	expansion	FALSE
Anoplius_nigerrimus	N0.HOG0000425	1	0.12093	expansion	FALSE
Anoplius_nigerrimus	N0.HOG0000464	1	0.12093	expansion	FALSE
Anoplius_nigerrimus	N0.HOG0000625	1	0.12093	expansion	FALSE
Anoplius_nigerrimus	N0.HOG0000732	1	0.12093	expansion	FALSE
Anoplius_nigerrimus	N0.HOG0000740	1	0.12093	expansion	FALSE
Anoplius_nigerrimus	N0.HOG0000836	1	0.12093	expansion	FALSE
Anoplius_nigerrimus	N0.HOG0000087	-1	0.16829	contraction	FALSE
Anoplius_nigerrimus	N0.HOG0000154	-1	0.16829	contraction	FALSE
Anoplius_nigerrimus	N0.HOG0000186	-1	0.16829	contraction	FALSE
Anoplius_nigerrimus	N0.HOG0000187	-1	0.16829	contraction	FALSE
Anoplius_nigerrimus	N0.HOG0000189	-1	0.16829	contraction	FALSE
Anoplius_nigerrimus	N0.HOG0000258	-1	0.16829	contraction	FALSE
Anoplius_nigerrimus	N0.HOG0000289	-1	0.16829	contraction	FALSE
Anoplius_nigerrimus	N0.HOG0000299	-1	0.16829	contraction	FALSE
Anoplius_nigerrimus	N0.HOG0000372	-1	0.16829	contraction	FALSE
Anoplius_nigerrimus	N0.HOG0000589	-1	0.16829	contraction	FALSE
Anoplius_nigerrimus	N0.HOG0000629	-1	0.16829	contraction	FALSE
Anoplius_nigerrimus	N0.HOG0000639	-1	0.16829	contraction	FALSE
Anoplius_nigerrimus	N0.HOG0000667	-1	0.16829	contraction	FALSE
Anoplius_nigerrimus	N0.HOG0000669	-1	0.16829	contraction	FALSE
Anoplius_nigerrimus	N0.HOG0000708	-1	0.16829	contraction	FALSE
Anoplius_nigerrimus	N0.HOG0000795	-1	0.16829	contraction	FALSE
Anoplius_nigerrimus	N0.HOG0000811	-1	0.16829	contraction	FALSE
Anoplius_nigerrimus	N0.HOG0000815	-1	0.16829	contraction	FALSE
Anoplius_nigerrimus	N0.HOG0000817	-1	0.16829	contraction	FALSE
Anoplius_nigerrimus	N0.HOG0000832	-1	0.16829	contraction	FALSE
Anoplius_nigerrimus	N0.HOG0000841	-1	0.16829	contraction	FALSE
Anoplius_nigerrimus	N0.HOG0000843	-1	0.16829	contraction	FALSE
Anoplius_nigerrimus	N0.HOG0000884	-1	0.16829	contraction	FALSE
Anoplius_nigerrimus	N0.HOG0000899	-1	0.16829	contraction	FALSE
Anoplius_nigerrimus	N0.HOG0000901	-1	0.16829	contraction	FALSE
Anoplius_nigerrimus	N0.HOG0000947	-1	0.16829	contraction	FALSE
Anoplius_nigerrimus	N0.HOG0000984	-1	0.16829	contraction	FALSE
Anoplius_nigerrimus	N0.HOG0000993	-1	0.16829	contraction	FALSE
Anoplius_nigerrimus	N0.HOG0001030	-1	0.16829	contraction	FALSE
Anoplius_nigerrimus	N0.HOG0001091	-1	0.16829	contraction	FALSE
Anoplius_nigerrimus	N0.HOG0001118	-1	0.16829	contraction	FALSE
Anoplius_nigerrimus	N0.HOG0001142	-1	0.16829	contraction	FALSE
Anoplius_nigerrimus	N0.HOG0001166	-1	0.16829	contraction	FALSE
Anoplius_nigerrimus	N0.HOG0001284	-1	0.16829	contraction	FALSE
Anoplius_nigerrimus	N0.HOG0001294	-1	0.16829	contraction	FALSE
Anoplius_nigerrimus	N0.HOG0001295	-1	0.16829	contraction	FALSE
Anoplius_nigerrimus	N0.HOG0001319	-1	0.16829	contraction	FALSE
Anoplius_nigerrimus	N0.HOG0001384	-1	0.16829	contraction	FALSE
Anoplius_nigerrimus	N0.HOG0001401	-1	0.16829	contraction	FALSE
Anoplius_nigerrimus	N0.HOG0001560	-1	0.16829	contraction	FALSE
Anoplius_nigerrimus	N0.HOG0001641	-1	0.16829	contraction	FALSE
Anoplius_nigerrimus	N0.HOG0001675	-1	0.16829	contraction	FALSE
Anoplius_nigerrimus	N0.HOG0001696	-1	0.16829	contraction	FALSE
Anoplius_nigerrimus	N0.HOG0001739	-1	0.16829	contraction	FALSE
Anoplius_nigerrimus	N0.HOG0001758	-1	0.16829	contraction	FALSE
Anoplius_nigerrimus	N0.HOG0001931	-1	0.16829	contraction	FALSE
Anoplius_nigerrimus	N0.HOG0002040	-1	0.16829	contraction	FALSE
Anoplius_nigerrimus	N0.HOG0002065	-1	0.16829	contraction	FALSE
Anoplius_nigerrimus	N0.HOG0002365	-1	0.16829	contraction	FALSE
Anoplius_nigerrimus	N0.HOG0002505	-1	0.16829	contraction	FALSE
Anoplius_nigerrimus	N0.HOG0002562	-1	0.16829	contraction	FALSE
Anoplius_nigerrimus	N0.HOG0002654	-1	0.16829	contraction	FALSE
Anoplius_nigerrimus	N0.HOG0002711	-1	0.16829	contraction	FALSE
Anoplius_nigerrimus	N0.HOG0002800	-1	0.16829	contraction	FALSE
Anoplius_nigerrimus	N0.HOG0002822	-1	0.16829	contraction	FALSE
Anoplius_nigerrimus	N0.HOG0003788	-1	0.16829	contraction	FALSE
Anoplius_nigerrimus	N0.HOG0004813	-1	0.16829	contraction	FALSE
Anoplius_nigerrimus	N0.HOG0006530	-1	0.16829	contraction	FALSE
Anoplius_nigerrimus	N0.HOG0006779	-1	0.16829	contraction	FALSE
Anoplius_nigerrimus	N0.HOG0007166	-1	0.16829	contraction	FALSE
Anoplius_nigerrimus	N0.HOG0007399	-1	0.16829	contraction	FALSE
Anoplius_nigerrimus	N0.HOG0007850	-1	0.16829	contraction	FALSE
Anoplius_nigerrimus	N0.HOG0008109	-1	0.16829	contraction	FALSE
Anoplius_nigerrimus	N0.HOG0008121	-1	0.16829	contraction	FALSE
Anoplius_nigerrimus	N0.HOG0008127	-1	0.16829	contraction	FALSE
Anoplius_nigerrimus	N0.HOG0008228	-1	0.16829	contraction	FALSE
Anoplius_nigerrimus	N0.HOG0008244	-1	0.16829	contraction	FALSE
Anoplius_nigerrimus	N0.HOG0008285	-1	0.16829	contraction	FALSE
Anoplius_nigerrimus	N0.HOG0008313	-1	0.16829	contraction	FALSE
Anoplius_nigerrimus	N0.HOG0008343	-1	0.16829	contraction	FALSE
Anoplius_nigerrimus	N0.HOG0008499	-1	0.16829	contraction	FALSE
Anoplius_nigerrimus	N0.HOG0008506	-1	0.16829	contraction	FALSE
Anoplius_nigerrimus	N0.HOG0008508	-1	0.16829	contraction	FALSE
Anoplius_nigerrimus	N0.HOG0008525	-1	0.16829	contraction	FALSE
Anoplius_nigerrimus	N0.HOG0008665	-1	0.16829	contraction	FALSE
Anoplius_nigerrimus	N0.HOG0008681	-1	0.16829	contraction	FALSE
Anoplius_nigerrimus	N0.HOG0008789	-1	0.16829	contraction	FALSE
Anoplius_nigerrimus	N0.HOG0008813	-1	0.16829	contraction	FALSE
Anoplius_nigerrimus	N0.HOG0008915	-1	0.16829	contraction	FALSE
Anoplius_nigerrimus	N0.HOG0008943	-1	0.16829	contraction	FALSE
Anoplius_nigerrimus	N0.HOG0008948	-1	0.16829	contraction	FALSE
Anoplius_nigerrimus	N0.HOG0008995	-1	0.16829	contraction	FALSE
Anoplius_nigerrimus	N0.HOG0009002	-1	0.16829	contraction	FALSE
Anoplius_nigerrimus	N0.HOG0009007	-1	0.16829	contraction	FALSE
Anoplius_nigerrimus	N0.HOG0009021	-1	0.16829	contraction	FALSE
Anoplius_nigerrimus	N0.HOG0009033	-1	0.16829	contraction	FALSE
Anoplius_nigerrimus	N0.HOG0009041	-1	0.16829	contraction	FALSE
Anoplius_nigerrimus	N0.HOG0009042	-1	0.16829	contraction	FALSE
Anoplius_nigerrimus	N0.HOG0009047	-1	0.16829	contraction	FALSE
Anoplius_nigerrimus	N0.HOG0009060	-1	0.16829	contraction	FALSE
Anoplius_nigerrimus	N0.HOG0009083	-1	0.16829	contraction	FALSE
Anoplius_nigerrimus	N0.HOG0009084	-1	0.16829	contraction	FALSE
Anoplius_nigerrimus	N0.HOG0009086	-1	0.16829	contraction	FALSE
Anoplius_nigerrimus	N0.HOG0009090	-1	0.16829	contraction	FALSE
Anoplius_nigerrimus	N0.HOG0009111	-1	0.16829	contraction	FALSE
Anoplius_nigerrimus	N0.HOG0009140	-1	0.16829	contraction	FALSE
Anoplius_nigerrimus	N0.HOG0009192	-1	0.16829	contraction	FALSE
Anoplius_nigerrimus	N0.HOG0009229	-1	0.16829	contraction	FALSE
Anoplius_nigerrimus	N0.HOG0009232	-1	0.16829	contraction	FALSE
Anoplius_nigerrimus	N0.HOG0009240	-1	0.16829	contraction	FALSE
Anoplius_nigerrimus	N0.HOG0009261	-1	0.16829	contraction	FALSE
Anoplius_nigerrimus	N0.HOG0009262	-1	0.16829	contraction	FALSE
Anoplius_nigerrimus	N0.HOG0009288	-1	0.16829	contraction	FALSE
Anoplius_nigerrimus	N0.HOG0009291	-1	0.16829	contraction	FALSE
Anoplius_nigerrimus	N0.HOG0009302	-1	0.16829	contraction	FALSE
Anoplius_nigerrimus	N0.HOG0009318	-1	0.16829	contraction	FALSE
Anoplius_nigerrimus	N0.HOG0009319	-1	0.16829	contraction	FALSE
Anoplius_nigerrimus	N0.HOG0009350	-1	0.16829	contraction	FALSE
Anoplius_nigerrimus	N0.HOG0009352	-1	0.16829	contraction	FALSE
Anoplius_nigerrimus	N0.HOG0009397	-1	0.16829	contraction	FALSE
Anoplius_nigerrimus	N0.HOG0009401	-1	0.16829	contraction	FALSE
Anoplius_nigerrimus	N0.HOG0009441	-1	0.16829	contraction	FALSE
Anoplius_nigerrimus	N0.HOG0009450	-1	0.16829	contraction	FALSE
Anoplius_nigerrimus	N0.HOG0009534	-1	0.16829	contraction	FALSE
Anoplius_nigerrimus	N0.HOG0009546	-1	0.16829	contraction	FALSE
Anoplius_nigerrimus	N0.HOG0009548	-1	0.16829	contraction	FALSE
Anoplius_nigerrimus	N0.HOG0009558	-1	0.16829	contraction	FALSE
Anoplius_nigerrimus	N0.HOG0009561	-1	0.16829	contraction	FALSE
Anoplius_nigerrimus	N0.HOG0009574	-1	0.16829	contraction	FALSE
Anoplius_nigerrimus	N0.HOG0009593	-1	0.16829	contraction	FALSE
Anoplius_nigerrimus	N0.HOG0009604	-1	0.16829	contraction	FALSE
Anoplius_nigerrimus	N0.HOG0009617	-1	0.16829	contraction	FALSE
Anoplius_nigerrimus	N0.HOG0009657	-1	0.16829	contraction	FALSE
Anoplius_nigerrimus	N0.HOG0009661	-1	0.16829	contraction	FALSE
Anoplius_nigerrimus	N0.HOG0009663	-1	0.16829	contraction	FALSE
Anoplius_nigerrimus	N0.HOG0009672	-1	0.16829	contraction	FALSE
Anoplius_nigerrimus	N0.HOG0009708	-1	0.16829	contraction	FALSE
Anoplius_nigerrimus	N0.HOG0009732	-1	0.16829	contraction	FALSE
Anoplius_nigerrimus	N0.HOG0009735	-1	0.16829	contraction	FALSE
Anoplius_nigerrimus	N0.HOG0009823	-1	0.16829	contraction	FALSE
Anoplius_nigerrimus	N0.HOG0009832	-1	0.16829	contraction	FALSE
Anoplius_nigerrimus	N0.HOG0009834	-1	0.16829	contraction	FALSE
Anoplius_nigerrimus	N0.HOG0009835	-1	0.16829	contraction	FALSE
Anoplius_nigerrimus	N0.HOG0009857	-1	0.16829	contraction	FALSE
Anoplius_nigerrimus	N0.HOG0009875	-1	0.16829	contraction	FALSE
Anoplius_nigerrimus	N0.HOG0009898	-1	0.16829	contraction	FALSE
Anoplius_nigerrimus	N0.HOG0009953	-1	0.16829	contraction	FALSE
Anoplius_nigerrimus	N0.HOG0009993	-1	0.16829	contraction	FALSE
Anoplius_nigerrimus	N0.HOG0010012	-1	0.16829	contraction	FALSE
Anoplius_nigerrimus	N0.HOG0010016	-1	0.16829	contraction	FALSE
Anoplius_nigerrimus	N0.HOG0010019	-1	0.16829	contraction	FALSE
Anoplius_nigerrimus	N0.HOG0010028	-1	0.16829	contraction	FALSE
Anoplius_nigerrimus	N0.HOG0010120	-1	0.16829	contraction	FALSE
Anoplius_nigerrimus	N0.HOG0010189	-1	0.16829	contraction	FALSE
Anoplius_nigerrimus	N0.HOG0010226	-1	0.16829	contraction	FALSE
Anoplius_nigerrimus	N0.HOG0010279	-1	0.16829	contraction	FALSE
Anoplius_nigerrimus	N0.HOG0010338	-1	0.16829	contraction	FALSE
Anoplius_nigerrimus	N0.HOG0010449	-1	0.16829	contraction	FALSE
Anoplius_nigerrimus	N0.HOG0010546	-1	0.16829	contraction	FALSE
Anoplius_nigerrimus	N0.HOG0010547	-1	0.16829	contraction	FALSE
Anoplius_nigerrimus	N0.HOG0010566	-1	0.16829	contraction	FALSE
Anoplius_nigerrimus	N0.HOG0010604	-1	0.16829	contraction	FALSE
Anoplius_nigerrimus	N0.HOG0010673	-1	0.16829	contraction	FALSE
Anoplius_nigerrimus	N0.HOG0010810	-1	0.16829	contraction	FALSE
Anoplius_nigerrimus	N0.HOG0010817	-1	0.16829	contraction	FALSE
Anoplius_nigerrimus	N0.HOG0010866	-1	0.16829	contraction	FALSE
Anoplius_nigerrimus	N0.HOG0010971	-1	0.16829	contraction	FALSE
Anoplius_nigerrimus	N0.HOG0010975	-1	0.16829	contraction	FALSE
Anoplius_nigerrimus	N0.HOG0011094	-1	0.16829	contraction	FALSE
Anoplius_nigerrimus	N0.HOG0011218	-1	0.16829	contraction	FALSE
Anoplius_nigerrimus	N0.HOG0011366	-1	0.16829	contraction	FALSE
Anoplius_nigerrimus	N0.HOG0011475	-1	0.16829	contraction	FALSE
Anoplius_nigerrimus	N0.HOG0011499	-1	0.16829	contraction	FALSE
Anoplius_nigerrimus	N0.HOG0011508	-1	0.16829	contraction	FALSE
Anoplius_nigerrimus	N0.HOG0011661	-1	0.16829	contraction	FALSE
Anoplius_nigerrimus	N0.HOG0011775	-1	0.16829	contraction	FALSE
Anoplius_nigerrimus	N0.HOG0011956	-1	0.16829	contraction	FALSE
Anoplius_nigerrimus	N0.HOG0012216	-1	0.16829	contraction	FALSE
Anoplius_nigerrimus	N0.HOG0012643	-1	0.16829	contraction	FALSE
Anoplius_nigerrimus	N0.HOG0012652	-1	0.16829	contraction	FALSE
Anoplius_nigerrimus	N0.HOG0012687	-1	0.16829	contraction	FALSE
Anoplius_nigerrimus	N0.HOG0013281	-1	0.16829	contraction	FALSE
Anoplius_nigerrimus	N0.HOG0013479	-1	0.16829	contraction	FALSE
Anoplius_nigerrimus	N0.HOG0015154	-1	0.16829	contraction	FALSE
Anoplius_nigerrimus	N0.HOG0015161	-1	0.16829	contraction	FALSE
Anoplius_nigerrimus	N0.HOG0016956	-1	0.16829	contraction	FALSE
Anoplius_nigerrimus	N0.HOG0016968	-1	0.16829	contraction	FALSE
Anoplius_nigerrimus	N0.HOG0017441	-1	0.16829	contraction	FALSE
Anoplius_nigerrimus	N0.HOG0000048	1	0.178082	expansion	FALSE
Anoplius_nigerrimus	N0.HOG0000061	1	0.178082	expansion	FALSE
Anoplius_nigerrimus	N0.HOG0000114	1	0.178082	expansion	FALSE
Anoplius_nigerrimus	N0.HOG0000373	1	0.178082	expansion	FALSE
Anoplius_nigerrimus	N0.HOG0000224	1	0.229953	expansion	FALSE
Anoplius_nigerrimus	N0.HOG0000069	1	0.276188	expansion	FALSE
Anoplius_nigerrimus	N0.HOG0000089	-1	0.288995	contraction	FALSE
Anoplius_nigerrimus	N0.HOG0000163	-1	0.288995	contraction	FALSE
Anoplius_nigerrimus	N0.HOG0000179	-1	0.288995	contraction	FALSE
Anoplius_nigerrimus	N0.HOG0000183	-1	0.288995	contraction	FALSE
Anoplius_nigerrimus	N0.HOG0000222	-1	0.288995	contraction	FALSE
Anoplius_nigerrimus	N0.HOG0000223	-1	0.288995	contraction	FALSE
Anoplius_nigerrimus	N0.HOG0000244	-1	0.288995	contraction	FALSE
Anoplius_nigerrimus	N0.HOG0000262	-1	0.288995	contraction	FALSE
Anoplius_nigerrimus	N0.HOG0000301	-1	0.288995	contraction	FALSE
Anoplius_nigerrimus	N0.HOG0000349	-1	0.288995	contraction	FALSE
Anoplius_nigerrimus	N0.HOG0000350	-1	0.288995	contraction	FALSE
Anoplius_nigerrimus	N0.HOG0000531	-1	0.288995	contraction	FALSE
Anoplius_nigerrimus	N0.HOG0000614	-1	0.288995	contraction	FALSE
Anoplius_nigerrimus	N0.HOG0000618	-1	0.288995	contraction	FALSE
Anoplius_nigerrimus	N0.HOG0000619	-1	0.288995	contraction	FALSE
Anoplius_nigerrimus	N0.HOG0000631	-1	0.288995	contraction	FALSE
Anoplius_nigerrimus	N0.HOG0000646	-1	0.288995	contraction	FALSE
Anoplius_nigerrimus	N0.HOG0000851	-1	0.288995	contraction	FALSE
Anoplius_nigerrimus	N0.HOG0000889	-1	0.288995	contraction	FALSE
Anoplius_nigerrimus	N0.HOG0000906	-1	0.288995	contraction	FALSE
Anoplius_nigerrimus	N0.HOG0000039	1	0.317055	expansion	FALSE
Anoplius_nigerrimus	N0.HOG0000055	1	0.317055	expansion	FALSE
Anoplius_nigerrimus	N0.HOG0000159	1	0.317055	expansion	FALSE
Anoplius_nigerrimus	N0.HOG0000097	-1	0.377743	contraction	FALSE
Anoplius_nigerrimus	N0.HOG0000121	-1	0.377743	contraction	FALSE
Anoplius_nigerrimus	N0.HOG0000162	-1	0.377743	contraction	FALSE
Anoplius_nigerrimus	N0.HOG0000236	-1	0.377743	contraction	FALSE
Anoplius_nigerrimus	N0.HOG0000036	-1	0.444645	contraction	FALSE
Anoplius_nigerrimus	N0.HOG0000059	-1	0.444645	contraction	FALSE
Anoplius_nigerrimus	N0.HOG0000100	-1	0.444645	contraction	FALSE
Anoplius_nigerrimus	N0.HOG0000113	-1	0.444645	contraction	FALSE
Dolichovespula_media	N0.HOG0000963	2		expansion	FALSE
Dolichovespula_media	N0.HOG0001088	2		expansion	FALSE
Dolichovespula_media	N0.HOG0001121	2		expansion	FALSE
Dolichovespula_media	N0.HOG0001420	2		expansion	FALSE
Dolichovespula_media	N0.HOG0002431	2		expansion	FALSE
Dolichovespula_media	N0.HOG0002755	2		expansion	FALSE
Dolichovespula_media	N0.HOG0002815	2		expansion	FALSE
Dolichovespula_media	N0.HOG0005130	2		expansion	FALSE
Dolichovespula_media	N0.HOG0007126	2		expansion	FALSE
Dolichovespula_media	N0.HOG0000109	1		expansion	FALSE
Dolichovespula_media	N0.HOG0000127	1		expansion	FALSE
Dolichovespula_media	N0.HOG0000132	1		expansion	FALSE
Dolichovespula_media	N0.HOG0000167	1		expansion	FALSE
Dolichovespula_media	N0.HOG0000208	1		expansion	FALSE
Dolichovespula_media	N0.HOG0000230	1		expansion	FALSE
Dolichovespula_media	N0.HOG0000314	1		expansion	FALSE
Dolichovespula_media	N0.HOG0000325	1		expansion	FALSE
Dolichovespula_media	N0.HOG0000326	1		expansion	FALSE
Dolichovespula_media	N0.HOG0000386	1		expansion	FALSE
Dolichovespula_media	N0.HOG0000398	1		expansion	FALSE
Dolichovespula_media	N0.HOG0000479	1		expansion	FALSE
Dolichovespula_media	N0.HOG0000551	1		expansion	FALSE
Dolichovespula_media	N0.HOG0000656	1		expansion	FALSE
Dolichovespula_media	N0.HOG0000829	1		expansion	FALSE
Dolichovespula_media	N0.HOG0000845	1		expansion	FALSE
Dolichovespula_media	N0.HOG0000929	1		expansion	FALSE
Dolichovespula_media	N0.HOG0000950	1		expansion	FALSE
Dolichovespula_media	N0.HOG0001028	1		expansion	FALSE
Dolichovespula_media	N0.HOG0001083	1		expansion	FALSE
Dolichovespula_media	N0.HOG0001152	1		expansion	FALSE
Dolichovespula_media	N0.HOG0001223	1		expansion	FALSE
Dolichovespula_media	N0.HOG0001231	1		expansion	FALSE
Dolichovespula_media	N0.HOG0001268	1		expansion	FALSE
Dolichovespula_media	N0.HOG0001357	1		expansion	FALSE
Dolichovespula_media	N0.HOG0001359	1		expansion	FALSE
Dolichovespula_media	N0.HOG0001427	1		expansion	FALSE
Dolichovespula_media	N0.HOG0001454	1		expansion	FALSE
Dolichovespula_media	N0.HOG0001513	1		expansion	FALSE
Dolichovespula_media	N0.HOG0001535	1		expansion	FALSE
Dolichovespula_media	N0.HOG0001614	1		expansion	FALSE
Dolichovespula_media	N0.HOG0001635	1		expansion	FALSE
Dolichovespula_media	N0.HOG0001643	1		expansion	FALSE
Dolichovespula_media	N0.HOG0001646	1		expansion	FALSE
Dolichovespula_media	N0.HOG0001692	1		expansion	FALSE
Dolichovespula_media	N0.HOG0001702	1		expansion	FALSE
Dolichovespula_media	N0.HOG0001765	1		expansion	FALSE
Dolichovespula_media	N0.HOG0001767	1		expansion	FALSE
Dolichovespula_media	N0.HOG0001810	1		expansion	FALSE
Dolichovespula_media	N0.HOG0001819	1		expansion	FALSE
Dolichovespula_media	N0.HOG0001841	1		expansion	FALSE
Dolichovespula_media	N0.HOG0001845	1		expansion	FALSE
Dolichovespula_media	N0.HOG0001860	1		expansion	FALSE
Dolichovespula_media	N0.HOG0001884	1		expansion	FALSE
Dolichovespula_media	N0.HOG0001913	1		expansion	FALSE
Dolichovespula_media	N0.HOG0001924	1		expansion	FALSE
Dolichovespula_media	N0.HOG0001940	1		expansion	FALSE
Dolichovespula_media	N0.HOG0001941	1		expansion	FALSE
Dolichovespula_media	N0.HOG0001944	1		expansion	FALSE
Dolichovespula_media	N0.HOG0001965	1		expansion	FALSE
Dolichovespula_media	N0.HOG0001968	1		expansion	FALSE
Dolichovespula_media	N0.HOG0002026	1		expansion	FALSE
Dolichovespula_media	N0.HOG0002035	1		expansion	FALSE
Dolichovespula_media	N0.HOG0002077	1		expansion	FALSE
Dolichovespula_media	N0.HOG0002080	1		expansion	FALSE
Dolichovespula_media	N0.HOG0002102	1		expansion	FALSE
Dolichovespula_media	N0.HOG0002174	1		expansion	FALSE
Dolichovespula_media	N0.HOG0002184	1		expansion	FALSE
Dolichovespula_media	N0.HOG0002188	1		expansion	FALSE
Dolichovespula_media	N0.HOG0002192	1		expansion	FALSE
Dolichovespula_media	N0.HOG0002206	1		expansion	FALSE
Dolichovespula_media	N0.HOG0002252	1		expansion	FALSE
Dolichovespula_media	N0.HOG0002282	1		expansion	FALSE
Dolichovespula_media	N0.HOG0002325	1		expansion	FALSE
Dolichovespula_media	N0.HOG0002368	1		expansion	FALSE
Dolichovespula_media	N0.HOG0002384	1		expansion	FALSE
Dolichovespula_media	N0.HOG0002437	1		expansion	FALSE
Dolichovespula_media	N0.HOG0002518	1		expansion	FALSE
Dolichovespula_media	N0.HOG0002537	1		expansion	FALSE
Dolichovespula_media	N0.HOG0002559	1		expansion	FALSE
Dolichovespula_media	N0.HOG0002566	1		expansion	FALSE
Dolichovespula_media	N0.HOG0002580	1		expansion	FALSE
Dolichovespula_media	N0.HOG0002581	1		expansion	FALSE
Dolichovespula_media	N0.HOG0002590	1		expansion	FALSE
Dolichovespula_media	N0.HOG0002637	1		expansion	FALSE
Dolichovespula_media	N0.HOG0002754	1		expansion	FALSE
Dolichovespula_media	N0.HOG0002872	1		expansion	FALSE
Dolichovespula_media	N0.HOG0003031	1		expansion	FALSE
Dolichovespula_media	N0.HOG0003081	1		expansion	FALSE
Dolichovespula_media	N0.HOG0003106	1		expansion	FALSE
Dolichovespula_media	N0.HOG0003134	1		expansion	FALSE
Dolichovespula_media	N0.HOG0003153	1		expansion	FALSE
Dolichovespula_media	N0.HOG0003192	1		expansion	FALSE
Dolichovespula_media	N0.HOG0003225	1		expansion	FALSE
Dolichovespula_media	N0.HOG0003237	1		expansion	FALSE
Dolichovespula_media	N0.HOG0003262	1		expansion	FALSE
Dolichovespula_media	N0.HOG0003367	1		expansion	FALSE
Dolichovespula_media	N0.HOG0003375	1		expansion	FALSE
Dolichovespula_media	N0.HOG0003377	1		expansion	FALSE
Dolichovespula_media	N0.HOG0003504	1		expansion	FALSE
Dolichovespula_media	N0.HOG0003510	1		expansion	FALSE
Dolichovespula_media	N0.HOG0003574	1		expansion	FALSE
Dolichovespula_media	N0.HOG0003584	1		expansion	FALSE
Dolichovespula_media	N0.HOG0003647	1		expansion	FALSE
Dolichovespula_media	N0.HOG0003661	1		expansion	FALSE
Dolichovespula_media	N0.HOG0003768	1		expansion	FALSE
Dolichovespula_media	N0.HOG0003893	1		expansion	FALSE
Dolichovespula_media	N0.HOG0003896	1		expansion	FALSE
Dolichovespula_media	N0.HOG0003975	1		expansion	FALSE
Dolichovespula_media	N0.HOG0004054	1		expansion	FALSE
Dolichovespula_media	N0.HOG0004127	1		expansion	FALSE
Dolichovespula_media	N0.HOG0004148	1		expansion	FALSE
Dolichovespula_media	N0.HOG0004341	1		expansion	FALSE
Dolichovespula_media	N0.HOG0004390	1		expansion	FALSE
Dolichovespula_media	N0.HOG0004391	1		expansion	FALSE
Dolichovespula_media	N0.HOG0004430	1		expansion	FALSE
Dolichovespula_media	N0.HOG0004574	1		expansion	FALSE
Dolichovespula_media	N0.HOG0004609	1		expansion	FALSE
Dolichovespula_media	N0.HOG0004694	1		expansion	FALSE
Dolichovespula_media	N0.HOG0004942	1		expansion	FALSE
Dolichovespula_media	N0.HOG0005121	1		expansion	FALSE
Dolichovespula_media	N0.HOG0005140	1		expansion	FALSE
Dolichovespula_media	N0.HOG0005151	1		expansion	FALSE
Dolichovespula_media	N0.HOG0005415	1		expansion	FALSE
Dolichovespula_media	N0.HOG0005596	1		expansion	FALSE
Dolichovespula_media	N0.HOG0005602	1		expansion	FALSE
Dolichovespula_media	N0.HOG0005650	1		expansion	FALSE
Dolichovespula_media	N0.HOG0005731	1		expansion	FALSE
Dolichovespula_media	N0.HOG0005918	1		expansion	FALSE
Dolichovespula_media	N0.HOG0005995	1		expansion	FALSE
Dolichovespula_media	N0.HOG0006127	1		expansion	FALSE
Dolichovespula_media	N0.HOG0006216	1		expansion	FALSE
Dolichovespula_media	N0.HOG0006372	1		expansion	FALSE
Dolichovespula_media	N0.HOG0006500	1		expansion	FALSE
Dolichovespula_media	N0.HOG0006667	1		expansion	FALSE
Dolichovespula_media	N0.HOG0006708	1		expansion	FALSE
Dolichovespula_media	N0.HOG0006729	1		expansion	FALSE
Dolichovespula_media	N0.HOG0006824	1		expansion	FALSE
Dolichovespula_media	N0.HOG0006958	1		expansion	FALSE
Dolichovespula_media	N0.HOG0007281	1		expansion	FALSE
Dolichovespula_media	N0.HOG0007419	1		expansion	FALSE
Dolichovespula_media	N0.HOG0007727	1		expansion	FALSE
Dolichovespula_media	N0.HOG0007861	1		expansion	FALSE
Dolichovespula_media	N0.HOG0008053	1		expansion	FALSE
Dolichovespula_media	N0.HOG0008635	1		expansion	FALSE
Dolichovespula_media	N0.HOG0008821	1		expansion	FALSE
Dolichovespula_media	N0.HOG0009141	1		expansion	FALSE
Dolichovespula_media	N0.HOG0009196	1		expansion	FALSE
Dolichovespula_media	N0.HOG0009384	1		expansion	FALSE
Dolichovespula_media	N0.HOG0009497	1		expansion	FALSE
Dolichovespula_media	N0.HOG0009504	1		expansion	FALSE
Dolichovespula_media	N0.HOG0009730	1		expansion	FALSE
Dolichovespula_media	N0.HOG0000021	-1		contraction	FALSE
Dolichovespula_media	N0.HOG0000115	-1		contraction	FALSE
Dolichovespula_media	N0.HOG0000217	-1		contraction	FALSE
Dolichovespula_media	N0.HOG0000240	-1		contraction	FALSE
Dolichovespula_media	N0.HOG0000288	-1		contraction	FALSE
Dolichovespula_media	N0.HOG0000313	-1		contraction	FALSE
Dolichovespula_media	N0.HOG0000335	-1		contraction	FALSE
Dolichovespula_media	N0.HOG0000410	-1		contraction	FALSE
Dolichovespula_media	N0.HOG0000446	-1		contraction	FALSE
Dolichovespula_media	N0.HOG0000457	-1		contraction	FALSE
Dolichovespula_media	N0.HOG0000493	-1		contraction	FALSE
Dolichovespula_media	N0.HOG0000523	-1		contraction	FALSE
Dolichovespula_media	N0.HOG0000532	-1		contraction	FALSE
Dolichovespula_media	N0.HOG0000538	-1		contraction	FALSE
Dolichovespula_media	N0.HOG0000539	-1		contraction	FALSE
Dolichovespula_media	N0.HOG0000544	-1		contraction	FALSE
Dolichovespula_media	N0.HOG0000562	-1		contraction	FALSE
Dolichovespula_media	N0.HOG0000586	-1		contraction	FALSE
Dolichovespula_media	N0.HOG0000608	-1		contraction	FALSE
Dolichovespula_media	N0.HOG0000610	-1		contraction	FALSE
Dolichovespula_media	N0.HOG0000612	-1		contraction	FALSE
Dolichovespula_media	N0.HOG0000613	-1		contraction	FALSE
Dolichovespula_media	N0.HOG0000615	-1		contraction	FALSE
Dolichovespula_media	N0.HOG0000621	-1		contraction	FALSE
Dolichovespula_media	N0.HOG0000632	-1		contraction	FALSE
Dolichovespula_media	N0.HOG0000655	-1		contraction	FALSE
Dolichovespula_media	N0.HOG0000664	-1		contraction	FALSE
Dolichovespula_media	N0.HOG0000671	-1		contraction	FALSE
Dolichovespula_media	N0.HOG0000675	-1		contraction	FALSE
Dolichovespula_media	N0.HOG0000677	-1		contraction	FALSE
Dolichovespula_media	N0.HOG0000701	-1		contraction	FALSE
Dolichovespula_media	N0.HOG0000710	-1		contraction	FALSE
Dolichovespula_media	N0.HOG0000730	-1		contraction	FALSE
Dolichovespula_media	N0.HOG0000737	-1		contraction	FALSE
Dolichovespula_media	N0.HOG0000739	-1		contraction	FALSE
Dolichovespula_media	N0.HOG0000875	-1		contraction	FALSE
Dolichovespula_media	N0.HOG0000985	-1		contraction	FALSE
Dolichovespula_media	N0.HOG0000994	-1		contraction	FALSE
Dolichovespula_media	N0.HOG0001005	-1		contraction	FALSE
Dolichovespula_media	N0.HOG0001021	-1		contraction	FALSE
Dolichovespula_media	N0.HOG0001046	-1		contraction	FALSE
Dolichovespula_media	N0.HOG0001077	-1		contraction	FALSE
Dolichovespula_media	N0.HOG0001198	-1		contraction	FALSE
Dolichovespula_media	N0.HOG0001218	-1		contraction	FALSE
Dolichovespula_media	N0.HOG0001255	-1		contraction	FALSE
Dolichovespula_media	N0.HOG0001446	-1		contraction	FALSE
Dolichovespula_media	N0.HOG0001468	-1		contraction	FALSE
Dolichovespula_media	N0.HOG0001473	-1		contraction	FALSE
Dolichovespula_media	N0.HOG0001520	-1		contraction	FALSE
Dolichovespula_media	N0.HOG0001526	-1		contraction	FALSE
Dolichovespula_media	N0.HOG0001544	-1		contraction	FALSE
Dolichovespula_media	N0.HOG0001585	-1		contraction	FALSE
Dolichovespula_media	N0.HOG0001653	-1		contraction	FALSE
Dolichovespula_media	N0.HOG0001681	-1		contraction	FALSE
Dolichovespula_media	N0.HOG0001709	-1		contraction	FALSE
Dolichovespula_media	N0.HOG0001820	-1		contraction	FALSE
Dolichovespula_media	N0.HOG0002129	-1		contraction	FALSE
Dolichovespula_media	N0.HOG0002211	-1		contraction	FALSE
Dolichovespula_media	N0.HOG0002249	-1		contraction	FALSE
Dolichovespula_media	N0.HOG0002315	-1		contraction	FALSE
Dolichovespula_media	N0.HOG0002394	-1		contraction	FALSE
Dolichovespula_media	N0.HOG0002422	-1		contraction	FALSE
Dolichovespula_media	N0.HOG0002515	-1		contraction	FALSE
Dolichovespula_media	N0.HOG0002524	-1		contraction	FALSE
Dolichovespula_media	N0.HOG0002563	-1		contraction	FALSE
Dolichovespula_media	N0.HOG0002591	-1		contraction	FALSE
Dolichovespula_media	N0.HOG0002593	-1		contraction	FALSE
Dolichovespula_media	N0.HOG0002672	-1		contraction	FALSE
Dolichovespula_media	N0.HOG0002695	-1		contraction	FALSE
Dolichovespula_media	N0.HOG0002698	-1		contraction	FALSE
Dolichovespula_media	N0.HOG0002764	-1		contraction	FALSE
Dolichovespula_media	N0.HOG0002799	-1		contraction	FALSE
Dolichovespula_media	N0.HOG0002845	-1		contraction	FALSE
Dolichovespula_media	N0.HOG0002884	-1		contraction	FALSE
Dolichovespula_media	N0.HOG0002894	-1		contraction	FALSE
Dolichovespula_media	N0.HOG0002903	-1		contraction	FALSE
Dolichovespula_media	N0.HOG0002906	-1		contraction	FALSE
Dolichovespula_media	N0.HOG0002997	-1		contraction	FALSE
Dolichovespula_media	N0.HOG0003041	-1		contraction	FALSE
Dolichovespula_media	N0.HOG0003117	-1		contraction	FALSE
Dolichovespula_media	N0.HOG0003202	-1		contraction	FALSE
Dolichovespula_media	N0.HOG0003206	-1		contraction	FALSE
Dolichovespula_media	N0.HOG0003294	-1		contraction	FALSE
Dolichovespula_media	N0.HOG0003313	-1		contraction	FALSE
Dolichovespula_media	N0.HOG0003324	-1		contraction	FALSE
Dolichovespula_media	N0.HOG0003411	-1		contraction	FALSE
Dolichovespula_media	N0.HOG0003414	-1		contraction	FALSE
Dolichovespula_media	N0.HOG0003531	-1		contraction	FALSE
Dolichovespula_media	N0.HOG0003532	-1		contraction	FALSE
Dolichovespula_media	N0.HOG0003564	-1		contraction	FALSE
Dolichovespula_media	N0.HOG0003567	-1		contraction	FALSE
Dolichovespula_media	N0.HOG0003832	-1		contraction	FALSE
Dolichovespula_media	N0.HOG0003910	-1		contraction	FALSE
Dolichovespula_media	N0.HOG0003947	-1		contraction	FALSE
Dolichovespula_media	N0.HOG0004061	-1		contraction	FALSE
Dolichovespula_media	N0.HOG0004085	-1		contraction	FALSE
Dolichovespula_media	N0.HOG0004159	-1		contraction	FALSE
Dolichovespula_media	N0.HOG0004189	-1		contraction	FALSE
Dolichovespula_media	N0.HOG0004271	-1		contraction	FALSE
Dolichovespula_media	N0.HOG0004293	-1		contraction	FALSE
Dolichovespula_media	N0.HOG0004340	-1		contraction	FALSE
Dolichovespula_media	N0.HOG0004364	-1		contraction	FALSE
Dolichovespula_media	N0.HOG0004423	-1		contraction	FALSE
Dolichovespula_media	N0.HOG0004469	-1		contraction	FALSE
Dolichovespula_media	N0.HOG0004472	-1		contraction	FALSE
Dolichovespula_media	N0.HOG0004576	-1		contraction	FALSE
Dolichovespula_media	N0.HOG0004599	-1		contraction	FALSE
Dolichovespula_media	N0.HOG0004802	-1		contraction	FALSE
Dolichovespula_media	N0.HOG0004821	-1		contraction	FALSE
Dolichovespula_media	N0.HOG0004911	-1		contraction	FALSE
Dolichovespula_media	N0.HOG0004912	-1		contraction	FALSE
Dolichovespula_media	N0.HOG0004945	-1		contraction	FALSE
Dolichovespula_media	N0.HOG0004948	-1		contraction	FALSE
Dolichovespula_media	N0.HOG0004994	-1		contraction	FALSE
Dolichovespula_media	N0.HOG0005112	-1		contraction	FALSE
Dolichovespula_media	N0.HOG0005156	-1		contraction	FALSE
Dolichovespula_media	N0.HOG0005157	-1		contraction	FALSE
Dolichovespula_media	N0.HOG0005159	-1		contraction	FALSE
Dolichovespula_media	N0.HOG0005202	-1		contraction	FALSE
Dolichovespula_media	N0.HOG0005227	-1		contraction	FALSE
Dolichovespula_media	N0.HOG0005343	-1		contraction	FALSE
Dolichovespula_media	N0.HOG0005351	-1		contraction	FALSE
Dolichovespula_media	N0.HOG0005367	-1		contraction	FALSE
Dolichovespula_media	N0.HOG0005398	-1		contraction	FALSE
Dolichovespula_media	N0.HOG0005460	-1		contraction	FALSE
Dolichovespula_media	N0.HOG0005481	-1		contraction	FALSE
Dolichovespula_media	N0.HOG0005482	-1		contraction	FALSE
Dolichovespula_media	N0.HOG0005584	-1		contraction	FALSE
Dolichovespula_media	N0.HOG0005585	-1		contraction	FALSE
Dolichovespula_media	N0.HOG0005589	-1		contraction	FALSE
Dolichovespula_media	N0.HOG0005593	-1		contraction	FALSE
Dolichovespula_media	N0.HOG0005594	-1		contraction	FALSE
Dolichovespula_media	N0.HOG0005738	-1		contraction	FALSE
Dolichovespula_media	N0.HOG0005752	-1		contraction	FALSE
Dolichovespula_media	N0.HOG0005780	-1		contraction	FALSE
Dolichovespula_media	N0.HOG0005802	-1		contraction	FALSE
Dolichovespula_media	N0.HOG0005835	-1		contraction	FALSE
Dolichovespula_media	N0.HOG0005939	-1		contraction	FALSE
Dolichovespula_media	N0.HOG0005942	-1		contraction	FALSE
Dolichovespula_media	N0.HOG0005968	-1		contraction	FALSE
Dolichovespula_media	N0.HOG0005971	-1		contraction	FALSE
Dolichovespula_media	N0.HOG0005993	-1		contraction	FALSE
Dolichovespula_media	N0.HOG0006009	-1		contraction	FALSE
Dolichovespula_media	N0.HOG0006041	-1		contraction	FALSE
Dolichovespula_media	N0.HOG0006056	-1		contraction	FALSE
Dolichovespula_media	N0.HOG0006057	-1		contraction	FALSE
Dolichovespula_media	N0.HOG0006071	-1		contraction	FALSE
Dolichovespula_media	N0.HOG0006072	-1		contraction	FALSE
Dolichovespula_media	N0.HOG0006084	-1		contraction	FALSE
Dolichovespula_media	N0.HOG0006191	-1		contraction	FALSE
Dolichovespula_media	N0.HOG0006200	-1		contraction	FALSE
Dolichovespula_media	N0.HOG0006247	-1		contraction	FALSE
Dolichovespula_media	N0.HOG0006321	-1		contraction	FALSE
Dolichovespula_media	N0.HOG0006392	-1		contraction	FALSE
Dolichovespula_media	N0.HOG0006393	-1		contraction	FALSE
Dolichovespula_media	N0.HOG0006396	-1		contraction	FALSE
Dolichovespula_media	N0.HOG0006407	-1		contraction	FALSE
Dolichovespula_media	N0.HOG0006461	-1		contraction	FALSE
Dolichovespula_media	N0.HOG0006533	-1		contraction	FALSE
Dolichovespula_media	N0.HOG0006537	-1		contraction	FALSE
Dolichovespula_media	N0.HOG0006542	-1		contraction	FALSE
Dolichovespula_media	N0.HOG0006578	-1		contraction	FALSE
Dolichovespula_media	N0.HOG0006585	-1		contraction	FALSE
Dolichovespula_media	N0.HOG0006670	-1		contraction	FALSE
Dolichovespula_media	N0.HOG0006687	-1		contraction	FALSE
Dolichovespula_media	N0.HOG0006692	-1		contraction	FALSE
Dolichovespula_media	N0.HOG0006725	-1		contraction	FALSE
Dolichovespula_media	N0.HOG0006738	-1		contraction	FALSE
Dolichovespula_media	N0.HOG0006785	-1		contraction	FALSE
Dolichovespula_media	N0.HOG0006787	-1		contraction	FALSE
Dolichovespula_media	N0.HOG0006842	-1		contraction	FALSE
Dolichovespula_media	N0.HOG0006875	-1		contraction	FALSE
Dolichovespula_media	N0.HOG0006888	-1		contraction	FALSE
Dolichovespula_media	N0.HOG0006889	-1		contraction	FALSE
Dolichovespula_media	N0.HOG0006908	-1		contraction	FALSE
Dolichovespula_media	N0.HOG0006917	-1		contraction	FALSE
Dolichovespula_media	N0.HOG0006940	-1		contraction	FALSE
Dolichovespula_media	N0.HOG0006956	-1		contraction	FALSE
Dolichovespula_media	N0.HOG0006961	-1		contraction	FALSE
Dolichovespula_media	N0.HOG0007016	-1		contraction	FALSE
Dolichovespula_media	N0.HOG0007032	-1		contraction	FALSE
Dolichovespula_media	N0.HOG0007046	-1		contraction	FALSE
Dolichovespula_media	N0.HOG0007047	-1		contraction	FALSE
Dolichovespula_media	N0.HOG0007059	-1		contraction	FALSE
Dolichovespula_media	N0.HOG0007060	-1		contraction	FALSE
Dolichovespula_media	N0.HOG0007090	-1		contraction	FALSE
Dolichovespula_media	N0.HOG0007106	-1		contraction	FALSE
Dolichovespula_media	N0.HOG0007150	-1		contraction	FALSE
Dolichovespula_media	N0.HOG0007168	-1		contraction	FALSE
Dolichovespula_media	N0.HOG0007198	-1		contraction	FALSE
Dolichovespula_media	N0.HOG0007214	-1		contraction	FALSE
Dolichovespula_media	N0.HOG0007235	-1		contraction	FALSE
Dolichovespula_media	N0.HOG0007250	-1		contraction	FALSE
Dolichovespula_media	N0.HOG0007255	-1		contraction	FALSE
Dolichovespula_media	N0.HOG0007278	-1		contraction	FALSE
Dolichovespula_media	N0.HOG0007282	-1		contraction	FALSE
Dolichovespula_media	N0.HOG0007294	-1		contraction	FALSE
Dolichovespula_media	N0.HOG0007317	-1		contraction	FALSE
Dolichovespula_media	N0.HOG0007336	-1		contraction	FALSE
Dolichovespula_media	N0.HOG0007345	-1		contraction	FALSE
Dolichovespula_media	N0.HOG0007390	-1		contraction	FALSE
Dolichovespula_media	N0.HOG0007392	-1		contraction	FALSE
Dolichovespula_media	N0.HOG0007393	-1		contraction	FALSE
Dolichovespula_media	N0.HOG0007403	-1		contraction	FALSE
Dolichovespula_media	N0.HOG0007435	-1		contraction	FALSE
Dolichovespula_media	N0.HOG0007445	-1		contraction	FALSE
Dolichovespula_media	N0.HOG0007451	-1		contraction	FALSE
Dolichovespula_media	N0.HOG0007468	-1		contraction	FALSE
Dolichovespula_media	N0.HOG0007491	-1		contraction	FALSE
Dolichovespula_media	N0.HOG0007516	-1		contraction	FALSE
Dolichovespula_media	N0.HOG0007534	-1		contraction	FALSE
Dolichovespula_media	N0.HOG0007541	-1		contraction	FALSE
Dolichovespula_media	N0.HOG0007542	-1		contraction	FALSE
Dolichovespula_media	N0.HOG0007558	-1		contraction	FALSE
Dolichovespula_media	N0.HOG0007581	-1		contraction	FALSE
Dolichovespula_media	N0.HOG0007586	-1		contraction	FALSE
Dolichovespula_media	N0.HOG0007608	-1		contraction	FALSE
Dolichovespula_media	N0.HOG0007640	-1		contraction	FALSE
Dolichovespula_media	N0.HOG0007668	-1		contraction	FALSE
Dolichovespula_media	N0.HOG0007674	-1		contraction	FALSE
Dolichovespula_media	N0.HOG0007678	-1		contraction	FALSE
Dolichovespula_media	N0.HOG0007680	-1		contraction	FALSE
Dolichovespula_media	N0.HOG0007683	-1		contraction	FALSE
Dolichovespula_media	N0.HOG0007697	-1		contraction	FALSE
Dolichovespula_media	N0.HOG0007703	-1		contraction	FALSE
Dolichovespula_media	N0.HOG0007708	-1		contraction	FALSE
Dolichovespula_media	N0.HOG0007719	-1		contraction	FALSE
Dolichovespula_media	N0.HOG0007722	-1		contraction	FALSE
Dolichovespula_media	N0.HOG0007732	-1		contraction	FALSE
Dolichovespula_media	N0.HOG0007743	-1		contraction	FALSE
Dolichovespula_media	N0.HOG0007757	-1		contraction	FALSE
Dolichovespula_media	N0.HOG0007827	-1		contraction	FALSE
Dolichovespula_media	N0.HOG0007831	-1		contraction	FALSE
Dolichovespula_media	N0.HOG0007832	-1		contraction	FALSE
Dolichovespula_media	N0.HOG0007884	-1		contraction	FALSE
Dolichovespula_media	N0.HOG0007900	-1		contraction	FALSE
Dolichovespula_media	N0.HOG0007913	-1		contraction	FALSE
Dolichovespula_media	N0.HOG0007942	-1		contraction	FALSE
Dolichovespula_media	N0.HOG0007943	-1		contraction	FALSE
Dolichovespula_media	N0.HOG0007994	-1		contraction	FALSE
Dolichovespula_media	N0.HOG0007995	-1		contraction	FALSE
Dolichovespula_media	N0.HOG0008032	-1		contraction	FALSE
Dolichovespula_media	N0.HOG0008042	-1		contraction	FALSE
Dolichovespula_media	N0.HOG0008044	-1		contraction	FALSE
Dolichovespula_media	N0.HOG0008067	-1		contraction	FALSE
Dolichovespula_media	N0.HOG0008102	-1		contraction	FALSE
Dolichovespula_media	N0.HOG0008103	-1		contraction	FALSE
Dolichovespula_media	N0.HOG0008119	-1		contraction	FALSE
Dolichovespula_media	N0.HOG0008122	-1		contraction	FALSE
Dolichovespula_media	N0.HOG0008130	-1		contraction	FALSE
Dolichovespula_media	N0.HOG0008141	-1		contraction	FALSE
Dolichovespula_media	N0.HOG0008163	-1		contraction	FALSE
Dolichovespula_media	N0.HOG0008195	-1		contraction	FALSE
Dolichovespula_media	N0.HOG0008268	-1		contraction	FALSE
Dolichovespula_media	N0.HOG0008280	-1		contraction	FALSE
Dolichovespula_media	N0.HOG0008282	-1		contraction	FALSE
Dolichovespula_media	N0.HOG0008297	-1		contraction	FALSE
Dolichovespula_media	N0.HOG0008300	-1		contraction	FALSE
Dolichovespula_media	N0.HOG0008312	-1		contraction	FALSE
Dolichovespula_media	N0.HOG0008322	-1		contraction	FALSE
Dolichovespula_media	N0.HOG0008324	-1		contraction	FALSE
Dolichovespula_media	N0.HOG0008395	-1		contraction	FALSE
Dolichovespula_media	N0.HOG0008401	-1		contraction	FALSE
Dolichovespula_media	N0.HOG0008423	-1		contraction	FALSE
Dolichovespula_media	N0.HOG0008425	-1		contraction	FALSE
Dolichovespula_media	N0.HOG0008466	-1		contraction	FALSE
Dolichovespula_media	N0.HOG0008478	-1		contraction	FALSE
Dolichovespula_media	N0.HOG0008484	-1		contraction	FALSE
Dolichovespula_media	N0.HOG0008521	-1		contraction	FALSE
Dolichovespula_media	N0.HOG0008557	-1		contraction	FALSE
Dolichovespula_media	N0.HOG0008594	-1		contraction	FALSE
Dolichovespula_media	N0.HOG0008596	-1		contraction	FALSE
Dolichovespula_media	N0.HOG0008601	-1		contraction	FALSE
Dolichovespula_media	N0.HOG0008605	-1		contraction	FALSE
Dolichovespula_media	N0.HOG0008611	-1		contraction	FALSE
Dolichovespula_media	N0.HOG0008637	-1		contraction	FALSE
Dolichovespula_media	N0.HOG0008663	-1		contraction	FALSE
Dolichovespula_media	N0.HOG0008674	-1		contraction	FALSE
Dolichovespula_media	N0.HOG0008675	-1		contraction	FALSE
Dolichovespula_media	N0.HOG0008693	-1		contraction	FALSE
Dolichovespula_media	N0.HOG0008706	-1		contraction	FALSE
Dolichovespula_media	N0.HOG0008717	-1		contraction	FALSE
Dolichovespula_media	N0.HOG0008737	-1		contraction	FALSE
Dolichovespula_media	N0.HOG0008739	-1		contraction	FALSE
Dolichovespula_media	N0.HOG0008745	-1		contraction	FALSE
Dolichovespula_media	N0.HOG0008755	-1		contraction	FALSE
Dolichovespula_media	N0.HOG0008779	-1		contraction	FALSE
Dolichovespula_media	N0.HOG0008783	-1		contraction	FALSE
Dolichovespula_media	N0.HOG0008794	-1		contraction	FALSE
Dolichovespula_media	N0.HOG0008798	-1		contraction	FALSE
Dolichovespula_media	N0.HOG0008804	-1		contraction	FALSE
Dolichovespula_media	N0.HOG0008806	-1		contraction	FALSE
Dolichovespula_media	N0.HOG0008853	-1		contraction	FALSE
Dolichovespula_media	N0.HOG0008934	-1		contraction	FALSE
Dolichovespula_media	N0.HOG0009023	-1		contraction	FALSE
Dolichovespula_media	N0.HOG0009054	-1		contraction	FALSE
Dolichovespula_media	N0.HOG0009110	-1		contraction	FALSE
Dolichovespula_media	N0.HOG0009210	-1		contraction	FALSE
Dolichovespula_media	N0.HOG0009243	-1		contraction	FALSE
Dolichovespula_media	N0.HOG0009423	-1		contraction	FALSE
Dolichovespula_media	N0.HOG0009620	-1		contraction	FALSE
Dolichovespula_media	N0.HOG0009946	-1		contraction	FALSE
Dolichovespula_media	N0.HOG0010468	-1		contraction	FALSE
Dolichovespula_media	N0.HOG0010603	-1		contraction	FALSE
Dolichovespula_media	N0.HOG0001592	5	2.60746e-08	expansion	TRUE
Dolichovespula_media	N0.HOG0004903	4	1.83911e-07	expansion	TRUE
Dolichovespula_media	N0.HOG0000159	3	2.87731e-05	expansion	TRUE
Dolichovespula_media	N0.HOG0000695	3	2.87731e-05	expansion	TRUE
Dolichovespula_media	N0.HOG0000639	3	8.42604e-05	expansion	TRUE
Dolichovespula_media	N0.HOG0001482	3	0.000190864	expansion	TRUE
Dolichovespula_media	N0.HOG0000922	2	0.00030315	expansion	TRUE
Dolichovespula_media	N0.HOG0001150	2	0.00030315	expansion	TRUE
Dolichovespula_media	N0.HOG0001248	2	0.00030315	expansion	TRUE
Dolichovespula_media	N0.HOG0001277	2	0.00030315	expansion	TRUE
Dolichovespula_media	N0.HOG0010019	2	0.00030315	expansion	TRUE
Dolichovespula_media	N0.HOG0000091	-2	0.000359163	contraction	TRUE
Dolichovespula_media	N0.HOG0000465	-2	0.000359163	contraction	TRUE
Dolichovespula_media	N0.HOG0001837	-2	0.000359163	contraction	TRUE
Dolichovespula_media	N0.HOG0000518	-2	0.00101438	contraction	TRUE
Dolichovespula_media	N0.HOG0000393	2	0.00148645	expansion	TRUE
Dolichovespula_media	N0.HOG0002342	2	0.00148645	expansion	TRUE
Dolichovespula_media	N0.HOG0000097	-2	0.00318206	contraction	TRUE
Dolichovespula_media	N0.HOG0000114	3	0.00408184	expansion	TRUE
Dolichovespula_media	N0.HOG0000058	-2	0.00637474	contraction	TRUE
Dolichovespula_media	N0.HOG0000733	1	0.0123078	expansion	TRUE
Dolichovespula_media	N0.HOG0000772	1	0.0123078	expansion	TRUE
Dolichovespula_media	N0.HOG0000787	1	0.0123078	expansion	TRUE
Dolichovespula_media	N0.HOG0000820	1	0.0123078	expansion	TRUE
Dolichovespula_media	N0.HOG0000867	1	0.0123078	expansion	TRUE
Dolichovespula_media	N0.HOG0000898	1	0.0123078	expansion	TRUE
Dolichovespula_media	N0.HOG0000911	1	0.0123078	expansion	TRUE
Dolichovespula_media	N0.HOG0000939	1	0.0123078	expansion	TRUE
Dolichovespula_media	N0.HOG0000942	1	0.0123078	expansion	TRUE
Dolichovespula_media	N0.HOG0000964	1	0.0123078	expansion	TRUE
Dolichovespula_media	N0.HOG0000983	1	0.0123078	expansion	TRUE
Dolichovespula_media	N0.HOG0000995	1	0.0123078	expansion	TRUE
Dolichovespula_media	N0.HOG0000996	1	0.0123078	expansion	TRUE
Dolichovespula_media	N0.HOG0001136	1	0.0123078	expansion	TRUE
Dolichovespula_media	N0.HOG0001171	1	0.0123078	expansion	TRUE
Dolichovespula_media	N0.HOG0001185	1	0.0123078	expansion	TRUE
Dolichovespula_media	N0.HOG0001200	1	0.0123078	expansion	TRUE
Dolichovespula_media	N0.HOG0001207	1	0.0123078	expansion	TRUE
Dolichovespula_media	N0.HOG0001221	1	0.0123078	expansion	TRUE
Dolichovespula_media	N0.HOG0001235	1	0.0123078	expansion	TRUE
Dolichovespula_media	N0.HOG0001240	1	0.0123078	expansion	TRUE
Dolichovespula_media	N0.HOG0001243	1	0.0123078	expansion	TRUE
Dolichovespula_media	N0.HOG0001264	1	0.0123078	expansion	TRUE
Dolichovespula_media	N0.HOG0001267	1	0.0123078	expansion	TRUE
Dolichovespula_media	N0.HOG0001295	1	0.0123078	expansion	TRUE
Dolichovespula_media	N0.HOG0001322	1	0.0123078	expansion	TRUE
Dolichovespula_media	N0.HOG0001362	1	0.0123078	expansion	TRUE
Dolichovespula_media	N0.HOG0001380	1	0.0123078	expansion	TRUE
Dolichovespula_media	N0.HOG0001414	1	0.0123078	expansion	TRUE
Dolichovespula_media	N0.HOG0001415	1	0.0123078	expansion	TRUE
Dolichovespula_media	N0.HOG0001452	1	0.0123078	expansion	TRUE
Dolichovespula_media	N0.HOG0001460	1	0.0123078	expansion	TRUE
Dolichovespula_media	N0.HOG0001476	1	0.0123078	expansion	TRUE
Dolichovespula_media	N0.HOG0001481	1	0.0123078	expansion	TRUE
Dolichovespula_media	N0.HOG0001546	1	0.0123078	expansion	TRUE
Dolichovespula_media	N0.HOG0001547	1	0.0123078	expansion	TRUE
Dolichovespula_media	N0.HOG0001639	1	0.0123078	expansion	TRUE
Dolichovespula_media	N0.HOG0001674	1	0.0123078	expansion	TRUE
Dolichovespula_media	N0.HOG0001721	1	0.0123078	expansion	TRUE
Dolichovespula_media	N0.HOG0001831	1	0.0123078	expansion	TRUE
Dolichovespula_media	N0.HOG0001957	1	0.0123078	expansion	TRUE
Dolichovespula_media	N0.HOG0002040	1	0.0123078	expansion	TRUE
Dolichovespula_media	N0.HOG0002155	1	0.0123078	expansion	TRUE
Dolichovespula_media	N0.HOG0002365	1	0.0123078	expansion	TRUE
Dolichovespula_media	N0.HOG0002935	1	0.0123078	expansion	TRUE
Dolichovespula_media	N0.HOG0007854	1	0.0123078	expansion	TRUE
Dolichovespula_media	N0.HOG0007962	1	0.0123078	expansion	TRUE
Dolichovespula_media	N0.HOG0008357	1	0.0123078	expansion	TRUE
Dolichovespula_media	N0.HOG0009015	1	0.0123078	expansion	TRUE
Dolichovespula_media	N0.HOG0009262	1	0.0123078	expansion	TRUE
Dolichovespula_media	N0.HOG0009331	1	0.0123078	expansion	TRUE
Dolichovespula_media	N0.HOG0009535	1	0.0123078	expansion	TRUE
Dolichovespula_media	N0.HOG0009548	1	0.0123078	expansion	TRUE
Dolichovespula_media	N0.HOG0000045	1	0.0246168	expansion	TRUE
Dolichovespula_media	N0.HOG0000160	1	0.0246168	expansion	TRUE
Dolichovespula_media	N0.HOG0000249	1	0.0246168	expansion	TRUE
Dolichovespula_media	N0.HOG0000274	1	0.0246168	expansion	TRUE
Dolichovespula_media	N0.HOG0000283	1	0.0246168	expansion	TRUE
Dolichovespula_media	N0.HOG0000346	1	0.0246168	expansion	TRUE
Dolichovespula_media	N0.HOG0000351	1	0.0246168	expansion	TRUE
Dolichovespula_media	N0.HOG0000396	1	0.0246168	expansion	TRUE
Dolichovespula_media	N0.HOG0000502	1	0.0246168	expansion	TRUE
Dolichovespula_media	N0.HOG0000527	1	0.0246168	expansion	TRUE
Dolichovespula_media	N0.HOG0000589	1	0.0246168	expansion	TRUE
Dolichovespula_media	N0.HOG0000591	1	0.0246168	expansion	TRUE
Dolichovespula_media	N0.HOG0000633	1	0.0246168	expansion	TRUE
Dolichovespula_media	N0.HOG0000694	1	0.0246168	expansion	TRUE
Dolichovespula_media	N0.HOG0000711	1	0.0246168	expansion	TRUE
Dolichovespula_media	N0.HOG0000761	1	0.0246168	expansion	TRUE
Dolichovespula_media	N0.HOG0000889	1	0.0246168	expansion	TRUE
Dolichovespula_media	N0.HOG0000899	1	0.0246168	expansion	TRUE
Dolichovespula_media	N0.HOG0000906	1	0.0246168	expansion	TRUE
Dolichovespula_media	N0.HOG0000945	1	0.0246168	expansion	TRUE
Dolichovespula_media	N0.HOG0000947	1	0.0246168	expansion	TRUE
Dolichovespula_media	N0.HOG0000992	1	0.0246168	expansion	TRUE
Dolichovespula_media	N0.HOG0000999	1	0.0246168	expansion	TRUE
Dolichovespula_media	N0.HOG0001027	1	0.0246168	expansion	TRUE
Dolichovespula_media	N0.HOG0001059	1	0.0246168	expansion	TRUE
Dolichovespula_media	N0.HOG0001069	1	0.0246168	expansion	TRUE
Dolichovespula_media	N0.HOG0001352	1	0.0246168	expansion	TRUE
Dolichovespula_media	N0.HOG0001383	1	0.0246168	expansion	TRUE
Dolichovespula_media	N0.HOG0001384	1	0.0246168	expansion	TRUE
Dolichovespula_media	N0.HOG0001613	1	0.0246168	expansion	TRUE
Dolichovespula_media	N0.HOG0003855	1	0.0246168	expansion	TRUE
Dolichovespula_media	N0.HOG0007848	1	0.0246168	expansion	TRUE
Dolichovespula_media	N0.HOG0008704	1	0.0246168	expansion	TRUE
Dolichovespula_media	N0.HOG0000008	-1	0.0363393	contraction	TRUE
Dolichovespula_media	N0.HOG0000046	-1	0.0363393	contraction	TRUE
Dolichovespula_media	N0.HOG0000051	-1	0.0363393	contraction	TRUE
Dolichovespula_media	N0.HOG0000053	-1	0.0363393	contraction	TRUE
Dolichovespula_media	N0.HOG0000112	-1	0.0363393	contraction	TRUE
Dolichovespula_media	N0.HOG0000233	-1	0.0363393	contraction	TRUE
Dolichovespula_media	N0.HOG0000264	-1	0.0363393	contraction	TRUE
Dolichovespula_media	N0.HOG0000345	-1	0.0363393	contraction	TRUE
Dolichovespula_media	N0.HOG0000373	-1	0.0363393	contraction	TRUE
Dolichovespula_media	N0.HOG0000432	-1	0.0363393	contraction	TRUE
Dolichovespula_media	N0.HOG0000435	-1	0.0363393	contraction	TRUE
Dolichovespula_media	N0.HOG0000590	-1	0.0363393	contraction	TRUE
Dolichovespula_media	N0.HOG0000660	-1	0.0363393	contraction	TRUE
Dolichovespula_media	N0.HOG0000766	-1	0.0363393	contraction	TRUE
Dolichovespula_media	N0.HOG0000842	-1	0.0363393	contraction	TRUE
Dolichovespula_media	N0.HOG0000862	-1	0.0363393	contraction	TRUE
Dolichovespula_media	N0.HOG0000949	-1	0.0363393	contraction	TRUE
Dolichovespula_media	N0.HOG0000984	-1	0.0363393	contraction	TRUE
Dolichovespula_media	N0.HOG0001047	-1	0.0363393	contraction	TRUE
Dolichovespula_media	N0.HOG0001305	-1	0.0363393	contraction	TRUE
Dolichovespula_media	N0.HOG0001400	-1	0.0363393	contraction	TRUE
Dolichovespula_media	N0.HOG0001423	-1	0.0363393	contraction	TRUE
Dolichovespula_media	N0.HOG0001587	-1	0.0363393	contraction	TRUE
Dolichovespula_media	N0.HOG0001699	-1	0.0363393	contraction	TRUE
Dolichovespula_media	N0.HOG0002071	-1	0.0363393	contraction	TRUE
Dolichovespula_media	N0.HOG0002505	-1	0.0363393	contraction	TRUE
Dolichovespula_media	N0.HOG0002562	-1	0.0363393	contraction	TRUE
Dolichovespula_media	N0.HOG0002654	-1	0.0363393	contraction	TRUE
Dolichovespula_media	N0.HOG0002710	-1	0.0363393	contraction	TRUE
Dolichovespula_media	N0.HOG0003013	-1	0.0363393	contraction	TRUE
Dolichovespula_media	N0.HOG0003304	-1	0.0363393	contraction	TRUE
Dolichovespula_media	N0.HOG0003712	-1	0.0363393	contraction	TRUE
Dolichovespula_media	N0.HOG0003840	-1	0.0363393	contraction	TRUE
Dolichovespula_media	N0.HOG0004806	-1	0.0363393	contraction	TRUE
Dolichovespula_media	N0.HOG0005492	-1	0.0363393	contraction	TRUE
Dolichovespula_media	N0.HOG0006869	-1	0.0363393	contraction	TRUE
Dolichovespula_media	N0.HOG0007131	-1	0.0363393	contraction	TRUE
Dolichovespula_media	N0.HOG0007186	-1	0.0363393	contraction	TRUE
Dolichovespula_media	N0.HOG0007399	-1	0.0363393	contraction	TRUE
Dolichovespula_media	N0.HOG0007446	-1	0.0363393	contraction	TRUE
Dolichovespula_media	N0.HOG0007679	-1	0.0363393	contraction	TRUE
Dolichovespula_media	N0.HOG0007730	-1	0.0363393	contraction	TRUE
Dolichovespula_media	N0.HOG0007844	-1	0.0363393	contraction	TRUE
Dolichovespula_media	N0.HOG0007927	-1	0.0363393	contraction	TRUE
Dolichovespula_media	N0.HOG0007968	-1	0.0363393	contraction	TRUE
Dolichovespula_media	N0.HOG0008020	-1	0.0363393	contraction	TRUE
Dolichovespula_media	N0.HOG0008039	-1	0.0363393	contraction	TRUE
Dolichovespula_media	N0.HOG0008059	-1	0.0363393	contraction	TRUE
Dolichovespula_media	N0.HOG0008157	-1	0.0363393	contraction	TRUE
Dolichovespula_media	N0.HOG0008329	-1	0.0363393	contraction	TRUE
Dolichovespula_media	N0.HOG0008348	-1	0.0363393	contraction	TRUE
Dolichovespula_media	N0.HOG0008381	-1	0.0363393	contraction	TRUE
Dolichovespula_media	N0.HOG0008384	-1	0.0363393	contraction	TRUE
Dolichovespula_media	N0.HOG0008400	-1	0.0363393	contraction	TRUE
Dolichovespula_media	N0.HOG0008408	-1	0.0363393	contraction	TRUE
Dolichovespula_media	N0.HOG0008430	-1	0.0363393	contraction	TRUE
Dolichovespula_media	N0.HOG0008435	-1	0.0363393	contraction	TRUE
Dolichovespula_media	N0.HOG0008438	-1	0.0363393	contraction	TRUE
Dolichovespula_media	N0.HOG0008465	-1	0.0363393	contraction	TRUE
Dolichovespula_media	N0.HOG0008472	-1	0.0363393	contraction	TRUE
Dolichovespula_media	N0.HOG0008556	-1	0.0363393	contraction	TRUE
Dolichovespula_media	N0.HOG0008614	-1	0.0363393	contraction	TRUE
Dolichovespula_media	N0.HOG0008620	-1	0.0363393	contraction	TRUE
Dolichovespula_media	N0.HOG0008630	-1	0.0363393	contraction	TRUE
Dolichovespula_media	N0.HOG0008632	-1	0.0363393	contraction	TRUE
Dolichovespula_media	N0.HOG0008634	-1	0.0363393	contraction	TRUE
Dolichovespula_media	N0.HOG0008647	-1	0.0363393	contraction	TRUE
Dolichovespula_media	N0.HOG0008668	-1	0.0363393	contraction	TRUE
Dolichovespula_media	N0.HOG0008676	-1	0.0363393	contraction	TRUE
Dolichovespula_media	N0.HOG0008711	-1	0.0363393	contraction	TRUE
Dolichovespula_media	N0.HOG0008712	-1	0.0363393	contraction	TRUE
Dolichovespula_media	N0.HOG0008800	-1	0.0363393	contraction	TRUE
Dolichovespula_media	N0.HOG0008811	-1	0.0363393	contraction	TRUE
Dolichovespula_media	N0.HOG0008813	-1	0.0363393	contraction	TRUE
Dolichovespula_media	N0.HOG0008817	-1	0.0363393	contraction	TRUE
Dolichovespula_media	N0.HOG0008829	-1	0.0363393	contraction	TRUE
Dolichovespula_media	N0.HOG0008837	-1	0.0363393	contraction	TRUE
Dolichovespula_media	N0.HOG0008843	-1	0.0363393	contraction	TRUE
Dolichovespula_media	N0.HOG0008851	-1	0.0363393	contraction	TRUE
Dolichovespula_media	N0.HOG0008864	-1	0.0363393	contraction	TRUE
Dolichovespula_media	N0.HOG0008879	-1	0.0363393	contraction	TRUE
Dolichovespula_media	N0.HOG0008885	-1	0.0363393	contraction	TRUE
Dolichovespula_media	N0.HOG0008893	-1	0.0363393	contraction	TRUE
Dolichovespula_media	N0.HOG0008901	-1	0.0363393	contraction	TRUE
Dolichovespula_media	N0.HOG0008915	-1	0.0363393	contraction	TRUE
Dolichovespula_media	N0.HOG0008918	-1	0.0363393	contraction	TRUE
Dolichovespula_media	N0.HOG0008919	-1	0.0363393	contraction	TRUE
Dolichovespula_media	N0.HOG0008952	-1	0.0363393	contraction	TRUE
Dolichovespula_media	N0.HOG0009021	-1	0.0363393	contraction	TRUE
Dolichovespula_media	N0.HOG0009045	-1	0.0363393	contraction	TRUE
Dolichovespula_media	N0.HOG0009068	-1	0.0363393	contraction	TRUE
Dolichovespula_media	N0.HOG0009081	-1	0.0363393	contraction	TRUE
Dolichovespula_media	N0.HOG0009083	-1	0.0363393	contraction	TRUE
Dolichovespula_media	N0.HOG0009118	-1	0.0363393	contraction	TRUE
Dolichovespula_media	N0.HOG0009122	-1	0.0363393	contraction	TRUE
Dolichovespula_media	N0.HOG0009127	-1	0.0363393	contraction	TRUE
Dolichovespula_media	N0.HOG0009129	-1	0.0363393	contraction	TRUE
Dolichovespula_media	N0.HOG0009158	-1	0.0363393	contraction	TRUE
Dolichovespula_media	N0.HOG0009209	-1	0.0363393	contraction	TRUE
Dolichovespula_media	N0.HOG0009219	-1	0.0363393	contraction	TRUE
Dolichovespula_media	N0.HOG0009232	-1	0.0363393	contraction	TRUE
Dolichovespula_media	N0.HOG0009261	-1	0.0363393	contraction	TRUE
Dolichovespula_media	N0.HOG0009276	-1	0.0363393	contraction	TRUE
Dolichovespula_media	N0.HOG0009285	-1	0.0363393	contraction	TRUE
Dolichovespula_media	N0.HOG0009303	-1	0.0363393	contraction	TRUE
Dolichovespula_media	N0.HOG0009352	-1	0.0363393	contraction	TRUE
Dolichovespula_media	N0.HOG0009397	-1	0.0363393	contraction	TRUE
Dolichovespula_media	N0.HOG0009401	-1	0.0363393	contraction	TRUE
Dolichovespula_media	N0.HOG0009428	-1	0.0363393	contraction	TRUE
Dolichovespula_media	N0.HOG0009431	-1	0.0363393	contraction	TRUE
Dolichovespula_media	N0.HOG0009441	-1	0.0363393	contraction	TRUE
Dolichovespula_media	N0.HOG0009445	-1	0.0363393	contraction	TRUE
Dolichovespula_media	N0.HOG0009537	-1	0.0363393	contraction	TRUE
Dolichovespula_media	N0.HOG0009549	-1	0.0363393	contraction	TRUE
Dolichovespula_media	N0.HOG0009566	-1	0.0363393	contraction	TRUE
Dolichovespula_media	N0.HOG0009567	-1	0.0363393	contraction	TRUE
Dolichovespula_media	N0.HOG0009604	-1	0.0363393	contraction	TRUE
Dolichovespula_media	N0.HOG0009672	-1	0.0363393	contraction	TRUE
Dolichovespula_media	N0.HOG0009701	-1	0.0363393	contraction	TRUE
Dolichovespula_media	N0.HOG0009777	-1	0.0363393	contraction	TRUE
Dolichovespula_media	N0.HOG0009823	-1	0.0363393	contraction	TRUE
Dolichovespula_media	N0.HOG0009834	-1	0.0363393	contraction	TRUE
Dolichovespula_media	N0.HOG0009906	-1	0.0363393	contraction	TRUE
Dolichovespula_media	N0.HOG0009915	-1	0.0363393	contraction	TRUE
Dolichovespula_media	N0.HOG0009977	-1	0.0363393	contraction	TRUE
Dolichovespula_media	N0.HOG0010006	-1	0.0363393	contraction	TRUE
Dolichovespula_media	N0.HOG0010020	-1	0.0363393	contraction	TRUE
Dolichovespula_media	N0.HOG0010028	-1	0.0363393	contraction	TRUE
Dolichovespula_media	N0.HOG0010041	-1	0.0363393	contraction	TRUE
Dolichovespula_media	N0.HOG0010046	-1	0.0363393	contraction	TRUE
Dolichovespula_media	N0.HOG0010168	-1	0.0363393	contraction	TRUE
Dolichovespula_media	N0.HOG0010181	-1	0.0363393	contraction	TRUE
Dolichovespula_media	N0.HOG0010226	-1	0.0363393	contraction	TRUE
Dolichovespula_media	N0.HOG0010404	-1	0.0363393	contraction	TRUE
Dolichovespula_media	N0.HOG0010524	-1	0.0363393	contraction	TRUE
Dolichovespula_media	N0.HOG0010547	-1	0.0363393	contraction	TRUE
Dolichovespula_media	N0.HOG0010696	-1	0.0363393	contraction	TRUE
Dolichovespula_media	N0.HOG0010791	-1	0.0363393	contraction	TRUE
Dolichovespula_media	N0.HOG0010817	-1	0.0363393	contraction	TRUE
Dolichovespula_media	N0.HOG0011218	-1	0.0363393	contraction	TRUE
Dolichovespula_media	N0.HOG0011244	-1	0.0363393	contraction	TRUE
Dolichovespula_media	N0.HOG0011472	-1	0.0363393	contraction	TRUE
Dolichovespula_media	N0.HOG0011475	-1	0.0363393	contraction	TRUE
Dolichovespula_media	N0.HOG0011508	-1	0.0363393	contraction	TRUE
Dolichovespula_media	N0.HOG0011661	-1	0.0363393	contraction	TRUE
Dolichovespula_media	N0.HOG0012652	-1	0.0363393	contraction	TRUE
Dolichovespula_media	N0.HOG0012856	-1	0.0363393	contraction	TRUE
Dolichovespula_media	N0.HOG0013281	-1	0.0363393	contraction	TRUE
Dolichovespula_media	N0.HOG0015316	-1	0.0363393	contraction	TRUE
Dolichovespula_media	N0.HOG0016956	-1	0.0363393	contraction	TRUE
Dolichovespula_media	N0.HOG0016968	-1	0.0363393	contraction	TRUE
Dolichovespula_media	N0.HOG0018187	-1	0.0363393	contraction	TRUE
Dolichovespula_media	N0.HOG0000068	1	0.0368904	expansion	TRUE
Dolichovespula_media	N0.HOG0000161	1	0.0368904	expansion	TRUE
Dolichovespula_media	N0.HOG0000222	1	0.0368904	expansion	TRUE
Dolichovespula_media	N0.HOG0000224	1	0.0368904	expansion	TRUE
Dolichovespula_media	N0.HOG0000242	1	0.0368904	expansion	TRUE
Dolichovespula_media	N0.HOG0000299	1	0.0368904	expansion	TRUE
Dolichovespula_media	N0.HOG0001179	1	0.0368904	expansion	TRUE
Dolichovespula_media	N0.HOG0001410	1	0.0368904	expansion	TRUE
Dolichovespula_media	N0.HOG0000029	2	0.0379686	expansion	TRUE
Dolichovespula_media	N0.HOG0000036	1	0.0490973	expansion	TRUE
Dolichovespula_media	N0.HOG0000043	1	0.0490973	expansion	TRUE
Dolichovespula_media	N0.HOG0000113	1	0.0490973	expansion	TRUE
Dolichovespula_media	N0.HOG0000148	1	0.0490973	expansion	TRUE
Dolichovespula_media	N0.HOG0000155	1	0.0490973	expansion	TRUE
Dolichovespula_media	N0.HOG0000592	1	0.0490973	expansion	TRUE
Dolichovespula_media	N0.HOG0000814	1	0.0490973	expansion	TRUE
Dolichovespula_media	N0.HOG0000044	1	0.0612103	expansion	FALSE
Dolichovespula_media	N0.HOG0000163	1	0.0612103	expansion	FALSE
Dolichovespula_media	N0.HOG0000066	-1	0.0703554	contraction	FALSE
Dolichovespula_media	N0.HOG0000103	-1	0.0703554	contraction	FALSE
Dolichovespula_media	N0.HOG0000171	-1	0.0703554	contraction	FALSE
Dolichovespula_media	N0.HOG0000573	-1	0.0703554	contraction	FALSE
Dolichovespula_media	N0.HOG0000595	-1	0.0703554	contraction	FALSE
Dolichovespula_media	N0.HOG0000631	-1	0.0703554	contraction	FALSE
Dolichovespula_media	N0.HOG0000658	-1	0.0703554	contraction	FALSE
Dolichovespula_media	N0.HOG0000770	-1	0.0703554	contraction	FALSE
Dolichovespula_media	N0.HOG0000771	-1	0.0703554	contraction	FALSE
Dolichovespula_media	N0.HOG0000791	-1	0.0703554	contraction	FALSE
Dolichovespula_media	N0.HOG0000817	-1	0.0703554	contraction	FALSE
Dolichovespula_media	N0.HOG0000841	-1	0.0703554	contraction	FALSE
Dolichovespula_media	N0.HOG0000854	-1	0.0703554	contraction	FALSE
Dolichovespula_media	N0.HOG0000883	-1	0.0703554	contraction	FALSE
Dolichovespula_media	N0.HOG0001071	-1	0.0703554	contraction	FALSE
Dolichovespula_media	N0.HOG0001284	-1	0.0703554	contraction	FALSE
Dolichovespula_media	N0.HOG0001978	-1	0.0703554	contraction	FALSE
Dolichovespula_media	N0.HOG0000062	1	0.0732063	expansion	FALSE
Dolichovespula_media	N0.HOG0000040	1	0.0967714	expansion	FALSE
Dolichovespula_media	N0.HOG0000121	-1	0.102222	contraction	FALSE
Dolichovespula_media	N0.HOG0000179	-1	0.102222	contraction	FALSE
Dolichovespula_media	N0.HOG0000182	-1	0.102222	contraction	FALSE
Dolichovespula_media	N0.HOG0000269	-1	0.102222	contraction	FALSE
Dolichovespula_media	N0.HOG0000277	-1	0.102222	contraction	FALSE
Dolichovespula_media	N0.HOG0000039	-1	0.132099	contraction	FALSE
Dolichovespula_media	N0.HOG0000090	-1	0.132099	contraction	FALSE
Dolichovespula_media	N0.HOG0000331	-1	0.132099	contraction	FALSE
Dolichovespula_media	N0.HOG0000057	-1	0.160134	contraction	FALSE
Dolichovespula_media	N0.HOG0000063	-1	0.160134	contraction	FALSE
Dolichovespula_media	N0.HOG0000100	-1	0.160134	contraction	FALSE
Dolichovespula_saxonica	N0.HOG0001497	3		expansion	FALSE
Dolichovespula_saxonica	N0.HOG0001792	3		expansion	FALSE
Dolichovespula_saxonica	N0.HOG0002878	3		expansion	FALSE
Dolichovespula_saxonica	N0.HOG0002895	3		expansion	FALSE
Dolichovespula_saxonica	N0.HOG0003869	3		expansion	FALSE
Dolichovespula_saxonica	N0.HOG0000371	2		expansion	FALSE
Dolichovespula_saxonica	N0.HOG0000714	2		expansion	FALSE
Dolichovespula_saxonica	N0.HOG0000890	2		expansion	FALSE
Dolichovespula_saxonica	N0.HOG0001668	2		expansion	FALSE
Dolichovespula_saxonica	N0.HOG0001771	2		expansion	FALSE
Dolichovespula_saxonica	N0.HOG0001896	2		expansion	FALSE
Dolichovespula_saxonica	N0.HOG0002191	2		expansion	FALSE
Dolichovespula_saxonica	N0.HOG0002498	2		expansion	FALSE
Dolichovespula_saxonica	N0.HOG0002597	2		expansion	FALSE
Dolichovespula_saxonica	N0.HOG0002844	2		expansion	FALSE
Dolichovespula_saxonica	N0.HOG0002923	2		expansion	FALSE
Dolichovespula_saxonica	N0.HOG0003086	2		expansion	FALSE
Dolichovespula_saxonica	N0.HOG0003167	2		expansion	FALSE
Dolichovespula_saxonica	N0.HOG0003505	2		expansion	FALSE
Dolichovespula_saxonica	N0.HOG0004332	2		expansion	FALSE
Dolichovespula_saxonica	N0.HOG0004359	2		expansion	FALSE
Dolichovespula_saxonica	N0.HOG0004680	2		expansion	FALSE
Dolichovespula_saxonica	N0.HOG0000021	1		expansion	FALSE
Dolichovespula_saxonica	N0.HOG0000181	1		expansion	FALSE
Dolichovespula_saxonica	N0.HOG0000270	1		expansion	FALSE
Dolichovespula_saxonica	N0.HOG0000300	1		expansion	FALSE
Dolichovespula_saxonica	N0.HOG0000386	1		expansion	FALSE
Dolichovespula_saxonica	N0.HOG0000414	1		expansion	FALSE
Dolichovespula_saxonica	N0.HOG0000419	1		expansion	FALSE
Dolichovespula_saxonica	N0.HOG0000440	1		expansion	FALSE
Dolichovespula_saxonica	N0.HOG0000476	1		expansion	FALSE
Dolichovespula_saxonica	N0.HOG0000493	1		expansion	FALSE
Dolichovespula_saxonica	N0.HOG0000545	1		expansion	FALSE
Dolichovespula_saxonica	N0.HOG0000572	1		expansion	FALSE
Dolichovespula_saxonica	N0.HOG0000642	1		expansion	FALSE
Dolichovespula_saxonica	N0.HOG0000715	1		expansion	FALSE
Dolichovespula_saxonica	N0.HOG0000737	1		expansion	FALSE
Dolichovespula_saxonica	N0.HOG0000904	1		expansion	FALSE
Dolichovespula_saxonica	N0.HOG0000958	1		expansion	FALSE
Dolichovespula_saxonica	N0.HOG0000982	1		expansion	FALSE
Dolichovespula_saxonica	N0.HOG0001017	1		expansion	FALSE
Dolichovespula_saxonica	N0.HOG0001049	1		expansion	FALSE
Dolichovespula_saxonica	N0.HOG0001092	1		expansion	FALSE
Dolichovespula_saxonica	N0.HOG0001100	1		expansion	FALSE
Dolichovespula_saxonica	N0.HOG0001138	1		expansion	FALSE
Dolichovespula_saxonica	N0.HOG0001152	1		expansion	FALSE
Dolichovespula_saxonica	N0.HOG0001195	1		expansion	FALSE
Dolichovespula_saxonica	N0.HOG0001204	1		expansion	FALSE
Dolichovespula_saxonica	N0.HOG0001205	1		expansion	FALSE
Dolichovespula_saxonica	N0.HOG0001245	1		expansion	FALSE
Dolichovespula_saxonica	N0.HOG0001296	1		expansion	FALSE
Dolichovespula_saxonica	N0.HOG0001333	1		expansion	FALSE
Dolichovespula_saxonica	N0.HOG0001382	1		expansion	FALSE
Dolichovespula_saxonica	N0.HOG0001408	1		expansion	FALSE
Dolichovespula_saxonica	N0.HOG0001422	1		expansion	FALSE
Dolichovespula_saxonica	N0.HOG0001573	1		expansion	FALSE
Dolichovespula_saxonica	N0.HOG0001575	1		expansion	FALSE
Dolichovespula_saxonica	N0.HOG0001599	1		expansion	FALSE
Dolichovespula_saxonica	N0.HOG0001631	1		expansion	FALSE
Dolichovespula_saxonica	N0.HOG0001645	1		expansion	FALSE
Dolichovespula_saxonica	N0.HOG0001646	1		expansion	FALSE
Dolichovespula_saxonica	N0.HOG0001705	1		expansion	FALSE
Dolichovespula_saxonica	N0.HOG0001709	1		expansion	FALSE
Dolichovespula_saxonica	N0.HOG0001770	1		expansion	FALSE
Dolichovespula_saxonica	N0.HOG0001789	1		expansion	FALSE
Dolichovespula_saxonica	N0.HOG0001798	1		expansion	FALSE
Dolichovespula_saxonica	N0.HOG0001854	1		expansion	FALSE
Dolichovespula_saxonica	N0.HOG0001873	1		expansion	FALSE
Dolichovespula_saxonica	N0.HOG0001906	1		expansion	FALSE
Dolichovespula_saxonica	N0.HOG0001967	1		expansion	FALSE
Dolichovespula_saxonica	N0.HOG0001996	1		expansion	FALSE
Dolichovespula_saxonica	N0.HOG0002025	1		expansion	FALSE
Dolichovespula_saxonica	N0.HOG0002047	1		expansion	FALSE
Dolichovespula_saxonica	N0.HOG0002107	1		expansion	FALSE
Dolichovespula_saxonica	N0.HOG0002123	1		expansion	FALSE
Dolichovespula_saxonica	N0.HOG0002156	1		expansion	FALSE
Dolichovespula_saxonica	N0.HOG0002237	1		expansion	FALSE
Dolichovespula_saxonica	N0.HOG0002243	1		expansion	FALSE
Dolichovespula_saxonica	N0.HOG0002246	1		expansion	FALSE
Dolichovespula_saxonica	N0.HOG0002247	1		expansion	FALSE
Dolichovespula_saxonica	N0.HOG0002254	1		expansion	FALSE
Dolichovespula_saxonica	N0.HOG0002313	1		expansion	FALSE
Dolichovespula_saxonica	N0.HOG0002315	1		expansion	FALSE
Dolichovespula_saxonica	N0.HOG0002345	1		expansion	FALSE
Dolichovespula_saxonica	N0.HOG0002346	1		expansion	FALSE
Dolichovespula_saxonica	N0.HOG0002351	1		expansion	FALSE
Dolichovespula_saxonica	N0.HOG0002374	1		expansion	FALSE
Dolichovespula_saxonica	N0.HOG0002375	1		expansion	FALSE
Dolichovespula_saxonica	N0.HOG0002397	1		expansion	FALSE
Dolichovespula_saxonica	N0.HOG0002508	1		expansion	FALSE
Dolichovespula_saxonica	N0.HOG0002551	1		expansion	FALSE
Dolichovespula_saxonica	N0.HOG0002621	1		expansion	FALSE
Dolichovespula_saxonica	N0.HOG0002668	1		expansion	FALSE
Dolichovespula_saxonica	N0.HOG0002673	1		expansion	FALSE
Dolichovespula_saxonica	N0.HOG0002696	1		expansion	FALSE
Dolichovespula_saxonica	N0.HOG0002721	1		expansion	FALSE
Dolichovespula_saxonica	N0.HOG0002743	1		expansion	FALSE
Dolichovespula_saxonica	N0.HOG0002771	1		expansion	FALSE
Dolichovespula_saxonica	N0.HOG0002782	1		expansion	FALSE
Dolichovespula_saxonica	N0.HOG0002848	1		expansion	FALSE
Dolichovespula_saxonica	N0.HOG0002896	1		expansion	FALSE
Dolichovespula_saxonica	N0.HOG0002993	1		expansion	FALSE
Dolichovespula_saxonica	N0.HOG0003244	1		expansion	FALSE
Dolichovespula_saxonica	N0.HOG0003318	1		expansion	FALSE
Dolichovespula_saxonica	N0.HOG0003350	1		expansion	FALSE
Dolichovespula_saxonica	N0.HOG0003378	1		expansion	FALSE
Dolichovespula_saxonica	N0.HOG0003408	1		expansion	FALSE
Dolichovespula_saxonica	N0.HOG0003410	1		expansion	FALSE
Dolichovespula_saxonica	N0.HOG0003413	1		expansion	FALSE
Dolichovespula_saxonica	N0.HOG0003431	1		expansion	FALSE
Dolichovespula_saxonica	N0.HOG0003537	1		expansion	FALSE
Dolichovespula_saxonica	N0.HOG0003551	1		expansion	FALSE
Dolichovespula_saxonica	N0.HOG0003586	1		expansion	FALSE
Dolichovespula_saxonica	N0.HOG0003605	1		expansion	FALSE
Dolichovespula_saxonica	N0.HOG0003693	1		expansion	FALSE
Dolichovespula_saxonica	N0.HOG0003732	1		expansion	FALSE
Dolichovespula_saxonica	N0.HOG0003902	1		expansion	FALSE
Dolichovespula_saxonica	N0.HOG0003913	1		expansion	FALSE
Dolichovespula_saxonica	N0.HOG0003938	1		expansion	FALSE
Dolichovespula_saxonica	N0.HOG0003939	1		expansion	FALSE
Dolichovespula_saxonica	N0.HOG0003973	1		expansion	FALSE
Dolichovespula_saxonica	N0.HOG0004072	1		expansion	FALSE
Dolichovespula_saxonica	N0.HOG0004081	1		expansion	FALSE
Dolichovespula_saxonica	N0.HOG0004126	1		expansion	FALSE
Dolichovespula_saxonica	N0.HOG0004140	1		expansion	FALSE
Dolichovespula_saxonica	N0.HOG0004147	1		expansion	FALSE
Dolichovespula_saxonica	N0.HOG0004236	1		expansion	FALSE
Dolichovespula_saxonica	N0.HOG0004298	1		expansion	FALSE
Dolichovespula_saxonica	N0.HOG0004508	1		expansion	FALSE
Dolichovespula_saxonica	N0.HOG0004546	1		expansion	FALSE
Dolichovespula_saxonica	N0.HOG0004580	1		expansion	FALSE
Dolichovespula_saxonica	N0.HOG0004624	1		expansion	FALSE
Dolichovespula_saxonica	N0.HOG0004641	1		expansion	FALSE
Dolichovespula_saxonica	N0.HOG0005344	1		expansion	FALSE
Dolichovespula_saxonica	N0.HOG0005501	1		expansion	FALSE
Dolichovespula_saxonica	N0.HOG0005747	1		expansion	FALSE
Dolichovespula_saxonica	N0.HOG0006274	1		expansion	FALSE
Dolichovespula_saxonica	N0.HOG0006357	1		expansion	FALSE
Dolichovespula_saxonica	N0.HOG0006358	1		expansion	FALSE
Dolichovespula_saxonica	N0.HOG0006376	1		expansion	FALSE
Dolichovespula_saxonica	N0.HOG0006378	1		expansion	FALSE
Dolichovespula_saxonica	N0.HOG0006379	1		expansion	FALSE
Dolichovespula_saxonica	N0.HOG0006468	1		expansion	FALSE
Dolichovespula_saxonica	N0.HOG0006610	1		expansion	FALSE
Dolichovespula_saxonica	N0.HOG0006656	1		expansion	FALSE
Dolichovespula_saxonica	N0.HOG0006739	1		expansion	FALSE
Dolichovespula_saxonica	N0.HOG0006868	1		expansion	FALSE
Dolichovespula_saxonica	N0.HOG0007106	1		expansion	FALSE
Dolichovespula_saxonica	N0.HOG0007207	1		expansion	FALSE
Dolichovespula_saxonica	N0.HOG0007344	1		expansion	FALSE
Dolichovespula_saxonica	N0.HOG0007457	1		expansion	FALSE
Dolichovespula_saxonica	N0.HOG0007514	1		expansion	FALSE
Dolichovespula_saxonica	N0.HOG0007717	1		expansion	FALSE
Dolichovespula_saxonica	N0.HOG0007751	1		expansion	FALSE
Dolichovespula_saxonica	N0.HOG0007797	1		expansion	FALSE
Dolichovespula_saxonica	N0.HOG0007802	1		expansion	FALSE
Dolichovespula_saxonica	N0.HOG0007821	1		expansion	FALSE
Dolichovespula_saxonica	N0.HOG0007822	1		expansion	FALSE
Dolichovespula_saxonica	N0.HOG0007856	1		expansion	FALSE
Dolichovespula_saxonica	N0.HOG0007864	1		expansion	FALSE
Dolichovespula_saxonica	N0.HOG0007952	1		expansion	FALSE
Dolichovespula_saxonica	N0.HOG0008197	1		expansion	FALSE
Dolichovespula_saxonica	N0.HOG0008200	1		expansion	FALSE
Dolichovespula_saxonica	N0.HOG0008308	1		expansion	FALSE
Dolichovespula_saxonica	N0.HOG0008369	1		expansion	FALSE
Dolichovespula_saxonica	N0.HOG0008379	1		expansion	FALSE
Dolichovespula_saxonica	N0.HOG0008393	1		expansion	FALSE
Dolichovespula_saxonica	N0.HOG0008412	1		expansion	FALSE
Dolichovespula_saxonica	N0.HOG0008414	1		expansion	FALSE
Dolichovespula_saxonica	N0.HOG0008507	1		expansion	FALSE
Dolichovespula_saxonica	N0.HOG0008602	1		expansion	FALSE
Dolichovespula_saxonica	N0.HOG0008714	1		expansion	FALSE
Dolichovespula_saxonica	N0.HOG0008795	1		expansion	FALSE
Dolichovespula_saxonica	N0.HOG0008950	1		expansion	FALSE
Dolichovespula_saxonica	N0.HOG0009479	1		expansion	FALSE
Dolichovespula_saxonica	N0.HOG0009655	1		expansion	FALSE
Dolichovespula_saxonica	N0.HOG0010603	1		expansion	FALSE
Dolichovespula_saxonica	N0.HOG0000285	-1		contraction	FALSE
Dolichovespula_saxonica	N0.HOG0000457	-1		contraction	FALSE
Dolichovespula_saxonica	N0.HOG0000523	-1		contraction	FALSE
Dolichovespula_saxonica	N0.HOG0000562	-1		contraction	FALSE
Dolichovespula_saxonica	N0.HOG0000608	-1		contraction	FALSE
Dolichovespula_saxonica	N0.HOG0000664	-1		contraction	FALSE
Dolichovespula_saxonica	N0.HOG0000675	-1		contraction	FALSE
Dolichovespula_saxonica	N0.HOG0000678	-1		contraction	FALSE
Dolichovespula_saxonica	N0.HOG0000701	-1		contraction	FALSE
Dolichovespula_saxonica	N0.HOG0000710	-1		contraction	FALSE
Dolichovespula_saxonica	N0.HOG0000739	-1		contraction	FALSE
Dolichovespula_saxonica	N0.HOG0000760	-1		contraction	FALSE
Dolichovespula_saxonica	N0.HOG0000776	-1		contraction	FALSE
Dolichovespula_saxonica	N0.HOG0000824	-1		contraction	FALSE
Dolichovespula_saxonica	N0.HOG0000853	-1		contraction	FALSE
Dolichovespula_saxonica	N0.HOG0000875	-1		contraction	FALSE
Dolichovespula_saxonica	N0.HOG0000990	-1		contraction	FALSE
Dolichovespula_saxonica	N0.HOG0001006	-1		contraction	FALSE
Dolichovespula_saxonica	N0.HOG0001019	-1		contraction	FALSE
Dolichovespula_saxonica	N0.HOG0001276	-1		contraction	FALSE
Dolichovespula_saxonica	N0.HOG0001340	-1		contraction	FALSE
Dolichovespula_saxonica	N0.HOG0001371	-1		contraction	FALSE
Dolichovespula_saxonica	N0.HOG0001430	-1		contraction	FALSE
Dolichovespula_saxonica	N0.HOG0001570	-1		contraction	FALSE
Dolichovespula_saxonica	N0.HOG0001788	-1		contraction	FALSE
Dolichovespula_saxonica	N0.HOG0001936	-1		contraction	FALSE
Dolichovespula_saxonica	N0.HOG0002005	-1		contraction	FALSE
Dolichovespula_saxonica	N0.HOG0002194	-1		contraction	FALSE
Dolichovespula_saxonica	N0.HOG0002249	-1		contraction	FALSE
Dolichovespula_saxonica	N0.HOG0002607	-1		contraction	FALSE
Dolichovespula_saxonica	N0.HOG0002997	-1		contraction	FALSE
Dolichovespula_saxonica	N0.HOG0003058	-1		contraction	FALSE
Dolichovespula_saxonica	N0.HOG0003665	-1		contraction	FALSE
Dolichovespula_saxonica	N0.HOG0004242	-1		contraction	FALSE
Dolichovespula_saxonica	N0.HOG0004410	-1		contraction	FALSE
Dolichovespula_saxonica	N0.HOG0004430	-1		contraction	FALSE
Dolichovespula_saxonica	N0.HOG0004615	-1		contraction	FALSE
Dolichovespula_saxonica	N0.HOG0004851	-1		contraction	FALSE
Dolichovespula_saxonica	N0.HOG0005019	-1		contraction	FALSE
Dolichovespula_saxonica	N0.HOG0005627	-1		contraction	FALSE
Dolichovespula_saxonica	N0.HOG0005910	-1		contraction	FALSE
Dolichovespula_saxonica	N0.HOG0005993	-1		contraction	FALSE
Dolichovespula_saxonica	N0.HOG0006053	-1		contraction	FALSE
Dolichovespula_saxonica	N0.HOG0006057	-1		contraction	FALSE
Dolichovespula_saxonica	N0.HOG0006175	-1		contraction	FALSE
Dolichovespula_saxonica	N0.HOG0006482	-1		contraction	FALSE
Dolichovespula_saxonica	N0.HOG0006563	-1		contraction	FALSE
Dolichovespula_saxonica	N0.HOG0006741	-1		contraction	FALSE
Dolichovespula_saxonica	N0.HOG0006776	-1		contraction	FALSE
Dolichovespula_saxonica	N0.HOG0006940	-1		contraction	FALSE
Dolichovespula_saxonica	N0.HOG0006950	-1		contraction	FALSE
Dolichovespula_saxonica	N0.HOG0006961	-1		contraction	FALSE
Dolichovespula_saxonica	N0.HOG0007099	-1		contraction	FALSE
Dolichovespula_saxonica	N0.HOG0007239	-1		contraction	FALSE
Dolichovespula_saxonica	N0.HOG0007312	-1		contraction	FALSE
Dolichovespula_saxonica	N0.HOG0007358	-1		contraction	FALSE
Dolichovespula_saxonica	N0.HOG0007393	-1		contraction	FALSE
Dolichovespula_saxonica	N0.HOG0007397	-1		contraction	FALSE
Dolichovespula_saxonica	N0.HOG0007427	-1		contraction	FALSE
Dolichovespula_saxonica	N0.HOG0007511	-1		contraction	FALSE
Dolichovespula_saxonica	N0.HOG0007562	-1		contraction	FALSE
Dolichovespula_saxonica	N0.HOG0007585	-1		contraction	FALSE
Dolichovespula_saxonica	N0.HOG0007697	-1		contraction	FALSE
Dolichovespula_saxonica	N0.HOG0007722	-1		contraction	FALSE
Dolichovespula_saxonica	N0.HOG0007729	-1		contraction	FALSE
Dolichovespula_saxonica	N0.HOG0007885	-1		contraction	FALSE
Dolichovespula_saxonica	N0.HOG0007899	-1		contraction	FALSE
Dolichovespula_saxonica	N0.HOG0007942	-1		contraction	FALSE
Dolichovespula_saxonica	N0.HOG0007949	-1		contraction	FALSE
Dolichovespula_saxonica	N0.HOG0007976	-1		contraction	FALSE
Dolichovespula_saxonica	N0.HOG0008023	-1		contraction	FALSE
Dolichovespula_saxonica	N0.HOG0008032	-1		contraction	FALSE
Dolichovespula_saxonica	N0.HOG0008054	-1		contraction	FALSE
Dolichovespula_saxonica	N0.HOG0008080	-1		contraction	FALSE
Dolichovespula_saxonica	N0.HOG0008086	-1		contraction	FALSE
Dolichovespula_saxonica	N0.HOG0008097	-1		contraction	FALSE
Dolichovespula_saxonica	N0.HOG0008102	-1		contraction	FALSE
Dolichovespula_saxonica	N0.HOG0008119	-1		contraction	FALSE
Dolichovespula_saxonica	N0.HOG0008122	-1		contraction	FALSE
Dolichovespula_saxonica	N0.HOG0008141	-1		contraction	FALSE
Dolichovespula_saxonica	N0.HOG0008162	-1		contraction	FALSE
Dolichovespula_saxonica	N0.HOG0008163	-1		contraction	FALSE
Dolichovespula_saxonica	N0.HOG0008173	-1		contraction	FALSE
Dolichovespula_saxonica	N0.HOG0008209	-1		contraction	FALSE
Dolichovespula_saxonica	N0.HOG0008259	-1		contraction	FALSE
Dolichovespula_saxonica	N0.HOG0008269	-1		contraction	FALSE
Dolichovespula_saxonica	N0.HOG0008270	-1		contraction	FALSE
Dolichovespula_saxonica	N0.HOG0008282	-1		contraction	FALSE
Dolichovespula_saxonica	N0.HOG0008297	-1		contraction	FALSE
Dolichovespula_saxonica	N0.HOG0008312	-1		contraction	FALSE
Dolichovespula_saxonica	N0.HOG0008324	-1		contraction	FALSE
Dolichovespula_saxonica	N0.HOG0008359	-1		contraction	FALSE
Dolichovespula_saxonica	N0.HOG0008395	-1		contraction	FALSE
Dolichovespula_saxonica	N0.HOG0008404	-1		contraction	FALSE
Dolichovespula_saxonica	N0.HOG0008464	-1		contraction	FALSE
Dolichovespula_saxonica	N0.HOG0008466	-1		contraction	FALSE
Dolichovespula_saxonica	N0.HOG0008470	-1		contraction	FALSE
Dolichovespula_saxonica	N0.HOG0008509	-1		contraction	FALSE
Dolichovespula_saxonica	N0.HOG0008521	-1		contraction	FALSE
Dolichovespula_saxonica	N0.HOG0008538	-1		contraction	FALSE
Dolichovespula_saxonica	N0.HOG0008588	-1		contraction	FALSE
Dolichovespula_saxonica	N0.HOG0008601	-1		contraction	FALSE
Dolichovespula_saxonica	N0.HOG0008606	-1		contraction	FALSE
Dolichovespula_saxonica	N0.HOG0008618	-1		contraction	FALSE
Dolichovespula_saxonica	N0.HOG0008621	-1		contraction	FALSE
Dolichovespula_saxonica	N0.HOG0008693	-1		contraction	FALSE
Dolichovespula_saxonica	N0.HOG0008706	-1		contraction	FALSE
Dolichovespula_saxonica	N0.HOG0008715	-1		contraction	FALSE
Dolichovespula_saxonica	N0.HOG0008737	-1		contraction	FALSE
Dolichovespula_saxonica	N0.HOG0008739	-1		contraction	FALSE
Dolichovespula_saxonica	N0.HOG0008745	-1		contraction	FALSE
Dolichovespula_saxonica	N0.HOG0008798	-1		contraction	FALSE
Dolichovespula_saxonica	N0.HOG0008804	-1		contraction	FALSE
Dolichovespula_saxonica	N0.HOG0008834	-1		contraction	FALSE
Dolichovespula_saxonica	N0.HOG0008849	-1		contraction	FALSE
Dolichovespula_saxonica	N0.HOG0009049	-1		contraction	FALSE
Dolichovespula_saxonica	N0.HOG0009498	-1		contraction	FALSE
Dolichovespula_saxonica	N0.HOG0009767	-1		contraction	FALSE
Dolichovespula_saxonica	N0.HOG0011013	-1		contraction	FALSE
Dolichovespula_saxonica	N0.HOG0001078	6	1.76074e-11	expansion	TRUE
Dolichovespula_saxonica	N0.HOG0000744	5	5.66015e-09	expansion	TRUE
Dolichovespula_saxonica	N0.HOG0001990	4	5.37122e-08	expansion	TRUE
Dolichovespula_saxonica	N0.HOG0002182	4	5.37122e-08	expansion	TRUE
Dolichovespula_saxonica	N0.HOG0002877	4	5.37122e-08	expansion	TRUE
Dolichovespula_saxonica	N0.HOG0000554	4	2.60835e-07	expansion	TRUE
Dolichovespula_saxonica	N0.HOG0001482	4	1.83042e-06	expansion	TRUE
Dolichovespula_saxonica	N0.HOG0001294	3	2.96662e-06	expansion	TRUE
Dolichovespula_saxonica	N0.HOG0000435	4	9.46327e-05	expansion	TRUE
Dolichovespula_saxonica	N0.HOG0000590	2	0.000163851	expansion	TRUE
Dolichovespula_saxonica	N0.HOG0000900	2	0.000163851	expansion	TRUE
Dolichovespula_saxonica	N0.HOG0002654	2	0.000163851	expansion	TRUE
Dolichovespula_saxonica	N0.HOG0008117	2	0.000163851	expansion	TRUE
Dolichovespula_saxonica	N0.HOG0009093	2	0.000163851	expansion	TRUE
Dolichovespula_saxonica	N0.HOG0000573	2	0.000807556	expansion	TRUE
Dolichovespula_saxonica	N0.HOG0000808	2	0.000807556	expansion	TRUE
Dolichovespula_saxonica	N0.HOG0000851	2	0.000807556	expansion	TRUE
Dolichovespula_saxonica	N0.HOG0001062	2	0.000807556	expansion	TRUE
Dolichovespula_saxonica	N0.HOG0007848	2	0.000807556	expansion	TRUE
Dolichovespula_saxonica	N0.HOG0000090	-2	0.00104334	contraction	TRUE
Dolichovespula_saxonica	N0.HOG0000207	2	0.00337575	expansion	TRUE
Dolichovespula_saxonica	N0.HOG0000048	2	0.0052279	expansion	TRUE
Dolichovespula_saxonica	N0.HOG0000052	2	0.00741484	expansion	TRUE
Dolichovespula_saxonica	N0.HOG0000112	1	0.0090498	expansion	TRUE
Dolichovespula_saxonica	N0.HOG0000166	1	0.0090498	expansion	TRUE
Dolichovespula_saxonica	N0.HOG0000354	1	0.0090498	expansion	TRUE
Dolichovespula_saxonica	N0.HOG0000432	1	0.0090498	expansion	TRUE
Dolichovespula_saxonica	N0.HOG0000669	1	0.0090498	expansion	TRUE
Dolichovespula_saxonica	N0.HOG0000803	1	0.0090498	expansion	TRUE
Dolichovespula_saxonica	N0.HOG0000813	1	0.0090498	expansion	TRUE
Dolichovespula_saxonica	N0.HOG0000930	1	0.0090498	expansion	TRUE
Dolichovespula_saxonica	N0.HOG0000933	1	0.0090498	expansion	TRUE
Dolichovespula_saxonica	N0.HOG0000938	1	0.0090498	expansion	TRUE
Dolichovespula_saxonica	N0.HOG0000965	1	0.0090498	expansion	TRUE
Dolichovespula_saxonica	N0.HOG0000968	1	0.0090498	expansion	TRUE
Dolichovespula_saxonica	N0.HOG0001061	1	0.0090498	expansion	TRUE
Dolichovespula_saxonica	N0.HOG0001147	1	0.0090498	expansion	TRUE
Dolichovespula_saxonica	N0.HOG0001166	1	0.0090498	expansion	TRUE
Dolichovespula_saxonica	N0.HOG0001171	1	0.0090498	expansion	TRUE
Dolichovespula_saxonica	N0.HOG0001190	1	0.0090498	expansion	TRUE
Dolichovespula_saxonica	N0.HOG0001278	1	0.0090498	expansion	TRUE
Dolichovespula_saxonica	N0.HOG0001362	1	0.0090498	expansion	TRUE
Dolichovespula_saxonica	N0.HOG0001480	1	0.0090498	expansion	TRUE
Dolichovespula_saxonica	N0.HOG0001539	1	0.0090498	expansion	TRUE
Dolichovespula_saxonica	N0.HOG0001622	1	0.0090498	expansion	TRUE
Dolichovespula_saxonica	N0.HOG0001639	1	0.0090498	expansion	TRUE
Dolichovespula_saxonica	N0.HOG0002075	1	0.0090498	expansion	TRUE
Dolichovespula_saxonica	N0.HOG0002711	1	0.0090498	expansion	TRUE
Dolichovespula_saxonica	N0.HOG0002800	1	0.0090498	expansion	TRUE
Dolichovespula_saxonica	N0.HOG0002935	1	0.0090498	expansion	TRUE
Dolichovespula_saxonica	N0.HOG0007019	1	0.0090498	expansion	TRUE
Dolichovespula_saxonica	N0.HOG0007756	1	0.0090498	expansion	TRUE
Dolichovespula_saxonica	N0.HOG0007850	1	0.0090498	expansion	TRUE
Dolichovespula_saxonica	N0.HOG0008357	1	0.0090498	expansion	TRUE
Dolichovespula_saxonica	N0.HOG0009059	1	0.0090498	expansion	TRUE
Dolichovespula_saxonica	N0.HOG0009303	1	0.0090498	expansion	TRUE
Dolichovespula_saxonica	N0.HOG0009331	1	0.0090498	expansion	TRUE
Dolichovespula_saxonica	N0.HOG0000160	1	0.0180999	expansion	TRUE
Dolichovespula_saxonica	N0.HOG0000249	1	0.0180999	expansion	TRUE
Dolichovespula_saxonica	N0.HOG0000274	1	0.0180999	expansion	TRUE
Dolichovespula_saxonica	N0.HOG0000283	1	0.0180999	expansion	TRUE
Dolichovespula_saxonica	N0.HOG0000292	1	0.0180999	expansion	TRUE
Dolichovespula_saxonica	N0.HOG0000346	1	0.0180999	expansion	TRUE
Dolichovespula_saxonica	N0.HOG0000625	1	0.0180999	expansion	TRUE
Dolichovespula_saxonica	N0.HOG0000644	1	0.0180999	expansion	TRUE
Dolichovespula_saxonica	N0.HOG0000694	1	0.0180999	expansion	TRUE
Dolichovespula_saxonica	N0.HOG0000732	1	0.0180999	expansion	TRUE
Dolichovespula_saxonica	N0.HOG0000888	1	0.0180999	expansion	TRUE
Dolichovespula_saxonica	N0.HOG0000889	1	0.0180999	expansion	TRUE
Dolichovespula_saxonica	N0.HOG0000899	1	0.0180999	expansion	TRUE
Dolichovespula_saxonica	N0.HOG0000947	1	0.0180999	expansion	TRUE
Dolichovespula_saxonica	N0.HOG0000992	1	0.0180999	expansion	TRUE
Dolichovespula_saxonica	N0.HOG0001002	1	0.0180999	expansion	TRUE
Dolichovespula_saxonica	N0.HOG0001011	1	0.0180999	expansion	TRUE
Dolichovespula_saxonica	N0.HOG0001069	1	0.0180999	expansion	TRUE
Dolichovespula_saxonica	N0.HOG0001360	1	0.0180999	expansion	TRUE
Dolichovespula_saxonica	N0.HOG0001383	1	0.0180999	expansion	TRUE
Dolichovespula_saxonica	N0.HOG0001384	1	0.0180999	expansion	TRUE
Dolichovespula_saxonica	N0.HOG0001592	1	0.0180999	expansion	TRUE
Dolichovespula_saxonica	N0.HOG0001887	1	0.0180999	expansion	TRUE
Dolichovespula_saxonica	N0.HOG0002326	1	0.0180999	expansion	TRUE
Dolichovespula_saxonica	N0.HOG0008070	1	0.0180999	expansion	TRUE
Dolichovespula_saxonica	N0.HOG0008883	1	0.0180999	expansion	TRUE
Dolichovespula_saxonica	N0.HOG0000114	2	0.0260334	expansion	TRUE
Dolichovespula_saxonica	N0.HOG0000008	-1	0.0268305	contraction	TRUE
Dolichovespula_saxonica	N0.HOG0000037	-1	0.0268305	contraction	TRUE
Dolichovespula_saxonica	N0.HOG0000046	-1	0.0268305	contraction	TRUE
Dolichovespula_saxonica	N0.HOG0000051	-1	0.0268305	contraction	TRUE
Dolichovespula_saxonica	N0.HOG0000087	-1	0.0268305	contraction	TRUE
Dolichovespula_saxonica	N0.HOG0000233	-1	0.0268305	contraction	TRUE
Dolichovespula_saxonica	N0.HOG0000264	-1	0.0268305	contraction	TRUE
Dolichovespula_saxonica	N0.HOG0000373	-1	0.0268305	contraction	TRUE
Dolichovespula_saxonica	N0.HOG0000766	-1	0.0268305	contraction	TRUE
Dolichovespula_saxonica	N0.HOG0000862	-1	0.0268305	contraction	TRUE
Dolichovespula_saxonica	N0.HOG0000872	-1	0.0268305	contraction	TRUE
Dolichovespula_saxonica	N0.HOG0001035	-1	0.0268305	contraction	TRUE
Dolichovespula_saxonica	N0.HOG0001400	-1	0.0268305	contraction	TRUE
Dolichovespula_saxonica	N0.HOG0002034	-1	0.0268305	contraction	TRUE
Dolichovespula_saxonica	N0.HOG0002155	-1	0.0268305	contraction	TRUE
Dolichovespula_saxonica	N0.HOG0002557	-1	0.0268305	contraction	TRUE
Dolichovespula_saxonica	N0.HOG0003304	-1	0.0268305	contraction	TRUE
Dolichovespula_saxonica	N0.HOG0003712	-1	0.0268305	contraction	TRUE
Dolichovespula_saxonica	N0.HOG0005492	-1	0.0268305	contraction	TRUE
Dolichovespula_saxonica	N0.HOG0005762	-1	0.0268305	contraction	TRUE
Dolichovespula_saxonica	N0.HOG0006869	-1	0.0268305	contraction	TRUE
Dolichovespula_saxonica	N0.HOG0007186	-1	0.0268305	contraction	TRUE
Dolichovespula_saxonica	N0.HOG0007446	-1	0.0268305	contraction	TRUE
Dolichovespula_saxonica	N0.HOG0007679	-1	0.0268305	contraction	TRUE
Dolichovespula_saxonica	N0.HOG0007749	-1	0.0268305	contraction	TRUE
Dolichovespula_saxonica	N0.HOG0007844	-1	0.0268305	contraction	TRUE
Dolichovespula_saxonica	N0.HOG0007927	-1	0.0268305	contraction	TRUE
Dolichovespula_saxonica	N0.HOG0007968	-1	0.0268305	contraction	TRUE
Dolichovespula_saxonica	N0.HOG0008039	-1	0.0268305	contraction	TRUE
Dolichovespula_saxonica	N0.HOG0008157	-1	0.0268305	contraction	TRUE
Dolichovespula_saxonica	N0.HOG0008329	-1	0.0268305	contraction	TRUE
Dolichovespula_saxonica	N0.HOG0008381	-1	0.0268305	contraction	TRUE
Dolichovespula_saxonica	N0.HOG0008408	-1	0.0268305	contraction	TRUE
Dolichovespula_saxonica	N0.HOG0008430	-1	0.0268305	contraction	TRUE
Dolichovespula_saxonica	N0.HOG0008435	-1	0.0268305	contraction	TRUE
Dolichovespula_saxonica	N0.HOG0008438	-1	0.0268305	contraction	TRUE
Dolichovespula_saxonica	N0.HOG0008448	-1	0.0268305	contraction	TRUE
Dolichovespula_saxonica	N0.HOG0008465	-1	0.0268305	contraction	TRUE
Dolichovespula_saxonica	N0.HOG0008472	-1	0.0268305	contraction	TRUE
Dolichovespula_saxonica	N0.HOG0008528	-1	0.0268305	contraction	TRUE
Dolichovespula_saxonica	N0.HOG0008585	-1	0.0268305	contraction	TRUE
Dolichovespula_saxonica	N0.HOG0008620	-1	0.0268305	contraction	TRUE
Dolichovespula_saxonica	N0.HOG0008630	-1	0.0268305	contraction	TRUE
Dolichovespula_saxonica	N0.HOG0008632	-1	0.0268305	contraction	TRUE
Dolichovespula_saxonica	N0.HOG0008634	-1	0.0268305	contraction	TRUE
Dolichovespula_saxonica	N0.HOG0008668	-1	0.0268305	contraction	TRUE
Dolichovespula_saxonica	N0.HOG0008711	-1	0.0268305	contraction	TRUE
Dolichovespula_saxonica	N0.HOG0008712	-1	0.0268305	contraction	TRUE
Dolichovespula_saxonica	N0.HOG0008742	-1	0.0268305	contraction	TRUE
Dolichovespula_saxonica	N0.HOG0008811	-1	0.0268305	contraction	TRUE
Dolichovespula_saxonica	N0.HOG0008817	-1	0.0268305	contraction	TRUE
Dolichovespula_saxonica	N0.HOG0008829	-1	0.0268305	contraction	TRUE
Dolichovespula_saxonica	N0.HOG0008843	-1	0.0268305	contraction	TRUE
Dolichovespula_saxonica	N0.HOG0008879	-1	0.0268305	contraction	TRUE
Dolichovespula_saxonica	N0.HOG0008885	-1	0.0268305	contraction	TRUE
Dolichovespula_saxonica	N0.HOG0008894	-1	0.0268305	contraction	TRUE
Dolichovespula_saxonica	N0.HOG0008918	-1	0.0268305	contraction	TRUE
Dolichovespula_saxonica	N0.HOG0008952	-1	0.0268305	contraction	TRUE
Dolichovespula_saxonica	N0.HOG0009000	-1	0.0268305	contraction	TRUE
Dolichovespula_saxonica	N0.HOG0009045	-1	0.0268305	contraction	TRUE
Dolichovespula_saxonica	N0.HOG0009068	-1	0.0268305	contraction	TRUE
Dolichovespula_saxonica	N0.HOG0009081	-1	0.0268305	contraction	TRUE
Dolichovespula_saxonica	N0.HOG0009127	-1	0.0268305	contraction	TRUE
Dolichovespula_saxonica	N0.HOG0009153	-1	0.0268305	contraction	TRUE
Dolichovespula_saxonica	N0.HOG0009169	-1	0.0268305	contraction	TRUE
Dolichovespula_saxonica	N0.HOG0009209	-1	0.0268305	contraction	TRUE
Dolichovespula_saxonica	N0.HOG0009352	-1	0.0268305	contraction	TRUE
Dolichovespula_saxonica	N0.HOG0009397	-1	0.0268305	contraction	TRUE
Dolichovespula_saxonica	N0.HOG0009401	-1	0.0268305	contraction	TRUE
Dolichovespula_saxonica	N0.HOG0009431	-1	0.0268305	contraction	TRUE
Dolichovespula_saxonica	N0.HOG0009523	-1	0.0268305	contraction	TRUE
Dolichovespula_saxonica	N0.HOG0009537	-1	0.0268305	contraction	TRUE
Dolichovespula_saxonica	N0.HOG0009567	-1	0.0268305	contraction	TRUE
Dolichovespula_saxonica	N0.HOG0009777	-1	0.0268305	contraction	TRUE
Dolichovespula_saxonica	N0.HOG0009823	-1	0.0268305	contraction	TRUE
Dolichovespula_saxonica	N0.HOG0009834	-1	0.0268305	contraction	TRUE
Dolichovespula_saxonica	N0.HOG0009844	-1	0.0268305	contraction	TRUE
Dolichovespula_saxonica	N0.HOG0010006	-1	0.0268305	contraction	TRUE
Dolichovespula_saxonica	N0.HOG0010041	-1	0.0268305	contraction	TRUE
Dolichovespula_saxonica	N0.HOG0010046	-1	0.0268305	contraction	TRUE
Dolichovespula_saxonica	N0.HOG0010124	-1	0.0268305	contraction	TRUE
Dolichovespula_saxonica	N0.HOG0010168	-1	0.0268305	contraction	TRUE
Dolichovespula_saxonica	N0.HOG0010524	-1	0.0268305	contraction	TRUE
Dolichovespula_saxonica	N0.HOG0010528	-1	0.0268305	contraction	TRUE
Dolichovespula_saxonica	N0.HOG0010547	-1	0.0268305	contraction	TRUE
Dolichovespula_saxonica	N0.HOG0010791	-1	0.0268305	contraction	TRUE
Dolichovespula_saxonica	N0.HOG0010817	-1	0.0268305	contraction	TRUE
Dolichovespula_saxonica	N0.HOG0011244	-1	0.0268305	contraction	TRUE
Dolichovespula_saxonica	N0.HOG0011472	-1	0.0268305	contraction	TRUE
Dolichovespula_saxonica	N0.HOG0011508	-1	0.0268305	contraction	TRUE
Dolichovespula_saxonica	N0.HOG0011956	-1	0.0268305	contraction	TRUE
Dolichovespula_saxonica	N0.HOG0012856	-1	0.0268305	contraction	TRUE
Dolichovespula_saxonica	N0.HOG0013479	-1	0.0268305	contraction	TRUE
Dolichovespula_saxonica	N0.HOG0015316	-1	0.0268305	contraction	TRUE
Dolichovespula_saxonica	N0.HOG0000211	1	0.0271358	expansion	TRUE
Dolichovespula_saxonica	N0.HOG0000262	1	0.0271358	expansion	TRUE
Dolichovespula_saxonica	N0.HOG0000667	1	0.0271358	expansion	TRUE
Dolichovespula_saxonica	N0.HOG0001410	1	0.0271358	expansion	TRUE
Dolichovespula_saxonica	N0.HOG0001667	1	0.0271358	expansion	TRUE
Dolichovespula_saxonica	N0.HOG0000331	1	0.0361444	expansion	TRUE
Dolichovespula_saxonica	N0.HOG0000163	1	0.0451139	expansion	TRUE
Dolichovespula_saxonica	N0.HOG0000045	-1	0.052391	contraction	FALSE
Dolichovespula_saxonica	N0.HOG0000091	-1	0.052391	contraction	FALSE
Dolichovespula_saxonica	N0.HOG0000171	-1	0.052391	contraction	FALSE
Dolichovespula_saxonica	N0.HOG0000241	-1	0.052391	contraction	FALSE
Dolichovespula_saxonica	N0.HOG0000350	-1	0.052391	contraction	FALSE
Dolichovespula_saxonica	N0.HOG0000633	-1	0.052391	contraction	FALSE
Dolichovespula_saxonica	N0.HOG0000651	-1	0.052391	contraction	FALSE
Dolichovespula_saxonica	N0.HOG0000666	-1	0.052391	contraction	FALSE
Dolichovespula_saxonica	N0.HOG0000695	-1	0.052391	contraction	FALSE
Dolichovespula_saxonica	N0.HOG0000711	-1	0.052391	contraction	FALSE
Dolichovespula_saxonica	N0.HOG0000859	-1	0.052391	contraction	FALSE
Dolichovespula_saxonica	N0.HOG0000895	-1	0.052391	contraction	FALSE
Dolichovespula_saxonica	N0.HOG0000909	-1	0.052391	contraction	FALSE
Dolichovespula_saxonica	N0.HOG0000999	-1	0.052391	contraction	FALSE
Dolichovespula_saxonica	N0.HOG0001036	-1	0.052391	contraction	FALSE
Dolichovespula_saxonica	N0.HOG0001059	-1	0.052391	contraction	FALSE
Dolichovespula_saxonica	N0.HOG0001099	-1	0.052391	contraction	FALSE
Dolichovespula_saxonica	N0.HOG0001143	-1	0.052391	contraction	FALSE
Dolichovespula_saxonica	N0.HOG0001284	-1	0.052391	contraction	FALSE
Dolichovespula_saxonica	N0.HOG0001531	-1	0.052391	contraction	FALSE
Dolichovespula_saxonica	N0.HOG0003855	-1	0.052391	contraction	FALSE
Dolichovespula_saxonica	N0.HOG0009032	-1	0.052391	contraction	FALSE
Dolichovespula_saxonica	N0.HOG0000059	1	0.0540338	expansion	FALSE
Dolichovespula_saxonica	N0.HOG0001050	1	0.0540338	expansion	FALSE
Dolichovespula_saxonica	N0.HOG0000042	1	0.0716882	expansion	FALSE
Dolichovespula_saxonica	N0.HOG0000275	-1	0.0767518	contraction	FALSE
Dolichovespula_saxonica	N0.HOG0000322	-1	0.0767518	contraction	FALSE
Dolichovespula_saxonica	N0.HOG0000518	-1	0.0767518	contraction	FALSE
Dolichovespula_saxonica	N0.HOG0000039	-1	0.0999792	contraction	FALSE
Dolichovespula_saxonica	N0.HOG0000442	-1	0.0999792	contraction	FALSE
Dolichovespula_saxonica	N0.HOG0000592	-1	0.0999792	contraction	FALSE
Dolichovespula_sylvestris	N0.HOG0001993	3		expansion	FALSE
Dolichovespula_sylvestris	N0.HOG0001413	2		expansion	FALSE
Dolichovespula_sylvestris	N0.HOG0002376	2		expansion	FALSE
Dolichovespula_sylvestris	N0.HOG0002651	2		expansion	FALSE
Dolichovespula_sylvestris	N0.HOG0002722	2		expansion	FALSE
Dolichovespula_sylvestris	N0.HOG0002966	2		expansion	FALSE
Dolichovespula_sylvestris	N0.HOG0003181	2		expansion	FALSE
Dolichovespula_sylvestris	N0.HOG0000174	1		expansion	FALSE
Dolichovespula_sylvestris	N0.HOG0000237	1		expansion	FALSE
Dolichovespula_sylvestris	N0.HOG0000250	1		expansion	FALSE
Dolichovespula_sylvestris	N0.HOG0000314	1		expansion	FALSE
Dolichovespula_sylvestris	N0.HOG0000315	1		expansion	FALSE
Dolichovespula_sylvestris	N0.HOG0000327	1		expansion	FALSE
Dolichovespula_sylvestris	N0.HOG0000387	1		expansion	FALSE
Dolichovespula_sylvestris	N0.HOG0000394	1		expansion	FALSE
Dolichovespula_sylvestris	N0.HOG0000492	1		expansion	FALSE
Dolichovespula_sylvestris	N0.HOG0000564	1		expansion	FALSE
Dolichovespula_sylvestris	N0.HOG0000569	1		expansion	FALSE
Dolichovespula_sylvestris	N0.HOG0000697	1		expansion	FALSE
Dolichovespula_sylvestris	N0.HOG0000727	1		expansion	FALSE
Dolichovespula_sylvestris	N0.HOG0000784	1		expansion	FALSE
Dolichovespula_sylvestris	N0.HOG0000855	1		expansion	FALSE
Dolichovespula_sylvestris	N0.HOG0000910	1		expansion	FALSE
Dolichovespula_sylvestris	N0.HOG0000915	1		expansion	FALSE
Dolichovespula_sylvestris	N0.HOG0001029	1		expansion	FALSE
Dolichovespula_sylvestris	N0.HOG0001060	1		expansion	FALSE
Dolichovespula_sylvestris	N0.HOG0001080	1		expansion	FALSE
Dolichovespula_sylvestris	N0.HOG0001176	1		expansion	FALSE
Dolichovespula_sylvestris	N0.HOG0001192	1		expansion	FALSE
Dolichovespula_sylvestris	N0.HOG0001262	1		expansion	FALSE
Dolichovespula_sylvestris	N0.HOG0001265	1		expansion	FALSE
Dolichovespula_sylvestris	N0.HOG0001269	1		expansion	FALSE
Dolichovespula_sylvestris	N0.HOG0001281	1		expansion	FALSE
Dolichovespula_sylvestris	N0.HOG0001317	1		expansion	FALSE
Dolichovespula_sylvestris	N0.HOG0001328	1		expansion	FALSE
Dolichovespula_sylvestris	N0.HOG0001364	1		expansion	FALSE
Dolichovespula_sylvestris	N0.HOG0001371	1		expansion	FALSE
Dolichovespula_sylvestris	N0.HOG0001451	1		expansion	FALSE
Dolichovespula_sylvestris	N0.HOG0001462	1		expansion	FALSE
Dolichovespula_sylvestris	N0.HOG0001549	1		expansion	FALSE
Dolichovespula_sylvestris	N0.HOG0001555	1		expansion	FALSE
Dolichovespula_sylvestris	N0.HOG0001563	1		expansion	FALSE
Dolichovespula_sylvestris	N0.HOG0001582	1		expansion	FALSE
Dolichovespula_sylvestris	N0.HOG0001585	1		expansion	FALSE
Dolichovespula_sylvestris	N0.HOG0001611	1		expansion	FALSE
Dolichovespula_sylvestris	N0.HOG0001673	1		expansion	FALSE
Dolichovespula_sylvestris	N0.HOG0001681	1		expansion	FALSE
Dolichovespula_sylvestris	N0.HOG0001689	1		expansion	FALSE
Dolichovespula_sylvestris	N0.HOG0001736	1		expansion	FALSE
Dolichovespula_sylvestris	N0.HOG0001746	1		expansion	FALSE
Dolichovespula_sylvestris	N0.HOG0001749	1		expansion	FALSE
Dolichovespula_sylvestris	N0.HOG0001751	1		expansion	FALSE
Dolichovespula_sylvestris	N0.HOG0001794	1		expansion	FALSE
Dolichovespula_sylvestris	N0.HOG0001948	1		expansion	FALSE
Dolichovespula_sylvestris	N0.HOG0001976	1		expansion	FALSE
Dolichovespula_sylvestris	N0.HOG0001982	1		expansion	FALSE
Dolichovespula_sylvestris	N0.HOG0001994	1		expansion	FALSE
Dolichovespula_sylvestris	N0.HOG0002086	1		expansion	FALSE
Dolichovespula_sylvestris	N0.HOG0002087	1		expansion	FALSE
Dolichovespula_sylvestris	N0.HOG0002127	1		expansion	FALSE
Dolichovespula_sylvestris	N0.HOG0002152	1		expansion	FALSE
Dolichovespula_sylvestris	N0.HOG0002223	1		expansion	FALSE
Dolichovespula_sylvestris	N0.HOG0002290	1		expansion	FALSE
Dolichovespula_sylvestris	N0.HOG0002316	1		expansion	FALSE
Dolichovespula_sylvestris	N0.HOG0002329	1		expansion	FALSE
Dolichovespula_sylvestris	N0.HOG0002353	1		expansion	FALSE
Dolichovespula_sylvestris	N0.HOG0002425	1		expansion	FALSE
Dolichovespula_sylvestris	N0.HOG0002433	1		expansion	FALSE
Dolichovespula_sylvestris	N0.HOG0002448	1		expansion	FALSE
Dolichovespula_sylvestris	N0.HOG0002467	1		expansion	FALSE
Dolichovespula_sylvestris	N0.HOG0002502	1		expansion	FALSE
Dolichovespula_sylvestris	N0.HOG0002521	1		expansion	FALSE
Dolichovespula_sylvestris	N0.HOG0002522	1		expansion	FALSE
Dolichovespula_sylvestris	N0.HOG0002602	1		expansion	FALSE
Dolichovespula_sylvestris	N0.HOG0002605	1		expansion	FALSE
Dolichovespula_sylvestris	N0.HOG0002680	1		expansion	FALSE
Dolichovespula_sylvestris	N0.HOG0002702	1		expansion	FALSE
Dolichovespula_sylvestris	N0.HOG0002705	1		expansion	FALSE
Dolichovespula_sylvestris	N0.HOG0002708	1		expansion	FALSE
Dolichovespula_sylvestris	N0.HOG0002717	1		expansion	FALSE
Dolichovespula_sylvestris	N0.HOG0002775	1		expansion	FALSE
Dolichovespula_sylvestris	N0.HOG0002776	1		expansion	FALSE
Dolichovespula_sylvestris	N0.HOG0002811	1		expansion	FALSE
Dolichovespula_sylvestris	N0.HOG0002847	1		expansion	FALSE
Dolichovespula_sylvestris	N0.HOG0002859	1		expansion	FALSE
Dolichovespula_sylvestris	N0.HOG0002860	1		expansion	FALSE
Dolichovespula_sylvestris	N0.HOG0002869	1		expansion	FALSE
Dolichovespula_sylvestris	N0.HOG0002903	1		expansion	FALSE
Dolichovespula_sylvestris	N0.HOG0002931	1		expansion	FALSE
Dolichovespula_sylvestris	N0.HOG0002933	1		expansion	FALSE
Dolichovespula_sylvestris	N0.HOG0002944	1		expansion	FALSE
Dolichovespula_sylvestris	N0.HOG0002967	1		expansion	FALSE
Dolichovespula_sylvestris	N0.HOG0002992	1		expansion	FALSE
Dolichovespula_sylvestris	N0.HOG0003010	1		expansion	FALSE
Dolichovespula_sylvestris	N0.HOG0003037	1		expansion	FALSE
Dolichovespula_sylvestris	N0.HOG0003059	1		expansion	FALSE
Dolichovespula_sylvestris	N0.HOG0003179	1		expansion	FALSE
Dolichovespula_sylvestris	N0.HOG0003185	1		expansion	FALSE
Dolichovespula_sylvestris	N0.HOG0003186	1		expansion	FALSE
Dolichovespula_sylvestris	N0.HOG0003209	1		expansion	FALSE
Dolichovespula_sylvestris	N0.HOG0003289	1		expansion	FALSE
Dolichovespula_sylvestris	N0.HOG0003298	1		expansion	FALSE
Dolichovespula_sylvestris	N0.HOG0003302	1		expansion	FALSE
Dolichovespula_sylvestris	N0.HOG0003309	1		expansion	FALSE
Dolichovespula_sylvestris	N0.HOG0003310	1		expansion	FALSE
Dolichovespula_sylvestris	N0.HOG0003430	1		expansion	FALSE
Dolichovespula_sylvestris	N0.HOG0003443	1		expansion	FALSE
Dolichovespula_sylvestris	N0.HOG0003467	1		expansion	FALSE
Dolichovespula_sylvestris	N0.HOG0003473	1		expansion	FALSE
Dolichovespula_sylvestris	N0.HOG0003538	1		expansion	FALSE
Dolichovespula_sylvestris	N0.HOG0003617	1		expansion	FALSE
Dolichovespula_sylvestris	N0.HOG0003717	1		expansion	FALSE
Dolichovespula_sylvestris	N0.HOG0003719	1		expansion	FALSE
Dolichovespula_sylvestris	N0.HOG0003734	1		expansion	FALSE
Dolichovespula_sylvestris	N0.HOG0003809	1		expansion	FALSE
Dolichovespula_sylvestris	N0.HOG0003872	1		expansion	FALSE
Dolichovespula_sylvestris	N0.HOG0003901	1		expansion	FALSE
Dolichovespula_sylvestris	N0.HOG0003965	1		expansion	FALSE
Dolichovespula_sylvestris	N0.HOG0003984	1		expansion	FALSE
Dolichovespula_sylvestris	N0.HOG0003997	1		expansion	FALSE
Dolichovespula_sylvestris	N0.HOG0004021	1		expansion	FALSE
Dolichovespula_sylvestris	N0.HOG0004092	1		expansion	FALSE
Dolichovespula_sylvestris	N0.HOG0004106	1		expansion	FALSE
Dolichovespula_sylvestris	N0.HOG0004129	1		expansion	FALSE
Dolichovespula_sylvestris	N0.HOG0004165	1		expansion	FALSE
Dolichovespula_sylvestris	N0.HOG0004166	1		expansion	FALSE
Dolichovespula_sylvestris	N0.HOG0004177	1		expansion	FALSE
Dolichovespula_sylvestris	N0.HOG0004209	1		expansion	FALSE
Dolichovespula_sylvestris	N0.HOG0004322	1		expansion	FALSE
Dolichovespula_sylvestris	N0.HOG0004434	1		expansion	FALSE
Dolichovespula_sylvestris	N0.HOG0004437	1		expansion	FALSE
Dolichovespula_sylvestris	N0.HOG0004531	1		expansion	FALSE
Dolichovespula_sylvestris	N0.HOG0004543	1		expansion	FALSE
Dolichovespula_sylvestris	N0.HOG0004557	1		expansion	FALSE
Dolichovespula_sylvestris	N0.HOG0004586	1		expansion	FALSE
Dolichovespula_sylvestris	N0.HOG0004617	1		expansion	FALSE
Dolichovespula_sylvestris	N0.HOG0004670	1		expansion	FALSE
Dolichovespula_sylvestris	N0.HOG0004699	1		expansion	FALSE
Dolichovespula_sylvestris	N0.HOG0004751	1		expansion	FALSE
Dolichovespula_sylvestris	N0.HOG0004775	1		expansion	FALSE
Dolichovespula_sylvestris	N0.HOG0004844	1		expansion	FALSE
Dolichovespula_sylvestris	N0.HOG0004878	1		expansion	FALSE
Dolichovespula_sylvestris	N0.HOG0004928	1		expansion	FALSE
Dolichovespula_sylvestris	N0.HOG0004993	1		expansion	FALSE
Dolichovespula_sylvestris	N0.HOG0005019	1		expansion	FALSE
Dolichovespula_sylvestris	N0.HOG0005220	1		expansion	FALSE
Dolichovespula_sylvestris	N0.HOG0005333	1		expansion	FALSE
Dolichovespula_sylvestris	N0.HOG0005470	1		expansion	FALSE
Dolichovespula_sylvestris	N0.HOG0005512	1		expansion	FALSE
Dolichovespula_sylvestris	N0.HOG0005628	1		expansion	FALSE
Dolichovespula_sylvestris	N0.HOG0005657	1		expansion	FALSE
Dolichovespula_sylvestris	N0.HOG0005772	1		expansion	FALSE
Dolichovespula_sylvestris	N0.HOG0005781	1		expansion	FALSE
Dolichovespula_sylvestris	N0.HOG0005830	1		expansion	FALSE
Dolichovespula_sylvestris	N0.HOG0005907	1		expansion	FALSE
Dolichovespula_sylvestris	N0.HOG0005922	1		expansion	FALSE
Dolichovespula_sylvestris	N0.HOG0005962	1		expansion	FALSE
Dolichovespula_sylvestris	N0.HOG0006044	1		expansion	FALSE
Dolichovespula_sylvestris	N0.HOG0006082	1		expansion	FALSE
Dolichovespula_sylvestris	N0.HOG0006145	1		expansion	FALSE
Dolichovespula_sylvestris	N0.HOG0006206	1		expansion	FALSE
Dolichovespula_sylvestris	N0.HOG0006279	1		expansion	FALSE
Dolichovespula_sylvestris	N0.HOG0006438	1		expansion	FALSE
Dolichovespula_sylvestris	N0.HOG0006439	1		expansion	FALSE
Dolichovespula_sylvestris	N0.HOG0006463	1		expansion	FALSE
Dolichovespula_sylvestris	N0.HOG0006474	1		expansion	FALSE
Dolichovespula_sylvestris	N0.HOG0006481	1		expansion	FALSE
Dolichovespula_sylvestris	N0.HOG0006605	1		expansion	FALSE
Dolichovespula_sylvestris	N0.HOG0006689	1		expansion	FALSE
Dolichovespula_sylvestris	N0.HOG0006697	1		expansion	FALSE
Dolichovespula_sylvestris	N0.HOG0006832	1		expansion	FALSE
Dolichovespula_sylvestris	N0.HOG0006873	1		expansion	FALSE
Dolichovespula_sylvestris	N0.HOG0006948	1		expansion	FALSE
Dolichovespula_sylvestris	N0.HOG0006991	1		expansion	FALSE
Dolichovespula_sylvestris	N0.HOG0007008	1		expansion	FALSE
Dolichovespula_sylvestris	N0.HOG0007164	1		expansion	FALSE
Dolichovespula_sylvestris	N0.HOG0007316	1		expansion	FALSE
Dolichovespula_sylvestris	N0.HOG0007327	1		expansion	FALSE
Dolichovespula_sylvestris	N0.HOG0007364	1		expansion	FALSE
Dolichovespula_sylvestris	N0.HOG0007487	1		expansion	FALSE
Dolichovespula_sylvestris	N0.HOG0007659	1		expansion	FALSE
Dolichovespula_sylvestris	N0.HOG0007777	1		expansion	FALSE
Dolichovespula_sylvestris	N0.HOG0007910	1		expansion	FALSE
Dolichovespula_sylvestris	N0.HOG0007924	1		expansion	FALSE
Dolichovespula_sylvestris	N0.HOG0008085	1		expansion	FALSE
Dolichovespula_sylvestris	N0.HOG0008116	1		expansion	FALSE
Dolichovespula_sylvestris	N0.HOG0008145	1		expansion	FALSE
Dolichovespula_sylvestris	N0.HOG0008249	1		expansion	FALSE
Dolichovespula_sylvestris	N0.HOG0008303	1		expansion	FALSE
Dolichovespula_sylvestris	N0.HOG0008354	1		expansion	FALSE
Dolichovespula_sylvestris	N0.HOG0008452	1		expansion	FALSE
Dolichovespula_sylvestris	N0.HOG0008594	1		expansion	FALSE
Dolichovespula_sylvestris	N0.HOG0008637	1		expansion	FALSE
Dolichovespula_sylvestris	N0.HOG0009556	1		expansion	FALSE
Dolichovespula_sylvestris	N0.HOG0009614	1		expansion	FALSE
Dolichovespula_sylvestris	N0.HOG0009905	1		expansion	FALSE
Dolichovespula_sylvestris	N0.HOG0000021	-1		contraction	FALSE
Dolichovespula_sylvestris	N0.HOG0000035	-1		contraction	FALSE
Dolichovespula_sylvestris	N0.HOG0000092	-1		contraction	FALSE
Dolichovespula_sylvestris	N0.HOG0000109	-1		contraction	FALSE
Dolichovespula_sylvestris	N0.HOG0000115	-1		contraction	FALSE
Dolichovespula_sylvestris	N0.HOG0000156	-1		contraction	FALSE
Dolichovespula_sylvestris	N0.HOG0000157	-1		contraction	FALSE
Dolichovespula_sylvestris	N0.HOG0000172	-1		contraction	FALSE
Dolichovespula_sylvestris	N0.HOG0000178	-1		contraction	FALSE
Dolichovespula_sylvestris	N0.HOG0000190	-1		contraction	FALSE
Dolichovespula_sylvestris	N0.HOG0000202	-1		contraction	FALSE
Dolichovespula_sylvestris	N0.HOG0000208	-1		contraction	FALSE
Dolichovespula_sylvestris	N0.HOG0000210	-1		contraction	FALSE
Dolichovespula_sylvestris	N0.HOG0000221	-1		contraction	FALSE
Dolichovespula_sylvestris	N0.HOG0000226	-1		contraction	FALSE
Dolichovespula_sylvestris	N0.HOG0000229	-1		contraction	FALSE
Dolichovespula_sylvestris	N0.HOG0000230	-1		contraction	FALSE
Dolichovespula_sylvestris	N0.HOG0000286	-1		contraction	FALSE
Dolichovespula_sylvestris	N0.HOG0000288	-1		contraction	FALSE
Dolichovespula_sylvestris	N0.HOG0000359	-1		contraction	FALSE
Dolichovespula_sylvestris	N0.HOG0000389	-1		contraction	FALSE
Dolichovespula_sylvestris	N0.HOG0000398	-1		contraction	FALSE
Dolichovespula_sylvestris	N0.HOG0000407	-1		contraction	FALSE
Dolichovespula_sylvestris	N0.HOG0000412	-1		contraction	FALSE
Dolichovespula_sylvestris	N0.HOG0000415	-1		contraction	FALSE
Dolichovespula_sylvestris	N0.HOG0000439	-1		contraction	FALSE
Dolichovespula_sylvestris	N0.HOG0000445	-1		contraction	FALSE
Dolichovespula_sylvestris	N0.HOG0000466	-1		contraction	FALSE
Dolichovespula_sylvestris	N0.HOG0000482	-1		contraction	FALSE
Dolichovespula_sylvestris	N0.HOG0000490	-1		contraction	FALSE
Dolichovespula_sylvestris	N0.HOG0000493	-1		contraction	FALSE
Dolichovespula_sylvestris	N0.HOG0000506	-1		contraction	FALSE
Dolichovespula_sylvestris	N0.HOG0000519	-1		contraction	FALSE
Dolichovespula_sylvestris	N0.HOG0000543	-1		contraction	FALSE
Dolichovespula_sylvestris	N0.HOG0000548	-1		contraction	FALSE
Dolichovespula_sylvestris	N0.HOG0000549	-1		contraction	FALSE
Dolichovespula_sylvestris	N0.HOG0000558	-1		contraction	FALSE
Dolichovespula_sylvestris	N0.HOG0000561	-1		contraction	FALSE
Dolichovespula_sylvestris	N0.HOG0000585	-1		contraction	FALSE
Dolichovespula_sylvestris	N0.HOG0000586	-1		contraction	FALSE
Dolichovespula_sylvestris	N0.HOG0000587	-1		contraction	FALSE
Dolichovespula_sylvestris	N0.HOG0000604	-1		contraction	FALSE
Dolichovespula_sylvestris	N0.HOG0000612	-1		contraction	FALSE
Dolichovespula_sylvestris	N0.HOG0000615	-1		contraction	FALSE
Dolichovespula_sylvestris	N0.HOG0000621	-1		contraction	FALSE
Dolichovespula_sylvestris	N0.HOG0000636	-1		contraction	FALSE
Dolichovespula_sylvestris	N0.HOG0000648	-1		contraction	FALSE
Dolichovespula_sylvestris	N0.HOG0000671	-1		contraction	FALSE
Dolichovespula_sylvestris	N0.HOG0000677	-1		contraction	FALSE
Dolichovespula_sylvestris	N0.HOG0000689	-1		contraction	FALSE
Dolichovespula_sylvestris	N0.HOG0000712	-1		contraction	FALSE
Dolichovespula_sylvestris	N0.HOG0000734	-1		contraction	FALSE
Dolichovespula_sylvestris	N0.HOG0000751	-1		contraction	FALSE
Dolichovespula_sylvestris	N0.HOG0000753	-1		contraction	FALSE
Dolichovespula_sylvestris	N0.HOG0000786	-1		contraction	FALSE
Dolichovespula_sylvestris	N0.HOG0000804	-1		contraction	FALSE
Dolichovespula_sylvestris	N0.HOG0000825	-1		contraction	FALSE
Dolichovespula_sylvestris	N0.HOG0000837	-1		contraction	FALSE
Dolichovespula_sylvestris	N0.HOG0000852	-1		contraction	FALSE
Dolichovespula_sylvestris	N0.HOG0000871	-1		contraction	FALSE
Dolichovespula_sylvestris	N0.HOG0000896	-1		contraction	FALSE
Dolichovespula_sylvestris	N0.HOG0000913	-1		contraction	FALSE
Dolichovespula_sylvestris	N0.HOG0000954	-1		contraction	FALSE
Dolichovespula_sylvestris	N0.HOG0001116	-1		contraction	FALSE
Dolichovespula_sylvestris	N0.HOG0001202	-1		contraction	FALSE
Dolichovespula_sylvestris	N0.HOG0001273	-1		contraction	FALSE
Dolichovespula_sylvestris	N0.HOG0001282	-1		contraction	FALSE
Dolichovespula_sylvestris	N0.HOG0001290	-1		contraction	FALSE
Dolichovespula_sylvestris	N0.HOG0001296	-1		contraction	FALSE
Dolichovespula_sylvestris	N0.HOG0001311	-1		contraction	FALSE
Dolichovespula_sylvestris	N0.HOG0001334	-1		contraction	FALSE
Dolichovespula_sylvestris	N0.HOG0001369	-1		contraction	FALSE
Dolichovespula_sylvestris	N0.HOG0001397	-1		contraction	FALSE
Dolichovespula_sylvestris	N0.HOG0001411	-1		contraction	FALSE
Dolichovespula_sylvestris	N0.HOG0001425	-1		contraction	FALSE
Dolichovespula_sylvestris	N0.HOG0001434	-1		contraction	FALSE
Dolichovespula_sylvestris	N0.HOG0001483	-1		contraction	FALSE
Dolichovespula_sylvestris	N0.HOG0001516	-1		contraction	FALSE
Dolichovespula_sylvestris	N0.HOG0001526	-1		contraction	FALSE
Dolichovespula_sylvestris	N0.HOG0001593	-1		contraction	FALSE
Dolichovespula_sylvestris	N0.HOG0001623	-1		contraction	FALSE
Dolichovespula_sylvestris	N0.HOG0001637	-1		contraction	FALSE
Dolichovespula_sylvestris	N0.HOG0001706	-1		contraction	FALSE
Dolichovespula_sylvestris	N0.HOG0001723	-1		contraction	FALSE
Dolichovespula_sylvestris	N0.HOG0001773	-1		contraction	FALSE
Dolichovespula_sylvestris	N0.HOG0001883	-1		contraction	FALSE
Dolichovespula_sylvestris	N0.HOG0001951	-1		contraction	FALSE
Dolichovespula_sylvestris	N0.HOG0001988	-1		contraction	FALSE
Dolichovespula_sylvestris	N0.HOG0002022	-1		contraction	FALSE
Dolichovespula_sylvestris	N0.HOG0002245	-1		contraction	FALSE
Dolichovespula_sylvestris	N0.HOG0002285	-1		contraction	FALSE
Dolichovespula_sylvestris	N0.HOG0002318	-1		contraction	FALSE
Dolichovespula_sylvestris	N0.HOG0002390	-1		contraction	FALSE
Dolichovespula_sylvestris	N0.HOG0002393	-1		contraction	FALSE
Dolichovespula_sylvestris	N0.HOG0002430	-1		contraction	FALSE
Dolichovespula_sylvestris	N0.HOG0002447	-1		contraction	FALSE
Dolichovespula_sylvestris	N0.HOG0002471	-1		contraction	FALSE
Dolichovespula_sylvestris	N0.HOG0002481	-1		contraction	FALSE
Dolichovespula_sylvestris	N0.HOG0002554	-1		contraction	FALSE
Dolichovespula_sylvestris	N0.HOG0002709	-1		contraction	FALSE
Dolichovespula_sylvestris	N0.HOG0002712	-1		contraction	FALSE
Dolichovespula_sylvestris	N0.HOG0002784	-1		contraction	FALSE
Dolichovespula_sylvestris	N0.HOG0002804	-1		contraction	FALSE
Dolichovespula_sylvestris	N0.HOG0002845	-1		contraction	FALSE
Dolichovespula_sylvestris	N0.HOG0003051	-1		contraction	FALSE
Dolichovespula_sylvestris	N0.HOG0003084	-1		contraction	FALSE
Dolichovespula_sylvestris	N0.HOG0003166	-1		contraction	FALSE
Dolichovespula_sylvestris	N0.HOG0003202	-1		contraction	FALSE
Dolichovespula_sylvestris	N0.HOG0003239	-1		contraction	FALSE
Dolichovespula_sylvestris	N0.HOG0003241	-1		contraction	FALSE
Dolichovespula_sylvestris	N0.HOG0003279	-1		contraction	FALSE
Dolichovespula_sylvestris	N0.HOG0003387	-1		contraction	FALSE
Dolichovespula_sylvestris	N0.HOG0003411	-1		contraction	FALSE
Dolichovespula_sylvestris	N0.HOG0003546	-1		contraction	FALSE
Dolichovespula_sylvestris	N0.HOG0003879	-1		contraction	FALSE
Dolichovespula_sylvestris	N0.HOG0003980	-1		contraction	FALSE
Dolichovespula_sylvestris	N0.HOG0004046	-1		contraction	FALSE
Dolichovespula_sylvestris	N0.HOG0004236	-1		contraction	FALSE
Dolichovespula_sylvestris	N0.HOG0004458	-1		contraction	FALSE
Dolichovespula_sylvestris	N0.HOG0004550	-1		contraction	FALSE
Dolichovespula_sylvestris	N0.HOG0004604	-1		contraction	FALSE
Dolichovespula_sylvestris	N0.HOG0004772	-1		contraction	FALSE
Dolichovespula_sylvestris	N0.HOG0005068	-1		contraction	FALSE
Dolichovespula_sylvestris	N0.HOG0005443	-1		contraction	FALSE
Dolichovespula_sylvestris	N0.HOG0005517	-1		contraction	FALSE
Dolichovespula_sylvestris	N0.HOG0005569	-1		contraction	FALSE
Dolichovespula_sylvestris	N0.HOG0005571	-1		contraction	FALSE
Dolichovespula_sylvestris	N0.HOG0005656	-1		contraction	FALSE
Dolichovespula_sylvestris	N0.HOG0005745	-1		contraction	FALSE
Dolichovespula_sylvestris	N0.HOG0005813	-1		contraction	FALSE
Dolichovespula_sylvestris	N0.HOG0005824	-1		contraction	FALSE
Dolichovespula_sylvestris	N0.HOG0006060	-1		contraction	FALSE
Dolichovespula_sylvestris	N0.HOG0006169	-1		contraction	FALSE
Dolichovespula_sylvestris	N0.HOG0006231	-1		contraction	FALSE
Dolichovespula_sylvestris	N0.HOG0006241	-1		contraction	FALSE
Dolichovespula_sylvestris	N0.HOG0006286	-1		contraction	FALSE
Dolichovespula_sylvestris	N0.HOG0006325	-1		contraction	FALSE
Dolichovespula_sylvestris	N0.HOG0006347	-1		contraction	FALSE
Dolichovespula_sylvestris	N0.HOG0006353	-1		contraction	FALSE
Dolichovespula_sylvestris	N0.HOG0006427	-1		contraction	FALSE
Dolichovespula_sylvestris	N0.HOG0006611	-1		contraction	FALSE
Dolichovespula_sylvestris	N0.HOG0006705	-1		contraction	FALSE
Dolichovespula_sylvestris	N0.HOG0006812	-1		contraction	FALSE
Dolichovespula_sylvestris	N0.HOG0006829	-1		contraction	FALSE
Dolichovespula_sylvestris	N0.HOG0006831	-1		contraction	FALSE
Dolichovespula_sylvestris	N0.HOG0006851	-1		contraction	FALSE
Dolichovespula_sylvestris	N0.HOG0006967	-1		contraction	FALSE
Dolichovespula_sylvestris	N0.HOG0006971	-1		contraction	FALSE
Dolichovespula_sylvestris	N0.HOG0007031	-1		contraction	FALSE
Dolichovespula_sylvestris	N0.HOG0007032	-1		contraction	FALSE
Dolichovespula_sylvestris	N0.HOG0007093	-1		contraction	FALSE
Dolichovespula_sylvestris	N0.HOG0007125	-1		contraction	FALSE
Dolichovespula_sylvestris	N0.HOG0007133	-1		contraction	FALSE
Dolichovespula_sylvestris	N0.HOG0007143	-1		contraction	FALSE
Dolichovespula_sylvestris	N0.HOG0007242	-1		contraction	FALSE
Dolichovespula_sylvestris	N0.HOG0007262	-1		contraction	FALSE
Dolichovespula_sylvestris	N0.HOG0007318	-1		contraction	FALSE
Dolichovespula_sylvestris	N0.HOG0007365	-1		contraction	FALSE
Dolichovespula_sylvestris	N0.HOG0007379	-1		contraction	FALSE
Dolichovespula_sylvestris	N0.HOG0007415	-1		contraction	FALSE
Dolichovespula_sylvestris	N0.HOG0007426	-1		contraction	FALSE
Dolichovespula_sylvestris	N0.HOG0007466	-1		contraction	FALSE
Dolichovespula_sylvestris	N0.HOG0007482	-1		contraction	FALSE
Dolichovespula_sylvestris	N0.HOG0007504	-1		contraction	FALSE
Dolichovespula_sylvestris	N0.HOG0007559	-1		contraction	FALSE
Dolichovespula_sylvestris	N0.HOG0007595	-1		contraction	FALSE
Dolichovespula_sylvestris	N0.HOG0007618	-1		contraction	FALSE
Dolichovespula_sylvestris	N0.HOG0007627	-1		contraction	FALSE
Dolichovespula_sylvestris	N0.HOG0007676	-1		contraction	FALSE
Dolichovespula_sylvestris	N0.HOG0007695	-1		contraction	FALSE
Dolichovespula_sylvestris	N0.HOG0007725	-1		contraction	FALSE
Dolichovespula_sylvestris	N0.HOG0007760	-1		contraction	FALSE
Dolichovespula_sylvestris	N0.HOG0007772	-1		contraction	FALSE
Dolichovespula_sylvestris	N0.HOG0007780	-1		contraction	FALSE
Dolichovespula_sylvestris	N0.HOG0007789	-1		contraction	FALSE
Dolichovespula_sylvestris	N0.HOG0007790	-1		contraction	FALSE
Dolichovespula_sylvestris	N0.HOG0007804	-1		contraction	FALSE
Dolichovespula_sylvestris	N0.HOG0007829	-1		contraction	FALSE
Dolichovespula_sylvestris	N0.HOG0007871	-1		contraction	FALSE
Dolichovespula_sylvestris	N0.HOG0007878	-1		contraction	FALSE
Dolichovespula_sylvestris	N0.HOG0007882	-1		contraction	FALSE
Dolichovespula_sylvestris	N0.HOG0007901	-1		contraction	FALSE
Dolichovespula_sylvestris	N0.HOG0007908	-1		contraction	FALSE
Dolichovespula_sylvestris	N0.HOG0007918	-1		contraction	FALSE
Dolichovespula_sylvestris	N0.HOG0007920	-1		contraction	FALSE
Dolichovespula_sylvestris	N0.HOG0007921	-1		contraction	FALSE
Dolichovespula_sylvestris	N0.HOG0007930	-1		contraction	FALSE
Dolichovespula_sylvestris	N0.HOG0007979	-1		contraction	FALSE
Dolichovespula_sylvestris	N0.HOG0007993	-1		contraction	FALSE
Dolichovespula_sylvestris	N0.HOG0008000	-1		contraction	FALSE
Dolichovespula_sylvestris	N0.HOG0008004	-1		contraction	FALSE
Dolichovespula_sylvestris	N0.HOG0008007	-1		contraction	FALSE
Dolichovespula_sylvestris	N0.HOG0008009	-1		contraction	FALSE
Dolichovespula_sylvestris	N0.HOG0008016	-1		contraction	FALSE
Dolichovespula_sylvestris	N0.HOG0008017	-1		contraction	FALSE
Dolichovespula_sylvestris	N0.HOG0008031	-1		contraction	FALSE
Dolichovespula_sylvestris	N0.HOG0008056	-1		contraction	FALSE
Dolichovespula_sylvestris	N0.HOG0008064	-1		contraction	FALSE
Dolichovespula_sylvestris	N0.HOG0008078	-1		contraction	FALSE
Dolichovespula_sylvestris	N0.HOG0008082	-1		contraction	FALSE
Dolichovespula_sylvestris	N0.HOG0008099	-1		contraction	FALSE
Dolichovespula_sylvestris	N0.HOG0008124	-1		contraction	FALSE
Dolichovespula_sylvestris	N0.HOG0008129	-1		contraction	FALSE
Dolichovespula_sylvestris	N0.HOG0008151	-1		contraction	FALSE
Dolichovespula_sylvestris	N0.HOG0008154	-1		contraction	FALSE
Dolichovespula_sylvestris	N0.HOG0008161	-1		contraction	FALSE
Dolichovespula_sylvestris	N0.HOG0008166	-1		contraction	FALSE
Dolichovespula_sylvestris	N0.HOG0008167	-1		contraction	FALSE
Dolichovespula_sylvestris	N0.HOG0008176	-1		contraction	FALSE
Dolichovespula_sylvestris	N0.HOG0008183	-1		contraction	FALSE
Dolichovespula_sylvestris	N0.HOG0008202	-1		contraction	FALSE
Dolichovespula_sylvestris	N0.HOG0008212	-1		contraction	FALSE
Dolichovespula_sylvestris	N0.HOG0008223	-1		contraction	FALSE
Dolichovespula_sylvestris	N0.HOG0008237	-1		contraction	FALSE
Dolichovespula_sylvestris	N0.HOG0008240	-1		contraction	FALSE
Dolichovespula_sylvestris	N0.HOG0008258	-1		contraction	FALSE
Dolichovespula_sylvestris	N0.HOG0008291	-1		contraction	FALSE
Dolichovespula_sylvestris	N0.HOG0008296	-1		contraction	FALSE
Dolichovespula_sylvestris	N0.HOG0008302	-1		contraction	FALSE
Dolichovespula_sylvestris	N0.HOG0008304	-1		contraction	FALSE
Dolichovespula_sylvestris	N0.HOG0008314	-1		contraction	FALSE
Dolichovespula_sylvestris	N0.HOG0008318	-1		contraction	FALSE
Dolichovespula_sylvestris	N0.HOG0008326	-1		contraction	FALSE
Dolichovespula_sylvestris	N0.HOG0008334	-1		contraction	FALSE
Dolichovespula_sylvestris	N0.HOG0008342	-1		contraction	FALSE
Dolichovespula_sylvestris	N0.HOG0008344	-1		contraction	FALSE
Dolichovespula_sylvestris	N0.HOG0008350	-1		contraction	FALSE
Dolichovespula_sylvestris	N0.HOG0008361	-1		contraction	FALSE
Dolichovespula_sylvestris	N0.HOG0008399	-1		contraction	FALSE
Dolichovespula_sylvestris	N0.HOG0008402	-1		contraction	FALSE
Dolichovespula_sylvestris	N0.HOG0008405	-1		contraction	FALSE
Dolichovespula_sylvestris	N0.HOG0008406	-1		contraction	FALSE
Dolichovespula_sylvestris	N0.HOG0008432	-1		contraction	FALSE
Dolichovespula_sylvestris	N0.HOG0008440	-1		contraction	FALSE
Dolichovespula_sylvestris	N0.HOG0008443	-1		contraction	FALSE
Dolichovespula_sylvestris	N0.HOG0008454	-1		contraction	FALSE
Dolichovespula_sylvestris	N0.HOG0008467	-1		contraction	FALSE
Dolichovespula_sylvestris	N0.HOG0008473	-1		contraction	FALSE
Dolichovespula_sylvestris	N0.HOG0008484	-1		contraction	FALSE
Dolichovespula_sylvestris	N0.HOG0008493	-1		contraction	FALSE
Dolichovespula_sylvestris	N0.HOG0008504	-1		contraction	FALSE
Dolichovespula_sylvestris	N0.HOG0008507	-1		contraction	FALSE
Dolichovespula_sylvestris	N0.HOG0008523	-1		contraction	FALSE
Dolichovespula_sylvestris	N0.HOG0008524	-1		contraction	FALSE
Dolichovespula_sylvestris	N0.HOG0008539	-1		contraction	FALSE
Dolichovespula_sylvestris	N0.HOG0008540	-1		contraction	FALSE
Dolichovespula_sylvestris	N0.HOG0008544	-1		contraction	FALSE
Dolichovespula_sylvestris	N0.HOG0008546	-1		contraction	FALSE
Dolichovespula_sylvestris	N0.HOG0008553	-1		contraction	FALSE
Dolichovespula_sylvestris	N0.HOG0008560	-1		contraction	FALSE
Dolichovespula_sylvestris	N0.HOG0008573	-1		contraction	FALSE
Dolichovespula_sylvestris	N0.HOG0008581	-1		contraction	FALSE
Dolichovespula_sylvestris	N0.HOG0008590	-1		contraction	FALSE
Dolichovespula_sylvestris	N0.HOG0008592	-1		contraction	FALSE
Dolichovespula_sylvestris	N0.HOG0008595	-1		contraction	FALSE
Dolichovespula_sylvestris	N0.HOG0008602	-1		contraction	FALSE
Dolichovespula_sylvestris	N0.HOG0008616	-1		contraction	FALSE
Dolichovespula_sylvestris	N0.HOG0008619	-1		contraction	FALSE
Dolichovespula_sylvestris	N0.HOG0008625	-1		contraction	FALSE
Dolichovespula_sylvestris	N0.HOG0008626	-1		contraction	FALSE
Dolichovespula_sylvestris	N0.HOG0008633	-1		contraction	FALSE
Dolichovespula_sylvestris	N0.HOG0008655	-1		contraction	FALSE
Dolichovespula_sylvestris	N0.HOG0008659	-1		contraction	FALSE
Dolichovespula_sylvestris	N0.HOG0008660	-1		contraction	FALSE
Dolichovespula_sylvestris	N0.HOG0008661	-1		contraction	FALSE
Dolichovespula_sylvestris	N0.HOG0008663	-1		contraction	FALSE
Dolichovespula_sylvestris	N0.HOG0008674	-1		contraction	FALSE
Dolichovespula_sylvestris	N0.HOG0008677	-1		contraction	FALSE
Dolichovespula_sylvestris	N0.HOG0008731	-1		contraction	FALSE
Dolichovespula_sylvestris	N0.HOG0008733	-1		contraction	FALSE
Dolichovespula_sylvestris	N0.HOG0008764	-1		contraction	FALSE
Dolichovespula_sylvestris	N0.HOG0008767	-1		contraction	FALSE
Dolichovespula_sylvestris	N0.HOG0008771	-1		contraction	FALSE
Dolichovespula_sylvestris	N0.HOG0008774	-1		contraction	FALSE
Dolichovespula_sylvestris	N0.HOG0008783	-1		contraction	FALSE
Dolichovespula_sylvestris	N0.HOG0008797	-1		contraction	FALSE
Dolichovespula_sylvestris	N0.HOG0008802	-1		contraction	FALSE
Dolichovespula_sylvestris	N0.HOG0008808	-1		contraction	FALSE
Dolichovespula_sylvestris	N0.HOG0008815	-1		contraction	FALSE
Dolichovespula_sylvestris	N0.HOG0008821	-1		contraction	FALSE
Dolichovespula_sylvestris	N0.HOG0008824	-1		contraction	FALSE
Dolichovespula_sylvestris	N0.HOG0008836	-1		contraction	FALSE
Dolichovespula_sylvestris	N0.HOG0008840	-1		contraction	FALSE
Dolichovespula_sylvestris	N0.HOG0008844	-1		contraction	FALSE
Dolichovespula_sylvestris	N0.HOG0008878	-1		contraction	FALSE
Dolichovespula_sylvestris	N0.HOG0008905	-1		contraction	FALSE
Dolichovespula_sylvestris	N0.HOG0008941	-1		contraction	FALSE
Dolichovespula_sylvestris	N0.HOG0008949	-1		contraction	FALSE
Dolichovespula_sylvestris	N0.HOG0008954	-1		contraction	FALSE
Dolichovespula_sylvestris	N0.HOG0008969	-1		contraction	FALSE
Dolichovespula_sylvestris	N0.HOG0009001	-1		contraction	FALSE
Dolichovespula_sylvestris	N0.HOG0009009	-1		contraction	FALSE
Dolichovespula_sylvestris	N0.HOG0009023	-1		contraction	FALSE
Dolichovespula_sylvestris	N0.HOG0009066	-1		contraction	FALSE
Dolichovespula_sylvestris	N0.HOG0009067	-1		contraction	FALSE
Dolichovespula_sylvestris	N0.HOG0009073	-1		contraction	FALSE
Dolichovespula_sylvestris	N0.HOG0009077	-1		contraction	FALSE
Dolichovespula_sylvestris	N0.HOG0009141	-1		contraction	FALSE
Dolichovespula_sylvestris	N0.HOG0009211	-1		contraction	FALSE
Dolichovespula_sylvestris	N0.HOG0009243	-1		contraction	FALSE
Dolichovespula_sylvestris	N0.HOG0009299	-1		contraction	FALSE
Dolichovespula_sylvestris	N0.HOG0009322	-1		contraction	FALSE
Dolichovespula_sylvestris	N0.HOG0009369	-1		contraction	FALSE
Dolichovespula_sylvestris	N0.HOG0009370	-1		contraction	FALSE
Dolichovespula_sylvestris	N0.HOG0009385	-1		contraction	FALSE
Dolichovespula_sylvestris	N0.HOG0009588	-1		contraction	FALSE
Dolichovespula_sylvestris	N0.HOG0009659	-1		contraction	FALSE
Dolichovespula_sylvestris	N0.HOG0009761	-1		contraction	FALSE
Dolichovespula_sylvestris	N0.HOG0009946	-1		contraction	FALSE
Dolichovespula_sylvestris	N0.HOG0009999	-1		contraction	FALSE
Dolichovespula_sylvestris	N0.HOG0010066	-1		contraction	FALSE
Dolichovespula_sylvestris	N0.HOG0010468	-1		contraction	FALSE
Dolichovespula_sylvestris	N0.HOG0001209	-2		contraction	FALSE
Dolichovespula_sylvestris	N0.HOG0000044	-4	4.71744e-07	contraction	TRUE
Dolichovespula_sylvestris	N0.HOG0000857	3	2.96662e-06	expansion	TRUE
Dolichovespula_sylvestris	N0.HOG0000928	3	2.96662e-06	expansion	TRUE
Dolichovespula_sylvestris	N0.HOG0000932	3	2.96662e-06	expansion	TRUE
Dolichovespula_sylvestris	N0.HOG0001260	3	2.96662e-06	expansion	TRUE
Dolichovespula_sylvestris	N0.HOG0000042	-4	4.55178e-06	contraction	TRUE
Dolichovespula_sylvestris	N0.HOG0000999	3	1.15462e-05	expansion	TRUE
Dolichovespula_sylvestris	N0.HOG0001482	-3	1.4901e-05	contraction	TRUE
Dolichovespula_sylvestris	N0.HOG0000100	-3	3.45943e-05	contraction	TRUE
Dolichovespula_sylvestris	N0.HOG0000762	2	0.000163851	expansion	TRUE
Dolichovespula_sylvestris	N0.HOG0001081	2	0.000163851	expansion	TRUE
Dolichovespula_sylvestris	N0.HOG0001353	2	0.000163851	expansion	TRUE
Dolichovespula_sylvestris	N0.HOG0001777	2	0.000163851	expansion	TRUE
Dolichovespula_sylvestris	N0.HOG0001815	2	0.000163851	expansion	TRUE
Dolichovespula_sylvestris	N0.HOG0002153	2	0.000163851	expansion	TRUE
Dolichovespula_sylvestris	N0.HOG0002539	2	0.000163851	expansion	TRUE
Dolichovespula_sylvestris	N0.HOG0002661	2	0.000163851	expansion	TRUE
Dolichovespula_sylvestris	N0.HOG0009903	2	0.000163851	expansion	TRUE
Dolichovespula_sylvestris	N0.HOG0010685	2	0.000163851	expansion	TRUE
Dolichovespula_sylvestris	N0.HOG0000103	-2	0.000186487	contraction	TRUE
Dolichovespula_sylvestris	N0.HOG0000639	-2	0.000186487	contraction	TRUE
Dolichovespula_sylvestris	N0.HOG0000670	-2	0.000186487	contraction	TRUE
Dolichovespula_sylvestris	N0.HOG0000728	-2	0.000186487	contraction	TRUE
Dolichovespula_sylvestris	N0.HOG0000947	-2	0.000186487	contraction	TRUE
Dolichovespula_sylvestris	N0.HOG0001142	-2	0.000186487	contraction	TRUE
Dolichovespula_sylvestris	N0.HOG0001360	-2	0.000186487	contraction	TRUE
Dolichovespula_sylvestris	N0.HOG0001978	-2	0.000186487	contraction	TRUE
Dolichovespula_sylvestris	N0.HOG0008070	-2	0.000186487	contraction	TRUE
Dolichovespula_sylvestris	N0.HOG0008704	-2	0.000186487	contraction	TRUE
Dolichovespula_sylvestris	N0.HOG0008883	-2	0.000186487	contraction	TRUE
Dolichovespula_sylvestris	N0.HOG0000069	-3	0.000252579	contraction	TRUE
Dolichovespula_sylvestris	N0.HOG0000269	-2	0.000534705	contraction	TRUE
Dolichovespula_sylvestris	N0.HOG0000299	-2	0.000534705	contraction	TRUE
Dolichovespula_sylvestris	N0.HOG0000114	-3	0.000615131	contraction	TRUE
Dolichovespula_sylvestris	N0.HOG0001246	2	0.000807556	expansion	TRUE
Dolichovespula_sylvestris	N0.HOG0007574	2	0.000807556	expansion	TRUE
Dolichovespula_sylvestris	N0.HOG0000063	-2	0.00170538	contraction	TRUE
Dolichovespula_sylvestris	N0.HOG0000163	-2	0.00170538	contraction	TRUE
Dolichovespula_sylvestris	N0.HOG0000007	1	0.0090498	expansion	TRUE
Dolichovespula_sylvestris	N0.HOG0000037	1	0.0090498	expansion	TRUE
Dolichovespula_sylvestris	N0.HOG0000046	1	0.0090498	expansion	TRUE
Dolichovespula_sylvestris	N0.HOG0000051	1	0.0090498	expansion	TRUE
Dolichovespula_sylvestris	N0.HOG0000304	1	0.0090498	expansion	TRUE
Dolichovespula_sylvestris	N0.HOG0000425	1	0.0090498	expansion	TRUE
Dolichovespula_sylvestris	N0.HOG0000594	1	0.0090498	expansion	TRUE
Dolichovespula_sylvestris	N0.HOG0000703	1	0.0090498	expansion	TRUE
Dolichovespula_sylvestris	N0.HOG0000705	1	0.0090498	expansion	TRUE
Dolichovespula_sylvestris	N0.HOG0000722	1	0.0090498	expansion	TRUE
Dolichovespula_sylvestris	N0.HOG0000738	1	0.0090498	expansion	TRUE
Dolichovespula_sylvestris	N0.HOG0000740	1	0.0090498	expansion	TRUE
Dolichovespula_sylvestris	N0.HOG0000780	1	0.0090498	expansion	TRUE
Dolichovespula_sylvestris	N0.HOG0000826	1	0.0090498	expansion	TRUE
Dolichovespula_sylvestris	N0.HOG0000920	1	0.0090498	expansion	TRUE
Dolichovespula_sylvestris	N0.HOG0000949	1	0.0090498	expansion	TRUE
Dolichovespula_sylvestris	N0.HOG0000984	1	0.0090498	expansion	TRUE
Dolichovespula_sylvestris	N0.HOG0000993	1	0.0090498	expansion	TRUE
Dolichovespula_sylvestris	N0.HOG0001004	1	0.0090498	expansion	TRUE
Dolichovespula_sylvestris	N0.HOG0001127	1	0.0090498	expansion	TRUE
Dolichovespula_sylvestris	N0.HOG0001193	1	0.0090498	expansion	TRUE
Dolichovespula_sylvestris	N0.HOG0001227	1	0.0090498	expansion	TRUE
Dolichovespula_sylvestris	N0.HOG0001305	1	0.0090498	expansion	TRUE
Dolichovespula_sylvestris	N0.HOG0001372	1	0.0090498	expansion	TRUE
Dolichovespula_sylvestris	N0.HOG0001502	1	0.0090498	expansion	TRUE
Dolichovespula_sylvestris	N0.HOG0001545	1	0.0090498	expansion	TRUE
Dolichovespula_sylvestris	N0.HOG0001833	1	0.0090498	expansion	TRUE
Dolichovespula_sylvestris	N0.HOG0001933	1	0.0090498	expansion	TRUE
Dolichovespula_sylvestris	N0.HOG0002028	1	0.0090498	expansion	TRUE
Dolichovespula_sylvestris	N0.HOG0002155	1	0.0090498	expansion	TRUE
Dolichovespula_sylvestris	N0.HOG0002403	1	0.0090498	expansion	TRUE
Dolichovespula_sylvestris	N0.HOG0002710	1	0.0090498	expansion	TRUE
Dolichovespula_sylvestris	N0.HOG0002729	1	0.0090498	expansion	TRUE
Dolichovespula_sylvestris	N0.HOG0006869	1	0.0090498	expansion	TRUE
Dolichovespula_sylvestris	N0.HOG0007749	1	0.0090498	expansion	TRUE
Dolichovespula_sylvestris	N0.HOG0007844	1	0.0090498	expansion	TRUE
Dolichovespula_sylvestris	N0.HOG0009825	1	0.0090498	expansion	TRUE
Dolichovespula_sylvestris	N0.HOG0000091	1	0.0180999	expansion	TRUE
Dolichovespula_sylvestris	N0.HOG0000251	1	0.0180999	expansion	TRUE
Dolichovespula_sylvestris	N0.HOG0000350	1	0.0180999	expansion	TRUE
Dolichovespula_sylvestris	N0.HOG0000393	1	0.0180999	expansion	TRUE
Dolichovespula_sylvestris	N0.HOG0000502	1	0.0180999	expansion	TRUE
Dolichovespula_sylvestris	N0.HOG0000527	1	0.0180999	expansion	TRUE
Dolichovespula_sylvestris	N0.HOG0000595	1	0.0180999	expansion	TRUE
Dolichovespula_sylvestris	N0.HOG0000761	1	0.0180999	expansion	TRUE
Dolichovespula_sylvestris	N0.HOG0000774	1	0.0180999	expansion	TRUE
Dolichovespula_sylvestris	N0.HOG0000796	1	0.0180999	expansion	TRUE
Dolichovespula_sylvestris	N0.HOG0000881	1	0.0180999	expansion	TRUE
Dolichovespula_sylvestris	N0.HOG0000909	1	0.0180999	expansion	TRUE
Dolichovespula_sylvestris	N0.HOG0001161	1	0.0180999	expansion	TRUE
Dolichovespula_sylvestris	N0.HOG0000053	-1	0.0268305	contraction	TRUE
Dolichovespula_sylvestris	N0.HOG0000186	-1	0.0268305	contraction	TRUE
Dolichovespula_sylvestris	N0.HOG0000187	-1	0.0268305	contraction	TRUE
Dolichovespula_sylvestris	N0.HOG0000333	-1	0.0268305	contraction	TRUE
Dolichovespula_sylvestris	N0.HOG0000358	-1	0.0268305	contraction	TRUE
Dolichovespula_sylvestris	N0.HOG0000660	-1	0.0268305	contraction	TRUE
Dolichovespula_sylvestris	N0.HOG0000690	-1	0.0268305	contraction	TRUE
Dolichovespula_sylvestris	N0.HOG0000792	-1	0.0268305	contraction	TRUE
Dolichovespula_sylvestris	N0.HOG0000843	-1	0.0268305	contraction	TRUE
Dolichovespula_sylvestris	N0.HOG0000884	-1	0.0268305	contraction	TRUE
Dolichovespula_sylvestris	N0.HOG0000941	-1	0.0268305	contraction	TRUE
Dolichovespula_sylvestris	N0.HOG0000944	-1	0.0268305	contraction	TRUE
Dolichovespula_sylvestris	N0.HOG0000955	-1	0.0268305	contraction	TRUE
Dolichovespula_sylvestris	N0.HOG0000962	-1	0.0268305	contraction	TRUE
Dolichovespula_sylvestris	N0.HOG0001091	-1	0.0268305	contraction	TRUE
Dolichovespula_sylvestris	N0.HOG0001118	-1	0.0268305	contraction	TRUE
Dolichovespula_sylvestris	N0.HOG0001171	-1	0.0268305	contraction	TRUE
Dolichovespula_sylvestris	N0.HOG0001241	-1	0.0268305	contraction	TRUE
Dolichovespula_sylvestris	N0.HOG0001294	-1	0.0268305	contraction	TRUE
Dolichovespula_sylvestris	N0.HOG0001295	-1	0.0268305	contraction	TRUE
Dolichovespula_sylvestris	N0.HOG0001362	-1	0.0268305	contraction	TRUE
Dolichovespula_sylvestris	N0.HOG0001423	-1	0.0268305	contraction	TRUE
Dolichovespula_sylvestris	N0.HOG0001521	-1	0.0268305	contraction	TRUE
Dolichovespula_sylvestris	N0.HOG0001639	-1	0.0268305	contraction	TRUE
Dolichovespula_sylvestris	N0.HOG0001696	-1	0.0268305	contraction	TRUE
Dolichovespula_sylvestris	N0.HOG0001725	-1	0.0268305	contraction	TRUE
Dolichovespula_sylvestris	N0.HOG0001931	-1	0.0268305	contraction	TRUE
Dolichovespula_sylvestris	N0.HOG0002036	-1	0.0268305	contraction	TRUE
Dolichovespula_sylvestris	N0.HOG0002065	-1	0.0268305	contraction	TRUE
Dolichovespula_sylvestris	N0.HOG0002071	-1	0.0268305	contraction	TRUE
Dolichovespula_sylvestris	N0.HOG0002173	-1	0.0268305	contraction	TRUE
Dolichovespula_sylvestris	N0.HOG0002365	-1	0.0268305	contraction	TRUE
Dolichovespula_sylvestris	N0.HOG0002505	-1	0.0268305	contraction	TRUE
Dolichovespula_sylvestris	N0.HOG0002562	-1	0.0268305	contraction	TRUE
Dolichovespula_sylvestris	N0.HOG0002800	-1	0.0268305	contraction	TRUE
Dolichovespula_sylvestris	N0.HOG0002932	-1	0.0268305	contraction	TRUE
Dolichovespula_sylvestris	N0.HOG0002935	-1	0.0268305	contraction	TRUE
Dolichovespula_sylvestris	N0.HOG0002950	-1	0.0268305	contraction	TRUE
Dolichovespula_sylvestris	N0.HOG0006530	-1	0.0268305	contraction	TRUE
Dolichovespula_sylvestris	N0.HOG0006728	-1	0.0268305	contraction	TRUE
Dolichovespula_sylvestris	N0.HOG0006779	-1	0.0268305	contraction	TRUE
Dolichovespula_sylvestris	N0.HOG0007131	-1	0.0268305	contraction	TRUE
Dolichovespula_sylvestris	N0.HOG0007399	-1	0.0268305	contraction	TRUE
Dolichovespula_sylvestris	N0.HOG0007409	-1	0.0268305	contraction	TRUE
Dolichovespula_sylvestris	N0.HOG0007744	-1	0.0268305	contraction	TRUE
Dolichovespula_sylvestris	N0.HOG0007756	-1	0.0268305	contraction	TRUE
Dolichovespula_sylvestris	N0.HOG0007854	-1	0.0268305	contraction	TRUE
Dolichovespula_sylvestris	N0.HOG0008169	-1	0.0268305	contraction	TRUE
Dolichovespula_sylvestris	N0.HOG0008219	-1	0.0268305	contraction	TRUE
Dolichovespula_sylvestris	N0.HOG0008231	-1	0.0268305	contraction	TRUE
Dolichovespula_sylvestris	N0.HOG0008244	-1	0.0268305	contraction	TRUE
Dolichovespula_sylvestris	N0.HOG0008277	-1	0.0268305	contraction	TRUE
Dolichovespula_sylvestris	N0.HOG0008292	-1	0.0268305	contraction	TRUE
Dolichovespula_sylvestris	N0.HOG0008343	-1	0.0268305	contraction	TRUE
Dolichovespula_sylvestris	N0.HOG0008357	-1	0.0268305	contraction	TRUE
Dolichovespula_sylvestris	N0.HOG0008499	-1	0.0268305	contraction	TRUE
Dolichovespula_sylvestris	N0.HOG0008525	-1	0.0268305	contraction	TRUE
Dolichovespula_sylvestris	N0.HOG0008545	-1	0.0268305	contraction	TRUE
Dolichovespula_sylvestris	N0.HOG0008556	-1	0.0268305	contraction	TRUE
Dolichovespula_sylvestris	N0.HOG0008604	-1	0.0268305	contraction	TRUE
Dolichovespula_sylvestris	N0.HOG0008614	-1	0.0268305	contraction	TRUE
Dolichovespula_sylvestris	N0.HOG0008622	-1	0.0268305	contraction	TRUE
Dolichovespula_sylvestris	N0.HOG0008646	-1	0.0268305	contraction	TRUE
Dolichovespula_sylvestris	N0.HOG0008647	-1	0.0268305	contraction	TRUE
Dolichovespula_sylvestris	N0.HOG0008670	-1	0.0268305	contraction	TRUE
Dolichovespula_sylvestris	N0.HOG0008681	-1	0.0268305	contraction	TRUE
Dolichovespula_sylvestris	N0.HOG0008724	-1	0.0268305	contraction	TRUE
Dolichovespula_sylvestris	N0.HOG0008757	-1	0.0268305	contraction	TRUE
Dolichovespula_sylvestris	N0.HOG0008777	-1	0.0268305	contraction	TRUE
Dolichovespula_sylvestris	N0.HOG0008780	-1	0.0268305	contraction	TRUE
Dolichovespula_sylvestris	N0.HOG0008800	-1	0.0268305	contraction	TRUE
Dolichovespula_sylvestris	N0.HOG0008813	-1	0.0268305	contraction	TRUE
Dolichovespula_sylvestris	N0.HOG0008828	-1	0.0268305	contraction	TRUE
Dolichovespula_sylvestris	N0.HOG0008851	-1	0.0268305	contraction	TRUE
Dolichovespula_sylvestris	N0.HOG0008861	-1	0.0268305	contraction	TRUE
Dolichovespula_sylvestris	N0.HOG0008870	-1	0.0268305	contraction	TRUE
Dolichovespula_sylvestris	N0.HOG0008915	-1	0.0268305	contraction	TRUE
Dolichovespula_sylvestris	N0.HOG0008939	-1	0.0268305	contraction	TRUE
Dolichovespula_sylvestris	N0.HOG0008956	-1	0.0268305	contraction	TRUE
Dolichovespula_sylvestris	N0.HOG0008989	-1	0.0268305	contraction	TRUE
Dolichovespula_sylvestris	N0.HOG0008997	-1	0.0268305	contraction	TRUE
Dolichovespula_sylvestris	N0.HOG0009021	-1	0.0268305	contraction	TRUE
Dolichovespula_sylvestris	N0.HOG0009042	-1	0.0268305	contraction	TRUE
Dolichovespula_sylvestris	N0.HOG0009083	-1	0.0268305	contraction	TRUE
Dolichovespula_sylvestris	N0.HOG0009109	-1	0.0268305	contraction	TRUE
Dolichovespula_sylvestris	N0.HOG0009111	-1	0.0268305	contraction	TRUE
Dolichovespula_sylvestris	N0.HOG0009118	-1	0.0268305	contraction	TRUE
Dolichovespula_sylvestris	N0.HOG0009129	-1	0.0268305	contraction	TRUE
Dolichovespula_sylvestris	N0.HOG0009198	-1	0.0268305	contraction	TRUE
Dolichovespula_sylvestris	N0.HOG0009232	-1	0.0268305	contraction	TRUE
Dolichovespula_sylvestris	N0.HOG0009276	-1	0.0268305	contraction	TRUE
Dolichovespula_sylvestris	N0.HOG0009285	-1	0.0268305	contraction	TRUE
Dolichovespula_sylvestris	N0.HOG0009288	-1	0.0268305	contraction	TRUE
Dolichovespula_sylvestris	N0.HOG0009303	-1	0.0268305	contraction	TRUE
Dolichovespula_sylvestris	N0.HOG0009331	-1	0.0268305	contraction	TRUE
Dolichovespula_sylvestris	N0.HOG0009350	-1	0.0268305	contraction	TRUE
Dolichovespula_sylvestris	N0.HOG0009351	-1	0.0268305	contraction	TRUE
Dolichovespula_sylvestris	N0.HOG0009391	-1	0.0268305	contraction	TRUE
Dolichovespula_sylvestris	N0.HOG0009428	-1	0.0268305	contraction	TRUE
Dolichovespula_sylvestris	N0.HOG0009481	-1	0.0268305	contraction	TRUE
Dolichovespula_sylvestris	N0.HOG0009533	-1	0.0268305	contraction	TRUE
Dolichovespula_sylvestris	N0.HOG0009548	-1	0.0268305	contraction	TRUE
Dolichovespula_sylvestris	N0.HOG0009549	-1	0.0268305	contraction	TRUE
Dolichovespula_sylvestris	N0.HOG0009558	-1	0.0268305	contraction	TRUE
Dolichovespula_sylvestris	N0.HOG0009561	-1	0.0268305	contraction	TRUE
Dolichovespula_sylvestris	N0.HOG0009574	-1	0.0268305	contraction	TRUE
Dolichovespula_sylvestris	N0.HOG0009661	-1	0.0268305	contraction	TRUE
Dolichovespula_sylvestris	N0.HOG0009667	-1	0.0268305	contraction	TRUE
Dolichovespula_sylvestris	N0.HOG0009672	-1	0.0268305	contraction	TRUE
Dolichovespula_sylvestris	N0.HOG0009692	-1	0.0268305	contraction	TRUE
Dolichovespula_sylvestris	N0.HOG0009708	-1	0.0268305	contraction	TRUE
Dolichovespula_sylvestris	N0.HOG0009794	-1	0.0268305	contraction	TRUE
Dolichovespula_sylvestris	N0.HOG0009857	-1	0.0268305	contraction	TRUE
Dolichovespula_sylvestris	N0.HOG0009907	-1	0.0268305	contraction	TRUE
Dolichovespula_sylvestris	N0.HOG0009915	-1	0.0268305	contraction	TRUE
Dolichovespula_sylvestris	N0.HOG0009942	-1	0.0268305	contraction	TRUE
Dolichovespula_sylvestris	N0.HOG0009977	-1	0.0268305	contraction	TRUE
Dolichovespula_sylvestris	N0.HOG0010011	-1	0.0268305	contraction	TRUE
Dolichovespula_sylvestris	N0.HOG0010017	-1	0.0268305	contraction	TRUE
Dolichovespula_sylvestris	N0.HOG0010020	-1	0.0268305	contraction	TRUE
Dolichovespula_sylvestris	N0.HOG0010028	-1	0.0268305	contraction	TRUE
Dolichovespula_sylvestris	N0.HOG0010065	-1	0.0268305	contraction	TRUE
Dolichovespula_sylvestris	N0.HOG0010095	-1	0.0268305	contraction	TRUE
Dolichovespula_sylvestris	N0.HOG0010133	-1	0.0268305	contraction	TRUE
Dolichovespula_sylvestris	N0.HOG0010181	-1	0.0268305	contraction	TRUE
Dolichovespula_sylvestris	N0.HOG0010189	-1	0.0268305	contraction	TRUE
Dolichovespula_sylvestris	N0.HOG0010286	-1	0.0268305	contraction	TRUE
Dolichovespula_sylvestris	N0.HOG0010294	-1	0.0268305	contraction	TRUE
Dolichovespula_sylvestris	N0.HOG0010401	-1	0.0268305	contraction	TRUE
Dolichovespula_sylvestris	N0.HOG0010467	-1	0.0268305	contraction	TRUE
Dolichovespula_sylvestris	N0.HOG0010566	-1	0.0268305	contraction	TRUE
Dolichovespula_sylvestris	N0.HOG0010619	-1	0.0268305	contraction	TRUE
Dolichovespula_sylvestris	N0.HOG0010621	-1	0.0268305	contraction	TRUE
Dolichovespula_sylvestris	N0.HOG0010696	-1	0.0268305	contraction	TRUE
Dolichovespula_sylvestris	N0.HOG0010772	-1	0.0268305	contraction	TRUE
Dolichovespula_sylvestris	N0.HOG0010866	-1	0.0268305	contraction	TRUE
Dolichovespula_sylvestris	N0.HOG0010971	-1	0.0268305	contraction	TRUE
Dolichovespula_sylvestris	N0.HOG0011073	-1	0.0268305	contraction	TRUE
Dolichovespula_sylvestris	N0.HOG0011218	-1	0.0268305	contraction	TRUE
Dolichovespula_sylvestris	N0.HOG0011475	-1	0.0268305	contraction	TRUE
Dolichovespula_sylvestris	N0.HOG0011661	-1	0.0268305	contraction	TRUE
Dolichovespula_sylvestris	N0.HOG0012652	-1	0.0268305	contraction	TRUE
Dolichovespula_sylvestris	N0.HOG0013281	-1	0.0268305	contraction	TRUE
Dolichovespula_sylvestris	N0.HOG0016956	-1	0.0268305	contraction	TRUE
Dolichovespula_sylvestris	N0.HOG0016968	-1	0.0268305	contraction	TRUE
Dolichovespula_sylvestris	N0.HOG0018187	-1	0.0268305	contraction	TRUE
Dolichovespula_sylvestris	N0.HOG0000090	1	0.0361444	expansion	TRUE
Dolichovespula_sylvestris	N0.HOG0000442	1	0.0361444	expansion	TRUE
Dolichovespula_sylvestris	N0.HOG0000028	1	0.0451139	expansion	TRUE
Dolichovespula_sylvestris	N0.HOG0000162	1	0.0451139	expansion	TRUE
Dolichovespula_sylvestris	N0.HOG0009534	1	0.0451139	expansion	TRUE
Dolichovespula_sylvestris	N0.HOG0000159	-1	0.052391	contraction	FALSE
Dolichovespula_sylvestris	N0.HOG0000283	-1	0.052391	contraction	FALSE
Dolichovespula_sylvestris	N0.HOG0000349	-1	0.052391	contraction	FALSE
Dolichovespula_sylvestris	N0.HOG0000382	-1	0.052391	contraction	FALSE
Dolichovespula_sylvestris	N0.HOG0000396	-1	0.052391	contraction	FALSE
Dolichovespula_sylvestris	N0.HOG0000464	-1	0.052391	contraction	FALSE
Dolichovespula_sylvestris	N0.HOG0000465	-1	0.052391	contraction	FALSE
Dolichovespula_sylvestris	N0.HOG0000484	-1	0.052391	contraction	FALSE
Dolichovespula_sylvestris	N0.HOG0000550	-1	0.052391	contraction	FALSE
Dolichovespula_sylvestris	N0.HOG0000589	-1	0.052391	contraction	FALSE
Dolichovespula_sylvestris	N0.HOG0000618	-1	0.052391	contraction	FALSE
Dolichovespula_sylvestris	N0.HOG0000619	-1	0.052391	contraction	FALSE
Dolichovespula_sylvestris	N0.HOG0000625	-1	0.052391	contraction	FALSE
Dolichovespula_sylvestris	N0.HOG0000646	-1	0.052391	contraction	FALSE
Dolichovespula_sylvestris	N0.HOG0000658	-1	0.052391	contraction	FALSE
Dolichovespula_sylvestris	N0.HOG0000679	-1	0.052391	contraction	FALSE
Dolichovespula_sylvestris	N0.HOG0000732	-1	0.052391	contraction	FALSE
Dolichovespula_sylvestris	N0.HOG0000735	-1	0.052391	contraction	FALSE
Dolichovespula_sylvestris	N0.HOG0000765	-1	0.052391	contraction	FALSE
Dolichovespula_sylvestris	N0.HOG0000785	-1	0.052391	contraction	FALSE
Dolichovespula_sylvestris	N0.HOG0000817	-1	0.052391	contraction	FALSE
Dolichovespula_sylvestris	N0.HOG0000836	-1	0.052391	contraction	FALSE
Dolichovespula_sylvestris	N0.HOG0000841	-1	0.052391	contraction	FALSE
Dolichovespula_sylvestris	N0.HOG0000849	-1	0.052391	contraction	FALSE
Dolichovespula_sylvestris	N0.HOG0000851	-1	0.052391	contraction	FALSE
Dolichovespula_sylvestris	N0.HOG0000886	-1	0.052391	contraction	FALSE
Dolichovespula_sylvestris	N0.HOG0000889	-1	0.052391	contraction	FALSE
Dolichovespula_sylvestris	N0.HOG0000945	-1	0.052391	contraction	FALSE
Dolichovespula_sylvestris	N0.HOG0000957	-1	0.052391	contraction	FALSE
Dolichovespula_sylvestris	N0.HOG0000992	-1	0.052391	contraction	FALSE
Dolichovespula_sylvestris	N0.HOG0001002	-1	0.052391	contraction	FALSE
Dolichovespula_sylvestris	N0.HOG0001011	-1	0.052391	contraction	FALSE
Dolichovespula_sylvestris	N0.HOG0001026	-1	0.052391	contraction	FALSE
Dolichovespula_sylvestris	N0.HOG0001069	-1	0.052391	contraction	FALSE
Dolichovespula_sylvestris	N0.HOG0001071	-1	0.052391	contraction	FALSE
Dolichovespula_sylvestris	N0.HOG0001126	-1	0.052391	contraction	FALSE
Dolichovespula_sylvestris	N0.HOG0001139	-1	0.052391	contraction	FALSE
Dolichovespula_sylvestris	N0.HOG0001159	-1	0.052391	contraction	FALSE
Dolichovespula_sylvestris	N0.HOG0001187	-1	0.052391	contraction	FALSE
Dolichovespula_sylvestris	N0.HOG0001194	-1	0.052391	contraction	FALSE
Dolichovespula_sylvestris	N0.HOG0001259	-1	0.052391	contraction	FALSE
Dolichovespula_sylvestris	N0.HOG0001274	-1	0.052391	contraction	FALSE
Dolichovespula_sylvestris	N0.HOG0001346	-1	0.052391	contraction	FALSE
Dolichovespula_sylvestris	N0.HOG0001352	-1	0.052391	contraction	FALSE
Dolichovespula_sylvestris	N0.HOG0001560	-1	0.052391	contraction	FALSE
Dolichovespula_sylvestris	N0.HOG0001592	-1	0.052391	contraction	FALSE
Dolichovespula_sylvestris	N0.HOG0001613	-1	0.052391	contraction	FALSE
Dolichovespula_sylvestris	N0.HOG0001741	-1	0.052391	contraction	FALSE
Dolichovespula_sylvestris	N0.HOG0001887	-1	0.052391	contraction	FALSE
Dolichovespula_sylvestris	N0.HOG0002177	-1	0.052391	contraction	FALSE
Dolichovespula_sylvestris	N0.HOG0002342	-1	0.052391	contraction	FALSE
Dolichovespula_sylvestris	N0.HOG0003788	-1	0.052391	contraction	FALSE
Dolichovespula_sylvestris	N0.HOG0006183	-1	0.052391	contraction	FALSE
Dolichovespula_sylvestris	N0.HOG0007166	-1	0.052391	contraction	FALSE
Dolichovespula_sylvestris	N0.HOG0007194	-1	0.052391	contraction	FALSE
Dolichovespula_sylvestris	N0.HOG0009060	-1	0.052391	contraction	FALSE
Dolichovespula_sylvestris	N0.HOG0009207	-1	0.052391	contraction	FALSE
Dolichovespula_sylvestris	N0.HOG0001050	1	0.0540338	expansion	FALSE
Dolichovespula_sylvestris	N0.HOG0000043	-1	0.0767518	contraction	FALSE
Dolichovespula_sylvestris	N0.HOG0000179	-1	0.0767518	contraction	FALSE
Dolichovespula_sylvestris	N0.HOG0000182	-1	0.0767518	contraction	FALSE
Dolichovespula_sylvestris	N0.HOG0000225	-1	0.0767518	contraction	FALSE
Dolichovespula_sylvestris	N0.HOG0000239	-1	0.0767518	contraction	FALSE
Dolichovespula_sylvestris	N0.HOG0000262	-1	0.0767518	contraction	FALSE
Dolichovespula_sylvestris	N0.HOG0000295	-1	0.0767518	contraction	FALSE
Dolichovespula_sylvestris	N0.HOG0000667	-1	0.0767518	contraction	FALSE
Dolichovespula_sylvestris	N0.HOG0000058	1	0.0890445	expansion	FALSE
Dolichovespula_sylvestris	N0.HOG0000104	-1	0.0999792	contraction	FALSE
Dolichovespula_sylvestris	N0.HOG0000148	-1	0.0999792	contraction	FALSE
Dolichovespula_sylvestris	N0.HOG0000177	-1	0.0999792	contraction	FALSE
Dolichovespula_sylvestris	N0.HOG0000504	-1	0.0999792	contraction	FALSE
Dolichovespula_sylvestris	N0.HOG0000097	-1	0.122135	contraction	FALSE
Dolichovespula_sylvestris	N0.HOG0000062	-1	0.143279	contraction	FALSE
Dolichovespula_sylvestris	N0.HOG0000019	-1	0.201169	contraction	FALSE
Mischocyttarus_mexicanus	N0.HOG0000199	4		expansion	FALSE
Mischocyttarus_mexicanus	N0.HOG0002198	4		expansion	FALSE
Mischocyttarus_mexicanus	N0.HOG0000355	3		expansion	FALSE
Mischocyttarus_mexicanus	N0.HOG0000356	3		expansion	FALSE
Mischocyttarus_mexicanus	N0.HOG0000381	3		expansion	FALSE
Mischocyttarus_mexicanus	N0.HOG0001158	3		expansion	FALSE
Mischocyttarus_mexicanus	N0.HOG0001407	3		expansion	FALSE
Mischocyttarus_mexicanus	N0.HOG0001614	3		expansion	FALSE
Mischocyttarus_mexicanus	N0.HOG0001686	3		expansion	FALSE
Mischocyttarus_mexicanus	N0.HOG0001790	3		expansion	FALSE
Mischocyttarus_mexicanus	N0.HOG0001888	3		expansion	FALSE
Mischocyttarus_mexicanus	N0.HOG0001921	3		expansion	FALSE
Mischocyttarus_mexicanus	N0.HOG0002049	3		expansion	FALSE
Mischocyttarus_mexicanus	N0.HOG0002364	3		expansion	FALSE
Mischocyttarus_mexicanus	N0.HOG0002458	3		expansion	FALSE
Mischocyttarus_mexicanus	N0.HOG0002792	3		expansion	FALSE
Mischocyttarus_mexicanus	N0.HOG0002835	3		expansion	FALSE
Mischocyttarus_mexicanus	N0.HOG0002838	3		expansion	FALSE
Mischocyttarus_mexicanus	N0.HOG0003148	3		expansion	FALSE
Mischocyttarus_mexicanus	N0.HOG0009050	3		expansion	FALSE
Mischocyttarus_mexicanus	N0.HOG0000191	2		expansion	FALSE
Mischocyttarus_mexicanus	N0.HOG0000294	2		expansion	FALSE
Mischocyttarus_mexicanus	N0.HOG0000337	2		expansion	FALSE
Mischocyttarus_mexicanus	N0.HOG0000359	2		expansion	FALSE
Mischocyttarus_mexicanus	N0.HOG0000399	2		expansion	FALSE
Mischocyttarus_mexicanus	N0.HOG0000419	2		expansion	FALSE
Mischocyttarus_mexicanus	N0.HOG0000453	2		expansion	FALSE
Mischocyttarus_mexicanus	N0.HOG0000513	2		expansion	FALSE
Mischocyttarus_mexicanus	N0.HOG0000656	2		expansion	FALSE
Mischocyttarus_mexicanus	N0.HOG0000877	2		expansion	FALSE
Mischocyttarus_mexicanus	N0.HOG0000929	2		expansion	FALSE
Mischocyttarus_mexicanus	N0.HOG0001053	2		expansion	FALSE
Mischocyttarus_mexicanus	N0.HOG0001123	2		expansion	FALSE
Mischocyttarus_mexicanus	N0.HOG0001155	2		expansion	FALSE
Mischocyttarus_mexicanus	N0.HOG0001172	2		expansion	FALSE
Mischocyttarus_mexicanus	N0.HOG0001228	2		expansion	FALSE
Mischocyttarus_mexicanus	N0.HOG0001279	2		expansion	FALSE
Mischocyttarus_mexicanus	N0.HOG0001306	2		expansion	FALSE
Mischocyttarus_mexicanus	N0.HOG0001342	2		expansion	FALSE
Mischocyttarus_mexicanus	N0.HOG0001367	2		expansion	FALSE
Mischocyttarus_mexicanus	N0.HOG0001437	2		expansion	FALSE
Mischocyttarus_mexicanus	N0.HOG0001471	2		expansion	FALSE
Mischocyttarus_mexicanus	N0.HOG0001548	2		expansion	FALSE
Mischocyttarus_mexicanus	N0.HOG0001572	2		expansion	FALSE
Mischocyttarus_mexicanus	N0.HOG0001596	2		expansion	FALSE
Mischocyttarus_mexicanus	N0.HOG0001601	2		expansion	FALSE
Mischocyttarus_mexicanus	N0.HOG0001604	2		expansion	FALSE
Mischocyttarus_mexicanus	N0.HOG0001618	2		expansion	FALSE
Mischocyttarus_mexicanus	N0.HOG0001628	2		expansion	FALSE
Mischocyttarus_mexicanus	N0.HOG0001661	2		expansion	FALSE
Mischocyttarus_mexicanus	N0.HOG0001723	2		expansion	FALSE
Mischocyttarus_mexicanus	N0.HOG0001730	2		expansion	FALSE
Mischocyttarus_mexicanus	N0.HOG0001765	2		expansion	FALSE
Mischocyttarus_mexicanus	N0.HOG0001768	2		expansion	FALSE
Mischocyttarus_mexicanus	N0.HOG0001797	2		expansion	FALSE
Mischocyttarus_mexicanus	N0.HOG0001806	2		expansion	FALSE
Mischocyttarus_mexicanus	N0.HOG0001846	2		expansion	FALSE
Mischocyttarus_mexicanus	N0.HOG0001852	2		expansion	FALSE
Mischocyttarus_mexicanus	N0.HOG0001908	2		expansion	FALSE
Mischocyttarus_mexicanus	N0.HOG0001909	2		expansion	FALSE
Mischocyttarus_mexicanus	N0.HOG0001969	2		expansion	FALSE
Mischocyttarus_mexicanus	N0.HOG0001970	2		expansion	FALSE
Mischocyttarus_mexicanus	N0.HOG0001981	2		expansion	FALSE
Mischocyttarus_mexicanus	N0.HOG0002023	2		expansion	FALSE
Mischocyttarus_mexicanus	N0.HOG0002088	2		expansion	FALSE
Mischocyttarus_mexicanus	N0.HOG0002225	2		expansion	FALSE
Mischocyttarus_mexicanus	N0.HOG0002257	2		expansion	FALSE
Mischocyttarus_mexicanus	N0.HOG0002344	2		expansion	FALSE
Mischocyttarus_mexicanus	N0.HOG0002366	2		expansion	FALSE
Mischocyttarus_mexicanus	N0.HOG0002409	2		expansion	FALSE
Mischocyttarus_mexicanus	N0.HOG0002453	2		expansion	FALSE
Mischocyttarus_mexicanus	N0.HOG0002468	2		expansion	FALSE
Mischocyttarus_mexicanus	N0.HOG0002489	2		expansion	FALSE
Mischocyttarus_mexicanus	N0.HOG0002494	2		expansion	FALSE
Mischocyttarus_mexicanus	N0.HOG0002552	2		expansion	FALSE
Mischocyttarus_mexicanus	N0.HOG0002782	2		expansion	FALSE
Mischocyttarus_mexicanus	N0.HOG0002888	2		expansion	FALSE
Mischocyttarus_mexicanus	N0.HOG0002926	2		expansion	FALSE
Mischocyttarus_mexicanus	N0.HOG0002973	2		expansion	FALSE
Mischocyttarus_mexicanus	N0.HOG0002977	2		expansion	FALSE
Mischocyttarus_mexicanus	N0.HOG0002984	2		expansion	FALSE
Mischocyttarus_mexicanus	N0.HOG0003087	2		expansion	FALSE
Mischocyttarus_mexicanus	N0.HOG0003137	2		expansion	FALSE
Mischocyttarus_mexicanus	N0.HOG0003371	2		expansion	FALSE
Mischocyttarus_mexicanus	N0.HOG0003382	2		expansion	FALSE
Mischocyttarus_mexicanus	N0.HOG0003428	2		expansion	FALSE
Mischocyttarus_mexicanus	N0.HOG0003456	2		expansion	FALSE
Mischocyttarus_mexicanus	N0.HOG0003604	2		expansion	FALSE
Mischocyttarus_mexicanus	N0.HOG0003734	2		expansion	FALSE
Mischocyttarus_mexicanus	N0.HOG0003846	2		expansion	FALSE
Mischocyttarus_mexicanus	N0.HOG0003967	2		expansion	FALSE
Mischocyttarus_mexicanus	N0.HOG0004023	2		expansion	FALSE
Mischocyttarus_mexicanus	N0.HOG0004076	2		expansion	FALSE
Mischocyttarus_mexicanus	N0.HOG0004178	2		expansion	FALSE
Mischocyttarus_mexicanus	N0.HOG0004179	2		expansion	FALSE
Mischocyttarus_mexicanus	N0.HOG0005024	2		expansion	FALSE
Mischocyttarus_mexicanus	N0.HOG0005291	2		expansion	FALSE
Mischocyttarus_mexicanus	N0.HOG0005379	2		expansion	FALSE
Mischocyttarus_mexicanus	N0.HOG0005462	2		expansion	FALSE
Mischocyttarus_mexicanus	N0.HOG0005890	2		expansion	FALSE
Mischocyttarus_mexicanus	N0.HOG0006045	2		expansion	FALSE
Mischocyttarus_mexicanus	N0.HOG0006768	2		expansion	FALSE
Mischocyttarus_mexicanus	N0.HOG0006929	2		expansion	FALSE
Mischocyttarus_mexicanus	N0.HOG0007282	2		expansion	FALSE
Mischocyttarus_mexicanus	N0.HOG0007670	2		expansion	FALSE
Mischocyttarus_mexicanus	N0.HOG0007898	2		expansion	FALSE
Mischocyttarus_mexicanus	N0.HOG0000035	1		expansion	FALSE
Mischocyttarus_mexicanus	N0.HOG0000117	1		expansion	FALSE
Mischocyttarus_mexicanus	N0.HOG0000124	1		expansion	FALSE
Mischocyttarus_mexicanus	N0.HOG0000133	1		expansion	FALSE
Mischocyttarus_mexicanus	N0.HOG0000139	1		expansion	FALSE
Mischocyttarus_mexicanus	N0.HOG0000157	1		expansion	FALSE
Mischocyttarus_mexicanus	N0.HOG0000168	1		expansion	FALSE
Mischocyttarus_mexicanus	N0.HOG0000212	1		expansion	FALSE
Mischocyttarus_mexicanus	N0.HOG0000219	1		expansion	FALSE
Mischocyttarus_mexicanus	N0.HOG0000227	1		expansion	FALSE
Mischocyttarus_mexicanus	N0.HOG0000245	1		expansion	FALSE
Mischocyttarus_mexicanus	N0.HOG0000276	1		expansion	FALSE
Mischocyttarus_mexicanus	N0.HOG0000282	1		expansion	FALSE
Mischocyttarus_mexicanus	N0.HOG0000293	1		expansion	FALSE
Mischocyttarus_mexicanus	N0.HOG0000297	1		expansion	FALSE
Mischocyttarus_mexicanus	N0.HOG0000309	1		expansion	FALSE
Mischocyttarus_mexicanus	N0.HOG0000317	1		expansion	FALSE
Mischocyttarus_mexicanus	N0.HOG0000325	1		expansion	FALSE
Mischocyttarus_mexicanus	N0.HOG0000336	1		expansion	FALSE
Mischocyttarus_mexicanus	N0.HOG0000362	1		expansion	FALSE
Mischocyttarus_mexicanus	N0.HOG0000376	1		expansion	FALSE
Mischocyttarus_mexicanus	N0.HOG0000379	1		expansion	FALSE
Mischocyttarus_mexicanus	N0.HOG0000383	1		expansion	FALSE
Mischocyttarus_mexicanus	N0.HOG0000394	1		expansion	FALSE
Mischocyttarus_mexicanus	N0.HOG0000398	1		expansion	FALSE
Mischocyttarus_mexicanus	N0.HOG0000405	1		expansion	FALSE
Mischocyttarus_mexicanus	N0.HOG0000434	1		expansion	FALSE
Mischocyttarus_mexicanus	N0.HOG0000443	1		expansion	FALSE
Mischocyttarus_mexicanus	N0.HOG0000480	1		expansion	FALSE
Mischocyttarus_mexicanus	N0.HOG0000483	1		expansion	FALSE
Mischocyttarus_mexicanus	N0.HOG0000487	1		expansion	FALSE
Mischocyttarus_mexicanus	N0.HOG0000491	1		expansion	FALSE
Mischocyttarus_mexicanus	N0.HOG0000501	1		expansion	FALSE
Mischocyttarus_mexicanus	N0.HOG0000505	1		expansion	FALSE
Mischocyttarus_mexicanus	N0.HOG0000549	1		expansion	FALSE
Mischocyttarus_mexicanus	N0.HOG0000551	1		expansion	FALSE
Mischocyttarus_mexicanus	N0.HOG0000563	1		expansion	FALSE
Mischocyttarus_mexicanus	N0.HOG0000599	1		expansion	FALSE
Mischocyttarus_mexicanus	N0.HOG0000609	1		expansion	FALSE
Mischocyttarus_mexicanus	N0.HOG0000615	1		expansion	FALSE
Mischocyttarus_mexicanus	N0.HOG0000648	1		expansion	FALSE
Mischocyttarus_mexicanus	N0.HOG0000677	1		expansion	FALSE
Mischocyttarus_mexicanus	N0.HOG0000727	1		expansion	FALSE
Mischocyttarus_mexicanus	N0.HOG0000743	1		expansion	FALSE
Mischocyttarus_mexicanus	N0.HOG0000784	1		expansion	FALSE
Mischocyttarus_mexicanus	N0.HOG0000793	1		expansion	FALSE
Mischocyttarus_mexicanus	N0.HOG0000802	1		expansion	FALSE
Mischocyttarus_mexicanus	N0.HOG0000810	1		expansion	FALSE
Mischocyttarus_mexicanus	N0.HOG0000835	1		expansion	FALSE
Mischocyttarus_mexicanus	N0.HOG0000840	1		expansion	FALSE
Mischocyttarus_mexicanus	N0.HOG0000848	1		expansion	FALSE
Mischocyttarus_mexicanus	N0.HOG0000864	1		expansion	FALSE
Mischocyttarus_mexicanus	N0.HOG0000876	1		expansion	FALSE
Mischocyttarus_mexicanus	N0.HOG0000879	1		expansion	FALSE
Mischocyttarus_mexicanus	N0.HOG0000897	1		expansion	FALSE
Mischocyttarus_mexicanus	N0.HOG0000907	1		expansion	FALSE
Mischocyttarus_mexicanus	N0.HOG0000908	1		expansion	FALSE
Mischocyttarus_mexicanus	N0.HOG0000912	1		expansion	FALSE
Mischocyttarus_mexicanus	N0.HOG0000923	1		expansion	FALSE
Mischocyttarus_mexicanus	N0.HOG0000953	1		expansion	FALSE
Mischocyttarus_mexicanus	N0.HOG0000966	1		expansion	FALSE
Mischocyttarus_mexicanus	N0.HOG0000982	1		expansion	FALSE
Mischocyttarus_mexicanus	N0.HOG0001015	1		expansion	FALSE
Mischocyttarus_mexicanus	N0.HOG0001016	1		expansion	FALSE
Mischocyttarus_mexicanus	N0.HOG0001018	1		expansion	FALSE
Mischocyttarus_mexicanus	N0.HOG0001020	1		expansion	FALSE
Mischocyttarus_mexicanus	N0.HOG0001028	1		expansion	FALSE
Mischocyttarus_mexicanus	N0.HOG0001037	1		expansion	FALSE
Mischocyttarus_mexicanus	N0.HOG0001072	1		expansion	FALSE
Mischocyttarus_mexicanus	N0.HOG0001080	1		expansion	FALSE
Mischocyttarus_mexicanus	N0.HOG0001083	1		expansion	FALSE
Mischocyttarus_mexicanus	N0.HOG0001092	1		expansion	FALSE
Mischocyttarus_mexicanus	N0.HOG0001098	1		expansion	FALSE
Mischocyttarus_mexicanus	N0.HOG0001100	1		expansion	FALSE
Mischocyttarus_mexicanus	N0.HOG0001121	1		expansion	FALSE
Mischocyttarus_mexicanus	N0.HOG0001132	1		expansion	FALSE
Mischocyttarus_mexicanus	N0.HOG0001138	1		expansion	FALSE
Mischocyttarus_mexicanus	N0.HOG0001140	1		expansion	FALSE
Mischocyttarus_mexicanus	N0.HOG0001148	1		expansion	FALSE
Mischocyttarus_mexicanus	N0.HOG0001152	1		expansion	FALSE
Mischocyttarus_mexicanus	N0.HOG0001174	1		expansion	FALSE
Mischocyttarus_mexicanus	N0.HOG0001176	1		expansion	FALSE
Mischocyttarus_mexicanus	N0.HOG0001191	1		expansion	FALSE
Mischocyttarus_mexicanus	N0.HOG0001196	1		expansion	FALSE
Mischocyttarus_mexicanus	N0.HOG0001197	1		expansion	FALSE
Mischocyttarus_mexicanus	N0.HOG0001206	1		expansion	FALSE
Mischocyttarus_mexicanus	N0.HOG0001209	1		expansion	FALSE
Mischocyttarus_mexicanus	N0.HOG0001213	1		expansion	FALSE
Mischocyttarus_mexicanus	N0.HOG0001214	1		expansion	FALSE
Mischocyttarus_mexicanus	N0.HOG0001217	1		expansion	FALSE
Mischocyttarus_mexicanus	N0.HOG0001220	1		expansion	FALSE
Mischocyttarus_mexicanus	N0.HOG0001224	1		expansion	FALSE
Mischocyttarus_mexicanus	N0.HOG0001231	1		expansion	FALSE
Mischocyttarus_mexicanus	N0.HOG0001261	1		expansion	FALSE
Mischocyttarus_mexicanus	N0.HOG0001269	1		expansion	FALSE
Mischocyttarus_mexicanus	N0.HOG0001272	1		expansion	FALSE
Mischocyttarus_mexicanus	N0.HOG0001285	1		expansion	FALSE
Mischocyttarus_mexicanus	N0.HOG0001291	1		expansion	FALSE
Mischocyttarus_mexicanus	N0.HOG0001311	1		expansion	FALSE
Mischocyttarus_mexicanus	N0.HOG0001325	1		expansion	FALSE
Mischocyttarus_mexicanus	N0.HOG0001327	1		expansion	FALSE
Mischocyttarus_mexicanus	N0.HOG0001328	1		expansion	FALSE
Mischocyttarus_mexicanus	N0.HOG0001331	1		expansion	FALSE
Mischocyttarus_mexicanus	N0.HOG0001341	1		expansion	FALSE
Mischocyttarus_mexicanus	N0.HOG0001349	1		expansion	FALSE
Mischocyttarus_mexicanus	N0.HOG0001356	1		expansion	FALSE
Mischocyttarus_mexicanus	N0.HOG0001361	1		expansion	FALSE
Mischocyttarus_mexicanus	N0.HOG0001376	1		expansion	FALSE
Mischocyttarus_mexicanus	N0.HOG0001378	1		expansion	FALSE
Mischocyttarus_mexicanus	N0.HOG0001392	1		expansion	FALSE
Mischocyttarus_mexicanus	N0.HOG0001406	1		expansion	FALSE
Mischocyttarus_mexicanus	N0.HOG0001409	1		expansion	FALSE
Mischocyttarus_mexicanus	N0.HOG0001413	1		expansion	FALSE
Mischocyttarus_mexicanus	N0.HOG0001422	1		expansion	FALSE
Mischocyttarus_mexicanus	N0.HOG0001427	1		expansion	FALSE
Mischocyttarus_mexicanus	N0.HOG0001436	1		expansion	FALSE
Mischocyttarus_mexicanus	N0.HOG0001444	1		expansion	FALSE
Mischocyttarus_mexicanus	N0.HOG0001448	1		expansion	FALSE
Mischocyttarus_mexicanus	N0.HOG0001454	1		expansion	FALSE
Mischocyttarus_mexicanus	N0.HOG0001464	1		expansion	FALSE
Mischocyttarus_mexicanus	N0.HOG0001472	1		expansion	FALSE
Mischocyttarus_mexicanus	N0.HOG0001507	1		expansion	FALSE
Mischocyttarus_mexicanus	N0.HOG0001509	1		expansion	FALSE
Mischocyttarus_mexicanus	N0.HOG0001511	1		expansion	FALSE
Mischocyttarus_mexicanus	N0.HOG0001512	1		expansion	FALSE
Mischocyttarus_mexicanus	N0.HOG0001519	1		expansion	FALSE
Mischocyttarus_mexicanus	N0.HOG0001522	1		expansion	FALSE
Mischocyttarus_mexicanus	N0.HOG0001533	1		expansion	FALSE
Mischocyttarus_mexicanus	N0.HOG0001535	1		expansion	FALSE
Mischocyttarus_mexicanus	N0.HOG0001538	1		expansion	FALSE
Mischocyttarus_mexicanus	N0.HOG0001575	1		expansion	FALSE
Mischocyttarus_mexicanus	N0.HOG0001577	1		expansion	FALSE
Mischocyttarus_mexicanus	N0.HOG0001580	1		expansion	FALSE
Mischocyttarus_mexicanus	N0.HOG0001582	1		expansion	FALSE
Mischocyttarus_mexicanus	N0.HOG0001600	1		expansion	FALSE
Mischocyttarus_mexicanus	N0.HOG0001602	1		expansion	FALSE
Mischocyttarus_mexicanus	N0.HOG0001617	1		expansion	FALSE
Mischocyttarus_mexicanus	N0.HOG0001620	1		expansion	FALSE
Mischocyttarus_mexicanus	N0.HOG0001621	1		expansion	FALSE
Mischocyttarus_mexicanus	N0.HOG0001623	1		expansion	FALSE
Mischocyttarus_mexicanus	N0.HOG0001635	1		expansion	FALSE
Mischocyttarus_mexicanus	N0.HOG0001637	1		expansion	FALSE
Mischocyttarus_mexicanus	N0.HOG0001640	1		expansion	FALSE
Mischocyttarus_mexicanus	N0.HOG0001642	1		expansion	FALSE
Mischocyttarus_mexicanus	N0.HOG0001645	1		expansion	FALSE
Mischocyttarus_mexicanus	N0.HOG0001648	1		expansion	FALSE
Mischocyttarus_mexicanus	N0.HOG0001660	1		expansion	FALSE
Mischocyttarus_mexicanus	N0.HOG0001663	1		expansion	FALSE
Mischocyttarus_mexicanus	N0.HOG0001680	1		expansion	FALSE
Mischocyttarus_mexicanus	N0.HOG0001685	1		expansion	FALSE
Mischocyttarus_mexicanus	N0.HOG0001692	1		expansion	FALSE
Mischocyttarus_mexicanus	N0.HOG0001710	1		expansion	FALSE
Mischocyttarus_mexicanus	N0.HOG0001717	1		expansion	FALSE
Mischocyttarus_mexicanus	N0.HOG0001718	1		expansion	FALSE
Mischocyttarus_mexicanus	N0.HOG0001719	1		expansion	FALSE
Mischocyttarus_mexicanus	N0.HOG0001736	1		expansion	FALSE
Mischocyttarus_mexicanus	N0.HOG0001743	1		expansion	FALSE
Mischocyttarus_mexicanus	N0.HOG0001746	1		expansion	FALSE
Mischocyttarus_mexicanus	N0.HOG0001747	1		expansion	FALSE
Mischocyttarus_mexicanus	N0.HOG0001749	1		expansion	FALSE
Mischocyttarus_mexicanus	N0.HOG0001751	1		expansion	FALSE
Mischocyttarus_mexicanus	N0.HOG0001753	1		expansion	FALSE
Mischocyttarus_mexicanus	N0.HOG0001759	1		expansion	FALSE
Mischocyttarus_mexicanus	N0.HOG0001766	1		expansion	FALSE
Mischocyttarus_mexicanus	N0.HOG0001785	1		expansion	FALSE
Mischocyttarus_mexicanus	N0.HOG0001798	1		expansion	FALSE
Mischocyttarus_mexicanus	N0.HOG0001814	1		expansion	FALSE
Mischocyttarus_mexicanus	N0.HOG0001816	1		expansion	FALSE
Mischocyttarus_mexicanus	N0.HOG0001817	1		expansion	FALSE
Mischocyttarus_mexicanus	N0.HOG0001824	1		expansion	FALSE
Mischocyttarus_mexicanus	N0.HOG0001830	1		expansion	FALSE
Mischocyttarus_mexicanus	N0.HOG0001834	1		expansion	FALSE
Mischocyttarus_mexicanus	N0.HOG0001836	1		expansion	FALSE
Mischocyttarus_mexicanus	N0.HOG0001844	1		expansion	FALSE
Mischocyttarus_mexicanus	N0.HOG0001849	1		expansion	FALSE
Mischocyttarus_mexicanus	N0.HOG0001850	1		expansion	FALSE
Mischocyttarus_mexicanus	N0.HOG0001851	1		expansion	FALSE
Mischocyttarus_mexicanus	N0.HOG0001856	1		expansion	FALSE
Mischocyttarus_mexicanus	N0.HOG0001860	1		expansion	FALSE
Mischocyttarus_mexicanus	N0.HOG0001862	1		expansion	FALSE
Mischocyttarus_mexicanus	N0.HOG0001872	1		expansion	FALSE
Mischocyttarus_mexicanus	N0.HOG0001876	1		expansion	FALSE
Mischocyttarus_mexicanus	N0.HOG0001877	1		expansion	FALSE
Mischocyttarus_mexicanus	N0.HOG0001880	1		expansion	FALSE
Mischocyttarus_mexicanus	N0.HOG0001889	1		expansion	FALSE
Mischocyttarus_mexicanus	N0.HOG0001903	1		expansion	FALSE
Mischocyttarus_mexicanus	N0.HOG0001907	1		expansion	FALSE
Mischocyttarus_mexicanus	N0.HOG0001910	1		expansion	FALSE
Mischocyttarus_mexicanus	N0.HOG0001912	1		expansion	FALSE
Mischocyttarus_mexicanus	N0.HOG0001913	1		expansion	FALSE
Mischocyttarus_mexicanus	N0.HOG0001924	1		expansion	FALSE
Mischocyttarus_mexicanus	N0.HOG0001925	1		expansion	FALSE
Mischocyttarus_mexicanus	N0.HOG0001941	1		expansion	FALSE
Mischocyttarus_mexicanus	N0.HOG0001949	1		expansion	FALSE
Mischocyttarus_mexicanus	N0.HOG0001952	1		expansion	FALSE
Mischocyttarus_mexicanus	N0.HOG0001955	1		expansion	FALSE
Mischocyttarus_mexicanus	N0.HOG0001961	1		expansion	FALSE
Mischocyttarus_mexicanus	N0.HOG0001966	1		expansion	FALSE
Mischocyttarus_mexicanus	N0.HOG0001967	1		expansion	FALSE
Mischocyttarus_mexicanus	N0.HOG0001973	1		expansion	FALSE
Mischocyttarus_mexicanus	N0.HOG0001976	1		expansion	FALSE
Mischocyttarus_mexicanus	N0.HOG0001977	1		expansion	FALSE
Mischocyttarus_mexicanus	N0.HOG0001986	1		expansion	FALSE
Mischocyttarus_mexicanus	N0.HOG0001987	1		expansion	FALSE
Mischocyttarus_mexicanus	N0.HOG0001995	1		expansion	FALSE
Mischocyttarus_mexicanus	N0.HOG0001997	1		expansion	FALSE
Mischocyttarus_mexicanus	N0.HOG0002009	1		expansion	FALSE
Mischocyttarus_mexicanus	N0.HOG0002017	1		expansion	FALSE
Mischocyttarus_mexicanus	N0.HOG0002024	1		expansion	FALSE
Mischocyttarus_mexicanus	N0.HOG0002030	1		expansion	FALSE
Mischocyttarus_mexicanus	N0.HOG0002031	1		expansion	FALSE
Mischocyttarus_mexicanus	N0.HOG0002047	1		expansion	FALSE
Mischocyttarus_mexicanus	N0.HOG0002051	1		expansion	FALSE
Mischocyttarus_mexicanus	N0.HOG0002055	1		expansion	FALSE
Mischocyttarus_mexicanus	N0.HOG0002062	1		expansion	FALSE
Mischocyttarus_mexicanus	N0.HOG0002066	1		expansion	FALSE
Mischocyttarus_mexicanus	N0.HOG0002077	1		expansion	FALSE
Mischocyttarus_mexicanus	N0.HOG0002078	1		expansion	FALSE
Mischocyttarus_mexicanus	N0.HOG0002080	1		expansion	FALSE
Mischocyttarus_mexicanus	N0.HOG0002087	1		expansion	FALSE
Mischocyttarus_mexicanus	N0.HOG0002089	1		expansion	FALSE
Mischocyttarus_mexicanus	N0.HOG0002099	1		expansion	FALSE
Mischocyttarus_mexicanus	N0.HOG0002100	1		expansion	FALSE
Mischocyttarus_mexicanus	N0.HOG0002113	1		expansion	FALSE
Mischocyttarus_mexicanus	N0.HOG0002120	1		expansion	FALSE
Mischocyttarus_mexicanus	N0.HOG0002124	1		expansion	FALSE
Mischocyttarus_mexicanus	N0.HOG0002128	1		expansion	FALSE
Mischocyttarus_mexicanus	N0.HOG0002133	1		expansion	FALSE
Mischocyttarus_mexicanus	N0.HOG0002134	1		expansion	FALSE
Mischocyttarus_mexicanus	N0.HOG0002135	1		expansion	FALSE
Mischocyttarus_mexicanus	N0.HOG0002138	1		expansion	FALSE
Mischocyttarus_mexicanus	N0.HOG0002140	1		expansion	FALSE
Mischocyttarus_mexicanus	N0.HOG0002144	1		expansion	FALSE
Mischocyttarus_mexicanus	N0.HOG0002147	1		expansion	FALSE
Mischocyttarus_mexicanus	N0.HOG0002174	1		expansion	FALSE
Mischocyttarus_mexicanus	N0.HOG0002175	1		expansion	FALSE
Mischocyttarus_mexicanus	N0.HOG0002176	1		expansion	FALSE
Mischocyttarus_mexicanus	N0.HOG0002181	1		expansion	FALSE
Mischocyttarus_mexicanus	N0.HOG0002188	1		expansion	FALSE
Mischocyttarus_mexicanus	N0.HOG0002201	1		expansion	FALSE
Mischocyttarus_mexicanus	N0.HOG0002202	1		expansion	FALSE
Mischocyttarus_mexicanus	N0.HOG0002207	1		expansion	FALSE
Mischocyttarus_mexicanus	N0.HOG0002220	1		expansion	FALSE
Mischocyttarus_mexicanus	N0.HOG0002222	1		expansion	FALSE
Mischocyttarus_mexicanus	N0.HOG0002229	1		expansion	FALSE
Mischocyttarus_mexicanus	N0.HOG0002235	1		expansion	FALSE
Mischocyttarus_mexicanus	N0.HOG0002245	1		expansion	FALSE
Mischocyttarus_mexicanus	N0.HOG0002248	1		expansion	FALSE
Mischocyttarus_mexicanus	N0.HOG0002251	1		expansion	FALSE
Mischocyttarus_mexicanus	N0.HOG0002254	1		expansion	FALSE
Mischocyttarus_mexicanus	N0.HOG0002258	1		expansion	FALSE
Mischocyttarus_mexicanus	N0.HOG0002261	1		expansion	FALSE
Mischocyttarus_mexicanus	N0.HOG0002273	1		expansion	FALSE
Mischocyttarus_mexicanus	N0.HOG0002274	1		expansion	FALSE
Mischocyttarus_mexicanus	N0.HOG0002275	1		expansion	FALSE
Mischocyttarus_mexicanus	N0.HOG0002284	1		expansion	FALSE
Mischocyttarus_mexicanus	N0.HOG0002289	1		expansion	FALSE
Mischocyttarus_mexicanus	N0.HOG0002292	1		expansion	FALSE
Mischocyttarus_mexicanus	N0.HOG0002293	1		expansion	FALSE
Mischocyttarus_mexicanus	N0.HOG0002295	1		expansion	FALSE
Mischocyttarus_mexicanus	N0.HOG0002296	1		expansion	FALSE
Mischocyttarus_mexicanus	N0.HOG0002301	1		expansion	FALSE
Mischocyttarus_mexicanus	N0.HOG0002309	1		expansion	FALSE
Mischocyttarus_mexicanus	N0.HOG0002310	1		expansion	FALSE
Mischocyttarus_mexicanus	N0.HOG0002315	1		expansion	FALSE
Mischocyttarus_mexicanus	N0.HOG0002324	1		expansion	FALSE
Mischocyttarus_mexicanus	N0.HOG0002341	1		expansion	FALSE
Mischocyttarus_mexicanus	N0.HOG0002343	1		expansion	FALSE
Mischocyttarus_mexicanus	N0.HOG0002350	1		expansion	FALSE
Mischocyttarus_mexicanus	N0.HOG0002362	1		expansion	FALSE
Mischocyttarus_mexicanus	N0.HOG0002373	1		expansion	FALSE
Mischocyttarus_mexicanus	N0.HOG0002377	1		expansion	FALSE
Mischocyttarus_mexicanus	N0.HOG0002389	1		expansion	FALSE
Mischocyttarus_mexicanus	N0.HOG0002395	1		expansion	FALSE
Mischocyttarus_mexicanus	N0.HOG0002402	1		expansion	FALSE
Mischocyttarus_mexicanus	N0.HOG0002417	1		expansion	FALSE
Mischocyttarus_mexicanus	N0.HOG0002418	1		expansion	FALSE
Mischocyttarus_mexicanus	N0.HOG0002428	1		expansion	FALSE
Mischocyttarus_mexicanus	N0.HOG0002431	1		expansion	FALSE
Mischocyttarus_mexicanus	N0.HOG0002435	1		expansion	FALSE
Mischocyttarus_mexicanus	N0.HOG0002436	1		expansion	FALSE
Mischocyttarus_mexicanus	N0.HOG0002455	1		expansion	FALSE
Mischocyttarus_mexicanus	N0.HOG0002463	1		expansion	FALSE
Mischocyttarus_mexicanus	N0.HOG0002464	1		expansion	FALSE
Mischocyttarus_mexicanus	N0.HOG0002467	1		expansion	FALSE
Mischocyttarus_mexicanus	N0.HOG0002471	1		expansion	FALSE
Mischocyttarus_mexicanus	N0.HOG0002473	1		expansion	FALSE
Mischocyttarus_mexicanus	N0.HOG0002475	1		expansion	FALSE
Mischocyttarus_mexicanus	N0.HOG0002484	1		expansion	FALSE
Mischocyttarus_mexicanus	N0.HOG0002491	1		expansion	FALSE
Mischocyttarus_mexicanus	N0.HOG0002496	1		expansion	FALSE
Mischocyttarus_mexicanus	N0.HOG0002522	1		expansion	FALSE
Mischocyttarus_mexicanus	N0.HOG0002532	1		expansion	FALSE
Mischocyttarus_mexicanus	N0.HOG0002538	1		expansion	FALSE
Mischocyttarus_mexicanus	N0.HOG0002564	1		expansion	FALSE
Mischocyttarus_mexicanus	N0.HOG0002568	1		expansion	FALSE
Mischocyttarus_mexicanus	N0.HOG0002575	1		expansion	FALSE
Mischocyttarus_mexicanus	N0.HOG0002581	1		expansion	FALSE
Mischocyttarus_mexicanus	N0.HOG0002584	1		expansion	FALSE
Mischocyttarus_mexicanus	N0.HOG0002593	1		expansion	FALSE
Mischocyttarus_mexicanus	N0.HOG0002596	1		expansion	FALSE
Mischocyttarus_mexicanus	N0.HOG0002603	1		expansion	FALSE
Mischocyttarus_mexicanus	N0.HOG0002610	1		expansion	FALSE
Mischocyttarus_mexicanus	N0.HOG0002615	1		expansion	FALSE
Mischocyttarus_mexicanus	N0.HOG0002623	1		expansion	FALSE
Mischocyttarus_mexicanus	N0.HOG0002624	1		expansion	FALSE
Mischocyttarus_mexicanus	N0.HOG0002629	1		expansion	FALSE
Mischocyttarus_mexicanus	N0.HOG0002632	1		expansion	FALSE
Mischocyttarus_mexicanus	N0.HOG0002640	1		expansion	FALSE
Mischocyttarus_mexicanus	N0.HOG0002644	1		expansion	FALSE
Mischocyttarus_mexicanus	N0.HOG0002645	1		expansion	FALSE
Mischocyttarus_mexicanus	N0.HOG0002652	1		expansion	FALSE
Mischocyttarus_mexicanus	N0.HOG0002653	1		expansion	FALSE
Mischocyttarus_mexicanus	N0.HOG0002663	1		expansion	FALSE
Mischocyttarus_mexicanus	N0.HOG0002671	1		expansion	FALSE
Mischocyttarus_mexicanus	N0.HOG0002677	1		expansion	FALSE
Mischocyttarus_mexicanus	N0.HOG0002683	1		expansion	FALSE
Mischocyttarus_mexicanus	N0.HOG0002686	1		expansion	FALSE
Mischocyttarus_mexicanus	N0.HOG0002702	1		expansion	FALSE
Mischocyttarus_mexicanus	N0.HOG0002703	1		expansion	FALSE
Mischocyttarus_mexicanus	N0.HOG0002704	1		expansion	FALSE
Mischocyttarus_mexicanus	N0.HOG0002714	1		expansion	FALSE
Mischocyttarus_mexicanus	N0.HOG0002722	1		expansion	FALSE
Mischocyttarus_mexicanus	N0.HOG0002726	1		expansion	FALSE
Mischocyttarus_mexicanus	N0.HOG0002736	1		expansion	FALSE
Mischocyttarus_mexicanus	N0.HOG0002745	1		expansion	FALSE
Mischocyttarus_mexicanus	N0.HOG0002768	1		expansion	FALSE
Mischocyttarus_mexicanus	N0.HOG0002775	1		expansion	FALSE
Mischocyttarus_mexicanus	N0.HOG0002777	1		expansion	FALSE
Mischocyttarus_mexicanus	N0.HOG0002779	1		expansion	FALSE
Mischocyttarus_mexicanus	N0.HOG0002781	1		expansion	FALSE
Mischocyttarus_mexicanus	N0.HOG0002784	1		expansion	FALSE
Mischocyttarus_mexicanus	N0.HOG0002787	1		expansion	FALSE
Mischocyttarus_mexicanus	N0.HOG0002789	1		expansion	FALSE
Mischocyttarus_mexicanus	N0.HOG0002794	1		expansion	FALSE
Mischocyttarus_mexicanus	N0.HOG0002798	1		expansion	FALSE
Mischocyttarus_mexicanus	N0.HOG0002811	1		expansion	FALSE
Mischocyttarus_mexicanus	N0.HOG0002831	1		expansion	FALSE
Mischocyttarus_mexicanus	N0.HOG0002846	1		expansion	FALSE
Mischocyttarus_mexicanus	N0.HOG0002850	1		expansion	FALSE
Mischocyttarus_mexicanus	N0.HOG0002855	1		expansion	FALSE
Mischocyttarus_mexicanus	N0.HOG0002861	1		expansion	FALSE
Mischocyttarus_mexicanus	N0.HOG0002873	1		expansion	FALSE
Mischocyttarus_mexicanus	N0.HOG0002876	1		expansion	FALSE
Mischocyttarus_mexicanus	N0.HOG0002891	1		expansion	FALSE
Mischocyttarus_mexicanus	N0.HOG0002921	1		expansion	FALSE
Mischocyttarus_mexicanus	N0.HOG0002930	1		expansion	FALSE
Mischocyttarus_mexicanus	N0.HOG0002958	1		expansion	FALSE
Mischocyttarus_mexicanus	N0.HOG0002961	1		expansion	FALSE
Mischocyttarus_mexicanus	N0.HOG0002994	1		expansion	FALSE
Mischocyttarus_mexicanus	N0.HOG0002995	1		expansion	FALSE
Mischocyttarus_mexicanus	N0.HOG0003003	1		expansion	FALSE
Mischocyttarus_mexicanus	N0.HOG0003005	1		expansion	FALSE
Mischocyttarus_mexicanus	N0.HOG0003006	1		expansion	FALSE
Mischocyttarus_mexicanus	N0.HOG0003027	1		expansion	FALSE
Mischocyttarus_mexicanus	N0.HOG0003032	1		expansion	FALSE
Mischocyttarus_mexicanus	N0.HOG0003034	1		expansion	FALSE
Mischocyttarus_mexicanus	N0.HOG0003036	1		expansion	FALSE
Mischocyttarus_mexicanus	N0.HOG0003043	1		expansion	FALSE
Mischocyttarus_mexicanus	N0.HOG0003044	1		expansion	FALSE
Mischocyttarus_mexicanus	N0.HOG0003068	1		expansion	FALSE
Mischocyttarus_mexicanus	N0.HOG0003072	1		expansion	FALSE
Mischocyttarus_mexicanus	N0.HOG0003077	1		expansion	FALSE
Mischocyttarus_mexicanus	N0.HOG0003078	1		expansion	FALSE
Mischocyttarus_mexicanus	N0.HOG0003099	1		expansion	FALSE
Mischocyttarus_mexicanus	N0.HOG0003101	1		expansion	FALSE
Mischocyttarus_mexicanus	N0.HOG0003111	1		expansion	FALSE
Mischocyttarus_mexicanus	N0.HOG0003114	1		expansion	FALSE
Mischocyttarus_mexicanus	N0.HOG0003117	1		expansion	FALSE
Mischocyttarus_mexicanus	N0.HOG0003123	1		expansion	FALSE
Mischocyttarus_mexicanus	N0.HOG0003132	1		expansion	FALSE
Mischocyttarus_mexicanus	N0.HOG0003147	1		expansion	FALSE
Mischocyttarus_mexicanus	N0.HOG0003156	1		expansion	FALSE
Mischocyttarus_mexicanus	N0.HOG0003160	1		expansion	FALSE
Mischocyttarus_mexicanus	N0.HOG0003181	1		expansion	FALSE
Mischocyttarus_mexicanus	N0.HOG0003183	1		expansion	FALSE
Mischocyttarus_mexicanus	N0.HOG0003184	1		expansion	FALSE
Mischocyttarus_mexicanus	N0.HOG0003190	1		expansion	FALSE
Mischocyttarus_mexicanus	N0.HOG0003193	1		expansion	FALSE
Mischocyttarus_mexicanus	N0.HOG0003194	1		expansion	FALSE
Mischocyttarus_mexicanus	N0.HOG0003198	1		expansion	FALSE
Mischocyttarus_mexicanus	N0.HOG0003207	1		expansion	FALSE
Mischocyttarus_mexicanus	N0.HOG0003211	1		expansion	FALSE
Mischocyttarus_mexicanus	N0.HOG0003215	1		expansion	FALSE
Mischocyttarus_mexicanus	N0.HOG0003218	1		expansion	FALSE
Mischocyttarus_mexicanus	N0.HOG0003223	1		expansion	FALSE
Mischocyttarus_mexicanus	N0.HOG0003225	1		expansion	FALSE
Mischocyttarus_mexicanus	N0.HOG0003229	1		expansion	FALSE
Mischocyttarus_mexicanus	N0.HOG0003230	1		expansion	FALSE
Mischocyttarus_mexicanus	N0.HOG0003237	1		expansion	FALSE
Mischocyttarus_mexicanus	N0.HOG0003251	1		expansion	FALSE
Mischocyttarus_mexicanus	N0.HOG0003256	1		expansion	FALSE
Mischocyttarus_mexicanus	N0.HOG0003257	1		expansion	FALSE
Mischocyttarus_mexicanus	N0.HOG0003264	1		expansion	FALSE
Mischocyttarus_mexicanus	N0.HOG0003269	1		expansion	FALSE
Mischocyttarus_mexicanus	N0.HOG0003270	1		expansion	FALSE
Mischocyttarus_mexicanus	N0.HOG0003272	1		expansion	FALSE
Mischocyttarus_mexicanus	N0.HOG0003281	1		expansion	FALSE
Mischocyttarus_mexicanus	N0.HOG0003284	1		expansion	FALSE
Mischocyttarus_mexicanus	N0.HOG0003312	1		expansion	FALSE
Mischocyttarus_mexicanus	N0.HOG0003333	1		expansion	FALSE
Mischocyttarus_mexicanus	N0.HOG0003343	1		expansion	FALSE
Mischocyttarus_mexicanus	N0.HOG0003347	1		expansion	FALSE
Mischocyttarus_mexicanus	N0.HOG0003354	1		expansion	FALSE
Mischocyttarus_mexicanus	N0.HOG0003362	1		expansion	FALSE
Mischocyttarus_mexicanus	N0.HOG0003369	1		expansion	FALSE
Mischocyttarus_mexicanus	N0.HOG0003373	1		expansion	FALSE
Mischocyttarus_mexicanus	N0.HOG0003408	1		expansion	FALSE
Mischocyttarus_mexicanus	N0.HOG0003411	1		expansion	FALSE
Mischocyttarus_mexicanus	N0.HOG0003412	1		expansion	FALSE
Mischocyttarus_mexicanus	N0.HOG0003414	1		expansion	FALSE
Mischocyttarus_mexicanus	N0.HOG0003424	1		expansion	FALSE
Mischocyttarus_mexicanus	N0.HOG0003425	1		expansion	FALSE
Mischocyttarus_mexicanus	N0.HOG0003438	1		expansion	FALSE
Mischocyttarus_mexicanus	N0.HOG0003441	1		expansion	FALSE
Mischocyttarus_mexicanus	N0.HOG0003452	1		expansion	FALSE
Mischocyttarus_mexicanus	N0.HOG0003468	1		expansion	FALSE
Mischocyttarus_mexicanus	N0.HOG0003472	1		expansion	FALSE
Mischocyttarus_mexicanus	N0.HOG0003475	1		expansion	FALSE
Mischocyttarus_mexicanus	N0.HOG0003476	1		expansion	FALSE
Mischocyttarus_mexicanus	N0.HOG0003491	1		expansion	FALSE
Mischocyttarus_mexicanus	N0.HOG0003512	1		expansion	FALSE
Mischocyttarus_mexicanus	N0.HOG0003518	1		expansion	FALSE
Mischocyttarus_mexicanus	N0.HOG0003520	1		expansion	FALSE
Mischocyttarus_mexicanus	N0.HOG0003523	1		expansion	FALSE
Mischocyttarus_mexicanus	N0.HOG0003524	1		expansion	FALSE
Mischocyttarus_mexicanus	N0.HOG0003528	1		expansion	FALSE
Mischocyttarus_mexicanus	N0.HOG0003549	1		expansion	FALSE
Mischocyttarus_mexicanus	N0.HOG0003568	1		expansion	FALSE
Mischocyttarus_mexicanus	N0.HOG0003574	1		expansion	FALSE
Mischocyttarus_mexicanus	N0.HOG0003585	1		expansion	FALSE
Mischocyttarus_mexicanus	N0.HOG0003590	1		expansion	FALSE
Mischocyttarus_mexicanus	N0.HOG0003595	1		expansion	FALSE
Mischocyttarus_mexicanus	N0.HOG0003599	1		expansion	FALSE
Mischocyttarus_mexicanus	N0.HOG0003608	1		expansion	FALSE
Mischocyttarus_mexicanus	N0.HOG0003615	1		expansion	FALSE
Mischocyttarus_mexicanus	N0.HOG0003619	1		expansion	FALSE
Mischocyttarus_mexicanus	N0.HOG0003622	1		expansion	FALSE
Mischocyttarus_mexicanus	N0.HOG0003623	1		expansion	FALSE
Mischocyttarus_mexicanus	N0.HOG0003624	1		expansion	FALSE
Mischocyttarus_mexicanus	N0.HOG0003628	1		expansion	FALSE
Mischocyttarus_mexicanus	N0.HOG0003629	1		expansion	FALSE
Mischocyttarus_mexicanus	N0.HOG0003635	1		expansion	FALSE
Mischocyttarus_mexicanus	N0.HOG0003679	1		expansion	FALSE
Mischocyttarus_mexicanus	N0.HOG0003691	1		expansion	FALSE
Mischocyttarus_mexicanus	N0.HOG0003719	1		expansion	FALSE
Mischocyttarus_mexicanus	N0.HOG0003730	1		expansion	FALSE
Mischocyttarus_mexicanus	N0.HOG0003731	1		expansion	FALSE
Mischocyttarus_mexicanus	N0.HOG0003733	1		expansion	FALSE
Mischocyttarus_mexicanus	N0.HOG0003744	1		expansion	FALSE
Mischocyttarus_mexicanus	N0.HOG0003759	1		expansion	FALSE
Mischocyttarus_mexicanus	N0.HOG0003761	1		expansion	FALSE
Mischocyttarus_mexicanus	N0.HOG0003771	1		expansion	FALSE
Mischocyttarus_mexicanus	N0.HOG0003772	1		expansion	FALSE
Mischocyttarus_mexicanus	N0.HOG0003777	1		expansion	FALSE
Mischocyttarus_mexicanus	N0.HOG0003778	1		expansion	FALSE
Mischocyttarus_mexicanus	N0.HOG0003787	1		expansion	FALSE
Mischocyttarus_mexicanus	N0.HOG0003792	1		expansion	FALSE
Mischocyttarus_mexicanus	N0.HOG0003796	1		expansion	FALSE
Mischocyttarus_mexicanus	N0.HOG0003799	1		expansion	FALSE
Mischocyttarus_mexicanus	N0.HOG0003805	1		expansion	FALSE
Mischocyttarus_mexicanus	N0.HOG0003813	1		expansion	FALSE
Mischocyttarus_mexicanus	N0.HOG0003838	1		expansion	FALSE
Mischocyttarus_mexicanus	N0.HOG0003884	1		expansion	FALSE
Mischocyttarus_mexicanus	N0.HOG0003891	1		expansion	FALSE
Mischocyttarus_mexicanus	N0.HOG0003893	1		expansion	FALSE
Mischocyttarus_mexicanus	N0.HOG0003897	1		expansion	FALSE
Mischocyttarus_mexicanus	N0.HOG0003899	1		expansion	FALSE
Mischocyttarus_mexicanus	N0.HOG0003903	1		expansion	FALSE
Mischocyttarus_mexicanus	N0.HOG0003906	1		expansion	FALSE
Mischocyttarus_mexicanus	N0.HOG0003908	1		expansion	FALSE
Mischocyttarus_mexicanus	N0.HOG0003914	1		expansion	FALSE
Mischocyttarus_mexicanus	N0.HOG0003950	1		expansion	FALSE
Mischocyttarus_mexicanus	N0.HOG0003953	1		expansion	FALSE
Mischocyttarus_mexicanus	N0.HOG0003969	1		expansion	FALSE
Mischocyttarus_mexicanus	N0.HOG0003970	1		expansion	FALSE
Mischocyttarus_mexicanus	N0.HOG0003974	1		expansion	FALSE
Mischocyttarus_mexicanus	N0.HOG0003990	1		expansion	FALSE
Mischocyttarus_mexicanus	N0.HOG0004006	1		expansion	FALSE
Mischocyttarus_mexicanus	N0.HOG0004030	1		expansion	FALSE
Mischocyttarus_mexicanus	N0.HOG0004033	1		expansion	FALSE
Mischocyttarus_mexicanus	N0.HOG0004035	1		expansion	FALSE
Mischocyttarus_mexicanus	N0.HOG0004039	1		expansion	FALSE
Mischocyttarus_mexicanus	N0.HOG0004042	1		expansion	FALSE
Mischocyttarus_mexicanus	N0.HOG0004053	1		expansion	FALSE
Mischocyttarus_mexicanus	N0.HOG0004084	1		expansion	FALSE
Mischocyttarus_mexicanus	N0.HOG0004085	1		expansion	FALSE
Mischocyttarus_mexicanus	N0.HOG0004089	1		expansion	FALSE
Mischocyttarus_mexicanus	N0.HOG0004107	1		expansion	FALSE
Mischocyttarus_mexicanus	N0.HOG0004115	1		expansion	FALSE
Mischocyttarus_mexicanus	N0.HOG0004134	1		expansion	FALSE
Mischocyttarus_mexicanus	N0.HOG0004149	1		expansion	FALSE
Mischocyttarus_mexicanus	N0.HOG0004154	1		expansion	FALSE
Mischocyttarus_mexicanus	N0.HOG0004159	1		expansion	FALSE
Mischocyttarus_mexicanus	N0.HOG0004160	1		expansion	FALSE
Mischocyttarus_mexicanus	N0.HOG0004161	1		expansion	FALSE
Mischocyttarus_mexicanus	N0.HOG0004162	1		expansion	FALSE
Mischocyttarus_mexicanus	N0.HOG0004176	1		expansion	FALSE
Mischocyttarus_mexicanus	N0.HOG0004189	1		expansion	FALSE
Mischocyttarus_mexicanus	N0.HOG0004209	1		expansion	FALSE
Mischocyttarus_mexicanus	N0.HOG0004227	1		expansion	FALSE
Mischocyttarus_mexicanus	N0.HOG0004229	1		expansion	FALSE
Mischocyttarus_mexicanus	N0.HOG0004234	1		expansion	FALSE
Mischocyttarus_mexicanus	N0.HOG0004242	1		expansion	FALSE
Mischocyttarus_mexicanus	N0.HOG0004246	1		expansion	FALSE
Mischocyttarus_mexicanus	N0.HOG0004253	1		expansion	FALSE
Mischocyttarus_mexicanus	N0.HOG0004254	1		expansion	FALSE
Mischocyttarus_mexicanus	N0.HOG0004279	1		expansion	FALSE
Mischocyttarus_mexicanus	N0.HOG0004280	1		expansion	FALSE
Mischocyttarus_mexicanus	N0.HOG0004285	1		expansion	FALSE
Mischocyttarus_mexicanus	N0.HOG0004296	1		expansion	FALSE
Mischocyttarus_mexicanus	N0.HOG0004301	1		expansion	FALSE
Mischocyttarus_mexicanus	N0.HOG0004302	1		expansion	FALSE
Mischocyttarus_mexicanus	N0.HOG0004309	1		expansion	FALSE
Mischocyttarus_mexicanus	N0.HOG0004310	1		expansion	FALSE
Mischocyttarus_mexicanus	N0.HOG0004322	1		expansion	FALSE
Mischocyttarus_mexicanus	N0.HOG0004324	1		expansion	FALSE
Mischocyttarus_mexicanus	N0.HOG0004360	1		expansion	FALSE
Mischocyttarus_mexicanus	N0.HOG0004369	1		expansion	FALSE
Mischocyttarus_mexicanus	N0.HOG0004380	1		expansion	FALSE
Mischocyttarus_mexicanus	N0.HOG0004387	1		expansion	FALSE
Mischocyttarus_mexicanus	N0.HOG0004392	1		expansion	FALSE
Mischocyttarus_mexicanus	N0.HOG0004393	1		expansion	FALSE
Mischocyttarus_mexicanus	N0.HOG0004414	1		expansion	FALSE
Mischocyttarus_mexicanus	N0.HOG0004428	1		expansion	FALSE
Mischocyttarus_mexicanus	N0.HOG0004443	1		expansion	FALSE
Mischocyttarus_mexicanus	N0.HOG0004455	1		expansion	FALSE
Mischocyttarus_mexicanus	N0.HOG0004462	1		expansion	FALSE
Mischocyttarus_mexicanus	N0.HOG0004466	1		expansion	FALSE
Mischocyttarus_mexicanus	N0.HOG0004468	1		expansion	FALSE
Mischocyttarus_mexicanus	N0.HOG0004470	1		expansion	FALSE
Mischocyttarus_mexicanus	N0.HOG0004478	1		expansion	FALSE
Mischocyttarus_mexicanus	N0.HOG0004482	1		expansion	FALSE
Mischocyttarus_mexicanus	N0.HOG0004494	1		expansion	FALSE
Mischocyttarus_mexicanus	N0.HOG0004498	1		expansion	FALSE
Mischocyttarus_mexicanus	N0.HOG0004504	1		expansion	FALSE
Mischocyttarus_mexicanus	N0.HOG0004510	1		expansion	FALSE
Mischocyttarus_mexicanus	N0.HOG0004511	1		expansion	FALSE
Mischocyttarus_mexicanus	N0.HOG0004514	1		expansion	FALSE
Mischocyttarus_mexicanus	N0.HOG0004516	1		expansion	FALSE
Mischocyttarus_mexicanus	N0.HOG0004521	1		expansion	FALSE
Mischocyttarus_mexicanus	N0.HOG0004544	1		expansion	FALSE
Mischocyttarus_mexicanus	N0.HOG0004549	1		expansion	FALSE
Mischocyttarus_mexicanus	N0.HOG0004580	1		expansion	FALSE
Mischocyttarus_mexicanus	N0.HOG0004585	1		expansion	FALSE
Mischocyttarus_mexicanus	N0.HOG0004594	1		expansion	FALSE
Mischocyttarus_mexicanus	N0.HOG0004596	1		expansion	FALSE
Mischocyttarus_mexicanus	N0.HOG0004663	1		expansion	FALSE
Mischocyttarus_mexicanus	N0.HOG0004666	1		expansion	FALSE
Mischocyttarus_mexicanus	N0.HOG0004727	1		expansion	FALSE
Mischocyttarus_mexicanus	N0.HOG0004731	1		expansion	FALSE
Mischocyttarus_mexicanus	N0.HOG0004737	1		expansion	FALSE
Mischocyttarus_mexicanus	N0.HOG0004748	1		expansion	FALSE
Mischocyttarus_mexicanus	N0.HOG0004750	1		expansion	FALSE
Mischocyttarus_mexicanus	N0.HOG0004759	1		expansion	FALSE
Mischocyttarus_mexicanus	N0.HOG0004769	1		expansion	FALSE
Mischocyttarus_mexicanus	N0.HOG0004785	1		expansion	FALSE
Mischocyttarus_mexicanus	N0.HOG0004786	1		expansion	FALSE
Mischocyttarus_mexicanus	N0.HOG0004817	1		expansion	FALSE
Mischocyttarus_mexicanus	N0.HOG0004833	1		expansion	FALSE
Mischocyttarus_mexicanus	N0.HOG0004851	1		expansion	FALSE
Mischocyttarus_mexicanus	N0.HOG0004859	1		expansion	FALSE
Mischocyttarus_mexicanus	N0.HOG0004891	1		expansion	FALSE
Mischocyttarus_mexicanus	N0.HOG0004943	1		expansion	FALSE
Mischocyttarus_mexicanus	N0.HOG0004952	1		expansion	FALSE
Mischocyttarus_mexicanus	N0.HOG0004982	1		expansion	FALSE
Mischocyttarus_mexicanus	N0.HOG0004996	1		expansion	FALSE
Mischocyttarus_mexicanus	N0.HOG0005006	1		expansion	FALSE
Mischocyttarus_mexicanus	N0.HOG0005019	1		expansion	FALSE
Mischocyttarus_mexicanus	N0.HOG0005100	1		expansion	FALSE
Mischocyttarus_mexicanus	N0.HOG0005108	1		expansion	FALSE
Mischocyttarus_mexicanus	N0.HOG0005127	1		expansion	FALSE
Mischocyttarus_mexicanus	N0.HOG0005142	1		expansion	FALSE
Mischocyttarus_mexicanus	N0.HOG0005148	1		expansion	FALSE
Mischocyttarus_mexicanus	N0.HOG0005195	1		expansion	FALSE
Mischocyttarus_mexicanus	N0.HOG0005197	1		expansion	FALSE
Mischocyttarus_mexicanus	N0.HOG0005202	1		expansion	FALSE
Mischocyttarus_mexicanus	N0.HOG0005203	1		expansion	FALSE
Mischocyttarus_mexicanus	N0.HOG0005217	1		expansion	FALSE
Mischocyttarus_mexicanus	N0.HOG0005244	1		expansion	FALSE
Mischocyttarus_mexicanus	N0.HOG0005251	1		expansion	FALSE
Mischocyttarus_mexicanus	N0.HOG0005255	1		expansion	FALSE
Mischocyttarus_mexicanus	N0.HOG0005270	1		expansion	FALSE
Mischocyttarus_mexicanus	N0.HOG0005306	1		expansion	FALSE
Mischocyttarus_mexicanus	N0.HOG0005333	1		expansion	FALSE
Mischocyttarus_mexicanus	N0.HOG0005337	1		expansion	FALSE
Mischocyttarus_mexicanus	N0.HOG0005353	1		expansion	FALSE
Mischocyttarus_mexicanus	N0.HOG0005355	1		expansion	FALSE
Mischocyttarus_mexicanus	N0.HOG0005362	1		expansion	FALSE
Mischocyttarus_mexicanus	N0.HOG0005367	1		expansion	FALSE
Mischocyttarus_mexicanus	N0.HOG0005380	1		expansion	FALSE
Mischocyttarus_mexicanus	N0.HOG0005391	1		expansion	FALSE
Mischocyttarus_mexicanus	N0.HOG0005416	1		expansion	FALSE
Mischocyttarus_mexicanus	N0.HOG0005447	1		expansion	FALSE
Mischocyttarus_mexicanus	N0.HOG0005452	1		expansion	FALSE
Mischocyttarus_mexicanus	N0.HOG0005478	1		expansion	FALSE
Mischocyttarus_mexicanus	N0.HOG0005524	1		expansion	FALSE
Mischocyttarus_mexicanus	N0.HOG0005527	1		expansion	FALSE
Mischocyttarus_mexicanus	N0.HOG0005543	1		expansion	FALSE
Mischocyttarus_mexicanus	N0.HOG0005564	1		expansion	FALSE
Mischocyttarus_mexicanus	N0.HOG0005589	1		expansion	FALSE
Mischocyttarus_mexicanus	N0.HOG0005633	1		expansion	FALSE
Mischocyttarus_mexicanus	N0.HOG0005651	1		expansion	FALSE
Mischocyttarus_mexicanus	N0.HOG0005676	1		expansion	FALSE
Mischocyttarus_mexicanus	N0.HOG0005687	1		expansion	FALSE
Mischocyttarus_mexicanus	N0.HOG0005688	1		expansion	FALSE
Mischocyttarus_mexicanus	N0.HOG0005689	1		expansion	FALSE
Mischocyttarus_mexicanus	N0.HOG0005690	1		expansion	FALSE
Mischocyttarus_mexicanus	N0.HOG0005691	1		expansion	FALSE
Mischocyttarus_mexicanus	N0.HOG0005702	1		expansion	FALSE
Mischocyttarus_mexicanus	N0.HOG0005708	1		expansion	FALSE
Mischocyttarus_mexicanus	N0.HOG0005718	1		expansion	FALSE
Mischocyttarus_mexicanus	N0.HOG0005732	1		expansion	FALSE
Mischocyttarus_mexicanus	N0.HOG0005737	1		expansion	FALSE
Mischocyttarus_mexicanus	N0.HOG0005742	1		expansion	FALSE
Mischocyttarus_mexicanus	N0.HOG0005756	1		expansion	FALSE
Mischocyttarus_mexicanus	N0.HOG0005782	1		expansion	FALSE
Mischocyttarus_mexicanus	N0.HOG0005784	1		expansion	FALSE
Mischocyttarus_mexicanus	N0.HOG0005790	1		expansion	FALSE
Mischocyttarus_mexicanus	N0.HOG0005791	1		expansion	FALSE
Mischocyttarus_mexicanus	N0.HOG0005824	1		expansion	FALSE
Mischocyttarus_mexicanus	N0.HOG0005843	1		expansion	FALSE
Mischocyttarus_mexicanus	N0.HOG0005849	1		expansion	FALSE
Mischocyttarus_mexicanus	N0.HOG0005870	1		expansion	FALSE
Mischocyttarus_mexicanus	N0.HOG0005882	1		expansion	FALSE
Mischocyttarus_mexicanus	N0.HOG0005894	1		expansion	FALSE
Mischocyttarus_mexicanus	N0.HOG0005897	1		expansion	FALSE
Mischocyttarus_mexicanus	N0.HOG0005931	1		expansion	FALSE
Mischocyttarus_mexicanus	N0.HOG0005935	1		expansion	FALSE
Mischocyttarus_mexicanus	N0.HOG0005966	1		expansion	FALSE
Mischocyttarus_mexicanus	N0.HOG0005971	1		expansion	FALSE
Mischocyttarus_mexicanus	N0.HOG0005972	1		expansion	FALSE
Mischocyttarus_mexicanus	N0.HOG0005988	1		expansion	FALSE
Mischocyttarus_mexicanus	N0.HOG0006031	1		expansion	FALSE
Mischocyttarus_mexicanus	N0.HOG0006035	1		expansion	FALSE
Mischocyttarus_mexicanus	N0.HOG0006038	1		expansion	FALSE
Mischocyttarus_mexicanus	N0.HOG0006051	1		expansion	FALSE
Mischocyttarus_mexicanus	N0.HOG0006070	1		expansion	FALSE
Mischocyttarus_mexicanus	N0.HOG0006076	1		expansion	FALSE
Mischocyttarus_mexicanus	N0.HOG0006112	1		expansion	FALSE
Mischocyttarus_mexicanus	N0.HOG0006124	1		expansion	FALSE
Mischocyttarus_mexicanus	N0.HOG0006138	1		expansion	FALSE
Mischocyttarus_mexicanus	N0.HOG0006173	1		expansion	FALSE
Mischocyttarus_mexicanus	N0.HOG0006188	1		expansion	FALSE
Mischocyttarus_mexicanus	N0.HOG0006197	1		expansion	FALSE
Mischocyttarus_mexicanus	N0.HOG0006219	1		expansion	FALSE
Mischocyttarus_mexicanus	N0.HOG0006253	1		expansion	FALSE
Mischocyttarus_mexicanus	N0.HOG0006267	1		expansion	FALSE
Mischocyttarus_mexicanus	N0.HOG0006273	1		expansion	FALSE
Mischocyttarus_mexicanus	N0.HOG0006340	1		expansion	FALSE
Mischocyttarus_mexicanus	N0.HOG0006389	1		expansion	FALSE
Mischocyttarus_mexicanus	N0.HOG0006398	1		expansion	FALSE
Mischocyttarus_mexicanus	N0.HOG0006399	1		expansion	FALSE
Mischocyttarus_mexicanus	N0.HOG0006461	1		expansion	FALSE
Mischocyttarus_mexicanus	N0.HOG0006470	1		expansion	FALSE
Mischocyttarus_mexicanus	N0.HOG0006473	1		expansion	FALSE
Mischocyttarus_mexicanus	N0.HOG0006482	1		expansion	FALSE
Mischocyttarus_mexicanus	N0.HOG0006484	1		expansion	FALSE
Mischocyttarus_mexicanus	N0.HOG0006555	1		expansion	FALSE
Mischocyttarus_mexicanus	N0.HOG0006556	1		expansion	FALSE
Mischocyttarus_mexicanus	N0.HOG0006577	1		expansion	FALSE
Mischocyttarus_mexicanus	N0.HOG0006597	1		expansion	FALSE
Mischocyttarus_mexicanus	N0.HOG0006599	1		expansion	FALSE
Mischocyttarus_mexicanus	N0.HOG0006614	1		expansion	FALSE
Mischocyttarus_mexicanus	N0.HOG0006615	1		expansion	FALSE
Mischocyttarus_mexicanus	N0.HOG0006631	1		expansion	FALSE
Mischocyttarus_mexicanus	N0.HOG0006694	1		expansion	FALSE
Mischocyttarus_mexicanus	N0.HOG0006697	1		expansion	FALSE
Mischocyttarus_mexicanus	N0.HOG0006712	1		expansion	FALSE
Mischocyttarus_mexicanus	N0.HOG0006748	1		expansion	FALSE
Mischocyttarus_mexicanus	N0.HOG0006755	1		expansion	FALSE
Mischocyttarus_mexicanus	N0.HOG0006815	1		expansion	FALSE
Mischocyttarus_mexicanus	N0.HOG0006837	1		expansion	FALSE
Mischocyttarus_mexicanus	N0.HOG0006898	1		expansion	FALSE
Mischocyttarus_mexicanus	N0.HOG0006907	1		expansion	FALSE
Mischocyttarus_mexicanus	N0.HOG0006913	1		expansion	FALSE
Mischocyttarus_mexicanus	N0.HOG0006915	1		expansion	FALSE
Mischocyttarus_mexicanus	N0.HOG0006935	1		expansion	FALSE
Mischocyttarus_mexicanus	N0.HOG0006939	1		expansion	FALSE
Mischocyttarus_mexicanus	N0.HOG0006961	1		expansion	FALSE
Mischocyttarus_mexicanus	N0.HOG0006969	1		expansion	FALSE
Mischocyttarus_mexicanus	N0.HOG0006976	1		expansion	FALSE
Mischocyttarus_mexicanus	N0.HOG0006983	1		expansion	FALSE
Mischocyttarus_mexicanus	N0.HOG0007049	1		expansion	FALSE
Mischocyttarus_mexicanus	N0.HOG0007057	1		expansion	FALSE
Mischocyttarus_mexicanus	N0.HOG0007087	1		expansion	FALSE
Mischocyttarus_mexicanus	N0.HOG0007091	1		expansion	FALSE
Mischocyttarus_mexicanus	N0.HOG0007095	1		expansion	FALSE
Mischocyttarus_mexicanus	N0.HOG0007118	1		expansion	FALSE
Mischocyttarus_mexicanus	N0.HOG0007134	1		expansion	FALSE
Mischocyttarus_mexicanus	N0.HOG0007137	1		expansion	FALSE
Mischocyttarus_mexicanus	N0.HOG0007151	1		expansion	FALSE
Mischocyttarus_mexicanus	N0.HOG0007160	1		expansion	FALSE
Mischocyttarus_mexicanus	N0.HOG0007177	1		expansion	FALSE
Mischocyttarus_mexicanus	N0.HOG0007185	1		expansion	FALSE
Mischocyttarus_mexicanus	N0.HOG0007202	1		expansion	FALSE
Mischocyttarus_mexicanus	N0.HOG0007210	1		expansion	FALSE
Mischocyttarus_mexicanus	N0.HOG0007238	1		expansion	FALSE
Mischocyttarus_mexicanus	N0.HOG0007248	1		expansion	FALSE
Mischocyttarus_mexicanus	N0.HOG0007298	1		expansion	FALSE
Mischocyttarus_mexicanus	N0.HOG0007327	1		expansion	FALSE
Mischocyttarus_mexicanus	N0.HOG0007342	1		expansion	FALSE
Mischocyttarus_mexicanus	N0.HOG0007368	1		expansion	FALSE
Mischocyttarus_mexicanus	N0.HOG0007447	1		expansion	FALSE
Mischocyttarus_mexicanus	N0.HOG0007509	1		expansion	FALSE
Mischocyttarus_mexicanus	N0.HOG0007522	1		expansion	FALSE
Mischocyttarus_mexicanus	N0.HOG0007532	1		expansion	FALSE
Mischocyttarus_mexicanus	N0.HOG0007552	1		expansion	FALSE
Mischocyttarus_mexicanus	N0.HOG0007560	1		expansion	FALSE
Mischocyttarus_mexicanus	N0.HOG0007563	1		expansion	FALSE
Mischocyttarus_mexicanus	N0.HOG0007650	1		expansion	FALSE
Mischocyttarus_mexicanus	N0.HOG0007659	1		expansion	FALSE
Mischocyttarus_mexicanus	N0.HOG0007674	1		expansion	FALSE
Mischocyttarus_mexicanus	N0.HOG0007684	1		expansion	FALSE
Mischocyttarus_mexicanus	N0.HOG0007691	1		expansion	FALSE
Mischocyttarus_mexicanus	N0.HOG0007748	1		expansion	FALSE
Mischocyttarus_mexicanus	N0.HOG0007815	1		expansion	FALSE
Mischocyttarus_mexicanus	N0.HOG0007816	1		expansion	FALSE
Mischocyttarus_mexicanus	N0.HOG0007823	1		expansion	FALSE
Mischocyttarus_mexicanus	N0.HOG0007885	1		expansion	FALSE
Mischocyttarus_mexicanus	N0.HOG0007911	1		expansion	FALSE
Mischocyttarus_mexicanus	N0.HOG0007997	1		expansion	FALSE
Mischocyttarus_mexicanus	N0.HOG0008017	1		expansion	FALSE
Mischocyttarus_mexicanus	N0.HOG0008046	1		expansion	FALSE
Mischocyttarus_mexicanus	N0.HOG0008094	1		expansion	FALSE
Mischocyttarus_mexicanus	N0.HOG0008103	1		expansion	FALSE
Mischocyttarus_mexicanus	N0.HOG0008146	1		expansion	FALSE
Mischocyttarus_mexicanus	N0.HOG0008223	1		expansion	FALSE
Mischocyttarus_mexicanus	N0.HOG0008229	1		expansion	FALSE
Mischocyttarus_mexicanus	N0.HOG0008230	1		expansion	FALSE
Mischocyttarus_mexicanus	N0.HOG0008237	1		expansion	FALSE
Mischocyttarus_mexicanus	N0.HOG0008246	1		expansion	FALSE
Mischocyttarus_mexicanus	N0.HOG0008272	1		expansion	FALSE
Mischocyttarus_mexicanus	N0.HOG0008276	1		expansion	FALSE
Mischocyttarus_mexicanus	N0.HOG0008279	1		expansion	FALSE
Mischocyttarus_mexicanus	N0.HOG0008286	1		expansion	FALSE
Mischocyttarus_mexicanus	N0.HOG0008296	1		expansion	FALSE
Mischocyttarus_mexicanus	N0.HOG0008308	1		expansion	FALSE
Mischocyttarus_mexicanus	N0.HOG0008328	1		expansion	FALSE
Mischocyttarus_mexicanus	N0.HOG0008359	1		expansion	FALSE
Mischocyttarus_mexicanus	N0.HOG0008363	1		expansion	FALSE
Mischocyttarus_mexicanus	N0.HOG0008372	1		expansion	FALSE
Mischocyttarus_mexicanus	N0.HOG0008432	1		expansion	FALSE
Mischocyttarus_mexicanus	N0.HOG0008443	1		expansion	FALSE
Mischocyttarus_mexicanus	N0.HOG0008450	1		expansion	FALSE
Mischocyttarus_mexicanus	N0.HOG0008478	1		expansion	FALSE
Mischocyttarus_mexicanus	N0.HOG0008624	1		expansion	FALSE
Mischocyttarus_mexicanus	N0.HOG0008635	1		expansion	FALSE
Mischocyttarus_mexicanus	N0.HOG0008653	1		expansion	FALSE
Mischocyttarus_mexicanus	N0.HOG0008660	1		expansion	FALSE
Mischocyttarus_mexicanus	N0.HOG0008715	1		expansion	FALSE
Mischocyttarus_mexicanus	N0.HOG0008865	1		expansion	FALSE
Mischocyttarus_mexicanus	N0.HOG0008871	1		expansion	FALSE
Mischocyttarus_mexicanus	N0.HOG0009067	1		expansion	FALSE
Mischocyttarus_mexicanus	N0.HOG0009196	1		expansion	FALSE
Mischocyttarus_mexicanus	N0.HOG0009565	1		expansion	FALSE
Mischocyttarus_mexicanus	N0.HOG0009583	1		expansion	FALSE
Mischocyttarus_mexicanus	N0.HOG0009599	1		expansion	FALSE
Mischocyttarus_mexicanus	N0.HOG0009655	1		expansion	FALSE
Mischocyttarus_mexicanus	N0.HOG0009666	1		expansion	FALSE
Mischocyttarus_mexicanus	N0.HOG0009698	1		expansion	FALSE
Mischocyttarus_mexicanus	N0.HOG0009737	1		expansion	FALSE
Mischocyttarus_mexicanus	N0.HOG0009944	1		expansion	FALSE
Mischocyttarus_mexicanus	N0.HOG0000085	-1		contraction	FALSE
Mischocyttarus_mexicanus	N0.HOG0000132	-1		contraction	FALSE
Mischocyttarus_mexicanus	N0.HOG0000174	-1		contraction	FALSE
Mischocyttarus_mexicanus	N0.HOG0000202	-1		contraction	FALSE
Mischocyttarus_mexicanus	N0.HOG0000217	-1		contraction	FALSE
Mischocyttarus_mexicanus	N0.HOG0000237	-1		contraction	FALSE
Mischocyttarus_mexicanus	N0.HOG0000250	-1		contraction	FALSE
Mischocyttarus_mexicanus	N0.HOG0000259	-1		contraction	FALSE
Mischocyttarus_mexicanus	N0.HOG0000270	-1		contraction	FALSE
Mischocyttarus_mexicanus	N0.HOG0000280	-1		contraction	FALSE
Mischocyttarus_mexicanus	N0.HOG0000281	-1		contraction	FALSE
Mischocyttarus_mexicanus	N0.HOG0000374	-1		contraction	FALSE
Mischocyttarus_mexicanus	N0.HOG0000388	-1		contraction	FALSE
Mischocyttarus_mexicanus	N0.HOG0000436	-1		contraction	FALSE
Mischocyttarus_mexicanus	N0.HOG0000446	-1		contraction	FALSE
Mischocyttarus_mexicanus	N0.HOG0000454	-1		contraction	FALSE
Mischocyttarus_mexicanus	N0.HOG0000461	-1		contraction	FALSE
Mischocyttarus_mexicanus	N0.HOG0000469	-1		contraction	FALSE
Mischocyttarus_mexicanus	N0.HOG0000490	-1		contraction	FALSE
Mischocyttarus_mexicanus	N0.HOG0000495	-1		contraction	FALSE
Mischocyttarus_mexicanus	N0.HOG0000507	-1		contraction	FALSE
Mischocyttarus_mexicanus	N0.HOG0000529	-1		contraction	FALSE
Mischocyttarus_mexicanus	N0.HOG0000538	-1		contraction	FALSE
Mischocyttarus_mexicanus	N0.HOG0000542	-1		contraction	FALSE
Mischocyttarus_mexicanus	N0.HOG0000543	-1		contraction	FALSE
Mischocyttarus_mexicanus	N0.HOG0000546	-1		contraction	FALSE
Mischocyttarus_mexicanus	N0.HOG0000547	-1		contraction	FALSE
Mischocyttarus_mexicanus	N0.HOG0000552	-1		contraction	FALSE
Mischocyttarus_mexicanus	N0.HOG0000564	-1		contraction	FALSE
Mischocyttarus_mexicanus	N0.HOG0000565	-1		contraction	FALSE
Mischocyttarus_mexicanus	N0.HOG0000575	-1		contraction	FALSE
Mischocyttarus_mexicanus	N0.HOG0000579	-1		contraction	FALSE
Mischocyttarus_mexicanus	N0.HOG0000583	-1		contraction	FALSE
Mischocyttarus_mexicanus	N0.HOG0000586	-1		contraction	FALSE
Mischocyttarus_mexicanus	N0.HOG0000616	-1		contraction	FALSE
Mischocyttarus_mexicanus	N0.HOG0000620	-1		contraction	FALSE
Mischocyttarus_mexicanus	N0.HOG0000637	-1		contraction	FALSE
Mischocyttarus_mexicanus	N0.HOG0000674	-1		contraction	FALSE
Mischocyttarus_mexicanus	N0.HOG0000682	-1		contraction	FALSE
Mischocyttarus_mexicanus	N0.HOG0000689	-1		contraction	FALSE
Mischocyttarus_mexicanus	N0.HOG0000721	-1		contraction	FALSE
Mischocyttarus_mexicanus	N0.HOG0000723	-1		contraction	FALSE
Mischocyttarus_mexicanus	N0.HOG0000729	-1		contraction	FALSE
Mischocyttarus_mexicanus	N0.HOG0000750	-1		contraction	FALSE
Mischocyttarus_mexicanus	N0.HOG0000753	-1		contraction	FALSE
Mischocyttarus_mexicanus	N0.HOG0000890	-1		contraction	FALSE
Mischocyttarus_mexicanus	N0.HOG0000893	-1		contraction	FALSE
Mischocyttarus_mexicanus	N0.HOG0000927	-1		contraction	FALSE
Mischocyttarus_mexicanus	N0.HOG0000936	-1		contraction	FALSE
Mischocyttarus_mexicanus	N0.HOG0001000	-1		contraction	FALSE
Mischocyttarus_mexicanus	N0.HOG0001003	-1		contraction	FALSE
Mischocyttarus_mexicanus	N0.HOG0001013	-1		contraction	FALSE
Mischocyttarus_mexicanus	N0.HOG0001019	-1		contraction	FALSE
Mischocyttarus_mexicanus	N0.HOG0001046	-1		contraction	FALSE
Mischocyttarus_mexicanus	N0.HOG0001065	-1		contraction	FALSE
Mischocyttarus_mexicanus	N0.HOG0001086	-1		contraction	FALSE
Mischocyttarus_mexicanus	N0.HOG0001088	-1		contraction	FALSE
Mischocyttarus_mexicanus	N0.HOG0001141	-1		contraction	FALSE
Mischocyttarus_mexicanus	N0.HOG0001167	-1		contraction	FALSE
Mischocyttarus_mexicanus	N0.HOG0001192	-1		contraction	FALSE
Mischocyttarus_mexicanus	N0.HOG0001223	-1		contraction	FALSE
Mischocyttarus_mexicanus	N0.HOG0001271	-1		contraction	FALSE
Mischocyttarus_mexicanus	N0.HOG0001348	-1		contraction	FALSE
Mischocyttarus_mexicanus	N0.HOG0001365	-1		contraction	FALSE
Mischocyttarus_mexicanus	N0.HOG0001379	-1		contraction	FALSE
Mischocyttarus_mexicanus	N0.HOG0001433	-1		contraction	FALSE
Mischocyttarus_mexicanus	N0.HOG0001479	-1		contraction	FALSE
Mischocyttarus_mexicanus	N0.HOG0001501	-1		contraction	FALSE
Mischocyttarus_mexicanus	N0.HOG0001524	-1		contraction	FALSE
Mischocyttarus_mexicanus	N0.HOG0001529	-1		contraction	FALSE
Mischocyttarus_mexicanus	N0.HOG0001544	-1		contraction	FALSE
Mischocyttarus_mexicanus	N0.HOG0001554	-1		contraction	FALSE
Mischocyttarus_mexicanus	N0.HOG0001567	-1		contraction	FALSE
Mischocyttarus_mexicanus	N0.HOG0001616	-1		contraction	FALSE
Mischocyttarus_mexicanus	N0.HOG0001647	-1		contraction	FALSE
Mischocyttarus_mexicanus	N0.HOG0001669	-1		contraction	FALSE
Mischocyttarus_mexicanus	N0.HOG0001700	-1		contraction	FALSE
Mischocyttarus_mexicanus	N0.HOG0001728	-1		contraction	FALSE
Mischocyttarus_mexicanus	N0.HOG0001799	-1		contraction	FALSE
Mischocyttarus_mexicanus	N0.HOG0001807	-1		contraction	FALSE
Mischocyttarus_mexicanus	N0.HOG0001808	-1		contraction	FALSE
Mischocyttarus_mexicanus	N0.HOG0001812	-1		contraction	FALSE
Mischocyttarus_mexicanus	N0.HOG0001855	-1		contraction	FALSE
Mischocyttarus_mexicanus	N0.HOG0001867	-1		contraction	FALSE
Mischocyttarus_mexicanus	N0.HOG0001873	-1		contraction	FALSE
Mischocyttarus_mexicanus	N0.HOG0001899	-1		contraction	FALSE
Mischocyttarus_mexicanus	N0.HOG0001922	-1		contraction	FALSE
Mischocyttarus_mexicanus	N0.HOG0001965	-1		contraction	FALSE
Mischocyttarus_mexicanus	N0.HOG0001984	-1		contraction	FALSE
Mischocyttarus_mexicanus	N0.HOG0002027	-1		contraction	FALSE
Mischocyttarus_mexicanus	N0.HOG0002053	-1		contraction	FALSE
Mischocyttarus_mexicanus	N0.HOG0002081	-1		contraction	FALSE
Mischocyttarus_mexicanus	N0.HOG0002103	-1		contraction	FALSE
Mischocyttarus_mexicanus	N0.HOG0002105	-1		contraction	FALSE
Mischocyttarus_mexicanus	N0.HOG0002187	-1		contraction	FALSE
Mischocyttarus_mexicanus	N0.HOG0002230	-1		contraction	FALSE
Mischocyttarus_mexicanus	N0.HOG0002396	-1		contraction	FALSE
Mischocyttarus_mexicanus	N0.HOG0002397	-1		contraction	FALSE
Mischocyttarus_mexicanus	N0.HOG0002411	-1		contraction	FALSE
Mischocyttarus_mexicanus	N0.HOG0002424	-1		contraction	FALSE
Mischocyttarus_mexicanus	N0.HOG0002430	-1		contraction	FALSE
Mischocyttarus_mexicanus	N0.HOG0002437	-1		contraction	FALSE
Mischocyttarus_mexicanus	N0.HOG0002452	-1		contraction	FALSE
Mischocyttarus_mexicanus	N0.HOG0002459	-1		contraction	FALSE
Mischocyttarus_mexicanus	N0.HOG0002490	-1		contraction	FALSE
Mischocyttarus_mexicanus	N0.HOG0002502	-1		contraction	FALSE
Mischocyttarus_mexicanus	N0.HOG0002597	-1		contraction	FALSE
Mischocyttarus_mexicanus	N0.HOG0002648	-1		contraction	FALSE
Mischocyttarus_mexicanus	N0.HOG0002659	-1		contraction	FALSE
Mischocyttarus_mexicanus	N0.HOG0002679	-1		contraction	FALSE
Mischocyttarus_mexicanus	N0.HOG0002685	-1		contraction	FALSE
Mischocyttarus_mexicanus	N0.HOG0002691	-1		contraction	FALSE
Mischocyttarus_mexicanus	N0.HOG0002695	-1		contraction	FALSE
Mischocyttarus_mexicanus	N0.HOG0002825	-1		contraction	FALSE
Mischocyttarus_mexicanus	N0.HOG0002826	-1		contraction	FALSE
Mischocyttarus_mexicanus	N0.HOG0002832	-1		contraction	FALSE
Mischocyttarus_mexicanus	N0.HOG0002880	-1		contraction	FALSE
Mischocyttarus_mexicanus	N0.HOG0002884	-1		contraction	FALSE
Mischocyttarus_mexicanus	N0.HOG0002886	-1		contraction	FALSE
Mischocyttarus_mexicanus	N0.HOG0002894	-1		contraction	FALSE
Mischocyttarus_mexicanus	N0.HOG0002904	-1		contraction	FALSE
Mischocyttarus_mexicanus	N0.HOG0002943	-1		contraction	FALSE
Mischocyttarus_mexicanus	N0.HOG0002954	-1		contraction	FALSE
Mischocyttarus_mexicanus	N0.HOG0002972	-1		contraction	FALSE
Mischocyttarus_mexicanus	N0.HOG0002979	-1		contraction	FALSE
Mischocyttarus_mexicanus	N0.HOG0003026	-1		contraction	FALSE
Mischocyttarus_mexicanus	N0.HOG0003040	-1		contraction	FALSE
Mischocyttarus_mexicanus	N0.HOG0003053	-1		contraction	FALSE
Mischocyttarus_mexicanus	N0.HOG0003127	-1		contraction	FALSE
Mischocyttarus_mexicanus	N0.HOG0003166	-1		contraction	FALSE
Mischocyttarus_mexicanus	N0.HOG0003197	-1		contraction	FALSE
Mischocyttarus_mexicanus	N0.HOG0003235	-1		contraction	FALSE
Mischocyttarus_mexicanus	N0.HOG0003372	-1		contraction	FALSE
Mischocyttarus_mexicanus	N0.HOG0003388	-1		contraction	FALSE
Mischocyttarus_mexicanus	N0.HOG0003399	-1		contraction	FALSE
Mischocyttarus_mexicanus	N0.HOG0003445	-1		contraction	FALSE
Mischocyttarus_mexicanus	N0.HOG0003488	-1		contraction	FALSE
Mischocyttarus_mexicanus	N0.HOG0003502	-1		contraction	FALSE
Mischocyttarus_mexicanus	N0.HOG0003507	-1		contraction	FALSE
Mischocyttarus_mexicanus	N0.HOG0003525	-1		contraction	FALSE
Mischocyttarus_mexicanus	N0.HOG0003546	-1		contraction	FALSE
Mischocyttarus_mexicanus	N0.HOG0003572	-1		contraction	FALSE
Mischocyttarus_mexicanus	N0.HOG0003593	-1		contraction	FALSE
Mischocyttarus_mexicanus	N0.HOG0003667	-1		contraction	FALSE
Mischocyttarus_mexicanus	N0.HOG0003670	-1		contraction	FALSE
Mischocyttarus_mexicanus	N0.HOG0003703	-1		contraction	FALSE
Mischocyttarus_mexicanus	N0.HOG0003721	-1		contraction	FALSE
Mischocyttarus_mexicanus	N0.HOG0003753	-1		contraction	FALSE
Mischocyttarus_mexicanus	N0.HOG0003758	-1		contraction	FALSE
Mischocyttarus_mexicanus	N0.HOG0003783	-1		contraction	FALSE
Mischocyttarus_mexicanus	N0.HOG0003795	-1		contraction	FALSE
Mischocyttarus_mexicanus	N0.HOG0003804	-1		contraction	FALSE
Mischocyttarus_mexicanus	N0.HOG0003937	-1		contraction	FALSE
Mischocyttarus_mexicanus	N0.HOG0003966	-1		contraction	FALSE
Mischocyttarus_mexicanus	N0.HOG0004019	-1		contraction	FALSE
Mischocyttarus_mexicanus	N0.HOG0004028	-1		contraction	FALSE
Mischocyttarus_mexicanus	N0.HOG0004048	-1		contraction	FALSE
Mischocyttarus_mexicanus	N0.HOG0004078	-1		contraction	FALSE
Mischocyttarus_mexicanus	N0.HOG0004095	-1		contraction	FALSE
Mischocyttarus_mexicanus	N0.HOG0004097	-1		contraction	FALSE
Mischocyttarus_mexicanus	N0.HOG0004108	-1		contraction	FALSE
Mischocyttarus_mexicanus	N0.HOG0004132	-1		contraction	FALSE
Mischocyttarus_mexicanus	N0.HOG0004237	-1		contraction	FALSE
Mischocyttarus_mexicanus	N0.HOG0004248	-1		contraction	FALSE
Mischocyttarus_mexicanus	N0.HOG0004288	-1		contraction	FALSE
Mischocyttarus_mexicanus	N0.HOG0004336	-1		contraction	FALSE
Mischocyttarus_mexicanus	N0.HOG0004383	-1		contraction	FALSE
Mischocyttarus_mexicanus	N0.HOG0004403	-1		contraction	FALSE
Mischocyttarus_mexicanus	N0.HOG0004438	-1		contraction	FALSE
Mischocyttarus_mexicanus	N0.HOG0004445	-1		contraction	FALSE
Mischocyttarus_mexicanus	N0.HOG0004475	-1		contraction	FALSE
Mischocyttarus_mexicanus	N0.HOG0004533	-1		contraction	FALSE
Mischocyttarus_mexicanus	N0.HOG0004537	-1		contraction	FALSE
Mischocyttarus_mexicanus	N0.HOG0004550	-1		contraction	FALSE
Mischocyttarus_mexicanus	N0.HOG0004559	-1		contraction	FALSE
Mischocyttarus_mexicanus	N0.HOG0004570	-1		contraction	FALSE
Mischocyttarus_mexicanus	N0.HOG0004579	-1		contraction	FALSE
Mischocyttarus_mexicanus	N0.HOG0004586	-1		contraction	FALSE
Mischocyttarus_mexicanus	N0.HOG0004610	-1		contraction	FALSE
Mischocyttarus_mexicanus	N0.HOG0004635	-1		contraction	FALSE
Mischocyttarus_mexicanus	N0.HOG0004661	-1		contraction	FALSE
Mischocyttarus_mexicanus	N0.HOG0004664	-1		contraction	FALSE
Mischocyttarus_mexicanus	N0.HOG0004709	-1		contraction	FALSE
Mischocyttarus_mexicanus	N0.HOG0004712	-1		contraction	FALSE
Mischocyttarus_mexicanus	N0.HOG0004744	-1		contraction	FALSE
Mischocyttarus_mexicanus	N0.HOG0004754	-1		contraction	FALSE
Mischocyttarus_mexicanus	N0.HOG0004758	-1		contraction	FALSE
Mischocyttarus_mexicanus	N0.HOG0004777	-1		contraction	FALSE
Mischocyttarus_mexicanus	N0.HOG0004778	-1		contraction	FALSE
Mischocyttarus_mexicanus	N0.HOG0004781	-1		contraction	FALSE
Mischocyttarus_mexicanus	N0.HOG0004799	-1		contraction	FALSE
Mischocyttarus_mexicanus	N0.HOG0004862	-1		contraction	FALSE
Mischocyttarus_mexicanus	N0.HOG0004863	-1		contraction	FALSE
Mischocyttarus_mexicanus	N0.HOG0004874	-1		contraction	FALSE
Mischocyttarus_mexicanus	N0.HOG0004889	-1		contraction	FALSE
Mischocyttarus_mexicanus	N0.HOG0004928	-1		contraction	FALSE
Mischocyttarus_mexicanus	N0.HOG0004993	-1		contraction	FALSE
Mischocyttarus_mexicanus	N0.HOG0005001	-1		contraction	FALSE
Mischocyttarus_mexicanus	N0.HOG0005002	-1		contraction	FALSE
Mischocyttarus_mexicanus	N0.HOG0005005	-1		contraction	FALSE
Mischocyttarus_mexicanus	N0.HOG0005027	-1		contraction	FALSE
Mischocyttarus_mexicanus	N0.HOG0005116	-1		contraction	FALSE
Mischocyttarus_mexicanus	N0.HOG0005151	-1		contraction	FALSE
Mischocyttarus_mexicanus	N0.HOG0005155	-1		contraction	FALSE
Mischocyttarus_mexicanus	N0.HOG0005172	-1		contraction	FALSE
Mischocyttarus_mexicanus	N0.HOG0005199	-1		contraction	FALSE
Mischocyttarus_mexicanus	N0.HOG0005223	-1		contraction	FALSE
Mischocyttarus_mexicanus	N0.HOG0005236	-1		contraction	FALSE
Mischocyttarus_mexicanus	N0.HOG0005256	-1		contraction	FALSE
Mischocyttarus_mexicanus	N0.HOG0005273	-1		contraction	FALSE
Mischocyttarus_mexicanus	N0.HOG0005302	-1		contraction	FALSE
Mischocyttarus_mexicanus	N0.HOG0005344	-1		contraction	FALSE
Mischocyttarus_mexicanus	N0.HOG0005373	-1		contraction	FALSE
Mischocyttarus_mexicanus	N0.HOG0005386	-1		contraction	FALSE
Mischocyttarus_mexicanus	N0.HOG0005479	-1		contraction	FALSE
Mischocyttarus_mexicanus	N0.HOG0005520	-1		contraction	FALSE
Mischocyttarus_mexicanus	N0.HOG0005525	-1		contraction	FALSE
Mischocyttarus_mexicanus	N0.HOG0005529	-1		contraction	FALSE
Mischocyttarus_mexicanus	N0.HOG0005536	-1		contraction	FALSE
Mischocyttarus_mexicanus	N0.HOG0005577	-1		contraction	FALSE
Mischocyttarus_mexicanus	N0.HOG0005592	-1		contraction	FALSE
Mischocyttarus_mexicanus	N0.HOG0005656	-1		contraction	FALSE
Mischocyttarus_mexicanus	N0.HOG0005657	-1		contraction	FALSE
Mischocyttarus_mexicanus	N0.HOG0005663	-1		contraction	FALSE
Mischocyttarus_mexicanus	N0.HOG0005667	-1		contraction	FALSE
Mischocyttarus_mexicanus	N0.HOG0005785	-1		contraction	FALSE
Mischocyttarus_mexicanus	N0.HOG0005798	-1		contraction	FALSE
Mischocyttarus_mexicanus	N0.HOG0005829	-1		contraction	FALSE
Mischocyttarus_mexicanus	N0.HOG0005876	-1		contraction	FALSE
Mischocyttarus_mexicanus	N0.HOG0005887	-1		contraction	FALSE
Mischocyttarus_mexicanus	N0.HOG0005924	-1		contraction	FALSE
Mischocyttarus_mexicanus	N0.HOG0005932	-1		contraction	FALSE
Mischocyttarus_mexicanus	N0.HOG0005964	-1		contraction	FALSE
Mischocyttarus_mexicanus	N0.HOG0005979	-1		contraction	FALSE
Mischocyttarus_mexicanus	N0.HOG0005981	-1		contraction	FALSE
Mischocyttarus_mexicanus	N0.HOG0005983	-1		contraction	FALSE
Mischocyttarus_mexicanus	N0.HOG0005986	-1		contraction	FALSE
Mischocyttarus_mexicanus	N0.HOG0005994	-1		contraction	FALSE
Mischocyttarus_mexicanus	N0.HOG0005998	-1		contraction	FALSE
Mischocyttarus_mexicanus	N0.HOG0006000	-1		contraction	FALSE
Mischocyttarus_mexicanus	N0.HOG0006002	-1		contraction	FALSE
Mischocyttarus_mexicanus	N0.HOG0006021	-1		contraction	FALSE
Mischocyttarus_mexicanus	N0.HOG0006028	-1		contraction	FALSE
Mischocyttarus_mexicanus	N0.HOG0006048	-1		contraction	FALSE
Mischocyttarus_mexicanus	N0.HOG0006061	-1		contraction	FALSE
Mischocyttarus_mexicanus	N0.HOG0006062	-1		contraction	FALSE
Mischocyttarus_mexicanus	N0.HOG0006066	-1		contraction	FALSE
Mischocyttarus_mexicanus	N0.HOG0006068	-1		contraction	FALSE
Mischocyttarus_mexicanus	N0.HOG0006069	-1		contraction	FALSE
Mischocyttarus_mexicanus	N0.HOG0006084	-1		contraction	FALSE
Mischocyttarus_mexicanus	N0.HOG0006099	-1		contraction	FALSE
Mischocyttarus_mexicanus	N0.HOG0006106	-1		contraction	FALSE
Mischocyttarus_mexicanus	N0.HOG0006107	-1		contraction	FALSE
Mischocyttarus_mexicanus	N0.HOG0006115	-1		contraction	FALSE
Mischocyttarus_mexicanus	N0.HOG0006121	-1		contraction	FALSE
Mischocyttarus_mexicanus	N0.HOG0006127	-1		contraction	FALSE
Mischocyttarus_mexicanus	N0.HOG0006141	-1		contraction	FALSE
Mischocyttarus_mexicanus	N0.HOG0006168	-1		contraction	FALSE
Mischocyttarus_mexicanus	N0.HOG0006174	-1		contraction	FALSE
Mischocyttarus_mexicanus	N0.HOG0006179	-1		contraction	FALSE
Mischocyttarus_mexicanus	N0.HOG0006201	-1		contraction	FALSE
Mischocyttarus_mexicanus	N0.HOG0006206	-1		contraction	FALSE
Mischocyttarus_mexicanus	N0.HOG0006210	-1		contraction	FALSE
Mischocyttarus_mexicanus	N0.HOG0006212	-1		contraction	FALSE
Mischocyttarus_mexicanus	N0.HOG0006220	-1		contraction	FALSE
Mischocyttarus_mexicanus	N0.HOG0006232	-1		contraction	FALSE
Mischocyttarus_mexicanus	N0.HOG0006258	-1		contraction	FALSE
Mischocyttarus_mexicanus	N0.HOG0006266	-1		contraction	FALSE
Mischocyttarus_mexicanus	N0.HOG0006269	-1		contraction	FALSE
Mischocyttarus_mexicanus	N0.HOG0006288	-1		contraction	FALSE
Mischocyttarus_mexicanus	N0.HOG0006290	-1		contraction	FALSE
Mischocyttarus_mexicanus	N0.HOG0006292	-1		contraction	FALSE
Mischocyttarus_mexicanus	N0.HOG0006296	-1		contraction	FALSE
Mischocyttarus_mexicanus	N0.HOG0006318	-1		contraction	FALSE
Mischocyttarus_mexicanus	N0.HOG0006319	-1		contraction	FALSE
Mischocyttarus_mexicanus	N0.HOG0006327	-1		contraction	FALSE
Mischocyttarus_mexicanus	N0.HOG0006329	-1		contraction	FALSE
Mischocyttarus_mexicanus	N0.HOG0006343	-1		contraction	FALSE
Mischocyttarus_mexicanus	N0.HOG0006348	-1		contraction	FALSE
Mischocyttarus_mexicanus	N0.HOG0006350	-1		contraction	FALSE
Mischocyttarus_mexicanus	N0.HOG0006358	-1		contraction	FALSE
Mischocyttarus_mexicanus	N0.HOG0006360	-1		contraction	FALSE
Mischocyttarus_mexicanus	N0.HOG0006410	-1		contraction	FALSE
Mischocyttarus_mexicanus	N0.HOG0006471	-1		contraction	FALSE
Mischocyttarus_mexicanus	N0.HOG0006480	-1		contraction	FALSE
Mischocyttarus_mexicanus	N0.HOG0006520	-1		contraction	FALSE
Mischocyttarus_mexicanus	N0.HOG0006538	-1		contraction	FALSE
Mischocyttarus_mexicanus	N0.HOG0006562	-1		contraction	FALSE
Mischocyttarus_mexicanus	N0.HOG0006584	-1		contraction	FALSE
Mischocyttarus_mexicanus	N0.HOG0006585	-1		contraction	FALSE
Mischocyttarus_mexicanus	N0.HOG0006591	-1		contraction	FALSE
Mischocyttarus_mexicanus	N0.HOG0006612	-1		contraction	FALSE
Mischocyttarus_mexicanus	N0.HOG0006619	-1		contraction	FALSE
Mischocyttarus_mexicanus	N0.HOG0006627	-1		contraction	FALSE
Mischocyttarus_mexicanus	N0.HOG0006642	-1		contraction	FALSE
Mischocyttarus_mexicanus	N0.HOG0006649	-1		contraction	FALSE
Mischocyttarus_mexicanus	N0.HOG0006657	-1		contraction	FALSE
Mischocyttarus_mexicanus	N0.HOG0006690	-1		contraction	FALSE
Mischocyttarus_mexicanus	N0.HOG0006691	-1		contraction	FALSE
Mischocyttarus_mexicanus	N0.HOG0006695	-1		contraction	FALSE
Mischocyttarus_mexicanus	N0.HOG0006716	-1		contraction	FALSE
Mischocyttarus_mexicanus	N0.HOG0006721	-1		contraction	FALSE
Mischocyttarus_mexicanus	N0.HOG0006724	-1		contraction	FALSE
Mischocyttarus_mexicanus	N0.HOG0006737	-1		contraction	FALSE
Mischocyttarus_mexicanus	N0.HOG0006741	-1		contraction	FALSE
Mischocyttarus_mexicanus	N0.HOG0006750	-1		contraction	FALSE
Mischocyttarus_mexicanus	N0.HOG0006769	-1		contraction	FALSE
Mischocyttarus_mexicanus	N0.HOG0006773	-1		contraction	FALSE
Mischocyttarus_mexicanus	N0.HOG0006782	-1		contraction	FALSE
Mischocyttarus_mexicanus	N0.HOG0006796	-1		contraction	FALSE
Mischocyttarus_mexicanus	N0.HOG0006797	-1		contraction	FALSE
Mischocyttarus_mexicanus	N0.HOG0006810	-1		contraction	FALSE
Mischocyttarus_mexicanus	N0.HOG0006816	-1		contraction	FALSE
Mischocyttarus_mexicanus	N0.HOG0006817	-1		contraction	FALSE
Mischocyttarus_mexicanus	N0.HOG0006823	-1		contraction	FALSE
Mischocyttarus_mexicanus	N0.HOG0006827	-1		contraction	FALSE
Mischocyttarus_mexicanus	N0.HOG0006829	-1		contraction	FALSE
Mischocyttarus_mexicanus	N0.HOG0006857	-1		contraction	FALSE
Mischocyttarus_mexicanus	N0.HOG0006864	-1		contraction	FALSE
Mischocyttarus_mexicanus	N0.HOG0006867	-1		contraction	FALSE
Mischocyttarus_mexicanus	N0.HOG0006868	-1		contraction	FALSE
Mischocyttarus_mexicanus	N0.HOG0006873	-1		contraction	FALSE
Mischocyttarus_mexicanus	N0.HOG0006874	-1		contraction	FALSE
Mischocyttarus_mexicanus	N0.HOG0006879	-1		contraction	FALSE
Mischocyttarus_mexicanus	N0.HOG0006912	-1		contraction	FALSE
Mischocyttarus_mexicanus	N0.HOG0006923	-1		contraction	FALSE
Mischocyttarus_mexicanus	N0.HOG0006927	-1		contraction	FALSE
Mischocyttarus_mexicanus	N0.HOG0006950	-1		contraction	FALSE
Mischocyttarus_mexicanus	N0.HOG0006963	-1		contraction	FALSE
Mischocyttarus_mexicanus	N0.HOG0006967	-1		contraction	FALSE
Mischocyttarus_mexicanus	N0.HOG0006989	-1		contraction	FALSE
Mischocyttarus_mexicanus	N0.HOG0006990	-1		contraction	FALSE
Mischocyttarus_mexicanus	N0.HOG0006991	-1		contraction	FALSE
Mischocyttarus_mexicanus	N0.HOG0007008	-1		contraction	FALSE
Mischocyttarus_mexicanus	N0.HOG0007010	-1		contraction	FALSE
Mischocyttarus_mexicanus	N0.HOG0007012	-1		contraction	FALSE
Mischocyttarus_mexicanus	N0.HOG0007031	-1		contraction	FALSE
Mischocyttarus_mexicanus	N0.HOG0007042	-1		contraction	FALSE
Mischocyttarus_mexicanus	N0.HOG0007043	-1		contraction	FALSE
Mischocyttarus_mexicanus	N0.HOG0007047	-1		contraction	FALSE
Mischocyttarus_mexicanus	N0.HOG0007065	-1		contraction	FALSE
Mischocyttarus_mexicanus	N0.HOG0007074	-1		contraction	FALSE
Mischocyttarus_mexicanus	N0.HOG0007092	-1		contraction	FALSE
Mischocyttarus_mexicanus	N0.HOG0007093	-1		contraction	FALSE
Mischocyttarus_mexicanus	N0.HOG0007106	-1		contraction	FALSE
Mischocyttarus_mexicanus	N0.HOG0007108	-1		contraction	FALSE
Mischocyttarus_mexicanus	N0.HOG0007119	-1		contraction	FALSE
Mischocyttarus_mexicanus	N0.HOG0007121	-1		contraction	FALSE
Mischocyttarus_mexicanus	N0.HOG0007130	-1		contraction	FALSE
Mischocyttarus_mexicanus	N0.HOG0007146	-1		contraction	FALSE
Mischocyttarus_mexicanus	N0.HOG0007147	-1		contraction	FALSE
Mischocyttarus_mexicanus	N0.HOG0007152	-1		contraction	FALSE
Mischocyttarus_mexicanus	N0.HOG0007154	-1		contraction	FALSE
Mischocyttarus_mexicanus	N0.HOG0007155	-1		contraction	FALSE
Mischocyttarus_mexicanus	N0.HOG0007170	-1		contraction	FALSE
Mischocyttarus_mexicanus	N0.HOG0007174	-1		contraction	FALSE
Mischocyttarus_mexicanus	N0.HOG0007182	-1		contraction	FALSE
Mischocyttarus_mexicanus	N0.HOG0007227	-1		contraction	FALSE
Mischocyttarus_mexicanus	N0.HOG0007236	-1		contraction	FALSE
Mischocyttarus_mexicanus	N0.HOG0007239	-1		contraction	FALSE
Mischocyttarus_mexicanus	N0.HOG0007241	-1		contraction	FALSE
Mischocyttarus_mexicanus	N0.HOG0007244	-1		contraction	FALSE
Mischocyttarus_mexicanus	N0.HOG0007252	-1		contraction	FALSE
Mischocyttarus_mexicanus	N0.HOG0007273	-1		contraction	FALSE
Mischocyttarus_mexicanus	N0.HOG0007281	-1		contraction	FALSE
Mischocyttarus_mexicanus	N0.HOG0007284	-1		contraction	FALSE
Mischocyttarus_mexicanus	N0.HOG0007319	-1		contraction	FALSE
Mischocyttarus_mexicanus	N0.HOG0007321	-1		contraction	FALSE
Mischocyttarus_mexicanus	N0.HOG0007338	-1		contraction	FALSE
Mischocyttarus_mexicanus	N0.HOG0007340	-1		contraction	FALSE
Mischocyttarus_mexicanus	N0.HOG0007351	-1		contraction	FALSE
Mischocyttarus_mexicanus	N0.HOG0007354	-1		contraction	FALSE
Mischocyttarus_mexicanus	N0.HOG0007355	-1		contraction	FALSE
Mischocyttarus_mexicanus	N0.HOG0007358	-1		contraction	FALSE
Mischocyttarus_mexicanus	N0.HOG0007362	-1		contraction	FALSE
Mischocyttarus_mexicanus	N0.HOG0007366	-1		contraction	FALSE
Mischocyttarus_mexicanus	N0.HOG0007380	-1		contraction	FALSE
Mischocyttarus_mexicanus	N0.HOG0007384	-1		contraction	FALSE
Mischocyttarus_mexicanus	N0.HOG0007407	-1		contraction	FALSE
Mischocyttarus_mexicanus	N0.HOG0007413	-1		contraction	FALSE
Mischocyttarus_mexicanus	N0.HOG0007416	-1		contraction	FALSE
Mischocyttarus_mexicanus	N0.HOG0007418	-1		contraction	FALSE
Mischocyttarus_mexicanus	N0.HOG0007426	-1		contraction	FALSE
Mischocyttarus_mexicanus	N0.HOG0007428	-1		contraction	FALSE
Mischocyttarus_mexicanus	N0.HOG0007439	-1		contraction	FALSE
Mischocyttarus_mexicanus	N0.HOG0007459	-1		contraction	FALSE
Mischocyttarus_mexicanus	N0.HOG0007464	-1		contraction	FALSE
Mischocyttarus_mexicanus	N0.HOG0007483	-1		contraction	FALSE
Mischocyttarus_mexicanus	N0.HOG0007489	-1		contraction	FALSE
Mischocyttarus_mexicanus	N0.HOG0007499	-1		contraction	FALSE
Mischocyttarus_mexicanus	N0.HOG0007507	-1		contraction	FALSE
Mischocyttarus_mexicanus	N0.HOG0007510	-1		contraction	FALSE
Mischocyttarus_mexicanus	N0.HOG0007512	-1		contraction	FALSE
Mischocyttarus_mexicanus	N0.HOG0007519	-1		contraction	FALSE
Mischocyttarus_mexicanus	N0.HOG0007524	-1		contraction	FALSE
Mischocyttarus_mexicanus	N0.HOG0007531	-1		contraction	FALSE
Mischocyttarus_mexicanus	N0.HOG0007535	-1		contraction	FALSE
Mischocyttarus_mexicanus	N0.HOG0007556	-1		contraction	FALSE
Mischocyttarus_mexicanus	N0.HOG0007565	-1		contraction	FALSE
Mischocyttarus_mexicanus	N0.HOG0007568	-1		contraction	FALSE
Mischocyttarus_mexicanus	N0.HOG0007590	-1		contraction	FALSE
Mischocyttarus_mexicanus	N0.HOG0007592	-1		contraction	FALSE
Mischocyttarus_mexicanus	N0.HOG0007597	-1		contraction	FALSE
Mischocyttarus_mexicanus	N0.HOG0007617	-1		contraction	FALSE
Mischocyttarus_mexicanus	N0.HOG0007620	-1		contraction	FALSE
Mischocyttarus_mexicanus	N0.HOG0007623	-1		contraction	FALSE
Mischocyttarus_mexicanus	N0.HOG0007627	-1		contraction	FALSE
Mischocyttarus_mexicanus	N0.HOG0007632	-1		contraction	FALSE
Mischocyttarus_mexicanus	N0.HOG0007660	-1		contraction	FALSE
Mischocyttarus_mexicanus	N0.HOG0007662	-1		contraction	FALSE
Mischocyttarus_mexicanus	N0.HOG0007678	-1		contraction	FALSE
Mischocyttarus_mexicanus	N0.HOG0007689	-1		contraction	FALSE
Mischocyttarus_mexicanus	N0.HOG0007697	-1		contraction	FALSE
Mischocyttarus_mexicanus	N0.HOG0007702	-1		contraction	FALSE
Mischocyttarus_mexicanus	N0.HOG0007710	-1		contraction	FALSE
Mischocyttarus_mexicanus	N0.HOG0007714	-1		contraction	FALSE
Mischocyttarus_mexicanus	N0.HOG0007733	-1		contraction	FALSE
Mischocyttarus_mexicanus	N0.HOG0007735	-1		contraction	FALSE
Mischocyttarus_mexicanus	N0.HOG0007741	-1		contraction	FALSE
Mischocyttarus_mexicanus	N0.HOG0007750	-1		contraction	FALSE
Mischocyttarus_mexicanus	N0.HOG0007752	-1		contraction	FALSE
Mischocyttarus_mexicanus	N0.HOG0007777	-1		contraction	FALSE
Mischocyttarus_mexicanus	N0.HOG0007783	-1		contraction	FALSE
Mischocyttarus_mexicanus	N0.HOG0007787	-1		contraction	FALSE
Mischocyttarus_mexicanus	N0.HOG0007806	-1		contraction	FALSE
Mischocyttarus_mexicanus	N0.HOG0007813	-1		contraction	FALSE
Mischocyttarus_mexicanus	N0.HOG0007818	-1		contraction	FALSE
Mischocyttarus_mexicanus	N0.HOG0007826	-1		contraction	FALSE
Mischocyttarus_mexicanus	N0.HOG0007836	-1		contraction	FALSE
Mischocyttarus_mexicanus	N0.HOG0007841	-1		contraction	FALSE
Mischocyttarus_mexicanus	N0.HOG0007847	-1		contraction	FALSE
Mischocyttarus_mexicanus	N0.HOG0007864	-1		contraction	FALSE
Mischocyttarus_mexicanus	N0.HOG0007880	-1		contraction	FALSE
Mischocyttarus_mexicanus	N0.HOG0007909	-1		contraction	FALSE
Mischocyttarus_mexicanus	N0.HOG0007913	-1		contraction	FALSE
Mischocyttarus_mexicanus	N0.HOG0007918	-1		contraction	FALSE
Mischocyttarus_mexicanus	N0.HOG0007933	-1		contraction	FALSE
Mischocyttarus_mexicanus	N0.HOG0007939	-1		contraction	FALSE
Mischocyttarus_mexicanus	N0.HOG0007971	-1		contraction	FALSE
Mischocyttarus_mexicanus	N0.HOG0007987	-1		contraction	FALSE
Mischocyttarus_mexicanus	N0.HOG0007989	-1		contraction	FALSE
Mischocyttarus_mexicanus	N0.HOG0007992	-1		contraction	FALSE
Mischocyttarus_mexicanus	N0.HOG0008005	-1		contraction	FALSE
Mischocyttarus_mexicanus	N0.HOG0008006	-1		contraction	FALSE
Mischocyttarus_mexicanus	N0.HOG0008010	-1		contraction	FALSE
Mischocyttarus_mexicanus	N0.HOG0008011	-1		contraction	FALSE
Mischocyttarus_mexicanus	N0.HOG0008015	-1		contraction	FALSE
Mischocyttarus_mexicanus	N0.HOG0008027	-1		contraction	FALSE
Mischocyttarus_mexicanus	N0.HOG0008034	-1		contraction	FALSE
Mischocyttarus_mexicanus	N0.HOG0008055	-1		contraction	FALSE
Mischocyttarus_mexicanus	N0.HOG0008057	-1		contraction	FALSE
Mischocyttarus_mexicanus	N0.HOG0008078	-1		contraction	FALSE
Mischocyttarus_mexicanus	N0.HOG0008083	-1		contraction	FALSE
Mischocyttarus_mexicanus	N0.HOG0008088	-1		contraction	FALSE
Mischocyttarus_mexicanus	N0.HOG0008096	-1		contraction	FALSE
Mischocyttarus_mexicanus	N0.HOG0008107	-1		contraction	FALSE
Mischocyttarus_mexicanus	N0.HOG0008135	-1		contraction	FALSE
Mischocyttarus_mexicanus	N0.HOG0008137	-1		contraction	FALSE
Mischocyttarus_mexicanus	N0.HOG0008140	-1		contraction	FALSE
Mischocyttarus_mexicanus	N0.HOG0008177	-1		contraction	FALSE
Mischocyttarus_mexicanus	N0.HOG0008188	-1		contraction	FALSE
Mischocyttarus_mexicanus	N0.HOG0008190	-1		contraction	FALSE
Mischocyttarus_mexicanus	N0.HOG0008200	-1		contraction	FALSE
Mischocyttarus_mexicanus	N0.HOG0008205	-1		contraction	FALSE
Mischocyttarus_mexicanus	N0.HOG0008206	-1		contraction	FALSE
Mischocyttarus_mexicanus	N0.HOG0008220	-1		contraction	FALSE
Mischocyttarus_mexicanus	N0.HOG0008232	-1		contraction	FALSE
Mischocyttarus_mexicanus	N0.HOG0008247	-1		contraction	FALSE
Mischocyttarus_mexicanus	N0.HOG0008251	-1		contraction	FALSE
Mischocyttarus_mexicanus	N0.HOG0008259	-1		contraction	FALSE
Mischocyttarus_mexicanus	N0.HOG0008268	-1		contraction	FALSE
Mischocyttarus_mexicanus	N0.HOG0008283	-1		contraction	FALSE
Mischocyttarus_mexicanus	N0.HOG0008294	-1		contraction	FALSE
Mischocyttarus_mexicanus	N0.HOG0008314	-1		contraction	FALSE
Mischocyttarus_mexicanus	N0.HOG0008318	-1		contraction	FALSE
Mischocyttarus_mexicanus	N0.HOG0008326	-1		contraction	FALSE
Mischocyttarus_mexicanus	N0.HOG0008355	-1		contraction	FALSE
Mischocyttarus_mexicanus	N0.HOG0008364	-1		contraction	FALSE
Mischocyttarus_mexicanus	N0.HOG0008399	-1		contraction	FALSE
Mischocyttarus_mexicanus	N0.HOG0008413	-1		contraction	FALSE
Mischocyttarus_mexicanus	N0.HOG0008434	-1		contraction	FALSE
Mischocyttarus_mexicanus	N0.HOG0008439	-1		contraction	FALSE
Mischocyttarus_mexicanus	N0.HOG0008445	-1		contraction	FALSE
Mischocyttarus_mexicanus	N0.HOG0008467	-1		contraction	FALSE
Mischocyttarus_mexicanus	N0.HOG0008470	-1		contraction	FALSE
Mischocyttarus_mexicanus	N0.HOG0008483	-1		contraction	FALSE
Mischocyttarus_mexicanus	N0.HOG0008487	-1		contraction	FALSE
Mischocyttarus_mexicanus	N0.HOG0008501	-1		contraction	FALSE
Mischocyttarus_mexicanus	N0.HOG0008507	-1		contraction	FALSE
Mischocyttarus_mexicanus	N0.HOG0008510	-1		contraction	FALSE
Mischocyttarus_mexicanus	N0.HOG0008512	-1		contraction	FALSE
Mischocyttarus_mexicanus	N0.HOG0008513	-1		contraction	FALSE
Mischocyttarus_mexicanus	N0.HOG0008518	-1		contraction	FALSE
Mischocyttarus_mexicanus	N0.HOG0008520	-1		contraction	FALSE
Mischocyttarus_mexicanus	N0.HOG0008526	-1		contraction	FALSE
Mischocyttarus_mexicanus	N0.HOG0008529	-1		contraction	FALSE
Mischocyttarus_mexicanus	N0.HOG0008532	-1		contraction	FALSE
Mischocyttarus_mexicanus	N0.HOG0008539	-1		contraction	FALSE
Mischocyttarus_mexicanus	N0.HOG0008544	-1		contraction	FALSE
Mischocyttarus_mexicanus	N0.HOG0008547	-1		contraction	FALSE
Mischocyttarus_mexicanus	N0.HOG0008562	-1		contraction	FALSE
Mischocyttarus_mexicanus	N0.HOG0008563	-1		contraction	FALSE
Mischocyttarus_mexicanus	N0.HOG0008573	-1		contraction	FALSE
Mischocyttarus_mexicanus	N0.HOG0008584	-1		contraction	FALSE
Mischocyttarus_mexicanus	N0.HOG0008603	-1		contraction	FALSE
Mischocyttarus_mexicanus	N0.HOG0008612	-1		contraction	FALSE
Mischocyttarus_mexicanus	N0.HOG0008636	-1		contraction	FALSE
Mischocyttarus_mexicanus	N0.HOG0008638	-1		contraction	FALSE
Mischocyttarus_mexicanus	N0.HOG0008666	-1		contraction	FALSE
Mischocyttarus_mexicanus	N0.HOG0008696	-1		contraction	FALSE
Mischocyttarus_mexicanus	N0.HOG0008705	-1		contraction	FALSE
Mischocyttarus_mexicanus	N0.HOG0008725	-1		contraction	FALSE
Mischocyttarus_mexicanus	N0.HOG0008755	-1		contraction	FALSE
Mischocyttarus_mexicanus	N0.HOG0008760	-1		contraction	FALSE
Mischocyttarus_mexicanus	N0.HOG0008764	-1		contraction	FALSE
Mischocyttarus_mexicanus	N0.HOG0008774	-1		contraction	FALSE
Mischocyttarus_mexicanus	N0.HOG0008783	-1		contraction	FALSE
Mischocyttarus_mexicanus	N0.HOG0008784	-1		contraction	FALSE
Mischocyttarus_mexicanus	N0.HOG0008794	-1		contraction	FALSE
Mischocyttarus_mexicanus	N0.HOG0008795	-1		contraction	FALSE
Mischocyttarus_mexicanus	N0.HOG0008804	-1		contraction	FALSE
Mischocyttarus_mexicanus	N0.HOG0008810	-1		contraction	FALSE
Mischocyttarus_mexicanus	N0.HOG0008848	-1		contraction	FALSE
Mischocyttarus_mexicanus	N0.HOG0008868	-1		contraction	FALSE
Mischocyttarus_mexicanus	N0.HOG0008877	-1		contraction	FALSE
Mischocyttarus_mexicanus	N0.HOG0008905	-1		contraction	FALSE
Mischocyttarus_mexicanus	N0.HOG0008907	-1		contraction	FALSE
Mischocyttarus_mexicanus	N0.HOG0008921	-1		contraction	FALSE
Mischocyttarus_mexicanus	N0.HOG0008934	-1		contraction	FALSE
Mischocyttarus_mexicanus	N0.HOG0008941	-1		contraction	FALSE
Mischocyttarus_mexicanus	N0.HOG0008973	-1		contraction	FALSE
Mischocyttarus_mexicanus	N0.HOG0008975	-1		contraction	FALSE
Mischocyttarus_mexicanus	N0.HOG0008986	-1		contraction	FALSE
Mischocyttarus_mexicanus	N0.HOG0009066	-1		contraction	FALSE
Mischocyttarus_mexicanus	N0.HOG0009110	-1		contraction	FALSE
Mischocyttarus_mexicanus	N0.HOG0009189	-1		contraction	FALSE
Mischocyttarus_mexicanus	N0.HOG0009210	-1		contraction	FALSE
Mischocyttarus_mexicanus	N0.HOG0009275	-1		contraction	FALSE
Mischocyttarus_mexicanus	N0.HOG0009582	-1		contraction	FALSE
Mischocyttarus_mexicanus	N0.HOG0009738	-1		contraction	FALSE
Mischocyttarus_mexicanus	N0.HOG0009902	-1		contraction	FALSE
Mischocyttarus_mexicanus	N0.HOG0009904	-1		contraction	FALSE
Mischocyttarus_mexicanus	N0.HOG0009937	-1		contraction	FALSE
Mischocyttarus_mexicanus	N0.HOG0010174	-1		contraction	FALSE
Mischocyttarus_mexicanus	N0.HOG0000138	-2		contraction	FALSE
Mischocyttarus_mexicanus	N0.HOG0000298	-2		contraction	FALSE
Mischocyttarus_mexicanus	N0.HOG0000570	-2		contraction	FALSE
Mischocyttarus_mexicanus	N0.HOG0000645	-2		contraction	FALSE
Mischocyttarus_mexicanus	N0.HOG0010179	16	5.84444e-22	expansion	TRUE
Mischocyttarus_mexicanus	N0.HOG0001933	14	3.29933e-18	expansion	TRUE
Mischocyttarus_mexicanus	N0.HOG0000046	12	3.90048e-13	expansion	TRUE
Mischocyttarus_mexicanus	N0.HOG0000742	7	2.54344e-09	expansion	TRUE
Mischocyttarus_mexicanus	N0.HOG0000179	8	5.9316e-09	expansion	TRUE
Mischocyttarus_mexicanus	N0.HOG0001134	6	7.05875e-09	expansion	TRUE
Mischocyttarus_mexicanus	N0.HOG0001193	5	1.43524e-07	expansion	TRUE
Mischocyttarus_mexicanus	N0.HOG0001455	5	1.43524e-07	expansion	TRUE
Mischocyttarus_mexicanus	N0.HOG0000639	6	1.66494e-07	expansion	TRUE
Mischocyttarus_mexicanus	N0.HOG0000983	4	2.91826e-06	expansion	TRUE
Mischocyttarus_mexicanus	N0.HOG0001011	4	2.91826e-06	expansion	TRUE
Mischocyttarus_mexicanus	N0.HOG0001025	4	2.91826e-06	expansion	TRUE
Mischocyttarus_mexicanus	N0.HOG0001235	4	2.91826e-06	expansion	TRUE
Mischocyttarus_mexicanus	N0.HOG0001343	4	2.91826e-06	expansion	TRUE
Mischocyttarus_mexicanus	N0.HOG0001460	4	2.91826e-06	expansion	TRUE
Mischocyttarus_mexicanus	N0.HOG0001693	4	2.91826e-06	expansion	TRUE
Mischocyttarus_mexicanus	N0.HOG0002462	4	2.91826e-06	expansion	TRUE
Mischocyttarus_mexicanus	N0.HOG0009331	4	2.91826e-06	expansion	TRUE
Mischocyttarus_mexicanus	N0.HOG0000228	5	1.32926e-05	expansion	TRUE
Mischocyttarus_mexicanus	N0.HOG0000160	4	1.34656e-05	expansion	TRUE
Mischocyttarus_mexicanus	N0.HOG0000349	4	1.34656e-05	expansion	TRUE
Mischocyttarus_mexicanus	N0.HOG0000590	4	1.34656e-05	expansion	TRUE
Mischocyttarus_mexicanus	N0.HOG0000826	4	1.34656e-05	expansion	TRUE
Mischocyttarus_mexicanus	N0.HOG0000770	5	2.55765e-05	expansion	TRUE
Mischocyttarus_mexicanus	N0.HOG0000159	4	3.73172e-05	expansion	TRUE
Mischocyttarus_mexicanus	N0.HOG0000182	4	3.73172e-05	expansion	TRUE
Mischocyttarus_mexicanus	N0.HOG0000722	3	5.93366e-05	expansion	TRUE
Mischocyttarus_mexicanus	N0.HOG0000790	3	5.93366e-05	expansion	TRUE
Mischocyttarus_mexicanus	N0.HOG0000857	3	5.93366e-05	expansion	TRUE
Mischocyttarus_mexicanus	N0.HOG0000882	3	5.93366e-05	expansion	TRUE
Mischocyttarus_mexicanus	N0.HOG0000930	3	5.93366e-05	expansion	TRUE
Mischocyttarus_mexicanus	N0.HOG0000938	3	5.93366e-05	expansion	TRUE
Mischocyttarus_mexicanus	N0.HOG0000945	3	5.93366e-05	expansion	TRUE
Mischocyttarus_mexicanus	N0.HOG0001145	3	5.93366e-05	expansion	TRUE
Mischocyttarus_mexicanus	N0.HOG0001208	3	5.93366e-05	expansion	TRUE
Mischocyttarus_mexicanus	N0.HOG0001233	3	5.93366e-05	expansion	TRUE
Mischocyttarus_mexicanus	N0.HOG0001243	3	5.93366e-05	expansion	TRUE
Mischocyttarus_mexicanus	N0.HOG0001295	3	5.93366e-05	expansion	TRUE
Mischocyttarus_mexicanus	N0.HOG0001424	3	5.93366e-05	expansion	TRUE
Mischocyttarus_mexicanus	N0.HOG0001502	3	5.93366e-05	expansion	TRUE
Mischocyttarus_mexicanus	N0.HOG0001545	3	5.93366e-05	expansion	TRUE
Mischocyttarus_mexicanus	N0.HOG0001546	3	5.93366e-05	expansion	TRUE
Mischocyttarus_mexicanus	N0.HOG0001578	3	5.93366e-05	expansion	TRUE
Mischocyttarus_mexicanus	N0.HOG0001672	3	5.93366e-05	expansion	TRUE
Mischocyttarus_mexicanus	N0.HOG0001811	3	5.93366e-05	expansion	TRUE
Mischocyttarus_mexicanus	N0.HOG0001833	3	5.93366e-05	expansion	TRUE
Mischocyttarus_mexicanus	N0.HOG0002852	3	5.93366e-05	expansion	TRUE
Mischocyttarus_mexicanus	N0.HOG0006779	3	5.93366e-05	expansion	TRUE
Mischocyttarus_mexicanus	N0.HOG0000098	5	7.66599e-05	expansion	TRUE
Mischocyttarus_mexicanus	N0.HOG0000740	3	0.000220151	expansion	TRUE
Mischocyttarus_mexicanus	N0.HOG0001150	3	0.000220151	expansion	TRUE
Mischocyttarus_mexicanus	N0.HOG0001230	3	0.000220151	expansion	TRUE
Mischocyttarus_mexicanus	N0.HOG0001566	3	0.000220151	expansion	TRUE
Mischocyttarus_mexicanus	N0.HOG0000322	3	0.000630072	expansion	TRUE
Mischocyttarus_mexicanus	N0.HOG0000055	-3	0.000787566	contraction	TRUE
Mischocyttarus_mexicanus	N0.HOG0000063	-3	0.000787566	contraction	TRUE
Mischocyttarus_mexicanus	N0.HOG0000040	4	0.000847933	expansion	TRUE
Mischocyttarus_mexicanus	N0.HOG0000264	2	0.00120648	expansion	TRUE
Mischocyttarus_mexicanus	N0.HOG0000694	2	0.00120648	expansion	TRUE
Mischocyttarus_mexicanus	N0.HOG0000774	2	0.00120648	expansion	TRUE
Mischocyttarus_mexicanus	N0.HOG0000813	2	0.00120648	expansion	TRUE
Mischocyttarus_mexicanus	N0.HOG0000850	2	0.00120648	expansion	TRUE
Mischocyttarus_mexicanus	N0.HOG0000888	2	0.00120648	expansion	TRUE
Mischocyttarus_mexicanus	N0.HOG0000933	2	0.00120648	expansion	TRUE
Mischocyttarus_mexicanus	N0.HOG0000948	2	0.00120648	expansion	TRUE
Mischocyttarus_mexicanus	N0.HOG0000969	2	0.00120648	expansion	TRUE
Mischocyttarus_mexicanus	N0.HOG0001004	2	0.00120648	expansion	TRUE
Mischocyttarus_mexicanus	N0.HOG0001010	2	0.00120648	expansion	TRUE
Mischocyttarus_mexicanus	N0.HOG0001099	2	0.00120648	expansion	TRUE
Mischocyttarus_mexicanus	N0.HOG0001114	2	0.00120648	expansion	TRUE
Mischocyttarus_mexicanus	N0.HOG0001136	2	0.00120648	expansion	TRUE
Mischocyttarus_mexicanus	N0.HOG0001147	2	0.00120648	expansion	TRUE
Mischocyttarus_mexicanus	N0.HOG0001168	2	0.00120648	expansion	TRUE
Mischocyttarus_mexicanus	N0.HOG0001173	2	0.00120648	expansion	TRUE
Mischocyttarus_mexicanus	N0.HOG0001187	2	0.00120648	expansion	TRUE
Mischocyttarus_mexicanus	N0.HOG0001274	2	0.00120648	expansion	TRUE
Mischocyttarus_mexicanus	N0.HOG0001310	2	0.00120648	expansion	TRUE
Mischocyttarus_mexicanus	N0.HOG0001314	2	0.00120648	expansion	TRUE
Mischocyttarus_mexicanus	N0.HOG0001380	2	0.00120648	expansion	TRUE
Mischocyttarus_mexicanus	N0.HOG0001390	2	0.00120648	expansion	TRUE
Mischocyttarus_mexicanus	N0.HOG0001402	2	0.00120648	expansion	TRUE
Mischocyttarus_mexicanus	N0.HOG0001445	2	0.00120648	expansion	TRUE
Mischocyttarus_mexicanus	N0.HOG0001449	2	0.00120648	expansion	TRUE
Mischocyttarus_mexicanus	N0.HOG0001452	2	0.00120648	expansion	TRUE
Mischocyttarus_mexicanus	N0.HOG0001476	2	0.00120648	expansion	TRUE
Mischocyttarus_mexicanus	N0.HOG0001488	2	0.00120648	expansion	TRUE
Mischocyttarus_mexicanus	N0.HOG0001521	2	0.00120648	expansion	TRUE
Mischocyttarus_mexicanus	N0.HOG0001539	2	0.00120648	expansion	TRUE
Mischocyttarus_mexicanus	N0.HOG0001547	2	0.00120648	expansion	TRUE
Mischocyttarus_mexicanus	N0.HOG0001721	2	0.00120648	expansion	TRUE
Mischocyttarus_mexicanus	N0.HOG0001989	2	0.00120648	expansion	TRUE
Mischocyttarus_mexicanus	N0.HOG0002711	2	0.00120648	expansion	TRUE
Mischocyttarus_mexicanus	N0.HOG0002932	2	0.00120648	expansion	TRUE
Mischocyttarus_mexicanus	N0.HOG0004363	2	0.00120648	expansion	TRUE
Mischocyttarus_mexicanus	N0.HOG0006458	2	0.00120648	expansion	TRUE
Mischocyttarus_mexicanus	N0.HOG0006640	2	0.00120648	expansion	TRUE
Mischocyttarus_mexicanus	N0.HOG0007019	2	0.00120648	expansion	TRUE
Mischocyttarus_mexicanus	N0.HOG0007781	2	0.00120648	expansion	TRUE
Mischocyttarus_mexicanus	N0.HOG0008861	2	0.00120648	expansion	TRUE
Mischocyttarus_mexicanus	N0.HOG0009789	2	0.00120648	expansion	TRUE
Mischocyttarus_mexicanus	N0.HOG0000211	3	0.00138645	expansion	TRUE
Mischocyttarus_mexicanus	N0.HOG0000253	-2	0.00162428	contraction	TRUE
Mischocyttarus_mexicanus	N0.HOG0000643	-2	0.00162428	contraction	TRUE
Mischocyttarus_mexicanus	N0.HOG0001531	-2	0.00162428	contraction	TRUE
Mischocyttarus_mexicanus	N0.HOG0000029	4	0.00177675	expansion	TRUE
Mischocyttarus_mexicanus	N0.HOG0001179	-2	0.00435146	contraction	TRUE
Mischocyttarus_mexicanus	N0.HOG0000066	2	0.00580439	expansion	TRUE
Mischocyttarus_mexicanus	N0.HOG0000145	2	0.00580439	expansion	TRUE
Mischocyttarus_mexicanus	N0.HOG0000241	2	0.00580439	expansion	TRUE
Mischocyttarus_mexicanus	N0.HOG0000531	2	0.00580439	expansion	TRUE
Mischocyttarus_mexicanus	N0.HOG0000711	2	0.00580439	expansion	TRUE
Mischocyttarus_mexicanus	N0.HOG0000765	2	0.00580439	expansion	TRUE
Mischocyttarus_mexicanus	N0.HOG0000792	2	0.00580439	expansion	TRUE
Mischocyttarus_mexicanus	N0.HOG0000796	2	0.00580439	expansion	TRUE
Mischocyttarus_mexicanus	N0.HOG0000834	2	0.00580439	expansion	TRUE
Mischocyttarus_mexicanus	N0.HOG0000836	2	0.00580439	expansion	TRUE
Mischocyttarus_mexicanus	N0.HOG0000889	2	0.00580439	expansion	TRUE
Mischocyttarus_mexicanus	N0.HOG0000894	2	0.00580439	expansion	TRUE
Mischocyttarus_mexicanus	N0.HOG0000898	2	0.00580439	expansion	TRUE
Mischocyttarus_mexicanus	N0.HOG0000932	2	0.00580439	expansion	TRUE
Mischocyttarus_mexicanus	N0.HOG0001043	2	0.00580439	expansion	TRUE
Mischocyttarus_mexicanus	N0.HOG0000059	-2	0.0128068	contraction	TRUE
Mischocyttarus_mexicanus	N0.HOG0000163	2	0.0130221	expansion	TRUE
Mischocyttarus_mexicanus	N0.HOG0000203	2	0.0130221	expansion	TRUE
Mischocyttarus_mexicanus	N0.HOG0000222	2	0.0130221	expansion	TRUE
Mischocyttarus_mexicanus	N0.HOG0000224	2	0.0130221	expansion	TRUE
Mischocyttarus_mexicanus	N0.HOG0000269	2	0.0130221	expansion	TRUE
Mischocyttarus_mexicanus	N0.HOG0000299	2	0.0130221	expansion	TRUE
Mischocyttarus_mexicanus	N0.HOG0000161	2	0.0222359	expansion	TRUE
Mischocyttarus_mexicanus	N0.HOG0000201	2	0.0222359	expansion	TRUE
Mischocyttarus_mexicanus	N0.HOG0000283	1	0.0245313	expansion	TRUE
Mischocyttarus_mexicanus	N0.HOG0000358	1	0.0245313	expansion	TRUE
Mischocyttarus_mexicanus	N0.HOG0000660	1	0.0245313	expansion	TRUE
Mischocyttarus_mexicanus	N0.HOG0000669	1	0.0245313	expansion	TRUE
Mischocyttarus_mexicanus	N0.HOG0000761	1	0.0245313	expansion	TRUE
Mischocyttarus_mexicanus	N0.HOG0000762	1	0.0245313	expansion	TRUE
Mischocyttarus_mexicanus	N0.HOG0000787	1	0.0245313	expansion	TRUE
Mischocyttarus_mexicanus	N0.HOG0000820	1	0.0245313	expansion	TRUE
Mischocyttarus_mexicanus	N0.HOG0000842	1	0.0245313	expansion	TRUE
Mischocyttarus_mexicanus	N0.HOG0000843	1	0.0245313	expansion	TRUE
Mischocyttarus_mexicanus	N0.HOG0000844	1	0.0245313	expansion	TRUE
Mischocyttarus_mexicanus	N0.HOG0000846	1	0.0245313	expansion	TRUE
Mischocyttarus_mexicanus	N0.HOG0000899	1	0.0245313	expansion	TRUE
Mischocyttarus_mexicanus	N0.HOG0000900	1	0.0245313	expansion	TRUE
Mischocyttarus_mexicanus	N0.HOG0000911	1	0.0245313	expansion	TRUE
Mischocyttarus_mexicanus	N0.HOG0000939	1	0.0245313	expansion	TRUE
Mischocyttarus_mexicanus	N0.HOG0000941	1	0.0245313	expansion	TRUE
Mischocyttarus_mexicanus	N0.HOG0000944	1	0.0245313	expansion	TRUE
Mischocyttarus_mexicanus	N0.HOG0000964	1	0.0245313	expansion	TRUE
Mischocyttarus_mexicanus	N0.HOG0000981	1	0.0245313	expansion	TRUE
Mischocyttarus_mexicanus	N0.HOG0000993	1	0.0245313	expansion	TRUE
Mischocyttarus_mexicanus	N0.HOG0000996	1	0.0245313	expansion	TRUE
Mischocyttarus_mexicanus	N0.HOG0001002	1	0.0245313	expansion	TRUE
Mischocyttarus_mexicanus	N0.HOG0001024	1	0.0245313	expansion	TRUE
Mischocyttarus_mexicanus	N0.HOG0001026	1	0.0245313	expansion	TRUE
Mischocyttarus_mexicanus	N0.HOG0001027	1	0.0245313	expansion	TRUE
Mischocyttarus_mexicanus	N0.HOG0001030	1	0.0245313	expansion	TRUE
Mischocyttarus_mexicanus	N0.HOG0001036	1	0.0245313	expansion	TRUE
Mischocyttarus_mexicanus	N0.HOG0001061	1	0.0245313	expansion	TRUE
Mischocyttarus_mexicanus	N0.HOG0001067	1	0.0245313	expansion	TRUE
Mischocyttarus_mexicanus	N0.HOG0001108	1	0.0245313	expansion	TRUE
Mischocyttarus_mexicanus	N0.HOG0001126	1	0.0245313	expansion	TRUE
Mischocyttarus_mexicanus	N0.HOG0001181	1	0.0245313	expansion	TRUE
Mischocyttarus_mexicanus	N0.HOG0001185	1	0.0245313	expansion	TRUE
Mischocyttarus_mexicanus	N0.HOG0001190	1	0.0245313	expansion	TRUE
Mischocyttarus_mexicanus	N0.HOG0001203	1	0.0245313	expansion	TRUE
Mischocyttarus_mexicanus	N0.HOG0001207	1	0.0245313	expansion	TRUE
Mischocyttarus_mexicanus	N0.HOG0001227	1	0.0245313	expansion	TRUE
Mischocyttarus_mexicanus	N0.HOG0001236	1	0.0245313	expansion	TRUE
Mischocyttarus_mexicanus	N0.HOG0001240	1	0.0245313	expansion	TRUE
Mischocyttarus_mexicanus	N0.HOG0001248	1	0.0245313	expansion	TRUE
Mischocyttarus_mexicanus	N0.HOG0001259	1	0.0245313	expansion	TRUE
Mischocyttarus_mexicanus	N0.HOG0001264	1	0.0245313	expansion	TRUE
Mischocyttarus_mexicanus	N0.HOG0001267	1	0.0245313	expansion	TRUE
Mischocyttarus_mexicanus	N0.HOG0001277	1	0.0245313	expansion	TRUE
Mischocyttarus_mexicanus	N0.HOG0001278	1	0.0245313	expansion	TRUE
Mischocyttarus_mexicanus	N0.HOG0001297	1	0.0245313	expansion	TRUE
Mischocyttarus_mexicanus	N0.HOG0001332	1	0.0245313	expansion	TRUE
Mischocyttarus_mexicanus	N0.HOG0001352	1	0.0245313	expansion	TRUE
Mischocyttarus_mexicanus	N0.HOG0001353	1	0.0245313	expansion	TRUE
Mischocyttarus_mexicanus	N0.HOG0001362	1	0.0245313	expansion	TRUE
Mischocyttarus_mexicanus	N0.HOG0001372	1	0.0245313	expansion	TRUE
Mischocyttarus_mexicanus	N0.HOG0001605	1	0.0245313	expansion	TRUE
Mischocyttarus_mexicanus	N0.HOG0001613	1	0.0245313	expansion	TRUE
Mischocyttarus_mexicanus	N0.HOG0001667	1	0.0245313	expansion	TRUE
Mischocyttarus_mexicanus	N0.HOG0001696	1	0.0245313	expansion	TRUE
Mischocyttarus_mexicanus	N0.HOG0001725	1	0.0245313	expansion	TRUE
Mischocyttarus_mexicanus	N0.HOG0001729	1	0.0245313	expansion	TRUE
Mischocyttarus_mexicanus	N0.HOG0001758	1	0.0245313	expansion	TRUE
Mischocyttarus_mexicanus	N0.HOG0001777	1	0.0245313	expansion	TRUE
Mischocyttarus_mexicanus	N0.HOG0001781	1	0.0245313	expansion	TRUE
Mischocyttarus_mexicanus	N0.HOG0002010	1	0.0245313	expansion	TRUE
Mischocyttarus_mexicanus	N0.HOG0002028	1	0.0245313	expansion	TRUE
Mischocyttarus_mexicanus	N0.HOG0002034	1	0.0245313	expansion	TRUE
Mischocyttarus_mexicanus	N0.HOG0002039	1	0.0245313	expansion	TRUE
Mischocyttarus_mexicanus	N0.HOG0002052	1	0.0245313	expansion	TRUE
Mischocyttarus_mexicanus	N0.HOG0002110	1	0.0245313	expansion	TRUE
Mischocyttarus_mexicanus	N0.HOG0002177	1	0.0245313	expansion	TRUE
Mischocyttarus_mexicanus	N0.HOG0002212	1	0.0245313	expansion	TRUE
Mischocyttarus_mexicanus	N0.HOG0002365	1	0.0245313	expansion	TRUE
Mischocyttarus_mexicanus	N0.HOG0002539	1	0.0245313	expansion	TRUE
Mischocyttarus_mexicanus	N0.HOG0003013	1	0.0245313	expansion	TRUE
Mischocyttarus_mexicanus	N0.HOG0003487	1	0.0245313	expansion	TRUE
Mischocyttarus_mexicanus	N0.HOG0003560	1	0.0245313	expansion	TRUE
Mischocyttarus_mexicanus	N0.HOG0003712	1	0.0245313	expansion	TRUE
Mischocyttarus_mexicanus	N0.HOG0003788	1	0.0245313	expansion	TRUE
Mischocyttarus_mexicanus	N0.HOG0004806	1	0.0245313	expansion	TRUE
Mischocyttarus_mexicanus	N0.HOG0006183	1	0.0245313	expansion	TRUE
Mischocyttarus_mexicanus	N0.HOG0006268	1	0.0245313	expansion	TRUE
Mischocyttarus_mexicanus	N0.HOG0006530	1	0.0245313	expansion	TRUE
Mischocyttarus_mexicanus	N0.HOG0007261	1	0.0245313	expansion	TRUE
Mischocyttarus_mexicanus	N0.HOG0007744	1	0.0245313	expansion	TRUE
Mischocyttarus_mexicanus	N0.HOG0007968	1	0.0245313	expansion	TRUE
Mischocyttarus_mexicanus	N0.HOG0008039	1	0.0245313	expansion	TRUE
Mischocyttarus_mexicanus	N0.HOG0008127	1	0.0245313	expansion	TRUE
Mischocyttarus_mexicanus	N0.HOG0008285	1	0.0245313	expansion	TRUE
Mischocyttarus_mexicanus	N0.HOG0008343	1	0.0245313	expansion	TRUE
Mischocyttarus_mexicanus	N0.HOG0008408	1	0.0245313	expansion	TRUE
Mischocyttarus_mexicanus	N0.HOG0008409	1	0.0245313	expansion	TRUE
Mischocyttarus_mexicanus	N0.HOG0008438	1	0.0245313	expansion	TRUE
Mischocyttarus_mexicanus	N0.HOG0008451	1	0.0245313	expansion	TRUE
Mischocyttarus_mexicanus	N0.HOG0008472	1	0.0245313	expansion	TRUE
Mischocyttarus_mexicanus	N0.HOG0008614	1	0.0245313	expansion	TRUE
Mischocyttarus_mexicanus	N0.HOG0008629	1	0.0245313	expansion	TRUE
Mischocyttarus_mexicanus	N0.HOG0008668	1	0.0245313	expansion	TRUE
Mischocyttarus_mexicanus	N0.HOG0008704	1	0.0245313	expansion	TRUE
Mischocyttarus_mexicanus	N0.HOG0008789	1	0.0245313	expansion	TRUE
Mischocyttarus_mexicanus	N0.HOG0008796	1	0.0245313	expansion	TRUE
Mischocyttarus_mexicanus	N0.HOG0008885	1	0.0245313	expansion	TRUE
Mischocyttarus_mexicanus	N0.HOG0009351	1	0.0245313	expansion	TRUE
Mischocyttarus_mexicanus	N0.HOG0009397	1	0.0245313	expansion	TRUE
Mischocyttarus_mexicanus	N0.HOG0009412	1	0.0245313	expansion	TRUE
Mischocyttarus_mexicanus	N0.HOG0009436	1	0.0245313	expansion	TRUE
Mischocyttarus_mexicanus	N0.HOG0009549	1	0.0245313	expansion	TRUE
Mischocyttarus_mexicanus	N0.HOG0009604	1	0.0245313	expansion	TRUE
Mischocyttarus_mexicanus	N0.HOG0009637	1	0.0245313	expansion	TRUE
Mischocyttarus_mexicanus	N0.HOG0009708	1	0.0245313	expansion	TRUE
Mischocyttarus_mexicanus	N0.HOG0009834	1	0.0245313	expansion	TRUE
Mischocyttarus_mexicanus	N0.HOG0009903	1	0.0245313	expansion	TRUE
Mischocyttarus_mexicanus	N0.HOG0010028	1	0.0245313	expansion	TRUE
Mischocyttarus_mexicanus	N0.HOG0010279	1	0.0245313	expansion	TRUE
Mischocyttarus_mexicanus	N0.HOG0010449	1	0.0245313	expansion	TRUE
Mischocyttarus_mexicanus	N0.HOG0010619	1	0.0245313	expansion	TRUE
Mischocyttarus_mexicanus	N0.HOG0010790	1	0.0245313	expansion	TRUE
Mischocyttarus_mexicanus	N0.HOG0011813	1	0.0245313	expansion	TRUE
Mischocyttarus_mexicanus	N0.HOG0013848	1	0.0245313	expansion	TRUE
Mischocyttarus_mexicanus	N0.HOG0000061	2	0.0329429	expansion	TRUE
Mischocyttarus_mexicanus	N0.HOG0000039	2	0.0447386	expansion	TRUE
Mischocyttarus_mexicanus	N0.HOG0000045	1	0.0490795	expansion	TRUE
Mischocyttarus_mexicanus	N0.HOG0000183	1	0.0490795	expansion	TRUE
Mischocyttarus_mexicanus	N0.HOG0000301	1	0.0490795	expansion	TRUE
Mischocyttarus_mexicanus	N0.HOG0000354	1	0.0490795	expansion	TRUE
Mischocyttarus_mexicanus	N0.HOG0000396	1	0.0490795	expansion	TRUE
Mischocyttarus_mexicanus	N0.HOG0000464	1	0.0490795	expansion	TRUE
Mischocyttarus_mexicanus	N0.HOG0000486	1	0.0490795	expansion	TRUE
Mischocyttarus_mexicanus	N0.HOG0000503	1	0.0490795	expansion	TRUE
Mischocyttarus_mexicanus	N0.HOG0000573	1	0.0490795	expansion	TRUE
Mischocyttarus_mexicanus	N0.HOG0000574	1	0.0490795	expansion	TRUE
Mischocyttarus_mexicanus	N0.HOG0000595	1	0.0490795	expansion	TRUE
Mischocyttarus_mexicanus	N0.HOG0000614	1	0.0490795	expansion	TRUE
Mischocyttarus_mexicanus	N0.HOG0000625	1	0.0490795	expansion	TRUE
Mischocyttarus_mexicanus	N0.HOG0000763	1	0.0490795	expansion	TRUE
Mischocyttarus_mexicanus	N0.HOG0000768	1	0.0490795	expansion	TRUE
Mischocyttarus_mexicanus	N0.HOG0000769	1	0.0490795	expansion	TRUE
Mischocyttarus_mexicanus	N0.HOG0000771	1	0.0490795	expansion	TRUE
Mischocyttarus_mexicanus	N0.HOG0000881	1	0.0490795	expansion	TRUE
Mischocyttarus_mexicanus	N0.HOG0000886	1	0.0490795	expansion	TRUE
Mischocyttarus_mexicanus	N0.HOG0000906	1	0.0490795	expansion	TRUE
Mischocyttarus_mexicanus	N0.HOG0000909	1	0.0490795	expansion	TRUE
Mischocyttarus_mexicanus	N0.HOG0001115	1	0.0490795	expansion	TRUE
Mischocyttarus_mexicanus	N0.HOG0001238	1	0.0490795	expansion	TRUE
Mischocyttarus_mexicanus	N0.HOG0001322	1	0.0490795	expansion	TRUE
Mischocyttarus_mexicanus	N0.HOG0001481	1	0.0490795	expansion	TRUE
Mischocyttarus_mexicanus	N0.HOG0001589	1	0.0490795	expansion	TRUE
Mischocyttarus_mexicanus	N0.HOG0000069	2	0.0572992	expansion	FALSE
Mischocyttarus_mexicanus	N0.HOG0000015	-1	0.0713534	contraction	FALSE
Mischocyttarus_mexicanus	N0.HOG0000031	-1	0.0713534	contraction	FALSE
Mischocyttarus_mexicanus	N0.HOG0000051	-1	0.0713534	contraction	FALSE
Mischocyttarus_mexicanus	N0.HOG0000112	-1	0.0713534	contraction	FALSE
Mischocyttarus_mexicanus	N0.HOG0000123	-1	0.0713534	contraction	FALSE
Mischocyttarus_mexicanus	N0.HOG0000149	-1	0.0713534	contraction	FALSE
Mischocyttarus_mexicanus	N0.HOG0000166	-1	0.0713534	contraction	FALSE
Mischocyttarus_mexicanus	N0.HOG0000189	-1	0.0713534	contraction	FALSE
Mischocyttarus_mexicanus	N0.HOG0000249	-1	0.0713534	contraction	FALSE
Mischocyttarus_mexicanus	N0.HOG0000258	-1	0.0713534	contraction	FALSE
Mischocyttarus_mexicanus	N0.HOG0000260	-1	0.0713534	contraction	FALSE
Mischocyttarus_mexicanus	N0.HOG0000272	-1	0.0713534	contraction	FALSE
Mischocyttarus_mexicanus	N0.HOG0000289	-1	0.0713534	contraction	FALSE
Mischocyttarus_mexicanus	N0.HOG0000304	-1	0.0713534	contraction	FALSE
Mischocyttarus_mexicanus	N0.HOG0000534	-1	0.0713534	contraction	FALSE
Mischocyttarus_mexicanus	N0.HOG0000685	-1	0.0713534	contraction	FALSE
Mischocyttarus_mexicanus	N0.HOG0000703	-1	0.0713534	contraction	FALSE
Mischocyttarus_mexicanus	N0.HOG0000708	-1	0.0713534	contraction	FALSE
Mischocyttarus_mexicanus	N0.HOG0000732	-1	0.0713534	contraction	FALSE
Mischocyttarus_mexicanus	N0.HOG0000735	-1	0.0713534	contraction	FALSE
Mischocyttarus_mexicanus	N0.HOG0000738	-1	0.0713534	contraction	FALSE
Mischocyttarus_mexicanus	N0.HOG0000744	-1	0.0713534	contraction	FALSE
Mischocyttarus_mexicanus	N0.HOG0000794	-1	0.0713534	contraction	FALSE
Mischocyttarus_mexicanus	N0.HOG0000806	-1	0.0713534	contraction	FALSE
Mischocyttarus_mexicanus	N0.HOG0000811	-1	0.0713534	contraction	FALSE
Mischocyttarus_mexicanus	N0.HOG0000832	-1	0.0713534	contraction	FALSE
Mischocyttarus_mexicanus	N0.HOG0000872	-1	0.0713534	contraction	FALSE
Mischocyttarus_mexicanus	N0.HOG0000962	-1	0.0713534	contraction	FALSE
Mischocyttarus_mexicanus	N0.HOG0000968	-1	0.0713534	contraction	FALSE
Mischocyttarus_mexicanus	N0.HOG0000972	-1	0.0713534	contraction	FALSE
Mischocyttarus_mexicanus	N0.HOG0001050	-1	0.0713534	contraction	FALSE
Mischocyttarus_mexicanus	N0.HOG0001056	-1	0.0713534	contraction	FALSE
Mischocyttarus_mexicanus	N0.HOG0001091	-1	0.0713534	contraction	FALSE
Mischocyttarus_mexicanus	N0.HOG0001199	-1	0.0713534	contraction	FALSE
Mischocyttarus_mexicanus	N0.HOG0001319	-1	0.0713534	contraction	FALSE
Mischocyttarus_mexicanus	N0.HOG0001351	-1	0.0713534	contraction	FALSE
Mischocyttarus_mexicanus	N0.HOG0001395	-1	0.0713534	contraction	FALSE
Mischocyttarus_mexicanus	N0.HOG0001400	-1	0.0713534	contraction	FALSE
Mischocyttarus_mexicanus	N0.HOG0001478	-1	0.0713534	contraction	FALSE
Mischocyttarus_mexicanus	N0.HOG0001608	-1	0.0713534	contraction	FALSE
Mischocyttarus_mexicanus	N0.HOG0001675	-1	0.0713534	contraction	FALSE
Mischocyttarus_mexicanus	N0.HOG0001739	-1	0.0713534	contraction	FALSE
Mischocyttarus_mexicanus	N0.HOG0001887	-1	0.0713534	contraction	FALSE
Mischocyttarus_mexicanus	N0.HOG0001931	-1	0.0713534	contraction	FALSE
Mischocyttarus_mexicanus	N0.HOG0001937	-1	0.0713534	contraction	FALSE
Mischocyttarus_mexicanus	N0.HOG0002036	-1	0.0713534	contraction	FALSE
Mischocyttarus_mexicanus	N0.HOG0002072	-1	0.0713534	contraction	FALSE
Mischocyttarus_mexicanus	N0.HOG0002173	-1	0.0713534	contraction	FALSE
Mischocyttarus_mexicanus	N0.HOG0002326	-1	0.0713534	contraction	FALSE
Mischocyttarus_mexicanus	N0.HOG0002557	-1	0.0713534	contraction	FALSE
Mischocyttarus_mexicanus	N0.HOG0002654	-1	0.0713534	contraction	FALSE
Mischocyttarus_mexicanus	N0.HOG0002945	-1	0.0713534	contraction	FALSE
Mischocyttarus_mexicanus	N0.HOG0003855	-1	0.0713534	contraction	FALSE
Mischocyttarus_mexicanus	N0.HOG0005492	-1	0.0713534	contraction	FALSE
Mischocyttarus_mexicanus	N0.HOG0005916	-1	0.0713534	contraction	FALSE
Mischocyttarus_mexicanus	N0.HOG0006063	-1	0.0713534	contraction	FALSE
Mischocyttarus_mexicanus	N0.HOG0006869	-1	0.0713534	contraction	FALSE
Mischocyttarus_mexicanus	N0.HOG0007131	-1	0.0713534	contraction	FALSE
Mischocyttarus_mexicanus	N0.HOG0007166	-1	0.0713534	contraction	FALSE
Mischocyttarus_mexicanus	N0.HOG0007474	-1	0.0713534	contraction	FALSE
Mischocyttarus_mexicanus	N0.HOG0007654	-1	0.0713534	contraction	FALSE
Mischocyttarus_mexicanus	N0.HOG0007685	-1	0.0713534	contraction	FALSE
Mischocyttarus_mexicanus	N0.HOG0007730	-1	0.0713534	contraction	FALSE
Mischocyttarus_mexicanus	N0.HOG0007746	-1	0.0713534	contraction	FALSE
Mischocyttarus_mexicanus	N0.HOG0007754	-1	0.0713534	contraction	FALSE
Mischocyttarus_mexicanus	N0.HOG0007756	-1	0.0713534	contraction	FALSE
Mischocyttarus_mexicanus	N0.HOG0007805	-1	0.0713534	contraction	FALSE
Mischocyttarus_mexicanus	N0.HOG0007820	-1	0.0713534	contraction	FALSE
Mischocyttarus_mexicanus	N0.HOG0007850	-1	0.0713534	contraction	FALSE
Mischocyttarus_mexicanus	N0.HOG0007854	-1	0.0713534	contraction	FALSE
Mischocyttarus_mexicanus	N0.HOG0008020	-1	0.0713534	contraction	FALSE
Mischocyttarus_mexicanus	N0.HOG0008192	-1	0.0713534	contraction	FALSE
Mischocyttarus_mexicanus	N0.HOG0008233	-1	0.0713534	contraction	FALSE
Mischocyttarus_mexicanus	N0.HOG0008313	-1	0.0713534	contraction	FALSE
Mischocyttarus_mexicanus	N0.HOG0008348	-1	0.0713534	contraction	FALSE
Mischocyttarus_mexicanus	N0.HOG0008384	-1	0.0713534	contraction	FALSE
Mischocyttarus_mexicanus	N0.HOG0008416	-1	0.0713534	contraction	FALSE
Mischocyttarus_mexicanus	N0.HOG0008499	-1	0.0713534	contraction	FALSE
Mischocyttarus_mexicanus	N0.HOG0008506	-1	0.0713534	contraction	FALSE
Mischocyttarus_mexicanus	N0.HOG0008508	-1	0.0713534	contraction	FALSE
Mischocyttarus_mexicanus	N0.HOG0008545	-1	0.0713534	contraction	FALSE
Mischocyttarus_mexicanus	N0.HOG0008556	-1	0.0713534	contraction	FALSE
Mischocyttarus_mexicanus	N0.HOG0008585	-1	0.0713534	contraction	FALSE
Mischocyttarus_mexicanus	N0.HOG0008647	-1	0.0713534	contraction	FALSE
Mischocyttarus_mexicanus	N0.HOG0008664	-1	0.0713534	contraction	FALSE
Mischocyttarus_mexicanus	N0.HOG0008665	-1	0.0713534	contraction	FALSE
Mischocyttarus_mexicanus	N0.HOG0008681	-1	0.0713534	contraction	FALSE
Mischocyttarus_mexicanus	N0.HOG0008690	-1	0.0713534	contraction	FALSE
Mischocyttarus_mexicanus	N0.HOG0008712	-1	0.0713534	contraction	FALSE
Mischocyttarus_mexicanus	N0.HOG0008724	-1	0.0713534	contraction	FALSE
Mischocyttarus_mexicanus	N0.HOG0008742	-1	0.0713534	contraction	FALSE
Mischocyttarus_mexicanus	N0.HOG0008777	-1	0.0713534	contraction	FALSE
Mischocyttarus_mexicanus	N0.HOG0008780	-1	0.0713534	contraction	FALSE
Mischocyttarus_mexicanus	N0.HOG0008785	-1	0.0713534	contraction	FALSE
Mischocyttarus_mexicanus	N0.HOG0008788	-1	0.0713534	contraction	FALSE
Mischocyttarus_mexicanus	N0.HOG0008835	-1	0.0713534	contraction	FALSE
Mischocyttarus_mexicanus	N0.HOG0008843	-1	0.0713534	contraction	FALSE
Mischocyttarus_mexicanus	N0.HOG0008854	-1	0.0713534	contraction	FALSE
Mischocyttarus_mexicanus	N0.HOG0008858	-1	0.0713534	contraction	FALSE
Mischocyttarus_mexicanus	N0.HOG0008862	-1	0.0713534	contraction	FALSE
Mischocyttarus_mexicanus	N0.HOG0008873	-1	0.0713534	contraction	FALSE
Mischocyttarus_mexicanus	N0.HOG0008894	-1	0.0713534	contraction	FALSE
Mischocyttarus_mexicanus	N0.HOG0008923	-1	0.0713534	contraction	FALSE
Mischocyttarus_mexicanus	N0.HOG0008933	-1	0.0713534	contraction	FALSE
Mischocyttarus_mexicanus	N0.HOG0008943	-1	0.0713534	contraction	FALSE
Mischocyttarus_mexicanus	N0.HOG0008956	-1	0.0713534	contraction	FALSE
Mischocyttarus_mexicanus	N0.HOG0008993	-1	0.0713534	contraction	FALSE
Mischocyttarus_mexicanus	N0.HOG0008997	-1	0.0713534	contraction	FALSE
Mischocyttarus_mexicanus	N0.HOG0009002	-1	0.0713534	contraction	FALSE
Mischocyttarus_mexicanus	N0.HOG0009021	-1	0.0713534	contraction	FALSE
Mischocyttarus_mexicanus	N0.HOG0009033	-1	0.0713534	contraction	FALSE
Mischocyttarus_mexicanus	N0.HOG0009037	-1	0.0713534	contraction	FALSE
Mischocyttarus_mexicanus	N0.HOG0009047	-1	0.0713534	contraction	FALSE
Mischocyttarus_mexicanus	N0.HOG0009059	-1	0.0713534	contraction	FALSE
Mischocyttarus_mexicanus	N0.HOG0009068	-1	0.0713534	contraction	FALSE
Mischocyttarus_mexicanus	N0.HOG0009082	-1	0.0713534	contraction	FALSE
Mischocyttarus_mexicanus	N0.HOG0009122	-1	0.0713534	contraction	FALSE
Mischocyttarus_mexicanus	N0.HOG0009125	-1	0.0713534	contraction	FALSE
Mischocyttarus_mexicanus	N0.HOG0009130	-1	0.0713534	contraction	FALSE
Mischocyttarus_mexicanus	N0.HOG0009169	-1	0.0713534	contraction	FALSE
Mischocyttarus_mexicanus	N0.HOG0009198	-1	0.0713534	contraction	FALSE
Mischocyttarus_mexicanus	N0.HOG0009204	-1	0.0713534	contraction	FALSE
Mischocyttarus_mexicanus	N0.HOG0009209	-1	0.0713534	contraction	FALSE
Mischocyttarus_mexicanus	N0.HOG0009224	-1	0.0713534	contraction	FALSE
Mischocyttarus_mexicanus	N0.HOG0009240	-1	0.0713534	contraction	FALSE
Mischocyttarus_mexicanus	N0.HOG0009244	-1	0.0713534	contraction	FALSE
Mischocyttarus_mexicanus	N0.HOG0009288	-1	0.0713534	contraction	FALSE
Mischocyttarus_mexicanus	N0.HOG0009295	-1	0.0713534	contraction	FALSE
Mischocyttarus_mexicanus	N0.HOG0009302	-1	0.0713534	contraction	FALSE
Mischocyttarus_mexicanus	N0.HOG0009441	-1	0.0713534	contraction	FALSE
Mischocyttarus_mexicanus	N0.HOG0009445	-1	0.0713534	contraction	FALSE
Mischocyttarus_mexicanus	N0.HOG0009450	-1	0.0713534	contraction	FALSE
Mischocyttarus_mexicanus	N0.HOG0009486	-1	0.0713534	contraction	FALSE
Mischocyttarus_mexicanus	N0.HOG0009566	-1	0.0713534	contraction	FALSE
Mischocyttarus_mexicanus	N0.HOG0009567	-1	0.0713534	contraction	FALSE
Mischocyttarus_mexicanus	N0.HOG0009581	-1	0.0713534	contraction	FALSE
Mischocyttarus_mexicanus	N0.HOG0009657	-1	0.0713534	contraction	FALSE
Mischocyttarus_mexicanus	N0.HOG0009663	-1	0.0713534	contraction	FALSE
Mischocyttarus_mexicanus	N0.HOG0009694	-1	0.0713534	contraction	FALSE
Mischocyttarus_mexicanus	N0.HOG0009718	-1	0.0713534	contraction	FALSE
Mischocyttarus_mexicanus	N0.HOG0009732	-1	0.0713534	contraction	FALSE
Mischocyttarus_mexicanus	N0.HOG0009835	-1	0.0713534	contraction	FALSE
Mischocyttarus_mexicanus	N0.HOG0009844	-1	0.0713534	contraction	FALSE
Mischocyttarus_mexicanus	N0.HOG0009867	-1	0.0713534	contraction	FALSE
Mischocyttarus_mexicanus	N0.HOG0009915	-1	0.0713534	contraction	FALSE
Mischocyttarus_mexicanus	N0.HOG0009945	-1	0.0713534	contraction	FALSE
Mischocyttarus_mexicanus	N0.HOG0010016	-1	0.0713534	contraction	FALSE
Mischocyttarus_mexicanus	N0.HOG0010041	-1	0.0713534	contraction	FALSE
Mischocyttarus_mexicanus	N0.HOG0010045	-1	0.0713534	contraction	FALSE
Mischocyttarus_mexicanus	N0.HOG0010064	-1	0.0713534	contraction	FALSE
Mischocyttarus_mexicanus	N0.HOG0010095	-1	0.0713534	contraction	FALSE
Mischocyttarus_mexicanus	N0.HOG0010096	-1	0.0713534	contraction	FALSE
Mischocyttarus_mexicanus	N0.HOG0010120	-1	0.0713534	contraction	FALSE
Mischocyttarus_mexicanus	N0.HOG0010133	-1	0.0713534	contraction	FALSE
Mischocyttarus_mexicanus	N0.HOG0010164	-1	0.0713534	contraction	FALSE
Mischocyttarus_mexicanus	N0.HOG0010171	-1	0.0713534	contraction	FALSE
Mischocyttarus_mexicanus	N0.HOG0010180	-1	0.0713534	contraction	FALSE
Mischocyttarus_mexicanus	N0.HOG0010293	-1	0.0713534	contraction	FALSE
Mischocyttarus_mexicanus	N0.HOG0010338	-1	0.0713534	contraction	FALSE
Mischocyttarus_mexicanus	N0.HOG0010346	-1	0.0713534	contraction	FALSE
Mischocyttarus_mexicanus	N0.HOG0010407	-1	0.0713534	contraction	FALSE
Mischocyttarus_mexicanus	N0.HOG0010464	-1	0.0713534	contraction	FALSE
Mischocyttarus_mexicanus	N0.HOG0010791	-1	0.0713534	contraction	FALSE
Mischocyttarus_mexicanus	N0.HOG0010810	-1	0.0713534	contraction	FALSE
Mischocyttarus_mexicanus	N0.HOG0010896	-1	0.0713534	contraction	FALSE
Mischocyttarus_mexicanus	N0.HOG0011094	-1	0.0713534	contraction	FALSE
Mischocyttarus_mexicanus	N0.HOG0011245	-1	0.0713534	contraction	FALSE
Mischocyttarus_mexicanus	N0.HOG0011475	-1	0.0713534	contraction	FALSE
Mischocyttarus_mexicanus	N0.HOG0011499	-1	0.0713534	contraction	FALSE
Mischocyttarus_mexicanus	N0.HOG0011808	-1	0.0713534	contraction	FALSE
Mischocyttarus_mexicanus	N0.HOG0012652	-1	0.0713534	contraction	FALSE
Mischocyttarus_mexicanus	N0.HOG0012808	-1	0.0713534	contraction	FALSE
Mischocyttarus_mexicanus	N0.HOG0015301	-1	0.0713534	contraction	FALSE
Mischocyttarus_mexicanus	N0.HOG0015307	-1	0.0713534	contraction	FALSE
Mischocyttarus_mexicanus	N0.HOG0000947	1	0.0733608	expansion	FALSE
Mischocyttarus_mexicanus	N0.HOG0001419	1	0.0733608	expansion	FALSE
Mischocyttarus_mexicanus	N0.HOG0000036	1	0.120346	expansion	FALSE
Mischocyttarus_mexicanus	N0.HOG0000114	-1	0.133847	contraction	FALSE
Mischocyttarus_mexicanus	N0.HOG0000478	-1	0.133847	contraction	FALSE
Mischocyttarus_mexicanus	N0.HOG0000504	-1	0.133847	contraction	FALSE
Mischocyttarus_mexicanus	N0.HOG0000591	-1	0.133847	contraction	FALSE
Mischocyttarus_mexicanus	N0.HOG0000602	-1	0.133847	contraction	FALSE
Mischocyttarus_mexicanus	N0.HOG0000631	-1	0.133847	contraction	FALSE
Mischocyttarus_mexicanus	N0.HOG0000679	-1	0.133847	contraction	FALSE
Mischocyttarus_mexicanus	N0.HOG0000681	-1	0.133847	contraction	FALSE
Mischocyttarus_mexicanus	N0.HOG0000865	-1	0.133847	contraction	FALSE
Mischocyttarus_mexicanus	N0.HOG0001035	-1	0.133847	contraction	FALSE
Mischocyttarus_mexicanus	N0.HOG0001062	-1	0.133847	contraction	FALSE
Mischocyttarus_mexicanus	N0.HOG0001071	-1	0.133847	contraction	FALSE
Mischocyttarus_mexicanus	N0.HOG0000028	1	0.142796	expansion	FALSE
Mischocyttarus_mexicanus	N0.HOG0000068	-1	0.188766	contraction	FALSE
Mischocyttarus_mexicanus	N0.HOG0000225	-1	0.188766	contraction	FALSE
Mischocyttarus_mexicanus	N0.HOG0000239	-1	0.188766	contraction	FALSE
Mischocyttarus_mexicanus	N0.HOG0000262	-1	0.188766	contraction	FALSE
Mischocyttarus_mexicanus	N0.HOG0000277	-1	0.188766	contraction	FALSE
Mischocyttarus_mexicanus	N0.HOG0000369	-1	0.188766	contraction	FALSE
Mischocyttarus_mexicanus	N0.HOG0000090	-1	0.237195	contraction	FALSE
Mischocyttarus_mexicanus	N0.HOG0000177	-1	0.237195	contraction	FALSE
Mischocyttarus_mexicanus	N0.HOG0000052	-1	0.280053	contraction	FALSE
Mischocyttarus_mexicanus	N0.HOG0000097	-1	0.280053	contraction	FALSE
Mischocyttarus_mexicanus	N0.HOG0000100	-1	0.318114	contraction	FALSE
Mischocyttarus_mexicanus	N0.HOG0000058	-1	0.352037	contraction	FALSE
Polistes_canadensis	N0.HOG0000212	2		expansion	FALSE
Polistes_canadensis	N0.HOG0001762	2		expansion	FALSE
Polistes_canadensis	N0.HOG0000130	1		expansion	FALSE
Polistes_canadensis	N0.HOG0000221	1		expansion	FALSE
Polistes_canadensis	N0.HOG0000226	1		expansion	FALSE
Polistes_canadensis	N0.HOG0000348	1		expansion	FALSE
Polistes_canadensis	N0.HOG0000368	1		expansion	FALSE
Polistes_canadensis	N0.HOG0000587	1		expansion	FALSE
Polistes_canadensis	N0.HOG0000616	1		expansion	FALSE
Polistes_canadensis	N0.HOG0000721	1		expansion	FALSE
Polistes_canadensis	N0.HOG0000734	1		expansion	FALSE
Polistes_canadensis	N0.HOG0000804	1		expansion	FALSE
Polistes_canadensis	N0.HOG0000829	1		expansion	FALSE
Polistes_canadensis	N0.HOG0001090	1		expansion	FALSE
Polistes_canadensis	N0.HOG0001180	1		expansion	FALSE
Polistes_canadensis	N0.HOG0001327	1		expansion	FALSE
Polistes_canadensis	N0.HOG0001429	1		expansion	FALSE
Polistes_canadensis	N0.HOG0001485	1		expansion	FALSE
Polistes_canadensis	N0.HOG0001567	1		expansion	FALSE
Polistes_canadensis	N0.HOG0001585	1		expansion	FALSE
Polistes_canadensis	N0.HOG0001620	1		expansion	FALSE
Polistes_canadensis	N0.HOG0001660	1		expansion	FALSE
Polistes_canadensis	N0.HOG0001691	1		expansion	FALSE
Polistes_canadensis	N0.HOG0001853	1		expansion	FALSE
Polistes_canadensis	N0.HOG0002185	1		expansion	FALSE
Polistes_canadensis	N0.HOG0002613	1		expansion	FALSE
Polistes_canadensis	N0.HOG0002623	1		expansion	FALSE
Polistes_canadensis	N0.HOG0002699	1		expansion	FALSE
Polistes_canadensis	N0.HOG0002709	1		expansion	FALSE
Polistes_canadensis	N0.HOG0002797	1		expansion	FALSE
Polistes_canadensis	N0.HOG0002865	1		expansion	FALSE
Polistes_canadensis	N0.HOG0002929	1		expansion	FALSE
Polistes_canadensis	N0.HOG0003078	1		expansion	FALSE
Polistes_canadensis	N0.HOG0003407	1		expansion	FALSE
Polistes_canadensis	N0.HOG0003589	1		expansion	FALSE
Polistes_canadensis	N0.HOG0003670	1		expansion	FALSE
Polistes_canadensis	N0.HOG0003873	1		expansion	FALSE
Polistes_canadensis	N0.HOG0004451	1		expansion	FALSE
Polistes_canadensis	N0.HOG0004875	1		expansion	FALSE
Polistes_canadensis	N0.HOG0004960	1		expansion	FALSE
Polistes_canadensis	N0.HOG0005148	1		expansion	FALSE
Polistes_canadensis	N0.HOG0005165	1		expansion	FALSE
Polistes_canadensis	N0.HOG0005672	1		expansion	FALSE
Polistes_canadensis	N0.HOG0006065	1		expansion	FALSE
Polistes_canadensis	N0.HOG0006767	1		expansion	FALSE
Polistes_canadensis	N0.HOG0006831	1		expansion	FALSE
Polistes_canadensis	N0.HOG0007088	1		expansion	FALSE
Polistes_canadensis	N0.HOG0009592	1		expansion	FALSE
Polistes_canadensis	N0.HOG0000165	-1		contraction	FALSE
Polistes_canadensis	N0.HOG0000167	-1		contraction	FALSE
Polistes_canadensis	N0.HOG0000202	-1		contraction	FALSE
Polistes_canadensis	N0.HOG0000383	-1		contraction	FALSE
Polistes_canadensis	N0.HOG0000412	-1		contraction	FALSE
Polistes_canadensis	N0.HOG0000473	-1		contraction	FALSE
Polistes_canadensis	N0.HOG0000510	-1		contraction	FALSE
Polistes_canadensis	N0.HOG0000552	-1		contraction	FALSE
Polistes_canadensis	N0.HOG0000569	-1		contraction	FALSE
Polistes_canadensis	N0.HOG0000571	-1		contraction	FALSE
Polistes_canadensis	N0.HOG0000577	-1		contraction	FALSE
Polistes_canadensis	N0.HOG0000664	-1		contraction	FALSE
Polistes_canadensis	N0.HOG0000746	-1		contraction	FALSE
Polistes_canadensis	N0.HOG0000943	-1		contraction	FALSE
Polistes_canadensis	N0.HOG0001033	-1		contraction	FALSE
Polistes_canadensis	N0.HOG0001074	-1		contraction	FALSE
Polistes_canadensis	N0.HOG0001186	-1		contraction	FALSE
Polistes_canadensis	N0.HOG0001232	-1		contraction	FALSE
Polistes_canadensis	N0.HOG0001298	-1		contraction	FALSE
Polistes_canadensis	N0.HOG0001461	-1		contraction	FALSE
Polistes_canadensis	N0.HOG0001466	-1		contraction	FALSE
Polistes_canadensis	N0.HOG0001516	-1		contraction	FALSE
Polistes_canadensis	N0.HOG0001716	-1		contraction	FALSE
Polistes_canadensis	N0.HOG0002195	-1		contraction	FALSE
Polistes_canadensis	N0.HOG0002258	-1		contraction	FALSE
Polistes_canadensis	N0.HOG0002379	-1		contraction	FALSE
Polistes_canadensis	N0.HOG0002530	-1		contraction	FALSE
Polistes_canadensis	N0.HOG0002762	-1		contraction	FALSE
Polistes_canadensis	N0.HOG0003109	-1		contraction	FALSE
Polistes_canadensis	N0.HOG0003173	-1		contraction	FALSE
Polistes_canadensis	N0.HOG0003302	-1		contraction	FALSE
Polistes_canadensis	N0.HOG0003360	-1		contraction	FALSE
Polistes_canadensis	N0.HOG0003383	-1		contraction	FALSE
Polistes_canadensis	N0.HOG0003549	-1		contraction	FALSE
Polistes_canadensis	N0.HOG0003550	-1		contraction	FALSE
Polistes_canadensis	N0.HOG0004051	-1		contraction	FALSE
Polistes_canadensis	N0.HOG0004208	-1		contraction	FALSE
Polistes_canadensis	N0.HOG0004397	-1		contraction	FALSE
Polistes_canadensis	N0.HOG0004492	-1		contraction	FALSE
Polistes_canadensis	N0.HOG0004503	-1		contraction	FALSE
Polistes_canadensis	N0.HOG0005155	-1		contraction	FALSE
Polistes_canadensis	N0.HOG0005790	-1		contraction	FALSE
Polistes_canadensis	N0.HOG0005839	-1		contraction	FALSE
Polistes_canadensis	N0.HOG0006532	-1		contraction	FALSE
Polistes_canadensis	N0.HOG0006845	-1		contraction	FALSE
Polistes_canadensis	N0.HOG0006965	-1		contraction	FALSE
Polistes_canadensis	N0.HOG0006988	-1		contraction	FALSE
Polistes_canadensis	N0.HOG0007122	-1		contraction	FALSE
Polistes_canadensis	N0.HOG0007185	-1		contraction	FALSE
Polistes_canadensis	N0.HOG0007292	-1		contraction	FALSE
Polistes_canadensis	N0.HOG0007347	-1		contraction	FALSE
Polistes_canadensis	N0.HOG0007415	-1		contraction	FALSE
Polistes_canadensis	N0.HOG0007591	-1		contraction	FALSE
Polistes_canadensis	N0.HOG0007646	-1		contraction	FALSE
Polistes_canadensis	N0.HOG0007837	-1		contraction	FALSE
Polistes_canadensis	N0.HOG0007870	-1		contraction	FALSE
Polistes_canadensis	N0.HOG0007904	-1		contraction	FALSE
Polistes_canadensis	N0.HOG0007945	-1		contraction	FALSE
Polistes_canadensis	N0.HOG0008048	-1		contraction	FALSE
Polistes_canadensis	N0.HOG0008167	-1		contraction	FALSE
Polistes_canadensis	N0.HOG0008251	-1		contraction	FALSE
Polistes_canadensis	N0.HOG0008276	-1		contraction	FALSE
Polistes_canadensis	N0.HOG0008303	-1		contraction	FALSE
Polistes_canadensis	N0.HOG0008447	-1		contraction	FALSE
Polistes_canadensis	N0.HOG0008522	-1		contraction	FALSE
Polistes_canadensis	N0.HOG0008549	-1		contraction	FALSE
Polistes_canadensis	N0.HOG0008638	-1		contraction	FALSE
Polistes_canadensis	N0.HOG0008673	-1		contraction	FALSE
Polistes_canadensis	N0.HOG0008692	-1		contraction	FALSE
Polistes_canadensis	N0.HOG0008756	-1		contraction	FALSE
Polistes_canadensis	N0.HOG0008822	-1		contraction	FALSE
Polistes_canadensis	N0.HOG0008824	-1		contraction	FALSE
Polistes_canadensis	N0.HOG0008855	-1		contraction	FALSE
Polistes_canadensis	N0.HOG0008895	-1		contraction	FALSE
Polistes_canadensis	N0.HOG0008906	-1		contraction	FALSE
Polistes_canadensis	N0.HOG0008925	-1		contraction	FALSE
Polistes_canadensis	N0.HOG0009095	-1		contraction	FALSE
Polistes_canadensis	N0.HOG0009275	-1		contraction	FALSE
Polistes_canadensis	N0.HOG0009666	-1		contraction	FALSE
Polistes_canadensis	N0.HOG0009697	-1		contraction	FALSE
Polistes_canadensis	N0.HOG0009738	-1		contraction	FALSE
Polistes_canadensis	N0.HOG0009761	-1		contraction	FALSE
Polistes_canadensis	N0.HOG0009764	-1		contraction	FALSE
Polistes_canadensis	N0.HOG0000046	-6	2.53187e-12	contraction	TRUE
Polistes_canadensis	N0.HOG0000228	-6	2.53187e-12	contraction	TRUE
Polistes_canadensis	N0.HOG0000098	-5	1.33155e-08	contraction	TRUE
Polistes_canadensis	N0.HOG0000175	-5	2.66795e-08	contraction	TRUE
Polistes_canadensis	N0.HOG0000044	-4	2.75935e-08	contraction	TRUE
Polistes_canadensis	N0.HOG0000061	-4	9.32839e-08	contraction	TRUE
Polistes_canadensis	N0.HOG0000097	-4	9.32839e-08	contraction	TRUE
Polistes_canadensis	N0.HOG0000373	-3	4.58004e-06	contraction	TRUE
Polistes_canadensis	N0.HOG0005762	2	7.76568e-05	expansion	TRUE
Polistes_canadensis	N0.HOG0008257	2	7.76568e-05	expansion	TRUE
Polistes_canadensis	N0.HOG0000007	-2	8.51512e-05	contraction	TRUE
Polistes_canadensis	N0.HOG0000089	-2	8.51512e-05	contraction	TRUE
Polistes_canadensis	N0.HOG0000149	-2	8.51512e-05	contraction	TRUE
Polistes_canadensis	N0.HOG0000589	-2	8.51512e-05	contraction	TRUE
Polistes_canadensis	N0.HOG0000644	-2	8.51512e-05	contraction	TRUE
Polistes_canadensis	N0.HOG0000792	-2	8.51512e-05	contraction	TRUE
Polistes_canadensis	N0.HOG0000121	-2	0.000247474	contraction	TRUE
Polistes_canadensis	N0.HOG0000269	-2	0.000247474	contraction	TRUE
Polistes_canadensis	N0.HOG0000947	-2	0.000247474	contraction	TRUE
Polistes_canadensis	N0.HOG0000263	-2	0.000486656	contraction	TRUE
Polistes_canadensis	N0.HOG0001419	-2	0.000486656	contraction	TRUE
Polistes_canadensis	N0.HOG0000179	-2	0.000800496	contraction	TRUE
Polistes_canadensis	N0.HOG0000201	-2	0.000800496	contraction	TRUE
Polistes_canadensis	N0.HOG0000028	-2	0.00118682	contraction	TRUE
Polistes_canadensis	N0.HOG0000029	-2	0.00275933	contraction	TRUE
Polistes_canadensis	N0.HOG0000166	1	0.00623076	expansion	TRUE
Polistes_canadensis	N0.HOG0000432	1	0.00623076	expansion	TRUE
Polistes_canadensis	N0.HOG0000669	1	0.00623076	expansion	TRUE
Polistes_canadensis	N0.HOG0000709	1	0.00623076	expansion	TRUE
Polistes_canadensis	N0.HOG0000806	1	0.00623076	expansion	TRUE
Polistes_canadensis	N0.HOG0000934	1	0.00623076	expansion	TRUE
Polistes_canadensis	N0.HOG0000995	1	0.00623076	expansion	TRUE
Polistes_canadensis	N0.HOG0001108	1	0.00623076	expansion	TRUE
Polistes_canadensis	N0.HOG0001143	1	0.00623076	expansion	TRUE
Polistes_canadensis	N0.HOG0001343	1	0.00623076	expansion	TRUE
Polistes_canadensis	N0.HOG0001415	1	0.00623076	expansion	TRUE
Polistes_canadensis	N0.HOG0002040	1	0.00623076	expansion	TRUE
Polistes_canadensis	N0.HOG0002173	1	0.00623076	expansion	TRUE
Polistes_canadensis	N0.HOG0002950	1	0.00623076	expansion	TRUE
Polistes_canadensis	N0.HOG0008506	1	0.00623076	expansion	TRUE
Polistes_canadensis	N0.HOG0008923	1	0.00623076	expansion	TRUE
Polistes_canadensis	N0.HOG0000223	1	0.0124616	expansion	TRUE
Polistes_canadensis	N0.HOG0000550	1	0.0124616	expansion	TRUE
Polistes_canadensis	N0.HOG0000658	1	0.0124616	expansion	TRUE
Polistes_canadensis	N0.HOG0000681	1	0.0124616	expansion	TRUE
Polistes_canadensis	N0.HOG0000787	1	0.0124616	expansion	TRUE
Polistes_canadensis	N0.HOG0000922	1	0.0124616	expansion	TRUE
Polistes_canadensis	N0.HOG0001729	1	0.0124616	expansion	TRUE
Polistes_canadensis	N0.HOG0000037	-1	0.0185398	contraction	TRUE
Polistes_canadensis	N0.HOG0000045	-1	0.0185398	contraction	TRUE
Polistes_canadensis	N0.HOG0000051	-1	0.0185398	contraction	TRUE
Polistes_canadensis	N0.HOG0000159	-1	0.0185398	contraction	TRUE
Polistes_canadensis	N0.HOG0000187	-1	0.0185398	contraction	TRUE
Polistes_canadensis	N0.HOG0000233	-1	0.0185398	contraction	TRUE
Polistes_canadensis	N0.HOG0000358	-1	0.0185398	contraction	TRUE
Polistes_canadensis	N0.HOG0000660	-1	0.0185398	contraction	TRUE
Polistes_canadensis	N0.HOG0000685	-1	0.0185398	contraction	TRUE
Polistes_canadensis	N0.HOG0000735	-1	0.0185398	contraction	TRUE
Polistes_canadensis	N0.HOG0000788	-1	0.0185398	contraction	TRUE
Polistes_canadensis	N0.HOG0000808	-1	0.0185398	contraction	TRUE
Polistes_canadensis	N0.HOG0000842	-1	0.0185398	contraction	TRUE
Polistes_canadensis	N0.HOG0000844	-1	0.0185398	contraction	TRUE
Polistes_canadensis	N0.HOG0000863	-1	0.0185398	contraction	TRUE
Polistes_canadensis	N0.HOG0000872	-1	0.0185398	contraction	TRUE
Polistes_canadensis	N0.HOG0000883	-1	0.0185398	contraction	TRUE
Polistes_canadensis	N0.HOG0000906	-1	0.0185398	contraction	TRUE
Polistes_canadensis	N0.HOG0000972	-1	0.0185398	contraction	TRUE
Polistes_canadensis	N0.HOG0001081	-1	0.0185398	contraction	TRUE
Polistes_canadensis	N0.HOG0001091	-1	0.0185398	contraction	TRUE
Polistes_canadensis	N0.HOG0001241	-1	0.0185398	contraction	TRUE
Polistes_canadensis	N0.HOG0001248	-1	0.0185398	contraction	TRUE
Polistes_canadensis	N0.HOG0001303	-1	0.0185398	contraction	TRUE
Polistes_canadensis	N0.HOG0001319	-1	0.0185398	contraction	TRUE
Polistes_canadensis	N0.HOG0001362	-1	0.0185398	contraction	TRUE
Polistes_canadensis	N0.HOG0001384	-1	0.0185398	contraction	TRUE
Polistes_canadensis	N0.HOG0001395	-1	0.0185398	contraction	TRUE
Polistes_canadensis	N0.HOG0001402	-1	0.0185398	contraction	TRUE
Polistes_canadensis	N0.HOG0001672	-1	0.0185398	contraction	TRUE
Polistes_canadensis	N0.HOG0001675	-1	0.0185398	contraction	TRUE
Polistes_canadensis	N0.HOG0002036	-1	0.0185398	contraction	TRUE
Polistes_canadensis	N0.HOG0002505	-1	0.0185398	contraction	TRUE
Polistes_canadensis	N0.HOG0002945	-1	0.0185398	contraction	TRUE
Polistes_canadensis	N0.HOG0003487	-1	0.0185398	contraction	TRUE
Polistes_canadensis	N0.HOG0003653	-1	0.0185398	contraction	TRUE
Polistes_canadensis	N0.HOG0003840	-1	0.0185398	contraction	TRUE
Polistes_canadensis	N0.HOG0004299	-1	0.0185398	contraction	TRUE
Polistes_canadensis	N0.HOG0005904	-1	0.0185398	contraction	TRUE
Polistes_canadensis	N0.HOG0006268	-1	0.0185398	contraction	TRUE
Polistes_canadensis	N0.HOG0007173	-1	0.0185398	contraction	TRUE
Polistes_canadensis	N0.HOG0007409	-1	0.0185398	contraction	TRUE
Polistes_canadensis	N0.HOG0007685	-1	0.0185398	contraction	TRUE
Polistes_canadensis	N0.HOG0007984	-1	0.0185398	contraction	TRUE
Polistes_canadensis	N0.HOG0008169	-1	0.0185398	contraction	TRUE
Polistes_canadensis	N0.HOG0008219	-1	0.0185398	contraction	TRUE
Polistes_canadensis	N0.HOG0008228	-1	0.0185398	contraction	TRUE
Polistes_canadensis	N0.HOG0008244	-1	0.0185398	contraction	TRUE
Polistes_canadensis	N0.HOG0008285	-1	0.0185398	contraction	TRUE
Polistes_canadensis	N0.HOG0008343	-1	0.0185398	contraction	TRUE
Polistes_canadensis	N0.HOG0008348	-1	0.0185398	contraction	TRUE
Polistes_canadensis	N0.HOG0008383	-1	0.0185398	contraction	TRUE
Polistes_canadensis	N0.HOG0008576	-1	0.0185398	contraction	TRUE
Polistes_canadensis	N0.HOG0008582	-1	0.0185398	contraction	TRUE
Polistes_canadensis	N0.HOG0008622	-1	0.0185398	contraction	TRUE
Polistes_canadensis	N0.HOG0008665	-1	0.0185398	contraction	TRUE
Polistes_canadensis	N0.HOG0008676	-1	0.0185398	contraction	TRUE
Polistes_canadensis	N0.HOG0008689	-1	0.0185398	contraction	TRUE
Polistes_canadensis	N0.HOG0008690	-1	0.0185398	contraction	TRUE
Polistes_canadensis	N0.HOG0008702	-1	0.0185398	contraction	TRUE
Polistes_canadensis	N0.HOG0008753	-1	0.0185398	contraction	TRUE
Polistes_canadensis	N0.HOG0008757	-1	0.0185398	contraction	TRUE
Polistes_canadensis	N0.HOG0008785	-1	0.0185398	contraction	TRUE
Polistes_canadensis	N0.HOG0008787	-1	0.0185398	contraction	TRUE
Polistes_canadensis	N0.HOG0008829	-1	0.0185398	contraction	TRUE
Polistes_canadensis	N0.HOG0008831	-1	0.0185398	contraction	TRUE
Polistes_canadensis	N0.HOG0008854	-1	0.0185398	contraction	TRUE
Polistes_canadensis	N0.HOG0008861	-1	0.0185398	contraction	TRUE
Polistes_canadensis	N0.HOG0008870	-1	0.0185398	contraction	TRUE
Polistes_canadensis	N0.HOG0008873	-1	0.0185398	contraction	TRUE
Polistes_canadensis	N0.HOG0008879	-1	0.0185398	contraction	TRUE
Polistes_canadensis	N0.HOG0008919	-1	0.0185398	contraction	TRUE
Polistes_canadensis	N0.HOG0008939	-1	0.0185398	contraction	TRUE
Polistes_canadensis	N0.HOG0008948	-1	0.0185398	contraction	TRUE
Polistes_canadensis	N0.HOG0008995	-1	0.0185398	contraction	TRUE
Polistes_canadensis	N0.HOG0009002	-1	0.0185398	contraction	TRUE
Polistes_canadensis	N0.HOG0009005	-1	0.0185398	contraction	TRUE
Polistes_canadensis	N0.HOG0009021	-1	0.0185398	contraction	TRUE
Polistes_canadensis	N0.HOG0009042	-1	0.0185398	contraction	TRUE
Polistes_canadensis	N0.HOG0009068	-1	0.0185398	contraction	TRUE
Polistes_canadensis	N0.HOG0009093	-1	0.0185398	contraction	TRUE
Polistes_canadensis	N0.HOG0009125	-1	0.0185398	contraction	TRUE
Polistes_canadensis	N0.HOG0009127	-1	0.0185398	contraction	TRUE
Polistes_canadensis	N0.HOG0009158	-1	0.0185398	contraction	TRUE
Polistes_canadensis	N0.HOG0009195	-1	0.0185398	contraction	TRUE
Polistes_canadensis	N0.HOG0009198	-1	0.0185398	contraction	TRUE
Polistes_canadensis	N0.HOG0009259	-1	0.0185398	contraction	TRUE
Polistes_canadensis	N0.HOG0009261	-1	0.0185398	contraction	TRUE
Polistes_canadensis	N0.HOG0009276	-1	0.0185398	contraction	TRUE
Polistes_canadensis	N0.HOG0009288	-1	0.0185398	contraction	TRUE
Polistes_canadensis	N0.HOG0009291	-1	0.0185398	contraction	TRUE
Polistes_canadensis	N0.HOG0009293	-1	0.0185398	contraction	TRUE
Polistes_canadensis	N0.HOG0009295	-1	0.0185398	contraction	TRUE
Polistes_canadensis	N0.HOG0009303	-1	0.0185398	contraction	TRUE
Polistes_canadensis	N0.HOG0009318	-1	0.0185398	contraction	TRUE
Polistes_canadensis	N0.HOG0009319	-1	0.0185398	contraction	TRUE
Polistes_canadensis	N0.HOG0009331	-1	0.0185398	contraction	TRUE
Polistes_canadensis	N0.HOG0009349	-1	0.0185398	contraction	TRUE
Polistes_canadensis	N0.HOG0009351	-1	0.0185398	contraction	TRUE
Polistes_canadensis	N0.HOG0009352	-1	0.0185398	contraction	TRUE
Polistes_canadensis	N0.HOG0009368	-1	0.0185398	contraction	TRUE
Polistes_canadensis	N0.HOG0009391	-1	0.0185398	contraction	TRUE
Polistes_canadensis	N0.HOG0009412	-1	0.0185398	contraction	TRUE
Polistes_canadensis	N0.HOG0009413	-1	0.0185398	contraction	TRUE
Polistes_canadensis	N0.HOG0009430	-1	0.0185398	contraction	TRUE
Polistes_canadensis	N0.HOG0009436	-1	0.0185398	contraction	TRUE
Polistes_canadensis	N0.HOG0009441	-1	0.0185398	contraction	TRUE
Polistes_canadensis	N0.HOG0009467	-1	0.0185398	contraction	TRUE
Polistes_canadensis	N0.HOG0009481	-1	0.0185398	contraction	TRUE
Polistes_canadensis	N0.HOG0009523	-1	0.0185398	contraction	TRUE
Polistes_canadensis	N0.HOG0009525	-1	0.0185398	contraction	TRUE
Polistes_canadensis	N0.HOG0009533	-1	0.0185398	contraction	TRUE
Polistes_canadensis	N0.HOG0009535	-1	0.0185398	contraction	TRUE
Polistes_canadensis	N0.HOG0009548	-1	0.0185398	contraction	TRUE
Polistes_canadensis	N0.HOG0009549	-1	0.0185398	contraction	TRUE
Polistes_canadensis	N0.HOG0009561	-1	0.0185398	contraction	TRUE
Polistes_canadensis	N0.HOG0009574	-1	0.0185398	contraction	TRUE
Polistes_canadensis	N0.HOG0009601	-1	0.0185398	contraction	TRUE
Polistes_canadensis	N0.HOG0009604	-1	0.0185398	contraction	TRUE
Polistes_canadensis	N0.HOG0009618	-1	0.0185398	contraction	TRUE
Polistes_canadensis	N0.HOG0009639	-1	0.0185398	contraction	TRUE
Polistes_canadensis	N0.HOG0009661	-1	0.0185398	contraction	TRUE
Polistes_canadensis	N0.HOG0009663	-1	0.0185398	contraction	TRUE
Polistes_canadensis	N0.HOG0009680	-1	0.0185398	contraction	TRUE
Polistes_canadensis	N0.HOG0009694	-1	0.0185398	contraction	TRUE
Polistes_canadensis	N0.HOG0009752	-1	0.0185398	contraction	TRUE
Polistes_canadensis	N0.HOG0009789	-1	0.0185398	contraction	TRUE
Polistes_canadensis	N0.HOG0009825	-1	0.0185398	contraction	TRUE
Polistes_canadensis	N0.HOG0009875	-1	0.0185398	contraction	TRUE
Polistes_canadensis	N0.HOG0009898	-1	0.0185398	contraction	TRUE
Polistes_canadensis	N0.HOG0009903	-1	0.0185398	contraction	TRUE
Polistes_canadensis	N0.HOG0009915	-1	0.0185398	contraction	TRUE
Polistes_canadensis	N0.HOG0009945	-1	0.0185398	contraction	TRUE
Polistes_canadensis	N0.HOG0009977	-1	0.0185398	contraction	TRUE
Polistes_canadensis	N0.HOG0010012	-1	0.0185398	contraction	TRUE
Polistes_canadensis	N0.HOG0010020	-1	0.0185398	contraction	TRUE
Polistes_canadensis	N0.HOG0010041	-1	0.0185398	contraction	TRUE
Polistes_canadensis	N0.HOG0010064	-1	0.0185398	contraction	TRUE
Polistes_canadensis	N0.HOG0010095	-1	0.0185398	contraction	TRUE
Polistes_canadensis	N0.HOG0010096	-1	0.0185398	contraction	TRUE
Polistes_canadensis	N0.HOG0010120	-1	0.0185398	contraction	TRUE
Polistes_canadensis	N0.HOG0010133	-1	0.0185398	contraction	TRUE
Polistes_canadensis	N0.HOG0010164	-1	0.0185398	contraction	TRUE
Polistes_canadensis	N0.HOG0010168	-1	0.0185398	contraction	TRUE
Polistes_canadensis	N0.HOG0010179	-1	0.0185398	contraction	TRUE
Polistes_canadensis	N0.HOG0010180	-1	0.0185398	contraction	TRUE
Polistes_canadensis	N0.HOG0010219	-1	0.0185398	contraction	TRUE
Polistes_canadensis	N0.HOG0010346	-1	0.0185398	contraction	TRUE
Polistes_canadensis	N0.HOG0010449	-1	0.0185398	contraction	TRUE
Polistes_canadensis	N0.HOG0010465	-1	0.0185398	contraction	TRUE
Polistes_canadensis	N0.HOG0010524	-1	0.0185398	contraction	TRUE
Polistes_canadensis	N0.HOG0010546	-1	0.0185398	contraction	TRUE
Polistes_canadensis	N0.HOG0010547	-1	0.0185398	contraction	TRUE
Polistes_canadensis	N0.HOG0010619	-1	0.0185398	contraction	TRUE
Polistes_canadensis	N0.HOG0010621	-1	0.0185398	contraction	TRUE
Polistes_canadensis	N0.HOG0010673	-1	0.0185398	contraction	TRUE
Polistes_canadensis	N0.HOG0010790	-1	0.0185398	contraction	TRUE
Polistes_canadensis	N0.HOG0010810	-1	0.0185398	contraction	TRUE
Polistes_canadensis	N0.HOG0010896	-1	0.0185398	contraction	TRUE
Polistes_canadensis	N0.HOG0011243	-1	0.0185398	contraction	TRUE
Polistes_canadensis	N0.HOG0011245	-1	0.0185398	contraction	TRUE
Polistes_canadensis	N0.HOG0011475	-1	0.0185398	contraction	TRUE
Polistes_canadensis	N0.HOG0011808	-1	0.0185398	contraction	TRUE
Polistes_canadensis	N0.HOG0011813	-1	0.0185398	contraction	TRUE
Polistes_canadensis	N0.HOG0011814	-1	0.0185398	contraction	TRUE
Polistes_canadensis	N0.HOG0012236	-1	0.0185398	contraction	TRUE
Polistes_canadensis	N0.HOG0012240	-1	0.0185398	contraction	TRUE
Polistes_canadensis	N0.HOG0012652	-1	0.0185398	contraction	TRUE
Polistes_canadensis	N0.HOG0012687	-1	0.0185398	contraction	TRUE
Polistes_canadensis	N0.HOG0012808	-1	0.0185398	contraction	TRUE
Polistes_canadensis	N0.HOG0015301	-1	0.0185398	contraction	TRUE
Polistes_canadensis	N0.HOG0000592	1	0.0186877	expansion	TRUE
Polistes_canadensis	N0.HOG0000054	-1	0.0364718	contraction	TRUE
Polistes_canadensis	N0.HOG0000114	-1	0.0364718	contraction	TRUE
Polistes_canadensis	N0.HOG0000147	-1	0.0364718	contraction	TRUE
Polistes_canadensis	N0.HOG0000260	-1	0.0364718	contraction	TRUE
Polistes_canadensis	N0.HOG0000266	-1	0.0364718	contraction	TRUE
Polistes_canadensis	N0.HOG0000502	-1	0.0364718	contraction	TRUE
Polistes_canadensis	N0.HOG0000574	-1	0.0364718	contraction	TRUE
Polistes_canadensis	N0.HOG0000614	-1	0.0364718	contraction	TRUE
Polistes_canadensis	N0.HOG0000618	-1	0.0364718	contraction	TRUE
Polistes_canadensis	N0.HOG0000631	-1	0.0364718	contraction	TRUE
Polistes_canadensis	N0.HOG0000633	-1	0.0364718	contraction	TRUE
Polistes_canadensis	N0.HOG0000646	-1	0.0364718	contraction	TRUE
Polistes_canadensis	N0.HOG0000667	-1	0.0364718	contraction	TRUE
Polistes_canadensis	N0.HOG0000668	-1	0.0364718	contraction	TRUE
Polistes_canadensis	N0.HOG0000679	-1	0.0364718	contraction	TRUE
Polistes_canadensis	N0.HOG0000690	-1	0.0364718	contraction	TRUE
Polistes_canadensis	N0.HOG0000695	-1	0.0364718	contraction	TRUE
Polistes_canadensis	N0.HOG0000703	-1	0.0364718	contraction	TRUE
Polistes_canadensis	N0.HOG0000815	-1	0.0364718	contraction	TRUE
Polistes_canadensis	N0.HOG0000817	-1	0.0364718	contraction	TRUE
Polistes_canadensis	N0.HOG0000836	-1	0.0364718	contraction	TRUE
Polistes_canadensis	N0.HOG0000849	-1	0.0364718	contraction	TRUE
Polistes_canadensis	N0.HOG0000859	-1	0.0364718	contraction	TRUE
Polistes_canadensis	N0.HOG0000881	-1	0.0364718	contraction	TRUE
Polistes_canadensis	N0.HOG0000894	-1	0.0364718	contraction	TRUE
Polistes_canadensis	N0.HOG0000895	-1	0.0364718	contraction	TRUE
Polistes_canadensis	N0.HOG0000920	-1	0.0364718	contraction	TRUE
Polistes_canadensis	N0.HOG0000932	-1	0.0364718	contraction	TRUE
Polistes_canadensis	N0.HOG0000935	-1	0.0364718	contraction	TRUE
Polistes_canadensis	N0.HOG0000942	-1	0.0364718	contraction	TRUE
Polistes_canadensis	N0.HOG0000955	-1	0.0364718	contraction	TRUE
Polistes_canadensis	N0.HOG0000957	-1	0.0364718	contraction	TRUE
Polistes_canadensis	N0.HOG0000998	-1	0.0364718	contraction	TRUE
Polistes_canadensis	N0.HOG0001107	-1	0.0364718	contraction	TRUE
Polistes_canadensis	N0.HOG0001115	-1	0.0364718	contraction	TRUE
Polistes_canadensis	N0.HOG0001142	-1	0.0364718	contraction	TRUE
Polistes_canadensis	N0.HOG0001159	-1	0.0364718	contraction	TRUE
Polistes_canadensis	N0.HOG0001161	-1	0.0364718	contraction	TRUE
Polistes_canadensis	N0.HOG0001166	-1	0.0364718	contraction	TRUE
Polistes_canadensis	N0.HOG0001200	-1	0.0364718	contraction	TRUE
Polistes_canadensis	N0.HOG0001322	-1	0.0364718	contraction	TRUE
Polistes_canadensis	N0.HOG0001360	-1	0.0364718	contraction	TRUE
Polistes_canadensis	N0.HOG0001423	-1	0.0364718	contraction	TRUE
Polistes_canadensis	N0.HOG0001481	-1	0.0364718	contraction	TRUE
Polistes_canadensis	N0.HOG0001532	-1	0.0364718	contraction	TRUE
Polistes_canadensis	N0.HOG0002857	-1	0.0364718	contraction	TRUE
Polistes_canadensis	N0.HOG0007679	-1	0.0364718	contraction	TRUE
Polistes_canadensis	N0.HOG0000055	1	0.037295	expansion	TRUE
Polistes_canadensis	N0.HOG0000125	-1	0.0538193	contraction	FALSE
Polistes_canadensis	N0.HOG0000225	-1	0.0538193	contraction	FALSE
Polistes_canadensis	N0.HOG0000274	-1	0.0538193	contraction	FALSE
Polistes_canadensis	N0.HOG0000295	-1	0.0538193	contraction	FALSE
Polistes_canadensis	N0.HOG0000350	-1	0.0538193	contraction	FALSE
Polistes_canadensis	N0.HOG0000369	-1	0.0538193	contraction	FALSE
Polistes_canadensis	N0.HOG0000382	-1	0.0538193	contraction	FALSE
Polistes_canadensis	N0.HOG0000518	-1	0.0538193	contraction	FALSE
Polistes_canadensis	N0.HOG0000733	-1	0.0538193	contraction	FALSE
Polistes_canadensis	N0.HOG0000036	-1	0.0868491	contraction	FALSE
Polistes_canadensis	N0.HOG0000039	-1	0.102574	contraction	FALSE
Polistes_canadensis	N0.HOG0000057	-1	0.102574	contraction	FALSE
Polistes_canadensis	N0.HOG0000062	-1	0.102574	contraction	FALSE
Polistes_canadensis	N0.HOG0000069	-1	0.102574	contraction	FALSE
Polistes_canadensis	N0.HOG0000236	-1	0.174057	contraction	FALSE
Polistes_dominula	N0.HOG0000824	2		expansion	FALSE
Polistes_dominula	N0.HOG0001971	2		expansion	FALSE
Polistes_dominula	N0.HOG0002392	2		expansion	FALSE
Polistes_dominula	N0.HOG0003834	2		expansion	FALSE
Polistes_dominula	N0.HOG0003932	2		expansion	FALSE
Polistes_dominula	N0.HOG0008812	2		expansion	FALSE
Polistes_dominula	N0.HOG0000021	1		expansion	FALSE
Polistes_dominula	N0.HOG0000167	1		expansion	FALSE
Polistes_dominula	N0.HOG0000202	1		expansion	FALSE
Polistes_dominula	N0.HOG0000250	1		expansion	FALSE
Polistes_dominula	N0.HOG0000285	1		expansion	FALSE
Polistes_dominula	N0.HOG0000361	1		expansion	FALSE
Polistes_dominula	N0.HOG0000385	1		expansion	FALSE
Polistes_dominula	N0.HOG0000539	1		expansion	FALSE
Polistes_dominula	N0.HOG0000829	1		expansion	FALSE
Polistes_dominula	N0.HOG0000923	1		expansion	FALSE
Polistes_dominula	N0.HOG0001065	1		expansion	FALSE
Polistes_dominula	N0.HOG0001089	1		expansion	FALSE
Polistes_dominula	N0.HOG0001209	1		expansion	FALSE
Polistes_dominula	N0.HOG0001318	1		expansion	FALSE
Polistes_dominula	N0.HOG0001341	1		expansion	FALSE
Polistes_dominula	N0.HOG0001386	1		expansion	FALSE
Polistes_dominula	N0.HOG0001416	1		expansion	FALSE
Polistes_dominula	N0.HOG0001551	1		expansion	FALSE
Polistes_dominula	N0.HOG0001580	1		expansion	FALSE
Polistes_dominula	N0.HOG0001591	1		expansion	FALSE
Polistes_dominula	N0.HOG0001638	1		expansion	FALSE
Polistes_dominula	N0.HOG0001661	1		expansion	FALSE
Polistes_dominula	N0.HOG0001835	1		expansion	FALSE
Polistes_dominula	N0.HOG0001847	1		expansion	FALSE
Polistes_dominula	N0.HOG0001852	1		expansion	FALSE
Polistes_dominula	N0.HOG0002061	1		expansion	FALSE
Polistes_dominula	N0.HOG0002197	1		expansion	FALSE
Polistes_dominula	N0.HOG0002230	1		expansion	FALSE
Polistes_dominula	N0.HOG0002399	1		expansion	FALSE
Polistes_dominula	N0.HOG0002409	1		expansion	FALSE
Polistes_dominula	N0.HOG0002466	1		expansion	FALSE
Polistes_dominula	N0.HOG0002467	1		expansion	FALSE
Polistes_dominula	N0.HOG0002497	1		expansion	FALSE
Polistes_dominula	N0.HOG0002548	1		expansion	FALSE
Polistes_dominula	N0.HOG0002588	1		expansion	FALSE
Polistes_dominula	N0.HOG0002692	1		expansion	FALSE
Polistes_dominula	N0.HOG0003185	1		expansion	FALSE
Polistes_dominula	N0.HOG0003386	1		expansion	FALSE
Polistes_dominula	N0.HOG0003562	1		expansion	FALSE
Polistes_dominula	N0.HOG0003582	1		expansion	FALSE
Polistes_dominula	N0.HOG0003804	1		expansion	FALSE
Polistes_dominula	N0.HOG0004120	1		expansion	FALSE
Polistes_dominula	N0.HOG0004135	1		expansion	FALSE
Polistes_dominula	N0.HOG0004219	1		expansion	FALSE
Polistes_dominula	N0.HOG0004318	1		expansion	FALSE
Polistes_dominula	N0.HOG0004385	1		expansion	FALSE
Polistes_dominula	N0.HOG0004390	1		expansion	FALSE
Polistes_dominula	N0.HOG0004530	1		expansion	FALSE
Polistes_dominula	N0.HOG0005180	1		expansion	FALSE
Polistes_dominula	N0.HOG0005236	1		expansion	FALSE
Polistes_dominula	N0.HOG0005346	1		expansion	FALSE
Polistes_dominula	N0.HOG0005628	1		expansion	FALSE
Polistes_dominula	N0.HOG0005778	1		expansion	FALSE
Polistes_dominula	N0.HOG0005919	1		expansion	FALSE
Polistes_dominula	N0.HOG0006350	1		expansion	FALSE
Polistes_dominula	N0.HOG0006812	1		expansion	FALSE
Polistes_dominula	N0.HOG0007045	1		expansion	FALSE
Polistes_dominula	N0.HOG0008002	1		expansion	FALSE
Polistes_dominula	N0.HOG0008022	1		expansion	FALSE
Polistes_dominula	N0.HOG0008570	1		expansion	FALSE
Polistes_dominula	N0.HOG0008907	1		expansion	FALSE
Polistes_dominula	N0.HOG0000178	-1		contraction	FALSE
Polistes_dominula	N0.HOG0000240	-1		contraction	FALSE
Polistes_dominula	N0.HOG0000259	-1		contraction	FALSE
Polistes_dominula	N0.HOG0000278	-1		contraction	FALSE
Polistes_dominula	N0.HOG0000456	-1		contraction	FALSE
Polistes_dominula	N0.HOG0000473	-1		contraction	FALSE
Polistes_dominula	N0.HOG0000566	-1		contraction	FALSE
Polistes_dominula	N0.HOG0000577	-1		contraction	FALSE
Polistes_dominula	N0.HOG0000580	-1		contraction	FALSE
Polistes_dominula	N0.HOG0000628	-1		contraction	FALSE
Polistes_dominula	N0.HOG0000637	-1		contraction	FALSE
Polistes_dominula	N0.HOG0000656	-1		contraction	FALSE
Polistes_dominula	N0.HOG0000657	-1		contraction	FALSE
Polistes_dominula	N0.HOG0000662	-1		contraction	FALSE
Polistes_dominula	N0.HOG0000664	-1		contraction	FALSE
Polistes_dominula	N0.HOG0000683	-1		contraction	FALSE
Polistes_dominula	N0.HOG0000723	-1		contraction	FALSE
Polistes_dominula	N0.HOG0000734	-1		contraction	FALSE
Polistes_dominula	N0.HOG0000773	-1		contraction	FALSE
Polistes_dominula	N0.HOG0000789	-1		contraction	FALSE
Polistes_dominula	N0.HOG0000896	-1		contraction	FALSE
Polistes_dominula	N0.HOG0000943	-1		contraction	FALSE
Polistes_dominula	N0.HOG0001037	-1		contraction	FALSE
Polistes_dominula	N0.HOG0001053	-1		contraction	FALSE
Polistes_dominula	N0.HOG0001098	-1		contraction	FALSE
Polistes_dominula	N0.HOG0001103	-1		contraction	FALSE
Polistes_dominula	N0.HOG0001175	-1		contraction	FALSE
Polistes_dominula	N0.HOG0001186	-1		contraction	FALSE
Polistes_dominula	N0.HOG0001201	-1		contraction	FALSE
Polistes_dominula	N0.HOG0001357	-1		contraction	FALSE
Polistes_dominula	N0.HOG0001461	-1		contraction	FALSE
Polistes_dominula	N0.HOG0001715	-1		contraction	FALSE
Polistes_dominula	N0.HOG0001716	-1		contraction	FALSE
Polistes_dominula	N0.HOG0001751	-1		contraction	FALSE
Polistes_dominula	N0.HOG0001821	-1		contraction	FALSE
Polistes_dominula	N0.HOG0001950	-1		contraction	FALSE
Polistes_dominula	N0.HOG0002379	-1		contraction	FALSE
Polistes_dominula	N0.HOG0002413	-1		contraction	FALSE
Polistes_dominula	N0.HOG0002530	-1		contraction	FALSE
Polistes_dominula	N0.HOG0003139	-1		contraction	FALSE
Polistes_dominula	N0.HOG0003173	-1		contraction	FALSE
Polistes_dominula	N0.HOG0003360	-1		contraction	FALSE
Polistes_dominula	N0.HOG0003383	-1		contraction	FALSE
Polistes_dominula	N0.HOG0003550	-1		contraction	FALSE
Polistes_dominula	N0.HOG0003598	-1		contraction	FALSE
Polistes_dominula	N0.HOG0004111	-1		contraction	FALSE
Polistes_dominula	N0.HOG0004492	-1		contraction	FALSE
Polistes_dominula	N0.HOG0004544	-1		contraction	FALSE
Polistes_dominula	N0.HOG0004807	-1		contraction	FALSE
Polistes_dominula	N0.HOG0005237	-1		contraction	FALSE
Polistes_dominula	N0.HOG0005373	-1		contraction	FALSE
Polistes_dominula	N0.HOG0005607	-1		contraction	FALSE
Polistes_dominula	N0.HOG0005781	-1		contraction	FALSE
Polistes_dominula	N0.HOG0005876	-1		contraction	FALSE
Polistes_dominula	N0.HOG0006177	-1		contraction	FALSE
Polistes_dominula	N0.HOG0006196	-1		contraction	FALSE
Polistes_dominula	N0.HOG0006309	-1		contraction	FALSE
Polistes_dominula	N0.HOG0006442	-1		contraction	FALSE
Polistes_dominula	N0.HOG0006639	-1		contraction	FALSE
Polistes_dominula	N0.HOG0006803	-1		contraction	FALSE
Polistes_dominula	N0.HOG0006845	-1		contraction	FALSE
Polistes_dominula	N0.HOG0007033	-1		contraction	FALSE
Polistes_dominula	N0.HOG0007070	-1		contraction	FALSE
Polistes_dominula	N0.HOG0007246	-1		contraction	FALSE
Polistes_dominula	N0.HOG0007260	-1		contraction	FALSE
Polistes_dominula	N0.HOG0007653	-1		contraction	FALSE
Polistes_dominula	N0.HOG0007670	-1		contraction	FALSE
Polistes_dominula	N0.HOG0007818	-1		contraction	FALSE
Polistes_dominula	N0.HOG0007847	-1		contraction	FALSE
Polistes_dominula	N0.HOG0007849	-1		contraction	FALSE
Polistes_dominula	N0.HOG0007964	-1		contraction	FALSE
Polistes_dominula	N0.HOG0008083	-1		contraction	FALSE
Polistes_dominula	N0.HOG0008201	-1		contraction	FALSE
Polistes_dominula	N0.HOG0008242	-1		contraction	FALSE
Polistes_dominula	N0.HOG0008258	-1		contraction	FALSE
Polistes_dominula	N0.HOG0008300	-1		contraction	FALSE
Polistes_dominula	N0.HOG0008352	-1		contraction	FALSE
Polistes_dominula	N0.HOG0008440	-1		contraction	FALSE
Polistes_dominula	N0.HOG0008522	-1		contraction	FALSE
Polistes_dominula	N0.HOG0008529	-1		contraction	FALSE
Polistes_dominula	N0.HOG0008532	-1		contraction	FALSE
Polistes_dominula	N0.HOG0008554	-1		contraction	FALSE
Polistes_dominula	N0.HOG0008560	-1		contraction	FALSE
Polistes_dominula	N0.HOG0008566	-1		contraction	FALSE
Polistes_dominula	N0.HOG0008568	-1		contraction	FALSE
Polistes_dominula	N0.HOG0008650	-1		contraction	FALSE
Polistes_dominula	N0.HOG0008658	-1		contraction	FALSE
Polistes_dominula	N0.HOG0008692	-1		contraction	FALSE
Polistes_dominula	N0.HOG0008756	-1		contraction	FALSE
Polistes_dominula	N0.HOG0008782	-1		contraction	FALSE
Polistes_dominula	N0.HOG0008810	-1		contraction	FALSE
Polistes_dominula	N0.HOG0008871	-1		contraction	FALSE
Polistes_dominula	N0.HOG0008888	-1		contraction	FALSE
Polistes_dominula	N0.HOG0008895	-1		contraction	FALSE
Polistes_dominula	N0.HOG0008906	-1		contraction	FALSE
Polistes_dominula	N0.HOG0009010	-1		contraction	FALSE
Polistes_dominula	N0.HOG0009369	-1		contraction	FALSE
Polistes_dominula	N0.HOG0009756	-1		contraction	FALSE
Polistes_dominula	N0.HOG0009764	-1		contraction	FALSE
Polistes_dominula	N0.HOG0009767	-1		contraction	FALSE
Polistes_dominula	N0.HOG0009786	-1		contraction	FALSE
Polistes_dominula	N0.HOG0009937	-1		contraction	FALSE
Polistes_dominula	N0.HOG0010182	-1		contraction	FALSE
Polistes_dominula	N0.HOG0000297	-2		contraction	FALSE
Polistes_dominula	N0.HOG0000008	8	4.98244e-13	expansion	TRUE
Polistes_dominula	N0.HOG0000289	5	1.57707e-08	expansion	TRUE
Polistes_dominula	N0.HOG0000228	-5	2.37345e-08	contraction	TRUE
Polistes_dominula	N0.HOG0000046	-5	1.07809e-07	contraction	TRUE
Polistes_dominula	N0.HOG0000053	6	1.15761e-07	expansion	TRUE
Polistes_dominula	N0.HOG0000189	4	4.98872e-07	expansion	TRUE
Polistes_dominula	N0.HOG0000258	4	4.98872e-07	expansion	TRUE
Polistes_dominula	N0.HOG0000395	4	4.98872e-07	expansion	TRUE
Polistes_dominula	N0.HOG0000175	6	1.04276e-06	expansion	TRUE
Polistes_dominula	N0.HOG0000235	4	6.75677e-06	expansion	TRUE
Polistes_dominula	N0.HOG0000393	3	1.57807e-05	expansion	TRUE
Polistes_dominula	N0.HOG0000832	3	1.57807e-05	expansion	TRUE
Polistes_dominula	N0.HOG0001030	3	1.57807e-05	expansion	TRUE
Polistes_dominula	N0.HOG0002239	3	6.01629e-05	expansion	TRUE
Polistes_dominula	N0.HOG0000058	4	0.000106942	expansion	TRUE
Polistes_dominula	N0.HOG0000770	-3	0.000366231	contraction	TRUE
Polistes_dominula	N0.HOG0001143	2	0.000499186	expansion	TRUE
Polistes_dominula	N0.HOG0001527	2	0.000499186	expansion	TRUE
Polistes_dominula	N0.HOG0002075	2	0.000499186	expansion	TRUE
Polistes_dominula	N0.HOG0004813	2	0.000499186	expansion	TRUE
Polistes_dominula	N0.HOG0001107	-2	0.000615445	contraction	TRUE
Polistes_dominula	N0.HOG0001566	-2	0.000615445	contraction	TRUE
Polistes_dominula	N0.HOG0000269	-2	0.00171127	contraction	TRUE
Polistes_dominula	N0.HOG0000382	-2	0.00171127	contraction	TRUE
Polistes_dominula	N0.HOG0000098	3	0.00271212	expansion	TRUE
Polistes_dominula	N0.HOG0000373	-2	0.00327675	contraction	TRUE
Polistes_dominula	N0.HOG0000054	2	0.00559485	expansion	TRUE
Polistes_dominula	N0.HOG0000432	1	0.0157906	expansion	TRUE
Polistes_dominula	N0.HOG0000534	1	0.0157906	expansion	TRUE
Polistes_dominula	N0.HOG0000735	1	0.0157906	expansion	TRUE
Polistes_dominula	N0.HOG0000785	1	0.0157906	expansion	TRUE
Polistes_dominula	N0.HOG0000884	1	0.0157906	expansion	TRUE
Polistes_dominula	N0.HOG0000934	1	0.0157906	expansion	TRUE
Polistes_dominula	N0.HOG0000995	1	0.0157906	expansion	TRUE
Polistes_dominula	N0.HOG0000999	1	0.0157906	expansion	TRUE
Polistes_dominula	N0.HOG0001050	1	0.0157906	expansion	TRUE
Polistes_dominula	N0.HOG0001108	1	0.0157906	expansion	TRUE
Polistes_dominula	N0.HOG0001351	1	0.0157906	expansion	TRUE
Polistes_dominula	N0.HOG0001478	1	0.0157906	expansion	TRUE
Polistes_dominula	N0.HOG0002071	1	0.0157906	expansion	TRUE
Polistes_dominula	N0.HOG0008020	1	0.0157906	expansion	TRUE
Polistes_dominula	N0.HOG0008357	1	0.0157906	expansion	TRUE
Polistes_dominula	N0.HOG0009295	1	0.0157906	expansion	TRUE
Polistes_dominula	N0.HOG0010064	1	0.0157906	expansion	TRUE
Polistes_dominula	N0.HOG0010181	1	0.0157906	expansion	TRUE
Polistes_dominula	N0.HOG0000029	-2	0.016846	contraction	TRUE
Polistes_dominula	N0.HOG0000149	1	0.0315842	expansion	TRUE
Polistes_dominula	N0.HOG0000527	1	0.0315842	expansion	TRUE
Polistes_dominula	N0.HOG0000771	1	0.0315842	expansion	TRUE
Polistes_dominula	N0.HOG0000792	1	0.0315842	expansion	TRUE
Polistes_dominula	N0.HOG0001062	1	0.0315842	expansion	TRUE
Polistes_dominula	N0.HOG0001133	1	0.0315842	expansion	TRUE
Polistes_dominula	N0.HOG0001447	1	0.0315842	expansion	TRUE
Polistes_dominula	N0.HOG0001531	1	0.0315842	expansion	TRUE
Polistes_dominula	N0.HOG0000007	-1	0.0464199	contraction	TRUE
Polistes_dominula	N0.HOG0000037	-1	0.0464199	contraction	TRUE
Polistes_dominula	N0.HOG0000048	-1	0.0464199	contraction	TRUE
Polistes_dominula	N0.HOG0000051	-1	0.0464199	contraction	TRUE
Polistes_dominula	N0.HOG0000123	-1	0.0464199	contraction	TRUE
Polistes_dominula	N0.HOG0000159	-1	0.0464199	contraction	TRUE
Polistes_dominula	N0.HOG0000166	-1	0.0464199	contraction	TRUE
Polistes_dominula	N0.HOG0000233	-1	0.0464199	contraction	TRUE
Polistes_dominula	N0.HOG0000249	-1	0.0464199	contraction	TRUE
Polistes_dominula	N0.HOG0000260	-1	0.0464199	contraction	TRUE
Polistes_dominula	N0.HOG0000304	-1	0.0464199	contraction	TRUE
Polistes_dominula	N0.HOG0000358	-1	0.0464199	contraction	TRUE
Polistes_dominula	N0.HOG0000660	-1	0.0464199	contraction	TRUE
Polistes_dominula	N0.HOG0000685	-1	0.0464199	contraction	TRUE
Polistes_dominula	N0.HOG0000742	-1	0.0464199	contraction	TRUE
Polistes_dominula	N0.HOG0000788	-1	0.0464199	contraction	TRUE
Polistes_dominula	N0.HOG0000800	-1	0.0464199	contraction	TRUE
Polistes_dominula	N0.HOG0000808	-1	0.0464199	contraction	TRUE
Polistes_dominula	N0.HOG0000842	-1	0.0464199	contraction	TRUE
Polistes_dominula	N0.HOG0000863	-1	0.0464199	contraction	TRUE
Polistes_dominula	N0.HOG0000872	-1	0.0464199	contraction	TRUE
Polistes_dominula	N0.HOG0000972	-1	0.0464199	contraction	TRUE
Polistes_dominula	N0.HOG0001091	-1	0.0464199	contraction	TRUE
Polistes_dominula	N0.HOG0001241	-1	0.0464199	contraction	TRUE
Polistes_dominula	N0.HOG0001246	-1	0.0464199	contraction	TRUE
Polistes_dominula	N0.HOG0001297	-1	0.0464199	contraction	TRUE
Polistes_dominula	N0.HOG0001303	-1	0.0464199	contraction	TRUE
Polistes_dominula	N0.HOG0001319	-1	0.0464199	contraction	TRUE
Polistes_dominula	N0.HOG0001395	-1	0.0464199	contraction	TRUE
Polistes_dominula	N0.HOG0001400	-1	0.0464199	contraction	TRUE
Polistes_dominula	N0.HOG0001608	-1	0.0464199	contraction	TRUE
Polistes_dominula	N0.HOG0001675	-1	0.0464199	contraction	TRUE
Polistes_dominula	N0.HOG0001721	-1	0.0464199	contraction	TRUE
Polistes_dominula	N0.HOG0002065	-1	0.0464199	contraction	TRUE
Polistes_dominula	N0.HOG0002945	-1	0.0464199	contraction	TRUE
Polistes_dominula	N0.HOG0003013	-1	0.0464199	contraction	TRUE
Polistes_dominula	N0.HOG0003653	-1	0.0464199	contraction	TRUE
Polistes_dominula	N0.HOG0004299	-1	0.0464199	contraction	TRUE
Polistes_dominula	N0.HOG0004806	-1	0.0464199	contraction	TRUE
Polistes_dominula	N0.HOG0005904	-1	0.0464199	contraction	TRUE
Polistes_dominula	N0.HOG0006268	-1	0.0464199	contraction	TRUE
Polistes_dominula	N0.HOG0006869	-1	0.0464199	contraction	TRUE
Polistes_dominula	N0.HOG0007019	-1	0.0464199	contraction	TRUE
Polistes_dominula	N0.HOG0007261	-1	0.0464199	contraction	TRUE
Polistes_dominula	N0.HOG0007730	-1	0.0464199	contraction	TRUE
Polistes_dominula	N0.HOG0007854	-1	0.0464199	contraction	TRUE
Polistes_dominula	N0.HOG0007946	-1	0.0464199	contraction	TRUE
Polistes_dominula	N0.HOG0008109	-1	0.0464199	contraction	TRUE
Polistes_dominula	N0.HOG0008117	-1	0.0464199	contraction	TRUE
Polistes_dominula	N0.HOG0008348	-1	0.0464199	contraction	TRUE
Polistes_dominula	N0.HOG0008383	-1	0.0464199	contraction	TRUE
Polistes_dominula	N0.HOG0008451	-1	0.0464199	contraction	TRUE
Polistes_dominula	N0.HOG0008458	-1	0.0464199	contraction	TRUE
Polistes_dominula	N0.HOG0008485	-1	0.0464199	contraction	TRUE
Polistes_dominula	N0.HOG0008556	-1	0.0464199	contraction	TRUE
Polistes_dominula	N0.HOG0008576	-1	0.0464199	contraction	TRUE
Polistes_dominula	N0.HOG0008582	-1	0.0464199	contraction	TRUE
Polistes_dominula	N0.HOG0008664	-1	0.0464199	contraction	TRUE
Polistes_dominula	N0.HOG0008689	-1	0.0464199	contraction	TRUE
Polistes_dominula	N0.HOG0008690	-1	0.0464199	contraction	TRUE
Polistes_dominula	N0.HOG0008702	-1	0.0464199	contraction	TRUE
Polistes_dominula	N0.HOG0008724	-1	0.0464199	contraction	TRUE
Polistes_dominula	N0.HOG0008757	-1	0.0464199	contraction	TRUE
Polistes_dominula	N0.HOG0008785	-1	0.0464199	contraction	TRUE
Polistes_dominula	N0.HOG0008788	-1	0.0464199	contraction	TRUE
Polistes_dominula	N0.HOG0008831	-1	0.0464199	contraction	TRUE
Polistes_dominula	N0.HOG0008835	-1	0.0464199	contraction	TRUE
Polistes_dominula	N0.HOG0008837	-1	0.0464199	contraction	TRUE
Polistes_dominula	N0.HOG0008854	-1	0.0464199	contraction	TRUE
Polistes_dominula	N0.HOG0008861	-1	0.0464199	contraction	TRUE
Polistes_dominula	N0.HOG0008870	-1	0.0464199	contraction	TRUE
Polistes_dominula	N0.HOG0008873	-1	0.0464199	contraction	TRUE
Polistes_dominula	N0.HOG0008883	-1	0.0464199	contraction	TRUE
Polistes_dominula	N0.HOG0008885	-1	0.0464199	contraction	TRUE
Polistes_dominula	N0.HOG0008893	-1	0.0464199	contraction	TRUE
Polistes_dominula	N0.HOG0008919	-1	0.0464199	contraction	TRUE
Polistes_dominula	N0.HOG0008939	-1	0.0464199	contraction	TRUE
Polistes_dominula	N0.HOG0008993	-1	0.0464199	contraction	TRUE
Polistes_dominula	N0.HOG0008998	-1	0.0464199	contraction	TRUE
Polistes_dominula	N0.HOG0009005	-1	0.0464199	contraction	TRUE
Polistes_dominula	N0.HOG0009042	-1	0.0464199	contraction	TRUE
Polistes_dominula	N0.HOG0009059	-1	0.0464199	contraction	TRUE
Polistes_dominula	N0.HOG0009068	-1	0.0464199	contraction	TRUE
Polistes_dominula	N0.HOG0009081	-1	0.0464199	contraction	TRUE
Polistes_dominula	N0.HOG0009090	-1	0.0464199	contraction	TRUE
Polistes_dominula	N0.HOG0009093	-1	0.0464199	contraction	TRUE
Polistes_dominula	N0.HOG0009118	-1	0.0464199	contraction	TRUE
Polistes_dominula	N0.HOG0009127	-1	0.0464199	contraction	TRUE
Polistes_dominula	N0.HOG0009129	-1	0.0464199	contraction	TRUE
Polistes_dominula	N0.HOG0009153	-1	0.0464199	contraction	TRUE
Polistes_dominula	N0.HOG0009169	-1	0.0464199	contraction	TRUE
Polistes_dominula	N0.HOG0009198	-1	0.0464199	contraction	TRUE
Polistes_dominula	N0.HOG0009204	-1	0.0464199	contraction	TRUE
Polistes_dominula	N0.HOG0009207	-1	0.0464199	contraction	TRUE
Polistes_dominula	N0.HOG0009224	-1	0.0464199	contraction	TRUE
Polistes_dominula	N0.HOG0009232	-1	0.0464199	contraction	TRUE
Polistes_dominula	N0.HOG0009237	-1	0.0464199	contraction	TRUE
Polistes_dominula	N0.HOG0009240	-1	0.0464199	contraction	TRUE
Polistes_dominula	N0.HOG0009244	-1	0.0464199	contraction	TRUE
Polistes_dominula	N0.HOG0009276	-1	0.0464199	contraction	TRUE
Polistes_dominula	N0.HOG0009285	-1	0.0464199	contraction	TRUE
Polistes_dominula	N0.HOG0009288	-1	0.0464199	contraction	TRUE
Polistes_dominula	N0.HOG0009302	-1	0.0464199	contraction	TRUE
Polistes_dominula	N0.HOG0009319	-1	0.0464199	contraction	TRUE
Polistes_dominula	N0.HOG0009331	-1	0.0464199	contraction	TRUE
Polistes_dominula	N0.HOG0009349	-1	0.0464199	contraction	TRUE
Polistes_dominula	N0.HOG0009352	-1	0.0464199	contraction	TRUE
Polistes_dominula	N0.HOG0009368	-1	0.0464199	contraction	TRUE
Polistes_dominula	N0.HOG0009391	-1	0.0464199	contraction	TRUE
Polistes_dominula	N0.HOG0009413	-1	0.0464199	contraction	TRUE
Polistes_dominula	N0.HOG0009430	-1	0.0464199	contraction	TRUE
Polistes_dominula	N0.HOG0009441	-1	0.0464199	contraction	TRUE
Polistes_dominula	N0.HOG0009467	-1	0.0464199	contraction	TRUE
Polistes_dominula	N0.HOG0009481	-1	0.0464199	contraction	TRUE
Polistes_dominula	N0.HOG0009486	-1	0.0464199	contraction	TRUE
Polistes_dominula	N0.HOG0009533	-1	0.0464199	contraction	TRUE
Polistes_dominula	N0.HOG0009535	-1	0.0464199	contraction	TRUE
Polistes_dominula	N0.HOG0009561	-1	0.0464199	contraction	TRUE
Polistes_dominula	N0.HOG0009567	-1	0.0464199	contraction	TRUE
Polistes_dominula	N0.HOG0009574	-1	0.0464199	contraction	TRUE
Polistes_dominula	N0.HOG0009581	-1	0.0464199	contraction	TRUE
Polistes_dominula	N0.HOG0009601	-1	0.0464199	contraction	TRUE
Polistes_dominula	N0.HOG0009604	-1	0.0464199	contraction	TRUE
Polistes_dominula	N0.HOG0009661	-1	0.0464199	contraction	TRUE
Polistes_dominula	N0.HOG0009663	-1	0.0464199	contraction	TRUE
Polistes_dominula	N0.HOG0009672	-1	0.0464199	contraction	TRUE
Polistes_dominula	N0.HOG0009680	-1	0.0464199	contraction	TRUE
Polistes_dominula	N0.HOG0009692	-1	0.0464199	contraction	TRUE
Polistes_dominula	N0.HOG0009694	-1	0.0464199	contraction	TRUE
Polistes_dominula	N0.HOG0009718	-1	0.0464199	contraction	TRUE
Polistes_dominula	N0.HOG0009752	-1	0.0464199	contraction	TRUE
Polistes_dominula	N0.HOG0009789	-1	0.0464199	contraction	TRUE
Polistes_dominula	N0.HOG0009835	-1	0.0464199	contraction	TRUE
Polistes_dominula	N0.HOG0009844	-1	0.0464199	contraction	TRUE
Polistes_dominula	N0.HOG0009857	-1	0.0464199	contraction	TRUE
Polistes_dominula	N0.HOG0009875	-1	0.0464199	contraction	TRUE
Polistes_dominula	N0.HOG0009878	-1	0.0464199	contraction	TRUE
Polistes_dominula	N0.HOG0009898	-1	0.0464199	contraction	TRUE
Polistes_dominula	N0.HOG0009903	-1	0.0464199	contraction	TRUE
Polistes_dominula	N0.HOG0009907	-1	0.0464199	contraction	TRUE
Polistes_dominula	N0.HOG0009915	-1	0.0464199	contraction	TRUE
Polistes_dominula	N0.HOG0009977	-1	0.0464199	contraction	TRUE
Polistes_dominula	N0.HOG0009993	-1	0.0464199	contraction	TRUE
Polistes_dominula	N0.HOG0010012	-1	0.0464199	contraction	TRUE
Polistes_dominula	N0.HOG0010020	-1	0.0464199	contraction	TRUE
Polistes_dominula	N0.HOG0010045	-1	0.0464199	contraction	TRUE
Polistes_dominula	N0.HOG0010095	-1	0.0464199	contraction	TRUE
Polistes_dominula	N0.HOG0010120	-1	0.0464199	contraction	TRUE
Polistes_dominula	N0.HOG0010124	-1	0.0464199	contraction	TRUE
Polistes_dominula	N0.HOG0010133	-1	0.0464199	contraction	TRUE
Polistes_dominula	N0.HOG0010168	-1	0.0464199	contraction	TRUE
Polistes_dominula	N0.HOG0010179	-1	0.0464199	contraction	TRUE
Polistes_dominula	N0.HOG0010180	-1	0.0464199	contraction	TRUE
Polistes_dominula	N0.HOG0010279	-1	0.0464199	contraction	TRUE
Polistes_dominula	N0.HOG0010346	-1	0.0464199	contraction	TRUE
Polistes_dominula	N0.HOG0010449	-1	0.0464199	contraction	TRUE
Polistes_dominula	N0.HOG0010464	-1	0.0464199	contraction	TRUE
Polistes_dominula	N0.HOG0010465	-1	0.0464199	contraction	TRUE
Polistes_dominula	N0.HOG0010524	-1	0.0464199	contraction	TRUE
Polistes_dominula	N0.HOG0010546	-1	0.0464199	contraction	TRUE
Polistes_dominula	N0.HOG0010547	-1	0.0464199	contraction	TRUE
Polistes_dominula	N0.HOG0010619	-1	0.0464199	contraction	TRUE
Polistes_dominula	N0.HOG0010621	-1	0.0464199	contraction	TRUE
Polistes_dominula	N0.HOG0010673	-1	0.0464199	contraction	TRUE
Polistes_dominula	N0.HOG0010790	-1	0.0464199	contraction	TRUE
Polistes_dominula	N0.HOG0010791	-1	0.0464199	contraction	TRUE
Polistes_dominula	N0.HOG0010810	-1	0.0464199	contraction	TRUE
Polistes_dominula	N0.HOG0010866	-1	0.0464199	contraction	TRUE
Polistes_dominula	N0.HOG0010896	-1	0.0464199	contraction	TRUE
Polistes_dominula	N0.HOG0010930	-1	0.0464199	contraction	TRUE
Polistes_dominula	N0.HOG0011243	-1	0.0464199	contraction	TRUE
Polistes_dominula	N0.HOG0011245	-1	0.0464199	contraction	TRUE
Polistes_dominula	N0.HOG0011475	-1	0.0464199	contraction	TRUE
Polistes_dominula	N0.HOG0011499	-1	0.0464199	contraction	TRUE
Polistes_dominula	N0.HOG0011775	-1	0.0464199	contraction	TRUE
Polistes_dominula	N0.HOG0011808	-1	0.0464199	contraction	TRUE
Polistes_dominula	N0.HOG0011813	-1	0.0464199	contraction	TRUE
Polistes_dominula	N0.HOG0011814	-1	0.0464199	contraction	TRUE
Polistes_dominula	N0.HOG0012236	-1	0.0464199	contraction	TRUE
Polistes_dominula	N0.HOG0012240	-1	0.0464199	contraction	TRUE
Polistes_dominula	N0.HOG0012652	-1	0.0464199	contraction	TRUE
Polistes_dominula	N0.HOG0012687	-1	0.0464199	contraction	TRUE
Polistes_dominula	N0.HOG0012808	-1	0.0464199	contraction	TRUE
Polistes_dominula	N0.HOG0015301	-1	0.0464199	contraction	TRUE
Polistes_dominula	N0.HOG0000104	1	0.0473042	expansion	TRUE
Polistes_dominula	N0.HOG0000121	1	0.0473042	expansion	TRUE
Polistes_dominula	N0.HOG0000262	1	0.0473042	expansion	TRUE
Polistes_dominula	N0.HOG0000263	1	0.0628875	expansion	FALSE
Polistes_dominula	N0.HOG0001179	1	0.0628875	expansion	FALSE
Polistes_dominula	N0.HOG0000052	1	0.078282	expansion	FALSE
Polistes_dominula	N0.HOG0000097	1	0.078282	expansion	FALSE
Polistes_dominula	N0.HOG0000147	-1	0.0890604	contraction	FALSE
Polistes_dominula	N0.HOG0000155	-1	0.0890604	contraction	FALSE
Polistes_dominula	N0.HOG0000163	-1	0.0890604	contraction	FALSE
Polistes_dominula	N0.HOG0000223	-1	0.0890604	contraction	FALSE
Polistes_dominula	N0.HOG0000241	-1	0.0890604	contraction	FALSE
Polistes_dominula	N0.HOG0000266	-1	0.0890604	contraction	FALSE
Polistes_dominula	N0.HOG0000354	-1	0.0890604	contraction	FALSE
Polistes_dominula	N0.HOG0000496	-1	0.0890604	contraction	FALSE
Polistes_dominula	N0.HOG0000502	-1	0.0890604	contraction	FALSE
Polistes_dominula	N0.HOG0000550	-1	0.0890604	contraction	FALSE
Polistes_dominula	N0.HOG0000573	-1	0.0890604	contraction	FALSE
Polistes_dominula	N0.HOG0000595	-1	0.0890604	contraction	FALSE
Polistes_dominula	N0.HOG0000618	-1	0.0890604	contraction	FALSE
Polistes_dominula	N0.HOG0000633	-1	0.0890604	contraction	FALSE
Polistes_dominula	N0.HOG0000695	-1	0.0890604	contraction	FALSE
Polistes_dominula	N0.HOG0000740	-1	0.0890604	contraction	FALSE
Polistes_dominula	N0.HOG0000763	-1	0.0890604	contraction	FALSE
Polistes_dominula	N0.HOG0000765	-1	0.0890604	contraction	FALSE
Polistes_dominula	N0.HOG0000814	-1	0.0890604	contraction	FALSE
Polistes_dominula	N0.HOG0000834	-1	0.0890604	contraction	FALSE
Polistes_dominula	N0.HOG0000836	-1	0.0890604	contraction	FALSE
Polistes_dominula	N0.HOG0000841	-1	0.0890604	contraction	FALSE
Polistes_dominula	N0.HOG0000849	-1	0.0890604	contraction	FALSE
Polistes_dominula	N0.HOG0000859	-1	0.0890604	contraction	FALSE
Polistes_dominula	N0.HOG0000881	-1	0.0890604	contraction	FALSE
Polistes_dominula	N0.HOG0000894	-1	0.0890604	contraction	FALSE
Polistes_dominula	N0.HOG0000895	-1	0.0890604	contraction	FALSE
Polistes_dominula	N0.HOG0000920	-1	0.0890604	contraction	FALSE
Polistes_dominula	N0.HOG0000922	-1	0.0890604	contraction	FALSE
Polistes_dominula	N0.HOG0000932	-1	0.0890604	contraction	FALSE
Polistes_dominula	N0.HOG0000957	-1	0.0890604	contraction	FALSE
Polistes_dominula	N0.HOG0000998	-1	0.0890604	contraction	FALSE
Polistes_dominula	N0.HOG0001360	-1	0.0890604	contraction	FALSE
Polistes_dominula	N0.HOG0001423	-1	0.0890604	contraction	FALSE
Polistes_dominula	N0.HOG0001481	-1	0.0890604	contraction	FALSE
Polistes_dominula	N0.HOG0001589	-1	0.0890604	contraction	FALSE
Polistes_dominula	N0.HOG0001978	-1	0.0890604	contraction	FALSE
Polistes_dominula	N0.HOG0006059	-1	0.0890604	contraction	FALSE
Polistes_dominula	N0.HOG0000055	1	0.0934458	expansion	FALSE
Polistes_dominula	N0.HOG0000100	1	0.0934458	expansion	FALSE
Polistes_dominula	N0.HOG0000059	1	0.108345	expansion	FALSE
Polistes_dominula	N0.HOG0000103	-1	0.128282	contraction	FALSE
Polistes_dominula	N0.HOG0000225	-1	0.128282	contraction	FALSE
Polistes_dominula	N0.HOG0000274	-1	0.128282	contraction	FALSE
Polistes_dominula	N0.HOG0000295	-1	0.128282	contraction	FALSE
Polistes_dominula	N0.HOG0000639	-1	0.128282	contraction	FALSE
Polistes_dominula	N0.HOG0000733	-1	0.128282	contraction	FALSE
Polistes_dominula	N0.HOG0000947	-1	0.128282	contraction	FALSE
Polistes_dominula	N0.HOG0001419	-1	0.128282	contraction	FALSE
Polistes_dominula	N0.HOG0000044	-1	0.164407	contraction	FALSE
Polistes_dominula	N0.HOG0000113	-1	0.164407	contraction	FALSE
Polistes_dominula	N0.HOG0000201	-1	0.164407	contraction	FALSE
Polistes_dominula	N0.HOG0000211	-1	0.164407	contraction	FALSE
Polistes_dominula	N0.HOG0000036	-1	0.197725	contraction	FALSE
Polistes_dominula	N0.HOG0000042	-1	0.197725	contraction	FALSE
Polistes_dominula	N0.HOG0000061	-1	0.197725	contraction	FALSE
Polistes_dominula	N0.HOG0000179	-1	0.197725	contraction	FALSE
Polistes_dominula	N0.HOG0000039	-1	0.228499	contraction	FALSE
Polistes_dominula	N0.HOG0000062	-1	0.228499	contraction	FALSE
Polistes_exclamans	N0.HOG0000035	3		expansion	FALSE
Polistes_exclamans	N0.HOG0000191	3		expansion	FALSE
Polistes_exclamans	N0.HOG0000127	2		expansion	FALSE
Polistes_exclamans	N0.HOG0000131	2		expansion	FALSE
Polistes_exclamans	N0.HOG0000245	2		expansion	FALSE
Polistes_exclamans	N0.HOG0000276	2		expansion	FALSE
Polistes_exclamans	N0.HOG0000293	2		expansion	FALSE
Polistes_exclamans	N0.HOG0000647	2		expansion	FALSE
Polistes_exclamans	N0.HOG0001472	2		expansion	FALSE
Polistes_exclamans	N0.HOG0001494	2		expansion	FALSE
Polistes_exclamans	N0.HOG0001558	2		expansion	FALSE
Polistes_exclamans	N0.HOG0001603	2		expansion	FALSE
Polistes_exclamans	N0.HOG0001745	2		expansion	FALSE
Polistes_exclamans	N0.HOG0001750	2		expansion	FALSE
Polistes_exclamans	N0.HOG0001877	2		expansion	FALSE
Polistes_exclamans	N0.HOG0001903	2		expansion	FALSE
Polistes_exclamans	N0.HOG0002015	2		expansion	FALSE
Polistes_exclamans	N0.HOG0002101	2		expansion	FALSE
Polistes_exclamans	N0.HOG0002114	2		expansion	FALSE
Polistes_exclamans	N0.HOG0002126	2		expansion	FALSE
Polistes_exclamans	N0.HOG0002183	2		expansion	FALSE
Polistes_exclamans	N0.HOG0002373	2		expansion	FALSE
Polistes_exclamans	N0.HOG0002734	2		expansion	FALSE
Polistes_exclamans	N0.HOG0002761	2		expansion	FALSE
Polistes_exclamans	N0.HOG0002778	2		expansion	FALSE
Polistes_exclamans	N0.HOG0002819	2		expansion	FALSE
Polistes_exclamans	N0.HOG0002901	2		expansion	FALSE
Polistes_exclamans	N0.HOG0003174	2		expansion	FALSE
Polistes_exclamans	N0.HOG0003218	2		expansion	FALSE
Polistes_exclamans	N0.HOG0005193	2		expansion	FALSE
Polistes_exclamans	N0.HOG0000180	1		expansion	FALSE
Polistes_exclamans	N0.HOG0000181	1		expansion	FALSE
Polistes_exclamans	N0.HOG0000188	1		expansion	FALSE
Polistes_exclamans	N0.HOG0000209	1		expansion	FALSE
Polistes_exclamans	N0.HOG0000309	1		expansion	FALSE
Polistes_exclamans	N0.HOG0000317	1		expansion	FALSE
Polistes_exclamans	N0.HOG0000325	1		expansion	FALSE
Polistes_exclamans	N0.HOG0000330	1		expansion	FALSE
Polistes_exclamans	N0.HOG0000336	1		expansion	FALSE
Polistes_exclamans	N0.HOG0000337	1		expansion	FALSE
Polistes_exclamans	N0.HOG0000356	1		expansion	FALSE
Polistes_exclamans	N0.HOG0000398	1		expansion	FALSE
Polistes_exclamans	N0.HOG0000403	1		expansion	FALSE
Polistes_exclamans	N0.HOG0000423	1		expansion	FALSE
Polistes_exclamans	N0.HOG0000443	1		expansion	FALSE
Polistes_exclamans	N0.HOG0000551	1		expansion	FALSE
Polistes_exclamans	N0.HOG0000634	1		expansion	FALSE
Polistes_exclamans	N0.HOG0000716	1		expansion	FALSE
Polistes_exclamans	N0.HOG0000748	1		expansion	FALSE
Polistes_exclamans	N0.HOG0000750	1		expansion	FALSE
Polistes_exclamans	N0.HOG0000835	1		expansion	FALSE
Polistes_exclamans	N0.HOG0000837	1		expansion	FALSE
Polistes_exclamans	N0.HOG0000848	1		expansion	FALSE
Polistes_exclamans	N0.HOG0000866	1		expansion	FALSE
Polistes_exclamans	N0.HOG0000876	1		expansion	FALSE
Polistes_exclamans	N0.HOG0000907	1		expansion	FALSE
Polistes_exclamans	N0.HOG0000912	1		expansion	FALSE
Polistes_exclamans	N0.HOG0000926	1		expansion	FALSE
Polistes_exclamans	N0.HOG0000950	1		expansion	FALSE
Polistes_exclamans	N0.HOG0001014	1		expansion	FALSE
Polistes_exclamans	N0.HOG0001040	1		expansion	FALSE
Polistes_exclamans	N0.HOG0001063	1		expansion	FALSE
Polistes_exclamans	N0.HOG0001083	1		expansion	FALSE
Polistes_exclamans	N0.HOG0001084	1		expansion	FALSE
Polistes_exclamans	N0.HOG0001140	1		expansion	FALSE
Polistes_exclamans	N0.HOG0001148	1		expansion	FALSE
Polistes_exclamans	N0.HOG0001155	1		expansion	FALSE
Polistes_exclamans	N0.HOG0001174	1		expansion	FALSE
Polistes_exclamans	N0.HOG0001196	1		expansion	FALSE
Polistes_exclamans	N0.HOG0001206	1		expansion	FALSE
Polistes_exclamans	N0.HOG0001217	1		expansion	FALSE
Polistes_exclamans	N0.HOG0001218	1		expansion	FALSE
Polistes_exclamans	N0.HOG0001220	1		expansion	FALSE
Polistes_exclamans	N0.HOG0001237	1		expansion	FALSE
Polistes_exclamans	N0.HOG0001245	1		expansion	FALSE
Polistes_exclamans	N0.HOG0001271	1		expansion	FALSE
Polistes_exclamans	N0.HOG0001273	1		expansion	FALSE
Polistes_exclamans	N0.HOG0001291	1		expansion	FALSE
Polistes_exclamans	N0.HOG0001325	1		expansion	FALSE
Polistes_exclamans	N0.HOG0001350	1		expansion	FALSE
Polistes_exclamans	N0.HOG0001361	1		expansion	FALSE
Polistes_exclamans	N0.HOG0001367	1		expansion	FALSE
Polistes_exclamans	N0.HOG0001377	1		expansion	FALSE
Polistes_exclamans	N0.HOG0001389	1		expansion	FALSE
Polistes_exclamans	N0.HOG0001409	1		expansion	FALSE
Polistes_exclamans	N0.HOG0001427	1		expansion	FALSE
Polistes_exclamans	N0.HOG0001437	1		expansion	FALSE
Polistes_exclamans	N0.HOG0001464	1		expansion	FALSE
Polistes_exclamans	N0.HOG0001471	1		expansion	FALSE
Polistes_exclamans	N0.HOG0001477	1		expansion	FALSE
Polistes_exclamans	N0.HOG0001503	1		expansion	FALSE
Polistes_exclamans	N0.HOG0001507	1		expansion	FALSE
Polistes_exclamans	N0.HOG0001522	1		expansion	FALSE
Polistes_exclamans	N0.HOG0001533	1		expansion	FALSE
Polistes_exclamans	N0.HOG0001538	1		expansion	FALSE
Polistes_exclamans	N0.HOG0001542	1		expansion	FALSE
Polistes_exclamans	N0.HOG0001569	1		expansion	FALSE
Polistes_exclamans	N0.HOG0001570	1		expansion	FALSE
Polistes_exclamans	N0.HOG0001572	1		expansion	FALSE
Polistes_exclamans	N0.HOG0001575	1		expansion	FALSE
Polistes_exclamans	N0.HOG0001582	1		expansion	FALSE
Polistes_exclamans	N0.HOG0001584	1		expansion	FALSE
Polistes_exclamans	N0.HOG0001600	1		expansion	FALSE
Polistes_exclamans	N0.HOG0001601	1		expansion	FALSE
Polistes_exclamans	N0.HOG0001604	1		expansion	FALSE
Polistes_exclamans	N0.HOG0001618	1		expansion	FALSE
Polistes_exclamans	N0.HOG0001623	1		expansion	FALSE
Polistes_exclamans	N0.HOG0001635	1		expansion	FALSE
Polistes_exclamans	N0.HOG0001645	1		expansion	FALSE
Polistes_exclamans	N0.HOG0001649	1		expansion	FALSE
Polistes_exclamans	N0.HOG0001651	1		expansion	FALSE
Polistes_exclamans	N0.HOG0001673	1		expansion	FALSE
Polistes_exclamans	N0.HOG0001683	1		expansion	FALSE
Polistes_exclamans	N0.HOG0001685	1		expansion	FALSE
Polistes_exclamans	N0.HOG0001692	1		expansion	FALSE
Polistes_exclamans	N0.HOG0001704	1		expansion	FALSE
Polistes_exclamans	N0.HOG0001715	1		expansion	FALSE
Polistes_exclamans	N0.HOG0001716	1		expansion	FALSE
Polistes_exclamans	N0.HOG0001717	1		expansion	FALSE
Polistes_exclamans	N0.HOG0001732	1		expansion	FALSE
Polistes_exclamans	N0.HOG0001747	1		expansion	FALSE
Polistes_exclamans	N0.HOG0001760	1		expansion	FALSE
Polistes_exclamans	N0.HOG0001785	1		expansion	FALSE
Polistes_exclamans	N0.HOG0001813	1		expansion	FALSE
Polistes_exclamans	N0.HOG0001814	1		expansion	FALSE
Polistes_exclamans	N0.HOG0001830	1		expansion	FALSE
Polistes_exclamans	N0.HOG0001834	1		expansion	FALSE
Polistes_exclamans	N0.HOG0001841	1		expansion	FALSE
Polistes_exclamans	N0.HOG0001844	1		expansion	FALSE
Polistes_exclamans	N0.HOG0001856	1		expansion	FALSE
Polistes_exclamans	N0.HOG0001873	1		expansion	FALSE
Polistes_exclamans	N0.HOG0001879	1		expansion	FALSE
Polistes_exclamans	N0.HOG0001890	1		expansion	FALSE
Polistes_exclamans	N0.HOG0001907	1		expansion	FALSE
Polistes_exclamans	N0.HOG0001909	1		expansion	FALSE
Polistes_exclamans	N0.HOG0001910	1		expansion	FALSE
Polistes_exclamans	N0.HOG0001912	1		expansion	FALSE
Polistes_exclamans	N0.HOG0001917	1		expansion	FALSE
Polistes_exclamans	N0.HOG0001919	1		expansion	FALSE
Polistes_exclamans	N0.HOG0001923	1		expansion	FALSE
Polistes_exclamans	N0.HOG0001924	1		expansion	FALSE
Polistes_exclamans	N0.HOG0001925	1		expansion	FALSE
Polistes_exclamans	N0.HOG0001936	1		expansion	FALSE
Polistes_exclamans	N0.HOG0001941	1		expansion	FALSE
Polistes_exclamans	N0.HOG0001949	1		expansion	FALSE
Polistes_exclamans	N0.HOG0001961	1		expansion	FALSE
Polistes_exclamans	N0.HOG0001964	1		expansion	FALSE
Polistes_exclamans	N0.HOG0001966	1		expansion	FALSE
Polistes_exclamans	N0.HOG0001973	1		expansion	FALSE
Polistes_exclamans	N0.HOG0001983	1		expansion	FALSE
Polistes_exclamans	N0.HOG0001994	1		expansion	FALSE
Polistes_exclamans	N0.HOG0002024	1		expansion	FALSE
Polistes_exclamans	N0.HOG0002055	1		expansion	FALSE
Polistes_exclamans	N0.HOG0002062	1		expansion	FALSE
Polistes_exclamans	N0.HOG0002070	1		expansion	FALSE
Polistes_exclamans	N0.HOG0002077	1		expansion	FALSE
Polistes_exclamans	N0.HOG0002109	1		expansion	FALSE
Polistes_exclamans	N0.HOG0002113	1		expansion	FALSE
Polistes_exclamans	N0.HOG0002127	1		expansion	FALSE
Polistes_exclamans	N0.HOG0002133	1		expansion	FALSE
Polistes_exclamans	N0.HOG0002140	1		expansion	FALSE
Polistes_exclamans	N0.HOG0002143	1		expansion	FALSE
Polistes_exclamans	N0.HOG0002158	1		expansion	FALSE
Polistes_exclamans	N0.HOG0002175	1		expansion	FALSE
Polistes_exclamans	N0.HOG0002202	1		expansion	FALSE
Polistes_exclamans	N0.HOG0002261	1		expansion	FALSE
Polistes_exclamans	N0.HOG0002267	1		expansion	FALSE
Polistes_exclamans	N0.HOG0002269	1		expansion	FALSE
Polistes_exclamans	N0.HOG0002272	1		expansion	FALSE
Polistes_exclamans	N0.HOG0002284	1		expansion	FALSE
Polistes_exclamans	N0.HOG0002290	1		expansion	FALSE
Polistes_exclamans	N0.HOG0002322	1		expansion	FALSE
Polistes_exclamans	N0.HOG0002324	1		expansion	FALSE
Polistes_exclamans	N0.HOG0002325	1		expansion	FALSE
Polistes_exclamans	N0.HOG0002327	1		expansion	FALSE
Polistes_exclamans	N0.HOG0002335	1		expansion	FALSE
Polistes_exclamans	N0.HOG0002345	1		expansion	FALSE
Polistes_exclamans	N0.HOG0002362	1		expansion	FALSE
Polistes_exclamans	N0.HOG0002366	1		expansion	FALSE
Polistes_exclamans	N0.HOG0002374	1		expansion	FALSE
Polistes_exclamans	N0.HOG0002415	1		expansion	FALSE
Polistes_exclamans	N0.HOG0002421	1		expansion	FALSE
Polistes_exclamans	N0.HOG0002463	1		expansion	FALSE
Polistes_exclamans	N0.HOG0002474	1		expansion	FALSE
Polistes_exclamans	N0.HOG0002508	1		expansion	FALSE
Polistes_exclamans	N0.HOG0002515	1		expansion	FALSE
Polistes_exclamans	N0.HOG0002523	1		expansion	FALSE
Polistes_exclamans	N0.HOG0002545	1		expansion	FALSE
Polistes_exclamans	N0.HOG0002547	1		expansion	FALSE
Polistes_exclamans	N0.HOG0002549	1		expansion	FALSE
Polistes_exclamans	N0.HOG0002611	1		expansion	FALSE
Polistes_exclamans	N0.HOG0002625	1		expansion	FALSE
Polistes_exclamans	N0.HOG0002651	1		expansion	FALSE
Polistes_exclamans	N0.HOG0002671	1		expansion	FALSE
Polistes_exclamans	N0.HOG0002689	1		expansion	FALSE
Polistes_exclamans	N0.HOG0002743	1		expansion	FALSE
Polistes_exclamans	N0.HOG0002752	1		expansion	FALSE
Polistes_exclamans	N0.HOG0002766	1		expansion	FALSE
Polistes_exclamans	N0.HOG0002768	1		expansion	FALSE
Polistes_exclamans	N0.HOG0002809	1		expansion	FALSE
Polistes_exclamans	N0.HOG0002843	1		expansion	FALSE
Polistes_exclamans	N0.HOG0002861	1		expansion	FALSE
Polistes_exclamans	N0.HOG0002900	1		expansion	FALSE
Polistes_exclamans	N0.HOG0002903	1		expansion	FALSE
Polistes_exclamans	N0.HOG0002922	1		expansion	FALSE
Polistes_exclamans	N0.HOG0002928	1		expansion	FALSE
Polistes_exclamans	N0.HOG0002954	1		expansion	FALSE
Polistes_exclamans	N0.HOG0003007	1		expansion	FALSE
Polistes_exclamans	N0.HOG0003043	1		expansion	FALSE
Polistes_exclamans	N0.HOG0003073	1		expansion	FALSE
Polistes_exclamans	N0.HOG0003118	1		expansion	FALSE
Polistes_exclamans	N0.HOG0003156	1		expansion	FALSE
Polistes_exclamans	N0.HOG0003246	1		expansion	FALSE
Polistes_exclamans	N0.HOG0003287	1		expansion	FALSE
Polistes_exclamans	N0.HOG0003288	1		expansion	FALSE
Polistes_exclamans	N0.HOG0003289	1		expansion	FALSE
Polistes_exclamans	N0.HOG0003320	1		expansion	FALSE
Polistes_exclamans	N0.HOG0003341	1		expansion	FALSE
Polistes_exclamans	N0.HOG0003369	1		expansion	FALSE
Polistes_exclamans	N0.HOG0003415	1		expansion	FALSE
Polistes_exclamans	N0.HOG0003501	1		expansion	FALSE
Polistes_exclamans	N0.HOG0003511	1		expansion	FALSE
Polistes_exclamans	N0.HOG0003517	1		expansion	FALSE
Polistes_exclamans	N0.HOG0003597	1		expansion	FALSE
Polistes_exclamans	N0.HOG0003615	1		expansion	FALSE
Polistes_exclamans	N0.HOG0003628	1		expansion	FALSE
Polistes_exclamans	N0.HOG0003656	1		expansion	FALSE
Polistes_exclamans	N0.HOG0003684	1		expansion	FALSE
Polistes_exclamans	N0.HOG0003699	1		expansion	FALSE
Polistes_exclamans	N0.HOG0003700	1		expansion	FALSE
Polistes_exclamans	N0.HOG0003701	1		expansion	FALSE
Polistes_exclamans	N0.HOG0003710	1		expansion	FALSE
Polistes_exclamans	N0.HOG0003844	1		expansion	FALSE
Polistes_exclamans	N0.HOG0003852	1		expansion	FALSE
Polistes_exclamans	N0.HOG0003868	1		expansion	FALSE
Polistes_exclamans	N0.HOG0003930	1		expansion	FALSE
Polistes_exclamans	N0.HOG0003960	1		expansion	FALSE
Polistes_exclamans	N0.HOG0003983	1		expansion	FALSE
Polistes_exclamans	N0.HOG0003988	1		expansion	FALSE
Polistes_exclamans	N0.HOG0004004	1		expansion	FALSE
Polistes_exclamans	N0.HOG0004015	1		expansion	FALSE
Polistes_exclamans	N0.HOG0004019	1		expansion	FALSE
Polistes_exclamans	N0.HOG0004036	1		expansion	FALSE
Polistes_exclamans	N0.HOG0004067	1		expansion	FALSE
Polistes_exclamans	N0.HOG0004085	1		expansion	FALSE
Polistes_exclamans	N0.HOG0004213	1		expansion	FALSE
Polistes_exclamans	N0.HOG0004303	1		expansion	FALSE
Polistes_exclamans	N0.HOG0004357	1		expansion	FALSE
Polistes_exclamans	N0.HOG0004377	1		expansion	FALSE
Polistes_exclamans	N0.HOG0004388	1		expansion	FALSE
Polistes_exclamans	N0.HOG0004438	1		expansion	FALSE
Polistes_exclamans	N0.HOG0004442	1		expansion	FALSE
Polistes_exclamans	N0.HOG0004471	1		expansion	FALSE
Polistes_exclamans	N0.HOG0004481	1		expansion	FALSE
Polistes_exclamans	N0.HOG0004508	1		expansion	FALSE
Polistes_exclamans	N0.HOG0004516	1		expansion	FALSE
Polistes_exclamans	N0.HOG0004521	1		expansion	FALSE
Polistes_exclamans	N0.HOG0004560	1		expansion	FALSE
Polistes_exclamans	N0.HOG0004570	1		expansion	FALSE
Polistes_exclamans	N0.HOG0004599	1		expansion	FALSE
Polistes_exclamans	N0.HOG0004671	1		expansion	FALSE
Polistes_exclamans	N0.HOG0004672	1		expansion	FALSE
Polistes_exclamans	N0.HOG0004727	1		expansion	FALSE
Polistes_exclamans	N0.HOG0004778	1		expansion	FALSE
Polistes_exclamans	N0.HOG0004800	1		expansion	FALSE
Polistes_exclamans	N0.HOG0004941	1		expansion	FALSE
Polistes_exclamans	N0.HOG0004964	1		expansion	FALSE
Polistes_exclamans	N0.HOG0005041	1		expansion	FALSE
Polistes_exclamans	N0.HOG0005076	1		expansion	FALSE
Polistes_exclamans	N0.HOG0005243	1		expansion	FALSE
Polistes_exclamans	N0.HOG0005681	1		expansion	FALSE
Polistes_exclamans	N0.HOG0005705	1		expansion	FALSE
Polistes_exclamans	N0.HOG0005708	1		expansion	FALSE
Polistes_exclamans	N0.HOG0005980	1		expansion	FALSE
Polistes_exclamans	N0.HOG0006068	1		expansion	FALSE
Polistes_exclamans	N0.HOG0006106	1		expansion	FALSE
Polistes_exclamans	N0.HOG0006330	1		expansion	FALSE
Polistes_exclamans	N0.HOG0006710	1		expansion	FALSE
Polistes_exclamans	N0.HOG0006780	1		expansion	FALSE
Polistes_exclamans	N0.HOG0006845	1		expansion	FALSE
Polistes_exclamans	N0.HOG0006913	1		expansion	FALSE
Polistes_exclamans	N0.HOG0007042	1		expansion	FALSE
Polistes_exclamans	N0.HOG0007109	1		expansion	FALSE
Polistes_exclamans	N0.HOG0007222	1		expansion	FALSE
Polistes_exclamans	N0.HOG0007275	1		expansion	FALSE
Polistes_exclamans	N0.HOG0007440	1		expansion	FALSE
Polistes_exclamans	N0.HOG0007641	1		expansion	FALSE
Polistes_exclamans	N0.HOG0007684	1		expansion	FALSE
Polistes_exclamans	N0.HOG0007751	1		expansion	FALSE
Polistes_exclamans	N0.HOG0007792	1		expansion	FALSE
Polistes_exclamans	N0.HOG0007862	1		expansion	FALSE
Polistes_exclamans	N0.HOG0007993	1		expansion	FALSE
Polistes_exclamans	N0.HOG0008003	1		expansion	FALSE
Polistes_exclamans	N0.HOG0008290	1		expansion	FALSE
Polistes_exclamans	N0.HOG0008440	1		expansion	FALSE
Polistes_exclamans	N0.HOG0008524	1		expansion	FALSE
Polistes_exclamans	N0.HOG0008661	1		expansion	FALSE
Polistes_exclamans	N0.HOG0008803	1		expansion	FALSE
Polistes_exclamans	N0.HOG0009479	1		expansion	FALSE
Polistes_exclamans	N0.HOG0009627	1		expansion	FALSE
Polistes_exclamans	N0.HOG0009734	1		expansion	FALSE
Polistes_exclamans	N0.HOG0000070	-1		contraction	FALSE
Polistes_exclamans	N0.HOG0000085	-1		contraction	FALSE
Polistes_exclamans	N0.HOG0000132	-1		contraction	FALSE
Polistes_exclamans	N0.HOG0000156	-1		contraction	FALSE
Polistes_exclamans	N0.HOG0000173	-1		contraction	FALSE
Polistes_exclamans	N0.HOG0000206	-1		contraction	FALSE
Polistes_exclamans	N0.HOG0000221	-1		contraction	FALSE
Polistes_exclamans	N0.HOG0000270	-1		contraction	FALSE
Polistes_exclamans	N0.HOG0000287	-1		contraction	FALSE
Polistes_exclamans	N0.HOG0000302	-1		contraction	FALSE
Polistes_exclamans	N0.HOG0000342	-1		contraction	FALSE
Polistes_exclamans	N0.HOG0000391	-1		contraction	FALSE
Polistes_exclamans	N0.HOG0000408	-1		contraction	FALSE
Polistes_exclamans	N0.HOG0000431	-1		contraction	FALSE
Polistes_exclamans	N0.HOG0000440	-1		contraction	FALSE
Polistes_exclamans	N0.HOG0000461	-1		contraction	FALSE
Polistes_exclamans	N0.HOG0000462	-1		contraction	FALSE
Polistes_exclamans	N0.HOG0000467	-1		contraction	FALSE
Polistes_exclamans	N0.HOG0000475	-1		contraction	FALSE
Polistes_exclamans	N0.HOG0000490	-1		contraction	FALSE
Polistes_exclamans	N0.HOG0000498	-1		contraction	FALSE
Polistes_exclamans	N0.HOG0000508	-1		contraction	FALSE
Polistes_exclamans	N0.HOG0000521	-1		contraction	FALSE
Polistes_exclamans	N0.HOG0000523	-1		contraction	FALSE
Polistes_exclamans	N0.HOG0000524	-1		contraction	FALSE
Polistes_exclamans	N0.HOG0000526	-1		contraction	FALSE
Polistes_exclamans	N0.HOG0000530	-1		contraction	FALSE
Polistes_exclamans	N0.HOG0000538	-1		contraction	FALSE
Polistes_exclamans	N0.HOG0000546	-1		contraction	FALSE
Polistes_exclamans	N0.HOG0000558	-1		contraction	FALSE
Polistes_exclamans	N0.HOG0000565	-1		contraction	FALSE
Polistes_exclamans	N0.HOG0000568	-1		contraction	FALSE
Polistes_exclamans	N0.HOG0000585	-1		contraction	FALSE
Polistes_exclamans	N0.HOG0000600	-1		contraction	FALSE
Polistes_exclamans	N0.HOG0000609	-1		contraction	FALSE
Polistes_exclamans	N0.HOG0000637	-1		contraction	FALSE
Polistes_exclamans	N0.HOG0000689	-1		contraction	FALSE
Polistes_exclamans	N0.HOG0000700	-1		contraction	FALSE
Polistes_exclamans	N0.HOG0000729	-1		contraction	FALSE
Polistes_exclamans	N0.HOG0000749	-1		contraction	FALSE
Polistes_exclamans	N0.HOG0000864	-1		contraction	FALSE
Polistes_exclamans	N0.HOG0000877	-1		contraction	FALSE
Polistes_exclamans	N0.HOG0000953	-1		contraction	FALSE
Polistes_exclamans	N0.HOG0000986	-1		contraction	FALSE
Polistes_exclamans	N0.HOG0001019	-1		contraction	FALSE
Polistes_exclamans	N0.HOG0001022	-1		contraction	FALSE
Polistes_exclamans	N0.HOG0001052	-1		contraction	FALSE
Polistes_exclamans	N0.HOG0001072	-1		contraction	FALSE
Polistes_exclamans	N0.HOG0001085	-1		contraction	FALSE
Polistes_exclamans	N0.HOG0001197	-1		contraction	FALSE
Polistes_exclamans	N0.HOG0001198	-1		contraction	FALSE
Polistes_exclamans	N0.HOG0001210	-1		contraction	FALSE
Polistes_exclamans	N0.HOG0001215	-1		contraction	FALSE
Polistes_exclamans	N0.HOG0001223	-1		contraction	FALSE
Polistes_exclamans	N0.HOG0001224	-1		contraction	FALSE
Polistes_exclamans	N0.HOG0001244	-1		contraction	FALSE
Polistes_exclamans	N0.HOG0001268	-1		contraction	FALSE
Polistes_exclamans	N0.HOG0001323	-1		contraction	FALSE
Polistes_exclamans	N0.HOG0001387	-1		contraction	FALSE
Polistes_exclamans	N0.HOG0001469	-1		contraction	FALSE
Polistes_exclamans	N0.HOG0001485	-1		contraction	FALSE
Polistes_exclamans	N0.HOG0001501	-1		contraction	FALSE
Polistes_exclamans	N0.HOG0001543	-1		contraction	FALSE
Polistes_exclamans	N0.HOG0001788	-1		contraction	FALSE
Polistes_exclamans	N0.HOG0001802	-1		contraction	FALSE
Polistes_exclamans	N0.HOG0001822	-1		contraction	FALSE
Polistes_exclamans	N0.HOG0001900	-1		contraction	FALSE
Polistes_exclamans	N0.HOG0001956	-1		contraction	FALSE
Polistes_exclamans	N0.HOG0002027	-1		contraction	FALSE
Polistes_exclamans	N0.HOG0002038	-1		contraction	FALSE
Polistes_exclamans	N0.HOG0002053	-1		contraction	FALSE
Polistes_exclamans	N0.HOG0002097	-1		contraction	FALSE
Polistes_exclamans	N0.HOG0002167	-1		contraction	FALSE
Polistes_exclamans	N0.HOG0002209	-1		contraction	FALSE
Polistes_exclamans	N0.HOG0002279	-1		contraction	FALSE
Polistes_exclamans	N0.HOG0002389	-1		contraction	FALSE
Polistes_exclamans	N0.HOG0002405	-1		contraction	FALSE
Polistes_exclamans	N0.HOG0002411	-1		contraction	FALSE
Polistes_exclamans	N0.HOG0002413	-1		contraction	FALSE
Polistes_exclamans	N0.HOG0002418	-1		contraction	FALSE
Polistes_exclamans	N0.HOG0002468	-1		contraction	FALSE
Polistes_exclamans	N0.HOG0002471	-1		contraction	FALSE
Polistes_exclamans	N0.HOG0002550	-1		contraction	FALSE
Polistes_exclamans	N0.HOG0002587	-1		contraction	FALSE
Polistes_exclamans	N0.HOG0002591	-1		contraction	FALSE
Polistes_exclamans	N0.HOG0002655	-1		contraction	FALSE
Polistes_exclamans	N0.HOG0002691	-1		contraction	FALSE
Polistes_exclamans	N0.HOG0002784	-1		contraction	FALSE
Polistes_exclamans	N0.HOG0002839	-1		contraction	FALSE
Polistes_exclamans	N0.HOG0002875	-1		contraction	FALSE
Polistes_exclamans	N0.HOG0002881	-1		contraction	FALSE
Polistes_exclamans	N0.HOG0002886	-1		contraction	FALSE
Polistes_exclamans	N0.HOG0002904	-1		contraction	FALSE
Polistes_exclamans	N0.HOG0002986	-1		contraction	FALSE
Polistes_exclamans	N0.HOG0003008	-1		contraction	FALSE
Polistes_exclamans	N0.HOG0003028	-1		contraction	FALSE
Polistes_exclamans	N0.HOG0003120	-1		contraction	FALSE
Polistes_exclamans	N0.HOG0003127	-1		contraction	FALSE
Polistes_exclamans	N0.HOG0003158	-1		contraction	FALSE
Polistes_exclamans	N0.HOG0003193	-1		contraction	FALSE
Polistes_exclamans	N0.HOG0003196	-1		contraction	FALSE
Polistes_exclamans	N0.HOG0003250	-1		contraction	FALSE
Polistes_exclamans	N0.HOG0003283	-1		contraction	FALSE
Polistes_exclamans	N0.HOG0003372	-1		contraction	FALSE
Polistes_exclamans	N0.HOG0003456	-1		contraction	FALSE
Polistes_exclamans	N0.HOG0003510	-1		contraction	FALSE
Polistes_exclamans	N0.HOG0003554	-1		contraction	FALSE
Polistes_exclamans	N0.HOG0003670	-1		contraction	FALSE
Polistes_exclamans	N0.HOG0003714	-1		contraction	FALSE
Polistes_exclamans	N0.HOG0003756	-1		contraction	FALSE
Polistes_exclamans	N0.HOG0003773	-1		contraction	FALSE
Polistes_exclamans	N0.HOG0003783	-1		contraction	FALSE
Polistes_exclamans	N0.HOG0003786	-1		contraction	FALSE
Polistes_exclamans	N0.HOG0003871	-1		contraction	FALSE
Polistes_exclamans	N0.HOG0003874	-1		contraction	FALSE
Polistes_exclamans	N0.HOG0004027	-1		contraction	FALSE
Polistes_exclamans	N0.HOG0004082	-1		contraction	FALSE
Polistes_exclamans	N0.HOG0004148	-1		contraction	FALSE
Polistes_exclamans	N0.HOG0004267	-1		contraction	FALSE
Polistes_exclamans	N0.HOG0004277	-1		contraction	FALSE
Polistes_exclamans	N0.HOG0004292	-1		contraction	FALSE
Polistes_exclamans	N0.HOG0004318	-1		contraction	FALSE
Polistes_exclamans	N0.HOG0004383	-1		contraction	FALSE
Polistes_exclamans	N0.HOG0004386	-1		contraction	FALSE
Polistes_exclamans	N0.HOG0004459	-1		contraction	FALSE
Polistes_exclamans	N0.HOG0004537	-1		contraction	FALSE
Polistes_exclamans	N0.HOG0004559	-1		contraction	FALSE
Polistes_exclamans	N0.HOG0004596	-1		contraction	FALSE
Polistes_exclamans	N0.HOG0004642	-1		contraction	FALSE
Polistes_exclamans	N0.HOG0004643	-1		contraction	FALSE
Polistes_exclamans	N0.HOG0004704	-1		contraction	FALSE
Polistes_exclamans	N0.HOG0004705	-1		contraction	FALSE
Polistes_exclamans	N0.HOG0004743	-1		contraction	FALSE
Polistes_exclamans	N0.HOG0004768	-1		contraction	FALSE
Polistes_exclamans	N0.HOG0004891	-1		contraction	FALSE
Polistes_exclamans	N0.HOG0004943	-1		contraction	FALSE
Polistes_exclamans	N0.HOG0004966	-1		contraction	FALSE
Polistes_exclamans	N0.HOG0004997	-1		contraction	FALSE
Polistes_exclamans	N0.HOG0005018	-1		contraction	FALSE
Polistes_exclamans	N0.HOG0005031	-1		contraction	FALSE
Polistes_exclamans	N0.HOG0005038	-1		contraction	FALSE
Polistes_exclamans	N0.HOG0005172	-1		contraction	FALSE
Polistes_exclamans	N0.HOG0005175	-1		contraction	FALSE
Polistes_exclamans	N0.HOG0005203	-1		contraction	FALSE
Polistes_exclamans	N0.HOG0005278	-1		contraction	FALSE
Polistes_exclamans	N0.HOG0005342	-1		contraction	FALSE
Polistes_exclamans	N0.HOG0005381	-1		contraction	FALSE
Polistes_exclamans	N0.HOG0005429	-1		contraction	FALSE
Polistes_exclamans	N0.HOG0005569	-1		contraction	FALSE
Polistes_exclamans	N0.HOG0005642	-1		contraction	FALSE
Polistes_exclamans	N0.HOG0005657	-1		contraction	FALSE
Polistes_exclamans	N0.HOG0005667	-1		contraction	FALSE
Polistes_exclamans	N0.HOG0005689	-1		contraction	FALSE
Polistes_exclamans	N0.HOG0005828	-1		contraction	FALSE
Polistes_exclamans	N0.HOG0005846	-1		contraction	FALSE
Polistes_exclamans	N0.HOG0005851	-1		contraction	FALSE
Polistes_exclamans	N0.HOG0005860	-1		contraction	FALSE
Polistes_exclamans	N0.HOG0005865	-1		contraction	FALSE
Polistes_exclamans	N0.HOG0005935	-1		contraction	FALSE
Polistes_exclamans	N0.HOG0005936	-1		contraction	FALSE
Polistes_exclamans	N0.HOG0005945	-1		contraction	FALSE
Polistes_exclamans	N0.HOG0006001	-1		contraction	FALSE
Polistes_exclamans	N0.HOG0006047	-1		contraction	FALSE
Polistes_exclamans	N0.HOG0006070	-1		contraction	FALSE
Polistes_exclamans	N0.HOG0006108	-1		contraction	FALSE
Polistes_exclamans	N0.HOG0006117	-1		contraction	FALSE
Polistes_exclamans	N0.HOG0006121	-1		contraction	FALSE
Polistes_exclamans	N0.HOG0006127	-1		contraction	FALSE
Polistes_exclamans	N0.HOG0006156	-1		contraction	FALSE
Polistes_exclamans	N0.HOG0006164	-1		contraction	FALSE
Polistes_exclamans	N0.HOG0006197	-1		contraction	FALSE
Polistes_exclamans	N0.HOG0006211	-1		contraction	FALSE
Polistes_exclamans	N0.HOG0006221	-1		contraction	FALSE
Polistes_exclamans	N0.HOG0006273	-1		contraction	FALSE
Polistes_exclamans	N0.HOG0006289	-1		contraction	FALSE
Polistes_exclamans	N0.HOG0006303	-1		contraction	FALSE
Polistes_exclamans	N0.HOG0006345	-1		contraction	FALSE
Polistes_exclamans	N0.HOG0006366	-1		contraction	FALSE
Polistes_exclamans	N0.HOG0006389	-1		contraction	FALSE
Polistes_exclamans	N0.HOG0006399	-1		contraction	FALSE
Polistes_exclamans	N0.HOG0006459	-1		contraction	FALSE
Polistes_exclamans	N0.HOG0006470	-1		contraction	FALSE
Polistes_exclamans	N0.HOG0006490	-1		contraction	FALSE
Polistes_exclamans	N0.HOG0006493	-1		contraction	FALSE
Polistes_exclamans	N0.HOG0006594	-1		contraction	FALSE
Polistes_exclamans	N0.HOG0006627	-1		contraction	FALSE
Polistes_exclamans	N0.HOG0006642	-1		contraction	FALSE
Polistes_exclamans	N0.HOG0006657	-1		contraction	FALSE
Polistes_exclamans	N0.HOG0006659	-1		contraction	FALSE
Polistes_exclamans	N0.HOG0006724	-1		contraction	FALSE
Polistes_exclamans	N0.HOG0006750	-1		contraction	FALSE
Polistes_exclamans	N0.HOG0006761	-1		contraction	FALSE
Polistes_exclamans	N0.HOG0006776	-1		contraction	FALSE
Polistes_exclamans	N0.HOG0006782	-1		contraction	FALSE
Polistes_exclamans	N0.HOG0006810	-1		contraction	FALSE
Polistes_exclamans	N0.HOG0006816	-1		contraction	FALSE
Polistes_exclamans	N0.HOG0006842	-1		contraction	FALSE
Polistes_exclamans	N0.HOG0006895	-1		contraction	FALSE
Polistes_exclamans	N0.HOG0006907	-1		contraction	FALSE
Polistes_exclamans	N0.HOG0006912	-1		contraction	FALSE
Polistes_exclamans	N0.HOG0006957	-1		contraction	FALSE
Polistes_exclamans	N0.HOG0006982	-1		contraction	FALSE
Polistes_exclamans	N0.HOG0006983	-1		contraction	FALSE
Polistes_exclamans	N0.HOG0007010	-1		contraction	FALSE
Polistes_exclamans	N0.HOG0007017	-1		contraction	FALSE
Polistes_exclamans	N0.HOG0007047	-1		contraction	FALSE
Polistes_exclamans	N0.HOG0007051	-1		contraction	FALSE
Polistes_exclamans	N0.HOG0007063	-1		contraction	FALSE
Polistes_exclamans	N0.HOG0007074	-1		contraction	FALSE
Polistes_exclamans	N0.HOG0007079	-1		contraction	FALSE
Polistes_exclamans	N0.HOG0007188	-1		contraction	FALSE
Polistes_exclamans	N0.HOG0007226	-1		contraction	FALSE
Polistes_exclamans	N0.HOG0007249	-1		contraction	FALSE
Polistes_exclamans	N0.HOG0007287	-1		contraction	FALSE
Polistes_exclamans	N0.HOG0007323	-1		contraction	FALSE
Polistes_exclamans	N0.HOG0007329	-1		contraction	FALSE
Polistes_exclamans	N0.HOG0007331	-1		contraction	FALSE
Polistes_exclamans	N0.HOG0007377	-1		contraction	FALSE
Polistes_exclamans	N0.HOG0007434	-1		contraction	FALSE
Polistes_exclamans	N0.HOG0007457	-1		contraction	FALSE
Polistes_exclamans	N0.HOG0007507	-1		contraction	FALSE
Polistes_exclamans	N0.HOG0007511	-1		contraction	FALSE
Polistes_exclamans	N0.HOG0007514	-1		contraction	FALSE
Polistes_exclamans	N0.HOG0007524	-1		contraction	FALSE
Polistes_exclamans	N0.HOG0007554	-1		contraction	FALSE
Polistes_exclamans	N0.HOG0007563	-1		contraction	FALSE
Polistes_exclamans	N0.HOG0007565	-1		contraction	FALSE
Polistes_exclamans	N0.HOG0007566	-1		contraction	FALSE
Polistes_exclamans	N0.HOG0007578	-1		contraction	FALSE
Polistes_exclamans	N0.HOG0007620	-1		contraction	FALSE
Polistes_exclamans	N0.HOG0007623	-1		contraction	FALSE
Polistes_exclamans	N0.HOG0007627	-1		contraction	FALSE
Polistes_exclamans	N0.HOG0007632	-1		contraction	FALSE
Polistes_exclamans	N0.HOG0007673	-1		contraction	FALSE
Polistes_exclamans	N0.HOG0007678	-1		contraction	FALSE
Polistes_exclamans	N0.HOG0007703	-1		contraction	FALSE
Polistes_exclamans	N0.HOG0007705	-1		contraction	FALSE
Polistes_exclamans	N0.HOG0007714	-1		contraction	FALSE
Polistes_exclamans	N0.HOG0007738	-1		contraction	FALSE
Polistes_exclamans	N0.HOG0007739	-1		contraction	FALSE
Polistes_exclamans	N0.HOG0007742	-1		contraction	FALSE
Polistes_exclamans	N0.HOG0007769	-1		contraction	FALSE
Polistes_exclamans	N0.HOG0007770	-1		contraction	FALSE
Polistes_exclamans	N0.HOG0007785	-1		contraction	FALSE
Polistes_exclamans	N0.HOG0007787	-1		contraction	FALSE
Polistes_exclamans	N0.HOG0007789	-1		contraction	FALSE
Polistes_exclamans	N0.HOG0007806	-1		contraction	FALSE
Polistes_exclamans	N0.HOG0007818	-1		contraction	FALSE
Polistes_exclamans	N0.HOG0007819	-1		contraction	FALSE
Polistes_exclamans	N0.HOG0007822	-1		contraction	FALSE
Polistes_exclamans	N0.HOG0007829	-1		contraction	FALSE
Polistes_exclamans	N0.HOG0007830	-1		contraction	FALSE
Polistes_exclamans	N0.HOG0007839	-1		contraction	FALSE
Polistes_exclamans	N0.HOG0007840	-1		contraction	FALSE
Polistes_exclamans	N0.HOG0007842	-1		contraction	FALSE
Polistes_exclamans	N0.HOG0007857	-1		contraction	FALSE
Polistes_exclamans	N0.HOG0007868	-1		contraction	FALSE
Polistes_exclamans	N0.HOG0007899	-1		contraction	FALSE
Polistes_exclamans	N0.HOG0007917	-1		contraction	FALSE
Polistes_exclamans	N0.HOG0007929	-1		contraction	FALSE
Polistes_exclamans	N0.HOG0007956	-1		contraction	FALSE
Polistes_exclamans	N0.HOG0007969	-1		contraction	FALSE
Polistes_exclamans	N0.HOG0007970	-1		contraction	FALSE
Polistes_exclamans	N0.HOG0007975	-1		contraction	FALSE
Polistes_exclamans	N0.HOG0007987	-1		contraction	FALSE
Polistes_exclamans	N0.HOG0007990	-1		contraction	FALSE
Polistes_exclamans	N0.HOG0007992	-1		contraction	FALSE
Polistes_exclamans	N0.HOG0008001	-1		contraction	FALSE
Polistes_exclamans	N0.HOG0008006	-1		contraction	FALSE
Polistes_exclamans	N0.HOG0008015	-1		contraction	FALSE
Polistes_exclamans	N0.HOG0008018	-1		contraction	FALSE
Polistes_exclamans	N0.HOG0008027	-1		contraction	FALSE
Polistes_exclamans	N0.HOG0008066	-1		contraction	FALSE
Polistes_exclamans	N0.HOG0008079	-1		contraction	FALSE
Polistes_exclamans	N0.HOG0008107	-1		contraction	FALSE
Polistes_exclamans	N0.HOG0008126	-1		contraction	FALSE
Polistes_exclamans	N0.HOG0008166	-1		contraction	FALSE
Polistes_exclamans	N0.HOG0008172	-1		contraction	FALSE
Polistes_exclamans	N0.HOG0008178	-1		contraction	FALSE
Polistes_exclamans	N0.HOG0008189	-1		contraction	FALSE
Polistes_exclamans	N0.HOG0008195	-1		contraction	FALSE
Polistes_exclamans	N0.HOG0008200	-1		contraction	FALSE
Polistes_exclamans	N0.HOG0008206	-1		contraction	FALSE
Polistes_exclamans	N0.HOG0008210	-1		contraction	FALSE
Polistes_exclamans	N0.HOG0008221	-1		contraction	FALSE
Polistes_exclamans	N0.HOG0008245	-1		contraction	FALSE
Polistes_exclamans	N0.HOG0008289	-1		contraction	FALSE
Polistes_exclamans	N0.HOG0008317	-1		contraction	FALSE
Polistes_exclamans	N0.HOG0008323	-1		contraction	FALSE
Polistes_exclamans	N0.HOG0008354	-1		contraction	FALSE
Polistes_exclamans	N0.HOG0008355	-1		contraction	FALSE
Polistes_exclamans	N0.HOG0008367	-1		contraction	FALSE
Polistes_exclamans	N0.HOG0008372	-1		contraction	FALSE
Polistes_exclamans	N0.HOG0008399	-1		contraction	FALSE
Polistes_exclamans	N0.HOG0008420	-1		contraction	FALSE
Polistes_exclamans	N0.HOG0008421	-1		contraction	FALSE
Polistes_exclamans	N0.HOG0008431	-1		contraction	FALSE
Polistes_exclamans	N0.HOG0008434	-1		contraction	FALSE
Polistes_exclamans	N0.HOG0008445	-1		contraction	FALSE
Polistes_exclamans	N0.HOG0008452	-1		contraction	FALSE
Polistes_exclamans	N0.HOG0008460	-1		contraction	FALSE
Polistes_exclamans	N0.HOG0008471	-1		contraction	FALSE
Polistes_exclamans	N0.HOG0008510	-1		contraction	FALSE
Polistes_exclamans	N0.HOG0008526	-1		contraction	FALSE
Polistes_exclamans	N0.HOG0008538	-1		contraction	FALSE
Polistes_exclamans	N0.HOG0008544	-1		contraction	FALSE
Polistes_exclamans	N0.HOG0008563	-1		contraction	FALSE
Polistes_exclamans	N0.HOG0008566	-1		contraction	FALSE
Polistes_exclamans	N0.HOG0008584	-1		contraction	FALSE
Polistes_exclamans	N0.HOG0008595	-1		contraction	FALSE
Polistes_exclamans	N0.HOG0008607	-1		contraction	FALSE
Polistes_exclamans	N0.HOG0008608	-1		contraction	FALSE
Polistes_exclamans	N0.HOG0008637	-1		contraction	FALSE
Polistes_exclamans	N0.HOG0008653	-1		contraction	FALSE
Polistes_exclamans	N0.HOG0008658	-1		contraction	FALSE
Polistes_exclamans	N0.HOG0008705	-1		contraction	FALSE
Polistes_exclamans	N0.HOG0008708	-1		contraction	FALSE
Polistes_exclamans	N0.HOG0008849	-1		contraction	FALSE
Polistes_exclamans	N0.HOG0008868	-1		contraction	FALSE
Polistes_exclamans	N0.HOG0008877	-1		contraction	FALSE
Polistes_exclamans	N0.HOG0008888	-1		contraction	FALSE
Polistes_exclamans	N0.HOG0009051	-1		contraction	FALSE
Polistes_exclamans	N0.HOG0009189	-1		contraction	FALSE
Polistes_exclamans	N0.HOG0009231	-1		contraction	FALSE
Polistes_exclamans	N0.HOG0009266	-1		contraction	FALSE
Polistes_exclamans	N0.HOG0009384	-1		contraction	FALSE
Polistes_exclamans	N0.HOG0009398	-1		contraction	FALSE
Polistes_exclamans	N0.HOG0009498	-1		contraction	FALSE
Polistes_exclamans	N0.HOG0009755	-1		contraction	FALSE
Polistes_exclamans	N0.HOG0009862	-1		contraction	FALSE
Polistes_exclamans	N0.HOG0009904	-1		contraction	FALSE
Polistes_exclamans	N0.HOG0000138	-2		contraction	FALSE
Polistes_exclamans	N0.HOG0000561	-2		contraction	FALSE
Polistes_exclamans	N0.HOG0000563	-2		contraction	FALSE
Polistes_exclamans	N0.HOG0000566	-2		contraction	FALSE
Polistes_exclamans	N0.HOG0000570	-2		contraction	FALSE
Polistes_exclamans	N0.HOG0001164	-2		contraction	FALSE
Polistes_exclamans	N0.HOG0009295	12	7.02365e-24	expansion	TRUE
Polistes_exclamans	N0.HOG0000159	11	5.63539e-22	expansion	TRUE
Polistes_exclamans	N0.HOG0000373	11	1.91477e-19	expansion	TRUE
Polistes_exclamans	N0.HOG0000048	6	1.28381e-11	expansion	TRUE
Polistes_exclamans	N0.HOG0000228	7	2.03303e-11	expansion	TRUE
Polistes_exclamans	N0.HOG0002060	5	1.50347e-10	expansion	TRUE
Polistes_exclamans	N0.HOG0000036	6	6.61939e-10	expansion	TRUE
Polistes_exclamans	N0.HOG0000061	6	6.61939e-10	expansion	TRUE
Polistes_exclamans	N0.HOG0000098	6	2.86929e-09	expansion	TRUE
Polistes_exclamans	N0.HOG0000967	4	1.2063e-08	expansion	TRUE
Polistes_exclamans	N0.HOG0000651	3	9.67871e-07	expansion	TRUE
Polistes_exclamans	N0.HOG0000774	3	9.67871e-07	expansion	TRUE
Polistes_exclamans	N0.HOG0000941	3	9.67871e-07	expansion	TRUE
Polistes_exclamans	N0.HOG0000945	3	9.67871e-07	expansion	TRUE
Polistes_exclamans	N0.HOG0000948	3	9.67871e-07	expansion	TRUE
Polistes_exclamans	N0.HOG0001009	3	9.67871e-07	expansion	TRUE
Polistes_exclamans	N0.HOG0001010	3	9.67871e-07	expansion	TRUE
Polistes_exclamans	N0.HOG0001043	3	9.67871e-07	expansion	TRUE
Polistes_exclamans	N0.HOG0001061	3	9.67871e-07	expansion	TRUE
Polistes_exclamans	N0.HOG0001193	3	9.67871e-07	expansion	TRUE
Polistes_exclamans	N0.HOG0001297	3	9.67871e-07	expansion	TRUE
Polistes_exclamans	N0.HOG0001521	3	9.67871e-07	expansion	TRUE
Polistes_exclamans	N0.HOG0001630	3	9.67871e-07	expansion	TRUE
Polistes_exclamans	N0.HOG0001674	3	9.67871e-07	expansion	TRUE
Polistes_exclamans	N0.HOG0001761	3	9.67871e-07	expansion	TRUE
Polistes_exclamans	N0.HOG0001857	3	9.67871e-07	expansion	TRUE
Polistes_exclamans	N0.HOG0001957	3	9.67871e-07	expansion	TRUE
Polistes_exclamans	N0.HOG0002208	3	9.67871e-07	expansion	TRUE
Polistes_exclamans	N0.HOG0002212	3	9.67871e-07	expansion	TRUE
Polistes_exclamans	N0.HOG0002291	3	9.67871e-07	expansion	TRUE
Polistes_exclamans	N0.HOG0002540	3	9.67871e-07	expansion	TRUE
Polistes_exclamans	N0.HOG0003560	3	9.67871e-07	expansion	TRUE
Polistes_exclamans	N0.HOG0004600	3	9.67871e-07	expansion	TRUE
Polistes_exclamans	N0.HOG0009331	3	9.67871e-07	expansion	TRUE
Polistes_exclamans	N0.HOG0010619	3	9.67871e-07	expansion	TRUE
Polistes_exclamans	N0.HOG0000046	4	1.72182e-06	expansion	TRUE
Polistes_exclamans	N0.HOG0000770	4	3.03765e-06	expansion	TRUE
Polistes_exclamans	N0.HOG0000089	3	3.79941e-06	expansion	TRUE
Polistes_exclamans	N0.HOG0000251	3	3.79941e-06	expansion	TRUE
Polistes_exclamans	N0.HOG0000301	3	3.79941e-06	expansion	TRUE
Polistes_exclamans	N0.HOG0001133	3	3.79941e-06	expansion	TRUE
Polistes_exclamans	N0.HOG0000040	4	5.00806e-06	expansion	TRUE
Polistes_exclamans	N0.HOG0000182	3	1.12584e-05	expansion	TRUE
Polistes_exclamans	N0.HOG0000283	3	1.12584e-05	expansion	TRUE
Polistes_exclamans	N0.HOG0000619	2	7.76568e-05	expansion	TRUE
Polistes_exclamans	N0.HOG0000660	2	7.76568e-05	expansion	TRUE
Polistes_exclamans	N0.HOG0000694	2	7.76568e-05	expansion	TRUE
Polistes_exclamans	N0.HOG0000809	2	7.76568e-05	expansion	TRUE
Polistes_exclamans	N0.HOG0000813	2	7.76568e-05	expansion	TRUE
Polistes_exclamans	N0.HOG0000826	2	7.76568e-05	expansion	TRUE
Polistes_exclamans	N0.HOG0000850	2	7.76568e-05	expansion	TRUE
Polistes_exclamans	N0.HOG0000857	2	7.76568e-05	expansion	TRUE
Polistes_exclamans	N0.HOG0000889	2	7.76568e-05	expansion	TRUE
Polistes_exclamans	N0.HOG0000906	2	7.76568e-05	expansion	TRUE
Polistes_exclamans	N0.HOG0000909	2	7.76568e-05	expansion	TRUE
Polistes_exclamans	N0.HOG0000939	2	7.76568e-05	expansion	TRUE
Polistes_exclamans	N0.HOG0000964	2	7.76568e-05	expansion	TRUE
Polistes_exclamans	N0.HOG0000969	2	7.76568e-05	expansion	TRUE
Polistes_exclamans	N0.HOG0000981	2	7.76568e-05	expansion	TRUE
Polistes_exclamans	N0.HOG0000993	2	7.76568e-05	expansion	TRUE
Polistes_exclamans	N0.HOG0001002	2	7.76568e-05	expansion	TRUE
Polistes_exclamans	N0.HOG0001004	2	7.76568e-05	expansion	TRUE
Polistes_exclamans	N0.HOG0001025	2	7.76568e-05	expansion	TRUE
Polistes_exclamans	N0.HOG0001181	2	7.76568e-05	expansion	TRUE
Polistes_exclamans	N0.HOG0001267	2	7.76568e-05	expansion	TRUE
Polistes_exclamans	N0.HOG0001274	2	7.76568e-05	expansion	TRUE
Polistes_exclamans	N0.HOG0001295	2	7.76568e-05	expansion	TRUE
Polistes_exclamans	N0.HOG0001310	2	7.76568e-05	expansion	TRUE
Polistes_exclamans	N0.HOG0001384	2	7.76568e-05	expansion	TRUE
Polistes_exclamans	N0.HOG0001390	2	7.76568e-05	expansion	TRUE
Polistes_exclamans	N0.HOG0001467	2	7.76568e-05	expansion	TRUE
Polistes_exclamans	N0.HOG0001476	2	7.76568e-05	expansion	TRUE
Polistes_exclamans	N0.HOG0001539	2	7.76568e-05	expansion	TRUE
Polistes_exclamans	N0.HOG0001721	2	7.76568e-05	expansion	TRUE
Polistes_exclamans	N0.HOG0001833	2	7.76568e-05	expansion	TRUE
Polistes_exclamans	N0.HOG0001937	2	7.76568e-05	expansion	TRUE
Polistes_exclamans	N0.HOG0002110	2	7.76568e-05	expansion	TRUE
Polistes_exclamans	N0.HOG0002729	2	7.76568e-05	expansion	TRUE
Polistes_exclamans	N0.HOG0005902	2	7.76568e-05	expansion	TRUE
Polistes_exclamans	N0.HOG0008383	2	7.76568e-05	expansion	TRUE
Polistes_exclamans	N0.HOG0009789	2	7.76568e-05	expansion	TRUE
Polistes_exclamans	N0.HOG0010566	2	7.76568e-05	expansion	TRUE
Polistes_exclamans	N0.HOG0010896	2	7.76568e-05	expansion	TRUE
Polistes_exclamans	N0.HOG0001230	-2	8.51512e-05	contraction	TRUE
Polistes_exclamans	N0.HOG0001250	-2	8.51512e-05	contraction	TRUE
Polistes_exclamans	N0.HOG0001284	-2	8.51512e-05	contraction	TRUE
Polistes_exclamans	N0.HOG0001447	-2	8.51512e-05	contraction	TRUE
Polistes_exclamans	N0.HOG0001831	-2	8.51512e-05	contraction	TRUE
Polistes_exclamans	N0.HOG0002557	-2	8.51512e-05	contraction	TRUE
Polistes_exclamans	N0.HOG0006059	-2	8.51512e-05	contraction	TRUE
Polistes_exclamans	N0.HOG0000068	-2	0.000247474	contraction	TRUE
Polistes_exclamans	N0.HOG0000224	-2	0.000247474	contraction	TRUE
Polistes_exclamans	N0.HOG0000470	-2	0.000247474	contraction	TRUE
Polistes_exclamans	N0.HOG0000260	2	0.000384449	expansion	TRUE
Polistes_exclamans	N0.HOG0000349	2	0.000384449	expansion	TRUE
Polistes_exclamans	N0.HOG0000574	2	0.000384449	expansion	TRUE
Polistes_exclamans	N0.HOG0000790	2	0.000384449	expansion	TRUE
Polistes_exclamans	N0.HOG0000894	2	0.000384449	expansion	TRUE
Polistes_exclamans	N0.HOG0000935	2	0.000384449	expansion	TRUE
Polistes_exclamans	N0.HOG0000938	2	0.000384449	expansion	TRUE
Polistes_exclamans	N0.HOG0000998	2	0.000384449	expansion	TRUE
Polistes_exclamans	N0.HOG0001532	2	0.000384449	expansion	TRUE
Polistes_exclamans	N0.HOG0000043	-2	0.000486656	contraction	TRUE
Polistes_exclamans	N0.HOG0000834	2	0.000907078	expansion	TRUE
Polistes_exclamans	N0.HOG0000113	2	0.0016329	expansion	TRUE
Polistes_exclamans	N0.HOG0000263	2	0.0016329	expansion	TRUE
Polistes_exclamans	N0.HOG0001203	2	0.0016329	expansion	TRUE
Polistes_exclamans	N0.HOG0000059	-2	0.00164347	contraction	TRUE
Polistes_exclamans	N0.HOG0000045	1	0.00623076	expansion	TRUE
Polistes_exclamans	N0.HOG0000187	1	0.00623076	expansion	TRUE
Polistes_exclamans	N0.HOG0000503	1	0.00623076	expansion	TRUE
Polistes_exclamans	N0.HOG0000590	1	0.00623076	expansion	TRUE
Polistes_exclamans	N0.HOG0000711	1	0.00623076	expansion	TRUE
Polistes_exclamans	N0.HOG0000722	1	0.00623076	expansion	TRUE
Polistes_exclamans	N0.HOG0000728	1	0.00623076	expansion	TRUE
Polistes_exclamans	N0.HOG0000735	1	0.00623076	expansion	TRUE
Polistes_exclamans	N0.HOG0000762	1	0.00623076	expansion	TRUE
Polistes_exclamans	N0.HOG0000772	1	0.00623076	expansion	TRUE
Polistes_exclamans	N0.HOG0000791	1	0.00623076	expansion	TRUE
Polistes_exclamans	N0.HOG0000796	1	0.00623076	expansion	TRUE
Polistes_exclamans	N0.HOG0000820	1	0.00623076	expansion	TRUE
Polistes_exclamans	N0.HOG0000842	1	0.00623076	expansion	TRUE
Polistes_exclamans	N0.HOG0000843	1	0.00623076	expansion	TRUE
Polistes_exclamans	N0.HOG0000846	1	0.00623076	expansion	TRUE
Polistes_exclamans	N0.HOG0000882	1	0.00623076	expansion	TRUE
Polistes_exclamans	N0.HOG0000886	1	0.00623076	expansion	TRUE
Polistes_exclamans	N0.HOG0000888	1	0.00623076	expansion	TRUE
Polistes_exclamans	N0.HOG0000900	1	0.00623076	expansion	TRUE
Polistes_exclamans	N0.HOG0000911	1	0.00623076	expansion	TRUE
Polistes_exclamans	N0.HOG0000914	1	0.00623076	expansion	TRUE
Polistes_exclamans	N0.HOG0000933	1	0.00623076	expansion	TRUE
Polistes_exclamans	N0.HOG0000944	1	0.00623076	expansion	TRUE
Polistes_exclamans	N0.HOG0000983	1	0.00623076	expansion	TRUE
Polistes_exclamans	N0.HOG0000996	1	0.00623076	expansion	TRUE
Polistes_exclamans	N0.HOG0001024	1	0.00623076	expansion	TRUE
Polistes_exclamans	N0.HOG0001026	1	0.00623076	expansion	TRUE
Polistes_exclamans	N0.HOG0001027	1	0.00623076	expansion	TRUE
Polistes_exclamans	N0.HOG0001039	1	0.00623076	expansion	TRUE
Polistes_exclamans	N0.HOG0001059	1	0.00623076	expansion	TRUE
Polistes_exclamans	N0.HOG0001078	1	0.00623076	expansion	TRUE
Polistes_exclamans	N0.HOG0001126	1	0.00623076	expansion	TRUE
Polistes_exclamans	N0.HOG0001136	1	0.00623076	expansion	TRUE
Polistes_exclamans	N0.HOG0001145	1	0.00623076	expansion	TRUE
Polistes_exclamans	N0.HOG0001147	1	0.00623076	expansion	TRUE
Polistes_exclamans	N0.HOG0001157	1	0.00623076	expansion	TRUE
Polistes_exclamans	N0.HOG0001168	1	0.00623076	expansion	TRUE
Polistes_exclamans	N0.HOG0001171	1	0.00623076	expansion	TRUE
Polistes_exclamans	N0.HOG0001173	1	0.00623076	expansion	TRUE
Polistes_exclamans	N0.HOG0001185	1	0.00623076	expansion	TRUE
Polistes_exclamans	N0.HOG0001187	1	0.00623076	expansion	TRUE
Polistes_exclamans	N0.HOG0001190	1	0.00623076	expansion	TRUE
Polistes_exclamans	N0.HOG0001194	1	0.00623076	expansion	TRUE
Polistes_exclamans	N0.HOG0001207	1	0.00623076	expansion	TRUE
Polistes_exclamans	N0.HOG0001221	1	0.00623076	expansion	TRUE
Polistes_exclamans	N0.HOG0001227	1	0.00623076	expansion	TRUE
Polistes_exclamans	N0.HOG0001233	1	0.00623076	expansion	TRUE
Polistes_exclamans	N0.HOG0001235	1	0.00623076	expansion	TRUE
Polistes_exclamans	N0.HOG0001238	1	0.00623076	expansion	TRUE
Polistes_exclamans	N0.HOG0001241	1	0.00623076	expansion	TRUE
Polistes_exclamans	N0.HOG0001243	1	0.00623076	expansion	TRUE
Polistes_exclamans	N0.HOG0001248	1	0.00623076	expansion	TRUE
Polistes_exclamans	N0.HOG0001259	1	0.00623076	expansion	TRUE
Polistes_exclamans	N0.HOG0001264	1	0.00623076	expansion	TRUE
Polistes_exclamans	N0.HOG0001278	1	0.00623076	expansion	TRUE
Polistes_exclamans	N0.HOG0001305	1	0.00623076	expansion	TRUE
Polistes_exclamans	N0.HOG0001314	1	0.00623076	expansion	TRUE
Polistes_exclamans	N0.HOG0001352	1	0.00623076	expansion	TRUE
Polistes_exclamans	N0.HOG0001353	1	0.00623076	expansion	TRUE
Polistes_exclamans	N0.HOG0001380	1	0.00623076	expansion	TRUE
Polistes_exclamans	N0.HOG0001410	1	0.00623076	expansion	TRUE
Polistes_exclamans	N0.HOG0001424	1	0.00623076	expansion	TRUE
Polistes_exclamans	N0.HOG0001445	1	0.00623076	expansion	TRUE
Polistes_exclamans	N0.HOG0001449	1	0.00623076	expansion	TRUE
Polistes_exclamans	N0.HOG0001460	1	0.00623076	expansion	TRUE
Polistes_exclamans	N0.HOG0001488	1	0.00623076	expansion	TRUE
Polistes_exclamans	N0.HOG0001502	1	0.00623076	expansion	TRUE
Polistes_exclamans	N0.HOG0001546	1	0.00623076	expansion	TRUE
Polistes_exclamans	N0.HOG0001547	1	0.00623076	expansion	TRUE
Polistes_exclamans	N0.HOG0001560	1	0.00623076	expansion	TRUE
Polistes_exclamans	N0.HOG0001578	1	0.00623076	expansion	TRUE
Polistes_exclamans	N0.HOG0001605	1	0.00623076	expansion	TRUE
Polistes_exclamans	N0.HOG0001622	1	0.00623076	expansion	TRUE
Polistes_exclamans	N0.HOG0001639	1	0.00623076	expansion	TRUE
Polistes_exclamans	N0.HOG0001693	1	0.00623076	expansion	TRUE
Polistes_exclamans	N0.HOG0001696	1	0.00623076	expansion	TRUE
Polistes_exclamans	N0.HOG0001725	1	0.00623076	expansion	TRUE
Polistes_exclamans	N0.HOG0001777	1	0.00623076	expansion	TRUE
Polistes_exclamans	N0.HOG0001811	1	0.00623076	expansion	TRUE
Polistes_exclamans	N0.HOG0001989	1	0.00623076	expansion	TRUE
Polistes_exclamans	N0.HOG0002028	1	0.00623076	expansion	TRUE
Polistes_exclamans	N0.HOG0002153	1	0.00623076	expansion	TRUE
Polistes_exclamans	N0.HOG0002177	1	0.00623076	expansion	TRUE
Polistes_exclamans	N0.HOG0002654	1	0.00623076	expansion	TRUE
Polistes_exclamans	N0.HOG0002852	1	0.00623076	expansion	TRUE
Polistes_exclamans	N0.HOG0002932	1	0.00623076	expansion	TRUE
Polistes_exclamans	N0.HOG0005904	1	0.00623076	expansion	TRUE
Polistes_exclamans	N0.HOG0006183	1	0.00623076	expansion	TRUE
Polistes_exclamans	N0.HOG0006268	1	0.00623076	expansion	TRUE
Polistes_exclamans	N0.HOG0006455	1	0.00623076	expansion	TRUE
Polistes_exclamans	N0.HOG0006530	1	0.00623076	expansion	TRUE
Polistes_exclamans	N0.HOG0006779	1	0.00623076	expansion	TRUE
Polistes_exclamans	N0.HOG0007131	1	0.00623076	expansion	TRUE
Polistes_exclamans	N0.HOG0007261	1	0.00623076	expansion	TRUE
Polistes_exclamans	N0.HOG0007781	1	0.00623076	expansion	TRUE
Polistes_exclamans	N0.HOG0007850	1	0.00623076	expansion	TRUE
Polistes_exclamans	N0.HOG0007962	1	0.00623076	expansion	TRUE
Polistes_exclamans	N0.HOG0008040	1	0.00623076	expansion	TRUE
Polistes_exclamans	N0.HOG0008576	1	0.00623076	expansion	TRUE
Polistes_exclamans	N0.HOG0008622	1	0.00623076	expansion	TRUE
Polistes_exclamans	N0.HOG0009207	1	0.00623076	expansion	TRUE
Polistes_exclamans	N0.HOG0009319	1	0.00623076	expansion	TRUE
Polistes_exclamans	N0.HOG0009391	1	0.00623076	expansion	TRUE
Polistes_exclamans	N0.HOG0009397	1	0.00623076	expansion	TRUE
Polistes_exclamans	N0.HOG0009481	1	0.00623076	expansion	TRUE
Polistes_exclamans	N0.HOG0009525	1	0.00623076	expansion	TRUE
Polistes_exclamans	N0.HOG0010064	1	0.00623076	expansion	TRUE
Polistes_exclamans	N0.HOG0010096	1	0.00623076	expansion	TRUE
Polistes_exclamans	N0.HOG0010179	1	0.00623076	expansion	TRUE
Polistes_exclamans	N0.HOG0000007	1	0.0124616	expansion	TRUE
Polistes_exclamans	N0.HOG0000253	1	0.0124616	expansion	TRUE
Polistes_exclamans	N0.HOG0000266	1	0.0124616	expansion	TRUE
Polistes_exclamans	N0.HOG0000331	1	0.0124616	expansion	TRUE
Polistes_exclamans	N0.HOG0000333	1	0.0124616	expansion	TRUE
Polistes_exclamans	N0.HOG0000618	1	0.0124616	expansion	TRUE
Polistes_exclamans	N0.HOG0000625	1	0.0124616	expansion	TRUE
Polistes_exclamans	N0.HOG0000644	1	0.0124616	expansion	TRUE
Polistes_exclamans	N0.HOG0000761	1	0.0124616	expansion	TRUE
Polistes_exclamans	N0.HOG0000765	1	0.0124616	expansion	TRUE
Polistes_exclamans	N0.HOG0000768	1	0.0124616	expansion	TRUE
Polistes_exclamans	N0.HOG0000792	1	0.0124616	expansion	TRUE
Polistes_exclamans	N0.HOG0000836	1	0.0124616	expansion	TRUE
Polistes_exclamans	N0.HOG0000859	1	0.0124616	expansion	TRUE
Polistes_exclamans	N0.HOG0000895	1	0.0124616	expansion	TRUE
Polistes_exclamans	N0.HOG0000898	1	0.0124616	expansion	TRUE
Polistes_exclamans	N0.HOG0001159	1	0.0124616	expansion	TRUE
Polistes_exclamans	N0.HOG0001200	1	0.0124616	expansion	TRUE
Polistes_exclamans	N0.HOG0001322	1	0.0124616	expansion	TRUE
Polistes_exclamans	N0.HOG0001423	1	0.0124616	expansion	TRUE
Polistes_exclamans	N0.HOG0001481	1	0.0124616	expansion	TRUE
Polistes_exclamans	N0.HOG0001589	1	0.0124616	expansion	TRUE
Polistes_exclamans	N0.HOG0002710	1	0.0124616	expansion	TRUE
Polistes_exclamans	N0.HOG0009111	1	0.0124616	expansion	TRUE
Polistes_exclamans	N0.HOG0010022	1	0.0124616	expansion	TRUE
Polistes_exclamans	N0.HOG0000244	-1	0.0185398	contraction	TRUE
Polistes_exclamans	N0.HOG0000322	-1	0.0185398	contraction	TRUE
Polistes_exclamans	N0.HOG0000345	-1	0.0185398	contraction	TRUE
Polistes_exclamans	N0.HOG0000429	-1	0.0185398	contraction	TRUE
Polistes_exclamans	N0.HOG0000794	-1	0.0185398	contraction	TRUE
Polistes_exclamans	N0.HOG0000854	-1	0.0185398	contraction	TRUE
Polistes_exclamans	N0.HOG0000968	-1	0.0185398	contraction	TRUE
Polistes_exclamans	N0.HOG0000995	-1	0.0185398	contraction	TRUE
Polistes_exclamans	N0.HOG0001108	-1	0.0185398	contraction	TRUE
Polistes_exclamans	N0.HOG0001150	-1	0.0185398	contraction	TRUE
Polistes_exclamans	N0.HOG0001236	-1	0.0185398	contraction	TRUE
Polistes_exclamans	N0.HOG0001346	-1	0.0185398	contraction	TRUE
Polistes_exclamans	N0.HOG0001478	-1	0.0185398	contraction	TRUE
Polistes_exclamans	N0.HOG0001587	-1	0.0185398	contraction	TRUE
Polistes_exclamans	N0.HOG0001676	-1	0.0185398	contraction	TRUE
Polistes_exclamans	N0.HOG0005492	-1	0.0185398	contraction	TRUE
Polistes_exclamans	N0.HOG0006063	-1	0.0185398	contraction	TRUE
Polistes_exclamans	N0.HOG0006793	-1	0.0185398	contraction	TRUE
Polistes_exclamans	N0.HOG0006869	-1	0.0185398	contraction	TRUE
Polistes_exclamans	N0.HOG0007166	-1	0.0185398	contraction	TRUE
Polistes_exclamans	N0.HOG0007269	-1	0.0185398	contraction	TRUE
Polistes_exclamans	N0.HOG0007399	-1	0.0185398	contraction	TRUE
Polistes_exclamans	N0.HOG0007730	-1	0.0185398	contraction	TRUE
Polistes_exclamans	N0.HOG0007746	-1	0.0185398	contraction	TRUE
Polistes_exclamans	N0.HOG0007749	-1	0.0185398	contraction	TRUE
Polistes_exclamans	N0.HOG0007754	-1	0.0185398	contraction	TRUE
Polistes_exclamans	N0.HOG0007805	-1	0.0185398	contraction	TRUE
Polistes_exclamans	N0.HOG0007820	-1	0.0185398	contraction	TRUE
Polistes_exclamans	N0.HOG0007946	-1	0.0185398	contraction	TRUE
Polistes_exclamans	N0.HOG0008233	-1	0.0185398	contraction	TRUE
Polistes_exclamans	N0.HOG0008277	-1	0.0185398	contraction	TRUE
Polistes_exclamans	N0.HOG0008329	-1	0.0185398	contraction	TRUE
Polistes_exclamans	N0.HOG0008400	-1	0.0185398	contraction	TRUE
Polistes_exclamans	N0.HOG0008506	-1	0.0185398	contraction	TRUE
Polistes_exclamans	N0.HOG0008508	-1	0.0185398	contraction	TRUE
Polistes_exclamans	N0.HOG0008528	-1	0.0185398	contraction	TRUE
Polistes_exclamans	N0.HOG0008585	-1	0.0185398	contraction	TRUE
Polistes_exclamans	N0.HOG0008632	-1	0.0185398	contraction	TRUE
Polistes_exclamans	N0.HOG0008646	-1	0.0185398	contraction	TRUE
Polistes_exclamans	N0.HOG0008647	-1	0.0185398	contraction	TRUE
Polistes_exclamans	N0.HOG0008681	-1	0.0185398	contraction	TRUE
Polistes_exclamans	N0.HOG0008712	-1	0.0185398	contraction	TRUE
Polistes_exclamans	N0.HOG0008816	-1	0.0185398	contraction	TRUE
Polistes_exclamans	N0.HOG0008837	-1	0.0185398	contraction	TRUE
Polistes_exclamans	N0.HOG0008894	-1	0.0185398	contraction	TRUE
Polistes_exclamans	N0.HOG0008901	-1	0.0185398	contraction	TRUE
Polistes_exclamans	N0.HOG0008956	-1	0.0185398	contraction	TRUE
Polistes_exclamans	N0.HOG0008984	-1	0.0185398	contraction	TRUE
Polistes_exclamans	N0.HOG0008993	-1	0.0185398	contraction	TRUE
Polistes_exclamans	N0.HOG0008997	-1	0.0185398	contraction	TRUE
Polistes_exclamans	N0.HOG0009033	-1	0.0185398	contraction	TRUE
Polistes_exclamans	N0.HOG0009041	-1	0.0185398	contraction	TRUE
Polistes_exclamans	N0.HOG0009047	-1	0.0185398	contraction	TRUE
Polistes_exclamans	N0.HOG0009081	-1	0.0185398	contraction	TRUE
Polistes_exclamans	N0.HOG0009086	-1	0.0185398	contraction	TRUE
Polistes_exclamans	N0.HOG0009090	-1	0.0185398	contraction	TRUE
Polistes_exclamans	N0.HOG0009122	-1	0.0185398	contraction	TRUE
Polistes_exclamans	N0.HOG0009130	-1	0.0185398	contraction	TRUE
Polistes_exclamans	N0.HOG0009160	-1	0.0185398	contraction	TRUE
Polistes_exclamans	N0.HOG0009209	-1	0.0185398	contraction	TRUE
Polistes_exclamans	N0.HOG0009220	-1	0.0185398	contraction	TRUE
Polistes_exclamans	N0.HOG0009428	-1	0.0185398	contraction	TRUE
Polistes_exclamans	N0.HOG0009450	-1	0.0185398	contraction	TRUE
Polistes_exclamans	N0.HOG0009459	-1	0.0185398	contraction	TRUE
Polistes_exclamans	N0.HOG0009486	-1	0.0185398	contraction	TRUE
Polistes_exclamans	N0.HOG0009566	-1	0.0185398	contraction	TRUE
Polistes_exclamans	N0.HOG0009717	-1	0.0185398	contraction	TRUE
Polistes_exclamans	N0.HOG0009718	-1	0.0185398	contraction	TRUE
Polistes_exclamans	N0.HOG0009835	-1	0.0185398	contraction	TRUE
Polistes_exclamans	N0.HOG0009867	-1	0.0185398	contraction	TRUE
Polistes_exclamans	N0.HOG0009906	-1	0.0185398	contraction	TRUE
Polistes_exclamans	N0.HOG0009993	-1	0.0185398	contraction	TRUE
Polistes_exclamans	N0.HOG0010016	-1	0.0185398	contraction	TRUE
Polistes_exclamans	N0.HOG0010045	-1	0.0185398	contraction	TRUE
Polistes_exclamans	N0.HOG0010293	-1	0.0185398	contraction	TRUE
Polistes_exclamans	N0.HOG0011775	-1	0.0185398	contraction	TRUE
Polistes_exclamans	N0.HOG0000103	1	0.0186877	expansion	TRUE
Polistes_exclamans	N0.HOG0000161	1	0.0186877	expansion	TRUE
Polistes_exclamans	N0.HOG0000203	1	0.0186877	expansion	TRUE
Polistes_exclamans	N0.HOG0000222	1	0.0186877	expansion	TRUE
Polistes_exclamans	N0.HOG0000235	1	0.0186877	expansion	TRUE
Polistes_exclamans	N0.HOG0000274	1	0.0186877	expansion	TRUE
Polistes_exclamans	N0.HOG0000295	1	0.0186877	expansion	TRUE
Polistes_exclamans	N0.HOG0000350	1	0.0186877	expansion	TRUE
Polistes_exclamans	N0.HOG0000354	1	0.0186877	expansion	TRUE
Polistes_exclamans	N0.HOG0000733	1	0.0186877	expansion	TRUE
Polistes_exclamans	N0.HOG0000179	1	0.0311084	expansion	TRUE
Polistes_exclamans	N0.HOG0000211	1	0.0311084	expansion	TRUE
Polistes_exclamans	N0.HOG0000145	-1	0.0364718	contraction	TRUE
Polistes_exclamans	N0.HOG0000223	-1	0.0364718	contraction	TRUE
Polistes_exclamans	N0.HOG0000241	-1	0.0364718	contraction	TRUE
Polistes_exclamans	N0.HOG0000402	-1	0.0364718	contraction	TRUE
Polistes_exclamans	N0.HOG0000464	-1	0.0364718	contraction	TRUE
Polistes_exclamans	N0.HOG0000504	-1	0.0364718	contraction	TRUE
Polistes_exclamans	N0.HOG0000550	-1	0.0364718	contraction	TRUE
Polistes_exclamans	N0.HOG0000602	-1	0.0364718	contraction	TRUE
Polistes_exclamans	N0.HOG0000658	-1	0.0364718	contraction	TRUE
Polistes_exclamans	N0.HOG0000681	-1	0.0364718	contraction	TRUE
Polistes_exclamans	N0.HOG0000771	-1	0.0364718	contraction	TRUE
Polistes_exclamans	N0.HOG0000780	-1	0.0364718	contraction	TRUE
Polistes_exclamans	N0.HOG0000803	-1	0.0364718	contraction	TRUE
Polistes_exclamans	N0.HOG0000865	-1	0.0364718	contraction	TRUE
Polistes_exclamans	N0.HOG0001062	-1	0.0364718	contraction	TRUE
Polistes_exclamans	N0.HOG0001127	-1	0.0364718	contraction	TRUE
Polistes_exclamans	N0.HOG0001160	-1	0.0364718	contraction	TRUE
Polistes_exclamans	N0.HOG0001313	-1	0.0364718	contraction	TRUE
Polistes_exclamans	N0.HOG0001566	-1	0.0364718	contraction	TRUE
Polistes_exclamans	N0.HOG0005916	-1	0.0364718	contraction	TRUE
Polistes_exclamans	N0.HOG0000028	1	0.037295	expansion	TRUE
Polistes_exclamans	N0.HOG0000069	1	0.037295	expansion	TRUE
Polistes_exclamans	N0.HOG0000019	1	0.0496029	expansion	TRUE
Polistes_exclamans	N0.HOG0000239	-1	0.0538193	contraction	FALSE
Polistes_exclamans	N0.HOG0000262	-1	0.0538193	contraction	FALSE
Polistes_exclamans	N0.HOG0000299	-1	0.0538193	contraction	FALSE
Polistes_exclamans	N0.HOG0000592	-1	0.0538193	contraction	FALSE
Polistes_exclamans	N0.HOG0000236	1	0.0678556	expansion	FALSE
Polistes_exclamans	N0.HOG0000058	-1	0.102574	contraction	FALSE
Polistes_fuscatus	N0.HOG0003432	3		expansion	FALSE
Polistes_fuscatus	N0.HOG0000168	2		expansion	FALSE
Polistes_fuscatus	N0.HOG0000649	2		expansion	FALSE
Polistes_fuscatus	N0.HOG0002300	2		expansion	FALSE
Polistes_fuscatus	N0.HOG0002764	2		expansion	FALSE
Polistes_fuscatus	N0.HOG0003187	2		expansion	FALSE
Polistes_fuscatus	N0.HOG0003275	2		expansion	FALSE
Polistes_fuscatus	N0.HOG0003374	2		expansion	FALSE
Polistes_fuscatus	N0.HOG0000206	1		expansion	FALSE
Polistes_fuscatus	N0.HOG0000221	1		expansion	FALSE
Polistes_fuscatus	N0.HOG0000361	1		expansion	FALSE
Polistes_fuscatus	N0.HOG0000397	1		expansion	FALSE
Polistes_fuscatus	N0.HOG0000734	1		expansion	FALSE
Polistes_fuscatus	N0.HOG0000885	1		expansion	FALSE
Polistes_fuscatus	N0.HOG0001175	1		expansion	FALSE
Polistes_fuscatus	N0.HOG0001213	1		expansion	FALSE
Polistes_fuscatus	N0.HOG0001224	1		expansion	FALSE
Polistes_fuscatus	N0.HOG0001426	1		expansion	FALSE
Polistes_fuscatus	N0.HOG0001446	1		expansion	FALSE
Polistes_fuscatus	N0.HOG0001475	1		expansion	FALSE
Polistes_fuscatus	N0.HOG0001485	1		expansion	FALSE
Polistes_fuscatus	N0.HOG0001537	1		expansion	FALSE
Polistes_fuscatus	N0.HOG0001596	1		expansion	FALSE
Polistes_fuscatus	N0.HOG0001738	1		expansion	FALSE
Polistes_fuscatus	N0.HOG0001825	1		expansion	FALSE
Polistes_fuscatus	N0.HOG0001906	1		expansion	FALSE
Polistes_fuscatus	N0.HOG0001908	1		expansion	FALSE
Polistes_fuscatus	N0.HOG0002000	1		expansion	FALSE
Polistes_fuscatus	N0.HOG0002340	1		expansion	FALSE
Polistes_fuscatus	N0.HOG0002696	1		expansion	FALSE
Polistes_fuscatus	N0.HOG0002841	1		expansion	FALSE
Polistes_fuscatus	N0.HOG0003352	1		expansion	FALSE
Polistes_fuscatus	N0.HOG0003399	1		expansion	FALSE
Polistes_fuscatus	N0.HOG0003709	1		expansion	FALSE
Polistes_fuscatus	N0.HOG0004563	1		expansion	FALSE
Polistes_fuscatus	N0.HOG0004699	1		expansion	FALSE
Polistes_fuscatus	N0.HOG0004963	1		expansion	FALSE
Polistes_fuscatus	N0.HOG0005591	1		expansion	FALSE
Polistes_fuscatus	N0.HOG0006782	1		expansion	FALSE
Polistes_fuscatus	N0.HOG0006942	1		expansion	FALSE
Polistes_fuscatus	N0.HOG0008683	1		expansion	FALSE
Polistes_fuscatus	N0.HOG0000130	-1		contraction	FALSE
Polistes_fuscatus	N0.HOG0000132	-1		contraction	FALSE
Polistes_fuscatus	N0.HOG0000181	-1		contraction	FALSE
Polistes_fuscatus	N0.HOG0000217	-1		contraction	FALSE
Polistes_fuscatus	N0.HOG0000220	-1		contraction	FALSE
Polistes_fuscatus	N0.HOG0000265	-1		contraction	FALSE
Polistes_fuscatus	N0.HOG0000388	-1		contraction	FALSE
Polistes_fuscatus	N0.HOG0000415	-1		contraction	FALSE
Polistes_fuscatus	N0.HOG0000569	-1		contraction	FALSE
Polistes_fuscatus	N0.HOG0000609	-1		contraction	FALSE
Polistes_fuscatus	N0.HOG0000620	-1		contraction	FALSE
Polistes_fuscatus	N0.HOG0000632	-1		contraction	FALSE
Polistes_fuscatus	N0.HOG0000641	-1		contraction	FALSE
Polistes_fuscatus	N0.HOG0000657	-1		contraction	FALSE
Polistes_fuscatus	N0.HOG0000678	-1		contraction	FALSE
Polistes_fuscatus	N0.HOG0000707	-1		contraction	FALSE
Polistes_fuscatus	N0.HOG0000737	-1		contraction	FALSE
Polistes_fuscatus	N0.HOG0000749	-1		contraction	FALSE
Polistes_fuscatus	N0.HOG0000753	-1		contraction	FALSE
Polistes_fuscatus	N0.HOG0000773	-1		contraction	FALSE
Polistes_fuscatus	N0.HOG0000875	-1		contraction	FALSE
Polistes_fuscatus	N0.HOG0000910	-1		contraction	FALSE
Polistes_fuscatus	N0.HOG0001022	-1		contraction	FALSE
Polistes_fuscatus	N0.HOG0001033	-1		contraction	FALSE
Polistes_fuscatus	N0.HOG0001074	-1		contraction	FALSE
Polistes_fuscatus	N0.HOG0001412	-1		contraction	FALSE
Polistes_fuscatus	N0.HOG0001466	-1		contraction	FALSE
Polistes_fuscatus	N0.HOG0001516	-1		contraction	FALSE
Polistes_fuscatus	N0.HOG0002099	-1		contraction	FALSE
Polistes_fuscatus	N0.HOG0002258	-1		contraction	FALSE
Polistes_fuscatus	N0.HOG0002413	-1		contraction	FALSE
Polistes_fuscatus	N0.HOG0002466	-1		contraction	FALSE
Polistes_fuscatus	N0.HOG0002957	-1		contraction	FALSE
Polistes_fuscatus	N0.HOG0003040	-1		contraction	FALSE
Polistes_fuscatus	N0.HOG0003100	-1		contraction	FALSE
Polistes_fuscatus	N0.HOG0003525	-1		contraction	FALSE
Polistes_fuscatus	N0.HOG0005011	-1		contraction	FALSE
Polistes_fuscatus	N0.HOG0005270	-1		contraction	FALSE
Polistes_fuscatus	N0.HOG0005635	-1		contraction	FALSE
Polistes_fuscatus	N0.HOG0005680	-1		contraction	FALSE
Polistes_fuscatus	N0.HOG0005870	-1		contraction	FALSE
Polistes_fuscatus	N0.HOG0005926	-1		contraction	FALSE
Polistes_fuscatus	N0.HOG0006188	-1		contraction	FALSE
Polistes_fuscatus	N0.HOG0006216	-1		contraction	FALSE
Polistes_fuscatus	N0.HOG0006280	-1		contraction	FALSE
Polistes_fuscatus	N0.HOG0006348	-1		contraction	FALSE
Polistes_fuscatus	N0.HOG0006473	-1		contraction	FALSE
Polistes_fuscatus	N0.HOG0006630	-1		contraction	FALSE
Polistes_fuscatus	N0.HOG0006969	-1		contraction	FALSE
Polistes_fuscatus	N0.HOG0006974	-1		contraction	FALSE
Polistes_fuscatus	N0.HOG0006981	-1		contraction	FALSE
Polistes_fuscatus	N0.HOG0007026	-1		contraction	FALSE
Polistes_fuscatus	N0.HOG0007057	-1		contraction	FALSE
Polistes_fuscatus	N0.HOG0007146	-1		contraction	FALSE
Polistes_fuscatus	N0.HOG0007158	-1		contraction	FALSE
Polistes_fuscatus	N0.HOG0007281	-1		contraction	FALSE
Polistes_fuscatus	N0.HOG0007340	-1		contraction	FALSE
Polistes_fuscatus	N0.HOG0007578	-1		contraction	FALSE
Polistes_fuscatus	N0.HOG0007582	-1		contraction	FALSE
Polistes_fuscatus	N0.HOG0007624	-1		contraction	FALSE
Polistes_fuscatus	N0.HOG0007704	-1		contraction	FALSE
Polistes_fuscatus	N0.HOG0007755	-1		contraction	FALSE
Polistes_fuscatus	N0.HOG0007821	-1		contraction	FALSE
Polistes_fuscatus	N0.HOG0007948	-1		contraction	FALSE
Polistes_fuscatus	N0.HOG0007986	-1		contraction	FALSE
Polistes_fuscatus	N0.HOG0008053	-1		contraction	FALSE
Polistes_fuscatus	N0.HOG0008175	-1		contraction	FALSE
Polistes_fuscatus	N0.HOG0008201	-1		contraction	FALSE
Polistes_fuscatus	N0.HOG0008229	-1		contraction	FALSE
Polistes_fuscatus	N0.HOG0008303	-1		contraction	FALSE
Polistes_fuscatus	N0.HOG0008304	-1		contraction	FALSE
Polistes_fuscatus	N0.HOG0008370	-1		contraction	FALSE
Polistes_fuscatus	N0.HOG0008418	-1		contraction	FALSE
Polistes_fuscatus	N0.HOG0008436	-1		contraction	FALSE
Polistes_fuscatus	N0.HOG0008441	-1		contraction	FALSE
Polistes_fuscatus	N0.HOG0008461	-1		contraction	FALSE
Polistes_fuscatus	N0.HOG0008522	-1		contraction	FALSE
Polistes_fuscatus	N0.HOG0008554	-1		contraction	FALSE
Polistes_fuscatus	N0.HOG0008564	-1		contraction	FALSE
Polistes_fuscatus	N0.HOG0008570	-1		contraction	FALSE
Polistes_fuscatus	N0.HOG0008602	-1		contraction	FALSE
Polistes_fuscatus	N0.HOG0008610	-1		contraction	FALSE
Polistes_fuscatus	N0.HOG0008671	-1		contraction	FALSE
Polistes_fuscatus	N0.HOG0008756	-1		contraction	FALSE
Polistes_fuscatus	N0.HOG0008782	-1		contraction	FALSE
Polistes_fuscatus	N0.HOG0008895	-1		contraction	FALSE
Polistes_fuscatus	N0.HOG0008911	-1		contraction	FALSE
Polistes_fuscatus	N0.HOG0009369	-1		contraction	FALSE
Polistes_fuscatus	N0.HOG0009468	-1		contraction	FALSE
Polistes_fuscatus	N0.HOG0009635	-1		contraction	FALSE
Polistes_fuscatus	N0.HOG0009659	-1		contraction	FALSE
Polistes_fuscatus	N0.HOG0010052	-1		contraction	FALSE
Polistes_fuscatus	N0.HOG0010116	-1		contraction	FALSE
Polistes_fuscatus	N0.HOG0010182	-1		contraction	FALSE
Polistes_fuscatus	N0.HOG0010466	-1		contraction	FALSE
Polistes_fuscatus	N0.HOG0000190	-2		contraction	FALSE
Polistes_fuscatus	N0.HOG0001699	13	6.37334e-23	expansion	TRUE
Polistes_fuscatus	N0.HOG0001587	11	1.48847e-19	expansion	TRUE
Polistes_fuscatus	N0.HOG0000639	8	7.0194e-13	expansion	TRUE
Polistes_fuscatus	N0.HOG0001419	8	2.48045e-12	expansion	TRUE
Polistes_fuscatus	N0.HOG0000053	8	7.17218e-12	expansion	TRUE
Polistes_fuscatus	N0.HOG0000042	7	2.31628e-10	expansion	TRUE
Polistes_fuscatus	N0.HOG0000351	6	2.64985e-10	expansion	TRUE
Polistes_fuscatus	N0.HOG0002253	5	1.89607e-09	expansion	TRUE
Polistes_fuscatus	N0.HOG0006728	4	9.16306e-08	expansion	TRUE
Polistes_fuscatus	N0.HOG0002052	3	4.42819e-06	expansion	TRUE
Polistes_fuscatus	N0.HOG0000155	3	1.71669e-05	expansion	TRUE
Polistes_fuscatus	N0.HOG0006063	2	0.000213999	expansion	TRUE
Polistes_fuscatus	N0.HOG0000201	3	0.000219305	expansion	TRUE
Polistes_fuscatus	N0.HOG0000089	-2	0.00024756	contraction	TRUE
Polistes_fuscatus	N0.HOG0001142	-2	0.00024756	contraction	TRUE
Polistes_fuscatus	N0.HOG0000592	-2	0.000705534	contraction	TRUE
Polistes_fuscatus	N0.HOG0000114	2	0.00105257	expansion	TRUE
Polistes_fuscatus	N0.HOG0000333	2	0.00105257	expansion	TRUE
Polistes_fuscatus	N0.HOG0001284	2	0.00105257	expansion	TRUE
Polistes_fuscatus	N0.HOG0002857	2	0.00105257	expansion	TRUE
Polistes_fuscatus	N0.HOG0000211	-2	0.00137173	contraction	TRUE
Polistes_fuscatus	N0.HOG0000269	2	0.0024556	expansion	TRUE
Polistes_fuscatus	N0.HOG0000346	2	0.0024556	expansion	TRUE
Polistes_fuscatus	N0.HOG0000098	-2	0.00591108	contraction	TRUE
Polistes_fuscatus	N0.HOG0000046	2	0.00952208	expansion	TRUE
Polistes_fuscatus	N0.HOG0000228	2	0.00952208	expansion	TRUE
Polistes_fuscatus	N0.HOG0000015	1	0.0103418	expansion	TRUE
Polistes_fuscatus	N0.HOG0000037	1	0.0103418	expansion	TRUE
Polistes_fuscatus	N0.HOG0000272	1	0.0103418	expansion	TRUE
Polistes_fuscatus	N0.HOG0000442	1	0.0103418	expansion	TRUE
Polistes_fuscatus	N0.HOG0000705	1	0.0103418	expansion	TRUE
Polistes_fuscatus	N0.HOG0000744	1	0.0103418	expansion	TRUE
Polistes_fuscatus	N0.HOG0000794	1	0.0103418	expansion	TRUE
Polistes_fuscatus	N0.HOG0000795	1	0.0103418	expansion	TRUE
Polistes_fuscatus	N0.HOG0000965	1	0.0103418	expansion	TRUE
Polistes_fuscatus	N0.HOG0001277	1	0.0103418	expansion	TRUE
Polistes_fuscatus	N0.HOG0001372	1	0.0103418	expansion	TRUE
Polistes_fuscatus	N0.HOG0001455	1	0.0103418	expansion	TRUE
Polistes_fuscatus	N0.HOG0001478	1	0.0103418	expansion	TRUE
Polistes_fuscatus	N0.HOG0001741	1	0.0103418	expansion	TRUE
Polistes_fuscatus	N0.HOG0002010	1	0.0103418	expansion	TRUE
Polistes_fuscatus	N0.HOG0002800	1	0.0103418	expansion	TRUE
Polistes_fuscatus	N0.HOG0007984	1	0.0103418	expansion	TRUE
Polistes_fuscatus	N0.HOG0008228	1	0.0103418	expansion	TRUE
Polistes_fuscatus	N0.HOG0008384	1	0.0103418	expansion	TRUE
Polistes_fuscatus	N0.HOG0008465	1	0.0103418	expansion	TRUE
Polistes_fuscatus	N0.HOG0009240	1	0.0103418	expansion	TRUE
Polistes_fuscatus	N0.HOG0000029	2	0.019936	expansion	TRUE
Polistes_fuscatus	N0.HOG0000175	2	0.019936	expansion	TRUE
Polistes_fuscatus	N0.HOG0000123	1	0.0206842	expansion	TRUE
Polistes_fuscatus	N0.HOG0000163	1	0.0206842	expansion	TRUE
Polistes_fuscatus	N0.HOG0000260	1	0.0206842	expansion	TRUE
Polistes_fuscatus	N0.HOG0000396	1	0.0206842	expansion	TRUE
Polistes_fuscatus	N0.HOG0000486	1	0.0206842	expansion	TRUE
Polistes_fuscatus	N0.HOG0000527	1	0.0206842	expansion	TRUE
Polistes_fuscatus	N0.HOG0000695	1	0.0206842	expansion	TRUE
Polistes_fuscatus	N0.HOG0001250	1	0.0206842	expansion	TRUE
Polistes_fuscatus	N0.HOG0001447	1	0.0206842	expansion	TRUE
Polistes_fuscatus	N0.HOG0001532	1	0.0206842	expansion	TRUE
Polistes_fuscatus	N0.HOG0002557	1	0.0206842	expansion	TRUE
Polistes_fuscatus	N0.HOG0000236	2	0.0282474	expansion	TRUE
Polistes_fuscatus	N0.HOG0000048	-1	0.0306106	contraction	TRUE
Polistes_fuscatus	N0.HOG0000051	-1	0.0306106	contraction	TRUE
Polistes_fuscatus	N0.HOG0000159	-1	0.0306106	contraction	TRUE
Polistes_fuscatus	N0.HOG0000166	-1	0.0306106	contraction	TRUE
Polistes_fuscatus	N0.HOG0000249	-1	0.0306106	contraction	TRUE
Polistes_fuscatus	N0.HOG0000422	-1	0.0306106	contraction	TRUE
Polistes_fuscatus	N0.HOG0000429	-1	0.0306106	contraction	TRUE
Polistes_fuscatus	N0.HOG0000555	-1	0.0306106	contraction	TRUE
Polistes_fuscatus	N0.HOG0000660	-1	0.0306106	contraction	TRUE
Polistes_fuscatus	N0.HOG0000685	-1	0.0306106	contraction	TRUE
Polistes_fuscatus	N0.HOG0000711	-1	0.0306106	contraction	TRUE
Polistes_fuscatus	N0.HOG0000766	-1	0.0306106	contraction	TRUE
Polistes_fuscatus	N0.HOG0000785	-1	0.0306106	contraction	TRUE
Polistes_fuscatus	N0.HOG0000788	-1	0.0306106	contraction	TRUE
Polistes_fuscatus	N0.HOG0000800	-1	0.0306106	contraction	TRUE
Polistes_fuscatus	N0.HOG0000808	-1	0.0306106	contraction	TRUE
Polistes_fuscatus	N0.HOG0000843	-1	0.0306106	contraction	TRUE
Polistes_fuscatus	N0.HOG0000863	-1	0.0306106	contraction	TRUE
Polistes_fuscatus	N0.HOG0000872	-1	0.0306106	contraction	TRUE
Polistes_fuscatus	N0.HOG0000930	-1	0.0306106	contraction	TRUE
Polistes_fuscatus	N0.HOG0000972	-1	0.0306106	contraction	TRUE
Polistes_fuscatus	N0.HOG0001091	-1	0.0306106	contraction	TRUE
Polistes_fuscatus	N0.HOG0001241	-1	0.0306106	contraction	TRUE
Polistes_fuscatus	N0.HOG0001303	-1	0.0306106	contraction	TRUE
Polistes_fuscatus	N0.HOG0001319	-1	0.0306106	contraction	TRUE
Polistes_fuscatus	N0.HOG0001395	-1	0.0306106	contraction	TRUE
Polistes_fuscatus	N0.HOG0001401	-1	0.0306106	contraction	TRUE
Polistes_fuscatus	N0.HOG0001415	-1	0.0306106	contraction	TRUE
Polistes_fuscatus	N0.HOG0001622	-1	0.0306106	contraction	TRUE
Polistes_fuscatus	N0.HOG0001675	-1	0.0306106	contraction	TRUE
Polistes_fuscatus	N0.HOG0001676	-1	0.0306106	contraction	TRUE
Polistes_fuscatus	N0.HOG0001857	-1	0.0306106	contraction	TRUE
Polistes_fuscatus	N0.HOG0001931	-1	0.0306106	contraction	TRUE
Polistes_fuscatus	N0.HOG0001937	-1	0.0306106	contraction	TRUE
Polistes_fuscatus	N0.HOG0001957	-1	0.0306106	contraction	TRUE
Polistes_fuscatus	N0.HOG0002342	-1	0.0306106	contraction	TRUE
Polistes_fuscatus	N0.HOG0002540	-1	0.0306106	contraction	TRUE
Polistes_fuscatus	N0.HOG0002945	-1	0.0306106	contraction	TRUE
Polistes_fuscatus	N0.HOG0003487	-1	0.0306106	contraction	TRUE
Polistes_fuscatus	N0.HOG0004299	-1	0.0306106	contraction	TRUE
Polistes_fuscatus	N0.HOG0004806	-1	0.0306106	contraction	TRUE
Polistes_fuscatus	N0.HOG0005583	-1	0.0306106	contraction	TRUE
Polistes_fuscatus	N0.HOG0005902	-1	0.0306106	contraction	TRUE
Polistes_fuscatus	N0.HOG0005904	-1	0.0306106	contraction	TRUE
Polistes_fuscatus	N0.HOG0006640	-1	0.0306106	contraction	TRUE
Polistes_fuscatus	N0.HOG0006793	-1	0.0306106	contraction	TRUE
Polistes_fuscatus	N0.HOG0007194	-1	0.0306106	contraction	TRUE
Polistes_fuscatus	N0.HOG0007409	-1	0.0306106	contraction	TRUE
Polistes_fuscatus	N0.HOG0007754	-1	0.0306106	contraction	TRUE
Polistes_fuscatus	N0.HOG0007805	-1	0.0306106	contraction	TRUE
Polistes_fuscatus	N0.HOG0007854	-1	0.0306106	contraction	TRUE
Polistes_fuscatus	N0.HOG0008109	-1	0.0306106	contraction	TRUE
Polistes_fuscatus	N0.HOG0008121	-1	0.0306106	contraction	TRUE
Polistes_fuscatus	N0.HOG0008127	-1	0.0306106	contraction	TRUE
Polistes_fuscatus	N0.HOG0008169	-1	0.0306106	contraction	TRUE
Polistes_fuscatus	N0.HOG0008192	-1	0.0306106	contraction	TRUE
Polistes_fuscatus	N0.HOG0008329	-1	0.0306106	contraction	TRUE
Polistes_fuscatus	N0.HOG0008348	-1	0.0306106	contraction	TRUE
Polistes_fuscatus	N0.HOG0008383	-1	0.0306106	contraction	TRUE
Polistes_fuscatus	N0.HOG0008408	-1	0.0306106	contraction	TRUE
Polistes_fuscatus	N0.HOG0008451	-1	0.0306106	contraction	TRUE
Polistes_fuscatus	N0.HOG0008485	-1	0.0306106	contraction	TRUE
Polistes_fuscatus	N0.HOG0008508	-1	0.0306106	contraction	TRUE
Polistes_fuscatus	N0.HOG0008556	-1	0.0306106	contraction	TRUE
Polistes_fuscatus	N0.HOG0008627	-1	0.0306106	contraction	TRUE
Polistes_fuscatus	N0.HOG0008629	-1	0.0306106	contraction	TRUE
Polistes_fuscatus	N0.HOG0008670	-1	0.0306106	contraction	TRUE
Polistes_fuscatus	N0.HOG0008689	-1	0.0306106	contraction	TRUE
Polistes_fuscatus	N0.HOG0008712	-1	0.0306106	contraction	TRUE
Polistes_fuscatus	N0.HOG0008724	-1	0.0306106	contraction	TRUE
Polistes_fuscatus	N0.HOG0008772	-1	0.0306106	contraction	TRUE
Polistes_fuscatus	N0.HOG0008785	-1	0.0306106	contraction	TRUE
Polistes_fuscatus	N0.HOG0008787	-1	0.0306106	contraction	TRUE
Polistes_fuscatus	N0.HOG0008789	-1	0.0306106	contraction	TRUE
Polistes_fuscatus	N0.HOG0008837	-1	0.0306106	contraction	TRUE
Polistes_fuscatus	N0.HOG0008854	-1	0.0306106	contraction	TRUE
Polistes_fuscatus	N0.HOG0008858	-1	0.0306106	contraction	TRUE
Polistes_fuscatus	N0.HOG0008861	-1	0.0306106	contraction	TRUE
Polistes_fuscatus	N0.HOG0008873	-1	0.0306106	contraction	TRUE
Polistes_fuscatus	N0.HOG0008939	-1	0.0306106	contraction	TRUE
Polistes_fuscatus	N0.HOG0008948	-1	0.0306106	contraction	TRUE
Polistes_fuscatus	N0.HOG0008989	-1	0.0306106	contraction	TRUE
Polistes_fuscatus	N0.HOG0008998	-1	0.0306106	contraction	TRUE
Polistes_fuscatus	N0.HOG0009002	-1	0.0306106	contraction	TRUE
Polistes_fuscatus	N0.HOG0009007	-1	0.0306106	contraction	TRUE
Polistes_fuscatus	N0.HOG0009021	-1	0.0306106	contraction	TRUE
Polistes_fuscatus	N0.HOG0009093	-1	0.0306106	contraction	TRUE
Polistes_fuscatus	N0.HOG0009109	-1	0.0306106	contraction	TRUE
Polistes_fuscatus	N0.HOG0009127	-1	0.0306106	contraction	TRUE
Polistes_fuscatus	N0.HOG0009153	-1	0.0306106	contraction	TRUE
Polistes_fuscatus	N0.HOG0009160	-1	0.0306106	contraction	TRUE
Polistes_fuscatus	N0.HOG0009195	-1	0.0306106	contraction	TRUE
Polistes_fuscatus	N0.HOG0009198	-1	0.0306106	contraction	TRUE
Polistes_fuscatus	N0.HOG0009204	-1	0.0306106	contraction	TRUE
Polistes_fuscatus	N0.HOG0009220	-1	0.0306106	contraction	TRUE
Polistes_fuscatus	N0.HOG0009291	-1	0.0306106	contraction	TRUE
Polistes_fuscatus	N0.HOG0009295	-1	0.0306106	contraction	TRUE
Polistes_fuscatus	N0.HOG0009303	-1	0.0306106	contraction	TRUE
Polistes_fuscatus	N0.HOG0009318	-1	0.0306106	contraction	TRUE
Polistes_fuscatus	N0.HOG0009349	-1	0.0306106	contraction	TRUE
Polistes_fuscatus	N0.HOG0009351	-1	0.0306106	contraction	TRUE
Polistes_fuscatus	N0.HOG0009352	-1	0.0306106	contraction	TRUE
Polistes_fuscatus	N0.HOG0009397	-1	0.0306106	contraction	TRUE
Polistes_fuscatus	N0.HOG0009412	-1	0.0306106	contraction	TRUE
Polistes_fuscatus	N0.HOG0009430	-1	0.0306106	contraction	TRUE
Polistes_fuscatus	N0.HOG0009441	-1	0.0306106	contraction	TRUE
Polistes_fuscatus	N0.HOG0009459	-1	0.0306106	contraction	TRUE
Polistes_fuscatus	N0.HOG0009481	-1	0.0306106	contraction	TRUE
Polistes_fuscatus	N0.HOG0009533	-1	0.0306106	contraction	TRUE
Polistes_fuscatus	N0.HOG0009535	-1	0.0306106	contraction	TRUE
Polistes_fuscatus	N0.HOG0009548	-1	0.0306106	contraction	TRUE
Polistes_fuscatus	N0.HOG0009549	-1	0.0306106	contraction	TRUE
Polistes_fuscatus	N0.HOG0009558	-1	0.0306106	contraction	TRUE
Polistes_fuscatus	N0.HOG0009561	-1	0.0306106	contraction	TRUE
Polistes_fuscatus	N0.HOG0009574	-1	0.0306106	contraction	TRUE
Polistes_fuscatus	N0.HOG0009601	-1	0.0306106	contraction	TRUE
Polistes_fuscatus	N0.HOG0009618	-1	0.0306106	contraction	TRUE
Polistes_fuscatus	N0.HOG0009639	-1	0.0306106	contraction	TRUE
Polistes_fuscatus	N0.HOG0009661	-1	0.0306106	contraction	TRUE
Polistes_fuscatus	N0.HOG0009663	-1	0.0306106	contraction	TRUE
Polistes_fuscatus	N0.HOG0009694	-1	0.0306106	contraction	TRUE
Polistes_fuscatus	N0.HOG0009718	-1	0.0306106	contraction	TRUE
Polistes_fuscatus	N0.HOG0009752	-1	0.0306106	contraction	TRUE
Polistes_fuscatus	N0.HOG0009825	-1	0.0306106	contraction	TRUE
Polistes_fuscatus	N0.HOG0009875	-1	0.0306106	contraction	TRUE
Polistes_fuscatus	N0.HOG0009898	-1	0.0306106	contraction	TRUE
Polistes_fuscatus	N0.HOG0009907	-1	0.0306106	contraction	TRUE
Polistes_fuscatus	N0.HOG0009915	-1	0.0306106	contraction	TRUE
Polistes_fuscatus	N0.HOG0009945	-1	0.0306106	contraction	TRUE
Polistes_fuscatus	N0.HOG0009977	-1	0.0306106	contraction	TRUE
Polistes_fuscatus	N0.HOG0010012	-1	0.0306106	contraction	TRUE
Polistes_fuscatus	N0.HOG0010016	-1	0.0306106	contraction	TRUE
Polistes_fuscatus	N0.HOG0010020	-1	0.0306106	contraction	TRUE
Polistes_fuscatus	N0.HOG0010041	-1	0.0306106	contraction	TRUE
Polistes_fuscatus	N0.HOG0010045	-1	0.0306106	contraction	TRUE
Polistes_fuscatus	N0.HOG0010095	-1	0.0306106	contraction	TRUE
Polistes_fuscatus	N0.HOG0010096	-1	0.0306106	contraction	TRUE
Polistes_fuscatus	N0.HOG0010124	-1	0.0306106	contraction	TRUE
Polistes_fuscatus	N0.HOG0010133	-1	0.0306106	contraction	TRUE
Polistes_fuscatus	N0.HOG0010164	-1	0.0306106	contraction	TRUE
Polistes_fuscatus	N0.HOG0010168	-1	0.0306106	contraction	TRUE
Polistes_fuscatus	N0.HOG0010179	-1	0.0306106	contraction	TRUE
Polistes_fuscatus	N0.HOG0010180	-1	0.0306106	contraction	TRUE
Polistes_fuscatus	N0.HOG0010181	-1	0.0306106	contraction	TRUE
Polistes_fuscatus	N0.HOG0010219	-1	0.0306106	contraction	TRUE
Polistes_fuscatus	N0.HOG0010279	-1	0.0306106	contraction	TRUE
Polistes_fuscatus	N0.HOG0010293	-1	0.0306106	contraction	TRUE
Polistes_fuscatus	N0.HOG0010346	-1	0.0306106	contraction	TRUE
Polistes_fuscatus	N0.HOG0010449	-1	0.0306106	contraction	TRUE
Polistes_fuscatus	N0.HOG0010464	-1	0.0306106	contraction	TRUE
Polistes_fuscatus	N0.HOG0010524	-1	0.0306106	contraction	TRUE
Polistes_fuscatus	N0.HOG0010546	-1	0.0306106	contraction	TRUE
Polistes_fuscatus	N0.HOG0010547	-1	0.0306106	contraction	TRUE
Polistes_fuscatus	N0.HOG0010604	-1	0.0306106	contraction	TRUE
Polistes_fuscatus	N0.HOG0010619	-1	0.0306106	contraction	TRUE
Polistes_fuscatus	N0.HOG0010621	-1	0.0306106	contraction	TRUE
Polistes_fuscatus	N0.HOG0010673	-1	0.0306106	contraction	TRUE
Polistes_fuscatus	N0.HOG0010790	-1	0.0306106	contraction	TRUE
Polistes_fuscatus	N0.HOG0010791	-1	0.0306106	contraction	TRUE
Polistes_fuscatus	N0.HOG0010810	-1	0.0306106	contraction	TRUE
Polistes_fuscatus	N0.HOG0010866	-1	0.0306106	contraction	TRUE
Polistes_fuscatus	N0.HOG0010896	-1	0.0306106	contraction	TRUE
Polistes_fuscatus	N0.HOG0011243	-1	0.0306106	contraction	TRUE
Polistes_fuscatus	N0.HOG0011245	-1	0.0306106	contraction	TRUE
Polistes_fuscatus	N0.HOG0011475	-1	0.0306106	contraction	TRUE
Polistes_fuscatus	N0.HOG0011775	-1	0.0306106	contraction	TRUE
Polistes_fuscatus	N0.HOG0011808	-1	0.0306106	contraction	TRUE
Polistes_fuscatus	N0.HOG0011813	-1	0.0306106	contraction	TRUE
Polistes_fuscatus	N0.HOG0011814	-1	0.0306106	contraction	TRUE
Polistes_fuscatus	N0.HOG0012236	-1	0.0306106	contraction	TRUE
Polistes_fuscatus	N0.HOG0012240	-1	0.0306106	contraction	TRUE
Polistes_fuscatus	N0.HOG0012652	-1	0.0306106	contraction	TRUE
Polistes_fuscatus	N0.HOG0012687	-1	0.0306106	contraction	TRUE
Polistes_fuscatus	N0.HOG0012808	-1	0.0306106	contraction	TRUE
Polistes_fuscatus	N0.HOG0015301	-1	0.0306106	contraction	TRUE
Polistes_fuscatus	N0.HOG0000054	1	0.0310055	expansion	TRUE
Polistes_fuscatus	N0.HOG0000044	1	0.0412865	expansion	TRUE
Polistes_fuscatus	N0.HOG0000061	1	0.0515102	expansion	FALSE
Polistes_fuscatus	N0.HOG0000097	1	0.0515102	expansion	FALSE
Polistes_fuscatus	N0.HOG0000160	-1	0.05957	contraction	FALSE
Polistes_fuscatus	N0.HOG0000183	-1	0.05957	contraction	FALSE
Polistes_fuscatus	N0.HOG0000402	-1	0.05957	contraction	FALSE
Polistes_fuscatus	N0.HOG0000478	-1	0.05957	contraction	FALSE
Polistes_fuscatus	N0.HOG0000554	-1	0.05957	contraction	FALSE
Polistes_fuscatus	N0.HOG0000574	-1	0.05957	contraction	FALSE
Polistes_fuscatus	N0.HOG0000589	-1	0.05957	contraction	FALSE
Polistes_fuscatus	N0.HOG0000591	-1	0.05957	contraction	FALSE
Polistes_fuscatus	N0.HOG0000602	-1	0.05957	contraction	FALSE
Polistes_fuscatus	N0.HOG0000625	-1	0.05957	contraction	FALSE
Polistes_fuscatus	N0.HOG0000646	-1	0.05957	contraction	FALSE
Polistes_fuscatus	N0.HOG0000668	-1	0.05957	contraction	FALSE
Polistes_fuscatus	N0.HOG0000670	-1	0.05957	contraction	FALSE
Polistes_fuscatus	N0.HOG0000681	-1	0.05957	contraction	FALSE
Polistes_fuscatus	N0.HOG0000740	-1	0.05957	contraction	FALSE
Polistes_fuscatus	N0.HOG0000763	-1	0.05957	contraction	FALSE
Polistes_fuscatus	N0.HOG0000768	-1	0.05957	contraction	FALSE
Polistes_fuscatus	N0.HOG0000769	-1	0.05957	contraction	FALSE
Polistes_fuscatus	N0.HOG0000771	-1	0.05957	contraction	FALSE
Polistes_fuscatus	N0.HOG0000792	-1	0.05957	contraction	FALSE
Polistes_fuscatus	N0.HOG0000815	-1	0.05957	contraction	FALSE
Polistes_fuscatus	N0.HOG0000834	-1	0.05957	contraction	FALSE
Polistes_fuscatus	N0.HOG0000898	-1	0.05957	contraction	FALSE
Polistes_fuscatus	N0.HOG0000901	-1	0.05957	contraction	FALSE
Polistes_fuscatus	N0.HOG0000942	-1	0.05957	contraction	FALSE
Polistes_fuscatus	N0.HOG0001115	-1	0.05957	contraction	FALSE
Polistes_fuscatus	N0.HOG0001159	-1	0.05957	contraction	FALSE
Polistes_fuscatus	N0.HOG0001160	-1	0.05957	contraction	FALSE
Polistes_fuscatus	N0.HOG0001161	-1	0.05957	contraction	FALSE
Polistes_fuscatus	N0.HOG0001200	-1	0.05957	contraction	FALSE
Polistes_fuscatus	N0.HOG0001230	-1	0.05957	contraction	FALSE
Polistes_fuscatus	N0.HOG0001322	-1	0.05957	contraction	FALSE
Polistes_fuscatus	N0.HOG0001933	-1	0.05957	contraction	FALSE
Polistes_fuscatus	N0.HOG0009111	-1	0.05957	contraction	FALSE
Polistes_fuscatus	N0.HOG0010022	-1	0.05957	contraction	FALSE
Polistes_fuscatus	N0.HOG0000058	1	0.0717281	expansion	FALSE
Polistes_fuscatus	N0.HOG0000059	1	0.0717281	expansion	FALSE
Polistes_fuscatus	N0.HOG0000019	1	0.0816978	expansion	FALSE
Polistes_fuscatus	N0.HOG0000103	-1	0.0869825	contraction	FALSE
Polistes_fuscatus	N0.HOG0000104	-1	0.0869825	contraction	FALSE
Polistes_fuscatus	N0.HOG0000162	-1	0.0869825	contraction	FALSE
Polistes_fuscatus	N0.HOG0000235	-1	0.0869825	contraction	FALSE
Polistes_fuscatus	N0.HOG0000239	-1	0.0869825	contraction	FALSE
Polistes_fuscatus	N0.HOG0000242	-1	0.0869825	contraction	FALSE
Polistes_fuscatus	N0.HOG0000277	-1	0.0869825	contraction	FALSE
Polistes_fuscatus	N0.HOG0000052	-1	0.137549	contraction	FALSE
Polistes_fuscatus	N0.HOG0000148	-1	0.137549	contraction	FALSE
Polistes_fuscatus	N0.HOG0000057	-1	0.160877	contraction	FALSE
Polistes_fuscatus	N0.HOG0000069	-1	0.160877	contraction	FALSE
Tiphia_femorata	N0.HOG0000917	7		expansion	FALSE
Tiphia_femorata	N0.HOG0000380	5		expansion	FALSE
Tiphia_femorata	N0.HOG0000064	4		expansion	FALSE
Tiphia_femorata	N0.HOG0000568	4		expansion	FALSE
Tiphia_femorata	N0.HOG0001337	4		expansion	FALSE
Tiphia_femorata	N0.HOG0003079	4		expansion	FALSE
Tiphia_femorata	N0.HOG0000229	3		expansion	FALSE
Tiphia_femorata	N0.HOG0000352	3		expansion	FALSE
Tiphia_femorata	N0.HOG0002650	3		expansion	FALSE
Tiphia_femorata	N0.HOG0005535	3		expansion	FALSE
Tiphia_femorata	N0.HOG0000021	2		expansion	FALSE
Tiphia_femorata	N0.HOG0000117	2		expansion	FALSE
Tiphia_femorata	N0.HOG0000285	2		expansion	FALSE
Tiphia_femorata	N0.HOG0000303	2		expansion	FALSE
Tiphia_femorata	N0.HOG0000311	2		expansion	FALSE
Tiphia_femorata	N0.HOG0000374	2		expansion	FALSE
Tiphia_femorata	N0.HOG0000598	2		expansion	FALSE
Tiphia_femorata	N0.HOG0000706	2		expansion	FALSE
Tiphia_femorata	N0.HOG0001012	2		expansion	FALSE
Tiphia_femorata	N0.HOG0001040	2		expansion	FALSE
Tiphia_femorata	N0.HOG0001090	2		expansion	FALSE
Tiphia_femorata	N0.HOG0001290	2		expansion	FALSE
Tiphia_femorata	N0.HOG0002134	2		expansion	FALSE
Tiphia_femorata	N0.HOG0002180	2		expansion	FALSE
Tiphia_femorata	N0.HOG0002352	2		expansion	FALSE
Tiphia_femorata	N0.HOG0002490	2		expansion	FALSE
Tiphia_femorata	N0.HOG0002493	2		expansion	FALSE
Tiphia_femorata	N0.HOG0002820	2		expansion	FALSE
Tiphia_femorata	N0.HOG0004206	2		expansion	FALSE
Tiphia_femorata	N0.HOG0005742	2		expansion	FALSE
Tiphia_femorata	N0.HOG0006933	2		expansion	FALSE
Tiphia_femorata	N0.HOG0009999	2		expansion	FALSE
Tiphia_femorata	N0.HOG0000035	1		expansion	FALSE
Tiphia_femorata	N0.HOG0000095	1		expansion	FALSE
Tiphia_femorata	N0.HOG0000109	1		expansion	FALSE
Tiphia_femorata	N0.HOG0000134	1		expansion	FALSE
Tiphia_femorata	N0.HOG0000138	1		expansion	FALSE
Tiphia_femorata	N0.HOG0000167	1		expansion	FALSE
Tiphia_femorata	N0.HOG0000172	1		expansion	FALSE
Tiphia_femorata	N0.HOG0000181	1		expansion	FALSE
Tiphia_femorata	N0.HOG0000192	1		expansion	FALSE
Tiphia_femorata	N0.HOG0000219	1		expansion	FALSE
Tiphia_femorata	N0.HOG0000265	1		expansion	FALSE
Tiphia_femorata	N0.HOG0000276	1		expansion	FALSE
Tiphia_femorata	N0.HOG0000297	1		expansion	FALSE
Tiphia_femorata	N0.HOG0000379	1		expansion	FALSE
Tiphia_femorata	N0.HOG0000412	1		expansion	FALSE
Tiphia_femorata	N0.HOG0000413	1		expansion	FALSE
Tiphia_femorata	N0.HOG0000418	1		expansion	FALSE
Tiphia_femorata	N0.HOG0000419	1		expansion	FALSE
Tiphia_femorata	N0.HOG0000427	1		expansion	FALSE
Tiphia_femorata	N0.HOG0000453	1		expansion	FALSE
Tiphia_femorata	N0.HOG0000458	1		expansion	FALSE
Tiphia_femorata	N0.HOG0000474	1		expansion	FALSE
Tiphia_femorata	N0.HOG0000475	1		expansion	FALSE
Tiphia_femorata	N0.HOG0000495	1		expansion	FALSE
Tiphia_femorata	N0.HOG0000508	1		expansion	FALSE
Tiphia_femorata	N0.HOG0000515	1		expansion	FALSE
Tiphia_femorata	N0.HOG0000524	1		expansion	FALSE
Tiphia_femorata	N0.HOG0000569	1		expansion	FALSE
Tiphia_femorata	N0.HOG0000580	1		expansion	FALSE
Tiphia_femorata	N0.HOG0000604	1		expansion	FALSE
Tiphia_femorata	N0.HOG0000608	1		expansion	FALSE
Tiphia_femorata	N0.HOG0000622	1		expansion	FALSE
Tiphia_femorata	N0.HOG0000635	1		expansion	FALSE
Tiphia_femorata	N0.HOG0000650	1		expansion	FALSE
Tiphia_femorata	N0.HOG0000652	1		expansion	FALSE
Tiphia_femorata	N0.HOG0000656	1		expansion	FALSE
Tiphia_femorata	N0.HOG0000678	1		expansion	FALSE
Tiphia_femorata	N0.HOG0000726	1		expansion	FALSE
Tiphia_femorata	N0.HOG0000749	1		expansion	FALSE
Tiphia_femorata	N0.HOG0000760	1		expansion	FALSE
Tiphia_femorata	N0.HOG0000776	1		expansion	FALSE
Tiphia_femorata	N0.HOG0000789	1		expansion	FALSE
Tiphia_femorata	N0.HOG0000835	1		expansion	FALSE
Tiphia_femorata	N0.HOG0000876	1		expansion	FALSE
Tiphia_femorata	N0.HOG0000915	1		expansion	FALSE
Tiphia_femorata	N0.HOG0001013	1		expansion	FALSE
Tiphia_femorata	N0.HOG0001038	1		expansion	FALSE
Tiphia_femorata	N0.HOG0001055	1		expansion	FALSE
Tiphia_femorata	N0.HOG0001070	1		expansion	FALSE
Tiphia_femorata	N0.HOG0001100	1		expansion	FALSE
Tiphia_femorata	N0.HOG0001121	1		expansion	FALSE
Tiphia_femorata	N0.HOG0001129	1		expansion	FALSE
Tiphia_femorata	N0.HOG0001135	1		expansion	FALSE
Tiphia_femorata	N0.HOG0001148	1		expansion	FALSE
Tiphia_femorata	N0.HOG0001155	1		expansion	FALSE
Tiphia_femorata	N0.HOG0001162	1		expansion	FALSE
Tiphia_femorata	N0.HOG0001164	1		expansion	FALSE
Tiphia_femorata	N0.HOG0001170	1		expansion	FALSE
Tiphia_femorata	N0.HOG0001189	1		expansion	FALSE
Tiphia_femorata	N0.HOG0001191	1		expansion	FALSE
Tiphia_femorata	N0.HOG0001205	1		expansion	FALSE
Tiphia_femorata	N0.HOG0001213	1		expansion	FALSE
Tiphia_femorata	N0.HOG0001216	1		expansion	FALSE
Tiphia_femorata	N0.HOG0001231	1		expansion	FALSE
Tiphia_femorata	N0.HOG0001252	1		expansion	FALSE
Tiphia_femorata	N0.HOG0001262	1		expansion	FALSE
Tiphia_femorata	N0.HOG0001306	1		expansion	FALSE
Tiphia_femorata	N0.HOG0001317	1		expansion	FALSE
Tiphia_femorata	N0.HOG0001340	1		expansion	FALSE
Tiphia_femorata	N0.HOG0001344	1		expansion	FALSE
Tiphia_femorata	N0.HOG0001366	1		expansion	FALSE
Tiphia_femorata	N0.HOG0001369	1		expansion	FALSE
Tiphia_femorata	N0.HOG0001374	1		expansion	FALSE
Tiphia_femorata	N0.HOG0001381	1		expansion	FALSE
Tiphia_femorata	N0.HOG0001387	1		expansion	FALSE
Tiphia_femorata	N0.HOG0001392	1		expansion	FALSE
Tiphia_femorata	N0.HOG0001412	1		expansion	FALSE
Tiphia_femorata	N0.HOG0001430	1		expansion	FALSE
Tiphia_femorata	N0.HOG0001434	1		expansion	FALSE
Tiphia_femorata	N0.HOG0001438	1		expansion	FALSE
Tiphia_femorata	N0.HOG0001472	1		expansion	FALSE
Tiphia_femorata	N0.HOG0001594	1		expansion	FALSE
Tiphia_femorata	N0.HOG0001599	1		expansion	FALSE
Tiphia_femorata	N0.HOG0001618	1		expansion	FALSE
Tiphia_femorata	N0.HOG0001628	1		expansion	FALSE
Tiphia_femorata	N0.HOG0001634	1		expansion	FALSE
Tiphia_femorata	N0.HOG0001643	1		expansion	FALSE
Tiphia_femorata	N0.HOG0001664	1		expansion	FALSE
Tiphia_femorata	N0.HOG0001679	1		expansion	FALSE
Tiphia_femorata	N0.HOG0001689	1		expansion	FALSE
Tiphia_femorata	N0.HOG0001700	1		expansion	FALSE
Tiphia_femorata	N0.HOG0001711	1		expansion	FALSE
Tiphia_femorata	N0.HOG0001719	1		expansion	FALSE
Tiphia_femorata	N0.HOG0001722	1		expansion	FALSE
Tiphia_femorata	N0.HOG0001751	1		expansion	FALSE
Tiphia_femorata	N0.HOG0001769	1		expansion	FALSE
Tiphia_femorata	N0.HOG0001798	1		expansion	FALSE
Tiphia_femorata	N0.HOG0001804	1		expansion	FALSE
Tiphia_femorata	N0.HOG0001836	1		expansion	FALSE
Tiphia_femorata	N0.HOG0001881	1		expansion	FALSE
Tiphia_femorata	N0.HOG0001884	1		expansion	FALSE
Tiphia_femorata	N0.HOG0001896	1		expansion	FALSE
Tiphia_femorata	N0.HOG0001917	1		expansion	FALSE
Tiphia_femorata	N0.HOG0001953	1		expansion	FALSE
Tiphia_femorata	N0.HOG0001968	1		expansion	FALSE
Tiphia_femorata	N0.HOG0001982	1		expansion	FALSE
Tiphia_femorata	N0.HOG0001988	1		expansion	FALSE
Tiphia_femorata	N0.HOG0002016	1		expansion	FALSE
Tiphia_femorata	N0.HOG0002022	1		expansion	FALSE
Tiphia_femorata	N0.HOG0002025	1		expansion	FALSE
Tiphia_femorata	N0.HOG0002032	1		expansion	FALSE
Tiphia_femorata	N0.HOG0002063	1		expansion	FALSE
Tiphia_femorata	N0.HOG0002069	1		expansion	FALSE
Tiphia_femorata	N0.HOG0002101	1		expansion	FALSE
Tiphia_femorata	N0.HOG0002105	1		expansion	FALSE
Tiphia_femorata	N0.HOG0002109	1		expansion	FALSE
Tiphia_femorata	N0.HOG0002162	1		expansion	FALSE
Tiphia_femorata	N0.HOG0002166	1		expansion	FALSE
Tiphia_femorata	N0.HOG0002172	1		expansion	FALSE
Tiphia_femorata	N0.HOG0002179	1		expansion	FALSE
Tiphia_femorata	N0.HOG0002188	1		expansion	FALSE
Tiphia_femorata	N0.HOG0002192	1		expansion	FALSE
Tiphia_femorata	N0.HOG0002209	1		expansion	FALSE
Tiphia_femorata	N0.HOG0002221	1		expansion	FALSE
Tiphia_femorata	N0.HOG0002237	1		expansion	FALSE
Tiphia_femorata	N0.HOG0002247	1		expansion	FALSE
Tiphia_femorata	N0.HOG0002254	1		expansion	FALSE
Tiphia_femorata	N0.HOG0002259	1		expansion	FALSE
Tiphia_femorata	N0.HOG0002290	1		expansion	FALSE
Tiphia_femorata	N0.HOG0002299	1		expansion	FALSE
Tiphia_femorata	N0.HOG0002308	1		expansion	FALSE
Tiphia_femorata	N0.HOG0002327	1		expansion	FALSE
Tiphia_femorata	N0.HOG0002376	1		expansion	FALSE
Tiphia_femorata	N0.HOG0002379	1		expansion	FALSE
Tiphia_femorata	N0.HOG0002418	1		expansion	FALSE
Tiphia_femorata	N0.HOG0002423	1		expansion	FALSE
Tiphia_femorata	N0.HOG0002427	1		expansion	FALSE
Tiphia_femorata	N0.HOG0002481	1		expansion	FALSE
Tiphia_femorata	N0.HOG0002492	1		expansion	FALSE
Tiphia_femorata	N0.HOG0002496	1		expansion	FALSE
Tiphia_femorata	N0.HOG0002543	1		expansion	FALSE
Tiphia_femorata	N0.HOG0002545	1		expansion	FALSE
Tiphia_femorata	N0.HOG0002551	1		expansion	FALSE
Tiphia_femorata	N0.HOG0002569	1		expansion	FALSE
Tiphia_femorata	N0.HOG0002626	1		expansion	FALSE
Tiphia_femorata	N0.HOG0002634	1		expansion	FALSE
Tiphia_femorata	N0.HOG0002635	1		expansion	FALSE
Tiphia_femorata	N0.HOG0002637	1		expansion	FALSE
Tiphia_femorata	N0.HOG0002697	1		expansion	FALSE
Tiphia_femorata	N0.HOG0002717	1		expansion	FALSE
Tiphia_femorata	N0.HOG0002736	1		expansion	FALSE
Tiphia_femorata	N0.HOG0002747	1		expansion	FALSE
Tiphia_femorata	N0.HOG0002755	1		expansion	FALSE
Tiphia_femorata	N0.HOG0002761	1		expansion	FALSE
Tiphia_femorata	N0.HOG0002766	1		expansion	FALSE
Tiphia_femorata	N0.HOG0002774	1		expansion	FALSE
Tiphia_femorata	N0.HOG0002787	1		expansion	FALSE
Tiphia_femorata	N0.HOG0002801	1		expansion	FALSE
Tiphia_femorata	N0.HOG0002804	1		expansion	FALSE
Tiphia_femorata	N0.HOG0002859	1		expansion	FALSE
Tiphia_femorata	N0.HOG0002887	1		expansion	FALSE
Tiphia_femorata	N0.HOG0002889	1		expansion	FALSE
Tiphia_femorata	N0.HOG0002915	1		expansion	FALSE
Tiphia_femorata	N0.HOG0002930	1		expansion	FALSE
Tiphia_femorata	N0.HOG0002954	1		expansion	FALSE
Tiphia_femorata	N0.HOG0002968	1		expansion	FALSE
Tiphia_femorata	N0.HOG0003001	1		expansion	FALSE
Tiphia_femorata	N0.HOG0003005	1		expansion	FALSE
Tiphia_femorata	N0.HOG0003010	1		expansion	FALSE
Tiphia_femorata	N0.HOG0003085	1		expansion	FALSE
Tiphia_femorata	N0.HOG0003096	1		expansion	FALSE
Tiphia_femorata	N0.HOG0003100	1		expansion	FALSE
Tiphia_femorata	N0.HOG0003115	1		expansion	FALSE
Tiphia_femorata	N0.HOG0003138	1		expansion	FALSE
Tiphia_femorata	N0.HOG0003146	1		expansion	FALSE
Tiphia_femorata	N0.HOG0003175	1		expansion	FALSE
Tiphia_femorata	N0.HOG0003216	1		expansion	FALSE
Tiphia_femorata	N0.HOG0003226	1		expansion	FALSE
Tiphia_femorata	N0.HOG0003251	1		expansion	FALSE
Tiphia_femorata	N0.HOG0003284	1		expansion	FALSE
Tiphia_femorata	N0.HOG0003292	1		expansion	FALSE
Tiphia_femorata	N0.HOG0003294	1		expansion	FALSE
Tiphia_femorata	N0.HOG0003338	1		expansion	FALSE
Tiphia_femorata	N0.HOG0003355	1		expansion	FALSE
Tiphia_femorata	N0.HOG0003356	1		expansion	FALSE
Tiphia_femorata	N0.HOG0003402	1		expansion	FALSE
Tiphia_femorata	N0.HOG0003463	1		expansion	FALSE
Tiphia_femorata	N0.HOG0003514	1		expansion	FALSE
Tiphia_femorata	N0.HOG0003544	1		expansion	FALSE
Tiphia_femorata	N0.HOG0003561	1		expansion	FALSE
Tiphia_femorata	N0.HOG0003586	1		expansion	FALSE
Tiphia_femorata	N0.HOG0003599	1		expansion	FALSE
Tiphia_femorata	N0.HOG0003619	1		expansion	FALSE
Tiphia_femorata	N0.HOG0003620	1		expansion	FALSE
Tiphia_femorata	N0.HOG0003637	1		expansion	FALSE
Tiphia_femorata	N0.HOG0003708	1		expansion	FALSE
Tiphia_femorata	N0.HOG0003765	1		expansion	FALSE
Tiphia_femorata	N0.HOG0003774	1		expansion	FALSE
Tiphia_femorata	N0.HOG0003776	1		expansion	FALSE
Tiphia_femorata	N0.HOG0003779	1		expansion	FALSE
Tiphia_femorata	N0.HOG0003818	1		expansion	FALSE
Tiphia_femorata	N0.HOG0003831	1		expansion	FALSE
Tiphia_femorata	N0.HOG0003892	1		expansion	FALSE
Tiphia_femorata	N0.HOG0003925	1		expansion	FALSE
Tiphia_femorata	N0.HOG0003926	1		expansion	FALSE
Tiphia_femorata	N0.HOG0003957	1		expansion	FALSE
Tiphia_femorata	N0.HOG0003976	1		expansion	FALSE
Tiphia_femorata	N0.HOG0003977	1		expansion	FALSE
Tiphia_femorata	N0.HOG0004006	1		expansion	FALSE
Tiphia_femorata	N0.HOG0004020	1		expansion	FALSE
Tiphia_femorata	N0.HOG0004143	1		expansion	FALSE
Tiphia_femorata	N0.HOG0004148	1		expansion	FALSE
Tiphia_femorata	N0.HOG0004176	1		expansion	FALSE
Tiphia_femorata	N0.HOG0004191	1		expansion	FALSE
Tiphia_femorata	N0.HOG0004235	1		expansion	FALSE
Tiphia_femorata	N0.HOG0004240	1		expansion	FALSE
Tiphia_femorata	N0.HOG0004251	1		expansion	FALSE
Tiphia_femorata	N0.HOG0004255	1		expansion	FALSE
Tiphia_femorata	N0.HOG0004291	1		expansion	FALSE
Tiphia_femorata	N0.HOG0004318	1		expansion	FALSE
Tiphia_femorata	N0.HOG0004329	1		expansion	FALSE
Tiphia_femorata	N0.HOG0004353	1		expansion	FALSE
Tiphia_femorata	N0.HOG0004380	1		expansion	FALSE
Tiphia_femorata	N0.HOG0004463	1		expansion	FALSE
Tiphia_femorata	N0.HOG0004475	1		expansion	FALSE
Tiphia_femorata	N0.HOG0004485	1		expansion	FALSE
Tiphia_femorata	N0.HOG0004526	1		expansion	FALSE
Tiphia_femorata	N0.HOG0004544	1		expansion	FALSE
Tiphia_femorata	N0.HOG0004562	1		expansion	FALSE
Tiphia_femorata	N0.HOG0004617	1		expansion	FALSE
Tiphia_femorata	N0.HOG0004624	1		expansion	FALSE
Tiphia_femorata	N0.HOG0004635	1		expansion	FALSE
Tiphia_femorata	N0.HOG0004727	1		expansion	FALSE
Tiphia_femorata	N0.HOG0004769	1		expansion	FALSE
Tiphia_femorata	N0.HOG0004772	1		expansion	FALSE
Tiphia_femorata	N0.HOG0004798	1		expansion	FALSE
Tiphia_femorata	N0.HOG0004876	1		expansion	FALSE
Tiphia_femorata	N0.HOG0004989	1		expansion	FALSE
Tiphia_femorata	N0.HOG0005012	1		expansion	FALSE
Tiphia_femorata	N0.HOG0005013	1		expansion	FALSE
Tiphia_femorata	N0.HOG0005032	1		expansion	FALSE
Tiphia_femorata	N0.HOG0005051	1		expansion	FALSE
Tiphia_femorata	N0.HOG0005059	1		expansion	FALSE
Tiphia_femorata	N0.HOG0005123	1		expansion	FALSE
Tiphia_femorata	N0.HOG0005130	1		expansion	FALSE
Tiphia_femorata	N0.HOG0005133	1		expansion	FALSE
Tiphia_femorata	N0.HOG0005173	1		expansion	FALSE
Tiphia_femorata	N0.HOG0005245	1		expansion	FALSE
Tiphia_femorata	N0.HOG0005254	1		expansion	FALSE
Tiphia_femorata	N0.HOG0005423	1		expansion	FALSE
Tiphia_femorata	N0.HOG0005557	1		expansion	FALSE
Tiphia_femorata	N0.HOG0005735	1		expansion	FALSE
Tiphia_femorata	N0.HOG0005752	1		expansion	FALSE
Tiphia_femorata	N0.HOG0005778	1		expansion	FALSE
Tiphia_femorata	N0.HOG0005901	1		expansion	FALSE
Tiphia_femorata	N0.HOG0006098	1		expansion	FALSE
Tiphia_femorata	N0.HOG0006101	1		expansion	FALSE
Tiphia_femorata	N0.HOG0006284	1		expansion	FALSE
Tiphia_femorata	N0.HOG0006419	1		expansion	FALSE
Tiphia_femorata	N0.HOG0006442	1		expansion	FALSE
Tiphia_femorata	N0.HOG0006539	1		expansion	FALSE
Tiphia_femorata	N0.HOG0006583	1		expansion	FALSE
Tiphia_femorata	N0.HOG0006602	1		expansion	FALSE
Tiphia_femorata	N0.HOG0006703	1		expansion	FALSE
Tiphia_femorata	N0.HOG0006777	1		expansion	FALSE
Tiphia_femorata	N0.HOG0006841	1		expansion	FALSE
Tiphia_femorata	N0.HOG0006975	1		expansion	FALSE
Tiphia_femorata	N0.HOG0006987	1		expansion	FALSE
Tiphia_femorata	N0.HOG0007030	1		expansion	FALSE
Tiphia_femorata	N0.HOG0007064	1		expansion	FALSE
Tiphia_femorata	N0.HOG0007077	1		expansion	FALSE
Tiphia_femorata	N0.HOG0007084	1		expansion	FALSE
Tiphia_femorata	N0.HOG0007317	1		expansion	FALSE
Tiphia_femorata	N0.HOG0007391	1		expansion	FALSE
Tiphia_femorata	N0.HOG0007489	1		expansion	FALSE
Tiphia_femorata	N0.HOG0007550	1		expansion	FALSE
Tiphia_femorata	N0.HOG0007558	1		expansion	FALSE
Tiphia_femorata	N0.HOG0007586	1		expansion	FALSE
Tiphia_femorata	N0.HOG0007650	1		expansion	FALSE
Tiphia_femorata	N0.HOG0007658	1		expansion	FALSE
Tiphia_femorata	N0.HOG0007669	1		expansion	FALSE
Tiphia_femorata	N0.HOG0007907	1		expansion	FALSE
Tiphia_femorata	N0.HOG0007951	1		expansion	FALSE
Tiphia_femorata	N0.HOG0007952	1		expansion	FALSE
Tiphia_femorata	N0.HOG0007978	1		expansion	FALSE
Tiphia_femorata	N0.HOG0008165	1		expansion	FALSE
Tiphia_femorata	N0.HOG0008181	1		expansion	FALSE
Tiphia_femorata	N0.HOG0008201	1		expansion	FALSE
Tiphia_femorata	N0.HOG0008216	1		expansion	FALSE
Tiphia_femorata	N0.HOG0008265	1		expansion	FALSE
Tiphia_femorata	N0.HOG0008476	1		expansion	FALSE
Tiphia_femorata	N0.HOG0008567	1		expansion	FALSE
Tiphia_femorata	N0.HOG0008589	1		expansion	FALSE
Tiphia_femorata	N0.HOG0008602	1		expansion	FALSE
Tiphia_femorata	N0.HOG0008625	1		expansion	FALSE
Tiphia_femorata	N0.HOG0008673	1		expansion	FALSE
Tiphia_femorata	N0.HOG0008713	1		expansion	FALSE
Tiphia_femorata	N0.HOG0008784	1		expansion	FALSE
Tiphia_femorata	N0.HOG0008834	1		expansion	FALSE
Tiphia_femorata	N0.HOG0008967	1		expansion	FALSE
Tiphia_femorata	N0.HOG0009006	1		expansion	FALSE
Tiphia_femorata	N0.HOG0009162	1		expansion	FALSE
Tiphia_femorata	N0.HOG0009263	1		expansion	FALSE
Tiphia_femorata	N0.HOG0009380	1		expansion	FALSE
Tiphia_femorata	N0.HOG0009556	1		expansion	FALSE
Tiphia_femorata	N0.HOG0009737	1		expansion	FALSE
Tiphia_femorata	N0.HOG0009738	1		expansion	FALSE
Tiphia_femorata	N0.HOG0009944	1		expansion	FALSE
Tiphia_femorata	N0.HOG0015152	1		expansion	FALSE
Tiphia_femorata	N0.HOG0000088	-1		contraction	FALSE
Tiphia_femorata	N0.HOG0000135	-1		contraction	FALSE
Tiphia_femorata	N0.HOG0000146	-1		contraction	FALSE
Tiphia_femorata	N0.HOG0000180	-1		contraction	FALSE
Tiphia_femorata	N0.HOG0000202	-1		contraction	FALSE
Tiphia_femorata	N0.HOG0000209	-1		contraction	FALSE
Tiphia_femorata	N0.HOG0000220	-1		contraction	FALSE
Tiphia_femorata	N0.HOG0000226	-1		contraction	FALSE
Tiphia_femorata	N0.HOG0000231	-1		contraction	FALSE
Tiphia_femorata	N0.HOG0000238	-1		contraction	FALSE
Tiphia_femorata	N0.HOG0000271	-1		contraction	FALSE
Tiphia_femorata	N0.HOG0000294	-1		contraction	FALSE
Tiphia_femorata	N0.HOG0000302	-1		contraction	FALSE
Tiphia_femorata	N0.HOG0000329	-1		contraction	FALSE
Tiphia_femorata	N0.HOG0000356	-1		contraction	FALSE
Tiphia_femorata	N0.HOG0000383	-1		contraction	FALSE
Tiphia_femorata	N0.HOG0000385	-1		contraction	FALSE
Tiphia_femorata	N0.HOG0000386	-1		contraction	FALSE
Tiphia_femorata	N0.HOG0000400	-1		contraction	FALSE
Tiphia_femorata	N0.HOG0000406	-1		contraction	FALSE
Tiphia_femorata	N0.HOG0000420	-1		contraction	FALSE
Tiphia_femorata	N0.HOG0000428	-1		contraction	FALSE
Tiphia_femorata	N0.HOG0000433	-1		contraction	FALSE
Tiphia_femorata	N0.HOG0000452	-1		contraction	FALSE
Tiphia_femorata	N0.HOG0000455	-1		contraction	FALSE
Tiphia_femorata	N0.HOG0000457	-1		contraction	FALSE
Tiphia_femorata	N0.HOG0000469	-1		contraction	FALSE
Tiphia_femorata	N0.HOG0000479	-1		contraction	FALSE
Tiphia_femorata	N0.HOG0000500	-1		contraction	FALSE
Tiphia_femorata	N0.HOG0000526	-1		contraction	FALSE
Tiphia_femorata	N0.HOG0000528	-1		contraction	FALSE
Tiphia_femorata	N0.HOG0000535	-1		contraction	FALSE
Tiphia_femorata	N0.HOG0000549	-1		contraction	FALSE
Tiphia_femorata	N0.HOG0000553	-1		contraction	FALSE
Tiphia_femorata	N0.HOG0000564	-1		contraction	FALSE
Tiphia_femorata	N0.HOG0000570	-1		contraction	FALSE
Tiphia_femorata	N0.HOG0000572	-1		contraction	FALSE
Tiphia_femorata	N0.HOG0000583	-1		contraction	FALSE
Tiphia_femorata	N0.HOG0000586	-1		contraction	FALSE
Tiphia_femorata	N0.HOG0000596	-1		contraction	FALSE
Tiphia_femorata	N0.HOG0000600	-1		contraction	FALSE
Tiphia_femorata	N0.HOG0000616	-1		contraction	FALSE
Tiphia_femorata	N0.HOG0000624	-1		contraction	FALSE
Tiphia_femorata	N0.HOG0000628	-1		contraction	FALSE
Tiphia_femorata	N0.HOG0000637	-1		contraction	FALSE
Tiphia_femorata	N0.HOG0000675	-1		contraction	FALSE
Tiphia_femorata	N0.HOG0000696	-1		contraction	FALSE
Tiphia_femorata	N0.HOG0000701	-1		contraction	FALSE
Tiphia_femorata	N0.HOG0000716	-1		contraction	FALSE
Tiphia_femorata	N0.HOG0000724	-1		contraction	FALSE
Tiphia_femorata	N0.HOG0000730	-1		contraction	FALSE
Tiphia_femorata	N0.HOG0000750	-1		contraction	FALSE
Tiphia_femorata	N0.HOG0000767	-1		contraction	FALSE
Tiphia_femorata	N0.HOG0000777	-1		contraction	FALSE
Tiphia_femorata	N0.HOG0000805	-1		contraction	FALSE
Tiphia_femorata	N0.HOG0000810	-1		contraction	FALSE
Tiphia_femorata	N0.HOG0000927	-1		contraction	FALSE
Tiphia_femorata	N0.HOG0001022	-1		contraction	FALSE
Tiphia_femorata	N0.HOG0001064	-1		contraction	FALSE
Tiphia_femorata	N0.HOG0001072	-1		contraction	FALSE
Tiphia_femorata	N0.HOG0001086	-1		contraction	FALSE
Tiphia_femorata	N0.HOG0001124	-1		contraction	FALSE
Tiphia_femorata	N0.HOG0001167	-1		contraction	FALSE
Tiphia_femorata	N0.HOG0001172	-1		contraction	FALSE
Tiphia_femorata	N0.HOG0001183	-1		contraction	FALSE
Tiphia_femorata	N0.HOG0001242	-1		contraction	FALSE
Tiphia_femorata	N0.HOG0001296	-1		contraction	FALSE
Tiphia_femorata	N0.HOG0001309	-1		contraction	FALSE
Tiphia_femorata	N0.HOG0001318	-1		contraction	FALSE
Tiphia_femorata	N0.HOG0001329	-1		contraction	FALSE
Tiphia_femorata	N0.HOG0001403	-1		contraction	FALSE
Tiphia_femorata	N0.HOG0001439	-1		contraction	FALSE
Tiphia_femorata	N0.HOG0001459	-1		contraction	FALSE
Tiphia_femorata	N0.HOG0001486	-1		contraction	FALSE
Tiphia_femorata	N0.HOG0001516	-1		contraction	FALSE
Tiphia_femorata	N0.HOG0001538	-1		contraction	FALSE
Tiphia_femorata	N0.HOG0001567	-1		contraction	FALSE
Tiphia_femorata	N0.HOG0001569	-1		contraction	FALSE
Tiphia_femorata	N0.HOG0001576	-1		contraction	FALSE
Tiphia_femorata	N0.HOG0001580	-1		contraction	FALSE
Tiphia_femorata	N0.HOG0001710	-1		contraction	FALSE
Tiphia_femorata	N0.HOG0001728	-1		contraction	FALSE
Tiphia_femorata	N0.HOG0001736	-1		contraction	FALSE
Tiphia_femorata	N0.HOG0001738	-1		contraction	FALSE
Tiphia_femorata	N0.HOG0001773	-1		contraction	FALSE
Tiphia_femorata	N0.HOG0001795	-1		contraction	FALSE
Tiphia_femorata	N0.HOG0001819	-1		contraction	FALSE
Tiphia_femorata	N0.HOG0001820	-1		contraction	FALSE
Tiphia_femorata	N0.HOG0001829	-1		contraction	FALSE
Tiphia_femorata	N0.HOG0001848	-1		contraction	FALSE
Tiphia_femorata	N0.HOG0001879	-1		contraction	FALSE
Tiphia_femorata	N0.HOG0001882	-1		contraction	FALSE
Tiphia_femorata	N0.HOG0001895	-1		contraction	FALSE
Tiphia_femorata	N0.HOG0001912	-1		contraction	FALSE
Tiphia_femorata	N0.HOG0001939	-1		contraction	FALSE
Tiphia_femorata	N0.HOG0001980	-1		contraction	FALSE
Tiphia_femorata	N0.HOG0001981	-1		contraction	FALSE
Tiphia_femorata	N0.HOG0001992	-1		contraction	FALSE
Tiphia_femorata	N0.HOG0001998	-1		contraction	FALSE
Tiphia_femorata	N0.HOG0002020	-1		contraction	FALSE
Tiphia_femorata	N0.HOG0002029	-1		contraction	FALSE
Tiphia_femorata	N0.HOG0002056	-1		contraction	FALSE
Tiphia_femorata	N0.HOG0002149	-1		contraction	FALSE
Tiphia_femorata	N0.HOG0002157	-1		contraction	FALSE
Tiphia_femorata	N0.HOG0002184	-1		contraction	FALSE
Tiphia_femorata	N0.HOG0002206	-1		contraction	FALSE
Tiphia_femorata	N0.HOG0002211	-1		contraction	FALSE
Tiphia_femorata	N0.HOG0002238	-1		contraction	FALSE
Tiphia_femorata	N0.HOG0002279	-1		contraction	FALSE
Tiphia_femorata	N0.HOG0002303	-1		contraction	FALSE
Tiphia_femorata	N0.HOG0002331	-1		contraction	FALSE
Tiphia_femorata	N0.HOG0002370	-1		contraction	FALSE
Tiphia_femorata	N0.HOG0002390	-1		contraction	FALSE
Tiphia_femorata	N0.HOG0002392	-1		contraction	FALSE
Tiphia_femorata	N0.HOG0002448	-1		contraction	FALSE
Tiphia_femorata	N0.HOG0002451	-1		contraction	FALSE
Tiphia_femorata	N0.HOG0002453	-1		contraction	FALSE
Tiphia_femorata	N0.HOG0002474	-1		contraction	FALSE
Tiphia_femorata	N0.HOG0002484	-1		contraction	FALSE
Tiphia_femorata	N0.HOG0002494	-1		contraction	FALSE
Tiphia_femorata	N0.HOG0002511	-1		contraction	FALSE
Tiphia_femorata	N0.HOG0002530	-1		contraction	FALSE
Tiphia_femorata	N0.HOG0002559	-1		contraction	FALSE
Tiphia_femorata	N0.HOG0002588	-1		contraction	FALSE
Tiphia_femorata	N0.HOG0002602	-1		contraction	FALSE
Tiphia_femorata	N0.HOG0002610	-1		contraction	FALSE
Tiphia_femorata	N0.HOG0002631	-1		contraction	FALSE
Tiphia_femorata	N0.HOG0002642	-1		contraction	FALSE
Tiphia_femorata	N0.HOG0002652	-1		contraction	FALSE
Tiphia_femorata	N0.HOG0002656	-1		contraction	FALSE
Tiphia_femorata	N0.HOG0002659	-1		contraction	FALSE
Tiphia_femorata	N0.HOG0002709	-1		contraction	FALSE
Tiphia_femorata	N0.HOG0002714	-1		contraction	FALSE
Tiphia_femorata	N0.HOG0002724	-1		contraction	FALSE
Tiphia_femorata	N0.HOG0002734	-1		contraction	FALSE
Tiphia_femorata	N0.HOG0002752	-1		contraction	FALSE
Tiphia_femorata	N0.HOG0002772	-1		contraction	FALSE
Tiphia_femorata	N0.HOG0002806	-1		contraction	FALSE
Tiphia_femorata	N0.HOG0002808	-1		contraction	FALSE
Tiphia_femorata	N0.HOG0002823	-1		contraction	FALSE
Tiphia_femorata	N0.HOG0002826	-1		contraction	FALSE
Tiphia_femorata	N0.HOG0002830	-1		contraction	FALSE
Tiphia_femorata	N0.HOG0002839	-1		contraction	FALSE
Tiphia_femorata	N0.HOG0002845	-1		contraction	FALSE
Tiphia_femorata	N0.HOG0002860	-1		contraction	FALSE
Tiphia_femorata	N0.HOG0002892	-1		contraction	FALSE
Tiphia_femorata	N0.HOG0002906	-1		contraction	FALSE
Tiphia_femorata	N0.HOG0002947	-1		contraction	FALSE
Tiphia_femorata	N0.HOG0002948	-1		contraction	FALSE
Tiphia_femorata	N0.HOG0002997	-1		contraction	FALSE
Tiphia_femorata	N0.HOG0003002	-1		contraction	FALSE
Tiphia_femorata	N0.HOG0003041	-1		contraction	FALSE
Tiphia_femorata	N0.HOG0003053	-1		contraction	FALSE
Tiphia_femorata	N0.HOG0003082	-1		contraction	FALSE
Tiphia_femorata	N0.HOG0003083	-1		contraction	FALSE
Tiphia_femorata	N0.HOG0003116	-1		contraction	FALSE
Tiphia_femorata	N0.HOG0003132	-1		contraction	FALSE
Tiphia_femorata	N0.HOG0003139	-1		contraction	FALSE
Tiphia_femorata	N0.HOG0003141	-1		contraction	FALSE
Tiphia_femorata	N0.HOG0003144	-1		contraction	FALSE
Tiphia_femorata	N0.HOG0003145	-1		contraction	FALSE
Tiphia_femorata	N0.HOG0003148	-1		contraction	FALSE
Tiphia_femorata	N0.HOG0003210	-1		contraction	FALSE
Tiphia_femorata	N0.HOG0003224	-1		contraction	FALSE
Tiphia_femorata	N0.HOG0003273	-1		contraction	FALSE
Tiphia_femorata	N0.HOG0003276	-1		contraction	FALSE
Tiphia_femorata	N0.HOG0003285	-1		contraction	FALSE
Tiphia_femorata	N0.HOG0003318	-1		contraction	FALSE
Tiphia_femorata	N0.HOG0003385	-1		contraction	FALSE
Tiphia_femorata	N0.HOG0003393	-1		contraction	FALSE
Tiphia_femorata	N0.HOG0003400	-1		contraction	FALSE
Tiphia_femorata	N0.HOG0003491	-1		contraction	FALSE
Tiphia_femorata	N0.HOG0003495	-1		contraction	FALSE
Tiphia_femorata	N0.HOG0003498	-1		contraction	FALSE
Tiphia_femorata	N0.HOG0003518	-1		contraction	FALSE
Tiphia_femorata	N0.HOG0003519	-1		contraction	FALSE
Tiphia_femorata	N0.HOG0003550	-1		contraction	FALSE
Tiphia_femorata	N0.HOG0003563	-1		contraction	FALSE
Tiphia_femorata	N0.HOG0003572	-1		contraction	FALSE
Tiphia_femorata	N0.HOG0003602	-1		contraction	FALSE
Tiphia_femorata	N0.HOG0003632	-1		contraction	FALSE
Tiphia_femorata	N0.HOG0003640	-1		contraction	FALSE
Tiphia_femorata	N0.HOG0003665	-1		contraction	FALSE
Tiphia_femorata	N0.HOG0003695	-1		contraction	FALSE
Tiphia_femorata	N0.HOG0003704	-1		contraction	FALSE
Tiphia_femorata	N0.HOG0003713	-1		contraction	FALSE
Tiphia_femorata	N0.HOG0003717	-1		contraction	FALSE
Tiphia_femorata	N0.HOG0003733	-1		contraction	FALSE
Tiphia_femorata	N0.HOG0003734	-1		contraction	FALSE
Tiphia_femorata	N0.HOG0003798	-1		contraction	FALSE
Tiphia_femorata	N0.HOG0003806	-1		contraction	FALSE
Tiphia_femorata	N0.HOG0003807	-1		contraction	FALSE
Tiphia_femorata	N0.HOG0003808	-1		contraction	FALSE
Tiphia_femorata	N0.HOG0003816	-1		contraction	FALSE
Tiphia_femorata	N0.HOG0003821	-1		contraction	FALSE
Tiphia_femorata	N0.HOG0003822	-1		contraction	FALSE
Tiphia_femorata	N0.HOG0003827	-1		contraction	FALSE
Tiphia_femorata	N0.HOG0003838	-1		contraction	FALSE
Tiphia_femorata	N0.HOG0003902	-1		contraction	FALSE
Tiphia_femorata	N0.HOG0003965	-1		contraction	FALSE
Tiphia_femorata	N0.HOG0003981	-1		contraction	FALSE
Tiphia_femorata	N0.HOG0003985	-1		contraction	FALSE
Tiphia_femorata	N0.HOG0003988	-1		contraction	FALSE
Tiphia_femorata	N0.HOG0003990	-1		contraction	FALSE
Tiphia_femorata	N0.HOG0003998	-1		contraction	FALSE
Tiphia_femorata	N0.HOG0004039	-1		contraction	FALSE
Tiphia_femorata	N0.HOG0004046	-1		contraction	FALSE
Tiphia_femorata	N0.HOG0004055	-1		contraction	FALSE
Tiphia_femorata	N0.HOG0004094	-1		contraction	FALSE
Tiphia_femorata	N0.HOG0004116	-1		contraction	FALSE
Tiphia_femorata	N0.HOG0004133	-1		contraction	FALSE
Tiphia_femorata	N0.HOG0004134	-1		contraction	FALSE
Tiphia_femorata	N0.HOG0004141	-1		contraction	FALSE
Tiphia_femorata	N0.HOG0004153	-1		contraction	FALSE
Tiphia_femorata	N0.HOG0004155	-1		contraction	FALSE
Tiphia_femorata	N0.HOG0004164	-1		contraction	FALSE
Tiphia_femorata	N0.HOG0004177	-1		contraction	FALSE
Tiphia_femorata	N0.HOG0004195	-1		contraction	FALSE
Tiphia_femorata	N0.HOG0004197	-1		contraction	FALSE
Tiphia_femorata	N0.HOG0004212	-1		contraction	FALSE
Tiphia_femorata	N0.HOG0004242	-1		contraction	FALSE
Tiphia_femorata	N0.HOG0004245	-1		contraction	FALSE
Tiphia_femorata	N0.HOG0004247	-1		contraction	FALSE
Tiphia_femorata	N0.HOG0004303	-1		contraction	FALSE
Tiphia_femorata	N0.HOG0004308	-1		contraction	FALSE
Tiphia_femorata	N0.HOG0004334	-1		contraction	FALSE
Tiphia_femorata	N0.HOG0004345	-1		contraction	FALSE
Tiphia_femorata	N0.HOG0004366	-1		contraction	FALSE
Tiphia_femorata	N0.HOG0004392	-1		contraction	FALSE
Tiphia_femorata	N0.HOG0004393	-1		contraction	FALSE
Tiphia_femorata	N0.HOG0004418	-1		contraction	FALSE
Tiphia_femorata	N0.HOG0004438	-1		contraction	FALSE
Tiphia_femorata	N0.HOG0004563	-1		contraction	FALSE
Tiphia_femorata	N0.HOG0004576	-1		contraction	FALSE
Tiphia_femorata	N0.HOG0004601	-1		contraction	FALSE
Tiphia_femorata	N0.HOG0004610	-1		contraction	FALSE
Tiphia_femorata	N0.HOG0004644	-1		contraction	FALSE
Tiphia_femorata	N0.HOG0004680	-1		contraction	FALSE
Tiphia_femorata	N0.HOG0004699	-1		contraction	FALSE
Tiphia_femorata	N0.HOG0004707	-1		contraction	FALSE
Tiphia_femorata	N0.HOG0004717	-1		contraction	FALSE
Tiphia_femorata	N0.HOG0004720	-1		contraction	FALSE
Tiphia_femorata	N0.HOG0004734	-1		contraction	FALSE
Tiphia_femorata	N0.HOG0004760	-1		contraction	FALSE
Tiphia_femorata	N0.HOG0004788	-1		contraction	FALSE
Tiphia_femorata	N0.HOG0004809	-1		contraction	FALSE
Tiphia_femorata	N0.HOG0004811	-1		contraction	FALSE
Tiphia_femorata	N0.HOG0004812	-1		contraction	FALSE
Tiphia_femorata	N0.HOG0004828	-1		contraction	FALSE
Tiphia_femorata	N0.HOG0004836	-1		contraction	FALSE
Tiphia_femorata	N0.HOG0004837	-1		contraction	FALSE
Tiphia_femorata	N0.HOG0004851	-1		contraction	FALSE
Tiphia_femorata	N0.HOG0004874	-1		contraction	FALSE
Tiphia_femorata	N0.HOG0004904	-1		contraction	FALSE
Tiphia_femorata	N0.HOG0004911	-1		contraction	FALSE
Tiphia_femorata	N0.HOG0004912	-1		contraction	FALSE
Tiphia_femorata	N0.HOG0004928	-1		contraction	FALSE
Tiphia_femorata	N0.HOG0004936	-1		contraction	FALSE
Tiphia_femorata	N0.HOG0004952	-1		contraction	FALSE
Tiphia_femorata	N0.HOG0004965	-1		contraction	FALSE
Tiphia_femorata	N0.HOG0004969	-1		contraction	FALSE
Tiphia_femorata	N0.HOG0005016	-1		contraction	FALSE
Tiphia_femorata	N0.HOG0005030	-1		contraction	FALSE
Tiphia_femorata	N0.HOG0005050	-1		contraction	FALSE
Tiphia_femorata	N0.HOG0005224	-1		contraction	FALSE
Tiphia_femorata	N0.HOG0005281	-1		contraction	FALSE
Tiphia_femorata	N0.HOG0005293	-1		contraction	FALSE
Tiphia_femorata	N0.HOG0005300	-1		contraction	FALSE
Tiphia_femorata	N0.HOG0005301	-1		contraction	FALSE
Tiphia_femorata	N0.HOG0005302	-1		contraction	FALSE
Tiphia_femorata	N0.HOG0005306	-1		contraction	FALSE
Tiphia_femorata	N0.HOG0005307	-1		contraction	FALSE
Tiphia_femorata	N0.HOG0005310	-1		contraction	FALSE
Tiphia_femorata	N0.HOG0005324	-1		contraction	FALSE
Tiphia_femorata	N0.HOG0005369	-1		contraction	FALSE
Tiphia_femorata	N0.HOG0005415	-1		contraction	FALSE
Tiphia_femorata	N0.HOG0005416	-1		contraction	FALSE
Tiphia_femorata	N0.HOG0005445	-1		contraction	FALSE
Tiphia_femorata	N0.HOG0005447	-1		contraction	FALSE
Tiphia_femorata	N0.HOG0005448	-1		contraction	FALSE
Tiphia_femorata	N0.HOG0005508	-1		contraction	FALSE
Tiphia_femorata	N0.HOG0005518	-1		contraction	FALSE
Tiphia_femorata	N0.HOG0005525	-1		contraction	FALSE
Tiphia_femorata	N0.HOG0005560	-1		contraction	FALSE
Tiphia_femorata	N0.HOG0005564	-1		contraction	FALSE
Tiphia_femorata	N0.HOG0005590	-1		contraction	FALSE
Tiphia_femorata	N0.HOG0005609	-1		contraction	FALSE
Tiphia_femorata	N0.HOG0005620	-1		contraction	FALSE
Tiphia_femorata	N0.HOG0005694	-1		contraction	FALSE
Tiphia_femorata	N0.HOG0005718	-1		contraction	FALSE
Tiphia_femorata	N0.HOG0005727	-1		contraction	FALSE
Tiphia_femorata	N0.HOG0005774	-1		contraction	FALSE
Tiphia_femorata	N0.HOG0005792	-1		contraction	FALSE
Tiphia_femorata	N0.HOG0005793	-1		contraction	FALSE
Tiphia_femorata	N0.HOG0005794	-1		contraction	FALSE
Tiphia_femorata	N0.HOG0005805	-1		contraction	FALSE
Tiphia_femorata	N0.HOG0005827	-1		contraction	FALSE
Tiphia_femorata	N0.HOG0005836	-1		contraction	FALSE
Tiphia_femorata	N0.HOG0005841	-1		contraction	FALSE
Tiphia_femorata	N0.HOG0005855	-1		contraction	FALSE
Tiphia_femorata	N0.HOG0005858	-1		contraction	FALSE
Tiphia_femorata	N0.HOG0005859	-1		contraction	FALSE
Tiphia_femorata	N0.HOG0005880	-1		contraction	FALSE
Tiphia_femorata	N0.HOG0005892	-1		contraction	FALSE
Tiphia_femorata	N0.HOG0005933	-1		contraction	FALSE
Tiphia_femorata	N0.HOG0005944	-1		contraction	FALSE
Tiphia_femorata	N0.HOG0005946	-1		contraction	FALSE
Tiphia_femorata	N0.HOG0005947	-1		contraction	FALSE
Tiphia_femorata	N0.HOG0005952	-1		contraction	FALSE
Tiphia_femorata	N0.HOG0005961	-1		contraction	FALSE
Tiphia_femorata	N0.HOG0005971	-1		contraction	FALSE
Tiphia_femorata	N0.HOG0005974	-1		contraction	FALSE
Tiphia_femorata	N0.HOG0005987	-1		contraction	FALSE
Tiphia_femorata	N0.HOG0005989	-1		contraction	FALSE
Tiphia_femorata	N0.HOG0005991	-1		contraction	FALSE
Tiphia_femorata	N0.HOG0006012	-1		contraction	FALSE
Tiphia_femorata	N0.HOG0006017	-1		contraction	FALSE
Tiphia_femorata	N0.HOG0006019	-1		contraction	FALSE
Tiphia_femorata	N0.HOG0006032	-1		contraction	FALSE
Tiphia_femorata	N0.HOG0006045	-1		contraction	FALSE
Tiphia_femorata	N0.HOG0006057	-1		contraction	FALSE
Tiphia_femorata	N0.HOG0006088	-1		contraction	FALSE
Tiphia_femorata	N0.HOG0006100	-1		contraction	FALSE
Tiphia_femorata	N0.HOG0006108	-1		contraction	FALSE
Tiphia_femorata	N0.HOG0006112	-1		contraction	FALSE
Tiphia_femorata	N0.HOG0006113	-1		contraction	FALSE
Tiphia_femorata	N0.HOG0006125	-1		contraction	FALSE
Tiphia_femorata	N0.HOG0006126	-1		contraction	FALSE
Tiphia_femorata	N0.HOG0006135	-1		contraction	FALSE
Tiphia_femorata	N0.HOG0006140	-1		contraction	FALSE
Tiphia_femorata	N0.HOG0006148	-1		contraction	FALSE
Tiphia_femorata	N0.HOG0006152	-1		contraction	FALSE
Tiphia_femorata	N0.HOG0006185	-1		contraction	FALSE
Tiphia_femorata	N0.HOG0006186	-1		contraction	FALSE
Tiphia_femorata	N0.HOG0006219	-1		contraction	FALSE
Tiphia_femorata	N0.HOG0006223	-1		contraction	FALSE
Tiphia_femorata	N0.HOG0006237	-1		contraction	FALSE
Tiphia_femorata	N0.HOG0006276	-1		contraction	FALSE
Tiphia_femorata	N0.HOG0006277	-1		contraction	FALSE
Tiphia_femorata	N0.HOG0006287	-1		contraction	FALSE
Tiphia_femorata	N0.HOG0006315	-1		contraction	FALSE
Tiphia_femorata	N0.HOG0006316	-1		contraction	FALSE
Tiphia_femorata	N0.HOG0006317	-1		contraction	FALSE
Tiphia_femorata	N0.HOG0006336	-1		contraction	FALSE
Tiphia_femorata	N0.HOG0006352	-1		contraction	FALSE
Tiphia_femorata	N0.HOG0006385	-1		contraction	FALSE
Tiphia_femorata	N0.HOG0006414	-1		contraction	FALSE
Tiphia_femorata	N0.HOG0006418	-1		contraction	FALSE
Tiphia_femorata	N0.HOG0006427	-1		contraction	FALSE
Tiphia_femorata	N0.HOG0006446	-1		contraction	FALSE
Tiphia_femorata	N0.HOG0006450	-1		contraction	FALSE
Tiphia_femorata	N0.HOG0006464	-1		contraction	FALSE
Tiphia_femorata	N0.HOG0006483	-1		contraction	FALSE
Tiphia_femorata	N0.HOG0006484	-1		contraction	FALSE
Tiphia_femorata	N0.HOG0006489	-1		contraction	FALSE
Tiphia_femorata	N0.HOG0006518	-1		contraction	FALSE
Tiphia_femorata	N0.HOG0006532	-1		contraction	FALSE
Tiphia_femorata	N0.HOG0006549	-1		contraction	FALSE
Tiphia_femorata	N0.HOG0006557	-1		contraction	FALSE
Tiphia_femorata	N0.HOG0006559	-1		contraction	FALSE
Tiphia_femorata	N0.HOG0006580	-1		contraction	FALSE
Tiphia_femorata	N0.HOG0006582	-1		contraction	FALSE
Tiphia_femorata	N0.HOG0006590	-1		contraction	FALSE
Tiphia_femorata	N0.HOG0006612	-1		contraction	FALSE
Tiphia_femorata	N0.HOG0006613	-1		contraction	FALSE
Tiphia_femorata	N0.HOG0006628	-1		contraction	FALSE
Tiphia_femorata	N0.HOG0006636	-1		contraction	FALSE
Tiphia_femorata	N0.HOG0006666	-1		contraction	FALSE
Tiphia_femorata	N0.HOG0006677	-1		contraction	FALSE
Tiphia_femorata	N0.HOG0006679	-1		contraction	FALSE
Tiphia_femorata	N0.HOG0006686	-1		contraction	FALSE
Tiphia_femorata	N0.HOG0006705	-1		contraction	FALSE
Tiphia_femorata	N0.HOG0006724	-1		contraction	FALSE
Tiphia_femorata	N0.HOG0006729	-1		contraction	FALSE
Tiphia_femorata	N0.HOG0006746	-1		contraction	FALSE
Tiphia_femorata	N0.HOG0006747	-1		contraction	FALSE
Tiphia_femorata	N0.HOG0006749	-1		contraction	FALSE
Tiphia_femorata	N0.HOG0006752	-1		contraction	FALSE
Tiphia_femorata	N0.HOG0006764	-1		contraction	FALSE
Tiphia_femorata	N0.HOG0006765	-1		contraction	FALSE
Tiphia_femorata	N0.HOG0006772	-1		contraction	FALSE
Tiphia_femorata	N0.HOG0006776	-1		contraction	FALSE
Tiphia_femorata	N0.HOG0006780	-1		contraction	FALSE
Tiphia_femorata	N0.HOG0006783	-1		contraction	FALSE
Tiphia_femorata	N0.HOG0006811	-1		contraction	FALSE
Tiphia_femorata	N0.HOG0006812	-1		contraction	FALSE
Tiphia_femorata	N0.HOG0006827	-1		contraction	FALSE
Tiphia_femorata	N0.HOG0006828	-1		contraction	FALSE
Tiphia_femorata	N0.HOG0006830	-1		contraction	FALSE
Tiphia_femorata	N0.HOG0006831	-1		contraction	FALSE
Tiphia_femorata	N0.HOG0006838	-1		contraction	FALSE
Tiphia_femorata	N0.HOG0006853	-1		contraction	FALSE
Tiphia_femorata	N0.HOG0006856	-1		contraction	FALSE
Tiphia_femorata	N0.HOG0006867	-1		contraction	FALSE
Tiphia_femorata	N0.HOG0006873	-1		contraction	FALSE
Tiphia_femorata	N0.HOG0006874	-1		contraction	FALSE
Tiphia_femorata	N0.HOG0006880	-1		contraction	FALSE
Tiphia_femorata	N0.HOG0006883	-1		contraction	FALSE
Tiphia_femorata	N0.HOG0006907	-1		contraction	FALSE
Tiphia_femorata	N0.HOG0006931	-1		contraction	FALSE
Tiphia_femorata	N0.HOG0006938	-1		contraction	FALSE
Tiphia_femorata	N0.HOG0006940	-1		contraction	FALSE
Tiphia_femorata	N0.HOG0006956	-1		contraction	FALSE
Tiphia_femorata	N0.HOG0006958	-1		contraction	FALSE
Tiphia_femorata	N0.HOG0006977	-1		contraction	FALSE
Tiphia_femorata	N0.HOG0006978	-1		contraction	FALSE
Tiphia_femorata	N0.HOG0007007	-1		contraction	FALSE
Tiphia_femorata	N0.HOG0007022	-1		contraction	FALSE
Tiphia_femorata	N0.HOG0007046	-1		contraction	FALSE
Tiphia_femorata	N0.HOG0007052	-1		contraction	FALSE
Tiphia_femorata	N0.HOG0007058	-1		contraction	FALSE
Tiphia_femorata	N0.HOG0007059	-1		contraction	FALSE
Tiphia_femorata	N0.HOG0007060	-1		contraction	FALSE
Tiphia_femorata	N0.HOG0007070	-1		contraction	FALSE
Tiphia_femorata	N0.HOG0007071	-1		contraction	FALSE
Tiphia_femorata	N0.HOG0007072	-1		contraction	FALSE
Tiphia_femorata	N0.HOG0007073	-1		contraction	FALSE
Tiphia_femorata	N0.HOG0007087	-1		contraction	FALSE
Tiphia_femorata	N0.HOG0007105	-1		contraction	FALSE
Tiphia_femorata	N0.HOG0007144	-1		contraction	FALSE
Tiphia_femorata	N0.HOG0007148	-1		contraction	FALSE
Tiphia_femorata	N0.HOG0007153	-1		contraction	FALSE
Tiphia_femorata	N0.HOG0007191	-1		contraction	FALSE
Tiphia_femorata	N0.HOG0007195	-1		contraction	FALSE
Tiphia_femorata	N0.HOG0007196	-1		contraction	FALSE
Tiphia_femorata	N0.HOG0007200	-1		contraction	FALSE
Tiphia_femorata	N0.HOG0007203	-1		contraction	FALSE
Tiphia_femorata	N0.HOG0007211	-1		contraction	FALSE
Tiphia_femorata	N0.HOG0007221	-1		contraction	FALSE
Tiphia_femorata	N0.HOG0007228	-1		contraction	FALSE
Tiphia_femorata	N0.HOG0007230	-1		contraction	FALSE
Tiphia_femorata	N0.HOG0007245	-1		contraction	FALSE
Tiphia_femorata	N0.HOG0007270	-1		contraction	FALSE
Tiphia_femorata	N0.HOG0007279	-1		contraction	FALSE
Tiphia_femorata	N0.HOG0007283	-1		contraction	FALSE
Tiphia_femorata	N0.HOG0007286	-1		contraction	FALSE
Tiphia_femorata	N0.HOG0007287	-1		contraction	FALSE
Tiphia_femorata	N0.HOG0007294	-1		contraction	FALSE
Tiphia_femorata	N0.HOG0007297	-1		contraction	FALSE
Tiphia_femorata	N0.HOG0007298	-1		contraction	FALSE
Tiphia_femorata	N0.HOG0007311	-1		contraction	FALSE
Tiphia_femorata	N0.HOG0007312	-1		contraction	FALSE
Tiphia_femorata	N0.HOG0007325	-1		contraction	FALSE
Tiphia_femorata	N0.HOG0007328	-1		contraction	FALSE
Tiphia_femorata	N0.HOG0007333	-1		contraction	FALSE
Tiphia_femorata	N0.HOG0007337	-1		contraction	FALSE
Tiphia_femorata	N0.HOG0007338	-1		contraction	FALSE
Tiphia_femorata	N0.HOG0007342	-1		contraction	FALSE
Tiphia_femorata	N0.HOG0007343	-1		contraction	FALSE
Tiphia_femorata	N0.HOG0007358	-1		contraction	FALSE
Tiphia_femorata	N0.HOG0007359	-1		contraction	FALSE
Tiphia_femorata	N0.HOG0007361	-1		contraction	FALSE
Tiphia_femorata	N0.HOG0007362	-1		contraction	FALSE
Tiphia_femorata	N0.HOG0007368	-1		contraction	FALSE
Tiphia_femorata	N0.HOG0007371	-1		contraction	FALSE
Tiphia_femorata	N0.HOG0007385	-1		contraction	FALSE
Tiphia_femorata	N0.HOG0007389	-1		contraction	FALSE
Tiphia_femorata	N0.HOG0007393	-1		contraction	FALSE
Tiphia_femorata	N0.HOG0007398	-1		contraction	FALSE
Tiphia_femorata	N0.HOG0007403	-1		contraction	FALSE
Tiphia_femorata	N0.HOG0007415	-1		contraction	FALSE
Tiphia_femorata	N0.HOG0007422	-1		contraction	FALSE
Tiphia_femorata	N0.HOG0007427	-1		contraction	FALSE
Tiphia_femorata	N0.HOG0007435	-1		contraction	FALSE
Tiphia_femorata	N0.HOG0007440	-1		contraction	FALSE
Tiphia_femorata	N0.HOG0007444	-1		contraction	FALSE
Tiphia_femorata	N0.HOG0007465	-1		contraction	FALSE
Tiphia_femorata	N0.HOG0007471	-1		contraction	FALSE
Tiphia_femorata	N0.HOG0007487	-1		contraction	FALSE
Tiphia_femorata	N0.HOG0007499	-1		contraction	FALSE
Tiphia_femorata	N0.HOG0007504	-1		contraction	FALSE
Tiphia_femorata	N0.HOG0007508	-1		contraction	FALSE
Tiphia_femorata	N0.HOG0007509	-1		contraction	FALSE
Tiphia_femorata	N0.HOG0007510	-1		contraction	FALSE
Tiphia_femorata	N0.HOG0007515	-1		contraction	FALSE
Tiphia_femorata	N0.HOG0007527	-1		contraction	FALSE
Tiphia_femorata	N0.HOG0007552	-1		contraction	FALSE
Tiphia_femorata	N0.HOG0007606	-1		contraction	FALSE
Tiphia_femorata	N0.HOG0007617	-1		contraction	FALSE
Tiphia_femorata	N0.HOG0007618	-1		contraction	FALSE
Tiphia_femorata	N0.HOG0007620	-1		contraction	FALSE
Tiphia_femorata	N0.HOG0007637	-1		contraction	FALSE
Tiphia_femorata	N0.HOG0007640	-1		contraction	FALSE
Tiphia_femorata	N0.HOG0007641	-1		contraction	FALSE
Tiphia_femorata	N0.HOG0007642	-1		contraction	FALSE
Tiphia_femorata	N0.HOG0007663	-1		contraction	FALSE
Tiphia_femorata	N0.HOG0007670	-1		contraction	FALSE
Tiphia_femorata	N0.HOG0007682	-1		contraction	FALSE
Tiphia_femorata	N0.HOG0007698	-1		contraction	FALSE
Tiphia_femorata	N0.HOG0007702	-1		contraction	FALSE
Tiphia_femorata	N0.HOG0007708	-1		contraction	FALSE
Tiphia_femorata	N0.HOG0007712	-1		contraction	FALSE
Tiphia_femorata	N0.HOG0007716	-1		contraction	FALSE
Tiphia_femorata	N0.HOG0007717	-1		contraction	FALSE
Tiphia_femorata	N0.HOG0007718	-1		contraction	FALSE
Tiphia_femorata	N0.HOG0007719	-1		contraction	FALSE
Tiphia_femorata	N0.HOG0007720	-1		contraction	FALSE
Tiphia_femorata	N0.HOG0007728	-1		contraction	FALSE
Tiphia_femorata	N0.HOG0007729	-1		contraction	FALSE
Tiphia_femorata	N0.HOG0007733	-1		contraction	FALSE
Tiphia_femorata	N0.HOG0007735	-1		contraction	FALSE
Tiphia_femorata	N0.HOG0007737	-1		contraction	FALSE
Tiphia_femorata	N0.HOG0007741	-1		contraction	FALSE
Tiphia_femorata	N0.HOG0007764	-1		contraction	FALSE
Tiphia_femorata	N0.HOG0007765	-1		contraction	FALSE
Tiphia_femorata	N0.HOG0007771	-1		contraction	FALSE
Tiphia_femorata	N0.HOG0007780	-1		contraction	FALSE
Tiphia_femorata	N0.HOG0007783	-1		contraction	FALSE
Tiphia_femorata	N0.HOG0007786	-1		contraction	FALSE
Tiphia_femorata	N0.HOG0007789	-1		contraction	FALSE
Tiphia_femorata	N0.HOG0007793	-1		contraction	FALSE
Tiphia_femorata	N0.HOG0007798	-1		contraction	FALSE
Tiphia_femorata	N0.HOG0007799	-1		contraction	FALSE
Tiphia_femorata	N0.HOG0007816	-1		contraction	FALSE
Tiphia_femorata	N0.HOG0007864	-1		contraction	FALSE
Tiphia_femorata	N0.HOG0007865	-1		contraction	FALSE
Tiphia_femorata	N0.HOG0007877	-1		contraction	FALSE
Tiphia_femorata	N0.HOG0007878	-1		contraction	FALSE
Tiphia_femorata	N0.HOG0007883	-1		contraction	FALSE
Tiphia_femorata	N0.HOG0007893	-1		contraction	FALSE
Tiphia_femorata	N0.HOG0007899	-1		contraction	FALSE
Tiphia_femorata	N0.HOG0007900	-1		contraction	FALSE
Tiphia_femorata	N0.HOG0007908	-1		contraction	FALSE
Tiphia_femorata	N0.HOG0007914	-1		contraction	FALSE
Tiphia_femorata	N0.HOG0007942	-1		contraction	FALSE
Tiphia_femorata	N0.HOG0007954	-1		contraction	FALSE
Tiphia_femorata	N0.HOG0007965	-1		contraction	FALSE
Tiphia_femorata	N0.HOG0007974	-1		contraction	FALSE
Tiphia_femorata	N0.HOG0007976	-1		contraction	FALSE
Tiphia_femorata	N0.HOG0008011	-1		contraction	FALSE
Tiphia_femorata	N0.HOG0008018	-1		contraction	FALSE
Tiphia_femorata	N0.HOG0008019	-1		contraction	FALSE
Tiphia_femorata	N0.HOG0008022	-1		contraction	FALSE
Tiphia_femorata	N0.HOG0008029	-1		contraction	FALSE
Tiphia_femorata	N0.HOG0008032	-1		contraction	FALSE
Tiphia_femorata	N0.HOG0008038	-1		contraction	FALSE
Tiphia_femorata	N0.HOG0008049	-1		contraction	FALSE
Tiphia_femorata	N0.HOG0008054	-1		contraction	FALSE
Tiphia_femorata	N0.HOG0008060	-1		contraction	FALSE
Tiphia_femorata	N0.HOG0008067	-1		contraction	FALSE
Tiphia_femorata	N0.HOG0008071	-1		contraction	FALSE
Tiphia_femorata	N0.HOG0008086	-1		contraction	FALSE
Tiphia_femorata	N0.HOG0008101	-1		contraction	FALSE
Tiphia_femorata	N0.HOG0008102	-1		contraction	FALSE
Tiphia_femorata	N0.HOG0008103	-1		contraction	FALSE
Tiphia_femorata	N0.HOG0008111	-1		contraction	FALSE
Tiphia_femorata	N0.HOG0008112	-1		contraction	FALSE
Tiphia_femorata	N0.HOG0008113	-1		contraction	FALSE
Tiphia_femorata	N0.HOG0008120	-1		contraction	FALSE
Tiphia_femorata	N0.HOG0008123	-1		contraction	FALSE
Tiphia_femorata	N0.HOG0008134	-1		contraction	FALSE
Tiphia_femorata	N0.HOG0008135	-1		contraction	FALSE
Tiphia_femorata	N0.HOG0008136	-1		contraction	FALSE
Tiphia_femorata	N0.HOG0008137	-1		contraction	FALSE
Tiphia_femorata	N0.HOG0008141	-1		contraction	FALSE
Tiphia_femorata	N0.HOG0008156	-1		contraction	FALSE
Tiphia_femorata	N0.HOG0008158	-1		contraction	FALSE
Tiphia_femorata	N0.HOG0008171	-1		contraction	FALSE
Tiphia_femorata	N0.HOG0008183	-1		contraction	FALSE
Tiphia_femorata	N0.HOG0008190	-1		contraction	FALSE
Tiphia_femorata	N0.HOG0008194	-1		contraction	FALSE
Tiphia_femorata	N0.HOG0008220	-1		contraction	FALSE
Tiphia_femorata	N0.HOG0008223	-1		contraction	FALSE
Tiphia_femorata	N0.HOG0008235	-1		contraction	FALSE
Tiphia_femorata	N0.HOG0008239	-1		contraction	FALSE
Tiphia_femorata	N0.HOG0008243	-1		contraction	FALSE
Tiphia_femorata	N0.HOG0008248	-1		contraction	FALSE
Tiphia_femorata	N0.HOG0008271	-1		contraction	FALSE
Tiphia_femorata	N0.HOG0008278	-1		contraction	FALSE
Tiphia_femorata	N0.HOG0008280	-1		contraction	FALSE
Tiphia_femorata	N0.HOG0008289	-1		contraction	FALSE
Tiphia_femorata	N0.HOG0008294	-1		contraction	FALSE
Tiphia_femorata	N0.HOG0008298	-1		contraction	FALSE
Tiphia_femorata	N0.HOG0008312	-1		contraction	FALSE
Tiphia_femorata	N0.HOG0008335	-1		contraction	FALSE
Tiphia_femorata	N0.HOG0008344	-1		contraction	FALSE
Tiphia_femorata	N0.HOG0008347	-1		contraction	FALSE
Tiphia_femorata	N0.HOG0008354	-1		contraction	FALSE
Tiphia_femorata	N0.HOG0008358	-1		contraction	FALSE
Tiphia_femorata	N0.HOG0008367	-1		contraction	FALSE
Tiphia_femorata	N0.HOG0008368	-1		contraction	FALSE
Tiphia_femorata	N0.HOG0008369	-1		contraction	FALSE
Tiphia_femorata	N0.HOG0008371	-1		contraction	FALSE
Tiphia_femorata	N0.HOG0008394	-1		contraction	FALSE
Tiphia_femorata	N0.HOG0008398	-1		contraction	FALSE
Tiphia_femorata	N0.HOG0008407	-1		contraction	FALSE
Tiphia_femorata	N0.HOG0008417	-1		contraction	FALSE
Tiphia_femorata	N0.HOG0008437	-1		contraction	FALSE
Tiphia_femorata	N0.HOG0008444	-1		contraction	FALSE
Tiphia_femorata	N0.HOG0008447	-1		contraction	FALSE
Tiphia_femorata	N0.HOG0008462	-1		contraction	FALSE
Tiphia_femorata	N0.HOG0008463	-1		contraction	FALSE
Tiphia_femorata	N0.HOG0008466	-1		contraction	FALSE
Tiphia_femorata	N0.HOG0008471	-1		contraction	FALSE
Tiphia_femorata	N0.HOG0008478	-1		contraction	FALSE
Tiphia_femorata	N0.HOG0008481	-1		contraction	FALSE
Tiphia_femorata	N0.HOG0008501	-1		contraction	FALSE
Tiphia_femorata	N0.HOG0008504	-1		contraction	FALSE
Tiphia_femorata	N0.HOG0008509	-1		contraction	FALSE
Tiphia_femorata	N0.HOG0008512	-1		contraction	FALSE
Tiphia_femorata	N0.HOG0008514	-1		contraction	FALSE
Tiphia_femorata	N0.HOG0008516	-1		contraction	FALSE
Tiphia_femorata	N0.HOG0008519	-1		contraction	FALSE
Tiphia_femorata	N0.HOG0008533	-1		contraction	FALSE
Tiphia_femorata	N0.HOG0008536	-1		contraction	FALSE
Tiphia_femorata	N0.HOG0008549	-1		contraction	FALSE
Tiphia_femorata	N0.HOG0008554	-1		contraction	FALSE
Tiphia_femorata	N0.HOG0008562	-1		contraction	FALSE
Tiphia_femorata	N0.HOG0008564	-1		contraction	FALSE
Tiphia_femorata	N0.HOG0008570	-1		contraction	FALSE
Tiphia_femorata	N0.HOG0008584	-1		contraction	FALSE
Tiphia_femorata	N0.HOG0008587	-1		contraction	FALSE
Tiphia_femorata	N0.HOG0008588	-1		contraction	FALSE
Tiphia_femorata	N0.HOG0008590	-1		contraction	FALSE
Tiphia_femorata	N0.HOG0008594	-1		contraction	FALSE
Tiphia_femorata	N0.HOG0008595	-1		contraction	FALSE
Tiphia_femorata	N0.HOG0008601	-1		contraction	FALSE
Tiphia_femorata	N0.HOG0008606	-1		contraction	FALSE
Tiphia_femorata	N0.HOG0008610	-1		contraction	FALSE
Tiphia_femorata	N0.HOG0008618	-1		contraction	FALSE
Tiphia_femorata	N0.HOG0008624	-1		contraction	FALSE
Tiphia_femorata	N0.HOG0008636	-1		contraction	FALSE
Tiphia_femorata	N0.HOG0008642	-1		contraction	FALSE
Tiphia_femorata	N0.HOG0008650	-1		contraction	FALSE
Tiphia_femorata	N0.HOG0008658	-1		contraction	FALSE
Tiphia_femorata	N0.HOG0008660	-1		contraction	FALSE
Tiphia_femorata	N0.HOG0008674	-1		contraction	FALSE
Tiphia_femorata	N0.HOG0008687	-1		contraction	FALSE
Tiphia_femorata	N0.HOG0008693	-1		contraction	FALSE
Tiphia_femorata	N0.HOG0008701	-1		contraction	FALSE
Tiphia_femorata	N0.HOG0008705	-1		contraction	FALSE
Tiphia_femorata	N0.HOG0008706	-1		contraction	FALSE
Tiphia_femorata	N0.HOG0008708	-1		contraction	FALSE
Tiphia_femorata	N0.HOG0008710	-1		contraction	FALSE
Tiphia_femorata	N0.HOG0008720	-1		contraction	FALSE
Tiphia_femorata	N0.HOG0008735	-1		contraction	FALSE
Tiphia_femorata	N0.HOG0008739	-1		contraction	FALSE
Tiphia_femorata	N0.HOG0008745	-1		contraction	FALSE
Tiphia_femorata	N0.HOG0008746	-1		contraction	FALSE
Tiphia_femorata	N0.HOG0008754	-1		contraction	FALSE
Tiphia_femorata	N0.HOG0008774	-1		contraction	FALSE
Tiphia_femorata	N0.HOG0008778	-1		contraction	FALSE
Tiphia_femorata	N0.HOG0008782	-1		contraction	FALSE
Tiphia_femorata	N0.HOG0008798	-1		contraction	FALSE
Tiphia_femorata	N0.HOG0008810	-1		contraction	FALSE
Tiphia_femorata	N0.HOG0008836	-1		contraction	FALSE
Tiphia_femorata	N0.HOG0008840	-1		contraction	FALSE
Tiphia_femorata	N0.HOG0008844	-1		contraction	FALSE
Tiphia_femorata	N0.HOG0008850	-1		contraction	FALSE
Tiphia_femorata	N0.HOG0008860	-1		contraction	FALSE
Tiphia_femorata	N0.HOG0008865	-1		contraction	FALSE
Tiphia_femorata	N0.HOG0008868	-1		contraction	FALSE
Tiphia_femorata	N0.HOG0008903	-1		contraction	FALSE
Tiphia_femorata	N0.HOG0008921	-1		contraction	FALSE
Tiphia_femorata	N0.HOG0008925	-1		contraction	FALSE
Tiphia_femorata	N0.HOG0008949	-1		contraction	FALSE
Tiphia_femorata	N0.HOG0008960	-1		contraction	FALSE
Tiphia_femorata	N0.HOG0008962	-1		contraction	FALSE
Tiphia_femorata	N0.HOG0008974	-1		contraction	FALSE
Tiphia_femorata	N0.HOG0008979	-1		contraction	FALSE
Tiphia_femorata	N0.HOG0009001	-1		contraction	FALSE
Tiphia_femorata	N0.HOG0009010	-1		contraction	FALSE
Tiphia_femorata	N0.HOG0009077	-1		contraction	FALSE
Tiphia_femorata	N0.HOG0009092	-1		contraction	FALSE
Tiphia_femorata	N0.HOG0009096	-1		contraction	FALSE
Tiphia_femorata	N0.HOG0009178	-1		contraction	FALSE
Tiphia_femorata	N0.HOG0009181	-1		contraction	FALSE
Tiphia_femorata	N0.HOG0009189	-1		contraction	FALSE
Tiphia_femorata	N0.HOG0009216	-1		contraction	FALSE
Tiphia_femorata	N0.HOG0009243	-1		contraction	FALSE
Tiphia_femorata	N0.HOG0009325	-1		contraction	FALSE
Tiphia_femorata	N0.HOG0009357	-1		contraction	FALSE
Tiphia_femorata	N0.HOG0009370	-1		contraction	FALSE
Tiphia_femorata	N0.HOG0009388	-1		contraction	FALSE
Tiphia_femorata	N0.HOG0009398	-1		contraction	FALSE
Tiphia_femorata	N0.HOG0009444	-1		contraction	FALSE
Tiphia_femorata	N0.HOG0009457	-1		contraction	FALSE
Tiphia_femorata	N0.HOG0009465	-1		contraction	FALSE
Tiphia_femorata	N0.HOG0009484	-1		contraction	FALSE
Tiphia_femorata	N0.HOG0009497	-1		contraction	FALSE
Tiphia_femorata	N0.HOG0009559	-1		contraction	FALSE
Tiphia_femorata	N0.HOG0009560	-1		contraction	FALSE
Tiphia_femorata	N0.HOG0009565	-1		contraction	FALSE
Tiphia_femorata	N0.HOG0009583	-1		contraction	FALSE
Tiphia_femorata	N0.HOG0009588	-1		contraction	FALSE
Tiphia_femorata	N0.HOG0009620	-1		contraction	FALSE
Tiphia_femorata	N0.HOG0009622	-1		contraction	FALSE
Tiphia_femorata	N0.HOG0009635	-1		contraction	FALSE
Tiphia_femorata	N0.HOG0009651	-1		contraction	FALSE
Tiphia_femorata	N0.HOG0009659	-1		contraction	FALSE
Tiphia_femorata	N0.HOG0009666	-1		contraction	FALSE
Tiphia_femorata	N0.HOG0009731	-1		contraction	FALSE
Tiphia_femorata	N0.HOG0009756	-1		contraction	FALSE
Tiphia_femorata	N0.HOG0009761	-1		contraction	FALSE
Tiphia_femorata	N0.HOG0009764	-1		contraction	FALSE
Tiphia_femorata	N0.HOG0009838	-1		contraction	FALSE
Tiphia_femorata	N0.HOG0009946	-1		contraction	FALSE
Tiphia_femorata	N0.HOG0009952	-1		contraction	FALSE
Tiphia_femorata	N0.HOG0010002	-1		contraction	FALSE
Tiphia_femorata	N0.HOG0010066	-1		contraction	FALSE
Tiphia_femorata	N0.HOG0010116	-1		contraction	FALSE
Tiphia_femorata	N0.HOG0010123	-1		contraction	FALSE
Tiphia_femorata	N0.HOG0010220	-1		contraction	FALSE
Tiphia_femorata	N0.HOG0010451	-1		contraction	FALSE
Tiphia_femorata	N0.HOG0010455	-1		contraction	FALSE
Tiphia_femorata	N0.HOG0010468	-1		contraction	FALSE
Tiphia_femorata	N0.HOG0010533	-1		contraction	FALSE
Tiphia_femorata	N0.HOG0010534	-1		contraction	FALSE
Tiphia_femorata	N0.HOG0010535	-1		contraction	FALSE
Tiphia_femorata	N0.HOG0010675	-1		contraction	FALSE
Tiphia_femorata	N0.HOG0011058	-1		contraction	FALSE
Tiphia_femorata	N0.HOG0015164	-1		contraction	FALSE
Tiphia_femorata	N0.HOG0018176	-1		contraction	FALSE
Tiphia_femorata	N0.HOG0000481	-2		contraction	FALSE
Tiphia_femorata	N0.HOG0000498	-2		contraction	FALSE
Tiphia_femorata	N0.HOG0000559	-2		contraction	FALSE
Tiphia_femorata	N0.HOG0000632	-2		contraction	FALSE
Tiphia_femorata	N0.HOG0000051	10	3.16505e-09	expansion	TRUE
Tiphia_femorata	N0.HOG0000372	7	1.99713e-07	expansion	TRUE
Tiphia_femorata	N0.HOG0009229	7	1.99713e-07	expansion	TRUE
Tiphia_femorata	N0.HOG0009140	6	1.63514e-06	expansion	TRUE
Tiphia_femorata	N0.HOG0010293	6	1.63514e-06	expansion	TRUE
Tiphia_femorata	N0.HOG0000171	6	9.18199e-06	expansion	TRUE
Tiphia_femorata	N0.HOG0000244	6	9.18199e-06	expansion	TRUE
Tiphia_femorata	N0.HOG0000058	7	1.23587e-05	expansion	TRUE
Tiphia_femorata	N0.HOG0000059	6	7.20119e-05	expansion	TRUE
Tiphia_femorata	N0.HOG0000289	4	0.00010961	expansion	TRUE
Tiphia_femorata	N0.HOG0000708	4	0.00010961	expansion	TRUE
Tiphia_femorata	N0.HOG0000882	4	0.00010961	expansion	TRUE
Tiphia_femorata	N0.HOG0000949	4	0.00010961	expansion	TRUE
Tiphia_femorata	N0.HOG0000028	5	0.000184396	expansion	TRUE
Tiphia_femorata	N0.HOG0000019	-4	0.000702629	contraction	TRUE
Tiphia_femorata	N0.HOG0000820	3	0.000897425	expansion	TRUE
Tiphia_femorata	N0.HOG0000275	4	0.00109923	expansion	TRUE
Tiphia_femorata	N0.HOG0000123	3	0.00296465	expansion	TRUE
Tiphia_femorata	N0.HOG0000125	3	0.00296465	expansion	TRUE
Tiphia_femorata	N0.HOG0000646	3	0.00296465	expansion	TRUE
Tiphia_femorata	N0.HOG0000042	4	0.00440751	expansion	TRUE
Tiphia_femorata	N0.HOG0000069	4	0.00440751	expansion	TRUE
Tiphia_femorata	N0.HOG0000189	2	0.00734762	expansion	TRUE
Tiphia_femorata	N0.HOG0000346	2	0.00734762	expansion	TRUE
Tiphia_femorata	N0.HOG0000393	2	0.00734762	expansion	TRUE
Tiphia_femorata	N0.HOG0000785	2	0.00734762	expansion	TRUE
Tiphia_femorata	N0.HOG0000928	2	0.00734762	expansion	TRUE
Tiphia_femorata	N0.HOG0000941	2	0.00734762	expansion	TRUE
Tiphia_femorata	N0.HOG0001039	2	0.00734762	expansion	TRUE
Tiphia_femorata	N0.HOG0001566	2	0.00734762	expansion	TRUE
Tiphia_femorata	N0.HOG0008292	2	0.00734762	expansion	TRUE
Tiphia_femorata	N0.HOG0008796	2	0.00734762	expansion	TRUE
Tiphia_femorata	N0.HOG0009240	2	0.00734762	expansion	TRUE
Tiphia_femorata	N0.HOG0009302	2	0.00734762	expansion	TRUE
Tiphia_femorata	N0.HOG0009953	2	0.00734762	expansion	TRUE
Tiphia_femorata	N0.HOG0000236	3	0.00799397	expansion	TRUE
Tiphia_femorata	N0.HOG0000046	-2	0.0126086	contraction	TRUE
Tiphia_femorata	N0.HOG0000104	3	0.0161996	expansion	TRUE
Tiphia_femorata	N0.HOG0000113	3	0.0161996	expansion	TRUE
Tiphia_femorata	N0.HOG0000163	2	0.0335282	expansion	TRUE
Tiphia_femorata	N0.HOG0000260	2	0.0335282	expansion	TRUE
Tiphia_femorata	N0.HOG0000618	2	0.0335282	expansion	TRUE
Tiphia_femorata	N0.HOG0000039	3	0.0401832	expansion	TRUE
Tiphia_femorata	N0.HOG0000052	-2	0.049925	contraction	TRUE
Tiphia_femorata	N0.HOG0000249	1	0.0601581	expansion	FALSE
Tiphia_femorata	N0.HOG0000345	1	0.0601581	expansion	FALSE
Tiphia_femorata	N0.HOG0000351	1	0.0601581	expansion	FALSE
Tiphia_femorata	N0.HOG0000358	1	0.0601581	expansion	FALSE
Tiphia_femorata	N0.HOG0000589	1	0.0601581	expansion	FALSE
Tiphia_femorata	N0.HOG0000629	1	0.0601581	expansion	FALSE
Tiphia_femorata	N0.HOG0000639	1	0.0601581	expansion	FALSE
Tiphia_femorata	N0.HOG0000705	1	0.0601581	expansion	FALSE
Tiphia_femorata	N0.HOG0000735	1	0.0601581	expansion	FALSE
Tiphia_femorata	N0.HOG0000774	1	0.0601581	expansion	FALSE
Tiphia_femorata	N0.HOG0000895	1	0.0601581	expansion	FALSE
Tiphia_femorata	N0.HOG0000898	1	0.0601581	expansion	FALSE
Tiphia_femorata	N0.HOG0000942	1	0.0601581	expansion	FALSE
Tiphia_femorata	N0.HOG0000957	1	0.0601581	expansion	FALSE
Tiphia_femorata	N0.HOG0000967	1	0.0601581	expansion	FALSE
Tiphia_femorata	N0.HOG0000981	1	0.0601581	expansion	FALSE
Tiphia_femorata	N0.HOG0000983	1	0.0601581	expansion	FALSE
Tiphia_femorata	N0.HOG0000993	1	0.0601581	expansion	FALSE
Tiphia_femorata	N0.HOG0000995	1	0.0601581	expansion	FALSE
Tiphia_femorata	N0.HOG0000996	1	0.0601581	expansion	FALSE
Tiphia_femorata	N0.HOG0001142	1	0.0601581	expansion	FALSE
Tiphia_femorata	N0.HOG0001161	1	0.0601581	expansion	FALSE
Tiphia_femorata	N0.HOG0001173	1	0.0601581	expansion	FALSE
Tiphia_femorata	N0.HOG0001185	1	0.0601581	expansion	FALSE
Tiphia_femorata	N0.HOG0001190	1	0.0601581	expansion	FALSE
Tiphia_femorata	N0.HOG0001207	1	0.0601581	expansion	FALSE
Tiphia_femorata	N0.HOG0001221	1	0.0601581	expansion	FALSE
Tiphia_femorata	N0.HOG0001240	1	0.0601581	expansion	FALSE
Tiphia_femorata	N0.HOG0001248	1	0.0601581	expansion	FALSE
Tiphia_femorata	N0.HOG0001319	1	0.0601581	expansion	FALSE
Tiphia_femorata	N0.HOG0001346	1	0.0601581	expansion	FALSE
Tiphia_femorata	N0.HOG0001360	1	0.0601581	expansion	FALSE
Tiphia_femorata	N0.HOG0001410	1	0.0601581	expansion	FALSE
Tiphia_femorata	N0.HOG0001837	1	0.0601581	expansion	FALSE
Tiphia_femorata	N0.HOG0001937	1	0.0601581	expansion	FALSE
Tiphia_femorata	N0.HOG0001990	1	0.0601581	expansion	FALSE
Tiphia_femorata	N0.HOG0002052	1	0.0601581	expansion	FALSE
Tiphia_femorata	N0.HOG0002177	1	0.0601581	expansion	FALSE
Tiphia_femorata	N0.HOG0002505	1	0.0601581	expansion	FALSE
Tiphia_femorata	N0.HOG0004299	1	0.0601581	expansion	FALSE
Tiphia_femorata	N0.HOG0005904	1	0.0601581	expansion	FALSE
Tiphia_femorata	N0.HOG0007820	1	0.0601581	expansion	FALSE
Tiphia_femorata	N0.HOG0008383	1	0.0601581	expansion	FALSE
Tiphia_femorata	N0.HOG0008883	1	0.0601581	expansion	FALSE
Tiphia_femorata	N0.HOG0009318	1	0.0601581	expansion	FALSE
Tiphia_femorata	N0.HOG0009350	1	0.0601581	expansion	FALSE
Tiphia_femorata	N0.HOG0009604	1	0.0601581	expansion	FALSE
Tiphia_femorata	N0.HOG0009823	1	0.0601581	expansion	FALSE
Tiphia_femorata	N0.HOG0010028	1	0.0601581	expansion	FALSE
Tiphia_femorata	N0.HOG0000162	2	0.068053	expansion	FALSE
Tiphia_femorata	N0.HOG0000166	2	0.068053	expansion	FALSE
Tiphia_femorata	N0.HOG0000235	2	0.068053	expansion	FALSE
Tiphia_femorata	N0.HOG0000159	2	0.0919551	expansion	FALSE
Tiphia_femorata	N0.HOG0000057	3	0.102115	expansion	FALSE
Tiphia_femorata	N0.HOG0000304	2	0.105221	expansion	FALSE
Tiphia_femorata	N0.HOG0000094	1	0.12093	expansion	FALSE
Tiphia_femorata	N0.HOG0000179	1	0.12093	expansion	FALSE
Tiphia_femorata	N0.HOG0000183	1	0.12093	expansion	FALSE
Tiphia_femorata	N0.HOG0000201	1	0.12093	expansion	FALSE
Tiphia_femorata	N0.HOG0000223	1	0.12093	expansion	FALSE
Tiphia_femorata	N0.HOG0000262	1	0.12093	expansion	FALSE
Tiphia_femorata	N0.HOG0000295	1	0.12093	expansion	FALSE
Tiphia_femorata	N0.HOG0000478	1	0.12093	expansion	FALSE
Tiphia_femorata	N0.HOG0000591	1	0.12093	expansion	FALSE
Tiphia_femorata	N0.HOG0000681	1	0.12093	expansion	FALSE
Tiphia_femorata	N0.HOG0000728	1	0.12093	expansion	FALSE
Tiphia_femorata	N0.HOG0000851	1	0.12093	expansion	FALSE
Tiphia_femorata	N0.HOG0000054	2	0.134462	expansion	FALSE
Tiphia_femorata	N0.HOG0000005	-1	0.16829	contraction	FALSE
Tiphia_femorata	N0.HOG0000008	-1	0.16829	contraction	FALSE
Tiphia_femorata	N0.HOG0000031	-1	0.16829	contraction	FALSE
Tiphia_femorata	N0.HOG0000066	-1	0.16829	contraction	FALSE
Tiphia_femorata	N0.HOG0000103	-1	0.16829	contraction	FALSE
Tiphia_femorata	N0.HOG0000149	-1	0.16829	contraction	FALSE
Tiphia_femorata	N0.HOG0000175	-1	0.16829	contraction	FALSE
Tiphia_femorata	N0.HOG0000228	-1	0.16829	contraction	FALSE
Tiphia_femorata	N0.HOG0000233	-1	0.16829	contraction	FALSE
Tiphia_femorata	N0.HOG0000263	-1	0.16829	contraction	FALSE
Tiphia_femorata	N0.HOG0000264	-1	0.16829	contraction	FALSE
Tiphia_femorata	N0.HOG0000429	-1	0.16829	contraction	FALSE
Tiphia_femorata	N0.HOG0000435	-1	0.16829	contraction	FALSE
Tiphia_femorata	N0.HOG0000496	-1	0.16829	contraction	FALSE
Tiphia_femorata	N0.HOG0000518	-1	0.16829	contraction	FALSE
Tiphia_femorata	N0.HOG0000660	-1	0.16829	contraction	FALSE
Tiphia_femorata	N0.HOG0000670	-1	0.16829	contraction	FALSE
Tiphia_femorata	N0.HOG0000690	-1	0.16829	contraction	FALSE
Tiphia_femorata	N0.HOG0000747	-1	0.16829	contraction	FALSE
Tiphia_femorata	N0.HOG0000766	-1	0.16829	contraction	FALSE
Tiphia_femorata	N0.HOG0000769	-1	0.16829	contraction	FALSE
Tiphia_femorata	N0.HOG0000770	-1	0.16829	contraction	FALSE
Tiphia_femorata	N0.HOG0000772	-1	0.16829	contraction	FALSE
Tiphia_femorata	N0.HOG0000788	-1	0.16829	contraction	FALSE
Tiphia_femorata	N0.HOG0000806	-1	0.16829	contraction	FALSE
Tiphia_femorata	N0.HOG0000808	-1	0.16829	contraction	FALSE
Tiphia_femorata	N0.HOG0000842	-1	0.16829	contraction	FALSE
Tiphia_femorata	N0.HOG0000846	-1	0.16829	contraction	FALSE
Tiphia_femorata	N0.HOG0000849	-1	0.16829	contraction	FALSE
Tiphia_femorata	N0.HOG0000858	-1	0.16829	contraction	FALSE
Tiphia_femorata	N0.HOG0000863	-1	0.16829	contraction	FALSE
Tiphia_femorata	N0.HOG0000872	-1	0.16829	contraction	FALSE
Tiphia_femorata	N0.HOG0000888	-1	0.16829	contraction	FALSE
Tiphia_femorata	N0.HOG0000944	-1	0.16829	contraction	FALSE
Tiphia_femorata	N0.HOG0000962	-1	0.16829	contraction	FALSE
Tiphia_femorata	N0.HOG0000972	-1	0.16829	contraction	FALSE
Tiphia_femorata	N0.HOG0000992	-1	0.16829	contraction	FALSE
Tiphia_femorata	N0.HOG0001002	-1	0.16829	contraction	FALSE
Tiphia_femorata	N0.HOG0001011	-1	0.16829	contraction	FALSE
Tiphia_femorata	N0.HOG0001025	-1	0.16829	contraction	FALSE
Tiphia_femorata	N0.HOG0001026	-1	0.16829	contraction	FALSE
Tiphia_femorata	N0.HOG0001035	-1	0.16829	contraction	FALSE
Tiphia_femorata	N0.HOG0001061	-1	0.16829	contraction	FALSE
Tiphia_femorata	N0.HOG0001069	-1	0.16829	contraction	FALSE
Tiphia_femorata	N0.HOG0001134	-1	0.16829	contraction	FALSE
Tiphia_femorata	N0.HOG0001143	-1	0.16829	contraction	FALSE
Tiphia_femorata	N0.HOG0001150	-1	0.16829	contraction	FALSE
Tiphia_femorata	N0.HOG0001168	-1	0.16829	contraction	FALSE
Tiphia_femorata	N0.HOG0001193	-1	0.16829	contraction	FALSE
Tiphia_femorata	N0.HOG0001194	-1	0.16829	contraction	FALSE
Tiphia_femorata	N0.HOG0001353	-1	0.16829	contraction	FALSE
Tiphia_femorata	N0.HOG0001362	-1	0.16829	contraction	FALSE
Tiphia_femorata	N0.HOG0001390	-1	0.16829	contraction	FALSE
Tiphia_femorata	N0.HOG0001395	-1	0.16829	contraction	FALSE
Tiphia_femorata	N0.HOG0001400	-1	0.16829	contraction	FALSE
Tiphia_femorata	N0.HOG0001447	-1	0.16829	contraction	FALSE
Tiphia_femorata	N0.HOG0001521	-1	0.16829	contraction	FALSE
Tiphia_femorata	N0.HOG0001592	-1	0.16829	contraction	FALSE
Tiphia_femorata	N0.HOG0001639	-1	0.16829	contraction	FALSE
Tiphia_femorata	N0.HOG0001676	-1	0.16829	contraction	FALSE
Tiphia_femorata	N0.HOG0001779	-1	0.16829	contraction	FALSE
Tiphia_femorata	N0.HOG0001811	-1	0.16829	contraction	FALSE
Tiphia_femorata	N0.HOG0001887	-1	0.16829	contraction	FALSE
Tiphia_femorata	N0.HOG0002010	-1	0.16829	contraction	FALSE
Tiphia_femorata	N0.HOG0002028	-1	0.16829	contraction	FALSE
Tiphia_femorata	N0.HOG0002071	-1	0.16829	contraction	FALSE
Tiphia_femorata	N0.HOG0002072	-1	0.16829	contraction	FALSE
Tiphia_femorata	N0.HOG0002075	-1	0.16829	contraction	FALSE
Tiphia_femorata	N0.HOG0002253	-1	0.16829	contraction	FALSE
Tiphia_femorata	N0.HOG0002729	-1	0.16829	contraction	FALSE
Tiphia_femorata	N0.HOG0002945	-1	0.16829	contraction	FALSE
Tiphia_femorata	N0.HOG0003304	-1	0.16829	contraction	FALSE
Tiphia_femorata	N0.HOG0003487	-1	0.16829	contraction	FALSE
Tiphia_femorata	N0.HOG0003712	-1	0.16829	contraction	FALSE
Tiphia_femorata	N0.HOG0004363	-1	0.16829	contraction	FALSE
Tiphia_femorata	N0.HOG0004903	-1	0.16829	contraction	FALSE
Tiphia_femorata	N0.HOG0006458	-1	0.16829	contraction	FALSE
Tiphia_femorata	N0.HOG0006728	-1	0.16829	contraction	FALSE
Tiphia_femorata	N0.HOG0006869	-1	0.16829	contraction	FALSE
Tiphia_femorata	N0.HOG0007186	-1	0.16829	contraction	FALSE
Tiphia_femorata	N0.HOG0007194	-1	0.16829	contraction	FALSE
Tiphia_femorata	N0.HOG0007409	-1	0.16829	contraction	FALSE
Tiphia_femorata	N0.HOG0007654	-1	0.16829	contraction	FALSE
Tiphia_femorata	N0.HOG0007679	-1	0.16829	contraction	FALSE
Tiphia_femorata	N0.HOG0007744	-1	0.16829	contraction	FALSE
Tiphia_femorata	N0.HOG0007756	-1	0.16829	contraction	FALSE
Tiphia_femorata	N0.HOG0007805	-1	0.16829	contraction	FALSE
Tiphia_femorata	N0.HOG0007844	-1	0.16829	contraction	FALSE
Tiphia_femorata	N0.HOG0007854	-1	0.16829	contraction	FALSE
Tiphia_femorata	N0.HOG0007962	-1	0.16829	contraction	FALSE
Tiphia_femorata	N0.HOG0008020	-1	0.16829	contraction	FALSE
Tiphia_femorata	N0.HOG0008039	-1	0.16829	contraction	FALSE
Tiphia_femorata	N0.HOG0008070	-1	0.16829	contraction	FALSE
Tiphia_femorata	N0.HOG0008117	-1	0.16829	contraction	FALSE
Tiphia_femorata	N0.HOG0008157	-1	0.16829	contraction	FALSE
Tiphia_femorata	N0.HOG0008169	-1	0.16829	contraction	FALSE
Tiphia_femorata	N0.HOG0008192	-1	0.16829	contraction	FALSE
Tiphia_femorata	N0.HOG0008219	-1	0.16829	contraction	FALSE
Tiphia_femorata	N0.HOG0008233	-1	0.16829	contraction	FALSE
Tiphia_femorata	N0.HOG0008257	-1	0.16829	contraction	FALSE
Tiphia_femorata	N0.HOG0008348	-1	0.16829	contraction	FALSE
Tiphia_femorata	N0.HOG0008381	-1	0.16829	contraction	FALSE
Tiphia_femorata	N0.HOG0008384	-1	0.16829	contraction	FALSE
Tiphia_femorata	N0.HOG0008408	-1	0.16829	contraction	FALSE
Tiphia_femorata	N0.HOG0008409	-1	0.16829	contraction	FALSE
Tiphia_femorata	N0.HOG0008435	-1	0.16829	contraction	FALSE
Tiphia_femorata	N0.HOG0008438	-1	0.16829	contraction	FALSE
Tiphia_femorata	N0.HOG0008465	-1	0.16829	contraction	FALSE
Tiphia_femorata	N0.HOG0008472	-1	0.16829	contraction	FALSE
Tiphia_femorata	N0.HOG0008528	-1	0.16829	contraction	FALSE
Tiphia_femorata	N0.HOG0008545	-1	0.16829	contraction	FALSE
Tiphia_femorata	N0.HOG0008576	-1	0.16829	contraction	FALSE
Tiphia_femorata	N0.HOG0008582	-1	0.16829	contraction	FALSE
Tiphia_femorata	N0.HOG0008585	-1	0.16829	contraction	FALSE
Tiphia_femorata	N0.HOG0008604	-1	0.16829	contraction	FALSE
Tiphia_femorata	N0.HOG0008620	-1	0.16829	contraction	FALSE
Tiphia_femorata	N0.HOG0008629	-1	0.16829	contraction	FALSE
Tiphia_femorata	N0.HOG0008630	-1	0.16829	contraction	FALSE
Tiphia_femorata	N0.HOG0008632	-1	0.16829	contraction	FALSE
Tiphia_femorata	N0.HOG0008634	-1	0.16829	contraction	FALSE
Tiphia_femorata	N0.HOG0008646	-1	0.16829	contraction	FALSE
Tiphia_femorata	N0.HOG0008647	-1	0.16829	contraction	FALSE
Tiphia_femorata	N0.HOG0008668	-1	0.16829	contraction	FALSE
Tiphia_femorata	N0.HOG0008670	-1	0.16829	contraction	FALSE
Tiphia_femorata	N0.HOG0008676	-1	0.16829	contraction	FALSE
Tiphia_femorata	N0.HOG0008689	-1	0.16829	contraction	FALSE
Tiphia_femorata	N0.HOG0008704	-1	0.16829	contraction	FALSE
Tiphia_femorata	N0.HOG0008711	-1	0.16829	contraction	FALSE
Tiphia_femorata	N0.HOG0008753	-1	0.16829	contraction	FALSE
Tiphia_femorata	N0.HOG0008772	-1	0.16829	contraction	FALSE
Tiphia_femorata	N0.HOG0008777	-1	0.16829	contraction	FALSE
Tiphia_femorata	N0.HOG0008780	-1	0.16829	contraction	FALSE
Tiphia_femorata	N0.HOG0008787	-1	0.16829	contraction	FALSE
Tiphia_femorata	N0.HOG0008800	-1	0.16829	contraction	FALSE
Tiphia_femorata	N0.HOG0008811	-1	0.16829	contraction	FALSE
Tiphia_femorata	N0.HOG0008816	-1	0.16829	contraction	FALSE
Tiphia_femorata	N0.HOG0008817	-1	0.16829	contraction	FALSE
Tiphia_femorata	N0.HOG0008828	-1	0.16829	contraction	FALSE
Tiphia_femorata	N0.HOG0008829	-1	0.16829	contraction	FALSE
Tiphia_femorata	N0.HOG0008835	-1	0.16829	contraction	FALSE
Tiphia_femorata	N0.HOG0008837	-1	0.16829	contraction	FALSE
Tiphia_femorata	N0.HOG0008843	-1	0.16829	contraction	FALSE
Tiphia_femorata	N0.HOG0008854	-1	0.16829	contraction	FALSE
Tiphia_femorata	N0.HOG0008861	-1	0.16829	contraction	FALSE
Tiphia_femorata	N0.HOG0008864	-1	0.16829	contraction	FALSE
Tiphia_femorata	N0.HOG0008873	-1	0.16829	contraction	FALSE
Tiphia_femorata	N0.HOG0008879	-1	0.16829	contraction	FALSE
Tiphia_femorata	N0.HOG0008885	-1	0.16829	contraction	FALSE
Tiphia_femorata	N0.HOG0008894	-1	0.16829	contraction	FALSE
Tiphia_femorata	N0.HOG0008918	-1	0.16829	contraction	FALSE
Tiphia_femorata	N0.HOG0008923	-1	0.16829	contraction	FALSE
Tiphia_femorata	N0.HOG0008952	-1	0.16829	contraction	FALSE
Tiphia_femorata	N0.HOG0008984	-1	0.16829	contraction	FALSE
Tiphia_femorata	N0.HOG0008997	-1	0.16829	contraction	FALSE
Tiphia_femorata	N0.HOG0008998	-1	0.16829	contraction	FALSE
Tiphia_femorata	N0.HOG0009045	-1	0.16829	contraction	FALSE
Tiphia_femorata	N0.HOG0009058	-1	0.16829	contraction	FALSE
Tiphia_femorata	N0.HOG0009059	-1	0.16829	contraction	FALSE
Tiphia_femorata	N0.HOG0009068	-1	0.16829	contraction	FALSE
Tiphia_femorata	N0.HOG0009081	-1	0.16829	contraction	FALSE
Tiphia_femorata	N0.HOG0009082	-1	0.16829	contraction	FALSE
Tiphia_femorata	N0.HOG0009125	-1	0.16829	contraction	FALSE
Tiphia_femorata	N0.HOG0009129	-1	0.16829	contraction	FALSE
Tiphia_femorata	N0.HOG0009160	-1	0.16829	contraction	FALSE
Tiphia_femorata	N0.HOG0009169	-1	0.16829	contraction	FALSE
Tiphia_femorata	N0.HOG0009195	-1	0.16829	contraction	FALSE
Tiphia_femorata	N0.HOG0009198	-1	0.16829	contraction	FALSE
Tiphia_femorata	N0.HOG0009207	-1	0.16829	contraction	FALSE
Tiphia_femorata	N0.HOG0009209	-1	0.16829	contraction	FALSE
Tiphia_femorata	N0.HOG0009224	-1	0.16829	contraction	FALSE
Tiphia_femorata	N0.HOG0009237	-1	0.16829	contraction	FALSE
Tiphia_femorata	N0.HOG0009244	-1	0.16829	contraction	FALSE
Tiphia_femorata	N0.HOG0009276	-1	0.16829	contraction	FALSE
Tiphia_femorata	N0.HOG0009293	-1	0.16829	contraction	FALSE
Tiphia_femorata	N0.HOG0009295	-1	0.16829	contraction	FALSE
Tiphia_femorata	N0.HOG0009303	-1	0.16829	contraction	FALSE
Tiphia_femorata	N0.HOG0009331	-1	0.16829	contraction	FALSE
Tiphia_femorata	N0.HOG0009351	-1	0.16829	contraction	FALSE
Tiphia_femorata	N0.HOG0009391	-1	0.16829	contraction	FALSE
Tiphia_femorata	N0.HOG0009412	-1	0.16829	contraction	FALSE
Tiphia_femorata	N0.HOG0009413	-1	0.16829	contraction	FALSE
Tiphia_femorata	N0.HOG0009428	-1	0.16829	contraction	FALSE
Tiphia_femorata	N0.HOG0009430	-1	0.16829	contraction	FALSE
Tiphia_femorata	N0.HOG0009436	-1	0.16829	contraction	FALSE
Tiphia_femorata	N0.HOG0009445	-1	0.16829	contraction	FALSE
Tiphia_femorata	N0.HOG0009467	-1	0.16829	contraction	FALSE
Tiphia_femorata	N0.HOG0009481	-1	0.16829	contraction	FALSE
Tiphia_femorata	N0.HOG0009486	-1	0.16829	contraction	FALSE
Tiphia_femorata	N0.HOG0009523	-1	0.16829	contraction	FALSE
Tiphia_femorata	N0.HOG0009533	-1	0.16829	contraction	FALSE
Tiphia_femorata	N0.HOG0009537	-1	0.16829	contraction	FALSE
Tiphia_femorata	N0.HOG0009567	-1	0.16829	contraction	FALSE
Tiphia_femorata	N0.HOG0009581	-1	0.16829	contraction	FALSE
Tiphia_femorata	N0.HOG0009601	-1	0.16829	contraction	FALSE
Tiphia_femorata	N0.HOG0009618	-1	0.16829	contraction	FALSE
Tiphia_femorata	N0.HOG0009637	-1	0.16829	contraction	FALSE
Tiphia_femorata	N0.HOG0009638	-1	0.16829	contraction	FALSE
Tiphia_femorata	N0.HOG0009639	-1	0.16829	contraction	FALSE
Tiphia_femorata	N0.HOG0009667	-1	0.16829	contraction	FALSE
Tiphia_femorata	N0.HOG0009692	-1	0.16829	contraction	FALSE
Tiphia_femorata	N0.HOG0009716	-1	0.16829	contraction	FALSE
Tiphia_femorata	N0.HOG0009752	-1	0.16829	contraction	FALSE
Tiphia_femorata	N0.HOG0009777	-1	0.16829	contraction	FALSE
Tiphia_femorata	N0.HOG0009789	-1	0.16829	contraction	FALSE
Tiphia_femorata	N0.HOG0009794	-1	0.16829	contraction	FALSE
Tiphia_femorata	N0.HOG0009825	-1	0.16829	contraction	FALSE
Tiphia_femorata	N0.HOG0009833	-1	0.16829	contraction	FALSE
Tiphia_femorata	N0.HOG0009844	-1	0.16829	contraction	FALSE
Tiphia_femorata	N0.HOG0009867	-1	0.16829	contraction	FALSE
Tiphia_femorata	N0.HOG0009906	-1	0.16829	contraction	FALSE
Tiphia_femorata	N0.HOG0009907	-1	0.16829	contraction	FALSE
Tiphia_femorata	N0.HOG0009977	-1	0.16829	contraction	FALSE
Tiphia_femorata	N0.HOG0010006	-1	0.16829	contraction	FALSE
Tiphia_femorata	N0.HOG0010011	-1	0.16829	contraction	FALSE
Tiphia_femorata	N0.HOG0010017	-1	0.16829	contraction	FALSE
Tiphia_femorata	N0.HOG0010020	-1	0.16829	contraction	FALSE
Tiphia_femorata	N0.HOG0010022	-1	0.16829	contraction	FALSE
Tiphia_femorata	N0.HOG0010041	-1	0.16829	contraction	FALSE
Tiphia_femorata	N0.HOG0010045	-1	0.16829	contraction	FALSE
Tiphia_femorata	N0.HOG0010064	-1	0.16829	contraction	FALSE
Tiphia_femorata	N0.HOG0010065	-1	0.16829	contraction	FALSE
Tiphia_femorata	N0.HOG0010124	-1	0.16829	contraction	FALSE
Tiphia_femorata	N0.HOG0010133	-1	0.16829	contraction	FALSE
Tiphia_femorata	N0.HOG0010164	-1	0.16829	contraction	FALSE
Tiphia_femorata	N0.HOG0010168	-1	0.16829	contraction	FALSE
Tiphia_femorata	N0.HOG0010179	-1	0.16829	contraction	FALSE
Tiphia_femorata	N0.HOG0010180	-1	0.16829	contraction	FALSE
Tiphia_femorata	N0.HOG0010181	-1	0.16829	contraction	FALSE
Tiphia_femorata	N0.HOG0010219	-1	0.16829	contraction	FALSE
Tiphia_femorata	N0.HOG0010294	-1	0.16829	contraction	FALSE
Tiphia_femorata	N0.HOG0010346	-1	0.16829	contraction	FALSE
Tiphia_femorata	N0.HOG0010392	-1	0.16829	contraction	FALSE
Tiphia_femorata	N0.HOG0010401	-1	0.16829	contraction	FALSE
Tiphia_femorata	N0.HOG0010404	-1	0.16829	contraction	FALSE
Tiphia_femorata	N0.HOG0010464	-1	0.16829	contraction	FALSE
Tiphia_femorata	N0.HOG0010465	-1	0.16829	contraction	FALSE
Tiphia_femorata	N0.HOG0010467	-1	0.16829	contraction	FALSE
Tiphia_femorata	N0.HOG0010524	-1	0.16829	contraction	FALSE
Tiphia_femorata	N0.HOG0010619	-1	0.16829	contraction	FALSE
Tiphia_femorata	N0.HOG0010621	-1	0.16829	contraction	FALSE
Tiphia_femorata	N0.HOG0010685	-1	0.16829	contraction	FALSE
Tiphia_femorata	N0.HOG0010696	-1	0.16829	contraction	FALSE
Tiphia_femorata	N0.HOG0010765	-1	0.16829	contraction	FALSE
Tiphia_femorata	N0.HOG0010772	-1	0.16829	contraction	FALSE
Tiphia_femorata	N0.HOG0010790	-1	0.16829	contraction	FALSE
Tiphia_femorata	N0.HOG0010791	-1	0.16829	contraction	FALSE
Tiphia_femorata	N0.HOG0010896	-1	0.16829	contraction	FALSE
Tiphia_femorata	N0.HOG0010930	-1	0.16829	contraction	FALSE
Tiphia_femorata	N0.HOG0011073	-1	0.16829	contraction	FALSE
Tiphia_femorata	N0.HOG0011243	-1	0.16829	contraction	FALSE
Tiphia_femorata	N0.HOG0011244	-1	0.16829	contraction	FALSE
Tiphia_femorata	N0.HOG0011245	-1	0.16829	contraction	FALSE
Tiphia_femorata	N0.HOG0011472	-1	0.16829	contraction	FALSE
Tiphia_femorata	N0.HOG0011493	-1	0.16829	contraction	FALSE
Tiphia_femorata	N0.HOG0011808	-1	0.16829	contraction	FALSE
Tiphia_femorata	N0.HOG0011809	-1	0.16829	contraction	FALSE
Tiphia_femorata	N0.HOG0011813	-1	0.16829	contraction	FALSE
Tiphia_femorata	N0.HOG0011814	-1	0.16829	contraction	FALSE
Tiphia_femorata	N0.HOG0012230	-1	0.16829	contraction	FALSE
Tiphia_femorata	N0.HOG0012234	-1	0.16829	contraction	FALSE
Tiphia_femorata	N0.HOG0012236	-1	0.16829	contraction	FALSE
Tiphia_femorata	N0.HOG0012240	-1	0.16829	contraction	FALSE
Tiphia_femorata	N0.HOG0012808	-1	0.16829	contraction	FALSE
Tiphia_femorata	N0.HOG0012856	-1	0.16829	contraction	FALSE
Tiphia_femorata	N0.HOG0013844	-1	0.16829	contraction	FALSE
Tiphia_femorata	N0.HOG0013846	-1	0.16829	contraction	FALSE
Tiphia_femorata	N0.HOG0013848	-1	0.16829	contraction	FALSE
Tiphia_femorata	N0.HOG0013853	-1	0.16829	contraction	FALSE
Tiphia_femorata	N0.HOG0015301	-1	0.16829	contraction	FALSE
Tiphia_femorata	N0.HOG0015305	-1	0.16829	contraction	FALSE
Tiphia_femorata	N0.HOG0015307	-1	0.16829	contraction	FALSE
Tiphia_femorata	N0.HOG0015316	-1	0.16829	contraction	FALSE
Tiphia_femorata	N0.HOG0018187	-1	0.16829	contraction	FALSE
Tiphia_femorata	N0.HOG0000114	1	0.178082	expansion	FALSE
Tiphia_femorata	N0.HOG0000147	1	0.178082	expansion	FALSE
Tiphia_femorata	N0.HOG0000225	1	0.178082	expansion	FALSE
Tiphia_femorata	N0.HOG0000277	1	0.178082	expansion	FALSE
Tiphia_femorata	N0.HOG0000331	1	0.178082	expansion	FALSE
Tiphia_femorata	N0.HOG0000100	1	0.229953	expansion	FALSE
Tiphia_femorata	N0.HOG0000148	1	0.229953	expansion	FALSE
Tiphia_femorata	N0.HOG0000161	1	0.229953	expansion	FALSE
Tiphia_femorata	N0.HOG0000211	1	0.229953	expansion	FALSE
Tiphia_femorata	N0.HOG0000062	1	0.276188	expansion	FALSE
Tiphia_femorata	N0.HOG0000063	1	0.276188	expansion	FALSE
Tiphia_femorata	N0.HOG0000091	-1	0.288995	contraction	FALSE
Tiphia_femorata	N0.HOG0000203	-1	0.288995	contraction	FALSE
Tiphia_femorata	N0.HOG0000396	-1	0.288995	contraction	FALSE
Tiphia_femorata	N0.HOG0000464	-1	0.288995	contraction	FALSE
Tiphia_femorata	N0.HOG0000499	-1	0.288995	contraction	FALSE
Tiphia_femorata	N0.HOG0000503	-1	0.288995	contraction	FALSE
Tiphia_femorata	N0.HOG0000590	-1	0.288995	contraction	FALSE
Tiphia_femorata	N0.HOG0000602	-1	0.288995	contraction	FALSE
Tiphia_femorata	N0.HOG0000625	-1	0.288995	contraction	FALSE
Tiphia_femorata	N0.HOG0000740	-1	0.288995	contraction	FALSE
Tiphia_femorata	N0.HOG0000768	-1	0.288995	contraction	FALSE
Tiphia_femorata	N0.HOG0000836	-1	0.288995	contraction	FALSE
Tiphia_femorata	N0.HOG0000932	-1	0.288995	contraction	FALSE
Tiphia_femorata	N0.HOG0009032	-1	0.288995	contraction	FALSE
Tiphia_femorata	N0.HOG0000055	1	0.317055	expansion	FALSE
Tiphia_femorata	N0.HOG0000040	1	0.353083	expansion	FALSE
Tiphia_femorata	N0.HOG0000061	-1	0.377743	contraction	FALSE
Tiphia_femorata	N0.HOG0000090	-1	0.377743	contraction	FALSE
Tiphia_femorata	N0.HOG0000239	-1	0.377743	contraction	FALSE
Tiphia_femorata	N0.HOG0000242	-1	0.377743	contraction	FALSE
Tiphia_femorata	N0.HOG0000106	-1	0.444645	contraction	FALSE
Vespa_crabro	N0.HOG0000226	1		expansion	FALSE
Vespa_crabro	N0.HOG0000265	1		expansion	FALSE
Vespa_crabro	N0.HOG0000302	1		expansion	FALSE
Vespa_crabro	N0.HOG0000334	1		expansion	FALSE
Vespa_crabro	N0.HOG0000403	1		expansion	FALSE
Vespa_crabro	N0.HOG0001318	1		expansion	FALSE
Vespa_crabro	N0.HOG0002594	1		expansion	FALSE
Vespa_crabro	N0.HOG0003149	1		expansion	FALSE
Vespa_crabro	N0.HOG0003429	1		expansion	FALSE
Vespa_crabro	N0.HOG0004533	1		expansion	FALSE
Vespa_crabro	N0.HOG0005781	1		expansion	FALSE
Vespa_crabro	N0.HOG0007172	1		expansion	FALSE
Vespa_crabro	N0.HOG0000270	-1		contraction	FALSE
Vespa_crabro	N0.HOG0000424	-1		contraction	FALSE
Vespa_crabro	N0.HOG0000579	-1		contraction	FALSE
Vespa_crabro	N0.HOG0000628	-1		contraction	FALSE
Vespa_crabro	N0.HOG0001125	-1		contraction	FALSE
Vespa_crabro	N0.HOG0001496	-1		contraction	FALSE
Vespa_crabro	N0.HOG0001610	-1		contraction	FALSE
Vespa_crabro	N0.HOG0001713	-1		contraction	FALSE
Vespa_crabro	N0.HOG0002333	-1		contraction	FALSE
Vespa_crabro	N0.HOG0003984	-1		contraction	FALSE
Vespa_crabro	N0.HOG0004050	-1		contraction	FALSE
Vespa_crabro	N0.HOG0004255	-1		contraction	FALSE
Vespa_crabro	N0.HOG0004643	-1		contraction	FALSE
Vespa_crabro	N0.HOG0005697	-1		contraction	FALSE
Vespa_crabro	N0.HOG0006340	-1		contraction	FALSE
Vespa_crabro	N0.HOG0006377	-1		contraction	FALSE
Vespa_crabro	N0.HOG0006620	-1		contraction	FALSE
Vespa_crabro	N0.HOG0006894	-1		contraction	FALSE
Vespa_crabro	N0.HOG0006913	-1		contraction	FALSE
Vespa_crabro	N0.HOG0006938	-1		contraction	FALSE
Vespa_crabro	N0.HOG0006970	-1		contraction	FALSE
Vespa_crabro	N0.HOG0007201	-1		contraction	FALSE
Vespa_crabro	N0.HOG0007402	-1		contraction	FALSE
Vespa_crabro	N0.HOG0007550	-1		contraction	FALSE
Vespa_crabro	N0.HOG0008002	-1		contraction	FALSE
Vespa_crabro	N0.HOG0008201	-1		contraction	FALSE
Vespa_crabro	N0.HOG0008321	-1		contraction	FALSE
Vespa_crabro	N0.HOG0008417	-1		contraction	FALSE
Vespa_crabro	N0.HOG0008475	-1		contraction	FALSE
Vespa_crabro	N0.HOG0008568	-1		contraction	FALSE
Vespa_crabro	N0.HOG0008791	-1		contraction	FALSE
Vespa_crabro	N0.HOG0008949	-1		contraction	FALSE
Vespa_crabro	N0.HOG0009266	-1		contraction	FALSE
Vespa_crabro	N0.HOG0010769	-1		contraction	FALSE
Vespa_crabro	N0.HOG0000043	-3	3.30018e-07	contraction	TRUE
Vespa_crabro	N0.HOG0000228	-3	3.30018e-07	contraction	TRUE
Vespa_crabro	N0.HOG0000269	3	9.02561e-07	expansion	TRUE
Vespa_crabro	N0.HOG0000333	2	1.42686e-05	expansion	TRUE
Vespa_crabro	N0.HOG0000592	3	4.34789e-05	expansion	TRUE
Vespa_crabro	N0.HOG0000442	-2	8.7354e-05	contraction	TRUE
Vespa_crabro	N0.HOG0000052	-2	0.000144794	contraction	TRUE
Vespa_crabro	N0.HOG0000114	-2	0.000637508	contraction	TRUE
Vespa_crabro	N0.HOG0000042	2	0.00124648	expansion	TRUE
Vespa_crabro	N0.HOG0000045	1	0.00267097	expansion	TRUE
Vespa_crabro	N0.HOG0000046	1	0.00267097	expansion	TRUE
Vespa_crabro	N0.HOG0000147	1	0.00267097	expansion	TRUE
Vespa_crabro	N0.HOG0000595	1	0.00267097	expansion	TRUE
Vespa_crabro	N0.HOG0000763	1	0.00267097	expansion	TRUE
Vespa_crabro	N0.HOG0000965	1	0.00267097	expansion	TRUE
Vespa_crabro	N0.HOG0001002	1	0.00267097	expansion	TRUE
Vespa_crabro	N0.HOG0001108	1	0.00267097	expansion	TRUE
Vespa_crabro	N0.HOG0001160	1	0.00267097	expansion	TRUE
Vespa_crabro	N0.HOG0001332	1	0.00267097	expansion	TRUE
Vespa_crabro	N0.HOG0001445	1	0.00267097	expansion	TRUE
Vespa_crabro	N0.HOG0002065	1	0.00267097	expansion	TRUE
Vespa_crabro	N0.HOG0008604	1	0.00267097	expansion	TRUE
Vespa_crabro	N0.HOG0008704	1	0.00267097	expansion	TRUE
Vespa_crabro	N0.HOG0009486	1	0.00267097	expansion	TRUE
Vespa_crabro	N0.HOG0009533	1	0.00267097	expansion	TRUE
Vespa_crabro	N0.HOG0009534	1	0.00267097	expansion	TRUE
Vespa_crabro	N0.HOG0000148	1	0.00534195	expansion	TRUE
Vespa_crabro	N0.HOG0000235	1	0.00534195	expansion	TRUE
Vespa_crabro	N0.HOG0000345	1	0.00534195	expansion	TRUE
Vespa_crabro	N0.HOG0000841	1	0.00534195	expansion	TRUE
Vespa_crabro	N0.HOG0000947	1	0.00534195	expansion	TRUE
Vespa_crabro	N0.HOG0000098	-1	0.00798461	contraction	TRUE
Vespa_crabro	N0.HOG0000811	-1	0.00798461	contraction	TRUE
Vespa_crabro	N0.HOG0001303	-1	0.00798461	contraction	TRUE
Vespa_crabro	N0.HOG0001401	-1	0.00798461	contraction	TRUE
Vespa_crabro	N0.HOG0006793	-1	0.00798461	contraction	TRUE
Vespa_crabro	N0.HOG0007019	-1	0.00798461	contraction	TRUE
Vespa_crabro	N0.HOG0007805	-1	0.00798461	contraction	TRUE
Vespa_crabro	N0.HOG0007946	-1	0.00798461	contraction	TRUE
Vespa_crabro	N0.HOG0008127	-1	0.00798461	contraction	TRUE
Vespa_crabro	N0.HOG0008257	-1	0.00798461	contraction	TRUE
Vespa_crabro	N0.HOG0008264	-1	0.00798461	contraction	TRUE
Vespa_crabro	N0.HOG0008381	-1	0.00798461	contraction	TRUE
Vespa_crabro	N0.HOG0008458	-1	0.00798461	contraction	TRUE
Vespa_crabro	N0.HOG0008647	-1	0.00798461	contraction	TRUE
Vespa_crabro	N0.HOG0008828	-1	0.00798461	contraction	TRUE
Vespa_crabro	N0.HOG0008854	-1	0.00798461	contraction	TRUE
Vespa_crabro	N0.HOG0008870	-1	0.00798461	contraction	TRUE
Vespa_crabro	N0.HOG0008955	-1	0.00798461	contraction	TRUE
Vespa_crabro	N0.HOG0008989	-1	0.00798461	contraction	TRUE
Vespa_crabro	N0.HOG0008993	-1	0.00798461	contraction	TRUE
Vespa_crabro	N0.HOG0009000	-1	0.00798461	contraction	TRUE
Vespa_crabro	N0.HOG0009058	-1	0.00798461	contraction	TRUE
Vespa_crabro	N0.HOG0009082	-1	0.00798461	contraction	TRUE
Vespa_crabro	N0.HOG0009109	-1	0.00798461	contraction	TRUE
Vespa_crabro	N0.HOG0009237	-1	0.00798461	contraction	TRUE
Vespa_crabro	N0.HOG0009261	-1	0.00798461	contraction	TRUE
Vespa_crabro	N0.HOG0009262	-1	0.00798461	contraction	TRUE
Vespa_crabro	N0.HOG0009288	-1	0.00798461	contraction	TRUE
Vespa_crabro	N0.HOG0009303	-1	0.00798461	contraction	TRUE
Vespa_crabro	N0.HOG0009391	-1	0.00798461	contraction	TRUE
Vespa_crabro	N0.HOG0009431	-1	0.00798461	contraction	TRUE
Vespa_crabro	N0.HOG0009537	-1	0.00798461	contraction	TRUE
Vespa_crabro	N0.HOG0009548	-1	0.00798461	contraction	TRUE
Vespa_crabro	N0.HOG0009593	-1	0.00798461	contraction	TRUE
Vespa_crabro	N0.HOG0009637	-1	0.00798461	contraction	TRUE
Vespa_crabro	N0.HOG0009663	-1	0.00798461	contraction	TRUE
Vespa_crabro	N0.HOG0009717	-1	0.00798461	contraction	TRUE
Vespa_crabro	N0.HOG0009720	-1	0.00798461	contraction	TRUE
Vespa_crabro	N0.HOG0009735	-1	0.00798461	contraction	TRUE
Vespa_crabro	N0.HOG0009777	-1	0.00798461	contraction	TRUE
Vespa_crabro	N0.HOG0010171	-1	0.00798461	contraction	TRUE
Vespa_crabro	N0.HOG0010401	-1	0.00798461	contraction	TRUE
Vespa_crabro	N0.HOG0010467	-1	0.00798461	contraction	TRUE
Vespa_crabro	N0.HOG0010546	-1	0.00798461	contraction	TRUE
Vespa_crabro	N0.HOG0010604	-1	0.00798461	contraction	TRUE
Vespa_crabro	N0.HOG0012236	-1	0.00798461	contraction	TRUE
Vespa_crabro	N0.HOG0000113	1	0.00801255	expansion	TRUE
Vespa_crabro	N0.HOG0000177	1	0.00801255	expansion	TRUE
Vespa_crabro	N0.HOG0000244	1	0.00801255	expansion	TRUE
Vespa_crabro	N0.HOG0001275	1	0.00801255	expansion	TRUE
Vespa_crabro	N0.HOG0000044	1	0.0106824	expansion	TRUE
Vespa_crabro	N0.HOG0000068	1	0.0106824	expansion	TRUE
Vespa_crabro	N0.HOG0000054	1	0.0133512	expansion	TRUE
Vespa_crabro	N0.HOG0000253	-1	0.0158561	contraction	TRUE
Vespa_crabro	N0.HOG0000277	-1	0.0158561	contraction	TRUE
Vespa_crabro	N0.HOG0000901	-1	0.0158561	contraction	TRUE
Vespa_crabro	N0.HOG0001056	-1	0.0158561	contraction	TRUE
Vespa_crabro	N0.HOG0001157	-1	0.0158561	contraction	TRUE
Vespa_crabro	N0.HOG0001351	-1	0.0158561	contraction	TRUE
Vespa_crabro	N0.HOG0001566	-1	0.0158561	contraction	TRUE
Vespa_crabro	N0.HOG0000518	-1	0.0236165	contraction	TRUE
Vespa_crabro	N0.HOG0000629	-1	0.0236165	contraction	TRUE
Vespa_crabro	N0.HOG0002071	-1	0.0236165	contraction	TRUE
Vespa_crabro	N0.HOG0000121	-1	0.0312674	contraction	TRUE
Vespa_crabro	N0.HOG0000203	-1	0.0312674	contraction	TRUE
Vespa_crabro	N0.HOG0000263	-1	0.0388108	contraction	TRUE
Vespa_crabro	N0.HOG0000058	-1	0.053582	contraction	FALSE
Vespa_crabro	N0.HOG0000019	-1	0.0679439	contraction	FALSE
Vespa_mandarinia	N0.HOG0000064	1		expansion	FALSE
Vespa_mandarinia	N0.HOG0000317	1		expansion	FALSE
Vespa_mandarinia	N0.HOG0000572	1		expansion	FALSE
Vespa_mandarinia	N0.HOG0000741	1		expansion	FALSE
Vespa_mandarinia	N0.HOG0001017	1		expansion	FALSE
Vespa_mandarinia	N0.HOG0001389	1		expansion	FALSE
Vespa_mandarinia	N0.HOG0001890	1		expansion	FALSE
Vespa_mandarinia	N0.HOG0002108	1		expansion	FALSE
Vespa_mandarinia	N0.HOG0002279	1		expansion	FALSE
Vespa_mandarinia	N0.HOG0002399	1		expansion	FALSE
Vespa_mandarinia	N0.HOG0002834	1		expansion	FALSE
Vespa_mandarinia	N0.HOG0003267	1		expansion	FALSE
Vespa_mandarinia	N0.HOG0003629	1		expansion	FALSE
Vespa_mandarinia	N0.HOG0004019	1		expansion	FALSE
Vespa_mandarinia	N0.HOG0004279	1		expansion	FALSE
Vespa_mandarinia	N0.HOG0004326	1		expansion	FALSE
Vespa_mandarinia	N0.HOG0004565	1		expansion	FALSE
Vespa_mandarinia	N0.HOG0004576	1		expansion	FALSE
Vespa_mandarinia	N0.HOG0005683	1		expansion	FALSE
Vespa_mandarinia	N0.HOG0005887	1		expansion	FALSE
Vespa_mandarinia	N0.HOG0007294	1		expansion	FALSE
Vespa_mandarinia	N0.HOG0007936	1		expansion	FALSE
Vespa_mandarinia	N0.HOG0000130	-1		contraction	FALSE
Vespa_mandarinia	N0.HOG0000173	-1		contraction	FALSE
Vespa_mandarinia	N0.HOG0000176	-1		contraction	FALSE
Vespa_mandarinia	N0.HOG0000246	-1		contraction	FALSE
Vespa_mandarinia	N0.HOG0000580	-1		contraction	FALSE
Vespa_mandarinia	N0.HOG0000682	-1		contraction	FALSE
Vespa_mandarinia	N0.HOG0000724	-1		contraction	FALSE
Vespa_mandarinia	N0.HOG0000789	-1		contraction	FALSE
Vespa_mandarinia	N0.HOG0000991	-1		contraction	FALSE
Vespa_mandarinia	N0.HOG0001116	-1		contraction	FALSE
Vespa_mandarinia	N0.HOG0001132	-1		contraction	FALSE
Vespa_mandarinia	N0.HOG0001316	-1		contraction	FALSE
Vespa_mandarinia	N0.HOG0001474	-1		contraction	FALSE
Vespa_mandarinia	N0.HOG0001871	-1		contraction	FALSE
Vespa_mandarinia	N0.HOG0002160	-1		contraction	FALSE
Vespa_mandarinia	N0.HOG0002376	-1		contraction	FALSE
Vespa_mandarinia	N0.HOG0003133	-1		contraction	FALSE
Vespa_mandarinia	N0.HOG0003392	-1		contraction	FALSE
Vespa_mandarinia	N0.HOG0003422	-1		contraction	FALSE
Vespa_mandarinia	N0.HOG0004564	-1		contraction	FALSE
Vespa_mandarinia	N0.HOG0004675	-1		contraction	FALSE
Vespa_mandarinia	N0.HOG0004895	-1		contraction	FALSE
Vespa_mandarinia	N0.HOG0004968	-1		contraction	FALSE
Vespa_mandarinia	N0.HOG0004969	-1		contraction	FALSE
Vespa_mandarinia	N0.HOG0005915	-1		contraction	FALSE
Vespa_mandarinia	N0.HOG0006317	-1		contraction	FALSE
Vespa_mandarinia	N0.HOG0006605	-1		contraction	FALSE
Vespa_mandarinia	N0.HOG0006629	-1		contraction	FALSE
Vespa_mandarinia	N0.HOG0006740	-1		contraction	FALSE
Vespa_mandarinia	N0.HOG0006745	-1		contraction	FALSE
Vespa_mandarinia	N0.HOG0006820	-1		contraction	FALSE
Vespa_mandarinia	N0.HOG0006821	-1		contraction	FALSE
Vespa_mandarinia	N0.HOG0006928	-1		contraction	FALSE
Vespa_mandarinia	N0.HOG0007058	-1		contraction	FALSE
Vespa_mandarinia	N0.HOG0007154	-1		contraction	FALSE
Vespa_mandarinia	N0.HOG0007650	-1		contraction	FALSE
Vespa_mandarinia	N0.HOG0007728	-1		contraction	FALSE
Vespa_mandarinia	N0.HOG0007773	-1		contraction	FALSE
Vespa_mandarinia	N0.HOG0007799	-1		contraction	FALSE
Vespa_mandarinia	N0.HOG0007838	-1		contraction	FALSE
Vespa_mandarinia	N0.HOG0007863	-1		contraction	FALSE
Vespa_mandarinia	N0.HOG0007917	-1		contraction	FALSE
Vespa_mandarinia	N0.HOG0007964	-1		contraction	FALSE
Vespa_mandarinia	N0.HOG0008005	-1		contraction	FALSE
Vespa_mandarinia	N0.HOG0008271	-1		contraction	FALSE
Vespa_mandarinia	N0.HOG0008286	-1		contraction	FALSE
Vespa_mandarinia	N0.HOG0008393	-1		contraction	FALSE
Vespa_mandarinia	N0.HOG0008425	-1		contraction	FALSE
Vespa_mandarinia	N0.HOG0008449	-1		contraction	FALSE
Vespa_mandarinia	N0.HOG0008519	-1		contraction	FALSE
Vespa_mandarinia	N0.HOG0008536	-1		contraction	FALSE
Vespa_mandarinia	N0.HOG0008547	-1		contraction	FALSE
Vespa_mandarinia	N0.HOG0008666	-1		contraction	FALSE
Vespa_mandarinia	N0.HOG0008671	-1		contraction	FALSE
Vespa_mandarinia	N0.HOG0008687	-1		contraction	FALSE
Vespa_mandarinia	N0.HOG0008744	-1		contraction	FALSE
Vespa_mandarinia	N0.HOG0008767	-1		contraction	FALSE
Vespa_mandarinia	N0.HOG0008832	-1		contraction	FALSE
Vespa_mandarinia	N0.HOG0008877	-1		contraction	FALSE
Vespa_mandarinia	N0.HOG0008921	-1		contraction	FALSE
Vespa_mandarinia	N0.HOG0009009	-1		contraction	FALSE
Vespa_mandarinia	N0.HOG0009737	-1		contraction	FALSE
Vespa_mandarinia	N0.HOG0000019	6	3.43282e-11	expansion	TRUE
Vespa_mandarinia	N0.HOG0000008	4	3.15785e-08	expansion	TRUE
Vespa_mandarinia	N0.HOG0008381	2	1.42686e-05	expansion	TRUE
Vespa_mandarinia	N0.HOG0000666	-2	1.48699e-05	contraction	TRUE
Vespa_mandarinia	N0.HOG0000039	3	1.67974e-05	expansion	TRUE
Vespa_mandarinia	N0.HOG0000550	-2	4.39917e-05	contraction	TRUE
Vespa_mandarinia	N0.HOG0000639	2	7.10394e-05	expansion	TRUE
Vespa_mandarinia	N0.HOG0001313	2	7.10394e-05	expansion	TRUE
Vespa_mandarinia	N0.HOG0001133	-2	8.7354e-05	contraction	TRUE
Vespa_mandarinia	N0.HOG0000125	2	0.000307876	expansion	TRUE
Vespa_mandarinia	N0.HOG0000069	-2	0.000637508	contraction	TRUE
Vespa_mandarinia	N0.HOG0000592	-2	0.000776028	contraction	TRUE
Vespa_mandarinia	N0.HOG0000058	2	0.000956154	expansion	TRUE
Vespa_mandarinia	N0.HOG0000478	1	0.00267097	expansion	TRUE
Vespa_mandarinia	N0.HOG0000486	1	0.00267097	expansion	TRUE
Vespa_mandarinia	N0.HOG0000594	1	0.00267097	expansion	TRUE
Vespa_mandarinia	N0.HOG0000619	1	0.00267097	expansion	TRUE
Vespa_mandarinia	N0.HOG0000644	1	0.00267097	expansion	TRUE
Vespa_mandarinia	N0.HOG0000709	1	0.00267097	expansion	TRUE
Vespa_mandarinia	N0.HOG0000942	1	0.00267097	expansion	TRUE
Vespa_mandarinia	N0.HOG0000957	1	0.00267097	expansion	TRUE
Vespa_mandarinia	N0.HOG0001142	1	0.00267097	expansion	TRUE
Vespa_mandarinia	N0.HOG0001221	1	0.00267097	expansion	TRUE
Vespa_mandarinia	N0.HOG0001781	1	0.00267097	expansion	TRUE
Vespa_mandarinia	N0.HOG0002010	1	0.00267097	expansion	TRUE
Vespa_mandarinia	N0.HOG0003653	1	0.00267097	expansion	TRUE
Vespa_mandarinia	N0.HOG0000625	1	0.00534195	expansion	TRUE
Vespa_mandarinia	N0.HOG0000744	1	0.00534195	expansion	TRUE
Vespa_mandarinia	N0.HOG0001384	1	0.00534195	expansion	TRUE
Vespa_mandarinia	N0.HOG0000007	-1	0.00798461	contraction	TRUE
Vespa_mandarinia	N0.HOG0000061	-1	0.00798461	contraction	TRUE
Vespa_mandarinia	N0.HOG0000183	-1	0.00798461	contraction	TRUE
Vespa_mandarinia	N0.HOG0000233	-1	0.00798461	contraction	TRUE
Vespa_mandarinia	N0.HOG0000304	-1	0.00798461	contraction	TRUE
Vespa_mandarinia	N0.HOG0000555	-1	0.00798461	contraction	TRUE
Vespa_mandarinia	N0.HOG0000795	-1	0.00798461	contraction	TRUE
Vespa_mandarinia	N0.HOG0000862	-1	0.00798461	contraction	TRUE
Vespa_mandarinia	N0.HOG0001227	-1	0.00798461	contraction	TRUE
Vespa_mandarinia	N0.HOG0001346	-1	0.00798461	contraction	TRUE
Vespa_mandarinia	N0.HOG0001400	-1	0.00798461	contraction	TRUE
Vespa_mandarinia	N0.HOG0001402	-1	0.00798461	contraction	TRUE
Vespa_mandarinia	N0.HOG0001527	-1	0.00798461	contraction	TRUE
Vespa_mandarinia	N0.HOG0001608	-1	0.00798461	contraction	TRUE
Vespa_mandarinia	N0.HOG0001831	-1	0.00798461	contraction	TRUE
Vespa_mandarinia	N0.HOG0005583	-1	0.00798461	contraction	TRUE
Vespa_mandarinia	N0.HOG0006268	-1	0.00798461	contraction	TRUE
Vespa_mandarinia	N0.HOG0006640	-1	0.00798461	contraction	TRUE
Vespa_mandarinia	N0.HOG0006869	-1	0.00798461	contraction	TRUE
Vespa_mandarinia	N0.HOG0007173	-1	0.00798461	contraction	TRUE
Vespa_mandarinia	N0.HOG0007261	-1	0.00798461	contraction	TRUE
Vespa_mandarinia	N0.HOG0007269	-1	0.00798461	contraction	TRUE
Vespa_mandarinia	N0.HOG0007474	-1	0.00798461	contraction	TRUE
Vespa_mandarinia	N0.HOG0007685	-1	0.00798461	contraction	TRUE
Vespa_mandarinia	N0.HOG0007754	-1	0.00798461	contraction	TRUE
Vespa_mandarinia	N0.HOG0007820	-1	0.00798461	contraction	TRUE
Vespa_mandarinia	N0.HOG0007927	-1	0.00798461	contraction	TRUE
Vespa_mandarinia	N0.HOG0008020	-1	0.00798461	contraction	TRUE
Vespa_mandarinia	N0.HOG0008040	-1	0.00798461	contraction	TRUE
Vespa_mandarinia	N0.HOG0008231	-1	0.00798461	contraction	TRUE
Vespa_mandarinia	N0.HOG0008244	-1	0.00798461	contraction	TRUE
Vespa_mandarinia	N0.HOG0008285	-1	0.00798461	contraction	TRUE
Vespa_mandarinia	N0.HOG0008292	-1	0.00798461	contraction	TRUE
Vespa_mandarinia	N0.HOG0008348	-1	0.00798461	contraction	TRUE
Vespa_mandarinia	N0.HOG0008397	-1	0.00798461	contraction	TRUE
Vespa_mandarinia	N0.HOG0008499	-1	0.00798461	contraction	TRUE
Vespa_mandarinia	N0.HOG0008604	-1	0.00798461	contraction	TRUE
Vespa_mandarinia	N0.HOG0008627	-1	0.00798461	contraction	TRUE
Vespa_mandarinia	N0.HOG0008664	-1	0.00798461	contraction	TRUE
Vespa_mandarinia	N0.HOG0008676	-1	0.00798461	contraction	TRUE
Vespa_mandarinia	N0.HOG0008690	-1	0.00798461	contraction	TRUE
Vespa_mandarinia	N0.HOG0008702	-1	0.00798461	contraction	TRUE
Vespa_mandarinia	N0.HOG0008742	-1	0.00798461	contraction	TRUE
Vespa_mandarinia	N0.HOG0008772	-1	0.00798461	contraction	TRUE
Vespa_mandarinia	N0.HOG0008777	-1	0.00798461	contraction	TRUE
Vespa_mandarinia	N0.HOG0008780	-1	0.00798461	contraction	TRUE
Vespa_mandarinia	N0.HOG0008788	-1	0.00798461	contraction	TRUE
Vespa_mandarinia	N0.HOG0008796	-1	0.00798461	contraction	TRUE
Vespa_mandarinia	N0.HOG0008831	-1	0.00798461	contraction	TRUE
Vespa_mandarinia	N0.HOG0008835	-1	0.00798461	contraction	TRUE
Vespa_mandarinia	N0.HOG0008858	-1	0.00798461	contraction	TRUE
Vespa_mandarinia	N0.HOG0008885	-1	0.00798461	contraction	TRUE
Vespa_mandarinia	N0.HOG0008919	-1	0.00798461	contraction	TRUE
Vespa_mandarinia	N0.HOG0008933	-1	0.00798461	contraction	TRUE
Vespa_mandarinia	N0.HOG0008995	-1	0.00798461	contraction	TRUE
Vespa_mandarinia	N0.HOG0009005	-1	0.00798461	contraction	TRUE
Vespa_mandarinia	N0.HOG0009041	-1	0.00798461	contraction	TRUE
Vespa_mandarinia	N0.HOG0009059	-1	0.00798461	contraction	TRUE
Vespa_mandarinia	N0.HOG0009129	-1	0.00798461	contraction	TRUE
Vespa_mandarinia	N0.HOG0009198	-1	0.00798461	contraction	TRUE
Vespa_mandarinia	N0.HOG0009224	-1	0.00798461	contraction	TRUE
Vespa_mandarinia	N0.HOG0009259	-1	0.00798461	contraction	TRUE
Vespa_mandarinia	N0.HOG0009277	-1	0.00798461	contraction	TRUE
Vespa_mandarinia	N0.HOG0009293	-1	0.00798461	contraction	TRUE
Vespa_mandarinia	N0.HOG0009349	-1	0.00798461	contraction	TRUE
Vespa_mandarinia	N0.HOG0009397	-1	0.00798461	contraction	TRUE
Vespa_mandarinia	N0.HOG0009413	-1	0.00798461	contraction	TRUE
Vespa_mandarinia	N0.HOG0009430	-1	0.00798461	contraction	TRUE
Vespa_mandarinia	N0.HOG0009481	-1	0.00798461	contraction	TRUE
Vespa_mandarinia	N0.HOG0009558	-1	0.00798461	contraction	TRUE
Vespa_mandarinia	N0.HOG0009566	-1	0.00798461	contraction	TRUE
Vespa_mandarinia	N0.HOG0009639	-1	0.00798461	contraction	TRUE
Vespa_mandarinia	N0.HOG0009661	-1	0.00798461	contraction	TRUE
Vespa_mandarinia	N0.HOG0009903	-1	0.00798461	contraction	TRUE
Vespa_mandarinia	N0.HOG0009906	-1	0.00798461	contraction	TRUE
Vespa_mandarinia	N0.HOG0009977	-1	0.00798461	contraction	TRUE
Vespa_mandarinia	N0.HOG0010011	-1	0.00798461	contraction	TRUE
Vespa_mandarinia	N0.HOG0010016	-1	0.00798461	contraction	TRUE
Vespa_mandarinia	N0.HOG0010124	-1	0.00798461	contraction	TRUE
Vespa_mandarinia	N0.HOG0010180	-1	0.00798461	contraction	TRUE
Vespa_mandarinia	N0.HOG0010181	-1	0.00798461	contraction	TRUE
Vespa_mandarinia	N0.HOG0010465	-1	0.00798461	contraction	TRUE
Vespa_mandarinia	N0.HOG0000005	1	0.0106824	expansion	TRUE
Vespa_mandarinia	N0.HOG0000043	1	0.0106824	expansion	TRUE
Vespa_mandarinia	N0.HOG0000203	1	0.0106824	expansion	TRUE
Vespa_mandarinia	N0.HOG0000053	-1	0.0158561	contraction	TRUE
Vespa_mandarinia	N0.HOG0000201	-1	0.0158561	contraction	TRUE
Vespa_mandarinia	N0.HOG0000235	-1	0.0158561	contraction	TRUE
Vespa_mandarinia	N0.HOG0000262	-1	0.0158561	contraction	TRUE
Vespa_mandarinia	N0.HOG0000396	-1	0.0158561	contraction	TRUE
Vespa_mandarinia	N0.HOG0000465	-1	0.0158561	contraction	TRUE
Vespa_mandarinia	N0.HOG0000484	-1	0.0158561	contraction	TRUE
Vespa_mandarinia	N0.HOG0000618	-1	0.0158561	contraction	TRUE
Vespa_mandarinia	N0.HOG0000633	-1	0.0158561	contraction	TRUE
Vespa_mandarinia	N0.HOG0000667	-1	0.0158561	contraction	TRUE
Vespa_mandarinia	N0.HOG0000679	-1	0.0158561	contraction	TRUE
Vespa_mandarinia	N0.HOG0000703	-1	0.0158561	contraction	TRUE
Vespa_mandarinia	N0.HOG0000705	-1	0.0158561	contraction	TRUE
Vespa_mandarinia	N0.HOG0000728	-1	0.0158561	contraction	TRUE
Vespa_mandarinia	N0.HOG0000770	-1	0.0158561	contraction	TRUE
Vespa_mandarinia	N0.HOG0000817	-1	0.0158561	contraction	TRUE
Vespa_mandarinia	N0.HOG0000844	-1	0.0158561	contraction	TRUE
Vespa_mandarinia	N0.HOG0000865	-1	0.0158561	contraction	TRUE
Vespa_mandarinia	N0.HOG0000883	-1	0.0158561	contraction	TRUE
Vespa_mandarinia	N0.HOG0001035	-1	0.0158561	contraction	TRUE
Vespa_mandarinia	N0.HOG0001107	-1	0.0158561	contraction	TRUE
Vespa_mandarinia	N0.HOG0001238	-1	0.0158561	contraction	TRUE
Vespa_mandarinia	N0.HOG0001837	-1	0.0158561	contraction	TRUE
Vespa_mandarinia	N0.HOG0002403	-1	0.0158561	contraction	TRUE
Vespa_mandarinia	N0.HOG0008883	-1	0.0158561	contraction	TRUE
Vespa_mandarinia	N0.HOG0000091	-1	0.0236165	contraction	TRUE
Vespa_mandarinia	N0.HOG0000177	-1	0.0236165	contraction	TRUE
Vespa_mandarinia	N0.HOG0000207	-1	0.0236165	contraction	TRUE
Vespa_mandarinia	N0.HOG0000242	-1	0.0236165	contraction	TRUE
Vespa_mandarinia	N0.HOG0000269	-1	0.0236165	contraction	TRUE
Vespa_mandarinia	N0.HOG0001275	-1	0.0236165	contraction	TRUE
Vespa_mandarinia	N0.HOG0000103	1	0.0240084	expansion	TRUE
Vespa_mandarinia	N0.HOG0000099	-1	0.0312674	contraction	TRUE
Vespa_mandarinia	N0.HOG0000062	-1	0.053582	contraction	FALSE
Vespa_mandarinia	N0.HOG0000504	-1	0.053582	contraction	FALSE
Vespa_velutina	N0.HOG0000109	1		expansion	FALSE
Vespa_velutina	N0.HOG0000172	1		expansion	FALSE
Vespa_velutina	N0.HOG0000430	1		expansion	FALSE
Vespa_velutina	N0.HOG0000691	1		expansion	FALSE
Vespa_velutina	N0.HOG0000923	1		expansion	FALSE
Vespa_velutina	N0.HOG0001033	1		expansion	FALSE
Vespa_velutina	N0.HOG0001797	1		expansion	FALSE
Vespa_velutina	N0.HOG0001870	1		expansion	FALSE
Vespa_velutina	N0.HOG0002277	1		expansion	FALSE
Vespa_velutina	N0.HOG0002285	1		expansion	FALSE
Vespa_velutina	N0.HOG0003043	1		expansion	FALSE
Vespa_velutina	N0.HOG0003385	1		expansion	FALSE
Vespa_velutina	N0.HOG0003422	1		expansion	FALSE
Vespa_velutina	N0.HOG0003486	1		expansion	FALSE
Vespa_velutina	N0.HOG0004744	1		expansion	FALSE
Vespa_velutina	N0.HOG0005046	1		expansion	FALSE
Vespa_velutina	N0.HOG0005982	1		expansion	FALSE
Vespa_velutina	N0.HOG0006912	1		expansion	FALSE
Vespa_velutina	N0.HOG0007772	1		expansion	FALSE
Vespa_velutina	N0.HOG0007986	1		expansion	FALSE
Vespa_velutina	N0.HOG0008701	1		expansion	FALSE
Vespa_velutina	N0.HOG0000167	-1		contraction	FALSE
Vespa_velutina	N0.HOG0000181	-1		contraction	FALSE
Vespa_velutina	N0.HOG0000190	-1		contraction	FALSE
Vespa_velutina	N0.HOG0000246	-1		contraction	FALSE
Vespa_velutina	N0.HOG0000310	-1		contraction	FALSE
Vespa_velutina	N0.HOG0000468	-1		contraction	FALSE
Vespa_velutina	N0.HOG0000497	-1		contraction	FALSE
Vespa_velutina	N0.HOG0000649	-1		contraction	FALSE
Vespa_velutina	N0.HOG0000652	-1		contraction	FALSE
Vespa_velutina	N0.HOG0000720	-1		contraction	FALSE
Vespa_velutina	N0.HOG0000753	-1		contraction	FALSE
Vespa_velutina	N0.HOG0001020	-1		contraction	FALSE
Vespa_velutina	N0.HOG0001341	-1		contraction	FALSE
Vespa_velutina	N0.HOG0001385	-1		contraction	FALSE
Vespa_velutina	N0.HOG0001412	-1		contraction	FALSE
Vespa_velutina	N0.HOG0001561	-1		contraction	FALSE
Vespa_velutina	N0.HOG0001821	-1		contraction	FALSE
Vespa_velutina	N0.HOG0001994	-1		contraction	FALSE
Vespa_velutina	N0.HOG0002187	-1		contraction	FALSE
Vespa_velutina	N0.HOG0002832	-1		contraction	FALSE
Vespa_velutina	N0.HOG0003048	-1		contraction	FALSE
Vespa_velutina	N0.HOG0003074	-1		contraction	FALSE
Vespa_velutina	N0.HOG0003199	-1		contraction	FALSE
Vespa_velutina	N0.HOG0003223	-1		contraction	FALSE
Vespa_velutina	N0.HOG0003278	-1		contraction	FALSE
Vespa_velutina	N0.HOG0004089	-1		contraction	FALSE
Vespa_velutina	N0.HOG0004187	-1		contraction	FALSE
Vespa_velutina	N0.HOG0004217	-1		contraction	FALSE
Vespa_velutina	N0.HOG0004281	-1		contraction	FALSE
Vespa_velutina	N0.HOG0004344	-1		contraction	FALSE
Vespa_velutina	N0.HOG0004684	-1		contraction	FALSE
Vespa_velutina	N0.HOG0004909	-1		contraction	FALSE
Vespa_velutina	N0.HOG0004987	-1		contraction	FALSE
Vespa_velutina	N0.HOG0005188	-1		contraction	FALSE
Vespa_velutina	N0.HOG0005310	-1		contraction	FALSE
Vespa_velutina	N0.HOG0005341	-1		contraction	FALSE
Vespa_velutina	N0.HOG0005614	-1		contraction	FALSE
Vespa_velutina	N0.HOG0005697	-1		contraction	FALSE
Vespa_velutina	N0.HOG0005897	-1		contraction	FALSE
Vespa_velutina	N0.HOG0005911	-1		contraction	FALSE
Vespa_velutina	N0.HOG0005915	-1		contraction	FALSE
Vespa_velutina	N0.HOG0005975	-1		contraction	FALSE
Vespa_velutina	N0.HOG0006036	-1		contraction	FALSE
Vespa_velutina	N0.HOG0006045	-1		contraction	FALSE
Vespa_velutina	N0.HOG0006067	-1		contraction	FALSE
Vespa_velutina	N0.HOG0006309	-1		contraction	FALSE
Vespa_velutina	N0.HOG0006365	-1		contraction	FALSE
Vespa_velutina	N0.HOG0006473	-1		contraction	FALSE
Vespa_velutina	N0.HOG0006476	-1		contraction	FALSE
Vespa_velutina	N0.HOG0006597	-1		contraction	FALSE
Vespa_velutina	N0.HOG0006738	-1		contraction	FALSE
Vespa_velutina	N0.HOG0006834	-1		contraction	FALSE
Vespa_velutina	N0.HOG0006943	-1		contraction	FALSE
Vespa_velutina	N0.HOG0006944	-1		contraction	FALSE
Vespa_velutina	N0.HOG0007086	-1		contraction	FALSE
Vespa_velutina	N0.HOG0007146	-1		contraction	FALSE
Vespa_velutina	N0.HOG0007217	-1		contraction	FALSE
Vespa_velutina	N0.HOG0007245	-1		contraction	FALSE
Vespa_velutina	N0.HOG0007260	-1		contraction	FALSE
Vespa_velutina	N0.HOG0007367	-1		contraction	FALSE
Vespa_velutina	N0.HOG0007384	-1		contraction	FALSE
Vespa_velutina	N0.HOG0007403	-1		contraction	FALSE
Vespa_velutina	N0.HOG0007417	-1		contraction	FALSE
Vespa_velutina	N0.HOG0007437	-1		contraction	FALSE
Vespa_velutina	N0.HOG0007470	-1		contraction	FALSE
Vespa_velutina	N0.HOG0007479	-1		contraction	FALSE
Vespa_velutina	N0.HOG0007505	-1		contraction	FALSE
Vespa_velutina	N0.HOG0007575	-1		contraction	FALSE
Vespa_velutina	N0.HOG0007640	-1		contraction	FALSE
Vespa_velutina	N0.HOG0007696	-1		contraction	FALSE
Vespa_velutina	N0.HOG0007728	-1		contraction	FALSE
Vespa_velutina	N0.HOG0007807	-1		contraction	FALSE
Vespa_velutina	N0.HOG0007823	-1		contraction	FALSE
Vespa_velutina	N0.HOG0007863	-1		contraction	FALSE
Vespa_velutina	N0.HOG0007887	-1		contraction	FALSE
Vespa_velutina	N0.HOG0007890	-1		contraction	FALSE
Vespa_velutina	N0.HOG0007903	-1		contraction	FALSE
Vespa_velutina	N0.HOG0007932	-1		contraction	FALSE
Vespa_velutina	N0.HOG0007933	-1		contraction	FALSE
Vespa_velutina	N0.HOG0007939	-1		contraction	FALSE
Vespa_velutina	N0.HOG0007952	-1		contraction	FALSE
Vespa_velutina	N0.HOG0008013	-1		contraction	FALSE
Vespa_velutina	N0.HOG0008051	-1		contraction	FALSE
Vespa_velutina	N0.HOG0008058	-1		contraction	FALSE
Vespa_velutina	N0.HOG0008108	-1		contraction	FALSE
Vespa_velutina	N0.HOG0008142	-1		contraction	FALSE
Vespa_velutina	N0.HOG0008159	-1		contraction	FALSE
Vespa_velutina	N0.HOG0008191	-1		contraction	FALSE
Vespa_velutina	N0.HOG0008269	-1		contraction	FALSE
Vespa_velutina	N0.HOG0008271	-1		contraction	FALSE
Vespa_velutina	N0.HOG0008322	-1		contraction	FALSE
Vespa_velutina	N0.HOG0008394	-1		contraction	FALSE
Vespa_velutina	N0.HOG0008550	-1		contraction	FALSE
Vespa_velutina	N0.HOG0008710	-1		contraction	FALSE
Vespa_velutina	N0.HOG0008904	-1		contraction	FALSE
Vespa_velutina	N0.HOG0008926	-1		contraction	FALSE
Vespa_velutina	N0.HOG0009360	-1		contraction	FALSE
Vespa_velutina	N0.HOG0009520	-1		contraction	FALSE
Vespa_velutina	N0.HOG0009620	-1		contraction	FALSE
Vespa_velutina	N0.HOG0009622	-1		contraction	FALSE
Vespa_velutina	N0.HOG0009766	-1		contraction	FALSE
Vespa_velutina	N0.HOG0000061	3	3.78655e-07	expansion	TRUE
Vespa_velutina	N0.HOG0000163	3	1.02499e-05	expansion	TRUE
Vespa_velutina	N0.HOG0000228	3	1.02499e-05	expansion	TRUE
Vespa_velutina	N0.HOG0000762	2	4.15407e-05	expansion	TRUE
Vespa_velutina	N0.HOG0001815	2	4.15407e-05	expansion	TRUE
Vespa_velutina	N0.HOG0002661	2	4.15407e-05	expansion	TRUE
Vespa_velutina	N0.HOG0000044	-2	0.000257604	contraction	TRUE
Vespa_velutina	N0.HOG0000353	1	0.00455726	expansion	TRUE
Vespa_velutina	N0.HOG0000722	1	0.00455726	expansion	TRUE
Vespa_velutina	N0.HOG0000914	1	0.00455726	expansion	TRUE
Vespa_velutina	N0.HOG0000935	1	0.00455726	expansion	TRUE
Vespa_velutina	N0.HOG0001114	1	0.00455726	expansion	TRUE
Vespa_velutina	N0.HOG0001343	1	0.00455726	expansion	TRUE
Vespa_velutina	N0.HOG0001478	1	0.00455726	expansion	TRUE
Vespa_velutina	N0.HOG0001931	1	0.00455726	expansion	TRUE
Vespa_velutina	N0.HOG0002075	1	0.00455726	expansion	TRUE
Vespa_velutina	N0.HOG0002155	1	0.00455726	expansion	TRUE
Vespa_velutina	N0.HOG0002173	1	0.00455726	expansion	TRUE
Vespa_velutina	N0.HOG0008219	1	0.00455726	expansion	TRUE
Vespa_velutina	N0.HOG0008408	1	0.00455726	expansion	TRUE
Vespa_velutina	N0.HOG0008545	1	0.00455726	expansion	TRUE
Vespa_velutina	N0.HOG0000592	2	0.0064253	expansion	TRUE
Vespa_velutina	N0.HOG0000614	1	0.00911454	expansion	TRUE
Vespa_velutina	N0.HOG0001930	1	0.00911454	expansion	TRUE
Vespa_velutina	N0.HOG0002403	1	0.00911454	expansion	TRUE
Vespa_velutina	N0.HOG0000007	-1	0.0135898	contraction	TRUE
Vespa_velutina	N0.HOG0000045	-1	0.0135898	contraction	TRUE
Vespa_velutina	N0.HOG0000046	-1	0.0135898	contraction	TRUE
Vespa_velutina	N0.HOG0000098	-1	0.0135898	contraction	TRUE
Vespa_velutina	N0.HOG0000145	-1	0.0135898	contraction	TRUE
Vespa_velutina	N0.HOG0000333	-1	0.0135898	contraction	TRUE
Vespa_velutina	N0.HOG0000354	-1	0.0135898	contraction	TRUE
Vespa_velutina	N0.HOG0000425	-1	0.0135898	contraction	TRUE
Vespa_velutina	N0.HOG0000555	-1	0.0135898	contraction	TRUE
Vespa_velutina	N0.HOG0000862	-1	0.0135898	contraction	TRUE
Vespa_velutina	N0.HOG0001142	-1	0.0135898	contraction	TRUE
Vespa_velutina	N0.HOG0001401	-1	0.0135898	contraction	TRUE
Vespa_velutina	N0.HOG0001467	-1	0.0135898	contraction	TRUE
Vespa_velutina	N0.HOG0001589	-1	0.0135898	contraction	TRUE
Vespa_velutina	N0.HOG0001989	-1	0.0135898	contraction	TRUE
Vespa_velutina	N0.HOG0002326	-1	0.0135898	contraction	TRUE
Vespa_velutina	N0.HOG0003013	-1	0.0135898	contraction	TRUE
Vespa_velutina	N0.HOG0005916	-1	0.0135898	contraction	TRUE
Vespa_velutina	N0.HOG0006458	-1	0.0135898	contraction	TRUE
Vespa_velutina	N0.HOG0006640	-1	0.0135898	contraction	TRUE
Vespa_velutina	N0.HOG0007019	-1	0.0135898	contraction	TRUE
Vespa_velutina	N0.HOG0007269	-1	0.0135898	contraction	TRUE
Vespa_velutina	N0.HOG0007409	-1	0.0135898	contraction	TRUE
Vespa_velutina	N0.HOG0007685	-1	0.0135898	contraction	TRUE
Vespa_velutina	N0.HOG0007820	-1	0.0135898	contraction	TRUE
Vespa_velutina	N0.HOG0007946	-1	0.0135898	contraction	TRUE
Vespa_velutina	N0.HOG0007962	-1	0.0135898	contraction	TRUE
Vespa_velutina	N0.HOG0007968	-1	0.0135898	contraction	TRUE
Vespa_velutina	N0.HOG0008040	-1	0.0135898	contraction	TRUE
Vespa_velutina	N0.HOG0008109	-1	0.0135898	contraction	TRUE
Vespa_velutina	N0.HOG0008127	-1	0.0135898	contraction	TRUE
Vespa_velutina	N0.HOG0008192	-1	0.0135898	contraction	TRUE
Vespa_velutina	N0.HOG0008244	-1	0.0135898	contraction	TRUE
Vespa_velutina	N0.HOG0008257	-1	0.0135898	contraction	TRUE
Vespa_velutina	N0.HOG0008264	-1	0.0135898	contraction	TRUE
Vespa_velutina	N0.HOG0008292	-1	0.0135898	contraction	TRUE
Vespa_velutina	N0.HOG0008348	-1	0.0135898	contraction	TRUE
Vespa_velutina	N0.HOG0008381	-1	0.0135898	contraction	TRUE
Vespa_velutina	N0.HOG0008397	-1	0.0135898	contraction	TRUE
Vespa_velutina	N0.HOG0008604	-1	0.0135898	contraction	TRUE
Vespa_velutina	N0.HOG0008627	-1	0.0135898	contraction	TRUE
Vespa_velutina	N0.HOG0008676	-1	0.0135898	contraction	TRUE
Vespa_velutina	N0.HOG0008753	-1	0.0135898	contraction	TRUE
Vespa_velutina	N0.HOG0008780	-1	0.0135898	contraction	TRUE
Vespa_velutina	N0.HOG0008785	-1	0.0135898	contraction	TRUE
Vespa_velutina	N0.HOG0008787	-1	0.0135898	contraction	TRUE
Vespa_velutina	N0.HOG0008854	-1	0.0135898	contraction	TRUE
Vespa_velutina	N0.HOG0008864	-1	0.0135898	contraction	TRUE
Vespa_velutina	N0.HOG0008870	-1	0.0135898	contraction	TRUE
Vespa_velutina	N0.HOG0008901	-1	0.0135898	contraction	TRUE
Vespa_velutina	N0.HOG0008923	-1	0.0135898	contraction	TRUE
Vespa_velutina	N0.HOG0008933	-1	0.0135898	contraction	TRUE
Vespa_velutina	N0.HOG0008955	-1	0.0135898	contraction	TRUE
Vespa_velutina	N0.HOG0008956	-1	0.0135898	contraction	TRUE
Vespa_velutina	N0.HOG0008989	-1	0.0135898	contraction	TRUE
Vespa_velutina	N0.HOG0008995	-1	0.0135898	contraction	TRUE
Vespa_velutina	N0.HOG0009005	-1	0.0135898	contraction	TRUE
Vespa_velutina	N0.HOG0009021	-1	0.0135898	contraction	TRUE
Vespa_velutina	N0.HOG0009082	-1	0.0135898	contraction	TRUE
Vespa_velutina	N0.HOG0009083	-1	0.0135898	contraction	TRUE
Vespa_velutina	N0.HOG0009084	-1	0.0135898	contraction	TRUE
Vespa_velutina	N0.HOG0009109	-1	0.0135898	contraction	TRUE
Vespa_velutina	N0.HOG0009111	-1	0.0135898	contraction	TRUE
Vespa_velutina	N0.HOG0009130	-1	0.0135898	contraction	TRUE
Vespa_velutina	N0.HOG0009160	-1	0.0135898	contraction	TRUE
Vespa_velutina	N0.HOG0009198	-1	0.0135898	contraction	TRUE
Vespa_velutina	N0.HOG0009237	-1	0.0135898	contraction	TRUE
Vespa_velutina	N0.HOG0009262	-1	0.0135898	contraction	TRUE
Vespa_velutina	N0.HOG0009291	-1	0.0135898	contraction	TRUE
Vespa_velutina	N0.HOG0009349	-1	0.0135898	contraction	TRUE
Vespa_velutina	N0.HOG0009391	-1	0.0135898	contraction	TRUE
Vespa_velutina	N0.HOG0009397	-1	0.0135898	contraction	TRUE
Vespa_velutina	N0.HOG0009413	-1	0.0135898	contraction	TRUE
Vespa_velutina	N0.HOG0009431	-1	0.0135898	contraction	TRUE
Vespa_velutina	N0.HOG0009436	-1	0.0135898	contraction	TRUE
Vespa_velutina	N0.HOG0009481	-1	0.0135898	contraction	TRUE
Vespa_velutina	N0.HOG0009537	-1	0.0135898	contraction	TRUE
Vespa_velutina	N0.HOG0009546	-1	0.0135898	contraction	TRUE
Vespa_velutina	N0.HOG0009548	-1	0.0135898	contraction	TRUE
Vespa_velutina	N0.HOG0009558	-1	0.0135898	contraction	TRUE
Vespa_velutina	N0.HOG0009581	-1	0.0135898	contraction	TRUE
Vespa_velutina	N0.HOG0009593	-1	0.0135898	contraction	TRUE
Vespa_velutina	N0.HOG0009639	-1	0.0135898	contraction	TRUE
Vespa_velutina	N0.HOG0009661	-1	0.0135898	contraction	TRUE
Vespa_velutina	N0.HOG0009720	-1	0.0135898	contraction	TRUE
Vespa_velutina	N0.HOG0009735	-1	0.0135898	contraction	TRUE
Vespa_velutina	N0.HOG0009777	-1	0.0135898	contraction	TRUE
Vespa_velutina	N0.HOG0009977	-1	0.0135898	contraction	TRUE
Vespa_velutina	N0.HOG0010011	-1	0.0135898	contraction	TRUE
Vespa_velutina	N0.HOG0010016	-1	0.0135898	contraction	TRUE
Vespa_velutina	N0.HOG0010171	-1	0.0135898	contraction	TRUE
Vespa_velutina	N0.HOG0010180	-1	0.0135898	contraction	TRUE
Vespa_velutina	N0.HOG0010401	-1	0.0135898	contraction	TRUE
Vespa_velutina	N0.HOG0010467	-1	0.0135898	contraction	TRUE
Vespa_velutina	N0.HOG0010546	-1	0.0135898	contraction	TRUE
Vespa_velutina	N0.HOG0010604	-1	0.0135898	contraction	TRUE
Vespa_velutina	N0.HOG0011508	-1	0.0135898	contraction	TRUE
Vespa_velutina	N0.HOG0000550	1	0.01367	expansion	TRUE
Vespa_velutina	N0.HOG0000262	-1	0.0268526	contraction	TRUE
Vespa_velutina	N0.HOG0000351	-1	0.0268526	contraction	TRUE
Vespa_velutina	N0.HOG0000503	-1	0.0268526	contraction	TRUE
Vespa_velutina	N0.HOG0000531	-1	0.0268526	contraction	TRUE
Vespa_velutina	N0.HOG0000573	-1	0.0268526	contraction	TRUE
Vespa_velutina	N0.HOG0000792	-1	0.0268526	contraction	TRUE
Vespa_velutina	N0.HOG0000947	-1	0.0268526	contraction	TRUE
Vespa_velutina	N0.HOG0001139	-1	0.0268526	contraction	TRUE
Vespa_velutina	N0.HOG0001383	-1	0.0268526	contraction	TRUE
Vespa_velutina	N0.HOG0000504	1	0.0318389	expansion	TRUE
Vespa_velutina	N0.HOG0000177	-1	0.0397975	contraction	TRUE
Vespa_velutina	N0.HOG0000236	-1	0.0397975	contraction	TRUE
Vespa_velutina	N0.HOG0000028	-1	0.0647693	contraction	FALSE
Vespa_velutina	N0.HOG0000042	-1	0.100058	contraction	FALSE
Vespa_velutina	N0.HOG0000019	-1	0.111274	contraction	FALSE
Vespula_germanica	N0.HOG0000310	3		expansion	FALSE
Vespula_germanica	N0.HOG0000958	2		expansion	FALSE
Vespula_germanica	N0.HOG0001349	2		expansion	FALSE
Vespula_germanica	N0.HOG0001436	2		expansion	FALSE
Vespula_germanica	N0.HOG0002057	2		expansion	FALSE
Vespula_germanica	N0.HOG0000181	1		expansion	FALSE
Vespula_germanica	N0.HOG0000198	1		expansion	FALSE
Vespula_germanica	N0.HOG0000219	1		expansion	FALSE
Vespula_germanica	N0.HOG0000342	1		expansion	FALSE
Vespula_germanica	N0.HOG0000355	1		expansion	FALSE
Vespula_germanica	N0.HOG0000445	1		expansion	FALSE
Vespula_germanica	N0.HOG0000512	1		expansion	FALSE
Vespula_germanica	N0.HOG0000571	1		expansion	FALSE
Vespula_germanica	N0.HOG0000599	1		expansion	FALSE
Vespula_germanica	N0.HOG0000750	1		expansion	FALSE
Vespula_germanica	N0.HOG0000793	1		expansion	FALSE
Vespula_germanica	N0.HOG0000835	1		expansion	FALSE
Vespula_germanica	N0.HOG0000864	1		expansion	FALSE
Vespula_germanica	N0.HOG0000866	1		expansion	FALSE
Vespula_germanica	N0.HOG0000876	1		expansion	FALSE
Vespula_germanica	N0.HOG0000903	1		expansion	FALSE
Vespula_germanica	N0.HOG0000908	1		expansion	FALSE
Vespula_germanica	N0.HOG0000912	1		expansion	FALSE
Vespula_germanica	N0.HOG0000915	1		expansion	FALSE
Vespula_germanica	N0.HOG0000926	1		expansion	FALSE
Vespula_germanica	N0.HOG0000929	1		expansion	FALSE
Vespula_germanica	N0.HOG0001006	1		expansion	FALSE
Vespula_germanica	N0.HOG0001018	1		expansion	FALSE
Vespula_germanica	N0.HOG0001060	1		expansion	FALSE
Vespula_germanica	N0.HOG0001063	1		expansion	FALSE
Vespula_germanica	N0.HOG0001074	1		expansion	FALSE
Vespula_germanica	N0.HOG0001094	1		expansion	FALSE
Vespula_germanica	N0.HOG0001132	1		expansion	FALSE
Vespula_germanica	N0.HOG0001138	1		expansion	FALSE
Vespula_germanica	N0.HOG0001146	1		expansion	FALSE
Vespula_germanica	N0.HOG0001158	1		expansion	FALSE
Vespula_germanica	N0.HOG0001191	1		expansion	FALSE
Vespula_germanica	N0.HOG0001196	1		expansion	FALSE
Vespula_germanica	N0.HOG0001197	1		expansion	FALSE
Vespula_germanica	N0.HOG0001198	1		expansion	FALSE
Vespula_germanica	N0.HOG0001205	1		expansion	FALSE
Vespula_germanica	N0.HOG0001206	1		expansion	FALSE
Vespula_germanica	N0.HOG0001213	1		expansion	FALSE
Vespula_germanica	N0.HOG0001216	1		expansion	FALSE
Vespula_germanica	N0.HOG0001218	1		expansion	FALSE
Vespula_germanica	N0.HOG0001232	1		expansion	FALSE
Vespula_germanica	N0.HOG0001239	1		expansion	FALSE
Vespula_germanica	N0.HOG0001245	1		expansion	FALSE
Vespula_germanica	N0.HOG0001247	1		expansion	FALSE
Vespula_germanica	N0.HOG0001291	1		expansion	FALSE
Vespula_germanica	N0.HOG0001306	1		expansion	FALSE
Vespula_germanica	N0.HOG0001323	1		expansion	FALSE
Vespula_germanica	N0.HOG0001327	1		expansion	FALSE
Vespula_germanica	N0.HOG0001342	1		expansion	FALSE
Vespula_germanica	N0.HOG0001376	1		expansion	FALSE
Vespula_germanica	N0.HOG0001377	1		expansion	FALSE
Vespula_germanica	N0.HOG0001412	1		expansion	FALSE
Vespula_germanica	N0.HOG0001420	1		expansion	FALSE
Vespula_germanica	N0.HOG0001422	1		expansion	FALSE
Vespula_germanica	N0.HOG0001453	1		expansion	FALSE
Vespula_germanica	N0.HOG0001475	1		expansion	FALSE
Vespula_germanica	N0.HOG0001483	1		expansion	FALSE
Vespula_germanica	N0.HOG0001503	1		expansion	FALSE
Vespula_germanica	N0.HOG0001511	1		expansion	FALSE
Vespula_germanica	N0.HOG0001515	1		expansion	FALSE
Vespula_germanica	N0.HOG0001530	1		expansion	FALSE
Vespula_germanica	N0.HOG0001549	1		expansion	FALSE
Vespula_germanica	N0.HOG0001558	1		expansion	FALSE
Vespula_germanica	N0.HOG0001561	1		expansion	FALSE
Vespula_germanica	N0.HOG0001562	1		expansion	FALSE
Vespula_germanica	N0.HOG0001563	1		expansion	FALSE
Vespula_germanica	N0.HOG0001565	1		expansion	FALSE
Vespula_germanica	N0.HOG0001569	1		expansion	FALSE
Vespula_germanica	N0.HOG0001580	1		expansion	FALSE
Vespula_germanica	N0.HOG0001595	1		expansion	FALSE
Vespula_germanica	N0.HOG0001600	1		expansion	FALSE
Vespula_germanica	N0.HOG0001612	1		expansion	FALSE
Vespula_germanica	N0.HOG0001619	1		expansion	FALSE
Vespula_germanica	N0.HOG0001648	1		expansion	FALSE
Vespula_germanica	N0.HOG0001661	1		expansion	FALSE
Vespula_germanica	N0.HOG0001664	1		expansion	FALSE
Vespula_germanica	N0.HOG0001680	1		expansion	FALSE
Vespula_germanica	N0.HOG0001685	1		expansion	FALSE
Vespula_germanica	N0.HOG0001690	1		expansion	FALSE
Vespula_germanica	N0.HOG0001697	1		expansion	FALSE
Vespula_germanica	N0.HOG0001698	1		expansion	FALSE
Vespula_germanica	N0.HOG0001702	1		expansion	FALSE
Vespula_germanica	N0.HOG0001705	1		expansion	FALSE
Vespula_germanica	N0.HOG0001764	1		expansion	FALSE
Vespula_germanica	N0.HOG0001824	1		expansion	FALSE
Vespula_germanica	N0.HOG0001844	1		expansion	FALSE
Vespula_germanica	N0.HOG0001856	1		expansion	FALSE
Vespula_germanica	N0.HOG0001862	1		expansion	FALSE
Vespula_germanica	N0.HOG0001867	1		expansion	FALSE
Vespula_germanica	N0.HOG0001882	1		expansion	FALSE
Vespula_germanica	N0.HOG0001894	1		expansion	FALSE
Vespula_germanica	N0.HOG0001902	1		expansion	FALSE
Vespula_germanica	N0.HOG0001917	1		expansion	FALSE
Vespula_germanica	N0.HOG0001923	1		expansion	FALSE
Vespula_germanica	N0.HOG0001947	1		expansion	FALSE
Vespula_germanica	N0.HOG0001948	1		expansion	FALSE
Vespula_germanica	N0.HOG0001949	1		expansion	FALSE
Vespula_germanica	N0.HOG0001961	1		expansion	FALSE
Vespula_germanica	N0.HOG0001969	1		expansion	FALSE
Vespula_germanica	N0.HOG0001986	1		expansion	FALSE
Vespula_germanica	N0.HOG0001988	1		expansion	FALSE
Vespula_germanica	N0.HOG0001997	1		expansion	FALSE
Vespula_germanica	N0.HOG0002005	1		expansion	FALSE
Vespula_germanica	N0.HOG0002012	1		expansion	FALSE
Vespula_germanica	N0.HOG0002030	1		expansion	FALSE
Vespula_germanica	N0.HOG0002038	1		expansion	FALSE
Vespula_germanica	N0.HOG0002047	1		expansion	FALSE
Vespula_germanica	N0.HOG0002087	1		expansion	FALSE
Vespula_germanica	N0.HOG0002106	1		expansion	FALSE
Vespula_germanica	N0.HOG0002107	1		expansion	FALSE
Vespula_germanica	N0.HOG0002151	1		expansion	FALSE
Vespula_germanica	N0.HOG0002154	1		expansion	FALSE
Vespula_germanica	N0.HOG0002156	1		expansion	FALSE
Vespula_germanica	N0.HOG0002159	1		expansion	FALSE
Vespula_germanica	N0.HOG0002166	1		expansion	FALSE
Vespula_germanica	N0.HOG0002175	1		expansion	FALSE
Vespula_germanica	N0.HOG0002186	1		expansion	FALSE
Vespula_germanica	N0.HOG0002206	1		expansion	FALSE
Vespula_germanica	N0.HOG0002209	1		expansion	FALSE
Vespula_germanica	N0.HOG0002213	1		expansion	FALSE
Vespula_germanica	N0.HOG0002227	1		expansion	FALSE
Vespula_germanica	N0.HOG0002228	1		expansion	FALSE
Vespula_germanica	N0.HOG0002237	1		expansion	FALSE
Vespula_germanica	N0.HOG0002243	1		expansion	FALSE
Vespula_germanica	N0.HOG0002248	1		expansion	FALSE
Vespula_germanica	N0.HOG0002249	1		expansion	FALSE
Vespula_germanica	N0.HOG0002312	1		expansion	FALSE
Vespula_germanica	N0.HOG0002313	1		expansion	FALSE
Vespula_germanica	N0.HOG0002316	1		expansion	FALSE
Vespula_germanica	N0.HOG0002344	1		expansion	FALSE
Vespula_germanica	N0.HOG0002345	1		expansion	FALSE
Vespula_germanica	N0.HOG0002352	1		expansion	FALSE
Vespula_germanica	N0.HOG0002354	1		expansion	FALSE
Vespula_germanica	N0.HOG0002361	1		expansion	FALSE
Vespula_germanica	N0.HOG0002372	1		expansion	FALSE
Vespula_germanica	N0.HOG0002375	1		expansion	FALSE
Vespula_germanica	N0.HOG0002384	1		expansion	FALSE
Vespula_germanica	N0.HOG0002392	1		expansion	FALSE
Vespula_germanica	N0.HOG0002393	1		expansion	FALSE
Vespula_germanica	N0.HOG0002410	1		expansion	FALSE
Vespula_germanica	N0.HOG0002429	1		expansion	FALSE
Vespula_germanica	N0.HOG0002437	1		expansion	FALSE
Vespula_germanica	N0.HOG0002457	1		expansion	FALSE
Vespula_germanica	N0.HOG0002466	1		expansion	FALSE
Vespula_germanica	N0.HOG0002469	1		expansion	FALSE
Vespula_germanica	N0.HOG0002474	1		expansion	FALSE
Vespula_germanica	N0.HOG0002480	1		expansion	FALSE
Vespula_germanica	N0.HOG0002481	1		expansion	FALSE
Vespula_germanica	N0.HOG0002498	1		expansion	FALSE
Vespula_germanica	N0.HOG0002537	1		expansion	FALSE
Vespula_germanica	N0.HOG0002541	1		expansion	FALSE
Vespula_germanica	N0.HOG0002617	1		expansion	FALSE
Vespula_germanica	N0.HOG0002645	1		expansion	FALSE
Vespula_germanica	N0.HOG0002680	1		expansion	FALSE
Vespula_germanica	N0.HOG0002692	1		expansion	FALSE
Vespula_germanica	N0.HOG0002712	1		expansion	FALSE
Vespula_germanica	N0.HOG0002721	1		expansion	FALSE
Vespula_germanica	N0.HOG0002766	1		expansion	FALSE
Vespula_germanica	N0.HOG0002801	1		expansion	FALSE
Vespula_germanica	N0.HOG0002827	1		expansion	FALSE
Vespula_germanica	N0.HOG0002851	1		expansion	FALSE
Vespula_germanica	N0.HOG0002876	1		expansion	FALSE
Vespula_germanica	N0.HOG0002936	1		expansion	FALSE
Vespula_germanica	N0.HOG0002984	1		expansion	FALSE
Vespula_germanica	N0.HOG0002995	1		expansion	FALSE
Vespula_germanica	N0.HOG0003038	1		expansion	FALSE
Vespula_germanica	N0.HOG0003054	1		expansion	FALSE
Vespula_germanica	N0.HOG0003088	1		expansion	FALSE
Vespula_germanica	N0.HOG0003109	1		expansion	FALSE
Vespula_germanica	N0.HOG0003159	1		expansion	FALSE
Vespula_germanica	N0.HOG0003195	1		expansion	FALSE
Vespula_germanica	N0.HOG0003208	1		expansion	FALSE
Vespula_germanica	N0.HOG0003269	1		expansion	FALSE
Vespula_germanica	N0.HOG0003302	1		expansion	FALSE
Vespula_germanica	N0.HOG0003329	1		expansion	FALSE
Vespula_germanica	N0.HOG0003344	1		expansion	FALSE
Vespula_germanica	N0.HOG0003349	1		expansion	FALSE
Vespula_germanica	N0.HOG0003375	1		expansion	FALSE
Vespula_germanica	N0.HOG0003387	1		expansion	FALSE
Vespula_germanica	N0.HOG0003395	1		expansion	FALSE
Vespula_germanica	N0.HOG0003546	1		expansion	FALSE
Vespula_germanica	N0.HOG0003564	1		expansion	FALSE
Vespula_germanica	N0.HOG0003599	1		expansion	FALSE
Vespula_germanica	N0.HOG0003600	1		expansion	FALSE
Vespula_germanica	N0.HOG0003602	1		expansion	FALSE
Vespula_germanica	N0.HOG0003649	1		expansion	FALSE
Vespula_germanica	N0.HOG0003678	1		expansion	FALSE
Vespula_germanica	N0.HOG0003693	1		expansion	FALSE
Vespula_germanica	N0.HOG0003747	1		expansion	FALSE
Vespula_germanica	N0.HOG0003814	1		expansion	FALSE
Vespula_germanica	N0.HOG0003912	1		expansion	FALSE
Vespula_germanica	N0.HOG0004059	1		expansion	FALSE
Vespula_germanica	N0.HOG0004082	1		expansion	FALSE
Vespula_germanica	N0.HOG0004089	1		expansion	FALSE
Vespula_germanica	N0.HOG0004217	1		expansion	FALSE
Vespula_germanica	N0.HOG0004224	1		expansion	FALSE
Vespula_germanica	N0.HOG0004247	1		expansion	FALSE
Vespula_germanica	N0.HOG0004304	1		expansion	FALSE
Vespula_germanica	N0.HOG0004341	1		expansion	FALSE
Vespula_germanica	N0.HOG0004372	1		expansion	FALSE
Vespula_germanica	N0.HOG0004459	1		expansion	FALSE
Vespula_germanica	N0.HOG0004559	1		expansion	FALSE
Vespula_germanica	N0.HOG0004778	1		expansion	FALSE
Vespula_germanica	N0.HOG0004809	1		expansion	FALSE
Vespula_germanica	N0.HOG0004818	1		expansion	FALSE
Vespula_germanica	N0.HOG0004904	1		expansion	FALSE
Vespula_germanica	N0.HOG0005077	1		expansion	FALSE
Vespula_germanica	N0.HOG0005209	1		expansion	FALSE
Vespula_germanica	N0.HOG0005210	1		expansion	FALSE
Vespula_germanica	N0.HOG0005330	1		expansion	FALSE
Vespula_germanica	N0.HOG0005466	1		expansion	FALSE
Vespula_germanica	N0.HOG0005471	1		expansion	FALSE
Vespula_germanica	N0.HOG0005552	1		expansion	FALSE
Vespula_germanica	N0.HOG0006202	1		expansion	FALSE
Vespula_germanica	N0.HOG0006249	1		expansion	FALSE
Vespula_germanica	N0.HOG0006401	1		expansion	FALSE
Vespula_germanica	N0.HOG0006451	1		expansion	FALSE
Vespula_germanica	N0.HOG0006572	1		expansion	FALSE
Vespula_germanica	N0.HOG0006718	1		expansion	FALSE
Vespula_germanica	N0.HOG0006743	1		expansion	FALSE
Vespula_germanica	N0.HOG0006805	1		expansion	FALSE
Vespula_germanica	N0.HOG0006895	1		expansion	FALSE
Vespula_germanica	N0.HOG0006967	1		expansion	FALSE
Vespula_germanica	N0.HOG0006973	1		expansion	FALSE
Vespula_germanica	N0.HOG0006991	1		expansion	FALSE
Vespula_germanica	N0.HOG0007177	1		expansion	FALSE
Vespula_germanica	N0.HOG0007207	1		expansion	FALSE
Vespula_germanica	N0.HOG0007493	1		expansion	FALSE
Vespula_germanica	N0.HOG0007745	1		expansion	FALSE
Vespula_germanica	N0.HOG0007787	1		expansion	FALSE
Vespula_germanica	N0.HOG0008110	1		expansion	FALSE
Vespula_germanica	N0.HOG0008164	1		expansion	FALSE
Vespula_germanica	N0.HOG0008216	1		expansion	FALSE
Vespula_germanica	N0.HOG0008642	1		expansion	FALSE
Vespula_germanica	N0.HOG0009050	1		expansion	FALSE
Vespula_germanica	N0.HOG0009231	1		expansion	FALSE
Vespula_germanica	N0.HOG0009268	1		expansion	FALSE
Vespula_germanica	N0.HOG0009494	1		expansion	FALSE
Vespula_germanica	N0.HOG0000070	-1		contraction	FALSE
Vespula_germanica	N0.HOG0000172	-1		contraction	FALSE
Vespula_germanica	N0.HOG0000250	-1		contraction	FALSE
Vespula_germanica	N0.HOG0000327	-1		contraction	FALSE
Vespula_germanica	N0.HOG0000335	-1		contraction	FALSE
Vespula_germanica	N0.HOG0000357	-1		contraction	FALSE
Vespula_germanica	N0.HOG0000493	-1		contraction	FALSE
Vespula_germanica	N0.HOG0000528	-1		contraction	FALSE
Vespula_germanica	N0.HOG0000532	-1		contraction	FALSE
Vespula_germanica	N0.HOG0000552	-1		contraction	FALSE
Vespula_germanica	N0.HOG0000562	-1		contraction	FALSE
Vespula_germanica	N0.HOG0000565	-1		contraction	FALSE
Vespula_germanica	N0.HOG0000569	-1		contraction	FALSE
Vespula_germanica	N0.HOG0000577	-1		contraction	FALSE
Vespula_germanica	N0.HOG0000583	-1		contraction	FALSE
Vespula_germanica	N0.HOG0000615	-1		contraction	FALSE
Vespula_germanica	N0.HOG0000621	-1		contraction	FALSE
Vespula_germanica	N0.HOG0000626	-1		contraction	FALSE
Vespula_germanica	N0.HOG0000634	-1		contraction	FALSE
Vespula_germanica	N0.HOG0000636	-1		contraction	FALSE
Vespula_germanica	N0.HOG0000638	-1		contraction	FALSE
Vespula_germanica	N0.HOG0000653	-1		contraction	FALSE
Vespula_germanica	N0.HOG0000672	-1		contraction	FALSE
Vespula_germanica	N0.HOG0000683	-1		contraction	FALSE
Vespula_germanica	N0.HOG0000701	-1		contraction	FALSE
Vespula_germanica	N0.HOG0000710	-1		contraction	FALSE
Vespula_germanica	N0.HOG0000724	-1		contraction	FALSE
Vespula_germanica	N0.HOG0000749	-1		contraction	FALSE
Vespula_germanica	N0.HOG0000760	-1		contraction	FALSE
Vespula_germanica	N0.HOG0000848	-1		contraction	FALSE
Vespula_germanica	N0.HOG0000875	-1		contraction	FALSE
Vespula_germanica	N0.HOG0000954	-1		contraction	FALSE
Vespula_germanica	N0.HOG0001065	-1		contraction	FALSE
Vespula_germanica	N0.HOG0001649	-1		contraction	FALSE
Vespula_germanica	N0.HOG0001820	-1		contraction	FALSE
Vespula_germanica	N0.HOG0002148	-1		contraction	FALSE
Vespula_germanica	N0.HOG0002149	-1		contraction	FALSE
Vespula_germanica	N0.HOG0002496	-1		contraction	FALSE
Vespula_germanica	N0.HOG0002668	-1		contraction	FALSE
Vespula_germanica	N0.HOG0002823	-1		contraction	FALSE
Vespula_germanica	N0.HOG0002904	-1		contraction	FALSE
Vespula_germanica	N0.HOG0003048	-1		contraction	FALSE
Vespula_germanica	N0.HOG0003097	-1		contraction	FALSE
Vespula_germanica	N0.HOG0003161	-1		contraction	FALSE
Vespula_germanica	N0.HOG0003665	-1		contraction	FALSE
Vespula_germanica	N0.HOG0004046	-1		contraction	FALSE
Vespula_germanica	N0.HOG0004087	-1		contraction	FALSE
Vespula_germanica	N0.HOG0004370	-1		contraction	FALSE
Vespula_germanica	N0.HOG0004389	-1		contraction	FALSE
Vespula_germanica	N0.HOG0004659	-1		contraction	FALSE
Vespula_germanica	N0.HOG0004980	-1		contraction	FALSE
Vespula_germanica	N0.HOG0005050	-1		contraction	FALSE
Vespula_germanica	N0.HOG0005116	-1		contraction	FALSE
Vespula_germanica	N0.HOG0005217	-1		contraction	FALSE
Vespula_germanica	N0.HOG0005344	-1		contraction	FALSE
Vespula_germanica	N0.HOG0005666	-1		contraction	FALSE
Vespula_germanica	N0.HOG0005693	-1		contraction	FALSE
Vespula_germanica	N0.HOG0005836	-1		contraction	FALSE
Vespula_germanica	N0.HOG0005942	-1		contraction	FALSE
Vespula_germanica	N0.HOG0006131	-1		contraction	FALSE
Vespula_germanica	N0.HOG0006173	-1		contraction	FALSE
Vespula_germanica	N0.HOG0006346	-1		contraction	FALSE
Vespula_germanica	N0.HOG0006363	-1		contraction	FALSE
Vespula_germanica	N0.HOG0006543	-1		contraction	FALSE
Vespula_germanica	N0.HOG0006746	-1		contraction	FALSE
Vespula_germanica	N0.HOG0006749	-1		contraction	FALSE
Vespula_germanica	N0.HOG0006761	-1		contraction	FALSE
Vespula_germanica	N0.HOG0006768	-1		contraction	FALSE
Vespula_germanica	N0.HOG0006822	-1		contraction	FALSE
Vespula_germanica	N0.HOG0007006	-1		contraction	FALSE
Vespula_germanica	N0.HOG0007071	-1		contraction	FALSE
Vespula_germanica	N0.HOG0007103	-1		contraction	FALSE
Vespula_germanica	N0.HOG0007150	-1		contraction	FALSE
Vespula_germanica	N0.HOG0007260	-1		contraction	FALSE
Vespula_germanica	N0.HOG0007357	-1		contraction	FALSE
Vespula_germanica	N0.HOG0007404	-1		contraction	FALSE
Vespula_germanica	N0.HOG0007416	-1		contraction	FALSE
Vespula_germanica	N0.HOG0007439	-1		contraction	FALSE
Vespula_germanica	N0.HOG0007702	-1		contraction	FALSE
Vespula_germanica	N0.HOG0007712	-1		contraction	FALSE
Vespula_germanica	N0.HOG0007715	-1		contraction	FALSE
Vespula_germanica	N0.HOG0007722	-1		contraction	FALSE
Vespula_germanica	N0.HOG0007760	-1		contraction	FALSE
Vespula_germanica	N0.HOG0007874	-1		contraction	FALSE
Vespula_germanica	N0.HOG0007900	-1		contraction	FALSE
Vespula_germanica	N0.HOG0007922	-1		contraction	FALSE
Vespula_germanica	N0.HOG0007949	-1		contraction	FALSE
Vespula_germanica	N0.HOG0007950	-1		contraction	FALSE
Vespula_germanica	N0.HOG0008013	-1		contraction	FALSE
Vespula_germanica	N0.HOG0008041	-1		contraction	FALSE
Vespula_germanica	N0.HOG0008050	-1		contraction	FALSE
Vespula_germanica	N0.HOG0008066	-1		contraction	FALSE
Vespula_germanica	N0.HOG0008081	-1		contraction	FALSE
Vespula_germanica	N0.HOG0008119	-1		contraction	FALSE
Vespula_germanica	N0.HOG0008151	-1		contraction	FALSE
Vespula_germanica	N0.HOG0008155	-1		contraction	FALSE
Vespula_germanica	N0.HOG0008162	-1		contraction	FALSE
Vespula_germanica	N0.HOG0008184	-1		contraction	FALSE
Vespula_germanica	N0.HOG0008185	-1		contraction	FALSE
Vespula_germanica	N0.HOG0008188	-1		contraction	FALSE
Vespula_germanica	N0.HOG0008205	-1		contraction	FALSE
Vespula_germanica	N0.HOG0008268	-1		contraction	FALSE
Vespula_germanica	N0.HOG0008269	-1		contraction	FALSE
Vespula_germanica	N0.HOG0008282	-1		contraction	FALSE
Vespula_germanica	N0.HOG0008318	-1		contraction	FALSE
Vespula_germanica	N0.HOG0008324	-1		contraction	FALSE
Vespula_germanica	N0.HOG0008326	-1		contraction	FALSE
Vespula_germanica	N0.HOG0008333	-1		contraction	FALSE
Vespula_germanica	N0.HOG0008336	-1		contraction	FALSE
Vespula_germanica	N0.HOG0008390	-1		contraction	FALSE
Vespula_germanica	N0.HOG0008398	-1		contraction	FALSE
Vespula_germanica	N0.HOG0008402	-1		contraction	FALSE
Vespula_germanica	N0.HOG0008404	-1		contraction	FALSE
Vespula_germanica	N0.HOG0008418	-1		contraction	FALSE
Vespula_germanica	N0.HOG0008454	-1		contraction	FALSE
Vespula_germanica	N0.HOG0008467	-1		contraction	FALSE
Vespula_germanica	N0.HOG0008509	-1		contraction	FALSE
Vespula_germanica	N0.HOG0008514	-1		contraction	FALSE
Vespula_germanica	N0.HOG0008516	-1		contraction	FALSE
Vespula_germanica	N0.HOG0008533	-1		contraction	FALSE
Vespula_germanica	N0.HOG0008551	-1		contraction	FALSE
Vespula_germanica	N0.HOG0008583	-1		contraction	FALSE
Vespula_germanica	N0.HOG0008590	-1		contraction	FALSE
Vespula_germanica	N0.HOG0008602	-1		contraction	FALSE
Vespula_germanica	N0.HOG0008621	-1		contraction	FALSE
Vespula_germanica	N0.HOG0008636	-1		contraction	FALSE
Vespula_germanica	N0.HOG0008663	-1		contraction	FALSE
Vespula_germanica	N0.HOG0008675	-1		contraction	FALSE
Vespula_germanica	N0.HOG0008677	-1		contraction	FALSE
Vespula_germanica	N0.HOG0008678	-1		contraction	FALSE
Vespula_germanica	N0.HOG0008778	-1		contraction	FALSE
Vespula_germanica	N0.HOG0008779	-1		contraction	FALSE
Vespula_germanica	N0.HOG0008806	-1		contraction	FALSE
Vespula_germanica	N0.HOG0008819	-1		contraction	FALSE
Vespula_germanica	N0.HOG0008902	-1		contraction	FALSE
Vespula_germanica	N0.HOG0008906	-1		contraction	FALSE
Vespula_germanica	N0.HOG0008934	-1		contraction	FALSE
Vespula_germanica	N0.HOG0008946	-1		contraction	FALSE
Vespula_germanica	N0.HOG0008954	-1		contraction	FALSE
Vespula_germanica	N0.HOG0008974	-1		contraction	FALSE
Vespula_germanica	N0.HOG0008986	-1		contraction	FALSE
Vespula_germanica	N0.HOG0009013	-1		contraction	FALSE
Vespula_germanica	N0.HOG0009066	-1		contraction	FALSE
Vespula_germanica	N0.HOG0009096	-1		contraction	FALSE
Vespula_germanica	N0.HOG0009210	-1		contraction	FALSE
Vespula_germanica	N0.HOG0009299	-1		contraction	FALSE
Vespula_germanica	N0.HOG0009357	-1		contraction	FALSE
Vespula_germanica	N0.HOG0009380	-1		contraction	FALSE
Vespula_germanica	N0.HOG0009388	-1		contraction	FALSE
Vespula_germanica	N0.HOG0009730	-1		contraction	FALSE
Vespula_germanica	N0.HOG0010535	-1		contraction	FALSE
Vespula_germanica	N0.HOG0000639	6	7.41017e-10	expansion	TRUE
Vespula_germanica	N0.HOG0001362	4	7.37289e-08	expansion	TRUE
Vespula_germanica	N0.HOG0000761	3	3.76209e-06	expansion	TRUE
Vespula_germanica	N0.HOG0000992	3	3.76209e-06	expansion	TRUE
Vespula_germanica	N0.HOG0000028	4	1.00047e-05	expansion	TRUE
Vespula_germanica	N0.HOG0001246	3	1.4609e-05	expansion	TRUE
Vespula_germanica	N0.HOG0000029	4	6.49696e-05	expansion	TRUE
Vespula_germanica	N0.HOG0000039	-3	8.42333e-05	contraction	TRUE
Vespula_germanica	N0.HOG0000354	2	0.000191964	expansion	TRUE
Vespula_germanica	N0.HOG0000425	2	0.000191964	expansion	TRUE
Vespula_germanica	N0.HOG0000694	2	0.000191964	expansion	TRUE
Vespula_germanica	N0.HOG0000813	2	0.000191964	expansion	TRUE
Vespula_germanica	N0.HOG0000846	2	0.000191964	expansion	TRUE
Vespula_germanica	N0.HOG0000867	2	0.000191964	expansion	TRUE
Vespula_germanica	N0.HOG0000899	2	0.000191964	expansion	TRUE
Vespula_germanica	N0.HOG0000935	2	0.000191964	expansion	TRUE
Vespula_germanica	N0.HOG0000967	2	0.000191964	expansion	TRUE
Vespula_germanica	N0.HOG0001059	2	0.000191964	expansion	TRUE
Vespula_germanica	N0.HOG0001067	2	0.000191964	expansion	TRUE
Vespula_germanica	N0.HOG0001887	2	0.000191964	expansion	TRUE
Vespula_germanica	N0.HOG0002950	2	0.000191964	expansion	TRUE
Vespula_germanica	N0.HOG0009534	2	0.000191964	expansion	TRUE
Vespula_germanica	N0.HOG0000496	-2	0.000220558	contraction	TRUE
Vespula_germanica	N0.HOG0000179	-2	0.000630185	contraction	TRUE
Vespula_germanica	N0.HOG0000225	-2	0.000630185	contraction	TRUE
Vespula_germanica	N0.HOG0000048	2	0.000945	expansion	TRUE
Vespula_germanica	N0.HOG0000486	2	0.000945	expansion	TRUE
Vespula_germanica	N0.HOG0000591	2	0.000945	expansion	TRUE
Vespula_germanica	N0.HOG0001360	2	0.000945	expansion	TRUE
Vespula_germanica	N0.HOG0000161	2	0.00220797	expansion	TRUE
Vespula_germanica	N0.HOG0000207	2	0.00220797	expansion	TRUE
Vespula_germanica	N0.HOG0000069	-2	0.00671544	contraction	TRUE
Vespula_germanica	N0.HOG0000037	1	0.00979517	expansion	TRUE
Vespula_germanica	N0.HOG0000112	1	0.00979517	expansion	TRUE
Vespula_germanica	N0.HOG0000266	1	0.00979517	expansion	TRUE
Vespula_germanica	N0.HOG0000345	1	0.00979517	expansion	TRUE
Vespula_germanica	N0.HOG0000346	1	0.00979517	expansion	TRUE
Vespula_germanica	N0.HOG0000422	1	0.00979517	expansion	TRUE
Vespula_germanica	N0.HOG0000432	1	0.00979517	expansion	TRUE
Vespula_germanica	N0.HOG0000669	1	0.00979517	expansion	TRUE
Vespula_germanica	N0.HOG0000733	1	0.00979517	expansion	TRUE
Vespula_germanica	N0.HOG0000735	1	0.00979517	expansion	TRUE
Vespula_germanica	N0.HOG0000740	1	0.00979517	expansion	TRUE
Vespula_germanica	N0.HOG0000772	1	0.00979517	expansion	TRUE
Vespula_germanica	N0.HOG0000787	1	0.00979517	expansion	TRUE
Vespula_germanica	N0.HOG0000790	1	0.00979517	expansion	TRUE
Vespula_germanica	N0.HOG0000820	1	0.00979517	expansion	TRUE
Vespula_germanica	N0.HOG0000888	1	0.00979517	expansion	TRUE
Vespula_germanica	N0.HOG0000911	1	0.00979517	expansion	TRUE
Vespula_germanica	N0.HOG0000914	1	0.00979517	expansion	TRUE
Vespula_germanica	N0.HOG0000932	1	0.00979517	expansion	TRUE
Vespula_germanica	N0.HOG0000934	1	0.00979517	expansion	TRUE
Vespula_germanica	N0.HOG0000938	1	0.00979517	expansion	TRUE
Vespula_germanica	N0.HOG0000969	1	0.00979517	expansion	TRUE
Vespula_germanica	N0.HOG0000981	1	0.00979517	expansion	TRUE
Vespula_germanica	N0.HOG0000995	1	0.00979517	expansion	TRUE
Vespula_germanica	N0.HOG0000996	1	0.00979517	expansion	TRUE
Vespula_germanica	N0.HOG0000998	1	0.00979517	expansion	TRUE
Vespula_germanica	N0.HOG0001004	1	0.00979517	expansion	TRUE
Vespula_germanica	N0.HOG0001024	1	0.00979517	expansion	TRUE
Vespula_germanica	N0.HOG0001026	1	0.00979517	expansion	TRUE
Vespula_germanica	N0.HOG0001039	1	0.00979517	expansion	TRUE
Vespula_germanica	N0.HOG0001056	1	0.00979517	expansion	TRUE
Vespula_germanica	N0.HOG0001061	1	0.00979517	expansion	TRUE
Vespula_germanica	N0.HOG0001078	1	0.00979517	expansion	TRUE
Vespula_germanica	N0.HOG0001081	1	0.00979517	expansion	TRUE
Vespula_germanica	N0.HOG0001099	1	0.00979517	expansion	TRUE
Vespula_germanica	N0.HOG0001114	1	0.00979517	expansion	TRUE
Vespula_germanica	N0.HOG0001115	1	0.00979517	expansion	TRUE
Vespula_germanica	N0.HOG0001126	1	0.00979517	expansion	TRUE
Vespula_germanica	N0.HOG0001147	1	0.00979517	expansion	TRUE
Vespula_germanica	N0.HOG0001173	1	0.00979517	expansion	TRUE
Vespula_germanica	N0.HOG0001181	1	0.00979517	expansion	TRUE
Vespula_germanica	N0.HOG0001185	1	0.00979517	expansion	TRUE
Vespula_germanica	N0.HOG0001187	1	0.00979517	expansion	TRUE
Vespula_germanica	N0.HOG0001207	1	0.00979517	expansion	TRUE
Vespula_germanica	N0.HOG0001235	1	0.00979517	expansion	TRUE
Vespula_germanica	N0.HOG0001240	1	0.00979517	expansion	TRUE
Vespula_germanica	N0.HOG0001243	1	0.00979517	expansion	TRUE
Vespula_germanica	N0.HOG0001259	1	0.00979517	expansion	TRUE
Vespula_germanica	N0.HOG0001264	1	0.00979517	expansion	TRUE
Vespula_germanica	N0.HOG0001278	1	0.00979517	expansion	TRUE
Vespula_germanica	N0.HOG0001310	1	0.00979517	expansion	TRUE
Vespula_germanica	N0.HOG0001314	1	0.00979517	expansion	TRUE
Vespula_germanica	N0.HOG0001353	1	0.00979517	expansion	TRUE
Vespula_germanica	N0.HOG0001372	1	0.00979517	expansion	TRUE
Vespula_germanica	N0.HOG0001415	1	0.00979517	expansion	TRUE
Vespula_germanica	N0.HOG0001449	1	0.00979517	expansion	TRUE
Vespula_germanica	N0.HOG0001460	1	0.00979517	expansion	TRUE
Vespula_germanica	N0.HOG0001467	1	0.00979517	expansion	TRUE
Vespula_germanica	N0.HOG0001481	1	0.00979517	expansion	TRUE
Vespula_germanica	N0.HOG0001488	1	0.00979517	expansion	TRUE
Vespula_germanica	N0.HOG0001546	1	0.00979517	expansion	TRUE
Vespula_germanica	N0.HOG0001560	1	0.00979517	expansion	TRUE
Vespula_germanica	N0.HOG0001578	1	0.00979517	expansion	TRUE
Vespula_germanica	N0.HOG0001613	1	0.00979517	expansion	TRUE
Vespula_germanica	N0.HOG0001622	1	0.00979517	expansion	TRUE
Vespula_germanica	N0.HOG0001639	1	0.00979517	expansion	TRUE
Vespula_germanica	N0.HOG0001721	1	0.00979517	expansion	TRUE
Vespula_germanica	N0.HOG0001729	1	0.00979517	expansion	TRUE
Vespula_germanica	N0.HOG0001741	1	0.00979517	expansion	TRUE
Vespula_germanica	N0.HOG0001931	1	0.00979517	expansion	TRUE
Vespula_germanica	N0.HOG0002039	1	0.00979517	expansion	TRUE
Vespula_germanica	N0.HOG0002040	1	0.00979517	expansion	TRUE
Vespula_germanica	N0.HOG0002065	1	0.00979517	expansion	TRUE
Vespula_germanica	N0.HOG0002110	1	0.00979517	expansion	TRUE
Vespula_germanica	N0.HOG0002365	1	0.00979517	expansion	TRUE
Vespula_germanica	N0.HOG0002505	1	0.00979517	expansion	TRUE
Vespula_germanica	N0.HOG0002711	1	0.00979517	expansion	TRUE
Vespula_germanica	N0.HOG0002729	1	0.00979517	expansion	TRUE
Vespula_germanica	N0.HOG0003788	1	0.00979517	expansion	TRUE
Vespula_germanica	N0.HOG0005583	1	0.00979517	expansion	TRUE
Vespula_germanica	N0.HOG0006455	1	0.00979517	expansion	TRUE
Vespula_germanica	N0.HOG0007166	1	0.00979517	expansion	TRUE
Vespula_germanica	N0.HOG0007574	1	0.00979517	expansion	TRUE
Vespula_germanica	N0.HOG0007781	1	0.00979517	expansion	TRUE
Vespula_germanica	N0.HOG0008117	1	0.00979517	expansion	TRUE
Vespula_germanica	N0.HOG0008381	1	0.00979517	expansion	TRUE
Vespula_germanica	N0.HOG0008582	1	0.00979517	expansion	TRUE
Vespula_germanica	N0.HOG0009041	1	0.00979517	expansion	TRUE
Vespula_germanica	N0.HOG0009368	1	0.00979517	expansion	TRUE
Vespula_germanica	N0.HOG0009903	1	0.00979517	expansion	TRUE
Vespula_germanica	N0.HOG0000147	1	0.0195908	expansion	TRUE
Vespula_germanica	N0.HOG0000160	1	0.0195908	expansion	TRUE
Vespula_germanica	N0.HOG0000244	1	0.0195908	expansion	TRUE
Vespula_germanica	N0.HOG0000301	1	0.0195908	expansion	TRUE
Vespula_germanica	N0.HOG0000351	1	0.0195908	expansion	TRUE
Vespula_germanica	N0.HOG0000484	1	0.0195908	expansion	TRUE
Vespula_germanica	N0.HOG0000574	1	0.0195908	expansion	TRUE
Vespula_germanica	N0.HOG0000651	1	0.0195908	expansion	TRUE
Vespula_germanica	N0.HOG0000768	1	0.0195908	expansion	TRUE
Vespula_germanica	N0.HOG0000771	1	0.0195908	expansion	TRUE
Vespula_germanica	N0.HOG0000791	1	0.0195908	expansion	TRUE
Vespula_germanica	N0.HOG0000808	1	0.0195908	expansion	TRUE
Vespula_germanica	N0.HOG0000906	1	0.0195908	expansion	TRUE
Vespula_germanica	N0.HOG0000947	1	0.0195908	expansion	TRUE
Vespula_germanica	N0.HOG0001062	1	0.0195908	expansion	TRUE
Vespula_germanica	N0.HOG0001199	1	0.0195908	expansion	TRUE
Vespula_germanica	N0.HOG0001250	1	0.0195908	expansion	TRUE
Vespula_germanica	N0.HOG0000089	-1	0.0290127	contraction	TRUE
Vespula_germanica	N0.HOG0000175	-1	0.0290127	contraction	TRUE
Vespula_germanica	N0.HOG0000660	-1	0.0290127	contraction	TRUE
Vespula_germanica	N0.HOG0000811	-1	0.0290127	contraction	TRUE
Vespula_germanica	N0.HOG0001478	-1	0.0290127	contraction	TRUE
Vespula_germanica	N0.HOG0001641	-1	0.0290127	contraction	TRUE
Vespula_germanica	N0.HOG0001676	-1	0.0290127	contraction	TRUE
Vespula_germanica	N0.HOG0001699	-1	0.0290127	contraction	TRUE
Vespula_germanica	N0.HOG0002036	-1	0.0290127	contraction	TRUE
Vespula_germanica	N0.HOG0002177	-1	0.0290127	contraction	TRUE
Vespula_germanica	N0.HOG0002462	-1	0.0290127	contraction	TRUE
Vespula_germanica	N0.HOG0002539	-1	0.0290127	contraction	TRUE
Vespula_germanica	N0.HOG0002562	-1	0.0290127	contraction	TRUE
Vespula_germanica	N0.HOG0002800	-1	0.0290127	contraction	TRUE
Vespula_germanica	N0.HOG0002935	-1	0.0290127	contraction	TRUE
Vespula_germanica	N0.HOG0003304	-1	0.0290127	contraction	TRUE
Vespula_germanica	N0.HOG0004813	-1	0.0290127	contraction	TRUE
Vespula_germanica	N0.HOG0005492	-1	0.0290127	contraction	TRUE
Vespula_germanica	N0.HOG0007186	-1	0.0290127	contraction	TRUE
Vespula_germanica	N0.HOG0007446	-1	0.0290127	contraction	TRUE
Vespula_germanica	N0.HOG0007654	-1	0.0290127	contraction	TRUE
Vespula_germanica	N0.HOG0007744	-1	0.0290127	contraction	TRUE
Vespula_germanica	N0.HOG0007746	-1	0.0290127	contraction	TRUE
Vespula_germanica	N0.HOG0007968	-1	0.0290127	contraction	TRUE
Vespula_germanica	N0.HOG0008157	-1	0.0290127	contraction	TRUE
Vespula_germanica	N0.HOG0008233	-1	0.0290127	contraction	TRUE
Vespula_germanica	N0.HOG0008264	-1	0.0290127	contraction	TRUE
Vespula_germanica	N0.HOG0008313	-1	0.0290127	contraction	TRUE
Vespula_germanica	N0.HOG0008409	-1	0.0290127	contraction	TRUE
Vespula_germanica	N0.HOG0008430	-1	0.0290127	contraction	TRUE
Vespula_germanica	N0.HOG0008435	-1	0.0290127	contraction	TRUE
Vespula_germanica	N0.HOG0008438	-1	0.0290127	contraction	TRUE
Vespula_germanica	N0.HOG0008448	-1	0.0290127	contraction	TRUE
Vespula_germanica	N0.HOG0008472	-1	0.0290127	contraction	TRUE
Vespula_germanica	N0.HOG0008528	-1	0.0290127	contraction	TRUE
Vespula_germanica	N0.HOG0008556	-1	0.0290127	contraction	TRUE
Vespula_germanica	N0.HOG0008614	-1	0.0290127	contraction	TRUE
Vespula_germanica	N0.HOG0008620	-1	0.0290127	contraction	TRUE
Vespula_germanica	N0.HOG0008630	-1	0.0290127	contraction	TRUE
Vespula_germanica	N0.HOG0008634	-1	0.0290127	contraction	TRUE
Vespula_germanica	N0.HOG0008665	-1	0.0290127	contraction	TRUE
Vespula_germanica	N0.HOG0008668	-1	0.0290127	contraction	TRUE
Vespula_germanica	N0.HOG0008711	-1	0.0290127	contraction	TRUE
Vespula_germanica	N0.HOG0008712	-1	0.0290127	contraction	TRUE
Vespula_germanica	N0.HOG0008757	-1	0.0290127	contraction	TRUE
Vespula_germanica	N0.HOG0008800	-1	0.0290127	contraction	TRUE
Vespula_germanica	N0.HOG0008811	-1	0.0290127	contraction	TRUE
Vespula_germanica	N0.HOG0008813	-1	0.0290127	contraction	TRUE
Vespula_germanica	N0.HOG0008817	-1	0.0290127	contraction	TRUE
Vespula_germanica	N0.HOG0008829	-1	0.0290127	contraction	TRUE
Vespula_germanica	N0.HOG0008851	-1	0.0290127	contraction	TRUE
Vespula_germanica	N0.HOG0008858	-1	0.0290127	contraction	TRUE
Vespula_germanica	N0.HOG0008901	-1	0.0290127	contraction	TRUE
Vespula_germanica	N0.HOG0008915	-1	0.0290127	contraction	TRUE
Vespula_germanica	N0.HOG0008918	-1	0.0290127	contraction	TRUE
Vespula_germanica	N0.HOG0008923	-1	0.0290127	contraction	TRUE
Vespula_germanica	N0.HOG0008943	-1	0.0290127	contraction	TRUE
Vespula_germanica	N0.HOG0008952	-1	0.0290127	contraction	TRUE
Vespula_germanica	N0.HOG0008984	-1	0.0290127	contraction	TRUE
Vespula_germanica	N0.HOG0009000	-1	0.0290127	contraction	TRUE
Vespula_germanica	N0.HOG0009021	-1	0.0290127	contraction	TRUE
Vespula_germanica	N0.HOG0009033	-1	0.0290127	contraction	TRUE
Vespula_germanica	N0.HOG0009045	-1	0.0290127	contraction	TRUE
Vespula_germanica	N0.HOG0009068	-1	0.0290127	contraction	TRUE
Vespula_germanica	N0.HOG0009081	-1	0.0290127	contraction	TRUE
Vespula_germanica	N0.HOG0009086	-1	0.0290127	contraction	TRUE
Vespula_germanica	N0.HOG0009090	-1	0.0290127	contraction	TRUE
Vespula_germanica	N0.HOG0009109	-1	0.0290127	contraction	TRUE
Vespula_germanica	N0.HOG0009125	-1	0.0290127	contraction	TRUE
Vespula_germanica	N0.HOG0009127	-1	0.0290127	contraction	TRUE
Vespula_germanica	N0.HOG0009130	-1	0.0290127	contraction	TRUE
Vespula_germanica	N0.HOG0009160	-1	0.0290127	contraction	TRUE
Vespula_germanica	N0.HOG0009232	-1	0.0290127	contraction	TRUE
Vespula_germanica	N0.HOG0009293	-1	0.0290127	contraction	TRUE
Vespula_germanica	N0.HOG0009319	-1	0.0290127	contraction	TRUE
Vespula_germanica	N0.HOG0009352	-1	0.0290127	contraction	TRUE
Vespula_germanica	N0.HOG0009397	-1	0.0290127	contraction	TRUE
Vespula_germanica	N0.HOG0009401	-1	0.0290127	contraction	TRUE
Vespula_germanica	N0.HOG0009412	-1	0.0290127	contraction	TRUE
Vespula_germanica	N0.HOG0009428	-1	0.0290127	contraction	TRUE
Vespula_germanica	N0.HOG0009445	-1	0.0290127	contraction	TRUE
Vespula_germanica	N0.HOG0009450	-1	0.0290127	contraction	TRUE
Vespula_germanica	N0.HOG0009486	-1	0.0290127	contraction	TRUE
Vespula_germanica	N0.HOG0009548	-1	0.0290127	contraction	TRUE
Vespula_germanica	N0.HOG0009567	-1	0.0290127	contraction	TRUE
Vespula_germanica	N0.HOG0009604	-1	0.0290127	contraction	TRUE
Vespula_germanica	N0.HOG0009672	-1	0.0290127	contraction	TRUE
Vespula_germanica	N0.HOG0009694	-1	0.0290127	contraction	TRUE
Vespula_germanica	N0.HOG0009716	-1	0.0290127	contraction	TRUE
Vespula_germanica	N0.HOG0009735	-1	0.0290127	contraction	TRUE
Vespula_germanica	N0.HOG0010016	-1	0.0290127	contraction	TRUE
Vespula_germanica	N0.HOG0010020	-1	0.0290127	contraction	TRUE
Vespula_germanica	N0.HOG0010046	-1	0.0290127	contraction	TRUE
Vespula_germanica	N0.HOG0010338	-1	0.0290127	contraction	TRUE
Vespula_germanica	N0.HOG0010465	-1	0.0290127	contraction	TRUE
Vespula_germanica	N0.HOG0011366	-1	0.0290127	contraction	TRUE
Vespula_germanica	N0.HOG0011508	-1	0.0290127	contraction	TRUE
Vespula_germanica	N0.HOG0012240	-1	0.0290127	contraction	TRUE
Vespula_germanica	N0.HOG0000223	1	0.0293684	expansion	TRUE
Vespula_germanica	N0.HOG0000242	1	0.0293684	expansion	TRUE
Vespula_germanica	N0.HOG0000263	1	0.0293684	expansion	TRUE
Vespula_germanica	N0.HOG0000614	1	0.0293684	expansion	TRUE
Vespula_germanica	N0.HOG0000104	1	0.0391116	expansion	TRUE
Vespula_germanica	N0.HOG0000331	1	0.0391116	expansion	TRUE
Vespula_germanica	N0.HOG0000814	1	0.0391116	expansion	TRUE
Vespula_germanica	N0.HOG0000091	-1	0.0565414	contraction	FALSE
Vespula_germanica	N0.HOG0000350	-1	0.0565414	contraction	FALSE
Vespula_germanica	N0.HOG0000573	-1	0.0565414	contraction	FALSE
Vespula_germanica	N0.HOG0000643	-1	0.0565414	contraction	FALSE
Vespula_germanica	N0.HOG0000658	-1	0.0565414	contraction	FALSE
Vespula_germanica	N0.HOG0000690	-1	0.0565414	contraction	FALSE
Vespula_germanica	N0.HOG0000815	-1	0.0565414	contraction	FALSE
Vespula_germanica	N0.HOG0000881	-1	0.0565414	contraction	FALSE
Vespula_germanica	N0.HOG0000044	1	0.058438	expansion	FALSE
Vespula_germanica	N0.HOG0000162	1	0.0679968	expansion	FALSE
Vespula_germanica	N0.HOG0000040	1	0.0774721	expansion	FALSE
Vespula_germanica	N0.HOG0000042	1	0.0774721	expansion	FALSE
Vespula_germanica	N0.HOG0000058	1	0.0774721	expansion	FALSE
Vespula_germanica	N0.HOG0000019	1	0.0868551	expansion	FALSE
Vespula_germanica	N0.HOG0000090	-1	0.107496	contraction	FALSE
Vespula_germanica	N0.HOG0000103	-1	0.107496	contraction	FALSE
Vespula_germanica	N0.HOG0000155	-1	0.107496	contraction	FALSE
Vespula_germanica	N0.HOG0000062	-1	0.153509	contraction	FALSE
Vespula_pensylvanica	N0.HOG0000731	1		expansion	FALSE
Vespula_pensylvanica	N0.HOG0000856	1		expansion	FALSE
Vespula_pensylvanica	N0.HOG0001364	1		expansion	FALSE
Vespula_pensylvanica	N0.HOG0001938	1		expansion	FALSE
Vespula_pensylvanica	N0.HOG0002157	1		expansion	FALSE
Vespula_pensylvanica	N0.HOG0000021	-1		contraction	FALSE
Vespula_pensylvanica	N0.HOG0000180	-1		contraction	FALSE
Vespula_pensylvanica	N0.HOG0000188	-1		contraction	FALSE
Vespula_pensylvanica	N0.HOG0000400	-1		contraction	FALSE
Vespula_pensylvanica	N0.HOG0000415	-1		contraction	FALSE
Vespula_pensylvanica	N0.HOG0000607	-1		contraction	FALSE
Vespula_pensylvanica	N0.HOG0000655	-1		contraction	FALSE
Vespula_pensylvanica	N0.HOG0000680	-1		contraction	FALSE
Vespula_pensylvanica	N0.HOG0000712	-1		contraction	FALSE
Vespula_pensylvanica	N0.HOG0001397	-1		contraction	FALSE
Vespula_pensylvanica	N0.HOG0002131	-1		contraction	FALSE
Vespula_pensylvanica	N0.HOG0002513	-1		contraction	FALSE
Vespula_pensylvanica	N0.HOG0002803	-1		contraction	FALSE
Vespula_pensylvanica	N0.HOG0002937	-1		contraction	FALSE
Vespula_pensylvanica	N0.HOG0003903	-1		contraction	FALSE
Vespula_pensylvanica	N0.HOG0004281	-1		contraction	FALSE
Vespula_pensylvanica	N0.HOG0007218	-1		contraction	FALSE
Vespula_pensylvanica	N0.HOG0007460	-1		contraction	FALSE
Vespula_pensylvanica	N0.HOG0007629	-1		contraction	FALSE
Vespula_pensylvanica	N0.HOG0007732	-1		contraction	FALSE
Vespula_pensylvanica	N0.HOG0007737	-1		contraction	FALSE
Vespula_pensylvanica	N0.HOG0007817	-1		contraction	FALSE
Vespula_pensylvanica	N0.HOG0007851	-1		contraction	FALSE
Vespula_pensylvanica	N0.HOG0007936	-1		contraction	FALSE
Vespula_pensylvanica	N0.HOG0008008	-1		contraction	FALSE
Vespula_pensylvanica	N0.HOG0008037	-1		contraction	FALSE
Vespula_pensylvanica	N0.HOG0008334	-1		contraction	FALSE
Vespula_pensylvanica	N0.HOG0008355	-1		contraction	FALSE
Vespula_pensylvanica	N0.HOG0008926	-1		contraction	FALSE
Vespula_pensylvanica	N0.HOG0008973	-1		contraction	FALSE
Vespula_pensylvanica	N0.HOG0009766	-1		contraction	FALSE
Vespula_pensylvanica	N0.HOG0010332	-1		contraction	FALSE
Vespula_pensylvanica	N0.HOG0010452	-1		contraction	FALSE
Vespula_pensylvanica	N0.HOG0000504	-3	6.76862e-07	contraction	TRUE
Vespula_pensylvanica	N0.HOG0000333	-2	1.32452e-05	contraction	TRUE
Vespula_pensylvanica	N0.HOG0000121	-2	3.92146e-05	contraction	TRUE
Vespula_pensylvanica	N0.HOG0000207	-2	3.92146e-05	contraction	TRUE
Vespula_pensylvanica	N0.HOG0000177	-2	7.78993e-05	contraction	TRUE
Vespula_pensylvanica	N0.HOG0000054	2	0.00015119	expansion	TRUE
Vespula_pensylvanica	N0.HOG0000042	-2	0.00026888	contraction	TRUE
Vespula_pensylvanica	N0.HOG0000353	1	0.00252362	expansion	TRUE
Vespula_pensylvanica	N0.HOG0000844	1	0.00252362	expansion	TRUE
Vespula_pensylvanica	N0.HOG0000920	1	0.00252362	expansion	TRUE
Vespula_pensylvanica	N0.HOG0000965	1	0.00252362	expansion	TRUE
Vespula_pensylvanica	N0.HOG0001108	1	0.00252362	expansion	TRUE
Vespula_pensylvanica	N0.HOG0001127	1	0.00252362	expansion	TRUE
Vespula_pensylvanica	N0.HOG0001160	1	0.00252362	expansion	TRUE
Vespula_pensylvanica	N0.HOG0001200	1	0.00252362	expansion	TRUE
Vespula_pensylvanica	N0.HOG0001424	1	0.00252362	expansion	TRUE
Vespula_pensylvanica	N0.HOG0002034	1	0.00252362	expansion	TRUE
Vespula_pensylvanica	N0.HOG0003487	1	0.00252362	expansion	TRUE
Vespula_pensylvanica	N0.HOG0007409	1	0.00252362	expansion	TRUE
Vespula_pensylvanica	N0.HOG0007984	1	0.00252362	expansion	TRUE
Vespula_pensylvanica	N0.HOG0008646	1	0.00252362	expansion	TRUE
Vespula_pensylvanica	N0.HOG0008712	1	0.00252362	expansion	TRUE
Vespula_pensylvanica	N0.HOG0000369	1	0.00504724	expansion	TRUE
Vespula_pensylvanica	N0.HOG0000744	1	0.00504724	expansion	TRUE
Vespula_pensylvanica	N0.HOG0000882	1	0.00504724	expansion	TRUE
Vespula_pensylvanica	N0.HOG0001236	1	0.00504724	expansion	TRUE
Vespula_pensylvanica	N0.HOG0000145	-1	0.00754557	contraction	TRUE
Vespula_pensylvanica	N0.HOG0000660	-1	0.00754557	contraction	TRUE
Vespula_pensylvanica	N0.HOG0001248	-1	0.00754557	contraction	TRUE
Vespula_pensylvanica	N0.HOG0004813	-1	0.00754557	contraction	TRUE
Vespula_pensylvanica	N0.HOG0007173	-1	0.00754557	contraction	TRUE
Vespula_pensylvanica	N0.HOG0007474	-1	0.00754557	contraction	TRUE
Vespula_pensylvanica	N0.HOG0007654	-1	0.00754557	contraction	TRUE
Vespula_pensylvanica	N0.HOG0007746	-1	0.00754557	contraction	TRUE
Vespula_pensylvanica	N0.HOG0008127	-1	0.00754557	contraction	TRUE
Vespula_pensylvanica	N0.HOG0008357	-1	0.00754557	contraction	TRUE
Vespula_pensylvanica	N0.HOG0008525	-1	0.00754557	contraction	TRUE
Vespula_pensylvanica	N0.HOG0008789	-1	0.00754557	contraction	TRUE
Vespula_pensylvanica	N0.HOG0009015	-1	0.00754557	contraction	TRUE
Vespula_pensylvanica	N0.HOG0009068	-1	0.00754557	contraction	TRUE
Vespula_pensylvanica	N0.HOG0009084	-1	0.00754557	contraction	TRUE
Vespula_pensylvanica	N0.HOG0009111	-1	0.00754557	contraction	TRUE
Vespula_pensylvanica	N0.HOG0009204	-1	0.00754557	contraction	TRUE
Vespula_pensylvanica	N0.HOG0009397	-1	0.00754557	contraction	TRUE
Vespula_pensylvanica	N0.HOG0009430	-1	0.00754557	contraction	TRUE
Vespula_pensylvanica	N0.HOG0009534	-1	0.00754557	contraction	TRUE
Vespula_pensylvanica	N0.HOG0009549	-1	0.00754557	contraction	TRUE
Vespula_pensylvanica	N0.HOG0009604	-1	0.00754557	contraction	TRUE
Vespula_pensylvanica	N0.HOG0009898	-1	0.00754557	contraction	TRUE
Vespula_pensylvanica	N0.HOG0010338	-1	0.00754557	contraction	TRUE
Vespula_pensylvanica	N0.HOG0000203	1	0.00757054	expansion	TRUE
Vespula_pensylvanica	N0.HOG0000097	1	0.012615	expansion	TRUE
Vespula_pensylvanica	N0.HOG0000486	-1	0.0149901	contraction	TRUE
Vespula_pensylvanica	N0.HOG0000503	-1	0.0149901	contraction	TRUE
Vespula_pensylvanica	N0.HOG0000728	-1	0.0149901	contraction	TRUE
Vespula_pensylvanica	N0.HOG0000763	-1	0.0149901	contraction	TRUE
Vespula_pensylvanica	N0.HOG0000768	-1	0.0149901	contraction	TRUE
Vespula_pensylvanica	N0.HOG0000901	-1	0.0149901	contraction	TRUE
Vespula_pensylvanica	N0.HOG0001071	-1	0.0149901	contraction	TRUE
Vespula_pensylvanica	N0.HOG0001199	-1	0.0149901	contraction	TRUE
Vespula_pensylvanica	N0.HOG0001250	-1	0.0149901	contraction	TRUE
Vespula_pensylvanica	N0.HOG0001284	-1	0.0149901	contraction	TRUE
Vespula_pensylvanica	N0.HOG0001295	-1	0.0149901	contraction	TRUE
Vespula_pensylvanica	N0.HOG0001351	-1	0.0149901	contraction	TRUE
Vespula_pensylvanica	N0.HOG0001531	-1	0.0149901	contraction	TRUE
Vespula_pensylvanica	N0.HOG0000043	-1	0.0223353	contraction	TRUE
Vespula_pensylvanica	N0.HOG0000464	-1	0.0223353	contraction	TRUE
Vespula_pensylvanica	N0.HOG0000614	-1	0.0223353	contraction	TRUE
Vespula_pensylvanica	N0.HOG0000639	-1	0.0223353	contraction	TRUE
Vespula_pensylvanica	N0.HOG0000814	-1	0.0295826	contraction	TRUE
Vespula_pensylvanica	N0.HOG0000028	-1	0.0437896	contraction	TRUE
Vespula_pensylvanica	N0.HOG0000058	-1	0.0576233	contraction	FALSE
Vespula_pensylvanica	N0.HOG0000019	-1	0.0644037	contraction	FALSE
Vespula_pensylvanica	N0.HOG0000114	-1	0.0644037	contraction	FALSE
Vespula_vulgaris	N0.HOG0000238	1		expansion	FALSE
Vespula_vulgaris	N0.HOG0000334	1		expansion	FALSE
Vespula_vulgaris	N0.HOG0000563	1		expansion	FALSE
Vespula_vulgaris	N0.HOG0002554	1		expansion	FALSE
Vespula_vulgaris	N0.HOG0002725	1		expansion	FALSE
Vespula_vulgaris	N0.HOG0002937	1		expansion	FALSE
Vespula_vulgaris	N0.HOG0002960	1		expansion	FALSE
Vespula_vulgaris	N0.HOG0003098	1		expansion	FALSE
Vespula_vulgaris	N0.HOG0005591	1		expansion	FALSE
Vespula_vulgaris	N0.HOG0005905	1		expansion	FALSE
Vespula_vulgaris	N0.HOG0006745	1		expansion	FALSE
Vespula_vulgaris	N0.HOG0000424	-1		contraction	FALSE
Vespula_vulgaris	N0.HOG0001022	-1		contraction	FALSE
Vespula_vulgaris	N0.HOG0001210	-1		contraction	FALSE
Vespula_vulgaris	N0.HOG0002095	-1		contraction	FALSE
Vespula_vulgaris	N0.HOG0002976	-1		contraction	FALSE
Vespula_vulgaris	N0.HOG0003005	-1		contraction	FALSE
Vespula_vulgaris	N0.HOG0003026	-1		contraction	FALSE
Vespula_vulgaris	N0.HOG0003265	-1		contraction	FALSE
Vespula_vulgaris	N0.HOG0003336	-1		contraction	FALSE
Vespula_vulgaris	N0.HOG0004511	-1		contraction	FALSE
Vespula_vulgaris	N0.HOG0004568	-1		contraction	FALSE
Vespula_vulgaris	N0.HOG0004843	-1		contraction	FALSE
Vespula_vulgaris	N0.HOG0005644	-1		contraction	FALSE
Vespula_vulgaris	N0.HOG0005868	-1		contraction	FALSE
Vespula_vulgaris	N0.HOG0005926	-1		contraction	FALSE
Vespula_vulgaris	N0.HOG0005949	-1		contraction	FALSE
Vespula_vulgaris	N0.HOG0006204	-1		contraction	FALSE
Vespula_vulgaris	N0.HOG0006359	-1		contraction	FALSE
Vespula_vulgaris	N0.HOG0006740	-1		contraction	FALSE
Vespula_vulgaris	N0.HOG0006755	-1		contraction	FALSE
Vespula_vulgaris	N0.HOG0006937	-1		contraction	FALSE
Vespula_vulgaris	N0.HOG0007133	-1		contraction	FALSE
Vespula_vulgaris	N0.HOG0007470	-1		contraction	FALSE
Vespula_vulgaris	N0.HOG0007528	-1		contraction	FALSE
Vespula_vulgaris	N0.HOG0007550	-1		contraction	FALSE
Vespula_vulgaris	N0.HOG0007939	-1		contraction	FALSE
Vespula_vulgaris	N0.HOG0007954	-1		contraction	FALSE
Vespula_vulgaris	N0.HOG0008221	-1		contraction	FALSE
Vespula_vulgaris	N0.HOG0008235	-1		contraction	FALSE
Vespula_vulgaris	N0.HOG0008310	-1		contraction	FALSE
Vespula_vulgaris	N0.HOG0008320	-1		contraction	FALSE
Vespula_vulgaris	N0.HOG0008321	-1		contraction	FALSE
Vespula_vulgaris	N0.HOG0008414	-1		contraction	FALSE
Vespula_vulgaris	N0.HOG0008578	-1		contraction	FALSE
Vespula_vulgaris	N0.HOG0008657	-1		contraction	FALSE
Vespula_vulgaris	N0.HOG0008731	-1		contraction	FALSE
Vespula_vulgaris	N0.HOG0008904	-1		contraction	FALSE
Vespula_vulgaris	N0.HOG0009051	-1		contraction	FALSE
Vespula_vulgaris	N0.HOG0009211	-1		contraction	FALSE
Vespula_vulgaris	N0.HOG0009228	-1		contraction	FALSE
Vespula_vulgaris	N0.HOG0009360	-1		contraction	FALSE
Vespula_vulgaris	N0.HOG0009562	-1		contraction	FALSE
Vespula_vulgaris	N0.HOG0010002	-1		contraction	FALSE
Vespula_vulgaris	N0.HOG0000114	4	2.28746e-07	expansion	TRUE
Vespula_vulgaris	N0.HOG0000094	-2	3.92146e-05	contraction	TRUE
Vespula_vulgaris	N0.HOG0000224	-2	3.92146e-05	contraction	TRUE
Vespula_vulgaris	N0.HOG0000103	2	0.0011159	expansion	TRUE
Vespula_vulgaris	N0.HOG0000069	2	0.00140827	expansion	TRUE
Vespula_vulgaris	N0.HOG0000703	1	0.00252362	expansion	TRUE
Vespula_vulgaris	N0.HOG0001332	1	0.00252362	expansion	TRUE
Vespula_vulgaris	N0.HOG0007927	1	0.00252362	expansion	TRUE
Vespula_vulgaris	N0.HOG0008506	1	0.00252362	expansion	TRUE
Vespula_vulgaris	N0.HOG0009111	1	0.00252362	expansion	TRUE
Vespula_vulgaris	N0.HOG0009694	1	0.00252362	expansion	TRUE
Vespula_vulgaris	N0.HOG0009867	1	0.00252362	expansion	TRUE
Vespula_vulgaris	N0.HOG0000171	1	0.00504724	expansion	TRUE
Vespula_vulgaris	N0.HOG0000550	1	0.00504724	expansion	TRUE
Vespula_vulgaris	N0.HOG0000625	1	0.00504724	expansion	TRUE
Vespula_vulgaris	N0.HOG0000183	-1	0.00754557	contraction	TRUE
Vespula_vulgaris	N0.HOG0000934	-1	0.00754557	contraction	TRUE
Vespula_vulgaris	N0.HOG0001047	-1	0.00754557	contraction	TRUE
Vespula_vulgaris	N0.HOG0001641	-1	0.00754557	contraction	TRUE
Vespula_vulgaris	N0.HOG0006869	-1	0.00754557	contraction	TRUE
Vespula_vulgaris	N0.HOG0008121	-1	0.00754557	contraction	TRUE
Vespula_vulgaris	N0.HOG0008228	-1	0.00754557	contraction	TRUE
Vespula_vulgaris	N0.HOG0008244	-1	0.00754557	contraction	TRUE
Vespula_vulgaris	N0.HOG0008264	-1	0.00754557	contraction	TRUE
Vespula_vulgaris	N0.HOG0008277	-1	0.00754557	contraction	TRUE
Vespula_vulgaris	N0.HOG0008381	-1	0.00754557	contraction	TRUE
Vespula_vulgaris	N0.HOG0008400	-1	0.00754557	contraction	TRUE
Vespula_vulgaris	N0.HOG0008416	-1	0.00754557	contraction	TRUE
Vespula_vulgaris	N0.HOG0008448	-1	0.00754557	contraction	TRUE
Vespula_vulgaris	N0.HOG0008458	-1	0.00754557	contraction	TRUE
Vespula_vulgaris	N0.HOG0008485	-1	0.00754557	contraction	TRUE
Vespula_vulgaris	N0.HOG0008627	-1	0.00754557	contraction	TRUE
Vespula_vulgaris	N0.HOG0008800	-1	0.00754557	contraction	TRUE
Vespula_vulgaris	N0.HOG0008948	-1	0.00754557	contraction	TRUE
Vespula_vulgaris	N0.HOG0008984	-1	0.00754557	contraction	TRUE
Vespula_vulgaris	N0.HOG0009021	-1	0.00754557	contraction	TRUE
Vespula_vulgaris	N0.HOG0009127	-1	0.00754557	contraction	TRUE
Vespula_vulgaris	N0.HOG0009158	-1	0.00754557	contraction	TRUE
Vespula_vulgaris	N0.HOG0009237	-1	0.00754557	contraction	TRUE
Vespula_vulgaris	N0.HOG0009244	-1	0.00754557	contraction	TRUE
Vespula_vulgaris	N0.HOG0009285	-1	0.00754557	contraction	TRUE
Vespula_vulgaris	N0.HOG0009293	-1	0.00754557	contraction	TRUE
Vespula_vulgaris	N0.HOG0009349	-1	0.00754557	contraction	TRUE
Vespula_vulgaris	N0.HOG0009368	-1	0.00754557	contraction	TRUE
Vespula_vulgaris	N0.HOG0009391	-1	0.00754557	contraction	TRUE
Vespula_vulgaris	N0.HOG0009525	-1	0.00754557	contraction	TRUE
Vespula_vulgaris	N0.HOG0009548	-1	0.00754557	contraction	TRUE
Vespula_vulgaris	N0.HOG0009593	-1	0.00754557	contraction	TRUE
Vespula_vulgaris	N0.HOG0009637	-1	0.00754557	contraction	TRUE
Vespula_vulgaris	N0.HOG0009708	-1	0.00754557	contraction	TRUE
Vespula_vulgaris	N0.HOG0009906	-1	0.00754557	contraction	TRUE
Vespula_vulgaris	N0.HOG0009915	-1	0.00754557	contraction	TRUE
Vespula_vulgaris	N0.HOG0010020	-1	0.00754557	contraction	TRUE
Vespula_vulgaris	N0.HOG0010096	-1	0.00754557	contraction	TRUE
Vespula_vulgaris	N0.HOG0010401	-1	0.00754557	contraction	TRUE
Vespula_vulgaris	N0.HOG0010407	-1	0.00754557	contraction	TRUE
Vespula_vulgaris	N0.HOG0011366	-1	0.00754557	contraction	TRUE
Vespula_vulgaris	N0.HOG0012230	-1	0.00754557	contraction	TRUE
Vespula_vulgaris	N0.HOG0003653	1	0.00757054	expansion	TRUE
Vespula_vulgaris	N0.HOG0000155	1	0.012615	expansion	TRUE
Vespula_vulgaris	N0.HOG0000125	-1	0.0149901	contraction	TRUE
Vespula_vulgaris	N0.HOG0000163	-1	0.0149901	contraction	TRUE
Vespula_vulgaris	N0.HOG0000244	-1	0.0149901	contraction	TRUE
Vespula_vulgaris	N0.HOG0000369	-1	0.0149901	contraction	TRUE
Vespula_vulgaris	N0.HOG0000668	-1	0.0149901	contraction	TRUE
Vespula_vulgaris	N0.HOG0000670	-1	0.0149901	contraction	TRUE
Vespula_vulgaris	N0.HOG0000858	-1	0.0149901	contraction	TRUE
Vespula_vulgaris	N0.HOG0000881	-1	0.0149901	contraction	TRUE
Vespula_vulgaris	N0.HOG0000882	-1	0.0149901	contraction	TRUE
Vespula_vulgaris	N0.HOG0000955	-1	0.0149901	contraction	TRUE
Vespula_vulgaris	N0.HOG0001139	-1	0.0149901	contraction	TRUE
Vespula_vulgaris	N0.HOG0001157	-1	0.0149901	contraction	TRUE
Vespula_vulgaris	N0.HOG0001221	-1	0.0149901	contraction	TRUE
Vespula_vulgaris	N0.HOG0001236	-1	0.0149901	contraction	TRUE
Vespula_vulgaris	N0.HOG0001360	-1	0.0149901	contraction	TRUE
Vespula_vulgaris	N0.HOG0001480	-1	0.0149901	contraction	TRUE
Vespula_vulgaris	N0.HOG0001605	-1	0.0149901	contraction	TRUE
Vespula_vulgaris	N0.HOG0009002	-1	0.0149901	contraction	TRUE
Vespula_vulgaris	N0.HOG0000106	1	0.0151355	expansion	TRUE
Vespula_vulgaris	N0.HOG0000223	-1	0.0223353	contraction	TRUE
Vespula_vulgaris	N0.HOG0000236	-1	0.0223353	contraction	TRUE
Vespula_vulgaris	N0.HOG0000262	-1	0.0223353	contraction	TRUE
Vespula_vulgaris	N0.HOG0000382	-1	0.0223353	contraction	TRUE
Vespula_vulgaris	N0.HOG0000499	-1	0.0223353	contraction	TRUE
Vespula_vulgaris	N0.HOG0001179	-1	0.0223353	contraction	TRUE
Vespula_vulgaris	N0.HOG0000019	1	0.0226869	expansion	TRUE
Vespula_vulgaris	N0.HOG0000104	-1	0.0295826	contraction	TRUE
Vespula_vulgaris	N0.HOG0000099	-1	0.0367335	contraction	TRUE
Vespula_vulgaris	N0.HOG0000057	-1	0.0437896	contraction	TRUE
Vespula_vulgaris	N0.HOG0000162	-1	0.0507524	contraction	FALSE
Vespula_vulgaris	N0.HOG0000029	-1	0.0710951	contraction	FALSE
