Node	HOG	change	pvalue	direction	source
19	N0.HOG0000263	2	0.000463854	expansion	main_model
19	N0.HOG0000029	3	0.00111311	expansion	main_model
19	N0.HOG0000099	2	0.00226407	expansion	main_model
19	N0.HOG0000097	2	0.00521162	expansion	main_model
19	N0.HOG0000269	1	0.0152221	expansion	main_model
19	N0.HOG0000274	1	0.0152221	expansion	main_model
19	N0.HOG0000486	1	0.0152221	expansion	main_model
19	N0.HOG0000670	1	0.0152221	expansion	main_model
19	N0.HOG0000792	1	0.0152221	expansion	main_model
19	N0.HOG0000834	1	0.0152221	expansion	main_model
19	N0.HOG0001133	1	0.0152221	expansion	main_model
19	N0.HOG0000068	1	0.0304467	expansion	main_model
19	N0.HOG0000322	1	0.0304467	expansion	main_model
20	N0.HOG0000058	3	0.000638988	expansion	main_model
20	N0.HOG0000103	2	0.000699837	expansion	main_model
20	N0.HOG0000299	2	0.000699837	expansion	main_model
20	N0.HOG0000470	2	0.000699837	expansion	main_model
20	N0.HOG0000518	2	0.000699837	expansion	main_model
20	N0.HOG0000592	2	0.000699837	expansion	main_model
20	N0.HOG0000639	2	0.000699837	expansion	main_model
20	N0.HOG0000166	-2	0.00244355	contraction	main_model
20	N0.HOG0000159	-2	0.00741577	contraction	main_model
20	N0.HOG0000028	2	0.00774613	expansion	main_model
20	N0.HOG0000066	1	0.018693	expansion	main_model
20	N0.HOG0000351	1	0.018693	expansion	main_model
20	N0.HOG0000382	1	0.018693	expansion	main_model
20	N0.HOG0000465	1	0.018693	expansion	main_model
20	N0.HOG0000496	1	0.018693	expansion	main_model
20	N0.HOG0000504	1	0.018693	expansion	main_model
20	N0.HOG0000550	1	0.018693	expansion	main_model
20	N0.HOG0000589	1	0.018693	expansion	main_model
20	N0.HOG0000633	1	0.018693	expansion	main_model
20	N0.HOG0000643	1	0.018693	expansion	main_model
20	N0.HOG0000658	1	0.018693	expansion	main_model
20	N0.HOG0000666	1	0.018693	expansion	main_model
20	N0.HOG0000668	1	0.018693	expansion	main_model
20	N0.HOG0000679	1	0.018693	expansion	main_model
20	N0.HOG0000690	1	0.018693	expansion	main_model
20	N0.HOG0000765	1	0.018693	expansion	main_model
20	N0.HOG0000769	1	0.018693	expansion	main_model
20	N0.HOG0000770	1	0.018693	expansion	main_model
20	N0.HOG0000814	1	0.018693	expansion	main_model
20	N0.HOG0000815	1	0.018693	expansion	main_model
20	N0.HOG0000841	1	0.018693	expansion	main_model
20	N0.HOG0000858	1	0.018693	expansion	main_model
20	N0.HOG0000865	1	0.018693	expansion	main_model
20	N0.HOG0000881	1	0.018693	expansion	main_model
20	N0.HOG0000894	1	0.018693	expansion	main_model
20	N0.HOG0000895	1	0.018693	expansion	main_model
20	N0.HOG0000901	1	0.018693	expansion	main_model
20	N0.HOG0000947	1	0.018693	expansion	main_model
20	N0.HOG0000957	1	0.018693	expansion	main_model
20	N0.HOG0001035	1	0.018693	expansion	main_model
20	N0.HOG0001062	1	0.018693	expansion	main_model
20	N0.HOG0001071	1	0.018693	expansion	main_model
20	N0.HOG0001142	1	0.018693	expansion	main_model
20	N0.HOG0001238	1	0.018693	expansion	main_model
20	N0.HOG0001313	1	0.018693	expansion	main_model
20	N0.HOG0001360	1	0.018693	expansion	main_model
20	N0.HOG0001531	1	0.018693	expansion	main_model
20	N0.HOG0001978	1	0.018693	expansion	main_model
20	N0.HOG0000019	2	0.0279526	expansion	main_model
20	N0.HOG0000163	1	0.0373917	expansion	main_model
20	N0.HOG0000179	1	0.0373917	expansion	main_model
20	N0.HOG0000203	1	0.0373917	expansion	main_model
20	N0.HOG0000207	1	0.0373917	expansion	main_model
20	N0.HOG0000222	1	0.0373917	expansion	main_model
20	N0.HOG0000262	1	0.0373917	expansion	main_model
20	N0.HOG0000269	1	0.0373917	expansion	main_model
20	N0.HOG0000295	1	0.0373917	expansion	main_model
20	N0.HOG0000499	1	0.0373917	expansion	main_model
20	N0.HOG0001179	1	0.0373917	expansion	main_model
21	N0.HOG0000098	6	2.74863e-09	expansion	main_model
21	N0.HOG0000175	5	1.35118e-08	expansion	main_model
21	N0.HOG0000228	4	4.40842e-07	expansion	main_model
21	N0.HOG0000046	4	2.09741e-06	expansion	main_model
21	N0.HOG0000770	4	2.09741e-06	expansion	main_model
21	N0.HOG0000733	2	0.000469269	expansion	main_model
21	N0.HOG0001419	2	0.000469269	expansion	main_model
21	N0.HOG0000275	-2	0.00160359	contraction	main_model
21	N0.HOG0000201	2	0.00229019	expansion	main_model
21	N0.HOG0000061	2	0.00527046	expansion	main_model
21	N0.HOG0000179	2	0.00527046	expansion	main_model
21	N0.HOG0000053	1	0.0153106	expansion	main_model
21	N0.HOG0000145	1	0.0153106	expansion	main_model
21	N0.HOG0000266	1	0.0153106	expansion	main_model
21	N0.HOG0000353	1	0.0153106	expansion	main_model
21	N0.HOG0000354	1	0.0153106	expansion	main_model
21	N0.HOG0000594	1	0.0153106	expansion	main_model
21	N0.HOG0000849	1	0.0153106	expansion	main_model
21	N0.HOG0000898	1	0.0153106	expansion	main_model
21	N0.HOG0000920	1	0.0153106	expansion	main_model
21	N0.HOG0000922	1	0.0153106	expansion	main_model
21	N0.HOG0000935	1	0.0153106	expansion	main_model
21	N0.HOG0000942	1	0.0153106	expansion	main_model
21	N0.HOG0000998	1	0.0153106	expansion	main_model
21	N0.HOG0001107	1	0.0153106	expansion	main_model
21	N0.HOG0001115	1	0.0153106	expansion	main_model
21	N0.HOG0001150	1	0.0153106	expansion	main_model
21	N0.HOG0001159	1	0.0153106	expansion	main_model
21	N0.HOG0001160	1	0.0153106	expansion	main_model
21	N0.HOG0001161	1	0.0153106	expansion	main_model
21	N0.HOG0001200	1	0.0153106	expansion	main_model
21	N0.HOG0001230	1	0.0153106	expansion	main_model
21	N0.HOG0001322	1	0.0153106	expansion	main_model
21	N0.HOG0001423	1	0.0153106	expansion	main_model
21	N0.HOG0001481	1	0.0153106	expansion	main_model
21	N0.HOG0001566	1	0.0153106	expansion	main_model
21	N0.HOG0001589	1	0.0153106	expansion	main_model
21	N0.HOG0001933	1	0.0153106	expansion	main_model
21	N0.HOG0002239	1	0.0153106	expansion	main_model
21	N0.HOG0006059	1	0.0153106	expansion	main_model
21	N0.HOG0000125	1	0.0306238	expansion	main_model
21	N0.HOG0000235	1	0.0306238	expansion	main_model
21	N0.HOG0000274	1	0.0306238	expansion	main_model
21	N0.HOG0000350	1	0.0306238	expansion	main_model
21	N0.HOG0000382	1	0.0306238	expansion	main_model
21	N0.HOG0000947	1	0.0306238	expansion	main_model
21	N0.HOG0000087	-1	0.0450356	contraction	main_model
21	N0.HOG0000435	-1	0.0450356	contraction	main_model
21	N0.HOG0000747	-1	0.0450356	contraction	main_model
21	N0.HOG0000949	-1	0.0450356	contraction	main_model
21	N0.HOG0001047	-1	0.0450356	contraction	main_model
21	N0.HOG0001118	-1	0.0450356	contraction	main_model
21	N0.HOG0001779	-1	0.0450356	contraction	main_model
21	N0.HOG0002822	-1	0.0450356	contraction	main_model
21	N0.HOG0006369	-1	0.0450356	contraction	main_model
21	N0.HOG0008864	-1	0.0450356	contraction	main_model
21	N0.HOG0008955	-1	0.0450356	contraction	main_model
21	N0.HOG0009015	-1	0.0450356	contraction	main_model
21	N0.HOG0009045	-1	0.0450356	contraction	main_model
21	N0.HOG0009060	-1	0.0450356	contraction	main_model
21	N0.HOG0009219	-1	0.0450356	contraction	main_model
21	N0.HOG0009245	-1	0.0450356	contraction	main_model
21	N0.HOG0009262	-1	0.0450356	contraction	main_model
21	N0.HOG0009277	-1	0.0450356	contraction	main_model
21	N0.HOG0009350	-1	0.0450356	contraction	main_model
21	N0.HOG0009401	-1	0.0450356	contraction	main_model
21	N0.HOG0009431	-1	0.0450356	contraction	main_model
21	N0.HOG0009534	-1	0.0450356	contraction	main_model
21	N0.HOG0009537	-1	0.0450356	contraction	main_model
21	N0.HOG0009546	-1	0.0450356	contraction	main_model
21	N0.HOG0009617	-1	0.0450356	contraction	main_model
21	N0.HOG0009638	-1	0.0450356	contraction	main_model
21	N0.HOG0009667	-1	0.0450356	contraction	main_model
21	N0.HOG0009701	-1	0.0450356	contraction	main_model
21	N0.HOG0009716	-1	0.0450356	contraction	main_model
21	N0.HOG0009720	-1	0.0450356	contraction	main_model
21	N0.HOG0009777	-1	0.0450356	contraction	main_model
21	N0.HOG0009794	-1	0.0450356	contraction	main_model
21	N0.HOG0009823	-1	0.0450356	contraction	main_model
21	N0.HOG0009832	-1	0.0450356	contraction	main_model
21	N0.HOG0009833	-1	0.0450356	contraction	main_model
21	N0.HOG0009942	-1	0.0450356	contraction	main_model
21	N0.HOG0009953	-1	0.0450356	contraction	main_model
21	N0.HOG0010017	-1	0.0450356	contraction	main_model
21	N0.HOG0010019	-1	0.0450356	contraction	main_model
21	N0.HOG0010046	-1	0.0450356	contraction	main_model
21	N0.HOG0010065	-1	0.0450356	contraction	main_model
21	N0.HOG0010226	-1	0.0450356	contraction	main_model
21	N0.HOG0010286	-1	0.0450356	contraction	main_model
21	N0.HOG0010294	-1	0.0450356	contraction	main_model
21	N0.HOG0010392	-1	0.0450356	contraction	main_model
21	N0.HOG0010401	-1	0.0450356	contraction	main_model
21	N0.HOG0010404	-1	0.0450356	contraction	main_model
21	N0.HOG0010467	-1	0.0450356	contraction	main_model
21	N0.HOG0010528	-1	0.0450356	contraction	main_model
21	N0.HOG0010685	-1	0.0450356	contraction	main_model
21	N0.HOG0010696	-1	0.0450356	contraction	main_model
21	N0.HOG0010772	-1	0.0450356	contraction	main_model
21	N0.HOG0010817	-1	0.0450356	contraction	main_model
21	N0.HOG0010971	-1	0.0450356	contraction	main_model
21	N0.HOG0010975	-1	0.0450356	contraction	main_model
21	N0.HOG0011073	-1	0.0450356	contraction	main_model
21	N0.HOG0011218	-1	0.0450356	contraction	main_model
21	N0.HOG0011236	-1	0.0450356	contraction	main_model
21	N0.HOG0011244	-1	0.0450356	contraction	main_model
21	N0.HOG0011366	-1	0.0450356	contraction	main_model
21	N0.HOG0011472	-1	0.0450356	contraction	main_model
21	N0.HOG0011493	-1	0.0450356	contraction	main_model
21	N0.HOG0011508	-1	0.0450356	contraction	main_model
21	N0.HOG0011809	-1	0.0450356	contraction	main_model
21	N0.HOG0011956	-1	0.0450356	contraction	main_model
21	N0.HOG0012216	-1	0.0450356	contraction	main_model
21	N0.HOG0012234	-1	0.0450356	contraction	main_model
21	N0.HOG0012643	-1	0.0450356	contraction	main_model
21	N0.HOG0012856	-1	0.0450356	contraction	main_model
21	N0.HOG0013281	-1	0.0450356	contraction	main_model
21	N0.HOG0013479	-1	0.0450356	contraction	main_model
21	N0.HOG0013842	-1	0.0450356	contraction	main_model
21	N0.HOG0013844	-1	0.0450356	contraction	main_model
21	N0.HOG0013846	-1	0.0450356	contraction	main_model
21	N0.HOG0013853	-1	0.0450356	contraction	main_model
21	N0.HOG0015154	-1	0.0450356	contraction	main_model
21	N0.HOG0015161	-1	0.0450356	contraction	main_model
21	N0.HOG0015305	-1	0.0450356	contraction	main_model
21	N0.HOG0015316	-1	0.0450356	contraction	main_model
21	N0.HOG0016968	-1	0.0450356	contraction	main_model
21	N0.HOG0017441	-1	0.0450356	contraction	main_model
21	N0.HOG0018187	-1	0.0450356	contraction	main_model
21	N0.HOG0000236	1	0.0458698	expansion	main_model
21	N0.HOG0000373	1	0.0458698	expansion	main_model
22	N0.HOG0000236	4	2.08742e-06	expansion	main_model
22	N0.HOG0000053	3	1.27567e-05	expansion	main_model
22	N0.HOG0000346	2	0.00017522	expansion	main_model
22	N0.HOG0000175	3	0.000278725	expansion	main_model
22	N0.HOG0000159	-2	0.000573225	contraction	main_model
22	N0.HOG0000059	2	0.00557313	expansion	main_model
22	N0.HOG0000149	1	0.00935839	expansion	main_model
22	N0.HOG0000738	1	0.00935839	expansion	main_model
22	N0.HOG0000780	1	0.00935839	expansion	main_model
22	N0.HOG0000803	1	0.00935839	expansion	main_model
22	N0.HOG0001447	1	0.00935839	expansion	main_model
22	N0.HOG0001532	1	0.00935839	expansion	main_model
22	N0.HOG0001831	1	0.00935839	expansion	main_model
22	N0.HOG0005916	1	0.00935839	expansion	main_model
22	N0.HOG0009111	1	0.00935839	expansion	main_model
22	N0.HOG0010022	1	0.00935839	expansion	main_model
22	N0.HOG0000186	-1	0.0277344	contraction	main_model
22	N0.HOG0000264	-1	0.0277344	contraction	main_model
22	N0.HOG0000984	-1	0.0277344	contraction	main_model
22	N0.HOG0001758	-1	0.0277344	contraction	main_model
22	N0.HOG0008381	-1	0.0277344	contraction	main_model
22	N0.HOG0009192	-1	0.0277344	contraction	main_model
22	N0.HOG0009637	-1	0.0277344	contraction	main_model
22	N0.HOG0009708	-1	0.0277344	contraction	main_model
22	N0.HOG0010006	-1	0.0277344	contraction	main_model
22	N0.HOG0010028	-1	0.0277344	contraction	main_model
22	N0.HOG0010189	-1	0.0277344	contraction	main_model
22	N0.HOG0010765	-1	0.0277344	contraction	main_model
22	N0.HOG0011661	-1	0.0277344	contraction	main_model
22	N0.HOG0012230	-1	0.0277344	contraction	main_model
22	N0.HOG0013848	-1	0.0277344	contraction	main_model
22	N0.HOG0016956	-1	0.0277344	contraction	main_model
22	N0.HOG0000263	1	0.0280602	expansion	main_model
22	N0.HOG0001179	1	0.0280602	expansion	main_model
22	N0.HOG0000055	1	0.046643	expansion	main_model
22	N0.HOG0000063	1	0.046643	expansion	main_model
23	N0.HOG0000236	3	0.000153357	expansion	main_model
23	N0.HOG0000007	1	0.00569069	expansion	main_model
23	N0.HOG0000123	1	0.00569069	expansion	main_model
23	N0.HOG0000260	1	0.00569069	expansion	main_model
23	N0.HOG0000333	1	0.00569069	expansion	main_model
23	N0.HOG0000667	1	0.00569069	expansion	main_model
23	N0.HOG0000703	1	0.00569069	expansion	main_model
23	N0.HOG0000817	1	0.00569069	expansion	main_model
23	N0.HOG0000955	1	0.00569069	expansion	main_model
23	N0.HOG0000962	1	0.00569069	expansion	main_model
23	N0.HOG0001127	1	0.00569069	expansion	main_model
23	N0.HOG0001166	1	0.00569069	expansion	main_model
23	N0.HOG0001284	1	0.00569069	expansion	main_model
23	N0.HOG0002557	1	0.00569069	expansion	main_model
23	N0.HOG0002857	1	0.00569069	expansion	main_model
23	N0.HOG0007679	1	0.00569069	expansion	main_model
23	N0.HOG0000465	1	0.0113814	expansion	main_model
23	N0.HOG0000858	1	0.0113814	expansion	main_model
23	N0.HOG0000031	-1	0.0169447	contraction	main_model
23	N0.HOG0000189	-1	0.0169447	contraction	main_model
23	N0.HOG0000289	-1	0.0169447	contraction	main_model
23	N0.HOG0000708	-1	0.0169447	contraction	main_model
23	N0.HOG0000732	-1	0.0169447	contraction	main_model
23	N0.HOG0000832	-1	0.0169447	contraction	main_model
23	N0.HOG0001030	-1	0.0169447	contraction	main_model
23	N0.HOG0001383	-1	0.0169447	contraction	main_model
23	N0.HOG0001739	-1	0.0169447	contraction	main_model
23	N0.HOG0002072	-1	0.0169447	contraction	main_model
23	N0.HOG0008416	-1	0.0169447	contraction	main_model
23	N0.HOG0009445	-1	0.0169447	contraction	main_model
23	N0.HOG0009657	-1	0.0169447	contraction	main_model
23	N0.HOG0009732	-1	0.0169447	contraction	main_model
23	N0.HOG0010011	-1	0.0169447	contraction	main_model
23	N0.HOG0010338	-1	0.0169447	contraction	main_model
23	N0.HOG0011094	-1	0.0169447	contraction	main_model
23	N0.HOG0015307	-1	0.0169447	contraction	main_model
23	N0.HOG0001419	1	0.0170686	expansion	main_model
23	N0.HOG0000099	1	0.0227487	expansion	main_model
23	N0.HOG0000201	1	0.0227487	expansion	main_model
23	N0.HOG0000228	1	0.0284187	expansion	main_model
23	N0.HOG0000531	-1	0.0333814	contraction	main_model
23	N0.HOG0001150	-1	0.0333814	contraction	main_model
23	N0.HOG0002239	-1	0.0333814	contraction	main_model
23	N0.HOG0000770	1	0.0340755	expansion	main_model
24	N0.HOG0000053	-4	1.75106e-08	contraction	main_model
24	N0.HOG0001203	3	3.00173e-07	expansion	main_model
24	N0.HOG0000283	2	3.55818e-05	expansion	main_model
24	N0.HOG0001114	2	3.55818e-05	expansion	main_model
24	N0.HOG0001414	2	3.55818e-05	expansion	main_model
24	N0.HOG0001933	2	0.000176716	expansion	main_model
24	N0.HOG0000048	1	0.00421777	expansion	main_model
24	N0.HOG0000292	1	0.00421777	expansion	main_model
24	N0.HOG0000422	1	0.00421777	expansion	main_model
24	N0.HOG0000425	1	0.00421777	expansion	main_model
24	N0.HOG0000761	1	0.00421777	expansion	main_model
24	N0.HOG0000787	1	0.00421777	expansion	main_model
24	N0.HOG0000790	1	0.00421777	expansion	main_model
24	N0.HOG0000938	1	0.00421777	expansion	main_model
24	N0.HOG0001036	1	0.00421777	expansion	main_model
24	N0.HOG0001099	1	0.00421777	expansion	main_model
24	N0.HOG0001240	1	0.00421777	expansion	main_model
24	N0.HOG0001452	1	0.00421777	expansion	main_model
24	N0.HOG0001729	1	0.00421777	expansion	main_model
24	N0.HOG0002034	1	0.00421777	expansion	main_model
24	N0.HOG0002710	1	0.00421777	expansion	main_model
24	N0.HOG0008885	1	0.00421777	expansion	main_model
24	N0.HOG0000354	1	0.00843556	expansion	main_model
24	N0.HOG0000834	1	0.00843556	expansion	main_model
24	N0.HOG0000008	-1	0.0125831	contraction	main_model
24	N0.HOG0000015	-1	0.0125831	contraction	main_model
24	N0.HOG0000258	-1	0.0125831	contraction	main_model
24	N0.HOG0000272	-1	0.0125831	contraction	main_model
24	N0.HOG0000304	-1	0.0125831	contraction	main_model
24	N0.HOG0000534	-1	0.0125831	contraction	main_model
24	N0.HOG0000742	-1	0.0125831	contraction	main_model
24	N0.HOG0000811	-1	0.0125831	contraction	main_model
24	N0.HOG0001400	-1	0.0125831	contraction	main_model
24	N0.HOG0001608	-1	0.0125831	contraction	main_model
24	N0.HOG0002065	-1	0.0125831	contraction	main_model
24	N0.HOG0004813	-1	0.0125831	contraction	main_model
24	N0.HOG0007927	-1	0.0125831	contraction	main_model
24	N0.HOG0008231	-1	0.0125831	contraction	main_model
24	N0.HOG0008384	-1	0.0125831	contraction	main_model
24	N0.HOG0008664	-1	0.0125831	contraction	main_model
24	N0.HOG0008788	-1	0.0125831	contraction	main_model
24	N0.HOG0008835	-1	0.0125831	contraction	main_model
24	N0.HOG0008893	-1	0.0125831	contraction	main_model
24	N0.HOG0009059	-1	0.0125831	contraction	main_model
24	N0.HOG0009237	-1	0.0125831	contraction	main_model
24	N0.HOG0009240	-1	0.0125831	contraction	main_model
24	N0.HOG0009244	-1	0.0125831	contraction	main_model
24	N0.HOG0009567	-1	0.0125831	contraction	main_model
24	N0.HOG0009692	-1	0.0125831	contraction	main_model
24	N0.HOG0009857	-1	0.0125831	contraction	main_model
24	N0.HOG0009878	-1	0.0125831	contraction	main_model
24	N0.HOG0011499	-1	0.0125831	contraction	main_model
24	N0.HOG0000242	1	0.0126519	expansion	main_model
24	N0.HOG0000211	1	0.0168653	expansion	main_model
24	N0.HOG0001179	1	0.0168653	expansion	main_model
24	N0.HOG0000155	-1	0.0248856	contraction	main_model
24	N0.HOG0000322	-1	0.0248856	contraction	main_model
24	N0.HOG0000396	-1	0.0248856	contraction	main_model
24	N0.HOG0000496	-1	0.0248856	contraction	main_model
24	N0.HOG0000527	-1	0.0248856	contraction	main_model
24	N0.HOG0000573	-1	0.0248856	contraction	main_model
24	N0.HOG0000595	-1	0.0248856	contraction	main_model
24	N0.HOG0001071	-1	0.0248856	contraction	main_model
24	N0.HOG0001531	-1	0.0248856	contraction	main_model
24	N0.HOG0000054	-1	0.036915	contraction	main_model
24	N0.HOG0000207	-1	0.036915	contraction	main_model
25	N0.HOG0000114	6	2.43212e-08	expansion	main_model
25	N0.HOG0000504	3	8.39423e-05	expansion	main_model
25	N0.HOG0000742	-2	0.000787241	contraction	main_model
25	N0.HOG0000042	3	0.00101874	expansion	main_model
25	N0.HOG0000061	-2	0.00217099	contraction	main_model
25	N0.HOG0000373	-2	0.00217099	contraction	main_model
25	N0.HOG0000155	2	0.00304223	expansion	main_model
25	N0.HOG0000814	2	0.00304223	expansion	main_model
25	N0.HOG0000162	2	0.00695568	expansion	main_model
25	N0.HOG0000442	1	0.0176761	expansion	main_model
25	N0.HOG0000484	1	0.0176761	expansion	main_model
25	N0.HOG0000744	1	0.0176761	expansion	main_model
25	N0.HOG0000794	1	0.0176761	expansion	main_model
25	N0.HOG0000808	1	0.0176761	expansion	main_model
25	N0.HOG0000817	1	0.0176761	expansion	main_model
25	N0.HOG0000854	1	0.0176761	expansion	main_model
25	N0.HOG0001139	1	0.0176761	expansion	main_model
25	N0.HOG0001157	1	0.0176761	expansion	main_model
25	N0.HOG0001246	1	0.0176761	expansion	main_model
25	N0.HOG0001284	1	0.0176761	expansion	main_model
25	N0.HOG0001351	1	0.0176761	expansion	main_model
25	N0.HOG0001384	1	0.0176761	expansion	main_model
25	N0.HOG0010095	1	0.0176761	expansion	main_model
25	N0.HOG0000069	2	0.0330191	expansion	main_model
25	N0.HOG0000094	1	0.0353568	expansion	main_model
25	N0.HOG0000223	1	0.0353568	expansion	main_model
26	N0.HOG0003653	2	0.000336893	expansion	main_model
26	N0.HOG0000162	2	0.0103297	expansion	main_model
26	N0.HOG0000333	1	0.0129743	expansion	main_model
26	N0.HOG0000882	1	0.0129743	expansion	main_model
26	N0.HOG0000955	1	0.0129743	expansion	main_model
26	N0.HOG0001199	1	0.0129743	expansion	main_model
26	N0.HOG0001221	1	0.0129743	expansion	main_model
26	N0.HOG0001236	1	0.0129743	expansion	main_model
26	N0.HOG0001295	1	0.0129743	expansion	main_model
26	N0.HOG0001480	1	0.0129743	expansion	main_model
26	N0.HOG0001605	1	0.0129743	expansion	main_model
26	N0.HOG0009002	1	0.0129743	expansion	main_model
26	N0.HOG0000382	1	0.02595	expansion	main_model
26	N0.HOG0000464	1	0.02595	expansion	main_model
26	N0.HOG0000602	1	0.02595	expansion	main_model
26	N0.HOG0000614	1	0.02595	expansion	main_model
26	N0.HOG0000005	-1	0.038275	contraction	main_model
26	N0.HOG0000008	-1	0.038275	contraction	main_model
26	N0.HOG0000046	-1	0.038275	contraction	main_model
26	N0.HOG0000051	-1	0.038275	contraction	main_model
26	N0.HOG0000053	-1	0.038275	contraction	main_model
26	N0.HOG0000061	-1	0.038275	contraction	main_model
26	N0.HOG0000087	-1	0.038275	contraction	main_model
26	N0.HOG0000098	-1	0.038275	contraction	main_model
26	N0.HOG0000186	-1	0.038275	contraction	main_model
26	N0.HOG0000228	-1	0.038275	contraction	main_model
26	N0.HOG0000233	-1	0.038275	contraction	main_model
26	N0.HOG0000264	-1	0.038275	contraction	main_model
26	N0.HOG0000373	-1	0.038275	contraction	main_model
26	N0.HOG0000435	-1	0.038275	contraction	main_model
26	N0.HOG0000708	-1	0.038275	contraction	main_model
26	N0.HOG0000732	-1	0.038275	contraction	main_model
26	N0.HOG0000766	-1	0.038275	contraction	main_model
26	N0.HOG0000863	-1	0.038275	contraction	main_model
26	N0.HOG0000872	-1	0.038275	contraction	main_model
26	N0.HOG0001319	-1	0.038275	contraction	main_model
26	N0.HOG0001779	-1	0.038275	contraction	main_model
26	N0.HOG0001933	-1	0.038275	contraction	main_model
26	N0.HOG0007848	-1	0.038275	contraction	main_model
26	N0.HOG0008384	-1	0.038275	contraction	main_model
26	N0.HOG0008689	-1	0.038275	contraction	main_model
26	N0.HOG0008893	-1	0.038275	contraction	main_model
26	N0.HOG0008955	-1	0.038275	contraction	main_model
26	N0.HOG0009224	-1	0.038275	contraction	main_model
26	N0.HOG0009245	-1	0.038275	contraction	main_model
26	N0.HOG0009523	-1	0.038275	contraction	main_model
26	N0.HOG0009638	-1	0.038275	contraction	main_model
26	N0.HOG0009661	-1	0.038275	contraction	main_model
26	N0.HOG0009720	-1	0.038275	contraction	main_model
26	N0.HOG0009777	-1	0.038275	contraction	main_model
26	N0.HOG0009878	-1	0.038275	contraction	main_model
26	N0.HOG0010017	-1	0.038275	contraction	main_model
26	N0.HOG0010028	-1	0.038275	contraction	main_model
26	N0.HOG0010124	-1	0.038275	contraction	main_model
26	N0.HOG0010180	-1	0.038275	contraction	main_model
26	N0.HOG0010181	-1	0.038275	contraction	main_model
26	N0.HOG0010189	-1	0.038275	contraction	main_model
26	N0.HOG0010404	-1	0.038275	contraction	main_model
26	N0.HOG0010464	-1	0.038275	contraction	main_model
26	N0.HOG0010467	-1	0.038275	contraction	main_model
26	N0.HOG0010524	-1	0.038275	contraction	main_model
26	N0.HOG0010528	-1	0.038275	contraction	main_model
26	N0.HOG0010619	-1	0.038275	contraction	main_model
26	N0.HOG0010621	-1	0.038275	contraction	main_model
26	N0.HOG0010772	-1	0.038275	contraction	main_model
26	N0.HOG0010791	-1	0.038275	contraction	main_model
26	N0.HOG0010817	-1	0.038275	contraction	main_model
26	N0.HOG0010930	-1	0.038275	contraction	main_model
26	N0.HOG0011073	-1	0.038275	contraction	main_model
26	N0.HOG0011218	-1	0.038275	contraction	main_model
26	N0.HOG0011236	-1	0.038275	contraction	main_model
26	N0.HOG0011472	-1	0.038275	contraction	main_model
26	N0.HOG0011661	-1	0.038275	contraction	main_model
26	N0.HOG0011809	-1	0.038275	contraction	main_model
26	N0.HOG0011813	-1	0.038275	contraction	main_model
26	N0.HOG0011956	-1	0.038275	contraction	main_model
26	N0.HOG0012216	-1	0.038275	contraction	main_model
26	N0.HOG0012652	-1	0.038275	contraction	main_model
26	N0.HOG0012856	-1	0.038275	contraction	main_model
26	N0.HOG0013281	-1	0.038275	contraction	main_model
26	N0.HOG0013844	-1	0.038275	contraction	main_model
26	N0.HOG0015154	-1	0.038275	contraction	main_model
26	N0.HOG0015161	-1	0.038275	contraction	main_model
26	N0.HOG0015316	-1	0.038275	contraction	main_model
26	N0.HOG0016956	-1	0.038275	contraction	main_model
26	N0.HOG0016968	-1	0.038275	contraction	main_model
26	N0.HOG0018187	-1	0.038275	contraction	main_model
26	N0.HOG0000103	1	0.0388844	expansion	main_model
27	N0.HOG0000090	5	1.78273e-08	expansion	main_model
27	N0.HOG0000103	4	8.07083e-07	expansion	main_model
27	N0.HOG0000045	-2	0.000120183	contraction	main_model
27	N0.HOG0000048	-2	0.000120183	contraction	main_model
27	N0.HOG0000163	-2	0.000681067	contraction	main_model
27	N0.HOG0000039	2	0.00499623	expansion	main_model
27	N0.HOG0000062	2	0.00499623	expansion	main_model
27	N0.HOG0000594	1	0.00734658	expansion	main_model
27	N0.HOG0000738	1	0.00734658	expansion	main_model
27	N0.HOG0000780	1	0.00734658	expansion	main_model
27	N0.HOG0000803	1	0.00734658	expansion	main_model
27	N0.HOG0000884	1	0.00734658	expansion	main_model
27	N0.HOG0001930	1	0.00734658	expansion	main_model
27	N0.HOG0002800	1	0.00734658	expansion	main_model
27	N0.HOG0010022	1	0.00734658	expansion	main_model
27	N0.HOG0000091	1	0.0146933	expansion	main_model
27	N0.HOG0000350	1	0.0146933	expansion	main_model
27	N0.HOG0000465	1	0.0146933	expansion	main_model
27	N0.HOG0000007	-1	0.0218285	contraction	main_model
27	N0.HOG0000031	-1	0.0218285	contraction	main_model
27	N0.HOG0000159	-1	0.0218285	contraction	main_model
27	N0.HOG0000166	-1	0.0218285	contraction	main_model
27	N0.HOG0000187	-1	0.0218285	contraction	main_model
27	N0.HOG0000249	-1	0.0218285	contraction	main_model
27	N0.HOG0000555	-1	0.0218285	contraction	main_model
27	N0.HOG0000685	-1	0.0218285	contraction	main_model
27	N0.HOG0000747	-1	0.0218285	contraction	main_model
27	N0.HOG0000788	-1	0.0218285	contraction	main_model
27	N0.HOG0000800	-1	0.0218285	contraction	main_model
27	N0.HOG0000806	-1	0.0218285	contraction	main_model
27	N0.HOG0000843	-1	0.0218285	contraction	main_model
27	N0.HOG0000972	-1	0.0218285	contraction	main_model
27	N0.HOG0000984	-1	0.0218285	contraction	main_model
27	N0.HOG0001118	-1	0.0218285	contraction	main_model
27	N0.HOG0001241	-1	0.0218285	contraction	main_model
27	N0.HOG0001303	-1	0.0218285	contraction	main_model
27	N0.HOG0001401	-1	0.0218285	contraction	main_model
27	N0.HOG0001675	-1	0.0218285	contraction	main_model
27	N0.HOG0001758	-1	0.0218285	contraction	main_model
27	N0.HOG0002822	-1	0.0218285	contraction	main_model
27	N0.HOG0004299	-1	0.0218285	contraction	main_model
27	N0.HOG0004600	-1	0.0218285	contraction	main_model
27	N0.HOG0006369	-1	0.0218285	contraction	main_model
27	N0.HOG0006458	-1	0.0218285	contraction	main_model
27	N0.HOG0008059	-1	0.0218285	contraction	main_model
27	N0.HOG0008169	-1	0.0218285	contraction	main_model
27	N0.HOG0008397	-1	0.0218285	contraction	main_model
27	N0.HOG0008451	-1	0.0218285	contraction	main_model
27	N0.HOG0008670	-1	0.0218285	contraction	main_model
27	N0.HOG0008742	-1	0.0218285	contraction	main_model
27	N0.HOG0008772	-1	0.0218285	contraction	main_model
27	N0.HOG0008837	-1	0.0218285	contraction	main_model
27	N0.HOG0008861	-1	0.0218285	contraction	main_model
27	N0.HOG0008862	-1	0.0218285	contraction	main_model
27	N0.HOG0008885	-1	0.0218285	contraction	main_model
27	N0.HOG0008933	-1	0.0218285	contraction	main_model
27	N0.HOG0008989	-1	0.0218285	contraction	main_model
27	N0.HOG0009093	-1	0.0218285	contraction	main_model
27	N0.HOG0009122	-1	0.0218285	contraction	main_model
27	N0.HOG0009153	-1	0.0218285	contraction	main_model
27	N0.HOG0009169	-1	0.0218285	contraction	main_model
27	N0.HOG0009192	-1	0.0218285	contraction	main_model
27	N0.HOG0009219	-1	0.0218285	contraction	main_model
27	N0.HOG0009220	-1	0.0218285	contraction	main_model
27	N0.HOG0009331	-1	0.0218285	contraction	main_model
27	N0.HOG0009350	-1	0.0218285	contraction	main_model
27	N0.HOG0009351	-1	0.0218285	contraction	main_model
27	N0.HOG0009413	-1	0.0218285	contraction	main_model
27	N0.HOG0009431	-1	0.0218285	contraction	main_model
27	N0.HOG0009441	-1	0.0218285	contraction	main_model
27	N0.HOG0009459	-1	0.0218285	contraction	main_model
27	N0.HOG0009537	-1	0.0218285	contraction	main_model
27	N0.HOG0009617	-1	0.0218285	contraction	main_model
27	N0.HOG0009639	-1	0.0218285	contraction	main_model
27	N0.HOG0009667	-1	0.0218285	contraction	main_model
27	N0.HOG0009680	-1	0.0218285	contraction	main_model
27	N0.HOG0009701	-1	0.0218285	contraction	main_model
27	N0.HOG0009717	-1	0.0218285	contraction	main_model
27	N0.HOG0009718	-1	0.0218285	contraction	main_model
27	N0.HOG0009752	-1	0.0218285	contraction	main_model
27	N0.HOG0009823	-1	0.0218285	contraction	main_model
27	N0.HOG0009832	-1	0.0218285	contraction	main_model
27	N0.HOG0009833	-1	0.0218285	contraction	main_model
27	N0.HOG0009844	-1	0.0218285	contraction	main_model
27	N0.HOG0009857	-1	0.0218285	contraction	main_model
27	N0.HOG0009942	-1	0.0218285	contraction	main_model
27	N0.HOG0009945	-1	0.0218285	contraction	main_model
27	N0.HOG0009977	-1	0.0218285	contraction	main_model
27	N0.HOG0009993	-1	0.0218285	contraction	main_model
27	N0.HOG0010006	-1	0.0218285	contraction	main_model
27	N0.HOG0010012	-1	0.0218285	contraction	main_model
27	N0.HOG0010019	-1	0.0218285	contraction	main_model
27	N0.HOG0010041	-1	0.0218285	contraction	main_model
27	N0.HOG0010065	-1	0.0218285	contraction	main_model
27	N0.HOG0010133	-1	0.0218285	contraction	main_model
27	N0.HOG0010171	-1	0.0218285	contraction	main_model
27	N0.HOG0010219	-1	0.0218285	contraction	main_model
27	N0.HOG0010226	-1	0.0218285	contraction	main_model
27	N0.HOG0010286	-1	0.0218285	contraction	main_model
27	N0.HOG0010294	-1	0.0218285	contraction	main_model
27	N0.HOG0010392	-1	0.0218285	contraction	main_model
27	N0.HOG0010546	-1	0.0218285	contraction	main_model
27	N0.HOG0010547	-1	0.0218285	contraction	main_model
27	N0.HOG0010685	-1	0.0218285	contraction	main_model
27	N0.HOG0010696	-1	0.0218285	contraction	main_model
27	N0.HOG0010765	-1	0.0218285	contraction	main_model
27	N0.HOG0010971	-1	0.0218285	contraction	main_model
27	N0.HOG0010975	-1	0.0218285	contraction	main_model
27	N0.HOG0011244	-1	0.0218285	contraction	main_model
27	N0.HOG0011475	-1	0.0218285	contraction	main_model
27	N0.HOG0011493	-1	0.0218285	contraction	main_model
27	N0.HOG0012234	-1	0.0218285	contraction	main_model
27	N0.HOG0012236	-1	0.0218285	contraction	main_model
27	N0.HOG0012643	-1	0.0218285	contraction	main_model
27	N0.HOG0012687	-1	0.0218285	contraction	main_model
27	N0.HOG0013479	-1	0.0218285	contraction	main_model
27	N0.HOG0013842	-1	0.0218285	contraction	main_model
27	N0.HOG0013846	-1	0.0218285	contraction	main_model
27	N0.HOG0013853	-1	0.0218285	contraction	main_model
27	N0.HOG0015305	-1	0.0218285	contraction	main_model
27	N0.HOG0017441	-1	0.0218285	contraction	main_model
27	N0.HOG0000155	1	0.0293566	expansion	main_model
27	N0.HOG0000147	-1	0.0428152	contraction	main_model
27	N0.HOG0000160	-1	0.0428152	contraction	main_model
27	N0.HOG0000241	-1	0.0428152	contraction	main_model
27	N0.HOG0000442	-1	0.0428152	contraction	main_model
27	N0.HOG0000478	-1	0.0428152	contraction	main_model
27	N0.HOG0000502	-1	0.0428152	contraction	main_model
27	N0.HOG0000531	-1	0.0428152	contraction	main_model
27	N0.HOG0000554	-1	0.0428152	contraction	main_model
27	N0.HOG0000574	-1	0.0428152	contraction	main_model
27	N0.HOG0000591	-1	0.0428152	contraction	main_model
27	N0.HOG0000595	-1	0.0428152	contraction	main_model
27	N0.HOG0000619	-1	0.0428152	contraction	main_model
27	N0.HOG0000631	-1	0.0428152	contraction	main_model
27	N0.HOG0000644	-1	0.0428152	contraction	main_model
27	N0.HOG0000651	-1	0.0428152	contraction	main_model
27	N0.HOG0000681	-1	0.0428152	contraction	main_model
27	N0.HOG0000695	-1	0.0428152	contraction	main_model
27	N0.HOG0000709	-1	0.0428152	contraction	main_model
27	N0.HOG0000711	-1	0.0428152	contraction	main_model
27	N0.HOG0000765	-1	0.0428152	contraction	main_model
27	N0.HOG0000771	-1	0.0428152	contraction	main_model
27	N0.HOG0000791	-1	0.0428152	contraction	main_model
27	N0.HOG0000792	-1	0.0428152	contraction	main_model
27	N0.HOG0000796	-1	0.0428152	contraction	main_model
27	N0.HOG0000808	-1	0.0428152	contraction	main_model
27	N0.HOG0000809	-1	0.0428152	contraction	main_model
27	N0.HOG0000834	-1	0.0428152	contraction	main_model
27	N0.HOG0000851	-1	0.0428152	contraction	main_model
27	N0.HOG0000883	-1	0.0428152	contraction	main_model
27	N0.HOG0000889	-1	0.0428152	contraction	main_model
27	N0.HOG0000894	-1	0.0428152	contraction	main_model
27	N0.HOG0000895	-1	0.0428152	contraction	main_model
27	N0.HOG0000906	-1	0.0428152	contraction	main_model
27	N0.HOG0000909	-1	0.0428152	contraction	main_model
27	N0.HOG0000957	-1	0.0428152	contraction	main_model
27	N0.HOG0001043	-1	0.0428152	contraction	main_model
27	N0.HOG0001142	-1	0.0428152	contraction	main_model
27	N0.HOG0001238	-1	0.0428152	contraction	main_model
27	N0.HOG0009032	-1	0.0428152	contraction	main_model
28	N0.HOG0000442	2	0.000163465	expansion	main_model
28	N0.HOG0000667	1	0.00405605	expansion	main_model
28	N0.HOG0001275	1	0.00405605	expansion	main_model
28	N0.HOG0001383	1	0.00405605	expansion	main_model
28	N0.HOG0001837	1	0.00405605	expansion	main_model
28	N0.HOG0008883	1	0.00405605	expansion	main_model
28	N0.HOG0000858	1	0.00811211	expansion	main_model
28	N0.HOG0000031	-1	0.0121031	contraction	main_model
28	N0.HOG0000402	-1	0.0121031	contraction	main_model
28	N0.HOG0000747	-1	0.0121031	contraction	main_model
28	N0.HOG0000788	-1	0.0121031	contraction	main_model
28	N0.HOG0002822	-1	0.0121031	contraction	main_model
28	N0.HOG0004299	-1	0.0121031	contraction	main_model
28	N0.HOG0006369	-1	0.0121031	contraction	main_model
28	N0.HOG0009617	-1	0.0121031	contraction	main_model
28	N0.HOG0009618	-1	0.0121031	contraction	main_model
28	N0.HOG0009718	-1	0.0121031	contraction	main_model
28	N0.HOG0009752	-1	0.0121031	contraction	main_model
28	N0.HOG0009832	-1	0.0121031	contraction	main_model
28	N0.HOG0009953	-1	0.0121031	contraction	main_model
28	N0.HOG0010338	-1	0.0121031	contraction	main_model
28	N0.HOG0010765	-1	0.0121031	contraction	main_model
28	N0.HOG0010975	-1	0.0121031	contraction	main_model
28	N0.HOG0011243	-1	0.0121031	contraction	main_model
28	N0.HOG0011366	-1	0.0121031	contraction	main_model
28	N0.HOG0011814	-1	0.0121031	contraction	main_model
28	N0.HOG0012240	-1	0.0121031	contraction	main_model
28	N0.HOG0012687	-1	0.0121031	contraction	main_model
28	N0.HOG0013842	-1	0.0121031	contraction	main_model
28	N0.HOG0013846	-1	0.0121031	contraction	main_model
28	N0.HOG0013853	-1	0.0121031	contraction	main_model
28	N0.HOG0015305	-1	0.0121031	contraction	main_model
28	N0.HOG0017441	-1	0.0121031	contraction	main_model
28	N0.HOG0000592	1	0.0121669	expansion	main_model
28	N0.HOG0000486	-1	0.0239467	contraction	main_model
28	N0.HOG0000114	1	0.0364011	expansion	main_model
29	N0.HOG0000592	7	7.75622e-10	expansion	main_model
29	N0.HOG0000103	6	6.70435e-09	expansion	main_model
29	N0.HOG0000090	5	1.10492e-06	expansion	main_model
29	N0.HOG0000005	3	1.14893e-05	expansion	main_model
29	N0.HOG0000228	3	1.14893e-05	expansion	main_model
29	N0.HOG0000008	2	0.000404019	expansion	main_model
29	N0.HOG0000629	2	0.000404019	expansion	main_model
29	N0.HOG0002071	2	0.000404019	expansion	main_model
29	N0.HOG0000048	-2	0.000489361	contraction	main_model
29	N0.HOG0000275	-2	0.00137029	contraction	main_model
29	N0.HOG0000322	-2	0.00137029	contraction	main_model
29	N0.HOG0001133	2	0.00197515	expansion	main_model
29	N0.HOG0000148	-2	0.00263554	contraction	main_model
29	N0.HOG0000054	2	0.00455928	expansion	main_model
29	N0.HOG0000263	2	0.00455928	expansion	main_model
29	N0.HOG0000504	2	0.0122345	expansion	main_model
29	N0.HOG0000037	1	0.0142073	expansion	main_model
29	N0.HOG0000053	1	0.0142073	expansion	main_model
29	N0.HOG0000345	1	0.0142073	expansion	main_model
29	N0.HOG0000534	1	0.0142073	expansion	main_model
29	N0.HOG0000703	1	0.0142073	expansion	main_model
29	N0.HOG0000705	1	0.0142073	expansion	main_model
29	N0.HOG0000738	1	0.0142073	expansion	main_model
29	N0.HOG0000780	1	0.0142073	expansion	main_model
29	N0.HOG0000803	1	0.0142073	expansion	main_model
29	N0.HOG0000844	1	0.0142073	expansion	main_model
29	N0.HOG0000884	1	0.0142073	expansion	main_model
29	N0.HOG0000920	1	0.0142073	expansion	main_model
29	N0.HOG0000928	1	0.0142073	expansion	main_model
29	N0.HOG0001056	1	0.0142073	expansion	main_model
29	N0.HOG0001107	1	0.0142073	expansion	main_model
29	N0.HOG0001127	1	0.0142073	expansion	main_model
29	N0.HOG0001424	1	0.0142073	expansion	main_model
29	N0.HOG0001566	1	0.0142073	expansion	main_model
29	N0.HOG0001930	1	0.0142073	expansion	main_model
29	N0.HOG0002403	1	0.0142073	expansion	main_model
29	N0.HOG0002800	1	0.0142073	expansion	main_model
29	N0.HOG0003840	1	0.0142073	expansion	main_model
29	N0.HOG0000091	1	0.0284164	expansion	main_model
29	N0.HOG0000125	1	0.0284164	expansion	main_model
29	N0.HOG0000244	1	0.0284164	expansion	main_model
29	N0.HOG0000550	1	0.0284164	expansion	main_model
29	N0.HOG0001275	1	0.0284164	expansion	main_model
29	N0.HOG0000051	-1	0.0418476	contraction	main_model
29	N0.HOG0000087	-1	0.0418476	contraction	main_model
29	N0.HOG0000089	-1	0.0418476	contraction	main_model
29	N0.HOG0000166	-1	0.0418476	contraction	main_model
29	N0.HOG0000186	-1	0.0418476	contraction	main_model
29	N0.HOG0000187	-1	0.0418476	contraction	main_model
29	N0.HOG0000249	-1	0.0418476	contraction	main_model
29	N0.HOG0000264	-1	0.0418476	contraction	main_model
29	N0.HOG0000373	-1	0.0418476	contraction	main_model
29	N0.HOG0000435	-1	0.0418476	contraction	main_model
29	N0.HOG0000660	-1	0.0418476	contraction	main_model
29	N0.HOG0000685	-1	0.0418476	contraction	main_model
29	N0.HOG0000708	-1	0.0418476	contraction	main_model
29	N0.HOG0000732	-1	0.0418476	contraction	main_model
29	N0.HOG0000766	-1	0.0418476	contraction	main_model
29	N0.HOG0000800	-1	0.0418476	contraction	main_model
29	N0.HOG0000806	-1	0.0418476	contraction	main_model
29	N0.HOG0000863	-1	0.0418476	contraction	main_model
29	N0.HOG0000872	-1	0.0418476	contraction	main_model
29	N0.HOG0000949	-1	0.0418476	contraction	main_model
29	N0.HOG0000972	-1	0.0418476	contraction	main_model
29	N0.HOG0000984	-1	0.0418476	contraction	main_model
29	N0.HOG0001047	-1	0.0418476	contraction	main_model
29	N0.HOG0001118	-1	0.0418476	contraction	main_model
29	N0.HOG0001241	-1	0.0418476	contraction	main_model
29	N0.HOG0001319	-1	0.0418476	contraction	main_model
29	N0.HOG0001675	-1	0.0418476	contraction	main_model
29	N0.HOG0001758	-1	0.0418476	contraction	main_model
29	N0.HOG0001933	-1	0.0418476	contraction	main_model
29	N0.HOG0004813	-1	0.0418476	contraction	main_model
29	N0.HOG0008121	-1	0.0418476	contraction	main_model
29	N0.HOG0008384	-1	0.0418476	contraction	main_model
29	N0.HOG0008861	-1	0.0418476	contraction	main_model
29	N0.HOG0008948	-1	0.0418476	contraction	main_model
29	N0.HOG0009015	-1	0.0418476	contraction	main_model
29	N0.HOG0009045	-1	0.0418476	contraction	main_model
29	N0.HOG0009093	-1	0.0418476	contraction	main_model
29	N0.HOG0009127	-1	0.0418476	contraction	main_model
29	N0.HOG0009158	-1	0.0418476	contraction	main_model
29	N0.HOG0009169	-1	0.0418476	contraction	main_model
29	N0.HOG0009192	-1	0.0418476	contraction	main_model
29	N0.HOG0009219	-1	0.0418476	contraction	main_model
29	N0.HOG0009220	-1	0.0418476	contraction	main_model
29	N0.HOG0009318	-1	0.0418476	contraction	main_model
29	N0.HOG0009331	-1	0.0418476	contraction	main_model
29	N0.HOG0009350	-1	0.0418476	contraction	main_model
29	N0.HOG0009351	-1	0.0418476	contraction	main_model
29	N0.HOG0009352	-1	0.0418476	contraction	main_model
29	N0.HOG0009441	-1	0.0418476	contraction	main_model
29	N0.HOG0009445	-1	0.0418476	contraction	main_model
29	N0.HOG0009459	-1	0.0418476	contraction	main_model
29	N0.HOG0009523	-1	0.0418476	contraction	main_model
29	N0.HOG0009525	-1	0.0418476	contraction	main_model
29	N0.HOG0009549	-1	0.0418476	contraction	main_model
29	N0.HOG0009561	-1	0.0418476	contraction	main_model
29	N0.HOG0009604	-1	0.0418476	contraction	main_model
29	N0.HOG0009638	-1	0.0418476	contraction	main_model
29	N0.HOG0009667	-1	0.0418476	contraction	main_model
29	N0.HOG0009680	-1	0.0418476	contraction	main_model
29	N0.HOG0009701	-1	0.0418476	contraction	main_model
29	N0.HOG0009823	-1	0.0418476	contraction	main_model
29	N0.HOG0009833	-1	0.0418476	contraction	main_model
29	N0.HOG0009834	-1	0.0418476	contraction	main_model
29	N0.HOG0009844	-1	0.0418476	contraction	main_model
29	N0.HOG0009857	-1	0.0418476	contraction	main_model
29	N0.HOG0009878	-1	0.0418476	contraction	main_model
29	N0.HOG0009915	-1	0.0418476	contraction	main_model
29	N0.HOG0009942	-1	0.0418476	contraction	main_model
29	N0.HOG0009945	-1	0.0418476	contraction	main_model
29	N0.HOG0009993	-1	0.0418476	contraction	main_model
29	N0.HOG0010006	-1	0.0418476	contraction	main_model
29	N0.HOG0010012	-1	0.0418476	contraction	main_model
29	N0.HOG0010017	-1	0.0418476	contraction	main_model
29	N0.HOG0010019	-1	0.0418476	contraction	main_model
29	N0.HOG0010020	-1	0.0418476	contraction	main_model
29	N0.HOG0010028	-1	0.0418476	contraction	main_model
29	N0.HOG0010065	-1	0.0418476	contraction	main_model
29	N0.HOG0010133	-1	0.0418476	contraction	main_model
29	N0.HOG0010189	-1	0.0418476	contraction	main_model
29	N0.HOG0010219	-1	0.0418476	contraction	main_model
29	N0.HOG0010226	-1	0.0418476	contraction	main_model
29	N0.HOG0010286	-1	0.0418476	contraction	main_model
29	N0.HOG0010294	-1	0.0418476	contraction	main_model
29	N0.HOG0010392	-1	0.0418476	contraction	main_model
29	N0.HOG0010404	-1	0.0418476	contraction	main_model
29	N0.HOG0010524	-1	0.0418476	contraction	main_model
29	N0.HOG0010528	-1	0.0418476	contraction	main_model
29	N0.HOG0010547	-1	0.0418476	contraction	main_model
29	N0.HOG0010566	-1	0.0418476	contraction	main_model
29	N0.HOG0010619	-1	0.0418476	contraction	main_model
29	N0.HOG0010621	-1	0.0418476	contraction	main_model
29	N0.HOG0010685	-1	0.0418476	contraction	main_model
29	N0.HOG0010696	-1	0.0418476	contraction	main_model
29	N0.HOG0010772	-1	0.0418476	contraction	main_model
29	N0.HOG0010791	-1	0.0418476	contraction	main_model
29	N0.HOG0010817	-1	0.0418476	contraction	main_model
29	N0.HOG0010971	-1	0.0418476	contraction	main_model
29	N0.HOG0011073	-1	0.0418476	contraction	main_model
29	N0.HOG0011218	-1	0.0418476	contraction	main_model
29	N0.HOG0011236	-1	0.0418476	contraction	main_model
29	N0.HOG0011244	-1	0.0418476	contraction	main_model
29	N0.HOG0011472	-1	0.0418476	contraction	main_model
29	N0.HOG0011475	-1	0.0418476	contraction	main_model
29	N0.HOG0011493	-1	0.0418476	contraction	main_model
29	N0.HOG0011661	-1	0.0418476	contraction	main_model
29	N0.HOG0011809	-1	0.0418476	contraction	main_model
29	N0.HOG0011956	-1	0.0418476	contraction	main_model
29	N0.HOG0012216	-1	0.0418476	contraction	main_model
29	N0.HOG0012234	-1	0.0418476	contraction	main_model
29	N0.HOG0012643	-1	0.0418476	contraction	main_model
29	N0.HOG0012652	-1	0.0418476	contraction	main_model
29	N0.HOG0012856	-1	0.0418476	contraction	main_model
29	N0.HOG0013281	-1	0.0418476	contraction	main_model
29	N0.HOG0013479	-1	0.0418476	contraction	main_model
29	N0.HOG0013844	-1	0.0418476	contraction	main_model
29	N0.HOG0015154	-1	0.0418476	contraction	main_model
29	N0.HOG0015161	-1	0.0418476	contraction	main_model
29	N0.HOG0015316	-1	0.0418476	contraction	main_model
29	N0.HOG0016956	-1	0.0418476	contraction	main_model
29	N0.HOG0016968	-1	0.0418476	contraction	main_model
29	N0.HOG0018187	-1	0.0418476	contraction	main_model
29	N0.HOG0000068	1	0.0425717	expansion	main_model
29	N0.HOG0000121	1	0.0425717	expansion	main_model
29	N0.HOG0000203	1	0.0425717	expansion	main_model
29	N0.HOG0001179	1	0.0425717	expansion	main_model
30	N0.HOG0000008	2	8.64987e-05	expansion	main_model
30	N0.HOG0000354	1	0.00190629	expansion	main_model
30	N0.HOG0000422	1	0.00190629	expansion	main_model
30	N0.HOG0000934	1	0.00190629	expansion	main_model
30	N0.HOG0000955	1	0.00190629	expansion	main_model
30	N0.HOG0000968	1	0.00190629	expansion	main_model
30	N0.HOG0004363	1	0.00190629	expansion	main_model
30	N0.HOG0009111	1	0.00190629	expansion	main_model
30	N0.HOG0010022	1	0.00190629	expansion	main_model
30	N0.HOG0000159	-1	0.00570442	contraction	main_model
30	N0.HOG0000867	-1	0.00570442	contraction	main_model
30	N0.HOG0002852	-1	0.00570442	contraction	main_model
30	N0.HOG0008059	-1	0.00570442	contraction	main_model
30	N0.HOG0008169	-1	0.00570442	contraction	main_model
30	N0.HOG0008451	-1	0.00570442	contraction	main_model
30	N0.HOG0008465	-1	0.00570442	contraction	main_model
30	N0.HOG0008485	-1	0.00570442	contraction	main_model
30	N0.HOG0008576	-1	0.00570442	contraction	main_model
30	N0.HOG0008757	-1	0.00570442	contraction	main_model
30	N0.HOG0008862	-1	0.00570442	contraction	main_model
30	N0.HOG0008893	-1	0.00570442	contraction	main_model
30	N0.HOG0009007	-1	0.00570442	contraction	main_model
30	N0.HOG0009037	-1	0.00570442	contraction	main_model
30	N0.HOG0009081	-1	0.00570442	contraction	main_model
30	N0.HOG0009204	-1	0.00570442	contraction	main_model
30	N0.HOG0009245	-1	0.00570442	contraction	main_model
30	N0.HOG0009319	-1	0.00570442	contraction	main_model
30	N0.HOG0009467	-1	0.00570442	contraction	main_model
30	N0.HOG0009794	-1	0.00570442	contraction	main_model
30	N0.HOG0009898	-1	0.00570442	contraction	main_model
30	N0.HOG0010790	-1	0.00570442	contraction	main_model
30	N0.HOG0011813	-1	0.00570442	contraction	main_model
30	N0.HOG0012230	-1	0.00570442	contraction	main_model
30	N0.HOG0000125	1	0.00571874	expansion	main_model
30	N0.HOG0000814	1	0.00762462	expansion	main_model
30	N0.HOG0000028	1	0.0095301	expansion	main_model
30	N0.HOG0000063	1	0.0095301	expansion	main_model
30	N0.HOG0000369	-1	0.0113511	contraction	main_model
30	N0.HOG0000769	-1	0.0113511	contraction	main_model
30	N0.HOG0000808	-1	0.0113511	contraction	main_model
30	N0.HOG0000854	-1	0.0113511	contraction	main_model
30	N0.HOG0000894	-1	0.0113511	contraction	main_model
30	N0.HOG0000106	1	0.011435	expansion	main_model
30	N0.HOG0000039	1	0.0133393	expansion	main_model
30	N0.HOG0000104	-1	0.0169407	contraction	main_model
30	N0.HOG0000239	-1	0.0169407	contraction	main_model
31	N0.HOG0001482	3	1.1095e-06	expansion	main_model
31	N0.HOG0009534	3	1.1095e-06	expansion	main_model
31	N0.HOG0001410	2	8.50585e-05	expansion	main_model
31	N0.HOG0001667	2	8.50585e-05	expansion	main_model
31	N0.HOG0000054	-2	0.00027175	contraction	main_model
31	N0.HOG0000236	-2	0.00027175	contraction	main_model
31	N0.HOG0000470	-2	0.00027175	contraction	main_model
31	N0.HOG0000499	-2	0.00027175	contraction	main_model
31	N0.HOG0000039	-2	0.00130062	contraction	main_model
31	N0.HOG0000249	1	0.00652089	expansion	main_model
31	N0.HOG0000283	1	0.00652089	expansion	main_model
31	N0.HOG0000346	1	0.00652089	expansion	main_model
31	N0.HOG0000393	1	0.00652089	expansion	main_model
31	N0.HOG0000694	1	0.00652089	expansion	main_model
31	N0.HOG0000732	1	0.00652089	expansion	main_model
31	N0.HOG0000735	1	0.00652089	expansion	main_model
31	N0.HOG0000761	1	0.00652089	expansion	main_model
31	N0.HOG0000785	1	0.00652089	expansion	main_model
31	N0.HOG0000790	1	0.00652089	expansion	main_model
31	N0.HOG0000849	1	0.00652089	expansion	main_model
31	N0.HOG0000899	1	0.00652089	expansion	main_model
31	N0.HOG0000945	1	0.00652089	expansion	main_model
31	N0.HOG0000992	1	0.00652089	expansion	main_model
31	N0.HOG0000999	1	0.00652089	expansion	main_model
31	N0.HOG0001002	1	0.00652089	expansion	main_model
31	N0.HOG0001011	1	0.00652089	expansion	main_model
31	N0.HOG0001026	1	0.00652089	expansion	main_model
31	N0.HOG0001027	1	0.00652089	expansion	main_model
31	N0.HOG0001036	1	0.00652089	expansion	main_model
31	N0.HOG0001039	1	0.00652089	expansion	main_model
31	N0.HOG0001059	1	0.00652089	expansion	main_model
31	N0.HOG0001069	1	0.00652089	expansion	main_model
31	N0.HOG0001099	1	0.00652089	expansion	main_model
31	N0.HOG0001126	1	0.00652089	expansion	main_model
31	N0.HOG0001143	1	0.00652089	expansion	main_model
31	N0.HOG0001159	1	0.00652089	expansion	main_model
31	N0.HOG0001161	1	0.00652089	expansion	main_model
31	N0.HOG0001173	1	0.00652089	expansion	main_model
31	N0.HOG0001187	1	0.00652089	expansion	main_model
31	N0.HOG0001194	1	0.00652089	expansion	main_model
31	N0.HOG0001259	1	0.00652089	expansion	main_model
31	N0.HOG0001274	1	0.00652089	expansion	main_model
31	N0.HOG0001346	1	0.00652089	expansion	main_model
31	N0.HOG0001352	1	0.00652089	expansion	main_model
31	N0.HOG0001478	1	0.00652089	expansion	main_model
31	N0.HOG0001560	1	0.00652089	expansion	main_model
31	N0.HOG0001592	1	0.00652089	expansion	main_model
31	N0.HOG0001613	1	0.00652089	expansion	main_model
31	N0.HOG0001741	1	0.00652089	expansion	main_model
31	N0.HOG0001887	1	0.00652089	expansion	main_model
31	N0.HOG0002177	1	0.00652089	expansion	main_model
31	N0.HOG0002326	1	0.00652089	expansion	main_model
31	N0.HOG0002342	1	0.00652089	expansion	main_model
31	N0.HOG0003788	1	0.00652089	expansion	main_model
31	N0.HOG0003855	1	0.00652089	expansion	main_model
31	N0.HOG0006183	1	0.00652089	expansion	main_model
31	N0.HOG0007166	1	0.00652089	expansion	main_model
31	N0.HOG0007194	1	0.00652089	expansion	main_model
31	N0.HOG0007848	1	0.00652089	expansion	main_model
31	N0.HOG0008070	1	0.00652089	expansion	main_model
31	N0.HOG0008704	1	0.00652089	expansion	main_model
31	N0.HOG0008862	1	0.00652089	expansion	main_model
31	N0.HOG0009060	1	0.00652089	expansion	main_model
31	N0.HOG0009207	1	0.00652089	expansion	main_model
31	N0.HOG0000114	2	0.0104642	expansion	main_model
31	N0.HOG0000147	1	0.0130419	expansion	main_model
31	N0.HOG0000235	1	0.0130419	expansion	main_model
31	N0.HOG0000301	1	0.0130419	expansion	main_model
31	N0.HOG0000574	1	0.0130419	expansion	main_model
31	N0.HOG0000667	1	0.0130419	expansion	main_model
31	N0.HOG0001250	1	0.0130419	expansion	main_model
31	N0.HOG0000005	-1	0.0193959	contraction	main_model
31	N0.HOG0000061	-1	0.0193959	contraction	main_model
31	N0.HOG0000098	-1	0.0193959	contraction	main_model
31	N0.HOG0000795	-1	0.0193959	contraction	main_model
31	N0.HOG0000811	-1	0.0193959	contraction	main_model
31	N0.HOG0001303	-1	0.0193959	contraction	main_model
31	N0.HOG0001641	-1	0.0193959	contraction	main_model
31	N0.HOG0001676	-1	0.0193959	contraction	main_model
31	N0.HOG0001779	-1	0.0193959	contraction	main_model
31	N0.HOG0008409	-1	0.0193959	contraction	main_model
31	N0.HOG0008416	-1	0.0193959	contraction	main_model
31	N0.HOG0008576	-1	0.0193959	contraction	main_model
31	N0.HOG0008689	-1	0.0193959	contraction	main_model
31	N0.HOG0008796	-1	0.0193959	contraction	main_model
31	N0.HOG0008831	-1	0.0193959	contraction	main_model
31	N0.HOG0008923	-1	0.0193959	contraction	main_model
31	N0.HOG0008984	-1	0.0193959	contraction	main_model
31	N0.HOG0008998	-1	0.0193959	contraction	main_model
31	N0.HOG0009007	-1	0.0193959	contraction	main_model
31	N0.HOG0009033	-1	0.0193959	contraction	main_model
31	N0.HOG0009047	-1	0.0193959	contraction	main_model
31	N0.HOG0009058	-1	0.0193959	contraction	main_model
31	N0.HOG0009084	-1	0.0193959	contraction	main_model
31	N0.HOG0009125	-1	0.0193959	contraction	main_model
31	N0.HOG0009130	-1	0.0193959	contraction	main_model
31	N0.HOG0009160	-1	0.0193959	contraction	main_model
31	N0.HOG0009195	-1	0.0193959	contraction	main_model
31	N0.HOG0009244	-1	0.0193959	contraction	main_model
31	N0.HOG0009245	-1	0.0193959	contraction	main_model
31	N0.HOG0009259	-1	0.0193959	contraction	main_model
31	N0.HOG0009277	-1	0.0193959	contraction	main_model
31	N0.HOG0009291	-1	0.0193959	contraction	main_model
31	N0.HOG0009293	-1	0.0193959	contraction	main_model
31	N0.HOG0009319	-1	0.0193959	contraction	main_model
31	N0.HOG0009349	-1	0.0193959	contraction	main_model
31	N0.HOG0009412	-1	0.0193959	contraction	main_model
31	N0.HOG0009450	-1	0.0193959	contraction	main_model
31	N0.HOG0009467	-1	0.0193959	contraction	main_model
31	N0.HOG0009546	-1	0.0193959	contraction	main_model
31	N0.HOG0009581	-1	0.0193959	contraction	main_model
31	N0.HOG0009601	-1	0.0193959	contraction	main_model
31	N0.HOG0009637	-1	0.0193959	contraction	main_model
31	N0.HOG0009639	-1	0.0193959	contraction	main_model
31	N0.HOG0009663	-1	0.0193959	contraction	main_model
31	N0.HOG0009694	-1	0.0193959	contraction	main_model
31	N0.HOG0009716	-1	0.0193959	contraction	main_model
31	N0.HOG0009717	-1	0.0193959	contraction	main_model
31	N0.HOG0009720	-1	0.0193959	contraction	main_model
31	N0.HOG0009735	-1	0.0193959	contraction	main_model
31	N0.HOG0010022	-1	0.0193959	contraction	main_model
31	N0.HOG0010045	-1	0.0193959	contraction	main_model
31	N0.HOG0010096	-1	0.0193959	contraction	main_model
31	N0.HOG0010180	-1	0.0193959	contraction	main_model
31	N0.HOG0010464	-1	0.0193959	contraction	main_model
31	N0.HOG0010465	-1	0.0193959	contraction	main_model
31	N0.HOG0010546	-1	0.0193959	contraction	main_model
31	N0.HOG0010790	-1	0.0193959	contraction	main_model
31	N0.HOG0011813	-1	0.0193959	contraction	main_model
31	N0.HOG0012230	-1	0.0193959	contraction	main_model
31	N0.HOG0012236	-1	0.0193959	contraction	main_model
31	N0.HOG0000207	1	0.0195575	expansion	main_model
31	N0.HOG0000223	1	0.0195575	expansion	main_model
31	N0.HOG0000858	1	0.0195575	expansion	main_model
31	N0.HOG0000163	1	0.0260626	expansion	main_model
31	N0.HOG0000052	1	0.0325526	expansion	main_model
31	N0.HOG0000059	1	0.0325526	expansion	main_model
31	N0.HOG0000253	-1	0.0381266	contraction	main_model
31	N0.HOG0000369	-1	0.0381266	contraction	main_model
31	N0.HOG0000614	-1	0.0381266	contraction	main_model
31	N0.HOG0000792	-1	0.0381266	contraction	main_model
31	N0.HOG0000794	-1	0.0381266	contraction	main_model
31	N0.HOG0000815	-1	0.0381266	contraction	main_model
31	N0.HOG0000865	-1	0.0381266	contraction	main_model
31	N0.HOG0000901	-1	0.0381266	contraction	main_model
31	N0.HOG0001035	-1	0.0381266	contraction	main_model
31	N0.HOG0001157	-1	0.0381266	contraction	main_model
31	N0.HOG0010095	-1	0.0381266	contraction	main_model
32	N0.HOG0000435	11	6.81387e-25	expansion	main_model
32	N0.HOG0001050	5	7.09529e-12	expansion	main_model
32	N0.HOG0000602	4	5.18585e-09	expansion	main_model
32	N0.HOG0000048	3	6.13481e-07	expansion	main_model
32	N0.HOG0000058	3	2.25926e-05	expansion	main_model
32	N0.HOG0000769	-2	2.41136e-05	contraction	main_model
32	N0.HOG0000292	1	0.00338341	expansion	main_model
32	N0.HOG0000353	1	0.00338341	expansion	main_model
32	N0.HOG0000774	1	0.00338341	expansion	main_model
32	N0.HOG0000888	1	0.00338341	expansion	main_model
32	N0.HOG0000934	1	0.00338341	expansion	main_model
32	N0.HOG0001024	1	0.00338341	expansion	main_model
32	N0.HOG0001067	1	0.00338341	expansion	main_model
32	N0.HOG0001208	1	0.00338341	expansion	main_model
32	N0.HOG0001578	1	0.00338341	expansion	main_model
32	N0.HOG0001781	1	0.00338341	expansion	main_model
32	N0.HOG0002039	1	0.00338341	expansion	main_model
32	N0.HOG0003653	1	0.00338341	expansion	main_model
32	N0.HOG0005904	1	0.00338341	expansion	main_model
32	N0.HOG0006455	1	0.00338341	expansion	main_model
32	N0.HOG0007574	1	0.00338341	expansion	main_model
32	N0.HOG0000089	-1	0.0101049	contraction	main_model
32	N0.HOG0000175	-1	0.0101049	contraction	main_model
32	N0.HOG0000228	-1	0.0101049	contraction	main_model
32	N0.HOG0000708	-1	0.0101049	contraction	main_model
32	N0.HOG0001319	-1	0.0101049	contraction	main_model
32	N0.HOG0001566	-1	0.0101049	contraction	main_model
32	N0.HOG0001758	-1	0.0101049	contraction	main_model
32	N0.HOG0004813	-1	0.0101049	contraction	main_model
32	N0.HOG0007269	-1	0.0101049	contraction	main_model
32	N0.HOG0008313	-1	0.0101049	contraction	main_model
32	N0.HOG0008629	-1	0.0101049	contraction	main_model
32	N0.HOG0008816	-1	0.0101049	contraction	main_model
32	N0.HOG0008854	-1	0.0101049	contraction	main_model
32	N0.HOG0008943	-1	0.0101049	contraction	main_model
32	N0.HOG0009002	-1	0.0101049	contraction	main_model
32	N0.HOG0009037	-1	0.0101049	contraction	main_model
32	N0.HOG0009086	-1	0.0101049	contraction	main_model
32	N0.HOG0009262	-1	0.0101049	contraction	main_model
32	N0.HOG0009486	-1	0.0101049	contraction	main_model
32	N0.HOG0009638	-1	0.0101049	contraction	main_model
32	N0.HOG0009833	-1	0.0101049	contraction	main_model
32	N0.HOG0009878	-1	0.0101049	contraction	main_model
32	N0.HOG0009898	-1	0.0101049	contraction	main_model
32	N0.HOG0009993	-1	0.0101049	contraction	main_model
32	N0.HOG0010012	-1	0.0101049	contraction	main_model
32	N0.HOG0010016	-1	0.0101049	contraction	main_model
32	N0.HOG0010219	-1	0.0101049	contraction	main_model
32	N0.HOG0010407	-1	0.0101049	contraction	main_model
32	N0.HOG0010930	-1	0.0101049	contraction	main_model
32	N0.HOG0011236	-1	0.0101049	contraction	main_model
32	N0.HOG0012216	-1	0.0101049	contraction	main_model
32	N0.HOG0013844	-1	0.0101049	contraction	main_model
32	N0.HOG0015154	-1	0.0101049	contraction	main_model
32	N0.HOG0015161	-1	0.0101049	contraction	main_model
32	N0.HOG0000094	1	0.0101495	expansion	main_model
32	N0.HOG0000121	1	0.0101495	expansion	main_model
32	N0.HOG0009534	1	0.0135306	expansion	main_model
32	N0.HOG0000643	-1	0.0200288	contraction	main_model
32	N0.HOG0000690	-1	0.0200288	contraction	main_model
32	N0.HOG0000768	-1	0.0200288	contraction	main_model
32	N0.HOG0001238	-1	0.0200288	contraction	main_model
32	N0.HOG0001313	-1	0.0200288	contraction	main_model
32	N0.HOG0000222	-1	0.0297754	contraction	main_model
32	N0.HOG0000639	-1	0.0297754	contraction	main_model
32	N0.HOG0001179	-1	0.0297754	contraction	main_model
32	N0.HOG0000043	-1	0.0393486	contraction	main_model
32	N0.HOG0000099	-1	0.0393486	contraction	main_model
32	N0.HOG0000814	-1	0.0393486	contraction	main_model
32	N0.HOG0000106	-1	0.0487519	contraction	main_model
32	N0.HOG0000504	-1	0.0487519	contraction	main_model
33	N0.HOG0000054	5	6.04723e-09	expansion	main_model
33	N0.HOG0000057	5	3.51967e-08	expansion	main_model
33	N0.HOG0000304	2	0.00050748	expansion	main_model
33	N0.HOG0000007	1	0.00716376	expansion	main_model
33	N0.HOG0000123	1	0.00716376	expansion	main_model
33	N0.HOG0000260	1	0.00716376	expansion	main_model
33	N0.HOG0000442	1	0.00716376	expansion	main_model
33	N0.HOG0000732	1	0.00716376	expansion	main_model
33	N0.HOG0000854	1	0.00716376	expansion	main_model
33	N0.HOG0000939	1	0.00716376	expansion	main_model
33	N0.HOG0000955	1	0.00716376	expansion	main_model
33	N0.HOG0001147	1	0.00716376	expansion	main_model
33	N0.HOG0000160	1	0.0143276	expansion	main_model
33	N0.HOG0000235	1	0.0143276	expansion	main_model
33	N0.HOG0000502	1	0.0143276	expansion	main_model
33	N0.HOG0000574	1	0.0143276	expansion	main_model
33	N0.HOG0000224	1	0.0214844	expansion	main_model
33	N0.HOG0000044	1	0.0286274	expansion	main_model
33	N0.HOG0000039	1	0.0357505	expansion	main_model
33	N0.HOG0000055	1	0.0357505	expansion	main_model
33	N0.HOG0000159	1	0.0357505	expansion	main_model
33	N0.HOG0000040	1	0.042848	expansion	main_model
Ancistrocerus_nigricornis	N0.HOG0000779	10	1.16164e-10	expansion	main_model
Ancistrocerus_nigricornis	N0.HOG0000154	5	7.5758e-06	expansion	main_model
Ancistrocerus_nigricornis	N0.HOG0000055	-5	1.14576e-05	contraction	main_model
Ancistrocerus_nigricornis	N0.HOG0000275	6	1.56907e-05	expansion	main_model
Ancistrocerus_nigricornis	N0.HOG0009140	4	6.95505e-05	expansion	main_model
Ancistrocerus_nigricornis	N0.HOG0000171	4	0.000289946	expansion	main_model
Ancistrocerus_nigricornis	N0.HOG0000211	5	0.00038418	expansion	main_model
Ancistrocerus_nigricornis	N0.HOG0000393	3	0.000638516	expansion	main_model
Ancistrocerus_nigricornis	N0.HOG0000667	3	0.000638516	expansion	main_model
Ancistrocerus_nigricornis	N0.HOG0000166	4	0.000729172	expansion	main_model
Ancistrocerus_nigricornis	N0.HOG0000043	-3	0.00191337	contraction	main_model
Ancistrocerus_nigricornis	N0.HOG0000114	-3	0.00191337	contraction	main_model
Ancistrocerus_nigricornis	N0.HOG0001260	3	0.00215489	expansion	main_model
Ancistrocerus_nigricornis	N0.HOG0000233	2	0.00586196	expansion	main_model
Ancistrocerus_nigricornis	N0.HOG0000289	2	0.00586196	expansion	main_model
Ancistrocerus_nigricornis	N0.HOG0001168	2	0.00586196	expansion	main_model
Ancistrocerus_nigricornis	N0.HOG0001305	2	0.00586196	expansion	main_model
Ancistrocerus_nigricornis	N0.HOG0001480	2	0.00586196	expansion	main_model
Ancistrocerus_nigricornis	N0.HOG0001777	2	0.00586196	expansion	main_model
Ancistrocerus_nigricornis	N0.HOG0007166	2	0.00586196	expansion	main_model
Ancistrocerus_nigricornis	N0.HOG0000045	3	0.00586702	expansion	main_model
Ancistrocerus_nigricornis	N0.HOG0000373	3	0.00586702	expansion	main_model
Ancistrocerus_nigricornis	N0.HOG0000160	-2	0.00972898	contraction	main_model
Ancistrocerus_nigricornis	N0.HOG0000163	-2	0.00972898	contraction	main_model
Ancistrocerus_nigricornis	N0.HOG0000235	-2	0.00972898	contraction	main_model
Ancistrocerus_nigricornis	N0.HOG0000241	-2	0.00972898	contraction	main_model
Ancistrocerus_nigricornis	N0.HOG0000244	-2	0.00972898	contraction	main_model
Ancistrocerus_nigricornis	N0.HOG0000402	-2	0.00972898	contraction	main_model
Ancistrocerus_nigricornis	N0.HOG0000159	3	0.0205417	expansion	main_model
Ancistrocerus_nigricornis	N0.HOG0000051	2	0.0269934	expansion	main_model
Ancistrocerus_nigricornis	N0.HOG0000350	2	0.0269934	expansion	main_model
Ancistrocerus_nigricornis	N0.HOG0000771	2	0.0269934	expansion	main_model
Ancistrocerus_nigricornis	N0.HOG0009032	2	0.0269934	expansion	main_model
Anoplius_nigerrimus	N0.HOG0000045	14	6.00896e-12	expansion	main_model
Anoplius_nigerrimus	N0.HOG0001930	7	1.99713e-07	expansion	main_model
Anoplius_nigerrimus	N0.HOG0000442	7	1.27538e-06	expansion	main_model
Anoplius_nigerrimus	N0.HOG0000053	6	1.63514e-06	expansion	main_model
Anoplius_nigerrimus	N0.HOG0000054	8	3.68864e-05	expansion	main_model
Anoplius_nigerrimus	N0.HOG0000590	4	0.000446567	expansion	main_model
Anoplius_nigerrimus	N0.HOG0000042	-4	0.000702629	contraction	main_model
Anoplius_nigerrimus	N0.HOG0000435	3	0.000897425	expansion	main_model
Anoplius_nigerrimus	N0.HOG0000660	3	0.000897425	expansion	main_model
Anoplius_nigerrimus	N0.HOG0000029	5	0.00135608	expansion	main_model
Anoplius_nigerrimus	N0.HOG0000955	3	0.00296465	expansion	main_model
Anoplius_nigerrimus	N0.HOG0000019	4	0.00440751	expansion	main_model
Anoplius_nigerrimus	N0.HOG0000015	2	0.00734762	expansion	main_model
Anoplius_nigerrimus	N0.HOG0000175	2	0.00734762	expansion	main_model
Anoplius_nigerrimus	N0.HOG0000272	2	0.00734762	expansion	main_model
Anoplius_nigerrimus	N0.HOG0001933	2	0.00734762	expansion	main_model
Anoplius_nigerrimus	N0.HOG0000051	-2	0.0126086	contraction	main_model
Anoplius_nigerrimus	N0.HOG0000106	3	0.0161996	expansion	main_model
Anoplius_nigerrimus	N0.HOG0000369	3	0.0161996	expansion	main_model
Anoplius_nigerrimus	N0.HOG0000044	3	0.0271424	expansion	main_model
Anoplius_nigerrimus	N0.HOG0000182	-2	0.0295294	contraction	main_model
Anoplius_nigerrimus	N0.HOG0000275	-2	0.0295294	contraction	main_model
Anoplius_nigerrimus	N0.HOG0000331	-2	0.0295294	contraction	main_model
Anoplius_nigerrimus	N0.HOG0000595	2	0.0335282	expansion	main_model
Anoplius_nigerrimus	N0.HOG0000058	-2	0.049925	contraction	main_model
Anoplius_nigerrimus	N0.HOG0000148	-2	0.049925	contraction	main_model
Dolichovespula_media	N0.HOG0001592	5	2.60746e-08	expansion	main_model
Dolichovespula_media	N0.HOG0004903	4	1.83911e-07	expansion	main_model
Dolichovespula_media	N0.HOG0000159	3	2.87731e-05	expansion	main_model
Dolichovespula_media	N0.HOG0000695	3	2.87731e-05	expansion	main_model
Dolichovespula_media	N0.HOG0000639	3	8.42604e-05	expansion	main_model
Dolichovespula_media	N0.HOG0001482	3	0.000190864	expansion	main_model
Dolichovespula_media	N0.HOG0000922	2	0.00030315	expansion	main_model
Dolichovespula_media	N0.HOG0001150	2	0.00030315	expansion	main_model
Dolichovespula_media	N0.HOG0001248	2	0.00030315	expansion	main_model
Dolichovespula_media	N0.HOG0001277	2	0.00030315	expansion	main_model
Dolichovespula_media	N0.HOG0010019	2	0.00030315	expansion	main_model
Dolichovespula_media	N0.HOG0000091	-2	0.000359163	contraction	main_model
Dolichovespula_media	N0.HOG0000465	-2	0.000359163	contraction	main_model
Dolichovespula_media	N0.HOG0001837	-2	0.000359163	contraction	main_model
Dolichovespula_media	N0.HOG0000518	-2	0.00101438	contraction	main_model
Dolichovespula_media	N0.HOG0000393	2	0.00148645	expansion	main_model
Dolichovespula_media	N0.HOG0002342	2	0.00148645	expansion	main_model
Dolichovespula_media	N0.HOG0000097	-2	0.00318206	contraction	main_model
Dolichovespula_media	N0.HOG0000114	3	0.00408184	expansion	main_model
Dolichovespula_media	N0.HOG0000058	-2	0.00637474	contraction	main_model
Dolichovespula_media	N0.HOG0000733	1	0.0123078	expansion	main_model
Dolichovespula_media	N0.HOG0000772	1	0.0123078	expansion	main_model
Dolichovespula_media	N0.HOG0000787	1	0.0123078	expansion	main_model
Dolichovespula_media	N0.HOG0000820	1	0.0123078	expansion	main_model
Dolichovespula_media	N0.HOG0000867	1	0.0123078	expansion	main_model
Dolichovespula_media	N0.HOG0000898	1	0.0123078	expansion	main_model
Dolichovespula_media	N0.HOG0000911	1	0.0123078	expansion	main_model
Dolichovespula_media	N0.HOG0000939	1	0.0123078	expansion	main_model
Dolichovespula_media	N0.HOG0000942	1	0.0123078	expansion	main_model
Dolichovespula_media	N0.HOG0000964	1	0.0123078	expansion	main_model
Dolichovespula_media	N0.HOG0000983	1	0.0123078	expansion	main_model
Dolichovespula_media	N0.HOG0000995	1	0.0123078	expansion	main_model
Dolichovespula_media	N0.HOG0000996	1	0.0123078	expansion	main_model
Dolichovespula_media	N0.HOG0001136	1	0.0123078	expansion	main_model
Dolichovespula_media	N0.HOG0001171	1	0.0123078	expansion	main_model
Dolichovespula_media	N0.HOG0001185	1	0.0123078	expansion	main_model
Dolichovespula_media	N0.HOG0001200	1	0.0123078	expansion	main_model
Dolichovespula_media	N0.HOG0001207	1	0.0123078	expansion	main_model
Dolichovespula_media	N0.HOG0001221	1	0.0123078	expansion	main_model
Dolichovespula_media	N0.HOG0001235	1	0.0123078	expansion	main_model
Dolichovespula_media	N0.HOG0001240	1	0.0123078	expansion	main_model
Dolichovespula_media	N0.HOG0001243	1	0.0123078	expansion	main_model
Dolichovespula_media	N0.HOG0001264	1	0.0123078	expansion	main_model
Dolichovespula_media	N0.HOG0001267	1	0.0123078	expansion	main_model
Dolichovespula_media	N0.HOG0001295	1	0.0123078	expansion	main_model
Dolichovespula_media	N0.HOG0001322	1	0.0123078	expansion	main_model
Dolichovespula_media	N0.HOG0001362	1	0.0123078	expansion	main_model
Dolichovespula_media	N0.HOG0001380	1	0.0123078	expansion	main_model
Dolichovespula_media	N0.HOG0001414	1	0.0123078	expansion	main_model
Dolichovespula_media	N0.HOG0001415	1	0.0123078	expansion	main_model
Dolichovespula_media	N0.HOG0001452	1	0.0123078	expansion	main_model
Dolichovespula_media	N0.HOG0001460	1	0.0123078	expansion	main_model
Dolichovespula_media	N0.HOG0001476	1	0.0123078	expansion	main_model
Dolichovespula_media	N0.HOG0001481	1	0.0123078	expansion	main_model
Dolichovespula_media	N0.HOG0001546	1	0.0123078	expansion	main_model
Dolichovespula_media	N0.HOG0001547	1	0.0123078	expansion	main_model
Dolichovespula_media	N0.HOG0001639	1	0.0123078	expansion	main_model
Dolichovespula_media	N0.HOG0001674	1	0.0123078	expansion	main_model
Dolichovespula_media	N0.HOG0001721	1	0.0123078	expansion	main_model
Dolichovespula_media	N0.HOG0001831	1	0.0123078	expansion	main_model
Dolichovespula_media	N0.HOG0001957	1	0.0123078	expansion	main_model
Dolichovespula_media	N0.HOG0002040	1	0.0123078	expansion	main_model
Dolichovespula_media	N0.HOG0002155	1	0.0123078	expansion	main_model
Dolichovespula_media	N0.HOG0002365	1	0.0123078	expansion	main_model
Dolichovespula_media	N0.HOG0002935	1	0.0123078	expansion	main_model
Dolichovespula_media	N0.HOG0007854	1	0.0123078	expansion	main_model
Dolichovespula_media	N0.HOG0007962	1	0.0123078	expansion	main_model
Dolichovespula_media	N0.HOG0008357	1	0.0123078	expansion	main_model
Dolichovespula_media	N0.HOG0009015	1	0.0123078	expansion	main_model
Dolichovespula_media	N0.HOG0009262	1	0.0123078	expansion	main_model
Dolichovespula_media	N0.HOG0009331	1	0.0123078	expansion	main_model
Dolichovespula_media	N0.HOG0009535	1	0.0123078	expansion	main_model
Dolichovespula_media	N0.HOG0009548	1	0.0123078	expansion	main_model
Dolichovespula_media	N0.HOG0000045	1	0.0246168	expansion	main_model
Dolichovespula_media	N0.HOG0000160	1	0.0246168	expansion	main_model
Dolichovespula_media	N0.HOG0000249	1	0.0246168	expansion	main_model
Dolichovespula_media	N0.HOG0000274	1	0.0246168	expansion	main_model
Dolichovespula_media	N0.HOG0000283	1	0.0246168	expansion	main_model
Dolichovespula_media	N0.HOG0000346	1	0.0246168	expansion	main_model
Dolichovespula_media	N0.HOG0000351	1	0.0246168	expansion	main_model
Dolichovespula_media	N0.HOG0000396	1	0.0246168	expansion	main_model
Dolichovespula_media	N0.HOG0000502	1	0.0246168	expansion	main_model
Dolichovespula_media	N0.HOG0000527	1	0.0246168	expansion	main_model
Dolichovespula_media	N0.HOG0000589	1	0.0246168	expansion	main_model
Dolichovespula_media	N0.HOG0000591	1	0.0246168	expansion	main_model
Dolichovespula_media	N0.HOG0000633	1	0.0246168	expansion	main_model
Dolichovespula_media	N0.HOG0000694	1	0.0246168	expansion	main_model
Dolichovespula_media	N0.HOG0000711	1	0.0246168	expansion	main_model
Dolichovespula_media	N0.HOG0000761	1	0.0246168	expansion	main_model
Dolichovespula_media	N0.HOG0000889	1	0.0246168	expansion	main_model
Dolichovespula_media	N0.HOG0000899	1	0.0246168	expansion	main_model
Dolichovespula_media	N0.HOG0000906	1	0.0246168	expansion	main_model
Dolichovespula_media	N0.HOG0000945	1	0.0246168	expansion	main_model
Dolichovespula_media	N0.HOG0000947	1	0.0246168	expansion	main_model
Dolichovespula_media	N0.HOG0000992	1	0.0246168	expansion	main_model
Dolichovespula_media	N0.HOG0000999	1	0.0246168	expansion	main_model
Dolichovespula_media	N0.HOG0001027	1	0.0246168	expansion	main_model
Dolichovespula_media	N0.HOG0001059	1	0.0246168	expansion	main_model
Dolichovespula_media	N0.HOG0001069	1	0.0246168	expansion	main_model
Dolichovespula_media	N0.HOG0001352	1	0.0246168	expansion	main_model
Dolichovespula_media	N0.HOG0001383	1	0.0246168	expansion	main_model
Dolichovespula_media	N0.HOG0001384	1	0.0246168	expansion	main_model
Dolichovespula_media	N0.HOG0001613	1	0.0246168	expansion	main_model
Dolichovespula_media	N0.HOG0003855	1	0.0246168	expansion	main_model
Dolichovespula_media	N0.HOG0007848	1	0.0246168	expansion	main_model
Dolichovespula_media	N0.HOG0008704	1	0.0246168	expansion	main_model
Dolichovespula_media	N0.HOG0000008	-1	0.0363393	contraction	main_model
Dolichovespula_media	N0.HOG0000046	-1	0.0363393	contraction	main_model
Dolichovespula_media	N0.HOG0000051	-1	0.0363393	contraction	main_model
Dolichovespula_media	N0.HOG0000053	-1	0.0363393	contraction	main_model
Dolichovespula_media	N0.HOG0000112	-1	0.0363393	contraction	main_model
Dolichovespula_media	N0.HOG0000233	-1	0.0363393	contraction	main_model
Dolichovespula_media	N0.HOG0000264	-1	0.0363393	contraction	main_model
Dolichovespula_media	N0.HOG0000345	-1	0.0363393	contraction	main_model
Dolichovespula_media	N0.HOG0000373	-1	0.0363393	contraction	main_model
Dolichovespula_media	N0.HOG0000432	-1	0.0363393	contraction	main_model
Dolichovespula_media	N0.HOG0000435	-1	0.0363393	contraction	main_model
Dolichovespula_media	N0.HOG0000590	-1	0.0363393	contraction	main_model
Dolichovespula_media	N0.HOG0000660	-1	0.0363393	contraction	main_model
Dolichovespula_media	N0.HOG0000766	-1	0.0363393	contraction	main_model
Dolichovespula_media	N0.HOG0000842	-1	0.0363393	contraction	main_model
Dolichovespula_media	N0.HOG0000862	-1	0.0363393	contraction	main_model
Dolichovespula_media	N0.HOG0000949	-1	0.0363393	contraction	main_model
Dolichovespula_media	N0.HOG0000984	-1	0.0363393	contraction	main_model
Dolichovespula_media	N0.HOG0001047	-1	0.0363393	contraction	main_model
Dolichovespula_media	N0.HOG0001305	-1	0.0363393	contraction	main_model
Dolichovespula_media	N0.HOG0001400	-1	0.0363393	contraction	main_model
Dolichovespula_media	N0.HOG0001423	-1	0.0363393	contraction	main_model
Dolichovespula_media	N0.HOG0001587	-1	0.0363393	contraction	main_model
Dolichovespula_media	N0.HOG0001699	-1	0.0363393	contraction	main_model
Dolichovespula_media	N0.HOG0002071	-1	0.0363393	contraction	main_model
Dolichovespula_media	N0.HOG0002505	-1	0.0363393	contraction	main_model
Dolichovespula_media	N0.HOG0002562	-1	0.0363393	contraction	main_model
Dolichovespula_media	N0.HOG0002654	-1	0.0363393	contraction	main_model
Dolichovespula_media	N0.HOG0002710	-1	0.0363393	contraction	main_model
Dolichovespula_media	N0.HOG0003013	-1	0.0363393	contraction	main_model
Dolichovespula_media	N0.HOG0003304	-1	0.0363393	contraction	main_model
Dolichovespula_media	N0.HOG0003712	-1	0.0363393	contraction	main_model
Dolichovespula_media	N0.HOG0003840	-1	0.0363393	contraction	main_model
Dolichovespula_media	N0.HOG0004806	-1	0.0363393	contraction	main_model
Dolichovespula_media	N0.HOG0005492	-1	0.0363393	contraction	main_model
Dolichovespula_media	N0.HOG0006869	-1	0.0363393	contraction	main_model
Dolichovespula_media	N0.HOG0007131	-1	0.0363393	contraction	main_model
Dolichovespula_media	N0.HOG0007186	-1	0.0363393	contraction	main_model
Dolichovespula_media	N0.HOG0007399	-1	0.0363393	contraction	main_model
Dolichovespula_media	N0.HOG0007446	-1	0.0363393	contraction	main_model
Dolichovespula_media	N0.HOG0007679	-1	0.0363393	contraction	main_model
Dolichovespula_media	N0.HOG0007730	-1	0.0363393	contraction	main_model
Dolichovespula_media	N0.HOG0007844	-1	0.0363393	contraction	main_model
Dolichovespula_media	N0.HOG0007927	-1	0.0363393	contraction	main_model
Dolichovespula_media	N0.HOG0007968	-1	0.0363393	contraction	main_model
Dolichovespula_media	N0.HOG0008020	-1	0.0363393	contraction	main_model
Dolichovespula_media	N0.HOG0008039	-1	0.0363393	contraction	main_model
Dolichovespula_media	N0.HOG0008059	-1	0.0363393	contraction	main_model
Dolichovespula_media	N0.HOG0008157	-1	0.0363393	contraction	main_model
Dolichovespula_media	N0.HOG0008329	-1	0.0363393	contraction	main_model
Dolichovespula_media	N0.HOG0008348	-1	0.0363393	contraction	main_model
Dolichovespula_media	N0.HOG0008381	-1	0.0363393	contraction	main_model
Dolichovespula_media	N0.HOG0008384	-1	0.0363393	contraction	main_model
Dolichovespula_media	N0.HOG0008400	-1	0.0363393	contraction	main_model
Dolichovespula_media	N0.HOG0008408	-1	0.0363393	contraction	main_model
Dolichovespula_media	N0.HOG0008430	-1	0.0363393	contraction	main_model
Dolichovespula_media	N0.HOG0008435	-1	0.0363393	contraction	main_model
Dolichovespula_media	N0.HOG0008438	-1	0.0363393	contraction	main_model
Dolichovespula_media	N0.HOG0008465	-1	0.0363393	contraction	main_model
Dolichovespula_media	N0.HOG0008472	-1	0.0363393	contraction	main_model
Dolichovespula_media	N0.HOG0008556	-1	0.0363393	contraction	main_model
Dolichovespula_media	N0.HOG0008614	-1	0.0363393	contraction	main_model
Dolichovespula_media	N0.HOG0008620	-1	0.0363393	contraction	main_model
Dolichovespula_media	N0.HOG0008630	-1	0.0363393	contraction	main_model
Dolichovespula_media	N0.HOG0008632	-1	0.0363393	contraction	main_model
Dolichovespula_media	N0.HOG0008634	-1	0.0363393	contraction	main_model
Dolichovespula_media	N0.HOG0008647	-1	0.0363393	contraction	main_model
Dolichovespula_media	N0.HOG0008668	-1	0.0363393	contraction	main_model
Dolichovespula_media	N0.HOG0008676	-1	0.0363393	contraction	main_model
Dolichovespula_media	N0.HOG0008711	-1	0.0363393	contraction	main_model
Dolichovespula_media	N0.HOG0008712	-1	0.0363393	contraction	main_model
Dolichovespula_media	N0.HOG0008800	-1	0.0363393	contraction	main_model
Dolichovespula_media	N0.HOG0008811	-1	0.0363393	contraction	main_model
Dolichovespula_media	N0.HOG0008813	-1	0.0363393	contraction	main_model
Dolichovespula_media	N0.HOG0008817	-1	0.0363393	contraction	main_model
Dolichovespula_media	N0.HOG0008829	-1	0.0363393	contraction	main_model
Dolichovespula_media	N0.HOG0008837	-1	0.0363393	contraction	main_model
Dolichovespula_media	N0.HOG0008843	-1	0.0363393	contraction	main_model
Dolichovespula_media	N0.HOG0008851	-1	0.0363393	contraction	main_model
Dolichovespula_media	N0.HOG0008864	-1	0.0363393	contraction	main_model
Dolichovespula_media	N0.HOG0008879	-1	0.0363393	contraction	main_model
Dolichovespula_media	N0.HOG0008885	-1	0.0363393	contraction	main_model
Dolichovespula_media	N0.HOG0008893	-1	0.0363393	contraction	main_model
Dolichovespula_media	N0.HOG0008901	-1	0.0363393	contraction	main_model
Dolichovespula_media	N0.HOG0008915	-1	0.0363393	contraction	main_model
Dolichovespula_media	N0.HOG0008918	-1	0.0363393	contraction	main_model
Dolichovespula_media	N0.HOG0008919	-1	0.0363393	contraction	main_model
Dolichovespula_media	N0.HOG0008952	-1	0.0363393	contraction	main_model
Dolichovespula_media	N0.HOG0009021	-1	0.0363393	contraction	main_model
Dolichovespula_media	N0.HOG0009045	-1	0.0363393	contraction	main_model
Dolichovespula_media	N0.HOG0009068	-1	0.0363393	contraction	main_model
Dolichovespula_media	N0.HOG0009081	-1	0.0363393	contraction	main_model
Dolichovespula_media	N0.HOG0009083	-1	0.0363393	contraction	main_model
Dolichovespula_media	N0.HOG0009118	-1	0.0363393	contraction	main_model
Dolichovespula_media	N0.HOG0009122	-1	0.0363393	contraction	main_model
Dolichovespula_media	N0.HOG0009127	-1	0.0363393	contraction	main_model
Dolichovespula_media	N0.HOG0009129	-1	0.0363393	contraction	main_model
Dolichovespula_media	N0.HOG0009158	-1	0.0363393	contraction	main_model
Dolichovespula_media	N0.HOG0009209	-1	0.0363393	contraction	main_model
Dolichovespula_media	N0.HOG0009219	-1	0.0363393	contraction	main_model
Dolichovespula_media	N0.HOG0009232	-1	0.0363393	contraction	main_model
Dolichovespula_media	N0.HOG0009261	-1	0.0363393	contraction	main_model
Dolichovespula_media	N0.HOG0009276	-1	0.0363393	contraction	main_model
Dolichovespula_media	N0.HOG0009285	-1	0.0363393	contraction	main_model
Dolichovespula_media	N0.HOG0009303	-1	0.0363393	contraction	main_model
Dolichovespula_media	N0.HOG0009352	-1	0.0363393	contraction	main_model
Dolichovespula_media	N0.HOG0009397	-1	0.0363393	contraction	main_model
Dolichovespula_media	N0.HOG0009401	-1	0.0363393	contraction	main_model
Dolichovespula_media	N0.HOG0009428	-1	0.0363393	contraction	main_model
Dolichovespula_media	N0.HOG0009431	-1	0.0363393	contraction	main_model
Dolichovespula_media	N0.HOG0009441	-1	0.0363393	contraction	main_model
Dolichovespula_media	N0.HOG0009445	-1	0.0363393	contraction	main_model
Dolichovespula_media	N0.HOG0009537	-1	0.0363393	contraction	main_model
Dolichovespula_media	N0.HOG0009549	-1	0.0363393	contraction	main_model
Dolichovespula_media	N0.HOG0009566	-1	0.0363393	contraction	main_model
Dolichovespula_media	N0.HOG0009567	-1	0.0363393	contraction	main_model
Dolichovespula_media	N0.HOG0009604	-1	0.0363393	contraction	main_model
Dolichovespula_media	N0.HOG0009672	-1	0.0363393	contraction	main_model
Dolichovespula_media	N0.HOG0009701	-1	0.0363393	contraction	main_model
Dolichovespula_media	N0.HOG0009777	-1	0.0363393	contraction	main_model
Dolichovespula_media	N0.HOG0009823	-1	0.0363393	contraction	main_model
Dolichovespula_media	N0.HOG0009834	-1	0.0363393	contraction	main_model
Dolichovespula_media	N0.HOG0009906	-1	0.0363393	contraction	main_model
Dolichovespula_media	N0.HOG0009915	-1	0.0363393	contraction	main_model
Dolichovespula_media	N0.HOG0009977	-1	0.0363393	contraction	main_model
Dolichovespula_media	N0.HOG0010006	-1	0.0363393	contraction	main_model
Dolichovespula_media	N0.HOG0010020	-1	0.0363393	contraction	main_model
Dolichovespula_media	N0.HOG0010028	-1	0.0363393	contraction	main_model
Dolichovespula_media	N0.HOG0010041	-1	0.0363393	contraction	main_model
Dolichovespula_media	N0.HOG0010046	-1	0.0363393	contraction	main_model
Dolichovespula_media	N0.HOG0010168	-1	0.0363393	contraction	main_model
Dolichovespula_media	N0.HOG0010181	-1	0.0363393	contraction	main_model
Dolichovespula_media	N0.HOG0010226	-1	0.0363393	contraction	main_model
Dolichovespula_media	N0.HOG0010404	-1	0.0363393	contraction	main_model
Dolichovespula_media	N0.HOG0010524	-1	0.0363393	contraction	main_model
Dolichovespula_media	N0.HOG0010547	-1	0.0363393	contraction	main_model
Dolichovespula_media	N0.HOG0010696	-1	0.0363393	contraction	main_model
Dolichovespula_media	N0.HOG0010791	-1	0.0363393	contraction	main_model
Dolichovespula_media	N0.HOG0010817	-1	0.0363393	contraction	main_model
Dolichovespula_media	N0.HOG0011218	-1	0.0363393	contraction	main_model
Dolichovespula_media	N0.HOG0011244	-1	0.0363393	contraction	main_model
Dolichovespula_media	N0.HOG0011472	-1	0.0363393	contraction	main_model
Dolichovespula_media	N0.HOG0011475	-1	0.0363393	contraction	main_model
Dolichovespula_media	N0.HOG0011508	-1	0.0363393	contraction	main_model
Dolichovespula_media	N0.HOG0011661	-1	0.0363393	contraction	main_model
Dolichovespula_media	N0.HOG0012652	-1	0.0363393	contraction	main_model
Dolichovespula_media	N0.HOG0012856	-1	0.0363393	contraction	main_model
Dolichovespula_media	N0.HOG0013281	-1	0.0363393	contraction	main_model
Dolichovespula_media	N0.HOG0015316	-1	0.0363393	contraction	main_model
Dolichovespula_media	N0.HOG0016956	-1	0.0363393	contraction	main_model
Dolichovespula_media	N0.HOG0016968	-1	0.0363393	contraction	main_model
Dolichovespula_media	N0.HOG0018187	-1	0.0363393	contraction	main_model
Dolichovespula_media	N0.HOG0000068	1	0.0368904	expansion	main_model
Dolichovespula_media	N0.HOG0000161	1	0.0368904	expansion	main_model
Dolichovespula_media	N0.HOG0000222	1	0.0368904	expansion	main_model
Dolichovespula_media	N0.HOG0000224	1	0.0368904	expansion	main_model
Dolichovespula_media	N0.HOG0000242	1	0.0368904	expansion	main_model
Dolichovespula_media	N0.HOG0000299	1	0.0368904	expansion	main_model
Dolichovespula_media	N0.HOG0001179	1	0.0368904	expansion	main_model
Dolichovespula_media	N0.HOG0001410	1	0.0368904	expansion	main_model
Dolichovespula_media	N0.HOG0000029	2	0.0379686	expansion	main_model
Dolichovespula_media	N0.HOG0000036	1	0.0490973	expansion	main_model
Dolichovespula_media	N0.HOG0000043	1	0.0490973	expansion	main_model
Dolichovespula_media	N0.HOG0000113	1	0.0490973	expansion	main_model
Dolichovespula_media	N0.HOG0000148	1	0.0490973	expansion	main_model
Dolichovespula_media	N0.HOG0000155	1	0.0490973	expansion	main_model
Dolichovespula_media	N0.HOG0000592	1	0.0490973	expansion	main_model
Dolichovespula_media	N0.HOG0000814	1	0.0490973	expansion	main_model
Dolichovespula_saxonica	N0.HOG0001078	6	1.76074e-11	expansion	main_model
Dolichovespula_saxonica	N0.HOG0000744	5	5.66015e-09	expansion	main_model
Dolichovespula_saxonica	N0.HOG0001990	4	5.37122e-08	expansion	main_model
Dolichovespula_saxonica	N0.HOG0002182	4	5.37122e-08	expansion	main_model
Dolichovespula_saxonica	N0.HOG0002877	4	5.37122e-08	expansion	main_model
Dolichovespula_saxonica	N0.HOG0000554	4	2.60835e-07	expansion	main_model
Dolichovespula_saxonica	N0.HOG0001482	4	1.83042e-06	expansion	main_model
Dolichovespula_saxonica	N0.HOG0001294	3	2.96662e-06	expansion	main_model
Dolichovespula_saxonica	N0.HOG0000435	4	9.46327e-05	expansion	main_model
Dolichovespula_saxonica	N0.HOG0000590	2	0.000163851	expansion	main_model
Dolichovespula_saxonica	N0.HOG0000900	2	0.000163851	expansion	main_model
Dolichovespula_saxonica	N0.HOG0002654	2	0.000163851	expansion	main_model
Dolichovespula_saxonica	N0.HOG0008117	2	0.000163851	expansion	main_model
Dolichovespula_saxonica	N0.HOG0009093	2	0.000163851	expansion	main_model
Dolichovespula_saxonica	N0.HOG0000573	2	0.000807556	expansion	main_model
Dolichovespula_saxonica	N0.HOG0000808	2	0.000807556	expansion	main_model
Dolichovespula_saxonica	N0.HOG0000851	2	0.000807556	expansion	main_model
Dolichovespula_saxonica	N0.HOG0001062	2	0.000807556	expansion	main_model
Dolichovespula_saxonica	N0.HOG0007848	2	0.000807556	expansion	main_model
Dolichovespula_saxonica	N0.HOG0000090	-2	0.00104334	contraction	main_model
Dolichovespula_saxonica	N0.HOG0000207	2	0.00337575	expansion	main_model
Dolichovespula_saxonica	N0.HOG0000048	2	0.0052279	expansion	main_model
Dolichovespula_saxonica	N0.HOG0000052	2	0.00741484	expansion	main_model
Dolichovespula_saxonica	N0.HOG0000112	1	0.0090498	expansion	main_model
Dolichovespula_saxonica	N0.HOG0000166	1	0.0090498	expansion	main_model
Dolichovespula_saxonica	N0.HOG0000354	1	0.0090498	expansion	main_model
Dolichovespula_saxonica	N0.HOG0000432	1	0.0090498	expansion	main_model
Dolichovespula_saxonica	N0.HOG0000669	1	0.0090498	expansion	main_model
Dolichovespula_saxonica	N0.HOG0000803	1	0.0090498	expansion	main_model
Dolichovespula_saxonica	N0.HOG0000813	1	0.0090498	expansion	main_model
Dolichovespula_saxonica	N0.HOG0000930	1	0.0090498	expansion	main_model
Dolichovespula_saxonica	N0.HOG0000933	1	0.0090498	expansion	main_model
Dolichovespula_saxonica	N0.HOG0000938	1	0.0090498	expansion	main_model
Dolichovespula_saxonica	N0.HOG0000965	1	0.0090498	expansion	main_model
Dolichovespula_saxonica	N0.HOG0000968	1	0.0090498	expansion	main_model
Dolichovespula_saxonica	N0.HOG0001061	1	0.0090498	expansion	main_model
Dolichovespula_saxonica	N0.HOG0001147	1	0.0090498	expansion	main_model
Dolichovespula_saxonica	N0.HOG0001166	1	0.0090498	expansion	main_model
Dolichovespula_saxonica	N0.HOG0001171	1	0.0090498	expansion	main_model
Dolichovespula_saxonica	N0.HOG0001190	1	0.0090498	expansion	main_model
Dolichovespula_saxonica	N0.HOG0001278	1	0.0090498	expansion	main_model
Dolichovespula_saxonica	N0.HOG0001362	1	0.0090498	expansion	main_model
Dolichovespula_saxonica	N0.HOG0001480	1	0.0090498	expansion	main_model
Dolichovespula_saxonica	N0.HOG0001539	1	0.0090498	expansion	main_model
Dolichovespula_saxonica	N0.HOG0001622	1	0.0090498	expansion	main_model
Dolichovespula_saxonica	N0.HOG0001639	1	0.0090498	expansion	main_model
Dolichovespula_saxonica	N0.HOG0002075	1	0.0090498	expansion	main_model
Dolichovespula_saxonica	N0.HOG0002711	1	0.0090498	expansion	main_model
Dolichovespula_saxonica	N0.HOG0002800	1	0.0090498	expansion	main_model
Dolichovespula_saxonica	N0.HOG0002935	1	0.0090498	expansion	main_model
Dolichovespula_saxonica	N0.HOG0007019	1	0.0090498	expansion	main_model
Dolichovespula_saxonica	N0.HOG0007756	1	0.0090498	expansion	main_model
Dolichovespula_saxonica	N0.HOG0007850	1	0.0090498	expansion	main_model
Dolichovespula_saxonica	N0.HOG0008357	1	0.0090498	expansion	main_model
Dolichovespula_saxonica	N0.HOG0009059	1	0.0090498	expansion	main_model
Dolichovespula_saxonica	N0.HOG0009303	1	0.0090498	expansion	main_model
Dolichovespula_saxonica	N0.HOG0009331	1	0.0090498	expansion	main_model
Dolichovespula_saxonica	N0.HOG0000160	1	0.0180999	expansion	main_model
Dolichovespula_saxonica	N0.HOG0000249	1	0.0180999	expansion	main_model
Dolichovespula_saxonica	N0.HOG0000274	1	0.0180999	expansion	main_model
Dolichovespula_saxonica	N0.HOG0000283	1	0.0180999	expansion	main_model
Dolichovespula_saxonica	N0.HOG0000292	1	0.0180999	expansion	main_model
Dolichovespula_saxonica	N0.HOG0000346	1	0.0180999	expansion	main_model
Dolichovespula_saxonica	N0.HOG0000625	1	0.0180999	expansion	main_model
Dolichovespula_saxonica	N0.HOG0000644	1	0.0180999	expansion	main_model
Dolichovespula_saxonica	N0.HOG0000694	1	0.0180999	expansion	main_model
Dolichovespula_saxonica	N0.HOG0000732	1	0.0180999	expansion	main_model
Dolichovespula_saxonica	N0.HOG0000888	1	0.0180999	expansion	main_model
Dolichovespula_saxonica	N0.HOG0000889	1	0.0180999	expansion	main_model
Dolichovespula_saxonica	N0.HOG0000899	1	0.0180999	expansion	main_model
Dolichovespula_saxonica	N0.HOG0000947	1	0.0180999	expansion	main_model
Dolichovespula_saxonica	N0.HOG0000992	1	0.0180999	expansion	main_model
Dolichovespula_saxonica	N0.HOG0001002	1	0.0180999	expansion	main_model
Dolichovespula_saxonica	N0.HOG0001011	1	0.0180999	expansion	main_model
Dolichovespula_saxonica	N0.HOG0001069	1	0.0180999	expansion	main_model
Dolichovespula_saxonica	N0.HOG0001360	1	0.0180999	expansion	main_model
Dolichovespula_saxonica	N0.HOG0001383	1	0.0180999	expansion	main_model
Dolichovespula_saxonica	N0.HOG0001384	1	0.0180999	expansion	main_model
Dolichovespula_saxonica	N0.HOG0001592	1	0.0180999	expansion	main_model
Dolichovespula_saxonica	N0.HOG0001887	1	0.0180999	expansion	main_model
Dolichovespula_saxonica	N0.HOG0002326	1	0.0180999	expansion	main_model
Dolichovespula_saxonica	N0.HOG0008070	1	0.0180999	expansion	main_model
Dolichovespula_saxonica	N0.HOG0008883	1	0.0180999	expansion	main_model
Dolichovespula_saxonica	N0.HOG0000114	2	0.0260334	expansion	main_model
Dolichovespula_saxonica	N0.HOG0000008	-1	0.0268305	contraction	main_model
Dolichovespula_saxonica	N0.HOG0000037	-1	0.0268305	contraction	main_model
Dolichovespula_saxonica	N0.HOG0000046	-1	0.0268305	contraction	main_model
Dolichovespula_saxonica	N0.HOG0000051	-1	0.0268305	contraction	main_model
Dolichovespula_saxonica	N0.HOG0000087	-1	0.0268305	contraction	main_model
Dolichovespula_saxonica	N0.HOG0000233	-1	0.0268305	contraction	main_model
Dolichovespula_saxonica	N0.HOG0000264	-1	0.0268305	contraction	main_model
Dolichovespula_saxonica	N0.HOG0000373	-1	0.0268305	contraction	main_model
Dolichovespula_saxonica	N0.HOG0000766	-1	0.0268305	contraction	main_model
Dolichovespula_saxonica	N0.HOG0000862	-1	0.0268305	contraction	main_model
Dolichovespula_saxonica	N0.HOG0000872	-1	0.0268305	contraction	main_model
Dolichovespula_saxonica	N0.HOG0001035	-1	0.0268305	contraction	main_model
Dolichovespula_saxonica	N0.HOG0001400	-1	0.0268305	contraction	main_model
Dolichovespula_saxonica	N0.HOG0002034	-1	0.0268305	contraction	main_model
Dolichovespula_saxonica	N0.HOG0002155	-1	0.0268305	contraction	main_model
Dolichovespula_saxonica	N0.HOG0002557	-1	0.0268305	contraction	main_model
Dolichovespula_saxonica	N0.HOG0003304	-1	0.0268305	contraction	main_model
Dolichovespula_saxonica	N0.HOG0003712	-1	0.0268305	contraction	main_model
Dolichovespula_saxonica	N0.HOG0005492	-1	0.0268305	contraction	main_model
Dolichovespula_saxonica	N0.HOG0005762	-1	0.0268305	contraction	main_model
Dolichovespula_saxonica	N0.HOG0006869	-1	0.0268305	contraction	main_model
Dolichovespula_saxonica	N0.HOG0007186	-1	0.0268305	contraction	main_model
Dolichovespula_saxonica	N0.HOG0007446	-1	0.0268305	contraction	main_model
Dolichovespula_saxonica	N0.HOG0007679	-1	0.0268305	contraction	main_model
Dolichovespula_saxonica	N0.HOG0007749	-1	0.0268305	contraction	main_model
Dolichovespula_saxonica	N0.HOG0007844	-1	0.0268305	contraction	main_model
Dolichovespula_saxonica	N0.HOG0007927	-1	0.0268305	contraction	main_model
Dolichovespula_saxonica	N0.HOG0007968	-1	0.0268305	contraction	main_model
Dolichovespula_saxonica	N0.HOG0008039	-1	0.0268305	contraction	main_model
Dolichovespula_saxonica	N0.HOG0008157	-1	0.0268305	contraction	main_model
Dolichovespula_saxonica	N0.HOG0008329	-1	0.0268305	contraction	main_model
Dolichovespula_saxonica	N0.HOG0008381	-1	0.0268305	contraction	main_model
Dolichovespula_saxonica	N0.HOG0008408	-1	0.0268305	contraction	main_model
Dolichovespula_saxonica	N0.HOG0008430	-1	0.0268305	contraction	main_model
Dolichovespula_saxonica	N0.HOG0008435	-1	0.0268305	contraction	main_model
Dolichovespula_saxonica	N0.HOG0008438	-1	0.0268305	contraction	main_model
Dolichovespula_saxonica	N0.HOG0008448	-1	0.0268305	contraction	main_model
Dolichovespula_saxonica	N0.HOG0008465	-1	0.0268305	contraction	main_model
Dolichovespula_saxonica	N0.HOG0008472	-1	0.0268305	contraction	main_model
Dolichovespula_saxonica	N0.HOG0008528	-1	0.0268305	contraction	main_model
Dolichovespula_saxonica	N0.HOG0008585	-1	0.0268305	contraction	main_model
Dolichovespula_saxonica	N0.HOG0008620	-1	0.0268305	contraction	main_model
Dolichovespula_saxonica	N0.HOG0008630	-1	0.0268305	contraction	main_model
Dolichovespula_saxonica	N0.HOG0008632	-1	0.0268305	contraction	main_model
Dolichovespula_saxonica	N0.HOG0008634	-1	0.0268305	contraction	main_model
Dolichovespula_saxonica	N0.HOG0008668	-1	0.0268305	contraction	main_model
Dolichovespula_saxonica	N0.HOG0008711	-1	0.0268305	contraction	main_model
Dolichovespula_saxonica	N0.HOG0008712	-1	0.0268305	contraction	main_model
Dolichovespula_saxonica	N0.HOG0008742	-1	0.0268305	contraction	main_model
Dolichovespula_saxonica	N0.HOG0008811	-1	0.0268305	contraction	main_model
Dolichovespula_saxonica	N0.HOG0008817	-1	0.0268305	contraction	main_model
Dolichovespula_saxonica	N0.HOG0008829	-1	0.0268305	contraction	main_model
Dolichovespula_saxonica	N0.HOG0008843	-1	0.0268305	contraction	main_model
Dolichovespula_saxonica	N0.HOG0008879	-1	0.0268305	contraction	main_model
Dolichovespula_saxonica	N0.HOG0008885	-1	0.0268305	contraction	main_model
Dolichovespula_saxonica	N0.HOG0008894	-1	0.0268305	contraction	main_model
Dolichovespula_saxonica	N0.HOG0008918	-1	0.0268305	contraction	main_model
Dolichovespula_saxonica	N0.HOG0008952	-1	0.0268305	contraction	main_model
Dolichovespula_saxonica	N0.HOG0009000	-1	0.0268305	contraction	main_model
Dolichovespula_saxonica	N0.HOG0009045	-1	0.0268305	contraction	main_model
Dolichovespula_saxonica	N0.HOG0009068	-1	0.0268305	contraction	main_model
Dolichovespula_saxonica	N0.HOG0009081	-1	0.0268305	contraction	main_model
Dolichovespula_saxonica	N0.HOG0009127	-1	0.0268305	contraction	main_model
Dolichovespula_saxonica	N0.HOG0009153	-1	0.0268305	contraction	main_model
Dolichovespula_saxonica	N0.HOG0009169	-1	0.0268305	contraction	main_model
Dolichovespula_saxonica	N0.HOG0009209	-1	0.0268305	contraction	main_model
Dolichovespula_saxonica	N0.HOG0009352	-1	0.0268305	contraction	main_model
Dolichovespula_saxonica	N0.HOG0009397	-1	0.0268305	contraction	main_model
Dolichovespula_saxonica	N0.HOG0009401	-1	0.0268305	contraction	main_model
Dolichovespula_saxonica	N0.HOG0009431	-1	0.0268305	contraction	main_model
Dolichovespula_saxonica	N0.HOG0009523	-1	0.0268305	contraction	main_model
Dolichovespula_saxonica	N0.HOG0009537	-1	0.0268305	contraction	main_model
Dolichovespula_saxonica	N0.HOG0009567	-1	0.0268305	contraction	main_model
Dolichovespula_saxonica	N0.HOG0009777	-1	0.0268305	contraction	main_model
Dolichovespula_saxonica	N0.HOG0009823	-1	0.0268305	contraction	main_model
Dolichovespula_saxonica	N0.HOG0009834	-1	0.0268305	contraction	main_model
Dolichovespula_saxonica	N0.HOG0009844	-1	0.0268305	contraction	main_model
Dolichovespula_saxonica	N0.HOG0010006	-1	0.0268305	contraction	main_model
Dolichovespula_saxonica	N0.HOG0010041	-1	0.0268305	contraction	main_model
Dolichovespula_saxonica	N0.HOG0010046	-1	0.0268305	contraction	main_model
Dolichovespula_saxonica	N0.HOG0010124	-1	0.0268305	contraction	main_model
Dolichovespula_saxonica	N0.HOG0010168	-1	0.0268305	contraction	main_model
Dolichovespula_saxonica	N0.HOG0010524	-1	0.0268305	contraction	main_model
Dolichovespula_saxonica	N0.HOG0010528	-1	0.0268305	contraction	main_model
Dolichovespula_saxonica	N0.HOG0010547	-1	0.0268305	contraction	main_model
Dolichovespula_saxonica	N0.HOG0010791	-1	0.0268305	contraction	main_model
Dolichovespula_saxonica	N0.HOG0010817	-1	0.0268305	contraction	main_model
Dolichovespula_saxonica	N0.HOG0011244	-1	0.0268305	contraction	main_model
Dolichovespula_saxonica	N0.HOG0011472	-1	0.0268305	contraction	main_model
Dolichovespula_saxonica	N0.HOG0011508	-1	0.0268305	contraction	main_model
Dolichovespula_saxonica	N0.HOG0011956	-1	0.0268305	contraction	main_model
Dolichovespula_saxonica	N0.HOG0012856	-1	0.0268305	contraction	main_model
Dolichovespula_saxonica	N0.HOG0013479	-1	0.0268305	contraction	main_model
Dolichovespula_saxonica	N0.HOG0015316	-1	0.0268305	contraction	main_model
Dolichovespula_saxonica	N0.HOG0000211	1	0.0271358	expansion	main_model
Dolichovespula_saxonica	N0.HOG0000262	1	0.0271358	expansion	main_model
Dolichovespula_saxonica	N0.HOG0000667	1	0.0271358	expansion	main_model
Dolichovespula_saxonica	N0.HOG0001410	1	0.0271358	expansion	main_model
Dolichovespula_saxonica	N0.HOG0001667	1	0.0271358	expansion	main_model
Dolichovespula_saxonica	N0.HOG0000331	1	0.0361444	expansion	main_model
Dolichovespula_saxonica	N0.HOG0000163	1	0.0451139	expansion	main_model
Dolichovespula_sylvestris	N0.HOG0000044	-4	4.71744e-07	contraction	main_model
Dolichovespula_sylvestris	N0.HOG0000857	3	2.96662e-06	expansion	main_model
Dolichovespula_sylvestris	N0.HOG0000928	3	2.96662e-06	expansion	main_model
Dolichovespula_sylvestris	N0.HOG0000932	3	2.96662e-06	expansion	main_model
Dolichovespula_sylvestris	N0.HOG0001260	3	2.96662e-06	expansion	main_model
Dolichovespula_sylvestris	N0.HOG0000042	-4	4.55178e-06	contraction	main_model
Dolichovespula_sylvestris	N0.HOG0000999	3	1.15462e-05	expansion	main_model
Dolichovespula_sylvestris	N0.HOG0001482	-3	1.4901e-05	contraction	main_model
Dolichovespula_sylvestris	N0.HOG0000100	-3	3.45943e-05	contraction	main_model
Dolichovespula_sylvestris	N0.HOG0000762	2	0.000163851	expansion	main_model
Dolichovespula_sylvestris	N0.HOG0001081	2	0.000163851	expansion	main_model
Dolichovespula_sylvestris	N0.HOG0001353	2	0.000163851	expansion	main_model
Dolichovespula_sylvestris	N0.HOG0001777	2	0.000163851	expansion	main_model
Dolichovespula_sylvestris	N0.HOG0001815	2	0.000163851	expansion	main_model
Dolichovespula_sylvestris	N0.HOG0002153	2	0.000163851	expansion	main_model
Dolichovespula_sylvestris	N0.HOG0002539	2	0.000163851	expansion	main_model
Dolichovespula_sylvestris	N0.HOG0002661	2	0.000163851	expansion	main_model
Dolichovespula_sylvestris	N0.HOG0009903	2	0.000163851	expansion	main_model
Dolichovespula_sylvestris	N0.HOG0010685	2	0.000163851	expansion	main_model
Dolichovespula_sylvestris	N0.HOG0000103	-2	0.000186487	contraction	main_model
Dolichovespula_sylvestris	N0.HOG0000639	-2	0.000186487	contraction	main_model
Dolichovespula_sylvestris	N0.HOG0000670	-2	0.000186487	contraction	main_model
Dolichovespula_sylvestris	N0.HOG0000728	-2	0.000186487	contraction	main_model
Dolichovespula_sylvestris	N0.HOG0000947	-2	0.000186487	contraction	main_model
Dolichovespula_sylvestris	N0.HOG0001142	-2	0.000186487	contraction	main_model
Dolichovespula_sylvestris	N0.HOG0001360	-2	0.000186487	contraction	main_model
Dolichovespula_sylvestris	N0.HOG0001978	-2	0.000186487	contraction	main_model
Dolichovespula_sylvestris	N0.HOG0008070	-2	0.000186487	contraction	main_model
Dolichovespula_sylvestris	N0.HOG0008704	-2	0.000186487	contraction	main_model
Dolichovespula_sylvestris	N0.HOG0008883	-2	0.000186487	contraction	main_model
Dolichovespula_sylvestris	N0.HOG0000069	-3	0.000252579	contraction	main_model
Dolichovespula_sylvestris	N0.HOG0000269	-2	0.000534705	contraction	main_model
Dolichovespula_sylvestris	N0.HOG0000299	-2	0.000534705	contraction	main_model
Dolichovespula_sylvestris	N0.HOG0000114	-3	0.000615131	contraction	main_model
Dolichovespula_sylvestris	N0.HOG0001246	2	0.000807556	expansion	main_model
Dolichovespula_sylvestris	N0.HOG0007574	2	0.000807556	expansion	main_model
Dolichovespula_sylvestris	N0.HOG0000063	-2	0.00170538	contraction	main_model
Dolichovespula_sylvestris	N0.HOG0000163	-2	0.00170538	contraction	main_model
Dolichovespula_sylvestris	N0.HOG0000007	1	0.0090498	expansion	main_model
Dolichovespula_sylvestris	N0.HOG0000037	1	0.0090498	expansion	main_model
Dolichovespula_sylvestris	N0.HOG0000046	1	0.0090498	expansion	main_model
Dolichovespula_sylvestris	N0.HOG0000051	1	0.0090498	expansion	main_model
Dolichovespula_sylvestris	N0.HOG0000304	1	0.0090498	expansion	main_model
Dolichovespula_sylvestris	N0.HOG0000425	1	0.0090498	expansion	main_model
Dolichovespula_sylvestris	N0.HOG0000594	1	0.0090498	expansion	main_model
Dolichovespula_sylvestris	N0.HOG0000703	1	0.0090498	expansion	main_model
Dolichovespula_sylvestris	N0.HOG0000705	1	0.0090498	expansion	main_model
Dolichovespula_sylvestris	N0.HOG0000722	1	0.0090498	expansion	main_model
Dolichovespula_sylvestris	N0.HOG0000738	1	0.0090498	expansion	main_model
Dolichovespula_sylvestris	N0.HOG0000740	1	0.0090498	expansion	main_model
Dolichovespula_sylvestris	N0.HOG0000780	1	0.0090498	expansion	main_model
Dolichovespula_sylvestris	N0.HOG0000826	1	0.0090498	expansion	main_model
Dolichovespula_sylvestris	N0.HOG0000920	1	0.0090498	expansion	main_model
Dolichovespula_sylvestris	N0.HOG0000949	1	0.0090498	expansion	main_model
Dolichovespula_sylvestris	N0.HOG0000984	1	0.0090498	expansion	main_model
Dolichovespula_sylvestris	N0.HOG0000993	1	0.0090498	expansion	main_model
Dolichovespula_sylvestris	N0.HOG0001004	1	0.0090498	expansion	main_model
Dolichovespula_sylvestris	N0.HOG0001127	1	0.0090498	expansion	main_model
Dolichovespula_sylvestris	N0.HOG0001193	1	0.0090498	expansion	main_model
Dolichovespula_sylvestris	N0.HOG0001227	1	0.0090498	expansion	main_model
Dolichovespula_sylvestris	N0.HOG0001305	1	0.0090498	expansion	main_model
Dolichovespula_sylvestris	N0.HOG0001372	1	0.0090498	expansion	main_model
Dolichovespula_sylvestris	N0.HOG0001502	1	0.0090498	expansion	main_model
Dolichovespula_sylvestris	N0.HOG0001545	1	0.0090498	expansion	main_model
Dolichovespula_sylvestris	N0.HOG0001833	1	0.0090498	expansion	main_model
Dolichovespula_sylvestris	N0.HOG0001933	1	0.0090498	expansion	main_model
Dolichovespula_sylvestris	N0.HOG0002028	1	0.0090498	expansion	main_model
Dolichovespula_sylvestris	N0.HOG0002155	1	0.0090498	expansion	main_model
Dolichovespula_sylvestris	N0.HOG0002403	1	0.0090498	expansion	main_model
Dolichovespula_sylvestris	N0.HOG0002710	1	0.0090498	expansion	main_model
Dolichovespula_sylvestris	N0.HOG0002729	1	0.0090498	expansion	main_model
Dolichovespula_sylvestris	N0.HOG0006869	1	0.0090498	expansion	main_model
Dolichovespula_sylvestris	N0.HOG0007749	1	0.0090498	expansion	main_model
Dolichovespula_sylvestris	N0.HOG0007844	1	0.0090498	expansion	main_model
Dolichovespula_sylvestris	N0.HOG0009825	1	0.0090498	expansion	main_model
Dolichovespula_sylvestris	N0.HOG0000091	1	0.0180999	expansion	main_model
Dolichovespula_sylvestris	N0.HOG0000251	1	0.0180999	expansion	main_model
Dolichovespula_sylvestris	N0.HOG0000350	1	0.0180999	expansion	main_model
Dolichovespula_sylvestris	N0.HOG0000393	1	0.0180999	expansion	main_model
Dolichovespula_sylvestris	N0.HOG0000502	1	0.0180999	expansion	main_model
Dolichovespula_sylvestris	N0.HOG0000527	1	0.0180999	expansion	main_model
Dolichovespula_sylvestris	N0.HOG0000595	1	0.0180999	expansion	main_model
Dolichovespula_sylvestris	N0.HOG0000761	1	0.0180999	expansion	main_model
Dolichovespula_sylvestris	N0.HOG0000774	1	0.0180999	expansion	main_model
Dolichovespula_sylvestris	N0.HOG0000796	1	0.0180999	expansion	main_model
Dolichovespula_sylvestris	N0.HOG0000881	1	0.0180999	expansion	main_model
Dolichovespula_sylvestris	N0.HOG0000909	1	0.0180999	expansion	main_model
Dolichovespula_sylvestris	N0.HOG0001161	1	0.0180999	expansion	main_model
Dolichovespula_sylvestris	N0.HOG0000053	-1	0.0268305	contraction	main_model
Dolichovespula_sylvestris	N0.HOG0000186	-1	0.0268305	contraction	main_model
Dolichovespula_sylvestris	N0.HOG0000187	-1	0.0268305	contraction	main_model
Dolichovespula_sylvestris	N0.HOG0000333	-1	0.0268305	contraction	main_model
Dolichovespula_sylvestris	N0.HOG0000358	-1	0.0268305	contraction	main_model
Dolichovespula_sylvestris	N0.HOG0000660	-1	0.0268305	contraction	main_model
Dolichovespula_sylvestris	N0.HOG0000690	-1	0.0268305	contraction	main_model
Dolichovespula_sylvestris	N0.HOG0000792	-1	0.0268305	contraction	main_model
Dolichovespula_sylvestris	N0.HOG0000843	-1	0.0268305	contraction	main_model
Dolichovespula_sylvestris	N0.HOG0000884	-1	0.0268305	contraction	main_model
Dolichovespula_sylvestris	N0.HOG0000941	-1	0.0268305	contraction	main_model
Dolichovespula_sylvestris	N0.HOG0000944	-1	0.0268305	contraction	main_model
Dolichovespula_sylvestris	N0.HOG0000955	-1	0.0268305	contraction	main_model
Dolichovespula_sylvestris	N0.HOG0000962	-1	0.0268305	contraction	main_model
Dolichovespula_sylvestris	N0.HOG0001091	-1	0.0268305	contraction	main_model
Dolichovespula_sylvestris	N0.HOG0001118	-1	0.0268305	contraction	main_model
Dolichovespula_sylvestris	N0.HOG0001171	-1	0.0268305	contraction	main_model
Dolichovespula_sylvestris	N0.HOG0001241	-1	0.0268305	contraction	main_model
Dolichovespula_sylvestris	N0.HOG0001294	-1	0.0268305	contraction	main_model
Dolichovespula_sylvestris	N0.HOG0001295	-1	0.0268305	contraction	main_model
Dolichovespula_sylvestris	N0.HOG0001362	-1	0.0268305	contraction	main_model
Dolichovespula_sylvestris	N0.HOG0001423	-1	0.0268305	contraction	main_model
Dolichovespula_sylvestris	N0.HOG0001521	-1	0.0268305	contraction	main_model
Dolichovespula_sylvestris	N0.HOG0001639	-1	0.0268305	contraction	main_model
Dolichovespula_sylvestris	N0.HOG0001696	-1	0.0268305	contraction	main_model
Dolichovespula_sylvestris	N0.HOG0001725	-1	0.0268305	contraction	main_model
Dolichovespula_sylvestris	N0.HOG0001931	-1	0.0268305	contraction	main_model
Dolichovespula_sylvestris	N0.HOG0002036	-1	0.0268305	contraction	main_model
Dolichovespula_sylvestris	N0.HOG0002065	-1	0.0268305	contraction	main_model
Dolichovespula_sylvestris	N0.HOG0002071	-1	0.0268305	contraction	main_model
Dolichovespula_sylvestris	N0.HOG0002173	-1	0.0268305	contraction	main_model
Dolichovespula_sylvestris	N0.HOG0002365	-1	0.0268305	contraction	main_model
Dolichovespula_sylvestris	N0.HOG0002505	-1	0.0268305	contraction	main_model
Dolichovespula_sylvestris	N0.HOG0002562	-1	0.0268305	contraction	main_model
Dolichovespula_sylvestris	N0.HOG0002800	-1	0.0268305	contraction	main_model
Dolichovespula_sylvestris	N0.HOG0002932	-1	0.0268305	contraction	main_model
Dolichovespula_sylvestris	N0.HOG0002935	-1	0.0268305	contraction	main_model
Dolichovespula_sylvestris	N0.HOG0002950	-1	0.0268305	contraction	main_model
Dolichovespula_sylvestris	N0.HOG0006530	-1	0.0268305	contraction	main_model
Dolichovespula_sylvestris	N0.HOG0006728	-1	0.0268305	contraction	main_model
Dolichovespula_sylvestris	N0.HOG0006779	-1	0.0268305	contraction	main_model
Dolichovespula_sylvestris	N0.HOG0007131	-1	0.0268305	contraction	main_model
Dolichovespula_sylvestris	N0.HOG0007399	-1	0.0268305	contraction	main_model
Dolichovespula_sylvestris	N0.HOG0007409	-1	0.0268305	contraction	main_model
Dolichovespula_sylvestris	N0.HOG0007744	-1	0.0268305	contraction	main_model
Dolichovespula_sylvestris	N0.HOG0007756	-1	0.0268305	contraction	main_model
Dolichovespula_sylvestris	N0.HOG0007854	-1	0.0268305	contraction	main_model
Dolichovespula_sylvestris	N0.HOG0008169	-1	0.0268305	contraction	main_model
Dolichovespula_sylvestris	N0.HOG0008219	-1	0.0268305	contraction	main_model
Dolichovespula_sylvestris	N0.HOG0008231	-1	0.0268305	contraction	main_model
Dolichovespula_sylvestris	N0.HOG0008244	-1	0.0268305	contraction	main_model
Dolichovespula_sylvestris	N0.HOG0008277	-1	0.0268305	contraction	main_model
Dolichovespula_sylvestris	N0.HOG0008292	-1	0.0268305	contraction	main_model
Dolichovespula_sylvestris	N0.HOG0008343	-1	0.0268305	contraction	main_model
Dolichovespula_sylvestris	N0.HOG0008357	-1	0.0268305	contraction	main_model
Dolichovespula_sylvestris	N0.HOG0008499	-1	0.0268305	contraction	main_model
Dolichovespula_sylvestris	N0.HOG0008525	-1	0.0268305	contraction	main_model
Dolichovespula_sylvestris	N0.HOG0008545	-1	0.0268305	contraction	main_model
Dolichovespula_sylvestris	N0.HOG0008556	-1	0.0268305	contraction	main_model
Dolichovespula_sylvestris	N0.HOG0008604	-1	0.0268305	contraction	main_model
Dolichovespula_sylvestris	N0.HOG0008614	-1	0.0268305	contraction	main_model
Dolichovespula_sylvestris	N0.HOG0008622	-1	0.0268305	contraction	main_model
Dolichovespula_sylvestris	N0.HOG0008646	-1	0.0268305	contraction	main_model
Dolichovespula_sylvestris	N0.HOG0008647	-1	0.0268305	contraction	main_model
Dolichovespula_sylvestris	N0.HOG0008670	-1	0.0268305	contraction	main_model
Dolichovespula_sylvestris	N0.HOG0008681	-1	0.0268305	contraction	main_model
Dolichovespula_sylvestris	N0.HOG0008724	-1	0.0268305	contraction	main_model
Dolichovespula_sylvestris	N0.HOG0008757	-1	0.0268305	contraction	main_model
Dolichovespula_sylvestris	N0.HOG0008777	-1	0.0268305	contraction	main_model
Dolichovespula_sylvestris	N0.HOG0008780	-1	0.0268305	contraction	main_model
Dolichovespula_sylvestris	N0.HOG0008800	-1	0.0268305	contraction	main_model
Dolichovespula_sylvestris	N0.HOG0008813	-1	0.0268305	contraction	main_model
Dolichovespula_sylvestris	N0.HOG0008828	-1	0.0268305	contraction	main_model
Dolichovespula_sylvestris	N0.HOG0008851	-1	0.0268305	contraction	main_model
Dolichovespula_sylvestris	N0.HOG0008861	-1	0.0268305	contraction	main_model
Dolichovespula_sylvestris	N0.HOG0008870	-1	0.0268305	contraction	main_model
Dolichovespula_sylvestris	N0.HOG0008915	-1	0.0268305	contraction	main_model
Dolichovespula_sylvestris	N0.HOG0008939	-1	0.0268305	contraction	main_model
Dolichovespula_sylvestris	N0.HOG0008956	-1	0.0268305	contraction	main_model
Dolichovespula_sylvestris	N0.HOG0008989	-1	0.0268305	contraction	main_model
Dolichovespula_sylvestris	N0.HOG0008997	-1	0.0268305	contraction	main_model
Dolichovespula_sylvestris	N0.HOG0009021	-1	0.0268305	contraction	main_model
Dolichovespula_sylvestris	N0.HOG0009042	-1	0.0268305	contraction	main_model
Dolichovespula_sylvestris	N0.HOG0009083	-1	0.0268305	contraction	main_model
Dolichovespula_sylvestris	N0.HOG0009109	-1	0.0268305	contraction	main_model
Dolichovespula_sylvestris	N0.HOG0009111	-1	0.0268305	contraction	main_model
Dolichovespula_sylvestris	N0.HOG0009118	-1	0.0268305	contraction	main_model
Dolichovespula_sylvestris	N0.HOG0009129	-1	0.0268305	contraction	main_model
Dolichovespula_sylvestris	N0.HOG0009198	-1	0.0268305	contraction	main_model
Dolichovespula_sylvestris	N0.HOG0009232	-1	0.0268305	contraction	main_model
Dolichovespula_sylvestris	N0.HOG0009276	-1	0.0268305	contraction	main_model
Dolichovespula_sylvestris	N0.HOG0009285	-1	0.0268305	contraction	main_model
Dolichovespula_sylvestris	N0.HOG0009288	-1	0.0268305	contraction	main_model
Dolichovespula_sylvestris	N0.HOG0009303	-1	0.0268305	contraction	main_model
Dolichovespula_sylvestris	N0.HOG0009331	-1	0.0268305	contraction	main_model
Dolichovespula_sylvestris	N0.HOG0009350	-1	0.0268305	contraction	main_model
Dolichovespula_sylvestris	N0.HOG0009351	-1	0.0268305	contraction	main_model
Dolichovespula_sylvestris	N0.HOG0009391	-1	0.0268305	contraction	main_model
Dolichovespula_sylvestris	N0.HOG0009428	-1	0.0268305	contraction	main_model
Dolichovespula_sylvestris	N0.HOG0009481	-1	0.0268305	contraction	main_model
Dolichovespula_sylvestris	N0.HOG0009533	-1	0.0268305	contraction	main_model
Dolichovespula_sylvestris	N0.HOG0009548	-1	0.0268305	contraction	main_model
Dolichovespula_sylvestris	N0.HOG0009549	-1	0.0268305	contraction	main_model
Dolichovespula_sylvestris	N0.HOG0009558	-1	0.0268305	contraction	main_model
Dolichovespula_sylvestris	N0.HOG0009561	-1	0.0268305	contraction	main_model
Dolichovespula_sylvestris	N0.HOG0009574	-1	0.0268305	contraction	main_model
Dolichovespula_sylvestris	N0.HOG0009661	-1	0.0268305	contraction	main_model
Dolichovespula_sylvestris	N0.HOG0009667	-1	0.0268305	contraction	main_model
Dolichovespula_sylvestris	N0.HOG0009672	-1	0.0268305	contraction	main_model
Dolichovespula_sylvestris	N0.HOG0009692	-1	0.0268305	contraction	main_model
Dolichovespula_sylvestris	N0.HOG0009708	-1	0.0268305	contraction	main_model
Dolichovespula_sylvestris	N0.HOG0009794	-1	0.0268305	contraction	main_model
Dolichovespula_sylvestris	N0.HOG0009857	-1	0.0268305	contraction	main_model
Dolichovespula_sylvestris	N0.HOG0009907	-1	0.0268305	contraction	main_model
Dolichovespula_sylvestris	N0.HOG0009915	-1	0.0268305	contraction	main_model
Dolichovespula_sylvestris	N0.HOG0009942	-1	0.0268305	contraction	main_model
Dolichovespula_sylvestris	N0.HOG0009977	-1	0.0268305	contraction	main_model
Dolichovespula_sylvestris	N0.HOG0010011	-1	0.0268305	contraction	main_model
Dolichovespula_sylvestris	N0.HOG0010017	-1	0.0268305	contraction	main_model
Dolichovespula_sylvestris	N0.HOG0010020	-1	0.0268305	contraction	main_model
Dolichovespula_sylvestris	N0.HOG0010028	-1	0.0268305	contraction	main_model
Dolichovespula_sylvestris	N0.HOG0010065	-1	0.0268305	contraction	main_model
Dolichovespula_sylvestris	N0.HOG0010095	-1	0.0268305	contraction	main_model
Dolichovespula_sylvestris	N0.HOG0010133	-1	0.0268305	contraction	main_model
Dolichovespula_sylvestris	N0.HOG0010181	-1	0.0268305	contraction	main_model
Dolichovespula_sylvestris	N0.HOG0010189	-1	0.0268305	contraction	main_model
Dolichovespula_sylvestris	N0.HOG0010286	-1	0.0268305	contraction	main_model
Dolichovespula_sylvestris	N0.HOG0010294	-1	0.0268305	contraction	main_model
Dolichovespula_sylvestris	N0.HOG0010401	-1	0.0268305	contraction	main_model
Dolichovespula_sylvestris	N0.HOG0010467	-1	0.0268305	contraction	main_model
Dolichovespula_sylvestris	N0.HOG0010566	-1	0.0268305	contraction	main_model
Dolichovespula_sylvestris	N0.HOG0010619	-1	0.0268305	contraction	main_model
Dolichovespula_sylvestris	N0.HOG0010621	-1	0.0268305	contraction	main_model
Dolichovespula_sylvestris	N0.HOG0010696	-1	0.0268305	contraction	main_model
Dolichovespula_sylvestris	N0.HOG0010772	-1	0.0268305	contraction	main_model
Dolichovespula_sylvestris	N0.HOG0010866	-1	0.0268305	contraction	main_model
Dolichovespula_sylvestris	N0.HOG0010971	-1	0.0268305	contraction	main_model
Dolichovespula_sylvestris	N0.HOG0011073	-1	0.0268305	contraction	main_model
Dolichovespula_sylvestris	N0.HOG0011218	-1	0.0268305	contraction	main_model
Dolichovespula_sylvestris	N0.HOG0011475	-1	0.0268305	contraction	main_model
Dolichovespula_sylvestris	N0.HOG0011661	-1	0.0268305	contraction	main_model
Dolichovespula_sylvestris	N0.HOG0012652	-1	0.0268305	contraction	main_model
Dolichovespula_sylvestris	N0.HOG0013281	-1	0.0268305	contraction	main_model
Dolichovespula_sylvestris	N0.HOG0016956	-1	0.0268305	contraction	main_model
Dolichovespula_sylvestris	N0.HOG0016968	-1	0.0268305	contraction	main_model
Dolichovespula_sylvestris	N0.HOG0018187	-1	0.0268305	contraction	main_model
Dolichovespula_sylvestris	N0.HOG0000090	1	0.0361444	expansion	main_model
Dolichovespula_sylvestris	N0.HOG0000442	1	0.0361444	expansion	main_model
Dolichovespula_sylvestris	N0.HOG0000028	1	0.0451139	expansion	main_model
Dolichovespula_sylvestris	N0.HOG0000162	1	0.0451139	expansion	main_model
Dolichovespula_sylvestris	N0.HOG0009534	1	0.0451139	expansion	main_model
Mischocyttarus_mexicanus	N0.HOG0010179	16	5.84444e-22	expansion	main_model
Mischocyttarus_mexicanus	N0.HOG0001933	14	3.29933e-18	expansion	main_model
Mischocyttarus_mexicanus	N0.HOG0000046	12	3.90048e-13	expansion	main_model
Mischocyttarus_mexicanus	N0.HOG0000742	7	2.54344e-09	expansion	main_model
Mischocyttarus_mexicanus	N0.HOG0000179	8	5.9316e-09	expansion	main_model
Mischocyttarus_mexicanus	N0.HOG0001134	6	7.05875e-09	expansion	main_model
Mischocyttarus_mexicanus	N0.HOG0001193	5	1.43524e-07	expansion	main_model
Mischocyttarus_mexicanus	N0.HOG0001455	5	1.43524e-07	expansion	main_model
Mischocyttarus_mexicanus	N0.HOG0000639	6	1.66494e-07	expansion	main_model
Mischocyttarus_mexicanus	N0.HOG0000983	4	2.91826e-06	expansion	main_model
Mischocyttarus_mexicanus	N0.HOG0001011	4	2.91826e-06	expansion	main_model
Mischocyttarus_mexicanus	N0.HOG0001025	4	2.91826e-06	expansion	main_model
Mischocyttarus_mexicanus	N0.HOG0001235	4	2.91826e-06	expansion	main_model
Mischocyttarus_mexicanus	N0.HOG0001343	4	2.91826e-06	expansion	main_model
Mischocyttarus_mexicanus	N0.HOG0001460	4	2.91826e-06	expansion	main_model
Mischocyttarus_mexicanus	N0.HOG0001693	4	2.91826e-06	expansion	main_model
Mischocyttarus_mexicanus	N0.HOG0002462	4	2.91826e-06	expansion	main_model
Mischocyttarus_mexicanus	N0.HOG0009331	4	2.91826e-06	expansion	main_model
Mischocyttarus_mexicanus	N0.HOG0000228	5	1.32926e-05	expansion	main_model
Mischocyttarus_mexicanus	N0.HOG0000160	4	1.34656e-05	expansion	main_model
Mischocyttarus_mexicanus	N0.HOG0000349	4	1.34656e-05	expansion	main_model
Mischocyttarus_mexicanus	N0.HOG0000590	4	1.34656e-05	expansion	main_model
Mischocyttarus_mexicanus	N0.HOG0000826	4	1.34656e-05	expansion	main_model
Mischocyttarus_mexicanus	N0.HOG0000770	5	2.55765e-05	expansion	main_model
Mischocyttarus_mexicanus	N0.HOG0000159	4	3.73172e-05	expansion	main_model
Mischocyttarus_mexicanus	N0.HOG0000182	4	3.73172e-05	expansion	main_model
Mischocyttarus_mexicanus	N0.HOG0000722	3	5.93366e-05	expansion	main_model
Mischocyttarus_mexicanus	N0.HOG0000790	3	5.93366e-05	expansion	main_model
Mischocyttarus_mexicanus	N0.HOG0000857	3	5.93366e-05	expansion	main_model
Mischocyttarus_mexicanus	N0.HOG0000882	3	5.93366e-05	expansion	main_model
Mischocyttarus_mexicanus	N0.HOG0000930	3	5.93366e-05	expansion	main_model
Mischocyttarus_mexicanus	N0.HOG0000938	3	5.93366e-05	expansion	main_model
Mischocyttarus_mexicanus	N0.HOG0000945	3	5.93366e-05	expansion	main_model
Mischocyttarus_mexicanus	N0.HOG0001145	3	5.93366e-05	expansion	main_model
Mischocyttarus_mexicanus	N0.HOG0001208	3	5.93366e-05	expansion	main_model
Mischocyttarus_mexicanus	N0.HOG0001233	3	5.93366e-05	expansion	main_model
Mischocyttarus_mexicanus	N0.HOG0001243	3	5.93366e-05	expansion	main_model
Mischocyttarus_mexicanus	N0.HOG0001295	3	5.93366e-05	expansion	main_model
Mischocyttarus_mexicanus	N0.HOG0001424	3	5.93366e-05	expansion	main_model
Mischocyttarus_mexicanus	N0.HOG0001502	3	5.93366e-05	expansion	main_model
Mischocyttarus_mexicanus	N0.HOG0001545	3	5.93366e-05	expansion	main_model
Mischocyttarus_mexicanus	N0.HOG0001546	3	5.93366e-05	expansion	main_model
Mischocyttarus_mexicanus	N0.HOG0001578	3	5.93366e-05	expansion	main_model
Mischocyttarus_mexicanus	N0.HOG0001672	3	5.93366e-05	expansion	main_model
Mischocyttarus_mexicanus	N0.HOG0001811	3	5.93366e-05	expansion	main_model
Mischocyttarus_mexicanus	N0.HOG0001833	3	5.93366e-05	expansion	main_model
Mischocyttarus_mexicanus	N0.HOG0002852	3	5.93366e-05	expansion	main_model
Mischocyttarus_mexicanus	N0.HOG0006779	3	5.93366e-05	expansion	main_model
Mischocyttarus_mexicanus	N0.HOG0000098	5	7.66599e-05	expansion	main_model
Mischocyttarus_mexicanus	N0.HOG0000740	3	0.000220151	expansion	main_model
Mischocyttarus_mexicanus	N0.HOG0001150	3	0.000220151	expansion	main_model
Mischocyttarus_mexicanus	N0.HOG0001230	3	0.000220151	expansion	main_model
Mischocyttarus_mexicanus	N0.HOG0001566	3	0.000220151	expansion	main_model
Mischocyttarus_mexicanus	N0.HOG0000322	3	0.000630072	expansion	main_model
Mischocyttarus_mexicanus	N0.HOG0000055	-3	0.000787566	contraction	main_model
Mischocyttarus_mexicanus	N0.HOG0000063	-3	0.000787566	contraction	main_model
Mischocyttarus_mexicanus	N0.HOG0000040	4	0.000847933	expansion	main_model
Mischocyttarus_mexicanus	N0.HOG0000264	2	0.00120648	expansion	main_model
Mischocyttarus_mexicanus	N0.HOG0000694	2	0.00120648	expansion	main_model
Mischocyttarus_mexicanus	N0.HOG0000774	2	0.00120648	expansion	main_model
Mischocyttarus_mexicanus	N0.HOG0000813	2	0.00120648	expansion	main_model
Mischocyttarus_mexicanus	N0.HOG0000850	2	0.00120648	expansion	main_model
Mischocyttarus_mexicanus	N0.HOG0000888	2	0.00120648	expansion	main_model
Mischocyttarus_mexicanus	N0.HOG0000933	2	0.00120648	expansion	main_model
Mischocyttarus_mexicanus	N0.HOG0000948	2	0.00120648	expansion	main_model
Mischocyttarus_mexicanus	N0.HOG0000969	2	0.00120648	expansion	main_model
Mischocyttarus_mexicanus	N0.HOG0001004	2	0.00120648	expansion	main_model
Mischocyttarus_mexicanus	N0.HOG0001010	2	0.00120648	expansion	main_model
Mischocyttarus_mexicanus	N0.HOG0001099	2	0.00120648	expansion	main_model
Mischocyttarus_mexicanus	N0.HOG0001114	2	0.00120648	expansion	main_model
Mischocyttarus_mexicanus	N0.HOG0001136	2	0.00120648	expansion	main_model
Mischocyttarus_mexicanus	N0.HOG0001147	2	0.00120648	expansion	main_model
Mischocyttarus_mexicanus	N0.HOG0001168	2	0.00120648	expansion	main_model
Mischocyttarus_mexicanus	N0.HOG0001173	2	0.00120648	expansion	main_model
Mischocyttarus_mexicanus	N0.HOG0001187	2	0.00120648	expansion	main_model
Mischocyttarus_mexicanus	N0.HOG0001274	2	0.00120648	expansion	main_model
Mischocyttarus_mexicanus	N0.HOG0001310	2	0.00120648	expansion	main_model
Mischocyttarus_mexicanus	N0.HOG0001314	2	0.00120648	expansion	main_model
Mischocyttarus_mexicanus	N0.HOG0001380	2	0.00120648	expansion	main_model
Mischocyttarus_mexicanus	N0.HOG0001390	2	0.00120648	expansion	main_model
Mischocyttarus_mexicanus	N0.HOG0001402	2	0.00120648	expansion	main_model
Mischocyttarus_mexicanus	N0.HOG0001445	2	0.00120648	expansion	main_model
Mischocyttarus_mexicanus	N0.HOG0001449	2	0.00120648	expansion	main_model
Mischocyttarus_mexicanus	N0.HOG0001452	2	0.00120648	expansion	main_model
Mischocyttarus_mexicanus	N0.HOG0001476	2	0.00120648	expansion	main_model
Mischocyttarus_mexicanus	N0.HOG0001488	2	0.00120648	expansion	main_model
Mischocyttarus_mexicanus	N0.HOG0001521	2	0.00120648	expansion	main_model
Mischocyttarus_mexicanus	N0.HOG0001539	2	0.00120648	expansion	main_model
Mischocyttarus_mexicanus	N0.HOG0001547	2	0.00120648	expansion	main_model
Mischocyttarus_mexicanus	N0.HOG0001721	2	0.00120648	expansion	main_model
Mischocyttarus_mexicanus	N0.HOG0001989	2	0.00120648	expansion	main_model
Mischocyttarus_mexicanus	N0.HOG0002711	2	0.00120648	expansion	main_model
Mischocyttarus_mexicanus	N0.HOG0002932	2	0.00120648	expansion	main_model
Mischocyttarus_mexicanus	N0.HOG0004363	2	0.00120648	expansion	main_model
Mischocyttarus_mexicanus	N0.HOG0006458	2	0.00120648	expansion	main_model
Mischocyttarus_mexicanus	N0.HOG0006640	2	0.00120648	expansion	main_model
Mischocyttarus_mexicanus	N0.HOG0007019	2	0.00120648	expansion	main_model
Mischocyttarus_mexicanus	N0.HOG0007781	2	0.00120648	expansion	main_model
Mischocyttarus_mexicanus	N0.HOG0008861	2	0.00120648	expansion	main_model
Mischocyttarus_mexicanus	N0.HOG0009789	2	0.00120648	expansion	main_model
Mischocyttarus_mexicanus	N0.HOG0000211	3	0.00138645	expansion	main_model
Mischocyttarus_mexicanus	N0.HOG0000253	-2	0.00162428	contraction	main_model
Mischocyttarus_mexicanus	N0.HOG0000643	-2	0.00162428	contraction	main_model
Mischocyttarus_mexicanus	N0.HOG0001531	-2	0.00162428	contraction	main_model
Mischocyttarus_mexicanus	N0.HOG0000029	4	0.00177675	expansion	main_model
Mischocyttarus_mexicanus	N0.HOG0001179	-2	0.00435146	contraction	main_model
Mischocyttarus_mexicanus	N0.HOG0000066	2	0.00580439	expansion	main_model
Mischocyttarus_mexicanus	N0.HOG0000145	2	0.00580439	expansion	main_model
Mischocyttarus_mexicanus	N0.HOG0000241	2	0.00580439	expansion	main_model
Mischocyttarus_mexicanus	N0.HOG0000531	2	0.00580439	expansion	main_model
Mischocyttarus_mexicanus	N0.HOG0000711	2	0.00580439	expansion	main_model
Mischocyttarus_mexicanus	N0.HOG0000765	2	0.00580439	expansion	main_model
Mischocyttarus_mexicanus	N0.HOG0000792	2	0.00580439	expansion	main_model
Mischocyttarus_mexicanus	N0.HOG0000796	2	0.00580439	expansion	main_model
Mischocyttarus_mexicanus	N0.HOG0000834	2	0.00580439	expansion	main_model
Mischocyttarus_mexicanus	N0.HOG0000836	2	0.00580439	expansion	main_model
Mischocyttarus_mexicanus	N0.HOG0000889	2	0.00580439	expansion	main_model
Mischocyttarus_mexicanus	N0.HOG0000894	2	0.00580439	expansion	main_model
Mischocyttarus_mexicanus	N0.HOG0000898	2	0.00580439	expansion	main_model
Mischocyttarus_mexicanus	N0.HOG0000932	2	0.00580439	expansion	main_model
Mischocyttarus_mexicanus	N0.HOG0001043	2	0.00580439	expansion	main_model
Mischocyttarus_mexicanus	N0.HOG0000059	-2	0.0128068	contraction	main_model
Mischocyttarus_mexicanus	N0.HOG0000163	2	0.0130221	expansion	main_model
Mischocyttarus_mexicanus	N0.HOG0000203	2	0.0130221	expansion	main_model
Mischocyttarus_mexicanus	N0.HOG0000222	2	0.0130221	expansion	main_model
Mischocyttarus_mexicanus	N0.HOG0000224	2	0.0130221	expansion	main_model
Mischocyttarus_mexicanus	N0.HOG0000269	2	0.0130221	expansion	main_model
Mischocyttarus_mexicanus	N0.HOG0000299	2	0.0130221	expansion	main_model
Mischocyttarus_mexicanus	N0.HOG0000161	2	0.0222359	expansion	main_model
Mischocyttarus_mexicanus	N0.HOG0000201	2	0.0222359	expansion	main_model
Mischocyttarus_mexicanus	N0.HOG0000283	1	0.0245313	expansion	main_model
Mischocyttarus_mexicanus	N0.HOG0000358	1	0.0245313	expansion	main_model
Mischocyttarus_mexicanus	N0.HOG0000660	1	0.0245313	expansion	main_model
Mischocyttarus_mexicanus	N0.HOG0000669	1	0.0245313	expansion	main_model
Mischocyttarus_mexicanus	N0.HOG0000761	1	0.0245313	expansion	main_model
Mischocyttarus_mexicanus	N0.HOG0000762	1	0.0245313	expansion	main_model
Mischocyttarus_mexicanus	N0.HOG0000787	1	0.0245313	expansion	main_model
Mischocyttarus_mexicanus	N0.HOG0000820	1	0.0245313	expansion	main_model
Mischocyttarus_mexicanus	N0.HOG0000842	1	0.0245313	expansion	main_model
Mischocyttarus_mexicanus	N0.HOG0000843	1	0.0245313	expansion	main_model
Mischocyttarus_mexicanus	N0.HOG0000844	1	0.0245313	expansion	main_model
Mischocyttarus_mexicanus	N0.HOG0000846	1	0.0245313	expansion	main_model
Mischocyttarus_mexicanus	N0.HOG0000899	1	0.0245313	expansion	main_model
Mischocyttarus_mexicanus	N0.HOG0000900	1	0.0245313	expansion	main_model
Mischocyttarus_mexicanus	N0.HOG0000911	1	0.0245313	expansion	main_model
Mischocyttarus_mexicanus	N0.HOG0000939	1	0.0245313	expansion	main_model
Mischocyttarus_mexicanus	N0.HOG0000941	1	0.0245313	expansion	main_model
Mischocyttarus_mexicanus	N0.HOG0000944	1	0.0245313	expansion	main_model
Mischocyttarus_mexicanus	N0.HOG0000964	1	0.0245313	expansion	main_model
Mischocyttarus_mexicanus	N0.HOG0000981	1	0.0245313	expansion	main_model
Mischocyttarus_mexicanus	N0.HOG0000993	1	0.0245313	expansion	main_model
Mischocyttarus_mexicanus	N0.HOG0000996	1	0.0245313	expansion	main_model
Mischocyttarus_mexicanus	N0.HOG0001002	1	0.0245313	expansion	main_model
Mischocyttarus_mexicanus	N0.HOG0001024	1	0.0245313	expansion	main_model
Mischocyttarus_mexicanus	N0.HOG0001026	1	0.0245313	expansion	main_model
Mischocyttarus_mexicanus	N0.HOG0001027	1	0.0245313	expansion	main_model
Mischocyttarus_mexicanus	N0.HOG0001030	1	0.0245313	expansion	main_model
Mischocyttarus_mexicanus	N0.HOG0001036	1	0.0245313	expansion	main_model
Mischocyttarus_mexicanus	N0.HOG0001061	1	0.0245313	expansion	main_model
Mischocyttarus_mexicanus	N0.HOG0001067	1	0.0245313	expansion	main_model
Mischocyttarus_mexicanus	N0.HOG0001108	1	0.0245313	expansion	main_model
Mischocyttarus_mexicanus	N0.HOG0001126	1	0.0245313	expansion	main_model
Mischocyttarus_mexicanus	N0.HOG0001181	1	0.0245313	expansion	main_model
Mischocyttarus_mexicanus	N0.HOG0001185	1	0.0245313	expansion	main_model
Mischocyttarus_mexicanus	N0.HOG0001190	1	0.0245313	expansion	main_model
Mischocyttarus_mexicanus	N0.HOG0001203	1	0.0245313	expansion	main_model
Mischocyttarus_mexicanus	N0.HOG0001207	1	0.0245313	expansion	main_model
Mischocyttarus_mexicanus	N0.HOG0001227	1	0.0245313	expansion	main_model
Mischocyttarus_mexicanus	N0.HOG0001236	1	0.0245313	expansion	main_model
Mischocyttarus_mexicanus	N0.HOG0001240	1	0.0245313	expansion	main_model
Mischocyttarus_mexicanus	N0.HOG0001248	1	0.0245313	expansion	main_model
Mischocyttarus_mexicanus	N0.HOG0001259	1	0.0245313	expansion	main_model
Mischocyttarus_mexicanus	N0.HOG0001264	1	0.0245313	expansion	main_model
Mischocyttarus_mexicanus	N0.HOG0001267	1	0.0245313	expansion	main_model
Mischocyttarus_mexicanus	N0.HOG0001277	1	0.0245313	expansion	main_model
Mischocyttarus_mexicanus	N0.HOG0001278	1	0.0245313	expansion	main_model
Mischocyttarus_mexicanus	N0.HOG0001297	1	0.0245313	expansion	main_model
Mischocyttarus_mexicanus	N0.HOG0001332	1	0.0245313	expansion	main_model
Mischocyttarus_mexicanus	N0.HOG0001352	1	0.0245313	expansion	main_model
Mischocyttarus_mexicanus	N0.HOG0001353	1	0.0245313	expansion	main_model
Mischocyttarus_mexicanus	N0.HOG0001362	1	0.0245313	expansion	main_model
Mischocyttarus_mexicanus	N0.HOG0001372	1	0.0245313	expansion	main_model
Mischocyttarus_mexicanus	N0.HOG0001605	1	0.0245313	expansion	main_model
Mischocyttarus_mexicanus	N0.HOG0001613	1	0.0245313	expansion	main_model
Mischocyttarus_mexicanus	N0.HOG0001667	1	0.0245313	expansion	main_model
Mischocyttarus_mexicanus	N0.HOG0001696	1	0.0245313	expansion	main_model
Mischocyttarus_mexicanus	N0.HOG0001725	1	0.0245313	expansion	main_model
Mischocyttarus_mexicanus	N0.HOG0001729	1	0.0245313	expansion	main_model
Mischocyttarus_mexicanus	N0.HOG0001758	1	0.0245313	expansion	main_model
Mischocyttarus_mexicanus	N0.HOG0001777	1	0.0245313	expansion	main_model
Mischocyttarus_mexicanus	N0.HOG0001781	1	0.0245313	expansion	main_model
Mischocyttarus_mexicanus	N0.HOG0002010	1	0.0245313	expansion	main_model
Mischocyttarus_mexicanus	N0.HOG0002028	1	0.0245313	expansion	main_model
Mischocyttarus_mexicanus	N0.HOG0002034	1	0.0245313	expansion	main_model
Mischocyttarus_mexicanus	N0.HOG0002039	1	0.0245313	expansion	main_model
Mischocyttarus_mexicanus	N0.HOG0002052	1	0.0245313	expansion	main_model
Mischocyttarus_mexicanus	N0.HOG0002110	1	0.0245313	expansion	main_model
Mischocyttarus_mexicanus	N0.HOG0002177	1	0.0245313	expansion	main_model
Mischocyttarus_mexicanus	N0.HOG0002212	1	0.0245313	expansion	main_model
Mischocyttarus_mexicanus	N0.HOG0002365	1	0.0245313	expansion	main_model
Mischocyttarus_mexicanus	N0.HOG0002539	1	0.0245313	expansion	main_model
Mischocyttarus_mexicanus	N0.HOG0003013	1	0.0245313	expansion	main_model
Mischocyttarus_mexicanus	N0.HOG0003487	1	0.0245313	expansion	main_model
Mischocyttarus_mexicanus	N0.HOG0003560	1	0.0245313	expansion	main_model
Mischocyttarus_mexicanus	N0.HOG0003712	1	0.0245313	expansion	main_model
Mischocyttarus_mexicanus	N0.HOG0003788	1	0.0245313	expansion	main_model
Mischocyttarus_mexicanus	N0.HOG0004806	1	0.0245313	expansion	main_model
Mischocyttarus_mexicanus	N0.HOG0006183	1	0.0245313	expansion	main_model
Mischocyttarus_mexicanus	N0.HOG0006268	1	0.0245313	expansion	main_model
Mischocyttarus_mexicanus	N0.HOG0006530	1	0.0245313	expansion	main_model
Mischocyttarus_mexicanus	N0.HOG0007261	1	0.0245313	expansion	main_model
Mischocyttarus_mexicanus	N0.HOG0007744	1	0.0245313	expansion	main_model
Mischocyttarus_mexicanus	N0.HOG0007968	1	0.0245313	expansion	main_model
Mischocyttarus_mexicanus	N0.HOG0008039	1	0.0245313	expansion	main_model
Mischocyttarus_mexicanus	N0.HOG0008127	1	0.0245313	expansion	main_model
Mischocyttarus_mexicanus	N0.HOG0008285	1	0.0245313	expansion	main_model
Mischocyttarus_mexicanus	N0.HOG0008343	1	0.0245313	expansion	main_model
Mischocyttarus_mexicanus	N0.HOG0008408	1	0.0245313	expansion	main_model
Mischocyttarus_mexicanus	N0.HOG0008409	1	0.0245313	expansion	main_model
Mischocyttarus_mexicanus	N0.HOG0008438	1	0.0245313	expansion	main_model
Mischocyttarus_mexicanus	N0.HOG0008451	1	0.0245313	expansion	main_model
Mischocyttarus_mexicanus	N0.HOG0008472	1	0.0245313	expansion	main_model
Mischocyttarus_mexicanus	N0.HOG0008614	1	0.0245313	expansion	main_model
Mischocyttarus_mexicanus	N0.HOG0008629	1	0.0245313	expansion	main_model
Mischocyttarus_mexicanus	N0.HOG0008668	1	0.0245313	expansion	main_model
Mischocyttarus_mexicanus	N0.HOG0008704	1	0.0245313	expansion	main_model
Mischocyttarus_mexicanus	N0.HOG0008789	1	0.0245313	expansion	main_model
Mischocyttarus_mexicanus	N0.HOG0008796	1	0.0245313	expansion	main_model
Mischocyttarus_mexicanus	N0.HOG0008885	1	0.0245313	expansion	main_model
Mischocyttarus_mexicanus	N0.HOG0009351	1	0.0245313	expansion	main_model
Mischocyttarus_mexicanus	N0.HOG0009397	1	0.0245313	expansion	main_model
Mischocyttarus_mexicanus	N0.HOG0009412	1	0.0245313	expansion	main_model
Mischocyttarus_mexicanus	N0.HOG0009436	1	0.0245313	expansion	main_model
Mischocyttarus_mexicanus	N0.HOG0009549	1	0.0245313	expansion	main_model
Mischocyttarus_mexicanus	N0.HOG0009604	1	0.0245313	expansion	main_model
Mischocyttarus_mexicanus	N0.HOG0009637	1	0.0245313	expansion	main_model
Mischocyttarus_mexicanus	N0.HOG0009708	1	0.0245313	expansion	main_model
Mischocyttarus_mexicanus	N0.HOG0009834	1	0.0245313	expansion	main_model
Mischocyttarus_mexicanus	N0.HOG0009903	1	0.0245313	expansion	main_model
Mischocyttarus_mexicanus	N0.HOG0010028	1	0.0245313	expansion	main_model
Mischocyttarus_mexicanus	N0.HOG0010279	1	0.0245313	expansion	main_model
Mischocyttarus_mexicanus	N0.HOG0010449	1	0.0245313	expansion	main_model
Mischocyttarus_mexicanus	N0.HOG0010619	1	0.0245313	expansion	main_model
Mischocyttarus_mexicanus	N0.HOG0010790	1	0.0245313	expansion	main_model
Mischocyttarus_mexicanus	N0.HOG0011813	1	0.0245313	expansion	main_model
Mischocyttarus_mexicanus	N0.HOG0013848	1	0.0245313	expansion	main_model
Mischocyttarus_mexicanus	N0.HOG0000061	2	0.0329429	expansion	main_model
Mischocyttarus_mexicanus	N0.HOG0000039	2	0.0447386	expansion	main_model
Mischocyttarus_mexicanus	N0.HOG0000045	1	0.0490795	expansion	main_model
Mischocyttarus_mexicanus	N0.HOG0000183	1	0.0490795	expansion	main_model
Mischocyttarus_mexicanus	N0.HOG0000301	1	0.0490795	expansion	main_model
Mischocyttarus_mexicanus	N0.HOG0000354	1	0.0490795	expansion	main_model
Mischocyttarus_mexicanus	N0.HOG0000396	1	0.0490795	expansion	main_model
Mischocyttarus_mexicanus	N0.HOG0000464	1	0.0490795	expansion	main_model
Mischocyttarus_mexicanus	N0.HOG0000486	1	0.0490795	expansion	main_model
Mischocyttarus_mexicanus	N0.HOG0000503	1	0.0490795	expansion	main_model
Mischocyttarus_mexicanus	N0.HOG0000573	1	0.0490795	expansion	main_model
Mischocyttarus_mexicanus	N0.HOG0000574	1	0.0490795	expansion	main_model
Mischocyttarus_mexicanus	N0.HOG0000595	1	0.0490795	expansion	main_model
Mischocyttarus_mexicanus	N0.HOG0000614	1	0.0490795	expansion	main_model
Mischocyttarus_mexicanus	N0.HOG0000625	1	0.0490795	expansion	main_model
Mischocyttarus_mexicanus	N0.HOG0000763	1	0.0490795	expansion	main_model
Mischocyttarus_mexicanus	N0.HOG0000768	1	0.0490795	expansion	main_model
Mischocyttarus_mexicanus	N0.HOG0000769	1	0.0490795	expansion	main_model
Mischocyttarus_mexicanus	N0.HOG0000771	1	0.0490795	expansion	main_model
Mischocyttarus_mexicanus	N0.HOG0000881	1	0.0490795	expansion	main_model
Mischocyttarus_mexicanus	N0.HOG0000886	1	0.0490795	expansion	main_model
Mischocyttarus_mexicanus	N0.HOG0000906	1	0.0490795	expansion	main_model
Mischocyttarus_mexicanus	N0.HOG0000909	1	0.0490795	expansion	main_model
Mischocyttarus_mexicanus	N0.HOG0001115	1	0.0490795	expansion	main_model
Mischocyttarus_mexicanus	N0.HOG0001238	1	0.0490795	expansion	main_model
Mischocyttarus_mexicanus	N0.HOG0001322	1	0.0490795	expansion	main_model
Mischocyttarus_mexicanus	N0.HOG0001481	1	0.0490795	expansion	main_model
Mischocyttarus_mexicanus	N0.HOG0001589	1	0.0490795	expansion	main_model
Polistes_canadensis	N0.HOG0000046	-6	2.53187e-12	contraction	main_model
Polistes_canadensis	N0.HOG0000228	-6	2.53187e-12	contraction	main_model
Polistes_canadensis	N0.HOG0000098	-5	1.33155e-08	contraction	main_model
Polistes_canadensis	N0.HOG0000175	-5	2.66795e-08	contraction	main_model
Polistes_canadensis	N0.HOG0000044	-4	2.75935e-08	contraction	main_model
Polistes_canadensis	N0.HOG0000061	-4	9.32839e-08	contraction	main_model
Polistes_canadensis	N0.HOG0000097	-4	9.32839e-08	contraction	main_model
Polistes_canadensis	N0.HOG0000373	-3	4.58004e-06	contraction	main_model
Polistes_canadensis	N0.HOG0005762	2	7.76568e-05	expansion	main_model
Polistes_canadensis	N0.HOG0008257	2	7.76568e-05	expansion	main_model
Polistes_canadensis	N0.HOG0000007	-2	8.51512e-05	contraction	main_model
Polistes_canadensis	N0.HOG0000089	-2	8.51512e-05	contraction	main_model
Polistes_canadensis	N0.HOG0000149	-2	8.51512e-05	contraction	main_model
Polistes_canadensis	N0.HOG0000589	-2	8.51512e-05	contraction	main_model
Polistes_canadensis	N0.HOG0000644	-2	8.51512e-05	contraction	main_model
Polistes_canadensis	N0.HOG0000792	-2	8.51512e-05	contraction	main_model
Polistes_canadensis	N0.HOG0000121	-2	0.000247474	contraction	main_model
Polistes_canadensis	N0.HOG0000269	-2	0.000247474	contraction	main_model
Polistes_canadensis	N0.HOG0000947	-2	0.000247474	contraction	main_model
Polistes_canadensis	N0.HOG0000263	-2	0.000486656	contraction	main_model
Polistes_canadensis	N0.HOG0001419	-2	0.000486656	contraction	main_model
Polistes_canadensis	N0.HOG0000179	-2	0.000800496	contraction	main_model
Polistes_canadensis	N0.HOG0000201	-2	0.000800496	contraction	main_model
Polistes_canadensis	N0.HOG0000028	-2	0.00118682	contraction	main_model
Polistes_canadensis	N0.HOG0000029	-2	0.00275933	contraction	main_model
Polistes_canadensis	N0.HOG0000166	1	0.00623076	expansion	main_model
Polistes_canadensis	N0.HOG0000432	1	0.00623076	expansion	main_model
Polistes_canadensis	N0.HOG0000669	1	0.00623076	expansion	main_model
Polistes_canadensis	N0.HOG0000709	1	0.00623076	expansion	main_model
Polistes_canadensis	N0.HOG0000806	1	0.00623076	expansion	main_model
Polistes_canadensis	N0.HOG0000934	1	0.00623076	expansion	main_model
Polistes_canadensis	N0.HOG0000995	1	0.00623076	expansion	main_model
Polistes_canadensis	N0.HOG0001108	1	0.00623076	expansion	main_model
Polistes_canadensis	N0.HOG0001143	1	0.00623076	expansion	main_model
Polistes_canadensis	N0.HOG0001343	1	0.00623076	expansion	main_model
Polistes_canadensis	N0.HOG0001415	1	0.00623076	expansion	main_model
Polistes_canadensis	N0.HOG0002040	1	0.00623076	expansion	main_model
Polistes_canadensis	N0.HOG0002173	1	0.00623076	expansion	main_model
Polistes_canadensis	N0.HOG0002950	1	0.00623076	expansion	main_model
Polistes_canadensis	N0.HOG0008506	1	0.00623076	expansion	main_model
Polistes_canadensis	N0.HOG0008923	1	0.00623076	expansion	main_model
Polistes_canadensis	N0.HOG0000223	1	0.0124616	expansion	main_model
Polistes_canadensis	N0.HOG0000550	1	0.0124616	expansion	main_model
Polistes_canadensis	N0.HOG0000658	1	0.0124616	expansion	main_model
Polistes_canadensis	N0.HOG0000681	1	0.0124616	expansion	main_model
Polistes_canadensis	N0.HOG0000787	1	0.0124616	expansion	main_model
Polistes_canadensis	N0.HOG0000922	1	0.0124616	expansion	main_model
Polistes_canadensis	N0.HOG0001729	1	0.0124616	expansion	main_model
Polistes_canadensis	N0.HOG0000037	-1	0.0185398	contraction	main_model
Polistes_canadensis	N0.HOG0000045	-1	0.0185398	contraction	main_model
Polistes_canadensis	N0.HOG0000051	-1	0.0185398	contraction	main_model
Polistes_canadensis	N0.HOG0000159	-1	0.0185398	contraction	main_model
Polistes_canadensis	N0.HOG0000187	-1	0.0185398	contraction	main_model
Polistes_canadensis	N0.HOG0000233	-1	0.0185398	contraction	main_model
Polistes_canadensis	N0.HOG0000358	-1	0.0185398	contraction	main_model
Polistes_canadensis	N0.HOG0000660	-1	0.0185398	contraction	main_model
Polistes_canadensis	N0.HOG0000685	-1	0.0185398	contraction	main_model
Polistes_canadensis	N0.HOG0000735	-1	0.0185398	contraction	main_model
Polistes_canadensis	N0.HOG0000788	-1	0.0185398	contraction	main_model
Polistes_canadensis	N0.HOG0000808	-1	0.0185398	contraction	main_model
Polistes_canadensis	N0.HOG0000842	-1	0.0185398	contraction	main_model
Polistes_canadensis	N0.HOG0000844	-1	0.0185398	contraction	main_model
Polistes_canadensis	N0.HOG0000863	-1	0.0185398	contraction	main_model
Polistes_canadensis	N0.HOG0000872	-1	0.0185398	contraction	main_model
Polistes_canadensis	N0.HOG0000883	-1	0.0185398	contraction	main_model
Polistes_canadensis	N0.HOG0000906	-1	0.0185398	contraction	main_model
Polistes_canadensis	N0.HOG0000972	-1	0.0185398	contraction	main_model
Polistes_canadensis	N0.HOG0001081	-1	0.0185398	contraction	main_model
Polistes_canadensis	N0.HOG0001091	-1	0.0185398	contraction	main_model
Polistes_canadensis	N0.HOG0001241	-1	0.0185398	contraction	main_model
Polistes_canadensis	N0.HOG0001248	-1	0.0185398	contraction	main_model
Polistes_canadensis	N0.HOG0001303	-1	0.0185398	contraction	main_model
Polistes_canadensis	N0.HOG0001319	-1	0.0185398	contraction	main_model
Polistes_canadensis	N0.HOG0001362	-1	0.0185398	contraction	main_model
Polistes_canadensis	N0.HOG0001384	-1	0.0185398	contraction	main_model
Polistes_canadensis	N0.HOG0001395	-1	0.0185398	contraction	main_model
Polistes_canadensis	N0.HOG0001402	-1	0.0185398	contraction	main_model
Polistes_canadensis	N0.HOG0001672	-1	0.0185398	contraction	main_model
Polistes_canadensis	N0.HOG0001675	-1	0.0185398	contraction	main_model
Polistes_canadensis	N0.HOG0002036	-1	0.0185398	contraction	main_model
Polistes_canadensis	N0.HOG0002505	-1	0.0185398	contraction	main_model
Polistes_canadensis	N0.HOG0002945	-1	0.0185398	contraction	main_model
Polistes_canadensis	N0.HOG0003487	-1	0.0185398	contraction	main_model
Polistes_canadensis	N0.HOG0003653	-1	0.0185398	contraction	main_model
Polistes_canadensis	N0.HOG0003840	-1	0.0185398	contraction	main_model
Polistes_canadensis	N0.HOG0004299	-1	0.0185398	contraction	main_model
Polistes_canadensis	N0.HOG0005904	-1	0.0185398	contraction	main_model
Polistes_canadensis	N0.HOG0006268	-1	0.0185398	contraction	main_model
Polistes_canadensis	N0.HOG0007173	-1	0.0185398	contraction	main_model
Polistes_canadensis	N0.HOG0007409	-1	0.0185398	contraction	main_model
Polistes_canadensis	N0.HOG0007685	-1	0.0185398	contraction	main_model
Polistes_canadensis	N0.HOG0007984	-1	0.0185398	contraction	main_model
Polistes_canadensis	N0.HOG0008169	-1	0.0185398	contraction	main_model
Polistes_canadensis	N0.HOG0008219	-1	0.0185398	contraction	main_model
Polistes_canadensis	N0.HOG0008228	-1	0.0185398	contraction	main_model
Polistes_canadensis	N0.HOG0008244	-1	0.0185398	contraction	main_model
Polistes_canadensis	N0.HOG0008285	-1	0.0185398	contraction	main_model
Polistes_canadensis	N0.HOG0008343	-1	0.0185398	contraction	main_model
Polistes_canadensis	N0.HOG0008348	-1	0.0185398	contraction	main_model
Polistes_canadensis	N0.HOG0008383	-1	0.0185398	contraction	main_model
Polistes_canadensis	N0.HOG0008576	-1	0.0185398	contraction	main_model
Polistes_canadensis	N0.HOG0008582	-1	0.0185398	contraction	main_model
Polistes_canadensis	N0.HOG0008622	-1	0.0185398	contraction	main_model
Polistes_canadensis	N0.HOG0008665	-1	0.0185398	contraction	main_model
Polistes_canadensis	N0.HOG0008676	-1	0.0185398	contraction	main_model
Polistes_canadensis	N0.HOG0008689	-1	0.0185398	contraction	main_model
Polistes_canadensis	N0.HOG0008690	-1	0.0185398	contraction	main_model
Polistes_canadensis	N0.HOG0008702	-1	0.0185398	contraction	main_model
Polistes_canadensis	N0.HOG0008753	-1	0.0185398	contraction	main_model
Polistes_canadensis	N0.HOG0008757	-1	0.0185398	contraction	main_model
Polistes_canadensis	N0.HOG0008785	-1	0.0185398	contraction	main_model
Polistes_canadensis	N0.HOG0008787	-1	0.0185398	contraction	main_model
Polistes_canadensis	N0.HOG0008829	-1	0.0185398	contraction	main_model
Polistes_canadensis	N0.HOG0008831	-1	0.0185398	contraction	main_model
Polistes_canadensis	N0.HOG0008854	-1	0.0185398	contraction	main_model
Polistes_canadensis	N0.HOG0008861	-1	0.0185398	contraction	main_model
Polistes_canadensis	N0.HOG0008870	-1	0.0185398	contraction	main_model
Polistes_canadensis	N0.HOG0008873	-1	0.0185398	contraction	main_model
Polistes_canadensis	N0.HOG0008879	-1	0.0185398	contraction	main_model
Polistes_canadensis	N0.HOG0008919	-1	0.0185398	contraction	main_model
Polistes_canadensis	N0.HOG0008939	-1	0.0185398	contraction	main_model
Polistes_canadensis	N0.HOG0008948	-1	0.0185398	contraction	main_model
Polistes_canadensis	N0.HOG0008995	-1	0.0185398	contraction	main_model
Polistes_canadensis	N0.HOG0009002	-1	0.0185398	contraction	main_model
Polistes_canadensis	N0.HOG0009005	-1	0.0185398	contraction	main_model
Polistes_canadensis	N0.HOG0009021	-1	0.0185398	contraction	main_model
Polistes_canadensis	N0.HOG0009042	-1	0.0185398	contraction	main_model
Polistes_canadensis	N0.HOG0009068	-1	0.0185398	contraction	main_model
Polistes_canadensis	N0.HOG0009093	-1	0.0185398	contraction	main_model
Polistes_canadensis	N0.HOG0009125	-1	0.0185398	contraction	main_model
Polistes_canadensis	N0.HOG0009127	-1	0.0185398	contraction	main_model
Polistes_canadensis	N0.HOG0009158	-1	0.0185398	contraction	main_model
Polistes_canadensis	N0.HOG0009195	-1	0.0185398	contraction	main_model
Polistes_canadensis	N0.HOG0009198	-1	0.0185398	contraction	main_model
Polistes_canadensis	N0.HOG0009259	-1	0.0185398	contraction	main_model
Polistes_canadensis	N0.HOG0009261	-1	0.0185398	contraction	main_model
Polistes_canadensis	N0.HOG0009276	-1	0.0185398	contraction	main_model
Polistes_canadensis	N0.HOG0009288	-1	0.0185398	contraction	main_model
Polistes_canadensis	N0.HOG0009291	-1	0.0185398	contraction	main_model
Polistes_canadensis	N0.HOG0009293	-1	0.0185398	contraction	main_model
Polistes_canadensis	N0.HOG0009295	-1	0.0185398	contraction	main_model
Polistes_canadensis	N0.HOG0009303	-1	0.0185398	contraction	main_model
Polistes_canadensis	N0.HOG0009318	-1	0.0185398	contraction	main_model
Polistes_canadensis	N0.HOG0009319	-1	0.0185398	contraction	main_model
Polistes_canadensis	N0.HOG0009331	-1	0.0185398	contraction	main_model
Polistes_canadensis	N0.HOG0009349	-1	0.0185398	contraction	main_model
Polistes_canadensis	N0.HOG0009351	-1	0.0185398	contraction	main_model
Polistes_canadensis	N0.HOG0009352	-1	0.0185398	contraction	main_model
Polistes_canadensis	N0.HOG0009368	-1	0.0185398	contraction	main_model
Polistes_canadensis	N0.HOG0009391	-1	0.0185398	contraction	main_model
Polistes_canadensis	N0.HOG0009412	-1	0.0185398	contraction	main_model
Polistes_canadensis	N0.HOG0009413	-1	0.0185398	contraction	main_model
Polistes_canadensis	N0.HOG0009430	-1	0.0185398	contraction	main_model
Polistes_canadensis	N0.HOG0009436	-1	0.0185398	contraction	main_model
Polistes_canadensis	N0.HOG0009441	-1	0.0185398	contraction	main_model
Polistes_canadensis	N0.HOG0009467	-1	0.0185398	contraction	main_model
Polistes_canadensis	N0.HOG0009481	-1	0.0185398	contraction	main_model
Polistes_canadensis	N0.HOG0009523	-1	0.0185398	contraction	main_model
Polistes_canadensis	N0.HOG0009525	-1	0.0185398	contraction	main_model
Polistes_canadensis	N0.HOG0009533	-1	0.0185398	contraction	main_model
Polistes_canadensis	N0.HOG0009535	-1	0.0185398	contraction	main_model
Polistes_canadensis	N0.HOG0009548	-1	0.0185398	contraction	main_model
Polistes_canadensis	N0.HOG0009549	-1	0.0185398	contraction	main_model
Polistes_canadensis	N0.HOG0009561	-1	0.0185398	contraction	main_model
Polistes_canadensis	N0.HOG0009574	-1	0.0185398	contraction	main_model
Polistes_canadensis	N0.HOG0009601	-1	0.0185398	contraction	main_model
Polistes_canadensis	N0.HOG0009604	-1	0.0185398	contraction	main_model
Polistes_canadensis	N0.HOG0009618	-1	0.0185398	contraction	main_model
Polistes_canadensis	N0.HOG0009639	-1	0.0185398	contraction	main_model
Polistes_canadensis	N0.HOG0009661	-1	0.0185398	contraction	main_model
Polistes_canadensis	N0.HOG0009663	-1	0.0185398	contraction	main_model
Polistes_canadensis	N0.HOG0009680	-1	0.0185398	contraction	main_model
Polistes_canadensis	N0.HOG0009694	-1	0.0185398	contraction	main_model
Polistes_canadensis	N0.HOG0009752	-1	0.0185398	contraction	main_model
Polistes_canadensis	N0.HOG0009789	-1	0.0185398	contraction	main_model
Polistes_canadensis	N0.HOG0009825	-1	0.0185398	contraction	main_model
Polistes_canadensis	N0.HOG0009875	-1	0.0185398	contraction	main_model
Polistes_canadensis	N0.HOG0009898	-1	0.0185398	contraction	main_model
Polistes_canadensis	N0.HOG0009903	-1	0.0185398	contraction	main_model
Polistes_canadensis	N0.HOG0009915	-1	0.0185398	contraction	main_model
Polistes_canadensis	N0.HOG0009945	-1	0.0185398	contraction	main_model
Polistes_canadensis	N0.HOG0009977	-1	0.0185398	contraction	main_model
Polistes_canadensis	N0.HOG0010012	-1	0.0185398	contraction	main_model
Polistes_canadensis	N0.HOG0010020	-1	0.0185398	contraction	main_model
Polistes_canadensis	N0.HOG0010041	-1	0.0185398	contraction	main_model
Polistes_canadensis	N0.HOG0010064	-1	0.0185398	contraction	main_model
Polistes_canadensis	N0.HOG0010095	-1	0.0185398	contraction	main_model
Polistes_canadensis	N0.HOG0010096	-1	0.0185398	contraction	main_model
Polistes_canadensis	N0.HOG0010120	-1	0.0185398	contraction	main_model
Polistes_canadensis	N0.HOG0010133	-1	0.0185398	contraction	main_model
Polistes_canadensis	N0.HOG0010164	-1	0.0185398	contraction	main_model
Polistes_canadensis	N0.HOG0010168	-1	0.0185398	contraction	main_model
Polistes_canadensis	N0.HOG0010179	-1	0.0185398	contraction	main_model
Polistes_canadensis	N0.HOG0010180	-1	0.0185398	contraction	main_model
Polistes_canadensis	N0.HOG0010219	-1	0.0185398	contraction	main_model
Polistes_canadensis	N0.HOG0010346	-1	0.0185398	contraction	main_model
Polistes_canadensis	N0.HOG0010449	-1	0.0185398	contraction	main_model
Polistes_canadensis	N0.HOG0010465	-1	0.0185398	contraction	main_model
Polistes_canadensis	N0.HOG0010524	-1	0.0185398	contraction	main_model
Polistes_canadensis	N0.HOG0010546	-1	0.0185398	contraction	main_model
Polistes_canadensis	N0.HOG0010547	-1	0.0185398	contraction	main_model
Polistes_canadensis	N0.HOG0010619	-1	0.0185398	contraction	main_model
Polistes_canadensis	N0.HOG0010621	-1	0.0185398	contraction	main_model
Polistes_canadensis	N0.HOG0010673	-1	0.0185398	contraction	main_model
Polistes_canadensis	N0.HOG0010790	-1	0.0185398	contraction	main_model
Polistes_canadensis	N0.HOG0010810	-1	0.0185398	contraction	main_model
Polistes_canadensis	N0.HOG0010896	-1	0.0185398	contraction	main_model
Polistes_canadensis	N0.HOG0011243	-1	0.0185398	contraction	main_model
Polistes_canadensis	N0.HOG0011245	-1	0.0185398	contraction	main_model
Polistes_canadensis	N0.HOG0011475	-1	0.0185398	contraction	main_model
Polistes_canadensis	N0.HOG0011808	-1	0.0185398	contraction	main_model
Polistes_canadensis	N0.HOG0011813	-1	0.0185398	contraction	main_model
Polistes_canadensis	N0.HOG0011814	-1	0.0185398	contraction	main_model
Polistes_canadensis	N0.HOG0012236	-1	0.0185398	contraction	main_model
Polistes_canadensis	N0.HOG0012240	-1	0.0185398	contraction	main_model
Polistes_canadensis	N0.HOG0012652	-1	0.0185398	contraction	main_model
Polistes_canadensis	N0.HOG0012687	-1	0.0185398	contraction	main_model
Polistes_canadensis	N0.HOG0012808	-1	0.0185398	contraction	main_model
Polistes_canadensis	N0.HOG0015301	-1	0.0185398	contraction	main_model
Polistes_canadensis	N0.HOG0000592	1	0.0186877	expansion	main_model
Polistes_canadensis	N0.HOG0000054	-1	0.0364718	contraction	main_model
Polistes_canadensis	N0.HOG0000114	-1	0.0364718	contraction	main_model
Polistes_canadensis	N0.HOG0000147	-1	0.0364718	contraction	main_model
Polistes_canadensis	N0.HOG0000260	-1	0.0364718	contraction	main_model
Polistes_canadensis	N0.HOG0000266	-1	0.0364718	contraction	main_model
Polistes_canadensis	N0.HOG0000502	-1	0.0364718	contraction	main_model
Polistes_canadensis	N0.HOG0000574	-1	0.0364718	contraction	main_model
Polistes_canadensis	N0.HOG0000614	-1	0.0364718	contraction	main_model
Polistes_canadensis	N0.HOG0000618	-1	0.0364718	contraction	main_model
Polistes_canadensis	N0.HOG0000631	-1	0.0364718	contraction	main_model
Polistes_canadensis	N0.HOG0000633	-1	0.0364718	contraction	main_model
Polistes_canadensis	N0.HOG0000646	-1	0.0364718	contraction	main_model
Polistes_canadensis	N0.HOG0000667	-1	0.0364718	contraction	main_model
Polistes_canadensis	N0.HOG0000668	-1	0.0364718	contraction	main_model
Polistes_canadensis	N0.HOG0000679	-1	0.0364718	contraction	main_model
Polistes_canadensis	N0.HOG0000690	-1	0.0364718	contraction	main_model
Polistes_canadensis	N0.HOG0000695	-1	0.0364718	contraction	main_model
Polistes_canadensis	N0.HOG0000703	-1	0.0364718	contraction	main_model
Polistes_canadensis	N0.HOG0000815	-1	0.0364718	contraction	main_model
Polistes_canadensis	N0.HOG0000817	-1	0.0364718	contraction	main_model
Polistes_canadensis	N0.HOG0000836	-1	0.0364718	contraction	main_model
Polistes_canadensis	N0.HOG0000849	-1	0.0364718	contraction	main_model
Polistes_canadensis	N0.HOG0000859	-1	0.0364718	contraction	main_model
Polistes_canadensis	N0.HOG0000881	-1	0.0364718	contraction	main_model
Polistes_canadensis	N0.HOG0000894	-1	0.0364718	contraction	main_model
Polistes_canadensis	N0.HOG0000895	-1	0.0364718	contraction	main_model
Polistes_canadensis	N0.HOG0000920	-1	0.0364718	contraction	main_model
Polistes_canadensis	N0.HOG0000932	-1	0.0364718	contraction	main_model
Polistes_canadensis	N0.HOG0000935	-1	0.0364718	contraction	main_model
Polistes_canadensis	N0.HOG0000942	-1	0.0364718	contraction	main_model
Polistes_canadensis	N0.HOG0000955	-1	0.0364718	contraction	main_model
Polistes_canadensis	N0.HOG0000957	-1	0.0364718	contraction	main_model
Polistes_canadensis	N0.HOG0000998	-1	0.0364718	contraction	main_model
Polistes_canadensis	N0.HOG0001107	-1	0.0364718	contraction	main_model
Polistes_canadensis	N0.HOG0001115	-1	0.0364718	contraction	main_model
Polistes_canadensis	N0.HOG0001142	-1	0.0364718	contraction	main_model
Polistes_canadensis	N0.HOG0001159	-1	0.0364718	contraction	main_model
Polistes_canadensis	N0.HOG0001161	-1	0.0364718	contraction	main_model
Polistes_canadensis	N0.HOG0001166	-1	0.0364718	contraction	main_model
Polistes_canadensis	N0.HOG0001200	-1	0.0364718	contraction	main_model
Polistes_canadensis	N0.HOG0001322	-1	0.0364718	contraction	main_model
Polistes_canadensis	N0.HOG0001360	-1	0.0364718	contraction	main_model
Polistes_canadensis	N0.HOG0001423	-1	0.0364718	contraction	main_model
Polistes_canadensis	N0.HOG0001481	-1	0.0364718	contraction	main_model
Polistes_canadensis	N0.HOG0001532	-1	0.0364718	contraction	main_model
Polistes_canadensis	N0.HOG0002857	-1	0.0364718	contraction	main_model
Polistes_canadensis	N0.HOG0007679	-1	0.0364718	contraction	main_model
Polistes_canadensis	N0.HOG0000055	1	0.037295	expansion	main_model
Polistes_dominula	N0.HOG0000008	8	4.98244e-13	expansion	main_model
Polistes_dominula	N0.HOG0000289	5	1.57707e-08	expansion	main_model
Polistes_dominula	N0.HOG0000228	-5	2.37345e-08	contraction	main_model
Polistes_dominula	N0.HOG0000046	-5	1.07809e-07	contraction	main_model
Polistes_dominula	N0.HOG0000053	6	1.15761e-07	expansion	main_model
Polistes_dominula	N0.HOG0000189	4	4.98872e-07	expansion	main_model
Polistes_dominula	N0.HOG0000258	4	4.98872e-07	expansion	main_model
Polistes_dominula	N0.HOG0000395	4	4.98872e-07	expansion	main_model
Polistes_dominula	N0.HOG0000175	6	1.04276e-06	expansion	main_model
Polistes_dominula	N0.HOG0000235	4	6.75677e-06	expansion	main_model
Polistes_dominula	N0.HOG0000393	3	1.57807e-05	expansion	main_model
Polistes_dominula	N0.HOG0000832	3	1.57807e-05	expansion	main_model
Polistes_dominula	N0.HOG0001030	3	1.57807e-05	expansion	main_model
Polistes_dominula	N0.HOG0002239	3	6.01629e-05	expansion	main_model
Polistes_dominula	N0.HOG0000058	4	0.000106942	expansion	main_model
Polistes_dominula	N0.HOG0000770	-3	0.000366231	contraction	main_model
Polistes_dominula	N0.HOG0001143	2	0.000499186	expansion	main_model
Polistes_dominula	N0.HOG0001527	2	0.000499186	expansion	main_model
Polistes_dominula	N0.HOG0002075	2	0.000499186	expansion	main_model
Polistes_dominula	N0.HOG0004813	2	0.000499186	expansion	main_model
Polistes_dominula	N0.HOG0001107	-2	0.000615445	contraction	main_model
Polistes_dominula	N0.HOG0001566	-2	0.000615445	contraction	main_model
Polistes_dominula	N0.HOG0000269	-2	0.00171127	contraction	main_model
Polistes_dominula	N0.HOG0000382	-2	0.00171127	contraction	main_model
Polistes_dominula	N0.HOG0000098	3	0.00271212	expansion	main_model
Polistes_dominula	N0.HOG0000373	-2	0.00327675	contraction	main_model
Polistes_dominula	N0.HOG0000054	2	0.00559485	expansion	main_model
Polistes_dominula	N0.HOG0000432	1	0.0157906	expansion	main_model
Polistes_dominula	N0.HOG0000534	1	0.0157906	expansion	main_model
Polistes_dominula	N0.HOG0000735	1	0.0157906	expansion	main_model
Polistes_dominula	N0.HOG0000785	1	0.0157906	expansion	main_model
Polistes_dominula	N0.HOG0000884	1	0.0157906	expansion	main_model
Polistes_dominula	N0.HOG0000934	1	0.0157906	expansion	main_model
Polistes_dominula	N0.HOG0000995	1	0.0157906	expansion	main_model
Polistes_dominula	N0.HOG0000999	1	0.0157906	expansion	main_model
Polistes_dominula	N0.HOG0001050	1	0.0157906	expansion	main_model
Polistes_dominula	N0.HOG0001108	1	0.0157906	expansion	main_model
Polistes_dominula	N0.HOG0001351	1	0.0157906	expansion	main_model
Polistes_dominula	N0.HOG0001478	1	0.0157906	expansion	main_model
Polistes_dominula	N0.HOG0002071	1	0.0157906	expansion	main_model
Polistes_dominula	N0.HOG0008020	1	0.0157906	expansion	main_model
Polistes_dominula	N0.HOG0008357	1	0.0157906	expansion	main_model
Polistes_dominula	N0.HOG0009295	1	0.0157906	expansion	main_model
Polistes_dominula	N0.HOG0010064	1	0.0157906	expansion	main_model
Polistes_dominula	N0.HOG0010181	1	0.0157906	expansion	main_model
Polistes_dominula	N0.HOG0000029	-2	0.016846	contraction	main_model
Polistes_dominula	N0.HOG0000149	1	0.0315842	expansion	main_model
Polistes_dominula	N0.HOG0000527	1	0.0315842	expansion	main_model
Polistes_dominula	N0.HOG0000771	1	0.0315842	expansion	main_model
Polistes_dominula	N0.HOG0000792	1	0.0315842	expansion	main_model
Polistes_dominula	N0.HOG0001062	1	0.0315842	expansion	main_model
Polistes_dominula	N0.HOG0001133	1	0.0315842	expansion	main_model
Polistes_dominula	N0.HOG0001447	1	0.0315842	expansion	main_model
Polistes_dominula	N0.HOG0001531	1	0.0315842	expansion	main_model
Polistes_dominula	N0.HOG0000007	-1	0.0464199	contraction	main_model
Polistes_dominula	N0.HOG0000037	-1	0.0464199	contraction	main_model
Polistes_dominula	N0.HOG0000048	-1	0.0464199	contraction	main_model
Polistes_dominula	N0.HOG0000051	-1	0.0464199	contraction	main_model
Polistes_dominula	N0.HOG0000123	-1	0.0464199	contraction	main_model
Polistes_dominula	N0.HOG0000159	-1	0.0464199	contraction	main_model
Polistes_dominula	N0.HOG0000166	-1	0.0464199	contraction	main_model
Polistes_dominula	N0.HOG0000233	-1	0.0464199	contraction	main_model
Polistes_dominula	N0.HOG0000249	-1	0.0464199	contraction	main_model
Polistes_dominula	N0.HOG0000260	-1	0.0464199	contraction	main_model
Polistes_dominula	N0.HOG0000304	-1	0.0464199	contraction	main_model
Polistes_dominula	N0.HOG0000358	-1	0.0464199	contraction	main_model
Polistes_dominula	N0.HOG0000660	-1	0.0464199	contraction	main_model
Polistes_dominula	N0.HOG0000685	-1	0.0464199	contraction	main_model
Polistes_dominula	N0.HOG0000742	-1	0.0464199	contraction	main_model
Polistes_dominula	N0.HOG0000788	-1	0.0464199	contraction	main_model
Polistes_dominula	N0.HOG0000800	-1	0.0464199	contraction	main_model
Polistes_dominula	N0.HOG0000808	-1	0.0464199	contraction	main_model
Polistes_dominula	N0.HOG0000842	-1	0.0464199	contraction	main_model
Polistes_dominula	N0.HOG0000863	-1	0.0464199	contraction	main_model
Polistes_dominula	N0.HOG0000872	-1	0.0464199	contraction	main_model
Polistes_dominula	N0.HOG0000972	-1	0.0464199	contraction	main_model
Polistes_dominula	N0.HOG0001091	-1	0.0464199	contraction	main_model
Polistes_dominula	N0.HOG0001241	-1	0.0464199	contraction	main_model
Polistes_dominula	N0.HOG0001246	-1	0.0464199	contraction	main_model
Polistes_dominula	N0.HOG0001297	-1	0.0464199	contraction	main_model
Polistes_dominula	N0.HOG0001303	-1	0.0464199	contraction	main_model
Polistes_dominula	N0.HOG0001319	-1	0.0464199	contraction	main_model
Polistes_dominula	N0.HOG0001395	-1	0.0464199	contraction	main_model
Polistes_dominula	N0.HOG0001400	-1	0.0464199	contraction	main_model
Polistes_dominula	N0.HOG0001608	-1	0.0464199	contraction	main_model
Polistes_dominula	N0.HOG0001675	-1	0.0464199	contraction	main_model
Polistes_dominula	N0.HOG0001721	-1	0.0464199	contraction	main_model
Polistes_dominula	N0.HOG0002065	-1	0.0464199	contraction	main_model
Polistes_dominula	N0.HOG0002945	-1	0.0464199	contraction	main_model
Polistes_dominula	N0.HOG0003013	-1	0.0464199	contraction	main_model
Polistes_dominula	N0.HOG0003653	-1	0.0464199	contraction	main_model
Polistes_dominula	N0.HOG0004299	-1	0.0464199	contraction	main_model
Polistes_dominula	N0.HOG0004806	-1	0.0464199	contraction	main_model
Polistes_dominula	N0.HOG0005904	-1	0.0464199	contraction	main_model
Polistes_dominula	N0.HOG0006268	-1	0.0464199	contraction	main_model
Polistes_dominula	N0.HOG0006869	-1	0.0464199	contraction	main_model
Polistes_dominula	N0.HOG0007019	-1	0.0464199	contraction	main_model
Polistes_dominula	N0.HOG0007261	-1	0.0464199	contraction	main_model
Polistes_dominula	N0.HOG0007730	-1	0.0464199	contraction	main_model
Polistes_dominula	N0.HOG0007854	-1	0.0464199	contraction	main_model
Polistes_dominula	N0.HOG0007946	-1	0.0464199	contraction	main_model
Polistes_dominula	N0.HOG0008109	-1	0.0464199	contraction	main_model
Polistes_dominula	N0.HOG0008117	-1	0.0464199	contraction	main_model
Polistes_dominula	N0.HOG0008348	-1	0.0464199	contraction	main_model
Polistes_dominula	N0.HOG0008383	-1	0.0464199	contraction	main_model
Polistes_dominula	N0.HOG0008451	-1	0.0464199	contraction	main_model
Polistes_dominula	N0.HOG0008458	-1	0.0464199	contraction	main_model
Polistes_dominula	N0.HOG0008485	-1	0.0464199	contraction	main_model
Polistes_dominula	N0.HOG0008556	-1	0.0464199	contraction	main_model
Polistes_dominula	N0.HOG0008576	-1	0.0464199	contraction	main_model
Polistes_dominula	N0.HOG0008582	-1	0.0464199	contraction	main_model
Polistes_dominula	N0.HOG0008664	-1	0.0464199	contraction	main_model
Polistes_dominula	N0.HOG0008689	-1	0.0464199	contraction	main_model
Polistes_dominula	N0.HOG0008690	-1	0.0464199	contraction	main_model
Polistes_dominula	N0.HOG0008702	-1	0.0464199	contraction	main_model
Polistes_dominula	N0.HOG0008724	-1	0.0464199	contraction	main_model
Polistes_dominula	N0.HOG0008757	-1	0.0464199	contraction	main_model
Polistes_dominula	N0.HOG0008785	-1	0.0464199	contraction	main_model
Polistes_dominula	N0.HOG0008788	-1	0.0464199	contraction	main_model
Polistes_dominula	N0.HOG0008831	-1	0.0464199	contraction	main_model
Polistes_dominula	N0.HOG0008835	-1	0.0464199	contraction	main_model
Polistes_dominula	N0.HOG0008837	-1	0.0464199	contraction	main_model
Polistes_dominula	N0.HOG0008854	-1	0.0464199	contraction	main_model
Polistes_dominula	N0.HOG0008861	-1	0.0464199	contraction	main_model
Polistes_dominula	N0.HOG0008870	-1	0.0464199	contraction	main_model
Polistes_dominula	N0.HOG0008873	-1	0.0464199	contraction	main_model
Polistes_dominula	N0.HOG0008883	-1	0.0464199	contraction	main_model
Polistes_dominula	N0.HOG0008885	-1	0.0464199	contraction	main_model
Polistes_dominula	N0.HOG0008893	-1	0.0464199	contraction	main_model
Polistes_dominula	N0.HOG0008919	-1	0.0464199	contraction	main_model
Polistes_dominula	N0.HOG0008939	-1	0.0464199	contraction	main_model
Polistes_dominula	N0.HOG0008993	-1	0.0464199	contraction	main_model
Polistes_dominula	N0.HOG0008998	-1	0.0464199	contraction	main_model
Polistes_dominula	N0.HOG0009005	-1	0.0464199	contraction	main_model
Polistes_dominula	N0.HOG0009042	-1	0.0464199	contraction	main_model
Polistes_dominula	N0.HOG0009059	-1	0.0464199	contraction	main_model
Polistes_dominula	N0.HOG0009068	-1	0.0464199	contraction	main_model
Polistes_dominula	N0.HOG0009081	-1	0.0464199	contraction	main_model
Polistes_dominula	N0.HOG0009090	-1	0.0464199	contraction	main_model
Polistes_dominula	N0.HOG0009093	-1	0.0464199	contraction	main_model
Polistes_dominula	N0.HOG0009118	-1	0.0464199	contraction	main_model
Polistes_dominula	N0.HOG0009127	-1	0.0464199	contraction	main_model
Polistes_dominula	N0.HOG0009129	-1	0.0464199	contraction	main_model
Polistes_dominula	N0.HOG0009153	-1	0.0464199	contraction	main_model
Polistes_dominula	N0.HOG0009169	-1	0.0464199	contraction	main_model
Polistes_dominula	N0.HOG0009198	-1	0.0464199	contraction	main_model
Polistes_dominula	N0.HOG0009204	-1	0.0464199	contraction	main_model
Polistes_dominula	N0.HOG0009207	-1	0.0464199	contraction	main_model
Polistes_dominula	N0.HOG0009224	-1	0.0464199	contraction	main_model
Polistes_dominula	N0.HOG0009232	-1	0.0464199	contraction	main_model
Polistes_dominula	N0.HOG0009237	-1	0.0464199	contraction	main_model
Polistes_dominula	N0.HOG0009240	-1	0.0464199	contraction	main_model
Polistes_dominula	N0.HOG0009244	-1	0.0464199	contraction	main_model
Polistes_dominula	N0.HOG0009276	-1	0.0464199	contraction	main_model
Polistes_dominula	N0.HOG0009285	-1	0.0464199	contraction	main_model
Polistes_dominula	N0.HOG0009288	-1	0.0464199	contraction	main_model
Polistes_dominula	N0.HOG0009302	-1	0.0464199	contraction	main_model
Polistes_dominula	N0.HOG0009319	-1	0.0464199	contraction	main_model
Polistes_dominula	N0.HOG0009331	-1	0.0464199	contraction	main_model
Polistes_dominula	N0.HOG0009349	-1	0.0464199	contraction	main_model
Polistes_dominula	N0.HOG0009352	-1	0.0464199	contraction	main_model
Polistes_dominula	N0.HOG0009368	-1	0.0464199	contraction	main_model
Polistes_dominula	N0.HOG0009391	-1	0.0464199	contraction	main_model
Polistes_dominula	N0.HOG0009413	-1	0.0464199	contraction	main_model
Polistes_dominula	N0.HOG0009430	-1	0.0464199	contraction	main_model
Polistes_dominula	N0.HOG0009441	-1	0.0464199	contraction	main_model
Polistes_dominula	N0.HOG0009467	-1	0.0464199	contraction	main_model
Polistes_dominula	N0.HOG0009481	-1	0.0464199	contraction	main_model
Polistes_dominula	N0.HOG0009486	-1	0.0464199	contraction	main_model
Polistes_dominula	N0.HOG0009533	-1	0.0464199	contraction	main_model
Polistes_dominula	N0.HOG0009535	-1	0.0464199	contraction	main_model
Polistes_dominula	N0.HOG0009561	-1	0.0464199	contraction	main_model
Polistes_dominula	N0.HOG0009567	-1	0.0464199	contraction	main_model
Polistes_dominula	N0.HOG0009574	-1	0.0464199	contraction	main_model
Polistes_dominula	N0.HOG0009581	-1	0.0464199	contraction	main_model
Polistes_dominula	N0.HOG0009601	-1	0.0464199	contraction	main_model
Polistes_dominula	N0.HOG0009604	-1	0.0464199	contraction	main_model
Polistes_dominula	N0.HOG0009661	-1	0.0464199	contraction	main_model
Polistes_dominula	N0.HOG0009663	-1	0.0464199	contraction	main_model
Polistes_dominula	N0.HOG0009672	-1	0.0464199	contraction	main_model
Polistes_dominula	N0.HOG0009680	-1	0.0464199	contraction	main_model
Polistes_dominula	N0.HOG0009692	-1	0.0464199	contraction	main_model
Polistes_dominula	N0.HOG0009694	-1	0.0464199	contraction	main_model
Polistes_dominula	N0.HOG0009718	-1	0.0464199	contraction	main_model
Polistes_dominula	N0.HOG0009752	-1	0.0464199	contraction	main_model
Polistes_dominula	N0.HOG0009789	-1	0.0464199	contraction	main_model
Polistes_dominula	N0.HOG0009835	-1	0.0464199	contraction	main_model
Polistes_dominula	N0.HOG0009844	-1	0.0464199	contraction	main_model
Polistes_dominula	N0.HOG0009857	-1	0.0464199	contraction	main_model
Polistes_dominula	N0.HOG0009875	-1	0.0464199	contraction	main_model
Polistes_dominula	N0.HOG0009878	-1	0.0464199	contraction	main_model
Polistes_dominula	N0.HOG0009898	-1	0.0464199	contraction	main_model
Polistes_dominula	N0.HOG0009903	-1	0.0464199	contraction	main_model
Polistes_dominula	N0.HOG0009907	-1	0.0464199	contraction	main_model
Polistes_dominula	N0.HOG0009915	-1	0.0464199	contraction	main_model
Polistes_dominula	N0.HOG0009977	-1	0.0464199	contraction	main_model
Polistes_dominula	N0.HOG0009993	-1	0.0464199	contraction	main_model
Polistes_dominula	N0.HOG0010012	-1	0.0464199	contraction	main_model
Polistes_dominula	N0.HOG0010020	-1	0.0464199	contraction	main_model
Polistes_dominula	N0.HOG0010045	-1	0.0464199	contraction	main_model
Polistes_dominula	N0.HOG0010095	-1	0.0464199	contraction	main_model
Polistes_dominula	N0.HOG0010120	-1	0.0464199	contraction	main_model
Polistes_dominula	N0.HOG0010124	-1	0.0464199	contraction	main_model
Polistes_dominula	N0.HOG0010133	-1	0.0464199	contraction	main_model
Polistes_dominula	N0.HOG0010168	-1	0.0464199	contraction	main_model
Polistes_dominula	N0.HOG0010179	-1	0.0464199	contraction	main_model
Polistes_dominula	N0.HOG0010180	-1	0.0464199	contraction	main_model
Polistes_dominula	N0.HOG0010279	-1	0.0464199	contraction	main_model
Polistes_dominula	N0.HOG0010346	-1	0.0464199	contraction	main_model
Polistes_dominula	N0.HOG0010449	-1	0.0464199	contraction	main_model
Polistes_dominula	N0.HOG0010464	-1	0.0464199	contraction	main_model
Polistes_dominula	N0.HOG0010465	-1	0.0464199	contraction	main_model
Polistes_dominula	N0.HOG0010524	-1	0.0464199	contraction	main_model
Polistes_dominula	N0.HOG0010546	-1	0.0464199	contraction	main_model
Polistes_dominula	N0.HOG0010547	-1	0.0464199	contraction	main_model
Polistes_dominula	N0.HOG0010619	-1	0.0464199	contraction	main_model
Polistes_dominula	N0.HOG0010621	-1	0.0464199	contraction	main_model
Polistes_dominula	N0.HOG0010673	-1	0.0464199	contraction	main_model
Polistes_dominula	N0.HOG0010790	-1	0.0464199	contraction	main_model
Polistes_dominula	N0.HOG0010791	-1	0.0464199	contraction	main_model
Polistes_dominula	N0.HOG0010810	-1	0.0464199	contraction	main_model
Polistes_dominula	N0.HOG0010866	-1	0.0464199	contraction	main_model
Polistes_dominula	N0.HOG0010896	-1	0.0464199	contraction	main_model
Polistes_dominula	N0.HOG0010930	-1	0.0464199	contraction	main_model
Polistes_dominula	N0.HOG0011243	-1	0.0464199	contraction	main_model
Polistes_dominula	N0.HOG0011245	-1	0.0464199	contraction	main_model
Polistes_dominula	N0.HOG0011475	-1	0.0464199	contraction	main_model
Polistes_dominula	N0.HOG0011499	-1	0.0464199	contraction	main_model
Polistes_dominula	N0.HOG0011775	-1	0.0464199	contraction	main_model
Polistes_dominula	N0.HOG0011808	-1	0.0464199	contraction	main_model
Polistes_dominula	N0.HOG0011813	-1	0.0464199	contraction	main_model
Polistes_dominula	N0.HOG0011814	-1	0.0464199	contraction	main_model
Polistes_dominula	N0.HOG0012236	-1	0.0464199	contraction	main_model
Polistes_dominula	N0.HOG0012240	-1	0.0464199	contraction	main_model
Polistes_dominula	N0.HOG0012652	-1	0.0464199	contraction	main_model
Polistes_dominula	N0.HOG0012687	-1	0.0464199	contraction	main_model
Polistes_dominula	N0.HOG0012808	-1	0.0464199	contraction	main_model
Polistes_dominula	N0.HOG0015301	-1	0.0464199	contraction	main_model
Polistes_dominula	N0.HOG0000104	1	0.0473042	expansion	main_model
Polistes_dominula	N0.HOG0000121	1	0.0473042	expansion	main_model
Polistes_dominula	N0.HOG0000262	1	0.0473042	expansion	main_model
Polistes_exclamans	N0.HOG0009295	12	7.02365e-24	expansion	main_model
Polistes_exclamans	N0.HOG0000159	11	5.63539e-22	expansion	main_model
Polistes_exclamans	N0.HOG0000373	11	1.91477e-19	expansion	main_model
Polistes_exclamans	N0.HOG0000048	6	1.28381e-11	expansion	main_model
Polistes_exclamans	N0.HOG0000228	7	2.03303e-11	expansion	main_model
Polistes_exclamans	N0.HOG0002060	5	1.50347e-10	expansion	main_model
Polistes_exclamans	N0.HOG0000036	6	6.61939e-10	expansion	main_model
Polistes_exclamans	N0.HOG0000061	6	6.61939e-10	expansion	main_model
Polistes_exclamans	N0.HOG0000098	6	2.86929e-09	expansion	main_model
Polistes_exclamans	N0.HOG0000967	4	1.2063e-08	expansion	main_model
Polistes_exclamans	N0.HOG0000651	3	9.67871e-07	expansion	main_model
Polistes_exclamans	N0.HOG0000774	3	9.67871e-07	expansion	main_model
Polistes_exclamans	N0.HOG0000941	3	9.67871e-07	expansion	main_model
Polistes_exclamans	N0.HOG0000945	3	9.67871e-07	expansion	main_model
Polistes_exclamans	N0.HOG0000948	3	9.67871e-07	expansion	main_model
Polistes_exclamans	N0.HOG0001009	3	9.67871e-07	expansion	main_model
Polistes_exclamans	N0.HOG0001010	3	9.67871e-07	expansion	main_model
Polistes_exclamans	N0.HOG0001043	3	9.67871e-07	expansion	main_model
Polistes_exclamans	N0.HOG0001061	3	9.67871e-07	expansion	main_model
Polistes_exclamans	N0.HOG0001193	3	9.67871e-07	expansion	main_model
Polistes_exclamans	N0.HOG0001297	3	9.67871e-07	expansion	main_model
Polistes_exclamans	N0.HOG0001521	3	9.67871e-07	expansion	main_model
Polistes_exclamans	N0.HOG0001630	3	9.67871e-07	expansion	main_model
Polistes_exclamans	N0.HOG0001674	3	9.67871e-07	expansion	main_model
Polistes_exclamans	N0.HOG0001761	3	9.67871e-07	expansion	main_model
Polistes_exclamans	N0.HOG0001857	3	9.67871e-07	expansion	main_model
Polistes_exclamans	N0.HOG0001957	3	9.67871e-07	expansion	main_model
Polistes_exclamans	N0.HOG0002208	3	9.67871e-07	expansion	main_model
Polistes_exclamans	N0.HOG0002212	3	9.67871e-07	expansion	main_model
Polistes_exclamans	N0.HOG0002291	3	9.67871e-07	expansion	main_model
Polistes_exclamans	N0.HOG0002540	3	9.67871e-07	expansion	main_model
Polistes_exclamans	N0.HOG0003560	3	9.67871e-07	expansion	main_model
Polistes_exclamans	N0.HOG0004600	3	9.67871e-07	expansion	main_model
Polistes_exclamans	N0.HOG0009331	3	9.67871e-07	expansion	main_model
Polistes_exclamans	N0.HOG0010619	3	9.67871e-07	expansion	main_model
Polistes_exclamans	N0.HOG0000046	4	1.72182e-06	expansion	main_model
Polistes_exclamans	N0.HOG0000770	4	3.03765e-06	expansion	main_model
Polistes_exclamans	N0.HOG0000089	3	3.79941e-06	expansion	main_model
Polistes_exclamans	N0.HOG0000251	3	3.79941e-06	expansion	main_model
Polistes_exclamans	N0.HOG0000301	3	3.79941e-06	expansion	main_model
Polistes_exclamans	N0.HOG0001133	3	3.79941e-06	expansion	main_model
Polistes_exclamans	N0.HOG0000040	4	5.00806e-06	expansion	main_model
Polistes_exclamans	N0.HOG0000182	3	1.12584e-05	expansion	main_model
Polistes_exclamans	N0.HOG0000283	3	1.12584e-05	expansion	main_model
Polistes_exclamans	N0.HOG0000619	2	7.76568e-05	expansion	main_model
Polistes_exclamans	N0.HOG0000660	2	7.76568e-05	expansion	main_model
Polistes_exclamans	N0.HOG0000694	2	7.76568e-05	expansion	main_model
Polistes_exclamans	N0.HOG0000809	2	7.76568e-05	expansion	main_model
Polistes_exclamans	N0.HOG0000813	2	7.76568e-05	expansion	main_model
Polistes_exclamans	N0.HOG0000826	2	7.76568e-05	expansion	main_model
Polistes_exclamans	N0.HOG0000850	2	7.76568e-05	expansion	main_model
Polistes_exclamans	N0.HOG0000857	2	7.76568e-05	expansion	main_model
Polistes_exclamans	N0.HOG0000889	2	7.76568e-05	expansion	main_model
Polistes_exclamans	N0.HOG0000906	2	7.76568e-05	expansion	main_model
Polistes_exclamans	N0.HOG0000909	2	7.76568e-05	expansion	main_model
Polistes_exclamans	N0.HOG0000939	2	7.76568e-05	expansion	main_model
Polistes_exclamans	N0.HOG0000964	2	7.76568e-05	expansion	main_model
Polistes_exclamans	N0.HOG0000969	2	7.76568e-05	expansion	main_model
Polistes_exclamans	N0.HOG0000981	2	7.76568e-05	expansion	main_model
Polistes_exclamans	N0.HOG0000993	2	7.76568e-05	expansion	main_model
Polistes_exclamans	N0.HOG0001002	2	7.76568e-05	expansion	main_model
Polistes_exclamans	N0.HOG0001004	2	7.76568e-05	expansion	main_model
Polistes_exclamans	N0.HOG0001025	2	7.76568e-05	expansion	main_model
Polistes_exclamans	N0.HOG0001181	2	7.76568e-05	expansion	main_model
Polistes_exclamans	N0.HOG0001267	2	7.76568e-05	expansion	main_model
Polistes_exclamans	N0.HOG0001274	2	7.76568e-05	expansion	main_model
Polistes_exclamans	N0.HOG0001295	2	7.76568e-05	expansion	main_model
Polistes_exclamans	N0.HOG0001310	2	7.76568e-05	expansion	main_model
Polistes_exclamans	N0.HOG0001384	2	7.76568e-05	expansion	main_model
Polistes_exclamans	N0.HOG0001390	2	7.76568e-05	expansion	main_model
Polistes_exclamans	N0.HOG0001467	2	7.76568e-05	expansion	main_model
Polistes_exclamans	N0.HOG0001476	2	7.76568e-05	expansion	main_model
Polistes_exclamans	N0.HOG0001539	2	7.76568e-05	expansion	main_model
Polistes_exclamans	N0.HOG0001721	2	7.76568e-05	expansion	main_model
Polistes_exclamans	N0.HOG0001833	2	7.76568e-05	expansion	main_model
Polistes_exclamans	N0.HOG0001937	2	7.76568e-05	expansion	main_model
Polistes_exclamans	N0.HOG0002110	2	7.76568e-05	expansion	main_model
Polistes_exclamans	N0.HOG0002729	2	7.76568e-05	expansion	main_model
Polistes_exclamans	N0.HOG0005902	2	7.76568e-05	expansion	main_model
Polistes_exclamans	N0.HOG0008383	2	7.76568e-05	expansion	main_model
Polistes_exclamans	N0.HOG0009789	2	7.76568e-05	expansion	main_model
Polistes_exclamans	N0.HOG0010566	2	7.76568e-05	expansion	main_model
Polistes_exclamans	N0.HOG0010896	2	7.76568e-05	expansion	main_model
Polistes_exclamans	N0.HOG0001230	-2	8.51512e-05	contraction	main_model
Polistes_exclamans	N0.HOG0001250	-2	8.51512e-05	contraction	main_model
Polistes_exclamans	N0.HOG0001284	-2	8.51512e-05	contraction	main_model
Polistes_exclamans	N0.HOG0001447	-2	8.51512e-05	contraction	main_model
Polistes_exclamans	N0.HOG0001831	-2	8.51512e-05	contraction	main_model
Polistes_exclamans	N0.HOG0002557	-2	8.51512e-05	contraction	main_model
Polistes_exclamans	N0.HOG0006059	-2	8.51512e-05	contraction	main_model
Polistes_exclamans	N0.HOG0000068	-2	0.000247474	contraction	main_model
Polistes_exclamans	N0.HOG0000224	-2	0.000247474	contraction	main_model
Polistes_exclamans	N0.HOG0000470	-2	0.000247474	contraction	main_model
Polistes_exclamans	N0.HOG0000260	2	0.000384449	expansion	main_model
Polistes_exclamans	N0.HOG0000349	2	0.000384449	expansion	main_model
Polistes_exclamans	N0.HOG0000574	2	0.000384449	expansion	main_model
Polistes_exclamans	N0.HOG0000790	2	0.000384449	expansion	main_model
Polistes_exclamans	N0.HOG0000894	2	0.000384449	expansion	main_model
Polistes_exclamans	N0.HOG0000935	2	0.000384449	expansion	main_model
Polistes_exclamans	N0.HOG0000938	2	0.000384449	expansion	main_model
Polistes_exclamans	N0.HOG0000998	2	0.000384449	expansion	main_model
Polistes_exclamans	N0.HOG0001532	2	0.000384449	expansion	main_model
Polistes_exclamans	N0.HOG0000043	-2	0.000486656	contraction	main_model
Polistes_exclamans	N0.HOG0000834	2	0.000907078	expansion	main_model
Polistes_exclamans	N0.HOG0000113	2	0.0016329	expansion	main_model
Polistes_exclamans	N0.HOG0000263	2	0.0016329	expansion	main_model
Polistes_exclamans	N0.HOG0001203	2	0.0016329	expansion	main_model
Polistes_exclamans	N0.HOG0000059	-2	0.00164347	contraction	main_model
Polistes_exclamans	N0.HOG0000045	1	0.00623076	expansion	main_model
Polistes_exclamans	N0.HOG0000187	1	0.00623076	expansion	main_model
Polistes_exclamans	N0.HOG0000503	1	0.00623076	expansion	main_model
Polistes_exclamans	N0.HOG0000590	1	0.00623076	expansion	main_model
Polistes_exclamans	N0.HOG0000711	1	0.00623076	expansion	main_model
Polistes_exclamans	N0.HOG0000722	1	0.00623076	expansion	main_model
Polistes_exclamans	N0.HOG0000728	1	0.00623076	expansion	main_model
Polistes_exclamans	N0.HOG0000735	1	0.00623076	expansion	main_model
Polistes_exclamans	N0.HOG0000762	1	0.00623076	expansion	main_model
Polistes_exclamans	N0.HOG0000772	1	0.00623076	expansion	main_model
Polistes_exclamans	N0.HOG0000791	1	0.00623076	expansion	main_model
Polistes_exclamans	N0.HOG0000796	1	0.00623076	expansion	main_model
Polistes_exclamans	N0.HOG0000820	1	0.00623076	expansion	main_model
Polistes_exclamans	N0.HOG0000842	1	0.00623076	expansion	main_model
Polistes_exclamans	N0.HOG0000843	1	0.00623076	expansion	main_model
Polistes_exclamans	N0.HOG0000846	1	0.00623076	expansion	main_model
Polistes_exclamans	N0.HOG0000882	1	0.00623076	expansion	main_model
Polistes_exclamans	N0.HOG0000886	1	0.00623076	expansion	main_model
Polistes_exclamans	N0.HOG0000888	1	0.00623076	expansion	main_model
Polistes_exclamans	N0.HOG0000900	1	0.00623076	expansion	main_model
Polistes_exclamans	N0.HOG0000911	1	0.00623076	expansion	main_model
Polistes_exclamans	N0.HOG0000914	1	0.00623076	expansion	main_model
Polistes_exclamans	N0.HOG0000933	1	0.00623076	expansion	main_model
Polistes_exclamans	N0.HOG0000944	1	0.00623076	expansion	main_model
Polistes_exclamans	N0.HOG0000983	1	0.00623076	expansion	main_model
Polistes_exclamans	N0.HOG0000996	1	0.00623076	expansion	main_model
Polistes_exclamans	N0.HOG0001024	1	0.00623076	expansion	main_model
Polistes_exclamans	N0.HOG0001026	1	0.00623076	expansion	main_model
Polistes_exclamans	N0.HOG0001027	1	0.00623076	expansion	main_model
Polistes_exclamans	N0.HOG0001039	1	0.00623076	expansion	main_model
Polistes_exclamans	N0.HOG0001059	1	0.00623076	expansion	main_model
Polistes_exclamans	N0.HOG0001078	1	0.00623076	expansion	main_model
Polistes_exclamans	N0.HOG0001126	1	0.00623076	expansion	main_model
Polistes_exclamans	N0.HOG0001136	1	0.00623076	expansion	main_model
Polistes_exclamans	N0.HOG0001145	1	0.00623076	expansion	main_model
Polistes_exclamans	N0.HOG0001147	1	0.00623076	expansion	main_model
Polistes_exclamans	N0.HOG0001157	1	0.00623076	expansion	main_model
Polistes_exclamans	N0.HOG0001168	1	0.00623076	expansion	main_model
Polistes_exclamans	N0.HOG0001171	1	0.00623076	expansion	main_model
Polistes_exclamans	N0.HOG0001173	1	0.00623076	expansion	main_model
Polistes_exclamans	N0.HOG0001185	1	0.00623076	expansion	main_model
Polistes_exclamans	N0.HOG0001187	1	0.00623076	expansion	main_model
Polistes_exclamans	N0.HOG0001190	1	0.00623076	expansion	main_model
Polistes_exclamans	N0.HOG0001194	1	0.00623076	expansion	main_model
Polistes_exclamans	N0.HOG0001207	1	0.00623076	expansion	main_model
Polistes_exclamans	N0.HOG0001221	1	0.00623076	expansion	main_model
Polistes_exclamans	N0.HOG0001227	1	0.00623076	expansion	main_model
Polistes_exclamans	N0.HOG0001233	1	0.00623076	expansion	main_model
Polistes_exclamans	N0.HOG0001235	1	0.00623076	expansion	main_model
Polistes_exclamans	N0.HOG0001238	1	0.00623076	expansion	main_model
Polistes_exclamans	N0.HOG0001241	1	0.00623076	expansion	main_model
Polistes_exclamans	N0.HOG0001243	1	0.00623076	expansion	main_model
Polistes_exclamans	N0.HOG0001248	1	0.00623076	expansion	main_model
Polistes_exclamans	N0.HOG0001259	1	0.00623076	expansion	main_model
Polistes_exclamans	N0.HOG0001264	1	0.00623076	expansion	main_model
Polistes_exclamans	N0.HOG0001278	1	0.00623076	expansion	main_model
Polistes_exclamans	N0.HOG0001305	1	0.00623076	expansion	main_model
Polistes_exclamans	N0.HOG0001314	1	0.00623076	expansion	main_model
Polistes_exclamans	N0.HOG0001352	1	0.00623076	expansion	main_model
Polistes_exclamans	N0.HOG0001353	1	0.00623076	expansion	main_model
Polistes_exclamans	N0.HOG0001380	1	0.00623076	expansion	main_model
Polistes_exclamans	N0.HOG0001410	1	0.00623076	expansion	main_model
Polistes_exclamans	N0.HOG0001424	1	0.00623076	expansion	main_model
Polistes_exclamans	N0.HOG0001445	1	0.00623076	expansion	main_model
Polistes_exclamans	N0.HOG0001449	1	0.00623076	expansion	main_model
Polistes_exclamans	N0.HOG0001460	1	0.00623076	expansion	main_model
Polistes_exclamans	N0.HOG0001488	1	0.00623076	expansion	main_model
Polistes_exclamans	N0.HOG0001502	1	0.00623076	expansion	main_model
Polistes_exclamans	N0.HOG0001546	1	0.00623076	expansion	main_model
Polistes_exclamans	N0.HOG0001547	1	0.00623076	expansion	main_model
Polistes_exclamans	N0.HOG0001560	1	0.00623076	expansion	main_model
Polistes_exclamans	N0.HOG0001578	1	0.00623076	expansion	main_model
Polistes_exclamans	N0.HOG0001605	1	0.00623076	expansion	main_model
Polistes_exclamans	N0.HOG0001622	1	0.00623076	expansion	main_model
Polistes_exclamans	N0.HOG0001639	1	0.00623076	expansion	main_model
Polistes_exclamans	N0.HOG0001693	1	0.00623076	expansion	main_model
Polistes_exclamans	N0.HOG0001696	1	0.00623076	expansion	main_model
Polistes_exclamans	N0.HOG0001725	1	0.00623076	expansion	main_model
Polistes_exclamans	N0.HOG0001777	1	0.00623076	expansion	main_model
Polistes_exclamans	N0.HOG0001811	1	0.00623076	expansion	main_model
Polistes_exclamans	N0.HOG0001989	1	0.00623076	expansion	main_model
Polistes_exclamans	N0.HOG0002028	1	0.00623076	expansion	main_model
Polistes_exclamans	N0.HOG0002153	1	0.00623076	expansion	main_model
Polistes_exclamans	N0.HOG0002177	1	0.00623076	expansion	main_model
Polistes_exclamans	N0.HOG0002654	1	0.00623076	expansion	main_model
Polistes_exclamans	N0.HOG0002852	1	0.00623076	expansion	main_model
Polistes_exclamans	N0.HOG0002932	1	0.00623076	expansion	main_model
Polistes_exclamans	N0.HOG0005904	1	0.00623076	expansion	main_model
Polistes_exclamans	N0.HOG0006183	1	0.00623076	expansion	main_model
Polistes_exclamans	N0.HOG0006268	1	0.00623076	expansion	main_model
Polistes_exclamans	N0.HOG0006455	1	0.00623076	expansion	main_model
Polistes_exclamans	N0.HOG0006530	1	0.00623076	expansion	main_model
Polistes_exclamans	N0.HOG0006779	1	0.00623076	expansion	main_model
Polistes_exclamans	N0.HOG0007131	1	0.00623076	expansion	main_model
Polistes_exclamans	N0.HOG0007261	1	0.00623076	expansion	main_model
Polistes_exclamans	N0.HOG0007781	1	0.00623076	expansion	main_model
Polistes_exclamans	N0.HOG0007850	1	0.00623076	expansion	main_model
Polistes_exclamans	N0.HOG0007962	1	0.00623076	expansion	main_model
Polistes_exclamans	N0.HOG0008040	1	0.00623076	expansion	main_model
Polistes_exclamans	N0.HOG0008576	1	0.00623076	expansion	main_model
Polistes_exclamans	N0.HOG0008622	1	0.00623076	expansion	main_model
Polistes_exclamans	N0.HOG0009207	1	0.00623076	expansion	main_model
Polistes_exclamans	N0.HOG0009319	1	0.00623076	expansion	main_model
Polistes_exclamans	N0.HOG0009391	1	0.00623076	expansion	main_model
Polistes_exclamans	N0.HOG0009397	1	0.00623076	expansion	main_model
Polistes_exclamans	N0.HOG0009481	1	0.00623076	expansion	main_model
Polistes_exclamans	N0.HOG0009525	1	0.00623076	expansion	main_model
Polistes_exclamans	N0.HOG0010064	1	0.00623076	expansion	main_model
Polistes_exclamans	N0.HOG0010096	1	0.00623076	expansion	main_model
Polistes_exclamans	N0.HOG0010179	1	0.00623076	expansion	main_model
Polistes_exclamans	N0.HOG0000007	1	0.0124616	expansion	main_model
Polistes_exclamans	N0.HOG0000253	1	0.0124616	expansion	main_model
Polistes_exclamans	N0.HOG0000266	1	0.0124616	expansion	main_model
Polistes_exclamans	N0.HOG0000331	1	0.0124616	expansion	main_model
Polistes_exclamans	N0.HOG0000333	1	0.0124616	expansion	main_model
Polistes_exclamans	N0.HOG0000618	1	0.0124616	expansion	main_model
Polistes_exclamans	N0.HOG0000625	1	0.0124616	expansion	main_model
Polistes_exclamans	N0.HOG0000644	1	0.0124616	expansion	main_model
Polistes_exclamans	N0.HOG0000761	1	0.0124616	expansion	main_model
Polistes_exclamans	N0.HOG0000765	1	0.0124616	expansion	main_model
Polistes_exclamans	N0.HOG0000768	1	0.0124616	expansion	main_model
Polistes_exclamans	N0.HOG0000792	1	0.0124616	expansion	main_model
Polistes_exclamans	N0.HOG0000836	1	0.0124616	expansion	main_model
Polistes_exclamans	N0.HOG0000859	1	0.0124616	expansion	main_model
Polistes_exclamans	N0.HOG0000895	1	0.0124616	expansion	main_model
Polistes_exclamans	N0.HOG0000898	1	0.0124616	expansion	main_model
Polistes_exclamans	N0.HOG0001159	1	0.0124616	expansion	main_model
Polistes_exclamans	N0.HOG0001200	1	0.0124616	expansion	main_model
Polistes_exclamans	N0.HOG0001322	1	0.0124616	expansion	main_model
Polistes_exclamans	N0.HOG0001423	1	0.0124616	expansion	main_model
Polistes_exclamans	N0.HOG0001481	1	0.0124616	expansion	main_model
Polistes_exclamans	N0.HOG0001589	1	0.0124616	expansion	main_model
Polistes_exclamans	N0.HOG0002710	1	0.0124616	expansion	main_model
Polistes_exclamans	N0.HOG0009111	1	0.0124616	expansion	main_model
Polistes_exclamans	N0.HOG0010022	1	0.0124616	expansion	main_model
Polistes_exclamans	N0.HOG0000244	-1	0.0185398	contraction	main_model
Polistes_exclamans	N0.HOG0000322	-1	0.0185398	contraction	main_model
Polistes_exclamans	N0.HOG0000345	-1	0.0185398	contraction	main_model
Polistes_exclamans	N0.HOG0000429	-1	0.0185398	contraction	main_model
Polistes_exclamans	N0.HOG0000794	-1	0.0185398	contraction	main_model
Polistes_exclamans	N0.HOG0000854	-1	0.0185398	contraction	main_model
Polistes_exclamans	N0.HOG0000968	-1	0.0185398	contraction	main_model
Polistes_exclamans	N0.HOG0000995	-1	0.0185398	contraction	main_model
Polistes_exclamans	N0.HOG0001108	-1	0.0185398	contraction	main_model
Polistes_exclamans	N0.HOG0001150	-1	0.0185398	contraction	main_model
Polistes_exclamans	N0.HOG0001236	-1	0.0185398	contraction	main_model
Polistes_exclamans	N0.HOG0001346	-1	0.0185398	contraction	main_model
Polistes_exclamans	N0.HOG0001478	-1	0.0185398	contraction	main_model
Polistes_exclamans	N0.HOG0001587	-1	0.0185398	contraction	main_model
Polistes_exclamans	N0.HOG0001676	-1	0.0185398	contraction	main_model
Polistes_exclamans	N0.HOG0005492	-1	0.0185398	contraction	main_model
Polistes_exclamans	N0.HOG0006063	-1	0.0185398	contraction	main_model
Polistes_exclamans	N0.HOG0006793	-1	0.0185398	contraction	main_model
Polistes_exclamans	N0.HOG0006869	-1	0.0185398	contraction	main_model
Polistes_exclamans	N0.HOG0007166	-1	0.0185398	contraction	main_model
Polistes_exclamans	N0.HOG0007269	-1	0.0185398	contraction	main_model
Polistes_exclamans	N0.HOG0007399	-1	0.0185398	contraction	main_model
Polistes_exclamans	N0.HOG0007730	-1	0.0185398	contraction	main_model
Polistes_exclamans	N0.HOG0007746	-1	0.0185398	contraction	main_model
Polistes_exclamans	N0.HOG0007749	-1	0.0185398	contraction	main_model
Polistes_exclamans	N0.HOG0007754	-1	0.0185398	contraction	main_model
Polistes_exclamans	N0.HOG0007805	-1	0.0185398	contraction	main_model
Polistes_exclamans	N0.HOG0007820	-1	0.0185398	contraction	main_model
Polistes_exclamans	N0.HOG0007946	-1	0.0185398	contraction	main_model
Polistes_exclamans	N0.HOG0008233	-1	0.0185398	contraction	main_model
Polistes_exclamans	N0.HOG0008277	-1	0.0185398	contraction	main_model
Polistes_exclamans	N0.HOG0008329	-1	0.0185398	contraction	main_model
Polistes_exclamans	N0.HOG0008400	-1	0.0185398	contraction	main_model
Polistes_exclamans	N0.HOG0008506	-1	0.0185398	contraction	main_model
Polistes_exclamans	N0.HOG0008508	-1	0.0185398	contraction	main_model
Polistes_exclamans	N0.HOG0008528	-1	0.0185398	contraction	main_model
Polistes_exclamans	N0.HOG0008585	-1	0.0185398	contraction	main_model
Polistes_exclamans	N0.HOG0008632	-1	0.0185398	contraction	main_model
Polistes_exclamans	N0.HOG0008646	-1	0.0185398	contraction	main_model
Polistes_exclamans	N0.HOG0008647	-1	0.0185398	contraction	main_model
Polistes_exclamans	N0.HOG0008681	-1	0.0185398	contraction	main_model
Polistes_exclamans	N0.HOG0008712	-1	0.0185398	contraction	main_model
Polistes_exclamans	N0.HOG0008816	-1	0.0185398	contraction	main_model
Polistes_exclamans	N0.HOG0008837	-1	0.0185398	contraction	main_model
Polistes_exclamans	N0.HOG0008894	-1	0.0185398	contraction	main_model
Polistes_exclamans	N0.HOG0008901	-1	0.0185398	contraction	main_model
Polistes_exclamans	N0.HOG0008956	-1	0.0185398	contraction	main_model
Polistes_exclamans	N0.HOG0008984	-1	0.0185398	contraction	main_model
Polistes_exclamans	N0.HOG0008993	-1	0.0185398	contraction	main_model
Polistes_exclamans	N0.HOG0008997	-1	0.0185398	contraction	main_model
Polistes_exclamans	N0.HOG0009033	-1	0.0185398	contraction	main_model
Polistes_exclamans	N0.HOG0009041	-1	0.0185398	contraction	main_model
Polistes_exclamans	N0.HOG0009047	-1	0.0185398	contraction	main_model
Polistes_exclamans	N0.HOG0009081	-1	0.0185398	contraction	main_model
Polistes_exclamans	N0.HOG0009086	-1	0.0185398	contraction	main_model
Polistes_exclamans	N0.HOG0009090	-1	0.0185398	contraction	main_model
Polistes_exclamans	N0.HOG0009122	-1	0.0185398	contraction	main_model
Polistes_exclamans	N0.HOG0009130	-1	0.0185398	contraction	main_model
Polistes_exclamans	N0.HOG0009160	-1	0.0185398	contraction	main_model
Polistes_exclamans	N0.HOG0009209	-1	0.0185398	contraction	main_model
Polistes_exclamans	N0.HOG0009220	-1	0.0185398	contraction	main_model
Polistes_exclamans	N0.HOG0009428	-1	0.0185398	contraction	main_model
Polistes_exclamans	N0.HOG0009450	-1	0.0185398	contraction	main_model
Polistes_exclamans	N0.HOG0009459	-1	0.0185398	contraction	main_model
Polistes_exclamans	N0.HOG0009486	-1	0.0185398	contraction	main_model
Polistes_exclamans	N0.HOG0009566	-1	0.0185398	contraction	main_model
Polistes_exclamans	N0.HOG0009717	-1	0.0185398	contraction	main_model
Polistes_exclamans	N0.HOG0009718	-1	0.0185398	contraction	main_model
Polistes_exclamans	N0.HOG0009835	-1	0.0185398	contraction	main_model
Polistes_exclamans	N0.HOG0009867	-1	0.0185398	contraction	main_model
Polistes_exclamans	N0.HOG0009906	-1	0.0185398	contraction	main_model
Polistes_exclamans	N0.HOG0009993	-1	0.0185398	contraction	main_model
Polistes_exclamans	N0.HOG0010016	-1	0.0185398	contraction	main_model
Polistes_exclamans	N0.HOG0010045	-1	0.0185398	contraction	main_model
Polistes_exclamans	N0.HOG0010293	-1	0.0185398	contraction	main_model
Polistes_exclamans	N0.HOG0011775	-1	0.0185398	contraction	main_model
Polistes_exclamans	N0.HOG0000103	1	0.0186877	expansion	main_model
Polistes_exclamans	N0.HOG0000161	1	0.0186877	expansion	main_model
Polistes_exclamans	N0.HOG0000203	1	0.0186877	expansion	main_model
Polistes_exclamans	N0.HOG0000222	1	0.0186877	expansion	main_model
Polistes_exclamans	N0.HOG0000235	1	0.0186877	expansion	main_model
Polistes_exclamans	N0.HOG0000274	1	0.0186877	expansion	main_model
Polistes_exclamans	N0.HOG0000295	1	0.0186877	expansion	main_model
Polistes_exclamans	N0.HOG0000350	1	0.0186877	expansion	main_model
Polistes_exclamans	N0.HOG0000354	1	0.0186877	expansion	main_model
Polistes_exclamans	N0.HOG0000733	1	0.0186877	expansion	main_model
Polistes_exclamans	N0.HOG0000179	1	0.0311084	expansion	main_model
Polistes_exclamans	N0.HOG0000211	1	0.0311084	expansion	main_model
Polistes_exclamans	N0.HOG0000145	-1	0.0364718	contraction	main_model
Polistes_exclamans	N0.HOG0000223	-1	0.0364718	contraction	main_model
Polistes_exclamans	N0.HOG0000241	-1	0.0364718	contraction	main_model
Polistes_exclamans	N0.HOG0000402	-1	0.0364718	contraction	main_model
Polistes_exclamans	N0.HOG0000464	-1	0.0364718	contraction	main_model
Polistes_exclamans	N0.HOG0000504	-1	0.0364718	contraction	main_model
Polistes_exclamans	N0.HOG0000550	-1	0.0364718	contraction	main_model
Polistes_exclamans	N0.HOG0000602	-1	0.0364718	contraction	main_model
Polistes_exclamans	N0.HOG0000658	-1	0.0364718	contraction	main_model
Polistes_exclamans	N0.HOG0000681	-1	0.0364718	contraction	main_model
Polistes_exclamans	N0.HOG0000771	-1	0.0364718	contraction	main_model
Polistes_exclamans	N0.HOG0000780	-1	0.0364718	contraction	main_model
Polistes_exclamans	N0.HOG0000803	-1	0.0364718	contraction	main_model
Polistes_exclamans	N0.HOG0000865	-1	0.0364718	contraction	main_model
Polistes_exclamans	N0.HOG0001062	-1	0.0364718	contraction	main_model
Polistes_exclamans	N0.HOG0001127	-1	0.0364718	contraction	main_model
Polistes_exclamans	N0.HOG0001160	-1	0.0364718	contraction	main_model
Polistes_exclamans	N0.HOG0001313	-1	0.0364718	contraction	main_model
Polistes_exclamans	N0.HOG0001566	-1	0.0364718	contraction	main_model
Polistes_exclamans	N0.HOG0005916	-1	0.0364718	contraction	main_model
Polistes_exclamans	N0.HOG0000028	1	0.037295	expansion	main_model
Polistes_exclamans	N0.HOG0000069	1	0.037295	expansion	main_model
Polistes_exclamans	N0.HOG0000019	1	0.0496029	expansion	main_model
Polistes_fuscatus	N0.HOG0001699	13	6.37334e-23	expansion	main_model
Polistes_fuscatus	N0.HOG0001587	11	1.48847e-19	expansion	main_model
Polistes_fuscatus	N0.HOG0000639	8	7.0194e-13	expansion	main_model
Polistes_fuscatus	N0.HOG0001419	8	2.48045e-12	expansion	main_model
Polistes_fuscatus	N0.HOG0000053	8	7.17218e-12	expansion	main_model
Polistes_fuscatus	N0.HOG0000042	7	2.31628e-10	expansion	main_model
Polistes_fuscatus	N0.HOG0000351	6	2.64985e-10	expansion	main_model
Polistes_fuscatus	N0.HOG0002253	5	1.89607e-09	expansion	main_model
Polistes_fuscatus	N0.HOG0006728	4	9.16306e-08	expansion	main_model
Polistes_fuscatus	N0.HOG0002052	3	4.42819e-06	expansion	main_model
Polistes_fuscatus	N0.HOG0000155	3	1.71669e-05	expansion	main_model
Polistes_fuscatus	N0.HOG0006063	2	0.000213999	expansion	main_model
Polistes_fuscatus	N0.HOG0000201	3	0.000219305	expansion	main_model
Polistes_fuscatus	N0.HOG0000089	-2	0.00024756	contraction	main_model
Polistes_fuscatus	N0.HOG0001142	-2	0.00024756	contraction	main_model
Polistes_fuscatus	N0.HOG0000592	-2	0.000705534	contraction	main_model
Polistes_fuscatus	N0.HOG0000114	2	0.00105257	expansion	main_model
Polistes_fuscatus	N0.HOG0000333	2	0.00105257	expansion	main_model
Polistes_fuscatus	N0.HOG0001284	2	0.00105257	expansion	main_model
Polistes_fuscatus	N0.HOG0002857	2	0.00105257	expansion	main_model
Polistes_fuscatus	N0.HOG0000211	-2	0.00137173	contraction	main_model
Polistes_fuscatus	N0.HOG0000269	2	0.0024556	expansion	main_model
Polistes_fuscatus	N0.HOG0000346	2	0.0024556	expansion	main_model
Polistes_fuscatus	N0.HOG0000098	-2	0.00591108	contraction	main_model
Polistes_fuscatus	N0.HOG0000046	2	0.00952208	expansion	main_model
Polistes_fuscatus	N0.HOG0000228	2	0.00952208	expansion	main_model
Polistes_fuscatus	N0.HOG0000015	1	0.0103418	expansion	main_model
Polistes_fuscatus	N0.HOG0000037	1	0.0103418	expansion	main_model
Polistes_fuscatus	N0.HOG0000272	1	0.0103418	expansion	main_model
Polistes_fuscatus	N0.HOG0000442	1	0.0103418	expansion	main_model
Polistes_fuscatus	N0.HOG0000705	1	0.0103418	expansion	main_model
Polistes_fuscatus	N0.HOG0000744	1	0.0103418	expansion	main_model
Polistes_fuscatus	N0.HOG0000794	1	0.0103418	expansion	main_model
Polistes_fuscatus	N0.HOG0000795	1	0.0103418	expansion	main_model
Polistes_fuscatus	N0.HOG0000965	1	0.0103418	expansion	main_model
Polistes_fuscatus	N0.HOG0001277	1	0.0103418	expansion	main_model
Polistes_fuscatus	N0.HOG0001372	1	0.0103418	expansion	main_model
Polistes_fuscatus	N0.HOG0001455	1	0.0103418	expansion	main_model
Polistes_fuscatus	N0.HOG0001478	1	0.0103418	expansion	main_model
Polistes_fuscatus	N0.HOG0001741	1	0.0103418	expansion	main_model
Polistes_fuscatus	N0.HOG0002010	1	0.0103418	expansion	main_model
Polistes_fuscatus	N0.HOG0002800	1	0.0103418	expansion	main_model
Polistes_fuscatus	N0.HOG0007984	1	0.0103418	expansion	main_model
Polistes_fuscatus	N0.HOG0008228	1	0.0103418	expansion	main_model
Polistes_fuscatus	N0.HOG0008384	1	0.0103418	expansion	main_model
Polistes_fuscatus	N0.HOG0008465	1	0.0103418	expansion	main_model
Polistes_fuscatus	N0.HOG0009240	1	0.0103418	expansion	main_model
Polistes_fuscatus	N0.HOG0000029	2	0.019936	expansion	main_model
Polistes_fuscatus	N0.HOG0000175	2	0.019936	expansion	main_model
Polistes_fuscatus	N0.HOG0000123	1	0.0206842	expansion	main_model
Polistes_fuscatus	N0.HOG0000163	1	0.0206842	expansion	main_model
Polistes_fuscatus	N0.HOG0000260	1	0.0206842	expansion	main_model
Polistes_fuscatus	N0.HOG0000396	1	0.0206842	expansion	main_model
Polistes_fuscatus	N0.HOG0000486	1	0.0206842	expansion	main_model
Polistes_fuscatus	N0.HOG0000527	1	0.0206842	expansion	main_model
Polistes_fuscatus	N0.HOG0000695	1	0.0206842	expansion	main_model
Polistes_fuscatus	N0.HOG0001250	1	0.0206842	expansion	main_model
Polistes_fuscatus	N0.HOG0001447	1	0.0206842	expansion	main_model
Polistes_fuscatus	N0.HOG0001532	1	0.0206842	expansion	main_model
Polistes_fuscatus	N0.HOG0002557	1	0.0206842	expansion	main_model
Polistes_fuscatus	N0.HOG0000236	2	0.0282474	expansion	main_model
Polistes_fuscatus	N0.HOG0000048	-1	0.0306106	contraction	main_model
Polistes_fuscatus	N0.HOG0000051	-1	0.0306106	contraction	main_model
Polistes_fuscatus	N0.HOG0000159	-1	0.0306106	contraction	main_model
Polistes_fuscatus	N0.HOG0000166	-1	0.0306106	contraction	main_model
Polistes_fuscatus	N0.HOG0000249	-1	0.0306106	contraction	main_model
Polistes_fuscatus	N0.HOG0000422	-1	0.0306106	contraction	main_model
Polistes_fuscatus	N0.HOG0000429	-1	0.0306106	contraction	main_model
Polistes_fuscatus	N0.HOG0000555	-1	0.0306106	contraction	main_model
Polistes_fuscatus	N0.HOG0000660	-1	0.0306106	contraction	main_model
Polistes_fuscatus	N0.HOG0000685	-1	0.0306106	contraction	main_model
Polistes_fuscatus	N0.HOG0000711	-1	0.0306106	contraction	main_model
Polistes_fuscatus	N0.HOG0000766	-1	0.0306106	contraction	main_model
Polistes_fuscatus	N0.HOG0000785	-1	0.0306106	contraction	main_model
Polistes_fuscatus	N0.HOG0000788	-1	0.0306106	contraction	main_model
Polistes_fuscatus	N0.HOG0000800	-1	0.0306106	contraction	main_model
Polistes_fuscatus	N0.HOG0000808	-1	0.0306106	contraction	main_model
Polistes_fuscatus	N0.HOG0000843	-1	0.0306106	contraction	main_model
Polistes_fuscatus	N0.HOG0000863	-1	0.0306106	contraction	main_model
Polistes_fuscatus	N0.HOG0000872	-1	0.0306106	contraction	main_model
Polistes_fuscatus	N0.HOG0000930	-1	0.0306106	contraction	main_model
Polistes_fuscatus	N0.HOG0000972	-1	0.0306106	contraction	main_model
Polistes_fuscatus	N0.HOG0001091	-1	0.0306106	contraction	main_model
Polistes_fuscatus	N0.HOG0001241	-1	0.0306106	contraction	main_model
Polistes_fuscatus	N0.HOG0001303	-1	0.0306106	contraction	main_model
Polistes_fuscatus	N0.HOG0001319	-1	0.0306106	contraction	main_model
Polistes_fuscatus	N0.HOG0001395	-1	0.0306106	contraction	main_model
Polistes_fuscatus	N0.HOG0001401	-1	0.0306106	contraction	main_model
Polistes_fuscatus	N0.HOG0001415	-1	0.0306106	contraction	main_model
Polistes_fuscatus	N0.HOG0001622	-1	0.0306106	contraction	main_model
Polistes_fuscatus	N0.HOG0001675	-1	0.0306106	contraction	main_model
Polistes_fuscatus	N0.HOG0001676	-1	0.0306106	contraction	main_model
Polistes_fuscatus	N0.HOG0001857	-1	0.0306106	contraction	main_model
Polistes_fuscatus	N0.HOG0001931	-1	0.0306106	contraction	main_model
Polistes_fuscatus	N0.HOG0001937	-1	0.0306106	contraction	main_model
Polistes_fuscatus	N0.HOG0001957	-1	0.0306106	contraction	main_model
Polistes_fuscatus	N0.HOG0002342	-1	0.0306106	contraction	main_model
Polistes_fuscatus	N0.HOG0002540	-1	0.0306106	contraction	main_model
Polistes_fuscatus	N0.HOG0002945	-1	0.0306106	contraction	main_model
Polistes_fuscatus	N0.HOG0003487	-1	0.0306106	contraction	main_model
Polistes_fuscatus	N0.HOG0004299	-1	0.0306106	contraction	main_model
Polistes_fuscatus	N0.HOG0004806	-1	0.0306106	contraction	main_model
Polistes_fuscatus	N0.HOG0005583	-1	0.0306106	contraction	main_model
Polistes_fuscatus	N0.HOG0005902	-1	0.0306106	contraction	main_model
Polistes_fuscatus	N0.HOG0005904	-1	0.0306106	contraction	main_model
Polistes_fuscatus	N0.HOG0006640	-1	0.0306106	contraction	main_model
Polistes_fuscatus	N0.HOG0006793	-1	0.0306106	contraction	main_model
Polistes_fuscatus	N0.HOG0007194	-1	0.0306106	contraction	main_model
Polistes_fuscatus	N0.HOG0007409	-1	0.0306106	contraction	main_model
Polistes_fuscatus	N0.HOG0007754	-1	0.0306106	contraction	main_model
Polistes_fuscatus	N0.HOG0007805	-1	0.0306106	contraction	main_model
Polistes_fuscatus	N0.HOG0007854	-1	0.0306106	contraction	main_model
Polistes_fuscatus	N0.HOG0008109	-1	0.0306106	contraction	main_model
Polistes_fuscatus	N0.HOG0008121	-1	0.0306106	contraction	main_model
Polistes_fuscatus	N0.HOG0008127	-1	0.0306106	contraction	main_model
Polistes_fuscatus	N0.HOG0008169	-1	0.0306106	contraction	main_model
Polistes_fuscatus	N0.HOG0008192	-1	0.0306106	contraction	main_model
Polistes_fuscatus	N0.HOG0008329	-1	0.0306106	contraction	main_model
Polistes_fuscatus	N0.HOG0008348	-1	0.0306106	contraction	main_model
Polistes_fuscatus	N0.HOG0008383	-1	0.0306106	contraction	main_model
Polistes_fuscatus	N0.HOG0008408	-1	0.0306106	contraction	main_model
Polistes_fuscatus	N0.HOG0008451	-1	0.0306106	contraction	main_model
Polistes_fuscatus	N0.HOG0008485	-1	0.0306106	contraction	main_model
Polistes_fuscatus	N0.HOG0008508	-1	0.0306106	contraction	main_model
Polistes_fuscatus	N0.HOG0008556	-1	0.0306106	contraction	main_model
Polistes_fuscatus	N0.HOG0008627	-1	0.0306106	contraction	main_model
Polistes_fuscatus	N0.HOG0008629	-1	0.0306106	contraction	main_model
Polistes_fuscatus	N0.HOG0008670	-1	0.0306106	contraction	main_model
Polistes_fuscatus	N0.HOG0008689	-1	0.0306106	contraction	main_model
Polistes_fuscatus	N0.HOG0008712	-1	0.0306106	contraction	main_model
Polistes_fuscatus	N0.HOG0008724	-1	0.0306106	contraction	main_model
Polistes_fuscatus	N0.HOG0008772	-1	0.0306106	contraction	main_model
Polistes_fuscatus	N0.HOG0008785	-1	0.0306106	contraction	main_model
Polistes_fuscatus	N0.HOG0008787	-1	0.0306106	contraction	main_model
Polistes_fuscatus	N0.HOG0008789	-1	0.0306106	contraction	main_model
Polistes_fuscatus	N0.HOG0008837	-1	0.0306106	contraction	main_model
Polistes_fuscatus	N0.HOG0008854	-1	0.0306106	contraction	main_model
Polistes_fuscatus	N0.HOG0008858	-1	0.0306106	contraction	main_model
Polistes_fuscatus	N0.HOG0008861	-1	0.0306106	contraction	main_model
Polistes_fuscatus	N0.HOG0008873	-1	0.0306106	contraction	main_model
Polistes_fuscatus	N0.HOG0008939	-1	0.0306106	contraction	main_model
Polistes_fuscatus	N0.HOG0008948	-1	0.0306106	contraction	main_model
Polistes_fuscatus	N0.HOG0008989	-1	0.0306106	contraction	main_model
Polistes_fuscatus	N0.HOG0008998	-1	0.0306106	contraction	main_model
Polistes_fuscatus	N0.HOG0009002	-1	0.0306106	contraction	main_model
Polistes_fuscatus	N0.HOG0009007	-1	0.0306106	contraction	main_model
Polistes_fuscatus	N0.HOG0009021	-1	0.0306106	contraction	main_model
Polistes_fuscatus	N0.HOG0009093	-1	0.0306106	contraction	main_model
Polistes_fuscatus	N0.HOG0009109	-1	0.0306106	contraction	main_model
Polistes_fuscatus	N0.HOG0009127	-1	0.0306106	contraction	main_model
Polistes_fuscatus	N0.HOG0009153	-1	0.0306106	contraction	main_model
Polistes_fuscatus	N0.HOG0009160	-1	0.0306106	contraction	main_model
Polistes_fuscatus	N0.HOG0009195	-1	0.0306106	contraction	main_model
Polistes_fuscatus	N0.HOG0009198	-1	0.0306106	contraction	main_model
Polistes_fuscatus	N0.HOG0009204	-1	0.0306106	contraction	main_model
Polistes_fuscatus	N0.HOG0009220	-1	0.0306106	contraction	main_model
Polistes_fuscatus	N0.HOG0009291	-1	0.0306106	contraction	main_model
Polistes_fuscatus	N0.HOG0009295	-1	0.0306106	contraction	main_model
Polistes_fuscatus	N0.HOG0009303	-1	0.0306106	contraction	main_model
Polistes_fuscatus	N0.HOG0009318	-1	0.0306106	contraction	main_model
Polistes_fuscatus	N0.HOG0009349	-1	0.0306106	contraction	main_model
Polistes_fuscatus	N0.HOG0009351	-1	0.0306106	contraction	main_model
Polistes_fuscatus	N0.HOG0009352	-1	0.0306106	contraction	main_model
Polistes_fuscatus	N0.HOG0009397	-1	0.0306106	contraction	main_model
Polistes_fuscatus	N0.HOG0009412	-1	0.0306106	contraction	main_model
Polistes_fuscatus	N0.HOG0009430	-1	0.0306106	contraction	main_model
Polistes_fuscatus	N0.HOG0009441	-1	0.0306106	contraction	main_model
Polistes_fuscatus	N0.HOG0009459	-1	0.0306106	contraction	main_model
Polistes_fuscatus	N0.HOG0009481	-1	0.0306106	contraction	main_model
Polistes_fuscatus	N0.HOG0009533	-1	0.0306106	contraction	main_model
Polistes_fuscatus	N0.HOG0009535	-1	0.0306106	contraction	main_model
Polistes_fuscatus	N0.HOG0009548	-1	0.0306106	contraction	main_model
Polistes_fuscatus	N0.HOG0009549	-1	0.0306106	contraction	main_model
Polistes_fuscatus	N0.HOG0009558	-1	0.0306106	contraction	main_model
Polistes_fuscatus	N0.HOG0009561	-1	0.0306106	contraction	main_model
Polistes_fuscatus	N0.HOG0009574	-1	0.0306106	contraction	main_model
Polistes_fuscatus	N0.HOG0009601	-1	0.0306106	contraction	main_model
Polistes_fuscatus	N0.HOG0009618	-1	0.0306106	contraction	main_model
Polistes_fuscatus	N0.HOG0009639	-1	0.0306106	contraction	main_model
Polistes_fuscatus	N0.HOG0009661	-1	0.0306106	contraction	main_model
Polistes_fuscatus	N0.HOG0009663	-1	0.0306106	contraction	main_model
Polistes_fuscatus	N0.HOG0009694	-1	0.0306106	contraction	main_model
Polistes_fuscatus	N0.HOG0009718	-1	0.0306106	contraction	main_model
Polistes_fuscatus	N0.HOG0009752	-1	0.0306106	contraction	main_model
Polistes_fuscatus	N0.HOG0009825	-1	0.0306106	contraction	main_model
Polistes_fuscatus	N0.HOG0009875	-1	0.0306106	contraction	main_model
Polistes_fuscatus	N0.HOG0009898	-1	0.0306106	contraction	main_model
Polistes_fuscatus	N0.HOG0009907	-1	0.0306106	contraction	main_model
Polistes_fuscatus	N0.HOG0009915	-1	0.0306106	contraction	main_model
Polistes_fuscatus	N0.HOG0009945	-1	0.0306106	contraction	main_model
Polistes_fuscatus	N0.HOG0009977	-1	0.0306106	contraction	main_model
Polistes_fuscatus	N0.HOG0010012	-1	0.0306106	contraction	main_model
Polistes_fuscatus	N0.HOG0010016	-1	0.0306106	contraction	main_model
Polistes_fuscatus	N0.HOG0010020	-1	0.0306106	contraction	main_model
Polistes_fuscatus	N0.HOG0010041	-1	0.0306106	contraction	main_model
Polistes_fuscatus	N0.HOG0010045	-1	0.0306106	contraction	main_model
Polistes_fuscatus	N0.HOG0010095	-1	0.0306106	contraction	main_model
Polistes_fuscatus	N0.HOG0010096	-1	0.0306106	contraction	main_model
Polistes_fuscatus	N0.HOG0010124	-1	0.0306106	contraction	main_model
Polistes_fuscatus	N0.HOG0010133	-1	0.0306106	contraction	main_model
Polistes_fuscatus	N0.HOG0010164	-1	0.0306106	contraction	main_model
Polistes_fuscatus	N0.HOG0010168	-1	0.0306106	contraction	main_model
Polistes_fuscatus	N0.HOG0010179	-1	0.0306106	contraction	main_model
Polistes_fuscatus	N0.HOG0010180	-1	0.0306106	contraction	main_model
Polistes_fuscatus	N0.HOG0010181	-1	0.0306106	contraction	main_model
Polistes_fuscatus	N0.HOG0010219	-1	0.0306106	contraction	main_model
Polistes_fuscatus	N0.HOG0010279	-1	0.0306106	contraction	main_model
Polistes_fuscatus	N0.HOG0010293	-1	0.0306106	contraction	main_model
Polistes_fuscatus	N0.HOG0010346	-1	0.0306106	contraction	main_model
Polistes_fuscatus	N0.HOG0010449	-1	0.0306106	contraction	main_model
Polistes_fuscatus	N0.HOG0010464	-1	0.0306106	contraction	main_model
Polistes_fuscatus	N0.HOG0010524	-1	0.0306106	contraction	main_model
Polistes_fuscatus	N0.HOG0010546	-1	0.0306106	contraction	main_model
Polistes_fuscatus	N0.HOG0010547	-1	0.0306106	contraction	main_model
Polistes_fuscatus	N0.HOG0010604	-1	0.0306106	contraction	main_model
Polistes_fuscatus	N0.HOG0010619	-1	0.0306106	contraction	main_model
Polistes_fuscatus	N0.HOG0010621	-1	0.0306106	contraction	main_model
Polistes_fuscatus	N0.HOG0010673	-1	0.0306106	contraction	main_model
Polistes_fuscatus	N0.HOG0010790	-1	0.0306106	contraction	main_model
Polistes_fuscatus	N0.HOG0010791	-1	0.0306106	contraction	main_model
Polistes_fuscatus	N0.HOG0010810	-1	0.0306106	contraction	main_model
Polistes_fuscatus	N0.HOG0010866	-1	0.0306106	contraction	main_model
Polistes_fuscatus	N0.HOG0010896	-1	0.0306106	contraction	main_model
Polistes_fuscatus	N0.HOG0011243	-1	0.0306106	contraction	main_model
Polistes_fuscatus	N0.HOG0011245	-1	0.0306106	contraction	main_model
Polistes_fuscatus	N0.HOG0011475	-1	0.0306106	contraction	main_model
Polistes_fuscatus	N0.HOG0011775	-1	0.0306106	contraction	main_model
Polistes_fuscatus	N0.HOG0011808	-1	0.0306106	contraction	main_model
Polistes_fuscatus	N0.HOG0011813	-1	0.0306106	contraction	main_model
Polistes_fuscatus	N0.HOG0011814	-1	0.0306106	contraction	main_model
Polistes_fuscatus	N0.HOG0012236	-1	0.0306106	contraction	main_model
Polistes_fuscatus	N0.HOG0012240	-1	0.0306106	contraction	main_model
Polistes_fuscatus	N0.HOG0012652	-1	0.0306106	contraction	main_model
Polistes_fuscatus	N0.HOG0012687	-1	0.0306106	contraction	main_model
Polistes_fuscatus	N0.HOG0012808	-1	0.0306106	contraction	main_model
Polistes_fuscatus	N0.HOG0015301	-1	0.0306106	contraction	main_model
Polistes_fuscatus	N0.HOG0000054	1	0.0310055	expansion	main_model
Polistes_fuscatus	N0.HOG0000044	1	0.0412865	expansion	main_model
Tiphia_femorata	N0.HOG0000051	10	3.16505e-09	expansion	main_model
Tiphia_femorata	N0.HOG0000372	7	1.99713e-07	expansion	main_model
Tiphia_femorata	N0.HOG0009229	7	1.99713e-07	expansion	main_model
Tiphia_femorata	N0.HOG0009140	6	1.63514e-06	expansion	main_model
Tiphia_femorata	N0.HOG0010293	6	1.63514e-06	expansion	main_model
Tiphia_femorata	N0.HOG0000171	6	9.18199e-06	expansion	main_model
Tiphia_femorata	N0.HOG0000244	6	9.18199e-06	expansion	main_model
Tiphia_femorata	N0.HOG0000058	7	1.23587e-05	expansion	main_model
Tiphia_femorata	N0.HOG0000059	6	7.20119e-05	expansion	main_model
Tiphia_femorata	N0.HOG0000289	4	0.00010961	expansion	main_model
Tiphia_femorata	N0.HOG0000708	4	0.00010961	expansion	main_model
Tiphia_femorata	N0.HOG0000882	4	0.00010961	expansion	main_model
Tiphia_femorata	N0.HOG0000949	4	0.00010961	expansion	main_model
Tiphia_femorata	N0.HOG0000028	5	0.000184396	expansion	main_model
Tiphia_femorata	N0.HOG0000019	-4	0.000702629	contraction	main_model
Tiphia_femorata	N0.HOG0000820	3	0.000897425	expansion	main_model
Tiphia_femorata	N0.HOG0000275	4	0.00109923	expansion	main_model
Tiphia_femorata	N0.HOG0000123	3	0.00296465	expansion	main_model
Tiphia_femorata	N0.HOG0000125	3	0.00296465	expansion	main_model
Tiphia_femorata	N0.HOG0000646	3	0.00296465	expansion	main_model
Tiphia_femorata	N0.HOG0000042	4	0.00440751	expansion	main_model
Tiphia_femorata	N0.HOG0000069	4	0.00440751	expansion	main_model
Tiphia_femorata	N0.HOG0000189	2	0.00734762	expansion	main_model
Tiphia_femorata	N0.HOG0000346	2	0.00734762	expansion	main_model
Tiphia_femorata	N0.HOG0000393	2	0.00734762	expansion	main_model
Tiphia_femorata	N0.HOG0000785	2	0.00734762	expansion	main_model
Tiphia_femorata	N0.HOG0000928	2	0.00734762	expansion	main_model
Tiphia_femorata	N0.HOG0000941	2	0.00734762	expansion	main_model
Tiphia_femorata	N0.HOG0001039	2	0.00734762	expansion	main_model
Tiphia_femorata	N0.HOG0001566	2	0.00734762	expansion	main_model
Tiphia_femorata	N0.HOG0008292	2	0.00734762	expansion	main_model
Tiphia_femorata	N0.HOG0008796	2	0.00734762	expansion	main_model
Tiphia_femorata	N0.HOG0009240	2	0.00734762	expansion	main_model
Tiphia_femorata	N0.HOG0009302	2	0.00734762	expansion	main_model
Tiphia_femorata	N0.HOG0009953	2	0.00734762	expansion	main_model
Tiphia_femorata	N0.HOG0000236	3	0.00799397	expansion	main_model
Tiphia_femorata	N0.HOG0000046	-2	0.0126086	contraction	main_model
Tiphia_femorata	N0.HOG0000104	3	0.0161996	expansion	main_model
Tiphia_femorata	N0.HOG0000113	3	0.0161996	expansion	main_model
Tiphia_femorata	N0.HOG0000163	2	0.0335282	expansion	main_model
Tiphia_femorata	N0.HOG0000260	2	0.0335282	expansion	main_model
Tiphia_femorata	N0.HOG0000618	2	0.0335282	expansion	main_model
Tiphia_femorata	N0.HOG0000039	3	0.0401832	expansion	main_model
Tiphia_femorata	N0.HOG0000052	-2	0.049925	contraction	main_model
Vespa_crabro	N0.HOG0000043	-3	3.30018e-07	contraction	main_model
Vespa_crabro	N0.HOG0000228	-3	3.30018e-07	contraction	main_model
Vespa_crabro	N0.HOG0000269	3	9.02561e-07	expansion	main_model
Vespa_crabro	N0.HOG0000333	2	1.42686e-05	expansion	main_model
Vespa_crabro	N0.HOG0000592	3	4.34789e-05	expansion	main_model
Vespa_crabro	N0.HOG0000442	-2	8.7354e-05	contraction	main_model
Vespa_crabro	N0.HOG0000052	-2	0.000144794	contraction	main_model
Vespa_crabro	N0.HOG0000114	-2	0.000637508	contraction	main_model
Vespa_crabro	N0.HOG0000042	2	0.00124648	expansion	main_model
Vespa_crabro	N0.HOG0000045	1	0.00267097	expansion	main_model
Vespa_crabro	N0.HOG0000046	1	0.00267097	expansion	main_model
Vespa_crabro	N0.HOG0000147	1	0.00267097	expansion	main_model
Vespa_crabro	N0.HOG0000595	1	0.00267097	expansion	main_model
Vespa_crabro	N0.HOG0000763	1	0.00267097	expansion	main_model
Vespa_crabro	N0.HOG0000965	1	0.00267097	expansion	main_model
Vespa_crabro	N0.HOG0001002	1	0.00267097	expansion	main_model
Vespa_crabro	N0.HOG0001108	1	0.00267097	expansion	main_model
Vespa_crabro	N0.HOG0001160	1	0.00267097	expansion	main_model
Vespa_crabro	N0.HOG0001332	1	0.00267097	expansion	main_model
Vespa_crabro	N0.HOG0001445	1	0.00267097	expansion	main_model
Vespa_crabro	N0.HOG0002065	1	0.00267097	expansion	main_model
Vespa_crabro	N0.HOG0008604	1	0.00267097	expansion	main_model
Vespa_crabro	N0.HOG0008704	1	0.00267097	expansion	main_model
Vespa_crabro	N0.HOG0009486	1	0.00267097	expansion	main_model
Vespa_crabro	N0.HOG0009533	1	0.00267097	expansion	main_model
Vespa_crabro	N0.HOG0009534	1	0.00267097	expansion	main_model
Vespa_crabro	N0.HOG0000148	1	0.00534195	expansion	main_model
Vespa_crabro	N0.HOG0000235	1	0.00534195	expansion	main_model
Vespa_crabro	N0.HOG0000345	1	0.00534195	expansion	main_model
Vespa_crabro	N0.HOG0000841	1	0.00534195	expansion	main_model
Vespa_crabro	N0.HOG0000947	1	0.00534195	expansion	main_model
Vespa_crabro	N0.HOG0000098	-1	0.00798461	contraction	main_model
Vespa_crabro	N0.HOG0000811	-1	0.00798461	contraction	main_model
Vespa_crabro	N0.HOG0001303	-1	0.00798461	contraction	main_model
Vespa_crabro	N0.HOG0001401	-1	0.00798461	contraction	main_model
Vespa_crabro	N0.HOG0006793	-1	0.00798461	contraction	main_model
Vespa_crabro	N0.HOG0007019	-1	0.00798461	contraction	main_model
Vespa_crabro	N0.HOG0007805	-1	0.00798461	contraction	main_model
Vespa_crabro	N0.HOG0007946	-1	0.00798461	contraction	main_model
Vespa_crabro	N0.HOG0008127	-1	0.00798461	contraction	main_model
Vespa_crabro	N0.HOG0008257	-1	0.00798461	contraction	main_model
Vespa_crabro	N0.HOG0008264	-1	0.00798461	contraction	main_model
Vespa_crabro	N0.HOG0008381	-1	0.00798461	contraction	main_model
Vespa_crabro	N0.HOG0008458	-1	0.00798461	contraction	main_model
Vespa_crabro	N0.HOG0008647	-1	0.00798461	contraction	main_model
Vespa_crabro	N0.HOG0008828	-1	0.00798461	contraction	main_model
Vespa_crabro	N0.HOG0008854	-1	0.00798461	contraction	main_model
Vespa_crabro	N0.HOG0008870	-1	0.00798461	contraction	main_model
Vespa_crabro	N0.HOG0008955	-1	0.00798461	contraction	main_model
Vespa_crabro	N0.HOG0008989	-1	0.00798461	contraction	main_model
Vespa_crabro	N0.HOG0008993	-1	0.00798461	contraction	main_model
Vespa_crabro	N0.HOG0009000	-1	0.00798461	contraction	main_model
Vespa_crabro	N0.HOG0009058	-1	0.00798461	contraction	main_model
Vespa_crabro	N0.HOG0009082	-1	0.00798461	contraction	main_model
Vespa_crabro	N0.HOG0009109	-1	0.00798461	contraction	main_model
Vespa_crabro	N0.HOG0009237	-1	0.00798461	contraction	main_model
Vespa_crabro	N0.HOG0009261	-1	0.00798461	contraction	main_model
Vespa_crabro	N0.HOG0009262	-1	0.00798461	contraction	main_model
Vespa_crabro	N0.HOG0009288	-1	0.00798461	contraction	main_model
Vespa_crabro	N0.HOG0009303	-1	0.00798461	contraction	main_model
Vespa_crabro	N0.HOG0009391	-1	0.00798461	contraction	main_model
Vespa_crabro	N0.HOG0009431	-1	0.00798461	contraction	main_model
Vespa_crabro	N0.HOG0009537	-1	0.00798461	contraction	main_model
Vespa_crabro	N0.HOG0009548	-1	0.00798461	contraction	main_model
Vespa_crabro	N0.HOG0009593	-1	0.00798461	contraction	main_model
Vespa_crabro	N0.HOG0009637	-1	0.00798461	contraction	main_model
Vespa_crabro	N0.HOG0009663	-1	0.00798461	contraction	main_model
Vespa_crabro	N0.HOG0009717	-1	0.00798461	contraction	main_model
Vespa_crabro	N0.HOG0009720	-1	0.00798461	contraction	main_model
Vespa_crabro	N0.HOG0009735	-1	0.00798461	contraction	main_model
Vespa_crabro	N0.HOG0009777	-1	0.00798461	contraction	main_model
Vespa_crabro	N0.HOG0010171	-1	0.00798461	contraction	main_model
Vespa_crabro	N0.HOG0010401	-1	0.00798461	contraction	main_model
Vespa_crabro	N0.HOG0010467	-1	0.00798461	contraction	main_model
Vespa_crabro	N0.HOG0010546	-1	0.00798461	contraction	main_model
Vespa_crabro	N0.HOG0010604	-1	0.00798461	contraction	main_model
Vespa_crabro	N0.HOG0012236	-1	0.00798461	contraction	main_model
Vespa_crabro	N0.HOG0000113	1	0.00801255	expansion	main_model
Vespa_crabro	N0.HOG0000177	1	0.00801255	expansion	main_model
Vespa_crabro	N0.HOG0000244	1	0.00801255	expansion	main_model
Vespa_crabro	N0.HOG0001275	1	0.00801255	expansion	main_model
Vespa_crabro	N0.HOG0000044	1	0.0106824	expansion	main_model
Vespa_crabro	N0.HOG0000068	1	0.0106824	expansion	main_model
Vespa_crabro	N0.HOG0000054	1	0.0133512	expansion	main_model
Vespa_crabro	N0.HOG0000253	-1	0.0158561	contraction	main_model
Vespa_crabro	N0.HOG0000277	-1	0.0158561	contraction	main_model
Vespa_crabro	N0.HOG0000901	-1	0.0158561	contraction	main_model
Vespa_crabro	N0.HOG0001056	-1	0.0158561	contraction	main_model
Vespa_crabro	N0.HOG0001157	-1	0.0158561	contraction	main_model
Vespa_crabro	N0.HOG0001351	-1	0.0158561	contraction	main_model
Vespa_crabro	N0.HOG0001566	-1	0.0158561	contraction	main_model
Vespa_crabro	N0.HOG0000518	-1	0.0236165	contraction	main_model
Vespa_crabro	N0.HOG0000629	-1	0.0236165	contraction	main_model
Vespa_crabro	N0.HOG0002071	-1	0.0236165	contraction	main_model
Vespa_crabro	N0.HOG0000121	-1	0.0312674	contraction	main_model
Vespa_crabro	N0.HOG0000203	-1	0.0312674	contraction	main_model
Vespa_crabro	N0.HOG0000263	-1	0.0388108	contraction	main_model
Vespa_mandarinia	N0.HOG0000019	6	3.43282e-11	expansion	main_model
Vespa_mandarinia	N0.HOG0000008	4	3.15785e-08	expansion	main_model
Vespa_mandarinia	N0.HOG0008381	2	1.42686e-05	expansion	main_model
Vespa_mandarinia	N0.HOG0000666	-2	1.48699e-05	contraction	main_model
Vespa_mandarinia	N0.HOG0000039	3	1.67974e-05	expansion	main_model
Vespa_mandarinia	N0.HOG0000550	-2	4.39917e-05	contraction	main_model
Vespa_mandarinia	N0.HOG0000639	2	7.10394e-05	expansion	main_model
Vespa_mandarinia	N0.HOG0001313	2	7.10394e-05	expansion	main_model
Vespa_mandarinia	N0.HOG0001133	-2	8.7354e-05	contraction	main_model
Vespa_mandarinia	N0.HOG0000125	2	0.000307876	expansion	main_model
Vespa_mandarinia	N0.HOG0000069	-2	0.000637508	contraction	main_model
Vespa_mandarinia	N0.HOG0000592	-2	0.000776028	contraction	main_model
Vespa_mandarinia	N0.HOG0000058	2	0.000956154	expansion	main_model
Vespa_mandarinia	N0.HOG0000478	1	0.00267097	expansion	main_model
Vespa_mandarinia	N0.HOG0000486	1	0.00267097	expansion	main_model
Vespa_mandarinia	N0.HOG0000594	1	0.00267097	expansion	main_model
Vespa_mandarinia	N0.HOG0000619	1	0.00267097	expansion	main_model
Vespa_mandarinia	N0.HOG0000644	1	0.00267097	expansion	main_model
Vespa_mandarinia	N0.HOG0000709	1	0.00267097	expansion	main_model
Vespa_mandarinia	N0.HOG0000942	1	0.00267097	expansion	main_model
Vespa_mandarinia	N0.HOG0000957	1	0.00267097	expansion	main_model
Vespa_mandarinia	N0.HOG0001142	1	0.00267097	expansion	main_model
Vespa_mandarinia	N0.HOG0001221	1	0.00267097	expansion	main_model
Vespa_mandarinia	N0.HOG0001781	1	0.00267097	expansion	main_model
Vespa_mandarinia	N0.HOG0002010	1	0.00267097	expansion	main_model
Vespa_mandarinia	N0.HOG0003653	1	0.00267097	expansion	main_model
Vespa_mandarinia	N0.HOG0000625	1	0.00534195	expansion	main_model
Vespa_mandarinia	N0.HOG0000744	1	0.00534195	expansion	main_model
Vespa_mandarinia	N0.HOG0001384	1	0.00534195	expansion	main_model
Vespa_mandarinia	N0.HOG0000007	-1	0.00798461	contraction	main_model
Vespa_mandarinia	N0.HOG0000061	-1	0.00798461	contraction	main_model
Vespa_mandarinia	N0.HOG0000183	-1	0.00798461	contraction	main_model
Vespa_mandarinia	N0.HOG0000233	-1	0.00798461	contraction	main_model
Vespa_mandarinia	N0.HOG0000304	-1	0.00798461	contraction	main_model
Vespa_mandarinia	N0.HOG0000555	-1	0.00798461	contraction	main_model
Vespa_mandarinia	N0.HOG0000795	-1	0.00798461	contraction	main_model
Vespa_mandarinia	N0.HOG0000862	-1	0.00798461	contraction	main_model
Vespa_mandarinia	N0.HOG0001227	-1	0.00798461	contraction	main_model
Vespa_mandarinia	N0.HOG0001346	-1	0.00798461	contraction	main_model
Vespa_mandarinia	N0.HOG0001400	-1	0.00798461	contraction	main_model
Vespa_mandarinia	N0.HOG0001402	-1	0.00798461	contraction	main_model
Vespa_mandarinia	N0.HOG0001527	-1	0.00798461	contraction	main_model
Vespa_mandarinia	N0.HOG0001608	-1	0.00798461	contraction	main_model
Vespa_mandarinia	N0.HOG0001831	-1	0.00798461	contraction	main_model
Vespa_mandarinia	N0.HOG0005583	-1	0.00798461	contraction	main_model
Vespa_mandarinia	N0.HOG0006268	-1	0.00798461	contraction	main_model
Vespa_mandarinia	N0.HOG0006640	-1	0.00798461	contraction	main_model
Vespa_mandarinia	N0.HOG0006869	-1	0.00798461	contraction	main_model
Vespa_mandarinia	N0.HOG0007173	-1	0.00798461	contraction	main_model
Vespa_mandarinia	N0.HOG0007261	-1	0.00798461	contraction	main_model
Vespa_mandarinia	N0.HOG0007269	-1	0.00798461	contraction	main_model
Vespa_mandarinia	N0.HOG0007474	-1	0.00798461	contraction	main_model
Vespa_mandarinia	N0.HOG0007685	-1	0.00798461	contraction	main_model
Vespa_mandarinia	N0.HOG0007754	-1	0.00798461	contraction	main_model
Vespa_mandarinia	N0.HOG0007820	-1	0.00798461	contraction	main_model
Vespa_mandarinia	N0.HOG0007927	-1	0.00798461	contraction	main_model
Vespa_mandarinia	N0.HOG0008020	-1	0.00798461	contraction	main_model
Vespa_mandarinia	N0.HOG0008040	-1	0.00798461	contraction	main_model
Vespa_mandarinia	N0.HOG0008231	-1	0.00798461	contraction	main_model
Vespa_mandarinia	N0.HOG0008244	-1	0.00798461	contraction	main_model
Vespa_mandarinia	N0.HOG0008285	-1	0.00798461	contraction	main_model
Vespa_mandarinia	N0.HOG0008292	-1	0.00798461	contraction	main_model
Vespa_mandarinia	N0.HOG0008348	-1	0.00798461	contraction	main_model
Vespa_mandarinia	N0.HOG0008397	-1	0.00798461	contraction	main_model
Vespa_mandarinia	N0.HOG0008499	-1	0.00798461	contraction	main_model
Vespa_mandarinia	N0.HOG0008604	-1	0.00798461	contraction	main_model
Vespa_mandarinia	N0.HOG0008627	-1	0.00798461	contraction	main_model
Vespa_mandarinia	N0.HOG0008664	-1	0.00798461	contraction	main_model
Vespa_mandarinia	N0.HOG0008676	-1	0.00798461	contraction	main_model
Vespa_mandarinia	N0.HOG0008690	-1	0.00798461	contraction	main_model
Vespa_mandarinia	N0.HOG0008702	-1	0.00798461	contraction	main_model
Vespa_mandarinia	N0.HOG0008742	-1	0.00798461	contraction	main_model
Vespa_mandarinia	N0.HOG0008772	-1	0.00798461	contraction	main_model
Vespa_mandarinia	N0.HOG0008777	-1	0.00798461	contraction	main_model
Vespa_mandarinia	N0.HOG0008780	-1	0.00798461	contraction	main_model
Vespa_mandarinia	N0.HOG0008788	-1	0.00798461	contraction	main_model
Vespa_mandarinia	N0.HOG0008796	-1	0.00798461	contraction	main_model
Vespa_mandarinia	N0.HOG0008831	-1	0.00798461	contraction	main_model
Vespa_mandarinia	N0.HOG0008835	-1	0.00798461	contraction	main_model
Vespa_mandarinia	N0.HOG0008858	-1	0.00798461	contraction	main_model
Vespa_mandarinia	N0.HOG0008885	-1	0.00798461	contraction	main_model
Vespa_mandarinia	N0.HOG0008919	-1	0.00798461	contraction	main_model
Vespa_mandarinia	N0.HOG0008933	-1	0.00798461	contraction	main_model
Vespa_mandarinia	N0.HOG0008995	-1	0.00798461	contraction	main_model
Vespa_mandarinia	N0.HOG0009005	-1	0.00798461	contraction	main_model
Vespa_mandarinia	N0.HOG0009041	-1	0.00798461	contraction	main_model
Vespa_mandarinia	N0.HOG0009059	-1	0.00798461	contraction	main_model
Vespa_mandarinia	N0.HOG0009129	-1	0.00798461	contraction	main_model
Vespa_mandarinia	N0.HOG0009198	-1	0.00798461	contraction	main_model
Vespa_mandarinia	N0.HOG0009224	-1	0.00798461	contraction	main_model
Vespa_mandarinia	N0.HOG0009259	-1	0.00798461	contraction	main_model
Vespa_mandarinia	N0.HOG0009277	-1	0.00798461	contraction	main_model
Vespa_mandarinia	N0.HOG0009293	-1	0.00798461	contraction	main_model
Vespa_mandarinia	N0.HOG0009349	-1	0.00798461	contraction	main_model
Vespa_mandarinia	N0.HOG0009397	-1	0.00798461	contraction	main_model
Vespa_mandarinia	N0.HOG0009413	-1	0.00798461	contraction	main_model
Vespa_mandarinia	N0.HOG0009430	-1	0.00798461	contraction	main_model
Vespa_mandarinia	N0.HOG0009481	-1	0.00798461	contraction	main_model
Vespa_mandarinia	N0.HOG0009558	-1	0.00798461	contraction	main_model
Vespa_mandarinia	N0.HOG0009566	-1	0.00798461	contraction	main_model
Vespa_mandarinia	N0.HOG0009639	-1	0.00798461	contraction	main_model
Vespa_mandarinia	N0.HOG0009661	-1	0.00798461	contraction	main_model
Vespa_mandarinia	N0.HOG0009903	-1	0.00798461	contraction	main_model
Vespa_mandarinia	N0.HOG0009906	-1	0.00798461	contraction	main_model
Vespa_mandarinia	N0.HOG0009977	-1	0.00798461	contraction	main_model
Vespa_mandarinia	N0.HOG0010011	-1	0.00798461	contraction	main_model
Vespa_mandarinia	N0.HOG0010016	-1	0.00798461	contraction	main_model
Vespa_mandarinia	N0.HOG0010124	-1	0.00798461	contraction	main_model
Vespa_mandarinia	N0.HOG0010180	-1	0.00798461	contraction	main_model
Vespa_mandarinia	N0.HOG0010181	-1	0.00798461	contraction	main_model
Vespa_mandarinia	N0.HOG0010465	-1	0.00798461	contraction	main_model
Vespa_mandarinia	N0.HOG0000005	1	0.0106824	expansion	main_model
Vespa_mandarinia	N0.HOG0000043	1	0.0106824	expansion	main_model
Vespa_mandarinia	N0.HOG0000203	1	0.0106824	expansion	main_model
Vespa_mandarinia	N0.HOG0000053	-1	0.0158561	contraction	main_model
Vespa_mandarinia	N0.HOG0000201	-1	0.0158561	contraction	main_model
Vespa_mandarinia	N0.HOG0000235	-1	0.0158561	contraction	main_model
Vespa_mandarinia	N0.HOG0000262	-1	0.0158561	contraction	main_model
Vespa_mandarinia	N0.HOG0000396	-1	0.0158561	contraction	main_model
Vespa_mandarinia	N0.HOG0000465	-1	0.0158561	contraction	main_model
Vespa_mandarinia	N0.HOG0000484	-1	0.0158561	contraction	main_model
Vespa_mandarinia	N0.HOG0000618	-1	0.0158561	contraction	main_model
Vespa_mandarinia	N0.HOG0000633	-1	0.0158561	contraction	main_model
Vespa_mandarinia	N0.HOG0000667	-1	0.0158561	contraction	main_model
Vespa_mandarinia	N0.HOG0000679	-1	0.0158561	contraction	main_model
Vespa_mandarinia	N0.HOG0000703	-1	0.0158561	contraction	main_model
Vespa_mandarinia	N0.HOG0000705	-1	0.0158561	contraction	main_model
Vespa_mandarinia	N0.HOG0000728	-1	0.0158561	contraction	main_model
Vespa_mandarinia	N0.HOG0000770	-1	0.0158561	contraction	main_model
Vespa_mandarinia	N0.HOG0000817	-1	0.0158561	contraction	main_model
Vespa_mandarinia	N0.HOG0000844	-1	0.0158561	contraction	main_model
Vespa_mandarinia	N0.HOG0000865	-1	0.0158561	contraction	main_model
Vespa_mandarinia	N0.HOG0000883	-1	0.0158561	contraction	main_model
Vespa_mandarinia	N0.HOG0001035	-1	0.0158561	contraction	main_model
Vespa_mandarinia	N0.HOG0001107	-1	0.0158561	contraction	main_model
Vespa_mandarinia	N0.HOG0001238	-1	0.0158561	contraction	main_model
Vespa_mandarinia	N0.HOG0001837	-1	0.0158561	contraction	main_model
Vespa_mandarinia	N0.HOG0002403	-1	0.0158561	contraction	main_model
Vespa_mandarinia	N0.HOG0008883	-1	0.0158561	contraction	main_model
Vespa_mandarinia	N0.HOG0000091	-1	0.0236165	contraction	main_model
Vespa_mandarinia	N0.HOG0000177	-1	0.0236165	contraction	main_model
Vespa_mandarinia	N0.HOG0000207	-1	0.0236165	contraction	main_model
Vespa_mandarinia	N0.HOG0000242	-1	0.0236165	contraction	main_model
Vespa_mandarinia	N0.HOG0000269	-1	0.0236165	contraction	main_model
Vespa_mandarinia	N0.HOG0001275	-1	0.0236165	contraction	main_model
Vespa_mandarinia	N0.HOG0000103	1	0.0240084	expansion	main_model
Vespa_mandarinia	N0.HOG0000099	-1	0.0312674	contraction	main_model
Vespa_velutina	N0.HOG0000061	3	3.78655e-07	expansion	main_model
Vespa_velutina	N0.HOG0000163	3	1.02499e-05	expansion	main_model
Vespa_velutina	N0.HOG0000228	3	1.02499e-05	expansion	main_model
Vespa_velutina	N0.HOG0000762	2	4.15407e-05	expansion	main_model
Vespa_velutina	N0.HOG0001815	2	4.15407e-05	expansion	main_model
Vespa_velutina	N0.HOG0002661	2	4.15407e-05	expansion	main_model
Vespa_velutina	N0.HOG0000044	-2	0.000257604	contraction	main_model
Vespa_velutina	N0.HOG0000353	1	0.00455726	expansion	main_model
Vespa_velutina	N0.HOG0000722	1	0.00455726	expansion	main_model
Vespa_velutina	N0.HOG0000914	1	0.00455726	expansion	main_model
Vespa_velutina	N0.HOG0000935	1	0.00455726	expansion	main_model
Vespa_velutina	N0.HOG0001114	1	0.00455726	expansion	main_model
Vespa_velutina	N0.HOG0001343	1	0.00455726	expansion	main_model
Vespa_velutina	N0.HOG0001478	1	0.00455726	expansion	main_model
Vespa_velutina	N0.HOG0001931	1	0.00455726	expansion	main_model
Vespa_velutina	N0.HOG0002075	1	0.00455726	expansion	main_model
Vespa_velutina	N0.HOG0002155	1	0.00455726	expansion	main_model
Vespa_velutina	N0.HOG0002173	1	0.00455726	expansion	main_model
Vespa_velutina	N0.HOG0008219	1	0.00455726	expansion	main_model
Vespa_velutina	N0.HOG0008408	1	0.00455726	expansion	main_model
Vespa_velutina	N0.HOG0008545	1	0.00455726	expansion	main_model
Vespa_velutina	N0.HOG0000592	2	0.0064253	expansion	main_model
Vespa_velutina	N0.HOG0000614	1	0.00911454	expansion	main_model
Vespa_velutina	N0.HOG0001930	1	0.00911454	expansion	main_model
Vespa_velutina	N0.HOG0002403	1	0.00911454	expansion	main_model
Vespa_velutina	N0.HOG0000007	-1	0.0135898	contraction	main_model
Vespa_velutina	N0.HOG0000045	-1	0.0135898	contraction	main_model
Vespa_velutina	N0.HOG0000046	-1	0.0135898	contraction	main_model
Vespa_velutina	N0.HOG0000098	-1	0.0135898	contraction	main_model
Vespa_velutina	N0.HOG0000145	-1	0.0135898	contraction	main_model
Vespa_velutina	N0.HOG0000333	-1	0.0135898	contraction	main_model
Vespa_velutina	N0.HOG0000354	-1	0.0135898	contraction	main_model
Vespa_velutina	N0.HOG0000425	-1	0.0135898	contraction	main_model
Vespa_velutina	N0.HOG0000555	-1	0.0135898	contraction	main_model
Vespa_velutina	N0.HOG0000862	-1	0.0135898	contraction	main_model
Vespa_velutina	N0.HOG0001142	-1	0.0135898	contraction	main_model
Vespa_velutina	N0.HOG0001401	-1	0.0135898	contraction	main_model
Vespa_velutina	N0.HOG0001467	-1	0.0135898	contraction	main_model
Vespa_velutina	N0.HOG0001589	-1	0.0135898	contraction	main_model
Vespa_velutina	N0.HOG0001989	-1	0.0135898	contraction	main_model
Vespa_velutina	N0.HOG0002326	-1	0.0135898	contraction	main_model
Vespa_velutina	N0.HOG0003013	-1	0.0135898	contraction	main_model
Vespa_velutina	N0.HOG0005916	-1	0.0135898	contraction	main_model
Vespa_velutina	N0.HOG0006458	-1	0.0135898	contraction	main_model
Vespa_velutina	N0.HOG0006640	-1	0.0135898	contraction	main_model
Vespa_velutina	N0.HOG0007019	-1	0.0135898	contraction	main_model
Vespa_velutina	N0.HOG0007269	-1	0.0135898	contraction	main_model
Vespa_velutina	N0.HOG0007409	-1	0.0135898	contraction	main_model
Vespa_velutina	N0.HOG0007685	-1	0.0135898	contraction	main_model
Vespa_velutina	N0.HOG0007820	-1	0.0135898	contraction	main_model
Vespa_velutina	N0.HOG0007946	-1	0.0135898	contraction	main_model
Vespa_velutina	N0.HOG0007962	-1	0.0135898	contraction	main_model
Vespa_velutina	N0.HOG0007968	-1	0.0135898	contraction	main_model
Vespa_velutina	N0.HOG0008040	-1	0.0135898	contraction	main_model
Vespa_velutina	N0.HOG0008109	-1	0.0135898	contraction	main_model
Vespa_velutina	N0.HOG0008127	-1	0.0135898	contraction	main_model
Vespa_velutina	N0.HOG0008192	-1	0.0135898	contraction	main_model
Vespa_velutina	N0.HOG0008244	-1	0.0135898	contraction	main_model
Vespa_velutina	N0.HOG0008257	-1	0.0135898	contraction	main_model
Vespa_velutina	N0.HOG0008264	-1	0.0135898	contraction	main_model
Vespa_velutina	N0.HOG0008292	-1	0.0135898	contraction	main_model
Vespa_velutina	N0.HOG0008348	-1	0.0135898	contraction	main_model
Vespa_velutina	N0.HOG0008381	-1	0.0135898	contraction	main_model
Vespa_velutina	N0.HOG0008397	-1	0.0135898	contraction	main_model
Vespa_velutina	N0.HOG0008604	-1	0.0135898	contraction	main_model
Vespa_velutina	N0.HOG0008627	-1	0.0135898	contraction	main_model
Vespa_velutina	N0.HOG0008676	-1	0.0135898	contraction	main_model
Vespa_velutina	N0.HOG0008753	-1	0.0135898	contraction	main_model
Vespa_velutina	N0.HOG0008780	-1	0.0135898	contraction	main_model
Vespa_velutina	N0.HOG0008785	-1	0.0135898	contraction	main_model
Vespa_velutina	N0.HOG0008787	-1	0.0135898	contraction	main_model
Vespa_velutina	N0.HOG0008854	-1	0.0135898	contraction	main_model
Vespa_velutina	N0.HOG0008864	-1	0.0135898	contraction	main_model
Vespa_velutina	N0.HOG0008870	-1	0.0135898	contraction	main_model
Vespa_velutina	N0.HOG0008901	-1	0.0135898	contraction	main_model
Vespa_velutina	N0.HOG0008923	-1	0.0135898	contraction	main_model
Vespa_velutina	N0.HOG0008933	-1	0.0135898	contraction	main_model
Vespa_velutina	N0.HOG0008955	-1	0.0135898	contraction	main_model
Vespa_velutina	N0.HOG0008956	-1	0.0135898	contraction	main_model
Vespa_velutina	N0.HOG0008989	-1	0.0135898	contraction	main_model
Vespa_velutina	N0.HOG0008995	-1	0.0135898	contraction	main_model
Vespa_velutina	N0.HOG0009005	-1	0.0135898	contraction	main_model
Vespa_velutina	N0.HOG0009021	-1	0.0135898	contraction	main_model
Vespa_velutina	N0.HOG0009082	-1	0.0135898	contraction	main_model
Vespa_velutina	N0.HOG0009083	-1	0.0135898	contraction	main_model
Vespa_velutina	N0.HOG0009084	-1	0.0135898	contraction	main_model
Vespa_velutina	N0.HOG0009109	-1	0.0135898	contraction	main_model
Vespa_velutina	N0.HOG0009111	-1	0.0135898	contraction	main_model
Vespa_velutina	N0.HOG0009130	-1	0.0135898	contraction	main_model
Vespa_velutina	N0.HOG0009160	-1	0.0135898	contraction	main_model
Vespa_velutina	N0.HOG0009198	-1	0.0135898	contraction	main_model
Vespa_velutina	N0.HOG0009237	-1	0.0135898	contraction	main_model
Vespa_velutina	N0.HOG0009262	-1	0.0135898	contraction	main_model
Vespa_velutina	N0.HOG0009291	-1	0.0135898	contraction	main_model
Vespa_velutina	N0.HOG0009349	-1	0.0135898	contraction	main_model
Vespa_velutina	N0.HOG0009391	-1	0.0135898	contraction	main_model
Vespa_velutina	N0.HOG0009397	-1	0.0135898	contraction	main_model
Vespa_velutina	N0.HOG0009413	-1	0.0135898	contraction	main_model
Vespa_velutina	N0.HOG0009431	-1	0.0135898	contraction	main_model
Vespa_velutina	N0.HOG0009436	-1	0.0135898	contraction	main_model
Vespa_velutina	N0.HOG0009481	-1	0.0135898	contraction	main_model
Vespa_velutina	N0.HOG0009537	-1	0.0135898	contraction	main_model
Vespa_velutina	N0.HOG0009546	-1	0.0135898	contraction	main_model
Vespa_velutina	N0.HOG0009548	-1	0.0135898	contraction	main_model
Vespa_velutina	N0.HOG0009558	-1	0.0135898	contraction	main_model
Vespa_velutina	N0.HOG0009581	-1	0.0135898	contraction	main_model
Vespa_velutina	N0.HOG0009593	-1	0.0135898	contraction	main_model
Vespa_velutina	N0.HOG0009639	-1	0.0135898	contraction	main_model
Vespa_velutina	N0.HOG0009661	-1	0.0135898	contraction	main_model
Vespa_velutina	N0.HOG0009720	-1	0.0135898	contraction	main_model
Vespa_velutina	N0.HOG0009735	-1	0.0135898	contraction	main_model
Vespa_velutina	N0.HOG0009777	-1	0.0135898	contraction	main_model
Vespa_velutina	N0.HOG0009977	-1	0.0135898	contraction	main_model
Vespa_velutina	N0.HOG0010011	-1	0.0135898	contraction	main_model
Vespa_velutina	N0.HOG0010016	-1	0.0135898	contraction	main_model
Vespa_velutina	N0.HOG0010171	-1	0.0135898	contraction	main_model
Vespa_velutina	N0.HOG0010180	-1	0.0135898	contraction	main_model
Vespa_velutina	N0.HOG0010401	-1	0.0135898	contraction	main_model
Vespa_velutina	N0.HOG0010467	-1	0.0135898	contraction	main_model
Vespa_velutina	N0.HOG0010546	-1	0.0135898	contraction	main_model
Vespa_velutina	N0.HOG0010604	-1	0.0135898	contraction	main_model
Vespa_velutina	N0.HOG0011508	-1	0.0135898	contraction	main_model
Vespa_velutina	N0.HOG0000550	1	0.01367	expansion	main_model
Vespa_velutina	N0.HOG0000262	-1	0.0268526	contraction	main_model
Vespa_velutina	N0.HOG0000351	-1	0.0268526	contraction	main_model
Vespa_velutina	N0.HOG0000503	-1	0.0268526	contraction	main_model
Vespa_velutina	N0.HOG0000531	-1	0.0268526	contraction	main_model
Vespa_velutina	N0.HOG0000573	-1	0.0268526	contraction	main_model
Vespa_velutina	N0.HOG0000792	-1	0.0268526	contraction	main_model
Vespa_velutina	N0.HOG0000947	-1	0.0268526	contraction	main_model
Vespa_velutina	N0.HOG0001139	-1	0.0268526	contraction	main_model
Vespa_velutina	N0.HOG0001383	-1	0.0268526	contraction	main_model
Vespa_velutina	N0.HOG0000504	1	0.0318389	expansion	main_model
Vespa_velutina	N0.HOG0000177	-1	0.0397975	contraction	main_model
Vespa_velutina	N0.HOG0000236	-1	0.0397975	contraction	main_model
Vespula_germanica	N0.HOG0000639	6	7.41017e-10	expansion	main_model
Vespula_germanica	N0.HOG0001362	4	7.37289e-08	expansion	main_model
Vespula_germanica	N0.HOG0000761	3	3.76209e-06	expansion	main_model
Vespula_germanica	N0.HOG0000992	3	3.76209e-06	expansion	main_model
Vespula_germanica	N0.HOG0000028	4	1.00047e-05	expansion	main_model
Vespula_germanica	N0.HOG0001246	3	1.4609e-05	expansion	main_model
Vespula_germanica	N0.HOG0000029	4	6.49696e-05	expansion	main_model
Vespula_germanica	N0.HOG0000039	-3	8.42333e-05	contraction	main_model
Vespula_germanica	N0.HOG0000354	2	0.000191964	expansion	main_model
Vespula_germanica	N0.HOG0000425	2	0.000191964	expansion	main_model
Vespula_germanica	N0.HOG0000694	2	0.000191964	expansion	main_model
Vespula_germanica	N0.HOG0000813	2	0.000191964	expansion	main_model
Vespula_germanica	N0.HOG0000846	2	0.000191964	expansion	main_model
Vespula_germanica	N0.HOG0000867	2	0.000191964	expansion	main_model
Vespula_germanica	N0.HOG0000899	2	0.000191964	expansion	main_model
Vespula_germanica	N0.HOG0000935	2	0.000191964	expansion	main_model
Vespula_germanica	N0.HOG0000967	2	0.000191964	expansion	main_model
Vespula_germanica	N0.HOG0001059	2	0.000191964	expansion	main_model
Vespula_germanica	N0.HOG0001067	2	0.000191964	expansion	main_model
Vespula_germanica	N0.HOG0001887	2	0.000191964	expansion	main_model
Vespula_germanica	N0.HOG0002950	2	0.000191964	expansion	main_model
Vespula_germanica	N0.HOG0009534	2	0.000191964	expansion	main_model
Vespula_germanica	N0.HOG0000496	-2	0.000220558	contraction	main_model
Vespula_germanica	N0.HOG0000179	-2	0.000630185	contraction	main_model
Vespula_germanica	N0.HOG0000225	-2	0.000630185	contraction	main_model
Vespula_germanica	N0.HOG0000048	2	0.000945	expansion	main_model
Vespula_germanica	N0.HOG0000486	2	0.000945	expansion	main_model
Vespula_germanica	N0.HOG0000591	2	0.000945	expansion	main_model
Vespula_germanica	N0.HOG0001360	2	0.000945	expansion	main_model
Vespula_germanica	N0.HOG0000161	2	0.00220797	expansion	main_model
Vespula_germanica	N0.HOG0000207	2	0.00220797	expansion	main_model
Vespula_germanica	N0.HOG0000069	-2	0.00671544	contraction	main_model
Vespula_germanica	N0.HOG0000037	1	0.00979517	expansion	main_model
Vespula_germanica	N0.HOG0000112	1	0.00979517	expansion	main_model
Vespula_germanica	N0.HOG0000266	1	0.00979517	expansion	main_model
Vespula_germanica	N0.HOG0000345	1	0.00979517	expansion	main_model
Vespula_germanica	N0.HOG0000346	1	0.00979517	expansion	main_model
Vespula_germanica	N0.HOG0000422	1	0.00979517	expansion	main_model
Vespula_germanica	N0.HOG0000432	1	0.00979517	expansion	main_model
Vespula_germanica	N0.HOG0000669	1	0.00979517	expansion	main_model
Vespula_germanica	N0.HOG0000733	1	0.00979517	expansion	main_model
Vespula_germanica	N0.HOG0000735	1	0.00979517	expansion	main_model
Vespula_germanica	N0.HOG0000740	1	0.00979517	expansion	main_model
Vespula_germanica	N0.HOG0000772	1	0.00979517	expansion	main_model
Vespula_germanica	N0.HOG0000787	1	0.00979517	expansion	main_model
Vespula_germanica	N0.HOG0000790	1	0.00979517	expansion	main_model
Vespula_germanica	N0.HOG0000820	1	0.00979517	expansion	main_model
Vespula_germanica	N0.HOG0000888	1	0.00979517	expansion	main_model
Vespula_germanica	N0.HOG0000911	1	0.00979517	expansion	main_model
Vespula_germanica	N0.HOG0000914	1	0.00979517	expansion	main_model
Vespula_germanica	N0.HOG0000932	1	0.00979517	expansion	main_model
Vespula_germanica	N0.HOG0000934	1	0.00979517	expansion	main_model
Vespula_germanica	N0.HOG0000938	1	0.00979517	expansion	main_model
Vespula_germanica	N0.HOG0000969	1	0.00979517	expansion	main_model
Vespula_germanica	N0.HOG0000981	1	0.00979517	expansion	main_model
Vespula_germanica	N0.HOG0000995	1	0.00979517	expansion	main_model
Vespula_germanica	N0.HOG0000996	1	0.00979517	expansion	main_model
Vespula_germanica	N0.HOG0000998	1	0.00979517	expansion	main_model
Vespula_germanica	N0.HOG0001004	1	0.00979517	expansion	main_model
Vespula_germanica	N0.HOG0001024	1	0.00979517	expansion	main_model
Vespula_germanica	N0.HOG0001026	1	0.00979517	expansion	main_model
Vespula_germanica	N0.HOG0001039	1	0.00979517	expansion	main_model
Vespula_germanica	N0.HOG0001056	1	0.00979517	expansion	main_model
Vespula_germanica	N0.HOG0001061	1	0.00979517	expansion	main_model
Vespula_germanica	N0.HOG0001078	1	0.00979517	expansion	main_model
Vespula_germanica	N0.HOG0001081	1	0.00979517	expansion	main_model
Vespula_germanica	N0.HOG0001099	1	0.00979517	expansion	main_model
Vespula_germanica	N0.HOG0001114	1	0.00979517	expansion	main_model
Vespula_germanica	N0.HOG0001115	1	0.00979517	expansion	main_model
Vespula_germanica	N0.HOG0001126	1	0.00979517	expansion	main_model
Vespula_germanica	N0.HOG0001147	1	0.00979517	expansion	main_model
Vespula_germanica	N0.HOG0001173	1	0.00979517	expansion	main_model
Vespula_germanica	N0.HOG0001181	1	0.00979517	expansion	main_model
Vespula_germanica	N0.HOG0001185	1	0.00979517	expansion	main_model
Vespula_germanica	N0.HOG0001187	1	0.00979517	expansion	main_model
Vespula_germanica	N0.HOG0001207	1	0.00979517	expansion	main_model
Vespula_germanica	N0.HOG0001235	1	0.00979517	expansion	main_model
Vespula_germanica	N0.HOG0001240	1	0.00979517	expansion	main_model
Vespula_germanica	N0.HOG0001243	1	0.00979517	expansion	main_model
Vespula_germanica	N0.HOG0001259	1	0.00979517	expansion	main_model
Vespula_germanica	N0.HOG0001264	1	0.00979517	expansion	main_model
Vespula_germanica	N0.HOG0001278	1	0.00979517	expansion	main_model
Vespula_germanica	N0.HOG0001310	1	0.00979517	expansion	main_model
Vespula_germanica	N0.HOG0001314	1	0.00979517	expansion	main_model
Vespula_germanica	N0.HOG0001353	1	0.00979517	expansion	main_model
Vespula_germanica	N0.HOG0001372	1	0.00979517	expansion	main_model
Vespula_germanica	N0.HOG0001415	1	0.00979517	expansion	main_model
Vespula_germanica	N0.HOG0001449	1	0.00979517	expansion	main_model
Vespula_germanica	N0.HOG0001460	1	0.00979517	expansion	main_model
Vespula_germanica	N0.HOG0001467	1	0.00979517	expansion	main_model
Vespula_germanica	N0.HOG0001481	1	0.00979517	expansion	main_model
Vespula_germanica	N0.HOG0001488	1	0.00979517	expansion	main_model
Vespula_germanica	N0.HOG0001546	1	0.00979517	expansion	main_model
Vespula_germanica	N0.HOG0001560	1	0.00979517	expansion	main_model
Vespula_germanica	N0.HOG0001578	1	0.00979517	expansion	main_model
Vespula_germanica	N0.HOG0001613	1	0.00979517	expansion	main_model
Vespula_germanica	N0.HOG0001622	1	0.00979517	expansion	main_model
Vespula_germanica	N0.HOG0001639	1	0.00979517	expansion	main_model
Vespula_germanica	N0.HOG0001721	1	0.00979517	expansion	main_model
Vespula_germanica	N0.HOG0001729	1	0.00979517	expansion	main_model
Vespula_germanica	N0.HOG0001741	1	0.00979517	expansion	main_model
Vespula_germanica	N0.HOG0001931	1	0.00979517	expansion	main_model
Vespula_germanica	N0.HOG0002039	1	0.00979517	expansion	main_model
Vespula_germanica	N0.HOG0002040	1	0.00979517	expansion	main_model
Vespula_germanica	N0.HOG0002065	1	0.00979517	expansion	main_model
Vespula_germanica	N0.HOG0002110	1	0.00979517	expansion	main_model
Vespula_germanica	N0.HOG0002365	1	0.00979517	expansion	main_model
Vespula_germanica	N0.HOG0002505	1	0.00979517	expansion	main_model
Vespula_germanica	N0.HOG0002711	1	0.00979517	expansion	main_model
Vespula_germanica	N0.HOG0002729	1	0.00979517	expansion	main_model
Vespula_germanica	N0.HOG0003788	1	0.00979517	expansion	main_model
Vespula_germanica	N0.HOG0005583	1	0.00979517	expansion	main_model
Vespula_germanica	N0.HOG0006455	1	0.00979517	expansion	main_model
Vespula_germanica	N0.HOG0007166	1	0.00979517	expansion	main_model
Vespula_germanica	N0.HOG0007574	1	0.00979517	expansion	main_model
Vespula_germanica	N0.HOG0007781	1	0.00979517	expansion	main_model
Vespula_germanica	N0.HOG0008117	1	0.00979517	expansion	main_model
Vespula_germanica	N0.HOG0008381	1	0.00979517	expansion	main_model
Vespula_germanica	N0.HOG0008582	1	0.00979517	expansion	main_model
Vespula_germanica	N0.HOG0009041	1	0.00979517	expansion	main_model
Vespula_germanica	N0.HOG0009368	1	0.00979517	expansion	main_model
Vespula_germanica	N0.HOG0009903	1	0.00979517	expansion	main_model
Vespula_germanica	N0.HOG0000147	1	0.0195908	expansion	main_model
Vespula_germanica	N0.HOG0000160	1	0.0195908	expansion	main_model
Vespula_germanica	N0.HOG0000244	1	0.0195908	expansion	main_model
Vespula_germanica	N0.HOG0000301	1	0.0195908	expansion	main_model
Vespula_germanica	N0.HOG0000351	1	0.0195908	expansion	main_model
Vespula_germanica	N0.HOG0000484	1	0.0195908	expansion	main_model
Vespula_germanica	N0.HOG0000574	1	0.0195908	expansion	main_model
Vespula_germanica	N0.HOG0000651	1	0.0195908	expansion	main_model
Vespula_germanica	N0.HOG0000768	1	0.0195908	expansion	main_model
Vespula_germanica	N0.HOG0000771	1	0.0195908	expansion	main_model
Vespula_germanica	N0.HOG0000791	1	0.0195908	expansion	main_model
Vespula_germanica	N0.HOG0000808	1	0.0195908	expansion	main_model
Vespula_germanica	N0.HOG0000906	1	0.0195908	expansion	main_model
Vespula_germanica	N0.HOG0000947	1	0.0195908	expansion	main_model
Vespula_germanica	N0.HOG0001062	1	0.0195908	expansion	main_model
Vespula_germanica	N0.HOG0001199	1	0.0195908	expansion	main_model
Vespula_germanica	N0.HOG0001250	1	0.0195908	expansion	main_model
Vespula_germanica	N0.HOG0000089	-1	0.0290127	contraction	main_model
Vespula_germanica	N0.HOG0000175	-1	0.0290127	contraction	main_model
Vespula_germanica	N0.HOG0000660	-1	0.0290127	contraction	main_model
Vespula_germanica	N0.HOG0000811	-1	0.0290127	contraction	main_model
Vespula_germanica	N0.HOG0001478	-1	0.0290127	contraction	main_model
Vespula_germanica	N0.HOG0001641	-1	0.0290127	contraction	main_model
Vespula_germanica	N0.HOG0001676	-1	0.0290127	contraction	main_model
Vespula_germanica	N0.HOG0001699	-1	0.0290127	contraction	main_model
Vespula_germanica	N0.HOG0002036	-1	0.0290127	contraction	main_model
Vespula_germanica	N0.HOG0002177	-1	0.0290127	contraction	main_model
Vespula_germanica	N0.HOG0002462	-1	0.0290127	contraction	main_model
Vespula_germanica	N0.HOG0002539	-1	0.0290127	contraction	main_model
Vespula_germanica	N0.HOG0002562	-1	0.0290127	contraction	main_model
Vespula_germanica	N0.HOG0002800	-1	0.0290127	contraction	main_model
Vespula_germanica	N0.HOG0002935	-1	0.0290127	contraction	main_model
Vespula_germanica	N0.HOG0003304	-1	0.0290127	contraction	main_model
Vespula_germanica	N0.HOG0004813	-1	0.0290127	contraction	main_model
Vespula_germanica	N0.HOG0005492	-1	0.0290127	contraction	main_model
Vespula_germanica	N0.HOG0007186	-1	0.0290127	contraction	main_model
Vespula_germanica	N0.HOG0007446	-1	0.0290127	contraction	main_model
Vespula_germanica	N0.HOG0007654	-1	0.0290127	contraction	main_model
Vespula_germanica	N0.HOG0007744	-1	0.0290127	contraction	main_model
Vespula_germanica	N0.HOG0007746	-1	0.0290127	contraction	main_model
Vespula_germanica	N0.HOG0007968	-1	0.0290127	contraction	main_model
Vespula_germanica	N0.HOG0008157	-1	0.0290127	contraction	main_model
Vespula_germanica	N0.HOG0008233	-1	0.0290127	contraction	main_model
Vespula_germanica	N0.HOG0008264	-1	0.0290127	contraction	main_model
Vespula_germanica	N0.HOG0008313	-1	0.0290127	contraction	main_model
Vespula_germanica	N0.HOG0008409	-1	0.0290127	contraction	main_model
Vespula_germanica	N0.HOG0008430	-1	0.0290127	contraction	main_model
Vespula_germanica	N0.HOG0008435	-1	0.0290127	contraction	main_model
Vespula_germanica	N0.HOG0008438	-1	0.0290127	contraction	main_model
Vespula_germanica	N0.HOG0008448	-1	0.0290127	contraction	main_model
Vespula_germanica	N0.HOG0008472	-1	0.0290127	contraction	main_model
Vespula_germanica	N0.HOG0008528	-1	0.0290127	contraction	main_model
Vespula_germanica	N0.HOG0008556	-1	0.0290127	contraction	main_model
Vespula_germanica	N0.HOG0008614	-1	0.0290127	contraction	main_model
Vespula_germanica	N0.HOG0008620	-1	0.0290127	contraction	main_model
Vespula_germanica	N0.HOG0008630	-1	0.0290127	contraction	main_model
Vespula_germanica	N0.HOG0008634	-1	0.0290127	contraction	main_model
Vespula_germanica	N0.HOG0008665	-1	0.0290127	contraction	main_model
Vespula_germanica	N0.HOG0008668	-1	0.0290127	contraction	main_model
Vespula_germanica	N0.HOG0008711	-1	0.0290127	contraction	main_model
Vespula_germanica	N0.HOG0008712	-1	0.0290127	contraction	main_model
Vespula_germanica	N0.HOG0008757	-1	0.0290127	contraction	main_model
Vespula_germanica	N0.HOG0008800	-1	0.0290127	contraction	main_model
Vespula_germanica	N0.HOG0008811	-1	0.0290127	contraction	main_model
Vespula_germanica	N0.HOG0008813	-1	0.0290127	contraction	main_model
Vespula_germanica	N0.HOG0008817	-1	0.0290127	contraction	main_model
Vespula_germanica	N0.HOG0008829	-1	0.0290127	contraction	main_model
Vespula_germanica	N0.HOG0008851	-1	0.0290127	contraction	main_model
Vespula_germanica	N0.HOG0008858	-1	0.0290127	contraction	main_model
Vespula_germanica	N0.HOG0008901	-1	0.0290127	contraction	main_model
Vespula_germanica	N0.HOG0008915	-1	0.0290127	contraction	main_model
Vespula_germanica	N0.HOG0008918	-1	0.0290127	contraction	main_model
Vespula_germanica	N0.HOG0008923	-1	0.0290127	contraction	main_model
Vespula_germanica	N0.HOG0008943	-1	0.0290127	contraction	main_model
Vespula_germanica	N0.HOG0008952	-1	0.0290127	contraction	main_model
Vespula_germanica	N0.HOG0008984	-1	0.0290127	contraction	main_model
Vespula_germanica	N0.HOG0009000	-1	0.0290127	contraction	main_model
Vespula_germanica	N0.HOG0009021	-1	0.0290127	contraction	main_model
Vespula_germanica	N0.HOG0009033	-1	0.0290127	contraction	main_model
Vespula_germanica	N0.HOG0009045	-1	0.0290127	contraction	main_model
Vespula_germanica	N0.HOG0009068	-1	0.0290127	contraction	main_model
Vespula_germanica	N0.HOG0009081	-1	0.0290127	contraction	main_model
Vespula_germanica	N0.HOG0009086	-1	0.0290127	contraction	main_model
Vespula_germanica	N0.HOG0009090	-1	0.0290127	contraction	main_model
Vespula_germanica	N0.HOG0009109	-1	0.0290127	contraction	main_model
Vespula_germanica	N0.HOG0009125	-1	0.0290127	contraction	main_model
Vespula_germanica	N0.HOG0009127	-1	0.0290127	contraction	main_model
Vespula_germanica	N0.HOG0009130	-1	0.0290127	contraction	main_model
Vespula_germanica	N0.HOG0009160	-1	0.0290127	contraction	main_model
Vespula_germanica	N0.HOG0009232	-1	0.0290127	contraction	main_model
Vespula_germanica	N0.HOG0009293	-1	0.0290127	contraction	main_model
Vespula_germanica	N0.HOG0009319	-1	0.0290127	contraction	main_model
Vespula_germanica	N0.HOG0009352	-1	0.0290127	contraction	main_model
Vespula_germanica	N0.HOG0009397	-1	0.0290127	contraction	main_model
Vespula_germanica	N0.HOG0009401	-1	0.0290127	contraction	main_model
Vespula_germanica	N0.HOG0009412	-1	0.0290127	contraction	main_model
Vespula_germanica	N0.HOG0009428	-1	0.0290127	contraction	main_model
Vespula_germanica	N0.HOG0009445	-1	0.0290127	contraction	main_model
Vespula_germanica	N0.HOG0009450	-1	0.0290127	contraction	main_model
Vespula_germanica	N0.HOG0009486	-1	0.0290127	contraction	main_model
Vespula_germanica	N0.HOG0009548	-1	0.0290127	contraction	main_model
Vespula_germanica	N0.HOG0009567	-1	0.0290127	contraction	main_model
Vespula_germanica	N0.HOG0009604	-1	0.0290127	contraction	main_model
Vespula_germanica	N0.HOG0009672	-1	0.0290127	contraction	main_model
Vespula_germanica	N0.HOG0009694	-1	0.0290127	contraction	main_model
Vespula_germanica	N0.HOG0009716	-1	0.0290127	contraction	main_model
Vespula_germanica	N0.HOG0009735	-1	0.0290127	contraction	main_model
Vespula_germanica	N0.HOG0010016	-1	0.0290127	contraction	main_model
Vespula_germanica	N0.HOG0010020	-1	0.0290127	contraction	main_model
Vespula_germanica	N0.HOG0010046	-1	0.0290127	contraction	main_model
Vespula_germanica	N0.HOG0010338	-1	0.0290127	contraction	main_model
Vespula_germanica	N0.HOG0010465	-1	0.0290127	contraction	main_model
Vespula_germanica	N0.HOG0011366	-1	0.0290127	contraction	main_model
Vespula_germanica	N0.HOG0011508	-1	0.0290127	contraction	main_model
Vespula_germanica	N0.HOG0012240	-1	0.0290127	contraction	main_model
Vespula_germanica	N0.HOG0000223	1	0.0293684	expansion	main_model
Vespula_germanica	N0.HOG0000242	1	0.0293684	expansion	main_model
Vespula_germanica	N0.HOG0000263	1	0.0293684	expansion	main_model
Vespula_germanica	N0.HOG0000614	1	0.0293684	expansion	main_model
Vespula_germanica	N0.HOG0000104	1	0.0391116	expansion	main_model
Vespula_germanica	N0.HOG0000331	1	0.0391116	expansion	main_model
Vespula_germanica	N0.HOG0000814	1	0.0391116	expansion	main_model
Vespula_pensylvanica	N0.HOG0000504	-3	6.76862e-07	contraction	main_model
Vespula_pensylvanica	N0.HOG0000333	-2	1.32452e-05	contraction	main_model
Vespula_pensylvanica	N0.HOG0000121	-2	3.92146e-05	contraction	main_model
Vespula_pensylvanica	N0.HOG0000207	-2	3.92146e-05	contraction	main_model
Vespula_pensylvanica	N0.HOG0000177	-2	7.78993e-05	contraction	main_model
Vespula_pensylvanica	N0.HOG0000054	2	0.00015119	expansion	main_model
Vespula_pensylvanica	N0.HOG0000042	-2	0.00026888	contraction	main_model
Vespula_pensylvanica	N0.HOG0000353	1	0.00252362	expansion	main_model
Vespula_pensylvanica	N0.HOG0000844	1	0.00252362	expansion	main_model
Vespula_pensylvanica	N0.HOG0000920	1	0.00252362	expansion	main_model
Vespula_pensylvanica	N0.HOG0000965	1	0.00252362	expansion	main_model
Vespula_pensylvanica	N0.HOG0001108	1	0.00252362	expansion	main_model
Vespula_pensylvanica	N0.HOG0001127	1	0.00252362	expansion	main_model
Vespula_pensylvanica	N0.HOG0001160	1	0.00252362	expansion	main_model
Vespula_pensylvanica	N0.HOG0001200	1	0.00252362	expansion	main_model
Vespula_pensylvanica	N0.HOG0001424	1	0.00252362	expansion	main_model
Vespula_pensylvanica	N0.HOG0002034	1	0.00252362	expansion	main_model
Vespula_pensylvanica	N0.HOG0003487	1	0.00252362	expansion	main_model
Vespula_pensylvanica	N0.HOG0007409	1	0.00252362	expansion	main_model
Vespula_pensylvanica	N0.HOG0007984	1	0.00252362	expansion	main_model
Vespula_pensylvanica	N0.HOG0008646	1	0.00252362	expansion	main_model
Vespula_pensylvanica	N0.HOG0008712	1	0.00252362	expansion	main_model
Vespula_pensylvanica	N0.HOG0000369	1	0.00504724	expansion	main_model
Vespula_pensylvanica	N0.HOG0000744	1	0.00504724	expansion	main_model
Vespula_pensylvanica	N0.HOG0000882	1	0.00504724	expansion	main_model
Vespula_pensylvanica	N0.HOG0001236	1	0.00504724	expansion	main_model
Vespula_pensylvanica	N0.HOG0000145	-1	0.00754557	contraction	main_model
Vespula_pensylvanica	N0.HOG0000660	-1	0.00754557	contraction	main_model
Vespula_pensylvanica	N0.HOG0001248	-1	0.00754557	contraction	main_model
Vespula_pensylvanica	N0.HOG0004813	-1	0.00754557	contraction	main_model
Vespula_pensylvanica	N0.HOG0007173	-1	0.00754557	contraction	main_model
Vespula_pensylvanica	N0.HOG0007474	-1	0.00754557	contraction	main_model
Vespula_pensylvanica	N0.HOG0007654	-1	0.00754557	contraction	main_model
Vespula_pensylvanica	N0.HOG0007746	-1	0.00754557	contraction	main_model
Vespula_pensylvanica	N0.HOG0008127	-1	0.00754557	contraction	main_model
Vespula_pensylvanica	N0.HOG0008357	-1	0.00754557	contraction	main_model
Vespula_pensylvanica	N0.HOG0008525	-1	0.00754557	contraction	main_model
Vespula_pensylvanica	N0.HOG0008789	-1	0.00754557	contraction	main_model
Vespula_pensylvanica	N0.HOG0009015	-1	0.00754557	contraction	main_model
Vespula_pensylvanica	N0.HOG0009068	-1	0.00754557	contraction	main_model
Vespula_pensylvanica	N0.HOG0009084	-1	0.00754557	contraction	main_model
Vespula_pensylvanica	N0.HOG0009111	-1	0.00754557	contraction	main_model
Vespula_pensylvanica	N0.HOG0009204	-1	0.00754557	contraction	main_model
Vespula_pensylvanica	N0.HOG0009397	-1	0.00754557	contraction	main_model
Vespula_pensylvanica	N0.HOG0009430	-1	0.00754557	contraction	main_model
Vespula_pensylvanica	N0.HOG0009534	-1	0.00754557	contraction	main_model
Vespula_pensylvanica	N0.HOG0009549	-1	0.00754557	contraction	main_model
Vespula_pensylvanica	N0.HOG0009604	-1	0.00754557	contraction	main_model
Vespula_pensylvanica	N0.HOG0009898	-1	0.00754557	contraction	main_model
Vespula_pensylvanica	N0.HOG0010338	-1	0.00754557	contraction	main_model
Vespula_pensylvanica	N0.HOG0000203	1	0.00757054	expansion	main_model
Vespula_pensylvanica	N0.HOG0000097	1	0.012615	expansion	main_model
Vespula_pensylvanica	N0.HOG0000486	-1	0.0149901	contraction	main_model
Vespula_pensylvanica	N0.HOG0000503	-1	0.0149901	contraction	main_model
Vespula_pensylvanica	N0.HOG0000728	-1	0.0149901	contraction	main_model
Vespula_pensylvanica	N0.HOG0000763	-1	0.0149901	contraction	main_model
Vespula_pensylvanica	N0.HOG0000768	-1	0.0149901	contraction	main_model
Vespula_pensylvanica	N0.HOG0000901	-1	0.0149901	contraction	main_model
Vespula_pensylvanica	N0.HOG0001071	-1	0.0149901	contraction	main_model
Vespula_pensylvanica	N0.HOG0001199	-1	0.0149901	contraction	main_model
Vespula_pensylvanica	N0.HOG0001250	-1	0.0149901	contraction	main_model
Vespula_pensylvanica	N0.HOG0001284	-1	0.0149901	contraction	main_model
Vespula_pensylvanica	N0.HOG0001295	-1	0.0149901	contraction	main_model
Vespula_pensylvanica	N0.HOG0001351	-1	0.0149901	contraction	main_model
Vespula_pensylvanica	N0.HOG0001531	-1	0.0149901	contraction	main_model
Vespula_pensylvanica	N0.HOG0000043	-1	0.0223353	contraction	main_model
Vespula_pensylvanica	N0.HOG0000464	-1	0.0223353	contraction	main_model
Vespula_pensylvanica	N0.HOG0000614	-1	0.0223353	contraction	main_model
Vespula_pensylvanica	N0.HOG0000639	-1	0.0223353	contraction	main_model
Vespula_pensylvanica	N0.HOG0000814	-1	0.0295826	contraction	main_model
Vespula_pensylvanica	N0.HOG0000028	-1	0.0437896	contraction	main_model
Vespula_vulgaris	N0.HOG0000114	4	2.28746e-07	expansion	main_model
Vespula_vulgaris	N0.HOG0000094	-2	3.92146e-05	contraction	main_model
Vespula_vulgaris	N0.HOG0000224	-2	3.92146e-05	contraction	main_model
Vespula_vulgaris	N0.HOG0000103	2	0.0011159	expansion	main_model
Vespula_vulgaris	N0.HOG0000069	2	0.00140827	expansion	main_model
Vespula_vulgaris	N0.HOG0000703	1	0.00252362	expansion	main_model
Vespula_vulgaris	N0.HOG0001332	1	0.00252362	expansion	main_model
Vespula_vulgaris	N0.HOG0007927	1	0.00252362	expansion	main_model
Vespula_vulgaris	N0.HOG0008506	1	0.00252362	expansion	main_model
Vespula_vulgaris	N0.HOG0009111	1	0.00252362	expansion	main_model
Vespula_vulgaris	N0.HOG0009694	1	0.00252362	expansion	main_model
Vespula_vulgaris	N0.HOG0009867	1	0.00252362	expansion	main_model
Vespula_vulgaris	N0.HOG0000171	1	0.00504724	expansion	main_model
Vespula_vulgaris	N0.HOG0000550	1	0.00504724	expansion	main_model
Vespula_vulgaris	N0.HOG0000625	1	0.00504724	expansion	main_model
Vespula_vulgaris	N0.HOG0000183	-1	0.00754557	contraction	main_model
Vespula_vulgaris	N0.HOG0000934	-1	0.00754557	contraction	main_model
Vespula_vulgaris	N0.HOG0001047	-1	0.00754557	contraction	main_model
Vespula_vulgaris	N0.HOG0001641	-1	0.00754557	contraction	main_model
Vespula_vulgaris	N0.HOG0006869	-1	0.00754557	contraction	main_model
Vespula_vulgaris	N0.HOG0008121	-1	0.00754557	contraction	main_model
Vespula_vulgaris	N0.HOG0008228	-1	0.00754557	contraction	main_model
Vespula_vulgaris	N0.HOG0008244	-1	0.00754557	contraction	main_model
Vespula_vulgaris	N0.HOG0008264	-1	0.00754557	contraction	main_model
Vespula_vulgaris	N0.HOG0008277	-1	0.00754557	contraction	main_model
Vespula_vulgaris	N0.HOG0008381	-1	0.00754557	contraction	main_model
Vespula_vulgaris	N0.HOG0008400	-1	0.00754557	contraction	main_model
Vespula_vulgaris	N0.HOG0008416	-1	0.00754557	contraction	main_model
Vespula_vulgaris	N0.HOG0008448	-1	0.00754557	contraction	main_model
Vespula_vulgaris	N0.HOG0008458	-1	0.00754557	contraction	main_model
Vespula_vulgaris	N0.HOG0008485	-1	0.00754557	contraction	main_model
Vespula_vulgaris	N0.HOG0008627	-1	0.00754557	contraction	main_model
Vespula_vulgaris	N0.HOG0008800	-1	0.00754557	contraction	main_model
Vespula_vulgaris	N0.HOG0008948	-1	0.00754557	contraction	main_model
Vespula_vulgaris	N0.HOG0008984	-1	0.00754557	contraction	main_model
Vespula_vulgaris	N0.HOG0009021	-1	0.00754557	contraction	main_model
Vespula_vulgaris	N0.HOG0009127	-1	0.00754557	contraction	main_model
Vespula_vulgaris	N0.HOG0009158	-1	0.00754557	contraction	main_model
Vespula_vulgaris	N0.HOG0009237	-1	0.00754557	contraction	main_model
Vespula_vulgaris	N0.HOG0009244	-1	0.00754557	contraction	main_model
Vespula_vulgaris	N0.HOG0009285	-1	0.00754557	contraction	main_model
Vespula_vulgaris	N0.HOG0009293	-1	0.00754557	contraction	main_model
Vespula_vulgaris	N0.HOG0009349	-1	0.00754557	contraction	main_model
Vespula_vulgaris	N0.HOG0009368	-1	0.00754557	contraction	main_model
Vespula_vulgaris	N0.HOG0009391	-1	0.00754557	contraction	main_model
Vespula_vulgaris	N0.HOG0009525	-1	0.00754557	contraction	main_model
Vespula_vulgaris	N0.HOG0009548	-1	0.00754557	contraction	main_model
Vespula_vulgaris	N0.HOG0009593	-1	0.00754557	contraction	main_model
Vespula_vulgaris	N0.HOG0009637	-1	0.00754557	contraction	main_model
Vespula_vulgaris	N0.HOG0009708	-1	0.00754557	contraction	main_model
Vespula_vulgaris	N0.HOG0009906	-1	0.00754557	contraction	main_model
Vespula_vulgaris	N0.HOG0009915	-1	0.00754557	contraction	main_model
Vespula_vulgaris	N0.HOG0010020	-1	0.00754557	contraction	main_model
Vespula_vulgaris	N0.HOG0010096	-1	0.00754557	contraction	main_model
Vespula_vulgaris	N0.HOG0010401	-1	0.00754557	contraction	main_model
Vespula_vulgaris	N0.HOG0010407	-1	0.00754557	contraction	main_model
Vespula_vulgaris	N0.HOG0011366	-1	0.00754557	contraction	main_model
Vespula_vulgaris	N0.HOG0012230	-1	0.00754557	contraction	main_model
Vespula_vulgaris	N0.HOG0003653	1	0.00757054	expansion	main_model
Vespula_vulgaris	N0.HOG0000155	1	0.012615	expansion	main_model
Vespula_vulgaris	N0.HOG0000125	-1	0.0149901	contraction	main_model
Vespula_vulgaris	N0.HOG0000163	-1	0.0149901	contraction	main_model
Vespula_vulgaris	N0.HOG0000244	-1	0.0149901	contraction	main_model
Vespula_vulgaris	N0.HOG0000369	-1	0.0149901	contraction	main_model
Vespula_vulgaris	N0.HOG0000668	-1	0.0149901	contraction	main_model
Vespula_vulgaris	N0.HOG0000670	-1	0.0149901	contraction	main_model
Vespula_vulgaris	N0.HOG0000858	-1	0.0149901	contraction	main_model
Vespula_vulgaris	N0.HOG0000881	-1	0.0149901	contraction	main_model
Vespula_vulgaris	N0.HOG0000882	-1	0.0149901	contraction	main_model
Vespula_vulgaris	N0.HOG0000955	-1	0.0149901	contraction	main_model
Vespula_vulgaris	N0.HOG0001139	-1	0.0149901	contraction	main_model
Vespula_vulgaris	N0.HOG0001157	-1	0.0149901	contraction	main_model
Vespula_vulgaris	N0.HOG0001221	-1	0.0149901	contraction	main_model
Vespula_vulgaris	N0.HOG0001236	-1	0.0149901	contraction	main_model
Vespula_vulgaris	N0.HOG0001360	-1	0.0149901	contraction	main_model
Vespula_vulgaris	N0.HOG0001480	-1	0.0149901	contraction	main_model
Vespula_vulgaris	N0.HOG0001605	-1	0.0149901	contraction	main_model
Vespula_vulgaris	N0.HOG0009002	-1	0.0149901	contraction	main_model
Vespula_vulgaris	N0.HOG0000106	1	0.0151355	expansion	main_model
Vespula_vulgaris	N0.HOG0000223	-1	0.0223353	contraction	main_model
Vespula_vulgaris	N0.HOG0000236	-1	0.0223353	contraction	main_model
Vespula_vulgaris	N0.HOG0000262	-1	0.0223353	contraction	main_model
Vespula_vulgaris	N0.HOG0000382	-1	0.0223353	contraction	main_model
Vespula_vulgaris	N0.HOG0000499	-1	0.0223353	contraction	main_model
Vespula_vulgaris	N0.HOG0001179	-1	0.0223353	contraction	main_model
Vespula_vulgaris	N0.HOG0000019	1	0.0226869	expansion	main_model
Vespula_vulgaris	N0.HOG0000104	-1	0.0295826	contraction	main_model
Vespula_vulgaris	N0.HOG0000099	-1	0.0367335	contraction	main_model
Vespula_vulgaris	N0.HOG0000057	-1	0.0437896	contraction	main_model
19	N0.HOG0000158	4	0.000838375	expansion	large_family_own_lambda
20	N0.HOG0000101	6	0.00287406	expansion	large_family_own_lambda
20	N0.HOG0000032	7	0.00419161	expansion	large_family_own_lambda
20	N0.HOG0000158	6	0.00447613	expansion	large_family_own_lambda
20	N0.HOG0000108	4	0.0154907	expansion	large_family_own_lambda
20	N0.HOG0000056	4	0.0413745	expansion	large_family_own_lambda
21	N0.HOG0000032	18	1.23381e-07	expansion	large_family_own_lambda
21	N0.HOG0000101	11	5.91175e-05	expansion	large_family_own_lambda
21	N0.HOG0000951	6	0.000172209	expansion	large_family_own_lambda
21	N0.HOG0000047	6	0.000278592	expansion	large_family_own_lambda
21	N0.HOG0000002	5	0.00115509	expansion	large_family_own_lambda
21	N0.HOG0000122	3	0.00306604	expansion	large_family_own_lambda
21	N0.HOG0002570	3	0.00306604	expansion	large_family_own_lambda
21	N0.HOG0000041	4	0.00460137	expansion	large_family_own_lambda
21	N0.HOG0000096	4	0.0165151	expansion	large_family_own_lambda
21	N0.HOG0000001	3	0.0237129	expansion	large_family_own_lambda
21	N0.HOG0000018	3	0.0449508	expansion	large_family_own_lambda
21	N0.HOG0000038	3	0.0449508	expansion	large_family_own_lambda
21	N0.HOG0000050	-5	0.0461354	contraction	large_family_own_lambda
22	N0.HOG0000122	6	6.73238e-05	expansion	large_family_own_lambda
22	N0.HOG0000128	-4	0.00758112	contraction	large_family_own_lambda
22	N0.HOG0000307	-2	0.0122525	contraction	large_family_own_lambda
22	N0.HOG0000056	5	0.0183195	expansion	large_family_own_lambda
22	N0.HOG0000101	6	0.0212828	expansion	large_family_own_lambda
22	N0.HOG0000009	3	0.0263277	expansion	large_family_own_lambda
22	N0.HOG0000001	3	0.0390494	expansion	large_family_own_lambda
22	N0.HOG0000047	-3	0.0462545	contraction	large_family_own_lambda
22	N0.HOG0000118	-2	0.0487388	contraction	large_family_own_lambda
23	N0.HOG0000017	5	0.000522856	expansion	large_family_own_lambda
23	N0.HOG0000041	4	0.00381833	expansion	large_family_own_lambda
23	N0.HOG0000038	3	0.0188247	expansion	large_family_own_lambda
23	N0.HOG0000096	3	0.0407888	expansion	large_family_own_lambda
23	N0.HOG0002570	2	0.0486185	expansion	large_family_own_lambda
24	N0.HOG0000101	-9	2.81461e-05	contraction	large_family_own_lambda
24	N0.HOG0000060	-5	0.00117028	contraction	large_family_own_lambda
24	N0.HOG0000122	-4	0.00162547	contraction	large_family_own_lambda
24	N0.HOG0000118	-2	0.00231199	contraction	large_family_own_lambda
24	N0.HOG0000108	-2	0.0112413	contraction	large_family_own_lambda
24	N0.HOG0000096	-3	0.0182076	contraction	large_family_own_lambda
24	N0.HOG0000038	3	0.0216842	expansion	large_family_own_lambda
25	N0.HOG0000050	11	0.000801973	expansion	large_family_own_lambda
25	N0.HOG0000108	8	0.000943866	expansion	large_family_own_lambda
25	N0.HOG0000018	-3	0.0308355	contraction	large_family_own_lambda
26	N0.HOG0000032	-7	0.000130021	contraction	large_family_own_lambda
26	N0.HOG0000108	11	0.000202037	expansion	large_family_own_lambda
26	N0.HOG0000038	-4	0.000824985	contraction	large_family_own_lambda
26	N0.HOG0000041	-2	0.0234074	contraction	large_family_own_lambda
26	N0.HOG0000118	-2	0.0234074	contraction	large_family_own_lambda
26	N0.HOG0000049	6	0.0258568	expansion	large_family_own_lambda
27	N0.HOG0000017	-4	8.01667e-05	contraction	large_family_own_lambda
27	N0.HOG0000128	-3	0.00129189	contraction	large_family_own_lambda
27	N0.HOG0000009	-2	0.0074496	contraction	large_family_own_lambda
29	N0.HOG0000009	22	3.32516e-14	expansion	large_family_own_lambda
29	N0.HOG0000038	13	1.27691e-08	expansion	large_family_own_lambda
29	N0.HOG0000158	17	9.47517e-07	expansion	large_family_own_lambda
29	N0.HOG0000032	10	0.000151027	expansion	large_family_own_lambda
29	N0.HOG0000105	9	0.000229222	expansion	large_family_own_lambda
29	N0.HOG0000096	5	0.000880443	expansion	large_family_own_lambda
29	N0.HOG0000128	-4	0.00117212	contraction	large_family_own_lambda
29	N0.HOG0000041	4	0.00164536	expansion	large_family_own_lambda
29	N0.HOG0000101	7	0.00227611	expansion	large_family_own_lambda
29	N0.HOG0000017	-4	0.00303641	contraction	large_family_own_lambda
29	N0.HOG0000050	10	0.0045812	expansion	large_family_own_lambda
29	N0.HOG0000022	-5	0.00944085	contraction	large_family_own_lambda
29	N0.HOG0000003	5	0.0436319	expansion	large_family_own_lambda
30	N0.HOG0000038	10	3.4615e-10	expansion	large_family_own_lambda
30	N0.HOG0000041	5	1.46356e-06	expansion	large_family_own_lambda
30	N0.HOG0000158	-3	0.0310724	contraction	large_family_own_lambda
30	N0.HOG0000001	-1	0.0394406	contraction	large_family_own_lambda
30	N0.HOG0000108	-2	0.0425549	contraction	large_family_own_lambda
31	N0.HOG0000158	-6	0.00132299	contraction	large_family_own_lambda
31	N0.HOG0000017	3	0.0115822	expansion	large_family_own_lambda
32	N0.HOG0000101	-3	0.00286706	contraction	large_family_own_lambda
32	N0.HOG0000032	-2	0.0415081	contraction	large_family_own_lambda
32	N0.HOG0000158	-2	0.0431361	contraction	large_family_own_lambda
32	N0.HOG0000118	1	0.0465956	expansion	large_family_own_lambda
Ancistrocerus_nigricornis	N0.HOG0000049	-8	0.0321105	contraction	large_family_own_lambda
Ancistrocerus_nigricornis	N0.HOG0000032	-7	0.0327197	contraction	large_family_own_lambda
Anoplius_nigerrimus	N0.HOG0000158	1	0	expansion	large_family_own_lambda
Anoplius_nigerrimus	N0.HOG0000951	1	0	expansion	large_family_own_lambda
Anoplius_nigerrimus	N0.HOG0000018	40	5.13569e-09	expansion	large_family_own_lambda
Anoplius_nigerrimus	N0.HOG0000049	-10	0.010168	contraction	large_family_own_lambda
Anoplius_nigerrimus	N0.HOG0000004	16	0.0432214	expansion	large_family_own_lambda
Dolichovespula_media	N0.HOG0000038	-3	0.00586088	contraction	large_family_own_lambda
Dolichovespula_media	N0.HOG0000307	2	0.011521	expansion	large_family_own_lambda
Dolichovespula_media	N0.HOG0000032	5	0.0154024	expansion	large_family_own_lambda
Dolichovespula_media	N0.HOG0000060	-5	0.0225484	contraction	large_family_own_lambda
Dolichovespula_media	N0.HOG0000101	4	0.0312566	expansion	large_family_own_lambda
Dolichovespula_saxonica	N0.HOG0000049	7	0.00200298	expansion	large_family_own_lambda
Dolichovespula_saxonica	N0.HOG0000022	5	0.00430057	expansion	large_family_own_lambda
Dolichovespula_saxonica	N0.HOG0000009	-2	0.0460198	contraction	large_family_own_lambda
Dolichovespula_sylvestris	N0.HOG0000049	-11	9.20241e-08	contraction	large_family_own_lambda
Dolichovespula_sylvestris	N0.HOG0000022	-7	6.68802e-06	contraction	large_family_own_lambda
Dolichovespula_sylvestris	N0.HOG0000118	5	0.000151799	expansion	large_family_own_lambda
Dolichovespula_sylvestris	N0.HOG0000101	-4	0.000586831	contraction	large_family_own_lambda
Dolichovespula_sylvestris	N0.HOG0000017	6	0.000910577	expansion	large_family_own_lambda
Dolichovespula_sylvestris	N0.HOG0000018	2	0.00675339	expansion	large_family_own_lambda
Dolichovespula_sylvestris	N0.HOG0000032	-4	0.00684181	contraction	large_family_own_lambda
Dolichovespula_sylvestris	N0.HOG0000096	-2	0.011445	contraction	large_family_own_lambda
Dolichovespula_sylvestris	N0.HOG0000004	-6	0.0134376	contraction	large_family_own_lambda
Dolichovespula_sylvestris	N0.HOG0000003	-4	0.0173103	contraction	large_family_own_lambda
Dolichovespula_sylvestris	N0.HOG0000158	-3	0.0330779	contraction	large_family_own_lambda
Dolichovespula_sylvestris	N0.HOG0000056	-3	0.0336709	contraction	large_family_own_lambda
Dolichovespula_sylvestris	N0.HOG0000050	-5	0.0363122	contraction	large_family_own_lambda
Dolichovespula_sylvestris	N0.HOG0000128	3	0.0364644	expansion	large_family_own_lambda
Mischocyttarus_mexicanus	N0.HOG0000047	50	3.33818e-22	expansion	large_family_own_lambda
Mischocyttarus_mexicanus	N0.HOG0000128	37	3.01841e-16	expansion	large_family_own_lambda
Mischocyttarus_mexicanus	N0.HOG0000118	25	1.73035e-12	expansion	large_family_own_lambda
Mischocyttarus_mexicanus	N0.HOG0000307	19	8.66038e-11	expansion	large_family_own_lambda
Mischocyttarus_mexicanus	N0.HOG0000032	24	2.56347e-05	expansion	large_family_own_lambda
Mischocyttarus_mexicanus	N0.HOG0000022	15	7.64676e-05	expansion	large_family_own_lambda
Mischocyttarus_mexicanus	N0.HOG0000002	9	0.00191703	expansion	large_family_own_lambda
Mischocyttarus_mexicanus	N0.HOG0000951	9	0.00326416	expansion	large_family_own_lambda
Mischocyttarus_mexicanus	N0.HOG0000108	6	0.0135492	expansion	large_family_own_lambda
Mischocyttarus_mexicanus	N0.HOG0000017	-5	0.0226138	contraction	large_family_own_lambda
Mischocyttarus_mexicanus	N0.HOG0000038	5	0.0364005	expansion	large_family_own_lambda
Mischocyttarus_mexicanus	N0.HOG0000041	5	0.0364005	expansion	large_family_own_lambda
Polistes_canadensis	N0.HOG0000101	-13	1.73846e-09	contraction	large_family_own_lambda
Polistes_canadensis	N0.HOG0000158	-9	1.78955e-08	contraction	large_family_own_lambda
Polistes_canadensis	N0.HOG0000022	-8	8.64442e-08	contraction	large_family_own_lambda
Polistes_canadensis	N0.HOG0000041	-9	1.56665e-07	contraction	large_family_own_lambda
Polistes_canadensis	N0.HOG0000032	-14	2.27465e-07	contraction	large_family_own_lambda
Polistes_canadensis	N0.HOG0000047	-6	1.33788e-06	contraction	large_family_own_lambda
Polistes_canadensis	N0.HOG0000002	-6	1.68258e-05	contraction	large_family_own_lambda
Polistes_canadensis	N0.HOG0000018	-6	1.68258e-05	contraction	large_family_own_lambda
Polistes_canadensis	N0.HOG0000951	-7	2.34185e-05	contraction	large_family_own_lambda
Polistes_canadensis	N0.HOG0000128	-4	3.98773e-05	contraction	large_family_own_lambda
Polistes_canadensis	N0.HOG0002570	-5	4.8645e-05	contraction	large_family_own_lambda
Polistes_canadensis	N0.HOG0000017	-5	0.00186498	contraction	large_family_own_lambda
Polistes_canadensis	N0.HOG0000049	-4	0.00585572	contraction	large_family_own_lambda
Polistes_canadensis	N0.HOG0000038	-4	0.00974881	contraction	large_family_own_lambda
Polistes_canadensis	N0.HOG0000050	-3	0.0189719	contraction	large_family_own_lambda
Polistes_dominula	N0.HOG0000060	11	0.000686053	expansion	large_family_own_lambda
Polistes_dominula	N0.HOG0000017	-6	0.00110398	contraction	large_family_own_lambda
Polistes_dominula	N0.HOG0000041	-6	0.00110398	contraction	large_family_own_lambda
Polistes_dominula	N0.HOG0000096	-6	0.00293701	contraction	large_family_own_lambda
Polistes_dominula	N0.HOG0000122	6	0.00993387	expansion	large_family_own_lambda
Polistes_dominula	N0.HOG0000951	-5	0.0134466	contraction	large_family_own_lambda
Polistes_dominula	N0.HOG0000038	-4	0.022622	contraction	large_family_own_lambda
Polistes_dominula	N0.HOG0000001	5	0.0228469	expansion	large_family_own_lambda
Polistes_dominula	N0.HOG0000018	5	0.0228469	expansion	large_family_own_lambda
Polistes_dominula	N0.HOG0000128	-3	0.0238689	contraction	large_family_own_lambda
Polistes_dominula	N0.HOG0000002	-4	0.03164	contraction	large_family_own_lambda
Polistes_exclamans	N0.HOG0000951	35	8.22885e-28	expansion	large_family_own_lambda
Polistes_exclamans	N0.HOG0000047	26	1.38352e-23	expansion	large_family_own_lambda
Polistes_exclamans	N0.HOG0000041	28	5.95429e-22	expansion	large_family_own_lambda
Polistes_exclamans	N0.HOG0002570	19	9.9967e-17	expansion	large_family_own_lambda
Polistes_exclamans	N0.HOG0000038	21	5.30146e-16	expansion	large_family_own_lambda
Polistes_exclamans	N0.HOG0000128	14	1.58049e-13	expansion	large_family_own_lambda
Polistes_exclamans	N0.HOG0000022	17	1.60292e-13	expansion	large_family_own_lambda
Polistes_exclamans	N0.HOG0000032	17	9.20818e-08	expansion	large_family_own_lambda
Polistes_exclamans	N0.HOG0000158	11	1.72695e-07	expansion	large_family_own_lambda
Polistes_exclamans	N0.HOG0000096	-6	3.23473e-05	contraction	large_family_own_lambda
Polistes_exclamans	N0.HOG0000050	6	0.000178229	expansion	large_family_own_lambda
Polistes_exclamans	N0.HOG0000105	5	0.000744315	expansion	large_family_own_lambda
Polistes_exclamans	N0.HOG0000009	-4	0.00125265	contraction	large_family_own_lambda
Polistes_exclamans	N0.HOG0000017	5	0.00413879	expansion	large_family_own_lambda
Polistes_exclamans	N0.HOG0000060	-4	0.00766984	contraction	large_family_own_lambda
Polistes_exclamans	N0.HOG0000122	-3	0.0100946	contraction	large_family_own_lambda
Polistes_fuscatus	N0.HOG0000101	55	1.23585e-29	expansion	large_family_own_lambda
Polistes_fuscatus	N0.HOG0000096	42	7.31322e-28	expansion	large_family_own_lambda
Polistes_fuscatus	N0.HOG0000009	25	8.24222e-17	expansion	large_family_own_lambda
Polistes_fuscatus	N0.HOG0000122	26	1.18358e-16	expansion	large_family_own_lambda
Polistes_fuscatus	N0.HOG0000002	14	2.18452e-08	expansion	large_family_own_lambda
Polistes_fuscatus	N0.HOG0000001	12	2.48735e-07	expansion	large_family_own_lambda
Polistes_fuscatus	N0.HOG0000017	11	1.11331e-05	expansion	large_family_own_lambda
Polistes_fuscatus	N0.HOG0000056	11	0.000101563	expansion	large_family_own_lambda
Polistes_fuscatus	N0.HOG0000060	10	0.000150924	expansion	large_family_own_lambda
Polistes_fuscatus	N0.HOG0000047	-5	0.000233913	contraction	large_family_own_lambda
Polistes_fuscatus	N0.HOG0000022	-5	0.00461385	contraction	large_family_own_lambda
Polistes_fuscatus	N0.HOG0000003	5	0.0443098	expansion	large_family_own_lambda
Tiphia_femorata	N0.HOG0000049	23	0.000158805	expansion	large_family_own_lambda
Tiphia_femorata	N0.HOG0000003	-6	0.0395966	contraction	large_family_own_lambda
Vespa_crabro	N0.HOG0000158	-12	5.18554e-10	contraction	large_family_own_lambda
Vespa_crabro	N0.HOG0000105	-6	1.60431e-05	contraction	large_family_own_lambda
Vespa_crabro	N0.HOG0000101	5	0.000598164	expansion	large_family_own_lambda
Vespa_crabro	N0.HOG0000047	2	0.000689757	expansion	large_family_own_lambda
Vespa_crabro	N0.HOG0000050	-6	0.000709147	contraction	large_family_own_lambda
Vespa_crabro	N0.HOG0000056	-3	0.00371953	contraction	large_family_own_lambda
Vespa_crabro	N0.HOG0000096	-2	0.0183602	contraction	large_family_own_lambda
Vespa_crabro	N0.HOG0000032	-3	0.0193738	contraction	large_family_own_lambda
Vespa_mandarinia	N0.HOG0000041	13	1.2528e-13	expansion	large_family_own_lambda
Vespa_mandarinia	N0.HOG0000118	7	3.66341e-10	expansion	large_family_own_lambda
Vespa_mandarinia	N0.HOG0000018	3	2.56365e-05	expansion	large_family_own_lambda
Vespa_mandarinia	N0.HOG0000009	6	0.000526621	expansion	large_family_own_lambda
Vespa_mandarinia	N0.HOG0000038	5	0.00276375	expansion	large_family_own_lambda
Vespa_mandarinia	N0.HOG0000105	3	0.0257421	expansion	large_family_own_lambda
Vespa_velutina	N0.HOG0000158	23	3.12934e-14	expansion	large_family_own_lambda
Vespa_velutina	N0.HOG0000105	9	6.36838e-06	expansion	large_family_own_lambda
Vespa_velutina	N0.HOG0000108	6	0.000800916	expansion	large_family_own_lambda
Vespa_velutina	N0.HOG0000032	6	0.00151121	expansion	large_family_own_lambda
Vespa_velutina	N0.HOG0000038	-5	0.00158488	contraction	large_family_own_lambda
Vespa_velutina	N0.HOG0000118	-2	0.00272523	contraction	large_family_own_lambda
Vespa_velutina	N0.HOG0000050	7	0.00348811	expansion	large_family_own_lambda
Vespa_velutina	N0.HOG0000041	-2	0.0284459	contraction	large_family_own_lambda
Vespa_velutina	N0.HOG0000056	3	0.0315248	expansion	large_family_own_lambda
Vespula_germanica	N0.HOG0000158	9	0.00189865	expansion	large_family_own_lambda
Vespula_germanica	N0.HOG0000022	5	0.00777818	expansion	large_family_own_lambda
Vespula_germanica	N0.HOG0000105	-4	0.01231	contraction	large_family_own_lambda
Vespula_germanica	N0.HOG0000049	6	0.0271902	expansion	large_family_own_lambda
Vespula_pensylvanica	N0.HOG0000022	-7	2.19467e-09	contraction	large_family_own_lambda
Vespula_pensylvanica	N0.HOG0000101	-3	0.000508172	contraction	large_family_own_lambda
Vespula_pensylvanica	N0.HOG0000049	-4	0.00361397	contraction	large_family_own_lambda
Vespula_pensylvanica	N0.HOG0000158	-3	0.0159624	contraction	large_family_own_lambda
Vespula_vulgaris	N0.HOG0000022	3	0.00492058	expansion	large_family_own_lambda
Vespula_vulgaris	N0.HOG0000049	3	0.0427519	expansion	large_family_own_lambda
