FamilyID	Ancistrocerus_nigricornis<1>	Mischocyttarus_mexicanus<2>	Polistes_dominula<3>	Polistes_fuscatus<4>	Polistes_exclamans<5>	Polistes_canadensis<6>	Vespula_germanica<7>	Vespula_pensylvanica<8>	Vespula_vulgaris<9>	Vespa_crabro<10>	Vespa_mandarinia<11>	Vespa_velutina<12>	Dolichovespula_media<13>	Dolichovespula_saxonica<14>	Dolichovespula_sylvestris<15>	Anoplius_nigerrimus<16>	Tiphia_femorata<17>	<18>	<19>	<20>	<21>	<22>	<23>	<24>	<25>	<26>	<27>	<28>	<29>	<30>	<31>	<32>	<33>
N0.HOG0000005	0.601002	0.546951	0.530432	0.520023	0.512107	0.512107	0.5	0.5	0.5	0.520345	0.0104388	0.53409	0.5	0.5	0.5	0.612512	0.165187	N/A	0.52935	0.535941	0.529519	0.518134	0.511063	0.50821	0.534014	0.0374342	0.5	0.507897	1.07381e-05	0.514628	0.0189604	0.5	0.513908
N0.HOG0000007	0.601002	0.546951	0.0454098	0.538851	0.0121793	8.118e-05	0.518973	0.5	0.5	0.505207	0.00780307	0.0132828	0.523789	0.517541	0.00884604	0.688607	0.688607	N/A	0.0842396	0.535941	0.529519	0.518134	0.00556166	0.516219	0.534014	0.525064	0.0213398	0.507897	0.527417	0.503719	0.512667	0.506591	0.527239
N0.HOG0000008	0.148657	0.546951	4.16261e-13	0.520023	0.5	0.5	0.5	0.5	0.5	0.525235	2.88141e-08	0.525906	0.0355391	0.0262332	0.517541	0.612512	0.165187	N/A	0.52935	0.535941	0.529519	0.518134	0.511063	0.0122984	0.534014	0.0374342	0.5	0.507897	0.000386216	8.26065e-05	0.512667	0.506591	0.513908
N0.HOG0000015	0.148657	0.0698472	0.530432	0.0101096	0.5	0.5	0.5	0.5	0.5	0.5	0.5	0.5	0.5	0.5	0.5	0.00705817	0.612512	N/A	0.52935	0.535941	0.529519	0.518134	0.511063	0.0122984	0.0507211	0.5	0.5	0.5	0.5	0.5	0.5	0.5	0.513908
N0.HOG0000019	0.82842	0.739444	0.68003	0.0799046	0.0484895	0.585527	0.084954	0.0630137	0.0221703	0.0664827	2.99371e-11	0.108988	0.66332	0.628925	0.197457	0.109923	1.39486e-05	N/A	0.659552	0.124687	0.676122	0.620667	0.578977	0.560333	0.133969	0.669733	0.608729	0.564747	0.681088	0.532018	0.598334	0.55487	0.586116
N0.HOG0000028	0.00824667	0.139852	0.646442	0.60372	0.0364541	0.00113336	9.16301e-06	0.0428258	0.528456	0.53005	0.53005	0.000604013	0.182965	0.140445	0.5925	0.13724	0.0258411	N/A	0.623517	0.0903894	0.642957	0.59522	0.561151	0.546344	0.65965	0.625249	0.577011	0.544677	0.634751	0.5217	0.569204	0.537652	0.564025
N0.HOG0000029	0.861572	0.00164829	0.0161446	0.0191458	0.594584	0.00263708	0.00164881	0.546076	0.0695707	0.544052	0.544052	0.571903	0.0365549	0.650288	0.650288	0.432694	0.0142513	N/A	0.703376	0.731231	0.704149	0.220666	0.587462	0.567075	0.164353	0.694499	0.195823	0.577366	0.0192109	0.532018	0.616024	0.565799	0.61603
N0.HOG0000031	0.148657	0.0698472	0.530432	0.5	0.5	0.5	0.518973	0.5	0.5	0.5	0.5	0.5	0.5	0.5	0.5	0.612512	0.165187	N/A	0.52935	0.535941	0.529519	0.518134	0.0165633	0.5	0.534014	0.525064	0.0213398	0.0118292	0.5	0.5	0.5	0.5	0.513908
N0.HOG0000036	0.761791	0.117817	0.194078	0.588932	5.83593e-10	0.0850206	0.56972	0.51925	0.51925	0.520345	0.520345	0.53409	0.0480051	0.564868	0.564868	0.439461	0.778538	N/A	0.603015	0.622549	0.0596464	0.581436	0.551788	0.539089	0.616961	0.589647	0.553514	0.530486	0.597051	0.514628	0.547873	0.525595	0.552273
N0.HOG0000037	0.148657	0.546951	0.0454098	0.0101096	0.512107	0.0181232	0.00957497	0.50492	0.50492	0.510332	0.510332	0.517502	0.523789	0.0262332	0.00884604	0.0589792	0.612512	N/A	0.52935	0.535941	0.529519	0.518134	0.511063	0.50821	0.534014	0.525064	0.514261	0.507897	0.013891	0.507396	0.512667	0.506591	0.513908
N0.HOG0000039	0.0133957	0.0431005	0.224451	0.60372	0.566413	0.100449	7.85421e-05	0.537395	0.537395	0.539457	1.5692e-05	0.557374	0.129459	0.0979064	0.564868	0.841496	0.109923	N/A	0.245537	0.666467	0.642957	0.59522	0.561151	0.546344	0.65965	0.625249	0.00478335	0.544677	0.0824419	0.0130347	0.00124207	0.525595	0.586116
N0.HOG0000040	0.567356	0.000784341	0.68003	0.630799	4.58222e-06	0.585527	0.0757661	0.532958	0.532958	0.539457	0.539457	0.564734	0.0946737	0.605272	0.605272	0.130715	0.853735	N/A	0.675393	0.702103	0.676122	0.620667	0.578977	0.560333	0.694663	0.655965	0.150064	0.558214	0.666843	0.528617	0.588985	0.0743573	0.596498
N0.HOG0000042	0.811614	0.678895	0.194078	1.98213e-10	0.54587	0.54587	0.0757661	0.000256725	0.532958	0.00119165	0.539457	0.0979773	0.649851	0.0701027	4.14448e-06	0.000139852	0.0383709	N/A	0.642309	0.666467	0.21896	0.581436	0.551788	0.0588799	0.0243326	0.655965	0.150064	0.558214	0.666843	0.528617	0.588985	0.549243	0.575299
N0.HOG0000043	0.00178622	0.652597	0.606305	0.573235	0.000464459	0.54587	0.56972	0.0218339	0.514544	3.07425e-07	0.0104388	0.53409	0.0480051	0.549924	0.0751225	0.741236	0.741236	N/A	0.580623	0.0547408	0.603529	0.566886	0.54211	0.531653	0.616961	0.589647	0.0806716	0.530486	0.597051	0.514628	0.547873	0.0384794	0.540019
N0.HOG0000044	0.0566467	0.652597	0.161248	0.0403628	0.54587	2.4881e-08	0.057138	0.528456	0.528456	0.0104388	0.520345	0.00024586	0.0598552	0.579046	4.27108e-07	0.0258411	0.805672	N/A	0.623517	0.645672	0.189141	0.566886	0.54211	0.531653	0.639378	0.0630647	0.577011	0.537666	0.177593	0.514628	0.55874	0.531683	0.564025
N0.HOG0000045	0.246002	0.0480119	0.530432	0.520023	0.00608963	0.0181232	0.536874	0.5	0.5	0.00261004	0.505207	0.0132828	0.0240663	0.0512521	0.534164	3.09058e-09	0.13724	N/A	0.623517	0.000313132	0.55645	0.0529381	0.511063	0.50821	0.564597	0.548259	0.000114558	0.515607	0.0789207	0.503719	0.524855	0.513052	0.564025
N0.HOG0000046	0.672517	3.02375e-13	9.58504e-08	0.00912672	1.57417e-06	2.18255e-12	0.5	0.5	0.5	0.00261004	0.505207	0.0132828	0.0355391	0.0262332	0.00884604	0.118525	0.01204	N/A	0.556142	0.568055	1.91911e-06	0.59522	0.561151	0.546344	0.096936	0.0374342	0.5	0.507897	0.527417	0.503719	0.512667	0.506591	0.527239
N0.HOG0000048	0.724016	0.546951	0.0454098	0.0299322	1.11944e-11	0.523776	0.000903289	0.5	0.5	0.5	0.5	0.5	0.545895	0.00500542	0.579046	0.174655	0.741236	N/A	0.580623	0.14621	0.0847017	0.518134	0.511063	0.00412185	0.564597	0.548259	0.000114558	0.515607	0.00046611	0.5	0.524855	5.72631e-07	0.540019
N0.HOG0000051	0.156475	0.0698472	0.0454098	0.0299322	0.512107	0.0181232	0.5	0.5	0.5	0.5	0.5	0.5	0.0355391	0.0262332	0.00884604	0.00261102	8.69167e-08	N/A	0.580623	0.00233105	0.529519	0.518134	0.511063	0.50821	0.534014	0.0374342	0.5	0.507897	0.0409321	0.5	0.512667	0.506591	0.540019
N0.HOG0000052	0.790045	0.275474	0.0765721	0.134812	0.556327	0.556327	0.584788	0.51925	0.51925	0.00013822	0.525235	0.542058	0.619961	0.00710352	0.5925	0.778538	0.0480271	N/A	0.0593038	0.645672	0.624106	0.581436	0.551788	0.539089	0.639378	0.608111	0.0989992	0.537666	0.616668	0.518184	0.0318179	0.537652	0.552273
N0.HOG0000053	0.00928304	0.587395	1.02145e-07	5.99991e-12	0.512107	0.512107	0.5	0.5	0.5	0.510332	0.0154981	0.517502	0.0355391	0.517541	0.0262332	5.88716e-05	0.28447	N/A	0.556142	0.568055	0.55645	1.19221e-05	0.551788	1.58775e-08	0.096936	0.0374342	0.5	0.507897	0.013891	0.507396	0.512667	0.506591	0.527239
N0.HOG0000054	0.410484	0.622332	0.00535723	0.0303102	0.523776	0.0356655	0.553769	0.000144403	0.514544	0.0130467	0.525235	0.542058	0.523789	0.517541	0.517541	3.23061e-05	0.130715	N/A	0.000504685	0.186304	0.581045	0.55152	0.532104	0.0360982	0.592133	0.569739	0.54099	0.523135	0.00436433	0.518184	0.000259251	0.506591	0.0487961
N0.HOG0000055	1.88604e-06	7.43155e-05	0.0914234	0.60372	0.566413	0.0364541	0.599027	0.528456	0.528456	0.53479	0.53479	0.557374	0.619961	0.5925	0.5925	0.312004	0.312004	N/A	0.642309	0.666467	0.642957	0.59522	0.561151	0.546344	0.65965	0.625249	0.577011	0.544677	0.0824419	0.525178	0.569204	0.537652	0.575299
N0.HOG0000057	0.538781	0.701816	0.646442	0.157762	0.566413	0.100449	0.599027	0.528456	0.0428258	0.520345	0.520345	0.53409	0.157034	0.579046	0.579046	0.0984942	0.0984942	N/A	0.0150569	0.286711	0.642957	0.59522	0.561151	0.546344	0.65965	0.625249	0.577011	0.0673755	0.177593	0.514628	0.55874	0.531683	0.0625146
N0.HOG0000058	0.146669	0.346934	9.83252e-05	0.0701443	0.100449	0.566413	0.0757661	0.0563715	0.537395	0.0524136	0.000913928	0.557374	0.000407316	0.639876	0.0870968	0.00291254	0.00124828	N/A	0.642309	0.107731	0.660247	0.608283	0.57021	0.0806946	0.118187	0.655965	0.598597	0.558214	0.257454	0.525178	0.588985	0.00188681	0.575299
N0.HOG0000059	0.0566467	0.0122559	0.106025	0.0701443	0.00156986	0.576142	0.584788	0.523887	0.523887	0.520345	0.520345	0.53409	0.619961	0.0528281	0.5925	0.13724	0.00150154	N/A	0.623517	0.645672	0.624106	0.00533648	0.57021	0.553424	0.639378	0.608111	0.565513	0.537666	0.177593	0.514628	0.0318179	0.537652	0.564025
N0.HOG0000061	0.761791	0.0316912	0.194078	0.0503618	5.83593e-10	8.45033e-08	0.5	0.5	0.5	0.505207	0.00780307	3.53417e-07	0.5	0.5	0.5	0.778538	0.0480271	N/A	0.603015	0.622549	0.0596464	0.581436	0.551788	0.539089	0.000118964	0.0374342	0.5	0.507897	0.527417	0.503719	0.0189604	0.5	0.552273
N0.HOG0000062	0.146669	0.701816	0.224451	0.60372	0.566413	0.100449	0.150509	0.537395	0.537395	0.53479	0.0524136	0.557374	0.0715953	0.5925	0.140445	0.53229	0.825944	N/A	0.642309	0.666467	0.642957	0.59522	0.561151	0.546344	0.65965	0.625249	0.00478335	0.544677	0.0824419	0.525178	0.569204	0.537652	0.575299
N0.HOG0000063	0.790045	0.000735236	0.646442	0.60372	0.566413	0.566413	0.599027	0.528456	0.528456	0.53005	0.53005	0.542058	0.157034	0.579046	0.00162841	0.805672	0.271471	N/A	0.623517	0.645672	0.624106	0.0455997	0.561151	0.546344	0.639378	0.0630647	0.577011	0.537666	0.616668	0.0093124	0.55874	0.531683	0.564025
N0.HOG0000066	0.148657	0.00555885	0.558115	0.538851	0.523776	0.523776	0.536874	0.509768	0.509768	0.510332	0.510332	0.517502	0.0688558	0.534164	0.534164	0.612512	0.165187	N/A	0.52935	0.0182811	0.55645	0.535288	0.52176	0.516219	0.564597	0.548259	0.527915	0.515607	0.5526	0.507396	0.524855	0.513052	0.513908
N0.HOG0000068	0.724016	0.185267	0.583324	0.556564	0.000236095	0.535024	0.553769	0.514544	0.514544	0.0104388	0.520345	0.53409	0.036067	0.549924	0.549924	0.372669	0.372669	N/A	0.580623	0.596792	0.581045	0.55152	0.532104	0.524031	0.592133	0.569739	0.54099	0.523135	0.041626	0.514628	0.536584	0.519386	0.540019
N0.HOG0000069	0.174914	0.055277	0.646442	0.157762	0.0364541	0.100449	0.00642389	0.541767	0.00134645	0.548576	0.00060888	0.578886	0.66332	0.628925	0.000235978	0.565522	0.109923	N/A	0.659552	0.685199	0.660247	0.164977	0.561151	0.546344	0.0317673	0.669733	0.608729	0.564747	0.121586	0.535382	0.598334	0.55487	0.586116
N0.HOG0000087	0.148657	0.5	0.5	0.5	0.5	0.5	0.5	0.5	0.5	0.5	0.5	0.5	0.523789	0.0262332	0.517541	0.165187	0.612512	N/A	0.52935	0.535941	0.044054	0.5	0.5	0.5	0.534014	0.0374342	0.5	0.507897	0.0409321	0.5	0.512667	0.506591	0.513908
N0.HOG0000089	0.672517	0.587395	0.558115	0.00023588	3.54852e-06	8.118e-05	0.0283685	0.50492	0.50492	0.5	0.5	0.5	0.523789	0.5	0.5	0.28447	0.688607	N/A	0.556142	0.568055	0.55645	0.535288	0.52176	0.516219	0.096936	0.525064	0.514261	0.507897	0.0409321	0.5	0.512667	0.00987568	0.527239
N0.HOG0000090	0.410484	0.233069	0.606305	0.573235	0.54587	0.54587	0.0019121	0.541767	0.541767	0.544052	0.544052	0.571903	0.129459	0.000995789	0.0353329	0.225762	0.0480271	N/A	0.603015	0.622549	0.603529	0.566886	0.54211	0.531653	0.0687864	0.608111	1.56612e-06	0.537666	2.03285e-05	0.532018	0.0886897	0.525595	0.552273
N0.HOG0000091	0.259892	0.587395	0.558115	0.538851	0.523776	0.523776	0.0553178	0.514544	0.514544	0.515378	0.0230869	0.525906	0.000342151	0.0512521	0.0176924	0.118525	0.28447	N/A	0.556142	0.568055	0.55645	0.535288	0.52176	0.516219	0.564597	0.548259	0.0143613	0.515607	0.0277837	0.511032	0.524855	0.513052	0.527239
N0.HOG0000094	0.259892	0.587395	0.558115	0.538851	0.523776	0.523776	0.553769	0.514544	3.74239e-05	0.515378	0.515378	0.525906	0.566448	0.564868	0.564868	0.688607	0.118525	N/A	0.556142	0.568055	0.55645	0.535288	0.52176	0.516219	0.0345755	0.569739	0.54099	0.523135	0.57575	0.511032	0.536584	0.00991827	0.527239
N0.HOG0000097	0.790045	0.275474	0.0765721	0.0503618	0.556327	8.45033e-08	0.584788	0.0123272	0.523887	0.525235	0.525235	0.542058	0.00303942	0.579046	0.119662	0.0480271	0.439461	N/A	0.0593038	0.645672	0.624106	0.581436	0.551788	0.539089	0.639378	0.608111	0.565513	0.537666	0.616668	0.518184	0.55874	0.531683	0.552273
N0.HOG0000098	0.259892	6.94325e-05	0.00255203	0.00565285	2.50897e-09	1.17933e-08	0.5	0.5	0.5	0.00780307	0.505207	0.0132828	0.5	0.5	0.5	0.688607	0.688607	N/A	0.556142	0.568055	2.40451e-09	0.620667	0.578977	0.560333	0.096936	0.0374342	0.5	0.507897	0.527417	0.503719	0.0189604	0.5	0.527239
N0.HOG0000099	0.761791	0.652597	0.606305	0.588932	0.556327	0.556327	0.584788	0.523887	0.0359196	0.520345	0.0305712	0.53409	0.585571	0.549924	0.549924	0.372669	0.372669	N/A	0.0445947	0.622549	0.603529	0.566886	0.0222335	0.539089	0.616961	0.0505924	0.565513	0.530486	0.597051	0.514628	0.547873	0.0384794	0.540019
N0.HOG0000100	0.790045	0.313221	0.0914234	0.60372	0.566413	0.566413	0.599027	0.528456	0.528456	0.53005	0.53005	0.549817	0.157034	0.579046	3.22238e-05	0.13724	0.805672	N/A	0.623517	0.0903894	0.642957	0.59522	0.561151	0.546344	0.65965	0.625249	0.577011	0.544677	0.634751	0.5217	0.104711	0.531683	0.564025
N0.HOG0000103	0.00928304	0.622332	0.125713	0.0851565	0.0182646	0.535024	0.105286	0.537395	0.00106674	0.544052	0.023462	0.571903	0.0688558	0.534164	0.000177716	0.688607	0.01204	N/A	0.556142	0.0365674	0.581045	0.55152	0.532104	0.524031	0.0517695	0.589647	7.3766e-07	0.530486	1.00174e-06	0.532018	0.000509615	0.513052	0.527239
N0.HOG0000104	0.761791	0.622332	0.0462575	0.0851565	0.535024	0.535024	0.0382353	0.51925	0.0289228	0.510332	0.510332	0.525906	0.585571	0.564868	0.0979064	0.778538	0.0153767	N/A	0.603015	0.622549	0.156981	0.55152	0.532104	0.524031	0.616961	0.589647	0.553514	0.530486	0.147036	0.0165584	0.547873	0.525595	0.552273
N0.HOG0000106	0.0566467	0.678895	0.627278	0.588932	0.54587	0.54587	0.599027	0.528456	0.0147903	0.53479	0.53479	0.549817	0.603374	0.564868	0.564868	0.0688454	0.13724	N/A	0.623517	0.645672	0.624106	0.581436	0.551788	0.0588799	0.639378	0.0630647	0.577011	0.537666	0.0689893	0.0111739	0.55874	0.0476844	0.564025
N0.HOG0000112	0.601002	0.0698472	0.530432	0.520023	0.512107	0.512107	0.00957497	0.50492	0.50492	0.505207	0.505207	0.508868	0.0355391	0.00884604	0.517541	0.612512	0.612512	N/A	0.52935	0.535941	0.529519	0.518134	0.511063	0.50821	0.534014	0.525064	0.514261	0.507897	0.527417	0.503719	0.512667	0.506591	0.513908
N0.HOG0000113	0.203342	0.652597	0.161248	0.573235	0.00156136	0.54587	0.56972	0.514544	0.514544	0.00782976	0.515378	0.525906	0.0480051	0.564868	0.564868	0.439461	0.0153767	N/A	0.603015	0.622549	0.603529	0.566886	0.54211	0.531653	0.616961	0.589647	0.0806716	0.530486	0.147036	0.511032	0.547873	0.525595	0.552273
N0.HOG0000114	0.000125431	0.1312	0.558115	0.00100618	0.523776	0.0356655	0.637264	0.0630137	2.08844e-07	0.00060888	0.548576	0.578886	0.00384609	0.0250255	0.000575657	0.778538	0.778538	N/A	0.603015	0.622549	0.00293563	0.535288	0.52176	0.516219	2.60232e-06	0.669733	0.608729	0.0355773	0.69427	0.535382	0.0100324	0.571106	0.552273
N0.HOG0000121	0.724016	0.622332	0.0462575	0.556564	0.535024	0.000236095	0.553769	3.74239e-05	0.514544	0.0305712	0.520345	0.53409	0.100113	0.564868	0.564868	0.372669	0.741236	N/A	0.580623	0.596792	0.581045	0.55152	0.532104	0.524031	0.592133	0.569739	0.54099	0.523135	0.041626	0.514628	0.536584	0.00991827	0.540019
N0.HOG0000123	0.601002	0.0698472	0.0454098	0.0202198	0.523776	0.523776	0.5	0.5	0.5	0.5	0.5	0.5	0.5	0.5	0.5	0.688607	0.00280153	N/A	0.0842396	0.535941	0.529519	0.518134	0.00556166	0.516219	0.0507211	0.5	0.5	0.5	0.5	0.5	0.5	0.5	0.527239
N0.HOG0000125	0.344666	0.622332	0.583324	0.556564	0.535024	0.0526487	0.536874	0.509768	0.0146514	0.520345	0.000294117	0.525906	0.545895	0.534164	0.534164	0.372669	0.0657033	N/A	0.580623	0.596792	0.581045	0.55152	0.532104	0.524031	0.139113	0.548259	0.527915	0.515607	0.0277837	0.00558807	0.524855	0.513052	0.540019
N0.HOG0000145	0.601002	0.00555885	0.558115	0.538851	0.0356655	0.523776	0.518973	0.00737393	0.50492	0.505207	0.505207	0.0132828	0.523789	0.517541	0.517541	0.612512	0.612512	N/A	0.52935	0.535941	0.0149706	0.535288	0.52176	0.516219	0.534014	0.525064	0.514261	0.507897	0.527417	0.503719	0.512667	0.506591	0.513908
N0.HOG0000147	0.724016	0.587395	0.0872019	0.538851	0.523776	0.0356655	0.0191503	0.50492	0.50492	0.00261004	0.505207	0.508868	0.566448	0.549924	0.549924	0.741236	0.174655	N/A	0.580623	0.14621	0.55645	0.535288	0.52176	0.516219	0.564597	0.548259	0.041875	0.515607	0.0789207	0.503719	0.0127466	0.519386	0.540019
N0.HOG0000148	0.246002	0.678895	0.627278	0.134812	0.556327	0.556327	0.56972	0.514544	0.514544	0.00522007	0.510332	0.517502	0.0480051	0.564868	0.0979064	0.0114707	0.805672	N/A	0.623517	0.645672	0.624106	0.581436	0.551788	0.539089	0.212971	0.589647	0.0806716	0.530486	0.00251611	0.507396	0.547873	0.525595	0.564025
N0.HOG0000149	0.148657	0.0698472	0.0308833	0.538851	0.523776	8.118e-05	0.5	0.5	0.5	0.5	0.5	0.5	0.5	0.5	0.5	0.612512	0.165187	N/A	0.52935	0.535941	0.529519	0.00914782	0.52176	0.516219	0.0507211	0.5	0.5	0.5	0.5	0.5	0.5	0.5	0.513908
N0.HOG0000154	6.83419e-06	0.5	0.5	0.5	0.5	0.5	0.5	0.5	0.5	0.5	0.5	0.5	0.5	0.5	0.5	0.165187	0.612512	N/A	0.52935	0.0535765	0.5	0.5	0.5	0.5	0.5	0.5	0.5	0.5	0.5	0.5	0.5	0.5	0.513908
N0.HOG0000155	0.672517	0.587395	0.0872019	1.60471e-05	0.512107	0.512107	0.105286	0.523887	0.0123272	0.525235	0.525235	0.542058	0.0480051	0.564868	0.564868	0.688607	0.688607	N/A	0.556142	0.568055	0.55645	0.535288	0.52176	0.0243289	0.00291093	0.589647	0.0286944	0.530486	0.0553736	0.518184	0.547873	0.525595	0.527239
N0.HOG0000159	0.0746237	3.42878e-05	0.0454098	0.0299322	4.37973e-22	0.0181232	0.518973	0.5	0.5	0.5	0.5	0.508868	2.69073e-05	0.534164	0.0512521	0.312004	0.0891411	N/A	0.642309	0.000574161	0.581045	0.000546786	0.511063	0.50821	0.139113	0.0724038	0.0213398	0.515607	0.0789207	0.0055744	0.524855	0.513052	0.575299
N0.HOG0000160	0.00178622	0.000591324	0.558115	0.0582852	0.523776	0.523776	0.553769	0.50492	0.50492	0.505207	0.505207	0.508868	0.566448	0.549924	0.0751225	0.741236	0.741236	N/A	0.580623	0.596792	0.581045	0.077534	0.52176	0.516219	0.592133	0.569739	0.000331407	0.523135	0.00130704	0.503719	0.536584	0.519386	0.540019
N0.HOG0000161	0.761791	0.0213592	0.583324	0.556564	0.0182646	0.535024	0.00211179	0.514544	0.514544	0.515378	0.515378	0.525906	0.036067	0.549924	0.549924	0.778538	0.225762	N/A	0.603015	0.622549	0.603529	0.100974	0.532104	0.524031	0.177668	0.569739	0.54099	0.523135	0.57575	0.511032	0.536584	0.519386	0.552273
N0.HOG0000162	0.724016	0.622332	0.583324	0.0851565	0.535024	0.535024	0.0664913	0.532958	0.0496426	0.525235	0.525235	0.542058	0.603374	0.579046	0.0441037	0.372669	0.0657033	N/A	0.580623	0.596792	0.581045	0.55152	0.532104	0.524031	0.00666265	0.00990232	0.588031	0.537666	0.616668	0.518184	0.55874	0.531683	0.540019
N0.HOG0000163	0.00178622	0.0124896	0.0872019	0.0202198	0.523776	0.523776	0.56972	0.509768	0.0146514	0.520345	0.520345	9.57405e-06	0.0598552	0.0441037	0.00162841	0.0283152	0.174655	N/A	0.580623	0.596792	0.581045	0.077534	0.52176	0.516219	0.0517695	0.589647	0.000650007	0.530486	0.597051	0.514628	0.0254735	0.531683	0.540019
N0.HOG0000166	0.000676599	0.0698472	0.0454098	0.0299322	0.512107	0.00608963	0.518973	0.5	0.5	0.5	0.5	0.5	0.523789	0.00884604	0.517541	0.741236	0.0657033	N/A	0.580623	0.00233105	0.529519	0.518134	0.511063	0.50821	0.534014	0.525064	0.0213398	0.507897	0.0409321	0.5	0.512667	0.506591	0.540019
N0.HOG0000171	0.0848875	0.546951	0.530432	0.520023	0.512107	0.512107	0.536874	0.509768	0.00493205	0.510332	0.510332	0.517502	0.0688558	0.0512521	0.534164	0.0480271	0.00218255	N/A	0.603015	0.00443228	0.0847017	0.518134	0.511063	0.50821	0.564597	0.548259	0.527915	0.515607	0.5526	0.507396	0.524855	0.513052	0.552273
N0.HOG0000174	0.601002	0.1312	0.558115	0.538851	0.523776	0.523776	0.536874	0.509768	0.509768	0.510332	0.510332	0.517502	0.585571	0.564868	0.0353329	0.612512	0.612512	N/A	0.52935	0.0182811	0.55645	0.535288	0.52176	0.516219	0.564597	0.548259	0.527915	0.515607	0.5526	0.507396	0.00040215	0.525595	0.513908
N0.HOG0000175	0.00928304	0.701816	9.19623e-07	0.0191458	0.594584	2.36695e-08	0.0283685	0.50492	0.50492	0.505207	0.505207	0.508868	0.523789	0.5	0.5	0.118525	0.01204	N/A	0.556142	0.568055	1.91911e-06	0.000261036	0.587462	0.567075	0.096936	0.525064	0.514261	0.507897	0.527417	0.503719	0.512667	0.00987568	0.527239
N0.HOG0000177	0.410484	0.233069	0.606305	0.573235	0.54587	0.54587	0.56972	7.43535e-05	0.51925	0.00782976	0.0230869	0.0389194	0.585571	0.564868	0.0979064	0.778538	0.778538	N/A	0.603015	0.622549	0.603529	0.566886	0.54211	0.531653	0.616961	0.589647	0.553514	0.530486	0.147036	0.511032	0.547873	0.525595	0.552273
N0.HOG0000179	0.344666	5.01092e-09	0.194078	0.588932	0.0304057	0.000764223	0.000601112	0.514544	0.514544	0.515378	0.515378	0.525906	0.100113	0.549924	0.0751225	0.0283152	0.741236	N/A	0.580623	0.596792	0.00504616	0.581436	0.551788	0.539089	0.592133	0.569739	0.54099	0.523135	0.57575	0.511032	0.536584	0.519386	0.540019
N0.HOG0000181	0.0538007	0.622332	0.583324	0.0851565	0.0182646	0.535024	0.0287089	0.514544	0.514544	0.515378	0.515378	0.0389194	0.566448	0.0265254	0.549924	0.741236	0.174655	N/A	0.580623	0.596792	0.581045	0.55152	0.532104	0.524031	0.592133	0.569739	0.54099	0.523135	0.57575	0.511032	0.536584	0.519386	0.540019
N0.HOG0000182	0.724016	3.42878e-05	0.583324	0.556564	1.05179e-05	0.535024	0.553769	0.514544	0.514544	0.515378	0.515378	0.525906	0.100113	0.549924	0.0751225	0.0283152	0.741236	N/A	0.580623	0.596792	0.581045	0.55152	0.532104	0.524031	0.592133	0.569739	0.54099	0.523135	0.57575	0.511032	0.536584	0.519386	0.540019
N0.HOG0000183	0.672517	0.0480119	0.558115	0.0582852	0.523776	0.523776	0.518973	0.50492	0.00737393	0.505207	0.00780307	0.508868	0.523789	0.517541	0.517541	0.28447	0.118525	N/A	0.556142	0.568055	0.55645	0.535288	0.52176	0.516219	0.096936	0.525064	0.514261	0.507897	0.527417	0.503719	0.512667	0.506591	0.527239
N0.HOG0000186	0.601002	0.546951	0.5	0.5	0.5	0.5	0.5	0.5	0.5	0.5	0.5	0.5	0.523789	0.517541	0.0262332	0.165187	0.612512	N/A	0.52935	0.535941	0.529519	0.0271177	0.5	0.5	0.534014	0.0374342	0.5	0.507897	0.0409321	0.5	0.512667	0.506591	0.513908
N0.HOG0000187	0.601002	0.546951	0.530432	0.520023	0.00608963	0.0181232	0.518973	0.5	0.5	0.5	0.5	0.5	0.523789	0.517541	0.0262332	0.165187	0.612512	N/A	0.52935	0.535941	0.529519	0.518134	0.511063	0.50821	0.534014	0.525064	0.0213398	0.507897	0.0409321	0.5	0.512667	0.506591	0.513908
N0.HOG0000189	0.0527395	0.0698472	4.55995e-07	0.5	0.5	0.5	0.5	0.5	0.5	0.5	0.5	0.5	0.5	0.5	0.5	0.165187	0.00705817	N/A	0.52935	0.535941	0.529519	0.518134	0.0165633	0.5	0.0507211	0.5	0.5	0.5	0.5	0.5	0.5	0.5	0.513908
N0.HOG0000201	0.344666	0.0213592	0.161248	0.000205335	0.556327	0.000764223	0.536874	0.509768	0.509768	0.510332	0.0154981	0.517502	0.545895	0.534164	0.534164	0.372669	0.741236	N/A	0.580623	0.596792	0.0448536	0.566886	0.0222335	0.539089	0.139113	0.548259	0.527915	0.515607	0.5526	0.507396	0.524855	0.513052	0.540019
N0.HOG0000202	0.156475	0.185267	0.0462575	0.556564	0.535024	0.0526487	0.553769	0.514544	0.514544	0.515378	0.515378	0.525906	0.566448	0.534164	0.0512521	0.741236	0.372669	N/A	0.580623	0.596792	0.581045	0.55152	0.532104	0.524031	0.592133	0.569739	0.54099	0.523135	0.57575	0.511032	0.536584	0.0291119	0.540019
N0.HOG0000203	0.0223238	0.0124896	0.583324	0.556564	0.0182646	0.535024	0.553769	0.00739778	0.514544	0.0305712	0.0104388	0.53409	0.566448	0.549924	0.549924	0.741236	0.0283152	N/A	0.580623	0.596792	0.581045	0.55152	0.532104	0.524031	0.592133	0.569739	0.54099	0.523135	0.041626	0.514628	0.536584	0.519386	0.540019
N0.HOG0000207	0.0223238	0.622332	0.583324	0.556564	0.523776	0.523776	0.00211179	3.74239e-05	0.514544	0.515378	0.0230869	0.525906	0.585571	0.00323015	0.564868	0.741236	0.372669	N/A	0.580623	0.596792	0.581045	0.55152	0.532104	0.0360982	0.592133	0.569739	0.54099	0.523135	0.57575	0.511032	0.019115	0.525595	0.540019
N0.HOG0000211	0.00279938	0.00130282	0.161248	0.00130927	0.0304057	0.556327	0.553769	0.514544	0.514544	0.510332	0.510332	0.517502	0.566448	0.0265254	0.549924	0.49124	0.805672	N/A	0.623517	0.22284	0.603529	0.566886	0.54211	0.016482	0.177668	0.569739	0.54099	0.523135	0.114214	0.507396	0.536584	0.519386	0.564025
N0.HOG0000222	0.259892	0.0124896	0.583324	0.556564	0.0182646	0.535024	0.553769	0.514544	0.514544	0.515378	0.515378	0.525906	0.036067	0.534164	0.534164	0.28447	0.688607	N/A	0.556142	0.0365674	0.581045	0.55152	0.532104	0.524031	0.592133	0.569739	0.54099	0.523135	0.57575	0.511032	0.536584	0.0291119	0.527239
N0.HOG0000223	0.672517	0.587395	0.0872019	0.538851	0.0356655	0.0121793	0.0287089	0.514544	0.0218339	0.515378	0.515378	0.525906	0.585571	0.564868	0.564868	0.28447	0.118525	N/A	0.556142	0.568055	0.55645	0.535288	0.52176	0.516219	0.0345755	0.569739	0.54099	0.523135	0.57575	0.511032	0.019115	0.525595	0.527239
N0.HOG0000224	0.724016	0.0124896	0.583324	0.556564	0.000236095	0.535024	0.553769	0.514544	3.74239e-05	0.510332	0.510332	0.517502	0.036067	0.549924	0.549924	0.225762	0.778538	N/A	0.15619	0.596792	0.581045	0.55152	0.532104	0.524031	0.592133	0.569739	0.54099	0.523135	0.114214	0.507396	0.536584	0.519386	0.552273
N0.HOG0000225	0.156475	0.185267	0.125713	0.556564	0.535024	0.0526487	0.000601112	0.514544	0.514544	0.515378	0.515378	0.525906	0.566448	0.549924	0.0751225	0.741236	0.174655	N/A	0.580623	0.596792	0.581045	0.55152	0.532104	0.524031	0.592133	0.569739	0.54099	0.523135	0.57575	0.511032	0.536584	0.519386	0.540019
N0.HOG0000228	0.148657	1.19892e-05	2.09403e-08	0.00912672	1.74263e-11	2.18255e-12	0.5	0.5	0.5	3.07425e-07	0.520345	9.57405e-06	0.523789	0.5	0.5	0.612512	0.165187	N/A	0.52935	0.535941	4.02916e-07	0.581436	0.0277758	0.546344	0.534014	0.0374342	0.5	0.507897	1.07381e-05	0.514628	0.512667	0.00987568	0.513908
N0.HOG0000233	0.00562696	0.546951	0.0454098	0.520023	0.512107	0.0181232	0.5	0.5	0.5	0.505207	0.00780307	0.508868	0.0355391	0.0262332	0.517541	0.612512	0.165187	N/A	0.52935	0.535941	0.529519	0.518134	0.511063	0.50821	0.534014	0.0374342	0.5	0.507897	0.527417	0.503719	0.512667	0.506591	0.513908
N0.HOG0000235	0.00178622	0.622332	6.1902e-06	0.0851565	0.0182646	0.535024	0.536874	0.509768	0.509768	0.00522007	0.0154981	0.517502	0.566448	0.549924	0.549924	0.741236	0.0657033	N/A	0.580623	0.596792	0.581045	0.55152	0.532104	0.524031	0.592133	0.105099	0.527915	0.523135	0.114214	0.507396	0.536584	0.519386	0.540019
N0.HOG0000236	0.344666	0.652597	0.68003	0.0271618	0.0663464	0.170729	0.553769	0.514544	0.0218339	0.515378	0.515378	0.0389194	0.523789	0.517541	0.517541	0.372669	0.00756749	N/A	0.580623	0.596792	0.0448536	1.90936e-06	0.000143511	0.580079	0.592133	0.569739	0.54099	0.523135	0.57575	0.511032	0.000259251	0.506591	0.540019
N0.HOG0000239	0.724016	0.185267	0.583324	0.0851565	0.0526487	0.535024	0.553769	0.509768	0.509768	0.510332	0.510332	0.525906	0.566448	0.549924	0.0751225	0.741236	0.372669	N/A	0.580623	0.596792	0.581045	0.55152	0.532104	0.524031	0.592133	0.569739	0.0616409	0.523135	0.57575	0.0165584	0.536584	0.519386	0.540019
N0.HOG0000241	0.00928304	0.00555885	0.0872019	0.538851	0.0356655	0.523776	0.536874	0.50492	0.50492	0.505207	0.505207	0.508868	0.545895	0.0512521	0.534164	0.688607	0.688607	N/A	0.556142	0.568055	0.55645	0.535288	0.52176	0.516219	0.564597	0.548259	0.041875	0.515607	0.0789207	0.503719	0.524855	0.513052	0.527239
N0.HOG0000242	0.724016	0.622332	0.583324	0.0851565	0.54587	0.54587	0.0287089	0.509768	0.509768	0.515378	0.0230869	0.525906	0.036067	0.549924	0.549924	0.741236	0.372669	N/A	0.580623	0.596792	0.581045	0.55152	0.532104	0.0123642	0.592133	0.569739	0.0616409	0.523135	0.57575	0.511032	0.536584	0.519386	0.540019
N0.HOG0000244	0.00928304	0.587395	0.530432	0.520023	0.0181232	0.512107	0.0191503	0.509768	0.0146514	0.00782976	0.515378	0.525906	0.545895	0.534164	0.534164	0.28447	8.16719e-06	N/A	0.556142	0.568055	0.55645	0.0529381	0.511063	0.50821	0.564597	0.548259	0.527915	0.515607	0.0277837	0.511032	0.524855	0.513052	0.527239
N0.HOG0000249	0.601002	0.0698472	0.0454098	0.0299322	0.512107	0.512107	0.518973	0.5	0.5	0.5	0.5	0.5	0.0240663	0.0176924	0.534164	0.612512	0.0589792	N/A	0.52935	0.535941	0.529519	0.518134	0.511063	0.50821	0.534014	0.525064	0.0213398	0.507897	0.0409321	0.5	0.00637328	0.513052	0.513908
N0.HOG0000251	0.10584	0.587395	0.558115	0.538851	3.54852e-06	0.523776	0.536874	0.509768	0.509768	0.510332	0.510332	0.517502	0.545895	0.534164	0.0176924	0.118525	0.688607	N/A	0.556142	0.568055	0.55645	0.535288	0.52176	0.516219	0.564597	0.548259	0.527915	0.515607	0.5526	0.507396	0.524855	0.513052	0.527239
N0.HOG0000253	0.259892	0.00154664	0.558115	0.538851	0.0121793	0.523776	0.536874	0.509768	0.509768	0.0154981	0.510332	0.517502	0.523789	0.517541	0.517541	0.688607	0.688607	N/A	0.556142	0.568055	0.55645	0.535288	0.52176	0.516219	0.564597	0.548259	0.527915	0.515607	0.5526	0.507396	0.0372852	0.506591	0.527239
N0.HOG0000258	0.148657	0.0698472	4.55995e-07	0.520023	0.5	0.5	0.5	0.5	0.5	0.5	0.5	0.5	0.5	0.5	0.5	0.165187	0.612512	N/A	0.52935	0.535941	0.529519	0.518134	0.511063	0.0122984	0.0507211	0.5	0.5	0.5	0.5	0.5	0.5	0.5	0.513908
N0.HOG0000260	0.148657	0.0698472	0.0454098	0.0202198	0.000367311	0.0356655	0.5	0.5	0.5	0.5	0.5	0.5	0.5	0.5	0.5	0.688607	0.0322616	N/A	0.0842396	0.535941	0.529519	0.518134	0.00556166	0.516219	0.0507211	0.5	0.5	0.5	0.5	0.5	0.5	0.5	0.527239
N0.HOG0000262	0.0223238	0.185267	0.0462575	0.556564	0.0526487	0.535024	0.553769	0.514544	0.0218339	0.510332	0.0154981	0.026253	0.566448	0.0265254	0.0751225	0.0283152	0.741236	N/A	0.580623	0.596792	0.581045	0.55152	0.532104	0.524031	0.592133	0.569739	0.54099	0.523135	0.114214	0.507396	0.536584	0.519386	0.540019
N0.HOG0000263	0.156475	0.622332	0.0615034	0.573235	0.00156136	0.000464459	0.0287089	0.509768	0.509768	0.0379526	0.525235	0.542058	0.545895	0.534164	0.534164	0.612512	0.165187	N/A	0.0297702	0.596792	0.581045	0.0274294	0.54211	0.531653	0.592133	0.569739	0.0616409	0.523135	0.00436433	0.518184	0.0549992	0.513052	0.0408612
N0.HOG0000264	0.148657	0.0011545	0.5	0.5	0.5	0.5	0.5	0.5	0.5	0.5	0.5	0.5	0.0355391	0.0262332	0.517541	0.612512	0.165187	N/A	0.52935	0.535941	0.529519	0.0271177	0.5	0.5	0.534014	0.0374342	0.5	0.507897	0.0409321	0.5	0.512667	0.506591	0.513908
N0.HOG0000266	0.601002	0.587395	0.0872019	0.538851	0.0121793	0.0356655	0.00957497	0.50492	0.50492	0.505207	0.505207	0.508868	0.523789	0.517541	0.517541	0.612512	0.612512	N/A	0.52935	0.535941	0.0149706	0.535288	0.52176	0.516219	0.534014	0.525064	0.514261	0.507897	0.527417	0.503719	0.512667	0.506591	0.513908
N0.HOG0000269	0.672517	0.0124896	0.00163232	0.00234888	0.535024	0.000236095	0.553769	0.514544	0.514544	8.42439e-07	0.0230869	0.525906	0.100113	0.549924	0.000510048	0.28447	0.28447	N/A	0.556142	0.0365674	0.581045	0.55152	0.532104	0.524031	0.592133	0.569739	0.54099	0.523135	0.57575	0.511032	0.536584	0.519386	0.527239
N0.HOG0000272	0.672517	0.0698472	0.530432	0.0101096	0.5	0.5	0.5	0.5	0.5	0.5	0.5	0.5	0.5	0.5	0.5	0.118525	0.28447	N/A	0.556142	0.10213	0.529519	0.518134	0.511063	0.0122984	0.0507211	0.5	0.5	0.5	0.5	0.5	0.5	0.5	0.527239
N0.HOG0000274	0.672517	0.622332	0.125713	0.556564	0.0182646	0.0526487	0.536874	0.509768	0.509768	0.510332	0.510332	0.517502	0.0240663	0.0176924	0.534164	0.28447	0.28447	N/A	0.556142	0.568055	0.0299435	0.55152	0.532104	0.524031	0.564597	0.548259	0.527915	0.515607	0.5526	0.507396	0.524855	0.513052	0.527239
N0.HOG0000275	0.000351712	0.546951	0.530432	0.520023	0.512107	0.512107	0.553769	0.514544	0.514544	0.505207	0.505207	0.508868	0.566448	0.0751225	0.549924	0.00619163	0.0153767	N/A	0.603015	0.186304	0.00152959	0.518134	0.511063	0.50821	0.592133	0.569739	0.54099	0.523135	0.00130704	0.503719	0.536584	0.519386	0.552273
N0.HOG0000277	0.724016	0.185267	0.583324	0.0851565	0.535024	0.535024	0.553769	0.509768	0.509768	0.0154981	0.510332	0.517502	0.100113	0.549924	0.549924	0.741236	0.174655	N/A	0.580623	0.596792	0.581045	0.55152	0.532104	0.524031	0.592133	0.569739	0.0616409	0.523135	0.114214	0.507396	0.536584	0.519386	0.540019
N0.HOG0000283	0.601002	0.0239982	0.530432	0.520023	1.05179e-05	0.535024	0.518973	0.50492	0.50492	0.505207	0.505207	0.508868	0.0240663	0.0176924	0.0512521	0.612512	0.612512	N/A	0.52935	0.535941	0.529519	0.518134	0.511063	3.39815e-05	0.534014	0.525064	0.514261	0.507897	0.527417	0.503719	0.00637328	0.513052	0.513908
N0.HOG0000289	0.10584	0.0698472	1.40949e-08	0.5	0.5	0.5	0.5	0.5	0.5	0.5	0.5	0.5	0.5	0.5	0.5	0.01204	0.00280153	N/A	0.556142	0.10213	0.529519	0.518134	0.0165633	0.5	0.0507211	0.5	0.5	0.5	0.5	0.5	0.5	0.5	0.527239
N0.HOG0000292	0.601002	0.546951	0.530432	0.520023	0.523776	0.523776	0.518973	0.50492	0.50492	0.505207	0.505207	0.508868	0.523789	0.0176924	0.534164	0.612512	0.612512	N/A	0.52935	0.535941	0.529519	0.518134	0.511063	0.00412185	0.534014	0.525064	0.514261	0.507897	0.527417	0.503719	0.512667	0.00330632	0.513908
N0.HOG0000295	0.344666	0.622332	0.125713	0.556564	0.0182646	0.0526487	0.553769	0.509768	0.509768	0.510332	0.510332	0.517502	0.566448	0.549924	0.0751225	0.372669	0.741236	N/A	0.580623	0.596792	0.581045	0.55152	0.532104	0.524031	0.592133	0.569739	0.0616409	0.523135	0.114214	0.507396	0.536584	0.519386	0.540019
N0.HOG0000299	0.601002	0.0124896	0.583324	0.556564	0.0526487	0.535024	0.553769	0.509768	0.509768	0.510332	0.510332	0.517502	0.036067	0.549924	0.000510048	0.165187	0.612512	N/A	0.52935	0.000669293	0.581045	0.55152	0.532104	0.524031	0.592133	0.569739	0.0616409	0.523135	0.114214	0.507396	0.536584	0.519386	0.513908
N0.HOG0000301	0.10584	0.0480119	0.558115	0.538851	3.54852e-06	0.523776	0.0191503	0.509768	0.509768	0.510332	0.510332	0.517502	0.566448	0.549924	0.549924	0.28447	0.688607	N/A	0.556142	0.568055	0.55645	0.535288	0.52176	0.516219	0.564597	0.548259	0.527915	0.515607	0.5526	0.507396	0.0127466	0.519386	0.527239
N0.HOG0000304	0.672517	0.0698472	0.0454098	0.520023	0.5	0.5	0.518973	0.50492	0.50492	0.505207	0.00780307	0.508868	0.523789	0.517541	0.00884604	0.174655	0.00756749	N/A	0.12161	0.10213	0.529519	0.518134	0.511063	0.0122984	0.534014	0.525064	0.514261	0.507897	0.527417	0.503719	0.512667	0.506591	0.540019
N0.HOG0000322	0.156475	0.000591324	0.558115	0.538851	0.0181232	0.512107	0.553769	0.509768	0.509768	0.505207	0.505207	0.508868	0.566448	0.0751225	0.549924	0.372669	0.372669	N/A	0.580623	0.596792	0.581045	0.077534	0.52176	0.0243289	0.592133	0.569739	0.0616409	0.523135	0.00130704	0.503719	0.536584	0.519386	0.540019
N0.HOG0000331	0.156475	0.587395	0.558115	0.538851	0.0121793	0.523776	0.0382353	0.51925	0.51925	0.520345	0.520345	0.53409	0.129459	0.0353329	0.564868	0.0283152	0.174655	N/A	0.580623	0.596792	0.122251	0.535288	0.52176	0.516219	0.0517695	0.589647	0.553514	0.530486	0.597051	0.514628	0.547873	0.525595	0.540019
N0.HOG0000333	0.148657	0.546951	0.530432	0.00100618	0.0121793	0.523776	0.536874	1.26366e-05	0.509768	1.3625e-05	0.505207	0.0132828	0.523789	0.517541	0.0262332	0.0589792	0.612512	N/A	0.52935	0.535941	0.529519	0.518134	0.00556166	0.516219	0.534014	0.0126847	0.527915	0.507897	0.527417	0.503719	0.512667	0.506591	0.513908
N0.HOG0000345	0.148657	0.546951	0.530432	0.520023	0.0181232	0.512107	0.00957497	0.50492	0.50492	0.00522007	0.510332	0.517502	0.0355391	0.517541	0.517541	0.612512	0.0589792	N/A	0.52935	0.535941	0.529519	0.518134	0.511063	0.50821	0.534014	0.525064	0.514261	0.507897	0.013891	0.507396	0.512667	0.506591	0.513908
N0.HOG0000346	0.00928304	0.1312	0.583324	0.00234888	0.535024	0.535024	0.536874	0.50492	0.50492	0.505207	0.505207	0.508868	0.0240663	0.0176924	0.534164	0.28447	0.118525	N/A	0.556142	0.568055	0.55645	0.018296	0.532104	0.524031	0.564597	0.548259	0.041875	0.515607	0.0789207	0.503719	0.524855	0.513052	0.527239
N0.HOG0000349	0.672517	1.2351e-05	0.558115	0.538851	0.000367311	0.523776	0.536874	0.509768	0.509768	0.510332	0.510332	0.517502	0.545895	0.534164	0.0512521	0.28447	0.688607	N/A	0.556142	0.568055	0.55645	0.535288	0.52176	0.516219	0.564597	0.548259	0.527915	0.515607	0.5526	0.507396	0.524855	0.513052	0.527239
N0.HOG0000350	0.0259517	0.622332	0.583324	0.556564	0.0182646	0.0526487	0.0553178	0.514544	0.514544	0.510332	0.510332	0.517502	0.545895	0.0512521	0.0176924	0.28447	0.688607	N/A	0.556142	0.568055	0.0299435	0.55152	0.532104	0.524031	0.564597	0.548259	0.0143613	0.515607	0.5526	0.507396	0.524855	0.513052	0.527239
N0.HOG0000351	0.259892	0.587395	0.558115	2.31397e-10	0.523776	0.523776	0.0191503	0.509768	0.509768	0.510332	0.510332	0.026253	0.0240663	0.534164	0.534164	0.28447	0.688607	N/A	0.556142	0.568055	0.55645	0.535288	0.52176	0.516219	0.564597	0.548259	0.527915	0.515607	0.5526	0.507396	0.524855	0.513052	0.527239
N0.HOG0000353	0.259892	0.587395	0.558115	0.538851	0.523776	0.523776	0.0553178	0.509768	0.0146514	0.505207	0.505207	0.517502	0.0688558	0.534164	0.534164	0.688607	0.28447	N/A	0.556142	0.568055	0.55645	0.535288	0.52176	0.516219	0.564597	0.548259	0.527915	0.515607	0.5526	0.0110936	0.524855	0.513052	0.527239
N0.HOG0000354	0.601002	0.0480119	0.0872019	0.538851	0.0182646	0.535024	0.000183428	0.50492	0.50492	0.510332	0.510332	0.0132828	0.523789	0.00884604	0.517541	0.612512	0.612512	N/A	0.52935	0.535941	0.0149706	0.535288	0.52176	0.00824371	0.534014	0.525064	0.514261	0.507897	0.527417	0.00186273	0.512667	0.506591	0.513908
N0.HOG0000355	0.0527395	5.55403e-05	0.530432	0.520023	0.512107	0.512107	0.00957497	0.50492	0.50492	0.505207	0.505207	0.508868	0.523789	0.517541	0.517541	0.612512	0.612512	N/A	0.52935	0.535941	0.529519	0.518134	0.511063	0.50821	0.534014	0.525064	0.514261	0.507897	0.527417	0.503719	0.512667	0.506591	0.513908
N0.HOG0000358	0.601002	0.0239982	0.0454098	0.520023	0.512107	0.0181232	0.518973	0.50492	0.50492	0.505207	0.505207	0.508868	0.523789	0.517541	0.0262332	0.612512	0.0589792	N/A	0.52935	0.535941	0.529519	0.518134	0.511063	0.50821	0.534014	0.525064	0.514261	0.507897	0.527417	0.503719	0.512667	0.506591	0.513908
N0.HOG0000369	0.203342	0.185267	0.583324	0.556564	0.535024	0.0526487	0.536874	0.00493205	0.0146514	0.505207	0.505207	0.517502	0.523789	0.517541	0.517541	0.0153767	0.778538	N/A	0.603015	0.186304	0.581045	0.55152	0.532104	0.524031	0.139113	0.548259	0.527915	0.515607	0.5526	0.0110936	0.0372852	0.506591	0.552273
N0.HOG0000372	0.601002	0.5	0.5	0.5	0.5	0.5	0.5	0.5	0.5	0.5	0.5	0.5	0.5	0.5	0.5	0.165187	1.73244e-07	N/A	0.52935	0.0535765	0.5	0.5	0.5	0.5	0.5	0.5	0.5	0.5	0.5	0.5	0.5	0.5	0.513908
N0.HOG0000373	0.0848875	0.652597	0.00312865	0.573235	1.49046e-19	4.26204e-06	0.5	0.5	0.5	0.5	0.5	0.5	0.0355391	0.0262332	0.517541	0.778538	0.439461	N/A	0.603015	0.622549	0.603529	0.566886	0.54211	0.531653	0.000118964	0.0374342	0.5	0.507897	0.0409321	0.5	0.512667	0.506591	0.552273
N0.HOG0000382	0.601002	0.0480119	0.0872019	0.0202198	0.0121793	0.523776	0.553769	0.514544	0.0218339	0.510332	0.510332	0.517502	0.545895	0.534164	0.0512521	0.612512	0.612512	N/A	0.52935	0.0182811	0.55645	0.535288	0.52176	0.516219	0.564597	0.0253706	0.54099	0.515607	0.5526	0.507396	0.524855	0.513052	0.513908
N0.HOG0000393	0.0259517	0.546951	1.47523e-05	0.520023	0.512107	0.512107	0.518973	0.50492	0.50492	0.505207	0.505207	0.508868	0.00142131	0.534164	0.0176924	0.28447	0.118525	N/A	0.556142	0.10213	0.529519	0.518134	0.511063	0.50821	0.534014	0.525064	0.514261	0.507897	0.527417	0.503719	0.00637328	0.513052	0.527239
N0.HOG0000395	0.601002	0.546951	4.55995e-07	0.520023	0.512107	0.512107	0.518973	0.50492	0.50492	0.505207	0.505207	0.508868	0.523789	0.517541	0.517541	0.612512	0.612512	N/A	0.52935	0.535941	0.529519	0.518134	0.511063	0.50821	0.534014	0.525064	0.514261	0.507897	0.527417	0.503719	0.512667	0.506591	0.513908
N0.HOG0000396	0.10584	0.0480119	0.558115	0.0202198	0.512107	0.512107	0.536874	0.509768	0.509768	0.510332	0.0154981	0.517502	0.0240663	0.534164	0.0512521	0.118525	0.28447	N/A	0.556142	0.568055	0.55645	0.535288	0.52176	0.0243289	0.564597	0.548259	0.527915	0.515607	0.5526	0.507396	0.524855	0.513052	0.527239
N0.HOG0000402	0.00928304	0.587395	0.558115	0.0582852	0.0356655	0.523776	0.518973	0.50492	0.50492	0.5	0.5	0.5	0.5	0.5	0.5	0.118525	0.688607	N/A	0.556142	0.568055	0.55645	0.535288	0.52176	0.516219	0.096936	0.525064	0.514261	0.0118292	0.5	0.5	0.5	0.5	0.527239
N0.HOG0000422	0.601002	0.546951	0.530432	0.0299322	0.523776	0.523776	0.00957497	0.50492	0.50492	0.510332	0.510332	0.508868	0.523789	0.517541	0.517541	0.0589792	0.612512	N/A	0.52935	0.535941	0.529519	0.518134	0.511063	0.00412185	0.534014	0.525064	0.514261	0.507897	0.527417	0.00186273	0.512667	0.506591	0.513908
N0.HOG0000425	0.672517	0.546951	0.530432	0.520023	0.523776	0.523776	0.000183428	0.50492	0.50492	0.505207	0.505207	0.0132828	0.523789	0.517541	0.00884604	0.118525	0.688607	N/A	0.556142	0.10213	0.529519	0.518134	0.511063	0.00412185	0.534014	0.525064	0.514261	0.507897	0.527417	0.503719	0.512667	0.506591	0.527239
N0.HOG0000429	0.601002	0.546951	0.530432	0.0299322	0.0181232	0.512107	0.5	0.5	0.5	0.5	0.5	0.5	0.5	0.5	0.5	0.0589792	0.165187	N/A	0.52935	0.535941	0.529519	0.518134	0.511063	0.50821	0.0507211	0.5	0.5	0.5	0.5	0.5	0.5	0.5	0.513908
N0.HOG0000432	0.672517	0.546951	0.0154403	0.520023	0.512107	0.00608963	0.00957497	0.50492	0.50492	0.505207	0.505207	0.508868	0.0355391	0.00884604	0.517541	0.688607	0.688607	N/A	0.556142	0.10213	0.529519	0.518134	0.511063	0.50821	0.534014	0.525064	0.514261	0.507897	0.527417	0.503719	0.512667	0.506591	0.527239
N0.HOG0000435	0.672517	0.5	0.5	0.5	0.5	0.5	0.5	0.5	0.5	0.5	0.5	0.5	0.0355391	2.60532e-06	0.0954735	0.0322616	0.01204	N/A	0.556142	0.10213	0.044054	0.5	0.5	0.5	0.534014	0.0374342	0.5	0.507897	0.0409321	0.5	0.512667	7.99642e-23	0.527239
N0.HOG0000442	0.00928304	0.546951	0.530432	0.0101096	0.512107	0.512107	0.536874	0.50492	0.50492	8.33773e-05	0.520345	0.53409	0.585571	0.0979064	0.0353329	1.11165e-06	0.688607	N/A	0.556142	0.568055	0.0847017	0.518134	0.511063	0.50821	0.564597	0.548259	0.041875	0.000156134	0.597051	0.514628	0.547873	0.525595	0.527239
N0.HOG0000464	0.672517	0.0480119	0.558115	0.538851	0.0356655	0.523776	0.553769	0.0218339	0.514544	0.510332	0.510332	0.517502	0.545895	0.534164	0.0512521	0.118525	0.28447	N/A	0.556142	0.568055	0.55645	0.535288	0.52176	0.516219	0.564597	0.0253706	0.54099	0.515607	0.5526	0.507396	0.524855	0.513052	0.527239
N0.HOG0000465	0.259892	0.587395	0.558115	0.556564	0.535024	0.535024	0.536874	0.514544	0.514544	0.510332	0.0154981	0.517502	0.000342151	0.534164	0.0512521	0.688607	0.28447	N/A	0.556142	0.568055	0.55645	0.535288	0.0111234	0.524031	0.564597	0.548259	0.0143613	0.515607	0.5526	0.507396	0.524855	0.513052	0.527239
N0.HOG0000470	0.148657	0.622332	0.583324	0.556564	0.000236095	0.535024	0.553769	0.514544	0.514544	0.515378	0.515378	0.525906	0.523789	0.517541	0.517541	0.612512	0.612512	N/A	0.52935	0.000669293	0.581045	0.55152	0.532104	0.524031	0.592133	0.569739	0.54099	0.523135	0.57575	0.511032	0.000259251	0.506591	0.513908
N0.HOG0000478	0.672517	0.1312	0.558115	0.0582852	0.523776	0.523776	0.536874	0.50492	0.50492	0.505207	0.00261004	0.508868	0.545895	0.534164	0.534164	0.688607	0.118525	N/A	0.556142	0.568055	0.55645	0.535288	0.52176	0.516219	0.564597	0.548259	0.041875	0.515607	0.0789207	0.503719	0.524855	0.513052	0.527239
N0.HOG0000484	0.601002	0.546951	0.530432	0.520023	0.512107	0.512107	0.0191503	0.509768	0.509768	0.510332	0.0154981	0.517502	0.545895	0.534164	0.0512521	0.612512	0.612512	N/A	0.52935	0.535941	0.529519	0.518134	0.511063	0.50821	0.0172857	0.548259	0.527915	0.515607	0.5526	0.507396	0.524855	0.513052	0.513908
N0.HOG0000486	0.672517	0.0480119	0.558115	0.0202198	0.523776	0.523776	0.000903289	0.0146514	0.509768	0.505207	0.00261004	0.508868	0.523789	0.517541	0.517541	0.28447	0.28447	N/A	0.556142	0.568055	0.55645	0.535288	0.52176	0.516219	0.564597	0.548259	0.527915	0.0234105	0.527417	0.503719	0.512667	0.506591	0.527239
N0.HOG0000493	0.259892	0.587395	0.558115	0.538851	0.523776	0.523776	0.0553178	0.509768	0.509768	0.510332	0.510332	0.517502	0.0688558	0.0176924	0.0512521	0.688607	0.28447	N/A	0.556142	0.568055	0.55645	0.535288	0.52176	0.516219	0.564597	0.548259	0.527915	0.515607	0.5526	0.507396	0.524855	0.513052	0.527239
N0.HOG0000496	0.00928304	0.587395	0.0872019	0.538851	0.512107	0.512107	0.000210166	0.509768	0.509768	0.510332	0.510332	0.517502	0.545895	0.534164	0.534164	0.688607	0.01204	N/A	0.556142	0.568055	0.55645	0.535288	0.52176	0.0243289	0.564597	0.548259	0.527915	0.515607	0.5526	0.507396	0.524855	0.513052	0.527239
N0.HOG0000499	0.259892	0.622332	0.583324	0.556564	0.535024	0.535024	0.553769	0.514544	0.0218339	0.515378	0.515378	0.525906	0.523789	0.517541	0.517541	0.688607	0.28447	N/A	0.556142	0.0365674	0.581045	0.55152	0.532104	0.524031	0.592133	0.569739	0.54099	0.523135	0.57575	0.511032	0.000259251	0.506591	0.527239
N0.HOG0000502	0.259892	0.587395	0.0872019	0.538851	0.523776	0.0356655	0.536874	0.50492	0.50492	0.505207	0.505207	0.508868	0.0240663	0.534164	0.0176924	0.741236	0.741236	N/A	0.12161	0.568055	0.55645	0.535288	0.52176	0.516219	0.564597	0.548259	0.041875	0.515607	0.0789207	0.503719	0.524855	0.513052	0.540019
N0.HOG0000503	0.672517	0.0480119	0.530432	0.520023	0.00608963	0.512107	0.536874	0.0146514	0.509768	0.510332	0.510332	0.026253	0.545895	0.534164	0.534164	0.688607	0.28447	N/A	0.556142	0.568055	0.55645	0.0529381	0.511063	0.50821	0.564597	0.548259	0.527915	0.515607	0.5526	0.507396	0.524855	0.513052	0.527239
N0.HOG0000504	0.259892	0.1312	0.558115	0.538851	0.0356655	0.523776	0.584788	6.30882e-07	0.523887	0.53479	0.0524136	0.0311179	0.603374	0.564868	0.0979064	0.688607	0.28447	N/A	0.556142	0.568055	0.55645	0.535288	0.52176	0.516219	7.85881e-05	0.608111	0.565513	0.537666	0.0117328	0.525178	0.55874	0.0476844	0.527239
N0.HOG0000518	0.259892	0.622332	0.583324	0.556564	0.535024	0.0526487	0.553769	0.514544	0.514544	0.0230869	0.515378	0.525906	0.000967542	0.0751225	0.549924	0.688607	0.01204	N/A	0.556142	0.0365674	0.581045	0.55152	0.532104	0.524031	0.592133	0.569739	0.54099	0.523135	0.57575	0.511032	0.536584	0.519386	0.527239
N0.HOG0000527	0.259892	0.587395	0.0308833	0.0202198	0.512107	0.512107	0.536874	0.509768	0.509768	0.510332	0.510332	0.517502	0.0240663	0.534164	0.0176924	0.688607	0.688607	N/A	0.556142	0.568055	0.55645	0.535288	0.52176	0.0243289	0.564597	0.548259	0.527915	0.515607	0.5526	0.507396	0.524855	0.513052	0.527239
N0.HOG0000531	0.672517	0.00555885	0.558115	0.520023	0.512107	0.512107	0.536874	0.50492	0.50492	0.510332	0.510332	0.026253	0.545895	0.534164	0.534164	0.28447	0.688607	N/A	0.556142	0.568055	0.55645	0.535288	0.0326411	0.50821	0.564597	0.548259	0.041875	0.515607	0.5526	0.507396	0.524855	0.513052	0.527239
N0.HOG0000534	0.672517	0.0698472	0.0154403	0.520023	0.5	0.5	0.518973	0.50492	0.50492	0.510332	0.510332	0.517502	0.523789	0.517541	0.517541	0.688607	0.688607	N/A	0.556142	0.10213	0.529519	0.518134	0.511063	0.0122984	0.534014	0.525064	0.514261	0.507897	0.013891	0.507396	0.512667	0.506591	0.527239
N0.HOG0000550	0.259892	0.587395	0.0872019	0.538851	0.0356655	0.0121793	0.536874	0.509768	0.00493205	0.515378	4.19821e-05	0.0133594	0.545895	0.534164	0.0512521	0.688607	0.28447	N/A	0.556142	0.568055	0.55645	0.535288	0.52176	0.516219	0.564597	0.548259	0.527915	0.515607	0.0277837	0.511032	0.524855	0.513052	0.527239
N0.HOG0000554	0.672517	0.587395	0.558115	0.0582852	0.523776	0.523776	0.536874	0.50492	0.50492	0.505207	0.505207	0.508868	0.545895	2.38272e-07	0.534164	0.688607	0.688607	N/A	0.556142	0.568055	0.55645	0.535288	0.52176	0.516219	0.564597	0.548259	0.041875	0.515607	0.0789207	0.503719	0.524855	0.513052	0.527239
N0.HOG0000555	0.601002	0.546951	0.530432	0.0299322	0.512107	0.512107	0.518973	0.5	0.5	0.505207	0.00780307	0.0132828	0.523789	0.517541	0.517541	0.612512	0.612512	N/A	0.52935	0.535941	0.529519	0.518134	0.511063	0.50821	0.534014	0.525064	0.0213398	0.507897	0.527417	0.503719	0.512667	0.506591	0.513908
N0.HOG0000563	0.672517	0.0480119	0.558115	0.538851	8.118e-05	0.523776	0.536874	0.509768	0.00493205	0.510332	0.510332	0.517502	0.545895	0.534164	0.534164	0.688607	0.688607	N/A	0.556142	0.568055	0.55645	0.535288	0.52176	0.516219	0.564597	0.548259	0.527915	0.515607	0.5526	0.507396	0.524855	0.513052	0.527239
N0.HOG0000569	0.259892	0.587395	0.558115	0.0582852	0.523776	0.0356655	0.0553178	0.509768	0.509768	0.510332	0.510332	0.517502	0.545895	0.534164	0.0176924	0.28447	0.688607	N/A	0.556142	0.568055	0.55645	0.535288	0.52176	0.516219	0.564597	0.548259	0.527915	0.515607	0.5526	0.507396	0.524855	0.513052	0.527239
N0.HOG0000570	0.672517	0.00154664	0.558115	0.538851	8.118e-05	0.523776	0.536874	0.509768	0.509768	0.510332	0.510332	0.517502	0.545895	0.534164	0.534164	0.688607	0.28447	N/A	0.556142	0.568055	0.55645	0.535288	0.52176	0.516219	0.564597	0.548259	0.527915	0.515607	0.5526	0.507396	0.524855	0.513052	0.527239
N0.HOG0000573	0.672517	0.0480119	0.0872019	0.538851	0.512107	0.512107	0.0553178	0.509768	0.509768	0.510332	0.510332	0.026253	0.0688558	0.000771837	0.534164	0.688607	0.688607	N/A	0.556142	0.568055	0.55645	0.535288	0.52176	0.0243289	0.564597	0.548259	0.527915	0.515607	0.5526	0.507396	0.524855	0.513052	0.527239
N0.HOG0000574	0.344666	0.622332	0.558115	0.0582852	0.000367311	0.0356655	0.553769	0.50492	0.50492	0.505207	0.505207	0.508868	0.566448	0.549924	0.549924	0.741236	0.741236	N/A	0.580623	0.596792	0.581045	0.077534	0.52176	0.516219	0.592133	0.569739	0.000331407	0.523135	0.00130704	0.503719	0.536584	0.519386	0.540019
N0.HOG0000589	0.00928304	0.587395	0.558115	0.0582852	0.523776	8.118e-05	0.536874	0.509768	0.509768	0.510332	0.510332	0.517502	0.0240663	0.534164	0.0512521	0.01204	0.688607	N/A	0.556142	0.568055	0.55645	0.535288	0.52176	0.516219	0.564597	0.548259	0.527915	0.515607	0.5526	0.507396	0.524855	0.513052	0.527239
N0.HOG0000590	0.672517	1.2351e-05	0.530432	0.520023	0.00608963	0.512107	0.518973	0.50492	0.50492	0.505207	0.505207	0.508868	0.0355391	0.000156554	0.517541	0.000413603	0.28447	N/A	0.556142	0.568055	0.55645	0.0529381	0.511063	0.50821	0.096936	0.525064	0.514261	0.507897	0.527417	0.503719	0.512667	0.506591	0.527239
N0.HOG0000591	0.259892	0.1312	0.558115	0.0582852	0.523776	0.523776	0.000903289	0.50492	0.50492	0.505207	0.505207	0.508868	0.0240663	0.534164	0.534164	0.688607	0.118525	N/A	0.556142	0.568055	0.55645	0.535288	0.52176	0.516219	0.564597	0.548259	0.041875	0.515607	0.0789207	0.503719	0.524855	0.513052	0.527239
N0.HOG0000592	0.601002	0.622332	0.583324	0.000672975	0.0526487	0.0182646	0.553769	0.514544	0.514544	4.06412e-05	0.000741252	0.00615431	0.0480051	0.0979064	0.564868	0.612512	0.612512	N/A	0.52935	0.000669293	0.581045	0.55152	0.532104	0.524031	0.592133	0.569739	0.54099	0.0118901	6.64631e-10	0.538708	0.547873	0.525595	0.513908
N0.HOG0000594	0.601002	0.587395	0.558115	0.538851	0.523776	0.523776	0.518973	0.509768	0.509768	0.505207	0.00261004	0.508868	0.523789	0.517541	0.00884604	0.612512	0.612512	N/A	0.52935	0.535941	0.0149706	0.535288	0.52176	0.516219	0.534014	0.525064	0.00718057	0.507897	0.527417	0.503719	0.512667	0.506591	0.513908
N0.HOG0000595	0.10584	0.0480119	0.0872019	0.538851	0.512107	0.512107	0.536874	0.50492	0.50492	0.00261004	0.505207	0.508868	0.0688558	0.534164	0.0176924	0.0322616	0.688607	N/A	0.556142	0.568055	0.55645	0.535288	0.52176	0.0243289	0.564597	0.548259	0.041875	0.515607	0.0789207	0.503719	0.524855	0.513052	0.527239
N0.HOG0000602	0.672517	0.1312	0.558115	0.0582852	0.0356655	0.523776	0.553769	0.514544	0.514544	0.510332	0.510332	0.517502	0.100113	0.5925	0.5925	0.688607	0.28447	N/A	0.556142	0.568055	0.55645	0.535288	0.52176	0.516219	0.0345755	0.569739	0.54099	0.523135	0.114214	0.507396	0.536584	1.70663e-06	0.527239
N0.HOG0000614	0.10584	0.0480119	0.558115	0.538851	0.523776	0.0356655	0.0287089	0.0218339	0.514544	0.510332	0.510332	0.00890739	0.523789	0.517541	0.517541	0.28447	0.688607	N/A	0.556142	0.568055	0.55645	0.535288	0.52176	0.516219	0.564597	0.0253706	0.54099	0.515607	0.5526	0.507396	0.0372852	0.506591	0.527239
N0.HOG0000618	0.10584	0.587395	0.0872019	0.538851	0.0121793	0.0356655	0.536874	0.509768	0.509768	0.510332	0.0154981	0.517502	0.545895	0.534164	0.0512521	0.28447	0.0322616	N/A	0.556142	0.568055	0.55645	0.535288	0.52176	0.516219	0.564597	0.548259	0.527915	0.515607	0.5526	0.507396	0.524855	0.513052	0.527239
N0.HOG0000619	0.672517	0.587395	0.530432	0.520023	7.41783e-05	0.512107	0.536874	0.50492	0.50492	0.505207	0.00261004	0.508868	0.545895	0.534164	0.0512521	0.28447	0.688607	N/A	0.556142	0.568055	0.55645	0.0529381	0.511063	0.50821	0.564597	0.548259	0.041875	0.515607	0.0789207	0.503719	0.524855	0.513052	0.527239
N0.HOG0000625	0.259892	0.0480119	0.558115	0.0582852	0.0121793	0.523776	0.536874	0.509768	0.00493205	0.510332	0.00522007	0.517502	0.545895	0.0176924	0.0512521	0.118525	0.28447	N/A	0.556142	0.568055	0.55645	0.535288	0.52176	0.516219	0.564597	0.548259	0.527915	0.515607	0.5526	0.507396	0.524855	0.513052	0.527239
N0.HOG0000629	0.601002	0.546951	0.530432	0.520023	0.512107	0.512107	0.518973	0.50492	0.50492	0.0230869	0.515378	0.525906	0.523789	0.517541	0.517541	0.165187	0.0589792	N/A	0.52935	0.535941	0.529519	0.518134	0.511063	0.50821	0.534014	0.525064	0.514261	0.507897	0.000386216	0.511032	0.512667	0.506591	0.513908
N0.HOG0000631	0.10584	0.1312	0.558115	0.538851	0.523776	0.0356655	0.536874	0.50492	0.50492	0.505207	0.505207	0.508868	0.0688558	0.534164	0.534164	0.28447	0.688607	N/A	0.556142	0.568055	0.55645	0.535288	0.52176	0.516219	0.564597	0.548259	0.041875	0.515607	0.0789207	0.503719	0.524855	0.513052	0.527239
N0.HOG0000633	0.00928304	0.587395	0.0872019	0.538851	0.523776	0.0356655	0.536874	0.509768	0.509768	0.510332	0.0154981	0.517502	0.0240663	0.0512521	0.534164	0.688607	0.28447	N/A	0.556142	0.568055	0.55645	0.535288	0.52176	0.516219	0.564597	0.548259	0.527915	0.515607	0.5526	0.507396	0.524855	0.513052	0.527239
N0.HOG0000639	0.00928304	1.46412e-07	0.125713	5.86235e-13	0.535024	0.535024	6.47458e-10	0.0218339	0.514544	0.510332	6.78414e-05	0.517502	7.88382e-05	0.534164	0.000177716	0.01204	0.688607	N/A	0.556142	0.0365674	0.581045	0.55152	0.532104	0.524031	0.592133	0.569739	0.54099	0.523135	0.114214	0.507396	0.536584	0.0291119	0.527239
N0.HOG0000643	0.601002	0.00154664	0.558115	0.538851	0.523776	0.523776	0.0553178	0.509768	0.509768	0.510332	0.510332	0.517502	0.545895	0.517541	0.517541	0.612512	0.612512	N/A	0.52935	0.0182811	0.55645	0.535288	0.52176	0.516219	0.564597	0.548259	0.527915	0.515607	0.5526	0.507396	0.524855	0.0195784	0.513908
N0.HOG0000644	0.672517	0.587395	0.558115	0.538851	0.0121793	8.118e-05	0.536874	0.50492	0.50492	0.505207	0.00261004	0.508868	0.545895	0.0176924	0.534164	0.688607	0.688607	N/A	0.556142	0.568055	0.55645	0.535288	0.52176	0.516219	0.564597	0.548259	0.041875	0.515607	0.0789207	0.503719	0.524855	0.513052	0.527239
N0.HOG0000646	0.10584	0.587395	0.558115	0.0582852	0.523776	0.0356655	0.518973	0.50492	0.50492	0.505207	0.505207	0.508868	0.545895	0.534164	0.0512521	0.28447	0.00280153	N/A	0.556142	0.568055	0.55645	0.535288	0.52176	0.516219	0.564597	0.0724038	0.514261	0.515607	0.0789207	0.503719	0.524855	0.513052	0.527239
N0.HOG0000651	0.672517	0.587395	0.530432	0.520023	9.03571e-07	0.512107	0.0191503	0.50492	0.50492	0.505207	0.505207	0.508868	0.545895	0.0512521	0.534164	0.688607	0.688607	N/A	0.556142	0.568055	0.55645	0.0529381	0.511063	0.50821	0.564597	0.548259	0.041875	0.515607	0.0789207	0.503719	0.524855	0.513052	0.527239
N0.HOG0000658	0.259892	0.587395	0.558115	0.538851	0.0356655	0.0121793	0.0553178	0.509768	0.509768	0.510332	0.510332	0.517502	0.0688558	0.534164	0.0512521	0.688607	0.28447	N/A	0.556142	0.568055	0.55645	0.535288	0.52176	0.516219	0.564597	0.548259	0.527915	0.515607	0.5526	0.507396	0.524855	0.513052	0.527239
N0.HOG0000660	0.148657	0.0239982	0.0454098	0.0299322	7.41783e-05	0.0181232	0.0283685	0.00737393	0.50492	0.5	0.5	0.5	0.0355391	0.517541	0.0262332	0.000844667	0.165187	N/A	0.52935	0.535941	0.529519	0.518134	0.511063	0.50821	0.534014	0.525064	0.514261	0.507897	0.0409321	0.5	0.512667	0.506591	0.513908
N0.HOG0000666	0.601002	0.587395	0.558115	0.538851	0.523776	0.523776	0.536874	0.509768	0.509768	0.510332	1.41862e-05	0.517502	0.545895	0.0512521	0.534164	0.612512	0.612512	N/A	0.52935	0.0182811	0.55645	0.535288	0.52176	0.516219	0.564597	0.548259	0.527915	0.515607	0.5526	0.507396	0.524855	0.513052	0.513908
N0.HOG0000667	0.0259517	0.1312	0.0872019	0.538851	0.523776	0.0356655	0.518973	0.50492	0.50492	0.510332	0.0154981	0.517502	0.566448	0.0265254	0.0751225	0.165187	0.612512	N/A	0.014884	0.568055	0.55645	0.535288	0.52176	0.516219	0.564597	0.0724038	0.514261	0.515607	0.5526	0.507396	0.0127466	0.519386	0.513908
N0.HOG0000668	0.259892	0.587395	0.558115	0.0582852	0.523776	0.0356655	0.536874	0.509768	0.0146514	0.505207	0.505207	0.508868	0.545895	0.534164	0.534164	0.688607	0.28447	N/A	0.556142	0.568055	0.55645	0.535288	0.52176	0.516219	0.564597	0.548259	0.527915	0.515607	0.0789207	0.503719	0.524855	0.513052	0.527239
N0.HOG0000669	0.601002	0.0239982	0.530432	0.520023	0.512107	0.00608963	0.00957497	0.50492	0.50492	0.505207	0.505207	0.508868	0.523789	0.00884604	0.517541	0.165187	0.612512	N/A	0.52935	0.535941	0.529519	0.518134	0.511063	0.50821	0.534014	0.525064	0.514261	0.507897	0.527417	0.503719	0.512667	0.506591	0.513908
N0.HOG0000670	0.672517	0.587395	0.558115	0.0582852	0.523776	0.523776	0.536874	0.509768	0.0146514	0.510332	0.510332	0.517502	0.545895	0.534164	0.000177716	0.612512	0.165187	N/A	0.014884	0.568055	0.55645	0.535288	0.52176	0.516219	0.564597	0.548259	0.527915	0.515607	0.5526	0.507396	0.524855	0.513052	0.513908
N0.HOG0000678	0.259892	0.587395	0.558115	0.0582852	0.523776	0.523776	0.536874	0.50492	0.50492	0.505207	0.505207	0.508868	0.545895	0.0512521	0.534164	0.28447	0.688607	N/A	0.556142	0.568055	0.55645	0.535288	0.52176	0.516219	0.564597	0.548259	0.041875	0.515607	0.0789207	0.503719	0.524855	0.513052	0.527239
N0.HOG0000679	0.601002	0.1312	0.558115	0.538851	0.523776	0.0356655	0.536874	0.509768	0.509768	0.510332	0.0154981	0.517502	0.545895	0.534164	0.0512521	0.612512	0.612512	N/A	0.52935	0.0182811	0.55645	0.535288	0.52176	0.516219	0.564597	0.548259	0.527915	0.515607	0.5526	0.507396	0.524855	0.513052	0.513908
N0.HOG0000681	0.10584	0.1312	0.558115	0.0582852	0.0356655	0.0121793	0.536874	0.50492	0.50492	0.505207	0.505207	0.508868	0.545895	0.534164	0.534164	0.688607	0.118525	N/A	0.556142	0.568055	0.55645	0.535288	0.52176	0.516219	0.564597	0.548259	0.041875	0.515607	0.0789207	0.503719	0.524855	0.513052	0.527239
N0.HOG0000685	0.601002	0.0698472	0.0454098	0.0299322	0.512107	0.0181232	0.518973	0.5	0.5	0.5	0.5	0.5	0.523789	0.517541	0.517541	0.612512	0.612512	N/A	0.52935	0.535941	0.529519	0.518134	0.511063	0.50821	0.534014	0.525064	0.0213398	0.507897	0.0409321	0.5	0.512667	0.506591	0.513908
N0.HOG0000690	0.601002	0.587395	0.558115	0.538851	0.523776	0.0356655	0.0553178	0.509768	0.509768	0.510332	0.510332	0.517502	0.545895	0.517541	0.0262332	0.612512	0.165187	N/A	0.52935	0.0182811	0.55645	0.535288	0.52176	0.516219	0.564597	0.548259	0.527915	0.515607	0.5526	0.507396	0.524855	0.0195784	0.513908
N0.HOG0000694	0.148657	0.0011545	0.530432	0.520023	7.41783e-05	0.512107	0.000183428	0.50492	0.50492	0.505207	0.505207	0.508868	0.0240663	0.0176924	0.534164	0.612512	0.612512	N/A	0.52935	0.535941	0.529519	0.518134	0.511063	0.50821	0.534014	0.525064	0.514261	0.507897	0.527417	0.503719	0.00637328	0.513052	0.513908
N0.HOG0000695	0.259892	0.587395	0.0872019	0.0202198	0.523776	0.0356655	0.536874	0.50492	0.50492	0.505207	0.505207	0.508868	2.69073e-05	0.0512521	0.534164	0.688607	0.688607	N/A	0.556142	0.568055	0.55645	0.535288	0.52176	0.516219	0.564597	0.548259	0.041875	0.515607	0.0789207	0.503719	0.524855	0.513052	0.527239
N0.HOG0000703	0.0527395	0.0698472	0.530432	0.538851	0.523776	0.0356655	0.518973	0.50492	0.00246603	0.510332	0.0154981	0.517502	0.523789	0.517541	0.00884604	0.0589792	0.612512	N/A	0.52935	0.535941	0.529519	0.518134	0.00556166	0.516219	0.534014	0.525064	0.514261	0.507897	0.013891	0.507396	0.512667	0.506591	0.513908
N0.HOG0000705	0.601002	0.546951	0.530432	0.0101096	0.512107	0.512107	0.518973	0.50492	0.50492	0.510332	0.0154981	0.517502	0.523789	0.517541	0.00884604	0.612512	0.0589792	N/A	0.52935	0.535941	0.529519	0.518134	0.511063	0.50821	0.534014	0.525064	0.514261	0.507897	0.013891	0.507396	0.512667	0.506591	0.513908
N0.HOG0000708	0.672517	0.0698472	0.530432	0.5	0.5	0.5	0.5	0.5	0.5	0.5	0.5	0.5	0.523789	0.5	0.5	0.01204	0.00280153	N/A	0.556142	0.10213	0.529519	0.518134	0.0165633	0.5	0.534014	0.0374342	0.5	0.507897	0.0409321	0.5	0.512667	0.00987568	0.527239
N0.HOG0000709	0.672517	0.587395	0.530432	0.520023	0.512107	0.00608963	0.536874	0.50492	0.50492	0.505207	0.00261004	0.508868	0.545895	0.534164	0.534164	0.688607	0.688607	N/A	0.556142	0.568055	0.55645	0.0529381	0.511063	0.50821	0.564597	0.548259	0.041875	0.515607	0.0789207	0.503719	0.524855	0.513052	0.527239
N0.HOG0000711	0.259892	0.00555885	0.530432	0.0299322	0.00608963	0.512107	0.536874	0.50492	0.50492	0.505207	0.505207	0.508868	0.0240663	0.0512521	0.534164	0.688607	0.688607	N/A	0.556142	0.568055	0.55645	0.0529381	0.511063	0.50821	0.564597	0.548259	0.041875	0.515607	0.0789207	0.503719	0.524855	0.513052	0.527239
N0.HOG0000722	0.601002	5.55403e-05	0.530432	0.520023	0.00608963	0.512107	0.518973	0.50492	0.50492	0.505207	0.505207	0.00445369	0.523789	0.517541	0.00884604	0.0589792	0.612512	N/A	0.52935	0.535941	0.529519	0.518134	0.511063	0.50821	0.534014	0.525064	0.514261	0.507897	0.527417	0.503719	0.512667	0.506591	0.513908
N0.HOG0000728	0.672517	0.546951	0.530432	0.520023	0.00608963	0.512107	0.536874	0.0146514	0.509768	0.510332	0.0154981	0.517502	0.545895	0.534164	0.000177716	0.688607	0.118525	N/A	0.556142	0.568055	0.0847017	0.518134	0.511063	0.50821	0.564597	0.548259	0.527915	0.515607	0.5526	0.507396	0.524855	0.513052	0.527239
N0.HOG0000732	0.601002	0.0698472	0.530432	0.5	0.5	0.5	0.5	0.5	0.5	0.5	0.5	0.5	0.545895	0.0176924	0.0512521	0.118525	0.688607	N/A	0.0842396	0.535941	0.529519	0.518134	0.0165633	0.5	0.534014	0.0374342	0.5	0.507897	0.0409321	0.5	0.00637328	0.513052	0.527239
N0.HOG0000733	0.148657	0.622332	0.125713	0.556564	0.0182646	0.0526487	0.00957497	0.50492	0.50492	0.505207	0.505207	0.508868	0.0120327	0.517541	0.517541	0.612512	0.612512	N/A	0.52935	0.535941	0.000448639	0.55152	0.532104	0.524031	0.534014	0.525064	0.514261	0.507897	0.527417	0.503719	0.512667	0.506591	0.513908
N0.HOG0000735	0.148657	0.0698472	0.0154403	0.520023	0.00608963	0.0181232	0.00957497	0.50492	0.50492	0.505207	0.505207	0.508868	0.0120327	0.00884604	0.517541	0.612512	0.0589792	N/A	0.52935	0.535941	0.529519	0.518134	0.511063	0.50821	0.534014	0.525064	0.514261	0.507897	0.527417	0.503719	0.512667	0.506591	0.513908
N0.HOG0000737	0.672517	0.587395	0.558115	0.0582852	0.523776	0.523776	0.536874	0.50492	0.50492	0.505207	0.505207	0.508868	0.0688558	0.0176924	0.534164	0.688607	0.688607	N/A	0.556142	0.568055	0.55645	0.535288	0.52176	0.516219	0.564597	0.548259	0.041875	0.515607	0.0789207	0.503719	0.524855	0.513052	0.527239
N0.HOG0000738	0.259892	0.00154664	0.558115	0.538851	0.523776	0.523776	0.0553178	0.509768	0.509768	0.510332	0.510332	0.517502	0.0688558	0.0512521	0.534164	0.688607	0.28447	N/A	0.556142	0.568055	0.55645	0.535288	0.52176	0.516219	0.564597	0.548259	0.527915	0.515607	0.5526	0.507396	0.524855	0.513052	0.527239
N0.HOG0000740	0.10584	0.00020641	0.0872019	0.0582852	0.523776	0.523776	0.00957497	0.50492	0.50492	0.505207	0.505207	0.508868	0.523789	0.517541	0.00884604	0.118525	0.28447	N/A	0.556142	0.568055	0.55645	0.535288	0.52176	0.516219	0.096936	0.525064	0.514261	0.507897	0.527417	0.503719	0.512667	0.506591	0.527239
N0.HOG0000742	0.10584	2.18379e-09	0.0454098	0.520023	0.5	0.5	0.5	0.5	0.5	0.5	0.5	0.5	0.5	0.5	0.5	0.688607	0.688607	N/A	0.556142	0.568055	0.55645	0.0529381	0.511063	0.0122984	0.000749692	0.5	0.5	0.5	0.5	0.5	0.5	0.5	0.527239
N0.HOG0000744	0.0527395	0.0698472	0.530432	0.0101096	0.512107	0.512107	0.536874	0.00493205	0.509768	0.510332	0.00522007	0.517502	0.545895	5.05419e-09	0.534164	0.612512	0.612512	N/A	0.52935	0.535941	0.529519	0.518134	0.511063	0.50821	0.0172857	0.548259	0.527915	0.515607	0.5526	0.507396	0.524855	0.513052	0.513908
N0.HOG0000747	0.148657	0.5	0.5	0.5	0.5	0.5	0.518973	0.5	0.5	0.5	0.5	0.5	0.5	0.5	0.5	0.612512	0.165187	N/A	0.52935	0.535941	0.044054	0.5	0.5	0.5	0.534014	0.525064	0.0213398	0.0118292	0.5	0.5	0.5	0.5	0.513908
N0.HOG0000749	0.259892	0.587395	0.558115	0.0582852	0.0356655	0.523776	0.0553178	0.509768	0.509768	0.510332	0.510332	0.517502	0.523789	0.517541	0.517541	0.28447	0.688607	N/A	0.556142	0.568055	0.55645	0.535288	0.52176	0.516219	0.564597	0.548259	0.527915	0.515607	0.5526	0.507396	0.0372852	0.506591	0.527239
N0.HOG0000750	0.10584	0.1312	0.558115	0.538851	0.0121793	0.523776	0.0191503	0.509768	0.509768	0.505207	0.505207	0.508868	0.523789	0.517541	0.517541	0.688607	0.28447	N/A	0.556142	0.568055	0.55645	0.535288	0.52176	0.516219	0.564597	0.548259	0.527915	0.0234105	0.527417	0.503719	0.512667	0.506591	0.527239
N0.HOG0000753	0.259892	0.1312	0.558115	0.0582852	0.523776	0.523776	0.536874	0.509768	0.509768	0.510332	0.510332	0.026253	0.545895	0.534164	0.0512521	0.688607	0.28447	N/A	0.556142	0.568055	0.55645	0.535288	0.52176	0.516219	0.564597	0.548259	0.527915	0.515607	0.5526	0.507396	0.524855	0.513052	0.527239
N0.HOG0000761	0.259892	0.587395	0.0872019	0.0582852	0.0121793	0.523776	0.000903289	0.50492	0.50492	0.505207	0.505207	0.508868	0.0240663	0.534164	0.0176924	0.688607	0.28447	N/A	0.556142	0.568055	0.55645	0.535288	0.52176	0.516219	0.564597	0.548259	0.041875	0.515607	0.0789207	0.503719	0.524855	0.513052	0.527239
N0.HOG0000762	0.601002	0.0239982	0.530432	0.520023	0.00608963	0.512107	0.518973	0.50492	0.50492	0.505207	0.505207	3.96738e-05	0.523789	0.517541	0.000156554	0.612512	0.612512	N/A	0.52935	0.535941	0.529519	0.518134	0.511063	0.50821	0.534014	0.525064	0.514261	0.507897	0.527417	0.503719	0.512667	0.506591	0.513908
N0.HOG0000763	0.672517	0.0480119	0.0872019	0.0582852	0.523776	0.523776	0.536874	0.0146514	0.509768	0.00261004	0.505207	0.508868	0.545895	0.534164	0.534164	0.688607	0.688607	N/A	0.556142	0.568055	0.55645	0.535288	0.52176	0.516219	0.564597	0.548259	0.527915	0.515607	0.0789207	0.503719	0.524855	0.513052	0.527239
N0.HOG0000765	0.601002	0.00555885	0.0872019	0.538851	0.0121793	0.523776	0.536874	0.50492	0.50492	0.505207	0.505207	0.508868	0.545895	0.534164	0.0512521	0.612512	0.612512	N/A	0.52935	0.0182811	0.55645	0.535288	0.52176	0.516219	0.564597	0.548259	0.041875	0.515607	0.0789207	0.503719	0.524855	0.513052	0.513908
N0.HOG0000766	0.148657	0.546951	0.530432	0.0299322	0.512107	0.512107	0.5	0.5	0.5	0.5	0.5	0.5	0.0355391	0.0262332	0.517541	0.612512	0.165187	N/A	0.52935	0.535941	0.529519	0.518134	0.511063	0.50821	0.534014	0.0374342	0.5	0.507897	0.0409321	0.5	0.512667	0.506591	0.513908
N0.HOG0000768	0.672517	0.0480119	0.558115	0.0582852	0.0121793	0.523776	0.0191503	0.0146514	0.509768	0.505207	0.505207	0.508868	0.545895	0.517541	0.517541	0.688607	0.28447	N/A	0.556142	0.568055	0.55645	0.535288	0.52176	0.516219	0.564597	0.548259	0.527915	0.515607	0.0789207	0.503719	0.524855	0.0195784	0.527239
N0.HOG0000769	0.259892	0.0480119	0.558115	0.0582852	0.523776	0.523776	0.536874	0.509768	0.509768	0.505207	0.505207	0.517502	0.545895	0.5	0.5	0.688607	0.01204	N/A	0.556142	0.568055	0.55645	0.535288	0.52176	0.516219	0.564597	0.548259	0.527915	0.515607	0.5526	0.0110936	0.524855	2.30013e-05	0.527239
N0.HOG0000770	0.148657	2.31019e-05	0.000341824	0.617657	2.77824e-06	0.576142	0.536874	0.509768	0.509768	0.510332	0.0154981	0.517502	0.0688558	0.534164	0.534164	0.612512	0.165187	N/A	0.52935	0.0182811	1.91911e-06	0.59522	0.0333057	0.553424	0.564597	0.548259	0.527915	0.515607	0.5526	0.507396	0.524855	0.513052	0.513908
N0.HOG0000771	0.0259517	0.0480119	0.0308833	0.0582852	0.0356655	0.523776	0.0191503	0.50492	0.50492	0.505207	0.505207	0.508868	0.0688558	0.534164	0.534164	0.688607	0.688607	N/A	0.556142	0.568055	0.55645	0.535288	0.52176	0.516219	0.564597	0.548259	0.041875	0.515607	0.0789207	0.503719	0.524855	0.513052	0.527239
N0.HOG0000772	0.601002	0.546951	0.530432	0.520023	0.00608963	0.512107	0.00957497	0.50492	0.50492	0.505207	0.505207	0.508868	0.0120327	0.517541	0.517541	0.0589792	0.165187	N/A	0.52935	0.535941	0.529519	0.518134	0.511063	0.50821	0.534014	0.525064	0.514261	0.507897	0.527417	0.503719	0.512667	0.506591	0.513908
N0.HOG0000774	0.601002	0.0011545	0.530432	0.520023	9.03571e-07	0.512107	0.518973	0.50492	0.50492	0.505207	0.505207	0.508868	0.523789	0.534164	0.0176924	0.612512	0.0589792	N/A	0.52935	0.535941	0.529519	0.518134	0.511063	0.50821	0.534014	0.525064	0.514261	0.507897	0.527417	0.503719	0.512667	0.00330632	0.513908
N0.HOG0000779	9.44879e-11	0.546951	0.530432	0.520023	0.512107	0.512107	0.518973	0.50492	0.50492	0.505207	0.505207	0.508868	0.523789	0.517541	0.517541	0.612512	0.612512	N/A	0.52935	0.535941	0.529519	0.518134	0.511063	0.50821	0.534014	0.525064	0.514261	0.507897	0.527417	0.503719	0.512667	0.506591	0.513908
N0.HOG0000780	0.601002	0.1312	0.558115	0.538851	0.0356655	0.523776	0.0553178	0.509768	0.509768	0.510332	0.510332	0.517502	0.0688558	0.0512521	0.534164	0.612512	0.612512	N/A	0.52935	0.0182811	0.55645	0.535288	0.52176	0.516219	0.564597	0.548259	0.527915	0.515607	0.5526	0.507396	0.524855	0.513052	0.513908
N0.HOG0000785	0.601002	0.546951	0.0154403	0.0299322	0.512107	0.512107	0.518973	0.50492	0.50492	0.505207	0.505207	0.508868	0.0120327	0.00884604	0.517541	0.612512	0.00705817	N/A	0.52935	0.535941	0.529519	0.518134	0.511063	0.50821	0.534014	0.525064	0.514261	0.507897	0.527417	0.503719	0.512667	0.506591	0.513908
N0.HOG0000787	0.601002	0.0239982	0.530432	0.520023	0.523776	0.0121793	0.00957497	0.50492	0.50492	0.505207	0.505207	0.508868	0.0120327	0.517541	0.517541	0.612512	0.612512	N/A	0.52935	0.535941	0.529519	0.518134	0.511063	0.00412185	0.534014	0.525064	0.514261	0.507897	0.527417	0.503719	0.512667	0.506591	0.513908
N0.HOG0000788	0.148657	0.546951	0.0454098	0.0299322	0.512107	0.0181232	0.518973	0.5	0.5	0.5	0.5	0.5	0.5	0.5	0.5	0.612512	0.165187	N/A	0.52935	0.535941	0.529519	0.518134	0.511063	0.50821	0.534014	0.525064	0.0213398	0.0118292	0.5	0.5	0.5	0.5	0.513908
N0.HOG0000789	0.00928304	0.587395	0.0872019	0.538851	0.512107	0.512107	0.536874	0.509768	0.509768	0.510332	0.0154981	0.517502	0.545895	0.534164	0.534164	0.28447	0.688607	N/A	0.556142	0.568055	0.55645	0.535288	0.52176	0.0243289	0.564597	0.548259	0.527915	0.515607	0.5526	0.507396	0.524855	0.513052	0.527239
N0.HOG0000790	0.601002	0.00555885	0.0872019	0.0582852	0.000367311	0.523776	0.536874	0.50492	0.50492	0.505207	0.505207	0.508868	0.545895	0.534164	0.534164	0.612512	0.612512	N/A	0.52935	0.0182811	0.55645	0.535288	0.52176	0.516219	0.564597	0.548259	0.041875	0.515607	0.0789207	0.503719	0.524855	0.513052	0.513908
N0.HOG0000791	0.672517	0.587395	0.530432	0.520023	0.00608963	0.512107	0.0191503	0.50492	0.50492	0.505207	0.505207	0.508868	0.0688558	0.534164	0.534164	0.688607	0.688607	N/A	0.556142	0.568055	0.55645	0.0529381	0.511063	0.50821	0.564597	0.548259	0.041875	0.515607	0.0789207	0.503719	0.524855	0.513052	0.527239
N0.HOG0000792	0.672517	0.00555885	0.0308833	0.0582852	0.0121793	8.118e-05	0.536874	0.50492	0.50492	0.510332	0.510332	0.026253	0.523789	0.517541	0.0262332	0.28447	0.28447	N/A	0.556142	0.568055	0.55645	0.535288	0.52176	0.516219	0.564597	0.548259	0.041875	0.515607	0.5526	0.507396	0.0372852	0.506591	0.527239
N0.HOG0000794	0.601002	0.0698472	0.530432	0.0101096	0.0181232	0.512107	0.536874	0.509768	0.509768	0.510332	0.510332	0.517502	0.523789	0.517541	0.517541	0.612512	0.612512	N/A	0.52935	0.535941	0.529519	0.518134	0.511063	0.50821	0.0172857	0.548259	0.527915	0.515607	0.5526	0.507396	0.0372852	0.506591	0.513908
N0.HOG0000795	0.148657	0.546951	0.530432	0.0101096	0.512107	0.512107	0.518973	0.50492	0.50492	0.505207	0.00780307	0.508868	0.5	0.5	0.5	0.165187	0.612512	N/A	0.52935	0.535941	0.529519	0.518134	0.511063	0.50821	0.534014	0.525064	0.514261	0.507897	0.527417	0.503719	0.0189604	0.5	0.513908
N0.HOG0000796	0.672517	0.00555885	0.530432	0.520023	0.00608963	0.512107	0.536874	0.50492	0.50492	0.505207	0.505207	0.508868	0.545895	0.534164	0.0176924	0.688607	0.688607	N/A	0.556142	0.568055	0.55645	0.0529381	0.511063	0.50821	0.564597	0.548259	0.041875	0.515607	0.0789207	0.503719	0.524855	0.513052	0.527239
N0.HOG0000800	0.601002	0.546951	0.0454098	0.0299322	0.512107	0.512107	0.518973	0.5	0.5	0.5	0.5	0.5	0.523789	0.517541	0.517541	0.612512	0.612512	N/A	0.52935	0.535941	0.529519	0.518134	0.511063	0.50821	0.534014	0.525064	0.0213398	0.507897	0.0409321	0.5	0.512667	0.506591	0.513908
N0.HOG0000803	0.259892	0.1312	0.558115	0.538851	0.0356655	0.523776	0.0553178	0.509768	0.509768	0.510332	0.510332	0.517502	0.0688558	0.534164	0.0512521	0.688607	0.28447	N/A	0.556142	0.568055	0.55645	0.535288	0.52176	0.516219	0.564597	0.548259	0.527915	0.515607	0.5526	0.507396	0.524855	0.513052	0.527239
N0.HOG0000806	0.601002	0.0698472	0.530432	0.520023	0.512107	0.00608963	0.518973	0.5	0.5	0.5	0.5	0.5	0.523789	0.517541	0.517541	0.612512	0.165187	N/A	0.52935	0.535941	0.529519	0.518134	0.511063	0.50821	0.534014	0.525064	0.0213398	0.507897	0.0409321	0.5	0.512667	0.506591	0.513908
N0.HOG0000808	0.148657	0.546951	0.0454098	0.0299322	0.512107	0.0181232	0.0191503	0.50492	0.50492	0.505207	0.505207	0.517502	0.545895	0.000771837	0.534164	0.0589792	0.165187	N/A	0.52935	0.535941	0.529519	0.518134	0.511063	0.50821	0.0172857	0.548259	0.041875	0.515607	0.5526	0.0110936	0.524855	0.513052	0.513908
N0.HOG0000809	0.259892	0.587395	0.530432	0.520023	7.41783e-05	0.512107	0.536874	0.50492	0.50492	0.505207	0.505207	0.508868	0.545895	0.534164	0.534164	0.688607	0.688607	N/A	0.556142	0.568055	0.55645	0.0529381	0.511063	0.50821	0.564597	0.548259	0.041875	0.515607	0.0789207	0.503719	0.524855	0.513052	0.527239
N0.HOG0000811	0.148657	0.0698472	0.530432	0.520023	0.5	0.5	0.0283685	0.50492	0.50492	0.00780307	0.505207	0.508868	0.5	0.5	0.5	0.165187	0.612512	N/A	0.52935	0.535941	0.529519	0.518134	0.511063	0.0122984	0.534014	0.525064	0.514261	0.507897	0.527417	0.503719	0.0189604	0.5	0.513908
N0.HOG0000813	0.601002	0.0011545	0.530432	0.520023	7.41783e-05	0.512107	0.000183428	0.50492	0.50492	0.505207	0.505207	0.508868	0.523789	0.00884604	0.517541	0.0589792	0.612512	N/A	0.52935	0.535941	0.529519	0.518134	0.511063	0.50821	0.534014	0.525064	0.514261	0.507897	0.527417	0.503719	0.512667	0.506591	0.513908
N0.HOG0000814	0.601002	0.587395	0.0872019	0.538851	0.523776	0.523776	0.0382353	0.0289228	0.51925	0.525235	0.525235	0.53409	0.0480051	0.549924	0.549924	0.612512	0.612512	N/A	0.52935	0.0182811	0.55645	0.535288	0.52176	0.516219	0.00291093	0.589647	0.553514	0.530486	0.597051	0.00745043	0.547873	0.0384794	0.513908
N0.HOG0000815	0.601002	0.587395	0.558115	0.0582852	0.523776	0.0356655	0.0553178	0.509768	0.509768	0.510332	0.510332	0.517502	0.523789	0.517541	0.517541	0.165187	0.612512	N/A	0.52935	0.0182811	0.55645	0.535288	0.52176	0.516219	0.564597	0.548259	0.527915	0.515607	0.5526	0.507396	0.0372852	0.506591	0.513908
N0.HOG0000817	0.148657	0.546951	0.530432	0.538851	0.523776	0.0356655	0.536874	0.509768	0.509768	0.510332	0.0154981	0.517502	0.0688558	0.534164	0.0512521	0.165187	0.612512	N/A	0.52935	0.535941	0.529519	0.518134	0.00556166	0.516219	0.0172857	0.548259	0.527915	0.515607	0.5526	0.507396	0.524855	0.513052	0.513908
N0.HOG0000820	0.672517	0.0239982	0.530432	0.520023	0.00608963	0.512107	0.00957497	0.50492	0.50492	0.505207	0.505207	0.508868	0.0120327	0.517541	0.517541	0.28447	0.0322616	N/A	0.556142	0.10213	0.529519	0.518134	0.511063	0.50821	0.534014	0.525064	0.514261	0.507897	0.527417	0.503719	0.512667	0.506591	0.527239
N0.HOG0000826	0.672517	1.2351e-05	0.530432	0.520023	7.41783e-05	0.512107	0.518973	0.50492	0.50492	0.505207	0.505207	0.508868	0.523789	0.517541	0.00884604	0.688607	0.688607	N/A	0.556142	0.568055	0.55645	0.0529381	0.511063	0.50821	0.096936	0.525064	0.514261	0.507897	0.527417	0.503719	0.512667	0.506591	0.527239
N0.HOG0000832	0.601002	0.0698472	1.47523e-05	0.5	0.5	0.5	0.5	0.5	0.5	0.5	0.5	0.5	0.5	0.5	0.5	0.165187	0.612512	N/A	0.52935	0.535941	0.529519	0.518134	0.0165633	0.5	0.0507211	0.5	0.5	0.5	0.5	0.5	0.5	0.5	0.513908
N0.HOG0000834	0.672517	0.00555885	0.0872019	0.0582852	0.000866976	0.535024	0.536874	0.50492	0.50492	0.505207	0.505207	0.508868	0.545895	0.534164	0.534164	0.28447	0.28447	N/A	0.556142	0.568055	0.55645	0.535288	0.52176	0.00824371	0.564597	0.548259	0.041875	0.515607	0.0789207	0.503719	0.524855	0.513052	0.527239
N0.HOG0000836	0.259892	0.00555885	0.0872019	0.538851	0.0121793	0.0356655	0.536874	0.509768	0.509768	0.505207	0.505207	0.508868	0.545895	0.534164	0.0512521	0.118525	0.28447	N/A	0.556142	0.568055	0.55645	0.535288	0.52176	0.516219	0.564597	0.548259	0.527915	0.515607	0.0789207	0.503719	0.524855	0.513052	0.527239
N0.HOG0000837	0.259892	0.587395	0.558115	0.538851	0.0121793	0.523776	0.536874	0.50492	0.50492	0.505207	0.505207	0.508868	0.545895	0.534164	0.0512521	0.688607	0.28447	N/A	0.556142	0.568055	0.55645	0.535288	0.52176	0.516219	0.564597	0.548259	0.041875	0.515607	0.0789207	0.503719	0.524855	0.513052	0.527239
N0.HOG0000841	0.601002	0.587395	0.0872019	0.538851	0.523776	0.523776	0.536874	0.509768	0.509768	0.00522007	0.510332	0.517502	0.0688558	0.534164	0.0512521	0.165187	0.612512	N/A	0.52935	0.0182811	0.55645	0.535288	0.52176	0.516219	0.564597	0.548259	0.527915	0.515607	0.5526	0.507396	0.524855	0.513052	0.513908
N0.HOG0000842	0.601002	0.0239982	0.0454098	0.520023	0.00608963	0.0181232	0.518973	0.50492	0.50492	0.505207	0.505207	0.508868	0.0355391	0.517541	0.517541	0.612512	0.165187	N/A	0.52935	0.535941	0.529519	0.518134	0.511063	0.50821	0.534014	0.525064	0.514261	0.507897	0.527417	0.503719	0.512667	0.506591	0.513908
N0.HOG0000843	0.148657	0.0239982	0.530432	0.0299322	0.00608963	0.512107	0.518973	0.5	0.5	0.505207	0.505207	0.508868	0.523789	0.517541	0.0262332	0.165187	0.612512	N/A	0.52935	0.535941	0.529519	0.518134	0.511063	0.50821	0.534014	0.525064	0.0213398	0.507897	0.527417	0.503719	0.512667	0.506591	0.513908
N0.HOG0000844	0.601002	0.0239982	0.530432	0.520023	0.512107	0.0181232	0.518973	0.00246603	0.50492	0.510332	0.0154981	0.517502	0.523789	0.517541	0.517541	0.612512	0.612512	N/A	0.52935	0.535941	0.529519	0.518134	0.511063	0.50821	0.534014	0.525064	0.514261	0.507897	0.013891	0.507396	0.512667	0.506591	0.513908
N0.HOG0000846	0.0527395	0.0239982	0.530432	0.520023	0.00608963	0.512107	0.000183428	0.50492	0.50492	0.505207	0.505207	0.508868	0.523789	0.517541	0.517541	0.612512	0.165187	N/A	0.52935	0.535941	0.529519	0.518134	0.511063	0.50821	0.534014	0.525064	0.514261	0.507897	0.527417	0.503719	0.512667	0.506591	0.513908
N0.HOG0000849	0.148657	0.587395	0.0872019	0.538851	0.523776	0.0356655	0.518973	0.50492	0.50492	0.505207	0.505207	0.508868	0.0120327	0.00884604	0.517541	0.612512	0.165187	N/A	0.52935	0.535941	0.0149706	0.535288	0.52176	0.516219	0.534014	0.525064	0.514261	0.507897	0.527417	0.503719	0.512667	0.506591	0.513908
N0.HOG0000850	0.601002	0.0011545	0.530432	0.520023	7.41783e-05	0.512107	0.518973	0.50492	0.50492	0.505207	0.505207	0.508868	0.523789	0.517541	0.517541	0.612512	0.612512	N/A	0.52935	0.535941	0.529519	0.518134	0.511063	0.50821	0.534014	0.525064	0.514261	0.507897	0.527417	0.503719	0.512667	0.506591	0.513908
N0.HOG0000851	0.10584	0.546951	0.530432	0.520023	0.512107	0.512107	0.536874	0.50492	0.50492	0.505207	0.505207	0.508868	0.545895	0.000771837	0.0512521	0.28447	0.118525	N/A	0.556142	0.568055	0.0847017	0.518134	0.511063	0.50821	0.564597	0.548259	0.041875	0.515607	0.0789207	0.503719	0.524855	0.513052	0.527239
N0.HOG0000854	0.00928304	0.546951	0.530432	0.520023	0.0181232	0.512107	0.536874	0.509768	0.509768	0.505207	0.505207	0.517502	0.0688558	0.534164	0.534164	0.688607	0.688607	N/A	0.556142	0.568055	0.0847017	0.518134	0.511063	0.50821	0.564597	0.548259	0.527915	0.515607	0.5526	0.0110936	0.524855	0.513052	0.527239
N0.HOG0000857	0.0527395	5.55403e-05	0.530432	0.520023	7.41783e-05	0.512107	0.518973	0.50492	0.50492	0.505207	0.505207	0.508868	0.523789	0.517541	2.77063e-06	0.612512	0.612512	N/A	0.52935	0.535941	0.529519	0.518134	0.511063	0.50821	0.534014	0.525064	0.514261	0.507897	0.527417	0.503719	0.512667	0.506591	0.513908
N0.HOG0000858	0.601002	0.587395	0.558115	0.556564	0.535024	0.535024	0.536874	0.509768	0.0146514	0.515378	0.515378	0.525906	0.585571	0.564868	0.564868	0.612512	0.165187	N/A	0.52935	0.0182811	0.55645	0.535288	0.0111234	0.524031	0.564597	0.548259	0.527915	0.00792755	0.57575	0.511032	0.019115	0.525595	0.513908
N0.HOG0000859	0.672517	0.587395	0.0872019	0.538851	0.0121793	0.0356655	0.518973	0.50492	0.50492	0.505207	0.505207	0.508868	0.545895	0.0512521	0.534164	0.688607	0.688607	N/A	0.556142	0.568055	0.55645	0.535288	0.52176	0.516219	0.564597	0.0724038	0.514261	0.515607	0.0789207	0.503719	0.524855	0.513052	0.527239
N0.HOG0000862	0.148657	0.546951	0.530432	0.520023	0.512107	0.512107	0.518973	0.50492	0.50492	0.505207	0.00780307	0.0132828	0.0355391	0.0262332	0.517541	0.612512	0.612512	N/A	0.52935	0.535941	0.529519	0.518134	0.511063	0.50821	0.534014	0.525064	0.514261	0.507897	0.527417	0.503719	0.512667	0.506591	0.513908
N0.HOG0000863	0.148657	0.546951	0.0454098	0.0299322	0.512107	0.0181232	0.5	0.5	0.5	0.5	0.5	0.5	0.523789	0.517541	0.517541	0.612512	0.165187	N/A	0.52935	0.535941	0.529519	0.518134	0.511063	0.50821	0.534014	0.0374342	0.5	0.507897	0.0409321	0.5	0.512667	0.506591	0.513908
N0.HOG0000865	0.601002	0.1312	0.558115	0.538851	0.0356655	0.523776	0.536874	0.509768	0.509768	0.510332	0.0154981	0.517502	0.523789	0.517541	0.517541	0.612512	0.612512	N/A	0.52935	0.0182811	0.55645	0.535288	0.52176	0.516219	0.564597	0.548259	0.527915	0.515607	0.5526	0.507396	0.0372852	0.506591	0.513908
N0.HOG0000867	0.672517	0.546951	0.530432	0.520023	0.512107	0.512107	0.000183428	0.50492	0.50492	0.5	0.5	0.508868	0.0120327	0.517541	0.517541	0.688607	0.688607	N/A	0.556142	0.10213	0.529519	0.518134	0.511063	0.50821	0.534014	0.525064	0.514261	0.507897	0.527417	0.0055744	0.512667	0.506591	0.527239
N0.HOG0000872	0.601002	0.0698472	0.0454098	0.0299322	0.512107	0.0181232	0.5	0.5	0.5	0.5	0.5	0.5	0.523789	0.0262332	0.517541	0.612512	0.165187	N/A	0.52935	0.535941	0.529519	0.518134	0.511063	0.50821	0.534014	0.0374342	0.5	0.507897	0.0409321	0.5	0.512667	0.506591	0.513908
N0.HOG0000881	0.601002	0.0480119	0.0872019	0.538851	0.523776	0.0356655	0.0553178	0.509768	0.0146514	0.510332	0.510332	0.517502	0.545895	0.534164	0.0176924	0.612512	0.612512	N/A	0.52935	0.0182811	0.55645	0.535288	0.52176	0.516219	0.564597	0.548259	0.527915	0.515607	0.5526	0.507396	0.524855	0.513052	0.513908
N0.HOG0000882	0.259892	0.00555885	0.530432	0.520023	0.00608963	0.512107	0.536874	0.00493205	0.0146514	0.505207	0.505207	0.508868	0.523789	0.517541	0.517541	0.28447	0.00280153	N/A	0.556142	0.568055	0.55645	0.0529381	0.511063	0.50821	0.564597	0.548259	0.527915	0.0234105	0.527417	0.503719	0.512667	0.506591	0.527239
N0.HOG0000883	0.672517	0.546951	0.530432	0.520023	0.512107	0.0181232	0.536874	0.50492	0.50492	0.510332	0.0154981	0.517502	0.0688558	0.534164	0.534164	0.688607	0.688607	N/A	0.556142	0.568055	0.0847017	0.518134	0.511063	0.50821	0.564597	0.548259	0.041875	0.515607	0.5526	0.507396	0.524855	0.513052	0.527239
N0.HOG0000884	0.148657	0.546951	0.0154403	0.520023	0.512107	0.512107	0.518973	0.509768	0.509768	0.510332	0.510332	0.517502	0.523789	0.517541	0.0262332	0.165187	0.612512	N/A	0.52935	0.535941	0.529519	0.518134	0.511063	0.50821	0.534014	0.525064	0.00718057	0.507897	0.013891	0.507396	0.512667	0.506591	0.513908
N0.HOG0000886	0.672517	0.0480119	0.530432	0.520023	0.00608963	0.512107	0.518973	0.50492	0.50492	0.505207	0.505207	0.508868	0.545895	0.534164	0.0512521	0.688607	0.688607	N/A	0.556142	0.568055	0.55645	0.0529381	0.511063	0.50821	0.564597	0.0724038	0.514261	0.515607	0.0789207	0.503719	0.524855	0.513052	0.527239
N0.HOG0000888	0.672517	0.0480119	0.530432	0.520023	0.00608963	0.512107	0.536874	0.50492	0.50492	0.505207	0.505207	0.508868	0.0688558	0.0176924	0.534164	0.688607	0.01204	N/A	0.556142	0.568055	0.55645	0.0529381	0.511063	0.50821	0.564597	0.548259	0.041875	0.515607	0.0789207	0.503719	0.524855	0.513052	0.527239
N0.HOG0000889	0.672517	0.00555885	0.530432	0.520023	7.41783e-05	0.512107	0.536874	0.50492	0.50492	0.505207	0.505207	0.508868	0.0240663	0.0176924	0.0512521	0.28447	0.688607	N/A	0.556142	0.568055	0.55645	0.0529381	0.511063	0.50821	0.564597	0.548259	0.041875	0.515607	0.0789207	0.503719	0.524855	0.513052	0.527239
N0.HOG0000894	0.259892	0.00555885	0.0872019	0.538851	0.000367311	0.0356655	0.536874	0.50492	0.50492	0.505207	0.505207	0.517502	0.545895	0.534164	0.534164	0.688607	0.28447	N/A	0.556142	0.568055	0.55645	0.535288	0.52176	0.516219	0.564597	0.548259	0.041875	0.515607	0.5526	0.0110936	0.524855	0.513052	0.527239
N0.HOG0000895	0.259892	0.587395	0.0872019	0.538851	0.0121793	0.0356655	0.536874	0.50492	0.50492	0.505207	0.505207	0.508868	0.545895	0.0512521	0.534164	0.28447	0.688607	N/A	0.556142	0.568055	0.55645	0.535288	0.52176	0.516219	0.564597	0.548259	0.041875	0.515607	0.0789207	0.503719	0.524855	0.513052	0.527239
N0.HOG0000898	0.601002	0.00555885	0.558115	0.0582852	0.0121793	0.523776	0.518973	0.50492	0.50492	0.505207	0.505207	0.508868	0.0120327	0.517541	0.517541	0.612512	0.0589792	N/A	0.52935	0.535941	0.0149706	0.535288	0.52176	0.516219	0.534014	0.525064	0.514261	0.507897	0.527417	0.503719	0.512667	0.506591	0.513908
N0.HOG0000899	0.601002	0.0239982	0.530432	0.520023	0.512107	0.512107	0.000183428	0.50492	0.50492	0.505207	0.505207	0.508868	0.0240663	0.0176924	0.534164	0.165187	0.612512	N/A	0.52935	0.535941	0.529519	0.518134	0.511063	0.50821	0.534014	0.525064	0.514261	0.507897	0.527417	0.503719	0.00637328	0.513052	0.513908
N0.HOG0000900	0.672517	0.0239982	0.530432	0.520023	0.00608963	0.512107	0.518973	0.50492	0.50492	0.505207	0.505207	0.508868	0.523789	0.000156554	0.517541	0.688607	0.688607	N/A	0.556142	0.10213	0.529519	0.518134	0.511063	0.50821	0.534014	0.525064	0.514261	0.507897	0.527417	0.503719	0.512667	0.506591	0.527239
N0.HOG0000901	0.601002	0.587395	0.558115	0.0582852	0.523776	0.523776	0.536874	0.0146514	0.509768	0.0154981	0.510332	0.517502	0.523789	0.517541	0.517541	0.165187	0.612512	N/A	0.52935	0.0182811	0.55645	0.535288	0.52176	0.516219	0.564597	0.548259	0.527915	0.515607	0.5526	0.507396	0.0372852	0.506591	0.513908
N0.HOG0000906	0.672517	0.0480119	0.530432	0.520023	7.41783e-05	0.0181232	0.0191503	0.50492	0.50492	0.505207	0.505207	0.508868	0.0240663	0.534164	0.534164	0.28447	0.688607	N/A	0.556142	0.568055	0.55645	0.0529381	0.511063	0.50821	0.564597	0.548259	0.041875	0.515607	0.0789207	0.503719	0.524855	0.513052	0.527239
N0.HOG0000909	0.259892	0.0480119	0.530432	0.520023	7.41783e-05	0.512107	0.536874	0.50492	0.50492	0.505207	0.505207	0.508868	0.545895	0.0512521	0.0176924	0.688607	0.688607	N/A	0.556142	0.568055	0.55645	0.0529381	0.511063	0.50821	0.564597	0.548259	0.041875	0.515607	0.0789207	0.503719	0.524855	0.513052	0.527239
N0.HOG0000911	0.601002	0.0239982	0.530432	0.520023	0.00608963	0.512107	0.00957497	0.50492	0.50492	0.505207	0.505207	0.508868	0.0120327	0.517541	0.517541	0.612512	0.612512	N/A	0.52935	0.535941	0.529519	0.518134	0.511063	0.50821	0.534014	0.525064	0.514261	0.507897	0.527417	0.503719	0.512667	0.506591	0.513908
N0.HOG0000914	0.601002	0.546951	0.530432	0.520023	0.00608963	0.512107	0.00957497	0.50492	0.50492	0.505207	0.505207	0.00445369	0.523789	0.517541	0.517541	0.612512	0.612512	N/A	0.52935	0.535941	0.529519	0.518134	0.511063	0.50821	0.534014	0.525064	0.514261	0.507897	0.527417	0.503719	0.512667	0.506591	0.513908
N0.HOG0000920	0.601002	0.587395	0.0872019	0.538851	0.523776	0.0356655	0.518973	0.00246603	0.50492	0.510332	0.510332	0.517502	0.523789	0.517541	0.00884604	0.612512	0.612512	N/A	0.52935	0.535941	0.0149706	0.535288	0.52176	0.516219	0.534014	0.525064	0.514261	0.507897	0.013891	0.507396	0.512667	0.506591	0.513908
N0.HOG0000922	0.601002	0.587395	0.0872019	0.538851	0.523776	0.0121793	0.518973	0.50492	0.50492	0.505207	0.505207	0.508868	0.000289738	0.517541	0.517541	0.612512	0.612512	N/A	0.52935	0.535941	0.0149706	0.535288	0.52176	0.516219	0.534014	0.525064	0.514261	0.507897	0.527417	0.503719	0.512667	0.506591	0.513908
N0.HOG0000928	0.601002	0.546951	0.530432	0.520023	0.512107	0.512107	0.518973	0.50492	0.50492	0.510332	0.510332	0.517502	0.523789	0.517541	2.77063e-06	0.612512	0.00705817	N/A	0.52935	0.535941	0.529519	0.518134	0.511063	0.50821	0.534014	0.525064	0.514261	0.507897	0.013891	0.507396	0.512667	0.506591	0.513908
N0.HOG0000929	0.601002	0.0011545	0.530432	0.520023	0.512107	0.512107	0.00957497	0.50492	0.50492	0.505207	0.505207	0.508868	0.0120327	0.517541	0.517541	0.0589792	0.612512	N/A	0.52935	0.535941	0.529519	0.518134	0.511063	0.50821	0.534014	0.525064	0.514261	0.507897	0.527417	0.503719	0.512667	0.506591	0.513908
N0.HOG0000930	0.601002	5.55403e-05	0.530432	0.0299322	0.512107	0.512107	0.518973	0.50492	0.50492	0.505207	0.505207	0.508868	0.523789	0.00884604	0.517541	0.612512	0.612512	N/A	0.52935	0.535941	0.529519	0.518134	0.511063	0.50821	0.534014	0.525064	0.514261	0.507897	0.527417	0.503719	0.512667	0.506591	0.513908
N0.HOG0000932	0.672517	0.00555885	0.0872019	0.538851	0.523776	0.0356655	0.00957497	0.50492	0.50492	0.505207	0.505207	0.508868	0.523789	0.517541	2.77063e-06	0.688607	0.28447	N/A	0.556142	0.568055	0.55645	0.535288	0.52176	0.516219	0.096936	0.525064	0.514261	0.507897	0.527417	0.503719	0.512667	0.506591	0.527239
N0.HOG0000933	0.601002	0.0011545	0.530432	0.520023	0.00608963	0.512107	0.518973	0.50492	0.50492	0.505207	0.505207	0.508868	0.523789	0.00884604	0.517541	0.612512	0.612512	N/A	0.52935	0.535941	0.529519	0.518134	0.511063	0.50821	0.534014	0.525064	0.514261	0.507897	0.527417	0.503719	0.512667	0.506591	0.513908
N0.HOG0000934	0.601002	0.546951	0.0154403	0.520023	0.512107	0.00608963	0.536874	0.50492	0.00737393	0.510332	0.510332	0.026253	0.0688558	0.534164	0.534164	0.612512	0.612512	N/A	0.52935	0.535941	0.529519	0.518134	0.511063	0.50821	0.0172857	0.548259	0.041875	0.515607	0.5526	0.507396	0.524855	0.513052	0.513908
N0.HOG0000935	0.601002	0.587395	0.558115	0.538851	0.000367311	0.0356655	0.000183428	0.50492	0.50492	0.505207	0.505207	0.00445369	0.523789	0.517541	0.517541	0.612512	0.612512	N/A	0.52935	0.535941	0.0149706	0.535288	0.52176	0.516219	0.534014	0.525064	0.514261	0.507897	0.527417	0.503719	0.512667	0.506591	0.513908
N0.HOG0000938	0.601002	5.55403e-05	0.530432	0.520023	0.000367311	0.523776	0.00957497	0.50492	0.50492	0.505207	0.505207	0.508868	0.523789	0.00884604	0.517541	0.612512	0.612512	N/A	0.52935	0.535941	0.529519	0.518134	0.511063	0.00412185	0.534014	0.525064	0.514261	0.507897	0.527417	0.503719	0.512667	0.506591	0.513908
N0.HOG0000939	0.601002	0.0239982	0.530432	0.520023	7.41783e-05	0.512107	0.518973	0.50492	0.50492	0.505207	0.505207	0.508868	0.0120327	0.517541	0.517541	0.688607	0.688607	N/A	0.0842396	0.535941	0.529519	0.518134	0.511063	0.50821	0.534014	0.525064	0.514261	0.507897	0.527417	0.503719	0.512667	0.506591	0.527239
N0.HOG0000941	0.672517	0.0239982	0.530432	0.520023	9.03571e-07	0.512107	0.518973	0.50492	0.50492	0.505207	0.505207	0.508868	0.523789	0.517541	0.0262332	0.28447	0.118525	N/A	0.556142	0.10213	0.529519	0.518134	0.511063	0.50821	0.534014	0.525064	0.514261	0.507897	0.527417	0.503719	0.512667	0.506591	0.527239
N0.HOG0000942	0.601002	0.587395	0.558115	0.0582852	0.523776	0.0356655	0.518973	0.50492	0.50492	0.505207	0.00261004	0.508868	0.0120327	0.517541	0.517541	0.612512	0.0589792	N/A	0.52935	0.535941	0.0149706	0.535288	0.52176	0.516219	0.534014	0.525064	0.514261	0.507897	0.527417	0.503719	0.512667	0.506591	0.513908
N0.HOG0000944	0.148657	0.0239982	0.530432	0.520023	0.00608963	0.512107	0.518973	0.50492	0.50492	0.505207	0.505207	0.508868	0.523789	0.517541	0.0262332	0.612512	0.165187	N/A	0.52935	0.535941	0.529519	0.518134	0.511063	0.50821	0.534014	0.525064	0.514261	0.507897	0.527417	0.503719	0.512667	0.506591	0.513908
N0.HOG0000945	0.0527395	5.55403e-05	0.530432	0.520023	9.03571e-07	0.512107	0.518973	0.50492	0.50492	0.505207	0.505207	0.508868	0.0240663	0.534164	0.0512521	0.612512	0.612512	N/A	0.52935	0.535941	0.529519	0.518134	0.511063	0.50821	0.534014	0.525064	0.514261	0.507897	0.527417	0.503719	0.00637328	0.513052	0.513908
N0.HOG0000947	0.148657	0.0717753	0.125713	0.556564	0.535024	0.000236095	0.0191503	0.509768	0.509768	0.00522007	0.510332	0.026253	0.0240663	0.0176924	0.000177716	0.165187	0.612512	N/A	0.52935	0.0182811	0.0299435	0.55152	0.532104	0.524031	0.564597	0.548259	0.527915	0.515607	0.5526	0.507396	0.524855	0.513052	0.513908
N0.HOG0000948	0.601002	0.0011545	0.530432	0.520023	9.03571e-07	0.512107	0.518973	0.50492	0.50492	0.505207	0.505207	0.508868	0.523789	0.517541	0.517541	0.612512	0.612512	N/A	0.52935	0.535941	0.529519	0.518134	0.511063	0.50821	0.534014	0.525064	0.514261	0.507897	0.527417	0.503719	0.512667	0.506591	0.513908
N0.HOG0000949	0.672517	0.5	0.5	0.5	0.5	0.5	0.518973	0.50492	0.50492	0.5	0.5	0.5	0.0355391	0.517541	0.00884604	0.28447	0.00280153	N/A	0.556142	0.10213	0.044054	0.5	0.5	0.5	0.534014	0.525064	0.514261	0.507897	0.0409321	0.5	0.512667	0.506591	0.527239
N0.HOG0000955	0.259892	0.1312	0.0872019	0.538851	0.523776	0.0356655	0.536874	0.509768	0.0146514	0.510332	0.510332	0.026253	0.523789	0.517541	0.0262332	0.00280153	0.688607	N/A	0.556142	0.568055	0.55645	0.535288	0.52176	0.516219	0.564597	0.548259	0.527915	0.515607	0.5526	0.507396	0.0372852	0.506591	0.527239
N0.HOG0000957	0.259892	0.587395	0.0872019	0.538851	0.523776	0.0356655	0.536874	0.50492	0.50492	0.505207	0.00261004	0.508868	0.545895	0.534164	0.0512521	0.28447	0.688607	N/A	0.556142	0.568055	0.55645	0.535288	0.52176	0.516219	0.564597	0.548259	0.041875	0.515607	0.0789207	0.503719	0.524855	0.513052	0.527239
N0.HOG0000958	0.0527395	0.546951	0.530432	0.520023	0.512107	0.512107	0.000183428	0.50492	0.50492	0.505207	0.505207	0.508868	0.523789	0.00884604	0.517541	0.612512	0.612512	N/A	0.52935	0.535941	0.529519	0.518134	0.511063	0.50821	0.534014	0.525064	0.514261	0.507897	0.527417	0.503719	0.512667	0.506591	0.513908
N0.HOG0000962	0.601002	0.0698472	0.530432	0.538851	0.523776	0.523776	0.518973	0.50492	0.50492	0.505207	0.505207	0.508868	0.523789	0.517541	0.0262332	0.612512	0.165187	N/A	0.52935	0.535941	0.529519	0.518134	0.00556166	0.516219	0.534014	0.525064	0.514261	0.507897	0.527417	0.503719	0.512667	0.506591	0.513908
N0.HOG0000964	0.601002	0.0239982	0.530432	0.520023	7.41783e-05	0.512107	0.518973	0.50492	0.50492	0.505207	0.505207	0.508868	0.0120327	0.517541	0.517541	0.612512	0.612512	N/A	0.52935	0.535941	0.529519	0.518134	0.511063	0.50821	0.534014	0.525064	0.514261	0.507897	0.527417	0.503719	0.512667	0.506591	0.513908
N0.HOG0000965	0.601002	0.546951	0.530432	0.0101096	0.512107	0.512107	0.518973	0.00246603	0.50492	0.00261004	0.505207	0.508868	0.523789	0.00884604	0.517541	0.0589792	0.612512	N/A	0.52935	0.535941	0.529519	0.518134	0.511063	0.50821	0.534014	0.525064	0.514261	0.507897	0.527417	0.503719	0.512667	0.506591	0.513908
N0.HOG0000967	0.601002	0.546951	0.530432	0.520023	1.10065e-08	0.512107	0.000183428	0.50492	0.50492	0.505207	0.505207	0.508868	0.523789	0.517541	0.517541	0.612512	0.0589792	N/A	0.52935	0.535941	0.529519	0.518134	0.511063	0.50821	0.534014	0.525064	0.514261	0.507897	0.527417	0.503719	0.512667	0.506591	0.513908
N0.HOG0000968	0.601002	0.0698472	0.530432	0.520023	0.0181232	0.512107	0.518973	0.50492	0.50492	0.510332	0.510332	0.508868	0.523789	0.00884604	0.517541	0.612512	0.612512	N/A	0.52935	0.535941	0.529519	0.518134	0.511063	0.50821	0.534014	0.525064	0.514261	0.507897	0.527417	0.00186273	0.512667	0.506591	0.513908
N0.HOG0000969	0.601002	0.0011545	0.530432	0.520023	7.41783e-05	0.512107	0.00957497	0.50492	0.50492	0.505207	0.505207	0.508868	0.523789	0.517541	0.517541	0.612512	0.612512	N/A	0.52935	0.535941	0.529519	0.518134	0.511063	0.50821	0.534014	0.525064	0.514261	0.507897	0.527417	0.503719	0.512667	0.506591	0.513908
N0.HOG0000972	0.601002	0.0698472	0.0454098	0.0299322	0.512107	0.0181232	0.518973	0.5	0.5	0.5	0.5	0.5	0.523789	0.517541	0.517541	0.612512	0.165187	N/A	0.52935	0.535941	0.529519	0.518134	0.511063	0.50821	0.534014	0.525064	0.0213398	0.507897	0.0409321	0.5	0.512667	0.506591	0.513908
N0.HOG0000981	0.0527395	0.0239982	0.530432	0.520023	7.41783e-05	0.512107	0.00957497	0.50492	0.50492	0.505207	0.505207	0.508868	0.523789	0.517541	0.517541	0.612512	0.0589792	N/A	0.52935	0.535941	0.529519	0.518134	0.511063	0.50821	0.534014	0.525064	0.514261	0.507897	0.527417	0.503719	0.512667	0.506591	0.513908
N0.HOG0000983	0.601002	2.67192e-06	0.530432	0.520023	0.00608963	0.512107	0.518973	0.50492	0.50492	0.505207	0.505207	0.508868	0.0120327	0.517541	0.517541	0.612512	0.0589792	N/A	0.52935	0.535941	0.529519	0.518134	0.511063	0.50821	0.534014	0.525064	0.514261	0.507897	0.527417	0.503719	0.512667	0.506591	0.513908
N0.HOG0000984	0.601002	0.546951	0.5	0.5	0.5	0.5	0.518973	0.5	0.5	0.5	0.5	0.5	0.0355391	0.517541	0.00884604	0.165187	0.612512	N/A	0.52935	0.535941	0.529519	0.0271177	0.5	0.5	0.534014	0.525064	0.0213398	0.507897	0.0409321	0.5	0.512667	0.506591	0.513908
N0.HOG0000992	0.148657	0.546951	0.530432	0.520023	0.512107	0.512107	3.51392e-06	0.50492	0.50492	0.505207	0.505207	0.508868	0.0240663	0.0176924	0.0512521	0.612512	0.165187	N/A	0.52935	0.535941	0.529519	0.518134	0.511063	0.50821	0.534014	0.525064	0.514261	0.507897	0.527417	0.503719	0.00637328	0.513052	0.513908
N0.HOG0000993	0.601002	0.0239982	0.530432	0.520023	7.41783e-05	0.512107	0.518973	0.50492	0.50492	0.505207	0.505207	0.508868	0.523789	0.517541	0.00884604	0.165187	0.0589792	N/A	0.52935	0.535941	0.529519	0.518134	0.511063	0.50821	0.534014	0.525064	0.514261	0.507897	0.527417	0.503719	0.512667	0.506591	0.513908
N0.HOG0000995	0.0527395	0.546951	0.0154403	0.520023	0.0181232	0.00608963	0.00957497	0.50492	0.50492	0.505207	0.505207	0.508868	0.0120327	0.517541	0.517541	0.612512	0.0589792	N/A	0.52935	0.535941	0.529519	0.518134	0.511063	0.50821	0.534014	0.525064	0.514261	0.507897	0.527417	0.503719	0.512667	0.506591	0.513908
N0.HOG0000996	0.601002	0.0239982	0.530432	0.520023	0.00608963	0.512107	0.00957497	0.50492	0.50492	0.505207	0.505207	0.508868	0.0120327	0.517541	0.517541	0.612512	0.0589792	N/A	0.52935	0.535941	0.529519	0.518134	0.511063	0.50821	0.534014	0.525064	0.514261	0.507897	0.527417	0.503719	0.512667	0.506591	0.513908
N0.HOG0000998	0.601002	0.587395	0.0872019	0.538851	0.000367311	0.0356655	0.00957497	0.50492	0.50492	0.505207	0.505207	0.508868	0.523789	0.517541	0.517541	0.612512	0.612512	N/A	0.52935	0.535941	0.0149706	0.535288	0.52176	0.516219	0.534014	0.525064	0.514261	0.507897	0.527417	0.503719	0.512667	0.506591	0.513908
N0.HOG0000999	0.601002	0.546951	0.0154403	0.520023	0.512107	0.512107	0.518973	0.50492	0.50492	0.505207	0.505207	0.508868	0.0240663	0.0512521	1.07901e-05	0.612512	0.612512	N/A	0.52935	0.535941	0.529519	0.518134	0.511063	0.50821	0.534014	0.525064	0.514261	0.507897	0.527417	0.503719	0.00637328	0.513052	0.513908
N0.HOG0001002	0.601002	0.0239982	0.530432	0.520023	7.41783e-05	0.512107	0.518973	0.50492	0.50492	0.00261004	0.505207	0.508868	0.545895	0.0176924	0.0512521	0.612512	0.165187	N/A	0.52935	0.535941	0.529519	0.518134	0.511063	0.50821	0.534014	0.525064	0.514261	0.507897	0.527417	0.503719	0.00637328	0.513052	0.513908
N0.HOG0001004	0.601002	0.0011545	0.530432	0.520023	7.41783e-05	0.512107	0.00957497	0.50492	0.50492	0.505207	0.505207	0.508868	0.523789	0.517541	0.00884604	0.612512	0.612512	N/A	0.52935	0.535941	0.529519	0.518134	0.511063	0.50821	0.534014	0.525064	0.514261	0.507897	0.527417	0.503719	0.512667	0.506591	0.513908
N0.HOG0001009	0.601002	0.546951	0.530432	0.520023	9.03571e-07	0.512107	0.518973	0.50492	0.50492	0.505207	0.505207	0.508868	0.523789	0.517541	0.517541	0.612512	0.612512	N/A	0.52935	0.535941	0.529519	0.518134	0.511063	0.50821	0.534014	0.525064	0.514261	0.507897	0.527417	0.503719	0.512667	0.506591	0.513908
N0.HOG0001010	0.0527395	0.0011545	0.530432	0.520023	9.03571e-07	0.512107	0.518973	0.50492	0.50492	0.505207	0.505207	0.508868	0.523789	0.517541	0.517541	0.612512	0.612512	N/A	0.52935	0.535941	0.529519	0.518134	0.511063	0.50821	0.534014	0.525064	0.514261	0.507897	0.527417	0.503719	0.512667	0.506591	0.513908
N0.HOG0001011	0.0527395	2.67192e-06	0.530432	0.520023	0.512107	0.512107	0.518973	0.50492	0.50492	0.505207	0.505207	0.508868	0.545895	0.0176924	0.0512521	0.612512	0.165187	N/A	0.52935	0.535941	0.529519	0.518134	0.511063	0.50821	0.534014	0.525064	0.514261	0.507897	0.527417	0.503719	0.00637328	0.513052	0.513908
N0.HOG0001022	0.672517	0.587395	0.558115	0.0582852	0.0356655	0.523776	0.536874	0.509768	0.0146514	0.505207	0.505207	0.508868	0.545895	0.534164	0.534164	0.688607	0.28447	N/A	0.556142	0.568055	0.55645	0.535288	0.52176	0.516219	0.564597	0.548259	0.527915	0.515607	0.0789207	0.503719	0.524855	0.513052	0.527239
N0.HOG0001024	0.601002	0.0239982	0.530432	0.520023	0.00608963	0.512107	0.00957497	0.50492	0.50492	0.505207	0.505207	0.508868	0.523789	0.534164	0.534164	0.612512	0.612512	N/A	0.52935	0.535941	0.529519	0.518134	0.511063	0.50821	0.534014	0.525064	0.514261	0.507897	0.527417	0.503719	0.512667	0.00330632	0.513908
N0.HOG0001025	0.148657	2.67192e-06	0.530432	0.520023	7.41783e-05	0.512107	0.518973	0.50492	0.50492	0.505207	0.505207	0.508868	0.523789	0.517541	0.517541	0.0589792	0.165187	N/A	0.52935	0.535941	0.529519	0.518134	0.511063	0.50821	0.534014	0.525064	0.514261	0.507897	0.527417	0.503719	0.512667	0.506591	0.513908
N0.HOG0001026	0.601002	0.0239982	0.530432	0.520023	0.00608963	0.512107	0.00957497	0.50492	0.50492	0.505207	0.505207	0.508868	0.0120327	0.00884604	0.517541	0.612512	0.165187	N/A	0.52935	0.535941	0.529519	0.518134	0.511063	0.50821	0.534014	0.525064	0.514261	0.507897	0.527417	0.503719	0.512667	0.506591	0.513908
N0.HOG0001027	0.0527395	0.0239982	0.530432	0.520023	0.00608963	0.512107	0.518973	0.50492	0.50492	0.505207	0.505207	0.508868	0.0240663	0.534164	0.534164	0.612512	0.612512	N/A	0.52935	0.535941	0.529519	0.518134	0.511063	0.50821	0.534014	0.525064	0.514261	0.507897	0.527417	0.503719	0.00637328	0.513052	0.513908
N0.HOG0001030	0.601002	0.0239982	1.47523e-05	0.5	0.5	0.5	0.5	0.5	0.5	0.5	0.5	0.5	0.5	0.5	0.5	0.165187	0.612512	N/A	0.52935	0.535941	0.529519	0.518134	0.0165633	0.5	0.0507211	0.5	0.5	0.5	0.5	0.5	0.5	0.5	0.513908
N0.HOG0001033	0.601002	0.587395	0.558115	0.0582852	0.523776	0.0356655	0.518973	0.50492	0.50492	0.505207	0.505207	0.00445369	0.523789	0.517541	0.517541	0.0589792	0.612512	N/A	0.52935	0.535941	0.0149706	0.535288	0.52176	0.516219	0.534014	0.525064	0.514261	0.507897	0.527417	0.503719	0.512667	0.506591	0.513908
N0.HOG0001035	0.00928304	0.1312	0.558115	0.538851	0.523776	0.523776	0.536874	0.509768	0.509768	0.510332	0.0154981	0.517502	0.523789	0.0262332	0.517541	0.688607	0.01204	N/A	0.556142	0.568055	0.55645	0.535288	0.52176	0.516219	0.564597	0.548259	0.527915	0.515607	0.5526	0.507396	0.0372852	0.506591	0.527239
N0.HOG0001036	0.601002	0.0239982	0.530432	0.520023	0.523776	0.523776	0.518973	0.50492	0.50492	0.505207	0.505207	0.508868	0.0120327	0.517541	0.00884604	0.0589792	0.612512	N/A	0.52935	0.535941	0.529519	0.518134	0.511063	0.00412185	0.534014	0.525064	0.514261	0.507897	0.527417	0.503719	0.512667	0.506591	0.513908
N0.HOG0001039	0.148657	0.546951	0.530432	0.520023	0.00608963	0.512107	0.00957497	0.50492	0.50492	0.505207	0.505207	0.508868	0.545895	0.534164	0.534164	0.612512	0.00705817	N/A	0.52935	0.535941	0.529519	0.518134	0.511063	0.50821	0.534014	0.525064	0.514261	0.507897	0.527417	0.503719	0.00637328	0.513052	0.513908
N0.HOG0001043	0.672517	0.00555885	0.530432	0.520023	9.03571e-07	0.512107	0.536874	0.50492	0.50492	0.505207	0.505207	0.508868	0.545895	0.534164	0.534164	0.688607	0.688607	N/A	0.556142	0.568055	0.55645	0.0529381	0.511063	0.50821	0.564597	0.548259	0.041875	0.515607	0.0789207	0.503719	0.524855	0.513052	0.527239
N0.HOG0001047	0.601002	0.5	0.5	0.5	0.5	0.5	0.518973	0.50492	0.00737393	0.5	0.5	0.5	0.0355391	0.517541	0.517541	0.612512	0.612512	N/A	0.52935	0.535941	0.044054	0.5	0.5	0.5	0.534014	0.525064	0.514261	0.507897	0.0409321	0.5	0.512667	0.506591	0.513908
N0.HOG0001050	0.601002	0.0698472	0.0154403	0.520023	0.512107	0.512107	0.518973	0.50492	0.50492	0.505207	0.505207	0.508868	0.523789	0.0528281	0.0528281	0.612512	0.612512	N/A	0.52935	0.535941	0.529519	0.518134	0.511063	0.50821	0.534014	0.525064	0.514261	0.507897	0.527417	0.503719	0.512667	6.323e-12	0.513908
N0.HOG0001056	0.601002	0.0698472	0.530432	0.520023	0.512107	0.512107	0.00957497	0.50492	0.50492	0.0154981	0.510332	0.517502	0.523789	0.517541	0.517541	0.612512	0.612512	N/A	0.52935	0.535941	0.529519	0.518134	0.511063	0.50821	0.534014	0.525064	0.514261	0.507897	0.013891	0.507396	0.512667	0.506591	0.513908
N0.HOG0001059	0.601002	0.546951	0.530432	0.520023	0.00608963	0.512107	0.000183428	0.50492	0.50492	0.505207	0.505207	0.508868	0.0240663	0.0512521	0.534164	0.612512	0.612512	N/A	0.52935	0.535941	0.529519	0.518134	0.511063	0.50821	0.534014	0.525064	0.514261	0.507897	0.527417	0.503719	0.00637328	0.513052	0.513908
N0.HOG0001061	0.601002	0.0239982	0.530432	0.520023	9.03571e-07	0.512107	0.00957497	0.50492	0.50492	0.505207	0.505207	0.508868	0.523789	0.00884604	0.517541	0.612512	0.165187	N/A	0.52935	0.535941	0.529519	0.518134	0.511063	0.50821	0.534014	0.525064	0.514261	0.507897	0.527417	0.503719	0.512667	0.506591	0.513908
N0.HOG0001062	0.148657	0.1312	0.0308833	0.538851	0.0356655	0.523776	0.0191503	0.509768	0.509768	0.510332	0.510332	0.517502	0.545895	0.000771837	0.534164	0.612512	0.612512	N/A	0.52935	0.0182811	0.55645	0.535288	0.52176	0.516219	0.564597	0.548259	0.527915	0.515607	0.5526	0.507396	0.524855	0.513052	0.513908
N0.HOG0001067	0.601002	0.0239982	0.530432	0.520023	0.512107	0.512107	0.000183428	0.50492	0.50492	0.505207	0.505207	0.508868	0.523789	0.534164	0.534164	0.612512	0.612512	N/A	0.52935	0.535941	0.529519	0.518134	0.511063	0.50821	0.534014	0.525064	0.514261	0.507897	0.527417	0.503719	0.512667	0.00330632	0.513908
N0.HOG0001069	0.601002	0.546951	0.530432	0.520023	0.512107	0.512107	0.518973	0.50492	0.50492	0.505207	0.505207	0.508868	0.0240663	0.0176924	0.0512521	0.612512	0.165187	N/A	0.52935	0.535941	0.529519	0.518134	0.511063	0.50821	0.534014	0.525064	0.514261	0.507897	0.527417	0.503719	0.00637328	0.513052	0.513908
N0.HOG0001071	0.601002	0.1312	0.558115	0.538851	0.512107	0.512107	0.536874	0.0146514	0.509768	0.510332	0.510332	0.517502	0.0688558	0.534164	0.0512521	0.612512	0.612512	N/A	0.52935	0.0182811	0.55645	0.535288	0.52176	0.0243289	0.564597	0.548259	0.527915	0.515607	0.5526	0.507396	0.524855	0.513052	0.513908
N0.HOG0001074	0.601002	0.587395	0.558115	0.0582852	0.523776	0.0356655	0.00957497	0.50492	0.50492	0.505207	0.505207	0.508868	0.523789	0.517541	0.517541	0.612512	0.612512	N/A	0.52935	0.535941	0.0149706	0.535288	0.52176	0.516219	0.534014	0.525064	0.514261	0.507897	0.527417	0.503719	0.512667	0.506591	0.513908
N0.HOG0001078	0.601002	0.546951	0.530432	0.520023	0.00608963	0.512107	0.00957497	0.50492	0.50492	0.505207	0.505207	0.508868	0.523789	1.53576e-11	0.517541	0.612512	0.612512	N/A	0.52935	0.535941	0.529519	0.518134	0.511063	0.50821	0.534014	0.525064	0.514261	0.507897	0.527417	0.503719	0.512667	0.506591	0.513908
N0.HOG0001081	0.0527395	0.546951	0.530432	0.520023	0.512107	0.0181232	0.00957497	0.50492	0.50492	0.505207	0.505207	0.508868	0.523789	0.517541	0.000156554	0.612512	0.612512	N/A	0.52935	0.535941	0.529519	0.518134	0.511063	0.50821	0.534014	0.525064	0.514261	0.507897	0.527417	0.503719	0.512667	0.506591	0.513908
N0.HOG0001086	0.601002	0.0698472	0.530432	0.5	0.5	0.5	0.5	0.5	0.5	0.5	0.5	0.5	0.5	0.5	0.5	0.0589792	0.165187	N/A	0.52935	0.535941	0.529519	0.518134	0.0165633	0.5	0.0507211	0.5	0.5	0.5	0.5	0.5	0.5	0.5	0.513908
N0.HOG0001091	0.601002	0.0698472	0.0454098	0.0299322	0.512107	0.0181232	0.518973	0.50492	0.50492	0.505207	0.505207	0.508868	0.523789	0.517541	0.0262332	0.165187	0.612512	N/A	0.52935	0.535941	0.529519	0.518134	0.511063	0.50821	0.534014	0.525064	0.514261	0.507897	0.527417	0.503719	0.512667	0.506591	0.513908
N0.HOG0001099	0.601002	0.0480119	0.0872019	0.0582852	0.523776	0.523776	0.536874	0.50492	0.50492	0.505207	0.505207	0.508868	0.545895	0.0512521	0.534164	0.612512	0.612512	N/A	0.52935	0.0182811	0.55645	0.535288	0.52176	0.516219	0.564597	0.548259	0.041875	0.515607	0.0789207	0.503719	0.524855	0.513052	0.513908
N0.HOG0001107	0.601002	0.587395	0.000586143	0.538851	0.523776	0.0356655	0.518973	0.50492	0.50492	0.510332	0.0154981	0.517502	0.523789	0.517541	0.517541	0.612512	0.612512	N/A	0.52935	0.535941	0.0149706	0.535288	0.52176	0.516219	0.534014	0.525064	0.514261	0.507897	0.013891	0.507396	0.512667	0.506591	0.513908
N0.HOG0001108	0.601002	0.0239982	0.0154403	0.520023	0.0181232	0.00608963	0.518973	0.00246603	0.50492	0.00261004	0.505207	0.508868	0.523789	0.517541	0.517541	0.612512	0.612512	N/A	0.52935	0.535941	0.529519	0.518134	0.511063	0.50821	0.534014	0.525064	0.514261	0.507897	0.527417	0.503719	0.512667	0.506591	0.513908
N0.HOG0001114	0.601002	0.0011545	0.530432	0.520023	0.535024	0.535024	0.00957497	0.50492	0.50492	0.505207	0.505207	0.00445369	0.523789	0.517541	0.517541	0.612512	0.612512	N/A	0.52935	0.535941	0.529519	0.518134	0.511063	3.39815e-05	0.534014	0.525064	0.514261	0.507897	0.527417	0.503719	0.512667	0.506591	0.513908
N0.HOG0001115	0.601002	0.0480119	0.558115	0.0582852	0.523776	0.0356655	0.00957497	0.50492	0.50492	0.505207	0.505207	0.508868	0.523789	0.517541	0.517541	0.612512	0.612512	N/A	0.52935	0.535941	0.0149706	0.535288	0.52176	0.516219	0.534014	0.525064	0.514261	0.507897	0.527417	0.503719	0.512667	0.506591	0.513908
N0.HOG0001118	0.601002	0.5	0.5	0.5	0.5	0.5	0.518973	0.5	0.5	0.5	0.5	0.5	0.523789	0.517541	0.0262332	0.165187	0.612512	N/A	0.52935	0.535941	0.044054	0.5	0.5	0.5	0.534014	0.525064	0.0213398	0.507897	0.0409321	0.5	0.512667	0.506591	0.513908
N0.HOG0001126	0.601002	0.0239982	0.530432	0.520023	0.00608963	0.512107	0.00957497	0.50492	0.50492	0.505207	0.505207	0.508868	0.0120327	0.00884604	0.517541	0.612512	0.612512	N/A	0.52935	0.535941	0.529519	0.518134	0.511063	0.50821	0.534014	0.525064	0.514261	0.507897	0.527417	0.503719	0.512667	0.506591	0.513908
N0.HOG0001127	0.601002	0.546951	0.530432	0.538851	0.0356655	0.523776	0.518973	0.00246603	0.50492	0.510332	0.510332	0.517502	0.523789	0.517541	0.00884604	0.612512	0.612512	N/A	0.52935	0.535941	0.529519	0.518134	0.00556166	0.516219	0.534014	0.525064	0.514261	0.507897	0.013891	0.507396	0.512667	0.506591	0.513908
N0.HOG0001133	0.672517	0.587395	0.0308833	0.538851	3.54852e-06	0.523776	0.536874	0.509768	0.509768	0.520345	8.33773e-05	0.53409	0.545895	0.534164	0.534164	0.28447	0.28447	N/A	0.556142	0.568055	0.55645	0.535288	0.52176	0.516219	0.564597	0.548259	0.527915	0.515607	0.00188906	0.514628	0.524855	0.513052	0.527239
N0.HOG0001134	0.601002	6.18376e-09	0.530432	0.520023	0.512107	0.512107	0.518973	0.50492	0.50492	0.505207	0.505207	0.508868	0.523789	0.517541	0.517541	0.612512	0.165187	N/A	0.52935	0.535941	0.529519	0.518134	0.511063	0.50821	0.534014	0.525064	0.514261	0.507897	0.527417	0.503719	0.512667	0.506591	0.513908
N0.HOG0001136	0.601002	0.0011545	0.530432	0.520023	0.00608963	0.512107	0.518973	0.50492	0.50492	0.505207	0.505207	0.508868	0.0120327	0.517541	0.517541	0.0589792	0.612512	N/A	0.52935	0.535941	0.529519	0.518134	0.511063	0.50821	0.534014	0.525064	0.514261	0.507897	0.527417	0.503719	0.512667	0.506591	0.513908
N0.HOG0001139	0.601002	0.546951	0.530432	0.520023	0.512107	0.512107	0.536874	0.509768	0.0146514	0.510332	0.510332	0.026253	0.545895	0.534164	0.0512521	0.612512	0.612512	N/A	0.52935	0.535941	0.529519	0.518134	0.511063	0.50821	0.0172857	0.548259	0.527915	0.515607	0.5526	0.507396	0.524855	0.513052	0.513908
N0.HOG0001142	0.259892	0.587395	0.558115	0.00023588	0.523776	0.0356655	0.536874	0.50492	0.50492	0.505207	0.00261004	0.0132828	0.545895	0.534164	0.000177716	0.01204	0.688607	N/A	0.556142	0.568055	0.55645	0.535288	0.52176	0.516219	0.564597	0.548259	0.041875	0.515607	0.0789207	0.503719	0.524855	0.513052	0.527239
N0.HOG0001143	0.601002	0.546951	0.000477263	0.520023	0.512107	0.00608963	0.518973	0.50492	0.50492	0.505207	0.505207	0.508868	0.0120327	0.517541	0.00884604	0.612512	0.165187	N/A	0.52935	0.535941	0.529519	0.518134	0.511063	0.50821	0.534014	0.525064	0.514261	0.507897	0.527417	0.503719	0.512667	0.506591	0.513908
N0.HOG0001145	0.601002	5.55403e-05	0.530432	0.520023	0.00608963	0.512107	0.518973	0.50492	0.50492	0.505207	0.505207	0.508868	0.523789	0.517541	0.517541	0.612512	0.612512	N/A	0.52935	0.535941	0.529519	0.518134	0.511063	0.50821	0.534014	0.525064	0.514261	0.507897	0.527417	0.503719	0.512667	0.506591	0.513908
N0.HOG0001147	0.601002	0.0011545	0.530432	0.520023	0.00608963	0.512107	0.00957497	0.50492	0.50492	0.505207	0.505207	0.508868	0.523789	0.00884604	0.517541	0.688607	0.688607	N/A	0.0842396	0.535941	0.529519	0.518134	0.511063	0.50821	0.534014	0.525064	0.514261	0.507897	0.527417	0.503719	0.512667	0.506591	0.527239
N0.HOG0001150	0.601002	0.00020641	0.558115	0.520023	0.0181232	0.512107	0.518973	0.50492	0.50492	0.505207	0.505207	0.508868	0.000289738	0.517541	0.517541	0.612512	0.165187	N/A	0.52935	0.535941	0.0149706	0.535288	0.0326411	0.50821	0.534014	0.525064	0.514261	0.507897	0.527417	0.503719	0.512667	0.506591	0.513908
N0.HOG0001157	0.0527395	0.546951	0.530432	0.520023	0.00608963	0.512107	0.536874	0.509768	0.0146514	0.0154981	0.510332	0.517502	0.523789	0.517541	0.517541	0.612512	0.612512	N/A	0.52935	0.535941	0.529519	0.518134	0.511063	0.50821	0.0172857	0.548259	0.527915	0.515607	0.5526	0.507396	0.0372852	0.506591	0.513908
N0.HOG0001158	0.601002	5.55403e-05	0.530432	0.520023	0.512107	0.512107	0.00957497	0.50492	0.50492	0.505207	0.505207	0.508868	0.523789	0.517541	0.517541	0.0589792	0.612512	N/A	0.52935	0.535941	0.529519	0.518134	0.511063	0.50821	0.534014	0.525064	0.514261	0.507897	0.527417	0.503719	0.512667	0.506591	0.513908
N0.HOG0001159	0.148657	0.587395	0.558115	0.0582852	0.0121793	0.0356655	0.518973	0.50492	0.50492	0.505207	0.505207	0.508868	0.0120327	0.00884604	0.517541	0.612512	0.612512	N/A	0.52935	0.535941	0.0149706	0.535288	0.52176	0.516219	0.534014	0.525064	0.514261	0.507897	0.527417	0.503719	0.512667	0.506591	0.513908
N0.HOG0001160	0.601002	0.587395	0.558115	0.0582852	0.0356655	0.523776	0.518973	0.00246603	0.50492	0.00261004	0.505207	0.508868	0.523789	0.517541	0.517541	0.612512	0.612512	N/A	0.52935	0.535941	0.0149706	0.535288	0.52176	0.516219	0.534014	0.525064	0.514261	0.507897	0.527417	0.503719	0.512667	0.506591	0.513908
N0.HOG0001161	0.259892	0.587395	0.558115	0.0582852	0.523776	0.0356655	0.518973	0.50492	0.50492	0.505207	0.505207	0.508868	0.545895	0.534164	0.0176924	0.28447	0.688607	N/A	0.556142	0.568055	0.55645	0.535288	0.52176	0.516219	0.564597	0.0724038	0.514261	0.515607	0.0789207	0.503719	0.524855	0.513052	0.527239
N0.HOG0001166	0.601002	0.546951	0.530432	0.538851	0.523776	0.0356655	0.518973	0.50492	0.50492	0.505207	0.505207	0.508868	0.523789	0.00884604	0.517541	0.165187	0.612512	N/A	0.52935	0.535941	0.529519	0.518134	0.00556166	0.516219	0.534014	0.525064	0.514261	0.507897	0.527417	0.503719	0.512667	0.506591	0.513908
N0.HOG0001168	0.00562696	0.0011545	0.530432	0.520023	0.00608963	0.512107	0.518973	0.50492	0.50492	0.505207	0.505207	0.508868	0.523789	0.517541	0.517541	0.612512	0.165187	N/A	0.52935	0.535941	0.529519	0.518134	0.511063	0.50821	0.534014	0.525064	0.514261	0.507897	0.527417	0.503719	0.512667	0.506591	0.513908
N0.HOG0001171	0.601002	0.546951	0.530432	0.520023	0.00608963	0.512107	0.518973	0.50492	0.50492	0.505207	0.505207	0.508868	0.0120327	0.00884604	0.0262332	0.612512	0.612512	N/A	0.52935	0.535941	0.529519	0.518134	0.511063	0.50821	0.534014	0.525064	0.514261	0.507897	0.527417	0.503719	0.512667	0.506591	0.513908
N0.HOG0001173	0.259892	0.0480119	0.530432	0.520023	0.00608963	0.512107	0.536874	0.50492	0.50492	0.505207	0.505207	0.508868	0.545895	0.534164	0.534164	0.28447	0.688607	N/A	0.556142	0.568055	0.55645	0.0529381	0.511063	0.50821	0.564597	0.548259	0.041875	0.515607	0.0789207	0.503719	0.524855	0.513052	0.527239
N0.HOG0001179	0.259892	0.0041526	0.0615034	0.573235	0.556327	0.556327	0.553769	0.514544	0.0218339	0.520345	0.520345	0.53409	0.036067	0.534164	0.534164	0.688607	0.688607	N/A	0.556142	0.0365674	0.581045	0.0274294	0.54211	0.016482	0.592133	0.569739	0.54099	0.523135	0.041626	0.514628	0.536584	0.0291119	0.527239
N0.HOG0001181	0.601002	0.0239982	0.530432	0.520023	7.41783e-05	0.512107	0.00957497	0.50492	0.50492	0.505207	0.505207	0.508868	0.523789	0.517541	0.517541	0.612512	0.612512	N/A	0.52935	0.535941	0.529519	0.518134	0.511063	0.50821	0.534014	0.525064	0.514261	0.507897	0.527417	0.503719	0.512667	0.506591	0.513908
N0.HOG0001185	0.601002	0.0239982	0.530432	0.520023	0.00608963	0.512107	0.00957497	0.50492	0.50492	0.505207	0.505207	0.508868	0.0120327	0.517541	0.517541	0.612512	0.0589792	N/A	0.52935	0.535941	0.529519	0.518134	0.511063	0.50821	0.534014	0.525064	0.514261	0.507897	0.527417	0.503719	0.512667	0.506591	0.513908
N0.HOG0001187	0.601002	0.0011545	0.530432	0.520023	0.00608963	0.512107	0.00957497	0.50492	0.50492	0.505207	0.505207	0.508868	0.0120327	0.00884604	0.517541	0.612512	0.612512	N/A	0.52935	0.535941	0.529519	0.518134	0.511063	0.50821	0.534014	0.525064	0.514261	0.507897	0.527417	0.503719	0.512667	0.506591	0.513908
N0.HOG0001190	0.148657	0.0239982	0.530432	0.520023	0.00608963	0.512107	0.518973	0.50492	0.50492	0.505207	0.505207	0.508868	0.523789	0.00884604	0.517541	0.612512	0.0589792	N/A	0.52935	0.535941	0.529519	0.518134	0.511063	0.50821	0.534014	0.525064	0.514261	0.507897	0.527417	0.503719	0.512667	0.506591	0.513908
N0.HOG0001193	0.601002	1.2854e-07	0.530432	0.520023	9.03571e-07	0.512107	0.518973	0.50492	0.50492	0.505207	0.505207	0.508868	0.523789	0.517541	0.00884604	0.0589792	0.165187	N/A	0.52935	0.535941	0.529519	0.518134	0.511063	0.50821	0.534014	0.525064	0.514261	0.507897	0.527417	0.503719	0.512667	0.506591	0.513908
N0.HOG0001194	0.0527395	0.546951	0.530432	0.520023	0.00608963	0.512107	0.518973	0.50492	0.50492	0.505207	0.505207	0.508868	0.0120327	0.00884604	0.517541	0.612512	0.165187	N/A	0.52935	0.535941	0.529519	0.518134	0.511063	0.50821	0.534014	0.525064	0.514261	0.507897	0.527417	0.503719	0.512667	0.506591	0.513908
N0.HOG0001199	0.601002	0.0698472	0.530432	0.520023	0.512107	0.512107	0.0191503	0.0146514	0.509768	0.505207	0.505207	0.508868	0.523789	0.517541	0.517541	0.612512	0.612512	N/A	0.52935	0.535941	0.529519	0.518134	0.511063	0.50821	0.534014	0.0126847	0.527915	0.507897	0.527417	0.503719	0.512667	0.506591	0.513908
N0.HOG0001200	0.601002	0.587395	0.558115	0.0582852	0.0121793	0.0356655	0.518973	0.00246603	0.50492	0.505207	0.505207	0.508868	0.0120327	0.517541	0.517541	0.612512	0.612512	N/A	0.52935	0.535941	0.0149706	0.535288	0.52176	0.516219	0.534014	0.525064	0.514261	0.507897	0.527417	0.503719	0.512667	0.506591	0.513908
N0.HOG0001203	0.601002	0.0239982	0.530432	0.520023	0.00156136	0.54587	0.518973	0.50492	0.50492	0.505207	0.505207	0.508868	0.523789	0.517541	0.517541	0.612512	0.612512	N/A	0.52935	0.535941	0.529519	0.518134	0.511063	2.80152e-07	0.534014	0.525064	0.514261	0.507897	0.527417	0.503719	0.512667	0.506591	0.513908
N0.HOG0001207	0.601002	0.0239982	0.530432	0.520023	0.00608963	0.512107	0.00957497	0.50492	0.50492	0.505207	0.505207	0.508868	0.0120327	0.517541	0.517541	0.612512	0.0589792	N/A	0.52935	0.535941	0.529519	0.518134	0.511063	0.50821	0.534014	0.525064	0.514261	0.507897	0.527417	0.503719	0.512667	0.506591	0.513908
N0.HOG0001208	0.148657	5.55403e-05	0.530432	0.520023	0.512107	0.512107	0.518973	0.50492	0.50492	0.505207	0.505207	0.508868	0.523789	0.534164	0.534164	0.612512	0.612512	N/A	0.52935	0.535941	0.529519	0.518134	0.511063	0.50821	0.534014	0.525064	0.514261	0.507897	0.527417	0.503719	0.512667	0.00330632	0.513908
N0.HOG0001221	0.0527395	0.546951	0.530432	0.520023	0.00608963	0.512107	0.536874	0.509768	0.0146514	0.505207	0.00261004	0.508868	0.0120327	0.517541	0.517541	0.612512	0.0589792	N/A	0.52935	0.535941	0.529519	0.518134	0.511063	0.50821	0.534014	0.0126847	0.527915	0.507897	0.527417	0.503719	0.512667	0.506591	0.513908
N0.HOG0001227	0.601002	0.0239982	0.530432	0.520023	0.00608963	0.512107	0.518973	0.50492	0.50492	0.505207	0.00780307	0.508868	0.523789	0.517541	0.00884604	0.612512	0.612512	N/A	0.52935	0.535941	0.529519	0.518134	0.511063	0.50821	0.534014	0.525064	0.514261	0.507897	0.527417	0.503719	0.512667	0.506591	0.513908
N0.HOG0001230	0.601002	0.00020641	0.558115	0.0582852	8.118e-05	0.523776	0.518973	0.50492	0.50492	0.505207	0.505207	0.508868	0.523789	0.517541	0.517541	0.612512	0.612512	N/A	0.52935	0.535941	0.0149706	0.535288	0.52176	0.516219	0.534014	0.525064	0.514261	0.507897	0.527417	0.503719	0.512667	0.506591	0.513908
N0.HOG0001233	0.601002	5.55403e-05	0.530432	0.520023	0.00608963	0.512107	0.518973	0.50492	0.50492	0.505207	0.505207	0.508868	0.523789	0.517541	0.517541	0.612512	0.612512	N/A	0.52935	0.535941	0.529519	0.518134	0.511063	0.50821	0.534014	0.525064	0.514261	0.507897	0.527417	0.503719	0.512667	0.506591	0.513908
N0.HOG0001235	0.601002	2.67192e-06	0.530432	0.520023	0.00608963	0.512107	0.00957497	0.50492	0.50492	0.505207	0.505207	0.508868	0.0120327	0.517541	0.517541	0.612512	0.612512	N/A	0.52935	0.535941	0.529519	0.518134	0.511063	0.50821	0.534014	0.525064	0.514261	0.507897	0.527417	0.503719	0.512667	0.506591	0.513908
N0.HOG0001236	0.601002	0.0239982	0.530432	0.520023	0.0181232	0.512107	0.536874	0.00493205	0.0146514	0.505207	0.505207	0.508868	0.523789	0.517541	0.517541	0.612512	0.612512	N/A	0.52935	0.535941	0.529519	0.518134	0.511063	0.50821	0.534014	0.0126847	0.527915	0.507897	0.527417	0.503719	0.512667	0.506591	0.513908
N0.HOG0001238	0.601002	0.0480119	0.530432	0.520023	0.00608963	0.512107	0.536874	0.50492	0.50492	0.510332	0.0154981	0.517502	0.545895	0.517541	0.517541	0.612512	0.612512	N/A	0.52935	0.0182811	0.55645	0.0529381	0.511063	0.50821	0.564597	0.548259	0.041875	0.515607	0.5526	0.507396	0.524855	0.0195784	0.513908
N0.HOG0001240	0.601002	0.0239982	0.530432	0.520023	0.523776	0.523776	0.00957497	0.50492	0.50492	0.505207	0.505207	0.508868	0.0120327	0.517541	0.517541	0.612512	0.0589792	N/A	0.52935	0.535941	0.529519	0.518134	0.511063	0.00412185	0.534014	0.525064	0.514261	0.507897	0.527417	0.503719	0.512667	0.506591	0.513908
N0.HOG0001241	0.601002	0.546951	0.0454098	0.0299322	0.00608963	0.0181232	0.518973	0.5	0.5	0.5	0.5	0.5	0.523789	0.517541	0.0262332	0.612512	0.612512	N/A	0.52935	0.535941	0.529519	0.518134	0.511063	0.50821	0.534014	0.525064	0.0213398	0.507897	0.0409321	0.5	0.512667	0.506591	0.513908
N0.HOG0001243	0.601002	5.55403e-05	0.530432	0.520023	0.00608963	0.512107	0.00957497	0.50492	0.50492	0.505207	0.505207	0.508868	0.0120327	0.517541	0.517541	0.612512	0.612512	N/A	0.52935	0.535941	0.529519	0.518134	0.511063	0.50821	0.534014	0.525064	0.514261	0.507897	0.527417	0.503719	0.512667	0.506591	0.513908
N0.HOG0001246	0.601002	0.546951	0.0454098	0.520023	0.512107	0.512107	1.36545e-05	0.509768	0.509768	0.505207	0.505207	0.508868	0.545895	0.534164	0.000771837	0.612512	0.612512	N/A	0.52935	0.535941	0.529519	0.518134	0.511063	0.50821	0.0172857	0.548259	0.527915	0.515607	0.0789207	0.503719	0.524855	0.513052	0.513908
N0.HOG0001248	0.601002	0.0239982	0.530432	0.520023	0.00608963	0.0181232	0.518973	0.00737393	0.50492	0.505207	0.505207	0.508868	0.000289738	0.517541	0.517541	0.612512	0.0589792	N/A	0.52935	0.535941	0.529519	0.518134	0.511063	0.50821	0.534014	0.525064	0.514261	0.507897	0.527417	0.503719	0.512667	0.506591	0.513908
N0.HOG0001250	0.672517	0.587395	0.558115	0.0202198	8.118e-05	0.523776	0.0191503	0.0146514	0.509768	0.510332	0.510332	0.517502	0.566448	0.549924	0.549924	0.688607	0.688607	N/A	0.556142	0.568055	0.55645	0.535288	0.52176	0.516219	0.564597	0.548259	0.527915	0.515607	0.5526	0.507396	0.0127466	0.519386	0.527239
N0.HOG0001259	0.601002	0.0239982	0.530432	0.520023	0.00608963	0.512107	0.00957497	0.50492	0.50492	0.505207	0.505207	0.508868	0.0120327	0.00884604	0.517541	0.0589792	0.612512	N/A	0.52935	0.535941	0.529519	0.518134	0.511063	0.50821	0.534014	0.525064	0.514261	0.507897	0.527417	0.503719	0.512667	0.506591	0.513908
N0.HOG0001260	0.00203342	0.546951	0.530432	0.520023	0.512107	0.512107	0.518973	0.50492	0.50492	0.505207	0.505207	0.508868	0.523789	0.517541	2.77063e-06	0.688607	0.688607	N/A	0.556142	0.10213	0.529519	0.518134	0.511063	0.50821	0.534014	0.525064	0.514261	0.507897	0.527417	0.503719	0.512667	0.506591	0.527239
N0.HOG0001264	0.601002	0.0239982	0.530432	0.520023	0.00608963	0.512107	0.00957497	0.50492	0.50492	0.505207	0.505207	0.508868	0.0120327	0.517541	0.517541	0.612512	0.612512	N/A	0.52935	0.535941	0.529519	0.518134	0.511063	0.50821	0.534014	0.525064	0.514261	0.507897	0.527417	0.503719	0.512667	0.506591	0.513908
N0.HOG0001267	0.601002	0.0239982	0.530432	0.520023	7.41783e-05	0.512107	0.518973	0.50492	0.50492	0.505207	0.505207	0.508868	0.0120327	0.517541	0.517541	0.612512	0.612512	N/A	0.52935	0.535941	0.529519	0.518134	0.511063	0.50821	0.534014	0.525064	0.514261	0.507897	0.527417	0.503719	0.512667	0.506591	0.513908
N0.HOG0001274	0.601002	0.0011545	0.530432	0.520023	7.41783e-05	0.512107	0.518973	0.50492	0.50492	0.505207	0.505207	0.508868	0.0120327	0.00884604	0.517541	0.0589792	0.612512	N/A	0.52935	0.535941	0.529519	0.518134	0.511063	0.50821	0.534014	0.525064	0.514261	0.507897	0.527417	0.503719	0.512667	0.506591	0.513908
N0.HOG0001275	0.148657	0.546951	0.530432	0.520023	0.512107	0.512107	0.518973	0.50492	0.50492	0.00782976	0.0230869	0.525906	0.545895	0.534164	0.534164	0.612512	0.612512	N/A	0.52935	0.535941	0.529519	0.518134	0.511063	0.50821	0.534014	0.525064	0.514261	0.00396377	0.0277837	0.511032	0.524855	0.513052	0.513908
N0.HOG0001277	0.601002	0.0239982	0.530432	0.0101096	0.512107	0.512107	0.518973	0.50492	0.50492	0.505207	0.505207	0.508868	0.000289738	0.517541	0.517541	0.612512	0.612512	N/A	0.52935	0.535941	0.529519	0.518134	0.511063	0.50821	0.534014	0.525064	0.514261	0.507897	0.527417	0.503719	0.512667	0.506591	0.513908
N0.HOG0001278	0.0527395	0.0239982	0.530432	0.520023	0.00608963	0.512107	0.00957497	0.50492	0.50492	0.505207	0.505207	0.508868	0.523789	0.00884604	0.517541	0.612512	0.612512	N/A	0.52935	0.535941	0.529519	0.518134	0.511063	0.50821	0.534014	0.525064	0.514261	0.507897	0.527417	0.503719	0.512667	0.506591	0.513908
N0.HOG0001284	0.601002	0.546951	0.530432	0.00100618	8.118e-05	0.523776	0.536874	0.0146514	0.509768	0.510332	0.510332	0.517502	0.0688558	0.0512521	0.534164	0.165187	0.612512	N/A	0.52935	0.535941	0.529519	0.518134	0.00556166	0.516219	0.0172857	0.548259	0.527915	0.515607	0.5526	0.507396	0.524855	0.513052	0.513908
N0.HOG0001294	0.601002	0.546951	0.530432	0.520023	0.512107	0.512107	0.518973	0.50492	0.50492	0.505207	0.505207	0.508868	0.523789	2.77063e-06	0.0262332	0.165187	0.612512	N/A	0.52935	0.535941	0.529519	0.518134	0.511063	0.50821	0.534014	0.525064	0.514261	0.507897	0.527417	0.503719	0.512667	0.506591	0.513908
N0.HOG0001295	0.601002	5.55403e-05	0.530432	0.520023	7.41783e-05	0.512107	0.536874	0.0146514	0.509768	0.505207	0.505207	0.508868	0.0120327	0.517541	0.0262332	0.165187	0.612512	N/A	0.52935	0.535941	0.529519	0.518134	0.511063	0.50821	0.534014	0.0126847	0.527915	0.507897	0.527417	0.503719	0.512667	0.506591	0.513908
N0.HOG0001297	0.601002	0.0239982	0.0454098	0.520023	9.03571e-07	0.512107	0.518973	0.50492	0.50492	0.505207	0.505207	0.508868	0.523789	0.517541	0.517541	0.612512	0.612512	N/A	0.52935	0.535941	0.529519	0.518134	0.511063	0.50821	0.534014	0.525064	0.514261	0.507897	0.527417	0.503719	0.512667	0.506591	0.513908
N0.HOG0001303	0.148657	0.546951	0.0454098	0.0299322	0.512107	0.0181232	0.518973	0.5	0.5	0.00780307	0.505207	0.508868	0.5	0.5	0.5	0.612512	0.612512	N/A	0.52935	0.535941	0.529519	0.518134	0.511063	0.50821	0.534014	0.525064	0.0213398	0.507897	0.527417	0.503719	0.0189604	0.5	0.513908
N0.HOG0001305	0.00562696	0.546951	0.530432	0.520023	0.00608963	0.512107	0.518973	0.50492	0.50492	0.505207	0.505207	0.508868	0.0355391	0.517541	0.00884604	0.612512	0.612512	N/A	0.52935	0.535941	0.529519	0.518134	0.511063	0.50821	0.534014	0.525064	0.514261	0.507897	0.527417	0.503719	0.512667	0.506591	0.513908
N0.HOG0001310	0.601002	0.0011545	0.530432	0.520023	7.41783e-05	0.512107	0.00957497	0.50492	0.50492	0.505207	0.505207	0.508868	0.523789	0.517541	0.517541	0.612512	0.612512	N/A	0.52935	0.535941	0.529519	0.518134	0.511063	0.50821	0.534014	0.525064	0.514261	0.507897	0.527417	0.503719	0.512667	0.506591	0.513908
N0.HOG0001313	0.601002	0.587395	0.558115	0.538851	0.0356655	0.523776	0.518973	0.50492	0.50492	0.510332	6.78414e-05	0.517502	0.0120327	0.517541	0.517541	0.612512	0.612512	N/A	0.52935	0.535941	0.0149706	0.535288	0.52176	0.516219	0.534014	0.525064	0.514261	0.507897	0.013891	0.507396	0.512667	0.506591	0.513908
N0.HOG0001314	0.601002	0.0011545	0.530432	0.520023	0.00608963	0.512107	0.00957497	0.50492	0.50492	0.505207	0.505207	0.508868	0.523789	0.517541	0.517541	0.612512	0.612512	N/A	0.52935	0.535941	0.529519	0.518134	0.511063	0.50821	0.534014	0.525064	0.514261	0.507897	0.527417	0.503719	0.512667	0.506591	0.513908
N0.HOG0001319	0.601002	0.0698472	0.0454098	0.0299322	0.512107	0.0181232	0.5	0.5	0.5	0.5	0.5	0.5	0.523789	0.5	0.5	0.165187	0.0589792	N/A	0.52935	0.535941	0.529519	0.518134	0.511063	0.50821	0.534014	0.0374342	0.5	0.507897	0.0409321	0.5	0.512667	0.00987568	0.513908
N0.HOG0001322	0.601002	0.0480119	0.558115	0.0582852	0.0121793	0.0356655	0.518973	0.50492	0.50492	0.505207	0.505207	0.508868	0.0120327	0.517541	0.517541	0.612512	0.612512	N/A	0.52935	0.535941	0.0149706	0.535288	0.52176	0.516219	0.534014	0.525064	0.514261	0.507897	0.527417	0.503719	0.512667	0.506591	0.513908
N0.HOG0001332	0.601002	0.0239982	0.530432	0.520023	0.512107	0.512107	0.518973	0.50492	0.00246603	0.00261004	0.505207	0.508868	0.523789	0.517541	0.517541	0.612512	0.612512	N/A	0.52935	0.535941	0.529519	0.518134	0.511063	0.50821	0.534014	0.525064	0.514261	0.507897	0.527417	0.503719	0.512667	0.506591	0.513908
N0.HOG0001343	0.601002	2.67192e-06	0.530432	0.520023	0.512107	0.00608963	0.518973	0.50492	0.50492	0.505207	0.505207	0.00445369	0.523789	0.517541	0.517541	0.612512	0.612512	N/A	0.52935	0.535941	0.529519	0.518134	0.511063	0.50821	0.534014	0.525064	0.514261	0.507897	0.527417	0.503719	0.512667	0.506591	0.513908
N0.HOG0001346	0.601002	0.546951	0.530432	0.520023	0.0181232	0.512107	0.518973	0.50492	0.50492	0.505207	0.00780307	0.508868	0.0120327	0.00884604	0.517541	0.612512	0.0589792	N/A	0.52935	0.535941	0.529519	0.518134	0.511063	0.50821	0.534014	0.525064	0.514261	0.507897	0.527417	0.503719	0.512667	0.506591	0.513908
N0.HOG0001351	0.148657	0.0698472	0.0154403	0.520023	0.512107	0.512107	0.536874	0.0146514	0.509768	0.0154981	0.510332	0.517502	0.545895	0.534164	0.534164	0.612512	0.612512	N/A	0.52935	0.535941	0.529519	0.518134	0.511063	0.50821	0.0172857	0.548259	0.527915	0.515607	0.5526	0.507396	0.524855	0.513052	0.513908
N0.HOG0001352	0.601002	0.0239982	0.530432	0.520023	0.00608963	0.512107	0.518973	0.50492	0.50492	0.505207	0.505207	0.508868	0.0240663	0.534164	0.0512521	0.0589792	0.612512	N/A	0.52935	0.535941	0.529519	0.518134	0.511063	0.50821	0.534014	0.525064	0.514261	0.507897	0.527417	0.503719	0.00637328	0.513052	0.513908
N0.HOG0001353	0.148657	0.0239982	0.530432	0.520023	0.00608963	0.512107	0.00957497	0.50492	0.50492	0.505207	0.505207	0.508868	0.523789	0.517541	0.000156554	0.612512	0.165187	N/A	0.52935	0.535941	0.529519	0.518134	0.511063	0.50821	0.534014	0.525064	0.514261	0.507897	0.527417	0.503719	0.512667	0.506591	0.513908
N0.HOG0001360	0.259892	0.587395	0.0872019	0.538851	0.523776	0.0356655	0.000903289	0.509768	0.0146514	0.505207	0.505207	0.508868	0.545895	0.0176924	0.000177716	0.28447	0.688607	N/A	0.556142	0.568055	0.55645	0.535288	0.52176	0.516219	0.564597	0.548259	0.527915	0.515607	0.0789207	0.503719	0.524855	0.513052	0.527239
N0.HOG0001362	0.601002	0.0239982	0.530432	0.520023	0.512107	0.0181232	6.73161e-08	0.50492	0.50492	0.505207	0.505207	0.508868	0.0120327	0.00884604	0.0262332	0.0589792	0.165187	N/A	0.52935	0.535941	0.529519	0.518134	0.511063	0.50821	0.534014	0.525064	0.514261	0.507897	0.527417	0.503719	0.512667	0.506591	0.513908
N0.HOG0001372	0.601002	0.0239982	0.530432	0.0101096	0.512107	0.512107	0.00957497	0.50492	0.50492	0.505207	0.505207	0.508868	0.523789	0.517541	0.00884604	0.612512	0.612512	N/A	0.52935	0.535941	0.529519	0.518134	0.511063	0.50821	0.534014	0.525064	0.514261	0.507897	0.527417	0.503719	0.512667	0.506591	0.513908
N0.HOG0001380	0.601002	0.0011545	0.530432	0.520023	0.00608963	0.512107	0.518973	0.50492	0.50492	0.505207	0.505207	0.508868	0.0120327	0.517541	0.517541	0.612512	0.612512	N/A	0.52935	0.535941	0.529519	0.518134	0.511063	0.50821	0.534014	0.525064	0.514261	0.507897	0.527417	0.503719	0.512667	0.506591	0.513908
N0.HOG0001383	0.601002	0.546951	0.530432	0.5	0.5	0.5	0.518973	0.50492	0.50492	0.510332	0.510332	0.026253	0.0240663	0.0176924	0.534164	0.612512	0.612512	N/A	0.52935	0.535941	0.529519	0.518134	0.0165633	0.5	0.534014	0.525064	0.514261	0.00396377	0.5526	0.507396	0.524855	0.513052	0.513908
N0.HOG0001384	0.601002	0.546951	0.530432	0.520023	7.41783e-05	0.0181232	0.536874	0.509768	0.509768	0.510332	0.00522007	0.517502	0.0240663	0.0176924	0.534164	0.165187	0.612512	N/A	0.52935	0.535941	0.529519	0.518134	0.511063	0.50821	0.0172857	0.548259	0.527915	0.515607	0.5526	0.507396	0.524855	0.513052	0.513908
N0.HOG0001390	0.601002	0.0011545	0.530432	0.520023	7.41783e-05	0.512107	0.518973	0.50492	0.50492	0.505207	0.505207	0.508868	0.523789	0.517541	0.517541	0.612512	0.165187	N/A	0.52935	0.535941	0.529519	0.518134	0.511063	0.50821	0.534014	0.525064	0.514261	0.507897	0.527417	0.503719	0.512667	0.506591	0.513908
N0.HOG0001395	0.601002	0.0698472	0.0454098	0.0299322	0.512107	0.0181232	0.5	0.5	0.5	0.5	0.5	0.5	0.5	0.5	0.5	0.612512	0.165187	N/A	0.52935	0.535941	0.529519	0.518134	0.511063	0.50821	0.0507211	0.5	0.5	0.5	0.5	0.5	0.5	0.5	0.513908
N0.HOG0001400	0.148657	0.0698472	0.0454098	0.520023	0.5	0.5	0.518973	0.50492	0.50492	0.505207	0.00780307	0.508868	0.0355391	0.0262332	0.517541	0.612512	0.165187	N/A	0.52935	0.535941	0.529519	0.518134	0.511063	0.0122984	0.534014	0.525064	0.514261	0.507897	0.527417	0.503719	0.512667	0.506591	0.513908
N0.HOG0001401	0.601002	0.546951	0.530432	0.0299322	0.512107	0.512107	0.518973	0.5	0.5	0.00780307	0.505207	0.0132828	0.523789	0.517541	0.517541	0.165187	0.612512	N/A	0.52935	0.535941	0.529519	0.518134	0.511063	0.50821	0.534014	0.525064	0.0213398	0.507897	0.527417	0.503719	0.512667	0.506591	0.513908
N0.HOG0001402	0.601002	0.0011545	0.530432	0.520023	0.512107	0.0181232	0.518973	0.50492	0.50492	0.505207	0.00780307	0.508868	0.523789	0.517541	0.517541	0.612512	0.612512	N/A	0.52935	0.535941	0.529519	0.518134	0.511063	0.50821	0.534014	0.525064	0.514261	0.507897	0.527417	0.503719	0.512667	0.506591	0.513908
N0.HOG0001410	0.601002	0.546951	0.530432	0.520023	0.00608963	0.512107	0.518973	0.50492	0.50492	0.505207	0.505207	0.508868	0.036067	0.0265254	0.549924	0.612512	0.0589792	N/A	0.52935	0.535941	0.529519	0.518134	0.511063	0.50821	0.534014	0.525064	0.514261	0.507897	0.527417	0.503719	8.12507e-05	0.519386	0.513908
N0.HOG0001414	0.601002	0.546951	0.530432	0.520023	0.535024	0.535024	0.518973	0.50492	0.50492	0.505207	0.505207	0.508868	0.0120327	0.517541	0.517541	0.612512	0.612512	N/A	0.52935	0.535941	0.529519	0.518134	0.511063	3.39815e-05	0.534014	0.525064	0.514261	0.507897	0.527417	0.503719	0.512667	0.506591	0.513908
N0.HOG0001415	0.148657	0.546951	0.530432	0.0299322	0.512107	0.00608963	0.00957497	0.50492	0.50492	0.505207	0.505207	0.508868	0.0120327	0.517541	0.517541	0.612512	0.612512	N/A	0.52935	0.535941	0.529519	0.518134	0.511063	0.50821	0.534014	0.525064	0.514261	0.507897	0.527417	0.503719	0.512667	0.506591	0.513908
N0.HOG0001419	0.259892	0.0717753	0.125713	2.07331e-12	0.54587	0.000464459	0.518973	0.50492	0.50492	0.505207	0.505207	0.508868	0.523789	0.517541	0.517541	0.688607	0.28447	N/A	0.556142	0.568055	0.0299435	0.55152	0.0166817	0.531653	0.096936	0.525064	0.514261	0.507897	0.527417	0.503719	0.512667	0.506591	0.527239
N0.HOG0001423	0.601002	0.587395	0.0872019	0.538851	0.0121793	0.0356655	0.518973	0.50492	0.50492	0.505207	0.505207	0.508868	0.0355391	0.517541	0.0262332	0.612512	0.612512	N/A	0.52935	0.535941	0.0149706	0.535288	0.52176	0.516219	0.534014	0.525064	0.514261	0.507897	0.527417	0.503719	0.512667	0.506591	0.513908
N0.HOG0001424	0.601002	5.55403e-05	0.530432	0.520023	0.00608963	0.512107	0.518973	0.00246603	0.50492	0.510332	0.510332	0.517502	0.523789	0.517541	0.517541	0.612512	0.612512	N/A	0.52935	0.535941	0.529519	0.518134	0.511063	0.50821	0.534014	0.525064	0.514261	0.507897	0.013891	0.507396	0.512667	0.506591	0.513908
N0.HOG0001445	0.0527395	0.0011545	0.530432	0.520023	0.00608963	0.512107	0.518973	0.50492	0.50492	0.00261004	0.505207	0.508868	0.523789	0.517541	0.517541	0.612512	0.612512	N/A	0.52935	0.535941	0.529519	0.518134	0.511063	0.50821	0.534014	0.525064	0.514261	0.507897	0.527417	0.503719	0.512667	0.506591	0.513908
N0.HOG0001447	0.601002	0.546951	0.0308833	0.0202198	8.118e-05	0.523776	0.518973	0.50492	0.50492	0.505207	0.505207	0.508868	0.523789	0.517541	0.517541	0.612512	0.165187	N/A	0.52935	0.535941	0.529519	0.00914782	0.52176	0.516219	0.534014	0.525064	0.514261	0.507897	0.527417	0.503719	0.512667	0.506591	0.513908
N0.HOG0001449	0.601002	0.0011545	0.530432	0.520023	0.00608963	0.512107	0.00957497	0.50492	0.50492	0.505207	0.505207	0.508868	0.523789	0.517541	0.517541	0.612512	0.612512	N/A	0.52935	0.535941	0.529519	0.518134	0.511063	0.50821	0.534014	0.525064	0.514261	0.507897	0.527417	0.503719	0.512667	0.506591	0.513908
N0.HOG0001452	0.601002	0.0011545	0.530432	0.520023	0.523776	0.523776	0.518973	0.50492	0.50492	0.505207	0.505207	0.508868	0.0120327	0.517541	0.517541	0.612512	0.612512	N/A	0.52935	0.535941	0.529519	0.518134	0.511063	0.00412185	0.534014	0.525064	0.514261	0.507897	0.527417	0.503719	0.512667	0.506591	0.513908
N0.HOG0001455	0.601002	1.2854e-07	0.530432	0.0101096	0.512107	0.512107	0.518973	0.50492	0.50492	0.505207	0.505207	0.508868	0.523789	0.517541	0.517541	0.612512	0.612512	N/A	0.52935	0.535941	0.529519	0.518134	0.511063	0.50821	0.534014	0.525064	0.514261	0.507897	0.527417	0.503719	0.512667	0.506591	0.513908
N0.HOG0001460	0.601002	2.67192e-06	0.530432	0.520023	0.00608963	0.512107	0.00957497	0.50492	0.50492	0.505207	0.505207	0.508868	0.0120327	0.517541	0.517541	0.612512	0.612512	N/A	0.52935	0.535941	0.529519	0.518134	0.511063	0.50821	0.534014	0.525064	0.514261	0.507897	0.527417	0.503719	0.512667	0.506591	0.513908
N0.HOG0001467	0.601002	0.546951	0.530432	0.520023	7.41783e-05	0.512107	0.00957497	0.50492	0.50492	0.505207	0.505207	0.0132828	0.523789	0.517541	0.517541	0.612512	0.612512	N/A	0.52935	0.535941	0.529519	0.518134	0.511063	0.50821	0.534014	0.525064	0.514261	0.507897	0.527417	0.503719	0.512667	0.506591	0.513908
N0.HOG0001476	0.601002	0.0011545	0.530432	0.520023	7.41783e-05	0.512107	0.518973	0.50492	0.50492	0.505207	0.505207	0.508868	0.0120327	0.517541	0.517541	0.612512	0.612512	N/A	0.52935	0.535941	0.529519	0.518134	0.511063	0.50821	0.534014	0.525064	0.514261	0.507897	0.527417	0.503719	0.512667	0.506591	0.513908
N0.HOG0001478	0.601002	0.0698472	0.0154403	0.0101096	0.0181232	0.512107	0.0283685	0.50492	0.50492	0.505207	0.505207	0.00445369	0.545895	0.534164	0.534164	0.612512	0.612512	N/A	0.52935	0.535941	0.529519	0.518134	0.511063	0.50821	0.534014	0.525064	0.514261	0.507897	0.527417	0.503719	0.00637328	0.513052	0.513908
N0.HOG0001480	0.00562696	0.546951	0.530432	0.520023	0.512107	0.512107	0.536874	0.509768	0.0146514	0.505207	0.505207	0.508868	0.523789	0.00884604	0.517541	0.612512	0.612512	N/A	0.52935	0.535941	0.529519	0.518134	0.511063	0.50821	0.534014	0.0126847	0.527915	0.507897	0.527417	0.503719	0.512667	0.506591	0.513908
N0.HOG0001481	0.601002	0.0480119	0.0872019	0.538851	0.0121793	0.0356655	0.00957497	0.50492	0.50492	0.505207	0.505207	0.508868	0.0120327	0.517541	0.517541	0.612512	0.612512	N/A	0.52935	0.535941	0.0149706	0.535288	0.52176	0.516219	0.534014	0.525064	0.514261	0.507897	0.527417	0.503719	0.512667	0.506591	0.513908
N0.HOG0001482	0.601002	0.546951	0.530432	0.520023	0.512107	0.512107	0.518973	0.50492	0.50492	0.505207	0.505207	0.508868	0.000178699	1.67408e-06	1.38605e-05	0.612512	0.612512	N/A	0.52935	0.535941	0.529519	0.518134	0.511063	0.50821	0.534014	0.525064	0.514261	0.507897	0.527417	0.503719	1.03584e-06	0.525595	0.513908
N0.HOG0001488	0.601002	0.0011545	0.530432	0.520023	0.00608963	0.512107	0.00957497	0.50492	0.50492	0.505207	0.505207	0.508868	0.523789	0.517541	0.517541	0.612512	0.612512	N/A	0.52935	0.535941	0.529519	0.518134	0.511063	0.50821	0.534014	0.525064	0.514261	0.507897	0.527417	0.503719	0.512667	0.506591	0.513908
N0.HOG0001502	0.601002	5.55403e-05	0.530432	0.520023	0.00608963	0.512107	0.518973	0.50492	0.50492	0.505207	0.505207	0.508868	0.523789	0.517541	0.00884604	0.612512	0.612512	N/A	0.52935	0.535941	0.529519	0.518134	0.511063	0.50821	0.534014	0.525064	0.514261	0.507897	0.527417	0.503719	0.512667	0.506591	0.513908
N0.HOG0001516	0.601002	0.587395	0.558115	0.0582852	0.523776	0.0356655	0.536874	0.509768	0.509768	0.510332	0.510332	0.517502	0.545895	0.534164	0.0512521	0.612512	0.165187	N/A	0.52935	0.0182811	0.55645	0.535288	0.52176	0.516219	0.564597	0.548259	0.527915	0.515607	0.5526	0.507396	0.524855	0.513052	0.513908
N0.HOG0001521	0.601002	0.0011545	0.530432	0.520023	9.03571e-07	0.512107	0.518973	0.50492	0.50492	0.505207	0.505207	0.508868	0.523789	0.517541	0.0262332	0.0589792	0.165187	N/A	0.52935	0.535941	0.529519	0.518134	0.511063	0.50821	0.534014	0.525064	0.514261	0.507897	0.527417	0.503719	0.512667	0.506591	0.513908
N0.HOG0001527	0.148657	0.546951	0.000477263	0.520023	0.512107	0.512107	0.518973	0.50492	0.50492	0.505207	0.00780307	0.508868	0.523789	0.517541	0.517541	0.0589792	0.612512	N/A	0.52935	0.535941	0.529519	0.518134	0.511063	0.50821	0.534014	0.525064	0.514261	0.507897	0.527417	0.503719	0.512667	0.506591	0.513908
N0.HOG0001531	0.601002	0.00154664	0.0308833	0.538851	0.512107	0.512107	0.536874	0.0146514	0.509768	0.505207	0.505207	0.508868	0.545895	0.0512521	0.534164	0.612512	0.612512	N/A	0.52935	0.0182811	0.55645	0.535288	0.52176	0.0243289	0.564597	0.548259	0.527915	0.515607	0.0789207	0.503719	0.524855	0.513052	0.513908
N0.HOG0001532	0.601002	0.546951	0.558115	0.0202198	0.000367311	0.0356655	0.518973	0.50492	0.50492	0.505207	0.505207	0.508868	0.523789	0.517541	0.517541	0.612512	0.612512	N/A	0.52935	0.535941	0.529519	0.00914782	0.52176	0.516219	0.534014	0.525064	0.514261	0.507897	0.527417	0.503719	0.512667	0.506591	0.513908
N0.HOG0001539	0.601002	0.0011545	0.530432	0.520023	7.41783e-05	0.512107	0.518973	0.50492	0.50492	0.505207	0.505207	0.508868	0.523789	0.00884604	0.517541	0.612512	0.612512	N/A	0.52935	0.535941	0.529519	0.518134	0.511063	0.50821	0.534014	0.525064	0.514261	0.507897	0.527417	0.503719	0.512667	0.506591	0.513908
N0.HOG0001545	0.601002	5.55403e-05	0.530432	0.520023	0.512107	0.512107	0.518973	0.50492	0.50492	0.505207	0.505207	0.508868	0.523789	0.517541	0.00884604	0.612512	0.612512	N/A	0.52935	0.535941	0.529519	0.518134	0.511063	0.50821	0.534014	0.525064	0.514261	0.507897	0.527417	0.503719	0.512667	0.506591	0.513908
N0.HOG0001546	0.0527395	5.55403e-05	0.530432	0.520023	0.00608963	0.512107	0.00957497	0.50492	0.50492	0.505207	0.505207	0.508868	0.0120327	0.517541	0.517541	0.612512	0.612512	N/A	0.52935	0.535941	0.529519	0.518134	0.511063	0.50821	0.534014	0.525064	0.514261	0.507897	0.527417	0.503719	0.512667	0.506591	0.513908
N0.HOG0001547	0.601002	0.0011545	0.530432	0.520023	0.00608963	0.512107	0.518973	0.50492	0.50492	0.505207	0.505207	0.508868	0.0120327	0.517541	0.517541	0.612512	0.612512	N/A	0.52935	0.535941	0.529519	0.518134	0.511063	0.50821	0.534014	0.525064	0.514261	0.507897	0.527417	0.503719	0.512667	0.506591	0.513908
N0.HOG0001560	0.601002	0.546951	0.530432	0.520023	0.00608963	0.512107	0.00957497	0.50492	0.50492	0.505207	0.505207	0.508868	0.0120327	0.00884604	0.517541	0.165187	0.612512	N/A	0.52935	0.535941	0.529519	0.518134	0.511063	0.50821	0.534014	0.525064	0.514261	0.507897	0.527417	0.503719	0.512667	0.506591	0.513908
N0.HOG0001566	0.259892	0.00020641	0.000586143	0.538851	0.0356655	0.523776	0.518973	0.50492	0.50492	0.0154981	0.510332	0.517502	0.523789	0.5	0.5	0.28447	0.118525	N/A	0.556142	0.568055	0.55645	0.535288	0.52176	0.516219	0.096936	0.525064	0.514261	0.507897	0.013891	0.507396	0.512667	0.00987568	0.527239
N0.HOG0001578	0.601002	5.55403e-05	0.530432	0.520023	0.00608963	0.512107	0.00957497	0.50492	0.50492	0.505207	0.505207	0.508868	0.523789	0.534164	0.534164	0.612512	0.612512	N/A	0.52935	0.535941	0.529519	0.518134	0.511063	0.50821	0.534014	0.525064	0.514261	0.507897	0.527417	0.503719	0.512667	0.00330632	0.513908
N0.HOG0001587	0.601002	0.546951	0.530432	1.15923e-19	0.0181232	0.512107	0.518973	0.50492	0.50492	0.505207	0.505207	0.508868	0.0355391	0.517541	0.517541	0.612512	0.612512	N/A	0.52935	0.535941	0.529519	0.518134	0.511063	0.50821	0.534014	0.525064	0.514261	0.507897	0.527417	0.503719	0.512667	0.506591	0.513908
N0.HOG0001589	0.601002	0.0480119	0.0872019	0.538851	0.0121793	0.523776	0.518973	0.50492	0.50492	0.505207	0.505207	0.0132828	0.523789	0.517541	0.517541	0.612512	0.612512	N/A	0.52935	0.535941	0.0149706	0.535288	0.52176	0.516219	0.534014	0.525064	0.514261	0.507897	0.527417	0.503719	0.512667	0.506591	0.513908
N0.HOG0001592	0.601002	0.546951	0.530432	0.520023	0.512107	0.512107	0.518973	0.50492	0.50492	0.505207	0.505207	0.508868	2.33066e-08	0.0176924	0.0512521	0.0589792	0.165187	N/A	0.52935	0.535941	0.529519	0.518134	0.511063	0.50821	0.534014	0.525064	0.514261	0.507897	0.527417	0.503719	0.00637328	0.513052	0.513908
N0.HOG0001605	0.601002	0.0239982	0.530432	0.520023	0.00608963	0.512107	0.536874	0.509768	0.0146514	0.505207	0.505207	0.508868	0.523789	0.517541	0.517541	0.612512	0.612512	N/A	0.52935	0.535941	0.529519	0.518134	0.511063	0.50821	0.534014	0.0126847	0.527915	0.507897	0.527417	0.503719	0.512667	0.506591	0.513908
N0.HOG0001608	0.601002	0.0698472	0.0454098	0.520023	0.5	0.5	0.518973	0.50492	0.50492	0.505207	0.00780307	0.508868	0.523789	0.517541	0.517541	0.612512	0.612512	N/A	0.52935	0.535941	0.529519	0.518134	0.511063	0.0122984	0.534014	0.525064	0.514261	0.507897	0.527417	0.503719	0.512667	0.506591	0.513908
N0.HOG0001613	0.601002	0.0239982	0.530432	0.520023	0.512107	0.512107	0.00957497	0.50492	0.50492	0.505207	0.505207	0.508868	0.0240663	0.534164	0.0512521	0.612512	0.612512	N/A	0.52935	0.535941	0.529519	0.518134	0.511063	0.50821	0.534014	0.525064	0.514261	0.507897	0.527417	0.503719	0.00637328	0.513052	0.513908
N0.HOG0001614	0.0527395	5.55403e-05	0.530432	0.520023	0.512107	0.512107	0.518973	0.50492	0.50492	0.505207	0.505207	0.508868	0.0120327	0.517541	0.517541	0.612512	0.612512	N/A	0.52935	0.535941	0.529519	0.518134	0.511063	0.50821	0.534014	0.525064	0.514261	0.507897	0.527417	0.503719	0.512667	0.506591	0.513908
N0.HOG0001622	0.601002	0.546951	0.530432	0.0299322	0.00608963	0.512107	0.00957497	0.50492	0.50492	0.505207	0.505207	0.508868	0.523789	0.00884604	0.517541	0.612512	0.612512	N/A	0.52935	0.535941	0.529519	0.518134	0.511063	0.50821	0.534014	0.525064	0.514261	0.507897	0.527417	0.503719	0.512667	0.506591	0.513908
N0.HOG0001630	0.601002	0.546951	0.530432	0.520023	9.03571e-07	0.512107	0.518973	0.50492	0.50492	0.505207	0.505207	0.508868	0.523789	0.517541	0.517541	0.612512	0.612512	N/A	0.52935	0.535941	0.529519	0.518134	0.511063	0.50821	0.534014	0.525064	0.514261	0.507897	0.527417	0.503719	0.512667	0.506591	0.513908
N0.HOG0001639	0.601002	0.546951	0.530432	0.520023	0.00608963	0.512107	0.00957497	0.50492	0.50492	0.505207	0.505207	0.508868	0.0120327	0.00884604	0.0262332	0.612512	0.165187	N/A	0.52935	0.535941	0.529519	0.518134	0.511063	0.50821	0.534014	0.525064	0.514261	0.507897	0.527417	0.503719	0.512667	0.506591	0.513908
N0.HOG0001641	0.601002	0.546951	0.530432	0.520023	0.512107	0.512107	0.0283685	0.50492	0.00737393	0.505207	0.505207	0.508868	0.5	0.5	0.5	0.165187	0.612512	N/A	0.52935	0.535941	0.529519	0.518134	0.511063	0.50821	0.534014	0.525064	0.514261	0.507897	0.527417	0.503719	0.0189604	0.5	0.513908
N0.HOG0001667	0.601002	0.0239982	0.530432	0.520023	0.512107	0.512107	0.518973	0.50492	0.50492	0.505207	0.505207	0.508868	0.566448	0.0265254	0.549924	0.612512	0.612512	N/A	0.52935	0.535941	0.529519	0.518134	0.511063	0.50821	0.534014	0.525064	0.514261	0.507897	0.527417	0.503719	8.12507e-05	0.519386	0.513908
N0.HOG0001672	0.601002	5.55403e-05	0.530432	0.520023	0.512107	0.0181232	0.518973	0.50492	0.50492	0.505207	0.505207	0.508868	0.523789	0.517541	0.517541	0.612512	0.612512	N/A	0.52935	0.535941	0.529519	0.518134	0.511063	0.50821	0.534014	0.525064	0.514261	0.507897	0.527417	0.503719	0.512667	0.506591	0.513908
N0.HOG0001674	0.601002	0.546951	0.530432	0.520023	9.03571e-07	0.512107	0.518973	0.50492	0.50492	0.505207	0.505207	0.508868	0.0120327	0.517541	0.517541	0.612512	0.612512	N/A	0.52935	0.535941	0.529519	0.518134	0.511063	0.50821	0.534014	0.525064	0.514261	0.507897	0.527417	0.503719	0.512667	0.506591	0.513908
N0.HOG0001675	0.601002	0.0698472	0.0454098	0.0299322	0.512107	0.0181232	0.518973	0.5	0.5	0.5	0.5	0.5	0.523789	0.517541	0.517541	0.165187	0.612512	N/A	0.52935	0.535941	0.529519	0.518134	0.511063	0.50821	0.534014	0.525064	0.0213398	0.507897	0.0409321	0.5	0.512667	0.506591	0.513908
N0.HOG0001676	0.148657	0.546951	0.530432	0.0299322	0.0181232	0.512107	0.0283685	0.50492	0.50492	0.505207	0.505207	0.508868	0.5	0.5	0.5	0.612512	0.165187	N/A	0.52935	0.535941	0.529519	0.518134	0.511063	0.50821	0.534014	0.525064	0.514261	0.507897	0.527417	0.503719	0.0189604	0.5	0.513908
N0.HOG0001693	0.601002	2.67192e-06	0.530432	0.520023	0.00608963	0.512107	0.518973	0.50492	0.50492	0.505207	0.505207	0.508868	0.523789	0.517541	0.517541	0.612512	0.612512	N/A	0.52935	0.535941	0.529519	0.518134	0.511063	0.50821	0.534014	0.525064	0.514261	0.507897	0.527417	0.503719	0.512667	0.506591	0.513908
N0.HOG0001696	0.601002	0.0239982	0.530432	0.520023	0.00608963	0.512107	0.518973	0.50492	0.50492	0.505207	0.505207	0.508868	0.523789	0.517541	0.0262332	0.165187	0.612512	N/A	0.52935	0.535941	0.529519	0.518134	0.511063	0.50821	0.534014	0.525064	0.514261	0.507897	0.527417	0.503719	0.512667	0.506591	0.513908
N0.HOG0001699	0.148657	0.546951	0.530432	4.74303e-23	0.512107	0.512107	0.0283685	0.50492	0.50492	0.505207	0.505207	0.508868	0.0355391	0.517541	0.517541	0.612512	0.612512	N/A	0.52935	0.535941	0.529519	0.518134	0.511063	0.50821	0.534014	0.525064	0.514261	0.507897	0.527417	0.503719	0.512667	0.506591	0.513908
N0.HOG0001716	0.601002	0.587395	0.0872019	0.538851	0.0121793	0.0356655	0.518973	0.50492	0.50492	0.505207	0.505207	0.508868	0.523789	0.517541	0.517541	0.612512	0.612512	N/A	0.52935	0.535941	0.0149706	0.535288	0.52176	0.516219	0.534014	0.525064	0.514261	0.507897	0.527417	0.503719	0.512667	0.506591	0.513908
N0.HOG0001721	0.601002	0.0011545	0.0454098	0.520023	7.41783e-05	0.512107	0.00957497	0.50492	0.50492	0.505207	0.505207	0.508868	0.0120327	0.517541	0.517541	0.612512	0.612512	N/A	0.52935	0.535941	0.529519	0.518134	0.511063	0.50821	0.534014	0.525064	0.514261	0.507897	0.527417	0.503719	0.512667	0.506591	0.513908
N0.HOG0001725	0.148657	0.0239982	0.530432	0.520023	0.00608963	0.512107	0.518973	0.50492	0.50492	0.505207	0.505207	0.508868	0.523789	0.517541	0.0262332	0.612512	0.612512	N/A	0.52935	0.535941	0.529519	0.518134	0.511063	0.50821	0.534014	0.525064	0.514261	0.507897	0.527417	0.503719	0.512667	0.506591	0.513908
N0.HOG0001729	0.601002	0.0239982	0.530432	0.520023	0.523776	0.0121793	0.00957497	0.50492	0.50492	0.505207	0.505207	0.508868	0.523789	0.517541	0.517541	0.612512	0.612512	N/A	0.52935	0.535941	0.529519	0.518134	0.511063	0.00412185	0.534014	0.525064	0.514261	0.507897	0.527417	0.503719	0.512667	0.506591	0.513908
N0.HOG0001739	0.148657	0.0698472	0.530432	0.5	0.5	0.5	0.5	0.5	0.5	0.5	0.5	0.5	0.5	0.5	0.5	0.165187	0.612512	N/A	0.52935	0.535941	0.529519	0.518134	0.0165633	0.5	0.0507211	0.5	0.5	0.5	0.5	0.5	0.5	0.5	0.513908
N0.HOG0001741	0.0527395	0.546951	0.530432	0.0101096	0.512107	0.512107	0.00957497	0.50492	0.50492	0.505207	0.505207	0.508868	0.0120327	0.00884604	0.517541	0.612512	0.612512	N/A	0.52935	0.535941	0.529519	0.518134	0.511063	0.50821	0.534014	0.525064	0.514261	0.507897	0.527417	0.503719	0.512667	0.506591	0.513908
N0.HOG0001758	0.148657	0.0239982	0.5	0.5	0.5	0.5	0.518973	0.5	0.5	0.5	0.5	0.5	0.523789	0.5	0.5	0.165187	0.612512	N/A	0.52935	0.535941	0.529519	0.0271177	0.5	0.5	0.534014	0.525064	0.0213398	0.507897	0.0409321	0.5	0.512667	0.00987568	0.513908
N0.HOG0001761	0.601002	0.546951	0.530432	0.520023	9.03571e-07	0.512107	0.518973	0.50492	0.50492	0.505207	0.505207	0.508868	0.523789	0.517541	0.517541	0.612512	0.612512	N/A	0.52935	0.535941	0.529519	0.518134	0.511063	0.50821	0.534014	0.525064	0.514261	0.507897	0.527417	0.503719	0.512667	0.506591	0.513908
N0.HOG0001777	0.00562696	0.0239982	0.530432	0.520023	0.00608963	0.512107	0.518973	0.50492	0.50492	0.505207	0.505207	0.508868	0.523789	0.517541	0.000156554	0.612512	0.612512	N/A	0.52935	0.535941	0.529519	0.518134	0.511063	0.50821	0.534014	0.525064	0.514261	0.507897	0.527417	0.503719	0.512667	0.506591	0.513908
N0.HOG0001779	0.0527395	0.5	0.5	0.5	0.5	0.5	0.5	0.5	0.5	0.505207	0.505207	0.508868	0.5	0.5	0.5	0.612512	0.165187	N/A	0.52935	0.535941	0.044054	0.5	0.5	0.5	0.534014	0.0374342	0.5	0.507897	0.527417	0.503719	0.0189604	0.5	0.513908
N0.HOG0001781	0.601002	0.0239982	0.530432	0.520023	0.512107	0.512107	0.518973	0.50492	0.50492	0.505207	0.00261004	0.508868	0.523789	0.534164	0.534164	0.612512	0.612512	N/A	0.52935	0.535941	0.529519	0.518134	0.511063	0.50821	0.534014	0.525064	0.514261	0.507897	0.527417	0.503719	0.512667	0.00330632	0.513908
N0.HOG0001811	0.601002	5.55403e-05	0.530432	0.520023	0.00608963	0.512107	0.518973	0.50492	0.50492	0.505207	0.505207	0.508868	0.523789	0.517541	0.517541	0.612512	0.165187	N/A	0.52935	0.535941	0.529519	0.518134	0.511063	0.50821	0.534014	0.525064	0.514261	0.507897	0.527417	0.503719	0.512667	0.506591	0.513908
N0.HOG0001815	0.148657	0.546951	0.530432	0.520023	0.512107	0.512107	0.518973	0.50492	0.50492	0.505207	0.505207	3.96738e-05	0.523789	0.517541	0.000156554	0.612512	0.612512	N/A	0.52935	0.535941	0.529519	0.518134	0.511063	0.50821	0.534014	0.525064	0.514261	0.507897	0.527417	0.503719	0.512667	0.506591	0.513908
N0.HOG0001831	0.601002	0.546951	0.558115	0.538851	8.118e-05	0.523776	0.518973	0.50492	0.50492	0.505207	0.00780307	0.508868	0.0120327	0.517541	0.517541	0.612512	0.612512	N/A	0.52935	0.535941	0.529519	0.00914782	0.52176	0.516219	0.534014	0.525064	0.514261	0.507897	0.527417	0.503719	0.512667	0.506591	0.513908
N0.HOG0001833	0.601002	5.55403e-05	0.530432	0.520023	7.41783e-05	0.512107	0.518973	0.50492	0.50492	0.505207	0.505207	0.508868	0.523789	0.517541	0.00884604	0.612512	0.612512	N/A	0.52935	0.535941	0.529519	0.518134	0.511063	0.50821	0.534014	0.525064	0.514261	0.507897	0.527417	0.503719	0.512667	0.506591	0.513908
N0.HOG0001837	0.601002	0.546951	0.530432	0.520023	0.512107	0.512107	0.518973	0.50492	0.50492	0.510332	0.0154981	0.517502	0.0355391	0.534164	0.534164	0.612512	0.0589792	N/A	0.52935	0.535941	0.529519	0.518134	0.511063	0.50821	0.534014	0.525064	0.514261	0.507897	0.013891	0.507396	0.512667	0.00330632	0.513908
N0.HOG0001857	0.601002	0.546951	0.530432	0.0299322	9.03571e-07	0.512107	0.518973	0.50492	0.50492	0.505207	0.505207	0.508868	0.523789	0.517541	0.517541	0.612512	0.612512	N/A	0.52935	0.535941	0.529519	0.518134	0.511063	0.50821	0.534014	0.525064	0.514261	0.507897	0.527417	0.503719	0.512667	0.506591	0.513908
N0.HOG0001887	0.148657	0.0698472	0.530432	0.520023	0.512107	0.512107	0.000183428	0.50492	0.50492	0.505207	0.505207	0.508868	0.545895	0.0176924	0.0512521	0.612512	0.165187	N/A	0.52935	0.535941	0.529519	0.518134	0.511063	0.50821	0.534014	0.525064	0.514261	0.507897	0.527417	0.503719	0.00637328	0.513052	0.513908
N0.HOG0001930	0.601002	0.546951	0.530432	0.520023	0.512107	0.512107	0.518973	0.509768	0.509768	0.510332	0.510332	0.00890739	0.523789	0.517541	0.517541	1.73244e-07	0.612512	N/A	0.52935	0.535941	0.529519	0.518134	0.511063	0.50821	0.534014	0.525064	0.00718057	0.507897	0.013891	0.507396	0.512667	0.506591	0.513908
N0.HOG0001931	0.148657	0.0698472	0.530432	0.0299322	0.512107	0.512107	0.00957497	0.50492	0.50492	0.505207	0.505207	0.00445369	0.523789	0.517541	0.0262332	0.165187	0.612512	N/A	0.52935	0.535941	0.529519	0.518134	0.511063	0.50821	0.534014	0.525064	0.514261	0.507897	0.527417	0.503719	0.512667	0.506591	0.513908
N0.HOG0001933	0.00928304	3.22649e-16	0.125713	0.000672975	0.54587	0.54587	0.5	0.5	0.5	0.5	0.5	0.5	0.523789	0.517541	0.00884604	0.118525	0.28447	N/A	0.556142	0.568055	0.0299435	0.55152	0.532104	0.0123642	0.096936	0.0374342	0.5	0.507897	0.0409321	0.5	0.512667	0.506591	0.527239
N0.HOG0001937	0.601002	0.0698472	0.530432	0.0299322	7.41783e-05	0.512107	0.518973	0.50492	0.50492	0.505207	0.505207	0.508868	0.523789	0.517541	0.517541	0.612512	0.0589792	N/A	0.52935	0.535941	0.529519	0.518134	0.511063	0.50821	0.534014	0.525064	0.514261	0.507897	0.527417	0.503719	0.512667	0.506591	0.513908
N0.HOG0001957	0.601002	0.546951	0.530432	0.0299322	9.03571e-07	0.512107	0.518973	0.50492	0.50492	0.505207	0.505207	0.508868	0.0120327	0.517541	0.517541	0.612512	0.612512	N/A	0.52935	0.535941	0.529519	0.518134	0.511063	0.50821	0.534014	0.525064	0.514261	0.507897	0.527417	0.503719	0.512667	0.506591	0.513908
N0.HOG0001961	0.00562696	0.0239982	0.530432	0.520023	0.00608963	0.512107	0.00957497	0.50492	0.50492	0.505207	0.505207	0.508868	0.523789	0.517541	0.517541	0.612512	0.612512	N/A	0.52935	0.535941	0.529519	0.518134	0.511063	0.50821	0.534014	0.525064	0.514261	0.507897	0.527417	0.503719	0.512667	0.506591	0.513908
N0.HOG0001978	0.601002	0.587395	0.0872019	0.538851	0.523776	0.523776	0.536874	0.509768	0.509768	0.510332	0.510332	0.517502	0.0688558	0.534164	0.000177716	0.612512	0.612512	N/A	0.52935	0.0182811	0.55645	0.535288	0.52176	0.516219	0.564597	0.548259	0.527915	0.515607	0.5526	0.507396	0.524855	0.513052	0.513908
N0.HOG0001989	0.148657	0.0011545	0.530432	0.520023	0.00608963	0.512107	0.518973	0.50492	0.50492	0.505207	0.505207	0.0132828	0.523789	0.517541	0.517541	0.612512	0.612512	N/A	0.52935	0.535941	0.529519	0.518134	0.511063	0.50821	0.534014	0.525064	0.514261	0.507897	0.527417	0.503719	0.512667	0.506591	0.513908
N0.HOG0001990	0.601002	0.546951	0.530432	0.520023	0.512107	0.512107	0.518973	0.50492	0.50492	0.505207	0.505207	0.508868	0.523789	4.90335e-08	0.517541	0.612512	0.0589792	N/A	0.52935	0.535941	0.529519	0.518134	0.511063	0.50821	0.534014	0.525064	0.514261	0.507897	0.527417	0.503719	0.512667	0.506591	0.513908
N0.HOG0002010	0.601002	0.0239982	0.530432	0.0101096	0.512107	0.512107	0.518973	0.50492	0.50492	0.505207	0.00261004	0.508868	0.523789	0.517541	0.517541	0.612512	0.165187	N/A	0.52935	0.535941	0.529519	0.518134	0.511063	0.50821	0.534014	0.525064	0.514261	0.507897	0.527417	0.503719	0.512667	0.506591	0.513908
N0.HOG0002028	0.0527395	0.0239982	0.530432	0.520023	0.00608963	0.512107	0.518973	0.50492	0.50492	0.505207	0.505207	0.508868	0.523789	0.517541	0.00884604	0.612512	0.165187	N/A	0.52935	0.535941	0.529519	0.518134	0.511063	0.50821	0.534014	0.525064	0.514261	0.507897	0.527417	0.503719	0.512667	0.506591	0.513908
N0.HOG0002034	0.601002	0.0239982	0.530432	0.520023	0.523776	0.523776	0.518973	0.00246603	0.50492	0.505207	0.505207	0.508868	0.523789	0.0262332	0.517541	0.612512	0.612512	N/A	0.52935	0.535941	0.529519	0.518134	0.511063	0.00412185	0.534014	0.525064	0.514261	0.507897	0.527417	0.503719	0.512667	0.506591	0.513908
N0.HOG0002036	0.148657	0.0698472	0.530432	0.520023	0.512107	0.0181232	0.0283685	0.50492	0.50492	0.505207	0.505207	0.508868	0.523789	0.517541	0.0262332	0.612512	0.612512	N/A	0.52935	0.535941	0.529519	0.518134	0.511063	0.50821	0.534014	0.525064	0.514261	0.507897	0.527417	0.503719	0.512667	0.506591	0.513908
N0.HOG0002039	0.148657	0.0239982	0.530432	0.520023	0.512107	0.512107	0.00957497	0.50492	0.50492	0.505207	0.505207	0.508868	0.523789	0.534164	0.534164	0.612512	0.612512	N/A	0.52935	0.535941	0.529519	0.518134	0.511063	0.50821	0.534014	0.525064	0.514261	0.507897	0.527417	0.503719	0.512667	0.00330632	0.513908
N0.HOG0002040	0.148657	0.546951	0.530432	0.520023	0.512107	0.00608963	0.00957497	0.50492	0.50492	0.505207	0.505207	0.508868	0.0120327	0.517541	0.517541	0.165187	0.612512	N/A	0.52935	0.535941	0.529519	0.518134	0.511063	0.50821	0.534014	0.525064	0.514261	0.507897	0.527417	0.503719	0.512667	0.506591	0.513908
N0.HOG0002052	0.601002	0.0239982	0.530432	4.1364e-06	0.512107	0.512107	0.518973	0.50492	0.50492	0.505207	0.505207	0.508868	0.523789	0.517541	0.517541	0.612512	0.0589792	N/A	0.52935	0.535941	0.529519	0.518134	0.511063	0.50821	0.534014	0.525064	0.514261	0.507897	0.527417	0.503719	0.512667	0.506591	0.513908
N0.HOG0002060	0.601002	0.546951	0.530432	0.520023	1.34071e-10	0.512107	0.518973	0.50492	0.50492	0.505207	0.505207	0.508868	0.523789	0.517541	0.517541	0.612512	0.612512	N/A	0.52935	0.535941	0.529519	0.518134	0.511063	0.50821	0.534014	0.525064	0.514261	0.507897	0.527417	0.503719	0.512667	0.506591	0.513908
N0.HOG0002065	0.601002	0.546951	0.0454098	0.520023	0.5	0.5	0.00957497	0.50492	0.50492	0.00261004	0.505207	0.508868	0.523789	0.517541	0.0262332	0.165187	0.612512	N/A	0.52935	0.535941	0.529519	0.518134	0.511063	0.0122984	0.534014	0.525064	0.514261	0.507897	0.527417	0.503719	0.512667	0.506591	0.513908
N0.HOG0002071	0.148657	0.546951	0.0154403	0.520023	0.512107	0.512107	0.518973	0.50492	0.50492	0.0230869	0.515378	0.525906	0.0355391	0.517541	0.0262332	0.612512	0.165187	N/A	0.52935	0.535941	0.529519	0.518134	0.511063	0.50821	0.534014	0.525064	0.514261	0.507897	0.000386216	0.511032	0.512667	0.506591	0.513908
N0.HOG0002072	0.148657	0.0698472	0.530432	0.5	0.5	0.5	0.5	0.5	0.5	0.5	0.5	0.5	0.5	0.5	0.5	0.0589792	0.165187	N/A	0.52935	0.535941	0.529519	0.518134	0.0165633	0.5	0.0507211	0.5	0.5	0.5	0.5	0.5	0.5	0.5	0.513908
N0.HOG0002075	0.601002	0.546951	0.000477263	0.520023	0.512107	0.512107	0.518973	0.50492	0.50492	0.505207	0.505207	0.00445369	0.523789	0.00884604	0.517541	0.612512	0.165187	N/A	0.52935	0.535941	0.529519	0.518134	0.511063	0.50821	0.534014	0.525064	0.514261	0.507897	0.527417	0.503719	0.512667	0.506591	0.513908
N0.HOG0002110	0.601002	0.0239982	0.530432	0.520023	7.41783e-05	0.512107	0.00957497	0.50492	0.50492	0.505207	0.505207	0.508868	0.523789	0.517541	0.517541	0.612512	0.612512	N/A	0.52935	0.535941	0.529519	0.518134	0.511063	0.50821	0.534014	0.525064	0.514261	0.507897	0.527417	0.503719	0.512667	0.506591	0.513908
N0.HOG0002153	0.0527395	0.546951	0.530432	0.520023	0.00608963	0.512107	0.518973	0.50492	0.50492	0.505207	0.505207	0.508868	0.523789	0.517541	0.000156554	0.612512	0.612512	N/A	0.52935	0.535941	0.529519	0.518134	0.511063	0.50821	0.534014	0.525064	0.514261	0.507897	0.527417	0.503719	0.512667	0.506591	0.513908
N0.HOG0002155	0.0527395	0.546951	0.530432	0.520023	0.512107	0.512107	0.518973	0.50492	0.50492	0.505207	0.505207	0.00445369	0.0120327	0.0262332	0.00884604	0.612512	0.612512	N/A	0.52935	0.535941	0.529519	0.518134	0.511063	0.50821	0.534014	0.525064	0.514261	0.507897	0.527417	0.503719	0.512667	0.506591	0.513908
N0.HOG0002173	0.601002	0.0698472	0.530432	0.520023	0.512107	0.00608963	0.518973	0.50492	0.50492	0.505207	0.505207	0.00445369	0.523789	0.517541	0.0262332	0.612512	0.612512	N/A	0.52935	0.535941	0.529519	0.518134	0.511063	0.50821	0.534014	0.525064	0.514261	0.507897	0.527417	0.503719	0.512667	0.506591	0.513908
N0.HOG0002177	0.148657	0.0239982	0.530432	0.520023	0.00608963	0.512107	0.0283685	0.50492	0.50492	0.505207	0.505207	0.508868	0.0120327	0.00884604	0.517541	0.612512	0.0589792	N/A	0.52935	0.535941	0.529519	0.518134	0.511063	0.50821	0.534014	0.525064	0.514261	0.507897	0.527417	0.503719	0.512667	0.506591	0.513908
N0.HOG0002182	0.601002	0.546951	0.530432	0.520023	0.512107	0.512107	0.518973	0.50492	0.50492	0.505207	0.505207	0.508868	0.523789	4.90335e-08	0.517541	0.612512	0.612512	N/A	0.52935	0.535941	0.529519	0.518134	0.511063	0.50821	0.534014	0.525064	0.514261	0.507897	0.527417	0.503719	0.512667	0.506591	0.513908
N0.HOG0002208	0.601002	0.546951	0.530432	0.520023	9.03571e-07	0.512107	0.518973	0.50492	0.50492	0.505207	0.505207	0.508868	0.523789	0.517541	0.517541	0.612512	0.612512	N/A	0.52935	0.535941	0.529519	0.518134	0.511063	0.50821	0.534014	0.525064	0.514261	0.507897	0.527417	0.503719	0.512667	0.506591	0.513908
N0.HOG0002212	0.601002	0.0239982	0.530432	0.520023	9.03571e-07	0.512107	0.518973	0.50492	0.50492	0.505207	0.505207	0.508868	0.523789	0.517541	0.517541	0.612512	0.612512	N/A	0.52935	0.535941	0.529519	0.518134	0.511063	0.50821	0.534014	0.525064	0.514261	0.507897	0.527417	0.503719	0.512667	0.506591	0.513908
N0.HOG0002239	0.601002	0.587395	5.6303e-05	0.520023	0.512107	0.512107	0.518973	0.50492	0.50492	0.505207	0.505207	0.508868	0.523789	0.517541	0.517541	0.612512	0.612512	N/A	0.52935	0.535941	0.0149706	0.535288	0.0326411	0.50821	0.534014	0.525064	0.514261	0.507897	0.527417	0.503719	0.512667	0.506591	0.513908
N0.HOG0002253	0.601002	0.546951	0.530432	1.69242e-09	0.512107	0.512107	0.518973	0.50492	0.50492	0.505207	0.505207	0.508868	0.523789	0.517541	0.517541	0.612512	0.165187	N/A	0.52935	0.535941	0.529519	0.518134	0.511063	0.50821	0.534014	0.525064	0.514261	0.507897	0.527417	0.503719	0.512667	0.506591	0.513908
N0.HOG0002291	0.601002	0.546951	0.530432	0.520023	9.03571e-07	0.512107	0.518973	0.50492	0.50492	0.505207	0.505207	0.508868	0.523789	0.517541	0.517541	0.612512	0.612512	N/A	0.52935	0.535941	0.529519	0.518134	0.511063	0.50821	0.534014	0.525064	0.514261	0.507897	0.527417	0.503719	0.512667	0.506591	0.513908
N0.HOG0002326	0.0527395	0.0698472	0.530432	0.520023	0.512107	0.512107	0.518973	0.50492	0.50492	0.505207	0.505207	0.0132828	0.545895	0.0176924	0.534164	0.612512	0.612512	N/A	0.52935	0.535941	0.529519	0.518134	0.511063	0.50821	0.534014	0.525064	0.514261	0.507897	0.527417	0.503719	0.00637328	0.513052	0.513908
N0.HOG0002342	0.601002	0.546951	0.530432	0.0299322	0.512107	0.512107	0.518973	0.50492	0.50492	0.505207	0.505207	0.508868	0.00142131	0.534164	0.0512521	0.0589792	0.612512	N/A	0.52935	0.535941	0.529519	0.518134	0.511063	0.50821	0.534014	0.525064	0.514261	0.507897	0.527417	0.503719	0.00637328	0.513052	0.513908
N0.HOG0002345	0.0527395	0.546951	0.530432	0.520023	0.00608963	0.512107	0.00957497	0.50492	0.50492	0.505207	0.505207	0.508868	0.523789	0.00884604	0.517541	0.612512	0.612512	N/A	0.52935	0.535941	0.529519	0.518134	0.511063	0.50821	0.534014	0.525064	0.514261	0.507897	0.527417	0.503719	0.512667	0.506591	0.513908
N0.HOG0002365	0.601002	0.0239982	0.530432	0.520023	0.512107	0.512107	0.00957497	0.50492	0.50492	0.505207	0.505207	0.508868	0.0120327	0.517541	0.0262332	0.165187	0.612512	N/A	0.52935	0.535941	0.529519	0.518134	0.511063	0.50821	0.534014	0.525064	0.514261	0.507897	0.527417	0.503719	0.512667	0.506591	0.513908
N0.HOG0002376	0.601002	0.546951	0.530432	0.520023	0.512107	0.512107	0.518973	0.50492	0.50492	0.505207	0.00780307	0.508868	0.523789	0.517541	0.000156554	0.612512	0.0589792	N/A	0.52935	0.535941	0.529519	0.518134	0.511063	0.50821	0.534014	0.525064	0.514261	0.507897	0.527417	0.503719	0.512667	0.506591	0.513908
N0.HOG0002403	0.148657	0.546951	0.530432	0.520023	0.512107	0.512107	0.518973	0.50492	0.50492	0.510332	0.0154981	0.00890739	0.523789	0.517541	0.00884604	0.612512	0.612512	N/A	0.52935	0.535941	0.529519	0.518134	0.511063	0.50821	0.534014	0.525064	0.514261	0.507897	0.013891	0.507396	0.512667	0.506591	0.513908
N0.HOG0002462	0.601002	2.67192e-06	0.530432	0.520023	0.512107	0.512107	0.0283685	0.50492	0.50492	0.505207	0.505207	0.508868	0.523789	0.517541	0.517541	0.612512	0.612512	N/A	0.52935	0.535941	0.529519	0.518134	0.511063	0.50821	0.534014	0.525064	0.514261	0.507897	0.527417	0.503719	0.512667	0.506591	0.513908
N0.HOG0002496	0.148657	0.0239982	0.530432	0.520023	0.512107	0.512107	0.0283685	0.50492	0.50492	0.505207	0.505207	0.508868	0.5	0.5	0.5	0.612512	0.0589792	N/A	0.52935	0.535941	0.529519	0.518134	0.511063	0.50821	0.534014	0.525064	0.514261	0.507897	0.527417	0.503719	0.0189604	0.5	0.513908
N0.HOG0002505	0.148657	0.546951	0.530432	0.520023	0.512107	0.0181232	0.00957497	0.50492	0.50492	0.505207	0.505207	0.508868	0.0355391	0.517541	0.0262332	0.165187	0.0589792	N/A	0.52935	0.535941	0.529519	0.518134	0.511063	0.50821	0.534014	0.525064	0.514261	0.507897	0.527417	0.503719	0.512667	0.506591	0.513908
N0.HOG0002539	0.601002	0.0239982	0.530432	0.520023	0.512107	0.512107	0.0283685	0.50492	0.50492	0.505207	0.505207	0.508868	0.523789	0.517541	0.000156554	0.612512	0.612512	N/A	0.52935	0.535941	0.529519	0.518134	0.511063	0.50821	0.534014	0.525064	0.514261	0.507897	0.527417	0.503719	0.512667	0.506591	0.513908
N0.HOG0002540	0.601002	0.546951	0.530432	0.0299322	9.03571e-07	0.512107	0.518973	0.50492	0.50492	0.505207	0.505207	0.508868	0.523789	0.517541	0.517541	0.612512	0.612512	N/A	0.52935	0.535941	0.529519	0.518134	0.511063	0.50821	0.534014	0.525064	0.514261	0.507897	0.527417	0.503719	0.512667	0.506591	0.513908
N0.HOG0002557	0.601002	0.0698472	0.530432	0.0202198	8.118e-05	0.523776	0.518973	0.50492	0.50492	0.505207	0.505207	0.508868	0.523789	0.0262332	0.517541	0.612512	0.612512	N/A	0.52935	0.535941	0.529519	0.518134	0.00556166	0.516219	0.534014	0.525064	0.514261	0.507897	0.527417	0.503719	0.512667	0.506591	0.513908
N0.HOG0002562	0.148657	0.546951	0.530432	0.520023	0.512107	0.512107	0.0283685	0.50492	0.50492	0.505207	0.505207	0.508868	0.0355391	0.517541	0.0262332	0.165187	0.612512	N/A	0.52935	0.535941	0.529519	0.518134	0.511063	0.50821	0.534014	0.525064	0.514261	0.507897	0.527417	0.503719	0.512667	0.506591	0.513908
N0.HOG0002654	0.0527395	0.0698472	0.530432	0.520023	0.00608963	0.512107	0.518973	0.50492	0.50492	0.505207	0.505207	0.508868	0.0355391	0.000156554	0.517541	0.165187	0.612512	N/A	0.52935	0.535941	0.529519	0.518134	0.511063	0.50821	0.534014	0.525064	0.514261	0.507897	0.527417	0.503719	0.512667	0.506591	0.513908
N0.HOG0002661	0.148657	0.546951	0.530432	0.520023	0.512107	0.512107	0.518973	0.50492	0.50492	0.505207	0.505207	3.96738e-05	0.523789	0.517541	0.000156554	0.612512	0.612512	N/A	0.52935	0.535941	0.529519	0.518134	0.511063	0.50821	0.534014	0.525064	0.514261	0.507897	0.527417	0.503719	0.512667	0.506591	0.513908
N0.HOG0002710	0.601002	0.546951	0.530432	0.520023	0.0121793	0.523776	0.518973	0.50492	0.50492	0.505207	0.505207	0.508868	0.0355391	0.517541	0.00884604	0.612512	0.612512	N/A	0.52935	0.535941	0.529519	0.518134	0.511063	0.00412185	0.534014	0.525064	0.514261	0.507897	0.527417	0.503719	0.512667	0.506591	0.513908
N0.HOG0002711	0.601002	0.0011545	0.530432	0.520023	0.512107	0.512107	0.00957497	0.50492	0.50492	0.505207	0.505207	0.508868	0.523789	0.00884604	0.517541	0.165187	0.612512	N/A	0.52935	0.535941	0.529519	0.518134	0.511063	0.50821	0.534014	0.525064	0.514261	0.507897	0.527417	0.503719	0.512667	0.506591	0.513908
N0.HOG0002729	0.601002	0.546951	0.530432	0.520023	7.41783e-05	0.512107	0.00957497	0.50492	0.50492	0.505207	0.505207	0.508868	0.523789	0.517541	0.00884604	0.0589792	0.165187	N/A	0.52935	0.535941	0.529519	0.518134	0.511063	0.50821	0.534014	0.525064	0.514261	0.507897	0.527417	0.503719	0.512667	0.506591	0.513908
N0.HOG0002800	0.148657	0.546951	0.530432	0.0101096	0.512107	0.512107	0.0283685	0.509768	0.509768	0.510332	0.510332	0.517502	0.523789	0.00884604	0.0262332	0.165187	0.612512	N/A	0.52935	0.535941	0.529519	0.518134	0.511063	0.50821	0.534014	0.525064	0.00718057	0.507897	0.013891	0.507396	0.512667	0.506591	0.513908
N0.HOG0002803	0.148657	0.546951	0.530432	0.520023	0.512107	0.512107	0.536874	0.0146514	0.509768	0.510332	0.510332	0.517502	0.523789	0.517541	0.517541	0.612512	0.612512	N/A	0.52935	0.535941	0.529519	0.518134	0.511063	0.50821	0.0172857	0.548259	0.527915	0.515607	0.5526	0.507396	0.0372852	0.506591	0.513908
N0.HOG0002822	0.148657	0.5	0.5	0.5	0.5	0.5	0.518973	0.5	0.5	0.5	0.5	0.5	0.5	0.5	0.5	0.165187	0.612512	N/A	0.52935	0.535941	0.044054	0.5	0.5	0.5	0.534014	0.525064	0.0213398	0.0118292	0.5	0.5	0.5	0.5	0.513908
N0.HOG0002852	0.601002	5.55403e-05	0.530432	0.520023	0.00608963	0.512107	0.518973	0.50492	0.50492	0.5	0.5	0.508868	0.523789	0.517541	0.517541	0.612512	0.612512	N/A	0.52935	0.535941	0.529519	0.518134	0.511063	0.50821	0.534014	0.525064	0.514261	0.507897	0.527417	0.0055744	0.512667	0.506591	0.513908
N0.HOG0002857	0.601002	0.546951	0.530432	0.00100618	0.523776	0.0356655	0.518973	0.50492	0.50492	0.505207	0.505207	0.508868	0.523789	0.517541	0.517541	0.612512	0.612512	N/A	0.52935	0.535941	0.529519	0.518134	0.00556166	0.516219	0.534014	0.525064	0.514261	0.507897	0.527417	0.503719	0.512667	0.506591	0.513908
N0.HOG0002877	0.601002	0.546951	0.530432	0.520023	0.512107	0.512107	0.518973	0.50492	0.50492	0.505207	0.505207	0.508868	0.523789	4.90335e-08	0.517541	0.612512	0.612512	N/A	0.52935	0.535941	0.529519	0.518134	0.511063	0.50821	0.534014	0.525064	0.514261	0.507897	0.527417	0.503719	0.512667	0.506591	0.513908
N0.HOG0002932	0.601002	0.0011545	0.530432	0.520023	0.00608963	0.512107	0.518973	0.50492	0.50492	0.505207	0.505207	0.508868	0.523789	0.517541	0.0262332	0.612512	0.612512	N/A	0.52935	0.535941	0.529519	0.518134	0.511063	0.50821	0.534014	0.525064	0.514261	0.507897	0.527417	0.503719	0.512667	0.506591	0.513908
N0.HOG0002935	0.148657	0.546951	0.530432	0.520023	0.512107	0.512107	0.0283685	0.50492	0.50492	0.505207	0.505207	0.508868	0.0120327	0.00884604	0.0262332	0.612512	0.612512	N/A	0.52935	0.535941	0.529519	0.518134	0.511063	0.50821	0.534014	0.525064	0.514261	0.507897	0.527417	0.503719	0.512667	0.506591	0.513908
N0.HOG0002945	0.148657	0.0698472	0.0454098	0.0299322	0.512107	0.0181232	0.5	0.5	0.5	0.5	0.5	0.5	0.5	0.5	0.5	0.612512	0.165187	N/A	0.52935	0.535941	0.529519	0.518134	0.511063	0.50821	0.0507211	0.5	0.5	0.5	0.5	0.5	0.5	0.5	0.513908
N0.HOG0002950	0.601002	0.546951	0.530432	0.520023	0.512107	0.00608963	0.000183428	0.50492	0.50492	0.505207	0.505207	0.508868	0.523789	0.517541	0.0262332	0.612512	0.612512	N/A	0.52935	0.535941	0.529519	0.518134	0.511063	0.50821	0.534014	0.525064	0.514261	0.507897	0.527417	0.503719	0.512667	0.506591	0.513908
N0.HOG0003013	0.601002	0.0239982	0.0454098	0.520023	0.512107	0.512107	0.518973	0.50492	0.50492	0.505207	0.505207	0.0132828	0.0355391	0.517541	0.517541	0.612512	0.612512	N/A	0.52935	0.535941	0.529519	0.518134	0.511063	0.50821	0.534014	0.525064	0.514261	0.507897	0.527417	0.503719	0.512667	0.506591	0.513908
N0.HOG0003304	0.148657	0.546951	0.530432	0.520023	0.512107	0.512107	0.0283685	0.50492	0.50492	0.505207	0.505207	0.508868	0.0355391	0.0262332	0.517541	0.612512	0.165187	N/A	0.52935	0.535941	0.529519	0.518134	0.511063	0.50821	0.534014	0.525064	0.514261	0.507897	0.527417	0.503719	0.512667	0.506591	0.513908
N0.HOG0003487	0.601002	0.0239982	0.530432	0.0299322	0.512107	0.0181232	0.518973	0.00246603	0.50492	0.505207	0.505207	0.508868	0.523789	0.517541	0.517541	0.612512	0.165187	N/A	0.52935	0.535941	0.529519	0.518134	0.511063	0.50821	0.534014	0.525064	0.514261	0.507897	0.527417	0.503719	0.512667	0.506591	0.513908
N0.HOG0003560	0.601002	0.0239982	0.530432	0.520023	9.03571e-07	0.512107	0.518973	0.50492	0.50492	0.505207	0.505207	0.508868	0.523789	0.517541	0.517541	0.612512	0.612512	N/A	0.52935	0.535941	0.529519	0.518134	0.511063	0.50821	0.534014	0.525064	0.514261	0.507897	0.527417	0.503719	0.512667	0.506591	0.513908
N0.HOG0003653	0.601002	0.546951	0.0454098	0.520023	0.512107	0.0181232	0.553769	0.514544	0.00739778	0.505207	0.00261004	0.508868	0.523789	0.534164	0.534164	0.612512	0.612512	N/A	0.52935	0.535941	0.529519	0.518134	0.511063	0.50821	0.534014	0.00032201	0.54099	0.507897	0.527417	0.503719	0.512667	0.00330632	0.513908
N0.HOG0003712	0.148657	0.0239982	0.530432	0.520023	0.512107	0.512107	0.518973	0.50492	0.50492	0.505207	0.505207	0.508868	0.0355391	0.0262332	0.517541	0.612512	0.165187	N/A	0.52935	0.535941	0.529519	0.518134	0.511063	0.50821	0.534014	0.525064	0.514261	0.507897	0.527417	0.503719	0.512667	0.506591	0.513908
N0.HOG0003788	0.601002	0.0239982	0.530432	0.520023	0.512107	0.512107	0.00957497	0.50492	0.50492	0.505207	0.505207	0.508868	0.0120327	0.00884604	0.517541	0.165187	0.612512	N/A	0.52935	0.535941	0.529519	0.518134	0.511063	0.50821	0.534014	0.525064	0.514261	0.507897	0.527417	0.503719	0.512667	0.506591	0.513908
N0.HOG0003840	0.148657	0.546951	0.530432	0.520023	0.512107	0.0181232	0.518973	0.50492	0.50492	0.510332	0.510332	0.517502	0.0355391	0.517541	0.517541	0.612512	0.612512	N/A	0.52935	0.535941	0.529519	0.518134	0.511063	0.50821	0.534014	0.525064	0.514261	0.507897	0.013891	0.507396	0.512667	0.506591	0.513908
N0.HOG0003855	0.601002	0.0698472	0.530432	0.520023	0.512107	0.512107	0.518973	0.50492	0.50492	0.505207	0.505207	0.508868	0.0240663	0.0512521	0.534164	0.612512	0.612512	N/A	0.52935	0.535941	0.529519	0.518134	0.511063	0.50821	0.534014	0.525064	0.514261	0.507897	0.527417	0.503719	0.00637328	0.513052	0.513908
N0.HOG0004299	0.148657	0.546951	0.0454098	0.0299322	0.512107	0.0181232	0.518973	0.5	0.5	0.5	0.5	0.5	0.5	0.5	0.5	0.612512	0.0589792	N/A	0.52935	0.535941	0.529519	0.518134	0.511063	0.50821	0.534014	0.525064	0.0213398	0.0118292	0.5	0.5	0.5	0.5	0.513908
N0.HOG0004363	0.148657	0.0011545	0.530432	0.520023	0.512107	0.512107	0.518973	0.50492	0.50492	0.510332	0.510332	0.508868	0.523789	0.517541	0.517541	0.0589792	0.165187	N/A	0.52935	0.535941	0.529519	0.518134	0.511063	0.50821	0.534014	0.525064	0.514261	0.507897	0.527417	0.00186273	0.512667	0.506591	0.513908
N0.HOG0004600	0.601002	0.546951	0.530432	0.520023	9.03571e-07	0.512107	0.518973	0.5	0.5	0.505207	0.505207	0.508868	0.523789	0.517541	0.517541	0.612512	0.612512	N/A	0.52935	0.535941	0.529519	0.518134	0.511063	0.50821	0.534014	0.525064	0.0213398	0.507897	0.527417	0.503719	0.512667	0.506591	0.513908
N0.HOG0004806	0.601002	0.0239982	0.0454098	0.0299322	0.512107	0.512107	0.518973	0.50492	0.50492	0.505207	0.505207	0.508868	0.0355391	0.517541	0.517541	0.612512	0.612512	N/A	0.52935	0.535941	0.529519	0.518134	0.511063	0.50821	0.534014	0.525064	0.514261	0.507897	0.527417	0.503719	0.512667	0.506591	0.513908
N0.HOG0004813	0.148657	0.546951	0.000477263	0.520023	0.5	0.5	0.0283685	0.00737393	0.50492	0.5	0.5	0.5	0.523789	0.5	0.5	0.165187	0.612512	N/A	0.52935	0.535941	0.529519	0.518134	0.511063	0.0122984	0.534014	0.525064	0.514261	0.507897	0.0409321	0.5	0.512667	0.00987568	0.513908
N0.HOG0004903	0.601002	0.546951	0.530432	0.520023	0.512107	0.512107	0.518973	0.50492	0.50492	0.505207	0.505207	0.508868	1.67994e-07	0.517541	0.517541	0.612512	0.165187	N/A	0.52935	0.535941	0.529519	0.518134	0.511063	0.50821	0.534014	0.525064	0.514261	0.507897	0.527417	0.503719	0.512667	0.506591	0.513908
N0.HOG0005217	0.601002	0.0239982	0.530432	0.520023	0.512107	0.512107	0.0283685	0.50492	0.50492	0.505207	0.505207	0.508868	0.5	0.5	0.5	0.165187	0.612512	N/A	0.52935	0.535941	0.529519	0.518134	0.511063	0.50821	0.534014	0.525064	0.514261	0.507897	0.527417	0.503719	0.0189604	0.5	0.513908
N0.HOG0005492	0.148657	0.0698472	0.530432	0.520023	0.0181232	0.512107	0.0283685	0.50492	0.50492	0.505207	0.505207	0.508868	0.0355391	0.0262332	0.517541	0.612512	0.612512	N/A	0.52935	0.535941	0.529519	0.518134	0.511063	0.50821	0.534014	0.525064	0.514261	0.507897	0.527417	0.503719	0.512667	0.506591	0.513908
N0.HOG0005583	0.601002	0.546951	0.530432	0.0299322	0.512107	0.512107	0.00957497	0.50492	0.50492	0.505207	0.00780307	0.508868	0.523789	0.517541	0.517541	0.612512	0.612512	N/A	0.52935	0.535941	0.529519	0.518134	0.511063	0.50821	0.534014	0.525064	0.514261	0.507897	0.527417	0.503719	0.512667	0.506591	0.513908
N0.HOG0005762	0.148657	0.546951	0.530432	0.520023	0.512107	7.41783e-05	0.518973	0.50492	0.50492	0.505207	0.505207	0.508868	0.523789	0.0262332	0.517541	0.612512	0.612512	N/A	0.52935	0.535941	0.529519	0.518134	0.511063	0.50821	0.534014	0.525064	0.514261	0.507897	0.527417	0.503719	0.512667	0.506591	0.513908
N0.HOG0005781	0.672517	0.587395	0.0872019	0.538851	0.523776	0.523776	0.536874	0.509768	0.509768	0.00261004	0.505207	0.508868	0.545895	0.534164	0.0176924	0.28447	0.28447	N/A	0.556142	0.568055	0.55645	0.535288	0.52176	0.516219	0.564597	0.548259	0.527915	0.515607	0.0789207	0.503719	0.524855	0.513052	0.527239
N0.HOG0005902	0.148657	0.546951	0.530432	0.0299322	7.41783e-05	0.512107	0.518973	0.50492	0.50492	0.505207	0.505207	0.508868	0.523789	0.517541	0.517541	0.612512	0.612512	N/A	0.52935	0.535941	0.529519	0.518134	0.511063	0.50821	0.534014	0.525064	0.514261	0.507897	0.527417	0.503719	0.512667	0.506591	0.513908
N0.HOG0005904	0.148657	0.546951	0.0454098	0.0299322	0.00608963	0.0181232	0.518973	0.50492	0.50492	0.505207	0.505207	0.508868	0.523789	0.534164	0.534164	0.612512	0.0589792	N/A	0.52935	0.535941	0.529519	0.518134	0.511063	0.50821	0.534014	0.525064	0.514261	0.507897	0.527417	0.503719	0.512667	0.00330632	0.513908
N0.HOG0005916	0.601002	0.0698472	0.558115	0.538851	0.0356655	0.523776	0.518973	0.50492	0.50492	0.505207	0.505207	0.0132828	0.523789	0.517541	0.517541	0.612512	0.612512	N/A	0.52935	0.535941	0.529519	0.00914782	0.52176	0.516219	0.534014	0.525064	0.514261	0.507897	0.527417	0.503719	0.512667	0.506591	0.513908
N0.HOG0006059	0.601002	0.587395	0.0872019	0.538851	8.118e-05	0.523776	0.518973	0.50492	0.50492	0.505207	0.505207	0.508868	0.523789	0.517541	0.517541	0.612512	0.612512	N/A	0.52935	0.535941	0.0149706	0.535288	0.52176	0.516219	0.534014	0.525064	0.514261	0.507897	0.527417	0.503719	0.512667	0.506591	0.513908
N0.HOG0006063	0.601002	0.0698472	0.530432	0.000204493	0.0181232	0.512107	0.518973	0.50492	0.50492	0.505207	0.505207	0.508868	0.523789	0.517541	0.517541	0.612512	0.612512	N/A	0.52935	0.535941	0.529519	0.518134	0.511063	0.50821	0.534014	0.525064	0.514261	0.507897	0.527417	0.503719	0.512667	0.506591	0.513908
N0.HOG0006183	0.148657	0.0239982	0.530432	0.520023	0.00608963	0.512107	0.518973	0.50492	0.50492	0.505207	0.505207	0.508868	0.0120327	0.00884604	0.517541	0.612512	0.612512	N/A	0.52935	0.535941	0.529519	0.518134	0.511063	0.50821	0.534014	0.525064	0.514261	0.507897	0.527417	0.503719	0.512667	0.506591	0.513908
N0.HOG0006268	0.601002	0.0239982	0.0454098	0.520023	0.00608963	0.0181232	0.518973	0.50492	0.50492	0.505207	0.00780307	0.508868	0.523789	0.517541	0.517541	0.612512	0.612512	N/A	0.52935	0.535941	0.529519	0.518134	0.511063	0.50821	0.534014	0.525064	0.514261	0.507897	0.527417	0.503719	0.512667	0.506591	0.513908
N0.HOG0006317	0.601002	0.546951	0.530432	0.520023	0.512107	0.512107	0.536874	0.509768	0.509768	0.510332	0.0154981	0.517502	0.523789	0.517541	0.517541	0.612512	0.165187	N/A	0.52935	0.535941	0.529519	0.518134	0.511063	0.50821	0.0172857	0.548259	0.527915	0.515607	0.5526	0.507396	0.0372852	0.506591	0.513908
N0.HOG0006369	0.148657	0.5	0.5	0.5	0.5	0.5	0.518973	0.5	0.5	0.5	0.5	0.5	0.5	0.5	0.5	0.612512	0.612512	N/A	0.52935	0.535941	0.044054	0.5	0.5	0.5	0.534014	0.525064	0.0213398	0.0118292	0.5	0.5	0.5	0.5	0.513908
N0.HOG0006455	0.601002	0.546951	0.530432	0.520023	0.00608963	0.512107	0.00957497	0.50492	0.50492	0.505207	0.505207	0.508868	0.523789	0.534164	0.534164	0.612512	0.612512	N/A	0.52935	0.535941	0.529519	0.518134	0.511063	0.50821	0.534014	0.525064	0.514261	0.507897	0.527417	0.503719	0.512667	0.00330632	0.513908
N0.HOG0006458	0.601002	0.0011545	0.530432	0.520023	0.512107	0.512107	0.518973	0.5	0.5	0.505207	0.505207	0.0132828	0.523789	0.517541	0.517541	0.612512	0.165187	N/A	0.52935	0.535941	0.529519	0.518134	0.511063	0.50821	0.534014	0.525064	0.0213398	0.507897	0.527417	0.503719	0.512667	0.506591	0.513908
N0.HOG0006530	0.601002	0.0239982	0.530432	0.520023	0.00608963	0.512107	0.518973	0.50492	0.50492	0.505207	0.505207	0.508868	0.523789	0.517541	0.0262332	0.165187	0.612512	N/A	0.52935	0.535941	0.529519	0.518134	0.511063	0.50821	0.534014	0.525064	0.514261	0.507897	0.527417	0.503719	0.512667	0.506591	0.513908
N0.HOG0006640	0.148657	0.0011545	0.530432	0.0299322	0.512107	0.512107	0.518973	0.50492	0.50492	0.505207	0.00780307	0.0132828	0.523789	0.517541	0.517541	0.612512	0.612512	N/A	0.52935	0.535941	0.529519	0.518134	0.511063	0.50821	0.534014	0.525064	0.514261	0.507897	0.527417	0.503719	0.512667	0.506591	0.513908
N0.HOG0006728	0.601002	0.546951	0.530432	8.36692e-08	0.512107	0.512107	0.518973	0.50492	0.50492	0.505207	0.505207	0.508868	0.523789	0.517541	0.0262332	0.612512	0.165187	N/A	0.52935	0.535941	0.529519	0.518134	0.511063	0.50821	0.534014	0.525064	0.514261	0.507897	0.527417	0.503719	0.512667	0.506591	0.513908
N0.HOG0006779	0.601002	5.55403e-05	0.530432	0.520023	0.00608963	0.512107	0.518973	0.50492	0.50492	0.505207	0.505207	0.508868	0.523789	0.517541	0.0262332	0.165187	0.612512	N/A	0.52935	0.535941	0.529519	0.518134	0.511063	0.50821	0.534014	0.525064	0.514261	0.507897	0.527417	0.503719	0.512667	0.506591	0.513908
N0.HOG0006793	0.148657	0.546951	0.530432	0.0299322	0.0181232	0.512107	0.518973	0.50492	0.50492	0.00780307	0.505207	0.508868	0.523789	0.517541	0.517541	0.612512	0.612512	N/A	0.52935	0.535941	0.529519	0.518134	0.511063	0.50821	0.534014	0.525064	0.514261	0.507897	0.527417	0.503719	0.512667	0.506591	0.513908
N0.HOG0006869	0.148657	0.0698472	0.0454098	0.520023	0.0181232	0.512107	0.518973	0.50492	0.00737393	0.505207	0.00780307	0.508868	0.0355391	0.0262332	0.00884604	0.612512	0.165187	N/A	0.52935	0.535941	0.529519	0.518134	0.511063	0.50821	0.534014	0.525064	0.514261	0.507897	0.527417	0.503719	0.512667	0.506591	0.513908
N0.HOG0007019	0.601002	0.0011545	0.0454098	0.520023	0.512107	0.512107	0.518973	0.50492	0.50492	0.00780307	0.505207	0.0132828	0.523789	0.00884604	0.517541	0.612512	0.612512	N/A	0.52935	0.535941	0.529519	0.518134	0.511063	0.50821	0.534014	0.525064	0.514261	0.507897	0.527417	0.503719	0.512667	0.506591	0.513908
N0.HOG0007131	0.601002	0.0698472	0.530432	0.520023	0.00608963	0.512107	0.518973	0.50492	0.50492	0.505207	0.505207	0.508868	0.0355391	0.517541	0.0262332	0.612512	0.612512	N/A	0.52935	0.535941	0.529519	0.518134	0.511063	0.50821	0.534014	0.525064	0.514261	0.507897	0.527417	0.503719	0.512667	0.506591	0.513908
N0.HOG0007166	0.00562696	0.0698472	0.530432	0.520023	0.0181232	0.512107	0.00957497	0.50492	0.50492	0.505207	0.505207	0.508868	0.0120327	0.00884604	0.517541	0.165187	0.612512	N/A	0.52935	0.535941	0.529519	0.518134	0.511063	0.50821	0.534014	0.525064	0.514261	0.507897	0.527417	0.503719	0.512667	0.506591	0.513908
N0.HOG0007173	0.601002	0.546951	0.530432	0.520023	0.512107	0.0181232	0.518973	0.00737393	0.50492	0.505207	0.00780307	0.508868	0.523789	0.517541	0.517541	0.612512	0.612512	N/A	0.52935	0.535941	0.529519	0.518134	0.511063	0.50821	0.534014	0.525064	0.514261	0.507897	0.527417	0.503719	0.512667	0.506591	0.513908
N0.HOG0007186	0.601002	0.546951	0.530432	0.520023	0.512107	0.512107	0.0283685	0.50492	0.50492	0.505207	0.505207	0.508868	0.0355391	0.0262332	0.517541	0.612512	0.165187	N/A	0.52935	0.535941	0.529519	0.518134	0.511063	0.50821	0.534014	0.525064	0.514261	0.507897	0.527417	0.503719	0.512667	0.506591	0.513908
N0.HOG0007194	0.148657	0.546951	0.530432	0.0299322	0.512107	0.512107	0.518973	0.50492	0.50492	0.505207	0.505207	0.508868	0.0120327	0.00884604	0.517541	0.612512	0.165187	N/A	0.52935	0.535941	0.529519	0.518134	0.511063	0.50821	0.534014	0.525064	0.514261	0.507897	0.527417	0.503719	0.512667	0.506591	0.513908
N0.HOG0007261	0.601002	0.0239982	0.0454098	0.520023	0.00608963	0.512107	0.518973	0.50492	0.50492	0.505207	0.00780307	0.508868	0.523789	0.517541	0.517541	0.612512	0.612512	N/A	0.52935	0.535941	0.529519	0.518134	0.511063	0.50821	0.534014	0.525064	0.514261	0.507897	0.527417	0.503719	0.512667	0.506591	0.513908
N0.HOG0007269	0.601002	0.546951	0.530432	0.520023	0.0181232	0.512107	0.518973	0.50492	0.50492	0.505207	0.00780307	0.0132828	0.523789	0.5	0.5	0.0589792	0.612512	N/A	0.52935	0.535941	0.529519	0.518134	0.511063	0.50821	0.534014	0.525064	0.514261	0.507897	0.527417	0.503719	0.512667	0.00987568	0.513908
N0.HOG0007399	0.601002	0.546951	0.530432	0.520023	0.0181232	0.512107	0.518973	0.50492	0.50492	0.505207	0.505207	0.508868	0.0355391	0.517541	0.0262332	0.165187	0.612512	N/A	0.52935	0.535941	0.529519	0.518134	0.511063	0.50821	0.534014	0.525064	0.514261	0.507897	0.527417	0.503719	0.512667	0.506591	0.513908
N0.HOG0007409	0.148657	0.546951	0.530432	0.0299322	0.512107	0.0181232	0.518973	0.00246603	0.50492	0.505207	0.505207	0.0132828	0.523789	0.517541	0.0262332	0.612512	0.165187	N/A	0.52935	0.535941	0.529519	0.518134	0.511063	0.50821	0.534014	0.525064	0.514261	0.507897	0.527417	0.503719	0.512667	0.506591	0.513908
N0.HOG0007446	0.148657	0.546951	0.530432	0.520023	0.512107	0.512107	0.0283685	0.50492	0.50492	0.505207	0.505207	0.508868	0.0355391	0.0262332	0.517541	0.612512	0.612512	N/A	0.52935	0.535941	0.529519	0.518134	0.511063	0.50821	0.534014	0.525064	0.514261	0.507897	0.527417	0.503719	0.512667	0.506591	0.513908
N0.HOG0007474	0.601002	0.0698472	0.530432	0.520023	0.512107	0.512107	0.518973	0.00737393	0.50492	0.505207	0.00780307	0.508868	0.523789	0.517541	0.517541	0.612512	0.612512	N/A	0.52935	0.535941	0.529519	0.518134	0.511063	0.50821	0.534014	0.525064	0.514261	0.507897	0.527417	0.503719	0.512667	0.506591	0.513908
N0.HOG0007574	0.601002	0.546951	0.530432	0.520023	0.512107	0.512107	0.00957497	0.50492	0.50492	0.505207	0.505207	0.508868	0.523789	0.534164	0.000771837	0.612512	0.612512	N/A	0.52935	0.535941	0.529519	0.518134	0.511063	0.50821	0.534014	0.525064	0.514261	0.507897	0.527417	0.503719	0.512667	0.00330632	0.513908
N0.HOG0007654	0.601002	0.0698472	0.530432	0.520023	0.512107	0.512107	0.0283685	0.00737393	0.50492	0.505207	0.505207	0.508868	0.523789	0.517541	0.517541	0.612512	0.165187	N/A	0.52935	0.535941	0.529519	0.518134	0.511063	0.50821	0.534014	0.525064	0.514261	0.507897	0.527417	0.503719	0.512667	0.506591	0.513908
N0.HOG0007679	0.601002	0.546951	0.530432	0.538851	0.523776	0.0356655	0.518973	0.50492	0.50492	0.505207	0.505207	0.508868	0.0355391	0.0262332	0.517541	0.612512	0.165187	N/A	0.52935	0.535941	0.529519	0.518134	0.00556166	0.516219	0.534014	0.525064	0.514261	0.507897	0.527417	0.503719	0.512667	0.506591	0.513908
N0.HOG0007685	0.601002	0.0698472	0.530432	0.520023	0.512107	0.0181232	0.518973	0.50492	0.50492	0.505207	0.00780307	0.0132828	0.523789	0.517541	0.517541	0.612512	0.612512	N/A	0.52935	0.535941	0.529519	0.518134	0.511063	0.50821	0.534014	0.525064	0.514261	0.507897	0.527417	0.503719	0.512667	0.506591	0.513908
N0.HOG0007730	0.601002	0.0698472	0.0454098	0.520023	0.0181232	0.512107	0.518973	0.50492	0.50492	0.505207	0.505207	0.508868	0.0355391	0.517541	0.517541	0.612512	0.612512	N/A	0.52935	0.535941	0.529519	0.518134	0.511063	0.50821	0.534014	0.525064	0.514261	0.507897	0.527417	0.503719	0.512667	0.506591	0.513908
N0.HOG0007744	0.148657	0.0239982	0.530432	0.520023	0.512107	0.512107	0.0283685	0.50492	0.50492	0.505207	0.505207	0.508868	0.523789	0.517541	0.0262332	0.612512	0.165187	N/A	0.52935	0.535941	0.529519	0.518134	0.511063	0.50821	0.534014	0.525064	0.514261	0.507897	0.527417	0.503719	0.512667	0.506591	0.513908
N0.HOG0007746	0.601002	0.0698472	0.530432	0.520023	0.0181232	0.512107	0.0283685	0.00737393	0.50492	0.505207	0.505207	0.508868	0.523789	0.517541	0.517541	0.612512	0.612512	N/A	0.52935	0.535941	0.529519	0.518134	0.511063	0.50821	0.534014	0.525064	0.514261	0.507897	0.527417	0.503719	0.512667	0.506591	0.513908
N0.HOG0007749	0.148657	0.546951	0.530432	0.520023	0.0181232	0.512107	0.518973	0.50492	0.50492	0.505207	0.505207	0.508868	0.523789	0.0262332	0.00884604	0.612512	0.612512	N/A	0.52935	0.535941	0.529519	0.518134	0.511063	0.50821	0.534014	0.525064	0.514261	0.507897	0.527417	0.503719	0.512667	0.506591	0.513908
N0.HOG0007754	0.601002	0.0698472	0.530432	0.0299322	0.0181232	0.512107	0.518973	0.50492	0.50492	0.505207	0.00780307	0.508868	0.523789	0.517541	0.517541	0.612512	0.612512	N/A	0.52935	0.535941	0.529519	0.518134	0.511063	0.50821	0.534014	0.525064	0.514261	0.507897	0.527417	0.503719	0.512667	0.506591	0.513908
N0.HOG0007756	0.0527395	0.0698472	0.530432	0.520023	0.512107	0.512107	0.518973	0.50492	0.50492	0.505207	0.505207	0.508868	0.523789	0.00884604	0.0262332	0.612512	0.165187	N/A	0.52935	0.535941	0.529519	0.518134	0.511063	0.50821	0.534014	0.525064	0.514261	0.507897	0.527417	0.503719	0.512667	0.506591	0.513908
N0.HOG0007781	0.148657	0.0011545	0.530432	0.520023	0.00608963	0.512107	0.00957497	0.50492	0.50492	0.505207	0.505207	0.508868	0.523789	0.517541	0.517541	0.612512	0.612512	N/A	0.52935	0.535941	0.529519	0.518134	0.511063	0.50821	0.534014	0.525064	0.514261	0.507897	0.527417	0.503719	0.512667	0.506591	0.513908
N0.HOG0007805	0.601002	0.0698472	0.530432	0.0299322	0.0181232	0.512107	0.518973	0.50492	0.50492	0.00780307	0.505207	0.508868	0.523789	0.517541	0.517541	0.612512	0.165187	N/A	0.52935	0.535941	0.529519	0.518134	0.511063	0.50821	0.534014	0.525064	0.514261	0.507897	0.527417	0.503719	0.512667	0.506591	0.513908
N0.HOG0007820	0.148657	0.0698472	0.530432	0.520023	0.0181232	0.512107	0.518973	0.50492	0.50492	0.505207	0.00780307	0.0132828	0.523789	0.517541	0.517541	0.612512	0.0589792	N/A	0.52935	0.535941	0.529519	0.518134	0.511063	0.50821	0.534014	0.525064	0.514261	0.507897	0.527417	0.503719	0.512667	0.506591	0.513908
N0.HOG0007844	0.148657	0.546951	0.530432	0.520023	0.512107	0.512107	0.518973	0.50492	0.50492	0.505207	0.505207	0.508868	0.0355391	0.0262332	0.00884604	0.612512	0.165187	N/A	0.52935	0.535941	0.529519	0.518134	0.511063	0.50821	0.534014	0.525064	0.514261	0.507897	0.527417	0.503719	0.512667	0.506591	0.513908
N0.HOG0007848	0.601002	0.546951	0.530432	0.520023	0.512107	0.512107	0.5	0.5	0.5	0.505207	0.505207	0.508868	0.0240663	0.000771837	0.534164	0.612512	0.612512	N/A	0.52935	0.535941	0.529519	0.518134	0.511063	0.50821	0.534014	0.0374342	0.5	0.507897	0.527417	0.503719	0.00637328	0.513052	0.513908
N0.HOG0007850	0.601002	0.0698472	0.530432	0.520023	0.00608963	0.512107	0.518973	0.50492	0.50492	0.505207	0.505207	0.508868	0.523789	0.00884604	0.517541	0.165187	0.612512	N/A	0.52935	0.535941	0.529519	0.518134	0.511063	0.50821	0.534014	0.525064	0.514261	0.507897	0.527417	0.503719	0.512667	0.506591	0.513908
N0.HOG0007854	0.601002	0.0698472	0.0454098	0.0299322	0.512107	0.512107	0.518973	0.50492	0.50492	0.505207	0.505207	0.508868	0.0120327	0.517541	0.0262332	0.612512	0.165187	N/A	0.52935	0.535941	0.529519	0.518134	0.511063	0.50821	0.534014	0.525064	0.514261	0.507897	0.527417	0.503719	0.512667	0.506591	0.513908
N0.HOG0007927	0.148657	0.546951	0.530432	0.520023	0.5	0.5	0.518973	0.50492	0.00246603	0.505207	0.00780307	0.508868	0.0355391	0.0262332	0.517541	0.612512	0.612512	N/A	0.52935	0.535941	0.529519	0.518134	0.511063	0.0122984	0.534014	0.525064	0.514261	0.507897	0.527417	0.503719	0.512667	0.506591	0.513908
N0.HOG0007939	0.601002	0.0698472	0.530432	0.520023	0.512107	0.512107	0.518973	0.50492	0.00737393	0.505207	0.505207	0.0132828	0.523789	0.517541	0.517541	0.612512	0.612512	N/A	0.52935	0.535941	0.529519	0.518134	0.511063	0.50821	0.534014	0.525064	0.514261	0.507897	0.527417	0.503719	0.512667	0.506591	0.513908
N0.HOG0007946	0.601002	0.546951	0.0454098	0.520023	0.0181232	0.512107	0.518973	0.50492	0.50492	0.00780307	0.505207	0.0132828	0.523789	0.517541	0.517541	0.612512	0.612512	N/A	0.52935	0.535941	0.529519	0.518134	0.511063	0.50821	0.534014	0.525064	0.514261	0.507897	0.527417	0.503719	0.512667	0.506591	0.513908
N0.HOG0007962	0.601002	0.546951	0.530432	0.520023	0.00608963	0.512107	0.518973	0.50492	0.50492	0.505207	0.505207	0.0132828	0.0120327	0.517541	0.517541	0.612512	0.165187	N/A	0.52935	0.535941	0.529519	0.518134	0.511063	0.50821	0.534014	0.525064	0.514261	0.507897	0.527417	0.503719	0.512667	0.506591	0.513908
N0.HOG0007968	0.601002	0.0239982	0.530432	0.520023	0.512107	0.512107	0.0283685	0.50492	0.50492	0.505207	0.505207	0.0132828	0.0355391	0.0262332	0.517541	0.612512	0.612512	N/A	0.52935	0.535941	0.529519	0.518134	0.511063	0.50821	0.534014	0.525064	0.514261	0.507897	0.527417	0.503719	0.512667	0.506591	0.513908
N0.HOG0007984	0.601002	0.546951	0.530432	0.0101096	0.512107	0.0181232	0.518973	0.00246603	0.50492	0.505207	0.505207	0.508868	0.523789	0.517541	0.517541	0.612512	0.612512	N/A	0.52935	0.535941	0.529519	0.518134	0.511063	0.50821	0.534014	0.525064	0.514261	0.507897	0.527417	0.503719	0.512667	0.506591	0.513908
N0.HOG0008020	0.148657	0.0698472	0.0154403	0.520023	0.512107	0.512107	0.518973	0.50492	0.50492	0.505207	0.00780307	0.508868	0.0355391	0.517541	0.517541	0.612512	0.165187	N/A	0.52935	0.535941	0.529519	0.518134	0.511063	0.50821	0.534014	0.525064	0.514261	0.507897	0.527417	0.503719	0.512667	0.506591	0.513908
N0.HOG0008039	0.148657	0.0239982	0.530432	0.520023	0.512107	0.512107	0.518973	0.50492	0.50492	0.505207	0.505207	0.508868	0.0355391	0.0262332	0.517541	0.612512	0.165187	N/A	0.52935	0.535941	0.529519	0.518134	0.511063	0.50821	0.534014	0.525064	0.514261	0.507897	0.527417	0.503719	0.512667	0.506591	0.513908
N0.HOG0008040	0.601002	0.546951	0.530432	0.520023	0.00608963	0.512107	0.518973	0.50492	0.50492	0.505207	0.00780307	0.0132828	0.523789	0.517541	0.517541	0.612512	0.612512	N/A	0.52935	0.535941	0.529519	0.518134	0.511063	0.50821	0.534014	0.525064	0.514261	0.507897	0.527417	0.503719	0.512667	0.506591	0.513908
N0.HOG0008059	0.601002	0.546951	0.530432	0.520023	0.512107	0.512107	0.518973	0.5	0.5	0.5	0.5	0.508868	0.0355391	0.517541	0.517541	0.612512	0.612512	N/A	0.52935	0.535941	0.529519	0.518134	0.511063	0.50821	0.534014	0.525064	0.0213398	0.507897	0.527417	0.0055744	0.512667	0.506591	0.513908
N0.HOG0008070	0.601002	0.546951	0.530432	0.520023	0.512107	0.512107	0.518973	0.50492	0.50492	0.505207	0.505207	0.508868	0.0120327	0.000156554	0.0262332	0.612512	0.165187	N/A	0.52935	0.535941	0.529519	0.518134	0.511063	0.50821	0.534014	0.525064	0.514261	0.507897	0.527417	0.503719	0.512667	0.506591	0.513908
N0.HOG0008109	0.601002	0.546951	0.0454098	0.0299322	0.512107	0.512107	0.518973	0.50492	0.50492	0.505207	0.505207	0.0132828	0.523789	0.517541	0.517541	0.165187	0.612512	N/A	0.52935	0.535941	0.529519	0.518134	0.511063	0.50821	0.534014	0.525064	0.514261	0.507897	0.527417	0.503719	0.512667	0.506591	0.513908
N0.HOG0008117	0.148657	0.546951	0.0454098	0.520023	0.512107	0.512107	0.00957497	0.50492	0.50492	0.505207	0.505207	0.508868	0.523789	0.000156554	0.517541	0.612512	0.165187	N/A	0.52935	0.535941	0.529519	0.518134	0.511063	0.50821	0.534014	0.525064	0.514261	0.507897	0.527417	0.503719	0.512667	0.506591	0.513908
N0.HOG0008121	0.0527395	0.546951	0.530432	0.0299322	0.512107	0.512107	0.518973	0.50492	0.00737393	0.5	0.5	0.5	0.523789	0.517541	0.517541	0.165187	0.612512	N/A	0.52935	0.535941	0.529519	0.518134	0.511063	0.50821	0.534014	0.525064	0.514261	0.507897	0.0409321	0.5	0.512667	0.506591	0.513908
N0.HOG0008127	0.148657	0.0239982	0.530432	0.0299322	0.512107	0.512107	0.518973	0.00737393	0.50492	0.00780307	0.505207	0.0132828	0.523789	0.517541	0.517541	0.165187	0.612512	N/A	0.52935	0.535941	0.529519	0.518134	0.511063	0.50821	0.534014	0.525064	0.514261	0.507897	0.527417	0.503719	0.512667	0.506591	0.513908
N0.HOG0008157	0.601002	0.546951	0.530432	0.520023	0.512107	0.512107	0.0283685	0.50492	0.50492	0.505207	0.505207	0.508868	0.0355391	0.0262332	0.517541	0.612512	0.165187	N/A	0.52935	0.535941	0.529519	0.518134	0.511063	0.50821	0.534014	0.525064	0.514261	0.507897	0.527417	0.503719	0.512667	0.506591	0.513908
N0.HOG0008169	0.601002	0.546951	0.530432	0.0299322	0.512107	0.0181232	0.518973	0.5	0.5	0.5	0.5	0.508868	0.523789	0.517541	0.0262332	0.612512	0.165187	N/A	0.52935	0.535941	0.529519	0.518134	0.511063	0.50821	0.534014	0.525064	0.0213398	0.507897	0.527417	0.0055744	0.512667	0.506591	0.513908
N0.HOG0008192	0.601002	0.0698472	0.530432	0.0299322	0.512107	0.512107	0.518973	0.50492	0.50492	0.505207	0.505207	0.0132828	0.523789	0.517541	0.517541	0.612512	0.165187	N/A	0.52935	0.535941	0.529519	0.518134	0.511063	0.50821	0.534014	0.525064	0.514261	0.507897	0.527417	0.503719	0.512667	0.506591	0.513908
N0.HOG0008201	0.601002	0.546951	0.0454098	0.0299322	0.512107	0.512107	0.518973	0.50492	0.50492	0.00780307	0.505207	0.508868	0.523789	0.517541	0.517541	0.612512	0.0589792	N/A	0.52935	0.535941	0.529519	0.518134	0.511063	0.50821	0.534014	0.525064	0.514261	0.507897	0.527417	0.503719	0.512667	0.506591	0.513908
N0.HOG0008219	0.0527395	0.546951	0.530432	0.520023	0.512107	0.0181232	0.518973	0.50492	0.50492	0.505207	0.505207	0.00445369	0.523789	0.517541	0.0262332	0.612512	0.165187	N/A	0.52935	0.535941	0.529519	0.518134	0.511063	0.50821	0.534014	0.525064	0.514261	0.507897	0.527417	0.503719	0.512667	0.506591	0.513908
N0.HOG0008228	0.148657	0.546951	0.530432	0.0101096	0.512107	0.0181232	0.518973	0.50492	0.00737393	0.505207	0.505207	0.508868	0.523789	0.517541	0.517541	0.165187	0.612512	N/A	0.52935	0.535941	0.529519	0.518134	0.511063	0.50821	0.534014	0.525064	0.514261	0.507897	0.527417	0.503719	0.512667	0.506591	0.513908
N0.HOG0008231	0.601002	0.546951	0.530432	0.520023	0.5	0.5	0.518973	0.50492	0.50492	0.505207	0.00780307	0.508868	0.523789	0.517541	0.0262332	0.612512	0.612512	N/A	0.52935	0.535941	0.529519	0.518134	0.511063	0.0122984	0.534014	0.525064	0.514261	0.507897	0.527417	0.503719	0.512667	0.506591	0.513908
N0.HOG0008233	0.148657	0.0698472	0.530432	0.520023	0.0181232	0.512107	0.0283685	0.50492	0.50492	0.505207	0.505207	0.508868	0.523789	0.517541	0.517541	0.612512	0.165187	N/A	0.52935	0.535941	0.529519	0.518134	0.511063	0.50821	0.534014	0.525064	0.514261	0.507897	0.527417	0.503719	0.512667	0.506591	0.513908
N0.HOG0008244	0.601002	0.546951	0.530432	0.520023	0.512107	0.0181232	0.518973	0.50492	0.00737393	0.505207	0.00780307	0.0132828	0.523789	0.517541	0.0262332	0.165187	0.612512	N/A	0.52935	0.535941	0.529519	0.518134	0.511063	0.50821	0.534014	0.525064	0.514261	0.507897	0.527417	0.503719	0.512667	0.506591	0.513908
N0.HOG0008257	0.148657	0.546951	0.530432	0.520023	0.512107	7.41783e-05	0.518973	0.50492	0.50492	0.00780307	0.505207	0.0132828	0.523789	0.517541	0.517541	0.612512	0.165187	N/A	0.52935	0.535941	0.529519	0.518134	0.511063	0.50821	0.534014	0.525064	0.514261	0.507897	0.527417	0.503719	0.512667	0.506591	0.513908
N0.HOG0008264	0.601002	0.546951	0.530432	0.520023	0.512107	0.512107	0.0283685	0.50492	0.00737393	0.00780307	0.505207	0.0132828	0.523789	0.517541	0.517541	0.612512	0.612512	N/A	0.52935	0.535941	0.529519	0.518134	0.511063	0.50821	0.534014	0.525064	0.514261	0.507897	0.527417	0.503719	0.512667	0.506591	0.513908
N0.HOG0008277	0.601002	0.546951	0.530432	0.520023	0.0181232	0.512107	0.518973	0.50492	0.00737393	0.505207	0.505207	0.508868	0.523789	0.517541	0.0262332	0.612512	0.612512	N/A	0.52935	0.535941	0.529519	0.518134	0.511063	0.50821	0.534014	0.525064	0.514261	0.507897	0.527417	0.503719	0.512667	0.506591	0.513908
N0.HOG0008285	0.601002	0.0239982	0.530432	0.520023	0.512107	0.0181232	0.518973	0.50492	0.50492	0.505207	0.00780307	0.508868	0.523789	0.517541	0.517541	0.165187	0.612512	N/A	0.52935	0.535941	0.529519	0.518134	0.511063	0.50821	0.534014	0.525064	0.514261	0.507897	0.527417	0.503719	0.512667	0.506591	0.513908
N0.HOG0008292	0.601002	0.546951	0.530432	0.520023	0.512107	0.512107	0.518973	0.50492	0.50492	0.505207	0.00780307	0.0132828	0.523789	0.517541	0.0262332	0.612512	0.00705817	N/A	0.52935	0.535941	0.529519	0.518134	0.511063	0.50821	0.534014	0.525064	0.514261	0.507897	0.527417	0.503719	0.512667	0.506591	0.513908
N0.HOG0008313	0.601002	0.0698472	0.530432	0.520023	0.512107	0.512107	0.0283685	0.50492	0.50492	0.505207	0.505207	0.508868	0.523789	0.5	0.5	0.165187	0.612512	N/A	0.52935	0.535941	0.529519	0.518134	0.511063	0.50821	0.534014	0.525064	0.514261	0.507897	0.527417	0.503719	0.512667	0.00987568	0.513908
N0.HOG0008329	0.601002	0.546951	0.530432	0.0299322	0.0181232	0.512107	0.518973	0.50492	0.50492	0.505207	0.505207	0.508868	0.0355391	0.0262332	0.517541	0.612512	0.612512	N/A	0.52935	0.535941	0.529519	0.518134	0.511063	0.50821	0.534014	0.525064	0.514261	0.507897	0.527417	0.503719	0.512667	0.506591	0.513908
N0.HOG0008343	0.601002	0.0239982	0.530432	0.520023	0.512107	0.0181232	0.518973	0.50492	0.50492	0.505207	0.505207	0.508868	0.523789	0.517541	0.0262332	0.165187	0.612512	N/A	0.52935	0.535941	0.529519	0.518134	0.511063	0.50821	0.534014	0.525064	0.514261	0.507897	0.527417	0.503719	0.512667	0.506591	0.513908
N0.HOG0008348	0.601002	0.0698472	0.0454098	0.0299322	0.512107	0.0181232	0.518973	0.50492	0.50492	0.505207	0.00780307	0.0132828	0.0355391	0.517541	0.517541	0.612512	0.165187	N/A	0.52935	0.535941	0.529519	0.518134	0.511063	0.50821	0.534014	0.525064	0.514261	0.507897	0.527417	0.503719	0.512667	0.506591	0.513908
N0.HOG0008357	0.148657	0.546951	0.0154403	0.520023	0.512107	0.512107	0.518973	0.00737393	0.50492	0.505207	0.505207	0.508868	0.0120327	0.00884604	0.0262332	0.612512	0.612512	N/A	0.52935	0.535941	0.529519	0.518134	0.511063	0.50821	0.534014	0.525064	0.514261	0.507897	0.527417	0.503719	0.512667	0.506591	0.513908
N0.HOG0008381	0.601002	0.546951	0.5	0.5	0.5	0.5	0.00957497	0.50492	0.00737393	0.00780307	1.3625e-05	0.0132828	0.0355391	0.0262332	0.517541	0.0589792	0.165187	N/A	0.52935	0.535941	0.529519	0.0271177	0.5	0.5	0.534014	0.525064	0.514261	0.507897	0.527417	0.503719	0.512667	0.506591	0.513908
N0.HOG0008383	0.148657	0.546951	0.0454098	0.0299322	7.41783e-05	0.0181232	0.5	0.5	0.5	0.5	0.5	0.5	0.5	0.5	0.5	0.612512	0.0589792	N/A	0.52935	0.535941	0.529519	0.518134	0.511063	0.50821	0.0507211	0.5	0.5	0.5	0.5	0.5	0.5	0.5	0.513908
N0.HOG0008384	0.148657	0.0698472	0.530432	0.0101096	0.5	0.5	0.5	0.5	0.5	0.5	0.5	0.5	0.0355391	0.517541	0.517541	0.612512	0.165187	N/A	0.52935	0.535941	0.529519	0.518134	0.511063	0.0122984	0.534014	0.0374342	0.5	0.507897	0.0409321	0.5	0.512667	0.506591	0.513908
N0.HOG0008397	0.601002	0.546951	0.530432	0.520023	0.512107	0.512107	0.518973	0.5	0.5	0.505207	0.00780307	0.0132828	0.523789	0.517541	0.517541	0.612512	0.612512	N/A	0.52935	0.535941	0.529519	0.518134	0.511063	0.50821	0.534014	0.525064	0.0213398	0.507897	0.527417	0.503719	0.512667	0.506591	0.513908
N0.HOG0008400	0.148657	0.546951	0.530432	0.520023	0.0181232	0.512107	0.518973	0.50492	0.00737393	0.505207	0.505207	0.508868	0.0355391	0.517541	0.517541	0.612512	0.612512	N/A	0.52935	0.535941	0.529519	0.518134	0.511063	0.50821	0.534014	0.525064	0.514261	0.507897	0.527417	0.503719	0.512667	0.506591	0.513908
N0.HOG0008408	0.148657	0.0239982	0.530432	0.0299322	0.512107	0.512107	0.518973	0.50492	0.50492	0.505207	0.505207	0.00445369	0.0355391	0.0262332	0.517541	0.612512	0.165187	N/A	0.52935	0.535941	0.529519	0.518134	0.511063	0.50821	0.534014	0.525064	0.514261	0.507897	0.527417	0.503719	0.512667	0.506591	0.513908
N0.HOG0008409	0.148657	0.0239982	0.530432	0.520023	0.512107	0.512107	0.0283685	0.50492	0.50492	0.505207	0.505207	0.508868	0.5	0.5	0.5	0.612512	0.165187	N/A	0.52935	0.535941	0.529519	0.518134	0.511063	0.50821	0.534014	0.525064	0.514261	0.507897	0.527417	0.503719	0.0189604	0.5	0.513908
N0.HOG0008416	0.601002	0.0698472	0.530432	0.5	0.5	0.5	0.518973	0.50492	0.00737393	0.505207	0.505207	0.508868	0.5	0.5	0.5	0.612512	0.612512	N/A	0.52935	0.535941	0.529519	0.518134	0.0165633	0.5	0.534014	0.525064	0.514261	0.507897	0.527417	0.503719	0.0189604	0.5	0.513908
N0.HOG0008430	0.148657	0.546951	0.530432	0.520023	0.512107	0.512107	0.0283685	0.50492	0.50492	0.505207	0.505207	0.508868	0.0355391	0.0262332	0.517541	0.612512	0.612512	N/A	0.52935	0.535941	0.529519	0.518134	0.511063	0.50821	0.534014	0.525064	0.514261	0.507897	0.527417	0.503719	0.512667	0.506591	0.513908
N0.HOG0008435	0.601002	0.546951	0.530432	0.520023	0.512107	0.512107	0.0283685	0.50492	0.50492	0.505207	0.505207	0.508868	0.0355391	0.0262332	0.517541	0.612512	0.165187	N/A	0.52935	0.535941	0.529519	0.518134	0.511063	0.50821	0.534014	0.525064	0.514261	0.507897	0.527417	0.503719	0.512667	0.506591	0.513908
N0.HOG0008438	0.148657	0.0239982	0.530432	0.520023	0.512107	0.512107	0.0283685	0.50492	0.50492	0.505207	0.505207	0.508868	0.0355391	0.0262332	0.517541	0.612512	0.165187	N/A	0.52935	0.535941	0.529519	0.518134	0.511063	0.50821	0.534014	0.525064	0.514261	0.507897	0.527417	0.503719	0.512667	0.506591	0.513908
N0.HOG0008448	0.148657	0.546951	0.530432	0.520023	0.512107	0.512107	0.0283685	0.50492	0.00737393	0.505207	0.505207	0.508868	0.523789	0.0262332	0.517541	0.612512	0.612512	N/A	0.52935	0.535941	0.529519	0.518134	0.511063	0.50821	0.534014	0.525064	0.514261	0.507897	0.527417	0.503719	0.512667	0.506591	0.513908
N0.HOG0008451	0.601002	0.0239982	0.0454098	0.0299322	0.512107	0.512107	0.518973	0.5	0.5	0.5	0.5	0.508868	0.523789	0.517541	0.517541	0.0589792	0.612512	N/A	0.52935	0.535941	0.529519	0.518134	0.511063	0.50821	0.534014	0.525064	0.0213398	0.507897	0.527417	0.0055744	0.512667	0.506591	0.513908
N0.HOG0008458	0.601002	0.546951	0.0454098	0.520023	0.512107	0.512107	0.518973	0.50492	0.00737393	0.00780307	0.505207	0.508868	0.523789	0.517541	0.517541	0.612512	0.612512	N/A	0.52935	0.535941	0.529519	0.518134	0.511063	0.50821	0.534014	0.525064	0.514261	0.507897	0.527417	0.503719	0.512667	0.506591	0.513908
N0.HOG0008465	0.148657	0.546951	0.530432	0.0101096	0.512107	0.512107	0.518973	0.50492	0.50492	0.5	0.5	0.508868	0.0355391	0.0262332	0.517541	0.612512	0.165187	N/A	0.52935	0.535941	0.529519	0.518134	0.511063	0.50821	0.534014	0.525064	0.514261	0.507897	0.527417	0.0055744	0.512667	0.506591	0.513908
N0.HOG0008472	0.148657	0.0239982	0.530432	0.520023	0.512107	0.512107	0.0283685	0.50492	0.50492	0.505207	0.505207	0.508868	0.0355391	0.0262332	0.517541	0.612512	0.165187	N/A	0.52935	0.535941	0.529519	0.518134	0.511063	0.50821	0.534014	0.525064	0.514261	0.507897	0.527417	0.503719	0.512667	0.506591	0.513908
N0.HOG0008485	0.601002	0.546951	0.0454098	0.0299322	0.512107	0.512107	0.518973	0.50492	0.00737393	0.5	0.5	0.508868	0.523789	0.517541	0.517541	0.612512	0.612512	N/A	0.52935	0.535941	0.529519	0.518134	0.511063	0.50821	0.534014	0.525064	0.514261	0.507897	0.527417	0.0055744	0.512667	0.506591	0.513908
N0.HOG0008499	0.601002	0.0698472	0.530432	0.520023	0.512107	0.512107	0.518973	0.50492	0.50492	0.505207	0.00780307	0.508868	0.523789	0.517541	0.0262332	0.165187	0.612512	N/A	0.52935	0.535941	0.529519	0.518134	0.511063	0.50821	0.534014	0.525064	0.514261	0.507897	0.527417	0.503719	0.512667	0.506591	0.513908
N0.HOG0008506	0.601002	0.0698472	0.530432	0.520023	0.0181232	0.00608963	0.518973	0.50492	0.00246603	0.505207	0.505207	0.508868	0.523789	0.517541	0.517541	0.165187	0.612512	N/A	0.52935	0.535941	0.529519	0.518134	0.511063	0.50821	0.534014	0.525064	0.514261	0.507897	0.527417	0.503719	0.512667	0.506591	0.513908
N0.HOG0008508	0.601002	0.0698472	0.530432	0.0299322	0.0181232	0.512107	0.518973	0.50492	0.50492	0.505207	0.505207	0.508868	0.523789	0.517541	0.517541	0.165187	0.612512	N/A	0.52935	0.535941	0.529519	0.518134	0.511063	0.50821	0.534014	0.525064	0.514261	0.507897	0.527417	0.503719	0.512667	0.506591	0.513908
N0.HOG0008525	0.148657	0.546951	0.530432	0.520023	0.512107	0.512107	0.518973	0.00737393	0.50492	0.505207	0.505207	0.508868	0.523789	0.517541	0.0262332	0.165187	0.612512	N/A	0.52935	0.535941	0.529519	0.518134	0.511063	0.50821	0.534014	0.525064	0.514261	0.507897	0.527417	0.503719	0.512667	0.506591	0.513908
N0.HOG0008528	0.601002	0.546951	0.530432	0.520023	0.0181232	0.512107	0.0283685	0.50492	0.50492	0.505207	0.505207	0.508868	0.523789	0.0262332	0.517541	0.612512	0.165187	N/A	0.52935	0.535941	0.529519	0.518134	0.511063	0.50821	0.534014	0.525064	0.514261	0.507897	0.527417	0.503719	0.512667	0.506591	0.513908
N0.HOG0008545	0.601002	0.0698472	0.530432	0.520023	0.512107	0.512107	0.518973	0.50492	0.50492	0.505207	0.505207	0.00445369	0.523789	0.517541	0.0262332	0.612512	0.165187	N/A	0.52935	0.535941	0.529519	0.518134	0.511063	0.50821	0.534014	0.525064	0.514261	0.507897	0.527417	0.503719	0.512667	0.506591	0.513908
N0.HOG0008556	0.601002	0.0698472	0.0454098	0.0299322	0.512107	0.512107	0.0283685	0.50492	0.50492	0.505207	0.505207	0.508868	0.0355391	0.517541	0.0262332	0.612512	0.612512	N/A	0.52935	0.535941	0.529519	0.518134	0.511063	0.50821	0.534014	0.525064	0.514261	0.507897	0.527417	0.503719	0.512667	0.506591	0.513908
N0.HOG0008576	0.148657	0.546951	0.0454098	0.520023	0.00608963	0.0181232	0.518973	0.50492	0.50492	0.5	0.5	0.508868	0.5	0.5	0.5	0.612512	0.165187	N/A	0.52935	0.535941	0.529519	0.518134	0.511063	0.50821	0.534014	0.525064	0.514261	0.507897	0.527417	0.0055744	0.0189604	0.5	0.513908
N0.HOG0008582	0.148657	0.546951	0.0454098	0.520023	0.512107	0.0181232	0.00957497	0.50492	0.50492	0.505207	0.505207	0.508868	0.523789	0.517541	0.517541	0.612512	0.165187	N/A	0.52935	0.535941	0.529519	0.518134	0.511063	0.50821	0.534014	0.525064	0.514261	0.507897	0.527417	0.503719	0.512667	0.506591	0.513908
N0.HOG0008585	0.601002	0.0698472	0.530432	0.520023	0.0181232	0.512107	0.518973	0.50492	0.50492	0.505207	0.505207	0.508868	0.523789	0.0262332	0.517541	0.612512	0.165187	N/A	0.52935	0.535941	0.529519	0.518134	0.511063	0.50821	0.534014	0.525064	0.514261	0.507897	0.527417	0.503719	0.512667	0.506591	0.513908
N0.HOG0008602	0.259892	0.587395	0.558115	0.0582852	0.523776	0.523776	0.0553178	0.509768	0.509768	0.510332	0.510332	0.517502	0.545895	0.0176924	0.0512521	0.28447	0.688607	N/A	0.556142	0.568055	0.55645	0.535288	0.52176	0.516219	0.564597	0.548259	0.527915	0.515607	0.5526	0.507396	0.524855	0.513052	0.527239
N0.HOG0008604	0.148657	0.546951	0.530432	0.520023	0.512107	0.512107	0.518973	0.50492	0.50492	0.00261004	0.00780307	0.0132828	0.523789	0.517541	0.0262332	0.612512	0.165187	N/A	0.52935	0.535941	0.529519	0.518134	0.511063	0.50821	0.534014	0.525064	0.514261	0.507897	0.527417	0.503719	0.512667	0.506591	0.513908
N0.HOG0008614	0.148657	0.0239982	0.530432	0.520023	0.512107	0.512107	0.0283685	0.50492	0.50492	0.505207	0.505207	0.508868	0.0355391	0.517541	0.0262332	0.612512	0.612512	N/A	0.52935	0.535941	0.529519	0.518134	0.511063	0.50821	0.534014	0.525064	0.514261	0.507897	0.527417	0.503719	0.512667	0.506591	0.513908
N0.HOG0008620	0.148657	0.546951	0.530432	0.520023	0.512107	0.512107	0.0283685	0.50492	0.50492	0.505207	0.505207	0.508868	0.0355391	0.0262332	0.517541	0.612512	0.165187	N/A	0.52935	0.535941	0.529519	0.518134	0.511063	0.50821	0.534014	0.525064	0.514261	0.507897	0.527417	0.503719	0.512667	0.506591	0.513908
N0.HOG0008622	0.148657	0.546951	0.530432	0.520023	0.00608963	0.0181232	0.518973	0.50492	0.50492	0.505207	0.505207	0.508868	0.523789	0.517541	0.0262332	0.612512	0.612512	N/A	0.52935	0.535941	0.529519	0.518134	0.511063	0.50821	0.534014	0.525064	0.514261	0.507897	0.527417	0.503719	0.512667	0.506591	0.513908
N0.HOG0008627	0.601002	0.546951	0.530432	0.0299322	0.512107	0.512107	0.518973	0.50492	0.00737393	0.505207	0.00780307	0.0132828	0.523789	0.517541	0.517541	0.612512	0.612512	N/A	0.52935	0.535941	0.529519	0.518134	0.511063	0.50821	0.534014	0.525064	0.514261	0.507897	0.527417	0.503719	0.512667	0.506591	0.513908
N0.HOG0008629	0.601002	0.0239982	0.530432	0.0299322	0.512107	0.512107	0.518973	0.50492	0.50492	0.505207	0.505207	0.508868	0.523789	0.5	0.5	0.612512	0.165187	N/A	0.52935	0.535941	0.529519	0.518134	0.511063	0.50821	0.534014	0.525064	0.514261	0.507897	0.527417	0.503719	0.512667	0.00987568	0.513908
N0.HOG0008630	0.148657	0.546951	0.530432	0.520023	0.512107	0.512107	0.0283685	0.50492	0.50492	0.505207	0.505207	0.508868	0.0355391	0.0262332	0.517541	0.612512	0.165187	N/A	0.52935	0.535941	0.529519	0.518134	0.511063	0.50821	0.534014	0.525064	0.514261	0.507897	0.527417	0.503719	0.512667	0.506591	0.513908
N0.HOG0008632	0.148657	0.546951	0.530432	0.520023	0.0181232	0.512107	0.518973	0.50492	0.50492	0.505207	0.505207	0.508868	0.0355391	0.0262332	0.517541	0.612512	0.165187	N/A	0.52935	0.535941	0.529519	0.518134	0.511063	0.50821	0.534014	0.525064	0.514261	0.507897	0.527417	0.503719	0.512667	0.506591	0.513908
N0.HOG0008634	0.148657	0.546951	0.530432	0.520023	0.512107	0.512107	0.0283685	0.50492	0.50492	0.505207	0.505207	0.508868	0.0355391	0.0262332	0.517541	0.612512	0.165187	N/A	0.52935	0.535941	0.529519	0.518134	0.511063	0.50821	0.534014	0.525064	0.514261	0.507897	0.527417	0.503719	0.512667	0.506591	0.513908
N0.HOG0008646	0.601002	0.546951	0.530432	0.520023	0.0181232	0.512107	0.518973	0.00246603	0.50492	0.505207	0.505207	0.508868	0.523789	0.517541	0.0262332	0.612512	0.165187	N/A	0.52935	0.535941	0.529519	0.518134	0.511063	0.50821	0.534014	0.525064	0.514261	0.507897	0.527417	0.503719	0.512667	0.506591	0.513908
N0.HOG0008647	0.148657	0.0698472	0.530432	0.520023	0.0181232	0.512107	0.518973	0.50492	0.50492	0.00780307	0.505207	0.508868	0.0355391	0.517541	0.0262332	0.612512	0.165187	N/A	0.52935	0.535941	0.529519	0.518134	0.511063	0.50821	0.534014	0.525064	0.514261	0.507897	0.527417	0.503719	0.512667	0.506591	0.513908
N0.HOG0008664	0.148657	0.0698472	0.0454098	0.520023	0.5	0.5	0.518973	0.50492	0.50492	0.505207	0.00780307	0.508868	0.523789	0.517541	0.517541	0.612512	0.612512	N/A	0.52935	0.535941	0.529519	0.518134	0.511063	0.0122984	0.534014	0.525064	0.514261	0.507897	0.527417	0.503719	0.512667	0.506591	0.513908
N0.HOG0008665	0.601002	0.0698472	0.530432	0.520023	0.512107	0.0181232	0.0283685	0.50492	0.50492	0.505207	0.505207	0.508868	0.523789	0.517541	0.517541	0.165187	0.612512	N/A	0.52935	0.535941	0.529519	0.518134	0.511063	0.50821	0.534014	0.525064	0.514261	0.507897	0.527417	0.503719	0.512667	0.506591	0.513908
N0.HOG0008668	0.148657	0.0239982	0.530432	0.520023	0.512107	0.512107	0.0283685	0.50492	0.50492	0.505207	0.505207	0.508868	0.0355391	0.0262332	0.517541	0.612512	0.165187	N/A	0.52935	0.535941	0.529519	0.518134	0.511063	0.50821	0.534014	0.525064	0.514261	0.507897	0.527417	0.503719	0.512667	0.506591	0.513908
N0.HOG0008670	0.601002	0.546951	0.530432	0.0299322	0.512107	0.512107	0.518973	0.5	0.5	0.505207	0.505207	0.508868	0.523789	0.517541	0.0262332	0.612512	0.165187	N/A	0.52935	0.535941	0.529519	0.518134	0.511063	0.50821	0.534014	0.525064	0.0213398	0.507897	0.527417	0.503719	0.512667	0.506591	0.513908
N0.HOG0008676	0.601002	0.546951	0.530432	0.520023	0.512107	0.0181232	0.518973	0.50492	0.50492	0.505207	0.00780307	0.0132828	0.0355391	0.517541	0.517541	0.612512	0.165187	N/A	0.52935	0.535941	0.529519	0.518134	0.511063	0.50821	0.534014	0.525064	0.514261	0.507897	0.527417	0.503719	0.512667	0.506591	0.513908
N0.HOG0008681	0.148657	0.0698472	0.530432	0.520023	0.0181232	0.512107	0.518973	0.50492	0.50492	0.505207	0.505207	0.508868	0.523789	0.517541	0.0262332	0.165187	0.612512	N/A	0.52935	0.535941	0.529519	0.518134	0.511063	0.50821	0.534014	0.525064	0.514261	0.507897	0.527417	0.503719	0.512667	0.506591	0.513908
N0.HOG0008689	0.148657	0.546951	0.0454098	0.0299322	0.512107	0.0181232	0.5	0.5	0.5	0.505207	0.505207	0.508868	0.5	0.5	0.5	0.612512	0.165187	N/A	0.52935	0.535941	0.529519	0.518134	0.511063	0.50821	0.534014	0.0374342	0.5	0.507897	0.527417	0.503719	0.0189604	0.5	0.513908
N0.HOG0008690	0.601002	0.0698472	0.0454098	0.520023	0.512107	0.0181232	0.518973	0.50492	0.50492	0.505207	0.00780307	0.508868	0.523789	0.517541	0.517541	0.612512	0.612512	N/A	0.52935	0.535941	0.529519	0.518134	0.511063	0.50821	0.534014	0.525064	0.514261	0.507897	0.527417	0.503719	0.512667	0.506591	0.513908
N0.HOG0008702	0.601002	0.546951	0.0454098	0.520023	0.512107	0.0181232	0.518973	0.50492	0.50492	0.505207	0.00780307	0.508868	0.523789	0.517541	0.517541	0.612512	0.612512	N/A	0.52935	0.535941	0.529519	0.518134	0.511063	0.50821	0.534014	0.525064	0.514261	0.507897	0.527417	0.503719	0.512667	0.506591	0.513908
N0.HOG0008704	0.148657	0.0239982	0.530432	0.520023	0.512107	0.512107	0.518973	0.50492	0.50492	0.00261004	0.505207	0.508868	0.000289738	0.00884604	0.0262332	0.612512	0.165187	N/A	0.52935	0.535941	0.529519	0.518134	0.511063	0.50821	0.534014	0.525064	0.514261	0.507897	0.527417	0.503719	0.512667	0.506591	0.513908
N0.HOG0008711	0.148657	0.546951	0.530432	0.520023	0.512107	0.512107	0.0283685	0.50492	0.50492	0.505207	0.505207	0.508868	0.0355391	0.0262332	0.517541	0.0589792	0.165187	N/A	0.52935	0.535941	0.529519	0.518134	0.511063	0.50821	0.534014	0.525064	0.514261	0.507897	0.527417	0.503719	0.512667	0.506591	0.513908
N0.HOG0008712	0.601002	0.0698472	0.530432	0.0299322	0.0181232	0.512107	0.0283685	0.00246603	0.50492	0.505207	0.505207	0.508868	0.0355391	0.0262332	0.517541	0.612512	0.612512	N/A	0.52935	0.535941	0.529519	0.518134	0.511063	0.50821	0.534014	0.525064	0.514261	0.507897	0.527417	0.503719	0.512667	0.506591	0.513908
N0.HOG0008724	0.148657	0.0698472	0.0454098	0.0299322	0.512107	0.512107	0.518973	0.50492	0.50492	0.505207	0.505207	0.508868	0.523789	0.517541	0.0262332	0.612512	0.612512	N/A	0.52935	0.535941	0.529519	0.518134	0.511063	0.50821	0.534014	0.525064	0.514261	0.507897	0.527417	0.503719	0.512667	0.506591	0.513908
N0.HOG0008742	0.601002	0.0698472	0.530432	0.520023	0.512107	0.512107	0.518973	0.5	0.5	0.505207	0.00780307	0.508868	0.523789	0.0262332	0.517541	0.612512	0.612512	N/A	0.52935	0.535941	0.529519	0.518134	0.511063	0.50821	0.534014	0.525064	0.0213398	0.507897	0.527417	0.503719	0.512667	0.506591	0.513908
N0.HOG0008753	0.148657	0.546951	0.530432	0.520023	0.512107	0.0181232	0.518973	0.50492	0.50492	0.505207	0.505207	0.0132828	0.523789	0.517541	0.517541	0.0589792	0.165187	N/A	0.52935	0.535941	0.529519	0.518134	0.511063	0.50821	0.534014	0.525064	0.514261	0.507897	0.527417	0.503719	0.512667	0.506591	0.513908
N0.HOG0008757	0.148657	0.546951	0.0454098	0.520023	0.512107	0.0181232	0.0283685	0.50492	0.50492	0.5	0.5	0.508868	0.523789	0.517541	0.0262332	0.612512	0.612512	N/A	0.52935	0.535941	0.529519	0.518134	0.511063	0.50821	0.534014	0.525064	0.514261	0.507897	0.527417	0.0055744	0.512667	0.506591	0.513908
N0.HOG0008772	0.601002	0.546951	0.530432	0.0299322	0.512107	0.512107	0.518973	0.5	0.5	0.505207	0.00780307	0.508868	0.523789	0.517541	0.517541	0.612512	0.165187	N/A	0.52935	0.535941	0.529519	0.518134	0.511063	0.50821	0.534014	0.525064	0.0213398	0.507897	0.527417	0.503719	0.512667	0.506591	0.513908
N0.HOG0008777	0.601002	0.0698472	0.530432	0.520023	0.512107	0.512107	0.518973	0.50492	0.50492	0.505207	0.00780307	0.508868	0.523789	0.517541	0.0262332	0.612512	0.165187	N/A	0.52935	0.535941	0.529519	0.518134	0.511063	0.50821	0.534014	0.525064	0.514261	0.507897	0.527417	0.503719	0.512667	0.506591	0.513908
N0.HOG0008780	0.601002	0.0698472	0.530432	0.520023	0.512107	0.512107	0.518973	0.50492	0.50492	0.505207	0.00780307	0.0132828	0.523789	0.517541	0.0262332	0.612512	0.165187	N/A	0.52935	0.535941	0.529519	0.518134	0.511063	0.50821	0.534014	0.525064	0.514261	0.507897	0.527417	0.503719	0.512667	0.506591	0.513908
N0.HOG0008785	0.601002	0.0698472	0.0454098	0.0299322	0.512107	0.0181232	0.518973	0.50492	0.50492	0.505207	0.505207	0.0132828	0.523789	0.517541	0.517541	0.612512	0.612512	N/A	0.52935	0.535941	0.529519	0.518134	0.511063	0.50821	0.534014	0.525064	0.514261	0.507897	0.527417	0.503719	0.512667	0.506591	0.513908
N0.HOG0008787	0.148657	0.546951	0.530432	0.0299322	0.512107	0.0181232	0.518973	0.50492	0.50492	0.505207	0.505207	0.0132828	0.523789	0.517541	0.517541	0.612512	0.165187	N/A	0.52935	0.535941	0.529519	0.518134	0.511063	0.50821	0.534014	0.525064	0.514261	0.507897	0.527417	0.503719	0.512667	0.506591	0.513908
N0.HOG0008788	0.601002	0.0698472	0.0454098	0.520023	0.5	0.5	0.518973	0.50492	0.50492	0.505207	0.00780307	0.508868	0.523789	0.517541	0.517541	0.612512	0.612512	N/A	0.52935	0.535941	0.529519	0.518134	0.511063	0.0122984	0.534014	0.525064	0.514261	0.507897	0.527417	0.503719	0.512667	0.506591	0.513908
N0.HOG0008789	0.148657	0.0239982	0.530432	0.0299322	0.512107	0.512107	0.518973	0.00737393	0.50492	0.505207	0.505207	0.508868	0.523789	0.517541	0.517541	0.165187	0.612512	N/A	0.52935	0.535941	0.529519	0.518134	0.511063	0.50821	0.534014	0.525064	0.514261	0.507897	0.527417	0.503719	0.512667	0.506591	0.513908
N0.HOG0008796	0.148657	0.0239982	0.530432	0.520023	0.512107	0.512107	0.518973	0.50492	0.50492	0.505207	0.00780307	0.508868	0.5	0.5	0.5	0.612512	0.00705817	N/A	0.52935	0.535941	0.529519	0.518134	0.511063	0.50821	0.534014	0.525064	0.514261	0.507897	0.527417	0.503719	0.0189604	0.5	0.513908
N0.HOG0008800	0.148657	0.546951	0.530432	0.520023	0.512107	0.512107	0.0283685	0.50492	0.00737393	0.505207	0.505207	0.508868	0.0355391	0.517541	0.0262332	0.612512	0.165187	N/A	0.52935	0.535941	0.529519	0.518134	0.511063	0.50821	0.534014	0.525064	0.514261	0.507897	0.527417	0.503719	0.512667	0.506591	0.513908
N0.HOG0008811	0.148657	0.546951	0.530432	0.520023	0.512107	0.512107	0.0283685	0.50492	0.50492	0.505207	0.505207	0.508868	0.0355391	0.0262332	0.517541	0.612512	0.165187	N/A	0.52935	0.535941	0.529519	0.518134	0.511063	0.50821	0.534014	0.525064	0.514261	0.507897	0.527417	0.503719	0.512667	0.506591	0.513908
N0.HOG0008813	0.601002	0.546951	0.530432	0.520023	0.512107	0.512107	0.0283685	0.50492	0.50492	0.505207	0.505207	0.508868	0.0355391	0.517541	0.0262332	0.165187	0.612512	N/A	0.52935	0.535941	0.529519	0.518134	0.511063	0.50821	0.534014	0.525064	0.514261	0.507897	0.527417	0.503719	0.512667	0.506591	0.513908
N0.HOG0008816	0.148657	0.546951	0.530432	0.520023	0.0181232	0.512107	0.518973	0.50492	0.50492	0.505207	0.505207	0.508868	0.523789	0.5	0.5	0.612512	0.165187	N/A	0.52935	0.535941	0.529519	0.518134	0.511063	0.50821	0.534014	0.525064	0.514261	0.507897	0.527417	0.503719	0.512667	0.00987568	0.513908
N0.HOG0008817	0.148657	0.546951	0.530432	0.520023	0.512107	0.512107	0.0283685	0.50492	0.50492	0.505207	0.505207	0.508868	0.0355391	0.0262332	0.517541	0.612512	0.165187	N/A	0.52935	0.535941	0.529519	0.518134	0.511063	0.50821	0.534014	0.525064	0.514261	0.507897	0.527417	0.503719	0.512667	0.506591	0.513908
N0.HOG0008828	0.148657	0.546951	0.530432	0.520023	0.512107	0.512107	0.518973	0.50492	0.50492	0.00780307	0.505207	0.508868	0.523789	0.517541	0.0262332	0.612512	0.165187	N/A	0.52935	0.535941	0.529519	0.518134	0.511063	0.50821	0.534014	0.525064	0.514261	0.507897	0.527417	0.503719	0.512667	0.506591	0.513908
N0.HOG0008829	0.148657	0.546951	0.530432	0.520023	0.512107	0.0181232	0.0283685	0.50492	0.50492	0.505207	0.505207	0.508868	0.0355391	0.0262332	0.517541	0.612512	0.165187	N/A	0.52935	0.535941	0.529519	0.518134	0.511063	0.50821	0.534014	0.525064	0.514261	0.507897	0.527417	0.503719	0.512667	0.506591	0.513908
N0.HOG0008831	0.601002	0.546951	0.0454098	0.520023	0.512107	0.0181232	0.518973	0.50492	0.50492	0.505207	0.00780307	0.508868	0.5	0.5	0.5	0.612512	0.612512	N/A	0.52935	0.535941	0.529519	0.518134	0.511063	0.50821	0.534014	0.525064	0.514261	0.507897	0.527417	0.503719	0.0189604	0.5	0.513908
N0.HOG0008835	0.601002	0.0698472	0.0454098	0.520023	0.5	0.5	0.518973	0.50492	0.50492	0.505207	0.00780307	0.508868	0.523789	0.517541	0.517541	0.612512	0.165187	N/A	0.52935	0.535941	0.529519	0.518134	0.511063	0.0122984	0.534014	0.525064	0.514261	0.507897	0.527417	0.503719	0.512667	0.506591	0.513908
N0.HOG0008837	0.148657	0.546951	0.0454098	0.0299322	0.0181232	0.512107	0.518973	0.5	0.5	0.505207	0.505207	0.508868	0.0355391	0.517541	0.517541	0.612512	0.165187	N/A	0.52935	0.535941	0.529519	0.518134	0.511063	0.50821	0.534014	0.525064	0.0213398	0.507897	0.527417	0.503719	0.512667	0.506591	0.513908
N0.HOG0008843	0.148657	0.0698472	0.530432	0.520023	0.512107	0.512107	0.518973	0.50492	0.50492	0.505207	0.505207	0.508868	0.0355391	0.0262332	0.517541	0.612512	0.165187	N/A	0.52935	0.535941	0.529519	0.518134	0.511063	0.50821	0.534014	0.525064	0.514261	0.507897	0.527417	0.503719	0.512667	0.506591	0.513908
N0.HOG0008851	0.148657	0.546951	0.530432	0.520023	0.512107	0.512107	0.0283685	0.50492	0.50492	0.505207	0.505207	0.508868	0.0355391	0.517541	0.0262332	0.612512	0.612512	N/A	0.52935	0.535941	0.529519	0.518134	0.511063	0.50821	0.534014	0.525064	0.514261	0.507897	0.527417	0.503719	0.512667	0.506591	0.513908
N0.HOG0008854	0.601002	0.0698472	0.0454098	0.0299322	0.512107	0.0181232	0.518973	0.50492	0.50492	0.00780307	0.505207	0.0132828	0.523789	0.5	0.5	0.612512	0.165187	N/A	0.52935	0.535941	0.529519	0.518134	0.511063	0.50821	0.534014	0.525064	0.514261	0.507897	0.527417	0.503719	0.512667	0.00987568	0.513908
N0.HOG0008858	0.601002	0.0698472	0.530432	0.0299322	0.512107	0.512107	0.0283685	0.50492	0.50492	0.505207	0.00780307	0.508868	0.523789	0.517541	0.517541	0.612512	0.612512	N/A	0.52935	0.535941	0.529519	0.518134	0.511063	0.50821	0.534014	0.525064	0.514261	0.507897	0.527417	0.503719	0.512667	0.506591	0.513908
N0.HOG0008861	0.148657	0.0011545	0.0454098	0.0299322	0.512107	0.0181232	0.518973	0.5	0.5	0.5	0.5	0.5	0.523789	0.517541	0.0262332	0.612512	0.165187	N/A	0.52935	0.535941	0.529519	0.518134	0.511063	0.50821	0.534014	0.525064	0.0213398	0.507897	0.0409321	0.5	0.512667	0.506591	0.513908
N0.HOG0008862	0.148657	0.0698472	0.530432	0.520023	0.512107	0.512107	0.518973	0.5	0.5	0.5	0.5	0.508868	0.545895	0.534164	0.534164	0.612512	0.612512	N/A	0.52935	0.535941	0.529519	0.518134	0.511063	0.50821	0.534014	0.525064	0.0213398	0.507897	0.527417	0.0055744	0.00637328	0.513052	0.513908
N0.HOG0008864	0.601002	0.5	0.5	0.5	0.5	0.5	0.518973	0.50492	0.50492	0.505207	0.505207	0.0132828	0.0355391	0.517541	0.517541	0.612512	0.165187	N/A	0.52935	0.535941	0.044054	0.5	0.5	0.5	0.534014	0.525064	0.514261	0.507897	0.527417	0.503719	0.512667	0.506591	0.513908
N0.HOG0008870	0.601002	0.546951	0.0454098	0.520023	0.512107	0.0181232	0.518973	0.50492	0.50492	0.00780307	0.505207	0.0132828	0.523789	0.517541	0.0262332	0.612512	0.612512	N/A	0.52935	0.535941	0.529519	0.518134	0.511063	0.50821	0.534014	0.525064	0.514261	0.507897	0.527417	0.503719	0.512667	0.506591	0.513908
N0.HOG0008873	0.601002	0.0698472	0.0454098	0.0299322	0.512107	0.0181232	0.5	0.5	0.5	0.5	0.5	0.5	0.5	0.5	0.5	0.612512	0.165187	N/A	0.52935	0.535941	0.529519	0.518134	0.511063	0.50821	0.0507211	0.5	0.5	0.5	0.5	0.5	0.5	0.5	0.513908
N0.HOG0008879	0.148657	0.546951	0.530432	0.520023	0.512107	0.0181232	0.518973	0.50492	0.50492	0.505207	0.505207	0.508868	0.0355391	0.0262332	0.517541	0.612512	0.165187	N/A	0.52935	0.535941	0.529519	0.518134	0.511063	0.50821	0.534014	0.525064	0.514261	0.507897	0.527417	0.503719	0.512667	0.506591	0.513908
N0.HOG0008883	0.148657	0.546951	0.0454098	0.520023	0.512107	0.512107	0.518973	0.50492	0.50492	0.510332	0.0154981	0.517502	0.545895	0.0176924	0.000177716	0.612512	0.0589792	N/A	0.52935	0.535941	0.529519	0.518134	0.511063	0.50821	0.534014	0.525064	0.514261	0.00396377	0.5526	0.507396	0.524855	0.513052	0.513908
N0.HOG0008885	0.601002	0.0239982	0.0454098	0.520023	0.523776	0.523776	0.518973	0.5	0.5	0.505207	0.00780307	0.508868	0.0355391	0.0262332	0.517541	0.612512	0.165187	N/A	0.52935	0.535941	0.529519	0.518134	0.511063	0.00412185	0.534014	0.525064	0.0213398	0.507897	0.527417	0.503719	0.512667	0.506591	0.513908
N0.HOG0008893	0.601002	0.546951	0.0454098	0.520023	0.5	0.5	0.5	0.5	0.5	0.5	0.5	0.508868	0.0355391	0.517541	0.517541	0.612512	0.612512	N/A	0.52935	0.535941	0.529519	0.518134	0.511063	0.0122984	0.534014	0.0374342	0.5	0.507897	0.527417	0.0055744	0.512667	0.506591	0.513908
N0.HOG0008894	0.601002	0.0698472	0.530432	0.520023	0.0181232	0.512107	0.518973	0.50492	0.50492	0.505207	0.505207	0.508868	0.523789	0.0262332	0.517541	0.612512	0.165187	N/A	0.52935	0.535941	0.529519	0.518134	0.511063	0.50821	0.534014	0.525064	0.514261	0.507897	0.527417	0.503719	0.512667	0.506591	0.513908
N0.HOG0008901	0.601002	0.546951	0.530432	0.520023	0.0181232	0.512107	0.0283685	0.50492	0.50492	0.505207	0.505207	0.0132828	0.0355391	0.517541	0.517541	0.612512	0.612512	N/A	0.52935	0.535941	0.529519	0.518134	0.511063	0.50821	0.534014	0.525064	0.514261	0.507897	0.527417	0.503719	0.512667	0.506591	0.513908
N0.HOG0008915	0.601002	0.546951	0.530432	0.520023	0.512107	0.512107	0.0283685	0.50492	0.50492	0.505207	0.505207	0.508868	0.0355391	0.517541	0.0262332	0.165187	0.612512	N/A	0.52935	0.535941	0.529519	0.518134	0.511063	0.50821	0.534014	0.525064	0.514261	0.507897	0.527417	0.503719	0.512667	0.506591	0.513908
N0.HOG0008918	0.148657	0.546951	0.530432	0.520023	0.512107	0.512107	0.0283685	0.50492	0.50492	0.505207	0.505207	0.508868	0.0355391	0.0262332	0.517541	0.612512	0.165187	N/A	0.52935	0.535941	0.529519	0.518134	0.511063	0.50821	0.534014	0.525064	0.514261	0.507897	0.527417	0.503719	0.512667	0.506591	0.513908
N0.HOG0008919	0.148657	0.546951	0.0454098	0.520023	0.512107	0.0181232	0.518973	0.50492	0.50492	0.505207	0.00780307	0.508868	0.0355391	0.517541	0.517541	0.612512	0.612512	N/A	0.52935	0.535941	0.529519	0.518134	0.511063	0.50821	0.534014	0.525064	0.514261	0.507897	0.527417	0.503719	0.512667	0.506591	0.513908
N0.HOG0008923	0.148657	0.0698472	0.530432	0.520023	0.512107	0.00608963	0.0283685	0.50492	0.50492	0.505207	0.505207	0.0132828	0.5	0.5	0.5	0.612512	0.165187	N/A	0.52935	0.535941	0.529519	0.518134	0.511063	0.50821	0.534014	0.525064	0.514261	0.507897	0.527417	0.503719	0.0189604	0.5	0.513908
N0.HOG0008933	0.601002	0.0698472	0.530432	0.520023	0.512107	0.512107	0.518973	0.5	0.5	0.505207	0.00780307	0.0132828	0.523789	0.517541	0.517541	0.612512	0.612512	N/A	0.52935	0.535941	0.529519	0.518134	0.511063	0.50821	0.534014	0.525064	0.0213398	0.507897	0.527417	0.503719	0.512667	0.506591	0.513908
N0.HOG0008939	0.601002	0.546951	0.0454098	0.0299322	0.512107	0.0181232	0.518973	0.50492	0.50492	0.505207	0.505207	0.508868	0.523789	0.517541	0.0262332	0.612512	0.612512	N/A	0.52935	0.535941	0.529519	0.518134	0.511063	0.50821	0.534014	0.525064	0.514261	0.507897	0.527417	0.503719	0.512667	0.506591	0.513908
N0.HOG0008943	0.148657	0.0698472	0.530432	0.520023	0.512107	0.512107	0.0283685	0.50492	0.50492	0.505207	0.505207	0.508868	0.523789	0.5	0.5	0.165187	0.612512	N/A	0.52935	0.535941	0.529519	0.518134	0.511063	0.50821	0.534014	0.525064	0.514261	0.507897	0.527417	0.503719	0.512667	0.00987568	0.513908
N0.HOG0008948	0.601002	0.546951	0.530432	0.0299322	0.512107	0.0181232	0.518973	0.50492	0.00737393	0.5	0.5	0.5	0.523789	0.517541	0.517541	0.165187	0.612512	N/A	0.52935	0.535941	0.529519	0.518134	0.511063	0.50821	0.534014	0.525064	0.514261	0.507897	0.0409321	0.5	0.512667	0.506591	0.513908
N0.HOG0008952	0.148657	0.546951	0.530432	0.520023	0.512107	0.512107	0.0283685	0.50492	0.50492	0.505207	0.505207	0.508868	0.0355391	0.0262332	0.517541	0.612512	0.165187	N/A	0.52935	0.535941	0.529519	0.518134	0.511063	0.50821	0.534014	0.525064	0.514261	0.507897	0.527417	0.503719	0.512667	0.506591	0.513908
N0.HOG0008955	0.601002	0.5	0.5	0.5	0.5	0.5	0.5	0.5	0.5	0.00780307	0.505207	0.0132828	0.523789	0.517541	0.517541	0.612512	0.612512	N/A	0.52935	0.535941	0.044054	0.5	0.5	0.5	0.534014	0.0374342	0.5	0.507897	0.527417	0.503719	0.512667	0.506591	0.513908
N0.HOG0008956	0.601002	0.0698472	0.530432	0.520023	0.0181232	0.512107	0.518973	0.50492	0.50492	0.505207	0.505207	0.0132828	0.523789	0.517541	0.0262332	0.612512	0.612512	N/A	0.52935	0.535941	0.529519	0.518134	0.511063	0.50821	0.534014	0.525064	0.514261	0.507897	0.527417	0.503719	0.512667	0.506591	0.513908
N0.HOG0008984	0.601002	0.546951	0.530432	0.520023	0.0181232	0.512107	0.0283685	0.50492	0.00737393	0.505207	0.505207	0.508868	0.5	0.5	0.5	0.612512	0.165187	N/A	0.52935	0.535941	0.529519	0.518134	0.511063	0.50821	0.534014	0.525064	0.514261	0.507897	0.527417	0.503719	0.0189604	0.5	0.513908
N0.HOG0008989	0.601002	0.546951	0.530432	0.0299322	0.512107	0.512107	0.518973	0.5	0.5	0.00780307	0.505207	0.0132828	0.523789	0.517541	0.0262332	0.612512	0.612512	N/A	0.52935	0.535941	0.529519	0.518134	0.511063	0.50821	0.534014	0.525064	0.0213398	0.507897	0.527417	0.503719	0.512667	0.506591	0.513908
N0.HOG0008993	0.148657	0.0698472	0.0454098	0.520023	0.0181232	0.512107	0.518973	0.50492	0.50492	0.00780307	0.505207	0.508868	0.523789	0.517541	0.517541	0.612512	0.612512	N/A	0.52935	0.535941	0.529519	0.518134	0.511063	0.50821	0.534014	0.525064	0.514261	0.507897	0.527417	0.503719	0.512667	0.506591	0.513908
N0.HOG0008995	0.148657	0.546951	0.530432	0.520023	0.512107	0.0181232	0.518973	0.50492	0.50492	0.505207	0.00780307	0.0132828	0.523789	0.517541	0.517541	0.165187	0.612512	N/A	0.52935	0.535941	0.529519	0.518134	0.511063	0.50821	0.534014	0.525064	0.514261	0.507897	0.527417	0.503719	0.512667	0.506591	0.513908
N0.HOG0008997	0.601002	0.0698472	0.530432	0.520023	0.0181232	0.512107	0.518973	0.50492	0.50492	0.505207	0.505207	0.508868	0.523789	0.517541	0.0262332	0.612512	0.165187	N/A	0.52935	0.535941	0.529519	0.518134	0.511063	0.50821	0.534014	0.525064	0.514261	0.507897	0.527417	0.503719	0.512667	0.506591	0.513908
N0.HOG0008998	0.0527395	0.546951	0.0454098	0.0299322	0.512107	0.512107	0.518973	0.50492	0.50492	0.505207	0.505207	0.508868	0.5	0.5	0.5	0.612512	0.165187	N/A	0.52935	0.535941	0.529519	0.518134	0.511063	0.50821	0.534014	0.525064	0.514261	0.507897	0.527417	0.503719	0.0189604	0.5	0.513908
N0.HOG0009000	0.601002	0.546951	0.530432	0.520023	0.512107	0.512107	0.0283685	0.50492	0.50492	0.00780307	0.505207	0.508868	0.523789	0.0262332	0.517541	0.612512	0.612512	N/A	0.52935	0.535941	0.529519	0.518134	0.511063	0.50821	0.534014	0.525064	0.514261	0.507897	0.527417	0.503719	0.512667	0.506591	0.513908
N0.HOG0009002	0.0527395	0.0698472	0.530432	0.0299322	0.512107	0.0181232	0.536874	0.509768	0.0146514	0.505207	0.505207	0.508868	0.523789	0.5	0.5	0.165187	0.612512	N/A	0.52935	0.535941	0.529519	0.518134	0.511063	0.50821	0.534014	0.0126847	0.527915	0.507897	0.527417	0.503719	0.512667	0.00987568	0.513908
N0.HOG0009005	0.601002	0.546951	0.0454098	0.520023	0.512107	0.0181232	0.518973	0.50492	0.50492	0.505207	0.00780307	0.0132828	0.523789	0.517541	0.517541	0.612512	0.612512	N/A	0.52935	0.535941	0.529519	0.518134	0.511063	0.50821	0.534014	0.525064	0.514261	0.507897	0.527417	0.503719	0.512667	0.506591	0.513908
N0.HOG0009007	0.148657	0.546951	0.530432	0.0299322	0.512107	0.512107	0.518973	0.50492	0.50492	0.5	0.5	0.508868	0.5	0.5	0.5	0.165187	0.612512	N/A	0.52935	0.535941	0.529519	0.518134	0.511063	0.50821	0.534014	0.525064	0.514261	0.507897	0.527417	0.0055744	0.0189604	0.5	0.513908
N0.HOG0009015	0.601002	0.5	0.5	0.5	0.5	0.5	0.518973	0.00737393	0.50492	0.5	0.5	0.5	0.0120327	0.517541	0.517541	0.0589792	0.612512	N/A	0.52935	0.535941	0.044054	0.5	0.5	0.5	0.534014	0.525064	0.514261	0.507897	0.0409321	0.5	0.512667	0.506591	0.513908
N0.HOG0009021	0.601002	0.0698472	0.530432	0.0299322	0.512107	0.0181232	0.0283685	0.50492	0.00737393	0.505207	0.505207	0.0132828	0.0355391	0.517541	0.0262332	0.165187	0.612512	N/A	0.52935	0.535941	0.529519	0.518134	0.511063	0.50821	0.534014	0.525064	0.514261	0.507897	0.527417	0.503719	0.512667	0.506591	0.513908
N0.HOG0009032	0.0259517	0.546951	0.530432	0.520023	0.512107	0.512107	0.536874	0.50492	0.50492	0.505207	0.505207	0.508868	0.545895	0.0512521	0.534164	0.688607	0.28447	N/A	0.556142	0.568055	0.0847017	0.518134	0.511063	0.50821	0.564597	0.548259	0.041875	0.515607	0.0789207	0.503719	0.524855	0.513052	0.527239
N0.HOG0009033	0.148657	0.0698472	0.530432	0.520023	0.0181232	0.512107	0.0283685	0.50492	0.50492	0.505207	0.505207	0.508868	0.5	0.5	0.5	0.165187	0.612512	N/A	0.52935	0.535941	0.529519	0.518134	0.511063	0.50821	0.534014	0.525064	0.514261	0.507897	0.527417	0.503719	0.0189604	0.5	0.513908
N0.HOG0009037	0.601002	0.0698472	0.530432	0.520023	0.512107	0.512107	0.518973	0.50492	0.50492	0.5	0.5	0.508868	0.523789	0.5	0.5	0.612512	0.612512	N/A	0.52935	0.535941	0.529519	0.518134	0.511063	0.50821	0.534014	0.525064	0.514261	0.507897	0.527417	0.0055744	0.512667	0.00987568	0.513908
N0.HOG0009041	0.601002	0.546951	0.530432	0.520023	0.0181232	0.512107	0.00957497	0.50492	0.50492	0.505207	0.00780307	0.508868	0.523789	0.517541	0.517541	0.165187	0.612512	N/A	0.52935	0.535941	0.529519	0.518134	0.511063	0.50821	0.534014	0.525064	0.514261	0.507897	0.527417	0.503719	0.512667	0.506591	0.513908
N0.HOG0009042	0.148657	0.546951	0.0454098	0.520023	0.512107	0.0181232	0.518973	0.50492	0.50492	0.505207	0.505207	0.508868	0.523789	0.517541	0.0262332	0.165187	0.612512	N/A	0.52935	0.535941	0.529519	0.518134	0.511063	0.50821	0.534014	0.525064	0.514261	0.507897	0.527417	0.503719	0.512667	0.506591	0.513908
N0.HOG0009045	0.148657	0.5	0.5	0.5	0.5	0.5	0.0283685	0.50492	0.50492	0.5	0.5	0.5	0.0355391	0.0262332	0.517541	0.612512	0.165187	N/A	0.52935	0.535941	0.044054	0.5	0.5	0.5	0.534014	0.525064	0.514261	0.507897	0.0409321	0.5	0.512667	0.506591	0.513908
N0.HOG0009047	0.601002	0.0698472	0.530432	0.520023	0.0181232	0.512107	0.518973	0.50492	0.50492	0.505207	0.505207	0.508868	0.5	0.5	0.5	0.165187	0.612512	N/A	0.52935	0.535941	0.529519	0.518134	0.511063	0.50821	0.534014	0.525064	0.514261	0.507897	0.527417	0.503719	0.0189604	0.5	0.513908
N0.HOG0009050	0.0527395	5.55403e-05	0.530432	0.520023	0.512107	0.512107	0.00957497	0.50492	0.50492	0.505207	0.505207	0.508868	0.523789	0.517541	0.517541	0.612512	0.612512	N/A	0.52935	0.535941	0.529519	0.518134	0.511063	0.50821	0.534014	0.525064	0.514261	0.507897	0.527417	0.503719	0.512667	0.506591	0.513908
N0.HOG0009058	0.148657	0.546951	0.530432	0.520023	0.512107	0.512107	0.518973	0.50492	0.50492	0.00780307	0.505207	0.508868	0.5	0.5	0.5	0.612512	0.165187	N/A	0.52935	0.535941	0.529519	0.518134	0.511063	0.50821	0.534014	0.525064	0.514261	0.507897	0.527417	0.503719	0.0189604	0.5	0.513908
N0.HOG0009059	0.148657	0.0698472	0.0454098	0.520023	0.5	0.5	0.518973	0.50492	0.50492	0.505207	0.00780307	0.508868	0.523789	0.00884604	0.517541	0.0589792	0.165187	N/A	0.52935	0.535941	0.529519	0.518134	0.511063	0.0122984	0.534014	0.525064	0.514261	0.507897	0.527417	0.503719	0.512667	0.506591	0.513908
N0.HOG0009060	0.148657	0.5	0.5	0.5	0.5	0.5	0.518973	0.50492	0.50492	0.505207	0.505207	0.508868	0.0120327	0.00884604	0.517541	0.165187	0.612512	N/A	0.52935	0.535941	0.044054	0.5	0.5	0.5	0.534014	0.525064	0.514261	0.507897	0.527417	0.503719	0.512667	0.506591	0.513908
N0.HOG0009068	0.148657	0.0698472	0.0454098	0.520023	0.512107	0.0181232	0.0283685	0.00737393	0.50492	0.505207	0.505207	0.508868	0.0355391	0.0262332	0.517541	0.612512	0.165187	N/A	0.52935	0.535941	0.529519	0.518134	0.511063	0.50821	0.534014	0.525064	0.514261	0.507897	0.527417	0.503719	0.512667	0.506591	0.513908
N0.HOG0009081	0.148657	0.546951	0.0454098	0.520023	0.0181232	0.512107	0.0283685	0.50492	0.50492	0.5	0.5	0.508868	0.0355391	0.0262332	0.517541	0.612512	0.165187	N/A	0.52935	0.535941	0.529519	0.518134	0.511063	0.50821	0.534014	0.525064	0.514261	0.507897	0.527417	0.0055744	0.512667	0.506591	0.513908
N0.HOG0009082	0.601002	0.0698472	0.530432	0.520023	0.512107	0.512107	0.518973	0.50492	0.50492	0.00780307	0.505207	0.0132828	0.523789	0.517541	0.517541	0.612512	0.165187	N/A	0.52935	0.535941	0.529519	0.518134	0.511063	0.50821	0.534014	0.525064	0.514261	0.507897	0.527417	0.503719	0.512667	0.506591	0.513908
N0.HOG0009083	0.601002	0.546951	0.530432	0.520023	0.512107	0.512107	0.518973	0.50492	0.50492	0.505207	0.505207	0.0132828	0.0355391	0.517541	0.0262332	0.165187	0.612512	N/A	0.52935	0.535941	0.529519	0.518134	0.511063	0.50821	0.534014	0.525064	0.514261	0.507897	0.527417	0.503719	0.512667	0.506591	0.513908
N0.HOG0009084	0.601002	0.546951	0.530432	0.520023	0.512107	0.512107	0.518973	0.00737393	0.50492	0.505207	0.505207	0.0132828	0.5	0.5	0.5	0.165187	0.612512	N/A	0.52935	0.535941	0.529519	0.518134	0.511063	0.50821	0.534014	0.525064	0.514261	0.507897	0.527417	0.503719	0.0189604	0.5	0.513908
N0.HOG0009086	0.148657	0.546951	0.530432	0.520023	0.0181232	0.512107	0.0283685	0.50492	0.50492	0.505207	0.505207	0.508868	0.523789	0.5	0.5	0.165187	0.612512	N/A	0.52935	0.535941	0.529519	0.518134	0.511063	0.50821	0.534014	0.525064	0.514261	0.507897	0.527417	0.503719	0.512667	0.00987568	0.513908
N0.HOG0009090	0.601002	0.546951	0.0454098	0.520023	0.0181232	0.512107	0.0283685	0.50492	0.50492	0.505207	0.505207	0.508868	0.523789	0.517541	0.517541	0.165187	0.612512	N/A	0.52935	0.535941	0.529519	0.518134	0.511063	0.50821	0.534014	0.525064	0.514261	0.507897	0.527417	0.503719	0.512667	0.506591	0.513908
N0.HOG0009093	0.601002	0.546951	0.0454098	0.0299322	0.512107	0.0181232	0.518973	0.5	0.5	0.5	0.5	0.5	0.523789	0.000156554	0.517541	0.612512	0.612512	N/A	0.52935	0.535941	0.529519	0.518134	0.511063	0.50821	0.534014	0.525064	0.0213398	0.507897	0.0409321	0.5	0.512667	0.506591	0.513908
N0.HOG0009109	0.148657	0.546951	0.530432	0.0299322	0.512107	0.512107	0.0283685	0.50492	0.50492	0.00780307	0.505207	0.0132828	0.523789	0.517541	0.0262332	0.612512	0.612512	N/A	0.52935	0.535941	0.529519	0.518134	0.511063	0.50821	0.534014	0.525064	0.514261	0.507897	0.527417	0.503719	0.512667	0.506591	0.513908
N0.HOG0009111	0.601002	0.546951	0.558115	0.0582852	0.0121793	0.523776	0.518973	0.00737393	0.00246603	0.510332	0.510332	0.0132828	0.523789	0.517541	0.0262332	0.165187	0.612512	N/A	0.52935	0.535941	0.529519	0.00914782	0.52176	0.516219	0.534014	0.525064	0.514261	0.507897	0.527417	0.00186273	0.512667	0.506591	0.513908
N0.HOG0009118	0.148657	0.546951	0.0454098	0.520023	0.512107	0.512107	0.518973	0.50492	0.50492	0.505207	0.505207	0.508868	0.0355391	0.517541	0.0262332	0.612512	0.612512	N/A	0.52935	0.535941	0.529519	0.518134	0.511063	0.50821	0.534014	0.525064	0.514261	0.507897	0.527417	0.503719	0.512667	0.506591	0.513908
N0.HOG0009122	0.148657	0.0698472	0.530432	0.520023	0.0181232	0.512107	0.518973	0.5	0.5	0.505207	0.505207	0.508868	0.0355391	0.517541	0.517541	0.612512	0.612512	N/A	0.52935	0.535941	0.529519	0.518134	0.511063	0.50821	0.534014	0.525064	0.0213398	0.507897	0.527417	0.503719	0.512667	0.506591	0.513908
N0.HOG0009125	0.148657	0.0698472	0.530432	0.520023	0.512107	0.0181232	0.0283685	0.50492	0.50492	0.505207	0.505207	0.508868	0.5	0.5	0.5	0.612512	0.165187	N/A	0.52935	0.535941	0.529519	0.518134	0.511063	0.50821	0.534014	0.525064	0.514261	0.507897	0.527417	0.503719	0.0189604	0.5	0.513908
N0.HOG0009127	0.601002	0.546951	0.0454098	0.0299322	0.512107	0.0181232	0.0283685	0.50492	0.00737393	0.5	0.5	0.5	0.0355391	0.0262332	0.517541	0.612512	0.612512	N/A	0.52935	0.535941	0.529519	0.518134	0.511063	0.50821	0.534014	0.525064	0.514261	0.507897	0.0409321	0.5	0.512667	0.506591	0.513908
N0.HOG0009129	0.601002	0.546951	0.0454098	0.520023	0.512107	0.512107	0.518973	0.50492	0.50492	0.505207	0.00780307	0.508868	0.0355391	0.517541	0.0262332	0.612512	0.165187	N/A	0.52935	0.535941	0.529519	0.518134	0.511063	0.50821	0.534014	0.525064	0.514261	0.507897	0.527417	0.503719	0.512667	0.506591	0.513908
N0.HOG0009130	0.601002	0.0698472	0.530432	0.520023	0.0181232	0.512107	0.0283685	0.50492	0.50492	0.505207	0.505207	0.0132828	0.5	0.5	0.5	0.612512	0.612512	N/A	0.52935	0.535941	0.529519	0.518134	0.511063	0.50821	0.534014	0.525064	0.514261	0.507897	0.527417	0.503719	0.0189604	0.5	0.513908
N0.HOG0009140	0.00203342	0.5	0.5	0.5	0.5	0.5	0.5	0.5	0.5	0.5	0.5	0.5	0.5	0.5	0.5	0.01204	5.88716e-05	N/A	0.556142	0.000847497	0.5	0.5	0.5	0.5	0.5	0.5	0.5	0.5	0.5	0.5	0.5	0.5	0.527239
N0.HOG0009153	0.148657	0.546951	0.0454098	0.0299322	0.512107	0.512107	0.518973	0.5	0.5	0.505207	0.505207	0.508868	0.523789	0.0262332	0.517541	0.612512	0.612512	N/A	0.52935	0.535941	0.529519	0.518134	0.511063	0.50821	0.534014	0.525064	0.0213398	0.507897	0.527417	0.503719	0.512667	0.506591	0.513908
N0.HOG0009158	0.601002	0.546951	0.530432	0.520023	0.512107	0.0181232	0.518973	0.50492	0.00737393	0.5	0.5	0.5	0.0355391	0.517541	0.517541	0.612512	0.612512	N/A	0.52935	0.535941	0.529519	0.518134	0.511063	0.50821	0.534014	0.525064	0.514261	0.507897	0.0409321	0.5	0.512667	0.506591	0.513908
N0.HOG0009160	0.148657	0.546951	0.530432	0.0299322	0.0181232	0.512107	0.0283685	0.50492	0.50492	0.505207	0.505207	0.0132828	0.5	0.5	0.5	0.612512	0.165187	N/A	0.52935	0.535941	0.529519	0.518134	0.511063	0.50821	0.534014	0.525064	0.514261	0.507897	0.527417	0.503719	0.0189604	0.5	0.513908
N0.HOG0009169	0.148657	0.0698472	0.0454098	0.520023	0.512107	0.512107	0.518973	0.5	0.5	0.5	0.5	0.5	0.523789	0.0262332	0.517541	0.612512	0.165187	N/A	0.52935	0.535941	0.529519	0.518134	0.511063	0.50821	0.534014	0.525064	0.0213398	0.507897	0.0409321	0.5	0.512667	0.506591	0.513908
N0.HOG0009192	0.601002	0.546951	0.5	0.5	0.5	0.5	0.518973	0.5	0.5	0.5	0.5	0.5	0.523789	0.517541	0.517541	0.165187	0.612512	N/A	0.52935	0.535941	0.529519	0.0271177	0.5	0.5	0.534014	0.525064	0.0213398	0.507897	0.0409321	0.5	0.512667	0.506591	0.513908
N0.HOG0009195	0.148657	0.546951	0.530432	0.0299322	0.512107	0.0181232	0.518973	0.50492	0.50492	0.505207	0.505207	0.508868	0.5	0.5	0.5	0.612512	0.165187	N/A	0.52935	0.535941	0.529519	0.518134	0.511063	0.50821	0.534014	0.525064	0.514261	0.507897	0.527417	0.503719	0.0189604	0.5	0.513908
N0.HOG0009198	0.601002	0.0698472	0.0454098	0.0299322	0.512107	0.0181232	0.518973	0.50492	0.50492	0.505207	0.00780307	0.0132828	0.523789	0.517541	0.0262332	0.612512	0.165187	N/A	0.52935	0.535941	0.529519	0.518134	0.511063	0.50821	0.534014	0.525064	0.514261	0.507897	0.527417	0.503719	0.512667	0.506591	0.513908
N0.HOG0009204	0.601002	0.0698472	0.0454098	0.0299322	0.512107	0.512107	0.518973	0.00737393	0.50492	0.5	0.5	0.508868	0.523789	0.517541	0.517541	0.612512	0.612512	N/A	0.52935	0.535941	0.529519	0.518134	0.511063	0.50821	0.534014	0.525064	0.514261	0.507897	0.527417	0.0055744	0.512667	0.506591	0.513908
N0.HOG0009207	0.148657	0.546951	0.0454098	0.520023	0.00608963	0.512107	0.518973	0.50492	0.50492	0.505207	0.505207	0.508868	0.0120327	0.00884604	0.517541	0.612512	0.165187	N/A	0.52935	0.535941	0.529519	0.518134	0.511063	0.50821	0.534014	0.525064	0.514261	0.507897	0.527417	0.503719	0.512667	0.506591	0.513908
N0.HOG0009209	0.148657	0.0698472	0.530432	0.520023	0.0181232	0.512107	0.518973	0.50492	0.50492	0.505207	0.505207	0.508868	0.0355391	0.0262332	0.517541	0.612512	0.165187	N/A	0.52935	0.535941	0.529519	0.518134	0.511063	0.50821	0.534014	0.525064	0.514261	0.507897	0.527417	0.503719	0.512667	0.506591	0.513908
N0.HOG0009219	0.148657	0.5	0.5	0.5	0.5	0.5	0.518973	0.5	0.5	0.5	0.5	0.5	0.0355391	0.517541	0.517541	0.612512	0.612512	N/A	0.52935	0.535941	0.044054	0.5	0.5	0.5	0.534014	0.525064	0.0213398	0.507897	0.0409321	0.5	0.512667	0.506591	0.513908
N0.HOG0009220	0.601002	0.546951	0.530432	0.0299322	0.0181232	0.512107	0.518973	0.5	0.5	0.5	0.5	0.5	0.523789	0.517541	0.517541	0.612512	0.612512	N/A	0.52935	0.535941	0.529519	0.518134	0.511063	0.50821	0.534014	0.525064	0.0213398	0.507897	0.0409321	0.5	0.512667	0.506591	0.513908
N0.HOG0009224	0.148657	0.0698472	0.0454098	0.520023	0.512107	0.512107	0.5	0.5	0.5	0.505207	0.00780307	0.508868	0.523789	0.517541	0.517541	0.612512	0.165187	N/A	0.52935	0.535941	0.529519	0.518134	0.511063	0.50821	0.534014	0.0374342	0.5	0.507897	0.527417	0.503719	0.512667	0.506591	0.513908
N0.HOG0009229	0.672517	0.5	0.5	0.5	0.5	0.5	0.5	0.5	0.5	0.5	0.5	0.5	0.5	0.5	0.5	0.01204	8.16719e-06	N/A	0.556142	0.000847497	0.5	0.5	0.5	0.5	0.5	0.5	0.5	0.5	0.5	0.5	0.5	0.5	0.527239
N0.HOG0009232	0.148657	0.546951	0.0454098	0.520023	0.512107	0.512107	0.0283685	0.50492	0.50492	0.505207	0.505207	0.508868	0.0355391	0.517541	0.0262332	0.165187	0.612512	N/A	0.52935	0.535941	0.529519	0.518134	0.511063	0.50821	0.534014	0.525064	0.514261	0.507897	0.527417	0.503719	0.512667	0.506591	0.513908
N0.HOG0009237	0.601002	0.546951	0.0454098	0.520023	0.5	0.5	0.518973	0.50492	0.00737393	0.00780307	0.505207	0.0132828	0.523789	0.517541	0.517541	0.612512	0.165187	N/A	0.52935	0.535941	0.529519	0.518134	0.511063	0.0122984	0.534014	0.525064	0.514261	0.507897	0.527417	0.503719	0.512667	0.506591	0.513908
N0.HOG0009240	0.148657	0.0698472	0.0454098	0.0101096	0.5	0.5	0.5	0.5	0.5	0.5	0.5	0.5	0.5	0.5	0.5	0.165187	0.00705817	N/A	0.52935	0.535941	0.529519	0.518134	0.511063	0.0122984	0.0507211	0.5	0.5	0.5	0.5	0.5	0.5	0.5	0.513908
N0.HOG0009244	0.148657	0.0698472	0.0454098	0.520023	0.5	0.5	0.518973	0.50492	0.00737393	0.505207	0.505207	0.508868	0.5	0.5	0.5	0.612512	0.165187	N/A	0.52935	0.535941	0.529519	0.518134	0.511063	0.0122984	0.534014	0.525064	0.514261	0.507897	0.527417	0.503719	0.0189604	0.5	0.513908
N0.HOG0009245	0.148657	0.5	0.5	0.5	0.5	0.5	0.5	0.5	0.5	0.5	0.5	0.508868	0.5	0.5	0.5	0.612512	0.612512	N/A	0.52935	0.535941	0.044054	0.5	0.5	0.5	0.534014	0.0374342	0.5	0.507897	0.527417	0.0055744	0.0189604	0.5	0.513908
N0.HOG0009259	0.148657	0.546951	0.530432	0.520023	0.512107	0.0181232	0.518973	0.50492	0.50492	0.505207	0.00780307	0.508868	0.5	0.5	0.5	0.612512	0.612512	N/A	0.52935	0.535941	0.529519	0.518134	0.511063	0.50821	0.534014	0.525064	0.514261	0.507897	0.527417	0.503719	0.0189604	0.5	0.513908
N0.HOG0009261	0.601002	0.546951	0.530432	0.520023	0.512107	0.0181232	0.518973	0.50492	0.50492	0.00780307	0.505207	0.508868	0.0355391	0.517541	0.517541	0.165187	0.612512	N/A	0.52935	0.535941	0.529519	0.518134	0.511063	0.50821	0.534014	0.525064	0.514261	0.507897	0.527417	0.503719	0.512667	0.506591	0.513908
N0.HOG0009262	0.601002	0.5	0.5	0.5	0.5	0.5	0.518973	0.50492	0.50492	0.00780307	0.505207	0.0132828	0.0120327	0.5	0.5	0.165187	0.612512	N/A	0.52935	0.535941	0.044054	0.5	0.5	0.5	0.534014	0.525064	0.514261	0.507897	0.527417	0.503719	0.512667	0.00987568	0.513908
N0.HOG0009276	0.148657	0.546951	0.0454098	0.520023	0.512107	0.0181232	0.518973	0.50492	0.50492	0.505207	0.505207	0.508868	0.0355391	0.517541	0.0262332	0.612512	0.165187	N/A	0.52935	0.535941	0.529519	0.518134	0.511063	0.50821	0.534014	0.525064	0.514261	0.507897	0.527417	0.503719	0.512667	0.506591	0.513908
N0.HOG0009277	0.148657	0.5	0.5	0.5	0.5	0.5	0.518973	0.50492	0.50492	0.505207	0.00780307	0.508868	0.5	0.5	0.5	0.612512	0.612512	N/A	0.52935	0.535941	0.044054	0.5	0.5	0.5	0.534014	0.525064	0.514261	0.507897	0.527417	0.503719	0.0189604	0.5	0.513908
N0.HOG0009285	0.148657	0.546951	0.0454098	0.520023	0.512107	0.512107	0.518973	0.50492	0.00737393	0.505207	0.505207	0.508868	0.0355391	0.517541	0.0262332	0.612512	0.612512	N/A	0.52935	0.535941	0.529519	0.518134	0.511063	0.50821	0.534014	0.525064	0.514261	0.507897	0.527417	0.503719	0.512667	0.506591	0.513908
N0.HOG0009288	0.148657	0.0698472	0.0454098	0.520023	0.512107	0.0181232	0.518973	0.50492	0.50492	0.00780307	0.505207	0.508868	0.523789	0.517541	0.0262332	0.165187	0.612512	N/A	0.52935	0.535941	0.529519	0.518134	0.511063	0.50821	0.534014	0.525064	0.514261	0.507897	0.527417	0.503719	0.512667	0.506591	0.513908
N0.HOG0009291	0.148657	0.546951	0.530432	0.0299322	0.512107	0.0181232	0.518973	0.50492	0.50492	0.505207	0.505207	0.0132828	0.5	0.5	0.5	0.165187	0.612512	N/A	0.52935	0.535941	0.529519	0.518134	0.511063	0.50821	0.534014	0.525064	0.514261	0.507897	0.527417	0.503719	0.0189604	0.5	0.513908
N0.HOG0009293	0.148657	0.546951	0.530432	0.520023	0.512107	0.0181232	0.0283685	0.50492	0.00737393	0.505207	0.00780307	0.508868	0.5	0.5	0.5	0.612512	0.165187	N/A	0.52935	0.535941	0.529519	0.518134	0.511063	0.50821	0.534014	0.525064	0.514261	0.507897	0.527417	0.503719	0.0189604	0.5	0.513908
N0.HOG0009295	0.601002	0.0698472	0.0154403	0.0299322	5.33498e-24	0.0181232	0.5	0.5	0.5	0.5	0.5	0.5	0.5	0.5	0.5	0.612512	0.165187	N/A	0.52935	0.535941	0.529519	0.518134	0.511063	0.50821	0.0507211	0.5	0.5	0.5	0.5	0.5	0.5	0.5	0.513908
N0.HOG0009302	0.148657	0.0698472	0.0454098	0.520023	0.512107	0.512107	0.5	0.5	0.5	0.5	0.5	0.5	0.5	0.5	0.5	0.165187	0.00705817	N/A	0.52935	0.535941	0.529519	0.518134	0.511063	0.50821	0.0507211	0.5	0.5	0.5	0.5	0.5	0.5	0.5	0.513908
N0.HOG0009303	0.148657	0.546951	0.530432	0.0299322	0.512107	0.0181232	0.518973	0.50492	0.50492	0.00780307	0.505207	0.508868	0.0355391	0.00884604	0.0262332	0.612512	0.165187	N/A	0.52935	0.535941	0.529519	0.518134	0.511063	0.50821	0.534014	0.525064	0.514261	0.507897	0.527417	0.503719	0.512667	0.506591	0.513908
N0.HOG0009318	0.148657	0.546951	0.530432	0.0299322	0.512107	0.0181232	0.518973	0.50492	0.50492	0.5	0.5	0.5	0.523789	0.517541	0.517541	0.165187	0.0589792	N/A	0.52935	0.535941	0.529519	0.518134	0.511063	0.50821	0.534014	0.525064	0.514261	0.507897	0.0409321	0.5	0.512667	0.506591	0.513908
N0.HOG0009319	0.148657	0.546951	0.0454098	0.520023	0.00608963	0.0181232	0.0283685	0.50492	0.50492	0.5	0.5	0.508868	0.5	0.5	0.5	0.165187	0.612512	N/A	0.52935	0.535941	0.529519	0.518134	0.511063	0.50821	0.534014	0.525064	0.514261	0.507897	0.527417	0.0055744	0.0189604	0.5	0.513908
N0.HOG0009331	0.601002	2.67192e-06	0.0454098	0.520023	9.03571e-07	0.0181232	0.518973	0.5	0.5	0.5	0.5	0.5	0.0120327	0.00884604	0.0262332	0.0589792	0.165187	N/A	0.52935	0.535941	0.529519	0.518134	0.511063	0.50821	0.534014	0.525064	0.0213398	0.507897	0.0409321	0.5	0.512667	0.506591	0.513908
N0.HOG0009349	0.148657	0.546951	0.0454098	0.0299322	0.512107	0.0181232	0.518973	0.50492	0.00737393	0.505207	0.00780307	0.0132828	0.5	0.5	0.5	0.612512	0.612512	N/A	0.52935	0.535941	0.529519	0.518134	0.511063	0.50821	0.534014	0.525064	0.514261	0.507897	0.527417	0.503719	0.0189604	0.5	0.513908
N0.HOG0009350	0.148657	0.5	0.5	0.5	0.5	0.5	0.518973	0.5	0.5	0.5	0.5	0.5	0.523789	0.517541	0.0262332	0.165187	0.0589792	N/A	0.52935	0.535941	0.044054	0.5	0.5	0.5	0.534014	0.525064	0.0213398	0.507897	0.0409321	0.5	0.512667	0.506591	0.513908
N0.HOG0009351	0.148657	0.0239982	0.530432	0.0299322	0.512107	0.0181232	0.518973	0.5	0.5	0.5	0.5	0.5	0.523789	0.517541	0.0262332	0.612512	0.165187	N/A	0.52935	0.535941	0.529519	0.518134	0.511063	0.50821	0.534014	0.525064	0.0213398	0.507897	0.0409321	0.5	0.512667	0.506591	0.513908
N0.HOG0009352	0.148657	0.546951	0.0454098	0.0299322	0.512107	0.0181232	0.0283685	0.50492	0.50492	0.5	0.5	0.5	0.0355391	0.0262332	0.517541	0.165187	0.612512	N/A	0.52935	0.535941	0.529519	0.518134	0.511063	0.50821	0.534014	0.525064	0.514261	0.507897	0.0409321	0.5	0.512667	0.506591	0.513908
N0.HOG0009368	0.601002	0.546951	0.0454098	0.520023	0.512107	0.0181232	0.00957497	0.50492	0.00737393	0.505207	0.505207	0.508868	0.523789	0.517541	0.517541	0.612512	0.612512	N/A	0.52935	0.535941	0.529519	0.518134	0.511063	0.50821	0.534014	0.525064	0.514261	0.507897	0.527417	0.503719	0.512667	0.506591	0.513908
N0.HOG0009380	0.148657	0.546951	0.530432	0.520023	0.512107	0.512107	0.0283685	0.50492	0.50492	0.505207	0.505207	0.508868	0.5	0.5	0.5	0.165187	0.0589792	N/A	0.52935	0.535941	0.529519	0.518134	0.511063	0.50821	0.534014	0.525064	0.514261	0.507897	0.527417	0.503719	0.0189604	0.5	0.513908
N0.HOG0009391	0.148657	0.546951	0.0454098	0.520023	0.00608963	0.0181232	0.518973	0.50492	0.00737393	0.00780307	0.505207	0.0132828	0.523789	0.517541	0.0262332	0.612512	0.165187	N/A	0.52935	0.535941	0.529519	0.518134	0.511063	0.50821	0.534014	0.525064	0.514261	0.507897	0.527417	0.503719	0.512667	0.506591	0.513908
N0.HOG0009397	0.148657	0.0239982	0.530432	0.0299322	0.00608963	0.512107	0.0283685	0.00737393	0.50492	0.505207	0.00780307	0.0132828	0.0355391	0.0262332	0.517541	0.165187	0.612512	N/A	0.52935	0.535941	0.529519	0.518134	0.511063	0.50821	0.534014	0.525064	0.514261	0.507897	0.527417	0.503719	0.512667	0.506591	0.513908
N0.HOG0009401	0.601002	0.5	0.5	0.5	0.5	0.5	0.0283685	0.50492	0.50492	0.505207	0.505207	0.508868	0.0355391	0.0262332	0.517541	0.165187	0.612512	N/A	0.52935	0.535941	0.044054	0.5	0.5	0.5	0.534014	0.525064	0.514261	0.507897	0.527417	0.503719	0.512667	0.506591	0.513908
N0.HOG0009412	0.148657	0.0239982	0.530432	0.0299322	0.512107	0.0181232	0.0283685	0.50492	0.50492	0.505207	0.505207	0.508868	0.5	0.5	0.5	0.612512	0.165187	N/A	0.52935	0.535941	0.529519	0.518134	0.511063	0.50821	0.534014	0.525064	0.514261	0.507897	0.527417	0.503719	0.0189604	0.5	0.513908
N0.HOG0009413	0.148657	0.546951	0.0454098	0.520023	0.512107	0.0181232	0.518973	0.5	0.5	0.505207	0.00780307	0.0132828	0.523789	0.517541	0.517541	0.612512	0.165187	N/A	0.52935	0.535941	0.529519	0.518134	0.511063	0.50821	0.534014	0.525064	0.0213398	0.507897	0.527417	0.503719	0.512667	0.506591	0.513908
N0.HOG0009428	0.148657	0.546951	0.530432	0.520023	0.0181232	0.512107	0.0283685	0.50492	0.50492	0.505207	0.505207	0.508868	0.0355391	0.517541	0.0262332	0.612512	0.165187	N/A	0.52935	0.535941	0.529519	0.518134	0.511063	0.50821	0.534014	0.525064	0.514261	0.507897	0.527417	0.503719	0.512667	0.506591	0.513908
N0.HOG0009430	0.601002	0.546951	0.0454098	0.0299322	0.512107	0.0181232	0.518973	0.00737393	0.50492	0.505207	0.00780307	0.508868	0.523789	0.517541	0.517541	0.612512	0.165187	N/A	0.52935	0.535941	0.529519	0.518134	0.511063	0.50821	0.534014	0.525064	0.514261	0.507897	0.527417	0.503719	0.512667	0.506591	0.513908
N0.HOG0009431	0.601002	0.5	0.5	0.5	0.5	0.5	0.518973	0.5	0.5	0.00780307	0.505207	0.0132828	0.0355391	0.0262332	0.517541	0.612512	0.612512	N/A	0.52935	0.535941	0.044054	0.5	0.5	0.5	0.534014	0.525064	0.0213398	0.507897	0.527417	0.503719	0.512667	0.506591	0.513908
N0.HOG0009436	0.148657	0.0239982	0.530432	0.520023	0.512107	0.0181232	0.518973	0.50492	0.50492	0.505207	0.505207	0.0132828	0.523789	0.517541	0.517541	0.612512	0.165187	N/A	0.52935	0.535941	0.529519	0.518134	0.511063	0.50821	0.534014	0.525064	0.514261	0.507897	0.527417	0.503719	0.512667	0.506591	0.513908
N0.HOG0009441	0.601002	0.0698472	0.0454098	0.0299322	0.512107	0.0181232	0.518973	0.5	0.5	0.5	0.5	0.5	0.0355391	0.517541	0.517541	0.165187	0.612512	N/A	0.52935	0.535941	0.529519	0.518134	0.511063	0.50821	0.534014	0.525064	0.0213398	0.507897	0.0409321	0.5	0.512667	0.506591	0.513908
N0.HOG0009445	0.601002	0.0698472	0.530432	0.5	0.5	0.5	0.0283685	0.50492	0.50492	0.5	0.5	0.5	0.0355391	0.517541	0.517541	0.612512	0.165187	N/A	0.52935	0.535941	0.529519	0.518134	0.0165633	0.5	0.534014	0.525064	0.514261	0.507897	0.0409321	0.5	0.512667	0.506591	0.513908
N0.HOG0009450	0.148657	0.0698472	0.530432	0.520023	0.0181232	0.512107	0.0283685	0.50492	0.50492	0.505207	0.505207	0.508868	0.5	0.5	0.5	0.165187	0.612512	N/A	0.52935	0.535941	0.529519	0.518134	0.511063	0.50821	0.534014	0.525064	0.514261	0.507897	0.527417	0.503719	0.0189604	0.5	0.513908
N0.HOG0009459	0.148657	0.546951	0.530432	0.0299322	0.0181232	0.512107	0.518973	0.5	0.5	0.5	0.5	0.5	0.523789	0.517541	0.517541	0.612512	0.612512	N/A	0.52935	0.535941	0.529519	0.518134	0.511063	0.50821	0.534014	0.525064	0.0213398	0.507897	0.0409321	0.5	0.512667	0.506591	0.513908
N0.HOG0009467	0.148657	0.546951	0.0454098	0.520023	0.512107	0.0181232	0.518973	0.50492	0.50492	0.5	0.5	0.508868	0.5	0.5	0.5	0.612512	0.165187	N/A	0.52935	0.535941	0.529519	0.518134	0.511063	0.50821	0.534014	0.525064	0.514261	0.507897	0.527417	0.0055744	0.0189604	0.5	0.513908
N0.HOG0009481	0.148657	0.546951	0.0454098	0.0299322	0.00608963	0.0181232	0.518973	0.50492	0.50492	0.505207	0.00780307	0.0132828	0.523789	0.517541	0.0262332	0.612512	0.165187	N/A	0.52935	0.535941	0.529519	0.518134	0.511063	0.50821	0.534014	0.525064	0.514261	0.507897	0.527417	0.503719	0.512667	0.506591	0.513908
N0.HOG0009486	0.148657	0.0698472	0.0454098	0.520023	0.0181232	0.512107	0.0283685	0.50492	0.50492	0.00261004	0.505207	0.508868	0.523789	0.5	0.5	0.612512	0.165187	N/A	0.52935	0.535941	0.529519	0.518134	0.511063	0.50821	0.534014	0.525064	0.514261	0.507897	0.527417	0.503719	0.512667	0.00987568	0.513908
N0.HOG0009523	0.148657	0.546951	0.530432	0.520023	0.512107	0.0181232	0.5	0.5	0.5	0.5	0.5	0.5	0.523789	0.0262332	0.517541	0.612512	0.165187	N/A	0.52935	0.535941	0.529519	0.518134	0.511063	0.50821	0.534014	0.0374342	0.5	0.507897	0.0409321	0.5	0.512667	0.506591	0.513908
N0.HOG0009525	0.148657	0.546951	0.530432	0.520023	0.00608963	0.0181232	0.518973	0.50492	0.00737393	0.5	0.5	0.5	0.523789	0.517541	0.517541	0.612512	0.612512	N/A	0.52935	0.535941	0.529519	0.518134	0.511063	0.50821	0.534014	0.525064	0.514261	0.507897	0.0409321	0.5	0.512667	0.506591	0.513908
N0.HOG0009533	0.148657	0.546951	0.0454098	0.0299322	0.512107	0.0181232	0.518973	0.50492	0.50492	0.00261004	0.505207	0.508868	0.523789	0.517541	0.0262332	0.612512	0.165187	N/A	0.52935	0.535941	0.529519	0.518134	0.511063	0.50821	0.534014	0.525064	0.514261	0.507897	0.527417	0.503719	0.512667	0.506591	0.513908
N0.HOG0009534	0.148657	0.5	0.5	0.5	0.5	0.5	0.0191503	0.00737393	0.50492	0.00261004	0.505207	0.508868	0.585571	0.579046	0.0441037	0.165187	0.612512	N/A	0.52935	0.535941	0.044054	0.5	0.5	0.5	0.0172857	0.548259	0.041875	0.515607	0.0789207	0.503719	0.00040215	0.0132225	0.513908
N0.HOG0009535	0.672517	0.546951	0.0454098	0.0299322	0.512107	0.0181232	0.518973	0.50492	0.50492	0.505207	0.505207	0.508868	0.0120327	0.517541	0.517541	0.688607	0.688607	N/A	0.556142	0.10213	0.529519	0.518134	0.511063	0.50821	0.534014	0.525064	0.514261	0.507897	0.527417	0.503719	0.512667	0.506591	0.527239
N0.HOG0009537	0.601002	0.5	0.5	0.5	0.5	0.5	0.518973	0.5	0.5	0.00780307	0.505207	0.0132828	0.0355391	0.0262332	0.517541	0.612512	0.165187	N/A	0.52935	0.535941	0.044054	0.5	0.5	0.5	0.534014	0.525064	0.0213398	0.507897	0.527417	0.503719	0.512667	0.506591	0.513908
N0.HOG0009546	0.148657	0.5	0.5	0.5	0.5	0.5	0.518973	0.50492	0.50492	0.505207	0.505207	0.0132828	0.5	0.5	0.5	0.165187	0.612512	N/A	0.52935	0.535941	0.044054	0.5	0.5	0.5	0.534014	0.525064	0.514261	0.507897	0.527417	0.503719	0.0189604	0.5	0.513908
N0.HOG0009548	0.148657	0.546951	0.530432	0.0299322	0.512107	0.0181232	0.0283685	0.50492	0.00737393	0.00780307	0.505207	0.0132828	0.0120327	0.517541	0.0262332	0.165187	0.612512	N/A	0.52935	0.535941	0.529519	0.518134	0.511063	0.50821	0.534014	0.525064	0.514261	0.507897	0.527417	0.503719	0.512667	0.506591	0.513908
N0.HOG0009549	0.148657	0.0239982	0.530432	0.0299322	0.512107	0.0181232	0.518973	0.00737393	0.50492	0.5	0.5	0.5	0.0355391	0.517541	0.0262332	0.612512	0.612512	N/A	0.52935	0.535941	0.529519	0.518134	0.511063	0.50821	0.534014	0.525064	0.514261	0.507897	0.0409321	0.5	0.512667	0.506591	0.513908
N0.HOG0009558	0.148657	0.546951	0.530432	0.0299322	0.512107	0.512107	0.518973	0.50492	0.50492	0.505207	0.00780307	0.0132828	0.523789	0.517541	0.0262332	0.165187	0.612512	N/A	0.52935	0.535941	0.529519	0.518134	0.511063	0.50821	0.534014	0.525064	0.514261	0.507897	0.527417	0.503719	0.512667	0.506591	0.513908
N0.HOG0009561	0.148657	0.546951	0.0454098	0.0299322	0.512107	0.0181232	0.518973	0.50492	0.50492	0.5	0.5	0.5	0.523789	0.517541	0.0262332	0.165187	0.612512	N/A	0.52935	0.535941	0.529519	0.518134	0.511063	0.50821	0.534014	0.525064	0.514261	0.507897	0.0409321	0.5	0.512667	0.506591	0.513908
N0.HOG0009566	0.601002	0.0698472	0.530432	0.520023	0.0181232	0.512107	0.518973	0.50492	0.50492	0.505207	0.00780307	0.508868	0.0355391	0.517541	0.517541	0.612512	0.612512	N/A	0.52935	0.535941	0.529519	0.518134	0.511063	0.50821	0.534014	0.525064	0.514261	0.507897	0.527417	0.503719	0.512667	0.506591	0.513908
N0.HOG0009567	0.148657	0.0698472	0.0454098	0.520023	0.5	0.5	0.0283685	0.50492	0.50492	0.505207	0.505207	0.508868	0.0355391	0.0262332	0.517541	0.612512	0.165187	N/A	0.52935	0.535941	0.529519	0.518134	0.511063	0.0122984	0.534014	0.525064	0.514261	0.507897	0.527417	0.503719	0.512667	0.506591	0.513908
N0.HOG0009574	0.148657	0.546951	0.0454098	0.0299322	0.512107	0.0181232	0.518973	0.50492	0.50492	0.505207	0.505207	0.508868	0.523789	0.517541	0.0262332	0.165187	0.612512	N/A	0.52935	0.535941	0.529519	0.518134	0.511063	0.50821	0.534014	0.525064	0.514261	0.507897	0.527417	0.503719	0.512667	0.506591	0.513908
N0.HOG0009581	0.601002	0.0698472	0.0454098	0.520023	0.512107	0.512107	0.518973	0.50492	0.50492	0.505207	0.505207	0.0132828	0.5	0.5	0.5	0.612512	0.165187	N/A	0.52935	0.535941	0.529519	0.518134	0.511063	0.50821	0.534014	0.525064	0.514261	0.507897	0.527417	0.503719	0.0189604	0.5	0.513908
N0.HOG0009593	0.601002	0.546951	0.530432	0.520023	0.512107	0.512107	0.518973	0.50492	0.00737393	0.00780307	0.505207	0.0132828	0.523789	0.517541	0.517541	0.165187	0.612512	N/A	0.52935	0.535941	0.529519	0.518134	0.511063	0.50821	0.534014	0.525064	0.514261	0.507897	0.527417	0.503719	0.512667	0.506591	0.513908
N0.HOG0009601	0.148657	0.546951	0.0454098	0.0299322	0.512107	0.0181232	0.518973	0.50492	0.50492	0.505207	0.505207	0.508868	0.5	0.5	0.5	0.612512	0.165187	N/A	0.52935	0.535941	0.529519	0.518134	0.511063	0.50821	0.534014	0.525064	0.514261	0.507897	0.527417	0.503719	0.0189604	0.5	0.513908
N0.HOG0009604	0.148657	0.0239982	0.0454098	0.520023	0.512107	0.0181232	0.0283685	0.00737393	0.50492	0.5	0.5	0.5	0.0355391	0.517541	0.517541	0.165187	0.0589792	N/A	0.52935	0.535941	0.529519	0.518134	0.511063	0.50821	0.534014	0.525064	0.514261	0.507897	0.0409321	0.5	0.512667	0.506591	0.513908
N0.HOG0009617	0.148657	0.5	0.5	0.5	0.5	0.5	0.518973	0.5	0.5	0.5	0.5	0.5	0.5	0.5	0.5	0.165187	0.612512	N/A	0.52935	0.535941	0.044054	0.5	0.5	0.5	0.534014	0.525064	0.0213398	0.0118292	0.5	0.5	0.5	0.5	0.513908
N0.HOG0009618	0.148657	0.546951	0.530432	0.0299322	0.512107	0.0181232	0.518973	0.50492	0.50492	0.5	0.5	0.5	0.5	0.5	0.5	0.612512	0.165187	N/A	0.52935	0.535941	0.529519	0.518134	0.511063	0.50821	0.534014	0.525064	0.514261	0.0118292	0.5	0.5	0.5	0.5	0.513908
N0.HOG0009637	0.148657	0.0239982	0.5	0.5	0.5	0.5	0.518973	0.50492	0.00737393	0.00780307	0.505207	0.508868	0.5	0.5	0.5	0.612512	0.165187	N/A	0.52935	0.535941	0.529519	0.0271177	0.5	0.5	0.534014	0.525064	0.514261	0.507897	0.527417	0.503719	0.0189604	0.5	0.513908
N0.HOG0009638	0.148657	0.5	0.5	0.5	0.5	0.5	0.5	0.5	0.5	0.5	0.5	0.5	0.523789	0.5	0.5	0.0589792	0.165187	N/A	0.52935	0.535941	0.044054	0.5	0.5	0.5	0.534014	0.0374342	0.5	0.507897	0.0409321	0.5	0.512667	0.00987568	0.513908
N0.HOG0009639	0.148657	0.546951	0.530432	0.0299322	0.512107	0.0181232	0.518973	0.5	0.5	0.505207	0.00780307	0.0132828	0.5	0.5	0.5	0.612512	0.165187	N/A	0.52935	0.535941	0.529519	0.518134	0.511063	0.50821	0.534014	0.525064	0.0213398	0.507897	0.527417	0.503719	0.0189604	0.5	0.513908
N0.HOG0009657	0.148657	0.0698472	0.530432	0.5	0.5	0.5	0.5	0.5	0.5	0.5	0.5	0.5	0.5	0.5	0.5	0.165187	0.612512	N/A	0.52935	0.535941	0.529519	0.518134	0.0165633	0.5	0.0507211	0.5	0.5	0.5	0.5	0.5	0.5	0.5	0.513908
N0.HOG0009661	0.148657	0.546951	0.0454098	0.0299322	0.512107	0.0181232	0.5	0.5	0.5	0.505207	0.00780307	0.0132828	0.523789	0.517541	0.0262332	0.165187	0.612512	N/A	0.52935	0.535941	0.529519	0.518134	0.511063	0.50821	0.534014	0.0374342	0.5	0.507897	0.527417	0.503719	0.512667	0.506591	0.513908
N0.HOG0009663	0.148657	0.0698472	0.0454098	0.0299322	0.512107	0.0181232	0.518973	0.50492	0.50492	0.00780307	0.505207	0.508868	0.5	0.5	0.5	0.165187	0.612512	N/A	0.52935	0.535941	0.529519	0.518134	0.511063	0.50821	0.534014	0.525064	0.514261	0.507897	0.527417	0.503719	0.0189604	0.5	0.513908
N0.HOG0009667	0.601002	0.5	0.5	0.5	0.5	0.5	0.518973	0.5	0.5	0.5	0.5	0.5	0.523789	0.517541	0.0262332	0.612512	0.165187	N/A	0.52935	0.535941	0.044054	0.5	0.5	0.5	0.534014	0.525064	0.0213398	0.507897	0.0409321	0.5	0.512667	0.506591	0.513908
N0.HOG0009672	0.148657	0.546951	0.0454098	0.520023	0.512107	0.512107	0.0283685	0.50492	0.50492	0.505207	0.505207	0.508868	0.0355391	0.517541	0.0262332	0.165187	0.612512	N/A	0.52935	0.535941	0.529519	0.518134	0.511063	0.50821	0.534014	0.525064	0.514261	0.507897	0.527417	0.503719	0.512667	0.506591	0.513908
N0.HOG0009680	0.148657	0.546951	0.0454098	0.520023	0.512107	0.0181232	0.518973	0.5	0.5	0.5	0.5	0.5	0.523789	0.517541	0.517541	0.612512	0.612512	N/A	0.52935	0.535941	0.529519	0.518134	0.511063	0.50821	0.534014	0.525064	0.0213398	0.507897	0.0409321	0.5	0.512667	0.506591	0.513908
N0.HOG0009692	0.601002	0.546951	0.0454098	0.520023	0.5	0.5	0.518973	0.50492	0.50492	0.505207	0.505207	0.508868	0.523789	0.517541	0.0262332	0.612512	0.165187	N/A	0.52935	0.535941	0.529519	0.518134	0.511063	0.0122984	0.534014	0.525064	0.514261	0.507897	0.527417	0.503719	0.512667	0.506591	0.513908
N0.HOG0009694	0.148657	0.0698472	0.0454098	0.0299322	0.512107	0.0181232	0.0283685	0.50492	0.00246603	0.505207	0.505207	0.508868	0.5	0.5	0.5	0.612512	0.612512	N/A	0.52935	0.535941	0.529519	0.518134	0.511063	0.50821	0.534014	0.525064	0.514261	0.507897	0.527417	0.503719	0.0189604	0.5	0.513908
N0.HOG0009701	0.601002	0.5	0.5	0.5	0.5	0.5	0.518973	0.5	0.5	0.5	0.5	0.5	0.0355391	0.517541	0.517541	0.0589792	0.612512	N/A	0.52935	0.535941	0.044054	0.5	0.5	0.5	0.534014	0.525064	0.0213398	0.507897	0.0409321	0.5	0.512667	0.506591	0.513908
N0.HOG0009708	0.148657	0.0239982	0.5	0.5	0.5	0.5	0.518973	0.50492	0.00737393	0.505207	0.505207	0.508868	0.523789	0.517541	0.0262332	0.165187	0.612512	N/A	0.52935	0.535941	0.529519	0.0271177	0.5	0.5	0.534014	0.525064	0.514261	0.507897	0.527417	0.503719	0.512667	0.506591	0.513908
N0.HOG0009716	0.148657	0.5	0.5	0.5	0.5	0.5	0.0283685	0.50492	0.50492	0.505207	0.505207	0.508868	0.5	0.5	0.5	0.612512	0.165187	N/A	0.52935	0.535941	0.044054	0.5	0.5	0.5	0.534014	0.525064	0.514261	0.507897	0.527417	0.503719	0.0189604	0.5	0.513908
N0.HOG0009717	0.148657	0.546951	0.530432	0.520023	0.0181232	0.512107	0.518973	0.5	0.5	0.00780307	0.505207	0.508868	0.5	0.5	0.5	0.612512	0.612512	N/A	0.52935	0.535941	0.529519	0.518134	0.511063	0.50821	0.534014	0.525064	0.0213398	0.507897	0.527417	0.503719	0.0189604	0.5	0.513908
N0.HOG0009718	0.148657	0.0698472	0.0454098	0.0299322	0.0181232	0.512107	0.518973	0.5	0.5	0.5	0.5	0.5	0.5	0.5	0.5	0.612512	0.612512	N/A	0.52935	0.535941	0.529519	0.518134	0.511063	0.50821	0.534014	0.525064	0.0213398	0.0118292	0.5	0.5	0.5	0.5	0.513908
N0.HOG0009720	0.148657	0.5	0.5	0.5	0.5	0.5	0.5	0.5	0.5	0.00780307	0.505207	0.0132828	0.5	0.5	0.5	0.612512	0.612512	N/A	0.52935	0.535941	0.044054	0.5	0.5	0.5	0.534014	0.0374342	0.5	0.507897	0.527417	0.503719	0.0189604	0.5	0.513908
N0.HOG0009732	0.148657	0.0698472	0.530432	0.5	0.5	0.5	0.5	0.5	0.5	0.5	0.5	0.5	0.5	0.5	0.5	0.165187	0.612512	N/A	0.52935	0.535941	0.529519	0.518134	0.0165633	0.5	0.0507211	0.5	0.5	0.5	0.5	0.5	0.5	0.5	0.513908
N0.HOG0009735	0.148657	0.546951	0.530432	0.520023	0.512107	0.512107	0.0283685	0.50492	0.50492	0.00780307	0.505207	0.0132828	0.5	0.5	0.5	0.165187	0.612512	N/A	0.52935	0.535941	0.529519	0.518134	0.511063	0.50821	0.534014	0.525064	0.514261	0.507897	0.527417	0.503719	0.0189604	0.5	0.513908
N0.HOG0009752	0.148657	0.546951	0.0454098	0.0299322	0.512107	0.0181232	0.518973	0.5	0.5	0.5	0.5	0.5	0.5	0.5	0.5	0.612512	0.165187	N/A	0.52935	0.535941	0.529519	0.518134	0.511063	0.50821	0.534014	0.525064	0.0213398	0.0118292	0.5	0.5	0.5	0.5	0.513908
N0.HOG0009777	0.148657	0.5	0.5	0.5	0.5	0.5	0.5	0.5	0.5	0.00780307	0.505207	0.0132828	0.0355391	0.0262332	0.517541	0.612512	0.165187	N/A	0.52935	0.535941	0.044054	0.5	0.5	0.5	0.534014	0.0374342	0.5	0.507897	0.527417	0.503719	0.512667	0.506591	0.513908
N0.HOG0009789	0.148657	0.0011545	0.0454098	0.520023	7.41783e-05	0.0181232	0.5	0.5	0.5	0.5	0.5	0.5	0.5	0.5	0.5	0.612512	0.165187	N/A	0.52935	0.535941	0.529519	0.518134	0.511063	0.50821	0.0507211	0.5	0.5	0.5	0.5	0.5	0.5	0.5	0.513908
N0.HOG0009794	0.148657	0.5	0.5	0.5	0.5	0.5	0.518973	0.50492	0.50492	0.5	0.5	0.508868	0.523789	0.517541	0.0262332	0.612512	0.165187	N/A	0.52935	0.535941	0.044054	0.5	0.5	0.5	0.534014	0.525064	0.514261	0.507897	0.527417	0.0055744	0.512667	0.506591	0.513908
N0.HOG0009823	0.148657	0.5	0.5	0.5	0.5	0.5	0.518973	0.5	0.5	0.5	0.5	0.5	0.0355391	0.0262332	0.517541	0.165187	0.0589792	N/A	0.52935	0.535941	0.044054	0.5	0.5	0.5	0.534014	0.525064	0.0213398	0.507897	0.0409321	0.5	0.512667	0.506591	0.513908
N0.HOG0009825	0.601002	0.546951	0.530432	0.0299322	0.512107	0.0181232	0.518973	0.50492	0.50492	0.505207	0.505207	0.508868	0.523789	0.517541	0.00884604	0.612512	0.165187	N/A	0.52935	0.535941	0.529519	0.518134	0.511063	0.50821	0.534014	0.525064	0.514261	0.507897	0.527417	0.503719	0.512667	0.506591	0.513908
N0.HOG0009832	0.601002	0.5	0.5	0.5	0.5	0.5	0.518973	0.5	0.5	0.5	0.5	0.5	0.5	0.5	0.5	0.165187	0.612512	N/A	0.52935	0.535941	0.044054	0.5	0.5	0.5	0.534014	0.525064	0.0213398	0.0118292	0.5	0.5	0.5	0.5	0.513908
N0.HOG0009833	0.601002	0.5	0.5	0.5	0.5	0.5	0.518973	0.5	0.5	0.5	0.5	0.5	0.523789	0.5	0.5	0.612512	0.165187	N/A	0.52935	0.535941	0.044054	0.5	0.5	0.5	0.534014	0.525064	0.0213398	0.507897	0.0409321	0.5	0.512667	0.00987568	0.513908
N0.HOG0009834	0.601002	0.0239982	0.530432	0.520023	0.512107	0.512107	0.518973	0.50492	0.50492	0.5	0.5	0.5	0.0355391	0.0262332	0.517541	0.165187	0.612512	N/A	0.52935	0.535941	0.529519	0.518134	0.511063	0.50821	0.534014	0.525064	0.514261	0.507897	0.0409321	0.5	0.512667	0.506591	0.513908
N0.HOG0009835	0.148657	0.0698472	0.0454098	0.520023	0.0181232	0.512107	0.5	0.5	0.5	0.5	0.5	0.5	0.5	0.5	0.5	0.165187	0.612512	N/A	0.52935	0.535941	0.529519	0.518134	0.511063	0.50821	0.0507211	0.5	0.5	0.5	0.5	0.5	0.5	0.5	0.513908
N0.HOG0009844	0.148657	0.0698472	0.0454098	0.520023	0.512107	0.512107	0.518973	0.5	0.5	0.5	0.5	0.5	0.523789	0.0262332	0.517541	0.612512	0.165187	N/A	0.52935	0.535941	0.529519	0.518134	0.511063	0.50821	0.534014	0.525064	0.0213398	0.507897	0.0409321	0.5	0.512667	0.506591	0.513908
N0.HOG0009857	0.148657	0.546951	0.0454098	0.520023	0.5	0.5	0.518973	0.5	0.5	0.5	0.5	0.5	0.523789	0.517541	0.0262332	0.165187	0.612512	N/A	0.52935	0.535941	0.529519	0.518134	0.511063	0.0122984	0.534014	0.525064	0.0213398	0.507897	0.0409321	0.5	0.512667	0.506591	0.513908
N0.HOG0009867	0.601002	0.0698472	0.530432	0.520023	0.0181232	0.512107	0.518973	0.50492	0.00246603	0.505207	0.505207	0.508868	0.523789	0.517541	0.517541	0.612512	0.165187	N/A	0.52935	0.535941	0.529519	0.518134	0.511063	0.50821	0.534014	0.525064	0.514261	0.507897	0.527417	0.503719	0.512667	0.506591	0.513908
N0.HOG0009875	0.148657	0.546951	0.0454098	0.0299322	0.512107	0.0181232	0.5	0.5	0.5	0.5	0.5	0.5	0.5	0.5	0.5	0.165187	0.612512	N/A	0.52935	0.535941	0.529519	0.518134	0.511063	0.50821	0.0507211	0.5	0.5	0.5	0.5	0.5	0.5	0.5	0.513908
N0.HOG0009878	0.148657	0.546951	0.0454098	0.520023	0.5	0.5	0.5	0.5	0.5	0.5	0.5	0.5	0.523789	0.5	0.5	0.612512	0.612512	N/A	0.52935	0.535941	0.529519	0.518134	0.511063	0.0122984	0.534014	0.0374342	0.5	0.507897	0.0409321	0.5	0.512667	0.00987568	0.513908
N0.HOG0009898	0.601002	0.546951	0.0454098	0.0299322	0.512107	0.0181232	0.518973	0.00737393	0.50492	0.5	0.5	0.508868	0.523789	0.5	0.5	0.165187	0.612512	N/A	0.52935	0.535941	0.529519	0.518134	0.511063	0.50821	0.534014	0.525064	0.514261	0.507897	0.527417	0.0055744	0.512667	0.00987568	0.513908
N0.HOG0009903	0.601002	0.0239982	0.0454098	0.520023	0.512107	0.0181232	0.00957497	0.50492	0.50492	0.505207	0.00780307	0.508868	0.523789	0.517541	0.000156554	0.612512	0.612512	N/A	0.52935	0.535941	0.529519	0.518134	0.511063	0.50821	0.534014	0.525064	0.514261	0.507897	0.527417	0.503719	0.512667	0.506591	0.513908
N0.HOG0009906	0.148657	0.546951	0.530432	0.520023	0.0181232	0.512107	0.518973	0.50492	0.00737393	0.505207	0.00780307	0.508868	0.0355391	0.517541	0.517541	0.612512	0.165187	N/A	0.52935	0.535941	0.529519	0.518134	0.511063	0.50821	0.534014	0.525064	0.514261	0.507897	0.527417	0.503719	0.512667	0.506591	0.513908
N0.HOG0009907	0.148657	0.546951	0.0454098	0.0299322	0.512107	0.512107	0.518973	0.50492	0.50492	0.505207	0.505207	0.508868	0.523789	0.517541	0.0262332	0.612512	0.165187	N/A	0.52935	0.535941	0.529519	0.518134	0.511063	0.50821	0.534014	0.525064	0.514261	0.507897	0.527417	0.503719	0.512667	0.506591	0.513908
N0.HOG0009915	0.148657	0.0698472	0.0454098	0.0299322	0.512107	0.0181232	0.518973	0.50492	0.00737393	0.5	0.5	0.5	0.0355391	0.517541	0.0262332	0.612512	0.612512	N/A	0.52935	0.535941	0.529519	0.518134	0.511063	0.50821	0.534014	0.525064	0.514261	0.507897	0.0409321	0.5	0.512667	0.506591	0.513908
N0.HOG0009942	0.601002	0.5	0.5	0.5	0.5	0.5	0.518973	0.5	0.5	0.5	0.5	0.5	0.523789	0.517541	0.0262332	0.612512	0.612512	N/A	0.52935	0.535941	0.044054	0.5	0.5	0.5	0.534014	0.525064	0.0213398	0.507897	0.0409321	0.5	0.512667	0.506591	0.513908
N0.HOG0009945	0.601002	0.0698472	0.530432	0.0299322	0.512107	0.0181232	0.518973	0.5	0.5	0.5	0.5	0.5	0.523789	0.517541	0.517541	0.612512	0.612512	N/A	0.52935	0.535941	0.529519	0.518134	0.511063	0.50821	0.534014	0.525064	0.0213398	0.507897	0.0409321	0.5	0.512667	0.506591	0.513908
N0.HOG0009953	0.148657	0.5	0.5	0.5	0.5	0.5	0.518973	0.50492	0.50492	0.5	0.5	0.5	0.5	0.5	0.5	0.165187	0.00705817	N/A	0.52935	0.535941	0.044054	0.5	0.5	0.5	0.534014	0.525064	0.514261	0.0118292	0.5	0.5	0.5	0.5	0.513908
N0.HOG0009977	0.148657	0.546951	0.0454098	0.0299322	0.512107	0.0181232	0.518973	0.5	0.5	0.505207	0.00780307	0.0132828	0.0355391	0.517541	0.0262332	0.612512	0.165187	N/A	0.52935	0.535941	0.529519	0.518134	0.511063	0.50821	0.534014	0.525064	0.0213398	0.507897	0.527417	0.503719	0.512667	0.506591	0.513908
N0.HOG0009993	0.148657	0.546951	0.0454098	0.520023	0.0181232	0.512107	0.518973	0.5	0.5	0.5	0.5	0.5	0.523789	0.5	0.5	0.165187	0.612512	N/A	0.52935	0.535941	0.529519	0.518134	0.511063	0.50821	0.534014	0.525064	0.0213398	0.507897	0.0409321	0.5	0.512667	0.00987568	0.513908
N0.HOG0010006	0.148657	0.546951	0.5	0.5	0.5	0.5	0.518973	0.5	0.5	0.5	0.5	0.5	0.0355391	0.0262332	0.517541	0.612512	0.165187	N/A	0.52935	0.535941	0.529519	0.0271177	0.5	0.5	0.534014	0.525064	0.0213398	0.507897	0.0409321	0.5	0.512667	0.506591	0.513908
N0.HOG0010011	0.601002	0.546951	0.530432	0.5	0.5	0.5	0.518973	0.50492	0.50492	0.505207	0.00780307	0.0132828	0.523789	0.517541	0.0262332	0.612512	0.165187	N/A	0.52935	0.535941	0.529519	0.518134	0.0165633	0.5	0.534014	0.525064	0.514261	0.507897	0.527417	0.503719	0.512667	0.506591	0.513908
N0.HOG0010012	0.601002	0.546951	0.0454098	0.0299322	0.512107	0.0181232	0.518973	0.5	0.5	0.5	0.5	0.5	0.523789	0.5	0.5	0.165187	0.612512	N/A	0.52935	0.535941	0.529519	0.518134	0.511063	0.50821	0.534014	0.525064	0.0213398	0.507897	0.0409321	0.5	0.512667	0.00987568	0.513908
N0.HOG0010016	0.148657	0.0698472	0.530432	0.0299322	0.0181232	0.512107	0.0283685	0.50492	0.50492	0.505207	0.00780307	0.0132828	0.523789	0.5	0.5	0.165187	0.612512	N/A	0.52935	0.535941	0.529519	0.518134	0.511063	0.50821	0.534014	0.525064	0.514261	0.507897	0.527417	0.503719	0.512667	0.00987568	0.513908
N0.HOG0010017	0.148657	0.5	0.5	0.5	0.5	0.5	0.5	0.5	0.5	0.5	0.5	0.5	0.523789	0.517541	0.0262332	0.612512	0.165187	N/A	0.52935	0.535941	0.044054	0.5	0.5	0.5	0.534014	0.0374342	0.5	0.507897	0.0409321	0.5	0.512667	0.506591	0.513908
N0.HOG0010019	0.148657	0.5	0.5	0.5	0.5	0.5	0.518973	0.5	0.5	0.5	0.5	0.5	0.000289738	0.517541	0.517541	0.165187	0.612512	N/A	0.52935	0.535941	0.044054	0.5	0.5	0.5	0.534014	0.525064	0.0213398	0.507897	0.0409321	0.5	0.512667	0.506591	0.513908
N0.HOG0010020	0.148657	0.546951	0.0454098	0.0299322	0.512107	0.0181232	0.0283685	0.50492	0.00737393	0.5	0.5	0.5	0.0355391	0.517541	0.0262332	0.612512	0.165187	N/A	0.52935	0.535941	0.529519	0.518134	0.511063	0.50821	0.534014	0.525064	0.514261	0.507897	0.0409321	0.5	0.512667	0.506591	0.513908
N0.HOG0010022	0.148657	0.546951	0.558115	0.0582852	0.0121793	0.523776	0.518973	0.509768	0.509768	0.510332	0.510332	0.508868	0.5	0.5	0.5	0.612512	0.165187	N/A	0.52935	0.535941	0.529519	0.00914782	0.52176	0.516219	0.534014	0.525064	0.00718057	0.507897	0.527417	0.00186273	0.0189604	0.5	0.513908
N0.HOG0010028	0.148657	0.0239982	0.5	0.5	0.5	0.5	0.5	0.5	0.5	0.5	0.5	0.5	0.0355391	0.517541	0.0262332	0.165187	0.0589792	N/A	0.52935	0.535941	0.529519	0.0271177	0.5	0.5	0.534014	0.0374342	0.5	0.507897	0.0409321	0.5	0.512667	0.506591	0.513908
N0.HOG0010041	0.148657	0.0698472	0.530432	0.0299322	0.512107	0.0181232	0.518973	0.5	0.5	0.505207	0.505207	0.508868	0.0355391	0.0262332	0.517541	0.612512	0.165187	N/A	0.52935	0.535941	0.529519	0.518134	0.511063	0.50821	0.534014	0.525064	0.0213398	0.507897	0.527417	0.503719	0.512667	0.506591	0.513908
N0.HOG0010045	0.148657	0.0698472	0.0454098	0.0299322	0.0181232	0.512107	0.518973	0.50492	0.50492	0.505207	0.505207	0.508868	0.5	0.5	0.5	0.612512	0.165187	N/A	0.52935	0.535941	0.529519	0.518134	0.511063	0.50821	0.534014	0.525064	0.514261	0.507897	0.527417	0.503719	0.0189604	0.5	0.513908
N0.HOG0010046	0.601002	0.5	0.5	0.5	0.5	0.5	0.0283685	0.50492	0.50492	0.505207	0.505207	0.508868	0.0355391	0.0262332	0.517541	0.612512	0.612512	N/A	0.52935	0.535941	0.044054	0.5	0.5	0.5	0.534014	0.525064	0.514261	0.507897	0.527417	0.503719	0.512667	0.506591	0.513908
N0.HOG0010064	0.148657	0.0698472	0.0154403	0.520023	0.00608963	0.0181232	0.5	0.5	0.5	0.5	0.5	0.5	0.5	0.5	0.5	0.612512	0.165187	N/A	0.52935	0.535941	0.529519	0.518134	0.511063	0.50821	0.0507211	0.5	0.5	0.5	0.5	0.5	0.5	0.5	0.513908
N0.HOG0010065	0.148657	0.5	0.5	0.5	0.5	0.5	0.518973	0.5	0.5	0.5	0.5	0.5	0.523789	0.517541	0.0262332	0.612512	0.165187	N/A	0.52935	0.535941	0.044054	0.5	0.5	0.5	0.534014	0.525064	0.0213398	0.507897	0.0409321	0.5	0.512667	0.506591	0.513908
N0.HOG0010095	0.148657	0.0698472	0.0454098	0.0299322	0.512107	0.0181232	0.536874	0.509768	0.509768	0.510332	0.510332	0.517502	0.523789	0.517541	0.0262332	0.612512	0.612512	N/A	0.52935	0.535941	0.529519	0.518134	0.511063	0.50821	0.0172857	0.548259	0.527915	0.515607	0.5526	0.507396	0.0372852	0.506591	0.513908
N0.HOG0010096	0.148657	0.0698472	0.530432	0.0299322	0.00608963	0.0181232	0.518973	0.50492	0.00737393	0.505207	0.505207	0.508868	0.5	0.5	0.5	0.612512	0.612512	N/A	0.52935	0.535941	0.529519	0.518134	0.511063	0.50821	0.534014	0.525064	0.514261	0.507897	0.527417	0.503719	0.0189604	0.5	0.513908
N0.HOG0010120	0.601002	0.0698472	0.0454098	0.520023	0.512107	0.0181232	0.5	0.5	0.5	0.5	0.5	0.5	0.5	0.5	0.5	0.165187	0.612512	N/A	0.52935	0.535941	0.529519	0.518134	0.511063	0.50821	0.0507211	0.5	0.5	0.5	0.5	0.5	0.5	0.5	0.513908
N0.HOG0010124	0.601002	0.546951	0.0454098	0.0299322	0.512107	0.512107	0.5	0.5	0.5	0.505207	0.00780307	0.508868	0.523789	0.0262332	0.517541	0.612512	0.165187	N/A	0.52935	0.535941	0.529519	0.518134	0.511063	0.50821	0.534014	0.0374342	0.5	0.507897	0.527417	0.503719	0.512667	0.506591	0.513908
N0.HOG0010133	0.148657	0.0698472	0.0454098	0.0299322	0.512107	0.0181232	0.518973	0.5	0.5	0.5	0.5	0.5	0.523789	0.517541	0.0262332	0.612512	0.165187	N/A	0.52935	0.535941	0.529519	0.518134	0.511063	0.50821	0.534014	0.525064	0.0213398	0.507897	0.0409321	0.5	0.512667	0.506591	0.513908
N0.HOG0010164	0.148657	0.0698472	0.530432	0.0299322	0.512107	0.0181232	0.5	0.5	0.5	0.5	0.5	0.5	0.5	0.5	0.5	0.612512	0.165187	N/A	0.52935	0.535941	0.529519	0.518134	0.511063	0.50821	0.0507211	0.5	0.5	0.5	0.5	0.5	0.5	0.5	0.513908
N0.HOG0010168	0.148657	0.546951	0.0454098	0.0299322	0.512107	0.0181232	0.518973	0.50492	0.50492	0.505207	0.505207	0.508868	0.0355391	0.0262332	0.517541	0.612512	0.165187	N/A	0.52935	0.535941	0.529519	0.518134	0.511063	0.50821	0.534014	0.525064	0.514261	0.507897	0.527417	0.503719	0.512667	0.506591	0.513908
N0.HOG0010171	0.601002	0.0698472	0.530432	0.520023	0.512107	0.512107	0.518973	0.5	0.5	0.00780307	0.505207	0.0132828	0.523789	0.517541	0.517541	0.612512	0.612512	N/A	0.52935	0.535941	0.529519	0.518134	0.511063	0.50821	0.534014	0.525064	0.0213398	0.507897	0.527417	0.503719	0.512667	0.506591	0.513908
N0.HOG0010179	0.148657	4.10583e-22	0.0454098	0.0299322	0.00608963	0.0181232	0.5	0.5	0.5	0.5	0.5	0.5	0.5	0.5	0.5	0.612512	0.165187	N/A	0.52935	0.535941	0.529519	0.518134	0.511063	0.50821	0.0507211	0.5	0.5	0.5	0.5	0.5	0.5	0.5	0.513908
N0.HOG0010180	0.148657	0.0698472	0.0454098	0.0299322	0.512107	0.0181232	0.5	0.5	0.5	0.505207	0.00780307	0.0132828	0.5	0.5	0.5	0.612512	0.165187	N/A	0.52935	0.535941	0.529519	0.518134	0.511063	0.50821	0.534014	0.0374342	0.5	0.507897	0.527417	0.503719	0.0189604	0.5	0.513908
N0.HOG0010181	0.148657	0.546951	0.0154403	0.0299322	0.512107	0.512107	0.5	0.5	0.5	0.505207	0.00780307	0.508868	0.0355391	0.517541	0.0262332	0.612512	0.165187	N/A	0.52935	0.535941	0.529519	0.518134	0.511063	0.50821	0.534014	0.0374342	0.5	0.507897	0.527417	0.503719	0.512667	0.506591	0.513908
N0.HOG0010189	0.148657	0.546951	0.5	0.5	0.5	0.5	0.5	0.5	0.5	0.5	0.5	0.5	0.523789	0.517541	0.0262332	0.165187	0.612512	N/A	0.52935	0.535941	0.529519	0.0271177	0.5	0.5	0.534014	0.0374342	0.5	0.507897	0.0409321	0.5	0.512667	0.506591	0.513908
N0.HOG0010219	0.601002	0.546951	0.530432	0.0299322	0.512107	0.0181232	0.518973	0.5	0.5	0.5	0.5	0.5	0.523789	0.5	0.5	0.612512	0.165187	N/A	0.52935	0.535941	0.529519	0.518134	0.511063	0.50821	0.534014	0.525064	0.0213398	0.507897	0.0409321	0.5	0.512667	0.00987568	0.513908
N0.HOG0010226	0.148657	0.5	0.5	0.5	0.5	0.5	0.518973	0.5	0.5	0.5	0.5	0.5	0.0355391	0.517541	0.517541	0.165187	0.612512	N/A	0.52935	0.535941	0.044054	0.5	0.5	0.5	0.534014	0.525064	0.0213398	0.507897	0.0409321	0.5	0.512667	0.506591	0.513908
N0.HOG0010279	0.148657	0.0239982	0.0454098	0.0299322	0.512107	0.512107	0.5	0.5	0.5	0.5	0.5	0.5	0.5	0.5	0.5	0.165187	0.612512	N/A	0.52935	0.535941	0.529519	0.518134	0.511063	0.50821	0.0507211	0.5	0.5	0.5	0.5	0.5	0.5	0.5	0.513908
N0.HOG0010286	0.148657	0.5	0.5	0.5	0.5	0.5	0.518973	0.5	0.5	0.5	0.5	0.5	0.523789	0.517541	0.0262332	0.612512	0.612512	N/A	0.52935	0.535941	0.044054	0.5	0.5	0.5	0.534014	0.525064	0.0213398	0.507897	0.0409321	0.5	0.512667	0.506591	0.513908
N0.HOG0010293	0.148657	0.0698472	0.530432	0.0299322	0.0181232	0.512107	0.518973	0.50492	0.50492	0.505207	0.505207	0.508868	0.523789	0.517541	0.517541	0.612512	1.44766e-06	N/A	0.52935	0.535941	0.529519	0.518134	0.511063	0.50821	0.534014	0.525064	0.514261	0.507897	0.527417	0.503719	0.512667	0.506591	0.513908
N0.HOG0010294	0.148657	0.5	0.5	0.5	0.5	0.5	0.518973	0.5	0.5	0.5	0.5	0.5	0.523789	0.517541	0.0262332	0.0589792	0.165187	N/A	0.52935	0.535941	0.044054	0.5	0.5	0.5	0.534014	0.525064	0.0213398	0.507897	0.0409321	0.5	0.512667	0.506591	0.513908
N0.HOG0010338	0.148657	0.0698472	0.530432	0.5	0.5	0.5	0.0283685	0.00737393	0.50492	0.5	0.5	0.5	0.5	0.5	0.5	0.165187	0.612512	N/A	0.52935	0.535941	0.529519	0.518134	0.0165633	0.5	0.534014	0.525064	0.514261	0.0118292	0.5	0.5	0.5	0.5	0.513908
N0.HOG0010346	0.148657	0.0698472	0.0454098	0.0299322	0.512107	0.0181232	0.5	0.5	0.5	0.5	0.5	0.5	0.5	0.5	0.5	0.612512	0.165187	N/A	0.52935	0.535941	0.529519	0.518134	0.511063	0.50821	0.0507211	0.5	0.5	0.5	0.5	0.5	0.5	0.5	0.513908
N0.HOG0010392	0.0527395	0.5	0.5	0.5	0.5	0.5	0.518973	0.5	0.5	0.5	0.5	0.5	0.523789	0.517541	0.517541	0.612512	0.165187	N/A	0.52935	0.535941	0.044054	0.5	0.5	0.5	0.534014	0.525064	0.0213398	0.507897	0.0409321	0.5	0.512667	0.506591	0.513908
N0.HOG0010401	0.148657	0.5	0.5	0.5	0.5	0.5	0.518973	0.50492	0.00737393	0.00780307	0.505207	0.0132828	0.523789	0.517541	0.0262332	0.612512	0.165187	N/A	0.52935	0.535941	0.044054	0.5	0.5	0.5	0.534014	0.525064	0.514261	0.507897	0.527417	0.503719	0.512667	0.506591	0.513908
N0.HOG0010404	0.148657	0.5	0.5	0.5	0.5	0.5	0.5	0.5	0.5	0.5	0.5	0.5	0.0355391	0.517541	0.517541	0.612512	0.165187	N/A	0.52935	0.535941	0.044054	0.5	0.5	0.5	0.534014	0.0374342	0.5	0.507897	0.0409321	0.5	0.512667	0.506591	0.513908
N0.HOG0010407	0.148657	0.0698472	0.530432	0.520023	0.512107	0.512107	0.518973	0.50492	0.00737393	0.505207	0.505207	0.508868	0.523789	0.5	0.5	0.612512	0.612512	N/A	0.52935	0.535941	0.529519	0.518134	0.511063	0.50821	0.534014	0.525064	0.514261	0.507897	0.527417	0.503719	0.512667	0.00987568	0.513908
N0.HOG0010449	0.148657	0.0239982	0.0454098	0.0299322	0.512107	0.0181232	0.5	0.5	0.5	0.5	0.5	0.5	0.5	0.5	0.5	0.165187	0.612512	N/A	0.52935	0.535941	0.529519	0.518134	0.511063	0.50821	0.0507211	0.5	0.5	0.5	0.5	0.5	0.5	0.5	0.513908
N0.HOG0010464	0.148657	0.0698472	0.0454098	0.0299322	0.512107	0.512107	0.5	0.5	0.5	0.505207	0.505207	0.508868	0.5	0.5	0.5	0.612512	0.165187	N/A	0.52935	0.535941	0.529519	0.518134	0.511063	0.50821	0.534014	0.0374342	0.5	0.507897	0.527417	0.503719	0.0189604	0.5	0.513908
N0.HOG0010465	0.148657	0.546951	0.0454098	0.520023	0.512107	0.0181232	0.0283685	0.50492	0.50492	0.505207	0.00780307	0.508868	0.5	0.5	0.5	0.612512	0.165187	N/A	0.52935	0.535941	0.529519	0.518134	0.511063	0.50821	0.534014	0.525064	0.514261	0.507897	0.527417	0.503719	0.0189604	0.5	0.513908
N0.HOG0010467	0.148657	0.5	0.5	0.5	0.5	0.5	0.5	0.5	0.5	0.00780307	0.505207	0.0132828	0.523789	0.517541	0.0262332	0.612512	0.165187	N/A	0.52935	0.535941	0.044054	0.5	0.5	0.5	0.534014	0.0374342	0.5	0.507897	0.527417	0.503719	0.512667	0.506591	0.513908
N0.HOG0010524	0.148657	0.546951	0.0454098	0.0299322	0.512107	0.0181232	0.5	0.5	0.5	0.5	0.5	0.5	0.0355391	0.0262332	0.517541	0.612512	0.165187	N/A	0.52935	0.535941	0.529519	0.518134	0.511063	0.50821	0.534014	0.0374342	0.5	0.507897	0.0409321	0.5	0.512667	0.506591	0.513908
N0.HOG0010528	0.148657	0.5	0.5	0.5	0.5	0.5	0.5	0.5	0.5	0.5	0.5	0.5	0.523789	0.0262332	0.517541	0.612512	0.612512	N/A	0.52935	0.535941	0.044054	0.5	0.5	0.5	0.534014	0.0374342	0.5	0.507897	0.0409321	0.5	0.512667	0.506591	0.513908
N0.HOG0010546	0.148657	0.546951	0.0454098	0.0299322	0.512107	0.0181232	0.518973	0.5	0.5	0.00780307	0.505207	0.0132828	0.5	0.5	0.5	0.165187	0.612512	N/A	0.52935	0.535941	0.529519	0.518134	0.511063	0.50821	0.534014	0.525064	0.0213398	0.507897	0.527417	0.503719	0.0189604	0.5	0.513908
N0.HOG0010547	0.148657	0.546951	0.0454098	0.0299322	0.512107	0.0181232	0.518973	0.5	0.5	0.5	0.5	0.5	0.0355391	0.0262332	0.517541	0.165187	0.612512	N/A	0.52935	0.535941	0.529519	0.518134	0.511063	0.50821	0.534014	0.525064	0.0213398	0.507897	0.0409321	0.5	0.512667	0.506591	0.513908
N0.HOG0010566	0.148657	0.546951	0.530432	0.520023	7.41783e-05	0.512107	0.518973	0.50492	0.50492	0.5	0.5	0.5	0.523789	0.517541	0.0262332	0.165187	0.612512	N/A	0.52935	0.535941	0.529519	0.518134	0.511063	0.50821	0.534014	0.525064	0.514261	0.507897	0.0409321	0.5	0.512667	0.506591	0.513908
N0.HOG0010604	0.601002	0.546951	0.530432	0.0299322	0.512107	0.512107	0.518973	0.50492	0.50492	0.00780307	0.505207	0.0132828	0.523789	0.517541	0.517541	0.165187	0.612512	N/A	0.52935	0.535941	0.529519	0.518134	0.511063	0.50821	0.534014	0.525064	0.514261	0.507897	0.527417	0.503719	0.512667	0.506591	0.513908
N0.HOG0010619	0.148657	0.0239982	0.0454098	0.0299322	9.03571e-07	0.0181232	0.5	0.5	0.5	0.5	0.5	0.5	0.523789	0.517541	0.0262332	0.612512	0.165187	N/A	0.52935	0.535941	0.529519	0.518134	0.511063	0.50821	0.534014	0.0374342	0.5	0.507897	0.0409321	0.5	0.512667	0.506591	0.513908
N0.HOG0010621	0.148657	0.546951	0.0454098	0.0299322	0.512107	0.0181232	0.5	0.5	0.5	0.5	0.5	0.5	0.523789	0.517541	0.0262332	0.612512	0.165187	N/A	0.52935	0.535941	0.529519	0.518134	0.511063	0.50821	0.534014	0.0374342	0.5	0.507897	0.0409321	0.5	0.512667	0.506591	0.513908
N0.HOG0010673	0.601002	0.546951	0.0454098	0.0299322	0.512107	0.0181232	0.5	0.5	0.5	0.5	0.5	0.5	0.5	0.5	0.5	0.165187	0.612512	N/A	0.52935	0.535941	0.529519	0.518134	0.511063	0.50821	0.0507211	0.5	0.5	0.5	0.5	0.5	0.5	0.5	0.513908
N0.HOG0010685	0.148657	0.5	0.5	0.5	0.5	0.5	0.518973	0.5	0.5	0.5	0.5	0.5	0.523789	0.517541	0.000156554	0.612512	0.165187	N/A	0.52935	0.535941	0.044054	0.5	0.5	0.5	0.534014	0.525064	0.0213398	0.507897	0.0409321	0.5	0.512667	0.506591	0.513908
N0.HOG0010696	0.148657	0.5	0.5	0.5	0.5	0.5	0.518973	0.5	0.5	0.5	0.5	0.5	0.0355391	0.517541	0.0262332	0.612512	0.165187	N/A	0.52935	0.535941	0.044054	0.5	0.5	0.5	0.534014	0.525064	0.0213398	0.507897	0.0409321	0.5	0.512667	0.506591	0.513908
N0.HOG0010765	0.601002	0.546951	0.5	0.5	0.5	0.5	0.518973	0.5	0.5	0.5	0.5	0.5	0.5	0.5	0.5	0.0589792	0.165187	N/A	0.52935	0.535941	0.529519	0.0271177	0.5	0.5	0.534014	0.525064	0.0213398	0.0118292	0.5	0.5	0.5	0.5	0.513908
N0.HOG0010772	0.601002	0.5	0.5	0.5	0.5	0.5	0.5	0.5	0.5	0.5	0.5	0.5	0.523789	0.517541	0.0262332	0.612512	0.165187	N/A	0.52935	0.535941	0.044054	0.5	0.5	0.5	0.534014	0.0374342	0.5	0.507897	0.0409321	0.5	0.512667	0.506591	0.513908
N0.HOG0010790	0.148657	0.0239982	0.0454098	0.0299322	0.512107	0.0181232	0.518973	0.50492	0.50492	0.5	0.5	0.508868	0.5	0.5	0.5	0.612512	0.165187	N/A	0.52935	0.535941	0.529519	0.518134	0.511063	0.50821	0.534014	0.525064	0.514261	0.507897	0.527417	0.0055744	0.0189604	0.5	0.513908
N0.HOG0010791	0.148657	0.0698472	0.0454098	0.0299322	0.512107	0.512107	0.5	0.5	0.5	0.5	0.5	0.5	0.0355391	0.0262332	0.517541	0.612512	0.165187	N/A	0.52935	0.535941	0.529519	0.518134	0.511063	0.50821	0.534014	0.0374342	0.5	0.507897	0.0409321	0.5	0.512667	0.506591	0.513908
N0.HOG0010810	0.148657	0.0698472	0.0454098	0.0299322	0.512107	0.0181232	0.5	0.5	0.5	0.5	0.5	0.5	0.5	0.5	0.5	0.165187	0.612512	N/A	0.52935	0.535941	0.529519	0.518134	0.511063	0.50821	0.0507211	0.5	0.5	0.5	0.5	0.5	0.5	0.5	0.513908
N0.HOG0010817	0.148657	0.5	0.5	0.5	0.5	0.5	0.5	0.5	0.5	0.5	0.5	0.5	0.0355391	0.0262332	0.517541	0.165187	0.612512	N/A	0.52935	0.535941	0.044054	0.5	0.5	0.5	0.534014	0.0374342	0.5	0.507897	0.0409321	0.5	0.512667	0.506591	0.513908
N0.HOG0010866	0.148657	0.546951	0.0454098	0.0299322	0.512107	0.512107	0.518973	0.50492	0.50492	0.505207	0.505207	0.508868	0.523789	0.517541	0.0262332	0.165187	0.612512	N/A	0.52935	0.535941	0.529519	0.518134	0.511063	0.50821	0.534014	0.525064	0.514261	0.507897	0.527417	0.503719	0.512667	0.506591	0.513908
N0.HOG0010896	0.148657	0.0698472	0.0454098	0.0299322	7.41783e-05	0.0181232	0.5	0.5	0.5	0.5	0.5	0.5	0.5	0.5	0.5	0.612512	0.165187	N/A	0.52935	0.535941	0.529519	0.518134	0.511063	0.50821	0.0507211	0.5	0.5	0.5	0.5	0.5	0.5	0.5	0.513908
N0.HOG0010930	0.148657	0.546951	0.0454098	0.520023	0.512107	0.512107	0.5	0.5	0.5	0.505207	0.505207	0.508868	0.523789	0.5	0.5	0.612512	0.165187	N/A	0.52935	0.535941	0.529519	0.518134	0.511063	0.50821	0.534014	0.0374342	0.5	0.507897	0.527417	0.503719	0.512667	0.00987568	0.513908
N0.HOG0010971	0.148657	0.5	0.5	0.5	0.5	0.5	0.518973	0.5	0.5	0.5	0.5	0.5	0.523789	0.517541	0.0262332	0.165187	0.612512	N/A	0.52935	0.535941	0.044054	0.5	0.5	0.5	0.534014	0.525064	0.0213398	0.507897	0.0409321	0.5	0.512667	0.506591	0.513908
N0.HOG0010975	0.148657	0.5	0.5	0.5	0.5	0.5	0.518973	0.5	0.5	0.5	0.5	0.5	0.5	0.5	0.5	0.165187	0.612512	N/A	0.52935	0.535941	0.044054	0.5	0.5	0.5	0.534014	0.525064	0.0213398	0.0118292	0.5	0.5	0.5	0.5	0.513908
N0.HOG0011073	0.148657	0.5	0.5	0.5	0.5	0.5	0.5	0.5	0.5	0.5	0.5	0.5	0.523789	0.517541	0.0262332	0.612512	0.165187	N/A	0.52935	0.535941	0.044054	0.5	0.5	0.5	0.534014	0.0374342	0.5	0.507897	0.0409321	0.5	0.512667	0.506591	0.513908
N0.HOG0011094	0.148657	0.0698472	0.530432	0.5	0.5	0.5	0.5	0.5	0.5	0.5	0.5	0.5	0.5	0.5	0.5	0.165187	0.612512	N/A	0.52935	0.535941	0.529519	0.518134	0.0165633	0.5	0.0507211	0.5	0.5	0.5	0.5	0.5	0.5	0.5	0.513908
N0.HOG0011218	0.601002	0.5	0.5	0.5	0.5	0.5	0.5	0.5	0.5	0.5	0.5	0.5	0.0355391	0.517541	0.0262332	0.165187	0.612512	N/A	0.52935	0.535941	0.044054	0.5	0.5	0.5	0.534014	0.0374342	0.5	0.507897	0.0409321	0.5	0.512667	0.506591	0.513908
N0.HOG0011236	0.148657	0.5	0.5	0.5	0.5	0.5	0.5	0.5	0.5	0.5	0.5	0.5	0.523789	0.5	0.5	0.612512	0.612512	N/A	0.52935	0.535941	0.044054	0.5	0.5	0.5	0.534014	0.0374342	0.5	0.507897	0.0409321	0.5	0.512667	0.00987568	0.513908
N0.HOG0011243	0.148657	0.546951	0.0454098	0.0299322	0.512107	0.0181232	0.518973	0.50492	0.50492	0.5	0.5	0.5	0.5	0.5	0.5	0.612512	0.165187	N/A	0.52935	0.535941	0.529519	0.518134	0.511063	0.50821	0.534014	0.525064	0.514261	0.0118292	0.5	0.5	0.5	0.5	0.513908
N0.HOG0011244	0.148657	0.5	0.5	0.5	0.5	0.5	0.518973	0.5	0.5	0.5	0.5	0.5	0.0355391	0.0262332	0.517541	0.612512	0.165187	N/A	0.52935	0.535941	0.044054	0.5	0.5	0.5	0.534014	0.525064	0.0213398	0.507897	0.0409321	0.5	0.512667	0.506591	0.513908
N0.HOG0011245	0.148657	0.0698472	0.0454098	0.0299322	0.512107	0.0181232	0.5	0.5	0.5	0.5	0.5	0.5	0.5	0.5	0.5	0.612512	0.165187	N/A	0.52935	0.535941	0.529519	0.518134	0.511063	0.50821	0.0507211	0.5	0.5	0.5	0.5	0.5	0.5	0.5	0.513908
N0.HOG0011366	0.148657	0.5	0.5	0.5	0.5	0.5	0.0283685	0.50492	0.00737393	0.5	0.5	0.5	0.5	0.5	0.5	0.165187	0.612512	N/A	0.52935	0.535941	0.044054	0.5	0.5	0.5	0.534014	0.525064	0.514261	0.0118292	0.5	0.5	0.5	0.5	0.513908
N0.HOG0011472	0.148657	0.5	0.5	0.5	0.5	0.5	0.5	0.5	0.5	0.5	0.5	0.5	0.0355391	0.0262332	0.517541	0.612512	0.165187	N/A	0.52935	0.535941	0.044054	0.5	0.5	0.5	0.534014	0.0374342	0.5	0.507897	0.0409321	0.5	0.512667	0.506591	0.513908
N0.HOG0011475	0.148657	0.0698472	0.0454098	0.0299322	0.512107	0.0181232	0.518973	0.5	0.5	0.5	0.5	0.5	0.0355391	0.517541	0.0262332	0.165187	0.612512	N/A	0.52935	0.535941	0.529519	0.518134	0.511063	0.50821	0.534014	0.525064	0.0213398	0.507897	0.0409321	0.5	0.512667	0.506591	0.513908
N0.HOG0011493	0.148657	0.5	0.5	0.5	0.5	0.5	0.518973	0.5	0.5	0.5	0.5	0.5	0.523789	0.517541	0.517541	0.612512	0.165187	N/A	0.52935	0.535941	0.044054	0.5	0.5	0.5	0.534014	0.525064	0.0213398	0.507897	0.0409321	0.5	0.512667	0.506591	0.513908
N0.HOG0011499	0.148657	0.0698472	0.0454098	0.520023	0.5	0.5	0.5	0.5	0.5	0.5	0.5	0.5	0.5	0.5	0.5	0.165187	0.612512	N/A	0.52935	0.535941	0.529519	0.518134	0.511063	0.0122984	0.0507211	0.5	0.5	0.5	0.5	0.5	0.5	0.5	0.513908
N0.HOG0011508	0.148657	0.5	0.5	0.5	0.5	0.5	0.0283685	0.50492	0.50492	0.505207	0.505207	0.0132828	0.0355391	0.0262332	0.517541	0.165187	0.612512	N/A	0.52935	0.535941	0.044054	0.5	0.5	0.5	0.534014	0.525064	0.514261	0.507897	0.527417	0.503719	0.512667	0.506591	0.513908
N0.HOG0011661	0.148657	0.546951	0.5	0.5	0.5	0.5	0.5	0.5	0.5	0.5	0.5	0.5	0.0355391	0.517541	0.0262332	0.165187	0.612512	N/A	0.52935	0.535941	0.529519	0.0271177	0.5	0.5	0.534014	0.0374342	0.5	0.507897	0.0409321	0.5	0.512667	0.506591	0.513908
N0.HOG0011775	0.601002	0.546951	0.0454098	0.0299322	0.0181232	0.512107	0.5	0.5	0.5	0.5	0.5	0.5	0.5	0.5	0.5	0.165187	0.612512	N/A	0.52935	0.535941	0.529519	0.518134	0.511063	0.50821	0.0507211	0.5	0.5	0.5	0.5	0.5	0.5	0.5	0.513908
N0.HOG0011808	0.148657	0.0698472	0.0454098	0.0299322	0.512107	0.0181232	0.5	0.5	0.5	0.5	0.5	0.5	0.5	0.5	0.5	0.612512	0.165187	N/A	0.52935	0.535941	0.529519	0.518134	0.511063	0.50821	0.0507211	0.5	0.5	0.5	0.5	0.5	0.5	0.5	0.513908
N0.HOG0011809	0.148657	0.5	0.5	0.5	0.5	0.5	0.5	0.5	0.5	0.5	0.5	0.5	0.523789	0.517541	0.517541	0.612512	0.165187	N/A	0.52935	0.535941	0.044054	0.5	0.5	0.5	0.534014	0.0374342	0.5	0.507897	0.0409321	0.5	0.512667	0.506591	0.513908
N0.HOG0011813	0.148657	0.0239982	0.0454098	0.0299322	0.512107	0.0181232	0.5	0.5	0.5	0.5	0.5	0.508868	0.5	0.5	0.5	0.612512	0.165187	N/A	0.52935	0.535941	0.529519	0.518134	0.511063	0.50821	0.534014	0.0374342	0.5	0.507897	0.527417	0.0055744	0.0189604	0.5	0.513908
N0.HOG0011814	0.148657	0.546951	0.0454098	0.0299322	0.512107	0.0181232	0.518973	0.50492	0.50492	0.5	0.5	0.5	0.5	0.5	0.5	0.612512	0.165187	N/A	0.52935	0.535941	0.529519	0.518134	0.511063	0.50821	0.534014	0.525064	0.514261	0.0118292	0.5	0.5	0.5	0.5	0.513908
N0.HOG0011956	0.148657	0.5	0.5	0.5	0.5	0.5	0.5	0.5	0.5	0.5	0.5	0.5	0.523789	0.0262332	0.517541	0.165187	0.612512	N/A	0.52935	0.535941	0.044054	0.5	0.5	0.5	0.534014	0.0374342	0.5	0.507897	0.0409321	0.5	0.512667	0.506591	0.513908
N0.HOG0012216	0.148657	0.5	0.5	0.5	0.5	0.5	0.5	0.5	0.5	0.5	0.5	0.5	0.523789	0.5	0.5	0.165187	0.612512	N/A	0.52935	0.535941	0.044054	0.5	0.5	0.5	0.534014	0.0374342	0.5	0.507897	0.0409321	0.5	0.512667	0.00987568	0.513908
N0.HOG0012230	0.148657	0.546951	0.5	0.5	0.5	0.5	0.518973	0.50492	0.00737393	0.5	0.5	0.508868	0.5	0.5	0.5	0.612512	0.165187	N/A	0.52935	0.535941	0.529519	0.0271177	0.5	0.5	0.534014	0.525064	0.514261	0.507897	0.527417	0.0055744	0.0189604	0.5	0.513908
N0.HOG0012234	0.148657	0.5	0.5	0.5	0.5	0.5	0.518973	0.5	0.5	0.5	0.5	0.5	0.523789	0.517541	0.517541	0.612512	0.165187	N/A	0.52935	0.535941	0.044054	0.5	0.5	0.5	0.534014	0.525064	0.0213398	0.507897	0.0409321	0.5	0.512667	0.506591	0.513908
N0.HOG0012236	0.148657	0.546951	0.0454098	0.0299322	0.512107	0.0181232	0.518973	0.5	0.5	0.00780307	0.505207	0.508868	0.5	0.5	0.5	0.612512	0.165187	N/A	0.52935	0.535941	0.529519	0.518134	0.511063	0.50821	0.534014	0.525064	0.0213398	0.507897	0.527417	0.503719	0.0189604	0.5	0.513908
N0.HOG0012240	0.148657	0.546951	0.0454098	0.0299322	0.512107	0.0181232	0.0283685	0.50492	0.50492	0.5	0.5	0.5	0.5	0.5	0.5	0.612512	0.165187	N/A	0.52935	0.535941	0.529519	0.518134	0.511063	0.50821	0.534014	0.525064	0.514261	0.0118292	0.5	0.5	0.5	0.5	0.513908
N0.HOG0012643	0.148657	0.5	0.5	0.5	0.5	0.5	0.518973	0.5	0.5	0.5	0.5	0.5	0.523789	0.517541	0.517541	0.165187	0.612512	N/A	0.52935	0.535941	0.044054	0.5	0.5	0.5	0.534014	0.525064	0.0213398	0.507897	0.0409321	0.5	0.512667	0.506591	0.513908
N0.HOG0012652	0.148657	0.0698472	0.0454098	0.0299322	0.512107	0.0181232	0.5	0.5	0.5	0.5	0.5	0.5	0.0355391	0.517541	0.0262332	0.165187	0.612512	N/A	0.52935	0.535941	0.529519	0.518134	0.511063	0.50821	0.534014	0.0374342	0.5	0.507897	0.0409321	0.5	0.512667	0.506591	0.513908
N0.HOG0012687	0.148657	0.546951	0.0454098	0.0299322	0.512107	0.0181232	0.518973	0.5	0.5	0.5	0.5	0.5	0.5	0.5	0.5	0.165187	0.612512	N/A	0.52935	0.535941	0.529519	0.518134	0.511063	0.50821	0.534014	0.525064	0.0213398	0.0118292	0.5	0.5	0.5	0.5	0.513908
N0.HOG0012808	0.601002	0.0698472	0.0454098	0.0299322	0.512107	0.0181232	0.5	0.5	0.5	0.5	0.5	0.5	0.5	0.5	0.5	0.612512	0.165187	N/A	0.52935	0.535941	0.529519	0.518134	0.511063	0.50821	0.0507211	0.5	0.5	0.5	0.5	0.5	0.5	0.5	0.513908
N0.HOG0012856	0.148657	0.5	0.5	0.5	0.5	0.5	0.5	0.5	0.5	0.5	0.5	0.5	0.0355391	0.0262332	0.517541	0.612512	0.165187	N/A	0.52935	0.535941	0.044054	0.5	0.5	0.5	0.534014	0.0374342	0.5	0.507897	0.0409321	0.5	0.512667	0.506591	0.513908
N0.HOG0013281	0.148657	0.5	0.5	0.5	0.5	0.5	0.5	0.5	0.5	0.5	0.5	0.5	0.0355391	0.517541	0.0262332	0.165187	0.612512	N/A	0.52935	0.535941	0.044054	0.5	0.5	0.5	0.534014	0.0374342	0.5	0.507897	0.0409321	0.5	0.512667	0.506591	0.513908
N0.HOG0013479	0.148657	0.5	0.5	0.5	0.5	0.5	0.518973	0.5	0.5	0.5	0.5	0.5	0.523789	0.0262332	0.517541	0.165187	0.612512	N/A	0.52935	0.535941	0.044054	0.5	0.5	0.5	0.534014	0.525064	0.0213398	0.507897	0.0409321	0.5	0.512667	0.506591	0.513908
N0.HOG0013842	0.148657	0.5	0.5	0.5	0.5	0.5	0.518973	0.5	0.5	0.5	0.5	0.5	0.5	0.5	0.5	0.612512	0.612512	N/A	0.52935	0.535941	0.044054	0.5	0.5	0.5	0.534014	0.525064	0.0213398	0.0118292	0.5	0.5	0.5	0.5	0.513908
N0.HOG0013844	0.148657	0.5	0.5	0.5	0.5	0.5	0.5	0.5	0.5	0.5	0.5	0.5	0.523789	0.5	0.5	0.612512	0.165187	N/A	0.52935	0.535941	0.044054	0.5	0.5	0.5	0.534014	0.0374342	0.5	0.507897	0.0409321	0.5	0.512667	0.00987568	0.513908
N0.HOG0013846	0.148657	0.5	0.5	0.5	0.5	0.5	0.518973	0.5	0.5	0.5	0.5	0.5	0.5	0.5	0.5	0.612512	0.165187	N/A	0.52935	0.535941	0.044054	0.5	0.5	0.5	0.534014	0.525064	0.0213398	0.0118292	0.5	0.5	0.5	0.5	0.513908
N0.HOG0013848	0.148657	0.0239982	0.5	0.5	0.5	0.5	0.5	0.5	0.5	0.5	0.5	0.5	0.5	0.5	0.5	0.612512	0.165187	N/A	0.52935	0.535941	0.529519	0.0271177	0.5	0.5	0.0507211	0.5	0.5	0.5	0.5	0.5	0.5	0.5	0.513908
N0.HOG0013853	0.148657	0.5	0.5	0.5	0.5	0.5	0.518973	0.5	0.5	0.5	0.5	0.5	0.5	0.5	0.5	0.612512	0.165187	N/A	0.52935	0.535941	0.044054	0.5	0.5	0.5	0.534014	0.525064	0.0213398	0.0118292	0.5	0.5	0.5	0.5	0.513908
N0.HOG0015154	0.601002	0.5	0.5	0.5	0.5	0.5	0.5	0.5	0.5	0.5	0.5	0.5	0.523789	0.5	0.5	0.165187	0.612512	N/A	0.52935	0.535941	0.044054	0.5	0.5	0.5	0.534014	0.0374342	0.5	0.507897	0.0409321	0.5	0.512667	0.00987568	0.513908
N0.HOG0015161	0.601002	0.5	0.5	0.5	0.5	0.5	0.5	0.5	0.5	0.5	0.5	0.5	0.523789	0.5	0.5	0.165187	0.612512	N/A	0.52935	0.535941	0.044054	0.5	0.5	0.5	0.534014	0.0374342	0.5	0.507897	0.0409321	0.5	0.512667	0.00987568	0.513908
N0.HOG0015301	0.148657	0.0698472	0.0454098	0.0299322	0.512107	0.0181232	0.5	0.5	0.5	0.5	0.5	0.5	0.5	0.5	0.5	0.612512	0.165187	N/A	0.52935	0.535941	0.529519	0.518134	0.511063	0.50821	0.0507211	0.5	0.5	0.5	0.5	0.5	0.5	0.5	0.513908
N0.HOG0015305	0.148657	0.5	0.5	0.5	0.5	0.5	0.518973	0.5	0.5	0.5	0.5	0.5	0.5	0.5	0.5	0.612512	0.165187	N/A	0.52935	0.535941	0.044054	0.5	0.5	0.5	0.534014	0.525064	0.0213398	0.0118292	0.5	0.5	0.5	0.5	0.513908
N0.HOG0015307	0.148657	0.0698472	0.530432	0.5	0.5	0.5	0.5	0.5	0.5	0.5	0.5	0.5	0.5	0.5	0.5	0.612512	0.165187	N/A	0.52935	0.535941	0.529519	0.518134	0.0165633	0.5	0.0507211	0.5	0.5	0.5	0.5	0.5	0.5	0.5	0.513908
N0.HOG0015316	0.148657	0.5	0.5	0.5	0.5	0.5	0.5	0.5	0.5	0.5	0.5	0.5	0.0355391	0.0262332	0.517541	0.612512	0.165187	N/A	0.52935	0.535941	0.044054	0.5	0.5	0.5	0.534014	0.0374342	0.5	0.507897	0.0409321	0.5	0.512667	0.506591	0.513908
N0.HOG0016956	0.148657	0.546951	0.5	0.5	0.5	0.5	0.5	0.5	0.5	0.5	0.5	0.5	0.0355391	0.517541	0.0262332	0.165187	0.612512	N/A	0.52935	0.535941	0.529519	0.0271177	0.5	0.5	0.534014	0.0374342	0.5	0.507897	0.0409321	0.5	0.512667	0.506591	0.513908
N0.HOG0016968	0.148657	0.5	0.5	0.5	0.5	0.5	0.5	0.5	0.5	0.5	0.5	0.5	0.0355391	0.517541	0.0262332	0.165187	0.612512	N/A	0.52935	0.535941	0.044054	0.5	0.5	0.5	0.534014	0.0374342	0.5	0.507897	0.0409321	0.5	0.512667	0.506591	0.513908
N0.HOG0017441	0.148657	0.5	0.5	0.5	0.5	0.5	0.518973	0.5	0.5	0.5	0.5	0.5	0.5	0.5	0.5	0.165187	0.612512	N/A	0.52935	0.535941	0.044054	0.5	0.5	0.5	0.534014	0.525064	0.0213398	0.0118292	0.5	0.5	0.5	0.5	0.513908
N0.HOG0018187	0.148657	0.5	0.5	0.5	0.5	0.5	0.5	0.5	0.5	0.5	0.5	0.5	0.0355391	0.517541	0.0262332	0.612512	0.165187	N/A	0.52935	0.535941	0.044054	0.5	0.5	0.5	0.534014	0.0374342	0.5	0.507897	0.0409321	0.5	0.512667	0.506591	0.513908
