GO.ID	Term	ontology	HOG	change	branch_p	p_raw	topGOresult	Significant	Expected	FoldEnrichment
GO:0033387	putrescine biosynthetic process from arginine, via ornithine	BP	N0.HOG0000504	3	8.39423e-05	0.0022	0.0022	1	0.00215169445938677	464.75
GO:1905268	negative regulation of chromatin organization	BP	N0.HOG0000155	2	0.00304223	0.0025	0.0025	2	0.0753093060785368	26.5571428571429
GO:1905268	negative regulation of chromatin organization	BP	N0.HOG0000814	2	0.00304223	0.0025	0.0025	2	0.0753093060785368	26.5571428571429
GO:0032100	positive regulation of appetite	BP	N0.HOG0000114	6	2.43212e-08	0.0033	0.0033	1	0.00322754168908015	309.833333333333
GO:1902321	methyl-branched fatty acid biosynthetic process	BP	N0.HOG0000114	6	2.43212e-08	0.0033	0.0033	1	0.00322754168908015	309.833333333333
GO:0019367	fatty acid elongation, saturated fatty acid	BP	N0.HOG0000162	2	0.00695568	0.0056	0.0056	1	0.00537923614846692	185.9
GO:0034625	fatty acid elongation, monounsaturated fatty acid	BP	N0.HOG0000162	2	0.00695568	0.0056	0.0056	1	0.00537923614846692	185.9
GO:0034626	fatty acid elongation, polyunsaturated fatty acid	BP	N0.HOG0000162	2	0.00695568	0.0056	0.0056	1	0.00537923614846692	185.9
GO:0030223	neutrophil differentiation	BP	N0.HOG0000114	6	2.43212e-08	0.0067	0.0067	1	0.0064550833781603	154.916666666667
GO:0042572	retinol metabolic process	BP	N0.HOG0000814	2	0.00304223	0.0067	0.0067	1	0.0064550833781603	154.916666666667
GO:0042574	retinal metabolic process	BP	N0.HOG0000814	2	0.00304223	0.0067	0.0067	1	0.0064550833781603	154.916666666667
GO:0006591	ornithine metabolic process	BP	N0.HOG0000504	3	8.39423e-05	0.0078	0.0078	1	0.00753093060785368	132.785714285714
GO:2000435	negative regulation of protein neddylation	BP	N0.HOG0000042	3	0.00101874	0.0078	0.0078	1	0.00753093060785368	132.785714285714
GO:0008611	ether lipid biosynthetic process	BP	N0.HOG0000114	6	2.43212e-08	0.0089	0.0089	1	0.00860677783754707	116.1875
GO:0042761	very long-chain fatty acid biosynthetic process	BP	N0.HOG0000162	2	0.00695568	0.0089	0.0089	1	0.00860677783754707	116.1875
GO:0006723	cuticle hydrocarbon biosynthetic process	BP	N0.HOG0000114	6	2.43212e-08	0.01	0.01	1	0.00968262506724045	103.277777777778
GO:0071329	cellular response to sucrose stimulus	BP	N0.HOG0000114	6	2.43212e-08	0.01	0.01	1	0.00968262506724045	103.277777777778
GO:0090557	establishment of endothelial intestinal barrier	BP	N0.HOG0000114	6	2.43212e-08	0.0122	0.0122	1	0.0118343195266272	84.5
GO:1904667	negative regulation of ubiquitin protein ligase activity	BP	N0.HOG0000042	3	0.00101874	0.0122	0.0122	1	0.0118343195266272	84.5
GO:2001251	negative regulation of chromosome organization	BP	N0.HOG0000155	2	0.00304223	0.0136	0.0136	2	0.178590640129102	11.1987951807229
GO:2001251	negative regulation of chromosome organization	BP	N0.HOG0000814	2	0.00304223	0.0136	0.0136	2	0.178590640129102	11.1987951807229
GO:0006089	lactate metabolic process	BP	N0.HOG0000114	6	2.43212e-08	0.0144	0.0144	1	0.013986013986014	71.5
GO:0006521	regulation of amino acid metabolic process	BP	N0.HOG0000504	3	8.39423e-05	0.0144	0.0144	1	0.013986013986014	71.5
GO:1902255	positive regulation of intrinsic apoptotic signaling pathway by p53 class mediator	BP	N0.HOG0000042	3	0.00101874	0.0144	0.0144	1	0.013986013986014	71.5
GO:0030224	monocyte differentiation	BP	N0.HOG0000114	6	2.43212e-08	0.0188	0.0188	1	0.0182894029047875	54.6764705882353
GO:0090312	positive regulation of protein deacetylation	BP	N0.HOG0000814	2	0.00304223	0.0199	0.0199	1	0.0193652501344809	51.6388888888889
GO:0043616	keratinocyte proliferation	BP	N0.HOG0000814	2	0.00304223	0.0232	0.0232	1	0.0225927918235611	44.2619047619048
GO:0002803	positive regulation of antibacterial peptide production	BP	N0.HOG0000108	8	0.000943866	0.0243	0.0243	1	0.0236686390532544	42.25
GO:0046949	fatty-acyl-CoA biosynthetic process	BP	N0.HOG0000114	6	2.43212e-08	0.0243	0.0243	1	0.0236686390532544	42.25
GO:0071353	cellular response to interleukin-4	BP	N0.HOG0000114	6	2.43212e-08	0.0243	0.0243	1	0.0236686390532544	42.25
GO:2000757	negative regulation of peptidyl-lysine acetylation	BP	N0.HOG0000814	2	0.00304223	0.0265	0.0265	1	0.0258203335126412	38.7291666666667
GO:0006084	acetyl-CoA metabolic process	BP	N0.HOG0000114	6	2.43212e-08	0.0276	0.0276	1	0.0268961807423346	37.18
GO:0019432	triglyceride biosynthetic process	BP	N0.HOG0000114	6	2.43212e-08	0.033	0.033	1	0.0322754168908015	30.9833333333333
GO:0000027	ribosomal large subunit assembly	BP	N0.HOG0000042	3	0.00101874	0.0352	0.0352	1	0.0344271113501883	29.046875
GO:0022617	extracellular matrix disassembly	BP	N0.HOG0000108	8	0.000943866	0.0363	0.0363	1	0.0355029585798817	28.1666666666667
GO:0032435	negative regulation of proteasomal ubiquitin-dependent protein catabolic process	BP	N0.HOG0000042	3	0.00101874	0.0363	0.0363	1	0.0355029585798817	28.1666666666667
GO:0033238	regulation of amine metabolic process	BP	N0.HOG0000504	3	8.39423e-05	0.0363	0.0363	1	0.0355029585798817	28.1666666666667
GO:0045540	regulation of cholesterol biosynthetic process	BP	N0.HOG0000114	6	2.43212e-08	0.0363	0.0363	1	0.0355029585798817	28.1666666666667
GO:0050911	detection of chemical stimulus involved in sensory perception of smell	BP	N0.HOG0000050	11	0.000801973	0.0374	0.0374	1	0.036578805809575	27.3382352941177
GO:0034030	ribonucleoside bisphosphate biosynthetic process	BP	N0.HOG0000114	6	2.43212e-08	0.0438	0.0438	1	0.0430338891877353	23.2375
GO:0034033	purine nucleoside bisphosphate biosynthetic process	BP	N0.HOG0000114	6	2.43212e-08	0.0438	0.0438	1	0.0430338891877353	23.2375
GO:0006334	nucleosome assembly	BP	N0.HOG0000155	2	0.00304223	0.0481	0.0481	1	0.0473372781065089	21.125
GO:0030148	sphingolipid biosynthetic process	BP	N0.HOG0000162	2	0.00695568	0.0513	0.0513	1	0.050564819795589	19.7765957446809
GO:0048260	positive regulation of receptor-mediated endocytosis	BP	N0.HOG0000155	2	0.00304223	0.0545	0.0545	1	0.0537923614846692	18.59
GO:0033555	multicellular organismal response to stress	BP	N0.HOG0000814	2	0.00304223	0.0577	0.0577	1	0.0570199031737493	17.5377358490566
GO:0005977	glycogen metabolic process	BP	N0.HOG0000114	6	2.43212e-08	0.0693	0.0693	1	0.0688542227003765	14.5234375
GO:0009893	positive regulation of metabolic process	BP	N0.HOG0000042	3	0.00101874	0.0712	0.0712	4	2.20656266810113	1.81277425646026
GO:0009893	positive regulation of metabolic process	BP	N0.HOG0000108	8	0.000943866	0.0712	0.0712	4	2.20656266810113	1.81277425646026
GO:0009893	positive regulation of metabolic process	BP	N0.HOG0000114	6	2.43212e-08	0.0712	0.0712	4	2.20656266810113	1.81277425646026
GO:0009893	positive regulation of metabolic process	BP	N0.HOG0000814	2	0.00304223	0.0712	0.0712	4	2.20656266810113	1.81277425646026
GO:0006614	SRP-dependent cotranslational protein targeting to membrane	BP	N0.HOG0000042	3	0.00101874	0.0745	0.0745	1	0.0742334588488435	13.4710144927536
GO:0042176	regulation of protein catabolic process	BP	N0.HOG0000042	3	0.00101874	0.0806	0.0806	2	0.308768154922001	6.47735191637631
GO:0042176	regulation of protein catabolic process	BP	N0.HOG0000504	3	8.39423e-05	0.0806	0.0806	2	0.308768154922001	6.47735191637631
GO:0032092	positive regulation of protein binding	BP	N0.HOG0000042	3	0.00101874	0.0818	0.0818	1	0.0817643894566971	12.2302631578947
GO:0010565	regulation of ketone metabolic process	BP	N0.HOG0000504	3	8.39423e-05	0.0891	0.0891	1	0.0892953200645508	11.1987951807229
GO:0030879	mammary gland development	BP	N0.HOG0000114	6	2.43212e-08	0.0891	0.0891	1	0.0892953200645508	11.1987951807229
GO:0000184	nuclear-transcribed mRNA catabolic process, nonsense-mediated decay	BP	N0.HOG0000042	3	0.00101874	0.0973	0.0973	1	0.0979020979020979	10.2142857142857
GO:0043433	negative regulation of DNA-binding transcription factor activity	BP	N0.HOG0000042	3	0.00101874	0.1024	0.1024	1	0.103281334050565	9.68229166666667
GO:0097164	ammonium ion metabolic process	BP	N0.HOG0000504	3	8.39423e-05	0.1095	0.1095	1	0.110812264658418	9.02427184466019
GO:1905269	positive regulation of chromatin organization	BP	N0.HOG0000814	2	0.00304223	0.1255	0.1255	1	0.128025820333513	7.8109243697479
GO:0002181	cytoplasmic translation	BP	N0.HOG0000042	3	0.00101874	0.1324	0.1324	1	0.135556750941366	7.37698412698413
GO:0042048	olfactory behavior	BP	N0.HOG0000050	11	0.000801973	0.1324	0.1324	1	0.135556750941366	7.37698412698413
GO:0050821	protein stabilization	BP	N0.HOG0000042	3	0.00101874	0.151	0.151	1	0.155997848305541	6.41034482758621
GO:0006413	translational initiation	BP	N0.HOG0000042	3	0.00101874	0.1568	0.1568	1	0.162452931683701	6.15562913907285
GO:0009615	response to virus	BP	N0.HOG0000504	3	8.39423e-05	0.1577	0.1577	1	0.163528778913394	6.11513157894737
GO:0045814	negative regulation of gene expression, epigenetic	BP	N0.HOG0000155	2	0.00304223	0.1616	0.1616	1	0.167832167832168	5.95833333333333
GO:0009152	purine ribonucleotide biosynthetic process	BP	N0.HOG0000114	6	2.43212e-08	0.1673	0.1673	1	0.174287251210328	5.73765432098766
GO:0062012	regulation of small molecule metabolic process	BP	N0.HOG0000114	6	2.43212e-08	0.1752	0.1752	2	0.262506724045186	7.61885245901639
GO:0062012	regulation of small molecule metabolic process	BP	N0.HOG0000504	3	8.39423e-05	0.1752	0.1752	2	0.262506724045186	7.61885245901639
GO:0001822	kidney development	BP	N0.HOG0000504	3	8.39423e-05	0.1871	0.1871	1	0.196880043033889	5.0792349726776
GO:0045892	negative regulation of DNA-templated transcription	BP	N0.HOG0000155	2	0.00304223	0.1917	0.1917	2	0.835933297471759	2.39253539253539
GO:0045892	negative regulation of DNA-templated transcription	BP	N0.HOG0000814	2	0.00304223	0.1917	0.1917	2	0.835933297471759	2.39253539253539
GO:0006364	rRNA processing	BP	N0.HOG0000042	3	0.00101874	0.1945	0.1945	1	0.205486820871436	4.86649214659686
GO:0071103	DNA conformation change	BP	N0.HOG0000155	2	0.00304223	0.2037	0.2037	1	0.21624529316837	4.62437810945274
GO:0032103	positive regulation of response to external stimulus	BP	N0.HOG0000108	8	0.000943866	0.211	0.211	2	0.300161377084454	6.66308243727599
GO:0032103	positive regulation of response to external stimulus	BP	N0.HOG0000114	6	2.43212e-08	0.211	0.211	2	0.300161377084454	6.66308243727599
GO:0008544	epidermis development	BP	N0.HOG0000108	8	0.000943866	0.2245	0.2245	1	0.240989779451318	4.14955357142857
GO:0034504	protein localization to nucleus	BP	N0.HOG0000042	3	0.00101874	0.237	0.237	1	0.256051640667025	3.90546218487395
GO:0031400	negative regulation of protein modification process	BP	N0.HOG0000042	3	0.00101874	0.2419	0.2419	3	0.437869822485207	6.85135135135135
GO:0031400	negative regulation of protein modification process	BP	N0.HOG0000155	2	0.00304223	0.2419	0.2419	3	0.437869822485207	6.85135135135135
GO:0031400	negative regulation of protein modification process	BP	N0.HOG0000814	2	0.00304223	0.2419	0.2419	3	0.437869822485207	6.85135135135135
GO:0006508	proteolysis	BP	N0.HOG0000042	3	0.00101874	0.2552	0.2552	2	1.02205486820871	1.95684210526316
GO:0006508	proteolysis	BP	N0.HOG0000108	8	0.000943866	0.2552	0.2552	2	1.02205486820871	1.95684210526316
GO:0001655	urogenital system development	BP	N0.HOG0000504	3	8.39423e-05	0.2724	0.2724	1	0.300161377084454	3.33154121863799
GO:0043604	amide biosynthetic process	BP	N0.HOG0000042	3	0.00101874	0.3236	0.3236	2	0.455083378160301	4.39479905437352
GO:0043604	amide biosynthetic process	BP	N0.HOG0000114	6	2.43212e-08	0.3236	0.3236	2	0.455083378160301	4.39479905437352
GO:0043043	peptide biosynthetic process	BP	N0.HOG0000042	3	0.00101874	0.3574	0.3574	1	0.414201183431953	2.41428571428571
GO:0048534	hematopoietic or lymphoid organ development	BP	N0.HOG0000114	6	2.43212e-08	0.4015	0.4015	1	0.478752017213556	2.08876404494382
GO:0008284	positive regulation of cell population proliferation	BP	N0.HOG0000504	3	8.39423e-05	0.4072	0.4072	1	0.487358795051103	2.05187637969095
GO:0007283	spermatogenesis	BP	N0.HOG0000155	2	0.00304223	0.424	0.424	1	0.513179128563744	1.94863731656185
GO:0032501	multicellular organismal process	BP	N0.HOG0000050	11	0.000801973	0.4906	0.4906	5	4.9112426035503	1.01807228915663
GO:0032501	multicellular organismal process	BP	N0.HOG0000114	6	2.43212e-08	0.4906	0.4906	5	4.9112426035503	1.01807228915663
GO:0032501	multicellular organismal process	BP	N0.HOG0000155	2	0.00304223	0.4906	0.4906	5	4.9112426035503	1.01807228915663
GO:0032501	multicellular organismal process	BP	N0.HOG0000504	3	8.39423e-05	0.4906	0.4906	5	4.9112426035503	1.01807228915663
GO:0032501	multicellular organismal process	BP	N0.HOG0000814	2	0.00304223	0.4906	0.4906	5	4.9112426035503	1.01807228915663
GO:0000122	negative regulation of transcription by RNA polymerase II	BP	N0.HOG0000814	2	0.00304223	0.4913	0.4913	1	0.623991393222162	1.60258620689655
GO:0007165	signal transduction	BP	N0.HOG0000042	3	0.00101874	0.5039	0.5039	2	2.81011296395912	0.711715160796325
GO:0007165	signal transduction	BP	N0.HOG0000050	11	0.000801973	0.5039	0.5039	2	2.81011296395912	0.711715160796325
GO:0006886	intracellular protein transport	BP	N0.HOG0000042	3	0.00101874	0.5728	0.5728	1	0.776761699838623	1.28739612188366
GO:0010629	negative regulation of gene expression	BP	N0.HOG0000042	3	0.00101874	0.5998	0.5998	3	1.4470145239376	2.07323420074349
GO:0010629	negative regulation of gene expression	BP	N0.HOG0000155	2	0.00304223	0.5998	0.5998	3	1.4470145239376	2.07323420074349
GO:0010629	negative regulation of gene expression	BP	N0.HOG0000814	2	0.00304223	0.5998	0.5998	3	1.4470145239376	2.07323420074349
GO:0015833	peptide transport	BP	N0.HOG0000042	3	0.00101874	0.7218	0.7218	1	1.1382463690156	0.878544423440454
GO:0010628	positive regulation of gene expression	BP	N0.HOG0000042	3	0.00101874	0.735	0.735	2	1.38891877353416	1.43996901626646
GO:0010628	positive regulation of gene expression	BP	N0.HOG0000108	8	0.000943866	0.735	0.735	2	1.38891877353416	1.43996901626646
GO:0044248	cellular catabolic process	BP	N0.HOG0000042	3	0.00101874	0.7402	0.7402	1	1.19419042495966	0.837387387387387
GO:0044703	multi-organism reproductive process	BP	N0.HOG0000155	2	0.00304223	0.8273	0.8273	1	1.51802044109736	0.658752657689582
GO:0000038	very long-chain fatty acid metabolic process	BP	N0.HOG0000162	2	0.00695568	1	1	1	0.0247444862829478	40.4130434782609
GO:0000956	nuclear-transcribed mRNA catabolic process	BP	N0.HOG0000042	3	0.00101874	1	1	1	0.190424959655729	5.25141242937853
GO:0001523	retinoid metabolic process	BP	N0.HOG0000814	2	0.00304223	1	1	1	0.0301237224314147	33.1964285714286
GO:0001885	endothelial cell development	BP	N0.HOG0000114	6	2.43212e-08	1	1	1	0.0398063474986552	25.1216216216216
GO:0002064	epithelial cell development	BP	N0.HOG0000114	6	2.43212e-08	1	1	1	0.497041420118343	2.01190476190476
GO:0002225	positive regulation of antimicrobial peptide production	BP	N0.HOG0000108	8	0.000943866	1	1	1	0.0387305002689618	25.8194444444445
GO:0002252	immune effector process	BP	N0.HOG0000108	8	0.000943866	1	1	1	0.571274878967187	1.75047080979284
GO:0002376	immune system process	BP	N0.HOG0000108	8	0.000943866	1	1	2	1.4308768154922	1.39774436090226
GO:0002376	immune system process	BP	N0.HOG0000114	6	2.43212e-08	1	1	2	1.4308768154922	1.39774436090226
GO:0002440	production of molecular mediator of immune response	BP	N0.HOG0000108	8	0.000943866	1	1	1	0.129101667563206	7.74583333333333
GO:0002520	immune system development	BP	N0.HOG0000114	6	2.43212e-08	1	1	1	0.511027434104357	1.95684210526316
GO:0002521	leukocyte differentiation	BP	N0.HOG0000114	6	2.43212e-08	1	1	1	0.242065626681011	4.13111111111111
GO:0002573	myeloid leukocyte differentiation	BP	N0.HOG0000114	6	2.43212e-08	1	1	1	0.109736417428725	9.11274509803922
GO:0002682	regulation of immune system process	BP	N0.HOG0000108	8	0.000943866	1	1	1	0.684238838084992	1.46147798742138
GO:0002684	positive regulation of immune system process	BP	N0.HOG0000108	8	0.000943866	1	1	1	0.421732114039806	2.37117346938776
GO:0002697	regulation of immune effector process	BP	N0.HOG0000108	8	0.000943866	1	1	1	0.195804195804196	5.10714285714286
GO:0002699	positive regulation of immune effector process	BP	N0.HOG0000108	8	0.000943866	1	1	1	0.109736417428725	9.11274509803922
GO:0002700	regulation of production of molecular mediator of immune response	BP	N0.HOG0000108	8	0.000943866	1	1	1	0.105433028509952	9.48469387755102
GO:0002702	positive regulation of production of molecular mediator of immune response	BP	N0.HOG0000108	8	0.000943866	1	1	1	0.0699300699300699	14.3
GO:0002759	regulation of antimicrobial humoral response	BP	N0.HOG0000108	8	0.000943866	1	1	1	0.0667025282409898	14.991935483871
GO:0002760	positive regulation of antimicrobial humoral response	BP	N0.HOG0000108	8	0.000943866	1	1	1	0.0387305002689618	25.8194444444445
GO:0002775	antimicrobial peptide production	BP	N0.HOG0000108	8	0.000943866	1	1	1	0.0613232920925229	16.3070175438597
GO:0002778	antibacterial peptide production	BP	N0.HOG0000108	8	0.000943866	1	1	1	0.0268961807423346	37.18
GO:0002784	regulation of antimicrobial peptide production	BP	N0.HOG0000108	8	0.000943866	1	1	1	0.0602474448628295	16.5982142857143
GO:0002786	regulation of antibacterial peptide production	BP	N0.HOG0000108	8	0.000943866	1	1	1	0.0268961807423346	37.18
GO:0002831	regulation of response to biotic stimulus	BP	N0.HOG0000108	8	0.000943866	1	1	1	0.28294782140936	3.53422053231939
GO:0002833	positive regulation of response to biotic stimulus	BP	N0.HOG0000108	8	0.000943866	1	1	1	0.192576654115116	5.1927374301676
GO:0002920	regulation of humoral immune response	BP	N0.HOG0000108	8	0.000943866	1	1	1	0.0742334588488435	13.4710144927536
GO:0002922	positive regulation of humoral immune response	BP	N0.HOG0000108	8	0.000943866	1	1	1	0.0398063474986552	25.1216216216216
GO:0003006	developmental process involved in reproduction	BP	N0.HOG0000155	2	0.00304223	1	1	1	1.47175901022055	0.679459064327485
GO:0003008	system process	BP	N0.HOG0000050	11	0.000801973	1	1	1	1.28886498117267	0.775876460767947
GO:0003158	endothelium development	BP	N0.HOG0000114	6	2.43212e-08	1	1	1	0.0849919311457773	11.7658227848101
GO:0005975	carbohydrate metabolic process	BP	N0.HOG0000114	6	2.43212e-08	1	1	1	0.350726196880043	2.85122699386503
GO:0005976	polysaccharide metabolic process	BP	N0.HOG0000114	6	2.43212e-08	1	1	1	0.0860677783754707	11.61875
GO:0006066	alcohol metabolic process	BP	N0.HOG0000114	6	2.43212e-08	1	1	2	0.218396987627757	9.1576354679803
GO:0006066	alcohol metabolic process	BP	N0.HOG0000814	2	0.00304223	1	1	2	0.218396987627757	9.1576354679803
GO:0006081	aldehyde metabolic process	BP	N0.HOG0000814	2	0.00304223	1	1	1	0.0527165142549758	18.969387755102
GO:0006082	organic acid metabolic process	BP	N0.HOG0000114	6	2.43212e-08	1	1	3	0.654115115653577	4.58634868421053
GO:0006082	organic acid metabolic process	BP	N0.HOG0000162	2	0.00695568	1	1	3	0.654115115653577	4.58634868421053
GO:0006082	organic acid metabolic process	BP	N0.HOG0000504	3	8.39423e-05	1	1	3	0.654115115653577	4.58634868421053
GO:0006091	generation of precursor metabolites and energy	BP	N0.HOG0000114	6	2.43212e-08	1	1	1	0.379774072081764	2.63314447592068
GO:0006112	energy reserve metabolic process	BP	N0.HOG0000114	6	2.43212e-08	1	1	1	0.0710059171597633	14.0833333333333
GO:0006139	nucleobase-containing compound metabolic process	BP	N0.HOG0000042	3	0.00101874	1	1	4	3.40613232920925	1.17435249526216
GO:0006139	nucleobase-containing compound metabolic process	BP	N0.HOG0000114	6	2.43212e-08	1	1	4	3.40613232920925	1.17435249526216
GO:0006139	nucleobase-containing compound metabolic process	BP	N0.HOG0000155	2	0.00304223	1	1	4	3.40613232920925	1.17435249526216
GO:0006139	nucleobase-containing compound metabolic process	BP	N0.HOG0000814	2	0.00304223	1	1	4	3.40613232920925	1.17435249526216
GO:0006163	purine nucleotide metabolic process	BP	N0.HOG0000114	6	2.43212e-08	1	1	1	0.437869822485207	2.28378378378378
GO:0006164	purine nucleotide biosynthetic process	BP	N0.HOG0000114	6	2.43212e-08	1	1	1	0.193652501344809	5.16388888888889
GO:0006325	chromatin organization	BP	N0.HOG0000155	2	0.00304223	1	1	2	0.717590102205487	2.78710644677661
GO:0006325	chromatin organization	BP	N0.HOG0000814	2	0.00304223	1	1	2	0.717590102205487	2.78710644677661
GO:0006338	chromatin remodeling	BP	N0.HOG0000155	2	0.00304223	1	1	1	0.434642280796127	2.30074257425743
GO:0006351	DNA-templated transcription	BP	N0.HOG0000042	3	0.00101874	1	1	3	1.94835933297472	1.53975704030922
GO:0006351	DNA-templated transcription	BP	N0.HOG0000155	2	0.00304223	1	1	3	1.94835933297472	1.53975704030922
GO:0006351	DNA-templated transcription	BP	N0.HOG0000814	2	0.00304223	1	1	3	1.94835933297472	1.53975704030922
GO:0006355	regulation of DNA-templated transcription	BP	N0.HOG0000042	3	0.00101874	1	1	3	1.80634749865519	1.66081000595593
GO:0006355	regulation of DNA-templated transcription	BP	N0.HOG0000155	2	0.00304223	1	1	3	1.80634749865519	1.66081000595593
GO:0006355	regulation of DNA-templated transcription	BP	N0.HOG0000814	2	0.00304223	1	1	3	1.80634749865519	1.66081000595593
GO:0006357	regulation of transcription by RNA polymerase II	BP	N0.HOG0000814	2	0.00304223	1	1	1	1.39967724583109	0.71445042275173
GO:0006366	transcription by RNA polymerase II	BP	N0.HOG0000814	2	0.00304223	1	1	1	1.5126412049489	0.661095305832148
GO:0006396	RNA processing	BP	N0.HOG0000042	3	0.00101874	1	1	1	0.823023130715438	1.21503267973856
GO:0006401	RNA catabolic process	BP	N0.HOG0000042	3	0.00101874	1	1	1	0.290478752017214	3.44259259259259
GO:0006402	mRNA catabolic process	BP	N0.HOG0000042	3	0.00101874	1	1	1	0.265734265734266	3.76315789473684
GO:0006412	translation	BP	N0.HOG0000042	3	0.00101874	1	1	1	0.57880580957504	1.72769516728625
GO:0006473	protein acetylation	BP	N0.HOG0000814	2	0.00304223	1	1	1	0.186121570736955	5.3728323699422
GO:0006476	protein deacetylation	BP	N0.HOG0000814	2	0.00304223	1	1	1	0.0710059171597633	14.0833333333333
GO:0006511	ubiquitin-dependent protein catabolic process	BP	N0.HOG0000042	3	0.00101874	1	1	1	0.451855836471221	2.21309523809524
GO:0006518	peptide metabolic process	BP	N0.HOG0000042	3	0.00101874	1	1	1	0.488434642280796	2.04735682819383
GO:0006520	amino acid metabolic process	BP	N0.HOG0000504	3	8.39423e-05	1	1	1	0.251748251748252	3.97222222222222
GO:0006525	arginine metabolic process	BP	N0.HOG0000504	3	8.39423e-05	1	1	1	0.013986013986014	71.5
GO:0006576	biogenic amine metabolic process	BP	N0.HOG0000504	3	8.39423e-05	1	1	1	0.0828402366863905	12.0714285714286
GO:0006595	polyamine metabolic process	BP	N0.HOG0000504	3	8.39423e-05	1	1	1	0.0107584722969338	92.95
GO:0006596	polyamine biosynthetic process	BP	N0.HOG0000504	3	8.39423e-05	1	1	1	0.00860677783754707	116.1875
GO:0006605	protein targeting	BP	N0.HOG0000042	3	0.00101874	1	1	1	0.2926304464766	3.41727941176471
GO:0006612	protein targeting to membrane	BP	N0.HOG0000042	3	0.00101874	1	1	1	0.132329209252286	7.55691056910569
GO:0006613	cotranslational protein targeting to membrane	BP	N0.HOG0000042	3	0.00101874	1	1	1	0.0796126949973104	12.5608108108108
GO:0006629	lipid metabolic process	BP	N0.HOG0000114	6	2.43212e-08	1	1	3	0.798278644432491	3.75808625336927
GO:0006629	lipid metabolic process	BP	N0.HOG0000162	2	0.00695568	1	1	3	0.798278644432491	3.75808625336927
GO:0006629	lipid metabolic process	BP	N0.HOG0000814	2	0.00304223	1	1	3	0.798278644432491	3.75808625336927
GO:0006631	fatty acid metabolic process	BP	N0.HOG0000114	6	2.43212e-08	1	1	2	0.217321140398063	9.2029702970297
GO:0006631	fatty acid metabolic process	BP	N0.HOG0000162	2	0.00695568	1	1	2	0.217321140398063	9.2029702970297
GO:0006633	fatty acid biosynthetic process	BP	N0.HOG0000114	6	2.43212e-08	1	1	2	0.0839160839160839	23.8333333333333
GO:0006633	fatty acid biosynthetic process	BP	N0.HOG0000162	2	0.00695568	1	1	2	0.0839160839160839	23.8333333333333
GO:0006637	acyl-CoA metabolic process	BP	N0.HOG0000114	6	2.43212e-08	1	1	1	0.0849919311457773	11.7658227848101
GO:0006638	neutral lipid metabolic process	BP	N0.HOG0000114	6	2.43212e-08	1	1	1	0.102205486820871	9.78421052631579
GO:0006639	acylglycerol metabolic process	BP	N0.HOG0000114	6	2.43212e-08	1	1	1	0.102205486820871	9.78421052631579
GO:0006641	triglyceride metabolic process	BP	N0.HOG0000114	6	2.43212e-08	1	1	1	0.0892953200645508	11.1987951807229
GO:0006643	membrane lipid metabolic process	BP	N0.HOG0000162	2	0.00695568	1	1	1	0.131253362022593	7.61885245901639
GO:0006662	glycerol ether metabolic process	BP	N0.HOG0000114	6	2.43212e-08	1	1	1	0.0118343195266272	84.5
GO:0006665	sphingolipid metabolic process	BP	N0.HOG0000162	2	0.00695568	1	1	1	0.0796126949973104	12.5608108108108
GO:0006694	steroid biosynthetic process	BP	N0.HOG0000114	6	2.43212e-08	1	1	1	0.131253362022593	7.61885245901639
GO:0006695	cholesterol biosynthetic process	BP	N0.HOG0000114	6	2.43212e-08	1	1	1	0.0527165142549758	18.969387755102
GO:0006720	isoprenoid metabolic process	BP	N0.HOG0000814	2	0.00304223	1	1	1	0.0688542227003765	14.5234375
GO:0006721	terpenoid metabolic process	BP	N0.HOG0000814	2	0.00304223	1	1	1	0.0494889725658956	20.2065217391304
GO:0006753	nucleoside phosphate metabolic process	BP	N0.HOG0000114	6	2.43212e-08	1	1	1	0.523937600860678	1.90862422997947
GO:0006790	sulfur compound metabolic process	BP	N0.HOG0000114	6	2.43212e-08	1	1	1	0.266810112963959	3.74798387096774
GO:0006793	phosphorus metabolic process	BP	N0.HOG0000114	6	2.43212e-08	1	1	1	1.83969876277569	0.543567251461988
GO:0006796	phosphate-containing compound metabolic process	BP	N0.HOG0000114	6	2.43212e-08	1	1	1	1.8375470683163	0.5442037470726
GO:0006810	transport	BP	N0.HOG0000042	3	0.00101874	1	1	2	2.81118881118881	0.711442786069652
GO:0006810	transport	BP	N0.HOG0000155	2	0.00304223	1	1	2	2.81118881118881	0.711442786069652
GO:0006897	endocytosis	BP	N0.HOG0000155	2	0.00304223	1	1	1	0.484131253362023	2.06555555555556
GO:0006898	receptor-mediated endocytosis	BP	N0.HOG0000155	2	0.00304223	1	1	1	0.167832167832168	5.95833333333333
GO:0006915	apoptotic process	BP	N0.HOG0000042	3	0.00101874	1	1	1	1.13394298009683	0.881878557874763
GO:0006950	response to stress	BP	N0.HOG0000108	8	0.000943866	1	1	2	2.40559440559441	0.831395348837209
GO:0006950	response to stress	BP	N0.HOG0000814	2	0.00304223	1	1	2	2.40559440559441	0.831395348837209
GO:0006952	defense response	BP	N0.HOG0000108	8	0.000943866	1	1	1	0.790747713824637	1.26462585034014
GO:0006955	immune response	BP	N0.HOG0000108	8	0.000943866	1	1	1	0.849919311457773	1.17658227848101
GO:0006959	humoral immune response	BP	N0.HOG0000108	8	0.000943866	1	1	1	0.150618612157074	6.63928571428572
GO:0006996	organelle organization	BP	N0.HOG0000042	3	0.00101874	1	1	3	2.86605701990317	1.04673423423423
GO:0006996	organelle organization	BP	N0.HOG0000155	2	0.00304223	1	1	3	2.86605701990317	1.04673423423423
GO:0006996	organelle organization	BP	N0.HOG0000814	2	0.00304223	1	1	3	2.86605701990317	1.04673423423423
GO:0007154	cell communication	BP	N0.HOG0000042	3	0.00101874	1	1	2	3.15976331360947	0.632958801498127
GO:0007154	cell communication	BP	N0.HOG0000050	11	0.000801973	1	1	2	3.15976331360947	0.632958801498127
GO:0007275	multicellular organism development	BP	N0.HOG0000114	6	2.43212e-08	1	1	2	3.93760086067778	0.50792349726776
GO:0007275	multicellular organism development	BP	N0.HOG0000504	3	8.39423e-05	1	1	2	3.93760086067778	0.50792349726776
GO:0007276	gamete generation	BP	N0.HOG0000155	2	0.00304223	1	1	1	1.31038192576654	0.763136288998358
GO:0007600	sensory perception	BP	N0.HOG0000050	11	0.000801973	1	1	1	0.511027434104357	1.95684210526316
GO:0007606	sensory perception of chemical stimulus	BP	N0.HOG0000050	11	0.000801973	1	1	1	0.148466917697687	6.73550724637681
GO:0007608	sensory perception of smell	BP	N0.HOG0000050	11	0.000801973	1	1	1	0.0946745562130178	10.5625
GO:0007610	behavior	BP	N0.HOG0000050	11	0.000801973	1	1	1	1.14900484131253	0.870318352059925
GO:0007635	chemosensory behavior	BP	N0.HOG0000050	11	0.000801973	1	1	1	0.173211403980635	5.77329192546584
GO:0008104	protein localization	BP	N0.HOG0000042	3	0.00101874	1	1	1	1.74179666487359	0.574119827053737
GO:0008150	biological_process	BP	N0.HOG0000042	3	0.00101874	1	1	8	7.70629370629371	1.03811252268603
GO:0008150	biological_process	BP	N0.HOG0000050	11	0.000801973	1	1	8	7.70629370629371	1.03811252268603
GO:0008150	biological_process	BP	N0.HOG0000108	8	0.000943866	1	1	8	7.70629370629371	1.03811252268603
GO:0008150	biological_process	BP	N0.HOG0000114	6	2.43212e-08	1	1	8	7.70629370629371	1.03811252268603
GO:0008150	biological_process	BP	N0.HOG0000155	2	0.00304223	1	1	8	7.70629370629371	1.03811252268603
GO:0008150	biological_process	BP	N0.HOG0000162	2	0.00695568	1	1	8	7.70629370629371	1.03811252268603
GO:0008150	biological_process	BP	N0.HOG0000504	3	8.39423e-05	1	1	8	7.70629370629371	1.03811252268603
GO:0008150	biological_process	BP	N0.HOG0000814	2	0.00304223	1	1	8	7.70629370629371	1.03811252268603
GO:0008152	metabolic process	BP	N0.HOG0000042	3	0.00101874	1	1	7	5.87842926304465	1.19079428989751
GO:0008152	metabolic process	BP	N0.HOG0000108	8	0.000943866	1	1	7	5.87842926304465	1.19079428989751
GO:0008152	metabolic process	BP	N0.HOG0000114	6	2.43212e-08	1	1	7	5.87842926304465	1.19079428989751
GO:0008152	metabolic process	BP	N0.HOG0000155	2	0.00304223	1	1	7	5.87842926304465	1.19079428989751
GO:0008152	metabolic process	BP	N0.HOG0000162	2	0.00695568	1	1	7	5.87842926304465	1.19079428989751
GO:0008152	metabolic process	BP	N0.HOG0000504	3	8.39423e-05	1	1	7	5.87842926304465	1.19079428989751
GO:0008152	metabolic process	BP	N0.HOG0000814	2	0.00304223	1	1	7	5.87842926304465	1.19079428989751
GO:0008202	steroid metabolic process	BP	N0.HOG0000114	6	2.43212e-08	1	1	1	0.177514792899408	5.63333333333333
GO:0008203	cholesterol metabolic process	BP	N0.HOG0000114	6	2.43212e-08	1	1	1	0.078536847767617	12.7328767123288
GO:0008219	cell death	BP	N0.HOG0000042	3	0.00101874	1	1	1	1.24367939752555	0.804065743944637
GO:0008283	cell population proliferation	BP	N0.HOG0000504	3	8.39423e-05	1	1	2	1.3006993006993	1.53763440860215
GO:0008283	cell population proliferation	BP	N0.HOG0000814	2	0.00304223	1	1	2	1.3006993006993	1.53763440860215
GO:0008610	lipid biosynthetic process	BP	N0.HOG0000114	6	2.43212e-08	1	1	2	0.473372781065089	4.225
GO:0008610	lipid biosynthetic process	BP	N0.HOG0000162	2	0.00695568	1	1	2	0.473372781065089	4.225
GO:0009056	catabolic process	BP	N0.HOG0000042	3	0.00101874	1	1	2	1.69445938676708	1.18031746031746
GO:0009056	catabolic process	BP	N0.HOG0000504	3	8.39423e-05	1	1	2	1.69445938676708	1.18031746031746
GO:0009057	macromolecule catabolic process	BP	N0.HOG0000042	3	0.00101874	1	1	2	1.03604088219473	1.93042575285566
GO:0009057	macromolecule catabolic process	BP	N0.HOG0000504	3	8.39423e-05	1	1	2	1.03604088219473	1.93042575285566
GO:0009058	biosynthetic process	BP	N0.HOG0000042	3	0.00101874	1	1	7	4.35610543302851	1.60693998518153
GO:0009058	biosynthetic process	BP	N0.HOG0000108	8	0.000943866	1	1	7	4.35610543302851	1.60693998518153
GO:0009058	biosynthetic process	BP	N0.HOG0000114	6	2.43212e-08	1	1	7	4.35610543302851	1.60693998518153
GO:0009058	biosynthetic process	BP	N0.HOG0000155	2	0.00304223	1	1	7	4.35610543302851	1.60693998518153
GO:0009058	biosynthetic process	BP	N0.HOG0000162	2	0.00695568	1	1	7	4.35610543302851	1.60693998518153
GO:0009058	biosynthetic process	BP	N0.HOG0000504	3	8.39423e-05	1	1	7	4.35610543302851	1.60693998518153
GO:0009058	biosynthetic process	BP	N0.HOG0000814	2	0.00304223	1	1	7	4.35610543302851	1.60693998518153
GO:0009059	macromolecule biosynthetic process	BP	N0.HOG0000042	3	0.00101874	1	1	4	3.75040344271114	1.06655192197361
GO:0009059	macromolecule biosynthetic process	BP	N0.HOG0000108	8	0.000943866	1	1	4	3.75040344271114	1.06655192197361
GO:0009059	macromolecule biosynthetic process	BP	N0.HOG0000155	2	0.00304223	1	1	4	3.75040344271114	1.06655192197361
GO:0009059	macromolecule biosynthetic process	BP	N0.HOG0000814	2	0.00304223	1	1	4	3.75040344271114	1.06655192197361
GO:0009064	glutamine family amino acid metabolic process	BP	N0.HOG0000504	3	8.39423e-05	1	1	1	0.0602474448628295	16.5982142857143
GO:0009117	nucleotide metabolic process	BP	N0.HOG0000114	6	2.43212e-08	1	1	1	0.490586336740183	2.03837719298246
GO:0009150	purine ribonucleotide metabolic process	BP	N0.HOG0000114	6	2.43212e-08	1	1	1	0.387305002689618	2.58194444444445
GO:0009165	nucleotide biosynthetic process	BP	N0.HOG0000114	6	2.43212e-08	1	1	1	0.235610543302851	4.24429223744292
GO:0009259	ribonucleotide metabolic process	BP	N0.HOG0000114	6	2.43212e-08	1	1	1	0.401291016675632	2.49195710455764
GO:0009260	ribonucleotide biosynthetic process	BP	N0.HOG0000114	6	2.43212e-08	1	1	1	0.187197417966649	5.34195402298851
GO:0009308	amine metabolic process	BP	N0.HOG0000504	3	8.39423e-05	1	1	1	0.0968262506724045	10.3277777777778
GO:0009309	amine biosynthetic process	BP	N0.HOG0000504	3	8.39423e-05	1	1	1	0.0398063474986552	25.1216216216216
GO:0009445	putrescine metabolic process	BP	N0.HOG0000504	3	8.39423e-05	1	1	1	0.00537923614846692	185.9
GO:0009446	putrescine biosynthetic process	BP	N0.HOG0000504	3	8.39423e-05	1	1	1	0.00430338891877353	232.375
GO:0009593	detection of chemical stimulus	BP	N0.HOG0000050	11	0.000801973	1	1	1	0.092522861753631	10.8081395348837
GO:0009605	response to external stimulus	BP	N0.HOG0000108	8	0.000943866	1	1	3	1.84185045723507	1.62879672897196
GO:0009605	response to external stimulus	BP	N0.HOG0000114	6	2.43212e-08	1	1	3	1.84185045723507	1.62879672897196
GO:0009605	response to external stimulus	BP	N0.HOG0000504	3	8.39423e-05	1	1	3	1.84185045723507	1.62879672897196
GO:0009607	response to biotic stimulus	BP	N0.HOG0000108	8	0.000943866	1	1	2	0.801506186121571	2.49530201342282
GO:0009607	response to biotic stimulus	BP	N0.HOG0000504	3	8.39423e-05	1	1	2	0.801506186121571	2.49530201342282
GO:0009617	response to bacterium	BP	N0.HOG0000108	8	0.000943866	1	1	1	0.388380849919311	2.57479224376731
GO:0009743	response to carbohydrate	BP	N0.HOG0000114	6	2.43212e-08	1	1	1	0.217321140398063	4.60148514851485
GO:0009744	response to sucrose	BP	N0.HOG0000114	6	2.43212e-08	1	1	1	0.0344271113501883	29.046875
GO:0009888	tissue development	BP	N0.HOG0000108	8	0.000943866	1	1	2	1.79881656804734	1.11184210526316
GO:0009888	tissue development	BP	N0.HOG0000114	6	2.43212e-08	1	1	2	1.79881656804734	1.11184210526316
GO:0009889	regulation of biosynthetic process	BP	N0.HOG0000042	3	0.00101874	1	1	5	2.81441635287789	1.77656727828746
GO:0009889	regulation of biosynthetic process	BP	N0.HOG0000108	8	0.000943866	1	1	5	2.81441635287789	1.77656727828746
GO:0009889	regulation of biosynthetic process	BP	N0.HOG0000114	6	2.43212e-08	1	1	5	2.81441635287789	1.77656727828746
GO:0009889	regulation of biosynthetic process	BP	N0.HOG0000155	2	0.00304223	1	1	5	2.81441635287789	1.77656727828746
GO:0009889	regulation of biosynthetic process	BP	N0.HOG0000814	2	0.00304223	1	1	5	2.81441635287789	1.77656727828746
GO:0009890	negative regulation of biosynthetic process	BP	N0.HOG0000042	3	0.00101874	1	1	3	1.56320602474449	1.91913282863042
GO:0009890	negative regulation of biosynthetic process	BP	N0.HOG0000155	2	0.00304223	1	1	3	1.56320602474449	1.91913282863042
GO:0009890	negative regulation of biosynthetic process	BP	N0.HOG0000814	2	0.00304223	1	1	3	1.56320602474449	1.91913282863042
GO:0009891	positive regulation of biosynthetic process	BP	N0.HOG0000042	3	0.00101874	1	1	2	1.57073695535234	1.27328767123288
GO:0009891	positive regulation of biosynthetic process	BP	N0.HOG0000108	8	0.000943866	1	1	2	1.57073695535234	1.27328767123288
GO:0009892	negative regulation of metabolic process	BP	N0.HOG0000042	3	0.00101874	1	1	3	1.98278644432491	1.51302224633749
GO:0009892	negative regulation of metabolic process	BP	N0.HOG0000155	2	0.00304223	1	1	3	1.98278644432491	1.51302224633749
GO:0009892	negative regulation of metabolic process	BP	N0.HOG0000814	2	0.00304223	1	1	3	1.98278644432491	1.51302224633749
GO:0009894	regulation of catabolic process	BP	N0.HOG0000042	3	0.00101874	1	1	2	0.747713824636902	2.67482014388489
GO:0009894	regulation of catabolic process	BP	N0.HOG0000504	3	8.39423e-05	1	1	2	0.747713824636902	2.67482014388489
GO:0009895	negative regulation of catabolic process	BP	N0.HOG0000042	3	0.00101874	1	1	1	0.237762237762238	4.20588235294118
GO:0009966	regulation of signal transduction	BP	N0.HOG0000042	3	0.00101874	1	1	1	1.80204410973642	0.554925373134329
GO:0009967	positive regulation of signal transduction	BP	N0.HOG0000042	3	0.00101874	1	1	1	0.953200645508338	1.04909706546275
GO:0009987	cellular process	BP	N0.HOG0000042	3	0.00101874	1	1	8	7.48466917697687	1.06885151645824
GO:0009987	cellular process	BP	N0.HOG0000050	11	0.000801973	1	1	8	7.48466917697687	1.06885151645824
GO:0009987	cellular process	BP	N0.HOG0000108	8	0.000943866	1	1	8	7.48466917697687	1.06885151645824
GO:0009987	cellular process	BP	N0.HOG0000114	6	2.43212e-08	1	1	8	7.48466917697687	1.06885151645824
GO:0009987	cellular process	BP	N0.HOG0000155	2	0.00304223	1	1	8	7.48466917697687	1.06885151645824
GO:0009987	cellular process	BP	N0.HOG0000162	2	0.00695568	1	1	8	7.48466917697687	1.06885151645824
GO:0009987	cellular process	BP	N0.HOG0000504	3	8.39423e-05	1	1	8	7.48466917697687	1.06885151645824
GO:0009987	cellular process	BP	N0.HOG0000814	2	0.00304223	1	1	8	7.48466917697687	1.06885151645824
GO:0010467	gene expression	BP	N0.HOG0000042	3	0.00101874	1	1	4	3.39644970414201	1.17770034843206
GO:0010467	gene expression	BP	N0.HOG0000108	8	0.000943866	1	1	4	3.39644970414201	1.17770034843206
GO:0010467	gene expression	BP	N0.HOG0000155	2	0.00304223	1	1	4	3.39644970414201	1.17770034843206
GO:0010467	gene expression	BP	N0.HOG0000814	2	0.00304223	1	1	4	3.39644970414201	1.17770034843206
GO:0010468	regulation of gene expression	BP	N0.HOG0000042	3	0.00101874	1	1	4	2.58633674018289	1.54658901830283
GO:0010468	regulation of gene expression	BP	N0.HOG0000108	8	0.000943866	1	1	4	2.58633674018289	1.54658901830283
GO:0010468	regulation of gene expression	BP	N0.HOG0000155	2	0.00304223	1	1	4	2.58633674018289	1.54658901830283
GO:0010468	regulation of gene expression	BP	N0.HOG0000814	2	0.00304223	1	1	4	2.58633674018289	1.54658901830283
GO:0010498	proteasomal protein catabolic process	BP	N0.HOG0000042	3	0.00101874	1	1	1	0.404518558364712	2.47207446808511
GO:0010556	regulation of macromolecule biosynthetic process	BP	N0.HOG0000042	3	0.00101874	1	1	4	2.71651425497579	1.47247524752475
GO:0010556	regulation of macromolecule biosynthetic process	BP	N0.HOG0000108	8	0.000943866	1	1	4	2.71651425497579	1.47247524752475
GO:0010556	regulation of macromolecule biosynthetic process	BP	N0.HOG0000155	2	0.00304223	1	1	4	2.71651425497579	1.47247524752475
GO:0010556	regulation of macromolecule biosynthetic process	BP	N0.HOG0000814	2	0.00304223	1	1	4	2.71651425497579	1.47247524752475
GO:0010557	positive regulation of macromolecule biosynthetic process	BP	N0.HOG0000042	3	0.00101874	1	1	2	1.50726196880043	1.32690935046395
GO:0010557	positive regulation of macromolecule biosynthetic process	BP	N0.HOG0000108	8	0.000943866	1	1	2	1.50726196880043	1.32690935046395
GO:0010558	negative regulation of macromolecule biosynthetic process	BP	N0.HOG0000042	3	0.00101874	1	1	3	1.51909628832706	1.97485835694051
GO:0010558	negative regulation of macromolecule biosynthetic process	BP	N0.HOG0000155	2	0.00304223	1	1	3	1.51909628832706	1.97485835694051
GO:0010558	negative regulation of macromolecule biosynthetic process	BP	N0.HOG0000814	2	0.00304223	1	1	3	1.51909628832706	1.97485835694051
GO:0010604	positive regulation of macromolecule metabolic process	BP	N0.HOG0000042	3	0.00101874	1	1	3	2.07208176438946	1.44781931464174
GO:0010604	positive regulation of macromolecule metabolic process	BP	N0.HOG0000108	8	0.000943866	1	1	3	2.07208176438946	1.44781931464174
GO:0010604	positive regulation of macromolecule metabolic process	BP	N0.HOG0000814	2	0.00304223	1	1	3	2.07208176438946	1.44781931464174
GO:0010605	negative regulation of macromolecule metabolic process	BP	N0.HOG0000042	3	0.00101874	1	1	3	1.83969876277569	1.63070175438597
GO:0010605	negative regulation of macromolecule metabolic process	BP	N0.HOG0000155	2	0.00304223	1	1	3	1.83969876277569	1.63070175438597
GO:0010605	negative regulation of macromolecule metabolic process	BP	N0.HOG0000814	2	0.00304223	1	1	3	1.83969876277569	1.63070175438597
GO:0010638	positive regulation of organelle organization	BP	N0.HOG0000814	2	0.00304223	1	1	1	0.500268961807423	1.9989247311828
GO:0010639	negative regulation of organelle organization	BP	N0.HOG0000155	2	0.00304223	1	1	2	0.369015599784831	5.4198250728863
GO:0010639	negative regulation of organelle organization	BP	N0.HOG0000814	2	0.00304223	1	1	2	0.369015599784831	5.4198250728863
GO:0010646	regulation of cell communication	BP	N0.HOG0000042	3	0.00101874	1	1	1	2.05917159763314	0.485632183908046
GO:0010647	positive regulation of cell communication	BP	N0.HOG0000042	3	0.00101874	1	1	1	1.09736417428725	0.911274509803922
GO:0010817	regulation of hormone levels	BP	N0.HOG0000814	2	0.00304223	1	1	1	0.361484669176977	2.76636904761905
GO:0012501	programmed cell death	BP	N0.HOG0000042	3	0.00101874	1	1	1	1.22538999462076	0.816066725197542
GO:0015031	protein transport	BP	N0.HOG0000042	3	0.00101874	1	1	1	1.10704679935449	0.903304178814383
GO:0015980	energy derivation by oxidation of organic compounds	BP	N0.HOG0000114	6	2.43212e-08	1	1	1	0.28617536309844	3.49436090225564
GO:0016043	cellular component organization	BP	N0.HOG0000042	3	0.00101874	1	1	4	4.21839698762776	0.948227492986483
GO:0016043	cellular component organization	BP	N0.HOG0000108	8	0.000943866	1	1	4	4.21839698762776	0.948227492986483
GO:0016043	cellular component organization	BP	N0.HOG0000155	2	0.00304223	1	1	4	4.21839698762776	0.948227492986483
GO:0016043	cellular component organization	BP	N0.HOG0000814	2	0.00304223	1	1	4	4.21839698762776	0.948227492986483
GO:0016053	organic acid biosynthetic process	BP	N0.HOG0000114	6	2.43212e-08	1	1	2	0.204410973641743	9.78421052631579
GO:0016053	organic acid biosynthetic process	BP	N0.HOG0000162	2	0.00695568	1	1	2	0.204410973641743	9.78421052631579
GO:0016070	RNA metabolic process	BP	N0.HOG0000042	3	0.00101874	1	1	3	2.69499731038193	1.11317365269461
GO:0016070	RNA metabolic process	BP	N0.HOG0000155	2	0.00304223	1	1	3	2.69499731038193	1.11317365269461
GO:0016070	RNA metabolic process	BP	N0.HOG0000814	2	0.00304223	1	1	3	2.69499731038193	1.11317365269461
GO:0016071	mRNA metabolic process	BP	N0.HOG0000042	3	0.00101874	1	1	1	0.665949435180204	1.5016155088853
GO:0016072	rRNA metabolic process	BP	N0.HOG0000042	3	0.00101874	1	1	1	0.250672404518558	3.9892703862661
GO:0016101	diterpenoid metabolic process	BP	N0.HOG0000814	2	0.00304223	1	1	1	0.0322754168908015	30.9833333333333
GO:0016125	sterol metabolic process	BP	N0.HOG0000114	6	2.43212e-08	1	1	1	0.105433028509952	9.48469387755102
GO:0016126	sterol biosynthetic process	BP	N0.HOG0000114	6	2.43212e-08	1	1	1	0.0688542227003765	14.5234375
GO:0016192	vesicle-mediated transport	BP	N0.HOG0000155	2	0.00304223	1	1	1	1.20925228617536	0.826957295373666
GO:0016567	protein ubiquitination	BP	N0.HOG0000042	3	0.00101874	1	1	1	0.444324905863367	2.25060532687651
GO:0018193	peptidyl-amino acid modification	BP	N0.HOG0000814	2	0.00304223	1	1	1	0.750941366325982	1.33166189111748
GO:0018205	peptidyl-lysine modification	BP	N0.HOG0000814	2	0.00304223	1	1	1	0.293706293706294	3.4047619047619
GO:0018394	peptidyl-lysine acetylation	BP	N0.HOG0000814	2	0.00304223	1	1	1	0.166756320602474	5.99677419354839
GO:0018904	ether metabolic process	BP	N0.HOG0000114	6	2.43212e-08	1	1	1	0.013986013986014	71.5
GO:0019216	regulation of lipid metabolic process	BP	N0.HOG0000114	6	2.43212e-08	1	1	1	0.28617536309844	3.49436090225564
GO:0019218	regulation of steroid metabolic process	BP	N0.HOG0000114	6	2.43212e-08	1	1	1	0.0860677783754707	11.61875
GO:0019219	regulation of nucleobase-containing compound metabolic process	BP	N0.HOG0000042	3	0.00101874	1	1	3	2.21839698762776	1.35232783705141
GO:0019219	regulation of nucleobase-containing compound metabolic process	BP	N0.HOG0000155	2	0.00304223	1	1	3	2.21839698762776	1.35232783705141
GO:0019219	regulation of nucleobase-containing compound metabolic process	BP	N0.HOG0000814	2	0.00304223	1	1	3	2.21839698762776	1.35232783705141
GO:0019222	regulation of metabolic process	BP	N0.HOG0000042	3	0.00101874	1	1	6	3.56320602474449	1.6838768115942
GO:0019222	regulation of metabolic process	BP	N0.HOG0000108	8	0.000943866	1	1	6	3.56320602474449	1.6838768115942
GO:0019222	regulation of metabolic process	BP	N0.HOG0000114	6	2.43212e-08	1	1	6	3.56320602474449	1.6838768115942
GO:0019222	regulation of metabolic process	BP	N0.HOG0000155	2	0.00304223	1	1	6	3.56320602474449	1.6838768115942
GO:0019222	regulation of metabolic process	BP	N0.HOG0000504	3	8.39423e-05	1	1	6	3.56320602474449	1.6838768115942
GO:0019222	regulation of metabolic process	BP	N0.HOG0000814	2	0.00304223	1	1	6	3.56320602474449	1.6838768115942
GO:0019368	fatty acid elongation, unsaturated fatty acid	BP	N0.HOG0000162	2	0.00695568	1	1	1	0.00537923614846692	185.9
GO:0019538	protein metabolic process	BP	N0.HOG0000042	3	0.00101874	1	1	5	3.22108660570199	1.55227120908484
GO:0019538	protein metabolic process	BP	N0.HOG0000108	8	0.000943866	1	1	5	3.22108660570199	1.55227120908484
GO:0019538	protein metabolic process	BP	N0.HOG0000155	2	0.00304223	1	1	5	3.22108660570199	1.55227120908484
GO:0019538	protein metabolic process	BP	N0.HOG0000504	3	8.39423e-05	1	1	5	3.22108660570199	1.55227120908484
GO:0019538	protein metabolic process	BP	N0.HOG0000814	2	0.00304223	1	1	5	3.22108660570199	1.55227120908484
GO:0019637	organophosphate metabolic process	BP	N0.HOG0000114	6	2.43212e-08	1	1	1	0.802582033351264	1.24597855227882
GO:0019693	ribose phosphate metabolic process	BP	N0.HOG0000114	6	2.43212e-08	1	1	1	0.413125336202259	2.42057291666667
GO:0019730	antimicrobial humoral response	BP	N0.HOG0000108	8	0.000943866	1	1	1	0.117267348036579	8.52752293577982
GO:0019731	antibacterial humoral response	BP	N0.HOG0000108	8	0.000943866	1	1	1	0.0398063474986552	25.1216216216216
GO:0019752	carboxylic acid metabolic process	BP	N0.HOG0000114	6	2.43212e-08	1	1	3	0.616460462614309	4.86649214659686
GO:0019752	carboxylic acid metabolic process	BP	N0.HOG0000162	2	0.00695568	1	1	3	0.616460462614309	4.86649214659686
GO:0019752	carboxylic acid metabolic process	BP	N0.HOG0000504	3	8.39423e-05	1	1	3	0.616460462614309	4.86649214659686
GO:0019941	modification-dependent protein catabolic process	BP	N0.HOG0000042	3	0.00101874	1	1	1	0.456159225389995	2.19221698113208
GO:0019953	sexual reproduction	BP	N0.HOG0000155	2	0.00304223	1	1	1	1.58041958041958	0.632743362831859
GO:0022411	cellular component disassembly	BP	N0.HOG0000108	8	0.000943866	1	1	1	0.390532544378698	2.56060606060606
GO:0022414	reproductive process	BP	N0.HOG0000155	2	0.00304223	1	1	1	1.98278644432491	0.504340748779165
GO:0022607	cellular component assembly	BP	N0.HOG0000042	3	0.00101874	1	1	2	2.28940290478752	0.87359022556391
GO:0022607	cellular component assembly	BP	N0.HOG0000155	2	0.00304223	1	1	2	2.28940290478752	0.87359022556391
GO:0022613	ribonucleoprotein complex biogenesis	BP	N0.HOG0000042	3	0.00101874	1	1	1	0.451855836471221	2.21309523809524
GO:0022618	protein-RNA complex assembly	BP	N0.HOG0000042	3	0.00101874	1	1	1	0.234534696073158	4.26376146788991
GO:0023051	regulation of signaling	BP	N0.HOG0000042	3	0.00101874	1	1	1	2.07746100053792	0.481356809943035
GO:0023052	signaling	BP	N0.HOG0000042	3	0.00101874	1	1	2	3.12856374394836	0.639270976616231
GO:0023052	signaling	BP	N0.HOG0000050	11	0.000801973	1	1	2	3.12856374394836	0.639270976616231
GO:0023056	positive regulation of signaling	BP	N0.HOG0000042	3	0.00101874	1	1	1	1.10166756320602	0.90771484375
GO:0030097	hemopoiesis	BP	N0.HOG0000114	6	2.43212e-08	1	1	1	0.549757934373319	1.81898238747554
GO:0030099	myeloid cell differentiation	BP	N0.HOG0000114	6	2.43212e-08	1	1	1	0.245293168370091	4.07675438596491
GO:0030100	regulation of endocytosis	BP	N0.HOG0000155	2	0.00304223	1	1	1	0.224852071005917	4.44736842105263
GO:0030154	cell differentiation	BP	N0.HOG0000114	6	2.43212e-08	1	1	1	2.9596557288865	0.337877135587059
GO:0030162	regulation of proteolysis	BP	N0.HOG0000042	3	0.00101874	1	1	1	0.456159225389995	2.19221698113208
GO:0030163	protein catabolic process	BP	N0.HOG0000042	3	0.00101874	1	1	2	0.660570199031738	3.02768729641694
GO:0030163	protein catabolic process	BP	N0.HOG0000504	3	8.39423e-05	1	1	2	0.660570199031738	3.02768729641694
GO:0030198	extracellular matrix organization	BP	N0.HOG0000108	8	0.000943866	1	1	1	0.185045723507262	5.40406976744186
GO:0030497	fatty acid elongation	BP	N0.HOG0000162	2	0.00695568	1	1	1	0.00968262506724045	103.277777777778
GO:0030851	granulocyte differentiation	BP	N0.HOG0000114	6	2.43212e-08	1	1	1	0.0258203335126412	38.7291666666667
GO:0030855	epithelial cell differentiation	BP	N0.HOG0000114	6	2.43212e-08	1	1	1	0.722969338353954	1.38318452380952
GO:0031347	regulation of defense response	BP	N0.HOG0000108	8	0.000943866	1	1	1	0.347498655190963	2.87770897832817
GO:0031349	positive regulation of defense response	BP	N0.HOG0000108	8	0.000943866	1	1	1	0.20979020979021	4.76666666666667
GO:0031396	regulation of protein ubiquitination	BP	N0.HOG0000042	3	0.00101874	1	1	1	0.166756320602474	5.99677419354839
GO:0031397	negative regulation of protein ubiquitination	BP	N0.HOG0000042	3	0.00101874	1	1	1	0.0580957504034427	17.212962962963
GO:0031399	regulation of protein modification process	BP	N0.HOG0000042	3	0.00101874	1	1	3	1.06724045185584	2.81098790322581
GO:0031399	regulation of protein modification process	BP	N0.HOG0000155	2	0.00304223	1	1	3	1.06724045185584	2.81098790322581
GO:0031399	regulation of protein modification process	BP	N0.HOG0000814	2	0.00304223	1	1	3	1.06724045185584	2.81098790322581
GO:0031401	positive regulation of protein modification process	BP	N0.HOG0000814	2	0.00304223	1	1	1	0.690693921463152	1.44781931464174
GO:0031647	regulation of protein stability	BP	N0.HOG0000042	3	0.00101874	1	1	1	0.233458848843464	4.28341013824885
GO:0031667	response to nutrient levels	BP	N0.HOG0000114	6	2.43212e-08	1	1	1	0.480903711672942	2.07941834451902
GO:0032094	response to food	BP	N0.HOG0000114	6	2.43212e-08	1	1	1	0.0355029585798817	28.1666666666667
GO:0032095	regulation of response to food	BP	N0.HOG0000114	6	2.43212e-08	1	1	1	0.0107584722969338	92.95
GO:0032097	positive regulation of response to food	BP	N0.HOG0000114	6	2.43212e-08	1	1	1	0.00322754168908015	309.833333333333
GO:0032098	regulation of appetite	BP	N0.HOG0000114	6	2.43212e-08	1	1	1	0.00860677783754707	116.1875
GO:0032101	regulation of response to external stimulus	BP	N0.HOG0000108	8	0.000943866	1	1	2	0.551909628832706	3.62378167641326
GO:0032101	regulation of response to external stimulus	BP	N0.HOG0000114	6	2.43212e-08	1	1	2	0.551909628832706	3.62378167641326
GO:0032107	regulation of response to nutrient levels	BP	N0.HOG0000114	6	2.43212e-08	1	1	1	0.0161377084454008	61.9666666666667
GO:0032109	positive regulation of response to nutrient levels	BP	N0.HOG0000114	6	2.43212e-08	1	1	1	0.00430338891877353	232.375
GO:0032434	regulation of proteasomal ubiquitin-dependent protein catabolic process	BP	N0.HOG0000042	3	0.00101874	1	1	1	0.132329209252286	7.55691056910569
GO:0032446	protein modification by small protein conjugation	BP	N0.HOG0000042	3	0.00101874	1	1	1	0.474448628294782	2.10770975056689
GO:0032502	developmental process	BP	N0.HOG0000108	8	0.000943866	1	1	4	4.41635287789134	0.905724725943971
GO:0032502	developmental process	BP	N0.HOG0000114	6	2.43212e-08	1	1	4	4.41635287789134	0.905724725943971
GO:0032502	developmental process	BP	N0.HOG0000155	2	0.00304223	1	1	4	4.41635287789134	0.905724725943971
GO:0032502	developmental process	BP	N0.HOG0000504	3	8.39423e-05	1	1	4	4.41635287789134	0.905724725943971
GO:0032774	RNA biosynthetic process	BP	N0.HOG0000042	3	0.00101874	1	1	3	2.50026896180742	1.19987091222031
GO:0032774	RNA biosynthetic process	BP	N0.HOG0000155	2	0.00304223	1	1	3	2.50026896180742	1.19987091222031
GO:0032774	RNA biosynthetic process	BP	N0.HOG0000814	2	0.00304223	1	1	3	2.50026896180742	1.19987091222031
GO:0032787	monocarboxylic acid metabolic process	BP	N0.HOG0000114	6	2.43212e-08	1	1	2	0.327057557826789	6.11513157894737
GO:0032787	monocarboxylic acid metabolic process	BP	N0.HOG0000162	2	0.00695568	1	1	2	0.327057557826789	6.11513157894737
GO:0032879	regulation of localization	BP	N0.HOG0000155	2	0.00304223	1	1	1	1.58149542764927	0.632312925170068
GO:0033036	macromolecule localization	BP	N0.HOG0000042	3	0.00101874	1	1	1	2.00968262506724	0.497591006423983
GO:0033043	regulation of organelle organization	BP	N0.HOG0000155	2	0.00304223	1	1	2	1.04895104895105	1.90666666666667
GO:0033043	regulation of organelle organization	BP	N0.HOG0000814	2	0.00304223	1	1	2	1.04895104895105	1.90666666666667
GO:0033044	regulation of chromosome organization	BP	N0.HOG0000155	2	0.00304223	1	1	2	0.408821947283486	4.8921052631579
GO:0033044	regulation of chromosome organization	BP	N0.HOG0000814	2	0.00304223	1	1	2	0.408821947283486	4.8921052631579
GO:0033365	protein localization to organelle	BP	N0.HOG0000042	3	0.00101874	1	1	1	0.720817643894567	1.38731343283582
GO:0033388	putrescine biosynthetic process from arginine	BP	N0.HOG0000504	3	8.39423e-05	1	1	1	0.00215169445938677	464.75
GO:0033865	nucleoside bisphosphate metabolic process	BP	N0.HOG0000114	6	2.43212e-08	1	1	1	0.0957504034427111	10.4438202247191
GO:0033866	nucleoside bisphosphate biosynthetic process	BP	N0.HOG0000114	6	2.43212e-08	1	1	1	0.0430338891877353	23.2375
GO:0033875	ribonucleoside bisphosphate metabolic process	BP	N0.HOG0000114	6	2.43212e-08	1	1	1	0.0957504034427111	10.4438202247191
GO:0034032	purine nucleoside bisphosphate metabolic process	BP	N0.HOG0000114	6	2.43212e-08	1	1	1	0.0957504034427111	10.4438202247191
GO:0034097	response to cytokine	BP	N0.HOG0000114	6	2.43212e-08	1	1	1	0.484131253362023	2.06555555555556
GO:0034285	response to disaccharide	BP	N0.HOG0000114	6	2.43212e-08	1	1	1	0.0355029585798817	28.1666666666667
GO:0034308	primary alcohol metabolic process	BP	N0.HOG0000814	2	0.00304223	1	1	1	0.0290478752017214	34.4259259259259
GO:0034654	nucleobase-containing compound biosynthetic process	BP	N0.HOG0000042	3	0.00101874	1	1	4	2.8122646584185	1.42234123947972
GO:0034654	nucleobase-containing compound biosynthetic process	BP	N0.HOG0000114	6	2.43212e-08	1	1	4	2.8122646584185	1.42234123947972
GO:0034654	nucleobase-containing compound biosynthetic process	BP	N0.HOG0000155	2	0.00304223	1	1	4	2.8122646584185	1.42234123947972
GO:0034654	nucleobase-containing compound biosynthetic process	BP	N0.HOG0000814	2	0.00304223	1	1	4	2.8122646584185	1.42234123947972
GO:0034655	nucleobase-containing compound catabolic process	BP	N0.HOG0000042	3	0.00101874	1	1	1	0.4228079612695	2.36513994910941
GO:0034728	nucleosome organization	BP	N0.HOG0000155	2	0.00304223	1	1	1	0.0882194728348575	11.3353658536585
GO:0035337	fatty-acyl-CoA metabolic process	BP	N0.HOG0000114	6	2.43212e-08	1	1	1	0.0376546530392684	26.5571428571429
GO:0035383	thioester metabolic process	BP	N0.HOG0000114	6	2.43212e-08	1	1	1	0.0849919311457773	11.7658227848101
GO:0035384	thioester biosynthetic process	BP	N0.HOG0000114	6	2.43212e-08	1	1	1	0.0387305002689618	25.8194444444445
GO:0035556	intracellular signal transduction	BP	N0.HOG0000042	3	0.00101874	1	1	1	1.70521785906401	0.586435331230284
GO:0035601	protein deacylation	BP	N0.HOG0000814	2	0.00304223	1	1	1	0.0796126949973104	12.5608108108108
GO:0036211	protein modification process	BP	N0.HOG0000042	3	0.00101874	1	1	3	2.21624529316837	1.35364077669903
GO:0036211	protein modification process	BP	N0.HOG0000155	2	0.00304223	1	1	3	2.21624529316837	1.35364077669903
GO:0036211	protein modification process	BP	N0.HOG0000814	2	0.00304223	1	1	3	2.21624529316837	1.35364077669903
GO:0040029	epigenetic regulation of gene expression	BP	N0.HOG0000155	2	0.00304223	1	1	1	0.320602474448628	3.11912751677852
GO:0042127	regulation of cell population proliferation	BP	N0.HOG0000504	3	8.39423e-05	1	1	1	0.962883270575578	1.03854748603352
GO:0042177	negative regulation of protein catabolic process	BP	N0.HOG0000042	3	0.00101874	1	1	1	0.0979020979020979	10.2142857142857
GO:0042180	ketone metabolic process	BP	N0.HOG0000504	3	8.39423e-05	1	1	1	0.158149542764927	6.32312925170068
GO:0042221	response to chemical	BP	N0.HOG0000050	11	0.000801973	1	1	2	2.54975793437332	0.784388185654009
GO:0042221	response to chemical	BP	N0.HOG0000114	6	2.43212e-08	1	1	2	2.54975793437332	0.784388185654009
GO:0042254	ribosome biogenesis	BP	N0.HOG0000042	3	0.00101874	1	1	1	0.291554599246907	3.42988929889299
GO:0042255	ribosome assembly	BP	N0.HOG0000042	3	0.00101874	1	1	1	0.064550833781603	15.4916666666667
GO:0042273	ribosomal large subunit biogenesis	BP	N0.HOG0000042	3	0.00101874	1	1	1	0.0774610005379236	12.9097222222222
GO:0042335	cuticle development	BP	N0.HOG0000114	6	2.43212e-08	1	1	1	0.211941904249597	4.71827411167513
GO:0042401	biogenic amine biosynthetic process	BP	N0.HOG0000504	3	8.39423e-05	1	1	1	0.0398063474986552	25.1216216216216
GO:0042445	hormone metabolic process	BP	N0.HOG0000814	2	0.00304223	1	1	1	0.154922001075847	6.45486111111111
GO:0042742	defense response to bacterium	BP	N0.HOG0000108	8	0.000943866	1	1	1	0.244217321140398	4.09471365638767
GO:0042886	amide transport	BP	N0.HOG0000042	3	0.00101874	1	1	1	1.15008068854223	0.869504209541628
GO:0042981	regulation of apoptotic process	BP	N0.HOG0000042	3	0.00101874	1	1	1	0.948897256589564	1.05385487528345
GO:0043062	extracellular structure organization	BP	N0.HOG0000108	8	0.000943866	1	1	1	0.22270037654653	4.49033816425121
GO:0043065	positive regulation of apoptotic process	BP	N0.HOG0000042	3	0.00101874	1	1	1	0.421732114039806	2.37117346938776
GO:0043067	regulation of programmed cell death	BP	N0.HOG0000042	3	0.00101874	1	1	1	0.994082840236686	1.00595238095238
GO:0043068	positive regulation of programmed cell death	BP	N0.HOG0000042	3	0.00101874	1	1	1	0.451855836471221	2.21309523809524
GO:0043086	negative regulation of catalytic activity	BP	N0.HOG0000042	3	0.00101874	1	1	1	0.421732114039806	2.37117346938776
GO:0043161	proteasome-mediated ubiquitin-dependent protein catabolic process	BP	N0.HOG0000042	3	0.00101874	1	1	1	0.358257127487897	2.79129129129129
GO:0043170	macromolecule metabolic process	BP	N0.HOG0000042	3	0.00101874	1	1	6	4.90801506186122	1.2224901359053
GO:0043170	macromolecule metabolic process	BP	N0.HOG0000108	8	0.000943866	1	1	6	4.90801506186122	1.2224901359053
GO:0043170	macromolecule metabolic process	BP	N0.HOG0000114	6	2.43212e-08	1	1	6	4.90801506186122	1.2224901359053
GO:0043170	macromolecule metabolic process	BP	N0.HOG0000155	2	0.00304223	1	1	6	4.90801506186122	1.2224901359053
GO:0043170	macromolecule metabolic process	BP	N0.HOG0000504	3	8.39423e-05	1	1	6	4.90801506186122	1.2224901359053
GO:0043170	macromolecule metabolic process	BP	N0.HOG0000814	2	0.00304223	1	1	6	4.90801506186122	1.2224901359053
GO:0043207	response to external biotic stimulus	BP	N0.HOG0000108	8	0.000943866	1	1	2	0.78214093598709	2.55708390646492
GO:0043207	response to external biotic stimulus	BP	N0.HOG0000504	3	8.39423e-05	1	1	2	0.78214093598709	2.55708390646492
GO:0043393	regulation of protein binding	BP	N0.HOG0000042	3	0.00101874	1	1	1	0.175363098440022	5.70245398773006
GO:0043412	macromolecule modification	BP	N0.HOG0000042	3	0.00101874	1	1	3	2.37009144701452	1.26577394462097
GO:0043412	macromolecule modification	BP	N0.HOG0000155	2	0.00304223	1	1	3	2.37009144701452	1.26577394462097
GO:0043412	macromolecule modification	BP	N0.HOG0000814	2	0.00304223	1	1	3	2.37009144701452	1.26577394462097
GO:0043436	oxoacid metabolic process	BP	N0.HOG0000114	6	2.43212e-08	1	1	3	0.65196342119419	4.60148514851485
GO:0043436	oxoacid metabolic process	BP	N0.HOG0000162	2	0.00695568	1	1	3	0.65196342119419	4.60148514851485
GO:0043436	oxoacid metabolic process	BP	N0.HOG0000504	3	8.39423e-05	1	1	3	0.65196342119419	4.60148514851485
GO:0043543	protein acylation	BP	N0.HOG0000814	2	0.00304223	1	1	1	0.210866057019903	4.74234693877551
GO:0043603	amide metabolic process	BP	N0.HOG0000042	3	0.00101874	1	1	2	0.909090909090909	2.2
GO:0043603	amide metabolic process	BP	N0.HOG0000114	6	2.43212e-08	1	1	2	0.909090909090909	2.2
GO:0043632	modification-dependent macromolecule catabolic process	BP	N0.HOG0000042	3	0.00101874	1	1	1	0.467993544916622	2.1367816091954
GO:0043687	post-translational protein modification	BP	N0.HOG0000042	3	0.00101874	1	1	1	0.724045185583647	1.38112927191679
GO:0043933	protein-containing complex organization	BP	N0.HOG0000042	3	0.00101874	1	1	2	1.58149542764927	1.26462585034014
GO:0043933	protein-containing complex organization	BP	N0.HOG0000155	2	0.00304223	1	1	2	1.58149542764927	1.26462585034014
GO:0044042	glucan metabolic process	BP	N0.HOG0000114	6	2.43212e-08	1	1	1	0.0688542227003765	14.5234375
GO:0044085	cellular component biogenesis	BP	N0.HOG0000042	3	0.00101874	1	1	2	2.51102743410436	0.796486718080549
GO:0044085	cellular component biogenesis	BP	N0.HOG0000155	2	0.00304223	1	1	2	2.51102743410436	0.796486718080549
GO:0044092	negative regulation of molecular function	BP	N0.HOG0000042	3	0.00101874	1	1	1	0.619688004303389	1.61371527777778
GO:0044093	positive regulation of molecular function	BP	N0.HOG0000042	3	0.00101874	1	1	1	0.981172673480366	1.01918859649123
GO:0044238	primary metabolic process	BP	N0.HOG0000042	3	0.00101874	1	1	7	5.47391070467994	1.27879323899371
GO:0044238	primary metabolic process	BP	N0.HOG0000108	8	0.000943866	1	1	7	5.47391070467994	1.27879323899371
GO:0044238	primary metabolic process	BP	N0.HOG0000114	6	2.43212e-08	1	1	7	5.47391070467994	1.27879323899371
GO:0044238	primary metabolic process	BP	N0.HOG0000155	2	0.00304223	1	1	7	5.47391070467994	1.27879323899371
GO:0044238	primary metabolic process	BP	N0.HOG0000162	2	0.00695568	1	1	7	5.47391070467994	1.27879323899371
GO:0044238	primary metabolic process	BP	N0.HOG0000504	3	8.39423e-05	1	1	7	5.47391070467994	1.27879323899371
GO:0044238	primary metabolic process	BP	N0.HOG0000814	2	0.00304223	1	1	7	5.47391070467994	1.27879323899371
GO:0044272	sulfur compound biosynthetic process	BP	N0.HOG0000114	6	2.43212e-08	1	1	1	0.123722431414739	8.08260869565218
GO:0044281	small molecule metabolic process	BP	N0.HOG0000114	6	2.43212e-08	1	1	4	1.2845615922539	3.11390284757119
GO:0044281	small molecule metabolic process	BP	N0.HOG0000162	2	0.00695568	1	1	4	1.2845615922539	3.11390284757119
GO:0044281	small molecule metabolic process	BP	N0.HOG0000504	3	8.39423e-05	1	1	4	1.2845615922539	3.11390284757119
GO:0044281	small molecule metabolic process	BP	N0.HOG0000814	2	0.00304223	1	1	4	1.2845615922539	3.11390284757119
GO:0044283	small molecule biosynthetic process	BP	N0.HOG0000114	6	2.43212e-08	1	1	2	0.456159225389995	4.38443396226415
GO:0044283	small molecule biosynthetic process	BP	N0.HOG0000162	2	0.00695568	1	1	2	0.456159225389995	4.38443396226415
GO:0044419	biological process involved in interspecies interaction between organisms	BP	N0.HOG0000108	8	0.000943866	1	1	2	0.967186659494352	2.0678531701891
GO:0044419	biological process involved in interspecies interaction between organisms	BP	N0.HOG0000504	3	8.39423e-05	1	1	2	0.967186659494352	2.0678531701891
GO:0045017	glycerolipid biosynthetic process	BP	N0.HOG0000114	6	2.43212e-08	1	1	1	0.190424959655729	5.25141242937853
GO:0045047	protein targeting to ER	BP	N0.HOG0000042	3	0.00101874	1	1	1	0.0828402366863905	12.0714285714286
GO:0045116	protein neddylation	BP	N0.HOG0000042	3	0.00101874	1	1	1	0.0193652501344809	51.6388888888889
GO:0045184	establishment of protein localization	BP	N0.HOG0000042	3	0.00101874	1	1	1	1.18558364712211	0.843466424682396
GO:0045229	external encapsulating structure organization	BP	N0.HOG0000108	8	0.000943866	1	1	1	0.260355029585799	3.84090909090909
GO:0045446	endothelial cell differentiation	BP	N0.HOG0000114	6	2.43212e-08	1	1	1	0.0753093060785368	13.2785714285714
GO:0045807	positive regulation of endocytosis	BP	N0.HOG0000155	2	0.00304223	1	1	1	0.13340505648198	7.49596774193548
GO:0045861	negative regulation of proteolysis	BP	N0.HOG0000042	3	0.00101874	1	1	1	0.160301237224314	6.23825503355705
GO:0045934	negative regulation of nucleobase-containing compound metabolic process	BP	N0.HOG0000155	2	0.00304223	1	1	2	1.02743410435718	1.94659685863874
GO:0045934	negative regulation of nucleobase-containing compound metabolic process	BP	N0.HOG0000814	2	0.00304223	1	1	2	1.02743410435718	1.94659685863874
GO:0046165	alcohol biosynthetic process	BP	N0.HOG0000114	6	2.43212e-08	1	1	1	0.120494889725659	8.29910714285714
GO:0046390	ribose phosphate biosynthetic process	BP	N0.HOG0000114	6	2.43212e-08	1	1	1	0.191500806885422	5.22191011235955
GO:0046394	carboxylic acid biosynthetic process	BP	N0.HOG0000114	6	2.43212e-08	1	1	2	0.204410973641743	9.78421052631579
GO:0046394	carboxylic acid biosynthetic process	BP	N0.HOG0000162	2	0.00695568	1	1	2	0.204410973641743	9.78421052631579
GO:0046460	neutral lipid biosynthetic process	BP	N0.HOG0000114	6	2.43212e-08	1	1	1	0.036578805809575	27.3382352941177
GO:0046463	acylglycerol biosynthetic process	BP	N0.HOG0000114	6	2.43212e-08	1	1	1	0.036578805809575	27.3382352941177
GO:0046467	membrane lipid biosynthetic process	BP	N0.HOG0000162	2	0.00695568	1	1	1	0.0882194728348575	11.3353658536585
GO:0046485	ether lipid metabolic process	BP	N0.HOG0000114	6	2.43212e-08	1	1	1	0.0118343195266272	84.5
GO:0046486	glycerolipid metabolic process	BP	N0.HOG0000114	6	2.43212e-08	1	1	1	0.28294782140936	3.53422053231939
GO:0046504	glycerol ether biosynthetic process	BP	N0.HOG0000114	6	2.43212e-08	1	1	1	0.00860677783754707	116.1875
GO:0046890	regulation of lipid biosynthetic process	BP	N0.HOG0000114	6	2.43212e-08	1	1	1	0.1463152232383	6.83455882352941
GO:0046907	intracellular transport	BP	N0.HOG0000042	3	0.00101874	1	1	1	1.3652501344809	0.732466509062254
GO:0048232	male gamete generation	BP	N0.HOG0000155	2	0.00304223	1	1	1	0.57235072619688	1.74718045112782
GO:0048259	regulation of receptor-mediated endocytosis	BP	N0.HOG0000155	2	0.00304223	1	1	1	0.0806885422270038	12.3933333333333
GO:0048468	cell development	BP	N0.HOG0000114	6	2.43212e-08	1	1	1	2.49704142011834	0.400473933649289
GO:0048513	animal organ development	BP	N0.HOG0000114	6	2.43212e-08	1	1	2	2.56589564281872	0.779454926624738
GO:0048513	animal organ development	BP	N0.HOG0000504	3	8.39423e-05	1	1	2	2.56589564281872	0.779454926624738
GO:0048518	positive regulation of biological process	BP	N0.HOG0000042	3	0.00101874	1	1	6	3.35664335664336	1.7875
GO:0048518	positive regulation of biological process	BP	N0.HOG0000108	8	0.000943866	1	1	6	3.35664335664336	1.7875
GO:0048518	positive regulation of biological process	BP	N0.HOG0000114	6	2.43212e-08	1	1	6	3.35664335664336	1.7875
GO:0048518	positive regulation of biological process	BP	N0.HOG0000155	2	0.00304223	1	1	6	3.35664335664336	1.7875
GO:0048518	positive regulation of biological process	BP	N0.HOG0000504	3	8.39423e-05	1	1	6	3.35664335664336	1.7875
GO:0048518	positive regulation of biological process	BP	N0.HOG0000814	2	0.00304223	1	1	6	3.35664335664336	1.7875
GO:0048519	negative regulation of biological process	BP	N0.HOG0000042	3	0.00101874	1	1	3	3.14685314685315	0.953333333333333
GO:0048519	negative regulation of biological process	BP	N0.HOG0000155	2	0.00304223	1	1	3	3.14685314685315	0.953333333333333
GO:0048519	negative regulation of biological process	BP	N0.HOG0000814	2	0.00304223	1	1	3	3.14685314685315	0.953333333333333
GO:0048522	positive regulation of cellular process	BP	N0.HOG0000042	3	0.00101874	1	1	6	3.2038730500269	1.87273337810611
GO:0048522	positive regulation of cellular process	BP	N0.HOG0000108	8	0.000943866	1	1	6	3.2038730500269	1.87273337810611
GO:0048522	positive regulation of cellular process	BP	N0.HOG0000114	6	2.43212e-08	1	1	6	3.2038730500269	1.87273337810611
GO:0048522	positive regulation of cellular process	BP	N0.HOG0000155	2	0.00304223	1	1	6	3.2038730500269	1.87273337810611
GO:0048522	positive regulation of cellular process	BP	N0.HOG0000504	3	8.39423e-05	1	1	6	3.2038730500269	1.87273337810611
GO:0048522	positive regulation of cellular process	BP	N0.HOG0000814	2	0.00304223	1	1	6	3.2038730500269	1.87273337810611
GO:0048523	negative regulation of cellular process	BP	N0.HOG0000042	3	0.00101874	1	1	3	3.05217859064013	0.982904476559746
GO:0048523	negative regulation of cellular process	BP	N0.HOG0000155	2	0.00304223	1	1	3	3.05217859064013	0.982904476559746
GO:0048523	negative regulation of cellular process	BP	N0.HOG0000814	2	0.00304223	1	1	3	3.05217859064013	0.982904476559746
GO:0048583	regulation of response to stimulus	BP	N0.HOG0000042	3	0.00101874	1	1	3	2.228079612695	1.34645098985997
GO:0048583	regulation of response to stimulus	BP	N0.HOG0000108	8	0.000943866	1	1	3	2.228079612695	1.34645098985997
GO:0048583	regulation of response to stimulus	BP	N0.HOG0000114	6	2.43212e-08	1	1	3	2.228079612695	1.34645098985997
GO:0048584	positive regulation of response to stimulus	BP	N0.HOG0000042	3	0.00101874	1	1	3	1.27272727272727	2.35714285714286
GO:0048584	positive regulation of response to stimulus	BP	N0.HOG0000108	8	0.000943866	1	1	3	1.27272727272727	2.35714285714286
GO:0048584	positive regulation of response to stimulus	BP	N0.HOG0000114	6	2.43212e-08	1	1	3	1.27272727272727	2.35714285714286
GO:0048609	multicellular organismal reproductive process	BP	N0.HOG0000155	2	0.00304223	1	1	1	1.59763313609467	0.625925925925926
GO:0048731	system development	BP	N0.HOG0000114	6	2.43212e-08	1	1	2	3.26304464766003	0.612924497197494
GO:0048731	system development	BP	N0.HOG0000504	3	8.39423e-05	1	1	2	3.26304464766003	0.612924497197494
GO:0048732	gland development	BP	N0.HOG0000114	6	2.43212e-08	1	1	1	0.536847767616998	1.8627254509018
GO:0048856	anatomical structure development	BP	N0.HOG0000108	8	0.000943866	1	1	3	4.18719741796665	0.716469681397739
GO:0048856	anatomical structure development	BP	N0.HOG0000114	6	2.43212e-08	1	1	3	4.18719741796665	0.716469681397739
GO:0048856	anatomical structure development	BP	N0.HOG0000504	3	8.39423e-05	1	1	3	4.18719741796665	0.716469681397739
GO:0048869	cellular developmental process	BP	N0.HOG0000114	6	2.43212e-08	1	1	1	3.01559978483055	0.331608990367463
GO:0050673	epithelial cell proliferation	BP	N0.HOG0000814	2	0.00304223	1	1	1	0.232383001613771	4.30324074074074
GO:0050776	regulation of immune response	BP	N0.HOG0000108	8	0.000943866	1	1	1	0.407746100053792	2.45250659630607
GO:0050778	positive regulation of immune response	BP	N0.HOG0000108	8	0.000943866	1	1	1	0.309844002151694	3.22743055555556
GO:0050789	regulation of biological process	BP	N0.HOG0000042	3	0.00101874	1	1	7	5.33727810650888	1.31152993348115
GO:0050789	regulation of biological process	BP	N0.HOG0000050	11	0.000801973	1	1	7	5.33727810650888	1.31152993348115
GO:0050789	regulation of biological process	BP	N0.HOG0000108	8	0.000943866	1	1	7	5.33727810650888	1.31152993348115
GO:0050789	regulation of biological process	BP	N0.HOG0000114	6	2.43212e-08	1	1	7	5.33727810650888	1.31152993348115
GO:0050789	regulation of biological process	BP	N0.HOG0000155	2	0.00304223	1	1	7	5.33727810650888	1.31152993348115
GO:0050789	regulation of biological process	BP	N0.HOG0000504	3	8.39423e-05	1	1	7	5.33727810650888	1.31152993348115
GO:0050789	regulation of biological process	BP	N0.HOG0000814	2	0.00304223	1	1	7	5.33727810650888	1.31152993348115
GO:0050790	regulation of catalytic activity	BP	N0.HOG0000042	3	0.00101874	1	1	1	1.20494889725659	0.829910714285714
GO:0050794	regulation of cellular process	BP	N0.HOG0000042	3	0.00101874	1	1	7	5.15653577192039	1.35750052159399
GO:0050794	regulation of cellular process	BP	N0.HOG0000050	11	0.000801973	1	1	7	5.15653577192039	1.35750052159399
GO:0050794	regulation of cellular process	BP	N0.HOG0000108	8	0.000943866	1	1	7	5.15653577192039	1.35750052159399
GO:0050794	regulation of cellular process	BP	N0.HOG0000114	6	2.43212e-08	1	1	7	5.15653577192039	1.35750052159399
GO:0050794	regulation of cellular process	BP	N0.HOG0000155	2	0.00304223	1	1	7	5.15653577192039	1.35750052159399
GO:0050794	regulation of cellular process	BP	N0.HOG0000504	3	8.39423e-05	1	1	7	5.15653577192039	1.35750052159399
GO:0050794	regulation of cellular process	BP	N0.HOG0000814	2	0.00304223	1	1	7	5.15653577192039	1.35750052159399
GO:0050810	regulation of steroid biosynthetic process	BP	N0.HOG0000114	6	2.43212e-08	1	1	1	0.0688542227003765	14.5234375
GO:0050877	nervous system process	BP	N0.HOG0000050	11	0.000801973	1	1	1	0.927380311995697	1.07830626450116
GO:0050896	response to stimulus	BP	N0.HOG0000042	3	0.00101874	1	1	6	4.46261430876815	1.34450337512054
GO:0050896	response to stimulus	BP	N0.HOG0000050	11	0.000801973	1	1	6	4.46261430876815	1.34450337512054
GO:0050896	response to stimulus	BP	N0.HOG0000108	8	0.000943866	1	1	6	4.46261430876815	1.34450337512054
GO:0050896	response to stimulus	BP	N0.HOG0000114	6	2.43212e-08	1	1	6	4.46261430876815	1.34450337512054
GO:0050896	response to stimulus	BP	N0.HOG0000504	3	8.39423e-05	1	1	6	4.46261430876815	1.34450337512054
GO:0050896	response to stimulus	BP	N0.HOG0000814	2	0.00304223	1	1	6	4.46261430876815	1.34450337512054
GO:0050906	detection of stimulus involved in sensory perception	BP	N0.HOG0000050	11	0.000801973	1	1	1	0.132329209252286	7.55691056910569
GO:0050907	detection of chemical stimulus involved in sensory perception	BP	N0.HOG0000050	11	0.000801973	1	1	1	0.0494889725658956	20.2065217391304
GO:0051049	regulation of transport	BP	N0.HOG0000155	2	0.00304223	1	1	1	1.06939214631522	0.935110663983903
GO:0051050	positive regulation of transport	BP	N0.HOG0000155	2	0.00304223	1	1	1	0.607853684776762	1.64513274336283
GO:0051090	regulation of DNA-binding transcription factor activity	BP	N0.HOG0000042	3	0.00101874	1	1	1	0.244217321140398	4.09471365638767
GO:0051098	regulation of binding	BP	N0.HOG0000042	3	0.00101874	1	1	1	0.291554599246907	3.42988929889299
GO:0051099	positive regulation of binding	BP	N0.HOG0000042	3	0.00101874	1	1	1	0.145239376008607	6.88518518518519
GO:0051128	regulation of cellular component organization	BP	N0.HOG0000155	2	0.00304223	1	1	2	1.89564281871974	1.05505107832009
GO:0051128	regulation of cellular component organization	BP	N0.HOG0000814	2	0.00304223	1	1	2	1.89564281871974	1.05505107832009
GO:0051129	negative regulation of cellular component organization	BP	N0.HOG0000155	2	0.00304223	1	1	2	0.622915545992469	3.21070811744387
GO:0051129	negative regulation of cellular component organization	BP	N0.HOG0000814	2	0.00304223	1	1	2	0.622915545992469	3.21070811744387
GO:0051130	positive regulation of cellular component organization	BP	N0.HOG0000155	2	0.00304223	1	1	2	0.948897256589564	2.10770975056689
GO:0051130	positive regulation of cellular component organization	BP	N0.HOG0000814	2	0.00304223	1	1	2	0.948897256589564	2.10770975056689
GO:0051179	localization	BP	N0.HOG0000042	3	0.00101874	1	1	2	3.70199031737493	0.540249927346702
GO:0051179	localization	BP	N0.HOG0000155	2	0.00304223	1	1	2	3.70199031737493	0.540249927346702
GO:0051234	establishment of localization	BP	N0.HOG0000042	3	0.00101874	1	1	2	2.91769768692846	0.68547197640118
GO:0051234	establishment of localization	BP	N0.HOG0000155	2	0.00304223	1	1	2	2.91769768692846	0.68547197640118
GO:0051246	regulation of protein metabolic process	BP	N0.HOG0000042	3	0.00101874	1	1	4	1.63098440021517	2.45250659630607
GO:0051246	regulation of protein metabolic process	BP	N0.HOG0000155	2	0.00304223	1	1	4	1.63098440021517	2.45250659630607
GO:0051246	regulation of protein metabolic process	BP	N0.HOG0000504	3	8.39423e-05	1	1	4	1.63098440021517	2.45250659630607
GO:0051246	regulation of protein metabolic process	BP	N0.HOG0000814	2	0.00304223	1	1	4	1.63098440021517	2.45250659630607
GO:0051247	positive regulation of protein metabolic process	BP	N0.HOG0000814	2	0.00304223	1	1	1	1.02850995158687	0.972280334728034
GO:0051248	negative regulation of protein metabolic process	BP	N0.HOG0000042	3	0.00101874	1	1	3	0.696073157611619	4.30989180834621
GO:0051248	negative regulation of protein metabolic process	BP	N0.HOG0000155	2	0.00304223	1	1	3	0.696073157611619	4.30989180834621
GO:0051248	negative regulation of protein metabolic process	BP	N0.HOG0000814	2	0.00304223	1	1	3	0.696073157611619	4.30989180834621
GO:0051252	regulation of RNA metabolic process	BP	N0.HOG0000042	3	0.00101874	1	1	3	2.05056481979559	1.46301154249738
GO:0051252	regulation of RNA metabolic process	BP	N0.HOG0000155	2	0.00304223	1	1	3	2.05056481979559	1.46301154249738
GO:0051252	regulation of RNA metabolic process	BP	N0.HOG0000814	2	0.00304223	1	1	3	2.05056481979559	1.46301154249738
GO:0051253	negative regulation of RNA metabolic process	BP	N0.HOG0000155	2	0.00304223	1	1	2	0.924152770306616	2.16414435389988
GO:0051253	negative regulation of RNA metabolic process	BP	N0.HOG0000814	2	0.00304223	1	1	2	0.924152770306616	2.16414435389988
GO:0051276	chromosome organization	BP	N0.HOG0000155	2	0.00304223	1	1	2	0.99515868746638	2.00972972972973
GO:0051276	chromosome organization	BP	N0.HOG0000814	2	0.00304223	1	1	2	0.99515868746638	2.00972972972973
GO:0051338	regulation of transferase activity	BP	N0.HOG0000042	3	0.00101874	1	1	1	0.57557826788596	1.73738317757009
GO:0051348	negative regulation of transferase activity	BP	N0.HOG0000042	3	0.00101874	1	1	1	0.200107584722969	4.99731182795699
GO:0051438	regulation of ubiquitin-protein transferase activity	BP	N0.HOG0000042	3	0.00101874	1	1	1	0.0537923614846692	18.59
GO:0051444	negative regulation of ubiquitin-protein transferase activity	BP	N0.HOG0000042	3	0.00101874	1	1	1	0.0172135556750941	58.09375
GO:0051603	proteolysis involved in protein catabolic process	BP	N0.HOG0000042	3	0.00101874	1	1	1	0.519634211941904	1.92443064182195
GO:0051606	detection of stimulus	BP	N0.HOG0000050	11	0.000801973	1	1	1	0.296933835395374	3.36775362318841
GO:0051641	cellular localization	BP	N0.HOG0000042	3	0.00101874	1	1	1	2.49058633674018	0.401511879049676
GO:0051649	establishment of localization in cell	BP	N0.HOG0000042	3	0.00101874	1	1	1	1.8203335126412	0.54934988179669
GO:0051668	localization within membrane	BP	N0.HOG0000042	3	0.00101874	1	1	1	0.494889725658956	2.02065217391304
GO:0051707	response to other organism	BP	N0.HOG0000108	8	0.000943866	1	1	2	0.781065088757396	2.56060606060606
GO:0051707	response to other organism	BP	N0.HOG0000504	3	8.39423e-05	1	1	2	0.781065088757396	2.56060606060606
GO:0051716	cellular response to stimulus	BP	N0.HOG0000042	3	0.00101874	1	1	3	3.57073695535234	0.840162699608316
GO:0051716	cellular response to stimulus	BP	N0.HOG0000050	11	0.000801973	1	1	3	3.57073695535234	0.840162699608316
GO:0051716	cellular response to stimulus	BP	N0.HOG0000114	6	2.43212e-08	1	1	3	3.57073695535234	0.840162699608316
GO:0055086	nucleobase-containing small molecule metabolic process	BP	N0.HOG0000114	6	2.43212e-08	1	1	1	0.56589564281872	1.7671102661597
GO:0060255	regulation of macromolecule metabolic process	BP	N0.HOG0000042	3	0.00101874	1	1	5	3.28994082840237	1.51978417266187
GO:0060255	regulation of macromolecule metabolic process	BP	N0.HOG0000108	8	0.000943866	1	1	5	3.28994082840237	1.51978417266187
GO:0060255	regulation of macromolecule metabolic process	BP	N0.HOG0000155	2	0.00304223	1	1	5	3.28994082840237	1.51978417266187
GO:0060255	regulation of macromolecule metabolic process	BP	N0.HOG0000504	3	8.39423e-05	1	1	5	3.28994082840237	1.51978417266187
GO:0060255	regulation of macromolecule metabolic process	BP	N0.HOG0000814	2	0.00304223	1	1	5	3.28994082840237	1.51978417266187
GO:0060429	epithelium development	BP	N0.HOG0000114	6	2.43212e-08	1	1	1	1.48251748251748	0.674528301886793
GO:0060627	regulation of vesicle-mediated transport	BP	N0.HOG0000155	2	0.00304223	1	1	1	0.410973641742873	2.43324607329843
GO:0061028	establishment of endothelial barrier	BP	N0.HOG0000114	6	2.43212e-08	1	1	1	0.0311995696611081	32.051724137931
GO:0061136	regulation of proteasomal protein catabolic process	BP	N0.HOG0000042	3	0.00101874	1	1	1	0.172135556750941	5.809375
GO:0061844	antimicrobial humoral immune response mediated by antimicrobial peptide	BP	N0.HOG0000108	8	0.000943866	1	1	1	0.0688542227003765	14.5234375
GO:0065003	protein-containing complex assembly	BP	N0.HOG0000042	3	0.00101874	1	1	2	1.34373318988704	1.48839071257006
GO:0065003	protein-containing complex assembly	BP	N0.HOG0000155	2	0.00304223	1	1	2	1.34373318988704	1.48839071257006
GO:0065004	protein-DNA complex assembly	BP	N0.HOG0000155	2	0.00304223	1	1	1	0.145239376008607	6.88518518518519
GO:0065007	biological regulation	BP	N0.HOG0000042	3	0.00101874	1	1	7	5.64712210866057	1.23956944179844
GO:0065007	biological regulation	BP	N0.HOG0000050	11	0.000801973	1	1	7	5.64712210866057	1.23956944179844
GO:0065007	biological regulation	BP	N0.HOG0000108	8	0.000943866	1	1	7	5.64712210866057	1.23956944179844
GO:0065007	biological regulation	BP	N0.HOG0000114	6	2.43212e-08	1	1	7	5.64712210866057	1.23956944179844
GO:0065007	biological regulation	BP	N0.HOG0000155	2	0.00304223	1	1	7	5.64712210866057	1.23956944179844
GO:0065007	biological regulation	BP	N0.HOG0000504	3	8.39423e-05	1	1	7	5.64712210866057	1.23956944179844
GO:0065007	biological regulation	BP	N0.HOG0000814	2	0.00304223	1	1	7	5.64712210866057	1.23956944179844
GO:0065008	regulation of biological quality	BP	N0.HOG0000042	3	0.00101874	1	1	3	2.58203335126412	1.161875
GO:0065008	regulation of biological quality	BP	N0.HOG0000114	6	2.43212e-08	1	1	3	2.58203335126412	1.161875
GO:0065008	regulation of biological quality	BP	N0.HOG0000814	2	0.00304223	1	1	3	2.58203335126412	1.161875
GO:0065009	regulation of molecular function	BP	N0.HOG0000042	3	0.00101874	1	1	1	1.66863905325444	0.599290780141844
GO:0070647	protein modification by small protein conjugation or removal	BP	N0.HOG0000042	3	0.00101874	1	1	1	0.63259817105971	1.58078231292517
GO:0070670	response to interleukin-4	BP	N0.HOG0000114	6	2.43212e-08	1	1	1	0.0247444862829478	40.4130434782609
GO:0070727	cellular macromolecule localization	BP	N0.HOG0000042	3	0.00101874	1	1	1	1.79128563743948	0.558258258258258
GO:0070887	cellular response to chemical stimulus	BP	N0.HOG0000114	6	2.43212e-08	1	1	1	1.59548144163529	0.626770060687795
GO:0070925	organelle assembly	BP	N0.HOG0000042	3	0.00101874	1	1	1	0.805809575040344	1.24098798397864
GO:0070972	protein localization to endoplasmic reticulum	BP	N0.HOG0000042	3	0.00101874	1	1	1	0.101129639591178	9.88829787234043
GO:0071322	cellular response to carbohydrate stimulus	BP	N0.HOG0000114	6	2.43212e-08	1	1	1	0.120494889725659	8.29910714285714
GO:0071324	cellular response to disaccharide stimulus	BP	N0.HOG0000114	6	2.43212e-08	1	1	1	0.00968262506724045	103.277777777778
GO:0071345	cellular response to cytokine stimulus	BP	N0.HOG0000114	6	2.43212e-08	1	1	1	0.431414739107047	2.31795511221945
GO:0071616	acyl-CoA biosynthetic process	BP	N0.HOG0000114	6	2.43212e-08	1	1	1	0.0387305002689618	25.8194444444445
GO:0071705	nitrogen compound transport	BP	N0.HOG0000042	3	0.00101874	1	1	1	1.34480903711673	0.7436
GO:0071824	protein-DNA complex organization	BP	N0.HOG0000155	2	0.00304223	1	1	1	0.187197417966649	5.34195402298851
GO:0071826	protein-RNA complex organization	BP	N0.HOG0000042	3	0.00101874	1	1	1	0.253899946207639	3.9385593220339
GO:0071840	cellular component organization or biogenesis	BP	N0.HOG0000042	3	0.00101874	1	1	4	4.3743948359333	0.914412198721102
GO:0071840	cellular component organization or biogenesis	BP	N0.HOG0000108	8	0.000943866	1	1	4	4.3743948359333	0.914412198721102
GO:0071840	cellular component organization or biogenesis	BP	N0.HOG0000155	2	0.00304223	1	1	4	4.3743948359333	0.914412198721102
GO:0071840	cellular component organization or biogenesis	BP	N0.HOG0000814	2	0.00304223	1	1	4	4.3743948359333	0.914412198721102
GO:0072001	renal system development	BP	N0.HOG0000504	3	8.39423e-05	1	1	1	0.280796126949973	3.56130268199234
GO:0072330	monocarboxylic acid biosynthetic process	BP	N0.HOG0000114	6	2.43212e-08	1	1	2	0.130177514792899	15.3636363636364
GO:0072330	monocarboxylic acid biosynthetic process	BP	N0.HOG0000162	2	0.00695568	1	1	2	0.130177514792899	15.3636363636364
GO:0072331	signal transduction by p53 class mediator	BP	N0.HOG0000042	3	0.00101874	1	1	1	0.181818181818182	5.5
GO:0072332	intrinsic apoptotic signaling pathway by p53 class mediator	BP	N0.HOG0000042	3	0.00101874	1	1	1	0.0570199031737493	17.5377358490566
GO:0072521	purine-containing compound metabolic process	BP	N0.HOG0000114	6	2.43212e-08	1	1	1	0.461538461538462	2.16666666666667
GO:0072522	purine-containing compound biosynthetic process	BP	N0.HOG0000114	6	2.43212e-08	1	1	1	0.200107584722969	4.99731182795699
GO:0072594	establishment of protein localization to organelle	BP	N0.HOG0000042	3	0.00101874	1	1	1	0.4228079612695	2.36513994910941
GO:0072599	establishment of protein localization to endoplasmic reticulum	BP	N0.HOG0000042	3	0.00101874	1	1	1	0.0871436256051641	11.4753086419753
GO:0072657	protein localization to membrane	BP	N0.HOG0000042	3	0.00101874	1	1	1	0.414201183431953	2.41428571428571
GO:0080090	regulation of primary metabolic process	BP	N0.HOG0000042	3	0.00101874	1	1	5	3.14362560516407	1.59052019164956
GO:0080090	regulation of primary metabolic process	BP	N0.HOG0000114	6	2.43212e-08	1	1	5	3.14362560516407	1.59052019164956
GO:0080090	regulation of primary metabolic process	BP	N0.HOG0000155	2	0.00304223	1	1	5	3.14362560516407	1.59052019164956
GO:0080090	regulation of primary metabolic process	BP	N0.HOG0000504	3	8.39423e-05	1	1	5	3.14362560516407	1.59052019164956
GO:0080090	regulation of primary metabolic process	BP	N0.HOG0000814	2	0.00304223	1	1	5	3.14362560516407	1.59052019164956
GO:0080134	regulation of response to stress	BP	N0.HOG0000108	8	0.000943866	1	1	1	0.828402366863905	1.20714285714286
GO:0090150	establishment of protein localization to membrane	BP	N0.HOG0000042	3	0.00101874	1	1	1	0.217321140398063	4.60148514851485
GO:0090181	regulation of cholesterol metabolic process	BP	N0.HOG0000114	6	2.43212e-08	1	1	1	0.041958041958042	23.8333333333333
GO:0090304	nucleic acid metabolic process	BP	N0.HOG0000042	3	0.00101874	1	1	3	2.97364174287251	1.00886396526773
GO:0090304	nucleic acid metabolic process	BP	N0.HOG0000155	2	0.00304223	1	1	3	2.97364174287251	1.00886396526773
GO:0090304	nucleic acid metabolic process	BP	N0.HOG0000814	2	0.00304223	1	1	3	2.97364174287251	1.00886396526773
GO:0090311	regulation of protein deacetylation	BP	N0.HOG0000814	2	0.00304223	1	1	1	0.0387305002689618	25.8194444444445
GO:0090407	organophosphate biosynthetic process	BP	N0.HOG0000114	6	2.43212e-08	1	1	1	0.470145239376009	2.12700228832952
GO:0097089	methyl-branched fatty acid metabolic process	BP	N0.HOG0000114	6	2.43212e-08	1	1	1	0.00430338891877353	232.375
GO:0097190	apoptotic signaling pathway	BP	N0.HOG0000042	3	0.00101874	1	1	1	0.381925766541151	2.61830985915493
GO:0097193	intrinsic apoptotic signaling pathway	BP	N0.HOG0000042	3	0.00101874	1	1	1	0.21947283485745	4.55637254901961
GO:0098542	defense response to other organism	BP	N0.HOG0000108	8	0.000943866	1	1	1	0.63582571274879	1.57275803722504
GO:0098657	import into cell	BP	N0.HOG0000155	2	0.00304223	1	1	1	0.545454545454545	1.83333333333333
GO:0098732	macromolecule deacylation	BP	N0.HOG0000814	2	0.00304223	1	1	1	0.0806885422270038	12.3933333333333
GO:0106118	regulation of sterol biosynthetic process	BP	N0.HOG0000114	6	2.43212e-08	1	1	1	0.036578805809575	27.3382352941177
GO:0120251	hydrocarbon biosynthetic process	BP	N0.HOG0000114	6	2.43212e-08	1	1	1	0.00968262506724045	103.277777777778
GO:0120252	hydrocarbon metabolic process	BP	N0.HOG0000114	6	2.43212e-08	1	1	1	0.0150618612157074	66.3928571428572
GO:0120254	olefinic compound metabolic process	BP	N0.HOG0000814	2	0.00304223	1	1	1	0.0355029585798817	28.1666666666667
GO:0140546	defense response to symbiont	BP	N0.HOG0000108	8	0.000943866	1	1	1	0.442173211403981	2.26155717761557
GO:0140694	membraneless organelle assembly	BP	N0.HOG0000042	3	0.00101874	1	1	1	0.398063474986552	2.51216216216216
GO:0141187	nucleic acid biosynthetic process	BP	N0.HOG0000042	3	0.00101874	1	1	3	2.57772996234535	1.16381469115192
GO:0141187	nucleic acid biosynthetic process	BP	N0.HOG0000155	2	0.00304223	1	1	3	2.57772996234535	1.16381469115192
GO:0141187	nucleic acid biosynthetic process	BP	N0.HOG0000814	2	0.00304223	1	1	3	2.57772996234535	1.16381469115192
GO:0141188	nucleic acid catabolic process	BP	N0.HOG0000042	3	0.00101874	1	1	1	0.320602474448628	3.11912751677852
GO:0170033	L-amino acid metabolic process	BP	N0.HOG0000504	3	8.39423e-05	1	1	1	0.144163528778913	6.9365671641791
GO:0170039	proteinogenic amino acid metabolic process	BP	N0.HOG0000504	3	8.39423e-05	1	1	1	0.1463152232383	6.83455882352941
GO:0170041	non-proteinogenic amino acid metabolic process	BP	N0.HOG0000504	3	8.39423e-05	1	1	1	0.0559440559440559	17.875
GO:1900424	regulation of defense response to bacterium	BP	N0.HOG0000108	8	0.000943866	1	1	1	0.0527165142549758	18.969387755102
GO:1900426	positive regulation of defense response to bacterium	BP	N0.HOG0000108	8	0.000943866	1	1	1	0.0311995696611081	32.051724137931
GO:1901135	carbohydrate derivative metabolic process	BP	N0.HOG0000114	6	2.43212e-08	1	1	1	0.835933297471759	1.1962676962677
GO:1901137	carbohydrate derivative biosynthetic process	BP	N0.HOG0000114	6	2.43212e-08	1	1	1	0.476600322754169	2.09819413092551
GO:1901293	nucleoside phosphate biosynthetic process	BP	N0.HOG0000114	6	2.43212e-08	1	1	1	0.254975793437332	3.92194092827004
GO:1901503	ether biosynthetic process	BP	N0.HOG0000114	6	2.43212e-08	1	1	1	0.00860677783754707	116.1875
GO:1901568	fatty acid derivative metabolic process	BP	N0.HOG0000114	6	2.43212e-08	1	1	1	0.0774610005379236	12.9097222222222
GO:1901570	fatty acid derivative biosynthetic process	BP	N0.HOG0000114	6	2.43212e-08	1	1	1	0.050564819795589	19.7765957446809
GO:1901605	alpha-amino acid metabolic process	BP	N0.HOG0000504	3	8.39423e-05	1	1	1	0.165680473372781	6.03571428571429
GO:1901652	response to peptide	BP	N0.HOG0000114	6	2.43212e-08	1	1	1	0.72189349112426	1.38524590163934
GO:1901700	response to oxygen-containing compound	BP	N0.HOG0000114	6	2.43212e-08	1	1	1	1.15976331360947	0.862244897959184
GO:1901701	cellular response to oxygen-containing compound	BP	N0.HOG0000114	6	2.43212e-08	1	1	1	0.740182894029048	1.35101744186047
GO:1901796	regulation of signal transduction by p53 class mediator	BP	N0.HOG0000042	3	0.00101874	1	1	1	0.115115653577192	8.68691588785047
GO:1901798	positive regulation of signal transduction by p53 class mediator	BP	N0.HOG0000042	3	0.00101874	1	1	1	0.027972027972028	35.75
GO:1901799	negative regulation of proteasomal protein catabolic process	BP	N0.HOG0000042	3	0.00101874	1	1	1	0.0462614308768155	21.6162790697674
GO:1901873	regulation of post-translational protein modification	BP	N0.HOG0000042	3	0.00101874	1	1	1	0.195804195804196	5.10714285714286
GO:1901874	negative regulation of post-translational protein modification	BP	N0.HOG0000042	3	0.00101874	1	1	1	0.0688542227003765	14.5234375
GO:1901983	regulation of protein acetylation	BP	N0.HOG0000814	2	0.00304223	1	1	1	0.0753093060785368	13.2785714285714
GO:1901984	negative regulation of protein acetylation	BP	N0.HOG0000814	2	0.00304223	1	1	1	0.0290478752017214	34.4259259259259
GO:1902253	regulation of intrinsic apoptotic signaling pathway by p53 class mediator	BP	N0.HOG0000042	3	0.00101874	1	1	1	0.0268961807423346	37.18
GO:1902275	regulation of chromatin organization	BP	N0.HOG0000155	2	0.00304223	1	1	2	0.229155459924691	8.72769953051643
GO:1902275	regulation of chromatin organization	BP	N0.HOG0000814	2	0.00304223	1	1	2	0.229155459924691	8.72769953051643
GO:1902531	regulation of intracellular signal transduction	BP	N0.HOG0000042	3	0.00101874	1	1	1	1.09951586874664	0.909491193737769
GO:1902533	positive regulation of intracellular signal transduction	BP	N0.HOG0000042	3	0.00101874	1	1	1	0.57880580957504	1.72769516728625
GO:1902652	secondary alcohol metabolic process	BP	N0.HOG0000114	6	2.43212e-08	1	1	1	0.101129639591178	9.88829787234043
GO:1902653	secondary alcohol biosynthetic process	BP	N0.HOG0000114	6	2.43212e-08	1	1	1	0.0677783754706832	14.7539682539683
GO:1902679	negative regulation of RNA biosynthetic process	BP	N0.HOG0000155	2	0.00304223	1	1	2	0.854222700376547	2.34130982367758
GO:1902679	negative regulation of RNA biosynthetic process	BP	N0.HOG0000814	2	0.00304223	1	1	2	0.854222700376547	2.34130982367758
GO:1902930	regulation of alcohol biosynthetic process	BP	N0.HOG0000114	6	2.43212e-08	1	1	1	0.0494889725658956	20.2065217391304
GO:1903050	regulation of proteolysis involved in protein catabolic process	BP	N0.HOG0000042	3	0.00101874	1	1	1	0.197955890263583	5.05163043478261
GO:1903051	negative regulation of proteolysis involved in protein catabolic process	BP	N0.HOG0000042	3	0.00101874	1	1	1	0.0613232920925229	16.3070175438597
GO:1903131	mononuclear cell differentiation	BP	N0.HOG0000114	6	2.43212e-08	1	1	1	0.191500806885422	5.22191011235955
GO:1903320	regulation of protein modification by small protein conjugation or removal	BP	N0.HOG0000042	3	0.00101874	1	1	1	0.192576654115116	5.1927374301676
GO:1903321	negative regulation of protein modification by small protein conjugation or removal	BP	N0.HOG0000042	3	0.00101874	1	1	1	0.0667025282409898	14.991935483871
GO:1904666	regulation of ubiquitin protein ligase activity	BP	N0.HOG0000042	3	0.00101874	1	1	1	0.0258203335126412	38.7291666666667
GO:2000058	regulation of ubiquitin-dependent protein catabolic process	BP	N0.HOG0000042	3	0.00101874	1	1	1	0.155997848305541	6.41034482758621
GO:2000059	negative regulation of ubiquitin-dependent protein catabolic process	BP	N0.HOG0000042	3	0.00101874	1	1	1	0.0484131253362023	20.6555555555556
GO:2000434	regulation of protein neddylation	BP	N0.HOG0000042	3	0.00101874	1	1	1	0.00968262506724045	103.277777777778
GO:2000756	regulation of peptidyl-lysine acetylation	BP	N0.HOG0000814	2	0.00304223	1	1	1	0.064550833781603	15.4916666666667
GO:2001141	regulation of RNA biosynthetic process	BP	N0.HOG0000042	3	0.00101874	1	1	3	1.85153308230231	1.62027890761185
GO:2001141	regulation of RNA biosynthetic process	BP	N0.HOG0000155	2	0.00304223	1	1	3	1.85153308230231	1.62027890761185
GO:2001141	regulation of RNA biosynthetic process	BP	N0.HOG0000814	2	0.00304223	1	1	3	1.85153308230231	1.62027890761185
GO:2001233	regulation of apoptotic signaling pathway	BP	N0.HOG0000042	3	0.00101874	1	1	1	0.258203335126412	3.87291666666667
GO:2001235	positive regulation of apoptotic signaling pathway	BP	N0.HOG0000042	3	0.00101874	1	1	1	0.114039806347499	8.7688679245283
GO:2001242	regulation of intrinsic apoptotic signaling pathway	BP	N0.HOG0000042	3	0.00101874	1	1	1	0.112963959117805	8.85238095238095
GO:2001244	positive regulation of intrinsic apoptotic signaling pathway	BP	N0.HOG0000042	3	0.00101874	1	1	1	0.0462614308768155	21.6162790697674
GO:2001252	positive regulation of chromosome organization	BP	N0.HOG0000814	2	0.00304223	1	1	1	0.199031737493276	5.02432432432433
GO:0097209	epidermal lamellar body	CC	N0.HOG0000108	8	0.000943866	0.0034	0.0034	1	0.00322754168908015	309.833333333333
GO:0042587	glycogen granule	CC	N0.HOG0000114	6	2.43212e-08	0.0091	0.0091	1	0.00860677783754707	116.1875
GO:0000786	nucleosome	CC	N0.HOG0000155	2	0.00304223	0.0137	0.0137	1	0.0129101667563206	77.4583333333333
GO:0098556	cytoplasmic side of rough endoplasmic reticulum membrane	CC	N0.HOG0000042	3	0.00101874	0.0193	0.0193	1	0.0182894029047875	54.6764705882353
GO:0032590	dendrite membrane	CC	N0.HOG0000050	11	0.000801973	0.0461	0.0461	1	0.0441097364174287	22.6707317073171
GO:0031430	M band	CC	N0.HOG0000042	3	0.00101874	0.0527	0.0527	1	0.050564819795589	19.7765957446809
GO:0000791	euchromatin	CC	N0.HOG0000155	2	0.00304223	0.057	0.057	1	0.0548682087143626	18.2254901960784
GO:0031982	vesicle	CC	N0.HOG0000108	8	0.000943866	0.0612	0.0612	2	1.21570736955352	1.64513274336283
GO:0031982	vesicle	CC	N0.HOG0000155	2	0.00304223	0.0612	0.0612	2	1.21570736955352	1.64513274336283
GO:0005811	lipid droplet	CC	N0.HOG0000814	2	0.00304223	0.0635	0.0635	1	0.0613232920925229	16.3070175438597
GO:0005789	endoplasmic reticulum membrane	CC	N0.HOG0000042	3	0.00101874	0.0661	0.0661	3	0.49919311457773	6.00969827586207
GO:0005789	endoplasmic reticulum membrane	CC	N0.HOG0000162	2	0.00695568	0.0661	0.0661	3	0.49919311457773	6.00969827586207
GO:0005789	endoplasmic reticulum membrane	CC	N0.HOG0000814	2	0.00304223	0.0661	0.0661	3	0.49919311457773	6.00969827586207
GO:0022625	cytosolic large ribosomal subunit	CC	N0.HOG0000042	3	0.00101874	0.0689	0.0689	1	0.0667025282409898	14.991935483871
GO:0017053	transcription repressor complex	CC	N0.HOG0000814	2	0.00304223	0.0732	0.0732	1	0.0710059171597633	14.0833333333333
GO:0030018	Z disc	CC	N0.HOG0000042	3	0.00101874	0.0987	0.0987	1	0.0968262506724045	10.3277777777778
GO:0009986	cell surface	CC	N0.HOG0000155	2	0.00304223	0.2407	0.2407	1	0.253899946207639	3.9385593220339
GO:0000228	nuclear chromosome	CC	N0.HOG0000155	2	0.00304223	0.3766	0.3766	1	0.430338891877353	2.32375
GO:0005615	extracellular space	CC	N0.HOG0000108	8	0.000943866	0.4033	0.4033	1	0.469069392146315	2.13188073394495
GO:0048471	perinuclear region of cytoplasm	CC	N0.HOG0000504	3	8.39423e-05	0.4263	0.4263	1	0.503496503496503	1.98611111111111
GO:0005730	nucleolus	CC	N0.HOG0000042	3	0.00101874	0.5393	0.5393	1	0.692845615922539	1.44332298136646
GO:0005794	Golgi apparatus	CC	N0.HOG0000114	6	2.43212e-08	0.597	0.597	1	0.805809575040344	1.24098798397864
GO:0005886	plasma membrane	CC	N0.HOG0000050	11	0.000801973	0.781	0.781	2	1.98924152770307	1.00540832882639
GO:0005886	plasma membrane	CC	N0.HOG0000114	6	2.43212e-08	0.781	0.781	2	1.98924152770307	1.00540832882639
GO:0005829	cytosol	CC	N0.HOG0000042	3	0.00101874	0.7995	0.7995	3	2.84991931145777	1.05266138165345
GO:0005829	cytosol	CC	N0.HOG0000114	6	2.43212e-08	0.7995	0.7995	3	2.84991931145777	1.05266138165345
GO:0005829	cytosol	CC	N0.HOG0000504	3	8.39423e-05	0.7995	0.7995	3	2.84991931145777	1.05266138165345
GO:0005634	nucleus	CC	N0.HOG0000042	3	0.00101874	0.8052	0.8052	3	3.79020979020979	0.791512915129151
GO:0005634	nucleus	CC	N0.HOG0000155	2	0.00304223	0.8052	0.8052	3	3.79020979020979	0.791512915129151
GO:0005634	nucleus	CC	N0.HOG0000814	2	0.00304223	0.8052	0.8052	3	3.79020979020979	0.791512915129151
GO:0005654	nucleoplasm	CC	N0.HOG0000042	3	0.00101874	0.9463	0.9463	1	2.29693383539537	0.43536299765808
GO:0000785	chromatin	CC	N0.HOG0000155	2	0.00304223	1	1	1	0.50887573964497	1.96511627906977
GO:0005575	cellular_component	CC	N0.HOG0000042	3	0.00101874	1	1	8	7.50726196880043	1.06563485239324
GO:0005575	cellular_component	CC	N0.HOG0000050	11	0.000801973	1	1	8	7.50726196880043	1.06563485239324
GO:0005575	cellular_component	CC	N0.HOG0000108	8	0.000943866	1	1	8	7.50726196880043	1.06563485239324
GO:0005575	cellular_component	CC	N0.HOG0000114	6	2.43212e-08	1	1	8	7.50726196880043	1.06563485239324
GO:0005575	cellular_component	CC	N0.HOG0000155	2	0.00304223	1	1	8	7.50726196880043	1.06563485239324
GO:0005575	cellular_component	CC	N0.HOG0000162	2	0.00695568	1	1	8	7.50726196880043	1.06563485239324
GO:0005575	cellular_component	CC	N0.HOG0000504	3	8.39423e-05	1	1	8	7.50726196880043	1.06563485239324
GO:0005575	cellular_component	CC	N0.HOG0000814	2	0.00304223	1	1	8	7.50726196880043	1.06563485239324
GO:0005576	extracellular region	CC	N0.HOG0000108	8	0.000943866	1	1	1	0.889725658956428	1.12394195888755
GO:0005622	intracellular anatomical structure	CC	N0.HOG0000042	3	0.00101874	1	1	7	6.75416890801506	1.03639694170118
GO:0005622	intracellular anatomical structure	CC	N0.HOG0000108	8	0.000943866	1	1	7	6.75416890801506	1.03639694170118
GO:0005622	intracellular anatomical structure	CC	N0.HOG0000114	6	2.43212e-08	1	1	7	6.75416890801506	1.03639694170118
GO:0005622	intracellular anatomical structure	CC	N0.HOG0000155	2	0.00304223	1	1	7	6.75416890801506	1.03639694170118
GO:0005622	intracellular anatomical structure	CC	N0.HOG0000162	2	0.00695568	1	1	7	6.75416890801506	1.03639694170118
GO:0005622	intracellular anatomical structure	CC	N0.HOG0000504	3	8.39423e-05	1	1	7	6.75416890801506	1.03639694170118
GO:0005622	intracellular anatomical structure	CC	N0.HOG0000814	2	0.00304223	1	1	7	6.75416890801506	1.03639694170118
GO:0005667	transcription regulator complex	CC	N0.HOG0000814	2	0.00304223	1	1	1	0.321678321678322	3.10869565217391
GO:0005694	chromosome	CC	N0.HOG0000155	2	0.00304223	1	1	1	0.872512103281334	1.14611590628853
GO:0005737	cytoplasm	CC	N0.HOG0000042	3	0.00101874	1	1	6	5.65357719203873	1.06127497621313
GO:0005737	cytoplasm	CC	N0.HOG0000108	8	0.000943866	1	1	6	5.65357719203873	1.06127497621313
GO:0005737	cytoplasm	CC	N0.HOG0000114	6	2.43212e-08	1	1	6	5.65357719203873	1.06127497621313
GO:0005737	cytoplasm	CC	N0.HOG0000162	2	0.00695568	1	1	6	5.65357719203873	1.06127497621313
GO:0005737	cytoplasm	CC	N0.HOG0000504	3	8.39423e-05	1	1	6	5.65357719203873	1.06127497621313
GO:0005737	cytoplasm	CC	N0.HOG0000814	2	0.00304223	1	1	6	5.65357719203873	1.06127497621313
GO:0005783	endoplasmic reticulum	CC	N0.HOG0000042	3	0.00101874	1	1	3	0.981172673480366	3.05756578947368
GO:0005783	endoplasmic reticulum	CC	N0.HOG0000162	2	0.00695568	1	1	3	0.981172673480366	3.05756578947368
GO:0005783	endoplasmic reticulum	CC	N0.HOG0000814	2	0.00304223	1	1	3	0.981172673480366	3.05756578947368
GO:0005791	rough endoplasmic reticulum	CC	N0.HOG0000042	3	0.00101874	1	1	1	0.0828402366863905	12.0714285714286
GO:0005840	ribosome	CC	N0.HOG0000042	3	0.00101874	1	1	1	0.218396987627757	4.57881773399015
GO:0012505	endomembrane system	CC	N0.HOG0000042	3	0.00101874	1	1	5	2.27864443249059	2.19428706326723
GO:0012505	endomembrane system	CC	N0.HOG0000108	8	0.000943866	1	1	5	2.27864443249059	2.19428706326723
GO:0012505	endomembrane system	CC	N0.HOG0000114	6	2.43212e-08	1	1	5	2.27864443249059	2.19428706326723
GO:0012505	endomembrane system	CC	N0.HOG0000162	2	0.00695568	1	1	5	2.27864443249059	2.19428706326723
GO:0012505	endomembrane system	CC	N0.HOG0000814	2	0.00304223	1	1	5	2.27864443249059	2.19428706326723
GO:0015934	large ribosomal subunit	CC	N0.HOG0000042	3	0.00101874	1	1	1	0.122646584185046	8.15350877192983
GO:0016020	membrane	CC	N0.HOG0000042	3	0.00101874	1	1	5	3.3652501344809	1.485773657289
GO:0016020	membrane	CC	N0.HOG0000050	11	0.000801973	1	1	5	3.3652501344809	1.485773657289
GO:0016020	membrane	CC	N0.HOG0000114	6	2.43212e-08	1	1	5	3.3652501344809	1.485773657289
GO:0016020	membrane	CC	N0.HOG0000162	2	0.00695568	1	1	5	3.3652501344809	1.485773657289
GO:0016020	membrane	CC	N0.HOG0000814	2	0.00304223	1	1	5	3.3652501344809	1.485773657289
GO:0022626	cytosolic ribosome	CC	N0.HOG0000042	3	0.00101874	1	1	1	0.109736417428725	9.11274509803922
GO:0030016	myofibril	CC	N0.HOG0000042	3	0.00101874	1	1	1	0.175363098440022	5.70245398773006
GO:0030017	sarcomere	CC	N0.HOG0000042	3	0.00101874	1	1	1	0.158149542764927	6.32312925170068
GO:0030141	secretory granule	CC	N0.HOG0000108	8	0.000943866	1	1	1	0.404518558364712	2.47207446808511
GO:0030425	dendrite	CC	N0.HOG0000050	11	0.000801973	1	1	1	0.491662183969876	2.03391684901532
GO:0030867	rough endoplasmic reticulum membrane	CC	N0.HOG0000042	3	0.00101874	1	1	1	0.0268961807423346	37.18
GO:0031090	organelle membrane	CC	N0.HOG0000042	3	0.00101874	1	1	3	1.75470683162991	1.70968730839976
GO:0031090	organelle membrane	CC	N0.HOG0000162	2	0.00695568	1	1	3	1.75470683162991	1.70968730839976
GO:0031090	organelle membrane	CC	N0.HOG0000814	2	0.00304223	1	1	3	1.75470683162991	1.70968730839976
GO:0031252	cell leading edge	CC	N0.HOG0000050	11	0.000801973	1	1	1	0.274341043571813	3.64509803921569
GO:0031253	cell projection membrane	CC	N0.HOG0000050	11	0.000801973	1	1	1	0.215169445938677	4.6475
GO:0031256	leading edge membrane	CC	N0.HOG0000050	11	0.000801973	1	1	1	0.120494889725659	8.29910714285714
GO:0031410	cytoplasmic vesicle	CC	N0.HOG0000108	8	0.000943866	1	1	1	1.15653577192039	0.864651162790698
GO:0031672	A band	CC	N0.HOG0000042	3	0.00101874	1	1	1	0.0720817643894567	13.8731343283582
GO:0031674	I band	CC	N0.HOG0000042	3	0.00101874	1	1	1	0.102205486820871	9.78421052631579
GO:0031974	membrane-enclosed lumen	CC	N0.HOG0000042	3	0.00101874	1	1	2	3.20710059171598	0.623616236162362
GO:0031974	membrane-enclosed lumen	CC	N0.HOG0000155	2	0.00304223	1	1	2	3.20710059171598	0.623616236162362
GO:0031981	nuclear lumen	CC	N0.HOG0000042	3	0.00101874	1	1	2	2.62614308768155	0.761573125768128
GO:0031981	nuclear lumen	CC	N0.HOG0000155	2	0.00304223	1	1	2	2.62614308768155	0.761573125768128
GO:0031984	organelle subcompartment	CC	N0.HOG0000042	3	0.00101874	1	1	3	0.829478214093599	3.61673151750973
GO:0031984	organelle subcompartment	CC	N0.HOG0000162	2	0.00695568	1	1	3	0.829478214093599	3.61673151750973
GO:0031984	organelle subcompartment	CC	N0.HOG0000814	2	0.00304223	1	1	3	0.829478214093599	3.61673151750973
GO:0032589	neuron projection membrane	CC	N0.HOG0000050	11	0.000801973	1	1	1	0.0699300699300699	14.3
GO:0032991	protein-containing complex	CC	N0.HOG0000042	3	0.00101874	1	1	3	3.3501882732652	0.895472061657033
GO:0032991	protein-containing complex	CC	N0.HOG0000155	2	0.00304223	1	1	3	3.3501882732652	0.895472061657033
GO:0032991	protein-containing complex	CC	N0.HOG0000814	2	0.00304223	1	1	3	3.3501882732652	0.895472061657033
GO:0032993	protein-DNA complex	CC	N0.HOG0000155	2	0.00304223	1	1	1	0.0720817643894567	13.8731343283582
GO:0036477	somatodendritic compartment	CC	N0.HOG0000050	11	0.000801973	1	1	1	0.735879505110274	1.35891812865497
GO:0042175	nuclear outer membrane-endoplasmic reticulum membrane network	CC	N0.HOG0000042	3	0.00101874	1	1	3	0.521785906401291	5.74948453608248
GO:0042175	nuclear outer membrane-endoplasmic reticulum membrane network	CC	N0.HOG0000162	2	0.00695568	1	1	3	0.521785906401291	5.74948453608248
GO:0042175	nuclear outer membrane-endoplasmic reticulum membrane network	CC	N0.HOG0000814	2	0.00304223	1	1	3	0.521785906401291	5.74948453608248
GO:0042599	lamellar body	CC	N0.HOG0000108	8	0.000943866	1	1	1	0.0107584722969338	92.95
GO:0042995	cell projection	CC	N0.HOG0000050	11	0.000801973	1	1	1	1.382463690156	0.723346303501946
GO:0043005	neuron projection	CC	N0.HOG0000050	11	0.000801973	1	1	1	0.974717590102205	1.02593818984547
GO:0043226	organelle	CC	N0.HOG0000042	3	0.00101874	1	1	6	6.19042495965573	0.969238790406674
GO:0043226	organelle	CC	N0.HOG0000108	8	0.000943866	1	1	6	6.19042495965573	0.969238790406674
GO:0043226	organelle	CC	N0.HOG0000114	6	2.43212e-08	1	1	6	6.19042495965573	0.969238790406674
GO:0043226	organelle	CC	N0.HOG0000155	2	0.00304223	1	1	6	6.19042495965573	0.969238790406674
GO:0043226	organelle	CC	N0.HOG0000162	2	0.00695568	1	1	6	6.19042495965573	0.969238790406674
GO:0043226	organelle	CC	N0.HOG0000814	2	0.00304223	1	1	6	6.19042495965573	0.969238790406674
GO:0043227	membrane-bounded organelle	CC	N0.HOG0000042	3	0.00101874	1	1	6	5.89671866594944	1.01751505199781
GO:0043227	membrane-bounded organelle	CC	N0.HOG0000108	8	0.000943866	1	1	6	5.89671866594944	1.01751505199781
GO:0043227	membrane-bounded organelle	CC	N0.HOG0000114	6	2.43212e-08	1	1	6	5.89671866594944	1.01751505199781
GO:0043227	membrane-bounded organelle	CC	N0.HOG0000155	2	0.00304223	1	1	6	5.89671866594944	1.01751505199781
GO:0043227	membrane-bounded organelle	CC	N0.HOG0000162	2	0.00695568	1	1	6	5.89671866594944	1.01751505199781
GO:0043227	membrane-bounded organelle	CC	N0.HOG0000814	2	0.00304223	1	1	6	5.89671866594944	1.01751505199781
GO:0043228	membraneless organelle	CC	N0.HOG0000042	3	0.00101874	1	1	3	2.60785368477676	1.15037128712871
GO:0043228	membraneless organelle	CC	N0.HOG0000155	2	0.00304223	1	1	3	2.60785368477676	1.15037128712871
GO:0043228	membraneless organelle	CC	N0.HOG0000814	2	0.00304223	1	1	3	2.60785368477676	1.15037128712871
GO:0043229	intracellular organelle	CC	N0.HOG0000042	3	0.00101874	1	1	6	6.11188811188811	0.981693363844394
GO:0043229	intracellular organelle	CC	N0.HOG0000108	8	0.000943866	1	1	6	6.11188811188811	0.981693363844394
GO:0043229	intracellular organelle	CC	N0.HOG0000114	6	2.43212e-08	1	1	6	6.11188811188811	0.981693363844394
GO:0043229	intracellular organelle	CC	N0.HOG0000155	2	0.00304223	1	1	6	6.11188811188811	0.981693363844394
GO:0043229	intracellular organelle	CC	N0.HOG0000162	2	0.00695568	1	1	6	6.11188811188811	0.981693363844394
GO:0043229	intracellular organelle	CC	N0.HOG0000814	2	0.00304223	1	1	6	6.11188811188811	0.981693363844394
GO:0043231	intracellular membrane-bounded organelle	CC	N0.HOG0000042	3	0.00101874	1	1	6	5.71705217859064	1.04949190816711
GO:0043231	intracellular membrane-bounded organelle	CC	N0.HOG0000108	8	0.000943866	1	1	6	5.71705217859064	1.04949190816711
GO:0043231	intracellular membrane-bounded organelle	CC	N0.HOG0000114	6	2.43212e-08	1	1	6	5.71705217859064	1.04949190816711
GO:0043231	intracellular membrane-bounded organelle	CC	N0.HOG0000155	2	0.00304223	1	1	6	5.71705217859064	1.04949190816711
GO:0043231	intracellular membrane-bounded organelle	CC	N0.HOG0000162	2	0.00695568	1	1	6	5.71705217859064	1.04949190816711
GO:0043231	intracellular membrane-bounded organelle	CC	N0.HOG0000814	2	0.00304223	1	1	6	5.71705217859064	1.04949190816711
GO:0043232	intracellular membraneless organelle	CC	N0.HOG0000042	3	0.00101874	1	1	3	2.60785368477676	1.15037128712871
GO:0043232	intracellular membraneless organelle	CC	N0.HOG0000155	2	0.00304223	1	1	3	2.60785368477676	1.15037128712871
GO:0043232	intracellular membraneless organelle	CC	N0.HOG0000814	2	0.00304223	1	1	3	2.60785368477676	1.15037128712871
GO:0043233	organelle lumen	CC	N0.HOG0000042	3	0.00101874	1	1	2	3.20710059171598	0.623616236162362
GO:0043233	organelle lumen	CC	N0.HOG0000155	2	0.00304223	1	1	2	3.20710059171598	0.623616236162362
GO:0043292	contractile muscle fiber	CC	N0.HOG0000042	3	0.00101874	1	1	1	0.197955890263583	5.05163043478261
GO:0044391	ribosomal subunit	CC	N0.HOG0000042	3	0.00101874	1	1	1	0.189349112426036	5.28125
GO:0070013	intracellular organelle lumen	CC	N0.HOG0000042	3	0.00101874	1	1	2	3.20602474448628	0.623825503355705
GO:0070013	intracellular organelle lumen	CC	N0.HOG0000155	2	0.00304223	1	1	2	3.20602474448628	0.623825503355705
GO:0071944	cell periphery	CC	N0.HOG0000050	11	0.000801973	1	1	2	2.1958041958042	0.910828025477707
GO:0071944	cell periphery	CC	N0.HOG0000114	6	2.43212e-08	1	1	2	2.1958041958042	0.910828025477707
GO:0097447	dendritic tree	CC	N0.HOG0000050	11	0.000801973	1	1	1	0.49273803119957	2.02947598253275
GO:0097708	intracellular vesicle	CC	N0.HOG0000108	8	0.000943866	1	1	1	1.15868746637977	0.863045496750232
GO:0098552	side of membrane	CC	N0.HOG0000042	3	0.00101874	1	1	1	0.21947283485745	4.55637254901961
GO:0098554	cytoplasmic side of endoplasmic reticulum membrane	CC	N0.HOG0000042	3	0.00101874	1	1	1	0.0247444862829478	40.4130434782609
GO:0098562	cytoplasmic side of membrane	CC	N0.HOG0000042	3	0.00101874	1	1	1	0.145239376008607	6.88518518518519
GO:0098588	bounding membrane of organelle	CC	N0.HOG0000042	3	0.00101874	1	1	1	0.942442173211404	1.06107305936073
GO:0098590	plasma membrane region	CC	N0.HOG0000050	11	0.000801973	1	1	1	0.650887573964497	1.53636363636364
GO:0098827	endoplasmic reticulum subcompartment	CC	N0.HOG0000042	3	0.00101874	1	1	3	0.513179128563744	5.84591194968554
GO:0098827	endoplasmic reticulum subcompartment	CC	N0.HOG0000162	2	0.00695568	1	1	3	0.513179128563744	5.84591194968554
GO:0098827	endoplasmic reticulum subcompartment	CC	N0.HOG0000814	2	0.00304223	1	1	3	0.513179128563744	5.84591194968554
GO:0099080	supramolecular complex	CC	N0.HOG0000042	3	0.00101874	1	1	1	0.643356643356643	1.55434782608696
GO:0099081	supramolecular polymer	CC	N0.HOG0000042	3	0.00101874	1	1	1	0.415277030661646	2.4080310880829
GO:0099503	secretory vesicle	CC	N0.HOG0000108	8	0.000943866	1	1	1	0.534696073157612	1.87022132796781
GO:0099512	supramolecular fiber	CC	N0.HOG0000042	3	0.00101874	1	1	1	0.413125336202259	2.42057291666667
GO:0110165	cellular anatomical structure	CC	N0.HOG0000042	3	0.00101874	1	1	8	7.49865519096288	1.06685796269727
GO:0110165	cellular anatomical structure	CC	N0.HOG0000050	11	0.000801973	1	1	8	7.49865519096288	1.06685796269727
GO:0110165	cellular anatomical structure	CC	N0.HOG0000108	8	0.000943866	1	1	8	7.49865519096288	1.06685796269727
GO:0110165	cellular anatomical structure	CC	N0.HOG0000114	6	2.43212e-08	1	1	8	7.49865519096288	1.06685796269727
GO:0110165	cellular anatomical structure	CC	N0.HOG0000155	2	0.00304223	1	1	8	7.49865519096288	1.06685796269727
GO:0110165	cellular anatomical structure	CC	N0.HOG0000162	2	0.00695568	1	1	8	7.49865519096288	1.06685796269727
GO:0110165	cellular anatomical structure	CC	N0.HOG0000504	3	8.39423e-05	1	1	8	7.49865519096288	1.06685796269727
GO:0110165	cellular anatomical structure	CC	N0.HOG0000814	2	0.00304223	1	1	8	7.49865519096288	1.06685796269727
GO:0120025	plasma membrane bounded cell projection	CC	N0.HOG0000050	11	0.000801973	1	1	1	1.37062937062937	0.729591836734694
GO:1990904	ribonucleoprotein complex	CC	N0.HOG0000042	3	0.00101874	1	1	1	0.773534158149543	1.29276773296245
GO:0004312	fatty acid synthase activity	MF	N0.HOG0000114	6	2.43212e-08	6.3e-05	6.3e-05	2	0.0107584722969338	185.9
GO:0004312	fatty acid synthase activity	MF	N0.HOG0000162	2	0.00695568	6.3e-05	6.3e-05	2	0.0107584722969338	185.9
GO:0004586	ornithine decarboxylase activity	MF	N0.HOG0000504	3	8.39423e-05	0.0025	0.0025	1	0.00215169445938677	464.75
GO:0004745	all-trans-retinol dehydrogenase (NAD+) activity	MF	N0.HOG0000814	2	0.00304223	0.0063	0.0063	1	0.00537923614846692	185.9
GO:0009922	fatty acid elongase activity	MF	N0.HOG0000162	2	0.00695568	0.0063	0.0063	1	0.00537923614846692	185.9
GO:1990948	ubiquitin ligase inhibitor activity	MF	N0.HOG0000042	3	0.00101874	0.0076	0.0076	1	0.0064550833781603	154.916666666667
GO:0070402	NADPH binding	MF	N0.HOG0000114	6	2.43212e-08	0.0126	0.0126	1	0.0107584722969338	92.95
GO:0042975	peroxisome proliferator activated receptor binding	MF	N0.HOG0000042	3	0.00101874	0.0151	0.0151	1	0.0129101667563206	77.4583333333333
GO:0008097	5S rRNA binding	MF	N0.HOG0000042	3	0.00101874	0.0201	0.0201	1	0.0172135556750941	58.09375
GO:0004984	olfactory receptor activity	MF	N0.HOG0000050	11	0.000801973	0.0288	0.0288	1	0.0247444862829478	40.4130434782609
GO:0005549	odorant binding	MF	N0.HOG0000050	11	0.000801973	0.0313	0.0313	1	0.0268961807423346	37.18
GO:0004222	metalloendopeptidase activity	MF	N0.HOG0000108	8	0.000943866	0.0521	0.0521	1	0.0451855836471221	22.1309523809524
GO:0008201	heparin binding	MF	N0.HOG0000155	2	0.00304223	0.0569	0.0569	1	0.0494889725658956	20.2065217391304
GO:0004252	serine-type endopeptidase activity	MF	N0.HOG0000108	8	0.000943866	0.0808	0.0808	1	0.0710059171597633	14.0833333333333
GO:0031490	chromatin DNA binding	MF	N0.HOG0000155	2	0.00304223	0.0995	0.0995	1	0.0882194728348575	11.3353658536585
GO:0003697	single-stranded DNA binding	MF	N0.HOG0000114	6	2.43212e-08	0.1145	0.1145	1	0.102205486820871	9.78421052631579
GO:0042803	protein homodimerization activity	MF	N0.HOG0000114	6	2.43212e-08	0.1731	0.1731	2	0.646584185045724	3.09317803660566
GO:0042803	protein homodimerization activity	MF	N0.HOG0000504	3	8.39423e-05	0.1731	0.1731	2	0.646584185045724	3.09317803660566
GO:0003735	structural constituent of ribosome	MF	N0.HOG0000042	3	0.00101874	0.1871	0.1871	1	0.173211403980635	5.77329192546584
GO:0003779	actin binding	MF	N0.HOG0000042	3	0.00101874	0.2122	0.2122	1	0.199031737493276	5.02432432432433
GO:0031625	ubiquitin protein ligase binding	MF	N0.HOG0000042	3	0.00101874	0.2416	0.2416	1	0.230231307154384	4.34345794392523
GO:0008134	transcription factor binding	MF	N0.HOG0000814	2	0.00304223	0.4861	0.4861	1	0.541151156535772	1.8479125248509
GO:1901363	heterocyclic compound binding	MF	N0.HOG0000042	3	0.00101874	0.5354	0.5354	3	2.02044109736417	1.48482428115016
GO:1901363	heterocyclic compound binding	MF	N0.HOG0000114	6	2.43212e-08	0.5354	0.5354	3	2.02044109736417	1.48482428115016
GO:1901363	heterocyclic compound binding	MF	N0.HOG0000155	2	0.00304223	0.5354	0.5354	3	2.02044109736417	1.48482428115016
GO:0043168	anion binding	MF	N0.HOG0000114	6	2.43212e-08	0.5878	0.5878	2	0.815492200107585	2.45250659630607
GO:0043168	anion binding	MF	N0.HOG0000155	2	0.00304223	0.5878	0.5878	2	0.815492200107585	2.45250659630607
GO:0140110	transcription regulator activity	MF	N0.HOG0000814	2	0.00304223	0.6827	0.6827	1	0.905863367401829	1.10391923990499
GO:0000166	nucleotide binding	MF	N0.HOG0000114	6	2.43212e-08	1	1	1	0.49919311457773	2.00323275862069
GO:0003674	molecular_function	MF	N0.HOG0000042	3	0.00101874	1	1	8	6.7810650887574	1.17975567190227
GO:0003674	molecular_function	MF	N0.HOG0000050	11	0.000801973	1	1	8	6.7810650887574	1.17975567190227
GO:0003674	molecular_function	MF	N0.HOG0000108	8	0.000943866	1	1	8	6.7810650887574	1.17975567190227
GO:0003674	molecular_function	MF	N0.HOG0000114	6	2.43212e-08	1	1	8	6.7810650887574	1.17975567190227
GO:0003674	molecular_function	MF	N0.HOG0000155	2	0.00304223	1	1	8	6.7810650887574	1.17975567190227
GO:0003674	molecular_function	MF	N0.HOG0000162	2	0.00695568	1	1	8	6.7810650887574	1.17975567190227
GO:0003674	molecular_function	MF	N0.HOG0000504	3	8.39423e-05	1	1	8	6.7810650887574	1.17975567190227
GO:0003674	molecular_function	MF	N0.HOG0000814	2	0.00304223	1	1	8	6.7810650887574	1.17975567190227
GO:0003676	nucleic acid binding	MF	N0.HOG0000042	3	0.00101874	1	1	3	1.57288864981173	1.90731874145007
GO:0003676	nucleic acid binding	MF	N0.HOG0000114	6	2.43212e-08	1	1	3	1.57288864981173	1.90731874145007
GO:0003676	nucleic acid binding	MF	N0.HOG0000155	2	0.00304223	1	1	3	1.57288864981173	1.90731874145007
GO:0003677	DNA binding	MF	N0.HOG0000114	6	2.43212e-08	1	1	2	0.961807423345885	2.07941834451902
GO:0003677	DNA binding	MF	N0.HOG0000155	2	0.00304223	1	1	2	0.961807423345885	2.07941834451902
GO:0003682	chromatin binding	MF	N0.HOG0000155	2	0.00304223	1	1	1	0.490586336740183	2.03837719298246
GO:0003723	RNA binding	MF	N0.HOG0000042	3	0.00101874	1	1	1	0.745562130177515	1.34126984126984
GO:0003824	catalytic activity	MF	N0.HOG0000108	8	0.000943866	1	1	5	3.17482517482517	1.57488986784141
GO:0003824	catalytic activity	MF	N0.HOG0000114	6	2.43212e-08	1	1	5	3.17482517482517	1.57488986784141
GO:0003824	catalytic activity	MF	N0.HOG0000162	2	0.00695568	1	1	5	3.17482517482517	1.57488986784141
GO:0003824	catalytic activity	MF	N0.HOG0000504	3	8.39423e-05	1	1	5	3.17482517482517	1.57488986784141
GO:0003824	catalytic activity	MF	N0.HOG0000814	2	0.00304223	1	1	5	3.17482517482517	1.57488986784141
GO:0004022	alcohol dehydrogenase (NAD+) activity	MF	N0.HOG0000814	2	0.00304223	1	1	1	0.00753093060785368	132.785714285714
GO:0004175	endopeptidase activity	MF	N0.HOG0000108	8	0.000943866	1	1	1	0.180742334588488	5.5327380952381
GO:0004857	enzyme inhibitor activity	MF	N0.HOG0000042	3	0.00101874	1	1	1	0.159225389994621	6.28040540540541
GO:0004888	transmembrane signaling receptor activity	MF	N0.HOG0000050	11	0.000801973	1	1	1	0.247444862829478	4.04130434782609
GO:0005102	signaling receptor binding	MF	N0.HOG0000042	3	0.00101874	1	1	1	0.71866594943518	1.39146706586826
GO:0005198	structural molecule activity	MF	N0.HOG0000042	3	0.00101874	1	1	1	0.472296933835395	2.11731207289294
GO:0005488	binding	MF	N0.HOG0000042	3	0.00101874	1	1	6	5.14039806347499	1.16722478024278
GO:0005488	binding	MF	N0.HOG0000050	11	0.000801973	1	1	6	5.14039806347499	1.16722478024278
GO:0005488	binding	MF	N0.HOG0000114	6	2.43212e-08	1	1	6	5.14039806347499	1.16722478024278
GO:0005488	binding	MF	N0.HOG0000155	2	0.00304223	1	1	6	5.14039806347499	1.16722478024278
GO:0005488	binding	MF	N0.HOG0000504	3	8.39423e-05	1	1	6	5.14039806347499	1.16722478024278
GO:0005488	binding	MF	N0.HOG0000814	2	0.00304223	1	1	6	5.14039806347499	1.16722478024278
GO:0005515	protein binding	MF	N0.HOG0000042	3	0.00101874	1	1	4	3.96987627756858	1.00758807588076
GO:0005515	protein binding	MF	N0.HOG0000114	6	2.43212e-08	1	1	4	3.96987627756858	1.00758807588076
GO:0005515	protein binding	MF	N0.HOG0000504	3	8.39423e-05	1	1	4	3.96987627756858	1.00758807588076
GO:0005515	protein binding	MF	N0.HOG0000814	2	0.00304223	1	1	4	3.96987627756858	1.00758807588076
GO:0005539	glycosaminoglycan binding	MF	N0.HOG0000155	2	0.00304223	1	1	1	0.0742334588488435	13.4710144927536
GO:0008092	cytoskeletal protein binding	MF	N0.HOG0000042	3	0.00101874	1	1	1	0.573426573426573	1.74390243902439
GO:0008233	peptidase activity	MF	N0.HOG0000108	8	0.000943866	1	1	1	0.28617536309844	3.49436090225564
GO:0008236	serine-type peptidase activity	MF	N0.HOG0000108	8	0.000943866	1	1	1	0.0817643894566971	12.2302631578947
GO:0008237	metallopeptidase activity	MF	N0.HOG0000108	8	0.000943866	1	1	1	0.0839160839160839	11.9166666666667
GO:0016491	oxidoreductase activity	MF	N0.HOG0000814	2	0.00304223	1	1	1	0.428187197417967	2.33542713567839
GO:0016614	oxidoreductase activity, acting on CH-OH group of donors	MF	N0.HOG0000814	2	0.00304223	1	1	1	0.0720817643894567	13.8731343283582
GO:0016616	oxidoreductase activity, acting on the CH-OH group of donors, NAD or NADP as acceptor	MF	N0.HOG0000814	2	0.00304223	1	1	1	0.0656266810112964	15.2377049180328
GO:0016740	transferase activity	MF	N0.HOG0000114	6	2.43212e-08	1	1	2	1.27487896718666	1.56877637130802
GO:0016740	transferase activity	MF	N0.HOG0000162	2	0.00695568	1	1	2	1.27487896718666	1.56877637130802
GO:0016746	acyltransferase activity	MF	N0.HOG0000114	6	2.43212e-08	1	1	2	0.390532544378698	5.12121212121212
GO:0016746	acyltransferase activity	MF	N0.HOG0000162	2	0.00695568	1	1	2	0.390532544378698	5.12121212121212
GO:0016747	acyltransferase activity, transferring groups other than amino-acyl groups	MF	N0.HOG0000114	6	2.43212e-08	1	1	2	0.132329209252286	15.1138211382114
GO:0016747	acyltransferase activity, transferring groups other than amino-acyl groups	MF	N0.HOG0000162	2	0.00695568	1	1	2	0.132329209252286	15.1138211382114
GO:0016787	hydrolase activity	MF	N0.HOG0000108	8	0.000943866	1	1	1	1.39214631522324	0.718315301391036
GO:0016829	lyase activity	MF	N0.HOG0000504	3	8.39423e-05	1	1	1	0.123722431414739	8.08260869565218
GO:0016830	carbon-carbon lyase activity	MF	N0.HOG0000504	3	8.39423e-05	1	1	1	0.0430338891877353	23.2375
GO:0016831	carboxy-lyase activity	MF	N0.HOG0000504	3	8.39423e-05	1	1	1	0.0268961807423346	37.18
GO:0017076	purine nucleotide binding	MF	N0.HOG0000114	6	2.43212e-08	1	1	1	0.447552447552448	2.234375
GO:0017171	serine hydrolase activity	MF	N0.HOG0000108	8	0.000943866	1	1	1	0.0882194728348575	11.3353658536585
GO:0018455	alcohol dehydrogenase [NAD(P)+] activity	MF	N0.HOG0000814	2	0.00304223	1	1	1	0.0193652501344809	51.6388888888889
GO:0019843	rRNA binding	MF	N0.HOG0000042	3	0.00101874	1	1	1	0.0570199031737493	17.5377358490566
GO:0019899	enzyme binding	MF	N0.HOG0000042	3	0.00101874	1	1	1	1.47713824636902	0.676984705025492
GO:0030234	enzyme regulator activity	MF	N0.HOG0000042	3	0.00101874	1	1	1	0.617536309844002	1.61933797909408
GO:0030554	adenyl nucleotide binding	MF	N0.HOG0000114	6	2.43212e-08	1	1	1	0.332436793975256	3.00809061488673
GO:0036094	small molecule binding	MF	N0.HOG0000042	3	0.00101874	1	1	3	2.75309306078537	1.08968347010551
GO:0036094	small molecule binding	MF	N0.HOG0000114	6	2.43212e-08	1	1	3	2.75309306078537	1.08968347010551
GO:0036094	small molecule binding	MF	N0.HOG0000155	2	0.00304223	1	1	3	2.75309306078537	1.08968347010551
GO:0038023	signaling receptor activity	MF	N0.HOG0000050	11	0.000801973	1	1	1	0.351802044109736	2.84250764525994
GO:0042802	identical protein binding	MF	N0.HOG0000114	6	2.43212e-08	1	1	2	1.13071543840775	1.76879162702188
GO:0042802	identical protein binding	MF	N0.HOG0000504	3	8.39423e-05	1	1	2	1.13071543840775	1.76879162702188
GO:0043167	ion binding	MF	N0.HOG0000114	6	2.43212e-08	1	1	2	1.37385691231845	1.45575567736883
GO:0043167	ion binding	MF	N0.HOG0000155	2	0.00304223	1	1	2	1.37385691231845	1.45575567736883
GO:0044389	ubiquitin-like protein ligase binding	MF	N0.HOG0000042	3	0.00101874	1	1	1	0.240989779451318	4.14955357142857
GO:0046983	protein dimerization activity	MF	N0.HOG0000114	6	2.43212e-08	1	1	2	0.85852608929532	2.32957393483709
GO:0046983	protein dimerization activity	MF	N0.HOG0000504	3	8.39423e-05	1	1	2	0.85852608929532	2.32957393483709
GO:0050661	NADP binding	MF	N0.HOG0000114	6	2.43212e-08	1	1	1	0.0311995696611081	32.051724137931
GO:0055105	ubiquitin-protein transferase inhibitor activity	MF	N0.HOG0000042	3	0.00101874	1	1	1	0.00968262506724045	103.277777777778
GO:0055106	ubiquitin-protein transferase regulator activity	MF	N0.HOG0000042	3	0.00101874	1	1	1	0.0182894029047875	54.6764705882353
GO:0060089	molecular transducer activity	MF	N0.HOG0000050	11	0.000801973	1	1	1	0.357181280258203	2.79969879518072
GO:0097367	carbohydrate derivative binding	MF	N0.HOG0000155	2	0.00304223	1	1	1	0.561592253899946	1.78065134099617
GO:0098772	molecular function regulator activity	MF	N0.HOG0000042	3	0.00101874	1	1	1	0.748789671866595	1.33548850574713
GO:0140096	catalytic activity, acting on a protein	MF	N0.HOG0000108	8	0.000943866	1	1	1	1.235072619688	0.809668989547038
GO:0140678	molecular function inhibitor activity	MF	N0.HOG0000042	3	0.00101874	1	1	1	0.183969876277569	5.43567251461988
GO:1901265	nucleoside phosphate binding	MF	N0.HOG0000114	6	2.43212e-08	1	1	1	0.500268961807423	1.9989247311828
GO:1901681	sulfur compound binding	MF	N0.HOG0000155	2	0.00304223	1	1	1	0.117267348036579	8.52752293577982
